post_timestamp,post_title,post_content,Lap_Label,LapNumber,combined_raw_text,processed_text,LABEL_5,LABEL_1,LABEL_3,LABEL_0,LABEL_2,LABEL_4
2024-08-25 22:00:00,유죄남은 역대급이다 ㅋㅋㅋㅋ,,Before Lap,,유죄남은 역대급이다 ㅋㅋㅋㅋ ,유죄남은 역대급이다 ㅋㅋㅋㅋ,0.2685817778110504,0.2081431895494461,0.19250166416168213,0.14988140761852264,0.12383099645376205,0.05706097185611725
2024-08-25 22:00:21,시작 전에 올려드리자,"대 종 신
- dc official App",Before Lap,,"시작 전에 올려드리자 대 종 신
- dc official App",시작 전에 올려드리자 대 종 신,0.07535937428474426,0.12964025139808655,0.6466325521469116,0.0636933445930481,0.034458015114068985,0.050216417759656906
2024-08-25 22:00:24,중계 연습) 노리스가 8위로 추락합니다!!!,,Before Lap,,중계 연습) 노리스가 8위로 추락합니다!!! ,중계 연습) 노리스가 8위로 추락합니다!!!,0.27378568053245544,0.26838478446006775,0.18352651596069336,0.10203051567077637,0.10621000826358795,0.06606248021125793
2024-08-25 22:00:27,독기에 찬 투무브 ㄷㄷ,,Before Lap,,독기에 찬 투무브 ㄷㄷ ,독기에 찬 투무브 ㄷㄷ,0.3466900587081909,0.19452421367168427,0.13547459244728088,0.13126273453235626,0.11753206700086594,0.07451634854078293
2024-08-25 22:00:39,안캐쇼 ㅁㅊㅋㅋ 연말에 모음집 누가 만들어줬으면ㅋㅋ,지난주 방학 때 보니까 레알 마드리드 경기에서도 해설 비슷하게 하더라ㅋㅋ,Before Lap,,안캐쇼 ㅁㅊㅋㅋ 연말에 모음집 누가 만들어줬으면ㅋㅋ 지난주 방학 때 보니까 레알 마드리드 경기에서도 해설 비슷하게 하더라ㅋㅋ,안캐쇼 ㅁㅊㅋㅋ 연말에 모음집 누가 만들어줬으면ㅋㅋ 지난주 방학 때 보니까 레알 마드리드 경기에서도 해설 비슷하게 하더라ㅋㅋ,0.09570275247097015,0.14117909967899323,0.6453067064285278,0.05350543558597565,0.03518260642886162,0.029123393818736076
2024-08-25 22:00:47,부우웅~~,ㄷㄱㅈ~,Before Lap,,부우웅~~ ㄷㄱㅈ~,부우웅~~ ㄷㄱㅈ~,0.06367228925228119,0.104096919298172,0.7181611657142639,0.0536019541323185,0.024533811956644058,0.035933900624513626
2024-08-25 22:00:50,ㅅㅂ 포메이션 랩 스타트부터 따이노ㅋㅋ,- dc official App,Before Lap,,ㅅㅂ 포메이션 랩 스타트부터 따이노ㅋㅋ - dc official App,ㅅㅂ 포메이션 랩 스타트부터 따이노ㅋㅋ - dc official App,0.1464989334344864,0.2554378807544708,0.24983373284339905,0.1989150196313858,0.06158341467380524,0.08773092925548553
2024-08-25 22:00:52,피아제가 뒤에 있는 노xx <- 스타트 디버프 존나 쎔,- dc official App,Before Lap,,피아제가 뒤에 있는 노xx <- 스타트 디버프 존나 쎔 - dc official App,피아제가 뒤에 있는 노xx <- 스타트 디버프 존나 쎔 - dc official App,0.32714149355888367,0.2075606733560562,0.21112917363643646,0.12069078534841537,0.07641154527664185,0.057066284120082855
2024-08-25 22:00:52,정찰랩 안도나 이번엔?,음,Before Lap,,정찰랩 안도나 이번엔? 음,정찰랩 안도나 이번엔? 음,0.31754884123802185,0.24588437378406525,0.16484862565994263,0.09595239907503128,0.0858418345451355,0.08992398530244827
2024-08-25 22:00:55,포메이션 스타트도 막스가 빠르네,흐음..,Before Lap,,포메이션 스타트도 막스가 빠르네 흐음..,포메이션 스타트도 막스가 빠르네 흐음..,0.3055587112903595,0.2560476064682007,0.20401957631111145,0.08958981186151505,0.09547204524278641,0.04931221529841423
2024-08-25 22:00:56,자우버 유쾌한 반란 기원,드가자,Before Lap,,자우버 유쾌한 반란 기원 드가자,자우버 유쾌한 반란 기원 드가자,0.07887472212314606,0.11821410804986954,0.6776496767997742,0.05811307951807976,0.029316682368516922,0.03783169016242027
2024-08-25 22:00:58,츠햄보 소프트 ㅋㅋㅋ,,Before Lap,,츠햄보 소프트 ㅋㅋㅋ ,츠햄보 소프트 ㅋㅋㅋ,0.07487406581640244,0.11086897552013397,0.6966639161109924,0.06159729138016701,0.023381223902106285,0.03261452168226242
2024-08-25 22:01:02,쿠플은 안캐쇼 하이라이트를 올려라,- dc official App,Before Lap,,쿠플은 안캐쇼 하이라이트를 올려라 - dc official App,쿠플은 안캐쇼 하이라이트를 올려라 - dc official App,0.20106641948223114,0.21933242678642273,0.3550218343734741,0.10801274329423904,0.036493849009275436,0.08007269352674484
2024-08-25 22:01:05,막스 ㅎㅇㅌ,우승가즈아,Before Lap,,막스 ㅎㅇㅌ 우승가즈아,막스 ㅎㅇㅌ 우승가즈아,0.09046846628189087,0.12883558869361877,0.6471630930900574,0.06022718548774719,0.03548841550946236,0.037817273288965225
2024-08-25 22:01:15,"츠노다햄보 소프트 스타트, 케이막 하드 스타트",나머지 전부 미디엄 스타트,Before Lap,,"츠노다햄보 소프트 스타트, 케이막 하드 스타트 나머지 전부 미디엄 스타트","츠노다햄보 소프트 스타트, 케이막 하드 스타트 나머지 전부 미디엄 스타트",0.140579491853714,0.1735725700855255,0.5250180959701538,0.08339709043502808,0.03265393525362015,0.04477885738015175
2024-08-25 22:01:17,방학 다 지났노,내 방학도 씨발!!!!!!!,Before Lap,,방학 다 지났노 내 방학도 씨발!!!!!!!,방학 다 지났노 내 방학도 씨발!!!!!!!,0.0886177197098732,0.20913845300674438,0.18225394189357758,0.26662886142730713,0.04034222662448883,0.21301870048046112
2024-08-25 22:01:20,타이어 예상가능전락 찍어놈,"참고 ㄱㄱ
- dc official App",Before Lap,,"타이어 예상가능전락 찍어놈 참고 ㄱㄱ
- dc official App",타이어 예상가능전락 찍어놈 참고 ㄱㄱ,0.20011962950229645,0.19819596409797668,0.41373497247695923,0.07874061167240143,0.05519503355026245,0.054013751447200775
2024-08-25 22:01:24,미하소가 국룰인가,미소소로도 갈 수 있나?,Before Lap,,미하소가 국룰인가 미소소로도 갈 수 있나?,미하소가 국룰인가 미소소로도 갈 수 있나?,0.2849710285663605,0.22270765900611877,0.2778742015361786,0.08238814026117325,0.08461497724056244,0.04744395986199379
2024-08-25 22:01:27,스타트 예측 해봄,"1코너후 피 막 노
예상해본다
노리스 또 막가놈 막다가 처짐
- dc official App",Before Lap,,"스타트 예측 해봄 1코너후 피 막 노
예상해본다
노리스 또 막가놈 막다가 처짐
- dc official App",스타트 예측 해봄 1코너후 피 막 노 예상해본다 노리스 또 막가놈 막다가 처짐,0.3140502870082855,0.2509330213069916,0.15379220247268677,0.11118092387914658,0.06603885442018509,0.10400470346212387
2024-08-25 22:01:28,포랩입갤 ㅋㅋㅋㅋ,ㅋㅋㅋㅋㅋ,Before Lap,,포랩입갤 ㅋㅋㅋㅋ ㅋㅋㅋㅋㅋ,포랩입갤 ㅋㅋㅋㅋ ㅋㅋㅋㅋㅋ,0.07499190419912338,0.10838533192873001,0.702312171459198,0.05745106190443039,0.024501405656337738,0.03235809504985809
2024-08-25 22:01:32,쥬지 또 도박가나 ㅋㅋㅋㅋㅋㅋㅋㅋㅋ,,Before Lap,,쥬지 또 도박가나 ㅋㅋㅋㅋㅋㅋㅋㅋㅋ ,쥬지 또 도박가나 ㅋㅋㅋㅋㅋㅋㅋㅋㅋ,0.14107628166675568,0.229751855134964,0.4101637303829193,0.10990097373723984,0.05376766622066498,0.055339425802230835
2024-08-25 22:01:42,4.5만 자전거 관중은ㅋㅋㅋㅋㅋ,,Before Lap,,4.5만 자전거 관중은ㅋㅋㅋㅋㅋ ,4.5만 자전거 관중은ㅋㅋㅋㅋㅋ,0.28470951318740845,0.2680400311946869,0.11510311812162399,0.15374304354190826,0.08907845616340637,0.08932580798864365
2024-08-25 22:01:47,쉬프팅하는거 처음보네,,Before Lap,,쉬프팅하는거 처음보네 ,쉬프팅하는거 처음보네,0.3504848778247833,0.22215498983860016,0.15434785187244415,0.12051602452993393,0.10250931978225708,0.04998695105314255
2024-08-25 22:01:48,얼마만의 레이스인가 크,,Before Lap,,얼마만의 레이스인가 크 ,얼마만의 레이스인가 크,0.08160293847322464,0.1395556926727295,0.6639742255210876,0.05506083369255066,0.02573886327445507,0.034067463129758835
2024-08-25 22:01:47,어제부터 소리 나만 이상함?,차 지나갈 때 공기소리 ㅈㄴ 들리는 느낌이노,Before Lap,,어제부터 소리 나만 이상함? 차 지나갈 때 공기소리 ㅈㄴ 들리는 느낌이노,어제부터 소리 나만 이상함? 차 지나갈 때 공기소리 ㅈㄴ 들리는 느낌이노,0.2902224063873291,0.23947478830814362,0.10156497359275818,0.1536272019147873,0.11050473153591156,0.10460588335990906
2024-08-25 22:01:54,시발 츠노다 소프트 50랩 함 해봐?,안될거 머있노?,Before Lap,,시발 츠노다 소프트 50랩 함 해봐? 안될거 머있노?,시발 츠노다 소프트 50랩 함 해봐? 안될거 머있노?,0.15603338181972504,0.18501536548137665,0.2162124067544937,0.2549360692501068,0.0613066665828228,0.1264960616827011
2024-08-25 22:01:55,국왕님 로켓 스타트 드개재,,Before Lap,,국왕님 로켓 스타트 드개재 ,국왕님 로켓 스타트 드개재,0.06660690158605576,0.11893105506896973,0.6940351724624634,0.05299314856529236,0.027802370488643646,0.03963138535618782
2024-08-25 22:01:56,자전거 임피딩은 ㅋㅋㅋㅋㅋ,ㅋㅋㅋㅋ,Before Lap,,자전거 임피딩은 ㅋㅋㅋㅋㅋ ㅋㅋㅋㅋ,자전거 임피딩은 ㅋㅋㅋㅋㅋ ㅋㅋㅋㅋ,0.08732470124959946,0.13403856754302979,0.6476864814758301,0.06928183138370514,0.025851674377918243,0.03581679239869118
2024-08-25 22:01:56,자전거 임피딩은 ㅅㅂ ㅋㅋㅋ,,Before Lap,,자전거 임피딩은 ㅅㅂ ㅋㅋㅋ ,자전거 임피딩은 ㅅㅂ ㅋㅋㅋ,0.154445081949234,0.2659918963909149,0.12112791836261749,0.2482588291168213,0.05648692697286606,0.1536894142627716
2024-08-25 22:02:00,오늘 소리가 좀 먼가먼가인데,흠,Before Lap,,오늘 소리가 좀 먼가먼가인데 흠,오늘 소리가 좀 먼가먼가인데 흠,0.28502508997917175,0.2789676785469055,0.13705837726593018,0.10967003554105759,0.08982975035905838,0.09944911301136017
2024-08-25 22:02:02,자전거 임피딩ㅋㅋㅋㅋ,- dc official App,Before Lap,,자전거 임피딩ㅋㅋㅋㅋ - dc official App,자전거 임피딩ㅋㅋㅋㅋ - dc official App,0.09121356159448624,0.11292637139558792,0.6762920618057251,0.0638754665851593,0.024079706519842148,0.03161276504397392
2024-08-25 22:02:02,자전거 임피딩 ㅋㅋㅋㅋ,,Before Lap,,자전거 임피딩 ㅋㅋㅋㅋ ,자전거 임피딩 ㅋㅋㅋㅋ,0.07553120702505112,0.1107528880238533,0.6984376311302185,0.05998607724905014,0.023208564147353172,0.03208363801240921
2024-08-25 22:02:03,30만 와 ㅋㅋㅋㅋㅋ,,Before Lap,,30만 와 ㅋㅋㅋㅋㅋ ,30만 와 ㅋㅋㅋㅋㅋ,0.17165470123291016,0.17577247321605682,0.5021278262138367,0.06753847002983093,0.05194571241736412,0.030960794538259506
2024-08-25 22:02:01,서로 임피딩ㅋㅋㅋㅋ,,Before Lap,,서로 임피딩ㅋㅋㅋㅋ ,서로 임피딩ㅋㅋㅋㅋ,0.0739564374089241,0.10977829992771149,0.7040358781814575,0.055410176515579224,0.024399807676672935,0.032419390976428986
2024-08-25 22:02:06,엄ㅋㅋㅋ,ㅋㅋㅋㅋ,Before Lap,,엄ㅋㅋㅋ ㅋㅋㅋㅋ,엄ㅋㅋㅋ ㅋㅋㅋㅋ,0.08756551146507263,0.12686198949813843,0.6714437007904053,0.0581166036427021,0.025069093331694603,0.030943073332309723
2024-08-25 22:02:10,올해 처음보는데,올해 입덕했는데 노리스 우승 보고싶네요,Before Lap,,올해 처음보는데 올해 입덕했는데 노리스 우승 보고싶네요,올해 처음보는데 올해 입덕했는데 노리스 우승 보고싶네요,0.16403032839298248,0.1856544464826584,0.49437111616134644,0.06775996834039688,0.05406828969717026,0.03411583602428436
2024-08-25 22:02:11,누리스 스타트 찐빠보다 맥 전략 찐빠가 정배임ㅋㅋ,피트스탑 2번 다 조질거라 본다,Before Lap,,누리스 스타트 찐빠보다 맥 전략 찐빠가 정배임ㅋㅋ 피트스탑 2번 다 조질거라 본다,누리스 스타트 찐빠보다 맥 전략 찐빠가 정배임ㅋㅋ 피트스탑 2번 다 조질거라 본다,0.19770513474941254,0.17044857144355774,0.41083693504333496,0.1045476496219635,0.06033708527684212,0.056124571710824966
2024-08-25 22:02:21,경 퀄리 박고 소프트 스타트 처음 아니지 앟냐,"기시감 느껴지는데
근래 비슷한게 잇엇던거 같고",Before Lap,,"경 퀄리 박고 소프트 스타트 처음 아니지 앟냐 기시감 느껴지는데
근래 비슷한게 잇엇던거 같고",경 퀄리 박고 소프트 스타트 처음 아니지 앟냐 기시감 느껴지는데 근래 비슷한게 잇엇던거 같고,0.3134365379810333,0.2770020067691803,0.14546355605125427,0.09674567729234695,0.08586014807224274,0.08149207383394241
2024-08-25 22:02:27,미그누센은 피트레인에거 출발합니까?,"ㅠㅠ?
- dc official App",Before Lap,,"미그누센은 피트레인에거 출발합니까? ㅠㅠ?
- dc official App",미그누센은 피트레인에거 출발합니까? ㅠㅠ?,0.26536622643470764,0.2881963849067688,0.13041624426841736,0.11382652819156647,0.08036237955093384,0.12183227390050888
2024-08-25 22:02:30,노리스가 바보도 아니고,스타트에서 따이겠노,Before Lap,,노리스가 바보도 아니고 스타트에서 따이겠노,노리스가 바보도 아니고 스타트에서 따이겠노,0.3415144383907318,0.2363758683204651,0.0751534253358841,0.14114338159561157,0.09125208109617233,0.11456082761287689
2024-08-25 22:02:37,ㅋㅋㅋㅋ오늘 안캐 삘받았노 ㅋㅋㅋ,"거를 타선이 없다
- dc official App",1,1.0,"ㅋㅋㅋㅋ오늘 안캐 삘받았노 ㅋㅋㅋ 거를 타선이 없다
- dc official App",ㅋㅋㅋㅋ오늘 안캐 삘받았노 ㅋㅋㅋ 거를 타선이 없다,0.055557236075401306,0.1201552078127861,0.6978710293769836,0.055088602006435394,0.026197392493486404,0.04513050988316536
2024-08-25 22:02:41,프로스트 라우다 ㅋㅋㅋㅋㅋㅋㅋ,ㅋ ㅋㅋ,1,1.0,프로스트 라우다 ㅋㅋㅋㅋㅋㅋㅋ ㅋ ㅋㅋ,프로스트 라우다 ㅋㅋㅋㅋㅋㅋㅋ ㅋ ㅋㅋ,0.0850629135966301,0.12636972963809967,0.6566749811172485,0.07107800990343094,0.025441044941544533,0.03537334129214287
2024-08-25 22:02:43,뱅크 진짜 엄청나긴 하네,,1,1.0,뱅크 진짜 엄청나긴 하네 ,뱅크 진짜 엄청나긴 하네,0.3149960935115814,0.21342146396636963,0.22211256623268127,0.10238271206617355,0.09562475979328156,0.05146235600113869
2024-08-25 22:02:50,중연) 막스 베르스타펜이 노리스와 충돌합니다!!,,1,1.0,중연) 막스 베르스타펜이 노리스와 충돌합니다!! ,중연) 막스 베르스타펜이 노리스와 충돌합니다!!,0.2668295204639435,0.22077514231204987,0.3046194314956665,0.09268508851528168,0.06491752713918686,0.05017326399683952
2024-08-25 22:02:53,드걔재 드걔재 드걔재,ㅇ,1,1.0,드걔재 드걔재 드걔재 ㅇ,드걔재 드걔재 드걔재 ㅇ,0.11176037043333054,0.15983478724956512,0.5678552985191345,0.08803269267082214,0.02932905964553356,0.04318787530064583
2024-08-25 22:02:58,근데 네덜란드는 왜 오렌지색임?,오렌지 특산물임?,1,1.0,근데 네덜란드는 왜 오렌지색임? 오렌지 특산물임?,근데 네덜란드는 왜 오렌지색임? 오렌지 특산물임?,0.3423364758491516,0.23837240040302277,0.1558728814125061,0.10589058697223663,0.0858101025223732,0.07171750068664551
2024-08-25 22:02:58,드가자 ㅋㅋㅋㅋㅋ,,1,1.0,드가자 ㅋㅋㅋㅋㅋ ,드가자 ㅋㅋㅋㅋㅋ,0.07002782076597214,0.11003421247005463,0.7035560011863708,0.05551791563630104,0.024997830390930176,0.035866204649209976
2024-08-25 22:03:06,시동을~~~~~걸겠습니다~~~,- dc official App,1,1.0,시동을~~~~~걸겠습니다~~~ - dc official App,시동을~~~~~걸겠습니다~~~ - dc official App,0.10997355729341507,0.13999228179454803,0.6080974340438843,0.06782282888889313,0.032323092222213745,0.04179085046052933
2024-08-25 22:03:12,몽골 최근에 우승 못하니까 ㅈㄴ 간절해지네,뭔가 전엔 설렁설렁 봤는데 이젠 아님;;,1,1.0,몽골 최근에 우승 못하니까 ㅈㄴ 간절해지네 뭔가 전엔 설렁설렁 봤는데 이젠 아님;;,몽골 최근에 우승 못하니까 ㅈㄴ 간절해지네 뭔가 전엔 설렁설렁 봤는데 이젠 아님;;,0.2053118348121643,0.34663933515548706,0.08393803983926773,0.12733328342437744,0.11034475266933441,0.12643280625343323
2024-08-25 22:03:11,오늘까지 스타트에서 따이면 걍 월챔은 꿈도꾸지 말아야지,ㅋㅋ,1,1.0,오늘까지 스타트에서 따이면 걍 월챔은 꿈도꾸지 말아야지 ㅋㅋ,오늘까지 스타트에서 따이면 걍 월챔은 꿈도꾸지 말아야지 ㅋㅋ,0.25837013125419617,0.2941138744354248,0.08287308365106583,0.13812099397182465,0.1098075583577156,0.11671440303325653
2024-08-25 22:03:12,맥주먹으면서 보는 f1 이게 섹스지,레드불 화이팅,1,1.0,맥주먹으면서 보는 f1 이게 섹스지 레드불 화이팅,맥주먹으면서 보는 f1 이게 섹스지 레드불 화이팅,0.05357746407389641,0.11040147393941879,0.7184484004974365,0.05236959829926491,0.02657097950577736,0.03863203898072243
2024-08-25 22:03:14,팩트는 오늘로 르끌도 드챔 경쟁에 합류할거라는거임,"증명해라
- dc official App",1,1.0,"팩트는 오늘로 르끌도 드챔 경쟁에 합류할거라는거임 증명해라
- dc official App",팩트는 오늘로 르끌도 드챔 경쟁에 합류할거라는거임 증명해라,0.27461573481559753,0.2331809103488922,0.22321872413158417,0.10556583106517792,0.07821958512067795,0.08519918471574783
2024-08-25 22:03:16,육아휴직은 ㅇㅈ이제 ㅋㅋㅋㅋㅋ,ㅋㅋㅋㅋㅋ,1,1.0,육아휴직은 ㅇㅈ이제 ㅋㅋㅋㅋㅋ ㅋㅋㅋㅋㅋ,육아휴직은 ㅇㅈ이제 ㅋㅋㅋㅋㅋ ㅋㅋㅋㅋㅋ,0.10966147482395172,0.2036520391702652,0.4436967372894287,0.12113172560930252,0.05020571127533913,0.07165241241455078
2024-08-25 22:03:17,뱅크각 진짜 살벌하네,"주변 지형 살린 서킷 설계
진짜 배워야됨",1,1.0,"뱅크각 진짜 살벌하네 주변 지형 살린 서킷 설계
진짜 배워야됨",뱅크각 진짜 살벌하네 주변 지형 살린 서킷 설계 진짜 배워야됨,0.3012275695800781,0.21146820485591888,0.19538642466068268,0.10882710665464401,0.11634201556444168,0.06674870103597641
2024-08-25 22:03:19,믹슈 ㅋㅋㅋ 웃고있노 ㅋㅋ,,1,1.0,믹슈 ㅋㅋㅋ 웃고있노 ㅋㅋ ,믹슈 ㅋㅋㅋ 웃고있노 ㅋㅋ,0.07521901279687881,0.11372831463813782,0.6933337450027466,0.05524210259318352,0.025868268683552742,0.03660857677459717
2024-08-25 22:03:21,중연) 1-6등 전부 리타 애마 원투,,1,1.0,중연) 1-6등 전부 리타 애마 원투 ,중연) 1-6등 전부 리타 애마 원투,0.1624472290277481,0.18799073994159698,0.4674939215183258,0.0943683534860611,0.03894185274839401,0.04875790700316429
2024-08-25 22:03:31,IT'S LIGHTS OUT AND AWAY WE GO!!!!,- dc official App,1,1.0,IT'S LIGHTS OUT AND AWAY WE GO!!!! - dc official App,IT'S LIGHTS OUT AND AWAY WE GO!!!! - dc official App,0.12101475149393082,0.1362648904323578,0.6079357266426086,0.07032155245542526,0.027886753901839256,0.036576323211193085
2024-08-25 22:03:32,친자호소인 ㅋㅋㅋㅋㅋ,,1,1.0,친자호소인 ㅋㅋㅋㅋㅋ ,친자호소인 ㅋㅋㅋㅋㅋ,0.2666682302951813,0.22171030938625336,0.14141911268234253,0.19587236642837524,0.08832280337810516,0.08600720018148422
2024-08-25 22:03:38,ㄱㄱㄱㄱㄱㄱㄱㄱ,,1,1.0,ㄱㄱㄱㄱㄱㄱㄱㄱ ,ㄱㄱㄱㄱㄱㄱㄱㄱ,0.079371877014637,0.11198239028453827,0.6892430186271667,0.06012047454714775,0.024294381961226463,0.03498782962560654
2024-08-25 22:03:38,쥬지 가보자~~,,1,1.0,쥬지 가보자~~ ,쥬지 가보자~~,0.09228567779064178,0.12212471663951874,0.6556451320648193,0.06096652150154114,0.033332034945487976,0.03564600273966789
2024-08-25 22:03:39,첫랩 사고 오랜만에 좀 보자 ㅋㅋㅋ,ㅋㅋㅋ제발 ㅋㅋㅋ,1,1.0,첫랩 사고 오랜만에 좀 보자 ㅋㅋㅋ ㅋㅋㅋ제발 ㅋㅋㅋ,첫랩 사고 오랜만에 좀 보자 ㅋㅋㅋ ㅋㅋㅋ제발 ㅋㅋㅋ,0.08070115745067596,0.1294006109237671,0.6516445279121399,0.061597790569067,0.03442580997943878,0.042230065912008286
2024-08-25 22:03:43,호너 라면 먹고 잤나 얼굴 부은거 같노,,1,1.0,호너 라면 먹고 잤나 얼굴 부은거 같노 ,호너 라면 먹고 잤나 얼굴 부은거 같노,0.3161223828792572,0.236845001578331,0.12437624484300613,0.12429019063711166,0.12197743356227875,0.07638879865407944
2024-08-25 22:03:46,가속을~~~~~시작합니다!!!!,ㄱㄱㄱㄱㄱㄱㄱㄱㄱㄱㄱㄱㄱㄱㄱㄱㄱㄱㄱㄱㄱㄱㄱㄱㄱㄱㄱㄱㄱㄱㄱㄱ,1,1.0,가속을~~~~~시작합니다!!!! ㄱㄱㄱㄱㄱㄱㄱㄱㄱㄱㄱㄱㄱㄱㄱㄱㄱㄱㄱㄱㄱㄱㄱㄱㄱㄱㄱㄱㄱㄱㄱㄱ,가속을~~~~~시작합니다!!!! ㄱㄱㄱㄱㄱㄱㄱㄱㄱㄱㄱㄱㄱㄱㄱㄱㄱㄱㄱㄱㄱㄱㄱㄱㄱㄱㄱㄱㄱㄱㄱㄱ,0.07599632441997528,0.11919651180505753,0.6843398809432983,0.058401670306921005,0.025498582050204277,0.03656706586480141
2024-08-25 22:03:46,두개재,- dc official App,1,1.0,두개재 - dc official App,두개재 - dc official App,0.19749762117862701,0.18572388589382172,0.4454110860824585,0.08951125293970108,0.03444230929017067,0.0474138967692852
2024-08-25 22:03:46,친자호소인 왤케 토토옆에 붙어있냐 ㅋㅋㅋㅋㅋㅋㅋㅋㅋㅋㅋㅋㅋㅋ,한자리 달라고 애원하는듯,1,1.0,친자호소인 왤케 토토옆에 붙어있냐 ㅋㅋㅋㅋㅋㅋㅋㅋㅋㅋㅋㅋㅋㅋ 한자리 달라고 애원하는듯,친자호소인 왤케 토토옆에 붙어있냐 ㅋㅋㅋㅋㅋㅋㅋㅋㅋㅋㅋㅋㅋㅋ 한자리 달라고 애원하는듯,0.26969480514526367,0.22823135554790497,0.12380793690681458,0.18405507504940033,0.11957116425037384,0.07463965564966202
2024-08-25 22:03:46,케로는 믹슈 별로 탐탁치 않은거 같으시네 ㅋㅋ,ㄹㅇ 그럴만함,1,1.0,케로는 믹슈 별로 탐탁치 않은거 같으시네 ㅋㅋ ㄹㅇ 그럴만함,케로는 믹슈 별로 탐탁치 않은거 같으시네 ㅋㅋ ㄹㅇ 그럴만함,0.31115448474884033,0.2719593048095703,0.11482024937868118,0.11367173492908478,0.10921774804592133,0.07917642593383789
2024-08-25 22:03:47,몽골 저거ㅜ너무 튀어나온거 아님???,ㅋㅋ케,1,1.0,몽골 저거ㅜ너무 튀어나온거 아님??? ㅋㅋ케,몽골 저거ㅜ너무 튀어나온거 아님??? ㅋㅋ케,0.27093884348869324,0.2858254015445709,0.11282186955213547,0.13760223984718323,0.11968911439180374,0.07312258332967758
2024-08-25 22:03:48,드가저 ㅋㅋㅋㅋㅋㅋㅋ,,1,1.0,드가저 ㅋㅋㅋㅋㅋㅋㅋ ,드가저 ㅋㅋㅋㅋㅋㅋㅋ,0.07189629971981049,0.12750187516212463,0.6623782515525818,0.0733330249786377,0.02567683719098568,0.03921369090676308
2024-08-25 22:03:48,드가잨ㅋㅋㅋㅋㅋ,,1,1.0,드가잨ㅋㅋㅋㅋㅋ ,드가잨ㅋㅋㅋㅋㅋ,0.06814682483673096,0.11364603787660599,0.680456817150116,0.06906937062740326,0.026740102097392082,0.04194086045026779
2024-08-25 22:03:49,가속을 시작합니다,ㅋ,1,1.0,가속을 시작합니다 ㅋ,가속을 시작합니다 ㅋ,0.08874194324016571,0.12355449795722961,0.6596224308013916,0.06092846766114235,0.028687026351690292,0.03846556693315506
2024-08-25 22:03:48,가속을~~~~~~~~~~~,,1,1.0,가속을~~~~~~~~~~~ ,가속을~~~~~~~~~~~,0.16152630746364594,0.19816534221172333,0.4716186225414276,0.07644916325807571,0.046731382608413696,0.045509107410907745
2024-08-25 22:03:50,가속을~,ㅋㅋㅋㅋㅋ,1,1.0,가속을~ ㅋㅋㅋㅋㅋ,가속을~ ㅋㅋㅋㅋㅋ,0.1233760267496109,0.14962385594844818,0.5840863585472107,0.07307605445384979,0.03458891436457634,0.03524878993630409
2024-08-25 22:03:51,가보자 가보자,,1,1.0,가보자 가보자 ,가보자 가보자,0.09040354937314987,0.13050778210163116,0.6452545523643494,0.060074884444475174,0.03246771916747093,0.04129151627421379
2024-08-25 22:03:51,ㄷㄱㅈ,,1,1.0,ㄷㄱㅈ ,ㄷㄱㅈ,0.13861428201198578,0.23575451970100403,0.3386039733886719,0.16264624893665314,0.051068976521492004,0.0733119398355484
2024-08-25 22:03:51,역시 ㅅㅂㅋㅋㅋㅋㅋㅋ,- dc official App,1,1.0,역시 ㅅㅂㅋㅋㅋㅋㅋㅋ - dc official App,역시 ㅅㅂㅋㅋㅋㅋㅋㅋ - dc official App,0.1483549326658249,0.22444237768650055,0.28926214575767517,0.19057030975818634,0.07040613889694214,0.0769641101360321
2024-08-25 22:03:51,스타트 지연됨?,지각했슴,1,1.0,스타트 지연됨? 지각했슴,스타트 지연됨? 지각했슴,0.14789748191833496,0.33929717540740967,0.10859063267707825,0.15436993539333344,0.0487716868519783,0.20107313990592957
2024-08-25 22:03:53,레이스 스따뜨ㅋㅋㅋㅋㅋㅋㅋㅋ,,1,1.0,레이스 스따뜨ㅋㅋㅋㅋㅋㅋㅋㅋ ,레이스 스따뜨ㅋㅋㅋㅋㅋㅋㅋㅋ,0.0841742604970932,0.11452709883451462,0.6800612807273865,0.0655425488948822,0.023858079686760902,0.03183678910136223
2024-08-25 22:03:53,누리스 ㅋㅋ,,1,1.0,누리스 ㅋㅋ ,누리스 ㅋㅋ,0.06740397959947586,0.11817304790019989,0.6942274570465088,0.05575096607208252,0.02607325278222561,0.03837134316563606
2024-08-25 22:03:54,스타트 조지지말자!!,,1,1.0,스타트 조지지말자!! ,스타트 조지지말자!!,0.14826133847236633,0.27583298087120056,0.11715453863143921,0.1834581196308136,0.07847413420677185,0.19681885838508606
2024-08-25 22:03:54,좆리스 ㅋㅋㅋ,ㅋ,1,1.0,좆리스 ㅋㅋㅋ ㅋ,좆리스 ㅋㅋㅋ ㅋ,0.07501250505447388,0.12133179605007172,0.6826606392860413,0.0630614385008812,0.024610763415694237,0.033322811126708984
2024-08-25 22:03:55,병신 따잇 ㅋㅋㅋ,"ㅋㅋㅋㅋ
- dc official App",1,1.0,"병신 따잇 ㅋㅋㅋ ㅋㅋㅋㅋ
- dc official App",병신 따잇 ㅋㅋㅋ ㅋㅋㅋㅋ,0.07276074588298798,0.11767695099115372,0.6940757632255554,0.058712877333164215,0.023646576330065727,0.03312711790204048
2024-08-25 22:03:56,가속을 시작합니다!!!,!!,1,1.0,가속을 시작합니다!!! !!,가속을 시작합니다!!! !!,0.09489383548498154,0.1279519945383072,0.6497360467910767,0.05880257487297058,0.029228538274765015,0.03938698768615723
2024-08-25 22:03:56,따잇 ㅋㅋㅋ,ㅋㅋ,1,1.0,따잇 ㅋㅋㅋ ㅋㅋ,따잇 ㅋㅋㅋ ㅋㅋ,0.07333070784807205,0.11545515805482864,0.6979321241378784,0.05665264278650284,0.023449819535017014,0.03317955881357193
2024-08-25 22:03:57,노리스 바로 따잇 ㅋㅋㅋ,,1,1.0,노리스 바로 따잇 ㅋㅋㅋ ,노리스 바로 따잇 ㅋㅋㅋ,0.06690819561481476,0.11007894575595856,0.7122319936752319,0.05267218500375748,0.02439979650080204,0.03370886296033859
2024-08-25 22:03:56,십ㅋㅋㅋㅋㅋㅋㅋ,,1,1.0,십ㅋㅋㅋㅋㅋㅋㅋ ,십ㅋㅋㅋㅋㅋㅋㅋ,0.16204498708248138,0.2515527307987213,0.2708685100078583,0.1773727685213089,0.06658302247524261,0.07157798856496811
2024-08-25 22:03:59,드가자 ㅋㅋ,,1,1.0,드가자 ㅋㅋ ,드가자 ㅋㅋ,0.07677784562110901,0.11552244424819946,0.6888639330863953,0.054878778755664825,0.027288077399134636,0.03666894510388374
2024-08-25 22:03:59,저거 또 스타트 ㅋㅋㅋㅋㅋㄱ,,1,1.0,저거 또 스타트 ㅋㅋㅋㅋㅋㄱ ,저거 또 스타트 ㅋㅋㅋㅋㅋㄱ,0.07384178787469864,0.11340952664613724,0.7031807899475098,0.05431068688631058,0.02423841692507267,0.031018735840916634
2024-08-25 22:03:59,막스우승ㅋㅋㅋㅋㅋㅋㅋㅋㅋ,엌ㅋㅋ,1,1.0,막스우승ㅋㅋㅋㅋㅋㅋㅋㅋㅋ 엌ㅋㅋ,막스우승ㅋㅋㅋㅋㅋㅋㅋㅋㅋ 엌ㅋㅋ,0.07711111009120941,0.1207311674952507,0.6923363208770752,0.0544503778219223,0.025456789880990982,0.029914189130067825
2024-08-25 22:04:00,따잇 ㅋㅋㅋㅋㅋ,,1,1.0,따잇 ㅋㅋㅋㅋㅋ ,따잇 ㅋㅋㅋㅋㅋ,0.07246923446655273,0.11166241019964218,0.7030473351478577,0.0558624230325222,0.023469949141144753,0.03348870947957039
2024-08-25 22:04:00,ㅋㅋㅋㅋㅋㅋㅋㅋㅋㅋ,ㅋㅋㅋㅋㅋㅋㅋ,1,1.0,ㅋㅋㅋㅋㅋㅋㅋㅋㅋㅋ ㅋㅋㅋㅋㅋㅋㅋ,ㅋㅋㅋㅋㅋㅋㅋㅋㅋㅋ ㅋㅋㅋㅋㅋㅋㅋ,0.08957184106111526,0.14356635510921478,0.6360886096954346,0.07034379243850708,0.02500985935330391,0.03541954234242439
2024-08-25 22:04:00,노리스 따잇ㅋㅋㅋㅌ,ㅌㅋㅋㅌ,1,1.0,노리스 따잇ㅋㅋㅋㅌ ㅌㅋㅋㅌ,노리스 따잇ㅋㅋㅋㅌ ㅌㅋㅋㅌ,0.06639301776885986,0.11326201260089874,0.7003558874130249,0.061203259974718094,0.022350290790200233,0.03643558919429779
2024-08-25 22:04:00,시발 무리스 ㅋㅋㅋ,ㅋㅋㅋ,1,1.0,시발 무리스 ㅋㅋㅋ ㅋㅋㅋ,시발 무리스 ㅋㅋㅋ ㅋㅋㅋ,0.11789411306381226,0.31552720069885254,0.1518777310848236,0.21253333985805511,0.06736399233341217,0.1348036378622055
2024-08-25 22:04:01,바로 따이네ㅋㅋㅋㅋㅋㅋㅋㅋ,,1,1.0,바로 따이네ㅋㅋㅋㅋㅋㅋㅋㅋ ,바로 따이네ㅋㅋㅋㅋㅋㅋㅋㅋ,0.1023973599076271,0.13352219760417938,0.623790979385376,0.06815783679485321,0.03228764608502388,0.039843980222940445
2024-08-25 22:04:01,병신새끼ㅋㅋ,,1,1.0,병신새끼ㅋㅋ ,병신새끼ㅋㅋ,0.21585340797901154,0.19191941618919373,0.19908681511878967,0.23643572628498077,0.07955432683229446,0.07715030759572983
2024-08-25 22:04:02,ㅋㅋㅋㅋㅋㅋ 누리스 ㅂㅅ ㅋㄴㅋㅋ,,2,2.0,ㅋㅋㅋㅋㅋㅋ 누리스 ㅂㅅ ㅋㄴㅋㅋ ,ㅋㅋㅋㅋㅋㅋ 누리스 ㅂㅅ ㅋㄴㅋㅋ,0.08176501840353012,0.13506633043289185,0.6560080051422119,0.0657370463013649,0.026016313582658768,0.035407308489084244
2024-08-25 22:04:02,대 리 스 ㅋㅋㅋㅋㅋ,,2,2.0,대 리 스 ㅋㅋㅋㅋㅋ ,대 리 스 ㅋㅋㅋㅋㅋ,0.08031578361988068,0.11486216634511948,0.6832880973815918,0.06425133347511292,0.024297617375850677,0.03298501297831535
2024-08-25 22:04:02,저 미친새끼 ㅋㅋㅋㅋㅋ,,2,2.0,저 미친새끼 ㅋㅋㅋㅋㅋ ,저 미친새끼 ㅋㅋㅋㅋㅋ,0.18789136409759521,0.21176402270793915,0.16547070443630219,0.2458469271659851,0.08904179185628891,0.09998517483472824
2024-08-25 22:04:02,진짜 병신이냐? ㅋㅋㅋㅋㅌㅋ,- dc official App,2,2.0,진짜 병신이냐? ㅋㅋㅋㅋㅌㅋ - dc official App,진짜 병신이냐? ㅋㅋㅋㅋㅌㅋ - dc official App,0.2701606750488281,0.2065582573413849,0.13228081166744232,0.2194690853357315,0.07804308086633682,0.0934881642460823
2024-08-25 22:04:02,누리스 바로 뺏기내 씨발 ㅋㅋㅋㅋㅋㅋ,,2,2.0,누리스 바로 뺏기내 씨발 ㅋㅋㅋㅋㅋㅋ ,누리스 바로 뺏기내 씨발 ㅋㅋㅋㅋㅋㅋ,0.12304181605577469,0.26911649107933044,0.11825919896364212,0.2556745111942291,0.05483762547373772,0.1790703386068344
2024-08-25 22:04:03,노짱 씨발 진짜 ㅋㅋㅋㅋㅋ,ㅋㅋㅋㅋㅋ,2,2.0,노짱 씨발 진짜 ㅋㅋㅋㅋㅋ ㅋㅋㅋㅋㅋ,노짱 씨발 진짜 ㅋㅋㅋㅋㅋ ㅋㅋㅋㅋㅋ,0.11492860317230225,0.2294183373451233,0.17202848196029663,0.2740437388420105,0.06813083589076996,0.1414499580860138
2024-08-25 22:04:03,어휴 뉴리스 ㅋㅋㅌㅋ,,2,2.0,어휴 뉴리스 ㅋㅋㅌㅋ ,어휴 뉴리스 ㅋㅋㅌㅋ,0.087733194231987,0.13397438824176788,0.6594594717025757,0.05722992867231369,0.028543291613459587,0.033059731125831604
2024-08-25 22:04:03,바로따잇ㅋㅋㅋㅋㅋㅋㅋㅋㅋㅋㅋㅋㅋㅋㅋㅋ,,2,2.0,바로따잇ㅋㅋㅋㅋㅋㅋㅋㅋㅋㅋㅋㅋㅋㅋㅋㅋ ,바로따잇ㅋㅋㅋㅋㅋㅋㅋㅋㅋㅋㅋㅋㅋㅋㅋㅋ,0.07222169637680054,0.11227960139513016,0.6990460753440857,0.05997636914253235,0.023751944303512573,0.03272433206439018
2024-08-25 22:04:03,누리스 존나 느리노 ㅋㅋㅋ,,2,2.0,누리스 존나 느리노 ㅋㅋㅋ ,누리스 존나 느리노 ㅋㅋㅋ,0.2894688844680786,0.29590415954589844,0.10700607299804688,0.1333320587873459,0.08904054760932922,0.08524821698665619
2024-08-25 22:04:04,대황쥬지ㅋㅋㅋ,ㅋㅋ,2,2.0,대황쥬지ㅋㅋㅋ ㅋㅋ,대황쥬지ㅋㅋㅋ ㅋㅋ,0.060057632625103,0.10521785169839859,0.7185593247413635,0.054955657571554184,0.02438049577176571,0.036829039454460144
2024-08-25 22:04:03,애미 ㅋㅋㅋㅋ,ㅋㅋㅋㅋ,2,2.0,애미 ㅋㅋㅋㅋ ㅋㅋㅋㅋ,애미 ㅋㅋㅋㅋ ㅋㅋㅋㅋ,0.1722049117088318,0.23339657485485077,0.31996047496795654,0.15404389798641205,0.06095699220895767,0.059437189251184464
2024-08-25 22:04:04,따따따잇ㅋㅋㅋ,- dc official App,2,2.0,따따따잇ㅋㅋㅋ - dc official App,따따따잇ㅋㅋㅋ - dc official App,0.07924371212720871,0.11204934865236282,0.6913439035415649,0.06085438281297684,0.02255227230489254,0.033956389874219894
2024-08-25 22:04:04,좆리스 ㅋㅋㅋㅋㅋㅋㅋㅋㅋㅋㅋㅋㅋ,,2,2.0,좆리스 ㅋㅋㅋㅋㅋㅋㅋㅋㅋㅋㅋㅋㅋ ,좆리스 ㅋㅋㅋㅋㅋㅋㅋㅋㅋㅋㅋㅋㅋ,0.07527763396501541,0.12066422402858734,0.6802158951759338,0.06404625624418259,0.025091096758842468,0.034704919904470444
2024-08-25 22:04:04,누리스 ㅅㅂㅋㅋㅋㅋ,- dc official App,2,2.0,누리스 ㅅㅂㅋㅋㅋㅋ - dc official App,누리스 ㅅㅂㅋㅋㅋㅋ - dc official App,0.13662925362586975,0.2059878259897232,0.33989882469177246,0.1922348439693451,0.051369231194257736,0.07388005405664444
2024-08-25 22:04:03,역시 개병신 누리스 ㅋㅋㅋ,ㅋㅋㅋㅋㅋㅋㅋ,2,2.0,역시 개병신 누리스 ㅋㅋㅋ ㅋㅋㅋㅋㅋㅋㅋ,역시 개병신 누리스 ㅋㅋㅋ ㅋㅋㅋㅋㅋㅋㅋ,0.0944073274731636,0.17887552082538605,0.5023974776268005,0.12782903015613556,0.0379689559340477,0.058521732687950134
2024-08-25 22:04:04,좆병신ㅋㅋㅋㅋㅋㅋㅋㅋㅋ,ㅋㅋㅋㅋㅋㅋㅋㅋㅋㅋ,2,2.0,좆병신ㅋㅋㅋㅋㅋㅋㅋㅋㅋ ㅋㅋㅋㅋㅋㅋㅋㅋㅋㅋ,좆병신ㅋㅋㅋㅋㅋㅋㅋㅋㅋ ㅋㅋㅋㅋㅋㅋㅋㅋㅋㅋ,0.17332139611244202,0.24334770441055298,0.2773892283439636,0.1827315390110016,0.05783390626311302,0.06537621468305588
2024-08-25 22:04:05,넌 나가라 ㅋㅋㅋㅋㅋㅋ,,2,2.0,넌 나가라 ㅋㅋㅋㅋㅋㅋ ,넌 나가라 ㅋㅋㅋㅋㅋㅋ,0.16329357028007507,0.21213971078395844,0.21291932463645935,0.24637463688850403,0.06767197698354721,0.0976007804274559
2024-08-25 22:04:05,아니 노리스 병신이네 ㅋㅋㅋㅋㅋ,ㅋㅋㅋㅋㅋ,2,2.0,아니 노리스 병신이네 ㅋㅋㅋㅋㅋ ㅋㅋㅋㅋㅋ,아니 노리스 병신이네 ㅋㅋㅋㅋㅋ ㅋㅋㅋㅋㅋ,0.24939005076885223,0.2669706642627716,0.16465231776237488,0.16253423690795898,0.0924379974603653,0.06401471793651581
2024-08-25 22:04:05,노리스 그럼그렇지 ㅋㅋㅋ,,2,2.0,노리스 그럼그렇지 ㅋㅋㅋ ,노리스 그럼그렇지 ㅋㅋㅋ,0.11580336093902588,0.22247089445590973,0.40579190850257874,0.12878991663455963,0.04727552458643913,0.0798683613538742
2024-08-25 22:04:05,바로 따잇,,2,2.0,바로 따잇 ,바로 따잇,0.08940611779689789,0.12786567211151123,0.6534210443496704,0.06056518852710724,0.030776536092162132,0.037965498864650726
2024-08-25 22:04:06,시발 진짜 ㅋㅋㅋㅋㅋㅋ,,2,2.0,시발 진짜 ㅋㅋㅋㅋㅋㅋ ,시발 진짜 ㅋㅋㅋㅋㅋㅋ,0.1499287486076355,0.229203999042511,0.15082301199436188,0.2574404776096344,0.08598848432302475,0.1266152709722519
2024-08-25 22:04:06,노리스 또 씨발 ㅋㅋㅋㅋ,ㅋㅋㅋㅋㅋㅋㅋㅋㅋㅋㅋ,2,2.0,노리스 또 씨발 ㅋㅋㅋㅋ ㅋㅋㅋㅋㅋㅋㅋㅋㅋㅋㅋ,노리스 또 씨발 ㅋㅋㅋㅋ ㅋㅋㅋㅋㅋㅋㅋㅋㅋㅋㅋ,0.11046840995550156,0.23448197543621063,0.37731122970581055,0.15959219634532928,0.044795922935009,0.07335024327039719
2024-08-25 22:04:06,와 시발 저건,,2,2.0,와 시발 저건 ,와 시발 저건,0.23182207345962524,0.1909467577934265,0.12110066413879395,0.2235051691532135,0.1027485802769661,0.12987670302391052
2024-08-25 22:04:06,노짱 병신아,,2,2.0,노짱 병신아 ,노짱 병신아,0.13643376529216766,0.21378128230571747,0.2669677436351776,0.1552216112613678,0.06784816086292267,0.15974749624729156
2024-08-25 22:04:07,개병신,ㅋㅋㅋㅋㅋㅋㅋㅋ,2,2.0,개병신 ㅋㅋㅋㅋㅋㅋㅋㅋ,개병신 ㅋㅋㅋㅋㅋㅋㅋㅋ,0.18131935596466064,0.2411174476146698,0.18135151267051697,0.23827308416366577,0.07611396163702011,0.08182463049888611
2024-08-25 22:04:07,따잇 시밧 ㅋㅋㅋ,ㅋㅋㅋㅋ,2,2.0,따잇 시밧 ㅋㅋㅋ ㅋㅋㅋㅋ,따잇 시밧 ㅋㅋㅋ ㅋㅋㅋㅋ,0.09336835145950317,0.20321357250213623,0.42340952157974243,0.17007368803024292,0.03908461704850197,0.07085022330284119
2024-08-25 22:04:06,또따였네 진짜 개 병신새끼,,2,2.0,또따였네 진짜 개 병신새끼 ,또따였네 진짜 개 병신새끼,0.13195690512657166,0.17162296175956726,0.12135659903287888,0.3309375047683716,0.059341222047805786,0.18478477001190186
2024-08-25 22:04:07,진짜 씨발 ㅋㅋㅋㅋ,"개병신새끼 ㅋㅋㅋㅋ
- dc official App",2,2.0,"진짜 씨발 ㅋㅋㅋㅋ 개병신새끼 ㅋㅋㅋㅋ
- dc official App",진짜 씨발 ㅋㅋㅋㅋ 개병신새끼 ㅋㅋㅋㅋ,0.14650069177150726,0.1694692075252533,0.1289280503988266,0.3321419954299927,0.06329010426998138,0.1596699059009552
2024-08-25 22:04:08,와 어떻게 한 번을 못이기냐 ㅋㅋㅋㅋㅋㅋㅋㅋㅋㅋㅋ,스타트 레전드다,2,2.0,와 어떻게 한 번을 못이기냐 ㅋㅋㅋㅋㅋㅋㅋㅋㅋㅋㅋ 스타트 레전드다,와 어떻게 한 번을 못이기냐 ㅋㅋㅋㅋㅋㅋㅋㅋㅋㅋㅋ 스타트 레전드다,0.16465765237808228,0.2014302760362625,0.4620859622955322,0.07747653126716614,0.05537481606006622,0.03897469490766525
2024-08-25 22:04:08,씨발 바로따잇ㅋㅋㅋㅋㅋ,,2,2.0,씨발 바로따잇ㅋㅋㅋㅋㅋ ,씨발 바로따잇ㅋㅋㅋㅋㅋ,0.07034140825271606,0.12865231931209564,0.6432737112045288,0.08638622611761093,0.025323927402496338,0.04602237790822983
2024-08-25 22:04:08,노리스 개같이 따잌ㅋㅋㅋㅋㅋㅋ,"ㅋㅋㅋㅋ
- dc official App",2,2.0,"노리스 개같이 따잌ㅋㅋㅋㅋㅋㅋ ㅋㅋㅋㅋ
- dc official App",노리스 개같이 따잌ㅋㅋㅋㅋㅋㅋ ㅋㅋㅋㅋ,0.06167052686214447,0.10822463780641556,0.7162383198738098,0.055365897715091705,0.022265873849391937,0.03623475879430771
2024-08-25 22:04:08,바로 따잇 ㅋㅋㅋㅋㅋㅋㅋㅋㅋㅋㅋㅋ,"랜도 ㅠㅠ
- dc official App",2,2.0,"바로 따잇 ㅋㅋㅋㅋㅋㅋㅋㅋㅋㅋㅋㅋ 랜도 ㅠㅠ
- dc official App",바로 따잇 ㅋㅋㅋㅋㅋㅋㅋㅋㅋㅋㅋㅋ 랜도 ㅠㅠ,0.06708942353725433,0.13576778769493103,0.6403858065605164,0.06970701366662979,0.031041204929351807,0.05600873380899429
2024-08-25 22:04:08,무관 행동ㅋㅋㅋㅋㅋㅋㅋㅋㅋㅋㅋㅋㅋ,- dc official App,2,2.0,무관 행동ㅋㅋㅋㅋㅋㅋㅋㅋㅋㅋㅋㅋㅋ - dc official App,무관 행동ㅋㅋㅋㅋㅋㅋㅋㅋㅋㅋㅋㅋㅋ - dc official App,0.12140630185604095,0.1437501311302185,0.5894222855567932,0.08249633759260178,0.027620378881692886,0.03530449792742729
2024-08-25 22:04:08,맥은 다따이네 ㅋㅋ,,2,2.0,맥은 다따이네 ㅋㅋ ,맥은 다따이네 ㅋㅋ,0.20526891946792603,0.28644227981567383,0.275928258895874,0.09860260784626007,0.0780581384897232,0.05569976940751076
2024-08-25 22:04:09,좆리스 씨발아,뭐해!!!,2,2.0,좆리스 씨발아 뭐해!!!,좆리스 씨발아 뭐해!!!,0.09372954070568085,0.19384172558784485,0.34215569496154785,0.21197769045829773,0.0429462194442749,0.11534915864467621
2024-08-25 22:04:09,바로 따잇 ㅋㅋㅋㅋ,"에라이 ㅋㅋㅋㅋ
- dc official App",2,2.0,"바로 따잇 ㅋㅋㅋㅋ 에라이 ㅋㅋㅋㅋ
- dc official App",바로 따잇 ㅋㅋㅋㅋ 에라이 ㅋㅋㅋㅋ,0.08822757005691528,0.1498878002166748,0.569563627243042,0.11015243828296661,0.03093801811337471,0.051230523735284805
2024-08-25 22:04:09,그저 병신 ㅋㅋㅋㅋㅋㅋㅋㅋㅋㅋㅋㅋ,,2,2.0,그저 병신 ㅋㅋㅋㅋㅋㅋㅋㅋㅋㅋㅋㅋ ,그저 병신 ㅋㅋㅋㅋㅋㅋㅋㅋㅋㅋㅋㅋ,0.19409383833408356,0.26667869091033936,0.2402866929769516,0.16380400955677032,0.07140757143497467,0.06372925639152527
2024-08-25 22:04:10,또 스타트 좆망 ㅋㅋ,,2,2.0,또 스타트 좆망 ㅋㅋ ,또 스타트 좆망 ㅋㅋ,0.12916646897792816,0.26777881383895874,0.10529670119285583,0.22624658048152924,0.07065968215465546,0.20085179805755615
2024-08-25 22:04:11,노리스 멸망,아오씹 ㅋㅋㅋㅋㅋㅋㅋㅋ스타트좀 ㅋㅋㅋㅋㅋㅋㅋㅋㅋㅋ,2,2.0,노리스 멸망 아오씹 ㅋㅋㅋㅋㅋㅋㅋㅋ스타트좀 ㅋㅋㅋㅋㅋㅋㅋㅋㅋㅋ,노리스 멸망 아오씹 ㅋㅋㅋㅋㅋㅋㅋㅋ스타트좀 ㅋㅋㅋㅋㅋㅋㅋㅋㅋㅋ,0.12019872665405273,0.25896069407463074,0.23291699588298798,0.21028797328472137,0.06377793848514557,0.11385772377252579
2024-08-25 22:04:11,노리스 이 봉샌 ㅋㅋㅋㅋ,- dc official App,2,2.0,노리스 이 봉샌 ㅋㅋㅋㅋ - dc official App,노리스 이 봉샌 ㅋㅋㅋㅋ - dc official App,0.09971478581428528,0.1442282497882843,0.6130114793777466,0.07815804332494736,0.029819006100296974,0.03506846725940704
2024-08-25 22:04:11,노리스 바보 인증 ㅋㅋㅋㅋㅋㅋ,"ㅋㅋㅋㅋㅋㅋㅋ
- dc official App",2,2.0,"노리스 바보 인증 ㅋㅋㅋㅋㅋㅋ ㅋㅋㅋㅋㅋㅋㅋ
- dc official App",노리스 바보 인증 ㅋㅋㅋㅋㅋㅋ ㅋㅋㅋㅋㅋㅋㅋ,0.1431218683719635,0.2223283350467682,0.43588563799858093,0.10467422753572464,0.04718400537967682,0.046805884689092636
2024-08-25 22:04:13,진짜 씨발놈,"에휴
- dc official App",2,2.0,"진짜 씨발놈 에휴
- dc official App",진짜 씨발놈 에휴,0.13400208950042725,0.15737088024616241,0.12555672228336334,0.3319188356399536,0.04728396609425545,0.20386749505996704
2024-08-25 22:04:14,무관햄 바로 따이네 ㅋㅋㅋㅋㅋㅋㅋㅋㅋㅋㅋㅋㅋㅋㅋㅋㅋㅋㅋ,엌ㅋㅋㅋㅋㅋㅋㅋㅋㅋㅋㅋㅋ,2,2.0,무관햄 바로 따이네 ㅋㅋㅋㅋㅋㅋㅋㅋㅋㅋㅋㅋㅋㅋㅋㅋㅋㅋㅋ 엌ㅋㅋㅋㅋㅋㅋㅋㅋㅋㅋㅋㅋ,무관햄 바로 따이네 ㅋㅋㅋㅋㅋㅋㅋㅋㅋㅋㅋㅋㅋㅋㅋㅋㅋㅋㅋ 엌ㅋㅋㅋㅋㅋㅋㅋㅋㅋㅋㅋㅋ,0.08515706658363342,0.1273736208677292,0.6693623065948486,0.05940224602818489,0.026318702846765518,0.032385967671871185
2024-08-25 22:04:14,뭔 시발 코너 가기도전에 ㅋㅋㅋㅋㅋ,개병신이노 ㄹㅇ,2,2.0,뭔 시발 코너 가기도전에 ㅋㅋㅋㅋㅋ 개병신이노 ㄹㅇ,뭔 시발 코너 가기도전에 ㅋㅋㅋㅋㅋ 개병신이노 ㄹㅇ,0.1468334197998047,0.22859473526477814,0.10006197541952133,0.28762102127075195,0.057913824915885925,0.17897503077983856
2024-08-25 22:04:14,무리스 ㄹㅇ 개병신ㅋㅋㅋㅋㅋㅋㅋㅋ,ㅋㅋㅋㅋ,2,2.0,무리스 ㄹㅇ 개병신ㅋㅋㅋㅋㅋㅋㅋㅋ ㅋㅋㅋㅋ,무리스 ㄹㅇ 개병신ㅋㅋㅋㅋㅋㅋㅋㅋ ㅋㅋㅋㅋ,0.1997210681438446,0.26528236269950867,0.13367977738380432,0.21631468832492828,0.08479568362236023,0.10020649433135986
2024-08-25 22:04:14,코너 들어가기도 전에 따이냐 ㅋㅋㅋㅋ,- dc official App,2,2.0,코너 들어가기도 전에 따이냐 ㅋㅋㅋㅋ - dc official App,코너 들어가기도 전에 따이냐 ㅋㅋㅋㅋ - dc official App,0.23125991225242615,0.318585604429245,0.15774165093898773,0.136490598320961,0.07599072903394699,0.07993151247501373
2024-08-25 22:04:15,뭐하는새끼야 도대체,ㅋㅋ,2,2.0,뭐하는새끼야 도대체 ㅋㅋ,뭐하는새끼야 도대체 ㅋㅋ,0.20472769439220428,0.23321741819381714,0.08717332035303116,0.26236048340797424,0.0663306713104248,0.14619043469429016
2024-08-25 22:04:15,노리스 또지랄 ㅋㅋㅋㅋㅋㅋ,,2,2.0,노리스 또지랄 ㅋㅋㅋㅋㅋㅋ ,노리스 또지랄 ㅋㅋㅋㅋㅋㅋ,0.14047391712665558,0.22514350712299347,0.20232079923152924,0.2608720064163208,0.06813288480043411,0.10305685549974442
2024-08-25 22:04:15,노짱이 또 ㅋㅋㅋㅋㅋ,- dc official App,2,2.0,노짱이 또 ㅋㅋㅋㅋㅋ - dc official App,노짱이 또 ㅋㅋㅋㅋㅋ - dc official App,0.10282962769269943,0.18834051489830017,0.5077703595161438,0.08976241201162338,0.0495363287627697,0.061760738492012024
2024-08-25 22:04:16,너리스 이새끼 스타트 진짜 애미없노 ㅋㅋ,ㅂㅅ,2,2.0,너리스 이새끼 스타트 진짜 애미없노 ㅋㅋ ㅂㅅ,너리스 이새끼 스타트 진짜 애미없노 ㅋㅋ ㅂㅅ,0.18465514481067657,0.16036351025104523,0.11767462641000748,0.31568214297294617,0.06512051075696945,0.15650410950183868
2024-08-25 22:04:17,느금마노리스ㅋㅋㅋ,ㅋㅋㅋ,2,2.0,느금마노리스ㅋㅋㅋ ㅋㅋㅋ,느금마노리스ㅋㅋㅋ ㅋㅋㅋ,0.09200930595397949,0.14778916537761688,0.60671067237854,0.08580055087804794,0.030152371153235435,0.03753799945116043
2024-08-25 22:04:17,역시 노리스 허벌 ㅋㅋ,ㅋㅋㅋ,2,2.0,역시 노리스 허벌 ㅋㅋ ㅋㅋㅋ,역시 노리스 허벌 ㅋㅋ ㅋㅋㅋ,0.08211848884820938,0.1261402666568756,0.6735156178474426,0.054183028638362885,0.03220263123512268,0.031839922070503235
2024-08-25 22:04:16,대몽골ㅋㅋㅋㅋㅋㅋㅋㅋㅋㅋㅋㅋ,,2,2.0,대몽골ㅋㅋㅋㅋㅋㅋㅋㅋㅋㅋㅋㅋ ,대몽골ㅋㅋㅋㅋㅋㅋㅋㅋㅋㅋㅋㅋ,0.13948573172092438,0.17480215430259705,0.5383297204971313,0.07660176604986191,0.03879600763320923,0.0319846086204052
2024-08-25 22:04:17,역시 노리스,ㅋ캬,2,2.0,역시 노리스 ㅋ캬,역시 노리스 ㅋ캬,0.0655338242650032,0.10962237417697906,0.7083868980407715,0.05196074768900871,0.026187030598521233,0.03830913081765175
2024-08-25 22:04:17,와진짜 ㅋㅋㅋㅋㅋㅋ,ㅋㅋㅋㅋㅋㅋ,2,2.0,와진짜 ㅋㅋㅋㅋㅋㅋ ㅋㅋㅋㅋㅋㅋ,와진짜 ㅋㅋㅋㅋㅋㅋ ㅋㅋㅋㅋㅋㅋ,0.14541006088256836,0.16780370473861694,0.5431291460990906,0.07314928621053696,0.03747989609837532,0.03302783891558647
2024-08-25 22:04:17,바로따이노 ㅋㅋㅋㅋㅋ,우승 꺼억,2,2.0,바로따이노 ㅋㅋㅋㅋㅋ 우승 꺼억,바로따이노 ㅋㅋㅋㅋㅋ 우승 꺼억,0.06074406951665878,0.11436009407043457,0.6963353157043457,0.05887962132692337,0.025404904037714005,0.04427599534392357
2024-08-25 22:04:19,무리스 시발련아ㅋㅋㅋㅋㅋ,바로따이노,2,2.0,무리스 시발련아ㅋㅋㅋㅋㅋ 바로따이노,무리스 시발련아ㅋㅋㅋㅋㅋ 바로따이노,0.17640116810798645,0.2535434365272522,0.1629135012626648,0.2327393740415573,0.08177251368761063,0.09263003617525101
2024-08-25 22:04:19,저 정도면 저단기어 문제있는거 아니냐,한 번을 안 빠지고 따이네,2,2.0,저 정도면 저단기어 문제있는거 아니냐 한 번을 안 빠지고 따이네,저 정도면 저단기어 문제있는거 아니냐 한 번을 안 빠지고 따이네,0.26118072867393494,0.23061774671077728,0.07144032418727875,0.17049764096736908,0.08405531942844391,0.18220822513103485
2024-08-25 22:04:19,진짜 병신임?,스타트 시발아,2,2.0,진짜 병신임? 스타트 시발아,진짜 병신임? 스타트 시발아,0.14947345852851868,0.20038042962551117,0.09403786063194275,0.2984548509120941,0.06663644313812256,0.19101697206497192
2024-08-25 22:04:19,도련님 개같이 멸망ㅋㅋㅋㅋ,- dc official App,2,2.0,도련님 개같이 멸망ㅋㅋㅋㅋ - dc official App,도련님 개같이 멸망ㅋㅋㅋㅋ - dc official App,0.07232397049665451,0.12375535815954208,0.6629412770271301,0.07094080746173859,0.02998940274119377,0.04004918411374092
2024-08-25 22:04:19,ㅅㅂㅋㅋㅋㅋㅋ 몽골이 폴인줄ㅋㅋㅋ,ㅋㅋㅋㅋㅋ,2,2.0,ㅅㅂㅋㅋㅋㅋㅋ 몽골이 폴인줄ㅋㅋㅋ ㅋㅋㅋㅋㅋ,ㅅㅂㅋㅋㅋㅋㅋ 몽골이 폴인줄ㅋㅋㅋ ㅋㅋㅋㅋㅋ,0.20214860141277313,0.30563199520111084,0.1865050345659256,0.14954186975955963,0.08561920374631882,0.07055328786373138
2024-08-25 22:04:19,야 진짜 대단하다 ㅋㅋㅋㅋㅋㅋㅋ,,2,2.0,야 진짜 대단하다 ㅋㅋㅋㅋㅋㅋㅋ ,야 진짜 대단하다 ㅋㅋㅋㅋㅋㅋㅋ,0.28141990303993225,0.20009423792362213,0.2892223596572876,0.10022644698619843,0.08590318262577057,0.043133847415447235
2024-08-25 22:04:21,어 그래 기대도 안 했어 병신년아,"여지가 없다 ㅋㅋㅋ
- dc official App",2,2.0,"어 그래 기대도 안 했어 병신년아 여지가 없다 ㅋㅋㅋ
- dc official App",어 그래 기대도 안 했어 병신년아 여지가 없다 ㅋㅋㅋ,0.1655215471982956,0.17639221251010895,0.12525424361228943,0.32329225540161133,0.07750732451677322,0.1320323795080185
2024-08-25 22:04:21,어떻게 순수하게 느리냐 병신아 ㅋㅋㅋㅋㅋㅋㅋㅋㅋㅋ,,2,2.0,어떻게 순수하게 느리냐 병신아 ㅋㅋㅋㅋㅋㅋㅋㅋㅋㅋ ,어떻게 순수하게 느리냐 병신아 ㅋㅋㅋㅋㅋㅋㅋㅋㅋㅋ,0.25564146041870117,0.25616154074668884,0.16400326788425446,0.16120938956737518,0.09945422410964966,0.06353010982275009
2024-08-25 22:04:22,노쪽이 병신ㅋㅋㅋ,ㅋㅋㅋㅋㅋㅋㅋ,2,2.0,노쪽이 병신ㅋㅋㅋ ㅋㅋㅋㅋㅋㅋㅋ,노쪽이 병신ㅋㅋㅋ ㅋㅋㅋㅋㅋㅋㅋ,0.14867135882377625,0.2635965645313263,0.37214452028274536,0.11706406623125076,0.04637064412236214,0.05215288698673248
2024-08-25 22:04:22,무관이 죄라면 이남자는 유죄입니다 ㅋㅋㅋㅋㅋ,스타팅의 누리스 ㅋㅋㅋㅋㅋ,2,2.0,무관이 죄라면 이남자는 유죄입니다 ㅋㅋㅋㅋㅋ 스타팅의 누리스 ㅋㅋㅋㅋㅋ,무관이 죄라면 이남자는 유죄입니다 ㅋㅋㅋㅋㅋ 스타팅의 누리스 ㅋㅋㅋㅋㅋ,0.11893554776906967,0.2607000172138214,0.3172639310359955,0.14613011479377747,0.07131797075271606,0.08565237373113632
2024-08-25 22:04:22,스타트의 정상화 신 리 스,ㅋㅋㅋㅋㅋㅋㅋㅋㅋㅋ,2,2.0,스타트의 정상화 신 리 스 ㅋㅋㅋㅋㅋㅋㅋㅋㅋㅋ,스타트의 정상화 신 리 스 ㅋㅋㅋㅋㅋㅋㅋㅋㅋㅋ,0.0728583112359047,0.1055108830332756,0.703079104423523,0.06070743128657341,0.02370613068342209,0.034138187766075134
2024-08-25 22:04:22,한숨 잤냐ㅋㅋㅋㅋㅋㅋ,,2,2.0,한숨 잤냐ㅋㅋㅋㅋㅋㅋ ,한숨 잤냐ㅋㅋㅋㅋㅋㅋ,0.0997847393155098,0.18019095063209534,0.5452871918678284,0.08493639528751373,0.039306607097387314,0.05049401894211769
2024-08-25 22:04:24,누리스게이야ㅋㅋ,폴 왜땄노ㅋㅋ,2,2.0,누리스게이야ㅋㅋ 폴 왜땄노ㅋㅋ,누리스게이야ㅋㅋ 폴 왜땄노ㅋㅋ,0.19808943569660187,0.2933526337146759,0.268734335899353,0.10145530849695206,0.08814480155706406,0.0502234548330307
2024-08-25 22:04:25,아니 자동문 이세요?ㅋㅋㅋㅋ,니닝ㄱ,2,2.0,아니 자동문 이세요?ㅋㅋㅋㅋ 니닝ㄱ,아니 자동문 이세요?ㅋㅋㅋㅋ 니닝ㄱ,0.19937556982040405,0.2315359115600586,0.36102789640426636,0.09253443032503128,0.07567842304706573,0.03984782099723816
2024-08-25 22:04:25,랜도 스타트 개구리네,바로 몽골한테 따잇,2,2.0,랜도 스타트 개구리네 바로 몽골한테 따잇,랜도 스타트 개구리네 바로 몽골한테 따잇,0.341372549533844,0.25355052947998047,0.0901474729180336,0.13140718638896942,0.0885450467467308,0.09497713297605515
2024-08-25 22:04:24,아니 노리스 그냥 눈으로 봐도 늦게 출발하노ㅋㅋㅋㅋ,,2,2.0,아니 노리스 그냥 눈으로 봐도 늦게 출발하노ㅋㅋㅋㅋ ,아니 노리스 그냥 눈으로 봐도 늦게 출발하노ㅋㅋㅋㅋ,0.20588839054107666,0.3289470970630646,0.10002005845308304,0.16330787539482117,0.08636650443077087,0.11547012627124786
2024-08-25 22:04:25,노리스 차 맛갔나 왜저럼ㅋㅋ,ㅋㅋ,2,2.0,노리스 차 맛갔나 왜저럼ㅋㅋ ㅋㅋ,노리스 차 맛갔나 왜저럼ㅋㅋ ㅋㅋ,0.23074601590633392,0.32140251994132996,0.11097997426986694,0.15809506177902222,0.08251188695430756,0.0962645560503006
2024-08-25 22:04:25,저새끼는 스타트때 폰 보고있노?,ㅋㅋㅋ,2,2.0,저새끼는 스타트때 폰 보고있노? ㅋㅋㅋ,저새끼는 스타트때 폰 보고있노? ㅋㅋㅋ,0.22639396786689758,0.23731710016727448,0.14234447479248047,0.21633553504943848,0.09010698646306992,0.08750196546316147
2024-08-25 22:04:26,스타트 goat ㅋㅋㅋㅋ,,2,2.0,스타트 goat ㅋㅋㅋㅋ ,스타트 goat ㅋㅋㅋㅋ,0.0774277076125145,0.10731671005487442,0.701729953289032,0.058131586760282516,0.02343752793967724,0.031956516206264496
2024-08-25 22:04:26,와 러셀 스타팅 ㅆㅅㅌㅊ;;,바로 돋보이네;,2,2.0,와 러셀 스타팅 ㅆㅅㅌㅊ;; 바로 돋보이네;,와 러셀 스타팅 ㅆㅅㅌㅊ;; 바로 돋보이네;,0.18008996546268463,0.19181287288665771,0.46040278673171997,0.07154737412929535,0.06025806441903114,0.03588896244764328
2024-08-25 22:04:26,노리스 병신인가 ㅋㅋㅋㅋ,스타트 왜 저래? ㅋㅋㅋㅋㅋ,2,2.0,노리스 병신인가 ㅋㅋㅋㅋ 스타트 왜 저래? ㅋㅋㅋㅋㅋ,노리스 병신인가 ㅋㅋㅋㅋ 스타트 왜 저래? ㅋㅋㅋㅋㅋ,0.2708412706851959,0.2443096935749054,0.10142087936401367,0.1973482370376587,0.08174235373735428,0.10433758050203323
2024-08-25 22:04:27,대 쥬 지,,2,2.0,대 쥬 지 ,대 쥬 지,0.08899521082639694,0.12400659918785095,0.6602205038070679,0.057118743658065796,0.03452164679765701,0.03513733670115471
2024-08-25 22:04:28,야미병신ㅋㅋㅋㅋㅋㅋㅋ,ㅋㅋㅋㅋ,2,2.0,야미병신ㅋㅋㅋㅋㅋㅋㅋ ㅋㅋㅋㅋ,야미병신ㅋㅋㅋㅋㅋㅋㅋ ㅋㅋㅋㅋ,0.12083382904529572,0.1879546344280243,0.5159659385681152,0.10009413212537766,0.03271995484828949,0.042431559413671494
2024-08-25 22:04:29,그저 좆리스 ㅋㅋㅋㅋ,ㅋㅋㅋㅋㅋ,2,2.0,그저 좆리스 ㅋㅋㅋㅋ ㅋㅋㅋㅋㅋ,그저 좆리스 ㅋㅋㅋㅋ ㅋㅋㅋㅋㅋ,0.05985834449529648,0.12437820434570312,0.6811737418174744,0.06817511469125748,0.024465490132570267,0.041949156671762466
2024-08-25 22:04:29,진짜 순식간에따이네 ㅋㅋㅋㅋㅋㅋㅋㅋ,ㅋㅋㅋㅋㅋㅋㅋㅋㅋㅋ병신ㅋㅋㅋㅋㅋ,2,2.0,진짜 순식간에따이네 ㅋㅋㅋㅋㅋㅋㅋㅋ ㅋㅋㅋㅋㅋㅋㅋㅋㅋㅋ병신ㅋㅋㅋㅋㅋ,진짜 순식간에따이네 ㅋㅋㅋㅋㅋㅋㅋㅋ ㅋㅋㅋㅋㅋㅋㅋㅋㅋㅋ병신ㅋㅋㅋㅋㅋ,0.12528422474861145,0.19024258852005005,0.5075206160545349,0.09493186324834824,0.0384875163435936,0.043533191084861755
2024-08-25 22:04:33,노리스 저거 일부로 저러는거냐 ㅋㅋㅋ,"항의하는거냐
- dc official App",2,2.0,"노리스 저거 일부로 저러는거냐 ㅋㅋㅋ 항의하는거냐
- dc official App",노리스 저거 일부로 저러는거냐 ㅋㅋㅋ 항의하는거냐,0.2564089596271515,0.2704024910926819,0.0966794490814209,0.1874631941318512,0.08379928022623062,0.10524656623601913
2024-08-25 22:04:34,스타팅 따잇은 노평ㅋㅋㅋㅋㅋ,ㅋㅋㅋㅋㅋㅋㅋㅋㅋㅋㅋㅋㅋㅋㅅㅂ,2,2.0,스타팅 따잇은 노평ㅋㅋㅋㅋㅋ ㅋㅋㅋㅋㅋㅋㅋㅋㅋㅋㅋㅋㅋㅋㅅㅂ,스타팅 따잇은 노평ㅋㅋㅋㅋㅋ ㅋㅋㅋㅋㅋㅋㅋㅋㅋㅋㅋㅋㅋㅋㅅㅂ,0.10697475075721741,0.26059362292289734,0.12218093127012253,0.27994173765182495,0.04136483371257782,0.18894411623477936
2024-08-25 22:04:33,무관력 진짜 쩌노ㅋㅋㅋㅋㅋㅋㅋㅋㅋㅋㅋㅋㅋㅋ,,2,2.0,무관력 진짜 쩌노ㅋㅋㅋㅋㅋㅋㅋㅋㅋㅋㅋㅋㅋㅋ ,무관력 진짜 쩌노ㅋㅋㅋㅋㅋㅋㅋㅋㅋㅋㅋㅋㅋㅋ,0.15574966371059418,0.1837645024061203,0.5075544714927673,0.07149617373943329,0.049053531140089035,0.03238161280751228
2024-08-25 22:04:34,앰창리스 ㅋㅋ,,2,2.0,앰창리스 ㅋㅋ ,앰창리스 ㅋㅋ,0.15014433860778809,0.21182452142238617,0.3763948082923889,0.15033835172653198,0.051575638353824615,0.05972238630056381
2024-08-25 22:04:35,노리스는 진짜 스타트가 개병신이네,,2,2.0,노리스는 진짜 스타트가 개병신이네 ,노리스는 진짜 스타트가 개병신이네,0.1967666894197464,0.24288225173950195,0.0855390727519989,0.22377584874629974,0.05510269105434418,0.19593338668346405
2024-08-25 22:04:36,스타트의 신 리 스,- dc official App,2,2.0,스타트의 신 리 스 - dc official App,스타트의 신 리 스 - dc official App,0.16769760847091675,0.1713038980960846,0.5045682787895203,0.08301230520009995,0.03312261402606964,0.04029525816440582
2024-08-25 22:04:38,저딴게 무슨 챔이냐 ㅋㅋㅋ,시발 100프로 스타트 고자 ㅋㅋㅋ,2,2.0,저딴게 무슨 챔이냐 ㅋㅋㅋ 시발 100프로 스타트 고자 ㅋㅋㅋ,저딴게 무슨 챔이냐 ㅋㅋㅋ 시발 100프로 스타트 고자 ㅋㅋㅋ,0.18979455530643463,0.24912121891975403,0.11131212115287781,0.24059130251407623,0.07716412842273712,0.13201670348644257
2024-08-25 22:04:38,노리스 ㅋㅋㅋㅋ,,2,2.0,노리스 ㅋㅋㅋㅋ ,노리스 ㅋㅋㅋㅋ,0.0758567526936531,0.1160803958773613,0.6926548480987549,0.06002431362867355,0.02339153178036213,0.03199218213558197
2024-08-25 22:04:39,미친 핸드폰보다기 신호 못봤냐?,미친놈아,2,2.0,미친 핸드폰보다기 신호 못봤냐? 미친놈아,미친 핸드폰보다기 신호 못봤냐? 미친놈아,0.18865564465522766,0.20974688231945038,0.11053034663200378,0.2809937596321106,0.05948713794350624,0.1505862921476364
2024-08-25 22:04:40,누리스 스타트 진짜 개병신 ㅋㅋㅋㅋㅋㅋㅋ,ㅋㅋㅋㅋㅋㅋ,2,2.0,누리스 스타트 진짜 개병신 ㅋㅋㅋㅋㅋㅋㅋ ㅋㅋㅋㅋㅋㅋ,누리스 스타트 진짜 개병신 ㅋㅋㅋㅋㅋㅋㅋ ㅋㅋㅋㅋㅋㅋ,0.18995453417301178,0.2433602213859558,0.25024834275245667,0.18209080398082733,0.06244798004627228,0.07189809530973434
2024-08-25 22:04:40,ㅅㅂ 피아제도 느렸음?,아오,2,2.0,ㅅㅂ 피아제도 느렸음? 아오,ㅅㅂ 피아제도 느렸음? 아오,0.12473538517951965,0.21523408591747284,0.10417747497558594,0.30159783363342285,0.04618598520755768,0.20806922018527985
2024-08-25 22:04:39,병신새끼 진짜ㅋㅋㅋㅋ,어떻게 첫코너도 못버티냐???,2,2.0,병신새끼 진짜ㅋㅋㅋㅋ 어떻게 첫코너도 못버티냐???,병신새끼 진짜ㅋㅋㅋㅋ 어떻게 첫코너도 못버티냐???,0.24883827567100525,0.20373906195163727,0.09117356687784195,0.236687570810318,0.1105814203619957,0.10898011922836304
2024-08-25 22:04:40,병신 ㅋㅋㅋㅋㅋ,t1도 못버티고 스타트에서 ㅋㅋㅋㅋㅋㅋㅋㅋ,2,2.0,병신 ㅋㅋㅋㅋㅋ t1도 못버티고 스타트에서 ㅋㅋㅋㅋㅋㅋㅋㅋ,병신 ㅋㅋㅋㅋㅋ t1도 못버티고 스타트에서 ㅋㅋㅋㅋㅋㅋㅋㅋ,0.25343653559684753,0.2317207157611847,0.2732048034667969,0.11705225706100464,0.08081516623497009,0.04377053305506706
2024-08-25 22:04:42,좃리스 ㅋㅋㅋㅋㅋㅋㅋ,ㅋㅋㅋㅋㅌ,2,2.0,좃리스 ㅋㅋㅋㅋㅋㅋㅋ ㅋㅋㅋㅋㅌ,좃리스 ㅋㅋㅋㅋㅋㅋㅋ ㅋㅋㅋㅋㅌ,0.07175199687480927,0.12111464887857437,0.6858477592468262,0.06384611874818802,0.02316001057624817,0.034279488027095795
2024-08-25 22:04:42,코너 돌기도 전에 따이냐 씹 ㅋㅋㅋㅋ,진짜 대단하노,2,2.0,코너 돌기도 전에 따이냐 씹 ㅋㅋㅋㅋ 진짜 대단하노,코너 돌기도 전에 따이냐 씹 ㅋㅋㅋㅋ 진짜 대단하노,0.31054696440696716,0.19540320336818695,0.11603601276874542,0.16347220540046692,0.13924311101436615,0.0752985030412674
2024-08-25 22:04:43,노리스 폴 따도 의미가 없노,ㅇ,2,2.0,노리스 폴 따도 의미가 없노 ㅇ,노리스 폴 따도 의미가 없노 ㅇ,0.1573692411184311,0.3256702125072479,0.1034732535481453,0.15579533576965332,0.05946321785449982,0.19822873175144196
2024-08-25 22:04:42,저새낀 진짜 대단하노 ㅋㅋㅋㅋㅋ,,2,2.0,저새낀 진짜 대단하노 ㅋㅋㅋㅋㅋ ,저새낀 진짜 대단하노 ㅋㅋㅋㅋㅋ,0.33924996852874756,0.17956943809986115,0.14808300137519836,0.1467313915491104,0.1270895004272461,0.059276677668094635
2024-08-25 22:04:44,가슬리 7위 ㅅㅅㅅㅅㅅ,,2,2.0,가슬리 7위 ㅅㅅㅅㅅㅅ ,가슬리 7위 ㅅㅅㅅㅅㅅ,0.059108078479766846,0.10660415142774582,0.7245932817459106,0.050495728850364685,0.02418496273458004,0.035013820976018906
2024-08-25 22:04:46,ㅋㅋㅋㅋㅋㅋㅋ 노리스 시바 ㅋㅋㅋㅋㅋ,너무 웃겨,2,2.0,ㅋㅋㅋㅋㅋㅋㅋ 노리스 시바 ㅋㅋㅋㅋㅋ 너무 웃겨,ㅋㅋㅋㅋㅋㅋㅋ 노리스 시바 ㅋㅋㅋㅋㅋ 너무 웃겨,0.07964655756950378,0.13281680643558502,0.6605592966079712,0.06492933630943298,0.024632221087813377,0.03741578012704849
2024-08-25 22:04:46,첫코너 들어가기도 전에 따이네 좆병신새끼,ㅇㅇ,2,2.0,첫코너 들어가기도 전에 따이네 좆병신새끼 ㅇㅇ,첫코너 들어가기도 전에 따이네 좆병신새끼 ㅇㅇ,0.157741978764534,0.16544035077095032,0.10261274129152298,0.3417109549045563,0.06015906482934952,0.1723349243402481
2024-08-25 22:04:50,ㅋㅋㅋㅋㅋㅋ시발 병신 노리스,지랄낫다,2,2.0,ㅋㅋㅋㅋㅋㅋ시발 병신 노리스 지랄낫다,ㅋㅋㅋㅋㅋㅋ시발 병신 노리스 지랄낫다,0.1361384242773056,0.19259530305862427,0.12941214442253113,0.31539177894592285,0.058455828577280045,0.16800661385059357
2024-08-25 22:04:50,대몽골 ㅋㅋㅋㅋ,,2,2.0,대몽골 ㅋㅋㅋㅋ ,대몽골 ㅋㅋㅋㅋ,0.107986219227314,0.14556196331977844,0.6200692057609558,0.06379485130310059,0.03275284543633461,0.029834875836968422
2024-08-25 22:04:52,어김없이 추월당하노 ㅋㅋㅋㅋㅋㅋㅋㅋㅋㅋㅋㅋㅋㅋㅋㅋ,- dc official App,2,2.0,어김없이 추월당하노 ㅋㅋㅋㅋㅋㅋㅋㅋㅋㅋㅋㅋㅋㅋㅋㅋ - dc official App,어김없이 추월당하노 ㅋㅋㅋㅋㅋㅋㅋㅋㅋㅋㅋㅋㅋㅋㅋㅋ - dc official App,0.14037100970745087,0.17900685966014862,0.47375547885894775,0.10808475315570831,0.049947913736104965,0.048833973705768585
2024-08-25 22:04:53,대슬리 ㅋㅋㅋㅋㅋㅋㅋ,.,2,2.0,대슬리 ㅋㅋㅋㅋㅋㅋㅋ .,대슬리 ㅋㅋㅋㅋㅋㅋㅋ .,0.081792451441288,0.12662574648857117,0.6709274053573608,0.06220216304063797,0.026619818061590195,0.03183241933584213
2024-08-25 22:04:54,노리스 이 새끼 월챔감 아니다 진짜,아니 이걸 왜,2,2.0,노리스 이 새끼 월챔감 아니다 진짜 아니 이걸 왜,노리스 이 새끼 월챔감 아니다 진짜 아니 이걸 왜,0.2010805755853653,0.2666745185852051,0.0729706734418869,0.22764229774475098,0.06443948298692703,0.16719241440296173
2024-08-25 22:04:54,노리스 스타트 병신이네 ㅋㅋ,,2,2.0,노리스 스타트 병신이네 ㅋㅋ ,노리스 스타트 병신이네 ㅋㅋ,0.30104556679725647,0.22277401387691498,0.14222140610218048,0.16812944412231445,0.10014205425977707,0.06568747013807297
2024-08-25 22:04:55,누리스 도대체 왜저러노 ㅋㅋㅋㅋㅋㅋㅋㅋㅋ,,2,2.0,누리스 도대체 왜저러노 ㅋㅋㅋㅋㅋㅋㅋㅋㅋ ,누리스 도대체 왜저러노 ㅋㅋㅋㅋㅋㅋㅋㅋㅋ,0.18191662430763245,0.32785677909851074,0.15818123519420624,0.1473349630832672,0.0973525270819664,0.08735788613557816
2024-08-25 22:04:55,인터벌 1초 ㅋㅋㅋ,,2,2.0,인터벌 1초 ㅋㅋㅋ ,인터벌 1초 ㅋㅋㅋ,0.13303661346435547,0.16650672256946564,0.5288829207420349,0.08949640393257141,0.039585668593645096,0.04249163717031479
2024-08-25 22:04:56,진짜 누리스 ㄹㅇ 개씹차빨ㅋㅋㅋㅋㅋㅋㅋㅋㅋㅋㅋ,,2,2.0,진짜 누리스 ㄹㅇ 개씹차빨ㅋㅋㅋㅋㅋㅋㅋㅋㅋㅋㅋ ,진짜 누리스 ㄹㅇ 개씹차빨ㅋㅋㅋㅋㅋㅋㅋㅋㅋㅋㅋ,0.10834618657827377,0.14764060080051422,0.598128616809845,0.07237672805786133,0.03735021874308586,0.03615764155983925
2024-08-25 22:04:56,스타트때 저렇게 조지는건 첨 봤다,뭐임,2,2.0,스타트때 저렇게 조지는건 첨 봤다 뭐임,스타트때 저렇게 조지는건 첨 봤다 뭐임,0.29055365920066833,0.2235531508922577,0.09394274652004242,0.17723074555397034,0.11597036570310593,0.0987493097782135
2024-08-25 22:04:58,스타트는 진짜 재앙이네 ㅋㅋㅋㅋㅋㅋㅋㅋㅋㅋ,ㅅㅂㅋㅋㅋㅋ,2,2.0,스타트는 진짜 재앙이네 ㅋㅋㅋㅋㅋㅋㅋㅋㅋㅋ ㅅㅂㅋㅋㅋㅋ,스타트는 진짜 재앙이네 ㅋㅋㅋㅋㅋㅋㅋㅋㅋㅋ ㅅㅂㅋㅋㅋㅋ,0.12943661212921143,0.19762371480464935,0.09754651039838791,0.30061665177345276,0.057231128215789795,0.2175453156232834
2024-08-25 22:04:58,노리스 ㅅㅂ 폴 뺏기는거에 토토 걸었냐 ㅋㅋㅋㅋㅋ,어이가 없네 ㅅㅂㅋㅋㅋㅋㅋㅋ,2,2.0,노리스 ㅅㅂ 폴 뺏기는거에 토토 걸었냐 ㅋㅋㅋㅋㅋ 어이가 없네 ㅅㅂㅋㅋㅋㅋㅋㅋ,노리스 ㅅㅂ 폴 뺏기는거에 토토 걸었냐 ㅋㅋㅋㅋㅋ 어이가 없네 ㅅㅂㅋㅋㅋㅋㅋㅋ,0.15917471051216125,0.25819334387779236,0.11581964790821075,0.2590835392475128,0.07251804322004318,0.13521064817905426
2024-08-25 22:04:58,아오 노리스 병신아,,2,2.0,아오 노리스 병신아 ,아오 노리스 병신아,0.11679020524024963,0.20760945975780487,0.18731482326984406,0.30652135610580444,0.04742411524057388,0.13434003293514252
2024-08-25 22:04:59,캬 씨발 이거지,- dc official App,2,2.0,캬 씨발 이거지 - dc official App,캬 씨발 이거지 - dc official App,0.09083744138479233,0.13614070415496826,0.5820146799087524,0.10586448013782501,0.03156466409564018,0.053578007966279984
2024-08-25 22:05:00,노리스 저 새끼,ㅅㅂ,2,2.0,노리스 저 새끼 ㅅㅂ,노리스 저 새끼 ㅅㅂ,0.1262003630399704,0.15651096403598785,0.18877488374710083,0.3026134669780731,0.04154500737786293,0.18435533344745636
2024-08-25 22:04:59,역시,기대를 저버리지 않는구나 노리스,2,2.0,역시 기대를 저버리지 않는구나 노리스,역시 기대를 저버리지 않는구나 노리스,0.08472666889429092,0.1537356972694397,0.5959050059318542,0.05872644484043121,0.048967767506837845,0.05793841555714607
2024-08-25 22:04:57,역시 엪붕이들 엪잘알이노,- dc official App,2,2.0,역시 엪붕이들 엪잘알이노 - dc official App,역시 엪붕이들 엪잘알이노 - dc official App,0.08512957394123077,0.12753894925117493,0.6688269376754761,0.05004645138978958,0.035868141800165176,0.03258994221687317
2024-08-25 22:05:05,‼+이런 개 씨부랄 JOAT,^무^,2,2.0,‼+이런 개 씨부랄 JOAT ^무^,‼+이런 개 씨부랄 JOAT ^무^,0.10630666464567184,0.16895915567874908,0.20619496703147888,0.31360167264938354,0.04695276543498039,0.15798474848270416
2024-08-25 22:05:07,아니 1랩에 drs 밖으로 도망가겧는데?,ㅋㅋ,2,2.0,아니 1랩에 drs 밖으로 도망가겧는데? ㅋㅋ,아니 1랩에 drs 밖으로 도망가겧는데? ㅋㅋ,0.3051864802837372,0.26155632734298706,0.10553005337715149,0.1319725662469864,0.1216934323310852,0.07406116276979446
2024-08-25 22:05:07,^무^리스 월챔은 지랄ㅋㅋㅋㅋㅋ,ㅋㅋㅋ,2,2.0,^무^리스 월챔은 지랄ㅋㅋㅋㅋㅋ ㅋㅋㅋ,^무^리스 월챔은 지랄ㅋㅋㅋㅋㅋ ㅋㅋㅋ,0.14730097353458405,0.22511935234069824,0.31288400292396545,0.18729262053966522,0.04603148251771927,0.08137153089046478
2024-08-25 22:05:08,진짜 경이롭네 와,"ㄹㅈㄷ ㅌㅋ
- dc official App",2,2.0,"진짜 경이롭네 와 ㄹㅈㄷ ㅌㅋ
- dc official App",진짜 경이롭네 와 ㄹㅈㄷ ㅌㅋ,0.18018320202827454,0.18183478713035583,0.473315954208374,0.07467962056398392,0.05540544167160988,0.034580960869789124
2024-08-25 22:05:09,노래스 이 시발 ㅋㅋㅋㅋㅋㅋㅋ,.,2,2.0,노래스 이 시발 ㅋㅋㅋㅋㅋㅋㅋ .,노래스 이 시발 ㅋㅋㅋㅋㅋㅋㅋ .,0.10314596444368362,0.20250754058361053,0.4311496913433075,0.15361887216567993,0.04226871207356453,0.06730929762125015
2024-08-25 22:05:10,몽골이 폴이었던거지?....,그냥 몽골이 앞에서 출발한거 같은데?ㅋㅋ,2,2.0,몽골이 폴이었던거지?.... 그냥 몽골이 앞에서 출발한거 같은데?ㅋㅋ,몽골이 폴이었던거지?.... 그냥 몽골이 앞에서 출발한거 같은데?ㅋㅋ,0.3346360921859741,0.2365713268518448,0.14120730757713318,0.11875909566879272,0.10564626753330231,0.06317988783121109
2024-08-25 22:05:12,병신.jpg,- dc official App,2,2.0,병신.jpg - dc official App,병신.jpg - dc official App,0.1944504827260971,0.1828487068414688,0.45400044322013855,0.08669969439506531,0.035561926662921906,0.04643870145082474
2024-08-25 22:05:15,노리스 개,"에휴
- dc official App",2,2.0,"노리스 개 에휴
- dc official App",노리스 개 에휴,0.13635404407978058,0.21001797914505005,0.10139261186122894,0.28480666875839233,0.05130588263273239,0.21612277626991272
2024-08-25 22:05:15,앰창너다 따잇,ㅗㅗ,2,2.0,앰창너다 따잇 ㅗㅗ,앰창너다 따잇 ㅗㅗ,0.15235517919063568,0.14711883664131165,0.17615333199501038,0.32269933819770813,0.05644351243972778,0.14522983133792877
2024-08-25 22:05:15,노리스는 스타트가 왤케 약해,잘하는 선수치고 유독 스타트가 약해 진짜,2,2.0,노리스는 스타트가 왤케 약해 잘하는 선수치고 유독 스타트가 약해 진짜,노리스는 스타트가 왤케 약해 잘하는 선수치고 유독 스타트가 약해 진짜,0.21977800130844116,0.31514328718185425,0.08563018590211868,0.14169181883335114,0.05629541724920273,0.18146124482154846
2024-08-25 22:05:16,시발 그냥 얘는 1등이 거부함,어떻게 스타트 정상적인걸 본적이 없냐,2,2.0,시발 그냥 얘는 1등이 거부함 어떻게 스타트 정상적인걸 본적이 없냐,시발 그냥 얘는 1등이 거부함 어떻게 스타트 정상적인걸 본적이 없냐,0.1602315902709961,0.20020250976085663,0.07394246757030487,0.2625393867492676,0.054015230387449265,0.24906881153583527
2024-08-25 22:05:18,노리스 시발 손가락에 렉걸림?,점마는 스타트 귀신이 붙었나,2,2.0,노리스 시발 손가락에 렉걸림? 점마는 스타트 귀신이 붙었나,노리스 시발 손가락에 렉걸림? 점마는 스타트 귀신이 붙었나,0.13517087697982788,0.19488905370235443,0.1151796281337738,0.3382457494735718,0.05483464524149895,0.16168001294136047
2024-08-25 22:05:22,물탕이도 뒤에서 빌빌대네 ㅋㅋㅋㅋㅋ,- dc official App,3,3.0,물탕이도 뒤에서 빌빌대네 ㅋㅋㅋㅋㅋ - dc official App,물탕이도 뒤에서 빌빌대네 ㅋㅋㅋㅋㅋ - dc official App,0.2070161998271942,0.2611582577228546,0.31173017621040344,0.09606704860925674,0.07614429295063019,0.04788406938314438
2024-08-25 22:05:26,오늘 스타트는 아쉬운 정도가 아니라 많이 느린것 같았는데,막스가 ㅈㄴ 빠른건가,3,3.0,오늘 스타트는 아쉬운 정도가 아니라 많이 느린것 같았는데 막스가 ㅈㄴ 빠른건가,오늘 스타트는 아쉬운 정도가 아니라 많이 느린것 같았는데 막스가 ㅈㄴ 빠른건가,0.32378703355789185,0.2571731209754944,0.12603089213371277,0.1133730560541153,0.10716203600168228,0.07247389853000641
2024-08-25 22:05:31,저우는머함?,ㅋㅋㅋㅋㅋㅋ,3,3.0,저우는머함? ㅋㅋㅋㅋㅋㅋ,저우는머함? ㅋㅋㅋㅋㅋㅋ,0.29722005128860474,0.2577766180038452,0.19399118423461914,0.10646133869886398,0.09431149065494537,0.05023932456970215
2024-08-25 22:05:32,햄보ㅋㅋㅋㅋㅋㅋㅋㅋㅋㅋㅋㅋㅋㅋㅋ,,3,3.0,햄보ㅋㅋㅋㅋㅋㅋㅋㅋㅋㅋㅋㅋㅋㅋㅋ ,햄보ㅋㅋㅋㅋㅋㅋㅋㅋㅋㅋㅋㅋㅋㅋㅋ,0.06855423003435135,0.1105135902762413,0.7042455673217773,0.05779903754591942,0.02356799505650997,0.03531959652900696
2024-08-25 22:05:35,퍼스트는 피아제 줘라,엪매도 해보니까 피아제가 계속 무리스 따먹더라,3,3.0,퍼스트는 피아제 줘라 엪매도 해보니까 피아제가 계속 무리스 따먹더라,퍼스트는 피아제 줘라 엪매도 해보니까 피아제가 계속 무리스 따먹더라,0.2544029951095581,0.3104361891746521,0.08944056183099747,0.11318633705377579,0.08442067354917526,0.1481131762266159
2024-08-25 22:05:36,가슬이 개잘하네 ㅅㅅㅅㅅㅅ,미쳒노,3,3.0,가슬이 개잘하네 ㅅㅅㅅㅅㅅ 미쳒노,가슬이 개잘하네 ㅅㅅㅅㅅㅅ 미쳒노,0.08832045644521713,0.1388055384159088,0.6415256261825562,0.05817944556474686,0.03585023060441017,0.03731866553425789
2024-08-25 22:05:39,오늘 차 소리가 유독 더 크지 않음?,ㅈㄴ 시끄럽다,3,3.0,오늘 차 소리가 유독 더 크지 않음? ㅈㄴ 시끄럽다,오늘 차 소리가 유독 더 크지 않음? ㅈㄴ 시끄럽다,0.17042279243469238,0.279587060213089,0.08740736544132233,0.23653681576251984,0.07622607052326202,0.14981985092163086
2024-08-25 22:05:39,시작부터 개꿀잼ㅋㅋㅋㅋㅋ,내가 몽골견이라,3,3.0,시작부터 개꿀잼ㅋㅋㅋㅋㅋ 내가 몽골견이라,시작부터 개꿀잼ㅋㅋㅋㅋㅋ 내가 몽골견이라,0.05995505303144455,0.10763655602931976,0.717484712600708,0.05361953005194664,0.02386878989636898,0.037435390055179596
2024-08-25 22:05:39,막스 홈이라고 날라댕기네,,3,3.0,막스 홈이라고 날라댕기네 ,막스 홈이라고 날라댕기네,0.15642531216144562,0.17593146860599518,0.5240789651870728,0.06058738753199577,0.0506770983338356,0.03229980915784836
2024-08-25 22:05:41,황 슬 리,,3,3.0,황 슬 리 ,황 슬 리,0.08696793764829636,0.12334730476140976,0.6653989553451538,0.0575542114675045,0.030114322900772095,0.03661729395389557
2024-08-25 22:05:42,보햄전 ㄷㄷ,- dc official App,3,3.0,보햄전 ㄷㄷ - dc official App,보햄전 ㄷㄷ - dc official App,0.23021185398101807,0.19613809883594513,0.40295228362083435,0.08564450591802597,0.047040753066539764,0.038012515753507614
2024-08-25 22:05:42,아니 오늘 쿠플 목소리 왤케 안들리냐,소리를 키우면 엔진소리만 들려,3,3.0,아니 오늘 쿠플 목소리 왤케 안들리냐 소리를 키우면 엔진소리만 들려,아니 오늘 쿠플 목소리 왤케 안들리냐 소리를 키우면 엔진소리만 들려,0.1416640281677246,0.337794691324234,0.10287708789110184,0.17684926092624664,0.04778224602341652,0.19303260743618011
2024-08-25 22:05:41,알국왕 와이라놐ㅋㅋㅋㅋㅋ,,3,3.0,알국왕 와이라놐ㅋㅋㅋㅋㅋ ,알국왕 와이라놐ㅋㅋㅋㅋㅋ,0.14896567165851593,0.23295186460018158,0.45281073451042175,0.08132415264844894,0.0441766083240509,0.03977091982960701
2024-08-25 22:05:46,개시발또라이새끼야,,3,3.0,개시발또라이새끼야 ,개시발또라이새끼야,0.14188575744628906,0.1535489708185196,0.1596686840057373,0.3196019232273102,0.04825182259082794,0.17704282701015472
2024-08-25 22:05:46,가슬리 보여주냐?,,3,3.0,가슬리 보여주냐? ,가슬리 보여주냐?,0.31196674704551697,0.25339457392692566,0.16666868329048157,0.10249532014131546,0.09552053362131119,0.06995417177677155
2024-08-25 22:05:49,처참한 폴투윈 실력,"누리스 월챔 하고싶으면
진짜 저 스타팅좀 어케 해야될듯",3,3.0,"처참한 폴투윈 실력 누리스 월챔 하고싶으면
진짜 저 스타팅좀 어케 해야될듯",처참한 폴투윈 실력 누리스 월챔 하고싶으면 진짜 저 스타팅좀 어케 해야될듯,0.2526067793369293,0.27263957262039185,0.06690175086259842,0.15815259516239166,0.09276872873306274,0.1569305956363678
2024-08-25 22:05:50,신호대기하면서 노래 부른것도 아니고 ㅋㅋㅋ,,3,3.0,신호대기하면서 노래 부른것도 아니고 ㅋㅋㅋ ,신호대기하면서 노래 부른것도 아니고 ㅋㅋㅋ,0.2579207122325897,0.2755240499973297,0.15440981090068817,0.153167724609375,0.08210990577936172,0.07686783373355865
2024-08-25 22:05:51,노리스 이새끼때문에 오늘 다 봤으면 개추,,3,3.0,노리스 이새끼때문에 오늘 다 봤으면 개추 ,노리스 이새끼때문에 오늘 다 봤으면 개추,0.059405453503131866,0.11768094450235367,0.6917117834091187,0.05972446873784065,0.026494231075048447,0.04498307779431343
2024-08-25 22:05:52,차 이슈 그거 말고는 설명이 불가능할 정도로 개느리네,스타트를 또,3,3.0,차 이슈 그거 말고는 설명이 불가능할 정도로 개느리네 스타트를 또,차 이슈 그거 말고는 설명이 불가능할 정도로 개느리네 스타트를 또,0.2210182547569275,0.3002617061138153,0.06632949411869049,0.16953128576278687,0.06718933582305908,0.17566995322704315
2024-08-25 22:05:54,대 쥬 지 p3 개 섹스ㅋㅋㅋㅋ,- dc official App,3,3.0,대 쥬 지 p3 개 섹스ㅋㅋㅋㅋ - dc official App,대 쥬 지 p3 개 섹스ㅋㅋㅋㅋ - dc official App,0.0779026597738266,0.10958370566368103,0.6945016384124756,0.0614805668592453,0.02522178180515766,0.03130965307354927
2024-08-25 22:05:57,맥라렌은 차가좋아서,"몽골처럼 타이어,배터리 깎아가며 1등먹을필요없음",3,3.0,"맥라렌은 차가좋아서 몽골처럼 타이어,배터리 깎아가며 1등먹을필요없음","맥라렌은 차가좋아서 몽골처럼 타이어,배터리 깎아가며 1등먹을필요없음",0.27110734581947327,0.2888479232788086,0.15804338455200195,0.10377251356840134,0.09671805053949356,0.08151071518659592
2024-08-25 22:05:57,진짜 과학인가 ㅋㅋㅋㅋㅋㅋㅋ,ㅋㅋㅋㅋㅋㅋㅋㅋㅋㅋㅋㅋ,3,3.0,진짜 과학인가 ㅋㅋㅋㅋㅋㅋㅋ ㅋㅋㅋㅋㅋㅋㅋㅋㅋㅋㅋㅋ,진짜 과학인가 ㅋㅋㅋㅋㅋㅋㅋ ㅋㅋㅋㅋㅋㅋㅋㅋㅋㅋㅋㅋ,0.175841823220253,0.22518707811832428,0.3771311044692993,0.10951992869377136,0.06326331198215485,0.04905667528510094
2024-08-25 22:05:57,❗+❗+잭 브라운은 빠따를 들라❗+❗+,이 병신새끼 좀 패라 씨발 ㅋㅋ,3,3.0,❗+❗+잭 브라운은 빠따를 들라❗+❗+ 이 병신새끼 좀 패라 씨발 ㅋㅋ,❗+❗+잭 브라운은 빠따를 들라❗+❗+ 이 병신새끼 좀 패라 씨발 ㅋㅋ,0.12955810129642487,0.1557300090789795,0.2162109911441803,0.2975519597530365,0.0498121976852417,0.15113680064678192
2024-08-25 22:05:57,???:아 무관 따잇하는 재미 갑자기 F1이 재밌어졌네에~,ㄹㅇㅋㅋㅋㅋ,3,3.0,???:아 무관 따잇하는 재미 갑자기 F1이 재밌어졌네에~ ㄹㅇㅋㅋㅋㅋ,???:아 무관 따잇하는 재미 갑자기 F1이 재밌어졌네에~ ㄹㅇㅋㅋㅋㅋ,0.07903329282999039,0.13414621353149414,0.6545400619506836,0.06892532110214233,0.02542283944785595,0.03793233260512352
2024-08-25 22:05:59,또 롱런 차빨로 우승하고 노.사모들 실력호소 예정,"에라이 병신새끼야
- dc official App",3,3.0,"또 롱런 차빨로 우승하고 노.사모들 실력호소 예정 에라이 병신새끼야
- dc official App",또 롱런 차빨로 우승하고 노.사모들 실력호소 예정 에라이 병신새끼야,0.19019128382205963,0.1737661361694336,0.08567939698696136,0.30228954553604126,0.058477215468883514,0.189596489071846
2024-08-25 22:06:00,아니 퀄리 0.3초를 이기고 뭐야 이게,"1랩에 따이고 1바퀴만에 1초 넘게 벌어지는건
퀄리 뭐한거야 시발 ㅋㅋㅋ",3,3.0,"아니 퀄리 0.3초를 이기고 뭐야 이게 1랩에 따이고 1바퀴만에 1초 넘게 벌어지는건
퀄리 뭐한거야 시발 ㅋㅋㅋ",아니 퀄리 0.3초를 이기고 뭐야 이게 1랩에 따이고 1바퀴만에 1초 넘게 벌어지는건 퀄리 뭐한거야 시발 ㅋㅋㅋ,0.21901850402355194,0.23100781440734863,0.07716160267591476,0.22354938089847565,0.07343931496143341,0.17582334578037262
2024-08-25 22:06:01,오늘 차 소리 왜 이렇게 시원하냐?,"현장감 미침
- dc official App",3,3.0,"오늘 차 소리 왜 이렇게 시원하냐? 현장감 미침
- dc official App",오늘 차 소리 왜 이렇게 시원하냐? 현장감 미침,0.08043915778398514,0.12983515858650208,0.6607074737548828,0.0643792599439621,0.02590283192694187,0.03873617947101593
2024-08-25 22:06:02,가자 ㄱㄱㄱ,야,3,3.0,가자 ㄱㄱㄱ 야,가자 ㄱㄱㄱ 야,0.07596021145582199,0.11173742264509201,0.6868725419044495,0.05720101296901703,0.02874528057873249,0.039483442902565
2024-08-25 22:06:02,순위변화 전반적으로 다 있네,,3,3.0,순위변화 전반적으로 다 있네 ,순위변화 전반적으로 다 있네,0.25732532143592834,0.29120776057243347,0.18664266169071198,0.10351495444774628,0.08115842193365097,0.08015085756778717
2024-08-25 22:06:05,다 피트레인쪽이 한칸씩 올라갔네,ㅋㅋㅋㅋ,3,3.0,다 피트레인쪽이 한칸씩 올라갔네 ㅋㅋㅋㅋ,다 피트레인쪽이 한칸씩 올라갔네 ㅋㅋㅋㅋ,0.18090318143367767,0.1948785036802292,0.441109836101532,0.09059607982635498,0.05282546579837799,0.03968695551156998
2024-08-25 22:06:09,그와중 병신 한계단 하락이네,음,3,3.0,그와중 병신 한계단 하락이네 음,그와중 병신 한계단 하락이네 음,0.26658210158348083,0.29993852972984314,0.1063629612326622,0.11546862870454788,0.08234531432390213,0.12930242717266083
2024-08-25 22:06:12,위아래위래위어래위아래,"머냐 순위변동ㅋㅋ
- dc official App",3,3.0,"위아래위래위어래위아래 머냐 순위변동ㅋㅋ
- dc official App",위아래위래위어래위아래 머냐 순위변동ㅋㅋ,0.2815250754356384,0.27121832966804504,0.15783828496932983,0.13729241490364075,0.06851579248905182,0.08361011743545532
2024-08-25 22:06:15,막스 랜도 한번만 더 박아라,쥬지 꽁승 한번 더 가ㅏㅈ,3,3.0,막스 랜도 한번만 더 박아라 쥬지 꽁승 한번 더 가ㅏㅈ,막스 랜도 한번만 더 박아라 쥬지 꽁승 한번 더 가ㅏㅈ,0.09633787721395493,0.13545596599578857,0.6037746667861938,0.07490760833024979,0.04170906916260719,0.04781480133533478
2024-08-25 22:06:15,순위 유지를 한 곳이 없네ㅋㅋ,ㅋㅋ,3,3.0,순위 유지를 한 곳이 없네ㅋㅋ ㅋㅋ,순위 유지를 한 곳이 없네ㅋㅋ ㅋㅋ,0.24109479784965515,0.3061601519584656,0.08285974711179733,0.16148792207241058,0.09848806262016296,0.10990932583808899
2024-08-25 22:06:15,"2,4,6그리드가 1,3,5위됐네",ㅋㅋㅋ,3,3.0,"2,4,6그리드가 1,3,5위됐네 ㅋㅋㅋ","2,4,6그리드가 1,3,5위됐네 ㅋㅋㅋ",0.18105706572532654,0.21317441761493683,0.40872013568878174,0.10636386275291443,0.04732673242688179,0.04335781931877136
2024-08-25 22:06:17,차소리 큰거 너무좋노,ㅈㄴ 재밌네,3,3.0,차소리 큰거 너무좋노 ㅈㄴ 재밌네,차소리 큰거 너무좋노 ㅈㄴ 재밌네,0.07022964954376221,0.11693017929792404,0.6897586584091187,0.05791087448596954,0.02539209835231304,0.03977854549884796
2024-08-25 22:06:17,[속보] 노리스 폴 스타트 0승 6패 달성,ㅋㅋㅋㅋㅋㅋㅋㅋㅋㅋㅋㅋㅋㅋ,3,3.0,[속보] 노리스 폴 스타트 0승 6패 달성 ㅋㅋㅋㅋㅋㅋㅋㅋㅋㅋㅋㅋㅋㅋ,[속보] 노리스 폴 스타트 0승 6패 달성 ㅋㅋㅋㅋㅋㅋㅋㅋㅋㅋㅋㅋㅋㅋ,0.15289834141731262,0.1915324330329895,0.46038299798965454,0.10417907685041428,0.046335987746715546,0.04467114061117172
2024-08-25 22:06:17,츠노다 멸망ㅋㅋ,,3,3.0,츠노다 멸망ㅋㅋ ,츠노다 멸망ㅋㅋ,0.1411227583885193,0.1788589507341385,0.405238538980484,0.16545063257217407,0.045972518622875214,0.06335655599832535
2024-08-25 22:06:18,순위변동 생긴 게 몇 명이야 ㄷㄷ,,3,3.0,순위변동 생긴 게 몇 명이야 ㄷㄷ ,순위변동 생긴 게 몇 명이야 ㄷㄷ,0.3193528354167938,0.2134755253791809,0.11566538363695145,0.14556066691875458,0.12573997676372528,0.08020561933517456
2024-08-25 22:06:19,경의품격ㅋㅋㅋ,- dc official App,3,3.0,경의품격ㅋㅋㅋ - dc official App,경의품격ㅋㅋㅋ - dc official App,0.11708743870258331,0.13215786218643188,0.6198045015335083,0.07264072448015213,0.02931361459195614,0.02899593859910965
2024-08-25 22:06:18,맥라렌은 차 수준을 드라이버가 못따라옴,ㅇㅇ,3,3.0,맥라렌은 차 수준을 드라이버가 못따라옴 ㅇㅇ,맥라렌은 차 수준을 드라이버가 못따라옴 ㅇㅇ,0.36148059368133545,0.2396411895751953,0.09001418203115463,0.12573465704917908,0.09136107563972473,0.09176839143037796
2024-08-25 22:06:19,경의추월 ㅋㅋㅋㅋ,ㅋㅋㅋㅋㅋ,3,3.0,경의추월 ㅋㅋㅋㅋ ㅋㅋㅋㅋㅋ,경의추월 ㅋㅋㅋㅋ ㅋㅋㅋㅋㅋ,0.08563858270645142,0.12776699662208557,0.6717586517333984,0.05827636644244194,0.026817310601472855,0.029742060229182243
2024-08-25 22:06:20,대 물 탕,,3,3.0,대 물 탕 ,대 물 탕,0.07770222425460815,0.1081242635846138,0.7007542252540588,0.05651112273335457,0.02383909374475479,0.03306904062628746
2024-08-25 22:06:20,노리스←이새끼 죽었다 깨어나도 월챔 못먹음,작년 레드불급 차 태우지 않는 이상 절대 불가능,3,3.0,노리스←이새끼 죽었다 깨어나도 월챔 못먹음 작년 레드불급 차 태우지 않는 이상 절대 불가능,노리스←이새끼 죽었다 깨어나도 월챔 못먹음 작년 레드불급 차 태우지 않는 이상 절대 불가능,0.2854641079902649,0.21470382809638977,0.06851329654455185,0.18587452173233032,0.10238172858953476,0.14306248724460602
2024-08-25 22:06:20,대밀턴ㅋㅋㅋㅋ,- dc official App,3,3.0,대밀턴ㅋㅋㅋㅋ - dc official App,대밀턴ㅋㅋㅋㅋ - dc official App,0.10168018192052841,0.12879578769207,0.6453055739402771,0.06730616837739944,0.02761470526456833,0.029297586530447006
2024-08-25 22:06:22,가슬리 잘하노,기모딱,3,3.0,가슬리 잘하노 기모딱,가슬리 잘하노 기모딱,0.08378274738788605,0.12915274500846863,0.6572684645652771,0.05646449327468872,0.03438055142760277,0.03895096853375435
2024-08-25 22:06:25,경의 품격,- dc official App,3,3.0,경의 품격 - dc official App,경의 품격 - dc official App,0.20494866371154785,0.18969544768333435,0.4288426339626312,0.09338739514350891,0.03474248945713043,0.04838329926133156
2024-08-25 22:06:26,경의 품격,,3,3.0,경의 품격 ,경의 품격,0.21357154846191406,0.1960727423429489,0.36015594005584717,0.08763613551855087,0.07637816667556763,0.06618541479110718
2024-08-25 22:06:28,대 물 탕,,3,3.0,대 물 탕 ,대 물 탕,0.07770222425460815,0.1081242635846138,0.7007542252540588,0.05651112273335457,0.02383909374475479,0.03306904062628746
2024-08-25 22:06:28,물탕햄 맘이 너무급하노 ㅋㅋㅋㅋㅋㅋ,- dc official App,3,3.0,물탕햄 맘이 너무급하노 ㅋㅋㅋㅋㅋㅋ - dc official App,물탕햄 맘이 너무급하노 ㅋㅋㅋㅋㅋㅋ - dc official App,0.11057556420564651,0.2042049765586853,0.4893254041671753,0.07862361520528793,0.04823382943868637,0.06903668493032455
2024-08-25 22:06:28,츠노다견 사망,,3,3.0,츠노다견 사망 ,츠노다견 사망,0.25649479031562805,0.22167913615703583,0.19370679557323456,0.1429767608642578,0.08756685256958008,0.09757568687200546
2024-08-25 22:06:29,경의 추월!!,,3,3.0,경의 추월!! ,경의 추월!!,0.09766604751348495,0.13538457453250885,0.6483590602874756,0.05409383773803711,0.03366797789931297,0.030828535556793213
2024-08-25 22:06:30,rb 멸망ㅋㅋ,,3,3.0,rb 멸망ㅋㅋ ,rb 멸망ㅋㅋ,0.10912606120109558,0.16604895889759064,0.5103985071182251,0.12455859035253525,0.037519410252571106,0.05234846472740173
2024-08-25 22:06:31,대물탕 ㅋㅋ,,3,3.0,대물탕 ㅋㅋ ,대물탕 ㅋㅋ,0.06361867487430573,0.10988830029964447,0.7156307697296143,0.05260060355067253,0.02378838323056698,0.034473299980163574
2024-08-25 22:06:33,멕라렌만 문제가 아니라 애스턴마틴은 왜 항상 스타트때 다 따이냐...,,3,3.0,멕라렌만 문제가 아니라 애스턴마틴은 왜 항상 스타트때 다 따이냐... ,멕라렌만 문제가 아니라 애스턴마틴은 왜 항상 스타트때 다 따이냐...,0.17747928202152252,0.24971149861812592,0.07915007323026657,0.17321155965328217,0.060891132801771164,0.25955647230148315
2024-08-25 22:06:33,신물탕ㅋㅋ,ㅋㅋ,3,3.0,신물탕ㅋㅋ ㅋㅋ,신물탕ㅋㅋ ㅋㅋ,0.07515091449022293,0.1133909523487091,0.697590172290802,0.058244120329618454,0.02373402565717697,0.03188977763056755
2024-08-25 22:06:33,개좆씨발노다 지 자리 찾아가네 ㅋㅋ,ㅗㅗ,3,3.0,개좆씨발노다 지 자리 찾아가네 ㅋㅋ ㅗㅗ,개좆씨발노다 지 자리 찾아가네 ㅋㅋ ㅗㅗ,0.14008253812789917,0.16952146589756012,0.13438910245895386,0.3271060585975647,0.060087546706199646,0.16881325840950012
2024-08-25 22:06:34,햄쯔보 ㅋㅋㅋㅋ,ㅋㅋㅋㅋ,3,3.0,햄쯔보 ㅋㅋㅋㅋ ㅋㅋㅋㅋ,햄쯔보 ㅋㅋㅋㅋ ㅋㅋㅋㅋ,0.07485875487327576,0.11840728670358658,0.6892103552818298,0.05690397694706917,0.025567688047885895,0.035051994025707245
2024-08-25 22:06:34,대물탕 ㅋㅋㅋㅋ,,3,3.0,대물탕 ㅋㅋㅋㅋ ,대물탕 ㅋㅋㅋㅋ,0.06323368847370148,0.10747399181127548,0.7188599109649658,0.052867960184812546,0.023729979991912842,0.033834412693977356
2024-08-25 22:06:37,해머타임 ㅋㅋㅋ,ㅋㅋ,4,4.0,해머타임 ㅋㅋㅋ ㅋㅋ,해머타임 ㅋㅋㅋ ㅋㅋ,0.07437723129987717,0.11463217437267303,0.695642352104187,0.05995026230812073,0.022506678476929665,0.032891277223825455
2024-08-25 22:06:37,1/3/5/7이 다 내려가긴했네,이정도면 노리스 길막때문 아니냐?,4,4.0,1/3/5/7이 다 내려가긴했네 이정도면 노리스 길막때문 아니냐?,1/3/5/7이 다 내려가긴했네 이정도면 노리스 길막때문 아니냐?,0.24026544392108917,0.2731949985027313,0.0892324224114418,0.16389000415802002,0.06594889611005783,0.16746826469898224
2024-08-25 22:06:38,저기 유원지임?,놀이기구도 보이노,4,4.0,저기 유원지임? 놀이기구도 보이노,저기 유원지임? 놀이기구도 보이노,0.3466525673866272,0.2137063592672348,0.17884157598018646,0.10919953137636185,0.10323704034090042,0.04836292564868927
2024-08-25 22:06:39,노리스인지 노리드인지는 폴 뭐하러따냐,ㅋㅋㅋㅋㅋㅋㅋㅋ,4,4.0,노리스인지 노리드인지는 폴 뭐하러따냐 ㅋㅋㅋㅋㅋㅋㅋㅋ,노리스인지 노리드인지는 폴 뭐하러따냐 ㅋㅋㅋㅋㅋㅋㅋㅋ,0.2784907817840576,0.24825474619865417,0.1530657708644867,0.17146117985248566,0.0677855983376503,0.08094184100627899
2024-08-25 22:06:40,내가 T1에서 따인다 했제??,시발 ㅋㅋㅋㅋ 예상했지만 오늘은 좀 어이가 없을정도네,4,4.0,내가 T1에서 따인다 했제?? 시발 ㅋㅋㅋㅋ 예상했지만 오늘은 좀 어이가 없을정도네,내가 T1에서 따인다 했제?? 시발 ㅋㅋㅋㅋ 예상했지만 오늘은 좀 어이가 없을정도네,0.17893601953983307,0.2500344514846802,0.07978863269090652,0.24145622551441193,0.07866756618022919,0.17111709713935852
2024-08-25 22:06:42,순위변화 레전드네 ㅋㅋㅋㅋ,싹다바뀜 ㅋㅋㅋㅋㅋ,4,4.0,순위변화 레전드네 ㅋㅋㅋㅋ 싹다바뀜 ㅋㅋㅋㅋㅋ,순위변화 레전드네 ㅋㅋㅋㅋ 싹다바뀜 ㅋㅋㅋㅋㅋ,0.14852331578731537,0.17676985263824463,0.5297532081604004,0.06957031041383743,0.04247859865427017,0.03290475159883499
2024-08-25 22:06:45,아 폴을 따면 뭐하냐고 ㅋㅋㅋㅋ,"ㄹㅇㅋㅋ
- dc official App",4,4.0,"아 폴을 따면 뭐하냐고 ㅋㅋㅋㅋ ㄹㅇㅋㅋ
- dc official App",아 폴을 따면 뭐하냐고 ㅋㅋㅋㅋ ㄹㅇㅋㅋ,0.13137851655483246,0.3336300849914551,0.12748166918754578,0.18623274564743042,0.07317370921373367,0.14810331165790558
2024-08-25 22:06:46,저새끼는 폴을 왜땀ㅋㅋㅋㅋㅋㅋ,,4,4.0,저새끼는 폴을 왜땀ㅋㅋㅋㅋㅋㅋ ,저새끼는 폴을 왜땀ㅋㅋㅋㅋㅋㅋ,0.24821597337722778,0.22738327085971832,0.11481404304504395,0.2245347797870636,0.08232197910547256,0.1027299091219902
2024-08-25 22:06:55,몽골 패랩,"이제 부활이냐 ㅋㅋㅋ
- dc official App",4,4.0,"몽골 패랩 이제 부활이냐 ㅋㅋㅋ
- dc official App",몽골 패랩 이제 부활이냐 ㅋㅋㅋ,0.1482633501291275,0.17243775725364685,0.5378219485282898,0.06884481012821198,0.04004768654704094,0.032584499567747116
2024-08-25 22:06:57,노리스 멀어지는데?,엄,4,4.0,노리스 멀어지는데? 엄,노리스 멀어지는데? 엄,0.2877396047115326,0.2932395040988922,0.11046703904867172,0.11812105774879456,0.08395460993051529,0.106478251516819
2024-08-25 22:07:01,노리스랑 피아제 둘다 스타트 조진거 보면,맥라렌차가 저단기어 개병신인거 아님?,4,4.0,노리스랑 피아제 둘다 스타트 조진거 보면 맥라렌차가 저단기어 개병신인거 아님?,노리스랑 피아제 둘다 스타트 조진거 보면 맥라렌차가 저단기어 개병신인거 아님?,0.3439910411834717,0.1780579388141632,0.08552952855825424,0.1914844661951065,0.0903688296675682,0.11056824773550034
2024-08-25 22:07:01,쥬지 위험하노 어,ㅇ,4,4.0,쥬지 위험하노 어 ㅇ,쥬지 위험하노 어 ㅇ,0.3163404166698456,0.22801443934440613,0.1450224071741104,0.11789295077323914,0.11731747537851334,0.07541228830814362
2024-08-25 22:07:01,노리스떄문에 홀수순위들 다 밀린거 개웃기네 ㅋㅋㅋㅋ,대 리 스,4,4.0,노리스떄문에 홀수순위들 다 밀린거 개웃기네 ㅋㅋㅋㅋ 대 리 스,노리스떄문에 홀수순위들 다 밀린거 개웃기네 ㅋㅋㅋㅋ 대 리 스,0.17042680084705353,0.24143211543560028,0.39134979248046875,0.10140816122293472,0.04889872670173645,0.046484287828207016
2024-08-25 22:07:02,캬 뱅크는 ㄹㅇ 개섹스네,- dc official App,4,4.0,캬 뱅크는 ㄹㅇ 개섹스네 - dc official App,캬 뱅크는 ㄹㅇ 개섹스네 - dc official App,0.15689608454704285,0.17180092632770538,0.5141472816467285,0.07089003175497055,0.04988656938076019,0.0363791286945343
2024-08-25 22:07:01,몽골 크루징 오랜만이노,,4,4.0,몽골 크루징 오랜만이노 ,몽골 크루징 오랜만이노,0.1806684285402298,0.19331035017967224,0.4800363779067993,0.06088915839791298,0.04866379126906395,0.03643187880516052
2024-08-25 22:07:13,노리스 우승하면 버거 뿌린다ㅋㅋㅋㅋㅋ,안전자산 미쳤고,4,4.0,노리스 우승하면 버거 뿌린다ㅋㅋㅋㅋㅋ 안전자산 미쳤고,노리스 우승하면 버거 뿌린다ㅋㅋㅋㅋㅋ 안전자산 미쳤고,0.06001096963882446,0.11199740320444107,0.7098103165626526,0.05182364583015442,0.029767639935016632,0.036590103060007095
2024-08-25 22:07:15,동양인새끼들 다 지자리 찾아가노,거기가 아늑하냐?,4,4.0,동양인새끼들 다 지자리 찾아가노 거기가 아늑하냐?,동양인새끼들 다 지자리 찾아가노 거기가 아늑하냐?,0.1599535197019577,0.1837562918663025,0.11279385536909103,0.3288572430610657,0.06733739376068115,0.14730173349380493
2024-08-25 22:07:17,오늘은 제발 셒카 나오게 해주세요,캐나다 이후 셒카 한번도 안 나옴 ㅋㅋ,4,4.0,오늘은 제발 셒카 나오게 해주세요 캐나다 이후 셒카 한번도 안 나옴 ㅋㅋ,오늘은 제발 셒카 나오게 해주세요 캐나다 이후 셒카 한번도 안 나옴 ㅋㅋ,0.09505503624677658,0.2530231475830078,0.36695408821105957,0.11390268802642822,0.05288153886795044,0.11818347126245499
2024-08-25 22:07:20,막스 <- 그냥 운전을 잘함ㅋㅋㅋㅋㅋㅋㅋㅋㅋㅋㅋㅋㅋㅋㅋ,누리스 <- 차빨,4,4.0,막스 <- 그냥 운전을 잘함ㅋㅋㅋㅋㅋㅋㅋㅋㅋㅋㅋㅋㅋㅋㅋ 누리스 <- 차빨,막스 <- 그냥 운전을 잘함ㅋㅋㅋㅋㅋㅋㅋㅋㅋㅋㅋㅋㅋㅋㅋ 누리스 <- 차빨,0.08087127655744553,0.1343042105436325,0.6368709206581116,0.07255388796329498,0.03385411202907562,0.04154559597373009
2024-08-25 22:07:21,이제 딴짓하다가 피트 할 때 보면 되냐,,4,4.0,이제 딴짓하다가 피트 할 때 보면 되냐 ,이제 딴짓하다가 피트 할 때 보면 되냐,0.2682984173297882,0.27332475781440735,0.18511386215686798,0.10438784211874008,0.09683507680892944,0.07204005122184753
2024-08-25 22:07:21,비 <<<< 이새끼 빨리 와야하면 개추 ㅋㅋㅋ,,4,4.0,비 <<<< 이새끼 빨리 와야하면 개추 ㅋㅋㅋ ,비 <<<< 이새끼 빨리 와야하면 개추 ㅋㅋㅋ,0.10083577036857605,0.13398624956607819,0.6231521964073181,0.06650210171937943,0.038449548184871674,0.03707409277558327
2024-08-25 22:07:32,이세계 2024 시즌 입갤 ㅋㅋ,"뭐야 흔한 몽골 크루징이잖아
꿈을 꾼건가...?",4,4.0,"이세계 2024 시즌 입갤 ㅋㅋ 뭐야 흔한 몽골 크루징이잖아
꿈을 꾼건가...?",이세계 2024 시즌 입갤 ㅋㅋ 뭐야 흔한 몽골 크루징이잖아 꿈을 꾼건가...?,0.31652769446372986,0.24069778621196747,0.15765446424484253,0.115953229367733,0.11710141599178314,0.05206543579697609
2024-08-25 22:07:36,ㅅㅂㅋㅋㅋ 대존잼 레이스각이네 이사잔만봐도,ㅋㅋㅋ,4,4.0,ㅅㅂㅋㅋㅋ 대존잼 레이스각이네 이사잔만봐도 ㅋㅋㅋ,ㅅㅂㅋㅋㅋ 대존잼 레이스각이네 이사잔만봐도 ㅋㅋㅋ,0.07013192027807236,0.11807460337877274,0.6947795748710632,0.058109965175390244,0.02450324036180973,0.03440070524811745
2024-08-25 22:07:37,"""패배자""",ㄹㅇ,4,4.0,"""패배자"" ㄹㅇ","""패배자"" ㄹㅇ",0.24048005044460297,0.24516165256500244,0.09780220687389374,0.16592635214328766,0.09917955845594406,0.1514502465724945
2024-08-25 22:07:39,예언,5분 뒤에 노리스가 스타트하면서 차 이상하다고 라디오로 징징대는 화면 보여줌,4,4.0,예언 5분 뒤에 노리스가 스타트하면서 차 이상하다고 라디오로 징징대는 화면 보여줌,예언 5분 뒤에 노리스가 스타트하면서 차 이상하다고 라디오로 징징대는 화면 보여줌,0.30117669701576233,0.2709774672985077,0.10398949682712555,0.12919960916042328,0.11297117918729782,0.08168554306030273
2024-08-25 22:07:42,어우 오늘 사운드 믹싱이,차소리가 평소보다 너무 큰 것 같은디 해설들 목소리 잘 안들림,4,4.0,어우 오늘 사운드 믹싱이 차소리가 평소보다 너무 큰 것 같은디 해설들 목소리 잘 안들림,어우 오늘 사운드 믹싱이 차소리가 평소보다 너무 큰 것 같은디 해설들 목소리 잘 안들림,0.17457015812397003,0.3571481704711914,0.09474734216928482,0.15942320227622986,0.07539626955986023,0.13871484994888306
2024-08-25 22:07:44,셒카 << ㅈㄴ 그리우면 개추 ㅋㅋ,,4,4.0,셒카 << ㅈㄴ 그리우면 개추 ㅋㅋ ,셒카 << ㅈㄴ 그리우면 개추 ㅋㅋ,0.08187487721443176,0.12576672434806824,0.6766653656959534,0.05305248871445656,0.02958901785314083,0.03305155411362648
2024-08-25 22:07:45,노리스 ← 셀프 그리드 페널티,,4,4.0,노리스 ← 셀프 그리드 페널티 ,노리스 ← 셀프 그리드 페널티,0.2391100972890854,0.20756426453590393,0.3556392192840576,0.10265239328145981,0.03908630460500717,0.055947691202163696
2024-08-25 22:07:48,T1도 아니고 걍 출발이 존나 느렸음 ㅋㅋㅋㅋ,ㅋㅋㅋㅋㅋㅋㅋㅋㅋ,4,4.0,T1도 아니고 걍 출발이 존나 느렸음 ㅋㅋㅋㅋ ㅋㅋㅋㅋㅋㅋㅋㅋㅋ,T1도 아니고 걍 출발이 존나 느렸음 ㅋㅋㅋㅋ ㅋㅋㅋㅋㅋㅋㅋㅋㅋ,0.2042473405599594,0.31511837244033813,0.12194974720478058,0.17424291372299194,0.07103071361780167,0.11341094225645065
2024-08-25 22:07:48,타깎노 ㅋㅋㅋㅋ,,4,4.0,타깎노 ㅋㅋㅋㅋ ,타깎노 ㅋㅋㅋㅋ,0.09860802441835403,0.14409112930297852,0.6294633150100708,0.06556559354066849,0.029823821038007736,0.03244820609688759
2024-08-25 22:07:48,오피셜)좆병신.jpg,,4,4.0,오피셜)좆병신.jpg ,오피셜)좆병신.jpg,0.2514926493167877,0.20781321823596954,0.16002874076366425,0.2145654708147049,0.07836682349443436,0.08773306757211685
2024-08-25 22:07:53,타깍장ㅋㅋㅋㅋ,- dc official App,4,4.0,타깍장ㅋㅋㅋㅋ - dc official App,타깍장ㅋㅋㅋㅋ - dc official App,0.09273406863212585,0.11418657004833221,0.6738131046295166,0.06323196738958359,0.024096615612506866,0.03193768113851547
2024-08-25 22:08:01,페라리 ㅈㄴ 느리네ㅋㅋㅋㅋ,,5,5.0,페라리 ㅈㄴ 느리네ㅋㅋㅋㅋ ,페라리 ㅈㄴ 느리네ㅋㅋㅋㅋ,0.3137664496898651,0.2607065439224243,0.11085295677185059,0.1358083039522171,0.11116421967744827,0.06770153343677521
2024-08-25 22:08:04,시즌초 재입갤 ㅋㅋㅋㅋㅋ,- dc official App,5,5.0,시즌초 재입갤 ㅋㅋㅋㅋㅋ - dc official App,시즌초 재입갤 ㅋㅋㅋㅋㅋ - dc official App,0.0736457034945488,0.11194853484630585,0.6961004734039307,0.057935480028390884,0.02554936334490776,0.034820444881916046
2024-08-25 22:08:14,근데 진짜 아깝지도 않았음 ㅋㅋㅋㅋㅋㅋ 그냥 조졌음,- dc official App,5,5.0,근데 진짜 아깝지도 않았음 ㅋㅋㅋㅋㅋㅋ 그냥 조졌음 - dc official App,근데 진짜 아깝지도 않았음 ㅋㅋㅋㅋㅋㅋ 그냥 조졌음 - dc official App,0.1250448375940323,0.3059925436973572,0.18189483880996704,0.18094395101070404,0.08200656622648239,0.12411726266145706
2024-08-25 22:08:16,오랜만에 오늘 레드 뜰거같다,ㅇㅇ,5,5.0,오랜만에 오늘 레드 뜰거같다 ㅇㅇ,오랜만에 오늘 레드 뜰거같다 ㅇㅇ,0.10672415047883987,0.1640268713235855,0.5786059498786926,0.06910818815231323,0.03585759177803993,0.04567714408040047
2024-08-25 22:08:18,차량 병신 vs 오리지널 병신,"ㅋㅋㅋ
- dc official App",5,5.0,"차량 병신 vs 오리지널 병신 ㅋㅋㅋ
- dc official App",차량 병신 vs 오리지널 병신 ㅋㅋㅋ,0.233494371175766,0.1895947903394699,0.3875274360179901,0.09711547940969467,0.05458313226699829,0.037684742361307144
2024-08-25 22:08:33,노리스 이새끼 그냥 순수 반응속도가 느린거아님?,"ㄹㅇ
- dc official App",5,5.0,"노리스 이새끼 그냥 순수 반응속도가 느린거아님? ㄹㅇ
- dc official App",노리스 이새끼 그냥 순수 반응속도가 느린거아님? ㄹㅇ,0.36064237356185913,0.18044471740722656,0.08472725003957748,0.17566540837287903,0.10040290653705597,0.09811737388372421
2024-08-25 22:08:34,"""나는 이기기 싫다""",- dc official App,5,5.0,"""나는 이기기 싫다"" - dc official App","""나는 이기기 싫다"" - dc official App",0.19861093163490295,0.27201005816459656,0.14703963696956635,0.1439456045627594,0.07468077540397644,0.16371294856071472
2024-08-25 22:08:41,딸깍전용 셋업ㅋㅋㅋ,,5,5.0,딸깍전용 셋업ㅋㅋㅋ ,딸깍전용 셋업ㅋㅋㅋ,0.09160006791353226,0.11550948768854141,0.6631373763084412,0.06859567761421204,0.027252977713942528,0.03390440344810486
2024-08-25 22:08:42,청각과민 씨발 정신병걸릴거같네,중계 배기음만 들어도 머리 깨질거같노,5,5.0,청각과민 씨발 정신병걸릴거같네 중계 배기음만 들어도 머리 깨질거같노,청각과민 씨발 정신병걸릴거같네 중계 배기음만 들어도 머리 깨질거같노,0.10494186729192734,0.18192707002162933,0.1346847414970398,0.3029113709926605,0.04377962648868561,0.23175540566444397
2024-08-25 22:08:44,뭔 코너 들어가기 전에 뺏기냐,,5,5.0,뭔 코너 들어가기 전에 뺏기냐 ,뭔 코너 들어가기 전에 뺏기냐,0.2605149447917938,0.2804756164550781,0.08048269152641296,0.1667104959487915,0.06323396414518356,0.1485823392868042
2024-08-25 22:08:56,르끌레르 드챔 평생 못할거 같아서,노리스로 갈아탔는데 ㅅㅂ 존나 어이없네,5,5.0,르끌레르 드챔 평생 못할거 같아서 노리스로 갈아탔는데 ㅅㅂ 존나 어이없네,르끌레르 드챔 평생 못할거 같아서 노리스로 갈아탔는데 ㅅㅂ 존나 어이없네,0.13887126743793488,0.24383197724819183,0.10824782401323318,0.2738422751426697,0.04274226352572441,0.1924644112586975
2024-08-25 22:08:57,역시 ^무^에는 다 이유가 있었음,,5,5.0,역시 ^무^에는 다 이유가 있었음 ,역시 ^무^에는 다 이유가 있었음,0.17461435496807098,0.21300248801708221,0.39058125019073486,0.07586924731731415,0.08224707096815109,0.06368565559387207
2024-08-25 22:09:02,아니 근데 페레즈 왤케 잘함..,병신 돌려내라고 ㅋㅋ,5,5.0,아니 근데 페레즈 왤케 잘함.. 병신 돌려내라고 ㅋㅋ,아니 근데 페레즈 왤케 잘함.. 병신 돌려내라고 ㅋㅋ,0.1618170589208603,0.19789472222328186,0.4529397487640381,0.08222343027591705,0.06460791081190109,0.04051710292696953
2024-08-25 22:09:22,가슬리 뒤에 사인츠 알론소 너무 무섭다,제발 포인트 많이따게해주세요,6,6.0,가슬리 뒤에 사인츠 알론소 너무 무섭다 제발 포인트 많이따게해주세요,가슬리 뒤에 사인츠 알론소 너무 무섭다 제발 포인트 많이따게해주세요,0.2603854238986969,0.20701637864112854,0.25076350569725037,0.09954699128866196,0.11138507723808289,0.07090260088443756
2024-08-25 22:09:23,노리스 이정도면 딴생각 하다 타이밍 놓친거 아니냐ㅋㅋㅋ,,6,6.0,노리스 이정도면 딴생각 하다 타이밍 놓친거 아니냐ㅋㅋㅋ ,노리스 이정도면 딴생각 하다 타이밍 놓친거 아니냐ㅋㅋㅋ,0.3059923052787781,0.26814886927604675,0.09604351222515106,0.13318894803524017,0.1230010986328125,0.07362529635429382
2024-08-25 22:09:31,근데 코너 전에 따이는건 어떻게 된거냐;,반응 늦게 한 수준이 아닌데,6,6.0,근데 코너 전에 따이는건 어떻게 된거냐; 반응 늦게 한 수준이 아닌데,근데 코너 전에 따이는건 어떻게 된거냐; 반응 늦게 한 수준이 아닌데,0.2776181399822235,0.27677175402641296,0.084226593375206,0.14614230394363403,0.0961926132440567,0.11904855072498322
2024-08-25 22:09:33,노리스 세컨드 로우에서 나온줄 알았다,"어떻게 저렇게 느리냐
- dc official App",6,6.0,"노리스 세컨드 로우에서 나온줄 알았다 어떻게 저렇게 느리냐
- dc official App",노리스 세컨드 로우에서 나온줄 알았다 어떻게 저렇게 느리냐,0.2808278799057007,0.26404112577438354,0.08467056602239609,0.17641212046146393,0.09135518223047256,0.10269314050674438
2024-08-25 22:09:37,쥬지가 노리스는 왜 못따라가는중?,벌어지네,6,6.0,쥬지가 노리스는 왜 못따라가는중? 벌어지네,쥬지가 노리스는 왜 못따라가는중? 벌어지네,0.3070114850997925,0.2224787175655365,0.07629881799221039,0.18774715065956116,0.10639305412769318,0.10007072985172272
2024-08-25 22:09:40,지는거에요???,이겨,6,6.0,지는거에요??? 이겨,지는거에요??? 이겨,0.277749627828598,0.2719573378562927,0.15839843451976776,0.09074050933122635,0.10532357543706894,0.0958305224776268
2024-08-25 22:09:44,스타트는 20명중 젤 못하는거 같음,그냥 어떻게 이렇게 못하는지 어이가 없음 ㅇㅇ,6,6.0,스타트는 20명중 젤 못하는거 같음 그냥 어떻게 이렇게 못하는지 어이가 없음 ㅇㅇ,스타트는 20명중 젤 못하는거 같음 그냥 어떻게 이렇게 못하는지 어이가 없음 ㅇㅇ,0.19231370091438293,0.2884470820426941,0.0774247944355011,0.1835649311542511,0.06244824081659317,0.1958012729883194
2024-08-25 22:09:51,노리스 우승 운빨이었던거같으면 개추 ㅋㅋ,,6,6.0,노리스 우승 운빨이었던거같으면 개추 ㅋㅋ ,노리스 우승 운빨이었던거같으면 개추 ㅋㅋ,0.0945478230714798,0.13965532183647156,0.6195376515388489,0.06845930963754654,0.03700954467058182,0.040790364146232605
2024-08-25 22:09:51,가슬리 트레인 ㅋㅋㅋㅋ,"똥차 빼라 ㅠ
- dc official App",6,6.0,"가슬리 트레인 ㅋㅋㅋㅋ 똥차 빼라 ㅠ
- dc official App",가슬리 트레인 ㅋㅋㅋㅋ 똥차 빼라 ㅠ,0.11554326862096786,0.2790798842906952,0.15304891765117645,0.19252650439739227,0.07536441832780838,0.18443700671195984
2024-08-25 22:09:55,오늘 차 소리 크다,좋네,6,6.0,오늘 차 소리 크다 좋네,오늘 차 소리 크다 좋네,0.0662803202867508,0.1218831017613411,0.6747242212295532,0.05970386788249016,0.029969213530421257,0.04743921756744385
2024-08-25 22:09:56,노리스<챔 따는 망상하다 늦음,ㅇㅇ,6,6.0,노리스<챔 따는 망상하다 늦음 ㅇㅇ,노리스<챔 따는 망상하다 늦음 ㅇㅇ,0.21636338531970978,0.34252896904945374,0.10768501460552216,0.12849962711334229,0.08178723603487015,0.1231357529759407
2024-08-25 22:10:00,오늘 걍 기차놀이 하다 끝날것 같음,레이스 중반을 책임지는 알핀듀오가 안붙어 있는게 아쉽다,6,6.0,오늘 걍 기차놀이 하다 끝날것 같음 레이스 중반을 책임지는 알핀듀오가 안붙어 있는게 아쉽다,오늘 걍 기차놀이 하다 끝날것 같음 레이스 중반을 책임지는 알핀듀오가 안붙어 있는게 아쉽다,0.15056054294109344,0.32834917306900024,0.16823436319828033,0.13998576998710632,0.04622627794742584,0.16664382815361023
2024-08-25 22:10:05,누리스땜에 사고도 안나고 몽골은 크루징하고,"하..
- dc official App",6,6.0,"누리스땜에 사고도 안나고 몽골은 크루징하고 하..
- dc official App",누리스땜에 사고도 안나고 몽골은 크루징하고 하..,0.11242270469665527,0.25241538882255554,0.17301982641220093,0.18199491500854492,0.06270907074213028,0.21743808686733246
2024-08-25 22:10:13,근데 또 갑자기 언더컷 당하고 쌍욕하는 몽골 나만 보임?,- dc official App,6,6.0,근데 또 갑자기 언더컷 당하고 쌍욕하는 몽골 나만 보임? - dc official App,근데 또 갑자기 언더컷 당하고 쌍욕하는 몽골 나만 보임? - dc official App,0.2824247181415558,0.23204784095287323,0.09768840670585632,0.1552363634109497,0.13595548272132874,0.09664719551801682
2024-08-25 22:10:17,스트롤 사인지 담가 빨리,",",6,6.0,"스트롤 사인지 담가 빨리 ,","스트롤 사인지 담가 빨리 ,",0.25333917140960693,0.28708136081695557,0.18747322261333466,0.10650727897882462,0.0746002197265625,0.09099879115819931
2024-08-25 22:10:18,세카 안나오면 노잼이겠네,비도 안올거고,6,6.0,세카 안나오면 노잼이겠네 비도 안올거고,세카 안나오면 노잼이겠네 비도 안올거고,0.23024380207061768,0.32509058713912964,0.13719119131565094,0.11840487271547318,0.061792656779289246,0.1272769272327423
2024-08-25 22:10:23,손에 식은땀이 나기시작하는 파파야단은 개추 ㅋㅋ,"ㅋㅋㅋ ㅅㅂ
- dc official App",6,6.0,"손에 식은땀이 나기시작하는 파파야단은 개추 ㅋㅋ ㅋㅋㅋ ㅅㅂ
- dc official App",손에 식은땀이 나기시작하는 파파야단은 개추 ㅋㅋ ㅋㅋㅋ ㅅㅂ,0.12358331680297852,0.25314268469810486,0.21549764275550842,0.2311280220746994,0.07478778064250946,0.10186049342155457
2024-08-25 22:10:27,와 관중석에 다 오렌지네,"ㅋㅋㅋㅋㅋㅋㅋㅋㅋㅋ
- dc official App",6,6.0,"와 관중석에 다 오렌지네 ㅋㅋㅋㅋㅋㅋㅋㅋㅋㅋ
- dc official App",와 관중석에 다 오렌지네 ㅋㅋㅋㅋㅋㅋㅋㅋㅋㅋ,0.1210986003279686,0.1451367735862732,0.6073181629180908,0.062338437885046005,0.03430526331067085,0.029802747070789337
2024-08-25 22:10:27,경기 다봤노 ㅋㅋ자러간다,"ㅂㅂ
- dc official App",6,6.0,"경기 다봤노 ㅋㅋ자러간다 ㅂㅂ
- dc official App",경기 다봤노 ㅋㅋ자러간다 ㅂㅂ,0.05718911439180374,0.12339970469474792,0.6845526099205017,0.06240052729845047,0.02500455640256405,0.04745349660515785
2024-08-25 22:10:28,벌써 노다랑 2초 벌어짐 개똥차 ㅅㅂ,- dc official App,7,7.0,벌써 노다랑 2초 벌어짐 개똥차 ㅅㅂ - dc official App,벌써 노다랑 2초 벌어짐 개똥차 ㅅㅂ - dc official App,0.1303691565990448,0.18422818183898926,0.11758732050657272,0.3313126862049103,0.047745998948812485,0.18875665962696075
2024-08-25 22:10:33,국왕님 좆핀은 따야지 !!,ㅛㄷ,7,7.0,국왕님 좆핀은 따야지 !! ㅛㄷ,국왕님 좆핀은 따야지 !! ㅛㄷ,0.12138673663139343,0.20586153864860535,0.43312394618988037,0.1083916649222374,0.0636531189084053,0.06758302450180054
2024-08-25 22:10:33,노리스 민심회복하는 법,"넓은 코너 숏컷해서 막스 옆구리 찍고 쌍리타
- dc official App",7,7.0,"노리스 민심회복하는 법 넓은 코너 숏컷해서 막스 옆구리 찍고 쌍리타
- dc official App",노리스 민심회복하는 법 넓은 코너 숏컷해서 막스 옆구리 찍고 쌍리타,0.13710351288318634,0.16125056147575378,0.5339177250862122,0.0737479031085968,0.04748714715242386,0.04649313539266586
2024-08-25 22:10:33,^드챔경쟁해야하니노리스에게우승줬어야함^,시벌 저딴 놈이 드챔경쟁이라니,7,7.0,^드챔경쟁해야하니노리스에게우승줬어야함^ 시벌 저딴 놈이 드챔경쟁이라니,^드챔경쟁해야하니노리스에게우승줬어야함^ 시벌 저딴 놈이 드챔경쟁이라니,0.16742636263370514,0.20678195357322693,0.08101586997509003,0.27956146001815796,0.0638890191912651,0.20132529735565186
2024-08-25 22:10:31,스타트 리플레이 좀 ㅋㅋㅋㅋㅋ,,7,7.0,스타트 리플레이 좀 ㅋㅋㅋㅋㅋ ,스타트 리플레이 좀 ㅋㅋㅋㅋㅋ,0.09010713547468185,0.13553649187088013,0.6353157162666321,0.06894053518772125,0.02790815941989422,0.04219194874167442
2024-08-25 22:10:36,스타트에 기복이 있는놈이면 모르겠는데 누리스는,꾸준해,7,7.0,스타트에 기복이 있는놈이면 모르겠는데 누리스는 꾸준해,스타트에 기복이 있는놈이면 모르겠는데 누리스는 꾸준해,0.13417057693004608,0.19911515712738037,0.4786857068538666,0.06456972658634186,0.061846960335969925,0.0616118386387825
2024-08-25 22:10:39,"""차가 이상한데요?""","""론 데니스 감독님""",7,7.0,"""차가 이상한데요?"" ""론 데니스 감독님""","""차가 이상한데요?"" ""론 데니스 감독님""",0.3022177815437317,0.2673497200012207,0.11723159998655319,0.12013950943946838,0.10261663794517517,0.09044475853443146
2024-08-25 22:10:41,PD야 현장음좀 줄여줘 ㅠ,구건 돼잔아... ㅠㅠ,7,7.0,PD야 현장음좀 줄여줘 ㅠ 구건 돼잔아... ㅠㅠ,PD야 현장음좀 줄여줘 ㅠ 구건 돼잔아... ㅠㅠ,0.17663978040218353,0.29563477635383606,0.09757360070943832,0.14645226299762726,0.07613717019557953,0.20756234228610992
2024-08-25 22:10:43,벌써부터 졸리면 개추 ㅋㅋㅋㅋㅋ,아오 노리스 병신새끼,7,7.0,벌써부터 졸리면 개추 ㅋㅋㅋㅋㅋ 아오 노리스 병신새끼,벌써부터 졸리면 개추 ㅋㅋㅋㅋㅋ 아오 노리스 병신새끼,0.15435214340686798,0.2087155282497406,0.172189861536026,0.2786204516887665,0.07925054430961609,0.10687153041362762
2024-08-25 22:10:48,스타트하자마자 따잇은 ㅅㅂㅋㅋ,,7,7.0,스타트하자마자 따잇은 ㅅㅂㅋㅋ ,스타트하자마자 따잇은 ㅅㅂㅋㅋ,0.12463302910327911,0.2720475196838379,0.2163141369819641,0.22241495549678802,0.06191221624612808,0.10267816483974457
2024-08-25 22:10:48,르끌은 미미하소식 전략으로 우승 못한건데,점마는 페라리도 아닌데 왜 못하는거냐 ㅂㅅ ㅋㅋㅋㅋㅋㅋㅋㅋㅋㅋㅋㅋㅋㅋ,7,7.0,르끌은 미미하소식 전략으로 우승 못한건데 점마는 페라리도 아닌데 왜 못하는거냐 ㅂㅅ ㅋㅋㅋㅋㅋㅋㅋㅋㅋㅋㅋㅋㅋㅋ,르끌은 미미하소식 전략으로 우승 못한건데 점마는 페라리도 아닌데 왜 못하는거냐 ㅂㅅ ㅋㅋㅋㅋㅋㅋㅋㅋㅋㅋㅋㅋㅋㅋ,0.25204864144325256,0.2230023294687271,0.1028776615858078,0.22798697650432587,0.09010323137044907,0.103981152176857
2024-08-25 22:10:48,레전드 병신이네 진짜,,7,7.0,레전드 병신이네 진짜 ,레전드 병신이네 진짜,0.264644593000412,0.21193240582942963,0.2985340356826782,0.08931944519281387,0.09353180974721909,0.042037736624479294
2024-08-25 22:10:49,아니 스타트 타이밍도 같잖아 ㅋㅋㅋ,"근데 왜 따잇이야 ㅋㅋㅋ
- dc official App",7,7.0,"아니 스타트 타이밍도 같잖아 ㅋㅋㅋ 근데 왜 따잇이야 ㅋㅋㅋ
- dc official App",아니 스타트 타이밍도 같잖아 ㅋㅋㅋ 근데 왜 따잇이야 ㅋㅋㅋ,0.20629964768886566,0.3232495188713074,0.17574697732925415,0.14212913811206818,0.07105809450149536,0.08151660114526749
2024-08-25 22:10:54,르끌 치고들어가는거 돌았네 ㅋㅋㅋㅋ,,7,7.0,르끌 치고들어가는거 돌았네 ㅋㅋㅋㅋ ,르끌 치고들어가는거 돌았네 ㅋㅋㅋㅋ,0.2657761573791504,0.23332630097866058,0.20819368958473206,0.13285227119922638,0.10537469387054443,0.054476868361234665
2024-08-25 22:11:00,노리스 때문에 노리스 줄 다 밀렸네 ㅋㅋㅋㅋㅋ,,7,7.0,노리스 때문에 노리스 줄 다 밀렸네 ㅋㅋㅋㅋㅋ ,노리스 때문에 노리스 줄 다 밀렸네 ㅋㅋㅋㅋㅋ,0.16264554858207703,0.3306981027126312,0.18190957605838776,0.15465392172336578,0.07400031387805939,0.09609241783618927
2024-08-25 22:11:01,뭐임ㅋㅋㅋ 리액션타임 같은데 ㅋㅋㅋ,ㅋㅋㅋㅋ,7,7.0,뭐임ㅋㅋㅋ 리액션타임 같은데 ㅋㅋㅋ ㅋㅋㅋㅋ,뭐임ㅋㅋㅋ 리액션타임 같은데 ㅋㅋㅋ ㅋㅋㅋㅋ,0.1463666409254074,0.18672676384449005,0.5216348767280579,0.07291249930858612,0.03584156557917595,0.03651762381196022
2024-08-25 22:11:03,그립을 아예 못잡네 ㅅㅂ,,7,7.0,그립을 아예 못잡네 ㅅㅂ ,그립을 아예 못잡네 ㅅㅂ,0.12242905050516129,0.2453272044658661,0.11265059560537338,0.27169859409332275,0.03869781643152237,0.20919668674468994
2024-08-25 22:11:02,그냥 누리스 이새끼가 실수했노ㅋㅋㅋㅋㅋㅋㅋ,,7,7.0,그냥 누리스 이새끼가 실수했노ㅋㅋㅋㅋㅋㅋㅋ ,그냥 누리스 이새끼가 실수했노ㅋㅋㅋㅋㅋㅋㅋ,0.2043939083814621,0.341356486082077,0.1171225905418396,0.153244748711586,0.0924784392118454,0.09140381962060928
2024-08-25 22:11:03,리액션 타임 동률이네ㅋㅋㅋㅋㅋ,,7,7.0,리액션 타임 동률이네ㅋㅋㅋㅋㅋ ,리액션 타임 동률이네ㅋㅋㅋㅋㅋ,0.19296570122241974,0.2247520238161087,0.41816678643226624,0.07718813419342041,0.050445012748241425,0.03648242726922035
2024-08-25 22:11:04,스타트 똑같았는데?,,7,7.0,스타트 똑같았는데? ,스타트 똑같았는데?,0.3333108127117157,0.2561587989330292,0.17427264153957367,0.10823609679937363,0.06621922552585602,0.0618024542927742
2024-08-25 22:11:06,막스가 스타트 존나 잘한걸수도?,ㅇㅇ,7,7.0,막스가 스타트 존나 잘한걸수도? ㅇㅇ,막스가 스타트 존나 잘한걸수도? ㅇㅇ,0.3378930389881134,0.20907308161258698,0.18112756311893463,0.10964054614305496,0.11525765806436539,0.04700815677642822
2024-08-25 22:11:07,동 타이밍에 ㅋㅋㅋㅋㅋㅋ,- dc official App,7,7.0,동 타이밍에 ㅋㅋㅋㅋㅋㅋ - dc official App,동 타이밍에 ㅋㅋㅋㅋㅋㅋ - dc official App,0.08507399260997772,0.12398934364318848,0.6634181141853333,0.0663297176361084,0.025208501145243645,0.03598042204976082
2024-08-25 22:11:09,출부 못썼음?,"뭔 저래 느림?
- dc official App",7,7.0,"출부 못썼음? 뭔 저래 느림?
- dc official App",출부 못썼음? 뭔 저래 느림?,0.24969105422496796,0.2742711901664734,0.09194426983594894,0.1800716519355774,0.06212155148386955,0.14190030097961426
2024-08-25 22:11:11,스타트 타이밍은 같은데 직진에서 따잇은 뭐냐,,7,7.0,스타트 타이밍은 같은데 직진에서 따잇은 뭐냐 ,스타트 타이밍은 같은데 직진에서 따잇은 뭐냐,0.25453484058380127,0.2906515896320343,0.09668277204036713,0.16838891804218292,0.05274929106235504,0.13699260354042053
2024-08-25 22:11:12,맥라렌 가속이 느린건가,"진짜 뭐지 매번
- dc official App",7,7.0,"맥라렌 가속이 느린건가 진짜 뭐지 매번
- dc official App",맥라렌 가속이 느린건가 진짜 뭐지 매번,0.22080503404140472,0.29019132256507874,0.07850751280784607,0.1532224714756012,0.05969804897904396,0.1975756287574768
2024-08-25 22:11:14,노리스 허벌이고,ㅅㅂ ㅋㅋ,7,7.0,노리스 허벌이고 ㅅㅂ ㅋㅋ,노리스 허벌이고 ㅅㅂ ㅋㅋ,0.13381755352020264,0.26737144589424133,0.19424869120121002,0.23432974517345428,0.0682346299290657,0.101997971534729
2024-08-25 22:11:15,아니 반응은 똑같이했는데 발 미끄러진거 아니냐? ㅋㅋㅋㅋㅋ,- dc official App,7,7.0,아니 반응은 똑같이했는데 발 미끄러진거 아니냐? ㅋㅋㅋㅋㅋ - dc official App,아니 반응은 똑같이했는데 발 미끄러진거 아니냐? ㅋㅋㅋㅋㅋ - dc official App,0.30793067812919617,0.24377289414405823,0.12294415384531021,0.14354634284973145,0.10602226853370667,0.0757836252450943
2024-08-25 22:11:16,노리스 얘는 진짜 병신이냐,,7,7.0,노리스 얘는 진짜 병신이냐 ,노리스 얘는 진짜 병신이냐,0.2740297317504883,0.2133234739303589,0.08361084014177322,0.19948668777942657,0.10892169177532196,0.12062759697437286
2024-08-25 22:11:18,[오피셜] 맥라렌 퍼스트,,7,7.0,[오피셜] 맥라렌 퍼스트 ,[오피셜] 맥라렌 퍼스트,0.2609633207321167,0.21852096915245056,0.2957075238227844,0.10224343091249466,0.061209097504615784,0.06135554611682892
2024-08-25 22:11:19,가속 0.4초 차는ㅋㅋㅋㅋㅋ,혼자 페달 40kg짜리 빏냐??,7,7.0,가속 0.4초 차는ㅋㅋㅋㅋㅋ 혼자 페달 40kg짜리 빏냐??,가속 0.4초 차는ㅋㅋㅋㅋㅋ 혼자 페달 40kg짜리 빏냐??,0.3390326201915741,0.21169064939022064,0.12572695314884186,0.15101777017116547,0.10440376400947571,0.06812817603349686
2024-08-25 22:11:21,악셀을 뗀거냐?,메카니컬이슌가,7,7.0,악셀을 뗀거냐? 메카니컬이슌가,악셀을 뗀거냐? 메카니컬이슌가,0.35483789443969727,0.21323001384735107,0.12292478233575821,0.12775970995426178,0.1068657860159874,0.07438184320926666
2024-08-25 22:11:21,리액션타임이 같은데 저렇게 따이는것도 재주다 ㅋㅋㅋㅋ,놀랍다증말ㅋㅋㅋㅋㅋㅋㅋㅋ,7,7.0,리액션타임이 같은데 저렇게 따이는것도 재주다 ㅋㅋㅋㅋ 놀랍다증말ㅋㅋㅋㅋㅋㅋㅋㅋ,리액션타임이 같은데 저렇게 따이는것도 재주다 ㅋㅋㅋㅋ 놀랍다증말ㅋㅋㅋㅋㅋㅋㅋㅋ,0.2889437675476074,0.2069205641746521,0.2596501410007477,0.09826228767633438,0.10693463683128357,0.039288584142923355
2024-08-25 22:11:22,차 차이였노 ㅋㅋㅋㅋㅋ,ㅋㅋㅋㅋㅋ,7,7.0,차 차이였노 ㅋㅋㅋㅋㅋ ㅋㅋㅋㅋㅋ,차 차이였노 ㅋㅋㅋㅋㅋ ㅋㅋㅋㅋㅋ,0.1677115261554718,0.3135135769844055,0.2928891181945801,0.10652542114257812,0.06020858511328697,0.059151798486709595
2024-08-25 22:11:24,휠스핀 신나게걸렸노 ㅋㅋ,ㅋㅋㅋ,7,7.0,휠스핀 신나게걸렸노 ㅋㅋ ㅋㅋㅋ,휠스핀 신나게걸렸노 ㅋㅋ ㅋㅋㅋ,0.07394649088382721,0.14048589766025543,0.6305994391441345,0.08087214082479477,0.02708594501018524,0.047010086476802826
2024-08-25 22:11:27,그냥 차가 ㅂㅅ이잖아 ㅅㅂ,- dc official App,7,7.0,그냥 차가 ㅂㅅ이잖아 ㅅㅂ - dc official App,그냥 차가 ㅂㅅ이잖아 ㅅㅂ - dc official App,0.15470077097415924,0.2055467963218689,0.1350965052843094,0.2811948359012604,0.038818325847387314,0.18464277684688568
2024-08-25 22:11:28,뭐노 차빨인가,- dc official App,7,7.0,뭐노 차빨인가 - dc official App,뭐노 차빨인가 - dc official App,0.34761282801628113,0.23481397330760956,0.1561356782913208,0.10494595021009445,0.08297018706798553,0.07352142035961151
2024-08-25 22:11:28,막스 저새끼 차 사륜이냐??,,7,7.0,막스 저새끼 차 사륜이냐?? ,막스 저새끼 차 사륜이냐??,0.33717748522758484,0.1872551590204239,0.10462472587823868,0.1816689521074295,0.10164198279380798,0.08763168007135391
2024-08-25 22:11:30,휠스핀 개조졌네 ㅋㅋㅋㅋ,,7,7.0,휠스핀 개조졌네 ㅋㅋㅋㅋ ,휠스핀 개조졌네 ㅋㅋㅋㅋ,0.15056702494621277,0.19401785731315613,0.4597019553184509,0.09958092868328094,0.04474812373518944,0.05138413608074188
2024-08-25 22:11:34,차가 구린데?,가속 차이가 ㅅㅂ,7,7.0,차가 구린데? 가속 차이가 ㅅㅂ,차가 구린데? 가속 차이가 ㅅㅂ,0.17189893126487732,0.2749384045600891,0.09393653273582458,0.2166961282491684,0.04315521568059921,0.19937482476234436
2024-08-25 22:11:34,이번엔 막지도 못하고 보내줌 ㅋㅋㅋㅋㅋㅋㅋㅋㅋㅋㅋㅋ,ㅋㅋㅋㅋㅋㅋㅋㅋㅋㅋㅋㅋㅋㅋㅋㅋㅋㅋ,7,7.0,이번엔 막지도 못하고 보내줌 ㅋㅋㅋㅋㅋㅋㅋㅋㅋㅋㅋㅋ ㅋㅋㅋㅋㅋㅋㅋㅋㅋㅋㅋㅋㅋㅋㅋㅋㅋㅋ,이번엔 막지도 못하고 보내줌 ㅋㅋㅋㅋㅋㅋㅋㅋㅋㅋㅋㅋ ㅋㅋㅋㅋㅋㅋㅋㅋㅋㅋㅋㅋㅋㅋㅋㅋㅋㅋ,0.13349699974060059,0.33411839604377747,0.13903024792671204,0.18809451162815094,0.07727924734354019,0.12798063457012177
2024-08-25 22:11:34,오랜만이라 그런건지 레이스 좃노잼이네,흠,7,7.0,오랜만이라 그런건지 레이스 좃노잼이네 흠,오랜만이라 그런건지 레이스 좃노잼이네 흠,0.17483942210674286,0.3250521421432495,0.11279693990945816,0.1697465181350708,0.060383133590221405,0.15718187391757965
2024-08-25 22:11:36,기어가 안들어 간거 같은데 2단 3단 이상한 소리,- dc official App,7,7.0,기어가 안들어 간거 같은데 2단 3단 이상한 소리 - dc official App,기어가 안들어 간거 같은데 2단 3단 이상한 소리 - dc official App,0.344211608171463,0.22614224255084991,0.14479805529117584,0.12473976612091064,0.0801808089017868,0.07992754876613617
2024-08-25 22:11:36,멕라랜은 진짜 스타트 차가 안좋나,,7,7.0,멕라랜은 진짜 스타트 차가 안좋나 ,멕라랜은 진짜 스타트 차가 안좋나,0.33434513211250305,0.26748722791671753,0.0956944078207016,0.11288338899612427,0.07114583998918533,0.11844400316476822
2024-08-25 22:11:37,대체 뭐했길래 따인 거냐,"시발
- dc official App",7,7.0,"대체 뭐했길래 따인 거냐 시발
- dc official App",대체 뭐했길래 따인 거냐 시발,0.2195897400379181,0.17028361558914185,0.08417584002017975,0.26421043276786804,0.06633754819631577,0.1954028159379959
2024-08-25 22:11:38,노리스 솔직히 또 따인거 보면,"솔직히 인간적으로 또 실수 한게 아니라면
베르스타펜 차가 저단 훨씬 빠른가본데",7,7.0,"노리스 솔직히 또 따인거 보면 솔직히 인간적으로 또 실수 한게 아니라면
베르스타펜 차가 저단 훨씬 빠른가본데",노리스 솔직히 또 따인거 보면 솔직히 인간적으로 또 실수 한게 아니라면 베르스타펜 차가 저단 훨씬 빠른가본데,0.32708168029785156,0.24658112227916718,0.08347666263580322,0.12574034929275513,0.11873462796211243,0.09838560223579407
2024-08-25 22:11:38,노리스 억까 음해였냐??,,7,7.0,노리스 억까 음해였냐?? ,노리스 억까 음해였냐??,0.36122286319732666,0.21698026359081268,0.08168396353721619,0.14177004992961884,0.10393727570772171,0.09440551698207855
2024-08-25 22:11:38,무리스때문에 뒤에 다 밀렸노 ㅋㅋㅋㅋ,ㅋㅋㅋㅋㅋ,7,7.0,무리스때문에 뒤에 다 밀렸노 ㅋㅋㅋㅋ ㅋㅋㅋㅋㅋ,무리스때문에 뒤에 다 밀렸노 ㅋㅋㅋㅋ ㅋㅋㅋㅋㅋ,0.1214064508676529,0.3786261975765228,0.15787963569164276,0.15673615038394928,0.0690128281712532,0.1163388192653656
2024-08-25 22:11:41,뭐여 차 문제였어?,헉,7,7.0,뭐여 차 문제였어? 헉,뭐여 차 문제였어? 헉,0.32076406478881836,0.22804449498653412,0.1169198676943779,0.13985282182693481,0.10715501010417938,0.08726372569799423
2024-08-25 22:11:47,야이 씨발년들아 레드불이 빠르다잖아,죽고싶노?,8,8.0,야이 씨발년들아 레드불이 빠르다잖아 죽고싶노?,야이 씨발년들아 레드불이 빠르다잖아 죽고싶노?,0.13792385160923004,0.1683478057384491,0.13345515727996826,0.3341532051563263,0.049745574593544006,0.17637434601783752
2024-08-25 22:11:46,대황슬리 ㅋㅋ,,8,8.0,대황슬리 ㅋㅋ ,대황슬리 ㅋㅋ,0.07679397612810135,0.11560714989900589,0.69026118516922,0.0586874857544899,0.026164477691054344,0.03248574212193489
2024-08-25 22:11:48,오디오 밸런스가 바꼈나 해설이 왜 잘 안들리지,평소보다 목소리가 차 소리에 묻히는 거 같은데 기분 탓인가,8,8.0,오디오 밸런스가 바꼈나 해설이 왜 잘 안들리지 평소보다 목소리가 차 소리에 묻히는 거 같은데 기분 탓인가,오디오 밸런스가 바꼈나 해설이 왜 잘 안들리지 평소보다 목소리가 차 소리에 묻히는 거 같은데 기분 탓인가,0.22121872007846832,0.3258454501628876,0.09124865382909775,0.1384594887495041,0.0650167316198349,0.15821091830730438
2024-08-25 22:11:50,스타트를 조진게 아니라 18명을 블로킹한것,^막스제외^,8,8.0,스타트를 조진게 아니라 18명을 블로킹한것 ^막스제외^,스타트를 조진게 아니라 18명을 블로킹한것 ^막스제외^,0.22430379688739777,0.27210700511932373,0.19111110270023346,0.1455531120300293,0.07613620907068253,0.0907888114452362
2024-08-25 22:11:52,역시 차빨 몽골좌,차빨래,8,8.0,역시 차빨 몽골좌 차빨래,역시 차빨 몽골좌 차빨래,0.0930912122130394,0.12517112493515015,0.6172026991844177,0.07916370779275894,0.039332058280706406,0.046039167791604996
2024-08-25 22:11:54,몽골 혼자 tc 켰냐 ㅋㅋㅋㅋ,,8,8.0,몽골 혼자 tc 켰냐 ㅋㅋㅋㅋ ,몽골 혼자 tc 켰냐 ㅋㅋㅋㅋ,0.263968825340271,0.24359174072742462,0.21313655376434326,0.14428479969501495,0.0791872888803482,0.05583078786730766
2024-08-25 22:11:55,사전트 <- 이새끼 정작 레이스땐 사고 안 냄,셒카 좀 보게 레이스에 사고 좀 내보라고 ㅋㅋ,8,8.0,사전트 <- 이새끼 정작 레이스땐 사고 안 냄 셒카 좀 보게 레이스에 사고 좀 내보라고 ㅋㅋ,사전트 <- 이새끼 정작 레이스땐 사고 안 냄 셒카 좀 보게 레이스에 사고 좀 내보라고 ㅋㅋ,0.17434364557266235,0.20254984498023987,0.15064385533332825,0.28210973739624023,0.07913534343242645,0.11121758818626404
2024-08-25 22:11:55,대슬리 라인타기 ㅅㅅㅅㅅㅅ,ㅇㅇ,8,8.0,대슬리 라인타기 ㅅㅅㅅㅅㅅ ㅇㅇ,대슬리 라인타기 ㅅㅅㅅㅅㅅ ㅇㅇ,0.06981521099805832,0.11564046889543533,0.669567346572876,0.07269037514925003,0.02739144116640091,0.0448952354490757
2024-08-25 22:11:56,차가 구리네,,8,8.0,차가 구리네 ,차가 구리네,0.24796050786972046,0.30848944187164307,0.09195812791585922,0.15612034499645233,0.05764717608690262,0.1378243863582611
2024-08-25 22:12:00,꼬우면 레드불로 오시던지 ㅋㅋ,"ㄹㅇ
- dc official App",8,8.0,"꼬우면 레드불로 오시던지 ㅋㅋ ㄹㅇ
- dc official App",꼬우면 레드불로 오시던지 ㅋㅋ ㄹㅇ,0.21095144748687744,0.23592986166477203,0.12898948788642883,0.23303262889385223,0.0744224488735199,0.11667412519454956
2024-08-25 22:12:00,노리스걍 차가,- dc official App,8,8.0,노리스걍 차가 - dc official App,노리스걍 차가 - dc official App,0.20120087265968323,0.2020057886838913,0.4136181175708771,0.09907935559749603,0.03533543646335602,0.048760347068309784
2024-08-25 22:12:05,좆그누센ㅋㅋㅋ,ㅋㅋ,8,8.0,좆그누센ㅋㅋㅋ ㅋㅋ,좆그누센ㅋㅋㅋ ㅋㅋ,0.07896611094474792,0.12135163694620132,0.6776275634765625,0.06385843455791473,0.02518598362803459,0.033010322600603104
2024-08-25 22:12:10,(다소의역) 케로: 몽골은 차빨이다,ㅇㅇ,8,8.0,(다소의역) 케로: 몽골은 차빨이다 ㅇㅇ,(다소의역) 케로: 몽골은 차빨이다 ㅇㅇ,0.26003241539001465,0.2401510775089264,0.26716119050979614,0.10682584345340729,0.05887767672538757,0.06695183366537094
2024-08-25 22:12:11,아이코 케이막,"자갈밭으로 가면 우쩌냐
- dc official App",8,8.0,"아이코 케이막 자갈밭으로 가면 우쩌냐
- dc official App",아이코 케이막 자갈밭으로 가면 우쩌냐,0.23903684318065643,0.28035685420036316,0.1557096391916275,0.1146988570690155,0.0940549299120903,0.11614286154508591
2024-08-25 22:12:12,케이막 기습시위 ㅋㅋㅋㅋ,,8,8.0,케이막 기습시위 ㅋㅋㅋㅋ ,케이막 기습시위 ㅋㅋㅋㅋ,0.16455602645874023,0.17086614668369293,0.512948215007782,0.07834965735673904,0.04091408848762512,0.032365862280130386
2024-08-25 22:12:14,좆병신 ㅋㅋㅋㅋㅋㅋㅋㅋ,,8,8.0,좆병신 ㅋㅋㅋㅋㅋㅋㅋㅋ ,좆병신 ㅋㅋㅋㅋㅋㅋㅋㅋ,0.2023387849330902,0.22789764404296875,0.2053399384021759,0.2231353521347046,0.06700540333986282,0.07428285479545593
2024-08-25 22:12:14,대황끌 체코 척살 ㅋㅋㅋㅋ,,8,8.0,대황끌 체코 척살 ㅋㅋㅋㅋ ,대황끌 체코 척살 ㅋㅋㅋㅋ,0.07309684157371521,0.10498198121786118,0.6978268027305603,0.06484656780958176,0.024898750707507133,0.034349068999290466
2024-08-25 22:12:15,케이막 미끌 ㅋㅋㅋㅋㅋ,- dc official App,8,8.0,케이막 미끌 ㅋㅋㅋㅋㅋ - dc official App,케이막 미끌 ㅋㅋㅋㅋㅋ - dc official App,0.08599653840065002,0.11954784393310547,0.6719571352005005,0.0651756003499031,0.023372933268547058,0.03395003080368042
2024-08-25 22:12:19,K막 ㅈㄴ 짠하면 개추,- dc official App,8,8.0,K막 ㅈㄴ 짠하면 개추 - dc official App,K막 ㅈㄴ 짠하면 개추 - dc official App,0.17920510470867157,0.23448020219802856,0.35045233368873596,0.08891403675079346,0.08209460973739624,0.0648537427186966
2024-08-25 22:12:21,노사.모들 차탓 시작 ㅋㅋㅋㅋㅋㅋㅋ,"에라이 병신새끼들아 ㅋㅋㅋㅋㅋㅋ
- dc official App",8,8.0,"노사.모들 차탓 시작 ㅋㅋㅋㅋㅋㅋㅋ 에라이 병신새끼들아 ㅋㅋㅋㅋㅋㅋ
- dc official App",노사.모들 차탓 시작 ㅋㅋㅋㅋㅋㅋㅋ 에라이 병신새끼들아 ㅋㅋㅋㅋㅋㅋ,0.18109294772148132,0.18264874815940857,0.10973550379276276,0.3129378855228424,0.06878308206796646,0.14480182528495789
2024-08-25 22:12:28,케이막 병신,,8,8.0,케이막 병신 ,케이막 병신,0.13481612503528595,0.1557479053735733,0.5615763664245605,0.07789041846990585,0.027995524927973747,0.04197363927960396
2024-08-25 22:12:31,케이막 저리하고도 저우랑 0.3초차 ㅋㅋ,진짜 자우버는 ㅅㅂㅋㅋㅋㅋ,8,8.0,케이막 저리하고도 저우랑 0.3초차 ㅋㅋ 진짜 자우버는 ㅅㅂㅋㅋㅋㅋ,케이막 저리하고도 저우랑 0.3초차 ㅋㅋ 진짜 자우버는 ㅅㅂㅋㅋㅋㅋ,0.24744753539562225,0.23036611080169678,0.07980751246213913,0.21692879498004913,0.10589899867773056,0.11955107748508453
2024-08-25 22:12:37,가슬리 비켜,국왕님 나가신다,8,8.0,가슬리 비켜 국왕님 나가신다,가슬리 비켜 국왕님 나가신다,0.10634855180978775,0.14448562264442444,0.5729776620864868,0.08665782958269119,0.037332452833652496,0.05219782888889313
2024-08-25 22:12:40,씨발 몽기견 개새끼들,"맥라렌 차가 저단 병신이라 해도
씨빨년들이 맨난 느그리스 병신탓이야~ 하는데
역시 기계탓이었노
그치 인간적으로 맨날 그따위 실수를 하겠노",8,8.0,"씨발 몽기견 개새끼들 맥라렌 차가 저단 병신이라 해도
씨빨년들이 맨난 느그리스 병신탓이야~ 하는데
역시 기계탓이었노
그치 인간적으로 맨날 그따위 실수를 하겠노",씨발 몽기견 개새끼들 맥라렌 차가 저단 병신이라 해도 씨빨년들이 맨난 느그리스 병신탓이야~ 하는데 역시 기계탓이었노 그치 인간적으로 맨날 그따위 실수를 하겠노,0.16653330624103546,0.16564126312732697,0.10036639869213104,0.31283658742904663,0.05826513469219208,0.1963573545217514
2024-08-25 22:12:45,알론소 트레인 ON ㅋㅋㅋㅋㅋㅋㅋㅋㅋㅋ,이것도 오랜만에 보네,8,8.0,알론소 트레인 ON ㅋㅋㅋㅋㅋㅋㅋㅋㅋㅋ 이것도 오랜만에 보네,알론소 트레인 ON ㅋㅋㅋㅋㅋㅋㅋㅋㅋㅋ 이것도 오랜만에 보네,0.08851997554302216,0.1268220841884613,0.6761989593505859,0.05534980446100235,0.02412601001560688,0.02898319624364376
2024-08-25 22:12:48,머임? 알바 끝나고 이제 켰는데 어캐 1등먹음?,ㅇㅇ?,8,8.0,머임? 알바 끝나고 이제 켰는데 어캐 1등먹음? ㅇㅇ?,머임? 알바 끝나고 이제 켰는데 어캐 1등먹음? ㅇㅇ?,0.3325791358947754,0.2282380759716034,0.14468824863433838,0.12170355021953583,0.10975341498851776,0.06303754448890686
2024-08-25 22:12:52,근데 시발 어케 갈수록 스타트를 못해지는거냐,점점 더 병신같이 따이노,8,8.0,근데 시발 어케 갈수록 스타트를 못해지는거냐 점점 더 병신같이 따이노,근데 시발 어케 갈수록 스타트를 못해지는거냐 점점 더 병신같이 따이노,0.1690945327281952,0.20569683611392975,0.07510566711425781,0.2543143332004547,0.06415552645921707,0.23163311183452606
2024-08-25 22:12:55,아니 가슬리 왜 빠르노,,8,8.0,아니 가슬리 왜 빠르노 ,아니 가슬리 왜 빠르노,0.32175764441490173,0.23847895860671997,0.18522265553474426,0.1056886836886406,0.10324997454881668,0.04560208320617676
2024-08-25 22:12:58,몽골 저 새끼 존나 밟는데 이악물었나보네,진짜 레이싱에 미친 새끼,8,8.0,몽골 저 새끼 존나 밟는데 이악물었나보네 진짜 레이싱에 미친 새끼,몽골 저 새끼 존나 밟는데 이악물었나보네 진짜 레이싱에 미친 새끼,0.2456425577402115,0.1578695923089981,0.11901554465293884,0.25677427649497986,0.09947539120912552,0.1212226077914238
2024-08-25 22:13:03,소리 밸런스 조금 괜찮아졌네,이제 해설 조금 더 잘 들림,9,9.0,소리 밸런스 조금 괜찮아졌네 이제 해설 조금 더 잘 들림,소리 밸런스 조금 괜찮아졌네 이제 해설 조금 더 잘 들림,0.0773528441786766,0.15995018184185028,0.5984370708465576,0.0640382468700409,0.038531191647052765,0.06169047951698303
2024-08-25 22:13:08,밀턴이도 도통 헐크를 못따네,,9,9.0,밀턴이도 도통 헐크를 못따네 ,밀턴이도 도통 헐크를 못따네,0.3505750596523285,0.24878482520580292,0.09795255959033966,0.11787955462932587,0.09576720744371414,0.08904078602790833
2024-08-25 22:13:10,응애막스 ㅋㅋㅋㅋ,,9,9.0,응애막스 ㅋㅋㅋㅋ ,응애막스 ㅋㅋㅋㅋ,0.06291233003139496,0.10852838307619095,0.7134261131286621,0.05415421351790428,0.024438701570034027,0.03654027357697487
2024-08-25 22:13:14,노리스 맘충이들은 보고 느끼는게 없나봄 ㅇㅇ,"맨날 폴따고 내다 버리는게 무관새끼 하는건데
왜 차빨이라는 생각을 못하고 차탓을 하는지 wwww",9,9.0,"노리스 맘충이들은 보고 느끼는게 없나봄 ㅇㅇ 맨날 폴따고 내다 버리는게 무관새끼 하는건데
왜 차빨이라는 생각을 못하고 차탓을 하는지 wwww",노리스 맘충이들은 보고 느끼는게 없나봄 ㅇㅇ 맨날 폴따고 내다 버리는게 무관새끼 하는건데 왜 차빨이라는 생각을 못하고 차탓을 하는지 wwww,0.18640342354774475,0.17296144366264343,0.09269946068525314,0.307603657245636,0.06351535022258759,0.1768166869878769
2024-08-25 22:13:23,개추 시 랜덤으로 1명 스핀 ㅋㅋ,,9,9.0,개추 시 랜덤으로 1명 스핀 ㅋㅋ ,개추 시 랜덤으로 1명 스핀 ㅋㅋ,0.07519767433404922,0.11642300337553024,0.689575731754303,0.05959291756153107,0.025280414149165154,0.03393029794096947
2024-08-25 22:13:25,위 아 P3 위 아 P3,- dc official App,9,9.0,위 아 P3 위 아 P3 - dc official App,위 아 P3 위 아 P3 - dc official App,0.2072463035583496,0.21866488456726074,0.36131933331489563,0.11469940841197968,0.035207994282245636,0.06286204606294632
2024-08-25 22:13:26,씨발 헐크는 따야지 물탕이형,ㅅㅂ,9,9.0,씨발 헐크는 따야지 물탕이형 ㅅㅂ,씨발 헐크는 따야지 물탕이형 ㅅㅂ,0.11961528658866882,0.17812344431877136,0.12304423749446869,0.3506702184677124,0.0448402538895607,0.18370652198791504
2024-08-25 22:13:27,엪서운사실) 지금 막스차 플로어 개막전 스펙임,ㅋㅋㅋ,9,9.0,엪서운사실) 지금 막스차 플로어 개막전 스펙임 ㅋㅋㅋ,엪서운사실) 지금 막스차 플로어 개막전 스펙임 ㅋㅋㅋ,0.09052789956331253,0.14152182638645172,0.6443496942520142,0.06035713851451874,0.03142691031098366,0.03181656822562218
2024-08-25 22:13:28,오늘 무리스 치고 반응이 빨랐는데,저단 가속 레드불이 압살한거맞지?,9,9.0,오늘 무리스 치고 반응이 빨랐는데 저단 가속 레드불이 압살한거맞지?,오늘 무리스 치고 반응이 빨랐는데 저단 가속 레드불이 압살한거맞지?,0.3328901529312134,0.22481131553649902,0.17523768544197083,0.10346227139234543,0.10955743491649628,0.05404110997915268
2024-08-25 22:13:26,이제 자러 가면 되는거냐,- dc official App,9,9.0,이제 자러 가면 되는거냐 - dc official App,이제 자러 가면 되는거냐 - dc official App,0.15319520235061646,0.22143550217151642,0.43073898553848267,0.08007048070430756,0.05099906772375107,0.06356079876422882
2024-08-25 22:13:31,알국왕따잇ㅋㅋ,ㅋㅋ,9,9.0,알국왕따잇ㅋㅋ ㅋㅋ,알국왕따잇ㅋㅋ ㅋㅋ,0.0705283060669899,0.1291906237602234,0.648847758769989,0.07883280515670776,0.026355519890785217,0.046244967728853226
2024-08-25 22:13:39,에이시팔,어휴,9,9.0,에이시팔 어휴,에이시팔 어휴,0.12648554146289825,0.18147003650665283,0.13850171864032745,0.3192928433418274,0.04825850948691368,0.18599137663841248
2024-08-25 22:13:39,솔직히 요즘 레이스 빅크래시 없어서 노잼이긴함,"ㄹㅇ
..",9,9.0,"솔직히 요즘 레이스 빅크래시 없어서 노잼이긴함 ㄹㅇ
..",솔직히 요즘 레이스 빅크래시 없어서 노잼이긴함 ㄹㅇ ..,0.14741064608097076,0.31727054715156555,0.11157891899347305,0.16971908509731293,0.05943039059638977,0.19459037482738495
2024-08-25 22:13:42,잼민스타펜.jpg zzzzz,,9,9.0,잼민스타펜.jpg zzzzz ,잼민스타펜.jpg zzzzz,0.07508676499128342,0.11155180633068085,0.6980490684509277,0.056035421788692474,0.025466181337833405,0.03381071612238884
2024-08-25 22:13:45,노리스의 무관력은 보법이 다름 걍ㅋㅋㅋ,진짜 어케 했노?,9,9.0,노리스의 무관력은 보법이 다름 걍ㅋㅋㅋ 진짜 어케 했노?,노리스의 무관력은 보법이 다름 걍ㅋㅋㅋ 진짜 어케 했노?,0.30960118770599365,0.2207319140434265,0.2421487420797348,0.08824574947357178,0.10110591351985931,0.03816650062799454
2024-08-25 22:13:49,저우관유 저새끼는 보여주지도않는데 ㅈㄴ느린게 보이노,맨뒤가 그리 좋노,9,9.0,저우관유 저새끼는 보여주지도않는데 ㅈㄴ느린게 보이노 맨뒤가 그리 좋노,저우관유 저새끼는 보여주지도않는데 ㅈㄴ느린게 보이노 맨뒤가 그리 좋노,0.15761543810367584,0.23604963719844818,0.0958462506532669,0.29824599623680115,0.06200697273015976,0.15023569762706757
2024-08-25 22:13:55,시작부터 드르렁각이다,오늘은 안되겠다,9,9.0,시작부터 드르렁각이다 오늘은 안되겠다,시작부터 드르렁각이다 오늘은 안되겠다,0.14541752636432648,0.29843202233314514,0.08104201406240463,0.17279070615768433,0.06874891370534897,0.23356886208057404
2024-08-25 22:13:55,P7 P8하면 뭐하노 매번 포인트권 겨우겨우 턱걸이 할까말까인데 ㅋㅋ,,9,9.0,P7 P8하면 뭐하노 매번 포인트권 겨우겨우 턱걸이 할까말까인데 ㅋㅋ ,P7 P8하면 뭐하노 매번 포인트권 겨우겨우 턱걸이 할까말까인데 ㅋㅋ,0.1684749722480774,0.30613264441490173,0.10261721163988113,0.15764516592025757,0.07976327836513519,0.18536677956581116
2024-08-25 22:14:05,클린에어가 무조건 유리한가,ㅇㅇ...,9,9.0,클린에어가 무조건 유리한가 ㅇㅇ...,클린에어가 무조건 유리한가 ㅇㅇ...,0.2731131911277771,0.2891632914543152,0.1461392641067505,0.10937410593032837,0.06698314845561981,0.11522693932056427
2024-08-25 22:14:05,아니 시발 클러치 휠스핀 걸려서 따잇당했네,어이가 없다 어이가…,9,9.0,아니 시발 클러치 휠스핀 걸려서 따잇당했네 어이가 없다 어이가…,아니 시발 클러치 휠스핀 걸려서 따잇당했네 어이가 없다 어이가…,0.1330079436302185,0.22961807250976562,0.11530090868473053,0.27050918340682983,0.052818626165390015,0.1987452358007431
2024-08-25 22:14:08,졸리네,끝나고 와야지...,9,9.0,졸리네 끝나고 와야지...,졸리네 끝나고 와야지...,0.12368370592594147,0.36321595311164856,0.1172698363661766,0.14321395754814148,0.06459540128707886,0.18802109360694885
2024-08-25 22:14:10,슬슬 노잼서킷 냄새난다,정지훈 어딨냐고,9,9.0,슬슬 노잼서킷 냄새난다 정지훈 어딨냐고,슬슬 노잼서킷 냄새난다 정지훈 어딨냐고,0.1789735108613968,0.31106600165367126,0.09669360518455505,0.18502458930015564,0.06854851543903351,0.15969383716583252
2024-08-25 22:14:10,P1 무료로드리게스ㅋㅋㅋㅋㅋㅋㅋ,"어우 느려
- dc official App",9,9.0,"P1 무료로드리게스ㅋㅋㅋㅋㅋㅋㅋ 어우 느려
- dc official App",P1 무료로드리게스ㅋㅋㅋㅋㅋㅋㅋ 어우 느려,0.1388356238603592,0.2688370645046234,0.2773717939853668,0.152555450797081,0.051317598670721054,0.11108241975307465
2024-08-25 22:14:10,노리스를 믿어?,지나가던 체코를 믿어라ㅋㅋㅋㅋㅋㅋㅋㅋㅋㅋ,9,9.0,노리스를 믿어? 지나가던 체코를 믿어라ㅋㅋㅋㅋㅋㅋㅋㅋㅋㅋ,노리스를 믿어? 지나가던 체코를 믿어라ㅋㅋㅋㅋㅋㅋㅋㅋㅋㅋ,0.3006283938884735,0.22537904977798462,0.10068445652723312,0.17075125873088837,0.07121293246746063,0.13134385645389557
2024-08-25 22:14:11,벌써 잠오네 ㅋㅋㅋ,- dc official App,9,9.0,벌써 잠오네 ㅋㅋㅋ - dc official App,벌써 잠오네 ㅋㅋㅋ - dc official App,0.10897362977266312,0.2029961496591568,0.5154550075531006,0.08036387711763382,0.0411481112241745,0.051063209772109985
2024-08-25 22:14:22,ㅅㅂ 스타트 놓쳤다,알람 맞춰놓을걸,10,10.0,ㅅㅂ 스타트 놓쳤다 알람 맞춰놓을걸,ㅅㅂ 스타트 놓쳤다 알람 맞춰놓을걸,0.09830812364816666,0.24578063189983368,0.12845629453659058,0.2478039264678955,0.04737775772809982,0.23227325081825256
2024-08-25 22:14:22,슬슬 졸리노,잘까,10,10.0,슬슬 졸리노 잘까,슬슬 졸리노 잘까,0.16162745654582977,0.3253698945045471,0.17122113704681396,0.13639773428440094,0.07140800356864929,0.13397569954395294
2024-08-25 22:14:25,사인츠 존나무섭네;;;,가슬리 쫒아갸는 속도봐라,10,10.0,사인츠 존나무섭네;;; 가슬리 쫒아갸는 속도봐라,사인츠 존나무섭네;;; 가슬리 쫒아갸는 속도봐라,0.34867149591445923,0.18236804008483887,0.1313924640417099,0.1442381590604782,0.12234117090702057,0.07098863273859024
2024-08-25 22:14:28,너뭐하냐 입갤ㅋㅋㅋ,ㅋㅋㅋ,10,10.0,너뭐하냐 입갤ㅋㅋㅋ ㅋㅋㅋ,너뭐하냐 입갤ㅋㅋㅋ ㅋㅋㅋ,0.09861002117395401,0.13438516855239868,0.6375494599342346,0.06300036609172821,0.03195441886782646,0.03450055420398712
2024-08-25 22:14:36,근데 요즘 레이스 보면 맨날 마지막에 꿀잼임,"초중반 그저그런데 후반에 갑자기 개꿀잼됨
- dc official App",10,10.0,"근데 요즘 레이스 보면 맨날 마지막에 꿀잼임 초중반 그저그런데 후반에 갑자기 개꿀잼됨
- dc official App",근데 요즘 레이스 보면 맨날 마지막에 꿀잼임 초중반 그저그런데 후반에 갑자기 개꿀잼됨,0.06881452351808548,0.1330793797969818,0.6763386726379395,0.05986395850777626,0.025929613038897514,0.03597380965948105
2024-08-25 22:14:38,원래 앞에 아무도 없었잖니 노리스야..,- dc official App,10,10.0,원래 앞에 아무도 없었잖니 노리스야.. - dc official App,원래 앞에 아무도 없었잖니 노리스야.. - dc official App,0.2724057734012604,0.3130650818347931,0.1367567777633667,0.10222823917865753,0.09108083695173264,0.08446338772773743
2024-08-25 22:14:47,저우<-혼자 랩타임 18초대,북딱스랑 랩당 1초 넘게 차이남 ㅋㅋ,10,10.0,저우<-혼자 랩타임 18초대 북딱스랑 랩당 1초 넘게 차이남 ㅋㅋ,저우<-혼자 랩타임 18초대 북딱스랑 랩당 1초 넘게 차이남 ㅋㅋ,0.20526282489299774,0.23154783248901367,0.3571197986602783,0.10491307079792023,0.059685930609703064,0.041470497846603394
2024-08-25 22:14:48,알국왕 따잇,,10,10.0,알국왕 따잇 ,알국왕 따잇,0.06898997724056244,0.11645570397377014,0.6879356503486633,0.0561152845621109,0.02928578294813633,0.041217632591724396
2024-08-25 22:14:49,이게 엡뿌완었지,ㅈㄱㄴ,10,10.0,이게 엡뿌완었지 ㅈㄱㄴ,이게 엡뿌완었지 ㅈㄱㄴ,0.09522803872823715,0.2919262647628784,0.218234121799469,0.1995820254087448,0.049093179404735565,0.14593641459941864
2024-08-25 22:14:50,알론소 차에 문제 있음?? 페이스가 말도안되게 느린데,,10,10.0,알론소 차에 문제 있음?? 페이스가 말도안되게 느린데 ,알론소 차에 문제 있음?? 페이스가 말도안되게 느린데,0.34742122888565063,0.2283957600593567,0.09525439143180847,0.1339162439107895,0.08447380363941193,0.11053849756717682
2024-08-25 22:14:55,사인츠 ㅈㄴ 무섭다,가슬리한테서 떨어졋,10,10.0,사인츠 ㅈㄴ 무섭다 가슬리한테서 떨어졋,사인츠 ㅈㄴ 무섭다 가슬리한테서 떨어졋,0.33204320073127747,0.17928147315979004,0.1459278166294098,0.14159685373306274,0.1278974562883377,0.07325321435928345
2024-08-25 22:14:55,SMOOOOTH OOOPERATORRRR,- dc official App,10,10.0,SMOOOOTH OOOPERATORRRR - dc official App,SMOOOOTH OOOPERATORRRR - dc official App,0.21701373159885406,0.20296324789524078,0.375893235206604,0.11075164377689362,0.03560382500290871,0.05777427926659584
2024-08-25 22:14:57,개슬리 왜 저기 잇노,"오늘 레전드 찍나?
- dc official App",10,10.0,"개슬리 왜 저기 잇노 오늘 레전드 찍나?
- dc official App",개슬리 왜 저기 잇노 오늘 레전드 찍나?,0.24532443284988403,0.26776933670043945,0.17892152070999146,0.11885412037372589,0.13176916539669037,0.05736143887042999
2024-08-25 22:14:59,맥라렌이 차 존나 좋은 이유,프레시에어 타는 레드불 아직도 1초대로 잡고있음,10,10.0,맥라렌이 차 존나 좋은 이유 프레시에어 타는 레드불 아직도 1초대로 잡고있음,맥라렌이 차 존나 좋은 이유 프레시에어 타는 레드불 아직도 1초대로 잡고있음,0.24394042789936066,0.19924549758434296,0.32567310333251953,0.09064463526010513,0.08598789572715759,0.05450839176774025
2024-08-25 22:15:06,사인지보소 ㄷㄷㄷㄷㄷ,빠르노,10,10.0,사인지보소 ㄷㄷㄷㄷㄷ 빠르노,사인지보소 ㄷㄷㄷㄷㄷ 빠르노,0.3456839323043823,0.19882792234420776,0.17057006061077118,0.120266854763031,0.1134796217083931,0.05117158964276314
2024-08-25 22:15:09,노리스 이쯤되면 할복해야한다,이 새낀 그냥 답이 없음,10,10.0,노리스 이쯤되면 할복해야한다 이 새낀 그냥 답이 없음,노리스 이쯤되면 할복해야한다 이 새낀 그냥 답이 없음,0.1946043074131012,0.13787449896335602,0.09145309031009674,0.27638038992881775,0.06603634357452393,0.23365142941474915
2024-08-25 22:15:09,레이스를 하기 위해 앞자리를 내준거구나,병신아..,10,10.0,레이스를 하기 위해 앞자리를 내준거구나 병신아..,레이스를 하기 위해 앞자리를 내준거구나 병신아..,0.2809336483478546,0.22874027490615845,0.08718142658472061,0.20134305953979492,0.10369854420423508,0.09810303151607513
2024-08-25 22:15:13,올 시즌 유입인데 세이프티카 원래 이렇게 잘 안 나옴?,"예전 하이라이트 보면 시즌별로 잘 나오는걸로 봤는데
이번시즌은 세이프티카 잘 안 나오는거 같음
- dc official App",10,10.0,"올 시즌 유입인데 세이프티카 원래 이렇게 잘 안 나옴? 예전 하이라이트 보면 시즌별로 잘 나오는걸로 봤는데
이번시즌은 세이프티카 잘 안 나오는거 같음
- dc official App",올 시즌 유입인데 세이프티카 원래 이렇게 잘 안 나옴? 예전 하이라이트 보면 시즌별로 잘 나오는걸로 봤는데 이번시즌은 세이프티카 잘 안 나오는거 같음,0.2490115612745285,0.3090648651123047,0.10666076093912125,0.13134364783763885,0.06370725482702255,0.14021185040473938
2024-08-25 22:15:18,아니 스타트 후 배틀하면서 따일거라 생각했지,시작하자마자 헌납할줄은 몰랐지 ㅋㅋ,10,10.0,아니 스타트 후 배틀하면서 따일거라 생각했지 시작하자마자 헌납할줄은 몰랐지 ㅋㅋ,아니 스타트 후 배틀하면서 따일거라 생각했지 시작하자마자 헌납할줄은 몰랐지 ㅋㅋ,0.29558131098747253,0.24595056474208832,0.17982399463653564,0.11370281875133514,0.1166880801320076,0.04825323447585106
2024-08-25 22:15:21,1557 나만 본거 아니지?,역시 우주상수,10,10.0,1557 나만 본거 아니지? 역시 우주상수,1557 나만 본거 아니지? 역시 우주상수,0.19655855000019073,0.20844845473766327,0.4026361107826233,0.07098928093910217,0.07968198508024216,0.04168562963604927
2024-08-25 22:15:27,저우는 그새 따인거도 모자라 간격 벌어지는거보소,짱깨 어휴,10,10.0,저우는 그새 따인거도 모자라 간격 벌어지는거보소 짱깨 어휴,저우는 그새 따인거도 모자라 간격 벌어지는거보소 짱깨 어휴,0.23442457616329193,0.1630009263753891,0.09240005165338516,0.269491583108902,0.08104691654443741,0.15963596105575562
2024-08-25 22:15:29,사인스는 저리 올라가는데,"물탕이 뭐함
좆라리 차 >>> 메르세데스 차인건가
- dc official App",10,10.0,"사인스는 저리 올라가는데 물탕이 뭐함
좆라리 차 >>> 메르세데스 차인건가
- dc official App",사인스는 저리 올라가는데 물탕이 뭐함 좆라리 차 >>> 메르세데스 차인건가,0.20166446268558502,0.32994532585144043,0.08100047707557678,0.1541527360677719,0.06089238077402115,0.17234456539154053
2024-08-25 22:15:31,몽골 저새끼 퀄리때 힘빼고 탓냐?,"그냥 퀄리 폴 주고 레이스에 집중한건가 이새끼들?
격차 점점 벌리는거 보면 맞는거 같은데",10,10.0,"몽골 저새끼 퀄리때 힘빼고 탓냐? 그냥 퀄리 폴 주고 레이스에 집중한건가 이새끼들?
격차 점점 벌리는거 보면 맞는거 같은데",몽골 저새끼 퀄리때 힘빼고 탓냐? 그냥 퀄리 폴 주고 레이스에 집중한건가 이새끼들? 격차 점점 벌리는거 보면 맞는거 같은데,0.315738320350647,0.1814318150281906,0.07565625756978989,0.20831692218780518,0.09323512762784958,0.12562155723571777
2024-08-25 22:15:35,10랩 돌았는데 아직도 기차놀이면 평준화 된거 아님?,"오늘 전략, 피트스탑 싸움 볼만할듯 ㅋㅋ",10,10.0,"10랩 돌았는데 아직도 기차놀이면 평준화 된거 아님? 오늘 전략, 피트스탑 싸움 볼만할듯 ㅋㅋ","10랩 돌았는데 아직도 기차놀이면 평준화 된거 아님? 오늘 전략, 피트스탑 싸움 볼만할듯 ㅋㅋ",0.26250407099723816,0.20386388897895813,0.3229820430278778,0.09000138193368912,0.08069359511137009,0.0399550199508667
2024-08-25 22:15:43,해물탕 뭐하냐? 소프트로 헐크도 못땀??,"ㅉㅉ
- dc official App",11,11.0,"해물탕 뭐하냐? 소프트로 헐크도 못땀?? ㅉㅉ
- dc official App",해물탕 뭐하냐? 소프트로 헐크도 못땀?? ㅉㅉ,0.27253520488739014,0.23593385517597198,0.0752435028553009,0.1935804933309555,0.06647094339132309,0.15623602271080017
2024-08-25 22:15:43,의외로 벌어지지 않네,노리스 아직 가능성 있다,11,11.0,의외로 벌어지지 않네 노리스 아직 가능성 있다,의외로 벌어지지 않네 노리스 아직 가능성 있다,0.287420392036438,0.2364211231470108,0.25740188360214233,0.07931240648031235,0.08636729419231415,0.053076885640621185
2024-08-25 22:15:44,물징징 ㅋㅋㅋ,ㅋㅋ,11,11.0,물징징 ㅋㅋㅋ ㅋㅋ,물징징 ㅋㅋㅋ ㅋㅋ,0.10358047485351562,0.20354901254177094,0.49939829111099243,0.09824429452419281,0.037511881440877914,0.05771610513329506
2024-08-25 22:15:44,햄징징 ㅋㅋㅋ,,11,11.0,햄징징 ㅋㅋㅋ ,햄징징 ㅋㅋㅋ,0.085073322057724,0.13174226880073547,0.6475525498390198,0.0637369155883789,0.03081737644970417,0.04107753187417984
2024-08-25 22:15:46,물탕이 징징ㅋㅋㅋㅋ,,11,11.0,물탕이 징징ㅋㅋㅋㅋ ,물탕이 징징ㅋㅋㅋㅋ,0.12188688665628433,0.25070351362228394,0.4247446358203888,0.09419768303632736,0.05174538493156433,0.05672190710902214
2024-08-25 22:15:47,사인츠 개빠르네,,11,11.0,사인츠 개빠르네 ,사인츠 개빠르네,0.3230508267879486,0.206215962767601,0.22671516239643097,0.1056576818227768,0.09101615101099014,0.047344181686639786
2024-08-25 22:15:49,알핀 리버리 나만 이쁨?,블랙 블루 핑크 잘어울리네,11,11.0,알핀 리버리 나만 이쁨? 블랙 블루 핑크 잘어울리네,알핀 리버리 나만 이쁨? 블랙 블루 핑크 잘어울리네,0.14085640013217926,0.17222458124160767,0.5309475660324097,0.06847111880779266,0.05181362107396126,0.03568670526146889
2024-08-25 22:15:52,러셀 이새끼 왜 계속 뒤쳐지는거임,"그렇다고 피아제갭이 줄어들지는 않는데
- dc official App",11,11.0,"러셀 이새끼 왜 계속 뒤쳐지는거임 그렇다고 피아제갭이 줄어들지는 않는데
- dc official App",러셀 이새끼 왜 계속 뒤쳐지는거임 그렇다고 피아제갭이 줄어들지는 않는데,0.27110591530799866,0.2167307585477829,0.06496274471282959,0.20347343385219574,0.07567617297172546,0.16805098950862885
2024-08-25 22:15:51,물탕이 직빨이너무느려 ㅋㅋㅋㅋㅋ,- dc official App,11,11.0,물탕이 직빨이너무느려 ㅋㅋㅋㅋㅋ - dc official App,물탕이 직빨이너무느려 ㅋㅋㅋㅋㅋ - dc official App,0.20038172602653503,0.3231710195541382,0.21859335899353027,0.11682124435901642,0.04850752651691437,0.0925251916050911
2024-08-25 22:15:55,레드불하고 맥라렌하고 속도내는 지점이 다른거 같은데,막스하고 노리스 격차가 계속 왔다갔다하는데 그 값이 비슷하게 형성되는거 보면 특정 섹터에 강하게 세팅한게 반영되나보네,11,11.0,레드불하고 맥라렌하고 속도내는 지점이 다른거 같은데 막스하고 노리스 격차가 계속 왔다갔다하는데 그 값이 비슷하게 형성되는거 보면 특정 섹터에 강하게 세팅한게 반영되나보네,레드불하고 맥라렌하고 속도내는 지점이 다른거 같은데 막스하고 노리스 격차가 계속 왔다갔다하는데 그 값이 비슷하게 형성되는거 보면 특정 섹터에 강하게 세팅한게 반영되나보네,0.3517466187477112,0.23082111775875092,0.1517380326986313,0.11023803055286407,0.08752501010894775,0.0679311528801918
2024-08-25 22:16:01,물찡찡ㅋㅋㅋㅋ,- dc official App,11,11.0,물찡찡ㅋㅋㅋㅋ - dc official App,물찡찡ㅋㅋㅋㅋ - dc official App,0.08321846276521683,0.12350717186927795,0.6643865704536438,0.06774728000164032,0.024734096601605415,0.03640640527009964
2024-08-25 22:16:03,징징거리면서 따잇 ㅋㅋ,,11,11.0,징징거리면서 따잇 ㅋㅋ ,징징거리면서 따잇 ㅋㅋ,0.07989464700222015,0.14956219494342804,0.6043615341186523,0.0820520743727684,0.03059660643339157,0.053532905876636505
2024-08-25 22:16:04,저우 ← 이새끼는 ㅈㄴ 느리네,셒카라도 불러라,11,11.0,저우 ← 이새끼는 ㅈㄴ 느리네 셒카라도 불러라,저우 ← 이새끼는 ㅈㄴ 느리네 셒카라도 불러라,0.21397459506988525,0.2793112099170685,0.07943034172058105,0.23242656886577606,0.059089384973049164,0.13576790690422058
2024-08-25 22:16:08,아 내일 일찍 인나야하는데 그냥 잘까,고민되노,11,11.0,아 내일 일찍 인나야하는데 그냥 잘까 고민되노,아 내일 일찍 인나야하는데 그냥 잘까 고민되노,0.1923094540834427,0.2993580102920532,0.13971519470214844,0.12657074630260468,0.08498086035251617,0.1570657640695572
2024-08-25 22:16:10,에라이 씨발,맥기견 사망,11,11.0,에라이 씨발 맥기견 사망,에라이 씨발 맥기견 사망,0.1290283054113388,0.15665924549102783,0.14268073439598083,0.3224213719367981,0.04496251791715622,0.20424778759479523
2024-08-25 22:16:10,저우는 마그누센한테 따인거냐 ? ㅋㅋㅋㅋㅋㅋㅋㅋㅋ,ㅋㅋㅋㅋㅋㅋㅋㅋㅋㅋㅋㅋ,11,11.0,저우는 마그누센한테 따인거냐 ? ㅋㅋㅋㅋㅋㅋㅋㅋㅋ ㅋㅋㅋㅋㅋㅋㅋㅋㅋㅋㅋㅋ,저우는 마그누센한테 따인거냐 ? ㅋㅋㅋㅋㅋㅋㅋㅋㅋ ㅋㅋㅋㅋㅋㅋㅋㅋㅋㅋㅋㅋ,0.261922150850296,0.2929880917072296,0.15437102317810059,0.12478175759315491,0.10606664419174194,0.05987028405070305
2024-08-25 22:16:13,물징징ㅋㅋㅋ,ㅋㅋㅋㅋ,11,11.0,물징징ㅋㅋㅋ ㅋㅋㅋㅋ,물징징ㅋㅋㅋ ㅋㅋㅋㅋ,0.10038230568170547,0.1920144259929657,0.5252135396003723,0.09278423339128494,0.036274224519729614,0.053331248462200165
2024-08-25 22:16:15,쥬지 3초로 벌어지는데 레드불 맥라렌은 못벌어지노ㅋㅋㅋㅋㅋ,차가 얼마나 좋은거여,11,11.0,쥬지 3초로 벌어지는데 레드불 맥라렌은 못벌어지노ㅋㅋㅋㅋㅋ 차가 얼마나 좋은거여,쥬지 3초로 벌어지는데 레드불 맥라렌은 못벌어지노ㅋㅋㅋㅋㅋ 차가 얼마나 좋은거여,0.32860347628593445,0.19881238043308258,0.1929674744606018,0.11161541193723679,0.12280561029911041,0.04519568756222725
2024-08-25 22:16:21,물징징(4계단을 오르며),병신,11,11.0,물징징(4계단을 오르며) 병신,물징징(4계단을 오르며) 병신,0.20189067721366882,0.19832982122898102,0.15945328772068024,0.2390436828136444,0.087490513920784,0.11379200220108032
2024-08-25 22:16:28,몽골 차 터지지 않는 이상 좆노잼 레이스 확정이네 걍,씹노잼,11,11.0,몽골 차 터지지 않는 이상 좆노잼 레이스 확정이네 걍 씹노잼,몽골 차 터지지 않는 이상 좆노잼 레이스 확정이네 걍 씹노잼,0.16605575382709503,0.29164227843284607,0.0983823612332344,0.19680991768836975,0.06459853798151016,0.1825111359357834
2024-08-25 22:16:39,가슬리 저새끼 왜 잘함?,어어ㅋㅋㅋㅋㅋㅋ,11,11.0,가슬리 저새끼 왜 잘함? 어어ㅋㅋㅋㅋㅋㅋ,가슬리 저새끼 왜 잘함? 어어ㅋㅋㅋㅋㅋㅋ,0.21169155836105347,0.21589820086956024,0.38736215233802795,0.08271494507789612,0.0701342448592186,0.03219887986779213
2024-08-25 22:16:40,ㄱㅏ슬리 원샷 개오래 개꿀 ㅋㅋㅋㅋ,언제 이래보냐,11,11.0,ㄱㅏ슬리 원샷 개오래 개꿀 ㅋㅋㅋㅋ 언제 이래보냐,ㄱㅏ슬리 원샷 개오래 개꿀 ㅋㅋㅋㅋ 언제 이래보냐,0.05868808552622795,0.10669843852519989,0.709982693195343,0.056726206094026566,0.02503214217722416,0.042872507125139236
2024-08-25 22:16:40,어제 레이스 페이스무새 노짱견들 다 튀어나와봐 ㅋㅋ,차로 받아버리게,11,11.0,어제 레이스 페이스무새 노짱견들 다 튀어나와봐 ㅋㅋ 차로 받아버리게,어제 레이스 페이스무새 노짱견들 다 튀어나와봐 ㅋㅋ 차로 받아버리게,0.13333533704280853,0.17293986678123474,0.20167700946331024,0.3121384084224701,0.061452869325876236,0.11845649778842926
2024-08-25 22:16:45,저우 엄청 느리네 ㅋㅋㅋ,,11,11.0,저우 엄청 느리네 ㅋㅋㅋ ,저우 엄청 느리네 ㅋㅋㅋ,0.3225453495979309,0.2539324462413788,0.11896388977766037,0.1297740638256073,0.1110629290342331,0.06372133642435074
2024-08-25 22:16:47,p3 p3!!!!!!!,- dc official App,11,11.0,p3 p3!!!!!!! - dc official App,p3 p3!!!!!!! - dc official App,0.10068303346633911,0.1278422474861145,0.639010488986969,0.06999436020851135,0.02512783370912075,0.03734210133552551
2024-08-25 22:16:51,셒카 나오면 깨워주셈,쿨....,11,11.0,셒카 나오면 깨워주셈 쿨....,셒카 나오면 깨워주셈 쿨....,0.10256636887788773,0.1579039990901947,0.5709004402160645,0.07128970324993134,0.0390404611825943,0.05829893425107002
2024-08-25 22:17:02,어 잠깐만요 베르스타펜의 차에서,아 잘못봤네요,12,12.0,어 잠깐만요 베르스타펜의 차에서 아 잘못봤네요,어 잠깐만요 베르스타펜의 차에서 아 잘못봤네요,0.26256442070007324,0.30100494623184204,0.12871235609054565,0.12337956577539444,0.08949261158704758,0.09484608471393585
2024-08-25 22:17:03,관유 저새끼는 따인걸로도 모자라서 격차가 계속 벌어지노,뭘 하고있긴한거임?,12,12.0,관유 저새끼는 따인걸로도 모자라서 격차가 계속 벌어지노 뭘 하고있긴한거임?,관유 저새끼는 따인걸로도 모자라서 격차가 계속 벌어지노 뭘 하고있긴한거임?,0.25892385840415955,0.2029423862695694,0.0671444982290268,0.2066490352153778,0.07643330097198486,0.18790693581104279
2024-08-25 22:17:05,대 인 츠 ㅅㅅㅅㅅㅅㅅ,,12,12.0,대 인 츠 ㅅㅅㅅㅅㅅㅅ ,대 인 츠 ㅅㅅㅅㅅㅅㅅ,0.0602436363697052,0.10660261660814285,0.7213508486747742,0.052131038159132004,0.022156979888677597,0.037514809519052505
2024-08-25 22:17:06,오 사인츠,,12,12.0,오 사인츠 ,오 사인츠,0.11869115382432938,0.13960668444633484,0.6226325035095215,0.05977921560406685,0.030111493542790413,0.029179006814956665
2024-08-25 22:17:07,대인지 ㅌㅋㅋㅋ,ㅋㅋ,12,12.0,대인지 ㅌㅋㅋㅋ ㅋㅋ,대인지 ㅌㅋㅋㅋ ㅋㅋ,0.09059716016054153,0.14572609961032867,0.6347519159317017,0.06430964916944504,0.02827831171452999,0.03633686155080795
2024-08-25 22:17:06,대인지ㅅㅅㅅㅅ,ㅇㅇ,12,12.0,대인지ㅅㅅㅅㅅ ㅇㅇ,대인지ㅅㅅㅅㅅ ㅇㅇ,0.06431867927312851,0.10506123304367065,0.7219168543815613,0.05008202791213989,0.023868396878242493,0.03475286066532135
2024-08-25 22:17:07,SMOOOOOOOTH OPERATORRRRRRR,- dc official App,12,12.0,SMOOOOOOOTH OPERATORRRRRRR - dc official App,SMOOOOOOOTH OPERATORRRRRRR - dc official App,0.2054855078458786,0.20304188132286072,0.38925254344940186,0.10901549458503723,0.03406643122434616,0.05913812667131424
2024-08-25 22:17:08,사인츠 굿ㅋㅋㅋㅋ,,12,12.0,사인츠 굿ㅋㅋㅋㅋ ,사인츠 굿ㅋㅋㅋㅋ,0.06417597830295563,0.11195209622383118,0.7032800912857056,0.05631386488676071,0.02480175532400608,0.03947620093822479
2024-08-25 22:17:09,대 인 지,- dc official App,12,12.0,대 인 지 - dc official App,대 인 지 - dc official App,0.2039519101381302,0.19745151698589325,0.4169868230819702,0.09888677299022675,0.03465314954519272,0.048069849610328674
2024-08-25 22:17:11,캬 대인츠,"ㅋㅋㅋㅋ
- dc official App",12,12.0,"캬 대인츠 ㅋㅋㅋㅋ
- dc official App",캬 대인츠 ㅋㅋㅋㅋ,0.08050711452960968,0.1183261051774025,0.6874505281448364,0.055837199091911316,0.026592835783958435,0.03128622844815254
2024-08-25 22:17:11,대인지 ㅋㅋ,ㅋ,12,12.0,대인지 ㅋㅋ ㅋ,대인지 ㅋㅋ ㅋ,0.0750206857919693,0.11691407114267349,0.6948356032371521,0.05248595029115677,0.0270609762519598,0.0336826890707016
2024-08-25 22:17:13,대인츠 ㅋㅋㅋ,ㅋㅋㅋㅋㅋㅅㅅㅅ,12,12.0,대인츠 ㅋㅋㅋ ㅋㅋㅋㅋㅋㅅㅅㅅ,대인츠 ㅋㅋㅋ ㅋㅋㅋㅋㅋㅅㅅㅅ,0.06331183016300201,0.10730830579996109,0.7196657061576843,0.053370069712400436,0.02260180003941059,0.03374229744076729
2024-08-25 22:17:15,후ㅏ우 대인지,재미 감사,12,12.0,후ㅏ우 대인지 재미 감사,후ㅏ우 대인지 재미 감사,0.061888936907052994,0.14393313229084015,0.6473910212516785,0.06588347256183624,0.024364449083805084,0.05653899163007736
2024-08-25 22:17:15,대인지 ㄷㄷㄷㄷㄷㄷㄷㄷㄷㄷㄷㄷ,이 드라이버가 윌리엄스를 갑니다,12,12.0,대인지 ㄷㄷㄷㄷㄷㄷㄷㄷㄷㄷㄷㄷ 이 드라이버가 윌리엄스를 갑니다,대인지 ㄷㄷㄷㄷㄷㄷㄷㄷㄷㄷㄷㄷ 이 드라이버가 윌리엄스를 갑니다,0.30219972133636475,0.20560459792613983,0.23918519914150238,0.10275536775588989,0.10870127379894257,0.04155384376645088
2024-08-25 22:17:15,잘 버텼는데 아꿉,차가 안되네,12,12.0,잘 버텼는데 아꿉 차가 안되네,잘 버텼는데 아꿉 차가 안되네,0.13079504668712616,0.33189037442207336,0.15410301089286804,0.13228459656238556,0.055571094155311584,0.1953558623790741
2024-08-25 22:17:17,휠투휠 개멋지네,ㄹㅇ,12,12.0,휠투휠 개멋지네 ㄹㅇ,휠투휠 개멋지네 ㄹㅇ,0.1568031758069992,0.1783573031425476,0.5040618777275085,0.07304875552654266,0.051120955497026443,0.036607906222343445
2024-08-25 22:17:19,와중에 페레즈는 격차 벌어지네,"본인 실력 이슈인지 더티에어 때문인지
- dc official App",12,12.0,"와중에 페레즈는 격차 벌어지네 본인 실력 이슈인지 더티에어 때문인지
- dc official App",와중에 페레즈는 격차 벌어지네 본인 실력 이슈인지 더티에어 때문인지,0.2908555567264557,0.2832305133342743,0.07658859342336655,0.1286187320947647,0.0945923775434494,0.12611423432826996
2024-08-25 22:17:23,페라리 실질적 퍼스트 대 인 츠 ㅅㅅ,ㅋㅋ,12,12.0,페라리 실질적 퍼스트 대 인 츠 ㅅㅅ ㅋㅋ,페라리 실질적 퍼스트 대 인 츠 ㅅㅅ ㅋㅋ,0.06668445467948914,0.10968475788831711,0.7057392001152039,0.057706318795681,0.0254041850566864,0.034781038761138916
2024-08-25 22:17:23,쁠랜 A 입갤 ㅋㅋㅋㅋ,,12,12.0,쁠랜 A 입갤 ㅋㅋㅋㅋ ,쁠랜 A 입갤 ㅋㅋㅋㅋ,0.07841267436742783,0.10392902791500092,0.7032172083854675,0.05544279143214226,0.02635691687464714,0.03264128789305687
2024-08-25 22:17:21,사인지 폼 뭐냐,,12,12.0,사인지 폼 뭐냐 ,사인지 폼 뭐냐,0.30336061120033264,0.27056026458740234,0.1219465509057045,0.1381809115409851,0.06070966646075249,0.1052420511841774
2024-08-25 22:17:24,플랜 A 입갤 ㅋㅋㅋ,,12,12.0,플랜 A 입갤 ㅋㅋㅋ ,플랜 A 입갤 ㅋㅋㅋ,0.10199659317731857,0.13499592244625092,0.6099013090133667,0.07536987960338593,0.035088177770376205,0.04264812916517258
2024-08-25 22:17:26,스뭇ㅅ ㅅ ㅅ ㅅ,"ㅅ
ㅅ
ㅅ",12,12.0,"스뭇ㅅ ㅅ ㅅ ㅅ ㅅ
ㅅ
ㅅ",스뭇ㅅ ㅅ ㅅ ㅅ ㅅ ㅅ ㅅ,0.060792818665504456,0.11233711987733841,0.705416738986969,0.05707376077771187,0.02299703285098076,0.0413825549185276
2024-08-25 22:17:26,쁠랜 aㅋㅋㅋ,,12,12.0,쁠랜 aㅋㅋㅋ ,쁠랜 aㅋㅋㅋ,0.07618080824613571,0.10989256948232651,0.6965964436531067,0.06117979809641838,0.02339235134422779,0.032758086919784546
2024-08-25 22:17:28,쁠랜 에이 입갤ㅋㅋㅋㅋㅋㅋㅋㅋ,ㅋㅋㅋ,12,12.0,쁠랜 에이 입갤ㅋㅋㅋㅋㅋㅋㅋㅋ ㅋㅋㅋ,쁠랜 에이 입갤ㅋㅋㅋㅋㅋㅋㅋㅋ ㅋㅋㅋ,0.07544733583927155,0.1085423082113266,0.6990103125572205,0.059803202748298645,0.024028168991208076,0.03316863253712654
2024-08-25 22:17:27,예아 플랜에이,,12,12.0,예아 플랜에이 ,예아 플랜에이,0.07576610893011093,0.1083533987402916,0.7002459764480591,0.0549505390226841,0.024646775797009468,0.03603728860616684
2024-08-25 22:17:28,쁠랜에이입갤ㅋㅋㅌ,ㅌㅌㅌㅌ,12,12.0,쁠랜에이입갤ㅋㅋㅌ ㅌㅌㅌㅌ,쁠랜에이입갤ㅋㅋㅌ ㅌㅌㅌㅌ,0.06602398306131363,0.11349993944168091,0.694764256477356,0.06522630155086517,0.02312462218105793,0.037360936403274536
2024-08-25 22:17:28,페라리 플랜 a,,12,12.0,페라리 플랜 a ,페라리 플랜 a,0.1698693484067917,0.1764003038406372,0.48868075013160706,0.08167481422424316,0.038073159754276276,0.04530155286192894
2024-08-25 22:17:28,쁠란에이 입갤ㅋㅋㅋ,,12,12.0,쁠란에이 입갤ㅋㅋㅋ ,쁠란에이 입갤ㅋㅋㅋ,0.08185246586799622,0.10919362306594849,0.6914018988609314,0.05760457366704941,0.027569273486733437,0.03237813338637352
2024-08-25 22:17:29,노리스  쥬지랑 3초 차이나는거 보면,"노리스 이 새끼가 느린게 아니라
몽골이 미친듯이 밞는거 같은데
미디움 빨리 쓰고 하드 타려고 저러나?",12,12.0,"노리스  쥬지랑 3초 차이나는거 보면 노리스 이 새끼가 느린게 아니라
몽골이 미친듯이 밞는거 같은데
미디움 빨리 쓰고 하드 타려고 저러나?",노리스 쥬지랑 3초 차이나는거 보면 노리스 이 새끼가 느린게 아니라 몽골이 미친듯이 밞는거 같은데 미디움 빨리 쓰고 하드 타려고 저러나?,0.36131879687309265,0.1913011521100998,0.10246308892965317,0.14835678040981293,0.11835581809282303,0.07820432633161545
2024-08-25 22:17:30,알론소 뒤로부터 f1.5네 시발,어휴,12,12.0,알론소 뒤로부터 f1.5네 시발 어휴,알론소 뒤로부터 f1.5네 시발 어휴,0.12861305475234985,0.20612311363220215,0.10229934006929398,0.29947900772094727,0.045516129583120346,0.21796932816505432
2024-08-25 22:17:32,플랜 에이 입갤 ㅋㅋ,- dc official App,12,12.0,플랜 에이 입갤 ㅋㅋ - dc official App,플랜 에이 입갤 ㅋㅋ - dc official App,0.10714274644851685,0.12560740113258362,0.6407325267791748,0.06615334749221802,0.026862656697630882,0.033501267433166504
2024-08-25 22:17:33,플랜A(별거없음),ㅋㅋ,12,12.0,플랜A(별거없음) ㅋㅋ,플랜A(별거없음) ㅋㅋ,0.20066606998443604,0.30639714002609253,0.1622045487165451,0.1482168436050415,0.06779243797063828,0.11472291499376297
2024-08-25 22:17:35,플랜A ㅋㅋㅋㅋㅋㅋㅋㅋㅋ,ㅋㅋㅋㅋ,12,12.0,플랜A ㅋㅋㅋㅋㅋㅋㅋㅋㅋ ㅋㅋㅋㅋ,플랜A ㅋㅋㅋㅋㅋㅋㅋㅋㅋ ㅋㅋㅋㅋ,0.10648174583911896,0.1511373668909073,0.5910900831222534,0.0837874561548233,0.029420826584100723,0.038082532584667206
2024-08-25 22:17:36,야 진짜 딱 1대폭 내주네,대인츠 !,12,12.0,야 진짜 딱 1대폭 내주네 대인츠 !,야 진짜 딱 1대폭 내주네 대인츠 !,0.0719676986336708,0.1313266009092331,0.6547043323516846,0.055940739810466766,0.033169861882925034,0.052890751510858536
2024-08-25 22:17:37,쁠렌에이 입개루 ㅋㅋㅋ,ㅋㅋㅋ,12,12.0,쁠렌에이 입개루 ㅋㅋㅋ ㅋㅋㅋ,쁠렌에이 입개루 ㅋㅋㅋ ㅋㅋㅋ,0.0688796415925026,0.10766492038965225,0.7091385126113892,0.058478523045778275,0.02262236177921295,0.03321605548262596
2024-08-25 22:17:38,잘 버텼는데,쩔수없지,12,12.0,잘 버텼는데 쩔수없지,잘 버텼는데 쩔수없지,0.15774410963058472,0.27745509147644043,0.1143932193517685,0.14377577602863312,0.07998183369636536,0.22664996981620789
2024-08-25 22:17:39,개좆핀 따는거에 박수를 쳐야하는,씨발 나도 박수치려다가 슬퍼졌다,12,12.0,개좆핀 따는거에 박수를 쳐야하는 씨발 나도 박수치려다가 슬퍼졌다,개좆핀 따는거에 박수를 쳐야하는 씨발 나도 박수치려다가 슬퍼졌다,0.1283137947320938,0.22651584446430206,0.10773629695177078,0.2221941202878952,0.06355099380016327,0.25168898701667786
2024-08-25 22:17:39,쁠란 aㅋㅋㅋㅋ,오랜만이네,12,12.0,쁠란 aㅋㅋㅋㅋ 오랜만이네,쁠란 aㅋㅋㅋㅋ 오랜만이네,0.09881294518709183,0.13538730144500732,0.6570691466331482,0.050223737955093384,0.029047343879938126,0.029459534212946892
2024-08-25 22:17:39,쁠랜 A ㅋㅋㅋ,아,12,12.0,쁠랜 A ㅋㅋㅋ 아,쁠랜 A ㅋㅋㅋ 아,0.07936899363994598,0.1282888948917389,0.6662693023681641,0.06519105285406113,0.02484552003443241,0.036036185920238495
2024-08-25 22:17:41,와 존나 위험했네ㅋㅋㅋ,,12,12.0,와 존나 위험했네ㅋㅋㅋ ,와 존나 위험했네ㅋㅋㅋ,0.3357298970222473,0.22154565155506134,0.14736200869083405,0.12104891240596771,0.11532241106033325,0.05899108573794365
2024-08-25 22:17:41,곧 플랜 B 나올 예정 ㅋㅋ,,12,12.0,곧 플랜 B 나올 예정 ㅋㅋ ,곧 플랜 B 나올 예정 ㅋㅋ,0.16415220499038696,0.22149549424648285,0.38582760095596313,0.09992475062608719,0.05866270512342453,0.06993730366230011
2024-08-25 22:17:50,"페라리 1,2... 간다...",간다...오늘..,12,12.0,"페라리 1,2... 간다... 간다...오늘..","페라리 1,2... 간다... 간다...오늘..",0.08878326416015625,0.16648970544338226,0.5531148314476013,0.08695847541093826,0.036914706230163574,0.06773898005485535
2024-08-25 22:17:53,페라리는 ㅅㅂㅋㅋ 별 얘기 아닌데도,'플랜' 글자만 나오면 자동으로 웃음 나오네 ㅋㅋㅋㅋ,12,12.0,페라리는 ㅅㅂㅋㅋ 별 얘기 아닌데도 '플랜' 글자만 나오면 자동으로 웃음 나오네 ㅋㅋㅋㅋ,페라리는 ㅅㅂㅋㅋ 별 얘기 아닌데도 '플랜' 글자만 나오면 자동으로 웃음 나오네 ㅋㅋㅋㅋ,0.11292314529418945,0.1666981428861618,0.5564519166946411,0.08385755866765976,0.03692204877734184,0.04314720258116722
2024-08-25 22:17:55,퀄리 때 해밀턴이 최고속 젤 높지 않았나,징징,12,12.0,퀄리 때 해밀턴이 최고속 젤 높지 않았나 징징,퀄리 때 해밀턴이 최고속 젤 높지 않았나 징징,0.20306648313999176,0.3157995045185089,0.10921232402324677,0.16542573273181915,0.08291635662317276,0.12357959151268005
2024-08-25 22:18:00,엪매하다보니까 타이어 내구도 안보여주는거,불편해짐,12,12.0,엪매하다보니까 타이어 내구도 안보여주는거 불편해짐,엪매하다보니까 타이어 내구도 안보여주는거 불편해짐,0.12288900464773178,0.3368341624736786,0.1302255243062973,0.16659483313560486,0.04199541360139847,0.20146116614341736
2024-08-25 22:18:09,사인츠 클린에어 입갤ㄹㄹㄹㄹ,피트인 전까지 안나올 예정,12,12.0,사인츠 클린에어 입갤ㄹㄹㄹㄹ 피트인 전까지 안나올 예정,사인츠 클린에어 입갤ㄹㄹㄹㄹ 피트인 전까지 안나올 예정,0.21251212060451508,0.25818443298339844,0.2881663143634796,0.11249807476997375,0.04864054173231125,0.07999850809574127
2024-08-25 22:18:10,노리스.real,순위 오마카세 ㅋㅋ,12,12.0,노리스.real 순위 오마카세 ㅋㅋ,노리스.real 순위 오마카세 ㅋㅋ,0.08317013829946518,0.11822843551635742,0.6821389198303223,0.06019506976008415,0.02468741685152054,0.031580083072185516
2024-08-25 22:18:17,스무스 오퍼레이터 시즌2 가즈아 ㅋㅋㅋㅋㅋ,"ㄹㅇ
ㅋㅋㅋㅋㅋ",13,13.0,"스무스 오퍼레이터 시즌2 가즈아 ㅋㅋㅋㅋㅋ ㄹㅇ
ㅋㅋㅋㅋㅋ",스무스 오퍼레이터 시즌2 가즈아 ㅋㅋㅋㅋㅋ ㄹㅇ ㅋㅋㅋㅋㅋ,0.07044176757335663,0.11407849192619324,0.6937952041625977,0.061847902834415436,0.024856673553586006,0.03497990965843201
2024-08-25 22:18:20,애마는 알핀도 못잡네,JOAT,13,13.0,애마는 알핀도 못잡네 JOAT,애마는 알핀도 못잡네 JOAT,0.2402912676334381,0.31941232085227966,0.08074654638767242,0.133210688829422,0.06988184154033661,0.15645737946033478
2024-08-25 22:18:21,경 애마한테 막혀서 올라가질 못하놐ㅋㅋㅋㅋㅋ,,13,13.0,경 애마한테 막혀서 올라가질 못하놐ㅋㅋㅋㅋㅋ ,경 애마한테 막혀서 올라가질 못하놐ㅋㅋㅋㅋㅋ,0.14915721118450165,0.36461570858955383,0.12802045047283173,0.15989483892917633,0.0909203588962555,0.10739143192768097
2024-08-25 22:18:23,여긴 바로뒤에 따라가도 괜찮나보지?,르끌 계속 붙어서 따라가네,13,13.0,여긴 바로뒤에 따라가도 괜찮나보지? 르끌 계속 붙어서 따라가네,여긴 바로뒤에 따라가도 괜찮나보지? 르끌 계속 붙어서 따라가네,0.23585976660251617,0.2878558337688446,0.09124453365802765,0.1625988632440567,0.12849469482898712,0.09394632279872894
2024-08-25 22:18:26,노리스 다시 붙는다ㅋㅋㅋ,"ㅋㅋㅋ
- dc official App",13,13.0,"노리스 다시 붙는다ㅋㅋㅋ ㅋㅋㅋ
- dc official App",노리스 다시 붙는다ㅋㅋㅋ ㅋㅋㅋ,0.0693749189376831,0.11291907727718353,0.6908679604530334,0.06392679363489151,0.025532132014632225,0.03737911954522133
2024-08-25 22:18:27,짱깨 백마커를 향해 뚜벅뚜벅,ㅋㅋㅋㅋ,13,13.0,짱깨 백마커를 향해 뚜벅뚜벅 ㅋㅋㅋㅋ,짱깨 백마커를 향해 뚜벅뚜벅 ㅋㅋㅋㅋ,0.1973387748003006,0.19339200854301453,0.21030724048614502,0.22816970944404602,0.07799960672855377,0.09279266744852066
2024-08-25 22:18:35,세카 나와도 변수는 없음,"노리스가 셒카 출발은 잘하겠냐고
ㅋㅋㅋㅋㅋ
- dc official App",13,13.0,"세카 나와도 변수는 없음 노리스가 셒카 출발은 잘하겠냐고
ㅋㅋㅋㅋㅋ
- dc official App",세카 나와도 변수는 없음 노리스가 셒카 출발은 잘하겠냐고 ㅋㅋㅋㅋㅋ,0.3192847967147827,0.25673893094062805,0.10357977449893951,0.14147751033306122,0.08204023540019989,0.09687872976064682
2024-08-25 22:18:36,중연) 베르스타펜의 차량에서 불이...,베르스타펜이 타 죽습니다!!!!!,13,13.0,중연) 베르스타펜의 차량에서 불이... 베르스타펜이 타 죽습니다!!!!!,중연) 베르스타펜의 차량에서 불이... 베르스타펜이 타 죽습니다!!!!!,0.2568524181842804,0.23630712926387787,0.15020833909511566,0.14363332092761993,0.10871767997741699,0.10428111255168915
2024-08-25 22:18:50,관유 저정도면 끝났을때 1등이랑 2랩 차이날듯,짱깨시치,13,13.0,관유 저정도면 끝났을때 1등이랑 2랩 차이날듯 짱깨시치,관유 저정도면 끝났을때 1등이랑 2랩 차이날듯 짱깨시치,0.289308100938797,0.1864769160747528,0.09038931876420975,0.20866413414478302,0.09161408990621567,0.13354745507240295
2024-08-25 22:18:51,대황끌 피아제 잡을수있냐?,제발,13,13.0,대황끌 피아제 잡을수있냐? 제발,대황끌 피아제 잡을수있냐? 제발,0.31774598360061646,0.21520644426345825,0.152653306722641,0.10844139009714127,0.12775465846061707,0.07819821685552597
2024-08-25 22:18:52,해밀턴이 원스탑으로 p15 to p1 하면 갤 터짐?,- dc official App,13,13.0,해밀턴이 원스탑으로 p15 to p1 하면 갤 터짐? - dc official App,해밀턴이 원스탑으로 p15 to p1 하면 갤 터짐? - dc official App,0.30492547154426575,0.2092452049255371,0.26765939593315125,0.09852244704961777,0.06945080310106277,0.050196629017591476
2024-08-25 22:19:01,피아제 플랜에이,ㅇ,13,13.0,피아제 플랜에이 ㅇ,피아제 플랜에이 ㅇ,0.24422506988048553,0.22869303822517395,0.28692886233329773,0.11990752071142197,0.05013726279139519,0.0701083093881607
2024-08-25 22:19:02,경을 막는 오너 드라이버의 품격,대 련 님,13,13.0,경을 막는 오너 드라이버의 품격 대 련 님,경을 막는 오너 드라이버의 품격 대 련 님,0.11121989041566849,0.1650712788105011,0.5585652589797974,0.06516158580780029,0.048967085778713226,0.05101493373513222
2024-08-25 22:19:01,저우 ← 적절한 타이밍에 셒카 불러야 한다고 생각함,,13,13.0,저우 ← 적절한 타이밍에 셒카 불러야 한다고 생각함 ,저우 ← 적절한 타이밍에 셒카 불러야 한다고 생각함,0.2039659470319748,0.2711198031902313,0.273706316947937,0.09757474809885025,0.0622546523809433,0.09137853235006332
2024-08-25 22:19:08,쁠랜에이ㅋㅋㅋ,ㅋㅌㅌ,13,13.0,쁠랜에이ㅋㅋㅋ ㅋㅌㅌ,쁠랜에이ㅋㅋㅋ ㅋㅌㅌ,0.07422343641519547,0.12566807866096497,0.6756029725074768,0.06690774112939835,0.022427931427955627,0.03516990318894386
2024-08-25 22:19:12,맥라렌도 플랜A 입갤 ㅋㅋㅋ,,13,13.0,맥라렌도 플랜A 입갤 ㅋㅋㅋ ,맥라렌도 플랜A 입갤 ㅋㅋㅋ,0.10775008052587509,0.1456267386674881,0.6028739809989929,0.0703522190451622,0.03821231797337532,0.03518468141555786
2024-08-25 22:19:12,쁠에이 입갤ㅋㅋㅋ,- dc official App,13,13.0,쁠에이 입갤ㅋㅋㅋ - dc official App,쁠에이 입갤ㅋㅋㅋ - dc official App,0.07725407183170319,0.10819916427135468,0.7008304595947266,0.05639977380633354,0.02520735189318657,0.03210915997624397
2024-08-25 22:19:13,맥라렌 페라리화 ㅋㅋㅋㅋ,"ㅋㅋㅋㅋㅋㅋ
- dc official App",13,13.0,"맥라렌 페라리화 ㅋㅋㅋㅋ ㅋㅋㅋㅋㅋㅋ
- dc official App",맥라렌 페라리화 ㅋㅋㅋㅋ ㅋㅋㅋㅋㅋㅋ,0.1407303810119629,0.18682682514190674,0.5092170238494873,0.08492978662252426,0.04143455997109413,0.0368613600730896
2024-08-25 22:19:13,맥라렌도 쁠랜 ㅋㅋㅋ,아 ㅋㅋㅋ,13,13.0,맥라렌도 쁠랜 ㅋㅋㅋ 아 ㅋㅋㅋ,맥라렌도 쁠랜 ㅋㅋㅋ 아 ㅋㅋㅋ,0.10188848525285721,0.16270498931407928,0.5935445427894592,0.06952274590730667,0.03445837274193764,0.03788083419203758
2024-08-25 22:19:15,맥라렌 마스터 플랜 ONㅋㅋㅋㅋㅋ,.,13,13.0,맥라렌 마스터 플랜 ONㅋㅋㅋㅋㅋ .,맥라렌 마스터 플랜 ONㅋㅋㅋㅋㅋ .,0.0858830139040947,0.12872636318206787,0.6508315205574036,0.07001326233148575,0.029493633657693863,0.03505215048789978
2024-08-25 22:19:21,플랜a <- 순항중이라는 뜻인데 ㅋㅋㅋㅋ,왜 페라리에서 얘기하면 웃길까,13,13.0,플랜a <- 순항중이라는 뜻인데 ㅋㅋㅋㅋ 왜 페라리에서 얘기하면 웃길까,플랜a <- 순항중이라는 뜻인데 ㅋㅋㅋㅋ 왜 페라리에서 얘기하면 웃길까,0.18195024132728577,0.2169392704963684,0.442764014005661,0.07009944319725037,0.04956525191664696,0.03868171200156212
2024-08-25 22:19:21,해밀턴 벌써 P11이네 ㅋㅋㅋㅋ,,13,13.0,해밀턴 벌써 P11이네 ㅋㅋㅋㅋ ,해밀턴 벌써 P11이네 ㅋㅋㅋㅋ,0.10836977511644363,0.12948958575725555,0.6443113088607788,0.05667297542095184,0.033500492572784424,0.027655817568302155
2024-08-25 22:19:22,짱깨는 씨발 답도없네ㅋㅋㅋㅋㅋㅋㅋㅋㅋㅋㅋ,휠락걸린 마그누센한테 따였노ㅋㅋㅋㅋ,13,13.0,짱깨는 씨발 답도없네ㅋㅋㅋㅋㅋㅋㅋㅋㅋㅋㅋ 휠락걸린 마그누센한테 따였노ㅋㅋㅋㅋ,짱깨는 씨발 답도없네ㅋㅋㅋㅋㅋㅋㅋㅋㅋㅋㅋ 휠락걸린 마그누센한테 따였노ㅋㅋㅋㅋ,0.22508056461811066,0.18267104029655457,0.08707188069820404,0.2699163854122162,0.09997904300689697,0.13528113067150116
2024-08-25 22:19:31,저우관유는 근데 너무 좆밥 아니냐,"무색무취
자우버 타는데도 진짜 인간적으로 너무 느림",14,14.0,"저우관유는 근데 너무 좆밥 아니냐 무색무취
자우버 타는데도 진짜 인간적으로 너무 느림",저우관유는 근데 너무 좆밥 아니냐 무색무취 자우버 타는데도 진짜 인간적으로 너무 느림,0.1839849203824997,0.2752516269683838,0.07231945544481277,0.19299226999282837,0.04883420467376709,0.22661754488945007
2024-08-25 22:19:34,사전트야 짤리기 전에 윌에 시원하게 엿먹이고 가자,,14,14.0,사전트야 짤리기 전에 윌에 시원하게 엿먹이고 가자 ,사전트야 짤리기 전에 윌에 시원하게 엿먹이고 가자,0.10752923041582108,0.17382805049419403,0.41746076941490173,0.1590636521577835,0.04892641305923462,0.09319180250167847
2024-08-25 22:19:37,팀라디오 두번씩나오는거 개거슬리네,어재부터 이러던데,14,14.0,팀라디오 두번씩나오는거 개거슬리네 어재부터 이러던데,팀라디오 두번씩나오는거 개거슬리네 어재부터 이러던데,0.09787271916866302,0.27652454376220703,0.13846167922019958,0.25743648409843445,0.04307948797941208,0.18662509322166443
2024-08-25 22:19:40,노리스 점점 따라잡네,,14,14.0,노리스 점점 따라잡네 ,노리스 점점 따라잡네,0.2870022654533386,0.23026324808597565,0.28284892439842224,0.07877282053232193,0.08141821622848511,0.03969452157616615
2024-08-25 22:19:39,병신,,14,14.0,병신 ,병신,0.167322039604187,0.24140624701976776,0.35982221364974976,0.12579727172851562,0.051576096564531326,0.054076120257377625
2024-08-25 22:19:40,짱깨 어디 사고남?,ㅇㅇ,14,14.0,짱깨 어디 사고남? ㅇㅇ,짱깨 어디 사고남? ㅇㅇ,0.3182922303676605,0.20138534903526306,0.13243532180786133,0.13624584674835205,0.11936961114406586,0.09227167814970016
2024-08-25 22:19:41,노리스 달린다,,14,14.0,노리스 달린다 ,노리스 달린다,0.08923161029815674,0.11833483725786209,0.6678705215454102,0.060684021562337875,0.027224471792578697,0.03665449470281601
2024-08-25 22:19:42,맥라렌은 지들이 정해줘야지,"그걸 묻고 있냐 ㅋㅋㅋ
- dc official App",14,14.0,"맥라렌은 지들이 정해줘야지 그걸 묻고 있냐 ㅋㅋㅋ
- dc official App",맥라렌은 지들이 정해줘야지 그걸 묻고 있냐 ㅋㅋㅋ,0.24798332154750824,0.2524900436401367,0.10295391082763672,0.20558112859725952,0.07812616229057312,0.11286548525094986
2024-08-25 22:19:43,예상) 사인츠 엔진블로우,아 리타이어인가요? 리타이어네요,14,14.0,예상) 사인츠 엔진블로우 아 리타이어인가요? 리타이어네요,예상) 사인츠 엔진블로우 아 리타이어인가요? 리타이어네요,0.3390120565891266,0.22422242164611816,0.17549706995487213,0.10054510831832886,0.0935945063829422,0.06712882220745087
2024-08-25 22:19:46,막스 도망 못가네 ㅎㅎㅎ,"따이겠는데
- dc official App",14,14.0,"막스 도망 못가네 ㅎㅎㅎ 따이겠는데
- dc official App",막스 도망 못가네 ㅎㅎㅎ 따이겠는데,0.30168160796165466,0.23285245895385742,0.1968967467546463,0.09474562108516693,0.1216607317328453,0.05216279625892639
2024-08-25 22:19:46,맥라렌 차 좆되긴 하는갑네,곧 DRS도 쓰겠노,14,14.0,맥라렌 차 좆되긴 하는갑네 곧 DRS도 쓰겠노,맥라렌 차 좆되긴 하는갑네 곧 DRS도 쓰겠노,0.3355794847011566,0.20835252106189728,0.08419179171323776,0.14243446290493011,0.12380361557006836,0.10563816130161285
2024-08-25 22:19:55,알본 뭐임??,,14,14.0,알본 뭐임?? ,알본 뭐임??,0.3473345637321472,0.22334302961826324,0.16747942566871643,0.10738636553287506,0.09009703993797302,0.06435956805944443
2024-08-25 22:19:58,러셀이 우승할 것 같은데,러셀보다 타이어 잘깎는애 없지않나,14,14.0,러셀이 우승할 것 같은데 러셀보다 타이어 잘깎는애 없지않나,러셀이 우승할 것 같은데 러셀보다 타이어 잘깎는애 없지않나,0.3028610348701477,0.2505732476711273,0.190659299492836,0.10053923726081848,0.08887453377246857,0.06649266183376312
2024-08-25 22:19:55,저우는 그냥 존나느리네,,14,14.0,저우는 그냥 존나느리네 ,저우는 그냥 존나느리네,0.29002317786216736,0.26945799589157104,0.07746482640504837,0.1532408595085144,0.09063807874917984,0.11917503923177719
2024-08-25 22:20:02,2.6 낫뱃,,14,14.0,2.6 낫뱃 ,2.6 낫뱃,0.21020641922950745,0.22867290675640106,0.35030436515808105,0.10566560924053192,0.04920606687664986,0.055944573134183884
2024-08-25 22:20:02,똠 왤케빨리드가노,- dc official App,14,14.0,똠 왤케빨리드가노 - dc official App,똠 왤케빨리드가노 - dc official App,0.13655175268650055,0.2378726452589035,0.4508533477783203,0.07864197343587875,0.0441473163664341,0.051933012902736664
2024-08-25 22:20:08,저우는 뭘했길레 나갔다온 케이막한테 따인거임,어지럽네 진짜,14,14.0,저우는 뭘했길레 나갔다온 케이막한테 따인거임 어지럽네 진짜,저우는 뭘했길레 나갔다온 케이막한테 따인거임 어지럽네 진짜,0.2773376405239105,0.20389939844608307,0.08430694788694382,0.19318346679210663,0.11881221830844879,0.12246035784482956
2024-08-25 22:20:10,오늘 진짜 쿠팡 사운드 이상하네 좋타고 해야되나,- dc official App,14,14.0,오늘 진짜 쿠팡 사운드 이상하네 좋타고 해야되나 - dc official App,오늘 진짜 쿠팡 사운드 이상하네 좋타고 해야되나 - dc official App,0.1923244446516037,0.3510242700576782,0.14653557538986206,0.12134086340665817,0.06244994327425957,0.12632496654987335
2024-08-25 22:20:10,저우는 뭐저리 느리냐,,14,14.0,저우는 뭐저리 느리냐 ,저우는 뭐저리 느리냐,0.1725412756204605,0.3092585802078247,0.08311421424150467,0.1834869086742401,0.04612528160214424,0.20547382533550262
2024-08-25 22:20:13,알본 타깎노 입갤ㅋㅋㅋ,,14,14.0,알본 타깎노 입갤ㅋㅋㅋ ,알본 타깎노 입갤ㅋㅋㅋ,0.07945328205823898,0.11655288189649582,0.6840680837631226,0.06072697043418884,0.027574537321925163,0.0316242016851902
2024-08-25 22:20:14,14랩짜 막스 16.3 노리스 16.2,,14,14.0,14랩짜 막스 16.3 노리스 16.2 ,14랩짜 막스 16.3 노리스 16.2,0.23330505192279816,0.24198271334171295,0.2903376817703247,0.12098865956068039,0.043624307960271835,0.06976158171892166
2024-08-25 22:20:18,몽골 곧 더티플레이 방어쇼,기대됨 얼마나 더티할지,14,14.0,몽골 곧 더티플레이 방어쇼 기대됨 얼마나 더티할지,몽골 곧 더티플레이 방어쇼 기대됨 얼마나 더티할지,0.3178289532661438,0.22476732730865479,0.1548372209072113,0.13096708059310913,0.10399987548589706,0.06759956479072571
2024-08-25 22:20:22,슬슬 노리스가 따라오네,가자 노짱,14,14.0,슬슬 노리스가 따라오네 가자 노짱,슬슬 노리스가 따라오네 가자 노짱,0.10404074937105179,0.14124225080013275,0.5877014994621277,0.06309019774198532,0.05220765992999077,0.05171753466129303
2024-08-25 22:20:27,똠 22호주 가능함?,혼자 내구레이스하기,14,14.0,똠 22호주 가능함? 혼자 내구레이스하기,똠 22호주 가능함? 혼자 내구레이스하기,0.3003888428211212,0.21100053191184998,0.25271087884902954,0.09155029058456421,0.09580069780349731,0.04854877293109894
2024-08-25 22:20:28,근데 몽골 노리스 간격 변화없네,이대로 가면 추월 노려볼만한데,14,14.0,근데 몽골 노리스 간격 변화없네 이대로 가면 추월 노려볼만한데,근데 몽골 노리스 간격 변화없네 이대로 가면 추월 노려볼만한데,0.29873135685920715,0.2395632266998291,0.22434698045253754,0.08715014159679413,0.09490910172462463,0.05529920756816864
2024-08-25 22:20:29,윌리암스 업데이트 파츠 다 날려먹음?,왤케못하냐,14,14.0,윌리암스 업데이트 파츠 다 날려먹음? 왤케못하냐,윌리암스 업데이트 파츠 다 날려먹음? 왤케못하냐,0.2419200837612152,0.2631482183933258,0.07769808173179626,0.17990542948246002,0.05083860084414482,0.1864895522594452
2024-08-25 22:20:30,솔직히 느리면 차라도 부숴서 재미 챙겨야함,,14,14.0,솔직히 느리면 차라도 부숴서 재미 챙겨야함 ,솔직히 느리면 차라도 부숴서 재미 챙겨야함,0.1664106845855713,0.2892087996006012,0.16383089125156403,0.14875562489032745,0.07996050268411636,0.15183338522911072
2024-08-25 22:20:32,노리스 다시 붙었누,,14,14.0,노리스 다시 붙었누 ,노리스 다시 붙었누,0.11258802562952042,0.1653950959444046,0.5952346920967102,0.050489023327827454,0.03852755203843117,0.03776567801833153
2024-08-25 22:20:34,쁠랜에이,,14,14.0,쁠랜에이 ,쁠랜에이,0.1765533983707428,0.19275295734405518,0.4448818564414978,0.09933401644229889,0.032091833651065826,0.054385967552661896
2024-08-25 22:20:45,막노대전 슬슬 가겠노,ㅇ,14,14.0,막노대전 슬슬 가겠노 ㅇ,막노대전 슬슬 가겠노 ㅇ,0.1955140233039856,0.22833852469921112,0.3563748002052307,0.09293302893638611,0.06286995112895966,0.06396974623203278
2024-08-25 22:20:52,몽골 점점 따라잡히네,,15,15.0,몽골 점점 따라잡히네 ,몽골 점점 따라잡히네,0.3386448919773102,0.22713486850261688,0.17947730422019958,0.09992067515850067,0.10531499981880188,0.049507200717926025
2024-08-25 22:20:53,좆핀주제에 존나빠르네,니자리 가 빨리,15,15.0,좆핀주제에 존나빠르네 니자리 가 빨리,좆핀주제에 존나빠르네 니자리 가 빨리,0.20325925946235657,0.17837907373905182,0.12248658388853073,0.29419732093811035,0.07592415809631348,0.12575356662273407
2024-08-25 22:20:53,대신물탕ㅋㅋㅋㅋㅋ,ㅋㅋ,15,15.0,대신물탕ㅋㅋㅋㅋㅋ ㅋㅋ,대신물탕ㅋㅋㅋㅋㅋ ㅋㅋ,0.07313555479049683,0.12363918870687485,0.6792848110198975,0.06433779001235962,0.024922745302319527,0.03467991575598717
2024-08-25 22:20:56,1초 안으로 들어오네,ㅇㅇ,15,15.0,1초 안으로 들어오네 ㅇㅇ,1초 안으로 들어오네 ㅇㅇ,0.09501328319311142,0.167636901140213,0.5752838253974915,0.06983135640621185,0.03713434189558029,0.055100273340940475
2024-08-25 22:20:58,몽골 따일지도,차가 우위가 없네,15,15.0,몽골 따일지도 차가 우위가 없네,몽골 따일지도 차가 우위가 없네,0.32831746339797974,0.25996753573417664,0.08229352533817291,0.1228618174791336,0.08979875594377518,0.11676094681024551
2024-08-25 22:21:02,대밀턴 언제 재꼈노,- dc official App,15,15.0,대밀턴 언제 재꼈노 - dc official App,대밀턴 언제 재꼈노 - dc official App,0.3447395861148834,0.2278328388929367,0.16503898799419403,0.10653434693813324,0.10232533514499664,0.05352884531021118
2024-08-25 22:21:03,맥 ㅅㅂ 페이스 맘대로 조절하네,"ㅈ되노ㅋㅋㅋ
- dc official App",15,15.0,"맥 ㅅㅂ 페이스 맘대로 조절하네 ㅈ되노ㅋㅋㅋ
- dc official App",맥 ㅅㅂ 페이스 맘대로 조절하네 ㅈ되노ㅋㅋㅋ,0.14644692838191986,0.25983181595802307,0.10225001722574234,0.266383558511734,0.07305087149143219,0.15203681588172913
2024-08-25 22:21:03,막징징 ㅋㅋㅋㅋ,"턴10에서 차 안돌아간다 ㅇㅈㄹ ㅋㅋ
- dc official App",15,15.0,"막징징 ㅋㅋㅋㅋ 턴10에서 차 안돌아간다 ㅇㅈㄹ ㅋㅋ
- dc official App",막징징 ㅋㅋㅋㅋ 턴10에서 차 안돌아간다 ㅇㅈㄹ ㅋㅋ,0.1512693613767624,0.301245778799057,0.16099029779434204,0.2074408233165741,0.07916959375143051,0.09988418221473694
2024-08-25 22:21:06,대물탕 포인트권 진입 ㅋㅋ,ㅋㅋ,15,15.0,대물탕 포인트권 진입 ㅋㅋ ㅋㅋ,대물탕 포인트권 진입 ㅋㅋ ㅋㅋ,0.06869687139987946,0.10775434225797653,0.7047629952430725,0.055947478860616684,0.026029285043478012,0.036809056997299194
2024-08-25 22:21:05,도련놈ㅋㅋㅋㅋㅋㅋㅋㅋㅋㅋㅋ,,15,15.0,도련놈ㅋㅋㅋㅋㅋㅋㅋㅋㅋㅋㅋ ,도련놈ㅋㅋㅋㅋㅋㅋㅋㅋㅋㅋㅋ,0.08258349448442459,0.12733080983161926,0.6639717817306519,0.06081255152821541,0.02861122228205204,0.036690134555101395
2024-08-25 22:21:07,막징징 ㅋㅋㅋㅋ,,15,15.0,막징징 ㅋㅋㅋㅋ ,막징징 ㅋㅋㅋㅋ,0.08706585317850113,0.1581535041332245,0.6009342074394226,0.07526280730962753,0.03065839223563671,0.0479251854121685
2024-08-25 22:21:11,막징징ㅋㅋㅋㅋ,- dc official App,15,15.0,막징징ㅋㅋㅋㅋ - dc official App,막징징ㅋㅋㅋㅋ - dc official App,0.08644566684961319,0.14979472756385803,0.6153861284255981,0.07519557327032089,0.029471155256032944,0.04370680823922157
2024-08-25 22:21:12,막징징 ㅋㅋㅋㅋ,,15,15.0,막징징 ㅋㅋㅋㅋ ,막징징 ㅋㅋㅋㅋ,0.08706585317850113,0.1581535041332245,0.6009342074394226,0.07526280730962753,0.03065839223563671,0.0479251854121685
2024-08-25 22:21:12,몽노대전 드가자잇,무리스의 스타트와 막징징까지 입갤,15,15.0,몽노대전 드가자잇 무리스의 스타트와 막징징까지 입갤,몽노대전 드가자잇 무리스의 스타트와 막징징까지 입갤,0.08698630332946777,0.12488626688718796,0.6553391814231873,0.06399177014827728,0.03098970837891102,0.037806831300258636
2024-08-25 22:21:11,애마<<<<희대의 좆고아팀,풍동도 없는 범부,15,15.0,애마<<<<희대의 좆고아팀 풍동도 없는 범부,애마<<<<희대의 좆고아팀 풍동도 없는 범부,0.2730676233768463,0.21222728490829468,0.08445488661527634,0.20733197033405304,0.10428819060325623,0.11863001435995102
2024-08-25 22:21:13,막스 우승선언ㅋㅋㅋㅋㅋㅋㅋㅋㅋㅋ,,15,15.0,막스 우승선언ㅋㅋㅋㅋㅋㅋㅋㅋㅋㅋ ,막스 우승선언ㅋㅋㅋㅋㅋㅋㅋㅋㅋㅋ,0.07391738891601562,0.11341293901205063,0.7022287249565125,0.0537053644657135,0.02642485313117504,0.03031075932085514
2024-08-25 22:21:11,막스 또 징징거리네,,15,15.0,막스 또 징징거리네 ,막스 또 징징거리네,0.19695933163166046,0.25589266419410706,0.08749905228614807,0.20539475977420807,0.09761518985033035,0.1566390097141266
2024-08-25 22:21:14,막징징 떴다,"우승선언하네
- dc official App",15,15.0,"막징징 떴다 우승선언하네
- dc official App",막징징 떴다 우승선언하네,0.09768345952033997,0.1387595236301422,0.6279501914978027,0.05789412558078766,0.041927747428417206,0.03578498214483261
2024-08-25 22:21:15,닝겐상 차가 10번에서 안돌아가는레후 ㅋㅋ,차가운치투성이인데샷,15,15.0,닝겐상 차가 10번에서 안돌아가는레후 ㅋㅋ 차가운치투성이인데샷,닝겐상 차가 10번에서 안돌아가는레후 ㅋㅋ 차가운치투성이인데샷,0.19901767373085022,0.214495450258255,0.38281819224357605,0.09153401851654053,0.07175540924072266,0.04037922993302345
2024-08-25 22:21:15,막징징 입갤ㅋㅋㅋㅋ,크루징 가냐,15,15.0,막징징 입갤ㅋㅋㅋㅋ 크루징 가냐,막징징 입갤ㅋㅋㅋㅋ 크루징 가냐,0.08472474664449692,0.12025289237499237,0.6723967790603638,0.061481647193431854,0.027921291068196297,0.03322253376245499
2024-08-25 22:21:15,막징징ㅋㅋㅋㅋㅋㅋ,ㅋㅋㅋㅋㅋ,15,15.0,막징징ㅋㅋㅋㅋㅋㅋ ㅋㅋㅋㅋㅋ,막징징ㅋㅋㅋㅋㅋㅋ ㅋㅋㅋㅋㅋ,0.08836650103330612,0.16601231694221497,0.5886390805244446,0.07945292443037033,0.030608687549829483,0.04692050814628601
2024-08-25 22:21:12,위기감 느낀 몽골 투무브 대기중ㅋㅋㅋㅋㅋㅋ,,15,15.0,위기감 느낀 몽골 투무브 대기중ㅋㅋㅋㅋㅋㅋ ,위기감 느낀 몽골 투무브 대기중ㅋㅋㅋㅋㅋㅋ,0.12063807249069214,0.18732501566410065,0.499248206615448,0.09856781363487244,0.047185156494379044,0.04703573137521744
2024-08-25 22:21:16,경 존나 추월하다 시고 났으면 좋겠노,제발,15,15.0,경 존나 추월하다 시고 났으면 좋겠노 제발,경 존나 추월하다 시고 났으면 좋겠노 제발,0.1479051560163498,0.2039700746536255,0.2452346384525299,0.16898521780967712,0.0740780308842659,0.1598268747329712
2024-08-25 22:21:16,맥라렌 제로백 느린거면,"이거 뭘 어테 업뎃 해야하냐
엔진 갈아야함?",15,15.0,"맥라렌 제로백 느린거면 이거 뭘 어테 업뎃 해야하냐
엔진 갈아야함?",맥라렌 제로백 느린거면 이거 뭘 어테 업뎃 해야하냐 엔진 갈아야함?,0.29329341650009155,0.2544132173061371,0.09201373159885406,0.1359918713569641,0.08977699279785156,0.134510800242424
2024-08-25 22:21:17,막징징 onㅋㅋㅋㅋㅋㅋㅋㅋㅋㅋ,,15,15.0,막징징 onㅋㅋㅋㅋㅋㅋㅋㅋㅋㅋ ,막징징 onㅋㅋㅋㅋㅋㅋㅋㅋㅋㅋ,0.08460529148578644,0.1539187878370285,0.5925636887550354,0.08988571912050247,0.028716523200273514,0.05031003803014755
2024-08-25 22:21:19,징징ㅋㅋㅋ,ㅋㅋㅋ,15,15.0,징징ㅋㅋㅋ ㅋㅋㅋ,징징ㅋㅋㅋ ㅋㅋㅋ,0.09036993980407715,0.18187859654426575,0.561698853969574,0.0807931050658226,0.033504668623209,0.05175483226776123
2024-08-25 22:21:20,몽골 크루징은 역시치빨이었네,차빨빠지니까 딸깍,15,15.0,몽골 크루징은 역시치빨이었네 차빨빠지니까 딸깍,몽골 크루징은 역시치빨이었네 차빨빠지니까 딸깍,0.2819160521030426,0.275913804769516,0.1621045023202896,0.1128275990486145,0.10202720016241074,0.06521082669496536
2024-08-25 22:21:24,잘도네 시발러맠ㅋㅋㅋㅋㅋㅋ,"ㅋ
- dc official App",15,15.0,"잘도네 시발러맠ㅋㅋㅋㅋㅋㅋ ㅋ
- dc official App",잘도네 시발러맠ㅋㅋㅋㅋㅋㅋ ㅋ,0.13334490358829498,0.22493557631969452,0.19502751529216766,0.27221986651420593,0.07624336332082748,0.0982288345694542
2024-08-25 22:21:24,우승선언 ㅋㅋㅋㅋ,ㅋㅋ,15,15.0,우승선언 ㅋㅋㅋㅋ ㅋㅋ,우승선언 ㅋㅋㅋㅋ ㅋㅋ,0.0689844861626625,0.11023038625717163,0.7089847326278687,0.05188890919089317,0.026453694328665733,0.03345777466893196
2024-08-25 22:21:27,맥라렌이 차 원탑이긴 하네 타이어관리 작년rb19급,"다붙었네
- dc official App",15,15.0,"맥라렌이 차 원탑이긴 하네 타이어관리 작년rb19급 다붙었네
- dc official App",맥라렌이 차 원탑이긴 하네 타이어관리 작년rb19급 다붙었네,0.31634077429771423,0.21394996345043182,0.17387278378009796,0.1131991595029831,0.1235237568616867,0.059113550931215286
2024-08-25 22:21:29,막스 우승선언 ㅋㅋ,징징징~,15,15.0,막스 우승선언 ㅋㅋ 징징징~,막스 우승선언 ㅋㅋ 징징징~,0.11212731897830963,0.21156752109527588,0.45769762992858887,0.09944827109575272,0.048073913902044296,0.07108532637357712
2024-08-25 22:21:33,막징징 onㅋㅋㅋㅋ,,15,15.0,막징징 onㅋㅋㅋㅋ ,막징징 onㅋㅋㅋㅋ,0.08307763189077377,0.14471851289272308,0.6166595816612244,0.08064168691635132,0.02852385863661766,0.04637879505753517
2024-08-25 22:21:34,차가 안 도는 ww,,15,15.0,차가 안 도는 ww ,차가 안 도는 ww,0.19020472466945648,0.351112961769104,0.10437668859958649,0.14689019322395325,0.05684616416692734,0.150569349527359
2024-08-25 22:21:38,온보드캠 뱅크 지리네 ㅗㅜㅑ,ㅅㅂㅋㅋ,15,15.0,온보드캠 뱅크 지리네 ㅗㅜㅑ ㅅㅂㅋㅋ,온보드캠 뱅크 지리네 ㅗㅜㅑ ㅅㅂㅋㅋ,0.1679566651582718,0.18127591907978058,0.4310484528541565,0.11147106438875198,0.059619635343551636,0.04862820357084274
2024-08-25 22:21:42,막징징 <- 우승선언ㅋㅋㅋㅋㅋㅋㅋㅋㅋㅋㅋㅋ,,15,15.0,막징징 <- 우승선언ㅋㅋㅋㅋㅋㅋㅋㅋㅋㅋㅋㅋ ,막징징 <- 우승선언ㅋㅋㅋㅋㅋㅋㅋㅋㅋㅋㅋㅋ,0.07233832776546478,0.10843019932508469,0.7007899284362793,0.061131589114665985,0.02348971739411354,0.03382027894258499
2024-08-25 22:21:49,막스 우승하겠네,우승선언ㅋㅋㅋㅋ,15,15.0,막스 우승하겠네 우승선언ㅋㅋㅋㅋ,막스 우승하겠네 우승선언ㅋㅋㅋㅋ,0.09594210237264633,0.13674798607826233,0.6370375156402588,0.059379518032073975,0.036730628460645676,0.03416229039430618
2024-08-25 22:21:51,이렇게된이상 21헝가리를 기대한다,"개좆핀타고 w11 16랩 막아내기
한번만 더,,",15,15.0,"이렇게된이상 21헝가리를 기대한다 개좆핀타고 w11 16랩 막아내기
한번만 더,,","이렇게된이상 21헝가리를 기대한다 개좆핀타고 w11 16랩 막아내기 한번만 더,,",0.13179871439933777,0.17329642176628113,0.4818086326122284,0.08756013214588165,0.055188462138175964,0.07034755498170853
2024-08-25 22:21:59,뭐야 뱅크각 이정도임?,무슨 벽에 붙었노,15,15.0,뭐야 뱅크각 이정도임? 무슨 벽에 붙었노,뭐야 뱅크각 이정도임? 무슨 벽에 붙었노,0.27444544434547424,0.27784913778305054,0.08648137003183365,0.14641593396663666,0.10552539676427841,0.10928266495466232
2024-08-25 22:22:00,저 카메라 이번에 처음 쓰는건가?,지리네 ㅋㅋ,15,15.0,저 카메라 이번에 처음 쓰는건가? 지리네 ㅋㅋ,저 카메라 이번에 처음 쓰는건가? 지리네 ㅋㅋ,0.2795647978782654,0.20507614314556122,0.30661559104919434,0.08894328773021698,0.08359560370445251,0.03620452433824539
2024-08-25 22:22:02,투 무브 장전,"노리스 뒤져봐라 ㅋㅋㅋㅋㅋ
- dc official App",15,15.0,"투 무브 장전 노리스 뒤져봐라 ㅋㅋㅋㅋㅋ
- dc official App",투 무브 장전 노리스 뒤져봐라 ㅋㅋㅋㅋㅋ,0.12178787589073181,0.1419210135936737,0.5754414796829224,0.08699166774749756,0.03394751995801926,0.039910443127155304
2024-08-25 22:22:06,우리 맥라렌이 달라졌어요 ㅋㅋㅋㅋㅋ,,16,16.0,우리 맥라렌이 달라졌어요 ㅋㅋㅋㅋㅋ ,우리 맥라렌이 달라졌어요 ㅋㅋㅋㅋㅋ,0.08965948224067688,0.136543869972229,0.6447674036026001,0.06077050417661667,0.03464469313621521,0.03361399844288826
2024-08-25 22:22:06,직진구간이 싫어요 ㅋㅋ,,16,16.0,직진구간이 싫어요 ㅋㅋ ,직진구간이 싫어요 ㅋㅋ,0.11487855017185211,0.28050434589385986,0.14385966956615448,0.21902243793010712,0.046212442219257355,0.1955225169658661
2024-08-25 22:22:07,유키 타이어 곧 들어가랴나,푸쉬하라네,16,16.0,유키 타이어 곧 들어가랴나 푸쉬하라네,유키 타이어 곧 들어가랴나 푸쉬하라네,0.19811561703681946,0.31037434935569763,0.1984192281961441,0.11263735592365265,0.0698484256863594,0.11060495674610138
2024-08-25 22:22:08,직진구간이 싫어요ㅋㅋㅋㅋ,- dc official App,16,16.0,직진구간이 싫어요ㅋㅋㅋㅋ - dc official App,직진구간이 싫어요ㅋㅋㅋㅋ - dc official App,0.12439064681529999,0.27927082777023315,0.19091901183128357,0.20464099943637848,0.04681452363729477,0.15396401286125183
2024-08-25 22:22:12,저우관유 혼자 어린이보호구역이노,ㅉㅉ,16,16.0,저우관유 혼자 어린이보호구역이노 ㅉㅉ,저우관유 혼자 어린이보호구역이노 ㅉㅉ,0.20576846599578857,0.2354821264743805,0.08072184771299362,0.2359335720539093,0.07251198589801788,0.1695820540189743
2024-08-25 22:22:15,캠 존나 어지럽노 ㅋㅋㅋㅋ,재밌겠더,16,16.0,캠 존나 어지럽노 ㅋㅋㅋㅋ 재밌겠더,캠 존나 어지럽노 ㅋㅋㅋㅋ 재밌겠더,0.12619386613368988,0.19238072633743286,0.4828646183013916,0.10705568641424179,0.03486810624599457,0.05663706734776497
2024-08-25 22:22:18,와 서킷 존나재밌겠다 출렁출렁 거리놐ㅋㅋㅋ,"ㅋㅋ
- dc official App",16,16.0,"와 서킷 존나재밌겠다 출렁출렁 거리놐ㅋㅋㅋ ㅋㅋ
- dc official App",와 서킷 존나재밌겠다 출렁출렁 거리놐ㅋㅋㅋ ㅋㅋ,0.12256047129631042,0.14014309644699097,0.6104219555854797,0.06445421278476715,0.032616131007671356,0.029804125428199768
2024-08-25 22:22:24,노리스 온보드 뭔가 다이나믹하네,맘에든다,16,16.0,노리스 온보드 뭔가 다이나믹하네 맘에든다,노리스 온보드 뭔가 다이나믹하네 맘에든다,0.07742699235677719,0.13182096183300018,0.6684949398040771,0.054614245891571045,0.030659306794404984,0.036983516067266464
2024-08-25 22:22:32,대황라렌,,16,16.0,대황라렌 ,대황라렌,0.18836501240730286,0.18265220522880554,0.4363175928592682,0.09620065987110138,0.04914432764053345,0.04732022434473038
2024-08-25 22:22:31,자이로캠 GOAT ㅋㅋㅋ,,16,16.0,자이로캠 GOAT ㅋㅋㅋ ,자이로캠 GOAT ㅋㅋㅋ,0.06666513532400131,0.10522883385419846,0.7117681503295898,0.058910779654979706,0.022047024220228195,0.03538006544113159
2024-08-25 22:22:35,무리스 또 스타트 쳐말아먹었냐?,"븅슨새끼
왜
몽골한테
따임
?
ㅋㅋㅋㅋ",16,16.0,"무리스 또 스타트 쳐말아먹었냐? 븅슨새끼
왜
몽골한테
따임
?
ㅋㅋㅋㅋ",무리스 또 스타트 쳐말아먹었냐? 븅슨새끼 왜 몽골한테 따임 ? ㅋㅋㅋㅋ,0.2596123516559601,0.20157095789909363,0.07773599773645401,0.23897813260555267,0.07525721192359924,0.14684537053108215
2024-08-25 22:22:40,헐크도 들어갔네,,16,16.0,헐크도 들어갔네 ,헐크도 들어갔네,0.3225344121456146,0.23736481368541718,0.16764268279075623,0.10782469809055328,0.11380660533905029,0.05082681030035019
2024-08-25 22:22:44,대물탕 알론소도 곧이네,ㄷㄷ,16,16.0,대물탕 알론소도 곧이네 ㄷㄷ,대물탕 알론소도 곧이네 ㄷㄷ,0.320808470249176,0.21063750982284546,0.21355226635932922,0.09673406183719635,0.10809773951768875,0.05016995593905449
2024-08-25 22:22:46,르끌 저리 붙어달리면,타이어 관리 가능함? 원스탑 안노리나,16,16.0,르끌 저리 붙어달리면 타이어 관리 가능함? 원스탑 안노리나,르끌 저리 붙어달리면 타이어 관리 가능함? 원스탑 안노리나,0.3569284975528717,0.22025269269943237,0.10466057807207108,0.12380459159612656,0.10748046636581421,0.08687321841716766
2024-08-25 22:22:47,맥라렌만 자이로캠 단거임?,보는맛 맛있네 ㄷㄷ,16,16.0,맥라렌만 자이로캠 단거임? 보는맛 맛있네 ㄷㄷ,맥라렌만 자이로캠 단거임? 보는맛 맛있네 ㄷㄷ,0.1826360821723938,0.20725975930690765,0.4520984888076782,0.06977064907550812,0.051852136850357056,0.03638286143541336
2024-08-25 22:22:51,위 아 P1!!,- dc official App,16,16.0,위 아 P1!! - dc official App,위 아 P1!! - dc official App,0.16462206840515137,0.1647176593542099,0.5149934887886047,0.08139505982398987,0.032388318330049515,0.041883450001478195
2024-08-25 22:22:52,에프원 첨 보는데 개병신같네 ㅋㅋㅋㅋ,"이걸 왜.봄?
걍 페라리 f40 타는 놈
아이써티 타는 놈
수프라 타는놈
지바겐 타는놈
어차피 누가 쳐 몰든 결과 다 정해진거 아님?
- dc official App",16,16.0,"에프원 첨 보는데 개병신같네 ㅋㅋㅋㅋ 이걸 왜.봄?
걍 페라리 f40 타는 놈
아이써티 타는 놈
수프라 타는놈
지바겐 타는놈
어차피 누가 쳐 몰든 결과 다 정해진거 아님?
- dc official App",에프원 첨 보는데 개병신같네 ㅋㅋㅋㅋ 이걸 왜.봄? 걍 페라리 f40 타는 놈 아이써티 타는 놈 수프라 타는놈 지바겐 타는놈 어차피 누가 쳐 몰든 결과 다 정해진거 아님?,0.2429288774728775,0.21732348203659058,0.07954014837741852,0.23282882571220398,0.06175816059112549,0.16562050580978394
2024-08-25 22:22:55,그와중에 체코는 1.6초네 십ㅋㅋ,,16,16.0,그와중에 체코는 1.6초네 십ㅋㅋ ,그와중에 체코는 1.6초네 십ㅋㅋ,0.17052991688251495,0.2656751573085785,0.0987013429403305,0.24067048728466034,0.07219279557466507,0.15223023295402527
2024-08-25 22:22:56,체코는 올라올 생각이 없음?,ㄹㅇ,16,16.0,체코는 올라올 생각이 없음? ㄹㅇ,체코는 올라올 생각이 없음? ㄹㅇ,0.28164413571357727,0.2643459141254425,0.07483702898025513,0.15167222917079926,0.08453617990016937,0.14296455681324005
2024-08-25 22:23:27,쥬지가 우승하겠네,70랩 근처에서 막스 노리스 또 박을듯,17,17.0,쥬지가 우승하겠네 70랩 근처에서 막스 노리스 또 박을듯,쥬지가 우승하겠네 70랩 근처에서 막스 노리스 또 박을듯,0.30084577202796936,0.24606382846832275,0.18107351660728455,0.11988171935081482,0.08613773435354233,0.06599753350019455
2024-08-25 22:23:32,러셀 트레인 ㅋㅋㅋㅋㅋㅋㅋ,ㅋㅋㅋㅋㅋㅋㅋ,17,17.0,러셀 트레인 ㅋㅋㅋㅋㅋㅋㅋ ㅋㅋㅋㅋㅋㅋㅋ,러셀 트레인 ㅋㅋㅋㅋㅋㅋㅋ ㅋㅋㅋㅋㅋㅋㅋ,0.07246445119380951,0.11564406007528305,0.6934013962745667,0.062381941825151443,0.021991321817040443,0.03411679342389107
2024-08-25 22:23:39,경의 품격 on,오늘 경 심상치않다,17,17.0,경의 품격 on 오늘 경 심상치않다,경의 품격 on 오늘 경 심상치않다,0.3146592676639557,0.24871030449867249,0.14804646372795105,0.10280624032020569,0.10792060941457748,0.0778571367263794
2024-08-25 22:23:39,애미 씨발 좆같다,,17,17.0,애미 씨발 좆같다 ,애미 씨발 좆같다,0.12630881369113922,0.17456121742725372,0.13583050668239594,0.2890183627605438,0.04112764075398445,0.23315346240997314
2024-08-25 22:23:40,피아제 잘못하면 잡히겠는데?,ㄹㅇ,17,17.0,피아제 잘못하면 잡히겠는데? ㄹㅇ,피아제 잘못하면 잡히겠는데? ㄹㅇ,0.36211687326431274,0.20048460364341736,0.1130170077085495,0.1261906623840332,0.12218079715967178,0.07601004838943481
2024-08-25 22:23:51,경위품격 ㅋ,,17,17.0,경위품격 ㅋ ,경위품격 ㅋ,0.23231574892997742,0.2117668092250824,0.2585901916027069,0.15890084207057953,0.07966310530900955,0.05876326560974121
2024-08-25 22:23:53,경의추월,ㅋㅋㅋㅋ,17,17.0,경의추월 ㅋㅋㅋㅋ,경의추월 ㅋㅋㅋㅋ,0.09194716811180115,0.1262003779411316,0.6656290292739868,0.05817128345370293,0.02881273627281189,0.029239410534501076
2024-08-25 22:24:02,안볼란다,어휴 ㅅㅂ,17,17.0,안볼란다 어휴 ㅅㅂ,안볼란다 어휴 ㅅㅂ,0.12616018950939178,0.19765521585941315,0.12648674845695496,0.3143247365951538,0.047898728400468826,0.18747437000274658
2024-08-25 22:24:03,대황본 기습패랩ㅋㅋㅋ,ㅋㅋㅋㅋ,17,17.0,대황본 기습패랩ㅋㅋㅋ ㅋㅋㅋㅋ,대황본 기습패랩ㅋㅋㅋ ㅋㅋㅋㅋ,0.11803606152534485,0.16154812276363373,0.5737578868865967,0.07698129117488861,0.033898722380399704,0.03577791154384613
2024-08-25 22:24:04,경의 픔격,- dc official App,17,17.0,경의 픔격 - dc official App,경의 픔격 - dc official App,0.18812158703804016,0.17841918766498566,0.465835839509964,0.08391200751066208,0.03696814179420471,0.04674313962459564
2024-08-25 22:24:04,황본 ㅋㅋㅋ,,17,17.0,황본 ㅋㅋㅋ ,황본 ㅋㅋㅋ,0.08769895136356354,0.11676764488220215,0.6661620140075684,0.06639418005943298,0.02726755477488041,0.035709694027900696
2024-08-25 22:24:08,똠 기습패랩 ㅋㅋㅋㅋㅋ,ㅋㅋㅋㅋ,17,17.0,똠 기습패랩 ㅋㅋㅋㅋㅋ ㅋㅋㅋㅋ,똠 기습패랩 ㅋㅋㅋㅋㅋ ㅋㅋㅋㅋ,0.09291903674602509,0.12680073082447052,0.664956271648407,0.058769434690475464,0.025309480726718903,0.031245067715644836
2024-08-25 22:24:13,레드불 맥라렌 차 성향이 엄청 달라서,인터벌이 춤을 추네 이것도 장관인듯,17,17.0,레드불 맥라렌 차 성향이 엄청 달라서 인터벌이 춤을 추네 이것도 장관인듯,레드불 맥라렌 차 성향이 엄청 달라서 인터벌이 춤을 추네 이것도 장관인듯,0.26884040236473083,0.19442808628082275,0.31328055262565613,0.09399678558111191,0.09127622097730637,0.0381779670715332
2024-08-25 22:24:13,경물탕 롱런은 기가 막히네,ㅇㅇ,17,17.0,경물탕 롱런은 기가 막히네 ㅇㅇ,경물탕 롱런은 기가 막히네 ㅇㅇ,0.14806178212165833,0.18246042728424072,0.4980778992176056,0.06688836216926575,0.06344544887542725,0.04106611758470535
2024-08-25 22:24:18,뭔가 쥬지 우승삘난다,암튼 그럼,17,17.0,뭔가 쥬지 우승삘난다 암튼 그럼,뭔가 쥬지 우승삘난다 암튼 그럼,0.18195025622844696,0.21366235613822937,0.4274105727672577,0.06985066831111908,0.06735823303461075,0.03976789116859436
2024-08-25 22:24:20,다들놓친거 ‘자우버 2.5’ㅋㅋㅋㅋㅋㅋㅋ,,17,17.0,다들놓친거 ‘자우버 2.5’ㅋㅋㅋㅋㅋㅋㅋ ,다들놓친거 ‘자우버 2.5’ㅋㅋㅋㅋㅋㅋㅋ,0.21745078265666962,0.2824680805206299,0.18474014103412628,0.14573216438293457,0.09411259740591049,0.07549623399972916
2024-08-25 22:24:22,관유 혼자 자전거타고있냐,걍 좆같이 못해서 뭐라해야될지도 모르겠노,17,17.0,관유 혼자 자전거타고있냐 걍 좆같이 못해서 뭐라해야될지도 모르겠노,관유 혼자 자전거타고있냐 걍 좆같이 못해서 뭐라해야될지도 모르겠노,0.12263472378253937,0.26353418827056885,0.08535240590572357,0.23713372647762299,0.05129978433251381,0.24004513025283813
2024-08-25 22:24:23,2.5 나이스 ㅅㅅㅅㅅ,- dc official App,17,17.0,2.5 나이스 ㅅㅅㅅㅅ - dc official App,2.5 나이스 ㅅㅅㅅㅅ - dc official App,0.06730832159519196,0.1109478548169136,0.6973360776901245,0.05900152027606964,0.02431151270866394,0.041094694286584854
2024-08-25 22:24:23,알론소 왜 사자처럼 안먁아❗+❗+❗+,가슬리 9등 가겠내 상위권 누구 배틀하다 리타하면 좋겠다,17,17.0,알론소 왜 사자처럼 안먁아❗+❗+❗+ 가슬리 9등 가겠내 상위권 누구 배틀하다 리타하면 좋겠다,알론소 왜 사자처럼 안먁아❗+❗+❗+ 가슬리 9등 가겠내 상위권 누구 배틀하다 리타하면 좋겠다,0.25859129428863525,0.26133525371551514,0.21993844211101532,0.0961696207523346,0.09713449329137802,0.06683087348937988
2024-08-25 22:24:25,캬 재밌노ㅋㅋㅋ,ㅋ,17,17.0,캬 재밌노ㅋㅋㅋ ㅋ,캬 재밌노ㅋㅋㅋ ㅋ,0.0728326141834259,0.12218447774648666,0.6858466863632202,0.059495504945516586,0.022994007915258408,0.036646679043769836
2024-08-25 22:24:27,제발 사고나라,,17,17.0,제발 사고나라 ,제발 사고나라,0.17446665465831757,0.20862500369548798,0.20673631131649017,0.15317735075950623,0.08805243670940399,0.16894224286079407
2024-08-25 22:24:30,오 선두경쟁,,17,17.0,오 선두경쟁 ,오 선두경쟁,0.1861717700958252,0.1883591264486313,0.47189438343048096,0.06839515268802643,0.050620321184396744,0.03455924615263939
2024-08-25 22:24:32,뭐야 언제 붙은거야,"아까 멀리 있었잖아 ㅋㅋ
- dc official App",17,17.0,"뭐야 언제 붙은거야 아까 멀리 있었잖아 ㅋㅋ
- dc official App",뭐야 언제 붙은거야 아까 멀리 있었잖아 ㅋㅋ,0.2971022129058838,0.25669562816619873,0.17410996556282043,0.1069241315126419,0.10832463949918747,0.05684344843029976
2024-08-25 22:24:35,크으 유잼,ㅋㄴㄴ,17,17.0,크으 유잼 ㅋㄴㄴ,크으 유잼 ㅋㄴㄴ,0.0669681578874588,0.11585161089897156,0.7005042433738708,0.055002059787511826,0.02470393106341362,0.036969952285289764
2024-08-25 22:24:36,노리스 여론뒤집나??!!ㅋㅋㅋㅋㅋ,- dc official App,17,17.0,노리스 여론뒤집나??!!ㅋㅋㅋㅋㅋ - dc official App,노리스 여론뒤집나??!!ㅋㅋㅋㅋㅋ - dc official App,0.25875601172447205,0.2117728441953659,0.300010621547699,0.10870253294706345,0.07371150702238083,0.04704656824469566
2024-08-25 22:24:38,몽골 잘 틀어막네 ㅋㅋㅋㅋ,,17,17.0,몽골 잘 틀어막네 ㅋㅋㅋㅋ ,몽골 잘 틀어막네 ㅋㅋㅋㅋ,0.2580517530441284,0.20936906337738037,0.23840276896953583,0.12376099824905396,0.10635799914598465,0.06405733525753021
2024-08-25 22:24:39,막가놈 우주방어ㅋㅋㅋㅋㅋㅋㅋㅋㅋ,,17,17.0,막가놈 우주방어ㅋㅋㅋㅋㅋㅋㅋㅋㅋ ,막가놈 우주방어ㅋㅋㅋㅋㅋㅋㅋㅋㅋ,0.25373315811157227,0.24040642380714417,0.19554570317268372,0.15872851014137268,0.08677881211042404,0.06480738520622253
2024-08-25 22:24:40,노짱 이번에는 윙으로 펑쳐 안내나,한번 더 가자ㅋㅋ,17,17.0,노짱 이번에는 윙으로 펑쳐 안내나 한번 더 가자ㅋㅋ,노짱 이번에는 윙으로 펑쳐 안내나 한번 더 가자ㅋㅋ,0.12715087831020355,0.1605897843837738,0.5354192852973938,0.07487903535366058,0.05483851209282875,0.0471225343644619
2024-08-25 22:24:41,자우버 2.5 ㅋㅋㅋㅋ,,18,18.0,자우버 2.5 ㅋㅋㅋㅋ ,자우버 2.5 ㅋㅋㅋㅋ,0.1638469249010086,0.21312059462070465,0.3799329400062561,0.1330992877483368,0.05164405331015587,0.05835624784231186
2024-08-25 22:24:42,새삼 막라렌 차많이좋아졌네,"진짜 느껴지노
- dc official App",18,18.0,"새삼 막라렌 차많이좋아졌네 진짜 느껴지노
- dc official App",새삼 막라렌 차많이좋아졌네 진짜 느껴지노,0.17689058184623718,0.2158004492521286,0.43170052766799927,0.06469056755304337,0.06777271628379822,0.04314509034156799
2024-08-25 22:24:47,???:2.5초잖아 한잔해 ㅋㅋ,- dc official App,18,18.0,???:2.5초잖아 한잔해 ㅋㅋ - dc official App,???:2.5초잖아 한잔해 ㅋㅋ - dc official App,0.09156259149312973,0.1276121437549591,0.6540147662162781,0.0632314532995224,0.029545573517680168,0.03403346240520477
2024-08-25 22:24:49,유리스 보여주냐?,ㅈㅂ,18,18.0,유리스 보여주냐? ㅈㅂ,유리스 보여주냐? ㅈㅂ,0.12898996472358704,0.2528379261493683,0.1117408275604248,0.20543994009494781,0.05660291388630867,0.2443884164094925
2024-08-25 22:24:53,맥라렌 차는 좋은데 노리스가 스타트 망한거였노,,18,18.0,맥라렌 차는 좋은데 노리스가 스타트 망한거였노 ,맥라렌 차는 좋은데 노리스가 스타트 망한거였노,0.28992488980293274,0.29068055748939514,0.08993168920278549,0.12604162096977234,0.07447656989097595,0.12894462049007416
2024-08-25 22:24:58,우승선언ㅋㅋㅋ,ㅋㅋ,18,18.0,우승선언ㅋㅋㅋ ㅋㅋ,우승선언ㅋㅋㅋ ㅋㅋ,0.07316291332244873,0.11021947115659714,0.7034098505973816,0.053066253662109375,0.02707725204527378,0.03306426852941513
2024-08-25 22:24:59,슬슬 재밌어지노 ㅋㅋㅋㅋ,,18,18.0,슬슬 재밌어지노 ㅋㅋㅋㅋ ,슬슬 재밌어지노 ㅋㅋㅋㅋ,0.08776126801967621,0.123512402176857,0.6681894659996033,0.059717532247304916,0.02691010758280754,0.03390919417142868
2024-08-25 22:25:00,두랩안에 따인다 이거ㅋㅋㅋㅋ,"못막음ㅋㅋㅋ
- dc official App",18,18.0,"두랩안에 따인다 이거ㅋㅋㅋㅋ 못막음ㅋㅋㅋ
- dc official App",두랩안에 따인다 이거ㅋㅋㅋㅋ 못막음ㅋㅋㅋ,0.21359634399414062,0.23599562048912048,0.332241028547287,0.09002269804477692,0.08906036615371704,0.03908393532037735
2024-08-25 22:25:00,언제 따라붙은거? ㅋㅋㅋㅋㅋ,왜 따라붙는건 다 안보여주고 생략하냐 마,18,18.0,언제 따라붙은거? ㅋㅋㅋㅋㅋ 왜 따라붙는건 다 안보여주고 생략하냐 마,언제 따라붙은거? ㅋㅋㅋㅋㅋ 왜 따라붙는건 다 안보여주고 생략하냐 마,0.2073410302400589,0.32146793603897095,0.08637070655822754,0.19109676778316498,0.0631696805357933,0.13055384159088135
2024-08-25 22:25:00,몽골 노그립 ㅋㅋ,,18,18.0,몽골 노그립 ㅋㅋ ,몽골 노그립 ㅋㅋ,0.14056509733200073,0.3369722068309784,0.13109305500984192,0.17008401453495026,0.061865344643592834,0.15942032635211945
2024-08-25 22:25:03,"몽골 노리스 휠투휠, 쥬지가 3등","어어...
- dc official App",18,18.0,"몽골 노리스 휠투휠, 쥬지가 3등 어어...
- dc official App","몽골 노리스 휠투휠, 쥬지가 3등 어어...",0.24834522604942322,0.2975047528743744,0.13685494661331177,0.12384095788002014,0.11393046379089355,0.07952360063791275
2024-08-25 22:25:03,막징징 (진짜 망함),,18,18.0,막징징 (진짜 망함) ,막징징 (진짜 망함),0.1354614794254303,0.28244253993034363,0.11532192677259445,0.19020822644233704,0.06756333261728287,0.2090025097131729
2024-08-25 22:25:04,막스 추잡한 방어 시작 ㅋㅋㅋ,"ㅋㅋㅋㅋ
- dc official App",18,18.0,"막스 추잡한 방어 시작 ㅋㅋㅋ ㅋㅋㅋㅋ
- dc official App",막스 추잡한 방어 시작 ㅋㅋㅋ ㅋㅋㅋㅋ,0.20269842445850372,0.2304881066083908,0.13208448886871338,0.23403438925743103,0.09073349833488464,0.1099611148238182
2024-08-25 22:25:06,막징징ㅋㅋㅋㅋ,- dc official App,18,18.0,막징징ㅋㅋㅋㅋ - dc official App,막징징ㅋㅋㅋㅋ - dc official App,0.08644566684961319,0.14979472756385803,0.6153861284255981,0.07519557327032089,0.029471155256032944,0.04370680823922157
2024-08-25 22:25:07,투무브 준비 완료 ㅋㅋㅋ,,18,18.0,투무브 준비 완료 ㅋㅋㅋ ,투무브 준비 완료 ㅋㅋㅋ,0.06597702205181122,0.11529902368783951,0.6998854875564575,0.054872844368219376,0.025816703215241432,0.03814882040023804
2024-08-25 22:25:09,노 그립,,18,18.0,노 그립 ,노 그립,0.1419401317834854,0.2706422507762909,0.1689947247505188,0.16363109648227692,0.06275001913309097,0.19204173982143402
2024-08-25 22:25:11,막가놈 징징거리는거보니까 추월 못하겠는데,아,18,18.0,막가놈 징징거리는거보니까 추월 못하겠는데 아,막가놈 징징거리는거보니까 추월 못하겠는데 아,0.18573012948036194,0.28028297424316406,0.07411463558673859,0.1818012297153473,0.09050995856523514,0.18756097555160522
2024-08-25 22:25:14,막징징ㅋㅋㅋㅋㅋㅋㅋㅋㅋ,,18,18.0,막징징ㅋㅋㅋㅋㅋㅋㅋㅋㅋ ,막징징ㅋㅋㅋㅋㅋㅋㅋㅋㅋ,0.0949438139796257,0.17726129293441772,0.558363139629364,0.0862775593996048,0.03308386728167534,0.050070326775312424
2024-08-25 22:25:14,타이어 징징 입갤 ㅋㅋㅋㅋ 몽골 우승 ㅋㅋㅋㅋㅋ,,18,18.0,타이어 징징 입갤 ㅋㅋㅋㅋ 몽골 우승 ㅋㅋㅋㅋㅋ ,타이어 징징 입갤 ㅋㅋㅋㅋ 몽골 우승 ㅋㅋㅋㅋㅋ,0.07410364598035812,0.12070830911397934,0.6871709823608398,0.05904198810458183,0.025174643844366074,0.03380037844181061
2024-08-25 22:25:15,막징징ㅋㅋㅋㅋㅋ,,18,18.0,막징징ㅋㅋㅋㅋㅋ ,막징징ㅋㅋㅋㅋㅋ,0.0886615738272667,0.16339027881622314,0.5864719152450562,0.08124685287475586,0.0310906320810318,0.04913875088095665
2024-08-25 22:25:18,ㅋㅋㅋㅋㅋㅋ 조졌놐ㅋㅋㅋ,,18,18.0,ㅋㅋㅋㅋㅋㅋ 조졌놐ㅋㅋㅋ ,ㅋㅋㅋㅋㅋㅋ 조졌놐ㅋㅋㅋ,0.11132515966892242,0.2764614224433899,0.33405208587646484,0.14927402138710022,0.04779157415032387,0.08109571039676666
2024-08-25 22:25:19,몽징징 ㅋㅋㅋㅋㅋㅋ,,18,18.0,몽징징 ㅋㅋㅋㅋㅋㅋ ,몽징징 ㅋㅋㅋㅋㅋㅋ,0.08803106099367142,0.15625925362110138,0.6151600480079651,0.07428710162639618,0.028315847739577293,0.03794673830270767
2024-08-25 22:25:21,밑밥까는 차빨챔,ㅋㅋㅋ딸각,18,18.0,밑밥까는 차빨챔 ㅋㅋㅋ딸각,밑밥까는 차빨챔 ㅋㅋㅋ딸각,0.08226089179515839,0.11804410815238953,0.6835276484489441,0.056290727108716965,0.029232293367385864,0.030644305050373077
2024-08-25 22:25:29,개찡찡ㅋㅋㅋ,ㅋㅋㅋㅋ,18,18.0,개찡찡ㅋㅋㅋ ㅋㅋㅋㅋ,개찡찡ㅋㅋㅋ ㅋㅋㅋㅋ,0.09375244379043579,0.17810627818107605,0.5520168542861938,0.0938531756401062,0.031101331114768982,0.05116988718509674
2024-08-25 22:25:29,추월 ㅋㅋㅋㅋ,"이걸 따버리네 ㅋㅋㅋ
- dc official App",18,18.0,"추월 ㅋㅋㅋㅋ 이걸 따버리네 ㅋㅋㅋ
- dc official App",추월 ㅋㅋㅋㅋ 이걸 따버리네 ㅋㅋㅋ,0.12268725037574768,0.14688122272491455,0.6035760045051575,0.06188809871673584,0.034108176827430725,0.030859222635626793
2024-08-25 22:25:32,아오 시벌,,18,18.0,아오 시벌 ,아오 시벌,0.11972973495721817,0.21159109473228455,0.14833934605121613,0.2894171178340912,0.04607555270195007,0.18484719097614288
2024-08-25 22:25:32,추월했다.,,18,18.0,추월했다. ,추월했다.,0.11340072005987167,0.16416780650615692,0.5525276064872742,0.07210861891508102,0.04360492154955864,0.05419042706489563
2024-08-25 22:25:33,지금 몽골이랑 노리스 타이어 걸레짝 된거 같은데,몽골 하드 1스탑으로 가능함?,18,18.0,지금 몽골이랑 노리스 타이어 걸레짝 된거 같은데 몽골 하드 1스탑으로 가능함?,지금 몽골이랑 노리스 타이어 걸레짝 된거 같은데 몽골 하드 1스탑으로 가능함?,0.3272525668144226,0.2063557356595993,0.10099785029888153,0.14189296960830688,0.13437244296073914,0.08912843465805054
2024-08-25 22:25:34,멍청한 타이어 입갤 ㅋㅋㅋㅋㅋㅋ,- dc official App,18,18.0,멍청한 타이어 입갤 ㅋㅋㅋㅋㅋㅋ - dc official App,멍청한 타이어 입갤 ㅋㅋㅋㅋㅋㅋ - dc official App,0.19721829891204834,0.2581595182418823,0.2860983610153198,0.13810303807258606,0.06331458687782288,0.05710621550679207
2024-08-25 22:25:36,따잇ㅋㅋㅋㅋㅋㅋㅋㅋㅋ,,18,18.0,따잇ㅋㅋㅋㅋㅋㅋㅋㅋㅋ ,따잇ㅋㅋㅋㅋㅋㅋㅋㅋㅋ,0.06969278305768967,0.11009407043457031,0.7078524827957153,0.05696915462613106,0.022258732467889786,0.03313283622264862
2024-08-25 22:25:36,대리스 ㅋㅋㅋㅋㅋㅋ,,18,18.0,대리스 ㅋㅋㅋㅋㅋㅋ ,대리스 ㅋㅋㅋㅋㅋㅋ,0.07996122539043427,0.11688027530908585,0.6812288165092468,0.06187030300498009,0.025676017627120018,0.034383371472358704
2024-08-25 22:25:38,부스터 쓰지 말라고 시팔 ㅋㅋ,존나 빠르네 레전드 ㅋㅋ,18,18.0,부스터 쓰지 말라고 시팔 ㅋㅋ 존나 빠르네 레전드 ㅋㅋ,부스터 쓰지 말라고 시팔 ㅋㅋ 존나 빠르네 레전드 ㅋㅋ,0.16449716687202454,0.22468051314353943,0.12028882652521133,0.27788496017456055,0.08246561139822006,0.13018295168876648
2024-08-25 22:25:40,캬 ㅋㅋㅋㅋㅋㅋㅋ,,18,18.0,캬 ㅋㅋㅋㅋㅋㅋㅋ ,캬 ㅋㅋㅋㅋㅋㅋㅋ,0.08905380219221115,0.12525036931037903,0.6647393703460693,0.06185157969594002,0.025175709277391434,0.03392913192510605
2024-08-25 22:25:41,대 리 스,,18,18.0,대 리 스 ,대 리 스,0.18391810357570648,0.20776091516017914,0.39079922437667847,0.12152544409036636,0.0332748107612133,0.06272154301404953
2024-08-25 22:25:41,대 리 스,- dc official App,18,18.0,대 리 스 - dc official App,대 리 스 - dc official App,0.1948925107717514,0.19668802618980408,0.4259374141693115,0.09985166043043137,0.032381705939769745,0.050248704850673676
2024-08-25 22:25:43,황리스 ㅅㅂㅋㅋㅋㅋㅋㅋㅋㅋㅋㅋㅋ,ㅋㅋㅋㅋ,18,18.0,황리스 ㅅㅂㅋㅋㅋㅋㅋㅋㅋㅋㅋㅋㅋ ㅋㅋㅋㅋ,황리스 ㅅㅂㅋㅋㅋㅋㅋㅋㅋㅋㅋㅋㅋ ㅋㅋㅋㅋ,0.10094282776117325,0.18226385116577148,0.5021436810493469,0.12149795144796371,0.0369645394384861,0.056187085807323456
2024-08-25 22:25:44,온보드캠 존나 다이나믹하노ㅋㅋㅋ,ㅋㅋㅋ,18,18.0,온보드캠 존나 다이나믹하노ㅋㅋㅋ ㅋㅋㅋ,온보드캠 존나 다이나믹하노ㅋㅋㅋ ㅋㅋㅋ,0.09639857709407806,0.13830667734146118,0.6440131664276123,0.061775822192430496,0.028380295261740685,0.03112552873790264
2024-08-25 22:25:43,누리스 추월ㅋㅋㅋㅋ,- dc official App,18,18.0,누리스 추월ㅋㅋㅋㅋ - dc official App,누리스 추월ㅋㅋㅋㅋ - dc official App,0.08223102241754532,0.11291909962892532,0.6942048668861389,0.05510207265615463,0.025907671079039574,0.029635271057486534
2024-08-25 22:25:43,대노황 ㅋㅋㅋㅋㅋㅋ,,18,18.0,대노황 ㅋㅋㅋㅋㅋㅋ ,대노황 ㅋㅋㅋㅋㅋㅋ,0.22799186408519745,0.25071612000465393,0.18400037288665771,0.17406953871250153,0.08545994758605957,0.07776213437318802
2024-08-25 22:25:43,자이로캠 추월장면 지리노 ㄷㄷㄷ,,18,18.0,자이로캠 추월장면 지리노 ㄷㄷㄷ ,자이로캠 추월장면 지리노 ㄷㄷㄷ,0.31876063346862793,0.20319999754428864,0.24562638998031616,0.10347886383533478,0.08710294961929321,0.04183114320039749
2024-08-25 22:25:44,대리스ㅅㅅㅅㅅㅅ,,18,18.0,대리스ㅅㅅㅅㅅㅅ ,대리스ㅅㅅㅅㅅㅅ,0.059595588594675064,0.10946130752563477,0.710844099521637,0.05528891459107399,0.022138357162475586,0.04267171770334244
2024-08-25 22:25:45,와 ㅋㅋㅋㅋ,,18,18.0,와 ㅋㅋㅋㅋ ,와 ㅋㅋㅋㅋ,0.1877821385860443,0.1771971881389618,0.47180065512657166,0.08143418282270432,0.047725893557071686,0.034059856086969376
2024-08-25 22:25:46,캬~ ㅋㅋㅋㅋㅋ 서터레이트에서,,18,18.0,캬~ ㅋㅋㅋㅋㅋ 서터레이트에서 ,캬~ ㅋㅋㅋㅋㅋ 서터레이트에서,0.07398723065853119,0.11580851674079895,0.6981269121170044,0.05587494745850563,0.023568393662571907,0.032634101808071136
2024-08-25 22:25:46,황리스 캬 ㅋㅋㅋㅋ,,18,18.0,황리스 캬 ㅋㅋㅋㅋ ,황리스 캬 ㅋㅋㅋㅋ,0.061789657920598984,0.10568046569824219,0.7202368378639221,0.05339980125427246,0.023122770711779594,0.03577044606208801
2024-08-25 22:25:46,스타트? 좆까 딸깍 ㅋㅋㅋㅋㅋ,ㅋㅋㅋㅋ,18,18.0,스타트? 좆까 딸깍 ㅋㅋㅋㅋㅋ ㅋㅋㅋㅋ,스타트? 좆까 딸깍 ㅋㅋㅋㅋㅋ ㅋㅋㅋㅋ,0.14028812944889069,0.2146044820547104,0.4230620563030243,0.12771348655223846,0.042130548506975174,0.05220120772719383
2024-08-25 22:25:46,리어 흔들리노 ㅋㅋ,,18,18.0,리어 흔들리노 ㅋㅋ ,리어 흔들리노 ㅋㅋ,0.20891006290912628,0.2969815731048584,0.2664740979671478,0.10474441945552826,0.06647837907075882,0.05641148239374161
2024-08-25 22:25:47,오 ㅋㅋㅋㅋㅋ,,18,18.0,오 ㅋㅋㅋㅋㅋ ,오 ㅋㅋㅋㅋㅋ,0.10796690732240677,0.136138454079628,0.6370459198951721,0.06047140061855316,0.02824738249182701,0.030129937455058098
2024-08-25 22:25:46,정의구현 ㅅㅅㅅ,,18,18.0,정의구현 ㅅㅅㅅ ,정의구현 ㅅㅅㅅ,0.07419801503419876,0.11976806819438934,0.6587328314781189,0.07381975650787354,0.026342671364545822,0.047138720750808716
2024-08-25 22:25:47,따잌ㅋㅋㅋㅋㅋㅋ,"ㅋㅋㅋ
- dc official App",18,18.0,"따잌ㅋㅋㅋㅋㅋㅋ ㅋㅋㅋ
- dc official App",따잌ㅋㅋㅋㅋㅋㅋ ㅋㅋㅋ,0.06485818326473236,0.11134567111730576,0.7115909457206726,0.054408419877290726,0.022787993773818016,0.0350087508559227
2024-08-25 22:25:48,맥 차 ㅈㄴ 빠르네 ㅁㅊ,,18,18.0,맥 차 ㅈㄴ 빠르네 ㅁㅊ ,맥 차 ㅈㄴ 빠르네 ㅁㅊ,0.31800004839897156,0.19720573723316193,0.1928543746471405,0.12822939455509186,0.11079981923103333,0.05291061848402023
2024-08-25 22:25:51,개나이스추월 ㅋㅋㅋㅋㅋㅋ,ㅋㅋㅋㅋㅋㅋㅋㅋ,18,18.0,개나이스추월 ㅋㅋㅋㅋㅋㅋ ㅋㅋㅋㅋㅋㅋㅋㅋ,개나이스추월 ㅋㅋㅋㅋㅋㅋ ㅋㅋㅋㅋㅋㅋㅋㅋ,0.07763360440731049,0.11822408437728882,0.6851440668106079,0.06263648718595505,0.024756114929914474,0.03160562738776207
2024-08-25 22:25:51,캬 ㅋㅋ,.,18,18.0,캬 ㅋㅋ .,캬 ㅋㅋ .,0.09593579173088074,0.12907296419143677,0.648991048336029,0.06313437968492508,0.027719438076019287,0.035146359354257584
2024-08-25 22:25:52,딸깍 몽고바이,ㅋㅋ,18,18.0,딸깍 몽고바이 ㅋㅋ,딸깍 몽고바이 ㅋㅋ,0.07496343553066254,0.11708272248506546,0.6824722290039062,0.061620719730854034,0.02685302123427391,0.03700784966349602
2024-08-25 22:25:51,누리스ㄷㄷㄷ,,18,18.0,누리스ㄷㄷㄷ ,누리스ㄷㄷㄷ,0.17694978415966034,0.1797671765089035,0.49190133810043335,0.061665453016757965,0.05733395367860794,0.03238233923912048
2024-08-25 22:25:52,대 리 스 ㅋㅋㅋㅋㅋㅋㅋㅋㅋㅋㅋㅋ,,18,18.0,대 리 스 ㅋㅋㅋㅋㅋㅋㅋㅋㅋㅋㅋㅋ ,대 리 스 ㅋㅋㅋㅋㅋㅋㅋㅋㅋㅋㅋㅋ,0.08258324861526489,0.12054229527711868,0.6731849312782288,0.065657839179039,0.024817220866680145,0.033214494585990906
2024-08-25 22:25:53,유리스ㅋㅋㅋㅋ,- dc official App,18,18.0,유리스ㅋㅋㅋㅋ - dc official App,유리스ㅋㅋㅋㅋ - dc official App,0.09044156968593597,0.11570369452238083,0.6757262945175171,0.06261876225471497,0.024172069504857063,0.03133753687143326
2024-08-25 22:25:54,옛날에는 막징징 하면 승리선언이었는데,이제는 진짜 징징이 되어버림ㅋㅋㅋㅋㅋㅋ,18,18.0,옛날에는 막징징 하면 승리선언이었는데 이제는 진짜 징징이 되어버림ㅋㅋㅋㅋㅋㅋ,옛날에는 막징징 하면 승리선언이었는데 이제는 진짜 징징이 되어버림ㅋㅋㅋㅋㅋㅋ,0.17629177868366241,0.3144157826900482,0.13153882324695587,0.15461581945419312,0.12010291963815689,0.1030348539352417
2024-08-25 22:25:55,맹라렌 그냥 존나 빠르네,,18,18.0,맹라렌 그냥 존나 빠르네 ,맹라렌 그냥 존나 빠르네,0.3482078015804291,0.2041136473417282,0.15668520331382751,0.1222522109746933,0.11710865795612335,0.05163244903087616
2024-08-25 22:25:55,"“막징징 ON""",- dc official App,18,18.0,"“막징징 ON"" - dc official App","“막징징 ON"" - dc official App",0.17689326405525208,0.17961585521697998,0.466976135969162,0.09087227284908295,0.03335880860686302,0.05228365957736969
2024-08-25 22:25:55,와 맥라렌 차 존나 빠르네,ㄹㅇ,18,18.0,와 맥라렌 차 존나 빠르네 ㄹㅇ,와 맥라렌 차 존나 빠르네 ㄹㅇ,0.33894407749176025,0.19044701755046844,0.18625572323799133,0.12252895534038544,0.11103543639183044,0.050788797438144684
2024-08-25 22:25:57,대리스 ㅋㅋㅋㅋㅋ,ㅋㅋㅋㅋㅋ,18,18.0,대리스 ㅋㅋㅋㅋㅋ ㅋㅋㅋㅋㅋ,대리스 ㅋㅋㅋㅋㅋ ㅋㅋㅋㅋㅋ,0.07518225163221359,0.1230199784040451,0.6769689917564392,0.06442475318908691,0.023610975593328476,0.03679307550191879
2024-08-25 22:25:57,와 노짱,ㅅㅅ,18,18.0,와 노짱 ㅅㅅ,와 노짱 ㅅㅅ,0.07147808372974396,0.1218271255493164,0.6719362139701843,0.058047037571668625,0.029185162857174873,0.04752632603049278
2024-08-25 22:25:57,어케했노ㅋㅋㅋㅋㅋ,대리스,18,18.0,어케했노ㅋㅋㅋㅋㅋ 대리스,어케했노ㅋㅋㅋㅋㅋ 대리스,0.14483840763568878,0.18065647780895233,0.5348048806190491,0.058413248509168625,0.046163298189640045,0.03512363135814667
2024-08-25 22:25:58,ㅈㄴ빠르네ㅋㅋㅋㅋ,,19,19.0,ㅈㄴ빠르네ㅋㅋㅋㅋ ,ㅈㄴ빠르네ㅋㅋㅋㅋ,0.29441964626312256,0.2072085440158844,0.24284374713897705,0.114629365503788,0.09826537221670151,0.0426332987844944
2024-08-25 22:25:58,ㅋㅋㅋㅋㅋㅋ엪갤 여론뒤집히는가 한순간이노,- dc official App,19,19.0,ㅋㅋㅋㅋㅋㅋ엪갤 여론뒤집히는가 한순간이노 - dc official App,ㅋㅋㅋㅋㅋㅋ엪갤 여론뒤집히는가 한순간이노 - dc official App,0.2503030002117157,0.23328153789043427,0.3029886484146118,0.09430503100156784,0.08208011835813522,0.03704172000288963
2024-08-25 22:26:00,스타트 조졌는데 오쩔꼰데,"다시 딸건데
- dc official App",19,19.0,"스타트 조졌는데 오쩔꼰데 다시 딸건데
- dc official App",스타트 조졌는데 오쩔꼰데 다시 딸건데,0.18792353570461273,0.3159639835357666,0.09464272856712341,0.15144780278205872,0.10134664922952652,0.14867527782917023
2024-08-25 22:25:59,캬ㅑㅑㅑ,,19,19.0,캬ㅑㅑㅑ ,캬ㅑㅑㅑ,0.0943954586982727,0.13407012820243835,0.639482319355011,0.06746616959571838,0.027491405606269836,0.037094492465257645
2024-08-25 22:26:01,캬캬,캬,19,19.0,캬캬 캬,캬캬 캬,0.0666949599981308,0.12040591239929199,0.6877927184104919,0.06577204167842865,0.02090439386665821,0.038429975509643555
2024-08-25 22:26:02,슬립스트림 + DRS 속도감 개지리네ㅋㅋㅋ,,19,19.0,슬립스트림 + DRS 속도감 개지리네ㅋㅋㅋ ,슬립스트림 + DRS 속도감 개지리네ㅋㅋㅋ,0.12145491689443588,0.14696785807609558,0.6002041697502136,0.06483689695596695,0.03339165821671486,0.03314453735947609
2024-08-25 22:26:03,좆몽골 아웃 ㅅㅅㅅㅅㅅㅅㅅㅅ,ㅋㅋ,19,19.0,좆몽골 아웃 ㅅㅅㅅㅅㅅㅅㅅㅅ ㅋㅋ,좆몽골 아웃 ㅅㅅㅅㅅㅅㅅㅅㅅ ㅋㅋ,0.08387714624404907,0.12731501460075378,0.597555935382843,0.10689741373062134,0.03099909983575344,0.053355369716882706
2024-08-25 22:26:07,스타트 개조져도 사고안나면 노리스 우승한댓지ㅋㅋㅋ,"ㅋㅋㅋㅋ 황라렌
- dc official App",19,19.0,"스타트 개조져도 사고안나면 노리스 우승한댓지ㅋㅋㅋ ㅋㅋㅋㅋ 황라렌
- dc official App",스타트 개조져도 사고안나면 노리스 우승한댓지ㅋㅋㅋ ㅋㅋㅋㅋ 황라렌,0.17942653596401215,0.21411438286304474,0.2962002456188202,0.16067855060100555,0.07733242213726044,0.0722479447722435
2024-08-25 22:26:07,딸깍스 on,스타트 알빠노?,19,19.0,딸깍스 on 스타트 알빠노?,딸깍스 on 스타트 알빠노?,0.24729406833648682,0.23144850134849548,0.2540057599544525,0.12127342820167542,0.0608779639005661,0.08510024845600128
2024-08-25 22:26:08,차빨챔 vs 차빨 챔아님 ㅋㅋㅋㅋㅋㅋ,"재밌노
- dc official App",19,19.0,"차빨챔 vs 차빨 챔아님 ㅋㅋㅋㅋㅋㅋ 재밌노
- dc official App",차빨챔 vs 차빨 챔아님 ㅋㅋㅋㅋㅋㅋ 재밌노,0.0838383212685585,0.12660787999629974,0.6704545617103577,0.06291428953409195,0.023925932124257088,0.03225906565785408
2024-08-25 22:26:09,저 미친놈 또 노리스쪽으로 깔짝대노 ㅋㅋㅋ,십 ㅋㅋㅋ,19,19.0,저 미친놈 또 노리스쪽으로 깔짝대노 ㅋㅋㅋ 십 ㅋㅋㅋ,저 미친놈 또 노리스쪽으로 깔짝대노 ㅋㅋㅋ 십 ㅋㅋㅋ,0.15304681658744812,0.19037170708179474,0.1309039145708084,0.31763365864753723,0.07308732718229294,0.13495661318302155
2024-08-25 22:26:10,이 순위가 맞는건데 ㅋㅋ,이제 좀 지켜라 ㅋㅋ,19,19.0,이 순위가 맞는건데 ㅋㅋ 이제 좀 지켜라 ㅋㅋ,이 순위가 맞는건데 ㅋㅋ 이제 좀 지켜라 ㅋㅋ,0.18418915569782257,0.29929423332214355,0.08180901408195496,0.18219783902168274,0.09090223908424377,0.1616075038909912
2024-08-25 22:26:12,맥라렌미쳤노,"노리스보다 업데이트가 지리네
- dc official App",19,19.0,"맥라렌미쳤노 노리스보다 업데이트가 지리네
- dc official App",맥라렌미쳤노 노리스보다 업데이트가 지리네,0.32106512784957886,0.19750209152698517,0.12194465845823288,0.1635083109140396,0.1288503110408783,0.0671294704079628
2024-08-25 22:26:17,오피셜)신.jpg,올려,19,19.0,오피셜)신.jpg 올려,오피셜)신.jpg 올려,0.1392962783575058,0.16482050716876984,0.5309718251228333,0.07507573068141937,0.043072525411844254,0.046763207763433456
2024-08-25 22:26:21,노리스 우승 가나?,ㅈㅂㅈㅂ,19,19.0,노리스 우승 가나? ㅈㅂㅈㅂ,노리스 우승 가나? ㅈㅂㅈㅂ,0.12319944053888321,0.1560894250869751,0.5713809132575989,0.06606034934520721,0.04205724224448204,0.041212622076272964
2024-08-25 22:26:18,팩트) 노리스는 이제서야 지 자리로 돌아왔음,,19,19.0,팩트) 노리스는 이제서야 지 자리로 돌아왔음 ,팩트) 노리스는 이제서야 지 자리로 돌아왔음,0.13699734210968018,0.23832938075065613,0.39453697204589844,0.09749249368906021,0.05617004632949829,0.07647377997636795
2024-08-25 22:26:21,캬 대리스,- dc official App,19,19.0,캬 대리스 - dc official App,캬 대리스 - dc official App,0.12869417667388916,0.13953739404678345,0.6017929315567017,0.06786182522773743,0.027535129338502884,0.03457855060696602
2024-08-25 22:26:21,몽골 다시 올라올거 같은데,섹터 2 속도대로면 지금 상황 계속 반복될 듯,19,19.0,몽골 다시 올라올거 같은데 섹터 2 속도대로면 지금 상황 계속 반복될 듯,몽골 다시 올라올거 같은데 섹터 2 속도대로면 지금 상황 계속 반복될 듯,0.30624860525131226,0.25517094135284424,0.09423942118883133,0.1099194809794426,0.1006174087524414,0.13380418717861176
2024-08-25 22:26:22,병신 왜 6위냐,잘하고있다,19,19.0,병신 왜 6위냐 잘하고있다,병신 왜 6위냐 잘하고있다,0.14956353604793549,0.19780150055885315,0.44704076647758484,0.06969098746776581,0.07993310689926147,0.05597003549337387
2024-08-25 22:26:22,맥라렌 이제 박수도 안 치는데? ㅋㅋㅋㅋ,한 두명 치다가 마는데,19,19.0,맥라렌 이제 박수도 안 치는데? ㅋㅋㅋㅋ 한 두명 치다가 마는데,맥라렌 이제 박수도 안 치는데? ㅋㅋㅋㅋ 한 두명 치다가 마는데,0.24823561310768127,0.30054086446762085,0.08483321219682693,0.1677575260400772,0.10650232434272766,0.09213044494390488
2024-08-25 22:26:23,차빨챔 개같이 몰락,ㅋㅋ,19,19.0,차빨챔 개같이 몰락 ㅋㅋ,차빨챔 개같이 몰락 ㅋㅋ,0.1464148461818695,0.24999713897705078,0.3633687496185303,0.12352827191352844,0.04962135851383209,0.06706960499286652
2024-08-25 22:26:24,워아 삐완 삐완,"나이스 좝 메잇
- dc official App",19,19.0,"워아 삐완 삐완 나이스 좝 메잇
- dc official App",워아 삐완 삐완 나이스 좝 메잇,0.06643323600292206,0.108063705265522,0.706764817237854,0.055948276072740555,0.024616418406367302,0.038173459470272064
2024-08-25 22:26:32,페레즈 왜 역추월쇼 안함?,조용히 잘 버티네,19,19.0,페레즈 왜 역추월쇼 안함? 조용히 잘 버티네,페레즈 왜 역추월쇼 안함? 조용히 잘 버티네,0.3364289402961731,0.20672927796840668,0.14573664963245392,0.11671401560306549,0.13885140419006348,0.055539678782224655
2024-08-25 22:26:33,대라렌 유리스,,19,19.0,대라렌 유리스 ,대라렌 유리스,0.1355932503938675,0.17153729498386383,0.5283979773521423,0.0854535847902298,0.033207498490810394,0.04581039398908615
2024-08-25 22:26:39,요새 막징징 << 진짜 망한거노 ㅋㅋ,,19,19.0,요새 막징징 << 진짜 망한거노 ㅋㅋ ,요새 막징징 << 진짜 망한거노 ㅋㅋ,0.15710164606571198,0.3375226855278015,0.09536683559417725,0.1532129943370819,0.09961138665676117,0.1571844220161438
2024-08-25 22:26:42,노리스 점마는 스타트만 잘해도 챔 먹겠노,"ㄹㅇ 유일한 단점 수준이네
- dc official App",19,19.0,"노리스 점마는 스타트만 잘해도 챔 먹겠노 ㄹㅇ 유일한 단점 수준이네
- dc official App",노리스 점마는 스타트만 잘해도 챔 먹겠노 ㄹㅇ 유일한 단점 수준이네,0.3024722933769226,0.24665355682373047,0.0732007697224617,0.1571274697780609,0.11029542237520218,0.11025043576955795
2024-08-25 22:26:42,팩트는 진짜 차빨은 맥라렌이라는거임,네덜 상위권에서 추월 되는게 말이 안됨 ㅋㅋㅋㅋㅋㅋ,19,19.0,팩트는 진짜 차빨은 맥라렌이라는거임 네덜 상위권에서 추월 되는게 말이 안됨 ㅋㅋㅋㅋㅋㅋ,팩트는 진짜 차빨은 맥라렌이라는거임 네덜 상위권에서 추월 되는게 말이 안됨 ㅋㅋㅋㅋㅋㅋ,0.2806471586227417,0.2249801605939865,0.1206262931227684,0.16735461354255676,0.13640350103378296,0.06998823583126068
2024-08-25 22:26:47,피아제도 가자,쥬지따러가자,19,19.0,피아제도 가자 쥬지따러가자,피아제도 가자 쥬지따러가자,0.14843043684959412,0.15836046636104584,0.3804507553577423,0.1532452553510666,0.06250615417957306,0.09700694680213928
2024-08-25 22:26:49,그저 DRS 딸깍 ㅋㅋㅋㅋㅋ,DRS 없으면 겜 어케하노 ㅋㅋㅋㅋ,19,19.0,그저 DRS 딸깍 ㅋㅋㅋㅋㅋ DRS 없으면 겜 어케하노 ㅋㅋㅋㅋ,그저 DRS 딸깍 ㅋㅋㅋㅋㅋ DRS 없으면 겜 어케하노 ㅋㅋㅋㅋ,0.1861964911222458,0.2600533664226532,0.2395520955324173,0.17003679275512695,0.07410619407892227,0.0700550377368927
2024-08-25 22:26:49,몽선좍 OUT,정상화는 역시 누리스,19,19.0,몽선좍 OUT 정상화는 역시 누리스,몽선좍 OUT 정상화는 역시 누리스,0.07858236879110336,0.14341072738170624,0.5687403678894043,0.08138322830200195,0.04324828088283539,0.0846349447965622
2024-08-25 22:26:50,저새끼 순간 스트레이트에서 움찔한거보소,,19,19.0,저새끼 순간 스트레이트에서 움찔한거보소 ,저새끼 순간 스트레이트에서 움찔한거보소,0.30247509479522705,0.1988871991634369,0.128446564078331,0.17350777983665466,0.12923787534236908,0.0674455538392067
2024-08-25 22:26:52,난 직진이 좋아요 ㄷㄷ,1,19,19.0,난 직진이 좋아요 ㄷㄷ 1,난 직진이 좋아요 ㄷㄷ 1,0.10756269842386246,0.16545923054218292,0.5807751417160034,0.06408361345529556,0.04029184207320213,0.041827451437711716
2024-08-25 22:26:53,몽골 또 은근슬쩍 무빙쳤노 ㅋㅋㅋ,이새낀 걍 무빙이 패시브임 ㅋㅋ,19,19.0,몽골 또 은근슬쩍 무빙쳤노 ㅋㅋㅋ 이새낀 걍 무빙이 패시브임 ㅋㅋ,몽골 또 은근슬쩍 무빙쳤노 ㅋㅋㅋ 이새낀 걍 무빙이 패시브임 ㅋㅋ,0.23820814490318298,0.19423162937164307,0.09239253401756287,0.25599297881126404,0.09599125385284424,0.12318342924118042
2024-08-25 22:26:54,FIA 영국 드라이버 매수는 언제까지하냐,어이없노,19,19.0,FIA 영국 드라이버 매수는 언제까지하냐 어이없노,FIA 영국 드라이버 매수는 언제까지하냐 어이없노,0.14794810116291046,0.2998610734939575,0.11106104403734207,0.21632760763168335,0.0369146391749382,0.18788748979568481
2024-08-25 22:26:57,자이로캠 아이디어 낸 사람 상줘야 ㅋㅋ,보는 재미가 지림,19,19.0,자이로캠 아이디어 낸 사람 상줘야 ㅋㅋ 보는 재미가 지림,자이로캠 아이디어 낸 사람 상줘야 ㅋㅋ 보는 재미가 지림,0.08741618692874908,0.14349788427352905,0.6326072216033936,0.06921548396348953,0.03010869026184082,0.03715461865067482
2024-08-25 22:27:04,쁠랜 A 입갤ㅋㅋㅋㅋ,"ㅋㅋㅋㅋ
- dc official App",19,19.0,"쁠랜 A 입갤ㅋㅋㅋㅋ ㅋㅋㅋㅋ
- dc official App",쁠랜 A 입갤ㅋㅋㅋㅋ ㅋㅋㅋㅋ,0.07569172233343124,0.10427674651145935,0.7077162861824036,0.05575866997241974,0.02470133639872074,0.03185521438717842
2024-08-25 22:27:07,근데 노리스 따라잡는거 힘든거보면 차 차이는 거의 없는거같은데,진짜 노리스 각성했냐ㅋㅋㅋㅋㅋ,19,19.0,근데 노리스 따라잡는거 힘든거보면 차 차이는 거의 없는거같은데 진짜 노리스 각성했냐ㅋㅋㅋㅋㅋ,근데 노리스 따라잡는거 힘든거보면 차 차이는 거의 없는거같은데 진짜 노리스 각성했냐ㅋㅋㅋㅋㅋ,0.3221268355846405,0.23567402362823486,0.17816713452339172,0.10031821578741074,0.11819210648536682,0.045521680265665054
2024-08-25 22:27:10,좆아제는 저런 차 타고 페라리한테ㅠ따일락 말락 ㅉㅉ,,19,19.0,좆아제는 저런 차 타고 페라리한테ㅠ따일락 말락 ㅉㅉ ,좆아제는 저런 차 타고 페라리한테ㅠ따일락 말락 ㅉㅉ,0.20677243173122406,0.2226087898015976,0.08649102598428726,0.2284034639596939,0.09076125919818878,0.164963036775589
2024-08-25 22:27:16,민심돌리기 들어가는 신노짱,바로 그리드 정상화,20,20.0,민심돌리기 들어가는 신노짱 바로 그리드 정상화,민심돌리기 들어가는 신노짱 바로 그리드 정상화,0.19677329063415527,0.22006261348724365,0.3147844672203064,0.09838572889566422,0.0903155580163002,0.07967829704284668
2024-08-25 22:27:18,쁠랜에이 입갤,,20,20.0,쁠랜에이 입갤 ,쁠랜에이 입갤,0.11495350301265717,0.14210279285907745,0.6094864010810852,0.06431747227907181,0.03396204859018326,0.03517778590321541
2024-08-25 22:27:20,Fix your fu*cking car!!,"호평
- dc official App",20,20.0,"Fix your fu*cking car!! 호평
- dc official App",Fix your fu*cking car!! 호평,0.05489978566765785,0.1142321527004242,0.7055782675743103,0.05828993767499924,0.02444668486714363,0.042553167790174484
2024-08-25 22:27:23,레이스 4분의 1 하고 겨우 1위 복구 ㅋㅋ,진짜 개고생하노 그냥,20,20.0,레이스 4분의 1 하고 겨우 1위 복구 ㅋㅋ 진짜 개고생하노 그냥,레이스 4분의 1 하고 겨우 1위 복구 ㅋㅋ 진짜 개고생하노 그냥,0.14203986525535583,0.2648371160030365,0.09361017495393753,0.20902715623378754,0.0813235267996788,0.2091621607542038
2024-08-25 22:27:26,노리스 라디오 왤케 웃기냐 ㅋㅋㅋㅋㅋ,아이띵크엄ㅋㅋㅋㅋ,20,20.0,노리스 라디오 왤케 웃기냐 ㅋㅋㅋㅋㅋ 아이띵크엄ㅋㅋㅋㅋ,노리스 라디오 왤케 웃기냐 ㅋㅋㅋㅋㅋ 아이띵크엄ㅋㅋㅋㅋ,0.08046912401914597,0.12597092986106873,0.66938316822052,0.06060357019305229,0.02664473094046116,0.0369284488260746
2024-08-25 22:27:28,전략팀 이번엔 맞는거냐,하 ㅅㅂ,20,20.0,전략팀 이번엔 맞는거냐 하 ㅅㅂ,전략팀 이번엔 맞는거냐 하 ㅅㅂ,0.1517203152179718,0.2431056946516037,0.09071824699640274,0.20002350211143494,0.04972035437822342,0.2647119164466858
2024-08-25 22:27:32,우리경 아직도 소프트,타이어 장인 고트,20,20.0,우리경 아직도 소프트 타이어 장인 고트,우리경 아직도 소프트 타이어 장인 고트,0.0823725163936615,0.13354679942131042,0.6537322998046875,0.052467260509729385,0.03879786655306816,0.03908323124051094
2024-08-25 22:27:42,소프트로 바레인에서 20렙 가능하던 레드불 어디갔노 ㅋㅋㅋ,그땐 진짜 전승할줄알았지 ㅋㅋㅋ,20,20.0,소프트로 바레인에서 20렙 가능하던 레드불 어디갔노 ㅋㅋㅋ 그땐 진짜 전승할줄알았지 ㅋㅋㅋ,소프트로 바레인에서 20렙 가능하던 레드불 어디갔노 ㅋㅋㅋ 그땐 진짜 전승할줄알았지 ㅋㅋㅋ,0.22836235165596008,0.3057933747768402,0.17195381224155426,0.11333718150854111,0.11332135647535324,0.06723187118768692
2024-08-25 22:27:43,차빨크루징 호시절 안녕,ㅋㅋ,20,20.0,차빨크루징 호시절 안녕 ㅋㅋ,차빨크루징 호시절 안녕 ㅋㅋ,0.06929526478052139,0.14926014840602875,0.5725889801979065,0.0961182564496994,0.03486664965748787,0.07787072658538818
2024-08-25 22:27:46,물탕인 소프트 타고 아직도 날라댕기네,,20,20.0,물탕인 소프트 타고 아직도 날라댕기네 ,물탕인 소프트 타고 아직도 날라댕기네,0.2698935866355896,0.22450979053974152,0.2768809497356415,0.08931763470172882,0.09946013242006302,0.03993796929717064
2024-08-25 22:27:45,언더컷 드루와 ㅋㅋㅋㅋ,ㅋㅋㅋㅋ,20,20.0,언더컷 드루와 ㅋㅋㅋㅋ ㅋㅋㅋㅋ,언더컷 드루와 ㅋㅋㅋㅋ ㅋㅋㅋㅋ,0.06961125880479813,0.11006321012973785,0.7069178223609924,0.05543261393904686,0.023848067969083786,0.03412706404924393
2024-08-25 22:27:49,피아스트리가 영 힘을 못 쓰네,르끌 견제중이라 그런가,20,20.0,피아스트리가 영 힘을 못 쓰네 르끌 견제중이라 그런가,피아스트리가 영 힘을 못 쓰네 르끌 견제중이라 그런가,0.3116227388381958,0.27678197622299194,0.10862889140844345,0.11461230367422104,0.06854335218667984,0.11981075257062912
2024-08-25 22:27:51,프론트윙으로 툭치려는데 누리스가 더 치고나가서 못죽였네 ㅋㅋㅋ,맥라렌 차빨 장난아니긴하다 진짜 어뢰질도 피해지고,20,20.0,프론트윙으로 툭치려는데 누리스가 더 치고나가서 못죽였네 ㅋㅋㅋ 맥라렌 차빨 장난아니긴하다 진짜 어뢰질도 피해지고,프론트윙으로 툭치려는데 누리스가 더 치고나가서 못죽였네 ㅋㅋㅋ 맥라렌 차빨 장난아니긴하다 진짜 어뢰질도 피해지고,0.31814515590667725,0.22410500049591064,0.15233679115772247,0.11940497159957886,0.1252029538154602,0.06080510839819908
2024-08-25 22:27:52,아 이거 먼 재미로 봐  ㅎㅎ 맥스가 이긴건데 걍,"차빨로 밀어붙이네 ㅋㅋ
이럴거면 첨부터 걍 대충 밟아도 되잖어 ㅋㅋㅋ
내가 나가도 우슨하겠다 ㅋㅋㅋㅋㅌㅌㅌㅋ
- dc official App",20,20.0,"아 이거 먼 재미로 봐  ㅎㅎ 맥스가 이긴건데 걍 차빨로 밀어붙이네 ㅋㅋ
이럴거면 첨부터 걍 대충 밟아도 되잖어 ㅋㅋㅋ
내가 나가도 우슨하겠다 ㅋㅋㅋㅋㅌㅌㅌㅋ
- dc official App",아 이거 먼 재미로 봐 ㅎㅎ 맥스가 이긴건데 걍 차빨로 밀어붙이네 ㅋㅋ 이럴거면 첨부터 걍 대충 밟아도 되잖어 ㅋㅋㅋ 내가 나가도 우슨하겠다 ㅋㅋㅋㅋㅌㅌㅌㅋ,0.1514783501625061,0.30751433968544006,0.14713045954704285,0.19553303718566895,0.07092998176813126,0.1274137943983078
2024-08-25 22:27:59,자우버 2.4 ㅋㅋ,마이 늘었노 ㅋㅋㅋ,20,20.0,자우버 2.4 ㅋㅋ 마이 늘었노 ㅋㅋㅋ,자우버 2.4 ㅋㅋ 마이 늘었노 ㅋㅋㅋ,0.10836800187826157,0.15215148031711578,0.6187383532524109,0.05061624199151993,0.03875614330172539,0.03136980161070824
2024-08-25 22:28:00,자우버 2.4 뭐냐ㄷㄷㄷㄷ,ㄷㄷㄷㅈ,20,20.0,자우버 2.4 뭐냐ㄷㄷㄷㄷ ㄷㄷㄷㅈ,자우버 2.4 뭐냐ㄷㄷㄷㄷ ㄷㄷㄷㅈ,0.2309543639421463,0.26116472482681274,0.09689357131719589,0.17784316837787628,0.09560774266719818,0.13753648102283478
2024-08-25 22:27:59,자우버 2.4 ㅋㅋ,,20,20.0,자우버 2.4 ㅋㅋ ,자우버 2.4 ㅋㅋ,0.12299992144107819,0.17901243269443512,0.4860996901988983,0.11761453747749329,0.03983486071228981,0.05443853139877319
2024-08-25 22:28:01,타이어 징징 안 거리는게 월챔감이 아니노..,ㅇ,20,20.0,타이어 징징 안 거리는게 월챔감이 아니노.. ㅇ,타이어 징징 안 거리는게 월챔감이 아니노.. ㅇ,0.29373523592948914,0.25069817900657654,0.1154782846570015,0.13557177782058716,0.1369936466217041,0.06752289831638336
2024-08-25 22:28:02,영국드라이버는 매수안하면 1등을 못가노,ㅉㅉ,20,20.0,영국드라이버는 매수안하면 1등을 못가노 ㅉㅉ,영국드라이버는 매수안하면 1등을 못가노 ㅉㅉ,0.19980332255363464,0.27446070313453674,0.06912465393543243,0.18186675012111664,0.06434778869152069,0.21039679646492004
2024-08-25 22:28:02,와 자우버 2.4초ㅋㅋㅋ,,20,20.0,와 자우버 2.4초ㅋㅋㅋ ,와 자우버 2.4초ㅋㅋㅋ,0.21232272684574127,0.17912736535072327,0.4374162554740906,0.07913240790367126,0.05747692659497261,0.03452428802847862
2024-08-25 22:28:04,drs 레인지에서 관리한다,언더컷 준비중,20,20.0,drs 레인지에서 관리한다 언더컷 준비중,drs 레인지에서 관리한다 언더컷 준비중,0.12771642208099365,0.1614174097776413,0.5452538132667542,0.07478215545415878,0.04010802507400513,0.050722237676382065
2024-08-25 22:28:06,자우버 2.4초 치팅했농 ㅋㅋㅋ,,20,20.0,자우버 2.4초 치팅했농 ㅋㅋㅋ ,자우버 2.4초 치팅했농 ㅋㅋㅋ,0.10304415225982666,0.14206908643245697,0.616341769695282,0.06965503096580505,0.03244566544890404,0.036444343626499176
2024-08-25 22:28:11,자우버 2.4?,"뭐노
- dc official App",20,20.0,"자우버 2.4? 뭐노
- dc official App",자우버 2.4? 뭐노,0.34589236974716187,0.24201837182044983,0.12586143612861633,0.1134691908955574,0.08000796288251877,0.09275069832801819
2024-08-25 22:28:13,몽골 움찔한거보고 존나웃었다 ㅋㅋㅋㅋㅋ,ㅋㅋㅋㅋㅋㅋ습관나오노,20,20.0,몽골 움찔한거보고 존나웃었다 ㅋㅋㅋㅋㅋ ㅋㅋㅋㅋㅋㅋ습관나오노,몽골 움찔한거보고 존나웃었다 ㅋㅋㅋㅋㅋ ㅋㅋㅋㅋㅋㅋ습관나오노,0.151924267411232,0.20667901635169983,0.4734814167022705,0.08526527881622314,0.044309262186288834,0.038340769708156586
2024-08-25 22:28:14,레드불 타이어교체도 ㅈ박았는데 진짜 좆됐노 ㅋㅋ,ㅋㅋㅋ,20,20.0,레드불 타이어교체도 ㅈ박았는데 진짜 좆됐노 ㅋㅋ ㅋㅋㅋ,레드불 타이어교체도 ㅈ박았는데 진짜 좆됐노 ㅋㅋ ㅋㅋㅋ,0.14433979988098145,0.2986074686050415,0.10144506394863129,0.19075119495391846,0.0944003090262413,0.1704561412334442
2024-08-25 22:28:16,???:2.4잖아.......,- dc official App,20,20.0,???:2.4잖아....... - dc official App,???:2.4잖아....... - dc official App,0.28259503841400146,0.2890653908252716,0.11656703054904938,0.1260555535554886,0.08224199712276459,0.10347500443458557
2024-08-25 22:28:16,자우버 성장했노 ㅋㅋㅋㅋㅋㅋ,ㅋㅋㅋ,20,20.0,자우버 성장했노 ㅋㅋㅋㅋㅋㅋ ㅋㅋㅋ,자우버 성장했노 ㅋㅋㅋㅋㅋㅋ ㅋㅋㅋ,0.07426051050424576,0.11400875449180603,0.7041105628013611,0.04901149123907089,0.027890346944332123,0.030718309804797173
2024-08-25 22:28:17,그와중 자우버 2.6초,"얘네 약빨았냐 왜이럼 갑자기
- dc official App",20,20.0,"그와중 자우버 2.6초 얘네 약빨았냐 왜이럼 갑자기
- dc official App",그와중 자우버 2.6초 얘네 약빨았냐 왜이럼 갑자기,0.25718849897384644,0.25297483801841736,0.0920792743563652,0.18571144342422485,0.08730317652225494,0.12474282830953598
2024-08-25 22:28:19,여전히 치열하네 선두 ㅋㅋㅋㅋ,,20,20.0,여전히 치열하네 선두 ㅋㅋㅋㅋ ,여전히 치열하네 선두 ㅋㅋㅋㅋ,0.25714755058288574,0.21947728097438812,0.32222503423690796,0.08807342499494553,0.07896114140748978,0.034115538001060486
2024-08-25 22:28:20,지우버 이제 차만 고치면 되는wwwww,,20,20.0,지우버 이제 차만 고치면 되는wwwww ,지우버 이제 차만 고치면 되는wwwww,0.07733340561389923,0.15147772431373596,0.591690719127655,0.08225364238023758,0.035044122487306595,0.062200311571359634
2024-08-25 22:28:27,아니 물탕경 벌써 0.7초차네,다다음에 따이게ㅛ다,20,20.0,아니 물탕경 벌써 0.7초차네 다다음에 따이게ㅛ다,아니 물탕경 벌써 0.7초차네 다다음에 따이게ㅛ다,0.2896011471748352,0.2553725242614746,0.10605798661708832,0.12716497480869293,0.14703890681266785,0.07476446032524109
2024-08-25 22:28:30,차빨챔 꼬라지가 무리하다 쳐박을거같다,개긑이 전사,20,20.0,차빨챔 꼬라지가 무리하다 쳐박을거같다 개긑이 전사,차빨챔 꼬라지가 무리하다 쳐박을거같다 개긑이 전사,0.3076324760913849,0.20243345201015472,0.09037888050079346,0.16962280869483948,0.1220792829990387,0.10785309970378876
2024-08-25 22:28:30,“착각하고 있는거 같으니 말해 두겠는데”,따잇~,20,20.0,“착각하고 있는거 같으니 말해 두겠는데” 따잇~,“착각하고 있는거 같으니 말해 두겠는데” 따잇~,0.13465915620326996,0.2171233594417572,0.43192940950393677,0.09005353599786758,0.04636511951684952,0.07986938208341599
2024-08-25 22:28:37,ㄹㅇ 작년에 맥라렌 스트레이트 씹창이던팀 맞나,"존나빠른데 직선구간
- dc official App",21,21.0,"ㄹㅇ 작년에 맥라렌 스트레이트 씹창이던팀 맞나 존나빠른데 직선구간
- dc official App",ㄹㅇ 작년에 맥라렌 스트레이트 씹창이던팀 맞나 존나빠른데 직선구간,0.3325233459472656,0.21057505905628204,0.11191806197166443,0.1500590741634369,0.12951013445854187,0.06541433185338974
2024-08-25 22:28:44,애마 끝남?,"아는데....ㅠ
일말의 희망이..",21,21.0,"애마 끝남? 아는데....ㅠ
일말의 희망이..",애마 끝남? 아는데....ㅠ 일말의 희망이..,0.1849602311849594,0.32178735733032227,0.1135740876197815,0.1188063845038414,0.09483546763658524,0.16603650152683258
2024-08-25 22:28:46,근데 피아제는 타이어 아끼는거임?,"몽골도 따먹는 차인데
메르세데스 차를 못딸리가 없는데",21,21.0,"근데 피아제는 타이어 아끼는거임? 몽골도 따먹는 차인데
메르세데스 차를 못딸리가 없는데",근데 피아제는 타이어 아끼는거임? 몽골도 따먹는 차인데 메르세데스 차를 못딸리가 없는데,0.36379605531692505,0.2096528261899948,0.10326205939054489,0.13683223724365234,0.11840041726827621,0.0680563673377037
2024-08-25 22:28:50,해물탕 소프트로 달릴만 한가?,,21,21.0,해물탕 소프트로 달릴만 한가? ,해물탕 소프트로 달릴만 한가?,0.3021940588951111,0.23489801585674286,0.22770607471466064,0.08786753565073013,0.08409323543310165,0.06324107944965363
2024-08-25 22:28:52,위아째낑 ㅋㅋㅋㅋㅋ,ㅋㅋ,21,21.0,위아째낑 ㅋㅋㅋㅋㅋ ㅋㅋ,위아째낑 ㅋㅋㅋㅋㅋ ㅋㅋ,0.06958743184804916,0.11199001967906952,0.7046310901641846,0.05586492270231247,0.023321261629462242,0.03460520878434181
2024-08-25 22:28:55,브레이크??,개꿀잼?,21,21.0,브레이크?? 개꿀잼?,브레이크?? 개꿀잼?,0.11777482181787491,0.15456457436084747,0.5957537889480591,0.06169923394918442,0.03434203937649727,0.03586549311876297
2024-08-25 22:28:57,누가 goat임?,막스?,21,21.0,누가 goat임? 막스?,누가 goat임? 막스?,0.32087022066116333,0.22768187522888184,0.22689487040042877,0.09449457377195358,0.07783607393503189,0.05222240835428238
2024-08-25 22:28:59,치팅불 꼴이 좋아~,"피들같은 거 없었다며~
바뀐 거 없다며~
꼴이 좋아~",21,21.0,"치팅불 꼴이 좋아~ 피들같은 거 없었다며~
바뀐 거 없다며~
꼴이 좋아~",치팅불 꼴이 좋아~ 피들같은 거 없었다며~ 바뀐 거 없다며~ 꼴이 좋아~,0.07393762469291687,0.13752084970474243,0.608559787273407,0.08295752108097076,0.04117519035935402,0.05584901571273804
2024-08-25 22:29:00,[실시간] 요스 주유소 알아보는중 ㅋㅋㅋㅋㅋ,,21,21.0,[실시간] 요스 주유소 알아보는중 ㅋㅋㅋㅋㅋ ,[실시간] 요스 주유소 알아보는중 ㅋㅋㅋㅋㅋ,0.08523094654083252,0.13607561588287354,0.6432379484176636,0.06630801409482956,0.029776353389024734,0.03937108442187309
2024-08-25 22:29:03,위 아 쩨 낑 입갤ㅋㅋㅋ,,21,21.0,위 아 쩨 낑 입갤ㅋㅋㅋ ,위 아 쩨 낑 입갤ㅋㅋㅋ,0.081686832010746,0.10916639864444733,0.6917593479156494,0.057344309985637665,0.027651233598589897,0.03239180147647858
2024-08-25 22:29:04,경은 소프트 뽕뽑을 생각인갑네 ㅋㅋ,저놈까지 따고 갈아신는다 하고 있는데,21,21.0,경은 소프트 뽕뽑을 생각인갑네 ㅋㅋ 저놈까지 따고 갈아신는다 하고 있는데,경은 소프트 뽕뽑을 생각인갑네 ㅋㅋ 저놈까지 따고 갈아신는다 하고 있는데,0.26438015699386597,0.24367378652095795,0.15771740674972534,0.15681438148021698,0.12040767818689346,0.057006534188985825
2024-08-25 22:29:13,아니 진짜 맥라렌이야 페라리아,위아쩨킹 ㅋㅋ,21,21.0,아니 진짜 맥라렌이야 페라리아 위아쩨킹 ㅋㅋ,아니 진짜 맥라렌이야 페라리아 위아쩨킹 ㅋㅋ,0.18743544816970825,0.18343214690685272,0.4685048758983612,0.06919892877340317,0.06220204010605812,0.029226496815681458
2024-08-25 22:29:15,점점 벌어지노 ㅋㅋ,,21,21.0,점점 벌어지노 ㅋㅋ ,점점 벌어지노 ㅋㅋ,0.21148839592933655,0.2153664082288742,0.4006299078464508,0.07166264951229095,0.06702258437871933,0.033830057829618454
2024-08-25 22:29:30,❗+❗+가슬리 따일준비❗+❗+,,21,21.0,❗+❗+가슬리 따일준비❗+❗+ ,❗+❗+가슬리 따일준비❗+❗+,0.08727771043777466,0.13239797949790955,0.6225576400756836,0.08319278806447983,0.029641272500157356,0.04493262246251106
2024-08-25 22:29:38,맥라렌 : 위아쩨낑 ㅅㅂㅋㅋ,"바로 불안해지는 마법
아 그건 페라린가..",21,21.0,"맥라렌 : 위아쩨낑 ㅅㅂㅋㅋ 바로 불안해지는 마법
아 그건 페라린가..",맥라렌 : 위아쩨낑 ㅅㅂㅋㅋ 바로 불안해지는 마법 아 그건 페라린가..,0.23822714388370514,0.29768499732017517,0.08902206271886826,0.1326477974653244,0.11979430913925171,0.1226237341761589
2024-08-25 22:29:40,뭐야 언제 범위 벗어남,이번랩에 들어가겠는데,21,21.0,뭐야 언제 범위 벗어남 이번랩에 들어가겠는데,뭐야 언제 범위 벗어남 이번랩에 들어가겠는데,0.3040931820869446,0.2685833275318146,0.12269210815429688,0.11486995220184326,0.1129712387919426,0.0767902135848999
2024-08-25 22:29:46,경 미쳤네 ㅋㅋㅋㅋㅋ,,21,21.0,경 미쳤네 ㅋㅋㅋㅋㅋ ,경 미쳤네 ㅋㅋㅋㅋㅋ,0.10744889080524445,0.13327009975910187,0.6392286419868469,0.05846960470080376,0.031271032989025116,0.030311642214655876
2024-08-25 22:29:46,몽골이 나름 방어 잘 하고 있었던거네,확벌어지노,21,21.0,몽골이 나름 방어 잘 하고 있었던거네 확벌어지노,몽골이 나름 방어 잘 하고 있었던거네 확벌어지노,0.33829790353775024,0.21655426919460297,0.13542845845222473,0.11543314903974533,0.1331646889448166,0.061121515929698944
2024-08-25 22:29:50,맹라리ㅋㅋㅋㅋ,"쁠랜에이
위아쨐킹",22,22.0,"맹라리ㅋㅋㅋㅋ 쁠랜에이
위아쨐킹",맹라리ㅋㅋㅋㅋ 쁠랜에이 위아쨐킹,0.0746982991695404,0.11051737517118454,0.6996893286705017,0.05750610679388046,0.02420545369386673,0.033383503556251526
2024-08-25 22:29:52,페레즈 2.6초 씨발 ㅋㅋㅋㅋ,,22,22.0,페레즈 2.6초 씨발 ㅋㅋㅋㅋ ,페레즈 2.6초 씨발 ㅋㅋㅋㅋ,0.16762176156044006,0.2780406177043915,0.14277665317058563,0.22759808599948883,0.07782628387212753,0.10613657534122467
2024-08-25 22:29:54,물탕 소프트 언제까지 가냐?,"19랩달린거로 추월시도를 하네 ㅋㅋㅋ
- dc official App",22,22.0,"물탕 소프트 언제까지 가냐? 19랩달린거로 추월시도를 하네 ㅋㅋㅋ
- dc official App",물탕 소프트 언제까지 가냐? 19랩달린거로 추월시도를 하네 ㅋㅋㅋ,0.30576348304748535,0.23087303340435028,0.1104482039809227,0.17790073156356812,0.09469151496887207,0.08032307773828506
2024-08-25 22:29:56,삐완 삐완!!!!!!,"무서운 첼시 형아들..
- dc official App",22,22.0,"삐완 삐완!!!!!! 무서운 첼시 형아들..
- dc official App",삐완 삐완!!!!!! 무서운 첼시 형아들..,0.15396443009376526,0.1810137927532196,0.4992676377296448,0.06646460294723511,0.06362044811248779,0.03566911444067955
2024-08-25 22:29:59,가슬리 ㅠㅠ,,22,22.0,가슬리 ㅠㅠ ,가슬리 ㅠㅠ,0.16366925835609436,0.268205851316452,0.13698816299438477,0.14753131568431854,0.07609032094478607,0.20751507580280304
2024-08-25 22:30:01,경 추월쇼하네 ㅋㅋㅋ,,22,22.0,경 추월쇼하네 ㅋㅋㅋ ,경 추월쇼하네 ㅋㅋㅋ,0.23181220889091492,0.23449920117855072,0.2526554763317108,0.15308520197868347,0.06710752844810486,0.060840435326099396
2024-08-25 22:30:01,경의 추월 준비!!,,22,22.0,경의 추월 준비!! ,경의 추월 준비!!,0.08687783032655716,0.122394859790802,0.6652845144271851,0.05671928450465202,0.03337390720844269,0.035349614918231964
2024-08-25 22:30:08,근데 노리스맘들은 이제 진짜 몽골견들 보고 차빨 어쩌고 하면 안됨,전체적으론 MCL38이 지금 제일 강함 진짜로,22,22.0,근데 노리스맘들은 이제 진짜 몽골견들 보고 차빨 어쩌고 하면 안됨 전체적으론 MCL38이 지금 제일 강함 진짜로,근데 노리스맘들은 이제 진짜 몽골견들 보고 차빨 어쩌고 하면 안됨 전체적으론 MCL38이 지금 제일 강함 진짜로,0.2679101824760437,0.2984856367111206,0.15574122965335846,0.09787318855524063,0.08829842507839203,0.09169136732816696
2024-08-25 22:30:13,‼+‼+개지리는 서사 나왔노,주유소로 끌려가지 않기 위한 아들의 발악 ㄷㄷ,22,22.0,‼+‼+개지리는 서사 나왔노 주유소로 끌려가지 않기 위한 아들의 발악 ㄷㄷ,‼+‼+개지리는 서사 나왔노 주유소로 끌려가지 않기 위한 아들의 발악 ㄷㄷ,0.29783064126968384,0.19924896955490112,0.1601657122373581,0.14499089121818542,0.13928374648094177,0.05847996845841408
2024-08-25 22:30:20,라이브 이걸로 보면됨?,"https://www.youtube.com/live/PAcuhcrRPd0?si=gxgVVU1e0rzuB6dG
?F1 LIVE - Dutch GP RACE - Commentary   Live Timing
This is a Formula One (F1) live stream which has full live commentary and live timing data alongside a track map. It is the first F1 (Formula 1) Grand Prix t...
www.youtube.com
ㅇㅇ?",22,22.0,"라이브 이걸로 보면됨? https://www.youtube.com/live/PAcuhcrRPd0?si=gxgVVU1e0rzuB6dG
?F1 LIVE - Dutch GP RACE - Commentary   Live Timing
This is a Formula One (F1) live stream which has full live commentary and live timing data alongside a track map. It is the first F1 (Formula 1) Grand Prix t...
www.youtube.com
ㅇㅇ?",라이브 이걸로 보면됨? ?F1 LIVE - Dutch GP RACE - Commentary Live Timing This is a Formula One (F1) live stream which has full live commentary and live timing data alongside a track map. It is the first F1 (Formula 1) Grand Prix t... ㅇㅇ?,0.18124142289161682,0.16697531938552856,0.4830426275730133,0.08594243228435516,0.0379088819026947,0.04488929361104965
2024-08-25 22:30:26,조용히 치고올라가는 대물탕 ㅋㅋㅋ,- dc official App,22,22.0,조용히 치고올라가는 대물탕 ㅋㅋㅋ - dc official App,조용히 치고올라가는 대물탕 ㅋㅋㅋ - dc official App,0.06886965781450272,0.10421586781740189,0.714591383934021,0.05495673790574074,0.024191608652472496,0.03317475691437721
2024-08-25 22:30:41,깃발 펄럭이는거보소 ㅋㅋ 바람 미쳤네,ㄷㄷ,22,22.0,깃발 펄럭이는거보소 ㅋㅋ 바람 미쳤네 ㄷㄷ,깃발 펄럭이는거보소 ㅋㅋ 바람 미쳤네 ㄷㄷ,0.3141098916530609,0.20680373907089233,0.22970211505889893,0.10415229201316833,0.09782266616821289,0.04740928113460541
2024-08-25 22:30:43,계속 존나벌어지는데 황리스ㅋㅋㅋㅋ,"ㅋㅋㅋㅋ
- dc official App",22,22.0,"계속 존나벌어지는데 황리스ㅋㅋㅋㅋ ㅋㅋㅋㅋ
- dc official App",계속 존나벌어지는데 황리스ㅋㅋㅋㅋ ㅋㅋㅋㅋ,0.09241010993719101,0.16784828901290894,0.5815410017967224,0.07999873906373978,0.03474538028240204,0.04345645010471344
2024-08-25 22:30:44,그냥 거리 벌리고 타이어 관리하는거네,저건 많이 벌어졌는디,22,22.0,그냥 거리 벌리고 타이어 관리하는거네 저건 많이 벌어졌는디,그냥 거리 벌리고 타이어 관리하는거네 저건 많이 벌어졌는디,0.3397185504436493,0.2552577257156372,0.11050210148096085,0.11494532227516174,0.10539685189723969,0.0741795152425766
2024-08-25 22:30:45,눈나 ㅋㅋㅋㅋ,ㅋㅋㅋㅋ,22,22.0,눈나 ㅋㅋㅋㅋ ㅋㅋㅋㅋ,눈나 ㅋㅋㅋㅋ ㅋㅋㅋㅋ,0.07301658391952515,0.11780502647161484,0.6914750933647156,0.0559040904045105,0.026832077652215958,0.034967195242643356
2024-08-25 22:30:48,봤냐? 피트스탑은 이렇게 하는거다,걍 피트스탑 goat,22,22.0,봤냐? 피트스탑은 이렇게 하는거다 걍 피트스탑 goat,봤냐? 피트스탑은 이렇게 하는거다 걍 피트스탑 goat,0.2126924693584442,0.20178966224193573,0.16679197549819946,0.16978737711906433,0.10498152673244476,0.14395707845687866
2024-08-25 22:30:48,알본 엔진이슈 (자우버 팀라디오),- dc official App,22,22.0,알본 엔진이슈 (자우버 팀라디오) - dc official App,알본 엔진이슈 (자우버 팀라디오) - dc official App,0.2255425602197647,0.20842187106609344,0.37483906745910645,0.09787523746490479,0.037210218608379364,0.056111082434654236
2024-08-25 22:30:51,맥라렌 이 미친새끼들,차 존나 빠르네ㅋㅋㅋ,22,22.0,맥라렌 이 미친새끼들 차 존나 빠르네ㅋㅋㅋ,맥라렌 이 미친새끼들 차 존나 빠르네ㅋㅋㅋ,0.27147990465164185,0.1814887970685959,0.14436961710453033,0.20934131741523743,0.10814569890499115,0.08517463505268097
2024-08-25 22:30:53,맥라렌은 팀메대전 아니면 노잼되노..,"스타트는 조져놓고 딸깍으로 올라가서
징징도 없고 위아쩨낑도 노잼이고
역시 대라리다..",22,22.0,"맥라렌은 팀메대전 아니면 노잼되노.. 스타트는 조져놓고 딸깍으로 올라가서
징징도 없고 위아쩨낑도 노잼이고
역시 대라리다..",맥라렌은 팀메대전 아니면 노잼되노.. 스타트는 조져놓고 딸깍으로 올라가서 징징도 없고 위아쩨낑도 노잼이고 역시 대라리다..,0.18094035983085632,0.28625720739364624,0.07631909102201462,0.19445712864398956,0.07593080401420593,0.1860954463481903
2024-08-25 22:30:53,격차 존나벌어지네,"대라렌
- dc official App",22,22.0,"격차 존나벌어지네 대라렌
- dc official App",격차 존나벌어지네 대라렌,0.3165149688720703,0.2299649715423584,0.08859595656394958,0.14623837172985077,0.13088691234588623,0.0877988189458847
2024-08-25 22:30:54,대황끌 간다간다,ㅋㅋㅋ,22,22.0,대황끌 간다간다 ㅋㅋㅋ,대황끌 간다간다 ㅋㅋㅋ,0.06318192929029465,0.10728581994771957,0.7079084515571594,0.05688177049160004,0.026627982035279274,0.03811407834291458
2024-08-25 22:30:55,오 눈나…,- dc official App,22,22.0,오 눈나… - dc official App,오 눈나… - dc official App,0.07862710952758789,0.11995091289281845,0.6887637376785278,0.05003681778907776,0.030386071652173996,0.03223531320691109
2024-08-25 22:30:59,노막 2초 오,,22,22.0,노막 2초 오 ,노막 2초 오,0.3121951222419739,0.24247287213802338,0.20896625518798828,0.09690650552511215,0.09262347966432571,0.046835802495479584
2024-08-25 22:30:59,해물탕 소프트 영혼까지 빨아먹는중,ㄷㄷ,22,22.0,해물탕 소프트 영혼까지 빨아먹는중 ㄷㄷ,해물탕 소프트 영혼까지 빨아먹는중 ㄷㄷ,0.18457213044166565,0.2224939912557602,0.1110985055565834,0.21040086448192596,0.10136183351278305,0.17007264494895935
2024-08-25 22:31:00,피아제 이러다 르끌한테 따이겠는데?,뭐하누,22,22.0,피아제 이러다 르끌한테 따이겠는데? 뭐하누,피아제 이러다 르끌한테 따이겠는데? 뭐하누,0.3010144829750061,0.24790921807289124,0.08021025359630585,0.1357879638671875,0.11722009629011154,0.11785795539617538
2024-08-25 22:31:14,와 맥라렌 진짜 존나빠르노,ㅇㅇ,23,23.0,와 맥라렌 진짜 존나빠르노 ㅇㅇ,와 맥라렌 진짜 존나빠르노 ㅇㅇ,0.3366865813732147,0.19027116894721985,0.19223652780056,0.12153561413288116,0.11071299761533737,0.048557158559560776
2024-08-25 22:31:14,노리스 인터벌 2.2초 ㅋㅋㅋㅋㅋㅋㅋ,ㅋㅋ,23,23.0,노리스 인터벌 2.2초 ㅋㅋㅋㅋㅋㅋㅋ ㅋㅋ,노리스 인터벌 2.2초 ㅋㅋㅋㅋㅋㅋㅋ ㅋㅋ,0.1417122781276703,0.16108617186546326,0.5431776642799377,0.08317229896783829,0.03560454398393631,0.035247039049863815
2024-08-25 22:31:15,몽골 격차 쭉쭉 벌어지네,잘가라,23,23.0,몽골 격차 쭉쭉 벌어지네 잘가라,몽골 격차 쭉쭉 벌어지네 잘가라,0.29525992274284363,0.21395128965377808,0.15702980756759644,0.11928294599056244,0.1440446376800537,0.0704314187169075
2024-08-25 22:31:19,소프트-미디엄 1스탑 가능한가,음,23,23.0,소프트-미디엄 1스탑 가능한가 음,소프트-미디엄 1스탑 가능한가 음,0.3042793869972229,0.2250579297542572,0.23830513656139374,0.08799158036708832,0.07877389341592789,0.06559203565120697
2024-08-25 22:31:23,황라렌 얼마만에 보는거냐,드디어 정신 차렸나,23,23.0,황라렌 얼마만에 보는거냐 드디어 정신 차렸나,황라렌 얼마만에 보는거냐 드디어 정신 차렸나,0.13217046856880188,0.17797784507274628,0.5410593152046204,0.05424930900335312,0.05502411723136902,0.03951897844672203
2024-08-25 22:31:25,르끌 1초이내 거의 10바퀴째 아니냐,저래 달려도 괜찮음?,23,23.0,르끌 1초이내 거의 10바퀴째 아니냐 저래 달려도 괜찮음?,르끌 1초이내 거의 10바퀴째 아니냐 저래 달려도 괜찮음?,0.3061794936656952,0.217546746134758,0.10293085128068924,0.1572071760892868,0.1330503225326538,0.08308546245098114
2024-08-25 22:31:26,1랩에 무리스 따이는거보고 껐다 다시 켰는데,어케 잡은겨,23,23.0,1랩에 무리스 따이는거보고 껐다 다시 켰는데 어케 잡은겨,1랩에 무리스 따이는거보고 껐다 다시 켰는데 어케 잡은겨,0.2943720817565918,0.258856862783432,0.10574744641780853,0.14252571761608124,0.11531739681959152,0.0831804871559143
2024-08-25 22:31:28,물탕이도 4~5랩째 가슬리 못 제끼고 있는데,손해 꽤 있겠는데,23,23.0,물탕이도 4~5랩째 가슬리 못 제끼고 있는데 손해 꽤 있겠는데,물탕이도 4~5랩째 가슬리 못 제끼고 있는데 손해 꽤 있겠는데,0.32616761326789856,0.2670614421367645,0.11722732335329056,0.1012822836637497,0.10498201847076416,0.08327929675579071
2024-08-25 22:31:32,노리스 크루징 8초갭 피니쉬 예상합니다,"못따라감ㅋㅋㅋ
- dc official App",23,23.0,"노리스 크루징 8초갭 피니쉬 예상합니다 못따라감ㅋㅋㅋ
- dc official App",노리스 크루징 8초갭 피니쉬 예상합니다 못따라감ㅋㅋㅋ,0.2530463933944702,0.23611795902252197,0.26561620831489563,0.10731439292430878,0.06862854957580566,0.06927653402090073
2024-08-25 22:31:33,타이어 위스퍼러ㅋㅋ,ㅋㅋ,23,23.0,타이어 위스퍼러ㅋㅋ ㅋㅋ,타이어 위스퍼러ㅋㅋ ㅋㅋ,0.09032656252384186,0.12144099175930023,0.6608462333679199,0.06684014201164246,0.026759905740618706,0.03378615155816078
2024-08-25 22:31:33,몽골이 그나마 버틴게,"저단 가속도랑
코너에서 빨라서 그나마 버틴거냐",23,23.0,"몽골이 그나마 버틴게 저단 가속도랑
코너에서 빨라서 그나마 버틴거냐",몽골이 그나마 버틴게 저단 가속도랑 코너에서 빨라서 그나마 버틴거냐,0.262643039226532,0.30057960748672485,0.1024288460612297,0.12208716571331024,0.10227319598197937,0.10998807847499847
2024-08-25 22:31:35,노리스 뭐저리 빠르냐,,23,23.0,노리스 뭐저리 빠르냐 ,노리스 뭐저리 빠르냐,0.27541568875312805,0.21870803833007812,0.28388500213623047,0.09348563849925995,0.08352278918027878,0.044982846826314926
2024-08-25 22:31:41,대쥬지 타이어 슬슬 깎는거 같노,- dc official App,23,23.0,대쥬지 타이어 슬슬 깎는거 같노 - dc official App,대쥬지 타이어 슬슬 깎는거 같노 - dc official App,0.3017033040523529,0.26807230710983276,0.15645280480384827,0.10121878981590271,0.10519956052303314,0.06735324114561081
2024-08-25 22:31:51,맥은 스타트만 고치면 되는거냐?,존나빠르네 ㅋㅋㅋㅋ,23,23.0,맥은 스타트만 고치면 되는거냐? 존나빠르네 ㅋㅋㅋㅋ,맥은 스타트만 고치면 되는거냐? 존나빠르네 ㅋㅋㅋㅋ,0.3211376667022705,0.2060316801071167,0.16109175980091095,0.1380322426557541,0.12222891300916672,0.051477693021297455
2024-08-25 22:31:51,근데 물탕 소프트 22랩에 추월시도 맞노..?,들어가야겠는데,23,23.0,근데 물탕 소프트 22랩에 추월시도 맞노..? 들어가야겠는데,근데 물탕 소프트 22랩에 추월시도 맞노..? 들어가야겠는데,0.3346538245677948,0.2319481372833252,0.16244369745254517,0.10408526659011841,0.11066313087940216,0.05620597302913666
2024-08-25 22:31:54,피아스트리 왜 노쨩 올려치기 체코행동 중이냐 ㅋㅋㅋ,사기차 달고 러셀도 못 따더니 좆라리에 따이겠노 ㅋㅋㅋㅋㅋㅋㅋ,23,23.0,피아스트리 왜 노쨩 올려치기 체코행동 중이냐 ㅋㅋㅋ 사기차 달고 러셀도 못 따더니 좆라리에 따이겠노 ㅋㅋㅋㅋㅋㅋㅋ,피아스트리 왜 노쨩 올려치기 체코행동 중이냐 ㅋㅋㅋ 사기차 달고 러셀도 못 따더니 좆라리에 따이겠노 ㅋㅋㅋㅋㅋㅋㅋ,0.25362318754196167,0.20179206132888794,0.0931863784790039,0.242234006524086,0.10082761943340302,0.10833672434091568
2024-08-25 22:31:55,경 타이어 슬슬 갔나보네 ㅋㅋ,휘청휘청,23,23.0,경 타이어 슬슬 갔나보네 ㅋㅋ 휘청휘청,경 타이어 슬슬 갔나보네 ㅋㅋ 휘청휘청,0.3059908449649811,0.25149470567703247,0.11285530030727386,0.12856078147888184,0.12104659527540207,0.08005178719758987
2024-08-25 22:31:57,ㅈ끌레르 추월 한다 못한다?,내가 봣을때 피아제 끝까지 못넘을듯,23,23.0,ㅈ끌레르 추월 한다 못한다? 내가 봣을때 피아제 끝까지 못넘을듯,ㅈ끌레르 추월 한다 못한다? 내가 봣을때 피아제 끝까지 못넘을듯,0.37194034457206726,0.2100066989660263,0.09797733277082443,0.12412109225988388,0.10464903712272644,0.09130549430847168
2024-08-25 22:31:58,몽골 25랩쯤에 들어갈라나,,23,23.0,몽골 25랩쯤에 들어갈라나 ,몽골 25랩쯤에 들어갈라나,0.28382644057273865,0.24114948511123657,0.2295556217432022,0.09384647011756897,0.0803084596991539,0.07131350040435791
2024-08-25 22:32:07,해밀턴 스티어링휠 보정 왤케 많이 하노 ㅋㅋ,F14T인줄,23,23.0,해밀턴 스티어링휠 보정 왤케 많이 하노 ㅋㅋ F14T인줄,해밀턴 스티어링휠 보정 왤케 많이 하노 ㅋㅋ F14T인줄,0.2986598610877991,0.24346159398555756,0.11699271947145462,0.1619357019662857,0.1020168587565422,0.07693332433700562
2024-08-25 22:32:08,물탕 계속 흔드네,"타이어 끝났다
- dc official App",23,23.0,"물탕 계속 흔드네 타이어 끝났다
- dc official App",물탕 계속 흔드네 타이어 끝났다,0.11395978182554245,0.3594275712966919,0.12828537821769714,0.17877346277236938,0.06328457593917847,0.15626929700374603
2024-08-25 22:32:08,뮬탕이 타이어 이제 맛갔나보내,,23,23.0,뮬탕이 타이어 이제 맛갔나보내 ,뮬탕이 타이어 이제 맛갔나보내,0.3519646227359772,0.23109401762485504,0.10183601081371307,0.11743045598268509,0.10229317098855972,0.0953817293047905
2024-08-25 22:32:14,따잇당함....,"무서운 epl..
- dc official App",23,23.0,"따잇당함.... 무서운 epl..
- dc official App",따잇당함.... 무서운 epl..,0.28005215525627136,0.2297821342945099,0.1253436654806137,0.1419789046049118,0.13337667286396027,0.08946643024682999
2024-08-25 22:32:17,멕라렌 차 못만드는 놈들 아니였음?,현 엔지니어 1위임?,23,23.0,멕라렌 차 못만드는 놈들 아니였음? 현 엔지니어 1위임?,멕라렌 차 못만드는 놈들 아니였음? 현 엔지니어 1위임?,0.35617053508758545,0.200199156999588,0.10110718011856079,0.1584831029176712,0.11014073342084885,0.0738992914557457
2024-08-25 22:32:21,르클아 그러지마라....,,23,23.0,르클아 그러지마라.... ,르클아 그러지마라....,0.22944356501102448,0.2534236013889313,0.10484784841537476,0.14468879997730255,0.09681260585784912,0.17078353464603424
2024-08-25 22:32:22,페레즈는 3초 벌려지겠네 시발ㅋㅋ,,23,23.0,페레즈는 3초 벌려지겠네 시발ㅋㅋ ,페레즈는 3초 벌려지겠네 시발ㅋㅋ,0.2027585357427597,0.2212914377450943,0.10453371703624725,0.259881854057312,0.0880121961236,0.12352223694324493
2024-08-25 22:32:30,르끌 가자!!,,24,24.0,르끌 가자!! ,르끌 가자!!,0.0840517207980156,0.1283779889345169,0.6519227027893066,0.06092948839068413,0.031259313225746155,0.04345877468585968
2024-08-25 22:32:34,막노 언제 저리 벌어짐?,0초 후반 1초 초반 아니였음?,24,24.0,막노 언제 저리 벌어짐? 0초 후반 1초 초반 아니였음?,막노 언제 저리 벌어짐? 0초 후반 1초 초반 아니였음?,0.3530692756175995,0.2196725308895111,0.14024777710437775,0.1166481152176857,0.10736417025327682,0.06299813836812973
2024-08-25 22:32:48,맥라렌이 존나 빨라진건가 레드불이 병신된건가,둘다 같은데,24,24.0,맥라렌이 존나 빨라진건가 레드불이 병신된건가 둘다 같은데,맥라렌이 존나 빨라진건가 레드불이 병신된건가 둘다 같은데,0.3580935001373291,0.22156843543052673,0.10022237151861191,0.13382594287395477,0.09421406686306,0.09207573533058167
2024-08-25 22:32:49,여자인재풀이 저렇게 적음??,"F4 우승이  최초라고?
아이언 데임스나 무통 봤을때 치는 애들은 좀 치는줄 알았는데 오픈휠에서는 아닌가",24,24.0,"여자인재풀이 저렇게 적음?? F4 우승이  최초라고?
아이언 데임스나 무통 봤을때 치는 애들은 좀 치는줄 알았는데 오픈휠에서는 아닌가",여자인재풀이 저렇게 적음?? F4 우승이 최초라고? 아이언 데임스나 무통 봤을때 치는 애들은 좀 치는줄 알았는데 오픈휠에서는 아닌가,0.31421735882759094,0.23712195456027985,0.07948184758424759,0.1504226177930832,0.09905987977981567,0.11969640851020813
2024-08-25 22:32:53,누리스 우승 확정인거제?,"59살이라 이 시간이면 졸음 쏟아져
성남와서 초이스 하고 같이 잇는데도 짐 니무 졸리다
그만 빨어 꼬추 지워질듯
- dc official App",24,24.0,"누리스 우승 확정인거제? 59살이라 이 시간이면 졸음 쏟아져
성남와서 초이스 하고 같이 잇는데도 짐 니무 졸리다
그만 빨어 꼬추 지워질듯
- dc official App",누리스 우승 확정인거제? 59살이라 이 시간이면 졸음 쏟아져 성남와서 초이스 하고 같이 잇는데도 짐 니무 졸리다 그만 빨어 꼬추 지워질듯,0.15015439689159393,0.29468002915382385,0.18889498710632324,0.14337649941444397,0.11241235584020615,0.11048179119825363
2024-08-25 22:32:54,대황킹슬리 ㅋㅋㅋ,,24,24.0,대황킹슬리 ㅋㅋㅋ ,대황킹슬리 ㅋㅋㅋ,0.06465204060077667,0.1107979491353035,0.7087967991828918,0.057035334408283234,0.024492628872394562,0.03422527387738228
2024-08-25 22:32:58,가슬리가 행복했으면 좋겠어요,가슬리 팬은 아니지만 그냥... 그냥 행복했으면 좋겠어요,24,24.0,가슬리가 행복했으면 좋겠어요 가슬리 팬은 아니지만 그냥... 그냥 행복했으면 좋겠어요,가슬리가 행복했으면 좋겠어요 가슬리 팬은 아니지만 그냥... 그냥 행복했으면 좋겠어요,0.16465118527412415,0.19936418533325195,0.371690958738327,0.0862136036157608,0.08564005047082901,0.09244005382061005
2024-08-25 22:33:03,개물탕 가슬라 담굴려 했노ㅋㅋㅋㅋㅋ,,24,24.0,개물탕 가슬라 담굴려 했노ㅋㅋㅋㅋㅋ ,개물탕 가슬라 담굴려 했노ㅋㅋㅋㅋㅋ,0.23526260256767273,0.22018881142139435,0.10099918395280838,0.22303490340709686,0.12359552085399628,0.0969189926981926
2024-08-25 22:33:12,막노 언제 3초나 벌어진거냐,,24,24.0,막노 언제 3초나 벌어진거냐 ,막노 언제 3초나 벌어진거냐,0.28692540526390076,0.24528132379055023,0.11224346607923508,0.14490202069282532,0.11713921278715134,0.0935085192322731
2024-08-25 22:33:14,가슬리 오늘폼 알타리 시절,가즈아,24,24.0,가슬리 오늘폼 알타리 시절 가즈아,가슬리 오늘폼 알타리 시절 가즈아,0.0827101469039917,0.11929570883512497,0.673423707485199,0.05961577594280243,0.029408903792500496,0.03554573655128479
2024-08-25 22:33:15,체평르끌 못잡고 어리버리까고있네,병신아니랄까봐,24,24.0,체평르끌 못잡고 어리버리까고있네 병신아니랄까봐,체평르끌 못잡고 어리버리까고있네 병신아니랄까봐,0.2614261507987976,0.20784501731395721,0.08246522396802902,0.24032339453697205,0.08090898394584656,0.12703119218349457
2024-08-25 22:33:17,르끌 제발,,24,24.0,르끌 제발 ,르끌 제발,0.11547157168388367,0.2257899045944214,0.14675301313400269,0.2402239888906479,0.055442485958337784,0.21631896495819092
2024-08-25 22:33:20,담궈질뻔했네,어우,24,24.0,담궈질뻔했네 어우,담궈질뻔했네 어우,0.29605820775032043,0.21504758298397064,0.1198020726442337,0.15286090970039368,0.11913405358791351,0.09709714353084564
2024-08-25 22:33:27,배틀 재밌노ㅋㅋㅋ,ㅋ,24,24.0,배틀 재밌노ㅋㅋㅋ ㅋ,배틀 재밌노ㅋㅋㅋ ㅋ,0.07264576107263565,0.11860483139753342,0.6934877634048462,0.05626077950000763,0.023907972499728203,0.035092879086732864
2024-08-25 22:33:27,몽골은 걍 메르세데스로 가자,레드불 답도 없네 씨발,24,24.0,몽골은 걍 메르세데스로 가자 레드불 답도 없네 씨발,몽골은 걍 메르세데스로 가자 레드불 답도 없네 씨발,0.1284053772687912,0.20165644586086273,0.1028786227107048,0.2886398434638977,0.03958243876695633,0.23883724212646484
2024-08-25 22:33:28,아으 ㄲㅂ,,24,24.0,아으 ㄲㅂ ,아으 ㄲㅂ,0.09293076395988464,0.24982774257659912,0.22957216203212738,0.23181359469890594,0.045002277940511703,0.15085344016551971
2024-08-25 22:33:28,입문자인데 drs는 약간 궁극기같은 느낌인거임?,"자주 못씀?
- dc official App",24,24.0,"입문자인데 drs는 약간 궁극기같은 느낌인거임? 자주 못씀?
- dc official App",입문자인데 drs는 약간 궁극기같은 느낌인거임? 자주 못씀?,0.3351374864578247,0.25546103715896606,0.14413313567638397,0.09940528869628906,0.08993811905384064,0.07592493295669556
2024-08-25 22:33:31,둘이싸워라 ㅋㅋ,,24,24.0,둘이싸워라 ㅋㅋ ,둘이싸워라 ㅋㅋ,0.16170988976955414,0.23433741927146912,0.36910879611968994,0.12241169810295105,0.05493773892521858,0.05749448388814926
2024-08-25 22:33:32,어우 ㅅㅂ 깜짝이야,,24,24.0,어우 ㅅㅂ 깜짝이야 ,어우 ㅅㅂ 깜짝이야,0.21101008355617523,0.24426868557929993,0.29715126752853394,0.10909700393676758,0.0800371840596199,0.0584358274936676
2024-08-25 22:33:39,막징징 on,,24,24.0,막징징 on ,막징징 on,0.11991683393716812,0.22043846547603607,0.3863219916820526,0.13300751149654388,0.045691508799791336,0.09462372213602066
2024-08-25 22:33:41,멕레 페이스가 ㅅㅂ 치팅수준인데,"지혼자 퀄리파잉중이네 미친넘
- ORACLE RED BULL RACING RB20",24,24.0,"멕레 페이스가 ㅅㅂ 치팅수준인데 지혼자 퀄리파잉중이네 미친넘
- ORACLE RED BULL RACING RB20",멕레 페이스가 ㅅㅂ 치팅수준인데 지혼자 퀄리파잉중이네 미친넘 - ORACLE RED BULL RACING RB20,0.1494215726852417,0.2296123504638672,0.10770167410373688,0.29132160544395447,0.060602378100156784,0.1613403558731079
2024-08-25 22:33:42,막징징ㅋㅋㅋㅋ,- dc official App,25,25.0,막징징ㅋㅋㅋㅋ - dc official App,막징징ㅋㅋㅋㅋ - dc official App,0.08644566684961319,0.14979472756385803,0.6153861284255981,0.07519557327032089,0.029471155256032944,0.04370680823922157
2024-08-25 22:33:45,클린에어받자마자,"속도 걍 미쳤네
- dc official App",25,25.0,"클린에어받자마자 속도 걍 미쳤네
- dc official App",클린에어받자마자 속도 걍 미쳤네,0.19376400113105774,0.1957470029592514,0.4300310015678406,0.082026906311512,0.055621881037950516,0.04280921816825867
2024-08-25 22:33:46,레드불 좆망 입갤 ㅋㅋ,ㅋㅋ,25,25.0,레드불 좆망 입갤 ㅋㅋ ㅋㅋ,레드불 좆망 입갤 ㅋㅋ ㅋㅋ,0.14327791333198547,0.3260634243488312,0.18320047855377197,0.16799519956111908,0.06861019134521484,0.11085278540849686
2024-08-25 22:33:48,경 들어갔네,,25,25.0,경 들어갔네 ,경 들어갔네,0.19108152389526367,0.274690717458725,0.30926063656806946,0.08923254907131195,0.07376464456319809,0.06196989864110947
2024-08-25 22:33:50,우승선언 입갤 ㅋㅋㅋㅋㅋㅋ,,25,25.0,우승선언 입갤 ㅋㅋㅋㅋㅋㅋ ,우승선언 입갤 ㅋㅋㅋㅋㅋㅋ,0.07959464937448502,0.10932955890893936,0.6932507753372192,0.05652621388435364,0.028961945325136185,0.03233690559864044
2024-08-25 22:33:47,그와중에 츠노다는 레드불 인 간다고 시위하너 ㅋㅋㅋ,체황,25,25.0,그와중에 츠노다는 레드불 인 간다고 시위하너 ㅋㅋㅋ 체황,그와중에 츠노다는 레드불 인 간다고 시위하너 ㅋㅋㅋ 체황,0.25644856691360474,0.23800884187221527,0.12812967598438263,0.19031892716884613,0.10521620512008667,0.08187776803970337
2024-08-25 22:33:53,노콘은 언제 KMAG한테 따인거냐,진짜 어제 지랄한거처럼 차문제있나,25,25.0,노콘은 언제 KMAG한테 따인거냐 진짜 어제 지랄한거처럼 차문제있나,노콘은 언제 KMAG한테 따인거냐 진짜 어제 지랄한거처럼 차문제있나,0.24421334266662598,0.20866906642913818,0.0684380754828453,0.20663674175739288,0.07760787010192871,0.19443489611148834
2024-08-25 22:33:53,하드 물탕,,25,25.0,하드 물탕 ,하드 물탕,0.10735024511814117,0.21507181227207184,0.4679104685783386,0.10790880769491196,0.03274093568325043,0.069017693400383
2024-08-25 22:33:56,막스 개지랄 라디오 ㅋㅋㅋㅋ,ㅋㅋ,25,25.0,막스 개지랄 라디오 ㅋㅋㅋㅋ ㅋㅋ,막스 개지랄 라디오 ㅋㅋㅋㅋ ㅋㅋ,0.16488169133663177,0.24896083772182465,0.2616049647331238,0.18477074801921844,0.055822379887104034,0.08395935595035553
2024-08-25 22:33:55,징징징징징징 ㅋㅋㅋㅋㅋㅋㅋ,,25,25.0,징징징징징징 ㅋㅋㅋㅋㅋㅋㅋ ,징징징징징징 ㅋㅋㅋㅋㅋㅋㅋ,0.10983267426490784,0.235215425491333,0.38292643427848816,0.14748075604438782,0.04659299552440643,0.07795173674821854
2024-08-25 22:33:57,해물탕 소프트 드디어 뒤졌나보네,,25,25.0,해물탕 소프트 드디어 뒤졌나보네 ,해물탕 소프트 드디어 뒤졌나보네,0.31477564573287964,0.22053810954093933,0.08930101245641708,0.15269851684570312,0.13051097095012665,0.09217572212219238
2024-08-25 22:33:57,르끌 차성능차땜에 못넘나? ㅋㅋㅋ,그냥 안되는거 drs빨로 간신히 따라가고 있는 느낌드는데,25,25.0,르끌 차성능차땜에 못넘나? ㅋㅋㅋ 그냥 안되는거 drs빨로 간신히 따라가고 있는 느낌드는데,르끌 차성능차땜에 못넘나? ㅋㅋㅋ 그냥 안되는거 drs빨로 간신히 따라가고 있는 느낌드는데,0.31280237436294556,0.2640281319618225,0.07794534415006638,0.13775962591171265,0.09318839013576508,0.11427614837884903
2024-08-25 22:33:59,막스 차가 구리다 선언,ㅋㅋㅋㅋㅋㅋㅋ,25,25.0,막스 차가 구리다 선언 ㅋㅋㅋㅋㅋㅋㅋ,막스 차가 구리다 선언 ㅋㅋㅋㅋㅋㅋㅋ,0.28283751010894775,0.2799314558506012,0.07928325980901718,0.16165326535701752,0.10070529580116272,0.09558917582035065
2024-08-25 22:33:59,경의 피트스탑,,25,25.0,경의 피트스탑 ,경의 피트스탑,0.24543346464633942,0.2610226571559906,0.24633371829986572,0.127231627702713,0.04357491806149483,0.07640358060598373
2024-08-25 22:34:01,몽골 랩당 0.4초씩 벌어짐ㅋㅋㅋ,"ㅋㅋㅋ
- dc official App",25,25.0,"몽골 랩당 0.4초씩 벌어짐ㅋㅋㅋ ㅋㅋㅋ
- dc official App",몽골 랩당 0.4초씩 벌어짐ㅋㅋㅋ ㅋㅋㅋ,0.1663466840982437,0.1986694186925888,0.4553850591182709,0.09209823608398438,0.04699709266424179,0.04050345718860626
2024-08-25 22:34:05,러셀 얘는 진짜 잘 모나보네,순수실력을 헤밀턴 제치고 1옵션이네,25,25.0,러셀 얘는 진짜 잘 모나보네 순수실력을 헤밀턴 제치고 1옵션이네,러셀 얘는 진짜 잘 모나보네 순수실력을 헤밀턴 제치고 1옵션이네,0.3069259822368622,0.20888113975524902,0.2254655510187149,0.09821309894323349,0.11766889691352844,0.04284534603357315
2024-08-25 22:34:07,2.7 시발,"진짜 왜그러니
- dc official App",25,25.0,"2.7 시발 진짜 왜그러니
- dc official App",2.7 시발 진짜 왜그러니,0.12628485262393951,0.19869019091129303,0.10750383138656616,0.3004014492034912,0.045090314000844955,0.22202932834625244
2024-08-25 22:34:16,몽골  아무로 레이였노,,25,25.0,몽골  아무로 레이였노 ,몽골 아무로 레이였노,0.33371710777282715,0.2515588402748108,0.15276160836219788,0.10515713691711426,0.10577227920293808,0.051032986491918564
2024-08-25 22:34:19,걍 무리스 우승선언해도 되겠노,,25,25.0,걍 무리스 우승선언해도 되겠노 ,걍 무리스 우승선언해도 되겠노,0.2727106809616089,0.23378539085388184,0.19089645147323608,0.10203753411769867,0.13071788847446442,0.06985205411911011
2024-08-25 22:34:22,막스 ㅅㅂㅋㅋ 무슨 아무로 레이냐,차가 반응을 안하다니 ㅋㅋㅋㅋ 마그네틱 코팅이라도 해야하냐,25,25.0,막스 ㅅㅂㅋㅋ 무슨 아무로 레이냐 차가 반응을 안하다니 ㅋㅋㅋㅋ 마그네틱 코팅이라도 해야하냐,막스 ㅅㅂㅋㅋ 무슨 아무로 레이냐 차가 반응을 안하다니 ㅋㅋㅋㅋ 마그네틱 코팅이라도 해야하냐,0.19111444056034088,0.2503061294555664,0.08662567287683487,0.23380500078201294,0.06839822232723236,0.16975057125091553
2024-08-25 22:34:22,소프트로 24랩 버틴거면 ㅈㄴ 잘하는거 아니냐,- dc official App,25,25.0,소프트로 24랩 버틴거면 ㅈㄴ 잘하는거 아니냐 - dc official App,소프트로 24랩 버틴거면 ㅈㄴ 잘하는거 아니냐 - dc official App,0.19910603761672974,0.20675644278526306,0.36592787504196167,0.08356442302465439,0.0759894847869873,0.06865566968917847
2024-08-25 22:34:23,해머타임 2번째 on 하겠네,끝날때까지 추월 몇명을 하려나,25,25.0,해머타임 2번째 on 하겠네 끝날때까지 추월 몇명을 하려나,해머타임 2번째 on 하겠네 끝날때까지 추월 몇명을 하려나,0.3081584870815277,0.23840618133544922,0.1794710010290146,0.10547066479921341,0.09021472185850143,0.07827892154455185
2024-08-25 22:34:25,쥬지가 막스따긴 무린가?,타이어깎는 중인거 같긴한데,25,25.0,쥬지가 막스따긴 무린가? 타이어깎는 중인거 같긴한데,쥬지가 막스따긴 무린가? 타이어깎는 중인거 같긴한데,0.3543124496936798,0.22572317719459534,0.1503945291042328,0.10268326848745346,0.10794568061828613,0.058940913528203964
2024-08-25 22:34:25,이제 4초 차,,25,25.0,이제 4초 차 ,이제 4초 차,0.21522274613380432,0.2519664168357849,0.3325793743133545,0.08742985874414444,0.06566943973302841,0.0471322238445282
2024-08-25 22:34:29,몽골 시발 징징 못들어주겠네,라디오로 왜 지랄이냐,25,25.0,몽골 시발 징징 못들어주겠네 라디오로 왜 지랄이냐,몽골 시발 징징 못들어주겠네 라디오로 왜 지랄이냐,0.11032373458147049,0.22008821368217468,0.15885977447032928,0.29956361651420593,0.04500367119908333,0.16616100072860718
2024-08-25 22:34:29,몽골견들 이제 한번 따잇당햇다고 맥차빨소리하는거 봐라,내로남불 징하다 징해,25,25.0,몽골견들 이제 한번 따잇당햇다고 맥차빨소리하는거 봐라 내로남불 징하다 징해,몽골견들 이제 한번 따잇당햇다고 맥차빨소리하는거 봐라 내로남불 징하다 징해,0.17314590513706207,0.16740895807743073,0.09587837010622025,0.29953256249427795,0.05925930663943291,0.2047749012708664
2024-08-25 22:34:34,26년부터 drs없어지면 비슷한게 뭐가 생김?,"drs없어지고
비슷한 기능하는게 뭐가 생김??
FE처럼 부스터 생김????",25,25.0,"26년부터 drs없어지면 비슷한게 뭐가 생김? drs없어지고
비슷한 기능하는게 뭐가 생김??
FE처럼 부스터 생김????",26년부터 drs없어지면 비슷한게 뭐가 생김? drs없어지고 비슷한 기능하는게 뭐가 생김?? FE처럼 부스터 생김????,0.33197230100631714,0.2346573919057846,0.15326696634292603,0.10635959357023239,0.09293907880783081,0.08080465346574783
2024-08-25 22:34:38,노리스 애미애비 쳐뒤졌으면 ㅋㅋ,병신차빨새끼,25,25.0,노리스 애미애비 쳐뒤졌으면 ㅋㅋ 병신차빨새끼,노리스 애미애비 쳐뒤졌으면 ㅋㅋ 병신차빨새끼,0.15812934935092926,0.1585458368062973,0.15827380120754242,0.29809632897377014,0.05108223482966423,0.1758725494146347
2024-08-25 22:34:39,4초대면 지금 들어가서 도박걸어야할거같은데,ㅇㅅㅇ,25,25.0,4초대면 지금 들어가서 도박걸어야할거같은데 ㅇㅅㅇ,4초대면 지금 들어가서 도박걸어야할거같은데 ㅇㅅㅇ,0.271151065826416,0.2638252079486847,0.19639243185520172,0.09566570818424225,0.10583781450986862,0.0671277642250061
2024-08-25 22:34:40,퀄리에서 0.3초갭 내고 폴딴차임ㅋㅋㅋ,"지금도 랩당 그정도갭 내버리는중ㅋㅋㅋ
- dc official App",25,25.0,"퀄리에서 0.3초갭 내고 폴딴차임ㅋㅋㅋ 지금도 랩당 그정도갭 내버리는중ㅋㅋㅋ
- dc official App",퀄리에서 0.3초갭 내고 폴딴차임ㅋㅋㅋ 지금도 랩당 그정도갭 내버리는중ㅋㅋㅋ,0.2463751882314682,0.22961390018463135,0.23339620232582092,0.13868378102779388,0.09942080825567245,0.052510134875774384
2024-08-25 22:34:40,르끌아 힘내자...,,25,25.0,르끌아 힘내자... ,르끌아 힘내자...,0.1811811327934265,0.20150962471961975,0.3560960292816162,0.08678382635116577,0.07994434237480164,0.09448504447937012
2024-08-25 22:34:47,애마는 어디까지 병신임,패독야스남 한명 못잡고 꺼드럭대노,25,25.0,애마는 어디까지 병신임 패독야스남 한명 못잡고 꺼드럭대노,애마는 어디까지 병신임 패독야스남 한명 못잡고 꺼드럭대노,0.280807226896286,0.19806860387325287,0.07263389974832535,0.21608974039554596,0.08788353949785233,0.1445169597864151
2024-08-25 22:34:53,미끌레 언더컷가나연!!!!!!!!,- dc official App,25,25.0,미끌레 언더컷가나연!!!!!!!! - dc official App,미끌레 언더컷가나연!!!!!!!! - dc official App,0.07570897042751312,0.1108081191778183,0.6988314390182495,0.05780298262834549,0.024645982310175896,0.032202448695898056
2024-08-25 22:34:54,르끌 2.4초,- dc official App,25,25.0,르끌 2.4초 - dc official App,르끌 2.4초 - dc official App,0.22475367784500122,0.22180789709091187,0.3499455451965332,0.1051177829504013,0.04106619581580162,0.05730880796909332
2024-08-25 22:34:57,한번만 도와주세요..,,25,25.0,한번만 도와주세요.. ,한번만 도와주세요..,0.17157426476478577,0.22064679861068726,0.317183256149292,0.09806867688894272,0.07656096667051315,0.11596604436635971
2024-08-25 22:35:03,와 시발 페라리가 2.4?,,26,26.0,와 시발 페라리가 2.4? ,와 시발 페라리가 2.4?,0.29006603360176086,0.2101307064294815,0.10368964076042175,0.18172460794448853,0.12057340890169144,0.09381560236215591
2024-08-25 22:35:10,쥬지 뽁스,ㅇ,26,26.0,쥬지 뽁스 ㅇ,쥬지 뽁스 ㅇ,0.09247791022062302,0.122175432741642,0.6647222638130188,0.060390301048755646,0.026626644656062126,0.03360748291015625
2024-08-25 22:35:13,피아제 러셀딸수있을까,"궁금하네
- dc official App",26,26.0,"피아제 러셀딸수있을까 궁금하네
- dc official App",피아제 러셀딸수있을까 궁금하네,0.3211701214313507,0.20161746442317963,0.24585671722888947,0.09187895804643631,0.08343963325023651,0.056037116795778275
2024-08-25 22:35:13,러셀 들어오네,,26,26.0,러셀 들어오네 ,러셀 들어오네,0.07509084790945053,0.12662465870380402,0.679959237575531,0.05465514212846756,0.026726946234703064,0.036943208426237106
2024-08-25 22:35:20,르끌 원스탑 가겠네,이게 4위 각 떴냐,26,26.0,르끌 원스탑 가겠네 이게 4위 각 떴냐,르끌 원스탑 가겠네 이게 4위 각 떴냐,0.3000601530075073,0.265341192483902,0.07846754789352417,0.13888487219810486,0.11465826630592346,0.10258790850639343
2024-08-25 22:35:20,하드로 나머지트랙 가능?,한번 더들어가나,26,26.0,하드로 나머지트랙 가능? 한번 더들어가나,하드로 나머지트랙 가능? 한번 더들어가나,0.28973519802093506,0.2240450084209442,0.2554047405719757,0.08367866277694702,0.09178026020526886,0.05535607412457466
2024-08-25 22:35:31,르끌 왠일로 빨리 들어오냐,맨날 셒카 도박 노리더니,26,26.0,르끌 왠일로 빨리 들어오냐 맨날 셒카 도박 노리더니,르끌 왠일로 빨리 들어오냐 맨날 셒카 도박 노리더니,0.2035515308380127,0.27629706263542175,0.25215962529182434,0.09233660995960236,0.10419352352619171,0.07146168500185013
2024-08-25 22:35:38,멀다 ㅋㅋㅋㅋㅋㅋ,레드불 꼴이 좋아~,26,26.0,멀다 ㅋㅋㅋㅋㅋㅋ 레드불 꼴이 좋아~,멀다 ㅋㅋㅋㅋㅋㅋ 레드불 꼴이 좋아~,0.057861339300870895,0.10543374717235565,0.7190903425216675,0.05232689529657364,0.025310005992650986,0.03997764736413956
2024-08-25 22:35:38,4.8 ㅋㅋㅋㅋ,,26,26.0,4.8 ㅋㅋㅋㅋ ,4.8 ㅋㅋㅋㅋ,0.21324804425239563,0.24909695982933044,0.2638382017612457,0.1481715589761734,0.06575946509838104,0.059885792434215546
2024-08-25 22:35:55,계속 벌어지노 ㅋㅋㅋㅋㅋ,ㅋㅋㅋㅋㅋㅋㅋ,26,26.0,계속 벌어지노 ㅋㅋㅋㅋㅋ ㅋㅋㅋㅋㅋㅋㅋ,계속 벌어지노 ㅋㅋㅋㅋㅋ ㅋㅋㅋㅋㅋㅋㅋ,0.13938824832439423,0.19502489268779755,0.5089933276176453,0.07784822583198547,0.041830454021692276,0.03691485896706581
2024-08-25 22:35:58,잠깐 나갔다왔는데 언제 다시 누리스가 력전함?,머고,26,26.0,잠깐 나갔다왔는데 언제 다시 누리스가 력전함? 머고,잠깐 나갔다왔는데 언제 다시 누리스가 력전함? 머고,0.33127516508102417,0.23326009511947632,0.1466977745294571,0.11764614284038544,0.09054411202669144,0.08057670295238495
2024-08-25 22:36:01,좆메르 애미씨발련들아,아,26,26.0,좆메르 애미씨발련들아 아,좆메르 애미씨발련들아 아,0.13309234380722046,0.15278463065624237,0.17270877957344055,0.30921226739883423,0.04556918144226074,0.18663270771503448
2024-08-25 22:36:02,네덜이 원스탑이 되나용,"진짜 모름 ..
- dc official App",26,26.0,"네덜이 원스탑이 되나용 진짜 모름 ..
- dc official App",네덜이 원스탑이 되나용 진짜 모름 ..,0.3081386089324951,0.26201391220092773,0.10590868443250656,0.11625419557094574,0.1084217056632042,0.09926290810108185
2024-08-25 22:36:03,좆르 ㅋㅋ,,26,26.0,좆르 ㅋㅋ ,좆르 ㅋㅋ,0.07718884199857712,0.12963831424713135,0.6584529876708984,0.07210306078195572,0.026635676622390747,0.03598114475607872
2024-08-25 22:36:04,3.4 ㅋㅋㅋㅋㅋㅋㅋ,,26,26.0,3.4 ㅋㅋㅋㅋㅋㅋㅋ ,3.4 ㅋㅋㅋㅋㅋㅋㅋ,0.2516789138317108,0.2518957257270813,0.18436475098133087,0.16344791650772095,0.08021416515111923,0.06839848309755325
2024-08-25 22:36:05,3.4가 뭐냐ㅡㅡ,,26,26.0,3.4가 뭐냐ㅡㅡ ,3.4가 뭐냐ㅡㅡ,0.1467522829771042,0.2515655755996704,0.09996911138296127,0.25729238986968994,0.042131952941417694,0.2022886723279953
2024-08-25 22:36:05,아오ㅅㅂㅋㅋ,- dc official App,26,26.0,아오ㅅㅂㅋㅋ - dc official App,아오ㅅㅂㅋㅋ - dc official App,0.14187949895858765,0.19910429418087006,0.2050902545452118,0.2921944558620453,0.05337447673082352,0.10835698246955872
2024-08-25 22:36:05,3.4 ㅋㅋㅋ,,26,26.0,3.4 ㅋㅋㅋ ,3.4 ㅋㅋㅋ,0.2351999431848526,0.26149892807006836,0.20467400550842285,0.15917716920375824,0.07254867255687714,0.06690135598182678
2024-08-25 22:36:06,막스 제낀지 4랩됐나,5초 차이 뭐임,26,26.0,막스 제낀지 4랩됐나 5초 차이 뭐임,막스 제낀지 4랩됐나 5초 차이 뭐임,0.29491379857063293,0.2755807340145111,0.09384579956531525,0.15525147318840027,0.07653950899839401,0.10386863350868225
2024-08-25 22:36:06,베르스타펜이 러셀하고 6초 넘기는거보면 느린건 아닌데,걍 맥라렌이 존나 빠르네,26,26.0,베르스타펜이 러셀하고 6초 넘기는거보면 느린건 아닌데 걍 맥라렌이 존나 빠르네,베르스타펜이 러셀하고 6초 넘기는거보면 느린건 아닌데 걍 맥라렌이 존나 빠르네,0.34970623254776,0.2308991253376007,0.12683744728565216,0.12287604808807373,0.11006832122802734,0.05961289629340172
2024-08-25 22:36:06,쿠플해설 처음 들어보는데 괜찮네,목소리도 좋고 내용도 ㄱ알차고,26,26.0,쿠플해설 처음 들어보는데 괜찮네 목소리도 좋고 내용도 ㄱ알차고,쿠플해설 처음 들어보는데 괜찮네 목소리도 좋고 내용도 ㄱ알차고,0.10239442437887192,0.16560007631778717,0.599186360836029,0.05335445702075958,0.043820980936288834,0.035643693059682846
2024-08-25 22:36:07,쥬지 3.4초 폭망ㅋㅋㅋㅋ,- dc official App,26,26.0,쥬지 3.4초 폭망ㅋㅋㅋㅋ - dc official App,쥬지 3.4초 폭망ㅋㅋㅋㅋ - dc official App,0.1845778375864029,0.35249972343444824,0.12103735655546188,0.14195841550827026,0.06805865466594696,0.1318679302930832
2024-08-25 22:36:08,지금 상황 설명 좀,모고 풀다 방금 보기 시작함,26,26.0,지금 상황 설명 좀 모고 풀다 방금 보기 시작함,지금 상황 설명 좀 모고 풀다 방금 보기 시작함,0.26634058356285095,0.2422511875629425,0.2759426236152649,0.0852847620844841,0.0787578821182251,0.05142301321029663
2024-08-25 22:36:08,3.4 ㅋㅋㅋㅋㅋㅋ,,26,26.0,3.4 ㅋㅋㅋㅋㅋㅋ ,3.4 ㅋㅋㅋㅋㅋㅋ,0.25828874111175537,0.24788717925548553,0.17203350365161896,0.16830915212631226,0.0825737789273262,0.07090768963098526
2024-08-25 22:36:09,자우버행동ㅋㅋㅋㅋ,ㅋㅋㅋㅋ,26,26.0,자우버행동ㅋㅋㅋㅋ ㅋㅋㅋㅋ,자우버행동ㅋㅋㅋㅋ ㅋㅋㅋㅋ,0.10266582667827606,0.1294480562210083,0.6392053961753845,0.07011118531227112,0.026115866377949715,0.03245367482304573
2024-08-25 22:36:10,3.4? ㅋㅋ,,26,26.0,3.4? ㅋㅋ ,3.4? ㅋㅋ,0.2786269783973694,0.24213199317455292,0.1087186336517334,0.18104767799377441,0.08542788028717041,0.10404681414365768
2024-08-25 22:36:10,러셀 좆망 ㅋㅋㅋㅋㅋ,,26,26.0,러셀 좆망 ㅋㅋㅋㅋㅋ ,러셀 좆망 ㅋㅋㅋㅋㅋ,0.15294167399406433,0.31797415018081665,0.1285400390625,0.18379688262939453,0.06751859933137894,0.14922858774662018
2024-08-25 22:36:10,맹구새끼들 이정도면 솔직히 킹리적 갓심아님?,"이거 아님 저정도 성능향상 말이 안됨
과거 전적도 있겠다 존나 수상함",26,26.0,"맹구새끼들 이정도면 솔직히 킹리적 갓심아님? 이거 아님 저정도 성능향상 말이 안됨
과거 전적도 있겠다 존나 수상함",맹구새끼들 이정도면 솔직히 킹리적 갓심아님? 이거 아님 저정도 성능향상 말이 안됨 과거 전적도 있겠다 존나 수상함,0.3531933128833771,0.17910011112689972,0.08399587124586105,0.17975600063800812,0.10182488709688187,0.10212980955839157
2024-08-25 22:36:14,메르 찐빠ㅋㅋ,아오,26,26.0,메르 찐빠ㅋㅋ 아오,메르 찐빠ㅋㅋ 아오,0.08226172626018524,0.12178368866443634,0.6475488543510437,0.07657399028539658,0.028308017179369926,0.043523725122213364
2024-08-25 22:36:16,노짱이 먹겠네,"확실히 맥라렌 차가 원탑인듯
그와중에 페라리 꽤 안정적인데",26,26.0,"노짱이 먹겠네 확실히 맥라렌 차가 원탑인듯
그와중에 페라리 꽤 안정적인데",노짱이 먹겠네 확실히 맥라렌 차가 원탑인듯 그와중에 페라리 꽤 안정적인데,0.21828608214855194,0.2358180582523346,0.335347980260849,0.07232477515935898,0.08246448636054993,0.055758602917194366
2024-08-25 22:36:17,ㅅㅂ 맥라렌차 왜케 사기임??,"막스 따니까 걍 쭉벌리면서 크루징해버리네
작년 레드불 보는느낌",26,26.0,"ㅅㅂ 맥라렌차 왜케 사기임?? 막스 따니까 걍 쭉벌리면서 크루징해버리네
작년 레드불 보는느낌",ㅅㅂ 맥라렌차 왜케 사기임?? 막스 따니까 걍 쭉벌리면서 크루징해버리네 작년 레드불 보는느낌,0.20071342587471008,0.23998339474201202,0.07734407484531403,0.23709003627300262,0.07535067945718765,0.16951844096183777
2024-08-25 22:36:18,애미뒤진 개새끼들 진짜 씨발,아오,27,27.0,애미뒤진 개새끼들 진짜 씨발 아오,애미뒤진 개새끼들 진짜 씨발 아오,0.13687674701213837,0.1530432552099228,0.16287751495838165,0.30278828740119934,0.045555125921964645,0.19885903596878052
2024-08-25 22:36:19,오늘 재밌네,"쌉노잼각이었는데
- dc official App",27,27.0,"오늘 재밌네 쌉노잼각이었는데
- dc official App",오늘 재밌네 쌉노잼각이었는데,0.14095130562782288,0.3451814353466034,0.1607210487127304,0.16718809306621552,0.07264669984579086,0.11331134289503098
2024-08-25 22:36:20,3.4 ㅋㅋㅋㅋ 실버 페라리 ㅋㅋㅋㅋ,바꿔먹었냐,27,27.0,3.4 ㅋㅋㅋㅋ 실버 페라리 ㅋㅋㅋㅋ 바꿔먹었냐,3.4 ㅋㅋㅋㅋ 실버 페라리 ㅋㅋㅋㅋ 바꿔먹었냐,0.29073697328567505,0.2344711869955063,0.13464991748332977,0.16940154135227203,0.09257374703884125,0.07816661894321442
2024-08-25 22:36:23,ㅅㅅㅅㅅㅅ 고맙다!,,27,27.0,ㅅㅅㅅㅅㅅ 고맙다! ,ㅅㅅㅅㅅㅅ 고맙다!,0.06402961909770966,0.13469214737415314,0.6430306434631348,0.07294854521751404,0.02645931951701641,0.05883971229195595
2024-08-25 22:36:23,"""엪갤 병신들아""",내가 못하는게 아니라 차가 병신이라니까?,27,27.0,"""엪갤 병신들아"" 내가 못하는게 아니라 차가 병신이라니까?","""엪갤 병신들아"" 내가 못하는게 아니라 차가 병신이라니까?",0.2150420993566513,0.28156352043151855,0.09329944849014282,0.17271940410137177,0.11715725064277649,0.12021828442811966
2024-08-25 22:36:24,알론소 뒤로 나오네,,27,27.0,알론소 뒤로 나오네 ,알론소 뒤로 나오네,0.308525949716568,0.29069894552230835,0.1430518478155136,0.10837530344724655,0.07527872174978256,0.07406921684741974
2024-08-25 22:36:23,쥬지개좆망 ㅋㅋㅋㅋㅋㅋㅋ,,27,27.0,쥬지개좆망 ㅋㅋㅋㅋㅋㅋㅋ ,쥬지개좆망 ㅋㅋㅋㅋㅋㅋㅋ,0.15063326060771942,0.29298192262649536,0.14414842426776886,0.21364596486091614,0.07296185940504074,0.12562859058380127
2024-08-25 22:36:26,크루징을 맥라렌이 하고 있으니까 어색함,신기하네,27,27.0,크루징을 맥라렌이 하고 있으니까 어색함 신기하네,크루징을 맥라렌이 하고 있으니까 어색함 신기하네,0.3418008089065552,0.23108325898647308,0.19192034006118774,0.09634114801883698,0.08946794271469116,0.04938652366399765
2024-08-25 22:36:26,이 씨발련들이 진짜,- dc official App,27,27.0,이 씨발련들이 진짜 - dc official App,이 씨발련들이 진짜 - dc official App,0.141161248087883,0.1594110131263733,0.1510222852230072,0.3213222026824951,0.04588063433766365,0.18120265007019043
2024-08-25 22:36:28,몽골 왤케 느림??,이정도인가???,27,27.0,몽골 왤케 느림?? 이정도인가???,몽골 왤케 느림?? 이정도인가???,0.2901391386985779,0.2660730481147766,0.0880725234746933,0.14467430114746094,0.09342777729034424,0.11761319637298584
2024-08-25 22:36:30,쥬지 삽입 실패 ㅋㅋㅋ,ㅁㄴㄴ,27,27.0,쥬지 삽입 실패 ㅋㅋㅋ ㅁㄴㄴ,쥬지 삽입 실패 ㅋㅋㅋ ㅁㄴㄴ,0.14257994294166565,0.35309064388275146,0.178057461977005,0.15319131314754486,0.0728398859500885,0.1002407893538475
2024-08-25 22:36:31,메르 자살 ㅋㅋㅋㅋㅋㅋㅋㅋㅋㅋㅋㅋㅋㅋㅋㅋㅋㅋㅋㅋㅋㅋㅋ,언더컷방어를 ㅅㅂ,27,27.0,메르 자살 ㅋㅋㅋㅋㅋㅋㅋㅋㅋㅋㅋㅋㅋㅋㅋㅋㅋㅋㅋㅋㅋㅋㅋ 언더컷방어를 ㅅㅂ,메르 자살 ㅋㅋㅋㅋㅋㅋㅋㅋㅋㅋㅋㅋㅋㅋㅋㅋㅋㅋㅋㅋㅋㅋㅋ 언더컷방어를 ㅅㅂ,0.13970711827278137,0.23085682094097137,0.1014346033334732,0.29425859451293945,0.060416556894779205,0.1733262836933136
2024-08-25 22:36:31,메르 병신새끼들아!!!,,27,27.0,메르 병신새끼들아!!! ,메르 병신새끼들아!!!,0.11549503356218338,0.18573546409606934,0.2869270145893097,0.25203263759613037,0.05030650645494461,0.10950331389904022
2024-08-25 22:36:33,쥬지 개좆망ㅋㅋㅋㅋㅋㅋ,ㅋㅋㅋㅋㅋ,27,27.0,쥬지 개좆망ㅋㅋㅋㅋㅋㅋ ㅋㅋㅋㅋㅋ,쥬지 개좆망ㅋㅋㅋㅋㅋㅋ ㅋㅋㅋㅋㅋ,0.14076589047908783,0.3294932544231415,0.17020027339458466,0.1806250959634781,0.06821443885564804,0.11070102453231812
2024-08-25 22:36:34,랩당 0.5초보다 더벌리는거 같은데,"몇랩에 추월햇더라
- dc official App",27,27.0,"랩당 0.5초보다 더벌리는거 같은데 몇랩에 추월햇더라
- dc official App",랩당 0.5초보다 더벌리는거 같은데 몇랩에 추월햇더라,0.3344447612762451,0.22838003933429718,0.15452012419700623,0.11059661209583282,0.12145020067691803,0.0506083108484745
2024-08-25 22:36:34,요즘 메르핏스탑 가끔씩찐빠나노ㅋㅋ,- dc official App,27,27.0,요즘 메르핏스탑 가끔씩찐빠나노ㅋㅋ - dc official App,요즘 메르핏스탑 가끔씩찐빠나노ㅋㅋ - dc official App,0.09662660956382751,0.25503379106521606,0.35514575242996216,0.15540467202663422,0.048117510974407196,0.08967167884111404
2024-08-25 22:36:45,나가뒤져라 병신 쓰레기 씹창새끼들,,27,27.0,나가뒤져라 병신 쓰레기 씹창새끼들 ,나가뒤져라 병신 쓰레기 씹창새끼들,0.15124721825122833,0.1497824788093567,0.17810280621051788,0.29139968752861023,0.05029316246509552,0.17917461693286896
2024-08-25 22:36:47,오늘 막스 우승 못따면 존나 짜증낼거 같다,"레드불 홈인 오스트리아도 우승 못하고
막스 홈인 네덜란드도 우승 못하면 짜증 ㅈㄴ 낼듯ㅋㅋㅋ
이미 우승 못한지 좀 되서 빡쳐있을듯ㅋㅋㅋㅋ",27,27.0,"오늘 막스 우승 못따면 존나 짜증낼거 같다 레드불 홈인 오스트리아도 우승 못하고
막스 홈인 네덜란드도 우승 못하면 짜증 ㅈㄴ 낼듯ㅋㅋㅋ
이미 우승 못한지 좀 되서 빡쳐있을듯ㅋㅋㅋㅋ",오늘 막스 우승 못따면 존나 짜증낼거 같다 레드불 홈인 오스트리아도 우승 못하고 막스 홈인 네덜란드도 우승 못하면 짜증 ㅈㄴ 낼듯ㅋㅋㅋ 이미 우승 못한지 좀 되서 빡쳐있을듯ㅋㅋㅋㅋ,0.202315554022789,0.2557772099971771,0.10511481016874313,0.18900775909423828,0.11928242444992065,0.1285022348165512
2024-08-25 22:36:57,피아제 오버컷가나 ㄷㄷ,- dc official App,27,27.0,피아제 오버컷가나 ㄷㄷ - dc official App,피아제 오버컷가나 ㄷㄷ - dc official App,0.33591580390930176,0.22765354812145233,0.13374628126621246,0.11609510332345963,0.11277597397565842,0.07381335645914078
2024-08-25 22:36:59,저건 2.0 찍었어야 사이로 들어갔겠는데,그래도 3초는 ㅋ,27,27.0,저건 2.0 찍었어야 사이로 들어갔겠는데 그래도 3초는 ㅋ,저건 2.0 찍었어야 사이로 들어갔겠는데 그래도 3초는 ㅋ,0.2726787030696869,0.299237996339798,0.11679136753082275,0.1346907913684845,0.0966278687119484,0.07997322082519531
2024-08-25 22:37:01,레이싱밖에 모르는 몽골 왜 못쫒아감,왜임,27,27.0,레이싱밖에 모르는 몽골 왜 못쫒아감 왜임,레이싱밖에 모르는 몽골 왜 못쫒아감 왜임,0.3046112358570099,0.28026440739631653,0.067439965903759,0.13721135258674622,0.09049049019813538,0.11998254805803299
2024-08-25 22:37:03,래츠고! 컴온!,??,27,27.0,래츠고! 컴온! ??,래츠고! 컴온! ??,0.10590457171201706,0.13972751796245575,0.628815233707428,0.058974504470825195,0.03218471258878708,0.03439339995384216
2024-08-25 22:37:15,르끌 언더컷 성공이야?,ㅈㅂ,27,27.0,르끌 언더컷 성공이야? ㅈㅂ,르끌 언더컷 성공이야? ㅈㅂ,0.19008544087409973,0.306937038898468,0.14878803491592407,0.11506622284650803,0.10901149362325668,0.13011178374290466
2024-08-25 22:37:28,르끌 P3 가능?,전부 르끌 뒤로나오노ㅋㅋㅋ,27,27.0,르끌 P3 가능? 전부 르끌 뒤로나오노ㅋㅋㅋ,르끌 P3 가능? 전부 르끌 뒤로나오노ㅋㅋㅋ,0.2357374131679535,0.334085613489151,0.10014065355062485,0.13500870764255524,0.0956587940454483,0.09936880320310593
2024-08-25 22:37:35,랩타임 갭 괴랄하네 ㅋㅋㅋㅋㅋ,ㅋㅋㅋㅋㅋ,28,28.0,랩타임 갭 괴랄하네 ㅋㅋㅋㅋㅋ ㅋㅋㅋㅋㅋ,랩타임 갭 괴랄하네 ㅋㅋㅋㅋㅋ ㅋㅋㅋㅋㅋ,0.15466657280921936,0.18172761797904968,0.5181286334991455,0.07638759911060333,0.036343637853860855,0.032746005803346634
2024-08-25 22:37:31,슬슬 사고날 때 된것 같은데,,27,27.0,슬슬 사고날 때 된것 같은데 ,슬슬 사고날 때 된것 같은데,0.3277633786201477,0.2205272614955902,0.1177586242556572,0.11259773373603821,0.11389613151550293,0.10745688527822495
2024-08-25 22:37:36,메르세데스 그놈들 찐빠내는거 ㅈㄴ웃기네,뭐 무서웠겠지 피트스탑의 신이..,28,28.0,메르세데스 그놈들 찐빠내는거 ㅈㄴ웃기네 뭐 무서웠겠지 피트스탑의 신이..,메르세데스 그놈들 찐빠내는거 ㅈㄴ웃기네 뭐 무서웠겠지 피트스탑의 신이..,0.2691420912742615,0.183116614818573,0.08770095556974411,0.2285170555114746,0.11586704850196838,0.11565624177455902
2024-08-25 22:37:39,이새끼는 ㄹㅇ 뭐임...??,무관주제에 왜 꼽사리임,28,28.0,이새끼는 ㄹㅇ 뭐임...?? 무관주제에 왜 꼽사리임,이새끼는 ㄹㅇ 뭐임...?? 무관주제에 왜 꼽사리임,0.19773373007774353,0.22937250137329102,0.08400589972734451,0.2630733847618103,0.0535610094666481,0.17225340008735657
2024-08-25 22:37:41,르황 포디움각 떴냐,역시 퍼스트야,28,28.0,르황 포디움각 떴냐 역시 퍼스트야,르황 포디움각 떴냐 역시 퍼스트야,0.09600228071212769,0.14150239527225494,0.631052553653717,0.051798008382320404,0.04349369555711746,0.03615107387304306
2024-08-25 22:37:42,애마또 어리버리까지,씨발가슬리라도잡아야할거아니야씨발,28,28.0,애마또 어리버리까지 씨발가슬리라도잡아야할거아니야씨발,애마또 어리버리까지 씨발가슬리라도잡아야할거아니야씨발,0.10985709726810455,0.20122264325618744,0.11409313976764679,0.31175538897514343,0.04304523766040802,0.22002649307250977
2024-08-25 22:37:45,개좆라리 설마 언더컷 성공한거냐?,웬일이냐 ㅋㅋㅋㅋㅋㅋ,28,28.0,개좆라리 설마 언더컷 성공한거냐? 웬일이냐 ㅋㅋㅋㅋㅋㅋ,개좆라리 설마 언더컷 성공한거냐? 웬일이냐 ㅋㅋㅋㅋㅋㅋ,0.2503376007080078,0.24353064596652985,0.2647624611854553,0.09372477233409882,0.10224174708127975,0.045402687042951584
2024-08-25 22:37:55,피아제 지금 들어오면 르끌레 뒤 ㅋㅋㅋㅋㅋ,언더컷전략 대성공이라니 이게 내가알던 페라리가 맞냐?,28,28.0,피아제 지금 들어오면 르끌레 뒤 ㅋㅋㅋㅋㅋ 언더컷전략 대성공이라니 이게 내가알던 페라리가 맞냐?,피아제 지금 들어오면 르끌레 뒤 ㅋㅋㅋㅋㅋ 언더컷전략 대성공이라니 이게 내가알던 페라리가 맞냐?,0.3001054525375366,0.21484501659870148,0.09426979720592499,0.17129245400428772,0.13647641241550446,0.08301084488630295
2024-08-25 22:37:56,사인츠는 피트스탑 언제해요?,뉴비라 잘 모름요,28,28.0,사인츠는 피트스탑 언제해요? 뉴비라 잘 모름요,사인츠는 피트스탑 언제해요? 뉴비라 잘 모름요,0.30250194668769836,0.25008949637413025,0.20519930124282837,0.09163966774940491,0.08267582952976227,0.06789378076791763
2024-08-25 22:37:57,경의 품격 차력쇼 ON,- dc official App,28,28.0,경의 품격 차력쇼 ON - dc official App,경의 품격 차력쇼 ON - dc official App,0.15377484261989594,0.1570982187986374,0.53840571641922,0.07792440056800842,0.03268633037805557,0.040110502392053604
2024-08-25 22:38:00,69.137 계속 갈드컵 시도하노 ㅋㅋ,ㅋㅋ,28,28.0,69.137 계속 갈드컵 시도하노 ㅋㅋ ㅋㅋ,69.137 계속 갈드컵 시도하노 ㅋㅋ ㅋㅋ,0.17219069600105286,0.2545416057109833,0.31829899549484253,0.14253763854503632,0.05688253790140152,0.05554857477545738
2024-08-25 22:38:03,사고 안나나,너무 조용하네,28,28.0,사고 안나나 너무 조용하네,사고 안나나 너무 조용하네,0.31951576471328735,0.23972290754318237,0.11002040654420853,0.1280527263879776,0.11231813579797745,0.0903700590133667
2024-08-25 22:38:04,노리스 페이스 넘 빠르노,막노 반초넘게 차이나네,28,28.0,노리스 페이스 넘 빠르노 막노 반초넘게 차이나네,노리스 페이스 넘 빠르노 막노 반초넘게 차이나네,0.3475128710269928,0.22199378907680511,0.1518014669418335,0.11046366393566132,0.11375777423381805,0.05447046831250191
2024-08-25 22:38:07,그때 보타스 바퀴 안 빠졌던 게 어느쪽이었지,왼쪽이었나ㅋㅋㅋㅋㅋ,28,28.0,그때 보타스 바퀴 안 빠졌던 게 어느쪽이었지 왼쪽이었나ㅋㅋㅋㅋㅋ,그때 보타스 바퀴 안 빠졌던 게 어느쪽이었지 왼쪽이었나ㅋㅋㅋㅋㅋ,0.2893490493297577,0.23429735004901886,0.20080716907978058,0.12558868527412415,0.09631431102752686,0.053643472492694855
2024-08-25 22:38:10,레드불 업뎃 망한거임??,이번에 다들 큰 업데이트 들고 온거 아닌가?,28,28.0,레드불 업뎃 망한거임?? 이번에 다들 큰 업데이트 들고 온거 아닌가?,레드불 업뎃 망한거임?? 이번에 다들 큰 업데이트 들고 온거 아닌가?,0.32449740171432495,0.25407296419143677,0.10222651809453964,0.12098174542188644,0.09755335748195648,0.10066796839237213
2024-08-25 22:38:11,엪원공감TV는 노리스의 우승 확정을 선언합니다.,자 박수!,28,28.0,엪원공감TV는 노리스의 우승 확정을 선언합니다. 자 박수!,엪원공감TV는 노리스의 우승 확정을 선언합니다. 자 박수!,0.06527144461870193,0.12199077755212784,0.6887841820716858,0.05571085959672928,0.027234993875026703,0.041007764637470245
2024-08-25 22:38:23,결국 투스탑임?,ㅇㅇ,28,28.0,결국 투스탑임? ㅇㅇ,결국 투스탑임? ㅇㅇ,0.3330698609352112,0.23871450126171112,0.1542520523071289,0.10542934387922287,0.1116810217499733,0.05685321241617203
2024-08-25 22:38:27,맥 올해 이러면 내년은 더 기대되노 ㄷㄷ,종나빠르네,28,28.0,맥 올해 이러면 내년은 더 기대되노 ㄷㄷ 종나빠르네,맥 올해 이러면 내년은 더 기대되노 ㄷㄷ 종나빠르네,0.2931618094444275,0.20676441490650177,0.27790576219558716,0.08795402944087982,0.09441453963518143,0.03979938477277756
2024-08-25 22:38:37,피아제 이새끼 왜이리 안올라오노,"플랜 a가 노리스 먼저 갈고
피아제가 끌고가다 노리스 바꾸고 하는건가?",28,28.0,"피아제 이새끼 왜이리 안올라오노 플랜 a가 노리스 먼저 갈고
피아제가 끌고가다 노리스 바꾸고 하는건가?",피아제 이새끼 왜이리 안올라오노 플랜 a가 노리스 먼저 갈고 피아제가 끌고가다 노리스 바꾸고 하는건가?,0.23577375710010529,0.262627512216568,0.0706997960805893,0.1762792468070984,0.056116342544555664,0.198503315448761
2024-08-25 22:38:39,2.5 준수하네,,28,28.0,2.5 준수하네 ,2.5 준수하네,0.13041290640830994,0.2105528712272644,0.5001533031463623,0.06332498788833618,0.04458851367235184,0.050967343151569366
2024-08-25 22:38:41,피트도 ㅈㄴ 천천히 들어가노 ㅋㅋ 포기했노 ㅋㅋㅋ,ㅋㅋㅋ,28,28.0,피트도 ㅈㄴ 천천히 들어가노 ㅋㅋ 포기했노 ㅋㅋㅋ ㅋㅋㅋ,피트도 ㅈㄴ 천천히 들어가노 ㅋㅋ 포기했노 ㅋㅋㅋ ㅋㅋㅋ,0.16437003016471863,0.38290131092071533,0.12750104069709778,0.13071833550930023,0.09613687545061111,0.09837236255407333
2024-08-25 22:38:46,르끌 곧 따일것같아서,불안하다...,28,28.0,르끌 곧 따일것같아서 불안하다...,르끌 곧 따일것같아서 불안하다...,0.26112881302833557,0.29469671845436096,0.12060236930847168,0.10721201449632645,0.07921455055475235,0.137145534157753
2024-08-25 22:38:48,누리스 존나 빠르네 ㅋㅋㅋ,,28,28.0,누리스 존나 빠르네 ㅋㅋㅋ ,누리스 존나 빠르네 ㅋㅋㅋ,0.16663122177124023,0.1685802936553955,0.5226532220840454,0.06417978554964066,0.04775315150618553,0.030202319845557213
2024-08-25 22:38:57,대자지 페랩 ㅋㅋㅋㅋ,,29,29.0,대자지 페랩 ㅋㅋㅋㅋ ,대자지 페랩 ㅋㅋㅋㅋ,0.10129795968532562,0.12595687806606293,0.6472303867340088,0.06720989942550659,0.02708549238741398,0.031219398602843285
2024-08-25 22:39:00,자우버 > 레드불,2.4 > 2.5 ㅋㅋㅋㅋㅋ,29,29.0,자우버 > 레드불 2.4 > 2.5 ㅋㅋㅋㅋㅋ,자우버 > 레드불 2.4 > 2.5 ㅋㅋㅋㅋㅋ,0.17713239789009094,0.20064914226531982,0.3972151577472687,0.12472116947174072,0.04663272947072983,0.0536494143307209
2024-08-25 22:39:11,자우버 보다 느린 레드불 ++,"2.5<<<2.4
- dc official App",29,29.0,"자우버 보다 느린 레드불 ++ 2.5<<<2.4
- dc official App",자우버 보다 느린 레드불 ++ 2.5<<<2.4,0.25346970558166504,0.26100650429725647,0.24269706010818481,0.11826018989086151,0.049347247928380966,0.07521926611661911
2024-08-25 22:39:11,노리스 씨발 저 속도가 말이되나 ㅋㅋㅋㅋㅋㅋ,시발 이 속도가 말이 되냐???,29,29.0,노리스 씨발 저 속도가 말이되나 ㅋㅋㅋㅋㅋㅋ 시발 이 속도가 말이 되냐???,노리스 씨발 저 속도가 말이되나 ㅋㅋㅋㅋㅋㅋ 시발 이 속도가 말이 되냐???,0.1954786330461502,0.23784053325653076,0.10327010601758957,0.23667362332344055,0.0894116535782814,0.1373254656791687
2024-08-25 22:39:21,자지 패랩인데 메르 쓰레기새끼들..,좆같다,29,29.0,자지 패랩인데 메르 쓰레기새끼들.. 좆같다,자지 패랩인데 메르 쓰레기새끼들.. 좆같다,0.11371693015098572,0.16142573952674866,0.16260871291160583,0.31524109840393066,0.04155726358294487,0.20545026659965515
2024-08-25 22:39:24,노리스 핏인,,29,29.0,노리스 핏인 ,노리스 핏인,0.13109509646892548,0.163545623421669,0.5466778874397278,0.080414779484272,0.03370243310928345,0.044564198702573776
2024-08-25 22:39:31,추월당하는거 보고 폰 3분 보면 3초갭,바로 갭 정상화 애마 씨발년들아,29,29.0,추월당하는거 보고 폰 3분 보면 3초갭 바로 갭 정상화 애마 씨발년들아,추월당하는거 보고 폰 3분 보면 3초갭 바로 갭 정상화 애마 씨발년들아,0.12753401696681976,0.17960742115974426,0.15237049758434296,0.3479865491390228,0.04798177257180214,0.14451973140239716
2024-08-25 22:39:32,막스 그냥 놔버렸냐?,평소랑 분위기가 다른데 아니면 막판 추월 노리는건가,29,29.0,막스 그냥 놔버렸냐? 평소랑 분위기가 다른데 아니면 막판 추월 노리는건가,막스 그냥 놔버렸냐? 평소랑 분위기가 다른데 아니면 막판 추월 노리는건가,0.35664764046669006,0.21761134266853333,0.08998752385377884,0.13597191870212555,0.1157018169760704,0.084079809486866
2024-08-25 22:39:39,대황쥬지 패랩이노,,29,29.0,대황쥬지 패랩이노 ,대황쥬지 패랩이노,0.14035935699939728,0.17380672693252563,0.5332438349723816,0.07283509522676468,0.040582314133644104,0.03917272388935089
2024-08-25 22:39:42,드챔 역전 가능 불가능?,"노짱이라 불가능 vs 그래도 맥라렌차 1황이다
- dc official App",29,29.0,"드챔 역전 가능 불가능? 노짱이라 불가능 vs 그래도 맥라렌차 1황이다
- dc official App",드챔 역전 가능 불가능? 노짱이라 불가능 vs 그래도 맥라렌차 1황이다,0.21176709234714508,0.29387643933296204,0.22046180069446564,0.09127583354711533,0.09229041635990143,0.09032841771841049
2024-08-25 22:39:46,3.1 ㅋㅋㅋ,,29,29.0,3.1 ㅋㅋㅋ ,3.1 ㅋㅋㅋ,0.20711827278137207,0.24991175532341003,0.2810906767845154,0.13932539522647858,0.06679882854223251,0.055755045264959335
2024-08-25 22:39:47,레드불 ^따잇^,걍 피트스탑의 신임,29,29.0,레드불 ^따잇^ 걍 피트스탑의 신임,레드불 ^따잇^ 걍 피트스탑의 신임,0.060419633984565735,0.11176357418298721,0.695509672164917,0.0621776357293129,0.025996137410402298,0.04413333162665367
2024-08-25 22:39:47,밥먹다 왔는데 페레즈 3위 뭐냐??,ㅡㅡ,29,29.0,밥먹다 왔는데 페레즈 3위 뭐냐?? ㅡㅡ,밥먹다 왔는데 페레즈 3위 뭐냐?? ㅡㅡ,0.12626777589321136,0.28690266609191895,0.10392343997955322,0.2324599325656891,0.05388163775205612,0.19656454026699066
2024-08-25 22:39:49,지금막 보기시작했는데 특별한거 있었음 ???????,있었음 없었음 ??????,29,29.0,지금막 보기시작했는데 특별한거 있었음 ??????? 있었음 없었음 ??????,지금막 보기시작했는데 특별한거 있었음 ??????? 있었음 없었음 ??????,0.3176804780960083,0.2604966163635254,0.12515787780284882,0.11274031549692154,0.0965910255908966,0.08733367919921875
2024-08-25 22:39:51,누리스 삐끗ㅋㅋㅋ,- dc official App,29,29.0,누리스 삐끗ㅋㅋㅋ - dc official App,누리스 삐끗ㅋㅋㅋ - dc official App,0.15066267549991608,0.2725266218185425,0.36127594113349915,0.09597739577293396,0.055914506316185,0.06364286690950394
2024-08-25 22:39:55,물탕경 왜 저 아래에있냐,ㅋㅋㅋㅋㅋ,29,29.0,물탕경 왜 저 아래에있냐 ㅋㅋㅋㅋㅋ,물탕경 왜 저 아래에있냐 ㅋㅋㅋㅋㅋ,0.26385295391082764,0.2778933644294739,0.16903278231620789,0.14169208705425262,0.08159886300563812,0.06592997908592224
2024-08-25 22:39:57,실수만 없으면(3.1초),ㅋㅋ,29,29.0,실수만 없으면(3.1초) ㅋㅋ,실수만 없으면(3.1초) ㅋㅋ,0.1588483452796936,0.24171291291713715,0.33567559719085693,0.11827512830495834,0.053682174533605576,0.0918058305978775
2024-08-25 22:39:57,페레즈 2위 ㄷㄷㄷㄷ,,29,29.0,페레즈 2위 ㄷㄷㄷㄷ ,페레즈 2위 ㄷㄷㄷㄷ,0.3381598889827728,0.2085142731666565,0.1625392585992813,0.12128464132547379,0.11616278439760208,0.0533391498029232
2024-08-25 22:40:07,좆드불 ㅋㅋ,,29,29.0,좆드불 ㅋㅋ ,좆드불 ㅋㅋ,0.119223952293396,0.1841631829738617,0.490870863199234,0.11731546372175217,0.03981507197022438,0.04861150309443474
2024-08-25 22:40:08,체코신 2위인거 오랜만 ㅋㅋㅋㅋㅋㅋㅋㅋ,,29,29.0,체코신 2위인거 오랜만 ㅋㅋㅋㅋㅋㅋㅋㅋ ,체코신 2위인거 오랜만 ㅋㅋㅋㅋㅋㅋㅋㅋ,0.12888933718204498,0.1704482138156891,0.5713527202606201,0.061067186295986176,0.03551851212978363,0.032723963260650635
2024-08-25 22:40:20,피아제 이렇게 크루징 해주려고 타이어 아낀건가?,,30,30.0,피아제 이렇게 크루징 해주려고 타이어 아낀건가? ,피아제 이렇게 크루징 해주려고 타이어 아낀건가?,0.3034060299396515,0.24376800656318665,0.08436314016580582,0.1601458489894867,0.10073046386241913,0.10758651047945023
2024-08-25 22:40:21,노리스랑 해밀턴같은 영국 매수 애미애비쳐뒤진드라이버는 언제 사라지냐,에휴,30,30.0,노리스랑 해밀턴같은 영국 매수 애미애비쳐뒤진드라이버는 언제 사라지냐 에휴,노리스랑 해밀턴같은 영국 매수 애미애비쳐뒤진드라이버는 언제 사라지냐 에휴,0.1489572823047638,0.17070432007312775,0.10938205569982529,0.3052694797515869,0.044050466269254684,0.22163642942905426
2024-08-25 22:40:21,아 그저 차빨원툴팀,"스타트도 못하고 피트도 못하고
하지만 차빨로 빨랐죠?",30,30.0,"아 그저 차빨원툴팀 스타트도 못하고 피트도 못하고
하지만 차빨로 빨랐죠?",아 그저 차빨원툴팀 스타트도 못하고 피트도 못하고 하지만 차빨로 빨랐죠?,0.1723344624042511,0.2643361985683441,0.08768077194690704,0.22570601105690002,0.0757441595196724,0.17419838905334473
2024-08-25 22:40:23,노막르 포디움,가자,30,30.0,노막르 포디움 가자,노막르 포디움 가자,0.08532596379518509,0.12925618886947632,0.6599279642105103,0.059973858296871185,0.028492430225014687,0.03702365234494209
2024-08-25 22:40:24,체황 2위 ㅋㅋㅋㅋ,,30,30.0,체황 2위 ㅋㅋㅋㅋ ,체황 2위 ㅋㅋㅋㅋ,0.1476975530385971,0.17511703073978424,0.5278777480125427,0.07764493674039841,0.039986252784729004,0.03167650103569031
2024-08-25 22:40:26,뭐야 노리스가 막스 따는거 보고 씻으러 갔다 왔는데,왜 그사이 격차가 5초가 벌어졌냐,30,30.0,뭐야 노리스가 막스 따는거 보고 씻으러 갔다 왔는데 왜 그사이 격차가 5초가 벌어졌냐,뭐야 노리스가 막스 따는거 보고 씻으러 갔다 왔는데 왜 그사이 격차가 5초가 벌어졌냐,0.22381754219532013,0.2946181893348694,0.09528396278619766,0.16651898622512817,0.10225550830364227,0.11750578135251999
2024-08-25 22:40:30,ㅈ드불ㅋㅋㅋㅋ,ㅋㅋㅋㅋㅋ,30,30.0,ㅈ드불ㅋㅋㅋㅋ ㅋㅋㅋㅋㅋ,ㅈ드불ㅋㅋㅋㅋ ㅋㅋㅋㅋㅋ,0.0961226373910904,0.17009679973125458,0.5600486993789673,0.09514552354812622,0.03129928559064865,0.047287002205848694
2024-08-25 22:40:38,요스 현재,,30,30.0,요스 현재 ,요스 현재,0.16624654829502106,0.21056267619132996,0.4385075867176056,0.08546952903270721,0.041821181774139404,0.057392556220293045
2024-08-25 22:40:45,노리스 요즘 모잇냐 잘하네,스타트는 개병신인데 어찌됫건 꼭 따라잡고 벌리고 각성 몬데,30,30.0,노리스 요즘 모잇냐 잘하네 스타트는 개병신인데 어찌됫건 꼭 따라잡고 벌리고 각성 몬데,노리스 요즘 모잇냐 잘하네 스타트는 개병신인데 어찌됫건 꼭 따라잡고 벌리고 각성 몬데,0.3135724663734436,0.2287934124469757,0.12298528850078583,0.13096563518047333,0.1463344544172287,0.05734874680638313
2024-08-25 22:40:48,피아제 체코 사인지는 원스탑인가,어케될라나,30,30.0,피아제 체코 사인지는 원스탑인가 어케될라나,피아제 체코 사인지는 원스탑인가 어케될라나,0.32776522636413574,0.22530530393123627,0.1939483880996704,0.09957028925418854,0.07798441499471664,0.0754263699054718
2024-08-25 22:40:51,이제 한번쯤 셒카 나올때됬는데..,,30,30.0,이제 한번쯤 셒카 나올때됬는데.. ,이제 한번쯤 셒카 나올때됬는데..,0.17184384167194366,0.285976767539978,0.204739049077034,0.11109080165624619,0.07968857139348984,0.14666101336479187
2024-08-25 22:40:57,올시즌 맥라렌 다캐 빨리 출시좀,"현기증난다
- dc official App",30,30.0,"올시즌 맥라렌 다캐 빨리 출시좀 현기증난다
- dc official App",올시즌 맥라렌 다캐 빨리 출시좀 현기증난다,0.13000112771987915,0.1738821566104889,0.5339177250862122,0.06859457492828369,0.049421075731515884,0.04418332874774933
2024-08-25 22:40:57,"""병신 설탕물팔이""",,30,30.0,"""병신 설탕물팔이"" ","""병신 설탕물팔이""",0.24079465866088867,0.25845375657081604,0.18636932969093323,0.15131504833698273,0.056709691882133484,0.10635749250650406
2024-08-25 22:41:01,체코 21아부다비 보여주면 몽골 우승이냐?,ㅇㅇ,30,30.0,체코 21아부다비 보여주면 몽골 우승이냐? ㅇㅇ,체코 21아부다비 보여주면 몽골 우승이냐? ㅇㅇ,0.30459800362586975,0.23539677262306213,0.16245365142822266,0.14433860778808594,0.0815008357167244,0.07171208411455154
2024-08-25 22:41:11,야 나 술집왔는데 f1틀어놓고 응원하는곳옴,"나 이거 정말 모르는데
왜 재미있는지 심플하게 설명해줄 친절한분?
진짜 몰라서 물어봄",30,30.0,"야 나 술집왔는데 f1틀어놓고 응원하는곳옴 나 이거 정말 모르는데
왜 재미있는지 심플하게 설명해줄 친절한분?
진짜 몰라서 물어봄",야 나 술집왔는데 f1틀어놓고 응원하는곳옴 나 이거 정말 모르는데 왜 재미있는지 심플하게 설명해줄 친절한분? 진짜 몰라서 물어봄,0.2664191424846649,0.23008862137794495,0.2761673331260681,0.0838567316532135,0.0957978367805481,0.04767030104994774
2024-08-25 22:41:10,44 ㅋㅋㅋ,,30,30.0,44 ㅋㅋㅋ ,44 ㅋㅋㅋ,0.13944169878959656,0.1981808990240097,0.49401435256004333,0.08743414282798767,0.04226154834032059,0.038667358458042145
2024-08-25 22:41:11,레드불 병신ㅋㅋㅋㅋ,ㅋㅋ,30,30.0,레드불 병신ㅋㅋㅋㅋ ㅋㅋ,레드불 병신ㅋㅋㅋㅋ ㅋㅋ,0.11895343661308289,0.17416401207447052,0.56130051612854,0.07841581851243973,0.03206680715084076,0.03509940952062607
2024-08-25 22:41:12,체코 고로시 ㅋㅋㅋㅋㅋㅋㅋㅋ,4.4 ㅋㅋㅋㅋ,30,30.0,체코 고로시 ㅋㅋㅋㅋㅋㅋㅋㅋ 4.4 ㅋㅋㅋㅋ,체코 고로시 ㅋㅋㅋㅋㅋㅋㅋㅋ 4.4 ㅋㅋㅋㅋ,0.1648130714893341,0.21166472136974335,0.41296303272247314,0.11551839113235474,0.046055253595113754,0.04898550733923912
2024-08-25 22:41:12,4.4는 씨발ㄹ련들아,,30,30.0,4.4는 씨발ㄹ련들아 ,4.4는 씨발ㄹ련들아,0.12321080267429352,0.18739399313926697,0.15810371935367584,0.333291620016098,0.03887166455388069,0.15912820398807526
2024-08-25 22:41:12,레드불 자우버행동 ㅋㅋㅋㅋㅋ,"4.4가 뭐야 4.4가 ㅋㅋㅋ
- dc official App",30,30.0,"레드불 자우버행동 ㅋㅋㅋㅋㅋ 4.4가 뭐야 4.4가 ㅋㅋㅋ
- dc official App",레드불 자우버행동 ㅋㅋㅋㅋㅋ 4.4가 뭐야 4.4가 ㅋㅋㅋ,0.22872424125671387,0.2533213496208191,0.2186729460954666,0.1577073484659195,0.07857569307088852,0.06299842894077301
2024-08-25 22:41:15,체코 좆망 ㅋㅋㅋㅋㅋ,,30,30.0,체코 좆망 ㅋㅋㅋㅋㅋ ,체코 좆망 ㅋㅋㅋㅋㅋ,0.17563045024871826,0.3212045729160309,0.10049514472484589,0.18547937273979187,0.07109620422124863,0.1460942029953003
2024-08-25 22:41:15,노다: 미디엄 씨발임,,30,30.0,노다: 미디엄 씨발임 ,노다: 미디엄 씨발임,0.15944021940231323,0.22311897575855255,0.13468842208385468,0.28053343296051025,0.050908349454402924,0.15131059288978577
2024-08-25 22:41:16,병신 ㅋㅋㅋㅋ,,30,30.0,병신 ㅋㅋㅋㅋ ,병신 ㅋㅋㅋㅋ,0.10126323252916336,0.14101041853427887,0.6352509260177612,0.06467229872941971,0.028007663786411285,0.029795439913868904
2024-08-25 22:41:17,4.4 ㅋㅋㅋㅋㅋㅋㅋㅋ,ㅋㅋ,30,30.0,4.4 ㅋㅋㅋㅋㅋㅋㅋㅋ ㅋㅋ,4.4 ㅋㅋㅋㅋㅋㅋㅋㅋ ㅋㅋ,0.16359835863113403,0.21899576485157013,0.398762047290802,0.1221475601196289,0.04654521495103836,0.04995099455118179
2024-08-25 22:41:18,4.4 ㅋㅋㅋㅋㅋㅋㅋㅋ,,30,30.0,4.4 ㅋㅋㅋㅋㅋㅋㅋㅋ ,4.4 ㅋㅋㅋㅋㅋㅋㅋㅋ,0.1984095573425293,0.2442636787891388,0.3009243309497833,0.1378955841064453,0.06307731568813324,0.05542958900332451
2024-08-25 22:41:20,진짜 병신,ㅋㅋ,30,30.0,진짜 병신 ㅋㅋ,진짜 병신 ㅋㅋ,0.15855802595615387,0.17567269504070282,0.4805445671081543,0.10248450189828873,0.0429268516600132,0.03981328755617142
2024-08-25 22:41:21,4.4ㅋㅋㅋㅋ,좆드불,30,30.0,4.4ㅋㅋㅋㅋ 좆드불,4.4ㅋㅋㅋㅋ 좆드불,0.17849361896514893,0.22264941036701202,0.12206263840198517,0.2858177423477173,0.06494263559579849,0.1260339617729187
2024-08-25 22:41:22,투스탑 ㄱㅊ할거같은데 추월 쉽네ㅋㅋ,,30,30.0,투스탑 ㄱㅊ할거같은데 추월 쉽네ㅋㅋ ,투스탑 ㄱㅊ할거같은데 추월 쉽네ㅋㅋ,0.1214442253112793,0.16246874630451202,0.5780602693557739,0.05973980203270912,0.03925670310854912,0.039030324667692184
2024-08-25 22:41:22,병신들아,"ㅅㅂ
- ORACLE RED BULL RACING RB20",30,30.0,"병신들아 ㅅㅂ
- ORACLE RED BULL RACING RB20",병신들아 ㅅㅂ - ORACLE RED BULL RACING RB20,0.13332022726535797,0.17397081851959229,0.17463575303554535,0.32121163606643677,0.03664689511060715,0.16021472215652466
2024-08-25 22:41:23,4.4 ㅋㅋㅋㅋㅋㅋ,,30,30.0,4.4 ㅋㅋㅋㅋㅋㅋ ,4.4 ㅋㅋㅋㅋㅋㅋ,0.21501214802265167,0.2472110390663147,0.25509414076805115,0.15166650712490082,0.06932071596384048,0.061695415526628494
2024-08-25 22:41:23,4.4ㅋㅋㅋㅋㅋ,,30,30.0,4.4ㅋㅋㅋㅋㅋ ,4.4ㅋㅋㅋㅋㅋ,0.21709886193275452,0.2570224702358246,0.21361590921878815,0.1654423028230667,0.07483524829149246,0.07198524475097656
2024-08-25 22:41:23,체코 핏스탑 ㅋㅋㅋㅋㅋ,- dc official App,30,30.0,체코 핏스탑 ㅋㅋㅋㅋㅋ - dc official App,체코 핏스탑 ㅋㅋㅋㅋㅋ - dc official App,0.1348867118358612,0.16792677342891693,0.5302442908287048,0.09053917229175568,0.030597740784287453,0.045805346220731735
2024-08-25 22:41:24,레드불 다 병신됐네 ㅋㅋㅋ,ㅋㅋ,30,30.0,레드불 다 병신됐네 ㅋㅋㅋ ㅋㅋ,레드불 다 병신됐네 ㅋㅋㅋ ㅋㅋ,0.16483205556869507,0.36274221539497375,0.10898695141077042,0.15355989336967468,0.09482567012310028,0.11505318433046341
2024-08-25 22:41:24,병신 4.4초ㅋㅋㅋㅋ,- dc official App,30,30.0,병신 4.4초ㅋㅋㅋㅋ - dc official App,병신 4.4초ㅋㅋㅋㅋ - dc official App,0.1463845670223236,0.16540534794330597,0.5250198245048523,0.08861524611711502,0.038024283945560455,0.03655074164271355
2024-08-25 22:41:24,4.4는 ㅋㅋㅋㅋㅋㅋ,,30,30.0,4.4는 ㅋㅋㅋㅋㅋㅋ ,4.4는 ㅋㅋㅋㅋㅋㅋ,0.27987292408943176,0.2527353763580322,0.13308462500572205,0.16654275357723236,0.08385447412729263,0.08390985429286957
2024-08-25 22:41:25,레드불 팀 망했노 ㅋㅋㅋㅋ,아 시발,30,30.0,레드불 팀 망했노 ㅋㅋㅋㅋ 아 시발,레드불 팀 망했노 ㅋㅋㅋㅋ 아 시발,0.12056419253349304,0.2441568225622177,0.09104260802268982,0.2503427267074585,0.050887394696474075,0.24300630390644073
2024-08-25 22:41:26,조졌노 ㅋㅋㅋ,,30,30.0,조졌노 ㅋㅋㅋ ,조졌노 ㅋㅋㅋ,0.11457942426204681,0.3275669515132904,0.19728225469589233,0.1730790138244629,0.06144998222589493,0.12604235112667084
2024-08-25 22:41:26,체코 개같이멸망 ㅋㅋㅋ,,30,30.0,체코 개같이멸망 ㅋㅋㅋ ,체코 개같이멸망 ㅋㅋㅋ,0.15853692591190338,0.2709827721118927,0.2126993089914322,0.20274949073791504,0.06317805498838425,0.09185348451137543
2024-08-25 22:41:24,4.4 ㅋㅋㅋㅋㅋ,,30,30.0,4.4 ㅋㅋㅋㅋㅋ ,4.4 ㅋㅋㅋㅋㅋ,0.2175469547510147,0.25386732816696167,0.23909057676792145,0.1543201506137848,0.07086203247308731,0.06431291252374649
2024-08-25 22:41:27,체코 핏스탑 좆망ㅋㅋㅋㅋㅋㅋㅋ,,30,30.0,체코 핏스탑 좆망ㅋㅋㅋㅋㅋㅋㅋ ,체코 핏스탑 좆망ㅋㅋㅋㅋㅋㅋㅋ,0.1916978508234024,0.32471564412117004,0.09833601117134094,0.1701587736606598,0.06564755737781525,0.1494440734386444
2024-08-25 22:41:27,좆 드 불ㅋㅋㅋㅋㅋ,,30,30.0,좆 드 불ㅋㅋㅋㅋㅋ ,좆 드 불ㅋㅋㅋㅋㅋ,0.1232614815235138,0.2746719717979431,0.21469920873641968,0.22869612276554108,0.06054899841547012,0.09812220185995102
2024-08-25 22:41:27,4.4는 시발ㅋㅋ,포기해라 체코,30,30.0,4.4는 시발ㅋㅋ 포기해라 체코,4.4는 시발ㅋㅋ 포기해라 체코,0.18180280923843384,0.23640230298042297,0.07757402956485748,0.2455185502767563,0.06684418767690659,0.19185805320739746
2024-08-25 22:41:30,4.4는 씹 ㅋㅋ,,31,31.0,4.4는 씹 ㅋㅋ ,4.4는 씹 ㅋㅋ,0.20179973542690277,0.22424624860286713,0.07689414173364639,0.24494926631450653,0.0625014528632164,0.18960915505886078
2024-08-25 22:41:31,¡포기하지마!,,31,31.0,¡포기하지마! ,¡포기하지마!,0.12258172780275345,0.16180387139320374,0.5092166662216187,0.07699745148420334,0.0571112260222435,0.07228899747133255
2024-08-25 22:41:37,체황 44 ㅋㅋㅋㅋㅋㅋㅋㅋㅋㅋㅋㅋㅋㅋㅋㅋㅋㅋㅋㅋ,물탕경 숭배 ㅋㅋ,31,31.0,체황 44 ㅋㅋㅋㅋㅋㅋㅋㅋㅋㅋㅋㅋㅋㅋㅋㅋㅋㅋㅋㅋ 물탕경 숭배 ㅋㅋ,체황 44 ㅋㅋㅋㅋㅋㅋㅋㅋㅋㅋㅋㅋㅋㅋㅋㅋㅋㅋㅋㅋ 물탕경 숭배 ㅋㅋ,0.08854840695858002,0.13189125061035156,0.6424853801727295,0.07372895628213882,0.029280079528689384,0.034065987914800644
2024-08-25 22:41:38,4.4 장난하냐ㅋㅋㅋㅋㅋㅋㅋ,ㅋㅋㅋ,31,31.0,4.4 장난하냐ㅋㅋㅋㅋㅋㅋㅋ ㅋㅋㅋ,4.4 장난하냐ㅋㅋㅋㅋㅋㅋㅋ ㅋㅋㅋ,0.2219850867986679,0.2612350285053253,0.15491409599781036,0.1955515593290329,0.07281943410634995,0.093494713306427
2024-08-25 22:41:38,레드불 씨발 경기하기싫노?? ?????,아이씨발 왜 자꾸 이래~~~~,31,31.0,레드불 씨발 경기하기싫노?? ????? 아이씨발 왜 자꾸 이래~~~~,레드불 씨발 경기하기싫노?? ????? 아이씨발 왜 자꾸 이래~~~~,0.1103593185544014,0.23753869533538818,0.11336731910705566,0.27215027809143066,0.04448659345507622,0.22209778428077698
2024-08-25 22:41:38,와 레드불 제대로 몰락했네,ㄹㅇ,31,31.0,와 레드불 제대로 몰락했네 ㄹㅇ,와 레드불 제대로 몰락했네 ㄹㅇ,0.3231135904788971,0.21024085581302643,0.11017177999019623,0.14518259465694427,0.13085931539535522,0.08043183386325836
2024-08-25 22:41:39,체코 정상화 ㅋㅋㅋㅋㅋㅋㅋㅋㅋㅋㅋ,넌 병신이어야해 ㅋㅋㅋㅋㅋㅋㅋㅋㅋㅋㅋ,31,31.0,체코 정상화 ㅋㅋㅋㅋㅋㅋㅋㅋㅋㅋㅋ 넌 병신이어야해 ㅋㅋㅋㅋㅋㅋㅋㅋㅋㅋㅋ,체코 정상화 ㅋㅋㅋㅋㅋㅋㅋㅋㅋㅋㅋ 넌 병신이어야해 ㅋㅋㅋㅋㅋㅋㅋㅋㅋㅋㅋ,0.1627451777458191,0.24154981970787048,0.20875202119350433,0.21547561883926392,0.08176495879888535,0.08971240371465683
2024-08-25 22:41:40,좆드불 병신들ㅋㅋㅋ,,31,31.0,좆드불 병신들ㅋㅋㅋ ,좆드불 병신들ㅋㅋㅋ,0.11892471462488174,0.18082548677921295,0.496328741312027,0.11793846637010574,0.039790622889995575,0.0461919903755188
2024-08-25 22:41:40,팀원들도 체코 닮아가노 ㅋㅋ,,31,31.0,팀원들도 체코 닮아가노 ㅋㅋ ,팀원들도 체코 닮아가노 ㅋㅋ,0.292751282453537,0.23089690506458282,0.26661816239356995,0.08702481538057327,0.0871739611029625,0.03553484007716179
2024-08-25 22:41:41,루이스.해밀턴초ㅋㅋㅋㅋ,ㅋㅋㅋ,31,31.0,루이스.해밀턴초ㅋㅋㅋㅋ ㅋㅋㅋ,루이스.해밀턴초ㅋㅋㅋㅋ ㅋㅋㅋ,0.08218161016702652,0.11614822596311569,0.6857159733772278,0.06082749366760254,0.023977063596248627,0.031149692833423615
2024-08-25 22:41:43,4.4는ㅋㅋㅋㅋㅋ,- dc official App,31,31.0,4.4는ㅋㅋㅋㅋㅋ - dc official App,4.4는ㅋㅋㅋㅋㅋ - dc official App,0.27138400077819824,0.2245364636182785,0.2219926416873932,0.15064944326877594,0.062322475016117096,0.06911499798297882
2024-08-25 22:41:45,오늘 핏스탑들 왜이러냐,찐빠 존나 나네 ㅋㅋㅋㅋㅋㅋㅋㅋ,31,31.0,오늘 핏스탑들 왜이러냐 찐빠 존나 나네 ㅋㅋㅋㅋㅋㅋㅋㅋ,오늘 핏스탑들 왜이러냐 찐빠 존나 나네 ㅋㅋㅋㅋㅋㅋㅋㅋ,0.1854887157678604,0.2780967652797699,0.11763668060302734,0.2024376094341278,0.10277775675058365,0.11356247216463089
2024-08-25 22:41:46,(레이스 이제 켰다) 첫 30랩 요약 부탁 ㅠㅠ 제발 사인즈 왜 저기야,"ㅇㅇ
- dc official App",31,31.0,"(레이스 이제 켰다) 첫 30랩 요약 부탁 ㅠㅠ 제발 사인즈 왜 저기야 ㅇㅇ
- dc official App",(레이스 이제 켰다) 첫 30랩 요약 부탁 ㅠㅠ 제발 사인즈 왜 저기야 ㅇㅇ,0.14707240462303162,0.30402201414108276,0.12272186577320099,0.15702635049819946,0.08667325228452682,0.18248414993286133
2024-08-25 22:41:46,경의44ㄷㄷㄷ,ㅋㅋㅋㅋㅋㅋㅋㅋ,31,31.0,경의44ㄷㄷㄷ ㅋㅋㅋㅋㅋㅋㅋㅋ,경의44ㄷㄷㄷ ㅋㅋㅋㅋㅋㅋㅋㅋ,0.21360446512699127,0.20667731761932373,0.39988428354263306,0.08405710756778717,0.05993541330099106,0.035841356962919235
2024-08-25 22:41:47,체황 ㅋㅋ,ㅋㅋ,31,31.0,체황 ㅋㅋ ㅋㅋ,체황 ㅋㅋ ㅋㅋ,0.0853685513138771,0.11591532826423645,0.683910071849823,0.058011818677186966,0.024869021028280258,0.03192515671253204
2024-08-25 22:41:48,래드불 ㄹㅇ씹창났노,- dc official App,31,31.0,래드불 ㄹㅇ씹창났노 - dc official App,래드불 ㄹㅇ씹창났노 - dc official App,0.19693484902381897,0.1981409639120102,0.10515309870243073,0.26226451992988586,0.072989821434021,0.16451670229434967
2024-08-25 22:41:48,병신불ㅋㅋㅋㅋㅋ,- dc official App,31,31.0,병신불ㅋㅋㅋㅋㅋ - dc official App,병신불ㅋㅋㅋㅋㅋ - dc official App,0.09013461321592331,0.12044016271829605,0.6656791567802429,0.0675053820014,0.023109693080186844,0.03313104808330536
2024-08-25 22:41:49,딸깍쇼를 물탕이가 하네,,31,31.0,딸깍쇼를 물탕이가 하네 ,딸깍쇼를 물탕이가 하네,0.2479729950428009,0.306339830160141,0.13119618594646454,0.1468285471200943,0.09813656657934189,0.06952594965696335
2024-08-25 22:41:50,체코 인종차별당하네 ㅠㅠㅠㅠㅠ,,31,31.0,체코 인종차별당하네 ㅠㅠㅠㅠㅠ ,체코 인종차별당하네 ㅠㅠㅠㅠㅠ,0.1930934488773346,0.25767526030540466,0.10265132039785385,0.16213245689868927,0.08751216530799866,0.19693532586097717
2024-08-25 22:41:54,체코 사망 ㄷㄷ,,31,31.0,체코 사망 ㄷㄷ ,체코 사망 ㄷㄷ,0.3262747526168823,0.20413468778133392,0.12183084338903427,0.1476099044084549,0.11568330973386765,0.08446654677391052
2024-08-25 22:41:53,존나 비호감인 새끼들만 잘나가네,좆같다,31,31.0,존나 비호감인 새끼들만 잘나가네 좆같다,존나 비호감인 새끼들만 잘나가네 좆같다,0.13298046588897705,0.1662648469209671,0.1306920349597931,0.31533634662628174,0.04557398334145546,0.2091522216796875
2024-08-25 22:41:55,GG,"2024 드챔컨챔
뉴네오애새끼&좆라렌
- ORACLE RED BULL RACING RB20",31,31.0,"GG 2024 드챔컨챔
뉴네오애새끼&좆라렌
- ORACLE RED BULL RACING RB20",GG 2024 드챔컨챔 뉴네오애새끼&좆라렌 - ORACLE RED BULL RACING RB20,0.21599912643432617,0.19634458422660828,0.3285865783691406,0.14693421125411987,0.04504590108990669,0.0670895203948021
2024-08-25 22:42:01,누리스 개빠르네,줄어드는거보소,31,31.0,누리스 개빠르네 줄어드는거보소,누리스 개빠르네 줄어드는거보소,0.27799105644226074,0.20145419239997864,0.30606454610824585,0.08553909510374069,0.08647504448890686,0.04247612878680229
2024-08-25 22:42:04,4.4의 의미,시트 지킬 생각 하지 말고 싸게 싸게 나가라,31,31.0,4.4의 의미 시트 지킬 생각 하지 말고 싸게 싸게 나가라,4.4의 의미 시트 지킬 생각 하지 말고 싸게 싸게 나가라,0.3140975534915924,0.24091824889183044,0.08381710946559906,0.13856156170368195,0.08072865009307861,0.14187684655189514
2024-08-25 22:42:09,드리프트 ㅋㅋㅋㅋ,,31,31.0,드리프트 ㅋㅋㅋㅋ ,드리프트 ㅋㅋㅋㅋ,0.13607029616832733,0.14523924887180328,0.5760225653648376,0.07517645508050919,0.03424924984574318,0.03324218839406967
2024-08-25 22:42:10,햄경을 응원하는 의미 아닐까 44,4.4초,31,31.0,햄경을 응원하는 의미 아닐까 44 4.4초,햄경을 응원하는 의미 아닐까 44 4.4초,0.10752815753221512,0.16422618925571442,0.5833095908164978,0.06169775500893593,0.04019778221845627,0.04304046183824539
2024-08-25 22:42:11,핏스탑 G.O.A.T,- dc official App,31,31.0,핏스탑 G.O.A.T - dc official App,핏스탑 G.O.A.T - dc official App,0.2144327312707901,0.2129712551832199,0.37060341238975525,0.1068546399474144,0.034966737031936646,0.060171276330947876
2024-08-25 22:42:12,이새끼 ㅈ망했으면 개추,- dc official App,31,31.0,이새끼 ㅈ망했으면 개추 - dc official App,이새끼 ㅈ망했으면 개추 - dc official App,0.16250869631767273,0.15162143111228943,0.26241835951805115,0.23910042643547058,0.06156430020928383,0.1227867528796196
2024-08-25 22:42:13,오늘 핏크루들 단체로 장염이라도 걸림?,"자우버빼고 다들 상태가 이상하노
- dc official App",31,31.0,"오늘 핏크루들 단체로 장염이라도 걸림? 자우버빼고 다들 상태가 이상하노
- dc official App",오늘 핏크루들 단체로 장염이라도 걸림? 자우버빼고 다들 상태가 이상하노,0.29363226890563965,0.192073255777359,0.07669593393802643,0.18681193888187408,0.09394385665655136,0.15684273838996887
2024-08-25 22:42:15,오늘 르끌 왜 잘달림?,"쁠랜a의 위엄인가
- dc official App",31,31.0,"오늘 르끌 왜 잘달림? 쁠랜a의 위엄인가
- dc official App",오늘 르끌 왜 잘달림? 쁠랜a의 위엄인가,0.2565118670463562,0.21460510790348053,0.3348498046398163,0.0739913210272789,0.0855119377374649,0.034529950469732285
2024-08-25 22:42:14,"[실시간] 카를로스 슬림, 카르텔 출격 준비 ㅋㅋ",,31,31.0,"[실시간] 카를로스 슬림, 카르텔 출격 준비 ㅋㅋ ","[실시간] 카를로스 슬림, 카르텔 출격 준비 ㅋㅋ",0.1070883572101593,0.12689630687236786,0.632905900478363,0.06655899435281754,0.03235109522938728,0.034199390560388565
2024-08-25 22:42:33,노리스식 사인츠 추월 ㅋㅋ,,31,31.0,노리스식 사인츠 추월 ㅋㅋ ,노리스식 사인츠 추월 ㅋㅋ,0.12414051592350006,0.13901934027671814,0.6060994267463684,0.06587101519107819,0.03368411213159561,0.031185565516352654
2024-08-25 22:42:35,아니 사전트랑 저우는 꼴지 두고 신냉전 하네,막하막하의 무시무시한 꼴등싸움!,31,31.0,아니 사전트랑 저우는 꼴지 두고 신냉전 하네 막하막하의 무시무시한 꼴등싸움!,아니 사전트랑 저우는 꼴지 두고 신냉전 하네 막하막하의 무시무시한 꼴등싸움!,0.3343489468097687,0.2135922610759735,0.09572409838438034,0.1367151290178299,0.13820220530033112,0.08141732960939407
2024-08-25 22:42:35,2.6 굿,,31,31.0,2.6 굿 ,2.6 굿,0.07562993466854095,0.1215645894408226,0.6723378896713257,0.05718747898936272,0.029326949268579483,0.043953102082014084
2024-08-25 22:42:41,페라리 오늘은 다르다,,31,31.0,페라리 오늘은 다르다 ,페라리 오늘은 다르다,0.11728642135858536,0.20489542186260223,0.5216031670570374,0.061434611678123474,0.0467710942029953,0.04800931736826897
2024-08-25 22:42:54,페라리 오늘까진 스무스하네,병신짓은 안하는듯 아직,32,32.0,페라리 오늘까진 스무스하네 병신짓은 안하는듯 아직,페라리 오늘까진 스무스하네 병신짓은 안하는듯 아직,0.18463200330734253,0.3001163601875305,0.2587438225746155,0.08420929312705994,0.06731969863176346,0.10497874766588211
2024-08-25 22:42:56,케로 : 추월왕은 좋은 차를 타고 뒷포지션이었단 소리다,우리 체황 저격했어???,32,32.0,케로 : 추월왕은 좋은 차를 타고 뒷포지션이었단 소리다 우리 체황 저격했어???,케로 : 추월왕은 좋은 차를 타고 뒷포지션이었단 소리다 우리 체황 저격했어???,0.2896108329296112,0.236027330160141,0.0999077633023262,0.15519008040428162,0.1435287892818451,0.07573523372411728
2024-08-25 22:42:59,그냥 맥라렌 새끼들이 싫으면 ㄱㅊ,레메페 항우회 모여라,32,32.0,그냥 맥라렌 새끼들이 싫으면 ㄱㅊ 레메페 항우회 모여라,그냥 맥라렌 새끼들이 싫으면 ㄱㅊ 레메페 항우회 모여라,0.15773220360279083,0.1673855483531952,0.14177590608596802,0.32174521684646606,0.05226483941078186,0.15909627079963684
2024-08-25 22:42:58,피아제는 원스탑 확정인가,- dc official App,32,32.0,피아제는 원스탑 확정인가 - dc official App,피아제는 원스탑 확정인가 - dc official App,0.21834780275821686,0.20335763692855835,0.3890029788017273,0.07969527691602707,0.05366463214159012,0.055931657552719116
2024-08-25 22:43:03,체코 따러 가자 사인츠,,32,32.0,체코 따러 가자 사인츠 ,체코 따러 가자 사인츠,0.0942736268043518,0.13391822576522827,0.6457123160362244,0.0593593455851078,0.030372118577361107,0.03636443242430687
2024-08-25 22:43:17,막스 우승 못한다 개추,그래도 어찌어찌 우승은 한다 비추,32,32.0,막스 우승 못한다 개추 그래도 어찌어찌 우승은 한다 비추,막스 우승 못한다 개추 그래도 어찌어찌 우승은 한다 비추,0.22136664390563965,0.3296814262866974,0.11372055113315582,0.11556408554315567,0.08054705709218979,0.1391202211380005
2024-08-25 22:43:23,체코 완급조절 지리네ㅋㅋㅋ,"사인지 바로 따버리노
- dc official App",32,32.0,"체코 완급조절 지리네ㅋㅋㅋ 사인지 바로 따버리노
- dc official App",체코 완급조절 지리네ㅋㅋㅋ 사인지 바로 따버리노,0.26777327060699463,0.1945376843214035,0.33382248878479004,0.08666576445102692,0.07868381589651108,0.03851701691746712
2024-08-25 22:43:25,피아스트리... 이제 드가야할텐데,,32,32.0,피아스트리... 이제 드가야할텐데 ,피아스트리... 이제 드가야할텐데,0.20552510023117065,0.3097369968891144,0.199082612991333,0.09471597522497177,0.0860125869512558,0.1049267053604126
2024-08-25 22:43:30,2.5 굿굿,.,32,32.0,2.5 굿굿 .,2.5 굿굿 .,0.06539666652679443,0.12339290976524353,0.6696774959564209,0.059586942195892334,0.029488980770111084,0.05245694890618324
2024-08-25 22:43:32,국왕님 토잉 뭐노ㅋㅋ,ㅋㅋㅋ,32,32.0,국왕님 토잉 뭐노ㅋㅋ ㅋㅋㅋ,국왕님 토잉 뭐노ㅋㅋ ㅋㅋㅋ,0.25204727053642273,0.2992103695869446,0.21696622669696808,0.09124397486448288,0.08699218183755875,0.05353992059826851
2024-08-25 22:43:38,르끌 포디움 ㄱㄱ싱,ㅋㅋ,32,32.0,르끌 포디움 ㄱㄱ싱 ㅋㅋ,르끌 포디움 ㄱㄱ싱 ㅋㅋ,0.07559272646903992,0.11870433390140533,0.6825740933418274,0.05896198749542236,0.026468684896826744,0.03769822418689728
2024-08-25 22:43:39,대체코ㅋㅋㅋ,ㅋㅋ,32,32.0,대체코ㅋㅋㅋ ㅋㅋ,대체코ㅋㅋㅋ ㅋㅋ,0.09875786304473877,0.13662496209144592,0.6397744417190552,0.06761783361434937,0.02519642375409603,0.032028526067733765
2024-08-25 22:43:39,도련놈은 왜 저깄음?,어제 q3 가지 않았나 ㅋㅋ,32,32.0,도련놈은 왜 저깄음? 어제 q3 가지 않았나 ㅋㅋ,도련놈은 왜 저깄음? 어제 q3 가지 않았나 ㅋㅋ,0.2470749020576477,0.2857113778591156,0.1404830366373062,0.16587381064891815,0.08162521570920944,0.07923170179128647
2024-08-25 22:43:39,오늘 핏스탑 전체적으로 다 느리네 쉬고와서 그런가,,32,32.0,오늘 핏스탑 전체적으로 다 느리네 쉬고와서 그런가 ,오늘 핏스탑 전체적으로 다 느리네 쉬고와서 그런가,0.23215433955192566,0.3135550320148468,0.10670611262321472,0.1280096173286438,0.06753332167863846,0.15204164385795593
2024-08-25 22:43:41,맥 진짜 존나 강해졋네 ㄹㅇ,ㅁㄴ,32,32.0,맥 진짜 존나 강해졋네 ㄹㅇ ㅁㄴ,맥 진짜 존나 강해졋네 ㄹㅇ ㅁㄴ,0.3000980317592621,0.20487608015537262,0.24737678468227386,0.10073819756507874,0.10112733393907547,0.045783571898937225
2024-08-25 22:43:44,시즌초엔 다들 1.9초 2.0초 이랬는데,지금은 왜 죄다 2.5초 내외 나옴?,32,32.0,시즌초엔 다들 1.9초 2.0초 이랬는데 지금은 왜 죄다 2.5초 내외 나옴?,시즌초엔 다들 1.9초 2.0초 이랬는데 지금은 왜 죄다 2.5초 내외 나옴?,0.20672591030597687,0.3216201066970825,0.0811915397644043,0.1626175194978714,0.0581451952457428,0.1696997731924057
2024-08-25 22:43:45,대 체 코,"ㅅ
ㅅ",32,32.0,"대 체 코 ㅅ
ㅅ",대 체 코 ㅅ ㅅ,0.06692749261856079,0.11156582087278366,0.7063915729522705,0.054337259382009506,0.024425050243735313,0.03635276481509209
2024-08-25 22:43:48,비켜 국왕,,32,32.0,비켜 국왕 ,비켜 국왕,0.09607798606157303,0.15334564447402954,0.6043657660484314,0.0698268711566925,0.03143106773495674,0.044952720403671265
2024-08-25 22:43:54,가슬리 6등ㅅㅅ,가밑체,32,32.0,가슬리 6등ㅅㅅ 가밑체,가슬리 6등ㅅㅅ 가밑체,0.2535824775695801,0.25388357043266296,0.24221332371234894,0.11271542310714722,0.06900031119585037,0.06860486418008804
2024-08-25 22:44:00,스페인 향우회 토잉 야무지노ㅋㅋㅋ,ㅋㅋ,32,32.0,스페인 향우회 토잉 야무지노ㅋㅋㅋ ㅋㅋ,스페인 향우회 토잉 야무지노ㅋㅋㅋ ㅋㅋ,0.08926183730363846,0.1324182152748108,0.6497923731803894,0.059151262044906616,0.033284857869148254,0.03609145060181618
2024-08-25 22:44:04,체황 ㅋㅋ,,32,32.0,체황 ㅋㅋ ,체황 ㅋㅋ,0.08297953754663467,0.11339977383613586,0.6867664456367493,0.058964382857084274,0.024892406538128853,0.032997433096170425
2024-08-25 22:44:06,피아제는 언제까지 버티려고..,,33,33.0,피아제는 언제까지 버티려고.. ,피아제는 언제까지 버티려고..,0.32123565673828125,0.2488846629858017,0.0865890234708786,0.11895357072353363,0.09931372851133347,0.12502336502075195
2024-08-25 22:44:09,스트롤은 언제 16위갔냐,,33,33.0,스트롤은 언제 16위갔냐 ,스트롤은 언제 16위갔냐,0.33093640208244324,0.24057118594646454,0.08336412161588669,0.1467694640159607,0.11150862276554108,0.08685024082660675
2024-08-25 22:44:18,알핀도 업뎃함???,가슬리 잘하네,33,33.0,알핀도 업뎃함??? 가슬리 잘하네,알핀도 업뎃함??? 가슬리 잘하네,0.2777690291404724,0.22073249518871307,0.2942388653755188,0.08008932322263718,0.08927159756422043,0.03789869695901871
2024-08-25 22:44:21,페레즈한테는 추월방어 사인즈한테는 drs,동향 사랑의 알국왕 ㅋㅋㅋㅋ,33,33.0,페레즈한테는 추월방어 사인즈한테는 drs 동향 사랑의 알국왕 ㅋㅋㅋㅋ,페레즈한테는 추월방어 사인즈한테는 drs 동향 사랑의 알국왕 ㅋㅋㅋㅋ,0.10952046513557434,0.15338866412639618,0.6021880507469177,0.06781410425901413,0.03609674051403999,0.030992010608315468
2024-08-25 22:44:23,스페인향우회ㅋㅋㅋ,ㅋㅋㅋㅋ,33,33.0,스페인향우회ㅋㅋㅋ ㅋㅋㅋㅋ,스페인향우회ㅋㅋㅋ ㅋㅋㅋㅋ,0.08757369965314865,0.1290014386177063,0.6658518314361572,0.062392570078372955,0.024739384651184082,0.03044101968407631
2024-08-25 22:44:25,오 애마가 왜 빠르노,,33,33.0,오 애마가 왜 빠르노 ,오 애마가 왜 빠르노,0.30871686339378357,0.22802528738975525,0.2231658697128296,0.10126811265945435,0.09423638880252838,0.044587504118680954
2024-08-25 22:44:33,피아제 누구뒤로 갈려나,ㄷㄷ,33,33.0,피아제 누구뒤로 갈려나 ㄷㄷ,피아제 누구뒤로 갈려나 ㄷㄷ,0.325782835483551,0.20792065560817719,0.10432276874780655,0.13248784840106964,0.11945840716362,0.11002752184867859
2024-08-25 22:44:33,크레인은 왤케많은거야,차 박으면 들려고 대기중인거임?,33,33.0,크레인은 왤케많은거야 차 박으면 들려고 대기중인거임?,크레인은 왤케많은거야 차 박으면 들려고 대기중인거임?,0.29412785172462463,0.2368525117635727,0.09561821818351746,0.15913568437099457,0.10444694757461548,0.10981877893209457
2024-08-25 22:44:37,헐크는 올라오질 몬하네,프랙이랑 퀄리때도 차 락업걸려서 못하더니 오늘도 영 아니네,33,33.0,헐크는 올라오질 몬하네 프랙이랑 퀄리때도 차 락업걸려서 못하더니 오늘도 영 아니네,헐크는 올라오질 몬하네 프랙이랑 퀄리때도 차 락업걸려서 못하더니 오늘도 영 아니네,0.19797959923744202,0.3057610094547272,0.08169107139110565,0.14354673027992249,0.06471864134073257,0.2063029408454895
2024-08-25 22:44:39,르끌 우승도전 가능?,123 떨어진 거리 다 비슷하노,33,33.0,르끌 우승도전 가능? 123 떨어진 거리 다 비슷하노,르끌 우승도전 가능? 123 떨어진 거리 다 비슷하노,0.3102756142616272,0.26567310094833374,0.11845146119594574,0.11343587934970856,0.1293935477733612,0.06277042627334595
2024-08-25 22:44:39,동향 사랑은 알평 ㅋㅋㅋ,"DRS까지 켜주고 가네 ㅋㅋㅋ
- dc official App",33,33.0,"동향 사랑은 알평 ㅋㅋㅋ DRS까지 켜주고 가네 ㅋㅋㅋ
- dc official App",동향 사랑은 알평 ㅋㅋㅋ DRS까지 켜주고 가네 ㅋㅋㅋ,0.06616683304309845,0.11887379735708237,0.696973979473114,0.05067092180252075,0.028026271611452103,0.03928815573453903
2024-08-25 22:44:42,피아제도 타이어 위스퍼러냐,ㄹㅇ,33,33.0,피아제도 타이어 위스퍼러냐 ㄹㅇ,피아제도 타이어 위스퍼러냐 ㄹㅇ,0.33478114008903503,0.20570138096809387,0.10235783457756042,0.16430829465389252,0.11238202452659607,0.08046925812959671
2024-08-25 22:44:52,저우관유 그냥 박아라ㅋㅋ,실력도 없고 낭만도 없고,33,33.0,저우관유 그냥 박아라ㅋㅋ 실력도 없고 낭만도 없고,저우관유 그냥 박아라ㅋㅋ 실력도 없고 낭만도 없고,0.19942998886108398,0.295550137758255,0.09962795674800873,0.18479961156845093,0.08751975744962692,0.13307254016399384
2024-08-25 22:44:53,스페인어vs멕시코어 ㅋㅋ,,33,33.0,스페인어vs멕시코어 ㅋㅋ ,스페인어vs멕시코어 ㅋㅋ,0.21657370030879974,0.2183070331811905,0.3492709696292877,0.11222787201404572,0.05169945955276489,0.051920950412750244
2024-08-25 22:44:55,츠노다는 왜 알본이랑 놀고있냐,분명 훨씬 앞에서 출발했는데,33,33.0,츠노다는 왜 알본이랑 놀고있냐 분명 훨씬 앞에서 출발했는데,츠노다는 왜 알본이랑 놀고있냐 분명 훨씬 앞에서 출발했는데,0.2825266718864441,0.26438143849372864,0.08894390612840652,0.17924334108829498,0.06929674744606018,0.1156078577041626
2024-08-25 22:44:56,슬슬 하나 안깨지나...,,33,33.0,슬슬 하나 안깨지나... ,슬슬 하나 안깨지나...,0.1510998010635376,0.2809799015522003,0.1340225487947464,0.1808200627565384,0.08735372126102448,0.165723979473114
2024-08-25 22:45:01,대 황 코,,33,33.0,대 황 코 ,대 황 코,0.07234513014554977,0.11730767041444778,0.6839926242828369,0.056605350226163864,0.030012233182787895,0.03973690792918205
2024-08-25 22:45:07,르끌레 포디움은 가능한 위치 아닌가,"가보자고
- dc official App",33,33.0,"르끌레 포디움은 가능한 위치 아닌가 가보자고
- dc official App",르끌레 포디움은 가능한 위치 아닌가 가보자고,0.16168536245822906,0.1744021624326706,0.507185161113739,0.06609763950109482,0.04765104129910469,0.04297857731580734
2024-08-25 22:45:27,근데 쥬지가 존재감이 없네,오늘 상태 매롱하냐,34,34.0,근데 쥬지가 존재감이 없네 오늘 상태 매롱하냐,근데 쥬지가 존재감이 없네 오늘 상태 매롱하냐,0.23814404010772705,0.3244337737560272,0.0981161817908287,0.1146903932094574,0.09462707489728928,0.12998853623867035
2024-08-25 22:45:33,피아제 원스탑이네,"ㅇㅇ
- ORACLE RED BULL RACING RB20",34,34.0,"피아제 원스탑이네 ㅇㅇ
- ORACLE RED BULL RACING RB20",피아제 원스탑이네 ㅇㅇ - ORACLE RED BULL RACING RB20,0.18192262947559357,0.1900215893983841,0.4432360827922821,0.0912451520562172,0.040891923010349274,0.05268266797065735
2024-08-25 22:45:35,가슬리 3.3?,,34,34.0,가슬리 3.3? ,가슬리 3.3?,0.3491755723953247,0.22260071337223053,0.14602075517177582,0.11953669786453247,0.09486135840415955,0.06780494004487991
2024-08-25 22:45:35,츠노다 벌써 또들어가 ㅋㅋ,,34,34.0,츠노다 벌써 또들어가 ㅋㅋ ,츠노다 벌써 또들어가 ㅋㅋ,0.06678503751754761,0.1368403434753418,0.6568808555603027,0.06628354638814926,0.028142310678958893,0.045067887753248215
2024-08-25 22:45:40,결국 메르년들 때문에 쥬지만 르끌한테 따이고..,포디움을 돌려줘!!!,34,34.0,결국 메르년들 때문에 쥬지만 르끌한테 따이고.. 포디움을 돌려줘!!!,결국 메르년들 때문에 쥬지만 르끌한테 따이고.. 포디움을 돌려줘!!!,0.11280807107686996,0.18857522308826447,0.1356021910905838,0.2794780433177948,0.056407179683446884,0.22712931036949158
2024-08-25 22:45:48,가슬리 3.3 ㅅㅂㅋㅋㅋㅋㅋ,아,34,34.0,가슬리 3.3 ㅅㅂㅋㅋㅋㅋㅋ 아,가슬리 3.3 ㅅㅂㅋㅋㅋㅋㅋ 아,0.14360573887825012,0.2611587643623352,0.11757936328649521,0.26812809705734253,0.0686287134885788,0.14089933037757874
2024-08-25 22:45:55,오늘은 페라리 전략이 성공한 날이다,르끌 포디움 각이다 ㅋㅋㅋ,34,34.0,오늘은 페라리 전략이 성공한 날이다 르끌 포디움 각이다 ㅋㅋㅋ,오늘은 페라리 전략이 성공한 날이다 르끌 포디움 각이다 ㅋㅋㅋ,0.06471554934978485,0.11601121723651886,0.6921802759170532,0.05996197834610939,0.02705874666571617,0.04007221758365631
2024-08-25 22:45:56,오늘 왜케 인터벌이 다 길어? 이트랙이 원래그럼?,"전략싸움 트랙임?
- dc official App",34,34.0,"오늘 왜케 인터벌이 다 길어? 이트랙이 원래그럼? 전략싸움 트랙임?
- dc official App",오늘 왜케 인터벌이 다 길어? 이트랙이 원래그럼? 전략싸움 트랙임?,0.3038173317909241,0.27447590231895447,0.09348973631858826,0.13259465992450714,0.08659562468528748,0.10902666300535202
2024-08-25 22:45:57,츠노다 2.1 뭐림??,,34,34.0,츠노다 2.1 뭐림?? ,츠노다 2.1 뭐림??,0.3467515707015991,0.22713686525821686,0.17227065563201904,0.10511869937181473,0.08139526844024658,0.06732694804668427
2024-08-25 22:46:00,알비 병신전략 이번엔 츠노다한테 갔네 ㅋㅋㅋ,도대체 뭐하는 중이냐 ㅋㅋ,34,34.0,알비 병신전략 이번엔 츠노다한테 갔네 ㅋㅋㅋ 도대체 뭐하는 중이냐 ㅋㅋ,알비 병신전략 이번엔 츠노다한테 갔네 ㅋㅋㅋ 도대체 뭐하는 중이냐 ㅋㅋ,0.24787580966949463,0.23036877810955048,0.08411162346601486,0.2202076017856598,0.09718117862939835,0.1202550083398819
2024-08-25 22:46:00,피아제는 러셀 뒤로 나오려나,,34,34.0,피아제는 러셀 뒤로 나오려나 ,피아제는 러셀 뒤로 나오려나,0.3220284879207611,0.23592935502529144,0.1810516119003296,0.09701091796159744,0.0831594467163086,0.0808202400803566
2024-08-25 22:46:00,츠노다 2.1 ㄷㄷㄷㄷ,ㄷㄷ,34,34.0,츠노다 2.1 ㄷㄷㄷㄷ ㄷㄷ,츠노다 2.1 ㄷㄷㄷㄷ ㄷㄷ,0.34280577301979065,0.2067180573940277,0.13454292714595795,0.13179953396320343,0.11841508746147156,0.06571855396032333
2024-08-25 22:46:04,노리스 이쉑 혼자 퀄리파잉하네,ㅋㅋㅋㅋㅋㅋㅋㅋ,34,34.0,노리스 이쉑 혼자 퀄리파잉하네 ㅋㅋㅋㅋㅋㅋㅋㅋ,노리스 이쉑 혼자 퀄리파잉하네 ㅋㅋㅋㅋㅋㅋㅋㅋ,0.20794448256492615,0.19590814411640167,0.37489357590675354,0.11687695980072021,0.06340766698122025,0.0409691296517849
2024-08-25 22:46:00,황본 P 11 ㅋㅋㅋㅋㅋ,,34,34.0,황본 P 11 ㅋㅋㅋㅋㅋ ,황본 P 11 ㅋㅋㅋㅋㅋ,0.07994037121534348,0.11432154476642609,0.6752737760543823,0.06817630678415298,0.025768080726265907,0.03651987016201019
2024-08-25 22:46:05,막스 그냥 관광당하겠네,ㅇㅅㅇ,34,34.0,막스 그냥 관광당하겠네 ㅇㅅㅇ,막스 그냥 관광당하겠네 ㅇㅅㅇ,0.2219461053609848,0.30544915795326233,0.10584307461977005,0.14066748321056366,0.12219910323619843,0.10389507561922073
2024-08-25 22:46:12,츠노다 충격의 2.1,뭐냐 저거,34,34.0,츠노다 충격의 2.1 뭐냐 저거,츠노다 충격의 2.1 뭐냐 저거,0.3027368187904358,0.2125372290611267,0.1068802997469902,0.1729731559753418,0.10919134318828583,0.09568120539188385
2024-08-25 22:46:14,소마하는 씨발 ㅋㅋㅋㅋ,,34,34.0,소마하는 씨발 ㅋㅋㅋㅋ ,소마하는 씨발 ㅋㅋㅋㅋ,0.1075710654258728,0.18092752993106842,0.5104148387908936,0.11437957733869553,0.038316890597343445,0.04839003458619118
2024-08-25 22:46:15,피아스트리 투스탑 결과 어떠려나,,34,34.0,피아스트리 투스탑 결과 어떠려나 ,피아스트리 투스탑 결과 어떠려나,0.2780088484287262,0.23188692331314087,0.28022292256355286,0.08386919647455215,0.06789916008710861,0.058113012462854385
2024-08-25 22:46:16,2.4 빠르다,"쥬지쿤 뒤로 나오네
- dc official App",34,34.0,"2.4 빠르다 쥬지쿤 뒤로 나오네
- dc official App",2.4 빠르다 쥬지쿤 뒤로 나오네,0.19634512066841125,0.2580566108226776,0.3719765245914459,0.06983960419893265,0.0626022219657898,0.041179873049259186
2024-08-25 22:46:16,츠노다 무슨일이야,"에라이
- dc official App",34,34.0,"츠노다 무슨일이야 에라이
- dc official App",츠노다 무슨일이야 에라이,0.2179710417985916,0.24098007380962372,0.10327519476413727,0.19034749269485474,0.09539755433797836,0.15202875435352325
2024-08-25 22:46:25,2.4 굿,,34,34.0,2.4 굿 ,2.4 굿,0.07374881207942963,0.1274089813232422,0.6593275666236877,0.059584252536296844,0.030000614002346992,0.04992985725402832
2024-08-25 22:46:24,2.4 ㅅㅅㅅ,,34,34.0,2.4 ㅅㅅㅅ ,2.4 ㅅㅅㅅ,0.06726539134979248,0.1114484891295433,0.7012360692024231,0.05593344196677208,0.024969063699245453,0.039147600531578064
2024-08-25 22:46:30,리어잭맨 컨트롤 화려한거봐,"왜한바퀴 쳐돔ㅋㅋㅋ
- dc official App",34,34.0,"리어잭맨 컨트롤 화려한거봐 왜한바퀴 쳐돔ㅋㅋㅋ
- dc official App",리어잭맨 컨트롤 화려한거봐 왜한바퀴 쳐돔ㅋㅋㅋ,0.2540897727012634,0.2214784473180771,0.2613319158554077,0.12791593372821808,0.08586898446083069,0.04931499436497688
2024-08-25 22:46:40,2.4섹스,- dc official App,34,34.0,2.4섹스 - dc official App,2.4섹스 - dc official App,0.22627432644367218,0.20779873430728912,0.36228594183921814,0.10660945624113083,0.04127860069274902,0.055753011256456375
2024-08-25 22:46:42,이대로 끝날라나,ㄹㅇ,35,35.0,이대로 끝날라나 ㄹㅇ,이대로 끝날라나 ㄹㅇ,0.25673598051071167,0.23715555667877197,0.09744403511285782,0.130069762468338,0.10746830701828003,0.1711263507604599
2024-08-25 22:46:44,르끌이 개이득봤네,.,35,35.0,르끌이 개이득봤네 .,르끌이 개이득봤네 .,0.06794290989637375,0.1517799347639084,0.5900782942771912,0.08081376552581787,0.030042624101042747,0.07934247702360153
2024-08-25 22:46:54,자우버 특,피트 페라리 맥라렌과 동급이며 레드불 메르를 이김,35,35.0,자우버 특 피트 페라리 맥라렌과 동급이며 레드불 메르를 이김,자우버 특 피트 페라리 맥라렌과 동급이며 레드불 메르를 이김,0.21652473509311676,0.19127458333969116,0.4029419720172882,0.08463871479034424,0.057863350957632065,0.04675668478012085
2024-08-25 22:46:55,에잇 씨팔,실수좀 하지,35,35.0,에잇 씨팔 실수좀 하지,에잇 씨팔 실수좀 하지,0.12568049132823944,0.24018828570842743,0.11534878611564636,0.2598285675048828,0.054512228816747665,0.2044416218996048
2024-08-25 22:47:04,어우 십,,35,35.0,어우 십 ,어우 십,0.1609535664319992,0.20940959453582764,0.14042514562606812,0.2658916413784027,0.07395629584789276,0.14936374127864838
2024-08-25 22:47:06,알핀 시발 시트콤찍넼ㅋㅋㅋ,- dc official App,35,35.0,알핀 시발 시트콤찍넼ㅋㅋㅋ - dc official App,알핀 시발 시트콤찍넼ㅋㅋㅋ - dc official App,0.09280524402856827,0.1472792625427246,0.6266828179359436,0.07047257572412491,0.028292814269661903,0.034467291086912155
2024-08-25 22:47:07,와 시발 뭐야,,35,35.0,와 시발 뭐야 ,와 시발 뭐야,0.20734544098377228,0.2135770618915558,0.1214848980307579,0.2326221615076065,0.08542867749929428,0.13954177498817444
2024-08-25 22:47:08,피트크루 팔 하나 날릴뻔했노 ㅋㅋㅋ,ㅋㅋㅋ,35,35.0,피트크루 팔 하나 날릴뻔했노 ㅋㅋㅋ ㅋㅋㅋ,피트크루 팔 하나 날릴뻔했노 ㅋㅋㅋ ㅋㅋㅋ,0.15772898495197296,0.3295929431915283,0.20807576179504395,0.1435874104499817,0.0828956663608551,0.07811924815177917
2024-08-25 22:47:09,개좆핀 ㅋㅋㅋㅋㅋㅋㅋㅋㅋㅋ,ㅁㄴㅇㅁㄴ,35,35.0,개좆핀 ㅋㅋㅋㅋㅋㅋㅋㅋㅋㅋ ㅁㄴㅇㅁㄴ,개좆핀 ㅋㅋㅋㅋㅋㅋㅋㅋㅋㅋ ㅁㄴㅇㅁㄴ,0.08009637892246246,0.13142365217208862,0.6575412154197693,0.07061160355806351,0.024866465479135513,0.03546065837144852
2024-08-25 22:47:11,클날뻔 했네,,35,35.0,클날뻔 했네 ,클날뻔 했네,0.2890482246875763,0.26203760504722595,0.14668673276901245,0.11167249083518982,0.1139514148235321,0.07660351693630219
2024-08-25 22:47:12,개 ㅈ핀아,,35,35.0,개 ㅈ핀아 ,개 ㅈ핀아,0.1254260241985321,0.18031556904315948,0.15607580542564392,0.3280368149280548,0.052641868591308594,0.15750393271446228
2024-08-25 22:47:13,키미 당할뻔 ㅎㄷㄷㄷ,,35,35.0,키미 당할뻔 ㅎㄷㄷㄷ ,키미 당할뻔 ㅎㄷㄷㄷ,0.2886848449707031,0.22355292737483978,0.12336466461420059,0.15256014466285706,0.1263749897480011,0.08546245098114014
2024-08-25 22:47:18,ㅅㅂ 샹크스 될 뻔했노,ㄷㄷ,35,35.0,ㅅㅂ 샹크스 될 뻔했노 ㄷㄷ,ㅅㅂ 샹크스 될 뻔했노 ㄷㄷ,0.21455775201320648,0.24892130494117737,0.10462778806686401,0.18384724855422974,0.11374319344758987,0.1343027949333191
2024-08-25 22:47:19,고어물 나올뻔했노 십;,ㄷㄷ,35,35.0,고어물 나올뻔했노 십; ㄷㄷ,고어물 나올뻔했노 십; ㄷㄷ,0.26058435440063477,0.24464021623134613,0.10742796957492828,0.16229429841041565,0.11720841377973557,0.10784479230642319
2024-08-25 22:47:19,ㅅㅂ ㅈㄴ 위험했네,,35,35.0,ㅅㅂ ㅈㄴ 위험했네 ,ㅅㅂ ㅈㄴ 위험했네,0.263788640499115,0.23859374225139618,0.10609621554613113,0.16824597120285034,0.10566909611225128,0.11760636419057846
2024-08-25 22:47:22,127시간 당할 뻔했네 시발 진짜,ㄷㄷㄷㄷ,35,35.0,127시간 당할 뻔했네 시발 진짜 ㄷㄷㄷㄷ,127시간 당할 뻔했네 시발 진짜 ㄷㄷㄷㄷ,0.2141464501619339,0.21709227561950684,0.1230601966381073,0.20333223044872284,0.09922245889902115,0.1431463360786438
2024-08-25 22:47:23,와 큰일날뻔했네,,35,35.0,와 큰일날뻔했네 ,와 큰일날뻔했네,0.3114703297615051,0.23696713149547577,0.1568799763917923,0.11548329889774323,0.1159377470612526,0.06326155364513397
2024-08-25 22:47:23,샹크스될뻔했노,,35,35.0,샹크스될뻔했노 ,샹크스될뻔했노,0.21939793229103088,0.2941720485687256,0.11556591093540192,0.1458556056022644,0.11329880356788635,0.11170968413352966
2024-08-25 22:47:30,내가 다 무섭네,다칠뻔;,35,35.0,내가 다 무섭네 다칠뻔;,내가 다 무섭네 다칠뻔;,0.32337215542793274,0.2080371230840683,0.1349700391292572,0.13150270283222198,0.12474708259105682,0.07737091183662415
2024-08-25 22:47:31,핏크루 손목 앙고당할뻔ㅋㅋㅋ,ㅋㅋㅋㅋ,35,35.0,핏크루 손목 앙고당할뻔ㅋㅋㅋ ㅋㅋㅋㅋ,핏크루 손목 앙고당할뻔ㅋㅋㅋ ㅋㅋㅋㅋ,0.1615220010280609,0.31762591004371643,0.22561819851398468,0.14640919864177704,0.07482731342315674,0.0739973783493042
2024-08-25 22:47:32,핏스탑 시작부터 끝까지 불안한 요소 천지노ㅋㅋㅋ,ㅋㅋㅋ,35,35.0,핏스탑 시작부터 끝까지 불안한 요소 천지노ㅋㅋㅋ ㅋㅋㅋ,핏스탑 시작부터 끝까지 불안한 요소 천지노ㅋㅋㅋ ㅋㅋㅋ,0.1688753217458725,0.3584024906158447,0.11180555820465088,0.1388687938451767,0.08097910135984421,0.14106868207454681
2024-08-25 22:47:35,핏크루.. 팔이!!,포인트에 두고왓다,35,35.0,핏크루.. 팔이!! 포인트에 두고왓다,핏크루.. 팔이!! 포인트에 두고왓다,0.15777285397052765,0.36544713377952576,0.16886229813098907,0.12740513682365417,0.08478185534477234,0.09573075920343399
2024-08-25 22:47:37,와 뭔 격차가 안 좁혀지냐,ㅋㅋㅋㅋ,35,35.0,와 뭔 격차가 안 좁혀지냐 ㅋㅋㅋㅋ,와 뭔 격차가 안 좁혀지냐 ㅋㅋㅋㅋ,0.2785877585411072,0.21903029084205627,0.09564831852912903,0.19468334317207336,0.11705366522073746,0.0949966087937355
2024-08-25 22:47:42,전륜에 닿아서 다행이네,"후륜이었으면 바로 팔 꽈배기 됐을텐데
키미가 한 번 보여줬지",35,35.0,"전륜에 닿아서 다행이네 후륜이었으면 바로 팔 꽈배기 됐을텐데
키미가 한 번 보여줬지",전륜에 닿아서 다행이네 후륜이었으면 바로 팔 꽈배기 됐을텐데 키미가 한 번 보여줬지,0.10367225110530853,0.18705357611179352,0.5174471139907837,0.06473926454782486,0.04820762202143669,0.0788801833987236
2024-08-25 22:47:44,주관우는 원스탑인데 투스탑한 노다 밑이야?,진짜 goat,35,35.0,주관우는 원스탑인데 투스탑한 노다 밑이야? 진짜 goat,주관우는 원스탑인데 투스탑한 노다 밑이야? 진짜 goat,0.3281002342700958,0.24139539897441864,0.08913373202085495,0.14097534120082855,0.11636824905872345,0.08402703702449799
2024-08-25 22:47:53,진짜 좆망차 입갤 ㅋㅋ,,35,35.0,진짜 좆망차 입갤 ㅋㅋ ,진짜 좆망차 입갤 ㅋㅋ,0.14918819069862366,0.24519377946853638,0.10833509266376495,0.22962522506713867,0.08046279102563858,0.18719501793384552
2024-08-25 22:47:54,Redbull downfall is real,ㄹㅇ,35,35.0,Redbull downfall is real ㄹㅇ,Redbull downfall is real ㄹㅇ,0.136140376329422,0.14258095622062683,0.5574306845664978,0.08845140039920807,0.040266018360853195,0.035130616277456284
2024-08-25 22:47:58,노리스 겁나 빠르네 오늘,우승하것다,36,36.0,노리스 겁나 빠르네 오늘 우승하것다,노리스 겁나 빠르네 오늘 우승하것다,0.2475356012582779,0.21125975251197815,0.33877113461494446,0.07848367094993591,0.08364657312631607,0.04030323028564453
2024-08-25 22:47:59,마그누센 타이어 뭐냐 ㅋㅋㅋㅋㅋㅋㅋㅋㅋ,,36,36.0,마그누센 타이어 뭐냐 ㅋㅋㅋㅋㅋㅋㅋㅋㅋ ,마그누센 타이어 뭐냐 ㅋㅋㅋㅋㅋㅋㅋㅋㅋ,0.2859652638435364,0.2686704993247986,0.1730673909187317,0.13288924098014832,0.0726843997836113,0.0667232796549797
2024-08-25 22:48:01,알핀 ㅈㄴ 웃었는데 피트크루 디질뻔한거였네,- dc official App,36,36.0,알핀 ㅈㄴ 웃었는데 피트크루 디질뻔한거였네 - dc official App,알핀 ㅈㄴ 웃었는데 피트크루 디질뻔한거였네 - dc official App,0.21083885431289673,0.3134434223175049,0.1606704145669937,0.12305920571088791,0.11459744721651077,0.0773906260728836
2024-08-25 22:48:05,진짜 맥라렌이 미쳤네 이번 경기,ㄷㄷ,36,36.0,진짜 맥라렌이 미쳤네 이번 경기 ㄷㄷ,진짜 맥라렌이 미쳤네 이번 경기 ㄷㄷ,0.32822850346565247,0.19540074467658997,0.19470010697841644,0.11898581683635712,0.10977885127067566,0.05290602892637253
2024-08-25 22:48:05,웬만하면 노리스 우승이겠는데,와 맥라렌,36,36.0,웬만하면 노리스 우승이겠는데 와 맥라렌,웬만하면 노리스 우승이겠는데 와 맥라렌,0.34744784235954285,0.202621191740036,0.1703510284423828,0.10892028361558914,0.12229859083890915,0.048361096531152725
2024-08-25 22:48:06,그냥 누리스 우승 확정이네,,36,36.0,그냥 누리스 우승 확정이네 ,그냥 누리스 우승 확정이네,0.07181600481271744,0.12308166176080704,0.676343560218811,0.054565250873565674,0.03505759686231613,0.039135903120040894
2024-08-25 22:48:12,쿠플은 한국어 중계해주냐 ?,ㅇㅇ ?,36,36.0,쿠플은 한국어 중계해주냐 ? ㅇㅇ ?,쿠플은 한국어 중계해주냐 ? ㅇㅇ ?,0.3148965835571289,0.25026148557662964,0.15366984903812408,0.10903763771057129,0.0760379284620285,0.09609649330377579
2024-08-25 22:48:13,언세이프 릴리즈 ㅋㅋㅋㅋㅋ,,36,36.0,언세이프 릴리즈 ㅋㅋㅋㅋㅋ ,언세이프 릴리즈 ㅋㅋㅋㅋㅋ,0.08305951207876205,0.11206857115030289,0.6877637505531311,0.06276946514844894,0.022717395797371864,0.03162132203578949
2024-08-25 22:48:14,이대로 크루징하다 끝나겠는데?,자러간다,36,36.0,이대로 크루징하다 끝나겠는데? 자러간다,이대로 크루징하다 끝나겠는데? 자러간다,0.14018821716308594,0.34296470880508423,0.1831197738647461,0.13209088146686554,0.07140740752220154,0.13022898137569427
2024-08-25 22:48:15,가슬리 언세이프 릴리즈,"아까 출발할때 핏크루 칠뻔한거 그거인듯
- dc official App",36,36.0,"가슬리 언세이프 릴리즈 아까 출발할때 핏크루 칠뻔한거 그거인듯
- dc official App",가슬리 언세이프 릴리즈 아까 출발할때 핏크루 칠뻔한거 그거인듯,0.3211100995540619,0.25168004631996155,0.15089844167232513,0.1075960323214531,0.09561917930841446,0.07309611886739731
2024-08-25 22:48:18,피아제 포디움 가능하다고 봄?,원스탑해도 노리스랑 맥라렌 원투는 절대 불가능하려나,36,36.0,피아제 포디움 가능하다고 봄? 원스탑해도 노리스랑 맥라렌 원투는 절대 불가능하려나,피아제 포디움 가능하다고 봄? 원스탑해도 노리스랑 맥라렌 원투는 절대 불가능하려나,0.36303672194480896,0.2219659686088562,0.110836461186409,0.10822736471891403,0.11011684685945511,0.08581662178039551
2024-08-25 22:48:18,맥라렌 작년 레드불급 차 아니냐?,이제 누리스가 크루징하네,36,36.0,맥라렌 작년 레드불급 차 아니냐? 이제 누리스가 크루징하네,맥라렌 작년 레드불급 차 아니냐? 이제 누리스가 크루징하네,0.3580416440963745,0.22719508409500122,0.14090876281261444,0.11351953446865082,0.10782264173030853,0.05251235142350197
2024-08-25 22:48:19,언세이프 릴리즈 ㅋㅋㅋㅋㅋ,,36,36.0,언세이프 릴리즈 ㅋㅋㅋㅋㅋ ,언세이프 릴리즈 ㅋㅋㅋㅋㅋ,0.08305951207876205,0.11206857115030289,0.6877637505531311,0.06276946514844894,0.022717395797371864,0.03162132203578949
2024-08-25 22:48:22,아오 개슬리야 ㅠㅠㅠ,,36,36.0,아오 개슬리야 ㅠㅠㅠ ,아오 개슬리야 ㅠㅠㅠ,0.11178890615701675,0.22726330161094666,0.158048614859581,0.2380273938179016,0.057236447930336,0.2076352834701538
2024-08-25 22:48:25,가슬리 언세이프 ㅋㅋㅋ,,36,36.0,가슬리 언세이프 ㅋㅋㅋ ,가슬리 언세이프 ㅋㅋㅋ,0.08801893144845963,0.11749864369630814,0.6735737323760986,0.0645962804555893,0.025167489424347878,0.031144870445132256
2024-08-25 22:48:26,저 짱깨새끼는 대체 머함 ?,저새끼머 인종차별 어쩌고 하더니 씨발 그냥 사람새끼가 아니네,36,36.0,저 짱깨새끼는 대체 머함 ? 저새끼머 인종차별 어쩌고 하더니 씨발 그냥 사람새끼가 아니네,저 짱깨새끼는 대체 머함 ? 저새끼머 인종차별 어쩌고 하더니 씨발 그냥 사람새끼가 아니네,0.16990847885608673,0.15523852407932281,0.12258646637201309,0.29982489347457886,0.054846037179231644,0.19759558141231537
2024-08-25 22:48:28,란도 스타트 잘했으면 10초는 넘게 벌어졌겠노 ㅋㅋㅋ,ㄹㅇㅋㅋ,36,36.0,란도 스타트 잘했으면 10초는 넘게 벌어졌겠노 ㅋㅋㅋ ㄹㅇㅋㅋ,란도 스타트 잘했으면 10초는 넘게 벌어졌겠노 ㅋㅋㅋ ㄹㅇㅋㅋ,0.2051478624343872,0.22828589379787445,0.38033923506736755,0.08068268746137619,0.07104000449180603,0.03450426086783409
2024-08-25 22:48:33,걍 2024시즌 쫑내 ㅆㅂ,"드챔 : 뉴네오애새끼
컨챔 : 좆라렌
G G
- ORACLE RED BULL RACING RB20",36,36.0,"걍 2024시즌 쫑내 ㅆㅂ 드챔 : 뉴네오애새끼
컨챔 : 좆라렌
G G
- ORACLE RED BULL RACING RB20",걍 2024시즌 쫑내 ㅆㅂ 드챔 : 뉴네오애새끼 컨챔 : 좆라렌 G G - ORACLE RED BULL RACING RB20,0.14043684303760529,0.19085998833179474,0.17662593722343445,0.29634952545166016,0.03751394897699356,0.15821373462677002
2024-08-25 22:48:36,와 지금 격차 뭐냐,노리스하고 저우관유 차이 70초 나네,36,36.0,와 지금 격차 뭐냐 노리스하고 저우관유 차이 70초 나네,와 지금 격차 뭐냐 노리스하고 저우관유 차이 70초 나네,0.34411051869392395,0.21047529578208923,0.10817666351795197,0.1457420140504837,0.12088976055383682,0.07060576975345612
2024-08-25 22:48:37,오늘 f1 첨보는데 지금 하드타이어 끼는 이유가 머임??,아까는 소프트랑 미디엄 끼더니 갑자기 다 하드 끼우는 이유가 머임??????,36,36.0,오늘 f1 첨보는데 지금 하드타이어 끼는 이유가 머임?? 아까는 소프트랑 미디엄 끼더니 갑자기 다 하드 끼우는 이유가 머임??????,오늘 f1 첨보는데 지금 하드타이어 끼는 이유가 머임?? 아까는 소프트랑 미디엄 끼더니 갑자기 다 하드 끼우는 이유가 머임??????,0.29937756061553955,0.24473948776721954,0.11044970154762268,0.14978273212909698,0.08502098172903061,0.11062958091497421
2024-08-25 22:48:42,노리스 무난하게 우승하겠네,와,36,36.0,노리스 무난하게 우승하겠네 와,노리스 무난하게 우승하겠네 와,0.14636357128620148,0.18464955687522888,0.5210893154144287,0.061810627579689026,0.051289353519678116,0.03479767590761185
2024-08-25 22:48:42,저런건 첨보네 ㅋㅋㅋ,"ㅋㅋ
- dc official App",36,36.0,"저런건 첨보네 ㅋㅋㅋ ㅋㅋ
- dc official App",저런건 첨보네 ㅋㅋㅋ ㅋㅋ,0.2374100238084793,0.21663787961006165,0.38018593192100525,0.07725454866886139,0.057425424456596375,0.031086215749382973
2024-08-25 22:48:44,알핀개병산좆장애유첩짱깨새끼들조용한날이없노씨발ㅇ9ㅁ창좆만한새끼들,,36,36.0,알핀개병산좆장애유첩짱깨새끼들조용한날이없노씨발ㅇ9ㅁ창좆만한새끼들 ,알핀개병산좆장애유첩짱깨새끼들조용한날이없노씨발ㅇ9ㅁ창좆만한새끼들,0.12801353633403778,0.16647209227085114,0.1802985966205597,0.3012247681617737,0.04261321946978569,0.1813778281211853
2024-08-25 22:48:45,저우는 진짜 뭐하냐,,36,36.0,저우는 진짜 뭐하냐 ,저우는 진짜 뭐하냐,0.1517557054758072,0.29226154088974,0.09210485965013504,0.20711973309516907,0.0419580452144146,0.21480000019073486
2024-08-25 22:48:49,막노 격차 계속 벌어지노,,36,36.0,막노 격차 계속 벌어지노 ,막노 격차 계속 벌어지노,0.26632702350616455,0.2841762602329254,0.0897645652294159,0.1274256706237793,0.11541344970464706,0.11689309775829315
2024-08-25 22:48:53,관우 저새끼는 혼자 F3 찍냐,존나 느리네 진짜,36,36.0,관우 저새끼는 혼자 F3 찍냐 존나 느리네 진짜,관우 저새끼는 혼자 F3 찍냐 존나 느리네 진짜,0.22278398275375366,0.25104814767837524,0.09167862683534622,0.23577019572257996,0.06807444244623184,0.13064464926719666
2024-08-25 22:48:56,노리스 페텔행동 함 안 해주나..,18독일 재현 ㄱㄱ,36,36.0,노리스 페텔행동 함 안 해주나.. 18독일 재현 ㄱㄱ,노리스 페텔행동 함 안 해주나.. 18독일 재현 ㄱㄱ,0.16034147143363953,0.24012382328510284,0.25649216771125793,0.128719761967659,0.0817025899887085,0.1326202005147934
2024-08-25 22:49:02,아부다비 가면 헝가리에서 우승양보한거 말많을듯,,36,36.0,아부다비 가면 헝가리에서 우승양보한거 말많을듯 ,아부다비 가면 헝가리에서 우승양보한거 말많을듯,0.33130189776420593,0.2657228112220764,0.0976962298154831,0.11115533113479614,0.10213255137205124,0.09199118614196777
2024-08-25 22:49:05,근데 진짜 레드불 업뎃 진짜 왜 안함?,진짜로 업뎃비용 체코수리비로 다빨렸나?,36,36.0,근데 진짜 레드불 업뎃 진짜 왜 안함? 진짜로 업뎃비용 체코수리비로 다빨렸나?,근데 진짜 레드불 업뎃 진짜 왜 안함? 진짜로 업뎃비용 체코수리비로 다빨렸나?,0.23477566242218018,0.2750852406024933,0.08340954035520554,0.16042114794254303,0.06537244468927383,0.18093597888946533
2024-08-25 22:49:04,누리스 싱글벙글 ㅋㅋ,,36,36.0,누리스 싱글벙글 ㅋㅋ ,누리스 싱글벙글 ㅋㅋ,0.06739501655101776,0.11422958970069885,0.6929828524589539,0.057686347514390945,0.026827823370695114,0.0408782996237278
2024-08-25 22:49:06,맥라렌 차 둘이 똑같은거 아니냐?,"프랙때만 둘이 다르게하고 조절한거 아님?
피아제는 왜 못따라가냐",36,36.0,"맥라렌 차 둘이 똑같은거 아니냐? 프랙때만 둘이 다르게하고 조절한거 아님?
피아제는 왜 못따라가냐",맥라렌 차 둘이 똑같은거 아니냐? 프랙때만 둘이 다르게하고 조절한거 아님? 피아제는 왜 못따라가냐,0.31259799003601074,0.22854271531105042,0.08810415863990784,0.17263756692409515,0.07615770399570465,0.1219598650932312
2024-08-25 22:49:12,맥레페메 맥레페메,"ㅋㅋ
- dc official App",36,36.0,"맥레페메 맥레페메 ㅋㅋ
- dc official App",맥레페메 맥레페메 ㅋㅋ,0.08363039791584015,0.13288281857967377,0.6436865329742432,0.07679188251495361,0.024807168170809746,0.03820125013589859
2024-08-25 22:49:17,국왕님 개슬리 드디어 따나,,37,37.0,국왕님 개슬리 드디어 따나 ,국왕님 개슬리 드디어 따나,0.07456428557634354,0.14336906373500824,0.6634261608123779,0.04770538583397865,0.03130251541733742,0.03963246941566467
2024-08-25 22:49:30,후반기 누리스 올콤하고 막스가 2~3위권 머물면 누리스가 우승임?,?,37,37.0,후반기 누리스 올콤하고 막스가 2~3위권 머물면 누리스가 우승임? ?,후반기 누리스 올콤하고 막스가 2~3위권 머물면 누리스가 우승임? ?,0.33072078227996826,0.22464430332183838,0.2065725475549698,0.09715335071086884,0.08164461702108383,0.05926438048481941
2024-08-25 22:49:30,노리스 크루징은 낯선데 ㅋㅋㅋ,ㅋㅋㅋㅋㅋㅋㅋㅋ,37,37.0,노리스 크루징은 낯선데 ㅋㅋㅋ ㅋㅋㅋㅋㅋㅋㅋㅋ,노리스 크루징은 낯선데 ㅋㅋㅋ ㅋㅋㅋㅋㅋㅋㅋㅋ,0.15007328987121582,0.17671550810337067,0.5407992005348206,0.06713858246803284,0.03385826572775841,0.03141513466835022
2024-08-25 22:49:38,아니 점점 벌어지는데?,머냐,37,37.0,아니 점점 벌어지는데? 머냐,아니 점점 벌어지는데? 머냐,0.2593269348144531,0.2846408486366272,0.08420960605144501,0.15463735163211823,0.08914119005203247,0.128043994307518
2024-08-25 22:49:38,자우버 차 진짜 구리긴하네 ㅋㅋ,,37,37.0,자우버 차 진짜 구리긴하네 ㅋㅋ ,자우버 차 진짜 구리긴하네 ㅋㅋ,0.3029809594154358,0.2575918138027191,0.07692766934633255,0.16442909836769104,0.07809135317802429,0.11997909843921661
2024-08-25 22:49:45,저우는 드라이버 이슈임? 차 이슈임?,보타스 16위 인거보면 차는 그럭저럭인데 저우가 못타는건가?,37,37.0,저우는 드라이버 이슈임? 차 이슈임? 보타스 16위 인거보면 차는 그럭저럭인데 저우가 못타는건가?,저우는 드라이버 이슈임? 차 이슈임? 보타스 16위 인거보면 차는 그럭저럭인데 저우가 못타는건가?,0.35695552825927734,0.22674429416656494,0.11869572103023529,0.11294425278902054,0.10051480680704117,0.08414535224437714
2024-08-25 22:49:47,‼+‼+‼+실시간 미칠듯이 그리운 새끼,,37,37.0,‼+‼+‼+실시간 미칠듯이 그리운 새끼 ,‼+‼+‼+실시간 미칠듯이 그리운 새끼,0.0841384306550026,0.14845111966133118,0.5388433337211609,0.10566049814224243,0.04063170775771141,0.08227495849132538
2024-08-25 22:49:56,맹라렌 이새끼들 진짜 뭐노ㅋㅋㅋ,ㅋㅋ,37,37.0,맹라렌 이새끼들 진짜 뭐노ㅋㅋㅋ ㅋㅋ,맹라렌 이새끼들 진짜 뭐노ㅋㅋㅋ ㅋㅋ,0.2607037127017975,0.22778324782848358,0.11560463905334473,0.20537671446800232,0.10279425233602524,0.08773739635944366
2024-08-25 22:49:57,비가 오던 레드 플래그가 뜨던,아니면 이대로 끝날듯,37,37.0,비가 오던 레드 플래그가 뜨던 아니면 이대로 끝날듯,비가 오던 레드 플래그가 뜨던 아니면 이대로 끝날듯,0.24423424899578094,0.29002857208251953,0.12026139348745346,0.10734952241182327,0.06455758213996887,0.1735686957836151
2024-08-25 22:49:59,저새끼 엔진까봐,"ㅈㄴ이상해
- ORACLE RED BULL RACING RB20",37,37.0,"저새끼 엔진까봐 ㅈㄴ이상해
- ORACLE RED BULL RACING RB20",저새끼 엔진까봐 ㅈㄴ이상해 - ORACLE RED BULL RACING RB20,0.32853126525878906,0.17436620593070984,0.11525052040815353,0.1798871010541916,0.0938042551279068,0.10816068202257156
2024-08-25 22:50:02,이제 말해도 될까요,시발 맥라렌 차 위닝카급임,37,37.0,이제 말해도 될까요 시발 맥라렌 차 위닝카급임,이제 말해도 될까요 시발 맥라렌 차 위닝카급임,0.12460152059793472,0.20361840724945068,0.10837278515100479,0.3056035339832306,0.05675653740763664,0.20104728639125824
2024-08-25 22:50:03,노리스 저우 따라잡았네 ㅅㅂㅋㅋㅋㅋㅋ,작년이면 몽골이 하던 짓인데,37,37.0,노리스 저우 따라잡았네 ㅅㅂㅋㅋㅋㅋㅋ 작년이면 몽골이 하던 짓인데,노리스 저우 따라잡았네 ㅅㅂㅋㅋㅋㅋㅋ 작년이면 몽골이 하던 짓인데,0.2760395109653473,0.20487849414348602,0.10848073661327362,0.19655482470989227,0.12165932357311249,0.0923871397972107
2024-08-25 22:50:14,황슬리 노인베 ㅋㅋ,,37,37.0,황슬리 노인베 ㅋㅋ ,황슬리 노인베 ㅋㅋ,0.13017380237579346,0.17853322625160217,0.5135435461997986,0.09876210242509842,0.03970221430063248,0.03928510472178459
2024-08-25 22:50:17,자우버 특),추월 그거 어케함?,37,37.0,자우버 특) 추월 그거 어케함?,자우버 특) 추월 그거 어케함?,0.35023239254951477,0.21467649936676025,0.1791830062866211,0.09869712591171265,0.09745510667562485,0.0597558468580246
2024-08-25 22:50:18,패랩 ㅋㅋㅋㅋㅋㅋ,파파야빛 섬광,37,37.0,패랩 ㅋㅋㅋㅋㅋㅋ 파파야빛 섬광,패랩 ㅋㅋㅋㅋㅋㅋ 파파야빛 섬광,0.0791224017739296,0.11752920597791672,0.6903728246688843,0.057384997606277466,0.024755578488111496,0.030835067853331566
2024-08-25 22:50:22,올하드 ㅋㅋㅋ,"ㅋㅋㅋㅋ
- dc official App",37,37.0,"올하드 ㅋㅋㅋ ㅋㅋㅋㅋ
- dc official App",올하드 ㅋㅋㅋ ㅋㅋㅋㅋ,0.0682571530342102,0.11053035408258438,0.7087035775184631,0.05529431253671646,0.02259141020476818,0.03462321683764458
2024-08-25 22:50:26,갑자기 볼게 확 줄은 느낌인데,,37,37.0,갑자기 볼게 확 줄은 느낌인데 ,갑자기 볼게 확 줄은 느낌인데,0.19428172707557678,0.3498615622520447,0.1111937090754509,0.12961699068546295,0.059727735817432404,0.15531830489635468
2024-08-25 22:50:26,노리스 왜 불안하냐,"걍 불안함..
- dc official App",37,37.0,"노리스 왜 불안하냐 걍 불안함..
- dc official App",노리스 왜 불안하냐 걍 불안함..,0.2944735586643219,0.27432113885879517,0.14552919566631317,0.10029486566781998,0.08760941028594971,0.09777184575796127
2024-08-25 22:50:27,노리스는 출발을 개씨발 존나 조져도 크루징이 가능하네,"도대체 뭔 차를 만든거냐
- dc official App",37,37.0,"노리스는 출발을 개씨발 존나 조져도 크루징이 가능하네 도대체 뭔 차를 만든거냐
- dc official App",노리스는 출발을 개씨발 존나 조져도 크루징이 가능하네 도대체 뭔 차를 만든거냐,0.2240058332681656,0.22417916357517242,0.08462779968976974,0.2304181605577469,0.07032401859760284,0.1664450764656067
2024-08-25 22:50:35,맥라렌 패스티스 주고받네,"미쳤노
- dc official App",38,38.0,"맥라렌 패스티스 주고받네 미쳤노
- dc official App",맥라렌 패스티스 주고받네 미쳤노,0.25735947489738464,0.20121540129184723,0.11616470664739609,0.2177964150905609,0.11065132915973663,0.0968126729130745
2024-08-25 22:50:39,걍 체코 문제가 아니라 차 성능차로 맥라렌이 우승하겠네,- dc official App,38,38.0,걍 체코 문제가 아니라 차 성능차로 맥라렌이 우승하겠네 - dc official App,걍 체코 문제가 아니라 차 성능차로 맥라렌이 우승하겠네 - dc official App,0.35873445868492126,0.23683063685894012,0.14052079617977142,0.10412316024303436,0.09259584546089172,0.06719508767127991
2024-08-25 22:50:39,와 다행이다 패널티 나왔으면 자살할뻔,,38,38.0,와 다행이다 패널티 나왔으면 자살할뻔 ,와 다행이다 패널티 나왔으면 자살할뻔,0.14458099007606506,0.2188294380903244,0.4073232114315033,0.07727623730897903,0.06306421756744385,0.08892586082220078
2024-08-25 22:50:40,지난 2년간 너네가 느낀 감정이 이거엿구나,진짜 맥이 탁 빠지노 ㅅㅂ ㅋㅋ,38,38.0,지난 2년간 너네가 느낀 감정이 이거엿구나 진짜 맥이 탁 빠지노 ㅅㅂ ㅋㅋ,지난 2년간 너네가 느낀 감정이 이거엿구나 진짜 맥이 탁 빠지노 ㅅㅂ ㅋㅋ,0.1391710638999939,0.21841281652450562,0.08795572072267532,0.22780384123325348,0.07049872726202011,0.256157785654068
2024-08-25 22:50:42,?? : 손 정도는 위험하지 않다,샹크스도 사황이긴해,38,38.0,?? : 손 정도는 위험하지 않다 샹크스도 사황이긴해,?? : 손 정도는 위험하지 않다 샹크스도 사황이긴해,0.2819019854068756,0.28096243739128113,0.18854551017284393,0.08641355484724045,0.08650334179401398,0.07567314803600311
2024-08-25 22:50:44,오늘 노리스 개빠르네,"킹정
- dc official App",38,38.0,"오늘 노리스 개빠르네 킹정
- dc official App",오늘 노리스 개빠르네 킹정,0.17453637719154358,0.17657524347305298,0.47722774744033813,0.06761396676301956,0.06005300581455231,0.04399364814162254
2024-08-25 22:50:47,피아는 왤케 느리냐 쥬지도 못따고,막스 따고 원투 해야지 같은 차로 너무 못 하는 거 아님?,38,38.0,피아는 왤케 느리냐 쥬지도 못따고 막스 따고 원투 해야지 같은 차로 너무 못 하는 거 아님?,피아는 왤케 느리냐 쥬지도 못따고 막스 따고 원투 해야지 같은 차로 너무 못 하는 거 아님?,0.2558692991733551,0.2825492024421692,0.06669743359088898,0.16198508441448212,0.0686754509806633,0.1642235666513443
2024-08-25 22:50:49,지금 맥라렌 저번 시즌 레드불 보는 거 같노,준비 잘해왔네,38,38.0,지금 맥라렌 저번 시즌 레드불 보는 거 같노 준비 잘해왔네,지금 맥라렌 저번 시즌 레드불 보는 거 같노 준비 잘해왔네,0.22470808029174805,0.21010640263557434,0.3605318069458008,0.07250227779150009,0.08920955657958984,0.04294198751449585
2024-08-25 22:50:51,여기서 셒카 터짐 어케되냐,그래도 노리스 따라가기 힘듦?,38,38.0,여기서 셒카 터짐 어케되냐 그래도 노리스 따라가기 힘듦?,여기서 셒카 터짐 어케되냐 그래도 노리스 따라가기 힘듦?,0.3048870861530304,0.2543277442455292,0.17078328132629395,0.0918615385890007,0.11020584404468536,0.06793452054262161
2024-08-25 22:50:59,슬...슬...,노잼이노,38,38.0,슬...슬... 노잼이노,슬...슬... 노잼이노,0.1468992531299591,0.31460636854171753,0.12236925214529037,0.18584342300891876,0.06073468178510666,0.1695469468832016
2024-08-25 22:51:08,오늘 맥라렌 원투 각 보이는데,"피아스트리가 다 때려잡고 올라올듯
레이스 반 남았네 ㅋㅋ",38,38.0,"오늘 맥라렌 원투 각 보이는데 피아스트리가 다 때려잡고 올라올듯
레이스 반 남았네 ㅋㅋ",오늘 맥라렌 원투 각 보이는데 피아스트리가 다 때려잡고 올라올듯 레이스 반 남았네 ㅋㅋ,0.11849359422922134,0.1453772485256195,0.5803826451301575,0.07309706509113312,0.04261929541826248,0.04003008082509041
2024-08-25 22:51:08,진짜 셒카 못본지 존나 오래된거같다,이렇게 오랫동안 안뜬적이 있었나,38,38.0,진짜 셒카 못본지 존나 오래된거같다 이렇게 오랫동안 안뜬적이 있었나,진짜 셒카 못본지 존나 오래된거같다 이렇게 오랫동안 안뜬적이 있었나,0.1437658965587616,0.3229736387729645,0.12009112536907196,0.1626427322626114,0.09002938866615295,0.16049723327159882
2024-08-25 22:51:08,한동안 너무 도파민 중독이라,싱거운거도 먹어야지,38,38.0,한동안 너무 도파민 중독이라 싱거운거도 먹어야지,한동안 너무 도파민 중독이라 싱거운거도 먹어야지,0.16168837249279022,0.3147334158420563,0.2425203174352646,0.10481123626232147,0.05974237248301506,0.11650427430868149
2024-08-25 22:51:12,확실히 메르가 페라리 개땄네,러셀 르끌 거의 1초씩 따라가네,38,38.0,확실히 메르가 페라리 개땄네 러셀 르끌 거의 1초씩 따라가네,확실히 메르가 페라리 개땄네 러셀 르끌 거의 1초씩 따라가네,0.32751768827438354,0.21337954699993134,0.21352346241474152,0.0965963825583458,0.10414841771125793,0.04483453184366226
2024-08-25 22:51:13,아니 개씨발 오늘 역대급 노잼이노 ㅋㅋㅋㅋㅋㅋ,ㅋㅋㅋㅋ,38,38.0,아니 개씨발 오늘 역대급 노잼이노 ㅋㅋㅋㅋㅋㅋ ㅋㅋㅋㅋ,아니 개씨발 오늘 역대급 노잼이노 ㅋㅋㅋㅋㅋㅋ ㅋㅋㅋㅋ,0.11419972032308578,0.283712238073349,0.1491098403930664,0.232138991355896,0.0538453571498394,0.1669939160346985
2024-08-25 22:51:21,좆트롤 과속 ㅋㅋㅋ,,38,38.0,좆트롤 과속 ㅋㅋㅋ ,좆트롤 과속 ㅋㅋㅋ,0.23581816256046295,0.2608836591243744,0.14515960216522217,0.18475554883480072,0.08904167264699936,0.08434128016233444
2024-08-25 22:51:22,스트롤 과속ㅋㅋㅋㅋ,ㅋㅋㅋㅋ,38,38.0,스트롤 과속ㅋㅋㅋㅋ ㅋㅋㅋㅋ,스트롤 과속ㅋㅋㅋㅋ ㅋㅋㅋㅋ,0.17232462763786316,0.2292824238538742,0.38455885648727417,0.11201765388250351,0.051611922681331635,0.05020447075366974
2024-08-25 22:51:24,19페라리 몬차급인데요 씨바라,"뭔 ㅅㅂ 격차가
- ORACLE RED BULL RACING RB20",38,38.0,"19페라리 몬차급인데요 씨바라 뭔 ㅅㅂ 격차가
- ORACLE RED BULL RACING RB20",19페라리 몬차급인데요 씨바라 뭔 ㅅㅂ 격차가 - ORACLE RED BULL RACING RB20,0.14450731873512268,0.20717550814151764,0.10946018248796463,0.30880650877952576,0.04768681153655052,0.18236364424228668
2024-08-25 22:51:27,도련님 뭐하노 ㅋㅋㅋㅋ,ㅋㅋㅋ,38,38.0,도련님 뭐하노 ㅋㅋㅋㅋ ㅋㅋㅋ,도련님 뭐하노 ㅋㅋㅋㅋ ㅋㅋㅋ,0.08543567359447479,0.13293743133544922,0.6543218493461609,0.05859405919909477,0.03143896907567978,0.03727206960320473
2024-08-25 22:51:33,스쿨존스피드킹스트롤,"ㅋㅋ
- dc official App",38,38.0,"스쿨존스피드킹스트롤 ㅋㅋ
- dc official App",스쿨존스피드킹스트롤 ㅋㅋ,0.1666620820760727,0.20987695455551147,0.39369842410087585,0.1227882131934166,0.055102452635765076,0.05187183991074562
2024-08-25 22:51:34,도련님 과속!,,38,38.0,도련님 과속! ,도련님 과속!,0.08202527463436127,0.12928341329097748,0.6565123200416565,0.056249331682920456,0.033942949026823044,0.04198664054274559
2024-08-25 22:51:35,피아스트리 왜 유독 오늘 체코 행동 중이냐 ㅋㅋㅋㅋㅋㅋ,노리스 올려치기 좆되노 ㅋㅋㅋㅋㅋㅋ,38,38.0,피아스트리 왜 유독 오늘 체코 행동 중이냐 ㅋㅋㅋㅋㅋㅋ 노리스 올려치기 좆되노 ㅋㅋㅋㅋㅋㅋ,피아스트리 왜 유독 오늘 체코 행동 중이냐 ㅋㅋㅋㅋㅋㅋ 노리스 올려치기 좆되노 ㅋㅋㅋㅋㅋㅋ,0.23011700809001923,0.22263802587985992,0.16104920208454132,0.19817332923412323,0.10337705165147781,0.08464539051055908
2024-08-25 22:51:35,과속 ㅋㅋㅋㅋㅋㅋㅋ,ㅋㅋㅋ,38,38.0,과속 ㅋㅋㅋㅋㅋㅋㅋ ㅋㅋㅋ,과속 ㅋㅋㅋㅋㅋㅋㅋ ㅋㅋㅋ,0.15827469527721405,0.23453718423843384,0.393777072429657,0.11401205509901047,0.04654349759221077,0.052855465561151505
2024-08-25 22:51:37,과속 ㅋㅋㅋㅋㅋ,,38,38.0,과속 ㅋㅋㅋㅋㅋ ,과속 ㅋㅋㅋㅋㅋ,0.23903053998947144,0.2657191753387451,0.21155327558517456,0.13626137375831604,0.08417864888906479,0.06325697153806686
2024-08-25 22:51:39,좆련님ㅋㅋㅋㅋㅋㅋㅋㅋㅋㅋㅋㅋ,,38,38.0,좆련님ㅋㅋㅋㅋㅋㅋㅋㅋㅋㅋㅋㅋ ,좆련님ㅋㅋㅋㅋㅋㅋㅋㅋㅋㅋㅋㅋ,0.08297228068113327,0.13614146411418915,0.6554481387138367,0.06273894011974335,0.028974447399377823,0.03372475877404213
2024-08-25 22:51:38,몽골 ← 좆병신,노리스랑 배틀하다가 둘이 사고나야됨,38,38.0,몽골 ← 좆병신 노리스랑 배틀하다가 둘이 사고나야됨,몽골 ← 좆병신 노리스랑 배틀하다가 둘이 사고나야됨,0.19615638256072998,0.16876806318759918,0.12068042904138565,0.31982845067977905,0.06703568249940872,0.1275310218334198
2024-08-25 22:51:44,스타트 조져도 차가 우승시켜 준다했제 ㅋㅋ,MCL38 저거 좀 이상해요,38,38.0,스타트 조져도 차가 우승시켜 준다했제 ㅋㅋ MCL38 저거 좀 이상해요,스타트 조져도 차가 우승시켜 준다했제 ㅋㅋ MCL38 저거 좀 이상해요,0.2431372106075287,0.2962057888507843,0.12242196500301361,0.1559961438179016,0.10332880169153214,0.07891011983156204
2024-08-25 22:51:44,누군가 레이스 정상화 해야겠지?,기대중,38,38.0,누군가 레이스 정상화 해야겠지? 기대중,누군가 레이스 정상화 해야겠지? 기대중,0.2047632932662964,0.20960859954357147,0.39100345969200134,0.08018184453248978,0.060300491750240326,0.054142244160175323
2024-08-25 22:51:45,도련놈 과속 ㅋㅋㅋㅋㅋ,,39,39.0,도련놈 과속 ㅋㅋㅋㅋㅋ ,도련놈 과속 ㅋㅋㅋㅋㅋ,0.15463373064994812,0.2626807689666748,0.35430222749710083,0.11469370871782303,0.05846892669796944,0.055220574140548706
2024-08-25 22:51:47,얼마만의 정상적인 엪원이냐,"사실 엪원은 이게 맞아
전반기가 이상했던거지 ㅋㅋ",39,39.0,"얼마만의 정상적인 엪원이냐 사실 엪원은 이게 맞아
전반기가 이상했던거지 ㅋㅋ",얼마만의 정상적인 엪원이냐 사실 엪원은 이게 맞아 전반기가 이상했던거지 ㅋㅋ,0.075445257127285,0.14940930902957916,0.5928546786308289,0.07102423161268234,0.042708516120910645,0.06855794787406921
2024-08-25 22:51:53,에효 ㅅㅂ 도련님 뭐하세요 좀;;,,39,39.0,에효 ㅅㅂ 도련님 뭐하세요 좀;; ,에효 ㅅㅂ 도련님 뭐하세요 좀;;,0.1359405368566513,0.24048402905464172,0.08672741055488586,0.24512337148189545,0.05849175155162811,0.23323288559913635
2024-08-25 22:52:00,작년 네덜란드 날씨가 그리우면 개추 ㅋㅋ,,39,39.0,작년 네덜란드 날씨가 그리우면 개추 ㅋㅋ ,작년 네덜란드 날씨가 그리우면 개추 ㅋㅋ,0.07247157394886017,0.13509559631347656,0.6613385677337646,0.060072485357522964,0.02968934364616871,0.04133245721459389
2024-08-25 22:52:00,근데 드챔은 역전때리기 어렵지 않을까,"아무래도
ㅇㅇ",39,39.0,"근데 드챔은 역전때리기 어렵지 않을까 아무래도
ㅇㅇ",근데 드챔은 역전때리기 어렵지 않을까 아무래도 ㅇㅇ,0.321883887052536,0.26632314920425415,0.14401760697364807,0.09608664363622665,0.08577566593885422,0.08591310679912567
2024-08-25 22:52:04,타워 크레인 카메라 때문에 있는거임?,다른 경주장은 없던데 뭐임,39,39.0,타워 크레인 카메라 때문에 있는거임? 다른 경주장은 없던데 뭐임,타워 크레인 카메라 때문에 있는거임? 다른 경주장은 없던데 뭐임,0.2987140417098999,0.270170122385025,0.12339238077402115,0.12406697124242783,0.06836263835430145,0.11529389023780823
2024-08-25 22:52:07,1/2위 간격 10초 넘기겠는데,"레드불이 타 팀보다 느린건 아닌데
걍 맥라렌이 존나 빠르네",39,39.0,"1/2위 간격 10초 넘기겠는데 레드불이 타 팀보다 느린건 아닌데
걍 맥라렌이 존나 빠르네",1/2위 간격 10초 넘기겠는데 레드불이 타 팀보다 느린건 아닌데 걍 맥라렌이 존나 빠르네,0.3438709080219269,0.23338311910629272,0.12262582033872604,0.12524041533470154,0.11449480056762695,0.06038488820195198
2024-08-25 22:52:08,슬슬 노잼인데 그냥 투스탑해줘,원스탑 노잼이야,39,39.0,슬슬 노잼인데 그냥 투스탑해줘 원스탑 노잼이야,슬슬 노잼인데 그냥 투스탑해줘 원스탑 노잼이야,0.1367388367652893,0.3067021369934082,0.11191559582948685,0.19184862077236176,0.06354023516178131,0.18925465643405914
2024-08-25 22:52:09,병신새끼야씨발진짜아오포인트좀벌어와봐라,돈많으면다냐고씨발돈많으면서업뎃다쳐망할거면방빼제발,39,39.0,병신새끼야씨발진짜아오포인트좀벌어와봐라 돈많으면다냐고씨발돈많으면서업뎃다쳐망할거면방빼제발,병신새끼야씨발진짜아오포인트좀벌어와봐라 돈많으면다냐고씨발돈많으면서업뎃다쳐망할거면방빼제발,0.11848440766334534,0.18773651123046875,0.13718239963054657,0.31574714183807373,0.040105562657117844,0.20074404776096344
2024-08-25 22:52:12,병장님 슬슬,"지루한데 이제
- dc official App",39,39.0,"병장님 슬슬 지루한데 이제
- dc official App",병장님 슬슬 지루한데 이제,0.1583877056837082,0.32239311933517456,0.13262657821178436,0.15812020003795624,0.07139354199171066,0.15707887709140778
2024-08-25 22:52:12,아 노리스의 차에서 연기가,분노한 네덜란드 몽골팬이 수류탄 안던짐?,39,39.0,아 노리스의 차에서 연기가 분노한 네덜란드 몽골팬이 수류탄 안던짐?,아 노리스의 차에서 연기가 분노한 네덜란드 몽골팬이 수류탄 안던짐?,0.3305055797100067,0.18436521291732788,0.11239828914403915,0.16303594410419464,0.12162841856479645,0.08806651085615158
2024-08-25 22:52:13,쿠팡플레이 가입했다 시바,아 빡친다 넷플릭스 해지한다,39,39.0,쿠팡플레이 가입했다 시바 아 빡친다 넷플릭스 해지한다,쿠팡플레이 가입했다 시바 아 빡친다 넷플릭스 해지한다,0.09686561673879623,0.24602527916431427,0.16586893796920776,0.23763827979564667,0.03190240636467934,0.22169946134090424
2024-08-25 22:52:21,몽골이랑 노리스 거의 10초차이네,머노 ㅋㅋㅋㅋ,39,39.0,몽골이랑 노리스 거의 10초차이네 머노 ㅋㅋㅋㅋ,몽골이랑 노리스 거의 10초차이네 머노 ㅋㅋㅋㅋ,0.2854582965373993,0.28051501512527466,0.11061444133520126,0.1360272616147995,0.11559025198221207,0.07179472595453262
2024-08-25 22:52:21,만에 하나 노리스가 드챔 먹더라도,역대급 차빨챔으로 기억되겠네,39,39.0,만에 하나 노리스가 드챔 먹더라도 역대급 차빨챔으로 기억되겠네,만에 하나 노리스가 드챔 먹더라도 역대급 차빨챔으로 기억되겠네,0.26876091957092285,0.2473737746477127,0.21909849345684052,0.10194481909275055,0.10098633915185928,0.06183568760752678
2024-08-25 22:52:25,애마 이 체코새끼들,.,39,39.0,애마 이 체코새끼들 .,애마 이 체코새끼들 .,0.12889648973941803,0.17179499566555023,0.17369219660758972,0.32953155040740967,0.04314906522631645,0.1529357135295868
2024-08-25 22:52:28,스타트 조지고 차빨 우승,"셒카 운빨로 우승
ㅋㅋ",39,39.0,"스타트 조지고 차빨 우승 셒카 운빨로 우승
ㅋㅋ",스타트 조지고 차빨 우승 셒카 운빨로 우승 ㅋㅋ,0.12340530008077621,0.18857192993164062,0.48942509293556213,0.11190873384475708,0.039576079696416855,0.047112852334976196
2024-08-25 22:52:32,노몽 레이스 끝날때,"25초 각이면 ㄱㅊㅋㅋ
- ORACLE RED BULL RACING RB20",39,39.0,"노몽 레이스 끝날때 25초 각이면 ㄱㅊㅋㅋ
- ORACLE RED BULL RACING RB20",노몽 레이스 끝날때 25초 각이면 ㄱㅊㅋㅋ - ORACLE RED BULL RACING RB20,0.09390651434659958,0.13029879331588745,0.6433418989181519,0.06518898159265518,0.03019130975008011,0.037072569131851196
2024-08-25 22:52:32,세카 6경기째 안나오고 있나?,뭐 좀 해봐라,39,39.0,세카 6경기째 안나오고 있나? 뭐 좀 해봐라,세카 6경기째 안나오고 있나? 뭐 좀 해봐라,0.21189293265342712,0.2848376929759979,0.084159716963768,0.1467735767364502,0.07572352141141891,0.19661252200603485
2024-08-25 22:52:35,24전반기에 입문한 뉴비들 슬슬 당황스럽겠노ㅋㅋㅋㅋ,개씨발 엪원은 원래 이런거야~,39,39.0,24전반기에 입문한 뉴비들 슬슬 당황스럽겠노ㅋㅋㅋㅋ 개씨발 엪원은 원래 이런거야~,24전반기에 입문한 뉴비들 슬슬 당황스럽겠노ㅋㅋㅋㅋ 개씨발 엪원은 원래 이런거야~,0.13381411135196686,0.24599353969097137,0.09834350645542145,0.233402818441391,0.09161043912172318,0.19683565199375153
2024-08-25 22:52:38,그냥 딱 차 성능 순으로 정렬되는 느낌이네,"추월이 없는건 아닌데 모나코 급으로 졸린경기인듯 ㅋㅋㅋ
스파가 너무 꿀잼이었나",39,39.0,"그냥 딱 차 성능 순으로 정렬되는 느낌이네 추월이 없는건 아닌데 모나코 급으로 졸린경기인듯 ㅋㅋㅋ
스파가 너무 꿀잼이었나",그냥 딱 차 성능 순으로 정렬되는 느낌이네 추월이 없는건 아닌데 모나코 급으로 졸린경기인듯 ㅋㅋㅋ 스파가 너무 꿀잼이었나,0.1501067727804184,0.23011597990989685,0.39861875772476196,0.10680314898490906,0.04722185805439949,0.06713348627090454
2024-08-25 22:52:38,지금 막노 78점차임,"오늘 포함 남은경기 노리스 전승 하고 막스 2위하면  8점차 몽승
노리스 전승 가정하에 2경기까지 3위 가능하고 3경기 3위하면 우승못함",39,39.0,"지금 막노 78점차임 오늘 포함 남은경기 노리스 전승 하고 막스 2위하면  8점차 몽승
노리스 전승 가정하에 2경기까지 3위 가능하고 3경기 3위하면 우승못함",지금 막노 78점차임 오늘 포함 남은경기 노리스 전승 하고 막스 2위하면 8점차 몽승 노리스 전승 가정하에 2경기까지 3위 가능하고 3경기 3위하면 우승못함,0.29317769408226013,0.2670761048793793,0.18012478947639465,0.09708409011363983,0.07237479835748672,0.09016246348619461
2024-08-25 22:52:41,노짱 크루즈네,흠,39,39.0,노짱 크루즈네 흠,노짱 크루즈네 흠,0.24449214339256287,0.3251262903213501,0.09487698972225189,0.11762581020593643,0.07440003752708435,0.14347872138023376
2024-08-25 22:52:45,슬슬 노리스 차빨프레임 씌우고싶은 몽골견은 개추 ㅋㅋ,니들도 당해봐라 이기야,39,39.0,슬슬 노리스 차빨프레임 씌우고싶은 몽골견은 개추 ㅋㅋ 니들도 당해봐라 이기야,슬슬 노리스 차빨프레임 씌우고싶은 몽골견은 개추 ㅋㅋ 니들도 당해봐라 이기야,0.17669180035591125,0.17906175553798676,0.16230197250843048,0.28439509868621826,0.0796671211719513,0.11788226664066315
2024-08-25 22:53:01,셒카도 달리고 싶다..,레이스 스타트 때 말곤 보기 힘드노..,40,40.0,셒카도 달리고 싶다.. 레이스 스타트 때 말곤 보기 힘드노..,셒카도 달리고 싶다.. 레이스 스타트 때 말곤 보기 힘드노..,0.12300141155719757,0.2816457748413086,0.14896026253700256,0.16359993815422058,0.06752049922943115,0.21527212858200073
2024-08-25 22:53:02,체코 병신 머함 ㅋㅋㅋㅋㅋㅋㅋㅋㅋㅋㅋ,ㅋㅋㅋㅋㅋㅋㅋㅋㅋ곧 따일듯,40,40.0,체코 병신 머함 ㅋㅋㅋㅋㅋㅋㅋㅋㅋㅋㅋ ㅋㅋㅋㅋㅋㅋㅋㅋㅋ곧 따일듯,체코 병신 머함 ㅋㅋㅋㅋㅋㅋㅋㅋㅋㅋㅋ ㅋㅋㅋㅋㅋㅋㅋㅋㅋ곧 따일듯,0.22059060633182526,0.25893163681030273,0.27531498670578003,0.10823097079992294,0.0891944020986557,0.04773734509944916
2024-08-25 22:53:03,그냥 맥>레>>>페 같네,"맥라렌은 대체 무슨 차를 만든거냐
- dc official App",40,40.0,"그냥 맥>레>>>페 같네 맥라렌은 대체 무슨 차를 만든거냐
- dc official App",그냥 맥>레>>>페 같네 맥라렌은 대체 무슨 차를 만든거냐,0.2735046148300171,0.2546938955783844,0.07236485928297043,0.1873723417520523,0.07644074410200119,0.13562354445457458
2024-08-25 22:53:05,체코 좀 짜르자 호너야,멕라렌한테 넘기고 싶으면 계속 가고,40,40.0,체코 좀 짜르자 호너야 멕라렌한테 넘기고 싶으면 계속 가고,체코 좀 짜르자 호너야 멕라렌한테 넘기고 싶으면 계속 가고,0.21809744834899902,0.24896350502967834,0.0854206308722496,0.18644821643829346,0.06173663213849068,0.1993335485458374
2024-08-25 22:53:06,벤츠그룹 경영자가 나오네 ㄷㄷㄷ,,40,40.0,벤츠그룹 경영자가 나오네 ㄷㄷㄷ ,벤츠그룹 경영자가 나오네 ㄷㄷㄷ,0.3502836525440216,0.19325897097587585,0.1329570859670639,0.13204722106456757,0.12399798631668091,0.06745509058237076
2024-08-25 22:53:06,사전트를 믹슈로 바꾸는거 찬성하면 개추 ㅋㅋㅋㅋㅋ,지금쯤 SC나왔을듯,40,40.0,사전트를 믹슈로 바꾸는거 찬성하면 개추 ㅋㅋㅋㅋㅋ 지금쯤 SC나왔을듯,사전트를 믹슈로 바꾸는거 찬성하면 개추 ㅋㅋㅋㅋㅋ 지금쯤 SC나왔을듯,0.13918568193912506,0.1630910336971283,0.5251721739768982,0.07963012903928757,0.048708416521549225,0.04421259090304375
2024-08-25 22:53:15,현시간 잊지 말아야 할 것.jpg,"버거 뿌려야겠지?
안전자산은 페라리 우승에나 거는것",40,40.0,"현시간 잊지 말아야 할 것.jpg 버거 뿌려야겠지?
안전자산은 페라리 우승에나 거는것",현시간 잊지 말아야 할 것.jpg 버거 뿌려야겠지? 안전자산은 페라리 우승에나 거는것,0.21183054149150848,0.26944056153297424,0.24390876293182373,0.10123483091592789,0.0806431844830513,0.09294205904006958
2024-08-25 22:53:15,사전트 ㅅ발아 벽에 쳐박아,,40,40.0,사전트 ㅅ발아 벽에 쳐박아 ,사전트 ㅅ발아 벽에 쳐박아,0.12454714626073837,0.17570482194423676,0.1601310521364212,0.3331778347492218,0.03954414278268814,0.16689501702785492
2024-08-25 22:53:19,맥라렌 씨발 10초갭 뭔데ㅋㅋㅋㅋㅋㅋㅋㅋ,,40,40.0,맥라렌 씨발 10초갭 뭔데ㅋㅋㅋㅋㅋㅋㅋㅋ ,맥라렌 씨발 10초갭 뭔데ㅋㅋㅋㅋㅋㅋㅋㅋ,0.1887962520122528,0.2653898298740387,0.14738266170024872,0.21027381718158722,0.09117668122053146,0.09698078036308289
2024-08-25 22:53:20,도련놈 패널티 ㅋㅋㅋㅋㅋㅋㅋ,- dc official App,40,40.0,도련놈 패널티 ㅋㅋㅋㅋㅋㅋㅋ - dc official App,도련놈 패널티 ㅋㅋㅋㅋㅋㅋㅋ - dc official App,0.15129148960113525,0.22137077152729034,0.38808202743530273,0.13189087808132172,0.048921119421720505,0.05844366177916527
2024-08-25 22:53:27,미움받는것도 즐거운 맥라렌 팬은 개추 ㅋㅋㅋㅋㅋㅋㅋㅋㅋ,ㅋㅋㅋㅋㅋㅋㅋㅋㅋㅋㅋㅋㅋㅋㅋㅋㅋ,40,40.0,미움받는것도 즐거운 맥라렌 팬은 개추 ㅋㅋㅋㅋㅋㅋㅋㅋㅋ ㅋㅋㅋㅋㅋㅋㅋㅋㅋㅋㅋㅋㅋㅋㅋㅋㅋ,미움받는것도 즐거운 맥라렌 팬은 개추 ㅋㅋㅋㅋㅋㅋㅋㅋㅋ ㅋㅋㅋㅋㅋㅋㅋㅋㅋㅋㅋㅋㅋㅋㅋㅋㅋ,0.0705200806260109,0.12569881975650787,0.6653330326080322,0.06832420825958252,0.029588548466563225,0.040535252541303635
2024-08-25 22:53:27,스트롤 과속 ㅋㅋㅋ,"페널티 ㅋㅋㅋ
- dc official App",40,40.0,"스트롤 과속 ㅋㅋㅋ 페널티 ㅋㅋㅋ
- dc official App",스트롤 과속 ㅋㅋㅋ 페널티 ㅋㅋㅋ,0.17378978431224823,0.25259608030319214,0.3253176510334015,0.13209322094917297,0.05623958259820938,0.0599636472761631
2024-08-25 22:53:31,레드불 강점기를 맥라렌이 정상화 하는구나,이것또한 신창섭의 은혜겠지요,40,40.0,레드불 강점기를 맥라렌이 정상화 하는구나 이것또한 신창섭의 은혜겠지요,레드불 강점기를 맥라렌이 정상화 하는구나 이것또한 신창섭의 은혜겠지요,0.08111288398504257,0.15873126685619354,0.5645803809165955,0.06963490694761276,0.04363827034831047,0.08230219036340714
2024-08-25 22:53:31,스트롤 패널티ㅋㅋㅋㅋ,- dc official App,40,40.0,스트롤 패널티ㅋㅋㅋㅋ - dc official App,스트롤 패널티ㅋㅋㅋㅋ - dc official App,0.17077483236789703,0.22879193723201752,0.3426045775413513,0.1387220323085785,0.05207851901650429,0.06702801585197449
2024-08-25 22:53:34,5초 입갤 ㅋㅋ,,40,40.0,5초 입갤 ㅋㅋ ,5초 입갤 ㅋㅋ,0.09480857849121094,0.1244359016418457,0.6454557776451111,0.06437787413597107,0.03225037083029747,0.038671545684337616
2024-08-25 22:53:36,쥬지 조졌,아,40,40.0,쥬지 조졌 아,쥬지 조졌 아,0.13256579637527466,0.16367433965206146,0.20192857086658478,0.31299760937690735,0.05049164220690727,0.1383419930934906
2024-08-25 22:53:45,원래 엪원은 이런거임?,작년 싱가폴하고 올해 전반기 보다보니까 존나 스슴하네,40,40.0,원래 엪원은 이런거임? 작년 싱가폴하고 올해 전반기 보다보니까 존나 스슴하네,원래 엪원은 이런거임? 작년 싱가폴하고 올해 전반기 보다보니까 존나 스슴하네,0.2741643190383911,0.26624491810798645,0.15969645977020264,0.10919522494077682,0.11337567120790482,0.07732342183589935
2024-08-25 22:53:50,몽골이 드라이빙 상태 안좋은거 같은데,"노리스하고 지나치게 벌어지는 느낌인데
성능차가 있다고는해도 과해보임",40,40.0,"몽골이 드라이빙 상태 안좋은거 같은데 노리스하고 지나치게 벌어지는 느낌인데
성능차가 있다고는해도 과해보임",몽골이 드라이빙 상태 안좋은거 같은데 노리스하고 지나치게 벌어지는 느낌인데 성능차가 있다고는해도 과해보임,0.2990400195121765,0.2855868339538574,0.1012059897184372,0.12151709198951721,0.07385614514350891,0.11879392713308334
2024-08-25 22:53:54,방학 이후 첫 개병신 노잼레이스,네덜란드 좀 처뺴라,40,40.0,방학 이후 첫 개병신 노잼레이스 네덜란드 좀 처뺴라,방학 이후 첫 개병신 노잼레이스 네덜란드 좀 처뺴라,0.13567528128623962,0.25552135705947876,0.11473511904478073,0.242851123213768,0.05254339799284935,0.19867365062236786
2024-08-25 22:53:54,딴 팀이 크루징하니까 진짜 ㅈ노잼이긴 하네,레드불 강점기에 막스 크루징하면 징징대던 놈들 이제 이해가 가노;,40,40.0,딴 팀이 크루징하니까 진짜 ㅈ노잼이긴 하네 레드불 강점기에 막스 크루징하면 징징대던 놈들 이제 이해가 가노;,딴 팀이 크루징하니까 진짜 ㅈ노잼이긴 하네 레드불 강점기에 막스 크루징하면 징징대던 놈들 이제 이해가 가노;,0.19214984774589539,0.2818644046783447,0.07877038419246674,0.20237819850444794,0.08719798177480698,0.15763917565345764
2024-08-25 22:54:05,대 아 제,- dc official App,40,40.0,대 아 제 - dc official App,대 아 제 - dc official App,0.18275639414787292,0.1891334056854248,0.4481457769870758,0.09759430587291718,0.03296801447868347,0.049402013421058655
2024-08-25 22:54:07,대 아 제,,40,40.0,대 아 제 ,대 아 제,0.06932808458805084,0.11495114117860794,0.6859325766563416,0.05557746812701225,0.029347874224185944,0.04486296698451042
2024-08-25 22:54:07,아니 맥이랑 나머지랑 성능차이 ㅈㄴ 나네,,40,40.0,아니 맥이랑 나머지랑 성능차이 ㅈㄴ 나네 ,아니 맥이랑 나머지랑 성능차이 ㅈㄴ 나네,0.31882673501968384,0.2541211247444153,0.07466187328100204,0.15227961540222168,0.07884716242551804,0.12126348912715912
2024-08-25 22:54:07,맥라렌 차 개빠르네,뭘 만들어온거냐,40,40.0,맥라렌 차 개빠르네 뭘 만들어온거냐,맥라렌 차 개빠르네 뭘 만들어온거냐,0.3385443091392517,0.20423178374767303,0.10871420800685883,0.15801672637462616,0.12664690613746643,0.06384599953889847
2024-08-25 22:54:08,르끌아 4위만,해다오,40,40.0,르끌아 4위만 해다오,르끌아 4위만 해다오,0.13404230773448944,0.19695602357387543,0.40811485052108765,0.09943292289972305,0.0681879073381424,0.09326601028442383
2024-08-25 22:54:08,ㅅㅅㅅㅅㅅㅅ,,40,40.0,ㅅㅅㅅㅅㅅㅅ ,ㅅㅅㅅㅅㅅㅅ,0.06849493086338043,0.11274412274360657,0.6989737153053284,0.057870056480169296,0.021822543814778328,0.040094614028930664
2024-08-25 22:54:09,맥라렌의 f1 정상화 나가신다,ㅋㅋ,40,40.0,맥라렌의 f1 정상화 나가신다 ㅋㅋ,맥라렌의 f1 정상화 나가신다 ㅋㅋ,0.07883693277835846,0.1145416721701622,0.670098602771759,0.06939344853162766,0.02873900905251503,0.03839033469557762
2024-08-25 22:54:09,존나빠르노,"미친건가
- dc official App",40,40.0,"존나빠르노 미친건가
- dc official App",존나빠르노 미친건가,0.29321780800819397,0.20932848751544952,0.12307972460985184,0.18144838511943817,0.12042759358882904,0.07249799370765686
2024-08-25 22:54:09,근데 쿠플 해설소리 나만 작다 생각이 드나,v6소리 잘들을수있어서 좋긴한데,40,40.0,근데 쿠플 해설소리 나만 작다 생각이 드나 v6소리 잘들을수있어서 좋긴한데,근데 쿠플 해설소리 나만 작다 생각이 드나 v6소리 잘들을수있어서 좋긴한데,0.16310188174247742,0.2916320860385895,0.2819546163082123,0.10157614201307297,0.054353080689907074,0.10738223791122437
2024-08-25 22:54:10,하 핏크루 애미창녀새끼들,에휴..,40,40.0,하 핏크루 애미창녀새끼들 에휴..,하 핏크루 애미창녀새끼들 에휴..,0.1502663791179657,0.1459583044052124,0.13991977274417877,0.31462037563323975,0.050007376819849014,0.19922782480716705
2024-08-25 22:54:11,크루징하는거보니 개막전 생각나노 ㅋㅋ,물론 개막전이 훨씬 노잼이었지만 ㅋㅋ,40,40.0,크루징하는거보니 개막전 생각나노 ㅋㅋ 물론 개막전이 훨씬 노잼이었지만 ㅋㅋ,크루징하는거보니 개막전 생각나노 ㅋㅋ 물론 개막전이 훨씬 노잼이었지만 ㅋㅋ,0.19677269458770752,0.25814634561538696,0.30096879601478577,0.11492662876844406,0.0702749639749527,0.058910634368658066
2024-08-25 22:54:12,회생불가 좆병신 도련놈새끼 방빼라그냥 좆같다,,40,40.0,회생불가 좆병신 도련놈새끼 방빼라그냥 좆같다 ,회생불가 좆병신 도련놈새끼 방빼라그냥 좆같다,0.13613547384738922,0.15310831367969513,0.1552964597940445,0.32214757800102234,0.04632636159658432,0.1869857907295227
2024-08-25 22:54:12,???: 야 오늘 노잼이라고??,그정도에 고마워하십시오 씹새끼들아,40,40.0,???: 야 오늘 노잼이라고?? 그정도에 고마워하십시오 씹새끼들아,???: 야 오늘 노잼이라고?? 그정도에 고마워하십시오 씹새끼들아,0.12649673223495483,0.19048382341861725,0.12411533296108246,0.3242660462856293,0.06086282432079315,0.17377521097660065
2024-08-25 22:54:15,맥라렌 <<<< 차빨챔은 진짜 얘였으면 개추,ㄹㅇ,40,40.0,맥라렌 <<<< 차빨챔은 진짜 얘였으면 개추 ㄹㅇ,맥라렌 <<<< 차빨챔은 진짜 얘였으면 개추 ㄹㅇ,0.18740668892860413,0.1732713133096695,0.46220940351486206,0.07189147174358368,0.0719076618552208,0.03331344947218895
2024-08-25 22:54:15,쥬지 뭐하노,- dc official App,40,40.0,쥬지 뭐하노 - dc official App,쥬지 뭐하노 - dc official App,0.1780325025320053,0.16646549105644226,0.49916812777519226,0.07365366071462631,0.04087213799357414,0.04180808737874031
2024-08-25 22:54:18,피아제의 추월엔 감동이 있다,,41,41.0,피아제의 추월엔 감동이 있다 ,피아제의 추월엔 감동이 있다,0.1595466583967209,0.1947898268699646,0.4455413520336151,0.07840166240930557,0.06463011354207993,0.05709037557244301
2024-08-25 22:54:20,피아제 진짜재능이네 ㄹㅇㅋㅋㅋㅋㅋㅋ,,41,41.0,피아제 진짜재능이네 ㄹㅇㅋㅋㅋㅋㅋㅋ ,피아제 진짜재능이네 ㄹㅇㅋㅋㅋㅋㅋㅋ,0.27904918789863586,0.19915437698364258,0.28014177083969116,0.09281772375106812,0.11093153059482574,0.037905432283878326
2024-08-25 22:54:20,RB17 가져와 ㅅㅂ,"그게 RB20보다 더빠를거같아 진심
- ORACLE RED BULL RACING RB20",41,41.0,"RB17 가져와 ㅅㅂ 그게 RB20보다 더빠를거같아 진심
- ORACLE RED BULL RACING RB20",RB17 가져와 ㅅㅂ 그게 RB20보다 더빠를거같아 진심 - ORACLE RED BULL RACING RB20,0.1499740183353424,0.20352748036384583,0.11802016198635101,0.29013487696647644,0.03639999404549599,0.20194348692893982
2024-08-25 22:54:21,맥라렌 컨챔 각이농 ㅋㅋ,,41,41.0,맥라렌 컨챔 각이농 ㅋㅋ ,맥라렌 컨챔 각이농 ㅋㅋ,0.18199704587459564,0.1787082999944687,0.4927336573600769,0.0676947683095932,0.05015353858470917,0.028712667524814606
2024-08-25 22:54:22,저우관유 라디오 박살,"your radio is very poor we can understand you
- dc official App",41,41.0,"저우관유 라디오 박살 your radio is very poor we can understand you
- dc official App",저우관유 라디오 박살 your radio is very poor we can understand you,0.10335741192102432,0.1912008672952652,0.5029253363609314,0.09242121875286102,0.043248843401670456,0.0668463408946991
2024-08-25 22:54:27,뭐야저건 ㅋㅋㅋㅋ,,41,41.0,뭐야저건 ㅋㅋㅋㅋ ,뭐야저건 ㅋㅋㅋㅋ,0.2689356803894043,0.26660579442977905,0.23670193552970886,0.10031791776418686,0.07915465533733368,0.04828404635190964
2024-08-25 22:54:29,피아야 르끌,모가지 따러 가즈아 ㅋㅋㅋ,41,41.0,피아야 르끌 모가지 따러 가즈아 ㅋㅋㅋ,피아야 르끌 모가지 따러 가즈아 ㅋㅋㅋ,0.13917475938796997,0.1548120081424713,0.36877819895744324,0.20184078812599182,0.052494876086711884,0.08289943635463715
2024-08-25 22:54:30,기습꿀잼뭐노 ㅋㅋㅋㅋㅋ,- dc official App,41,41.0,기습꿀잼뭐노 ㅋㅋㅋㅋㅋ - dc official App,기습꿀잼뭐노 ㅋㅋㅋㅋㅋ - dc official App,0.0721583291888237,0.10966702550649643,0.705639660358429,0.05521118640899658,0.023441147059202194,0.03388267382979393
2024-08-25 22:54:31,이거 몽골 3위각인데??,드챔 흔들리나요,41,41.0,이거 몽골 3위각인데?? 드챔 흔들리나요,이거 몽골 3위각인데?? 드챔 흔들리나요,0.3321116268634796,0.22804294526576996,0.15869194269180298,0.10516278445720673,0.12086895853281021,0.055121760815382004
2024-08-25 22:54:31,와 ㅋㅋㅋㅋㅋ,,41,41.0,와 ㅋㅋㅋㅋㅋ ,와 ㅋㅋㅋㅋㅋ,0.16025958955287933,0.16494299471378326,0.5289215445518494,0.0729714035987854,0.040871888399124146,0.03203260153532028
2024-08-25 22:54:33,와 시발ㅋㅋㅋ,ㅋ,41,41.0,와 시발ㅋㅋㅋ ㅋ,와 시발ㅋㅋㅋ ㅋ,0.17083969712257385,0.22557491064071655,0.3206101357936859,0.15416021645069122,0.06557580083608627,0.06323922425508499
2024-08-25 22:54:33,스타팅도아니고 ㅋㅋㅋ,,41,41.0,스타팅도아니고 ㅋㅋㅋ ,스타팅도아니고 ㅋㅋㅋ,0.22872227430343628,0.30617278814315796,0.14429590106010437,0.1569652557373047,0.07730116695165634,0.08654268085956573
2024-08-25 22:54:33,와글와글,,41,41.0,와글와글 ,와글와글,0.0963081568479538,0.15996676683425903,0.5535680651664734,0.11161153018474579,0.0283220075070858,0.05022341385483742
2024-08-25 22:54:34,개멋있노ㅋㅋㅋㅋㅋㅋㅋㅋㅋㅋ,,41,41.0,개멋있노ㅋㅋㅋㅋㅋㅋㅋㅋㅋㅋ ,개멋있노ㅋㅋㅋㅋㅋㅋㅋㅋㅋㅋ,0.09753948450088501,0.14705319702625275,0.6245834231376648,0.06272567063570023,0.034197330474853516,0.033900897949934006
2024-08-25 22:54:35,뭔데 저거 ㅋㅋㅋㅋㅋㅋ,,41,41.0,뭔데 저거 ㅋㅋㅋㅋㅋㅋ ,뭔데 저거 ㅋㅋㅋㅋㅋㅋ,0.23298439383506775,0.2208913415670395,0.37357956171035767,0.08239299058914185,0.056997522711753845,0.03315429016947746
2024-08-25 22:54:37,1포인트를 위한 경쟁,ㅋㅋㅋㅋㅋㅋ,41,41.0,1포인트를 위한 경쟁 ㅋㅋㅋㅋㅋㅋ,1포인트를 위한 경쟁 ㅋㅋㅋㅋㅋㅋ,0.23391534388065338,0.28661468625068665,0.16317935287952423,0.15005803108215332,0.0897589921951294,0.07647354900836945
2024-08-25 22:54:36,저긴 왜 레이스스타트하노 ㅋㅋ,,41,41.0,저긴 왜 레이스스타트하노 ㅋㅋ ,저긴 왜 레이스스타트하노 ㅋㅋ,0.26280713081359863,0.26755818724632263,0.18230149149894714,0.13919734954833984,0.08766733855009079,0.06046851724386215
2024-08-25 22:54:37,뭐야 저거 ㅋㅋㅋㅋㅋㅋ,ㅋㅋㅋㅋ,41,41.0,뭐야 저거 ㅋㅋㅋㅋㅋㅋ ㅋㅋㅋㅋ,뭐야 저거 ㅋㅋㅋㅋㅋㅋ ㅋㅋㅋㅋ,0.1809287667274475,0.21271127462387085,0.4440605640411377,0.08343705534934998,0.042276326566934586,0.03658603876829147
2024-08-25 22:54:37,뭐야 저거 ㅆ ㅋㄱㅋㅋㅋ,,41,41.0,뭐야 저거 ㅆ ㅋㄱㅋㅋㅋ ,뭐야 저거 ㅆ ㅋㄱㅋㅋㅋ,0.20920206606388092,0.2461472898721695,0.3136691749095917,0.11440467089414597,0.06582508236169815,0.05075181648135185
2024-08-25 22:54:37,교통체증 ㅋㅋㅋㅋ,- dc official App,41,41.0,교통체증 ㅋㅋㅋㅋ - dc official App,교통체증 ㅋㅋㅋㅋ - dc official App,0.23400171101093292,0.24389547109603882,0.1816914677619934,0.1708618849515915,0.07448473572731018,0.09506470710039139
2024-08-25 22:54:38,뭐임 저거ㅋㅋㅋㅋ,,41,41.0,뭐임 저거ㅋㅋㅋㅋ ,뭐임 저거ㅋㅋㅋㅋ,0.2875840961933136,0.2399451583623886,0.25628724694252014,0.09676958620548248,0.07573641836643219,0.04367751255631447
2024-08-25 22:54:38,시발 이게 뭐임ㅋㅋㅋ,,41,41.0,시발 이게 뭐임ㅋㅋㅋ ,시발 이게 뭐임ㅋㅋㅋ,0.12307147681713104,0.25697481632232666,0.10412205010652542,0.2712344825267792,0.05822763219475746,0.18636953830718994
2024-08-25 22:54:39,뭐야 포와이드 뭐냐 ㅋㅋㅋㅋ,,41,41.0,뭐야 포와이드 뭐냐 ㅋㅋㅋㅋ ,뭐야 포와이드 뭐냐 ㅋㅋㅋㅋ,0.27478548884391785,0.3015279471874237,0.1686130166053772,0.10937219113111496,0.08017504215240479,0.0655263364315033
2024-08-25 22:54:40,시발 저건 뭐노 ㅋㅋㅋㅋㅋ,ㅋㅋㅋㅋㅋ,41,41.0,시발 저건 뭐노 ㅋㅋㅋㅋㅋ ㅋㅋㅋㅋㅋ,시발 저건 뭐노 ㅋㅋㅋㅋㅋ ㅋㅋㅋㅋㅋ,0.1637519747018814,0.3293749690055847,0.1173262745141983,0.2011643797159195,0.07839666306972504,0.10998574644327164
2024-08-25 22:54:39,5대가 싸우노ㅋㅋㅋㅋㅋㅋㅋ,,41,41.0,5대가 싸우노ㅋㅋㅋㅋㅋㅋㅋ ,5대가 싸우노ㅋㅋㅋㅋㅋㅋㅋ,0.263322114944458,0.26990804076194763,0.1896626353263855,0.13103827834129333,0.08769013732671738,0.05837883800268173
2024-08-25 22:54:39,쓰리와이드 ㄷㄷ,,41,41.0,쓰리와이드 ㄷㄷ ,쓰리와이드 ㄷㄷ,0.34850654006004333,0.2045716941356659,0.18346554040908813,0.11148497462272644,0.10400114953517914,0.04797011613845825
2024-08-25 22:54:40,시발 머임 여기 ㅋㅋㅋ,,41,41.0,시발 머임 여기 ㅋㅋㅋ ,시발 머임 여기 ㅋㅋㅋ,0.2031923532485962,0.28106728196144104,0.11877591162919998,0.19416604936122894,0.0982946902513504,0.10450368374586105
2024-08-25 22:54:41,떼빙 뭐임 ㅋㅋㅋㅋㅋㅋ,,41,41.0,떼빙 뭐임 ㅋㅋㅋㅋㅋㅋ ,떼빙 뭐임 ㅋㅋㅋㅋㅋㅋ,0.1125044971704483,0.14848387241363525,0.6093652248382568,0.06800832599401474,0.02773807756602764,0.03389996662735939
2024-08-25 22:54:41,머고 ㅋㅋㅋㅋㅌㅌ,,41,41.0,머고 ㅋㅋㅋㅋㅌㅌ ,머고 ㅋㅋㅋㅋㅌㅌ,0.22106358408927917,0.2787395119667053,0.2843180000782013,0.10232000797986984,0.06386863440275192,0.049690283834934235
2024-08-25 22:54:39,■ 솔직히 F1에도 BoP를 도입해야 한다고 생각,ㄹㅇ,41,41.0,■ 솔직히 F1에도 BoP를 도입해야 한다고 생각 ㄹㅇ,■ 솔직히 F1에도 BoP를 도입해야 한다고 생각 ㄹㅇ,0.16810767352581024,0.2435164451599121,0.24553270637989044,0.12349986284971237,0.06818252056837082,0.15116074681282043
2024-08-25 22:54:42,좆밥대전 ㅋㅋㅋㅋㅋㅋㅋㅋ,ㅋㅋㅋㅋㅋ,41,41.0,좆밥대전 ㅋㅋㅋㅋㅋㅋㅋㅋ ㅋㅋㅋㅋㅋ,좆밥대전 ㅋㅋㅋㅋㅋㅋㅋㅋ ㅋㅋㅋㅋㅋ,0.11330188810825348,0.1987861841917038,0.5002562403678894,0.10690240561962128,0.034154005348682404,0.04659929871559143
2024-08-25 22:54:43,황슬리 ㅋㅋㅋㅋㅋㅋㅋㅋㅋㅋㅋㅋㅋㅋㅋㅋㅋ,ㅅㅅㅅㅅ,41,41.0,황슬리 ㅋㅋㅋㅋㅋㅋㅋㅋㅋㅋㅋㅋㅋㅋㅋㅋㅋ ㅅㅅㅅㅅ,황슬리 ㅋㅋㅋㅋㅋㅋㅋㅋㅋㅋㅋㅋㅋㅋㅋㅋㅋ ㅅㅅㅅㅅ,0.06282411515712738,0.10996333509683609,0.7115896940231323,0.05662639066576958,0.023450903594493866,0.03554551675915718
2024-08-25 22:54:43,기습 에어쇼 ㅋㅋㅋ,- dc official App,41,41.0,기습 에어쇼 ㅋㅋㅋ - dc official App,기습 에어쇼 ㅋㅋㅋ - dc official App,0.0942997857928276,0.11755365878343582,0.6706798672676086,0.061509259045124054,0.024638473987579346,0.03131893649697304
2024-08-25 22:54:44,시발 개판이네ㅋㅋㅋㅋㅋ,,41,41.0,시발 개판이네ㅋㅋㅋㅋㅋ ,시발 개판이네ㅋㅋㅋㅋㅋ,0.12738236784934998,0.2225605547428131,0.1281537264585495,0.3196412920951843,0.05923210829496384,0.14302992820739746
2024-08-25 22:54:45,왜 저기만 아직도 스타트하고있냐 ㅋㅋ,트래픽보소 ㅋㅋㅋㅋ,41,41.0,왜 저기만 아직도 스타트하고있냐 ㅋㅋ 트래픽보소 ㅋㅋㅋㅋ,왜 저기만 아직도 스타트하고있냐 ㅋㅋ 트래픽보소 ㅋㅋㅋㅋ,0.2633516192436218,0.2247353047132492,0.11550816148519516,0.19283878803253174,0.11613165587186813,0.08743443340063095
2024-08-25 22:54:45,저기 왜저럼ㅋㅋㅋ,- dc official App,41,41.0,저기 왜저럼ㅋㅋㅋ - dc official App,저기 왜저럼ㅋㅋㅋ - dc official App,0.2365938127040863,0.2938566505908966,0.14251823723316193,0.15373586118221283,0.0965408980846405,0.07675457000732422
2024-08-25 22:54:45,낭만 치사량 ㄷㄷㄷㄷ,ㄷㄷ,41,41.0,낭만 치사량 ㄷㄷㄷㄷ ㄷㄷ,낭만 치사량 ㄷㄷㄷㄷ ㄷㄷ,0.2865082323551178,0.21916067600250244,0.26399683952331543,0.09298814833164215,0.09698551893234253,0.04036056995391846
2024-08-25 22:54:45,저긴 씨발 카트라이더 하고 있노 ㅋㅋㅋㅋㅋㅋㅋㅋㅋㅋㅋㅋ,ㅋㅋㅋㅋㅋㅋㅋㅋㅋㅋㅋㅋㅋ,41,41.0,저긴 씨발 카트라이더 하고 있노 ㅋㅋㅋㅋㅋㅋㅋㅋㅋㅋㅋㅋ ㅋㅋㅋㅋㅋㅋㅋㅋㅋㅋㅋㅋㅋ,저긴 씨발 카트라이더 하고 있노 ㅋㅋㅋㅋㅋㅋㅋㅋㅋㅋㅋㅋ ㅋㅋㅋㅋㅋㅋㅋㅋㅋㅋㅋㅋㅋ,0.13557659089565277,0.2465704381465912,0.3570278286933899,0.13955706357955933,0.05791221931576729,0.06335597485303879
2024-08-25 22:54:45,여기를 보여줬어야지 ㅋㅋㅋㅋ,- dc official App,41,41.0,여기를 보여줬어야지 ㅋㅋㅋㅋ - dc official App,여기를 보여줬어야지 ㅋㅋㅋㅋ - dc official App,0.1310899257659912,0.2831852436065674,0.31150105595588684,0.14624719321727753,0.047371264547109604,0.08060528337955475
2024-08-25 22:54:46,출근길 ㅋㅋㅋ,- dc official App,41,41.0,출근길 ㅋㅋㅋ - dc official App,출근길 ㅋㅋㅋ - dc official App,0.08660732209682465,0.11608728021383286,0.6839180588722229,0.058329105377197266,0.02321981079876423,0.03183843195438385
2024-08-25 22:54:47,요긴 뭔 미니카 레이싱하냐 ㅋㅋㅋㅋㅋ,ㅋㅋㅋㅋㅋㅋㅋㅋ,41,41.0,요긴 뭔 미니카 레이싱하냐 ㅋㅋㅋㅋㅋ ㅋㅋㅋㅋㅋㅋㅋㅋ,요긴 뭔 미니카 레이싱하냐 ㅋㅋㅋㅋㅋ ㅋㅋㅋㅋㅋㅋㅋㅋ,0.13307714462280273,0.19105064868927002,0.501323401927948,0.0948995053768158,0.036662258207798004,0.04298708215355873
2024-08-25 22:54:48,역시 박터지는건 중하위권 싸움ㅋㅋㅋㅋ,,41,41.0,역시 박터지는건 중하위권 싸움ㅋㅋㅋㅋ ,역시 박터지는건 중하위권 싸움ㅋㅋㅋㅋ,0.15570580959320068,0.29830774664878845,0.11350414156913757,0.1839563250541687,0.09502021968364716,0.1535058468580246
2024-08-25 22:54:48,ㅈ밥싸움 개재밌노 ㅋㅋㅋㅋ,- dc official App,41,41.0,ㅈ밥싸움 개재밌노 ㅋㅋㅋㅋ - dc official App,ㅈ밥싸움 개재밌노 ㅋㅋㅋㅋ - dc official App,0.0898951068520546,0.13933876156806946,0.6380166411399841,0.0716228187084198,0.02576112188398838,0.03536553308367729
2024-08-25 22:54:48,ㅅㅂ 저긴 왜 지들끼리 스타트를 하노ㅋㅋㅋ,,41,41.0,ㅅㅂ 저긴 왜 지들끼리 스타트를 하노ㅋㅋㅋ ,ㅅㅂ 저긴 왜 지들끼리 스타트를 하노ㅋㅋㅋ,0.15948615968227386,0.27531540393829346,0.09445004910230637,0.24702589213848114,0.07029099017381668,0.15343160927295685
2024-08-25 22:54:52,똠황 19그리드 출발인데 11위ㅋㅋㅋ,ㅋ,41,41.0,똠황 19그리드 출발인데 11위ㅋㅋㅋ ㅋ,똠황 19그리드 출발인데 11위ㅋㅋㅋ ㅋ,0.26724889874458313,0.26221632957458496,0.21819551289081573,0.12401346862316132,0.07319847494363785,0.0551273413002491
2024-08-25 22:54:53,사냥하냐?ㅋㅋㅋㅋㅋㅋㅋㅋ,뭐노 ㅋㅋㅋㅋㅋㅋㅋㅋㅋㅋ,41,41.0,사냥하냐?ㅋㅋㅋㅋㅋㅋㅋㅋ 뭐노 ㅋㅋㅋㅋㅋㅋㅋㅋㅋㅋ,사냥하냐?ㅋㅋㅋㅋㅋㅋㅋㅋ 뭐노 ㅋㅋㅋㅋㅋㅋㅋㅋㅋㅋ,0.2713727355003357,0.29097211360931396,0.16847258806228638,0.11970636248588562,0.08100876212120056,0.06846742331981659
2024-08-25 22:54:54,제발 사고 ㅋㅋ,,41,41.0,제발 사고 ㅋㅋ ,제발 사고 ㅋㅋ,0.12435375154018402,0.1941586583852768,0.46967583894729614,0.08546075969934464,0.0537211112678051,0.07262979447841644
2024-08-25 22:54:55,현재 1번코너 풍속,.,41,41.0,현재 1번코너 풍속 .,현재 1번코너 풍속 .,0.23670613765716553,0.20437611639499664,0.36092549562454224,0.09606236219406128,0.04961201921105385,0.05231788381934166
2024-08-25 22:54:57,아니 10위 싸움 실화냐?,가슴이 웅장해진다 ㅋㅋㅋㅋ,41,41.0,아니 10위 싸움 실화냐? 가슴이 웅장해진다 ㅋㅋㅋㅋ,아니 10위 싸움 실화냐? 가슴이 웅장해진다 ㅋㅋㅋㅋ,0.13264210522174835,0.16263370215892792,0.5718358159065247,0.05878335237503052,0.044299185276031494,0.029805831611156464
2024-08-25 22:54:56,갑자기 스타트를 하고있네 ㅋㅋㅋㅋ,,41,41.0,갑자기 스타트를 하고있네 ㅋㅋㅋㅋ ,갑자기 스타트를 하고있네 ㅋㅋㅋㅋ,0.21120618283748627,0.22214506566524506,0.3814674913883209,0.08822082728147507,0.05465114116668701,0.042309317737817764
2024-08-25 22:54:57,사고가 없는게 맞노?,"ㅅㅂ
- ORACLE RED BULL RACING RB20",41,41.0,"사고가 없는게 맞노? ㅅㅂ
- ORACLE RED BULL RACING RB20",사고가 없는게 맞노? ㅅㅂ - ORACLE RED BULL RACING RB20,0.14722776412963867,0.19578072428703308,0.11571075767278671,0.3042282462120056,0.040965933352708817,0.19608666002750397
2024-08-25 22:54:58,알본 언제 저기까지 왔냐,ㄷㄷ,41,41.0,알본 언제 저기까지 왔냐 ㄷㄷ,알본 언제 저기까지 왔냐 ㄷㄷ,0.34308549761772156,0.1998484581708908,0.15470927953720093,0.13016578555107117,0.11599741876125336,0.05619358643889427
2024-08-25 22:54:58,똠 ㅋㅋ 1.5군의 왕이라네,ㅋㅋㅋㅋ,41,41.0,똠 ㅋㅋ 1.5군의 왕이라네 ㅋㅋㅋㅋ,똠 ㅋㅋ 1.5군의 왕이라네 ㅋㅋㅋㅋ,0.21050041913986206,0.21559113264083862,0.3849102556705475,0.09489517658948898,0.05786817893385887,0.03623479604721069
2024-08-25 22:54:59,이래도 피아제 포디움 불가능이냐?,노리스까지 따고 우승 간다ㅋㅋ,41,41.0,이래도 피아제 포디움 불가능이냐? 노리스까지 따고 우승 간다ㅋㅋ,이래도 피아제 포디움 불가능이냐? 노리스까지 따고 우승 간다ㅋㅋ,0.13901816308498383,0.16429449617862701,0.42473816871643066,0.1296667754650116,0.07223343849182129,0.07004896551370621
2024-08-25 22:54:58,세카각이노ㅋㅋㅋㅋㅋㅋㅋ,ㅋㅋㅋㅋㅋㅋㅋ,41,41.0,세카각이노ㅋㅋㅋㅋㅋㅋㅋ ㅋㅋㅋㅋㅋㅋㅋ,세카각이노ㅋㅋㅋㅋㅋㅋㅋ ㅋㅋㅋㅋㅋㅋㅋ,0.08174442499876022,0.11602499336004257,0.6867313385009766,0.058816008269786835,0.02441188506782055,0.03227134048938751
2024-08-25 22:54:59,중하위권도 개꿀잼이네,"뭐노저거ㄲㅋㅋ
- dc official App",41,41.0,"중하위권도 개꿀잼이네 뭐노저거ㄲㅋㅋ
- dc official App",중하위권도 개꿀잼이네 뭐노저거ㄲㅋㅋ,0.08045833557844162,0.1332736611366272,0.647167444229126,0.0702853724360466,0.026424530893564224,0.04239063709974289
2024-08-25 22:55:00,쟤네는 방금 스타트했냐? ㅋㅋㅋㅋ,- dc official App,41,41.0,쟤네는 방금 스타트했냐? ㅋㅋㅋㅋ - dc official App,쟤네는 방금 스타트했냐? ㅋㅋㅋㅋ - dc official App,0.28064602613449097,0.22947925329208374,0.258004754781723,0.11225484311580658,0.07858617603778839,0.04102899134159088
2024-08-25 22:55:02,셒카 제발 ㅋㅋ,,41,41.0,셒카 제발 ㅋㅋ ,셒카 제발 ㅋㅋ,0.11623755097389221,0.16893523931503296,0.5241841077804565,0.09082406759262085,0.04413178935647011,0.055687278509140015
2024-08-25 22:55:03,누리스 피트 안했냐 ㅋㅋㅋ몽골이랑 차이 뭔데,머고,41,41.0,누리스 피트 안했냐 ㅋㅋㅋ몽골이랑 차이 뭔데 머고,누리스 피트 안했냐 ㅋㅋㅋ몽골이랑 차이 뭔데 머고,0.3335202634334564,0.2444138377904892,0.11127130687236786,0.14467503130435944,0.08992923051118851,0.07619033753871918
2024-08-25 22:55:03,피아제 르끌 딸수있음?,막스까진 무리아니냐,41,41.0,피아제 르끌 딸수있음? 막스까진 무리아니냐,피아제 르끌 딸수있음? 막스까진 무리아니냐,0.35040533542633057,0.23586882650852203,0.12462173402309418,0.1057514175772667,0.10642153769731522,0.07693110406398773
2024-08-25 22:54:59,가슬리 트레인 ㅋㅋ,,41,41.0,가슬리 트레인 ㅋㅋ ,가슬리 트레인 ㅋㅋ,0.08250881731510162,0.11504765599966049,0.6850593090057373,0.06197889894247055,0.023612888529896736,0.031792473047971725
2024-08-25 22:55:01,알국트레인 뚫렸나보네,ㅋㅋ,41,41.0,알국트레인 뚫렸나보네 ㅋㅋ,알국트레인 뚫렸나보네 ㅋㅋ,0.32934388518333435,0.2218051552772522,0.1607673615217209,0.11627819389104843,0.1181618794798851,0.053643494844436646
2024-08-25 22:55:06,아니 뭐 나스카여ㅋㅋㅋㅋㅋ,뱅크 미친곳에 차 따닥따닥 모여있으니까 무슨 나스카 같네ㅋㅋㅋㅋ,41,41.0,아니 뭐 나스카여ㅋㅋㅋㅋㅋ 뱅크 미친곳에 차 따닥따닥 모여있으니까 무슨 나스카 같네ㅋㅋㅋㅋ,아니 뭐 나스카여ㅋㅋㅋㅋㅋ 뱅크 미친곳에 차 따닥따닥 모여있으니까 무슨 나스카 같네ㅋㅋㅋㅋ,0.2229004055261612,0.2343435138463974,0.3211694061756134,0.10306964069604874,0.0752137154340744,0.04330332204699516
2024-08-25 22:55:06,4명한테 따잇ㅋㅋㅋㅋ,"ㅋㅋㅋㅋㅋ
- dc official App",41,41.0,"4명한테 따잇ㅋㅋㅋㅋ ㅋㅋㅋㅋㅋ
- dc official App",4명한테 따잇ㅋㅋㅋㅋ ㅋㅋㅋㅋㅋ,0.06791943311691284,0.10610495507717133,0.7168324589729309,0.05221540108323097,0.024794481694698334,0.032133277505636215
2024-08-25 22:55:07,10부터 14까지가 존나 붙어있네 ㅋㅋㅋㅋㅋ,"ㅋㅋㅋㅋㅋㅋㅋ
- dc official App",41,41.0,"10부터 14까지가 존나 붙어있네 ㅋㅋㅋㅋㅋ ㅋㅋㅋㅋㅋㅋㅋ
- dc official App",10부터 14까지가 존나 붙어있네 ㅋㅋㅋㅋㅋ ㅋㅋㅋㅋㅋㅋㅋ,0.15854230523109436,0.20747816562652588,0.43650543689727783,0.10457951575517654,0.04759553074836731,0.04529902711510658
2024-08-25 22:55:03,알본아 제발 힘내줘,,41,41.0,알본아 제발 힘내줘 ,알본아 제발 힘내줘,0.173928901553154,0.18307878077030182,0.36066925525665283,0.09119202941656113,0.08587837219238281,0.10525265336036682
2024-08-25 22:55:06,ㅈㄴ웃기네ㅋㅋㅋㅋㅋㅋ,,41,41.0,ㅈㄴ웃기네ㅋㅋㅋㅋㅋㅋ ,ㅈㄴ웃기네ㅋㅋㅋㅋㅋㅋ,0.09437622874975204,0.14444421231746674,0.6279972195625305,0.0696326419711113,0.025985252112150192,0.037564411759376526
2024-08-25 22:55:10,5대 저거 21년인가 오스트리아에서 봤는데,ㅈㄴ 오랜만에 보노 ㅋㅋㅋㅋㅋ,41,41.0,5대 저거 21년인가 오스트리아에서 봤는데 ㅈㄴ 오랜만에 보노 ㅋㅋㅋㅋㅋ,5대 저거 21년인가 오스트리아에서 봤는데 ㅈㄴ 오랜만에 보노 ㅋㅋㅋㅋㅋ,0.21627774834632874,0.2019481211900711,0.4239703118801117,0.06938871741294861,0.059296369552612305,0.02911870926618576
2024-08-25 22:55:14,꿀잼 가뭄속 한줄기 비 입갤ㅋㅋ,,41,41.0,꿀잼 가뭄속 한줄기 비 입갤ㅋㅋ ,꿀잼 가뭄속 한줄기 비 입갤ㅋㅋ,0.058608803898096085,0.10992049425840378,0.7105073928833008,0.0562126487493515,0.024728016927838326,0.04002257436513901
2024-08-25 22:55:14,몽골견 대화패턴…..txt,"메르강점기때:
저 엠흑새끼 메르차빨받아서 7챔먹은건데??
차빨 없었으면 ㅈ도아닌 거품새끼가 해밀턴인데??
레드불강점기때:
애초에 차빨챔이라는 단어 자체가 웃긴거 아님?
원래 F1이 차빨 겨루는 경기잖아??
드라이버도 결국 부품중 하나일 뿐인데 뭔 차빨드립임???
최근 맥라렌이 올라오자:
저 싸가지없는새끼 맥라렌 차빨받아서 우승한건데??
차빨 없었으면 ㅈ도아닌 거품새끼가 노리스인데??
에라이 병신들아 ㅋㅋㅋㅋㅋ
뭔 쳐발릴때마다 말을 쳐바꾸고있노 ㅋㅋㅋㅋㅋㅋㅋㅋㅋㅋㅋㅋ
- dc official App",41,41.0,"몽골견 대화패턴…..txt 메르강점기때:
저 엠흑새끼 메르차빨받아서 7챔먹은건데??
차빨 없었으면 ㅈ도아닌 거품새끼가 해밀턴인데??
레드불강점기때:
애초에 차빨챔이라는 단어 자체가 웃긴거 아님?
원래 F1이 차빨 겨루는 경기잖아??
드라이버도 결국 부품중 하나일 뿐인데 뭔 차빨드립임???
최근 맥라렌이 올라오자:
저 싸가지없는새끼 맥라렌 차빨받아서 우승한건데??
차빨 없었으면 ㅈ도아닌 거품새끼가 노리스인데??
에라이 병신들아 ㅋㅋㅋㅋㅋ
뭔 쳐발릴때마다 말을 쳐바꾸고있노 ㅋㅋㅋㅋㅋㅋㅋㅋㅋㅋㅋㅋ
- dc official App",몽골견 대화패턴…..txt 메르강점기때: 저 엠흑새끼 메르차빨받아서 7챔먹은건데?? 차빨 없었으면 ㅈ도아닌 거품새끼가 해밀턴인데?? 레드불강점기때: 애초에 차빨챔이라는 단어 자체가 웃긴거 아님? 원래 F1이 차빨 겨루는 경기잖아?? 드라이버도 결국 부품중 하나일 뿐인데 뭔 차빨드립임??? 최근 맥라렌이 올라오자: 저 싸가지없는새끼 맥라렌 차빨받아서 우승한건데?? 차빨 없었으면 ㅈ도아닌 거품새끼가 노리스인데?? 에라이 병신들아 ㅋㅋㅋㅋㅋ 뭔 쳐발릴때마다 말을 쳐바꾸고있노 ㅋㅋㅋㅋㅋㅋㅋㅋㅋㅋㅋㅋ,0.22066020965576172,0.18239447474479675,0.07951920479536057,0.2780987620353699,0.06613215059041977,0.17319518327713013
2024-08-25 22:55:15,지금 웃고있는 새끼ㅋㅋㅋㅋㅋㅋㅋㅋㅋㅋㅋㅋㅋㅋ,"사인지
ㄹㅇㅋㅋ",41,41.0,"지금 웃고있는 새끼ㅋㅋㅋㅋㅋㅋㅋㅋㅋㅋㅋㅋㅋㅋ 사인지
ㄹㅇㅋㅋ",지금 웃고있는 새끼ㅋㅋㅋㅋㅋㅋㅋㅋㅋㅋㅋㅋㅋㅋ 사인지 ㄹㅇㅋㅋ,0.11979245394468307,0.16477374732494354,0.5687310099601746,0.07367514073848724,0.03597663715481758,0.037051010876894
2024-08-25 22:55:14,기차놀이 시작이노,,41,41.0,기차놀이 시작이노 ,기차놀이 시작이노,0.10094817727804184,0.1750270575284958,0.5342966914176941,0.10182742774486542,0.03665849193930626,0.05124209448695183
2024-08-25 22:55:17,포인트권이 존나맛있노 ㅋㅋㅋㅋㅋㅋㅋ,저기가 메인이네 ㅋㅋㅋㅋㅋㅋ,41,41.0,포인트권이 존나맛있노 ㅋㅋㅋㅋㅋㅋㅋ 저기가 메인이네 ㅋㅋㅋㅋㅋㅋ,포인트권이 존나맛있노 ㅋㅋㅋㅋㅋㅋㅋ 저기가 메인이네 ㅋㅋㅋㅋㅋㅋ,0.08179483562707901,0.12340565025806427,0.674558162689209,0.059086594730615616,0.026117244735360146,0.03503745421767235
2024-08-25 22:55:17,❗+❗+레드불 진짜 좆된점❗+❗+,내후년에 들어오는 이새끼들도 슬슬 안좋은 소리가 들림 ㅋㅋ,41,41.0,❗+❗+레드불 진짜 좆된점❗+❗+ 내후년에 들어오는 이새끼들도 슬슬 안좋은 소리가 들림 ㅋㅋ,❗+❗+레드불 진짜 좆된점❗+❗+ 내후년에 들어오는 이새끼들도 슬슬 안좋은 소리가 들림 ㅋㅋ,0.18068654835224152,0.23940597474575043,0.10765161365270615,0.17847773432731628,0.09841007739305496,0.19536812603473663
2024-08-25 22:55:21,가슬리 치팅함?,존나빠르네 ㅅㅂ..,41,41.0,가슬리 치팅함? 존나빠르네 ㅅㅂ..,가슬리 치팅함? 존나빠르네 ㅅㅂ..,0.22520364820957184,0.23917296528816223,0.10280060023069382,0.21734467148780823,0.10874953120946884,0.10672854632139206
2024-08-25 22:55:22,와중에 페레즈 따잇당하겄네,- dc official App,41,41.0,와중에 페레즈 따잇당하겄네 - dc official App,와중에 페레즈 따잇당하겄네 - dc official App,0.26478901505470276,0.27815574407577515,0.11307946592569351,0.13182182610034943,0.11739713698625565,0.09475680440664291
2024-08-25 22:55:22,떼빙 오늘의 명장면이네 씹 ㅋㅋㅋㅋㅋ,ㅋㅋㅋㅋㅋ,41,41.0,떼빙 오늘의 명장면이네 씹 ㅋㅋㅋㅋㅋ ㅋㅋㅋㅋㅋ,떼빙 오늘의 명장면이네 씹 ㅋㅋㅋㅋㅋ ㅋㅋㅋㅋㅋ,0.06852429360151291,0.13194090127944946,0.665989100933075,0.06684224307537079,0.02560218796133995,0.041101351380348206
2024-08-25 22:55:24,알본 카드가 하나 더있다고?,한번더 DSQ,41,41.0,알본 카드가 하나 더있다고? 한번더 DSQ,알본 카드가 하나 더있다고? 한번더 DSQ,0.32413339614868164,0.23301002383232117,0.17934755980968475,0.10384641587734222,0.10591506212949753,0.05374753102660179
2024-08-25 22:55:27,포인트권 사고 바라면 개추,ㅇㄷㄴㅂㅌㅋㅋㅋ,41,41.0,포인트권 사고 바라면 개추 ㅇㄷㄴㅂㅌㅋㅋㅋ,포인트권 사고 바라면 개추 ㅇㄷㄴㅂㅌㅋㅋㅋ,0.0859011635184288,0.12293345481157303,0.6628919243812561,0.06295958906412125,0.03033655323088169,0.034977301955223083
2024-08-25 22:55:27,대인지 패랩,,41,41.0,대인지 패랩 ,대인지 패랩,0.20324692130088806,0.1966123878955841,0.42004022002220154,0.09322188049554825,0.037938665598630905,0.04893990233540535
2024-08-25 22:55:32,기습패랩 사인지,"뜬금포 ㅋㅋㅋ
- dc official App",41,41.0,"기습패랩 사인지 뜬금포 ㅋㅋㅋ
- dc official App",기습패랩 사인지 뜬금포 ㅋㅋㅋ,0.24161356687545776,0.2766707241535187,0.25040680170059204,0.11395777761936188,0.058416180312633514,0.058934930711984634
2024-08-25 22:55:36,맥라렌은 기어박스 업뎃 할까?,"레드불한테 유일하게 따이는게 저단기언데
이거 업뎃 안하면 폴따도 앞으로도 스타트때 몽골에 따이겠는데",42,42.0,"맥라렌은 기어박스 업뎃 할까? 레드불한테 유일하게 따이는게 저단기언데
이거 업뎃 안하면 폴따도 앞으로도 스타트때 몽골에 따이겠는데",맥라렌은 기어박스 업뎃 할까? 레드불한테 유일하게 따이는게 저단기언데 이거 업뎃 안하면 폴따도 앞으로도 스타트때 몽골에 따이겠는데,0.34131932258605957,0.2391790747642517,0.09556789696216583,0.11702419072389603,0.0980374813079834,0.10887202620506287
2024-08-25 22:55:37,근데 애마는 왜 항상 순위상관 없이 알론소 스트롤 나란히 달리냐??,,42,42.0,근데 애마는 왜 항상 순위상관 없이 알론소 스트롤 나란히 달리냐?? ,근데 애마는 왜 항상 순위상관 없이 알론소 스트롤 나란히 달리냐??,0.26259079575538635,0.3120540380477905,0.08451808989048004,0.15523338317871094,0.08539256453514099,0.10021109879016876
2024-08-25 22:55:36,좆끌레 따잇 사정권 ㅋㅋㅋㅋ,,42,42.0,좆끌레 따잇 사정권 ㅋㅋㅋㅋ ,좆끌레 따잇 사정권 ㅋㅋㅋㅋ,0.07455695420503616,0.10706908255815506,0.7026777267456055,0.05929434299468994,0.025084082037210464,0.03131785988807678
2024-08-25 22:55:38,피아제가 미끌레보다 랩당 반초넘게 빠르네,,42,42.0,피아제가 미끌레보다 랩당 반초넘게 빠르네 ,피아제가 미끌레보다 랩당 반초넘게 빠르네,0.3596978783607483,0.21031571924686432,0.13308057188987732,0.12542705237865448,0.11315055191516876,0.058328211307525635
2024-08-25 22:55:48,존나 개쎈 차 나올때마다 참 기분이 묘함,"오늘 누리스 차 보니까 드는 느낌인데
당장 재작년이랑 작년에 막가놈 크루징 우승 시킨 차 나왔을때도 그렇고메르가 20년도에 개씨발 무슨 초음속 콩코드 같은 차 만들어와서 죄다 백마커 만들었을때도 그렇고
존나 쎈 차 보면 처음에 경악하면서 대체 어디서 어떻게 저런 괴물같은 차가 나왔지 하고 감탄하는데
한 서너바퀴 크루징 하는거 보면 슬슬 대가리 깊은 곳에서 ㅅㅂ 저새끼들 이제 강점기 만드는거 아니노 하는 불안감이 올라옴 ㅋㅋㅋㅋㅋ",42,42.0,"존나 개쎈 차 나올때마다 참 기분이 묘함 오늘 누리스 차 보니까 드는 느낌인데
당장 재작년이랑 작년에 막가놈 크루징 우승 시킨 차 나왔을때도 그렇고메르가 20년도에 개씨발 무슨 초음속 콩코드 같은 차 만들어와서 죄다 백마커 만들었을때도 그렇고
존나 쎈 차 보면 처음에 경악하면서 대체 어디서 어떻게 저런 괴물같은 차가 나왔지 하고 감탄하는데
한 서너바퀴 크루징 하는거 보면 슬슬 대가리 깊은 곳에서 ㅅㅂ 저새끼들 이제 강점기 만드는거 아니노 하는 불안감이 올라옴 ㅋㅋㅋㅋㅋ",존나 개쎈 차 나올때마다 참 기분이 묘함 오늘 누리스 차 보니까 드는 느낌인데 당장 재작년이랑 작년에 막가놈 크루징 우승 시킨 차 나왔을때도 그렇고메르가 20년도에 개씨발 무슨 초음속 콩코드 같은 차 만들어와서 죄다 백마커 만들었을때도 그렇고 존나 쎈 차 보면 처음에 경악하면서 대체 어디서 어떻게 저런 괴물같은 차가 나왔지 하고 감탄하는데 한 서너바퀴 크루징 하는거 보면 슬슬 대가리 깊은 곳에서 ㅅㅂ 저새끼들 이제 강점기 만드는거 아니노 하는 불안감이 올라옴 ㅋㅋㅋㅋㅋ,0.2579776346683502,0.19796419143676758,0.10582675039768219,0.2043905258178711,0.13868051767349243,0.09516040235757828
2024-08-25 22:55:50,맥라렌 씨발 차가 말이 안되노 ㅋㅋㅋㅋ,,42,42.0,맥라렌 씨발 차가 말이 안되노 ㅋㅋㅋㅋ ,맥라렌 씨발 차가 말이 안되노 ㅋㅋㅋㅋ,0.19330917298793793,0.24569642543792725,0.0806412398815155,0.25020286440849304,0.06363368034362793,0.16651666164398193
2024-08-25 22:55:52,맥 더블포디움 먹을수도 ㄷㄷ,,42,42.0,맥 더블포디움 먹을수도 ㄷㄷ ,맥 더블포디움 먹을수도 ㄷㄷ,0.3067750632762909,0.2121758908033371,0.2614644169807434,0.0894552618265152,0.09006290137767792,0.04006641358137131
2024-08-25 22:55:56,피에르 기차 운행 시작합니다~,칙칙폭폭,42,42.0,피에르 기차 운행 시작합니다~ 칙칙폭폭,피에르 기차 운행 시작합니다~ 칙칙폭폭,0.08120748400688171,0.1180569976568222,0.6771572828292847,0.05807578191161156,0.027169348672032356,0.038333140313625336
2024-08-25 22:55:57,몽골 10초는 이새끼야 ㅋㅋ,"퇴물새끼
- dc official App",42,42.0,"몽골 10초는 이새끼야 ㅋㅋ 퇴물새끼
- dc official App",몽골 10초는 이새끼야 ㅋㅋ 퇴물새끼,0.1750008463859558,0.2007131278514862,0.1305062174797058,0.2954731285572052,0.07656855881214142,0.12173818051815033
2024-08-25 22:55:57,제발)맥라렌 규정위반 실격,- dc official App,42,42.0,제발)맥라렌 규정위반 실격 - dc official App,제발)맥라렌 규정위반 실격 - dc official App,0.22354507446289062,0.24527966976165771,0.10750770568847656,0.16148199141025543,0.08912422508001328,0.1730613261461258
2024-08-25 22:56:01,졸기 직전에 카트라이더 시발ㅋㅋ,존나 재밌네,42,42.0,졸기 직전에 카트라이더 시발ㅋㅋ 존나 재밌네,졸기 직전에 카트라이더 시발ㅋㅋ 존나 재밌네,0.08413033932447433,0.14287272095680237,0.6325072050094604,0.07416926324367523,0.02445867843925953,0.041861750185489655
2024-08-25 22:56:02,10초면 시발 셒카 아니면 못따라가겠노,ㅅㅂ,42,42.0,10초면 시발 셒카 아니면 못따라가겠노 ㅅㅂ,10초면 시발 셒카 아니면 못따라가겠노 ㅅㅂ,0.1310133934020996,0.20278696715831757,0.09067755937576294,0.3065952658653259,0.05350014567375183,0.2154267132282257
2024-08-25 22:56:03,국왕의 품격ㅋㅋㅋ,- dc official App,42,42.0,국왕의 품격ㅋㅋㅋ - dc official App,국왕의 품격ㅋㅋㅋ - dc official App,0.12414135783910751,0.14146508276462555,0.5766695737838745,0.0786074623465538,0.0424644760787487,0.03665207698941231
2024-08-25 22:56:04,르끌 타이어 갈아도 저것보다 빠를 수 있을까..,맥라렌 존나빠른데,42,42.0,르끌 타이어 갈아도 저것보다 빠를 수 있을까.. 맥라렌 존나빠른데,르끌 타이어 갈아도 저것보다 빠를 수 있을까.. 맥라렌 존나빠른데,0.2961183488368988,0.24490298330783844,0.09142604470252991,0.15500856935977936,0.13208025693893433,0.08046378195285797
2024-08-25 22:56:08,엄끌레르 포디엄 가능하겠니,음,42,42.0,엄끌레르 포디엄 가능하겠니 음,엄끌레르 포디엄 가능하겠니 음,0.34829387068748474,0.2261836677789688,0.16610771417617798,0.09721359610557556,0.08873861283063889,0.07346249371767044
2024-08-25 22:56:12,맥라렌 원투 피니시 될거같노 ㅅㅅㅅㅅㅅㅅ,몽골이 뒤질 준비 됐노?,42,42.0,맥라렌 원투 피니시 될거같노 ㅅㅅㅅㅅㅅㅅ 몽골이 뒤질 준비 됐노?,맥라렌 원투 피니시 될거같노 ㅅㅅㅅㅅㅅㅅ 몽골이 뒤질 준비 됐노?,0.18256698548793793,0.16413089632987976,0.3300709128379822,0.1701337844133377,0.08408470451831818,0.06901270151138306
2024-08-25 22:56:13,아니 막노 10초차는 뭐노 ㅋㅋ,,42,42.0,아니 막노 10초차는 뭐노 ㅋㅋ ,아니 막노 10초차는 뭐노 ㅋㅋ,0.23401358723640442,0.3440987765789032,0.09575755149126053,0.12890155613422394,0.08618093281984329,0.11104755848646164
2024-08-25 22:56:16,페라리 강점기는 언제 돌아올까,ㅅㅂ,42,42.0,페라리 강점기는 언제 돌아올까 ㅅㅂ,페라리 강점기는 언제 돌아올까 ㅅㅂ,0.11687097698450089,0.19494841992855072,0.12633216381072998,0.2602957487106323,0.045956503599882126,0.25559622049331665
2024-08-25 22:56:17,대황저우는 압도적 크루징 중 ㅋㅋㅋㅋㅋ,,42,42.0,대황저우는 압도적 크루징 중 ㅋㅋㅋㅋㅋ ,대황저우는 압도적 크루징 중 ㅋㅋㅋㅋㅋ,0.08131783455610275,0.11647990345954895,0.6750859022140503,0.06320492178201675,0.029848836362361908,0.034062664955854416
2024-08-25 22:56:20,뱅크에서 저러니 나스카네 ㅋㅋㅋㅋ,,42,42.0,뱅크에서 저러니 나스카네 ㅋㅋㅋㅋ ,뱅크에서 저러니 나스카네 ㅋㅋㅋㅋ,0.1640220731496811,0.22737883031368256,0.41469287872314453,0.08877076953649521,0.057569265365600586,0.04756614938378334
2024-08-25 22:56:24,와 근데 기울어진 코너에서 저러고 우수수 나오니까 ㅈ간지네,ㄹㅇ ㅋㅋ,42,42.0,와 근데 기울어진 코너에서 저러고 우수수 나오니까 ㅈ간지네 ㄹㅇ ㅋㅋ,와 근데 기울어진 코너에서 저러고 우수수 나오니까 ㅈ간지네 ㄹㅇ ㅋㅋ,0.27182304859161377,0.2008916586637497,0.3188934028148651,0.08990513533353806,0.07858686149120331,0.03989994525909424
2024-08-25 22:56:24,걍 본인이 체념한 몽골견이면 ㄱㅊㅋㅋ,"힘들겠노
- ORACLE RED BULL RACING RB20",42,42.0,"걍 본인이 체념한 몽골견이면 ㄱㅊㅋㅋ 힘들겠노
- ORACLE RED BULL RACING RB20",걍 본인이 체념한 몽골견이면 ㄱㅊㅋㅋ 힘들겠노 - ORACLE RED BULL RACING RB20,0.2504875659942627,0.31176209449768066,0.16183938086032867,0.09471078962087631,0.08689582347869873,0.09430431574583054
2024-08-25 22:56:26,오늘 피아제 컨셉,"차빨 없는척 퍼스트 올려치기
병신 코스프레하다 차빨 딸각 추월쇼 포디움 날먹날먹신나는날먹
어 이거 완전?",42,42.0,"오늘 피아제 컨셉 차빨 없는척 퍼스트 올려치기
병신 코스프레하다 차빨 딸각 추월쇼 포디움 날먹날먹신나는날먹
어 이거 완전?",오늘 피아제 컨셉 차빨 없는척 퍼스트 올려치기 병신 코스프레하다 차빨 딸각 추월쇼 포디움 날먹날먹신나는날먹 어 이거 완전?,0.21984818577766418,0.216001495718956,0.13848628103733063,0.22291573882102966,0.11226965487003326,0.09047865122556686
2024-08-25 22:56:27,야기분좋다,개슬리도 잡자,42,42.0,야기분좋다 개슬리도 잡자,야기분좋다 개슬리도 잡자,0.060309939086437225,0.104390949010849,0.7161089777946472,0.05427757278084755,0.02487620711326599,0.040036365389823914
2024-08-25 22:56:28,앞에 좆노잼이니깐 저기만 보여줘 그냥 ㅋㅋㅋㅋㅋㅋㅋㅋㅋㅋㅋ,ㅋㅋㅋㅋㅋㅋㅋㅋㅋㅋㅋ,42,42.0,앞에 좆노잼이니깐 저기만 보여줘 그냥 ㅋㅋㅋㅋㅋㅋㅋㅋㅋㅋㅋ ㅋㅋㅋㅋㅋㅋㅋㅋㅋㅋㅋ,앞에 좆노잼이니깐 저기만 보여줘 그냥 ㅋㅋㅋㅋㅋㅋㅋㅋㅋㅋㅋ ㅋㅋㅋㅋㅋㅋㅋㅋㅋㅋㅋ,0.14637742936611176,0.29711729288101196,0.142988383769989,0.21118751168251038,0.07293043285608292,0.12939904630184174
2024-08-25 22:56:28,똠: 존나 위험하다 ㅅ2ㅂ,ㅂㅋㅋㅋ,42,42.0,똠: 존나 위험하다 ㅅ2ㅂ ㅂㅋㅋㅋ,똠: 존나 위험하다 ㅅ2ㅂ ㅂㅋㅋㅋ,0.20438092947006226,0.2378295212984085,0.11580430716276169,0.19174662232398987,0.12092665582895279,0.12931197881698608
2024-08-25 22:56:28,레전드 명장면ㅋㅋㅋㅋㅋ,,42,42.0,레전드 명장면ㅋㅋㅋㅋㅋ ,레전드 명장면ㅋㅋㅋㅋㅋ,0.06422211229801178,0.13189320266246796,0.6810042262077332,0.059123095124959946,0.025675922632217407,0.038081422448158264
2024-08-25 22:56:28,떼빙 ㅋㅋ,,42,42.0,떼빙 ㅋㅋ ,떼빙 ㅋㅋ,0.07763854414224625,0.11080591380596161,0.6956239938735962,0.05543845146894455,0.025264941155910492,0.03522823750972748
2024-08-25 22:56:33,저걸 왜 이제보여줌ㅋㅋㅋ,- dc official App,42,42.0,저걸 왜 이제보여줌ㅋㅋㅋ - dc official App,저걸 왜 이제보여줌ㅋㅋㅋ - dc official App,0.2570587992668152,0.29487481713294983,0.12651455402374268,0.15797382593154907,0.07824120670557022,0.08533681184053421
2024-08-25 22:56:39,와 거의 나스카노 ㅋㅋㅋㅋㅋ,"ㅋㅋㅋㅋ
- dc official App",42,42.0,"와 거의 나스카노 ㅋㅋㅋㅋㅋ ㅋㅋㅋㅋ
- dc official App",와 거의 나스카노 ㅋㅋㅋㅋㅋ ㅋㅋㅋㅋ,0.13814857602119446,0.1591813862323761,0.5733599662780762,0.061515167355537415,0.038578640669584274,0.029216201975941658
2024-08-25 22:56:40,스트롤 5초 페널티,- dc official App,42,42.0,스트롤 5초 페널티 - dc official App,스트롤 5초 페널티 - dc official App,0.22919335961341858,0.2104697823524475,0.3653387427330017,0.10174276679754257,0.03987741097807884,0.053377944976091385
2024-08-25 22:56:40,이런 겁쟁이가,,42,42.0,이런 겁쟁이가 ,이런 겁쟁이가,0.24982017278671265,0.26506125926971436,0.09703709930181503,0.16596639156341553,0.11591052263975143,0.10620460659265518
2024-08-25 22:56:41,아니 저 장면은 f1이 아니라 인디카 아니노,뱅크까지 있으니까 ㅋㅋㅋ,42,42.0,아니 저 장면은 f1이 아니라 인디카 아니노 뱅크까지 있으니까 ㅋㅋㅋ,아니 저 장면은 f1이 아니라 인디카 아니노 뱅크까지 있으니까 ㅋㅋㅋ,0.18025146424770355,0.18419881165027618,0.4702812135219574,0.08512725681066513,0.04846790432929993,0.03167334944009781
2024-08-25 22:56:43,레이스 하드 시즌 2 ㅋㅋㅋㅋ,ㅋㅋㅋㅋㅋㅋㅋㅋ,42,42.0,레이스 하드 시즌 2 ㅋㅋㅋㅋ ㅋㅋㅋㅋㅋㅋㅋㅋ,레이스 하드 시즌 2 ㅋㅋㅋㅋ ㅋㅋㅋㅋㅋㅋㅋㅋ,0.08151982724666595,0.12280916422605515,0.6730432510375977,0.06488478928804398,0.024470889940857887,0.03327218443155289
2024-08-25 22:56:45,와 온보드 존나살벌하네씨발ㅋㅋㅋㅋㅋ,- dc official App,42,42.0,와 온보드 존나살벌하네씨발ㅋㅋㅋㅋㅋ - dc official App,와 온보드 존나살벌하네씨발ㅋㅋㅋㅋㅋ - dc official App,0.22704501450061798,0.22704678773880005,0.2541259527206421,0.14169715344905853,0.08758702129125595,0.06249811500310898
2024-08-25 22:56:46,에이시발설마똠한테....,라고말하는 애마단은 조용히 폰을 꺼봅니다,42,42.0,에이시발설마똠한테.... 라고말하는 애마단은 조용히 폰을 꺼봅니다,에이시발설마똠한테.... 라고말하는 애마단은 조용히 폰을 꺼봅니다,0.16562438011169434,0.30408379435539246,0.08655957877635956,0.19863176345825195,0.10840722918510437,0.13669322431087494
2024-08-25 22:56:46,마그누센 씹 갱뱅 ㅋㅋㅋㅋ,,42,42.0,마그누센 씹 갱뱅 ㅋㅋㅋㅋ ,마그누센 씹 갱뱅 ㅋㅋㅋㅋ,0.11869759112596512,0.19734548032283783,0.443730890750885,0.13773542642593384,0.0455644428730011,0.05692623183131218
2024-08-25 22:56:46,오늘 씹 명장면이네 ㅋㅋㅋㅋㅋㅋㅋ,ㅋㅋㅋㅋㅋ,42,42.0,오늘 씹 명장면이네 ㅋㅋㅋㅋㅋㅋㅋ ㅋㅋㅋㅋㅋ,오늘 씹 명장면이네 ㅋㅋㅋㅋㅋㅋㅋ ㅋㅋㅋㅋㅋ,0.0673116147518158,0.1257009506225586,0.6842477321624756,0.060155052691698074,0.024564648047089577,0.03802003338932991
2024-08-25 22:56:46,마그누센 4대 따잇 ㅋㅋㅋㅋㅋㅋㅋㅋ,,42,42.0,마그누센 4대 따잇 ㅋㅋㅋㅋㅋㅋㅋㅋ ,마그누센 4대 따잇 ㅋㅋㅋㅋㅋㅋㅋㅋ,0.06600601226091385,0.10319868475198746,0.7196281552314758,0.0548495315015316,0.02416890487074852,0.03214877471327782
2024-08-25 22:56:47,ㅋㅋㅋㅋㅋㅋ,,42,42.0,ㅋㅋㅋㅋㅋㅋ ,ㅋㅋㅋㅋㅋㅋ,0.0940997302532196,0.13550852239131927,0.6410872936248779,0.06847568601369858,0.026955200359225273,0.03387356922030449
2024-08-25 22:56:46,마그누센 한방에 4명ㅋㅋㅋ,,42,42.0,마그누센 한방에 4명ㅋㅋㅋ ,마그누센 한방에 4명ㅋㅋㅋ,0.1346561759710312,0.14559166133403778,0.5724728107452393,0.07311944663524628,0.041159652173519135,0.03300020843744278
2024-08-25 22:56:47,개 허벌이네 ㅋㅋㅋ,- dc official App,42,42.0,개 허벌이네 ㅋㅋㅋ - dc official App,개 허벌이네 ㅋㅋㅋ - dc official App,0.25698360800743103,0.20764859020709991,0.33563753962516785,0.08807653188705444,0.08090446889400482,0.03074929118156433
2024-08-25 22:56:48,나스카 보는줄 알았노ㅋㅋㅋ,ㅋ,42,42.0,나스카 보는줄 알았노ㅋㅋㅋ ㅋ,나스카 보는줄 알았노ㅋㅋㅋ ㅋ,0.1468876302242279,0.18941955268383026,0.5270170569419861,0.0662500187754631,0.03991047665476799,0.030515288934111595
2024-08-25 22:56:48,뭔 나스카같다,5대ㅋㅋㅋㅋ,42,42.0,뭔 나스카같다 5대ㅋㅋㅋㅋ,뭔 나스카같다 5대ㅋㅋㅋㅋ,0.29017624258995056,0.264369934797287,0.15751080214977264,0.1342209130525589,0.09074664860963821,0.06297548860311508
2024-08-25 22:56:50,마그누센 오열 ㅋㅋㅋㅋㅋㅌ,"ㅋㅋㅋㅋㅋㅋㅋ
- dc official App",42,42.0,"마그누센 오열 ㅋㅋㅋㅋㅋㅌ ㅋㅋㅋㅋㅋㅋㅋ
- dc official App",마그누센 오열 ㅋㅋㅋㅋㅋㅌ ㅋㅋㅋㅋㅋㅋㅋ,0.1301683485507965,0.23918446898460388,0.43293142318725586,0.09093539416790009,0.05362368002533913,0.05315670371055603
2024-08-25 22:56:52,진짜 인디500 스타트 같았다 ㅋㅋㅋㅋㅋㅋ,"오픈휠 여러대가 사바사로 오벌 돌아 나온다고?
컄ㅋㅋㅋㅋㅋㅋㅋㅋㅋ",43,43.0,"진짜 인디500 스타트 같았다 ㅋㅋㅋㅋㅋㅋ 오픈휠 여러대가 사바사로 오벌 돌아 나온다고?
컄ㅋㅋㅋㅋㅋㅋㅋㅋㅋ",진짜 인디500 스타트 같았다 ㅋㅋㅋㅋㅋㅋ 오픈휠 여러대가 사바사로 오벌 돌아 나온다고? 컄ㅋㅋㅋㅋㅋㅋㅋㅋㅋ,0.12923578917980194,0.1590428501367569,0.5740142464637756,0.06977963447570801,0.036074064671993256,0.031853388994932175
2024-08-25 22:56:54,4명 돌림빵 ㅋㅋㅋ,ㅋㅋ,43,43.0,4명 돌림빵 ㅋㅋㅋ ㅋㅋ,4명 돌림빵 ㅋㅋㅋ ㅋㅋ,0.17614109814167023,0.26149773597717285,0.24124865233898163,0.17287656664848328,0.07368045300245285,0.07455544918775558
2024-08-25 22:56:56,나스카 오벌같이 달리네 ㅋㅋㅋㅋㅋ,떼빙 ㅋㅋㅋㅋㅋㅋㅋ,43,43.0,나스카 오벌같이 달리네 ㅋㅋㅋㅋㅋ 떼빙 ㅋㅋㅋㅋㅋㅋㅋ,나스카 오벌같이 달리네 ㅋㅋㅋㅋㅋ 떼빙 ㅋㅋㅋㅋㅋㅋㅋ,0.0723528042435646,0.10666387528181076,0.7084853053092957,0.054509520530700684,0.02366858720779419,0.034319885075092316
2024-08-25 22:56:57,마그네슘 그냥 다 보내주는데,머임,43,43.0,마그네슘 그냥 다 보내주는데 머임,마그네슘 그냥 다 보내주는데 머임,0.1691964864730835,0.3277643024921417,0.0979185700416565,0.17461514472961426,0.04971552640199661,0.18078993260860443
2024-08-25 22:56:58,셒카가안뜨네,"아ㅋㄲㅋㅋ
- dc official App",43,43.0,"셒카가안뜨네 아ㅋㄲㅋㅋ
- dc official App",셒카가안뜨네 아ㅋㄲㅋㅋ,0.08359567821025848,0.1328735053539276,0.6539797186851501,0.06982384622097015,0.02345973812043667,0.036267541348934174
2024-08-25 22:56:59,사인지 병신 따겠는데?,"어차피 앞에 아무도 없어서 병신 딸깍도 못할텐데
- dc official App",43,43.0,"사인지 병신 따겠는데? 어차피 앞에 아무도 없어서 병신 딸깍도 못할텐데
- dc official App",사인지 병신 따겠는데? 어차피 앞에 아무도 없어서 병신 딸깍도 못할텐데,0.35868778824806213,0.20966966450214386,0.12912055850028992,0.1136523187160492,0.12760214507579803,0.06126755475997925
2024-08-25 22:57:01,마그누센 카메라맨 이노 ㅋㅋㅋㅋ,"ㅋㅋ
- dc official App",43,43.0,"마그누센 카메라맨 이노 ㅋㅋㅋㅋ ㅋㅋ
- dc official App",마그누센 카메라맨 이노 ㅋㅋㅋㅋ ㅋㅋ,0.10969030857086182,0.13237623870372772,0.6428195238113403,0.05779896676540375,0.029264090582728386,0.028050847351551056
2024-08-25 22:57:06,체코 따잇당하냐,진짜 ㅅㅂ,43,43.0,체코 따잇당하냐 진짜 ㅅㅂ,체코 따잇당하냐 진짜 ㅅㅂ,0.11776537448167801,0.1935044825077057,0.10927683860063553,0.28988534212112427,0.04636763036251068,0.24320030212402344
2024-08-25 22:57:06,씨발 이게 F1이야 나스카야 ㅋㅋㅋㅋㅋㅋㅋㅋㅋㅋㅋㅋㅋㅋㅋㅋ,아닠ㅋㅋㅋㅋㅋㅋㅋㅋㅋㅋㅋㅋㅋ,43,43.0,씨발 이게 F1이야 나스카야 ㅋㅋㅋㅋㅋㅋㅋㅋㅋㅋㅋㅋㅋㅋㅋㅋ 아닠ㅋㅋㅋㅋㅋㅋㅋㅋㅋㅋㅋㅋㅋ,씨발 이게 F1이야 나스카야 ㅋㅋㅋㅋㅋㅋㅋㅋㅋㅋㅋㅋㅋㅋㅋㅋ 아닠ㅋㅋㅋㅋㅋㅋㅋㅋㅋㅋㅋㅋㅋ,0.09591635316610336,0.1589461714029312,0.5895144939422607,0.08174613118171692,0.031981851905584335,0.04189498350024223
2024-08-25 22:57:09,인디카 오벌같네 ㅋㅋㅋㅋ,ㄹㅇ 개쩌네,43,43.0,인디카 오벌같네 ㅋㅋㅋㅋ ㄹㅇ 개쩌네,인디카 오벌같네 ㅋㅋㅋㅋ ㄹㅇ 개쩌네,0.21093054115772247,0.19634747505187988,0.4236097037792206,0.07706059515476227,0.05839531123638153,0.033656392246484756
2024-08-25 22:57:13,세이프티카 제발,사전트야 제발 !!,43,43.0,세이프티카 제발 사전트야 제발 !!,세이프티카 제발 사전트야 제발 !!,0.12578381597995758,0.1864514946937561,0.4552820920944214,0.08555173873901367,0.05735357850790024,0.089577317237854
2024-08-25 22:57:15,ㄹㅇ 멋있네,,43,43.0,ㄹㅇ 멋있네 ,ㄹㅇ 멋있네,0.18998363614082336,0.20371410250663757,0.4156852066516876,0.07816323637962341,0.06814642995595932,0.04430745914578438
2024-08-25 22:57:15,나스카 왜 보는지 알겠네 ㅋㅋㅋ,저런 걸 맨날 보는 거 아냐,43,43.0,나스카 왜 보는지 알겠네 ㅋㅋㅋ 저런 걸 맨날 보는 거 아냐,나스카 왜 보는지 알겠네 ㅋㅋㅋ 저런 걸 맨날 보는 거 아냐,0.21981480717658997,0.226152241230011,0.32628992199897766,0.10353352129459381,0.08622358739376068,0.03798592463135719
2024-08-25 22:57:23,르끌 곧 따이겠네 씨발,아,43,43.0,르끌 곧 따이겠네 씨발 아,르끌 곧 따이겠네 씨발 아,0.11563409864902496,0.19730976223945618,0.11256266385316849,0.27705711126327515,0.042688556015491486,0.2547478675842285
2024-08-25 22:57:25,케이막 5p zz,,43,43.0,케이막 5p zz ,케이막 5p zz,0.099422886967659,0.1336694210767746,0.6230820417404175,0.07607165724039078,0.026122264564037323,0.04163176566362381
2024-08-25 22:57:31,사실 체코가 못하는게 아니라,딱 저정도급 차 성능인데 막스가 차력쇼 하는거 같기도 하네,43,43.0,사실 체코가 못하는게 아니라 딱 저정도급 차 성능인데 막스가 차력쇼 하는거 같기도 하네,사실 체코가 못하는게 아니라 딱 저정도급 차 성능인데 막스가 차력쇼 하는거 같기도 하네,0.3245411217212677,0.2585769295692444,0.07908269017934799,0.1327124536037445,0.09729659557342529,0.10779020190238953
2024-08-25 22:57:35,똠 저거 They race me hard시전하던 멘탈나왔네,세나처럼 대가리들이밀고보는 심장을 가져보라고,43,43.0,똠 저거 They race me hard시전하던 멘탈나왔네 세나처럼 대가리들이밀고보는 심장을 가져보라고,똠 저거 They race me hard시전하던 멘탈나왔네 세나처럼 대가리들이밀고보는 심장을 가져보라고,0.31346264481544495,0.19584232568740845,0.11402326822280884,0.1549164205789566,0.15479469299316406,0.06696067005395889
2024-08-25 22:57:36,진짜 보다가 오 뭐야 말나옴ㅋㅋㅋㅋㅋ,ㅋㅋㅋㅋㅋㅋㅋㅋ,43,43.0,진짜 보다가 오 뭐야 말나옴ㅋㅋㅋㅋㅋ ㅋㅋㅋㅋㅋㅋㅋㅋ,진짜 보다가 오 뭐야 말나옴ㅋㅋㅋㅋㅋ ㅋㅋㅋㅋㅋㅋㅋㅋ,0.18256014585494995,0.21865424513816833,0.4213675856590271,0.09106532484292984,0.045511215925216675,0.040841538459062576
2024-08-25 22:57:39,셒카뜨면 르끌우승가능하냐?,"어림도없겠지
- dc official App",43,43.0,"셒카뜨면 르끌우승가능하냐? 어림도없겠지
- dc official App",셒카뜨면 르끌우승가능하냐? 어림도없겠지,0.35368573665618896,0.21871434152126312,0.08804742991924286,0.13173921406269073,0.10824494063854218,0.09956825524568558
2024-08-25 22:57:44,순간 르끌이 막스 따는건줄ㅋㅋ,설렜다,43,43.0,순간 르끌이 막스 따는건줄ㅋㅋ 설렜다,순간 르끌이 막스 따는건줄ㅋㅋ 설렜다,0.13794465363025665,0.20755064487457275,0.5137020945549011,0.061405379325151443,0.04304394870996475,0.03635329008102417
2024-08-25 22:57:46,아까 줄줄이 박았으면 그냥 나스카 아니냐ㅋㅋㅋ,- dc official App,43,43.0,아까 줄줄이 박았으면 그냥 나스카 아니냐ㅋㅋㅋ - dc official App,아까 줄줄이 박았으면 그냥 나스카 아니냐ㅋㅋㅋ - dc official App,0.20308852195739746,0.2649170160293579,0.29189223051071167,0.11818558722734451,0.06857429444789886,0.0533423125743866
2024-08-25 22:57:47,뱅크 위에서 다섯대 우루루 ㅈㄴ 멋있네 ㅋㅋㅋ,양키들 나스카 왜보는지 알거같고,43,43.0,뱅크 위에서 다섯대 우루루 ㅈㄴ 멋있네 ㅋㅋㅋ 양키들 나스카 왜보는지 알거같고,뱅크 위에서 다섯대 우루루 ㅈㄴ 멋있네 ㅋㅋㅋ 양키들 나스카 왜보는지 알거같고,0.12543484568595886,0.15921072661876678,0.5786234736442566,0.06273151934146881,0.04433823004364967,0.029661135748028755
2024-08-25 22:57:50,2022~2024,"No.1 Max Verstappen
2015~2021 / 2025~
No.33 Max Verstappen
- ORACLE RED BULL RACING RB20",43,43.0,"2022~2024 No.1 Max Verstappen
2015~2021 / 2025~
No.33 Max Verstappen
- ORACLE RED BULL RACING RB20",2022~2024 No.1 Max Verstappen 2015~2021 / 2025~ No.33 Max Verstappen - ORACLE RED BULL RACING RB20,0.21889007091522217,0.20615790784358978,0.35968562960624695,0.10943329334259033,0.03960558772087097,0.06622754037380219
2024-08-25 22:57:51,진짜 10초차이는 어케했노,"22부터 꾸준한 놈들을 반짝해서 다 때려잡노
- dc official App",43,43.0,"진짜 10초차이는 어케했노 22부터 꾸준한 놈들을 반짝해서 다 때려잡노
- dc official App",진짜 10초차이는 어케했노 22부터 꾸준한 놈들을 반짝해서 다 때려잡노,0.25405511260032654,0.26588335633277893,0.08678462356328964,0.18084417283535004,0.11145534366369247,0.10097738355398178
2024-08-25 22:58:01,르끌 저 개새끼는,페이스 존나 떨어지노,43,43.0,르끌 저 개새끼는 페이스 존나 떨어지노,르끌 저 개새끼는 페이스 존나 떨어지노,0.14973917603492737,0.20944833755493164,0.09801807254552841,0.2998250722885132,0.053820233792066574,0.18914911150932312
2024-08-25 22:58:08,르끌 피아제한테 따이겟노ㅋㅋ,"ㅅㅂㅋㅎㅋㅎㅋㅎ
- dc official App",44,44.0,"르끌 피아제한테 따이겟노ㅋㅋ ㅅㅂㅋㅎㅋㅎㅋㅎ
- dc official App",르끌 피아제한테 따이겟노ㅋㅋ ㅅㅂㅋㅎㅋㅎㅋㅎ,0.12840919196605682,0.23500990867614746,0.11711175739765167,0.2798744738101959,0.06783974170684814,0.17175497114658356
2024-08-25 22:58:08,르끌 망했네,"페라리 ㅅㅂ
- dc official App",44,44.0,"르끌 망했네 페라리 ㅅㅂ
- dc official App",르끌 망했네 페라리 ㅅㅂ,0.13083669543266296,0.20264509320259094,0.09379296004772186,0.2523396909236908,0.05092393606901169,0.26946163177490234
2024-08-25 22:58:12,몽골 강점기가 이렇게 막을 내리는구나,잘가라 최강...존나 길었던 메르강점기에 비하면 비교적 짧긴 했지만...,44,44.0,몽골 강점기가 이렇게 막을 내리는구나 잘가라 최강...존나 길었던 메르강점기에 비하면 비교적 짧긴 했지만...,몽골 강점기가 이렇게 막을 내리는구나 잘가라 최강...존나 길었던 메르강점기에 비하면 비교적 짧긴 했지만...,0.21103395521640778,0.24841538071632385,0.1802833080291748,0.11710213124752045,0.10436844080686569,0.13879679143428802
2024-08-25 22:58:16,당장 인디애나폴리스 복귀해야,"하는김에 데이토나 그레이드1 승격해서 껴줘
마이애미 같은건 빼고",44,44.0,"당장 인디애나폴리스 복귀해야 하는김에 데이토나 그레이드1 승격해서 껴줘
마이애미 같은건 빼고",당장 인디애나폴리스 복귀해야 하는김에 데이토나 그레이드1 승격해서 껴줘 마이애미 같은건 빼고,0.15233469009399414,0.3001725971698761,0.20693574845790863,0.12447012215852737,0.06276648491621017,0.15332041680812836
2024-08-25 22:58:22,아니 케로햄이 DRS 써도 추월어렵다매,ㅅㅂ 죄다 추월하는데?,44,44.0,아니 케로햄이 DRS 써도 추월어렵다매 ㅅㅂ 죄다 추월하는데?,아니 케로햄이 DRS 써도 추월어렵다매 ㅅㅂ 죄다 추월하는데?,0.16463641822338104,0.2403663694858551,0.09282301366329193,0.2631126046180725,0.04894275963306427,0.19011881947517395
2024-08-25 22:58:24,셒카뜨면 맥라렌 1 2등인데...,미디엄 남아있으니까,44,44.0,셒카뜨면 맥라렌 1 2등인데... 미디엄 남아있으니까,셒카뜨면 맥라렌 1 2등인데... 미디엄 남아있으니까,0.1822958141565323,0.3414812982082367,0.2210608869791031,0.0975504070520401,0.06525518000125885,0.09235639870166779
2024-08-25 22:58:33,스트롤 도련님 알본 따잇,ㅇ,44,44.0,스트롤 도련님 알본 따잇 ㅇ,스트롤 도련님 알본 따잇 ㅇ,0.06907191127538681,0.1159006804227829,0.6871466636657715,0.056946247816085815,0.02927173674106598,0.04166274517774582
2024-08-25 22:58:34,르끌은 왤케 하드 관리를,못하는거같지,44,44.0,르끌은 왤케 하드 관리를 못하는거같지,르끌은 왤케 하드 관리를 못하는거같지,0.2639218866825104,0.2666035592556,0.06974305957555771,0.15698394179344177,0.05961902439594269,0.18312856554985046
2024-08-25 22:58:36,근데 병신은 몽골이랑 같은 차 맞노?,왜 페라리 똥차랑 좆비비고 있노,44,44.0,근데 병신은 몽골이랑 같은 차 맞노? 왜 페라리 똥차랑 좆비비고 있노,근데 병신은 몽골이랑 같은 차 맞노? 왜 페라리 똥차랑 좆비비고 있노,0.30566534399986267,0.20707941055297852,0.08968228101730347,0.19232961535453796,0.10871446132659912,0.09652889519929886
2024-08-25 22:58:37,뉴이신 그립읍니다,"돌아오십시오 제바루 ㅅㅂ
- ORACLE RED BULL RACING RB20",44,44.0,"뉴이신 그립읍니다 돌아오십시오 제바루 ㅅㅂ
- ORACLE RED BULL RACING RB20",뉴이신 그립읍니다 돌아오십시오 제바루 ㅅㅂ - ORACLE RED BULL RACING RB20,0.11982317268848419,0.16950106620788574,0.43082016706466675,0.10930979251861572,0.058075644075870514,0.11247009038925171
2024-08-25 22:58:38,지금 상위권중에 원스탑 노리는게 피아제 체코 사인지 인가,원스탑이 되나 근데,44,44.0,지금 상위권중에 원스탑 노리는게 피아제 체코 사인지 인가 원스탑이 되나 근데,지금 상위권중에 원스탑 노리는게 피아제 체코 사인지 인가 원스탑이 되나 근데,0.3343738913536072,0.23307666182518005,0.14787575602531433,0.10318324714899063,0.10049755126237869,0.08099288493394852
2024-08-25 22:58:43,알론소는 오늘 가슬리 똥꼬 냄새만 맡고 진짜 ㅈㄴ 쳐지네,,44,44.0,알론소는 오늘 가슬리 똥꼬 냄새만 맡고 진짜 ㅈㄴ 쳐지네 ,알론소는 오늘 가슬리 똥꼬 냄새만 맡고 진짜 ㅈㄴ 쳐지네,0.2819569706916809,0.21932309865951538,0.12342540174722672,0.14840075373649597,0.1389329731464386,0.08796074241399765
2024-08-25 22:58:45,케로말이나 뉴스 보면 레드불 인재 유출 많은건 맞는듯,레드불 <- 노잼에서 꿀잼팀으로 바뀜 ㅋㅋ,44,44.0,케로말이나 뉴스 보면 레드불 인재 유출 많은건 맞는듯 레드불 <- 노잼에서 꿀잼팀으로 바뀜 ㅋㅋ,케로말이나 뉴스 보면 레드불 인재 유출 많은건 맞는듯 레드불 <- 노잼에서 꿀잼팀으로 바뀜 ㅋㅋ,0.15937533974647522,0.21870285272598267,0.3714160621166229,0.0997367799282074,0.07925337553024292,0.07151560485363007
2024-08-25 22:58:54,맥 메르 갭 계속 커지네,뭐냐,44,44.0,맥 메르 갭 계속 커지네 뭐냐,맥 메르 갭 계속 커지네 뭐냐,0.22019101679325104,0.31036123633384705,0.09497538208961487,0.15840354561805725,0.05508719012141228,0.16098158061504364
2024-08-25 22:59:00,피아제 거의 다왔노,ㅌㅇ,44,44.0,피아제 거의 다왔노 ㅌㅇ,피아제 거의 다왔노 ㅌㅇ,0.17437075078487396,0.3125552237033844,0.1694059520959854,0.15004180371761322,0.09873054176568985,0.09489576518535614
2024-08-25 22:59:02,"""자꾸 돌아대니까 내가 우스워보이냐?""","""난 저새끼보다 1챔 많아""",44,44.0,"""자꾸 돌아대니까 내가 우스워보이냐?"" ""난 저새끼보다 1챔 많아""","""자꾸 돌아대니까 내가 우스워보이냐?"" ""난 저새끼보다 1챔 많아""",0.15635086596012115,0.17961686849594116,0.11106327176094055,0.31985336542129517,0.06581707298755646,0.16729854047298431
2024-08-25 22:59:06,전트야 오콘한테 범프한번만 해줘봐,ㅈㄱㄴ,44,44.0,전트야 오콘한테 범프한번만 해줘봐 ㅈㄱㄴ,전트야 오콘한테 범프한번만 해줘봐 ㅈㄱㄴ,0.11878159642219543,0.23397070169448853,0.25419241189956665,0.19247041642665863,0.07253409922122955,0.1280507743358612
2024-08-25 22:59:07,ㅈㅂㅈㅂㅈㅂ,,44,44.0,ㅈㅂㅈㅂㅈㅂ ,ㅈㅂㅈㅂㅈㅂ,0.15635746717453003,0.20553173124790192,0.41228294372558594,0.12373986095190048,0.03684324771165848,0.06524474918842316
2024-08-25 22:59:09,아니 사전트 안 박고 뭐함?,시트 뺏기지 말고 니가 불태우는거야,44,44.0,아니 사전트 안 박고 뭐함? 시트 뺏기지 말고 니가 불태우는거야,아니 사전트 안 박고 뭐함? 시트 뺏기지 말고 니가 불태우는거야,0.3048293888568878,0.22686421871185303,0.08367234468460083,0.1778179556131363,0.09389417618513107,0.11292189359664917
2024-08-25 22:59:10,사인지 빠르다,,44,44.0,사인지 빠르다 ,사인지 빠르다,0.252697616815567,0.2291225641965866,0.324374258518219,0.07434292882680893,0.07476267218589783,0.044699955731630325
2024-08-25 22:59:14,몽골 저거 피아제도 위험해 보임,ㄹㅇ,44,44.0,몽골 저거 피아제도 위험해 보임 ㄹㅇ,몽골 저거 피아제도 위험해 보임 ㄹㅇ,0.35785555839538574,0.21129962801933289,0.11297928541898727,0.117030069231987,0.10995262861251831,0.0908827930688858
2024-08-25 22:59:14,아까 3초차 아니였냐,ㅆㅂ 르끌아,44,44.0,아까 3초차 아니였냐 ㅆㅂ 르끌아,아까 3초차 아니였냐 ㅆㅂ 르끌아,0.12716487050056458,0.25134944915771484,0.10987143218517303,0.27855798602104187,0.047256290912628174,0.1858000010251999
2024-08-25 22:59:14,오랜만에 보면서 졸리는 경기는 처음이야,"일본 이후로 처음인거 같음
중국은 셒카라도 많이 나왔지",44,44.0,"오랜만에 보면서 졸리는 경기는 처음이야 일본 이후로 처음인거 같음
중국은 셒카라도 많이 나왔지",오랜만에 보면서 졸리는 경기는 처음이야 일본 이후로 처음인거 같음 중국은 셒카라도 많이 나왔지,0.24497202038764954,0.2626500427722931,0.2816752791404724,0.09047477692365646,0.07159887254238129,0.048628952354192734
2024-08-25 22:59:15,잠깐 얘들아!! 노잼인 건 알겠어.,"하지만 이 상황에서 최선의 선택이 뭘까?
바로 지금 당장 파파야단에 합류해서 남은 시즌과 25시즌을 해-피하게 즐기는 게 그나마 이 상황에서의 최선이라고 생각해.
그럼 좋은 판단 기다릴게!",44,44.0,"잠깐 얘들아!! 노잼인 건 알겠어. 하지만 이 상황에서 최선의 선택이 뭘까?
바로 지금 당장 파파야단에 합류해서 남은 시즌과 25시즌을 해-피하게 즐기는 게 그나마 이 상황에서의 최선이라고 생각해.
그럼 좋은 판단 기다릴게!",잠깐 얘들아!! 노잼인 건 알겠어. 하지만 이 상황에서 최선의 선택이 뭘까? 바로 지금 당장 파파야단에 합류해서 남은 시즌과 25시즌을 해-피하게 즐기는 게 그나마 이 상황에서의 최선이라고 생각해. 그럼 좋은 판단 기다릴게!,0.15433235466480255,0.26244157552719116,0.2658063769340515,0.09589497745037079,0.10358259081840515,0.11794218420982361
2024-08-25 22:59:24,발등에 부랄이 떨어젠 체코 ㅋㅋ,,45,45.0,발등에 부랄이 떨어젠 체코 ㅋㅋ ,발등에 부랄이 떨어젠 체코 ㅋㅋ,0.15904365479946136,0.30307647585868835,0.11669512093067169,0.20687909424304962,0.08887477219104767,0.1254308819770813
2024-08-25 22:59:25,레이스의 정상화 ㅇㄷ?,"리스타트 ㅇㄷ?  ㅅㅂ?
- ORACLE RED BULL RACING RB20",45,45.0,"레이스의 정상화 ㅇㄷ? 리스타트 ㅇㄷ?  ㅅㅂ?
- ORACLE RED BULL RACING RB20",레이스의 정상화 ㅇㄷ? 리스타트 ㅇㄷ? ㅅㅂ? - ORACLE RED BULL RACING RB20,0.21726223826408386,0.27123627066612244,0.1415918618440628,0.17550000548362732,0.0515357181429863,0.14287394285202026
2024-08-25 22:59:27,르끌레 따이겠노 ㅋㅋ 맥 차 존나 사기네,"지리긴 하네
- dc official App",45,45.0,"르끌레 따이겠노 ㅋㅋ 맥 차 존나 사기네 지리긴 하네
- dc official App",르끌레 따이겠노 ㅋㅋ 맥 차 존나 사기네 지리긴 하네,0.3527073562145233,0.19703471660614014,0.15148504078388214,0.1280968189239502,0.11905862390995026,0.05161741375923157
2024-08-25 22:59:27,페라리 전략은 좋았는데,"차가 개병신이네 몬자까지 언제기다리냐
- dc official App",45,45.0,"페라리 전략은 좋았는데 차가 개병신이네 몬자까지 언제기다리냐
- dc official App",페라리 전략은 좋았는데 차가 개병신이네 몬자까지 언제기다리냐,0.18712656199932098,0.29706159234046936,0.07367496192455292,0.18837763369083405,0.05289284884929657,0.20086637139320374
2024-08-25 22:59:38,페라리 언더컷도 좋았는데 아오 차빨시치,"르끌은 최선을 다했다
모두 몬자 준비!!",45,45.0,"페라리 언더컷도 좋았는데 아오 차빨시치 르끌은 최선을 다했다
모두 몬자 준비!!",페라리 언더컷도 좋았는데 아오 차빨시치 르끌은 최선을 다했다 모두 몬자 준비!!,0.07822027057409286,0.19899219274520874,0.4471587538719177,0.11173994094133377,0.05049476400017738,0.1133941188454628
2024-08-25 22:59:53,미끌레 곧 따잇 예정 ㅋㅋㅋㅋ,ㅋㅋ,45,45.0,미끌레 곧 따잇 예정 ㅋㅋㅋㅋ ㅋㅋ,미끌레 곧 따잇 예정 ㅋㅋㅋㅋ ㅋㅋ,0.07075788825750351,0.1131431832909584,0.695134699344635,0.05936945974826813,0.026567544788122177,0.035027261823415756
2024-08-25 22:59:52,2-3위차는 개조금씩 줄어드는데 1-2는 계속 늚,ㅋㅋ,45,45.0,2-3위차는 개조금씩 줄어드는데 1-2는 계속 늚 ㅋㅋ,2-3위차는 개조금씩 줄어드는데 1-2는 계속 늚 ㅋㅋ,0.19290517270565033,0.2943309247493744,0.22537115216255188,0.1483892798423767,0.06802302598953247,0.07098037749528885
2024-08-25 23:00:04,자우버 타이어 관리 1도 안 되나 보다,,45,45.0,자우버 타이어 관리 1도 안 되나 보다 ,자우버 타이어 관리 1도 안 되나 보다,0.3294231593608856,0.21886701881885529,0.07395223528146744,0.15020103752613068,0.07859861105680466,0.14895790815353394
2024-08-25 23:00:06,저우관유는 혼자 f2하냐?,"머함 혼자?
- dc official App",45,45.0,"저우관유는 혼자 f2하냐? 머함 혼자?
- dc official App",저우관유는 혼자 f2하냐? 머함 혼자?,0.33795541524887085,0.23588818311691284,0.10132349282503128,0.15287995338439941,0.08494920283555984,0.08700376003980637
2024-08-25 23:00:11,유키상은 오늘 ㄹㅇ ㅈ망했네,전략때문인가 왜 리카도보다 훨씬 밑이지,45,45.0,유키상은 오늘 ㄹㅇ ㅈ망했네 전략때문인가 왜 리카도보다 훨씬 밑이지,유키상은 오늘 ㄹㅇ ㅈ망했네 전략때문인가 왜 리카도보다 훨씬 밑이지,0.26843371987342834,0.27094805240631104,0.07324635237455368,0.14023014903068542,0.09879233688116074,0.14834940433502197
2024-08-25 23:00:18,중연) 노리스 스핀 ㅋㅋㅋㅋ,,45,45.0,중연) 노리스 스핀 ㅋㅋㅋㅋ ,중연) 노리스 스핀 ㅋㅋㅋㅋ,0.08467806130647659,0.1109335869550705,0.6826900839805603,0.06498955190181732,0.023586880415678024,0.03312184661626816
2024-08-25 23:00:20,저우도 심각하누,,45,45.0,저우도 심각하누 ,저우도 심각하누,0.3273550868034363,0.21926896274089813,0.1007106602191925,0.1353876143693924,0.10574803501367569,0.11152959614992142
2024-08-25 23:00:21,대체코 ㅋㅋㅋ,ㅋㅋ,45,45.0,대체코 ㅋㅋㅋ ㅋㅋ,대체코 ㅋㅋㅋ ㅋㅋ,0.08983198553323746,0.13072772324085236,0.659999668598175,0.064055897295475,0.023754652589559555,0.03163009509444237
2024-08-25 23:00:25,연습) 병신.jpg,병신,45,45.0,연습) 병신.jpg 병신,연습) 병신.jpg 병신,0.21735160052776337,0.233377143740654,0.311132550239563,0.12274572253227234,0.05901724845170975,0.05637572333216667
2024-08-25 23:00:27,아 ㄲㅂㄲㅂ,,45,45.0,아 ㄲㅂㄲㅂ ,아 ㄲㅂㄲㅂ,0.06445822864770889,0.13833525776863098,0.6198964715003967,0.09085549414157867,0.023529862985014915,0.06292471289634705
2024-08-25 23:00:29,대 체 코 ㅋㅋㅋㅋㅋㅋㅋㅋ,,45,45.0,대 체 코 ㅋㅋㅋㅋㅋㅋㅋㅋ ,대 체 코 ㅋㅋㅋㅋㅋㅋㅋㅋ,0.07415778189897537,0.1134299635887146,0.7001751661300659,0.0567435622215271,0.02418067492544651,0.031312864273786545
2024-08-25 23:00:29,르끌 모가지 따러 가즈아,다 따라잡았따,45,45.0,르끌 모가지 따러 가즈아 다 따라잡았따,르끌 모가지 따러 가즈아 다 따라잡았따,0.1148422509431839,0.1312873810529709,0.47959813475608826,0.12707291543483734,0.055167149752378464,0.09203221648931503
2024-08-25 23:00:29,어우,"정상화 ㄲㅂ
- ORACLE RED BULL RACING RB20",45,45.0,"어우 정상화 ㄲㅂ
- ORACLE RED BULL RACING RB20",어우 정상화 ㄲㅂ - ORACLE RED BULL RACING RB20,0.07287514954805374,0.13183623552322388,0.6507722735404968,0.07726464420557022,0.023616094142198563,0.043635595589876175
2024-08-25 23:00:30,자우버는 그냥 개좆망이네,,45,45.0,자우버는 그냥 개좆망이네 ,자우버는 그냥 개좆망이네,0.19901448488235474,0.2676020860671997,0.07317128032445908,0.15704146027565002,0.06811431050300598,0.23505643010139465
2024-08-25 23:00:35,❗+❗+❗+THE ONLY WAY❗+❗+❗+,,45,45.0,❗+❗+❗+THE ONLY WAY❗+❗+❗+ ,❗+❗+❗+THE ONLY WAY❗+❗+❗+,0.07860611379146576,0.13180144131183624,0.6586438417434692,0.06192465499043465,0.024775909259915352,0.04424804821610451
2024-08-25 23:00:44,체호ㅓㅇㄷㄷㄷㄷㄷ,,46,46.0,체호ㅓㅇㄷㄷㄷㄷㄷ ,체호ㅓㅇㄷㄷㄷㄷㄷ,0.3073112964630127,0.2168421447277069,0.2271425426006317,0.10495614260435104,0.09820346534252167,0.04554446414113045
2024-08-25 23:00:45,북딱스 왜 또 핏인함,따였다고?,46,46.0,북딱스 왜 또 핏인함 따였다고?,북딱스 왜 또 핏인함 따였다고?,0.29640480875968933,0.25349828600883484,0.17188507318496704,0.10244781523942947,0.11746493726968765,0.05829904228448868
2024-08-25 23:00:48,맥라렌이 스타트할때 가속빼곤 다 개쩌는거로 보면 되는거지?,ㅋㅋㅋ미쳤네,46,46.0,맥라렌이 스타트할때 가속빼곤 다 개쩌는거로 보면 되는거지? ㅋㅋㅋ미쳤네,맥라렌이 스타트할때 가속빼곤 다 개쩌는거로 보면 되는거지? ㅋㅋㅋ미쳤네,0.2856041193008423,0.20401163399219513,0.10791611671447754,0.18831145763397217,0.13777011632919312,0.07638658583164215
2024-08-25 23:00:50,개같이 미끌ㅋㅋ,- dc official App,46,46.0,개같이 미끌ㅋㅋ - dc official App,개같이 미끌ㅋㅋ - dc official App,0.14555658400058746,0.22215571999549866,0.4274155795574188,0.10972879827022552,0.04495055601000786,0.050192691385746
2024-08-25 23:00:56,방금 체코 방어 너무 미친듯이 하는데,ㄷㄷ,46,46.0,방금 체코 방어 너무 미친듯이 하는데 ㄷㄷ,방금 체코 방어 너무 미친듯이 하는데 ㄷㄷ,0.3296578824520111,0.21624547243118286,0.1677427440881729,0.11925483494997025,0.1127501055598259,0.054348982870578766
2024-08-25 23:00:56,르끌 빡침,말하지 말래,46,46.0,르끌 빡침 말하지 말래,르끌 빡침 말하지 말래,0.10901802033185959,0.20878013968467712,0.1367189586162567,0.29650765657424927,0.05237313359975815,0.19660203158855438
2024-08-25 23:00:58,피아제 drs on,ㅋㅋ,46,46.0,피아제 drs on ㅋㅋ,피아제 drs on ㅋㅋ,0.1228538528084755,0.1635807752609253,0.5244231224060059,0.10428990423679352,0.038569677621126175,0.04628269746899605
2024-08-25 23:00:58,유키야 이렇게 된 이상 구국의 결단이다,병장님의 옆구리에 진주만 어택을 날려서 셒카를 불러내는거야,46,46.0,유키야 이렇게 된 이상 구국의 결단이다 병장님의 옆구리에 진주만 어택을 날려서 셒카를 불러내는거야,유키야 이렇게 된 이상 구국의 결단이다 병장님의 옆구리에 진주만 어택을 날려서 셒카를 불러내는거야,0.1255180984735489,0.16861537098884583,0.40906399488449097,0.09259749203920364,0.09445459395647049,0.10975053906440735
2024-08-25 23:01:10,맥라렌 원투 되겠는데??,존나 빠르네 ㅋㅋ,46,46.0,맥라렌 원투 되겠는데?? 존나 빠르네 ㅋㅋ,맥라렌 원투 되겠는데?? 존나 빠르네 ㅋㅋ,0.3343560993671417,0.19737157225608826,0.20238864421844482,0.10856687277555466,0.11693964153528214,0.04037723317742348
2024-08-25 23:01:14,이제 누리스견으로 전향하면 되냐?,강팀충은 오늘도 고고하게 크루징을 즐긴다,46,46.0,이제 누리스견으로 전향하면 되냐? 강팀충은 오늘도 고고하게 크루징을 즐긴다,이제 누리스견으로 전향하면 되냐? 강팀충은 오늘도 고고하게 크루징을 즐긴다,0.07463449984788895,0.13600042462348938,0.5977737903594971,0.09147613495588303,0.03657148778438568,0.06354361772537231
2024-08-25 23:01:14,happy? << ㅋㅋㅋㅋㅋㅋ,,46,46.0,happy? << ㅋㅋㅋㅋㅋㅋ ,happy? << ㅋㅋㅋㅋㅋㅋ,0.08970315754413605,0.14584524929523468,0.6320161819458008,0.06821995228528976,0.028430989012122154,0.03578442707657814
2024-08-25 23:01:26,좆라리 업뎃 안했냐,업뎃하면 더 느려져서 안되나,46,46.0,좆라리 업뎃 안했냐 업뎃하면 더 느려져서 안되나,좆라리 업뎃 안했냐 업뎃하면 더 느려져서 안되나,0.20059159398078918,0.28259262442588806,0.07765872776508331,0.16927611827850342,0.05321957916021347,0.21666133403778076
2024-08-25 23:01:32,해피해피해피,,46,46.0,해피해피해피 ,해피해피해피,0.06289608776569366,0.11928492784500122,0.683784544467926,0.06081931293010712,0.025576571002602577,0.047638505697250366
2024-08-25 23:01:33,맥라렌 원쓰리 가보자 가보자,,46,46.0,맥라렌 원쓰리 가보자 가보자 ,맥라렌 원쓰리 가보자 가보자,0.1003064513206482,0.13325610756874084,0.6321403980255127,0.06110714375972748,0.03595773130655289,0.03723215311765671
2024-08-25 23:01:34,어차피 르끌 좆된거 셒카 제발,ㅈㅂ,46,46.0,어차피 르끌 좆된거 셒카 제발 ㅈㅂ,어차피 르끌 좆된거 셒카 제발 ㅈㅂ,0.14213402569293976,0.1764155924320221,0.10792399942874908,0.25247523188591003,0.07407847791910172,0.2469726949930191
2024-08-25 23:01:38,차빨소리 한번만이라도 듣고싶은 르장연 모여라,Why are we so slow?,46,46.0,차빨소리 한번만이라도 듣고싶은 르장연 모여라 Why are we so slow?,차빨소리 한번만이라도 듣고싶은 르장연 모여라 Why are we so slow?,0.09982369840145111,0.1508386731147766,0.5993430018424988,0.0629153922200203,0.04404385760426521,0.04303542524576187
2024-08-25 23:01:38,차빨 받으니까 happy?,존나 해피,46,46.0,차빨 받으니까 happy? 존나 해피,차빨 받으니까 happy? 존나 해피,0.06637292355298996,0.11049772053956985,0.68744295835495,0.058384642004966736,0.028876088559627533,0.048425670713186264
2024-08-25 23:01:38,happy 붙이는거 왤캐 애새끼 달래는거처럼 느껴지냐 ㅋㅋㅋㅋ,ㄹㅇㅋㅋ,46,46.0,happy 붙이는거 왤캐 애새끼 달래는거처럼 느껴지냐 ㅋㅋㅋㅋ ㄹㅇㅋㅋ,happy 붙이는거 왤캐 애새끼 달래는거처럼 느껴지냐 ㅋㅋㅋㅋ ㄹㅇㅋㅋ,0.1561141461133957,0.22884945571422577,0.4167320132255554,0.09861165285110474,0.05112563073635101,0.04856707900762558
2024-08-25 23:01:45,아니 레드불이 저리 ㅈ망임?,노리스가 몽골 따는거 보고 씻으러 갔다가 딴짓하고 오니 11초차이?,46,46.0,아니 레드불이 저리 ㅈ망임? 노리스가 몽골 따는거 보고 씻으러 갔다가 딴짓하고 오니 11초차이?,아니 레드불이 저리 ㅈ망임? 노리스가 몽골 따는거 보고 씻으러 갔다가 딴짓하고 오니 11초차이?,0.2634120285511017,0.23749083280563354,0.08210628479719162,0.17622961103916168,0.08830894529819489,0.1524522602558136
2024-08-25 23:01:46,누리스 피트스탑 안해서 10초차인인교?,웰케 차이 많이남?,46,46.0,누리스 피트스탑 안해서 10초차인인교? 웰케 차이 많이남?,누리스 피트스탑 안해서 10초차인인교? 웰케 차이 많이남?,0.31361523270606995,0.25648805499076843,0.12118881195783615,0.12099616229534149,0.10050343722105026,0.08720828592777252
2024-08-25 23:01:48,대 병 신,"아까 막은 곳에서 또 막기 ㅋㅋㅋ
- dc official App",46,46.0,"대 병 신 아까 막은 곳에서 또 막기 ㅋㅋㅋ
- dc official App",대 병 신 아까 막은 곳에서 또 막기 ㅋㅋㅋ,0.19763000309467316,0.23106956481933594,0.09337465465068817,0.2599738538265228,0.0793147161602974,0.13863708078861237
2024-08-25 23:02:01,옐로플랙 하나가 없네,"사전트행동 한번만 해줘라
- dc official App",47,47.0,"옐로플랙 하나가 없네 사전트행동 한번만 해줘라
- dc official App",옐로플랙 하나가 없네 사전트행동 한번만 해줘라,0.13585475087165833,0.29156655073165894,0.10981722176074982,0.15984611213207245,0.05307416990399361,0.24984121322631836
2024-08-25 23:02:04,걍 누가 반자이 안하냐,"백마커놈들아 어뢰좀박아봐
'크비얏'  하라고 ㅅㅂ
- ORACLE RED BULL RACING RB20",47,47.0,"걍 누가 반자이 안하냐 백마커놈들아 어뢰좀박아봐
'크비얏'  하라고 ㅅㅂ
- ORACLE RED BULL RACING RB20",걍 누가 반자이 안하냐 백마커놈들아 어뢰좀박아봐 '크비얏' 하라고 ㅅㅂ - ORACLE RED BULL RACING RB20,0.13530278205871582,0.16177411377429962,0.15753820538520813,0.34426289796829224,0.0508141927421093,0.1503078043460846
2024-08-25 23:02:05,12초 차이는 압도적이네,노리스 미쳐버린거냐,47,47.0,12초 차이는 압도적이네 노리스 미쳐버린거냐,12초 차이는 압도적이네 노리스 미쳐버린거냐,0.28929004073143005,0.2183886468410492,0.11765284836292267,0.16714292764663696,0.128696471452713,0.0788290873169899
2024-08-25 23:02:07,랜도 노리스의 첫 월드 챔피언을 축하드립니다,"레알
- dc official App",47,47.0,"랜도 노리스의 첫 월드 챔피언을 축하드립니다 레알
- dc official App",랜도 노리스의 첫 월드 챔피언을 축하드립니다 레알,0.07303684949874878,0.14778918027877808,0.6510858535766602,0.05422535911202431,0.034429777413606644,0.03943299874663353
2024-08-25 23:02:10,병신님 혹시 좆라리에 따이시나요?????,레드불차가 이제 위닝카는 아니여도 3강 차인데 에이 설마...,47,47.0,병신님 혹시 좆라리에 따이시나요????? 레드불차가 이제 위닝카는 아니여도 3강 차인데 에이 설마...,병신님 혹시 좆라리에 따이시나요????? 레드불차가 이제 위닝카는 아니여도 3강 차인데 에이 설마...,0.34272822737693787,0.18999595940113068,0.09688755869865417,0.1484391987323761,0.14093254506587982,0.08101652562618256
2024-08-25 23:02:12,맥라렌 1 2등 먹겠네,ㅇㅇ,47,47.0,맥라렌 1 2등 먹겠네 ㅇㅇ,맥라렌 1 2등 먹겠네 ㅇㅇ,0.17499037086963654,0.21013709902763367,0.4213402569293976,0.07650512456893921,0.06591383367776871,0.051113344728946686
2024-08-25 23:02:12,체황 오늘 앱솔루틀리 애니멀 모드노 ㅋㅋㅋㅋ,근데 왜 페라리한테,47,47.0,체황 오늘 앱솔루틀리 애니멀 모드노 ㅋㅋㅋㅋ 근데 왜 페라리한테,체황 오늘 앱솔루틀리 애니멀 모드노 ㅋㅋㅋㅋ 근데 왜 페라리한테,0.18987543880939484,0.32249850034713745,0.23137767612934113,0.11750813573598862,0.07505091279745102,0.06368937343358994
2024-08-25 23:02:13,몽골 ← 해외 주유소로 끌려가겠노 ㅋㅋ,,47,47.0,몽골 ← 해외 주유소로 끌려가겠노 ㅋㅋ ,몽골 ← 해외 주유소로 끌려가겠노 ㅋㅋ,0.2732657790184021,0.256327360868454,0.09102249890565872,0.15138985216617584,0.1256284862756729,0.10236606001853943
2024-08-25 23:02:42,르끌은 4등해도 성공이지,4르끌 해주면 만족ㅇㅇ,47,47.0,르끌은 4등해도 성공이지 4르끌 해주면 만족ㅇㅇ,르끌은 4등해도 성공이지 4르끌 해주면 만족ㅇㅇ,0.13409632444381714,0.2185310274362564,0.3844858705997467,0.11143282055854797,0.05935762822628021,0.09209628403186798
2024-08-25 23:02:44,노리스가 똑같이 크루징하니까 개씹좆노잼이네,여름방학전이 개레전드였는데,47,47.0,노리스가 똑같이 크루징하니까 개씹좆노잼이네 여름방학전이 개레전드였는데,노리스가 똑같이 크루징하니까 개씹좆노잼이네 여름방학전이 개레전드였는데,0.1693897247314453,0.30932947993278503,0.11058267205953598,0.1886264979839325,0.06849688291549683,0.15357473492622375
2024-08-25 23:02:44,아오 병신,,47,47.0,아오 병신 ,아오 병신,0.13719652593135834,0.21694433689117432,0.13204215466976166,0.28980138897895813,0.04726171866059303,0.1767539232969284
2024-08-25 23:02:47,대인지ㅋㅋㅋ,ㅋㅋㅋ,47,47.0,대인지ㅋㅋㅋ ㅋㅋㅋ,대인지ㅋㅋㅋ ㅋㅋㅋ,0.07543931156396866,0.12109225988388062,0.6881308555603027,0.05545102432370186,0.025915082544088364,0.03397151082754135
2024-08-25 23:02:49,도파민 달라고,맥라렌만 신나지 말고!!,47,47.0,도파민 달라고 맥라렌만 신나지 말고!!,도파민 달라고 맥라렌만 신나지 말고!!,0.12432735413312912,0.23512639105319977,0.14267781376838684,0.2183758020401001,0.04882890358567238,0.2306637465953827
2024-08-25 23:02:49,대인츠 ㅋㅋㅋ,,47,47.0,대인츠 ㅋㅋㅋ ,대인츠 ㅋㅋㅋ,0.07936333864927292,0.12139955908060074,0.6838409900665283,0.05725762993097305,0.027145016938447952,0.030993396416306496
2024-08-25 23:02:52,병신ㅋㅋㅋㅋㅋ,- dc official App,47,47.0,병신ㅋㅋㅋㅋㅋ - dc official App,병신ㅋㅋㅋㅋㅋ - dc official App,0.09236417710781097,0.1205468624830246,0.6635516285896301,0.06783240288496017,0.022852711379528046,0.03285224363207817
2024-08-25 23:02:51,병신 따잇 ㅋㅋ,,47,47.0,병신 따잇 ㅋㅋ ,병신 따잇 ㅋㅋ,0.07487998157739639,0.11746455729007721,0.6920456290245056,0.056779034435749054,0.02358524687588215,0.03524559363722801
2024-08-25 23:02:53,체코 따잇ㅋㅋㅋㅋ,,47,47.0,체코 따잇ㅋㅋㅋㅋ ,체코 따잇ㅋㅋㅋㅋ,0.0683739185333252,0.10495377331972122,0.7152039408683777,0.054183874279260635,0.023445477709174156,0.033839061856269836
2024-08-25 23:02:53,대 인 츠 ㅋㅋ,,47,47.0,대 인 츠 ㅋㅋ ,대 인 츠 ㅋㅋ,0.07763736695051193,0.11375745385885239,0.6971461176872253,0.05571747198700905,0.025319000706076622,0.030422529205679893
2024-08-25 23:02:53,대 인 지,,47,47.0,대 인 지 ,대 인 지,0.30738741159439087,0.22664666175842285,0.23367434740066528,0.09294664114713669,0.08301649242639542,0.05632852762937546
2024-08-25 23:02:54,메르 차 왤케 ㅂㅅ?,"업그레이드 했다며 씨발
- dc official App",47,47.0,"메르 차 왤케 ㅂㅅ? 업그레이드 했다며 씨발
- dc official App",메르 차 왤케 ㅂㅅ? 업그레이드 했다며 씨발,0.14756137132644653,0.2460845708847046,0.10288120806217194,0.25743725895881653,0.041619524359703064,0.20441606640815735
2024-08-25 23:02:54,대인지 쨔스 ㅅㅅㅅㅅ,ㅛㅛㅛ,47,47.0,대인지 쨔스 ㅅㅅㅅㅅ ㅛㅛㅛ,대인지 쨔스 ㅅㅅㅅㅅ ㅛㅛㅛ,0.0618637353181839,0.11120644956827164,0.7016336917877197,0.055783435702323914,0.025772107765078545,0.04374058544635773
2024-08-25 23:02:55,대 라 리,르끌만 좀 어케 해봐라,47,47.0,대 라 리 르끌만 좀 어케 해봐라,대 라 리 르끌만 좀 어케 해봐라,0.16754336655139923,0.24484577775001526,0.09926293790340424,0.18624591827392578,0.05337046831846237,0.24873146414756775
2024-08-25 23:02:55,^병신^,ㅋㅋㅋㅋㅋㅋㅋ,47,47.0,^병신^ ㅋㅋㅋㅋㅋㅋㅋ,^병신^ ㅋㅋㅋㅋㅋㅋㅋ,0.10284639149904251,0.1826869547367096,0.5346381664276123,0.10406170785427094,0.031990014016628265,0.04377671331167221
2024-08-25 23:02:56,ㅅㅅㅅㅅㅅ,,47,47.0,ㅅㅅㅅㅅㅅ ,ㅅㅅㅅㅅㅅ,0.0719921812415123,0.11381933838129044,0.691032350063324,0.05959415063261986,0.02262905240058899,0.04093298688530922
2024-08-25 23:02:56,병신 따잇ㅋㅋㅋㅋㅋㅋㅋㅋㅋㅋ,,47,47.0,병신 따잇ㅋㅋㅋㅋㅋㅋㅋㅋㅋㅋ ,병신 따잇ㅋㅋㅋㅋㅋㅋㅋㅋㅋㅋ,0.06564225256443024,0.10853944718837738,0.7081544995307922,0.05904921144247055,0.023639999330043793,0.034974634647369385
2024-08-25 23:02:56,대인지ㅋㅋㅋㅋㅋㅋㅋ,ㅋㅋㅋㅋㅋ,47,47.0,대인지ㅋㅋㅋㅋㅋㅋㅋ ㅋㅋㅋㅋㅋ,대인지ㅋㅋㅋㅋㅋㅋㅋ ㅋㅋㅋㅋㅋ,0.0805552527308464,0.12342408299446106,0.6791999936103821,0.058397673070430756,0.025396427139639854,0.0330265611410141
2024-08-25 23:02:55,체코따잇 ㅋㅋㅋㅋㅋㅋㅋㅋ,,47,47.0,체코따잇 ㅋㅋㅋㅋㅋㅋㅋㅋ ,체코따잇 ㅋㅋㅋㅋㅋㅋㅋㅋ,0.06782412528991699,0.10621044039726257,0.7152488231658936,0.054838038980960846,0.022952405735850334,0.03292613476514816
2024-08-25 23:02:57,병신 따잇ㅋㅋㅋ,- dc official App,47,47.0,병신 따잇ㅋㅋㅋ - dc official App,병신 따잇ㅋㅋㅋ - dc official App,0.08111639320850372,0.11143981665372849,0.6900795698165894,0.0596427246928215,0.024108417332172394,0.03361300379037857
2024-08-25 23:02:57,병신,"개병신
- ORACLE RED BULL RACING RB20",47,47.0,"병신 개병신
- ORACLE RED BULL RACING RB20",병신 개병신 - ORACLE RED BULL RACING RB20,0.16586625576019287,0.18556906282901764,0.18298882246017456,0.29290854930877686,0.05338999256491661,0.11927731335163116
2024-08-25 23:03:00,대 인 지 따잇성공 ㅋㅋㅋ,"2번막은 복수를 했네 ㅋㅋㅋ
- dc official App",47,47.0,"대 인 지 따잇성공 ㅋㅋㅋ 2번막은 복수를 했네 ㅋㅋㅋ
- dc official App",대 인 지 따잇성공 ㅋㅋㅋ 2번막은 복수를 했네 ㅋㅋㅋ,0.05784482881426811,0.10891932249069214,0.7058899402618408,0.05635958909988403,0.02503235451877117,0.045953962951898575
2024-08-25 23:03:03,병신따잇 ㅋㅋㅋㅋㅋ,,47,47.0,병신따잇 ㅋㅋㅋㅋㅋ ,병신따잇 ㅋㅋㅋㅋㅋ,0.07574129849672318,0.11468405276536942,0.6909613609313965,0.06126631423830986,0.02506623975932598,0.032280728220939636
2024-08-25 23:03:04,뉴비)배터리 아낀다는게 무슨 말임?,ㅇㅇ,47,47.0,뉴비)배터리 아낀다는게 무슨 말임? ㅇㅇ,뉴비)배터리 아낀다는게 무슨 말임? ㅇㅇ,0.3330530524253845,0.2464900016784668,0.13252344727516174,0.11942853778600693,0.08132429420948029,0.08718070387840271
2024-08-25 23:03:04,레이트브레이킹 ㄷㄷ,ㄷ,47,47.0,레이트브레이킹 ㄷㄷ ㄷ,레이트브레이킹 ㄷㄷ ㄷ,0.3511213958263397,0.2051324099302292,0.15112794935703278,0.1219082623720169,0.11400286853313446,0.05670710653066635
2024-08-25 23:03:05,병신ㅋㅋㅋㅋ,,47,47.0,병신ㅋㅋㅋㅋ ,병신ㅋㅋㅋㅋ,0.0812743529677391,0.12802109122276306,0.6655372977256775,0.06616310775279999,0.025648226961493492,0.033355940133333206
2024-08-25 23:03:06,대 병 신 ㅋㅋㅋㅋ,ㅁㄴㅇㄴ,47,47.0,대 병 신 ㅋㅋㅋㅋ ㅁㄴㅇㄴ,대 병 신 ㅋㅋㅋㅋ ㅁㄴㅇㄴ,0.21364961564540863,0.24484877288341522,0.20890110731124878,0.1905883401632309,0.07391032576560974,0.06810184568166733
2024-08-25 23:03:09,체코 따잇 ㅋㅋㅋㅋㅋㅋ,ㅋㅋㅋㅋㅋ,47,47.0,체코 따잇 ㅋㅋㅋㅋㅋㅋ ㅋㅋㅋㅋㅋ,체코 따잇 ㅋㅋㅋㅋㅋㅋ ㅋㅋㅋㅋㅋ,0.06633157283067703,0.10749977082014084,0.7153488397598267,0.05425504222512245,0.022877411916851997,0.03368737921118736
2024-08-25 23:03:11,사인지 병신따잇ㅅㅅㅅㅅ,,47,47.0,사인지 병신따잇ㅅㅅㅅㅅ ,사인지 병신따잇ㅅㅅㅅㅅ,0.08157605677843094,0.11609461158514023,0.684912383556366,0.05909883230924606,0.02545190043747425,0.03286626562476158
2024-08-25 23:03:12,ㅋㅋㅋㅋㅋㅋㅋㅋㅋ,- dc official App,48,48.0,ㅋㅋㅋㅋㅋㅋㅋㅋㅋ - dc official App,ㅋㅋㅋㅋㅋㅋㅋㅋㅋ - dc official App,0.08851080387830734,0.1211392730474472,0.6694941520690918,0.0660644993185997,0.022289246320724487,0.03250196576118469
2024-08-25 23:03:13,싱크 왜 이래,- dc official App,48,48.0,싱크 왜 이래 - dc official App,싱크 왜 이래 - dc official App,0.18854714930057526,0.3256017863750458,0.11625541001558304,0.15647517144680023,0.0477917306125164,0.16532878577709198
2024-08-25 23:03:15,좆망했네 레드불,"어휴 시이이발
- dc official App",48,48.0,"좆망했네 레드불 어휴 시이이발
- dc official App",좆망했네 레드불 어휴 시이이발,0.12017259746789932,0.19893915951251984,0.10145499557256699,0.2777738869190216,0.0467226579785347,0.25493666529655457
2024-08-25 23:03:15,레드불 진짜 멸망했네,내년부터 맥의 강점기라니,48,48.0,레드불 진짜 멸망했네 내년부터 맥의 강점기라니,레드불 진짜 멸망했네 내년부터 맥의 강점기라니,0.22087568044662476,0.2497488409280777,0.08520814776420593,0.15181128680706024,0.10120008885860443,0.19115601480007172
2024-08-25 23:03:25,대 병 신ㅋㅋㅋㅋ,ㅇㅋㅋㅋ,48,48.0,대 병 신ㅋㅋㅋㅋ ㅇㅋㅋㅋ,대 병 신ㅋㅋㅋㅋ ㅇㅋㅋㅋ,0.2136058360338211,0.22836750745773315,0.2076830118894577,0.20597410202026367,0.0695207342505455,0.07484880089759827
2024-08-25 23:03:24,미끌ㅋㅋㅋㅋ,,48,48.0,미끌ㅋㅋㅋㅋ ,미끌ㅋㅋㅋㅋ,0.08560694009065628,0.12801600992679596,0.6590054631233215,0.06665743142366409,0.02547636441886425,0.035237859934568405
2024-08-25 23:03:24,미끌 ㅋㅋㅋㅋㅋㅋㅋ,,48,48.0,미끌 ㅋㅋㅋㅋㅋㅋㅋ ,미끌 ㅋㅋㅋㅋㅋㅋㅋ,0.08299653232097626,0.12768198549747467,0.6595056056976318,0.06863068789243698,0.024804554879665375,0.03638053685426712
2024-08-25 23:03:26,미끌레 ㅋㅋㅋ,ㅋㅋ,48,48.0,미끌레 ㅋㅋㅋ ㅋㅋ,미끌레 ㅋㅋㅋ ㅋㅋ,0.08173683285713196,0.12350113689899445,0.6749905347824097,0.0625053197145462,0.024256443604826927,0.033009808510541916
2024-08-25 23:03:26,르끌르끌아...,"너밖에없다 버텨주라 ㅅㅂ
- ORACLE RED BULL RACING RB20",48,48.0,"르끌르끌아... 너밖에없다 버텨주라 ㅅㅂ
- ORACLE RED BULL RACING RB20",르끌르끌아... 너밖에없다 버텨주라 ㅅㅂ - ORACLE RED BULL RACING RB20,0.15098071098327637,0.21334059536457062,0.26777979731559753,0.12562355399131775,0.08529747277498245,0.1569778323173523
2024-08-25 23:03:27,미끌 ㅋㅋ,,48,48.0,미끌 ㅋㅋ ,미끌 ㅋㅋ,0.08845652639865875,0.13462796807289124,0.6454859972000122,0.06851721554994583,0.02684265561401844,0.036069657653570175
2024-08-25 23:03:27,미끌ㅋㅋ,ㅋㅋ,48,48.0,미끌ㅋㅋ ㅋㅋ,미끌ㅋㅋ ㅋㅋ,0.08544708788394928,0.12913821637630463,0.6619755625724792,0.0637098029255867,0.02553432062268257,0.034195028245449066
2024-08-25 23:03:30,미끌미끌 시발ㅋㅋㅋ,,48,48.0,미끌미끌 시발ㅋㅋㅋ ,미끌미끌 시발ㅋㅋㅋ,0.10985305905342102,0.23745222389698029,0.16527751088142395,0.3000587522983551,0.056423891335725784,0.13093455135822296
2024-08-25 23:03:30,미끌,,48,48.0,미끌 ,미끌,0.17108355462551117,0.2574942708015442,0.3435267508029938,0.11551511287689209,0.04824814200401306,0.06413216143846512
2024-08-25 23:03:34,러셀은 피아스트리랑 같은 전략 쓰는게 맞지 않았나??,"좆된거 같은데
마이걸",48,48.0,"러셀은 피아스트리랑 같은 전략 쓰는게 맞지 않았나?? 좆된거 같은데
마이걸",러셀은 피아스트리랑 같은 전략 쓰는게 맞지 않았나?? 좆된거 같은데 마이걸,0.30809342861175537,0.26250267028808594,0.08682472258806229,0.11837521195411682,0.11925248056650162,0.10495146363973618
2024-08-25 23:03:35,미끌미끌 ㅋㅋ,,48,48.0,미끌미끌 ㅋㅋ ,미끌미끌 ㅋㅋ,0.08684257417917252,0.13043183088302612,0.6558395028114319,0.06619184464216232,0.025657881051301956,0.03503642976284027
2024-08-25 23:03:37,어김없이 미끌,ㅋㅋㅋㅋ,48,48.0,어김없이 미끌 ㅋㅋㅋㅋ,어김없이 미끌 ㅋㅋㅋㅋ,0.10627252608537674,0.19680768251419067,0.49171385169029236,0.10635767132043839,0.039374228566884995,0.05947406589984894
2024-08-25 23:03:37,체코 안짜른거 후회중인 호너면ㄱㅊ ㅋㅋㅋㅋㅋㅋ,ㅇㄷㄴㅂㅌ ㅋㅋㅋㅋㅋㅋㅋㅋㅋㅋㅋ,48,48.0,체코 안짜른거 후회중인 호너면ㄱㅊ ㅋㅋㅋㅋㅋㅋ ㅇㄷㄴㅂㅌ ㅋㅋㅋㅋㅋㅋㅋㅋㅋㅋㅋ,체코 안짜른거 후회중인 호너면ㄱㅊ ㅋㅋㅋㅋㅋㅋ ㅇㄷㄴㅂㅌ ㅋㅋㅋㅋㅋㅋㅋㅋㅋㅋㅋ,0.07503009587526321,0.179315984249115,0.5495572686195374,0.089774951338768,0.03805279731750488,0.06826892495155334
2024-08-25 23:03:39,사인지는 레드불 넘었는데 르끌은 못넘네,이럼 사인지 > 르끌 맞지?,48,48.0,사인지는 레드불 넘었는데 르끌은 못넘네 이럼 사인지 > 르끌 맞지?,사인지는 레드불 넘었는데 르끌은 못넘네 이럼 사인지 > 르끌 맞지?,0.33092716336250305,0.24442707002162933,0.13141320645809174,0.11379589885473251,0.08519094437360764,0.09424571692943573
2024-08-25 23:03:43,몽골견들 행동패턴 ㅋㅋㅋㅋㅋ,"https://m.dcinside.com/board/formula1/725903
몽골견 대화패턴…..txt
- F1 마이너 갤러리
메르강점기때: 저 엠흑새끼 메르차빨받아서 7챔먹은건데??차빨 없었으면 ㅈ도아닌 거품새끼가 해밀턴인데??레드불강점기때: 애초에 차빨챔이라는 단어 자체가 웃긴거 아님?원래 F1이 차빨 겨루는 경기잖아??드라이버도 결국 부
m.dcinside.com",48,48.0,"몽골견들 행동패턴 ㅋㅋㅋㅋㅋ https://m.dcinside.com/board/formula1/725903
몽골견 대화패턴…..txt
- F1 마이너 갤러리
메르강점기때: 저 엠흑새끼 메르차빨받아서 7챔먹은건데??차빨 없었으면 ㅈ도아닌 거품새끼가 해밀턴인데??레드불강점기때: 애초에 차빨챔이라는 단어 자체가 웃긴거 아님?원래 F1이 차빨 겨루는 경기잖아??드라이버도 결국 부
m.dcinside.com",몽골견들 행동패턴 ㅋㅋㅋㅋㅋ 몽골견 대화패턴…..txt - F1 마이너 갤러리 메르강점기때: 저 엠흑새끼 메르차빨받아서 7챔먹은건데??차빨 없었으면 ㅈ도아닌 거품새끼가 해밀턴인데??레드불강점기때: 애초에 차빨챔이라는 단어 자체가 웃긴거 아님?원래 F1이 차빨 겨루는 경기잖아??드라이버도 결국 부 m.dcinside.com,0.2728327214717865,0.20276309549808502,0.08248389512300491,0.22859379649162292,0.08871778845787048,0.12460873275995255
2024-08-25 23:03:46,와 이번에 따이겠노,,48,48.0,와 이번에 따이겠노 ,와 이번에 따이겠노,0.3127881586551666,0.2313656359910965,0.19185693562030792,0.09792903065681458,0.11288785934448242,0.05317239835858345
2024-08-25 23:03:49,중요한건 사인츠는 윌리엄스고 체코는 레드불이라는거지,ㄹㅇ,48,48.0,중요한건 사인츠는 윌리엄스고 체코는 레드불이라는거지 ㄹㅇ,중요한건 사인츠는 윌리엄스고 체코는 레드불이라는거지 ㄹㅇ,0.28377565741539,0.31037479639053345,0.10954822599887848,0.1293618083000183,0.0811496451497078,0.08578983694314957
2024-08-25 23:03:50,대 아 제,,48,48.0,대 아 제 ,대 아 제,0.06932808458805084,0.11495114117860794,0.6859325766563416,0.05557746812701225,0.029347874224185944,0.04486296698451042
2024-08-25 23:03:51,미끌 씨벌,아,48,48.0,미끌 씨벌 아,미끌 씨벌 아,0.10846744477748871,0.1926947832107544,0.15099725127220154,0.326476514339447,0.044417597353458405,0.17694641649723053
2024-08-25 23:04:06,누리스 크루징을 보게될줄이야,ㅋㅋㅋ,48,48.0,누리스 크루징을 보게될줄이야 ㅋㅋㅋ,누리스 크루징을 보게될줄이야 ㅋㅋㅋ,0.10608630627393723,0.14282149076461792,0.629848837852478,0.058922018855810165,0.0303502157330513,0.031971052289009094
2024-08-25 23:04:07,맥라렌 원투각이다,ㄹㅇ,48,48.0,맥라렌 원투각이다 ㄹㅇ,맥라렌 원투각이다 ㄹㅇ,0.15104660391807556,0.16352474689483643,0.5086028575897217,0.06995728611946106,0.061745189130306244,0.04512333124876022
2024-08-25 23:04:09,좆노잼이네 셒카나와라 ㅅㅂ,,48,48.0,좆노잼이네 셒카나와라 ㅅㅂ ,좆노잼이네 셒카나와라 ㅅㅂ,0.12256083637475967,0.2938587963581085,0.13076230883598328,0.22698892652988434,0.05122459679841995,0.17460456490516663
2024-08-25 23:04:10,어릴때 갔던 쥬유소 생각나면 개추,너부터 ㅋㅋ,48,48.0,어릴때 갔던 쥬유소 생각나면 개추 너부터 ㅋㅋ,어릴때 갔던 쥬유소 생각나면 개추 너부터 ㅋㅋ,0.08535763621330261,0.1365881860256195,0.6482178568840027,0.05540907755494118,0.03577951341867447,0.03864778205752373
2024-08-25 23:04:13,황 끌 레 그래도 존나오래잡아두네,- dc official App,48,48.0,황 끌 레 그래도 존나오래잡아두네 - dc official App,황 끌 레 그래도 존나오래잡아두네 - dc official App,0.11904502660036087,0.2536471486091614,0.1416339874267578,0.2635292708873749,0.06048731505870819,0.16165727376937866
2024-08-25 23:04:19,버텨도 안될거같어 이번랩에,,48,48.0,버텨도 안될거같어 이번랩에 ,버텨도 안될거같어 이번랩에,0.2181430160999298,0.29614338278770447,0.08430316299200058,0.11680637300014496,0.0925614982843399,0.19204260408878326
2024-08-25 23:04:26,몽골<- 진짜 차빨 ㅋㅋ,^12^초차,48,48.0,몽골<- 진짜 차빨 ㅋㅋ ^12^초차,몽골<- 진짜 차빨 ㅋㅋ ^12^초차,0.06429034471511841,0.11231175810098648,0.7062222957611084,0.05200875923037529,0.027170242741703987,0.03799659013748169
2024-08-25 23:04:26,어 ㅅㅂ?,"ㅖ?
- ORACLE RED BULL RACING RB20",48,48.0,"어 ㅅㅂ? ㅖ?
- ORACLE RED BULL RACING RB20",어 ㅅㅂ? ㅖ? - ORACLE RED BULL RACING RB20,0.1698954701423645,0.2639772593975067,0.13537873327732086,0.21911148726940155,0.0722871795296669,0.1393498033285141
2024-08-25 23:04:31,르끌 미끄러져서 셒카제밯,,49,49.0,르끌 미끄러져서 셒카제밯 ,르끌 미끄러져서 셒카제밯,0.20085877180099487,0.30627429485321045,0.1346500664949417,0.15589801967144012,0.0772985890507698,0.12502020597457886
2024-08-25 23:04:38,르끌 왜 잘 막음?,"????
설마 이걸 원스탑..?",49,49.0,"르끌 왜 잘 막음? ????
설마 이걸 원스탑..?",르끌 왜 잘 막음? ???? 설마 이걸 원스탑..?,0.32058975100517273,0.24018436670303345,0.11212816089391708,0.13194935023784637,0.11112956702709198,0.084018774330616
2024-08-25 23:04:44,레 = 페 ㄷㄷㄷㄷ,,49,49.0,레 = 페 ㄷㄷㄷㄷ ,레 = 페 ㄷㄷㄷㄷ,0.34520629048347473,0.2048969715833664,0.15432478487491608,0.12720325589179993,0.11228733509778976,0.05608135834336281
2024-08-25 23:04:48,존나 잘막네,ㄹㅇ,49,49.0,존나 잘막네 ㄹㅇ,존나 잘막네 ㄹㅇ,0.2347288429737091,0.20659470558166504,0.2971218526363373,0.09906353801488876,0.09021978825330734,0.07227131724357605
2024-08-25 23:04:48,맥라렌 얼마나 빠른거임ㅋㅋㅋ,,49,49.0,맥라렌 얼마나 빠른거임ㅋㅋㅋ ,맥라렌 얼마나 빠른거임ㅋㅋㅋ,0.31177017092704773,0.21346251666545868,0.23686258494853973,0.0982389971613884,0.10217107832431793,0.037494685500860214
2024-08-25 23:04:53,앞에 백마커들 있어서 몇바퀴 더 갈듯ㅋㅋㅋ,.,49,49.0,앞에 백마커들 있어서 몇바퀴 더 갈듯ㅋㅋㅋ .,앞에 백마커들 있어서 몇바퀴 더 갈듯ㅋㅋㅋ .,0.07826071977615356,0.12145533412694931,0.6823750138282776,0.05653562396764755,0.029197532683610916,0.03217576444149017
2024-08-25 23:04:53,아니 피아제랑 노리스랑 같은 차 맞ㄴㅑ?,"분명 노리스는 막잡을때 스트레이트에서 완전 로켓이엇는데
피아제는 영 느리노",49,49.0,"아니 피아제랑 노리스랑 같은 차 맞ㄴㅑ? 분명 노리스는 막잡을때 스트레이트에서 완전 로켓이엇는데
피아제는 영 느리노",아니 피아제랑 노리스랑 같은 차 맞ㄴㅑ? 분명 노리스는 막잡을때 스트레이트에서 완전 로켓이엇는데 피아제는 영 느리노,0.32127827405929565,0.24722667038440704,0.09245627373456955,0.1489054262638092,0.09582995623350143,0.0943034365773201
2024-08-25 23:04:53,"와 근데 저기 3,4번 코너 항공뷰 개멋지네",저기서 달리면 ㄹㅇ 무슨느낌일까,49,49.0,"와 근데 저기 3,4번 코너 항공뷰 개멋지네 저기서 달리면 ㄹㅇ 무슨느낌일까","와 근데 저기 3,4번 코너 항공뷰 개멋지네 저기서 달리면 ㄹㅇ 무슨느낌일까",0.20835977792739868,0.2013024538755417,0.41499167680740356,0.07533683627843857,0.06589513272047043,0.034114137291908264
2024-08-25 23:04:54,르끌레 이정도면 오래 잡아뒀다,보내줄 때가 온거같다 르끌아,49,49.0,르끌레 이정도면 오래 잡아뒀다 보내줄 때가 온거같다 르끌아,르끌레 이정도면 오래 잡아뒀다 보내줄 때가 온거같다 르끌아,0.14121858775615692,0.29330453276634216,0.10206659883260727,0.1739317923784256,0.07873687893152237,0.21074166893959045
2024-08-25 23:04:55,"""솔직히 내 잘못 아님""",페라리 똥차에도 따이게 만든 엔지니어들 탓인거 같아요.,49,49.0,"""솔직히 내 잘못 아님"" 페라리 똥차에도 따이게 만든 엔지니어들 탓인거 같아요.","""솔직히 내 잘못 아님"" 페라리 똥차에도 따이게 만든 엔지니어들 탓인거 같아요.",0.21168667078018188,0.2637209892272949,0.06680337339639664,0.14880511164665222,0.08252904564142227,0.22645488381385803
2024-08-25 23:04:58,지금 막스 우승각아님?,걍 체코새끼가 노짱 피아제 어뢰하면 우승아니야??,49,49.0,지금 막스 우승각아님? 걍 체코새끼가 노짱 피아제 어뢰하면 우승아니야??,지금 막스 우승각아님? 걍 체코새끼가 노짱 피아제 어뢰하면 우승아니야??,0.32230275869369507,0.19581863284111023,0.09963090717792511,0.17131051421165466,0.13178369402885437,0.07915349304676056
2024-08-25 23:05:03,르끌이 빠른게 아니라 막가가 느려진거 아니냐?,몽골 전의 상실하고 힘빠진 것 같은데 ㅋㅋㅋ,49,49.0,르끌이 빠른게 아니라 막가가 느려진거 아니냐? 몽골 전의 상실하고 힘빠진 것 같은데 ㅋㅋㅋ,르끌이 빠른게 아니라 막가가 느려진거 아니냐? 몽골 전의 상실하고 힘빠진 것 같은데 ㅋㅋㅋ,0.3082360327243805,0.25227582454681396,0.08879837393760681,0.14987751841545105,0.11621380597352982,0.08459842950105667
2024-08-25 23:05:06,맥라렌 f0이라는 얘기네요,gp2가 어떻게 저렇게 됐대,49,49.0,맥라렌 f0이라는 얘기네요 gp2가 어떻게 저렇게 됐대,맥라렌 f0이라는 얘기네요 gp2가 어떻게 저렇게 됐대,0.35369226336479187,0.208396777510643,0.13260184228420258,0.12729986011981964,0.11108569800853729,0.0669235810637474
2024-08-25 23:05:05,77 BOT,"777 183 777
- dc official App",49,49.0,"77 BOT 777 183 777
- dc official App",77 BOT 777 183 777,0.14651666581630707,0.1769149899482727,0.5080341696739197,0.08836834877729416,0.03260919824242592,0.047556646168231964
2024-08-25 23:05:06,셒카로는 안된다,"레드플랙 ㅈㅂ
- ORACLE RED BULL RACING RB20",49,49.0,"셒카로는 안된다 레드플랙 ㅈㅂ
- ORACLE RED BULL RACING RB20",셒카로는 안된다 레드플랙 ㅈㅂ - ORACLE RED BULL RACING RB20,0.21001914143562317,0.2909143269062042,0.18384669721126556,0.1435111165046692,0.052568595856428146,0.11914011836051941
2024-08-25 23:05:11,지금 내가 구글맵에서 주유소 치고 있는 요스면 개추 ㅋㅋ,차에서 내리기만 해봐라,49,49.0,지금 내가 구글맵에서 주유소 치고 있는 요스면 개추 ㅋㅋ 차에서 내리기만 해봐라,지금 내가 구글맵에서 주유소 치고 있는 요스면 개추 ㅋㅋ 차에서 내리기만 해봐라,0.12044350802898407,0.1554384082555771,0.5418946146965027,0.07956848293542862,0.05251729488372803,0.050137683749198914
2024-08-25 23:05:14,좁밥대전ㅋㅋㅋ,,49,49.0,좁밥대전ㅋㅋㅋ ,좁밥대전ㅋㅋㅋ,0.11350031197071075,0.1951298713684082,0.5286372303962708,0.08642001450061798,0.03561032563447952,0.04070226475596428
2024-08-25 23:05:15,아니 좆밥대전 ㅈㄴ 웃기네 ㅋㅋㅋㅋㅋ,ㅋㅋㅋㅋㅋㅋ,49,49.0,아니 좆밥대전 ㅈㄴ 웃기네 ㅋㅋㅋㅋㅋ ㅋㅋㅋㅋㅋㅋ,아니 좆밥대전 ㅈㄴ 웃기네 ㅋㅋㅋㅋㅋ ㅋㅋㅋㅋㅋㅋ,0.11085399985313416,0.17298521101474762,0.5588873624801636,0.08641230314970016,0.028831304982304573,0.04202986881136894
2024-08-25 23:05:17,물탕인 2스탑이네,,49,49.0,물탕인 2스탑이네 ,물탕인 2스탑이네,0.1906537413597107,0.34864917397499084,0.08791620284318924,0.14440490305423737,0.05437040328979492,0.17400559782981873
2024-08-25 23:05:20,르끌 ㅈㄴ 잘막노ㅋㅎㅋㅎㅋㅋㅎ,"막스 2등 먹여주기ㅋㅎㅋㅋ
- dc official App",49,49.0,"르끌 ㅈㄴ 잘막노ㅋㅎㅋㅎㅋㅋㅎ 막스 2등 먹여주기ㅋㅎㅋㅋ
- dc official App",르끌 ㅈㄴ 잘막노ㅋㅎㅋㅎㅋㅋㅎ 막스 2등 먹여주기ㅋㅎㅋㅋ,0.07269071042537689,0.12147706747055054,0.6784418225288391,0.06200889125466347,0.02887824736535549,0.03650322183966637
2024-08-25 23:05:28,물탕 소프트 입갤,- dc official App,49,49.0,물탕 소프트 입갤 - dc official App,물탕 소프트 입갤 - dc official App,0.17808237671852112,0.17783917486667633,0.48296135663986206,0.0853676050901413,0.03249795362353325,0.04325151816010475
2024-08-25 23:05:33,아니 몽골견드라 노리스가 차빨이라매,"왜 페라리랑 막스도 페이스가 같노???
드디어 페라리도 차빨이 생겨난거임???",49,49.0,"아니 몽골견드라 노리스가 차빨이라매 왜 페라리랑 막스도 페이스가 같노???
드디어 페라리도 차빨이 생겨난거임???",아니 몽골견드라 노리스가 차빨이라매 왜 페라리랑 막스도 페이스가 같노??? 드디어 페라리도 차빨이 생겨난거임???,0.3155103027820587,0.21994619071483612,0.11088687181472778,0.1549994945526123,0.1303626447916031,0.06829451769590378
2024-08-25 23:05:34,소프트경 ㅋㅋ,,49,49.0,소프트경 ㅋㅋ ,소프트경 ㅋㅋ,0.07810889929533005,0.1180129200220108,0.6879265308380127,0.057124629616737366,0.02611476555466652,0.032712239772081375
2024-08-25 23:05:37,소미소?,,49,49.0,소미소? ,소미소?,0.23828257620334625,0.23933272063732147,0.296611487865448,0.10039260983467102,0.06641559302806854,0.058965038508176804
2024-08-25 23:05:38,해머타임 ㅋㅋㅋㅋ,ㅋㅋ,49,49.0,해머타임 ㅋㅋㅋㅋ ㅋㅋ,해머타임 ㅋㅋㅋㅋ ㅋㅋ,0.07437705248594284,0.11396918445825577,0.6970627903938293,0.059019844979047775,0.022704148665070534,0.03286690637469292
2024-08-25 23:05:39,르끌 포디움 가자,ㄹㅇ,49,49.0,르끌 포디움 가자 ㄹㅇ,르끌 포디움 가자 ㄹㅇ,0.08731217682361603,0.1322634071111679,0.646334171295166,0.06293589621782303,0.03062533028423786,0.040528956800699234
2024-08-25 23:05:44,루이스 잇츠 해머타임,ㅇ,50,50.0,루이스 잇츠 해머타임 ㅇ,루이스 잇츠 해머타임 ㅇ,0.12607400119304657,0.1378127485513687,0.6008143424987793,0.07168353348970413,0.026575185358524323,0.03704017028212547
2024-08-25 23:05:44,오히려 좋아 ㅋㅋㅋㅋ,,50,50.0,오히려 좋아 ㅋㅋㅋㅋ ,오히려 좋아 ㅋㅋㅋㅋ,0.06626226752996445,0.1137884259223938,0.6872450709342957,0.06377261877059937,0.026555342599749565,0.042376331984996796
2024-08-25 23:05:44,소미소????,,50,50.0,소미소???? ,소미소????,0.25916051864624023,0.2719930112361908,0.19587472081184387,0.11688258498907089,0.08405355364084244,0.07203561812639236
2024-08-25 23:05:45,근데르를 하드로 22랩 달릴수있나,흠,50,50.0,근데르를 하드로 22랩 달릴수있나 흠,근데르를 하드로 22랩 달릴수있나 흠,0.3612443506717682,0.21405194699764252,0.14104919135570526,0.11185186356306076,0.10857300460338593,0.06322968751192093
2024-08-25 23:05:46,레드불은 전투력특정이 너무 빡셈,"몽골이 병신차가지고 차력쇼하는건지
체코가 좋은차가지고 병신짓하는건지 모르겠음 ㄹㅇ",50,50.0,"레드불은 전투력특정이 너무 빡셈 몽골이 병신차가지고 차력쇼하는건지
체코가 좋은차가지고 병신짓하는건지 모르겠음 ㄹㅇ",레드불은 전투력특정이 너무 빡셈 몽골이 병신차가지고 차력쇼하는건지 체코가 좋은차가지고 병신짓하는건지 모르겠음 ㄹㅇ,0.20735011994838715,0.2841010093688965,0.06523120403289795,0.18936264514923096,0.0808706060051918,0.17308445274829865
2024-08-25 23:05:49,퀄리 때 아껴둔(못 쓴)~,소프트 해머타임 3번째 on,50,50.0,퀄리 때 아껴둔(못 쓴)~ 소프트 해머타임 3번째 on,퀄리 때 아껴둔(못 쓴)~ 소프트 해머타임 3번째 on,0.09331078082323074,0.18583373725414276,0.5264151096343994,0.09230809658765793,0.03195193037390709,0.07018036395311356
2024-08-25 23:05:51,티포시는 오늘도 운다,"시즌초엔 몽골한테 밀려
시즌중엔 병신짓해서 밀려
지금은 잘하는데 뜬금없이 맥라렌한테 밀려",50,50.0,"티포시는 오늘도 운다 시즌초엔 몽골한테 밀려
시즌중엔 병신짓해서 밀려
지금은 잘하는데 뜬금없이 맥라렌한테 밀려",티포시는 오늘도 운다 시즌초엔 몽골한테 밀려 시즌중엔 병신짓해서 밀려 지금은 잘하는데 뜬금없이 맥라렌한테 밀려,0.1596672385931015,0.2580130100250244,0.11953876912593842,0.15969409048557281,0.08031564950942993,0.2227712869644165
2024-08-25 23:05:53,물탕적 사고 ㅋㅋㅋㅋㅋ,- dc official App,50,50.0,물탕적 사고 ㅋㅋㅋㅋㅋ - dc official App,물탕적 사고 ㅋㅋㅋㅋㅋ - dc official App,0.21557721495628357,0.277192622423172,0.22072617709636688,0.13592834770679474,0.07982133328914642,0.070754274725914
2024-08-25 23:05:54,물탕적 사고,,50,50.0,물탕적 사고 ,물탕적 사고,0.2932003140449524,0.2606017589569092,0.09469995647668839,0.12794466316699982,0.08405789732933044,0.1394953578710556
2024-08-25 23:05:57,소프트가 두세트나 남았잖아 완전 러키비기잖아,- dc official App,50,50.0,소프트가 두세트나 남았잖아 완전 러키비기잖아 - dc official App,소프트가 두세트나 남았잖아 완전 러키비기잖아 - dc official App,0.2706504464149475,0.313303142786026,0.0923108235001564,0.1361822932958603,0.07659510523080826,0.11095809191465378
2024-08-25 23:05:58,오히려 좋아 ㅇㅈㄹ ㅋㅋㅋㅋㅋㅋㅋㅋㅋㅋㅋㅋㅋㅋ,드립 존나치넼ㅋㅋㅋㅋㅋㅋㅋㅋㅋㅋㅋㅋㅋㅋ,50,50.0,오히려 좋아 ㅇㅈㄹ ㅋㅋㅋㅋㅋㅋㅋㅋㅋㅋㅋㅋㅋㅋ 드립 존나치넼ㅋㅋㅋㅋㅋㅋㅋㅋㅋㅋㅋㅋㅋㅋ,오히려 좋아 ㅇㅈㄹ ㅋㅋㅋㅋㅋㅋㅋㅋㅋㅋㅋㅋㅋㅋ 드립 존나치넼ㅋㅋㅋㅋㅋㅋㅋㅋㅋㅋㅋㅋㅋㅋ,0.09259571880102158,0.1441773921251297,0.6339563131332397,0.06761400401592255,0.027286436408758163,0.034370165318250656
2024-08-25 23:05:58,물탕적 사고ㅋㅋㅋㅋ,,50,50.0,물탕적 사고ㅋㅋㅋㅋ ,물탕적 사고ㅋㅋㅋㅋ,0.23322585225105286,0.2669832110404968,0.17161428928375244,0.15445125102996826,0.09975867718458176,0.07396668195724487
2024-08-25 23:06:00,렄키 해물탕이잖아!,씨발ㅋㅋ,50,50.0,렄키 해물탕이잖아! 씨발ㅋㅋ,렄키 해물탕이잖아! 씨발ㅋㅋ,0.1253417730331421,0.23630714416503906,0.27407222986221313,0.2257368117570877,0.05582205578684807,0.08271996676921844
2024-08-25 23:06:02,세카마렵다 재미가 없다,,50,50.0,세카마렵다 재미가 없다 ,세카마렵다 재미가 없다,0.11498140543699265,0.24474838376045227,0.14515410363674164,0.2396470010280609,0.05531565099954605,0.2001534402370453
2024-08-25 23:06:02,르끌 잇몸으로 막기 ㅋㅋ,ㅋㅋ,50,50.0,르끌 잇몸으로 막기 ㅋㅋ ㅋㅋ,르끌 잇몸으로 막기 ㅋㅋ ㅋㅋ,0.1261024922132492,0.23924608528614044,0.41425105929374695,0.11773689836263657,0.046871356666088104,0.055792130529880524
2024-08-25 23:06:03,르끌 생각보다 방어잘하네,맥 차가 진짜 좋은거같은데,50,50.0,르끌 생각보다 방어잘하네 맥 차가 진짜 좋은거같은데,르끌 생각보다 방어잘하네 맥 차가 진짜 좋은거같은데,0.2599404752254486,0.244271382689476,0.2853831946849823,0.08067654073238373,0.07831072807312012,0.051417622715234756
2024-08-25 23:06:06,물탕적 사고 ㅋㅋㅋ,,50,50.0,물탕적 사고 ㅋㅋㅋ ,물탕적 사고 ㅋㅋㅋ,0.2380470335483551,0.2760525643825531,0.15720047056674957,0.15341196954250336,0.10141822695732117,0.07386978715658188
2024-08-25 23:06:09,맥라렌 늅인데 내앞에서 셒카 금지어야,우승보자 좀 ㅅㅂ...힝,50,50.0,맥라렌 늅인데 내앞에서 셒카 금지어야 우승보자 좀 ㅅㅂ...힝,맥라렌 늅인데 내앞에서 셒카 금지어야 우승보자 좀 ㅅㅂ...힝,0.121940977871418,0.22721290588378906,0.13102616369724274,0.24420161545276642,0.07237962633371353,0.20323868095874786
2024-08-25 23:06:11,경이 페레즈는 따겠다 ㅋㅋ,,50,50.0,경이 페레즈는 따겠다 ㅋㅋ ,경이 페레즈는 따겠다 ㅋㅋ,0.1270149052143097,0.18034745752811432,0.5322050452232361,0.07469192147254944,0.050030212849378586,0.03571050241589546
2024-08-25 23:06:12,물탕적 사고 ㅋㅋㅋㅋ,,50,50.0,물탕적 사고 ㅋㅋㅋㅋ ,물탕적 사고 ㅋㅋㅋㅋ,0.24257130920886993,0.2656008005142212,0.16831384599208832,0.15274764597415924,0.09975017607212067,0.07101613283157349
2024-08-25 23:06:17,근데 르끌 은근 잘버틴다,ㅇㅇ,50,50.0,근데 르끌 은근 잘버틴다 ㅇㅇ,근데 르끌 은근 잘버틴다 ㅇㅇ,0.15861770510673523,0.2184237390756607,0.43164634704589844,0.06657145172357559,0.06618768721818924,0.058553144335746765
2024-08-25 23:06:18,피아제 막스는 못딸듯,르끌 뒤에 질질 끌려가누,50,50.0,피아제 막스는 못딸듯 르끌 뒤에 질질 끌려가누,피아제 막스는 못딸듯 르끌 뒤에 질질 끌려가누,0.3170669674873352,0.24126125872135162,0.0813574269413948,0.1475752294063568,0.10680337250232697,0.10593574494123459
2024-08-25 23:06:18,"준비됐어 ""충""?","물론이지 ""돌"".",50,50.0,"준비됐어 ""충""? 물론이지 ""돌"".","준비됐어 ""충""? 물론이지 ""돌"".",0.18605615198612213,0.23560747504234314,0.26318731904029846,0.14707322418689728,0.06566479057073593,0.10241105407476425
2024-08-25 23:06:21,셒카보다는,"레드플랙이
- ORACLE RED BULL RACING RB20",50,50.0,"셒카보다는 레드플랙이
- ORACLE RED BULL RACING RB20",셒카보다는 레드플랙이 - ORACLE RED BULL RACING RB20,0.2165922224521637,0.21038419008255005,0.3648258447647095,0.11207548528909683,0.037021487951278687,0.05910073593258858
2024-08-25 23:06:23,이거완전 럭키물탕이자나 ㅋㅋㅋㅋㅋ,- dc official App,50,50.0,이거완전 럭키물탕이자나 ㅋㅋㅋㅋㅋ - dc official App,이거완전 럭키물탕이자나 ㅋㅋㅋㅋㅋ - dc official App,0.25847646594047546,0.22444476187229156,0.2691042423248291,0.11982014030218124,0.08507611602544785,0.043078236281871796
2024-08-25 23:06:28,좆밥 세대 기차 ㅅㅂㅋㅋㅋㅋ,ㅋㅋㅋㅋㅋ,50,50.0,좆밥 세대 기차 ㅅㅂㅋㅋㅋㅋ ㅋㅋㅋㅋㅋ,좆밥 세대 기차 ㅅㅂㅋㅋㅋㅋ ㅋㅋㅋㅋㅋ,0.11657353490591049,0.21769724786281586,0.13050511479377747,0.30680084228515625,0.06529449671506882,0.16312876343727112
2024-08-25 23:06:42,피아제는 슈벌 왜이리 넘어가질 못해,스읍,50,50.0,피아제는 슈벌 왜이리 넘어가질 못해 스읍,피아제는 슈벌 왜이리 넘어가질 못해 스읍,0.1067262589931488,0.21937428414821625,0.12151350826025009,0.2552138566970825,0.04976975917816162,0.2474023401737213
2024-08-25 23:06:44,몽골사랑은 르평ㅋㅋㅋㅋㅋ,,50,50.0,몽골사랑은 르평ㅋㅋㅋㅋㅋ ,몽골사랑은 르평ㅋㅋㅋㅋㅋ,0.07890073955059052,0.12667465209960938,0.6692008376121521,0.060988664627075195,0.029039498418569565,0.035195596516132355
2024-08-25 23:06:48,ㅇ?,"누구세요 ㅅㅂ
- ORACLE RED BULL RACING RB20",50,50.0,"ㅇ? 누구세요 ㅅㅂ
- ORACLE RED BULL RACING RB20",ㅇ? 누구세요 ㅅㅂ - ORACLE RED BULL RACING RB20,0.22548411786556244,0.2486216276884079,0.13427431881427765,0.1983640491962433,0.08687511831521988,0.10638079047203064
2024-08-25 23:06:57,몽골견인데 미끌레만 믿는다,열심히 막아서 2등은 하게 해줘라!,50,50.0,몽골견인데 미끌레만 믿는다 열심히 막아서 2등은 하게 해줘라!,몽골견인데 미끌레만 믿는다 열심히 막아서 2등은 하게 해줘라!,0.15707822144031525,0.20181359350681305,0.3287803530693054,0.10056083649396896,0.08618654310703278,0.12558047473430634
2024-08-25 23:06:58,슬슬 경이랑 싸울때 행동패턴 가져올 몽골견은 개추 ㅋㅋ,"F1은 원래 차빨 스포츠-> 노리스는 차빨
테세전환들어갈 몽골견은 개추 ㅋㅋ",50,50.0,"슬슬 경이랑 싸울때 행동패턴 가져올 몽골견은 개추 ㅋㅋ F1은 원래 차빨 스포츠-> 노리스는 차빨
테세전환들어갈 몽골견은 개추 ㅋㅋ",슬슬 경이랑 싸울때 행동패턴 가져올 몽골견은 개추 ㅋㅋ F1은 원래 차빨 스포츠-> 노리스는 차빨 테세전환들어갈 몽골견은 개추 ㅋㅋ,0.21776047348976135,0.19140858948230743,0.34351617097854614,0.1150825098156929,0.07205276191234589,0.06017952784895897
2024-08-25 23:07:00,노리스 <- 그냥 빠른놈,ㅋㅋ,51,51.0,노리스 <- 그냥 빠른놈 ㅋㅋ,노리스 <- 그냥 빠른놈 ㅋㅋ,0.0827014222741127,0.12544527649879456,0.6651245355606079,0.06447557359933853,0.027607128024101257,0.034646064043045044
2024-08-25 23:07:00,다시 ~ 돌아온 주유소 ~,,51,51.0,다시 ~ 돌아온 주유소 ~ ,다시 ~ 돌아온 주유소 ~,0.060562558472156525,0.14186327159404755,0.6286389827728271,0.07162614166736603,0.02955613285303116,0.067752905189991
2024-08-25 23:07:00,경 지금 소하소 아님?,- dc official App,51,51.0,경 지금 소하소 아님? - dc official App,경 지금 소하소 아님? - dc official App,0.29405689239501953,0.23464059829711914,0.24488511681556702,0.0973045751452446,0.07045413553714752,0.058658599853515625
2024-08-25 23:07:02,체코ㅋㅋㅋㅋ,ㅋㅋㅋㅋㅋ,51,51.0,체코ㅋㅋㅋㅋ ㅋㅋㅋㅋㅋ,체코ㅋㅋㅋㅋ ㅋㅋㅋㅋㅋ,0.08805692940950394,0.1413698047399521,0.6409267783164978,0.06750457733869553,0.025854269042611122,0.036287639290094376
2024-08-25 23:07:07,근데 르끌은 피트 함더 들러야 되잖아,피아제는 원스탑각 나오고,51,51.0,근데 르끌은 피트 함더 들러야 되잖아 피아제는 원스탑각 나오고,근데 르끌은 피트 함더 들러야 되잖아 피아제는 원스탑각 나오고,0.23760931193828583,0.30390894412994385,0.18379995226860046,0.11098720878362656,0.061058565974235535,0.10263605415821075
2024-08-25 23:07:08,뭐야 왜 베르스타펜 따임?,스타트하고 1등하는거 보다가 잠들었는데 추월당함?,51,51.0,뭐야 왜 베르스타펜 따임? 스타트하고 1등하는거 보다가 잠들었는데 추월당함?,뭐야 왜 베르스타펜 따임? 스타트하고 1등하는거 보다가 잠들었는데 추월당함?,0.23657222092151642,0.3112536370754242,0.09857946634292603,0.1564069241285324,0.09099514782428741,0.1061926782131195
2024-08-25 23:07:14,F1 마이너 갤러리는 맥라렌의 2024년 컨챔 우승을,"축하합니다~
- dc official App",51,51.0,"F1 마이너 갤러리는 맥라렌의 2024년 컨챔 우승을 축하합니다~
- dc official App",F1 마이너 갤러리는 맥라렌의 2024년 컨챔 우승을 축하합니다~,0.06899850070476532,0.12756602466106415,0.6882847547531128,0.05250285565853119,0.02845894917845726,0.03418900817632675
2024-08-25 23:07:15,???? 피아제왜느림????,?,51,51.0,???? 피아제왜느림???? ?,???? 피아제왜느림???? ?,0.290892630815506,0.2688698172569275,0.0984908863902092,0.15057331323623657,0.07981427758932114,0.11135906726121902
2024-08-25 23:07:14,체코는 진짜 점점 추해지네,불쌍하다,51,51.0,체코는 진짜 점점 추해지네 불쌍하다,체코는 진짜 점점 추해지네 불쌍하다,0.23700310289859772,0.2035508006811142,0.08530087769031525,0.1889500468969345,0.09324604272842407,0.19194918870925903
2024-08-25 23:07:18,맥라렌 1스탑 작전임?,지금 페이스 보니까 타이어 안갈아도 될거 같은데,51,51.0,맥라렌 1스탑 작전임? 지금 페이스 보니까 타이어 안갈아도 될거 같은데,맥라렌 1스탑 작전임? 지금 페이스 보니까 타이어 안갈아도 될거 같은데,0.35132500529289246,0.220614492893219,0.15671800076961517,0.10108669102191925,0.1103740856051445,0.05988168716430664
2024-08-25 23:07:28,체코는 물탕이 신경써야하노 ㅋㅋㅋㅋ,,51,51.0,체코는 물탕이 신경써야하노 ㅋㅋㅋㅋ ,체코는 물탕이 신경써야하노 ㅋㅋㅋㅋ,0.1765708476305008,0.355096697807312,0.10608687996864319,0.15901367366313934,0.08899924159049988,0.1142326220870018
2024-08-25 23:07:29,13초는 애미요ㅋㅋ,"F1 F2 수준인뎁쇼
- ORACLE RED BULL RACING RB20",51,51.0,"13초는 애미요ㅋㅋ F1 F2 수준인뎁쇼
- ORACLE RED BULL RACING RB20",13초는 애미요ㅋㅋ F1 F2 수준인뎁쇼 - ORACLE RED BULL RACING RB20,0.2588292360305786,0.2342555671930313,0.18186528980731964,0.17452864348888397,0.0677209421992302,0.08280034363269806
2024-08-25 23:07:32,뜬금 셒카 경 우승 마렵다,ㄹㅇ,51,51.0,뜬금 셒카 경 우승 마렵다 ㄹㅇ,뜬금 셒카 경 우승 마렵다 ㄹㅇ,0.13437356054782867,0.2222474217414856,0.28182554244995117,0.15647393465042114,0.07618021219968796,0.12889929115772247
2024-08-25 23:07:34,13초는 시발 ...,패배선언해야겠노..,51,51.0,13초는 시발 ... 패배선언해야겠노..,13초는 시발 ... 패배선언해야겠노..,0.1420699506998062,0.23349598050117493,0.07955743372440338,0.22932526469230652,0.06692418456077576,0.2486272007226944
2024-08-25 23:07:37,셒카한번만제발,가슬리랑 제대로 배틀 한번만 제발,51,51.0,셒카한번만제발 가슬리랑 제대로 배틀 한번만 제발,셒카한번만제발 가슬리랑 제대로 배틀 한번만 제발,0.20184382796287537,0.2025909125804901,0.36712998151779175,0.09379367530345917,0.06770842522382736,0.06693316996097565
2024-08-25 23:07:39,내가 말했지 애새끼 이번에 우승한다고,"하응
피아제가 왕자님만 따줘라
- dc official App",51,51.0,"내가 말했지 애새끼 이번에 우승한다고 하응
피아제가 왕자님만 따줘라
- dc official App",내가 말했지 애새끼 이번에 우승한다고 하응 피아제가 왕자님만 따줘라,0.11873681098222733,0.18770502507686615,0.41476160287857056,0.12051660567522049,0.06917205452919006,0.0891079306602478
2024-08-25 23:07:45,막스 만나는 방법 ㅋㅋ,TinQ로 가면 되겠노 ㅋㅋ,51,51.0,막스 만나는 방법 ㅋㅋ TinQ로 가면 되겠노 ㅋㅋ,막스 만나는 방법 ㅋㅋ TinQ로 가면 되겠노 ㅋㅋ,0.144853875041008,0.16847863793373108,0.5393627285957336,0.06996724009513855,0.04374782741069794,0.03358970209956169
2024-08-25 23:07:55,르끌 ㄹㅇ 타이어 버티나? 근데 이게 플랜a?,,51,51.0,르끌 ㄹㅇ 타이어 버티나? 근데 이게 플랜a? ,르끌 ㄹㅇ 타이어 버티나? 근데 이게 플랜a?,0.3308250904083252,0.24106968939304352,0.10000889003276825,0.12465393543243408,0.10602287948131561,0.09741948544979095
2024-08-25 23:07:55,레드불은 내년에 차 뜯어 고쳐야겠노,ㄹㅇ,51,51.0,레드불은 내년에 차 뜯어 고쳐야겠노 ㄹㅇ,레드불은 내년에 차 뜯어 고쳐야겠노 ㄹㅇ,0.21920378506183624,0.3342507481575012,0.07755053043365479,0.12126275151968002,0.08701257407665253,0.1607195883989334
2024-08-25 23:08:02,님들 저 순위표에 보라색 스톱워치 모양 머임,뉴비라 잘 몰라요...,51,51.0,님들 저 순위표에 보라색 스톱워치 모양 머임 뉴비라 잘 몰라요...,님들 저 순위표에 보라색 스톱워치 모양 머임 뉴비라 잘 몰라요...,0.3488005995750427,0.22996732592582703,0.14700190722942352,0.10988295823335648,0.10062514245510101,0.06372206658124924
2024-08-25 23:08:02,황끌레 눈물의방어 ㅋㅋㅋㅋㅋ,- dc official App,51,51.0,황끌레 눈물의방어 ㅋㅋㅋㅋㅋ - dc official App,황끌레 눈물의방어 ㅋㅋㅋㅋㅋ - dc official App,0.07262247055768967,0.13178092241287231,0.6419554948806763,0.07792817801237106,0.026512788608670235,0.04920016601681709
2024-08-25 23:08:06,르끌 방어 잘하노 ㄷㄷ,,51,51.0,르끌 방어 잘하노 ㄷㄷ ,르끌 방어 잘하노 ㄷㄷ,0.2832811176776886,0.2261284589767456,0.2583048939704895,0.08620999753475189,0.09817548096179962,0.04790004715323448
2024-08-25 23:08:10,뭐야 왜 노리스따잇이 아님?,"알바 이제끝났는데 13초 무슨일이고;;
- dc official App",51,51.0,"뭐야 왜 노리스따잇이 아님? 알바 이제끝났는데 13초 무슨일이고;;
- dc official App",뭐야 왜 노리스따잇이 아님? 알바 이제끝났는데 13초 무슨일이고;;,0.21207578480243683,0.2886773347854614,0.10555806010961533,0.17799773812294006,0.09155233204364777,0.1241387203335762
2024-08-25 23:08:14,신물탕 패랩,ㅇ,51,51.0,신물탕 패랩 ㅇ,신물탕 패랩 ㅇ,0.17483167350292206,0.18914064764976501,0.46649208664894104,0.0894785150885582,0.03427749127149582,0.04577963426709175
2024-08-25 23:08:19,경 슬슬 패랩 박기 시작하네 ㅋㅋ,빨간맛 클린에어 ㅋㅋ,52,52.0,경 슬슬 패랩 박기 시작하네 ㅋㅋ 빨간맛 클린에어 ㅋㅋ,경 슬슬 패랩 박기 시작하네 ㅋㅋ 빨간맛 클린에어 ㅋㅋ,0.10881749540567398,0.17586863040924072,0.5396044254302979,0.08704220503568649,0.0417400561273098,0.04692724347114563
2024-08-25 23:08:19,먼가 이번랩에 따일거같은데,ㄹㅇ,52,52.0,먼가 이번랩에 따일거같은데 ㄹㅇ,먼가 이번랩에 따일거같은데 ㄹㅇ,0.33356550335884094,0.23381738364696503,0.15085583925247192,0.10290937125682831,0.10647236555814743,0.07237958163022995
2024-08-25 23:08:16,몽골은 그냥 노잼 그 자체면 개추 ㅋㅋ,배틀하다 둘이 같이 뒤져야 재밌는데 끝도없이 벌어지노 ㅋㅋㅋ,52,52.0,몽골은 그냥 노잼 그 자체면 개추 ㅋㅋ 배틀하다 둘이 같이 뒤져야 재밌는데 끝도없이 벌어지노 ㅋㅋㅋ,몽골은 그냥 노잼 그 자체면 개추 ㅋㅋ 배틀하다 둘이 같이 뒤져야 재밌는데 끝도없이 벌어지노 ㅋㅋㅋ,0.17427174746990204,0.26995018124580383,0.11098773032426834,0.2193540781736374,0.0978006049990654,0.127635657787323
2024-08-25 23:08:34,미끌레가 잘하는 걸까 피아제가 못하는 걸까....,뭘까....,52,52.0,미끌레가 잘하는 걸까 피아제가 못하는 걸까.... 뭘까....,미끌레가 잘하는 걸까 피아제가 못하는 걸까.... 뭘까....,0.3247716724872589,0.26226121187210083,0.09176114946603775,0.11530034989118576,0.09515717625617981,0.1107485219836235
2024-08-25 23:08:36,체코랑 경이랑 핏스탑 차이나는거지?,둘사이 차이가 왜저러냐,52,52.0,체코랑 경이랑 핏스탑 차이나는거지? 둘사이 차이가 왜저러냐,체코랑 경이랑 핏스탑 차이나는거지? 둘사이 차이가 왜저러냐,0.3237869441509247,0.26001521944999695,0.10578152537345886,0.12864452600479126,0.08874020725488663,0.09303154051303864
2024-08-25 23:08:40,물탕견 패랩 입갤,- dc official App,52,52.0,물탕견 패랩 입갤 - dc official App,물탕견 패랩 입갤 - dc official App,0.19963067770004272,0.1898820847272873,0.43524760007858276,0.09158985316753387,0.03776795044541359,0.04588184878230095
2024-08-25 23:08:42,르바오 살려,,52,52.0,르바오 살려 ,르바오 살려,0.12037645280361176,0.21416950225830078,0.279783695936203,0.17870113253593445,0.04748624190688133,0.15948303043842316
2024-08-25 23:08:45,? 이새끼 왜 잘 버팀?,차 느린건 물론이고 타이어가 거의 10랩차이나는데?,52,52.0,? 이새끼 왜 잘 버팀? 차 느린건 물론이고 타이어가 거의 10랩차이나는데?,? 이새끼 왜 잘 버팀? 차 느린건 물론이고 타이어가 거의 10랩차이나는데?,0.3025425970554352,0.18886218965053558,0.09534242004156113,0.19966255128383636,0.1168166920542717,0.09677353501319885
2024-08-25 23:08:54,황끌레 우주방어중ㅋㅋ,"대 르 끌
- ORACLE RED BULL RACING RB20",52,52.0,"황끌레 우주방어중ㅋㅋ 대 르 끌
- ORACLE RED BULL RACING RB20",황끌레 우주방어중ㅋㅋ 대 르 끌 - ORACLE RED BULL RACING RB20,0.10345611721277237,0.13698802888393402,0.6030368208885193,0.0853450819849968,0.030211810022592545,0.040962230414152145
2024-08-25 23:08:55,아니네 대 르 끌,,52,52.0,아니네 대 르 끌 ,아니네 대 르 끌,0.1853315830230713,0.3364085853099823,0.08453341573476791,0.13500842452049255,0.06573336571455002,0.1929846554994583
2024-08-25 23:09:06,르끌 잘버티네,,52,52.0,르끌 잘버티네 ,르끌 잘버티네,0.18843087553977966,0.24799396097660065,0.33166149258613586,0.07711514085531235,0.07919498533010483,0.07560351490974426
2024-08-25 23:09:07,레드불 망했냐?,랩타임 왜 저래,52,52.0,레드불 망했냐? 랩타임 왜 저래,레드불 망했냐? 랩타임 왜 저래,0.2677316963672638,0.2780592739582062,0.08517856150865555,0.15189456939697266,0.06430774927139282,0.15282809734344482
2024-08-25 23:09:09,14초,ㅋㅋㅋㅋ,52,52.0,14초 ㅋㅋㅋㅋ,14초 ㅋㅋㅋㅋ,0.1507900357246399,0.16968244314193726,0.5125410556793213,0.08546692878007889,0.041696544736623764,0.0398230105638504
2024-08-25 23:09:17,진짜 20랩 더버티냐?,?,52,52.0,진짜 20랩 더버티냐? ?,진짜 20랩 더버티냐? ?,0.3560822308063507,0.20432621240615845,0.1293235868215561,0.12685023248195648,0.12768816947937012,0.05572947859764099
2024-08-25 23:09:19,르끌 철옹성이노,"잘막네
- dc official App",52,52.0,"르끌 철옹성이노 잘막네
- dc official App",르끌 철옹성이노 잘막네,0.2233418971300125,0.25732725858688354,0.2578587532043457,0.09115570038557053,0.09127891808748245,0.07903751730918884
2024-08-25 23:09:23,르끌어케 버티는거임ㅋㅋㅋㅋ,,52,52.0,르끌어케 버티는거임ㅋㅋㅋㅋ ,르끌어케 버티는거임ㅋㅋㅋㅋ,0.08320892602205276,0.1567164659500122,0.5673027634620667,0.08704227954149246,0.038947705179452896,0.06678178161382675
2024-08-25 23:09:24,르끌 저번 레이스 막스도 존나 잘막았긴했는데,오늘도 잘 해보자 ㅈㅂ,52,52.0,르끌 저번 레이스 막스도 존나 잘막았긴했는데 오늘도 잘 해보자 ㅈㅂ,르끌 저번 레이스 막스도 존나 잘막았긴했는데 오늘도 잘 해보자 ㅈㅂ,0.1528138369321823,0.20953257381916046,0.36080503463745117,0.0868770033121109,0.08654190599918365,0.1034296452999115
2024-08-25 23:09:26,대황끌 잘버틴다!,,52,52.0,대황끌 잘버틴다! ,대황끌 잘버틴다!,0.07084545493125916,0.1166246309876442,0.6739556789398193,0.055691059678792953,0.03623977676033974,0.04664341360330582
2024-08-25 23:09:28,막스 존나 조용한거 오랜만이네 ㅋㅋㅋ,"시무룩했노 ㅋㅋㅋㅌㅋㅌ
- dc official App",52,52.0,"막스 존나 조용한거 오랜만이네 ㅋㅋㅋ 시무룩했노 ㅋㅋㅋㅌㅋㅌ
- dc official App",막스 존나 조용한거 오랜만이네 ㅋㅋㅋ 시무룩했노 ㅋㅋㅋㅌㅋㅌ,0.15981902182102203,0.33137109875679016,0.2491198182106018,0.10004089772701263,0.08343672752380371,0.07621236890554428
2024-08-25 23:09:28,이제 14초 차이나네,ㄷㄷ,52,52.0,이제 14초 차이나네 ㄷㄷ,이제 14초 차이나네 ㄷㄷ,0.33505475521087646,0.22323057055473328,0.1337985396385193,0.12253289669752121,0.12081753462553024,0.0645657330751419
2024-08-25 23:09:31,르끌 울면서 막노ㅋㅎㅋㅎㅋㅎ,- dc official App,52,52.0,르끌 울면서 막노ㅋㅎㅋㅎㅋㅎ - dc official App,르끌 울면서 막노ㅋㅎㅋㅎㅋㅎ - dc official App,0.10400500893592834,0.20624621212482452,0.49642813205718994,0.08010436594486237,0.045748818665742874,0.06746741384267807
2024-08-25 23:09:36,대라리 대황끌 1초갭 다시 on,,53,53.0,대라리 대황끌 1초갭 다시 on ,대라리 대황끌 1초갭 다시 on,0.08272981643676758,0.11942623555660248,0.6666799187660217,0.06468730419874191,0.028118841350078583,0.03835796192288399
2024-08-25 23:09:37,그냥 페라리 페이스가 괜찮은거 같은데,상위권 다른팀이랑 별 차이 안 나노,53,53.0,그냥 페라리 페이스가 괜찮은거 같은데 상위권 다른팀이랑 별 차이 안 나노,그냥 페라리 페이스가 괜찮은거 같은데 상위권 다른팀이랑 별 차이 안 나노,0.24920952320098877,0.30899152159690857,0.11503700166940689,0.13229888677597046,0.06581032276153564,0.12865276634693146
2024-08-25 23:09:39,체코 해물탕한테 추격 당하지는 않겠지 24촌데?,20랩 남았는데 1초씩 따라가야하는데 설마,53,53.0,체코 해물탕한테 추격 당하지는 않겠지 24촌데? 20랩 남았는데 1초씩 따라가야하는데 설마,체코 해물탕한테 추격 당하지는 않겠지 24촌데? 20랩 남았는데 1초씩 따라가야하는데 설마,0.32167866826057434,0.21901348233222961,0.11924228817224503,0.12320245802402496,0.1405709832906723,0.07629210501909256
2024-08-25 23:09:39,drs 나갔잖아 씨발ㅋㅋㅋㅋㅋ,좆아제 뭔데,53,53.0,drs 나갔잖아 씨발ㅋㅋㅋㅋㅋ 좆아제 뭔데,drs 나갔잖아 씨발ㅋㅋㅋㅋㅋ 좆아제 뭔데,0.14578086137771606,0.22097435593605042,0.12034197151660919,0.29666054248809814,0.0732988640666008,0.1429433673620224
2024-08-25 23:09:45,모나코 왕자님 바다에서 완전 나오신거 맞는거 같은디?,"피아스트리가 그렇게 빨딱선 상태 아니라고 해도
사자처럼 잘막네",53,53.0,"모나코 왕자님 바다에서 완전 나오신거 맞는거 같은디? 피아스트리가 그렇게 빨딱선 상태 아니라고 해도
사자처럼 잘막네",모나코 왕자님 바다에서 완전 나오신거 맞는거 같은디? 피아스트리가 그렇게 빨딱선 상태 아니라고 해도 사자처럼 잘막네,0.2892802655696869,0.21297626197338104,0.24419473111629486,0.09263841062784195,0.1145157441496849,0.046394553035497665
2024-08-25 23:09:46,노짱하고 몽골은 20초까지 가겠네,"지금 맥라렌이 클린에어 효율 존나 잘받는거 같음
더티에어도 딱히 안 받는거고",53,53.0,"노짱하고 몽골은 20초까지 가겠네 지금 맥라렌이 클린에어 효율 존나 잘받는거 같음
더티에어도 딱히 안 받는거고",노짱하고 몽골은 20초까지 가겠네 지금 맥라렌이 클린에어 효율 존나 잘받는거 같음 더티에어도 딱히 안 받는거고,0.29031798243522644,0.2526911795139313,0.19891726970672607,0.09810420125722885,0.09481903165578842,0.06515025347471237
2024-08-25 23:09:47,르클럭 가고 르끌레 왔나 ?,"ㅋㅋ
- dc official App",53,53.0,"르클럭 가고 르끌레 왔나 ? ㅋㅋ
- dc official App",르클럭 가고 르끌레 왔나 ? ㅋㅋ,0.19359317421913147,0.2125602662563324,0.4176701009273529,0.08744703978300095,0.04753321781754494,0.04119623824954033
2024-08-25 23:09:49,피아제 drs 박탈 ㅋㅋㅋㅋㅋ,,53,53.0,피아제 drs 박탈 ㅋㅋㅋㅋㅋ ,피아제 drs 박탈 ㅋㅋㅋㅋㅋ,0.2417309731245041,0.2426307052373886,0.1051420271396637,0.2097051590681076,0.08859429508447647,0.1121969223022461
2024-08-25 23:09:53,"주유소에 버려두고 갔다던가, 때린다던가 했다는 게 언급된다",그만 알아보자,53,53.0,"주유소에 버려두고 갔다던가, 때린다던가 했다는 게 언급된다 그만 알아보자","주유소에 버려두고 갔다던가, 때린다던가 했다는 게 언급된다 그만 알아보자",0.29625698924064636,0.24962551891803741,0.08496615290641785,0.12945079803466797,0.09830444306135178,0.14139607548713684
2024-08-25 23:10:02,피아제 못넘겠는데 이러다가 스읍,더블 포디움 까빈데,53,53.0,피아제 못넘겠는데 이러다가 스읍 더블 포디움 까빈데,피아제 못넘겠는데 이러다가 스읍 더블 포디움 까빈데,0.3069629371166229,0.26312586665153503,0.12494318932294846,0.1042570248246193,0.1263798624277115,0.07433114945888519
2024-08-25 23:10:03,르끌레 기적의 포디움 드가나,,53,53.0,르끌레 기적의 포디움 드가나 ,르끌레 기적의 포디움 드가나,0.13081207871437073,0.16602753102779388,0.5596217513084412,0.06897987425327301,0.03586622327566147,0.03869258239865303
2024-08-25 23:10:05,F1 위상 좆된 이유,난쟁이 어좁 대두 강점기되게 생김,53,53.0,F1 위상 좆된 이유 난쟁이 어좁 대두 강점기되게 생김,F1 위상 좆된 이유 난쟁이 어좁 대두 강점기되게 생김,0.25494739413261414,0.2013675719499588,0.07518452405929565,0.19368448853492737,0.09085655212402344,0.18395951390266418
2024-08-25 23:10:05,왕자님 드디어 잠수종료 ㅋㅋㅋㅋㅋㅋㅋ,,53,53.0,왕자님 드디어 잠수종료 ㅋㅋㅋㅋㅋㅋㅋ ,왕자님 드디어 잠수종료 ㅋㅋㅋㅋㅋㅋㅋ,0.11063721030950546,0.220868319272995,0.4788873791694641,0.0794060006737709,0.05350280925631523,0.05669833719730377
2024-08-25 23:10:05,코너마다 있는 크레인은 뭐노,카메라 달아두려고?,53,53.0,코너마다 있는 크레인은 뭐노 카메라 달아두려고?,코너마다 있는 크레인은 뭐노 카메라 달아두려고?,0.28059205412864685,0.29981544613838196,0.10513154417276382,0.1271047592163086,0.06325114518404007,0.12410499900579453
2024-08-25 23:10:06,논두렁이 보인다~~~~~,"피아제이제 drs도못쓰노
- dc official App",53,53.0,"논두렁이 보인다~~~~~ 피아제이제 drs도못쓰노
- dc official App",논두렁이 보인다~~~~~ 피아제이제 drs도못쓰노,0.2046213299036026,0.2960467040538788,0.08754367381334305,0.17337264120578766,0.11513642966747284,0.12327916920185089
2024-08-25 23:10:08,르끌 뭐냐 ㄷㄷ,ㅇㅇ,53,53.0,르끌 뭐냐 ㄷㄷ ㅇㅇ,르끌 뭐냐 ㄷㄷ ㅇㅇ,0.28070464730262756,0.25894641876220703,0.08686895668506622,0.15404579043388367,0.10112825781106949,0.11830587685108185
2024-08-25 23:10:10,ㅅㅂ 이러다 진짜 메르강점기처럼 되겠네,레드불 강점기는 체코가 ¡개자식!이라 원투 못처먹어서 놀릴 재미라도 있었지 피아제 짬 쌓이고 퀄리 잘뛰기 시작하면 햄보막 마냥 노피막 ㅇㅈㄹ 나겠다,53,53.0,ㅅㅂ 이러다 진짜 메르강점기처럼 되겠네 레드불 강점기는 체코가 ¡개자식!이라 원투 못처먹어서 놀릴 재미라도 있었지 피아제 짬 쌓이고 퀄리 잘뛰기 시작하면 햄보막 마냥 노피막 ㅇㅈㄹ 나겠다,ㅅㅂ 이러다 진짜 메르강점기처럼 되겠네 레드불 강점기는 체코가 ¡개자식!이라 원투 못처먹어서 놀릴 재미라도 있었지 피아제 짬 쌓이고 퀄리 잘뛰기 시작하면 햄보막 마냥 노피막 ㅇㅈㄹ 나겠다,0.1604374796152115,0.17741037905216217,0.09218396246433258,0.26175546646118164,0.06638312339782715,0.2418295443058014
2024-08-25 23:10:22,몽골견들 논리가 딱 이거아님??,"https://m.dcinside.com/board/formula1/725903
몽골견 대화패턴…..txt
- F1 마이너 갤러리
메르강점기때: 저 엠흑새끼 메르차빨받아서 7챔먹은건데??차빨 없었으면 ㅈ도아닌 거품새끼가 해밀턴인데??레드불강점기때: 애초에 차빨챔이라는 단어 자체가 웃긴거 아님?원래 F1이 차빨 겨루는 경기잖아??드라이버도 결국 부
m.dcinside.com",53,53.0,"몽골견들 논리가 딱 이거아님?? https://m.dcinside.com/board/formula1/725903
몽골견 대화패턴…..txt
- F1 마이너 갤러리
메르강점기때: 저 엠흑새끼 메르차빨받아서 7챔먹은건데??차빨 없었으면 ㅈ도아닌 거품새끼가 해밀턴인데??레드불강점기때: 애초에 차빨챔이라는 단어 자체가 웃긴거 아님?원래 F1이 차빨 겨루는 경기잖아??드라이버도 결국 부
m.dcinside.com",몽골견들 논리가 딱 이거아님?? 몽골견 대화패턴…..txt - F1 마이너 갤러리 메르강점기때: 저 엠흑새끼 메르차빨받아서 7챔먹은건데??차빨 없었으면 ㅈ도아닌 거품새끼가 해밀턴인데??레드불강점기때: 애초에 차빨챔이라는 단어 자체가 웃긴거 아님?원래 F1이 차빨 겨루는 경기잖아??드라이버도 결국 부 m.dcinside.com,0.2519610524177551,0.19360791146755219,0.07668189704418182,0.24927958846092224,0.07761535793542862,0.1508542150259018
2024-08-25 23:10:22,막스 라디오 고장난거같으면 개추 ㅋㅋㅋ,왜 말이 없노 ㅋㅋㅋ,53,53.0,막스 라디오 고장난거같으면 개추 ㅋㅋㅋ 왜 말이 없노 ㅋㅋㅋ,막스 라디오 고장난거같으면 개추 ㅋㅋㅋ 왜 말이 없노 ㅋㅋㅋ,0.19547942280769348,0.2761576175689697,0.3001623749732971,0.09605474770069122,0.0788823589682579,0.05326347425580025
2024-08-25 23:10:23,23년 실버스톤 레드불 맥라렌 격차가 생각나네,"그때 맥라렌 대규모 업뎃 성공해서 희망이 보인다 생각했는데
올해는 그때 그 격차 역으로 내니까 기분 ㅈㄴ 좋다",53,53.0,"23년 실버스톤 레드불 맥라렌 격차가 생각나네 그때 맥라렌 대규모 업뎃 성공해서 희망이 보인다 생각했는데
올해는 그때 그 격차 역으로 내니까 기분 ㅈㄴ 좋다",23년 실버스톤 레드불 맥라렌 격차가 생각나네 그때 맥라렌 대규모 업뎃 성공해서 희망이 보인다 생각했는데 올해는 그때 그 격차 역으로 내니까 기분 ㅈㄴ 좋다,0.0603402778506279,0.11363490670919418,0.6914534568786621,0.05492677167057991,0.029022183269262314,0.05062246695160866
2024-08-25 23:10:27,피아제 미끌한테 패배선언 ㅋㅋㅋㅋ,ㅋㅋㅋ,53,53.0,피아제 미끌한테 패배선언 ㅋㅋㅋㅋ ㅋㅋㅋ,피아제 미끌한테 패배선언 ㅋㅋㅋㅋ ㅋㅋㅋ,0.23517073690891266,0.3001917600631714,0.12216275930404663,0.15515658259391785,0.10630077123641968,0.08101734519004822
2024-08-25 23:10:27,드디어 르끌 샤브샤브 종료 ㅋㅋㅋㅋㅋ,,53,53.0,드디어 르끌 샤브샤브 종료 ㅋㅋㅋㅋㅋ ,드디어 르끌 샤브샤브 종료 ㅋㅋㅋㅋㅋ,0.07213035970926285,0.14159615337848663,0.6216819286346436,0.07849163562059402,0.02829788252711296,0.057802047580480576
2024-08-25 23:10:30,맥라렌 차 검사해봐라 ㅅㅂㅋㅋㅋㅋ,"저정도는 뭔짓해야 14.5가 나오냐ㅋㅋ
- ORACLE RED BULL RACING RB20",53,53.0,"맥라렌 차 검사해봐라 ㅅㅂㅋㅋㅋㅋ 저정도는 뭔짓해야 14.5가 나오냐ㅋㅋ
- ORACLE RED BULL RACING RB20",맥라렌 차 검사해봐라 ㅅㅂㅋㅋㅋㅋ 저정도는 뭔짓해야 14.5가 나오냐ㅋㅋ - ORACLE RED BULL RACING RB20,0.2636105418205261,0.1815837025642395,0.09261264652013779,0.24602462351322174,0.08867873251438141,0.12748973071575165
2024-08-25 23:10:30,근데 2승했는데 저정도 차이면 차이 적노,,53,53.0,근데 2승했는데 저정도 차이면 차이 적노 ,근데 2승했는데 저정도 차이면 차이 적노,0.3049430549144745,0.28656116127967834,0.08675647526979446,0.1266457438468933,0.09233833849430084,0.10275521874427795
2024-08-25 23:10:31,뉴비야 순위표 보라색 표시 알려줄게,흑인이라는 뜻임,53,53.0,뉴비야 순위표 보라색 표시 알려줄게 흑인이라는 뜻임,뉴비야 순위표 보라색 표시 알려줄게 흑인이라는 뜻임,0.31772565841674805,0.23466156423091888,0.19997453689575195,0.09991196542978287,0.09439516067504883,0.05333106964826584
2024-08-25 23:10:38,진짜개씹좆노잼이네,졸린다,53,53.0,진짜개씹좆노잼이네 졸린다,진짜개씹좆노잼이네 졸린다,0.12935635447502136,0.29924800992012024,0.1330767124891281,0.21355083584785461,0.054307643324136734,0.17046037316322327
2024-08-25 23:10:42,역시 몽골 사랑은 르평 ㅋㅋ,,53,53.0,역시 몽골 사랑은 르평 ㅋㅋ ,역시 몽골 사랑은 르평 ㅋㅋ,0.06348595023155212,0.11609499156475067,0.7001520991325378,0.05124529451131821,0.02958819270133972,0.03943344205617905
2024-08-25 23:10:42,막스는 르끌 안벌어지는데 차성능 ㅈ드불=페라리인가,진짜 멸망했노,53,53.0,막스는 르끌 안벌어지는데 차성능 ㅈ드불=페라리인가 진짜 멸망했노,막스는 르끌 안벌어지는데 차성능 ㅈ드불=페라리인가 진짜 멸망했노,0.31253254413604736,0.23544755578041077,0.07795706391334534,0.16082091629505157,0.10790778696537018,0.10533411800861359
2024-08-25 23:10:52,르끌 drs존 벗어났다,휴,54,54.0,르끌 drs존 벗어났다 휴,르끌 drs존 벗어났다 휴,0.09951619058847427,0.2573513686656952,0.2186935842037201,0.18346917629241943,0.05587221309542656,0.18509750068187714
2024-08-25 23:10:57,레드불에 네임드 개발진들 다 떠난거임?,,54,54.0,레드불에 네임드 개발진들 다 떠난거임? ,레드불에 네임드 개발진들 다 떠난거임?,0.3518699109554291,0.2241973876953125,0.09477689862251282,0.128020778298378,0.1017221212387085,0.0994129478931427
2024-08-25 23:10:57,컨챔은 먹으려고 관리하는듯,,54,54.0,컨챔은 먹으려고 관리하는듯 ,컨챔은 먹으려고 관리하는듯,0.3024654984474182,0.2599131166934967,0.191300630569458,0.10031188279390335,0.08537735044956207,0.06063148006796837
2024-08-25 23:10:58,우승을 못하면 이상한수준 입갤 ㅋㅋ,,54,54.0,우승을 못하면 이상한수준 입갤 ㅋㅋ ,우승을 못하면 이상한수준 입갤 ㅋㅋ,0.27665168046951294,0.300586998462677,0.1088889017701149,0.1314532458782196,0.10638922452926636,0.07602998614311218
2024-08-25 23:11:00,르끌 포디움 ㄱㄴ???,"얼마만이야 ㅅㅂㅋㅋㅋㅋㅋ
모나코 이후에 첨이지?",54,54.0,"르끌 포디움 ㄱㄴ??? 얼마만이야 ㅅㅂㅋㅋㅋㅋㅋ
모나코 이후에 첨이지?",르끌 포디움 ㄱㄴ??? 얼마만이야 ㅅㅂㅋㅋㅋㅋㅋ 모나코 이후에 첨이지?,0.1349845677614212,0.16406720876693726,0.5733298063278198,0.05786962807178497,0.04030075669288635,0.0294480063021183
2024-08-25 23:11:01,오히려 러셀 따러가나ㅋㅋㅋ,,54,54.0,오히려 러셀 따러가나ㅋㅋㅋ ,오히려 러셀 따러가나ㅋㅋㅋ,0.07309503108263016,0.14082299172878265,0.6397490501403809,0.06889159232378006,0.03080454096198082,0.04663671553134918
2024-08-25 23:11:10,남은시즌내내 이러다 저번에 내준 7포인트로 드챔못먹어도 웃기겠네,ㅋㅋㅋ,54,54.0,남은시즌내내 이러다 저번에 내준 7포인트로 드챔못먹어도 웃기겠네 ㅋㅋㅋ,남은시즌내내 이러다 저번에 내준 7포인트로 드챔못먹어도 웃기겠네 ㅋㅋㅋ,0.20877915620803833,0.25113004446029663,0.2820287048816681,0.12293131649494171,0.06524211168289185,0.06988859921693802
2024-08-25 23:11:16,이거 막스 드챔도 잘못하면 위험하겠는데 ㅋㅋㅋㅋ,69포면 가능할거 같은데?,54,54.0,이거 막스 드챔도 잘못하면 위험하겠는데 ㅋㅋㅋㅋ 69포면 가능할거 같은데?,이거 막스 드챔도 잘못하면 위험하겠는데 ㅋㅋㅋㅋ 69포면 가능할거 같은데?,0.3327981233596802,0.22546067833900452,0.18654438853263855,0.09790311008691788,0.10433673858642578,0.0529569610953331
2024-08-25 23:11:17,난 오늘 재밌는데,그냥 그렇다고 ㅎ;,54,54.0,난 오늘 재밌는데 그냥 그렇다고 ㅎ;,난 오늘 재밌는데 그냥 그렇다고 ㅎ;,0.1583823561668396,0.3561041057109833,0.17013861238956451,0.12160208076238632,0.060243818908929825,0.13352905213832855
2024-08-25 23:11:22,다 아는 내용이지만 케로햄이 언급하면 안되는데,ㄹㅇ,54,54.0,다 아는 내용이지만 케로햄이 언급하면 안되는데 ㄹㅇ,다 아는 내용이지만 케로햄이 언급하면 안되는데 ㄹㅇ,0.18785499036312103,0.34078124165534973,0.07026128470897675,0.15489251911640167,0.08000199496746063,0.166207954287529
2024-08-25 23:11:27,막징징 라디오타임 아니냐,징징하는거 다 컷했냐ㅋㅋ,54,54.0,막징징 라디오타임 아니냐 징징하는거 다 컷했냐ㅋㅋ,막징징 라디오타임 아니냐 징징하는거 다 컷했냐ㅋㅋ,0.2297631800174713,0.28850057721138,0.14814870059490204,0.16765254735946655,0.0942251980304718,0.07170973718166351
2024-08-25 23:11:35,저러면 누리스가 피트해도 추월가능하지 않냐?,몽골 타이어 딸리지 않나,54,54.0,저러면 누리스가 피트해도 추월가능하지 않냐? 몽골 타이어 딸리지 않나,저러면 누리스가 피트해도 추월가능하지 않냐? 몽골 타이어 딸리지 않나,0.35428503155708313,0.239769846200943,0.11534187197685242,0.10884623229503632,0.10390031337738037,0.07785673439502716
2024-08-25 23:11:35,노리스 극적인 드챔 ㅋㅋ,씨발년들아 기대해라 ㅋㅋ,54,54.0,노리스 극적인 드챔 ㅋㅋ 씨발년들아 기대해라 ㅋㅋ,노리스 극적인 드챔 ㅋㅋ 씨발년들아 기대해라 ㅋㅋ,0.10437780618667603,0.13799098134040833,0.5861985683441162,0.08997794985771179,0.040192339569330215,0.04126235470175743
2024-08-25 23:11:38,대인츠 p5 가능?,.,54,54.0,대인츠 p5 가능? .,대인츠 p5 가능? .,0.2707350254058838,0.21993722021579742,0.3000730276107788,0.0825369581580162,0.07221019268035889,0.05450758710503578
2024-08-25 23:11:38,씨발 자우버는 진짜 왜 출전하는 거임?,최하위에서 앞에 있는 놈들이랑 거의 20초 차면 기름 아까우니까 나오지 마라,54,54.0,씨발 자우버는 진짜 왜 출전하는 거임? 최하위에서 앞에 있는 놈들이랑 거의 20초 차면 기름 아까우니까 나오지 마라,씨발 자우버는 진짜 왜 출전하는 거임? 최하위에서 앞에 있는 놈들이랑 거의 20초 차면 기름 아까우니까 나오지 마라,0.1519109457731247,0.1912430077791214,0.09669642150402069,0.30000126361846924,0.049004264175891876,0.21114404499530792
2024-08-25 23:11:48,하필이면 막가 홈에서 끌어내려지네,ㅋㅋㅋㅋ 잔인해라,54,54.0,하필이면 막가 홈에서 끌어내려지네 ㅋㅋㅋㅋ 잔인해라,하필이면 막가 홈에서 끌어내려지네 ㅋㅋㅋㅋ 잔인해라,0.2681826651096344,0.19202443957328796,0.12997658550739288,0.18947145342826843,0.10726471990346909,0.11308015882968903
2024-08-25 23:11:48,몽고 메르가겟네,"레드불차빨다함
메르 선언해라",54,54.0,"몽고 메르가겟네 레드불차빨다함
메르 선언해라",몽고 메르가겟네 레드불차빨다함 메르 선언해라,0.29611480236053467,0.26797741651535034,0.12667502462863922,0.11502303183078766,0.09031611680984497,0.10389357805252075
2024-08-25 23:11:51,자우버 처참하긴 하다 ㅋㅋㅋ,,54,54.0,자우버 처참하긴 하다 ㅋㅋㅋ ,자우버 처참하긴 하다 ㅋㅋㅋ,0.1984643191099167,0.29294896125793457,0.0836239755153656,0.17106202244758606,0.09916523098945618,0.1547354757785797
2024-08-25 23:11:53,지금 이 악물고 포디움원하는 티포시 개추ㅋㅋ,"르끌아 제발!!!!
- dc official App",54,54.0,"지금 이 악물고 포디움원하는 티포시 개추ㅋㅋ 르끌아 제발!!!!
- dc official App",지금 이 악물고 포디움원하는 티포시 개추ㅋㅋ 르끌아 제발!!!!,0.09224795550107956,0.14504452049732208,0.5902882218360901,0.0805039033293724,0.04559812694787979,0.046317264437675476
2024-08-25 23:11:55,피아제놈도 약빨 떨어진듯,"똥차일때는 별 차이가 안났는데
위닝카 태우니까 실력차 확나네",54,54.0,"피아제놈도 약빨 떨어진듯 똥차일때는 별 차이가 안났는데
위닝카 태우니까 실력차 확나네",피아제놈도 약빨 떨어진듯 똥차일때는 별 차이가 안났는데 위닝카 태우니까 실력차 확나네,0.32718145847320557,0.23797127604484558,0.08184674382209778,0.13231225311756134,0.11139233410358429,0.10929591953754425
2024-08-25 23:11:56,저우 소프트로 물탕경 패렙 뺐으러간다,- dc official App,54,54.0,저우 소프트로 물탕경 패렙 뺐으러간다 - dc official App,저우 소프트로 물탕경 패렙 뺐으러간다 - dc official App,0.23567406833171844,0.21127484738826752,0.33847758173942566,0.10906422138214111,0.05251796543598175,0.05299129709601402
2024-08-25 23:11:57,18랩 버텨서 포디움가면 기적이다 르끌..,"모나코 물 다 말렸나..
- dc official App",54,54.0,"18랩 버텨서 포디움가면 기적이다 르끌.. 모나코 물 다 말렸나..
- dc official App",18랩 버텨서 포디움가면 기적이다 르끌.. 모나코 물 다 말렸나..,0.25840747356414795,0.2849723994731903,0.16118685901165009,0.10142561048269272,0.1255308836698532,0.06847676634788513
2024-08-25 23:12:05,사인츠 곧 러셀땀,"시발세데스 잘하는게뭐냐
- dc official App",55,55.0,"사인츠 곧 러셀땀 시발세데스 잘하는게뭐냐
- dc official App",사인츠 곧 러셀땀 시발세데스 잘하는게뭐냐,0.14773574471473694,0.21557050943374634,0.14161209762096405,0.2572735548019409,0.04105861112475395,0.19674953818321228
2024-08-25 23:12:07,홈팬들 앞에서 확킬당하노,"애미 ㅅㅂ
- ORACLE RED BULL RACING RB20",55,55.0,"홈팬들 앞에서 확킬당하노 애미 ㅅㅂ
- ORACLE RED BULL RACING RB20",홈팬들 앞에서 확킬당하노 애미 ㅅㅂ - ORACLE RED BULL RACING RB20,0.1607961505651474,0.182538241147995,0.1068497970700264,0.31492599844932556,0.055386338382959366,0.17950347065925598
2024-08-25 23:12:13,페라리>메르같은데?,뭐지,55,55.0,페라리>메르같은데? 뭐지,페라리>메르같은데? 뭐지,0.33572593331336975,0.22868148982524872,0.17046943306922913,0.11074275523424149,0.0867883712053299,0.06759203970432281
2024-08-25 23:12:14,르끌 저 타이어 끝까지 가져갈 수 있나,투스탑이 정밴가?,55,55.0,르끌 저 타이어 끝까지 가져갈 수 있나 투스탑이 정밴가?,르끌 저 타이어 끝까지 가져갈 수 있나 투스탑이 정밴가?,0.3564046323299408,0.21282769739627838,0.11815475672483444,0.11934490501880646,0.11613943427801132,0.07712855935096741
2024-08-25 23:12:14,노리스 저러다가 패랩 찍는다고,피트인까지 하는거 아님?ㅋㅋㅋㅋㅋㅋㅋㅋㅋㅋ,55,55.0,노리스 저러다가 패랩 찍는다고 피트인까지 하는거 아님?ㅋㅋㅋㅋㅋㅋㅋㅋㅋㅋ,노리스 저러다가 패랩 찍는다고 피트인까지 하는거 아님?ㅋㅋㅋㅋㅋㅋㅋㅋㅋㅋ,0.31941482424736023,0.21445107460021973,0.18925894796848297,0.12684279680252075,0.10374248027801514,0.04628988355398178
2024-08-25 23:12:17,몽골 빡겜모드 들어감?,이새끼 징징거리지도 않는데?,55,55.0,몽골 빡겜모드 들어감? 이새끼 징징거리지도 않는데?,몽골 빡겜모드 들어감? 이새끼 징징거리지도 않는데?,0.288858562707901,0.21338476240634918,0.09121722728013992,0.1870056390762329,0.1291993409395218,0.09033451229333878
2024-08-25 23:12:18,오늘만큼볼 ㅋㅋ,,55,55.0,오늘만큼볼 ㅋㅋ ,오늘만큼볼 ㅋㅋ,0.05699716880917549,0.12064732611179352,0.6962131261825562,0.05880597606301308,0.024624131619930267,0.04271228611469269
2024-08-25 23:12:20,15ㅋㅋㅋㅋㅋ,ㅋㅋㅋㅋㅋㅋ,55,55.0,15ㅋㅋㅋㅋㅋ ㅋㅋㅋㅋㅋㅋ,15ㅋㅋㅋㅋㅋ ㅋㅋㅋㅋㅋㅋ,0.09743846952915192,0.13947993516921997,0.6370936632156372,0.06628982722759247,0.027163885533809662,0.032534159719944
2024-08-25 23:12:27,해설)차빨아니다,,55,55.0,해설)차빨아니다 ,해설)차빨아니다,0.26944661140441895,0.29045313596725464,0.1393936276435852,0.12835584580898285,0.05730333551764488,0.11504745483398438
2024-08-25 23:12:29,15초는 징징거리기도 애매하지,ㅋㅋ,55,55.0,15초는 징징거리기도 애매하지 ㅋㅋ,15초는 징징거리기도 애매하지 ㅋㅋ,0.20607061684131622,0.3322322964668274,0.1841038465499878,0.1265506148338318,0.06836884468793869,0.08267375826835632
2024-08-25 23:12:31,엪서운사실)남은경기 전부 노막 원투여도 막스 드챔,"ㅋㅋㅋ
패랩은 빼고 가정",55,55.0,"엪서운사실)남은경기 전부 노막 원투여도 막스 드챔 ㅋㅋㅋ
패랩은 빼고 가정",엪서운사실)남은경기 전부 노막 원투여도 막스 드챔 ㅋㅋㅋ 패랩은 빼고 가정,0.21700508892536163,0.3154330253601074,0.21472717821598053,0.10586018115282059,0.08838093280792236,0.058593615889549255
2024-08-25 23:12:32,ㄹㅇ 다따라왔노ㅋㅋㅋ사인츠 가자,,55,55.0,ㄹㅇ 다따라왔노ㅋㅋㅋ사인츠 가자 ,ㄹㅇ 다따라왔노ㅋㅋㅋ사인츠 가자,0.0922517254948616,0.1237315684556961,0.6678301692008972,0.049673423171043396,0.035662028938531876,0.030851081013679504
2024-08-25 23:12:34,21 아부다비 사기극인거 깉으면 개추 ㅋㅋ,ㅋㅋ,55,55.0,21 아부다비 사기극인거 깉으면 개추 ㅋㅋ ㅋㅋ,21 아부다비 사기극인거 깉으면 개추 ㅋㅋ ㅋㅋ,0.19981175661087036,0.2021208256483078,0.38976824283599854,0.09561195224523544,0.05458343029022217,0.05810379609465599
2024-08-25 23:12:36,확실히 맥라렌 시대로 바뀌긴 했네 이번에,ㅋㅋ,55,55.0,확실히 맥라렌 시대로 바뀌긴 했네 이번에 ㅋㅋ,확실히 맥라렌 시대로 바뀌긴 했네 이번에 ㅋㅋ,0.2162931114435196,0.22521795332431793,0.35519519448280334,0.08404956758022308,0.07076022028923035,0.0484839528799057
2024-08-25 23:12:36,근데 르끌 피아제 타이어 9랩차인데,잡히긴 할듯,55,55.0,근데 르끌 피아제 타이어 9랩차인데 잡히긴 할듯,근데 르끌 피아제 타이어 9랩차인데 잡히긴 할듯,0.33579468727111816,0.2331235110759735,0.1611236184835434,0.10429351776838303,0.09376843273639679,0.07189620286226273
2024-08-25 23:12:37,짱깨 씨발련아 그따위로 달릴거면 사고라도 내봐,+36먼데,55,55.0,짱깨 씨발련아 그따위로 달릴거면 사고라도 내봐 +36먼데,짱깨 씨발련아 그따위로 달릴거면 사고라도 내봐 +36먼데,0.12573714554309845,0.18168318271636963,0.14179635047912598,0.33424925804138184,0.044249143451452255,0.17228491604328156
2024-08-25 23:12:47,페라리가 다시 좋아졌네,티포시들 희망을 가져라!!,55,55.0,페라리가 다시 좋아졌네 티포시들 희망을 가져라!!,페라리가 다시 좋아졌네 티포시들 희망을 가져라!!,0.10930392146110535,0.16818159818649292,0.5580330491065979,0.06232992187142372,0.050249580293893814,0.05190189182758331
2024-08-25 23:12:49,쥬지 들어가네,,55,55.0,쥬지 들어가네 ,쥬지 들어가네,0.09260208159685135,0.12514962255954742,0.6589304208755493,0.058403752744197845,0.030304748564958572,0.03460933268070221
2024-08-25 23:12:50,막스가 몽골임?,왜 몽골됨 ?,55,55.0,막스가 몽골임? 왜 몽골됨 ?,막스가 몽골임? 왜 몽골됨 ?,0.34667783975601196,0.2285596877336502,0.12303651124238968,0.12987588346004486,0.09286670386791229,0.07898338884115219
2024-08-25 23:12:52,츠노다는 왜 사전트도 못 땀?,,55,55.0,츠노다는 왜 사전트도 못 땀? ,츠노다는 왜 사전트도 못 땀?,0.28810498118400574,0.2894761860370636,0.08568938076496124,0.1394868940114975,0.06999232620000839,0.12725019454956055
2024-08-25 23:13:01,아 ㅅㅂ 이거듣고싶다,"https://www.youtube.com/watch?v=mo6Ydw9x9dE
https://www.youtube.com/watch?v=BSJjNJYbhxc
- ORACLE RED BULL RACING RB20",55,55.0,"아 ㅅㅂ 이거듣고싶다 https://www.youtube.com/watch?v=mo6Ydw9x9dE
https://www.youtube.com/watch?v=BSJjNJYbhxc
- ORACLE RED BULL RACING RB20",아 ㅅㅂ 이거듣고싶다 - ORACLE RED BULL RACING RB20,0.1137692853808403,0.18640482425689697,0.4186452627182007,0.16008150577545166,0.04151103273034096,0.07958817481994629
2024-08-25 23:13:06,르끌 포디움? 사실상 우승이다,"똥라리로 불가능을 가능으로 만든거다
피아스트리, 러셀 대체 뭐하노 ㅋㅋㅋ",55,55.0,"르끌 포디움? 사실상 우승이다 똥라리로 불가능을 가능으로 만든거다
피아스트리, 러셀 대체 뭐하노 ㅋㅋㅋ","르끌 포디움? 사실상 우승이다 똥라리로 불가능을 가능으로 만든거다 피아스트리, 러셀 대체 뭐하노 ㅋㅋㅋ",0.2447257786989212,0.21272622048854828,0.271049439907074,0.11766135692596436,0.10653343796730042,0.047303758561611176
2024-08-25 23:13:07,메르 임마들 은근 더위먹은듯,,55,55.0,메르 임마들 은근 더위먹은듯 ,메르 임마들 은근 더위먹은듯,0.3153541088104248,0.21907438337802887,0.09021981060504913,0.16117149591445923,0.12849991023540497,0.08568026125431061
2024-08-25 23:13:17,타이어 깎기의 신 메르 ㅋㅋ,,55,55.0,타이어 깎기의 신 메르 ㅋㅋ ,타이어 깎기의 신 메르 ㅋㅋ,0.11553231626749039,0.13527487218379974,0.6231197714805603,0.060411371290683746,0.037536729127168655,0.028124883770942688
2024-08-25 23:13:20,야자입갤 ㅋㅋ,,55,55.0,야자입갤 ㅋㅋ ,야자입갤 ㅋㅋ,0.09162336587905884,0.11598395556211472,0.6678708791732788,0.06103656440973282,0.030084585770964622,0.03340071067214012
2024-08-25 23:13:22,쥬지 원스탑 실패 ㄷㄷ,소프트 속도 얼마나 되려나,56,56.0,쥬지 원스탑 실패 ㄷㄷ 소프트 속도 얼마나 되려나,쥬지 원스탑 실패 ㄷㄷ 소프트 속도 얼마나 되려나,0.324523389339447,0.2411348819732666,0.10514459758996964,0.12166932970285416,0.10285206139087677,0.10467570275068283
2024-08-25 23:13:25,퍼쌤 ㅋㅋㅋㅋㅋ,,56,56.0,퍼쌤 ㅋㅋㅋㅋㅋ ,퍼쌤 ㅋㅋㅋㅋㅋ,0.0694701075553894,0.1113632470369339,0.7069274187088013,0.05373826622962952,0.024594448506832123,0.033906497061252594
2024-08-25 23:13:27,인형탈 개귀엽노 ㅋㅋㅋ,ㅋㅋ,56,56.0,인형탈 개귀엽노 ㅋㅋㅋ ㅋㅋ,인형탈 개귀엽노 ㅋㅋㅋ ㅋㅋ,0.11345016211271286,0.15547646582126617,0.5806482434272766,0.07000332325696945,0.0389411561191082,0.04148067906498909
2024-08-25 23:13:29,삼성라이온즈머고,,56,56.0,삼성라이온즈머고 ,삼성라이온즈머고,0.33472615480422974,0.22635653614997864,0.19992521405220032,0.10269583016633987,0.07100825011730194,0.06528806686401367
2024-08-25 23:13:31,사자 왔노 ㅋㅋ,,56,56.0,사자 왔노 ㅋㅋ ,사자 왔노 ㅋㅋ,0.09341791272163391,0.12691888213157654,0.6671672463417053,0.05029915273189545,0.031080491840839386,0.03111632540822029
2024-08-25 23:13:32,러셀 3랩 중고 소프트 입갤,- dc official App,56,56.0,러셀 3랩 중고 소프트 입갤 - dc official App,러셀 3랩 중고 소프트 입갤 - dc official App,0.19758497178554535,0.19220447540283203,0.4361923038959503,0.08969483524560928,0.03578677773475647,0.048536647111177444
2024-08-25 23:13:34,내가 막가놈을 응원하는날이 오다니,,56,56.0,내가 막가놈을 응원하는날이 오다니 ,내가 막가놈을 응원하는날이 오다니,0.25540998578071594,0.18812218308448792,0.08508982509374619,0.2302771806716919,0.10475438833236694,0.13634639978408813
2024-08-25 23:13:33,사자 입갤 ㅋㅋㅋㅋㅋ,- dc official App,56,56.0,사자 입갤 ㅋㅋㅋㅋㅋ - dc official App,사자 입갤 ㅋㅋㅋㅋㅋ - dc official App,0.07990077883005142,0.11042304337024689,0.6961731910705566,0.05792732536792755,0.024999255314469337,0.03057638555765152
2024-08-25 23:13:33,인형 뭐노,,56,56.0,인형 뭐노 ,인형 뭐노,0.2889847159385681,0.2385404109954834,0.25748440623283386,0.08169405162334442,0.08447705209255219,0.048819370567798615
2024-08-25 23:13:36,가라고!!,,56,56.0,가라고!! ,가라고!!,0.1446942538022995,0.24279536306858063,0.21421097218990326,0.23551683127880096,0.04875575006008148,0.11402685195207596
2024-08-25 23:13:37,좆자 뭐노 ㅋㅋ,,56,56.0,좆자 뭐노 ㅋㅋ ,좆자 뭐노 ㅋㅋ,0.31911176443099976,0.2632077634334564,0.15852175652980804,0.10604765266180038,0.08618346601724625,0.06692755222320557
2024-08-25 23:13:38,ㄱㄹㄱ!!!!,"근데 가고싶다고오
- ORACLE RED BULL RACING RB20",56,56.0,"ㄱㄹㄱ!!!! 근데 가고싶다고오
- ORACLE RED BULL RACING RB20",ㄱㄹㄱ!!!! 근데 가고싶다고오 - ORACLE RED BULL RACING RB20,0.08181054890155792,0.13471750915050507,0.6350638270378113,0.07185737043619156,0.03340787813067436,0.04314286634325981
2024-08-25 23:13:44,노리스랑 막스 둘다 피트인 한번더 하겠지?,둘다 타이어 지금부터 16렙은 못버틸거 같은데,56,56.0,노리스랑 막스 둘다 피트인 한번더 하겠지? 둘다 타이어 지금부터 16렙은 못버틸거 같은데,노리스랑 막스 둘다 피트인 한번더 하겠지? 둘다 타이어 지금부터 16렙은 못버틸거 같은데,0.3308126926422119,0.22516243159770966,0.1681334376335144,0.0938335731625557,0.11524766683578491,0.06681021302938461
2024-08-25 23:13:48,관유 핏스탑 몇초임??,"ㅇㅇ
- dc official App",56,56.0,"관유 핏스탑 몇초임?? ㅇㅇ
- dc official App",관유 핏스탑 몇초임?? ㅇㅇ,0.3196606934070587,0.2306055724620819,0.217906653881073,0.09088964015245438,0.08045297861099243,0.06048451364040375
2024-08-25 23:13:51,솔직히 막판에 맥라렌이 드챔도 먹을것 같지 않노,스프린트랑 짜잘짜잘한거 합하면  아부다비 전에 역전도 가능하지 않냐,56,56.0,솔직히 막판에 맥라렌이 드챔도 먹을것 같지 않노 스프린트랑 짜잘짜잘한거 합하면  아부다비 전에 역전도 가능하지 않냐,솔직히 막판에 맥라렌이 드챔도 먹을것 같지 않노 스프린트랑 짜잘짜잘한거 합하면 아부다비 전에 역전도 가능하지 않냐,0.3224884271621704,0.2660277485847473,0.11111320555210114,0.11032621562480927,0.09491222351789474,0.09513219445943832
2024-08-25 23:13:51,지금 개좆노잼인 이유.txt,^그건 니가^,56,56.0,지금 개좆노잼인 이유.txt ^그건 니가^,지금 개좆노잼인 이유.txt ^그건 니가^,0.15378879010677338,0.2737775146961212,0.11128823459148407,0.21267037093639374,0.08252499252557755,0.16595007479190826
2024-08-25 23:13:53,타깎노 멸망 ㅋㅋ,ㅋㅋ,56,56.0,타깎노 멸망 ㅋㅋ ㅋㅋ,타깎노 멸망 ㅋㅋ ㅋㅋ,0.12357687205076218,0.17318274080753326,0.4803750514984131,0.131768599152565,0.03837401792407036,0.052722737193107605
2024-08-25 23:13:56,막스도 크루?징 하는거 아니냐,- dc official App,56,56.0,막스도 크루?징 하는거 아니냐 - dc official App,막스도 크루?징 하는거 아니냐 - dc official App,0.31720221042633057,0.2369125336408615,0.11487683653831482,0.1224132552742958,0.13252116739749908,0.07607395946979523
2024-08-25 23:14:03,노리스 크루징에 잠오는 날이 올줄이야 ㅋㅋㅋㅋ,오래 살고 볼 일 ㅋㅋㅋㅋ,56,56.0,노리스 크루징에 잠오는 날이 올줄이야 ㅋㅋㅋㅋ 오래 살고 볼 일 ㅋㅋㅋㅋ,노리스 크루징에 잠오는 날이 올줄이야 ㅋㅋㅋㅋ 오래 살고 볼 일 ㅋㅋㅋㅋ,0.10520773380994797,0.15135709941387177,0.6002469062805176,0.06810442358255386,0.03372092545032501,0.04136292636394501
2024-08-25 23:14:05,제발 셒카 한번 띄워주세요,사멘,56,56.0,제발 셒카 한번 띄워주세요 사멘,제발 셒카 한번 띄워주세요 사멘,0.10552825033664703,0.1598251909017563,0.5609337091445923,0.07296827435493469,0.042440157383680344,0.05830441415309906
2024-08-25 23:14:15,그러고보니 윌리엄스는 다시 병신됐네,치팅때는 좋았는데,56,56.0,그러고보니 윌리엄스는 다시 병신됐네 치팅때는 좋았는데,그러고보니 윌리엄스는 다시 병신됐네 치팅때는 좋았는데,0.1704055219888687,0.35196453332901,0.09848286211490631,0.13428746163845062,0.0773250088095665,0.16753451526165009
2024-08-25 23:14:17,사인스가 피아제를 압박해서 르끌 포디움 올라간다면?,대라리,56,56.0,사인스가 피아제를 압박해서 르끌 포디움 올라간다면? 대라리,사인스가 피아제를 압박해서 르끌 포디움 올라간다면? 대라리,0.35155025124549866,0.2044169157743454,0.18171140551567078,0.10613536089658737,0.10161594301462173,0.054570119827985764
2024-08-25 23:14:19,르끌 못버티겟네,"몽골이랑 다시 벌어지네
- dc official App",56,56.0,"르끌 못버티겟네 몽골이랑 다시 벌어지네
- dc official App",르끌 못버티겟네 몽골이랑 다시 벌어지네,0.18082547187805176,0.30015331506729126,0.08440598845481873,0.14152292907238007,0.08419302105903625,0.20889928936958313
2024-08-25 23:14:21,좆밥대전 말고는 무난무난하네,누리스도 크루징만 하고...,56,56.0,좆밥대전 말고는 무난무난하네 누리스도 크루징만 하고...,좆밥대전 말고는 무난무난하네 누리스도 크루징만 하고...,0.1503395140171051,0.305585116147995,0.1781059056520462,0.1431863009929657,0.06175529584288597,0.16102781891822815
2024-08-25 23:14:21,르끌 포디움 가냐?,"ㅈㅂ
- dc official App",56,56.0,"르끌 포디움 가냐? ㅈㅂ
- dc official App",르끌 포디움 가냐? ㅈㅂ,0.1490233987569809,0.2678305506706238,0.11708924174308777,0.18772219121456146,0.07034490257501602,0.20798970758914948
2024-08-25 23:14:24,레드플래그를 내놔,내년 시트 나가리 확정인 놈이 ㄱㄱ,56,56.0,레드플래그를 내놔 내년 시트 나가리 확정인 놈이 ㄱㄱ,레드플래그를 내놔 내년 시트 나가리 확정인 놈이 ㄱㄱ,0.26356643438339233,0.22959093749523163,0.08817350119352341,0.2148800641298294,0.06411197036504745,0.13967710733413696
2024-08-25 23:14:34,피아제 포디움 ㄱㄱㄱ,,56,56.0,피아제 포디움 ㄱㄱㄱ ,피아제 포디움 ㄱㄱㄱ,0.09059274941682816,0.11704372614622116,0.657557487487793,0.06744902580976486,0.027585886418819427,0.039771076291799545
2024-08-25 23:14:43,피아제 다시 슬슬 붙네,타이어 8랩 차이인가?,57,57.0,피아제 다시 슬슬 붙네 타이어 8랩 차이인가?,피아제 다시 슬슬 붙네 타이어 8랩 차이인가?,0.35774996876716614,0.2199743539094925,0.10034558176994324,0.12466447055339813,0.11371248960494995,0.08355310559272766
2024-08-25 23:14:48,몽골 <<< 그냥 베텔2호임,"뉴이차 아니면 챔 못따는 전형적인 '뉴이빨' 좆거품
잘하는 팀메랑 경쟁해서 제대로 이기지도 못했고 뉴이차 못타니까 귀신같이 무승 행진",57,57.0,"몽골 <<< 그냥 베텔2호임 뉴이차 아니면 챔 못따는 전형적인 '뉴이빨' 좆거품
잘하는 팀메랑 경쟁해서 제대로 이기지도 못했고 뉴이차 못타니까 귀신같이 무승 행진",몽골 <<< 그냥 베텔2호임 뉴이차 아니면 챔 못따는 전형적인 '뉴이빨' 좆거품 잘하는 팀메랑 경쟁해서 제대로 이기지도 못했고 뉴이차 못타니까 귀신같이 무승 행진,0.24728956818580627,0.20052219927310944,0.07181954383850098,0.25014448165893555,0.07715265452861786,0.1530715972185135
2024-08-25 23:14:53,이 악물고 1위 크루징 노잼프레임 씌우는 몽골견들 ㅋㅋ,느그 좆몽골이 작년엔 더 심했다,57,57.0,이 악물고 1위 크루징 노잼프레임 씌우는 몽골견들 ㅋㅋ 느그 좆몽골이 작년엔 더 심했다,이 악물고 1위 크루징 노잼프레임 씌우는 몽골견들 ㅋㅋ 느그 좆몽골이 작년엔 더 심했다,0.21966542303562164,0.1892804652452469,0.09796160459518433,0.28132495284080505,0.07988008111715317,0.1318875104188919
2024-08-25 23:14:53,온몸비틀기 ㅋㅋㅋㅋㅋㅋㅋㅋㅋㅋㅋㅋㅋㅋ,ㅋㅋㅋㅋ,57,57.0,온몸비틀기 ㅋㅋㅋㅋㅋㅋㅋㅋㅋㅋㅋㅋㅋㅋ ㅋㅋㅋㅋ,온몸비틀기 ㅋㅋㅋㅋㅋㅋㅋㅋㅋㅋㅋㅋㅋㅋ ㅋㅋㅋㅋ,0.11422956734895706,0.1897241324186325,0.5114406943321228,0.10153111815452576,0.0372898131608963,0.045784641057252884
2024-08-25 23:14:56,온몸비틀기 ㅋㅋ,,57,57.0,온몸비틀기 ㅋㅋ ,온몸비틀기 ㅋㅋ,0.1387871652841568,0.251339852809906,0.33837443590164185,0.14890152215957642,0.05227445065975189,0.07032258063554764
2024-08-25 23:14:57,맥라렌과 크루징이 같이 나올 수 있는 단어들이었냐,진짜 천지가 개벽할 일이노 ㅋㅋㅋ,57,57.0,맥라렌과 크루징이 같이 나올 수 있는 단어들이었냐 진짜 천지가 개벽할 일이노 ㅋㅋㅋ,맥라렌과 크루징이 같이 나올 수 있는 단어들이었냐 진짜 천지가 개벽할 일이노 ㅋㅋㅋ,0.31389471888542175,0.21248197555541992,0.10390019416809082,0.16397802531719208,0.13749893009662628,0.06824608892202377
2024-08-25 23:15:00,온몸비틀기 ㅋㅋㅋㅋ,- dc official App,57,57.0,온몸비틀기 ㅋㅋㅋㅋ - dc official App,온몸비틀기 ㅋㅋㅋㅋ - dc official App,0.1156390830874443,0.17044822871685028,0.532305896282196,0.09851944446563721,0.03654247894883156,0.04654490575194359
2024-08-25 23:15:00,르끌 ㅈㅂ,"포디움좀
- dc official App",57,57.0,"르끌 ㅈㅂ 포디움좀
- dc official App",르끌 ㅈㅂ 포디움좀,0.12604111433029175,0.26671305298805237,0.16648150980472565,0.17055782675743103,0.064080610871315,0.2061259150505066
2024-08-25 23:15:02,GIVE ME THIS,- ORACLE RED BULL RACING RB20,57,57.0,GIVE ME THIS - ORACLE RED BULL RACING RB20,GIVE ME THIS - ORACLE RED BULL RACING RB20,0.1674572080373764,0.18664801120758057,0.4567354917526245,0.10522757470607758,0.03307555243372917,0.05085618421435356
2024-08-25 23:15:06,방금 켰는데 15초 차이 이유가 뭔가요??,"걍 막스는 노말하게 탔는데
노리스가 기깔나게 빠른건가요?",57,57.0,"방금 켰는데 15초 차이 이유가 뭔가요?? 걍 막스는 노말하게 탔는데
노리스가 기깔나게 빠른건가요?",방금 켰는데 15초 차이 이유가 뭔가요?? 걍 막스는 노말하게 탔는데 노리스가 기깔나게 빠른건가요?,0.30949756503105164,0.264545202255249,0.1178191676735878,0.1285465955734253,0.09369812905788422,0.08589334040880203
2024-08-25 23:15:06,어어 왜 줄어드노,아,57,57.0,어어 왜 줄어드노 아,어어 왜 줄어드노 아,0.16126802563667297,0.30198636651039124,0.10655622184276581,0.15981723368167877,0.06786181032657623,0.2025102972984314
2024-08-25 23:15:06,어어 피아제 점마 점점 가까워진다?,가냐?,57,57.0,어어 피아제 점마 점점 가까워진다? 가냐?,어어 피아제 점마 점점 가까워진다? 가냐?,0.3303478956222534,0.20909066498279572,0.1743994951248169,0.1047523096203804,0.125239297747612,0.05617031827569008
2024-08-25 23:15:06,잠수중지!!,,57,57.0,잠수중지!! ,잠수중지!!,0.19996102154254913,0.3076048493385315,0.17164503037929535,0.12787945568561554,0.076561339199543,0.11634824424982071
2024-08-25 23:15:07,맥라렌은 도대체 뭘 했길래 성능이 저렇게 떡상한거냐,미쳤네 진짜,57,57.0,맥라렌은 도대체 뭘 했길래 성능이 저렇게 떡상한거냐 미쳤네 진짜,맥라렌은 도대체 뭘 했길래 성능이 저렇게 떡상한거냐 미쳤네 진짜,0.3105611503124237,0.18846409022808075,0.10969895869493484,0.17740638554096222,0.1337793469429016,0.08009007573127747
2024-08-25 23:15:10,ㅅㅂㅋㅎㅋㅎㅋㅎㅋㅎㅋ 그저 페라리 그 자체,"대 르 끌
- dc official App",57,57.0,"ㅅㅂㅋㅎㅋㅎㅋㅎㅋㅎㅋ 그저 페라리 그 자체 대 르 끌
- dc official App",ㅅㅂㅋㅎㅋㅎㅋㅎㅋㅎㅋ 그저 페라리 그 자체 대 르 끌,0.10868985950946808,0.2698132395744324,0.22193753719329834,0.22858546674251556,0.05470069870352745,0.11627320200204849
2024-08-25 23:15:10,온몸비틀기 ㅋㅋㅋㅋㅋㅋㅋ,르끌레르 화려한 똥꼬쇼 ㅋㅋㅋㅋㅋㅋ,57,57.0,온몸비틀기 ㅋㅋㅋㅋㅋㅋㅋ 르끌레르 화려한 똥꼬쇼 ㅋㅋㅋㅋㅋㅋ,온몸비틀기 ㅋㅋㅋㅋㅋㅋㅋ 르끌레르 화려한 똥꼬쇼 ㅋㅋㅋㅋㅋㅋ,0.1106613352894783,0.17552700638771057,0.5310163497924805,0.10575989633798599,0.03264118358492851,0.04439423233270645
2024-08-25 23:15:14,피아가 퍼스트라 했던 놈들 나와라,- dc official App,57,57.0,피아가 퍼스트라 했던 놈들 나와라 - dc official App,피아가 퍼스트라 했던 놈들 나와라 - dc official App,0.2559521794319153,0.19232426583766937,0.169635608792305,0.21879105269908905,0.05835600569844246,0.10494092851877213
2024-08-25 23:15:17,오늘 자우버 본적 있음?,핏스탑 실수도 안 해서 본 기억이 없는데,57,57.0,오늘 자우버 본적 있음? 핏스탑 실수도 안 해서 본 기억이 없는데,오늘 자우버 본적 있음? 핏스탑 실수도 안 해서 본 기억이 없는데,0.3282853364944458,0.24515435099601746,0.15734826028347015,0.10075708478689194,0.10710678994655609,0.061348192393779755
2024-08-25 23:15:17,르끌 잘한다,,57,57.0,르끌 잘한다 ,르끌 잘한다,0.06814718246459961,0.11446254700422287,0.6975306868553162,0.05098174512386322,0.028565045446157455,0.04031284525990486
2024-08-25 23:15:19,"""버텨""",개머싯노,57,57.0,"""버텨"" 개머싯노","""버텨"" 개머싯노",0.14520800113677979,0.17880253493785858,0.4850250482559204,0.07340756803750992,0.06881735473871231,0.048739492893218994
2024-08-25 23:15:21,피아스트리 이새끼 합성인간 아님?,존나 차분하네,57,57.0,피아스트리 이새끼 합성인간 아님? 존나 차분하네,피아스트리 이새끼 합성인간 아님? 존나 차분하네,0.3543509542942047,0.19051866233348846,0.13383528590202332,0.14959824085235596,0.11804363876581192,0.05365319922566414
2024-08-25 23:15:21,퀄리 q3 진심모드 0.3초갭 내버린 체급차야 이게ㅋㅋㅋ,"노황ㅋㅋㅋ
- dc official App",57,57.0,"퀄리 q3 진심모드 0.3초갭 내버린 체급차야 이게ㅋㅋㅋ 노황ㅋㅋㅋ
- dc official App",퀄리 q3 진심모드 0.3초갭 내버린 체급차야 이게ㅋㅋㅋ 노황ㅋㅋㅋ,0.23472197353839874,0.2701568901538849,0.07506264001131058,0.18827028572559357,0.10691727697849274,0.12487095594406128
2024-08-25 23:15:21,이건 ㄹㅇ 씹맞말이네,"https://m.dcinside.com/board/formula1/725903
몽골견 대화패턴…..txt
- F1 마이너 갤러리
메르강점기때: 저 엠흑새끼 메르차빨받아서 7챔먹은건데??차빨 없었으면 ㅈ도아닌 거품새끼가 해밀턴인데??레드불강점기때: 애초에 차빨챔이라는 단어 자체가 웃긴거 아님?원래 F1이 차빨 겨루는 경기잖아??드라이버도 결국 부
m.dcinside.com
몽골견들 내로남불 ㅋㅋㅋㅋ",57,57.0,"이건 ㄹㅇ 씹맞말이네 https://m.dcinside.com/board/formula1/725903
몽골견 대화패턴…..txt
- F1 마이너 갤러리
메르강점기때: 저 엠흑새끼 메르차빨받아서 7챔먹은건데??차빨 없었으면 ㅈ도아닌 거품새끼가 해밀턴인데??레드불강점기때: 애초에 차빨챔이라는 단어 자체가 웃긴거 아님?원래 F1이 차빨 겨루는 경기잖아??드라이버도 결국 부
m.dcinside.com
몽골견들 내로남불 ㅋㅋㅋㅋ",이건 ㄹㅇ 씹맞말이네 몽골견 대화패턴…..txt - F1 마이너 갤러리 메르강점기때: 저 엠흑새끼 메르차빨받아서 7챔먹은건데??차빨 없었으면 ㅈ도아닌 거품새끼가 해밀턴인데??레드불강점기때: 애초에 차빨챔이라는 단어 자체가 웃긴거 아님?원래 F1이 차빨 겨루는 경기잖아??드라이버도 결국 부 m.dcinside.com 몽골견들 내로남불 ㅋㅋㅋㅋ,0.25004681944847107,0.17773860692977905,0.08234141021966934,0.2682623565196991,0.0816831961274147,0.13992756605148315
2024-08-25 23:15:22,시발 15랩만 버텨봐 르끌아,ㅋㅋㅋㅋㅋㅋㅋㅋ,57,57.0,시발 15랩만 버텨봐 르끌아 ㅋㅋㅋㅋㅋㅋㅋㅋ,시발 15랩만 버텨봐 르끌아 ㅋㅋㅋㅋㅋㅋㅋㅋ,0.13227765262126923,0.23018500208854675,0.13091318309307098,0.2771470546722412,0.07764292508363724,0.1518341451883316
2024-08-25 23:15:27,하드 타이어 9랩 차인데 막판에 뒤집혀지지 않으려나,타이어 상태도 나쁘지 않다고 하면,57,57.0,하드 타이어 9랩 차인데 막판에 뒤집혀지지 않으려나 타이어 상태도 나쁘지 않다고 하면,하드 타이어 9랩 차인데 막판에 뒤집혀지지 않으려나 타이어 상태도 나쁘지 않다고 하면,0.3245074450969696,0.23568303883075714,0.16401170194149017,0.10255289077758789,0.08300953358411789,0.09023535996675491
2024-08-25 23:15:28,아이스맨 ㅋㅋㅋㅋ,,57,57.0,아이스맨 ㅋㅋㅋㅋ ,아이스맨 ㅋㅋㅋㅋ,0.06271680444478989,0.10934317857027054,0.713094174861908,0.05492274835705757,0.02351834438741207,0.03640476241707802
2024-08-25 23:15:33,나이를 절반정도 속여ㅋㅋㅋㅋ,ㅋㅋㅋ,57,57.0,나이를 절반정도 속여ㅋㅋㅋㅋ ㅋㅋㅋ,나이를 절반정도 속여ㅋㅋㅋㅋ ㅋㅋㅋ,0.22485744953155518,0.2604081332683563,0.14805667102336884,0.1876034140586853,0.10293097048997879,0.07614333927631378
2024-08-25 23:15:36,피아제는 묵묵히 해야 할 말만 하는게 호감임,,57,57.0,피아제는 묵묵히 해야 할 말만 하는게 호감임 ,피아제는 묵묵히 해야 할 말만 하는게 호감임,0.23956450819969177,0.22127927839756012,0.23309823870658875,0.09345594048500061,0.132578045129776,0.08002403378486633
2024-08-25 23:15:39,막스 홈에서 쪽당하네,"우승할수있큰 홈에서 이리 발리다니...
막스 운전하면서 울었을듯",57,57.0,"막스 홈에서 쪽당하네 우승할수있큰 홈에서 이리 발리다니...
막스 운전하면서 울었을듯",막스 홈에서 쪽당하네 우승할수있큰 홈에서 이리 발리다니... 막스 운전하면서 울었을듯,0.27131202816963196,0.2379479855298996,0.10632852464914322,0.14067067205905914,0.1147942915558815,0.12894651293754578
2024-08-25 23:15:45,"""스탑하는 거에요?""","""버텨""",57,57.0,"""스탑하는 거에요?"" ""버텨""","""스탑하는 거에요?"" ""버텨""",0.2773096561431885,0.25867295265197754,0.1626998633146286,0.09578906744718552,0.10354877263307571,0.10197969526052475
2024-08-25 23:15:48,본인이 르끌맘이랑 연합중인 몽골견이면 개추ㅋㅋ,"ㅅㅂ 우주방어 ""해줘""
- ORACLE RED BULL RACING RB20",57,57.0,"본인이 르끌맘이랑 연합중인 몽골견이면 개추ㅋㅋ ㅅㅂ 우주방어 ""해줘""
- ORACLE RED BULL RACING RB20","본인이 르끌맘이랑 연합중인 몽골견이면 개추ㅋㅋ ㅅㅂ 우주방어 ""해줘"" - ORACLE RED BULL RACING RB20",0.16640222072601318,0.19121620059013367,0.19296692311763763,0.2667395770549774,0.08142135292291641,0.10125371813774109
2024-08-25 23:16:00,오늘 메르 전략 역대급 재앙인데,"병신들 뭐함?
마이걸",58,58.0,"오늘 메르 전략 역대급 재앙인데 병신들 뭐함?
마이걸",오늘 메르 전략 역대급 재앙인데 병신들 뭐함? 마이걸,0.2700611352920532,0.18664321303367615,0.08627905696630478,0.20938661694526672,0.11264412850141525,0.13498586416244507
2024-08-25 23:16:03,오늘의 승자: 페라리 병신: 메르,"맥라렌은 원투 했어야했고 사인지도 q2딱에서 5등 ㄷㄷㄷ 최소 4.5등으로 끝날거같은데
메르는뭐하노 ㅋㅋㅋ",58,58.0,"오늘의 승자: 페라리 병신: 메르 맥라렌은 원투 했어야했고 사인지도 q2딱에서 5등 ㄷㄷㄷ 최소 4.5등으로 끝날거같은데
메르는뭐하노 ㅋㅋㅋ",오늘의 승자: 페라리 병신: 메르 맥라렌은 원투 했어야했고 사인지도 q2딱에서 5등 ㄷㄷㄷ 최소 4.5등으로 끝날거같은데 메르는뭐하노 ㅋㅋㅋ,0.2753262519836426,0.25968825817108154,0.10107865929603577,0.15734528005123138,0.13213473558425903,0.07442678511142731
2024-08-25 23:16:04,Bwoah를 뒤이을 Oscar,,58,58.0,Bwoah를 뒤이을 Oscar ,Bwoah를 뒤이을 Oscar,0.13756752014160156,0.16820409893989563,0.5403978228569031,0.07615061849355698,0.0383492037653923,0.03933073580265045
2024-08-25 23:16:07,러셀은 핏스탑 실패때문에 몇위를 잃은거냐 ㅋㅋㅋㅋㅋㅋㅋ,ㅋㅋㅋㅋㅋㅋㅋㅋㅋ,58,58.0,러셀은 핏스탑 실패때문에 몇위를 잃은거냐 ㅋㅋㅋㅋㅋㅋㅋ ㅋㅋㅋㅋㅋㅋㅋㅋㅋ,러셀은 핏스탑 실패때문에 몇위를 잃은거냐 ㅋㅋㅋㅋㅋㅋㅋ ㅋㅋㅋㅋㅋㅋㅋㅋㅋ,0.2150678038597107,0.32677751779556274,0.13529616594314575,0.13544732332229614,0.11459619551897049,0.0728149488568306
2024-08-25 23:16:09,르끌 포디움 가능하다,지금 전 모나코의 신 세나 영접모드다,58,58.0,르끌 포디움 가능하다 지금 전 모나코의 신 세나 영접모드다,르끌 포디움 가능하다 지금 전 모나코의 신 세나 영접모드다,0.08091501146554947,0.1207783967256546,0.662066638469696,0.06426471471786499,0.033057380467653275,0.038917817175388336
2024-08-25 23:16:10,라디오 하나는 놀랍도록 차가운놈 ㅋㅋ,,58,58.0,라디오 하나는 놀랍도록 차가운놈 ㅋㅋ ,라디오 하나는 놀랍도록 차가운놈 ㅋㅋ,0.266139954328537,0.24533116817474365,0.17298899590969086,0.12502484023571014,0.13090835511684418,0.059606682509183884
2024-08-25 23:16:19,막스조롱갤됨,ㅋㅋㅋㅋ 몽골견업보,58,58.0,막스조롱갤됨 ㅋㅋㅋㅋ 몽골견업보,막스조롱갤됨 ㅋㅋㅋㅋ 몽골견업보,0.1416683942079544,0.25157293677330017,0.17956802248954773,0.23455694317817688,0.06801167875528336,0.12462206929922104
2024-08-25 23:16:20,에휴 시팔 당장 저 멕라렌에 노란 헬멧 물탕을 태워라,막스랑 치고박고 싸우란 말이다,58,58.0,에휴 시팔 당장 저 멕라렌에 노란 헬멧 물탕을 태워라 막스랑 치고박고 싸우란 말이다,에휴 시팔 당장 저 멕라렌에 노란 헬멧 물탕을 태워라 막스랑 치고박고 싸우란 말이다,0.12495710700750351,0.15734273195266724,0.15211349725723267,0.33976686000823975,0.044678762555122375,0.18114103376865387
2024-08-25 23:16:23,노리스 우승,"가능한가요 슬슬 보이는데….
- dc official App",58,58.0,"노리스 우승 가능한가요 슬슬 보이는데….
- dc official App",노리스 우승 가능한가요 슬슬 보이는데….,0.28208887577056885,0.2501369118690491,0.20793621242046356,0.08683433383703232,0.09894208610057831,0.07406158745288849
2024-08-25 23:16:31,르끌 얘는 지금 맥라렌 탔으면 드챔임,반박시 노리스맘,58,58.0,르끌 얘는 지금 맥라렌 탔으면 드챔임 반박시 노리스맘,르끌 얘는 지금 맥라렌 탔으면 드챔임 반박시 노리스맘,0.2788146734237671,0.29205769300460815,0.10891639441251755,0.1195112094283104,0.10998065769672394,0.09071938693523407
2024-08-25 23:16:38,저우 소프트 개느림 ㄱㅋㅋㅋ,- dc official App,58,58.0,저우 소프트 개느림 ㄱㅋㅋㅋ - dc official App,저우 소프트 개느림 ㄱㅋㅋㅋ - dc official App,0.23128217458724976,0.27895230054855347,0.16536550223827362,0.16320593655109406,0.05144984647631645,0.10974425822496414
2024-08-25 23:16:43,몽골도 차빨 사라지니까 끝이네,"레전드들 실력이랑 비교는 못할 듯
딱 르끌정도",58,58.0,"몽골도 차빨 사라지니까 끝이네 레전드들 실력이랑 비교는 못할 듯
딱 르끌정도",몽골도 차빨 사라지니까 끝이네 레전드들 실력이랑 비교는 못할 듯 딱 르끌정도,0.29885199666023254,0.2833300828933716,0.08504461497068405,0.12578296661376953,0.10874807089567184,0.09824219346046448
2024-08-25 23:16:49,보타스는 자전거탐?,뭔데,58,58.0,보타스는 자전거탐? 뭔데,보타스는 자전거탐? 뭔데,0.35203397274017334,0.2185543030500412,0.16309046745300293,0.11363495886325836,0.08958414196968079,0.06310209631919861
2024-08-25 23:16:50,체코 6위?,홈이라 선방,58,58.0,체코 6위? 홈이라 선방,체코 6위? 홈이라 선방,0.2891187369823456,0.2632599174976349,0.20245006680488586,0.1093505471944809,0.07751844078302383,0.058302316814661026
2024-08-25 23:16:50,호감대결) 막스 개추 누리스 비추,난 메르견인데도 개추누르는데 너넨 ㅇㄸ,58,58.0,호감대결) 막스 개추 누리스 비추 난 메르견인데도 개추누르는데 너넨 ㅇㄸ,호감대결) 막스 개추 누리스 비추 난 메르견인데도 개추누르는데 너넨 ㅇㄸ,0.1697043627500534,0.3342711627483368,0.11851918697357178,0.16700169444084167,0.09357110410928726,0.1169324740767479
2024-08-25 23:16:51,자우버 그냥 더블 세이프티카 소환하고 퇴근해라,좆노잼이노,58,58.0,자우버 그냥 더블 세이프티카 소환하고 퇴근해라 좆노잼이노,자우버 그냥 더블 세이프티카 소환하고 퇴근해라 좆노잼이노,0.15254376828670502,0.3073796033859253,0.11695588380098343,0.19977910816669464,0.055311523377895355,0.16803012788295746
2024-08-25 23:16:54,dod 투표,"어플에서 못하낭??
- dc official App",58,58.0,"dod 투표 어플에서 못하낭??
- dc official App",dod 투표 어플에서 못하낭??,0.30808138847351074,0.2527279555797577,0.1682415008544922,0.09783697873353958,0.08586304634809494,0.08724916726350784
2024-08-25 23:17:07,페레즈 윌한테 따이는 그림 나올수도,,58,58.0,페레즈 윌한테 따이는 그림 나올수도 ,페레즈 윌한테 따이는 그림 나올수도,0.36356398463249207,0.20605283975601196,0.1160181313753128,0.12296530604362488,0.11939701437950134,0.07200269401073456
2024-08-25 23:17:09,16초 직전 ㅋㅋ,,59,59.0,16초 직전 ㅋㅋ ,16초 직전 ㅋㅋ,0.09983035922050476,0.13311921060085297,0.6417385935783386,0.06020874157547951,0.03156633675098419,0.03353683277964592
2024-08-25 23:17:09,알본보다 느린 체코,,59,59.0,알본보다 느린 체코 ,알본보다 느린 체코,0.29992473125457764,0.2891228199005127,0.09643328189849854,0.13018573820590973,0.07520174235105515,0.10913169384002686
2024-08-25 23:17:10,어어 피아제 달린다,포디움 살려만다오,59,59.0,어어 피아제 달린다 포디움 살려만다오,어어 피아제 달린다 포디움 살려만다오,0.11786233633756638,0.219957634806633,0.31985124945640564,0.1549680531024933,0.055222101509571075,0.13213862478733063
2024-08-25 23:17:11,몽골아,"같은 빨강팀인데 페라리 가서 증명해라
- ORACLE RED BULL RACING RB20",59,59.0,"몽골아 같은 빨강팀인데 페라리 가서 증명해라
- ORACLE RED BULL RACING RB20",몽골아 같은 빨강팀인데 페라리 가서 증명해라 - ORACLE RED BULL RACING RB20,0.33387717604637146,0.23046863079071045,0.16988788545131683,0.11581068485975266,0.09058827906847,0.05936737358570099
2024-08-25 23:17:24,슬슬 셒카뜰때가됐는데…:,한명 빙글돌시간인데..:,59,59.0,슬슬 셒카뜰때가됐는데…: 한명 빙글돌시간인데..:,슬슬 셒카뜰때가됐는데…: 한명 빙글돌시간인데..:,0.14643745124340057,0.34320417046546936,0.20708149671554565,0.11188874393701553,0.06895380467176437,0.1224343404173851
2024-08-25 23:17:25,방금틀었는데,막스 왜이리 밀리고있노???,59,59.0,방금틀었는데 막스 왜이리 밀리고있노???,방금틀었는데 막스 왜이리 밀리고있노???,0.24955298006534576,0.304595410823822,0.0929332971572876,0.14505919814109802,0.08532743901014328,0.1225317120552063
2024-08-25 23:17:25,물탕이 왜 벌어짐?,?,59,59.0,물탕이 왜 벌어짐? ?,물탕이 왜 벌어짐? ?,0.34682753682136536,0.21754443645477295,0.13587278127670288,0.13344262540340424,0.09089302271604538,0.07541955262422562
2024-08-25 23:17:31,아니 근데 그 와중에 병장님 15 어떻게 한거냐,"뭔일이 있었지
- dc official App",59,59.0,"아니 근데 그 와중에 병장님 15 어떻게 한거냐 뭔일이 있었지
- dc official App",아니 근데 그 와중에 병장님 15 어떻게 한거냐 뭔일이 있었지,0.3262648582458496,0.22635209560394287,0.1312696486711502,0.12637028098106384,0.10918626934289932,0.08055682480335236
2024-08-25 23:17:35,자우버는 뭐 f2엔진인가 ?,"17 30초는 뭔 ㅋㅋ
- dc official App",59,59.0,"자우버는 뭐 f2엔진인가 ? 17 30초는 뭔 ㅋㅋ
- dc official App",자우버는 뭐 f2엔진인가 ? 17 30초는 뭔 ㅋㅋ,0.30553534626960754,0.24931980669498444,0.11630473285913467,0.15976808965206146,0.06958359479904175,0.09948843717575073
2024-08-25 23:17:47,메르 <- 전략 장애,체코<-실력 장애,59,59.0,메르 <- 전략 장애 체코<-실력 장애,메르 <- 전략 장애 체코<-실력 장애,0.31416016817092896,0.2624252140522003,0.10228711366653442,0.12723712623119354,0.05738463252782822,0.13650570809841156
2024-08-25 23:17:48,셒카가 무슨 한달이나 없냐,"애미 ㅅㅂ
- ORACLE RED BULL RACING RB20",59,59.0,"셒카가 무슨 한달이나 없냐 애미 ㅅㅂ
- ORACLE RED BULL RACING RB20",셒카가 무슨 한달이나 없냐 애미 ㅅㅂ - ORACLE RED BULL RACING RB20,0.13732071220874786,0.1811947375535965,0.13325846195220947,0.3290102183818817,0.046352583914995193,0.17286323010921478
2024-08-25 23:17:48,순위가 12년 전으로 회귀했노,"레드불 vs 페라리 vs 맥라렌
중위권 왕 메르
ㅋㅋㅋㅋㅋ",59,59.0,"순위가 12년 전으로 회귀했노 레드불 vs 페라리 vs 맥라렌
중위권 왕 메르
ㅋㅋㅋㅋㅋ",순위가 12년 전으로 회귀했노 레드불 vs 페라리 vs 맥라렌 중위권 왕 메르 ㅋㅋㅋㅋㅋ,0.30038782954216003,0.27081385254859924,0.11124160140752792,0.1305573582649231,0.1199677512049675,0.0670316070318222
2024-08-25 23:17:50,노리스 우승은 진짜 긁히네ㅅㅂ,"ㅈ같다
- dc official App",59,59.0,"노리스 우승은 진짜 긁히네ㅅㅂ ㅈ같다
- dc official App",노리스 우승은 진짜 긁히네ㅅㅂ ㅈ같다,0.10094280540943146,0.2091459482908249,0.15279267728328705,0.25678500533103943,0.03817469999194145,0.242158904671669
2024-08-25 23:17:54,몽골이 메르 가면 꿀잼임?,ㅈㄱㄴ,59,59.0,몽골이 메르 가면 꿀잼임? ㅈㄱㄴ,몽골이 메르 가면 꿀잼임? ㅈㄱㄴ,0.11224972456693649,0.31164759397506714,0.15978503227233887,0.19387969374656677,0.0591154620051384,0.16332246363162994
2024-08-25 23:17:54,미끌레 피아제 2차전 돌입 ㅋㅋㅋㅋㅋ,ㅋㅋ,59,59.0,미끌레 피아제 2차전 돌입 ㅋㅋㅋㅋㅋ ㅋㅋ,미끌레 피아제 2차전 돌입 ㅋㅋㅋㅋㅋ ㅋㅋ,0.17764770984649658,0.19055914878845215,0.4085387587547302,0.12082654237747192,0.050421178340911865,0.052006665617227554
2024-08-25 23:17:57,지금 셒카 안나온거 기록 있지않나ㅋㅋ,,59,59.0,지금 셒카 안나온거 기록 있지않나ㅋㅋ ,지금 셒카 안나온거 기록 있지않나ㅋㅋ,0.2927144467830658,0.24528561532497406,0.12993445992469788,0.15961876511573792,0.08287493884563446,0.08957172185182571
2024-08-25 23:18:09,오늘 왤케 노잼이노 ㅋㅋ,..,59,59.0,오늘 왤케 노잼이노 ㅋㅋ ..,오늘 왤케 노잼이노 ㅋㅋ ..,0.12767165899276733,0.316960871219635,0.1331741064786911,0.18298768997192383,0.06484419107437134,0.17436151206493378
2024-08-25 23:18:09,뭐 24년 스킵이 어쩌고 레드불 컨챔 어쩌고,아주 엪알못들 ㅋㅋㅋㅋ,59,59.0,뭐 24년 스킵이 어쩌고 레드불 컨챔 어쩌고 아주 엪알못들 ㅋㅋㅋㅋ,뭐 24년 스킵이 어쩌고 레드불 컨챔 어쩌고 아주 엪알못들 ㅋㅋㅋㅋ,0.2919800877571106,0.23496465384960175,0.09839461743831635,0.19708390533924103,0.07935526221990585,0.09822145104408264
2024-08-25 23:18:10,위닝카로 20랩을 잡혀있는데 뭘 잘해ㅋㅋㅋㅋ,ㅋㅋㅋ,59,59.0,위닝카로 20랩을 잡혀있는데 뭘 잘해ㅋㅋㅋㅋ ㅋㅋㅋ,위닝카로 20랩을 잡혀있는데 뭘 잘해ㅋㅋㅋㅋ ㅋㅋㅋ,0.21137647330760956,0.2916632890701294,0.1830861121416092,0.15889069437980652,0.07489541172981262,0.08008801937103271
2024-08-25 23:18:12,몽골강점기보다 재미없음,"참고로난몽골견임 ㅇㅇ
- dc official App",59,59.0,"몽골강점기보다 재미없음 참고로난몽골견임 ㅇㅇ
- dc official App",몽골강점기보다 재미없음 참고로난몽골견임 ㅇㅇ,0.18631862103939056,0.3290506899356842,0.09820728003978729,0.16433803737163544,0.07642747461795807,0.14565782248973846
2024-08-25 23:18:13,❕+❕+진짜로 잠수중인 새끼,언제나옴?,59,59.0,❕+❕+진짜로 잠수중인 새끼 언제나옴?,❕+❕+진짜로 잠수중인 새끼 언제나옴?,0.2538507878780365,0.2296564280986786,0.11198984086513519,0.19713370501995087,0.0703301653265953,0.13703913986682892
2024-08-25 23:18:16,메르도 ㅈㄴ 빠르긴 하네,"러햄 페레즈랑 20초 차이였는데 금방 줄이네
- dc official App",59,59.0,"메르도 ㅈㄴ 빠르긴 하네 러햄 페레즈랑 20초 차이였는데 금방 줄이네
- dc official App",메르도 ㅈㄴ 빠르긴 하네 러햄 페레즈랑 20초 차이였는데 금방 줄이네,0.32617509365081787,0.22667601704597473,0.18553900718688965,0.10645082592964172,0.10088315606117249,0.05427587404847145
2024-08-25 23:18:16,어어 오지마라,어어,59,59.0,어어 오지마라 어어,어어 오지마라 어어,0.12997443974018097,0.2266506850719452,0.17128325998783112,0.24866893887519836,0.056012850254774094,0.16740980744361877
2024-08-25 23:18:17,지금 몽골이 조용해진 이유..real,"PTSD
와서
머릿속에
우승컵이랑
주유소
이진법만
입력되고있음
..",59,59.0,"지금 몽골이 조용해진 이유..real PTSD
와서
머릿속에
우승컵이랑
주유소
이진법만
입력되고있음
..",지금 몽골이 조용해진 이유..real PTSD 와서 머릿속에 우승컵이랑 주유소 이진법만 입력되고있음 ..,0.2122260183095932,0.323177307844162,0.09761045128107071,0.1308218240737915,0.10924699902534485,0.12691736221313477
2024-08-25 23:18:21,르끌 가보자,- dc official App,59,59.0,르끌 가보자 - dc official App,르끌 가보자 - dc official App,0.1253887414932251,0.15320363640785217,0.5823630094528198,0.06836459785699844,0.030355453491210938,0.04032455012202263
2024-08-25 23:18:28,쥬지 차 문제생김?,물탕한테 따이겠는데?,60,60.0,쥬지 차 문제생김? 물탕한테 따이겠는데?,쥬지 차 문제생김? 물탕한테 따이겠는데?,0.3534514009952545,0.19733743369579315,0.10993236303329468,0.12984254956245422,0.1332046389579773,0.07623163610696793
2024-08-25 23:18:27,와중 페레즈 뭐함?,"러셀하고 11초차 ㅋㅋㅋ
- dc official App",60,60.0,"와중 페레즈 뭐함? 러셀하고 11초차 ㅋㅋㅋ
- dc official App",와중 페레즈 뭐함? 러셀하고 11초차 ㅋㅋㅋ,0.1976262331008911,0.2307293713092804,0.38879159092903137,0.08574507385492325,0.060753703117370605,0.03635398671030998
2024-08-25 23:18:30,개추 시 레드플랙 확률 0.1% 증가,"일단나부터
- ORACLE RED BULL RACING RB20",60,60.0,"개추 시 레드플랙 확률 0.1% 증가 일단나부터
- ORACLE RED BULL RACING RB20",개추 시 레드플랙 확률 0.1% 증가 일단나부터 - ORACLE RED BULL RACING RB20,0.18360492587089539,0.2516952157020569,0.2595096230506897,0.1377200186252594,0.07292431592941284,0.09454593062400818
2024-08-25 23:18:33,체코 7위가 보이는데,,60,60.0,체코 7위가 보이는데 ,체코 7위가 보이는데,0.33712637424468994,0.2557280659675598,0.10129740834236145,0.1219228059053421,0.10709770023822784,0.07682766020298004
2024-08-25 23:18:34,르끌 또 drs탈출ㅋㅋㅋㅋ,개미친새끼,60,60.0,르끌 또 drs탈출ㅋㅋㅋㅋ 개미친새끼,르끌 또 drs탈출ㅋㅋㅋㅋ 개미친새끼,0.14366593956947327,0.1935262233018875,0.09976010769605637,0.3000181019306183,0.07901804894208908,0.18401162326335907
2024-08-25 23:18:40,맥라렌 원투 피니시 ㅋㅋㅋㅋ,ㄹㅇ,60,60.0,맥라렌 원투 피니시 ㅋㅋㅋㅋ ㄹㅇ,맥라렌 원투 피니시 ㅋㅋㅋㅋ ㄹㅇ,0.11304660141468048,0.12781433761119843,0.6237077116966248,0.06888285279273987,0.035551637411117554,0.03099689818918705
2024-08-25 23:18:40,요스 인터뷰 예상,“멕라렌 차빨이다“,60,60.0,요스 인터뷰 예상 “멕라렌 차빨이다“,요스 인터뷰 예상 “멕라렌 차빨이다“,0.34430205821990967,0.2407272309064865,0.13938066363334656,0.11449415981769562,0.08579817414283752,0.07529770582914352
2024-08-25 23:18:40,애마 설마 1포도 못따진 않겠지,,60,60.0,애마 설마 1포도 못따진 않겠지 ,애마 설마 1포도 못따진 않겠지,0.33899399638175964,0.2089575082063675,0.10601230710744858,0.12546434998512268,0.14017997682094574,0.08039186149835587
2024-08-25 23:18:44,"쥬지랑 체코 전랩 1.5초, 2초 났는데 다시 따려나",금방 딸거 같기도 하고,60,60.0,"쥬지랑 체코 전랩 1.5초, 2초 났는데 다시 따려나 금방 딸거 같기도 하고","쥬지랑 체코 전랩 1.5초, 2초 났는데 다시 따려나 금방 딸거 같기도 하고",0.2529160678386688,0.2255568951368332,0.3143147826194763,0.08128546178340912,0.07231845706701279,0.05360832065343857
2024-08-25 23:18:45,아니근데 ㅅㅂ,피아스트리 르끌 왜못따는거야,60,60.0,아니근데 ㅅㅂ 피아스트리 르끌 왜못따는거야,아니근데 ㅅㅂ 피아스트리 르끌 왜못따는거야,0.15282131731510162,0.2570723593235016,0.08820152282714844,0.23296858370304108,0.05473789572715759,0.2141982764005661
2024-08-25 23:18:56,르끌이 퍼스트가 맞는듯,암튼그럼,60,60.0,르끌이 퍼스트가 맞는듯 암튼그럼,르끌이 퍼스트가 맞는듯 암튼그럼,0.2650720179080963,0.2739085257053375,0.21575425565242767,0.10348834842443466,0.057840634137392044,0.08393622189760208
2024-08-25 23:19:02,알론소 실수 했나본데? 갑자기 가슬리랑 2초 순식간애 벌어짐,,60,60.0,알론소 실수 했나본데? 갑자기 가슬리랑 2초 순식간애 벌어짐 ,알론소 실수 했나본데? 갑자기 가슬리랑 2초 순식간애 벌어짐,0.35342442989349365,0.21786078810691833,0.13253483176231384,0.12109556794166565,0.11737541109323502,0.05770891532301903
2024-08-25 23:19:03,몽골아 넌 주유소나 갔다와라,,60,60.0,몽골아 넌 주유소나 갔다와라 ,몽골아 넌 주유소나 갔다와라,0.2963150441646576,0.2095823884010315,0.09339265525341034,0.20350071787834167,0.09324409067630768,0.10396510362625122
2024-08-25 23:19:04,사인지 무섭게 쫓아오는데 ㅋㅋ,가능?,60,60.0,사인지 무섭게 쫓아오는데 ㅋㅋ 가능?,사인지 무섭게 쫓아오는데 ㅋㅋ 가능?,0.33081796765327454,0.21701213717460632,0.14935997128486633,0.11686030775308609,0.12479301542043686,0.06115660443902016
2024-08-25 23:19:07,미끌아 ㅅㅂ 좀만 더 버텨라 ㅋㅋㅋㅋ,포디움이 어디냐 ㄹㅇ,60,60.0,미끌아 ㅅㅂ 좀만 더 버텨라 ㅋㅋㅋㅋ 포디움이 어디냐 ㄹㅇ,미끌아 ㅅㅂ 좀만 더 버텨라 ㅋㅋㅋㅋ 포디움이 어디냐 ㄹㅇ,0.10548263043165207,0.23167695105075836,0.30641812086105347,0.1512654423713684,0.07455622404813766,0.13060063123703003
2024-08-25 23:19:13,페라리 퀄리 아쉬운거치고 레이스는 좋네,마지막까지 가봐야 알겠지만,60,60.0,페라리 퀄리 아쉬운거치고 레이스는 좋네 마지막까지 가봐야 알겠지만,페라리 퀄리 아쉬운거치고 레이스는 좋네 마지막까지 가봐야 알겠지만,0.23911944031715393,0.25207555294036865,0.2723761796951294,0.0939420759677887,0.07233221083879471,0.0701545774936676
2024-08-25 23:19:19,노짱 드챔 <<<<<<<<< 가능하냐?,,60,60.0,노짱 드챔 <<<<<<<<< 가능하냐? ,노짱 드챔 <<<<<<<<< 가능하냐?,0.3028944432735443,0.2030567079782486,0.2566690146923065,0.09648294746875763,0.08576367795467377,0.05513321980834007
2024-08-25 23:19:29,노리스만 업글파츠였나,피아스트리 넘어오지를 못하네,60,60.0,노리스만 업글파츠였나 피아스트리 넘어오지를 못하네,노리스만 업글파츠였나 피아스트리 넘어오지를 못하네,0.21550488471984863,0.3444744348526001,0.08110462129116058,0.13775034248828888,0.06125929579138756,0.15990638732910156
2024-08-25 23:19:31,막스를 위해서 한가지 수,"페레즈의 스핀~~ 세이프티카!
- dc official App",60,60.0,"막스를 위해서 한가지 수 페레즈의 스핀~~ 세이프티카!
- dc official App",막스를 위해서 한가지 수 페레즈의 스핀~~ 세이프티카!,0.07519356161355972,0.11972979456186295,0.680012583732605,0.059297047555446625,0.0271088145673275,0.038658205419778824
2024-08-25 23:19:44,6-11에서 3-5면 ㄹㅇ ㅆㅆㅆㅆㅆㅆㅅㅌㅊ결과인데,"4-5여도 ㅅㅌㅊ일듯
- dc official App",61,61.0,"6-11에서 3-5면 ㄹㅇ ㅆㅆㅆㅆㅆㅆㅅㅌㅊ결과인데 4-5여도 ㅅㅌㅊ일듯
- dc official App",6-11에서 3-5면 ㄹㅇ ㅆㅆㅆㅆㅆㅆㅅㅌㅊ결과인데 4-5여도 ㅅㅌㅊ일듯,0.2785866856575012,0.2663699686527252,0.21188433468341827,0.08969248831272125,0.10020361840724945,0.053262859582901
2024-08-25 23:19:50,가슬리 ㅅㅅㅅㅅㅅ,,61,61.0,가슬리 ㅅㅅㅅㅅㅅ ,가슬리 ㅅㅅㅅㅅㅅ,0.06428807973861694,0.10485260933637619,0.7191383838653564,0.05383095517754555,0.02303934656083584,0.034850623458623886
2024-08-25 23:19:52,가슬리 업,,61,61.0,가슬리 업 ,가슬리 업,0.2051229178905487,0.2113264948129654,0.3647289276123047,0.11721601337194443,0.03953315690159798,0.06207245960831642
2024-08-25 23:19:52,가리나 카슬리ㅋㅋ,ㅋ,61,61.0,가리나 카슬리ㅋㅋ ㅋ,가리나 카슬리ㅋㅋ ㅋ,0.09304799884557724,0.13547636568546295,0.6354206204414368,0.07292421162128448,0.027878234162926674,0.03525254875421524
2024-08-25 23:19:53,사인즈 빨리 와서 피아제 방해해줘라 ㅈㅂ..,"ㄹㅇ..
- dc official App",61,61.0,"사인즈 빨리 와서 피아제 방해해줘라 ㅈㅂ.. ㄹㅇ..
- dc official App",사인즈 빨리 와서 피아제 방해해줘라 ㅈㅂ.. ㄹㅇ..,0.17371906340122223,0.19915373623371124,0.16671688854694366,0.18100659549236298,0.08992809802293777,0.18947558104991913
2024-08-25 23:19:53,피아제 뭐하노 ㅋㅋㅋㅋ,ㅋㅋㅋㅋㅋ,61,61.0,피아제 뭐하노 ㅋㅋㅋㅋ ㅋㅋㅋㅋㅋ,피아제 뭐하노 ㅋㅋㅋㅋ ㅋㅋㅋㅋㅋ,0.18383309245109558,0.24992361664772034,0.3323653042316437,0.1160246878862381,0.06143507733941078,0.05641821026802063
2024-08-25 23:19:53,자이로캠 개좋았는데 노리스만 달아서 보는맛이 없네 ㅋㅋㅋㅋ,- dc official App,61,61.0,자이로캠 개좋았는데 노리스만 달아서 보는맛이 없네 ㅋㅋㅋㅋ - dc official App,자이로캠 개좋았는데 노리스만 달아서 보는맛이 없네 ㅋㅋㅋㅋ - dc official App,0.12095007300376892,0.2724793553352356,0.24647684395313263,0.1557801067829132,0.03847667947411537,0.16583700478076935
2024-08-25 23:19:55,맥라렌 차 좋아지고 레드불 차 구려진 이유가 뭐냐,맥라렌차 거의 rb19 보는 기분이네,61,61.0,맥라렌 차 좋아지고 레드불 차 구려진 이유가 뭐냐 맥라렌차 거의 rb19 보는 기분이네,맥라렌 차 좋아지고 레드불 차 구려진 이유가 뭐냐 맥라렌차 거의 rb19 보는 기분이네,0.27020108699798584,0.2570299804210663,0.06618087738752365,0.1732262670993805,0.06864174455404282,0.1647200584411621
2024-08-25 23:19:56,노짱 엔진 언제터지노,"캐나다 막스 FP2 ERS급 억까 아니면 힘들다
- ORACLE RED BULL RACING RB20",61,61.0,"노짱 엔진 언제터지노 캐나다 막스 FP2 ERS급 억까 아니면 힘들다
- ORACLE RED BULL RACING RB20",노짱 엔진 언제터지노 캐나다 막스 FP2 ERS급 억까 아니면 힘들다 - ORACLE RED BULL RACING RB20,0.25555548071861267,0.27187663316726685,0.09854163229465485,0.1403469294309616,0.08814222365617752,0.1455370932817459
2024-08-25 23:19:58,대 황 핀,,61,61.0,대 황 핀 ,대 황 핀,0.07416704297065735,0.1166381984949112,0.6791621446609497,0.057327207177877426,0.03193379193544388,0.04077163711190224
2024-08-25 23:20:00,가리나 ㄷㄷㄷ,- dc official App,61,61.0,가리나 ㄷㄷㄷ - dc official App,가리나 ㄷㄷㄷ - dc official App,0.3378775715827942,0.22204998135566711,0.1741141825914383,0.11122975498437881,0.09875597059726715,0.05597251281142235
2024-08-25 23:20:07,오 킹슬리 ㄷㄷ,f1.5의 승리자,61,61.0,오 킹슬리 ㄷㄷ f1.5의 승리자,오 킹슬리 ㄷㄷ f1.5의 승리자,0.15373630821704865,0.1755029857158661,0.5078625082969666,0.06605169922113419,0.05518028885126114,0.04166624695062637
2024-08-25 23:20:10,기대안하려고 했는데,"자꾸 기대를 하게만드네 돌겠다
- dc official App",61,61.0,"기대안하려고 했는데 자꾸 기대를 하게만드네 돌겠다
- dc official App",기대안하려고 했는데 자꾸 기대를 하게만드네 돌겠다,0.0994708463549614,0.28851404786109924,0.11663348972797394,0.22414757311344147,0.04732423648238182,0.22390982508659363
2024-08-25 23:20:10,옐로플랙 한번 안뜨네,ㅅㅂ,61,61.0,옐로플랙 한번 안뜨네 ㅅㅂ,옐로플랙 한번 안뜨네 ㅅㅂ,0.09976830333471298,0.2298542708158493,0.14694306254386902,0.26643767952919006,0.0371287539601326,0.21986790001392365
2024-08-25 23:20:12,굿굿,ㅅㅅ,61,61.0,굿굿 ㅅㅅ,굿굿 ㅅㅅ,0.06629253178834915,0.11766786128282547,0.6817119121551514,0.06488002836704254,0.02511513978242874,0.044332556426525116
2024-08-25 23:20:14,대황슬리 오늘 왤케잘함 ㄷㄷㄷ,미쳤내,61,61.0,대황슬리 오늘 왤케잘함 ㄷㄷㄷ 미쳤내,대황슬리 오늘 왤케잘함 ㄷㄷㄷ 미쳤내,0.12705999612808228,0.17380808293819427,0.5415981411933899,0.069289430975914,0.04815443605184555,0.04008989781141281
2024-08-25 23:20:15,일단 오콘 이겼으면 만족!,ㅇㅇ,61,61.0,일단 오콘 이겼으면 만족! ㅇㅇ,일단 오콘 이겼으면 만족! ㅇㅇ,0.06551463156938553,0.13946692645549774,0.6349616050720215,0.06994663178920746,0.03256560489535332,0.05754461884498596
2024-08-25 23:20:17,45렙 ㄷ,- dc official App,61,61.0,45렙 ㄷ - dc official App,45렙 ㄷ - dc official App,0.204918771982193,0.19527962803840637,0.4189207851886749,0.09610330313444138,0.03879360109567642,0.04598391801118851
2024-08-25 23:20:19,시발 45랩 된 차를 못따진 않겠지,,61,61.0,시발 45랩 된 차를 못따진 않겠지 ,시발 45랩 된 차를 못따진 않겠지,0.17337876558303833,0.21536438167095184,0.07276076078414917,0.25058507919311523,0.059289369732141495,0.22862157225608826
2024-08-25 23:20:30,요즘 페라리는 퀄리보다 레이스를 잘하는듯,"퀄리 몰빵 가불해서 폴따고 뒤지는 성향이던 차가
180도로 바뀐 느낌",61,61.0,"요즘 페라리는 퀄리보다 레이스를 잘하는듯 퀄리 몰빵 가불해서 폴따고 뒤지는 성향이던 차가
180도로 바뀐 느낌",요즘 페라리는 퀄리보다 레이스를 잘하는듯 퀄리 몰빵 가불해서 폴따고 뒤지는 성향이던 차가 180도로 바뀐 느낌,0.3348064720630646,0.2273387610912323,0.1621536910533905,0.10642979294061661,0.10845565050840378,0.06081562861800194
2024-08-25 23:20:35,노리스는 파워유닛 여유있음?,시즌끝까지 초과교체 페널티 없을예정?,61,61.0,노리스는 파워유닛 여유있음? 시즌끝까지 초과교체 페널티 없을예정?,노리스는 파워유닛 여유있음? 시즌끝까지 초과교체 페널티 없을예정?,0.34031301736831665,0.21689994633197784,0.17680639028549194,0.10315436869859695,0.07820705324411392,0.08461927622556686
2024-08-25 23:20:37,막스 노리스 이 정도 차이 나면 드챔도 확신은 못하겠노,"지금 78점 차이에
오늘 경기 포함 10경기 남았는데
마지막에 아슬아슬할수도",61,61.0,"막스 노리스 이 정도 차이 나면 드챔도 확신은 못하겠노 지금 78점 차이에
오늘 경기 포함 10경기 남았는데
마지막에 아슬아슬할수도",막스 노리스 이 정도 차이 나면 드챔도 확신은 못하겠노 지금 78점 차이에 오늘 경기 포함 10경기 남았는데 마지막에 아슬아슬할수도,0.32374992966651917,0.2588532567024231,0.11139290779829025,0.10918541252613068,0.10374551266431808,0.09307292848825455
2024-08-25 23:20:38,의외네 dod 물탕이일줄,,61,61.0,의외네 dod 물탕이일줄 ,의외네 dod 물탕이일줄,0.34568098187446594,0.22146925330162048,0.14951840043067932,0.11744925379753113,0.10457317531108856,0.061308909207582474
2024-08-25 23:20:39,"딱 정배가 맥,메,막 5명 포디움인데 르끌 포디움이면 섹스지 ㅋㅋ","물탕이는 지가 조지고 병신은 원래 저기에 못 끼고
저중에 3명이나 똥라리로 딴거면 오늘 DOD는 미끌이다
피아제 차에 문제가 있는건지 따잇 안당할듯 그냥 뭔가 이상해 얘가 오늘
뱅크에 익숙치 않아서 유독 느린것 같기도하고",61,61.0,"딱 정배가 맥,메,막 5명 포디움인데 르끌 포디움이면 섹스지 ㅋㅋ 물탕이는 지가 조지고 병신은 원래 저기에 못 끼고
저중에 3명이나 똥라리로 딴거면 오늘 DOD는 미끌이다
피아제 차에 문제가 있는건지 따잇 안당할듯 그냥 뭔가 이상해 얘가 오늘
뱅크에 익숙치 않아서 유독 느린것 같기도하고","딱 정배가 맥,메,막 5명 포디움인데 르끌 포디움이면 섹스지 ㅋㅋ 물탕이는 지가 조지고 병신은 원래 저기에 못 끼고 저중에 3명이나 똥라리로 딴거면 오늘 DOD는 미끌이다 피아제 차에 문제가 있는건지 따잇 안당할듯 그냥 뭔가 이상해 얘가 오늘 뱅크에 익숙치 않아서 유독 느린것 같기도하고",0.31714192032814026,0.23457230627536774,0.07656016200780869,0.14879444241523743,0.11289102584123611,0.11004018783569336
2024-08-25 23:20:41,dotd 이건 르끌이어야하는거 아니노,노리스는 시발 ㅋㅋ,61,61.0,dotd 이건 르끌이어야하는거 아니노 노리스는 시발 ㅋㅋ,dotd 이건 르끌이어야하는거 아니노 노리스는 시발 ㅋㅋ,0.16717912256717682,0.24259212613105774,0.09008940309286118,0.270321786403656,0.05191037431359291,0.17790713906288147
2024-08-25 23:20:45,노리스게이야 플랜F함 쌔리봐라,"한 25초 만들고 함 가자
- dc official App",61,61.0,"노리스게이야 플랜F함 쌔리봐라 한 25초 만들고 함 가자
- dc official App",노리스게이야 플랜F함 쌔리봐라 한 25초 만들고 함 가자,0.13298946619033813,0.15840934216976166,0.5315658450126648,0.07487335056066513,0.052332162857055664,0.04982978478074074
2024-08-25 23:20:50,결국엔 뉴이가 만든 차는 뉴이만 업글이 가능하다,뉴이 탈주하니까 귀신같이 떡락,61,61.0,결국엔 뉴이가 만든 차는 뉴이만 업글이 가능하다 뉴이 탈주하니까 귀신같이 떡락,결국엔 뉴이가 만든 차는 뉴이만 업글이 가능하다 뉴이 탈주하니까 귀신같이 떡락,0.31005069613456726,0.27345308661460876,0.09741072356700897,0.1255461871623993,0.10019708424806595,0.09334224462509155
2024-08-25 23:20:51,슬슬 하나 돌아라... 빵꾸나던가..,,61,61.0,슬슬 하나 돌아라... 빵꾸나던가.. ,슬슬 하나 돌아라... 빵꾸나던가..,0.19916430115699768,0.29569104313850403,0.17707335948944092,0.11627840250730515,0.07939367741346359,0.132399320602417
2024-08-25 23:20:53,작년 더치 그랑프리는 꿀잼이었는데,"포디움 개슬리
그립읍니다 ㅠㅠ",61,61.0,"작년 더치 그랑프리는 꿀잼이었는데 포디움 개슬리
그립읍니다 ㅠㅠ",작년 더치 그랑프리는 꿀잼이었는데 포디움 개슬리 그립읍니다 ㅠㅠ,0.09442870318889618,0.22500738501548767,0.37102437019348145,0.11985834687948227,0.05051363259553909,0.13916759192943573
2024-08-25 23:20:55,이건 르끌이지,"온몸비틀기(20랩)
대황끌
- ORACLE RED BULL RACING RB20",61,61.0,"이건 르끌이지 온몸비틀기(20랩)
대황끌
- ORACLE RED BULL RACING RB20",이건 르끌이지 온몸비틀기(20랩) 대황끌 - ORACLE RED BULL RACING RB20,0.17564868927001953,0.2069060355424881,0.4007575809955597,0.11454007774591446,0.04447488859295845,0.05767271667718887
2024-08-25 23:20:58,dod 르끌이 아니라고??,허,62,62.0,dod 르끌이 아니라고?? 허,dod 르끌이 아니라고?? 허,0.2941436171531677,0.24758954346179962,0.10257822275161743,0.15412114560604095,0.10308590531349182,0.09848158806562424
2024-08-25 23:21:00,ㅋㅋㅋㅋ 케로신 온몸비틀기ㅋㅋㅋ,"르끌앜ㅋㅋ
- dc official App",62,62.0,"ㅋㅋㅋㅋ 케로신 온몸비틀기ㅋㅋㅋ 르끌앜ㅋㅋ
- dc official App",ㅋㅋㅋㅋ 케로신 온몸비틀기ㅋㅋㅋ 르끌앜ㅋㅋ,0.09987962245941162,0.1588447093963623,0.5878103375434875,0.08212047815322876,0.0325470045208931,0.03879791498184204
2024-08-25 23:21:02,타이어 갈린 거 보소,,62,62.0,타이어 갈린 거 보소 ,타이어 갈린 거 보소,0.28065550327301025,0.2091202735900879,0.1262947916984558,0.1747516542673111,0.10188238322734833,0.10729537904262543
2024-08-25 23:21:06,온몸 비틀기ㅋㅎㅋㅎㅋㅎㅋㅎㅋㅋ,"르끌아 좀만 더 비틀어줘
- dc official App",62,62.0,"온몸 비틀기ㅋㅎㅋㅎㅋㅎㅋㅎㅋㅋ 르끌아 좀만 더 비틀어줘
- dc official App",온몸 비틀기ㅋㅎㅋㅎㅋㅎㅋㅎㅋㅋ 르끌아 좀만 더 비틀어줘,0.07249137759208679,0.12465042620897293,0.6589925289154053,0.07130839675664902,0.029726145789027214,0.04283113405108452
2024-08-25 23:21:09,타이어가 신기하게 깎이네,ㄹㅇ,62,62.0,타이어가 신기하게 깎이네 ㄹㅇ,타이어가 신기하게 깎이네 ㄹㅇ,0.3231936991214752,0.22719354927539825,0.16191211342811584,0.11760450154542923,0.11295869946479797,0.05713748186826706
2024-08-25 23:21:21,지훈이햄 어디가써,"ㅅㅂ
- ORACLE RED BULL RACING RB20",62,62.0,"지훈이햄 어디가써 ㅅㅂ
- ORACLE RED BULL RACING RB20",지훈이햄 어디가써 ㅅㅂ - ORACLE RED BULL RACING RB20,0.13936525583267212,0.2491566240787506,0.2753511071205139,0.1522679626941681,0.07328993827104568,0.11056908965110779
2024-08-25 23:21:23,10랩만 버티자ㅋㅋ,,62,62.0,10랩만 버티자ㅋㅋ ,10랩만 버티자ㅋㅋ,0.10201239585876465,0.14811493456363678,0.5768510699272156,0.07306733727455139,0.04299931973218918,0.05695497244596481
2024-08-25 23:21:27,DOD 대체 누구줘야됨?,"노리스 막스 둘다 좀 아쉬운 레이스고
피아스트리 페레즈 잘하는거 같지만 정작 스타트에서 하나 내려가있고
해밀턴 추월쇼 하지만 실은 메르세데스면 8위보단 더 높게 있어야하는게 맞고
이건 뭐 그나마 르끌??",62,62.0,"DOD 대체 누구줘야됨? 노리스 막스 둘다 좀 아쉬운 레이스고
피아스트리 페레즈 잘하는거 같지만 정작 스타트에서 하나 내려가있고
해밀턴 추월쇼 하지만 실은 메르세데스면 8위보단 더 높게 있어야하는게 맞고
이건 뭐 그나마 르끌??",DOD 대체 누구줘야됨? 노리스 막스 둘다 좀 아쉬운 레이스고 피아스트리 페레즈 잘하는거 같지만 정작 스타트에서 하나 내려가있고 해밀턴 추월쇼 하지만 실은 메르세데스면 8위보단 더 높게 있어야하는게 맞고 이건 뭐 그나마 르끌??,0.21154190599918365,0.32069313526153564,0.08029651641845703,0.14395731687545776,0.06070811673998833,0.18280304968357086
2024-08-25 23:21:28,노리스가 이길것같노,"ㅠㅠ
- dc official App",62,62.0,"노리스가 이길것같노 ㅠㅠ
- dc official App",노리스가 이길것같노 ㅠㅠ,0.21230100095272064,0.2964096963405609,0.11179409921169281,0.12379205226898193,0.09813825786113739,0.15756487846374512
2024-08-25 23:21:32,시발 온몸비틀기를 재끼는데 위닝카 딸깍으로,아,62,62.0,시발 온몸비틀기를 재끼는데 위닝카 딸깍으로 아,시발 온몸비틀기를 재끼는데 위닝카 딸깍으로 아,0.10453512519598007,0.1820245087146759,0.16824491322040558,0.30988168716430664,0.042758919298648834,0.19255487620830536
2024-08-25 23:21:30,레드플랙 레드플랙 레드플랙,,62,62.0,레드플랙 레드플랙 레드플랙 ,레드플랙 레드플랙 레드플랙,0.18956950306892395,0.23829787969589233,0.312846302986145,0.13407404720783234,0.042493194341659546,0.0827191099524498
2024-08-25 23:21:39,노리스 지금 핏스탑해도 1등하겠구만..,시벌,62,62.0,노리스 지금 핏스탑해도 1등하겠구만.. 시벌,노리스 지금 핏스탑해도 1등하겠구만.. 시벌,0.12325429171323776,0.2090744823217392,0.10122654587030411,0.2839658260345459,0.038636162877082825,0.2438427358865738
2024-08-25 23:21:40,이번 dod는 르끌이지,혼신을 다한 질주가 안보이나,62,62.0,이번 dod는 르끌이지 혼신을 다한 질주가 안보이나,이번 dod는 르끌이지 혼신을 다한 질주가 안보이나,0.22211723029613495,0.3556818664073944,0.10074589401483536,0.11062309890985489,0.08303766697645187,0.12779425084590912
2024-08-25 23:21:43,"노리스, 맥라렌 팬이 ㅈㄴ 많음?",쟤는 맨날 DOD에 있음,62,62.0,"노리스, 맥라렌 팬이 ㅈㄴ 많음? 쟤는 맨날 DOD에 있음","노리스, 맥라렌 팬이 ㅈㄴ 많음? 쟤는 맨날 DOD에 있음",0.3307066261768341,0.239160418510437,0.08300565928220749,0.1711939424276352,0.08470560610294342,0.0912276953458786
2024-08-25 23:21:44,막스 2등인데 DoD에 3순위도 못들었네 ㅋㅋ,몽골 인기는 진짜 없네 ......,62,62.0,막스 2등인데 DoD에 3순위도 못들었네 ㅋㅋ 몽골 인기는 진짜 없네 ......,막스 2등인데 DoD에 3순위도 못들었네 ㅋㅋ 몽골 인기는 진짜 없네 ......,0.28768041729927063,0.3005678951740265,0.09269843995571136,0.12375562638044357,0.11860610544681549,0.07669147849082947
2024-08-25 23:21:44,피아제 병신년아,"닌 포디움 가지마라
- dc official App",62,62.0,"피아제 병신년아 닌 포디움 가지마라
- dc official App",피아제 병신년아 닌 포디움 가지마라,0.19600267708301544,0.15864227712154388,0.12184181064367294,0.31832027435302734,0.0618029423058033,0.1433900147676468
2024-08-25 23:21:46,피아제가 아까 땄어야 했는데 백마커들 사이로 들어갔다가 망함ㅋㅋㅋㅋ,ㅋㅋㅋㅋ,62,62.0,피아제가 아까 땄어야 했는데 백마커들 사이로 들어갔다가 망함ㅋㅋㅋㅋ ㅋㅋㅋㅋ,피아제가 아까 땄어야 했는데 백마커들 사이로 들어갔다가 망함ㅋㅋㅋㅋ ㅋㅋㅋㅋ,0.1234971359372139,0.3487537205219269,0.1493331491947174,0.17392094433307648,0.0805106908082962,0.12398430705070496
2024-08-25 23:21:47,해설)차빨맞다,ㅎ,62,62.0,해설)차빨맞다 ㅎ,해설)차빨맞다 ㅎ,0.07232815027236938,0.11662250012159348,0.6884469985961914,0.05332457274198532,0.030717000365257263,0.03856080397963524
2024-08-25 23:21:47,노리스는 격차 걍 20초까지 가겠는데,막가놈 타이어 못버티고 밀린다,62,62.0,노리스는 격차 걍 20초까지 가겠는데 막가놈 타이어 못버티고 밀린다,노리스는 격차 걍 20초까지 가겠는데 막가놈 타이어 못버티고 밀린다,0.3318876028060913,0.25277793407440186,0.09092094004154205,0.11850819736719131,0.11111973226070404,0.09478556364774704
2024-08-25 23:21:46,이걸 르끌을 투표 안한다고?,,62,62.0,이걸 르끌을 투표 안한다고? ,이걸 르끌을 투표 안한다고?,0.24580018222332,0.2620818614959717,0.07401790469884872,0.17102524638175964,0.073040671646595,0.17403408885002136
2024-08-25 23:21:51,솔직히 스타트 개조진 누리스 말고 르끌이 dod 아니냐ㅋㅋ,오늘 하루종일 눈물의 똥꼬쇼 중인데ㅋㅋㅋ,62,62.0,솔직히 스타트 개조진 누리스 말고 르끌이 dod 아니냐ㅋㅋ 오늘 하루종일 눈물의 똥꼬쇼 중인데ㅋㅋㅋ,솔직히 스타트 개조진 누리스 말고 르끌이 dod 아니냐ㅋㅋ 오늘 하루종일 눈물의 똥꼬쇼 중인데ㅋㅋㅋ,0.1787770390510559,0.31304508447647095,0.12645171582698822,0.1735004186630249,0.10510021448135376,0.10312552750110626
2024-08-25 23:21:55,드챔 역전 확정 노리스 ㅋㅋㅋㅋ,ㄹㅇ,62,62.0,드챔 역전 확정 노리스 ㅋㅋㅋㅋ ㄹㅇ,드챔 역전 확정 노리스 ㅋㅋㅋㅋ ㄹㅇ,0.06622698158025742,0.10783889144659042,0.7148139476776123,0.052096638828516006,0.02620779164135456,0.03281582146883011
2024-08-25 23:21:57,인방충 노철구견들 좆같아서 르끌레 DOD 찍고 옴,"차빨 우승 vs 차빨 3명 따잇하고 포디움
씨발 인간적으로 후자 DOD지",62,62.0,"인방충 노철구견들 좆같아서 르끌레 DOD 찍고 옴 차빨 우승 vs 차빨 3명 따잇하고 포디움
씨발 인간적으로 후자 DOD지",인방충 노철구견들 좆같아서 르끌레 DOD 찍고 옴 차빨 우승 vs 차빨 3명 따잇하고 포디움 씨발 인간적으로 후자 DOD지,0.13254928588867188,0.18922863900661469,0.12148290872573853,0.3111075758934021,0.046696603298187256,0.19893501698970795
2024-08-25 23:21:58,페라리 전략승 ㅋㅋㅋㅋ,,62,62.0,페라리 전략승 ㅋㅋㅋㅋ ,페라리 전략승 ㅋㅋㅋㅋ,0.1053931713104248,0.12987977266311646,0.6280171871185303,0.06453298777341843,0.037991002202034,0.03418590500950813
2024-08-25 23:22:01,개추시 르끌레 막랩 미끌레 확률증가,Noooooooooooo,62,62.0,개추시 르끌레 막랩 미끌레 확률증가 Noooooooooooo,개추시 르끌레 막랩 미끌레 확률증가 Noooooooooooo,0.08148885518312454,0.12977059185504913,0.6480955481529236,0.07218470424413681,0.02683616429567337,0.04162411391735077
2024-08-25 23:22:02,짱깨 시발아 어디 갖다박기라도 해라,,62,62.0,짱깨 시발아 어디 갖다박기라도 해라 ,짱깨 시발아 어디 갖다박기라도 해라,0.1348389834165573,0.16629864275455475,0.15538837015628815,0.32354381680488586,0.04189813882112503,0.17803208529949188
2024-08-25 23:22:07,완주하면 하드 48랩,가자잇,62,62.0,완주하면 하드 48랩 가자잇,완주하면 하드 48랩 가자잇,0.10453099012374878,0.1339832842350006,0.6232433915138245,0.06430594623088837,0.03760034963488579,0.03633597120642662
2024-08-25 23:22:08,페라리의 전략승 ㅋㅋㅋㅋㅋ,,62,62.0,페라리의 전략승 ㅋㅋㅋㅋㅋ ,페라리의 전략승 ㅋㅋㅋㅋㅋ,0.1394345760345459,0.1512581706047058,0.5511414408683777,0.07464803755283356,0.047053318470716476,0.036464475095272064
2024-08-25 23:22:13,전설의 뻑뻑 ㅋㅋ,,63,63.0,전설의 뻑뻑 ㅋㅋ ,전설의 뻑뻑 ㅋㅋ,0.08867445588111877,0.1412801295518875,0.6392839550971985,0.0668989047408104,0.02898954413831234,0.03487297147512436
2024-08-25 23:22:16,대라리 ㅋㅋㅋㅋㅋ,,63,63.0,대라리 ㅋㅋㅋㅋㅋ ,대라리 ㅋㅋㅋㅋㅋ,0.08050042390823364,0.12056615948677063,0.6780325174331665,0.060869015753269196,0.02649282105267048,0.03353911638259888
2024-08-25 23:22:18,전략의 페라리 ㄷㄱ,,63,63.0,전략의 페라리 ㄷㄱ ,전략의 페라리 ㄷㄱ,0.1834591031074524,0.18050473928451538,0.4724943935871124,0.07152669131755829,0.05915647745132446,0.03285857290029526
2024-08-25 23:22:22,대황끌 ㄷㄷㄷㄷㄷ,ㄷㄷㄷㄷ,63,63.0,대황끌 ㄷㄷㄷㄷㄷ ㄷㄷㄷㄷ,대황끌 ㄷㄷㄷㄷㄷ ㄷㄷㄷㄷ,0.08441267162561417,0.12283691018819809,0.6811981201171875,0.053246233612298965,0.027608437463641167,0.030697690322995186
2024-08-25 23:22:22,와 르끌이 막스보다 페이스 좋네ㅋㅋㅋㅋ,,63,63.0,와 르끌이 막스보다 페이스 좋네ㅋㅋㅋㅋ ,와 르끌이 막스보다 페이스 좋네ㅋㅋㅋㅋ,0.21985706686973572,0.19998915493488312,0.4113362431526184,0.07186667621135712,0.06611938774585724,0.030831467360258102
2024-08-25 23:22:24,DOD 의미 좆도없음,투표 보력지원 GOAT 노줌마들이 점령한지 오래임,63,63.0,DOD 의미 좆도없음 투표 보력지원 GOAT 노줌마들이 점령한지 오래임,DOD 의미 좆도없음 투표 보력지원 GOAT 노줌마들이 점령한지 오래임,0.1842622458934784,0.20322377979755402,0.07517937570810318,0.2352970540523529,0.05570342391729355,0.24633412063121796
2024-08-25 23:22:25,르끌은 피아제 잘막는데 몽골은 누리스 왜 못막은 거임?,탑스피드 차이인가?,63,63.0,르끌은 피아제 잘막는데 몽골은 누리스 왜 못막은 거임? 탑스피드 차이인가?,르끌은 피아제 잘막는데 몽골은 누리스 왜 못막은 거임? 탑스피드 차이인가?,0.3329891860485077,0.23604829609394073,0.08896004408597946,0.1469082087278366,0.09023021161556244,0.10486404597759247
2024-08-25 23:22:25,작년 몽골도 저러진 않았다 미친 영국향우회놈들아,"위닝카딸깍이 온몸비틀기 범부만드는게 맞노
- ORACLE RED BULL RACING RB20",63,63.0,"작년 몽골도 저러진 않았다 미친 영국향우회놈들아 위닝카딸깍이 온몸비틀기 범부만드는게 맞노
- ORACLE RED BULL RACING RB20",작년 몽골도 저러진 않았다 미친 영국향우회놈들아 위닝카딸깍이 온몸비틀기 범부만드는게 맞노 - ORACLE RED BULL RACING RB20,0.17957870662212372,0.1797492355108261,0.09332785755395889,0.27692773938179016,0.06280941516160965,0.20760701596736908
2024-08-25 23:22:28,대 황 끌,,63,63.0,대 황 끌 ,대 황 끌,0.06836361438035965,0.11157063394784927,0.69676673412323,0.053888291120529175,0.030060281977057457,0.03935050219297409
2024-08-25 23:22:29,조끌레 개잘달리네 진짜 ㅋㅋㅋ,왕자님 멋저욧,63,63.0,조끌레 개잘달리네 진짜 ㅋㅋㅋ 왕자님 멋저욧,조끌레 개잘달리네 진짜 ㅋㅋㅋ 왕자님 멋저욧,0.09930278360843658,0.15753042697906494,0.6001446843147278,0.062191084027290344,0.041120290756225586,0.039710722863674164
2024-08-25 23:22:32,모나코 왕자님 복귀 선언 ㅋㅋㅋ,피아제 벽 느끼고 사망 ㅋㅋㅋ,63,63.0,모나코 왕자님 복귀 선언 ㅋㅋㅋ 피아제 벽 느끼고 사망 ㅋㅋㅋ,모나코 왕자님 복귀 선언 ㅋㅋㅋ 피아제 벽 느끼고 사망 ㅋㅋㅋ,0.17181327939033508,0.306609183549881,0.24156363308429718,0.11674939095973969,0.09484867751598358,0.06841588020324707
2024-08-25 23:22:33,막스 타이어 끝났는데 ㅋㅋㅋㅋ,어이가 없네,63,63.0,막스 타이어 끝났는데 ㅋㅋㅋㅋ 어이가 없네,막스 타이어 끝났는데 ㅋㅋㅋㅋ 어이가 없네,0.16318003833293915,0.2927131652832031,0.1196647435426712,0.22232574224472046,0.060019899159669876,0.14209645986557007
2024-08-25 23:22:34,하드는 수명 몇랩정도임??,,63,63.0,하드는 수명 몇랩정도임?? ,하드는 수명 몇랩정도임??,0.3521905243396759,0.22139964997768402,0.17818863689899445,0.0959150642156601,0.0893358513712883,0.06297028064727783
2024-08-25 23:22:34,르끌이 막스보다 빠르노ㅋㅋㅋ대황끌,,63,63.0,르끌이 막스보다 빠르노ㅋㅋㅋ대황끌 ,르끌이 막스보다 빠르노ㅋㅋㅋ대황끌,0.09709538519382477,0.12973347306251526,0.6603888869285583,0.05193560570478439,0.032410137355327606,0.028436563909053802
2024-08-25 23:22:36,17초는 ㅋㅋㅋㅋㅋㅋㅋㅅㅂ,첨보네,63,63.0,17초는 ㅋㅋㅋㅋㅋㅋㅋㅅㅂ 첨보네,17초는 ㅋㅋㅋㅋㅋㅋㅋㅅㅂ 첨보네,0.21497447788715363,0.2837867736816406,0.1188947930932045,0.1830012947320938,0.09931454807519913,0.10002811998128891
2024-08-25 23:22:38,미친 르끌 진짜 개미친새낀가ㅋㅋㅋㅋㅋ,ㅋㅋㅋㅋㅋ,63,63.0,미친 르끌 진짜 개미친새낀가ㅋㅋㅋㅋㅋ ㅋㅋㅋㅋㅋ,미친 르끌 진짜 개미친새낀가ㅋㅋㅋㅋㅋ ㅋㅋㅋㅋㅋ,0.19750669598579407,0.20276205241680145,0.11176685243844986,0.2703886330127716,0.09011707454919815,0.12745867669582367
2024-08-25 23:22:44,❕+범부‼+,,63,63.0,❕+범부‼+ ,❕+범부‼+,0.09588895738124847,0.1535787135362625,0.5838245153427124,0.08361229300498962,0.029374267905950546,0.053721290081739426
2024-08-25 23:22:48,피아제가 존나 올려치기 당했네ㅋㅋ,저 차로 페라리 하나를 못따는ㅋㅋ,63,63.0,피아제가 존나 올려치기 당했네ㅋㅋ 저 차로 페라리 하나를 못따는ㅋㅋ,피아제가 존나 올려치기 당했네ㅋㅋ 저 차로 페라리 하나를 못따는ㅋㅋ,0.27451714873313904,0.21466779708862305,0.072707399725914,0.1988196223974228,0.10589292645454407,0.13339515030384064
2024-08-25 23:22:51,뭐 하드 관리를 못한다 억까하던놈 어딨노ㅋㅋㅋㅋ,시발ㅋㅋㅋ,63,63.0,뭐 하드 관리를 못한다 억까하던놈 어딨노ㅋㅋㅋㅋ 시발ㅋㅋㅋ,뭐 하드 관리를 못한다 억까하던놈 어딨노ㅋㅋㅋㅋ 시발ㅋㅋㅋ,0.1952606737613678,0.21007418632507324,0.09400428086519241,0.27798113226890564,0.07402919977903366,0.14865046739578247
2024-08-25 23:22:52,이제 왔는데 지금까지 재밌었음??,,63,63.0,이제 왔는데 지금까지 재밌었음?? ,이제 왔는데 지금까지 재밌었음??,0.22726179659366608,0.33721718192100525,0.1792656034231186,0.09074673801660538,0.09255401045084,0.07295463979244232
2024-08-25 23:22:52,캬 안캐 쿠플뽕 넣는거 수준급이네ㅋㅋㅋㅋ,,63,63.0,캬 안캐 쿠플뽕 넣는거 수준급이네ㅋㅋㅋㅋ ,캬 안캐 쿠플뽕 넣는거 수준급이네ㅋㅋㅋㅋ,0.17237304151058197,0.16904927790164948,0.496427446603775,0.07619093358516693,0.05218765139579773,0.033771634101867676
2024-08-25 23:22:49,르끌레 개빠르네,피아제가 넘어갈라면 진작에 넘었어야 하는데 글렀노,63,63.0,르끌레 개빠르네 피아제가 넘어갈라면 진작에 넘었어야 하는데 글렀노,르끌레 개빠르네 피아제가 넘어갈라면 진작에 넘었어야 하는데 글렀노,0.2688446342945099,0.2747364044189453,0.07258625328540802,0.16690558195114136,0.10765624791383743,0.1092708632349968
2024-08-25 23:22:58,노리스견은 그냥 역대 최악의 팬덤이네,"몽골견 물탕견 단점만 모아둔 기분...
몽물대전은 웃기기라도 했지 노1사모는 그냥 불쾌함",63,63.0,"노리스견은 그냥 역대 최악의 팬덤이네 몽골견 물탕견 단점만 모아둔 기분...
몽물대전은 웃기기라도 했지 노1사모는 그냥 불쾌함",노리스견은 그냥 역대 최악의 팬덤이네 몽골견 물탕견 단점만 모아둔 기분... 몽물대전은 웃기기라도 했지 노1사모는 그냥 불쾌함,0.1510368436574936,0.20044952630996704,0.084296815097332,0.2738376259803772,0.05469326302409172,0.23568588495254517
2024-08-25 23:23:02,맥라렌 스트레이트에서 저렇게 빠르면 몬짜 기대되네,그냥 다 힘의차이가 느껴지십니까 할듯,63,63.0,맥라렌 스트레이트에서 저렇게 빠르면 몬짜 기대되네 그냥 다 힘의차이가 느껴지십니까 할듯,맥라렌 스트레이트에서 저렇게 빠르면 몬짜 기대되네 그냥 다 힘의차이가 느껴지십니까 할듯,0.31056109070777893,0.21427418291568756,0.24023129045963287,0.09359056502580643,0.09831204265356064,0.043030839413404465
2024-08-25 23:23:01,오 서킷 cg좀 이쁘네,ㅇㅇ,63,63.0,오 서킷 cg좀 이쁘네 ㅇㅇ,오 서킷 cg좀 이쁘네 ㅇㅇ,0.14600059390068054,0.17807424068450928,0.520395040512085,0.06890895962715149,0.0505424439907074,0.036078743636608124
2024-08-25 23:23:10,진짜 실종된 새끼,"아무나 갖다 박아봐라 쫌
- dc official App",63,63.0,"진짜 실종된 새끼 아무나 갖다 박아봐라 쫌
- dc official App",진짜 실종된 새끼 아무나 갖다 박아봐라 쫌,0.19213363528251648,0.14768840372562408,0.10663223266601562,0.28567248582839966,0.06993648409843445,0.19793672859668732
2024-08-25 23:23:10,은근 행복한 티포시는 개추,얼마만의 전략승 ㅋㅋ,63,63.0,은근 행복한 티포시는 개추 얼마만의 전략승 ㅋㅋ,은근 행복한 티포시는 개추 얼마만의 전략승 ㅋㅋ,0.05672786012291908,0.1127098947763443,0.7088629603385925,0.054534610360860825,0.026163766160607338,0.041000887751579285
2024-08-25 23:23:12,이거 유지해서 포디움 따면 르끌 dotd냐?,ㅇㅇ,63,63.0,이거 유지해서 포디움 따면 르끌 dotd냐? ㅇㅇ,이거 유지해서 포디움 따면 르끌 dotd냐? ㅇㅇ,0.3082282841205597,0.2527388334274292,0.17186929285526276,0.10153711587190628,0.09263384342193604,0.07299262285232544
2024-08-25 23:23:12,피아스트리 = 조루,"솔까 스파는 그냥 상황이 풀린거고 임마
레이스 성향이 좀 조루같음",63,63.0,"피아스트리 = 조루 솔까 스파는 그냥 상황이 풀린거고 임마
레이스 성향이 좀 조루같음",피아스트리 = 조루 솔까 스파는 그냥 상황이 풀린거고 임마 레이스 성향이 좀 조루같음,0.2658100128173828,0.2711322605609894,0.07974915206432343,0.1725306212902069,0.06535879522562027,0.1454191356897354
2024-08-25 23:23:15,페라리로 맥라렌을 몇 랩째 쳐 막노 ㅋㅋㅋ,ㅅㅂ 페라리만 아니었으면 이 새낀 무조건 드챔 한 번 먹었을건데,63,63.0,페라리로 맥라렌을 몇 랩째 쳐 막노 ㅋㅋㅋ ㅅㅂ 페라리만 아니었으면 이 새낀 무조건 드챔 한 번 먹었을건데,페라리로 맥라렌을 몇 랩째 쳐 막노 ㅋㅋㅋ ㅅㅂ 페라리만 아니었으면 이 새낀 무조건 드챔 한 번 먹었을건데,0.1944682002067566,0.21653707325458527,0.08275586366653442,0.2685723602771759,0.09168384224176407,0.14598262310028076
2024-08-25 23:23:15,하수: 드디어 르끌이 물에서 나왔구나,고수: 잠깐 숨쉬러 나오고 다음부터 다시 꼴아박겠구나,63,63.0,하수: 드디어 르끌이 물에서 나왔구나 고수: 잠깐 숨쉬러 나오고 다음부터 다시 꼴아박겠구나,하수: 드디어 르끌이 물에서 나왔구나 고수: 잠깐 숨쉬러 나오고 다음부터 다시 꼴아박겠구나,0.24873068928718567,0.30656862258911133,0.09577514976263046,0.11625801026821136,0.1137588694691658,0.11890871822834015
2024-08-25 23:23:15,인터벌 18초 중반 찍겠노 ㅋㅋㅋㅋ,ㅋㅋ,63,63.0,인터벌 18초 중반 찍겠노 ㅋㅋㅋㅋ ㅋㅋ,인터벌 18초 중반 찍겠노 ㅋㅋㅋㅋ ㅋㅋ,0.12283718585968018,0.14816498756408691,0.57953280210495,0.07769468426704407,0.037667207419872284,0.03410312905907631
2024-08-25 23:23:17,자우버 쟤네는 뒤에서 릴스찍느라 저리 늦는건가,어카냐 쟤네,63,63.0,자우버 쟤네는 뒤에서 릴스찍느라 저리 늦는건가 어카냐 쟤네,자우버 쟤네는 뒤에서 릴스찍느라 저리 늦는건가 어카냐 쟤네,0.2608731985092163,0.2817530035972595,0.09102235734462738,0.13726945221424103,0.1070716381072998,0.12201031297445297
2024-08-25 23:23:18,페레즈 따이는거 아니지???,"설마???
- dc official App",63,63.0,"페레즈 따이는거 아니지??? 설마???
- dc official App",페레즈 따이는거 아니지??? 설마???,0.3297533690929413,0.22039435803890228,0.1102554053068161,0.12959611415863037,0.12655562162399292,0.08344516158103943
2024-08-25 23:23:22,17초면 내려서 사진찍고 돌아도 되겠노 ㅋㅋ,ㅋㅋㅋㅋㅋ,63,63.0,17초면 내려서 사진찍고 돌아도 되겠노 ㅋㅋ ㅋㅋㅋㅋㅋ,17초면 내려서 사진찍고 돌아도 되겠노 ㅋㅋ ㅋㅋㅋㅋㅋ,0.165599524974823,0.18821042776107788,0.46644657850265503,0.08802153915166855,0.053290221840143204,0.038431692868471146
2024-08-25 23:23:26,체코 6등이겠네 이제 바퀴당 0.8초차 밖에 안나서,선방했네,63,63.0,체코 6등이겠네 이제 바퀴당 0.8초차 밖에 안나서 선방했네,체코 6등이겠네 이제 바퀴당 0.8초차 밖에 안나서 선방했네,0.1688167154788971,0.22957289218902588,0.41061121225357056,0.07078973203897476,0.06292195618152618,0.05728742107748985
2024-08-25 23:23:29,경 뭐야 적응한거냐구,미쳤네,64,64.0,경 뭐야 적응한거냐구 미쳤네,경 뭐야 적응한거냐구 미쳤네,0.2418988198041916,0.22092966735363007,0.11276816576719284,0.18451277911663055,0.11882683634757996,0.12106366455554962
2024-08-25 23:23:30,병신 진짜 따이진 않겠지?,ㅋㅋ 설마 ㅋㅋ,64,64.0,병신 진짜 따이진 않겠지? ㅋㅋ 설마 ㅋㅋ,병신 진짜 따이진 않겠지? ㅋㅋ 설마 ㅋㅋ,0.3354755640029907,0.21066036820411682,0.12687276303768158,0.12557218968868256,0.12972986698150635,0.07168924808502197
2024-08-25 23:23:31,DOD=네이버 야구탭 MVP 투표,무지성 투표랑 같은거임ㅇㅇ,64,64.0,DOD=네이버 야구탭 MVP 투표 무지성 투표랑 같은거임ㅇㅇ,DOD=네이버 야구탭 MVP 투표 무지성 투표랑 같은거임ㅇㅇ,0.3226536512374878,0.22008782625198364,0.07405104488134384,0.1668383926153183,0.07897088676691055,0.13739821314811707
2024-08-25 23:23:41,노장은 살아있닼ㅋ,ㅋ,64,64.0,노장은 살아있닼ㅋ ㅋ,노장은 살아있닼ㅋ ㅋ,0.0719861313700676,0.11416737735271454,0.678667426109314,0.06605054438114166,0.03152543678879738,0.037603069096803665
2024-08-25 23:23:42,르끌이 엄청 잘해주고있는데 ㅋㅋㅋ,각성했노,64,64.0,르끌이 엄청 잘해주고있는데 ㅋㅋㅋ 각성했노,르끌이 엄청 잘해주고있는데 ㅋㅋㅋ 각성했노,0.09241022914648056,0.136816143989563,0.6508029699325562,0.04813369736075401,0.037340614944696426,0.03449637442827225
2024-08-25 23:23:44,대 론 소 ㅋㅋㅋㅋㅋㅋ,,64,64.0,대 론 소 ㅋㅋㅋㅋㅋㅋ ,대 론 소 ㅋㅋㅋㅋㅋㅋ,0.08886922895908356,0.12399295717477798,0.6679093837738037,0.0632176473736763,0.024750012904405594,0.03126082941889763
2024-08-25 23:23:44,르클레르 = 그냥 개씨발 GOAT,이새낀 그냥 타이어가 안닳음,64,64.0,르클레르 = 그냥 개씨발 GOAT 이새낀 그냥 타이어가 안닳음,르클레르 = 그냥 개씨발 GOAT 이새낀 그냥 타이어가 안닳음,0.13680718839168549,0.18850073218345642,0.1309441328048706,0.3265105187892914,0.0634416714310646,0.1537957638502121
2024-08-25 23:23:41,대론소 ㅋㅋㅋ,,64,64.0,대론소 ㅋㅋㅋ ,대론소 ㅋㅋㅋ,0.08037712424993515,0.11227377504110336,0.6943193078041077,0.0564897321164608,0.025374894961714745,0.031165236607193947
2024-08-25 23:23:45,국왕님 ㅅㅅㅅㅅ,,64,64.0,국왕님 ㅅㅅㅅㅅ ,국왕님 ㅅㅅㅅㅅ,0.06294291466474533,0.12318500876426697,0.6835160851478577,0.055858027189970016,0.027158498764038086,0.04733943194150925
2024-08-25 23:23:45,노장은 살아있다 ㅋㅋㅋㅋㅋㅋㅋㅋㅋㅋㅋ,- dc official App,64,64.0,노장은 살아있다 ㅋㅋㅋㅋㅋㅋㅋㅋㅋㅋㅋ - dc official App,노장은 살아있다 ㅋㅋㅋㅋㅋㅋㅋㅋㅋㅋㅋ - dc official App,0.07225795090198517,0.1071351170539856,0.6995087265968323,0.061129357665777206,0.026267651468515396,0.03370117396116257
2024-08-25 23:23:46,노장은 살아있다ㅋㅋㅋㅋ,- dc official App,64,64.0,노장은 살아있다ㅋㅋㅋㅋ - dc official App,노장은 살아있다ㅋㅋㅋㅋ - dc official App,0.07778517156839371,0.10966320335865021,0.6845206618309021,0.06179144233465195,0.02925979718565941,0.03697974607348442
2024-08-25 23:23:46,대국왕ㅋㅋㅋㅋ,ㅋㅋㅋ,64,64.0,대국왕ㅋㅋㅋㅋ ㅋㅋㅋ,대국왕ㅋㅋㅋㅋ ㅋㅋㅋ,0.08280254900455475,0.12987907230854034,0.6736330986022949,0.056518275290727615,0.02675725519657135,0.030409788712859154
2024-08-25 23:23:44,저거 마그누센 아님?,,64,64.0,저거 마그누센 아님? ,저거 마그누센 아님?,0.3502099812030792,0.22351284325122833,0.1659957319498062,0.1103423535823822,0.08495678007602692,0.06498228758573532
2024-08-25 23:23:46,노장은 살아있다ㅋㅋㅋㅋ,,64,64.0,노장은 살아있다ㅋㅋㅋㅋ ,노장은 살아있다ㅋㅋㅋㅋ,0.07832378149032593,0.11433203518390656,0.6673761010169983,0.0649733692407608,0.03575227037072182,0.039242442697286606
2024-08-25 23:23:49,헐크의 꿈 증발 ㅠㅠ,타이어 개 오바긴함,64,64.0,헐크의 꿈 증발 ㅠㅠ 타이어 개 오바긴함,헐크의 꿈 증발 ㅠㅠ 타이어 개 오바긴함,0.1534237563610077,0.3090642988681793,0.11104174703359604,0.14532773196697235,0.06706025451421738,0.2140822857618332
2024-08-25 23:23:53,막스 딱대라 ㅋㅋ,- dc official App,64,64.0,막스 딱대라 ㅋㅋ - dc official App,막스 딱대라 ㅋㅋ - dc official App,0.10593551397323608,0.12770262360572815,0.6301015615463257,0.07258257269859314,0.029139982536435127,0.03453759104013443
2024-08-25 23:23:54,이새끼 추월하는거 오늘 처음보는거 같은데,애마 씨발새끼들,64,64.0,이새끼 추월하는거 오늘 처음보는거 같은데 애마 씨발새끼들,이새끼 추월하는거 오늘 처음보는거 같은데 애마 씨발새끼들,0.15212352573871613,0.1748036891222,0.12209003418684006,0.3237811326980591,0.06784781813621521,0.15935374796390533
2024-08-25 23:23:57,dod 투표방법,구글에 f1 vote 검색,64,64.0,dod 투표방법 구글에 f1 vote 검색,dod 투표방법 구글에 f1 vote 검색,0.25204741954803467,0.1917295902967453,0.36229732632637024,0.09349016845226288,0.05040232837200165,0.05003316327929497
2024-08-25 23:23:58,17초면 패랩용 스톱 ㄱㄴ이지 않냐,"진지하게 20초 갈거같은데
- ORACLE RED BULL RACING RB20",64,64.0,"17초면 패랩용 스톱 ㄱㄴ이지 않냐 진지하게 20초 갈거같은데
- ORACLE RED BULL RACING RB20",17초면 패랩용 스톱 ㄱㄴ이지 않냐 진지하게 20초 갈거같은데 - ORACLE RED BULL RACING RB20,0.2888505160808563,0.23236477375030518,0.24822445213794708,0.09700621664524078,0.07465572655200958,0.05889829620718956
2024-08-25 23:23:58,노짱은 살아있다ㅋㅋㅋㅋㅋㅋㅋ,,64,64.0,노짱은 살아있다ㅋㅋㅋㅋㅋㅋㅋ ,노짱은 살아있다ㅋㅋㅋㅋㅋㅋㅋ,0.08403324335813522,0.1297091394662857,0.6229064464569092,0.0691346749663353,0.040117017924785614,0.054099466651678085
2024-08-25 23:23:59,8랩..,- dc official App,64,64.0,8랩.. - dc official App,8랩.. - dc official App,0.20063558220863342,0.19448144733905792,0.427084743976593,0.09065822511911392,0.04020939767360687,0.04693058878183365
2024-08-25 23:24:10,안캐 방금 노짱은 살아있다 뭐노,????,64,64.0,안캐 방금 노짱은 살아있다 뭐노 ????,안캐 방금 노짱은 살아있다 뭐노 ????,0.2403341829776764,0.2978331446647644,0.10880208760499954,0.13205265998840332,0.11009830981492996,0.11087954044342041
2024-08-25 23:24:10,노리스: 패랩 얼마임?,,64,64.0,노리스: 패랩 얼마임? ,노리스: 패랩 얼마임?,0.2958565950393677,0.2132454663515091,0.28802570700645447,0.08323466777801514,0.07187025994062424,0.0477672815322876
2024-08-25 23:24:15,소중한 1포 ㅋㅋㅋㅋㅋ ㅠㅠㅠ,,64,64.0,소중한 1포 ㅋㅋㅋㅋㅋ ㅠㅠㅠ ,소중한 1포 ㅋㅋㅋㅋㅋ ㅠㅠㅠ,0.06316316872835159,0.14293470978736877,0.6132056713104248,0.07133948802947998,0.033278875052928925,0.0760781466960907
2024-08-25 23:24:22,뭐야 물탕이 언제 3초 줄였어,?,64,64.0,뭐야 물탕이 언제 3초 줄였어 ?,뭐야 물탕이 언제 3초 줄였어 ?,0.3164021074771881,0.2367234230041504,0.12755590677261353,0.13877558708190918,0.10352823138237,0.07701478898525238
2024-08-25 23:24:24,쥬지 이거 물탕이한테 따이면 진짜 씨발거 말이 안된다 메르 개새끼들,아오.. 이게,64,64.0,쥬지 이거 물탕이한테 따이면 진짜 씨발거 말이 안된다 메르 개새끼들 아오.. 이게,쥬지 이거 물탕이한테 따이면 진짜 씨발거 말이 안된다 메르 개새끼들 아오.. 이게,0.19960124790668488,0.16348405182361603,0.10430347919464111,0.27815380692481995,0.08075715601444244,0.173700213432312
2024-08-25 23:24:28,막스가 문제임? 레드불이 문제임??,"존나 못해서 재밌는데
쟤가 문제임? 아님 레드불이 똥차 만든거임?",64,64.0,"막스가 문제임? 레드불이 문제임?? 존나 못해서 재밌는데
쟤가 문제임? 아님 레드불이 똥차 만든거임?",막스가 문제임? 레드불이 문제임?? 존나 못해서 재밌는데 쟤가 문제임? 아님 레드불이 똥차 만든거임?,0.22409267723560333,0.2852269113063812,0.07259996980428696,0.19545777142047882,0.07299372553825378,0.14962899684906006
2024-08-25 23:24:30,개노잼이네 진짜,"에프원은 대체 언제 재밌어지냐 한쪽이 늘 압도적임
- dc official App",64,64.0,"개노잼이네 진짜 에프원은 대체 언제 재밌어지냐 한쪽이 늘 압도적임
- dc official App",개노잼이네 진짜 에프원은 대체 언제 재밌어지냐 한쪽이 늘 압도적임,0.131632998585701,0.3099139928817749,0.10901165008544922,0.19489406049251556,0.050259124487638474,0.20428813993930817
2024-08-25 23:24:31,애마자꾸어리버리까다 하스따네,근데 하스는당연히따야지,64,64.0,애마자꾸어리버리까다 하스따네 근데 하스는당연히따야지,애마자꾸어리버리까다 하스따네 근데 하스는당연히따야지,0.09818026423454285,0.2888130843639374,0.26753565669059753,0.14048603177070618,0.061805617064237595,0.14317935705184937
2024-08-25 23:24:35,■ 몽골은 아까 따일때 투무브 조졌어야 했음,,64,64.0,■ 몽골은 아까 따일때 투무브 조졌어야 했음 ,■ 몽골은 아까 따일때 투무브 조졌어야 했음,0.23968636989593506,0.1979449838399887,0.09969725459814072,0.22420327365398407,0.08359809219837189,0.15487001836299896
2024-08-25 23:24:35,르끌 피아제 수명차이 나지않음?,"르끌이 언더컷 존나빠르게가지않았나
어떻게 버티고 있노진짜
- dc official App",64,64.0,"르끌 피아제 수명차이 나지않음? 르끌이 언더컷 존나빠르게가지않았나
어떻게 버티고 있노진짜
- dc official App",르끌 피아제 수명차이 나지않음? 르끌이 언더컷 존나빠르게가지않았나 어떻게 버티고 있노진짜,0.2706909775733948,0.23643004894256592,0.07674847543239594,0.16865991055965424,0.12951603531837463,0.11795449256896973
2024-08-25 23:24:37,피아제 drs 재진입 ㅋㅋㅋㅋ,ㅋㅋ,64,64.0,피아제 drs 재진입 ㅋㅋㅋㅋ ㅋㅋ,피아제 drs 재진입 ㅋㅋㅋㅋ ㅋㅋ,0.09794040769338608,0.13049742579460144,0.629611074924469,0.07666953653097153,0.029774576425552368,0.03550691530108452
2024-08-25 23:24:38,주지가 따이면 ㅈㄴ웃기겠네ㅋㅋㅋ,,64,64.0,주지가 따이면 ㅈㄴ웃기겠네ㅋㅋㅋ ,주지가 따이면 ㅈㄴ웃기겠네ㅋㅋㅋ,0.2112133502960205,0.21103966236114502,0.38535767793655396,0.09473314881324768,0.0564531646668911,0.04120302572846413
2024-08-25 23:24:48,오늘의 쥬지는 대억까다,- dc official App,65,65.0,오늘의 쥬지는 대억까다 - dc official App,오늘의 쥬지는 대억까다 - dc official App,0.24397864937782288,0.25102606415748596,0.1701282262802124,0.1568763703107834,0.08481993526220322,0.09317071735858917
2024-08-25 23:24:49,러셀 ㅅㅂ 핏스탑 억까가 또 물탕이 밀어주네,좆같다ㅠㅠ,65,65.0,러셀 ㅅㅂ 핏스탑 억까가 또 물탕이 밀어주네 좆같다ㅠㅠ,러셀 ㅅㅂ 핏스탑 억까가 또 물탕이 밀어주네 좆같다ㅠㅠ,0.1146024540066719,0.18194948136806488,0.12411300092935562,0.2997857928276062,0.04172404110431671,0.23782530426979065
2024-08-25 23:24:54,르끌 미쳤다 ㅠㅠ 개잘해,ㅇㅇ,65,65.0,르끌 미쳤다 ㅠㅠ 개잘해 ㅇㅇ,르끌 미쳤다 ㅠㅠ 개잘해 ㅇㅇ,0.08680782467126846,0.15093322098255157,0.6198434829711914,0.05888599157333374,0.03635863587260246,0.04717092216014862
2024-08-25 23:24:54,18초 ㅋㅋㅋ,,65,65.0,18초 ㅋㅋㅋ ,18초 ㅋㅋㅋ,0.1318131983280182,0.16527485847473145,0.5521236658096313,0.07637431472539902,0.03791537508368492,0.03649860620498657
2024-08-25 23:24:57,막가 지난 3년간 행보를 보면 물탕이 커리어 슈퍼압축한 느낌임,"물탕이 이즈댓글록이라는 역대급 명대사 남기고 챔 먹음
몽골도 노마이키라는 명대사 남기고 챔 먹음
물탕이 위닝카타고 강점기 함
막가도 위닝카 타고 강점기 함
그리고 오늘 경기 보니까 업데이트 때문에 한순간 몰락하는것까지 완벽히 겹치는데
물탕이는 2010년대 후반 내내 씹고뜯고맛보고즐기고 갔지만
막가는 존나 개씨발 화끈하게 3년동안 화르륵 태우고 간다는데서 차이가 있음
여기서 몽골이 진짜 물탕이만큼 화끈해지려면
2027년에 페라리에 가서 몽물듀오를 해야 한다
조인 페라리",65,65.0,"막가 지난 3년간 행보를 보면 물탕이 커리어 슈퍼압축한 느낌임 물탕이 이즈댓글록이라는 역대급 명대사 남기고 챔 먹음
몽골도 노마이키라는 명대사 남기고 챔 먹음
물탕이 위닝카타고 강점기 함
막가도 위닝카 타고 강점기 함
그리고 오늘 경기 보니까 업데이트 때문에 한순간 몰락하는것까지 완벽히 겹치는데
물탕이는 2010년대 후반 내내 씹고뜯고맛보고즐기고 갔지만
막가는 존나 개씨발 화끈하게 3년동안 화르륵 태우고 간다는데서 차이가 있음
여기서 몽골이 진짜 물탕이만큼 화끈해지려면
2027년에 페라리에 가서 몽물듀오를 해야 한다
조인 페라리",막가 지난 3년간 행보를 보면 물탕이 커리어 슈퍼압축한 느낌임 물탕이 이즈댓글록이라는 역대급 명대사 남기고 챔 먹음 몽골도 노마이키라는 명대사 남기고 챔 먹음 물탕이 위닝카타고 강점기 함 막가도 위닝카 타고 강점기 함 그리고 오늘 경기 보니까 업데이트 때문에 한순간 몰락하는것까지 완벽히 겹치는데 물탕이는 2010년대 후반 내내 씹고뜯고맛보고즐기고 갔지만 막가는 존나 개씨발 화끈하게 3년동안 화르륵 태우고 간다는데서 차이가 있음 여기서 몽골이 진짜 물탕이만큼 화끈해지려면 2027년에 페라리에 가서 몽물듀오를 해야 한다 조인 페라리,0.24584880471229553,0.22694529592990875,0.15354789793491364,0.1421390026807785,0.13329856097698212,0.09822045266628265
2024-08-25 23:24:58,q3를 못가서 소프트를 아끼다니 럭키경키잖아~,,65,65.0,q3를 못가서 소프트를 아끼다니 럭키경키잖아~ ,q3를 못가서 소프트를 아끼다니 럭키경키잖아~,0.1648503541946411,0.27568310499191284,0.33161863684654236,0.08317126333713531,0.08444876968860626,0.06022786349058151
2024-08-25 23:24:58,졸다가 깼는데 쥬지 왜 소프트에 7위임?,"뭐야 뭔 일 있었음?
왜 갑자기
투스탑에 해밀턴보다 페이스도 밀리는거야",65,65.0,"졸다가 깼는데 쥬지 왜 소프트에 7위임? 뭐야 뭔 일 있었음?
왜 갑자기
투스탑에 해밀턴보다 페이스도 밀리는거야",졸다가 깼는데 쥬지 왜 소프트에 7위임? 뭐야 뭔 일 있었음? 왜 갑자기 투스탑에 해밀턴보다 페이스도 밀리는거야,0.23623774945735931,0.30825158953666687,0.09411449730396271,0.15441672503948212,0.08974391967058182,0.11723552644252777
2024-08-25 23:24:59,7랩..,- dc official App,65,65.0,7랩.. - dc official App,7랩.. - dc official App,0.20488925278186798,0.19832786917686462,0.4170517325401306,0.09185056388378143,0.03980282321572304,0.048077814280986786
2024-08-25 23:24:59,르끌 drs 또 도망,"ㅅㅂㅋㅎㅋㅎㅋ 희망고문이노
- dc official App",65,65.0,"르끌 drs 또 도망 ㅅㅂㅋㅎㅋㅎㅋ 희망고문이노
- dc official App",르끌 drs 또 도망 ㅅㅂㅋㅎㅋㅎㅋ 희망고문이노,0.11797788739204407,0.2681732475757599,0.10951511561870575,0.21975484490394592,0.052061937749385834,0.23251694440841675
2024-08-25 23:25:02,피아제 못딸거같은데,르끌이 바보처럼 배터리 안모으고 있겠나,65,65.0,피아제 못딸거같은데 르끌이 바보처럼 배터리 안모으고 있겠나,피아제 못딸거같은데 르끌이 바보처럼 배터리 안모으고 있겠나,0.36166927218437195,0.2234380543231964,0.0843237116932869,0.14077980816364288,0.09394185245037079,0.09584731608629227
2024-08-25 23:25:11,르끌 포디움 가자!!!,,65,65.0,르끌 포디움 가자!!! ,르끌 포디움 가자!!!,0.07084870338439941,0.1135636568069458,0.696266770362854,0.056961867958307266,0.026477176696062088,0.03588185831904411
2024-08-25 23:25:14,메르내전 각인가,타이어는 최대한 아끼고있었던거 같은데,65,65.0,메르내전 각인가 타이어는 최대한 아끼고있었던거 같은데,메르내전 각인가 타이어는 최대한 아끼고있었던거 같은데,0.316808819770813,0.2687893211841583,0.13727860152721405,0.10152007639408112,0.08941863477230072,0.08618459105491638
2024-08-25 23:25:15,오늘 노잼 아닌데 ㅋㅋㅋㅋ,맥라렌 팬은 아님 ㅇㅇ,65,65.0,오늘 노잼 아닌데 ㅋㅋㅋㅋ 맥라렌 팬은 아님 ㅇㅇ,오늘 노잼 아닌데 ㅋㅋㅋㅋ 맥라렌 팬은 아님 ㅇㅇ,0.19037273526191711,0.34615761041641235,0.14424796402454376,0.141105055809021,0.07606890052556992,0.10204765200614929
2024-08-25 23:25:22,좀만 버텨라 르끌,ㅅㅂ,65,65.0,좀만 버텨라 르끌 ㅅㅂ,좀만 버텨라 르끌 ㅅㅂ,0.1303170621395111,0.1958107203245163,0.11939604580402374,0.23487089574337006,0.05836955085396767,0.26123571395874023
2024-08-25 23:25:29,르끌은 맥스랑 가까워지는데 오히려,막판 가면 거의 똥꼬 따는거 아녀?,65,65.0,르끌은 맥스랑 가까워지는데 오히려 막판 가면 거의 똥꼬 따는거 아녀?,르끌은 맥스랑 가까워지는데 오히려 막판 가면 거의 똥꼬 따는거 아녀?,0.3592543601989746,0.20858219265937805,0.10120932757854462,0.1335805356502533,0.12268239259719849,0.07469122856855392
2024-08-25 23:25:30,경 어케 쥬지를따라왔지,,65,65.0,경 어케 쥬지를따라왔지 ,경 어케 쥬지를따라왔지,0.30994391441345215,0.22946202754974365,0.19978763163089752,0.10370077937841415,0.11307601630687714,0.044029612094163895
2024-08-25 23:25:36,쥬지는 핏스탑 크루들 빠따쳐야함,ㄹㅇ,65,65.0,쥬지는 핏스탑 크루들 빠따쳐야함 ㄹㅇ,쥬지는 핏스탑 크루들 빠따쳐야함 ㄹㅇ,0.1319519281387329,0.15684431791305542,0.21018895506858826,0.30667564272880554,0.04929079860448837,0.14504842460155487
2024-08-25 23:25:48,자갈밟았냐,,65,65.0,자갈밟았냐 ,자갈밟았냐,0.3524218201637268,0.1973729282617569,0.115015409886837,0.14604002237319946,0.10617624223232269,0.08297353237867355
2024-08-25 23:25:50,막스는 지금 일부러 거리 벌리는거다,노리스 플랜F마렵게 해서 핏스탑 ㅈ망하게하고 역전하려는거임 ㅇㅇ,65,65.0,막스는 지금 일부러 거리 벌리는거다 노리스 플랜F마렵게 해서 핏스탑 ㅈ망하게하고 역전하려는거임 ㅇㅇ,막스는 지금 일부러 거리 벌리는거다 노리스 플랜F마렵게 해서 핏스탑 ㅈ망하게하고 역전하려는거임 ㅇㅇ,0.3591642379760742,0.21845239400863647,0.10222436487674713,0.1324959546327591,0.09943666309118271,0.08822642266750336
2024-08-25 23:25:53,르끌이 피아스트리 거리 조절하는건가?,미쳤네,65,65.0,르끌이 피아스트리 거리 조절하는건가? 미쳤네,르끌이 피아스트리 거리 조절하는건가? 미쳤네,0.29471153020858765,0.22009716928005219,0.11004225164651871,0.16446678340435028,0.12437096238136292,0.08631130307912827
2024-08-25 23:25:58,생겨도 크루징인데 뭐 ㅋㅋㅋㅋ,ㅋㅋ,65,65.0,생겨도 크루징인데 뭐 ㅋㅋㅋㅋ ㅋㅋ,생겨도 크루징인데 뭐 ㅋㅋㅋㅋ ㅋㅋ,0.12998135387897491,0.27470287680625916,0.35919928550720215,0.11260765790939331,0.05502307787537575,0.0684858039021492
2024-08-25 23:25:59,지금 레이스 안보이고 초만 보고있는 티포시는 개추,- dc official App,66,66.0,지금 레이스 안보이고 초만 보고있는 티포시는 개추 - dc official App,지금 레이스 안보이고 초만 보고있는 티포시는 개추 - dc official App,0.22981952130794525,0.21835121512413025,0.3361615240573883,0.09770628809928894,0.06627999991178513,0.051681436598300934
2024-08-25 23:26:03,자우버 << 세이프티카 불러내고 퇴근 마려우면 개추,ㄹㅇ,66,66.0,자우버 << 세이프티카 불러내고 퇴근 마려우면 개추 ㄹㅇ,자우버 << 세이프티카 불러내고 퇴근 마려우면 개추 ㄹㅇ,0.14747491478919983,0.16369295120239258,0.4917801022529602,0.09268508851528168,0.0531294010579586,0.051237549632787704
2024-08-25 23:26:03,노리스 휠락ㅋㅋㅋㅋㅋ,- dc official App,66,66.0,노리스 휠락ㅋㅋㅋㅋㅋ - dc official App,노리스 휠락ㅋㅋㅋㅋㅋ - dc official App,0.09247556328773499,0.11768364161252975,0.663113534450531,0.06802450120449066,0.02344975620508194,0.035252995789051056
2024-08-25 23:26:05,누리스 타이어 간다ㅋㅋㅋㅋ,엌,66,66.0,누리스 타이어 간다ㅋㅋㅋㅋ 엌,누리스 타이어 간다ㅋㅋㅋㅋ 엌,0.06874971091747284,0.10769258439540863,0.7045906782150269,0.05874156951904297,0.023947183042764664,0.03627824783325195
2024-08-25 23:26:06,저 새끼는 크루징도 못하노,ㅋㅋㅋㅋㅋㅋㅋㅋㅋㅋㅋㅋㅋㅋㅋ,66,66.0,저 새끼는 크루징도 못하노 ㅋㅋㅋㅋㅋㅋㅋㅋㅋㅋㅋㅋㅋㅋㅋ,저 새끼는 크루징도 못하노 ㅋㅋㅋㅋㅋㅋㅋㅋㅋㅋㅋㅋㅋㅋㅋ,0.24483564496040344,0.24290333688259125,0.1049519032239914,0.2084609717130661,0.10031889379024506,0.09852928668260574
2024-08-25 23:26:08,오 드디어 락업,,66,66.0,오 드디어 락업 ,오 드디어 락업,0.08936016261577606,0.12493960559368134,0.6732739210128784,0.054659560322761536,0.027072573080658913,0.030694128945469856
2024-08-25 23:26:13,사실 골고루?갈리면? 플랫스팟이 아니지 않을까?,,66,66.0,사실 골고루?갈리면? 플랫스팟이 아니지 않을까? ,사실 골고루?갈리면? 플랫스팟이 아니지 않을까?,0.3219081461429596,0.2607811987400055,0.12520167231559753,0.10966333001852036,0.07325722277164459,0.10918842256069183
2024-08-25 23:26:13,노리스 비상~,플랫스팟이 뭐지 ?,66,66.0,노리스 비상~ 플랫스팟이 뭐지 ?,노리스 비상~ 플랫스팟이 뭐지 ?,0.2348143458366394,0.21007710695266724,0.36843326687812805,0.07227980345487595,0.06675796955823898,0.04763755947351456
2024-08-25 23:26:21,레드불은 차 개발안함?,제발 올해는 대충 월챔먹을거같으니까 내년차 개발중이라고 얘기해줘,66,66.0,레드불은 차 개발안함? 제발 올해는 대충 월챔먹을거같으니까 내년차 개발중이라고 얘기해줘,레드불은 차 개발안함? 제발 올해는 대충 월챔먹을거같으니까 내년차 개발중이라고 얘기해줘,0.2707354724407196,0.2690550684928894,0.15368790924549103,0.10382428020238876,0.08988186717033386,0.11281535774469376
2024-08-25 23:26:24,타갈노 ㅋㅋㅋㅋ,타이어 갈아마시는 노리스 ㅋㅋㅋㅋ,66,66.0,타갈노 ㅋㅋㅋㅋ 타이어 갈아마시는 노리스 ㅋㅋㅋㅋ,타갈노 ㅋㅋㅋㅋ 타이어 갈아마시는 노리스 ㅋㅋㅋㅋ,0.1552625596523285,0.1938563585281372,0.4724866449832916,0.09575599431991577,0.04324144870042801,0.039396971464157104
2024-08-25 23:26:25,비상 (18초차) ㅋㅋ,,66,66.0,비상 (18초차) ㅋㅋ ,비상 (18초차) ㅋㅋ,0.09519237279891968,0.14520251750946045,0.6107302904129028,0.07523486018180847,0.029798822477459908,0.04384114220738411
2024-08-25 23:26:26,6랩..,- dc official App,66,66.0,6랩.. - dc official App,6랩.. - dc official App,0.20905481278896332,0.2040017694234848,0.4044988453388214,0.09245310723781586,0.043601348996162415,0.046390142291784286
2024-08-25 23:26:29,플랫스팟이여도 18.4ㅋㅋ,"ㅅㅂㅋㅋ
- ORACLE RED BULL RACING RB20",66,66.0,"플랫스팟이여도 18.4ㅋㅋ ㅅㅂㅋㅋ
- ORACLE RED BULL RACING RB20",플랫스팟이여도 18.4ㅋㅋ ㅅㅂㅋㅋ - ORACLE RED BULL RACING RB20,0.13358651101589203,0.23492397367954254,0.12296678870916367,0.2836933732032776,0.04889436438679695,0.17593494057655334
2024-08-25 23:26:30,크루징 하는데도 실수하네 ㅋㅋ,,66,66.0,크루징 하는데도 실수하네 ㅋㅋ ,크루징 하는데도 실수하네 ㅋㅋ,0.30308836698532104,0.2744186222553253,0.09381360560655594,0.1409602165222168,0.10140043497085571,0.08631881326436996
2024-08-25 23:26:31,르끌 피아제 점점 벌어지는데??,르끌은 어케 버티고있냐 ㄷㄷ,66,66.0,르끌 피아제 점점 벌어지는데?? 르끌은 어케 버티고있냐 ㄷㄷ,르끌 피아제 점점 벌어지는데?? 르끌은 어케 버티고있냐 ㄷㄷ,0.32180866599082947,0.22270941734313965,0.10531199723482132,0.13744768500328064,0.13181108236312866,0.08091118931770325
2024-08-25 23:26:31,르끌 가즈아,- dc official App,66,66.0,르끌 가즈아 - dc official App,르끌 가즈아 - dc official App,0.11006153374910355,0.13677936792373657,0.6201806664466858,0.0641411617398262,0.02956843189895153,0.039268817752599716
2024-08-25 23:26:38,노리스 펑쳐 제발,개꿀잼일것같은데,66,66.0,노리스 펑쳐 제발 개꿀잼일것같은데,노리스 펑쳐 제발 개꿀잼일것같은데,0.1046714186668396,0.15310010313987732,0.6013526916503906,0.06712707877159119,0.03511416167020798,0.03863456845283508
2024-08-25 23:26:38,노리스 패랩 도전 ㄱㄱㄱㄱ,함 해보자 ㄱㄱㄱㄱㄱㄱ,66,66.0,노리스 패랩 도전 ㄱㄱㄱㄱ 함 해보자 ㄱㄱㄱㄱㄱㄱ,노리스 패랩 도전 ㄱㄱㄱㄱ 함 해보자 ㄱㄱㄱㄱㄱㄱ,0.1414533257484436,0.16549688577651978,0.5420265793800354,0.0666884034872055,0.044843316078186035,0.03949146717786789
2024-08-25 23:26:43,저래도 막스랑 격차는 계속 벌어지네,ㄷㄷ,66,66.0,저래도 막스랑 격차는 계속 벌어지네 ㄷㄷ,저래도 막스랑 격차는 계속 벌어지네 ㄷㄷ,0.3327708840370178,0.22667865455150604,0.10650010406970978,0.13423693180084229,0.12043971568346024,0.07937373965978622
2024-08-25 23:26:45,제발 한번 스핀하고 막랩에 배틀하자,봐줘,66,66.0,제발 한번 스핀하고 막랩에 배틀하자 봐줘,제발 한번 스핀하고 막랩에 배틀하자 봐줘,0.16006320714950562,0.1896970570087433,0.4426356256008148,0.07976704835891724,0.06762612611055374,0.0602109394967556
2024-08-25 23:26:46,근데 왜 더 벌어짐? ㅋㅋㅋㅋㅋㅋ,격차 더 벌어지는데? ㅋㅋㅋ,66,66.0,근데 왜 더 벌어짐? ㅋㅋㅋㅋㅋㅋ 격차 더 벌어지는데? ㅋㅋㅋ,근데 왜 더 벌어짐? ㅋㅋㅋㅋㅋㅋ 격차 더 벌어지는데? ㅋㅋㅋ,0.2968979477882385,0.2593187689781189,0.1118064820766449,0.14890916645526886,0.11507175862789154,0.06799585372209549
2024-08-25 23:26:47,케로위키 오픈 ㅋㅋㅋㅋ,,66,66.0,케로위키 오픈 ㅋㅋㅋㅋ ,케로위키 오픈 ㅋㅋㅋㅋ,0.07870814949274063,0.11075693368911743,0.6968462467193604,0.057610344141721725,0.02376006357371807,0.032318152487277985
2024-08-25 23:26:54,피아제 = 리카도 2호,위닝카로 슈퍼루키 세탁한 좆거품,66,66.0,피아제 = 리카도 2호 위닝카로 슈퍼루키 세탁한 좆거품,피아제 = 리카도 2호 위닝카로 슈퍼루키 세탁한 좆거품,0.2717638909816742,0.20079123973846436,0.09056350588798523,0.22702556848526,0.061249829828739166,0.14860601723194122
2024-08-25 23:26:55,왜 러셀이랑 경 붙어있냐,경 얘 퀄리 10등 밑 아니였음?,66,66.0,왜 러셀이랑 경 붙어있냐 경 얘 퀄리 10등 밑 아니였음?,왜 러셀이랑 경 붙어있냐 경 얘 퀄리 10등 밑 아니였음?,0.3370206654071808,0.22902894020080566,0.09521012008190155,0.1566162407398224,0.09230571240186691,0.08981835097074509
2024-08-25 23:27:02,페라리 타이어관리 미쳤는데?,"개지린다 ㄷㄷ
- dc official App",66,66.0,"페라리 타이어관리 미쳤는데? 개지린다 ㄷㄷ
- dc official App",페라리 타이어관리 미쳤는데? 개지린다 ㄷㄷ,0.3285280764102936,0.2028798907995224,0.20688176155090332,0.11179108917713165,0.10135644674301147,0.048562806099653244
2024-08-25 23:27:02,이대로 끝나겠노,,66,66.0,이대로 끝나겠노 ,이대로 끝나겠노,0.20195142924785614,0.2711105942726135,0.07976657152175903,0.15360784530639648,0.07665456086397171,0.2169089913368225
2024-08-25 23:27:03,스타트도 크루징도 못 하고 dotd는 좀,물몽 크루징은 이러지 않았는데,66,66.0,스타트도 크루징도 못 하고 dotd는 좀 물몽 크루징은 이러지 않았는데,스타트도 크루징도 못 하고 dotd는 좀 물몽 크루징은 이러지 않았는데,0.22512094676494598,0.29990050196647644,0.07672413438558578,0.15134675800800323,0.05657254159450531,0.19033512473106384
2024-08-25 23:27:05,온지 얼마안됐는데 오늘 노리스 왤케 까임?,(진짜모름),66,66.0,온지 얼마안됐는데 오늘 노리스 왤케 까임? (진짜모름),온지 얼마안됐는데 오늘 노리스 왤케 까임? (진짜모름),0.19400151073932648,0.349216103553772,0.08696895092725754,0.13909116387367249,0.09257753193378448,0.13814468681812286
2024-08-25 23:27:09,아니 르끌 막스를 따라잡고 있네,,66,66.0,아니 르끌 막스를 따라잡고 있네 ,아니 르끌 막스를 따라잡고 있네,0.32748445868492126,0.251267671585083,0.10971347242593765,0.12822242081165314,0.1222664937376976,0.061045464128255844
2024-08-25 23:27:11,르끌이 막스 못잡나,아쉽네 ㅋㅋㅋ,66,66.0,르끌이 막스 못잡나 아쉽네 ㅋㅋㅋ,르끌이 막스 못잡나 아쉽네 ㅋㅋㅋ,0.15847009420394897,0.3604224622249603,0.15994440019130707,0.1189664974808693,0.06062166392803192,0.1415749192237854
2024-08-25 23:27:12,케로는 뭐 모르는게 없노 ㅋㅋㅋㅋ,접착제 자갈?? 그걸 어케 아노 ㅋㅋㅋ,66,66.0,케로는 뭐 모르는게 없노 ㅋㅋㅋㅋ 접착제 자갈?? 그걸 어케 아노 ㅋㅋㅋ,케로는 뭐 모르는게 없노 ㅋㅋㅋㅋ 접착제 자갈?? 그걸 어케 아노 ㅋㅋㅋ,0.3145371377468109,0.20614488422870636,0.18605753779411316,0.13615940511226654,0.10978934913873672,0.04731171950697899
2024-08-25 23:27:17,러셀보다 경이 페이스 좋은게 말이 안되는데,,67,67.0,러셀보다 경이 페이스 좋은게 말이 안되는데 ,러셀보다 경이 페이스 좋은게 말이 안되는데,0.3420935273170471,0.24622005224227905,0.08688259869813919,0.14275963604450226,0.1019735336303711,0.08007065951824188
2024-08-25 23:27:19,르끌 오히려 막스 좁히노,음,67,67.0,르끌 오히려 막스 좁히노 음,르끌 오히려 막스 좁히노 음,0.27787888050079346,0.30549299716949463,0.1045822724699974,0.12569072842597961,0.057951509952545166,0.12840363383293152
2024-08-25 23:27:19,타이어 깎는 페라리 귀하다,이거거덩,67,67.0,타이어 깎는 페라리 귀하다 이거거덩,타이어 깎는 페라리 귀하다 이거거덩,0.2158200889825821,0.24636705219745636,0.23550885915756226,0.140886589884758,0.07895087450742722,0.0824664980173111
2024-08-25 23:27:23,메르 이 개병신새끼들 러셀 왜피트했냐?,,67,67.0,메르 이 개병신새끼들 러셀 왜피트했냐? ,메르 이 개병신새끼들 러셀 왜피트했냐?,0.14677385985851288,0.2220258265733719,0.11537513881921768,0.2803893983364105,0.04104166477918625,0.19439412653446198
2024-08-25 23:27:24,이게 퍼스트지 ㅋㅋ,- dc official App,67,67.0,이게 퍼스트지 ㅋㅋ - dc official App,이게 퍼스트지 ㅋㅋ - dc official App,0.0676329955458641,0.11347493529319763,0.694946825504303,0.05763396993279457,0.027161158621311188,0.039150040596723557
2024-08-25 23:27:35,오늘 진짜 뭔일이냐,"좋은 전략+드라이버 능력 이런 경기 얼마만이야
- dc official App",67,67.0,"오늘 진짜 뭔일이냐 좋은 전략+드라이버 능력 이런 경기 얼마만이야
- dc official App",오늘 진짜 뭔일이냐 좋은 전략+드라이버 능력 이런 경기 얼마만이야,0.09022721648216248,0.17076458036899567,0.5937153100967407,0.06343159824609756,0.0394720621407032,0.042389240115880966
2024-08-25 23:27:39,5랩남았다,- dc official App,67,67.0,5랩남았다 - dc official App,5랩남았다 - dc official App,0.15033285319805145,0.1779988706111908,0.5135835409164429,0.07581272721290588,0.03683521971106529,0.0454367995262146
2024-08-25 23:27:40,그냥 이대로 끝날거같다 대 르 끌,ㄹㅇ,67,67.0,그냥 이대로 끝날거같다 대 르 끌 ㄹㅇ,그냥 이대로 끝날거같다 대 르 끌 ㄹㅇ,0.18549010157585144,0.2746048867702484,0.0861540287733078,0.1362805813550949,0.08140847831964493,0.23606190085411072
2024-08-25 23:27:44,내 살다살다 맥팬인데 미끌이도 응원해보네,"피아스트리 이 병신 위닝카 쥐어줬더니 체코행동이나하고
미끌이 포디움 줘라 저정도로 똥차로 눈물의 똥꼬쇼하는데",67,67.0,"내 살다살다 맥팬인데 미끌이도 응원해보네 피아스트리 이 병신 위닝카 쥐어줬더니 체코행동이나하고
미끌이 포디움 줘라 저정도로 똥차로 눈물의 똥꼬쇼하는데",내 살다살다 맥팬인데 미끌이도 응원해보네 피아스트리 이 병신 위닝카 쥐어줬더니 체코행동이나하고 미끌이 포디움 줘라 저정도로 똥차로 눈물의 똥꼬쇼하는데,0.22996893525123596,0.2109069526195526,0.09305036813020706,0.22110606729984283,0.12279494851827621,0.12217270582914352
2024-08-25 23:27:46,왕자님 미쳤네 1.2초를 아슬아슬하게 계속 버티노 ㅋㅋㅋ,ㅋㅋ,67,67.0,왕자님 미쳤네 1.2초를 아슬아슬하게 계속 버티노 ㅋㅋㅋ ㅋㅋ,왕자님 미쳤네 1.2초를 아슬아슬하게 계속 버티노 ㅋㅋㅋ ㅋㅋ,0.19060470163822174,0.19217714667320251,0.45477747917175293,0.06896699965000153,0.06121513620018959,0.03225850313901901
2024-08-25 23:27:46,르끌 +3등 사인즈 +5등 오늘 무슨 날인가,웬일이래,67,67.0,르끌 +3등 사인즈 +5등 오늘 무슨 날인가 웬일이래,르끌 +3등 사인즈 +5등 오늘 무슨 날인가 웬일이래,0.24084128439426422,0.2574249804019928,0.28418076038360596,0.08681795746088028,0.0819670557975769,0.04876793920993805
2024-08-25 23:27:49,이 글 개추 하나당 노리스 펑쳐 확률 1% 증가,체코 우승 확률도 같이 증가,67,67.0,이 글 개추 하나당 노리스 펑쳐 확률 1% 증가 체코 우승 확률도 같이 증가,이 글 개추 하나당 노리스 펑쳐 확률 1% 증가 체코 우승 확률도 같이 증가,0.07885038107633591,0.12729015946388245,0.6696783900260925,0.055588435381650925,0.029915213584899902,0.038677409291267395
2024-08-25 23:27:51,왜 레드불은 레고로 안나옴?,"맥라렌,메르세데스,페라리,애스턴마틴도 나왔는데",67,67.0,"왜 레드불은 레고로 안나옴? 맥라렌,메르세데스,페라리,애스턴마틴도 나왔는데","왜 레드불은 레고로 안나옴? 맥라렌,메르세데스,페라리,애스턴마틴도 나왔는데",0.21382130682468414,0.31933051347732544,0.11810522526502609,0.14395329356193542,0.04382144287228584,0.16096819937229156
2024-08-25 23:27:55,컨챔 ㅋㅋㅋㅋㅋㅋㅋ,- dc official App,67,67.0,컨챔 ㅋㅋㅋㅋㅋㅋㅋ - dc official App,컨챔 ㅋㅋㅋㅋㅋㅋㅋ - dc official App,0.08508741110563278,0.1121375560760498,0.6833484768867493,0.06383081525564194,0.022664764896035194,0.032930999994277954
2024-08-25 23:27:55,와 31포차 ㄷㄷㄷㄷ,,67,67.0,와 31포차 ㄷㄷㄷㄷ ,와 31포차 ㄷㄷㄷㄷ,0.33142948150634766,0.2010926902294159,0.202254518866539,0.11240334063768387,0.10622972995042801,0.04659024998545647
2024-08-25 23:27:56,백마커 질문,백마커가 뒤에 선두차 만나면 액셀 떼거나 브레이크 살짝 밟아서라도 보내줘야함 아니면 지나갈거면 지나가봐라 막지는 않는다임?,67,67.0,백마커 질문 백마커가 뒤에 선두차 만나면 액셀 떼거나 브레이크 살짝 밟아서라도 보내줘야함 아니면 지나갈거면 지나가봐라 막지는 않는다임?,백마커 질문 백마커가 뒤에 선두차 만나면 액셀 떼거나 브레이크 살짝 밟아서라도 보내줘야함 아니면 지나갈거면 지나가봐라 막지는 않는다임?,0.30904051661491394,0.2657913565635681,0.09780777990818024,0.12406937032938004,0.07953191548585892,0.12375909090042114
2024-08-25 23:27:57,엔진 언제터지냐 뉴네오애새끼,"ㅅㅂ
- ORACLE RED BULL RACING RB20",67,67.0,"엔진 언제터지냐 뉴네오애새끼 ㅅㅂ
- ORACLE RED BULL RACING RB20",엔진 언제터지냐 뉴네오애새끼 ㅅㅂ - ORACLE RED BULL RACING RB20,0.11936099827289581,0.21281595528125763,0.1815394163131714,0.27257776260375977,0.030826477333903313,0.18287941813468933
2024-08-25 23:27:59,러셀경 좀 실망인데,차에 문제 있는거 아님?,67,67.0,러셀경 좀 실망인데 차에 문제 있는거 아님?,러셀경 좀 실망인데 차에 문제 있는거 아님?,0.332581490278244,0.24274981021881104,0.09394054859876633,0.12555019557476044,0.08924786746501923,0.1159299984574318
2024-08-25 23:28:01,31점 차네 이제,,67,67.0,31점 차네 이제 ,31점 차네 이제,0.10977001488208771,0.19086097180843353,0.5465447306632996,0.06724782288074493,0.04228726774454117,0.04328920319676399
2024-08-25 23:28:04,아오 애니보러가야지,,67,67.0,아오 애니보러가야지 ,아오 애니보러가야지,0.07267612218856812,0.1798928678035736,0.5172732472419739,0.12150164693593979,0.03135990351438522,0.07729620486497879
2024-08-25 23:28:05,피아제 30랩째 꽁무니ㅋㅋㅋㅋ,ㅋㅋㅋ,67,67.0,피아제 30랩째 꽁무니ㅋㅋㅋㅋ ㅋㅋㅋ,피아제 30랩째 꽁무니ㅋㅋㅋㅋ ㅋㅋㅋ,0.1725408136844635,0.2670448422431946,0.3236953318119049,0.11764363199472427,0.06148828566074371,0.057587068527936935
2024-08-25 23:28:13,컨챔 진짜 따이겠는데 ㅋㅋㅋㅋ,ㅋㅋㅋㅋ,67,67.0,컨챔 진짜 따이겠는데 ㅋㅋㅋㅋ ㅋㅋㅋㅋ,컨챔 진짜 따이겠는데 ㅋㅋㅋㅋ ㅋㅋㅋㅋ,0.12630656361579895,0.1559000164270401,0.5865232348442078,0.06449708342552185,0.03472011536359787,0.032053038477897644
2024-08-25 23:28:21,인터벌 20초 예정 ㅋㅋㅋㅋ,ㅋㅋ,67,67.0,인터벌 20초 예정 ㅋㅋㅋㅋ ㅋㅋ,인터벌 20초 예정 ㅋㅋㅋㅋ ㅋㅋ,0.08558109402656555,0.136180579662323,0.6294923424720764,0.07694380730390549,0.028732741251587868,0.04306934401392937
2024-08-25 23:28:22,옐로플랙하나 안나오고 노잼이다,이게머노........ 빨리 하나 꼴아박아라,67,67.0,옐로플랙하나 안나오고 노잼이다 이게머노........ 빨리 하나 꼴아박아라,옐로플랙하나 안나오고 노잼이다 이게머노........ 빨리 하나 꼴아박아라,0.14660413563251495,0.2959369122982025,0.09761403501033783,0.21146167814731598,0.06690273433923721,0.18148058652877808
2024-08-25 23:28:22,여여.. 르끌 힘내.. 좀만 버텨,ㅇㅇ,67,67.0,여여.. 르끌 힘내.. 좀만 버텨 ㅇㅇ,여여.. 르끌 힘내.. 좀만 버텨 ㅇㅇ,0.2027292549610138,0.22193101048469543,0.2696623206138611,0.09802724421024323,0.09241785109043121,0.11523229628801346
2024-08-25 23:28:23,rb19 vs rb20,,67,67.0,rb19 vs rb20 ,rb19 vs rb20,0.2339845448732376,0.24179956316947937,0.29154178500175476,0.11517459899187088,0.045481014996767044,0.07201853394508362
2024-08-25 23:28:35,컨챔은 버렸다,"2021 아부다비만 하지 말아다오
- ORACLE RED BULL RACING RB20",68,68.0,"컨챔은 버렸다 2021 아부다비만 하지 말아다오
- ORACLE RED BULL RACING RB20",컨챔은 버렸다 2021 아부다비만 하지 말아다오 - ORACLE RED BULL RACING RB20,0.13805128633975983,0.27792975306510925,0.17710404098033905,0.16784149408340454,0.05178916081786156,0.1872842162847519
2024-08-25 23:28:35,유입인데 이런경기가 계속 나온거임?,"차성능대결이였음?ㄷㄷㄷ
19초차이 뭠데 ㅅㅂ",68,68.0,"유입인데 이런경기가 계속 나온거임? 차성능대결이였음?ㄷㄷㄷ
19초차이 뭠데 ㅅㅂ",유입인데 이런경기가 계속 나온거임? 차성능대결이였음?ㄷㄷㄷ 19초차이 뭠데 ㅅㅂ,0.21234697103500366,0.24929259717464447,0.08854899555444717,0.216350719332695,0.09380864351987839,0.13965213298797607
2024-08-25 23:28:35,컨챔따이는건 확정아닌가ㅋㅋㅋ,,68,68.0,컨챔따이는건 확정아닌가ㅋㅋㅋ ,컨챔따이는건 확정아닌가ㅋㅋㅋ,0.15865646302700043,0.19525735080242157,0.42827823758125305,0.10951223969459534,0.054341744631528854,0.05395391583442688
2024-08-25 23:28:36,내가 르끌 피아제 간격 1초 넘는지만 확인하는 티포시면 개추 ㅋㅋㅋ,ㅇㄷㄴㅂㅌ ㅋㅋㅋ,68,68.0,내가 르끌 피아제 간격 1초 넘는지만 확인하는 티포시면 개추 ㅋㅋㅋ ㅇㄷㄴㅂㅌ ㅋㅋㅋ,내가 르끌 피아제 간격 1초 넘는지만 확인하는 티포시면 개추 ㅋㅋㅋ ㅇㄷㄴㅂㅌ ㅋㅋㅋ,0.10871028155088425,0.15014506876468658,0.580265462398529,0.08228649944067001,0.039300549775362015,0.03929212689399719
2024-08-25 23:28:37,메르세데스 욕하지마라,또 이지랄 할까봐 안전빵 간거 같음,68,68.0,메르세데스 욕하지마라 또 이지랄 할까봐 안전빵 간거 같음,메르세데스 욕하지마라 또 이지랄 할까봐 안전빵 간거 같음,0.20155666768550873,0.30977967381477356,0.08912590891122818,0.13050757348537445,0.0896376296877861,0.17939256131649017
2024-08-25 23:28:37,몽르는 계속 줄어드네 ㅋㅋㅋㅋㅋ,근데 왜 시발 뒤랑은 안벌어지냐!!!!,68,68.0,몽르는 계속 줄어드네 ㅋㅋㅋㅋㅋ 근데 왜 시발 뒤랑은 안벌어지냐!!!!,몽르는 계속 줄어드네 ㅋㅋㅋㅋㅋ 근데 왜 시발 뒤랑은 안벌어지냐!!!!,0.1204245537519455,0.30136343836784363,0.12736453115940094,0.22705410420894623,0.06629730015993118,0.1574961245059967
2024-08-25 23:28:38,인터벌 왜 계속 벌어지노,,68,68.0,인터벌 왜 계속 벌어지노 ,인터벌 왜 계속 벌어지노,0.21514323353767395,0.28967320919036865,0.09645514190196991,0.16812202334403992,0.08663458377122879,0.14397181570529938
2024-08-25 23:28:38,누리스 근데 크루징하다 삑난거 ㅈㄴ 웃기네,ㅋㅋㅋ,68,68.0,누리스 근데 크루징하다 삑난거 ㅈㄴ 웃기네 ㅋㅋㅋ,누리스 근데 크루징하다 삑난거 ㅈㄴ 웃기네 ㅋㅋㅋ,0.12220720946788788,0.17316283285617828,0.5602465271949768,0.07141575962305069,0.034648098051548004,0.03831951320171356
2024-08-25 23:28:39,르끌 이 악물고 밟네 ㅋㅋ,,68,68.0,르끌 이 악물고 밟네 ㅋㅋ ,르끌 이 악물고 밟네 ㅋㅋ,0.24443596601486206,0.24096639454364777,0.10424696654081345,0.1948416382074356,0.12871725857257843,0.0867917463183403
2024-08-25 23:28:39,곧 20초  ㅋㅋㅋㅋ,,68,68.0,곧 20초  ㅋㅋㅋㅋ ,곧 20초 ㅋㅋㅋㅋ,0.1162143349647522,0.18521499633789062,0.5315840840339661,0.08306234329938889,0.04258930683135986,0.041335027664899826
2024-08-25 23:28:41,르끌아 좀만 더어 제발,제바알!!!!!!!,68,68.0,르끌아 좀만 더어 제발 제바알!!!!!!!,르끌아 좀만 더어 제발 제바알!!!!!!!,0.1302064061164856,0.18859237432479858,0.3993622064590454,0.10400310903787613,0.06408065557479858,0.1137552410364151
2024-08-25 23:28:43,노리스 사고나면,"역대급 대유잼됨?
일단 무관으로 도배될듯
- dc official App",68,68.0,"노리스 사고나면 역대급 대유잼됨?
일단 무관으로 도배될듯
- dc official App",노리스 사고나면 역대급 대유잼됨? 일단 무관으로 도배될듯,0.3084743916988373,0.25858956575393677,0.08940361440181732,0.12710058689117432,0.11442268639802933,0.10200916230678558
2024-08-25 23:28:55,어디 막스나 노리스 엔진 안 터지나,한명만 터지면 참 재밌겠는데,68,68.0,어디 막스나 노리스 엔진 안 터지나 한명만 터지면 참 재밌겠는데,어디 막스나 노리스 엔진 안 터지나 한명만 터지면 참 재밌겠는데,0.26745110750198364,0.24353951215744019,0.21458858251571655,0.10958340764045715,0.07987356185913086,0.084963858127594
2024-08-25 23:28:57,노리스 우승 못하면 버거,예아 안전자산,68,68.0,노리스 우승 못하면 버거 예아 안전자산,노리스 우승 못하면 버거 예아 안전자산,0.09008116275072098,0.16062454879283905,0.5715300440788269,0.07511352002620697,0.04352223500609398,0.059128537774086
2024-08-25 23:28:58,컨챔 먹고 드챔 못먹으면,위닝카 타고도 2등한 범부로 기록되겠네,68,68.0,컨챔 먹고 드챔 못먹으면 위닝카 타고도 2등한 범부로 기록되겠네,컨챔 먹고 드챔 못먹으면 위닝카 타고도 2등한 범부로 기록되겠네,0.2555994391441345,0.3033144772052765,0.08930642902851105,0.13090693950653076,0.11368393152952194,0.10718876868486404
2024-08-25 23:29:03,달리다가 타이어 터졌는데도 우승하는 경우 많음?,20 영국인가 해밀턴 터지고 우승한건 아는데 이거 말고 또 다른 경기 있음?,68,68.0,달리다가 타이어 터졌는데도 우승하는 경우 많음? 20 영국인가 해밀턴 터지고 우승한건 아는데 이거 말고 또 다른 경기 있음?,달리다가 타이어 터졌는데도 우승하는 경우 많음? 20 영국인가 해밀턴 터지고 우승한건 아는데 이거 말고 또 다른 경기 있음?,0.3278675079345703,0.23070496320724487,0.11927696317434311,0.1326071172952652,0.11634663492441177,0.07319686561822891
2024-08-25 23:29:04,르끌 이정도면 그냥 포디움 줘라 ㅠㅠ,ㄹㅇ ㅋㅋ,68,68.0,르끌 이정도면 그냥 포디움 줘라 ㅠㅠ ㄹㅇ ㅋㅋ,르끌 이정도면 그냥 포디움 줘라 ㅠㅠ ㄹㅇ ㅋㅋ,0.12299051880836487,0.2919009029865265,0.1472838968038559,0.15179255604743958,0.08108360320329666,0.2049485296010971
2024-08-25 23:29:05,르끌레 버텨잇,,68,68.0,르끌레 버텨잇 ,르끌레 버텨잇,0.10961109399795532,0.15041713416576385,0.553727924823761,0.07321232557296753,0.048982538282871246,0.06404898315668106
2024-08-25 23:29:06,진짜 20초 찍겠노 ㅋㅋㅋ,ㅋㅋㅋㅋㅋㅋㅋ,68,68.0,진짜 20초 찍겠노 ㅋㅋㅋ ㅋㅋㅋㅋㅋㅋㅋ,진짜 20초 찍겠노 ㅋㅋㅋ ㅋㅋㅋㅋㅋㅋㅋ,0.1517217755317688,0.20878338813781738,0.46298640966415405,0.08731630444526672,0.051596298813819885,0.03759579360485077
2024-08-25 23:29:08,패랩도전 가겟네 ㅅㅂㅋㅋㅋ,작년 막가놈보는거같네,68,68.0,패랩도전 가겟네 ㅅㅂㅋㅋㅋ 작년 막가놈보는거같네,패랩도전 가겟네 ㅅㅂㅋㅋㅋ 작년 막가놈보는거같네,0.17426812648773193,0.22472135722637177,0.09530982375144958,0.26334476470947266,0.09511347115039825,0.14724242687225342
2024-08-25 23:29:09,진짜 몽골 퇴물 다됐네,"ㄹㅇ
- dc official App",68,68.0,"진짜 몽골 퇴물 다됐네 ㄹㅇ
- dc official App",진짜 몽골 퇴물 다됐네 ㄹㅇ,0.2556160092353821,0.23473474383354187,0.07461952418088913,0.1985577791929245,0.11060966551303864,0.1258622407913208
2024-08-25 23:29:12,7승ㅋㅋㅋㅋㅋㅋ,,68,68.0,7승ㅋㅋㅋㅋㅋㅋ ,7승ㅋㅋㅋㅋㅋㅋ,0.07449834793806076,0.11691295355558395,0.679507851600647,0.06372050940990448,0.027128959074616432,0.03823144733905792
2024-08-25 23:29:15,크루징 하다가 꼬라박고 갑자기 2위가 날먹한 경우도 있음?,궁금해지노,68,68.0,크루징 하다가 꼬라박고 갑자기 2위가 날먹한 경우도 있음? 궁금해지노,크루징 하다가 꼬라박고 갑자기 2위가 날먹한 경우도 있음? 궁금해지노,0.3616064786911011,0.20964711904525757,0.14798983931541443,0.10921033471822739,0.10694558173418045,0.06460069119930267
2024-08-25 23:29:16,르끌아제발르끌아제발르끌아제발,,68,68.0,르끌아제발르끌아제발르끌아제발 ,르끌아제발르끌아제발르끌아제발,0.14149798452854156,0.22754938900470734,0.17668190598487854,0.20099975168704987,0.06368112564086914,0.18958987295627594
2024-08-25 23:29:19,컨챔은 무조건역전이겠고 드챔이 재밌겟네,21 아부다비급 마지막 gp에서 결정 가자,68,68.0,컨챔은 무조건역전이겠고 드챔이 재밌겟네 21 아부다비급 마지막 gp에서 결정 가자,컨챔은 무조건역전이겠고 드챔이 재밌겟네 21 아부다비급 마지막 gp에서 결정 가자,0.13872019946575165,0.1730513572692871,0.5278392434120178,0.07567566633224487,0.04132372513413429,0.04338987544178963
2024-08-25 23:29:24,노리스 DOD챔ㅋㅋㅋㅋㅋㅋㅋㅋㅋㅋㅋㅋㅋㅋㅋㅋㅋㅋ,7승ㅋㅋㅋㅋㅋㅋㅋㅋㅋㅋㅋㅋㅋㅋㅋㅋㅋㅋ,68,68.0,노리스 DOD챔ㅋㅋㅋㅋㅋㅋㅋㅋㅋㅋㅋㅋㅋㅋㅋㅋㅋㅋ 7승ㅋㅋㅋㅋㅋㅋㅋㅋㅋㅋㅋㅋㅋㅋㅋㅋㅋㅋ,노리스 DOD챔ㅋㅋㅋㅋㅋㅋㅋㅋㅋㅋㅋㅋㅋㅋㅋㅋㅋㅋ 7승ㅋㅋㅋㅋㅋㅋㅋㅋㅋㅋㅋㅋㅋㅋㅋㅋㅋㅋ,0.07678364217281342,0.12141600996255875,0.6783030033111572,0.06333915144205093,0.026211638003587723,0.03394654020667076
2024-08-25 23:29:33,르끌 막스랑 격차 줄어드네,미친새끼ㅋㅋ,68,68.0,르끌 막스랑 격차 줄어드네 미친새끼ㅋㅋ,르끌 막스랑 격차 줄어드네 미친새끼ㅋㅋ,0.22903203964233398,0.2219717800617218,0.09742992371320724,0.2342703640460968,0.10801174491643906,0.10928419977426529
2024-08-25 23:29:33,나 진짜 노리스 패랩 도전 보고싶음,함 해봐라 진짜 될거같은데,68,68.0,나 진짜 노리스 패랩 도전 보고싶음 함 해봐라 진짜 될거같은데,나 진짜 노리스 패랩 도전 보고싶음 함 해봐라 진짜 될거같은데,0.22104530036449432,0.2014804184436798,0.38508734107017517,0.0844317376613617,0.06556601822376251,0.04238913580775261
2024-08-25 23:29:36,몽골견들아 이제 알겠냐?,"작년에는 니들이 저랬다고 ㅋㅋㅋㅋㅋㅋ
- dc official App",68,68.0,"몽골견들아 이제 알겠냐? 작년에는 니들이 저랬다고 ㅋㅋㅋㅋㅋㅋ
- dc official App",몽골견들아 이제 알겠냐? 작년에는 니들이 저랬다고 ㅋㅋㅋㅋㅋㅋ,0.21848657727241516,0.19840197265148163,0.1235412061214447,0.2512517273426056,0.10541432350873947,0.10290411859750748
2024-08-25 23:29:40,르끌레 막스랑 차이 줄어드는거 뭐임?,실화..?,68,68.0,르끌레 막스랑 차이 줄어드는거 뭐임? 실화..?,르끌레 막스랑 차이 줄어드는거 뭐임? 실화..?,0.30607327818870544,0.2390999048948288,0.10497719049453735,0.14694395661354065,0.10767854005098343,0.09522709995508194
2024-08-25 23:29:41,오늘은 별로 재미가 없노,"후반 가니까 추월도 거의 없고
- dc official App",68,68.0,"오늘은 별로 재미가 없노 후반 가니까 추월도 거의 없고
- dc official App",오늘은 별로 재미가 없노 후반 가니까 추월도 거의 없고,0.1273425966501236,0.3191932439804077,0.12859557569026947,0.16522495448589325,0.057379189878702164,0.2022644579410553
2024-08-25 23:29:43,오늘자 이새끼 왜 안미끄러짐?,진짜 궁금하네,68,68.0,오늘자 이새끼 왜 안미끄러짐? 진짜 궁금하네,오늘자 이새끼 왜 안미끄러짐? 진짜 궁금하네,0.2641110420227051,0.23638904094696045,0.0958627387881279,0.18085847795009613,0.08286558836698532,0.13991311192512512
2024-08-25 23:29:43,맥라렌에는 풍자가 있네?,ㅋㅋㅋ,68,68.0,맥라렌에는 풍자가 있네? ㅋㅋㅋ,맥라렌에는 풍자가 있네? ㅋㅋㅋ,0.23368997871875763,0.23057055473327637,0.3190953731536865,0.10757917165756226,0.06553387641906738,0.043530967086553574
2024-08-25 23:29:45,4랩..,- dc official App,69,69.0,4랩.. - dc official App,4랩.. - dc official App,0.22214385867118835,0.21781228482723236,0.3656318187713623,0.09702646732330322,0.047186627984046936,0.05019901320338249
2024-08-25 23:29:46,폴투윈(뭔가 이상한),스타트에서 따잇 당했지만 아무튼 폴투윈 ㅋㅋㅋ,69,69.0,폴투윈(뭔가 이상한) 스타트에서 따잇 당했지만 아무튼 폴투윈 ㅋㅋㅋ,폴투윈(뭔가 이상한) 스타트에서 따잇 당했지만 아무튼 폴투윈 ㅋㅋㅋ,0.11484364420175552,0.2293844074010849,0.4418805241584778,0.11156993359327316,0.04471062868833542,0.057610899209976196
2024-08-25 23:29:49,T1도 못지킨걸 폴투윈이라 불러도 되는거 맞냐 ㅋㅋㅋ,폴투윈은 맞는데 ..... 사실상 P2투윈 아니냐 ㅋㅋ,69,69.0,T1도 못지킨걸 폴투윈이라 불러도 되는거 맞냐 ㅋㅋㅋ 폴투윈은 맞는데 ..... 사실상 P2투윈 아니냐 ㅋㅋ,T1도 못지킨걸 폴투윈이라 불러도 되는거 맞냐 ㅋㅋㅋ 폴투윈은 맞는데 ..... 사실상 P2투윈 아니냐 ㅋㅋ,0.274660587310791,0.24501605331897736,0.08061391115188599,0.18405894935131073,0.08375868201255798,0.13189184665679932
2024-08-25 23:29:50,르끌 4초대 입갤,굿,69,69.0,르끌 4초대 입갤 굿,르끌 4초대 입갤 굿,0.07443822175264359,0.11888968199491501,0.6811899542808533,0.05505545437335968,0.03002960793673992,0.04039705917239189
2024-08-25 23:29:51,르끌 그새 4.5초까지 좁혔네,진짜 이 꽉물고 달리나보네ㅋㅋㅋㅋㅋㅋ,69,69.0,르끌 그새 4.5초까지 좁혔네 진짜 이 꽉물고 달리나보네ㅋㅋㅋㅋㅋㅋ,르끌 그새 4.5초까지 좁혔네 진짜 이 꽉물고 달리나보네ㅋㅋㅋㅋㅋㅋ,0.282321959733963,0.20458818972110748,0.1880430281162262,0.1329103708267212,0.1355726271867752,0.056563813239336014
2024-08-25 23:29:53,시발 이러면 31점차밖에안난다고??,"이새기가 진짜 큰일을 쳐해냇구나 결국엔
- dc official App",69,69.0,"시발 이러면 31점차밖에안난다고?? 이새기가 진짜 큰일을 쳐해냇구나 결국엔
- dc official App",시발 이러면 31점차밖에안난다고?? 이새기가 진짜 큰일을 쳐해냇구나 결국엔,0.26508650183677673,0.17405417561531067,0.11560972034931183,0.18603059649467468,0.14942504465579987,0.10979394614696503
2024-08-25 23:29:57,이새끼 진짜 뭐함,"저우 왜 GP2 타고있냐
- dc official App",69,69.0,"이새끼 진짜 뭐함 저우 왜 GP2 타고있냐
- dc official App",이새끼 진짜 뭐함 저우 왜 GP2 타고있냐,0.2139359563589096,0.23613066971302032,0.07848614454269409,0.23042450845241547,0.07216307520866394,0.16885964572429657
2024-08-25 23:30:00,르끌은 타이어만 ㄱㅊ으면 멍골 따겠다,ㅇㅇ,69,69.0,르끌은 타이어만 ㄱㅊ으면 멍골 따겠다 ㅇㅇ,르끌은 타이어만 ㄱㅊ으면 멍골 따겠다 ㅇㅇ,0.18446418642997742,0.21404609084129333,0.36869457364082336,0.09642086923122406,0.05823824554681778,0.07813602685928345
2024-08-25 23:30:01,이새끼 좆망이라 기분좋은 엡붕이들 개추,ㄹㅇ,69,69.0,이새끼 좆망이라 기분좋은 엡붕이들 개추 ㄹㅇ,이새끼 좆망이라 기분좋은 엡붕이들 개추 ㄹㅇ,0.09040746837854385,0.16573166847229004,0.4445760250091553,0.16155888140201569,0.04203774407505989,0.09568825364112854
2024-08-25 23:30:05,근데 사전트 츠노다 잘막네ㅋㅋㅋㅋ 따일듯 안따일듯ㅋㅋㅋ,,69,69.0,근데 사전트 츠노다 잘막네ㅋㅋㅋㅋ 따일듯 안따일듯ㅋㅋㅋ ,근데 사전트 츠노다 잘막네ㅋㅋㅋㅋ 따일듯 안따일듯ㅋㅋㅋ,0.21095062792301178,0.20493987202644348,0.41439685225486755,0.06870310008525848,0.06510023772716522,0.035909343510866165
2024-08-25 23:30:06,차 성능 멕>레,라고 해도 되는부분?,69,69.0,차 성능 멕>레 라고 해도 되는부분?,차 성능 멕>레 라고 해도 되는부분?,0.3178820312023163,0.2169961780309677,0.2192046195268631,0.09802667051553726,0.08419117331504822,0.06369930505752563
2024-08-25 23:30:06,개씨발 노리스 우승 못하면 싸이세트 세개 뿌린다,,69,69.0,개씨발 노리스 우승 못하면 싸이세트 세개 뿌린다 ,개씨발 노리스 우승 못하면 싸이세트 세개 뿌린다,0.10538361221551895,0.17943435907363892,0.15819059312343597,0.3239365220069885,0.044930651783943176,0.18812420964241028
2024-08-25 23:30:07,ㅅㅂ 관중석 조용한거 보소 ㅋㅋㅋㅋ,ㅋㅋㅋㅋ,69,69.0,ㅅㅂ 관중석 조용한거 보소 ㅋㅋㅋㅋ ㅋㅋㅋㅋ,ㅅㅂ 관중석 조용한거 보소 ㅋㅋㅋㅋ ㅋㅋㅋㅋ,0.16336126625537872,0.2560286521911621,0.337097704410553,0.1243506446480751,0.06811001896858215,0.05105172470211983
2024-08-25 23:30:12,르끌 진짜 이걸 버텨?,진짜 잘 막네,69,69.0,르끌 진짜 이걸 버텨? 진짜 잘 막네,르끌 진짜 이걸 버텨? 진짜 잘 막네,0.258172869682312,0.21877598762512207,0.18267539143562317,0.12052176892757416,0.12977543473243713,0.09007848054170609
2024-08-25 23:30:13,페라리 팬들 오늘따라 유독 부럽다,이렇게 쫄깃한 레이스 매번 즐긴다는거잖아...,69,69.0,페라리 팬들 오늘따라 유독 부럽다 이렇게 쫄깃한 레이스 매번 즐긴다는거잖아...,페라리 팬들 오늘따라 유독 부럽다 이렇게 쫄깃한 레이스 매번 즐긴다는거잖아...,0.07161455601453781,0.14138443768024445,0.6563176512718201,0.052472326904535294,0.03610759228467941,0.04210342839360237
2024-08-25 23:30:14,20초 입갤 ㅋㅋㅋㅋㅋ,ㅋㅋㅋㅋ,69,69.0,20초 입갤 ㅋㅋㅋㅋㅋ ㅋㅋㅋㅋ,20초 입갤 ㅋㅋㅋㅋㅋ ㅋㅋㅋㅋ,0.08056933432817459,0.11711881309747696,0.6811529397964478,0.061631858348846436,0.025648122653365135,0.03387895226478577
2024-08-25 23:30:19,희안하네 내가 레고 맥라렌 산뒤로 잘풀린단말이야 ㅋㅋ,레고로 출시안한 레드불은 나가리임,69,69.0,희안하네 내가 레고 맥라렌 산뒤로 잘풀린단말이야 ㅋㅋ 레고로 출시안한 레드불은 나가리임,희안하네 내가 레고 맥라렌 산뒤로 잘풀린단말이야 ㅋㅋ 레고로 출시안한 레드불은 나가리임,0.20213836431503296,0.2948378920555115,0.2324448525905609,0.10744695365428925,0.08582129329442978,0.07731066644191742
2024-08-25 23:30:22,페랩 도전 안된 25초 이상나야,"20초 이상 <<< 개소리고 25초 나도 안하는게 맞음
- dc official App",69,69.0,"페랩 도전 안된 25초 이상나야 20초 이상 <<< 개소리고 25초 나도 안하는게 맞음
- dc official App",페랩 도전 안된 25초 이상나야 20초 이상 <<< 개소리고 25초 나도 안하는게 맞음,0.21129906177520752,0.2588062584400177,0.12532773613929749,0.22033445537090302,0.0543748140335083,0.1298576295375824
2024-08-25 23:30:23,자우버는 ㄹㅇ 대체 뭔일이있었던거냐?,저정도면 팀해체가 맞는거아님?,69,69.0,자우버는 ㄹㅇ 대체 뭔일이있었던거냐? 저정도면 팀해체가 맞는거아님?,자우버는 ㄹㅇ 대체 뭔일이있었던거냐? 저정도면 팀해체가 맞는거아님?,0.2767184376716614,0.20202136039733887,0.06996389478445053,0.18421579897403717,0.09502025693655014,0.1720602959394455
2024-08-25 23:30:35,스타트 따인게 아니라 막스 타이어 막쓰게 만든거임 ㅋㅋㅋㅋ,대 리 스,69,69.0,스타트 따인게 아니라 막스 타이어 막쓰게 만든거임 ㅋㅋㅋㅋ 대 리 스,스타트 따인게 아니라 막스 타이어 막쓰게 만든거임 ㅋㅋㅋㅋ 대 리 스,0.23191791772842407,0.2356037199497223,0.22105367481708527,0.164957195520401,0.07202264666557312,0.07444483786821365
2024-08-25 23:30:37,막스 레이스페이스가 상위권 중에서 제일 안좋네,중위권이랑 비슷비슷하네 누리스 잘달리고 막스 못 달려서 점점 벌어지는거긴하네,69,69.0,막스 레이스페이스가 상위권 중에서 제일 안좋네 중위권이랑 비슷비슷하네 누리스 잘달리고 막스 못 달려서 점점 벌어지는거긴하네,막스 레이스페이스가 상위권 중에서 제일 안좋네 중위권이랑 비슷비슷하네 누리스 잘달리고 막스 못 달려서 점점 벌어지는거긴하네,0.29856470227241516,0.293747216463089,0.09762919694185257,0.11081468313932419,0.08014777302742004,0.11909645795822144
2024-08-25 23:30:42,자우버 쟤네는 아우디가 먹는다고 순위가 바뀔까??,"돈쳐발라도 안될수준같은데 ㅅㅂ ㅋㅋㅋㅋㅋ
- dc official App",69,69.0,"자우버 쟤네는 아우디가 먹는다고 순위가 바뀔까?? 돈쳐발라도 안될수준같은데 ㅅㅂ ㅋㅋㅋㅋㅋ
- dc official App",자우버 쟤네는 아우디가 먹는다고 순위가 바뀔까?? 돈쳐발라도 안될수준같은데 ㅅㅂ ㅋㅋㅋㅋㅋ,0.24086105823516846,0.21264465153217316,0.06025142967700958,0.2064722180366516,0.09290114045143127,0.1868695169687271
2024-08-25 23:30:36,실시간 몽골견들 오열 ㅋㅋㅋㅋㅋㅋㅋㅋ,오렌지 연막은 못 쓰겠노,69,69.0,실시간 몽골견들 오열 ㅋㅋㅋㅋㅋㅋㅋㅋ 오렌지 연막은 못 쓰겠노,실시간 몽골견들 오열 ㅋㅋㅋㅋㅋㅋㅋㅋ 오렌지 연막은 못 쓰겠노,0.23161137104034424,0.3002845048904419,0.16384348273277283,0.12034345418214798,0.11363723874092102,0.07027988135814667
2024-08-25 23:30:45,"20인데 ""막스행동"" 안하냐?","ㅅㅂ 쫄보쉑
- ORACLE RED BULL RACING RB20",69,69.0,"20인데 ""막스행동"" 안하냐? ㅅㅂ 쫄보쉑
- ORACLE RED BULL RACING RB20","20인데 ""막스행동"" 안하냐? ㅅㅂ 쫄보쉑 - ORACLE RED BULL RACING RB20",0.1661071628332138,0.19412186741828918,0.10911398380994797,0.3156502842903137,0.05396297574043274,0.1610436886548996
2024-08-25 23:30:47,오랜지 색이 우승하는게 좋은거 아닌가?,관중석에 오랜지색이 제일 많던데?,69,69.0,오랜지 색이 우승하는게 좋은거 아닌가? 관중석에 오랜지색이 제일 많던데?,오랜지 색이 우승하는게 좋은거 아닌가? 관중석에 오랜지색이 제일 많던데?,0.2550351619720459,0.2441147416830063,0.23794901371002197,0.11351124197244644,0.07972506433725357,0.06966470927000046
2024-08-25 23:30:50,르클레 더쫓아오는데ㅋㅋㅋ,"레드불 하드 끝난거냐ㅋㅋㅋ
- dc official App",69,69.0,"르클레 더쫓아오는데ㅋㅋㅋ 레드불 하드 끝난거냐ㅋㅋㅋ
- dc official App",르클레 더쫓아오는데ㅋㅋㅋ 레드불 하드 끝난거냐ㅋㅋㅋ,0.20547381043434143,0.27201753854751587,0.31393733620643616,0.08564513921737671,0.0715126320719719,0.051413558423519135
2024-08-25 23:30:51,갑자기 몽골 펑쳐나야될거같은 피아제견은 개추 ㅋㅋㅋㅋ,노르피 포디움 ㄱㅈ ㅋㅋㅋ,69,69.0,갑자기 몽골 펑쳐나야될거같은 피아제견은 개추 ㅋㅋㅋㅋ 노르피 포디움 ㄱㅈ ㅋㅋㅋ,갑자기 몽골 펑쳐나야될거같은 피아제견은 개추 ㅋㅋㅋㅋ 노르피 포디움 ㄱㅈ ㅋㅋㅋ,0.09458822011947632,0.15287771821022034,0.6021908521652222,0.07618658989667892,0.03633371368050575,0.03782285004854202
2024-08-25 23:30:51,아무튼 주황색 우승인데 연막탄 터지냐?,아님 말?고,69,69.0,아무튼 주황색 우승인데 연막탄 터지냐? 아님 말?고,아무튼 주황색 우승인데 연막탄 터지냐? 아님 말?고,0.2988089621067047,0.2746281027793884,0.11914965510368347,0.11498777568340302,0.08225817233324051,0.11016729474067688
2024-08-25 23:30:55,20초 ㅋㅋㅋㅋㅋㅋㅋㅋㅋㅋㅋㅋ,오 ㅏ,69,69.0,20초 ㅋㅋㅋㅋㅋㅋㅋㅋㅋㅋㅋㅋ 오 ㅏ,20초 ㅋㅋㅋㅋㅋㅋㅋㅋㅋㅋㅋㅋ 오 ㅏ,0.18516716361045837,0.18332789838314056,0.4710489809513092,0.07675226777791977,0.04857836663722992,0.03512538969516754
2024-08-25 23:31:07,에휴 매번 노리스 강점기 지겹다..,차빨로 얼마나 해먹는거냐,70,70.0,에휴 매번 노리스 강점기 지겹다.. 차빨로 얼마나 해먹는거냐,에휴 매번 노리스 강점기 지겹다.. 차빨로 얼마나 해먹는거냐,0.11957725137472153,0.19206297397613525,0.108204685151577,0.28261440992355347,0.045205309987068176,0.2523353695869446
2024-08-25 23:31:08,르끌 타이어관리 미친거냐,"저게 어떻게되 미친놈
- dc official App",70,70.0,"르끌 타이어관리 미친거냐 저게 어떻게되 미친놈
- dc official App",르끌 타이어관리 미친거냐 저게 어떻게되 미친놈,0.2137315273284912,0.20306861400604248,0.10031341016292572,0.23896163702011108,0.06957162916660309,0.17435318231582642
2024-08-25 23:31:10,"근데 프랙 다 조졌는데 어케 3,5위임ㅋㅋ",,70,70.0,"근데 프랙 다 조졌는데 어케 3,5위임ㅋㅋ ","근데 프랙 다 조졌는데 어케 3,5위임ㅋㅋ",0.3228311538696289,0.23965215682983398,0.10820268839597702,0.15392886102199554,0.10274367779493332,0.07264142483472824
2024-08-25 23:31:12,20초 입갤ㅋㅋㅋㅋㅋㅋㅋㅋ,ㅋㅋㅋㅋㅋㅋㅋㅋㅋㅋ,70,70.0,20초 입갤ㅋㅋㅋㅋㅋㅋㅋㅋ ㅋㅋㅋㅋㅋㅋㅋㅋㅋㅋ,20초 입갤ㅋㅋㅋㅋㅋㅋㅋㅋ ㅋㅋㅋㅋㅋㅋㅋㅋㅋㅋ,0.09775623679161072,0.133065328001976,0.6374983191490173,0.06921260058879852,0.028160901740193367,0.03430662676692009
2024-08-25 23:31:15,노막 20초 와 ㅋㅋㅋ,,70,70.0,노막 20초 와 ㅋㅋㅋ ,노막 20초 와 ㅋㅋㅋ,0.20624543726444244,0.19652649760246277,0.4319874048233032,0.07808305323123932,0.0523480623960495,0.034809596836566925
2024-08-25 23:31:16,20초 입갤,,70,70.0,20초 입갤 ,20초 입갤,0.19261111319065094,0.2098061442375183,0.42287808656692505,0.08166317641735077,0.0467631034553051,0.046278368681669235
2024-08-25 23:31:18,이게 자이로캠의 힘?,ㅋㅋㅋ,70,70.0,이게 자이로캠의 힘? ㅋㅋㅋ,이게 자이로캠의 힘? ㅋㅋㅋ,0.2600439488887787,0.2295825481414795,0.26522761583328247,0.11237196624279022,0.08770699054002762,0.0450669601559639
2024-08-25 23:31:19,짱개새끼는 좀 너무한데,"아니 뭔 꼴지인데 19등이랑 30초가 넘게 차이나
107프로 룰 안걸리냐?
뭐 저딴 새끼가 f1에 있어
마제핀도 저정도는 아니었다",70,70.0,"짱개새끼는 좀 너무한데 아니 뭔 꼴지인데 19등이랑 30초가 넘게 차이나
107프로 룰 안걸리냐?
뭐 저딴 새끼가 f1에 있어
마제핀도 저정도는 아니었다",짱개새끼는 좀 너무한데 아니 뭔 꼴지인데 19등이랑 30초가 넘게 차이나 107프로 룰 안걸리냐? 뭐 저딴 새끼가 f1에 있어 마제핀도 저정도는 아니었다,0.19411015510559082,0.19304707646369934,0.09373185783624649,0.2647557258605957,0.06640376150608063,0.18795141577720642
2024-08-25 23:31:19,그나저나 자이로캠 ㄹㅇ 섹스네,뱅크각 심한데서 보니까 더 지리노 ㅋㅋㅋ,70,70.0,그나저나 자이로캠 ㄹㅇ 섹스네 뱅크각 심한데서 보니까 더 지리노 ㅋㅋㅋ,그나저나 자이로캠 ㄹㅇ 섹스네 뱅크각 심한데서 보니까 더 지리노 ㅋㅋㅋ,0.33731502294540405,0.19179220497608185,0.19699928164482117,0.11731349676847458,0.11353645473718643,0.043043605983257294
2024-08-25 23:31:19,몽골 개좆밥 새끼,,70,70.0,몽골 개좆밥 새끼 ,몽골 개좆밥 새끼,0.15485554933547974,0.16248548030853271,0.17095021903514862,0.31667768955230713,0.05258675664663315,0.14244423806667328
2024-08-25 23:31:25,네덜란드 몽골견들 숨진채 발견 ㅋㅋㅋㅋ,그냥 초상집 ㅋㅋㅋㅋㅋㅋㅋㅋㅋ,70,70.0,네덜란드 몽골견들 숨진채 발견 ㅋㅋㅋㅋ 그냥 초상집 ㅋㅋㅋㅋㅋㅋㅋㅋㅋ,네덜란드 몽골견들 숨진채 발견 ㅋㅋㅋㅋ 그냥 초상집 ㅋㅋㅋㅋㅋㅋㅋㅋㅋ,0.22227118909358978,0.29607099294662476,0.14945577085018158,0.14254385232925415,0.10196900367736816,0.08768914639949799
2024-08-25 23:31:28,막스였으면 패랩 먹으려고 피트인 했을텐데,노리스 << 그냥 사람 자체가 재미없음,70,70.0,막스였으면 패랩 먹으려고 피트인 했을텐데 노리스 << 그냥 사람 자체가 재미없음,막스였으면 패랩 먹으려고 피트인 했을텐데 노리스 << 그냥 사람 자체가 재미없음,0.17434841394424438,0.32442229986190796,0.12144067138433456,0.16016167402267456,0.06172940135002136,0.15789756178855896
2024-08-25 23:31:28,이대로 끝이네,삼삼하다,70,70.0,이대로 끝이네 삼삼하다,이대로 끝이네 삼삼하다,0.1348857283592224,0.31432396173477173,0.21295568346977234,0.12200898677110672,0.07998408377170563,0.13584157824516296
2024-08-25 23:31:28,누리스 스핀나면 개꿀잼 아니냐ㅋㅋㅋ,"폴포지션->꼴박->탈환->나가리
- dc official App",70,70.0,"누리스 스핀나면 개꿀잼 아니냐ㅋㅋㅋ 폴포지션->꼴박->탈환->나가리
- dc official App",누리스 스핀나면 개꿀잼 아니냐ㅋㅋㅋ 폴포지션->꼴박->탈환->나가리,0.07997256517410278,0.11877647787332535,0.66202712059021,0.0735824853181839,0.02707214653491974,0.038569215685129166
2024-08-25 23:31:29,알본 피트 좀만 일찍 들어갔으면 좋았을텐데,,70,70.0,알본 피트 좀만 일찍 들어갔으면 좋았을텐데 ,알본 피트 좀만 일찍 들어갔으면 좋았을텐데,0.2459757775068283,0.2763087749481201,0.12896810472011566,0.12292377650737762,0.08739829808473587,0.13842526078224182
2024-08-25 23:31:35,와 시바 저걸 운전을 어캐해,"ㄷㄷ
- dc official App",70,70.0,"와 시바 저걸 운전을 어캐해 ㄷㄷ
- dc official App",와 시바 저걸 운전을 어캐해 ㄷㄷ,0.30228763818740845,0.20553743839263916,0.11143814027309418,0.16634581983089447,0.12127316743135452,0.09311782568693161
2024-08-25 23:31:35,20초 입갤 ㅋㅋㅋㅋㅋ,,70,70.0,20초 입갤 ㅋㅋㅋㅋㅋ ,20초 입갤 ㅋㅋㅋㅋㅋ,0.09620127081871033,0.12345828860998154,0.651259183883667,0.06312307715415955,0.031096797436475754,0.03486131876707077
2024-08-25 23:31:37,자우 우승하겟네 ㅅㅂ,ㅋㅋㅋㅋㅋ,70,70.0,자우 우승하겟네 ㅅㅂ ㅋㅋㅋㅋㅋ,자우 우승하겟네 ㅅㅂ ㅋㅋㅋㅋㅋ,0.14923545718193054,0.25091850757598877,0.2213454693555832,0.2033441811800003,0.07402706146240234,0.10112926363945007
2024-08-25 23:31:41,저러고 72랩 돌면 토할거 같은데ㅋㅋㅋ,.,70,70.0,저러고 72랩 돌면 토할거 같은데ㅋㅋㅋ .,저러고 72랩 돌면 토할거 같은데ㅋㅋㅋ .,0.23838570713996887,0.24181026220321655,0.11750710010528564,0.1945914477109909,0.12412109225988388,0.08358434587717056
2024-08-25 23:31:46,르끌 타이어 관리 미친거아니냐,피트스탑 젤먼저 하지 않음?,70,70.0,르끌 타이어 관리 미친거아니냐 피트스탑 젤먼저 하지 않음?,르끌 타이어 관리 미친거아니냐 피트스탑 젤먼저 하지 않음?,0.27027326822280884,0.21989914774894714,0.09832222014665604,0.19110961258411407,0.07957980781793594,0.14081597328186035
2024-08-25 23:31:49,메르 병신들은 러셀 피트 왜해가지고 아,,70,70.0,메르 병신들은 러셀 피트 왜해가지고 아 ,메르 병신들은 러셀 피트 왜해가지고 아,0.1534631997346878,0.25778165459632874,0.10671300441026688,0.2588755786418915,0.046794891357421875,0.17637167870998383
2024-08-25 23:31:50,맥라렌 온보드캠 마음에 든다,ㄹㅇ,70,70.0,맥라렌 온보드캠 마음에 든다 ㄹㅇ,맥라렌 온보드캠 마음에 든다 ㄹㅇ,0.0705338791012764,0.12498290836811066,0.682339072227478,0.05167799070477486,0.03241420537233353,0.038052015006542206
2024-08-25 23:31:53,노리스 패랩도전해서,드챔 자질 입증해라,70,70.0,노리스 패랩도전해서 드챔 자질 입증해라,노리스 패랩도전해서 드챔 자질 입증해라,0.2933357059955597,0.21084624528884888,0.22477920353412628,0.09985479712486267,0.09090983867645264,0.08027419447898865
2024-08-25 23:31:56,아니 근데 피아제 안올라오노?,이새끼 뭐함?,70,70.0,아니 근데 피아제 안올라오노? 이새끼 뭐함?,아니 근데 피아제 안올라오노? 이새끼 뭐함?,0.2505757212638855,0.254025399684906,0.07342389971017838,0.1853814721107483,0.07511375844478607,0.16147975623607635
2024-08-25 23:32:05,패랩 도전 안보여주나 ㅋㅋ,ㅋㅋ,70,70.0,패랩 도전 안보여주나 ㅋㅋ ㅋㅋ,패랩 도전 안보여주나 ㅋㅋ ㅋㅋ,0.12751144170761108,0.19182835519313812,0.5107796788215637,0.08303005248308182,0.04017684981226921,0.04667363315820694
2024-08-25 23:32:06,안하노,"ㄲㅂㅋㅋ
- ORACLE RED BULL RACING RB20",70,70.0,"안하노 ㄲㅂㅋㅋ
- ORACLE RED BULL RACING RB20",안하노 ㄲㅂㅋㅋ - ORACLE RED BULL RACING RB20,0.09090574830770493,0.24774868786334991,0.36764243245124817,0.15768498182296753,0.03918701037764549,0.0968310758471489
2024-08-25 23:32:06,와 존나 어지럽네ㅋㅋㅋㅋ,,70,70.0,와 존나 어지럽네ㅋㅋㅋㅋ ,와 존나 어지럽네ㅋㅋㅋㅋ,0.17604635655879974,0.28462567925453186,0.15756264328956604,0.19142639636993408,0.08727303892374039,0.10306588560342789
2024-08-25 23:32:09,단 3랩 ㅋㅋㅋㅋ,,71,71.0,단 3랩 ㅋㅋㅋㅋ ,단 3랩 ㅋㅋㅋㅋ,0.19178637862205505,0.2127431035041809,0.3939670920372009,0.10546831786632538,0.05388426035642624,0.04215084761381149
2024-08-25 23:32:13,자우버 2랩 뒤쳐지는 건가?,,71,71.0,자우버 2랩 뒤쳐지는 건가? ,자우버 2랩 뒤쳐지는 건가?,0.3426557183265686,0.24377891421318054,0.12760557234287262,0.10605904459953308,0.09047672897577286,0.0894240215420723
2024-08-25 23:32:19,슬슬 페라리가 맘에 드는 내가 밉다,이 병신팀들 어케든 포디움은 들어가는구나,71,71.0,슬슬 페라리가 맘에 드는 내가 밉다 이 병신팀들 어케든 포디움은 들어가는구나,슬슬 페라리가 맘에 드는 내가 밉다 이 병신팀들 어케든 포디움은 들어가는구나,0.14694228768348694,0.19149580597877502,0.08520032465457916,0.2487954944372177,0.08023032546043396,0.24733568727970123
2024-08-25 23:32:20,곧 프리스탑 간격 가나,대 리 스,71,71.0,곧 프리스탑 간격 가나 대 리 스,곧 프리스탑 간격 가나 대 리 스,0.2108505368232727,0.22372736036777496,0.36704444885253906,0.08876136690378189,0.05069418624043465,0.05892210081219673
2024-08-25 23:32:22,피아제는 왜 더 격차 벌어지냐,ㅋㅋ,71,71.0,피아제는 왜 더 격차 벌어지냐 ㅋㅋ,피아제는 왜 더 격차 벌어지냐 ㅋㅋ,0.27487215399742126,0.26448866724967957,0.08590957522392273,0.1687021404504776,0.10338183492422104,0.10264558345079422
2024-08-25 23:32:27,대르끌 캬,- dc official App,71,71.0,대르끌 캬 - dc official App,대르끌 캬 - dc official App,0.11563866585493088,0.13726486265659332,0.6057153940200806,0.07682174444198608,0.027257854118943214,0.03730154410004616
2024-08-25 23:32:29,2랩..,- dc official App,71,71.0,2랩.. - dc official App,2랩.. - dc official App,0.22035221755504608,0.21777069568634033,0.3668915033340454,0.09796024858951569,0.045464564114809036,0.051560744643211365
2024-08-25 23:32:29,노리스 패랩따러 상남자테스트 해야된다고 생각하면 개추 ㅋㅋㅋㅋ,일단나부터,71,71.0,노리스 패랩따러 상남자테스트 해야된다고 생각하면 개추 ㅋㅋㅋㅋ 일단나부터,노리스 패랩따러 상남자테스트 해야된다고 생각하면 개추 ㅋㅋㅋㅋ 일단나부터,0.2026629000902176,0.1859922707080841,0.4087168276309967,0.0897834300994873,0.07159949094057083,0.04124511033296585
2024-08-25 23:32:29,대 황 조,,71,71.0,대 황 조 ,대 황 조,0.08249178528785706,0.11776181310415268,0.662391185760498,0.06504282355308533,0.030779222026467323,0.041533149778842926
2024-08-25 23:32:30,레이스 리더 저우관유ㅋㅋ,ㅋ,71,71.0,레이스 리더 저우관유ㅋㅋ ㅋ,레이스 리더 저우관유ㅋㅋ ㅋ,0.07980643957853317,0.11300930380821228,0.693471372127533,0.0582101009786129,0.025042574852705002,0.030460147187113762
2024-08-25 23:32:31,오늘 르끌 잘했다,ㄹㅇ,71,71.0,오늘 르끌 잘했다 ㄹㅇ,오늘 르끌 잘했다 ㄹㅇ,0.05692818760871887,0.12166662514209747,0.6770836114883423,0.06093709543347359,0.026645062491297722,0.056739434599876404
2024-08-25 23:32:31,자이로캠 다 좋은데 뭔가 삐딱한거 맘에 안든다,- dc official App,71,71.0,자이로캠 다 좋은데 뭔가 삐딱한거 맘에 안든다 - dc official App,자이로캠 다 좋은데 뭔가 삐딱한거 맘에 안든다 - dc official App,0.15659309923648834,0.3197312355041504,0.16862298548221588,0.1507302075624466,0.04239479824900627,0.16192768514156342
2024-08-25 23:32:32,피아제 타이어죽었나,"격차 존나벌어지네
- dc official App",71,71.0,"피아제 타이어죽었나 격차 존나벌어지네
- dc official App",피아제 타이어죽었나 격차 존나벌어지네,0.30417490005493164,0.203972727060318,0.07757923752069473,0.1826910674571991,0.10322640836238861,0.12835562229156494
2024-08-25 23:32:31,이적 잘한거 같은 해물탕이면 개추ㅋㅋㅋㅋㅋ,방학 끝나고 오니까 메르 또 느려졌누,71,71.0,이적 잘한거 같은 해물탕이면 개추ㅋㅋㅋㅋㅋ 방학 끝나고 오니까 메르 또 느려졌누,이적 잘한거 같은 해물탕이면 개추ㅋㅋㅋㅋㅋ 방학 끝나고 오니까 메르 또 느려졌누,0.08101934939622879,0.16167160868644714,0.5921902060508728,0.06472989171743393,0.04161206632852554,0.05877683311700821
2024-08-25 23:32:33,자이로캠 개재밌네,ㅋㅋ 진짜 잘 달은듯,71,71.0,자이로캠 개재밌네 ㅋㅋ 진짜 잘 달은듯,자이로캠 개재밌네 ㅋㅋ 진짜 잘 달은듯,0.0882926806807518,0.13263088464736938,0.6603567004203796,0.05658400058746338,0.029542116448283195,0.03259364888072014
2024-08-25 23:32:38,리더 저우노 ㅋㅋ,,72,72.0,리더 저우노 ㅋㅋ ,리더 저우노 ㅋㅋ,0.09259388595819473,0.12680256366729736,0.6629523634910583,0.058629799634218216,0.028145890682935715,0.03087557852268219
2024-08-25 23:32:42,한 5랩만 더있었으면,르끌 P2 가능했겠는데?,72,72.0,한 5랩만 더있었으면 르끌 P2 가능했겠는데?,한 5랩만 더있었으면 르끌 P2 가능했겠는데?,0.34630706906318665,0.24187864363193512,0.13589920103549957,0.10522150993347168,0.11035232990980148,0.06034122779965401
2024-08-25 23:32:42,피아제 1.5초ㅋㅋㅋㅋㅋ,ㅋㅋㅋㅋ,72,72.0,피아제 1.5초ㅋㅋㅋㅋㅋ ㅋㅋㅋㅋ,피아제 1.5초ㅋㅋㅋㅋㅋ ㅋㅋㅋㅋ,0.2222270667552948,0.2431972771883011,0.2594636082649231,0.14414498209953308,0.06902281939983368,0.06194429099559784
2024-08-25 23:32:42,노리스 강점기 지겹네,막스강점기때가 나앗다,72,72.0,노리스 강점기 지겹네 막스강점기때가 나앗다,노리스 강점기 지겹네 막스강점기때가 나앗다,0.11052819341421127,0.18743297457695007,0.131973534822464,0.2986365258693695,0.04652637243270874,0.22490236163139343
2024-08-25 23:32:47,싸이코 타깎노가 또나오네 ㅋㅋㅋ,ㅋㅋㅅㅂ,72,72.0,싸이코 타깎노가 또나오네 ㅋㅋㅋ ㅋㅋㅅㅂ,싸이코 타깎노가 또나오네 ㅋㅋㅋ ㅋㅋㅅㅂ,0.1202598512172699,0.22307957708835602,0.14328663051128387,0.3102423846721649,0.06442345678806305,0.13870811462402344
2024-08-25 23:32:47,몽골 20초 차이나는걸 보네 ㅋㅋㅋㅋㅋ,,72,72.0,몽골 20초 차이나는걸 보네 ㅋㅋㅋㅋㅋ ,몽골 20초 차이나는걸 보네 ㅋㅋㅋㅋㅋ,0.2783258259296417,0.26448145508766174,0.1731685996055603,0.12302975356578827,0.10572809725999832,0.05526629835367203
2024-08-25 23:32:49,피아스트리 1.5초입갤 ㅂㅅㅋㅋ,ㅋㅋ,72,72.0,피아스트리 1.5초입갤 ㅂㅅㅋㅋ ㅋㅋ,피아스트리 1.5초입갤 ㅂㅅㅋㅋ ㅋㅋ,0.17388294637203217,0.21332871913909912,0.36127376556396484,0.1492585688829422,0.04624934494495392,0.05600661411881447
2024-08-25 23:32:55,20초 ㅋㅋㅋㅋㅋ 그냥 개밥인데,ㅇㅇ1,72,72.0,20초 ㅋㅋㅋㅋㅋ 그냥 개밥인데 ㅇㅇ1,20초 ㅋㅋㅋㅋㅋ 그냥 개밥인데 ㅇㅇ1,0.15756453573703766,0.3173384368419647,0.10141102224588394,0.19533002376556396,0.07883346080780029,0.14952251315116882
2024-08-25 23:32:55,아민 반 뷰렌 입갤,- dc official App,72,72.0,아민 반 뷰렌 입갤 - dc official App,아민 반 뷰렌 입갤 - dc official App,0.1919645220041275,0.18638604879379272,0.4504455626010895,0.09143467247486115,0.033554475754499435,0.04621470347046852
2024-08-25 23:32:56,퍼스트 맞냐느니.. 물에 잠수했냐느니…,- dc official App,72,72.0,퍼스트 맞냐느니.. 물에 잠수했냐느니… - dc official App,퍼스트 맞냐느니.. 물에 잠수했냐느니… - dc official App,0.25280648469924927,0.29176267981529236,0.0975012481212616,0.14578717947006226,0.10033772140741348,0.11180468648672104
2024-08-25 23:32:56,대황끌 1.5초갭 ㅅㅅㅅㅅㅅㅅ,2바퀴만,72,72.0,대황끌 1.5초갭 ㅅㅅㅅㅅㅅㅅ 2바퀴만,대황끌 1.5초갭 ㅅㅅㅅㅅㅅㅅ 2바퀴만,0.06543421000242233,0.10791299492120743,0.7123603224754333,0.05399474501609802,0.025702716782689095,0.03459498658776283
2024-08-25 23:33:00,페라리 전략 드디어 1승 ㅋㅋㅋㅋㅋ,6위시작 3위마감 ㅅㅅㅅㅅ,72,72.0,페라리 전략 드디어 1승 ㅋㅋㅋㅋㅋ 6위시작 3위마감 ㅅㅅㅅㅅ,페라리 전략 드디어 1승 ㅋㅋㅋㅋㅋ 6위시작 3위마감 ㅅㅅㅅㅅ,0.06224270164966583,0.11058001220226288,0.709829568862915,0.05334661528468132,0.027617663145065308,0.036383479833602905
2024-08-25 23:33:02,본인이 오늘만큼은 황라리 빠는 몽골견이면 개추ㅋㅋ,"황라리의 퍼스트 황끌레르ㅋㅋ
- ORACLE RED BULL RACING RB20",72,72.0,"본인이 오늘만큼은 황라리 빠는 몽골견이면 개추ㅋㅋ 황라리의 퍼스트 황끌레르ㅋㅋ
- ORACLE RED BULL RACING RB20",본인이 오늘만큼은 황라리 빠는 몽골견이면 개추ㅋㅋ 황라리의 퍼스트 황끌레르ㅋㅋ - ORACLE RED BULL RACING RB20,0.08488960564136505,0.12369876354932785,0.6487517356872559,0.07142893970012665,0.03483746573328972,0.036393407732248306
2024-08-25 23:33:00,츠노다가 레드불 콜업 불가능한 이유,"아직도 사전트 못 따는 중
대 체 코",72,72.0,"츠노다가 레드불 콜업 불가능한 이유 아직도 사전트 못 따는 중
대 체 코",츠노다가 레드불 콜업 불가능한 이유 아직도 사전트 못 따는 중 대 체 코,0.26006999611854553,0.30958235263824463,0.08896328508853912,0.11476399749517441,0.07259797304868698,0.1540224254131317
2024-08-25 23:33:06,르끌 피아 1.5초 차 시발 ㅋㅋㅋㅋㅋㅋㅋ,GOAT,72,72.0,르끌 피아 1.5초 차 시발 ㅋㅋㅋㅋㅋㅋㅋ GOAT,르끌 피아 1.5초 차 시발 ㅋㅋㅋㅋㅋㅋㅋ GOAT,0.14747858047485352,0.2639339566230774,0.1970684975385666,0.217019185423851,0.08119247108697891,0.09330730885267258
2024-08-25 23:33:09,반뷰렌 ㅁㅊㅋㅋ,,72,72.0,반뷰렌 ㅁㅊㅋㅋ ,반뷰렌 ㅁㅊㅋㅋ,0.09393643587827682,0.11853930354118347,0.6726603507995605,0.05752357840538025,0.02794550359249115,0.02939487248659134
2024-08-25 23:33:13,역시 레이브와 마약의 나라,지리네요,72,72.0,역시 레이브와 마약의 나라 지리네요,역시 레이브와 마약의 나라 지리네요,0.307336688041687,0.17598703503608704,0.11076925694942474,0.18002979457378387,0.1299837827682495,0.09589342772960663
2024-08-25 23:33:13,담배피고왔는데 르끌 이새끼 어케 살아남음??,뭔데 타이어 피아제 + 10랩 아니갘 ㅋㅋㅋㅋ,72,72.0,담배피고왔는데 르끌 이새끼 어케 살아남음?? 뭔데 타이어 피아제 + 10랩 아니갘 ㅋㅋㅋㅋ,담배피고왔는데 르끌 이새끼 어케 살아남음?? 뭔데 타이어 피아제 + 10랩 아니갘 ㅋㅋㅋㅋ,0.2703941762447357,0.21580417454242706,0.10983826220035553,0.19089816510677338,0.1299995332956314,0.08306563645601273
2024-08-25 23:33:13,와 막스랑 3.8ㅋㅋㅋ,,72,72.0,와 막스랑 3.8ㅋㅋㅋ ,와 막스랑 3.8ㅋㅋㅋ,0.3103097677230835,0.222927063703537,0.2185440957546234,0.10788816213607788,0.09820883721113205,0.042122021317481995
2024-08-25 23:33:22,체커기 안흔들면 어케됨,안끝나나,72,72.0,체커기 안흔들면 어케됨 안끝나나,체커기 안흔들면 어케됨 안끝나나,0.19398146867752075,0.31827712059020996,0.08761388808488846,0.14771582186222076,0.08594726026058197,0.16646446287631989
2024-08-25 23:33:24,맥라렌에게 체커기 흔들어주기 ㅋㅋ,,72,72.0,맥라렌에게 체커기 흔들어주기 ㅋㅋ ,맥라렌에게 체커기 흔들어주기 ㅋㅋ,0.0850004032254219,0.12914854288101196,0.6529730558395386,0.06354326754808426,0.033442314714193344,0.03589247912168503
2024-08-25 23:33:25,막랩 입갤 ㅋㅋㅋ,,72,72.0,막랩 입갤 ㅋㅋㅋ ,막랩 입갤 ㅋㅋㅋ,0.08522782474756241,0.1089954674243927,0.6856688261032104,0.05825858563184738,0.02866664156317711,0.03318275511264801
2024-08-25 23:33:29,잔드보르트 도서관행ㅋㅋㅋㅋ,그건 좋네,72,72.0,잔드보르트 도서관행ㅋㅋㅋㅋ 그건 좋네,잔드보르트 도서관행ㅋㅋㅋㅋ 그건 좋네,0.06635337322950363,0.11448051035404205,0.6914650201797485,0.05810285732150078,0.02696014568209648,0.04263808950781822
2024-08-25 23:33:33,누리스 꼬라박게 해주세요,- dc official App,72,72.0,누리스 꼬라박게 해주세요 - dc official App,누리스 꼬라박게 해주세요 - dc official App,0.18501676619052887,0.2337779700756073,0.2243920862674713,0.1630372703075409,0.07637004554271698,0.11740594357252121
2024-08-25 23:33:36,몽골견 노리스 깍아내리기 패악질 씹오지네 진짜,"토나오네 진짜ㅋㅋ
몽골견들아 현실을 받앜ㅋㅋㅋㅋㅋㅋㅋㅋ 들옄ㅋㅋㅋㅋㅋㅋㅋ 엌ㅋㅋㅋㅋㅋㅋㅋㅋㅋㅋㅋ",72,72.0,"몽골견 노리스 깍아내리기 패악질 씹오지네 진짜 토나오네 진짜ㅋㅋ
몽골견들아 현실을 받앜ㅋㅋㅋㅋㅋㅋㅋㅋ 들옄ㅋㅋㅋㅋㅋㅋㅋ 엌ㅋㅋㅋㅋㅋㅋㅋㅋㅋㅋㅋ",몽골견 노리스 깍아내리기 패악질 씹오지네 진짜 토나오네 진짜ㅋㅋ 몽골견들아 현실을 받앜ㅋㅋㅋㅋㅋㅋㅋㅋ 들옄ㅋㅋㅋㅋㅋㅋㅋ 엌ㅋㅋㅋㅋㅋㅋㅋㅋㅋㅋㅋ,0.1564003974199295,0.1777755171060562,0.13180285692214966,0.3075074255466461,0.07906684279441833,0.1474469155073166
2024-08-25 23:33:37,체커키 잘못흔든 경우는 없나,,72,72.0,체커키 잘못흔든 경우는 없나 ,체커키 잘못흔든 경우는 없나,0.34497278928756714,0.2423340231180191,0.1269516497850418,0.1010667160153389,0.08533211052417755,0.09934279322624207
2024-08-25 23:33:37,몽골 체코 갭 정상화,ㅋㅋㅋ,72,72.0,몽골 체코 갭 정상화 ㅋㅋㅋ,몽골 체코 갭 정상화 ㅋㅋㅋ,0.10363113880157471,0.14464640617370605,0.5975542068481445,0.07919055968523026,0.034398168325424194,0.04057954251766205
2024-08-25 23:33:37,막랩!!!,- dc official App,72,72.0,막랩!!! - dc official App,막랩!!! - dc official App,0.10468421876430511,0.122588150203228,0.6459537744522095,0.06540651619434357,0.025174882262945175,0.0361923985183239
2024-08-25 23:33:42,몽골 지 집에서 멸망 ㅋㅋㅋ,,72,72.0,몽골 지 집에서 멸망 ㅋㅋㅋ ,몽골 지 집에서 멸망 ㅋㅋㅋ,0.2530723512172699,0.24657680094242096,0.1448550522327423,0.1826343536376953,0.09770943969488144,0.07515203952789307
2024-08-25 23:33:46,벌써 막랩이라니,,72,72.0,벌써 막랩이라니 ,벌써 막랩이라니,0.3142549693584442,0.22104839980602264,0.22159817814826965,0.09273240715265274,0.1077020987868309,0.04266395419836044
2024-08-25 23:33:48,르끌 3초차 입갤 ㅋㅋ,ㅋㅋ,72,72.0,르끌 3초차 입갤 ㅋㅋ ㅋㅋ,르끌 3초차 입갤 ㅋㅋ ㅋㅋ,0.08244775980710983,0.137674018740654,0.6277578473091125,0.07908374816179276,0.02979161962866783,0.043245021253824234
2024-08-25 23:33:50,르끌 존나 기특하다 진짜,이걸 버티네 ㅋㅋㅋㅋㅋ,72,72.0,르끌 존나 기특하다 진짜 이걸 버티네 ㅋㅋㅋㅋㅋ,르끌 존나 기특하다 진짜 이걸 버티네 ㅋㅋㅋㅋㅋ,0.16161252558231354,0.19415336847305298,0.43632322549819946,0.07704809308052063,0.0784587636590004,0.05240403115749359
2024-08-25 23:33:49,쥬지는 4->7이네,,72,72.0,쥬지는 4->7이네 ,쥬지는 4->7이네,0.26558542251586914,0.3284175395965576,0.14387543499469757,0.10751724243164062,0.07642420381307602,0.0781802162528038
2024-08-25 23:33:50,그 쇼 스타트 ㅋㅋㅋㅋㅋ,,72,72.0,그 쇼 스타트 ㅋㅋㅋㅋㅋ ,그 쇼 스타트 ㅋㅋㅋㅋㅋ,0.07884228974580765,0.129926860332489,0.6424431800842285,0.0799097940325737,0.028166351839900017,0.04071144387125969
2024-08-25 23:33:51,츠노다는 왜 박았음?,먼일임,72,72.0,츠노다는 왜 박았음? 먼일임,츠노다는 왜 박았음? 먼일임,0.30679240822792053,0.25336745381355286,0.12451698631048203,0.1378188580274582,0.08359147608280182,0.0939127504825592
2024-08-25 23:33:52,맥라렌의 시대가 왔다 그지 깽깽이들아!!!!,"ㄹㅇㅋㅋ
- dc official App",After Lap,,"맥라렌의 시대가 왔다 그지 깽깽이들아!!!! ㄹㅇㅋㅋ
- dc official App",맥라렌의 시대가 왔다 그지 깽깽이들아!!!! ㄹㅇㅋㅋ,0.1491614133119583,0.17745976150035858,0.292123019695282,0.21774214506149292,0.0712009146809578,0.0923127830028534
2024-08-25 23:33:52,오늘도 알비의 병신전략이 하나 추가되었군요,소 미 하 ㅋㅋ,After Lap,,오늘도 알비의 병신전략이 하나 추가되었군요 소 미 하 ㅋㅋ,오늘도 알비의 병신전략이 하나 추가되었군요 소 미 하 ㅋㅋ,0.1784357875585556,0.267452210187912,0.14937080442905426,0.19763587415218353,0.10487145185470581,0.10223384201526642
2024-08-25 23:33:57,보타스 p2 ㄷㄷ,- dc official App,After Lap,,보타스 p2 ㄷㄷ - dc official App,보타스 p2 ㄷㄷ - dc official App,0.2753673195838928,0.20128239691257477,0.32896217703819275,0.09766359627246857,0.05695687606930733,0.03976765647530556
2024-08-25 23:33:56,???: 어 잠깐만요,아 르끌레르 왜 속도가 줄죠??,After Lap,,???: 어 잠깐만요 아 르끌레르 왜 속도가 줄죠??,???: 어 잠깐만요 아 르끌레르 왜 속도가 줄죠??,0.30012720823287964,0.25501757860183716,0.13217832148075104,0.12822087109088898,0.09410040825605392,0.09035565704107285
2024-08-25 23:34:01,행복해 뒤질거 같은 티포시 개추ㅋㅋ,"르끌 온몸 ㅈㄴ 잘 비틀었다ㅠㅠㅠㅠㅜ
- dc official App",After Lap,,"행복해 뒤질거 같은 티포시 개추ㅋㅋ 르끌 온몸 ㅈㄴ 잘 비틀었다ㅠㅠㅠㅠㅜ
- dc official App",행복해 뒤질거 같은 티포시 개추ㅋㅋ 르끌 온몸 ㅈㄴ 잘 비틀었다ㅠㅠㅠㅠㅜ,0.06831745058298111,0.1218034029006958,0.6702468395233154,0.061774712055921555,0.02903771586716175,0.048819806426763535
2024-08-25 23:34:04,르끌 저번 스즈카도 그렇고,은근 타이어 관리 괜찮아진듯??,After Lap,,르끌 저번 스즈카도 그렇고 은근 타이어 관리 괜찮아진듯??,르끌 저번 스즈카도 그렇고 은근 타이어 관리 괜찮아진듯??,0.10976750403642654,0.20061956346035004,0.5108343958854675,0.06329671293497086,0.04811491444706917,0.06736692786216736
2024-08-25 23:34:05,르끌 어케따라가는거노,- dc official App,After Lap,,르끌 어케따라가는거노 - dc official App,르끌 어케따라가는거노 - dc official App,0.31009212136268616,0.2714052200317383,0.11818379163742065,0.10669704526662827,0.10387437045574188,0.08974745124578476
2024-08-25 23:34:07,네덜란드에서 우승한 주황팀ㅋㅋㅋㅋㅋㅋ,암튼 펄럭이긴 하노,After Lap,,네덜란드에서 우승한 주황팀ㅋㅋㅋㅋㅋㅋ 암튼 펄럭이긴 하노,네덜란드에서 우승한 주황팀ㅋㅋㅋㅋㅋㅋ 암튼 펄럭이긴 하노,0.16132228076457977,0.1988217979669571,0.4830671548843384,0.07303238660097122,0.0518508218228817,0.03190560266375542
2024-08-25 23:34:08,안캐 1분짜리 위닝콜 시작 ㅋㅋㅋㅋㅋㅋ,,After Lap,,안캐 1분짜리 위닝콜 시작 ㅋㅋㅋㅋㅋㅋ ,안캐 1분짜리 위닝콜 시작 ㅋㅋㅋㅋㅋㅋ,0.06823258846998215,0.11043509840965271,0.7054525017738342,0.057588763535022736,0.023645125329494476,0.034645821899175644
2024-08-25 23:34:10,좆라리 전략의 승리 컄ㅋㅋㅋ,,After Lap,,좆라리 전략의 승리 컄ㅋㅋㅋ ,좆라리 전략의 승리 컄ㅋㅋㅋ,0.08491861075162888,0.12406105548143387,0.6531916856765747,0.06968235224485397,0.0316338986158371,0.03651241958141327
2024-08-25 23:34:11,안캐 시작했다,우승콜이다 우승콜,After Lap,,안캐 시작했다 우승콜이다 우승콜,안캐 시작했다 우승콜이다 우승콜,0.07549166679382324,0.13718131184577942,0.6382668018341064,0.06870730221271515,0.031329136341810226,0.04902379587292671
2024-08-25 23:34:13,르클 오늘 미쳤네ㅋㅋㅋㅋ,ㅇㅇ,After Lap,,르클 오늘 미쳤네ㅋㅋㅋㅋ ㅇㅇ,르클 오늘 미쳤네ㅋㅋㅋㅋ ㅇㅇ,0.08115281164646149,0.11690234392881393,0.6920698285102844,0.052343711256980896,0.026372583582997322,0.03115869127213955
2024-08-25 23:34:13,지금부터 맥라렌 강점기 선언을 하겠습니다~,"반박은 안 받습니다
그래도 오늘 승자는 미끌레",After Lap,,"지금부터 맥라렌 강점기 선언을 하겠습니다~ 반박은 안 받습니다
그래도 오늘 승자는 미끌레",지금부터 맥라렌 강점기 선언을 하겠습니다~ 반박은 안 받습니다 그래도 오늘 승자는 미끌레,0.15139147639274597,0.2594716548919678,0.16403602063655853,0.18227355182170868,0.0749974474310875,0.16782987117767334
2024-08-25 23:34:14,내년 월챔은 르끌이다 ㄹㅇ,.,After Lap,,내년 월챔은 르끌이다 ㄹㅇ .,내년 월챔은 르끌이다 ㄹㅇ .,0.21646897494792938,0.33555370569229126,0.11300286650657654,0.12229381501674652,0.0704461857676506,0.1422344595193863
2024-08-25 23:34:14,슬슬 안캐쇼 입갤 ㅋㅋㅋ,,After Lap,,슬슬 안캐쇼 입갤 ㅋㅋㅋ ,슬슬 안캐쇼 입갤 ㅋㅋㅋ,0.0968513935804367,0.1477244645357132,0.593258261680603,0.07886222004890442,0.039202731102705,0.04410092160105705
2024-08-25 23:34:16,안캐가 처음으로 노리스의 위닝 콜을 부르는 순간 ㅋㅋㅋ,,After Lap,,안캐가 처음으로 노리스의 위닝 콜을 부르는 순간 ㅋㅋㅋ ,안캐가 처음으로 노리스의 위닝 콜을 부르는 순간 ㅋㅋㅋ,0.06661955267190933,0.10686204582452774,0.7187007665634155,0.051717210561037064,0.02362188696861267,0.03247847408056259
2024-08-25 23:34:14,개씨발 신끌레르 포디움ㅋㅋㅋㅋㅋㅋㅋㅋㅋㅋㅋ,,After Lap,,개씨발 신끌레르 포디움ㅋㅋㅋㅋㅋㅋㅋㅋㅋㅋㅋ ,개씨발 신끌레르 포디움ㅋㅋㅋㅋㅋㅋㅋㅋㅋㅋㅋ,0.09970606863498688,0.20892059803009033,0.3766801059246063,0.19466610252857208,0.04026494175195694,0.07976219058036804
2024-08-25 23:34:19,고트의 위닝콜 입갤 ㅋㅋ,,After Lap,,고트의 위닝콜 입갤 ㅋㅋ ,고트의 위닝콜 입갤 ㅋㅋ,0.07801856100559235,0.1135658472776413,0.688782274723053,0.059695255011320114,0.02691403403878212,0.03302398696541786
2024-08-25 23:34:20,안캐쇼 시작 ㅋㅋㅋㅋㅋㅋㅋㅋㅋㅋㅋㅋㅋㅋㅋㅋㅋㅋㅋㅋㅋㅋㅋㅋㅋㅋㅋㅋㅋㅋ,ㅋㅋㅋㅋㅋㅋㅋㅋㅋㅋㅋㅋㅋㅋㅋㅇㄹ,After Lap,,안캐쇼 시작 ㅋㅋㅋㅋㅋㅋㅋㅋㅋㅋㅋㅋㅋㅋㅋㅋㅋㅋㅋㅋㅋㅋㅋㅋㅋㅋㅋㅋㅋㅋ ㅋㅋㅋㅋㅋㅋㅋㅋㅋㅋㅋㅋㅋㅋㅋㅇㄹ,안캐쇼 시작 ㅋㅋㅋㅋㅋㅋㅋㅋㅋㅋㅋㅋㅋㅋㅋㅋㅋㅋㅋㅋㅋㅋㅋㅋㅋㅋㅋㅋㅋㅋ ㅋㅋㅋㅋㅋㅋㅋㅋㅋㅋㅋㅋㅋㅋㅋㅇㄹ,0.07094654440879822,0.1105889156460762,0.700441837310791,0.05990353599190712,0.023470411077141762,0.034648679196834564
2024-08-25 23:34:20,위닝콜 입갤 ㅋㅋㅋㅋㅋ,,After Lap,,위닝콜 입갤 ㅋㅋㅋㅋㅋ ,위닝콜 입갤 ㅋㅋㅋㅋㅋ,0.07144109159708023,0.10470135509967804,0.7091972827911377,0.056872133165597916,0.025121090933680534,0.03266703337430954
2024-08-25 23:34:25,페황이 메르세데스 다 쳐발랐노 ㅋㅋㅋㅋㅋ,재계약 ㄱㄱㄱㄱㄱ,After Lap,,페황이 메르세데스 다 쳐발랐노 ㅋㅋㅋㅋㅋ 재계약 ㄱㄱㄱㄱㄱ,페황이 메르세데스 다 쳐발랐노 ㅋㅋㅋㅋㅋ 재계약 ㄱㄱㄱㄱㄱ,0.09171983599662781,0.1348610371351242,0.6501912474632263,0.05439736694097519,0.03710243105888367,0.031728051602840424
2024-08-25 23:34:25,머문응모,,After Lap,,머문응모 ,머문응모,0.12952196598052979,0.16685552895069122,0.54877769947052,0.06984951347112656,0.03655676543712616,0.04843849316239357
2024-08-25 23:34:27,사실상 티포시의 주말,오늘 선방했네,After Lap,,사실상 티포시의 주말 오늘 선방했네,사실상 티포시의 주말 오늘 선방했네,0.09963513910770416,0.1887904554605484,0.5483236312866211,0.06768593937158585,0.03900039568543434,0.05656446889042854
2024-08-25 23:34:27,그냥 몽골 <<< 역대급 규정변경으로 날먹한 차빨챔임 ㅋㅋ,ㅋ,After Lap,,그냥 몽골 <<< 역대급 규정변경으로 날먹한 차빨챔임 ㅋㅋ ㅋ,그냥 몽골 <<< 역대급 규정변경으로 날먹한 차빨챔임 ㅋㅋ ㅋ,0.21900971233844757,0.26956287026405334,0.17280757427215576,0.1765894889831543,0.07822692394256592,0.0838034376502037
2024-08-25 23:34:25,위닝콜 스타트 ㅋㅋㅋㅋ,,After Lap,,위닝콜 스타트 ㅋㅋㅋㅋ ,위닝콜 스타트 ㅋㅋㅋㅋ,0.0759379118680954,0.10780516266822815,0.6982353925704956,0.05912800878286362,0.024787571281194687,0.03410596400499344
2024-08-25 23:34:29,잔드보르트 라이브러리 만들어~~~~~~~~~,ㅅㅅㅅㅅㅅㅅㅅㅅㅅ,After Lap,,잔드보르트 라이브러리 만들어~~~~~~~~~ ㅅㅅㅅㅅㅅㅅㅅㅅㅅ,잔드보르트 라이브러리 만들어~~~~~~~~~ ㅅㅅㅅㅅㅅㅅㅅㅅㅅ,0.06979312002658844,0.12196280807256699,0.6826686859130859,0.06251975148916245,0.027102936059236526,0.03595270961523056
2024-08-25 23:34:29,3.2 와시발,존나 아깝네,After Lap,,3.2 와시발 존나 아깝네,3.2 와시발 존나 아깝네,0.14640215039253235,0.2427813708782196,0.09752456843852997,0.269675612449646,0.06435582786798477,0.1792604923248291
2024-08-25 23:34:29,첫 위닝콜 입랠 ㅋㅋㅋ,,After Lap,,첫 위닝콜 입랠 ㅋㅋㅋ ,첫 위닝콜 입랠 ㅋㅋㅋ,0.07808075100183487,0.12110951542854309,0.6769058704376221,0.05870577320456505,0.028604337945580482,0.036593738943338394
2024-08-25 23:34:30,대 끌 레,- dc official App,After Lap,,대 끌 레 - dc official App,대 끌 레 - dc official App,0.19051165878772736,0.18423892557621002,0.4454869329929352,0.09850955009460449,0.03481669723987579,0.046436186879873276
2024-08-25 23:34:31,뭐 오늘 레이스 좆노잼이라고?,^^그건 니가^^,After Lap,,뭐 오늘 레이스 좆노잼이라고? ^^그건 니가^^,뭐 오늘 레이스 좆노잼이라고? ^^그건 니가^^,0.1709633320569992,0.29550182819366455,0.10470858216285706,0.19907298684120178,0.08572141826152802,0.144031822681427
2024-08-25 23:34:32,24잔트보트 20초갭 참사 vs 23멕시코 첫랩 체코 사고리타 참사,뭐가 더 참사?,After Lap,,24잔트보트 20초갭 참사 vs 23멕시코 첫랩 체코 사고리타 참사 뭐가 더 참사?,24잔트보트 20초갭 참사 vs 23멕시코 첫랩 체코 사고리타 참사 뭐가 더 참사?,0.3215717375278473,0.20850802958011627,0.1110505536198616,0.14597029983997345,0.0765695869922638,0.13632981479167938
2024-08-25 23:34:32,차들 안정성이 너무 좋아진듯,"21, 22에는 심심하면 1대씩 엔진 터졌던것 같은데
왜이리 문제 터지는 차량이 없냐",After Lap,,"차들 안정성이 너무 좋아진듯 21, 22에는 심심하면 1대씩 엔진 터졌던것 같은데
왜이리 문제 터지는 차량이 없냐","차들 안정성이 너무 좋아진듯 21, 22에는 심심하면 1대씩 엔진 터졌던것 같은데 왜이리 문제 터지는 차량이 없냐",0.2577858865261078,0.2662712335586548,0.17951592803001404,0.10671504586935043,0.10611754655838013,0.08359438180923462
2024-08-25 23:34:35,ㅁㄱ: 영국인이 아니라서 당했다,2등당함,After Lap,,ㅁㄱ: 영국인이 아니라서 당했다 2등당함,ㅁㄱ: 영국인이 아니라서 당했다 2등당함,0.1275137960910797,0.2609914243221283,0.09391916543245316,0.21105962991714478,0.06251455843448639,0.24400143325328827
2024-08-25 23:34:36,크 안캐 명언 터지네,노리스견 만족,After Lap,,크 안캐 명언 터지네 노리스견 만족,크 안캐 명언 터지네 노리스견 만족,0.05953378230333328,0.11818912625312805,0.6946460008621216,0.05476781725883484,0.027475506067276,0.0453878752887249
2024-08-25 23:34:37,위닝콜 맛있긴 하네ㅋㅋㅋㅋㅋㅋ,,After Lap,,위닝콜 맛있긴 하네ㅋㅋㅋㅋㅋㅋ ,위닝콜 맛있긴 하네ㅋㅋㅋㅋㅋㅋ,0.07823435217142105,0.12054748833179474,0.669701874256134,0.06030987948179245,0.028901956975460052,0.04230448976159096
2024-08-25 23:34:35,샤를 진짜 존나 잘했다,저 똥차 타고 6위에서 맥라렌 막으면서 포디움 피니시 직전이네 ㅋㅋ 타이어 수명도 차이 꽤 날텐데.,After Lap,,샤를 진짜 존나 잘했다 저 똥차 타고 6위에서 맥라렌 막으면서 포디움 피니시 직전이네 ㅋㅋ 타이어 수명도 차이 꽤 날텐데.,샤를 진짜 존나 잘했다 저 똥차 타고 6위에서 맥라렌 막으면서 포디움 피니시 직전이네 ㅋㅋ 타이어 수명도 차이 꽤 날텐데.,0.2301856279373169,0.19089408218860626,0.3113529682159424,0.10076872259378433,0.11608020216226578,0.050718341022729874
2024-08-25 23:34:38,쿠팡 해지함,"씨발
- dc official App",After Lap,,"쿠팡 해지함 씨발
- dc official App",쿠팡 해지함 씨발,0.1025877594947815,0.2378363311290741,0.1622098982334137,0.24586491286754608,0.031318679451942444,0.22018249332904816
2024-08-25 23:34:38,근데 경은 어케 쥬지를따라온거임?,,After Lap,,근데 경은 어케 쥬지를따라온거임? ,근데 경은 어케 쥬지를따라온거임?,0.3489897549152374,0.20428122580051422,0.17894601821899414,0.11043597757816315,0.11042265594005585,0.04692445695400238
2024-08-25 23:34:40,패랩?????,,After Lap,,패랩????? ,패랩?????,0.3344487249851227,0.22445447742938995,0.19114147126674652,0.10368958860635757,0.08821077644824982,0.05805498734116554
2024-08-25 23:34:41,우승ㅋㅋㅋㅋㅋㅋㅋㅋ,,After Lap,,우승ㅋㅋㅋㅋㅋㅋㅋㅋ ,우승ㅋㅋㅋㅋㅋㅋㅋㅋ,0.06492183357477188,0.11545255780220032,0.706897497177124,0.055813685059547424,0.02373153157532215,0.033182863146066666
2024-08-25 23:34:42,패랩ㅋㅋㅋ,ㅋㅋ,After Lap,,패랩ㅋㅋㅋ ㅋㅋ,패랩ㅋㅋㅋ ㅋㅋ,0.10160111635923386,0.13000516593456268,0.646398663520813,0.06313376128673553,0.026990046724677086,0.031871214509010315
2024-08-25 23:34:42,보타스 기습 2등 ㅋㅋㅋㅋㅋㅋㅋㅋㅋ,,After Lap,,보타스 기습 2등 ㅋㅋㅋㅋㅋㅋㅋㅋㅋ ,보타스 기습 2등 ㅋㅋㅋㅋㅋㅋㅋㅋㅋ,0.09990663826465607,0.14192669093608856,0.6337138414382935,0.06474152952432632,0.02942441776394844,0.030286775901913643
2024-08-25 23:34:42,대 리 스,,After Lap,,대 리 스 ,대 리 스,0.18391810357570648,0.20776091516017914,0.39079922437667847,0.12152544409036636,0.0332748107612133,0.06272154301404953
2024-08-25 23:34:43,대리스 우승 ㅅㅅㅅㅅ,- dc official App,After Lap,,대리스 우승 ㅅㅅㅅㅅ - dc official App,대리스 우승 ㅅㅅㅅㅅ - dc official App,0.06673910468816757,0.11142846196889877,0.7075172662734985,0.055269259959459305,0.024207012727856636,0.03483890742063522
2024-08-25 23:34:43,피아스트리 타이어 초반에 너무 쓰는듯..,- dc official App,After Lap,,피아스트리 타이어 초반에 너무 쓰는듯.. - dc official App,피아스트리 타이어 초반에 너무 쓰는듯.. - dc official App,0.27278998494148254,0.30861198902130127,0.1386113315820694,0.10535778850317001,0.06447041034698486,0.11015845835208893
2024-08-25 23:34:45,패랩 ㅋㅋㅋㅋㅋㅋ,,After Lap,,패랩 ㅋㅋㅋㅋㅋㅋ ,패랩 ㅋㅋㅋㅋㅋㅋ,0.09861087799072266,0.1274661421775818,0.6530154347419739,0.06409163028001785,0.026127317920327187,0.030688650906085968
2024-08-25 23:34:46,보타스 2위 ㅋㅋㅋㅋㄱㄱㅋㄱㅋ,,After Lap,,보타스 2위 ㅋㅋㅋㅋㄱㄱㅋㄱㅋ ,보타스 2위 ㅋㅋㅋㅋㄱㄱㅋㄱㅋ,0.11163586378097534,0.16103971004486084,0.582102358341217,0.08068375289440155,0.03021502122282982,0.03432335704565048
2024-08-25 23:34:46,조용하노 시발 ㅋㅋㅋㅋㅋㅋ,,After Lap,,조용하노 시발 ㅋㅋㅋㅋㅋㅋ ,조용하노 시발 ㅋㅋㅋㅋㅋㅋ,0.12276757508516312,0.24613268673419952,0.14941130578517914,0.29253506660461426,0.06957373768091202,0.11957958340644836
2024-08-25 23:34:48,북딱스 뭔데ㅋㅋㅋ,ㅋㅋㅋㅋㅋ,After Lap,,북딱스 뭔데ㅋㅋㅋ ㅋㅋㅋㅋㅋ,북딱스 뭔데ㅋㅋㅋ ㅋㅋㅋㅋㅋ,0.10109143704175949,0.1432720422744751,0.6321759223937988,0.06103667616844177,0.029838232323527336,0.032585691660642624
2024-08-25 23:34:48,대 라 렌,,After Lap,,대 라 렌 ,대 라 렌,0.11525805294513702,0.14914612472057343,0.595141589641571,0.07234305888414383,0.03074471279978752,0.037366386502981186
2024-08-25 23:34:48,보타스 포디움 ㅋㅋㅋㅋㅋ,ㅋㅋㅋㅋㅋㅋ,After Lap,,보타스 포디움 ㅋㅋㅋㅋㅋ ㅋㅋㅋㅋㅋㅋ,보타스 포디움 ㅋㅋㅋㅋㅋ ㅋㅋㅋㅋㅋㅋ,0.06557163596153259,0.10889533907175064,0.7118833661079407,0.05771845206618309,0.02182871289551258,0.034102488309144974
2024-08-25 23:34:48,패랩ㅋㅋㅋㅋ,,After Lap,,패랩ㅋㅋㅋㅋ ,패랩ㅋㅋㅋㅋ,0.11032266914844513,0.13128408789634705,0.6310542821884155,0.06778194010257721,0.027676910161972046,0.03188012167811394
2024-08-25 23:34:49,노리스 가슬리 보타스 포디움 ㅅㅅ,,After Lap,,노리스 가슬리 보타스 포디움 ㅅㅅ ,노리스 가슬리 보타스 포디움 ㅅㅅ,0.06715616583824158,0.11000485718250275,0.7065699100494385,0.05696189031004906,0.023059798404574394,0.03624729439616203
2024-08-25 23:34:49,우승 ㅊㅊ,,After Lap,,우승 ㅊㅊ ,우승 ㅊㅊ,0.06383145600557327,0.11827315390110016,0.6939732432365417,0.05577971041202545,0.028751954436302185,0.03939034789800644
2024-08-25 23:34:51,노가보 ㅋㅋㅋㅋ,ㅋㅋㅋㅋㅋㅋㅋㅋ,After Lap,,노가보 ㅋㅋㅋㅋ ㅋㅋㅋㅋㅋㅋㅋㅋ,노가보 ㅋㅋㅋㅋ ㅋㅋㅋㅋㅋㅋㅋㅋ,0.07854784280061722,0.12188520282506943,0.6820047497749329,0.061438463628292084,0.023209242150187492,0.03291444480419159
2024-08-25 23:34:50,북딱스 2위ㅋㅋㅋ,,After Lap,,북딱스 2위ㅋㅋㅋ ,북딱스 2위ㅋㅋㅋ,0.07792253792285919,0.1212942972779274,0.6790200471878052,0.05602932721376419,0.02974914200603962,0.035984717309474945
2024-08-25 23:34:51,어쨌든 포디움 입갤한 승리의 티포시 입갤 ㅋㅋㅋㅋㅋㅋ,이게 어디냐 ㅋㅋㅋㅋㅋㅋ,After Lap,,어쨌든 포디움 입갤한 승리의 티포시 입갤 ㅋㅋㅋㅋㅋㅋ 이게 어디냐 ㅋㅋㅋㅋㅋㅋ,어쨌든 포디움 입갤한 승리의 티포시 입갤 ㅋㅋㅋㅋㅋㅋ 이게 어디냐 ㅋㅋㅋㅋㅋㅋ,0.056640684604644775,0.1143171414732933,0.7015702128410339,0.05725937336683273,0.026655253022909164,0.04355732351541519
2024-08-25 23:34:52,보타스 2등 뭐노 ㅋㅋㅋㅋㅋ,- dc official App,After Lap,,보타스 2등 뭐노 ㅋㅋㅋㅋㅋ - dc official App,보타스 2등 뭐노 ㅋㅋㅋㅋㅋ - dc official App,0.320000022649765,0.2570503354072571,0.1367393583059311,0.1326436549425125,0.08346102386713028,0.07010562717914581
2024-08-25 23:34:53,와 씨발 마지막 패랩ㅋㅋ,ㅋㅋ,After Lap,,와 씨발 마지막 패랩ㅋㅋ ㅋㅋ,와 씨발 마지막 패랩ㅋㅋ ㅋㅋ,0.1448388397693634,0.2899742126464844,0.25796613097190857,0.1630387306213379,0.0688956156373024,0.07528654485940933
2024-08-25 23:34:52,가슬리 2등 ㅋㅋㅋ,ㅋㅋㅋㅋ,After Lap,,가슬리 2등 ㅋㅋㅋ ㅋㅋㅋㅋ,가슬리 2등 ㅋㅋㅋ ㅋㅋㅋㅋ,0.094731405377388,0.15043668448925018,0.6190902590751648,0.07242298871278763,0.028106629848480225,0.035211995244026184
2024-08-25 23:34:53,보타스 2위 ㅋㅋㅋㅋㅋㅋㅋ,ㅋㅋㅋㅋ,After Lap,,보타스 2위 ㅋㅋㅋㅋㅋㅋㅋ ㅋㅋㅋㅋ,보타스 2위 ㅋㅋㅋㅋㅋㅋㅋ ㅋㅋㅋㅋ,0.1056060642004013,0.15348359942436218,0.6076434850692749,0.07168281823396683,0.029220255091786385,0.03236377611756325
2024-08-25 23:34:53,가슬리 타스 포디엄 ㅋㅋㅋㅋ,,After Lap,,가슬리 타스 포디엄 ㅋㅋㅋㅋ ,가슬리 타스 포디엄 ㅋㅋㅋㅋ,0.09391146153211594,0.12503652274608612,0.6515077352523804,0.07108745723962784,0.02587316744029522,0.032583724707365036
2024-08-25 23:34:54,북딱스 가슬리 기습 포디움ㅋㅋㅋㅋ,- dc official App,After Lap,,북딱스 가슬리 기습 포디움ㅋㅋㅋㅋ - dc official App,북딱스 가슬리 기습 포디움ㅋㅋㅋㅋ - dc official App,0.07360277324914932,0.1102156713604927,0.7039123773574829,0.05701624974608421,0.023136315867304802,0.03211667016148567
2024-08-25 23:34:54,보타스 뭐노 시발ㅋㅋㅋ,,After Lap,,보타스 뭐노 시발ㅋㅋㅋ ,보타스 뭐노 시발ㅋㅋㅋ,0.17985908687114716,0.2761175334453583,0.09538006037473679,0.2454923540353775,0.0647595003247261,0.13839146494865417
2024-08-25 23:34:54,보타스 p2 ㄷㄷㄷㄷ,,After Lap,,보타스 p2 ㄷㄷㄷㄷ ,보타스 p2 ㄷㄷㄷㄷ,0.34192079305648804,0.20404314994812012,0.18530631065368652,0.11478414386510849,0.10505468398332596,0.04889083281159401
2024-08-25 23:34:55,안캐 <- 역대급 GOAT,캬 ㅋㅋㅋㅋㅋㅋㅋㅋㅋㅋㅋ,After Lap,,안캐 <- 역대급 GOAT 캬 ㅋㅋㅋㅋㅋㅋㅋㅋㅋㅋㅋ,안캐 <- 역대급 GOAT 캬 ㅋㅋㅋㅋㅋㅋㅋㅋㅋㅋㅋ,0.06365905702114105,0.11981907486915588,0.6971960067749023,0.057776544243097305,0.02394411712884903,0.03760524466633797
2024-08-25 23:34:54,노리스 패랩 ㅁㅊㅋㅋㅋㅋㅋㅋ,,After Lap,,노리스 패랩 ㅁㅊㅋㅋㅋㅋㅋㅋ ,노리스 패랩 ㅁㅊㅋㅋㅋㅋㅋㅋ,0.11562765389680862,0.13310113549232483,0.627536952495575,0.06538008898496628,0.028279004618525505,0.030075227841734886
2024-08-25 23:34:55,패랩 뭐임ㅋㅋㅋㅋㅋ,ㅅㅂ,After Lap,,패랩 뭐임ㅋㅋㅋㅋㅋ ㅅㅂ,패랩 뭐임ㅋㅋㅋㅋㅋ ㅅㅂ,0.1640508472919464,0.2965337932109833,0.11472474038600922,0.22546564042568207,0.06791262328624725,0.13131238520145416
2024-08-25 23:34:55,보타스 2등 ㅋㅋㅋㅋㅋ,- dc official App,After Lap,,보타스 2등 ㅋㅋㅋㅋㅋ - dc official App,보타스 2등 ㅋㅋㅋㅋㅋ - dc official App,0.09239575266838074,0.12177272886037827,0.6603913903236389,0.06698830425739288,0.025771569460630417,0.0326802097260952
2024-08-25 23:34:56,패랩까지 ㄷㄷ ㅅㅅㅅㅅㅅㅅㅅ,ㅅㅅㅅㅅ,After Lap,,패랩까지 ㄷㄷ ㅅㅅㅅㅅㅅㅅㅅ ㅅㅅㅅㅅ,패랩까지 ㄷㄷ ㅅㅅㅅㅅㅅㅅㅅ ㅅㅅㅅㅅ,0.08058220148086548,0.12759816646575928,0.6807990670204163,0.052629727870225906,0.026585828512907028,0.031805068254470825
2024-08-25 23:34:57,저우관유 2위 ㅋㅋㅋㅋㅋㅋㅋㅋ 대우버 ㅋㅋㅋ,ㅋㅋ,After Lap,,저우관유 2위 ㅋㅋㅋㅋㅋㅋㅋㅋ 대우버 ㅋㅋㅋ ㅋㅋ,저우관유 2위 ㅋㅋㅋㅋㅋㅋㅋㅋ 대우버 ㅋㅋㅋ ㅋㅋ,0.09330116957426071,0.1349036544561386,0.6496527791023254,0.06494744122028351,0.026201127097010612,0.03099377639591694
2024-08-25 23:34:57,보타스 2위!!!!!!!!!,나이스 ㅋㅋㅋ,After Lap,,보타스 2위!!!!!!!!! 나이스 ㅋㅋㅋ,보타스 2위!!!!!!!!! 나이스 ㅋㅋㅋ,0.05772331729531288,0.11427825689315796,0.7128942012786865,0.053303010761737823,0.024423088878393173,0.037378184497356415
2024-08-25 23:34:57,카 보타스 2등 가슬리 3등 ㅊㅊㅊㅊㅊ,,After Lap,,카 보타스 2등 가슬리 3등 ㅊㅊㅊㅊㅊ ,카 보타스 2등 가슬리 3등 ㅊㅊㅊㅊㅊ,0.102976955473423,0.20459644496440887,0.4774854779243469,0.11455372720956802,0.03993240371346474,0.06045496091246605
2024-08-25 23:34:57,보타스 2등 가슬리 3등ㅋㅋㅋㅋㅋㅋㅋ,ㅋㅋㅋㅋㅋㅋ,After Lap,,보타스 2등 가슬리 3등ㅋㅋㅋㅋㅋㅋㅋ ㅋㅋㅋㅋㅋㅋ,보타스 2등 가슬리 3등ㅋㅋㅋㅋㅋㅋㅋ ㅋㅋㅋㅋㅋㅋ,0.11071780323982239,0.16666626930236816,0.5613242983818054,0.08878754079341888,0.03133159503340721,0.041172515600919724
2024-08-25 23:34:57,자우버 ㅋㅋㅋㅋㅋㅋ,"ㅋㅋ
- dc official App",After Lap,,"자우버 ㅋㅋㅋㅋㅋㅋ ㅋㅋ
- dc official App",자우버 ㅋㅋㅋㅋㅋㅋ ㅋㅋ,0.074996717274189,0.11339826136827469,0.6930657625198364,0.06225382536649704,0.022545931860804558,0.03373956307768822
2024-08-25 23:34:58,보타스 P2 ㅋㅋㅋㅋㅋㅋㅋ,ㅋㅋㅋㅋㅋㅋㅋ,After Lap,,보타스 P2 ㅋㅋㅋㅋㅋㅋㅋ ㅋㅋㅋㅋㅋㅋㅋ,보타스 P2 ㅋㅋㅋㅋㅋㅋㅋ ㅋㅋㅋㅋㅋㅋㅋ,0.08811414241790771,0.133185476064682,0.6426316499710083,0.07461671531200409,0.025540005415678024,0.035912059247493744
2024-08-25 23:34:59,북딱스 2위 표기 ㅋㅋㅋ,,After Lap,,북딱스 2위 표기 ㅋㅋㅋ ,북딱스 2위 표기 ㅋㅋㅋ,0.08783629536628723,0.1278287023305893,0.669961154460907,0.05633305385708809,0.02664167433977127,0.03139910474419594
2024-08-25 23:34:59,안보여 ㅅㅂ ㅋㅋㅋ,,After Lap,,안보여 ㅅㅂ ㅋㅋㅋ ,안보여 ㅅㅂ ㅋㅋㅋ,0.11067640036344528,0.25931575894355774,0.1244342252612114,0.29294902086257935,0.05201847106218338,0.16060607135295868
2024-08-25 23:34:59,오늘 최악의 팀은 애마네 ㅋㅋ 츠노다 제외 쌍으로 제일 많이 따였노,,After Lap,,오늘 최악의 팀은 애마네 ㅋㅋ 츠노다 제외 쌍으로 제일 많이 따였노 ,오늘 최악의 팀은 애마네 ㅋㅋ 츠노다 제외 쌍으로 제일 많이 따였노,0.22317488491535187,0.25130003690719604,0.08639690279960632,0.2068266123533249,0.10547567903995514,0.12682589888572693
2024-08-25 23:35:00,보타스 2등 ㅋㅋㅋㅋㅋㅋ,,After Lap,,보타스 2등 ㅋㅋㅋㅋㅋㅋ ,보타스 2등 ㅋㅋㅋㅋㅋㅋ,0.1015763133764267,0.1462206095457077,0.6121993064880371,0.07455594092607498,0.03149193525314331,0.03395581617951393
2024-08-25 23:35:01,노가보 ㅋㅋㅋㅋ,,After Lap,,노가보 ㅋㅋㅋㅋ ,노가보 ㅋㅋㅋㅋ,0.08354157209396362,0.11786895245313644,0.6832990646362305,0.05983048677444458,0.024539710953831673,0.030920231714844704
2024-08-25 23:35:01,연막ㅋㅋㅋ,ㅋㅋㅋ,After Lap,,연막ㅋㅋㅋ ㅋㅋㅋ,연막ㅋㅋㅋ ㅋㅋㅋ,0.14168331027030945,0.20597393810749054,0.4663017988204956,0.10017771273851395,0.03937618061900139,0.046487029641866684
2024-08-25 23:35:01,그랜드슬램 갈뻔,"폴투윈 + 패랩 근데 리드는 못했네
- dc official App",After Lap,,"그랜드슬램 갈뻔 폴투윈 + 패랩 근데 리드는 못했네
- dc official App",그랜드슬램 갈뻔 폴투윈 + 패랩 근데 리드는 못했네,0.27199599146842957,0.3076809346675873,0.1493859589099884,0.11045895516872406,0.08482705801725388,0.0756511390209198
2024-08-25 23:35:02,가슬리 보타스 포디움 ㅅㅅ,ㅅㅅㅅㅅㅂ,After Lap,,가슬리 보타스 포디움 ㅅㅅ ㅅㅅㅅㅅㅂ,가슬리 보타스 포디움 ㅅㅅ ㅅㅅㅅㅅㅂ,0.06047597527503967,0.10908909887075424,0.7101345062255859,0.060619790107011795,0.0215438362210989,0.03813670203089714
2024-08-25 23:35:03,대딱스ㅋㅋㅋㅋㅋㅋㅋㅋㅋ,ㅋㅋㅋㅋㅋㅋ,After Lap,,대딱스ㅋㅋㅋㅋㅋㅋㅋㅋㅋ ㅋㅋㅋㅋㅋㅋ,대딱스ㅋㅋㅋㅋㅋㅋㅋㅋㅋ ㅋㅋㅋㅋㅋㅋ,0.06808001548051834,0.11550530046224594,0.6978441476821899,0.05647524073719978,0.02493933215737343,0.03715592622756958
2024-08-25 23:35:02,? 뭐노시발,보타스 P2,After Lap,,? 뭐노시발 보타스 P2,? 뭐노시발 보타스 P2,0.14362949132919312,0.2107328474521637,0.10207933187484741,0.3186269998550415,0.05491297319531441,0.1700182855129242
2024-08-25 23:35:03,북딱스 체커 ㅅㅅㅅㅅㅅ,네이스 ㅋㅋㅋㅋㅋㅋ,After Lap,,북딱스 체커 ㅅㅅㅅㅅㅅ 네이스 ㅋㅋㅋㅋㅋㅋ,북딱스 체커 ㅅㅅㅅㅅㅅ 네이스 ㅋㅋㅋㅋㅋㅋ,0.06683275103569031,0.11269786208868027,0.704119861125946,0.05723974481225014,0.02370547316968441,0.03540428727865219
2024-08-25 23:35:03,보타스 기습 포디움ㅋㅋㅋㅋ,,After Lap,,보타스 기습 포디움ㅋㅋㅋㅋ ,보타스 기습 포디움ㅋㅋㅋㅋ,0.0709707960486412,0.10923148691654205,0.7083523869514465,0.05614400655031204,0.02269640751183033,0.03260490298271179
2024-08-25 23:35:04,페라리 오늘 레전드네ㅋㅋㅋㅋ,"르클 +3
사인지 +5 ㅋㅋㅋㅋㅋㅋ",After Lap,,"페라리 오늘 레전드네ㅋㅋㅋㅋ 르클 +3
사인지 +5 ㅋㅋㅋㅋㅋㅋ",페라리 오늘 레전드네ㅋㅋㅋㅋ 르클 +3 사인지 +5 ㅋㅋㅋㅋㅋㅋ,0.07919216901063919,0.12275734543800354,0.6873031258583069,0.05442220717668533,0.02666260488331318,0.029662499204277992
2024-08-25 23:35:04,북ㅋ닥스2등ㅋㅋㅋㅋㅋㅋㅋㅋㅋ,- dc official App,After Lap,,북ㅋ닥스2등ㅋㅋㅋㅋㅋㅋㅋㅋㅋ - dc official App,북ㅋ닥스2등ㅋㅋㅋㅋㅋㅋㅋㅋㅋ - dc official App,0.08120393753051758,0.11538270115852356,0.6767184138298035,0.06855402886867523,0.024094784632325172,0.03404613584280014
2024-08-25 23:35:04,연막탄 ㅆㅂ ㅋㅋㅋㅋㅋㅋ,,After Lap,,연막탄 ㅆㅂ ㅋㅋㅋㅋㅋㅋ ,연막탄 ㅆㅂ ㅋㅋㅋㅋㅋㅋ,0.15482206642627716,0.27550238370895386,0.19148501753807068,0.2150081992149353,0.07178394496440887,0.09139842540025711
2024-08-25 23:35:05,르끌 2초차 마무리 ㅋㅋ,ㅋㅋ,After Lap,,르끌 2초차 마무리 ㅋㅋ ㅋㅋ,르끌 2초차 마무리 ㅋㅋ ㅋㅋ,0.08451889455318451,0.16336525976657867,0.5638483762741089,0.09428228437900543,0.03318076208233833,0.06080443039536476
2024-08-25 23:35:05,씨발 미세먼지 ㅋㅋㅋ,,After Lap,,씨발 미세먼지 ㅋㅋㅋ ,씨발 미세먼지 ㅋㅋㅋ,0.09989826381206512,0.20622868835926056,0.16473495960235596,0.2940577268600464,0.04005388915538788,0.1950264573097229
2024-08-25 23:35:06,보타스 가슬리 포디움 씨발 ㅋㅋㅋㅋㅋㅋㅋ,ㅋㅋㅋㅋㅋ,After Lap,,보타스 가슬리 포디움 씨발 ㅋㅋㅋㅋㅋㅋㅋ ㅋㅋㅋㅋㅋ,보타스 가슬리 포디움 씨발 ㅋㅋㅋㅋㅋㅋㅋ ㅋㅋㅋㅋㅋ,0.07301308214664459,0.11971230059862137,0.67851322889328,0.06944967061281204,0.022326424717903137,0.036985184997320175
2024-08-25 23:35:06,연막탄 ㅋㅋㅋㅋ,- dc official App,After Lap,,연막탄 ㅋㅋㅋㅋ - dc official App,연막탄 ㅋㅋㅋㅋ - dc official App,0.10053154826164246,0.13966400921344757,0.6250786781311035,0.07221510261297226,0.02772200107574463,0.0347885861992836
2024-08-25 23:35:06,북딱스 p2 ㅋㅋㅋㅋㅋㅋ,,After Lap,,북딱스 p2 ㅋㅋㅋㅋㅋㅋ ,북딱스 p2 ㅋㅋㅋㅋㅋㅋ,0.06951279193162918,0.1100320816040039,0.7051911950111389,0.057683054357767105,0.023244526237249374,0.03433641046285629
2024-08-25 23:35:08,르끌 포디움 ㅅㅅ,- dc official App,After Lap,,르끌 포디움 ㅅㅅ - dc official App,르끌 포디움 ㅅㅅ - dc official App,0.13370707631111145,0.1497431993484497,0.5718229413032532,0.07653522491455078,0.028029199689626694,0.040162310004234314
2024-08-25 23:35:08,백마커 표시 왜저래 바뀌었노ㅋㅋㅋㅋㅋㅋ,,After Lap,,백마커 표시 왜저래 바뀌었노ㅋㅋㅋㅋㅋㅋ ,백마커 표시 왜저래 바뀌었노ㅋㅋㅋㅋㅋㅋ,0.2780791223049164,0.26115086674690247,0.18222901225090027,0.12773540616035461,0.09489268064498901,0.05591294541954994
2024-08-25 23:35:09,연막 ㅋㅋㅋㅋㅋㅋㅋ,,After Lap,,연막 ㅋㅋㅋㅋㅋㅋㅋ ,연막 ㅋㅋㅋㅋㅋㅋㅋ,0.14793899655342102,0.20590901374816895,0.4555700421333313,0.10231805592775345,0.042398806661367416,0.04586505517363548
2024-08-25 23:35:09,앞이 안보이노ㅋㅋㅋㅋㅋ,,After Lap,,앞이 안보이노ㅋㅋㅋㅋㅋ ,앞이 안보이노ㅋㅋㅋㅋㅋ,0.15210147202014923,0.3280157744884491,0.13253140449523926,0.1677221953868866,0.08968152105808258,0.12994763255119324
2024-08-25 23:35:09,연막 시발아ㅋㅋㅋㅋㅋ,,After Lap,,연막 시발아ㅋㅋㅋㅋㅋ ,연막 시발아ㅋㅋㅋㅋㅋ,0.15895502269268036,0.28352347016334534,0.21694797277450562,0.19173355400562286,0.06819739937782288,0.08064252138137817
2024-08-25 23:35:11,보타스 2위ㅋㅋㅋㅋㅋㅋㅋㅋㅋ,,After Lap,,보타스 2위ㅋㅋㅋㅋㅋㅋㅋㅋㅋ ,보타스 2위ㅋㅋㅋㅋㅋㅋㅋㅋㅋ,0.173756405711174,0.20056596398353577,0.46006378531455994,0.08705908805131912,0.04496724158525467,0.03358752653002739
2024-08-25 23:35:11,보타스 2위 ㅅㅅㅅㅅㅅㅅㅅ,ㅋㅋㅋㅋㅋㅋㅋ,After Lap,,보타스 2위 ㅅㅅㅅㅅㅅㅅㅅ ㅋㅋㅋㅋㅋㅋㅋ,보타스 2위 ㅅㅅㅅㅅㅅㅅㅅ ㅋㅋㅋㅋㅋㅋㅋ,0.05949738994240761,0.10777432471513748,0.7228188514709473,0.05255065858364105,0.022852949798107147,0.03450588136911392
2024-08-25 23:35:11,보타스 포디움에 치킨 걸었는데 개쫄렸네 ㅅㅂㅋㅋㅋㅋㅋㅋㅋㅋㅋㅋㅋㅋ,보타스 포디움 시 황금올리브 뿌린다 - F1 마이너 갤러리 (dcinside.com),After Lap,,보타스 포디움에 치킨 걸었는데 개쫄렸네 ㅅㅂㅋㅋㅋㅋㅋㅋㅋㅋㅋㅋㅋㅋ 보타스 포디움 시 황금올리브 뿌린다 - F1 마이너 갤러리 (dcinside.com),보타스 포디움에 치킨 걸었는데 개쫄렸네 ㅅㅂㅋㅋㅋㅋㅋㅋㅋㅋㅋㅋㅋㅋ 보타스 포디움 시 황금올리브 뿌린다 - F1 마이너 갤러리 (dcinside.com),0.17380428314208984,0.24998390674591064,0.22715707123279572,0.17937135696411133,0.09351469576358795,0.07616864889860153
2024-08-25 23:35:12,트랙에 불남? ㅋㅋㅋㅋㅋㅋ,뭐냐고,After Lap,,트랙에 불남? ㅋㅋㅋㅋㅋㅋ 뭐냐고,트랙에 불남? ㅋㅋㅋㅋㅋㅋ 뭐냐고,0.24828948080539703,0.28151074051856995,0.10382433235645294,0.15827038884162903,0.09514731913805008,0.11295769363641739
2024-08-25 23:35:12,연막탄 ㅅㅂ ㅋㅋㅋㅋ,,After Lap,,연막탄 ㅅㅂ ㅋㅋㅋㅋ ,연막탄 ㅅㅂ ㅋㅋㅋㅋ,0.14665177464485168,0.2436760812997818,0.11670225113630295,0.2851315140724182,0.0694427415728569,0.1383955478668213
2024-08-25 23:35:12,ㅅㅂ 앞이 안보이노ㅋㅋㅋ,,After Lap,,ㅅㅂ 앞이 안보이노ㅋㅋㅋ ,ㅅㅂ 앞이 안보이노ㅋㅋㅋ,0.1139020100235939,0.2372312694787979,0.12351877242326736,0.2545105814933777,0.05510558560490608,0.21573182940483093
2024-08-25 23:35:13,ㅅㅂ ㅋㅋㅋㅋ 폭죽,- dc official App,After Lap,,ㅅㅂ ㅋㅋㅋㅋ 폭죽 - dc official App,ㅅㅂ ㅋㅋㅋㅋ 폭죽 - dc official App,0.12307377904653549,0.20629222691059113,0.3611729145050049,0.19553904235363007,0.04525095224380493,0.06867104023694992
2024-08-25 23:35:13,노리스강점기가 더 노잼인게 확실한이유,"저새끼 이제 두번째우승임
- dc official App",After Lap,,"노리스강점기가 더 노잼인게 확실한이유 저새끼 이제 두번째우승임
- dc official App",노리스강점기가 더 노잼인게 확실한이유 저새끼 이제 두번째우승임,0.20381490886211395,0.25751397013664246,0.08094853162765503,0.20698554813861847,0.07910262793302536,0.17163440585136414
2024-08-25 23:35:14,아니 씨발 진짜 노리스 패랩 무엇임????,,After Lap,,아니 씨발 진짜 노리스 패랩 무엇임???? ,아니 씨발 진짜 노리스 패랩 무엇임????,0.20090697705745697,0.26525408029556274,0.09713532775640488,0.21722298860549927,0.09457831084728241,0.12490235269069672
2024-08-25 23:35:12,앞이 안보이노 ㅋㅋ,,After Lap,,앞이 안보이노 ㅋㅋ ,앞이 안보이노 ㅋㅋ,0.1684352606534958,0.32790839672088623,0.12372651696205139,0.15310628712177277,0.09112557768821716,0.1356978714466095
2024-08-25 23:35:14,연기 씹ㅋㅋㅋ,- dc official App,After Lap,,연기 씹ㅋㅋㅋ - dc official App,연기 씹ㅋㅋㅋ - dc official App,0.165536031126976,0.18781210482120514,0.49172791838645935,0.07499425113201141,0.04978151619434357,0.0301480945199728
2024-08-25 23:35:14,연막 시발아 ㅋㅋㅋㅋ,,After Lap,,연막 시발아 ㅋㅋㅋㅋ ,연막 시발아 ㅋㅋㅋㅋ,0.1541358232498169,0.28635528683662415,0.23551243543624878,0.181298166513443,0.06577786803245544,0.07692034542560577
2024-08-25 23:35:15,보타스 p2 축하합니다,신 타 스,After Lap,,보타스 p2 축하합니다 신 타 스,보타스 p2 축하합니다 신 타 스,0.057854074984788895,0.11774244904518127,0.7063841819763184,0.0526622012257576,0.025676777586340904,0.03968037664890289
2024-08-25 23:35:15,코너 안보이는거 아니노 ㅋㅋㅋㅋ,십,After Lap,,코너 안보이는거 아니노 ㅋㅋㅋㅋ 십,코너 안보이는거 아니노 ㅋㅋㅋㅋ 십,0.14078107476234436,0.2871129512786865,0.09257905185222626,0.22565613687038422,0.06924798339605331,0.18462277948856354
2024-08-25 23:35:15,자우버 첫포인트ㅋㅋㅋㅋㅋㅋ,ㅅㅅㅅㅅㅅ,After Lap,,자우버 첫포인트ㅋㅋㅋㅋㅋㅋ ㅅㅅㅅㅅㅅ,자우버 첫포인트ㅋㅋㅋㅋㅋㅋ ㅅㅅㅅㅅㅅ,0.06118498742580414,0.11103244125843048,0.7115142345428467,0.05363500863313675,0.024695876985788345,0.0379374735057354
2024-08-25 23:35:13,레드플랙 ㅋㅋ,,After Lap,,레드플랙 ㅋㅋ ,레드플랙 ㅋㅋ,0.08270341902971268,0.11247451603412628,0.6790752410888672,0.06349259614944458,0.025148844346404076,0.037105411291122437
2024-08-25 23:35:15,보타스 ㄷㄷ,- dc official App,After Lap,,보타스 ㄷㄷ - dc official App,보타스 ㄷㄷ - dc official App,0.298602432012558,0.20263701677322388,0.2983483076095581,0.0931551605463028,0.06865715980529785,0.03859996423125267
2024-08-25 23:35:17,보타스 포디움 ㅊㅊ,ㅋㅋ,After Lap,,보타스 포디움 ㅊㅊ ㅋㅋ,보타스 포디움 ㅊㅊ ㅋㅋ,0.06393203884363174,0.10822519659996033,0.7139098644256592,0.0544777438044548,0.0235136728733778,0.035941511392593384
2024-08-25 23:35:18,순위표 개웃기네 ㅋㅋㅋㅋㅋㅋ,ㅋㅋㅋㅋㅋㅋㅋㅋㅋㅋㅋ,After Lap,,순위표 개웃기네 ㅋㅋㅋㅋㅋㅋ ㅋㅋㅋㅋㅋㅋㅋㅋㅋㅋㅋ,순위표 개웃기네 ㅋㅋㅋㅋㅋㅋ ㅋㅋㅋㅋㅋㅋㅋㅋㅋㅋㅋ,0.10680849105119705,0.15515361726284027,0.6080650687217712,0.06814173609018326,0.027176255360245705,0.03465483337640762
2024-08-25 23:35:19,어우 레이스 드럽게 재미없네,몽골아 시발 좀 잘달려봐,After Lap,,어우 레이스 드럽게 재미없네 몽골아 시발 좀 잘달려봐,어우 레이스 드럽게 재미없네 몽골아 시발 좀 잘달려봐,0.15965983271598816,0.28770044445991516,0.11060231924057007,0.22646428644657135,0.05824652314186096,0.1573265790939331
2024-08-25 23:35:20,아니 주황연막 ㅇㄷ?,왜 하얗노..,After Lap,,아니 주황연막 ㅇㄷ? 왜 하얗노..,아니 주황연막 ㅇㄷ? 왜 하얗노..,0.2702745497226715,0.30045872926712036,0.1064501404762268,0.13313768804073334,0.08993015438318253,0.09974869340658188
2024-08-25 23:35:22,와 패렙은 뭐냐 ㄷㄷ,개썩다리 하드로 패렙 지렸다,After Lap,,와 패렙은 뭐냐 ㄷㄷ 개썩다리 하드로 패렙 지렸다,와 패렙은 뭐냐 ㄷㄷ 개썩다리 하드로 패렙 지렸다,0.29822051525115967,0.2202514111995697,0.10128843784332275,0.17759160697460175,0.11492104828357697,0.08772696554660797
2024-08-25 23:35:22,우승한 기분의 티포시는 개추 ㅋㅋㅋㅋㅋㅋㅋㅋ,일단 나부터 ㅋㅋㅋㅋㅋㅋㅋㅋㅋ,After Lap,,우승한 기분의 티포시는 개추 ㅋㅋㅋㅋㅋㅋㅋㅋ 일단 나부터 ㅋㅋㅋㅋㅋㅋㅋㅋㅋ,우승한 기분의 티포시는 개추 ㅋㅋㅋㅋㅋㅋㅋㅋ 일단 나부터 ㅋㅋㅋㅋㅋㅋㅋㅋㅋ,0.058033302426338196,0.11233668774366379,0.7112630605697632,0.05453011021018028,0.025819169357419014,0.038017742335796356
2024-08-25 23:35:22,존나맛없게돌리노ㅋㅋ,"ㅋㅋㅋㅋㅋㅋㅋㅋㅋㅋ
- ORACLE RED BULL RACING RB20",After Lap,,"존나맛없게돌리노ㅋㅋ ㅋㅋㅋㅋㅋㅋㅋㅋㅋㅋ
- ORACLE RED BULL RACING RB20",존나맛없게돌리노ㅋㅋ ㅋㅋㅋㅋㅋㅋㅋㅋㅋㅋ - ORACLE RED BULL RACING RB20,0.14297199249267578,0.3057059645652771,0.15880295634269714,0.21309497952461243,0.061757687479257584,0.11766642332077026
2024-08-25 23:35:23,패랩 진짜임? ㅋㅋㅋㅋㅋㅋㅋ,ㅅㅂ,After Lap,,패랩 진짜임? ㅋㅋㅋㅋㅋㅋㅋ ㅅㅂ,패랩 진짜임? ㅋㅋㅋㅋㅋㅋㅋ ㅅㅂ,0.22631458938121796,0.2577548623085022,0.10711219906806946,0.18689735233783722,0.11311279982328415,0.108808234333992
2024-08-25 23:35:23,연기 ㅋㅋㅋㅋㅅㅂ,,After Lap,,연기 ㅋㅋㅋㅋㅅㅂ ,연기 ㅋㅋㅋㅋㅅㅂ,0.19356238842010498,0.2731364369392395,0.12818661332130432,0.2077244222164154,0.07694820314645767,0.1204419881105423
2024-08-25 23:35:25,연막탄 뿌렸ㄴㅎㅋ,- dc official App,After Lap,,연막탄 뿌렸ㄴㅎㅋ - dc official App,연막탄 뿌렸ㄴㅎㅋ - dc official App,0.18024924397468567,0.252361923456192,0.30924808979034424,0.1345268040895462,0.06199216842651367,0.0616217702627182
2024-08-25 23:35:25,암튼 폴투윈ㅋㅋㅋ,ㄱㅋㅋ,After Lap,,암튼 폴투윈ㅋㅋㅋ ㄱㅋㅋ,암튼 폴투윈ㅋㅋㅋ ㄱㅋㅋ,0.060477957129478455,0.10636774450540543,0.7194395661354065,0.05594249814748764,0.023464785888791084,0.03430742770433426
2024-08-25 23:35:26,"보타스 p2, 가슬리 p3 ㅊㅊㅊㅊㅊㅊㅊ",ㅋㅋㅋㅋㅋ,After Lap,,"보타스 p2, 가슬리 p3 ㅊㅊㅊㅊㅊㅊㅊ ㅋㅋㅋㅋㅋ","보타스 p2, 가슬리 p3 ㅊㅊㅊㅊㅊㅊㅊ ㅋㅋㅋㅋㅋ",0.06961334496736526,0.11228368431329727,0.698127806186676,0.06318436563014984,0.022971443831920624,0.03381934389472008
2024-08-25 23:35:27,그냥 패랩이네??? ㅋㅋㅋ,"피트인 하라던 몽골견등 사닥션 ㅋㅋㅋㅋㅋㅋㅋㅋㅋ
- dc official App",After Lap,,"그냥 패랩이네??? ㅋㅋㅋ 피트인 하라던 몽골견등 사닥션 ㅋㅋㅋㅋㅋㅋㅋㅋㅋ
- dc official App",그냥 패랩이네??? ㅋㅋㅋ 피트인 하라던 몽골견등 사닥션 ㅋㅋㅋㅋㅋㅋㅋㅋㅋ,0.24359288811683655,0.27896472811698914,0.2185836136341095,0.1191706657409668,0.08756007254123688,0.05212806165218353
2024-08-25 23:35:28,노리스 패랩은 개미쳤노 ㅋㅋㅋ,,After Lap,,노리스 패랩은 개미쳤노 ㅋㅋㅋ ,노리스 패랩은 개미쳤노 ㅋㅋㅋ,0.2638852596282959,0.23502659797668457,0.1617031693458557,0.15870536863803864,0.11137209087610245,0.06930752098560333
2024-08-25 23:35:30,보타스 메르탔냐 포디움갔네,ㅋㅋㅋㅋㅅㅂ 저거 왜저럼,After Lap,,보타스 메르탔냐 포디움갔네 ㅋㅋㅋㅋㅅㅂ 저거 왜저럼,보타스 메르탔냐 포디움갔네 ㅋㅋㅋㅋㅅㅂ 저거 왜저럼,0.1563100516796112,0.2577974200248718,0.11320377886295319,0.2622753381729126,0.0773739218711853,0.13303950428962708
2024-08-25 23:35:31,보타스 2윜ㅋㅋㅋㅋㅋㅋㅋㅋㅋㅋㅋㅋㅋㅋㅋㅋㅋㅋㅋㅋㅋㅋ,뭐놐ㅋㅋㅋㅋㅋㅋㅋㅋㅋㅋㅋ,After Lap,,보타스 2윜ㅋㅋㅋㅋㅋㅋㅋㅋㅋㅋㅋㅋㅋㅋㅋㅋㅋㅋㅋㅋㅋㅋ 뭐놐ㅋㅋㅋㅋㅋㅋㅋㅋㅋㅋㅋ,보타스 2윜ㅋㅋㅋㅋㅋㅋㅋㅋㅋㅋㅋㅋㅋㅋㅋㅋㅋㅋㅋㅋㅋㅋ 뭐놐ㅋㅋㅋㅋㅋㅋㅋㅋㅋㅋㅋ,0.21351242065429688,0.22362972795963287,0.36966830492019653,0.09900587797164917,0.0524936243891716,0.04169006645679474
2024-08-25 23:35:31,승?리의 티포시들 화력체크좀 해볼까?,어쨌든 포디움 입갤 ㅋㅋㅋㅋㅋ,After Lap,,승?리의 티포시들 화력체크좀 해볼까? 어쨌든 포디움 입갤 ㅋㅋㅋㅋㅋ,승?리의 티포시들 화력체크좀 해볼까? 어쨌든 포디움 입갤 ㅋㅋㅋㅋㅋ,0.10097548365592957,0.14248034358024597,0.6223180294036865,0.06080436706542969,0.03915834426879883,0.03426335006952286
2024-08-25 23:35:33,잔드보르트에 맥라렌팬 많네,역시 우승팀이야,After Lap,,잔드보르트에 맥라렌팬 많네 역시 우승팀이야,잔드보르트에 맥라렌팬 많네 역시 우승팀이야,0.12011443823575974,0.17942219972610474,0.5395969152450562,0.06170317530632019,0.0588153675198555,0.040347859263420105
2024-08-25 23:35:33,패랩도 찍음??,오,After Lap,,패랩도 찍음?? 오,패랩도 찍음?? 오,0.2990857660770416,0.20910072326660156,0.2774672508239746,0.09167147427797318,0.08374499529600143,0.03892979398369789
2024-08-25 23:35:33,자우버 첫포 캬,- dc official App,After Lap,,자우버 첫포 캬 - dc official App,자우버 첫포 캬 - dc official App,0.1574912965297699,0.16142848134040833,0.52862548828125,0.08095292747020721,0.03033057227730751,0.041171181946992874
2024-08-25 23:35:35,북딱스 ㅅㅅㅅㅅㅅㅅㅅㅅㅅㅅ,자우버에서도 포디움을...,After Lap,,북딱스 ㅅㅅㅅㅅㅅㅅㅅㅅㅅㅅ 자우버에서도 포디움을...,북딱스 ㅅㅅㅅㅅㅅㅅㅅㅅㅅㅅ 자우버에서도 포디움을...,0.06555979698896408,0.11563435196876526,0.7066064476966858,0.051183201372623444,0.02712312899529934,0.033893052488565445
2024-08-25 23:35:35,연막 시발 ㅋㅋㅋㅋㄲ,그와중에 주황색아님,After Lap,,연막 시발 ㅋㅋㅋㅋㄲ 그와중에 주황색아님,연막 시발 ㅋㅋㅋㅋㄲ 그와중에 주황색아님,0.17729945480823517,0.26085951924324036,0.10900215804576874,0.25263911485671997,0.07425732910633087,0.12594233453273773
2024-08-25 23:35:36,황끌 ㅋㅋㅋㅋㅋㅋㅋㅋㅋㅋㅋ,,After Lap,,황끌 ㅋㅋㅋㅋㅋㅋㅋㅋㅋㅋㅋ ,황끌 ㅋㅋㅋㅋㅋㅋㅋㅋㅋㅋㅋ,0.06298305094242096,0.1070546954870224,0.7116445899009705,0.056757934391498566,0.02437663823366165,0.03718312457203865
2024-08-25 23:35:37,르끌 마지막에 막스 따라붙는게 개쩌네ㅋㅋㅋㅋㅋㅋㅋ,대황끌,After Lap,,르끌 마지막에 막스 따라붙는게 개쩌네ㅋㅋㅋㅋㅋㅋㅋ 대황끌,르끌 마지막에 막스 따라붙는게 개쩌네ㅋㅋㅋㅋㅋㅋㅋ 대황끌,0.08693839609622955,0.1290046125650406,0.6688540577888489,0.05478931590914726,0.02881491370499134,0.031598664820194244
2024-08-25 23:35:37,잔트보트도서관이네,,After Lap,,잔트보트도서관이네 ,잔트보트도서관이네,0.15321440994739532,0.18085195124149323,0.5255354046821594,0.0646684393286705,0.04474271461367607,0.030987078323960304
2024-08-25 23:35:37,BLOOD OF ALL MEN IS TRULY RED.,,After Lap,,BLOOD OF ALL MEN IS TRULY RED. ,BLOOD OF ALL MEN IS TRULY RED.,0.20882752537727356,0.19417811930179596,0.3748009204864502,0.11962443590164185,0.04435154050588608,0.05821751430630684
2024-08-25 23:35:41,패랩도 노리스가 먹었나보네?,패랩찍고 들어왔는데,After Lap,,패랩도 노리스가 먹었나보네? 패랩찍고 들어왔는데,패랩도 노리스가 먹었나보네? 패랩찍고 들어왔는데,0.31508708000183105,0.2465905249118805,0.11047080159187317,0.1348663717508316,0.11623875796794891,0.07674647867679596
2024-08-25 23:35:48,인터벌 22초....막스 퀄리 결과 2등.... 200번째 경기...,?....또 당신입니까? GOAT....,After Lap,,인터벌 22초....막스 퀄리 결과 2등.... 200번째 경기... ?....또 당신입니까? GOAT....,인터벌 22초....막스 퀄리 결과 2등.... 200번째 경기... ?....또 당신입니까? GOAT....,0.24544255435466766,0.2637397348880768,0.08793248981237411,0.16265209019184113,0.1358899474143982,0.10434319823980331
2024-08-25 23:35:48,오늘의 ㅂㅅ은 피아제인가,아마 내리막길만 남은..?,After Lap,,오늘의 ㅂㅅ은 피아제인가 아마 내리막길만 남은..?,오늘의 ㅂㅅ은 피아제인가 아마 내리막길만 남은..?,0.24838608503341675,0.2507501244544983,0.07072784751653671,0.16065292060375214,0.09554857760667801,0.17393435537815094
2024-08-25 23:35:47,대 황 끌 개같이 부활!!!,- dc official App,After Lap,,대 황 끌 개같이 부활!!! - dc official App,대 황 끌 개같이 부활!!! - dc official App,0.06611861288547516,0.10834316164255142,0.7090476155281067,0.05389696732163429,0.027197623625397682,0.03539606183767319
2024-08-25 23:35:52,?? : 뭔 자꾸 스타트가 어쩌니 저쩌니 지랄하길래,시작하자마자 2등으로 밀려도 우승할수있다는걸 보여줬다 됐지?,After Lap,,?? : 뭔 자꾸 스타트가 어쩌니 저쩌니 지랄하길래 시작하자마자 2등으로 밀려도 우승할수있다는걸 보여줬다 됐지?,?? : 뭔 자꾸 스타트가 어쩌니 저쩌니 지랄하길래 시작하자마자 2등으로 밀려도 우승할수있다는걸 보여줬다 됐지?,0.1627492755651474,0.23934590816497803,0.16250988841056824,0.2431229203939438,0.06579465419054031,0.1264774203300476
2024-08-25 23:35:52,맥팬인데 오늘은 페라리가 지렸다,"순위상승 저거뭐냐
- dc official App",After Lap,,"맥팬인데 오늘은 페라리가 지렸다 순위상승 저거뭐냐
- dc official App",맥팬인데 오늘은 페라리가 지렸다 순위상승 저거뭐냐,0.25909173488616943,0.2285115122795105,0.19779269397258759,0.12337897717952728,0.13423682749271393,0.05698825418949127
2024-08-25 23:35:53,르끌 포디움 ㅅㅅㅅㅅㅅㅅ,,After Lap,,르끌 포디움 ㅅㅅㅅㅅㅅㅅ ,르끌 포디움 ㅅㅅㅅㅅㅅㅅ,0.05964542180299759,0.10913760215044022,0.712033212184906,0.05652612820267677,0.02257409319281578,0.040083546191453934
2024-08-25 23:35:53,잔드포트 도서관ㅋㅋ,ㅈㄴ 조용하네,After Lap,,잔드포트 도서관ㅋㅋ ㅈㄴ 조용하네,잔드포트 도서관ㅋㅋ ㅈㄴ 조용하네,0.23572003841400146,0.25738945603370667,0.22149455547332764,0.13974107801914215,0.09240290522575378,0.053251929581165314
2024-08-25 23:35:53,맥라렌 팬 티베깅 ㅋㅋㅋㅋ,"막스 팬 앞에서 춤추기 ㅋㅋㅋ
- dc official App",After Lap,,"맥라렌 팬 티베깅 ㅋㅋㅋㅋ 막스 팬 앞에서 춤추기 ㅋㅋㅋ
- dc official App",맥라렌 팬 티베깅 ㅋㅋㅋㅋ 막스 팬 앞에서 춤추기 ㅋㅋㅋ,0.07409889250993729,0.11163193732500076,0.6995761394500732,0.057303931564092636,0.02526102028787136,0.03212806209921837
2024-08-25 23:35:55,아하,ㅋㅋㅋ,After Lap,,아하 ㅋㅋㅋ,아하 ㅋㅋㅋ,0.10102576017379761,0.13099487125873566,0.6506438255310059,0.05957242101430893,0.026912128552794456,0.030850965529680252
2024-08-25 23:35:59,ㅅㅂ 그냥 패랩이라고?,"애미씨발 치팅카노 개돌았네 드챔 비ㅣㅣㅣㅣㅣㅣ상
- ORACLE RED BULL RACING RB20",After Lap,,"ㅅㅂ 그냥 패랩이라고? 애미씨발 치팅카노 개돌았네 드챔 비ㅣㅣㅣㅣㅣㅣ상
- ORACLE RED BULL RACING RB20",ㅅㅂ 그냥 패랩이라고? 애미씨발 치팅카노 개돌았네 드챔 비ㅣㅣㅣㅣㅣㅣ상 - ORACLE RED BULL RACING RB20,0.13711439073085785,0.19308939576148987,0.12453939020633698,0.3153876066207886,0.05955970659852028,0.17030951380729675
2024-08-25 23:36:01,아하~,,After Lap,,아하~ ,아하~,0.157873272895813,0.2044416069984436,0.49378952383995056,0.06274373084306717,0.0470154844224453,0.03413645923137665
2024-08-25 23:36:01,황끌 ㅈㄴ 사랑스럽네ㅋㅋㅋ,"아오
- dc official App",After Lap,,"황끌 ㅈㄴ 사랑스럽네ㅋㅋㅋ 아오
- dc official App",황끌 ㅈㄴ 사랑스럽네ㅋㅋㅋ 아오,0.09368454664945602,0.14342060685157776,0.6178013682365417,0.0675484836101532,0.034394197165966034,0.04315074533224106
2024-08-25 23:36:03,대황끌,대-황-끌,After Lap,,대황끌 대-황-끌,대황끌 대-황-끌,0.06448126584291458,0.1083572581410408,0.7024016976356506,0.059606488794088364,0.025125466287136078,0.04002782329916954
2024-08-25 23:36:03,네덜란드 라이브러리 ㅋㅋ,튤립견새끼들 아가리에 영국산 좇물었노 ㅋㅋ,After Lap,,네덜란드 라이브러리 ㅋㅋ 튤립견새끼들 아가리에 영국산 좇물었노 ㅋㅋ,네덜란드 라이브러리 ㅋㅋ 튤립견새끼들 아가리에 영국산 좇물었노 ㅋㅋ,0.1875924915075302,0.1809447854757309,0.12951955199241638,0.2999168038368225,0.0736384466290474,0.12838797271251678
2024-08-25 23:36:05,러셀할까봐 존나 두렵다 시발,제발 무게중량 넘었어라,After Lap,,러셀할까봐 존나 두렵다 시발 제발 무게중량 넘었어라,러셀할까봐 존나 두렵다 시발 제발 무게중량 넘었어라,0.25691109895706177,0.20918047428131104,0.11634210497140884,0.15185320377349854,0.12271345406770706,0.14299964904785156
2024-08-25 23:36:07,사진)연막,,After Lap,,사진)연막 ,사진)연막,0.31293341517448425,0.25161272287368774,0.13420015573501587,0.1294461190700531,0.08214613795280457,0.08966146409511566
2024-08-25 23:36:07,레이스가 노잼이니까 순위표로 재미쥐어짜네 ㅋㅋㅋㅋ,ㅋㅋㅋㅋㅋㅋㅋ,After Lap,,레이스가 노잼이니까 순위표로 재미쥐어짜네 ㅋㅋㅋㅋ ㅋㅋㅋㅋㅋㅋㅋ,레이스가 노잼이니까 순위표로 재미쥐어짜네 ㅋㅋㅋㅋ ㅋㅋㅋㅋㅋㅋㅋ,0.13093391060829163,0.2994438409805298,0.17065712809562683,0.1978011131286621,0.06483021378517151,0.13633380830287933
2024-08-25 23:36:12,르끌레르 그냥 GOAT면 개추 ㅋㅋㅋㅋㅋ,,After Lap,,르끌레르 그냥 GOAT면 개추 ㅋㅋㅋㅋㅋ ,르끌레르 그냥 GOAT면 개추 ㅋㅋㅋㅋㅋ,0.07483109086751938,0.1192954033613205,0.6904041767120361,0.05442648008465767,0.028229791671037674,0.032813165336847305
2024-08-25 23:36:15,패랩 존나 소름ㅋㅋㅋㅋㅋ,와 ㅅㅂ,After Lap,,패랩 존나 소름ㅋㅋㅋㅋㅋ 와 ㅅㅂ,패랩 존나 소름ㅋㅋㅋㅋㅋ 와 ㅅㅂ,0.2903877794742584,0.2033051699399948,0.18522270023822784,0.15079283714294434,0.10650484263896942,0.06378666311502457
2024-08-25 23:36:15,패랩임?,,After Lap,,패랩임? ,패랩임?,0.3331129848957062,0.21896496415138245,0.20610065758228302,0.09598883986473083,0.08833612501621246,0.057496391236782074
2024-08-25 23:36:16,이 정도 갭 벌리는거 보면 남은 레이스 맥라렌이 거의 다 우승할거 같은데,ㄹㅇ,After Lap,,이 정도 갭 벌리는거 보면 남은 레이스 맥라렌이 거의 다 우승할거 같은데 ㄹㅇ,이 정도 갭 벌리는거 보면 남은 레이스 맥라렌이 거의 다 우승할거 같은데 ㄹㅇ,0.3106163740158081,0.21030811965465546,0.23021221160888672,0.09254583716392517,0.1113111823797226,0.04500630497932434
2024-08-25 23:36:17,걸레 하드타이어로 패랩 차빨 ㅈ되네 그냥;;,,After Lap,,걸레 하드타이어로 패랩 차빨 ㅈ되네 그냥;; ,걸레 하드타이어로 패랩 차빨 ㅈ되네 그냥;;,0.24493227899074554,0.19114860892295837,0.10248014330863953,0.2555556297302246,0.10114093869924545,0.1047423705458641
2024-08-25 23:36:18,르끌럭 사망,신끌레르 부활,After Lap,,르끌럭 사망 신끌레르 부활,르끌럭 사망 신끌레르 부활,0.26861587166786194,0.2617408335208893,0.20185653865337372,0.11470450460910797,0.0718243420124054,0.0812579020857811
2024-08-25 23:36:19,좋은티내면 칼맞을까봐 사리노 ㅋㅋㅋㅋㅋ,살아서 나가야지 일단 ㄹㅇ,After Lap,,좋은티내면 칼맞을까봐 사리노 ㅋㅋㅋㅋㅋ 살아서 나가야지 일단 ㄹㅇ,좋은티내면 칼맞을까봐 사리노 ㅋㅋㅋㅋㅋ 살아서 나가야지 일단 ㄹㅇ,0.19136205315589905,0.3241267204284668,0.0926571637392044,0.14774924516677856,0.11606289446353912,0.12804186344146729
2024-08-25 23:36:23,찰스 카를로스 둘다 오늘 ㅈㄴ잘한듯,다음경기엔 원투로....,After Lap,,찰스 카를로스 둘다 오늘 ㅈㄴ잘한듯 다음경기엔 원투로....,찰스 카를로스 둘다 오늘 ㅈㄴ잘한듯 다음경기엔 원투로....,0.08089421689510345,0.1437874436378479,0.6253063678741455,0.05997038260102272,0.04351378232240677,0.04652777314186096
2024-08-25 23:36:24,대 끌 레 ㅋ,포디움 들어왔네 ㅋㅋ,After Lap,,대 끌 레 ㅋ 포디움 들어왔네 ㅋㅋ,대 끌 레 ㅋ 포디움 들어왔네 ㅋㅋ,0.06548124551773071,0.1088358461856842,0.7151679396629333,0.05287415161728859,0.023622792214155197,0.03401796519756317
2024-08-25 23:36:25,우리 퍼스트,이제 느그퍼스트란 나쁜말은 ㄴㄴㄴㄴ,After Lap,,우리 퍼스트 이제 느그퍼스트란 나쁜말은 ㄴㄴㄴㄴ,우리 퍼스트 이제 느그퍼스트란 나쁜말은 ㄴㄴㄴㄴ,0.1276187002658844,0.19598062336444855,0.4196566343307495,0.09882470220327377,0.07243004441261292,0.08548932522535324
2024-08-25 23:36:27,토토 얼굴 보여줘봐,메르 씨발새끼들아 ㅋㅋ,After Lap,,토토 얼굴 보여줘봐 메르 씨발새끼들아 ㅋㅋ,토토 얼굴 보여줘봐 메르 씨발새끼들아 ㅋㅋ,0.14554284512996674,0.18533863127231598,0.1778726726770401,0.3005693256855011,0.06438056379556656,0.12629595398902893
2024-08-25 23:36:27,스타트가 병신이고 어쩌고 ㅋㅋㅋㅋㅋ,순수 페이스로 몽골 따잇 ㅋㅋㅋ,After Lap,,스타트가 병신이고 어쩌고 ㅋㅋㅋㅋㅋ 순수 페이스로 몽골 따잇 ㅋㅋㅋ,스타트가 병신이고 어쩌고 ㅋㅋㅋㅋㅋ 순수 페이스로 몽골 따잇 ㅋㅋㅋ,0.17582181096076965,0.22811004519462585,0.3700885772705078,0.12383276224136353,0.05408286675810814,0.04806387051939964
2024-08-25 23:36:29,누리스 마지막 패랩은 ㅅㅂ ㅋㅋㅋ,뭐냐 ㅋㅋ,After Lap,,누리스 마지막 패랩은 ㅅㅂ ㅋㅋㅋ 뭐냐 ㅋㅋ,누리스 마지막 패랩은 ㅅㅂ ㅋㅋㅋ 뭐냐 ㅋㅋ,0.19178849458694458,0.3180265426635742,0.10883528739213943,0.18679556250572205,0.06339147686958313,0.13116271793842316
2024-08-25 23:36:29,아니 시발 패랩 어케했냐,,After Lap,,아니 시발 패랩 어케했냐 ,아니 시발 패랩 어케했냐,0.21346163749694824,0.2381732314825058,0.09646082669496536,0.23297066986560822,0.07998508960008621,0.13894852995872498
2024-08-25 23:36:29,근데 네덜란드에 맥라랜 팬이 많은거임?,"관중석에 주황색밖에 없네 막스 홈타운인데ㅋㅋ
- dc official App",After Lap,,"근데 네덜란드에 맥라랜 팬이 많은거임? 관중석에 주황색밖에 없네 막스 홈타운인데ㅋㅋ
- dc official App",근데 네덜란드에 맥라랜 팬이 많은거임? 관중석에 주황색밖에 없네 막스 홈타운인데ㅋㅋ,0.3213946521282196,0.24289792776107788,0.1566191166639328,0.1189863383769989,0.10488363355398178,0.05521834269165993
2024-08-25 23:36:29,뭐야 노리스 패랩도있네 ㄷㄷ,언제땄지??,After Lap,,뭐야 노리스 패랩도있네 ㄷㄷ 언제땄지??,뭐야 노리스 패랩도있네 ㄷㄷ 언제땄지??,0.32922056317329407,0.21771568059921265,0.20206643640995026,0.10401690006256104,0.10097162425518036,0.04600878059864044
2024-08-25 23:36:29,좆나 노잼이네 이거 왜 보냐 짙짜,"축구는 줘 패는 맛이라도 잇지 이건 1위가 보이지도 않네
- dc official App",After Lap,,"좆나 노잼이네 이거 왜 보냐 짙짜 축구는 줘 패는 맛이라도 잇지 이건 1위가 보이지도 않네
- dc official App",좆나 노잼이네 이거 왜 보냐 짙짜 축구는 줘 패는 맛이라도 잇지 이건 1위가 보이지도 않네,0.14417733252048492,0.3078925907611847,0.11464891582727432,0.19662366807460785,0.053157988935709,0.18349948525428772
2024-08-25 23:36:30,대끌레르가 돌아왔구나ㅋㅋㅋㅋㅋㅋ,ㅋㅋㅋ,After Lap,,대끌레르가 돌아왔구나ㅋㅋㅋㅋㅋㅋ ㅋㅋㅋ,대끌레르가 돌아왔구나ㅋㅋㅋㅋㅋㅋ ㅋㅋㅋ,0.06792944669723511,0.10852259397506714,0.7175090909004211,0.04992600530385971,0.024329662322998047,0.031783219426870346
2024-08-25 23:36:32,렛츠 킵 푸싱 ㅋㅋㅋㅋ,,After Lap,,렛츠 킵 푸싱 ㅋㅋㅋㅋ ,렛츠 킵 푸싱 ㅋㅋㅋㅋ,0.06745869666337967,0.10692015290260315,0.7101979851722717,0.05763988569378853,0.023167889565229416,0.034615371376276016
2024-08-25 23:36:32,아하,,After Lap,,아하 ,아하,0.20213143527507782,0.22799845039844513,0.3807561695575714,0.08183441311120987,0.06394079327583313,0.043338775634765625
2024-08-25 23:36:33,어우노 시작이노? ㅋㅋ,어차피 우승은 노리스,After Lap,,어우노 시작이노? ㅋㅋ 어차피 우승은 노리스,어우노 시작이노? ㅋㅋ 어차피 우승은 노리스,0.08788429200649261,0.14548151195049286,0.6378297209739685,0.058421920984983444,0.03355228900909424,0.03683021664619446
2024-08-25 23:36:33,가슬리고 뭐고 도련놈 이겨서 좋은 알론견이면 개추 ㅋㅋ,아 차는 이미 망했다고~,After Lap,,가슬리고 뭐고 도련놈 이겨서 좋은 알론견이면 개추 ㅋㅋ 아 차는 이미 망했다고~,가슬리고 뭐고 도련놈 이겨서 좋은 알론견이면 개추 ㅋㅋ 아 차는 이미 망했다고~,0.10565962642431259,0.19515493512153625,0.4058404564857483,0.12128004431724548,0.06763406097888947,0.10443083941936493
2024-08-25 23:36:34,이적마려운 몽골게이면 개추ㅋㅋ,,After Lap,,이적마려운 몽골게이면 개추ㅋㅋ ,이적마려운 몽골게이면 개추ㅋㅋ,0.1277507096529007,0.17366136610507965,0.5083515644073486,0.08764307200908661,0.053464170545339584,0.04912916198372841
2024-08-25 23:36:35,패랩뭐노,ㄷㄷㄷㄷ,After Lap,,패랩뭐노 ㄷㄷㄷㄷ,패랩뭐노 ㄷㄷㄷㄷ,0.34354275465011597,0.21835391223430634,0.12886245548725128,0.1274360567331314,0.11655402928590775,0.06525081396102905
2024-08-25 23:36:37,르끌 2.9 너무 아깝다,2랩만 있었으면,After Lap,,르끌 2.9 너무 아깝다 2랩만 있었으면,르끌 2.9 너무 아깝다 2랩만 있었으면,0.1606086939573288,0.30522486567497253,0.10459895431995392,0.16037656366825104,0.06037362664937973,0.20881733298301697
2024-08-25 23:36:39,패랩은 소름인데? ㄷㄷㄷㄷㄷㄷㄷㄷㄷㄷㄷㄷ,ㄷㄷㄷㄷㄷㄷㄷㄷㄷㄷㄷㄷ,After Lap,,패랩은 소름인데? ㄷㄷㄷㄷㄷㄷㄷㄷㄷㄷㄷㄷ ㄷㄷㄷㄷㄷㄷㄷㄷㄷㄷㄷㄷ,패랩은 소름인데? ㄷㄷㄷㄷㄷㄷㄷㄷㄷㄷㄷㄷ ㄷㄷㄷㄷㄷㄷㄷㄷㄷㄷㄷㄷ,0.3407086431980133,0.20067168772220612,0.17891280353069305,0.11874336749315262,0.11174747347831726,0.04921608418226242
2024-08-25 23:36:38,사인츠 5등 ㅅㅅㅅㅅㅅ,5그리드 상승 잘했다,After Lap,,사인츠 5등 ㅅㅅㅅㅅㅅ 5그리드 상승 잘했다,사인츠 5등 ㅅㅅㅅㅅㅅ 5그리드 상승 잘했다,0.05646637827157974,0.1142430528998375,0.7020043730735779,0.05762133374810219,0.024708997458219528,0.0449557825922966
2024-08-25 23:36:40,뉴비 노리스 우승 처음봄 좋다 히히,마이애미 다음 경기에 입문해서 처음봄 너무 좋다 ㅠㅠ,After Lap,,뉴비 노리스 우승 처음봄 좋다 히히 마이애미 다음 경기에 입문해서 처음봄 너무 좋다 ㅠㅠ,뉴비 노리스 우승 처음봄 좋다 히히 마이애미 다음 경기에 입문해서 처음봄 너무 좋다 ㅠㅠ,0.05957372859120369,0.1194804310798645,0.6974000334739685,0.055156491696834564,0.027052614837884903,0.04133664816617966
2024-08-25 23:36:42,"이러고 ""러셀"" 안함?","ㅈㅂ
- ORACLE RED BULL RACING RB20",After Lap,,"이러고 ""러셀"" 안함? ㅈㅂ
- ORACLE RED BULL RACING RB20","이러고 ""러셀"" 안함? ㅈㅂ - ORACLE RED BULL RACING RB20",0.24241913855075836,0.3004153370857239,0.11564813554286957,0.15717962384223938,0.0781942829489708,0.10614339262247086
2024-08-25 23:36:43,패랩까지 먹었네,와,After Lap,,패랩까지 먹었네 와,패랩까지 먹었네 와,0.3190348148345947,0.20456154644489288,0.2085741013288498,0.11259783804416656,0.10607351362705231,0.04915820062160492
2024-08-25 23:36:43,역시 우리퍼스트,오늘 ㅈㄴ 잘했다.,After Lap,,역시 우리퍼스트 오늘 ㅈㄴ 잘했다.,역시 우리퍼스트 오늘 ㅈㄴ 잘했다.,0.06319597363471985,0.13570554554462433,0.6569812893867493,0.05913139879703522,0.03319200873374939,0.05179378762841225
2024-08-25 23:36:44,노리스 패랩 뭐야 ㅋㅋㅋㅋㅋㅋ,대단한데,After Lap,,노리스 패랩 뭐야 ㅋㅋㅋㅋㅋㅋ 대단한데,노리스 패랩 뭐야 ㅋㅋㅋㅋㅋㅋ 대단한데,0.30150094628334045,0.2152186632156372,0.2703165113925934,0.09143835306167603,0.08588746190071106,0.03563804179430008
2024-08-25 23:36:46,캬 르끌레 포디움,,After Lap,,캬 르끌레 포디움 ,캬 르끌레 포디움,0.07239627838134766,0.11177325248718262,0.7056499719619751,0.05480758473277092,0.022238507866859436,0.03313438966870308
2024-08-25 23:36:49,와 22초갭 내면서 마지막랩에 패랩도 먹는건 차 차이가 얼마나 나는거임,작년rb19 같은데,After Lap,,와 22초갭 내면서 마지막랩에 패랩도 먹는건 차 차이가 얼마나 나는거임 작년rb19 같은데,와 22초갭 내면서 마지막랩에 패랩도 먹는건 차 차이가 얼마나 나는거임 작년rb19 같은데,0.3424469530582428,0.20734885334968567,0.12211283296346664,0.14041294157505035,0.12599840760231018,0.06168002262711525
2024-08-25 23:36:50,키아 맥라렌 오렌지팬 대집결이네,"크으
- dc official App",After Lap,,"키아 맥라렌 오렌지팬 대집결이네 크으
- dc official App",키아 맥라렌 오렌지팬 대집결이네 크으,0.14281512796878815,0.14943037927150726,0.5635737180709839,0.06486441195011139,0.0465175025165081,0.03279885649681091
2024-08-25 23:36:49,막스 좆망..,,After Lap,,막스 좆망.. ,막스 좆망..,0.19595874845981598,0.29881250858306885,0.07743441313505173,0.1578439474105835,0.06648199260234833,0.20346838235855103
2024-08-25 23:36:50,와 패랩도 땄구나,,After Lap,,와 패랩도 땄구나 ,와 패랩도 땄구나,0.26295045018196106,0.21782007813453674,0.3049386143684387,0.09017582982778549,0.08197931200265884,0.04213572293519974
2024-08-25 23:36:53,노리스 패랩 << 미친 ㅋㅋㅋ,ㅋㅋㅋㅋ,After Lap,,노리스 패랩 << 미친 ㅋㅋㅋ ㅋㅋㅋㅋ,노리스 패랩 << 미친 ㅋㅋㅋ ㅋㅋㅋㅋ,0.10468529164791107,0.13184082508087158,0.6407997012138367,0.06488807499408722,0.027668356895446777,0.03011772781610489
2024-08-25 23:36:54,제발 상위권 연료량 부족으로 실격좀,하스 포인트좀 ㅠㅠ,After Lap,,제발 상위권 연료량 부족으로 실격좀 하스 포인트좀 ㅠㅠ,제발 상위권 연료량 부족으로 실격좀 하스 포인트좀 ㅠㅠ,0.11816535890102386,0.23608200252056122,0.1061515361070633,0.2034318447113037,0.06056391820311546,0.27560538053512573
2024-08-25 23:36:54,피아스트리 개거품이네 시발 ㅋㅋㅋㅋㅋㅋ,그걸 타고 르끌을 못 잡네 ㅋㅋㅋㅋㅋㅋㅋ,After Lap,,피아스트리 개거품이네 시발 ㅋㅋㅋㅋㅋㅋ 그걸 타고 르끌을 못 잡네 ㅋㅋㅋㅋㅋㅋㅋ,피아스트리 개거품이네 시발 ㅋㅋㅋㅋㅋㅋ 그걸 타고 르끌을 못 잡네 ㅋㅋㅋㅋㅋㅋㅋ,0.20268948376178741,0.2673455476760864,0.07321472465991974,0.2128307968378067,0.0724811777472496,0.1714383214712143
2024-08-25 23:36:55,오렌지군단은 울고 웃네,"어떤 오렌지들은 웃고 어떤 오렌지들은 울고 ㅋㅋ
- dc official App",After Lap,,"오렌지군단은 울고 웃네 어떤 오렌지들은 웃고 어떤 오렌지들은 울고 ㅋㅋ
- dc official App",오렌지군단은 울고 웃네 어떤 오렌지들은 웃고 어떤 오렌지들은 울고 ㅋㅋ,0.11258957535028458,0.25033190846443176,0.3246849477291107,0.1355452835559845,0.061216872185468674,0.11563149094581604
2024-08-25 23:36:55,마지막 패랩이면 격차 더 벌릴 수 있던거 아닌가 개무섭네,,After Lap,,마지막 패랩이면 격차 더 벌릴 수 있던거 아닌가 개무섭네 ,마지막 패랩이면 격차 더 벌릴 수 있던거 아닌가 개무섭네,0.34592482447624207,0.191686749458313,0.12506599724292755,0.13721242547035217,0.1245516836643219,0.07555829733610153
2024-08-25 23:36:56,72렙 하드 페랩이 가능한거임?,개쩐다,After Lap,,72렙 하드 페랩이 가능한거임? 개쩐다,72렙 하드 페랩이 가능한거임? 개쩐다,0.32838231325149536,0.2045581042766571,0.19423483312129974,0.1145271435379982,0.11028445512056351,0.048013173043727875
2024-08-25 23:36:56,노리스는 패랩까지 먹었네,,After Lap,,노리스는 패랩까지 먹었네 ,노리스는 패랩까지 먹었네,0.2774372100830078,0.2469465434551239,0.2433519810438156,0.09111045300960541,0.09523600339889526,0.045917823910713196
2024-08-25 23:37:01,패렙은 씨발 무슨 차를 만든거냐 ?,"ㅋㅋㅋㅋㅋㅋㅋ
- dc official App",After Lap,,"패렙은 씨발 무슨 차를 만든거냐 ? ㅋㅋㅋㅋㅋㅋㅋ
- dc official App",패렙은 씨발 무슨 차를 만든거냐 ? ㅋㅋㅋㅋㅋㅋㅋ,0.24877876043319702,0.25229910016059875,0.09181353449821472,0.2070709466934204,0.08003825694322586,0.11999943107366562
2024-08-25 23:37:01,걍 퍼스트,대 르 끌,After Lap,,걍 퍼스트 대 르 끌,걍 퍼스트 대 르 끌,0.19691695272922516,0.32268548011779785,0.13437584042549133,0.12775243818759918,0.06223691254854202,0.15603236854076385
2024-08-25 23:37:01,이러고 쥬지엔딩나면 볼만하겠노,"플랫스팟좀 있던데 마블 잘 붙여오너라
- dc official App",After Lap,,"이러고 쥬지엔딩나면 볼만하겠노 플랫스팟좀 있던데 마블 잘 붙여오너라
- dc official App",이러고 쥬지엔딩나면 볼만하겠노 플랫스팟좀 있던데 마블 잘 붙여오너라,0.16759201884269714,0.18618425726890564,0.4727548360824585,0.07852459698915482,0.055452220141887665,0.039491988718509674
2024-08-25 23:37:04,찰스 황클럭,눈부셔 진짜,After Lap,,찰스 황클럭 눈부셔 진짜,찰스 황클럭 눈부셔 진짜,0.08299039304256439,0.14233244955539703,0.6386265754699707,0.05780996382236481,0.03621266409754753,0.04202791303396225
2024-08-25 23:37:05,대라리!!! 오늘 미쳤더,ㅇㅇ 황라리,After Lap,,대라리!!! 오늘 미쳤더 ㅇㅇ 황라리,대라리!!! 오늘 미쳤더 ㅇㅇ 황라리,0.06106304004788399,0.1113172098994255,0.7162803411483765,0.0507381297647953,0.024805016815662384,0.035796187818050385
2024-08-25 23:37:06,막스 우승 지킬수있나? 앞으로 노리스가 다 우승할것같은데,20초 저거 말이안되는데,After Lap,,막스 우승 지킬수있나? 앞으로 노리스가 다 우승할것같은데 20초 저거 말이안되는데,막스 우승 지킬수있나? 앞으로 노리스가 다 우승할것같은데 20초 저거 말이안되는데,0.3512516915798187,0.2214232236146927,0.11086597293615341,0.12375909835100174,0.11764698475599289,0.07505300641059875
2024-08-25 23:37:07,누리스 소중한 1점 캬ㅑㅑㅑㅑㅑ,이번에 8점 벌어가네,After Lap,,누리스 소중한 1점 캬ㅑㅑㅑㅑㅑ 이번에 8점 벌어가네,누리스 소중한 1점 캬ㅑㅑㅑㅑㅑ 이번에 8점 벌어가네,0.08024360239505768,0.22741620242595673,0.3694194257259369,0.15469670295715332,0.05197933316230774,0.11624474823474884
2024-08-25 23:37:10,피아가 못했다기보단 르끌이 ㅈㄴ 잘한 것 같은데,방어 기가 막히게 하더만,After Lap,,피아가 못했다기보단 르끌이 ㅈㄴ 잘한 것 같은데 방어 기가 막히게 하더만,피아가 못했다기보단 르끌이 ㅈㄴ 잘한 것 같은데 방어 기가 막히게 하더만,0.3110315501689911,0.2151266634464264,0.1688585728406906,0.11838503181934357,0.12148914486169815,0.0651089996099472
2024-08-25 23:37:12,맥라렌 F0 입갤임?,뭔 수십바퀴 돈 하드로 패랩을 따가냐,After Lap,,맥라렌 F0 입갤임? 뭔 수십바퀴 돈 하드로 패랩을 따가냐,맥라렌 F0 입갤임? 뭔 수십바퀴 돈 하드로 패랩을 따가냐,0.3227376937866211,0.2131679356098175,0.0961982011795044,0.1780782788991928,0.10257525742053986,0.08724255859851837
2024-08-25 23:37:13,4n랩 하드로 패랩가능이었음?,플랫도 나지 않았었냐,After Lap,,4n랩 하드로 패랩가능이었음? 플랫도 나지 않았었냐,4n랩 하드로 패랩가능이었음? 플랫도 나지 않았었냐,0.3562411963939667,0.2174684852361679,0.1434231400489807,0.11812972277402878,0.0942997932434082,0.07043766975402832
2024-08-25 23:37:18,1시간뒤) 노리스 레이스카 최소 중량 미달,어어 하지말아라,After Lap,,1시간뒤) 노리스 레이스카 최소 중량 미달 어어 하지말아라,1시간뒤) 노리스 레이스카 최소 중량 미달 어어 하지말아라,0.2806069850921631,0.2971370816230774,0.11669708788394928,0.11572212725877762,0.07756669819355011,0.11227003484964371
2024-08-25 23:37:18,맥라렌 차성능 그냥 원탑인데??,하드로 마지막랩에 소프트따고 패랩이 된다고 ㅅㅂ ㅋㅋ,After Lap,,맥라렌 차성능 그냥 원탑인데?? 하드로 마지막랩에 소프트따고 패랩이 된다고 ㅅㅂ ㅋㅋ,맥라렌 차성능 그냥 원탑인데?? 하드로 마지막랩에 소프트따고 패랩이 된다고 ㅅㅂ ㅋㅋ,0.26940563321113586,0.20803989470005035,0.1196991354227066,0.19034306704998016,0.12907293438911438,0.08343927562236786
2024-08-25 23:37:21,노리스 개쩌네ㅋㅋㅋ,"폴포+우승+패랩ㅋㅋㅋㅋ
- dc official App",After Lap,,"노리스 개쩌네ㅋㅋㅋ 폴포+우승+패랩ㅋㅋㅋㅋ
- dc official App",노리스 개쩌네ㅋㅋㅋ 폴포+우승+패랩ㅋㅋㅋㅋ,0.1036234125494957,0.1430392563343048,0.6310845017433167,0.05971791595220566,0.032622914761304855,0.02991199865937233
2024-08-25 23:37:17,"[로마노] 막스 베르스타펜, 주유소 Here We Go!",,After Lap,,"[로마노] 막스 베르스타펜, 주유소 Here We Go! ","[로마노] 막스 베르스타펜, 주유소 Here We Go!",0.08772310614585876,0.12424833327531815,0.6651982665061951,0.05712989345192909,0.02767244726419449,0.038027871400117874
2024-08-25 23:37:20,뭐야 응원석에 다 주황색이구만,"다
맥라렌
팬인거
같은데
뭔
안캐는
자꾸
비수를
꼽았다
그러냐
?",After Lap,,"뭐야 응원석에 다 주황색이구만 다
맥라렌
팬인거
같은데
뭔
안캐는
자꾸
비수를
꼽았다
그러냐
?",뭐야 응원석에 다 주황색이구만 다 맥라렌 팬인거 같은데 뭔 안캐는 자꾸 비수를 꼽았다 그러냐 ?,0.23958253860473633,0.25883662700653076,0.08393902331590652,0.21203075349330902,0.08027657866477966,0.1253345012664795
2024-08-25 23:37:22,빨리 타이어에 덕지덕지 붙여,무게 늘려,After Lap,,빨리 타이어에 덕지덕지 붙여 무게 늘려,빨리 타이어에 덕지덕지 붙여 무게 늘려,0.2671683132648468,0.2861987352371216,0.1605437844991684,0.09992566704750061,0.07440243661403656,0.11176100373268127
2024-08-25 23:37:19,“올려 씨발”,전략의 황라리,After Lap,,“올려 씨발” 전략의 황라리,“올려 씨발” 전략의 황라리,0.18398037552833557,0.20610572397708893,0.206377312541008,0.18341083824634552,0.10001599788665771,0.12010978907346725
2024-08-25 23:37:24,배터리 아꼈다가 막랩에 쏟아 부었나보네,ㅆㅅㅌㅊ 스타트만 개선하면 올해 드챔 모르겠네,After Lap,,배터리 아꼈다가 막랩에 쏟아 부었나보네 ㅆㅅㅌㅊ 스타트만 개선하면 올해 드챔 모르겠네,배터리 아꼈다가 막랩에 쏟아 부었나보네 ㅆㅅㅌㅊ 스타트만 개선하면 올해 드챔 모르겠네,0.3086950480937958,0.2277599424123764,0.1937670260667801,0.0936959907412529,0.12203676253557205,0.05404527112841606
2024-08-25 23:37:26,맥라렌 진짜 치팅한거 아니여?,너무 압도적이노 ㅋㅋ,After Lap,,맥라렌 진짜 치팅한거 아니여? 너무 압도적이노 ㅋㅋ,맥라렌 진짜 치팅한거 아니여? 너무 압도적이노 ㅋㅋ,0.3405596613883972,0.1996556520462036,0.1852048933506012,0.11155515164136887,0.12084128707647324,0.04218341037631035
2024-08-25 23:37:28,막스 이렇게 조용한거 처음 보노ㅋㅋ,ㅋㅋㅋㅋㅋ,After Lap,,막스 이렇게 조용한거 처음 보노ㅋㅋ ㅋㅋㅋㅋㅋ,막스 이렇게 조용한거 처음 보노ㅋㅋ ㅋㅋㅋㅋㅋ,0.22473831474781036,0.2640947699546814,0.3122926950454712,0.08091926574707031,0.07764268666505814,0.04031234234571457
2024-08-25 23:37:28,피해 최소화(체코 6위),ㅋㅋㅋㅋㅋㅋ,After Lap,,피해 최소화(체코 6위) ㅋㅋㅋㅋㅋㅋ,피해 최소화(체코 6위) ㅋㅋㅋㅋㅋㅋ,0.23563168942928314,0.22826965153217316,0.26247167587280273,0.13650277256965637,0.07443126291036606,0.06269292533397675
2024-08-25 23:37:29,다 됐고 레드불 ㄹㅇ 좆박아서 기분좋으면 개추ㅋㅋ,ㅋㅋㅋㅋㅋㅋㅋㅋ,After Lap,,다 됐고 레드불 ㄹㅇ 좆박아서 기분좋으면 개추ㅋㅋ ㅋㅋㅋㅋㅋㅋㅋㅋ,다 됐고 레드불 ㄹㅇ 좆박아서 기분좋으면 개추ㅋㅋ ㅋㅋㅋㅋㅋㅋㅋㅋ,0.07114624977111816,0.12194634974002838,0.6384410262107849,0.08757827430963516,0.030769355595111847,0.05011878162622452
2024-08-25 23:37:31,페랩까지 개쩌네,미쳤노,After Lap,,페랩까지 개쩌네 미쳤노,페랩까지 개쩌네 미쳤노,0.3347748816013336,0.1891254484653473,0.1633215844631195,0.1403597742319107,0.11728177964687347,0.05513652414083481
2024-08-25 23:37:35,르황 2연속 부활 ㅅㅅㅅㅅ,역시 미끌신,After Lap,,르황 2연속 부활 ㅅㅅㅅㅅ 역시 미끌신,르황 2연속 부활 ㅅㅅㅅㅅ 역시 미끌신,0.06621511280536652,0.11807091534137726,0.7023312449455261,0.05010833591222763,0.028927283361554146,0.034347064793109894
2024-08-25 23:37:37,가슬리 뽀인트 좋아용,추첨 ㄱㄱ함 ㄱㄷ,After Lap,,가슬리 뽀인트 좋아용 추첨 ㄱㄱ함 ㄱㄷ,가슬리 뽀인트 좋아용 추첨 ㄱㄱ함 ㄱㄷ,0.09150849282741547,0.13717962801456451,0.6465294361114502,0.056514400988817215,0.031195780262351036,0.03707228973507881
2024-08-25 23:37:45,메르강점기 레드불강점기보다 차 성능 차이 심한듯,하드 걸레짝 타이어로 패랩 ㅋㅋㅋ,After Lap,,메르강점기 레드불강점기보다 차 성능 차이 심한듯 하드 걸레짝 타이어로 패랩 ㅋㅋㅋ,메르강점기 레드불강점기보다 차 성능 차이 심한듯 하드 걸레짝 타이어로 패랩 ㅋㅋㅋ,0.3021184802055359,0.26113733649253845,0.07878603041172028,0.15708144009113312,0.07921011000871658,0.1216665655374527
2024-08-25 23:37:54,르끌 따일까봐 숨도 살살쉬었네 시발 ㅋㅋㅋㅋㅋㅋ,대라리 포디움 열차 발차 ㅋㅋㅋㅋㅋㅋㅋㅋ,After Lap,,르끌 따일까봐 숨도 살살쉬었네 시발 ㅋㅋㅋㅋㅋㅋ 대라리 포디움 열차 발차 ㅋㅋㅋㅋㅋㅋㅋㅋ,르끌 따일까봐 숨도 살살쉬었네 시발 ㅋㅋㅋㅋㅋㅋ 대라리 포디움 열차 발차 ㅋㅋㅋㅋㅋㅋㅋㅋ,0.11982094496488571,0.25439536571502686,0.2570512294769287,0.20273521542549133,0.07180552929639816,0.09419171512126923
2024-08-25 23:37:57,베텔 당신이 옳았어,"황라리는 오늘도 증명했다...
- ORACLE RED BULL RACING RB20",After Lap,,"베텔 당신이 옳았어 황라리는 오늘도 증명했다...
- ORACLE RED BULL RACING RB20",베텔 당신이 옳았어 황라리는 오늘도 증명했다... - ORACLE RED BULL RACING RB20,0.08427847921848297,0.13166923820972443,0.6139147877693176,0.06628669053316116,0.03845830261707306,0.06539242714643478
2024-08-25 23:37:59,오늘 막스 팀라디오도 안나오노 ㅋㅋ,- dc official App,After Lap,,오늘 막스 팀라디오도 안나오노 ㅋㅋ - dc official App,오늘 막스 팀라디오도 안나오노 ㅋㅋ - dc official App,0.17442233860492706,0.3762960433959961,0.1411043405532837,0.1303877979516983,0.058087531477212906,0.11970194429159164
2024-08-25 23:38:01,타이어 그래블 많이 묻혀왔네,‘러셀‘은 안할듯 ㅋㅋ,After Lap,,타이어 그래블 많이 묻혀왔네 ‘러셀‘은 안할듯 ㅋㅋ,타이어 그래블 많이 묻혀왔네 ‘러셀‘은 안할듯 ㅋㅋ,0.253583163022995,0.32886719703674316,0.07497061043977737,0.13460423052310944,0.07825443893671036,0.12972043454647064
2024-08-25 23:38:01,이정도 성능차면 노리스 챔경쟁가능할거 같은데,한자리수 차이로 2등하고 헝가리 팀오더 징징대다가 내년에 오렌지워 터졌으면,After Lap,,이정도 성능차면 노리스 챔경쟁가능할거 같은데 한자리수 차이로 2등하고 헝가리 팀오더 징징대다가 내년에 오렌지워 터졌으면,이정도 성능차면 노리스 챔경쟁가능할거 같은데 한자리수 차이로 2등하고 헝가리 팀오더 징징대다가 내년에 오렌지워 터졌으면,0.31071802973747253,0.22459737956523895,0.15674029290676117,0.11030562967061996,0.12521786987781525,0.07242085039615631
2024-08-25 23:38:01,노리스 이새끼 타이어 깎는 장인이노,이 새끼보다 잘깎음,After Lap,,노리스 이새끼 타이어 깎는 장인이노 이 새끼보다 잘깎음,노리스 이새끼 타이어 깎는 장인이노 이 새끼보다 잘깎음,0.3119412362575531,0.1696949154138565,0.15070058405399323,0.15375664830207825,0.14217810332775116,0.07172849029302597
2024-08-25 23:38:01,레드불이 F0이면 맥라렌은 F-1이냐?,- dc official App,After Lap,,레드불이 F0이면 맥라렌은 F-1이냐? - dc official App,레드불이 F0이면 맥라렌은 F-1이냐? - dc official App,0.3527519106864929,0.21422912180423737,0.13560354709625244,0.13519644737243652,0.07429712265729904,0.0879218652844429
2024-08-25 23:38:05,몽골견들만 땃잇따잇 노잼이지 ㅋㅋㅋ,"맥라렌 - 우승
페라리 - 포디움
메르 - 물탕 추월쇼
다들 만족할만한 요소가 있음",After Lap,,"몽골견들만 땃잇따잇 노잼이지 ㅋㅋㅋ 맥라렌 - 우승
페라리 - 포디움
메르 - 물탕 추월쇼
다들 만족할만한 요소가 있음",몽골견들만 땃잇따잇 노잼이지 ㅋㅋㅋ 맥라렌 - 우승 페라리 - 포디움 메르 - 물탕 추월쇼 다들 만족할만한 요소가 있음,0.12217908352613449,0.25807929039001465,0.29152628779411316,0.15211638808250427,0.0559128113090992,0.12018614262342453
2024-08-25 23:38:04,하수: 레드불이 홈 그랑프리 우승 다 실패하겠구나,"​
고수: 페레즈가 멕시코에서 우승하겠구나
- dc official App",After Lap,,"하수: 레드불이 홈 그랑프리 우승 다 실패하겠구나 ​
고수: 페레즈가 멕시코에서 우승하겠구나
- dc official App",하수: 레드불이 홈 그랑프리 우승 다 실패하겠구나 ​ 고수: 페레즈가 멕시코에서 우승하겠구나,0.3161877989768982,0.27255934476852417,0.11414209008216858,0.1012394055724144,0.09687461704015732,0.09899675101041794
2024-08-25 23:38:05,더치 라이브러리 만들어~,,After Lap,,더치 라이브러리 만들어~ ,더치 라이브러리 만들어~,0.10932356864213943,0.14493823051452637,0.6086387038230896,0.06313535571098328,0.037430256605148315,0.03653385490179062
2024-08-25 23:38:02,좆됐다이게진짜라고,1위열차출발ㅋㅋㅋㅋㅋㅋㅋㅋㅋㅋ,After Lap,,좆됐다이게진짜라고 1위열차출발ㅋㅋㅋㅋㅋㅋㅋㅋㅋㅋ,좆됐다이게진짜라고 1위열차출발ㅋㅋㅋㅋㅋㅋㅋㅋㅋㅋ,0.19459794461727142,0.2715575098991394,0.19958244264125824,0.13004586100578308,0.13450507819652557,0.06971116364002228
2024-08-25 23:38:06,존나 조용하네 관중들,ㅋㅋㅋㅋㅋㅋㅋㅋㅋㅋㅋㅋㅋㅋㅋㅋ,After Lap,,존나 조용하네 관중들 ㅋㅋㅋㅋㅋㅋㅋㅋㅋㅋㅋㅋㅋㅋㅋㅋ,존나 조용하네 관중들 ㅋㅋㅋㅋㅋㅋㅋㅋㅋㅋㅋㅋㅋㅋㅋㅋ,0.2104676216840744,0.2405438870191574,0.32684963941574097,0.11324121803045273,0.06212007254362106,0.04677756503224373
2024-08-25 23:38:10,폴 따고(코너 들어가기 전에 뺏겼다가) 우승,,After Lap,,폴 따고(코너 들어가기 전에 뺏겼다가) 우승 ,폴 따고(코너 들어가기 전에 뺏겼다가) 우승,0.20525658130645752,0.22617210447788239,0.3575933575630188,0.10270100831985474,0.05672507733106613,0.05155186355113983
2024-08-25 23:38:13,"패랩으로 대미의 ""차빨 인증""까지",몽골이랑 똑같노 ㅋㅋ,After Lap,,"패랩으로 대미의 ""차빨 인증""까지 몽골이랑 똑같노 ㅋㅋ","패랩으로 대미의 ""차빨 인증""까지 몽골이랑 똑같노 ㅋㅋ",0.3202124238014221,0.216690793633461,0.12912456691265106,0.15595699846744537,0.1142469197511673,0.06376826018095016
2024-08-25 23:38:18,노리스 우승 몰아줬으면 드챔 경쟁 하는건데,아깝다 아까워,After Lap,,노리스 우승 몰아줬으면 드챔 경쟁 하는건데 아깝다 아까워,노리스 우승 몰아줬으면 드챔 경쟁 하는건데 아깝다 아까워,0.19461952149868011,0.281080424785614,0.1294945329427719,0.14731137454509735,0.05591220781207085,0.1915818601846695
2024-08-25 23:38:24,르끌레르 진짜 멱살잡고 페라리 끌고오네 ㅋㅋㅋㅋㅋㅋㅋ,"미끌이라 놀려서 죄송합니다.
그저 빛이었네요",After Lap,,"르끌레르 진짜 멱살잡고 페라리 끌고오네 ㅋㅋㅋㅋㅋㅋㅋ 미끌이라 놀려서 죄송합니다.
그저 빛이었네요",르끌레르 진짜 멱살잡고 페라리 끌고오네 ㅋㅋㅋㅋㅋㅋㅋ 미끌이라 놀려서 죄송합니다. 그저 빛이었네요,0.13139605522155762,0.1908034235239029,0.48636728525161743,0.0731089785695076,0.06044727936387062,0.05787691846489906
2024-08-25 23:38:24,네덜란드 도서관 ㅋㅋㅋㅋㅋ,"ㅅㅅㅅㅅㅅㅅㅅㅅ
- dc official App",After Lap,,"네덜란드 도서관 ㅋㅋㅋㅋㅋ ㅅㅅㅅㅅㅅㅅㅅㅅ
- dc official App",네덜란드 도서관 ㅋㅋㅋㅋㅋ ㅅㅅㅅㅅㅅㅅㅅㅅ,0.0615825392305851,0.11262259632349014,0.7102291584014893,0.056234776973724365,0.022408299148082733,0.036922648549079895
2024-08-25 23:38:25,아빠 쌩깔뻔ㅋㅋㅋ,,After Lap,,아빠 쌩깔뻔ㅋㅋㅋ ,아빠 쌩깔뻔ㅋㅋㅋ,0.16810472309589386,0.3403306305408478,0.17445605993270874,0.13397499918937683,0.1014602780342102,0.08167335391044617
2024-08-25 23:38:27,족노잼이였네걍,내기준모나코다음으로재미없었다,After Lap,,족노잼이였네걍 내기준모나코다음으로재미없었다,족노잼이였네걍 내기준모나코다음으로재미없었다,0.1459536999464035,0.31480035185813904,0.12659108638763428,0.1869930773973465,0.06101922690868378,0.16464249789714813
2024-08-25 23:38:27,킹라리,"난 이 정도면 충분히 행복하다
- dc official App",After Lap,,"킹라리 난 이 정도면 충분히 행복하다
- dc official App",킹라리 난 이 정도면 충분히 행복하다,0.0669608861207962,0.12079595029354095,0.6514587998390198,0.06370609998703003,0.03339150547981262,0.06368675827980042
2024-08-25 23:38:30,이새끼 우승 한 10번 한 챔피언같노,"이제 2회 우승따리 좃밥이
너무 안좋아하는거아니냐 ㅋㅋㅋㅋ",After Lap,,"이새끼 우승 한 10번 한 챔피언같노 이제 2회 우승따리 좃밥이
너무 안좋아하는거아니냐 ㅋㅋㅋㅋ",이새끼 우승 한 10번 한 챔피언같노 이제 2회 우승따리 좃밥이 너무 안좋아하는거아니냐 ㅋㅋㅋㅋ,0.2823931872844696,0.22113972902297974,0.10152781754732132,0.18869547545909882,0.13367123901844025,0.07257254421710968
2024-08-25 23:38:30,???: 피트인 해서 패랩 찍고 월챔 자질 증명해라!!!,"응 안해도 이~~~~지
인종차별 하는놈이나 피트인소프트 패랩  노리지 ㅋㅋㅋㅋㅋ 난 그런거 안해도 충분
- dc official App",After Lap,,"???: 피트인 해서 패랩 찍고 월챔 자질 증명해라!!! 응 안해도 이~~~~지
인종차별 하는놈이나 피트인소프트 패랩  노리지 ㅋㅋㅋㅋㅋ 난 그런거 안해도 충분
- dc official App",???: 피트인 해서 패랩 찍고 월챔 자질 증명해라!!! 응 안해도 이~~~~지 인종차별 하는놈이나 피트인소프트 패랩 노리지 ㅋㅋㅋㅋㅋ 난 그런거 안해도 충분,0.19973355531692505,0.20068873465061188,0.1625058501958847,0.20497733354568481,0.1044766753911972,0.12761780619621277
2024-08-25 23:38:33,유리스 드디어 러시아의 망령에서 벗어난건가,몇년 걸렸지,After Lap,,유리스 드디어 러시아의 망령에서 벗어난건가 몇년 걸렸지,유리스 드디어 러시아의 망령에서 벗어난건가 몇년 걸렸지,0.249161496758461,0.24372093379497528,0.23904018104076385,0.08319181948900223,0.11266119033098221,0.07222439348697662
2024-08-25 23:38:33,위닝카타고 페라리도 못잡노,세컨 확정이네,After Lap,,위닝카타고 페라리도 못잡노 세컨 확정이네,위닝카타고 페라리도 못잡노 세컨 확정이네,0.28091883659362793,0.278268426656723,0.0773029625415802,0.13123339414596558,0.10003463923931122,0.13224178552627563
2024-08-25 23:38:36,드챔 누가할거같냐,ㄴㄱ?,After Lap,,드챔 누가할거같냐 ㄴㄱ?,드챔 누가할거같냐 ㄴㄱ?,0.30651798844337463,0.22709321975708008,0.23720398545265198,0.09154728055000305,0.08195458352565765,0.05568297207355499
2024-08-25 23:38:42,체병신을 안짜르네 제정신인가?(X),아 어차피 좆된거 스폰서라도 끌고오려고 했구나(O),After Lap,,체병신을 안짜르네 제정신인가?(X) 아 어차피 좆된거 스폰서라도 끌고오려고 했구나(O),체병신을 안짜르네 제정신인가?(X) 아 어차피 좆된거 스폰서라도 끌고오려고 했구나(O),0.2664567828178406,0.17258267104625702,0.07273118197917938,0.23644357919692993,0.08397713303565979,0.1678086519241333
2024-08-25 23:38:45,Dod는 르끌레가 맞는데..,- dc official App,After Lap,,Dod는 르끌레가 맞는데.. - dc official App,Dod는 르끌레가 맞는데.. - dc official App,0.3094590902328491,0.25111880898475647,0.19355732202529907,0.10687265545129776,0.05961884558200836,0.07937326282262802
2024-08-25 23:38:48,찰스 르끌럭 확인사살 성공ㅋㅋㅋㅋㅋ,샤를 르끌레르 화려한 복귀 ㅋㅋㅋㅋ,After Lap,,찰스 르끌럭 확인사살 성공ㅋㅋㅋㅋㅋ 샤를 르끌레르 화려한 복귀 ㅋㅋㅋㅋ,찰스 르끌럭 확인사살 성공ㅋㅋㅋㅋㅋ 샤를 르끌레르 화려한 복귀 ㅋㅋㅋㅋ,0.05633631348609924,0.10600139200687408,0.7227246165275574,0.05138293653726578,0.0257097277790308,0.037845104932785034
2024-08-25 23:38:49,이새끼 요즘 폼 미쳤으면 개추ㅋㅋㅋㅋ,"2연속 포디움 ㅅㅅ
- dc official App",After Lap,,"이새끼 요즘 폼 미쳤으면 개추ㅋㅋㅋㅋ 2연속 포디움 ㅅㅅ
- dc official App",이새끼 요즘 폼 미쳤으면 개추ㅋㅋㅋㅋ 2연속 포디움 ㅅㅅ,0.07072191685438156,0.11918144673109055,0.6918923854827881,0.05435212701559067,0.02924824319779873,0.034603800624608994
2024-08-25 23:38:50,속보) 모나코 앞바다에서 구조된 샤를 르클레르 건조 완료,현재 상태 '뽀송뽀송하다' 밝혀... 티포시 환호,After Lap,,속보) 모나코 앞바다에서 구조된 샤를 르클레르 건조 완료 현재 상태 '뽀송뽀송하다' 밝혀... 티포시 환호,속보) 모나코 앞바다에서 구조된 샤를 르클레르 건조 완료 현재 상태 '뽀송뽀송하다' 밝혀... 티포시 환호,0.07721205800771713,0.12073664367198944,0.675843358039856,0.052926525473594666,0.03245276212692261,0.04082856327295303
2024-08-25 23:38:50,아니 뭐 개발 한계와서 존나 치열할 거라며,맥은 왜 개발한계에 안부딛혔는데,After Lap,,아니 뭐 개발 한계와서 존나 치열할 거라며 맥은 왜 개발한계에 안부딛혔는데,아니 뭐 개발 한계와서 존나 치열할 거라며 맥은 왜 개발한계에 안부딛혔는데,0.3107490837574005,0.24935682117938995,0.07504455000162125,0.16235467791557312,0.0927932932972908,0.10970161855220795
2024-08-25 23:38:52,노리스 도서관 관장 되버렸노 ㅋㅋ,네덜란드 새끼들 존나 추하네 ㅋㅋ,After Lap,,노리스 도서관 관장 되버렸노 ㅋㅋ 네덜란드 새끼들 존나 추하네 ㅋㅋ,노리스 도서관 관장 되버렸노 ㅋㅋ 네덜란드 새끼들 존나 추하네 ㅋㅋ,0.20271778106689453,0.1699422299861908,0.09262777119874954,0.2938069999217987,0.08585884422063828,0.15504643321037292
2024-08-25 23:38:52,dotd를 쟤를 왜 줌,"아니 크루징 한 애를 왜 줘
이건 르끌이지",After Lap,,"dotd를 쟤를 왜 줌 아니 크루징 한 애를 왜 줘
이건 르끌이지",dotd를 쟤를 왜 줌 아니 크루징 한 애를 왜 줘 이건 르끌이지,0.19116966426372528,0.28762856125831604,0.08160524070262909,0.2210264503955841,0.04795411229133606,0.17061598598957062
2024-08-25 23:38:54,맥라렌 12년 만에 폴투윈,,After Lap,,맥라렌 12년 만에 폴투윈 ,맥라렌 12년 만에 폴투윈,0.14046931266784668,0.17643822729587555,0.5327780842781067,0.06673245131969452,0.04515162482857704,0.03843028470873833
2024-08-25 23:38:56,레이스 끝나면 끝인거같애?,"정말로?
- dc official App",After Lap,,"레이스 끝나면 끝인거같애? 정말로?
- dc official App",레이스 끝나면 끝인거같애? 정말로?,0.32570865750312805,0.22400221228599548,0.10143765062093735,0.12020933628082275,0.1357966959476471,0.09284545481204987
2024-08-25 23:38:59,사실상 오늘의 DOTD 올려라,페라리 퍼스트는 대황끌,After Lap,,사실상 오늘의 DOTD 올려라 페라리 퍼스트는 대황끌,사실상 오늘의 DOTD 올려라 페라리 퍼스트는 대황끌,0.06005065143108368,0.11640634387731552,0.6982651948928833,0.057168252766132355,0.026386192068457603,0.041723381727933884
2024-08-25 23:39:05,피아제 <<< 오늘 못했음??,제대로 못 봤는데,After Lap,,피아제 <<< 오늘 못했음?? 제대로 못 봤는데,피아제 <<< 오늘 못했음?? 제대로 못 봤는데,0.3055132329463959,0.2729262113571167,0.10907717049121857,0.11969748139381409,0.10422375798225403,0.08856213092803955
2024-08-25 23:39:07,아무튼 기분은 좋노,- dc official App,After Lap,,아무튼 기분은 좋노 - dc official App,아무튼 기분은 좋노 - dc official App,0.06266072392463684,0.11360146105289459,0.6988033652305603,0.0551920123398304,0.025187106803059578,0.04455535486340523
2024-08-25 23:39:09,헝가리 7점이,"어떤결과 불러올지 궁금해지네
- dc official App",After Lap,,"헝가리 7점이 어떤결과 불러올지 궁금해지네
- dc official App",헝가리 7점이 어떤결과 불러올지 궁금해지네,0.266832560300827,0.22355525195598602,0.29353082180023193,0.09485116600990295,0.0721084326505661,0.049121782183647156
2024-08-25 23:39:12,dotd 르끌 안주네,ㅇㅇ,After Lap,,dotd 르끌 안주네 ㅇㅇ,dotd 르끌 안주네 ㅇㅇ,0.13662059605121613,0.32933542132377625,0.10526584088802338,0.1771836280822754,0.045531950891017914,0.20606257021427155
2024-08-25 23:39:15,속보) 막스 어릴적 버려졌던 주유소에서 발견,"막스, “내 집같이 편안” 주장.
- dc official App",After Lap,,"속보) 막스 어릴적 버려졌던 주유소에서 발견 막스, “내 집같이 편안” 주장.
- dc official App","속보) 막스 어릴적 버려졌던 주유소에서 발견 막스, “내 집같이 편안” 주장.",0.1940377801656723,0.2765026390552521,0.28154996037483215,0.09118840098381042,0.07458635419607162,0.0821349024772644
2024-08-25 23:39:16,몽골 1등아닌데 찡찡안한거 처음아님?,체념해버린건가,After Lap,,몽골 1등아닌데 찡찡안한거 처음아님? 체념해버린건가,몽골 1등아닌데 찡찡안한거 처음아님? 체념해버린건가,0.30137547850608826,0.25137484073638916,0.08555557578802109,0.13389040529727936,0.12441307306289673,0.10339060425758362
2024-08-25 23:39:17,dotd는 르끌이 맞다..,오늘 노리스는 ㄹㅇ 오바인,After Lap,,dotd는 르끌이 맞다.. 오늘 노리스는 ㄹㅇ 오바인,dotd는 르끌이 맞다.. 오늘 노리스는 ㄹㅇ 오바인,0.23312321305274963,0.33771565556526184,0.08597517013549805,0.13623717427253723,0.06483455747365952,0.1421142816543579
2024-08-25 23:39:22,속보) 가슬리 베어맨 추월 ㄷㄷㄷㄷㄷ,드디어 귀신제치고 14위로 올라서는 가슬리,After Lap,,속보) 가슬리 베어맨 추월 ㄷㄷㄷㄷㄷ 드디어 귀신제치고 14위로 올라서는 가슬리,속보) 가슬리 베어맨 추월 ㄷㄷㄷㄷㄷ 드디어 귀신제치고 14위로 올라서는 가슬리,0.2820739448070526,0.20153070986270905,0.2991110682487488,0.08541104942560196,0.09522049874067307,0.03665275499224663
2024-08-25 23:39:27,??? : 왜 관중석이 조용하지?,오랜지색 팀이 우승했는데 좋아해야 되는거 아냐?,After Lap,,??? : 왜 관중석이 조용하지? 오랜지색 팀이 우승했는데 좋아해야 되는거 아냐?,??? : 왜 관중석이 조용하지? 오랜지색 팀이 우승했는데 좋아해야 되는거 아냐?,0.25960594415664673,0.2571330666542053,0.1356126368045807,0.1434759497642517,0.13236580789089203,0.07180663198232651
2024-08-25 23:39:27,르끌레 복귀ㅋㅋㅋㅋㅋㅋ,,After Lap,,르끌레 복귀ㅋㅋㅋㅋㅋㅋ ,르끌레 복귀ㅋㅋㅋㅋㅋㅋ,0.0670943558216095,0.11477097123861313,0.6936662793159485,0.06366796791553497,0.024222807958722115,0.03657764941453934
2024-08-25 23:39:28,막스랑 페라리에게만 박수쳐주노,머임 관중들,After Lap,,막스랑 페라리에게만 박수쳐주노 머임 관중들,막스랑 페라리에게만 박수쳐주노 머임 관중들,0.23627540469169617,0.2876604497432709,0.07986465841531754,0.19148048758506775,0.0753568559885025,0.12936218082904816
2024-08-25 23:39:31,오늘 칭찬 받아야하는 새끼.jpg,온몸비틀기로 포디움 사수ㅋㅋㅋㅋㅋㅋㅋㅋㅋㅋ,After Lap,,오늘 칭찬 받아야하는 새끼.jpg 온몸비틀기로 포디움 사수ㅋㅋㅋㅋㅋㅋㅋㅋㅋㅋ,오늘 칭찬 받아야하는 새끼.jpg 온몸비틀기로 포디움 사수ㅋㅋㅋㅋㅋㅋㅋㅋㅋㅋ,0.060639578849077225,0.11286074668169022,0.7009931206703186,0.05775294825434685,0.027860127389431,0.039893437176942825
2024-08-25 23:39:38,메르세데스는 올해초를 보는것 같구나,몬짜에선 달라진 모습 보여줘,After Lap,,메르세데스는 올해초를 보는것 같구나 몬짜에선 달라진 모습 보여줘,메르세데스는 올해초를 보는것 같구나 몬짜에선 달라진 모습 보여줘,0.1441962718963623,0.2016032338142395,0.4726051986217499,0.0675855204463005,0.059183269739151,0.05482642725110054
2024-08-25 23:39:39,기습시위 마려운 카도맘은 개추 ㅋㅋ,리카도를 레드불로!,After Lap,,기습시위 마려운 카도맘은 개추 ㅋㅋ 리카도를 레드불로!,기습시위 마려운 카도맘은 개추 ㅋㅋ 리카도를 레드불로!,0.1113782674074173,0.16023069620132446,0.5646589398384094,0.07583235204219818,0.04532671719789505,0.04257296770811081
2024-08-25 23:39:41,오늘자 티포시 막바지 심정 요약,"+0.988
+1.322
+0.903
+1.412
+0.902
.
.
개쫄렸지만 포디움 올랐으니까 한잔해~",After Lap,,"오늘자 티포시 막바지 심정 요약 +0.988
+1.322
+0.903
+1.412
+0.902
.
.
개쫄렸지만 포디움 올랐으니까 한잔해~",오늘자 티포시 막바지 심정 요약 +0.988 +1.322 +0.903 +1.412 +0.902 . . 개쫄렸지만 포디움 올랐으니까 한잔해~,0.08025531470775604,0.157638281583786,0.5695432424545288,0.0856441929936409,0.03993183374404907,0.06698717176914215
2024-08-25 23:39:43,해물탕 페라리 가면 누가 나감?,ㅇㅇ,After Lap,,해물탕 페라리 가면 누가 나감? ㅇㅇ,해물탕 페라리 가면 누가 나감? ㅇㅇ,0.2793668806552887,0.2888130247592926,0.1460588276386261,0.11236295104026794,0.09794658422470093,0.07545170187950134
2024-08-25 23:39:43,하아 다음 시즌 엪니저는 맥라렌이다....,빨리 켜야지,After Lap,,하아 다음 시즌 엪니저는 맥라렌이다.... 빨리 켜야지,하아 다음 시즌 엪니저는 맥라렌이다.... 빨리 켜야지,0.1373559832572937,0.3001129925251007,0.2548742890357971,0.107232004404068,0.08940793573856354,0.11101674288511276
2024-08-25 23:39:45,오스트리아에서 몽골만 리타했으면,노리스 1위 했으면 드챔 진짜 몰랐다,After Lap,,오스트리아에서 몽골만 리타했으면 노리스 1위 했으면 드챔 진짜 몰랐다,오스트리아에서 몽골만 리타했으면 노리스 1위 했으면 드챔 진짜 몰랐다,0.31515297293663025,0.24857747554779053,0.14832383394241333,0.10882473737001419,0.12055549025535583,0.05856550484895706
2024-08-25 23:39:50,업뎃가져와 개새끼들,시발,After Lap,,업뎃가져와 개새끼들 시발,업뎃가져와 개새끼들 시발,0.1099412813782692,0.23415665328502655,0.1645287275314331,0.2686932384967804,0.03217111527919769,0.19050906598567963
2024-08-25 23:39:53,몽골은 차 구려도 햄보막 시절부터 보여준게 있는데,노리스 이새끼는 작년초반만 해도 똥차주니까 개벌레처럼 타고 피아제도 동반 떡상한게 차빨 부정 불가ㅋㅋㅋ,After Lap,,몽골은 차 구려도 햄보막 시절부터 보여준게 있는데 노리스 이새끼는 작년초반만 해도 똥차주니까 개벌레처럼 타고 피아제도 동반 떡상한게 차빨 부정 불가ㅋㅋㅋ,몽골은 차 구려도 햄보막 시절부터 보여준게 있는데 노리스 이새끼는 작년초반만 해도 똥차주니까 개벌레처럼 타고 피아제도 동반 떡상한게 차빨 부정 불가ㅋㅋㅋ,0.23035648465156555,0.18727853894233704,0.10346707701683044,0.23765474557876587,0.117888443171978,0.12335480749607086
2024-08-25 23:39:55,"""어, 오늘은 주유소 안가요?""","""홈팬들이 차 훔쳐갔어""",After Lap,,"""어, 오늘은 주유소 안가요?"" ""홈팬들이 차 훔쳐갔어""","""어, 오늘은 주유소 안가요?"" ""홈팬들이 차 훔쳐갔어""",0.2378855049610138,0.30874505639076233,0.11957810074090958,0.13021327555179596,0.10622157156467438,0.09735642373561859
2024-08-25 23:39:52,피아제 추월 왜못햇을가,흠,After Lap,,피아제 추월 왜못햇을가 흠,피아제 추월 왜못햇을가 흠,0.28649890422821045,0.27644988894462585,0.09617383033037186,0.12109782546758652,0.0750233381986618,0.14475618302822113
2024-08-25 23:40:01,그냥 노리스가 싫은 몽골견이면 개추,이새끼 유색인종 섞인거 있음?,After Lap,,그냥 노리스가 싫은 몽골견이면 개추 이새끼 유색인종 섞인거 있음?,그냥 노리스가 싫은 몽골견이면 개추 이새끼 유색인종 섞인거 있음?,0.32823917269706726,0.17342713475227356,0.10762163251638412,0.18233059346675873,0.12264955788850784,0.08573195338249207
2024-08-25 23:40:00,당발,,After Lap,,당발 ,당발,0.1380680948495865,0.22735612094402313,0.18059410154819489,0.21848037838935852,0.0560578815639019,0.1794433891773224
2024-08-25 23:39:56,대아제는 노리스랑 다르게 착하노 ㅋㅋ,,After Lap,,대아제는 노리스랑 다르게 착하노 ㅋㅋ ,대아제는 노리스랑 다르게 착하노 ㅋㅋ,0.16337907314300537,0.1924196034669876,0.47079741954803467,0.07027546316385269,0.06454648822546005,0.03858193755149841
2024-08-25 23:40:10,맥라렌의 시대가 도래했다!!!!,"키야야야야얅
- dc official App",After Lap,,"맥라렌의 시대가 도래했다!!!! 키야야야야얅
- dc official App",맥라렌의 시대가 도래했다!!!! 키야야야야얅,0.07179766893386841,0.1073552817106247,0.6865639090538025,0.05931255593895912,0.03156283125281334,0.04340772703289986
2024-08-25 23:40:07,개노잼경기였는데 이상하게 웃음을 멈출 수가 없네 ㅋㅋㅋㅋ,캬 ㅋㅋㅋㅋㅋㅋㅋㅋ,After Lap,,개노잼경기였는데 이상하게 웃음을 멈출 수가 없네 ㅋㅋㅋㅋ 캬 ㅋㅋㅋㅋㅋㅋㅋㅋ,개노잼경기였는데 이상하게 웃음을 멈출 수가 없네 ㅋㅋㅋㅋ 캬 ㅋㅋㅋㅋㅋㅋㅋㅋ,0.108188696205616,0.19834387302398682,0.4997548460960388,0.10178247094154358,0.03538959473371506,0.05654054507613182
2024-08-25 23:40:20,메르 개폭망했노 갑자기,몬자업데이트 믿는다,After Lap,,메르 개폭망했노 갑자기 몬자업데이트 믿는다,메르 개폭망했노 갑자기 몬자업데이트 믿는다,0.23165778815746307,0.32085180282592773,0.08732704073190689,0.11908150464296341,0.0880284309387207,0.1530533879995346
2024-08-25 23:40:22,이젠 우승 반응도 노잼이네,,After Lap,,이젠 우승 반응도 노잼이네 ,이젠 우승 반응도 노잼이네,0.15112784504890442,0.30499351024627686,0.12237030267715454,0.18227753043174744,0.06660109013319016,0.17262962460517883
2024-08-25 23:40:22,많이 안바랄게요 막스 노리스 6포 이내로 막스가 이기게해주세요,제발요,After Lap,,많이 안바랄게요 막스 노리스 6포 이내로 막스가 이기게해주세요 제발요,많이 안바랄게요 막스 노리스 6포 이내로 막스가 이기게해주세요 제발요,0.18353842198848724,0.1965515911579132,0.30185070633888245,0.10631122440099716,0.08661799877882004,0.1251300424337387
2024-08-25 23:40:24,헝가리 이후로 노리스 되게 차분해진듯,"그릴더 그리드에서나 팀 라디오나 피아스트리 영향이 컸나
- dc official App",After Lap,,"헝가리 이후로 노리스 되게 차분해진듯 그릴더 그리드에서나 팀 라디오나 피아스트리 영향이 컸나
- dc official App",헝가리 이후로 노리스 되게 차분해진듯 그릴더 그리드에서나 팀 라디오나 피아스트리 영향이 컸나,0.20572300255298615,0.2408868670463562,0.37634655833244324,0.0722147598862648,0.055625949054956436,0.04920288547873497
2024-08-25 23:40:36,노리스 지금을 즐겨라 페라리 해밀턴이 박살내줄께,기다려 병신아 ㅋ,After Lap,,노리스 지금을 즐겨라 페라리 해밀턴이 박살내줄께 기다려 병신아 ㅋ,노리스 지금을 즐겨라 페라리 해밀턴이 박살내줄께 기다려 병신아 ㅋ,0.15793070197105408,0.16766944527626038,0.36528298258781433,0.17009729146957397,0.06445814669132233,0.07456143945455551
2024-08-25 23:40:40,누리스견 vs 노1사모 호칭 정확히 뭐냐,"하나만 하자
- dc official App",After Lap,,"누리스견 vs 노1사모 호칭 정확히 뭐냐 하나만 하자
- dc official App",누리스견 vs 노1사모 호칭 정확히 뭐냐 하나만 하자,0.3367714285850525,0.2386620044708252,0.14702166616916656,0.1133241057395935,0.07625439018011093,0.08796639740467072
2024-08-25 23:40:41,샤를에게 위닝카를 다오…,,After Lap,,샤를에게 위닝카를 다오… ,샤를에게 위닝카를 다오…,0.09708648920059204,0.16572465002536774,0.5037146806716919,0.09408777207136154,0.04734455421566963,0.09204187244176865
2024-08-25 23:40:46,아니 노리스는 사진이랑 갭차이 ㅈㄴ크네,"실물은 잘생겼노 수염탓인가??
- dc official App",After Lap,,"아니 노리스는 사진이랑 갭차이 ㅈㄴ크네 실물은 잘생겼노 수염탓인가??
- dc official App",아니 노리스는 사진이랑 갭차이 ㅈㄴ크네 실물은 잘생겼노 수염탓인가??,0.307669997215271,0.22602082788944244,0.1833936870098114,0.10741028189659119,0.12399674952030182,0.05150849372148514
2024-08-25 23:40:48,반데가르데 오랜만 ㅋㅋㅋㅋ,,After Lap,,반데가르데 오랜만 ㅋㅋㅋㅋ ,반데가르데 오랜만 ㅋㅋㅋㅋ,0.0819854885339737,0.11942794919013977,0.6940345168113708,0.05103632062673569,0.024172116070985794,0.029343582689762115
2024-08-25 23:40:53,파크페르메 근처 어딘가에 센서있나보네,"누구는 파란색 누구는 빨간색 뜨노
- dc official App",After Lap,,"파크페르메 근처 어딘가에 센서있나보네 누구는 파란색 누구는 빨간색 뜨노
- dc official App",파크페르메 근처 어딘가에 센서있나보네 누구는 파란색 누구는 빨간색 뜨노,0.33102238178253174,0.2542096674442291,0.12204878777265549,0.1313166469335556,0.0838332399725914,0.07756923139095306
2024-08-25 23:40:56,결국 진짜 승리자는 네덜란드 국민들임,결국 주황색 팀이 우승했잖아?,After Lap,,결국 진짜 승리자는 네덜란드 국민들임 결국 주황색 팀이 우승했잖아?,결국 진짜 승리자는 네덜란드 국민들임 결국 주황색 팀이 우승했잖아?,0.24573111534118652,0.2665225565433502,0.17434363067150116,0.12062951922416687,0.09892008453607559,0.09385313093662262
2024-08-25 23:40:57,2위 먼저해주노 ㅋㅋㅋㅋㅋ,,After Lap,,2위 먼저해주노 ㅋㅋㅋㅋㅋ ,2위 먼저해주노 ㅋㅋㅋㅋㅋ,0.10184036195278168,0.1499328762292862,0.6141251921653748,0.05980989336967468,0.03514697402715683,0.039144691079854965
2024-08-25 23:41:03,그저 빛 르끌레르,병신페라리 진짜 멱살잡고 캐리하네,After Lap,,그저 빛 르끌레르 병신페라리 진짜 멱살잡고 캐리하네,그저 빛 르끌레르 병신페라리 진짜 멱살잡고 캐리하네,0.08608312904834747,0.14570274949073792,0.6201122999191284,0.05673528462648392,0.04273276776075363,0.04863376542925835
2024-08-25 23:41:03,막스부터 하노ㅋㅋㅋ,,After Lap,,막스부터 하노ㅋㅋㅋ ,막스부터 하노ㅋㅋㅋ,0.16212227940559387,0.18726976215839386,0.4950612485408783,0.07516586035490036,0.04844379797577858,0.03193705901503563
2024-08-25 23:41:05,네덜란드 내년부터 티켓 ㅈㄴ 안팔리겠네 ㅋㅋ,몽골 강점기 종료 ㅋㅋ,After Lap,,네덜란드 내년부터 티켓 ㅈㄴ 안팔리겠네 ㅋㅋ 몽골 강점기 종료 ㅋㅋ,네덜란드 내년부터 티켓 ㅈㄴ 안팔리겠네 ㅋㅋ 몽골 강점기 종료 ㅋㅋ,0.26295435428619385,0.21801508963108063,0.1462700366973877,0.17699675261974335,0.09307853132486343,0.10268525779247284
2024-08-25 23:41:11,근데 오늘 자이로캠 ㄹㅇ 개쩔었음,앞으로도 많이 보여주라...,After Lap,,근데 오늘 자이로캠 ㄹㅇ 개쩔었음 앞으로도 많이 보여주라...,근데 오늘 자이로캠 ㄹㅇ 개쩔었음 앞으로도 많이 보여주라...,0.08053754270076752,0.14993613958358765,0.6464207172393799,0.05357848107814789,0.03361658751964569,0.03591059893369675
2024-08-25 23:41:24,이게 페라리의 맛인가요?,어제 퀄리파잉 보고 포디움 물건너간줄 알았는데 포디움 드니까 기분이 좋네요.,After Lap,,이게 페라리의 맛인가요? 어제 퀄리파잉 보고 포디움 물건너간줄 알았는데 포디움 드니까 기분이 좋네요.,이게 페라리의 맛인가요? 어제 퀄리파잉 보고 포디움 물건너간줄 알았는데 포디움 드니까 기분이 좋네요.,0.06614140421152115,0.1451018899679184,0.6537713408470154,0.05725404620170593,0.02883905917406082,0.048892274498939514
2024-08-25 23:41:25,예언) 시즌 끝날때 양보한 거 후회할 노리스 ㅋㅋㅋ,ㅋㅋㅋㅋㅋㅋㅋㅋㅋㅋㅋㅋㅋㅋㅋ,After Lap,,예언) 시즌 끝날때 양보한 거 후회할 노리스 ㅋㅋㅋ ㅋㅋㅋㅋㅋㅋㅋㅋㅋㅋㅋㅋㅋㅋㅋ,예언) 시즌 끝날때 양보한 거 후회할 노리스 ㅋㅋㅋ ㅋㅋㅋㅋㅋㅋㅋㅋㅋㅋㅋㅋㅋㅋㅋ,0.12209562957286835,0.2864438593387604,0.289809912443161,0.14932455122470856,0.060768358409404755,0.09155762195587158
2024-08-25 23:41:30,차 무게 체크함?,라스트 찬스 가능??,After Lap,,차 무게 체크함? 라스트 찬스 가능??,차 무게 체크함? 라스트 찬스 가능??,0.3293267488479614,0.21689200401306152,0.20550860464572906,0.09562038630247116,0.0960102453827858,0.05664205551147461
2024-08-25 23:41:30,이제 레드불 강점기 끝났는데 맥라렌 강점기네,티포시는 또 운다,After Lap,,이제 레드불 강점기 끝났는데 맥라렌 강점기네 티포시는 또 운다,이제 레드불 강점기 끝났는데 맥라렌 강점기네 티포시는 또 운다,0.15364688634872437,0.23219741880893707,0.1198485717177391,0.1801794469356537,0.07504404336214066,0.23908363282680511
2024-08-25 23:41:36,오늘은 엪국가 1절만 하고 끝나겠노 ㅋㅋㅋㅋ,"개꿀ㅋㅋ
- dc official App",After Lap,,"오늘은 엪국가 1절만 하고 끝나겠노 ㅋㅋㅋㅋ 개꿀ㅋㅋ
- dc official App",오늘은 엪국가 1절만 하고 끝나겠노 ㅋㅋㅋㅋ 개꿀ㅋㅋ,0.060476090759038925,0.11936711519956589,0.6827294230461121,0.06486841291189194,0.0251065194606781,0.0474524162709713
2024-08-25 23:41:39,지들끼리 아는 소리 아오ㅋㅋ,ㅋㅋㅋ,After Lap,,지들끼리 아는 소리 아오ㅋㅋ ㅋㅋㅋ,지들끼리 아는 소리 아오ㅋㅋ ㅋㅋㅋ,0.15612909197807312,0.2661118507385254,0.28296878933906555,0.16604802012443542,0.0612613819539547,0.06748086959123611
2024-08-25 23:41:41,아 개 씨발 잠깐 잠들었다가 이제 일어났다,하...................... 르끌 포디움이네 어케했노,After Lap,,아 개 씨발 잠깐 잠들었다가 이제 일어났다 하...................... 르끌 포디움이네 어케했노,아 개 씨발 잠깐 잠들었다가 이제 일어났다 하...................... 르끌 포디움이네 어케했노,0.100715771317482,0.24479112029075623,0.15080910921096802,0.2330424189567566,0.054368678480386734,0.21627289056777954
2024-08-25 23:41:42,막가놈 진짜 ㅈ밥같네 ㅋㅋㅋㅋㅋㅋㅋㅋㅋㅋㅋㅋ,ㅋㅋㅋㅋㅋㅋㅋㅋㅋㅋㅋㅋㅋ,After Lap,,막가놈 진짜 ㅈ밥같네 ㅋㅋㅋㅋㅋㅋㅋㅋㅋㅋㅋㅋ ㅋㅋㅋㅋㅋㅋㅋㅋㅋㅋㅋㅋㅋ,막가놈 진짜 ㅈ밥같네 ㅋㅋㅋㅋㅋㅋㅋㅋㅋㅋㅋㅋ ㅋㅋㅋㅋㅋㅋㅋㅋㅋㅋㅋㅋㅋ,0.15709678828716278,0.23126134276390076,0.154595747590065,0.26079827547073364,0.0902608335018158,0.10598690807819366
2024-08-25 23:41:47,노리스 피아제빙의하너 ㅋㅋㅋㅋ,"ㅋㅋㅋ
- dc official App",After Lap,,"노리스 피아제빙의하너 ㅋㅋㅋㅋ ㅋㅋㅋ
- dc official App",노리스 피아제빙의하너 ㅋㅋㅋㅋ ㅋㅋㅋ,0.213510662317276,0.23884011805057526,0.3183175325393677,0.11443813145160675,0.06725986301898956,0.04763372242450714
2024-08-25 23:41:51,알비는 전략좀 어떻게 해야할것 같은데,"츠노다 원스탑 시켰으면 무난하게
포인트 먹었을것 같은데
소미하 시키고 개꼬라박게 만드노 ㅋㅋ",After Lap,,"알비는 전략좀 어떻게 해야할것 같은데 츠노다 원스탑 시켰으면 무난하게
포인트 먹었을것 같은데
소미하 시키고 개꼬라박게 만드노 ㅋㅋ",알비는 전략좀 어떻게 해야할것 같은데 츠노다 원스탑 시켰으면 무난하게 포인트 먹었을것 같은데 소미하 시키고 개꼬라박게 만드노 ㅋㅋ,0.2363891899585724,0.2770891785621643,0.0659947395324707,0.16599901020526886,0.0778287723660469,0.17669914662837982
2024-08-25 23:41:55,맥라렌 차가 얼마나 지금 사기인지 보여준 gp,"퀄리 q3 남들 저 뒤에 두고 0.3초 차 p1
스타트때 조지고 1.8초갭 나던걸 타이어관리로 대가리 깨고 추월
그후로 2등이랑 22초 차이내면서 크루징 우승
+50랩 가까이쓴 하드타이어로 막랩에 패랩까지 먹음
- dc official App",After Lap,,"맥라렌 차가 얼마나 지금 사기인지 보여준 gp 퀄리 q3 남들 저 뒤에 두고 0.3초 차 p1
스타트때 조지고 1.8초갭 나던걸 타이어관리로 대가리 깨고 추월
그후로 2등이랑 22초 차이내면서 크루징 우승
+50랩 가까이쓴 하드타이어로 막랩에 패랩까지 먹음
- dc official App",맥라렌 차가 얼마나 지금 사기인지 보여준 gp 퀄리 q3 남들 저 뒤에 두고 0.3초 차 p1 스타트때 조지고 1.8초갭 나던걸 타이어관리로 대가리 깨고 추월 그후로 2등이랑 22초 차이내면서 크루징 우승 +50랩 가까이쓴 하드타이어로 막랩에 패랩까지 먹음,0.28931742906570435,0.1688651144504547,0.13980445265769958,0.1716303676366806,0.11985763907432556,0.11052495241165161
2024-08-25 23:41:57,오늘은 체황이 념글에 없노,병신짓을 안해서 안보내주는거임?,After Lap,,오늘은 체황이 념글에 없노 병신짓을 안해서 안보내주는거임?,오늘은 체황이 념글에 없노 병신짓을 안해서 안보내주는거임?,0.17700675129890442,0.29667696356773376,0.08981432765722275,0.1588367521762848,0.05298395827412605,0.2246813029050827
2024-08-25 23:41:57,오늘 도박 실패한 새끼….,4그리드 먹고 7등으로 끝내버린 원스탑 도박마 쥬지,After Lap,,오늘 도박 실패한 새끼…. 4그리드 먹고 7등으로 끝내버린 원스탑 도박마 쥬지,오늘 도박 실패한 새끼…. 4그리드 먹고 7등으로 끝내버린 원스탑 도박마 쥬지,0.18198943138122559,0.22428913414478302,0.09832108020782471,0.25068119168281555,0.1008555218577385,0.14386367797851562
2024-08-25 23:41:58,얼마만에 보는 왕자님 인터뷰 ㅋㅋㅋ,ㅋㅋ,After Lap,,얼마만에 보는 왕자님 인터뷰 ㅋㅋㅋ ㅋㅋ,얼마만에 보는 왕자님 인터뷰 ㅋㅋㅋ ㅋㅋ,0.06310449540615082,0.12044952064752579,0.7036735415458679,0.04979085549712181,0.027203984558582306,0.0357775054872036
2024-08-25 23:42:09,르끌레 진짜 존나 잘생겼네,- dc official App,After Lap,,르끌레 진짜 존나 잘생겼네 - dc official App,르끌레 진짜 존나 잘생겼네 - dc official App,0.1451839953660965,0.16626308858394623,0.5340425968170166,0.06872604787349701,0.052708759903907776,0.03307554870843887
2024-08-25 23:42:15,페서운 사실) 다음 몬차에서 대형 업데이트 예정,,After Lap,,페서운 사실) 다음 몬차에서 대형 업데이트 예정 ,페서운 사실) 다음 몬차에서 대형 업데이트 예정,0.2258303016424179,0.25666600465774536,0.29766201972961426,0.08459398150444031,0.07475792616605759,0.060489803552627563
2024-08-25 23:42:17,근데 ㄹㅇ 주황연막 터질려나 싶었는데 안 터지네,맥라렌 팬이 몽골팬꺼 사서라도 터트릴줄 ㅋㅋㅋㅋ,After Lap,,근데 ㄹㅇ 주황연막 터질려나 싶었는데 안 터지네 맥라렌 팬이 몽골팬꺼 사서라도 터트릴줄 ㅋㅋㅋㅋ,근데 ㄹㅇ 주황연막 터질려나 싶었는데 안 터지네 맥라렌 팬이 몽골팬꺼 사서라도 터트릴줄 ㅋㅋㅋㅋ,0.2657097578048706,0.2761150002479553,0.11094669997692108,0.13934795558452606,0.12210483103990555,0.08577576279640198
2024-08-25 23:42:18,샤를이 아니라 찰스가 맞는거임?,다 찰스라 하네,After Lap,,샤를이 아니라 찰스가 맞는거임? 다 찰스라 하네,샤를이 아니라 찰스가 맞는거임? 다 찰스라 하네,0.3401162326335907,0.24217355251312256,0.1126328706741333,0.1291838437318802,0.08832625299692154,0.08756723254919052
2024-08-25 23:42:28,도련놈 : 포인트 좀 따게 빠른 차 좀 만들어 와라,,After Lap,,도련놈 : 포인트 좀 따게 빠른 차 좀 만들어 와라 ,도련놈 : 포인트 좀 따게 빠른 차 좀 만들어 와라,0.16023297607898712,0.29763075709342957,0.24848181009292603,0.1201419085264206,0.06263897567987442,0.11087362468242645
2024-08-25 23:42:31,아니 근데 게이들아 좋은 차 처음봄?,개사기차 보는거 한두번이냐? 뭘 세삼스럽게,After Lap,,아니 근데 게이들아 좋은 차 처음봄? 개사기차 보는거 한두번이냐? 뭘 세삼스럽게,아니 근데 게이들아 좋은 차 처음봄? 개사기차 보는거 한두번이냐? 뭘 세삼스럽게,0.2834151089191437,0.2093179076910019,0.07555313408374786,0.20480315387248993,0.11277645826339722,0.11413422971963882
2024-08-25 23:42:31,머야 네덜란드 경기엿네,"이제봄 ㅋㅋㅋㅋ
그래서 ㅈㄴ 조용했구나 ㅅㅂ ㅠㅠ
막스 고향 참교육 노리스",After Lap,,"머야 네덜란드 경기엿네 이제봄 ㅋㅋㅋㅋ
그래서 ㅈㄴ 조용했구나 ㅅㅂ ㅠㅠ
막스 고향 참교육 노리스",머야 네덜란드 경기엿네 이제봄 ㅋㅋㅋㅋ 그래서 ㅈㄴ 조용했구나 ㅅㅂ ㅠㅠ 막스 고향 참교육 노리스,0.18596243858337402,0.3127621114253998,0.1377265751361847,0.1566094309091568,0.10764312744140625,0.09929630905389786
2024-08-25 23:42:37,하반기에는 업데이트 없나?,"업데이트 없으면 20초 차이나는 수준의 머신인데
노리스가 드챔도 가능하겠는데",After Lap,,"하반기에는 업데이트 없나? 업데이트 없으면 20초 차이나는 수준의 머신인데
노리스가 드챔도 가능하겠는데",하반기에는 업데이트 없나? 업데이트 없으면 20초 차이나는 수준의 머신인데 노리스가 드챔도 가능하겠는데,0.33206748962402344,0.2519019544124603,0.144692063331604,0.10175344347953796,0.09706038236618042,0.07252459228038788
2024-08-25 23:42:37,사인츠도 5위까지 올라왔네,"이태리 조랑말...
은근히 좋을지도...?",After Lap,,"사인츠도 5위까지 올라왔네 이태리 조랑말...
은근히 좋을지도...?",사인츠도 5위까지 올라왔네 이태리 조랑말... 은근히 좋을지도...?,0.14007289707660675,0.17096330225467682,0.5541605949401855,0.054882168769836426,0.046916451305150986,0.03300457075238228
2024-08-25 23:42:44,르끌 온몸비틀기 ㅈ되긴하네 ㅋㅋ,스즈카때 생각났다,After Lap,,르끌 온몸비틀기 ㅈ되긴하네 ㅋㅋ 스즈카때 생각났다,르끌 온몸비틀기 ㅈ되긴하네 ㅋㅋ 스즈카때 생각났다,0.1772245615720749,0.3571426570415497,0.12804122269153595,0.12914104759693146,0.11332989484071732,0.09512057900428772
2024-08-25 23:42:45,쥬지 성능 좆박았네,"비뇨기과가자..
몬자에 업데이트 믿는다잇",After Lap,,"쥬지 성능 좆박았네 비뇨기과가자..
몬자에 업데이트 믿는다잇",쥬지 성능 좆박았네 비뇨기과가자.. 몬자에 업데이트 믿는다잇,0.24717170000076294,0.21590130031108856,0.12069298326969147,0.14879359304904938,0.13858598470687866,0.128854438662529
2024-08-25 23:42:53,50랩 타이어로 페랩은 진짜 뭐임....?,진짜 뭐임,After Lap,,50랩 타이어로 페랩은 진짜 뭐임....? 진짜 뭐임,50랩 타이어로 페랩은 진짜 뭐임....? 진짜 뭐임,0.3122883439064026,0.2578831613063812,0.10874331742525101,0.12705852091312408,0.09335731714963913,0.10066934674978256
2024-08-25 23:43:02,레드불 <<< 그냥 F1의 찐따들이 빠는 팀 ㅋㅋㅋㅋ,메르세데스 기술력 딸려서 몇년동안 못넘었던게 당연한데 규정변경 날먹으로 강점기 쳐 만든거 헤헤 좋다고 빨아주는 병신들 ㅋㅋ,After Lap,,레드불 <<< 그냥 F1의 찐따들이 빠는 팀 ㅋㅋㅋㅋ 메르세데스 기술력 딸려서 몇년동안 못넘었던게 당연한데 규정변경 날먹으로 강점기 쳐 만든거 헤헤 좋다고 빨아주는 병신들 ㅋㅋ,레드불 <<< 그냥 F1의 찐따들이 빠는 팀 ㅋㅋㅋㅋ 메르세데스 기술력 딸려서 몇년동안 못넘었던게 당연한데 규정변경 날먹으로 강점기 쳐 만든거 헤헤 좋다고 빨아주는 병신들 ㅋㅋ,0.21335469186306,0.18267765641212463,0.08219490200281143,0.2767229378223419,0.06443071365356445,0.18061910569667816
2024-08-25 23:43:01,르끌 포디엄 갔냐?,ㅅㅅㅅㅅㅅㅅ,After Lap,,르끌 포디엄 갔냐? ㅅㅅㅅㅅㅅㅅ,르끌 포디엄 갔냐? ㅅㅅㅅㅅㅅㅅ,0.06811275333166122,0.11713498830795288,0.6970263123512268,0.05743339657783508,0.024579567834734917,0.035712987184524536
2024-08-25 23:43:03,캬 왕자님,- dc official App,After Lap,,캬 왕자님 - dc official App,캬 왕자님 - dc official App,0.07634589821100235,0.10861612856388092,0.7080644369125366,0.051076456904411316,0.02566629834473133,0.030230777338147163
2024-08-25 23:43:05,올려,"어 형이야 31점밖에안남앗어
- dc official App",After Lap,,"올려 어 형이야 31점밖에안남앗어
- dc official App",올려 어 형이야 31점밖에안남앗어,0.17281365394592285,0.32920652627944946,0.202264204621315,0.09742323309183121,0.0941036194562912,0.10418874025344849
2024-08-25 23:43:06,르끌 몬자 기대되네ㅋㅋㅋㅋ,"여기서만 우승하면
그냥 올해는 대만족이지
모나코 몬자면",After Lap,,"르끌 몬자 기대되네ㅋㅋㅋㅋ 여기서만 우승하면
그냥 올해는 대만족이지
모나코 몬자면",르끌 몬자 기대되네ㅋㅋㅋㅋ 여기서만 우승하면 그냥 올해는 대만족이지 모나코 몬자면,0.08298669755458832,0.1370270997285843,0.6501012444496155,0.06167323514819145,0.029682787135243416,0.038528990000486374
2024-08-25 23:43:04,속보) 맥라렌 차량무게 미달,이면 안됨 ㅠㅠ,After Lap,,속보) 맥라렌 차량무게 미달 이면 안됨 ㅠㅠ,속보) 맥라렌 차량무게 미달 이면 안됨 ㅠㅠ,0.22543960809707642,0.29213303327560425,0.11440227925777435,0.12617631256580353,0.08139366656541824,0.1604551076889038
2024-08-25 23:43:11,???:샤를에게 위닝카를 달라고?,줘도 우승 못하던데?,After Lap,,???:샤를에게 위닝카를 달라고? 줘도 우승 못하던데?,???:샤를에게 위닝카를 달라고? 줘도 우승 못하던데?,0.26649051904678345,0.28878045082092285,0.06805397570133209,0.1637808233499527,0.08909051865339279,0.12380377948284149
2024-08-25 23:43:16,오늘도 여지없이 체밑쥬,그저.. 좆메르 씹새끼들,After Lap,,오늘도 여지없이 체밑쥬 그저.. 좆메르 씹새끼들,오늘도 여지없이 체밑쥬 그저.. 좆메르 씹새끼들,0.13436216115951538,0.14479048550128937,0.12688477337360382,0.33936771750450134,0.0528193861246109,0.20177549123764038
2024-08-25 23:43:17,올려 시발,"대.끌.레.르
시발",After Lap,,"올려 시발 대.끌.레.르
시발",올려 시발 대.끌.레.르 시발,0.11375611275434494,0.1886901706457138,0.16232021152973175,0.31325075030326843,0.037674739956855774,0.1843079775571823
2024-08-25 23:43:32,레드불 이제 다시 2등따리 팀으로 돌아가겠노 ㅋㅋ,잘가라,After Lap,,레드불 이제 다시 2등따리 팀으로 돌아가겠노 ㅋㅋ 잘가라,레드불 이제 다시 2등따리 팀으로 돌아가겠노 ㅋㅋ 잘가라,0.25178262591362,0.24790461361408234,0.13486796617507935,0.13757069408893585,0.12203716486692429,0.1058369129896164
2024-08-25 23:43:39,노리스 우승하면 버거 뿌린다던 놈이다,"방명록 확인해라
맥라렌 차 성능 시발 저거 맞냐",After Lap,,"노리스 우승하면 버거 뿌린다던 놈이다 방명록 확인해라
맥라렌 차 성능 시발 저거 맞냐",노리스 우승하면 버거 뿌린다던 놈이다 방명록 확인해라 맥라렌 차 성능 시발 저거 맞냐,0.2388472706079483,0.17640113830566406,0.07712040096521378,0.24737383425235748,0.06400873512029648,0.1962485909461975
2024-08-25 23:43:40,막스 영어 거의 xqc급으로 알아듣기 힘드네,이새끼가 그리드 전체에서 젤 알아듣기 어려움,After Lap,,막스 영어 거의 xqc급으로 알아듣기 힘드네 이새끼가 그리드 전체에서 젤 알아듣기 어려움,막스 영어 거의 xqc급으로 알아듣기 힘드네 이새끼가 그리드 전체에서 젤 알아듣기 어려움,0.13755419850349426,0.2596907913684845,0.08745145797729492,0.2502465844154358,0.03986785560846329,0.22518911957740784
2024-08-25 23:43:44,네덜란드에서 힘을 다 써버린 미끌은 결국…,"기다려라 체황이 간다
- dc official App",After Lap,,"네덜란드에서 힘을 다 써버린 미끌은 결국… 기다려라 체황이 간다
- dc official App",네덜란드에서 힘을 다 써버린 미끌은 결국… 기다려라 체황이 간다,0.2532389461994171,0.2826400101184845,0.15699023008346558,0.09719637036323547,0.10688574612140656,0.10304863750934601
2024-08-25 23:43:48,메르는 잠깐 찍싸고 다시 좆박을거 같노,ㅅㅂ,After Lap,,메르는 잠깐 찍싸고 다시 좆박을거 같노 ㅅㅂ,메르는 잠깐 찍싸고 다시 좆박을거 같노 ㅅㅂ,0.14473292231559753,0.17300733923912048,0.09117817133665085,0.308483362197876,0.05610454082489014,0.22649364173412323
2024-08-25 23:43:49,피아스트리는 중반에 바짝 붙었을때 추월 못한게,"레이스 끝까지 구른듯
그때 타이어 상대적 차이 클때 넘겼어야 하는데 르끌이 페이스 맞추면서 방어 성공해서
그 뒤론 타이어 퍼포먼스 차이 줄어들다가 기회가 사라짐
후반부 1초 차이 난건 걍 르끌레가 관리하면서 간격 유지한듯함",After Lap,,"피아스트리는 중반에 바짝 붙었을때 추월 못한게 레이스 끝까지 구른듯
그때 타이어 상대적 차이 클때 넘겼어야 하는데 르끌이 페이스 맞추면서 방어 성공해서
그 뒤론 타이어 퍼포먼스 차이 줄어들다가 기회가 사라짐
후반부 1초 차이 난건 걍 르끌레가 관리하면서 간격 유지한듯함",피아스트리는 중반에 바짝 붙었을때 추월 못한게 레이스 끝까지 구른듯 그때 타이어 상대적 차이 클때 넘겼어야 하는데 르끌이 페이스 맞추면서 방어 성공해서 그 뒤론 타이어 퍼포먼스 차이 줄어들다가 기회가 사라짐 후반부 1초 차이 난건 걍 르끌레가 관리하면서 간격 유지한듯함,0.2553674280643463,0.3064984083175659,0.15912295877933502,0.09853097051382065,0.08926458656787872,0.09121570736169815
2024-08-25 23:44:03,메르 소프트로 체코는 딸줄 알았는데,택도없더라,After Lap,,메르 소프트로 체코는 딸줄 알았는데 택도없더라,메르 소프트로 체코는 딸줄 알았는데 택도없더라,0.23557232320308685,0.3181115984916687,0.0836850181221962,0.14367908239364624,0.06309541314840317,0.15585656464099884
2024-08-25 23:44:08,다음주 몬자네,캬,After Lap,,다음주 몬자네 캬,다음주 몬자네 캬,0.08363791555166245,0.13267406821250916,0.6597900390625,0.058564409613609314,0.028749622404575348,0.036584001034498215
2024-08-25 23:44:09,메르는 또 실격 당할까바 러셀 투스탑 시킨건가?,이해가 안되는 전략으로 7위로 다이빙,After Lap,,메르는 또 실격 당할까바 러셀 투스탑 시킨건가? 이해가 안되는 전략으로 7위로 다이빙,메르는 또 실격 당할까바 러셀 투스탑 시킨건가? 이해가 안되는 전략으로 7위로 다이빙,0.24444013833999634,0.3015763461589813,0.06971763074398041,0.1580161303281784,0.06643028557300568,0.15981948375701904
2024-08-25 23:44:16,어차피 맥라렌은 26년 이후로 버러우탈 예정이다...,"24,25라도 해먹자",After Lap,,"어차피 맥라렌은 26년 이후로 버러우탈 예정이다... 24,25라도 해먹자","어차피 맥라렌은 26년 이후로 버러우탈 예정이다... 24,25라도 해먹자",0.17747360467910767,0.3028421103954315,0.12629631161689758,0.13831596076488495,0.08663176745176315,0.16844023764133453
2024-08-25 23:44:18,메르는 진짜 마가꼈나 왜그러는데,"드라이버랑 차량능력 외 요인으로 놓친 포인트가 몇개임 대체
- dc official App",After Lap,,"메르는 진짜 마가꼈나 왜그러는데 드라이버랑 차량능력 외 요인으로 놓친 포인트가 몇개임 대체
- dc official App",메르는 진짜 마가꼈나 왜그러는데 드라이버랑 차량능력 외 요인으로 놓친 포인트가 몇개임 대체,0.2125827968120575,0.2986980974674225,0.06847864389419556,0.15372002124786377,0.08232617378234863,0.18419428169727325
2024-08-25 23:44:20,몇몇들은 빡치겠지만 ㅋㅋㅋㅋ,,After Lap,,몇몇들은 빡치겠지만 ㅋㅋㅋㅋ ,몇몇들은 빡치겠지만 ㅋㅋㅋㅋ,0.20050641894340515,0.2782573699951172,0.13147243857383728,0.19140136241912842,0.09238804131746292,0.10597440600395203
2024-08-25 23:44:26,엪갤에서 뽑아보는 DOD,"26일 00시 20분까지
- ORACLE RED BULL RACING RB20",After Lap,,"엪갤에서 뽑아보는 DOD 26일 00시 20분까지
- ORACLE RED BULL RACING RB20",엪갤에서 뽑아보는 DOD 26일 00시 20분까지 - ORACLE RED BULL RACING RB20,0.1719060093164444,0.18558667600154877,0.4751284718513489,0.08553330600261688,0.03386608883738518,0.047979407012462616
2024-08-25 23:44:37,페라리 몬짜에서 포퍼싱고치고 업데이트 성공해서 원투 피니시할거같음,,After Lap,,페라리 몬짜에서 포퍼싱고치고 업데이트 성공해서 원투 피니시할거같음 ,페라리 몬짜에서 포퍼싱고치고 업데이트 성공해서 원투 피니시할거같음,0.16812923550605774,0.18519675731658936,0.48175135254859924,0.07419345527887344,0.0529385581612587,0.03779061511158943
2024-08-25 23:44:54,레드불은 빨리 26년을 준비해라,드챔만 지키고 내년은 그냥 즐겜ㄱㄱ,After Lap,,레드불은 빨리 26년을 준비해라 드챔만 지키고 내년은 그냥 즐겜ㄱㄱ,레드불은 빨리 26년을 준비해라 드챔만 지키고 내년은 그냥 즐겜ㄱㄱ,0.07707206904888153,0.14241145551204681,0.618556022644043,0.07148361951112747,0.03919143229722977,0.05128542333841324
2024-08-25 23:45:04,몽골은 제발 도망쳐라,,After Lap,,몽골은 제발 도망쳐라 ,몽골은 제발 도망쳐라,0.2776902914047241,0.22865131497383118,0.09741436690092087,0.13381098210811615,0.10856638848781586,0.15386667847633362
2024-08-25 23:45:04,멕시코에서 체코한테 어뢰 날리면,"카르텔한테 총살 당하냐?
- dc official App",After Lap,,"멕시코에서 체코한테 어뢰 날리면 카르텔한테 총살 당하냐?
- dc official App",멕시코에서 체코한테 어뢰 날리면 카르텔한테 총살 당하냐?,0.34976282715797424,0.19592680037021637,0.10413338243961334,0.14254191517829895,0.12031057476997375,0.08732455968856812
2024-08-25 23:45:17,그냥 맥라렌 <-- 업데이트의 신임,ㅇㅇ,After Lap,,그냥 맥라렌 <-- 업데이트의 신임 ㅇㅇ,그냥 맥라렌 <-- 업데이트의 신임 ㅇㅇ,0.15100815892219543,0.2130100578069687,0.41664111614227295,0.10414044559001923,0.04906173050403595,0.06613852083683014
2024-08-25 23:45:25,스타트좀별로면 어때,"어차피 빠른데
라고 경기시작전에도 생각했지만 이젠 그냥 진짜 빠름 ㄹㅇ",After Lap,,"스타트좀별로면 어때 어차피 빠른데
라고 경기시작전에도 생각했지만 이젠 그냥 진짜 빠름 ㄹㅇ",스타트좀별로면 어때 어차피 빠른데 라고 경기시작전에도 생각했지만 이젠 그냥 진짜 빠름 ㄹㅇ,0.19035033881664276,0.25483438372612,0.26873135566711426,0.10268925130367279,0.10279523581266403,0.08059947192668915
2024-08-25 23:45:29,굳이 요스가 주유소까지 데려다줘야 함?,네덜란드인데 어느 주유소인지 알테니까 제 발로 걸어갔다 오면 되잖음,After Lap,,굳이 요스가 주유소까지 데려다줘야 함? 네덜란드인데 어느 주유소인지 알테니까 제 발로 걸어갔다 오면 되잖음,굳이 요스가 주유소까지 데려다줘야 함? 네덜란드인데 어느 주유소인지 알테니까 제 발로 걸어갔다 오면 되잖음,0.24671019613742828,0.28607749938964844,0.08292655646800995,0.17117664217948914,0.07002205401659012,0.14308705925941467
2024-08-25 23:45:52,이번 경기는 24시즌 경기 중 가장 1-2위 격차가 큼,"22.896초
두 번째로 컸던건 막스 크루징 충격의 개막전 22.457초",After Lap,,"이번 경기는 24시즌 경기 중 가장 1-2위 격차가 큼 22.896초
두 번째로 컸던건 막스 크루징 충격의 개막전 22.457초",이번 경기는 24시즌 경기 중 가장 1-2위 격차가 큼 22.896초 두 번째로 컸던건 막스 크루징 충격의 개막전 22.457초,0.2777158319950104,0.26635968685150146,0.21708911657333374,0.10049121826887131,0.07426389306783676,0.06408021599054337
2024-08-25 23:46:06,막스 존나 시무룩하노 ㅋㅋㅋ,ㅌㅋ,After Lap,,막스 존나 시무룩하노 ㅋㅋㅋ ㅌㅋ,막스 존나 시무룩하노 ㅋㅋㅋ ㅌㅋ,0.15832984447479248,0.33821555972099304,0.1592373102903366,0.14114904403686523,0.0861329659819603,0.11693534255027771
2024-08-25 23:46:07,쿨다운룸에서 막스 르끌 투샷도 ㅈㄴ 오랜만이네,얼마만이냐 저거,After Lap,,쿨다운룸에서 막스 르끌 투샷도 ㅈㄴ 오랜만이네 얼마만이냐 저거,쿨다운룸에서 막스 르끌 투샷도 ㅈㄴ 오랜만이네 얼마만이냐 저거,0.12716728448867798,0.15882694721221924,0.5862594246864319,0.05961291864514351,0.037237949669361115,0.03089548461139202
2024-08-25 23:46:12,막스 시그니쳐 대사 NTR 당함,센스는 역시 노짱 ㅋㅋㅋ,After Lap,,막스 시그니쳐 대사 NTR 당함 센스는 역시 노짱 ㅋㅋㅋ,막스 시그니쳐 대사 NTR 당함 센스는 역시 노짱 ㅋㅋㅋ,0.17798681557178497,0.24571621417999268,0.22455359995365143,0.13348282873630524,0.12336577475070953,0.09489469975233078
2024-08-25 23:46:30,애마 <-- 업데이트의 신임,좆 병 신,After Lap,,애마 <-- 업데이트의 신임 좆 병 신,애마 <-- 업데이트의 신임 좆 병 신,0.18605145812034607,0.19261588156223297,0.12298596650362015,0.30342504382133484,0.062653549015522,0.13226807117462158
2024-08-25 23:46:36,엪붕이들은 못하는거 입갤 ㅋㅋ,,After Lap,,엪붕이들은 못하는거 입갤 ㅋㅋ ,엪붕이들은 못하는거 입갤 ㅋㅋ,0.1439843624830246,0.24036061763763428,0.41533827781677246,0.08748380094766617,0.06100630387663841,0.051826607435941696
2024-08-25 23:46:37,맥라렌 얼마 만에 폴투윈이냐,거의 10년 넘은 거 같은데,After Lap,,맥라렌 얼마 만에 폴투윈이냐 거의 10년 넘은 거 같은데,맥라렌 얼마 만에 폴투윈이냐 거의 10년 넘은 거 같은데,0.31960511207580566,0.2309471219778061,0.19302411377429962,0.09652445465326309,0.11840758472681046,0.04149163141846657
2024-08-25 23:46:37,막스 휠스핀 언급 ㅋㅋㅋㅋ,,After Lap,,막스 휠스핀 언급 ㅋㅋㅋㅋ ,막스 휠스핀 언급 ㅋㅋㅋㅋ,0.21001563966274261,0.21161741018295288,0.3701494038105011,0.11007729172706604,0.05400100722908974,0.0441393107175827
2024-08-25 23:46:40,몬짜에서 이거라도 한번 더 봤으면 하는 티포시들 모여라,맥라렌차 보니까 레이스 우승은 정신나간 소리고,After Lap,,몬짜에서 이거라도 한번 더 봤으면 하는 티포시들 모여라 맥라렌차 보니까 레이스 우승은 정신나간 소리고,몬짜에서 이거라도 한번 더 봤으면 하는 티포시들 모여라 맥라렌차 보니까 레이스 우승은 정신나간 소리고,0.21082526445388794,0.2878170609474182,0.18024654686450958,0.12152248620986938,0.10383276641368866,0.09575594961643219
2024-08-25 23:46:40,그래도 막스 2위면 잘했다...,담 몬자에서는 우승해보자,After Lap,,그래도 막스 2위면 잘했다... 담 몬자에서는 우승해보자,그래도 막스 2위면 잘했다... 담 몬자에서는 우승해보자,0.11422201246023178,0.16980352997779846,0.5288546681404114,0.06443148106336594,0.06253126263618469,0.060157064348459244
2024-08-25 23:46:41,누리스랑 몽골,"화해함??
- dc official App",After Lap,,"누리스랑 몽골 화해함??
- dc official App",누리스랑 몽골 화해함??,0.3101899027824402,0.22406966984272003,0.2376609593629837,0.0866684764623642,0.09251768887042999,0.04889339581131935
2024-08-25 23:46:51,의외로 걸레짝 하드로 막랩 패랩먹은 새끼,고인의 생전 마지막 모습,After Lap,,의외로 걸레짝 하드로 막랩 패랩먹은 새끼 고인의 생전 마지막 모습,의외로 걸레짝 하드로 막랩 패랩먹은 새끼 고인의 생전 마지막 모습,0.2052757441997528,0.15106210112571716,0.1049065962433815,0.2880561649799347,0.0846024826169014,0.16609688103199005
2024-08-25 23:46:52,이새끼 <------ 페라리 그자체면 개추 ㅋㅋ,페라리나 르끌이나 서로 절대못버림 ㅋㅋ,After Lap,,이새끼 <------ 페라리 그자체면 개추 ㅋㅋ 페라리나 르끌이나 서로 절대못버림 ㅋㅋ,이새끼 <------ 페라리 그자체면 개추 ㅋㅋ 페라리나 르끌이나 서로 절대못버림 ㅋㅋ,0.20871351659297943,0.19141146540641785,0.21939431130886078,0.19020943343639374,0.1123330146074295,0.07793822884559631
2024-08-25 23:46:57,피아제 포텐과별개로 ㄹㅇ 타이어관리는 아직별로네,"첫우승도
따라붙으면 준다했는데
팀라디오에서
노리스한테
니가빠른거 증명됐다고 피아제가  못따라붙는다고
징징오지게한것도그렇고
이새키 추월쇼는 ㄹㅇ 아직 ㅈㄴ못함
대체적으로
ㅅㅂ오늘 르끌못딴건 ㄹㅇ충격",After Lap,,"피아제 포텐과별개로 ㄹㅇ 타이어관리는 아직별로네 첫우승도
따라붙으면 준다했는데
팀라디오에서
노리스한테
니가빠른거 증명됐다고 피아제가  못따라붙는다고
징징오지게한것도그렇고
이새키 추월쇼는 ㄹㅇ 아직 ㅈㄴ못함
대체적으로
ㅅㅂ오늘 르끌못딴건 ㄹㅇ충격",피아제 포텐과별개로 ㄹㅇ 타이어관리는 아직별로네 첫우승도 따라붙으면 준다했는데 팀라디오에서 노리스한테 니가빠른거 증명됐다고 피아제가 못따라붙는다고 징징오지게한것도그렇고 이새키 추월쇼는 ㄹㅇ 아직 ㅈㄴ못함 대체적으로 ㅅㅂ오늘 르끌못딴건 ㄹㅇ충격,0.21085864305496216,0.21522830426692963,0.0666460394859314,0.22482718527317047,0.06682158261537552,0.21561825275421143
2024-08-25 23:46:58,"""어 맞아, 오늘은 도박 실패했어""",그치만 다음 경기 도박도 실패할지 형이랑 내기할래?,After Lap,,"""어 맞아, 오늘은 도박 실패했어"" 그치만 다음 경기 도박도 실패할지 형이랑 내기할래?","""어 맞아, 오늘은 도박 실패했어"" 그치만 다음 경기 도박도 실패할지 형이랑 내기할래?",0.21551525592803955,0.26705247163772583,0.12646706402301788,0.13353370130062103,0.12740617990493774,0.13002529740333557
2024-08-25 23:46:57,경기 요약,막스 본인 홈경기에 200번째 그랑프리에서 이걸 찔러버리네,After Lap,,경기 요약 막스 본인 홈경기에 200번째 그랑프리에서 이걸 찔러버리네,경기 요약 막스 본인 홈경기에 200번째 그랑프리에서 이걸 찔러버리네,0.3287443220615387,0.20584256947040558,0.14381848275661469,0.12959574162960052,0.13047218322753906,0.061526693403720856
2024-08-25 23:47:06,왤케 어색하냐,"ㅋㅋ
- dc official App",After Lap,,"왤케 어색하냐 ㅋㅋ
- dc official App",왤케 어색하냐 ㅋㅋ,0.22171519696712494,0.2712191343307495,0.3069283068180084,0.09191072732210159,0.05858738347887993,0.04963929206132889
2024-08-25 23:47:08,캬 르끌 저기 앉아있는거 얼마만에 보냐,ㅋㅋㅋ,After Lap,,캬 르끌 저기 앉아있는거 얼마만에 보냐 ㅋㅋㅋ,캬 르끌 저기 앉아있는거 얼마만에 보냐 ㅋㅋㅋ,0.07124251127243042,0.11922937631607056,0.6979872584342957,0.05240452662110329,0.02539929561316967,0.03373705595731735
2024-08-25 23:47:11,오늘도 잭브라운 문신 늘어나겠노,ㅋㅋㅋㅋ,After Lap,,오늘도 잭브라운 문신 늘어나겠노 ㅋㅋㅋㅋ,오늘도 잭브라운 문신 늘어나겠노 ㅋㅋㅋㅋ,0.13024365901947021,0.18229568004608154,0.46174192428588867,0.11329721659421921,0.0528254508972168,0.05959606170654297
2024-08-25 23:47:13,고로시ㅋㅋㅋㅋㅋㅋㅋㅋㅋㅋㅋ,ㅅㅂ,After Lap,,고로시ㅋㅋㅋㅋㅋㅋㅋㅋㅋㅋㅋ ㅅㅂ,고로시ㅋㅋㅋㅋㅋㅋㅋㅋㅋㅋㅋ ㅅㅂ,0.12769097089767456,0.26977843046188354,0.13553011417388916,0.2688246965408325,0.058494407683610916,0.13968142867088318
2024-08-25 23:47:25,오마이갓ㅋㅋㅋㅋㅋ,ㅋㅋㅋ,After Lap,,오마이갓ㅋㅋㅋㅋㅋ ㅋㅋㅋ,오마이갓ㅋㅋㅋㅋㅋ ㅋㅋㅋ,0.08569315075874329,0.12189307063817978,0.6821230053901672,0.05404740571975708,0.025398273020982742,0.03084511309862137
2024-08-25 23:47:28,토토 맥라렌으로 가고 싶다,날 받아줘,After Lap,,토토 맥라렌으로 가고 싶다 날 받아줘,토토 맥라렌으로 가고 싶다 날 받아줘,0.14522960782051086,0.1968051791191101,0.4178047776222229,0.09454671293497086,0.06055154278874397,0.0850621834397316
2024-08-25 23:47:28,르끌 몽골 3초차 였네,대 라 리,After Lap,,르끌 몽골 3초차 였네 대 라 리,르끌 몽골 3초차 였네 대 라 리,0.26054421067237854,0.29621464014053345,0.15695257484912872,0.10898976773023605,0.10818704962730408,0.06911172717809677
2024-08-25 23:47:37,오마이갓 포 ㅋㅋㅋㅋㅋㅋ,"한코너에서 4명한테 털리는게 신기하긴함 ㅋㅋㅋㅋ
- dc official App",After Lap,,"오마이갓 포 ㅋㅋㅋㅋㅋㅋ 한코너에서 4명한테 털리는게 신기하긴함 ㅋㅋㅋㅋ
- dc official App",오마이갓 포 ㅋㅋㅋㅋㅋㅋ 한코너에서 4명한테 털리는게 신기하긴함 ㅋㅋㅋㅋ,0.28585532307624817,0.21897709369659424,0.28486520051956177,0.08817130327224731,0.08560656011104584,0.036524564027786255
2024-08-25 23:47:39,란도 막스 따는 영상 집중해서 보는중ㅋㅋㅋㅋ,ㅋㅋㅋㅋ,After Lap,,란도 막스 따는 영상 집중해서 보는중ㅋㅋㅋㅋ ㅋㅋㅋㅋ,란도 막스 따는 영상 집중해서 보는중ㅋㅋㅋㅋ ㅋㅋㅋㅋ,0.0688016340136528,0.11878980696201324,0.7018532752990723,0.054651305079460144,0.024606743827462196,0.03129725903272629
2024-08-25 23:47:39,4인 와랄라 감상 ㅋㅋㅋㅋ,,After Lap,,4인 와랄라 감상 ㅋㅋㅋㅋ ,4인 와랄라 감상 ㅋㅋㅋㅋ,0.07226492464542389,0.11291329562664032,0.6885173320770264,0.06168489530682564,0.025213224813342094,0.03940629959106445
2024-08-25 23:47:44,22.896초 차이면 작년 재작년 기준 어떤편임?,저땐 레드불 F0 시절이라고 들었는데,After Lap,,22.896초 차이면 작년 재작년 기준 어떤편임? 저땐 레드불 F0 시절이라고 들었는데,22.896초 차이면 작년 재작년 기준 어떤편임? 저땐 레드불 F0 시절이라고 들었는데,0.34702613949775696,0.21764545142650604,0.18185974657535553,0.10008884221315384,0.09617406874895096,0.05720572546124458
2024-08-25 23:48:04,F1 현재이자 미래끼리 잇는거 웅장하네,니들이 10년 헤쳐먹어라,After Lap,,F1 현재이자 미래끼리 잇는거 웅장하네 니들이 10년 헤쳐먹어라,F1 현재이자 미래끼리 잇는거 웅장하네 니들이 10년 헤쳐먹어라,0.26130950450897217,0.19919879734516144,0.18977607786655426,0.14324010908603668,0.13101351261138916,0.07546200603246689
2024-08-25 23:48:18,오늘이 5월 5일 다음으로 기분좋은날,- dc official App,After Lap,,오늘이 5월 5일 다음으로 기분좋은날 - dc official App,오늘이 5월 5일 다음으로 기분좋은날 - dc official App,0.06450416147708893,0.11592285335063934,0.6910109519958496,0.0607159286737442,0.02417651005089283,0.04366963356733322
2024-08-25 23:48:19,그로장 두 방만 맞으면 ㅈㄴ 재밌을텐데,누가 좀 박아봐,After Lap,,그로장 두 방만 맞으면 ㅈㄴ 재밌을텐데 누가 좀 박아봐,그로장 두 방만 맞으면 ㅈㄴ 재밌을텐데 누가 좀 박아봐,0.20825451612472534,0.20671217143535614,0.33281368017196655,0.10154670476913452,0.08501997590065002,0.06565291434526443
2024-08-25 23:48:29,르끌레가 언더컷 잘함,- dc official App,After Lap,,르끌레가 언더컷 잘함 - dc official App,르끌레가 언더컷 잘함 - dc official App,0.10826107114553452,0.1378033608198166,0.6283466219902039,0.055861346423625946,0.03426595404744148,0.03546162322163582
2024-08-25 23:48:33,아 차빨챔 ㅡㅡ,"몽골선생님 차빨 다떨어져버린 w w w
- dc official App",After Lap,,"아 차빨챔 ㅡㅡ 몽골선생님 차빨 다떨어져버린 w w w
- dc official App",아 차빨챔 ㅡㅡ 몽골선생님 차빨 다떨어져버린 w w w,0.09881939738988876,0.27658215165138245,0.1275944858789444,0.22673939168453217,0.05173131451010704,0.21853333711624146
2024-08-25 23:48:43,옐로플랙 한번도 안나오고 전원완주 아님?,이렇게 깔끔한거 처음 보는거 같은데,After Lap,,옐로플랙 한번도 안나오고 전원완주 아님? 이렇게 깔끔한거 처음 보는거 같은데,옐로플랙 한번도 안나오고 전원완주 아님? 이렇게 깔끔한거 처음 보는거 같은데,0.22535963356494904,0.2082885503768921,0.3626948297023773,0.07673928141593933,0.08461646735668182,0.042301155626773834
2024-08-25 23:48:44,요즘보면 19루키 삼인방중에 쥬지가 젤 몬하는거같음,"똥차마스터일때는 이새끼가 삼인방 원탑인줄 알았는데
요즘 보면 노리스나 알본한테 안되는거같음",After Lap,,"요즘보면 19루키 삼인방중에 쥬지가 젤 몬하는거같음 똥차마스터일때는 이새끼가 삼인방 원탑인줄 알았는데
요즘 보면 노리스나 알본한테 안되는거같음",요즘보면 19루키 삼인방중에 쥬지가 젤 몬하는거같음 똥차마스터일때는 이새끼가 삼인방 원탑인줄 알았는데 요즘 보면 노리스나 알본한테 안되는거같음,0.2983592450618744,0.2236810177564621,0.07200030237436295,0.16876107454299927,0.10725603252649307,0.12994229793548584
2024-08-25 23:48:47,엪 국 가,(원조),After Lap,,엪 국 가 (원조),엪 국 가 (원조),0.13666290044784546,0.17298996448516846,0.5241053700447083,0.07830405235290527,0.036827053874731064,0.05111066251993179
2024-08-25 23:48:51,페라리는 사인츠 몬자우승만하면된다,그거만 우승하고 좆박아도 용서됨,After Lap,,페라리는 사인츠 몬자우승만하면된다 그거만 우승하고 좆박아도 용서됨,페라리는 사인츠 몬자우승만하면된다 그거만 우승하고 좆박아도 용서됨,0.2323591113090515,0.1949172019958496,0.15435245633125305,0.1815473884344101,0.10473135858774185,0.1320924609899521
2024-08-25 23:48:54,또 또 그 나라야 시발 ㅋㅋㅋㅋ,ㅋㅋ,After Lap,,또 또 그 나라야 시발 ㅋㅋㅋㅋ ㅋㅋ,또 또 그 나라야 시발 ㅋㅋㅋㅋ ㅋㅋ,0.14103998243808746,0.17244784533977509,0.1183864176273346,0.32982635498046875,0.06915847212076187,0.16914087533950806
2024-08-25 23:48:55,몽골 레드불 똥차되서 현타왔노 ㅋㅋㅋ,,After Lap,,몽골 레드불 똥차되서 현타왔노 ㅋㅋㅋ ,몽골 레드불 똥차되서 현타왔노 ㅋㅋㅋ,0.14961908757686615,0.3266036808490753,0.12118618190288544,0.1679789274930954,0.0883331224322319,0.14627893269062042
2024-08-25 23:48:59,원조 엪국가 등장,.,After Lap,,원조 엪국가 등장 .,원조 엪국가 등장 .,0.18874214589595795,0.1731167733669281,0.46882182359695435,0.07240837812423706,0.06200506538152695,0.0349058136343956
2024-08-25 23:49:00,엪국가 바뀌나 ㅋㅋㅋㅋㅋㅋㅋㅋㅋㅋ,,After Lap,,엪국가 바뀌나 ㅋㅋㅋㅋㅋㅋㅋㅋㅋㅋ ,엪국가 바뀌나 ㅋㅋㅋㅋㅋㅋㅋㅋㅋㅋ,0.1758161336183548,0.19315551221370697,0.4696701169013977,0.07288112491369247,0.047654908150434494,0.040822215378284454
2024-08-25 23:49:01,갓 세이브 더 킹ㅋㅋㅋ,,After Lap,,갓 세이브 더 킹ㅋㅋㅋ ,갓 세이브 더 킹ㅋㅋㅋ,0.06119457259774208,0.11334787309169769,0.7075883150100708,0.055977266281843185,0.023975515738129616,0.037916410714387894
2024-08-25 23:49:02,대영제국 ㄷㄷ,ㄷㄷ,After Lap,,대영제국 ㄷㄷ ㄷㄷ,대영제국 ㄷㄷ ㄷㄷ,0.32530659437179565,0.20338106155395508,0.22071382403373718,0.10407687723636627,0.10022477805614471,0.046296827495098114
2024-08-25 23:49:03,원조 엪국가 입갤,하지만 드라이버가 다른,After Lap,,원조 엪국가 입갤 하지만 드라이버가 다른,원조 엪국가 입갤 하지만 드라이버가 다른,0.3219522535800934,0.2488463819026947,0.20988310873508453,0.09149938076734543,0.08000568300485611,0.04781327024102211
2024-08-25 23:49:03,갓 세이브 더 킹 입갤 ㅋㅋㅋ,,After Lap,,갓 세이브 더 킹 입갤 ㅋㅋㅋ ,갓 세이브 더 킹 입갤 ㅋㅋㅋ,0.06783197075128555,0.1016349121928215,0.7147892117500305,0.05475473776459694,0.02674523927271366,0.034244026988744736
2024-08-25 23:49:04,[공식] 찰르 르끌럭은 몬차에서 대형 업데이트와 함께 복귀 예정,,After Lap,,[공식] 찰르 르끌럭은 몬차에서 대형 업데이트와 함께 복귀 예정 ,[공식] 찰르 르끌럭은 몬차에서 대형 업데이트와 함께 복귀 예정,0.14732655882835388,0.1827438473701477,0.5052699446678162,0.07455898821353912,0.042019400745630264,0.048081208020448685
2024-08-25 23:49:09,역사와 전통의 엪국가 입갤ㅋㅋㅋㅋㅋ,역시 엪국가는 영국이지 ㅋㅋㅋㅋㅋㅋㅋ,After Lap,,역사와 전통의 엪국가 입갤ㅋㅋㅋㅋㅋ 역시 엪국가는 영국이지 ㅋㅋㅋㅋㅋㅋㅋ,역사와 전통의 엪국가 입갤ㅋㅋㅋㅋㅋ 역시 엪국가는 영국이지 ㅋㅋㅋㅋㅋㅋㅋ,0.08349680155515671,0.11927009373903275,0.6769436001777649,0.058972474187612534,0.030144551768898964,0.03117251768708229
2024-08-25 23:49:09,엪국가(진),ㅇㅇ,After Lap,,엪국가(진) ㅇㅇ,엪국가(진) ㅇㅇ,0.08584094792604446,0.12744194269180298,0.6592746376991272,0.06122669577598572,0.027672752737998962,0.038543008267879486
2024-08-25 23:49:08,고향집 엪국가 입갤,ㅋㅋㅋㅋ,After Lap,,고향집 엪국가 입갤 ㅋㅋㅋㅋ,고향집 엪국가 입갤 ㅋㅋㅋㅋ,0.07437357306480408,0.10996049642562866,0.6999817490577698,0.054692018777132034,0.027975354343652725,0.03301675617694855
2024-08-25 23:49:13,국가 오랜만에 하나만 나오네 ㅋㅋ,ㅋㅋㅋ,After Lap,,국가 오랜만에 하나만 나오네 ㅋㅋ ㅋㅋㅋ,국가 오랜만에 하나만 나오네 ㅋㅋ ㅋㅋㅋ,0.07128898054361343,0.1213151291012764,0.6908454298973083,0.056716106832027435,0.02458219602704048,0.03525210916996002
2024-08-25 23:49:15,원조 엪국가 입갤ㅋㅋㅋ,ㅋㅋㅋ,After Lap,,원조 엪국가 입갤ㅋㅋㅋ ㅋㅋㅋ,원조 엪국가 입갤ㅋㅋㅋ ㅋㅋㅋ,0.08281631022691727,0.11184699833393097,0.6917102932929993,0.056535445153713226,0.026361748576164246,0.030729137361049652
2024-08-25 23:49:16,야밀턴시절 엪국가 다시 나오네,??,After Lap,,야밀턴시절 엪국가 다시 나오네 ??,야밀턴시절 엪국가 다시 나오네 ??,0.2587711215019226,0.22834864258766174,0.3258395791053772,0.07728038728237152,0.07515653967857361,0.034603703767061234
2024-08-25 23:49:12,크아아아아악,씨발 좆같네,After Lap,,크아아아아악 씨발 좆같네,크아아아아악 씨발 좆같네,0.10631872713565826,0.1923093944787979,0.15365363657474518,0.2901167571544647,0.040185559540987015,0.2174159735441208
2024-08-25 23:49:21,근데 이번 스타트로 노리스까는건 ㄹㅇ 억까 아니냐??,"저번에는 노리스가 판단 ㅈ박은게 맞는데
이번에는 캐로가 분명히 말했잖냐
스타트는 막스나 노리스나 같이 출발했는데
기어 변경 후 가속하는게 레드불이 압도적이라고 ㅋㅋ
이번에 스타트 따인거는 드라이버탓이 아니라 ㄹㅇ 차탓인데
스타트따인거는 드라이버인 노리스탓,
결국 1위자리 되찾아 우승한거는 차빨덕 이러는게 개웃기네 ㅋㅋ
- dc official App",After Lap,,"근데 이번 스타트로 노리스까는건 ㄹㅇ 억까 아니냐?? 저번에는 노리스가 판단 ㅈ박은게 맞는데
이번에는 캐로가 분명히 말했잖냐
스타트는 막스나 노리스나 같이 출발했는데
기어 변경 후 가속하는게 레드불이 압도적이라고 ㅋㅋ
이번에 스타트 따인거는 드라이버탓이 아니라 ㄹㅇ 차탓인데
스타트따인거는 드라이버인 노리스탓,
결국 1위자리 되찾아 우승한거는 차빨덕 이러는게 개웃기네 ㅋㅋ
- dc official App","근데 이번 스타트로 노리스까는건 ㄹㅇ 억까 아니냐?? 저번에는 노리스가 판단 ㅈ박은게 맞는데 이번에는 캐로가 분명히 말했잖냐 스타트는 막스나 노리스나 같이 출발했는데 기어 변경 후 가속하는게 레드불이 압도적이라고 ㅋㅋ 이번에 스타트 따인거는 드라이버탓이 아니라 ㄹㅇ 차탓인데 스타트따인거는 드라이버인 노리스탓, 결국 1위자리 되찾아 우승한거는 차빨덕 이러는게 개웃기네 ㅋㅋ",0.24617360532283783,0.2100934535264969,0.07170864939689636,0.22688092291355133,0.0696992427110672,0.17544415593147278
2024-08-25 23:49:23,원조 엪국가의 맛,ㅋㅋ,After Lap,,원조 엪국가의 맛 ㅋㅋ,원조 엪국가의 맛 ㅋㅋ,0.0635775551199913,0.11600873619318008,0.7006946802139282,0.05468543991446495,0.025011416524648666,0.0400221087038517
2024-08-25 23:49:26,PTSD 오는데 ㅅㅂㅋㅋㅋㅋㅋㅋㅋ,"강점기 끝난거...맞지?
- dc official App",After Lap,,"PTSD 오는데 ㅅㅂㅋㅋㅋㅋㅋㅋㅋ 강점기 끝난거...맞지?
- dc official App",PTSD 오는데 ㅅㅂㅋㅋㅋㅋㅋㅋㅋ 강점기 끝난거...맞지?,0.12958364188671112,0.20879875123500824,0.11040753871202469,0.26711487770080566,0.07045719027519226,0.21363799273967743
2024-08-25 23:49:41,영국국가가 이제 질리네.,"메르, 맥 번갈아 우승하니 영국국가만 나오네 ㅋㅋ
- dc official App",After Lap,,"영국국가가 이제 질리네. 메르, 맥 번갈아 우승하니 영국국가만 나오네 ㅋㅋ
- dc official App","영국국가가 이제 질리네. 메르, 맥 번갈아 우승하니 영국국가만 나오네 ㅋㅋ",0.14894558489322662,0.29199352860450745,0.13839028775691986,0.19947294890880585,0.07402731478214264,0.147170290350914
2024-08-25 23:49:45,시발 이걸 이번년도에만 5번을 듣네,"기 습 오 열
- ORACLE RED BULL RACING RB20",After Lap,,"시발 이걸 이번년도에만 5번을 듣네 기 습 오 열
- ORACLE RED BULL RACING RB20",시발 이걸 이번년도에만 5번을 듣네 기 습 오 열 - ORACLE RED BULL RACING RB20,0.10216754674911499,0.21447241306304932,0.16800491511821747,0.28621700406074524,0.04588482901453972,0.18325327336788177
2024-08-25 23:49:46,다시 대영제국이 지배하노 ㅋㅋㅋㅋㅋ,ㅋㅋㅋㅋ,After Lap,,다시 대영제국이 지배하노 ㅋㅋㅋㅋㅋ ㅋㅋㅋㅋ,다시 대영제국이 지배하노 ㅋㅋㅋㅋㅋ ㅋㅋㅋㅋ,0.08944378048181534,0.14833113551139832,0.5945256948471069,0.08386349678039551,0.03500934690237045,0.04882662743330002
2024-08-25 23:49:44,피아스트리가 아무리 실망스러워도 오늘 JOAT는,"러셀인듯
누가 타이어에 기름 뿌린듯 페이스 좆망해서 상위권중에 혼자 2스탑 박고 멸망",After Lap,,"피아스트리가 아무리 실망스러워도 오늘 JOAT는 러셀인듯
누가 타이어에 기름 뿌린듯 페이스 좆망해서 상위권중에 혼자 2스탑 박고 멸망",피아스트리가 아무리 실망스러워도 오늘 JOAT는 러셀인듯 누가 타이어에 기름 뿌린듯 페이스 좆망해서 상위권중에 혼자 2스탑 박고 멸망,0.26175230741500854,0.26629626750946045,0.06835068017244339,0.16088449954986572,0.10506486892700195,0.1376514434814453
2024-08-25 23:49:52,컨챔 따잇함?,아직 좀 남았나?,After Lap,,컨챔 따잇함? 아직 좀 남았나?,컨챔 따잇함? 아직 좀 남았나?,0.26602500677108765,0.21851536631584167,0.31007295846939087,0.07968904823064804,0.0745280385017395,0.05116959288716316
2024-08-25 23:49:51,레드불 차 좆망한거보니 기분이 좋구나,ㅋㅋ,After Lap,,레드불 차 좆망한거보니 기분이 좋구나 ㅋㅋ,레드불 차 좆망한거보니 기분이 좋구나 ㅋㅋ,0.06892208009958267,0.14629290997982025,0.5717588663101196,0.10141266137361526,0.0314038060605526,0.08020975440740585
2024-08-25 23:49:52,머고 엪갤 보고 있었냐 ㅋㅋ,ㅋㅋ,After Lap,,머고 엪갤 보고 있었냐 ㅋㅋ ㅋㅋ,머고 엪갤 보고 있었냐 ㅋㅋ ㅋㅋ,0.20368987321853638,0.23662038147449493,0.38625630736351013,0.07712338119745255,0.05895404890179634,0.03735605999827385
2024-08-25 23:49:57,독일국가 같이 안나오니까 개어색하네,빨리틀어봐,After Lap,,독일국가 같이 안나오니까 개어색하네 빨리틀어봐,독일국가 같이 안나오니까 개어색하네 빨리틀어봐,0.2022344022989273,0.33310839533805847,0.1868339329957962,0.112833671271801,0.06925000250339508,0.09573964029550552
2024-08-25 23:49:57,오늘 뱅크 5대 달리는게 제일 간지났음,알본은 위험했다고 지랄했지만 개간지남,After Lap,,오늘 뱅크 5대 달리는게 제일 간지났음 알본은 위험했다고 지랄했지만 개간지남,오늘 뱅크 5대 달리는게 제일 간지났음 알본은 위험했다고 지랄했지만 개간지남,0.11135371029376984,0.1568966954946518,0.5834885835647583,0.06807566434144974,0.04362555220723152,0.036559849977493286
2024-08-25 23:49:57,해밀턴 우승 맞죠? 영국 국가가 들리는데,,After Lap,,해밀턴 우승 맞죠? 영국 국가가 들리는데 ,해밀턴 우승 맞죠? 영국 국가가 들리는데,0.28042563796043396,0.21587523818016052,0.3012255132198334,0.07912128418684006,0.08103905618190765,0.04231325536966324
2024-08-25 23:50:03,트로피 잘깨지게 생겼는데ㅋㅋㅋㅋ,,After Lap,,트로피 잘깨지게 생겼는데ㅋㅋㅋㅋ ,트로피 잘깨지게 생겼는데ㅋㅋㅋㅋ,0.28255695104599,0.243820458650589,0.20299078524112701,0.1149919256567955,0.10853663831949234,0.04710325598716736
2024-08-25 23:50:13,근데 트로피 ㄹㅇ 좆구리다,로비 윌리엄스가 디자인 했다는데,After Lap,,근데 트로피 ㄹㅇ 좆구리다 로비 윌리엄스가 디자인 했다는데,근데 트로피 ㄹㅇ 좆구리다 로비 윌리엄스가 디자인 했다는데,0.2355426400899887,0.25781989097595215,0.08346357941627502,0.19826863706111908,0.06353244930505753,0.1613728255033493
2024-08-25 23:50:18,포디움 옆에,포디움 세개 옆에 단상? 하나더 있는데 그거 뭐임 르클레르 옆에,After Lap,,포디움 옆에 포디움 세개 옆에 단상? 하나더 있는데 그거 뭐임 르클레르 옆에,포디움 옆에 포디움 세개 옆에 단상? 하나더 있는데 그거 뭐임 르클레르 옆에,0.272305965423584,0.23724789917469025,0.25756433606147766,0.104035884141922,0.05629967898130417,0.07254625856876373
2024-08-25 23:50:19,막스 존나 언짢겠네,옆에서 보기 좆같을듯ㅋㅋ,After Lap,,막스 존나 언짢겠네 옆에서 보기 좆같을듯ㅋㅋ,막스 존나 언짢겠네 옆에서 보기 좆같을듯ㅋㅋ,0.2141595482826233,0.2307116985321045,0.08579175919294357,0.2258986085653305,0.10370957851409912,0.13972879946231842
2024-08-25 23:50:22,저 트로피는 잘 깨짐?,그럼 몽골이 복수 가능하지 않음?,After Lap,,저 트로피는 잘 깨짐? 그럼 몽골이 복수 가능하지 않음?,저 트로피는 잘 깨짐? 그럼 몽골이 복수 가능하지 않음?,0.3571823239326477,0.20857878029346466,0.14905263483524323,0.10515627264976501,0.10336884111166,0.0766611322760582
2024-08-25 23:50:24,막스야 니가 깨먹어보자,"리벤지 ㄱㄱㅋㅋ
- ORACLE RED BULL RACING RB20",After Lap,,"막스야 니가 깨먹어보자 리벤지 ㄱㄱㅋㅋ
- ORACLE RED BULL RACING RB20",막스야 니가 깨먹어보자 리벤지 ㄱㄱㅋㅋ - ORACLE RED BULL RACING RB20,0.13523823022842407,0.1499311774969101,0.5574852824211121,0.07734012603759766,0.041952889412641525,0.03805232048034668
2024-08-25 23:50:24,유럽 쪽바리 개병신 나라 ㅋㅋㅋ,대좆쪽국,After Lap,,유럽 쪽바리 개병신 나라 ㅋㅋㅋ 대좆쪽국,유럽 쪽바리 개병신 나라 ㅋㅋㅋ 대좆쪽국,0.14089569449424744,0.1593431830406189,0.16022007167339325,0.316991925239563,0.06176605075597763,0.160783052444458
2024-08-25 23:50:26,고려청자를 주노 와...,ㅋㅋㅋㅋ,After Lap,,고려청자를 주노 와... ㅋㅋㅋㅋ,고려청자를 주노 와... ㅋㅋㅋㅋ,0.1911667436361313,0.19747544825077057,0.4438875913619995,0.07379350066184998,0.06043485924601555,0.03324183449149132
2024-08-25 23:50:29,저거 불안한데,,After Lap,,저거 불안한데 ,저거 불안한데,0.3299367427825928,0.23298636078834534,0.1631423979997635,0.1048489585518837,0.08818939328193665,0.08089616894721985
2024-08-25 23:50:39,르끌레 저 새낀 비율도 좋네?,우승빼곤 다 가졌구나 진짜,After Lap,,르끌레 저 새낀 비율도 좋네? 우승빼곤 다 가졌구나 진짜,르끌레 저 새낀 비율도 좋네? 우승빼곤 다 가졌구나 진짜,0.29321208596229553,0.17926953732967377,0.20563124120235443,0.13376358151435852,0.1338518112897873,0.05427176505327225
2024-08-25 23:50:39,컨챔은 맥라렌이 정배냐,"지금 차보면 컨챔은 확정같은데
- dc official App",After Lap,,"컨챔은 맥라렌이 정배냐 지금 차보면 컨챔은 확정같은데
- dc official App",컨챔은 맥라렌이 정배냐 지금 차보면 컨챔은 확정같은데,0.36335933208465576,0.23058296740055084,0.13632848858833313,0.10780943930149078,0.09110821783542633,0.07081151753664017
2024-08-25 23:50:41,내년에는 저거에다가 이탈리아 국가도 같이 나옴,기억해두셈,After Lap,,내년에는 저거에다가 이탈리아 국가도 같이 나옴 기억해두셈,내년에는 저거에다가 이탈리아 국가도 같이 나옴 기억해두셈,0.1627110242843628,0.1917765587568283,0.46191921830177307,0.07739164680242538,0.058053985238075256,0.04814756661653519
2024-08-25 23:50:46,막스 좆집 입갤ㅋㅋㅋ,ㅋ,After Lap,,막스 좆집 입갤ㅋㅋㅋ ㅋ,막스 좆집 입갤ㅋㅋㅋ ㅋ,0.0927344337105751,0.13543422520160675,0.6365689635276794,0.07072737067937851,0.030312804505228996,0.03422220051288605
2024-08-25 23:50:48,왜 깨먹을거 같냐,,After Lap,,왜 깨먹을거 같냐 ,왜 깨먹을거 같냐,0.3263820707798004,0.23524563014507294,0.15572738647460938,0.100821353495121,0.1191171184182167,0.06270644068717957
2024-08-25 23:50:49,트로피 무슨 아테네 박물관에서 갖고온거같노 ㅋㅋㅋㅋ,ㅋㅋㅋ,After Lap,,트로피 무슨 아테네 박물관에서 갖고온거같노 ㅋㅋㅋㅋ ㅋㅋㅋ,트로피 무슨 아테네 박물관에서 갖고온거같노 ㅋㅋㅋㅋ ㅋㅋㅋ,0.2708396911621094,0.2656986713409424,0.1838422417640686,0.1310376673936844,0.08918502181768417,0.05939672887325287
2024-08-25 23:50:50,영국 국가 들리자마자 메르강점기 PTSD 온 엪붕이면 개추,일단 나부터,After Lap,,영국 국가 들리자마자 메르강점기 PTSD 온 엪붕이면 개추 일단 나부터,영국 국가 들리자마자 메르강점기 PTSD 온 엪붕이면 개추 일단 나부터,0.20682860910892487,0.2801385223865509,0.18744687736034393,0.11652108281850815,0.11360315978527069,0.0954616516828537
2024-08-25 23:50:47,자기 트로피는 부숴도 합법 아님?,,After Lap,,자기 트로피는 부숴도 합법 아님? ,자기 트로피는 부숴도 합법 아님?,0.2894461452960968,0.23969896137714386,0.08829189836978912,0.18195727467536926,0.08127840608358383,0.11932728439569473
2024-08-25 23:50:48,걸레입갤 ㅋㅋㅋ,,After Lap,,걸레입갤 ㅋㅋㅋ ,걸레입갤 ㅋㅋㅋ,0.182301327586174,0.23661446571350098,0.3166474997997284,0.14551591873168945,0.06354762613773346,0.05537322163581848
2024-08-25 23:50:54,하반기에도 머신 업뎃 남음??,ㅇㅇ,After Lap,,하반기에도 머신 업뎃 남음?? ㅇㅇ,하반기에도 머신 업뎃 남음?? ㅇㅇ,0.32234153151512146,0.23810000717639923,0.18281832337379456,0.09404712915420532,0.08966724574565887,0.07302579283714294
2024-08-25 23:50:55,반다이크 뭐노 ㅋㅋ,ㅋㅋ,After Lap,,반다이크 뭐노 ㅋㅋ ㅋㅋ,반다이크 뭐노 ㅋㅋ ㅋㅋ,0.30568963289260864,0.27163824439048767,0.1790507584810257,0.10710388422012329,0.07807715237140656,0.05844031646847725
2024-08-25 23:50:57,컨스트럭터 트로피가 제일 멋있노,ㅋㅋ,After Lap,,컨스트럭터 트로피가 제일 멋있노 ㅋㅋ,컨스트럭터 트로피가 제일 멋있노 ㅋㅋ,0.11547644436359406,0.15849669277668,0.5894820094108582,0.06297832727432251,0.03998295217752457,0.033583588898181915
2024-08-25 23:50:54,콧구멍 ㅈㄴ작네ㅋㅋㅋㅅㅂ,,After Lap,,콧구멍 ㅈㄴ작네ㅋㅋㅋㅅㅂ ,콧구멍 ㅈㄴ작네ㅋㅋㅋㅅㅂ,0.13426056504249573,0.22618786990642548,0.1060786023736,0.3131211996078491,0.053747791796922684,0.16660398244857788
2024-08-25 23:50:59,백백마커,,After Lap,,백백마커 ,백백마커,0.1307910680770874,0.14912579953670502,0.5516462922096252,0.0901314914226532,0.03359313681721687,0.04471223056316376
2024-08-25 23:51:01,12년만에 챔피언 경쟁이라 행복한 맥붕이들 개추 ㅋㅋ,"Now, We can fight!!!!!!!!!",After Lap,,"12년만에 챔피언 경쟁이라 행복한 맥붕이들 개추 ㅋㅋ Now, We can fight!!!!!!!!!","12년만에 챔피언 경쟁이라 행복한 맥붕이들 개추 ㅋㅋ Now, We can fight!!!!!!!!!",0.06017029285430908,0.11318450421094894,0.7034475803375244,0.056392036378383636,0.026192663237452507,0.04061298817396164
2024-08-25 23:51:03,피아스트리 타이어 관리도 관리인데,"서킷별로 좀 차이가 많이 나는듯…
- dc official App",After Lap,,"피아스트리 타이어 관리도 관리인데 서킷별로 좀 차이가 많이 나는듯…
- dc official App",피아스트리 타이어 관리도 관리인데 서킷별로 좀 차이가 많이 나는듯…,0.22406168282032013,0.3315470218658447,0.12993566691875458,0.12454340606927872,0.046874262392520905,0.14303790032863617
2024-08-25 23:51:04,영국인이 우승했는데 왜 이거 안나요죠?,"https://www.youtube.com/watch?v=ADMBnmgN2aQ
포디엄에서 영국국가 나오면 경이 우승한거 아닌가요?",After Lap,,"영국인이 우승했는데 왜 이거 안나요죠? https://www.youtube.com/watch?v=ADMBnmgN2aQ
포디엄에서 영국국가 나오면 경이 우승한거 아닌가요?",영국인이 우승했는데 왜 이거 안나요죠? 포디엄에서 영국국가 나오면 경이 우승한거 아닌가요?,0.16966612637043,0.34658190608024597,0.1268174946308136,0.15569210052490234,0.04355573654174805,0.15768665075302124
2024-08-25 23:51:04,크비얏 전처 입갤 ㅋㅋㅋㅋㅋㅋ,,After Lap,,크비얏 전처 입갤 ㅋㅋㅋㅋㅋㅋ ,크비얏 전처 입갤 ㅋㅋㅋㅋㅋㅋ,0.09019910544157028,0.12941090762615204,0.6545418500900269,0.06234318017959595,0.031472012400627136,0.03203290328383446
2024-08-25 23:51:12,포디움 안치네ㅋㅋㅋㅋㅋㅋ,ㅋㅋㅋ,After Lap,,포디움 안치네ㅋㅋㅋㅋㅋㅋ ㅋㅋㅋ,포디움 안치네ㅋㅋㅋㅋㅋㅋ ㅋㅋㅋ,0.15996283292770386,0.3769002854824066,0.1603068858385086,0.1419515311717987,0.062062814831733704,0.0988156646490097
2024-08-25 23:51:18,몽골은 혼자 밖에 뿌리노 ㅋㅋㅋㅋ,ㅋㅋ,After Lap,,몽골은 혼자 밖에 뿌리노 ㅋㅋㅋㅋ ㅋㅋ,몽골은 혼자 밖에 뿌리노 ㅋㅋㅋㅋ ㅋㅋ,0.22215184569358826,0.3264435827732086,0.13120532035827637,0.14823201298713684,0.09166541695594788,0.08030177652835846
2024-08-25 23:51:16,포디움 안 침 ㅋㅋㅋㅋㅋ,,After Lap,,포디움 안 침 ㅋㅋㅋㅋㅋ ,포디움 안 침 ㅋㅋㅋㅋㅋ,0.16312219202518463,0.2100241482257843,0.37123334407806396,0.1379600465297699,0.047720812261104584,0.06993936002254486
2024-08-25 23:51:19,막스는 뭐 혼자 저따 뿌리노 ㅋㅋㅋㅋㅋㅋ,,After Lap,,막스는 뭐 혼자 저따 뿌리노 ㅋㅋㅋㅋㅋㅋ ,막스는 뭐 혼자 저따 뿌리노 ㅋㅋㅋㅋㅋㅋ,0.22994302213191986,0.27741268277168274,0.12480675429105759,0.18265114724636078,0.10438282787799835,0.08080350607633591
2024-08-25 23:51:21,버짓캡<-갑자기 역겨워진 몽골견이면 개추 ㅋㅋ,업데이트 경쟁 보고싶다노~ 버짓캡은 애들 장난이라노,After Lap,,버짓캡<-갑자기 역겨워진 몽골견이면 개추 ㅋㅋ 업데이트 경쟁 보고싶다노~ 버짓캡은 애들 장난이라노,버짓캡<-갑자기 역겨워진 몽골견이면 개추 ㅋㅋ 업데이트 경쟁 보고싶다노~ 버짓캡은 애들 장난이라노,0.16441306471824646,0.2143426537513733,0.14566196501255035,0.26006194949150085,0.09583117067813873,0.1196892186999321
2024-08-25 23:51:21,몽골 혼자 어데 뿌리노 ㅋㅋㅋㅋ,ㅋㅋㅋ,After Lap,,몽골 혼자 어데 뿌리노 ㅋㅋㅋㅋ ㅋㅋㅋ,몽골 혼자 어데 뿌리노 ㅋㅋㅋㅋ ㅋㅋㅋ,0.24010269343852997,0.30532440543174744,0.16524136066436768,0.13801410794258118,0.08866353332996368,0.06265383213758469
2024-08-25 23:51:21,노리스 시그니처 무브 ㅋㅋ,ㅋㅋ,After Lap,,노리스 시그니처 무브 ㅋㅋ ㅋㅋ,노리스 시그니처 무브 ㅋㅋ ㅋㅋ,0.07064496725797653,0.10934509336948395,0.7055658102035522,0.05785229057073593,0.02311922237277031,0.03347260504961014
2024-08-25 23:51:23,올드 엪갤럼들 긴장해라,오늘 맥라렌 꼬라지 보니까 가사만 퀸에서 킹으로 바뀐거 빼면 한동안 저 노래 계속 다시 들어야됨ㅋㅋㅋㅋㅋ,After Lap,,올드 엪갤럼들 긴장해라 오늘 맥라렌 꼬라지 보니까 가사만 퀸에서 킹으로 바뀐거 빼면 한동안 저 노래 계속 다시 들어야됨ㅋㅋㅋㅋㅋ,올드 엪갤럼들 긴장해라 오늘 맥라렌 꼬라지 보니까 가사만 퀸에서 킹으로 바뀐거 빼면 한동안 저 노래 계속 다시 들어야됨ㅋㅋㅋㅋㅋ,0.22156615555286407,0.22756551206111908,0.16350862383842468,0.15179607272148132,0.14565593004226685,0.08990772813558578
2024-08-25 23:51:26,시바 노리스 바리에이션이노,"하필 여기노 ㅅㅂㅋㅋ
- ORACLE RED BULL RACING RB20",After Lap,,"시바 노리스 바리에이션이노 하필 여기노 ㅅㅂㅋㅋ
- ORACLE RED BULL RACING RB20",시바 노리스 바리에이션이노 하필 여기노 ㅅㅂㅋㅋ - ORACLE RED BULL RACING RB20,0.1113368421792984,0.25969475507736206,0.1438470333814621,0.26489534974098206,0.05279502272605896,0.1674310266971588
2024-08-25 23:51:27,막스는 혼자 어디뿌림?,,After Lap,,막스는 혼자 어디뿌림? ,막스는 혼자 어디뿌림?,0.29569536447525024,0.29143026471138,0.10443276166915894,0.12951259315013885,0.08415345847606659,0.09477552026510239
2024-08-25 23:51:34,우는거야 뭐야 ㅋㅋ,,After Lap,,우는거야 뭐야 ㅋㅋ ,우는거야 뭐야 ㅋㅋ,0.2191253900527954,0.3110359311103821,0.19648981094360352,0.1270260065793991,0.08270112425088882,0.06362175196409225
2024-08-25 23:51:35,내일 월요일이라 기분 몽골된 엪붕이면 개추,"ㅇ ㅇㄷ ㄴㅂㅌ
- dc official App",After Lap,,"내일 월요일이라 기분 몽골된 엪붕이면 개추 ㅇ ㅇㄷ ㄴㅂㅌ
- dc official App",내일 월요일이라 기분 몽골된 엪붕이면 개추 ㅇ ㅇㄷ ㄴㅂㅌ,0.0631759837269783,0.11372628062963486,0.6993585228919983,0.06008483096957207,0.024465326219797134,0.03918910026550293
2024-08-25 23:51:38,노리스 좋아죽노 ㅋㅋ,,After Lap,,노리스 좋아죽노 ㅋㅋ ,노리스 좋아죽노 ㅋㅋ,0.09639821946620941,0.13165660202503204,0.6345168352127075,0.06635197252035141,0.03127145394682884,0.03980492427945137
2024-08-25 23:51:41,막무룩.,"...
- dc official App",After Lap,,"막무룩. ...
- dc official App",막무룩. ...,0.11824602633714676,0.25006362795829773,0.4218254089355469,0.09528239071369171,0.04291777312755585,0.07166476547718048
2024-08-25 23:51:56,저새기 눈에 들어갔노 ㅋㅋㅋ,ㅋㅋㅋ,After Lap,,저새기 눈에 들어갔노 ㅋㅋㅋ ㅋㅋㅋ,저새기 눈에 들어갔노 ㅋㅋㅋ ㅋㅋㅋ,0.16415180265903473,0.19570182263851166,0.4564710259437561,0.0925552174448967,0.05387507379055023,0.037245072424411774
2024-08-25 23:51:55,눈 개따갑겠다 ㅋㅋㅋ,- dc official App,After Lap,,눈 개따갑겠다 ㅋㅋㅋ - dc official App,눈 개따갑겠다 ㅋㅋㅋ - dc official App,0.20186755061149597,0.3033946752548218,0.1886201649904251,0.14171051979064941,0.08838894963264465,0.07601818442344666
2024-08-25 23:51:57,막스 누리스 눈에 막타 ㅋㅋㅋㅋㅋㅋ,- dc official App,After Lap,,막스 누리스 눈에 막타 ㅋㅋㅋㅋㅋㅋ - dc official App,막스 누리스 눈에 막타 ㅋㅋㅋㅋㅋㅋ - dc official App,0.07281540334224701,0.10747013986110687,0.7116139531135559,0.05310181900858879,0.023902298882603645,0.031096428632736206
2024-08-25 23:51:59,3년전부터 왔었는데 요즘 엪갤은 여자도 있놐ㅋㅋㅋㅋ,르끌의 23456789호 여친들 개추 ㅋㅋㅋㅋㅋㅋㅋ,After Lap,,3년전부터 왔었는데 요즘 엪갤은 여자도 있놐ㅋㅋㅋㅋ 르끌의 23456789호 여친들 개추 ㅋㅋㅋㅋㅋㅋㅋ,3년전부터 왔었는데 요즘 엪갤은 여자도 있놐ㅋㅋㅋㅋ 르끌의 23456789호 여친들 개추 ㅋㅋㅋㅋㅋㅋㅋ,0.08708661049604416,0.13155291974544525,0.6612861156463623,0.05550869181752205,0.03536869212985039,0.029196960851550102
2024-08-25 23:52:03,막스 얼굴에 뿌리랴다 실패했노 ㅋㅋㅋㅋ,ㅋㅋㅋㅋㅋㅋㅋㅋㅋㅋ,After Lap,,막스 얼굴에 뿌리랴다 실패했노 ㅋㅋㅋㅋ ㅋㅋㅋㅋㅋㅋㅋㅋㅋㅋ,막스 얼굴에 뿌리랴다 실패했노 ㅋㅋㅋㅋ ㅋㅋㅋㅋㅋㅋㅋㅋㅋㅋ,0.14127320051193237,0.3697967827320099,0.20351482927799225,0.12897279858589172,0.07581321150064468,0.08062917739152908
2024-08-25 23:52:07,’노리스 우승하면 엪버거‘ (??),"글 있었는데? 나만본거아니지?
- dc official App",After Lap,,"’노리스 우승하면 엪버거‘ (??) 글 있었는데? 나만본거아니지?
- dc official App",’노리스 우승하면 엪버거‘ (??) 글 있었는데? 나만본거아니지?,0.31698915362358093,0.23994098603725433,0.1531289517879486,0.11802136898040771,0.09984181076288223,0.07207779586315155
2024-08-25 23:52:15,하수 : 레드불 차가 개박았구나,고수 : 이새끼가 차를 다 부셔먹었구나,After Lap,,하수 : 레드불 차가 개박았구나 고수 : 이새끼가 차를 다 부셔먹었구나,하수 : 레드불 차가 개박았구나 고수 : 이새끼가 차를 다 부셔먹었구나,0.2558797001838684,0.19832773506641388,0.09234153479337692,0.21259886026382446,0.0969810038805008,0.14387117326259613
2024-08-25 23:52:27,누리스 옆에 누구임?,첨보노,After Lap,,누리스 옆에 누구임? 첨보노,누리스 옆에 누구임? 첨보노,0.3218245208263397,0.21728380024433136,0.22315900027751923,0.09443337470293045,0.09650027006864548,0.04679900035262108
2024-08-25 23:52:49,몽골 토토가 제발 와달라고 할때 메르 가야지,나중에 가면 자리 안준다,After Lap,,몽골 토토가 제발 와달라고 할때 메르 가야지 나중에 가면 자리 안준다,몽골 토토가 제발 와달라고 할때 메르 가야지 나중에 가면 자리 안준다,0.20271264016628265,0.32243359088897705,0.16663214564323425,0.10777810961008072,0.10060687363147736,0.09983664751052856
2024-08-25 23:52:48,알본 8위 스타트 했으면 어땠을려나,,After Lap,,알본 8위 스타트 했으면 어땠을려나 ,알본 8위 스타트 했으면 어땠을려나,0.29061219096183777,0.2967476546764374,0.12764038145542145,0.09551732242107391,0.09943200647830963,0.09005042910575867
2024-08-25 23:52:54,노리스 우승도 했겠다 싸이버거 단품 1명,"00:05 까지 빠르게 ㄱㄱㄱ
- dc official App",After Lap,,"노리스 우승도 했겠다 싸이버거 단품 1명 00:05 까지 빠르게 ㄱㄱㄱ
- dc official App",노리스 우승도 했겠다 싸이버거 단품 1명 00:05 까지 빠르게 ㄱㄱㄱ,0.07587625086307526,0.12141986191272736,0.673192024230957,0.06129453331232071,0.030698303133249283,0.037519000470638275
2024-08-25 23:53:05,메르 체황한데 쳐발린거 자체가 개좆도아닌거 인증,ㅇㅇ,After Lap,,메르 체황한데 쳐발린거 자체가 개좆도아닌거 인증 ㅇㅇ,메르 체황한데 쳐발린거 자체가 개좆도아닌거 인증 ㅇㅇ,0.27781373262405396,0.23208099603652954,0.07391735166311264,0.18268762528896332,0.09862874448299408,0.13487157225608826
2024-08-25 23:53:26,잠들어서 못봤는데 르끌 포디움>>뭐 어케한거임??,ㅇㅇ,After Lap,,잠들어서 못봤는데 르끌 포디움>>뭐 어케한거임?? ㅇㅇ,잠들어서 못봤는데 르끌 포디움>>뭐 어케한거임?? ㅇㅇ,0.3100825846195221,0.245772585272789,0.18301214277744293,0.09866026043891907,0.09910653531551361,0.0633658915758133
2024-08-25 23:53:34,피아제 ㅄ이라고 존나 까도,"최근 24124네...
십새꺄 사랑한다",After Lap,,"피아제 ㅄ이라고 존나 까도 최근 24124네...
십새꺄 사랑한다",피아제 ㅄ이라고 존나 까도 최근 24124네... 십새꺄 사랑한다,0.16885703802108765,0.1635574996471405,0.31673893332481384,0.13391143083572388,0.10338162630796432,0.1135534718632698
2024-08-25 23:53:38,본인이 인조의 기분을 이제야 이해하는 몽골견이면 개추ㅋㅋ,"이느낌이였을까 ㅆㅂㅋㅋ
- ORACLE RED BULL RACING RB20",After Lap,,"본인이 인조의 기분을 이제야 이해하는 몽골견이면 개추ㅋㅋ 이느낌이였을까 ㅆㅂㅋㅋ
- ORACLE RED BULL RACING RB20",본인이 인조의 기분을 이제야 이해하는 몽골견이면 개추ㅋㅋ 이느낌이였을까 ㅆㅂㅋㅋ - ORACLE RED BULL RACING RB20,0.17416611313819885,0.2895795702934265,0.1658628135919571,0.1757761538028717,0.1124647781252861,0.08215060085058212
2024-08-25 23:53:44,스타트 반응속도 자체는 막스 노리스 똑같았다네,그럼 차 차이인가?,After Lap,,스타트 반응속도 자체는 막스 노리스 똑같았다네 그럼 차 차이인가?,스타트 반응속도 자체는 막스 노리스 똑같았다네 그럼 차 차이인가?,0.35673585534095764,0.23679958283901215,0.13761508464813232,0.110967718064785,0.08640557527542114,0.07147622853517532
2024-08-25 23:53:52,네덜란드서킷 생긴거재밌었다,"으후루꾸꾸루후으으후루꾸꾸루후으으후루꾸꾸루후으으후루꾸꾸루후으으후루꾸꾸루후으으후루꾸꾸루후으으후루꾸꾸루후으
존나꾸물꾸물해서 보는맛 + 자이로캠 개꿀잼이었음
- dc official App",After Lap,,"네덜란드서킷 생긴거재밌었다 으후루꾸꾸루후으으후루꾸꾸루후으으후루꾸꾸루후으으후루꾸꾸루후으으후루꾸꾸루후으으후루꾸꾸루후으으후루꾸꾸루후으
존나꾸물꾸물해서 보는맛 + 자이로캠 개꿀잼이었음
- dc official App",네덜란드서킷 생긴거재밌었다 으후루꾸꾸루후으으후루꾸꾸루후으으후루꾸꾸루후으으후루꾸꾸루후으으후루꾸꾸루후으으후루꾸꾸루후으으후루꾸꾸루후으 존나꾸물꾸물해서 보는맛 + 자이로캠 개꿀잼이었음,0.0640057772397995,0.12819917500019073,0.664368748664856,0.07367851585149765,0.023824067786335945,0.04592370614409447
2024-08-25 23:53:54,대런 언제 도련님 넘어갔냐 ㅋㅋㅋ,12위 언제갔노 ㅋㅋ,After Lap,,대런 언제 도련님 넘어갔냐 ㅋㅋㅋ 12위 언제갔노 ㅋㅋ,대런 언제 도련님 넘어갔냐 ㅋㅋㅋ 12위 언제갔노 ㅋㅋ,0.24320536851882935,0.290635883808136,0.18961317837238312,0.12281259894371033,0.10138045996427536,0.05235243961215019
2024-08-25 23:53:56,노짱의 두번째 우승 축하합니다.,예아,After Lap,,노짱의 두번째 우승 축하합니다. 예아,노짱의 두번째 우승 축하합니다. 예아,0.0595601387321949,0.11995087563991547,0.6904159188270569,0.056433893740177155,0.02868838422000408,0.04495079815387726
2024-08-25 23:53:56,자우버 << 얘네만 F2 ㅋㅋ,,After Lap,,자우버 << 얘네만 F2 ㅋㅋ ,자우버 << 얘네만 F2 ㅋㅋ,0.2140563428401947,0.25533822178840637,0.20513838529586792,0.16880682110786438,0.07126422971487045,0.08539604395627975
2024-08-25 23:53:58,P2 북딱스 ㅇㄷ?,개 씨발 뭐노이기 분명히 p2였는데,After Lap,,P2 북딱스 ㅇㄷ? 개 씨발 뭐노이기 분명히 p2였는데,P2 북딱스 ㅇㄷ? 개 씨발 뭐노이기 분명히 p2였는데,0.15712425112724304,0.276597797870636,0.12007827311754227,0.23817817866802216,0.0746494010090828,0.13337205350399017
2024-08-25 23:53:57,메르는 둘다 소프트달았는데 패랩을 뺐기네,저런,After Lap,,메르는 둘다 소프트달았는데 패랩을 뺐기네 저런,메르는 둘다 소프트달았는데 패랩을 뺐기네 저런,0.2768722176551819,0.306622713804245,0.10122302919626236,0.1231812834739685,0.07491057366132736,0.11719020456075668
2024-08-25 23:54:05,70점차 입갤 ㅋㅋㅋㅋ,,After Lap,,70점차 입갤 ㅋㅋㅋㅋ ,70점차 입갤 ㅋㅋㅋㅋ,0.07247352600097656,0.10445086658000946,0.7076367735862732,0.05470295250415802,0.0273757204413414,0.03336011990904808
2024-08-25 23:54:05,2024 네덜란드 그랑프리 결과,,After Lap,,2024 네덜란드 그랑프리 결과 ,2024 네덜란드 그랑프리 결과,0.14687395095825195,0.19050124287605286,0.5008566379547119,0.0771753191947937,0.03854081779718399,0.046051982790231705
2024-08-25 23:54:17,70포차면 좀 애매한데,막스 노포 하는거 아닌이상,After Lap,,70포차면 좀 애매한데 막스 노포 하는거 아닌이상,70포차면 좀 애매한데 막스 노포 하는거 아닌이상,0.2921541929244995,0.28888997435569763,0.12419119477272034,0.11568456143140793,0.060292214155197144,0.11878790706396103
2024-08-25 23:54:26,70포라...,차 성능 꼬라지만 보면......,After Lap,,70포라... 차 성능 꼬라지만 보면......,70포라... 차 성능 꼬라지만 보면......,0.1858127862215042,0.24418382346630096,0.06334692984819412,0.1939476877450943,0.05279160290956497,0.25991714000701904
2024-08-25 23:54:42,베어만 ㄹㅇ 통곡의 벽이노ㅋㅋㅋㅋ,ㅋㅋㅋ,After Lap,,베어만 ㄹㅇ 통곡의 벽이노ㅋㅋㅋㅋ ㅋㅋㅋ,베어만 ㄹㅇ 통곡의 벽이노ㅋㅋㅋㅋ ㅋㅋㅋ,0.13622359931468964,0.3328031301498413,0.17909081280231476,0.1490079164505005,0.08423718810081482,0.11863737553358078
2024-08-25 23:54:42,자우버는 맨날 더더보기노 ㅋㅋㅋㅋ,"아오 ㅋㅋㅋㅋㅋ
- dc official App",After Lap,,"자우버는 맨날 더더보기노 ㅋㅋㅋㅋ 아오 ㅋㅋㅋㅋㅋ
- dc official App",자우버는 맨날 더더보기노 ㅋㅋㅋㅋ 아오 ㅋㅋㅋㅋㅋ,0.10307271033525467,0.2308443933725357,0.34333518147468567,0.1880587488412857,0.044266581535339355,0.09042241424322128
2024-08-25 23:54:43,베어만 넘음ㅋㅋㅋㅋ,,After Lap,,베어만 넘음ㅋㅋㅋㅋ ,베어만 넘음ㅋㅋㅋㅋ,0.1196117103099823,0.163718119263649,0.5455461740493774,0.08778556436300278,0.03849520534276962,0.04484325274825096
2024-08-25 23:54:46,베어먼의 흔적이 드디어,ㅋㅋㅋㅋ,After Lap,,베어먼의 흔적이 드디어 ㅋㅋㅋㅋ,베어먼의 흔적이 드디어 ㅋㅋㅋㅋ,0.14793264865875244,0.16078682243824005,0.5644716024398804,0.05879569053649902,0.04031863808631897,0.027694597840309143
2024-08-25 23:54:49,유령밑고로시 on ㅋㅋㅋㅋㅋㅋ,,After Lap,,유령밑고로시 on ㅋㅋㅋㅋㅋㅋ ,유령밑고로시 on ㅋㅋㅋㅋㅋㅋ,0.13940340280532837,0.17298321425914764,0.5163493156433105,0.09185735881328583,0.037347353994846344,0.0420592799782753
2024-08-25 23:54:53,더더보기 리그 우승 보타스 ㅋㅋㅋㅋㅋ,ㅋㅋㅋㅋㅋㅋ,After Lap,,더더보기 리그 우승 보타스 ㅋㅋㅋㅋㅋ ㅋㅋㅋㅋㅋㅋ,더더보기 리그 우승 보타스 ㅋㅋㅋㅋㅋ ㅋㅋㅋㅋㅋㅋ,0.06443950533866882,0.10711579024791718,0.7181348204612732,0.05426262691617012,0.023239154368638992,0.03280813246965408
2024-08-25 23:54:55,컨챔 30점차ㅋㅋㅋㅋㅋ,대체코,After Lap,,컨챔 30점차ㅋㅋㅋㅋㅋ 대체코,컨챔 30점차ㅋㅋㅋㅋㅋ 대체코,0.13165058195590973,0.17440944910049438,0.5455417633056641,0.07972091436386108,0.034751810133457184,0.033925458788871765
2024-08-25 23:54:57,컨챔은 따이기 직전이네 ㅋㅋㅋ,,After Lap,,컨챔은 따이기 직전이네 ㅋㅋㅋ ,컨챔은 따이기 직전이네 ㅋㅋㅋ,0.11766301095485687,0.17804934084415436,0.5528870820999146,0.07221528887748718,0.041613899171352386,0.03757132962346077
2024-08-25 23:54:57,좆타스 ㅋㅋ,,After Lap,,좆타스 ㅋㅋ ,좆타스 ㅋㅋ,0.06440523266792297,0.1070428341627121,0.7051372528076172,0.05621391162276268,0.025973545387387276,0.04122721031308174
2024-08-25 23:55:03,30점차 입갤ㅋㅋㅋ,,After Lap,,30점차 입갤ㅋㅋㅋ ,30점차 입갤ㅋㅋㅋ,0.07593007385730743,0.10657376796007156,0.6966444849967957,0.05797663331031799,0.028512941673398018,0.03436214476823807
2024-08-25 23:55:10,컨챔은 진짜 따이기 직전이네,,After Lap,,컨챔은 진짜 따이기 직전이네 ,컨챔은 진짜 따이기 직전이네,0.3261853754520416,0.26309576630592346,0.12634553015232086,0.10505109280347824,0.11602391302585602,0.063298299908638
2024-08-25 23:55:11,컨스트럭터는 무조건 따이겠노 ㅋㅋ,ㄹㅇ,After Lap,,컨스트럭터는 무조건 따이겠노 ㅋㅋ ㄹㅇ,컨스트럭터는 무조건 따이겠노 ㅋㅋ ㄹㅇ,0.2188563495874405,0.20144475996494293,0.39259421825408936,0.07531145215034485,0.07173629105091095,0.040056902915239334
2024-08-25 23:55:11,0포인트 ㅋㅋㅋㅋㅋ,,After Lap,,0포인트 ㅋㅋㅋㅋㅋ ,0포인트 ㅋㅋㅋㅋㅋ,0.18282154202461243,0.35270094871520996,0.11484578251838684,0.146894171833992,0.09318740665912628,0.10955017805099487
2024-08-25 23:55:15,오늘 좀 째졌다,"발뻗고잘수있겠음
- dc official App",After Lap,,"오늘 좀 째졌다 발뻗고잘수있겠음
- dc official App",오늘 좀 째졌다 발뻗고잘수있겠음,0.06109246239066124,0.1219945028424263,0.6728682518005371,0.05813104659318924,0.0290547963231802,0.05685896426439285
2024-08-25 23:55:20,이 또한 체황의 은혜겠지요,,After Lap,,이 또한 체황의 은혜겠지요 ,이 또한 체황의 은혜겠지요,0.06310590356588364,0.1613178700208664,0.5862924456596375,0.07155449688434601,0.03435293212532997,0.08337635546922684
2024-08-25 23:55:24,상위권 나란히 30포차이 ㅋㅋㅋㅋㅋ,ㅋㅋㅋ,After Lap,,상위권 나란히 30포차이 ㅋㅋㅋㅋㅋ ㅋㅋㅋ,상위권 나란히 30포차이 ㅋㅋㅋㅋㅋ ㅋㅋㅋ,0.17490889132022858,0.22917358577251434,0.4052366316318512,0.09874849766492844,0.05040496960282326,0.04152749478816986
2024-08-25 23:55:26,컨챔은 따이겠네,못따면 맥이 병신이지,After Lap,,컨챔은 따이겠네 못따면 맥이 병신이지,컨챔은 따이겠네 못따면 맥이 병신이지,0.3305555582046509,0.2524595260620117,0.1130901426076889,0.1253741830587387,0.08847964555025101,0.09004096686840057
2024-08-25 23:55:30,경의 품격 2번만 더하면 금방 따라잡을거 같은데,음,After Lap,,경의 품격 2번만 더하면 금방 따라잡을거 같은데 음,경의 품격 2번만 더하면 금방 따라잡을거 같은데 음,0.2825195789337158,0.24198566377162933,0.21378175914287567,0.08316335082054138,0.1082945391535759,0.07025511562824249
2024-08-25 23:55:42,체황이 메르 정상화시켰잖아 한잔해,,After Lap,,체황이 메르 정상화시켰잖아 한잔해 ,체황이 메르 정상화시켰잖아 한잔해,0.07607107609510422,0.1390043944120407,0.6375995874404907,0.06205332279205322,0.03595561161637306,0.04931601509451866
2024-08-25 23:55:47,레드불-맥라렌-페라리 30점차 좆나 치열하네 ㅋㅋㅋㅋㅋㅋㅋㅋㅋㅋㅋㅋㅋㅋ,개똥줄탄다 미친ㅋㅋㅋㅋㅋㅋㅋㅋㅋㅋㅋㅋㅋㅋㅋㅋㅋㅋㅋㅋ,After Lap,,레드불-맥라렌-페라리 30점차 좆나 치열하네 ㅋㅋㅋㅋㅋㅋㅋㅋㅋㅋㅋㅋㅋㅋ 개똥줄탄다 미친ㅋㅋㅋㅋㅋㅋㅋㅋㅋㅋㅋㅋㅋㅋㅋㅋㅋㅋㅋㅋ,레드불-맥라렌-페라리 30점차 좆나 치열하네 ㅋㅋㅋㅋㅋㅋㅋㅋㅋㅋㅋㅋㅋㅋ 개똥줄탄다 미친ㅋㅋㅋㅋㅋㅋㅋㅋㅋㅋㅋㅋㅋㅋㅋㅋㅋㅋㅋㅋ,0.24810738861560822,0.2364194691181183,0.14396359026432037,0.16999834775924683,0.12806202471256256,0.07344914227724075
2024-08-25 23:56:00,70?,"하 ㅅㅂ 좆됐다
33번 방빼두셈
- ORACLE RED BULL RACING RB20",After Lap,,"70? 하 ㅅㅂ 좆됐다
33번 방빼두셈
- ORACLE RED BULL RACING RB20",70? 하 ㅅㅂ 좆됐다 33번 방빼두셈 - ORACLE RED BULL RACING RB20,0.13343392312526703,0.21480964124202728,0.12342599034309387,0.2599289119243622,0.06733553111553192,0.20106598734855652
2024-08-25 23:56:02,컨챔은 무조건 따이겠는데 ㅋㅋㅋ,ㅋㅋㅋ,After Lap,,컨챔은 무조건 따이겠는데 ㅋㅋㅋ ㅋㅋㅋ,컨챔은 무조건 따이겠는데 ㅋㅋㅋ ㅋㅋㅋ,0.12610988318920135,0.16138045489788055,0.5691003203392029,0.07038918882608414,0.03702595457434654,0.035994112491607666
2024-08-25 23:56:03,몽골 = 스핀텔,이 제목에 어그로 끌려서 들어온 너는 몽골견이다,After Lap,,몽골 = 스핀텔 이 제목에 어그로 끌려서 들어온 너는 몽골견이다,몽골 = 스핀텔 이 제목에 어그로 끌려서 들어온 너는 몽골견이다,0.26860013604164124,0.20068232715129852,0.09460588544607162,0.21712391078472137,0.11949161440134048,0.09949605911970139
2024-08-25 23:56:14,르끌아 고마워,"맨유 패
롯데 직관 패
페라리 p3
이번 한 주 너라도 해줘서 고마워 르끌아
- dc official App",After Lap,,"르끌아 고마워 맨유 패
롯데 직관 패
페라리 p3
이번 한 주 너라도 해줘서 고마워 르끌아
- dc official App",르끌아 고마워 맨유 패 롯데 직관 패 페라리 p3 이번 한 주 너라도 해줘서 고마워 르끌아,0.05554204806685448,0.14006878435611725,0.6286327242851257,0.06863107532262802,0.029069310054183006,0.07805602997541428
2024-08-25 23:56:18,다음주 티포시의 홈 입갤 ㅋㅋㅋ,"https://m.dcinside.com/board/formula1/727373
[16라운드] 이탈리아 그랑프리 일정
- F1 마이너 갤러리
FORMULA 1 PIRELLI GRAN PREMIO D’ITALIA 2024포뮬러 원 피렐리 이탈리아 그랑프리 20242024. 08. 30. ~ 2024. 09. 01.서포트 레이스 : 포뮬러 2 챔피언쉽, 포뮬러
m.dcinside.com
페라리 우승.. 가야겠지?",After Lap,,"다음주 티포시의 홈 입갤 ㅋㅋㅋ https://m.dcinside.com/board/formula1/727373
[16라운드] 이탈리아 그랑프리 일정
- F1 마이너 갤러리
FORMULA 1 PIRELLI GRAN PREMIO D’ITALIA 2024포뮬러 원 피렐리 이탈리아 그랑프리 20242024. 08. 30. ~ 2024. 09. 01.서포트 레이스 : 포뮬러 2 챔피언쉽, 포뮬러
m.dcinside.com
페라리 우승.. 가야겠지?","다음주 티포시의 홈 입갤 ㅋㅋㅋ [16라운드] 이탈리아 그랑프리 일정 - F1 마이너 갤러리 FORMULA 1 PIRELLI GRAN PREMIO D’ITALIA 2024포뮬러 원 피렐리 이탈리아 그랑프리 20242024. 08. 30. ~ 2024. 09. 01.서포트 레이스 : 포뮬러 2 챔피언쉽, 포뮬러 m.dcinside.com 페라리 우승.. 가야겠지?",0.15402530133724213,0.1584884524345398,0.5296958684921265,0.08056728541851044,0.03261261805891991,0.044610440731048584
2024-08-25 23:56:22,누리스도 개잘했고 르끌도 지렸다,"좆드불, 짱츠는 대체..
- dc official App",After Lap,,"누리스도 개잘했고 르끌도 지렸다 좆드불, 짱츠는 대체..
- dc official App","누리스도 개잘했고 르끌도 지렸다 좆드불, 짱츠는 대체..",0.2085830718278885,0.19242481887340546,0.3548927307128906,0.10056840628385544,0.09080987423658371,0.05272112041711807
2024-08-25 23:56:42,"???: 야 씹포시 새끼들, 난 안올리냐?","P10 -> P5
+5 씨바라",After Lap,,"???: 야 씹포시 새끼들, 난 안올리냐? P10 -> P5
+5 씨바라","???: 야 씹포시 새끼들, 난 안올리냐? P10 -> P5 +5 씨바라",0.10796133428812027,0.20283573865890503,0.1623636782169342,0.3161526024341583,0.03446066007018089,0.17622606456279755
2024-08-25 23:57:06,일단 발뻗고 꿀잠 잘 예정인 티포시만 개추,,After Lap,,일단 발뻗고 꿀잠 잘 예정인 티포시만 개추 ,일단 발뻗고 꿀잠 잘 예정인 티포시만 개추,0.057663023471832275,0.11956463009119034,0.6732586026191711,0.06533166766166687,0.028133966028690338,0.056048084050416946
2024-08-25 23:57:19,노리스 우승 버거 인증,"https://m.dcinside.com/board/formula1/724713
노리스 우승하면 버거 뿌린다ㅋㅋㅋㅋㅋ
- F1 마이너 갤러리
안전자산 미쳤고
m.dcinside.com
꺼-억
고맙다..",After Lap,,"노리스 우승 버거 인증 https://m.dcinside.com/board/formula1/724713
노리스 우승하면 버거 뿌린다ㅋㅋㅋㅋㅋ
- F1 마이너 갤러리
안전자산 미쳤고
m.dcinside.com
꺼-억
고맙다..",노리스 우승 버거 인증 노리스 우승하면 버거 뿌린다ㅋㅋㅋㅋㅋ - F1 마이너 갤러리 안전자산 미쳤고 m.dcinside.com 꺼-억 고맙다..,0.054783228784799576,0.11800862848758698,0.6866243481636047,0.060063671320676804,0.02769111655652523,0.05282902717590332
2024-08-25 23:57:23,속도의 전당 입갤ㄹㄹㄹㄹㄹㄹㄹ,이거지 ㅋㅋㅋㅋㅋㅋㅋ,After Lap,,속도의 전당 입갤ㄹㄹㄹㄹㄹㄹㄹ 이거지 ㅋㅋㅋㅋㅋㅋㅋ,속도의 전당 입갤ㄹㄹㄹㄹㄹㄹㄹ 이거지 ㅋㅋㅋㅋㅋㅋㅋ,0.0639156624674797,0.11121586710214615,0.7095569372177124,0.05788084864616394,0.023433048278093338,0.03399764001369476
2024-08-25 23:57:37,세민눈낟 ㄷㄷㄷ,ㄷㄷ,After Lap,,세민눈낟 ㄷㄷㄷ ㄷㄷ,세민눈낟 ㄷㄷㄷ ㄷㄷ,0.2969958782196045,0.2188117951154709,0.2195722609758377,0.10108990222215652,0.11389291286468506,0.04963730648159981
2024-08-25 23:57:36,세민좌 현장 리포팅 입갤 ㄷㄷㄷㄷㄷㄷ,,After Lap,,세민좌 현장 리포팅 입갤 ㄷㄷㄷㄷㄷㄷ ,세민좌 현장 리포팅 입갤 ㄷㄷㄷㄷㄷㄷ,0.1498747318983078,0.1686023771762848,0.5367738008499146,0.06252400577068329,0.0526229552924633,0.029602153226733208
2024-08-25 23:57:41,몬자 개재밌겠노ㅋㅋㅋㅋㅋㅋ,ㅋㅋㅋ,After Lap,,몬자 개재밌겠노ㅋㅋㅋㅋㅋㅋ ㅋㅋㅋ,몬자 개재밌겠노ㅋㅋㅋㅋㅋㅋ ㅋㅋㅋ,0.09793083369731903,0.13410910964012146,0.642848789691925,0.06509160250425339,0.02716740034520626,0.03285219520330429
2024-08-25 23:57:42,몬자 현장중계한다고?,?,After Lap,,몬자 현장중계한다고? ?,몬자 현장중계한다고? ?,0.32737693190574646,0.23328426480293274,0.12593185901641846,0.12763316929340363,0.10145305842161179,0.08432068675756454
2024-08-25 23:57:43,히 윈스 인 몬자 입갤 ㅋㅋㅋㅋ,,After Lap,,히 윈스 인 몬자 입갤 ㅋㅋㅋㅋ ,히 윈스 인 몬자 입갤 ㅋㅋㅋㅋ,0.08272305130958557,0.11013685166835785,0.6914488673210144,0.058414850383996964,0.02626470848917961,0.0310116745531559
2024-08-25 23:57:45,와 현장리포트 ㄷㄷㄷ,,After Lap,,와 현장리포트 ㄷㄷㄷ ,와 현장리포트 ㄷㄷㄷ,0.2997046113014221,0.20912493765354156,0.24395078420639038,0.1027684360742569,0.09471826255321503,0.04973296448588371
2024-08-25 23:57:46,현장 리포팅?,"캬
- dc official App",After Lap,,"현장 리포팅? 캬
- dc official App",현장 리포팅? 캬,0.10266438126564026,0.14112378656864166,0.6353462934494019,0.058047980070114136,0.03043030947446823,0.032387204468250275
2024-08-25 23:57:48,머야ㅋㅋㅋㅋㅋ 쿠팡맨ㅋㅋㅋ,엌,After Lap,,머야ㅋㅋㅋㅋㅋ 쿠팡맨ㅋㅋㅋ 엌,머야ㅋㅋㅋㅋㅋ 쿠팡맨ㅋㅋㅋ 엌,0.12077954411506653,0.17441007494926453,0.5697540640830994,0.06501917541027069,0.03545195609331131,0.03458516672253609
2024-08-25 23:57:51,친구놈 GP2 엔진 시절까지만 보고 안 본다는데,지금 맥라렌이 메르 쳐바르고 우승했다고 하면 뭐라고 할 지 궁금하노ㅋㅋㅋㅋㅋ,After Lap,,친구놈 GP2 엔진 시절까지만 보고 안 본다는데 지금 맥라렌이 메르 쳐바르고 우승했다고 하면 뭐라고 할 지 궁금하노ㅋㅋㅋㅋㅋ,친구놈 GP2 엔진 시절까지만 보고 안 본다는데 지금 맥라렌이 메르 쳐바르고 우승했다고 하면 뭐라고 할 지 궁금하노ㅋㅋㅋㅋㅋ,0.31949344277381897,0.21383631229400635,0.12854823470115662,0.16484174132347107,0.11014609038829803,0.06313416361808777
2024-08-25 23:57:56,와 몬자 현장리포팅 ㅋㅋㅋㅋ,ㅋㅋㅋㅋㅋ,After Lap,,와 몬자 현장리포팅 ㅋㅋㅋㅋ ㅋㅋㅋㅋㅋ,와 몬자 현장리포팅 ㅋㅋㅋㅋ ㅋㅋㅋㅋㅋ,0.08630584180355072,0.12682530283927917,0.6771087646484375,0.054007161408662796,0.02597983367741108,0.02977314405143261
2024-08-25 23:57:58,와 현장리포팅이야?,미쳤다,After Lap,,와 현장리포팅이야? 미쳤다,와 현장리포팅이야? 미쳤다,0.24119043350219727,0.21691133081912994,0.32628148794174194,0.091901496052742,0.07870796322822571,0.04500730708241463
2024-08-25 23:58:03,UI 바꿨네,"크
- ORACLE RED BULL RACING RB20",After Lap,,"UI 바꿨네 크
- ORACLE RED BULL RACING RB20",UI 바꿨네 크 - ORACLE RED BULL RACING RB20,0.18917451798915863,0.21223384141921997,0.4117092192173004,0.09173379838466644,0.04384884238243103,0.05129977688193321
2024-08-25 23:58:03,쿠팡 십새들 사인지 벌써 죽이노,,After Lap,,쿠팡 십새들 사인지 벌써 죽이노 ,쿠팡 십새들 사인지 벌써 죽이노,0.1479150801897049,0.17815427482128143,0.12454380095005035,0.31263867020606995,0.055579330772161484,0.18116876482963562
2024-08-25 23:58:14,뭐야 이탈리아도 리포팅하러가네,,After Lap,,뭐야 이탈리아도 리포팅하러가네 ,뭐야 이탈리아도 리포팅하러가네,0.2669682502746582,0.2779718339443207,0.11115319281816483,0.136921688914299,0.12617318332195282,0.08081182837486267
2024-08-25 23:58:22,사인지 dnf노..,쿠팡맨의 저주..,After Lap,,사인지 dnf노.. 쿠팡맨의 저주..,사인지 dnf노.. 쿠팡맨의 저주..,0.18256837129592896,0.27609241008758545,0.08059975504875183,0.16150499880313873,0.07278408110141754,0.2264503836631775
2024-08-25 23:58:27,다음주 현장 리포트임?,,After Lap,,다음주 현장 리포트임? ,다음주 현장 리포트임?,0.2713152766227722,0.23492376506328583,0.2749801278114319,0.08269774913787842,0.07873331010341644,0.05734981223940849
2024-08-25 23:58:49,캬 시간 너무 좋고 ㅋㅋㅋㅋ,ㅋㅋㅋ,After Lap,,캬 시간 너무 좋고 ㅋㅋㅋㅋ ㅋㅋㅋ,캬 시간 너무 좋고 ㅋㅋㅋㅋ ㅋㅋㅋ,0.06031408905982971,0.10935253649950027,0.7106492519378662,0.055807676166296005,0.023686543107032776,0.04018991440534592
2024-08-25 23:58:54,오늘 경기만 보면 멕레페 몬자에서 어떨까?,세팀이 치열할려나?,After Lap,,오늘 경기만 보면 멕레페 몬자에서 어떨까? 세팀이 치열할려나?,오늘 경기만 보면 멕레페 몬자에서 어떨까? 세팀이 치열할려나?,0.2497820258140564,0.21568776667118073,0.3229657709598541,0.08462675660848618,0.07362579554319382,0.053311899304389954
2024-08-25 23:58:57,와 몬차 현장 리포팅 ㄷㄷㄷㄷㄷㄷㄷㄷ,티포시들 행복사 ㅋㅋㅋㅋㅋㅋ,After Lap,,와 몬차 현장 리포팅 ㄷㄷㄷㄷㄷㄷㄷㄷ 티포시들 행복사 ㅋㅋㅋㅋㅋㅋ,와 몬차 현장 리포팅 ㄷㄷㄷㄷㄷㄷㄷㄷ 티포시들 행복사 ㅋㅋㅋㅋㅋㅋ,0.06396029144525528,0.11364183574914932,0.7069808840751648,0.05465692654252052,0.023893598467111588,0.03686651214957237
2024-08-25 23:59:03,쿠팡 현장 중계는 안하나?,.,After Lap,,쿠팡 현장 중계는 안하나? .,쿠팡 현장 중계는 안하나? .,0.1924510896205902,0.35785654187202454,0.10234113037586212,0.1321839541196823,0.048126187175512314,0.16704118251800537
2024-08-25 23:59:28,실시간 화난 몽골견들 근황.jpg,,After Lap,,실시간 화난 몽골견들 근황.jpg ,실시간 화난 몽골견들 근황.jpg,0.1383674293756485,0.1548106074333191,0.5631351470947266,0.06609778106212616,0.0432104729115963,0.0343785360455513
2024-08-25 23:59:42,오늘 러셀 하드타이어 페이스 <- JOAT,존나 느린데 관리도 안됨,After Lap,,오늘 러셀 하드타이어 페이스 <- JOAT 존나 느린데 관리도 안됨,오늘 러셀 하드타이어 페이스 <- JOAT 존나 느린데 관리도 안됨,0.19148439168930054,0.26738542318344116,0.09756601601839066,0.18178637325763702,0.03622104600071907,0.22555671632289886
2024-08-25 23:59:59,이거 또 보고싶은 맥기견들은 개추 ㅋㅋ,일단 나부터 ㅋㅋㅋ,After Lap,,이거 또 보고싶은 맥기견들은 개추 ㅋㅋ 일단 나부터 ㅋㅋㅋ,이거 또 보고싶은 맥기견들은 개추 ㅋㅋ 일단 나부터 ㅋㅋㅋ,0.09186766296625137,0.13813087344169617,0.6345692873001099,0.061264894902706146,0.03868911787867546,0.03547811880707741
