post_timestamp,post_title,post_content,Lap_Label,LapNumber,combined_raw_text,processed_text,Toxicity_Score
2024-03-24 13:00:14,페라리 내년에,퇴물탕 메르 보내고 사인지 영입 안되냐??,Before Lap,,페라리 내년에 퇴물탕 메르 보내고 사인지 영입 안되냐??,페라리 내년에 퇴물탕 메르 보내고 사인지 영입 안되냐??,0.9292309284210205
2024-03-24 13:00:19,해밀턴 소프트라,,Before Lap,,해밀턴 소프트라 ,해밀턴 소프트라,0.10459382832050323
2024-03-24 13:00:30,소프트 쓰는 놈 3명이나 있네,저걸쓴다고?,1,1.0,소프트 쓰는 놈 3명이나 있네 저걸쓴다고?,소프트 쓰는 놈 3명이나 있네 저걸쓴다고?,0.9033629894256592
2024-03-24 13:00:31,F1에서 아주 무섭게 느껴지는 것,"막스의 시대는 언젠간 끝나고
새로운 강점기를 열게 될 챔피언이 등장할 것이며
그 때 우리는 막스를 그리워하게 될 것 이라는거,,
DnD",1,1.0,"F1에서 아주 무섭게 느껴지는 것 막스의 시대는 언젠간 끝나고
새로운 강점기를 열게 될 챔피언이 등장할 것이며
그 때 우리는 막스를 그리워하게 될 것 이라는거,,
DnD","F1에서 아주 무섭게 느껴지는 것 막스의 시대는 언젠간 끝나고 새로운 강점기를 열게 될 챔피언이 등장할 것이며 그 때 우리는 막스를 그리워하게 될 것 이라는거,, DnD",0.22564801573753357
2024-03-24 13:00:33,물탕해 소프트 ㅋㅋ,,1,1.0,물탕해 소프트 ㅋㅋ ,물탕해 소프트 ㅋㅋ,0.7806951403617859
2024-03-24 13:00:34,물탕이 소프트 뭐노,ㅋㅋㅋㅋㅋㅋㅋㅋ,1,1.0,물탕이 소프트 뭐노 ㅋㅋㅋㅋㅋㅋㅋㅋ,물탕이 소프트 뭐노 ㅋㅋㅋㅋㅋㅋㅋㅋ,0.7838453650474548
2024-03-24 13:00:41,알론소 헐크 하드,해밀턴 리카도 저우 소프트,1,1.0,알론소 헐크 하드 해밀턴 리카도 저우 소프트,알론소 헐크 하드 해밀턴 리카도 저우 소프트,0.1945365071296692
2024-03-24 13:00:58,물탕대런저우 소프트 알론소헐크 하드스타트,나머지 전부 미듐,1,1.0,물탕대런저우 소프트 알론소헐크 하드스타트 나머지 전부 미듐,물탕대런저우 소프트 알론소헐크 하드스타트 나머지 전부 미듐,0.2749696373939514
2024-03-24 13:01:05,극단적인 선택 ㅋㅋㅋ,,1,1.0,극단적인 선택 ㅋㅋㅋ ,극단적인 선택 ㅋㅋㅋ,0.7205979824066162
2024-03-24 13:01:22,대부분 미하하 쓰겠네,ㅇㅇ,1,1.0,대부분 미하하 쓰겠네 ㅇㅇ,대부분 미하하 쓰겠네 ㅇㅇ,0.3482038378715515
2024-03-24 13:01:36,소프트를 쓰노,,1,1.0,소프트를 쓰노 ,소프트를 쓰노,0.23766684532165527
2024-03-24 13:01:44,뭐야 2시 아니었냐?,좆될뻔,1,1.0,뭐야 2시 아니었냐? 좆될뻔,뭐야 2시 아니었냐? 좆될뻔,0.6717848181724548
2024-03-24 13:02:21,풍경 좋노 ㄹㅇ,함가보고싶네,2,2.0,풍경 좋노 ㄹㅇ 함가보고싶네,풍경 좋노 ㄹㅇ 함가보고싶네,0.06505921483039856
2024-03-24 13:02:30,저건 또 언제적 사진이노ㅋㅋㅋㅋㅋㅋ,,2,2.0,저건 또 언제적 사진이노ㅋㅋㅋㅋㅋㅋ ,저건 또 언제적 사진이노ㅋㅋㅋㅋㅋㅋ,0.7519504427909851
2024-03-24 13:02:34,이게 행복이지 컄ㅋㅋㅋㅋㅋㅋㅋㅋㅋㅋㅋㅋ,"ㅋㅋㅋ
- dc official App",2,2.0,"이게 행복이지 컄ㅋㅋㅋㅋㅋㅋㅋㅋㅋㅋㅋㅋ ㅋㅋㅋ
- dc official App",이게 행복이지 컄ㅋㅋㅋㅋㅋㅋㅋㅋㅋㅋㅋㅋ ㅋㅋㅋ - dc official App,0.4833083152770996
2024-03-24 13:02:42,머야 랜도 왜 p3야,체코 어디감,2,2.0,머야 랜도 왜 p3야 체코 어디감,머야 랜도 왜 p3야 체코 어디감,0.28513166308403015
2024-03-24 13:02:42,해밀턴 기도 메타 시작한거 보니까 페라리 딱인거 같기도,ㄹㅇㅋㅋ,2,2.0,해밀턴 기도 메타 시작한거 보니까 페라리 딱인거 같기도 ㄹㅇㅋㅋ,해밀턴 기도 메타 시작한거 보니까 페라리 딱인거 같기도 ㄹㅇㅋㅋ,0.09264450520277023
2024-03-24 13:02:42,로슨 ㅋㅋㅋㅋㅋㅋㅋㅋㅋㅋ,ㅋㅋㅋㅋ,2,2.0,로슨 ㅋㅋㅋㅋㅋㅋㅋㅋㅋㅋ ㅋㅋㅋㅋ,로슨 ㅋㅋㅋㅋㅋㅋㅋㅋㅋㅋ ㅋㅋㅋㅋ,0.4484978914260864
2024-03-24 13:02:48,리카도 앳됐다 ㅋㅋㅋㅋ,,2,2.0,리카도 앳됐다 ㅋㅋㅋㅋ ,리카도 앳됐다 ㅋㅋㅋㅋ,0.9310488700866699
2024-03-24 13:02:49,로슨 빨리 시트 내놓으라는 표정이노,,2,2.0,로슨 빨리 시트 내놓으라는 표정이노 ,로슨 빨리 시트 내놓으라는 표정이노,0.25969094038009644
2024-03-24 13:02:58,물탕이햄은 최근에 호주에서 우승 못했었네,,2,2.0,물탕이햄은 최근에 호주에서 우승 못했었네 ,물탕이햄은 최근에 호주에서 우승 못했었네,0.2223195731639862
2024-03-24 13:02:59,팬카 밴먹었다고 하지 않았냐?,왜 다운포스 받는 속도 아닌데도 멀쩡하게 천장에 매달려있음?,2,2.0,팬카 밴먹었다고 하지 않았냐? 왜 다운포스 받는 속도 아닌데도 멀쩡하게 천장에 매달려있음?,팬카 밴먹었다고 하지 않았냐? 왜 다운포스 받는 속도 아닌데도 멀쩡하게 천장에 매달려있음?,0.17784109711647034
2024-03-24 13:03:10,대런은 로슨한테 자리 넘겨야,"타이어 테스트 도르도 너무 우려먹었다 ㄹㅇ
- dc official App",2,2.0,"대런은 로슨한테 자리 넘겨야 타이어 테스트 도르도 너무 우려먹었다 ㄹㅇ
- dc official App",대런은 로슨한테 자리 넘겨야 타이어 테스트 도르도 너무 우려먹었다 ㄹㅇ - dc official App,0.5129622220993042
2024-03-24 13:03:14,잘해줘 보타스 젭알,,2,2.0,잘해줘 보타스 젭알 ,잘해줘 보타스 젭알,0.1462143212556839
2024-03-24 13:03:29,딱 맞춰서 밥 다먹었다,섹스 출발 ㅋㅋ,3,3.0,딱 맞춰서 밥 다먹었다 섹스 출발 ㅋㅋ,딱 맞춰서 밥 다먹었다 섹스 출발 ㅋㅋ,0.8595095872879028
2024-03-24 13:03:38,가자아아아아아,,3,3.0,가자아아아아아 ,가자아아아아아,0.08727260679006577
2024-03-24 13:03:47,드가자~,ㅂ,3,3.0,드가자~ ㅂ,드가자~ ㅂ,0.5276892185211182
2024-03-24 13:03:47,자 드가자 ~,,3,3.0,자 드가자 ~ ,자 드가자 ~,0.2583948075771332
2024-03-24 13:03:51,ㄷㄱㅈ,,3,3.0,ㄷㄱㅈ ,ㄷㄱㅈ,0.5949201583862305
2024-03-24 13:03:51,드가자 ㅋㅋㅋㅋㅋㅋㅋㅋ,,3,3.0,드가자 ㅋㅋㅋㅋㅋㅋㅋㅋ ,드가자 ㅋㅋㅋㅋㅋㅋㅋㅋ,0.5299045443534851
2024-03-24 13:03:52,레이스 스따뜨ㅋㅋㅋㅋㅋㅋㅋㅋㅋㅋㅋ,,3,3.0,레이스 스따뜨ㅋㅋㅋㅋㅋㅋㅋㅋㅋㅋㅋ ,레이스 스따뜨ㅋㅋㅋㅋㅋㅋㅋㅋㅋㅋㅋ,0.36887428164482117
2024-03-24 13:03:53,야스 출발ㄷㄷ,,3,3.0,야스 출발ㄷㄷ ,야스 출발ㄷㄷ,0.7626023888587952
2024-03-24 13:03:54,드가자 ㅋㅋㅋ,ㅋㅋ,3,3.0,드가자 ㅋㅋㅋ ㅋㅋ,드가자 ㅋㅋㅋ ㅋㅋ,0.5735353827476501
2024-03-24 13:03:56,드가좤ㅋㅋㅋㅋㅋㅋㅋㅋㅋㅋㅋ,,3,3.0,드가좤ㅋㅋㅋㅋㅋㅋㅋㅋㅋㅋㅋ ,드가좤ㅋㅋㅋㅋㅋㅋㅋㅋㅋㅋㅋ,0.595291793346405
2024-03-24 13:04:04,무빵ㅋㅋㅋㅋ,- dc official App,3,3.0,무빵ㅋㅋㅋㅋ - dc official App,무빵ㅋㅋㅋㅋ - dc official App,0.6429055333137512
2024-03-24 13:04:06,here we go ㅋㅋㅋㅋㅋ,ㅋㅋㅋㅋㅇㅇㅁㄴㅇ,3,3.0,here we go ㅋㅋㅋㅋㅋ ㅋㅋㅋㅋㅇㅇㅁㄴㅇ,here we go ㅋㅋㅋㅋㅋ ㅋㅋㅋㅋㅇㅇㅁㄴㅇ,0.7897207140922546
2024-03-24 13:04:07,막스 우승 ㅅㄱ,,3,3.0,막스 우승 ㅅㄱ ,막스 우승 ㅅㄱ,0.17790067195892334
2024-03-24 13:04:15,레이스 종료 자러감 ㅂㅂ,,3,3.0,레이스 종료 자러감 ㅂㅂ ,레이스 종료 자러감 ㅂㅂ,0.7259379625320435
2024-03-24 13:04:21,드가자ㅋㅋㅋㅋ,ㅋㅋㅋ,3,3.0,드가자ㅋㅋㅋㅋ ㅋㅋㅋ,드가자ㅋㅋㅋㅋ ㅋㅋㅋ,0.6258304119110107
2024-03-24 13:04:19,사고도 없노 ㅅㅂ,,3,3.0,사고도 없노 ㅅㅂ ,사고도 없노 ㅅㅂ,0.5734682083129883
2024-03-24 13:04:27,막스우승 ㄹㅇㅋㅋ,아 노잼,3,3.0,막스우승 ㄹㅇㅋㅋ 아 노잼,막스우승 ㄹㅇㅋㅋ 아 노잼,0.22743400931358337
2024-03-24 13:04:32,노잼,ㄹㅇ,3,3.0,노잼 ㄹㅇ,노잼 ㄹㅇ,0.5390630960464478
2024-03-24 13:04:32,속보) 막스 베르스타펜 호주 그랑프리 우승,,3,3.0,속보) 막스 베르스타펜 호주 그랑프리 우승 ,속보) 막스 베르스타펜 호주 그랑프리 우승,0.14513979852199554
2024-03-24 13:04:35,(경기종료) 막스 베르스타펜 우승,ㅅㄱ,3,3.0,(경기종료) 막스 베르스타펜 우승 ㅅㄱ,(경기종료) 막스 베르스타펜 우승 ㅅㄱ,0.21561528742313385
2024-03-24 13:04:38,막스 우승 확정 ㅋㅋㅋㅋㅋㅋㅋ,"ㅋㅋㅋㅋㅋ
- dc official App",3,3.0,"막스 우승 확정 ㅋㅋㅋㅋㅋㅋㅋ ㅋㅋㅋㅋㅋ
- dc official App",막스 우승 확정 ㅋㅋㅋㅋㅋㅋㅋ ㅋㅋㅋㅋㅋ - dc official App,0.25859180092811584
2024-03-24 13:04:41,벌써 멀어지네 십 ㅋㅋㅋㅋ,,3,3.0,벌써 멀어지네 십 ㅋㅋㅋㅋ ,벌써 멀어지네 십 ㅋㅋㅋㅋ,0.854503870010376
2024-03-24 13:04:43,1랩 충돌이 아무도 없는거야?,개노잼,3,3.0,1랩 충돌이 아무도 없는거야? 개노잼,1랩 충돌이 아무도 없는거야? 개노잼,0.6570407748222351
2024-03-24 13:04:40,이걸 무빵으로 가네;;,- dc official App,3,3.0,이걸 무빵으로 가네;; - dc official App,이걸 무빵으로 가네;; - dc official App,0.16934093832969666
2024-03-24 13:04:48,현 시점 아시아 최고의 드라이버는 누구냐?,ㅇ,3,3.0,현 시점 아시아 최고의 드라이버는 누구냐? ㅇ,현 시점 아시아 최고의 드라이버는 누구냐? ㅇ,0.22009576857089996
2024-03-24 13:04:49,막스베르스타펜의 호주 gp 우승을 축하드립니다,"빰 빠빠 빠라라빠 빠 빠삐빠빠빠바바바빠~
- dc official App",3,3.0,"막스베르스타펜의 호주 gp 우승을 축하드립니다 빰 빠빠 빠라라빠 빠 빠삐빠빠빠바바바빠~
- dc official App",막스베르스타펜의 호주 gp 우승을 축하드립니다 빰 빠빠 빠라라빠 빠 빠삐빠빠빠바바바빠~ - dc official App,0.5592905879020691
2024-03-24 13:04:50,에이 1번코너 어뢰 다 어디갓노,에잉,3,3.0,에이 1번코너 어뢰 다 어디갓노 에잉,에이 1번코너 어뢰 다 어디갓노 에잉,0.627575159072876
2024-03-24 13:04:53,끝났다,씨발,4,4.0,끝났다 씨발,끝났다 씨발,0.7323709726333618
2024-03-24 13:04:54,와 이번 레이스 재밌었다 ㅋㅋㅋ,레이스 다봄,4,4.0,와 이번 레이스 재밌었다 ㅋㅋㅋ 레이스 다봄,와 이번 레이스 재밌었다 ㅋㅋㅋ 레이스 다봄,0.048839449882507324
2024-03-24 13:05:04,쥬지 체코 넘어갔노,ㅋㅋ,4,4.0,쥬지 체코 넘어갔노 ㅋㅋ,쥬지 체코 넘어갔노 ㅋㅋ,0.9520825743675232
2024-03-24 13:05:03,페라리 화이팅^^,제발 따포 가자!,4,4.0,페라리 화이팅^^ 제발 따포 가자!,페라리 화이팅^^ 제발 따포 가자!,0.05475819855928421
2024-03-24 13:05:09,진짜 1등은 누구임??,"페레즈? 사인즈? 노리스?
가짜1등 그새낀 빼고",4,4.0,"진짜 1등은 누구임?? 페레즈? 사인즈? 노리스?
가짜1등 그새낀 빼고",진짜 1등은 누구임?? 페레즈? 사인즈? 노리스? 가짜1등 그새낀 빼고,0.8997395038604736
2024-03-24 13:05:10,대황쥬지ㅋㅋㅋㅋ,ㅋㅋ,4,4.0,대황쥬지ㅋㅋㅋㅋ ㅋㅋ,대황쥬지ㅋㅋㅋㅋ ㅋㅋ,0.5088584423065186
2024-03-24 13:05:10,음료수팔이보다 차 못만드는 자동차 회사들 자살해 ㅋㅋㅋㅋ,ㅋㅋㅋㅋㅋㅁ,4,4.0,음료수팔이보다 차 못만드는 자동차 회사들 자살해 ㅋㅋㅋㅋ ㅋㅋㅋㅋㅋㅁ,음료수팔이보다 차 못만드는 자동차 회사들 자살해 ㅋㅋㅋㅋ ㅋㅋㅋㅋㅋㅁ,0.953463613986969
2024-03-24 13:05:12,체코 추월당함 ㅋㅋㅋㅋㅋ,,4,4.0,체코 추월당함 ㅋㅋㅋㅋㅋ ,체코 추월당함 ㅋㅋㅋㅋㅋ,0.5634505748748779
2024-03-24 13:05:16,병신 쥬지한테 따였노ㅋㅋㅋㅋㅋㅋ,ㅋㅋㅋㅋㅋ,4,4.0,병신 쥬지한테 따였노ㅋㅋㅋㅋㅋㅋ ㅋㅋㅋㅋㅋ,병신 쥬지한테 따였노ㅋㅋㅋㅋㅋㅋ ㅋㅋㅋㅋㅋ,0.9474053382873535
2024-03-24 13:05:19,체코 와중에 체코행동ㅋㅋㅋㅋㅋㅋㅋ,ㅋㅋㅋ,4,4.0,체코 와중에 체코행동ㅋㅋㅋㅋㅋㅋㅋ ㅋㅋㅋ,체코 와중에 체코행동ㅋㅋㅋㅋㅋㅋㅋ ㅋㅋㅋ,0.6853374242782593
2024-03-24 13:05:22,재미없으면 개추 ㅋㅋ,,4,4.0,재미없으면 개추 ㅋㅋ ,재미없으면 개추 ㅋㅋ,0.6584631204605103
2024-03-24 13:05:40,막스우승이네,- dc official App,4,4.0,막스우승이네 - dc official App,막스우승이네 - dc official App,0.10178486257791519
2024-03-24 13:05:48,0.2초 ? ㅋㅋ,,4,4.0,0.2초 ? ㅋㅋ ,0.2초 ? ㅋㅋ,0.5453255772590637
2024-03-24 13:05:51,오 대인츠 ㅈㅂㅈㅂ,,4,4.0,오 대인츠 ㅈㅂㅈㅂ ,오 대인츠 ㅈㅂㅈㅂ,0.9028264880180359
2024-03-24 13:05:53,오늘 체코가 P2까지 얼마나 걸리느냐를 보겠읍니다,딸깍딸깍,4,4.0,오늘 체코가 P2까지 얼마나 걸리느냐를 보겠읍니다 딸깍딸깍,오늘 체코가 P2까지 얼마나 걸리느냐를 보겠읍니다 딸깍딸깍,0.1156158298254013
2024-03-24 13:06:02,대인지 가보자,ㅇㅇ,4,4.0,대인지 가보자 ㅇㅇ,대인지 가보자 ㅇㅇ,0.11090265959501266
2024-03-24 13:06:03,ㅅㅂ 사인츠 !!!!!!!!!!,베르스타펜 따라 붙는거보소 ㅋㅋㅋ,4,4.0,ㅅㅂ 사인츠 !!!!!!!!!! 베르스타펜 따라 붙는거보소 ㅋㅋㅋ,ㅅㅂ 사인츠 !!!!!!!!!! 베르스타펜 따라 붙는거보소 ㅋㅋㅋ,0.5936108231544495
2024-03-24 13:06:04,대인츠 잘붙는데?,가냐?,4,4.0,대인츠 잘붙는데? 가냐?,대인츠 잘붙는데? 가냐?,0.2723512351512909
2024-03-24 13:06:06,대 인 츠 ㅋㅋㅋㅋㅋㅋㅋㅋ,,4,4.0,대 인 츠 ㅋㅋㅋㅋㅋㅋㅋㅋ ,대 인 츠 ㅋㅋㅋㅋㅋㅋㅋㅋ,0.44416338205337524
2024-03-24 13:06:08,역시 퍼스트행동 사인츠 ㅋㅋㅋㅋㅋㅋㅋㅋㅋㅋ,"ㅅㅅ
- dc official App",4,4.0,"역시 퍼스트행동 사인츠 ㅋㅋㅋㅋㅋㅋㅋㅋㅋㅋ ㅅㅅ
- dc official App",역시 퍼스트행동 사인츠 ㅋㅋㅋㅋㅋㅋㅋㅋㅋㅋ ㅅㅅ - dc official App,0.5071397423744202
2024-03-24 13:06:08,ㅅㅅㅅㅅㅅㅅㅅㅅㅅㅅㅅㅅ,,4,4.0,ㅅㅅㅅㅅㅅㅅㅅㅅㅅㅅㅅㅅ ,ㅅㅅㅅㅅㅅㅅㅅㅅㅅㅅㅅㅅ,0.3595224618911743
2024-03-24 13:06:06,대인츠ㄷㄷㄷㄷㄷ,,4,4.0,대인츠ㄷㄷㄷㄷㄷ ,대인츠ㄷㄷㄷㄷㄷ,0.1774022877216339
2024-03-24 13:06:09,사인지 컄ㅋㅋㅋㅋㅋㅋㅋㅋㅋㅋㅋㅋ,,4,4.0,사인지 컄ㅋㅋㅋㅋㅋㅋㅋㅋㅋㅋㅋㅋ ,사인지 컄ㅋㅋㅋㅋㅋㅋㅋㅋㅋㅋㅋㅋ,0.7958906888961792
2024-03-24 13:06:11,대인지ㅋㅋㅋㅋㅋㅋ,ㅋㅋ,4,4.0,대인지ㅋㅋㅋㅋㅋㅋ ㅋㅋ,대인지ㅋㅋㅋㅋㅋㅋ ㅋㅋ,0.41926711797714233
2024-03-24 13:06:11,ㅅㅅㅅㅅㅅ,,4,4.0,ㅅㅅㅅㅅㅅ ,ㅅㅅㅅㅅㅅ,0.1711093783378601
2024-03-24 13:06:12,어 시발 형이야 ㅋㅋㅋ,,4,4.0,어 시발 형이야 ㅋㅋㅋ ,어 시발 형이야 ㅋㅋㅋ,0.8111370205879211
2024-03-24 13:06:13,대 인 츠,ㄷ,4,4.0,대 인 츠 ㄷ,대 인 츠 ㄷ,0.6435788869857788
2024-03-24 13:06:15,대 인 지,,5,5.0,대 인 지 ,대 인 지,0.20278547704219818
2024-03-24 13:06:13,대 라 리 시발 ㅋㅋㅋㅋㅋㅋ,- dc official App,4,4.0,대 라 리 시발 ㅋㅋㅋㅋㅋㅋ - dc official App,대 라 리 시발 ㅋㅋㅋㅋㅋㅋ - dc official App,0.8507457971572876
2024-03-24 13:06:15,우리 퍼스트 ㅋㅋㅋㅋㅋ,,5,5.0,우리 퍼스트 ㅋㅋㅋㅋㅋ ,우리 퍼스트 ㅋㅋㅋㅋㅋ,0.52586430311203
2024-03-24 13:06:15,티포시의 주말ㅋㅋㅋㅋㅋㅋㅋㅋㅋㅋㅋ,,5,5.0,티포시의 주말ㅋㅋㅋㅋㅋㅋㅋㅋㅋㅋㅋ ,티포시의 주말ㅋㅋㅋㅋㅋㅋㅋㅋㅋㅋㅋ,0.260479211807251
2024-03-24 13:06:16,대인츠 ㄷㄷㄷ,ㄷㄷㄷ,5,5.0,대인츠 ㄷㄷㄷ ㄷㄷㄷ,대인츠 ㄷㄷㄷ ㄷㄷㄷ,0.16424015164375305
2024-03-24 13:06:17,갑자기 개꿀잼ㅋㅋㅋㅋㅋㅋㅋㅋ,ㅋㅋㅋㅋㅋㅋㅁㄴㅇ,5,5.0,갑자기 개꿀잼ㅋㅋㅋㅋㅋㅋㅋㅋ ㅋㅋㅋㅋㅋㅋㅁㄴㅇ,갑자기 개꿀잼ㅋㅋㅋㅋㅋㅋㅋㅋ ㅋㅋㅋㅋㅋㅋㅁㄴㅇ,0.631593644618988
2024-03-24 13:06:18,대라리 ㅋㅋㅋㅋㅋ,,5,5.0,대라리 ㅋㅋㅋㅋㅋ ,대라리 ㅋㅋㅋㅋㅋ,0.910071611404419
2024-03-24 13:06:19,대인지 ㅋㅋㅋㅋㅋㅋㅋ,엌ㅋㅋㅋㅋ,5,5.0,대인지 ㅋㅋㅋㅋㅋㅋㅋ 엌ㅋㅋㅋㅋ,대인지 ㅋㅋㅋㅋㅋㅋㅋ 엌ㅋㅋㅋㅋ,0.6915562748908997
2024-03-24 13:06:18,갑자기 재미있으면 개추,ㅋㅋㅋㅋㅋ,5,5.0,갑자기 재미있으면 개추 ㅋㅋㅋㅋㅋ,갑자기 재미있으면 개추 ㅋㅋㅋㅋㅋ,0.12036733329296112
2024-03-24 13:06:20,대인짘ㅋㅋㅋ,ㅋㅋㅋㅋㅋ,5,5.0,대인짘ㅋㅋㅋ ㅋㅋㅋㅋㅋ,대인짘ㅋㅋㅋ ㅋㅋㅋㅋㅋ,0.7837782502174377
2024-03-24 13:06:20,대인츠 컄ㅋㅋㅋㅋㅋㅋㅋㅋㅋㅋ,"ㅋㅋㅋㅋㅋㅋ
- dc official App",5,5.0,"대인츠 컄ㅋㅋㅋㅋㅋㅋㅋㅋㅋㅋ ㅋㅋㅋㅋㅋㅋ
- dc official App",대인츠 컄ㅋㅋㅋㅋㅋㅋㅋㅋㅋㅋ ㅋㅋㅋㅋㅋㅋ - dc official App,0.6574934720993042
2024-03-24 13:06:20,막스 추월 얼마만에 보냐 ㅋㅋㅋㅋㅋㅋㅋㅋㅋㅋ,,5,5.0,막스 추월 얼마만에 보냐 ㅋㅋㅋㅋㅋㅋㅋㅋㅋㅋ ,막스 추월 얼마만에 보냐 ㅋㅋㅋㅋㅋㅋㅋㅋㅋㅋ,0.20021969079971313
2024-03-24 13:06:20,황 라 리,"황인츠 1위
- dc official App",5,5.0,"황 라 리 황인츠 1위
- dc official App",황 라 리 황인츠 1위 - dc official App,0.14968928694725037
2024-03-24 13:06:21,오잉 ㅋㅋㅋㅋㅋㅋ,- dc official App,5,5.0,오잉 ㅋㅋㅋㅋㅋㅋ - dc official App,오잉 ㅋㅋㅋㅋㅋㅋ - dc official App,0.15432369709014893
2024-03-24 13:06:22,사인지ㅌㅌㅋㅋㅋㅋㅋㅋ,ㅋㅋㅋㅋㅋ,5,5.0,사인지ㅌㅌㅋㅋㅋㅋㅋㅋ ㅋㅋㅋㅋㅋ,사인지ㅌㅌㅋㅋㅋㅋㅋㅋ ㅋㅋㅋㅋㅋ,0.4781903028488159
2024-03-24 13:06:22,아니 시발 대인츠 ㅋㅋㅋㅋ,,5,5.0,아니 시발 대인츠 ㅋㅋㅋㅋ ,아니 시발 대인츠 ㅋㅋㅋㅋ,0.786760151386261
2024-03-24 13:06:23,티포시의 주말 입갤 ㅋㅋㅋㅋㅋㅋ,,5,5.0,티포시의 주말 입갤 ㅋㅋㅋㅋㅋㅋ ,티포시의 주말 입갤 ㅋㅋㅋㅋㅋㅋ,0.1563272923231125
2024-03-24 13:06:24,딸깍은 황라리였고 ㅋㅋ,ㅋㅋ,5,5.0,딸깍은 황라리였고 ㅋㅋ ㅋㅋ,딸깍은 황라리였고 ㅋㅋ ㅋㅋ,0.9462206959724426
2024-03-24 13:06:23,갑자기 재밌어졌으면 개추 ㅋㅋㅋ,,5,5.0,갑자기 재밌어졌으면 개추 ㅋㅋㅋ ,갑자기 재밌어졌으면 개추 ㅋㅋㅋ,0.09525062888860703
2024-03-24 13:06:24,대인츠 미쳤노ㄷㄷ,,5,5.0,대인츠 미쳤노ㄷㄷ ,대인츠 미쳤노ㄷㄷ,0.38947615027427673
2024-03-24 13:06:25,대황사인즈 ㅋㅋㅋㅋ,ㅋㅋㅋ,5,5.0,대황사인즈 ㅋㅋㅋㅋ ㅋㅋㅋ,대황사인즈 ㅋㅋㅋㅋ ㅋㅋㅋ,0.5127734541893005
2024-03-24 13:06:27,대인츠 대라리 씨발ㅋㅋ몽골 지금추월당하는거첨봄,,5,5.0,대인츠 대라리 씨발ㅋㅋ몽골 지금추월당하는거첨봄 ,대인츠 대라리 씨발ㅋㅋ몽골 지금추월당하는거첨봄,0.8663029670715332
2024-03-24 13:06:27,??????,- dc official App,5,5.0,?????? - dc official App,?????? - dc official App,0.2553851008415222
2024-03-24 13:06:28,와ㅏㅏㅏㅏㅏㅏ,사인트,5,5.0,와ㅏㅏㅏㅏㅏㅏ 사인트,와ㅏㅏㅏㅏㅏㅏ 사인트,0.0717170387506485
2024-03-24 13:06:28,대인지 !!!!!!!1111!!!!!!!!!!!!!!!,꺼몬!!!!!!!!!!!!!!!,5,5.0,대인지 !!!!!!!1111!!!!!!!!!!!!!!! 꺼몬!!!!!!!!!!!!!!!,대인지 !!!!!!!1111!!!!!!!!!!!!!!! 꺼몬!!!!!!!!!!!!!!!,0.6804569959640503
2024-03-24 13:06:30,대인즈,ㅋㅋㅋㅋㅋㅋㅋ,5,5.0,대인즈 ㅋㅋㅋㅋㅋㅋㅋ,대인즈 ㅋㅋㅋㅋㅋㅋㅋ,0.43168458342552185
2024-03-24 13:06:31,대 인 츠,- dc official App,5,5.0,대 인 츠 - dc official App,대 인 츠 - dc official App,0.11335708945989609
2024-03-24 13:06:31,사인츠가 딸깍을 하네 ㅋㅋㅋㅋ,,5,5.0,사인츠가 딸깍을 하네 ㅋㅋㅋㅋ ,사인츠가 딸깍을 하네 ㅋㅋㅋㅋ,0.45597636699676514
2024-03-24 13:06:32,어 형이야,"형은 나를 쫒아낸 팀이랑 후회물을 찍어
- dc official App",5,5.0,"어 형이야 형은 나를 쫒아낸 팀이랑 후회물을 찍어
- dc official App",어 형이야 형은 나를 쫒아낸 팀이랑 후회물을 찍어 - dc official App,0.6323398351669312
2024-03-24 13:06:33,막스 따이는거 ㅈㄴ 오래만에 보노 ㅋㅋㅋ,,5,5.0,막스 따이는거 ㅈㄴ 오래만에 보노 ㅋㅋㅋ ,막스 따이는거 ㅈㄴ 오래만에 보노 ㅋㅋㅋ,0.7242541313171387
2024-03-24 13:06:33,겁자기 개꿀잼 ㅋㅋ,,5,5.0,겁자기 개꿀잼 ㅋㅋ ,겁자기 개꿀잼 ㅋㅋ,0.09563549607992172
2024-03-24 13:06:34,개씨발 이게 섹스지 ㅋㅋㅋㅋㅋㅋㅋㅋㅋㅋㅋㅋㅋㅋ,ㅋㅋㅋㅋㄹㅋ,5,5.0,개씨발 이게 섹스지 ㅋㅋㅋㅋㅋㅋㅋㅋㅋㅋㅋㅋㅋㅋ ㅋㅋㅋㅋㄹㅋ,개씨발 이게 섹스지 ㅋㅋㅋㅋㅋㅋㅋㅋㅋㅋㅋㅋㅋㅋ ㅋㅋㅋㅋㄹㅋ,0.9401677250862122
2024-03-24 13:06:34,페라리 븅쉰 새키드라 ㅋㅋㅋㅋㅋㅋㅋㅋㅋㅋㅋㅋㅋ,사인츠를 재계약 안해? ㅋㅋㅋㅋㅋㅋㅋㅋㅋㅋ,5,5.0,페라리 븅쉰 새키드라 ㅋㅋㅋㅋㅋㅋㅋㅋㅋㅋㅋㅋㅋ 사인츠를 재계약 안해? ㅋㅋㅋㅋㅋㅋㅋㅋㅋㅋ,페라리 븅쉰 새키드라 ㅋㅋㅋㅋㅋㅋㅋㅋㅋㅋㅋㅋㅋ 사인츠를 재계약 안해? ㅋㅋㅋㅋㅋㅋㅋㅋㅋㅋ,0.9457728266716003
2024-03-24 13:06:34,대 인 츠,"씨발 물탕이 오지마 ㅋㅋ
- dc official App",5,5.0,"대 인 츠 씨발 물탕이 오지마 ㅋㅋ
- dc official App",대 인 츠 씨발 물탕이 오지마 ㅋㅋ - dc official App,0.9020048379898071
2024-03-24 13:06:35,대인즈 ㄷㄷㄷㄷ,뭐노 ㅋㅋㅋㅋㅋㅋ,5,5.0,대인즈 ㄷㄷㄷㄷ 뭐노 ㅋㅋㅋㅋㅋㅋ,대인즈 ㄷㄷㄷㄷ 뭐노 ㅋㅋㅋㅋㅋㅋ,0.5902649760246277
2024-03-24 13:06:35,트루 퍼스트 ㅋㅋㅋㅋㅋㅋㅋㅋㅋㅋㅋㅋㅋ,근데 올해가 마지막인 www,5,5.0,트루 퍼스트 ㅋㅋㅋㅋㅋㅋㅋㅋㅋㅋㅋㅋㅋ 근데 올해가 마지막인 www,트루 퍼스트 ㅋㅋㅋㅋㅋㅋㅋㅋㅋㅋㅋㅋㅋ 근데 올해가 마지막인 www,0.6250683069229126
2024-03-24 13:06:36,대인츠 ㄷㄷㄷㄷㄷ,제발좀 이기자,5,5.0,대인츠 ㄷㄷㄷㄷㄷ 제발좀 이기자,대인츠 ㄷㄷㄷㄷㄷ 제발좀 이기자,0.11741577833890915
2024-03-24 13:06:36,뭐해 씨발련들아,이래도 재미없어 ?,5,5.0,뭐해 씨발련들아 이래도 재미없어 ?,뭐해 씨발련들아 이래도 재미없어 ?,0.9403429627418518
2024-03-24 13:06:37,사인츠 대신 해밀턴ㅋㅋㅋㅋㅋ,ㅋㅋㅋㅋㅋ,5,5.0,사인츠 대신 해밀턴ㅋㅋㅋㅋㅋ ㅋㅋㅋㅋㅋ,사인츠 대신 해밀턴ㅋㅋㅋㅋㅋ ㅋㅋㅋㅋㅋ,0.42673829197883606
2024-03-24 13:06:37,막스 추월 당하는거 얼마만이냨ㅋㅋㅋㅋㅋㅋ,"ㅋㅋㅋ
- dc official App",5,5.0,"막스 추월 당하는거 얼마만이냨ㅋㅋㅋㅋㅋㅋ ㅋㅋㅋ
- dc official App",막스 추월 당하는거 얼마만이냨ㅋㅋㅋㅋㅋㅋ ㅋㅋㅋ - dc official App,0.4682479202747345
2024-03-24 13:06:38,내장경량화ㄷㄷㄷ,- dc official App,5,5.0,내장경량화ㄷㄷㄷ - dc official App,내장경량화ㄷㄷㄷ - dc official App,0.11147002875804901
2024-03-24 13:06:40,노잼이라 한 놈들 누구냐,"나다 미안하다
씨발 야스",5,5.0,"노잼이라 한 놈들 누구냐 나다 미안하다
씨발 야스",노잼이라 한 놈들 누구냐 나다 미안하다 씨발 야스,0.9483262896537781
2024-03-24 13:06:42,차이 벌어진다ㅋㅋㅋㅋ,ㅋㅋㅋㅋ,5,5.0,차이 벌어진다ㅋㅋㅋㅋ ㅋㅋㅋㅋ,차이 벌어진다ㅋㅋㅋㅋ ㅋㅋㅋㅋ,0.4413924813270569
2024-03-24 13:06:42,이게 얼마만의 막스 추월당하는 씬이냐 ㅋㅋㅋㅋ,,5,5.0,이게 얼마만의 막스 추월당하는 씬이냐 ㅋㅋㅋㅋ ,이게 얼마만의 막스 추월당하는 씬이냐 ㅋㅋㅋㅋ,0.3224995732307434
2024-03-24 13:06:44,대 라 리,가즈아ㅏㅏㅏㅏ,5,5.0,대 라 리 가즈아ㅏㅏㅏㅏ,대 라 리 가즈아ㅏㅏㅏㅏ,0.16565032303333282
2024-03-24 13:06:44,대 인 지,,5,5.0,대 인 지 ,대 인 지,0.20278547704219818
2024-03-24 13:06:44,사인츠 <<<<<< 걍 신임 ㅋㅋ,ㅋ,5,5.0,사인츠 <<<<<< 걍 신임 ㅋㅋ ㅋ,사인츠 <<<<<< 걍 신임 ㅋㅋ ㅋ,0.7279672026634216
2024-03-24 13:06:50,몽골 지금타이밍에따이는거 ㄹㅇ 첨보네 미친,,5,5.0,몽골 지금타이밍에따이는거 ㄹㅇ 첨보네 미친 ,몽골 지금타이밍에따이는거 ㄹㅇ 첨보네 미친,0.8784049153327942
2024-03-24 13:06:55,몽골 강점기 캍,ㅋㅋ,5,5.0,몽골 강점기 캍 ㅋㅋ,몽골 강점기 캍 ㅋㅋ,0.8136130571365356
2024-03-24 13:06:57,대인츠 패랩,,5,5.0,대인츠 패랩 ,대인츠 패랩,0.09808740764856339
2024-03-24 13:06:58,대 인 지 ㄷㄷ,- dc official App,5,5.0,대 인 지 ㄷㄷ - dc official App,대 인 지 ㄷㄷ - dc official App,0.12641867995262146
2024-03-24 13:06:59,막가놈 도주실패ㅋㅋㅋㅋ,,5,5.0,막가놈 도주실패ㅋㅋㅋㅋ ,막가놈 도주실패ㅋㅋㅋㅋ,0.9408828020095825
2024-03-24 13:07:01,시발 왜 내보내는거야,,5,5.0,시발 왜 내보내는거야 ,시발 왜 내보내는거야,0.7908558249473572
2024-03-24 13:07:01,저렇게 잘해주는 진짜 퍼스트 나가고 퇴물된 전 월챔이 올리가 없잖아 ㅋㅋ,설마요 ㅋㅋㅋㅋㅋㅋ,5,5.0,저렇게 잘해주는 진짜 퍼스트 나가고 퇴물된 전 월챔이 올리가 없잖아 ㅋㅋ 설마요 ㅋㅋㅋㅋㅋㅋ,저렇게 잘해주는 진짜 퍼스트 나가고 퇴물된 전 월챔이 올리가 없잖아 ㅋㅋ 설마요 ㅋㅋㅋㅋㅋㅋ,0.9172689318656921
2024-03-24 13:07:05,차가ㅜ이상햌ㅋㅋㅋㅋㅋㅋㅋㅋㅋ,"ㅋㅋㅋ
- dc official App",5,5.0,"차가ㅜ이상햌ㅋㅋㅋㅋㅋㅋㅋㅋㅋ ㅋㅋㅋ
- dc official App",차가ㅜ이상햌ㅋㅋㅋㅋㅋㅋㅋㅋㅋ ㅋㅋㅋ - dc official App,0.5306700468063354
2024-03-24 13:07:09,사인지 패랩 ㄷㄷ,ㅇ,5,5.0,사인지 패랩 ㄷㄷ ㅇ,사인지 패랩 ㄷㄷ ㅇ,0.08862867951393127
2024-03-24 13:07:09,세계 최고의 F1팀이 어디라고?,페라리,5,5.0,세계 최고의 F1팀이 어디라고? 페라리,세계 최고의 F1팀이 어디라고? 페라리,0.13307997584342957
2024-03-24 13:07:10,막싸 대전 개꿀잼이노ㅋㅋㅋㅋ,ㅋㅋ,5,5.0,막싸 대전 개꿀잼이노ㅋㅋㅋㅋ ㅋㅋ,막싸 대전 개꿀잼이노ㅋㅋㅋㅋ ㅋㅋ,0.7126501798629761
2024-03-24 13:07:11,내가 계약서 찢어버리고 싶은 바수르면 개추 ㅋㅋㅋㅋ,ㅇㄷㄴㅂㅌ ㅋㅋㅋㅋ,5,5.0,내가 계약서 찢어버리고 싶은 바수르면 개추 ㅋㅋㅋㅋ ㅇㄷㄴㅂㅌ ㅋㅋㅋㅋ,내가 계약서 찢어버리고 싶은 바수르면 개추 ㅋㅋㅋㅋ ㅇㄷㄴㅂㅌ ㅋㅋㅋㅋ,0.9209277033805847
2024-03-24 13:07:16,맹장의 무게만큼 가볍다,ㅇㅇ..,5,5.0,맹장의 무게만큼 가볍다 ㅇㅇ..,맹장의 무게만큼 가볍다 ㅇㅇ..,0.21594052016735077
2024-03-24 13:07:18,대인츠 존나잘하노,,5,5.0,대인츠 존나잘하노 ,대인츠 존나잘하노,0.14110590517520905
2024-03-24 13:07:19,페라리<<<걍 사람을 못봄 ㅋㅋ,,5,5.0,페라리<<<걍 사람을 못봄 ㅋㅋ ,페라리<<<걍 사람을 못봄 ㅋㅋ,0.642754852771759
2024-03-24 13:07:24,저런 대인지를 버리고 데려온 해물탕ㅋㅋㅋㅋ,ㅋㅋㅋㅋ,5,5.0,저런 대인지를 버리고 데려온 해물탕ㅋㅋㅋㅋ ㅋㅋㅋㅋ,저런 대인지를 버리고 데려온 해물탕ㅋㅋㅋㅋ ㅋㅋㅋㅋ,0.8670135140419006
2024-03-24 13:07:27,막스 추월당하는거 한 일년만에 보는듯,;,5,5.0,막스 추월당하는거 한 일년만에 보는듯 ;,막스 추월당하는거 한 일년만에 보는듯 ;,0.15254420042037964
2024-03-24 13:07:27,우리 퍼스트ㅋㅋㅋㅋㅋㅋㅋ,ㅋㅋㅋㅋ,5,5.0,우리 퍼스트ㅋㅋㅋㅋㅋㅋㅋ ㅋㅋㅋㅋ,우리 퍼스트ㅋㅋㅋㅋㅋㅋㅋ ㅋㅋㅋㅋ,0.6917759776115417
2024-03-24 13:07:27,또 연승 사인츠가 막나ㅋㅋㅋㅋ,,5,5.0,또 연승 사인츠가 막나ㅋㅋㅋㅋ ,또 연승 사인츠가 막나ㅋㅋㅋㅋ,0.27214908599853516
2024-03-24 13:07:28,급 꿀잼,극초반이지만 뭐 추월 당하는게 꿀잼이노,5,5.0,급 꿀잼 극초반이지만 뭐 추월 당하는게 꿀잼이노,급 꿀잼 극초반이지만 뭐 추월 당하는게 꿀잼이노,0.26226577162742615
2024-03-24 13:07:30,베르스타펜 앞에 있는 차는 백마커인가요?,왜 안 비키죠?,5,5.0,베르스타펜 앞에 있는 차는 백마커인가요? 왜 안 비키죠?,베르스타펜 앞에 있는 차는 백마커인가요? 왜 안 비키죠?,0.1637493371963501
2024-03-24 13:07:32,저런 사인즈를 버리고 퇴물탕ㅋㅋㅋㅋ,ㅋㅋㅋㅋ,5,5.0,저런 사인즈를 버리고 퇴물탕ㅋㅋㅋㅋ ㅋㅋㅋㅋ,저런 사인즈를 버리고 퇴물탕ㅋㅋㅋㅋ ㅋㅋㅋㅋ,0.9083200097084045
2024-03-24 13:07:34,지금 당장 계약서 찢어버릴 것 같노 ㅋㅋ,,5,5.0,지금 당장 계약서 찢어버릴 것 같노 ㅋㅋ ,지금 당장 계약서 찢어버릴 것 같노 ㅋㅋ,0.8067546486854553
2024-03-24 13:07:38,토토는 기어서라도 대인츠 가져와라ㅋㅋㅋㅋ,,5,5.0,토토는 기어서라도 대인츠 가져와라ㅋㅋㅋㅋ ,토토는 기어서라도 대인츠 가져와라ㅋㅋㅋㅋ,0.8862721920013428
2024-03-24 13:07:41,대인지,,6,6.0,대인지 ,대인지,0.11263857036828995
2024-03-24 13:07:43,페라리는 사인지 왜 내쫒은거냐 대체 ㅋㅋㅋㅋ,,6,6.0,페라리는 사인지 왜 내쫒은거냐 대체 ㅋㅋㅋㅋ ,페라리는 사인지 왜 내쫒은거냐 대체 ㅋㅋㅋㅋ,0.3555302619934082
2024-03-24 13:07:53,하 존나행복해,"패라리가 레드불을!! 드디어!!
- dc official App",6,6.0,"하 존나행복해 패라리가 레드불을!! 드디어!!
- dc official App",하 존나행복해 패라리가 레드불을!! 드디어!! - dc official App,0.06505759805440903
2024-03-24 13:07:53,계약서 안 찢고 뭐하노ㅋㅋ,ㅋㅋㅋ,6,6.0,계약서 안 찢고 뭐하노ㅋㅋ ㅋㅋㅋ,계약서 안 찢고 뭐하노ㅋㅋ ㅋㅋㅋ,0.8922662138938904
2024-03-24 13:07:56,느그레르 맥라렌 뒤에서 뭐하노 ㅋㅋ,"퍼스트 호소인 ㅅㅅ
- dc official App",6,6.0,"느그레르 맥라렌 뒤에서 뭐하노 ㅋㅋ 퍼스트 호소인 ㅅㅅ
- dc official App",느그레르 맥라렌 뒤에서 뭐하노 ㅋㅋ 퍼스트 호소인 ㅅㅅ - dc official App,0.9492464065551758
2024-03-24 13:07:56,막징징 ㅋㅋㅋㅋㅋ,,6,6.0,막징징 ㅋㅋㅋㅋㅋ ,막징징 ㅋㅋㅋㅋㅋ,0.7917405962944031
2024-03-24 13:07:58,페라리 더블포디움 가나,,6,6.0,페라리 더블포디움 가나 ,페라리 더블포디움 가나,0.09028753638267517
2024-03-24 13:07:58,막징징 ㅋㅋㅋ,,6,6.0,막징징 ㅋㅋㅋ ,막징징 ㅋㅋㅋ,0.7905076146125793
2024-03-24 13:07:59,몽골새끼 차탓시작 ㅋㅋㅋㅋㅋㅋ,,6,6.0,몽골새끼 차탓시작 ㅋㅋㅋㅋㅋㅋ ,몽골새끼 차탓시작 ㅋㅋㅋㅋㅋㅋ,0.9444870352745056
2024-03-24 13:08:00,막스 징징 ㅋㅋㅋㅋ,,6,6.0,막스 징징 ㅋㅋㅋㅋ ,막스 징징 ㅋㅋㅋㅋ,0.8273289203643799
2024-03-24 13:08:03,오피셜) 역사상 최악의 JOAT.,저런 사인츠를 내치고 1400억에 퇴물이나 사오는 똥라리,6,6.0,오피셜) 역사상 최악의 JOAT. 저런 사인츠를 내치고 1400억에 퇴물이나 사오는 똥라리,오피셜) 역사상 최악의 JOAT. 저런 사인츠를 내치고 1400억에 퇴물이나 사오는 똥라리,0.9603290557861328
2024-03-24 13:08:06,징징ㅋㅋㅋㅋ,ㅋㅋ,6,6.0,징징ㅋㅋㅋㅋ ㅋㅋ,징징ㅋㅋㅋㅋ ㅋㅋ,0.7780137658119202
2024-03-24 13:08:06,몽공 따이니까 바로 차탓ㅋㅋㅋㅋ,,6,6.0,몽공 따이니까 바로 차탓ㅋㅋㅋㅋ ,몽공 따이니까 바로 차탓ㅋㅋㅋㅋ,0.8969266414642334
2024-03-24 13:08:08,막스 욕 나왔다 찐이다 저건ㅋㅋ,,6,6.0,막스 욕 나왔다 찐이다 저건ㅋㅋ ,막스 욕 나왔다 찐이다 저건ㅋㅋ,0.46448051929473877
2024-03-24 13:08:10,갑자기 재밌어진 티포시면 개추 ㅋㅋㅋㅋ,,6,6.0,갑자기 재밌어진 티포시면 개추 ㅋㅋㅋㅋ ,갑자기 재밌어진 티포시면 개추 ㅋㅋㅋㅋ,0.13156268000602722
2024-03-24 13:08:10,또 징징 ㅋㅋㅋㅋㅋ,,6,6.0,또 징징 ㅋㅋㅋㅋㅋ ,또 징징 ㅋㅋㅋㅋㅋ,0.8017732501029968
2024-03-24 13:08:10,찡찡거리는거 듣기 좋네 ㅋㅋㅋ,"아 ㅋㅋㅋ 기분 좋다 ㅋㅋㅋ
- dc official App",6,6.0,"찡찡거리는거 듣기 좋네 ㅋㅋㅋ 아 ㅋㅋㅋ 기분 좋다 ㅋㅋㅋ
- dc official App",찡찡거리는거 듣기 좋네 ㅋㅋㅋ 아 ㅋㅋㅋ 기분 좋다 ㅋㅋㅋ - dc official App,0.8170353174209595
2024-03-24 13:08:11,차탓ㅋㅋㅋㅋㅋㅋㅋㅋㅋㅋㅋㅋ,"ㅋㅋㅋㅋ
- dc official App",6,6.0,"차탓ㅋㅋㅋㅋㅋㅋㅋㅋㅋㅋㅋㅋ ㅋㅋㅋㅋ
- dc official App",차탓ㅋㅋㅋㅋㅋㅋㅋㅋㅋㅋㅋㅋ ㅋㅋㅋㅋ - dc official App,0.5087153911590576
2024-03-24 13:08:12,ㅈㄴ 징징대노 ㅋㅋㅋㅋㅋㅋㅋㅋ,ㅋㅋㅋㅋㅋㅋ,6,6.0,ㅈㄴ 징징대노 ㅋㅋㅋㅋㅋㅋㅋㅋ ㅋㅋㅋㅋㅋㅋ,ㅈㄴ 징징대노 ㅋㅋㅋㅋㅋㅋㅋㅋ ㅋㅋㅋㅋㅋㅋ,0.9199764132499695
2024-03-24 13:08:12,몽골 징징 ㅋㅋㅋ,ㅋㅋ,6,6.0,몽골 징징 ㅋㅋㅋ ㅋㅋ,몽골 징징 ㅋㅋㅋ ㅋㅋ,0.8478789925575256
2024-03-24 13:08:13,징징징 ㅋㅋㅋㅋㅋㅋㅋㅋ,,6,6.0,징징징 ㅋㅋㅋㅋㅋㅋㅋㅋ ,징징징 ㅋㅋㅋㅋㅋㅋㅋㅋ,0.890587568283081
2024-03-24 13:08:14,막징징 ㅋㅋㅋㅋ,"월챔행동 미쳤노
- dc official App",6,6.0,"막징징 ㅋㅋㅋㅋ 월챔행동 미쳤노
- dc official App",막징징 ㅋㅋㅋㅋ 월챔행동 미쳤노 - dc official App,0.5828929543495178
2024-03-24 13:08:15,바로 차빨 시전ㅋㅋㅋ,ㅋㅋㅋ,6,6.0,바로 차빨 시전ㅋㅋㅋ ㅋㅋㅋ,바로 차빨 시전ㅋㅋㅋ ㅋㅋㅋ,0.7092756628990173
2024-03-24 13:08:19,어히발?ㅋㅋㅋㅋㅋㅋ,ㅋ,6,6.0,어히발?ㅋㅋㅋㅋㅋㅋ ㅋ,어히발?ㅋㅋㅋㅋㅋㅋ ㅋ,0.875934362411499
2024-03-24 13:08:20,사인지 막스 같은 팀에서 뛰었을때는 어떗노..ask,상대전적 어땠음,6,6.0,사인지 막스 같은 팀에서 뛰었을때는 어떗노..ask 상대전적 어땠음,사인지 막스 같은 팀에서 뛰었을때는 어떗노..ask 상대전적 어땠음,0.2567424476146698
2024-03-24 13:08:25,원투만 연석 풀로쓰네 ㅋㅋ,,6,6.0,원투만 연석 풀로쓰네 ㅋㅋ ,원투만 연석 풀로쓰네 ㅋㅋ,0.1259116679430008
2024-03-24 13:08:26,제발 ㅋㅋㅋㅋㅋㅋㅋㅋㅋㅋ,,6,6.0,제발 ㅋㅋㅋㅋㅋㅋㅋㅋㅋㅋ ,제발 ㅋㅋㅋㅋㅋㅋㅋㅋㅋㅋ,0.7618959546089172
2024-03-24 13:08:27,어 이거 완전,,6,6.0,어 이거 완전 ,어 이거 완전,0.10475226491689682
2024-03-24 13:08:28,제발리타ㅋㅋㅋㅋ,ㅋㅋ,6,6.0,제발리타ㅋㅋㅋㅋ ㅋㅋ,제발리타ㅋㅋㅋㅋ ㅋㅋ,0.857097864151001
2024-03-24 13:08:28,어어?? 막스 차 터지나?,,6,6.0,어어?? 막스 차 터지나? ,어어?? 막스 차 터지나?,0.16034887731075287
2024-03-24 13:08:29,막스 차 문제 ㄷㄷㄷㄷㄷㄷ,,6,6.0,막스 차 문제 ㄷㄷㄷㄷㄷㄷ ,막스 차 문제 ㄷㄷㄷㄷㄷㄷ,0.29758569598197937
2024-03-24 13:08:30,어 진짜 막스 간거같은데,,6,6.0,어 진짜 막스 간거같은데 ,어 진짜 막스 간거같은데,0.19965612888336182
2024-03-24 13:08:30,특이점은 온다 ㅋㅋㅋㅋㅋㅋㅋㅋ,- dc official App,6,6.0,특이점은 온다 ㅋㅋㅋㅋㅋㅋㅋㅋ - dc official App,특이점은 온다 ㅋㅋㅋㅋㅋㅋㅋㅋ - dc official App,0.20511087775230408
2024-03-24 13:08:30,노리스도 DRS들어왔네,ㅇㅇ,6,6.0,노리스도 DRS들어왔네 ㅇㅇ,노리스도 DRS들어왔네 ㅇㅇ,0.5196100473403931
2024-03-24 13:08:30,어어 몽골 큰일났나?,,6,6.0,어어 몽골 큰일났나? ,어어 몽골 큰일났나?,0.1354445070028305
2024-03-24 13:08:30,찌질하게 1위 뺏겼다고 징징대노,ㅉㅉㅉ,6,6.0,찌질하게 1위 뺏겼다고 징징대노 ㅉㅉㅉ,찌질하게 1위 뺏겼다고 징징대노 ㅉㅉㅉ,0.9378665089607239
2024-03-24 13:08:31,리타각이냐 시발ㅋㅋㅋ,어라,6,6.0,리타각이냐 시발ㅋㅋㅋ 어라,리타각이냐 시발ㅋㅋㅋ 어라,0.9272044897079468
2024-03-24 13:08:31,제발 불나라 ㅋㅋㅋㅋㅋㅋㅋㅋㅋ,ㅋㅋㅋㅋㅋㅋ,6,6.0,제발 불나라 ㅋㅋㅋㅋㅋㅋㅋㅋㅋ ㅋㅋㅋㅋㅋㅋ,제발 불나라 ㅋㅋㅋㅋㅋㅋㅋㅋㅋ ㅋㅋㅋㅋㅋㅋ,0.9121696949005127
2024-03-24 13:08:31,ㅇㅕㄴ기 ㅋㅋㅋㅋㅋㅋㅋㅋㅋㅋ,,6,6.0,ㅇㅕㄴ기 ㅋㅋㅋㅋㅋㅋㅋㅋㅋㅋ ,ㅇㅕㄴ기 ㅋㅋㅋㅋㅋㅋㅋㅋㅋㅋ,0.9126408696174622
2024-03-24 13:08:31,차탓ㅋㅋㅋㅋㅋ,,6,6.0,차탓ㅋㅋㅋㅋㅋ ,차탓ㅋㅋㅋㅋㅋ,0.5478332042694092
2024-03-24 13:08:32,루징파워 ㅋㅋㅋㅋ,ㅋㅋ,6,6.0,루징파워 ㅋㅋㅋㅋ ㅋㅋ,루징파워 ㅋㅋㅋㅋ ㅋㅋ,0.7901343107223511
2024-03-24 13:08:33,몽골 죽었 ㅋㅋㅋ,,6,6.0,몽골 죽었 ㅋㅋㅋ ,몽골 죽었 ㅋㅋㅋ,0.8297731876373291
2024-03-24 13:08:34,막스 비상!!!!!!!!!!!!!!!!!!!!!!!!!!!!!!!!!!!,리타이어냐?,6,6.0,막스 비상!!!!!!!!!!!!!!!!!!!!!!!!!!!!!!!!!!! 리타이어냐?,막스 비상!!!!!!!!!!!!!!!!!!!!!!!!!!!!!!!!!!! 리타이어냐?,0.4193190634250641
2024-03-24 13:08:34,좆몽골 리타각 ㅋㅋㅋㅋㅋ,ㅋㅋㅋㅋㅋ,6,6.0,좆몽골 리타각 ㅋㅋㅋㅋㅋ ㅋㅋㅋㅋㅋ,좆몽골 리타각 ㅋㅋㅋㅋㅋ ㅋㅋㅋㅋㅋ,0.9307811260223389
2024-03-24 13:08:35,몽골 리타 가냐????,각이냐???,6,6.0,몽골 리타 가냐???? 각이냐???,몽골 리타 가냐???? 각이냐???,0.8329604268074036
2024-03-24 13:08:35,르끌련 빠르게 따라와라 ㅋㅋ,,6,6.0,르끌련 빠르게 따라와라 ㅋㅋ ,르끌련 빠르게 따라와라 ㅋㅋ,0.8433942198753357
2024-03-24 13:08:36,연기 입갤 ㅋㅋㅋㅋㅋㅋㅋㅋㅋㅋㅋ,,6,6.0,연기 입갤 ㅋㅋㅋㅋㅋㅋㅋㅋㅋㅋㅋ ,연기 입갤 ㅋㅋㅋㅋㅋㅋㅋㅋㅋㅋㅋ,0.5084936022758484
2024-03-24 13:08:36,몽골 찡찡이아니라 차가 진짜 븅신인가본데?,연기나냐 ㅋㅋㅋ,6,6.0,몽골 찡찡이아니라 차가 진짜 븅신인가본데? 연기나냐 ㅋㅋㅋ,몽골 찡찡이아니라 차가 진짜 븅신인가본데? 연기나냐 ㅋㅋㅋ,0.9422885775566101
2024-03-24 13:08:34,막가놈 리탘ㅋㅋㅋㅋㅋㅋㅋㅋㅋㅋㅋ,,6,6.0,막가놈 리탘ㅋㅋㅋㅋㅋㅋㅋㅋㅋㅋㅋ ,막가놈 리탘ㅋㅋㅋㅋㅋㅋㅋㅋㅋㅋㅋ,0.8432617783546448
2024-03-24 13:08:36,막스사망ㅋㅋㅋㅋㅋㅋㅋ,ㅋㅋㅋㅋㅋ,6,6.0,막스사망ㅋㅋㅋㅋㅋㅋㅋ ㅋㅋㅋㅋㅋ,막스사망ㅋㅋㅋㅋㅋㅋㅋ ㅋㅋㅋㅋㅋ,0.6698697805404663
2024-03-24 13:08:37,막스 점마 왜 연기나노,,6,6.0,막스 점마 왜 연기나노 ,막스 점마 왜 연기나노,0.8520287275314331
2024-03-24 13:08:38,병신련ㅋㅋㅋ 따이자마자 징징대는거 존나 역겹네,제발 ㅈ망해라,6,6.0,병신련ㅋㅋㅋ 따이자마자 징징대는거 존나 역겹네 제발 ㅈ망해라,병신련ㅋㅋㅋ 따이자마자 징징대는거 존나 역겹네 제발 ㅈ망해라,0.9647127985954285
2024-03-24 13:08:38,몽골 리타 ㅅㅅㅅㅅㅅ,,6,6.0,몽골 리타 ㅅㅅㅅㅅㅅ ,몽골 리타 ㅅㅅㅅㅅㅅ,0.7675410509109497
2024-03-24 13:08:39,제발 리타이어,시발섹슼ㅋㅋㅋ,6,6.0,제발 리타이어 시발섹슼ㅋㅋㅋ,제발 리타이어 시발섹슼ㅋㅋㅋ,0.9524102807044983
2024-03-24 13:08:39,dnfㅋㅌㅌㅌㅌ,ㅋㅋㅋㅋㅋㅋ,6,6.0,dnfㅋㅌㅌㅌㅌ ㅋㅋㅋㅋㅋㅋ,dnfㅋㅌㅌㅌㅌ ㅋㅋㅋㅋㅋㅋ,0.7488223314285278
2024-03-24 13:08:39,몽골 컷ㅋㅋㅋㅋㅋㅋㅋㅋ,,6,6.0,몽골 컷ㅋㅋㅋㅋㅋㅋㅋㅋ ,몽골 컷ㅋㅋㅋㅋㅋㅋㅋㅋ,0.9195855855941772
2024-03-24 13:08:38,방구차 입갤 ㅋㅋㅋㅋㅋㅋ,,6,6.0,방구차 입갤 ㅋㅋㅋㅋㅋㅋ ,방구차 입갤 ㅋㅋㅋㅋㅋㅋ,0.8748974800109863
2024-03-24 13:08:39,막스 리타냐 ㅋㅋㅋㅋㅋㅋㅋㅋㅋㅋㅋ,,6,6.0,막스 리타냐 ㅋㅋㅋㅋㅋㅋㅋㅋㅋㅋㅋ ,막스 리타냐 ㅋㅋㅋㅋㅋㅋㅋㅋㅋㅋㅋ,0.5795192122459412
2024-03-24 13:08:39,막스 차 왜 군고구마 차 됨?,,6,6.0,막스 차 왜 군고구마 차 됨? ,막스 차 왜 군고구마 차 됨?,0.6220288276672363
2024-03-24 13:08:40,어 좆댓ㄷ,- dc official App,6,6.0,어 좆댓ㄷ - dc official App,어 좆댓ㄷ - dc official App,0.8330187797546387
2024-03-24 13:08:40,엔진 블로우 ㅅㅅㅅㅅㅅㅅㅅㅅㅅㅅㅅㅅㅅㅅㅅㅅ,,6,6.0,엔진 블로우 ㅅㅅㅅㅅㅅㅅㅅㅅㅅㅅㅅㅅㅅㅅㅅㅅ ,엔진 블로우 ㅅㅅㅅㅅㅅㅅㅅㅅㅅㅅㅅㅅㅅㅅㅅㅅ,0.6659260392189026
2024-03-24 13:08:41,ㅅㅅㅅㅅㅅㅅ,ㅅㅅ,6,6.0,ㅅㅅㅅㅅㅅㅅ ㅅㅅ,ㅅㅅㅅㅅㅅㅅ ㅅㅅ,0.32221871614456177
2024-03-24 13:08:41,???!,- dc official App,6,6.0,???! - dc official App,???! - dc official App,0.2209666669368744
2024-03-24 13:08:42,오늘 개꿀잼 경기 각 떴다ㅋㅋㅋㅋㅋㅋㅋㅋㅋㅋㅋㅋ,ㅋㅋㅋㅋ,6,6.0,오늘 개꿀잼 경기 각 떴다ㅋㅋㅋㅋㅋㅋㅋㅋㅋㅋㅋㅋ ㅋㅋㅋㅋ,오늘 개꿀잼 경기 각 떴다ㅋㅋㅋㅋㅋㅋㅋㅋㅋㅋㅋㅋ ㅋㅋㅋㅋ,0.24720583856105804
2024-03-24 13:08:42,꿀잼 on,,6,6.0,꿀잼 on ,꿀잼 on,0.10334260761737823
2024-03-24 13:08:43,아... 레드불 차량문제 오랜만에 보네,어어억 불난다 ㅋㅋㅋㅋㅋㅋㅋㅋㅋㅋㅋㅋㅋㅋㅋㅋㅋ,6,6.0,아... 레드불 차량문제 오랜만에 보네 어어억 불난다 ㅋㅋㅋㅋㅋㅋㅋㅋㅋㅋㅋㅋㅋㅋㅋㅋㅋ,아... 레드불 차량문제 오랜만에 보네 어어억 불난다 ㅋㅋㅋㅋㅋㅋㅋㅋㅋㅋㅋㅋㅋㅋㅋㅋㅋ,0.6148933172225952
2024-03-24 13:08:43,씨발ㅋㅋㅋㅋㅋ,,6,6.0,씨발ㅋㅋㅋㅋㅋ ,씨발ㅋㅋㅋㅋㅋ,0.8714849352836609
2024-03-24 13:08:43,징징이 맞았노 ㅋㅋㅋㅋㅋㅋㅋㅋㅋㅋ,,6,6.0,징징이 맞았노 ㅋㅋㅋㅋㅋㅋㅋㅋㅋㅋ ,징징이 맞았노 ㅋㅋㅋㅋㅋㅋㅋㅋㅋㅋ,0.9197415113449097
2024-03-24 13:08:44,막스 망했다 ㅋㅋㅋㅋㅋㅋㅋㅋ,연기 씨게 난다 ㅋㅋ,6,6.0,막스 망했다 ㅋㅋㅋㅋㅋㅋㅋㅋ 연기 씨게 난다 ㅋㅋ,막스 망했다 ㅋㅋㅋㅋㅋㅋㅋㅋ 연기 씨게 난다 ㅋㅋ,0.5373378396034241
2024-03-24 13:08:43,뿌아아아아아아아아아아앙,"엌ㅋㅋㅋㅋㅋㅋㅋㅋ
- dc official App",6,6.0,"뿌아아아아아아아아아아앙 엌ㅋㅋㅋㅋㅋㅋㅋㅋ
- dc official App",뿌아아아아아아아아아아앙 엌ㅋㅋㅋㅋㅋㅋㅋㅋ - dc official App,0.7501028776168823
2024-03-24 13:08:44,ㅅㅅㅅㅅㅅㅅ,들어가시고요~,6,6.0,ㅅㅅㅅㅅㅅㅅ 들어가시고요~,ㅅㅅㅅㅅㅅㅅ 들어가시고요~,0.718243420124054
2024-03-24 13:08:44,첫 사망 ㅋㅋㅋㅋㅋㅋㅌㅌㅌ,- dc official App,6,6.0,첫 사망 ㅋㅋㅋㅋㅋㅋㅌㅌㅌ - dc official App,첫 사망 ㅋㅋㅋㅋㅋㅋㅌㅌㅌ - dc official App,0.3840923011302948
2024-03-24 13:08:45,드디어 ㅋㅋㅋ,ㅋㅋㅋㅋㅋ,6,6.0,드디어 ㅋㅋㅋ ㅋㅋㅋㅋㅋ,드디어 ㅋㅋㅋ ㅋㅋㅋㅋㅋ,0.27283498644828796
2024-03-24 13:08:45,막스 컽 ㅋㅋㅋㅋㅋㅋㅋㅋㅋ,,6,6.0,막스 컽 ㅋㅋㅋㅋㅋㅋㅋㅋㅋ ,막스 컽 ㅋㅋㅋㅋㅋㅋㅋㅋㅋ,0.9144142866134644
2024-03-24 13:08:45,캬 ㅋㅋㅋㅋㅋㅋ,,6,6.0,캬 ㅋㅋㅋㅋㅋㅋ ,캬 ㅋㅋㅋㅋㅋㅋ,0.3174794912338257
2024-03-24 13:08:47,막스 아웃 ㅋㅋㅋ,"ㅋㅋㅋㅋ
- dc official App",6,6.0,"막스 아웃 ㅋㅋㅋ ㅋㅋㅋㅋ
- dc official App",막스 아웃 ㅋㅋㅋ ㅋㅋㅋㅋ - dc official App,0.4979372024536133
2024-03-24 13:08:47,레드불 사망ㅋㅋㅋㅋㅋㅋㅋㅋㅋㅋㅋㅋㅋㅋㅋㅋ,,6,6.0,레드불 사망ㅋㅋㅋㅋㅋㅋㅋㅋㅋㅋㅋㅋㅋㅋㅋㅋ ,레드불 사망ㅋㅋㅋㅋㅋㅋㅋㅋㅋㅋㅋㅋㅋㅋㅋㅋ,0.728437066078186
2024-03-24 13:08:47,ㄴㅇㅅ ㅋㅋㅋㅋ,ㅋㅋㅋㅋㅋㅋㅋㅋㅋ,6,6.0,ㄴㅇㅅ ㅋㅋㅋㅋ ㅋㅋㅋㅋㅋㅋㅋㅋㅋ,ㄴㅇㅅ ㅋㅋㅋㅋ ㅋㅋㅋㅋㅋㅋㅋㅋㅋ,0.5090063214302063
2024-03-24 13:08:48,드디어 막스 터지나 ㅋㅋㅋㅋㅋㅋㅋㅋㅋㅋㅋ,,6,6.0,드디어 막스 터지나 ㅋㅋㅋㅋㅋㅋㅋㅋㅋㅋㅋ ,드디어 막스 터지나 ㅋㅋㅋㅋㅋㅋㅋㅋㅋㅋㅋ,0.20153199136257172
2024-03-24 13:08:49,엔진 터졌다 ㅅㅅㅅㅅㅅ,개 꿀잼 입갤ㅋㅋㅋㅋ,6,6.0,엔진 터졌다 ㅅㅅㅅㅅㅅ 개 꿀잼 입갤ㅋㅋㅋㅋ,엔진 터졌다 ㅅㅅㅅㅅㅅ 개 꿀잼 입갤ㅋㅋㅋㅋ,0.5954803824424744
2024-03-24 13:08:49,막징징이 아니었어..?,ㄹㅇ 문제냐고,6,6.0,막징징이 아니었어..? ㄹㅇ 문제냐고,막징징이 아니었어..? ㄹㅇ 문제냐고,0.5298730731010437
2024-03-24 13:08:49,불난다 ㅅㅈ ㅌㅋㅌㅌ,ㅋㅋㅋㅋㅋㅋ,6,6.0,불난다 ㅅㅈ ㅌㅋㅌㅌ ㅋㅋㅋㅋㅋㅋ,불난다 ㅅㅈ ㅌㅋㅌㅌ ㅋㅋㅋㅋㅋㅋ,0.6792846918106079
2024-03-24 13:08:50,섹스 ㅅㅅㅅㅅㅅㅅㅅㅅㅅㅅ,,6,6.0,섹스 ㅅㅅㅅㅅㅅㅅㅅㅅㅅㅅ ,섹스 ㅅㅅㅅㅅㅅㅅㅅㅅㅅㅅ,0.7058345079421997
2024-03-24 13:08:50,막스 멸망 ㅋㅋㅋㅋ,뭐노 ㅋㅋㅋㅋㅋ,6,6.0,막스 멸망 ㅋㅋㅋㅋ 뭐노 ㅋㅋㅋㅋㅋ,막스 멸망 ㅋㅋㅋㅋ 뭐노 ㅋㅋㅋㅋㅋ,0.8553969264030457
2024-03-24 13:08:51,ㅅㅅㅅㅅㅅㅅㅅ,이거지ㅋㅋ,6,6.0,ㅅㅅㅅㅅㅅㅅㅅ 이거지ㅋㅋ,ㅅㅅㅅㅅㅅㅅㅅ 이거지ㅋㅋ,0.2516109347343445
2024-03-24 13:08:51,브레이크 타냐?,뭐임 저거,6,6.0,브레이크 타냐? 뭐임 저거,브레이크 타냐? 뭐임 저거,0.776691198348999
2024-03-24 13:08:51,ㅋㅋㅋㅋㅋㅋㅋ개꿀잼 ㅋㅋㅋㅋ,- dc official App,6,6.0,ㅋㅋㅋㅋㅋㅋㅋ개꿀잼 ㅋㅋㅋㅋ - dc official App,ㅋㅋㅋㅋㅋㅋㅋ개꿀잼 ㅋㅋㅋㅋ - dc official App,0.3187490701675415
2024-03-24 13:08:51,방구차 떳다,ㅋㅋㅋㅋㅋㅋ,6,6.0,방구차 떳다 ㅋㅋㅋㅋㅋㅋ,방구차 떳다 ㅋㅋㅋㅋㅋㅋ,0.801822304725647
2024-03-24 13:08:52,개꿀잼레이스 onㅋㅋㅋㅋㅋㅋ,ㅋㅋㅋㅋ,6,6.0,개꿀잼레이스 onㅋㅋㅋㅋㅋㅋ ㅋㅋㅋㅋ,개꿀잼레이스 onㅋㅋㅋㅋㅋㅋ ㅋㅋㅋㅋ,0.3916625380516052
2024-03-24 13:08:53,어ㅓㅓㅓㅓㅓ????,징징이아니야?,6,6.0,어ㅓㅓㅓㅓㅓ???? 징징이아니야?,어ㅓㅓㅓㅓㅓ???? 징징이아니야?,0.8786616921424866
2024-03-24 13:08:52,갑자기 존나 재밌으면 개추 ㅋㅋㅋㅋㅋ,,6,6.0,갑자기 존나 재밌으면 개추 ㅋㅋㅋㅋㅋ ,갑자기 존나 재밌으면 개추 ㅋㅋㅋㅋㅋ,0.26831620931625366
2024-03-24 13:08:53,막스 리타이어 가냐 ㅋㅋㅋㅋㅋㅋㅋㅋㅋㅋ,,6,6.0,막스 리타이어 가냐 ㅋㅋㅋㅋㅋㅋㅋㅋㅋㅋ ,막스 리타이어 가냐 ㅋㅋㅋㅋㅋㅋㅋㅋㅋㅋ,0.45769965648651123
2024-03-24 13:08:53,ㅋㅋㅋㅋㅋㅋㅋㅋㅋㅋㅋㅋㅋ,,6,6.0,ㅋㅋㅋㅋㅋㅋㅋㅋㅋㅋㅋㅋㅋ ,ㅋㅋㅋㅋㅋㅋㅋㅋㅋㅋㅋㅋㅋ,0.6572787165641785
2024-03-24 13:08:54,머고 ㅋㅋㅋㅋㅋㅋㅋㅋㅋㅋㅋㅋ,,6,6.0,머고 ㅋㅋㅋㅋㅋㅋㅋㅋㅋㅋㅋㅋ ,머고 ㅋㅋㅋㅋㅋㅋㅋㅋㅋㅋㅋㅋ,0.7299879789352417
2024-03-24 13:08:55,ㅅㅅㅅㅅㅅㅅㅅㅅㅅ,,6,6.0,ㅅㅅㅅㅅㅅㅅㅅㅅㅅ ,ㅅㅅㅅㅅㅅㅅㅅㅅㅅ,0.24916689097881317
2024-03-24 13:08:55,ㅋㅋㅋㅋㅋㅋㅋㅋ,아 꼬시다 꺼억,6,6.0,ㅋㅋㅋㅋㅋㅋㅋㅋ 아 꼬시다 꺼억,ㅋㅋㅋㅋㅋㅋㅋㅋ 아 꼬시다 꺼억,0.8513628840446472
2024-03-24 13:08:55,드디어 몽골 사망 ㅋㅋㅋㅋㅋㅋㅋ,,6,6.0,드디어 몽골 사망 ㅋㅋㅋㅋㅋㅋㅋ ,드디어 몽골 사망 ㅋㅋㅋㅋㅋㅋㅋ,0.7581773996353149
2024-03-24 13:08:55,ㅅㅅㅅㅅㅅ,"막스 사망 ㅅㅅㅅㅅㅅ
- dc official App",6,6.0,"ㅅㅅㅅㅅㅅ 막스 사망 ㅅㅅㅅㅅㅅ
- dc official App",ㅅㅅㅅㅅㅅ 막스 사망 ㅅㅅㅅㅅㅅ - dc official App,0.8091723322868347
2024-03-24 13:08:55,막스 사망ㅋㅋㅋㅋㅋㅋㅋㅋㅋㅋㅋㅋㅋ,,6,6.0,막스 사망ㅋㅋㅋㅋㅋㅋㅋㅋㅋㅋㅋㅋㅋ ,막스 사망ㅋㅋㅋㅋㅋㅋㅋㅋㅋㅋㅋㅋㅋ,0.737829864025116
2024-03-24 13:08:56,엌ㅋㅋㅋㅋㅋㅋ 몽골 좆망 ㅋ/ㅋㅋㅋㅋㅋㅋㅋㅋㅋ,개기분 좋네,6,6.0,엌ㅋㅋㅋㅋㅋㅋ 몽골 좆망 ㅋ/ㅋㅋㅋㅋㅋㅋㅋㅋㅋ 개기분 좋네,엌ㅋㅋㅋㅋㅋㅋ 몽골 좆망 ㅋ/ㅋㅋㅋㅋㅋㅋㅋㅋㅋ 개기분 좋네,0.9321571588516235
2024-03-24 13:08:57,아 이러면 재미없는데,ㅡㅡ,6,6.0,아 이러면 재미없는데 ㅡㅡ,아 이러면 재미없는데 ㅡㅡ,0.0715908631682396
2024-03-24 13:08:57,꿀잼ㅋㅋㅋㅋㅋㅋ,꿀잼예약 ㅋㅋㅋㅋㅋ,6,6.0,꿀잼ㅋㅋㅋㅋㅋㅋ 꿀잼예약 ㅋㅋㅋㅋㅋ,꿀잼ㅋㅋㅋㅋㅋㅋ 꿀잼예약 ㅋㅋㅋㅋㅋ,0.16556088626384735
2024-03-24 13:08:57,개씨발 섹스ㅋㅋㅋㅋㅋㅋㅋㅋ,,6,6.0,개씨발 섹스ㅋㅋㅋㅋㅋㅋㅋㅋ ,개씨발 섹스ㅋㅋㅋㅋㅋㅋㅋㅋ,0.9371993541717529
2024-03-24 13:08:58,ㅋㅋㅋㅋㅋㅋㅋㅈ됐놐ㅋㅋㅋㅋ,들어가~,6,6.0,ㅋㅋㅋㅋㅋㅋㅋㅈ됐놐ㅋㅋㅋㅋ 들어가~,ㅋㅋㅋㅋㅋㅋㅋㅈ됐놐ㅋㅋㅋㅋ 들어가~,0.924461305141449
2024-03-24 13:08:57,오콘팀라 몽골문제있다 오일새는듯,ㅋㅋㅋㅋ,6,6.0,오콘팀라 몽골문제있다 오일새는듯 ㅋㅋㅋㅋ,오콘팀라 몽골문제있다 오일새는듯 ㅋㅋㅋㅋ,0.5447423458099365
2024-03-24 13:08:58,와 ㅋㅋㅋㅋㅋ,,6,6.0,와 ㅋㅋㅋㅋㅋ ,와 ㅋㅋㅋㅋㅋ,0.15759596228599548
2024-03-24 13:08:59,허 뭐냐 ㅋㅋㅋㅋㅋㅋ,,6,6.0,허 뭐냐 ㅋㅋㅋㅋㅋㅋ ,허 뭐냐 ㅋㅋㅋㅋㅋㅋ,0.5150498747825623
2024-03-24 13:09:00,똥방구 발사 ㅋㅋㅋㅋ,ㅋㅋㅋㅋ,6,6.0,똥방구 발사 ㅋㅋㅋㅋ ㅋㅋㅋㅋ,똥방구 발사 ㅋㅋㅋㅋ ㅋㅋㅋㅋ,0.9190782308578491
2024-03-24 13:09:00,페라리 원투 가즈아 ㅋㅋㅋ씨 팔,"섹스
- dc official App",6,6.0,"페라리 원투 가즈아 ㅋㅋㅋ씨 팔 섹스
- dc official App",페라리 원투 가즈아 ㅋㅋㅋ씨 팔 섹스 - dc official App,0.9034374952316284
2024-03-24 13:09:01,ㅅㅅㅅㅅㅅㅋㅋㅋㅋㅋㅋ씨발,,6,6.0,ㅅㅅㅅㅅㅅㅋㅋㅋㅋㅋㅋ씨발 ,ㅅㅅㅅㅅㅅㅋㅋㅋㅋㅋㅋ씨발,0.7923949360847473
2024-03-24 13:09:02,2022 재림ㅋㅋㅋㅋㅋㅋㅋ,캬ㅋㅋㅋㅋㅋ,6,6.0,2022 재림ㅋㅋㅋㅋㅋㅋㅋ 캬ㅋㅋㅋㅋㅋ,2022 재림ㅋㅋㅋㅋㅋㅋㅋ 캬ㅋㅋㅋㅋㅋ,0.2671549618244171
2024-03-24 13:09:02,몽골 좆망 ㅋㅋㅋㅋㅋㅋㅋ,,6,6.0,몽골 좆망 ㅋㅋㅋㅋㅋㅋㅋ ,몽골 좆망 ㅋㅋㅋㅋㅋㅋㅋ,0.9391741752624512
2024-03-24 13:09:03,모두의 주말 가냐??,"우리은 모두 티포시니까 ㅋㅋㅋㅋㅋ
- dc official App",6,6.0,"모두의 주말 가냐?? 우리은 모두 티포시니까 ㅋㅋㅋㅋㅋ
- dc official App",모두의 주말 가냐?? 우리은 모두 티포시니까 ㅋㅋㅋㅋㅋ - dc official App,0.3335947096347809
2024-03-24 13:09:03,섹스ㅋㅋㅋㅋㅋㅋㅋ,- dc official App,6,6.0,섹스ㅋㅋㅋㅋㅋㅋㅋ - dc official App,섹스ㅋㅋㅋㅋㅋㅋㅋ - dc official App,0.7419226169586182
2024-03-24 13:09:03,진짜 막스 리타이어냐 ㅋㅋㅋㅋㅋㅋ,,6,6.0,진짜 막스 리타이어냐 ㅋㅋㅋㅋㅋㅋ ,진짜 막스 리타이어냐 ㅋㅋㅋㅋㅋㅋ,0.6589822173118591
2024-03-24 13:09:04,혼다 한건 해주냐?ㅋㅋㅋㅋㅋㅋㅋㅋㅋ,ㅅㅂ 개꿀잼각 ㅋㅋㅋㅋㅋㅋ,7,7.0,혼다 한건 해주냐?ㅋㅋㅋㅋㅋㅋㅋㅋㅋ ㅅㅂ 개꿀잼각 ㅋㅋㅋㅋㅋㅋ,혼다 한건 해주냐?ㅋㅋㅋㅋㅋㅋㅋㅋㅋ ㅅㅂ 개꿀잼각 ㅋㅋㅋㅋㅋㅋ,0.8345855474472046
2024-03-24 13:09:04,약속의 땅 오스트레일리아,"아 섹스 ㅋㅋㅋㅋㅋㅋㅋㅋㅋㅋㅋ
- dc official App",7,7.0,"약속의 땅 오스트레일리아 아 섹스 ㅋㅋㅋㅋㅋㅋㅋㅋㅋㅋㅋ
- dc official App",약속의 땅 오스트레일리아 아 섹스 ㅋㅋㅋㅋㅋㅋㅋㅋㅋㅋㅋ - dc official App,0.7641417980194092
2024-03-24 13:09:04,2024 호주는 레전드로 남겠구나,- dc official App,7,7.0,2024 호주는 레전드로 남겠구나 - dc official App,2024 호주는 레전드로 남겠구나 - dc official App,0.0750214084982872
2024-03-24 13:09:04,드디어ㅋㅋㅋㅋㅋㅋ,,7,7.0,드디어ㅋㅋㅋㅋㅋㅋ ,드디어ㅋㅋㅋㅋㅋㅋ,0.08543865382671356
2024-03-24 13:09:05,ㅅㅅㅅㅅㅅㅅㅅㅅㅅㅅㅅㅅ,,7,7.0,ㅅㅅㅅㅅㅅㅅㅅㅅㅅㅅㅅㅅ ,ㅅㅅㅅㅅㅅㅅㅅㅅㅅㅅㅅㅅ,0.3595224618911743
2024-03-24 13:09:05,엔진오일 타네 ㅋㅋㅋㅋㅋㅋㅋㅋㅋㅋㅋㅋㅋㅋ,DnD,7,7.0,엔진오일 타네 ㅋㅋㅋㅋㅋㅋㅋㅋㅋㅋㅋㅋㅋㅋ DnD,엔진오일 타네 ㅋㅋㅋㅋㅋㅋㅋㅋㅋㅋㅋㅋㅋㅋ DnD,0.842303991317749
2024-03-24 13:09:05,리타 입갤 ㅋㅋㅋㅋㅋㅋㅋㅋㅋㅋㅋ,,7,7.0,리타 입갤 ㅋㅋㅋㅋㅋㅋㅋㅋㅋㅋㅋ ,리타 입갤 ㅋㅋㅋㅋㅋㅋㅋㅋㅋㅋㅋ,0.41897323727607727
2024-03-24 13:09:06,시발 막스 리타 개쎆쓰ㅋㅋㅋㅋㅋㅋㅋㅋㅋㅋㅋㅋ,ㅋㅋㅋㅋㅋ,7,7.0,시발 막스 리타 개쎆쓰ㅋㅋㅋㅋㅋㅋㅋㅋㅋㅋㅋㅋ ㅋㅋㅋㅋㅋ,시발 막스 리타 개쎆쓰ㅋㅋㅋㅋㅋㅋㅋㅋㅋㅋㅋㅋ ㅋㅋㅋㅋㅋ,0.9358258247375488
2024-03-24 13:09:07,방구차 ㅋㅋㅋㅋㅋㅋㅋㅋㅋㅋㅋㅋㅋㅋ,,7,7.0,방구차 ㅋㅋㅋㅋㅋㅋㅋㅋㅋㅋㅋㅋㅋㅋ ,방구차 ㅋㅋㅋㅋㅋㅋㅋㅋㅋㅋㅋㅋㅋㅋ,0.9443088173866272
2024-03-24 13:09:07,ㅅㅅㅅㅅㅅㅅㅅㅅ,ㅅㅅㅅㅅ,7,7.0,ㅅㅅㅅㅅㅅㅅㅅㅅ ㅅㅅㅅㅅ,ㅅㅅㅅㅅㅅㅅㅅㅅ ㅅㅅㅅㅅ,0.41965925693511963
2024-03-24 13:09:08,드디어 몽골 리타 ㅋㅋㅋㅋ,,7,7.0,드디어 몽골 리타 ㅋㅋㅋㅋ ,드디어 몽골 리타 ㅋㅋㅋㅋ,0.8096489906311035
2024-03-24 13:09:08,와 드디어 ㅋㅋㅋㅋㅋㅋㅋㅋㅋ ㅋㅋㅋㅋㅋㅋㅋㅋㅋㅋ,,7,7.0,와 드디어 ㅋㅋㅋㅋㅋㅋㅋㅋㅋ ㅋㅋㅋㅋㅋㅋㅋㅋㅋㅋ ,와 드디어 ㅋㅋㅋㅋㅋㅋㅋㅋㅋ ㅋㅋㅋㅋㅋㅋㅋㅋㅋㅋ,0.11503823101520538
2024-03-24 13:09:09,리타이어 ㅋㅋㅋㅋㅋㅋㅋㅋ,ㅋㅋㅋㅋㅁㄴㅇㄹ,7,7.0,리타이어 ㅋㅋㅋㅋㅋㅋㅋㅋ ㅋㅋㅋㅋㅁㄴㅇㄹ,리타이어 ㅋㅋㅋㅋㅋㅋㅋㅋ ㅋㅋㅋㅋㅁㄴㅇㄹ,0.7103886008262634
2024-03-24 13:09:09,섹스 ㅋㅋㅋㅋㅋㅋㅋ,,7,7.0,섹스 ㅋㅋㅋㅋㅋㅋㅋ ,섹스 ㅋㅋㅋㅋㅋㅋㅋ,0.924268364906311
2024-03-24 13:09:09,꿀재무입개뤀ㅋㅋㅋㅋㅋㅋㅋㅋ,"ㅋㅋ
- dc official App",7,7.0,"꿀재무입개뤀ㅋㅋㅋㅋㅋㅋㅋㅋ ㅋㅋ
- dc official App",꿀재무입개뤀ㅋㅋㅋㅋㅋㅋㅋㅋ ㅋㅋ - dc official App,0.565801203250885
2024-03-24 13:09:09,오늘 축제냐???,개신나네 ㅋㅋㅋㅋ,7,7.0,오늘 축제냐??? 개신나네 ㅋㅋㅋㅋ,오늘 축제냐??? 개신나네 ㅋㅋㅋㅋ,0.23021197319030762
2024-03-24 13:09:09,티포시의 주말 on,,7,7.0,티포시의 주말 on ,티포시의 주말 on,0.08320178091526031
2024-03-24 13:09:10,티포시의 주말 왔다 ㅋㅋㅋㅋㅋㅋㅋㅋㅋㅋㅋㅋㅋㅋㅋㅋㅋㅋ,ㅋㅋㅋㅋㅋㅋㅋㅋㅋㅋㅋㅋㅋㅋㅋㅋㅋㅋㅋ,7,7.0,티포시의 주말 왔다 ㅋㅋㅋㅋㅋㅋㅋㅋㅋㅋㅋㅋㅋㅋㅋㅋㅋㅋ ㅋㅋㅋㅋㅋㅋㅋㅋㅋㅋㅋㅋㅋㅋㅋㅋㅋㅋㅋ,티포시의 주말 왔다 ㅋㅋㅋㅋㅋㅋㅋㅋㅋㅋㅋㅋㅋㅋㅋㅋㅋㅋ ㅋㅋㅋㅋㅋㅋㅋㅋㅋㅋㅋㅋㅋㅋㅋㅋㅋㅋㅋ,0.23561814427375793
2024-03-24 13:09:11,이게뭔가요 ㅋㅋㅋㅋ,ㅋㅋㅋㅋㅋ,7,7.0,이게뭔가요 ㅋㅋㅋㅋ ㅋㅋㅋㅋㅋ,이게뭔가요 ㅋㅋㅋㅋ ㅋㅋㅋㅋㅋ,0.2576735019683838
2024-03-24 13:09:11,ㅅㅂ 페라리 우승 가냐? ㅋㅋㅋㅋㅋㅋㅋㅋㅋ,대인츠 ㅋㅋㅋㅋㅋㅋㅋㅋㅋㅋㅋㅋ,7,7.0,ㅅㅂ 페라리 우승 가냐? ㅋㅋㅋㅋㅋㅋㅋㅋㅋ 대인츠 ㅋㅋㅋㅋㅋㅋㅋㅋㅋㅋㅋㅋ,ㅅㅂ 페라리 우승 가냐? ㅋㅋㅋㅋㅋㅋㅋㅋㅋ 대인츠 ㅋㅋㅋㅋㅋㅋㅋㅋㅋㅋㅋㅋ,0.7318863868713379
2024-03-24 13:09:11,막스 리타 2년만에 보는거같은데,ㅋㅋㅋㅋㅋ,7,7.0,막스 리타 2년만에 보는거같은데 ㅋㅋㅋㅋㅋ,막스 리타 2년만에 보는거같은데 ㅋㅋㅋㅋㅋ,0.13198313117027283
2024-03-24 13:09:11,ㅅㅅㅋㅋㅋㅋㅋㅋㅋㅋㅋㅋㅋ,- dc official App,7,7.0,ㅅㅅㅋㅋㅋㅋㅋㅋㅋㅋㅋㅋㅋ - dc official App,ㅅㅅㅋㅋㅋㅋㅋㅋㅋㅋㅋㅋㅋ - dc official App,0.5228081345558167
2024-03-24 13:09:12,리타 베이비 ㅋㅋㅋㅋ,ㅋㅋㅋㅋㅋㅋㅋㅋ,7,7.0,리타 베이비 ㅋㅋㅋㅋ ㅋㅋㅋㅋㅋㅋㅋㅋ,리타 베이비 ㅋㅋㅋㅋ ㅋㅋㅋㅋㅋㅋㅋㅋ,0.5870185494422913
2024-03-24 13:09:12,아ㅋㅋㅋㅋ,벌써부터 개재미있네,7,7.0,아ㅋㅋㅋㅋ 벌써부터 개재미있네,아ㅋㅋㅋㅋ 벌써부터 개재미있네,0.07779471576213837
2024-03-24 13:09:12,막스멸망ㅋㅋㅋㅋㅋ,ㅋㅋㅋㅋㅋ,7,7.0,막스멸망ㅋㅋㅋㅋㅋ ㅋㅋㅋㅋㅋ,막스멸망ㅋㅋㅋㅋㅋ ㅋㅋㅋㅋㅋ,0.7183269262313843
2024-03-24 13:09:12,역대급 재미선사,개꿀,7,7.0,역대급 재미선사 개꿀,역대급 재미선사 개꿀,0.10644816607236862
2024-03-24 13:09:12,시발 ㅅㅅㅅㅅㅅㅅ,,7,7.0,시발 ㅅㅅㅅㅅㅅㅅ ,시발 ㅅㅅㅅㅅㅅㅅ,0.5369699001312256
2024-03-24 13:09:12,몽골 엔진블로우 ㅋㅋㅋㅋㅋㅋㅋㅋㅋㅋㅋ,ㅋㅋㅋㅋㅋㅋㅋㅋㅋㅋㅋㅋ,7,7.0,몽골 엔진블로우 ㅋㅋㅋㅋㅋㅋㅋㅋㅋㅋㅋ ㅋㅋㅋㅋㅋㅋㅋㅋㅋㅋㅋㅋ,몽골 엔진블로우 ㅋㅋㅋㅋㅋㅋㅋㅋㅋㅋㅋ ㅋㅋㅋㅋㅋㅋㅋㅋㅋㅋㅋㅋ,0.8647311329841614
2024-03-24 13:09:14,씨발 ㅋㅋㅋㅋㅋㅋ 드디어,,7,7.0,씨발 ㅋㅋㅋㅋㅋㅋ 드디어 ,씨발 ㅋㅋㅋㅋㅋㅋ 드디어,0.7718205451965332
2024-03-24 13:09:14,???: 어 왔어?,한잔해~,7,7.0,???: 어 왔어? 한잔해~,???: 어 왔어? 한잔해~,0.7488959431648254
2024-03-24 13:09:15,막스 운짘ㅋㅋㅋㅋㅋㅋㅋㅋㅋㅋㅋㅋㅋㅋㅋㅋㅋㅋ,이야 드디엌ㅋㅋㅋㅋㅋㅋㅋㅋㅋㅋㅋㅋㅋ,7,7.0,막스 운짘ㅋㅋㅋㅋㅋㅋㅋㅋㅋㅋㅋㅋㅋㅋㅋㅋㅋㅋ 이야 드디엌ㅋㅋㅋㅋㅋㅋㅋㅋㅋㅋㅋㅋㅋ,막스 운짘ㅋㅋㅋㅋㅋㅋㅋㅋㅋㅋㅋㅋㅋㅋㅋㅋㅋㅋ 이야 드디엌ㅋㅋㅋㅋㅋㅋㅋㅋㅋㅋㅋㅋㅋ,0.89280104637146
2024-03-24 13:09:15,승리의 티포시들 모여 ㅅㅅㅅㅅㅅㅅㅅㅅㅅㅅㅅㅅㅅ,,7,7.0,승리의 티포시들 모여 ㅅㅅㅅㅅㅅㅅㅅㅅㅅㅅㅅㅅㅅ ,승리의 티포시들 모여 ㅅㅅㅅㅅㅅㅅㅅㅅㅅㅅㅅㅅㅅ,0.49228113889694214
2024-03-24 13:09:15,오른쪽 브레이크 나갔노,,7,7.0,오른쪽 브레이크 나갔노 ,오른쪽 브레이크 나갔노,0.6312985420227051
2024-03-24 13:09:18,꿀잼 주말 on,야 시발 갑자기 꿀잼,7,7.0,꿀잼 주말 on 야 시발 갑자기 꿀잼,꿀잼 주말 on 야 시발 갑자기 꿀잼,0.34412917494773865
2024-03-24 13:09:20,얼마만에 리타임ㅋㅋㅋㅋ,,7,7.0,얼마만에 리타임ㅋㅋㅋㅋ ,얼마만에 리타임ㅋㅋㅋㅋ,0.06366812437772751
2024-03-24 13:09:19,몽골 좆망 ㅋㅋㅋㅋㅋㅋ 씨발 드디어 ㅋㅋㅋㅋㅋ,- dc official App,7,7.0,몽골 좆망 ㅋㅋㅋㅋㅋㅋ 씨발 드디어 ㅋㅋㅋㅋㅋ - dc official App,몽골 좆망 ㅋㅋㅋㅋㅋㅋ 씨발 드디어 ㅋㅋㅋㅋㅋ - dc official App,0.8715604543685913
2024-03-24 13:09:21,이게 정의다,ㄹㅇㅋㅋ,7,7.0,이게 정의다 ㄹㅇㅋㅋ,이게 정의다 ㄹㅇㅋㅋ,0.11673367768526077
2024-03-24 13:09:23,캬씨발 개꿀잼ㅋㅋㅋㅋㅋㅋㅋㅋㅋㅋㅋㅋ,ㅋㅋㅋㅋㅋㅋㅋ,7,7.0,캬씨발 개꿀잼ㅋㅋㅋㅋㅋㅋㅋㅋㅋㅋㅋㅋ ㅋㅋㅋㅋㅋㅋㅋ,캬씨발 개꿀잼ㅋㅋㅋㅋㅋㅋㅋㅋㅋㅋㅋㅋ ㅋㅋㅋㅋㅋㅋㅋ,0.6556498408317566
2024-03-24 13:09:24,시즌1호 티포시의 주말 나오냐 ㅋㅋㅋㅋㅋ,ㅋㅋㅋㅋ,7,7.0,시즌1호 티포시의 주말 나오냐 ㅋㅋㅋㅋㅋ ㅋㅋㅋㅋ,시즌1호 티포시의 주말 나오냐 ㅋㅋㅋㅋㅋ ㅋㅋㅋㅋ,0.2962217628955841
2024-03-24 13:09:25,티포시의 주말 입갤 ㅋㅋㅋㅋ,ㅅㅅㅅㅅ,7,7.0,티포시의 주말 입갤 ㅋㅋㅋㅋ ㅅㅅㅅㅅ,티포시의 주말 입갤 ㅋㅋㅋㅋ ㅅㅅㅅㅅ,0.16633377969264984
2024-03-24 13:09:25,좆드불 멸망 ㅋㅋㅋㅋㅋㅋ,- dc official App,7,7.0,좆드불 멸망 ㅋㅋㅋㅋㅋㅋ - dc official App,좆드불 멸망 ㅋㅋㅋㅋㅋㅋ - dc official App,0.8945253491401672
2024-03-24 13:09:25,베르스타펜 전승우승 올해도 실패 ㅋㅋㅋㅋㅋㅋㅋ,ㅋㅋㅋㅋㅋㅋ,7,7.0,베르스타펜 전승우승 올해도 실패 ㅋㅋㅋㅋㅋㅋㅋ ㅋㅋㅋㅋㅋㅋ,베르스타펜 전승우승 올해도 실패 ㅋㅋㅋㅋㅋㅋㅋ ㅋㅋㅋㅋㅋㅋ,0.6068528294563293
2024-03-24 13:09:25,수고요 ㅋㅋㅋㅋㅋㅋㅋㅋ,ㅋㅋㅋㅋㅋㅋㅋ,7,7.0,수고요 ㅋㅋㅋㅋㅋㅋㅋㅋ ㅋㅋㅋㅋㅋㅋㅋ,수고요 ㅋㅋㅋㅋㅋㅋㅋㅋ ㅋㅋㅋㅋㅋㅋㅋ,0.7169254422187805
2024-03-24 13:09:26,노잼이라 해서 죄송합니다 ㅋㅋㅋㅋㅋㅋㅋ,꿀잼잉였네 ㅋㅋㅋㅋㅋㅋㅋㅋㅋㅋㅋㅋㅋ,7,7.0,노잼이라 해서 죄송합니다 ㅋㅋㅋㅋㅋㅋㅋ 꿀잼잉였네 ㅋㅋㅋㅋㅋㅋㅋㅋㅋㅋㅋㅋㅋ,노잼이라 해서 죄송합니다 ㅋㅋㅋㅋㅋㅋㅋ 꿀잼잉였네 ㅋㅋㅋㅋㅋㅋㅋㅋㅋㅋㅋㅋㅋ,0.12818977236747742
2024-03-24 13:09:26,이게 얼마만에 몽골 리타냐ㅋㅋㅋㅋㅋㅋㅋ,,7,7.0,이게 얼마만에 몽골 리타냐ㅋㅋㅋㅋㅋㅋㅋ ,이게 얼마만에 몽골 리타냐ㅋㅋㅋㅋㅋㅋㅋ,0.4186907708644867
2024-03-24 13:09:27,아무나 이기고 막스만 망해라,ㅋㅋㅋ,7,7.0,아무나 이기고 막스만 망해라 ㅋㅋㅋ,아무나 이기고 막스만 망해라 ㅋㅋㅋ,0.8571717143058777
2024-03-24 13:09:26,불붙은거 아냐?,"리어브레이크쪽에
- dc official App",7,7.0,"불붙은거 아냐? 리어브레이크쪽에
- dc official App",불붙은거 아냐? 리어브레이크쪽에 - dc official App,0.16346943378448486
2024-03-24 13:09:27,퐈이야~~~,ㅋㅋㅋㅋ,7,7.0,퐈이야~~~ ㅋㅋㅋㅋ,퐈이야~~~ ㅋㅋㅋㅋ,0.15005674958229065
2024-03-24 13:09:27,개재밌네 오늘 ㅋㅎㅋㅎㅋㅎㅋㅎㅋㅎㅎㅋㅎㅋㅎㅋㅎ,,7,7.0,개재밌네 오늘 ㅋㅎㅋㅎㅋㅎㅋㅎㅋㅎㅎㅋㅎㅋㅎㅋㅎ ,개재밌네 오늘 ㅋㅎㅋㅎㅋㅎㅋㅎㅋㅎㅎㅋㅎㅋㅎㅋㅎ,0.43677499890327454
2024-03-24 13:09:28,막스 리타 ㅋㅋㅋㅋㅋㅋㅋㅋㅋㅋㅋㅋㅋㅋ,,7,7.0,막스 리타 ㅋㅋㅋㅋㅋㅋㅋㅋㅋㅋㅋㅋㅋㅋ ,막스 리타 ㅋㅋㅋㅋㅋㅋㅋㅋㅋㅋㅋㅋㅋㅋ,0.485576868057251
2024-03-24 13:09:28,사망ㅋㅋㅋㅋㅋㅋ,,7,7.0,사망ㅋㅋㅋㅋㅋㅋ ,사망ㅋㅋㅋㅋㅋㅋ,0.6769610047340393
2024-03-24 13:09:29,씨발 몽골 좆망 ㅋㅋㅋㅋㅋㅋ,,7,7.0,씨발 몽골 좆망 ㅋㅋㅋㅋㅋㅋ ,씨발 몽골 좆망 ㅋㅋㅋㅋㅋㅋ,0.9414958953857422
2024-03-24 13:09:29,잘 가라 ㅋㅋㅋ,캬캬,7,7.0,잘 가라 ㅋㅋㅋ 캬캬,잘 가라 ㅋㅋㅋ 캬캬,0.8907365202903748
2024-03-24 13:09:30,1000만년만에 막가놈 리타한다 ㅋㅋㅋㅋ,ㅋㅋ,7,7.0,1000만년만에 막가놈 리타한다 ㅋㅋㅋㅋ ㅋㅋ,1000만년만에 막가놈 리타한다 ㅋㅋㅋㅋ ㅋㅋ,0.8329452872276306
2024-03-24 13:09:31,자 나가자,엌ㅋㅋㅋㅋㅋㅋㅋㅋㅋㅋㅋ,7,7.0,자 나가자 엌ㅋㅋㅋㅋㅋㅋㅋㅋㅋㅋㅋ,자 나가자 엌ㅋㅋㅋㅋㅋㅋㅋㅋㅋㅋㅋ,0.5585799217224121
2024-03-24 13:09:30,승리의 티포시 열차 미리 출발 ㅅㅅㅅㅅㅅㅅ,,7,7.0,승리의 티포시 열차 미리 출발 ㅅㅅㅅㅅㅅㅅ ,승리의 티포시 열차 미리 출발 ㅅㅅㅅㅅㅅㅅ,0.13202519714832306
2024-03-24 13:09:31,차터졌노 ㅋㅋㅋ,"개꿀잼
on",7,7.0,"차터졌노 ㅋㅋㅋ 개꿀잼
on",차터졌노 ㅋㅋㅋ 개꿀잼 on,0.6957783102989197
2024-03-24 13:09:31,막스 사망 ㅌㅋㅋㅋㅋㅋㅋㅋㅋㅋㅋㅋㅋ,막스 사망 ㅋㅋㅋㅋㅋㅋㅋㅋㅋㅋㅋㅋ,7,7.0,막스 사망 ㅌㅋㅋㅋㅋㅋㅋㅋㅋㅋㅋㅋㅋ 막스 사망 ㅋㅋㅋㅋㅋㅋㅋㅋㅋㅋㅋㅋ,막스 사망 ㅌㅋㅋㅋㅋㅋㅋㅋㅋㅋㅋㅋㅋ 막스 사망 ㅋㅋㅋㅋㅋㅋㅋㅋㅋㅋㅋㅋ,0.817550778388977
2024-03-24 13:09:32,방구차 입갤?,ㅋㅋㅋㅋㅋㅋ꿀잼,7,7.0,방구차 입갤? ㅋㅋㅋㅋㅋㅋ꿀잼,방구차 입갤? ㅋㅋㅋㅋㅋㅋ꿀잼,0.43933042883872986
2024-03-24 13:09:33,ㅋㅋㅋㅋ기분좋네,"개굳
- dc official App",7,7.0,"ㅋㅋㅋㅋ기분좋네 개굳
- dc official App",ㅋㅋㅋㅋ기분좋네 개굳 - dc official App,0.2054787129163742
2024-03-24 13:09:33,관중들 소리지르는거 보소 ㅋㅋㅋㅋ,,7,7.0,관중들 소리지르는거 보소 ㅋㅋㅋㅋ ,관중들 소리지르는거 보소 ㅋㅋㅋㅋ,0.5598886013031006
2024-03-24 13:09:34,ㅋㅋㅋㅋㅋㅋㅋㅋㅋㅋㅋㅋㅋㅋㅋㅋㅋㅋㅋㅋㅋㅋㅋㅋㅋㅋㅋㅋㅋㅋㅋㅋㅋㅋㅋ,ㅋㅋㅋㅋㅋㅋㅋㅋㅋㅋㅋㅋㅋㅋㅋㅋㅋㅋㅋㅋㅋㅋㅋㅋㅋㅋㅋㅋㅋㅋㅋㅋㅋㅋㅋㅋㅋㅋㅋ,7,7.0,ㅋㅋㅋㅋㅋㅋㅋㅋㅋㅋㅋㅋㅋㅋㅋㅋㅋㅋㅋㅋㅋㅋㅋㅋㅋㅋㅋㅋㅋㅋㅋㅋㅋㅋㅋ ㅋㅋㅋㅋㅋㅋㅋㅋㅋㅋㅋㅋㅋㅋㅋㅋㅋㅋㅋㅋㅋㅋㅋㅋㅋㅋㅋㅋㅋㅋㅋㅋㅋㅋㅋㅋㅋㅋㅋ,ㅋㅋㅋㅋㅋㅋㅋㅋㅋㅋㅋㅋㅋㅋㅋㅋㅋㅋㅋㅋㅋㅋㅋㅋㅋㅋㅋㅋㅋㅋㅋㅋㅋㅋㅋ ㅋㅋㅋㅋㅋㅋㅋㅋㅋㅋㅋㅋㅋㅋㅋㅋㅋㅋㅋㅋㅋㅋㅋㅋㅋㅋㅋㅋㅋㅋㅋㅋㅋㅋㅋㅋㅋㅋㅋ,0.7496705651283264
2024-03-24 13:09:35,간만에 라이브 보는데 ㅋㅋ 이게 웬 일이냐,승자는 이걸 보는 나다,7,7.0,간만에 라이브 보는데 ㅋㅋ 이게 웬 일이냐 승자는 이걸 보는 나다,간만에 라이브 보는데 ㅋㅋ 이게 웬 일이냐 승자는 이걸 보는 나다,0.07381875067949295
2024-03-24 13:09:36,약속의 호주 ㅋㅋㅋㅋㅋㅋㅋㅋㅋ,ㅋㅋㅋ,7,7.0,약속의 호주 ㅋㅋㅋㅋㅋㅋㅋㅋㅋ ㅋㅋㅋ,약속의 호주 ㅋㅋㅋㅋㅋㅋㅋㅋㅋ ㅋㅋㅋ,0.5303336381912231
2024-03-24 13:09:36,오늘 진짜 티포시의 주말 드가자 시발ㅋㅋㅋㅋㅋ,ㅋㅋㅋㅋㅋ,7,7.0,오늘 진짜 티포시의 주말 드가자 시발ㅋㅋㅋㅋㅋ ㅋㅋㅋㅋㅋ,오늘 진짜 티포시의 주말 드가자 시발ㅋㅋㅋㅋㅋ ㅋㅋㅋㅋㅋ,0.4527573585510254
2024-03-24 13:09:39,그냥 기분 개좋은 티포시면 개추,ㅋㅋㅋㅋㅋㅋㅋ,7,7.0,그냥 기분 개좋은 티포시면 개추 ㅋㅋㅋㅋㅋㅋㅋ,그냥 기분 개좋은 티포시면 개추 ㅋㅋㅋㅋㅋㅋㅋ,0.6799217462539673
2024-03-24 13:09:40,호주는 역시 재밌어 ㅋㅋㅋㅋㅋ,레드불 폭망이닼ㅋㅋㅋㅋ,7,7.0,호주는 역시 재밌어 ㅋㅋㅋㅋㅋ 레드불 폭망이닼ㅋㅋㅋㅋ,호주는 역시 재밌어 ㅋㅋㅋㅋㅋ 레드불 폭망이닼ㅋㅋㅋㅋ,0.25901368260383606
2024-03-24 13:09:40,그래 f1이 이래야지 ㅋㅋㅋㅋㅋㅋ,이게 변수지 ㅋㅋㅋㅋㅋ,7,7.0,그래 f1이 이래야지 ㅋㅋㅋㅋㅋㅋ 이게 변수지 ㅋㅋㅋㅋㅋ,그래 f1이 이래야지 ㅋㅋㅋㅋㅋㅋ 이게 변수지 ㅋㅋㅋㅋㅋ,0.13816556334495544
2024-03-24 13:09:40,티포시의 주말이다,"최고의 주말이군, 한잔해~
- dc official App",7,7.0,"티포시의 주말이다 최고의 주말이군, 한잔해~
- dc official App","티포시의 주말이다 최고의 주말이군, 한잔해~ - dc official App",0.06876295059919357
2024-03-24 13:09:42,ㄹㅈㄷ ㅋㅋㅋㅋㅋㅋㅋㅋㅋ,,7,7.0,ㄹㅈㄷ ㅋㅋㅋㅋㅋㅋㅋㅋㅋ ,ㄹㅈㄷ ㅋㅋㅋㅋㅋㅋㅋㅋㅋ,0.3035670220851898
2024-03-24 13:09:42,뭐 어우막?,ㅋㅋㅋㅋ,7,7.0,뭐 어우막? ㅋㅋㅋㅋ,뭐 어우막? ㅋㅋㅋㅋ,0.7379446029663086
2024-03-24 13:09:42,개꿀잼입개르 ㅋㅋㅋㅋㅋㅋㅋㅋ,ㅋㅋㅋㅋㅋㅋㅋ,7,7.0,개꿀잼입개르 ㅋㅋㅋㅋㅋㅋㅋㅋ ㅋㅋㅋㅋㅋㅋㅋ,개꿀잼입개르 ㅋㅋㅋㅋㅋㅋㅋㅋ ㅋㅋㅋㅋㅋㅋㅋ,0.1533258706331253
2024-03-24 13:09:42,야 기분좋다 ㅋㅋㅋㅋ,ㅋㅋㅋㅋㅋㅋㅋㅋㅋㅋㅋ,7,7.0,야 기분좋다 ㅋㅋㅋㅋ ㅋㅋㅋㅋㅋㅋㅋㅋㅋㅋㅋ,야 기분좋다 ㅋㅋㅋㅋ ㅋㅋㅋㅋㅋㅋㅋㅋㅋㅋㅋ,0.703527569770813
2024-03-24 13:09:43,사망선고 ㅋㅋㅋㅋㅋㅋㅋ,,7,7.0,사망선고 ㅋㅋㅋㅋㅋㅋㅋ ,사망선고 ㅋㅋㅋㅋㅋㅋㅋ,0.6773462891578674
2024-03-24 13:09:43,ㅋㅋㅋㅋㅋㅋㅋㅋㅋㅋㅋㅋㅋㅋ,ㅋㅋㅋ,7,7.0,ㅋㅋㅋㅋㅋㅋㅋㅋㅋㅋㅋㅋㅋㅋ ㅋㅋㅋ,ㅋㅋㅋㅋㅋㅋㅋㅋㅋㅋㅋㅋㅋㅋ ㅋㅋㅋ,0.6027350425720215
2024-03-24 13:09:43,싼다,,7,7.0,싼다 ,싼다,0.6865744590759277
2024-03-24 13:09:44,캬아,이런일이 다있네,7,7.0,캬아 이런일이 다있네,캬아 이런일이 다있네,0.0872577577829361
2024-03-24 13:09:44,이제 유일한 희망은 그분이냐?,"체코
- dc official App",7,7.0,"이제 유일한 희망은 그분이냐? 체코
- dc official App",이제 유일한 희망은 그분이냐? 체코 - dc official App,0.20468558371067047
2024-03-24 13:09:44,막스사망시발ㅋㅋㅋㅋㅋ,,7,7.0,막스사망시발ㅋㅋㅋㅋㅋ ,막스사망시발ㅋㅋㅋㅋㅋ,0.9146090149879456
2024-03-24 13:09:45,FINALLYYYYYYYYYYYYYY,Hahahahahahah,7,7.0,FINALLYYYYYYYYYYYYYY Hahahahahahah,FINALLYYYYYYYYYYYYYY Hahahahahahah,0.6168762445449829
2024-03-24 13:09:46,축제다 씨발 ㅋㅋㅋㅋㅋㅋㅋㅋㅋ,,7,7.0,축제다 씨발 ㅋㅋㅋㅋㅋㅋㅋㅋㅋ ,축제다 씨발 ㅋㅋㅋㅋㅋㅋㅋㅋㅋ,0.8639612793922424
2024-03-24 13:09:46,재밌어요~ ㅋㅋㅋㅋㅋㅋㅋㅋㅋㅋㅋ,,7,7.0,재밌어요~ ㅋㅋㅋㅋㅋㅋㅋㅋㅋㅋㅋ ,재밌어요~ ㅋㅋㅋㅋㅋㅋㅋㅋㅋㅋㅋ,0.04825109988451004
2024-03-24 13:09:48,티포시의주말 입갤,컄ㅋㅋㅋㅋㅋㅋㅋㅋㅋ,7,7.0,티포시의주말 입갤 컄ㅋㅋㅋㅋㅋㅋㅋㅋㅋ,티포시의주말 입갤 컄ㅋㅋㅋㅋㅋㅋㅋㅋㅋ,0.4322526752948761
2024-03-24 13:09:49,스타트 하자마자 끝났다고 호들갑 떨던 새끼들 ㅋㅋ,무안하면 개추 ㅋㅋ,7,7.0,스타트 하자마자 끝났다고 호들갑 떨던 새끼들 ㅋㅋ 무안하면 개추 ㅋㅋ,스타트 하자마자 끝났다고 호들갑 떨던 새끼들 ㅋㅋ 무안하면 개추 ㅋㅋ,0.9607446193695068
2024-03-24 13:09:51,10연승 컷ㅋㅋㅋㅋ,,7,7.0,10연승 컷ㅋㅋㅋㅋ ,10연승 컷ㅋㅋㅋㅋ,0.5081104636192322
2024-03-24 13:09:51,양키색들 잠자느라 이거 못보겟지 ㅋㅋㅋㅋㅋ,개꿀 ㅋㅋㅋㅋ,7,7.0,양키색들 잠자느라 이거 못보겟지 ㅋㅋㅋㅋㅋ 개꿀 ㅋㅋㅋㅋ,양키색들 잠자느라 이거 못보겟지 ㅋㅋㅋㅋㅋ 개꿀 ㅋㅋㅋㅋ,0.9526827931404114
2024-03-24 13:09:51,오늘 존나 재밌노 ㅋㅋㅋㅋㅋ,,7,7.0,오늘 존나 재밌노 ㅋㅋㅋㅋㅋ ,오늘 존나 재밌노 ㅋㅋㅋㅋㅋ,0.11505891382694244
2024-03-24 13:09:51,이궈궈던 ㅋㅋㅋㅋㅋㅋㅋ,,7,7.0,이궈궈던 ㅋㅋㅋㅋㅋㅋㅋ ,이궈궈던 ㅋㅋㅋㅋㅋㅋㅋ,0.7269082069396973
2024-03-24 13:09:54,브레이크 사망,어쩌다가 해먹었노,7,7.0,브레이크 사망 어쩌다가 해먹었노,브레이크 사망 어쩌다가 해먹었노,0.8104620575904846
2024-03-24 13:09:54,F1시발 ㅈㄴ재밌노,ㅋㅋㅋㅋ,7,7.0,F1시발 ㅈㄴ재밌노 ㅋㅋㅋㅋ,F1시발 ㅈㄴ재밌노 ㅋㅋㅋㅋ,0.5897959470748901
2024-03-24 13:09:55,22년도 호주에서 리타했지 ㅋㅋㅋ,아 재밌네,7,7.0,22년도 호주에서 리타했지 ㅋㅋㅋ 아 재밌네,22년도 호주에서 리타했지 ㅋㅋㅋ 아 재밌네,0.05940253660082817
2024-03-24 13:09:56,씨발 기분 째진다 ㅅㅅㅅㅅㅅㅅㅅㅅㅅㅅ,,7,7.0,씨발 기분 째진다 ㅅㅅㅅㅅㅅㅅㅅㅅㅅㅅ ,씨발 기분 째진다 ㅅㅅㅅㅅㅅㅅㅅㅅㅅㅅ,0.6502221822738647
2024-03-24 13:09:57,역시 승리와 믿음의 남반구,"그
그저 GOAT",7,7.0,"역시 승리와 믿음의 남반구 그
그저 GOAT",역시 승리와 믿음의 남반구 그 그저 GOAT,0.1734483242034912
2024-03-24 13:09:57,축제다 시밠ㅅㅅㅅㅅㅅㅅㅅㅅㅅㅅ,가즈아아아아아,7,7.0,축제다 시밠ㅅㅅㅅㅅㅅㅅㅅㅅㅅㅅ 가즈아아아아아,축제다 시밠ㅅㅅㅅㅅㅅㅅㅅㅅㅅㅅ 가즈아아아아아,0.0884605124592781
2024-03-24 13:09:59,대 호 주 ㅋㅋㅋㅋㅋㅋㅋㅋㅋㅋㅋ,킹 거 루,7,7.0,대 호 주 ㅋㅋㅋㅋㅋㅋㅋㅋㅋㅋㅋ 킹 거 루,대 호 주 ㅋㅋㅋㅋㅋㅋㅋㅋㅋㅋㅋ 킹 거 루,0.8690603971481323
2024-03-24 13:09:59,몽골좆망ㅅㅅㅅㅅㅅㅅㅅㅅㅅㅅㅅㅅㅅㅅㅅㅅㅅㅅ,Mclaren F1 team 2007~,7,7.0,몽골좆망ㅅㅅㅅㅅㅅㅅㅅㅅㅅㅅㅅㅅㅅㅅㅅㅅㅅㅅ Mclaren F1 team 2007~,몽골좆망ㅅㅅㅅㅅㅅㅅㅅㅅㅅㅅㅅㅅㅅㅅㅅㅅㅅㅅ Mclaren F1 team 2007~,0.8674356937408447
2024-03-24 13:10:06,존나재밌네 씨발 ㅋㅋㅋㅋㅋㅋㅋㅋㅋㅋㅋㅋ,,7,7.0,존나재밌네 씨발 ㅋㅋㅋㅋㅋㅋㅋㅋㅋㅋㅋㅋ ,존나재밌네 씨발 ㅋㅋㅋㅋㅋㅋㅋㅋㅋㅋㅋㅋ,0.5625699162483215
2024-03-24 13:10:06,소원성취 ㅅㅅㅅㅅㅅㅅㅅㅅㅅㅅㅅ,"https://m.dcinside.com/board/formula1/597329
개추 누르면 몽골 리타이어 함
- F1 마이너 갤러리
국내 최대 커뮤니티 포털 디시인사이드. 힛갤러리, 유저이슈 등 인터넷 트렌드 총 집합
m.dcinside.com",7,7.0,"소원성취 ㅅㅅㅅㅅㅅㅅㅅㅅㅅㅅㅅ https://m.dcinside.com/board/formula1/597329
개추 누르면 몽골 리타이어 함
- F1 마이너 갤러리
국내 최대 커뮤니티 포털 디시인사이드. 힛갤러리, 유저이슈 등 인터넷 트렌드 총 집합
m.dcinside.com","소원성취 ㅅㅅㅅㅅㅅㅅㅅㅅㅅㅅㅅ 개추 누르면 몽골 리타이어 함 - F1 마이너 갤러리 국내 최대 커뮤니티 포털 디시인사이드. 힛갤러리, 유저이슈 등 인터넷 트렌드 총 집합 m.dcinside.com",0.7763685584068298
2024-03-24 13:10:09,호주는 항상 개꿀잼이야 ㅋㅋㅋㅋㅋㅋㅋㅋㅋ,뭔가 항상 사건이 일어나네 ㅋㅋㅋㅋㅋㅋ,7,7.0,호주는 항상 개꿀잼이야 ㅋㅋㅋㅋㅋㅋㅋㅋㅋ 뭔가 항상 사건이 일어나네 ㅋㅋㅋㅋㅋㅋ,호주는 항상 개꿀잼이야 ㅋㅋㅋㅋㅋㅋㅋㅋㅋ 뭔가 항상 사건이 일어나네 ㅋㅋㅋㅋㅋㅋ,0.5631474852561951
2024-03-24 13:10:10,24년 제일 재밌는 그랑프리가 될 예정ㅋㅋㅋ,ㅋㅋㅋㅋ,7,7.0,24년 제일 재밌는 그랑프리가 될 예정ㅋㅋㅋ ㅋㅋㅋㅋ,24년 제일 재밌는 그랑프리가 될 예정ㅋㅋㅋ ㅋㅋㅋㅋ,0.0678848922252655
2024-03-24 13:10:11,친구한테 라이브 켜라고 카톡했다,"이런날은 봐야지 ㅅㅂ
- dc official App",7,7.0,"친구한테 라이브 켜라고 카톡했다 이런날은 봐야지 ㅅㅂ
- dc official App",친구한테 라이브 켜라고 카톡했다 이런날은 봐야지 ㅅㅂ - dc official App,0.1885794848203659
2024-03-24 13:10:12,자 원투 가보자 대 라 리 ㅅㅅㅅㅅㅅ,,7,7.0,자 원투 가보자 대 라 리 ㅅㅅㅅㅅㅅ ,자 원투 가보자 대 라 리 ㅅㅅㅅㅅㅅ,0.4972957670688629
2024-03-24 13:10:14,유럽놈들 새벽이라 막스우승 생각하고 안볼생각하니 싱글벙글하노,ㅋㅋㅋㅋㅋ,7,7.0,유럽놈들 새벽이라 막스우승 생각하고 안볼생각하니 싱글벙글하노 ㅋㅋㅋㅋㅋ,유럽놈들 새벽이라 막스우승 생각하고 안볼생각하니 싱글벙글하노 ㅋㅋㅋㅋㅋ,0.9248839616775513
2024-03-24 13:10:14,몽골 뒤지는거 보니꺼 속 시원하노 ㅋㅋㅋㅋ,,7,7.0,몽골 뒤지는거 보니꺼 속 시원하노 ㅋㅋㅋㅋ ,몽골 뒤지는거 보니꺼 속 시원하노 ㅋㅋㅋㅋ,0.9421072006225586
2024-03-24 13:10:15,대인지 우승 드가자ㅋㅋㅋㅋㅋㅋㅋㅋㅋㅋㅋ,ㅋㅋㅋㅋ,7,7.0,대인지 우승 드가자ㅋㅋㅋㅋㅋㅋㅋㅋㅋㅋㅋ ㅋㅋㅋㅋ,대인지 우승 드가자ㅋㅋㅋㅋㅋㅋㅋㅋㅋㅋㅋ ㅋㅋㅋㅋ,0.4246194660663605
2024-03-24 13:10:15,이게 호주다 ㅋㅋ,ㅋㅋ,7,7.0,이게 호주다 ㅋㅋ ㅋㅋ,이게 호주다 ㅋㅋ ㅋㅋ,0.6048713326454163
2024-03-24 13:10:16,오늘은 황라리다,ㅇㅇ,7,7.0,오늘은 황라리다 ㅇㅇ,오늘은 황라리다 ㅇㅇ,0.21716582775115967
2024-03-24 13:10:17,배르스타펜 사망 ㅋㅋㅋㅋ,이거 1등하면 진짜 미친놈 인정한닼ㅋㅋ,7,7.0,배르스타펜 사망 ㅋㅋㅋㅋ 이거 1등하면 진짜 미친놈 인정한닼ㅋㅋ,배르스타펜 사망 ㅋㅋㅋㅋ 이거 1등하면 진짜 미친놈 인정한닼ㅋㅋ,0.9205837845802307
2024-03-24 13:10:18,왜 불난거지,"누가 헬멧필름 던진거 맞았나
- dc official App",7,7.0,"왜 불난거지 누가 헬멧필름 던진거 맞았나
- dc official App",왜 불난거지 누가 헬멧필름 던진거 맞았나 - dc official App,0.1640855073928833
2024-03-24 13:10:18,시발 오늘 레이싱 개꿀잼각이다,???: 아디오스 막스^^,7,7.0,시발 오늘 레이싱 개꿀잼각이다 ???: 아디오스 막스^^,시발 오늘 레이싱 개꿀잼각이다 ???: 아디오스 막스^^,0.8071142435073853
2024-03-24 13:10:22,씨발 페라리 우승 가자!!!!!!,가즈아!!!!!,7,7.0,씨발 페라리 우승 가자!!!!!! 가즈아!!!!!,씨발 페라리 우승 가자!!!!!! 가즈아!!!!!,0.23043754696846008
2024-03-24 13:10:23,드디어 다른 나라 국가 듣겠노 ㅋㅋㅋㅋㅋㅋㅋ,,7,7.0,드디어 다른 나라 국가 듣겠노 ㅋㅋㅋㅋㅋㅋㅋ ,드디어 다른 나라 국가 듣겠노 ㅋㅋㅋㅋㅋㅋㅋ,0.509943425655365
2024-03-24 13:10:24,드디어,"최고의 시간대 최고의 이슈 아 이래서 F1 보는거지
- dc official App",7,7.0,"드디어 최고의 시간대 최고의 이슈 아 이래서 F1 보는거지
- dc official App",드디어 최고의 시간대 최고의 이슈 아 이래서 F1 보는거지 - dc official App,0.07808417081832886
2024-03-24 13:10:24,리어 그냥 맛이가버렸노ㅋㅋㅋㅋㅋㅋㅋㅋㅋ,,7,7.0,리어 그냥 맛이가버렸노ㅋㅋㅋㅋㅋㅋㅋㅋㅋ ,리어 그냥 맛이가버렸노ㅋㅋㅋㅋㅋㅋㅋㅋㅋ,0.9064679741859436
2024-03-24 13:10:27,몽골 아웃 얼마만에 보냐 시발 ㅋㅋ,ㅋㅋ,7,7.0,몽골 아웃 얼마만에 보냐 시발 ㅋㅋ ㅋㅋ,몽골 아웃 얼마만에 보냐 시발 ㅋㅋ ㅋㅋ,0.8200467824935913
2024-03-24 13:10:28,체코 : 이제 마이 타임인가…?,"ㅋㅋㅋ
- dc official App",7,7.0,"체코 : 이제 마이 타임인가…? ㅋㅋㅋ
- dc official App",체코 : 이제 마이 타임인가…? ㅋㅋㅋ - dc official App,0.19931656122207642
2024-03-24 13:10:33,사인지우승가보자~,"날
내친
페라리를
죽인다",8,8.0,"사인지우승가보자~ 날
내친
페라리를
죽인다",사인지우승가보자~ 날 내친 페라리를 죽인다,0.7427937984466553
2024-03-24 13:10:34,오일라인 터진거 같은데?,뭐가 팍팍 튀노,8,8.0,오일라인 터진거 같은데? 뭐가 팍팍 튀노,오일라인 터진거 같은데? 뭐가 팍팍 튀노,0.3864579200744629
2024-03-24 13:10:34,맥라렌도 기회다 가보자 ㅋㅋㅋㅋㅋㅋㅋㅋㅋㅋ ㅋ,,8,8.0,맥라렌도 기회다 가보자 ㅋㅋㅋㅋㅋㅋㅋㅋㅋㅋ ㅋ ,맥라렌도 기회다 가보자 ㅋㅋㅋㅋㅋㅋㅋㅋㅋㅋ ㅋ,0.4830995202064514
2024-03-24 13:10:35,나도 티포시 할래,"대인츠 다가자ㅏㅏㅏㅏㅏ
- dc official App",8,8.0,"나도 티포시 할래 대인츠 다가자ㅏㅏㅏㅏㅏ
- dc official App",나도 티포시 할래 대인츠 다가자ㅏㅏㅏㅏㅏ - dc official App,0.13702021539211273
2024-03-24 13:10:38,본인 몽골견인데 솔직히 지금상황 재밌음,"개꿀잼레이스 드가자~
ㅋㅋㅋㅋㅋㅋㅋㅋ",8,8.0,"본인 몽골견인데 솔직히 지금상황 재밌음 개꿀잼레이스 드가자~
ㅋㅋㅋㅋㅋㅋㅋㅋ",본인 몽골견인데 솔직히 지금상황 재밌음 개꿀잼레이스 드가자~ ㅋㅋㅋㅋㅋㅋㅋㅋ,0.5853236317634583
2024-03-24 13:10:39,레츠고 체코 ㅋㅋㅋㅋㅋㅋㅋㅋㅋㅋㅋㅋㅋㅋㅋㅋ,,8,8.0,레츠고 체코 ㅋㅋㅋㅋㅋㅋㅋㅋㅋㅋㅋㅋㅋㅋㅋㅋ ,레츠고 체코 ㅋㅋㅋㅋㅋㅋㅋㅋㅋㅋㅋㅋㅋㅋㅋㅋ,0.686583936214447
2024-03-24 13:10:40,리타이어 안하면 몇등까지 올라갈까?,개궁금하네 ㅋㅋ,8,8.0,리타이어 안하면 몇등까지 올라갈까? 개궁금하네 ㅋㅋ,리타이어 안하면 몇등까지 올라갈까? 개궁금하네 ㅋㅋ,0.2961288094520569
2024-03-24 13:10:42,신난다 ㅅㅅㅅㅅㅅㅅㅅ,끼야호 ㅅㅅㅅㅅㅅㅅ,8,8.0,신난다 ㅅㅅㅅㅅㅅㅅㅅ 끼야호 ㅅㅅㅅㅅㅅㅅ,신난다 ㅅㅅㅅㅅㅅㅅㅅ 끼야호 ㅅㅅㅅㅅㅅㅅ,0.5410875678062439
2024-03-24 13:10:42,결국 F1은 이새끼들임 ㅋㅋㅋㅋ,지오에이티,8,8.0,결국 F1은 이새끼들임 ㅋㅋㅋㅋ 지오에이티,결국 F1은 이새끼들임 ㅋㅋㅋㅋ 지오에이티,0.7710321545600891
2024-03-24 13:10:43,막스 내렸다 ㅋㅋ,,8,8.0,막스 내렸다 ㅋㅋ ,막스 내렸다 ㅋㅋ,0.35447219014167786
2024-03-24 13:10:43,차 내렸네 ㅋㅋㅋ 몽골 리타이어 얼마만이야 이게 ㅋㅋㅋ,ㅋㅋㅋㅋㅋㅋㅋㅋㅋㅋㅋㅋㅋ,8,8.0,차 내렸네 ㅋㅋㅋ 몽골 리타이어 얼마만이야 이게 ㅋㅋㅋ ㅋㅋㅋㅋㅋㅋㅋㅋㅋㅋㅋㅋㅋ,차 내렸네 ㅋㅋㅋ 몽골 리타이어 얼마만이야 이게 ㅋㅋㅋ ㅋㅋㅋㅋㅋㅋㅋㅋㅋㅋㅋㅋㅋ,0.612514317035675
2024-03-24 13:10:44,문제없이 재출발하면 그래도 포디움은 노리는게 막스아니냐,라고 하스팬이 생각합니다,8,8.0,문제없이 재출발하면 그래도 포디움은 노리는게 막스아니냐 라고 하스팬이 생각합니다,문제없이 재출발하면 그래도 포디움은 노리는게 막스아니냐 라고 하스팬이 생각합니다,0.1056966483592987
2024-03-24 13:10:45,몽골의 연승 행진을 막는거는 역시 대인지ㅋㅋㅋㅋㅋ,ㅋㅋㅋ,8,8.0,몽골의 연승 행진을 막는거는 역시 대인지ㅋㅋㅋㅋㅋ ㅋㅋㅋ,몽골의 연승 행진을 막는거는 역시 대인지ㅋㅋㅋㅋㅋ ㅋㅋㅋ,0.6112724542617798
2024-03-24 13:10:45,몽골 리타 ㅋㅋㅋㅋㅋㅋㅋㅋ,,8,8.0,몽골 리타 ㅋㅋㅋㅋㅋㅋㅋㅋ ,몽골 리타 ㅋㅋㅋㅋㅋㅋㅋㅋ,0.9155977964401245
2024-03-24 13:10:45,페라리 원 투 가자,"막스 리타 ㅋㅋㅋ
- dc official App",8,8.0,"페라리 원 투 가자 막스 리타 ㅋㅋㅋ
- dc official App",페라리 원 투 가자 막스 리타 ㅋㅋㅋ - dc official App,0.2042819708585739
2024-03-24 13:10:48,???: 얘들아 설렜냐?,"아직 형이 있잖아~
- dc official App",8,8.0,"???: 얘들아 설렜냐? 아직 형이 있잖아~
- dc official App",???: 얘들아 설렜냐? 아직 형이 있잖아~ - dc official App,0.8109009265899658
2024-03-24 13:10:51,막스 리타이어를 다 보네 ㅋㅋㅋㅋㅋㅋㅋㅋㅋㅋㅋㅋㅋ,,8,8.0,막스 리타이어를 다 보네 ㅋㅋㅋㅋㅋㅋㅋㅋㅋㅋㅋㅋㅋ ,막스 리타이어를 다 보네 ㅋㅋㅋㅋㅋㅋㅋㅋㅋㅋㅋㅋㅋ,0.4803888499736786
2024-03-24 13:10:51,막스 진짜 리타했노ㅋㅋㅋㅋㅋㅋㅋ,ㅋㅋㅋㅋ,8,8.0,막스 진짜 리타했노ㅋㅋㅋㅋㅋㅋㅋ ㅋㅋㅋㅋ,막스 진짜 리타했노ㅋㅋㅋㅋㅋㅋㅋ ㅋㅋㅋㅋ,0.4509392976760864
2024-03-24 13:10:54,이제켰는데 외불남?,,8,8.0,이제켰는데 외불남? ,이제켰는데 외불남?,0.10187110304832458
2024-03-24 13:10:54,티포시 행복사 하겠노 ㅋㅋㅋ,ㅋㅋㅋ,8,8.0,티포시 행복사 하겠노 ㅋㅋㅋ ㅋㅋㅋ,티포시 행복사 하겠노 ㅋㅋㅋ ㅋㅋㅋ,0.9147016406059265
2024-03-24 13:10:55,몽골 리타 섹스 ㅋㅋㅋㅋㅋㅋㅋㅋㅌ,,8,8.0,몽골 리타 섹스 ㅋㅋㅋㅋㅋㅋㅋㅋㅌ ,몽골 리타 섹스 ㅋㅋㅋㅋㅋㅋㅋㅋㅌ,0.9338456988334656
2024-03-24 13:10:56,유교포디움 끝ㅋㅋㅋㅋㅋㅋㅋ,"ㅋㅋㅋㅋㅋㅋㅋㅋㅋㅋ
- dc official App",8,8.0,"유교포디움 끝ㅋㅋㅋㅋㅋㅋㅋ ㅋㅋㅋㅋㅋㅋㅋㅋㅋㅋ
- dc official App",유교포디움 끝ㅋㅋㅋㅋㅋㅋㅋ ㅋㅋㅋㅋㅋㅋㅋㅋㅋㅋ - dc official App,0.4611318111419678
2024-03-24 13:10:58,몽골견 사망ㅋㅋㅋㅋㅋㅋㅋㅋㅋ,ㅋㅋㅋㅋㅋㅋㅋㅋㅋㅋㅋㅋ,8,8.0,몽골견 사망ㅋㅋㅋㅋㅋㅋㅋㅋㅋ ㅋㅋㅋㅋㅋㅋㅋㅋㅋㅋㅋㅋ,몽골견 사망ㅋㅋㅋㅋㅋㅋㅋㅋㅋ ㅋㅋㅋㅋㅋㅋㅋㅋㅋㅋㅋㅋ,0.9324344992637634
2024-03-24 13:11:00,막스 리타 ㅋㅋㅋㅋㅋㅋㅋㅋㅋ,사망ㅋㅋㅋㅋㅋㅋㅋㅋㅋ,8,8.0,막스 리타 ㅋㅋㅋㅋㅋㅋㅋㅋㅋ 사망ㅋㅋㅋㅋㅋㅋㅋㅋㅋ,막스 리타 ㅋㅋㅋㅋㅋㅋㅋㅋㅋ 사망ㅋㅋㅋㅋㅋㅋㅋㅋㅋ,0.8716028928756714
2024-03-24 13:11:00,화생방 ㅋㅋㅋㅋㅋㅋ,ㅈㄴ 웃기노 ㅋㅋ,8,8.0,화생방 ㅋㅋㅋㅋㅋㅋ ㅈㄴ 웃기노 ㅋㅋ,화생방 ㅋㅋㅋㅋㅋㅋ ㅈㄴ 웃기노 ㅋㅋ,0.685726523399353
2024-03-24 13:11:01,막가놈이 ㅈ되면 살아나는 대인츠ㄷㄷㄷ,,8,8.0,막가놈이 ㅈ되면 살아나는 대인츠ㄷㄷㄷ ,막가놈이 ㅈ되면 살아나는 대인츠ㄷㄷㄷ,0.8607340455055237
2024-03-24 13:11:04,와 리타이어 오랜만이네 진짜 몉념만이야,- dc official App,8,8.0,와 리타이어 오랜만이네 진짜 몉념만이야 - dc official App,와 리타이어 오랜만이네 진짜 몉념만이야 - dc official App,0.07718747854232788
2024-03-24 13:11:04,씨발 나이스!!!!!,ㅋㄱㄱㄱ몽골씹새끼사망 ㅅㅅㅅㅅ,8,8.0,씨발 나이스!!!!! ㅋㄱㄱㄱ몽골씹새끼사망 ㅅㅅㅅㅅ,씨발 나이스!!!!! ㅋㄱㄱㄱ몽골씹새끼사망 ㅅㅅㅅㅅ,0.9451985955238342
2024-03-24 13:11:07,막스 리타 <<< 엪원 입문하고 처음봄ㅋㅋㅋㅋ,ㅋㅋㅋㅋ,8,8.0,막스 리타 <<< 엪원 입문하고 처음봄ㅋㅋㅋㅋ ㅋㅋㅋㅋ,막스 리타 <<< 엪원 입문하고 처음봄ㅋㅋㅋㅋ ㅋㅋㅋㅋ,0.1434824913740158
2024-03-24 13:11:07,몽골 리타 ㅋㅋ,ㅅㅅㅅㅅ,8,8.0,몽골 리타 ㅋㅋ ㅅㅅㅅㅅ,몽골 리타 ㅋㅋ ㅅㅅㅅㅅ,0.7137810587882996
2024-03-24 13:11:08,막스 연속 완주 기록 연장 실패 ㅋㅋㅋㅋ,ㅋㅋㅋㅋㅋㅋㅋㅋ,8,8.0,막스 연속 완주 기록 연장 실패 ㅋㅋㅋㅋ ㅋㅋㅋㅋㅋㅋㅋㅋ,막스 연속 완주 기록 연장 실패 ㅋㅋㅋㅋ ㅋㅋㅋㅋㅋㅋㅋㅋ,0.4999485909938812
2024-03-24 13:11:09,병신 패랩 ㄷㄷ,ㄷㄷ,8,8.0,병신 패랩 ㄷㄷ ㄷㄷ,병신 패랩 ㄷㄷ ㄷㄷ,0.16104017198085785
2024-03-24 13:11:10,와 다 녹았네,ㄷㄷ,8,8.0,와 다 녹았네 ㄷㄷ,와 다 녹았네 ㄷㄷ,0.2677162289619446
2024-03-24 13:11:11,이제 남은경기 전부 레드불우승이겠네,역시 전승저지는 페라리 ㅋㅋㅋㅋㅋㅋ,8,8.0,이제 남은경기 전부 레드불우승이겠네 역시 전승저지는 페라리 ㅋㅋㅋㅋㅋㅋ,이제 남은경기 전부 레드불우승이겠네 역시 전승저지는 페라리 ㅋㅋㅋㅋㅋㅋ,0.40258949995040894
2024-03-24 13:11:11,차 조졌네 ㅋㅋ,- dc official App,8,8.0,차 조졌네 ㅋㅋ - dc official App,차 조졌네 ㅋㅋ - dc official App,0.748878538608551
2024-03-24 13:11:14,개씹호로양봉개꿀잼레이스 시작,"자 이제부터 서로 죽여라
- dc official App",8,8.0,"개씹호로양봉개꿀잼레이스 시작 자 이제부터 서로 죽여라
- dc official App",개씹호로양봉개꿀잼레이스 시작 자 이제부터 서로 죽여라 - dc official App,0.9204972982406616
2024-03-24 13:11:14,브레이크 십창났네 ㅋㅋㅋ,,8,8.0,브레이크 십창났네 ㅋㅋㅋ ,브레이크 십창났네 ㅋㅋㅋ,0.9211084246635437
2024-03-24 13:11:15,대 라 리 원 투,,8,8.0,대 라 리 원 투 ,대 라 리 원 투,0.1937175840139389
2024-03-24 13:11:16,막가놈 좆망 ㅋㅋㅋㅋㅋ,,8,8.0,막가놈 좆망 ㅋㅋㅋㅋㅋ ,막가놈 좆망 ㅋㅋㅋㅋㅋ,0.9332156181335449
2024-03-24 13:11:16,호주 <<<< 걍 약속의 땅이면 개추 ㅋㅋㅋㅋㅋㅋ,어 형이야 남반구는 달라,8,8.0,호주 <<<< 걍 약속의 땅이면 개추 ㅋㅋㅋㅋㅋㅋ 어 형이야 남반구는 달라,호주 <<<< 걍 약속의 땅이면 개추 ㅋㅋㅋㅋㅋㅋ 어 형이야 남반구는 달라,0.7622424960136414
2024-03-24 13:11:18,십 차 터진것도 2년만에 보네 ㅋㅋㅋㅋㅋ,차도 존나 안터져요 ㅋ,8,8.0,십 차 터진것도 2년만에 보네 ㅋㅋㅋㅋㅋ 차도 존나 안터져요 ㅋ,십 차 터진것도 2년만에 보네 ㅋㅋㅋㅋㅋ 차도 존나 안터져요 ㅋ,0.9143827557563782
2024-03-24 13:11:18,몽골 리타 확정이네,ㄹㅇ,8,8.0,몽골 리타 확정이네 ㄹㅇ,몽골 리타 확정이네 ㄹㅇ,0.8862218260765076
2024-03-24 13:11:19,누리스도 우승 함 해봐야제 절호의 기회다,,8,8.0,누리스도 우승 함 해봐야제 절호의 기회다 ,누리스도 우승 함 해봐야제 절호의 기회다,0.14204838871955872
2024-03-24 13:11:18,와ㅋㅋㅋㅋㅋ개 망가졌노,,8,8.0,와ㅋㅋㅋㅋㅋ개 망가졌노 ,와ㅋㅋㅋㅋㅋ개 망가졌노,0.8578009009361267
2024-03-24 13:11:20,뻬라리 완투 드가자잇ㅋㅋㅋㅋㅋㅋ,ㅋㅋㅋㅋㅋㅋ,8,8.0,뻬라리 완투 드가자잇ㅋㅋㅋㅋㅋㅋ ㅋㅋㅋㅋㅋㅋ,뻬라리 완투 드가자잇ㅋㅋㅋㅋㅋㅋ ㅋㅋㅋㅋㅋㅋ,0.7481170296669006
2024-03-24 13:11:23,좆카도는 왜 망했노,ㅇ,8,8.0,좆카도는 왜 망했노 ㅇ,좆카도는 왜 망했노 ㅇ,0.8896444439888
2024-03-24 13:11:22,막스 개빡쳤노ㅋㅋㅋㅋㅋㅋㅋㅋㅋㅋㅋㅋㅋㅋㅋ,,8,8.0,막스 개빡쳤노ㅋㅋㅋㅋㅋㅋㅋㅋㅋㅋㅋㅋㅋㅋㅋ ,막스 개빡쳤노ㅋㅋㅋㅋㅋㅋㅋㅋㅋㅋㅋㅋㅋㅋㅋ,0.8034874200820923
2024-03-24 13:11:23,지금 빡빡이 상황.jpg,이거 찾으러 사무실로 달려가는중 ㅋㅋㅋㅋㅋ,8,8.0,지금 빡빡이 상황.jpg 이거 찾으러 사무실로 달려가는중 ㅋㅋㅋㅋㅋ,지금 빡빡이 상황.jpg 이거 찾으러 사무실로 달려가는중 ㅋㅋㅋㅋㅋ,0.38658633828163147
2024-03-24 13:11:24,엔진 문제 아니다 GP2 아님,GP2 멈춰... 엔진 문제 아니야.. 혼다 잘못 없어.. PTSD 오겠네 시벌..,8,8.0,엔진 문제 아니다 GP2 아님 GP2 멈춰... 엔진 문제 아니야.. 혼다 잘못 없어.. PTSD 오겠네 시벌..,엔진 문제 아니다 GP2 아님 GP2 멈춰... 엔진 문제 아니야.. 혼다 잘못 없어.. PTSD 오겠네 시벌..,0.6999210715293884
2024-03-24 13:11:25,"어 맞아, 형은 신경론에 통달했어.",막가놈 2등은 어색했던거야,8,8.0,"어 맞아, 형은 신경론에 통달했어. 막가놈 2등은 어색했던거야","어 맞아, 형은 신경론에 통달했어. 막가놈 2등은 어색했던거야",0.8649792075157166
2024-03-24 13:11:25,와씨발 얼마만에 차터져서 리타냐,캬,8,8.0,와씨발 얼마만에 차터져서 리타냐 캬,와씨발 얼마만에 차터져서 리타냐 캬,0.21375513076782227
2024-03-24 13:11:26,올해 브렘보 뭔가 문제 있는듯,브레이크 디스크 문제 너무 잦고 심하다,8,8.0,올해 브렘보 뭔가 문제 있는듯 브레이크 디스크 문제 너무 잦고 심하다,올해 브렘보 뭔가 문제 있는듯 브레이크 디스크 문제 너무 잦고 심하다,0.30076587200164795
2024-03-24 13:11:27,이제부터 팀메끼리 전쟁이다 ㅋㅋㅋㅋㅋㅋㅋㅋㅋㅋㅋ,ㅋ132123,8,8.0,이제부터 팀메끼리 전쟁이다 ㅋㅋㅋㅋㅋㅋㅋㅋㅋㅋㅋ ㅋ132123,이제부터 팀메끼리 전쟁이다 ㅋㅋㅋㅋㅋㅋㅋㅋㅋㅋㅋ ㅋ132123,0.6830689907073975
2024-03-24 13:11:28,막스 시계방향 서킷 연승 21연승에서 마감,와 이게 드디어 끝나네,8,8.0,막스 시계방향 서킷 연승 21연승에서 마감 와 이게 드디어 끝나네,막스 시계방향 서킷 연승 21연승에서 마감 와 이게 드디어 끝나네,0.0770140066742897
2024-03-24 13:11:28,브레이크 말 그대로 녹았네,어우,8,8.0,브레이크 말 그대로 녹았네 어우,브레이크 말 그대로 녹았네 어우,0.2421160191297531
2024-03-24 13:11:28,리카도피트인ㅋㅋ,ㅋㅋ,8,8.0,리카도피트인ㅋㅋ ㅋㅋ,리카도피트인ㅋㅋ ㅋㅋ,0.2809302806854248
2024-03-24 13:11:30,페라리 더블 포디움 가보자잇~~~~,ㅅㅅㅅㅅㅅㅅ,8,8.0,페라리 더블 포디움 가보자잇~~~~ ㅅㅅㅅㅅㅅㅅ,페라리 더블 포디움 가보자잇~~~~ ㅅㅅㅅㅅㅅㅅ,0.1699296534061432
2024-03-24 13:11:31,리카도는 왜들어옴ㅋㅋ,,8,8.0,리카도는 왜들어옴ㅋㅋ ,리카도는 왜들어옴ㅋㅋ,0.5586912631988525
2024-03-24 13:11:33,막스 사망 진짜 얼마만이냐,"차 마지막으로 병신된거 언젠지도 기억안나네 ㅋㅋㅋㅋ
- dc official App",8,8.0,"막스 사망 진짜 얼마만이냐 차 마지막으로 병신된거 언젠지도 기억안나네 ㅋㅋㅋㅋ
- dc official App",막스 사망 진짜 얼마만이냐 차 마지막으로 병신된거 언젠지도 기억안나네 ㅋㅋㅋㅋ - dc official App,0.7866619825363159
2024-03-24 13:11:36,아 근데 몽골련 오늘 순수실력으로 닦일수 있었는데,하 탓할 거리가 생겼네 쉬팔,8,8.0,아 근데 몽골련 오늘 순수실력으로 닦일수 있었는데 하 탓할 거리가 생겼네 쉬팔,아 근데 몽골련 오늘 순수실력으로 닦일수 있었는데 하 탓할 거리가 생겼네 쉬팔,0.9401420950889587
2024-03-24 13:11:37,막스가 욕나오면 진짜 뭔가 좆된거임ㅋㅋ,,8,8.0,막스가 욕나오면 진짜 뭔가 좆된거임ㅋㅋ ,막스가 욕나오면 진짜 뭔가 좆된거임ㅋㅋ,0.9209234714508057
2024-03-24 13:11:39,리카도는 왜 6랩피트? ㅋㅋㅋ,,8,8.0,리카도는 왜 6랩피트? ㅋㅋㅋ ,리카도는 왜 6랩피트? ㅋㅋㅋ,0.40548065304756165
2024-03-24 13:11:41,안대 우리 몽고리 ㅜㅜㅜ,이거 시바 뉴이 페라리 간다고 차에 뭔짓 해놨네,8,8.0,안대 우리 몽고리 ㅜㅜㅜ 이거 시바 뉴이 페라리 간다고 차에 뭔짓 해놨네,안대 우리 몽고리 ㅜㅜㅜ 이거 시바 뉴이 페라리 간다고 차에 뭔짓 해놨네,0.4327426552772522
2024-03-24 13:11:42,역시 퍼스트는 나다 q2에서 발린 세컨따리는 나가라ㅋㅋ,,8,8.0,역시 퍼스트는 나다 q2에서 발린 세컨따리는 나가라ㅋㅋ ,역시 퍼스트는 나다 q2에서 발린 세컨따리는 나가라ㅋㅋ,0.9526273608207703
2024-03-24 13:11:42,시발 더블 포디움 가자ㅏㅏㅏㅏㅏㅏㅏㅏㅏㅏㅏㅏㅏ,오늘은 티포시의 날이다!!!!,8,8.0,시발 더블 포디움 가자ㅏㅏㅏㅏㅏㅏㅏㅏㅏㅏㅏㅏㅏ 오늘은 티포시의 날이다!!!!,시발 더블 포디움 가자ㅏㅏㅏㅏㅏㅏㅏㅏㅏㅏㅏㅏㅏ 오늘은 티포시의 날이다!!!!,0.1303148716688156
2024-03-24 13:11:44,리카도는 알게 모르게 피트 인 했는데,"ㅋㅋㅋㅋ
- dc official App",8,8.0,"리카도는 알게 모르게 피트 인 했는데 ㅋㅋㅋㅋ
- dc official App",리카도는 알게 모르게 피트 인 했는데 ㅋㅋㅋㅋ - dc official App,0.20038054883480072
2024-03-24 13:11:46,저 밑 막,"ㅂㅅ ㅋㅋㅋㅋㅋ
- dc official App",8,8.0,"저 밑 막 ㅂㅅ ㅋㅋㅋㅋㅋ
- dc official App",저 밑 막 ㅂㅅ ㅋㅋㅋㅋㅋ - dc official App,0.7929215431213379
2024-03-24 13:11:48,이와중에ㅜ리카도 뭐고 ㅋㅋㅋㅋㅋㅋㅋ,"걍 은퇴해 시발러마ㅜㅋㅋㅋㅋㅋ
- dc official App",8,8.0,"이와중에ㅜ리카도 뭐고 ㅋㅋㅋㅋㅋㅋㅋ 걍 은퇴해 시발러마ㅜㅋㅋㅋㅋㅋ
- dc official App",이와중에ㅜ리카도 뭐고 ㅋㅋㅋㅋㅋㅋㅋ 걍 은퇴해 시발러마ㅜㅋㅋㅋㅋㅋ - dc official App,0.9544470310211182
2024-03-24 13:11:48,43경기동안 문제 없었으면 거의 2년만에 터진거네 ㅋㅋㅋㅋ,대단하긴하다 레드불,8,8.0,43경기동안 문제 없었으면 거의 2년만에 터진거네 ㅋㅋㅋㅋ 대단하긴하다 레드불,43경기동안 문제 없었으면 거의 2년만에 터진거네 ㅋㅋㅋㅋ 대단하긴하다 레드불,0.09189863502979279
2024-03-24 13:11:49,정보 : 막스의 가장 마지막 리타이어는,"2023년 미국 그랑프리였다
10월달",8,8.0,"정보 : 막스의 가장 마지막 리타이어는 2023년 미국 그랑프리였다
10월달",정보 : 막스의 가장 마지막 리타이어는 2023년 미국 그랑프리였다 10월달,0.18470820784568787
2024-03-24 13:11:50,제발 르끌 2위로 올라와라,,8,8.0,제발 르끌 2위로 올라와라 ,제발 르끌 2위로 올라와라,0.2652200162410736
2024-03-24 13:11:51,카도 소프트 벌써 죽었노 ㅋㅋ,,8,8.0,카도 소프트 벌써 죽었노 ㅋㅋ ,카도 소프트 벌써 죽었노 ㅋㅋ,0.4739053547382355
2024-03-24 13:11:55,노리스 퀄리 끝나고 가만히 두계단 상승 ㅋㅋㅋㅋ,레드불 형님들 감사합니다,8,8.0,노리스 퀄리 끝나고 가만히 두계단 상승 ㅋㅋㅋㅋ 레드불 형님들 감사합니다,노리스 퀄리 끝나고 가만히 두계단 상승 ㅋㅋㅋㅋ 레드불 형님들 감사합니다,0.08771628886461258
2024-03-24 13:12:00,좆카도 이새기는 사실상 리타이어 아님?ㅋㅋㅋㅋㅋㅋㅋ,자체 리타이어 ㅋㅋㅋㅋ,9,9.0,좆카도 이새기는 사실상 리타이어 아님?ㅋㅋㅋㅋㅋㅋㅋ 자체 리타이어 ㅋㅋㅋㅋ,좆카도 이새기는 사실상 리타이어 아님?ㅋㅋㅋㅋㅋㅋㅋ 자체 리타이어 ㅋㅋㅋㅋ,0.9479108452796936
2024-03-24 13:12:03,빼라리 원투?,가나?,9,9.0,빼라리 원투? 가나?,빼라리 원투? 가나?,0.29417604207992554
2024-03-24 13:12:03,간만에 두근 대노 ㅋㅋㅋㅋㅋㅋㅋㅋㅋㅋㅋ,사인츠 우승 가냐,9,9.0,간만에 두근 대노 ㅋㅋㅋㅋㅋㅋㅋㅋㅋㅋㅋ 사인츠 우승 가냐,간만에 두근 대노 ㅋㅋㅋㅋㅋㅋㅋㅋㅋㅋㅋ 사인츠 우승 가냐,0.1436888724565506
2024-03-24 13:12:03,황라리 원 투 가즈아 시발!!!!!!!!!,"티포시의 주말!!! 섹스
- dc official App",9,9.0,"황라리 원 투 가즈아 시발!!!!!!!!! 티포시의 주말!!! 섹스
- dc official App",황라리 원 투 가즈아 시발!!!!!!!!! 티포시의 주말!!! 섹스 - dc official App,0.6415222883224487
2024-03-24 13:12:04,페라리 원투 가자 ㅋㅋㅋ,,9,9.0,페라리 원투 가자 ㅋㅋㅋ ,페라리 원투 가자 ㅋㅋㅋ,0.14639252424240112
2024-03-24 13:12:05,르끌아 2등이라도 해라,ㅋㅋ,9,9.0,르끌아 2등이라도 해라 ㅋㅋ,르끌아 2등이라도 해라 ㅋㅋ,0.9019584059715271
2024-03-24 13:12:05,씨발련들이 막징징 거릴 땐 언제고,"진짜 차에 문제생긴거 맞다니까 입싹 닫네
씨발",9,9.0,"씨발련들이 막징징 거릴 땐 언제고 진짜 차에 문제생긴거 맞다니까 입싹 닫네
씨발",씨발련들이 막징징 거릴 땐 언제고 진짜 차에 문제생긴거 맞다니까 입싹 닫네 씨발,0.965065598487854
2024-03-24 13:12:06,리어에 뭐 맞은거같은데,"쓰레기들 ㅈㄴ 굴러다니더만
미개한 오지놈들 ㅋㅋ",9,9.0,"리어에 뭐 맞은거같은데 쓰레기들 ㅈㄴ 굴러다니더만
미개한 오지놈들 ㅋㅋ",리어에 뭐 맞은거같은데 쓰레기들 ㅈㄴ 굴러다니더만 미개한 오지놈들 ㅋㅋ,0.961794912815094
2024-03-24 13:12:07,진짜 패러리 원투가냐?,,9,9.0,진짜 패러리 원투가냐? ,진짜 패러리 원투가냐?,0.2632160782814026
2024-03-24 13:12:08,이번년도 진짜 네덜란드 국가 24번 듣나 했다,,9,9.0,이번년도 진짜 네덜란드 국가 24번 듣나 했다 ,이번년도 진짜 네덜란드 국가 24번 듣나 했다,0.0809960886836052
2024-03-24 13:12:12,리카도는 왜 하드로 바꾸냐,"전략 괜찮은 건가?
- dc official App",9,9.0,"리카도는 왜 하드로 바꾸냐 전략 괜찮은 건가?
- dc official App",리카도는 왜 하드로 바꾸냐 전략 괜찮은 건가? - dc official App,0.09315278381109238
2024-03-24 13:12:13,아보카드 그 와중에 하드로 바꿈 ㅅㅂㅋㅋㅋㅋㅋㅋ,ㅋㅋㅋㅋㅋ,9,9.0,아보카드 그 와중에 하드로 바꿈 ㅅㅂㅋㅋㅋㅋㅋㅋ ㅋㅋㅋㅋㅋ,아보카드 그 와중에 하드로 바꿈 ㅅㅂㅋㅋㅋㅋㅋㅋ ㅋㅋㅋㅋㅋ,0.6180945038795471
2024-03-24 13:12:19,노리스 무관 탈출 가자잇!!!!!!!!!!,ㄴ,9,9.0,노리스 무관 탈출 가자잇!!!!!!!!!! ㄴ,노리스 무관 탈출 가자잇!!!!!!!!!! ㄴ,0.2923107147216797
2024-03-24 13:12:21,페라리 v 멕라렌 싸움이네,ㅇ,9,9.0,페라리 v 멕라렌 싸움이네 ㅇ,페라리 v 멕라렌 싸움이네 ㅇ,0.3052992820739746
2024-03-24 13:12:22,근데 사실 나는 누리스 우승이 보고싶어..,무관 탈출 해야지,9,9.0,근데 사실 나는 누리스 우승이 보고싶어.. 무관 탈출 해야지,근데 사실 나는 누리스 우승이 보고싶어.. 무관 탈출 해야지,0.12892237305641174
2024-03-24 13:12:21,"""지는거에요?""",- dc official App,9,9.0,"""지는거에요?"" - dc official App","""지는거에요?"" - dc official App",0.16431213915348053
2024-03-24 13:12:25,오늘 우승 돈걸라면 누구한테 걸꺼임?,사인츠가 정배인가,9,9.0,오늘 우승 돈걸라면 누구한테 걸꺼임? 사인츠가 정배인가,오늘 우승 돈걸라면 누구한테 걸꺼임? 사인츠가 정배인가,0.28820204734802246
2024-03-24 13:12:26,피아스트리야 제발 르끌 제치자,포디엄 가야지,9,9.0,피아스트리야 제발 르끌 제치자 포디엄 가야지,피아스트리야 제발 르끌 제치자 포디엄 가야지,0.28832367062568665
2024-03-24 13:12:26,호너가 rb20에 독을 풀었다,ㄹㅇㅋㅋ,9,9.0,호너가 rb20에 독을 풀었다 ㄹㅇㅋㅋ,호너가 rb20에 독을 풀었다 ㄹㅇㅋㅋ,0.7588538527488708
2024-03-24 13:12:28,f1 이제 개막했노 ㅋㅋ,아 ㅋㅋㅋㅋ,9,9.0,f1 이제 개막했노 ㅋㅋ 아 ㅋㅋㅋㅋ,f1 이제 개막했노 ㅋㅋ 아 ㅋㅋㅋㅋ,0.306075781583786
2024-03-24 13:12:29,섹스스스스스스스스스스쓰ㅡㅅ,"몽골 컷!
- dc official App",9,9.0,"섹스스스스스스스스스스쓰ㅡㅅ 몽골 컷!
- dc official App",섹스스스스스스스스스스쓰ㅡㅅ 몽골 컷! - dc official App,0.882028341293335
2024-03-24 13:12:32,페멕 대전 ㅁㅊ다 ㅁㅊ,12354234423,9,9.0,페멕 대전 ㅁㅊ다 ㅁㅊ 12354234423,페멕 대전 ㅁㅊ다 ㅁㅊ 12354234423,0.7691872119903564
2024-03-24 13:12:32,아 씨발 안봐,"막스 왜 리타이어노 씨발
- dc official App",9,9.0,"아 씨발 안봐 막스 왜 리타이어노 씨발
- dc official App",아 씨발 안봐 막스 왜 리타이어노 씨발 - dc official App,0.8340631127357483
2024-03-24 13:12:33,퇴물탕이는 소프트주제에 츠노다를 못따네,몽물대멸망wwwwww,9,9.0,퇴물탕이는 소프트주제에 츠노다를 못따네 몽물대멸망wwwwww,퇴물탕이는 소프트주제에 츠노다를 못따네 몽물대멸망wwwwww,0.9429198503494263
2024-03-24 13:12:33,시트 얻을거같아서 웃는 편의점이면 개추ㅋㅋ,- dc official App,9,9.0,시트 얻을거같아서 웃는 편의점이면 개추ㅋㅋ - dc official App,시트 얻을거같아서 웃는 편의점이면 개추ㅋㅋ - dc official App,0.37821435928344727
2024-03-24 13:12:37,맹인지 존나 잘하닝,맹인지ㅠ,9,9.0,맹인지 존나 잘하닝 맹인지ㅠ,맹인지 존나 잘하닝 맹인지ㅠ,0.8951706290245056
2024-03-24 13:12:43,페맥대전 존나 섹스네,ㄹㅇ,9,9.0,페맥대전 존나 섹스네 ㄹㅇ,페맥대전 존나 섹스네 ㄹㅇ,0.8893835544586182
2024-03-24 13:12:45,리카도,"마실 나왔노
- dc official App",9,9.0,"리카도 마실 나왔노
- dc official App",리카도 마실 나왔노 - dc official App,0.8542562127113342
2024-03-24 13:12:47,오늘 존ㄴㄴㄴㄴ나 재밌으면 개추ㅋㅋㅋ,ㅇㄷㄴㅂㅌ,9,9.0,오늘 존ㄴㄴㄴㄴ나 재밌으면 개추ㅋㅋㅋ ㅇㄷㄴㅂㅌ,오늘 존ㄴㄴㄴㄴ나 재밌으면 개추ㅋㅋㅋ ㅇㄷㄴㅂㅌ,0.7624861598014832
2024-03-24 13:12:52,뭔일이냐 ㅋㅋㅋㅋㅋㅋㅋㅋ,"후륜 브래이크 십창났네
- dc official App",9,9.0,"뭔일이냐 ㅋㅋㅋㅋㅋㅋㅋㅋ 후륜 브래이크 십창났네
- dc official App",뭔일이냐 ㅋㅋㅋㅋㅋㅋㅋㅋ 후륜 브래이크 십창났네 - dc official App,0.9016608595848083
2024-03-24 13:12:53,리카도는... 시트 뺏기겠다...,"호감 드라이버 중 한명인데...
- dc official App",9,9.0,"리카도는... 시트 뺏기겠다... 호감 드라이버 중 한명인데...
- dc official App",리카도는... 시트 뺏기겠다... 호감 드라이버 중 한명인데... - dc official App,0.12245494872331619
2024-03-24 13:12:56,이거 안봐서 좋으면 개추ㅋㅋ,"빌렘의 노래 잘가시고 ㅋㅋ
- dc official App",9,9.0,"이거 안봐서 좋으면 개추ㅋㅋ 빌렘의 노래 잘가시고 ㅋㅋ
- dc official App",이거 안봐서 좋으면 개추ㅋㅋ 빌렘의 노래 잘가시고 ㅋㅋ - dc official App,0.8172380924224854
2024-03-24 13:13:08,좀 불쌍한데 ㅋㅋㅋㅋㅋㅋㅋㅋ,"43연속 완주도 대단하긴 하다
- dc official App",9,9.0,"좀 불쌍한데 ㅋㅋㅋㅋㅋㅋㅋㅋ 43연속 완주도 대단하긴 하다
- dc official App",좀 불쌍한데 ㅋㅋㅋㅋㅋㅋㅋㅋ 43연속 완주도 대단하긴 하다 - dc official App,0.13236382603645325
2024-03-24 13:13:10,티어오프에 덕트막혔을려나,그거 아니면 뭐 없을거 같은데,9,9.0,티어오프에 덕트막혔을려나 그거 아니면 뭐 없을거 같은데,티어오프에 덕트막혔을려나 그거 아니면 뭐 없을거 같은데,0.3549952208995819
2024-03-24 13:13:11,드디어 정신을 놓은 개좆핀.twitter,- dc official App,9,9.0,드디어 정신을 놓은 개좆핀.twitter - dc official App,드디어 정신을 놓은 개좆핀.twitter - dc official App,0.9434705376625061
2024-03-24 13:13:14,이세계 F1 보고 있는 기분이면 개추 ㅋㅋ,,9,9.0,이세계 F1 보고 있는 기분이면 개추 ㅋㅋ ,이세계 F1 보고 있는 기분이면 개추 ㅋㅋ,0.5830168724060059
2024-03-24 13:13:23,하..,"하
- dc official App",9,9.0,"하.. 하
- dc official App",하.. 하 - dc official App,0.22984479367733002
2024-03-24 13:13:27,아파트 옥상 올라간다,기다려라,10,10.0,아파트 옥상 올라간다 기다려라,아파트 옥상 올라간다 기다려라,0.6788340210914612
2024-03-24 13:13:33,찐 f1 시작ㅋㅋㅋㅋㅋㅋ,"ㅋㅎㅎㅋㅎㅋㅎㅋㅎㅋㅅㅋㅅㅋㅎㅋㅎㅋㅎㅎㅋ
몽골 컷!
- dc official App",10,10.0,"찐 f1 시작ㅋㅋㅋㅋㅋㅋ ㅋㅎㅎㅋㅎㅋㅎㅋㅎㅋㅅㅋㅅㅋㅎㅋㅎㅋㅎㅎㅋ
몽골 컷!
- dc official App",찐 f1 시작ㅋㅋㅋㅋㅋㅋ ㅋㅎㅎㅋㅎㅋㅎㅋㅎㅋㅅㅋㅅㅋㅎㅋㅎㅋㅎㅎㅋ 몽골 컷! - dc official App,0.6599436402320862
2024-03-24 13:13:40,차량 이슈 ㅋㅋㅋㅋ,"아 너무 아쉽네
- dc official App",10,10.0,"차량 이슈 ㅋㅋㅋㅋ 아 너무 아쉽네
- dc official App",차량 이슈 ㅋㅋㅋㅋ 아 너무 아쉽네 - dc official App,0.08040520548820496
2024-03-24 13:13:40,페라리 원투 각,와꾸 원탑 대라리 원투 가보자,10,10.0,페라리 원투 각 와꾸 원탑 대라리 원투 가보자,페라리 원투 각 와꾸 원탑 대라리 원투 가보자,0.6643028855323792
2024-03-24 13:13:41,부품이 그냥 날라가네 ㅋㅋㅋㅋ,뭔 시발ㅋㅋㅋㅋㅋ,10,10.0,부품이 그냥 날라가네 ㅋㅋㅋㅋ 뭔 시발ㅋㅋㅋㅋㅋ,부품이 그냥 날라가네 ㅋㅋㅋㅋ 뭔 시발ㅋㅋㅋㅋㅋ,0.8909635543823242
2024-03-24 13:13:45,와 걍 터지네,"무섭노
- dc official App",10,10.0,"와 걍 터지네 무섭노
- dc official App",와 걍 터지네 무섭노 - dc official App,0.14496001601219177
2024-03-24 13:13:49,몽골 크루징할때 순해졌다가,따잇 당하니까 다시 욕박는게 개웃기네ㅋㅋㅋㅋ,10,10.0,몽골 크루징할때 순해졌다가 따잇 당하니까 다시 욕박는게 개웃기네ㅋㅋㅋㅋ,몽골 크루징할때 순해졌다가 따잇 당하니까 다시 욕박는게 개웃기네ㅋㅋㅋㅋ,0.9370540380477905
2024-03-24 13:13:54,대 라 리 원투 기대되면 개추 ㅋㅋㅋㅋ,"일 단 나 부 터
사인지 진짜 일내게 생겼네",10,10.0,"대 라 리 원투 기대되면 개추 ㅋㅋㅋㅋ 일 단 나 부 터
사인지 진짜 일내게 생겼네",대 라 리 원투 기대되면 개추 ㅋㅋㅋㅋ 일 단 나 부 터 사인지 진짜 일내게 생겼네,0.6720439195632935
2024-03-24 13:13:56,고스트라이더 ㄷㄷ,ㄷㄷ,10,10.0,고스트라이더 ㄷㄷ ㄷㄷ,고스트라이더 ㄷㄷ ㄷㄷ,0.08985833823680878
2024-03-24 13:13:57,햄 피트인,,10,10.0,햄 피트인 ,햄 피트인,0.5836057066917419
2024-03-24 13:13:58,차가 그냥 터지노 ㅋㅋㅋㅋㅋㅋ,ㅋㅋㅋㅋㅋㅋ,10,10.0,차가 그냥 터지노 ㅋㅋㅋㅋㅋㅋ ㅋㅋㅋㅋㅋㅋ,차가 그냥 터지노 ㅋㅋㅋㅋㅋㅋ ㅋㅋㅋㅋㅋㅋ,0.7579862475395203
2024-03-24 13:14:02,소프트 ㅈ망ㅋㅋㅋ,,10,10.0,소프트 ㅈ망ㅋㅋㅋ ,소프트 ㅈ망ㅋㅋㅋ,0.8990527391433716
2024-03-24 13:14:05,활활타네 ㅋㅋㅋㅋㅋ,ㅋㅋㅋㅋㅋ,10,10.0,활활타네 ㅋㅋㅋㅋㅋ ㅋㅋㅋㅋㅋ,활활타네 ㅋㅋㅋㅋㅋ ㅋㅋㅋㅋㅋ,0.6211224794387817
2024-03-24 13:13:59,전세계 엪붕이 환호중 ㅋㅋ,,10,10.0,전세계 엪붕이 환호중 ㅋㅋ ,전세계 엪붕이 환호중 ㅋㅋ,0.5339757204055786
2024-03-24 13:14:06,검은연기 ㅋㅋㅋ 무섭노,,10,10.0,검은연기 ㅋㅋㅋ 무섭노 ,검은연기 ㅋㅋㅋ 무섭노,0.3609088063240051
2024-03-24 13:14:07,페라리 팬 싱글벙글하겠네,"맥라렌 달려
- dc official App",10,10.0,"페라리 팬 싱글벙글하겠네 맥라렌 달려
- dc official App",페라리 팬 싱글벙글하겠네 맥라렌 달려 - dc official App,0.148235484957695
2024-03-24 13:14:10,담당 일진 사라지니깐 난리노 ㅋㅋㅋㅋ,호주 개꿀잼 ㄹㅇ,10,10.0,담당 일진 사라지니깐 난리노 ㅋㅋㅋㅋ 호주 개꿀잼 ㄹㅇ,담당 일진 사라지니깐 난리노 ㅋㅋㅋㅋ 호주 개꿀잼 ㄹㅇ,0.888210117816925
2024-03-24 13:14:13,소프트 다 망했노ㅋㅋㅋㅋㅋ,ㅋㅋㅋㅋ,10,10.0,소프트 다 망했노ㅋㅋㅋㅋㅋ ㅋㅋㅋㅋ,소프트 다 망했노ㅋㅋㅋㅋㅋ ㅋㅋㅋㅋ,0.8183110356330872
2024-03-24 13:14:16,뭐 퀄리때도 한랩도 못달리고 과열 이슈있더니,이걸 레이스 소프트를 픽하네,10,10.0,뭐 퀄리때도 한랩도 못달리고 과열 이슈있더니 이걸 레이스 소프트를 픽하네,뭐 퀄리때도 한랩도 못달리고 과열 이슈있더니 이걸 레이스 소프트를 픽하네,0.4423332214355469
2024-03-24 13:14:21,소프트는 그냥 잘못된 선택인가?,,10,10.0,소프트는 그냥 잘못된 선택인가? ,소프트는 그냥 잘못된 선택인가?,0.14022056758403778
2024-03-24 13:14:22,소프트는 그냥 7~8랩이 한계노 ㅋㅋㅋ,ㅋㅋ 약속의 땅 ㅋㅋㅋㅋㅋ,10,10.0,소프트는 그냥 7~8랩이 한계노 ㅋㅋㅋ ㅋㅋ 약속의 땅 ㅋㅋㅋㅋㅋ,소프트는 그냥 7~8랩이 한계노 ㅋㅋㅋ ㅋㅋ 약속의 땅 ㅋㅋㅋㅋㅋ,0.5374027490615845
2024-03-24 13:14:23,사인츠 크루징 가냐???,페이스조절 좆되네짖짜,10,10.0,사인츠 크루징 가냐??? 페이스조절 좆되네짖짜,사인츠 크루징 가냐??? 페이스조절 좆되네짖짜,0.7668297290802002
2024-03-24 13:14:27,보타스가 제발 포인트 피니쉬하게 해주세요,,10,10.0,보타스가 제발 포인트 피니쉬하게 해주세요 ,보타스가 제발 포인트 피니쉬하게 해주세요,0.08657627552747726
2024-03-24 13:14:28,'씨발',"어쩌자고 저딴 새끼를
- dc official App",10,10.0,"'씨발' 어쩌자고 저딴 새끼를
- dc official App",'씨발' 어쩌자고 저딴 새끼를 - dc official App,0.9339518547058105
2024-03-24 13:14:30,ㅅㅂ 사인츠 거리 벌린다 ㅋㅋㅋㅋㅋㅋㅋㅋㅋ,여윽시 페라리 퍼스트,10,10.0,ㅅㅂ 사인츠 거리 벌린다 ㅋㅋㅋㅋㅋㅋㅋㅋㅋ 여윽시 페라리 퍼스트,ㅅㅂ 사인츠 거리 벌린다 ㅋㅋㅋㅋㅋㅋㅋㅋㅋ 여윽시 페라리 퍼스트,0.760932207107544
2024-03-24 13:14:30,플랜 A,,10,10.0,플랜 A ,플랜 A,0.08986317366361618
2024-03-24 13:14:31,쁠랜 에이ㅋㅋㅋㅋ,ㅋㅋ,10,10.0,쁠랜 에이ㅋㅋㅋㅋ ㅋㅋ,쁠랜 에이ㅋㅋㅋㅋ ㅋㅋ,0.35596054792404175
2024-03-24 13:14:32,쁠랜 A 입갤 ㅋㅋ,,10,10.0,쁠랜 A 입갤 ㅋㅋ ,쁠랜 A 입갤 ㅋㅋ,0.21973900496959686
2024-03-24 13:14:34,어우 십 따일 뻔,,10,10.0,어우 십 따일 뻔 ,어우 십 따일 뻔,0.9262675642967224
2024-03-24 13:14:36,사상 최초 플랜 A ㅋㅋㅋㅋㅋㅋㅋㅋ,,10,10.0,사상 최초 플랜 A ㅋㅋㅋㅋㅋㅋㅋㅋ ,사상 최초 플랜 A ㅋㅋㅋㅋㅋㅋㅋㅋ,0.27953553199768066
2024-03-24 13:14:40,플랜 뭐고 ㅋㅋㅋ,,10,10.0,플랜 뭐고 ㅋㅋㅋ ,플랜 뭐고 ㅋㅋㅋ,0.3772885203361511
2024-03-24 13:14:41,그냥 신이면 개추 ㅋㅋㅋㅋㅋㅋㅋㅋㅋㅋㅋ,ㅇㄷㄴㅂㅌ ㅋㅋ,10,10.0,그냥 신이면 개추 ㅋㅋㅋㅋㅋㅋㅋㅋㅋㅋㅋ ㅇㄷㄴㅂㅌ ㅋㅋ,그냥 신이면 개추 ㅋㅋㅋㅋㅋㅋㅋㅋㅋㅋㅋ ㅇㄷㄴㅂㅌ ㅋㅋ,0.9333788752555847
2024-03-24 13:14:42,똠이랑 KMAG은 미듐주제에 벌써 핏인했냐,;;;,10,10.0,똠이랑 KMAG은 미듐주제에 벌써 핏인했냐 ;;;,똠이랑 KMAG은 미듐주제에 벌써 핏인했냐 ;;;,0.8541975617408752
2024-03-24 13:14:43,레드불은 나이트레이스 아니면 기대해봐야겠네,언제 브레이크 터질지 ㅋㅋㅋㅋ,10,10.0,레드불은 나이트레이스 아니면 기대해봐야겠네 언제 브레이크 터질지 ㅋㅋㅋㅋ,레드불은 나이트레이스 아니면 기대해봐야겠네 언제 브레이크 터질지 ㅋㅋㅋㅋ,0.26619330048561096
2024-03-24 13:14:47,해밀턴은 무슨생각으로 소프트 스타트한거야?,"예선때도 온도 올라가서 병신됬는데 굳이?
- dc official App",10,10.0,"해밀턴은 무슨생각으로 소프트 스타트한거야? 예선때도 온도 올라가서 병신됬는데 굳이?
- dc official App",해밀턴은 무슨생각으로 소프트 스타트한거야? 예선때도 온도 올라가서 병신됬는데 굳이? - dc official App,0.863396167755127
2024-03-24 13:14:52,소프트 스타트 뭔 생각으로 한건지 몰겠네,프랙때 그지랄났었는데,11,11.0,소프트 스타트 뭔 생각으로 한건지 몰겠네 프랙때 그지랄났었는데,소프트 스타트 뭔 생각으로 한건지 몰겠네 프랙때 그지랄났었는데,0.8855153918266296
2024-03-24 13:14:52,ㅋㅋㅋㅋㅋㅋ플랜 A 처음봄 ㅋㅋㅋㅋ,- dc official App,11,11.0,ㅋㅋㅋㅋㅋㅋ플랜 A 처음봄 ㅋㅋㅋㅋ - dc official App,ㅋㅋㅋㅋㅋㅋ플랜 A 처음봄 ㅋㅋㅋㅋ - dc official App,0.1466987282037735
2024-03-24 13:14:54,C5는 봉인하는걸로,"진짜 지우개노
- dc official App",11,11.0,"C5는 봉인하는걸로 진짜 지우개노
- dc official App",C5는 봉인하는걸로 진짜 지우개노 - dc official App,0.21530470252037048
2024-03-24 13:14:56,시벌 드디어 페라리 플랜A ㅋㅋㅌㅋㅋㅋ,맨날 B만 ㅈㄴ 쓰다가 ㅋㅋㅋ,11,11.0,시벌 드디어 페라리 플랜A ㅋㅋㅌㅋㅋㅋ 맨날 B만 ㅈㄴ 쓰다가 ㅋㅋㅋ,시벌 드디어 페라리 플랜A ㅋㅋㅌㅋㅋㅋ 맨날 B만 ㅈㄴ 쓰다가 ㅋㅋㅋ,0.9199631810188293
2024-03-24 13:15:01,F1은 팀 팬이 많냐 드라이버 팬이 많냐,보통 어느 팬이 많냐,11,11.0,F1은 팀 팬이 많냐 드라이버 팬이 많냐 보통 어느 팬이 많냐,F1은 팀 팬이 많냐 드라이버 팬이 많냐 보통 어느 팬이 많냐,0.4371284544467926
2024-03-24 13:15:01,트랙에 데브리잇는데 ㄱㅊ나,,11,11.0,트랙에 데브리잇는데 ㄱㅊ나 ,트랙에 데브리잇는데 ㄱㅊ나,0.18109045922756195
2024-03-24 13:15:01,"여기는 ""에이전트 C"", 임무를 완수했다","모든 것은 계획대로
""Per Tifosi""",11,11.0,"여기는 ""에이전트 C"", 임무를 완수했다 모든 것은 계획대로
""Per Tifosi""","여기는 ""에이전트 C"", 임무를 완수했다 모든 것은 계획대로 ""Per Tifosi""",0.16003908216953278
2024-03-24 13:15:02,"티포시, 황라렌 팬들 신났다 ㅋㅋㅋㅋㅋ",,11,11.0,"티포시, 황라렌 팬들 신났다 ㅋㅋㅋㅋㅋ ","티포시, 황라렌 팬들 신났다 ㅋㅋㅋㅋㅋ",0.3152273893356323
2024-03-24 13:15:06,페 멕 페 멕 <<< 씹근본이면 개추 ㅋㅋㅋㅋ,ㅇㄷㄴㅂㅌ ㅋㅋㅋ,11,11.0,페 멕 페 멕 <<< 씹근본이면 개추 ㅋㅋㅋㅋ ㅇㄷㄴㅂㅌ ㅋㅋㅋ,페 멕 페 멕 <<< 씹근본이면 개추 ㅋㅋㅋㅋ ㅇㄷㄴㅂㅌ ㅋㅋㅋ,0.927878201007843
2024-03-24 13:15:07,쥬지도 뽁스,ㅇ,11,11.0,쥬지도 뽁스 ㅇ,쥬지도 뽁스 ㅇ,0.9381895661354065
2024-03-24 13:15:07,체코 제발 좀 힘 내봐,"시발 너 말곤 없는데 포디움이라도 들어가야지
- dc official App",11,11.0,"체코 제발 좀 힘 내봐 시발 너 말곤 없는데 포디움이라도 들어가야지
- dc official App",체코 제발 좀 힘 내봐 시발 너 말곤 없는데 포디움이라도 들어가야지 - dc official App,0.8002251386642456
2024-03-24 13:15:20,드디어 ㅈ드불 없는 포디엄 보는거냐?,대인즈,11,11.0,드디어 ㅈ드불 없는 포디엄 보는거냐? 대인즈,드디어 ㅈ드불 없는 포디엄 보는거냐? 대인즈,0.8749606013298035
2024-03-24 13:15:23,막스 리타이어 1번에 경기가 이렇게 꿀잼이 되다니,ㅋㅋㅋㅋㅋㅋㅋㅋㅋ,11,11.0,막스 리타이어 1번에 경기가 이렇게 꿀잼이 되다니 ㅋㅋㅋㅋㅋㅋㅋㅋㅋ,막스 리타이어 1번에 경기가 이렇게 꿀잼이 되다니 ㅋㅋㅋㅋㅋㅋㅋㅋㅋ,0.07265155017375946
2024-03-24 13:15:25,메르 요즘 피트 잘하네,어,11,11.0,메르 요즘 피트 잘하네 어,메르 요즘 피트 잘하네 어,0.10066033154726028
2024-03-24 13:15:29,오늘 개꿀잼이네,ㅋㅋㅋㅋㅋ,11,11.0,오늘 개꿀잼이네 ㅋㅋㅋㅋㅋ,오늘 개꿀잼이네 ㅋㅋㅋㅋㅋ,0.103570856153965
2024-03-24 13:15:30,베르스타펜 차량 상태 사진,,11,11.0,베르스타펜 차량 상태 사진 ,베르스타펜 차량 상태 사진,0.10102053731679916
2024-03-24 13:15:31,레이스 개판이네 ㅋㅋㅋㅋㅋㅋㅋㅋㅋㅋㅋㅋㅋㅋㅋㅋㅋㅋ,씹ㅋㅋㅋㅋㅋㅋㅋㅋㅋㅋㅋㅋㅋㅋㅋㅋㅋㅋㅋ,11,11.0,레이스 개판이네 ㅋㅋㅋㅋㅋㅋㅋㅋㅋㅋㅋㅋㅋㅋㅋㅋㅋㅋ 씹ㅋㅋㅋㅋㅋㅋㅋㅋㅋㅋㅋㅋㅋㅋㅋㅋㅋㅋㅋ,레이스 개판이네 ㅋㅋㅋㅋㅋㅋㅋㅋㅋㅋㅋㅋㅋㅋㅋㅋㅋㅋ 씹ㅋㅋㅋㅋㅋㅋㅋㅋㅋㅋㅋㅋㅋㅋㅋㅋㅋㅋㅋ,0.9166014194488525
2024-03-24 13:15:34,츠노다 가자,p6,11,11.0,츠노다 가자 p6,츠노다 가자 p6,0.20200487971305847
2024-03-24 13:15:36,"톱4만 보면 2007,8년임 ㅋㅋㅋㅋ",,11,11.0,"톱4만 보면 2007,8년임 ㅋㅋㅋㅋ ","톱4만 보면 2007,8년임 ㅋㅋㅋㅋ",0.1979004293680191
2024-03-24 13:15:37,메르차는 얼마나 똥차인거냐,타이어도 다 갈리네 개똥차 주제에ㅋㅋㅋㅋㅋㅋ,11,11.0,메르차는 얼마나 똥차인거냐 타이어도 다 갈리네 개똥차 주제에ㅋㅋㅋㅋㅋㅋ,메르차는 얼마나 똥차인거냐 타이어도 다 갈리네 개똥차 주제에ㅋㅋㅋㅋㅋㅋ,0.9609768390655518
2024-03-24 13:15:38,보타스는 또 뭔일이야 씨발,,11,11.0,보타스는 또 뭔일이야 씨발 ,보타스는 또 뭔일이야 씨발,0.702726423740387
2024-03-24 13:15:38,퇴물특) 타이어 병신같은거고름,대런 해물탕,11,11.0,퇴물특) 타이어 병신같은거고름 대런 해물탕,퇴물특) 타이어 병신같은거고름 대런 해물탕,0.9473298788070679
2024-03-24 13:15:38,자우버 개씨발 또 씨방,,11,11.0,자우버 개씨발 또 씨방 ,자우버 개씨발 또 씨방,0.9329564571380615
2024-03-24 13:15:39,보타스 또 ㅋㅋㅋㅋ,,11,11.0,보타스 또 ㅋㅋㅋㅋ ,보타스 또 ㅋㅋㅋㅋ,0.38929951190948486
2024-03-24 13:15:40,자우버는 또 좆망 ㅋㅋㅋㅋㅋㅋㅋㅋㅋㅋㅋㅋㅋ,,11,11.0,자우버는 또 좆망 ㅋㅋㅋㅋㅋㅋㅋㅋㅋㅋㅋㅋㅋ ,자우버는 또 좆망 ㅋㅋㅋㅋㅋㅋㅋㅋㅋㅋㅋㅋㅋ,0.9191955327987671
2024-03-24 13:15:41,자우버 또 ㅋㅋㅋㅋㅋㅋㅋㅋㅋㅋㅋ,ㅋㅋㅋㅋㅋㅋㅋㅋㅋㅋㅋㅋㅋㅋㅋㅋㅋㅋㅋㅋㅋㅋㅋㅋㅋㅋ,11,11.0,자우버 또 ㅋㅋㅋㅋㅋㅋㅋㅋㅋㅋㅋ ㅋㅋㅋㅋㅋㅋㅋㅋㅋㅋㅋㅋㅋㅋㅋㅋㅋㅋㅋㅋㅋㅋㅋㅋㅋㅋ,자우버 또 ㅋㅋㅋㅋㅋㅋㅋㅋㅋㅋㅋ ㅋㅋㅋㅋㅋㅋㅋㅋㅋㅋㅋㅋㅋㅋㅋㅋㅋㅋㅋㅋㅋㅋㅋㅋㅋㅋ,0.927679717540741
2024-03-24 13:15:41,북딱스 멸망 ㅋㅋㅋㅋㅋㅋㅋ,,11,11.0,북딱스 멸망 ㅋㅋㅋㅋㅋㅋㅋ ,북딱스 멸망 ㅋㅋㅋㅋㅋㅋㅋ,0.936971127986908
2024-03-24 13:15:41,보타스 또ㅋㅋㅋ,아휴ㅋㅋ,11,11.0,보타스 또ㅋㅋㅋ 아휴ㅋㅋ,보타스 또ㅋㅋㅋ 아휴ㅋㅋ,0.7218617796897888
2024-03-24 13:15:42,또타스 ㅋㅋㅋㅋㅋ,"ㅋㅋㅋㅋ
- dc official App",11,11.0,"또타스 ㅋㅋㅋㅋㅋ ㅋㅋㅋㅋ
- dc official App",또타스 ㅋㅋㅋㅋㅋ ㅋㅋㅋㅋ - dc official App,0.3787030279636383
2024-03-24 13:15:42,킥은 걍 접어라 ㅋㅋㅋㅋㅋ,,11,11.0,킥은 걍 접어라 ㅋㅋㅋㅋㅋ ,킥은 걍 접어라 ㅋㅋㅋㅋㅋ,0.8882133960723877
2024-03-24 13:15:42,또 보타스야?ㅋㅋㅋㅋㅋ,,11,11.0,또 보타스야?ㅋㅋㅋㅋㅋ ,또 보타스야?ㅋㅋㅋㅋㅋ,0.7324804067611694
2024-03-24 13:15:42,북딱스 또 시작 ㅋㅋㅋㅋ,"시발 ㅋㅋㅋ
- dc official App",11,11.0,"북딱스 또 시작 ㅋㅋㅋㅋ 시발 ㅋㅋㅋ
- dc official App",북딱스 또 시작 ㅋㅋㅋㅋ 시발 ㅋㅋㅋ - dc official App,0.9168167114257812
2024-03-24 13:15:43,자우버 또 지랄이네 아오,ㅅㅂ,11,11.0,자우버 또 지랄이네 아오 ㅅㅂ,자우버 또 지랄이네 아오 ㅅㅂ,0.9160919189453125
2024-03-24 13:15:43,미하하소 나오냐???,타이어 갈려나가는데,11,11.0,미하하소 나오냐??? 타이어 갈려나가는데,미하하소 나오냐??? 타이어 갈려나가는데,0.4582729637622833
2024-03-24 13:15:45,좆우버 시발 ㅋㅋㅋㅋ,"ㅋㅋㅋㅋㅋ
- dc official App",11,11.0,"좆우버 시발 ㅋㅋㅋㅋ ㅋㅋㅋㅋㅋ
- dc official App",좆우버 시발 ㅋㅋㅋㅋ ㅋㅋㅋㅋㅋ - dc official App,0.8664809465408325
2024-03-24 13:15:46,???: 그래서 내가 노리스 DRS 주면 너가 뭘 할 수 있는데,ㅋㅋㅋㅋㅋㅋ,11,11.0,???: 그래서 내가 노리스 DRS 주면 너가 뭘 할 수 있는데 ㅋㅋㅋㅋㅋㅋ,???: 그래서 내가 노리스 DRS 주면 너가 뭘 할 수 있는데 ㅋㅋㅋㅋㅋㅋ,0.924841046333313
2024-03-24 13:15:45,또 보타스 너야?,팀한테 원한샀냐,11,11.0,또 보타스 너야? 팀한테 원한샀냐,또 보타스 너야? 팀한테 원한샀냐,0.8973076343536377
2024-03-24 13:15:45,또 또 미친새끼들 ㅋㅋㅋㅋㅋㅋㅋㅋㅋ,,11,11.0,또 또 미친새끼들 ㅋㅋㅋㅋㅋㅋㅋㅋㅋ ,또 또 미친새끼들 ㅋㅋㅋㅋㅋㅋㅋㅋㅋ,0.9125082492828369
2024-03-24 13:15:46,보타스 씹망 ㅋㅋㅋㅋ,,11,11.0,보타스 씹망 ㅋㅋㅋㅋ ,보타스 씹망 ㅋㅋㅋㅋ,0.7889288663864136
2024-03-24 13:15:46,자우버 또 너야?,"도당체
- dc official App",11,11.0,"자우버 또 너야? 도당체
- dc official App",자우버 또 너야? 도당체 - dc official App,0.6425417065620422
2024-03-24 13:15:46,ㅋㅋㅋㅋㅋㅋㅋㅋㅋㅋㅋㅋㅋ보타스 ㅋㅋㅋㅋㅋㅋ,ㅋㅋㅋㅋㅋㅋㅋㅋㅋㅋㅋㅋㅋㅋㅋㅋㅋ,11,11.0,ㅋㅋㅋㅋㅋㅋㅋㅋㅋㅋㅋㅋㅋ보타스 ㅋㅋㅋㅋㅋㅋ ㅋㅋㅋㅋㅋㅋㅋㅋㅋㅋㅋㅋㅋㅋㅋㅋㅋ,ㅋㅋㅋㅋㅋㅋㅋㅋㅋㅋㅋㅋㅋ보타스 ㅋㅋㅋㅋㅋㅋ ㅋㅋㅋㅋㅋㅋㅋㅋㅋㅋㅋㅋㅋㅋㅋㅋㅋ,0.5910062789916992
2024-03-24 13:15:46,자우버는 맨날 저 지랄 ㅌㅋㅋ,,11,11.0,자우버는 맨날 저 지랄 ㅌㅋㅋ ,자우버는 맨날 저 지랄 ㅌㅋㅋ,0.9083863496780396
2024-03-24 13:15:47,저새끼들은 ㅅㅂ,ㅋㅋㅋㅋ,11,11.0,저새끼들은 ㅅㅂ ㅋㅋㅋㅋ,저새끼들은 ㅅㅂ ㅋㅋㅋㅋ,0.935039758682251
2024-03-24 13:15:46,자우버 ㄹㅇ 뭐임? ㅋㅋㅋㅋ,"ㅋㅋㅋㅋㅋㅅㅂ?
- dc official App",11,11.0,"자우버 ㄹㅇ 뭐임? ㅋㅋㅋㅋ ㅋㅋㅋㅋㅋㅅㅂ?
- dc official App",자우버 ㄹㅇ 뭐임? ㅋㅋㅋㅋ ㅋㅋㅋㅋㅋㅅㅂ? - dc official App,0.7114555835723877
2024-03-24 13:15:47,보타스 PTSDㅋㅋㅋㅋ,- dc official App,11,11.0,보타스 PTSDㅋㅋㅋㅋ - dc official App,보타스 PTSDㅋㅋㅋㅋ - dc official App,0.2355523407459259
2024-03-24 13:15:47,"""보타스의 핏스탑“","ㅋㅋㅋㅋㅋㅋㅋ
- dc official App",11,11.0,"""보타스의 핏스탑“ ㅋㅋㅋㅋㅋㅋㅋ
- dc official App","""보타스의 핏스탑“ ㅋㅋㅋㅋㅋㅋㅋ - dc official App",0.30950742959976196
2024-03-24 13:15:46,보타스 노이로제걸리겠노ㅋㅋㅋㅋ,,11,11.0,보타스 노이로제걸리겠노ㅋㅋㅋㅋ ,보타스 노이로제걸리겠노ㅋㅋㅋㅋ,0.75360107421875
2024-03-24 13:15:48,또타스 ㅋㅋㅋ,ㅋㅋㅋ,11,11.0,또타스 ㅋㅋㅋ ㅋㅋㅋ,또타스 ㅋㅋㅋ ㅋㅋㅋ,0.6179283261299133
2024-03-24 13:15:49,야이 개씨발 병시뉴새끼들아,,11,11.0,야이 개씨발 병시뉴새끼들아 ,야이 개씨발 병시뉴새끼들아,0.9370718598365784
2024-03-24 13:15:49,재냬는 맨날 저러냐 병신들,ㅆ,11,11.0,재냬는 맨날 저러냐 병신들 ㅆ,재냬는 맨날 저러냐 병신들 ㅆ,0.9553542137145996
2024-03-24 13:15:49,또 지랄ㅋ ㅋㅋㅋㅋ,아오 ㅄ들,11,11.0,또 지랄ㅋ ㅋㅋㅋㅋ 아오 ㅄ들,또 지랄ㅋ ㅋㅋㅋㅋ 아오 ㅄ들,0.947206974029541
2024-03-24 13:15:51,또 레프트 프론트 ㅋㅋㅋㅋ,ㅅㅂㅋㅋㅋㅋ,11,11.0,또 레프트 프론트 ㅋㅋㅋㅋ ㅅㅂㅋㅋㅋㅋ,또 레프트 프론트 ㅋㅋㅋㅋ ㅅㅂㅋㅋㅋㅋ,0.883488655090332
2024-03-24 13:15:51,너트 파괴 ㅋㅋ,ㅋㅋㅋ,11,11.0,너트 파괴 ㅋㅋ ㅋㅋㅋ,너트 파괴 ㅋㅋ ㅋㅋㅋ,0.6374983191490173
2024-03-24 13:15:51,페레즈도 살살 타라고 하려나,셋업문젠지 차문젠지 모르겠네,11,11.0,페레즈도 살살 타라고 하려나 셋업문젠지 차문젠지 모르겠네,페레즈도 살살 타라고 하려나 셋업문젠지 차문젠지 모르겠네,0.2303113043308258
2024-03-24 13:15:51,자우버 으이그..,,11,11.0,자우버 으이그.. ,자우버 으이그..,0.8979742527008057
2024-03-24 13:15:52,좆우버 ㅋㅋㅋㅋ,ㅋㅋ,11,11.0,좆우버 ㅋㅋㅋㅋ ㅋㅋ,좆우버 ㅋㅋㅋㅋ ㅋㅋ,0.9361600279808044
2024-03-24 13:15:53,또 보타스야 ㅋㅋㅋㅋ,"마가 꼈나 ㅋㅋㅋ
- dc official App",11,11.0,"또 보타스야 ㅋㅋㅋㅋ 마가 꼈나 ㅋㅋㅋ
- dc official App",또 보타스야 ㅋㅋㅋㅋ 마가 꼈나 ㅋㅋㅋ - dc official App,0.6897791028022766
2024-03-24 13:15:53,좆우버는 피트스탑이 항상 지랄이노 ㅋㅋㅋ,,11,11.0,좆우버는 피트스탑이 항상 지랄이노 ㅋㅋㅋ ,좆우버는 피트스탑이 항상 지랄이노 ㅋㅋㅋ,0.9484779238700867
2024-03-24 13:15:54,자우버는 또지랄이네ㅅㅂㅋㅋ,할때마다 지랄,11,11.0,자우버는 또지랄이네ㅅㅂㅋㅋ 할때마다 지랄,자우버는 또지랄이네ㅅㅂㅋㅋ 할때마다 지랄,0.9349690675735474
2024-03-24 13:15:56,개우버 ㅋㅋㅋㅋ 진짜 미친새끼들 ㅋㅋㅋㅋ,,11,11.0,개우버 ㅋㅋㅋㅋ 진짜 미친새끼들 ㅋㅋㅋㅋ ,개우버 ㅋㅋㅋㅋ 진짜 미친새끼들 ㅋㅋㅋㅋ,0.9297279715538025
2024-03-24 13:15:56,시발 아  자우버,- dc official App,11,11.0,시발 아  자우버 - dc official App,시발 아 자우버 - dc official App,0.7010001540184021
2024-03-24 13:15:58,아니씨발 자우버 개새끼들 그냥 접어라,,11,11.0,아니씨발 자우버 개새끼들 그냥 접어라 ,아니씨발 자우버 개새끼들 그냥 접어라,0.9578233361244202
2024-03-24 13:15:58,진짜보타스는 무슨죄냐,와,11,11.0,진짜보타스는 무슨죄냐 와,진짜보타스는 무슨죄냐 와,0.1481911838054657
2024-03-24 13:15:59,보타스 억까뒤지네ㅋㅋ,ㅋㅋ,11,11.0,보타스 억까뒤지네ㅋㅋ ㅋㅋ,보타스 억까뒤지네ㅋㅋ ㅋㅋ,0.9155134558677673
2024-03-24 13:16:00,왜 보타스는 맨날 핏스탑이 ㅋㅋㅋㅋㅋ,,11,11.0,왜 보타스는 맨날 핏스탑이 ㅋㅋㅋㅋㅋ ,왜 보타스는 맨날 핏스탑이 ㅋㅋㅋㅋㅋ,0.21183322370052338
2024-03-24 13:16:01,붂딲스 진짜 줄빠따 마렵겠다ㅋㅋㅋㅋㅋ,매경기 뮤ㅓ노,11,11.0,붂딲스 진짜 줄빠따 마렵겠다ㅋㅋㅋㅋㅋ 매경기 뮤ㅓ노,붂딲스 진짜 줄빠따 마렵겠다ㅋㅋㅋㅋㅋ 매경기 뮤ㅓ노,0.9476971626281738
2024-03-24 13:16:01,캬 내 기도가 통했구나,막스 ㅅㅅ,11,11.0,캬 내 기도가 통했구나 막스 ㅅㅅ,캬 내 기도가 통했구나 막스 ㅅㅅ,0.21439264714717865
2024-03-24 13:16:01,자우버 씨발련들아,또 보타스네 시발,11,11.0,자우버 씨발련들아 또 보타스네 시발,자우버 씨발련들아 또 보타스네 시발,0.9524990916252136
2024-03-24 13:16:02,북딱타임 입갤ㅋㅋㅋ,ㅋㅋㅋ,11,11.0,북딱타임 입갤ㅋㅋㅋ ㅋㅋㅋ,북딱타임 입갤ㅋㅋㅋ ㅋㅋㅋ,0.6323555707931519
2024-03-24 13:16:03,아니 이새끼들은 또 ㅋㅋㅋㅋ,"자우버 또 휠넛이냐? ㅋㅋㅋ
이정도면 보타스 안티 아님? ㅋㅋㅋㅋㅋㅋㅋㅋㅋㅋㅋ",11,11.0,"아니 이새끼들은 또 ㅋㅋㅋㅋ 자우버 또 휠넛이냐? ㅋㅋㅋ
이정도면 보타스 안티 아님? ㅋㅋㅋㅋㅋㅋㅋㅋㅋㅋㅋ",아니 이새끼들은 또 ㅋㅋㅋㅋ 자우버 또 휠넛이냐? ㅋㅋㅋ 이정도면 보타스 안티 아님? ㅋㅋㅋㅋㅋㅋㅋㅋㅋㅋㅋ,0.8990904092788696
2024-03-24 13:16:04,자우버 지랄 ㅋㅋㅋㅋㅋㅋㅋㅋ,,11,11.0,자우버 지랄 ㅋㅋㅋㅋㅋㅋㅋㅋ ,자우버 지랄 ㅋㅋㅋㅋㅋㅋㅋㅋ,0.9349377155303955
2024-03-24 13:16:04,보타스는 행복할수가 없어,ㅋㅋㅋㅋ ㅠㅠ,11,11.0,보타스는 행복할수가 없어 ㅋㅋㅋㅋ ㅠㅠ,보타스는 행복할수가 없어 ㅋㅋㅋㅋ ㅠㅠ,0.17639504373073578
2024-03-24 13:16:06,보타스머리다빠지겠다시발ㅋㅋㅋㅋ,ㅋㅋㅋㅋㅋㅋㅋㅋ,11,11.0,보타스머리다빠지겠다시발ㅋㅋㅋㅋ ㅋㅋㅋㅋㅋㅋㅋㅋ,보타스머리다빠지겠다시발ㅋㅋㅋㅋ ㅋㅋㅋㅋㅋㅋㅋㅋ,0.8866212368011475
2024-03-24 13:16:08,빰 빰빰 빠바바바밤 빠바밤 빠....,"어? 여기가 아니네?
미리 예습하도록 하자ㅋㅋㅋ
https://youtu.be/AwogDo2H4DI?si=Kjp2kr0PP_6RVXgc
[한글 자막] Inno di Mameli (마멜리 찬가, 이탈리아의 국가)
[한글 자막] Inno di Mameli (마멜리 찬가, 이탈리아의 국가)
youtu.be
https://youtu.be/X1reJrDCiJA?si=8A3N17tZyuJurKgg
스페인의 국가 (가사 해석) - Anthem Spain (ES/Korean lyrics)
마르차 레알 - Marcha Real---이 곡은 세계에서 가장 오래된 국가 중 하나이다. 이 노래는 1761년 마누엘 데 에스피노사 델로스 몬테로스가 발간한 어느 책에서 처음 발견되었다. 그것은 프로이센의 왕과 영국 국왕 등으로부터 선물로 간주되어 왔다.공화정 때에는 리에고의 노...
youtu.be",11,11.0,"빰 빰빰 빠바바바밤 빠바밤 빠.... 어? 여기가 아니네?
미리 예습하도록 하자ㅋㅋㅋ
https://youtu.be/AwogDo2H4DI?si=Kjp2kr0PP_6RVXgc
[한글 자막] Inno di Mameli (마멜리 찬가, 이탈리아의 국가)
[한글 자막] Inno di Mameli (마멜리 찬가, 이탈리아의 국가)
youtu.be
https://youtu.be/X1reJrDCiJA?si=8A3N17tZyuJurKgg
스페인의 국가 (가사 해석) - Anthem Spain (ES/Korean lyrics)
마르차 레알 - Marcha Real---이 곡은 세계에서 가장 오래된 국가 중 하나이다. 이 노래는 1761년 마누엘 데 에스피노사 델로스 몬테로스가 발간한 어느 책에서 처음 발견되었다. 그것은 프로이센의 왕과 영국 국왕 등으로부터 선물로 간주되어 왔다.공화정 때에는 리에고의 노...
youtu.be","빰 빰빰 빠바바바밤 빠바밤 빠.... 어? 여기가 아니네? 미리 예습하도록 하자ㅋㅋㅋ [한글 자막] Inno di Mameli (마멜리 찬가, 이탈리아의 국가) [한글 자막] Inno di Mameli (마멜리 찬가, 이탈리아의 국가) youtu.be 스페인의 국가 (가사 해석) - Anthem Spain (ES/Korean lyrics) 마르차 레알 - Marcha Real---이 곡은 세계에서 가장 오래된 국가 중 하나이다. 이 노래는 1761년 마누엘 데 에스피노사 델로스 몬테로스가 발간한 어느 책에서 처음 발견되었다. 그것은 프로이센의 왕과 영국 국왕 등으로부터 선물로 간주되어 왔다.공화정 때에는 리에고의 노... youtu.be",0.42761626839637756
2024-03-24 13:16:09,느낌 개좋다 입갤 ㅋㅋㅋ,ㅅㅅ,11,11.0,느낌 개좋다 입갤 ㅋㅋㅋ ㅅㅅ,느낌 개좋다 입갤 ㅋㅋㅋ ㅅㅅ,0.17501391470432281
2024-03-24 13:16:09,자우버 ㅋㅋ,존나 웃기네,11,11.0,자우버 ㅋㅋ 존나 웃기네,자우버 ㅋㅋ 존나 웃기네,0.6381853222846985
2024-03-24 13:16:11,사인지 우승선언ㅋㅋㅋㅋㅋㅋㅋㅋㅋㅋ,,11,11.0,사인지 우승선언ㅋㅋㅋㅋㅋㅋㅋㅋㅋㅋ ,사인지 우승선언ㅋㅋㅋㅋㅋㅋㅋㅋㅋㅋ,0.20606942474842072
2024-03-24 13:16:11,아니 씨발 10위로 잘 달리던 놈을 개 씨발 병신팀 진짜,,11,11.0,아니 씨발 10위로 잘 달리던 놈을 개 씨발 병신팀 진짜 ,아니 씨발 10위로 잘 달리던 놈을 개 씨발 병신팀 진짜,0.9227904081344604
2024-03-24 13:16:11,또 좆우버 또 보타스 ㅋㅋㅋ,ㅋㅋㄱ,11,11.0,또 좆우버 또 보타스 ㅋㅋㅋ ㅋㅋㄱ,또 좆우버 또 보타스 ㅋㅋㅋ ㅋㅋㄱ,0.9270269870758057
2024-03-24 13:16:13,이쯤되면 보타스가 문제임,"ㅋㅋㅋㅋㅋㅋㅋㅋㅋ
- dc official App",12,12.0,"이쯤되면 보타스가 문제임 ㅋㅋㅋㅋㅋㅋㅋㅋㅋ
- dc official App",이쯤되면 보타스가 문제임 ㅋㅋㅋㅋㅋㅋㅋㅋㅋ - dc official App,0.4500613212585449
2024-03-24 13:16:13,카 필스 베리 굿,ㅇㅇ,12,12.0,카 필스 베리 굿 ㅇㅇ,카 필스 베리 굿 ㅇㅇ,0.06179060786962509
2024-03-24 13:16:14,캬 사인츠 유관행동ㅋㅋㅋㅋ,ㅋㅋㅋㅋ,12,12.0,캬 사인츠 유관행동ㅋㅋㅋㅋ ㅋㅋㅋㅋ,캬 사인츠 유관행동ㅋㅋㅋㅋ ㅋㅋㅋㅋ,0.22455857694149017
2024-03-24 13:16:15,이쯤되면 보타스가 문제다 ㅋㅋㅋㅋㅋㅋ,휠넛암흑기운ㅋㅋㅋㅋㅋ,12,12.0,이쯤되면 보타스가 문제다 ㅋㅋㅋㅋㅋㅋ 휠넛암흑기운ㅋㅋㅋㅋㅋ,이쯤되면 보타스가 문제다 ㅋㅋㅋㅋㅋㅋ 휠넛암흑기운ㅋㅋㅋㅋㅋ,0.5696409344673157
2024-03-24 13:16:15,자우버 해버리기,"저건좀ㅋㅋ
- dc official App",12,12.0,"자우버 해버리기 저건좀ㅋㅋ
- dc official App",자우버 해버리기 저건좀ㅋㅋ - dc official App,0.401611328125
2024-03-24 13:16:16,ㅅㅂ 무슨 보타스 왕따시키냐ㅋㅋㅋㅋㅋ,개너무하네 시즌시작한지 얼마나됬다고 피트스탑 조진게 몇번이야ㅋㅋㅋㅋ,12,12.0,ㅅㅂ 무슨 보타스 왕따시키냐ㅋㅋㅋㅋㅋ 개너무하네 시즌시작한지 얼마나됬다고 피트스탑 조진게 몇번이야ㅋㅋㅋㅋ,ㅅㅂ 무슨 보타스 왕따시키냐ㅋㅋㅋㅋㅋ 개너무하네 시즌시작한지 얼마나됬다고 피트스탑 조진게 몇번이야ㅋㅋㅋㅋ,0.8607284426689148
2024-03-24 13:16:18,자우버 시발 휠건좀 바꾸지,아오,12,12.0,자우버 시발 휠건좀 바꾸지 아오,자우버 시발 휠건좀 바꾸지 아오,0.7736760973930359
2024-03-24 13:16:20,"르끌, 피아제 핏인",,12,12.0,"르끌, 피아제 핏인 ","르끌, 피아제 핏인",0.5899156332015991
2024-03-24 13:16:20,징징거리는건 일절 없는 대 인 츠,"캬
- dc official App",12,12.0,"징징거리는건 일절 없는 대 인 츠 캬
- dc official App",징징거리는건 일절 없는 대 인 츠 캬 - dc official App,0.1842789649963379
2024-03-24 13:16:19,자우버 <-- 이 씨발련들은 걍 F1을 하기가 싫음 ㅇㅇ,그거 아니면 설명이 불가능임,12,12.0,자우버 <-- 이 씨발련들은 걍 F1을 하기가 싫음 ㅇㅇ 그거 아니면 설명이 불가능임,자우버 <-- 이 씨발련들은 걍 F1을 하기가 싫음 ㅇㅇ 그거 아니면 설명이 불가능임,0.9534821510314941
2024-03-24 13:16:24,스무스 오퍼레이터 우승선언ㄷㄷㄷ,,12,12.0,스무스 오퍼레이터 우승선언ㄷㄷㄷ ,스무스 오퍼레이터 우승선언ㄷㄷㄷ,0.07731848955154419
2024-03-24 13:16:26,아 씻으러가야지,안봐잇,12,12.0,아 씻으러가야지 안봐잇,아 씻으러가야지 안봐잇,0.5698543190956116
2024-03-24 13:16:36,2.2 캬,,12,12.0,2.2 캬 ,2.2 캬,0.5741715431213379
2024-03-24 13:16:37,2.2시발ㅋㅋㅋ,,12,12.0,2.2시발ㅋㅋㅋ ,2.2시발ㅋㅋㅋ,0.8930497169494629
2024-03-24 13:16:39,이쯤되면 보타스가 문제인게 맞다 왜 보타스만 ㅋㅋㅋㅋ,먼가 피트크루한테 밉보인거임,12,12.0,이쯤되면 보타스가 문제인게 맞다 왜 보타스만 ㅋㅋㅋㅋ 먼가 피트크루한테 밉보인거임,이쯤되면 보타스가 문제인게 맞다 왜 보타스만 ㅋㅋㅋㅋ 먼가 피트크루한테 밉보인거임,0.496229887008667
2024-03-24 13:16:40,저 병신들 빠따좀,씨발진짜,12,12.0,저 병신들 빠따좀 씨발진짜,저 병신들 빠따좀 씨발진짜,0.9423586130142212
2024-03-24 13:16:40,핏스탑도 섹스 ㅅㅅ,,12,12.0,핏스탑도 섹스 ㅅㅅ ,핏스탑도 섹스 ㅅㅅ,0.9283185005187988
2024-03-24 13:16:40,순위표 왜이렇게 아름답지,"감동스럽다
페맥패맥",12,12.0,"순위표 왜이렇게 아름답지 감동스럽다
페맥패맥",순위표 왜이렇게 아름답지 감동스럽다 페맥패맥,0.05958038195967674
2024-03-24 13:16:42,대라리 2.2 ㄷㄷㄷㄷ,오늘 폼 좋노,12,12.0,대라리 2.2 ㄷㄷㄷㄷ 오늘 폼 좋노,대라리 2.2 ㄷㄷㄷㄷ 오늘 폼 좋노,0.10607161372900009
2024-03-24 13:16:43,피아제 언더컷시전 ㄷㄷㄷㄷ,ㄷㄷㄷㄷ,12,12.0,피아제 언더컷시전 ㄷㄷㄷㄷ ㄷㄷㄷㄷ,피아제 언더컷시전 ㄷㄷㄷㄷ ㄷㄷㄷㄷ,0.7001488208770752
2024-03-24 13:16:43,페라리 대 맥라렌 개꿀잼ㅋㅋㅋㅋㅋ,ㅋㅋ,12,12.0,페라리 대 맥라렌 개꿀잼ㅋㅋㅋㅋㅋ ㅋㅋ,페라리 대 맥라렌 개꿀잼ㅋㅋㅋㅋㅋ ㅋㅋ,0.7329034805297852
2024-03-24 13:16:44,2.2 씹 ㅋㅋㅋㅋ,페라리 정신차렸냐,12,12.0,2.2 씹 ㅋㅋㅋㅋ 페라리 정신차렸냐,2.2 씹 ㅋㅋㅋㅋ 페라리 정신차렸냐,0.8732907176017761
2024-03-24 13:16:45,캬 오늘 페라리 왜 이러냐,핏스탑 찐빠까지 없다니,12,12.0,캬 오늘 페라리 왜 이러냐 핏스탑 찐빠까지 없다니,캬 오늘 페라리 왜 이러냐 핏스탑 찐빠까지 없다니,0.2791529893875122
2024-03-24 13:16:46,페라리 오능 핏스탑도 괜찮네,- dc official App,12,12.0,페라리 오능 핏스탑도 괜찮네 - dc official App,페라리 오능 핏스탑도 괜찮네 - dc official App,0.09074638038873672
2024-03-24 13:16:48,헐크 5위ㄷㄷ,- dc official App,12,12.0,헐크 5위ㄷㄷ - dc official App,헐크 5위ㄷㄷ - dc official App,0.09685630351305008
2024-03-24 13:16:49,페라리가 2.2초?????????,진짜 티포시의 주말이냐?,12,12.0,페라리가 2.2초????????? 진짜 티포시의 주말이냐?,페라리가 2.2초????????? 진짜 티포시의 주말이냐?,0.6030105352401733
2024-03-24 13:16:49,몽골팬인데도 꿀잼각에 설렌다,"예전엔 막스 리타하면 걍 경기 껐는데
워낙 오랜만이라 설레네
연승기록이랑 완주기록 깨진건 아쉬운데
레이스에서 경쟁해서 막스가 지는건 빡치는데
이건 걍 즐겁게 우승경쟁하는거 볼수있어서
걍 오랜만의 꿀잼각에 설레는중",12,12.0,"몽골팬인데도 꿀잼각에 설렌다 예전엔 막스 리타하면 걍 경기 껐는데
워낙 오랜만이라 설레네
연승기록이랑 완주기록 깨진건 아쉬운데
레이스에서 경쟁해서 막스가 지는건 빡치는데
이건 걍 즐겁게 우승경쟁하는거 볼수있어서
걍 오랜만의 꿀잼각에 설레는중",몽골팬인데도 꿀잼각에 설렌다 예전엔 막스 리타하면 걍 경기 껐는데 워낙 오랜만이라 설레네 연승기록이랑 완주기록 깨진건 아쉬운데 레이스에서 경쟁해서 막스가 지는건 빡치는데 이건 걍 즐겁게 우승경쟁하는거 볼수있어서 걍 오랜만의 꿀잼각에 설레는중,0.09960354119539261
2024-03-24 13:16:51,타이어 활활타노 ㄷㄷㄷ,이게 39도의 힘인가,12,12.0,타이어 활활타노 ㄷㄷㄷ 이게 39도의 힘인가,타이어 활활타노 ㄷㄷㄷ 이게 39도의 힘인가,0.189032644033432
2024-03-24 13:16:50,씨팔 황라리 가즈아!!!!!,"아오 몽골 하나 빠졌다고 재밌어지네 ㅋㅋㅋㅋ시팔
- dc official App",12,12.0,"씨팔 황라리 가즈아!!!!! 아오 몽골 하나 빠졌다고 재밌어지네 ㅋㅋㅋㅋ시팔
- dc official App",씨팔 황라리 가즈아!!!!! 아오 몽골 하나 빠졌다고 재밌어지네 ㅋㅋㅋㅋ시팔 - dc official App,0.7307050824165344
2024-03-24 13:16:57,내가 알던 페라리가 아닌거같은데?,"각성 페라리네
- dc official App",12,12.0,"내가 알던 페라리가 아닌거같은데? 각성 페라리네
- dc official App",내가 알던 페라리가 아닌거같은데? 각성 페라리네 - dc official App,0.24743470549583435
2024-03-24 13:16:58,아오 캐시앱련들 개느리네 피트,,12,12.0,아오 캐시앱련들 개느리네 피트 ,아오 캐시앱련들 개느리네 피트,0.9572569131851196
2024-03-24 13:16:58,강 오늘 페라리 날이노 ㅋㅋㅋㅋ 2.2,ㅅㅅㅅㅅ,12,12.0,강 오늘 페라리 날이노 ㅋㅋㅋㅋ 2.2 ㅅㅅㅅㅅ,강 오늘 페라리 날이노 ㅋㅋㅋㅋ 2.2 ㅅㅅㅅㅅ,0.6646513342857361
2024-03-24 13:17:02,페라리 진짜 킹기다,ㅋㅋ,12,12.0,페라리 진짜 킹기다 ㅋㅋ,페라리 진짜 킹기다 ㅋㅋ,0.07440421730279922
2024-03-24 13:17:02,페라리 ㅁㅊ다 ㅋㅋㅋㅋ,ㅋㅋㅋㅋ123,12,12.0,페라리 ㅁㅊ다 ㅋㅋㅋㅋ ㅋㅋㅋㅋ123,페라리 ㅁㅊ다 ㅋㅋㅋㅋ ㅋㅋㅋㅋ123,0.6941633820533752
2024-03-24 13:17:03,막가놈없으니까존나치열하놐ㅋ,이게f1이지,12,12.0,막가놈없으니까존나치열하놐ㅋ 이게f1이지,막가놈없으니까존나치열하놐ㅋ 이게f1이지,0.8832901120185852
2024-03-24 13:17:04,자우버 <-- 이름이랑 색 병신되더니 다른것도 병신 됨,,12,12.0,자우버 <-- 이름이랑 색 병신되더니 다른것도 병신 됨 ,자우버 <-- 이름이랑 색 병신되더니 다른것도 병신 됨,0.8484333157539368
2024-03-24 13:17:05,황라리 미쳤다 ㄹㅇ,ㅋㅋ,12,12.0,황라리 미쳤다 ㄹㅇ ㅋㅋ,황라리 미쳤다 ㄹㅇ ㅋㅋ,0.8770551681518555
2024-03-24 13:17:06,사인츠 존나 빠르네 ㄷㄷ 누리스가 못 따라가,,12,12.0,사인츠 존나 빠르네 ㄷㄷ 누리스가 못 따라가 ,사인츠 존나 빠르네 ㄷㄷ 누리스가 못 따라가,0.1468215435743332
2024-03-24 13:17:07,오늘 재미있네,막스 없으니,12,12.0,오늘 재미있네 막스 없으니,오늘 재미있네 막스 없으니,0.074333056807518
2024-03-24 13:17:13,헐크 원스탑가자 제발,ㅍㅍ,12,12.0,헐크 원스탑가자 제발 ㅍㅍ,헐크 원스탑가자 제발 ㅍㅍ,0.39858660101890564
2024-03-24 13:17:13,순위표에 ver out 왤케 생소하노 ㅋㅋ,ㅋㅋㅋ,12,12.0,순위표에 ver out 왤케 생소하노 ㅋㅋ ㅋㅋㅋ,순위표에 ver out 왤케 생소하노 ㅋㅋ ㅋㅋㅋ,0.3896079361438751
2024-03-24 13:17:15,의챈ㅋㅋㅋㅋ,ㅋㅋㅋ,12,12.0,의챈ㅋㅋㅋㅋ ㅋㅋㅋ,의챈ㅋㅋㅋㅋ ㅋㅋㅋ,0.5429611802101135
2024-03-24 13:17:15,내가 또 아파트에서 뛰어내릴 주딱이면 ㄱㅊ ㅋㅋㅋㅋ,,12,12.0,내가 또 아파트에서 뛰어내릴 주딱이면 ㄱㅊ ㅋㅋㅋㅋ ,내가 또 아파트에서 뛰어내릴 주딱이면 ㄱㅊ ㅋㅋㅋㅋ,0.9518412947654724
2024-03-24 13:17:18,근데 알핀 무슨일임 왠일로 잘달리농ㅋㅋ,ㅋㅋㅋㅋㅁㄴㅇ,12,12.0,근데 알핀 무슨일임 왠일로 잘달리농ㅋㅋ ㅋㅋㅋㅋㅁㄴㅇ,근데 알핀 무슨일임 왠일로 잘달리농ㅋㅋ ㅋㅋㅋㅋㅁㄴㅇ,0.5973564386367798
2024-03-24 13:17:23,막스 이새끼 옷 갈아입는거도 빠르노,,12,12.0,막스 이새끼 옷 갈아입는거도 빠르노 ,막스 이새끼 옷 갈아입는거도 빠르노,0.9485584497451782
2024-03-24 13:17:26,오콘 시발 알본 오버컷할뻔 ㅋㅋㅋㅋㅋㅋ,ㅋㅋㅋㅋㅋㅋㅋㅋ,12,12.0,오콘 시발 알본 오버컷할뻔 ㅋㅋㅋㅋㅋㅋ ㅋㅋㅋㅋㅋㅋㅋㅋ,오콘 시발 알본 오버컷할뻔 ㅋㅋㅋㅋㅋㅋ ㅋㅋㅋㅋㅋㅋㅋㅋ,0.605941653251648
2024-03-24 13:17:34,좃물탕ㅋㅋㅋㅋ,ㅋㅋㅋ,12,12.0,좃물탕ㅋㅋㅋㅋ ㅋㅋㅋ,좃물탕ㅋㅋㅋㅋ ㅋㅋㅋ,0.9303680658340454
2024-03-24 13:17:35,자우버는 휠건이나 휠너트 납품비리라도 있냐 ㅋㅋㅋ,한 두번도 아니고 씹년들이 ㅋㅋ,13,13.0,자우버는 휠건이나 휠너트 납품비리라도 있냐 ㅋㅋㅋ 한 두번도 아니고 씹년들이 ㅋㅋ,자우버는 휠건이나 휠너트 납품비리라도 있냐 ㅋㅋㅋ 한 두번도 아니고 씹년들이 ㅋㅋ,0.9550848007202148
2024-03-24 13:17:35,의첸 막스 ㅋㅋㅋ,,13,13.0,의첸 막스 ㅋㅋㅋ ,의첸 막스 ㅋㅋㅋ,0.5137481093406677
2024-03-24 13:17:38,좆물탕 ㅋㅋㅋㅋㅋ,ㅋㅋㅋㅋㅇ,13,13.0,좆물탕 ㅋㅋㅋㅋㅋ ㅋㅋㅋㅋㅇ,좆물탕 ㅋㅋㅋㅋㅋ ㅋㅋㅋㅋㅇ,0.9201316237449646
2024-03-24 13:17:39,좆물탕;;;;,;;,13,13.0,좆물탕;;;; ;;,좆물탕;;;; ;;,0.9425073862075806
2024-03-24 13:17:40,몽골 오늘 개꿀인점,샤워는 안해도 될듯 ㅋㅋ,13,13.0,몽골 오늘 개꿀인점 샤워는 안해도 될듯 ㅋㅋ,몽골 오늘 개꿀인점 샤워는 안해도 될듯 ㅋㅋ,0.16202029585838318
2024-03-24 13:17:41,❗+❗+기습 범부❗+❗+,- dc official App,13,13.0,❗+❗+기습 범부❗+❗+ - dc official App,❗+❗+기습 범부❗+❗+ - dc official App,0.5831602215766907
2024-03-24 13:17:42,아니 물탕형 제발..,,13,13.0,아니 물탕형 제발.. ,아니 물탕형 제발..,0.6945993304252625
2024-03-24 13:17:42,개씨발탕 ㅋㅋㅋㅋ,"은퇴해 씹련아
- dc official App",13,13.0,"개씨발탕 ㅋㅋㅋㅋ 은퇴해 씹련아
- dc official App",개씨발탕 ㅋㅋㅋㅋ 은퇴해 씹련아 - dc official App,0.9547364711761475
2024-03-24 13:17:43,막가 호너 찾는중,호너 개새끼 어딨노,13,13.0,막가 호너 찾는중 호너 개새끼 어딨노,막가 호너 찾는중 호너 개새끼 어딨노,0.8491401672363281
2024-03-24 13:17:44,물탕이 개씹 퇴물련 왜 데려오노,,13,13.0,물탕이 개씹 퇴물련 왜 데려오노 ,물탕이 개씹 퇴물련 왜 데려오노,0.9587332010269165
2024-03-24 13:17:46,실시간 병신,"하필 빈집털이 가능할 때
페널티 쳐먹은 새끼",13,13.0,"실시간 병신 하필 빈집털이 가능할 때
페널티 쳐먹은 새끼",실시간 병신 하필 빈집털이 가능할 때 페널티 쳐먹은 새끼,0.9393491744995117
2024-03-24 13:17:46,아오 물탕시치야ㅋㅋㅋㅋ,- dc official App,13,13.0,아오 물탕시치야ㅋㅋㅋㅋ - dc official App,아오 물탕시치야ㅋㅋㅋㅋ - dc official App,0.861743688583374
2024-03-24 13:17:47,원래 이렇게 빨리 피트인 함?,ㅇㅇ,13,13.0,원래 이렇게 빨리 피트인 함? ㅇㅇ,원래 이렇게 빨리 피트인 함? ㅇㅇ,0.12767472863197327
2024-03-24 13:17:51,자우버 저새끼들은 그냥 F1의 수치아니냐,아 씨발,13,13.0,자우버 저새끼들은 그냥 F1의 수치아니냐 아 씨발,자우버 저새끼들은 그냥 F1의 수치아니냐 아 씨발,0.9495230317115784
2024-03-24 13:17:53,퇴물탕ㅋㅋㅋㅋㅋㅋㅋㅋㅋ,뭐하노,13,13.0,퇴물탕ㅋㅋㅋㅋㅋㅋㅋㅋㅋ 뭐하노,퇴물탕ㅋㅋㅋㅋㅋㅋㅋㅋㅋ 뭐하노,0.9420682191848755
2024-03-24 13:17:54,알파로메오란 이름이ㅜ빠져서 다행이다 이ㅜ씨발,,13,13.0,알파로메오란 이름이ㅜ빠져서 다행이다 이ㅜ씨발 ,알파로메오란 이름이ㅜ빠져서 다행이다 이ㅜ씨발,0.8696854710578918
2024-03-24 13:17:55,막스 리타햇대서 작년 싱가폴 이후로 첨 경기본다 ㅋㅋ,재밋구먼 ㅎㅎ,13,13.0,막스 리타햇대서 작년 싱가폴 이후로 첨 경기본다 ㅋㅋ 재밋구먼 ㅎㅎ,막스 리타햇대서 작년 싱가폴 이후로 첨 경기본다 ㅋㅋ 재밋구먼 ㅎㅎ,0.0603451281785965
2024-03-24 13:17:55,진짜 대인츠 재계약 가나,물탕이 망해도 너무 망하는데,13,13.0,진짜 대인츠 재계약 가나 물탕이 망해도 너무 망하는데,진짜 대인츠 재계약 가나 물탕이 망해도 너무 망하는데,0.42659062147140503
2024-03-24 13:17:56,사인츠 버리고 좆물탕 ㅋㅋㅋㅋㅋ,ㅋㅋㅋ,13,13.0,사인츠 버리고 좆물탕 ㅋㅋㅋㅋㅋ ㅋㅋㅋ,사인츠 버리고 좆물탕 ㅋㅋㅋㅋㅋ ㅋㅋㅋ,0.9346559047698975
2024-03-24 13:17:56,25년도 좆된 거 같은 바수르만 개추ㅋㅋㅋ,시발 좆물탕ㅋㅋㅋㅋ,13,13.0,25년도 좆된 거 같은 바수르만 개추ㅋㅋㅋ 시발 좆물탕ㅋㅋㅋㅋ,25년도 좆된 거 같은 바수르만 개추ㅋㅋㅋ 시발 좆물탕ㅋㅋㅋㅋ,0.9518145322799683
2024-03-24 13:17:58,그냥 존나 재밌네 오늘 ㅋㅋㅋㅋㅋㅋㅋㅋㅋㅋㅋ,DnD,13,13.0,그냥 존나 재밌네 오늘 ㅋㅋㅋㅋㅋㅋㅋㅋㅋㅋㅋ DnD,그냥 존나 재밌네 오늘 ㅋㅋㅋㅋㅋㅋㅋㅋㅋㅋㅋ DnD,0.10076205432415009
2024-03-24 13:18:01,병신,존재감도 없노,13,13.0,병신 존재감도 없노,병신 존재감도 없노,0.8898728489875793
2024-03-24 13:18:02,매니저2024나오면 자우버는 절대하면 안될듯 ㅋㅋ,"피트스탑 이슈확률 40% 설정되어있을듯 ㅋㅋㅋ
- dc official App",13,13.0,"매니저2024나오면 자우버는 절대하면 안될듯 ㅋㅋ 피트스탑 이슈확률 40% 설정되어있을듯 ㅋㅋㅋ
- dc official App",매니저2024나오면 자우버는 절대하면 안될듯 ㅋㅋ 피트스탑 이슈확률 40% 설정되어있을듯 ㅋㅋㅋ - dc official App,0.22947125136852264
2024-03-24 13:18:03,사인지있는데 좆물탕 왜씀 ㅋㅋㅋ,ㄹㅇㅋㅋ,13,13.0,사인지있는데 좆물탕 왜씀 ㅋㅋㅋ ㄹㅇㅋㅋ,사인지있는데 좆물탕 왜씀 ㅋㅋㅋ ㄹㅇㅋㅋ,0.9454216361045837
2024-03-24 13:18:05,메가 잡 입갤 ㅋㅋ,,13,13.0,메가 잡 입갤 ㅋㅋ ,메가 잡 입갤 ㅋㅋ,0.32223328948020935
2024-03-24 13:18:08,메가 잡 입갤 ㅋㅋㅋ,,13,13.0,메가 잡 입갤 ㅋㅋㅋ ,메가 잡 입갤 ㅋㅋㅋ,0.4769451916217804
2024-03-24 13:18:14,시발 자우버 개샠,"진짜 아...
- dc official App",13,13.0,"시발 자우버 개샠 진짜 아...
- dc official App",시발 자우버 개샠 진짜 아... - dc official App,0.9038825035095215
2024-03-24 13:18:15,유 두잉 메가잡 ㅋㅋㅋ,ㅋㅋㅋㅋ,13,13.0,유 두잉 메가잡 ㅋㅋㅋ ㅋㅋㅋㅋ,유 두잉 메가잡 ㅋㅋㅋ ㅋㅋㅋㅋ,0.8856527805328369
2024-03-24 13:18:19,그니까 저런 퍼스트 버리고 퇴물데려오려는 팀이 있다는거지?,,13,13.0,그니까 저런 퍼스트 버리고 퇴물데려오려는 팀이 있다는거지? ,그니까 저런 퍼스트 버리고 퇴물데려오려는 팀이 있다는거지?,0.9449482560157776
2024-03-24 13:18:24,가슬리 플랜 B입갤 ㅋㅋㅋㅋㅋ,프렌치페라리,13,13.0,가슬리 플랜 B입갤 ㅋㅋㅋㅋㅋ 프렌치페라리,가슬리 플랜 B입갤 ㅋㅋㅋㅋㅋ 프렌치페라리,0.4777015447616577
2024-03-24 13:18:28,뉴비인데요 이건 뭔가요,"뒤에 있는 M H 이건 뭔가요?
- dc official App",13,13.0,"뉴비인데요 이건 뭔가요 뒤에 있는 M H 이건 뭔가요?
- dc official App",뉴비인데요 이건 뭔가요 뒤에 있는 M H 이건 뭔가요? - dc official App,0.1215372085571289
2024-03-24 13:18:32,역시 전승우승 저지는 대인지ㅋㅋ,컄ㅋㅋㅋㅋㅋㅋ,13,13.0,역시 전승우승 저지는 대인지ㅋㅋ 컄ㅋㅋㅋㅋㅋㅋ,역시 전승우승 저지는 대인지ㅋㅋ 컄ㅋㅋㅋㅋㅋㅋ,0.7502993941307068
2024-03-24 13:18:32,아니 대 인 지 뭐임? ㅋㅋㅋㅋ,차이 확확벌리네 ㅋㅋㅋㅋㅋㅋㅋㅋ,13,13.0,아니 대 인 지 뭐임? ㅋㅋㅋㅋ 차이 확확벌리네 ㅋㅋㅋㅋㅋㅋㅋㅋ,아니 대 인 지 뭐임? ㅋㅋㅋㅋ 차이 확확벌리네 ㅋㅋㅋㅋㅋㅋㅋㅋ,0.4231901466846466
2024-03-24 13:18:36,진짜 1년만 사인츠 더쓰면 챔십 먹을거같은데,"왜 보내냐 왜
- dc official App",13,13.0,"진짜 1년만 사인츠 더쓰면 챔십 먹을거같은데 왜 보내냐 왜
- dc official App",진짜 1년만 사인츠 더쓰면 챔십 먹을거같은데 왜 보내냐 왜 - dc official App,0.1957067847251892
2024-03-24 13:18:37,노막스우승 = 사인츠우승 2년연속 가냐,,13,13.0,노막스우승 = 사인츠우승 2년연속 가냐 ,노막스우승 = 사인츠우승 2년연속 가냐,0.2514011859893799
2024-03-24 13:18:41,뭐여 막스 왜 벌써 리타이어?ㅋㅋㅋㅋㅋㅋㅋ,"""진짜"" 24 시즌 F1 개막전 입갤ㅋㅋㅋㅋㅋㅋㅋㅋ
- dc official App",13,13.0,"뭐여 막스 왜 벌써 리타이어?ㅋㅋㅋㅋㅋㅋㅋ ""진짜"" 24 시즌 F1 개막전 입갤ㅋㅋㅋㅋㅋㅋㅋㅋ
- dc official App","뭐여 막스 왜 벌써 리타이어?ㅋㅋㅋㅋㅋㅋㅋ ""진짜"" 24 시즌 F1 개막전 입갤ㅋㅋㅋㅋㅋㅋㅋㅋ - dc official App",0.16255491971969604
2024-03-24 13:18:43,최근 20경기 막스 20승 사인츠 2승 ㄷㄷㄷ,19/1이 여기서 끝나네 ㄷㄷㄷㄷㄷㄷㄷ,13,13.0,최근 20경기 막스 20승 사인츠 2승 ㄷㄷㄷ 19/1이 여기서 끝나네 ㄷㄷㄷㄷㄷㄷㄷ,최근 20경기 막스 20승 사인츠 2승 ㄷㄷㄷ 19/1이 여기서 끝나네 ㄷㄷㄷㄷㄷㄷㄷ,0.15570208430290222
2024-03-24 13:18:45,보타스 씨발 랩차이 ㅋㅋㅋㅋㅋㅋㅋㅋ,개불쌍하노,13,13.0,보타스 씨발 랩차이 ㅋㅋㅋㅋㅋㅋㅋㅋ 개불쌍하노,보타스 씨발 랩차이 ㅋㅋㅋㅋㅋㅋㅋㅋ 개불쌍하노,0.8581319451332092
2024-03-24 13:18:50,씨발 늦게 왔는데 이게 뭐고,황라리 가즈아!!!!!!!!!!!!!!!!!!!!!!!!!!!!!!!!!!!,13,13.0,씨발 늦게 왔는데 이게 뭐고 황라리 가즈아!!!!!!!!!!!!!!!!!!!!!!!!!!!!!!!!!!!,씨발 늦게 왔는데 이게 뭐고 황라리 가즈아!!!!!!!!!!!!!!!!!!!!!!!!!!!!!!!!!!!,0.7130379676818848
2024-03-24 13:18:50,베르스타펜 이슈 없었어도 재밌었을듯,"사인지 간격 벌리는게 베르스타펜 급인데
- dc official App",13,13.0,"베르스타펜 이슈 없었어도 재밌었을듯 사인지 간격 벌리는게 베르스타펜 급인데
- dc official App",베르스타펜 이슈 없었어도 재밌었을듯 사인지 간격 벌리는게 베르스타펜 급인데 - dc official App,0.09409221261739731
2024-03-24 13:18:51,우리퍼스트 독주중ㅋㅋㅋㅋㅋㅋㅋㅋㅋㅋㅋㅋㅋㅋㅋㅋㅋㅋㅋ,아닠ㅋㅋㅋㅋㅋㅋㅋㅋㅋㅋㅋㅋㅋ,13,13.0,우리퍼스트 독주중ㅋㅋㅋㅋㅋㅋㅋㅋㅋㅋㅋㅋㅋㅋㅋㅋㅋㅋㅋ 아닠ㅋㅋㅋㅋㅋㅋㅋㅋㅋㅋㅋㅋㅋ,우리퍼스트 독주중ㅋㅋㅋㅋㅋㅋㅋㅋㅋㅋㅋㅋㅋㅋㅋㅋㅋㅋㅋ 아닠ㅋㅋㅋㅋㅋㅋㅋㅋㅋㅋㅋㅋㅋ,0.37170836329460144
2024-03-24 13:18:56,르끌 ㄴㅇㅅ,,13,13.0,르끌 ㄴㅇㅅ ,르끌 ㄴㅇㅅ,0.6735347509384155
2024-03-24 13:19:06,유키 피트인 개느려서 물탕이 뒤로 나왓네,아오,14,14.0,유키 피트인 개느려서 물탕이 뒤로 나왓네 아오,유키 피트인 개느려서 물탕이 뒤로 나왓네 아오,0.6133531332015991
2024-03-24 13:19:07,그냥 물탕이 계약금 던져주고 파기해라 사인즈가 퍼스트다,"르끌 팬이지만 이정도면 르끌이 아우다 가는게
해준게 더 많음",14,14.0,"그냥 물탕이 계약금 던져주고 파기해라 사인즈가 퍼스트다 르끌 팬이지만 이정도면 르끌이 아우다 가는게
해준게 더 많음",그냥 물탕이 계약금 던져주고 파기해라 사인즈가 퍼스트다 르끌 팬이지만 이정도면 르끌이 아우다 가는게 해준게 더 많음,0.6372829079627991
2024-03-24 13:19:08,"[속보] 스쿠데리아 페라리, 해밀턴과 계약 해지, 사인츠와 새 계약",이라는 뉴스 없냐?,14,14.0,"[속보] 스쿠데리아 페라리, 해밀턴과 계약 해지, 사인츠와 새 계약 이라는 뉴스 없냐?","[속보] 스쿠데리아 페라리, 해밀턴과 계약 해지, 사인츠와 새 계약 이라는 뉴스 없냐?",0.2457323521375656
2024-03-24 13:19:13,막스 리타 좋같네,....,14,14.0,막스 리타 좋같네 ....,막스 리타 좋같네 ....,0.8780922293663025
2024-03-24 13:19:23,피아스트리 쫒아오는거 개살벌하네,ㄷㄷㄷㄷ,14,14.0,피아스트리 쫒아오는거 개살벌하네 ㄷㄷㄷㄷ,피아스트리 쫒아오는거 개살벌하네 ㄷㄷㄷㄷ,0.15647344291210175
2024-03-24 13:19:23,이새끼 안목 좆병신이면 개추 ㅋㅋㅋㅋ,사인지 왜 버림?,14,14.0,이새끼 안목 좆병신이면 개추 ㅋㅋㅋㅋ 사인지 왜 버림?,이새끼 안목 좆병신이면 개추 ㅋㅋㅋㅋ 사인지 왜 버림?,0.9256459474563599
2024-03-24 13:19:28,쁠랜 삐ㅋㅋㅋㅋㅋㅋ,ㅋㅋㅋ,14,14.0,쁠랜 삐ㅋㅋㅋㅋㅋㅋ ㅋㅋㅋ,쁠랜 삐ㅋㅋㅋㅋㅋㅋ ㅋㅋㅋ,0.5578731298446655
2024-03-24 13:19:29,플랜B 입갤 ㅋㅋㅋㅋㅋㅋㅋㅋㅋ,,14,14.0,플랜B 입갤 ㅋㅋㅋㅋㅋㅋㅋㅋㅋ ,플랜B 입갤 ㅋㅋㅋㅋㅋㅋㅋㅋㅋ,0.3434677720069885
2024-03-24 13:19:29,플랜 bㅋㅋㅋㅋ,,14,14.0,플랜 bㅋㅋㅋㅋ ,플랜 bㅋㅋㅋㅋ,0.4248213768005371
2024-03-24 13:19:32,플랍b 입갤,"ㅋㅋㅋㅋㅋㅋ
- dc official App",14,14.0,"플랍b 입갤 ㅋㅋㅋㅋㅋㅋ
- dc official App",플랍b 입갤 ㅋㅋㅋㅋㅋㅋ - dc official App,0.17897158861160278
2024-03-24 13:19:32,쁠랜 B 입갤ㅋㅋㅋㅋㅋ,ㅋㅋㅋ,14,14.0,쁠랜 B 입갤ㅋㅋㅋㅋㅋ ㅋㅋㅋ,쁠랜 B 입갤ㅋㅋㅋㅋㅋ ㅋㅋㅋ,0.48904621601104736
2024-03-24 13:19:33,사인지 플랜 B?,갑자기?,14,14.0,사인지 플랜 B? 갑자기?,사인지 플랜 B? 갑자기?,0.14092038571834564
2024-03-24 13:19:33,르끌도 컨디션 괜찮은듯?,티포시의 주말 가자,14,14.0,르끌도 컨디션 괜찮은듯? 티포시의 주말 가자,르끌도 컨디션 괜찮은듯? 티포시의 주말 가자,0.07010018825531006
2024-03-24 13:19:34,쁠란 비 ㅋㅋ,,14,14.0,쁠란 비 ㅋㅋ ,쁠란 비 ㅋㅋ,0.5588643550872803
2024-03-24 13:19:34,사인지 우승 선언,"근데 왜 드라이버가 전략을...?
- dc official App",14,14.0,"사인지 우승 선언 근데 왜 드라이버가 전략을...?
- dc official App",사인지 우승 선언 근데 왜 드라이버가 전략을...? - dc official App,0.11436483263969421
2024-03-24 13:19:35,쁠랜 비 ㅋㅋㅋㅋㅋㅋㅋㅋㅋ,,14,14.0,쁠랜 비 ㅋㅋㅋㅋㅋㅋㅋㅋㅋ ,쁠랜 비 ㅋㅋㅋㅋㅋㅋㅋㅋㅋ,0.4370218515396118
2024-03-24 13:19:37,아니 전략 뭐 하려고 하지 마 제발,,14,14.0,아니 전략 뭐 하려고 하지 마 제발 ,아니 전략 뭐 하려고 하지 마 제발,0.41193467378616333
2024-03-24 13:19:38,뿔랜 삐 ㅋㅋ,,14,14.0,뿔랜 삐 ㅋㅋ ,뿔랜 삐 ㅋㅋ,0.5238162875175476
2024-03-24 13:19:39,플랜 Bㅋㅋㅋㅋㅋㅋㅋㅋㅋ,ㅋㅋ,14,14.0,플랜 Bㅋㅋㅋㅋㅋㅋㅋㅋㅋ ㅋㅋ,플랜 Bㅋㅋㅋㅋㅋㅋㅋㅋㅋ ㅋㅋ,0.6863940358161926
2024-03-24 13:19:44,오늘의 노래,"스무스 오퍼레이토~
- dc official App",14,14.0,"오늘의 노래 스무스 오퍼레이토~
- dc official App",오늘의 노래 스무스 오퍼레이토~ - dc official App,0.09812212735414505
2024-03-24 13:19:46,사인츠 플렌Bㅋㅋㅋㅋㅋㅋㅋㅋ,좆 라 리,14,14.0,사인츠 플렌Bㅋㅋㅋㅋㅋㅋㅋㅋ 좆 라 리,사인츠 플렌Bㅋㅋㅋㅋㅋㅋㅋㅋ 좆 라 리,0.9117376208305359
2024-03-24 13:19:47,피아제 그래도 잘 따라가노 ㅋㅋ,,14,14.0,피아제 그래도 잘 따라가노 ㅋㅋ ,피아제 그래도 잘 따라가노 ㅋㅋ,0.36408868432044983
2024-03-24 13:19:50,해물탕 페라리는 몰카 맞지?,사인지를 각성 위한 몰카 맞지?,14,14.0,해물탕 페라리는 몰카 맞지? 사인지를 각성 위한 몰카 맞지?,해물탕 페라리는 몰카 맞지? 사인지를 각성 위한 몰카 맞지?,0.8971970677375793
2024-03-24 13:19:52,페이스가 너무 좋아서 플랜 B 입갤ㅋㅋㅋㅋㅋㅋㅋㅋㅋ,ㅋㅋㅋㅋ,14,14.0,페이스가 너무 좋아서 플랜 B 입갤ㅋㅋㅋㅋㅋㅋㅋㅋㅋ ㅋㅋㅋㅋ,페이스가 너무 좋아서 플랜 B 입갤ㅋㅋㅋㅋㅋㅋㅋㅋㅋ ㅋㅋㅋㅋ,0.19191835820674896
2024-03-24 13:19:52,ㅈ됐다,"쁠랜 비 나옴
- dc official App",14,14.0,"ㅈ됐다 쁠랜 비 나옴
- dc official App",ㅈ됐다 쁠랜 비 나옴 - dc official App,0.4146478772163391
2024-03-24 13:19:52,사인츠가 플랜 지시 ㅋㅋㅋ,,14,14.0,사인츠가 플랜 지시 ㅋㅋㅋ ,사인츠가 플랜 지시 ㅋㅋㅋ,0.18997018039226532
2024-03-24 13:19:54,애1미 씨발,"막스 왜 리타이어냐고 씨발 페라리 씨발놈들 꼴아박아라
- dc official App",14,14.0,"애1미 씨발 막스 왜 리타이어냐고 씨발 페라리 씨발놈들 꼴아박아라
- dc official App",애1미 씨발 막스 왜 리타이어냐고 씨발 페라리 씨발놈들 꼴아박아라 - dc official App,0.9541473984718323
2024-03-24 13:19:57,플랜비 원스탑,ㅇㅇ,14,14.0,플랜비 원스탑 ㅇㅇ,플랜비 원스탑 ㅇㅇ,0.08760246634483337
2024-03-24 13:19:58,약속의 호주 개재밌다,ㅇㅇ,14,14.0,약속의 호주 개재밌다 ㅇㅇ,약속의 호주 개재밌다 ㅇㅇ,0.06384532898664474
2024-03-24 13:19:58,플랜 E 까진 안가셨잖아 한잔해,,14,14.0,플랜 E 까진 안가셨잖아 한잔해 ,플랜 E 까진 안가셨잖아 한잔해,0.3393252193927765
2024-03-24 13:20:00,"""잘 부탁하지""","「루이스 해밀턴」.
- dc official App",14,14.0,"""잘 부탁하지"" 「루이스 해밀턴」.
- dc official App","""잘 부탁하지"" 「루이스 해밀턴」. - dc official App",0.11367620527744293
2024-03-24 13:20:01,쁠랜 B에 르끌 딸딸깍까지,"이거 오늘은 근들갑 떨어도 되냐?
- dc official App",14,14.0,"쁠랜 B에 르끌 딸딸깍까지 이거 오늘은 근들갑 떨어도 되냐?
- dc official App",쁠랜 B에 르끌 딸딸깍까지 이거 오늘은 근들갑 떨어도 되냐? - dc official App,0.6133288145065308
2024-03-24 13:20:06,사인츠 인터벌 뭔 뜻임,"인터벌이간격이란건 아는데
- dc official App",14,14.0,"사인츠 인터벌 뭔 뜻임 인터벌이간격이란건 아는데
- dc official App",사인츠 인터벌 뭔 뜻임 인터벌이간격이란건 아는데 - dc official App,0.12388275563716888
2024-03-24 13:20:11,군데 다른 차들도 막스 같은 사고 많음?,ㅈㄱㄴ,14,14.0,군데 다른 차들도 막스 같은 사고 많음? ㅈㄱㄴ,군데 다른 차들도 막스 같은 사고 많음? ㅈㄱㄴ,0.661286473274231
2024-03-24 13:20:11,바수르 슬슬 머리아프겠노ㅋㅋㅋㅋㅋ,,14,14.0,바수르 슬슬 머리아프겠노ㅋㅋㅋㅋㅋ ,바수르 슬슬 머리아프겠노ㅋㅋㅋㅋㅋ,0.5825316309928894
2024-03-24 13:20:16,막스만 빠졌는데 왤케 재밌냐,"ㅋㅋ
- dc official App",14,14.0,"막스만 빠졌는데 왤케 재밌냐 ㅋㅋ
- dc official App",막스만 빠졌는데 왤케 재밌냐 ㅋㅋ - dc official App,0.0688772201538086
2024-03-24 13:20:19,자네에겐 붉은 피가 흐르고 있는가?,"그렇다면 자네도 티포시다
붉은 열정에 합류하라
- dc official App",14,14.0,"자네에겐 붉은 피가 흐르고 있는가? 그렇다면 자네도 티포시다
붉은 열정에 합류하라
- dc official App",자네에겐 붉은 피가 흐르고 있는가? 그렇다면 자네도 티포시다 붉은 열정에 합류하라 - dc official App,0.92499178647995
2024-03-24 13:20:21,플랜B 입갤 ㅋㅋㅋㅋ,,14,14.0,플랜B 입갤 ㅋㅋㅋㅋ ,플랜B 입갤 ㅋㅋㅋㅋ,0.2333931177854538
2024-03-24 13:20:21,좆핀은 이제 하스랑 순위경쟁을 하네ㅋㅋㅋㅋㅋㅋ,ㅅㅂ,14,14.0,좆핀은 이제 하스랑 순위경쟁을 하네ㅋㅋㅋㅋㅋㅋ ㅅㅂ,좆핀은 이제 하스랑 순위경쟁을 하네ㅋㅋㅋㅋㅋㅋ ㅅㅂ,0.9486305117607117
2024-03-24 13:20:25,f1 그냥 막스만 없으면 되는거네,규정 고쳐서 뭐하냐,15,15.0,f1 그냥 막스만 없으면 되는거네 규정 고쳐서 뭐하냐,f1 그냥 막스만 없으면 되는거네 규정 고쳐서 뭐하냐,0.30255037546157837
2024-03-24 13:20:29,바게트 이새끼들은 하스한테도 따이노ㅋㅋㅋ,- dc official App,15,15.0,바게트 이새끼들은 하스한테도 따이노ㅋㅋㅋ - dc official App,바게트 이새끼들은 하스한테도 따이노ㅋㅋㅋ - dc official App,0.9362215995788574
2024-03-24 13:20:43,불 나고 있는 막스 타이어 사진,,15,15.0,불 나고 있는 막스 타이어 사진 ,불 나고 있는 막스 타이어 사진,0.1736176311969757
2024-03-24 13:20:46,유럽코쟁이 막스 리타이어 반응,ㅋㅋㅋㅋㅋㅋㅋㅋㅋㅋㅋㅋㅋㅋㅋㅋㅋㅋㅋ,15,15.0,유럽코쟁이 막스 리타이어 반응 ㅋㅋㅋㅋㅋㅋㅋㅋㅋㅋㅋㅋㅋㅋㅋㅋㅋㅋㅋ,유럽코쟁이 막스 리타이어 반응 ㅋㅋㅋㅋㅋㅋㅋㅋㅋㅋㅋㅋㅋㅋㅋㅋㅋㅋㅋ,0.9455927610397339
2024-03-24 13:20:53,하스는 왜 10위 이상에 있냐,"카드사 스폰서 낀 곳은 이번시즌 말아먹네.
- dc official App",15,15.0,"하스는 왜 10위 이상에 있냐 카드사 스폰서 낀 곳은 이번시즌 말아먹네.
- dc official App",하스는 왜 10위 이상에 있냐 카드사 스폰서 낀 곳은 이번시즌 말아먹네. - dc official App,0.7126622796058655
2024-03-24 13:20:55,병신 그립 로우ㅋㅋㅋ,ㅋㅋ,15,15.0,병신 그립 로우ㅋㅋㅋ ㅋㅋ,병신 그립 로우ㅋㅋㅋ ㅋㅋ,0.9074018597602844
2024-03-24 13:21:20,1등으로 달리는 이점이 좆되긴 하나보네?,아닌가 잘 몰루,15,15.0,1등으로 달리는 이점이 좆되긴 하나보네? 아닌가 잘 몰루,1등으로 달리는 이점이 좆되긴 하나보네? 아닌가 잘 몰루,0.760779857635498
2024-03-24 13:21:23,가슬리 씨발놈 좋겠다ㅣ,ㅆㅂ,15,15.0,가슬리 씨발놈 좋겠다ㅣ ㅆㅂ,가슬리 씨발놈 좋겠다ㅣ ㅆㅂ,0.8976874351501465
2024-03-24 13:21:24,ㅋㅋ 개이쁘네 가슬리우승,"다끄지라 ㅋ
- dc official App",15,15.0,"ㅋㅋ 개이쁘네 가슬리우승 다끄지라 ㅋ
- dc official App",ㅋㅋ 개이쁘네 가슬리우승 다끄지라 ㅋ - dc official App,0.9178275465965271
2024-03-24 13:21:24,가슬리여친 왜케 이쁨ㅋㅋㅋ,본질에선 못느꺘는데,15,15.0,가슬리여친 왜케 이쁨ㅋㅋㅋ 본질에선 못느꺘는데,가슬리여친 왜케 이쁨ㅋㅋㅋ 본질에선 못느꺘는데,0.8659315705299377
2024-03-24 13:21:25,개슬리 시발련 ㅋㅋㅋㅋ,ㅋㅋㅋㅋㅁㄴㅇㅇ,15,15.0,개슬리 시발련 ㅋㅋㅋㅋ ㅋㅋㅋㅋㅁㄴㅇㅇ,개슬리 시발련 ㅋㅋㅋㅋ ㅋㅋㅋㅋㅁㄴㅇㅇ,0.926181972026825
2024-03-24 13:21:31,알핀타도 행복한 가슬리 ㅋㅋㅋㅋㅋㅋㅋ,아,15,15.0,알핀타도 행복한 가슬리 ㅋㅋㅋㅋㅋㅋㅋ 아,알핀타도 행복한 가슬리 ㅋㅋㅋㅋㅋㅋㅋ 아,0.3343627154827118
2024-03-24 13:21:35,알핀은 뭔수로 포인트권 입성한겨...?,"가슬리찡 화이팅이야
- dc official App",15,15.0,"알핀은 뭔수로 포인트권 입성한겨...? 가슬리찡 화이팅이야
- dc official App",알핀은 뭔수로 포인트권 입성한겨...? 가슬리찡 화이팅이야 - dc official App,0.29896795749664307
2024-03-24 13:21:36,경기 늦게 봐서 모르는데 맥스 사고남?,"왜 리타이어?
- dc official App",15,15.0,"경기 늦게 봐서 모르는데 맥스 사고남? 왜 리타이어?
- dc official App",경기 늦게 봐서 모르는데 맥스 사고남? 왜 리타이어? - dc official App,0.09946299344301224
2024-03-24 13:21:36,오우 가슬리 여친 ㅈㄴ 예쁘네,부럽다,15,15.0,오우 가슬리 여친 ㅈㄴ 예쁘네 부럽다,오우 가슬리 여친 ㅈㄴ 예쁘네 부럽다,0.2716728150844574
2024-03-24 13:21:36,최악의 드라이버 : 가슬리,,15,15.0,최악의 드라이버 : 가슬리 ,최악의 드라이버 : 가슬리,0.847241222858429
2024-03-24 13:21:39,아니 몽골 리타인데 123위 차이 왜저래,"13랩인데 순위당 6초씩 차이나네
이거 맞냐",15,15.0,"아니 몽골 리타인데 123위 차이 왜저래 13랩인데 순위당 6초씩 차이나네
이거 맞냐",아니 몽골 리타인데 123위 차이 왜저래 13랩인데 순위당 6초씩 차이나네 이거 맞냐,0.23804476857185364
2024-03-24 13:21:40,사인츠 ㅈㄴ 빠르네 ㅋㅋㅋ,ㅋㅋㅋㅋㅋㅋ,15,15.0,사인츠 ㅈㄴ 빠르네 ㅋㅋㅋ ㅋㅋㅋㅋㅋㅋ,사인츠 ㅈㄴ 빠르네 ㅋㅋㅋ ㅋㅋㅋㅋㅋㅋ,0.21880261600017548
2024-03-24 13:21:46,차가 좀 느리면 어때,"눈나만 있으면 된거지
- dc official App",15,15.0,"차가 좀 느리면 어때 눈나만 있으면 된거지
- dc official App",차가 좀 느리면 어때 눈나만 있으면 된거지 - dc official App,0.529651939868927
2024-03-24 13:21:50,막홍어 없어지니 존나 재밌네 ㅋㅋㅋㅋㅋ,ㅋㅋㅋㅋㅋ,16,16.0,막홍어 없어지니 존나 재밌네 ㅋㅋㅋㅋㅋ ㅋㅋㅋㅋㅋ,막홍어 없어지니 존나 재밌네 ㅋㅋㅋㅋㅋ ㅋㅋㅋㅋㅋ,0.9136536717414856
2024-03-24 13:21:52,가슬리여친 씨발ㅋㅋㅋㅋㅋ,존나예쁘네 시발...,16,16.0,가슬리여친 씨발ㅋㅋㅋㅋㅋ 존나예쁘네 시발...,가슬리여친 씨발ㅋㅋㅋㅋㅋ 존나예쁘네 시발...,0.942514181137085
2024-03-24 13:22:01,가슬리 여친 개이쁘노,"ㅋㅋ
- dc official App",16,16.0,"가슬리 여친 개이쁘노 ㅋㅋ
- dc official App",가슬리 여친 개이쁘노 ㅋㅋ - dc official App,0.19937510788440704
2024-03-24 13:22:11,페레즈 16점 이상 먹으면 챔피언쉽 리드임 ㅋㅋ,,16,16.0,페레즈 16점 이상 먹으면 챔피언쉽 리드임 ㅋㅋ ,페레즈 16점 이상 먹으면 챔피언쉽 리드임 ㅋㅋ,0.11242544651031494
2024-03-24 13:22:12,7초 뭐냐 시발 ㅋㅋㅋㅋㅋ,,16,16.0,7초 뭐냐 시발 ㅋㅋㅋㅋㅋ ,7초 뭐냐 시발 ㅋㅋㅋㅋㅋ,0.7564446926116943
2024-03-24 13:22:19,그 중에 버티는 알론소,"그는 신이야
- dc official App",16,16.0,"그 중에 버티는 알론소 그는 신이야
- dc official App",그 중에 버티는 알론소 그는 신이야 - dc official App,0.15168169140815735
2024-03-24 13:22:22,알핀은이제 하스도못따네,에휴,16,16.0,알핀은이제 하스도못따네 에휴,알핀은이제 하스도못따네 에휴,0.7438084483146667
2024-03-24 13:22:29,대인츠 ㅈㄴ 잘타네 ㅋㅋㅋㅋㅋ,,16,16.0,대인츠 ㅈㄴ 잘타네 ㅋㅋㅋㅋㅋ ,대인츠 ㅈㄴ 잘타네 ㅋㅋㅋㅋㅋ,0.3519156277179718
2024-03-24 13:22:27,순위표에 VER 하나 사라졌다고 행복해죽겠다ㅋㅋㅋㅋㅋ,아오 좋아ㅋㅋㅋㅋ,16,16.0,순위표에 VER 하나 사라졌다고 행복해죽겠다ㅋㅋㅋㅋㅋ 아오 좋아ㅋㅋㅋㅋ,순위표에 VER 하나 사라졌다고 행복해죽겠다ㅋㅋㅋㅋㅋ 아오 좋아ㅋㅋㅋㅋ,0.1282709538936615
2024-03-24 13:22:30,작년 레드불팬들이 이 느낌이었구나,,16,16.0,작년 레드불팬들이 이 느낌이었구나 ,작년 레드불팬들이 이 느낌이었구나,0.09174570441246033
2024-03-24 13:22:41,맥라랜 좀 더 잘 해봐 !!,기회라고 !!,16,16.0,맥라랜 좀 더 잘 해봐 !! 기회라고 !!,맥라랜 좀 더 잘 해봐 !! 기회라고 !!,0.10429777950048447
2024-03-24 13:22:43,아니 대인츠 7초 실화냐?,존나 잘타네,16,16.0,아니 대인츠 7초 실화냐? 존나 잘타네,아니 대인츠 7초 실화냐? 존나 잘타네,0.22600534558296204
2024-03-24 13:22:44,미끌레 위로 원스탑인거같은데,엄,16,16.0,미끌레 위로 원스탑인거같은데 엄,미끌레 위로 원스탑인거같은데 엄,0.0977582335472107
2024-03-24 13:22:54,순위보소 씨발ㅋㅋㅋㅋㅋㅋㅋㅋㅋㅋㅋㅋㅋㅋㅋ,"막스 나가리
하스 알핀 순위권
메르 좆망
ㅋㅋㅋㅋㅋㅋㅋㅋㅋㅋㅋㅋㅋㅋㅋㅋㅋㅋㅋㅋㅋ",16,16.0,"순위보소 씨발ㅋㅋㅋㅋㅋㅋㅋㅋㅋㅋㅋㅋㅋㅋㅋ 막스 나가리
하스 알핀 순위권
메르 좆망
ㅋㅋㅋㅋㅋㅋㅋㅋㅋㅋㅋㅋㅋㅋㅋㅋㅋㅋㅋㅋㅋ",순위보소 씨발ㅋㅋㅋㅋㅋㅋㅋㅋㅋㅋㅋㅋㅋㅋㅋ 막스 나가리 하스 알핀 순위권 메르 좆망 ㅋㅋㅋㅋㅋㅋㅋㅋㅋㅋㅋㅋㅋㅋㅋㅋㅋㅋㅋㅋㅋ,0.9217051267623901
2024-03-24 13:22:54,알핀 밑에 있는 놈들 뭐냐,ㅇㅇ,16,16.0,알핀 밑에 있는 놈들 뭐냐 ㅇㅇ,알핀 밑에 있는 놈들 뭐냐 ㅇㅇ,0.6975787878036499
2024-03-24 13:22:59,올해 레드불 차가 별론가. 체코가 별론가,,16,16.0,올해 레드불 차가 별론가. 체코가 별론가 ,올해 레드불 차가 별론가. 체코가 별론가,0.1858072429895401
2024-03-24 13:23:00,노리스 핏인,,16,16.0,노리스 핏인 ,노리스 핏인,0.22611971199512482
2024-03-24 13:23:14,노리스.상자상자 ㅋㅋ,,17,17.0,노리스.상자상자 ㅋㅋ ,노리스.상자상자 ㅋㅋ,0.19972150027751923
2024-03-24 13:23:21,차이가 ㅈㄴ 큰데ㅋㅋㅋㅋㅋㅋ,,17,17.0,차이가 ㅈㄴ 큰데ㅋㅋㅋㅋㅋㅋ ,차이가 ㅈㄴ 큰데ㅋㅋㅋㅋㅋㅋ,0.7760303020477295
2024-03-24 13:23:25,노리스 체코 박스,ㅇ,17,17.0,노리스 체코 박스 ㅇ,노리스 체코 박스 ㅇ,0.12881384789943695
2024-03-24 13:23:40,지금 사인츠 폼은 베르스타펜도 안부럽다,올해 일 낸다,17,17.0,지금 사인츠 폼은 베르스타펜도 안부럽다 올해 일 낸다,지금 사인츠 폼은 베르스타펜도 안부럽다 올해 일 낸다,0.11029485613107681
2024-03-24 13:23:40,쪼끔 절었네 ㅋㅋ,,17,17.0,쪼끔 절었네 ㅋㅋ ,쪼끔 절었네 ㅋㅋ,0.6384613513946533
2024-03-24 13:23:46,레드불 오늘 맛탱이 갔노ㅋㅋㅋㅋ,ㅋㅋㅋㅋ,17,17.0,레드불 오늘 맛탱이 갔노ㅋㅋㅋㅋ ㅋㅋㅋㅋ,레드불 오늘 맛탱이 갔노ㅋㅋㅋㅋ ㅋㅋㅋㅋ,0.8666342496871948
2024-03-24 13:23:54,근데 진짜 하스 차 좋아진거 확느껴지네,"작년까지만 해도 독보적으로 타이어 관리 안돼서 지들만의 타이밍에 피트인 했는데
이젠 남들이랑 맞춰가면서 전략 내는거보면 차 좋아진거 느껴지긴 하네 ㅋㅋㅋ",17,17.0,"근데 진짜 하스 차 좋아진거 확느껴지네 작년까지만 해도 독보적으로 타이어 관리 안돼서 지들만의 타이밍에 피트인 했는데
이젠 남들이랑 맞춰가면서 전략 내는거보면 차 좋아진거 느껴지긴 하네 ㅋㅋㅋ",근데 진짜 하스 차 좋아진거 확느껴지네 작년까지만 해도 독보적으로 타이어 관리 안돼서 지들만의 타이밍에 피트인 했는데 이젠 남들이랑 맞춰가면서 전략 내는거보면 차 좋아진거 느껴지긴 하네 ㅋㅋㅋ,0.14804239571094513
2024-03-24 13:23:53,레드불 퍼스트 망했다고 핏크루도 맛갔노ㅋㅋㅋㅋ,,17,17.0,레드불 퍼스트 망했다고 핏크루도 맛갔노ㅋㅋㅋㅋ ,레드불 퍼스트 망했다고 핏크루도 맛갔노ㅋㅋㅋㅋ,0.8930945992469788
2024-03-24 13:23:55,무슨 리듬세상이냐?,"따 따닥?
- dc official App",17,17.0,"무슨 리듬세상이냐? 따 따닥?
- dc official App",무슨 리듬세상이냐? 따 따닥? - dc official App,0.41067853569984436
2024-03-24 13:23:58,진짜 페라리 피트에서 찐빠만 내지마라,"막없사왕 ㄱㄱ
- dc official App",17,17.0,"진짜 페라리 피트에서 찐빠만 내지마라 막없사왕 ㄱㄱ
- dc official App",진짜 페라리 피트에서 찐빠만 내지마라 막없사왕 ㄱㄱ - dc official App,0.5962507128715515
2024-03-24 13:24:00,모든게 티포시의 주말이네 ㅋㅋㅋ,페라리 원투 드가자~~~~~~~,17,17.0,모든게 티포시의 주말이네 ㅋㅋㅋ 페라리 원투 드가자~~~~~~~,모든게 티포시의 주말이네 ㅋㅋㅋ 페라리 원투 드가자~~~~~~~,0.13832534849643707
2024-03-24 13:24:05,해물탕 대 체코ㅋㅋㅋ,ㅋㅋㅋ,17,17.0,해물탕 대 체코ㅋㅋㅋ ㅋㅋㅋ,해물탕 대 체코ㅋㅋㅋ ㅋㅋㅋ,0.867506206035614
2024-03-24 13:24:10,페레즈 좆됀ㅋㅋㅋ,,17,17.0,페레즈 좆됀ㅋㅋㅋ ,페레즈 좆됀ㅋㅋㅋ,0.9399046897888184
2024-03-24 13:24:12,지금 순위표 아름답다,"사인스
알론소
르끌",17,17.0,"지금 순위표 아름답다 사인스
알론소
르끌",지금 순위표 아름답다 사인스 알론소 르끌,0.15050756931304932
2024-03-24 13:24:21,2시인줄알고 이제 경기켰는데 뭔일임?,"막스는 왜 리타고 헐크랑 가슬리 순위는 왜저라
- dc official App",17,17.0,"2시인줄알고 이제 경기켰는데 뭔일임? 막스는 왜 리타고 헐크랑 가슬리 순위는 왜저라
- dc official App",2시인줄알고 이제 경기켰는데 뭔일임? 막스는 왜 리타고 헐크랑 가슬리 순위는 왜저라 - dc official App,0.12334426492452621
2024-03-24 13:24:20,메르 존나 느리네ㅋㅋㅋㅋ,,17,17.0,메르 존나 느리네ㅋㅋㅋㅋ ,메르 존나 느리네ㅋㅋㅋㅋ,0.5863110423088074
2024-03-24 13:24:26,레드불 수난시대 ㅋㅋㅋㅋㅋㅋㅋㅋ,,17,17.0,레드불 수난시대 ㅋㅋㅋㅋㅋㅋㅋㅋ ,레드불 수난시대 ㅋㅋㅋㅋㅋㅋㅋㅋ,0.4234393239021301
2024-03-24 13:24:26,물탕담당일진 입갤 ㅋㅋㅋㅋㅋㅋ,ㅋㅋㅋㅋㅋㅋㅋㅋㅋㅋㅋ,17,17.0,물탕담당일진 입갤 ㅋㅋㅋㅋㅋㅋ ㅋㅋㅋㅋㅋㅋㅋㅋㅋㅋㅋ,물탕담당일진 입갤 ㅋㅋㅋㅋㅋㅋ ㅋㅋㅋㅋㅋㅋㅋㅋㅋㅋㅋ,0.9137886166572571
2024-03-24 13:24:28,체코는 물탕 담당일진이다 이기,,17,17.0,체코는 물탕 담당일진이다 이기 ,체코는 물탕 담당일진이다 이기,0.8606188893318176
2024-03-24 13:24:32,오늘 진짜 존나게 재밌네 ㅋㅋㄱㅋㄱㅋㄱㅋㄱㅋㄱㅋ,ㅋㄱㅋㄱㅋㄱㅋㄱㄱㅋ,17,17.0,오늘 진짜 존나게 재밌네 ㅋㅋㄱㅋㄱㅋㄱㅋㄱㅋㄱㅋ ㅋㄱㅋㄱㅋㄱㅋㄱㄱㅋ,오늘 진짜 존나게 재밌네 ㅋㅋㄱㅋㄱㅋㄱㅋㄱㅋㄱㅋ ㅋㄱㅋㄱㅋㄱㅋㄱㄱㅋ,0.41446736454963684
2024-03-24 13:24:34,물탕 21아부다비 PTSDㅋㅋㅋ,wwww,17,17.0,물탕 21아부다비 PTSDㅋㅋㅋ wwww,물탕 21아부다비 PTSDㅋㅋㅋ wwww,0.890021562576294
2024-03-24 13:24:42,오늘 래이스 요약 ㅋㅋ,,17,17.0,오늘 래이스 요약 ㅋㅋ ,오늘 래이스 요약 ㅋㅋ,0.11780557036399841
2024-03-24 13:24:43,사인지 크루징볼수있냐???,우리퍼스트 운전을잘하는샘기 고추털개많은새끼,17,17.0,사인지 크루징볼수있냐??? 우리퍼스트 운전을잘하는샘기 고추털개많은새끼,사인지 크루징볼수있냐??? 우리퍼스트 운전을잘하는샘기 고추털개많은새끼,0.9541409611701965
2024-03-24 13:24:44,아니 존나 느린데ㅋㅋㅋㅋㅋ시발,,17,17.0,아니 존나 느린데ㅋㅋㅋㅋㅋ시발 ,아니 존나 느린데ㅋㅋㅋㅋㅋ시발,0.9078227281570435
2024-03-24 13:24:49,TMI) 21년도에는 호주 GP가 열리지 않았다,"그렇기에 막스는 느슨해진 F1 판에
21년도 분위기를 돌려주기 위해 리타이어한 것이다
이상하지 않은가?
해밀턴은 갑자기 어제 Q2에 탈락하는 체코 행동을 하지 않았는가
이 모든 것은 월챔들의 각본이다
재미없다고 모두가 불평하는 f1에 대해
순수재미를 돌려주기 위해
이 것은 '희생'이라는 것이다
'희생'은 월챔이 되기 위한 필수 자질이다",17,17.0,"TMI) 21년도에는 호주 GP가 열리지 않았다 그렇기에 막스는 느슨해진 F1 판에
21년도 분위기를 돌려주기 위해 리타이어한 것이다
이상하지 않은가?
해밀턴은 갑자기 어제 Q2에 탈락하는 체코 행동을 하지 않았는가
이 모든 것은 월챔들의 각본이다
재미없다고 모두가 불평하는 f1에 대해
순수재미를 돌려주기 위해
이 것은 '희생'이라는 것이다
'희생'은 월챔이 되기 위한 필수 자질이다",TMI) 21년도에는 호주 GP가 열리지 않았다 그렇기에 막스는 느슨해진 F1 판에 21년도 분위기를 돌려주기 위해 리타이어한 것이다 이상하지 않은가? 해밀턴은 갑자기 어제 Q2에 탈락하는 체코 행동을 하지 않았는가 이 모든 것은 월챔들의 각본이다 재미없다고 모두가 불평하는 f1에 대해 순수재미를 돌려주기 위해 이 것은 '희생'이라는 것이다 '희생'은 월챔이 되기 위한 필수 자질이다,0.21038617193698883
2024-03-24 13:24:51,응 메르 너 존나 느리잖아 ㅠㅠㅠㅠ,,17,17.0,응 메르 너 존나 느리잖아 ㅠㅠㅠㅠ ,응 메르 너 존나 느리잖아 ㅠㅠㅠㅠ,0.9326414465904236
2024-03-24 13:24:55,퇴물탕ㅋㅋㅋㅋㅋㅋㅋㅋㅋㅋㅋㅋㅋ,ㅋㅋㅋㅋㅋㅋㅋㅋㅋ,17,17.0,퇴물탕ㅋㅋㅋㅋㅋㅋㅋㅋㅋㅋㅋㅋㅋ ㅋㅋㅋㅋㅋㅋㅋㅋㅋ,퇴물탕ㅋㅋㅋㅋㅋㅋㅋㅋㅋㅋㅋㅋㅋ ㅋㅋㅋㅋㅋㅋㅋㅋㅋ,0.9378535747528076
2024-03-24 13:24:56,물탕 머이리느리노,차가똥인가 ㅋㅋ,17,17.0,물탕 머이리느리노 차가똥인가 ㅋㅋ,물탕 머이리느리노 차가똥인가 ㅋㅋ,0.9350447654724121
2024-03-24 13:25:00,레드불 헤메는거 간만에 보네,"이래야 재밌지
- dc official App",18,18.0,"레드불 헤메는거 간만에 보네 이래야 재밌지
- dc official App",레드불 헤메는거 간만에 보네 이래야 재밌지 - dc official App,0.08610844612121582
2024-03-24 13:25:00,좆물탕 ㅋㅋㅋㅋㅋㅋ,ㅋㅋㅋ,18,18.0,좆물탕 ㅋㅋㅋㅋㅋㅋ ㅋㅋㅋ,좆물탕 ㅋㅋㅋㅋㅋㅋ ㅋㅋㅋ,0.9324182271957397
2024-03-24 13:25:01,체코도 못 따는 해밀턴을 주워오려고 사인츠 버린 그 팀ㅋㅋㅋㅋㅋㅋㅋㅋㅋㅋ,그저 황라리,18,18.0,체코도 못 따는 해밀턴을 주워오려고 사인츠 버린 그 팀ㅋㅋㅋㅋㅋㅋㅋㅋㅋㅋ 그저 황라리,체코도 못 따는 해밀턴을 주워오려고 사인츠 버린 그 팀ㅋㅋㅋㅋㅋㅋㅋㅋㅋㅋ 그저 황라리,0.9449781775474548
2024-03-24 13:25:01,병신 ㅋㅋㅋㅋㅋㅋㅋ,,18,18.0,병신 ㅋㅋㅋㅋㅋㅋㅋ ,병신 ㅋㅋㅋㅋㅋㅋㅋ,0.6407749652862549
2024-03-24 13:25:02,역시 해밀턴 방어는 체코신 ㅋㅋㅋㅋㅋ,,18,18.0,역시 해밀턴 방어는 체코신 ㅋㅋㅋㅋㅋ ,역시 해밀턴 방어는 체코신 ㅋㅋㅋㅋㅋ,0.2268824428319931
2024-03-24 13:25:02,하지만 메르는 생각보다 더 똥차였고,어딜,18,18.0,하지만 메르는 생각보다 더 똥차였고 어딜,하지만 메르는 생각보다 더 똥차였고 어딜,0.9255437254905701
2024-03-24 13:25:04,아니 메르 왤케 느리냐 시발ㅋㅋㅋㅋ,ㅋㅋㅋㅋ,18,18.0,아니 메르 왤케 느리냐 시발ㅋㅋㅋㅋ ㅋㅋㅋㅋ,아니 메르 왤케 느리냐 시발ㅋㅋㅋㅋ ㅋㅋㅋㅋ,0.7669946551322937
2024-03-24 13:25:06,아보카도 여름방학 이후에 못보겠노,편의점 교체,18,18.0,아보카도 여름방학 이후에 못보겠노 편의점 교체,아보카도 여름방학 이후에 못보겠노 편의점 교체,0.26684626936912537
2024-03-24 13:25:06,페레즈 피트 나올때 선 넘지않았냐?,마지막에 살짝 넘은거같은데,18,18.0,페레즈 피트 나올때 선 넘지않았냐? 마지막에 살짝 넘은거같은데,페레즈 피트 나올때 선 넘지않았냐? 마지막에 살짝 넘은거같은데,0.23862653970718384
2024-03-24 13:25:07,징징ㅋㅋㅋㅋ,- dc official App,18,18.0,징징ㅋㅋㅋㅋ - dc official App,징징ㅋㅋㅋㅋ - dc official App,0.6620768904685974
2024-03-24 13:25:10,아니 물탕아 그걸 못잡냐 ㅋ,ㅋㅋㅋㅋㅋㅋㅋ,18,18.0,아니 물탕아 그걸 못잡냐 ㅋ ㅋㅋㅋㅋㅋㅋㅋ,아니 물탕아 그걸 못잡냐 ㅋ ㅋㅋㅋㅋㅋㅋㅋ,0.9385579824447632
2024-03-24 13:25:11,물탕이 ㅋㅋ,,18,18.0,물탕이 ㅋㅋ ,물탕이 ㅋㅋ,0.8766201734542847
2024-03-24 13:25:14,물징징 ㅋㅋㅋㅋㅋ,,18,18.0,물징징 ㅋㅋㅋㅋㅋ ,물징징 ㅋㅋㅋㅋㅋ,0.923004686832428
2024-03-24 13:25:14,징징 ㅋㅋㅋㅋㅋㅋ,,18,18.0,징징 ㅋㅋㅋㅋㅋㅋ ,징징 ㅋㅋㅋㅋㅋㅋ,0.8649729490280151
2024-03-24 13:25:15,징징 ㅋㅋㅋㅋ,,18,18.0,징징 ㅋㅋㅋㅋ ,징징 ㅋㅋㅋㅋ,0.8338349461555481
2024-03-24 13:25:20,메르 딸깍해도 못따라가너,ㅋㅋㅋ,18,18.0,메르 딸깍해도 못따라가너 ㅋㅋㅋ,메르 딸깍해도 못따라가너 ㅋㅋㅋ,0.8897537589073181
2024-03-24 13:25:23,ㅋㅋㅋ씨바,,18,18.0,ㅋㅋㅋ씨바 ,ㅋㅋㅋ씨바,0.8629639148712158
2024-03-24 13:25:28,2021 리턴즈 ㅋㅋㅋㅋㅋ,"어 형은 21년도에도 해물탕을 막았어
- dc official App",18,18.0,"2021 리턴즈 ㅋㅋㅋㅋㅋ 어 형은 21년도에도 해물탕을 막았어
- dc official App",2021 리턴즈 ㅋㅋㅋㅋㅋ 어 형은 21년도에도 해물탕을 막았어 - dc official App,0.40843263268470764
2024-03-24 13:25:28,차빨 징징이 vs 스무스 오퍼레이터,ㅅㅂ 이게 맞냐 바수루야,18,18.0,차빨 징징이 vs 스무스 오퍼레이터 ㅅㅂ 이게 맞냐 바수루야,차빨 징징이 vs 스무스 오퍼레이터 ㅅㅂ 이게 맞냐 바수루야,0.9446043372154236
2024-03-24 13:25:31,파슬리 따잇,,18,18.0,파슬리 따잇 ,파슬리 따잇,0.4324435889720917
2024-03-24 13:25:34,GOAT,- dc official App,18,18.0,GOAT - dc official App,GOAT - dc official App,0.12445533275604248
2024-03-24 13:25:43,암만 느려도 좆핀은 쉽노 ㅋㅋ,,18,18.0,암만 느려도 좆핀은 쉽노 ㅋㅋ ,암만 느려도 좆핀은 쉽노 ㅋㅋ,0.9326283931732178
2024-03-24 13:25:46,사인지 안들어가나?  22.62면 느린데,- dc official App,18,18.0,사인지 안들어가나?  22.62면 느린데 - dc official App,사인지 안들어가나? 22.62면 느린데 - dc official App,0.1127309575676918
2024-03-24 13:25:47,수험생 얘기 듣고 싶었는데,ㄲㅂ,18,18.0,수험생 얘기 듣고 싶었는데 ㄲㅂ,수험생 얘기 듣고 싶었는데 ㄲㅂ,0.11061285436153412
2024-03-24 13:25:47,딸깍 열어도 직진을 못따라가네,실환가 ㅋㅋㅋㅋ,18,18.0,딸깍 열어도 직진을 못따라가네 실환가 ㅋㅋㅋㅋ,딸깍 열어도 직진을 못따라가네 실환가 ㅋㅋㅋㅋ,0.6026098728179932
2024-03-24 13:25:47,님네 차가 느린 것도 있어요 물탕씨,쟤네가 빠른것도 맞긴한데 ㅋㅋ,18,18.0,님네 차가 느린 것도 있어요 물탕씨 쟤네가 빠른것도 맞긴한데 ㅋㅋ,님네 차가 느린 것도 있어요 물탕씨 쟤네가 빠른것도 맞긴한데 ㅋㅋ,0.9118832349777222
2024-03-24 13:25:51,대쥬지 오늘 잘해보자,ㅈㅔ발,18,18.0,대쥬지 오늘 잘해보자 ㅈㅔ발,대쥬지 오늘 잘해보자 ㅈㅔ발,0.6597845554351807
2024-03-24 13:25:52,저 똥차는 다 무료로 대주노 ㅋㅋ,"에라이 프랑스 새끼들아
- dc official App",18,18.0,"저 똥차는 다 무료로 대주노 ㅋㅋ 에라이 프랑스 새끼들아
- dc official App",저 똥차는 다 무료로 대주노 ㅋㅋ 에라이 프랑스 새끼들아 - dc official App,0.9329010248184204
2024-03-24 13:25:56,사인지 BOX,- dc official App,18,18.0,사인지 BOX - dc official App,사인지 BOX - dc official App,0.17508745193481445
2024-03-24 13:26:03,올해 레드불 브레이크 잘못 고른거 아니냐,"브레이크 이슈 계속 어필하네
- dc official App",18,18.0,"올해 레드불 브레이크 잘못 고른거 아니냐 브레이크 이슈 계속 어필하네
- dc official App",올해 레드불 브레이크 잘못 고른거 아니냐 브레이크 이슈 계속 어필하네 - dc official App,0.20003782212734222
2024-03-24 13:26:03,좆물탕 개망했노,ㅇ,18,18.0,좆물탕 개망했노 ㅇ,좆물탕 개망했노 ㅇ,0.9450220465660095
2024-03-24 13:26:04,물탕이 왜 쭉내려감?,,18,18.0,물탕이 왜 쭉내려감? ,물탕이 왜 쭉내려감?,0.17993372678756714
2024-03-24 13:26:06,작년 유입 뉴빈데,"막가놈 ㅈㄴ 압도적이길래 쟤네 응원하면 재밌나 했는데
막가놈 빠지니까 배로 재밌네 ㅋㅋㅋ",18,18.0,"작년 유입 뉴빈데 막가놈 ㅈㄴ 압도적이길래 쟤네 응원하면 재밌나 했는데
막가놈 빠지니까 배로 재밌네 ㅋㅋㅋ",작년 유입 뉴빈데 막가놈 ㅈㄴ 압도적이길래 쟤네 응원하면 재밌나 했는데 막가놈 빠지니까 배로 재밌네 ㅋㅋㅋ,0.6459949016571045
2024-03-24 13:26:09,현재 스페인 원투 ㅋㅋ,ㅋㅋ,18,18.0,현재 스페인 원투 ㅋㅋ ㅋㅋ,현재 스페인 원투 ㅋㅋ ㅋㅋ,0.13995057344436646
2024-03-24 13:26:09,해밀턴 사망 ㅋㅋㅋ,,18,18.0,해밀턴 사망 ㅋㅋㅋ ,해밀턴 사망 ㅋㅋㅋ,0.7677880525588989
2024-03-24 13:26:11,물탕 리타이어 ㄷㄷㄷㄷㄷㄷㄷ,,18,18.0,물탕 리타이어 ㄷㄷㄷㄷㄷㄷㄷ ,물탕 리타이어 ㄷㄷㄷㄷㄷㄷㄷ,0.3739280104637146
2024-03-24 13:26:14,메르 펑ㅋㅋ,ㅋㅋㅋ,18,18.0,메르 펑ㅋㅋ ㅋㅋㅋ,메르 펑ㅋㅋ ㅋㅋㅋ,0.6834372282028198
2024-03-24 13:26:14,해밀턴 엔진 사망ㅋㅋㅋ,ㅋㅋㅋ,18,18.0,해밀턴 엔진 사망ㅋㅋㅋ ㅋㅋㅋ,해밀턴 엔진 사망ㅋㅋㅋ ㅋㅋㅋ,0.6201866865158081
2024-03-24 13:26:14,엔진 ㅋㅋㅋㅋㅋ,ㅋㅋ,18,18.0,엔진 ㅋㅋㅋㅋㅋ ㅋㅋ,엔진 ㅋㅋㅋㅋㅋ ㅋㅋ,0.5943153500556946
2024-03-24 13:26:14,메르 개좆망 ㅋㅋㅋㅋㅋㅋ,,18,18.0,메르 개좆망 ㅋㅋㅋㅋㅋㅋ ,메르 개좆망 ㅋㅋㅋㅋㅋㅋ,0.861858606338501
2024-03-24 13:26:14,아씨발,,18,18.0,아씨발 ,아씨발,0.5940345525741577
2024-03-24 13:26:14,펑 ㅋㅋㅋㅋㅋㅋㅋㅋㅋㅋㅋ,,18,18.0,펑 ㅋㅋㅋㅋㅋㅋㅋㅋㅋㅋㅋ ,펑 ㅋㅋㅋㅋㅋㅋㅋㅋㅋㅋㅋ,0.7654863595962524
2024-03-24 13:26:14,물몽 동반 멸망 ㅋㅋㅋㅋㅋ,,18,18.0,물몽 동반 멸망 ㅋㅋㅋㅋㅋ ,물몽 동반 멸망 ㅋㅋㅋㅋㅋ,0.9199768304824829
2024-03-24 13:26:15,물탕이도 사망ㄷㄷㄷㄷ,,18,18.0,물탕이도 사망ㄷㄷㄷㄷ ,물탕이도 사망ㄷㄷㄷㄷ,0.46888938546180725
2024-03-24 13:26:14,ㅋㅋㅋㅋ무리하다 터졌노,,18,18.0,ㅋㅋㅋㅋ무리하다 터졌노 ,ㅋㅋㅋㅋ무리하다 터졌노,0.8742554783821106
2024-03-24 13:26:15,보기만 해도 웃음 나오는 짤,,18,18.0,보기만 해도 웃음 나오는 짤 ,보기만 해도 웃음 나오는 짤,0.06483634561300278
2024-03-24 13:26:17,물탕멸망ㅋㅋ,ㅋㅋㅋㅋ,18,18.0,물탕멸망ㅋㅋ ㅋㅋㅋㅋ,물탕멸망ㅋㅋ ㅋㅋㅋㅋ,0.8715856075286865
2024-03-24 13:26:17,물탕도 아웃ㅋㅋㅋㅋㅋㅋㅋㅋㅋㅋㅋㅋㅋㅋㅋㅋㅋㅋㅋㅋㅋㅋㅋㅋㅋㅋㅋ,개꿀잼ㅋㅋㅋㅋㅋㅋㅋㅋㅋㅋㅋㅋㅋ,18,18.0,물탕도 아웃ㅋㅋㅋㅋㅋㅋㅋㅋㅋㅋㅋㅋㅋㅋㅋㅋㅋㅋㅋㅋㅋㅋㅋㅋㅋㅋㅋ 개꿀잼ㅋㅋㅋㅋㅋㅋㅋㅋㅋㅋㅋㅋㅋ,물탕도 아웃ㅋㅋㅋㅋㅋㅋㅋㅋㅋㅋㅋㅋㅋㅋㅋㅋㅋㅋㅋㅋㅋㅋㅋㅋㅋㅋㅋ 개꿀잼ㅋㅋㅋㅋㅋㅋㅋㅋㅋㅋㅋㅋㅋ,0.9092204570770264
2024-03-24 13:26:18,밀턴경 리타 ㅋㅋㅋㅋㅋㅋㅋㅋㅋㅋㅋㅋㅋㅋ,,18,18.0,밀턴경 리타 ㅋㅋㅋㅋㅋㅋㅋㅋㅋㅋㅋㅋㅋㅋ ,밀턴경 리타 ㅋㅋㅋㅋㅋㅋㅋㅋㅋㅋㅋㅋㅋㅋ,0.5149335861206055
2024-03-24 13:26:18,물탕 멸망ㄹ ㅋㅋㅋㅋㅋㅋㅋㅋㅋ,ㅋㅋㅋㅋㅋㅋㅋㅋㅋㅋㅋㅋ,18,18.0,물탕 멸망ㄹ ㅋㅋㅋㅋㅋㅋㅋㅋㅋ ㅋㅋㅋㅋㅋㅋㅋㅋㅋㅋㅋㅋ,물탕 멸망ㄹ ㅋㅋㅋㅋㅋㅋㅋㅋㅋ ㅋㅋㅋㅋㅋㅋㅋㅋㅋㅋㅋㅋ,0.9378030300140381
2024-03-24 13:26:18,ㅋㅋㅋㅋ개재밌누 ㅋㅋㅋㅋ,"ㅋㅋㅋㅋㅋㅋ
- dc official App",18,18.0,"ㅋㅋㅋㅋ개재밌누 ㅋㅋㅋㅋ ㅋㅋㅋㅋㅋㅋ
- dc official App",ㅋㅋㅋㅋ개재밌누 ㅋㅋㅋㅋ ㅋㅋㅋㅋㅋㅋ - dc official App,0.1555822193622589
2024-03-24 13:26:19,물탕 컷ㅋㅋㅋㅋ,,18,18.0,물탕 컷ㅋㅋㅋㅋ ,물탕 컷ㅋㅋㅋㅋ,0.8437756299972534
2024-03-24 13:26:18,월챔 두명 나가리ㅋㅋㅋㅋㅋ,,18,18.0,월챔 두명 나가리ㅋㅋㅋㅋㅋ ,월챔 두명 나가리ㅋㅋㅋㅋㅋ,0.6554391980171204
2024-03-24 13:26:20,물탕 아웃ㅋㅋㅋ,ㅋㅋㅋ,18,18.0,물탕 아웃ㅋㅋㅋ ㅋㅋㅋ,물탕 아웃ㅋㅋㅋ ㅋㅋㅋ,0.8703633546829224
2024-03-24 13:26:20,해밀턴 사망 ㅋㅋㅋㅋㅋㅋㅋㅋㅋㅋ,ㅋㅋㅋㅋㅋㅋ,18,18.0,해밀턴 사망 ㅋㅋㅋㅋㅋㅋㅋㅋㅋㅋ ㅋㅋㅋㅋㅋㅋ,해밀턴 사망 ㅋㅋㅋㅋㅋㅋㅋㅋㅋㅋ ㅋㅋㅋㅋㅋㅋ,0.7948347926139832
2024-03-24 13:26:20,멜세 진짜 개똥차네 ㅋㅋㅋ,ㅋㅋㅋㅋㅋㅋ,18,18.0,멜세 진짜 개똥차네 ㅋㅋㅋ ㅋㅋㅋㅋㅋㅋ,멜세 진짜 개똥차네 ㅋㅋㅋ ㅋㅋㅋㅋㅋㅋ,0.9431983232498169
2024-03-24 13:26:20,월챔 둘이서 리타 ㅋㅋㅋㅋㅋㅋㅋㅋㅋㅋ,,18,18.0,월챔 둘이서 리타 ㅋㅋㅋㅋㅋㅋㅋㅋㅋㅋ ,월챔 둘이서 리타 ㅋㅋㅋㅋㅋㅋㅋㅋㅋㅋ,0.427826851606369
2024-03-24 13:26:20,엌ㅋㅋㅋㅋㅋㅋ,,18,18.0,엌ㅋㅋㅋㅋㅋㅋ ,엌ㅋㅋㅋㅋㅋㅋ,0.6105151176452637
2024-03-24 13:26:20,물탕 사망 ㅋㅋㅋㅋㅋㅋ,,18,18.0,물탕 사망 ㅋㅋㅋㅋㅋㅋ ,물탕 사망 ㅋㅋㅋㅋㅋㅋ,0.8782507181167603
2024-03-24 13:26:21,해물탕도 리타노,호주는 꿀잼 보장이네ㅋㅋㅋ,18,18.0,해물탕도 리타노 호주는 꿀잼 보장이네ㅋㅋㅋ,해물탕도 리타노 호주는 꿀잼 보장이네ㅋㅋㅋ,0.30762600898742676
2024-03-24 13:26:21,와씹ㅋㅋㅋ 존나재밌내,"물탕 컷 ㅋㅋㅋㅋㅋ
- dc official App",18,18.0,"와씹ㅋㅋㅋ 존나재밌내 물탕 컷 ㅋㅋㅋㅋㅋ
- dc official App",와씹ㅋㅋㅋ 존나재밌내 물탕 컷 ㅋㅋㅋㅋㅋ - dc official App,0.6677423119544983
2024-03-24 13:26:21,메르 사망 ㅋㅋㅋㅋㅋ,,18,18.0,메르 사망 ㅋㅋㅋㅋㅋ ,메르 사망 ㅋㅋㅋㅋㅋ,0.7798113226890564
2024-03-24 13:26:22,물탕이 좆망 ㅋㅋㅋㅋㅋㅋ,,18,18.0,물탕이 좆망 ㅋㅋㅋㅋㅋㅋ ,물탕이 좆망 ㅋㅋㅋㅋㅋㅋ,0.9069565534591675
2024-03-24 13:26:22,똥메르ㅋㅋㅋㅋㅋㅋㅋㅋㅋㅋㅋㅋㅋㅋㅋㅋㅋㅋㅋ,,18,18.0,똥메르ㅋㅋㅋㅋㅋㅋㅋㅋㅋㅋㅋㅋㅋㅋㅋㅋㅋㅋㅋ ,똥메르ㅋㅋㅋㅋㅋㅋㅋㅋㅋㅋㅋㅋㅋㅋㅋㅋㅋㅋㅋ,0.937698245048523
2024-03-24 13:26:22,해물탕 좆망 ㅋㅋㅋㅋㅋ,,18,18.0,해물탕 좆망 ㅋㅋㅋㅋㅋ ,해물탕 좆망 ㅋㅋㅋㅋㅋ,0.907376229763031
2024-03-24 13:26:23,막햄 리타ㅋㅋㅋㅋㅋㅋㅋ,ㅋㅋㅋ,18,18.0,막햄 리타ㅋㅋㅋㅋㅋㅋㅋ ㅋㅋㅋ,막햄 리타ㅋㅋㅋㅋㅋㅋㅋ ㅋㅋㅋ,0.5206149816513062
2024-03-24 13:26:25,약속의 땅ㅋㅋㅋㅋㅋㅋㅋㅋㅋㅋㅋ,ㅋㅋㅋㅋㅋㅋㅋㅋㅋㅋㅋㅋㅋㅋㅋㅋㅋㅋㅋㅋㅋㅋ,19,19.0,약속의 땅ㅋㅋㅋㅋㅋㅋㅋㅋㅋㅋㅋ ㅋㅋㅋㅋㅋㅋㅋㅋㅋㅋㅋㅋㅋㅋㅋㅋㅋㅋㅋㅋㅋㅋ,약속의 땅ㅋㅋㅋㅋㅋㅋㅋㅋㅋㅋㅋ ㅋㅋㅋㅋㅋㅋㅋㅋㅋㅋㅋㅋㅋㅋㅋㅋㅋㅋㅋㅋㅋㅋ,0.5490819811820984
2024-03-24 13:26:25,해물탕 사망ㅋㅋㅋㅋㅋㅋㅋㅋㅋ,ㅋㅋㅋㅋ123ㅇ,19,19.0,해물탕 사망ㅋㅋㅋㅋㅋㅋㅋㅋㅋ ㅋㅋㅋㅋ123ㅇ,해물탕 사망ㅋㅋㅋㅋㅋㅋㅋㅋㅋ ㅋㅋㅋㅋ123ㅇ,0.9160444140434265
2024-03-24 13:26:25,물몽 멸망 개꿀잼 씨발ㅋㅋㅋㅋ,,19,19.0,물몽 멸망 개꿀잼 씨발ㅋㅋㅋㅋ ,물몽 멸망 개꿀잼 씨발ㅋㅋㅋㅋ,0.9357983469963074
2024-03-24 13:26:26,햄막사망ㅋㅋㅋㅋㅋㅋ,오늘 맛집이네,19,19.0,햄막사망ㅋㅋㅋㅋㅋㅋ 오늘 맛집이네,햄막사망ㅋㅋㅋㅋㅋㅋ 오늘 맛집이네,0.10403797775506973
2024-03-24 13:26:26,아씨발;:;,,19,19.0,아씨발;:; ,아씨발;:;,0.7660412788391113
2024-03-24 13:26:27,메르 렏불 둘다 개좆망이노 뭐냐 ㅋㅋㅋㅋㅋㅋㅋ,ㅋㅋㅋㅋㅋㅋ,19,19.0,메르 렏불 둘다 개좆망이노 뭐냐 ㅋㅋㅋㅋㅋㅋㅋ ㅋㅋㅋㅋㅋㅋ,메르 렏불 둘다 개좆망이노 뭐냐 ㅋㅋㅋㅋㅋㅋㅋ ㅋㅋㅋㅋㅋㅋ,0.9153855443000793
2024-03-24 13:26:28,터졌노 ㅋㅋㅋㅋㅋㅋㅋㅋㅋㅋ,,19,19.0,터졌노 ㅋㅋㅋㅋㅋㅋㅋㅋㅋㅋ ,터졌노 ㅋㅋㅋㅋㅋㅋㅋㅋㅋㅋ,0.6554293036460876
2024-03-24 13:26:29,호주는 뭔가 있다  ㅋㅋㅋ,ㅋㅋㅋ,19,19.0,호주는 뭔가 있다  ㅋㅋㅋ ㅋㅋㅋ,호주는 뭔가 있다 ㅋㅋㅋ ㅋㅋㅋ,0.3286151587963104
2024-03-24 13:26:29,시발 터져나간다 ㅋㅋㅋㅋ,"ㅋㅋㅋㅋ
- dc official App",19,19.0,"시발 터져나간다 ㅋㅋㅋㅋ ㅋㅋㅋㅋ
- dc official App",시발 터져나간다 ㅋㅋㅋㅋ ㅋㅋㅋㅋ - dc official App,0.6798423528671265
2024-03-24 13:26:29,아 오늘 존나 재미있노ㅋㅋㅋㅋㅋㅋ,,19,19.0,아 오늘 존나 재미있노ㅋㅋㅋㅋㅋㅋ ,아 오늘 존나 재미있노ㅋㅋㅋㅋㅋㅋ,0.11353552341461182
2024-03-24 13:26:30,호주는 진짜 완주 참 ㅋㅋㅋㅋㅋ,이게 사고가 안나도 이래되네 ㅋㅋㅋㅋㅋㅋ,19,19.0,호주는 진짜 완주 참 ㅋㅋㅋㅋㅋ 이게 사고가 안나도 이래되네 ㅋㅋㅋㅋㅋㅋ,호주는 진짜 완주 참 ㅋㅋㅋㅋㅋ 이게 사고가 안나도 이래되네 ㅋㅋㅋㅋㅋㅋ,0.16147297620773315
2024-03-24 13:26:30,몇번지구 f1이놐ㅋㅋㅋㅋㅋㅋㅋㅋㅋ,캬캬캬캬,19,19.0,몇번지구 f1이놐ㅋㅋㅋㅋㅋㅋㅋㅋㅋ 캬캬캬캬,몇번지구 f1이놐ㅋㅋㅋㅋㅋㅋㅋㅋㅋ 캬캬캬캬,0.7396566867828369
2024-03-24 13:26:30,물탕 죽었노,엌ㅋㅋㅋㅋㅋ,19,19.0,물탕 죽었노 엌ㅋㅋㅋㅋㅋ,물탕 죽었노 엌ㅋㅋㅋㅋㅋ,0.941132128238678
2024-03-24 13:26:31,물탕햄도 리타노,,19,19.0,물탕햄도 리타노 ,물탕햄도 리타노,0.5474597811698914
2024-03-24 13:26:30,씹물탕 사망 ㅋㅋㅋㅋㅋ,,19,19.0,씹물탕 사망 ㅋㅋㅋㅋㅋ ,씹물탕 사망 ㅋㅋㅋㅋㅋ,0.9510413408279419
2024-03-24 13:26:31,ㅋㅋㅋㅋㅋㅋㅋㅋㅋㅋㅋ오늘 머신문제 꿀잼요소네,"ㅋㅋㅋㅋㅋㅋㅋㅋㅋㅋㅋ
- dc official App",19,19.0,"ㅋㅋㅋㅋㅋㅋㅋㅋㅋㅋㅋ오늘 머신문제 꿀잼요소네 ㅋㅋㅋㅋㅋㅋㅋㅋㅋㅋㅋ
- dc official App",ㅋㅋㅋㅋㅋㅋㅋㅋㅋㅋㅋ오늘 머신문제 꿀잼요소네 ㅋㅋㅋㅋㅋㅋㅋㅋㅋㅋㅋ - dc official App,0.11682140827178955
2024-03-24 13:26:31,막햄 영혼의 듀오 ㅋㅋㅋㅋㅋㅋ,"ㅋㅋㅋㅋㅋㅋㅋ
- dc official App",19,19.0,"막햄 영혼의 듀오 ㅋㅋㅋㅋㅋㅋ ㅋㅋㅋㅋㅋㅋㅋ
- dc official App",막햄 영혼의 듀오 ㅋㅋㅋㅋㅋㅋ ㅋㅋㅋㅋㅋㅋㅋ - dc official App,0.8254033327102661
2024-03-24 13:26:31,몽골 물탕 둘다사망 ㄷㄷ,후덜덜,19,19.0,몽골 물탕 둘다사망 ㄷㄷ 후덜덜,몽골 물탕 둘다사망 ㄷㄷ 후덜덜,0.4593440592288971
2024-03-24 13:26:31,ㅋㅋㅋㅋㅋㅋㅋㅋㅋㅋㅋ,ㅋㅋㅋㅋㅋㅋㅋㅋㅋㅋㅋㅋㅋ,19,19.0,ㅋㅋㅋㅋㅋㅋㅋㅋㅋㅋㅋ ㅋㅋㅋㅋㅋㅋㅋㅋㅋㅋㅋㅋㅋ,ㅋㅋㅋㅋㅋㅋㅋㅋㅋㅋㅋ ㅋㅋㅋㅋㅋㅋㅋㅋㅋㅋㅋㅋㅋ,0.6456527709960938
2024-03-24 13:26:32,물탕 사망ㅋㅋㅋㅋㅋㅋㅋ,ㅋㅋㅋㅋㅋㅋㅋ,19,19.0,물탕 사망ㅋㅋㅋㅋㅋㅋㅋ ㅋㅋㅋㅋㅋㅋㅋ,물탕 사망ㅋㅋㅋㅋㅋㅋㅋ ㅋㅋㅋㅋㅋㅋㅋ,0.8540735840797424
2024-03-24 13:26:34,호주<~~ 이 새끼 꿀잼 치트키노? ㅋㅋㅋㅋㅋ,,19,19.0,호주<~~ 이 새끼 꿀잼 치트키노? ㅋㅋㅋㅋㅋ ,호주<~~ 이 새끼 꿀잼 치트키노? ㅋㅋㅋㅋㅋ,0.8990234732627869
2024-03-24 13:26:34,물탕경 리타 ㅋㅋㅋ,- dc official App,19,19.0,물탕경 리타 ㅋㅋㅋ - dc official App,물탕경 리타 ㅋㅋㅋ - dc official App,0.7127817273139954
2024-03-24 13:26:34,물탕 엔진블로우 ㅋㅋㅋㅋㅋㅋㅋㅋㅋ,몽물 더블리타 ㅋㅋㅋㅋㅋㅋㅋㅋㅋㅋ,19,19.0,물탕 엔진블로우 ㅋㅋㅋㅋㅋㅋㅋㅋㅋ 몽물 더블리타 ㅋㅋㅋㅋㅋㅋㅋㅋㅋㅋ,물탕 엔진블로우 ㅋㅋㅋㅋㅋㅋㅋㅋㅋ 몽물 더블리타 ㅋㅋㅋㅋㅋㅋㅋㅋㅋㅋ,0.906640350818634
2024-03-24 13:26:35,호주 꿀잼이네 ㅋㅋㅋㅋ,"막스 물탕 둘 다 리타 ㅋㅋㅋ
- dc official App",19,19.0,"호주 꿀잼이네 ㅋㅋㅋㅋ 막스 물탕 둘 다 리타 ㅋㅋㅋ
- dc official App",호주 꿀잼이네 ㅋㅋㅋㅋ 막스 물탕 둘 다 리타 ㅋㅋㅋ - dc official App,0.24540840089321136
2024-03-24 13:26:36,사인츠 다행이다 ㅋㅋㅋㅋㅋ,좆댈뻔 ㅋㅋㅋㅋㅋ,19,19.0,사인츠 다행이다 ㅋㅋㅋㅋㅋ 좆댈뻔 ㅋㅋㅋㅋㅋ,사인츠 다행이다 ㅋㅋㅋㅋㅋ 좆댈뻔 ㅋㅋㅋㅋㅋ,0.8056796789169312
2024-03-24 13:26:36,저새끼들 팀 나간다고 너무하노 ㅋㅋㅋㅋ,ㅋㅋㅋㅋㅋㅋㅋㅋㅋㅋㅋ,19,19.0,저새끼들 팀 나간다고 너무하노 ㅋㅋㅋㅋ ㅋㅋㅋㅋㅋㅋㅋㅋㅋㅋㅋ,저새끼들 팀 나간다고 너무하노 ㅋㅋㅋㅋ ㅋㅋㅋㅋㅋㅋㅋㅋㅋㅋㅋ,0.914039671421051
2024-03-24 13:26:36,사인츠 타이밍 ㅋㅋㅋㅋㅋ,"ㅋㅋㅋㅋㅋㅋㅋ
- dc official App",19,19.0,"사인츠 타이밍 ㅋㅋㅋㅋㅋ ㅋㅋㅋㅋㅋㅋㅋ
- dc official App",사인츠 타이밍 ㅋㅋㅋㅋㅋ ㅋㅋㅋㅋㅋㅋㅋ - dc official App,0.23160198330879211
2024-03-24 13:26:36,꿀잼 레이스 입갤 ㅋㅋㅋㅋㅋㅋㅋ,.,19,19.0,꿀잼 레이스 입갤 ㅋㅋㅋㅋㅋㅋㅋ .,꿀잼 레이스 입갤 ㅋㅋㅋㅋㅋㅋㅋ .,0.25674426555633545
2024-03-24 13:26:40,작년부터 호주는 꿀잼이노 ㅋㅋㅋㅋ,,19,19.0,작년부터 호주는 꿀잼이노 ㅋㅋㅋㅋ ,작년부터 호주는 꿀잼이노 ㅋㅋㅋㅋ,0.11527768522500992
2024-03-24 13:26:41,물탕견 몽골견 싸우지말고 뽀뽀해 ㅋㅋㅋㅋㅋㅋㅋㅋㅋ,"동반리타 컽
- dc official App",19,19.0,"물탕견 몽골견 싸우지말고 뽀뽀해 ㅋㅋㅋㅋㅋㅋㅋㅋㅋ 동반리타 컽
- dc official App",물탕견 몽골견 싸우지말고 뽀뽀해 ㅋㅋㅋㅋㅋㅋㅋㅋㅋ 동반리타 컽 - dc official App,0.9511041045188904
2024-03-24 13:26:41,와씹ㅋㅋㅋㅋㅋㅋㅋㅋㅋㅋㅋㅋ,- dc official App,19,19.0,와씹ㅋㅋㅋㅋㅋㅋㅋㅋㅋㅋㅋㅋ - dc official App,와씹ㅋㅋㅋㅋㅋㅋㅋㅋㅋㅋㅋㅋ - dc official App,0.5542129278182983
2024-03-24 13:26:42,물탕 몽골 둘다 나가리 ㅋㅋㅋ,,19,19.0,물탕 몽골 둘다 나가리 ㅋㅋㅋ ,물탕 몽골 둘다 나가리 ㅋㅋㅋ,0.9423338770866394
2024-03-24 13:26:41,알론소 p1,,19,19.0,알론소 p1 ,알론소 p1,0.15581469237804413
2024-03-24 13:26:44,도합 10챔 사라짐,호주는 어떤곳일까..,19,19.0,도합 10챔 사라짐 호주는 어떤곳일까..,도합 10챔 사라짐 호주는 어떤곳일까..,0.1646382063627243
2024-03-24 13:26:44,맥라렌 시발 이건 기회야 !!!!,,19,19.0,맥라렌 시발 이건 기회야 !!!! ,맥라렌 시발 이건 기회야 !!!!,0.7888597846031189
2024-03-24 13:26:45,몽물 리타ㅋㅋ,ㅋㅋ,19,19.0,몽물 리타ㅋㅋ ㅋㅋ,몽물 리타ㅋㅋ ㅋㅋ,0.525763988494873
2024-03-24 13:26:45,이제 왔는데 몽골 어디감?,"왜 뒤짐?
- dc official App",19,19.0,"이제 왔는데 몽골 어디감? 왜 뒤짐?
- dc official App",이제 왔는데 몽골 어디감? 왜 뒤짐? - dc official App,0.7117961049079895
2024-03-24 13:26:54,호주 그랑프리 더 늘리면 안됨????,ㄹㅇ 제발,19,19.0,호주 그랑프리 더 늘리면 안됨???? ㄹㅇ 제발,호주 그랑프리 더 늘리면 안됨???? ㄹㅇ 제발,0.21141262352466583
2024-03-24 13:26:58,호주는 많이 덥나?,"엔진도 퍼지고 브레이크도 불붙고
- dc official App",19,19.0,"호주는 많이 덥나? 엔진도 퍼지고 브레이크도 불붙고
- dc official App",호주는 많이 덥나? 엔진도 퍼지고 브레이크도 불붙고 - dc official App,0.22243881225585938
2024-03-24 13:26:58,물탕이 엔진 ㅋㅋㅋㅋ,ㅋㅋㅋㅋㅋ,19,19.0,물탕이 엔진 ㅋㅋㅋㅋ ㅋㅋㅋㅋㅋ,물탕이 엔진 ㅋㅋㅋㅋ ㅋㅋㅋㅋㅋ,0.8602588176727295
2024-03-24 13:27:02,지금 서킷에 유일한 월드챔피언 알론소,든든하다,19,19.0,지금 서킷에 유일한 월드챔피언 알론소 든든하다,지금 서킷에 유일한 월드챔피언 알론소 든든하다,0.09690391272306442
2024-03-24 13:27:02,자 피트에서 몽물대전 개막합니다,몽랜드 물일날 드가자,19,19.0,자 피트에서 몽물대전 개막합니다 몽랜드 물일날 드가자,자 피트에서 몽물대전 개막합니다 몽랜드 물일날 드가자,0.10759158432483673
2024-03-24 13:27:01,보타스까지 가면 햄보막 완성인데 ㅋㅋㅋ,,19,19.0,보타스까지 가면 햄보막 완성인데 ㅋㅋㅋ ,보타스까지 가면 햄보막 완성인데 ㅋㅋㅋ,0.1475583016872406
2024-03-24 13:27:02,염병ㅋㅋㅋㅋㅋ,메르 엔진이 터지네ㅋㅋㅋ,19,19.0,염병ㅋㅋㅋㅋㅋ 메르 엔진이 터지네ㅋㅋㅋ,염병ㅋㅋㅋㅋㅋ 메르 엔진이 터지네ㅋㅋㅋ,0.8507207632064819
2024-03-24 13:27:03,3챔 7챔 아웃ㅋㅋㅋㅋㅋㅋㅋㅋㅋㅋㅋㅋㅋㅋㅋㅋㅋㅋ,엌ㅋㅋㅋㅋㅋㅋㅋㅋㅋㅋㅋㅋㅋㅋㅋ,19,19.0,3챔 7챔 아웃ㅋㅋㅋㅋㅋㅋㅋㅋㅋㅋㅋㅋㅋㅋㅋㅋㅋㅋ 엌ㅋㅋㅋㅋㅋㅋㅋㅋㅋㅋㅋㅋㅋㅋㅋ,3챔 7챔 아웃ㅋㅋㅋㅋㅋㅋㅋㅋㅋㅋㅋㅋㅋㅋㅋㅋㅋㅋ 엌ㅋㅋㅋㅋㅋㅋㅋㅋㅋㅋㅋㅋㅋㅋㅋ,0.7991571426391602
2024-03-24 13:27:03,대 레 즈 한번 이겨볼려다가 차뻗었노 ㅋㅋㅋㅋㅋㅋㅋㅋㅋㅋㅋㅋㅋ,ㅋㅋㅋㅋㅋㅋㅋㅋㅋㅋㅋ,19,19.0,대 레 즈 한번 이겨볼려다가 차뻗었노 ㅋㅋㅋㅋㅋㅋㅋㅋㅋㅋㅋㅋㅋ ㅋㅋㅋㅋㅋㅋㅋㅋㅋㅋㅋ,대 레 즈 한번 이겨볼려다가 차뻗었노 ㅋㅋㅋㅋㅋㅋㅋㅋㅋㅋㅋㅋㅋ ㅋㅋㅋㅋㅋㅋㅋㅋㅋㅋㅋ,0.9195355176925659
2024-03-24 13:27:03,세카뜨면 사인지 손해아니냐,방금 갈았는데?,19,19.0,세카뜨면 사인지 손해아니냐 방금 갈았는데?,세카뜨면 사인지 손해아니냐 방금 갈았는데?,0.13493648171424866
2024-03-24 13:27:02,작년엔 쥬지 나가리더니 이번엔 물탕이노,,19,19.0,작년엔 쥬지 나가리더니 이번엔 물탕이노 ,작년엔 쥬지 나가리더니 이번엔 물탕이노,0.9504836201667786
2024-03-24 13:27:05,병신과 머저리.jpg,,19,19.0,병신과 머저리.jpg ,병신과 머저리.jpg,0.8894429802894592
2024-03-24 13:27:07,알론소 존버 성공이냐?ㅋㅋㅋ,ㅋㅋㅋ,19,19.0,알론소 존버 성공이냐?ㅋㅋㅋ ㅋㅋㅋ,알론소 존버 성공이냐?ㅋㅋㅋ ㅋㅋㅋ,0.6955828070640564
2024-03-24 13:27:07,버츄얼 세이프티,ㅇ,19,19.0,버츄얼 세이프티 ㅇ,버츄얼 세이프티 ㅇ,0.10969135910272598
2024-03-24 13:27:09,새로운 약속의땅 등극,그곳은 바로 오스트레일리아,19,19.0,새로운 약속의땅 등극 그곳은 바로 오스트레일리아,새로운 약속의땅 등극 그곳은 바로 오스트레일리아,0.37577491998672485
2024-03-24 13:27:11,와 사인지 개손해봤네,운도 지지리도 없노,19,19.0,와 사인지 개손해봤네 운도 지지리도 없노,와 사인지 개손해봤네 운도 지지리도 없노,0.8162622451782227
2024-03-24 13:27:10,VSC 입갤ㅋㅋㅋ,,19,19.0,VSC 입갤ㅋㅋㅋ ,VSC 입갤ㅋㅋㅋ,0.45733705163002014
2024-03-24 13:27:11,몽물 동시사망 ㅋㅋㅋㅋ,캬 역시 둘은 떼어놓을수가 없노 ㅋㅋㅋㅋ,19,19.0,몽물 동시사망 ㅋㅋㅋㅋ 캬 역시 둘은 떼어놓을수가 없노 ㅋㅋㅋㅋ,몽물 동시사망 ㅋㅋㅋㅋ 캬 역시 둘은 떼어놓을수가 없노 ㅋㅋㅋㅋ,0.9124163389205933
2024-03-24 13:27:14,대론소 개이득?,어,19,19.0,대론소 개이득? 어,대론소 개이득? 어,0.17142468690872192
2024-03-24 13:27:15,호주는 진짜 몽르겠네,사고가 매번 나노,19,19.0,호주는 진짜 몽르겠네 사고가 매번 나노,호주는 진짜 몽르겠네 사고가 매번 나노,0.5895454287528992
2024-03-24 13:27:16,알 헐 가 존버 성공 ㄷㄷ,,19,19.0,알 헐 가 존버 성공 ㄷㄷ ,알 헐 가 존버 성공 ㄷㄷ,0.1540316939353943
2024-03-24 13:27:17,대낮부터 이렇게 꿀잼 레이스 보여준다고 ㅋㅋㅋㅋㅋ,"ㅋㅋㅋㅋㅋㅋ
- dc official App",19,19.0,"대낮부터 이렇게 꿀잼 레이스 보여준다고 ㅋㅋㅋㅋㅋ ㅋㅋㅋㅋㅋㅋ
- dc official App",대낮부터 이렇게 꿀잼 레이스 보여준다고 ㅋㅋㅋㅋㅋ ㅋㅋㅋㅋㅋㅋ - dc official App,0.12190690636634827
2024-03-24 13:27:18,vsc 입갤 ㅋㅋㅋ,,19,19.0,vsc 입갤 ㅋㅋㅋ ,vsc 입갤 ㅋㅋㅋ,0.3312658667564392
2024-03-24 13:27:19,사인츠 타이어 갈자 마자 ㅋㅋㅋㅋㅋㅋㅋㅋㅋ,,19,19.0,사인츠 타이어 갈자 마자 ㅋㅋㅋㅋㅋㅋㅋㅋㅋ ,사인츠 타이어 갈자 마자 ㅋㅋㅋㅋㅋㅋㅋㅋㅋ,0.33681827783584595
2024-03-24 13:27:20,와 사인즈 옐로플래그 타이밍 개꿀이네,엌ㅋㅋㅋㅋ 맥라렌 ㅈ망 ㅋㅋㅋㅋ,19,19.0,와 사인즈 옐로플래그 타이밍 개꿀이네 엌ㅋㅋㅋㅋ 맥라렌 ㅈ망 ㅋㅋㅋㅋ,와 사인즈 옐로플래그 타이밍 개꿀이네 엌ㅋㅋㅋㅋ 맥라렌 ㅈ망 ㅋㅋㅋㅋ,0.8132097125053406
2024-03-24 13:27:20,대론소 1등 ㅋㅋㅋㅋㅋㅋ,"ㅈㄴ웃기네
- dc official App",19,19.0,"대론소 1등 ㅋㅋㅋㅋㅋㅋ ㅈㄴ웃기네
- dc official App",대론소 1등 ㅋㅋㅋㅋㅋㅋ ㅈㄴ웃기네 - dc official App,0.3903026580810547
2024-03-24 13:27:21,몽골 터졌는데 또 크루징 각인데,미끌레 씹련아 잘 좀 해봐,19,19.0,몽골 터졌는데 또 크루징 각인데 미끌레 씹련아 잘 좀 해봐,몽골 터졌는데 또 크루징 각인데 미끌레 씹련아 잘 좀 해봐,0.9436503648757935
2024-03-24 13:27:22,알국왕 떡상 섹스ㅋㅋㅋ,,19,19.0,알국왕 떡상 섹스ㅋㅋㅋ ,알국왕 떡상 섹스ㅋㅋㅋ,0.9415498971939087
2024-03-24 13:27:24,황론소 존버 성공 ㄷㄷㄷㄷ,ㄷㄷㄷ,19,19.0,황론소 존버 성공 ㄷㄷㄷㄷ ㄷㄷㄷ,황론소 존버 성공 ㄷㄷㄷㄷ ㄷㄷㄷ,0.13199937343597412
2024-03-24 13:27:24,알론소 싱글벙글 ㅋㅋ,ㅋㅋ,19,19.0,알론소 싱글벙글 ㅋㅋ ㅋㅋ,알론소 싱글벙글 ㅋㅋ ㅋㅋ,0.17552168667316437
2024-03-24 13:27:26,서바이벌 레이스 입갤 얼마만이냐 ㅋㅋㅋㅋㅋㅋ,살아만 남으면 포인트 주는거냐?,19,19.0,서바이벌 레이스 입갤 얼마만이냐 ㅋㅋㅋㅋㅋㅋ 살아만 남으면 포인트 주는거냐?,서바이벌 레이스 입갤 얼마만이냐 ㅋㅋㅋㅋㅋㅋ 살아만 남으면 포인트 주는거냐?,0.7059662342071533
2024-03-24 13:27:26,물탕아 안대,시발,19,19.0,물탕아 안대 시발,물탕아 안대 시발,0.7725002765655518
2024-03-24 13:27:26,VSC 입갤 ㅋㅋㅋㅋ,,19,19.0,VSC 입갤 ㅋㅋㅋㅋ ,VSC 입갤 ㅋㅋㅋㅋ,0.3746252954006195
2024-03-24 13:27:29,사인지 씹억까당했는데,,19,19.0,사인지 씹억까당했는데 ,사인지 씹억까당했는데,0.7316696643829346
2024-03-24 13:27:29,챔피언 딴 놈들 순서대로 죽냐,"다음은 알론소임?
- dc official App",19,19.0,"챔피언 딴 놈들 순서대로 죽냐 다음은 알론소임?
- dc official App",챔피언 딴 놈들 순서대로 죽냐 다음은 알론소임? - dc official App,0.47508883476257324
2024-03-24 13:27:31,대론소 ㅅㅅㅅㅅㅅㅅㅅㅅㅅㅅㅅㅅㅅㅅ,,19,19.0,대론소 ㅅㅅㅅㅅㅅㅅㅅㅅㅅㅅㅅㅅㅅㅅ ,대론소 ㅅㅅㅅㅅㅅㅅㅅㅅㅅㅅㅅㅅㅅㅅ,0.24879078567028046
2024-03-24 13:27:33,어 페라리 위기 ㅅㅂ,알론소 피트 드간다,19,19.0,어 페라리 위기 ㅅㅂ 알론소 피트 드간다,어 페라리 위기 ㅅㅂ 알론소 피트 드간다,0.47710418701171875
2024-03-24 13:27:33,f1의 미래면 개추,"일단 나부터~~
- dc official App",19,19.0,"f1의 미래면 개추 일단 나부터~~
- dc official App",f1의 미래면 개추 일단 나부터~~ - dc official App,0.3561558127403259
2024-03-24 13:27:34,와 레이스 진짜 개꿀잼이노,ㅋㅋㅋㅋㅋ,19,19.0,와 레이스 진짜 개꿀잼이노 ㅋㅋㅋㅋㅋ,와 레이스 진짜 개꿀잼이노 ㅋㅋㅋㅋㅋ,0.10774589329957962
2024-03-24 13:27:36,아 사인츠 ㅅㅂ,해물탕 좃같네,19,19.0,아 사인츠 ㅅㅂ 해물탕 좃같네,아 사인츠 ㅅㅂ 해물탕 좃같네,0.9151571989059448
2024-03-24 13:27:38,저 밑 물 몽,"ㅋㅋㅋㅋ
- dc official App",19,19.0,"저 밑 물 몽 ㅋㅋㅋㅋ
- dc official App",저 밑 물 몽 ㅋㅋㅋㅋ - dc official App,0.6927123665809631
2024-03-24 13:27:38,엔진 진짜 깔끔하게 퍼지네,파팍,19,19.0,엔진 진짜 깔끔하게 퍼지네 파팍,엔진 진짜 깔끔하게 퍼지네 파팍,0.08785457909107208
2024-03-24 13:27:39,드라이버 이슈 ㅋㅋㅋㅋㅋㅋㅋㅋㅋㅋㅋㅋㅋㅋㅋㅋㅋㅋㅋ,ㅋㅋㅋㅋㅋ,19,19.0,드라이버 이슈 ㅋㅋㅋㅋㅋㅋㅋㅋㅋㅋㅋㅋㅋㅋㅋㅋㅋㅋㅋ ㅋㅋㅋㅋㅋ,드라이버 이슈 ㅋㅋㅋㅋㅋㅋㅋㅋㅋㅋㅋㅋㅋㅋㅋㅋㅋㅋㅋ ㅋㅋㅋㅋㅋ,0.5718438029289246
2024-03-24 13:27:39,알론소 가슬리 떡상?,ㅋㅋ,19,19.0,알론소 가슬리 떡상? ㅋㅋ,알론소 가슬리 떡상? ㅋㅋ,0.1529473066329956
2024-03-24 13:27:39,깔끔하게 갔네ㅋㅋ,ㅋㅋㅋ,19,19.0,깔끔하게 갔네ㅋㅋ ㅋㅋㅋ,깔끔하게 갔네ㅋㅋ ㅋㅋㅋ,0.43745356798171997
2024-03-24 13:27:40,탁치니 엌하고 가노ㅋㅋㅋ,"ㅋㅋㅋㅋㅋ
- dc official App",19,19.0,"탁치니 엌하고 가노ㅋㅋㅋ ㅋㅋㅋㅋㅋ
- dc official App",탁치니 엌하고 가노ㅋㅋㅋ ㅋㅋㅋㅋㅋ - dc official App,0.8230477571487427
2024-03-24 13:27:42,엔진 그냥 꺼지네 ㅋㅋㅋ,,19,19.0,엔진 그냥 꺼지네 ㅋㅋㅋ ,엔진 그냥 꺼지네 ㅋㅋㅋ,0.3352133333683014
2024-03-24 13:27:48,알국왕 우승 해보자해보자 ㅋㅋㅋㅋㅋ,,20,20.0,알국왕 우승 해보자해보자 ㅋㅋㅋㅋㅋ ,알국왕 우승 해보자해보자 ㅋㅋㅋㅋㅋ,0.3016725778579712
2024-03-24 13:27:51,와 한방에 깨졌네,소리 ㅈ되노,20,20.0,와 한방에 깨졌네 소리 ㅈ되노,와 한방에 깨졌네 소리 ㅈ되노,0.43814951181411743
2024-03-24 13:27:51,그냥 툭하고 끊기네ㅋㅋㅋ,ㅋㅋㅋ,20,20.0,그냥 툭하고 끊기네ㅋㅋㅋ ㅋㅋㅋ,그냥 툭하고 끊기네ㅋㅋㅋ ㅋㅋㅋ,0.49722105264663696
2024-03-24 13:27:52,몽물대전 웅장하노 ㅋㅋㅋㅋㅋㅋㅋ,ㅋㄹㅋㅋㅋㅋㅋㅋㅋㅋ,20,20.0,몽물대전 웅장하노 ㅋㅋㅋㅋㅋㅋㅋ ㅋㄹㅋㅋㅋㅋㅋㅋㅋㅋ,몽물대전 웅장하노 ㅋㅋㅋㅋㅋㅋㅋ ㅋㄹㅋㅋㅋㅋㅋㅋㅋㅋ,0.36425063014030457
2024-03-24 13:27:52,아 사인츠 어캄 ㅠ,ㅠㅠ,20,20.0,아 사인츠 어캄 ㅠ ㅠㅠ,아 사인츠 어캄 ㅠ ㅠㅠ,0.07062628865242004
2024-03-24 13:27:55,메르엔진이그낭팍꺼진거임??,뭐저렇게꺼지냐,20,20.0,메르엔진이그낭팍꺼진거임?? 뭐저렇게꺼지냐,메르엔진이그낭팍꺼진거임?? 뭐저렇게꺼지냐,0.41425320506095886
2024-03-24 13:27:57,??? : 여기가 축제인가요??,네 축제입니다,20,20.0,??? : 여기가 축제인가요?? 네 축제입니다,??? : 여기가 축제인가요?? 네 축제입니다,0.3069979250431061
2024-03-24 13:27:57,이잉이이잉 웱,"ㅇㅋㅋㅋㅋㅋㅋㅋㅋ
- dc official App",20,20.0,"이잉이이잉 웱 ㅇㅋㅋㅋㅋㅋㅋㅋㅋ
- dc official App",이잉이이잉 웱 ㅇㅋㅋㅋㅋㅋㅋㅋㅋ - dc official App,0.6495607495307922
2024-03-24 13:27:57,여기 어디임?,내가 아는 지구는 아닌거 같은데,20,20.0,여기 어디임? 내가 아는 지구는 아닌거 같은데,여기 어디임? 내가 아는 지구는 아닌거 같은데,0.24272611737251282
2024-03-24 13:27:57,VSC 타이밍 예술이네,피트 가자마자 뭔 ㅋㅋㅋㅋㅋㅋ,20,20.0,VSC 타이밍 예술이네 피트 가자마자 뭔 ㅋㅋㅋㅋㅋㅋ,VSC 타이밍 예술이네 피트 가자마자 뭔 ㅋㅋㅋㅋㅋㅋ,0.28046590089797974
2024-03-24 13:27:59,역시 경 환경 생각해서 전기차 타노,,20,20.0,역시 경 환경 생각해서 전기차 타노 ,역시 경 환경 생각해서 전기차 타노,0.22530139982700348
2024-03-24 13:28:00,틀론소 개꿀 ㅋㅋㅋㅋㅋㅋㅋ,,20,20.0,틀론소 개꿀 ㅋㅋㅋㅋㅋㅋㅋ ,틀론소 개꿀 ㅋㅋㅋㅋㅋㅋㅋ,0.8400537371635437
2024-03-24 13:28:02,페 라 리 원 투,"섹스 ㅅㅅㅅㅅㅅㅅㅅㅅㅅㅅ
- dc official App",20,20.0,"페 라 리 원 투 섹스 ㅅㅅㅅㅅㅅㅅㅅㅅㅅㅅ
- dc official App",페 라 리 원 투 섹스 ㅅㅅㅅㅅㅅㅅㅅㅅㅅㅅ - dc official App,0.8404676914215088
2024-03-24 13:28:05,"월챔의 품격, ""희생""",느슨해진 F1판에 기강을 잡는,20,20.0,"월챔의 품격, ""희생"" 느슨해진 F1판에 기강을 잡는","월챔의 품격, ""희생"" 느슨해진 F1판에 기강을 잡는",0.16360951960086823
2024-03-24 13:28:06,연륜 ㅈ되네,- dc official App,20,20.0,연륜 ㅈ되네 - dc official App,연륜 ㅈ되네 - dc official App,0.284015417098999
2024-03-24 13:28:07,알론소 ㅋㅋㅋ,,20,20.0,알론소 ㅋㅋㅋ ,알론소 ㅋㅋㅋ,0.34579920768737793
2024-03-24 13:28:08,알국왕 오늘 사고 칠 수 있냐,ㄷㄱㅈ,20,20.0,알국왕 오늘 사고 칠 수 있냐 ㄷㄱㅈ,알국왕 오늘 사고 칠 수 있냐 ㄷㄱㅈ,0.9023478031158447
2024-03-24 13:28:09,틀론소 싱글벙글ㅋㅋㅋㅋ,- dc official App,20,20.0,틀론소 싱글벙글ㅋㅋㅋㅋ - dc official App,틀론소 싱글벙글ㅋㅋㅋㅋ - dc official App,0.6728821992874146
2024-03-24 13:28:11,오콘 브레이크덕트에 티어오프껴서 핏스탑......,운도안풀리네,20,20.0,오콘 브레이크덕트에 티어오프껴서 핏스탑...... 운도안풀리네,오콘 브레이크덕트에 티어오프껴서 핏스탑...... 운도안풀리네,0.22950699925422668
2024-03-24 13:28:13,알론소 미친 이득ㅋㅋㅋㅋㅋ,ㅋㅋㅋㅋㅋ,20,20.0,알론소 미친 이득ㅋㅋㅋㅋㅋ ㅋㅋㅋㅋㅋ,알론소 미친 이득ㅋㅋㅋㅋㅋ ㅋㅋㅋㅋㅋ,0.2975213825702667
2024-03-24 13:28:13,페맥대전 개재밌겠다ㅋㅋㅋㅋㅋ,ㅋㅋㅋㅋ,20,20.0,페맥대전 개재밌겠다ㅋㅋㅋㅋㅋ ㅋㅋㅋㅋ,페맥대전 개재밌겠다ㅋㅋㅋㅋㅋ ㅋㅋㅋㅋ,0.16394326090812683
2024-03-24 13:28:11,팀운빼곤 다가진 국왕님ㅋㅋㅋㅋㅋ,,20,20.0,팀운빼곤 다가진 국왕님ㅋㅋㅋㅋㅋ ,팀운빼곤 다가진 국왕님ㅋㅋㅋㅋㅋ,0.6090826392173767
2024-03-24 13:28:13,이게 레이스지 ㅋㅋ,"베르스타펜 멸망
해밀턴 멸망 음~~~~~~",20,20.0,"이게 레이스지 ㅋㅋ 베르스타펜 멸망
해밀턴 멸망 음~~~~~~",이게 레이스지 ㅋㅋ 베르스타펜 멸망 해밀턴 멸망 음~~~~~~,0.6955695748329163
2024-03-24 13:28:14,역시 전략은 알론소 ㅋㅋ,,20,20.0,역시 전략은 알론소 ㅋㅋ ,역시 전략은 알론소 ㅋㅋ,0.08254410326480865
2024-03-24 13:28:12,호주가 ㄹㅇ goat 서킷이다,"시간도 1시에
레이스도 재밌고
변수도 많음
이거 완전 개꿀 아니냐??
- dc official App",20,20.0,"호주가 ㄹㅇ goat 서킷이다 시간도 1시에
레이스도 재밌고
변수도 많음
이거 완전 개꿀 아니냐??
- dc official App",호주가 ㄹㅇ goat 서킷이다 시간도 1시에 레이스도 재밌고 변수도 많음 이거 완전 개꿀 아니냐?? - dc official App,0.15118244290351868
2024-03-24 13:28:15,알론소 ㅋㅋㅋㅋㅋ,- dc official App,20,20.0,알론소 ㅋㅋㅋㅋㅋ - dc official App,알론소 ㅋㅋㅋㅋㅋ - dc official App,0.21504734456539154
2024-03-24 13:28:15,국왕님 객굴 ㅋㅋㅋㅋㅋ,,20,20.0,국왕님 객굴 ㅋㅋㅋㅋㅋ ,국왕님 객굴 ㅋㅋㅋㅋㅋ,0.8351108431816101
2024-03-24 13:28:16,알국왕 10위에서 5위 떡상 ㅋㅋㅋㅋㅋㅋㅋㅋㅋ,,20,20.0,알국왕 10위에서 5위 떡상 ㅋㅋㅋㅋㅋㅋㅋㅋㅋ ,알국왕 10위에서 5위 떡상 ㅋㅋㅋㅋㅋㅋㅋㅋㅋ,0.32489606738090515
2024-03-24 13:28:18,알론소가 개이득본거지 사인츠 손해가아닌데;,"어짜피 애마는 페러리못따라온다 ㅇㅇ
- dc official App",20,20.0,"알론소가 개이득본거지 사인츠 손해가아닌데; 어짜피 애마는 페러리못따라온다 ㅇㅇ
- dc official App",알론소가 개이득본거지 사인츠 손해가아닌데; 어짜피 애마는 페러리못따라온다 ㅇㅇ - dc official App,0.6316497325897217
2024-03-24 13:28:19,페라리 원투 ㅋㅋㅋㅋㅋㅋㅋㅋㅋㅋㅋㅋㅋㅋㅋㅋㅋ,아닠ㅋㅋㅋㅋㅋㅋㅋㅋㅋㅋㅋㅋㅋㅋㅋㅋㅋㅋㅋㅋㅋㅋㅋㅋㅋ,20,20.0,페라리 원투 ㅋㅋㅋㅋㅋㅋㅋㅋㅋㅋㅋㅋㅋㅋㅋㅋㅋ 아닠ㅋㅋㅋㅋㅋㅋㅋㅋㅋㅋㅋㅋㅋㅋㅋㅋㅋㅋㅋㅋㅋㅋㅋㅋㅋ,페라리 원투 ㅋㅋㅋㅋㅋㅋㅋㅋㅋㅋㅋㅋㅋㅋㅋㅋㅋ 아닠ㅋㅋㅋㅋㅋㅋㅋㅋㅋㅋㅋㅋㅋㅋㅋㅋㅋㅋㅋㅋㅋㅋㅋㅋㅋ,0.5553351044654846
2024-03-24 13:28:21,알론소가 개미쳤네 ㅋㅋㅋㅋ,ㅋㅋㅋ,20,20.0,알론소가 개미쳤네 ㅋㅋㅋㅋ ㅋㅋㅋ,알론소가 개미쳤네 ㅋㅋㅋㅋ ㅋㅋㅋ,0.9217258095741272
2024-03-24 13:28:24,알론소 대박 ㅋㅋㅋㅋ,,20,20.0,알론소 대박 ㅋㅋㅋㅋ ,알론소 대박 ㅋㅋㅋㅋ,0.06527745723724365
2024-03-24 13:28:25,오 페라리 원투,,20,20.0,오 페라리 원투 ,오 페라리 원투,0.06644794344902039
2024-03-24 13:28:26,버짓캡 이 시발련 개좆같은 메르견은 개추 ㅋㅋㅋㅋㅋ,,20,20.0,버짓캡 이 시발련 개좆같은 메르견은 개추 ㅋㅋㅋㅋㅋ ,버짓캡 이 시발련 개좆같은 메르견은 개추 ㅋㅋㅋㅋㅋ,0.9524431824684143
2024-03-24 13:28:27,국왕님 싱글벙글ㅋㅋㅋㅋㅋ,,20,20.0,국왕님 싱글벙글ㅋㅋㅋㅋㅋ ,국왕님 싱글벙글ㅋㅋㅋㅋㅋ,0.12506714463233948
2024-03-24 13:28:29,코가 막힙니다 ㅋㅋㅋㅋㅋ,ㅋㅋㅋㅋ1231,20,20.0,코가 막힙니다 ㅋㅋㅋㅋㅋ ㅋㅋㅋㅋ1231,코가 막힙니다 ㅋㅋㅋㅋㅋ ㅋㅋㅋㅋ1231,0.3026455044746399
2024-03-24 13:28:29,국왕님 타이밍 기가 막히네,ㅋㅋㅋㅋㅋㅋㅋ,20,20.0,국왕님 타이밍 기가 막히네 ㅋㅋㅋㅋㅋㅋㅋ,국왕님 타이밍 기가 막히네 ㅋㅋㅋㅋㅋㅋㅋ,0.09020848572254181
2024-03-24 13:28:29,알론소 타이밍 지리네 ㅋㅋㅋㅋㅋㅋㅋㅋㅋ,기가 막히노,20,20.0,알론소 타이밍 지리네 ㅋㅋㅋㅋㅋㅋㅋㅋㅋ 기가 막히노,알론소 타이밍 지리네 ㅋㅋㅋㅋㅋㅋㅋㅋㅋ 기가 막히노,0.2971539795398712
2024-03-24 13:28:29,전략은 알튜브,"그저 대 론 소
- dc official App",20,20.0,"전략은 알튜브 그저 대 론 소
- dc official App",전략은 알튜브 그저 대 론 소 - dc official App,0.15960809588432312
2024-03-24 13:28:30,사인지 맹장이 몽물같이 데려갔노,"씨발놈아
- dc official App",20,20.0,"사인지 맹장이 몽물같이 데려갔노 씨발놈아
- dc official App",사인지 맹장이 몽물같이 데려갔노 씨발놈아 - dc official App,0.8890219330787659
2024-03-24 13:28:30,운론소 입갤ㅋㅋㅋㅋ,캬ㄱㄱㄱ,20,20.0,운론소 입갤ㅋㅋㅋㅋ 캬ㄱㄱㄱ,운론소 입갤ㅋㅋㅋㅋ 캬ㄱㄱㄱ,0.4318682849407196
2024-03-24 13:28:32,간만에 운론소 ㅋㅋㅋㅋㅋㅋㅋ,"이거지
- dc official App",20,20.0,"간만에 운론소 ㅋㅋㅋㅋㅋㅋㅋ 이거지
- dc official App",간만에 운론소 ㅋㅋㅋㅋㅋㅋㅋ 이거지 - dc official App,0.10269137471914291
2024-03-24 13:28:32,물탕이 국왕님 도와주노 ㅋㅋㅋ,,20,20.0,물탕이 국왕님 도와주노 ㅋㅋㅋ ,물탕이 국왕님 도와주노 ㅋㅋㅋ,0.8728804588317871
2024-03-24 13:28:33,캬 알국왕은 타이밍도 예술이네,미쳤네,20,20.0,캬 알국왕은 타이밍도 예술이네 미쳤네,캬 알국왕은 타이밍도 예술이네 미쳤네,0.24693864583969116
2024-03-24 13:28:33,알국왕 억빠ㅋㅋㅋㅋㅋ,,20,20.0,알국왕 억빠ㅋㅋㅋㅋㅋ ,알국왕 억빠ㅋㅋㅋㅋㅋ,0.9090730547904968
2024-03-24 13:28:35,이번엔 엔진 게이트 ㅋㅋㅋ,ㅋㅋㅋㅋㅋ,20,20.0,이번엔 엔진 게이트 ㅋㅋㅋ ㅋㅋㅋㅋㅋ,이번엔 엔진 게이트 ㅋㅋㅋ ㅋㅋㅋㅋㅋ,0.5382398366928101
2024-03-24 13:28:35,페페맥맥ㅋㅋㅋㅋㅋㅋㅋㅋㅋ,ㄹㅇ 꿈인가,20,20.0,페페맥맥ㅋㅋㅋㅋㅋㅋㅋㅋㅋ ㄹㅇ 꿈인가,페페맥맥ㅋㅋㅋㅋㅋㅋㅋㅋㅋ ㄹㅇ 꿈인가,0.5226515531539917
2024-03-24 13:28:35,운론소 입갤 ㅋㅋㅋㅋ,ㅋㅋㅋㅋㅋㅋㅋㅋ,20,20.0,운론소 입갤 ㅋㅋㅋㅋ ㅋㅋㅋㅋㅋㅋㅋㅋ,운론소 입갤 ㅋㅋㅋㅋ ㅋㅋㅋㅋㅋㅋㅋㅋ,0.4688907861709595
2024-03-24 13:28:37,알핀 씨발,아이고,20,20.0,알핀 씨발 아이고,알핀 씨발 아이고,0.917441189289093
2024-03-24 13:28:37,기습 알핀 ㅋㅋ,,20,20.0,기습 알핀 ㅋㅋ ,기습 알핀 ㅋㅋ,0.4156598448753357
2024-03-24 13:28:38,5.6은 시발아ㅋㅋㅋㅋ,ㅋㅋㅋㅋ,20,20.0,5.6은 시발아ㅋㅋㅋㅋ ㅋㅋㅋㅋ,5.6은 시발아ㅋㅋㅋㅋ ㅋㅋㅋㅋ,0.865013062953949
2024-03-24 13:28:38,개슬리 모하노?,ㅋㅋㅋㅋ,20,20.0,개슬리 모하노? ㅋㅋㅋㅋ,개슬리 모하노? ㅋㅋㅋㅋ,0.9302785396575928
2024-03-24 13:28:40,페라리 원투 ㅋㅋㅋㅋㅋ,,20,20.0,페라리 원투 ㅋㅋㅋㅋㅋ ,페라리 원투 ㅋㅋㅋㅋㅋ,0.2317758947610855
2024-03-24 13:28:41,아이 씨발,"개새끼들아
- dc official App",20,20.0,"아이 씨발 개새끼들아
- dc official App",아이 씨발 개새끼들아 - dc official App,0.8154051303863525
2024-03-24 13:28:42,오콘은 왜 저리 떨어짐??,,20,20.0,오콘은 왜 저리 떨어짐?? ,오콘은 왜 저리 떨어짐??,0.1316339522600174
2024-03-24 13:28:46,오늘 대국왕 사고나서 리타한다,내가 봄,20,20.0,오늘 대국왕 사고나서 리타한다 내가 봄,오늘 대국왕 사고나서 리타한다 내가 봄,0.11320239305496216
2024-03-24 13:28:49,대라리 원투ㅋㅋㅋㅋ,,20,20.0,대라리 원투ㅋㅋㅋㅋ ,대라리 원투ㅋㅋㅋㅋ,0.3448459208011627
2024-03-24 13:28:49,티포시들 좋겠다,- dc official App,20,20.0,티포시들 좋겠다 - dc official App,티포시들 좋겠다 - dc official App,0.12528666853904724
2024-03-24 13:28:50,페라리 원투 가능하냐?,원투 가나?,20,20.0,페라리 원투 가능하냐? 원투 가나?,페라리 원투 가능하냐? 원투 가나?,0.2401958405971527
2024-03-24 13:28:52,저절로 웃음이 나오는 짤,‘역대 최고의 드챔 대전’ (호주에서 같이 멸망하며),20,20.0,저절로 웃음이 나오는 짤 ‘역대 최고의 드챔 대전’ (호주에서 같이 멸망하며),저절로 웃음이 나오는 짤 ‘역대 최고의 드챔 대전’ (호주에서 같이 멸망하며),0.1713593453168869
2024-03-24 13:28:53,인간 통계 알론소 ㅋㅋ,,20,20.0,인간 통계 알론소 ㅋㅋ ,인간 통계 알론소 ㅋㅋ,0.7346576452255249
2024-03-24 13:28:55,믿습니다 알론소 포디움,"가즈아
- dc official App",20,20.0,"믿습니다 알론소 포디움 가즈아
- dc official App",믿습니다 알론소 포디움 가즈아 - dc official App,0.08135534822940826
2024-03-24 13:28:55,사-르 갭 왜저럼?,왜 4초 순삳임?,20,20.0,사-르 갭 왜저럼? 왜 4초 순삳임?,사-르 갭 왜저럼? 왜 4초 순삳임?,0.7269755601882935
2024-03-24 13:28:55,햄막대전 실화냐 ㅋㅋㅋ,ㅋㅋㅋㅋㅋㅋㅋ뒤에서,20,20.0,햄막대전 실화냐 ㅋㅋㅋ ㅋㅋㅋㅋㅋㅋㅋ뒤에서,햄막대전 실화냐 ㅋㅋㅋ ㅋㅋㅋㅋㅋㅋㅋ뒤에서,0.7283755540847778
2024-03-24 13:28:59,"대라리 1,2 캬",,20,20.0,"대라리 1,2 캬 ","대라리 1,2 캬",0.8997644186019897
2024-03-24 13:29:02,햄막리타<<개꿀잼,,20,20.0,햄막리타<<개꿀잼 ,햄막리타<<개꿀잼,0.07463695853948593
2024-03-24 13:29:02,오늘 병신 포디움 갈 수 있냐?,,20,20.0,오늘 병신 포디움 갈 수 있냐? ,오늘 병신 포디움 갈 수 있냐?,0.09909394383430481
2024-03-24 13:29:08,나머지 17명 합쳐서 드챔 몇개임?,"3챔 7챔 리타자나
- dc official App",20,20.0,"나머지 17명 합쳐서 드챔 몇개임? 3챔 7챔 리타자나
- dc official App",나머지 17명 합쳐서 드챔 몇개임? 3챔 7챔 리타자나 - dc official App,0.22361519932746887
2024-03-24 13:29:09,지금 켰는데 몽골 해물탕 왜 뒤짐?,"체코는 왜 뒤에 쳐박혀있고ㅋㅋ
- dc official App",21,21.0,"지금 켰는데 몽골 해물탕 왜 뒤짐? 체코는 왜 뒤에 쳐박혀있고ㅋㅋ
- dc official App",지금 켰는데 몽골 해물탕 왜 뒤짐? 체코는 왜 뒤에 쳐박혀있고ㅋㅋ - dc official App,0.6205617189407349
2024-03-24 13:29:15,어어 이거 완전 크래쉬게이트?,"어어
- dc official App",21,21.0,"어어 이거 완전 크래쉬게이트? 어어
- dc official App",어어 이거 완전 크래쉬게이트? 어어 - dc official App,0.2126794308423996
2024-03-24 13:29:17,보타스 인터벌 17초 ㅡㅋㅋㅋㅋㅋㅋ,그밑에 오콘ㅋㅋㅋㅋㅋ,21,21.0,보타스 인터벌 17초 ㅡㅋㅋㅋㅋㅋㅋ 그밑에 오콘ㅋㅋㅋㅋㅋ,보타스 인터벌 17초 ㅡㅋㅋㅋㅋㅋㅋ 그밑에 오콘ㅋㅋㅋㅋㅋ,0.35903307795524597
2024-03-24 13:29:19,월챔 한명 더있지않노 ㅋㅋ,ㅋㅋㅋ,21,21.0,월챔 한명 더있지않노 ㅋㅋ ㅋㅋㅋ,월챔 한명 더있지않노 ㅋㅋ ㅋㅋㅋ,0.5966275930404663
2024-03-24 13:29:20,체코는 왜 못올라오냐 어이구,깝깝하다,21,21.0,체코는 왜 못올라오냐 어이구 깝깝하다,체코는 왜 못올라오냐 어이구 깝깝하다,0.5900511741638184
2024-03-24 13:29:22,"""처신 잘하라고 새끼야""","자꾸 그러면 엔진 끈다?
- dc official App",21,21.0,"""처신 잘하라고 새끼야"" 자꾸 그러면 엔진 끈다?
- dc official App","""처신 잘하라고 새끼야"" 자꾸 그러면 엔진 끈다? - dc official App",0.8717194199562073
2024-03-24 13:29:23,페라리 또 프리뚜파이뜨 하면 어캄,ㅋㅋ,21,21.0,페라리 또 프리뚜파이뜨 하면 어캄 ㅋㅋ,페라리 또 프리뚜파이뜨 하면 어캄 ㅋㅋ,0.3201572597026825
2024-03-24 13:29:22,사인즈 진짜 레드불 가는거 아니냐,페레좆 포디옴 못들면 ㄹㅇ,21,21.0,사인즈 진짜 레드불 가는거 아니냐 페레좆 포디옴 못들면 ㄹㅇ,사인즈 진짜 레드불 가는거 아니냐 페레좆 포디옴 못들면 ㄹㅇ,0.48993170261383057
2024-03-24 13:29:23,딸깍,,21,21.0,딸깍 ,딸깍,0.7927235960960388
2024-03-24 13:29:24,병신 딸깍쇼 시작ㅋㅋㅋㅋㅋ,ㅋㅋㅋㅋ,21,21.0,병신 딸깍쇼 시작ㅋㅋㅋㅋㅋ ㅋㅋㅋㅋ,병신 딸깍쇼 시작ㅋㅋㅋㅋㅋ ㅋㅋㅋㅋ,0.7765341401100159
2024-03-24 13:29:25,보내주노 ㅋㅋㅋㅋㅋㅋ,,21,21.0,보내주노 ㅋㅋㅋㅋㅋㅋ ,보내주노 ㅋㅋㅋㅋㅋㅋ,0.47303494811058044
2024-03-24 13:29:33,완주율 60퍼라는데,6명 남았다는 거지? ㅋㅋ,21,21.0,완주율 60퍼라는데 6명 남았다는 거지? ㅋㅋ,완주율 60퍼라는데 6명 남았다는 거지? ㅋㅋ,0.1520853191614151
2024-03-24 13:29:46,알론소의 피트 타이밍이 싱가포르 때가 기억날정도로 기가막히네,물탕이형이 오랜 동료애 보여주셨네 ㅋㅋ,21,21.0,알론소의 피트 타이밍이 싱가포르 때가 기억날정도로 기가막히네 물탕이형이 오랜 동료애 보여주셨네 ㅋㅋ,알론소의 피트 타이밍이 싱가포르 때가 기억날정도로 기가막히네 물탕이형이 오랜 동료애 보여주셨네 ㅋㅋ,0.09210039675235748
2024-03-24 13:29:47,현재 트랙 위에 유일한 유관,킹론소ㄷㄷ,21,21.0,현재 트랙 위에 유일한 유관 킹론소ㄷㄷ,현재 트랙 위에 유일한 유관 킹론소ㄷㄷ,0.13035690784454346
2024-03-24 13:29:47,물탕몽골 다 뒤진거 얼마만이냐,21몬자이후 처음 아님?,21,21.0,물탕몽골 다 뒤진거 얼마만이냐 21몬자이후 처음 아님?,물탕몽골 다 뒤진거 얼마만이냐 21몬자이후 처음 아님?,0.7003111839294434
2024-03-24 13:29:49,차빨챔 두마리 사라지니 페라리 vs 맥라렌이 나오네 ㄷㄷㄷㄷㄷㄷㄷㄷㄷㄷ,ㄷㄷㄷㄷ,21,21.0,차빨챔 두마리 사라지니 페라리 vs 맥라렌이 나오네 ㄷㄷㄷㄷㄷㄷㄷㄷㄷㄷ ㄷㄷㄷㄷ,차빨챔 두마리 사라지니 페라리 vs 맥라렌이 나오네 ㄷㄷㄷㄷㄷㄷㄷㄷㄷㄷ ㄷㄷㄷㄷ,0.8314064145088196
2024-03-24 13:29:59,씨발 오늘 진짜 좆같네,걍 끄고 자러감 ㅅㄱ,21,21.0,씨발 오늘 진짜 좆같네 걍 끄고 자러감 ㅅㄱ,씨발 오늘 진짜 좆같네 걍 끄고 자러감 ㅅㄱ,0.937787652015686
2024-03-24 13:30:00,똥차놈들ㅋㅋㅋㅋㅋ걍 나가라,,21,21.0,똥차놈들ㅋㅋㅋㅋㅋ걍 나가라 ,똥차놈들ㅋㅋㅋㅋㅋ걍 나가라,0.9436421394348145
2024-03-24 13:30:00,그저 좆핀 ㅋㅋㅋ,,21,21.0,그저 좆핀 ㅋㅋㅋ ,그저 좆핀 ㅋㅋㅋ,0.9410713911056519
2024-03-24 13:30:01,이건 ㄹㅇ 알핀 전략이 이상한데,"즈그들 차 느린건 그렇다 쳐도 미디엄 타이어 디그레이션 심한거 고려해서 배틀 시키는게 맞움? 가슬리가 느린건 맞는데 67이랑 8번코너 어택하는거 보면 프랙에서 보여준 성향이랑 비교하면 가슬리는 최상은 아니라도 차랑 타이어에 비해 좋은 기록임. 특히 진짜 직선에서 너무 차이남. Drs까지 키는데
근데 뭐 버추얼 세이프티카 나와서 내가 틀렸구나 했는데
씨발 핏인 5.1초 ㅋㅋㅋㅋㅋㅋ ㄹㅇ 가슬리 싫어하는듯
특히 버추얼 세이프티카 뜨자마자 오콘 먼저 핏인 시킨건 진짜 아니라고 생각함. 점마는 이미 바꿨는데",21,21.0,"이건 ㄹㅇ 알핀 전략이 이상한데 즈그들 차 느린건 그렇다 쳐도 미디엄 타이어 디그레이션 심한거 고려해서 배틀 시키는게 맞움? 가슬리가 느린건 맞는데 67이랑 8번코너 어택하는거 보면 프랙에서 보여준 성향이랑 비교하면 가슬리는 최상은 아니라도 차랑 타이어에 비해 좋은 기록임. 특히 진짜 직선에서 너무 차이남. Drs까지 키는데
근데 뭐 버추얼 세이프티카 나와서 내가 틀렸구나 했는데
씨발 핏인 5.1초 ㅋㅋㅋㅋㅋㅋ ㄹㅇ 가슬리 싫어하는듯
특히 버추얼 세이프티카 뜨자마자 오콘 먼저 핏인 시킨건 진짜 아니라고 생각함. 점마는 이미 바꿨는데",이건 ㄹㅇ 알핀 전략이 이상한데 즈그들 차 느린건 그렇다 쳐도 미디엄 타이어 디그레이션 심한거 고려해서 배틀 시키는게 맞움? 가슬리가 느린건 맞는데 67이랑 8번코너 어택하는거 보면 프랙에서 보여준 성향이랑 비교하면 가슬리는 최상은 아니라도 차랑 타이어에 비해 좋은 기록임. 특히 진짜 직선에서 너무 차이남. Drs까지 키는데 근데 뭐 버추얼 세이프티카 나와서 내가 틀렸구나 했는데 씨발 핏인 5.1초 ㅋㅋㅋㅋㅋㅋ ㄹㅇ 가슬리 싫어하는듯 특히 버추얼 세이프티카 뜨자마자 오콘 먼저 핏인 시킨건 진짜 아니라고 생각함. 점마는 이미 바꿨는데,0.3217175602912903
2024-03-24 13:30:03,개ㅈ핀 ㅋㅋㅋㅋㅋㅋㅋㅋㅋㅋㅋㅋㅋㅋㅋㅋ,,21,21.0,개ㅈ핀 ㅋㅋㅋㅋㅋㅋㅋㅋㅋㅋㅋㅋㅋㅋㅋㅋ ,개ㅈ핀 ㅋㅋㅋㅋㅋㅋㅋㅋㅋㅋㅋㅋㅋㅋㅋㅋ,0.9420222043991089
2024-03-24 13:30:04,좆 핀,ㅋㅋ,21,21.0,좆 핀 ㅋㅋ,좆 핀 ㅋㅋ,0.8855987787246704
2024-03-24 13:30:08,죄다 뒤지네 씨발 ㅋㅋㅋㅋㅋㅋ,,21,21.0,죄다 뒤지네 씨발 ㅋㅋㅋㅋㅋㅋ ,죄다 뒤지네 씨발 ㅋㅋㅋㅋㅋㅋ,0.9121807813644409
2024-03-24 13:30:11,개좆핀 ㅋㅋㅋ,"ㅋㅋㅋㅋㅋ
- dc official App",21,21.0,"개좆핀 ㅋㅋㅋ ㅋㅋㅋㅋㅋ
- dc official App",개좆핀 ㅋㅋㅋ ㅋㅋㅋㅋㅋ - dc official App,0.8820849061012268
2024-03-24 13:30:20,오콘은 티어오프 낀거라던데,,21,21.0,오콘은 티어오프 낀거라던데 ,오콘은 티어오프 낀거라던데,0.11543034017086029
2024-03-24 13:30:21,페멕 근본대전 개멋있다,,21,21.0,페멕 근본대전 개멋있다 ,페멕 근본대전 개멋있다,0.06488782912492752
2024-03-24 13:30:23,근데 페레즈는 패널티 받았다곤해도,"벌써 20랩 다되가는데
무슨 레드불로 저기서 해메고 있냐;;",21,21.0,"근데 페레즈는 패널티 받았다곤해도 벌써 20랩 다되가는데
무슨 레드불로 저기서 해메고 있냐;;",근데 페레즈는 패널티 받았다곤해도 벌써 20랩 다되가는데 무슨 레드불로 저기서 해메고 있냐;;,0.15017151832580566
2024-03-24 13:30:28,호주가 중동보다 불이 더 ㅋㅋㅋ,ㅇㅇㅋ,21,21.0,호주가 중동보다 불이 더 ㅋㅋㅋ ㅇㅇㅋ,호주가 중동보다 불이 더 ㅋㅋㅋ ㅇㅇㅋ,0.650366485118866
2024-03-24 13:30:28,페 vs 맥 얼마만이냐 ㅠ,하키넨 형님 그립,21,21.0,페 vs 맥 얼마만이냐 ㅠ 하키넨 형님 그립,페 vs 맥 얼마만이냐 ㅠ 하키넨 형님 그립,0.09278032928705215
2024-03-24 13:30:29,팀메대전ㅋㅋㅋㅋ,ㅋㅋㅋㅋ,21,21.0,팀메대전ㅋㅋㅋㅋ ㅋㅋㅋㅋ,팀메대전ㅋㅋㅋㅋ ㅋㅋㅋㅋ,0.41206094622612
2024-03-24 13:30:29,진짜 저게 워크스임???,애밐ㅋㅋㅋㅋㅋㅋㅋㅋㅋㅋㅋ,21,21.0,진짜 저게 워크스임??? 애밐ㅋㅋㅋㅋㅋㅋㅋㅋㅋㅋㅋ,진짜 저게 워크스임??? 애밐ㅋㅋㅋㅋㅋㅋㅋㅋㅋㅋㅋ,0.9247320890426636
2024-03-24 13:30:32,오늘 리어 오른쪽에 뭐가 끼나보네,"흠
- dc official App",22,22.0,"오늘 리어 오른쪽에 뭐가 끼나보네 흠
- dc official App",오늘 리어 오른쪽에 뭐가 끼나보네 흠 - dc official App,0.11322404444217682
2024-03-24 13:30:32,르끌 행동 입갤 ㅋㅋㅋㅋㅋㅋㅋㅋㅋㅋ,,22,22.0,르끌 행동 입갤 ㅋㅋㅋㅋㅋㅋㅋㅋㅋㅋ ,르끌 행동 입갤 ㅋㅋㅋㅋㅋㅋㅋㅋㅋㅋ,0.7699881196022034
2024-03-24 13:30:34,훼라리 팀메 대결 입갤ㅋㅋㅋㅋ,ㅋㅋㅋㅋㅋㅋ,22,22.0,훼라리 팀메 대결 입갤ㅋㅋㅋㅋ ㅋㅋㅋㅋㅋㅋ,훼라리 팀메 대결 입갤ㅋㅋㅋㅋ ㅋㅋㅋㅋㅋㅋ,0.24261049926280975
2024-03-24 13:30:36,퍼스트 대결 입갤 ㅋㅋㅋ,,22,22.0,퍼스트 대결 입갤 ㅋㅋㅋ ,퍼스트 대결 입갤 ㅋㅋㅋ,0.19549411535263062
2024-03-24 13:30:36,와 페라리 서로 끌어주는 효과 볼 듯,,22,22.0,와 페라리 서로 끌어주는 효과 볼 듯 ,와 페라리 서로 끌어주는 효과 볼 듯,0.08238458633422852
2024-03-24 13:30:37,알본 포인트 갈 수 있냐?,,22,22.0,알본 포인트 갈 수 있냐? ,알본 포인트 갈 수 있냐?,0.3064526617527008
2024-03-24 13:30:44,페라리 원투 씹ㅋㅋㅋㅋㅋㅋㅋㅋㅋㅋㅋㅋㅋㅋ,무야호ㅋㅋㅋㅋㅋㅋㅋㅋㅋㅋ,22,22.0,페라리 원투 씹ㅋㅋㅋㅋㅋㅋㅋㅋㅋㅋㅋㅋㅋㅋ 무야호ㅋㅋㅋㅋㅋㅋㅋㅋㅋㅋ,페라리 원투 씹ㅋㅋㅋㅋㅋㅋㅋㅋㅋㅋㅋㅋㅋㅋ 무야호ㅋㅋㅋㅋㅋㅋㅋㅋㅋㅋ,0.5534812211990356
2024-03-24 13:30:52,슬슬... 서로 죽여라 ㅋㅋ,,22,22.0,슬슬... 서로 죽여라 ㅋㅋ ,슬슬... 서로 죽여라 ㅋㅋ,0.8231715559959412
2024-03-24 13:30:54,몽골 해물탕 같이 리타한게 벌써 3년전 아님?,존나오랜만이네,22,22.0,몽골 해물탕 같이 리타한게 벌써 3년전 아님? 존나오랜만이네,몽골 해물탕 같이 리타한게 벌써 3년전 아님? 존나오랜만이네,0.24214035272598267
2024-03-24 13:30:54,몬차의 악몽이 기억난다,"제발 싸우지마
- dc official App",22,22.0,"몬차의 악몽이 기억난다 제발 싸우지마
- dc official App",몬차의 악몽이 기억난다 제발 싸우지마 - dc official App,0.09047308564186096
2024-03-24 13:30:57,만약 되면 쿠팡 중계 시작하고 첫 페라리 원투임?,ㅇㅇ,22,22.0,만약 되면 쿠팡 중계 시작하고 첫 페라리 원투임? ㅇㅇ,만약 되면 쿠팡 중계 시작하고 첫 페라리 원투임? ㅇㅇ,0.08570113033056259
2024-03-24 13:31:01,레드불 견들아 희망을 놓지 마라,"응 형이야
형이 이번엔 사고 안내고 갈게",22,22.0,"레드불 견들아 희망을 놓지 마라 응 형이야
형이 이번엔 사고 안내고 갈게",레드불 견들아 희망을 놓지 마라 응 형이야 형이 이번엔 사고 안내고 갈게,0.8730463981628418
2024-03-24 13:31:05,티어오프 맞네,허,22,22.0,티어오프 맞네 허,티어오프 맞네 허,0.299795001745224
2024-03-24 13:31:06,쁘리뚜빠이뜨 입갤,,22,22.0,쁘리뚜빠이뜨 입갤 ,쁘리뚜빠이뜨 입갤,0.40472155809402466
2024-03-24 13:31:06,뭔 평소엔 잘 안일어나는 일도 보이네 ㅋㅋ,바이저덕트 ㅋㅋ,22,22.0,뭔 평소엔 잘 안일어나는 일도 보이네 ㅋㅋ 바이저덕트 ㅋㅋ,뭔 평소엔 잘 안일어나는 일도 보이네 ㅋㅋ 바이저덕트 ㅋㅋ,0.2692328691482544
2024-03-24 13:31:11,그런데 병신팀들 의욕 없어서 피트 조지는거 이해는 가긴함,뭣하러 일 열심히함 어차피 노포이고 시즌 끝나고 연대책임으로 짤릴 운명인데 ㅋㅋㅋ,22,22.0,그런데 병신팀들 의욕 없어서 피트 조지는거 이해는 가긴함 뭣하러 일 열심히함 어차피 노포이고 시즌 끝나고 연대책임으로 짤릴 운명인데 ㅋㅋㅋ,그런데 병신팀들 의욕 없어서 피트 조지는거 이해는 가긴함 뭣하러 일 열심히함 어차피 노포이고 시즌 끝나고 연대책임으로 짤릴 운명인데 ㅋㅋㅋ,0.9520055055618286
2024-03-24 13:31:11,르끌이 꼴박해서 대인츠랑 동반탈락하면 오늘 완성인데,이벤트 더없노,22,22.0,르끌이 꼴박해서 대인츠랑 동반탈락하면 오늘 완성인데 이벤트 더없노,르끌이 꼴박해서 대인츠랑 동반탈락하면 오늘 완성인데 이벤트 더없노,0.3258538842201233
2024-03-24 13:31:11,아아 머리가..,ㅋㅋ,22,22.0,아아 머리가.. ㅋㅋ,아아 머리가.. ㅋㅋ,0.8812198042869568
2024-03-24 13:31:13,르끌 어뢰…… 어케 안되겠죠? ㅋㅋㅋㅋㅋㅋㅋㅋㅋ,ㅋㅋㅋㅋㅋㅋㅋㅋㅋㅋㅋ,22,22.0,르끌 어뢰…… 어케 안되겠죠? ㅋㅋㅋㅋㅋㅋㅋㅋㅋ ㅋㅋㅋㅋㅋㅋㅋㅋㅋㅋㅋ,르끌 어뢰…… 어케 안되겠죠? ㅋㅋㅋㅋㅋㅋㅋㅋㅋ ㅋㅋㅋㅋㅋㅋㅋㅋㅋㅋㅋ,0.817143440246582
2024-03-24 13:31:12,"이게 F1이야, 마리오카트야?","씨발 탬전함? ㅋㅋㅋㅋ
뭔 티어오프로 순위조작하냐? ㅋㅋㅋ",22,22.0,"이게 F1이야, 마리오카트야? 씨발 탬전함? ㅋㅋㅋㅋ
뭔 티어오프로 순위조작하냐? ㅋㅋㅋ","이게 F1이야, 마리오카트야? 씨발 탬전함? ㅋㅋㅋㅋ 뭔 티어오프로 순위조작하냐? ㅋㅋㅋ",0.943663477897644
2024-03-24 13:31:21,ㅈ핀은 억까까지 당하누 ㅋㅋㅋㅋㅋ,ㅈㄴ웃기네 ㅋㅋㅋㅋㅋㅋㅋㅋㅋㅋㅋㅋㅋㅋㅋㅋ,22,22.0,ㅈ핀은 억까까지 당하누 ㅋㅋㅋㅋㅋ ㅈㄴ웃기네 ㅋㅋㅋㅋㅋㅋㅋㅋㅋㅋㅋㅋㅋㅋㅋㅋ,ㅈ핀은 억까까지 당하누 ㅋㅋㅋㅋㅋ ㅈㄴ웃기네 ㅋㅋㅋㅋㅋㅋㅋㅋㅋㅋㅋㅋㅋㅋㅋㅋ,0.9508909583091736
2024-03-24 13:31:22,케로 엪과사전 미쳤노ㅋㅋ,ㅋㅋ,22,22.0,케로 엪과사전 미쳤노ㅋㅋ ㅋㅋ,케로 엪과사전 미쳤노ㅋㅋ ㅋㅋ,0.4792182743549347
2024-03-24 13:31:22,호주 <<< 불판구이 맛집이면 개추 ㅋㅋㅋㅋ,차들 싹 다 불맛 ㅈ되네 ㅋㅋㅋㅋ,22,22.0,호주 <<< 불판구이 맛집이면 개추 ㅋㅋㅋㅋ 차들 싹 다 불맛 ㅈ되네 ㅋㅋㅋㅋ,호주 <<< 불판구이 맛집이면 개추 ㅋㅋㅋㅋ 차들 싹 다 불맛 ㅈ되네 ㅋㅋㅋㅋ,0.6956394910812378
2024-03-24 13:31:22,"99,00,07,08낭만 입갤 ㅋㅋ",,22,22.0,"99,00,07,08낭만 입갤 ㅋㅋ ","99,00,07,08낭만 입갤 ㅋㅋ",0.4704011380672455
2024-03-24 13:31:23,레드불 리어가 낙엽이나 티어오프에 좀 약한듯?,페레즈도 리어 지랄났고 몽골도 지랄났는데,22,22.0,레드불 리어가 낙엽이나 티어오프에 좀 약한듯? 페레즈도 리어 지랄났고 몽골도 지랄났는데,레드불 리어가 낙엽이나 티어오프에 좀 약한듯? 페레즈도 리어 지랄났고 몽골도 지랄났는데,0.7675413489341736
2024-03-24 13:31:28,근데 티어오프 차 안에 넣게 못하나,맨날 끼는데,22,22.0,근데 티어오프 차 안에 넣게 못하나 맨날 끼는데,근데 티어오프 차 안에 넣게 못하나 맨날 끼는데,0.13630445301532745
2024-03-24 13:31:32,관우 기적같은 포인트 피니쉬 가능하냐?,,22,22.0,관우 기적같은 포인트 피니쉬 가능하냐? ,관우 기적같은 포인트 피니쉬 가능하냐?,0.1733015924692154
2024-03-24 13:31:34,오늘 경기 요약,,22,22.0,오늘 경기 요약 ,오늘 경기 요약,0.09893998503684998
2024-03-24 13:31:37,미끌년 또 1등 욕심내서 사인츠 동반 리타 시키는거아니냐,불안한데? ㅋㅋㅋ,22,22.0,미끌년 또 1등 욕심내서 사인츠 동반 리타 시키는거아니냐 불안한데? ㅋㅋㅋ,미끌년 또 1등 욕심내서 사인츠 동반 리타 시키는거아니냐 불안한데? ㅋㅋㅋ,0.9374804496765137
2024-03-24 13:31:45,르끌 탈모새키가,뒤에 맥라렌 막아야지 뭐하노,22,22.0,르끌 탈모새키가 뒤에 맥라렌 막아야지 뭐하노,르끌 탈모새키가 뒤에 맥라렌 막아야지 뭐하노,0.9607105851173401
2024-03-24 13:32:00,사인즈랑 르클이랑 배틀하다 충돌 동반리타,하면 페라리 멸망,23,23.0,사인즈랑 르클이랑 배틀하다 충돌 동반리타 하면 페라리 멸망,사인즈랑 르클이랑 배틀하다 충돌 동반리타 하면 페라리 멸망,0.5017300248146057
2024-03-24 13:32:04,마리오카트마냥 바이저 뿌리면 안됨?,한 20개 붙이고 오는거지,23,23.0,마리오카트마냥 바이저 뿌리면 안됨? 한 20개 붙이고 오는거지,마리오카트마냥 바이저 뿌리면 안됨? 한 20개 붙이고 오는거지,0.3773166239261627
2024-03-24 13:32:07,오늘 시간 왜이렇게 빨리가냐,내가 아는 F1이 아니다 익이,23,23.0,오늘 시간 왜이렇게 빨리가냐 내가 아는 F1이 아니다 익이,오늘 시간 왜이렇게 빨리가냐 내가 아는 F1이 아니다 익이,0.11940493434667587
2024-03-24 13:32:09,사인지 패랩,,23,23.0,사인지 패랩 ,사인지 패랩,0.13440272212028503
2024-03-24 13:32:18,페라리 크루징ㅋㅋㅋㅋㅋㅋㅋㅋ,ㅆㅅㅌㅊㅋㅋㅋㅋㅋㅋㅋㅋㅋ,23,23.0,페라리 크루징ㅋㅋㅋㅋㅋㅋㅋㅋ ㅆㅅㅌㅊㅋㅋㅋㅋㅋㅋㅋㅋㅋ,페라리 크루징ㅋㅋㅋㅋㅋㅋㅋㅋ ㅆㅅㅌㅊㅋㅋㅋㅋㅋㅋㅋㅋㅋ,0.34641993045806885
2024-03-24 13:32:21,"사인지 우승, 피아제 우승, 누리스 우승, 르끌 우승",뭐가 나와도 꿀잼이겠노,23,23.0,"사인지 우승, 피아제 우승, 누리스 우승, 르끌 우승 뭐가 나와도 꿀잼이겠노","사인지 우승, 피아제 우승, 누리스 우승, 르끌 우승 뭐가 나와도 꿀잼이겠노",0.29202067852020264
2024-03-24 13:32:24,또 당신들입니까..,몽물은 신이다,23,23.0,또 당신들입니까.. 몽물은 신이다,또 당신들입니까.. 몽물은 신이다,0.8998451232910156
2024-03-24 13:32:27,사인츠 진짜 개빠른데 ㅋㅋㅋㅋㅋㅋ,"존나빨라
- dc official App",23,23.0,"사인츠 진짜 개빠른데 ㅋㅋㅋㅋㅋㅋ 존나빨라
- dc official App",사인츠 진짜 개빠른데 ㅋㅋㅋㅋㅋㅋ 존나빨라 - dc official App,0.22681358456611633
2024-03-24 13:32:28,싸인지 시즌 1557호 패랩 갱신,,23,23.0,싸인지 시즌 1557호 패랩 갱신 ,싸인지 시즌 1557호 패랩 갱신,0.07330119609832764
2024-03-24 13:32:30,페라리 원투 피아제 슈이하면 완벽하누,,23,23.0,페라리 원투 피아제 슈이하면 완벽하누 ,페라리 원투 피아제 슈이하면 완벽하누,0.3119654059410095
2024-03-24 13:32:31,동반리타 <~~~~ 슬슬 마려움,근데 차이 벌어지네,23,23.0,동반리타 <~~~~ 슬슬 마려움 근데 차이 벌어지네,동반리타 <~~~~ 슬슬 마려움 근데 차이 벌어지네,0.24370050430297852
2024-03-24 13:32:31,우리퍼스트 준내 잘탄다,ㅅㅅㅅㅅㅅㅅㅅㅅ,23,23.0,우리퍼스트 준내 잘탄다 ㅅㅅㅅㅅㅅㅅㅅㅅ,우리퍼스트 준내 잘탄다 ㅅㅅㅅㅅㅅㅅㅅㅅ,0.4355863630771637
2024-03-24 13:32:38,햄막 동반리타?,여기 몬자였네,23,23.0,햄막 동반리타? 여기 몬자였네,햄막 동반리타? 여기 몬자였네,0.22786234319210052
2024-03-24 13:32:45,지금왔는데 베르스타펜 왜 아웃이냐,사고남?ㅋㅋㅋ,23,23.0,지금왔는데 베르스타펜 왜 아웃이냐 사고남?ㅋㅋㅋ,지금왔는데 베르스타펜 왜 아웃이냐 사고남?ㅋㅋㅋ,0.29849570989608765
2024-03-24 13:32:56,"르끌, 바리첼로가 돼라",도미보다는 가자미가 어울린다,23,23.0,"르끌, 바리첼로가 돼라 도미보다는 가자미가 어울린다","르끌, 바리첼로가 돼라 도미보다는 가자미가 어울린다",0.890263557434082
2024-03-24 13:32:59,호준데 우리 피아스트리 포디움 한자리만 주십쇼,더 많이 안바랍니다,23,23.0,호준데 우리 피아스트리 포디움 한자리만 주십쇼 더 많이 안바랍니다,호준데 우리 피아스트리 포디움 한자리만 주십쇼 더 많이 안바랍니다,0.11083924025297165
2024-03-24 13:33:15,딸 깍,ㅋㅋㅋㅋ,23,23.0,딸 깍 ㅋㅋㅋㅋ,딸 깍 ㅋㅋㅋㅋ,0.8720065355300903
2024-03-24 13:33:17,^딸깍^,ㅋㅋ,24,24.0,^딸깍^ ㅋㅋ,^딸깍^ ㅋㅋ,0.8949567079544067
2024-03-24 13:33:18,이런 개씨발 내가 안보니까 귀신같이 리타이어,이런 개씨발,24,24.0,이런 개씨발 내가 안보니까 귀신같이 리타이어 이런 개씨발,이런 개씨발 내가 안보니까 귀신같이 리타이어 이런 개씨발,0.927343487739563
2024-03-24 13:33:19,딸깍 존나빠르네,- dc official App,24,24.0,딸깍 존나빠르네 - dc official App,딸깍 존나빠르네 - dc official App,0.5008344054222107
2024-03-24 13:33:19,쥐도 새도 모르게 알본 10위 츠노다 9위 ㅋㅋㅋ,,24,24.0,쥐도 새도 모르게 알본 10위 츠노다 9위 ㅋㅋㅋ ,쥐도 새도 모르게 알본 10위 츠노다 9위 ㅋㅋㅋ,0.772980809211731
2024-03-24 13:33:20,딸깍ㅋㅋㅋ,,24,24.0,딸깍ㅋㅋㅋ ,딸깍ㅋㅋㅋ,0.8831956386566162
2024-03-24 13:33:31,딸깍이도 리타 좀,ㅇ,24,24.0,딸깍이도 리타 좀 ㅇ,딸깍이도 리타 좀 ㅇ,0.8655989766120911
2024-03-24 13:33:33,바이저 티어오프 제거 금지 룰 나오겠네 이러다가,"작년 말에도 이런 문제도 보타스 이슈 있지 않았나
생각보다 자주 보이는 문제 같은데",24,24.0,"바이저 티어오프 제거 금지 룰 나오겠네 이러다가 작년 말에도 이런 문제도 보타스 이슈 있지 않았나
생각보다 자주 보이는 문제 같은데",바이저 티어오프 제거 금지 룰 나오겠네 이러다가 작년 말에도 이런 문제도 보타스 이슈 있지 않았나 생각보다 자주 보이는 문제 같은데,0.15203487873077393
2024-03-24 13:33:48,저거 갭 유지하란 오더 나온거 아닐까,"아님 진짜 느린건가
계속 벌어지는거보면 후자겠지?",24,24.0,"저거 갭 유지하란 오더 나온거 아닐까 아님 진짜 느린건가
계속 벌어지는거보면 후자겠지?",저거 갭 유지하란 오더 나온거 아닐까 아님 진짜 느린건가 계속 벌어지는거보면 후자겠지?,0.46902114152908325
2024-03-24 13:33:53,하스 포인트권 가자,권터가 망친 하스 부활가즈아,24,24.0,하스 포인트권 가자 권터가 망친 하스 부활가즈아,하스 포인트권 가자 권터가 망친 하스 부활가즈아,0.2845797836780548
2024-03-24 13:33:57,그저 딸 깍,"제발 가자
- dc official App",24,24.0,"그저 딸 깍 제발 가자
- dc official App",그저 딸 깍 제발 가자 - dc official App,0.8710651993751526
2024-03-24 13:34:02,시즌 1호 엔진블로우가 메르 ㅋㅋㅋㅋㅋ,메르 엔진 내구성은 좋은 거 아니었음?,24,24.0,시즌 1호 엔진블로우가 메르 ㅋㅋㅋㅋㅋ 메르 엔진 내구성은 좋은 거 아니었음?,시즌 1호 엔진블로우가 메르 ㅋㅋㅋㅋㅋ 메르 엔진 내구성은 좋은 거 아니었음?,0.11197838932275772
2024-03-24 13:34:20,지금 보고있는데,해물탕이랑 막스 왜 아웃임?,24,24.0,지금 보고있는데 해물탕이랑 막스 왜 아웃임?,지금 보고있는데 해물탕이랑 막스 왜 아웃임?,0.22038809955120087
2024-03-24 13:34:28,Fernando faster than you,NO RISK NO RISK,24,24.0,Fernando faster than you NO RISK NO RISK,Fernando faster than you NO RISK NO RISK,0.9151801466941833
2024-03-24 13:34:28,리타이어 목록 웃기네,"해밀턴 베르스타펜ㅋㅋㅋㅋㅋㅋ
- dc official App",24,24.0,"리타이어 목록 웃기네 해밀턴 베르스타펜ㅋㅋㅋㅋㅋㅋ
- dc official App",리타이어 목록 웃기네 해밀턴 베르스타펜ㅋㅋㅋㅋㅋㅋ - dc official App,0.14945939183235168
2024-03-24 13:34:34,극찬ㅋㅋㅋ,ㅋㅋㅋ,24,24.0,극찬ㅋㅋㅋ ㅋㅋㅋ,극찬ㅋㅋㅋ ㅋㅋㅋ,0.672981858253479
2024-03-24 13:34:34,로켓 ㅇㅈㄹ ㅋㅋ,,24,24.0,로켓 ㅇㅈㄹ ㅋㅋ ,로켓 ㅇㅈㄹ ㅋㅋ,0.6673441529273987
2024-03-24 13:34:35,"""차 존나빠르네 씨발 진짜""",,24,24.0,"""차 존나빠르네 씨발 진짜"" ","""차 존나빠르네 씨발 진짜""",0.7098866105079651
2024-03-24 13:34:37,러셀 징징 ㅋㅋㅋㅋ,,24,24.0,러셀 징징 ㅋㅋㅋㅋ ,러셀 징징 ㅋㅋㅋㅋ,0.8042411804199219
2024-03-24 13:34:40,진짜 메르 똥차긴 한갑네,징징징징 ㅋㅋㅋㅋㅋㅋㅋ,25,25.0,진짜 메르 똥차긴 한갑네 징징징징 ㅋㅋㅋㅋㅋㅋㅋ,진짜 메르 똥차긴 한갑네 징징징징 ㅋㅋㅋㅋㅋㅋㅋ,0.9535742402076721
2024-03-24 13:34:41,레드불 쿠팡쉽 ㅋㅋㅋㅋㅋㅋㅋ,ㅋㅋㅋㅋㅋㅋㅋㅋㅋ,25,25.0,레드불 쿠팡쉽 ㅋㅋㅋㅋㅋㅋㅋ ㅋㅋㅋㅋㅋㅋㅋㅋㅋ,레드불 쿠팡쉽 ㅋㅋㅋㅋㅋㅋㅋ ㅋㅋㅋㅋㅋㅋㅋㅋㅋ,0.4038435220718384
2024-03-24 13:34:42,쥬지)=우리차 좆같이 느리다,ㅋㅋㅋㅋ,25,25.0,쥬지)=우리차 좆같이 느리다 ㅋㅋㅋㅋ,쥬지)=우리차 좆같이 느리다 ㅋㅋㅋㅋ,0.9577586650848389
2024-03-24 13:34:45,로켓ㅋㅋㅋㅋㅋ,ㅋㅋㅋㅋㅋ,25,25.0,로켓ㅋㅋㅋㅋㅋ ㅋㅋㅋㅋㅋ,로켓ㅋㅋㅋㅋㅋ ㅋㅋㅋㅋㅋ,0.6826017498970032
2024-03-24 13:34:48,쥬지 극찬ㅋㅋㅋㅋ,ㅋㅋㅋ,25,25.0,쥬지 극찬ㅋㅋㅋㅋ ㅋㅋㅋ,쥬지 극찬ㅋㅋㅋㅋ ㅋㅋㅋ,0.9269430041313171
2024-03-24 13:34:53,차 쿠팡같아요 ㅋㅋㅋ,역시 쿠팡맨,25,25.0,차 쿠팡같아요 ㅋㅋㅋ 역시 쿠팡맨,차 쿠팡같아요 ㅋㅋㅋ 역시 쿠팡맨,0.05928097292780876
2024-03-24 13:34:58,메르 좆같이 느리네 ㅅㅂ,시발아,25,25.0,메르 좆같이 느리네 ㅅㅂ 시발아,메르 좆같이 느리네 ㅅㅂ 시발아,0.9110191464424133
2024-03-24 13:35:00,메르세데스 차 개느린가보네 진짜 ㅋㅋㅋㅋㅋㅋㅋㅋ,"병신들 ㅋㅋㅋㅋㅋㅋ
- dc official App",25,25.0,"메르세데스 차 개느린가보네 진짜 ㅋㅋㅋㅋㅋㅋㅋㅋ 병신들 ㅋㅋㅋㅋㅋㅋ
- dc official App",메르세데스 차 개느린가보네 진짜 ㅋㅋㅋㅋㅋㅋㅋㅋ 병신들 ㅋㅋㅋㅋㅋㅋ - dc official App,0.9516649842262268
2024-03-24 13:35:00,시발 쌍으로 징징 ㅋㅋㅋㅋ ㄹㅇ존나느리긴한듯,,25,25.0,시발 쌍으로 징징 ㅋㅋㅋㅋ ㄹㅇ존나느리긴한듯 ,시발 쌍으로 징징 ㅋㅋㅋㅋ ㄹㅇ존나느리긴한듯,0.9399222731590271
2024-03-24 13:35:06,잭 애프론 ㄷㄷ,ㄷㄷ,25,25.0,잭 애프론 ㄷㄷ ㄷㄷ,잭 애프론 ㄷㄷ ㄷㄷ,0.07693475484848022
2024-03-24 13:35:08,누구노 ㅋㅋ,,25,25.0,누구노 ㅋㅋ ,누구노 ㅋㅋ,0.7619481682777405
2024-03-24 13:35:09,조지극찬ㅋㅋㅋㅋ,ㅋㅋㅋㅋㅋㅋㅋㅋㅋ,25,25.0,조지극찬ㅋㅋㅋㅋ ㅋㅋㅋㅋㅋㅋㅋㅋㅋ,조지극찬ㅋㅋㅋㅋ ㅋㅋㅋㅋㅋㅋㅋㅋㅋ,0.82569420337677
2024-03-24 13:35:13,그냥 모르는 아저씨ㅋㅋㅋㅋㅋ,,25,25.0,그냥 모르는 아저씨ㅋㅋㅋㅋㅋ ,그냥 모르는 아저씨ㅋㅋㅋㅋㅋ,0.7560815811157227
2024-03-24 13:35:15,사인츠는 계속 패랩찍네,시발역시,25,25.0,사인츠는 계속 패랩찍네 시발역시,사인츠는 계속 패랩찍네 시발역시,0.7264681458473206
2024-03-24 13:35:16,누군데,"비켜
- dc official App",25,25.0,"누군데 비켜
- dc official App",누군데 비켜 - dc official App,0.7122052311897278
2024-03-24 13:35:17,뭔 포르쉐에 따인 모닝처럼 얘기함 ㅋㅋㅋ,로켓 ㅋ,25,25.0,뭔 포르쉐에 따인 모닝처럼 얘기함 ㅋㅋㅋ 로켓 ㅋ,뭔 포르쉐에 따인 모닝처럼 얘기함 ㅋㅋㅋ 로켓 ㅋ,0.8905095458030701
2024-03-24 13:35:17,이세계 햄막대전,ㅋㅋㅋㅋ,25,25.0,이세계 햄막대전 ㅋㅋㅋㅋ,이세계 햄막대전 ㅋㅋㅋㅋ,0.41238901019096375
2024-03-24 13:35:19,쥬지 기습 쿠팡홍보 ㅋㅋ,"레드불만큼 빠른 로켓배송 ㅋㅋ
- dc official App",25,25.0,"쥬지 기습 쿠팡홍보 ㅋㅋ 레드불만큼 빠른 로켓배송 ㅋㅋ
- dc official App",쥬지 기습 쿠팡홍보 ㅋㅋ 레드불만큼 빠른 로켓배송 ㅋㅋ - dc official App,0.4293854236602783
2024-03-24 13:35:23,잭 애프론 아무도 모르노 ㅋㅋㅋㅋ,ㅋㅋㅋㅋㅋㅋ,25,25.0,잭 애프론 아무도 모르노 ㅋㅋㅋㅋ ㅋㅋㅋㅋㅋㅋ,잭 애프론 아무도 모르노 ㅋㅋㅋㅋ ㅋㅋㅋㅋㅋㅋ,0.6854877471923828
2024-03-24 13:35:23,누구신지 ㅋㅋ,,25,25.0,누구신지 ㅋㅋ ,누구신지 ㅋㅋ,0.570501983165741
2024-03-24 13:35:27,물탕 왜 아웃임?,ㅇㅇ,25,25.0,물탕 왜 아웃임? ㅇㅇ,물탕 왜 아웃임? ㅇㅇ,0.6736424565315247
2024-03-24 13:35:29,배우라고 써져 있습니다,"ㅋㅋㅋㅋㅋㅋㅋㅋㅋㄱㅋ
- dc official App",25,25.0,"배우라고 써져 있습니다 ㅋㅋㅋㅋㅋㅋㅋㅋㅋㄱㅋ
- dc official App",배우라고 써져 있습니다 ㅋㅋㅋㅋㅋㅋㅋㅋㅋㄱㅋ - dc official App,0.21533580124378204
2024-03-24 13:35:31,오늘은 이거 안 함?,ㅋㅋ,25,25.0,오늘은 이거 안 함? ㅋㅋ,오늘은 이거 안 함? ㅋㅋ,0.31664443016052246
2024-03-24 13:35:35,...배우요 ㅅㅂㅋㅋㅋㅋ,누구노ㅋㅋ,25,25.0,...배우요 ㅅㅂㅋㅋㅋㅋ 누구노ㅋㅋ,...배우요 ㅅㅂㅋㅋㅋㅋ 누구노ㅋㅋ,0.9300500750541687
2024-03-24 13:35:38,티포시들 신났네 어차피 우승은 페레즈인데 ㅋㅋ,ㅋㅋ,25,25.0,티포시들 신났네 어차피 우승은 페레즈인데 ㅋㅋ ㅋㅋ,티포시들 신났네 어차피 우승은 페레즈인데 ㅋㅋ ㅋㅋ,0.739356279373169
2024-03-24 13:35:39,방금왔는데 물몽 왜 리타?????,레이스 두신줄알았네,25,25.0,방금왔는데 물몽 왜 리타????? 레이스 두신줄알았네,방금왔는데 물몽 왜 리타????? 레이스 두신줄알았네,0.1373927891254425
2024-03-24 13:35:41,위대한 쇼맨 아무도 안 봤노,하이스쿨 뮤지컬,25,25.0,위대한 쇼맨 아무도 안 봤노 하이스쿨 뮤지컬,위대한 쇼맨 아무도 안 봤노 하이스쿨 뮤지컬,0.37456822395324707
2024-03-24 13:35:45,얼마나 개같이 느리면ㅋㅋㅋ,물탕 쥬지 둘 다 레드불 극찬ㅋㅋㅋ,25,25.0,얼마나 개같이 느리면ㅋㅋㅋ 물탕 쥬지 둘 다 레드불 극찬ㅋㅋㅋ,얼마나 개같이 느리면ㅋㅋㅋ 물탕 쥬지 둘 다 레드불 극찬ㅋㅋㅋ,0.9533619284629822
2024-03-24 13:35:46,대인지 ㅅㅅㅅㅅㅅㅅㅅㅅㅅㅅ,"퍼스트행동 ㅅㅅ
- dc official App",25,25.0,"대인지 ㅅㅅㅅㅅㅅㅅㅅㅅㅅㅅ 퍼스트행동 ㅅㅅ
- dc official App",대인지 ㅅㅅㅅㅅㅅㅅㅅㅅㅅㅅ 퍼스트행동 ㅅㅅ - dc official App,0.7241207361221313
2024-03-24 13:35:48,햄형 올시즌은 ㄹㅇ 좆됐노,커리어로우 시즌이겠는데,25,25.0,햄형 올시즌은 ㄹㅇ 좆됐노 커리어로우 시즌이겠는데,햄형 올시즌은 ㄹㅇ 좆됐노 커리어로우 시즌이겠는데,0.8057120442390442
2024-03-24 13:35:58,국왕님 기습우승좀 해줬으면,,25,25.0,국왕님 기습우승좀 해줬으면 ,국왕님 기습우승좀 해줬으면,0.08011861145496368
2024-03-24 13:35:59,이거 사인츠가 자리 위협받을 일은 레드플랙뿐임?,"미끄러지거나 피트인 찐빠같은 실수 말고
- dc official App",25,25.0,"이거 사인츠가 자리 위협받을 일은 레드플랙뿐임? 미끄러지거나 피트인 찐빠같은 실수 말고
- dc official App",이거 사인츠가 자리 위협받을 일은 레드플랙뿐임? 미끄러지거나 피트인 찐빠같은 실수 말고 - dc official App,0.32497507333755493
2024-03-24 13:36:12,잭 에프론 모르누 ㅋㅋ 급 조용해진거 웃기네 ㅋㅋ,아 ㅋㅋ,26,26.0,잭 에프론 모르누 ㅋㅋ 급 조용해진거 웃기네 ㅋㅋ 아 ㅋㅋ,잭 에프론 모르누 ㅋㅋ 급 조용해진거 웃기네 ㅋㅋ 아 ㅋㅋ,0.5269642472267151
2024-03-24 13:36:18,하이스쿨뮤지컬 최고였는데 모름??,"잭 에프론
- dc official App",26,26.0,"하이스쿨뮤지컬 최고였는데 모름?? 잭 에프론
- dc official App",하이스쿨뮤지컬 최고였는데 모름?? 잭 에프론 - dc official App,0.09717072546482086
2024-03-24 13:36:17,???: 햄막 리타라고?,리 카 도 우 승,26,26.0,???: 햄막 리타라고? 리 카 도 우 승,???: 햄막 리타라고? 리 카 도 우 승,0.24210378527641296
2024-03-24 13:36:18,"햄막이 리타, 페라리 원투로 엪갤 P1",,26,26.0,"햄막이 리타, 페라리 원투로 엪갤 P1 ","햄막이 리타, 페라리 원투로 엪갤 P1",0.18955205380916595
2024-03-24 13:36:21,스왑포지숀 ㅋㅋ,,26,26.0,스왑포지숀 ㅋㅋ ,스왑포지숀 ㅋㅋ,0.23286613821983337
2024-03-24 13:36:22,또라이버 스왑 ㅋㅋ,,26,26.0,또라이버 스왑 ㅋㅋ ,또라이버 스왑 ㅋㅋ,0.25588977336883545
2024-03-24 13:36:25,국왕님 느려지시는거같은데 ? ㅋㅋㅋ,ㅋㅋㅋ,26,26.0,국왕님 느려지시는거같은데 ? ㅋㅋㅋ ㅋㅋㅋ,국왕님 느려지시는거같은데 ? ㅋㅋㅋ ㅋㅋㅋ,0.6185185313224792
2024-03-24 13:36:26,드라이버 즈왑ㅋㅋㅋㅋㅋ,,26,26.0,드라이버 즈왑ㅋㅋㅋㅋㅋ ,드라이버 즈왑ㅋㅋㅋㅋㅋ,0.47865521907806396
2024-03-24 13:36:28,케이맥 ㅠㅠ,ㅠㅠ,26,26.0,케이맥 ㅠㅠ ㅠㅠ,케이맥 ㅠㅠ ㅠㅠ,0.09369314461946487
2024-03-24 13:36:30,시발 하스 살벌하노ㅋㅋㅋㅋㅋㅋ,ㅋㅋㅋㅋ,26,26.0,시발 하스 살벌하노ㅋㅋㅋㅋㅋㅋ ㅋㅋㅋㅋ,시발 하스 살벌하노ㅋㅋㅋㅋㅋㅋ ㅋㅋㅋㅋ,0.5631627440452576
2024-03-24 13:36:30,헐크 이즈 패스터 댄 유 ㅋㅋ,ㅋㅋㅋ,26,26.0,헐크 이즈 패스터 댄 유 ㅋㅋ ㅋㅋㅋ,헐크 이즈 패스터 댄 유 ㅋㅋ ㅋㅋㅋ,0.41648781299591064
2024-03-24 13:36:33,아니 지포스 저리 받으면 꼬맨거 안터짐??,사자 그 자체네 ㄷㄷㄷ,26,26.0,아니 지포스 저리 받으면 꼬맨거 안터짐?? 사자 그 자체네 ㄷㄷㄷ,아니 지포스 저리 받으면 꼬맨거 안터짐?? 사자 그 자체네 ㄷㄷㄷ,0.29566502571105957
2024-03-24 13:36:34,하스 페라리 행동 ㅋㅋㅋㅋㅋㅋㅋㅋㅋㅋ,진짜 하스가 저러는걸 보다니,26,26.0,하스 페라리 행동 ㅋㅋㅋㅋㅋㅋㅋㅋㅋㅋ 진짜 하스가 저러는걸 보다니,하스 페라리 행동 ㅋㅋㅋㅋㅋㅋㅋㅋㅋㅋ 진짜 하스가 저러는걸 보다니,0.269422322511673
2024-03-24 13:36:35,하스ㅋㅋㅋㅋ,,26,26.0,하스ㅋㅋㅋㅋ ,하스ㅋㅋㅋㅋ,0.34232595562934875
2024-03-24 13:36:39,하스 ㅈㄴ웃기네 진짜 ㅋㅋㅋㅋ,ㅋ,26,26.0,하스 ㅈㄴ웃기네 진짜 ㅋㅋㅋㅋ ㅋ,하스 ㅈㄴ웃기네 진짜 ㅋㅋㅋㅋ ㅋ,0.36163729429244995
2024-03-24 13:36:39,스왑 포지션 ㅋㅋㅋㅋㅋㅋㅋ,,26,26.0,스왑 포지션 ㅋㅋㅋㅋㅋㅋㅋ ,스왑 포지션 ㅋㅋㅋㅋㅋㅋㅋ,0.44982001185417175
2024-03-24 13:36:39,ㅋㅋㅋㅋㅋㅋ,,26,26.0,ㅋㅋㅋㅋㅋㅋ ,ㅋㅋㅋㅋㅋㅋ,0.618934154510498
2024-03-24 13:36:39,아 좆대따,"씨바아아아알
- dc official App",26,26.0,"아 좆대따 씨바아아아알
- dc official App",아 좆대따 씨바아아아알 - dc official App,0.8943520188331604
2024-03-24 13:36:44,진짜 하스 차 존나 좋아진듯ㅋㅋㅋㅋㅋ,이젠 전략이란게 가능한 팀이 됐음ㅋㅋㅋㅋㅋㅋㅋㅋㅋㅋㅋㅋㅋㅋㅋ,26,26.0,진짜 하스 차 존나 좋아진듯ㅋㅋㅋㅋㅋ 이젠 전략이란게 가능한 팀이 됐음ㅋㅋㅋㅋㅋㅋㅋㅋㅋㅋㅋㅋㅋㅋㅋ,진짜 하스 차 존나 좋아진듯ㅋㅋㅋㅋㅋ 이젠 전략이란게 가능한 팀이 됐음ㅋㅋㅋㅋㅋㅋㅋㅋㅋㅋㅋㅋㅋㅋㅋ,0.09222967177629471
2024-03-24 13:36:47,막가놈 퇴근하냐ㅋㅋㅋ,,26,26.0,막가놈 퇴근하냐ㅋㅋㅋ ,막가놈 퇴근하냐ㅋㅋㅋ,0.8852835893630981
2024-03-24 13:36:47,실시간 엡갤 레이스 리더 ㅋㅋ,,26,26.0,실시간 엡갤 레이스 리더 ㅋㅋ ,실시간 엡갤 레이스 리더 ㅋㅋ,0.07558922469615936
2024-03-24 13:36:56,페라리 팀오더도 1 2 잡자고 말나왔나보네,"몬자마냥 참사내면 좆이지 진짜 ㅇㅇ
이게 맞아",26,26.0,"페라리 팀오더도 1 2 잡자고 말나왔나보네 몬자마냥 참사내면 좆이지 진짜 ㅇㅇ
이게 맞아",페라리 팀오더도 1 2 잡자고 말나왔나보네 몬자마냥 참사내면 좆이지 진짜 ㅇㅇ 이게 맞아,0.8720244765281677
2024-03-24 13:36:57,드라이버 zwap,"ㅋㅋㅋㅋㅋㅋ
- dc official App",26,26.0,"드라이버 zwap ㅋㅋㅋㅋㅋㅋ
- dc official App",드라이버 zwap ㅋㅋㅋㅋㅋㅋ - dc official App,0.4069713354110718
2024-03-24 13:36:58,3랩따리 ㅋㅋㅋ,ㅋㅋ,26,26.0,3랩따리 ㅋㅋㅋ ㅋㅋ,3랩따리 ㅋㅋㅋ ㅋㅋ,0.9201310276985168
2024-03-24 13:36:59,하스 서커스 ON,제발 포인트 ㄱㄱ,26,26.0,하스 서커스 ON 제발 포인트 ㄱㄱ,하스 서커스 ON 제발 포인트 ㄱㄱ,0.19724437594413757
2024-03-24 13:37:00,어후 막스리타 속이시원하네 ㅋㅋㅋㅋㅋ,,26,26.0,어후 막스리타 속이시원하네 ㅋㅋㅋㅋㅋ ,어후 막스리타 속이시원하네 ㅋㅋㅋㅋㅋ,0.10330603271722794
2024-03-24 13:37:01,막스 레드불 까먹노 ㅋㅋㅋㅋ,저게 맛있나,26,26.0,막스 레드불 까먹노 ㅋㅋㅋㅋ 저게 맛있나,막스 레드불 까먹노 ㅋㅋㅋㅋ 저게 맛있나,0.5932203531265259
2024-03-24 13:37:02,하스도 경기 끝나고 레이트브레이킹 해주면 안되냐,한번 더 보고싶네,26,26.0,하스도 경기 끝나고 레이트브레이킹 해주면 안되냐 한번 더 보고싶네,하스도 경기 끝나고 레이트브레이킹 해주면 안되냐 한번 더 보고싶네,0.07898962497711182
2024-03-24 13:37:03,막스는 걷는거도 리플레이 보여주노ㅋㅋㅋㅋㅋㅋ,,26,26.0,막스는 걷는거도 리플레이 보여주노ㅋㅋㅋㅋㅋㅋ ,막스는 걷는거도 리플레이 보여주노ㅋㅋㅋㅋㅋㅋ,0.5280171632766724
2024-03-24 13:37:19,마그누센 열차 가나ㅋㅋㅋㅋㅋㅋㅋㅋㅋ,칙칙폭폭,26,26.0,마그누센 열차 가나ㅋㅋㅋㅋㅋㅋㅋㅋㅋ 칙칙폭폭,마그누센 열차 가나ㅋㅋㅋㅋㅋㅋㅋㅋㅋ 칙칙폭폭,0.5281180143356323
2024-03-24 13:37:21,몽골련 내가 안보니까 씨발 귀신같이 리타,아오 씨잘,26,26.0,몽골련 내가 안보니까 씨발 귀신같이 리타 아오 씨잘,몽골련 내가 안보니까 씨발 귀신같이 리타 아오 씨잘,0.958398699760437
2024-03-24 13:37:24,마그누센 기차 또 나오냐?,,26,26.0,마그누센 기차 또 나오냐? ,마그누센 기차 또 나오냐?,0.12100691348314285
2024-03-24 13:37:27,폴이라 사고 안난다고 어쩌고저쩌고,ㅋㅋ 따잇,27,27.0,폴이라 사고 안난다고 어쩌고저쩌고 ㅋㅋ 따잇,폴이라 사고 안난다고 어쩌고저쩌고 ㅋㅋ 따잇,0.4785858392715454
2024-03-24 13:37:27,막가놈 퇴근하고 심레이싱 돌리러 가는거 아니냐 ㅋㅋ,저거분명 그런다 ㅋㅋ,27,27.0,막가놈 퇴근하고 심레이싱 돌리러 가는거 아니냐 ㅋㅋ 저거분명 그런다 ㅋㅋ,막가놈 퇴근하고 심레이싱 돌리러 가는거 아니냐 ㅋㅋ 저거분명 그런다 ㅋㅋ,0.941439151763916
2024-03-24 13:37:31,하스가 진짜 감개무량이네,차 성능 이전보다 훨씬 좋아진 거 같음,27,27.0,하스가 진짜 감개무량이네 차 성능 이전보다 훨씬 좋아진 거 같음,하스가 진짜 감개무량이네 차 성능 이전보다 훨씬 좋아진 거 같음,0.054998915642499924
2024-03-24 13:37:32,근데 이번시즌은 리카도는 조용하게 은근 부진하네,걍 바로 레드불 시트로 올려야 하나,27,27.0,근데 이번시즌은 리카도는 조용하게 은근 부진하네 걍 바로 레드불 시트로 올려야 하나,근데 이번시즌은 리카도는 조용하게 은근 부진하네 걍 바로 레드불 시트로 올려야 하나,0.12428592145442963
2024-03-24 13:37:39,막스는 리타하니까 화면에 더 자주 나오노 ㅋㅋㅋ,지난 경기 두배이상 나온거 같은데 이미,27,27.0,막스는 리타하니까 화면에 더 자주 나오노 ㅋㅋㅋ 지난 경기 두배이상 나온거 같은데 이미,막스는 리타하니까 화면에 더 자주 나오노 ㅋㅋㅋ 지난 경기 두배이상 나온거 같은데 이미,0.10609390586614609
2024-03-24 13:37:43,사인츠 왜케 빨라ㅋㅋㅋㅋ,,27,27.0,사인츠 왜케 빨라ㅋㅋㅋㅋ ,사인츠 왜케 빨라ㅋㅋㅋㅋ,0.11990927159786224
2024-03-24 13:37:44,애마도 진짜 ㅈㄴ느리네,하,27,27.0,애마도 진짜 ㅈㄴ느리네 하,애마도 진짜 ㅈㄴ느리네 하,0.8815673589706421
2024-03-24 13:37:45,레드불 차 진짜 ㅈㄴ 빠르네,"4.5초 갭이 벌써 3.5초 이하네
- dc official App",27,27.0,"레드불 차 진짜 ㅈㄴ 빠르네 4.5초 갭이 벌써 3.5초 이하네
- dc official App",레드불 차 진짜 ㅈㄴ 빠르네 4.5초 갭이 벌써 3.5초 이하네 - dc official App,0.10806932300329208
2024-03-24 13:37:46,사인지 시즌64950867398567345호 패랩,ㅋㅋㅋ,27,27.0,사인지 시즌64950867398567345호 패랩 ㅋㅋㅋ,사인지 시즌64950867398567345호 패랩 ㅋㅋㅋ,0.21242666244506836
2024-03-24 13:37:53,르끌 맹라렌 막으러가나보네,아니몀 너무 느린건가,27,27.0,르끌 맹라렌 막으러가나보네 아니몀 너무 느린건가,르끌 맹라렌 막으러가나보네 아니몀 너무 느린건가,0.17956195771694183
2024-03-24 13:37:53,와 점점 빨라지네 미친놈 ㅋㅋㅋㅋㅋㅋㅋㅋ,"미친놈(내년에 쫓겨남)
- dc official App",27,27.0,"와 점점 빨라지네 미친놈 ㅋㅋㅋㅋㅋㅋㅋㅋ 미친놈(내년에 쫓겨남)
- dc official App",와 점점 빨라지네 미친놈 ㅋㅋㅋㅋㅋㅋㅋㅋ 미친놈(내년에 쫓겨남) - dc official App,0.9277231097221375
2024-03-24 13:37:55,나 잘 모르는데 저 해설아저씨는 모르는게없나,무슨 일 있으면 과거 몇년전 어떤선수도 저랬다 이런거 데이터 쉬지않고 바로나오네,27,27.0,나 잘 모르는데 저 해설아저씨는 모르는게없나 무슨 일 있으면 과거 몇년전 어떤선수도 저랬다 이런거 데이터 쉬지않고 바로나오네,나 잘 모르는데 저 해설아저씨는 모르는게없나 무슨 일 있으면 과거 몇년전 어떤선수도 저랬다 이런거 데이터 쉬지않고 바로나오네,0.5905219316482544
2024-03-24 13:38:10,막스 해밀턴 같은 경기 둘 다 기계적 이슈 리타이어는 이번이 처음,https://twitter.com/ESPNF1/status/1771757833068941687?t=xkGm53QypYaWxDs9ipOg5A&s=19,27,27.0,막스 해밀턴 같은 경기 둘 다 기계적 이슈 리타이어는 이번이 처음 https://twitter.com/ESPNF1/status/1771757833068941687?t=xkGm53QypYaWxDs9ipOg5A&s=19,막스 해밀턴 같은 경기 둘 다 기계적 이슈 리타이어는 이번이 처음,0.10712423920631409
2024-03-24 13:38:17,애마 진짜 롱런 병신이네,,27,27.0,애마 진짜 롱런 병신이네 ,애마 진짜 롱런 병신이네,0.1655188947916031
2024-03-24 13:38:27,레드플렉 내놔,"ㄷㅈ
- dc official App",27,27.0,"레드플렉 내놔 ㄷㅈ
- dc official App",레드플렉 내놔 ㄷㅈ - dc official App,0.3128514289855957
2024-03-24 13:38:33,알론소 러셀이랑 경쟁하려나보네,세카 존버한다고 함,27,27.0,알론소 러셀이랑 경쟁하려나보네 세카 존버한다고 함,알론소 러셀이랑 경쟁하려나보네 세카 존버한다고 함,0.10802353918552399
2024-03-24 13:38:36,사인지 르끌 언제 3초까지 벌어졌노,ㄷㄷ,27,27.0,사인지 르끌 언제 3초까지 벌어졌노 ㄷㄷ,사인지 르끌 언제 3초까지 벌어졌노 ㄷㄷ,0.17218460142612457
2024-03-24 13:38:36,애마 왜캐 느리냐 ㅋㅋㅋㅋㅋㅋㅋㅋ,좁혀지는데,27,27.0,애마 왜캐 느리냐 ㅋㅋㅋㅋㅋㅋㅋㅋ 좁혀지는데,애마 왜캐 느리냐 ㅋㅋㅋㅋㅋㅋㅋㅋ 좁혀지는데,0.397148996591568
2024-03-24 13:38:56,결국 알핀은....,".....15 17..
- dc official App",28,28.0,"결국 알핀은.... .....15 17..
- dc official App",결국 알핀은.... .....15 17.. - dc official App,0.15983861684799194
2024-03-24 13:39:02,하스 가자,"젭발
- dc official App",28,28.0,"하스 가자 젭발
- dc official App",하스 가자 젭발 - dc official App,0.13256818056106567
2024-03-24 13:39:03,레드불 플로어 못본건 좀 아쉽네,몰골 뒷타이어 락업걸리고 연석밟고 날아서 플로어 까발려진 지구는 몇번 지구냐?,28,28.0,레드불 플로어 못본건 좀 아쉽네 몰골 뒷타이어 락업걸리고 연석밟고 날아서 플로어 까발려진 지구는 몇번 지구냐?,레드불 플로어 못본건 좀 아쉽네 몰골 뒷타이어 락업걸리고 연석밟고 날아서 플로어 까발려진 지구는 몇번 지구냐?,0.5327833890914917
2024-03-24 13:39:07,리카도는 갭 줄이는 속도가 너무 느리네,"이제는 차가 자기랑 안 맞아도 적응을 해야하는데
- dc official App",28,28.0,"리카도는 갭 줄이는 속도가 너무 느리네 이제는 차가 자기랑 안 맞아도 적응을 해야하는데
- dc official App",리카도는 갭 줄이는 속도가 너무 느리네 이제는 차가 자기랑 안 맞아도 적응을 해야하는데 - dc official App,0.18640032410621643
2024-03-24 13:39:08,3초 저거 일부러 별려둔건가,못따라가는건 아닌거 같은데,28,28.0,3초 저거 일부러 별려둔건가 못따라가는건 아닌거 같은데,3초 저거 일부러 별려둔건가 못따라가는건 아닌거 같은데,0.1763930767774582
2024-03-24 13:39:11,피아제 따라간다~~,가능?,28,28.0,피아제 따라간다~~ 가능?,피아제 따라간다~~ 가능?,0.6499557495117188
2024-03-24 13:39:12,알론소 10초 차이 뭔데,이게 뭐야,28,28.0,알론소 10초 차이 뭔데 이게 뭐야,알론소 10초 차이 뭔데 이게 뭐야,0.22010396420955658
2024-03-24 13:39:13,알본 따이기 직전 ㅋㅋㅋ,,28,28.0,알본 따이기 직전 ㅋㅋㅋ ,알본 따이기 직전 ㅋㅋㅋ,0.9243339896202087
2024-03-24 13:39:18,진짜 페라리는 사인츠를 버리고 해밀턴 이해가 안가네,머리가 없다 정말,28,28.0,진짜 페라리는 사인츠를 버리고 해밀턴 이해가 안가네 머리가 없다 정말,진짜 페라리는 사인츠를 버리고 해밀턴 이해가 안가네 머리가 없다 정말,0.9108661413192749
2024-03-24 13:39:18,그냥 애마가 병신이구나,"아하
- dc official App",28,28.0,"그냥 애마가 병신이구나 아하
- dc official App",그냥 애마가 병신이구나 아하 - dc official App,0.9327611327171326
2024-03-24 13:39:26,차 뺏은 놈 vs 순위 뺏은 놈ㅋㅋㅋㅋㅋ,ㅋㅋㅋㅋㅋ,28,28.0,차 뺏은 놈 vs 순위 뺏은 놈ㅋㅋㅋㅋㅋ ㅋㅋㅋㅋㅋ,차 뺏은 놈 vs 순위 뺏은 놈ㅋㅋㅋㅋㅋ ㅋㅋㅋㅋㅋ,0.8108424544334412
2024-03-24 13:39:25,알본아 제발 포인트 먹자...,,28,28.0,알본아 제발 포인트 먹자... ,알본아 제발 포인트 먹자...,0.32896217703819275
2024-03-24 13:39:27,진짜 좆밥싸움 개웃기네 ㅋㅋㅋㅋㅋㅋㅋㅋㅋ,ㅅㅂㅌㅌㅋㅋㅋㅋㅋㅋㅋ,28,28.0,진짜 좆밥싸움 개웃기네 ㅋㅋㅋㅋㅋㅋㅋㅋㅋ ㅅㅂㅌㅌㅋㅋㅋㅋㅋㅋㅋ,진짜 좆밥싸움 개웃기네 ㅋㅋㅋㅋㅋㅋㅋㅋㅋ ㅅㅂㅌㅌㅋㅋㅋㅋㅋㅋㅋ,0.9411963224411011
2024-03-24 13:39:34,사인지는 계속 페렙갱신하노,원투 가스아!!!!!!!!!!!!!!!!!,28,28.0,사인지는 계속 페렙갱신하노 원투 가스아!!!!!!!!!!!!!!!!!,사인지는 계속 페렙갱신하노 원투 가스아!!!!!!!!!!!!!!!!!,0.24713745713233948
2024-03-24 13:39:40,"""르끌레르더러 파스타처럼 막으라고 전해""",defend like a pasta,28,28.0,"""르끌레르더러 파스타처럼 막으라고 전해"" defend like a pasta","""르끌레르더러 파스타처럼 막으라고 전해"" defend like a pasta",0.7337144017219543
2024-03-24 13:39:43,하스가 이기겠는데 ㅋㅋㅋ,,28,28.0,하스가 이기겠는데 ㅋㅋㅋ ,하스가 이기겠는데 ㅋㅋㅋ,0.30619972944259644
2024-03-24 13:39:44,가장의무게vs가장의무게,,28,28.0,가장의무게vs가장의무게 ,가장의무게vs가장의무게,0.30596134066581726
2024-03-24 13:39:45,???: 야 올려,"쁘띠 사인츠 기특하면 개추 ㅋㅋㅋㅋ
- dc official App",28,28.0,"???: 야 올려 쁘띠 사인츠 기특하면 개추 ㅋㅋㅋㅋ
- dc official App",???: 야 올려 쁘띠 사인츠 기특하면 개추 ㅋㅋㅋㅋ - dc official App,0.7092734575271606
2024-03-24 13:40:03,근데 마그누센 저번처럼 노르딕 장벽세우기는 못하지?,이번에 또 하면 팀 자체에 패널티 먹히려나,28,28.0,근데 마그누센 저번처럼 노르딕 장벽세우기는 못하지? 이번에 또 하면 팀 자체에 패널티 먹히려나,근데 마그누센 저번처럼 노르딕 장벽세우기는 못하지? 이번에 또 하면 팀 자체에 패널티 먹히려나,0.23934976756572723
2024-03-24 13:40:09,사인즈 페이스보소ㅋㅋㅋㅋㅋ,"역시 퍼스트
- dc official App",28,28.0,"사인즈 페이스보소ㅋㅋㅋㅋㅋ 역시 퍼스트
- dc official App",사인즈 페이스보소ㅋㅋㅋㅋㅋ 역시 퍼스트 - dc official App,0.11817256361246109
2024-03-24 13:40:13,근데 올해 하스는 진짜 괜찮아보인다,전략 차 드라이버 셋 다 후달리는기 없는듯,29,29.0,근데 올해 하스는 진짜 괜찮아보인다 전략 차 드라이버 셋 다 후달리는기 없는듯,근데 올해 하스는 진짜 괜찮아보인다 전략 차 드라이버 셋 다 후달리는기 없는듯,0.20384490489959717
2024-03-24 13:40:20,르클 씹거품련 시즌 거듭할수록 병신력 증명만하네ㅋㅋㅋ,좆라리는 사인츠 버리고 이런새끼랑 재계약하고 퇴물탕 데려오다니ㅋㅋ,29,29.0,르클 씹거품련 시즌 거듭할수록 병신력 증명만하네ㅋㅋㅋ 좆라리는 사인츠 버리고 이런새끼랑 재계약하고 퇴물탕 데려오다니ㅋㅋ,르클 씹거품련 시즌 거듭할수록 병신력 증명만하네ㅋㅋㅋ 좆라리는 사인츠 버리고 이런새끼랑 재계약하고 퇴물탕 데려오다니ㅋㅋ,0.964319109916687
2024-03-24 13:40:20,무한페랩 뭐야,,29,29.0,무한페랩 뭐야 ,무한페랩 뭐야,0.1572117954492569
2024-03-24 13:40:27,진짜 점점 빨라지네 ㅋㅋㅋㅋㅋㅋㅋㅋㅋ,"미쳤다걍
- dc official App",29,29.0,"진짜 점점 빨라지네 ㅋㅋㅋㅋㅋㅋㅋㅋㅋ 미쳤다걍
- dc official App",진짜 점점 빨라지네 ㅋㅋㅋㅋㅋㅋㅋㅋㅋ 미쳤다걍 - dc official App,0.08608308434486389
2024-03-24 13:40:30,사인지 계속빨라지누 ㅋㅋㅋㅋㅋㅋㅋ,이게 퍼스트지 ㅋㅋㅋ,29,29.0,사인지 계속빨라지누 ㅋㅋㅋㅋㅋㅋㅋ 이게 퍼스트지 ㅋㅋㅋ,사인지 계속빨라지누 ㅋㅋㅋㅋㅋㅋㅋ 이게 퍼스트지 ㅋㅋㅋ,0.08999426662921906
2024-03-24 13:40:32,팩트 : 2023년5월부터 막스 제외 우승 1위가 사인츠임,f1 2등 드라이버를 내친다고?,29,29.0,팩트 : 2023년5월부터 막스 제외 우승 1위가 사인츠임 f1 2등 드라이버를 내친다고?,팩트 : 2023년5월부터 막스 제외 우승 1위가 사인츠임 f1 2등 드라이버를 내친다고?,0.3415573239326477
2024-03-24 13:40:37,대인지 또 갱신ㅋㅋㅋ,폼 돌았노,29,29.0,대인지 또 갱신ㅋㅋㅋ 폼 돌았노,대인지 또 갱신ㅋㅋㅋ 폼 돌았노,0.7570589780807495
2024-03-24 13:40:37,아야오 갓동님이였노,권터 ㅅ발아,29,29.0,아야오 갓동님이였노 권터 ㅅ발아,아야오 갓동님이였노 권터 ㅅ발아,0.8998194336891174
2024-03-24 13:40:41,사인츠 계속 패랩이노 ㅋㅋ,,29,29.0,사인츠 계속 패랩이노 ㅋㅋ ,사인츠 계속 패랩이노 ㅋㅋ,0.14951574802398682
2024-03-24 13:40:43,근데 나 진짜 몽골련 계속 리타하면 안볼마음이었음,진짜 오늘 속으로 리플레이 보면 되니까 내가 안봐서 몽골이 리타할수있다면 안봐줄게요 그러면서 오늘 안본건데 몽골 리타하자마자 바로 돌아온거임 ㅅㅂ,29,29.0,근데 나 진짜 몽골련 계속 리타하면 안볼마음이었음 진짜 오늘 속으로 리플레이 보면 되니까 내가 안봐서 몽골이 리타할수있다면 안봐줄게요 그러면서 오늘 안본건데 몽골 리타하자마자 바로 돌아온거임 ㅅㅂ,근데 나 진짜 몽골련 계속 리타하면 안볼마음이었음 진짜 오늘 속으로 리플레이 보면 되니까 내가 안봐서 몽골이 리타할수있다면 안봐줄게요 그러면서 오늘 안본건데 몽골 리타하자마자 바로 돌아온거임 ㅅㅂ,0.6844068169593811
2024-03-24 13:40:49,알본 다시 보여주나,사실상 노스탑 완주ㅋㅋㅋㅋ,29,29.0,알본 다시 보여주나 사실상 노스탑 완주ㅋㅋㅋㅋ,알본 다시 보여주나 사실상 노스탑 완주ㅋㅋㅋㅋ,0.18567532300949097
2024-03-24 13:40:52,사인츠 차 셋팅도 존나 잘맞나본데,"퀄리때부터 해서 날라댕기네 진짜
보기좋다 친구야 그래 좋은자리 구직해야지",29,29.0,"사인츠 차 셋팅도 존나 잘맞나본데 퀄리때부터 해서 날라댕기네 진짜
보기좋다 친구야 그래 좋은자리 구직해야지",사인츠 차 셋팅도 존나 잘맞나본데 퀄리때부터 해서 날라댕기네 진짜 보기좋다 친구야 그래 좋은자리 구직해야지,0.10937465727329254
2024-03-24 13:41:03,아씨발 2시인줄 알았는데,아,29,29.0,아씨발 2시인줄 알았는데 아,아씨발 2시인줄 알았는데 아,0.38790109753608704
2024-03-24 13:41:07,킥 저기 뭐하는데야,"팀 바뀐줄
- dc official App",29,29.0,"킥 저기 뭐하는데야 팀 바뀐줄
- dc official App",킥 저기 뭐하는데야 팀 바뀐줄 - dc official App,0.14158596098423004
2024-03-24 13:41:07,사인츠 : 형이 안해봐서그렇지,클린에어에서 달리면 페랩은 쉽다 이거야ㅋㅋ,29,29.0,사인츠 : 형이 안해봐서그렇지 클린에어에서 달리면 페랩은 쉽다 이거야ㅋㅋ,사인츠 : 형이 안해봐서그렇지 클린에어에서 달리면 페랩은 쉽다 이거야ㅋㅋ,0.6154625415802002
2024-03-24 13:41:07,레드불 로드...,"제가 막겠습니다
- dc official App",29,29.0,"레드불 로드... 제가 막겠습니다
- dc official App",레드불 로드... 제가 막겠습니다 - dc official App,0.11443173885345459
2024-03-24 13:41:17,좆물탕 계약 못무르나,진짜 사인지 버리고 좆물탕 영입은 이해가 안가네,29,29.0,좆물탕 계약 못무르나 진짜 사인지 버리고 좆물탕 영입은 이해가 안가네,좆물탕 계약 못무르나 진짜 사인지 버리고 좆물탕 영입은 이해가 안가네,0.9526566863059998
2024-03-24 13:41:24,딸깍ㅋㅋㅋ,,29,29.0,딸깍ㅋㅋㅋ ,딸깍ㅋㅋㅋ,0.8831956386566162
2024-03-24 13:41:25,어우 저 로케트,"존나빠르긴해
- dc official App",29,29.0,"어우 저 로케트 존나빠르긴해
- dc official App",어우 저 로케트 존나빠르긴해 - dc official App,0.1042313277721405
2024-03-24 13:41:27,딸 깍,"ㅋㅋㅋㅋㅋ
- dc official App",29,29.0,"딸 깍 ㅋㅋㅋㅋㅋ
- dc official App",딸 깍 ㅋㅋㅋㅋㅋ - dc official App,0.7987238168716431
2024-03-24 13:41:30,아니개씨발 저게 된다고,,29,29.0,아니개씨발 저게 된다고 ,아니개씨발 저게 된다고,0.8051632642745972
2024-03-24 13:41:30,쁘리 뚜 빠이뜨 안하나?,하면 더 잼날텐데.,29,29.0,쁘리 뚜 빠이뜨 안하나? 하면 더 잼날텐데.,쁘리 뚜 빠이뜨 안하나? 하면 더 잼날텐데.,0.12046802043914795
2024-03-24 13:41:31,맥라렌 좆됐다 ㅋㅋ 아 ㅋㅋ,,29,29.0,맥라렌 좆됐다 ㅋㅋ 아 ㅋㅋ ,맥라렌 좆됐다 ㅋㅋ 아 ㅋㅋ,0.8857990503311157
2024-03-24 13:41:33,딸깍,딸깍,29,29.0,딸깍 딸깍,딸깍 딸깍,0.6991532444953918
2024-03-24 13:41:39,체코 벌써 5위까지 왔노,포디움 가냐,30,30.0,체코 벌써 5위까지 왔노 포디움 가냐,체코 벌써 5위까지 왔노 포디움 가냐,0.0908937156200409
2024-03-24 13:41:40,딸 - 깍,,30,30.0,딸 - 깍 ,딸 - 깍,0.8686675429344177
2024-03-24 13:41:50,뭔 딸깍쇼를 저렇게 좆노잼으로하냐,저것도 재능이다 ㄹㅇ,30,30.0,뭔 딸깍쇼를 저렇게 좆노잼으로하냐 저것도 재능이다 ㄹㅇ,뭔 딸깍쇼를 저렇게 좆노잼으로하냐 저것도 재능이다 ㄹㅇ,0.9419263601303101
2024-03-24 13:41:50,0.5초를 그냥 따먹네 십,,30,30.0,0.5초를 그냥 따먹네 십 ,0.5초를 그냥 따먹네 십,0.9130672216415405
2024-03-24 13:41:51,기적의 딸깍쇼,병신도 포디움 들어가자,30,30.0,기적의 딸깍쇼 병신도 포디움 들어가자,기적의 딸깍쇼 병신도 포디움 들어가자,0.9324402213096619
2024-03-24 13:41:53,ㅅㅂ페레즈 오지마 안돼 ㅅㅂ,"올라오지마 무서워 ㅅㅂ
피아제 포디움해야돼 ㅅㅂ",30,30.0,"ㅅㅂ페레즈 오지마 안돼 ㅅㅂ 올라오지마 무서워 ㅅㅂ
피아제 포디움해야돼 ㅅㅂ",ㅅㅂ페레즈 오지마 안돼 ㅅㅂ 올라오지마 무서워 ㅅㅂ 피아제 포디움해야돼 ㅅㅂ,0.9118698239326477
2024-03-24 13:41:53,존나빠르네 ㅅㅂ 진짜 ㅋㅋ,로켓쉽 맞습니다 예,30,30.0,존나빠르네 ㅅㅂ 진짜 ㅋㅋ 로켓쉽 맞습니다 예,존나빠르네 ㅅㅂ 진짜 ㅋㅋ 로켓쉽 맞습니다 예,0.43084537982940674
2024-03-24 13:41:59,2위 가능할듯,2렙남겨두고 사인즈랑 베틀할듯,30,30.0,2위 가능할듯 2렙남겨두고 사인즈랑 베틀할듯,2위 가능할듯 2렙남겨두고 사인즈랑 베틀할듯,0.1262071430683136
2024-03-24 13:42:16,이새끼들 사실 현자였네,"본질 제작진 그들은 신인가?
- dc official App",30,30.0,"이새끼들 사실 현자였네 본질 제작진 그들은 신인가?
- dc official App",이새끼들 사실 현자였네 본질 제작진 그들은 신인가? - dc official App,0.6767425537109375
2024-03-24 13:42:20,25년 좆라리 거품르끌+퇴물탕,"판단력 -20 ㅋㅋㅋㅋ
차를 잘만드면 뭐하노 븅신듀오가 운전해야되는데",30,30.0,"25년 좆라리 거품르끌+퇴물탕 판단력 -20 ㅋㅋㅋㅋ
차를 잘만드면 뭐하노 븅신듀오가 운전해야되는데",25년 좆라리 거품르끌+퇴물탕 판단력 -20 ㅋㅋㅋㅋ 차를 잘만드면 뭐하노 븅신듀오가 운전해야되는데,0.9665027856826782
2024-03-24 13:42:23,레드불 존나 빠르긴하다,존나 쉽게 따먹노,30,30.0,레드불 존나 빠르긴하다 존나 쉽게 따먹노,레드불 존나 빠르긴하다 존나 쉽게 따먹노,0.6788463592529297
2024-03-24 13:42:26,아니시발 딸깍쇼 하지말라고 이새끼들아,피아스트리 포디움좀 보자 ㅅㅂ ㅠㅠ,30,30.0,아니시발 딸깍쇼 하지말라고 이새끼들아 피아스트리 포디움좀 보자 ㅅㅂ ㅠㅠ,아니시발 딸깍쇼 하지말라고 이새끼들아 피아스트리 포디움좀 보자 ㅅㅂ ㅠㅠ,0.936488926410675
2024-03-24 13:42:29,라잌 롸켓쉽,ㅅㅂ,30,30.0,라잌 롸켓쉽 ㅅㅂ,라잌 롸켓쉽 ㅅㅂ,0.5341576933860779
2024-03-24 13:42:29,페레즈 딸깍 ㅋㅋ,,30,30.0,페레즈 딸깍 ㅋㅋ ,페레즈 딸깍 ㅋㅋ,0.9325026273727417
2024-03-24 13:42:29,개씨발 좆같은 체코새끼,씨발,30,30.0,개씨발 좆같은 체코새끼 씨발,개씨발 좆같은 체코새끼 씨발,0.9400248527526855
2024-03-24 13:42:35,이새기들은 티포시 맞냐?,"사인스가 1등이든 르끌이 1등이든 원투하고 있으면 기분 존나 좋아야 정상아니노? ㅋㅋ
- dc official App",30,30.0,"이새기들은 티포시 맞냐? 사인스가 1등이든 르끌이 1등이든 원투하고 있으면 기분 존나 좋아야 정상아니노? ㅋㅋ
- dc official App",이새기들은 티포시 맞냐? 사인스가 1등이든 르끌이 1등이든 원투하고 있으면 기분 존나 좋아야 정상아니노? ㅋㅋ - dc official App,0.9339267015457153
2024-03-24 13:42:36,스무스 오퍼레이터 ㄷㄷㄷㄷㄷㄷㄷ,ㄷㄷㄷ,30,30.0,스무스 오퍼레이터 ㄷㄷㄷㄷㄷㄷㄷ ㄷㄷㄷ,스무스 오퍼레이터 ㄷㄷㄷㄷㄷㄷㄷ ㄷㄷㄷ,0.09288403391838074
2024-03-24 13:42:41,체코 3그리드 패널티만 없었으면ㅋㅋㅋㅋ,,30,30.0,체코 3그리드 패널티만 없었으면ㅋㅋㅋㅋ ,체코 3그리드 패널티만 없었으면ㅋㅋㅋㅋ,0.15828837454319
2024-03-24 13:42:43,실시간 생각이 계속 많아지는 새끼....,르끌이랑 갭 계속벌어지는데 ㅋㅋㅋ,30,30.0,실시간 생각이 계속 많아지는 새끼.... 르끌이랑 갭 계속벌어지는데 ㅋㅋㅋ,실시간 생각이 계속 많아지는 새끼.... 르끌이랑 갭 계속벌어지는데 ㅋㅋㅋ,0.5721513032913208
2024-03-24 13:42:45,아니 페레즈 진짜 몇위할라나,존나게 빠륵녜,30,30.0,아니 페레즈 진짜 몇위할라나 존나게 빠륵녜,아니 페레즈 진짜 몇위할라나 존나게 빠륵녜,0.8331667184829712
2024-03-24 13:43:03,피아제 포디움 올랐으면 좋겠네,멜버른이 고향이라던데,31,31.0,피아제 포디움 올랐으면 좋겠네 멜버른이 고향이라던데,피아제 포디움 올랐으면 좋겠네 멜버른이 고향이라던데,0.06659749150276184
2024-03-24 13:43:09,생각할수록 화나네,사인츠를 내보내고 해밀턴 영입은 씨발..,31,31.0,생각할수록 화나네 사인츠를 내보내고 해밀턴 영입은 씨발..,생각할수록 화나네 사인츠를 내보내고 해밀턴 영입은 씨발..,0.8632068634033203
2024-03-24 13:43:11,페라리 원투는 안된다 ㅋㅋ,체코 드가자,31,31.0,페라리 원투는 안된다 ㅋㅋ 체코 드가자,페라리 원투는 안된다 ㅋㅋ 체코 드가자,0.3942471444606781
2024-03-24 13:43:15,근데 10위 11위 하스노 ㅋㅋ,ㅋㅋㅋㅋㅋㅋㅋㅋㅋ,31,31.0,근데 10위 11위 하스노 ㅋㅋ ㅋㅋㅋㅋㅋㅋㅋㅋㅋ,근데 10위 11위 하스노 ㅋㅋ ㅋㅋㅋㅋㅋㅋㅋㅋㅋ,0.4302143156528473
2024-03-24 13:43:16,드라이버 즈왑 ㄷㄷㄷㄷㄷㄷ,,31,31.0,드라이버 즈왑 ㄷㄷㄷㄷㄷㄷ ,드라이버 즈왑 ㄷㄷㄷㄷㄷㄷ,0.15673550963401794
2024-03-24 13:43:18,스왑시전 ㄷㄷㄷ,ㄷㄷ,31,31.0,스왑시전 ㄷㄷㄷ ㄷㄷ,스왑시전 ㄷㄷㄷ ㄷㄷ,0.5670830607414246
2024-03-24 13:43:18,피아제 나와 !!,,31,31.0,피아제 나와 !! ,피아제 나와 !!,0.28655651211738586
2024-03-24 13:43:18,피아제 팀오더 ㅋㅋ,,31,31.0,피아제 팀오더 ㅋㅋ ,피아제 팀오더 ㅋㅋ,0.46582749485969543
2024-03-24 13:43:19,팀오더ㅋㅋㅋㅋ,ㅋㅋㅋ,31,31.0,팀오더ㅋㅋㅋㅋ ㅋㅋㅋ,팀오더ㅋㅋㅋㅋ ㅋㅋㅋ,0.38129106163978577
2024-03-24 13:43:20,어어어,,31,31.0,어어어 ,어어어,0.12583360075950623
2024-03-24 13:43:24,사인츠 회광반조아님?,ㅈㄴ잘하노,31,31.0,사인츠 회광반조아님? ㅈㄴ잘하노,사인츠 회광반조아님? ㅈㄴ잘하노,0.1624642014503479
2024-03-24 13:43:25,스왑 ㅋㅋㅋㅋㅋ,,31,31.0,스왑 ㅋㅋㅋㅋㅋ ,스왑 ㅋㅋㅋㅋㅋ,0.5587409734725952
2024-03-24 13:43:27,아이고 ㅠㅠ,,31,31.0,아이고 ㅠㅠ ,아이고 ㅠㅠ,0.09770921617746353
2024-03-24 13:43:28,노리스 이즈 패스터 댄 유,ㅈㄱㄴ,31,31.0,노리스 이즈 패스터 댄 유 ㅈㄱㄴ,노리스 이즈 패스터 댄 유 ㅈㄱㄴ,0.7690547704696655
2024-03-24 13:43:29,피아제 스왑 ㅋㅋㅋㅋㅋㅋ,ㅋㅋㅋㅋㅋ,31,31.0,피아제 스왑 ㅋㅋㅋㅋㅋㅋ ㅋㅋㅋㅋㅋ,피아제 스왑 ㅋㅋㅋㅋㅋㅋ ㅋㅋㅋㅋㅋ,0.8890731334686279
2024-03-24 13:43:29,퍼스트 내보내고 메르 세컨 받은팀 ㅋㅋ,ㅋㅋ,31,31.0,퍼스트 내보내고 메르 세컨 받은팀 ㅋㅋ ㅋㅋ,퍼스트 내보내고 메르 세컨 받은팀 ㅋㅋ ㅋㅋ,0.6610189080238342
2024-03-24 13:43:31,맥라렌 드라이버 zwapㅋㅋㅋㅋ,"ㅋㅋㅋㅋ
- dc official App",31,31.0,"맥라렌 드라이버 zwapㅋㅋㅋㅋ ㅋㅋㅋㅋ
- dc official App",맥라렌 드라이버 zwapㅋㅋㅋㅋ ㅋㅋㅋㅋ - dc official App,0.48385265469551086
2024-03-24 13:43:34,오늘 재밌노 ㅋㅋㅋㅋㅋㅋㅋㅋㅋㅋ,ㅋㅋㅋㅋㅋㅋㅋㅋㅋㅋㅋㅋㅋㅋㅋ,31,31.0,오늘 재밌노 ㅋㅋㅋㅋㅋㅋㅋㅋㅋㅋ ㅋㅋㅋㅋㅋㅋㅋㅋㅋㅋㅋㅋㅋㅋㅋ,오늘 재밌노 ㅋㅋㅋㅋㅋㅋㅋㅋㅋㅋ ㅋㅋㅋㅋㅋㅋㅋㅋㅋㅋㅋㅋㅋㅋㅋ,0.10988539457321167
2024-03-24 13:43:33,누리스 수치풀 ㅋㅋㅋㅋㅋㅋㅋㅋㅋ,,31,31.0,누리스 수치풀 ㅋㅋㅋㅋㅋㅋㅋㅋㅋ ,누리스 수치풀 ㅋㅋㅋㅋㅋㅋㅋㅋㅋ,0.4086662530899048
2024-03-24 13:43:35,누리스: 비켮아,,31,31.0,누리스: 비켮아 ,누리스: 비켮아,0.1978965848684311
2024-03-24 13:43:36,캥거루들 오열 ㅠㅠㅠㅠㅠㅠ,ㅠㅠㅠㅠ,31,31.0,캥거루들 오열 ㅠㅠㅠㅠㅠㅠ ㅠㅠㅠㅠ,캥거루들 오열 ㅠㅠㅠㅠㅠㅠ ㅠㅠㅠㅠ,0.8356186747550964
2024-03-24 13:43:36,진찌 오늘 싸움들 살벌하네 ㅋㅋㅋㅋㅋㅋㅋㅋㅋㅋ,다들 진짜 진심이노 ㅋㅋㅋㅋㅋㅋㅋㅋㅋ,31,31.0,진찌 오늘 싸움들 살벌하네 ㅋㅋㅋㅋㅋㅋㅋㅋㅋㅋ 다들 진짜 진심이노 ㅋㅋㅋㅋㅋㅋㅋㅋㅋ,진찌 오늘 싸움들 살벌하네 ㅋㅋㅋㅋㅋㅋㅋㅋㅋㅋ 다들 진짜 진심이노 ㅋㅋㅋㅋㅋㅋㅋㅋㅋ,0.12405774742364883
2024-03-24 13:43:37,딸깍쇼 막기 위해 피아스트리 희생 ㅅㅂ,좆드불 개같노,31,31.0,딸깍쇼 막기 위해 피아스트리 희생 ㅅㅂ 좆드불 개같노,딸깍쇼 막기 위해 피아스트리 희생 ㅅㅂ 좆드불 개같노,0.9601622223854065
2024-03-24 13:43:38,발잇제 ㅋㅋㅋㅋㅋㅋㅋㅋㅋㅋㅋㅋㅋㅋㅋㅋㅋㅋㅋ,여러팀에서 써먹넼ㅋㅋㅋㅋㅋㅋㅋㅋㅋㅋㅋㅋㅋㅋㅋ,31,31.0,발잇제 ㅋㅋㅋㅋㅋㅋㅋㅋㅋㅋㅋㅋㅋㅋㅋㅋㅋㅋㅋ 여러팀에서 써먹넼ㅋㅋㅋㅋㅋㅋㅋㅋㅋㅋㅋㅋㅋㅋㅋ,발잇제 ㅋㅋㅋㅋㅋㅋㅋㅋㅋㅋㅋㅋㅋㅋㅋㅋㅋㅋㅋ 여러팀에서 써먹넼ㅋㅋㅋㅋㅋㅋㅋㅋㅋㅋㅋㅋㅋㅋㅋ,0.8710232377052307
2024-03-24 13:43:40,피아제 게이야 ㅋㅋㅋㅋㅋ,ㅋㅋㅋ,31,31.0,피아제 게이야 ㅋㅋㅋㅋㅋ ㅋㅋㅋ,피아제 게이야 ㅋㅋㅋㅋㅋ ㅋㅋㅋ,0.948513925075531
2024-03-24 13:43:40,홈 경기에서 순위 대주기 눈물나노,ㅠㅠ,31,31.0,홈 경기에서 순위 대주기 눈물나노 ㅠㅠ,홈 경기에서 순위 대주기 눈물나노 ㅠㅠ,0.06945005059242249
2024-03-24 13:43:42,막가놈 한명 빠지니까,모든팀이 이악물고뛴다 ㅋㅋㅋㅋㅋㅋㅋㅋㅋㅋㅋ,31,31.0,막가놈 한명 빠지니까 모든팀이 이악물고뛴다 ㅋㅋㅋㅋㅋㅋㅋㅋㅋㅋㅋ,막가놈 한명 빠지니까 모든팀이 이악물고뛴다 ㅋㅋㅋㅋㅋㅋㅋㅋㅋㅋㅋ,0.9036704301834106
2024-03-24 13:43:42,3초차이 되냐?,ㅋㅋㅋㅋ,31,31.0,3초차이 되냐? ㅋㅋㅋㅋ,3초차이 되냐? ㅋㅋㅋㅋ,0.8125339150428772
2024-03-24 13:43:42,어제 가슬리까던새끼들,"그래서 오콘 ㅇㄷ? 이 씨발롬들아
- dc official App",31,31.0,"어제 가슬리까던새끼들 그래서 오콘 ㅇㄷ? 이 씨발롬들아
- dc official App",어제 가슬리까던새끼들 그래서 오콘 ㅇㄷ? 이 씨발롬들아 - dc official App,0.9186825752258301
2024-03-24 13:43:47,ㅋㅋㅋㅋㅋㅋㅋㅋ,,31,31.0,ㅋㅋㅋㅋㅋㅋㅋㅋ ,ㅋㅋㅋㅋㅋㅋㅋㅋ,0.6340405941009521
2024-03-24 13:43:48,패스츄리 ㅠㅠ,- dc official App,31,31.0,패스츄리 ㅠㅠ - dc official App,패스츄리 ㅠㅠ - dc official App,0.0969502329826355
2024-03-24 13:43:48,호주팬들 개빡돌겠네,"대런 기록삭제 ㅋㅋㅋ
노리스에 양보 ㅋㅋㅋㅋ",31,31.0,"호주팬들 개빡돌겠네 대런 기록삭제 ㅋㅋㅋ
노리스에 양보 ㅋㅋㅋㅋ",호주팬들 개빡돌겠네 대런 기록삭제 ㅋㅋㅋ 노리스에 양보 ㅋㅋㅋㅋ,0.7725335359573364
2024-03-24 13:43:53,피아제 포디엄 가면 좋겠다,"노리스 말고
- dc official App",31,31.0,"피아제 포디엄 가면 좋겠다 노리스 말고
- dc official App",피아제 포디엄 가면 좋겠다 노리스 말고 - dc official App,0.11532057821750641
2024-03-24 13:43:53,맥누나들 표정 ㅋㅋㅋㅋㅋㅋㅋㅋㅋㅋㅋㅋ,,31,31.0,맥누나들 표정 ㅋㅋㅋㅋㅋㅋㅋㅋㅋㅋㅋㅋ ,맥누나들 표정 ㅋㅋㅋㅋㅋㅋㅋㅋㅋㅋㅋㅋ,0.6966859698295593
2024-03-24 13:43:57,씹정색하는거보소ㅋㅋㅋㅋㅋ,,31,31.0,씹정색하는거보소ㅋㅋㅋㅋㅋ ,씹정색하는거보소ㅋㅋㅋㅋㅋ,0.9212579131126404
2024-03-24 13:43:58,호주팬들 대침묵 ㅋㅋㅋㅋ,ㅋㅋㅋㅋ,31,31.0,호주팬들 대침묵 ㅋㅋㅋㅋ ㅋㅋㅋㅋ,호주팬들 대침묵 ㅋㅋㅋㅋ ㅋㅋㅋㅋ,0.8099565505981445
2024-03-24 13:43:57,[정보]F1 호주 gp 역사상 호주인의 포디움은 아직까지 없다.,,31,31.0,[정보]F1 호주 gp 역사상 호주인의 포디움은 아직까지 없다. ,[정보]F1 호주 gp 역사상 호주인의 포디움은 아직까지 없다.,0.6080845594406128
2024-03-24 13:43:58,그렇다면 저 다니엘 리카도 !!,,31,31.0,그렇다면 저 다니엘 리카도 !! ,그렇다면 저 다니엘 리카도 !!,0.14383915066719055
2024-03-24 13:44:00,어허 영국은 호주 부모야,부모님 보내드려야지,31,31.0,어허 영국은 호주 부모야 부모님 보내드려야지,어허 영국은 호주 부모야 부모님 보내드려야지,0.31399309635162354
2024-03-24 13:44:01,맥라렌 다 얼굴 굳었노ㅋㅋㅋㅋㅋㅋㅋㅋㅋ,,31,31.0,맥라렌 다 얼굴 굳었노ㅋㅋㅋㅋㅋㅋㅋㅋㅋ ,맥라렌 다 얼굴 굳었노ㅋㅋㅋㅋㅋㅋㅋㅋㅋ,0.9178160429000854
2024-03-24 13:44:02,내년에 가장 좆된건 페라리가 아니라 사인츠지 ㅇㅇ,"마라넬로는 알빠노고
아우디 간좀보지 말지
뭘 타도 레드불 가는거 아닌이상 페라리 이상가는 차 못탈텐데
저 폼으로 ㅅㅂ",31,31.0,"내년에 가장 좆된건 페라리가 아니라 사인츠지 ㅇㅇ 마라넬로는 알빠노고
아우디 간좀보지 말지
뭘 타도 레드불 가는거 아닌이상 페라리 이상가는 차 못탈텐데
저 폼으로 ㅅㅂ",내년에 가장 좆된건 페라리가 아니라 사인츠지 ㅇㅇ 마라넬로는 알빠노고 아우디 간좀보지 말지 뭘 타도 레드불 가는거 아닌이상 페라리 이상가는 차 못탈텐데 저 폼으로 ㅅㅂ,0.9599905610084534
2024-03-24 13:44:02,호주 파파야단 씹정색 ㅋㅋ,"속도로 증명해라
- dc official App",31,31.0,"호주 파파야단 씹정색 ㅋㅋ 속도로 증명해라
- dc official App",호주 파파야단 씹정색 ㅋㅋ 속도로 증명해라 - dc official App,0.5756022334098816
2024-03-24 13:44:05,팬들표정 ㅋㅋㅋㅋㅋㅋㅋㅋ,"쓰읍 ㅋㅋㅋㅋㅋ
- dc official App",31,31.0,"팬들표정 ㅋㅋㅋㅋㅋㅋㅋㅋ 쓰읍 ㅋㅋㅋㅋㅋ
- dc official App",팬들표정 ㅋㅋㅋㅋㅋㅋㅋㅋ 쓰읍 ㅋㅋㅋㅋㅋ - dc official App,0.5147184133529663
2024-03-24 13:44:05,피잇제 ㅋㅋㅋㅋㅋㅋㅋㅋㅋ,,31,31.0,피잇제 ㅋㅋㅋㅋㅋㅋㅋㅋㅋ ,피잇제 ㅋㅋㅋㅋㅋㅋㅋㅋㅋ,0.8013405203819275
2024-03-24 13:44:08,맥누나 표정 십창났노 ㅋㅋㅋㅋㅋㅋㅋ,,31,31.0,맥누나 표정 십창났노 ㅋㅋㅋㅋㅋㅋㅋ ,맥누나 표정 십창났노 ㅋㅋㅋㅋㅋㅋㅋ,0.9105153679847717
2024-03-24 13:44:09,앨버트 도서관 입개르,"헉
- dc official App",31,31.0,"앨버트 도서관 입개르 헉
- dc official App",앨버트 도서관 입개르 헉 - dc official App,0.1349373459815979
2024-03-24 13:44:09,해물탕 계약서 찢어버리고 사인지에게 빌고싶은 바수르는 개추,- dc official App,31,31.0,해물탕 계약서 찢어버리고 사인지에게 빌고싶은 바수르는 개추 - dc official App,해물탕 계약서 찢어버리고 사인지에게 빌고싶은 바수르는 개추 - dc official App,0.9430805444717407
2024-03-24 13:44:12,이번 호주 진짜 살벌하긴 하네,,31,31.0,이번 호주 진짜 살벌하긴 하네 ,이번 호주 진짜 살벌하긴 하네,0.08737296611070633
2024-03-24 13:44:13,호주팬들 단체로 실어증 ㅋㅋㅋ,ㅋㅋㅋ시무룩,31,31.0,호주팬들 단체로 실어증 ㅋㅋㅋ ㅋㅋㅋ시무룩,호주팬들 단체로 실어증 ㅋㅋㅋ ㅋㅋㅋ시무룩,0.9151285290718079
2024-03-24 13:44:15,팬들 표정 싹굳었노ㅋㅋㅋㅋㅋㅋㅋ,ㅋㅋㅋㅋㅋㅋㅋㅋㅋㅋㅋㅋㅋㅋㅋㅋㅋ,31,31.0,팬들 표정 싹굳었노ㅋㅋㅋㅋㅋㅋㅋ ㅋㅋㅋㅋㅋㅋㅋㅋㅋㅋㅋㅋㅋㅋㅋㅋㅋ,팬들 표정 싹굳었노ㅋㅋㅋㅋㅋㅋㅋ ㅋㅋㅋㅋㅋㅋㅋㅋㅋㅋㅋㅋㅋㅋㅋㅋㅋ,0.7434781193733215
2024-03-24 13:44:17,해밀턴 왜리타?,- dc official App,31,31.0,해밀턴 왜리타? - dc official App,해밀턴 왜리타? - dc official App,0.14522430300712585
2024-03-24 13:44:21,호주 코코넛단 준비,맥라렌 죽여라,32,32.0,호주 코코넛단 준비 맥라렌 죽여라,호주 코코넛단 준비 맥라렌 죽여라,0.7346770167350769
2024-03-24 13:44:24,분위기 ㅈ망 ㅋㅋㅋㅋㅋ,ㅋㅋㅋㅋㅋㅋ,32,32.0,분위기 ㅈ망 ㅋㅋㅋㅋㅋ ㅋㅋㅋㅋㅋㅋ,분위기 ㅈ망 ㅋㅋㅋㅋㅋ ㅋㅋㅋㅋㅋㅋ,0.8412028551101685
2024-03-24 13:44:27,홈타운인데 진짜 너무하노,,32,32.0,홈타운인데 진짜 너무하노 ,홈타운인데 진짜 너무하노,0.15851016342639923
2024-03-24 13:44:30,냉혹한 F1의 세계 ㄷㄷ,ㅋㅋㅋ,32,32.0,냉혹한 F1의 세계 ㄷㄷ ㅋㅋㅋ,냉혹한 F1의 세계 ㄷㄷ ㅋㅋㅋ,0.3734288215637207
2024-03-24 13:44:30,랜도이즈패스터댄유,캔유컨펌유언더수트드더메세지?,32,32.0,랜도이즈패스터댄유 캔유컨펌유언더수트드더메세지?,랜도이즈패스터댄유 캔유컨펌유언더수트드더메세지?,0.39715054631233215
2024-03-24 13:44:31,이렇게 된 이상 노리스가 무ㅜ라도 보여줘라,- dc official App,32,32.0,이렇게 된 이상 노리스가 무ㅜ라도 보여줘라 - dc official App,이렇게 된 이상 노리스가 무ㅜ라도 보여줘라 - dc official App,0.1754079908132553
2024-03-24 13:44:35,영연방 주제에 까라면 까야지,ㅋㅋㅋㅋ,32,32.0,영연방 주제에 까라면 까야지 ㅋㅋㅋㅋ,영연방 주제에 까라면 까야지 ㅋㅋㅋㅋ,0.9448824524879456
2024-03-24 13:44:34,스왑한거 치곤 ㅈㄴ느린데요,,32,32.0,스왑한거 치곤 ㅈㄴ느린데요 ,스왑한거 치곤 ㅈㄴ느린데요,0.41636592149734497
2024-03-24 13:44:36,노리스 빠르게 붙더니 설마 했는데,진짜 하네 ㅋㅋㅋㅋㅋㅋㅋㅋㅋ,32,32.0,노리스 빠르게 붙더니 설마 했는데 진짜 하네 ㅋㅋㅋㅋㅋㅋㅋㅋㅋ,노리스 빠르게 붙더니 설마 했는데 진짜 하네 ㅋㅋㅋㅋㅋㅋㅋㅋㅋ,0.15201155841350555
2024-03-24 13:44:39,병신 스핀같은거 한번만,ㅇㅇ,32,32.0,병신 스핀같은거 한번만 ㅇㅇ,병신 스핀같은거 한번만 ㅇㅇ,0.4453831613063812
2024-03-24 13:44:46,그래도 팀오더 해야됨,"개꿀잼
- dc official App",32,32.0,"그래도 팀오더 해야됨 개꿀잼
- dc official App",그래도 팀오더 해야됨 개꿀잼 - dc official App,0.11193018406629562
2024-03-24 13:44:55,그러네 세카 한번이면 무용지물이네,유키야 리카르도야 부탁해,32,32.0,그러네 세카 한번이면 무용지물이네 유키야 리카르도야 부탁해,그러네 세카 한번이면 무용지물이네 유키야 리카르도야 부탁해,0.15679503977298737
2024-03-24 13:45:11,페레즈 존나 느리네,걍 다시 따먹자,32,32.0,페레즈 존나 느리네 걍 다시 따먹자,페레즈 존나 느리네 걍 다시 따먹자,0.8955336809158325
2024-03-24 13:45:16,랜도 르끌 못잡으면 출국 못하겠노 ㅋㅋ,ㅋㅋ,32,32.0,랜도 르끌 못잡으면 출국 못하겠노 ㅋㅋ ㅋㅋ,랜도 르끌 못잡으면 출국 못하겠노 ㅋㅋ ㅋㅋ,0.8108236789703369
2024-03-24 13:45:20,체평행동 하나 안하냐,레메 안섞인 순수한 페멕근본 포디움 마려운데,32,32.0,체평행동 하나 안하냐 레메 안섞인 순수한 페멕근본 포디움 마려운데,체평행동 하나 안하냐 레메 안섞인 순수한 페멕근본 포디움 마려운데,0.7160986065864563
2024-03-24 13:45:25,사인지 시계 꼭쥐고 있노ㅋㅋㅋㅋㅋㅋ,,32,32.0,사인지 시계 꼭쥐고 있노ㅋㅋㅋㅋㅋㅋ ,사인지 시계 꼭쥐고 있노ㅋㅋㅋㅋㅋㅋ,0.4884369671344757
2024-03-24 13:45:34,대론소 1초안ㅋㅋㅋㅋㅋ,ㅋㅋㅋ,32,32.0,대론소 1초안ㅋㅋㅋㅋㅋ ㅋㅋㅋ,대론소 1초안ㅋㅋㅋㅋㅋ ㅋㅋㅋ,0.3961278796195984
2024-03-24 13:45:42,이건 누리스가 미끌레 못 잡아야 더 재밌어짐ㅋㅋㅋㅋ,ㅋㅋㅋㅋ,32,32.0,이건 누리스가 미끌레 못 잡아야 더 재밌어짐ㅋㅋㅋㅋ ㅋㅋㅋㅋ,이건 누리스가 미끌레 못 잡아야 더 재밌어짐ㅋㅋㅋㅋ ㅋㅋㅋㅋ,0.1254395991563797
2024-03-24 13:45:45,실시간 소리없이 멸망 중인 새끼,오콘 17위 ㅋㅋㅋ,33,33.0,실시간 소리없이 멸망 중인 새끼 오콘 17위 ㅋㅋㅋ,실시간 소리없이 멸망 중인 새끼 오콘 17위 ㅋㅋㅋ,0.8868884444236755
2024-03-24 13:45:50,설마 랜도한테 따이는거 아니지???,랜도한테 따이면 르끌 존나 팬다,33,33.0,설마 랜도한테 따이는거 아니지??? 랜도한테 따이면 르끌 존나 팬다,설마 랜도한테 따이는거 아니지??? 랜도한테 따이면 르끌 존나 팬다,0.9291146397590637
2024-03-24 13:45:52,대 인 츠,"르끌이랑 갭 계에에에속 벌어진다 ㅋㅋㅋ
- dc official App",33,33.0,"대 인 츠 르끌이랑 갭 계에에에속 벌어진다 ㅋㅋㅋ
- dc official App",대 인 츠 르끌이랑 갭 계에에에속 벌어진다 ㅋㅋㅋ - dc official App,0.8224351406097412
2024-03-24 13:45:57,체코 알국왕 추월했는데 왜 갭 안벌어짐?,병신임?,33,33.0,체코 알국왕 추월했는데 왜 갭 안벌어짐? 병신임?,체코 알국왕 추월했는데 왜 갭 안벌어짐? 병신임?,0.9186820387840271
2024-03-24 13:45:58,근데 체코가 사고 안내니까 이상하네,"작년엔 숨쉬듯이 사고냈는데
- dc official App",33,33.0,"근데 체코가 사고 안내니까 이상하네 작년엔 숨쉬듯이 사고냈는데
- dc official App",근데 체코가 사고 안내니까 이상하네 작년엔 숨쉬듯이 사고냈는데 - dc official App,0.5416468977928162
2024-03-24 13:46:02,알황제..,- dc official App,33,33.0,알황제.. - dc official App,알황제.. - dc official App,0.11667763441801071
2024-03-24 13:46:05,노리스 르끌 못 잡으면 살아서 못 나와...,,33,33.0,노리스 르끌 못 잡으면 살아서 못 나와... ,노리스 르끌 못 잡으면 살아서 못 나와...,0.5230776071548462
2024-03-24 13:46:10,알국왕 페레즈 보내주고 DRS주워먹기 전략이냐,,33,33.0,알국왕 페레즈 보내주고 DRS주워먹기 전략이냐 ,알국왕 페레즈 보내주고 DRS주워먹기 전략이냐,0.8605732321739197
2024-03-24 13:46:15,"""한국인 선수가 한국 그랑프리의 한국 서킷에서 달리는데,""","""갑자기 팀에서 순위 양보하래서 포디움 나가리되면 티비에 뭐 던지지 않겠어요?""
해설 ㅋㅋㅋㅋㅋㅋ",33,33.0,"""한국인 선수가 한국 그랑프리의 한국 서킷에서 달리는데,"" ""갑자기 팀에서 순위 양보하래서 포디움 나가리되면 티비에 뭐 던지지 않겠어요?""
해설 ㅋㅋㅋㅋㅋㅋ","""한국인 선수가 한국 그랑프리의 한국 서킷에서 달리는데,"" ""갑자기 팀에서 순위 양보하래서 포디움 나가리되면 티비에 뭐 던지지 않겠어요?"" 해설 ㅋㅋㅋㅋㅋㅋ",0.46578970551490784
2024-03-24 13:46:18,레드플랙만 아니면 된다,"사려줘 얘들아...
- dc official App",33,33.0,"레드플랙만 아니면 된다 사려줘 얘들아...
- dc official App",레드플랙만 아니면 된다 사려줘 얘들아... - dc official App,0.5266387462615967
2024-03-24 13:46:21,클라에어의 대인즈 ㄷㄷㄷㄷ 페이스 도랏,"ㄷㄷㄷ
- dc official App",33,33.0,"클라에어의 대인즈 ㄷㄷㄷㄷ 페이스 도랏 ㄷㄷㄷ
- dc official App",클라에어의 대인즈 ㄷㄷㄷㄷ 페이스 도랏 ㄷㄷㄷ - dc official App,0.1008896455168724
2024-03-24 13:46:21,알론소 체코 일부러 보내준거냐?,토잉 받으려고?,33,33.0,알론소 체코 일부러 보내준거냐? 토잉 받으려고?,알론소 체코 일부러 보내준거냐? 토잉 받으려고?,0.3575800061225891
2024-03-24 13:46:21,슬슬... 사고.... 안나나....,,33,33.0,슬슬... 사고.... 안나나.... ,슬슬... 사고.... 안나나....,0.18452993035316467
2024-03-24 13:46:29,노리스가 르끌 못잡으면 폭동난다,,33,33.0,노리스가 르끌 못잡으면 폭동난다 ,노리스가 르끌 못잡으면 폭동난다,0.28314146399497986
2024-03-24 13:46:38,오늘 이새끼 ㅈㄴ 실망이면 개추 ㅋㅋㅋ,3그리드 패널티 말고는 이상할 정도로 정상적임,33,33.0,오늘 이새끼 ㅈㄴ 실망이면 개추 ㅋㅋㅋ 3그리드 패널티 말고는 이상할 정도로 정상적임,오늘 이새끼 ㅈㄴ 실망이면 개추 ㅋㅋㅋ 3그리드 패널티 말고는 이상할 정도로 정상적임,0.7635098099708557
2024-03-24 13:46:40,맹장 무슨 20키로 짜리 달고 다녔냐,왤캐 날라댕겨,33,33.0,맹장 무슨 20키로 짜리 달고 다녔냐 왤캐 날라댕겨,맹장 무슨 20키로 짜리 달고 다녔냐 왤캐 날라댕겨,0.9309661388397217
2024-03-24 13:46:46,막스 없으면 재밌다면서요,재미는 언제 오는거에요?,33,33.0,막스 없으면 재밌다면서요 재미는 언제 오는거에요?,막스 없으면 재밌다면서요 재미는 언제 오는거에요?,0.16004601120948792
2024-03-24 13:46:47,사인지 맹장 떼고 경량화 돼서 그런가 개빠르네,ㄹㅇㅋㅋ,33,33.0,사인지 맹장 떼고 경량화 돼서 그런가 개빠르네 ㄹㅇㅋㅋ,사인지 맹장 떼고 경량화 돼서 그런가 개빠르네 ㄹㅇㅋㅋ,0.24337469041347504
2024-03-24 13:46:52,뇌에경로보이는사인츠는개추ㅋㅋ,사이보그수술받앗노,33,33.0,뇌에경로보이는사인츠는개추ㅋㅋ 사이보그수술받앗노,뇌에경로보이는사인츠는개추ㅋㅋ 사이보그수술받앗노,0.9414053559303284
2024-03-24 13:46:56,대론소 갑자기 뭐냐 ㄷㄷㄷㄷ,ㅈㄱㄴ,33,33.0,대론소 갑자기 뭐냐 ㄷㄷㄷㄷ ㅈㄱㄴ,대론소 갑자기 뭐냐 ㄷㄷㄷㄷ ㅈㄱㄴ,0.481664776802063
2024-03-24 13:46:56,크루징은 누가 해도 노잼이긴 하네...,"슬슬 뭐 하나 또 안터지냐
- dc official App",33,33.0,"크루징은 누가 해도 노잼이긴 하네... 슬슬 뭐 하나 또 안터지냐
- dc official App",크루징은 누가 해도 노잼이긴 하네... 슬슬 뭐 하나 또 안터지냐 - dc official App,0.5621514320373535
2024-03-24 13:47:00,개좆핀은 오늘도 개느리네,포인트 구경좀 하자 ㅅㅂ,33,33.0,개좆핀은 오늘도 개느리네 포인트 구경좀 하자 ㅅㅂ,개좆핀은 오늘도 개느리네 포인트 구경좀 하자 ㅅㅂ,0.9361068606376648
2024-03-24 13:47:02,슈마허의 영혼이 보듬어주신다...,하늘에선 평안하시길...,33,33.0,슈마허의 영혼이 보듬어주신다... 하늘에선 평안하시길...,슈마허의 영혼이 보듬어주신다... 하늘에선 평안하시길...,0.05657416954636574
2024-03-24 13:47:05,걍 포디움 양보로 끝날거같은데 ㅋㅋㅋ,"르끌 못잡을듯
걍 포디움 넘겨준걸로 끝날거같은데
한국이었으면 국민청원 투표 몇만명 이상이면 순위 돌려준다 하네요 하면서 서명운동 했을듯
누리스 sns 터져나가고",33,33.0,"걍 포디움 양보로 끝날거같은데 ㅋㅋㅋ 르끌 못잡을듯
걍 포디움 넘겨준걸로 끝날거같은데
한국이었으면 국민청원 투표 몇만명 이상이면 순위 돌려준다 하네요 하면서 서명운동 했을듯
누리스 sns 터져나가고",걍 포디움 양보로 끝날거같은데 ㅋㅋㅋ 르끌 못잡을듯 걍 포디움 넘겨준걸로 끝날거같은데 한국이었으면 국민청원 투표 몇만명 이상이면 순위 돌려준다 하네요 하면서 서명운동 했을듯 누리스 sns 터져나가고,0.2866770327091217
2024-03-24 13:47:06,르끌레 일부러 늦게 달리는거임 ??,"갭 차이가 저렇게 벌어진자고 ?
- dc official App",33,33.0,"르끌레 일부러 늦게 달리는거임 ?? 갭 차이가 저렇게 벌어진자고 ?
- dc official App",르끌레 일부러 늦게 달리는거임 ?? 갭 차이가 저렇게 벌어진자고 ? - dc official App,0.28057149052619934
2024-03-24 13:47:09,확실히 몽없싸왕이네,싱가폴도 호주도,34,34.0,확실히 몽없싸왕이네 싱가폴도 호주도,확실히 몽없싸왕이네 싱가폴도 호주도,0.6766582727432251
2024-03-24 13:47:13,진심 맹장수술로 경량화 한건가,,34,34.0,진심 맹장수술로 경량화 한건가 ,진심 맹장수술로 경량화 한건가,0.21593724191188812
2024-03-24 13:47:15,페라리는 저런 드라이버를 왜 내치는거죠?,"자발적 은퇴인가요?
- dc official App",34,34.0,"페라리는 저런 드라이버를 왜 내치는거죠? 자발적 은퇴인가요?
- dc official App",페라리는 저런 드라이버를 왜 내치는거죠? 자발적 은퇴인가요? - dc official App,0.5542368292808533
2024-03-24 13:47:17,18위를 영입할라고 1위를 버리노 ㅋㅋㅋㅋㅋ,대 라 리,34,34.0,18위를 영입할라고 1위를 버리노 ㅋㅋㅋㅋㅋ 대 라 리,18위를 영입할라고 1위를 버리노 ㅋㅋㅋㅋㅋ 대 라 리,0.9365103840827942
2024-03-24 13:47:22,황론소 맹렬한 추격 ㄷㄷㄷ,ㄷㄷ,34,34.0,황론소 맹렬한 추격 ㄷㄷㄷ ㄷㄷ,황론소 맹렬한 추격 ㄷㄷㄷ ㄷㄷ,0.06725289672613144
2024-03-24 13:47:26,???:카를로스 이즈 패스터 댄 유,ㅋㅋㅋㅋ,34,34.0,???:카를로스 이즈 패스터 댄 유 ㅋㅋㅋㅋ,???:카를로스 이즈 패스터 댄 유 ㅋㅋㅋㅋ,0.48740991950035095
2024-03-24 13:47:34,알핀 잘하는데?,7챔이랑 챔쉽 리더 따잇한거 보면 개잘하는거 아님?(진짜 모름),34,34.0,알핀 잘하는데? 7챔이랑 챔쉽 리더 따잇한거 보면 개잘하는거 아님?(진짜 모름),알핀 잘하는데? 7챔이랑 챔쉽 리더 따잇한거 보면 개잘하는거 아님?(진짜 모름),0.21289750933647156
2024-03-24 13:47:36,르끌은 사인츠 밀어주고 페이스조절하는거 같다,맥라렌 못쫓아갈듯,34,34.0,르끌은 사인츠 밀어주고 페이스조절하는거 같다 맥라렌 못쫓아갈듯,르끌은 사인츠 밀어주고 페이스조절하는거 같다 맥라렌 못쫓아갈듯,0.41067492961883545
2024-03-24 13:47:39,메르는 이제 잘하는게 뭐임?,진짜 모름,34,34.0,메르는 이제 잘하는게 뭐임? 진짜 모름,메르는 이제 잘하는게 뭐임? 진짜 모름,0.7927946448326111
2024-03-24 13:47:42,국왕넴 사자행동 제발ㅋㅋㅋㅋ,,34,34.0,국왕넴 사자행동 제발ㅋㅋㅋㅋ ,국왕넴 사자행동 제발ㅋㅋㅋㅋ,0.3493591248989105
2024-03-24 13:47:45,알론소 일부러 보내줬나봄ㅋㅋㅋ,DRS 계속 빨아먹으려고 ㅋㅋㅋ,34,34.0,알론소 일부러 보내줬나봄ㅋㅋㅋ DRS 계속 빨아먹으려고 ㅋㅋㅋ,알론소 일부러 보내줬나봄ㅋㅋㅋ DRS 계속 빨아먹으려고 ㅋㅋㅋ,0.7088372707366943
2024-03-24 13:47:59,옐로 플랙 안뜨나,,34,34.0,옐로 플랙 안뜨나 ,옐로 플랙 안뜨나,0.11387484520673752
2024-03-24 13:48:01,국왕님 다시 추격 중,,34,34.0,국왕님 다시 추격 중 ,국왕님 다시 추격 중,0.06438847631216049
2024-03-24 13:48:02,저런 사인츠 버리고 1400억에 퇴물탕 쓰기,,34,34.0,저런 사인츠 버리고 1400억에 퇴물탕 쓰기 ,저런 사인츠 버리고 1400억에 퇴물탕 쓰기,0.923303484916687
2024-03-24 13:48:17,국왕님 drs 달달하노ㅋㅋㅋ,ㅋㅋㅋ,34,34.0,국왕님 drs 달달하노ㅋㅋㅋ ㅋㅋㅋ,국왕님 drs 달달하노ㅋㅋㅋ ㅋㅋㅋ,0.8238778114318848
2024-03-24 13:48:23,^딸깍^ vs 우주방어 ㅋㅋㅋ,- dc official App,34,34.0,^딸깍^ vs 우주방어 ㅋㅋㅋ - dc official App,^딸깍^ vs 우주방어 ㅋㅋㅋ - dc official App,0.8500582575798035
2024-03-24 13:48:28,국왕님 개쩐다 진짜,ㅇ,34,34.0,국왕님 개쩐다 진짜 ㅇ,국왕님 개쩐다 진짜 ㅇ,0.07579880207777023
2024-03-24 13:48:33,사인츠 딴 데 가기 전에 월챔 가능?,저런 애 왜 내치고 물탕이 받냐,35,35.0,사인츠 딴 데 가기 전에 월챔 가능? 저런 애 왜 내치고 물탕이 받냐,사인츠 딴 데 가기 전에 월챔 가능? 저런 애 왜 내치고 물탕이 받냐,0.9093877077102661
2024-03-24 13:48:36,대론소 딸깍 운영 개웃기네 ㅋㅋㅋㅋㅋ,ㅋㅋㅋ,35,35.0,대론소 딸깍 운영 개웃기네 ㅋㅋㅋㅋㅋ ㅋㅋㅋ,대론소 딸깍 운영 개웃기네 ㅋㅋㅋㅋㅋ ㅋㅋㅋ,0.6765456199645996
2024-03-24 13:48:53,일부러 보냈다니 ㅋㅋ,클린에어 상태로 앞에서 달리는게 100번이득이지,35,35.0,일부러 보냈다니 ㅋㅋ 클린에어 상태로 앞에서 달리는게 100번이득이지,일부러 보냈다니 ㅋㅋ 클린에어 상태로 앞에서 달리는게 100번이득이지,0.2576262056827545
2024-03-24 13:49:01,딸깍충 참교육 개웃기네ㅋㅋㅋㅋㅋ,,35,35.0,딸깍충 참교육 개웃기네ㅋㅋㅋㅋㅋ ,딸깍충 참교육 개웃기네ㅋㅋㅋㅋㅋ,0.942158579826355
2024-03-24 13:49:09,"""레드불은 로켓 같다""",지금 레드불 차,35,35.0,"""레드불은 로켓 같다"" 지금 레드불 차","""레드불은 로켓 같다"" 지금 레드불 차",0.07963045686483383
2024-03-24 13:49:10,미끌 왤케 느려,,35,35.0,미끌 왤케 느려 ,미끌 왤케 느려,0.15268932282924652
2024-03-24 13:49:13,알론소 병신 등골 야무지게 빠네,,35,35.0,알론소 병신 등골 야무지게 빠네 ,알론소 병신 등골 야무지게 빠네,0.9539939165115356
2024-03-24 13:49:14,DRS 맛있다 쪼옵,"병신 국왕님 전용 부스터행 ㅋㅋㅋㅋㅋ
- dc official App",35,35.0,"DRS 맛있다 쪼옵 병신 국왕님 전용 부스터행 ㅋㅋㅋㅋㅋ
- dc official App",DRS 맛있다 쪼옵 병신 국왕님 전용 부스터행 ㅋㅋㅋㅋㅋ - dc official App,0.9412509202957153
2024-03-24 13:49:25,르끌 페이스 좀 더 내줘,,35,35.0,르끌 페이스 좀 더 내줘 ,르끌 페이스 좀 더 내줘,0.15394924581050873
2024-03-24 13:49:26,노리스 잘붙고 있네,올라가자 올라가자,35,35.0,노리스 잘붙고 있네 올라가자 올라가자,노리스 잘붙고 있네 올라가자 올라가자,0.06719405949115753
2024-03-24 13:49:26,지금 경기가 올해 젤 재밌는 경기지?,- dc official App,35,35.0,지금 경기가 올해 젤 재밌는 경기지? - dc official App,지금 경기가 올해 젤 재밌는 경기지? - dc official App,0.0764230340719223
2024-03-24 13:49:32,미끌레 뭔 사인지보다 반초느리네,느그퍼스트,35,35.0,미끌레 뭔 사인지보다 반초느리네 느그퍼스트,미끌레 뭔 사인지보다 반초느리네 느그퍼스트,0.937542200088501
2024-03-24 13:49:35,르클은뭐하냐???,제발좀더달려줘,35,35.0,르클은뭐하냐??? 제발좀더달려줘,르클은뭐하냐??? 제발좀더달려줘,0.4686494469642639
2024-03-24 13:49:36,르끌 맥라렌 맹공 막아낼수있나..?,"ㄷㄷ
- dc official App",35,35.0,"르끌 맥라렌 맹공 막아낼수있나..? ㄷㄷ
- dc official App",르끌 맥라렌 맹공 막아낼수있나..? ㄷㄷ - dc official App,0.3382667303085327
2024-03-24 13:49:45,쿠팡 비트레이트 좀 올려줘..,1080인데도 다 깨지면서 보이네,35,35.0,쿠팡 비트레이트 좀 올려줘.. 1080인데도 다 깨지면서 보이네,쿠팡 비트레이트 좀 올려줘.. 1080인데도 다 깨지면서 보이네,0.20397107303142548
2024-03-24 13:49:47,막스 리타이어함?,ㅇㅇ,35,35.0,막스 리타이어함? ㅇㅇ,막스 리타이어함? ㅇㅇ,0.2861913740634918
2024-03-24 13:49:48,피아스트리는 계속 벌어지네,포디움 ㅅㅂ,35,35.0,피아스트리는 계속 벌어지네 포디움 ㅅㅂ,피아스트리는 계속 벌어지네 포디움 ㅅㅂ,0.2635669410228729
2024-03-24 13:49:51,르끌 잡히겠는데,점점 가까워지노,35,35.0,르끌 잡히겠는데 점점 가까워지노,르끌 잡히겠는데 점점 가까워지노,0.11906106024980545
2024-03-24 13:49:51,슬슬 미끌레르 위험 높아질땐데,"에읔
- dc official App",35,35.0,"슬슬 미끌레르 위험 높아질땐데 에읔
- dc official App",슬슬 미끌레르 위험 높아질땐데 에읔 - dc official App,0.1729993373155594
2024-03-24 13:49:53,"나만 맥라렌 2,3등 보이냐??",르끌 타이어 관리 안됬는데,35,35.0,"나만 맥라렌 2,3등 보이냐?? 르끌 타이어 관리 안됬는데","나만 맥라렌 2,3등 보이냐?? 르끌 타이어 관리 안됬는데",0.6866326332092285
2024-03-24 13:49:56,사인츠 차가 이 차로 보인다,f2004,35,35.0,사인츠 차가 이 차로 보인다 f2004,사인츠 차가 이 차로 보인다 f2004,0.12075435370206833
2024-03-24 13:50:10,뭐 하나 터지면 하스 더블포인트 각인디 ㅋㅋ,기대된다 이것도 ㅋㅋ,36,36.0,뭐 하나 터지면 하스 더블포인트 각인디 ㅋㅋ 기대된다 이것도 ㅋㅋ,뭐 하나 터지면 하스 더블포인트 각인디 ㅋㅋ 기대된다 이것도 ㅋㅋ,0.09476026147603989
2024-03-24 13:50:13,이게 세컨의 중요성이다,"몽골놈 리타됐을때 최대한 포인트 따줘야하는데
현실은 5위에 묶여 빌빌대는중",36,36.0,"이게 세컨의 중요성이다 몽골놈 리타됐을때 최대한 포인트 따줘야하는데
현실은 5위에 묶여 빌빌대는중",이게 세컨의 중요성이다 몽골놈 리타됐을때 최대한 포인트 따줘야하는데 현실은 5위에 묶여 빌빌대는중,0.9336746335029602
2024-03-24 13:50:13,그냥 시발 보타스,"막랩 가까이 오면 소프트 바꾸고 패렙으로 1포 먹으면 어떨까...  ㅋㅋㅋㅋㅋ
- dc official App",36,36.0,"그냥 시발 보타스 막랩 가까이 오면 소프트 바꾸고 패렙으로 1포 먹으면 어떨까...  ㅋㅋㅋㅋㅋ
- dc official App",그냥 시발 보타스 막랩 가까이 오면 소프트 바꾸고 패렙으로 1포 먹으면 어떨까... ㅋㅋㅋㅋㅋ - dc official App,0.3381308317184448
2024-03-24 13:50:31,페레즈 이 개새끼 존나 느리네,피아제랑 격차 벌어지는거 보소 아 ㅋㅋㅋ,36,36.0,페레즈 이 개새끼 존나 느리네 피아제랑 격차 벌어지는거 보소 아 ㅋㅋㅋ,페레즈 이 개새끼 존나 느리네 피아제랑 격차 벌어지는거 보소 아 ㅋㅋㅋ,0.9551317691802979
2024-03-24 13:50:38,자 멜버른 콘스탄티노플 공방전 드가자,스파게티 월 ㄱㄱ혓,36,36.0,자 멜버른 콘스탄티노플 공방전 드가자 스파게티 월 ㄱㄱ혓,자 멜버른 콘스탄티노플 공방전 드가자 스파게티 월 ㄱㄱ혓,0.507436990737915
2024-03-24 13:50:39,해설 패레즈 겁나 싫어하네 ㅋㅋㅋ,"저번 경기도 그렇고 계속딸려고만 하네 ㅋㅋㅋ
- dc official App",36,36.0,"해설 패레즈 겁나 싫어하네 ㅋㅋㅋ 저번 경기도 그렇고 계속딸려고만 하네 ㅋㅋㅋ
- dc official App",해설 패레즈 겁나 싫어하네 ㅋㅋㅋ 저번 경기도 그렇고 계속딸려고만 하네 ㅋㅋㅋ - dc official App,0.738698422908783
2024-03-24 13:50:46,병신 계속 느려지네 ㅋㅋㅋㅋ,ㅋㅋㅋ,36,36.0,병신 계속 느려지네 ㅋㅋㅋㅋ ㅋㅋㅋ,병신 계속 느려지네 ㅋㅋㅋㅋ ㅋㅋㅋ,0.7840121984481812
2024-03-24 13:50:46,타이어이즈곤,,36,36.0,타이어이즈곤 ,타이어이즈곤,0.2653181254863739
2024-03-24 13:50:51,노리스 페이스보면 막을수없는 수준인데,"ㅋㅋ
- dc official App",36,36.0,"노리스 페이스보면 막을수없는 수준인데 ㅋㅋ
- dc official App",노리스 페이스보면 막을수없는 수준인데 ㅋㅋ - dc official App,0.15358667075634003
2024-03-24 13:50:54,야 사인츠랑 르끌레르랑 이름 존나 햇갈리지않음??,"한명은 이름이 카를로스고 한명은 이름이 르끌레르여서
둘다 스페인,멕시코인같은데
한명만 멕시코튀기처럼 생겨서
존나 햇갈리지않음??ㅇㅅㅇ
샤를 사인츠
카를로스 르끌레르
이래야되는데ㅇㅇ",36,36.0,"야 사인츠랑 르끌레르랑 이름 존나 햇갈리지않음?? 한명은 이름이 카를로스고 한명은 이름이 르끌레르여서
둘다 스페인,멕시코인같은데
한명만 멕시코튀기처럼 생겨서
존나 햇갈리지않음??ㅇㅅㅇ
샤를 사인츠
카를로스 르끌레르
이래야되는데ㅇㅇ","야 사인츠랑 르끌레르랑 이름 존나 햇갈리지않음?? 한명은 이름이 카를로스고 한명은 이름이 르끌레르여서 둘다 스페인,멕시코인같은데 한명만 멕시코튀기처럼 생겨서 존나 햇갈리지않음??ㅇㅅㅇ 샤를 사인츠 카를로스 르끌레르 이래야되는데ㅇㅇ",0.8635761737823486
2024-03-24 13:50:54,MytyreisGon,"복스복스 복스복스
- dc official App",36,36.0,"MytyreisGon 복스복스 복스복스
- dc official App",MytyreisGon 복스복스 복스복스 - dc official App,0.20567171275615692
2024-03-24 13:50:55,르끌 ㅅㅂ,,36,36.0,르끌 ㅅㅂ ,르끌 ㅅㅂ,0.7222036719322205
2024-03-24 13:50:57,르끌 따이겠다,- dc official App,36,36.0,르끌 따이겠다 - dc official App,르끌 따이겠다 - dc official App,0.7239174246788025
2024-03-24 13:50:58,같은차에 이정도 차이면 몽골 체코급 아님?,;;,36,36.0,같은차에 이정도 차이면 몽골 체코급 아님? ;;,같은차에 이정도 차이면 몽골 체코급 아님? ;;,0.5382680296897888
2024-03-24 13:50:59,페레즈 개못하네,맥한테 다가가질 못하노,36,36.0,페레즈 개못하네 맥한테 다가가질 못하노,페레즈 개못하네 맥한테 다가가질 못하노,0.91490238904953
2024-03-24 13:51:18,똥끌레르 씨발아,"ㅋㅋ
- dc official App",36,36.0,"똥끌레르 씨발아 ㅋㅋ
- dc official App",똥끌레르 씨발아 ㅋㅋ - dc official App,0.9424713850021362
2024-03-24 13:51:18,물탕이대신 오랜만에 마이타이어이즈 곤 ㅋㅋㅋ,ㅋㅋㅋㅋㅋㅋㅋㅋ,36,36.0,물탕이대신 오랜만에 마이타이어이즈 곤 ㅋㅋㅋ ㅋㅋㅋㅋㅋㅋㅋㅋ,물탕이대신 오랜만에 마이타이어이즈 곤 ㅋㅋㅋ ㅋㅋㅋㅋㅋㅋㅋㅋ,0.29888996481895447
2024-03-24 13:51:22,리카도 타이어 바꾼지 좀 된거같은데 못 넘어가네,에헤이,36,36.0,리카도 타이어 바꾼지 좀 된거같은데 못 넘어가네 에헤이,리카도 타이어 바꾼지 좀 된거같은데 못 넘어가네 에헤이,0.10933825373649597
2024-03-24 13:51:24,씨발 페라리가 다른 강점기랑 다른게 뭐냐,"저게 해밀턴보타스면 메르강점이고 막스페레즈면 레드불 강점인데 왜 좋아하는거냐
퍼스트가 1위로 인터벌 10초씩 벌리고 세컨이 크루징하고 이거 늘 니네가 좆노잼이라고 욕했던 거잖음
도대체 왜 좋아하는거임 씨발?",37,37.0,"씨발 페라리가 다른 강점기랑 다른게 뭐냐 저게 해밀턴보타스면 메르강점이고 막스페레즈면 레드불 강점인데 왜 좋아하는거냐
퍼스트가 1위로 인터벌 10초씩 벌리고 세컨이 크루징하고 이거 늘 니네가 좆노잼이라고 욕했던 거잖음
도대체 왜 좋아하는거임 씨발?",씨발 페라리가 다른 강점기랑 다른게 뭐냐 저게 해밀턴보타스면 메르강점이고 막스페레즈면 레드불 강점인데 왜 좋아하는거냐 퍼스트가 1위로 인터벌 10초씩 벌리고 세컨이 크루징하고 이거 늘 니네가 좆노잼이라고 욕했던 거잖음 도대체 왜 좋아하는거임 씨발?,0.9323118329048157
2024-03-24 13:51:25,타이어 갔네 르끌레,피트인할듯,37,37.0,타이어 갔네 르끌레 피트인할듯,타이어 갔네 르끌레 피트인할듯,0.48914986848831177
2024-03-24 13:51:26,맥라렌 페이크ㅋㅋ,오오옹,37,37.0,맥라렌 페이크ㅋㅋ 오오옹,맥라렌 페이크ㅋㅋ 오오옹,0.317952036857605
2024-03-24 13:51:31,황 라 리,"빨랐다
- dc official App",37,37.0,"황 라 리 빨랐다
- dc official App",황 라 리 빨랐다 - dc official App,0.09721356630325317
2024-03-24 13:51:34,황라리 2.1ㄷㄷㄷㄷㄷ,,37,37.0,황라리 2.1ㄷㄷㄷㄷㄷ ,황라리 2.1ㄷㄷㄷㄷㄷ,0.8397919535636902
2024-03-24 13:51:37,2.1 ㅅㅅㅅㅅㅅㅅ,,37,37.0,2.1 ㅅㅅㅅㅅㅅㅅ ,2.1 ㅅㅅㅅㅅㅅㅅ,0.3961688280105591
2024-03-24 13:51:38,2.1 지리노 ㄷㄷ,ㄷ,37,37.0,2.1 지리노 ㄷㄷ ㄷ,2.1 지리노 ㄷㄷ ㄷ,0.6982980370521545
2024-03-24 13:51:41,황라리 2.1 ㅋㅋㅋㅋㅋㅋㅋㅋ,오우,37,37.0,황라리 2.1 ㅋㅋㅋㅋㅋㅋㅋㅋ 오우,황라리 2.1 ㅋㅋㅋㅋㅋㅋㅋㅋ 오우,0.8911505937576294
2024-03-24 13:51:43,2ㅣ1 굿,,37,37.0,2ㅣ1 굿 ,2ㅣ1 굿,0.10003489255905151
2024-03-24 13:51:43,2.1컄ㅋㅋㅋㅋㅋ,,37,37.0,2.1컄ㅋㅋㅋㅋㅋ ,2.1컄ㅋㅋㅋㅋㅋ,0.8989599347114563
2024-03-24 13:51:44,2.1?ㅋㅋㅋㅋㅋㅋㅋㅋㅋ,존나빠르네진짜,37,37.0,2.1?ㅋㅋㅋㅋㅋㅋㅋㅋㅋ 존나빠르네진짜,2.1?ㅋㅋㅋㅋㅋㅋㅋㅋㅋ 존나빠르네진짜,0.8251620531082153
2024-03-24 13:51:44,2.1 섹스 ㅅㅅㅅ,.,37,37.0,2.1 섹스 ㅅㅅㅅ .,2.1 섹스 ㅅㅅㅅ .,0.9336560368537903
2024-03-24 13:51:44,아니 페라리 뭐냐,ㄷㄷ,37,37.0,아니 페라리 뭐냐 ㄷㄷ,아니 페라리 뭐냐 ㄷㄷ,0.11662263423204422
2024-03-24 13:51:48,국왕님 사자행동으로 좀 도와줘 제발ㅋㅋㅋㅋㅋ,,37,37.0,국왕님 사자행동으로 좀 도와줘 제발ㅋㅋㅋㅋㅋ ,국왕님 사자행동으로 좀 도와줘 제발ㅋㅋㅋㅋㅋ,0.5760868787765503
2024-03-24 13:51:52,대라리 미쳤다 걍,"이게맞냐????
- dc official App",37,37.0,"대라리 미쳤다 걍 이게맞냐????
- dc official App",대라리 미쳤다 걍 이게맞냐???? - dc official App,0.7001497745513916
2024-03-24 13:51:54,대 라 리,,37,37.0,대 라 리 ,대 라 리,0.5527421236038208
2024-03-24 13:51:56,이거 22 영국아니냐,메르만 애마로 바뀌었네,37,37.0,이거 22 영국아니냐 메르만 애마로 바뀌었네,이거 22 영국아니냐 메르만 애마로 바뀌었네,0.18728189170360565
2024-03-24 13:51:56,르끌 선 밟은듯?,"ㅋㅋㅋ
- dc official App",37,37.0,"르끌 선 밟은듯? ㅋㅋㅋ
- dc official App",르끌 선 밟은듯? ㅋㅋㅋ - dc official App,0.3786656856536865
2024-03-24 13:51:56,사인츠는 지금 fa로이드상태지,"장기계약 박았으면
지금 퍼포먼스 아니다",37,37.0,"사인츠는 지금 fa로이드상태지 장기계약 박았으면
지금 퍼포먼스 아니다",사인츠는 지금 fa로이드상태지 장기계약 박았으면 지금 퍼포먼스 아니다,0.26401376724243164
2024-03-24 13:51:57,대라리 계산 미쳤노 ㅋㅋㅋㅋㅋㅋㅋㅋ,,37,37.0,대라리 계산 미쳤노 ㅋㅋㅋㅋㅋㅋㅋㅋ ,대라리 계산 미쳤노 ㅋㅋㅋㅋㅋㅋㅋㅋ,0.8967719078063965
2024-03-24 13:52:01,대 라 리,"2.1초 섹섹보
- dc official App",37,37.0,"대 라 리 2.1초 섹섹보
- dc official App",대 라 리 2.1초 섹섹보 - dc official App,0.9541605114936829
2024-03-24 13:52:02,아니 병신 왜 애마를 못따돌리냐,,37,37.0,아니 병신 왜 애마를 못따돌리냐 ,아니 병신 왜 애마를 못따돌리냐,0.9596893191337585
2024-03-24 13:52:02,페라리가 2.1 ??,,37,37.0,페라리가 2.1 ?? ,페라리가 2.1 ??,0.26105600595474243
2024-03-24 13:52:05,미끌레 밟은거 아니노?ㅋㅋㅋㅋ,,37,37.0,미끌레 밟은거 아니노?ㅋㅋㅋㅋ ,미끌레 밟은거 아니노?ㅋㅋㅋㅋ,0.8325966596603394
2024-03-24 13:52:07,Again 2021,ㅋㅋ,37,37.0,Again 2021 ㅋㅋ,Again 2021 ㅋㅋ,0.13316339254379272
2024-03-24 13:52:07,르 페 알 치열하노ㅋㅋㅋㅋㅋㅋㅋ,,37,37.0,르 페 알 치열하노ㅋㅋㅋㅋㅋㅋㅋ ,르 페 알 치열하노ㅋㅋㅋㅋㅋㅋㅋ,0.6019460558891296
2024-03-24 13:52:12,속보)프레드릭 바수르 응급실,후회~하고있어요~,37,37.0,속보)프레드릭 바수르 응급실 후회~하고있어요~,속보)프레드릭 바수르 응급실 후회~하고있어요~,0.10464843362569809
2024-03-24 13:52:14,케로 티포시 불안하게 만드네 ㅋㅋㅋㅋ,ㅋㅋㅋㅋㅋㅋㅋㅋㅋㅋ,37,37.0,케로 티포시 불안하게 만드네 ㅋㅋㅋㅋ ㅋㅋㅋㅋㅋㅋㅋㅋㅋㅋ,케로 티포시 불안하게 만드네 ㅋㅋㅋㅋ ㅋㅋㅋㅋㅋㅋㅋㅋㅋㅋ,0.26816463470458984
2024-03-24 13:52:20,역시 페라리 퍼스트 ㅋㅋ,"대 인 츠
- dc official App",37,37.0,"역시 페라리 퍼스트 ㅋㅋ 대 인 츠
- dc official App",역시 페라리 퍼스트 ㅋㅋ 대 인 츠 - dc official App,0.10286030173301697
2024-03-24 13:52:23,선 밟으면 2.1 의미 없어지는데,ㅅㅂ,37,37.0,선 밟으면 2.1 의미 없어지는데 ㅅㅂ,선 밟으면 2.1 의미 없어지는데 ㅅㅂ,0.6863337755203247
2024-03-24 13:52:29,맥 더블포디움 가나,,37,37.0,맥 더블포디움 가나 ,맥 더블포디움 가나,0.0867844894528389
2024-03-24 13:52:40,페레즈는 저 차로 저렇게 타면..,"......
- dc official App",37,37.0,"페레즈는 저 차로 저렇게 타면.. ......
- dc official App",페레즈는 저 차로 저렇게 타면.. ...... - dc official App,0.17093105614185333
2024-03-24 13:52:52,체코 핏인,,38,38.0,체코 핏인 ,체코 핏인,0.26001015305519104
2024-03-24 13:52:55,사인츠 피트 한번 들어가겠지?,"끝까진 못쓰겠는데
- dc official App",38,38.0,"사인츠 피트 한번 들어가겠지? 끝까진 못쓰겠는데
- dc official App",사인츠 피트 한번 들어가겠지? 끝까진 못쓰겠는데 - dc official App,0.13467298448085785
2024-03-24 13:52:55,뭐야 관우 언제 11등꺼지 왔냐?,,38,38.0,뭐야 관우 언제 11등꺼지 왔냐? ,뭐야 관우 언제 11등꺼지 왔냐?,0.2527409493923187
2024-03-24 13:52:55,실시간 좆된 새끼 ㅋㅋㅋㅋㅋㅋ,사전트 차 뺏어타고 노 포인트 ㅋㅋㅋㅋㅋㅋ,38,38.0,실시간 좆된 새끼 ㅋㅋㅋㅋㅋㅋ 사전트 차 뺏어타고 노 포인트 ㅋㅋㅋㅋㅋㅋ,실시간 좆된 새끼 ㅋㅋㅋㅋㅋㅋ 사전트 차 뺏어타고 노 포인트 ㅋㅋㅋㅋㅋㅋ,0.9439847469329834
2024-03-24 13:53:00,체코 역시 실망시키지 않는 군 ㅋ,"컄
- dc official App",38,38.0,"체코 역시 실망시키지 않는 군 ㅋ 컄
- dc official App",체코 역시 실망시키지 않는 군 ㅋ 컄 - dc official App,0.7697641253471375
2024-03-24 13:53:08,알국왕 완전 능구렁이네,오늘 볼 수 있는 이득은 다보신,38,38.0,알국왕 완전 능구렁이네 오늘 볼 수 있는 이득은 다보신,알국왕 완전 능구렁이네 오늘 볼 수 있는 이득은 다보신,0.932858407497406
2024-03-24 13:53:11,방금 바닥에 있는거 막스 브레이크 아니냐ㅋㅋㅋ,ㅅㅂㅋㅋㅋㅋㅋ,38,38.0,방금 바닥에 있는거 막스 브레이크 아니냐ㅋㅋㅋ ㅅㅂㅋㅋㅋㅋㅋ,방금 바닥에 있는거 막스 브레이크 아니냐ㅋㅋㅋ ㅅㅂㅋㅋㅋㅋㅋ,0.6459940671920776
2024-03-24 13:53:14,막스 똥뿌린거 그대로 있네 ㅋㅋㅋ,,38,38.0,막스 똥뿌린거 그대로 있네 ㅋㅋㅋ ,막스 똥뿌린거 그대로 있네 ㅋㅋㅋ,0.9121377468109131
2024-03-24 13:53:32,미끌ㅋㅋㅋ,,38,38.0,미끌ㅋㅋㅋ ,미끌ㅋㅋㅋ,0.6548734307289124
2024-03-24 13:53:30,병신 슬립 ㅋㅋㅋㅋㅋ,- dc official App,38,38.0,병신 슬립 ㅋㅋㅋㅋㅋ - dc official App,병신 슬립 ㅋㅋㅋㅋㅋ - dc official App,0.35111004114151
2024-03-24 13:53:32,안데펴졌노,ㅋㅋ,38,38.0,안데펴졌노 ㅋㅋ,안데펴졌노 ㅋㅋ,0.7755595445632935
2024-03-24 13:53:44,아니 진짜 이대로가면 막랩 존나 기대되네 어찌될지,ㅋㅋㅋ,38,38.0,아니 진짜 이대로가면 막랩 존나 기대되네 어찌될지 ㅋㅋㅋ,아니 진짜 이대로가면 막랩 존나 기대되네 어찌될지 ㅋㅋㅋ,0.10815411061048508
2024-03-24 13:53:46,가슬리 p10,"ㅅㅅㅅㅅㅅ
- dc official App",38,38.0,"가슬리 p10 ㅅㅅㅅㅅㅅ
- dc official App",가슬리 p10 ㅅㅅㅅㅅㅅ - dc official App,0.27545276284217834
2024-03-24 13:53:49,저우 페널티있음?,,38,38.0,저우 페널티있음? ,저우 페널티있음?,0.21235226094722748
2024-03-24 13:53:51,자우버 이 병신,- dc official App,38,38.0,자우버 이 병신 - dc official App,자우버 이 병신 - dc official App,0.1474151909351349
2024-03-24 13:53:51,자우버 씨발 진짜,,38,38.0,자우버 씨발 진짜 ,자우버 씨발 진짜,0.7781465649604797
2024-03-24 13:53:51,자우버 ㅋㅋㅋㅋㅋ,,38,38.0,자우버 ㅋㅋㅋㅋㅋ ,자우버 ㅋㅋㅋㅋㅋ,0.7846395373344421
2024-03-24 13:53:52,자우버 이 개새끼들 진짜,아오,38,38.0,자우버 이 개새끼들 진짜 아오,자우버 이 개새끼들 진짜 아오,0.9305246472358704
2024-03-24 13:53:51,야이 씨발 엄마 없냐 자우버 씨발새끼들아,,38,38.0,야이 씨발 엄마 없냐 자우버 씨발새끼들아 ,야이 씨발 엄마 없냐 자우버 씨발새끼들아,0.9536284804344177
2024-03-24 13:53:52,저새끼들은 진짜 뭐임,ㅇ,38,38.0,저새끼들은 진짜 뭐임 ㅇ,저새끼들은 진짜 뭐임 ㅇ,0.9049758911132812
2024-03-24 13:53:52,장애버 씨발 ㅋㅋㅋㅋ,,38,38.0,장애버 씨발 ㅋㅋㅋㅋ ,장애버 씨발 ㅋㅋㅋㅋ,0.9402411580085754
2024-03-24 13:53:52,아 이 미친새끼들 진짜,,38,38.0,아 이 미친새끼들 진짜 ,아 이 미친새끼들 진짜,0.8441734313964844
2024-03-24 13:53:55,자우버는 진짜 장사 접어라,,38,38.0,자우버는 진짜 장사 접어라 ,자우버는 진짜 장사 접어라,0.8655737638473511
2024-03-24 13:53:55,저우 리타?,,38,38.0,저우 리타? ,저우 리타?,0.4080602824687958
2024-03-24 13:53:55,자우버 저새끼는 또 왜저러노,,38,38.0,자우버 저새끼는 또 왜저러노 ,자우버 저새끼는 또 왜저러노,0.8656516671180725
2024-03-24 13:53:57,개우버 또지랄 ㅋㅋㅋㅋ,,38,38.0,개우버 또지랄 ㅋㅋㅋㅋ ,개우버 또지랄 ㅋㅋㅋㅋ,0.9218089580535889
2024-03-24 13:53:57,자우버 유사 F1팀 ㅋㅋㅋ,뭐하냐 ㅋㅋㅋㅋㅋㅋㅋㅋ,38,38.0,자우버 유사 F1팀 ㅋㅋㅋ 뭐하냐 ㅋㅋㅋㅋㅋㅋㅋㅋ,자우버 유사 F1팀 ㅋㅋㅋ 뭐하냐 ㅋㅋㅋㅋㅋㅋㅋㅋ,0.9121822118759155
2024-03-24 13:53:58,또 자우버 ㅋㅋ,"ㅋㅋㅋ
- dc official App",38,38.0,"또 자우버 ㅋㅋ ㅋㅋㅋ
- dc official App",또 자우버 ㅋㅋ ㅋㅋㅋ - dc official App,0.43409278988838196
2024-03-24 13:53:59,레드불 전략도 병신이네 ㅋㅋㅋㅋㅋ,"핏스탑 이후 나오는데가 다 등신같이 나와 ㅋㅋㅋㅋ
이번엔 츠노다 뒤에서 나와 ㅋㅋ",38,38.0,"레드불 전략도 병신이네 ㅋㅋㅋㅋㅋ 핏스탑 이후 나오는데가 다 등신같이 나와 ㅋㅋㅋㅋ
이번엔 츠노다 뒤에서 나와 ㅋㅋ",레드불 전략도 병신이네 ㅋㅋㅋㅋㅋ 핏스탑 이후 나오는데가 다 등신같이 나와 ㅋㅋㅋㅋ 이번엔 츠노다 뒤에서 나와 ㅋㅋ,0.923816442489624
2024-03-24 13:53:59,핏스탑 할 때마다 지랄 ㅋㅋㅋㅋㅋㅋㅋㅋㅋㅋ,,38,38.0,핏스탑 할 때마다 지랄 ㅋㅋㅋㅋㅋㅋㅋㅋㅋㅋ ,핏스탑 할 때마다 지랄 ㅋㅋㅋㅋㅋㅋㅋㅋㅋㅋ,0.6704025268554688
2024-03-24 13:53:59,또냐 이뱡신들은,,38,38.0,또냐 이뱡신들은 ,또냐 이뱡신들은,0.922581136226654
2024-03-24 13:54:00,자우버 시발 뭐하냐ㅋㅋㅋ,ㅋㅋㅋ,38,38.0,자우버 시발 뭐하냐ㅋㅋㅋ ㅋㅋㅋ,자우버 시발 뭐하냐ㅋㅋㅋ ㅋㅋㅋ,0.8933770060539246
2024-03-24 13:54:01,자우버는 걍 접어라,씨발 피트에서 몇번쨰노 ㅋㅋㅋㅋㅋㅋ,38,38.0,자우버는 걍 접어라 씨발 피트에서 몇번쨰노 ㅋㅋㅋㅋㅋㅋ,자우버는 걍 접어라 씨발 피트에서 몇번쨰노 ㅋㅋㅋㅋㅋㅋ,0.9482823610305786
2024-03-24 13:54:01,?ㅋㄱㅋㄱㅋㄱㄱㅋㄱㅋㄱㄱㅋㄱㅋ또우버,ㅆㅂ,38,38.0,?ㅋㄱㅋㄱㅋㄱㄱㅋㄱㅋㄱㄱㅋㄱㅋ또우버 ㅆㅂ,?ㅋㄱㅋㄱㅋㄱㄱㅋㄱㅋㄱㄱㅋㄱㅋ또우버 ㅆㅂ,0.8427260518074036
2024-03-24 13:54:02,자우버 뭐하는데 ㅋㅋㅋㅋㅋㅋㅋㅋㅋㅋㅋㅋ,저새끼들 진짜 뭐함?,38,38.0,자우버 뭐하는데 ㅋㅋㅋㅋㅋㅋㅋㅋㅋㅋㅋㅋ 저새끼들 진짜 뭐함?,자우버 뭐하는데 ㅋㅋㅋㅋㅋㅋㅋㅋㅋㅋㅋㅋ 저새끼들 진짜 뭐함?,0.9460936188697815
2024-03-24 13:54:02,자우버 와 저러노,,38,38.0,자우버 와 저러노 ,자우버 와 저러노,0.49638572335243225
2024-03-24 13:54:02,또우버 미친놈들ㅋㅋㅋㅋㅋㅋ,ㅋㅋㅋㅋㅋ,38,38.0,또우버 미친놈들ㅋㅋㅋㅋㅋㅋ ㅋㅋㅋㅋㅋ,또우버 미친놈들ㅋㅋㅋㅋㅋㅋ ㅋㅋㅋㅋㅋ,0.9100039005279541
2024-03-24 13:54:03,자우버 셀프페널티ㅋㅋㅋㅋ,ㅋㅋㅋㅋ,38,38.0,자우버 셀프페널티ㅋㅋㅋㅋ ㅋㅋㅋㅋ,자우버 셀프페널티ㅋㅋㅋㅋ ㅋㅋㅋㅋ,0.5753443241119385
2024-03-24 13:54:04,셀프 페널티 ㅋㅋㅋㅋㅋㅋㅋㅋ,"뭐하는새끼들이야
- dc official App",38,38.0,"셀프 페널티 ㅋㅋㅋㅋㅋㅋㅋㅋ 뭐하는새끼들이야
- dc official App",셀프 페널티 ㅋㅋㅋㅋㅋㅋㅋㅋ 뭐하는새끼들이야 - dc official App,0.9058314561843872
2024-03-24 13:54:05,또 자우버 ㅋㅋㅋㅋㅋㅋㅋㅋㅋㅋㅋㅋㅋㅋㅋ,"너넨 가라.
- dc official App",38,38.0,"또 자우버 ㅋㅋㅋㅋㅋㅋㅋㅋㅋㅋㅋㅋㅋㅋㅋ 너넨 가라.
- dc official App",또 자우버 ㅋㅋㅋㅋㅋㅋㅋㅋㅋㅋㅋㅋㅋㅋㅋ 너넨 가라. - dc official App,0.9299277663230896
2024-03-24 13:54:06,또 너야?,,38,38.0,또 너야? ,또 너야?,0.6680664420127869
2024-03-24 13:54:04,짱유 멸망이네,- dc official App,38,38.0,짱유 멸망이네 - dc official App,짱유 멸망이네 - dc official App,0.8632398247718811
2024-03-24 13:54:08,와 진짜 자우버 씨발팀ㅋㅋㅋㅋㅋㅋㅋㅋㅋㅋㅋ,,38,38.0,와 진짜 자우버 씨발팀ㅋㅋㅋㅋㅋㅋㅋㅋㅋㅋㅋ ,와 진짜 자우버 씨발팀ㅋㅋㅋㅋㅋㅋㅋㅋㅋㅋㅋ,0.8553431034088135
2024-03-24 13:54:12,휠건좀 바꿔 병신들아,아오,39,39.0,휠건좀 바꿔 병신들아 아오,휠건좀 바꿔 병신들아 아오,0.8456768989562988
2024-03-24 13:54:13,자체 페널티 이러네ㅋㅋㅋㅋㅋㅋㅋㅋㅋㅋ,,39,39.0,자체 페널티 이러네ㅋㅋㅋㅋㅋㅋㅋㅋㅋㅋ ,자체 페널티 이러네ㅋㅋㅋㅋㅋㅋㅋㅋㅋㅋ,0.7096324563026428
2024-03-24 13:54:14,자우버는 또 뭐하노 놀랍지도 않네,아오,39,39.0,자우버는 또 뭐하노 놀랍지도 않네 아오,자우버는 또 뭐하노 놀랍지도 않네 아오,0.5318515300750732
2024-03-24 13:54:16,자우버 팬은 아니지만 볼때마다 꼴받네 시발 ㅋㅋㅋㅋㅋ,쟤들 뭐하냐 ㅋㅋㅋㅋㅋ,39,39.0,자우버 팬은 아니지만 볼때마다 꼴받네 시발 ㅋㅋㅋㅋㅋ 쟤들 뭐하냐 ㅋㅋㅋㅋㅋ,자우버 팬은 아니지만 볼때마다 꼴받네 시발 ㅋㅋㅋㅋㅋ 쟤들 뭐하냐 ㅋㅋㅋㅋㅋ,0.9491182565689087
2024-03-24 13:54:16,자우버의 피트스탑은 찐빠를 보장합니다,레전드,39,39.0,자우버의 피트스탑은 찐빠를 보장합니다 레전드,자우버의 피트스탑은 찐빠를 보장합니다 레전드,0.1454920768737793
2024-03-24 13:54:16,패널티 ㅇㅈㄹ ㅋㅋㅋ,"ㅋㅋㅋ
- dc official App",39,39.0,"패널티 ㅇㅈㄹ ㅋㅋㅋ ㅋㅋㅋ
- dc official App",패널티 ㅇㅈㄹ ㅋㅋㅋ ㅋㅋㅋ - dc official App,0.5041640400886536
2024-03-24 13:54:17,자체패널티? 이지랄 ㅋㅋㅋㅋㅋㅋㅋㅋㅋㅋ,,39,39.0,자체패널티? 이지랄 ㅋㅋㅋㅋㅋㅋㅋㅋㅋㅋ ,자체패널티? 이지랄 ㅋㅋㅋㅋㅋㅋㅋㅋㅋㅋ,0.8885401487350464
2024-03-24 13:54:18,매 레이스마다 피트에서 좆박는 새끼들ㅋㅋ,병신ㅋㅋㅋㅋㅋㅋㅋ,39,39.0,매 레이스마다 피트에서 좆박는 새끼들ㅋㅋ 병신ㅋㅋㅋㅋㅋㅋㅋ,매 레이스마다 피트에서 좆박는 새끼들ㅋㅋ 병신ㅋㅋㅋㅋㅋㅋㅋ,0.9545682072639465
2024-03-24 13:54:19,레전드네시발ㅋㅋ,개웃기네,39,39.0,레전드네시발ㅋㅋ 개웃기네,레전드네시발ㅋㅋ 개웃기네,0.3626960217952728
2024-03-24 13:54:19,자체페널티임?,십ㅋㅋㅋ,39,39.0,자체페널티임? 십ㅋㅋㅋ,자체페널티임? 십ㅋㅋㅋ,0.8630995750427246
2024-03-24 13:54:19,짱 뭐함????,,39,39.0,짱 뭐함???? ,짱 뭐함????,0.8436626195907593
2024-03-24 13:54:20,이 씨발 또 ㅋㅋㅋㅋㅋㅋㅋ,진짜 레전드네,39,39.0,이 씨발 또 ㅋㅋㅋㅋㅋㅋㅋ 진짜 레전드네,이 씨발 또 ㅋㅋㅋㅋㅋㅋㅋ 진짜 레전드네,0.8919743299484253
2024-03-24 13:54:21,또우버 뭐해 병신들아,병신들ㅋㅋㅋ,39,39.0,또우버 뭐해 병신들아 병신들ㅋㅋㅋ,또우버 뭐해 병신들아 병신들ㅋㅋㅋ,0.9448047876358032
2024-03-24 13:54:23,자우버 미친놈들ㅋㅋㅋㅋㅋㅋㅋㅋㅋ,핏크루 싹다 빠따해라ㅋㅋㅋㅋㅋㅋ,39,39.0,자우버 미친놈들ㅋㅋㅋㅋㅋㅋㅋㅋㅋ 핏크루 싹다 빠따해라ㅋㅋㅋㅋㅋㅋ,자우버 미친놈들ㅋㅋㅋㅋㅋㅋㅋㅋㅋ 핏크루 싹다 빠따해라ㅋㅋㅋㅋㅋㅋ,0.9399791359901428
2024-03-24 13:54:23,자우버 피트에 꿀발라놓음?,ㅋㅋㅋㅋㅅㅂ,39,39.0,자우버 피트에 꿀발라놓음? ㅋㅋㅋㅋㅅㅂ,자우버 피트에 꿀발라놓음? ㅋㅋㅋㅋㅅㅂ,0.9395503401756287
2024-03-24 13:54:25,자우버 또 개지랄 on ㅋㅋㅋ,"ㅋㅋㅋㅋ
- dc official App",39,39.0,"자우버 또 개지랄 on ㅋㅋㅋ ㅋㅋㅋㅋ
- dc official App",자우버 또 개지랄 on ㅋㅋㅋ ㅋㅋㅋㅋ - dc official App,0.9178993701934814
2024-03-24 13:54:36,자우버 걍 팀 접고 안드레티한테 시드 줘라,,39,39.0,자우버 걍 팀 접고 안드레티한테 시드 줘라 ,자우버 걍 팀 접고 안드레티한테 시드 줘라,0.5019862651824951
2024-03-24 13:54:37,자체 패널티도 먹이네,굳,39,39.0,자체 패널티도 먹이네 굳,자체 패널티도 먹이네 굳,0.14503243565559387
2024-03-24 13:54:38,얘내는 휠건 바꿀 돈도 없나,진짜 ㅋㅋㅋㅋㅋㅋㅋㅋㅋㅋㅋㅋ,39,39.0,얘내는 휠건 바꿀 돈도 없나 진짜 ㅋㅋㅋㅋㅋㅋㅋㅋㅋㅋㅋㅋ,얘내는 휠건 바꿀 돈도 없나 진짜 ㅋㅋㅋㅋㅋㅋㅋㅋㅋㅋㅋㅋ,0.9239029288291931
2024-03-24 13:54:39,저우 11위까지 올려놨는데 다시 꼬라박노ㅋㅋㅋ,ㅋㅋㅋ,39,39.0,저우 11위까지 올려놨는데 다시 꼬라박노ㅋㅋㅋ ㅋㅋㅋ,저우 11위까지 올려놨는데 다시 꼬라박노ㅋㅋㅋ ㅋㅋㅋ,0.8531158566474915
2024-03-24 13:54:40,알리나사 또 야마났냐,"아오
- dc official App",39,39.0,"알리나사 또 야마났냐 아오
- dc official App",알리나사 또 야마났냐 아오 - dc official App,0.3601500988006592
2024-03-24 13:54:41,츠노다 잘달린다,- dc official App,39,39.0,츠노다 잘달린다 - dc official App,츠노다 잘달린다 - dc official App,0.09335841983556747
2024-03-24 13:54:44,킥은 신생팀이냐,핏 크루들 다 갈고 새로뽑았나 ㅅㅂㅋㅋ,39,39.0,킥은 신생팀이냐 핏 크루들 다 갈고 새로뽑았나 ㅅㅂㅋㅋ,킥은 신생팀이냐 핏 크루들 다 갈고 새로뽑았나 ㅅㅂㅋㅋ,0.8520140051841736
2024-03-24 13:54:46,FIA에서 경고해야 되는 거 아님?,저게 어떻게 F1이야 씨발ㅋㅋ,39,39.0,FIA에서 경고해야 되는 거 아님? 저게 어떻게 F1이야 씨발ㅋㅋ,FIA에서 경고해야 되는 거 아님? 저게 어떻게 F1이야 씨발ㅋㅋ,0.8077890276908875
2024-03-24 13:54:46,역시 페라리 우승은 이분 ㅋㅋ,"보여주시잖아 ㅋㅋ
- dc official App",39,39.0,"역시 페라리 우승은 이분 ㅋㅋ 보여주시잖아 ㅋㅋ
- dc official App",역시 페라리 우승은 이분 ㅋㅋ 보여주시잖아 ㅋㅋ - dc official App,0.07697586715221405
2024-03-24 13:54:47,케로햄 ㅈㄴ 웃기네 ㅋㅋㅋㅋㅋㅋㅋㅋㅋ,자체 패널티? ㅋㅋㅋㅋㅋㅋㅋㅋㅋㅋ,39,39.0,케로햄 ㅈㄴ 웃기네 ㅋㅋㅋㅋㅋㅋㅋㅋㅋ 자체 패널티? ㅋㅋㅋㅋㅋㅋㅋㅋㅋㅋ,케로햄 ㅈㄴ 웃기네 ㅋㅋㅋㅋㅋㅋㅋㅋㅋ 자체 패널티? ㅋㅋㅋㅋㅋㅋㅋㅋㅋㅋ,0.7067309021949768
2024-03-24 13:54:51,저딴게 씨발 팀이냐,개판이네ㅋㅋㅋㅋㅋㅋ,39,39.0,저딴게 씨발 팀이냐 개판이네ㅋㅋㅋㅋㅋㅋ,저딴게 씨발 팀이냐 개판이네ㅋㅋㅋㅋㅋㅋ,0.9281537532806396
2024-03-24 13:54:51,자우버 피트vs 알핀,뭐가 더 빠름?,39,39.0,자우버 피트vs 알핀 뭐가 더 빠름?,자우버 피트vs 알핀 뭐가 더 빠름?,0.24161525070667267
2024-03-24 13:54:57,뭔데 왜 몽물out대전임,뭐고,39,39.0,뭔데 왜 몽물out대전임 뭐고,뭔데 왜 몽물out대전임 뭐고,0.5200338363647461
2024-03-24 13:54:58,아니 씨발 관우랑 보타스가 포인트권까지 가면 뭐하냐고 씨발 매경기 핏스탑,에서 찐빠나고 꼴아박는디,39,39.0,아니 씨발 관우랑 보타스가 포인트권까지 가면 뭐하냐고 씨발 매경기 핏스탑 에서 찐빠나고 꼴아박는디,아니 씨발 관우랑 보타스가 포인트권까지 가면 뭐하냐고 씨발 매경기 핏스탑 에서 찐빠나고 꼴아박는디,0.8598496317863464
2024-03-24 13:55:00,알훌대전 웅장하다 ㅋㅋㅋ,ㅋ,39,39.0,알훌대전 웅장하다 ㅋㅋㅋ ㅋ,알훌대전 웅장하다 ㅋㅋㅋ ㅋ,0.10448852181434631
2024-03-24 13:55:00,진짜 차량개발 잠시 멈추고 줄빠따질 해야지,저게 뭐임,39,39.0,진짜 차량개발 잠시 멈추고 줄빠따질 해야지 저게 뭐임,진짜 차량개발 잠시 멈추고 줄빠따질 해야지 저게 뭐임,0.7783005237579346
2024-03-24 13:55:01,저우 포인트 피니시 가능하냐? → 바로 피트스탑 지랄ㅋㅋㅋ,장애버 ㅋㅋㅋ,39,39.0,저우 포인트 피니시 가능하냐? → 바로 피트스탑 지랄ㅋㅋㅋ 장애버 ㅋㅋㅋ,저우 포인트 피니시 가능하냐? → 바로 피트스탑 지랄ㅋㅋㅋ 장애버 ㅋㅋㅋ,0.9005534052848816
2024-03-24 13:55:07,쏘 데인저러스 ㅋㅋㅋㅋ,ㅋㅋㅋ,39,39.0,쏘 데인저러스 ㅋㅋㅋㅋ ㅋㅋㅋ,쏘 데인저러스 ㅋㅋㅋㅋ ㅋㅋㅋ,0.39073285460472107
2024-03-24 13:55:10,뭐냐? 이제 왔는데 해물탕 몽골 서로 받았냐?,왜 둘이 사이좋게 리타이어임? 아 이걸 놓쳤네,39,39.0,뭐냐? 이제 왔는데 해물탕 몽골 서로 받았냐? 왜 둘이 사이좋게 리타이어임? 아 이걸 놓쳤네,뭐냐? 이제 왔는데 해물탕 몽골 서로 받았냐? 왜 둘이 사이좋게 리타이어임? 아 이걸 놓쳤네,0.7035870552062988
2024-03-24 13:55:23,혼자만 F2피트스탑 하고있노ㅋㅋㅋㅋㅋㅋㅋㅋㅋㅋ,,39,39.0,혼자만 F2피트스탑 하고있노ㅋㅋㅋㅋㅋㅋㅋㅋㅋㅋ ,혼자만 F2피트스탑 하고있노ㅋㅋㅋㅋㅋㅋㅋㅋㅋㅋ,0.6295479536056519
2024-03-24 13:55:29,자세 ㅈㄴ 요염하노ㅋㅋ,ㅋㅋ,39,39.0,자세 ㅈㄴ 요염하노ㅋㅋ ㅋㅋ,자세 ㅈㄴ 요염하노ㅋㅋ ㅋㅋ,0.4009147584438324
2024-03-24 13:55:29,실시간 ㄹㅇ 좆된 새끼,오늘 ㅈㄴ 잘해도 저딴 팀 가야되는 새끼,39,39.0,실시간 ㄹㅇ 좆된 새끼 오늘 ㅈㄴ 잘해도 저딴 팀 가야되는 새끼,실시간 ㄹㅇ 좆된 새끼 오늘 ㅈㄴ 잘해도 저딴 팀 가야되는 새끼,0.933997631072998
2024-03-24 13:55:33,가~슬리~,"가슬리까는 새끼들 전부 ㄷㅊ라~
- dc official App",39,39.0,"가~슬리~ 가슬리까는 새끼들 전부 ㄷㅊ라~
- dc official App",가~슬리~ 가슬리까는 새끼들 전부 ㄷㅊ라~ - dc official App,0.8968822956085205
2024-03-24 13:55:48,졸음 쉼터 운영으로 드라이버 복지 챙기는 자우버,억까모지?,40,40.0,졸음 쉼터 운영으로 드라이버 복지 챙기는 자우버 억까모지?,졸음 쉼터 운영으로 드라이버 복지 챙기는 자우버 억까모지?,0.9296796321868896
2024-03-24 13:55:48,르끌 페랩 ㄷㄷ,,40,40.0,르끌 페랩 ㄷㄷ ,르끌 페랩 ㄷㄷ,0.18895898759365082
2024-03-24 13:55:51,1위 크루징 재미없다,하품나옴,40,40.0,1위 크루징 재미없다 하품나옴,1위 크루징 재미없다 하품나옴,0.3979446291923523
2024-03-24 13:55:54,우리 퍼스트 패랩ㅋㅋㅋ,대 라 리,40,40.0,우리 퍼스트 패랩ㅋㅋㅋ 대 라 리,우리 퍼스트 패랩ㅋㅋㅋ 대 라 리,0.6351498365402222
2024-03-24 13:55:58,이쯤되면 호주가 약속의 땅아니냐,ㅈㄴ재밌네ㅋㅋㅋㅋ,40,40.0,이쯤되면 호주가 약속의 땅아니냐 ㅈㄴ재밌네ㅋㅋㅋㅋ,이쯤되면 호주가 약속의 땅아니냐 ㅈㄴ재밌네ㅋㅋㅋㅋ,0.16362248361110687
2024-03-24 13:56:02,르끌 패랩 ㅋㅋㅋㅋ,"새타이어 좋네
- dc official App",40,40.0,"르끌 패랩 ㅋㅋㅋㅋ 새타이어 좋네
- dc official App",르끌 패랩 ㅋㅋㅋㅋ 새타이어 좋네 - dc official App,0.16397637128829956
2024-03-24 13:56:08,자우버는 핏스탑 지랄만 안했으면 저자리는 아니겠는데,"아오 등신들
- dc official App",40,40.0,"자우버는 핏스탑 지랄만 안했으면 저자리는 아니겠는데 아오 등신들
- dc official App",자우버는 핏스탑 지랄만 안했으면 저자리는 아니겠는데 아오 등신들 - dc official App,0.9104564785957336
2024-03-24 13:56:17,셒카주세요,"ㅈㅂ
- dc official App",40,40.0,"셒카주세요 ㅈㅂ
- dc official App",셒카주세요 ㅈㅂ - dc official App,0.8522723317146301
2024-03-24 13:56:22,좆우버는 하다하다 개좆핀한테 따이네,,40,40.0,좆우버는 하다하다 개좆핀한테 따이네 ,좆우버는 하다하다 개좆핀한테 따이네,0.9508954882621765
2024-03-24 13:56:24,사인츠 미디엄끼고 나오려나,,40,40.0,사인츠 미디엄끼고 나오려나 ,사인츠 미디엄끼고 나오려나,0.2689700126647949
2024-03-24 13:56:34,알핀 트윗ㅋㅋㅋㅋ,약빨았노ㅋㅋㅋ,40,40.0,알핀 트윗ㅋㅋㅋㅋ 약빨았노ㅋㅋㅋ,알핀 트윗ㅋㅋㅋㅋ 약빨았노ㅋㅋㅋ,0.9504445195198059
2024-03-24 13:56:40,근데 자우버는 피트스탑 탓이라도하지,대런은 진짜 뭐함..?,40,40.0,근데 자우버는 피트스탑 탓이라도하지 대런은 진짜 뭐함..?,근데 자우버는 피트스탑 탓이라도하지 대런은 진짜 뭐함..?,0.263886034488678
2024-03-24 13:56:41,자우버 진짜 지금까지 2-3포인트는 챙겼어야했는데,ㅇ에혀 시발,40,40.0,자우버 진짜 지금까지 2-3포인트는 챙겼어야했는데 ㅇ에혀 시발,자우버 진짜 지금까지 2-3포인트는 챙겼어야했는데 ㅇ에혀 시발,0.8460088968276978
2024-03-24 13:56:44,르끌 패랩 먹었노ㅋㅋㅋ,ㅋㅋㅋ,40,40.0,르끌 패랩 먹었노ㅋㅋㅋ ㅋㅋㅋ,르끌 패랩 먹었노ㅋㅋㅋ ㅋㅋㅋ,0.7241143584251404
2024-03-24 13:56:44,자우버 원투냐 ㅋㅋ 왜케잡아줘 ㅋㅋㅋ,ㅋㅋㅋㅋㅋㅋ,40,40.0,자우버 원투냐 ㅋㅋ 왜케잡아줘 ㅋㅋㅋ ㅋㅋㅋㅋㅋㅋ,자우버 원투냐 ㅋㅋ 왜케잡아줘 ㅋㅋㅋ ㅋㅋㅋㅋㅋㅋ,0.7624801397323608
2024-03-24 13:56:52,첨부터 브레이끼 맛이 갔었다네,ㅇㅅㅇ,40,40.0,첨부터 브레이끼 맛이 갔었다네 ㅇㅅㅇ,첨부터 브레이끼 맛이 갔었다네 ㅇㅅㅇ,0.5880969762802124
2024-03-24 13:56:54,잘해서 클립보여주노ㅋㅋㅋㅋ,,40,40.0,잘해서 클립보여주노ㅋㅋㅋㅋ ,잘해서 클립보여주노ㅋㅋㅋㅋ,0.32950735092163086
2024-03-24 13:56:58,❗+❗+페라리 요약❗+❗+,- dc official App,41,41.0,❗+❗+페라리 요약❗+❗+ - dc official App,❗+❗+페라리 요약❗+❗+ - dc official App,0.30072352290153503
2024-03-24 13:56:58,자우버 프론트 레프트 휠거너 짤리는거 아니냐?,"ㅋㅋㅋㅋ
- dc official App",41,41.0,"자우버 프론트 레프트 휠거너 짤리는거 아니냐? ㅋㅋㅋㅋ
- dc official App",자우버 프론트 레프트 휠거너 짤리는거 아니냐? ㅋㅋㅋㅋ - dc official App,0.2733849883079529
2024-03-24 13:57:00,자우버 ㅋㅋㅋㅋㅋㅋㅋㅋ,,41,41.0,자우버 ㅋㅋㅋㅋㅋㅋㅋㅋ ,자우버 ㅋㅋㅋㅋㅋㅋㅋㅋ,0.8119069337844849
2024-03-24 13:57:03,요거는 잘했네요,"3.8초 ㅋㅋㅋㅋㅋㅋㅋㅋ
- dc official App",41,41.0,"요거는 잘했네요 3.8초 ㅋㅋㅋㅋㅋㅋㅋㅋ
- dc official App",요거는 잘했네요 3.8초 ㅋㅋㅋㅋㅋㅋㅋㅋ - dc official App,0.10801029205322266
2024-03-24 13:57:04,3.8초가 빨라보이는 기적,,41,41.0,3.8초가 빨라보이는 기적 ,3.8초가 빨라보이는 기적,0.15218572318553925
2024-03-24 13:57:06,30초에서 3초로 단축이면 ㅅㅅㅌㅊ지,,41,41.0,30초에서 3초로 단축이면 ㅅㅅㅌㅊ지 ,30초에서 3초로 단축이면 ㅅㅅㅌㅊ지,0.2030121237039566
2024-03-24 13:57:09,3.8초<-잘한거ㅋㅋㅋㅋㅋㅋ,,41,41.0,3.8초<-잘한거ㅋㅋㅋㅋㅋㅋ ,3.8초<-잘한거ㅋㅋㅋㅋㅋㅋ,0.41679298877716064
2024-03-24 13:57:11,잘한게 3.8 ㅋㅋㅋㅋ,,41,41.0,잘한게 3.8 ㅋㅋㅋㅋ ,잘한게 3.8 ㅋㅋㅋㅋ,0.7295089364051819
2024-03-24 13:57:14,3.8이 양반인 팀ㅋㅋㅋㅋ,ㅋㅋㅋ,41,41.0,3.8이 양반인 팀ㅋㅋㅋㅋ ㅋㅋㅋ,3.8이 양반인 팀ㅋㅋㅋㅋ ㅋㅋㅋ,0.8363058567047119
2024-03-24 13:57:17,근데 리카도 점마 뭐하노,"왤케 느려
- dc official App",41,41.0,"근데 리카도 점마 뭐하노 왤케 느려
- dc official App",근데 리카도 점마 뭐하노 왤케 느려 - dc official App,0.7979309558868408
2024-03-24 13:57:22,"""보타스 3.8초....왜 이렇게 빨라 보이죠?""",그저 장애버 ㅋㅋㅋㅋㅋㅋㅋㅋ,41,41.0,"""보타스 3.8초....왜 이렇게 빨라 보이죠?"" 그저 장애버 ㅋㅋㅋㅋㅋㅋㅋㅋ","""보타스 3.8초....왜 이렇게 빨라 보이죠?"" 그저 장애버 ㅋㅋㅋㅋㅋㅋㅋㅋ",0.8677051663398743
2024-03-24 13:57:26,자우버 저거 굴러가는거 뭐냐 ㅋㅋㅋㅋ,ㅋㅋㅋㅋㅋ,41,41.0,자우버 저거 굴러가는거 뭐냐 ㅋㅋㅋㅋ ㅋㅋㅋㅋㅋ,자우버 저거 굴러가는거 뭐냐 ㅋㅋㅋㅋ ㅋㅋㅋㅋㅋ,0.5082781314849854
2024-03-24 13:57:27,자우버치곤 존나 빠르노ㅋㅋㅋㅋㅋ,3.8초 씨발련들아,41,41.0,자우버치곤 존나 빠르노ㅋㅋㅋㅋㅋ 3.8초 씨발련들아,자우버치곤 존나 빠르노ㅋㅋㅋㅋㅋ 3.8초 씨발련들아,0.9533666372299194
2024-03-24 13:57:33,엄스카 ㅋㅋㅋㅋ,,41,41.0,엄스카 ㅋㅋㅋㅋ ,엄스카 ㅋㅋㅋㅋ,0.3819752037525177
2024-03-24 13:57:35,피아제 휠락ㅋㅋㅋㅋ,ㅋㅋ,41,41.0,피아제 휠락ㅋㅋㅋㅋ ㅋㅋ,피아제 휠락ㅋㅋㅋㅋ ㅋㅋ,0.8254520893096924
2024-03-24 13:57:38,피아제 빅 실수,,41,41.0,피아제 빅 실수 ,피아제 빅 실수,0.4614386558532715
2024-03-24 13:57:41,아이고,,41,41.0,아이고 ,아이고,0.28726646304130554
2024-03-24 13:57:42,점마 피아제 찾으러 가노 ㅋㅋㅋ,,41,41.0,점마 피아제 찾으러 가노 ㅋㅋㅋ ,점마 피아제 찾으러 가노 ㅋㅋㅋ,0.9484857320785522
2024-03-24 13:57:42,가짜재능ㅋㅋㅋㅋㅋㅋㅋㅋㅋㅋㅋㅋ,,41,41.0,가짜재능ㅋㅋㅋㅋㅋㅋㅋㅋㅋㅋㅋㅋ ,가짜재능ㅋㅋㅋㅋㅋㅋㅋㅋㅋㅋㅋㅋ,0.9022473096847534
2024-03-24 13:57:43,아 좆됐다 ㅋㅋ,,41,41.0,아 좆됐다 ㅋㅋ ,아 좆됐다 ㅋㅋ,0.6213001608848572
2024-03-24 13:57:45,해설들 눈뜬 봉사임??,"핏스탑할때 옆으로 뭐 굴러가는거 보여주는구만 핏스탑 시간 씨부리고있네 ㅋㅋㅋㅋㅋㅋ
- dc official App",41,41.0,"해설들 눈뜬 봉사임?? 핏스탑할때 옆으로 뭐 굴러가는거 보여주는구만 핏스탑 시간 씨부리고있네 ㅋㅋㅋㅋㅋㅋ
- dc official App",해설들 눈뜬 봉사임?? 핏스탑할때 옆으로 뭐 굴러가는거 보여주는구만 핏스탑 시간 씨부리고있네 ㅋㅋㅋㅋㅋㅋ - dc official App,0.8062756657600403
2024-03-24 13:57:49,몽골 살아있는게 더 재밌었을수도?,"르끌이 사인츠를 못따라가네
몽골 뒤졌을땐 일단 반사적으로 기뻐했는데
몽골 살아있었으면 사인츠랑 서로 추월쇼좀 했을거같은데
차라리 살아있는게 더 재밌었을수도?",41,41.0,"몽골 살아있는게 더 재밌었을수도? 르끌이 사인츠를 못따라가네
몽골 뒤졌을땐 일단 반사적으로 기뻐했는데
몽골 살아있었으면 사인츠랑 서로 추월쇼좀 했을거같은데
차라리 살아있는게 더 재밌었을수도?",몽골 살아있는게 더 재밌었을수도? 르끌이 사인츠를 못따라가네 몽골 뒤졌을땐 일단 반사적으로 기뻐했는데 몽골 살아있었으면 사인츠랑 서로 추월쇼좀 했을거같은데 차라리 살아있는게 더 재밌었을수도?,0.41981497406959534
2024-03-24 13:57:51,개아프게 걸렸네,억,41,41.0,개아프게 걸렸네 억,개아프게 걸렸네 억,0.30854734778404236
2024-03-24 13:57:52,피아제 잔디깎기ㅋㅋㅋㅋㅋ,ㅋㅋ,41,41.0,피아제 잔디깎기ㅋㅋㅋㅋㅋ ㅋㅋ,피아제 잔디깎기ㅋㅋㅋㅋㅋ ㅋㅋ,0.857309877872467
2024-03-24 13:57:56,피아제 ㅈ망,ㅋ,41,41.0,피아제 ㅈ망 ㅋ,피아제 ㅈ망 ㅋ,0.8835263252258301
2024-03-24 13:57:59,아이구 시발 피아제야,시간 ㅈㄴ 배렸네,41,41.0,아이구 시발 피아제야 시간 ㅈㄴ 배렸네,아이구 시발 피아제야 시간 ㅈㄴ 배렸네,0.8949233889579773
2024-03-24 13:57:58,저 정도면 호주 그랑프리 호주인 포디움을 세상이 막는데,- dc official App,41,41.0,저 정도면 호주 그랑프리 호주인 포디움을 세상이 막는데 - dc official App,저 정도면 호주 그랑프리 호주인 포디움을 세상이 막는데 - dc official App,0.18441909551620483
2024-03-24 13:58:06,피아제 미디움 없나,,41,41.0,피아제 미디움 없나 ,피아제 미디움 없나,0.3999957740306854
2024-03-24 13:58:10,시발 ㅋㅋㅋ,"52->30->3.8초는 시발 ㅋㅋㅋ
성장형이냐
- dc official App",41,41.0,"시발 ㅋㅋㅋ 52->30->3.8초는 시발 ㅋㅋㅋ
성장형이냐
- dc official App",시발 ㅋㅋㅋ 52->30->3.8초는 시발 ㅋㅋㅋ 성장형이냐 - dc official App,0.8007599115371704
2024-03-24 13:58:17,방금 노리스가 아니라 피아스트리라서 ㅈ같은 호주팬은 개추 ㅋㅋㅋ,,41,41.0,방금 노리스가 아니라 피아스트리라서 ㅈ같은 호주팬은 개추 ㅋㅋㅋ ,방금 노리스가 아니라 피아스트리라서 ㅈ같은 호주팬은 개추 ㅋㅋㅋ,0.9383370876312256
2024-03-24 13:58:26,갓  페라리에서 앞으로 흑인놈이 운전한다는게 도저히 믿지기 않는다,시발 실화냐,42,42.0,갓  페라리에서 앞으로 흑인놈이 운전한다는게 도저히 믿지기 않는다 시발 실화냐,갓 페라리에서 앞으로 흑인놈이 운전한다는게 도저히 믿지기 않는다 시발 실화냐,0.9410685896873474
2024-03-24 13:58:30,맥 개찐빠 났노 시발ㅋㅋㅋㅋㅋ,ㅋㅋㅋ,42,42.0,맥 개찐빠 났노 시발ㅋㅋㅋㅋㅋ ㅋㅋㅋ,맥 개찐빠 났노 시발ㅋㅋㅋㅋㅋ ㅋㅋㅋ,0.9514665603637695
2024-03-24 13:58:31,한번 절었는데 3.5네,,42,42.0,한번 절었는데 3.5네 ,한번 절었는데 3.5네,0.1611763834953308
2024-03-24 13:58:32,지랄났네 지랄났어 LF ㅅㅂㅋㅋ,,42,42.0,지랄났네 지랄났어 LF ㅅㅂㅋㅋ ,지랄났네 지랄났어 LF ㅅㅂㅋㅋ,0.929705798625946
2024-03-24 13:58:33,자우버 보다 10배 빠르노 ㅇㅇ,,42,42.0,자우버 보다 10배 빠르노 ㅇㅇ ,자우버 보다 10배 빠르노 ㅇㅇ,0.2130454182624817
2024-03-24 13:58:41,ㅈ라렌 시발련들아 집중안하노,ㅅㅂ,42,42.0,ㅈ라렌 시발련들아 집중안하노 ㅅㅂ,ㅈ라렌 시발련들아 집중안하노 ㅅㅂ,0.9387922286987305
2024-03-24 13:58:44,저렇게 해도 3.5촌데 ㅋㅋㅋㅋㅋㅋ,"자우버 3.8 진짜 왤케 빨라보였냐
- dc official App",42,42.0,"저렇게 해도 3.5촌데 ㅋㅋㅋㅋㅋㅋ 자우버 3.8 진짜 왤케 빨라보였냐
- dc official App",저렇게 해도 3.5촌데 ㅋㅋㅋㅋㅋㅋ 자우버 3.8 진짜 왤케 빨라보였냐 - dc official App,0.15041863918304443
2024-03-24 13:58:45,윤재수 자꾸 누구한테 잠시만요! 하는거냐,"ㅋ
- dc official App",42,42.0,"윤재수 자꾸 누구한테 잠시만요! 하는거냐 ㅋ
- dc official App",윤재수 자꾸 누구한테 잠시만요! 하는거냐 ㅋ - dc official App,0.37030598521232605
2024-03-24 13:58:49,휠 잘못 박아도 보타스보다 핏스탑 빠름,"ㅋㅋㅋㅋㅋㅋㅋㅋㅋㅋㅋㅋ
- dc official App",42,42.0,"휠 잘못 박아도 보타스보다 핏스탑 빠름 ㅋㅋㅋㅋㅋㅋㅋㅋㅋㅋㅋㅋ
- dc official App",휠 잘못 박아도 보타스보다 핏스탑 빠름 ㅋㅋㅋㅋㅋㅋㅋㅋㅋㅋㅋㅋ - dc official App,0.2547670900821686
2024-03-24 13:59:12,황라리 원투먹겟노,오호,42,42.0,황라리 원투먹겟노 오호,황라리 원투먹겟노 오호,0.33700132369995117
2024-03-24 13:59:15,사인직 플랜F 가냐,"가능할거같은데 무조건
- dc official App",42,42.0,"사인직 플랜F 가냐 가능할거같은데 무조건
- dc official App",사인직 플랜F 가냐 가능할거같은데 무조건 - dc official App,0.09316551685333252
2024-03-24 13:59:20,사인즈 미쳤네,페라리 사인즈 왜 쳐넴 ㅋㅋ,42,42.0,사인즈 미쳤네 페라리 사인즈 왜 쳐넴 ㅋㅋ,사인즈 미쳤네 페라리 사인즈 왜 쳐넴 ㅋㅋ,0.8317960500717163
2024-03-24 13:59:37,드디어 티포시의 낮이 오는건가,"이게 얼마만이냐
- dc official App",42,42.0,"드디어 티포시의 낮이 오는건가 이게 얼마만이냐
- dc official App",드디어 티포시의 낮이 오는건가 이게 얼마만이냐 - dc official App,0.07304701209068298
2024-03-24 13:59:51,LF 쪽 왜캐 지랄같지,,43,43.0,LF 쪽 왜캐 지랄같지 ,LF 쪽 왜캐 지랄같지,0.5735631585121155
2024-03-24 13:59:54,사인츠 뽁스,ㅌ,43,43.0,사인츠 뽁스 ㅌ,사인츠 뽁스 ㅌ,0.5770858526229858
2024-03-24 13:59:57,사인지 박스,,43,43.0,사인지 박스 ,사인지 박스,0.13442392647266388
2024-03-24 14:00:07,판단력 GOAT…,"저딴 병신팀에 묻어서
돈주고 브랜드 깍아먹을뻔 했는데
좆망 직전에 튐ㅋㅋㅋㅋㅋㅋㅋㅋㅋㅋㅋㅋㅋ",43,43.0,"판단력 GOAT… 저딴 병신팀에 묻어서
돈주고 브랜드 깍아먹을뻔 했는데
좆망 직전에 튐ㅋㅋㅋㅋㅋㅋㅋㅋㅋㅋㅋㅋㅋ",판단력 GOAT… 저딴 병신팀에 묻어서 돈주고 브랜드 깍아먹을뻔 했는데 좆망 직전에 튐ㅋㅋㅋㅋㅋㅋㅋㅋㅋㅋㅋㅋㅋ,0.9537591934204102
2024-03-24 14:00:16,와 3차 붙었다,영혼의 맞다이 가보자,43,43.0,와 3차 붙었다 영혼의 맞다이 가보자,와 3차 붙었다 영혼의 맞다이 가보자,0.13845671713352203
2024-03-24 14:00:16,다시 페라리 원투 ㅋㅋ,,43,43.0,다시 페라리 원투 ㅋㅋ ,다시 페라리 원투 ㅋㅋ,0.0721435472369194
2024-03-24 14:00:20,대 노 다,ㅈㄱㄴ,43,43.0,대 노 다 ㅈㄱㄴ,대 노 다 ㅈㄱㄴ,0.8615249991416931
2024-03-24 14:00:31,가슬리 많이 느려보이네,,43,43.0,가슬리 많이 느려보이네 ,가슬리 많이 느려보이네,0.17246831953525543
2024-03-24 14:00:42,자우버 왜 알핀보다 느림?,얼마나병신인거지,43,43.0,자우버 왜 알핀보다 느림? 얼마나병신인거지,자우버 왜 알핀보다 느림? 얼마나병신인거지,0.940488874912262
2024-03-24 14:00:44,대노다 2포를 향새 달리는중 ㅋㅋㅋㅋ,ㅋㅋ,43,43.0,대노다 2포를 향새 달리는중 ㅋㅋㅋㅋ ㅋㅋ,대노다 2포를 향새 달리는중 ㅋㅋㅋㅋ ㅋㅋ,0.42326125502586365
2024-03-24 14:00:52,스무스하네 페라리,,43,43.0,스무스하네 페라리 ,스무스하네 페라리,0.08991143107414246
2024-03-24 14:00:52,2.6 굿,,43,43.0,2.6 굿 ,2.6 굿,0.10612013190984726
2024-03-24 14:00:55,2.6 낫베드네,- dc official App,43,43.0,2.6 낫베드네 - dc official App,2.6 낫베드네 - dc official App,0.12329993396997452
2024-03-24 14:01:08,작년엔 우당탕 재밌었는데. 오늘은 약간 루즈하네,ㅋㅋㅋ역시 가장 큰 재미는 막스아웃 햄아웃,43,43.0,작년엔 우당탕 재밌었는데. 오늘은 약간 루즈하네 ㅋㅋㅋ역시 가장 큰 재미는 막스아웃 햄아웃,작년엔 우당탕 재밌었는데. 오늘은 약간 루즈하네 ㅋㅋㅋ역시 가장 큰 재미는 막스아웃 햄아웃,0.10646553337574005
2024-03-24 14:01:12,사인츠 짤리자마자 초각성했네,"왤케잘타노 점마저거 ㅋㅋㅋ
- dc official App",44,44.0,"사인츠 짤리자마자 초각성했네 왤케잘타노 점마저거 ㅋㅋㅋ
- dc official App",사인츠 짤리자마자 초각성했네 왤케잘타노 점마저거 ㅋㅋㅋ - dc official App,0.9217109084129333
2024-03-24 14:01:23,르끌 패랩 ㅋㅋㅋ,,44,44.0,르끌 패랩 ㅋㅋㅋ ,르끌 패랩 ㅋㅋㅋ,0.43571317195892334
2024-03-24 14:01:22,"설마 이래놓고 ""그 전략팀"" 하겠어 ㅋㅋㅋㅋ",ㅋㅋㅋ설마,44,44.0,"설마 이래놓고 ""그 전략팀"" 하겠어 ㅋㅋㅋㅋ ㅋㅋㅋ설마","설마 이래놓고 ""그 전략팀"" 하겠어 ㅋㅋㅋㅋ ㅋㅋㅋ설마",0.7782805562019348
2024-03-24 14:01:36,헐크 너무 무서움,,44,44.0,헐크 너무 무서움 ,헐크 너무 무서움,0.17978253960609436
2024-03-24 14:01:39,16랩이면 미디엄 할만하지 않나,"어차피 2등도 르끌이겠다 안전하게 하려는건가
- dc official App",44,44.0,"16랩이면 미디엄 할만하지 않나 어차피 2등도 르끌이겠다 안전하게 하려는건가
- dc official App",16랩이면 미디엄 할만하지 않나 어차피 2등도 르끌이겠다 안전하게 하려는건가 - dc official App,0.15926672518253326
2024-03-24 14:01:38,페라리가 빨간 레드불이 됐네,보면서도 이거 진짠가 싶다 ㅋㅋㅋㅋ,44,44.0,페라리가 빨간 레드불이 됐네 보면서도 이거 진짠가 싶다 ㅋㅋㅋㅋ,페라리가 빨간 레드불이 됐네 보면서도 이거 진짠가 싶다 ㅋㅋㅋㅋ,0.1366816610097885
2024-03-24 14:01:41,타코 병신은 포디움 못가겠네,병신,44,44.0,타코 병신은 포디움 못가겠네 병신,타코 병신은 포디움 못가겠네 병신,0.767754852771759
2024-03-24 14:01:53,퍼스트와 세컨드의 차이,"ㅇㅇ
- dc official App",44,44.0,"퍼스트와 세컨드의 차이 ㅇㅇ
- dc official App",퍼스트와 세컨드의 차이 ㅇㅇ - dc official App,0.4661225974559784
2024-03-24 14:01:58,페라리 무난하게 운영하는거 보니까 존나 이상하다,이게 내가 알던 대라리?,44,44.0,페라리 무난하게 운영하는거 보니까 존나 이상하다 이게 내가 알던 대라리?,페라리 무난하게 운영하는거 보니까 존나 이상하다 이게 내가 알던 대라리?,0.855796217918396
2024-03-24 14:02:00,속보) 사인츠 응급실,"(페라리 씨발년들이) 고마운줄 모르고~
- dc official App",44,44.0,"속보) 사인츠 응급실 (페라리 씨발년들이) 고마운줄 모르고~
- dc official App",속보) 사인츠 응급실 (페라리 씨발년들이) 고마운줄 모르고~ - dc official App,0.8994275331497192
2024-03-24 14:02:00,2시부턴줄알앗는데 아 시발진짜,"아 진짜 베르스타펜 리타이어하는것도 못봤네
아 ㅛㅣ발 아 진짜 아…. 아 ㅠㅠㅠㅠㅠ.ㅠㅠㅠㅠㅠㅠㅠ",44,44.0,"2시부턴줄알앗는데 아 시발진짜 아 진짜 베르스타펜 리타이어하는것도 못봤네
아 ㅛㅣ발 아 진짜 아…. 아 ㅠㅠㅠㅠㅠ.ㅠㅠㅠㅠㅠㅠㅠ",2시부턴줄알앗는데 아 시발진짜 아 진짜 베르스타펜 리타이어하는것도 못봤네 아 ㅛㅣ발 아 진짜 아…. 아 ㅠㅠㅠㅠㅠ.ㅠㅠㅠㅠㅠㅠㅠ,0.3420523405075073
2024-03-24 14:02:04,이제 battle for 2nd만 남았냐?,ㅇㅇ,44,44.0,이제 battle for 2nd만 남았냐? ㅇㅇ,이제 battle for 2nd만 남았냐? ㅇㅇ,0.3976677656173706
2024-03-24 14:02:16,하 시발 입문하고나서 처음 더블 포디움 캬 ㅋㅋ,"티포시의 주말이노
- dc official App",44,44.0,"하 시발 입문하고나서 처음 더블 포디움 캬 ㅋㅋ 티포시의 주말이노
- dc official App",하 시발 입문하고나서 처음 더블 포디움 캬 ㅋㅋ 티포시의 주말이노 - dc official App,0.10155237466096878
2024-03-24 14:02:20,츠노다 씨벌 개쩌네,공간도 슥 주노ㅋㅋㅋㅋㅋㅋㅋㅋㅋㅋㅋㅋ,44,44.0,츠노다 씨벌 개쩌네 공간도 슥 주노ㅋㅋㅋㅋㅋㅋㅋㅋㅋㅋㅋㅋ,츠노다 씨벌 개쩌네 공간도 슥 주노ㅋㅋㅋㅋㅋㅋㅋㅋㅋㅋㅋㅋ,0.8272782564163208
2024-03-24 14:02:24,케이맥 가나?ㅋㅋㅋㅋ,ㅋㅋ,44,44.0,케이맥 가나?ㅋㅋㅋㅋ ㅋㅋ,케이맥 가나?ㅋㅋㅋㅋ ㅋㅋ,0.23297935724258423
2024-03-24 14:02:29,국왕 디펜보면,"진짜 개 정석이다
딱 차 한대 공간만 남기고 압박하네",44,44.0,"국왕 디펜보면 진짜 개 정석이다
딱 차 한대 공간만 남기고 압박하네",국왕 디펜보면 진짜 개 정석이다 딱 차 한대 공간만 남기고 압박하네,0.18911412358283997
2024-03-24 14:02:35,윌리엄스 사전트 쳐내놓고 포인트 못따겠노,,45,45.0,윌리엄스 사전트 쳐내놓고 포인트 못따겠노 ,윌리엄스 사전트 쳐내놓고 포인트 못따겠노,0.6628994345664978
2024-03-24 14:02:37,보타스 망한김에,"소프트끼고 패랩 찍어보자
1포인트라도 버는게 ㅋㅋㅋㅋㅋ
- dc official App",45,45.0,"보타스 망한김에 소프트끼고 패랩 찍어보자
1포인트라도 버는게 ㅋㅋㅋㅋㅋ
- dc official App",보타스 망한김에 소프트끼고 패랩 찍어보자 1포인트라도 버는게 ㅋㅋㅋㅋㅋ - dc official App,0.709333598613739
2024-03-24 14:02:55,오늘 하위권이 꿀잼이노ㅋㅋㅋㅋ,ㅋㅋㅋ,45,45.0,오늘 하위권이 꿀잼이노ㅋㅋㅋㅋ ㅋㅋㅋ,오늘 하위권이 꿀잼이노ㅋㅋㅋㅋ ㅋㅋㅋ,0.444820374250412
2024-03-24 14:02:58,가슬리 펑처;;,가지가지한다,45,45.0,가슬리 펑처;; 가지가지한다,가슬리 펑처;; 가지가지한다,0.8686418533325195
2024-03-24 14:03:02,막스가 있으나 없으나 우승 경쟁은 노잼이노,뭘 해야 재밌어지노,45,45.0,막스가 있으나 없으나 우승 경쟁은 노잼이노 뭘 해야 재밌어지노,막스가 있으나 없으나 우승 경쟁은 노잼이노 뭘 해야 재밌어지노,0.39746659994125366
2024-03-24 14:03:03,방금 장면 좆된다 ㅋㅋ,,45,45.0,방금 장면 좆된다 ㅋㅋ ,방금 장면 좆된다 ㅋㅋ,0.4914928376674652
2024-03-24 14:03:03,데이타임 사우디 가나 ㅋㅋ,ㅋㅋㅋㅋ,45,45.0,데이타임 사우디 가나 ㅋㅋ ㅋㅋㅋㅋ,데이타임 사우디 가나 ㅋㅋ ㅋㅋㅋㅋ,0.577729344367981
2024-03-24 14:03:05,방금 카메라 존나ㅜ멋있었다 ㅋㅋㅋ,,45,45.0,방금 카메라 존나ㅜ멋있었다 ㅋㅋㅋ ,방금 카메라 존나ㅜ멋있었다 ㅋㅋㅋ,0.05470632389187813
2024-03-24 14:03:17,몽골 없으닌깐 이제 볼 만 하넼ㅋㅋㅋㅋㅋㅋㅋ,"시발 이래야 밸런스가 맞지
- dc official App",45,45.0,"몽골 없으닌깐 이제 볼 만 하넼ㅋㅋㅋㅋㅋㅋㅋ 시발 이래야 밸런스가 맞지
- dc official App",몽골 없으닌깐 이제 볼 만 하넼ㅋㅋㅋㅋㅋㅋㅋ 시발 이래야 밸런스가 맞지 - dc official App,0.5897253155708313
2024-03-24 14:03:32,ㅅㅂ 못봤는데 어ㅐ 물몽같이리타함?,make love 하러감?,45,45.0,ㅅㅂ 못봤는데 어ㅐ 물몽같이리타함? make love 하러감?,ㅅㅂ 못봤는데 어ㅐ 물몽같이리타함? make love 하러감?,0.9238380193710327
2024-03-24 14:03:34,쥬지 타깍노시작ㅋㅋㅋㅋㅋ,,45,45.0,쥬지 타깍노시작ㅋㅋㅋㅋㅋ ,쥬지 타깍노시작ㅋㅋㅋㅋㅋ,0.9401092529296875
2024-03-24 14:03:37,귄터 전략 존나 좋네,"하스가 바뀟다
- dc official App",45,45.0,"귄터 전략 존나 좋네 하스가 바뀟다
- dc official App",귄터 전략 존나 좋네 하스가 바뀟다 - dc official App,0.13665913045406342
2024-03-24 14:03:43,쥬지 34랩 타이어 느낌 좋다ㅋㅋㅋㅋ,ㅋㅋ,45,45.0,쥬지 34랩 타이어 느낌 좋다ㅋㅋㅋㅋ ㅋㅋ,쥬지 34랩 타이어 느낌 좋다ㅋㅋㅋㅋ ㅋㅋ,0.618595540523529
2024-03-24 14:03:46,쥬지 타깎노 입갤ㅋㅋㅋㅋㅋ,ㅋㅋㅋ,45,45.0,쥬지 타깎노 입갤ㅋㅋㅋㅋㅋ ㅋㅋㅋ,쥬지 타깎노 입갤ㅋㅋㅋㅋㅋ ㅋㅋㅋ,0.9334269165992737
2024-03-24 14:03:48,쥬지 타이어 깎는 노인,,45,45.0,쥬지 타이어 깎는 노인 ,쥬지 타이어 깎는 노인,0.9572938680648804
2024-03-24 14:03:51,알핀 vs 자우버 배틀 ㅋㅋㅋㅋㅋㅋ,병신 경쟁 ㅋㅋㅋ,45,45.0,알핀 vs 자우버 배틀 ㅋㅋㅋㅋㅋㅋ 병신 경쟁 ㅋㅋㅋ,알핀 vs 자우버 배틀 ㅋㅋㅋㅋㅋㅋ 병신 경쟁 ㅋㅋㅋ,0.912892758846283
2024-03-24 14:03:52,타이어 잘 깎았도르 ㅋㅋㅋㅋㅋㅋㅋㅋㅋ,,46,46.0,타이어 잘 깎았도르 ㅋㅋㅋㅋㅋㅋㅋㅋㅋ ,타이어 잘 깎았도르 ㅋㅋㅋㅋㅋㅋㅋㅋㅋ,0.627056360244751
2024-03-24 14:03:53,타이어 관리 챔피언십 ㅋㅋㅋ,,46,46.0,타이어 관리 챔피언십 ㅋㅋㅋ ,타이어 관리 챔피언십 ㅋㅋㅋ,0.6420165300369263
2024-03-24 14:03:53,34는 미친건가 ㅋㅋㅋㅋㅋㅋ,- dc official App,46,46.0,34는 미친건가 ㅋㅋㅋㅋㅋㅋ - dc official App,34는 미친건가 ㅋㅋㅋㅋㅋㅋ - dc official App,0.8527582287788391
2024-03-24 14:03:54,노리스 패랩 ㄷ,,46,46.0,노리스 패랩 ㄷ ,노리스 패랩 ㄷ,0.14609502255916595
2024-03-24 14:03:54,타깎노 부활 ㅋㅋㅋㅋ,,46,46.0,타깎노 부활 ㅋㅋㅋㅋ ,타깎노 부활 ㅋㅋㅋㅋ,0.6575305461883545
2024-03-24 14:03:55,34랩ㅋㅋㅋㅋㅋㅋ,ㅋㅋㅋㅋㅋ ㅋㅋ,46,46.0,34랩ㅋㅋㅋㅋㅋㅋ ㅋㅋㅋㅋㅋ ㅋㅋ,34랩ㅋㅋㅋㅋㅋㅋ ㅋㅋㅋㅋㅋ ㅋㅋ,0.6490126252174377
2024-03-24 14:03:55,러셀 여기서 15랩을 더 조진다고?,,46,46.0,러셀 여기서 15랩을 더 조진다고? ,러셀 여기서 15랩을 더 조진다고?,0.49762314558029175
2024-03-24 14:03:56,쥬지 저 타이어로 버티네ㅋㅋㅋㅋㅋㅋㅋ,,46,46.0,쥬지 저 타이어로 버티네ㅋㅋㅋㅋㅋㅋㅋ ,쥬지 저 타이어로 버티네ㅋㅋㅋㅋㅋㅋㅋ,0.9517874121665955
2024-03-24 14:03:57,역시 똥차갑 ㅋㅋㅋㅋㅋㅋㅋ,"ㅅㅂㅋㅋ
- dc official App",46,46.0,"역시 똥차갑 ㅋㅋㅋㅋㅋㅋㅋ ㅅㅂㅋㅋ
- dc official App",역시 똥차갑 ㅋㅋㅋㅋㅋㅋㅋ ㅅㅂㅋㅋ - dc official App,0.932232677936554
2024-03-24 14:04:00,쥬지 버티다 소프트 가나 ㅋㅋㅋ,,46,46.0,쥬지 버티다 소프트 가나 ㅋㅋㅋ ,쥬지 버티다 소프트 가나 ㅋㅋㅋ,0.9227865934371948
2024-03-24 14:04:01,타이어 깎는 러셀 ㅋㅋㅋㅋㅋㅋㅋ,굿 ㅅㅂㅋㅋㅋㅋㅋㅋㅋㅋ,46,46.0,타이어 깎는 러셀 ㅋㅋㅋㅋㅋㅋㅋ 굿 ㅅㅂㅋㅋㅋㅋㅋㅋㅋㅋ,타이어 깎는 러셀 ㅋㅋㅋㅋㅋㅋㅋ 굿 ㅅㅂㅋㅋㅋㅋㅋㅋㅋㅋ,0.848260223865509
2024-03-24 14:04:11,피아제 패랩  ㄷㄷ,ㄷㄷ,46,46.0,피아제 패랩  ㄷㄷ ㄷㄷ,피아제 패랩 ㄷㄷ ㄷㄷ,0.1581127643585205
2024-03-24 14:04:12,피아 패랩 바로 ㅋㅋ,ㅋㅋㅋ,46,46.0,피아 패랩 바로 ㅋㅋ ㅋㅋㅋ,피아 패랩 바로 ㅋㅋ ㅋㅋㅋ,0.4139602482318878
2024-03-24 14:04:13,하드 40랩 이상 버틸 수 있음?,"마지막에 소프트로 확 달리려고 그러는건가
- dc official App",46,46.0,"하드 40랩 이상 버틸 수 있음? 마지막에 소프트로 확 달리려고 그러는건가
- dc official App",하드 40랩 이상 버틸 수 있음? 마지막에 소프트로 확 달리려고 그러는건가 - dc official App,0.18066145479679108
2024-03-24 14:04:34,케이맥 2주연속 분량 ㅆㅅㅌㅊㅋㅋ,,46,46.0,케이맥 2주연속 분량 ㅆㅅㅌㅊㅋㅋ ,케이맥 2주연속 분량 ㅆㅅㅌㅊㅋㅋ,0.11886197328567505
2024-03-24 14:04:35,러셀 또 타깎노 강림함?,34는 무ㅜ냐ㅜㅋㅋㅋㅋㅋ,46,46.0,러셀 또 타깎노 강림함? 34는 무ㅜ냐ㅜㅋㅋㅋㅋㅋ,러셀 또 타깎노 강림함? 34는 무ㅜ냐ㅜㅋㅋㅋㅋㅋ,0.9380980730056763
2024-03-24 14:04:35,맥라렌 둘이서 페랩 찍으면서 가는 중 ㄷㄷ,,46,46.0,맥라렌 둘이서 페랩 찍으면서 가는 중 ㄷㄷ ,맥라렌 둘이서 페랩 찍으면서 가는 중 ㄷㄷ,0.1201552227139473
2024-03-24 14:04:37,쟤네 싸우다 sc 부를 거 같은데 흠..,,46,46.0,쟤네 싸우다 sc 부를 거 같은데 흠.. ,쟤네 싸우다 sc 부를 거 같은데 흠..,0.5005489587783813
2024-03-24 14:04:43,다들 driver of the day,"온능 하고와
- dc official App",46,46.0,"다들 driver of the day 온능 하고와
- dc official App",다들 driver of the day 온능 하고와 - dc official App,0.3798106014728546
2024-03-24 14:04:48,쯔노다 오늘 포인트 가나??,,46,46.0,쯔노다 오늘 포인트 가나?? ,쯔노다 오늘 포인트 가나??,0.08018431812524796
2024-03-24 14:04:48,알본 마그누센 좆밥 팀 대전 가슴이 웅장해진다,,46,46.0,알본 마그누센 좆밥 팀 대전 가슴이 웅장해진다 ,알본 마그누센 좆밥 팀 대전 가슴이 웅장해진다,0.8781580924987793
2024-03-24 14:04:49,메르 차가 똥차인건 확실함,러셀이 잘함 ㅋㅋㅋ,46,46.0,메르 차가 똥차인건 확실함 러셀이 잘함 ㅋㅋㅋ,메르 차가 똥차인건 확실함 러셀이 잘함 ㅋㅋㅋ,0.7362850904464722
2024-03-24 14:04:50,레드불보다 느리다고 징징 존나 거리다가 레드불 따잇 ㅋㅋㅋ,좆라리는 물탕이 계약서 찢고 차선으로 러셀이라도 질러라 개병신들아,46,46.0,레드불보다 느리다고 징징 존나 거리다가 레드불 따잇 ㅋㅋㅋ 좆라리는 물탕이 계약서 찢고 차선으로 러셀이라도 질러라 개병신들아,레드불보다 느리다고 징징 존나 거리다가 레드불 따잇 ㅋㅋㅋ 좆라리는 물탕이 계약서 찢고 차선으로 러셀이라도 질러라 개병신들아,0.96317058801651
2024-03-24 14:04:51,둘이 싸우다 셒티카나 띄워라,ㅋㅋㅋ,46,46.0,둘이 싸우다 셒티카나 띄워라 ㅋㅋㅋ,둘이 싸우다 셒티카나 띄워라 ㅋㅋㅋ,0.6133103370666504
2024-03-24 14:04:54,셉카한번만 더뜨면 개꿀잼일거같은데,한번만 더...,46,46.0,셉카한번만 더뜨면 개꿀잼일거같은데 한번만 더...,셉카한번만 더뜨면 개꿀잼일거같은데 한번만 더...,0.21332703530788422
2024-03-24 14:04:55,방금 딱 레프트프론트로 리어날리는 각이었는데,그냥 5초받고 날리는 것도 나쁘지 않을듯,46,46.0,방금 딱 레프트프론트로 리어날리는 각이었는데 그냥 5초받고 날리는 것도 나쁘지 않을듯,방금 딱 레프트프론트로 리어날리는 각이었는데 그냥 5초받고 날리는 것도 나쁘지 않을듯,0.19791483879089355
2024-03-24 14:04:58,둘이 박아서 세카 뜨고 마지막 페라리 대 맥라렌 궁금하다,ㄹㅇㅋㅋㅋㅋㅋ,46,46.0,둘이 박아서 세카 뜨고 마지막 페라리 대 맥라렌 궁금하다 ㄹㅇㅋㅋㅋㅋㅋ,둘이 박아서 세카 뜨고 마지막 페라리 대 맥라렌 궁금하다 ㄹㅇㅋㅋㅋㅋㅋ,0.5969601273536682
2024-03-24 14:05:06,러셀 (하드 34랩) : 타이어 좋음,씨발 ㅋㅋㅋㅋㅋㅋㅋㅋㅋㅋㅋ,46,46.0,러셀 (하드 34랩) : 타이어 좋음 씨발 ㅋㅋㅋㅋㅋㅋㅋㅋㅋㅋㅋ,러셀 (하드 34랩) : 타이어 좋음 씨발 ㅋㅋㅋㅋㅋㅋㅋㅋㅋㅋㅋ,0.649520993232727
2024-03-24 14:05:10,슬슬 나올 때 된 새끼,,46,46.0,슬슬 나올 때 된 새끼 ,슬슬 나올 때 된 새끼,0.8771563768386841
2024-03-24 14:05:13,자우버는 피트크루들이 진짜..ㅋㅋ,,46,46.0,자우버는 피트크루들이 진짜..ㅋㅋ ,자우버는 피트크루들이 진짜..ㅋㅋ,0.46520328521728516
2024-03-24 14:05:19,가슬리:차를 돌릴수 없다 뭔가 부서진거같다,???,47,47.0,가슬리:차를 돌릴수 없다 뭔가 부서진거같다 ???,가슬리:차를 돌릴수 없다 뭔가 부서진거같다 ???,0.25721272826194763
2024-03-24 14:05:21,의외로 아직까진 멀쩡한 새끼,"무난하게 9위하는 중ㅋㅋ
- dc official App",47,47.0,"의외로 아직까진 멀쩡한 새끼 무난하게 9위하는 중ㅋㅋ
- dc official App",의외로 아직까진 멀쩡한 새끼 무난하게 9위하는 중ㅋㅋ - dc official App,0.2709822356700897
2024-03-24 14:05:22,막스 한명 없다고 이렇게 재밌어지냐 진짜ㅋㅋㅋ,,47,47.0,막스 한명 없다고 이렇게 재밌어지냐 진짜ㅋㅋㅋ ,막스 한명 없다고 이렇게 재밌어지냐 진짜ㅋㅋㅋ,0.3030250072479248
2024-03-24 14:05:26,고속도로에서 유턴하면 중력 몇배냐,ㅇ,47,47.0,고속도로에서 유턴하면 중력 몇배냐 ㅇ,고속도로에서 유턴하면 중력 몇배냐 ㅇ,0.594803512096405
2024-03-24 14:05:28,피아제 또 패랩,ㅇ,47,47.0,피아제 또 패랩 ㅇ,피아제 또 패랩 ㅇ,0.304399311542511
2024-03-24 14:05:34,피아제 각성했네 ㅋㅋㅋ,페랩 계속찍누,47,47.0,피아제 각성했네 ㅋㅋㅋ 페랩 계속찍누,피아제 각성했네 ㅋㅋㅋ 페랩 계속찍누,0.8659464716911316
2024-03-24 14:05:34,하 알본 따이노....,,47,47.0,하 알본 따이노.... ,하 알본 따이노....,0.7924461364746094
2024-03-24 14:05:34,윌 좆망 ㅋㅋㅋㅋㅋㅋㅋㅋㅋ,,47,47.0,윌 좆망 ㅋㅋㅋㅋㅋㅋㅋㅋㅋ ,윌 좆망 ㅋㅋㅋㅋㅋㅋㅋㅋㅋ,0.8568980693817139
2024-03-24 14:05:35,알본 ㅈ망,- dc official App,47,47.0,알본 ㅈ망 - dc official App,알본 ㅈ망 - dc official App,0.8440637588500977
2024-03-24 14:05:37,오 케이막,,47,47.0,오 케이막 ,오 케이막,0.10808757692575455
2024-03-24 14:05:37,케이막 지렸다ㅋㅋㅋㅋㅋ,ㅋㅋㅋ,47,47.0,케이막 지렸다ㅋㅋㅋㅋㅋ ㅋㅋㅋ,케이막 지렸다ㅋㅋㅋㅋㅋ ㅋㅋㅋ,0.5677422285079956
2024-03-24 14:05:37,캬 ㅋㅋㅋㅋㅋㅋ,,47,47.0,캬 ㅋㅋㅋㅋㅋㅋ ,캬 ㅋㅋㅋㅋㅋㅋ,0.3174794912338257
2024-03-24 14:05:40,대그누센 ㅋㅋㅋㅋㅋ,,47,47.0,대그누센 ㅋㅋㅋㅋㅋ ,대그누센 ㅋㅋㅋㅋㅋ,0.8675490617752075
2024-03-24 14:05:39,황 그 누 센,ㅋㅋ,47,47.0,황 그 누 센 ㅋㅋ,황 그 누 센 ㅋㅋ,0.9044830203056335
2024-03-24 14:05:41,대 그 누 센,,47,47.0,대 그 누 센 ,대 그 누 센,0.8898526430130005
2024-03-24 14:05:41,피아제 패랩 ㄷㄷ,ㅅㅅㅅㅅ,47,47.0,피아제 패랩 ㄷㄷ ㅅㅅㅅㅅ,피아제 패랩 ㄷㄷ ㅅㅅㅅㅅ,0.28233617544174194
2024-03-24 14:05:41,킹이막ㅋㅋㅋㅋㅋㅋㅋㅋㅋ,ㅋㅋㅋㅋ,47,47.0,킹이막ㅋㅋㅋㅋㅋㅋㅋㅋㅋ ㅋㅋㅋㅋ,킹이막ㅋㅋㅋㅋㅋㅋㅋㅋㅋ ㅋㅋㅋㅋ,0.39791783690452576
2024-03-24 14:05:41,하스가 진짜 섹스다,ㅈㄱㄴ,47,47.0,하스가 진짜 섹스다 ㅈㄱㄴ,하스가 진짜 섹스다 ㅈㄱㄴ,0.8571711778640747
2024-03-24 14:05:45,우리 하스가 달라졌어요,ㅅㅅㅅㅅㅅㅅㅅㅅ,47,47.0,우리 하스가 달라졌어요 ㅅㅅㅅㅅㅅㅅㅅㅅ,우리 하스가 달라졌어요 ㅅㅅㅅㅅㅅㅅㅅㅅ,0.12800554931163788
2024-03-24 14:05:45,대 하 스 ㅋㅋㅋㅋㅋㅋㅋㅋㅋㅋㅋ,ㅋㅋㅋㅋㅋㅋㅋ컄ㅋㅋㅋㅋㅋㅋㅋㅋㅋㅋㅋㅋ,47,47.0,대 하 스 ㅋㅋㅋㅋㅋㅋㅋㅋㅋㅋㅋ ㅋㅋㅋㅋㅋㅋㅋ컄ㅋㅋㅋㅋㅋㅋㅋㅋㅋㅋㅋㅋ,대 하 스 ㅋㅋㅋㅋㅋㅋㅋㅋㅋㅋㅋ ㅋㅋㅋㅋㅋㅋㅋ컄ㅋㅋㅋㅋㅋㅋㅋㅋㅋㅋㅋㅋ,0.7818288207054138
2024-03-24 14:05:47,썩마볼두오 ㅋㅋㅋㅋ,,47,47.0,썩마볼두오 ㅋㅋㅋㅋ ,썩마볼두오 ㅋㅋㅋㅋ,0.7389970421791077
2024-03-24 14:05:47,와 하스!!,이거제!!!,47,47.0,와 하스!! 이거제!!!,와 하스!! 이거제!!!,0.09984414279460907
2024-03-24 14:05:49,귄터 << 그저 광대 원툴 ㅋㅋㅋㅋㅋ,역시 실리는 일평 ㅋㅋ,47,47.0,귄터 << 그저 광대 원툴 ㅋㅋㅋㅋㅋ 역시 실리는 일평 ㅋㅋ,귄터 << 그저 광대 원툴 ㅋㅋㅋㅋㅋ 역시 실리는 일평 ㅋㅋ,0.945112407207489
2024-03-24 14:05:50,케이막 뽀킹 바이킹 컴백ㅋㅋㅋㅋ,ㅋㅋ,47,47.0,케이막 뽀킹 바이킹 컴백ㅋㅋㅋㅋ ㅋㅋ,케이막 뽀킹 바이킹 컴백ㅋㅋㅋㅋ ㅋㅋ,0.18741725385189056
2024-03-24 14:05:50,하스캐호감ㅋㅋㅋㅋㅋ,ㅋㅋㅋㅋㅋㅋ,47,47.0,하스캐호감ㅋㅋㅋㅋㅋ ㅋㅋㅋㅋㅋㅋ,하스캐호감ㅋㅋㅋㅋㅋ ㅋㅋㅋㅋㅋㅋ,0.13913124799728394
2024-03-24 14:05:50,권터 ㅅ발아ㅋㅋㅋㅋㅋㅋ,그저 본질원툴ㅋㅋㅋㅋ,47,47.0,권터 ㅅ발아ㅋㅋㅋㅋㅋㅋ 그저 본질원툴ㅋㅋㅋㅋ,권터 ㅅ발아ㅋㅋㅋㅋㅋㅋ 그저 본질원툴ㅋㅋㅋㅋ,0.9418251514434814
2024-03-24 14:05:52,군터가 혈이었누 ㅋㅋ,혈막군ㅋㅋ,47,47.0,군터가 혈이었누 ㅋㅋ 혈막군ㅋㅋ,군터가 혈이었누 ㅋㅋ 혈막군ㅋㅋ,0.6550800800323486
2024-03-24 14:05:56,경기 존나 재밌노 ㅋㅋㅋㅋㅋ,ㅋㅋㅋㅋㅋㅋ,47,47.0,경기 존나 재밌노 ㅋㅋㅋㅋㅋ ㅋㅋㅋㅋㅋㅋ,경기 존나 재밌노 ㅋㅋㅋㅋㅋ ㅋㅋㅋㅋㅋㅋ,0.12388570606708527
2024-03-24 14:05:57,하스 이번에 미쳤네 ㄹㅇ,,47,47.0,하스 이번에 미쳤네 ㄹㅇ ,하스 이번에 미쳤네 ㄹㅇ,0.14397192001342773
2024-03-24 14:06:11,와 하스 뭐냐,지금 모습 보니까 군터 짜를만했네,47,47.0,와 하스 뭐냐 지금 모습 보니까 군터 짜를만했네,와 하스 뭐냐 지금 모습 보니까 군터 짜를만했네,0.5381778478622437
2024-03-24 14:06:14,하스 둘 다 포인트 피니쉬 가능하냐,- dc official App,47,47.0,하스 둘 다 포인트 피니쉬 가능하냐 - dc official App,하스 둘 다 포인트 피니쉬 가능하냐 - dc official App,0.1532619446516037
2024-03-24 14:06:14,역시 호쥬는 항상 꿀잼보장이네 ㅋㅋㅋㅋㅋ,ㅋㅋㅋㅋ,47,47.0,역시 호쥬는 항상 꿀잼보장이네 ㅋㅋㅋㅋㅋ ㅋㅋㅋㅋ,역시 호쥬는 항상 꿀잼보장이네 ㅋㅋㅋㅋㅋ ㅋㅋㅋㅋ,0.10711728781461716
2024-03-24 14:06:16,권터 나가니까 하스 날아오르노 씹ㅋㅋㅋ,ㅋㅋㅋ,47,47.0,권터 나가니까 하스 날아오르노 씹ㅋㅋㅋ ㅋㅋㅋ,권터 나가니까 하스 날아오르노 씹ㅋㅋㅋ ㅋㅋㅋ,0.7495166659355164
2024-03-24 14:06:17,뭐냐 시발 왜 페라리 원투임??,"몽골은
왜
아웃
??",47,47.0,"뭐냐 시발 왜 페라리 원투임?? 몽골은
왜
아웃
??",뭐냐 시발 왜 페라리 원투임?? 몽골은 왜 아웃 ??,0.7275595664978027
2024-03-24 14:06:16,진하스가 짠돌이가 아니라 권터가 문제였노ㅋㅋㅋㅋㅋ,몰라봤습니다ㅋㅋㅋㅋ,47,47.0,진하스가 짠돌이가 아니라 권터가 문제였노ㅋㅋㅋㅋㅋ 몰라봤습니다ㅋㅋㅋㅋ,진하스가 짠돌이가 아니라 권터가 문제였노ㅋㅋㅋㅋㅋ 몰라봤습니다ㅋㅋㅋㅋ,0.5374813079833984
2024-03-24 14:06:23,막스 계속 나오네ㅋㅋㅋㅋㅋㅋㅋ,,47,47.0,막스 계속 나오네ㅋㅋㅋㅋㅋㅋㅋ ,막스 계속 나오네ㅋㅋㅋㅋㅋㅋㅋ,0.16822658479213715
2024-03-24 14:06:28,군터 안그립다 이거야 ㅋㅋ,"꺼져 코미디언쉐꺄
- dc official App",47,47.0,"군터 안그립다 이거야 ㅋㅋ 꺼져 코미디언쉐꺄
- dc official App",군터 안그립다 이거야 ㅋㅋ 꺼져 코미디언쉐꺄 - dc official App,0.9505578875541687
2024-03-24 14:06:29,몽골 ㅋㅋㅋ,,47,47.0,몽골 ㅋㅋㅋ ,몽골 ㅋㅋㅋ,0.8996732234954834
2024-03-24 14:06:30,귄터 나가니까 하스 그냥 날라다니노 ㅋㅋㅋㅋ,그저 넷플원툴 ㅋㅋㅋㅋㅋㅋ,47,47.0,귄터 나가니까 하스 그냥 날라다니노 ㅋㅋㅋㅋ 그저 넷플원툴 ㅋㅋㅋㅋㅋㅋ,귄터 나가니까 하스 그냥 날라다니노 ㅋㅋㅋㅋ 그저 넷플원툴 ㅋㅋㅋㅋㅋㅋ,0.8699944019317627
2024-03-24 14:06:34,귄터 << 이새기가 범인이었노 ㅋㅋㅋㅋㅋㅋㅋ,뽀킹 ㅋㅋㅋㅋ,47,47.0,귄터 << 이새기가 범인이었노 ㅋㅋㅋㅋㅋㅋㅋ 뽀킹 ㅋㅋㅋㅋ,귄터 << 이새기가 범인이었노 ㅋㅋㅋㅋㅋㅋㅋ 뽀킹 ㅋㅋㅋㅋ,0.932693600654602
2024-03-24 14:06:34,리타이어해야 화면에 많이 나오는 남자ㅋㅋㅋㅋㅋㅋㅋㅋㅋ,,47,47.0,리타이어해야 화면에 많이 나오는 남자ㅋㅋㅋㅋㅋㅋㅋㅋㅋ ,리타이어해야 화면에 많이 나오는 남자ㅋㅋㅋㅋㅋㅋㅋㅋㅋ,0.73685222864151
2024-03-24 14:06:35,합성 해 줘,"기가누샌 필요함
- dc official App",48,48.0,"합성 해 줘 기가누샌 필요함
- dc official App",합성 해 줘 기가누샌 필요함 - dc official App,0.1557881236076355
2024-03-24 14:06:51,야동 ㄷㄷ,,48,48.0,야동 ㄷㄷ ,야동 ㄷㄷ,0.8493943810462952
2024-03-24 14:06:55,첫랩에 그냥 사인츠가 너무 잘 했다,베르스타펜 브레이크를 무리하게 만들었을지도,48,48.0,첫랩에 그냥 사인츠가 너무 잘 했다 베르스타펜 브레이크를 무리하게 만들었을지도,첫랩에 그냥 사인츠가 너무 잘 했다 베르스타펜 브레이크를 무리하게 만들었을지도,0.10282173752784729
2024-03-24 14:07:01,브레이크가 터지넼ㅋㅋ,"ㅋㅋㅋ
- dc official App",48,48.0,"브레이크가 터지넼ㅋㅋ ㅋㅋㅋ
- dc official App",브레이크가 터지넼ㅋㅋ ㅋㅋㅋ - dc official App,0.2930450141429901
2024-03-24 14:07:06,쥬지 드디어 피트인ㅋㅋㅋ,ㅋㅋ,48,48.0,쥬지 드디어 피트인ㅋㅋㅋ ㅋㅋ,쥬지 드디어 피트인ㅋㅋㅋ ㅋㅋ,0.9120432138442993
2024-03-24 14:07:14,개븅신장애인 두명 없으니 존잼이네,ㅋㅋ,48,48.0,개븅신장애인 두명 없으니 존잼이네 ㅋㅋ,개븅신장애인 두명 없으니 존잼이네 ㅋㅋ,0.9451993107795715
2024-03-24 14:07:17,러셀 이새낀 하드로 갈꺼면 아까 들어가지,뭐하는거냐,48,48.0,러셀 이새낀 하드로 갈꺼면 아까 들어가지 뭐하는거냐,러셀 이새낀 하드로 갈꺼면 아까 들어가지 뭐하는거냐,0.8026549816131592
2024-03-24 14:07:25,윌은 맨날 ㅅㅂ 전략을 ㅈ같이 짜오네,전략팀이 그냥 안티임,48,48.0,윌은 맨날 ㅅㅂ 전략을 ㅈ같이 짜오네 전략팀이 그냥 안티임,윌은 맨날 ㅅㅂ 전략을 ㅈ같이 짜오네 전략팀이 그냥 안티임,0.9543337821960449
2024-03-24 14:07:31,윌리엄스 팬이긴 한데 이번은 진짜 어쩔 수가 없네,"윌리엄스 지금 너무 팀이 병신상태야
..원래 그랬나?",48,48.0,"윌리엄스 팬이긴 한데 이번은 진짜 어쩔 수가 없네 윌리엄스 지금 너무 팀이 병신상태야
..원래 그랬나?",윌리엄스 팬이긴 한데 이번은 진짜 어쩔 수가 없네 윌리엄스 지금 너무 팀이 병신상태야 ..원래 그랬나?,0.7361955642700195
2024-03-24 14:07:32,메르 병신들아,하드? 미친거야? 12랩남았는데?,48,48.0,메르 병신들아 하드? 미친거야? 12랩남았는데?,메르 병신들아 하드? 미친거야? 12랩남았는데?,0.9202523231506348
2024-03-24 14:07:37,노리스랑 르끌레랑 배틀 일어날거같은 느낌 아님 ?,"아닌가
- dc official App",48,48.0,"노리스랑 르끌레랑 배틀 일어날거같은 느낌 아님 ? 아닌가
- dc official App",노리스랑 르끌레랑 배틀 일어날거같은 느낌 아님 ? 아닌가 - dc official App,0.17292362451553345
2024-03-24 14:07:38,쟤 왜 하드로 갔냐,"최소 미디엄일줄 알았는데
- dc official App",48,48.0,"쟤 왜 하드로 갔냐 최소 미디엄일줄 알았는데
- dc official App",쟤 왜 하드로 갔냐 최소 미디엄일줄 알았는데 - dc official App,0.29720547795295715
2024-03-24 14:07:39,그와중에 자력으로는 순위 한단계도 못올린 리카르도 정말 대단해~~,저새기는 뭐 중계차같은거임?ㅋㅋㅋ,48,48.0,그와중에 자력으로는 순위 한단계도 못올린 리카르도 정말 대단해~~ 저새기는 뭐 중계차같은거임?ㅋㅋㅋ,그와중에 자력으로는 순위 한단계도 못올린 리카르도 정말 대단해~~ 저새기는 뭐 중계차같은거임?ㅋㅋㅋ,0.9335808753967285
2024-03-24 14:07:41,막스 평소에는 중계에 잘 안잡히더니,브레이크 폭발시키니까 티비 자주 나오네,48,48.0,막스 평소에는 중계에 잘 안잡히더니 브레이크 폭발시키니까 티비 자주 나오네,막스 평소에는 중계에 잘 안잡히더니 브레이크 폭발시키니까 티비 자주 나오네,0.26417112350463867
2024-03-24 14:07:51,1:20:223 ㄷㄷ,- dc official App,48,48.0,1:20:223 ㄷㄷ - dc official App,1:20:223 ㄷㄷ - dc official App,0.149856835603714
2024-03-24 14:08:02,노리스 랩 레코드 ㅊㅊ,,49,49.0,노리스 랩 레코드 ㅊㅊ ,노리스 랩 레코드 ㅊㅊ,0.06778673827648163
2024-03-24 14:08:03,조금 있으면 2위싸움 진짜 존나 재밌겠네,르끌아 함 보여주라,49,49.0,조금 있으면 2위싸움 진짜 존나 재밌겠네 르끌아 함 보여주라,조금 있으면 2위싸움 진짜 존나 재밌겠네 르끌아 함 보여주라,0.247559055685997
2024-03-24 14:08:04,패랩이 도대체 몆번째 바뀌는거냐 ㅋㅋ,- dc official App,49,49.0,패랩이 도대체 몆번째 바뀌는거냐 ㅋㅋ - dc official App,패랩이 도대체 몆번째 바뀌는거냐 ㅋㅋ - dc official App,0.19076915085315704
2024-03-24 14:08:08,막스는 뒤져도 흔적을 남기노 ㄷ,ㄷㄷ,49,49.0,막스는 뒤져도 흔적을 남기노 ㄷ ㄷㄷ,막스는 뒤져도 흔적을 남기노 ㄷ ㄷㄷ,0.8739488124847412
2024-03-24 14:08:13,맥 페이스 좋다,사고함 치자,49,49.0,맥 페이스 좋다 사고함 치자,맥 페이스 좋다 사고함 치자,0.09193659573793411
2024-03-24 14:08:17,황리스 패랩 ㅅㅅㅅ,ㅅㅅ,49,49.0,황리스 패랩 ㅅㅅㅅ ㅅㅅ,황리스 패랩 ㅅㅅㅅ ㅅㅅ,0.7582250833511353
2024-03-24 14:08:29,래드플랙 없는곳에서 이정도의 유잼을??,ㅋㅋ,49,49.0,래드플랙 없는곳에서 이정도의 유잼을?? ㅋㅋ,래드플랙 없는곳에서 이정도의 유잼을?? ㅋㅋ,0.15038718283176422
2024-03-24 14:08:32,오늘 경기 개꿀잼인것같은 엪붕이들은 개추 ㅋㅋㅋㅋㅋ,일단 나부터 ㅋㅋㅋㅋㅋ,49,49.0,오늘 경기 개꿀잼인것같은 엪붕이들은 개추 ㅋㅋㅋㅋㅋ 일단 나부터 ㅋㅋㅋㅋㅋ,오늘 경기 개꿀잼인것같은 엪붕이들은 개추 ㅋㅋㅋㅋㅋ 일단 나부터 ㅋㅋㅋㅋㅋ,0.8912166357040405
2024-03-24 14:08:48,메르 ㅈ병신아 ㅋㅋㅋㅋㅋ,하드로 할꺼면 피트를 빨리해야지 ㅅㅂ,49,49.0,메르 ㅈ병신아 ㅋㅋㅋㅋㅋ 하드로 할꺼면 피트를 빨리해야지 ㅅㅂ,메르 ㅈ병신아 ㅋㅋㅋㅋㅋ 하드로 할꺼면 피트를 빨리해야지 ㅅㅂ,0.9035569429397583
2024-03-24 14:08:55,사인츠가 페이스 줄여서 르끌 당겨주기는 무리인가?,"ㅇㅇ
- dc official App",49,49.0,"사인츠가 페이스 줄여서 르끌 당겨주기는 무리인가? ㅇㅇ
- dc official App",사인츠가 페이스 줄여서 르끌 당겨주기는 무리인가? ㅇㅇ - dc official App,0.1478930562734604
2024-03-24 14:08:58,헐크가 츠노다 잡을 수 있을까?,2초 갭 잡을만하지 않나?,49,49.0,헐크가 츠노다 잡을 수 있을까? 2초 갭 잡을만하지 않나?,헐크가 츠노다 잡을 수 있을까? 2초 갭 잡을만하지 않나?,0.5076660513877869
2024-03-24 14:09:01,자우버 졸음 쉼터 운영했는데도 그 아래 가슬리는 뭐냐?,쟤는 졸면서 드라이빙함?,49,49.0,자우버 졸음 쉼터 운영했는데도 그 아래 가슬리는 뭐냐? 쟤는 졸면서 드라이빙함?,자우버 졸음 쉼터 운영했는데도 그 아래 가슬리는 뭐냐? 쟤는 졸면서 드라이빙함?,0.9037606716156006
2024-03-24 14:09:04,햄형 왜 아웃임?,ㅇㅇ,49,49.0,햄형 왜 아웃임? ㅇㅇ,햄형 왜 아웃임? ㅇㅇ,0.5411537289619446
2024-03-24 14:09:11,쩌리 8명 리타보다 몽물 두명 나가리가 더 좋다ㅋㅋㅋㅋㅋ,,49,49.0,쩌리 8명 리타보다 몽물 두명 나가리가 더 좋다ㅋㅋㅋㅋㅋ ,쩌리 8명 리타보다 몽물 두명 나가리가 더 좋다ㅋㅋㅋㅋㅋ,0.932553231716156
2024-03-24 14:09:19,막스 찌꺼기 아직도 트랙에 있노 ㅋㅋ,ㅋㅋㅋ,50,50.0,막스 찌꺼기 아직도 트랙에 있노 ㅋㅋ ㅋㅋㅋ,막스 찌꺼기 아직도 트랙에 있노 ㅋㅋ ㅋㅋㅋ,0.9521148800849915
2024-03-24 14:09:40,죽고싶다.,,50,50.0,죽고싶다. ,죽고싶다.,0.6053552627563477
2024-03-24 14:09:44,호주 치고 별일 없긴 한건데,"큰거 두개 터지니 개꿀잼이네 ㅋㅋㅋㅋㅋㅋㅋ
- dc official App",50,50.0,"호주 치고 별일 없긴 한건데 큰거 두개 터지니 개꿀잼이네 ㅋㅋㅋㅋㅋㅋㅋ
- dc official App",호주 치고 별일 없긴 한건데 큰거 두개 터지니 개꿀잼이네 ㅋㅋㅋㅋㅋㅋㅋ - dc official App,0.24461257457733154
2024-03-24 14:09:52,르끌 극한까지째기 ㅋㅋㅋㅋㅋㅋ,,50,50.0,르끌 극한까지째기 ㅋㅋㅋㅋㅋㅋ ,르끌 극한까지째기 ㅋㅋㅋㅋㅋㅋ,0.4698748290538788
2024-03-24 14:09:59,오늘 경기 존나 재밌으면 개추 ㅋㅋㅋㅋㅋㅋ,"어우막인줄 알았는데 칼퇴근만 막스 + 내년에 쫒겨나는데 압도적으로 레이스하는 사인지 + 그 사인지를 재끼고 페라리 들어오는데 퇴물화에 칼퇴근한 해물탕 + 팀게임의 희망 하스 + 고속도로 쉼터 자우버까지 ㅋㅋㅋㅋㅋㅋ
이 재밌는걸 너네만 보고 있었노 ㅋㅋㅋㅋㅋ",50,50.0,"오늘 경기 존나 재밌으면 개추 ㅋㅋㅋㅋㅋㅋ 어우막인줄 알았는데 칼퇴근만 막스 + 내년에 쫒겨나는데 압도적으로 레이스하는 사인지 + 그 사인지를 재끼고 페라리 들어오는데 퇴물화에 칼퇴근한 해물탕 + 팀게임의 희망 하스 + 고속도로 쉼터 자우버까지 ㅋㅋㅋㅋㅋㅋ
이 재밌는걸 너네만 보고 있었노 ㅋㅋㅋㅋㅋ",오늘 경기 존나 재밌으면 개추 ㅋㅋㅋㅋㅋㅋ 어우막인줄 알았는데 칼퇴근만 막스 + 내년에 쫒겨나는데 압도적으로 레이스하는 사인지 + 그 사인지를 재끼고 페라리 들어오는데 퇴물화에 칼퇴근한 해물탕 + 팀게임의 희망 하스 + 고속도로 쉼터 자우버까지 ㅋㅋㅋㅋㅋㅋ 이 재밌는걸 너네만 보고 있었노 ㅋㅋㅋㅋㅋ,0.8504457473754883
2024-03-24 14:10:01,이새끼 왜 안나옴?,슬슬 나오면 꿀잼 각인데 ㅋㅋㅋㅋ,50,50.0,이새끼 왜 안나옴? 슬슬 나오면 꿀잼 각인데 ㅋㅋㅋㅋ,이새끼 왜 안나옴? 슬슬 나오면 꿀잼 각인데 ㅋㅋㅋㅋ,0.8256202340126038
2024-03-24 14:10:06,몽골 한명 없다고 겜이 개꿀잼이네 ;,저새끼 퇴출시켜라 걍,50,50.0,몽골 한명 없다고 겜이 개꿀잼이네 ; 저새끼 퇴출시켜라 걍,몽골 한명 없다고 겜이 개꿀잼이네 ; 저새끼 퇴출시켜라 걍,0.9316319823265076
2024-03-24 14:10:15,해밀턴은 무슨일임?,차 터짐?,50,50.0,해밀턴은 무슨일임? 차 터짐?,해밀턴은 무슨일임? 차 터짐?,0.28568121790885925
2024-03-24 14:10:17,올해 메르는 걍 븅신이네요,새삼 사인츠 불쌍하네,50,50.0,올해 메르는 걍 븅신이네요 새삼 사인츠 불쌍하네,올해 메르는 걍 븅신이네요 새삼 사인츠 불쌍하네,0.842155396938324
2024-03-24 14:10:19,슬슬 세카 한번만 떠라,ㅇ,50,50.0,슬슬 세카 한번만 떠라 ㅇ,슬슬 세카 한번만 떠라 ㅇ,0.27735811471939087
2024-03-24 14:10:23,아무리 봐도 사인츠 르끌 둘이 베스트인데,사인츠 그냥 재계약하면 안되노,50,50.0,아무리 봐도 사인츠 르끌 둘이 베스트인데 사인츠 그냥 재계약하면 안되노,아무리 봐도 사인츠 르끌 둘이 베스트인데 사인츠 그냥 재계약하면 안되노,0.14658786356449127
2024-03-24 14:10:31,???,"??
- dc official App",50,50.0,"??? ??
- dc official App",??? ?? - dc official App,0.23707923293113708
2024-03-24 14:10:33,가슬리ㅜㅋㅋㅋㅋ,,50,50.0,가슬리ㅜㅋㅋㅋㅋ ,가슬리ㅜㅋㅋㅋㅋ,0.5132506489753723
2024-03-24 14:10:36,가슬리 5초 ㅋㅋㅋㅋㅋㅋㅋㅋㅋㅋ,아,50,50.0,가슬리 5초 ㅋㅋㅋㅋㅋㅋㅋㅋㅋㅋ 아,가슬리 5초 ㅋㅋㅋㅋㅋㅋㅋㅋㅋㅋ 아,0.46689364314079285
2024-03-24 14:10:37,개슬리 페널티 ㅋㅋㅋ,,50,50.0,개슬리 페널티 ㅋㅋㅋ ,개슬리 페널티 ㅋㅋㅋ,0.6620112061500549
2024-03-24 14:10:37,가슬리는 순위도 낮은데 패널티까지 받네 아이고,- dc official App,50,50.0,가슬리는 순위도 낮은데 패널티까지 받네 아이고 - dc official App,가슬리는 순위도 낮은데 패널티까지 받네 아이고 - dc official App,0.25838419795036316
2024-03-24 14:10:48,사인지 랩타임 점점 줄고있다 ㄷㄷ,- dc official App,51,51.0,사인지 랩타임 점점 줄고있다 ㄷㄷ - dc official App,사인지 랩타임 점점 줄고있다 ㄷㄷ - dc official App,0.09019917249679565
2024-03-24 14:10:50,오콘한테 대신 주기 ㄱㄱ,,51,51.0,오콘한테 대신 주기 ㄱㄱ ,오콘한테 대신 주기 ㄱㄱ,0.5618518590927124
2024-03-24 14:10:53,자우버 정도가 스핀 함 때려줘라,타이밍임,51,51.0,자우버 정도가 스핀 함 때려줘라 타이밍임,자우버 정도가 스핀 함 때려줘라 타이밍임,0.3362681269645691
2024-03-24 14:10:57,이번에 대인츠 우승하면 <<<- 걍 퍼스트 맞는 듯,"작년 올해 페라리 우승 딱 두번
모두 대인츠
- dc official App",51,51.0,"이번에 대인츠 우승하면 <<<- 걍 퍼스트 맞는 듯 작년 올해 페라리 우승 딱 두번
모두 대인츠
- dc official App",이번에 대인츠 우승하면 <<<- 걍 퍼스트 맞는 듯 작년 올해 페라리 우승 딱 두번 모두 대인츠 - dc official App,0.1882352977991104
2024-03-24 14:10:58,그래도 여친 이쁘잖아 한잔해,ㅋㅋ,51,51.0,그래도 여친 이쁘잖아 한잔해 ㅋㅋ,그래도 여친 이쁘잖아 한잔해 ㅋㅋ,0.49542248249053955
2024-03-24 14:11:03,SC 떴으면 더 재밌었을 것 같은데 이게 SC가 안뜨네,"솔직히 막스 우승만 안했지 작년 호주가 도파민 끝판왕이였는데
오늘 대라리 원투 빼고 좀 슴슴하네",51,51.0,"SC 떴으면 더 재밌었을 것 같은데 이게 SC가 안뜨네 솔직히 막스 우승만 안했지 작년 호주가 도파민 끝판왕이였는데
오늘 대라리 원투 빼고 좀 슴슴하네",SC 떴으면 더 재밌었을 것 같은데 이게 SC가 안뜨네 솔직히 막스 우승만 안했지 작년 호주가 도파민 끝판왕이였는데 오늘 대라리 원투 빼고 좀 슴슴하네,0.08241564780473709
2024-03-24 14:11:03,패널티 양도함,"오콘한테
- dc official App",51,51.0,"패널티 양도함 오콘한테
- dc official App",패널티 양도함 오콘한테 - dc official App,0.12182523310184479
2024-03-24 14:11:06,가슬리 5초 패널티면 알핀 리버스 원투ㅋㅋ,리타 제외 ㅋㅋ,51,51.0,가슬리 5초 패널티면 알핀 리버스 원투ㅋㅋ 리타 제외 ㅋㅋ,가슬리 5초 패널티면 알핀 리버스 원투ㅋㅋ 리타 제외 ㅋㅋ,0.20952270925045013
2024-03-24 14:11:08,자체 패널티 vs 그냥 패널티,"두 하위권은 문제아지만 병신
- dc official App",51,51.0,"자체 패널티 vs 그냥 패널티 두 하위권은 문제아지만 병신
- dc official App",자체 패널티 vs 그냥 패널티 두 하위권은 문제아지만 병신 - dc official App,0.9062901735305786
2024-03-24 14:11:38,사인츠 놔주는 거 존나 아깝네,저런 퍼스트를 그냥 보내버렸노,51,51.0,사인츠 놔주는 거 존나 아깝네 저런 퍼스트를 그냥 보내버렸노,사인츠 놔주는 거 존나 아깝네 저런 퍼스트를 그냥 보내버렸노,0.5863006114959717
2024-03-24 14:11:50,몽골뒤지니까 화난사람들이있네,ㅋㅋ,51,51.0,몽골뒤지니까 화난사람들이있네 ㅋㅋ,몽골뒤지니까 화난사람들이있네 ㅋㅋ,0.9348770976066589
2024-03-24 14:11:55,라티피가 그립구나….,아…,51,51.0,라티피가 그립구나…. 아…,라티피가 그립구나…. 아…,0.062176018953323364
2024-03-24 14:11:57,오늘 셒카 안뜨는거 아쉽노,재미는 있는데 싱겁노,51,51.0,오늘 셒카 안뜨는거 아쉽노 재미는 있는데 싱겁노,오늘 셒카 안뜨는거 아쉽노 재미는 있는데 싱겁노,0.10135537385940552
2024-03-24 14:12:02,알핀 vs 자우버,"치열한 꼴찌 싸움
- dc official App",52,52.0,"알핀 vs 자우버 치열한 꼴찌 싸움
- dc official App",알핀 vs 자우버 치열한 꼴찌 싸움 - dc official App,0.25762486457824707
2024-03-24 14:12:04,노리스 페이스 씨발니네 진ㅁ자,- dc official App,52,52.0,노리스 페이스 씨발니네 진ㅁ자 - dc official App,노리스 페이스 씨발니네 진ㅁ자 - dc official App,0.8868986964225769
2024-03-24 14:12:06,작년 호주 막스 우승이였어도 도파민 풀충전이였는데,호주인데 사고는 안나고 그냥 차량 자체 문제로만 리타이어하는건 존나 신기하네,52,52.0,작년 호주 막스 우승이였어도 도파민 풀충전이였는데 호주인데 사고는 안나고 그냥 차량 자체 문제로만 리타이어하는건 존나 신기하네,작년 호주 막스 우승이였어도 도파민 풀충전이였는데 호주인데 사고는 안나고 그냥 차량 자체 문제로만 리타이어하는건 존나 신기하네,0.17348667979240417
2024-03-24 14:12:06,야라리 원투 8랩남음ㅋㅋㅋㅋㅋㅋㅋㅋㅋㅋㅋ,티포시의 주말 on,52,52.0,야라리 원투 8랩남음ㅋㅋㅋㅋㅋㅋㅋㅋㅋㅋㅋ 티포시의 주말 on,야라리 원투 8랩남음ㅋㅋㅋㅋㅋㅋㅋㅋㅋㅋㅋ 티포시의 주말 on,0.22886034846305847
2024-03-24 14:12:07,츠노다 점점 헐크랑 거리 벌리네,,52,52.0,츠노다 점점 헐크랑 거리 벌리네 ,츠노다 점점 헐크랑 거리 벌리네,0.710848331451416
2024-03-24 14:12:13,대런은 사실상 꼴지네,F2 두 팀 제외해야되니까,52,52.0,대런은 사실상 꼴지네 F2 두 팀 제외해야되니까,대런은 사실상 꼴지네 F2 두 팀 제외해야되니까,0.29770398139953613
2024-03-24 14:12:26,레불 노포,이 얼마만인가,52,52.0,레불 노포 이 얼마만인가,레불 노포 이 얼마만인가,0.07597117871046066
2024-03-24 14:12:37,억까지,"ㅆㅂ
- dc official App",52,52.0,"억까지 ㅆㅂ
- dc official App",억까지 ㅆㅂ - dc official App,0.5880031585693359
2024-03-24 14:12:40,걍 사인츠 나가리 된거 번복안하나,"이런 인재를 버려?
- dc official App",52,52.0,"걍 사인츠 나가리 된거 번복안하나 이런 인재를 버려?
- dc official App",걍 사인츠 나가리 된거 번복안하나 이런 인재를 버려? - dc official App,0.3734240233898163
2024-03-24 14:12:46,막스근데 마지막리타가 언제였지?,하도 오래해쳐먹어서 언제인지가 기억이 안나네,52,52.0,막스근데 마지막리타가 언제였지? 하도 오래해쳐먹어서 언제인지가 기억이 안나네,막스근데 마지막리타가 언제였지? 하도 오래해쳐먹어서 언제인지가 기억이 안나네,0.7663584351539612
2024-03-24 14:12:48,이 양반은 지루해 뒤지겠다,"세카가 안나오네 ㅋㅋㅋㅋ
- dc official App",52,52.0,"이 양반은 지루해 뒤지겠다 세카가 안나오네 ㅋㅋㅋㅋ
- dc official App",이 양반은 지루해 뒤지겠다 세카가 안나오네 ㅋㅋㅋㅋ - dc official App,0.7628535032272339
2024-03-24 14:13:09,밥먹듯 1등하던샠기 없으니까 이제 f1 보는거같네,ㅇㅇ,52,52.0,밥먹듯 1등하던샠기 없으니까 이제 f1 보는거같네 ㅇㅇ,밥먹듯 1등하던샠기 없으니까 이제 f1 보는거같네 ㅇㅇ,0.9280878901481628
2024-03-24 14:13:11,제발 제발 셉카 한번만주세요,"페라리랑 맥라렌 둘다 팀메이트끼리 물고뜯게
셉카한번만 주세여",52,52.0,"제발 제발 셉카 한번만주세요 페라리랑 맥라렌 둘다 팀메이트끼리 물고뜯게
셉카한번만 주세여",제발 제발 셉카 한번만주세요 페라리랑 맥라렌 둘다 팀메이트끼리 물고뜯게 셉카한번만 주세여,0.7802504897117615
2024-03-24 14:13:40,광대ㅋㅋㅋㅋㅋ,ㅋㅋ,53,53.0,광대ㅋㅋㅋㅋㅋ ㅋㅋ,광대ㅋㅋㅋㅋㅋ ㅋㅋ,0.8566969633102417
2024-03-24 14:13:41,광대 ㅅㅂㅋㅋㅋㅋㅋㅋㅋㅋㅋㅋ,,53,53.0,광대 ㅅㅂㅋㅋㅋㅋㅋㅋㅋㅋㅋㅋ ,광대 ㅅㅂㅋㅋㅋㅋㅋㅋㅋㅋㅋㅋ,0.9319802522659302
2024-03-24 14:13:45,ㅋㅋㅋㅋㅋㅋㅋㅋㅋㅋㅋ,ㅋㅋㅋ,53,53.0,ㅋㅋㅋㅋㅋㅋㅋㅋㅋㅋㅋ ㅋㅋㅋ,ㅋㅋㅋㅋㅋㅋㅋㅋㅋㅋㅋ ㅋㅋㅋ,0.6128489375114441
2024-03-24 14:13:46,아 씨발 티포시ㅋㅋㅋㅋㅋㅋㅋㅋㅋ,ㅋㅋㅋㅋㅋ,53,53.0,아 씨발 티포시ㅋㅋㅋㅋㅋㅋㅋㅋㅋ ㅋㅋㅋㅋㅋ,아 씨발 티포시ㅋㅋㅋㅋㅋㅋㅋㅋㅋ ㅋㅋㅋㅋㅋ,0.7850207090377808
2024-03-24 14:13:47,광대 씹 ㅋㅋㅋㅋ,ㅋㅋㅋㅋㅋ,53,53.0,광대 씹 ㅋㅋㅋㅋ ㅋㅋㅋㅋㅋ,광대 씹 ㅋㅋㅋㅋ ㅋㅋㅋㅋㅋ,0.928250789642334
2024-03-24 14:13:47,ㅋㅋㅋㅋㅋㅋㅋㅋㅋㅋㅋ,,53,53.0,ㅋㅋㅋㅋㅋㅋㅋㅋㅋㅋㅋ ,ㅋㅋㅋㅋㅋㅋㅋㅋㅋㅋㅋ,0.6048681735992432
2024-03-24 14:13:48,페라리 씹ㅋㅋㅋㅋ,,53,53.0,페라리 씹ㅋㅋㅋㅋ ,페라리 씹ㅋㅋㅋㅋ,0.8486955761909485
2024-03-24 14:13:48,광대 입갤 ㅋㅋㅋ,,53,53.0,광대 입갤 ㅋㅋㅋ ,광대 입갤 ㅋㅋㅋ,0.9331456422805786
2024-03-24 14:13:48,광대 게이들 ㅋㅋ,,53,53.0,광대 게이들 ㅋㅋ ,광대 게이들 ㅋㅋ,0.9529955387115479
2024-03-24 14:13:49,ㅅㅂ 티포싴ㅋㅋㅋㅋ,ㅋㅋㅋ ㅁㅊc,53,53.0,ㅅㅂ 티포싴ㅋㅋㅋㅋ ㅋㅋㅋ ㅁㅊc,ㅅㅂ 티포싴ㅋㅋㅋㅋ ㅋㅋㅋ ㅁㅊc,0.8298664689064026
2024-03-24 14:13:49,팡머 ㅋㅋㅋㅋㅋ,"황 라 리 ㅋㅋㅋ
- dc official App",53,53.0,"팡머 ㅋㅋㅋㅋㅋ 황 라 리 ㅋㅋㅋ
- dc official App",팡머 ㅋㅋㅋㅋㅋ 황 라 리 ㅋㅋㅋ - dc official App,0.3998589515686035
2024-03-24 14:13:50,아시발 페라리짤 입갤 ㅋㅋㅋㅋㅋㅋㅋㅋㅋㅋ,"존나웃기네 ㅋㅋㅋㅋㅋㅋ
- dc official App",53,53.0,"아시발 페라리짤 입갤 ㅋㅋㅋㅋㅋㅋㅋㅋㅋㅋ 존나웃기네 ㅋㅋㅋㅋㅋㅋ
- dc official App",아시발 페라리짤 입갤 ㅋㅋㅋㅋㅋㅋㅋㅋㅋㅋ 존나웃기네 ㅋㅋㅋㅋㅋㅋ - dc official App,0.7215815186500549
2024-03-24 14:13:51,광대들 우승ㅋㅋㅋㅋㅋㅋㅋㅋ,,53,53.0,광대들 우승ㅋㅋㅋㅋㅋㅋㅋㅋ ,광대들 우승ㅋㅋㅋㅋㅋㅋㅋㅋ,0.9284768104553223
2024-03-24 14:13:51,자살하면 그만이야 ㅋㅋㅋㅋㅋㅋㅋㅋㅋ,ㅋㅋㅋㅋ,53,53.0,자살하면 그만이야 ㅋㅋㅋㅋㅋㅋㅋㅋㅋ ㅋㅋㅋㅋ,자살하면 그만이야 ㅋㅋㅋㅋㅋㅋㅋㅋㅋ ㅋㅋㅋㅋ,0.9253513813018799
2024-03-24 14:13:52,광대 ㅋㅋㅋㅋㅋㅋㅋㅋㅋ,,53,53.0,광대 ㅋㅋㅋㅋㅋㅋㅋㅋㅋ ,광대 ㅋㅋㅋㅋㅋㅋㅋㅋㅋ,0.9241142272949219
2024-03-24 14:13:52,솔직히 막스 나가고 개꿀잼 될 줄 알았는데,"페라리가 레드불MK2 되어버렸노
솔직히 노잼이노
싱가폴처럼 쥬지 벽박기 이런 것도 없고
걍 평화로움
차라리 지난 경기 K-막 막자차력쇼가 더 재밌는 듯 ㅋㅋ
- dc official App",53,53.0,"솔직히 막스 나가고 개꿀잼 될 줄 알았는데 페라리가 레드불MK2 되어버렸노
솔직히 노잼이노
싱가폴처럼 쥬지 벽박기 이런 것도 없고
걍 평화로움
차라리 지난 경기 K-막 막자차력쇼가 더 재밌는 듯 ㅋㅋ
- dc official App",솔직히 막스 나가고 개꿀잼 될 줄 알았는데 페라리가 레드불MK2 되어버렸노 솔직히 노잼이노 싱가폴처럼 쥬지 벽박기 이런 것도 없고 걍 평화로움 차라리 지난 경기 K-막 막자차력쇼가 더 재밌는 듯 ㅋㅋ - dc official App,0.3953590393066406
2024-03-24 14:13:56,시발 ㅋㅋㅋㅋㅋㅋㅋㅋㅋ,,53,53.0,시발 ㅋㅋㅋㅋㅋㅋㅋㅋㅋ ,시발 ㅋㅋㅋㅋㅋㅋㅋㅋㅋ,0.838510274887085
2024-03-24 14:13:58,광댘ㅋㅋㅋㅋㅋㅋㅋㅋㅋ,"ㅋㅋㅋㅋㅋㅋ
- dc official App",53,53.0,"광댘ㅋㅋㅋㅋㅋㅋㅋㅋㅋ ㅋㅋㅋㅋㅋㅋ
- dc official App",광댘ㅋㅋㅋㅋㅋㅋㅋㅋㅋ ㅋㅋㅋㅋㅋㅋ - dc official App,0.5730698704719543
2024-03-24 14:13:56,재수햄 마스터블랜ㅋㅋㅋㅋ,,53,53.0,재수햄 마스터블랜ㅋㅋㅋㅋ ,재수햄 마스터블랜ㅋㅋㅋㅋ,0.5922221541404724
2024-03-24 14:13:59,팡머 티포시 빵끗 ㅋㅋㅋㅋ,ㅋㅋㅋㅋㅋㅋㅋㅋㅋ,53,53.0,팡머 티포시 빵끗 ㅋㅋㅋㅋ ㅋㅋㅋㅋㅋㅋㅋㅋㅋ,팡머 티포시 빵끗 ㅋㅋㅋㅋ ㅋㅋㅋㅋㅋㅋㅋㅋㅋ,0.5513373613357544
2024-03-24 14:14:01,바수르야 지금이라도 물탕이 하스로 돌려라,아직 안늦었다,53,53.0,바수르야 지금이라도 물탕이 하스로 돌려라 아직 안늦었다,바수르야 지금이라도 물탕이 하스로 돌려라 아직 안늦었다,0.7593416571617126
2024-03-24 14:14:05,광대 ㅋㅋㅋㅋㅋㅋㅋ,뭐임ㅋㅋㅋㅅㅂ,53,53.0,광대 ㅋㅋㅋㅋㅋㅋㅋ 뭐임ㅋㅋㅋㅅㅂ,광대 ㅋㅋㅋㅋㅋㅋㅋ 뭐임ㅋㅋㅋㅅㅂ,0.901924729347229
2024-03-24 14:14:14,오늘 사인츠 페이스면 막스 리타 안한게 더 재밌는거 아님?,"선두 경쟁했을거 같은데
막스가 크루징 못하지 않았을까",53,53.0,"오늘 사인츠 페이스면 막스 리타 안한게 더 재밌는거 아님? 선두 경쟁했을거 같은데
막스가 크루징 못하지 않았을까",오늘 사인츠 페이스면 막스 리타 안한게 더 재밌는거 아님? 선두 경쟁했을거 같은데 막스가 크루징 못하지 않았을까,0.12447673827409744
2024-03-24 14:14:15,광대 시발 자살하면 그만이야 그거잖아 ㅋㅋㅋㅋ,아 시발 ㅋㅋㅋㅋㅋㅋㅋ,53,53.0,광대 시발 자살하면 그만이야 그거잖아 ㅋㅋㅋㅋ 아 시발 ㅋㅋㅋㅋㅋㅋㅋ,광대 시발 자살하면 그만이야 그거잖아 ㅋㅋㅋㅋ 아 시발 ㅋㅋㅋㅋㅋㅋㅋ,0.9582456350326538
2024-03-24 14:14:15,재수햄 MasterBlan 언급 ㅋㅋㅋㅋ,,53,53.0,재수햄 MasterBlan 언급 ㅋㅋㅋㅋ ,재수햄 MasterBlan 언급 ㅋㅋㅋㅋ,0.5196133255958557
2024-03-24 14:14:33,먀스터 블랜시절 ㅋㅋㅋㅋㅋ,- dc official App,53,53.0,먀스터 블랜시절 ㅋㅋㅋㅋㅋ - dc official App,먀스터 블랜시절 ㅋㅋㅋㅋㅋ - dc official App,0.22346213459968567
2024-03-24 14:14:42,호주 그랑프리 <- 호주인은 포디움 못가는 www,zzzz,54,54.0,호주 그랑프리 <- 호주인은 포디움 못가는 www zzzz,호주 그랑프리 <- 호주인은 포디움 못가는 www zzzz,0.7986267805099487
2024-03-24 14:14:45,근데 병신은 아직도 5위임?,"ㅅㅂ 포디움만 들어가면 드챔 1위로 올라가는데
그거도 못하네",54,54.0,"근데 병신은 아직도 5위임? ㅅㅂ 포디움만 들어가면 드챔 1위로 올라가는데
그거도 못하네",근데 병신은 아직도 5위임? ㅅㅂ 포디움만 들어가면 드챔 1위로 올라가는데 그거도 못하네,0.9396161437034607
2024-03-24 14:14:50,슬슬 레드플렉마렵네…,눈치좀,54,54.0,슬슬 레드플렉마렵네… 눈치좀,슬슬 레드플렉마렵네… 눈치좀,0.47037920355796814
2024-03-24 14:14:50,노리스 2등못먹으면 피아제한테 줘라 ㅋㅋ,- dc official App,54,54.0,노리스 2등못먹으면 피아제한테 줘라 ㅋㅋ - dc official App,노리스 2등못먹으면 피아제한테 줘라 ㅋㅋ - dc official App,0.7492005228996277
2024-03-24 14:14:50,막스 먼일 있었음?,"왜 리타했어 ㅋㅋㅋㅋ
- dc official App",54,54.0,"막스 먼일 있었음? 왜 리타했어 ㅋㅋㅋㅋ
- dc official App",막스 먼일 있었음? 왜 리타했어 ㅋㅋㅋㅋ - dc official App,0.26679733395576477
2024-03-24 14:14:52,노리스...슈이 해야겠지?,"피아제 바꿔줐는데 슈이라도 해야겠지?
- dc official App",54,54.0,"노리스...슈이 해야겠지? 피아제 바꿔줐는데 슈이라도 해야겠지?
- dc official App",노리스...슈이 해야겠지? 피아제 바꿔줐는데 슈이라도 해야겠지? - dc official App,0.515783429145813
2024-03-24 14:14:53,노리스가 해주겠냐고 그걸 ㅋㅋㅋ,,54,54.0,노리스가 해주겠냐고 그걸 ㅋㅋㅋ ,노리스가 해주겠냐고 그걸 ㅋㅋㅋ,0.6314153671264648
2024-03-24 14:15:01,맥라렌 5초갭까지 오면 바꿔줘야 하는거 아님?,"아주라 거
근데 너무 차이난다
- dc official App",54,54.0,"맥라렌 5초갭까지 오면 바꿔줘야 하는거 아님? 아주라 거
근데 너무 차이난다
- dc official App",맥라렌 5초갭까지 오면 바꿔줘야 하는거 아님? 아주라 거 근데 너무 차이난다 - dc official App,0.1902371197938919
2024-03-24 14:15:11,추노다 헐크와 4초갭,스트롤 좀 잡아다오..,54,54.0,추노다 헐크와 4초갭 스트롤 좀 잡아다오..,추노다 헐크와 4초갭 스트롤 좀 잡아다오..,0.9342994093894958
2024-03-24 14:15:25,아보카도 이 퇴물새끼는 이제 좀 꺼져라,"리암 로슨인가... 하는 걔한테 시트를 넘기는게 맞다.....
좆도 못하는 틀딱 때문에 썩고있는 루키 좀 배려해라...
등록.",54,54.0,"아보카도 이 퇴물새끼는 이제 좀 꺼져라 리암 로슨인가... 하는 걔한테 시트를 넘기는게 맞다.....
좆도 못하는 틀딱 때문에 썩고있는 루키 좀 배려해라...
등록.",아보카도 이 퇴물새끼는 이제 좀 꺼져라 리암 로슨인가... 하는 걔한테 시트를 넘기는게 맞다..... 좆도 못하는 틀딱 때문에 썩고있는 루키 좀 배려해라... 등록.,0.9585633277893066
2024-03-24 14:15:26,그러고 보니깐 사인츠 부상이잖아,"ㅈㄴ잘달리네
- dc official App",54,54.0,"그러고 보니깐 사인츠 부상이잖아 ㅈㄴ잘달리네
- dc official App",그러고 보니깐 사인츠 부상이잖아 ㅈㄴ잘달리네 - dc official App,0.15848961472511292
2024-03-24 14:15:33,레포 막래 페레즈(현병신) vs 페라리 막해 사인츠 폼 누가 승?,예전 레포 페레즈도 막해에  ㅈㄴ 잘타는대 시트 없어서 ㅈㄴ 안타까웟는디,54,54.0,레포 막래 페레즈(현병신) vs 페라리 막해 사인츠 폼 누가 승? 예전 레포 페레즈도 막해에  ㅈㄴ 잘타는대 시트 없어서 ㅈㄴ 안타까웟는디,레포 막래 페레즈(현병신) vs 페라리 막해 사인츠 폼 누가 승? 예전 레포 페레즈도 막해에 ㅈㄴ 잘타는대 시트 없어서 ㅈㄴ 안타까웟는디,0.511543333530426
2024-03-24 14:15:35,ㅅㅂ F0 한 새끼만 쳐냈는데 벌써 개꿀잼이네 ㅋㅋ,페라리의 원-투 피니시 ㅋㅋㅋ,54,54.0,ㅅㅂ F0 한 새끼만 쳐냈는데 벌써 개꿀잼이네 ㅋㅋ 페라리의 원-투 피니시 ㅋㅋㅋ,ㅅㅂ F0 한 새끼만 쳐냈는데 벌써 개꿀잼이네 ㅋㅋ 페라리의 원-투 피니시 ㅋㅋㅋ,0.8582296967506409
2024-03-24 14:15:42,누리스 이대로 끝나면 호주팬들한테 맞아뒤지겠노ㅋㅋㅋ,ㅋㅋㅋㅋ,54,54.0,누리스 이대로 끝나면 호주팬들한테 맞아뒤지겠노ㅋㅋㅋ ㅋㅋㅋㅋ,누리스 이대로 끝나면 호주팬들한테 맞아뒤지겠노ㅋㅋㅋ ㅋㅋㅋㅋ,0.9430469274520874
2024-03-24 14:15:44,노리스야 거 좀 해줘라 힘든것도 아닌데,ㅋㅋ,54,54.0,노리스야 거 좀 해줘라 힘든것도 아닌데 ㅋㅋ,노리스야 거 좀 해줘라 힘든것도 아닌데 ㅋㅋ,0.5476904511451721
2024-03-24 14:15:48,오늘부터 체코는 병신임을 인정합니다,병신새끼 레드불타고 5등,54,54.0,오늘부터 체코는 병신임을 인정합니다 병신새끼 레드불타고 5등,오늘부터 체코는 병신임을 인정합니다 병신새끼 레드불타고 5등,0.9479779005050659
2024-03-24 14:15:48,자우버나 알핀 중에 누가 차 좀 스핀 시켜봐,"크루징 좀 막게
- dc official App",54,54.0,"자우버나 알핀 중에 누가 차 좀 스핀 시켜봐 크루징 좀 막게
- dc official App",자우버나 알핀 중에 누가 차 좀 스핀 시켜봐 크루징 좀 막게 - dc official App,0.5753629207611084
2024-03-24 14:15:56,막스 존나 나오노ㅋㅋㅋㅋㅋㅋㅋㅋㅋㅋ,,54,54.0,막스 존나 나오노ㅋㅋㅋㅋㅋㅋㅋㅋㅋㅋ ,막스 존나 나오노ㅋㅋㅋㅋㅋㅋㅋㅋㅋㅋ,0.7360994815826416
2024-03-24 14:15:59,ㅅㅂ 막스 평소보다 세배는 많이 나오는듯ㅋㅋㅋㅋ,,54,54.0,ㅅㅂ 막스 평소보다 세배는 많이 나오는듯ㅋㅋㅋㅋ ,ㅅㅂ 막스 평소보다 세배는 많이 나오는듯ㅋㅋㅋㅋ,0.44738951325416565
2024-03-24 14:16:04,오늘따라 자주 보이는 몽골ㅋㅋㅋㅋㅋㅋㅋㅋ,"개웃기노
- dc official App",55,55.0,"오늘따라 자주 보이는 몽골ㅋㅋㅋㅋㅋㅋㅋㅋ 개웃기노
- dc official App",오늘따라 자주 보이는 몽골ㅋㅋㅋㅋㅋㅋㅋㅋ 개웃기노 - dc official App,0.6951839327812195
2024-03-24 14:16:04,리타하면 카메라에 더 많이 잡히는 새끼ㅋㅋ,잘가라ㅋㅋ,55,55.0,리타하면 카메라에 더 많이 잡히는 새끼ㅋㅋ 잘가라ㅋㅋ,리타하면 카메라에 더 많이 잡히는 새끼ㅋㅋ 잘가라ㅋㅋ,0.9470564126968384
2024-03-24 14:16:07,만약 위에 둘 살아있었으면 또 yuk11 각이었네,다행,55,55.0,만약 위에 둘 살아있었으면 또 yuk11 각이었네 다행,만약 위에 둘 살아있었으면 또 yuk11 각이었네 다행,0.9386496543884277
2024-03-24 14:16:08,리타이어해야 더 자주 등장하는 선수 ㅋㅋㅋㅋㅋ,ㅋㅋㅋㅋㅋㅋㅋㅋㅋ,55,55.0,리타이어해야 더 자주 등장하는 선수 ㅋㅋㅋㅋㅋ ㅋㅋㅋㅋㅋㅋㅋㅋㅋ,리타이어해야 더 자주 등장하는 선수 ㅋㅋㅋㅋㅋ ㅋㅋㅋㅋㅋㅋㅋㅋㅋ,0.5505574941635132
2024-03-24 14:16:09,물탕이는 카메라에도 안잡히네.. 걍 내년에 나와라 ㅇㅇ,ㅇㅇ,55,55.0,물탕이는 카메라에도 안잡히네.. 걍 내년에 나와라 ㅇㅇ ㅇㅇ,물탕이는 카메라에도 안잡히네.. 걍 내년에 나와라 ㅇㅇ ㅇㅇ,0.9143542051315308
2024-03-24 14:16:13,막스 얘는 리타하니까 더나오네,ㅅㅂ머냐,55,55.0,막스 얘는 리타하니까 더나오네 ㅅㅂ머냐,막스 얘는 리타하니까 더나오네 ㅅㅂ머냐,0.7998328804969788
2024-03-24 14:16:14,체코 6그리드 스타트 5등 마무리,"막스 리타한거 생각하면 그리드 한 개도 못 올림
이게 사람임???",55,55.0,"체코 6그리드 스타트 5등 마무리 막스 리타한거 생각하면 그리드 한 개도 못 올림
이게 사람임???",체코 6그리드 스타트 5등 마무리 막스 리타한거 생각하면 그리드 한 개도 못 올림 이게 사람임???,0.8444624543190002
2024-03-24 14:16:18,와 네덜란드 국가 3주간 안 듣겠노 ㅋㅋ,,55,55.0,와 네덜란드 국가 3주간 안 듣겠노 ㅋㅋ ,와 네덜란드 국가 3주간 안 듣겠노 ㅋㅋ,0.32634103298187256
2024-03-24 14:16:18,그와중에 러셀 아직도 알론소 못 넘었네,국왕님 ㄷㄷ,55,55.0,그와중에 러셀 아직도 알론소 못 넘었네 국왕님 ㄷㄷ,그와중에 러셀 아직도 알론소 못 넘었네 국왕님 ㄷㄷ,0.12843109667301178
2024-03-24 14:16:19,햄막대전 ㅋㅋㅋ,ㅋㅋㅋ,55,55.0,햄막대전 ㅋㅋㅋ ㅋㅋㅋ,햄막대전 ㅋㅋㅋ ㅋㅋㅋ,0.5940598249435425
2024-03-24 14:16:32,DOTD 대인츠 압도적 1등ㄷㄷ,,55,55.0,DOTD 대인츠 압도적 1등ㄷㄷ ,DOTD 대인츠 압도적 1등ㄷㄷ,0.16767334938049316
2024-03-24 14:16:36,원래 막스는 라스트 랩때만 보였는데,오늘 너무 많이 나오니까 이상해,55,55.0,원래 막스는 라스트 랩때만 보였는데 오늘 너무 많이 나오니까 이상해,원래 막스는 라스트 랩때만 보였는데 오늘 너무 많이 나오니까 이상해,0.13593383133411407
2024-03-24 14:16:44,충수돌기가 봉인이었구만,이번 주 사인츠 존나잘함,55,55.0,충수돌기가 봉인이었구만 이번 주 사인츠 존나잘함,충수돌기가 봉인이었구만 이번 주 사인츠 존나잘함,0.10872083157300949
2024-03-24 14:16:49,오늘 막스 팟캐스트 취소,https://twitter.com/Motorsport/status/1771767626902991037?t=l02m-JJIljQdJ-3H6cYUhQ&s=19,55,55.0,오늘 막스 팟캐스트 취소 https://twitter.com/Motorsport/status/1771767626902991037?t=l02m-JJIljQdJ-3H6cYUhQ&s=19,오늘 막스 팟캐스트 취소,0.11617499589920044
2024-03-24 14:16:56,f1 어디서보는지 알려줘염,"사이트좀 알려주세요ㅠ 이번년도 너무바빠서 제대로 못봤는데, 무슨사이트였는지 기억이 안나요ㅠ",55,55.0,"f1 어디서보는지 알려줘염 사이트좀 알려주세요ㅠ 이번년도 너무바빠서 제대로 못봤는데, 무슨사이트였는지 기억이 안나요ㅠ","f1 어디서보는지 알려줘염 사이트좀 알려주세요ㅠ 이번년도 너무바빠서 제대로 못봤는데, 무슨사이트였는지 기억이 안나요ㅠ",0.08719968050718307
2024-03-24 14:16:59,아 맹장 경량화 해서 빠른거였네,"아무튼 경량화임 ㅋㅋㅋㅋㅋㅋㅋ
- dc official App",55,55.0,"아 맹장 경량화 해서 빠른거였네 아무튼 경량화임 ㅋㅋㅋㅋㅋㅋㅋ
- dc official App",아 맹장 경량화 해서 빠른거였네 아무튼 경량화임 ㅋㅋㅋㅋㅋㅋㅋ - dc official App,0.12215583026409149
2024-03-24 14:17:04,오늘의 드라이버 막스 줘도 되지 않음?,덕분에 이렇게 재밌는데?,55,55.0,오늘의 드라이버 막스 줘도 되지 않음? 덕분에 이렇게 재밌는데?,오늘의 드라이버 막스 줘도 되지 않음? 덕분에 이렇게 재밌는데?,0.06235169991850853
2024-03-24 14:17:12,스압안해주냐?ㅋㅋㅋㅋㅋㅋㅋㅋㅋㅋㅋㅋㅋㅋ,,55,55.0,스압안해주냐?ㅋㅋㅋㅋㅋㅋㅋㅋㅋㅋㅋㅋㅋㅋ ,스압안해주냐?ㅋㅋㅋㅋㅋㅋㅋㅋㅋㅋㅋㅋㅋㅋ,0.8686240911483765
2024-03-24 14:17:14,DOD,올려,55,55.0,DOD 올려,DOD 올려,0.4832096993923187
2024-03-24 14:17:18,막스 담당 일진,한잔해,55,55.0,막스 담당 일진 한잔해,막스 담당 일진 한잔해,0.7889256477355957
2024-03-24 14:17:25,막스 연승 살인범 ㅋㅋㅋ,ㅋㅋㅋㅋㅋㅋㅋ,55,55.0,막스 연승 살인범 ㅋㅋㅋ ㅋㅋㅋㅋㅋㅋㅋ,막스 연승 살인범 ㅋㅋㅋ ㅋㅋㅋㅋㅋㅋㅋ,0.8338861465454102
2024-03-24 14:17:33,막스 왜아웃임,???,56,56.0,막스 왜아웃임 ???,막스 왜아웃임 ???,0.17726978659629822
2024-03-24 14:17:39,결국 페레즈는 저 차타고 포디움 못 가는 실력인거네,ㅋㅋ,56,56.0,결국 페레즈는 저 차타고 포디움 못 가는 실력인거네 ㅋㅋ,결국 페레즈는 저 차타고 포디움 못 가는 실력인거네 ㅋㅋ,0.7188201546669006
2024-03-24 14:17:43,몽골놈이랑 사인지 사이 안좋지 않나? ㅋㅋㅋ,"좋은 편은 결코 아닌데 ㅋㅋㅋ
케로 잘 모르노",56,56.0,"몽골놈이랑 사인지 사이 안좋지 않나? ㅋㅋㅋ 좋은 편은 결코 아닌데 ㅋㅋㅋ
케로 잘 모르노",몽골놈이랑 사인지 사이 안좋지 않나? ㅋㅋㅋ 좋은 편은 결코 아닌데 ㅋㅋㅋ 케로 잘 모르노,0.9127350449562073
2024-03-24 14:17:50,드디어 네델란드 국가 안듣겠네,시발거 외웠다 ㅋㅋ,56,56.0,드디어 네델란드 국가 안듣겠네 시발거 외웠다 ㅋㅋ,드디어 네델란드 국가 안듣겠네 시발거 외웠다 ㅋㅋ,0.7974016070365906
2024-03-24 14:18:04,얼마만의 공식 엔딩곡이 아닌거냐 캬,이게 야스지,56,56.0,얼마만의 공식 엔딩곡이 아닌거냐 캬 이게 야스지,얼마만의 공식 엔딩곡이 아닌거냐 캬 이게 야스지,0.17999295890331268
2024-03-24 14:18:16,알론소 추월 후 러셀.factos,,56,56.0,알론소 추월 후 러셀.factos ,알론소 추월 후 러셀.factos,0.09691610187292099
2024-03-24 14:18:19,저렇게 10초갭인데 기다려서 자리양보해주는것도,좀 가오상하지않나,56,56.0,저렇게 10초갭인데 기다려서 자리양보해주는것도 좀 가오상하지않나,저렇게 10초갭인데 기다려서 자리양보해주는것도 좀 가오상하지않나,0.5548263192176819
2024-03-24 14:18:23,페레즈가 못올라오는 이유,지금 딸깍 못함 ㅋㅋㅋㅋ,56,56.0,페레즈가 못올라오는 이유 지금 딸깍 못함 ㅋㅋㅋㅋ,페레즈가 못올라오는 이유 지금 딸깍 못함 ㅋㅋㅋㅋ,0.8982381224632263
2024-03-24 14:18:27,메라 꼬라지 보니 메즁딱이네 강,ㅋㅋㅋㅋㅋㅋ,56,56.0,메라 꼬라지 보니 메즁딱이네 강 ㅋㅋㅋㅋㅋㅋ,메라 꼬라지 보니 메즁딱이네 강 ㅋㅋㅋㅋㅋㅋ,0.9426925182342529
2024-03-24 14:18:27,러셀 우주방어 당하네 ㅋㅋㅋㅋ,- dc official App,56,56.0,러셀 우주방어 당하네 ㅋㅋㅋㅋ - dc official App,러셀 우주방어 당하네 ㅋㅋㅋㅋ - dc official App,0.4956158995628357
2024-03-24 14:18:33,페레즈 빌빌기는거 보니까 레드불 차도 별로인거같은데,"페레즈 빌빌 기는게 한두경긴 아니지만
저정도 갭이면 막스도 크루징까진 아니지않았을까?
사인츠 추월도 브레이크 병신이라 추월한거아니고
걍 추월가능했을수도",56,56.0,"페레즈 빌빌기는거 보니까 레드불 차도 별로인거같은데 페레즈 빌빌 기는게 한두경긴 아니지만
저정도 갭이면 막스도 크루징까진 아니지않았을까?
사인츠 추월도 브레이크 병신이라 추월한거아니고
걍 추월가능했을수도",페레즈 빌빌기는거 보니까 레드불 차도 별로인거같은데 페레즈 빌빌 기는게 한두경긴 아니지만 저정도 갭이면 막스도 크루징까진 아니지않았을까? 사인츠 추월도 브레이크 병신이라 추월한거아니고 걍 추월가능했을수도,0.7379367351531982
2024-03-24 14:18:36,솔직히 이 시절 그리우면 ㄱㅊ.jpg,햄막보시절이 젤 재밌었다 최근엔,56,56.0,솔직히 이 시절 그리우면 ㄱㅊ.jpg 햄막보시절이 젤 재밌었다 최근엔,솔직히 이 시절 그리우면 ㄱㅊ.jpg 햄막보시절이 젤 재밌었다 최근엔,0.07049605250358582
2024-03-24 14:18:41,국왕넴 사자행동ㅋㅋㅋㅋㅋ,,56,56.0,국왕넴 사자행동ㅋㅋㅋㅋㅋ ,국왕넴 사자행동ㅋㅋㅋㅋㅋ,0.2782113552093506
2024-03-24 14:18:47,러셀 알론소 추월해도 drs 줘서 재역전각일듯,,56,56.0,러셀 알론소 추월해도 drs 줘서 재역전각일듯 ,러셀 알론소 추월해도 drs 줘서 재역전각일듯,0.25286242365837097
2024-03-24 14:18:51,사인지 빠는거 분탕이라던 르끌맘들어디서머하냐,"2023, 2024 유일한 우승자 대를로스 황인지를 그런식으로 평가절하한다고?",57,57.0,"사인지 빠는거 분탕이라던 르끌맘들어디서머하냐 2023, 2024 유일한 우승자 대를로스 황인지를 그런식으로 평가절하한다고?","사인지 빠는거 분탕이라던 르끌맘들어디서머하냐 2023, 2024 유일한 우승자 대를로스 황인지를 그런식으로 평가절하한다고?",0.9414331316947937
2024-03-24 14:18:55,그러고 보니 페라리 12피니시 얼마만임?,진짜 기억이 안나네,57,57.0,그러고 보니 페라리 12피니시 얼마만임? 진짜 기억이 안나네,그러고 보니 페라리 12피니시 얼마만임? 진짜 기억이 안나네,0.08264113962650299
2024-03-24 14:18:58,르끌 사인츠 못잡노 ㅋㅋㅋ,"역시 와꾸원툴이노 ㅋㅋㅋ
내년 페라리 지들 퍼스트 나가고
씹퇴물 물탕이 오는데 어카노..
- dc official App",57,57.0,"르끌 사인츠 못잡노 ㅋㅋㅋ 역시 와꾸원툴이노 ㅋㅋㅋ
내년 페라리 지들 퍼스트 나가고
씹퇴물 물탕이 오는데 어카노..
- dc official App",르끌 사인츠 못잡노 ㅋㅋㅋ 역시 와꾸원툴이노 ㅋㅋㅋ 내년 페라리 지들 퍼스트 나가고 씹퇴물 물탕이 오는데 어카노.. - dc official App,0.958886444568634
2024-03-24 14:19:01,67 옵텤 재밋네,ㅇㅇ,57,57.0,67 옵텤 재밋네 ㅇㅇ,67 옵텤 재밋네 ㅇㅇ,0.10897737741470337
2024-03-24 14:19:07,실시간 개좆됀새끼ㅋㅋ,요스한테 개쳐맞을 예정,57,57.0,실시간 개좆됀새끼ㅋㅋ 요스한테 개쳐맞을 예정,실시간 개좆됀새끼ㅋㅋ 요스한테 개쳐맞을 예정,0.9394678473472595
2024-03-24 14:19:10,르끌 잡히겟는데,아모른직다,57,57.0,르끌 잡히겟는데 아모른직다,르끌 잡히겟는데 아모른직다,0.29082179069519043
2024-03-24 14:19:13,메르 진짜 줫같이 느리긴 하네,ㅋㅋㅋㅋㅋㅋㅋㅋㅋㅋㅋㅋ,57,57.0,메르 진짜 줫같이 느리긴 하네 ㅋㅋㅋㅋㅋㅋㅋㅋㅋㅋㅋㅋ,메르 진짜 줫같이 느리긴 하네 ㅋㅋㅋㅋㅋㅋㅋㅋㅋㅋㅋㅋ,0.8649542927742004
2024-03-24 14:19:16,퇴물탕 입갤 ㅋㅋㅋㅋㅋ,,57,57.0,퇴물탕 입갤 ㅋㅋㅋㅋㅋ ,퇴물탕 입갤 ㅋㅋㅋㅋㅋ,0.9436947107315063
2024-03-24 14:19:30,눈망울 아련해보이네,ㅋㅋㅋㅋ,57,57.0,눈망울 아련해보이네 ㅋㅋㅋㅋ,눈망울 아련해보이네 ㅋㅋㅋㅋ,0.09915869683027267
2024-03-24 14:19:33,브라질에서 체코도 우주방어한 국왕님이다,,57,57.0,브라질에서 체코도 우주방어한 국왕님이다 ,브라질에서 체코도 우주방어한 국왕님이다,0.12789155542850494
2024-03-24 14:19:44,이제 스즈카부턴 페라리의 독주 기대해도 됨?,"레드불 차가 압도적이진 않아보이는데?
- dc official App",57,57.0,"이제 스즈카부턴 페라리의 독주 기대해도 됨? 레드불 차가 압도적이진 않아보이는데?
- dc official App",이제 스즈카부턴 페라리의 독주 기대해도 됨? 레드불 차가 압도적이진 않아보이는데? - dc official App,0.11749018728733063
2024-03-24 14:19:45,Joat물탕 <-이분,사실 페라리 페이스보고 기뻐하는중,57,57.0,Joat물탕 <-이분 사실 페라리 페이스보고 기뻐하는중,Joat물탕 <-이분 사실 페라리 페이스보고 기뻐하는중,0.9305832982063293
2024-03-24 14:19:50,러셀 국왕 제껴보자 ㄹㅇ,,57,57.0,러셀 국왕 제껴보자 ㄹㅇ ,러셀 국왕 제껴보자 ㄹㅇ,0.3082059323787689
2024-03-24 14:20:00,노리스 갭 2.5초 ㄷㄷ,랩만 더 있었다면 ..,58,58.0,노리스 갭 2.5초 ㄷㄷ 랩만 더 있었다면 ..,노리스 갭 2.5초 ㄷㄷ 랩만 더 있었다면 ..,0.09143716841936111
2024-03-24 14:20:05,'2022년 이곳에서 리타이어한 후 그의 첫 리타이어',"이라고 오피셜에서 박제를 하시면
저희는 좋습니다~ 더 해주세요~",58,58.0,"'2022년 이곳에서 리타이어한 후 그의 첫 리타이어' 이라고 오피셜에서 박제를 하시면
저희는 좋습니다~ 더 해주세요~",'2022년 이곳에서 리타이어한 후 그의 첫 리타이어' 이라고 오피셜에서 박제를 하시면 저희는 좋습니다~ 더 해주세요~,0.14899557828903198
2024-03-24 14:20:07,3렙이면 르끌도 안잡히겠다 ㅋㅋㅋ야미,- dc official App,58,58.0,3렙이면 르끌도 안잡히겠다 ㅋㅋㅋ야미 - dc official App,3렙이면 르끌도 안잡히겠다 ㅋㅋㅋ야미 - dc official App,0.6916184425354004
2024-03-24 14:20:20,알본 노포인트네ㅋㅋㅋ,"justice for Logan
- dc official App",58,58.0,"알본 노포인트네ㅋㅋㅋ justice for Logan
- dc official App",알본 노포인트네ㅋㅋㅋ justice for Logan - dc official App,0.24538445472717285
2024-03-24 14:20:20,알핀 자우버 페레스 리카도,공통점: 병신,58,58.0,알핀 자우버 페레스 리카도 공통점: 병신,알핀 자우버 페레스 리카도 공통점: 병신,0.8616107702255249
2024-03-24 14:20:37,2랩남았잖아 걍 달려 ㅋㅋ,,58,58.0,2랩남았잖아 걍 달려 ㅋㅋ ,2랩남았잖아 걍 달려 ㅋㅋ,0.6852647662162781
2024-03-24 14:20:42,사인즈 우승선언ㅋㅋㅋㅋㅋㅋㅋㅋㅋㅋㅋㅋㅋㅋ,,58,58.0,사인즈 우승선언ㅋㅋㅋㅋㅋㅋㅋㅋㅋㅋㅋㅋㅋㅋ ,사인즈 우승선언ㅋㅋㅋㅋㅋㅋㅋㅋㅋㅋㅋㅋㅋㅋ,0.2491406947374344
2024-03-24 14:20:41,사인지 저거 딱 물탕이가 하던 소리아니냐,- dc official App,58,58.0,사인지 저거 딱 물탕이가 하던 소리아니냐 - dc official App,사인지 저거 딱 물탕이가 하던 소리아니냐 - dc official App,0.8227244019508362
2024-03-24 14:20:44,2랩 남겨놓고 뭔 타이어...,설마,58,58.0,2랩 남겨놓고 뭔 타이어... 설마,2랩 남겨놓고 뭔 타이어... 설마,0.426383912563324
2024-03-24 14:20:45,싱가폴때도 저러고 우승했잖어 ㅋㅋ,백퍼 티배깅 ㅋㅋㅋㅋ,58,58.0,싱가폴때도 저러고 우승했잖어 ㅋㅋ 백퍼 티배깅 ㅋㅋㅋㅋ,싱가폴때도 저러고 우승했잖어 ㅋㅋ 백퍼 티배깅 ㅋㅋㅋㅋ,0.7424094676971436
2024-03-24 14:20:47,막스 유럽인들 새벽에 일어나서 봐준다고 서비스한거냐?,"유럽인들 재밌는경기보라고 ㅅㅂ
동양인 차별하네",58,58.0,"막스 유럽인들 새벽에 일어나서 봐준다고 서비스한거냐? 유럽인들 재밌는경기보라고 ㅅㅂ
동양인 차별하네",막스 유럽인들 새벽에 일어나서 봐준다고 서비스한거냐? 유럽인들 재밌는경기보라고 ㅅㅂ 동양인 차별하네,0.9524030685424805
2024-03-24 14:20:45,어어 대인츠 안된다 익이,,58,58.0,어어 대인츠 안된다 익이 ,어어 대인츠 안된다 익이,0.667378842830658
2024-03-24 14:20:49,사인츠 티배깅 뭔디,,58,58.0,사인츠 티배깅 뭔디 ,사인츠 티배깅 뭔디,0.1387501060962677
2024-03-24 14:20:49,무관행동 노리스 르끌함 잡아보자,"드가자
- dc official App",58,58.0,"무관행동 노리스 르끌함 잡아보자 드가자
- dc official App",무관행동 노리스 르끌함 잡아보자 드가자 - dc official App,0.35380566120147705
2024-03-24 14:20:54,티배깅 ㅋㅋㅋㅋ,ㅋㅋㅋㅋ,58,58.0,티배깅 ㅋㅋㅋㅋ ㅋㅋㅋㅋ,티배깅 ㅋㅋㅋㅋ ㅋㅋㅋㅋ,0.6761232018470764
2024-03-24 14:20:58,설마 터지겠어 ㅋㅋㅋ,살살해~,58,58.0,설마 터지겠어 ㅋㅋㅋ 살살해~,설마 터지겠어 ㅋㅋㅋ 살살해~,0.2760750353336334
2024-03-24 14:21:00,사인지 이상한데?,"랩타임 왜 저럼?
- dc official App",58,58.0,"사인지 이상한데? 랩타임 왜 저럼?
- dc official App",사인지 이상한데? 랩타임 왜 저럼? - dc official App,0.14885441958904266
2024-03-24 14:21:03,사인츠 티배깅하네 씹ㅋㅋㅋㅋㅋㅋㅋ,장난하노,58,58.0,사인츠 티배깅하네 씹ㅋㅋㅋㅋㅋㅋㅋ 장난하노,사인츠 티배깅하네 씹ㅋㅋㅋㅋㅋㅋㅋ 장난하노,0.8823938965797424
2024-03-24 14:21:05,DOD 베르스타펜 투표했다,앞으로도 리타이어 잘 부탁해~,58,58.0,DOD 베르스타펜 투표했다 앞으로도 리타이어 잘 부탁해~,DOD 베르스타펜 투표했다 앞으로도 리타이어 잘 부탁해~,0.061667218804359436
2024-03-24 14:21:05,나른한 일요일 오후엔 이태리 국가지,가숨이 웅장해진다,58,58.0,나른한 일요일 오후엔 이태리 국가지 가숨이 웅장해진다,나른한 일요일 오후엔 이태리 국가지 가숨이 웅장해진다,0.10294266045093536
2024-03-24 14:21:07,페라리파이널랩 엔진블로우 보고싶으면 가추 ㅋㅋㅋㅋ,ㅋㅋㅋㅋㅋ,58,58.0,페라리파이널랩 엔진블로우 보고싶으면 가추 ㅋㅋㅋㅋ ㅋㅋㅋㅋㅋ,페라리파이널랩 엔진블로우 보고싶으면 가추 ㅋㅋㅋㅋ ㅋㅋㅋㅋㅋ,0.4836106598377228
2024-03-24 14:21:09,미끌 패랩 ㅋㅋㅋㅋㅋ,오,58,58.0,미끌 패랩 ㅋㅋㅋㅋㅋ 오,미끌 패랩 ㅋㅋㅋㅋㅋ 오,0.38522762060165405
2024-03-24 14:21:10,피아스트리한테 걍 3위 주면 안되냐?,고향이잖아...,58,58.0,피아스트리한테 걍 3위 주면 안되냐? 고향이잖아...,피아스트리한테 걍 3위 주면 안되냐? 고향이잖아...,0.27789783477783203
2024-03-24 14:21:11,막랩 레드플랙 가즈아 ㅋㅋ,ㅋㅋ,58,58.0,막랩 레드플랙 가즈아 ㅋㅋ ㅋㅋ,막랩 레드플랙 가즈아 ㅋㅋ ㅋㅋ,0.19960744678974152
2024-03-24 14:21:14,르끌 패랩,- dc official App,58,58.0,르끌 패랩 - dc official App,르끌 패랩 - dc official App,0.12177993357181549
2024-03-24 14:21:14,르끌 패랩!,,58,58.0,르끌 패랩! ,르끌 패랩!,0.22047846019268036
2024-03-24 14:21:20,아 ㅅㅂ 패랩 뺏겼노,,58,58.0,아 ㅅㅂ 패랩 뺏겼노 ,아 ㅅㅂ 패랩 뺏겼노,0.32121798396110535
2024-03-24 14:21:20,르끌 패랩 먹었노ㅋㅋㅋ,ㅋㅋㅋ,58,58.0,르끌 패랩 먹었노ㅋㅋㅋ ㅋㅋㅋ,르끌 패랩 먹었노ㅋㅋㅋ ㅋㅋㅋ,0.7241143584251404
2024-03-24 14:21:21,르황 패랩 ㅋㅋ,황라리,58,58.0,르황 패랩 ㅋㅋ 황라리,르황 패랩 ㅋㅋ 황라리,0.8426255583763123
2024-03-24 14:21:27,제발 펑쳐 ㅋㅋ,ㅋㅋㅋㅋ,58,58.0,제발 펑쳐 ㅋㅋ ㅋㅋㅋㅋ,제발 펑쳐 ㅋㅋ ㅋㅋㅋㅋ,0.8954447507858276
2024-03-24 14:21:33,사인츠 관리하고 있네 ㅇㅇ,ㅇㅇ,58,58.0,사인츠 관리하고 있네 ㅇㅇ ㅇㅇ,사인츠 관리하고 있네 ㅇㅇ ㅇㅇ,0.17331717908382416
2024-03-24 14:21:34,DOD 투표하러 가자,https://www.formula1.com/en/vote.html,58,58.0,DOD 투표하러 가자 https://www.formula1.com/en/vote.html,DOD 투표하러 가자,0.10381056368350983
2024-03-24 14:21:33,어 레이스 패랩 갱신된거 아님?,와,58,58.0,어 레이스 패랩 갱신된거 아님? 와,어 레이스 패랩 갱신된거 아님? 와,0.08383624255657196
2024-03-24 14:21:34,르끌 마무리 패랩 재미들렷냐????,"왜저랩
- dc official App",58,58.0,"르끌 마무리 패랩 재미들렷냐???? 왜저랩
- dc official App",르끌 마무리 패랩 재미들렷냐???? 왜저랩 - dc official App,0.7652134895324707
2024-03-24 14:21:37,원투에 패랩까지 가보자잇 ㅅㅅㅅㅅㅅ,"ㅅㅅㅅㅅ
- dc official App",58,58.0,"원투에 패랩까지 가보자잇 ㅅㅅㅅㅅㅅ ㅅㅅㅅㅅ
- dc official App",원투에 패랩까지 가보자잇 ㅅㅅㅅㅅㅅ ㅅㅅㅅㅅ - dc official App,0.23656532168388367
2024-03-24 14:21:35,황라리 44포ㅋㅋㅋㅋㅋ,,58,58.0,황라리 44포ㅋㅋㅋㅋㅋ ,황라리 44포ㅋㅋㅋㅋㅋ,0.8944330215454102
2024-03-24 14:21:40,르끌레 팔문개방ㅋㅋㅋ,- dc official App,58,58.0,르끌레 팔문개방ㅋㅋㅋ - dc official App,르끌레 팔문개방ㅋㅋㅋ - dc official App,0.3416834771633148
2024-03-24 14:21:40,피아제 이거 뭐냐???,이남자 이마가 대단하다,58,58.0,피아제 이거 뭐냐??? 이남자 이마가 대단하다,피아제 이거 뭐냐??? 이남자 이마가 대단하다,0.8579493761062622
2024-03-24 14:21:52,누리스 씹년 피아제 포디움 내놓으라고ㅗㅗㅗ,시발아,After Lap,,누리스 씹년 피아제 포디움 내놓으라고ㅗㅗㅗ 시발아,누리스 씹년 피아제 포디움 내놓으라고ㅗㅗㅗ 시발아,0.9470533132553101
2024-03-24 14:21:53,와 페라리 와 ㅋㅋ 와ㅠㅠㅠㅜ,눈물난다,After Lap,,와 페라리 와 ㅋㅋ 와ㅠㅠㅠㅜ 눈물난다,와 페라리 와 ㅋㅋ 와ㅠㅠㅠㅜ 눈물난다,0.061159536242485046
2024-03-24 14:22:00,사인즈 트래픽걸리노ㅋㅋㅋㅋㅋㅋㅋㅋㅋ,,After Lap,,사인즈 트래픽걸리노ㅋㅋㅋㅋㅋㅋㅋㅋㅋ ,사인즈 트래픽걸리노ㅋㅋㅋㅋㅋㅋㅋㅋㅋ,0.5405915379524231
2024-03-24 14:22:10,여기서 황라리 동반이탈 가능??,ㅋㅋㅋ,After Lap,,여기서 황라리 동반이탈 가능?? ㅋㅋㅋ,여기서 황라리 동반이탈 가능?? ㅋㅋㅋ,0.722076952457428
2024-03-24 14:22:20,몽골도 몽골인데 체코는 왜 또 저렇게 ㅈ박음?,뭔가 사고가 있었음? 아님 그냥 자기 실력임?,After Lap,,몽골도 몽골인데 체코는 왜 또 저렇게 ㅈ박음? 뭔가 사고가 있었음? 아님 그냥 자기 실력임?,몽골도 몽골인데 체코는 왜 또 저렇게 ㅈ박음? 뭔가 사고가 있었음? 아님 그냥 자기 실력임?,0.9107379913330078
2024-03-24 14:22:24,페레즈는 왜이리 느리냐,"딸깍질하러 가지도 못하네
- dc official App",After Lap,,"페레즈는 왜이리 느리냐 딸깍질하러 가지도 못하네
- dc official App",페레즈는 왜이리 느리냐 딸깍질하러 가지도 못하네 - dc official App,0.5562286376953125
2024-03-24 14:22:28,???? 쥬지 ㅋㅋㅋㅋㅋㅋㅋ,,After Lap,,???? 쥬지 ㅋㅋㅋㅋㅋㅋㅋ ,???? 쥬지 ㅋㅋㅋㅋㅋㅋㅋ,0.9274328351020813
2024-03-24 14:22:32,피아스트리 양보안했어도 추월당했지,"노리스 sns는 좀 테러당하긴 하겠지만
이걸 아주라는 좀 ㅋㅋ",After Lap,,"피아스트리 양보안했어도 추월당했지 노리스 sns는 좀 테러당하긴 하겠지만
이걸 아주라는 좀 ㅋㅋ",피아스트리 양보안했어도 추월당했지 노리스 sns는 좀 테러당하긴 하겠지만 이걸 아주라는 좀 ㅋㅋ,0.19599096477031708
2024-03-24 14:22:33,?????,,After Lap,,????? ,?????,0.40255385637283325
2024-03-24 14:22:33,러셀 사고 ㄷㄷㄷㄷㄷㄷㄷㄷㄷ,,After Lap,,러셀 사고 ㄷㄷㄷㄷㄷㄷㄷㄷㄷ ,러셀 사고 ㄷㄷㄷㄷㄷㄷㄷㄷㄷ,0.14093813300132751
2024-03-24 14:22:34,????????,,After Lap,,???????? ,????????,0.4308827519416809
2024-03-24 14:22:34,????,,After Lap,,???? ,????,0.35542207956314087
2024-03-24 14:22:34,ㅋㅋㅋㅋㅋㅋㅋㅋㅋㅋㅋㅋ,ㅋㅋㅋㅋㅋㅋ,After Lap,,ㅋㅋㅋㅋㅋㅋㅋㅋㅋㅋㅋㅋ ㅋㅋㅋㅋㅋㅋ,ㅋㅋㅋㅋㅋㅋㅋㅋㅋㅋㅋㅋ ㅋㅋㅋㅋㅋㅋ,0.543144702911377
2024-03-24 14:22:35,옐로플랙 ㅋㅋ,ㅋㅋㅋㅋㅋㅋㅋ,After Lap,,옐로플랙 ㅋㅋ ㅋㅋㅋㅋㅋㅋㅋ,옐로플랙 ㅋㅋ ㅋㅋㅋㅋㅋㅋㅋ,0.4525288939476013
2024-03-24 14:22:35,로샐,"ㄷㄷㄷ
- dc official App",After Lap,,"로샐 ㄷㄷㄷ
- dc official App",로샐 ㄷㄷㄷ - dc official App,0.10562726110219955
2024-03-24 14:22:35,러셀 또 지랄 ㅋㅋㅋㅋ,,After Lap,,러셀 또 지랄 ㅋㅋㅋㅋ ,러셀 또 지랄 ㅋㅋㅋㅋ,0.891963005065918
2024-03-24 14:22:36,좆쥬지ㅋㅋㅋㅋㅋ,ㅋㅋㅋ,After Lap,,좆쥬지ㅋㅋㅋㅋㅋ ㅋㅋㅋ,좆쥬지ㅋㅋㅋㅋㅋ ㅋㅋㅋ,0.939313530921936
2024-03-24 14:22:37,어 시발 러셀 뭐노,기습 사고 뭔데,After Lap,,어 시발 러셀 뭐노 기습 사고 뭔데,어 시발 러셀 뭐노 기습 사고 뭔데,0.8456318378448486
2024-03-24 14:22:37,끝낫다 ㅋㅋㅋ,ㅋㅋㅋ,After Lap,,끝낫다 ㅋㅋㅋ ㅋㅋㅋ,끝낫다 ㅋㅋㅋ ㅋㅋㅋ,0.7376312613487244
2024-03-24 14:22:36,엌ㅋㅋㅋㅋ옐로캌ㅋㅋㅋㅋㅋㅋㅋㅋ,,After Lap,,엌ㅋㅋㅋㅋ옐로캌ㅋㅋㅋㅋㅋㅋㅋㅋ ,엌ㅋㅋㅋㅋ옐로캌ㅋㅋㅋㅋㅋㅋㅋㅋ,0.8127759695053101
2024-03-24 14:22:37,오아아ㅏㅏ,"ㄹㄹㄹ호ㅗ
- dc official App",After Lap,,"오아아ㅏㅏ ㄹㄹㄹ호ㅗ
- dc official App",오아아ㅏㅏ ㄹㄹㄹ호ㅗ - dc official App,0.8876295685768127
2024-03-24 14:22:38,쥬지 멸망 ㅋㅋㅋㅋ,ㅋㅋㅋㅋ,After Lap,,쥬지 멸망 ㅋㅋㅋㅋ ㅋㅋㅋㅋ,쥬지 멸망 ㅋㅋㅋㅋ ㅋㅋㅋㅋ,0.9339165091514587
2024-03-24 14:22:37,쥬지씨발ㅋㅋㅋㅋㅋㅋㅋㅋㅋㅋ,,After Lap,,쥬지씨발ㅋㅋㅋㅋㅋㅋㅋㅋㅋㅋ ,쥬지씨발ㅋㅋㅋㅋㅋㅋㅋㅋㅋㅋ,0.9506061673164368
2024-03-24 14:22:38,엥 러셀 시발 ㅋㅋㅋㅋㅋㅋㅋㅋㅋㅋ,,After Lap,,엥 러셀 시발 ㅋㅋㅋㅋㅋㅋㅋㅋㅋㅋ ,엥 러셀 시발 ㅋㅋㅋㅋㅋㅋㅋㅋㅋㅋ,0.7742283940315247
2024-03-24 14:22:35,러셀 병신 ㅋㅋㅋㅋㅋㅋㅋ,- dc official App,After Lap,,러셀 병신 ㅋㅋㅋㅋㅋㅋㅋ - dc official App,러셀 병신 ㅋㅋㅋㅋㅋㅋㅋ - dc official App,0.32310211658477783
2024-03-24 14:22:39,쥬지 ㅅㅅ쇼ㅛㅅ,ㅛㅛㅛ,After Lap,,쥬지 ㅅㅅ쇼ㅛㅅ ㅛㅛㅛ,쥬지 ㅅㅅ쇼ㅛㅅ ㅛㅛㅛ,0.9296513795852661
2024-03-24 14:22:39,????????????????,- dc official App,After Lap,,???????????????? - dc official App,???????????????? - dc official App,0.30114516615867615
2024-03-24 14:22:39,레이스 끝!,,After Lap,,레이스 끝! ,레이스 끝!,0.2709885239601135
2024-03-24 14:22:40,????,- dc official App,After Lap,,???? - dc official App,???? - dc official App,0.23728252947330475
2024-03-24 14:22:41,이거 뭐고 쥬지 ㄷㄷㄷ,와이라노d,After Lap,,이거 뭐고 쥬지 ㄷㄷㄷ 와이라노d,이거 뭐고 쥬지 ㄷㄷㄷ 와이라노d,0.879054069519043
2024-03-24 14:22:41,????????,,After Lap,,???????? ,????????,0.4308827519416809
2024-03-24 14:22:41,하스 더블포인트 개섹스 ㅅㅅㅅㅅㅅㅅㅅㅅ,ㅅㅅㅅㅅㅅㅅㅅ,After Lap,,하스 더블포인트 개섹스 ㅅㅅㅅㅅㅅㅅㅅㅅ ㅅㅅㅅㅅㅅㅅㅅ,하스 더블포인트 개섹스 ㅅㅅㅅㅅㅅㅅㅅㅅ ㅅㅅㅅㅅㅅㅅㅅ,0.76707923412323
2024-03-24 14:22:42,????? ㄹ0드각 인데,"ㅋㅋㅋㅋㅋ
- dc official App",After Lap,,"????? ㄹ0드각 인데 ㅋㅋㅋㅋㅋ
- dc official App",????? ㄹ0드각 인데 ㅋㅋㅋㅋㅋ - dc official App,0.7869707942008972
2024-03-24 14:22:43,싱가폴 엔딩 ㅋㅋㅋㅋ,ㅋㅋㅋㅋㅋㅋㅋㅋㅋ,After Lap,,싱가폴 엔딩 ㅋㅋㅋㅋ ㅋㅋㅋㅋㅋㅋㅋㅋㅋ,싱가폴 엔딩 ㅋㅋㅋㅋ ㅋㅋㅋㅋㅋㅋㅋㅋㅋ,0.613459050655365
2024-03-24 14:22:43,쥬지 사망ㅋㅋㅋㅋㅋㅋ,ㅋㅋㅋㅋㅋㅋ,After Lap,,쥬지 사망ㅋㅋㅋㅋㅋㅋ ㅋㅋㅋㅋㅋㅋ,쥬지 사망ㅋㅋㅋㅋㅋㅋ ㅋㅋㅋㅋㅋㅋ,0.940518319606781
2024-03-24 14:22:40,으러셀사망ㅋㅋㅋㅋ,,After Lap,,으러셀사망ㅋㅋㅋㅋ ,으러셀사망ㅋㅋㅋㅋ,0.7884122133255005
2024-03-24 14:22:44,사고 머고 ㅋㅋㅋㅋㅋ,와ㅋㅋㅋ,After Lap,,사고 머고 ㅋㅋㅋㅋㅋ 와ㅋㅋㅋ,사고 머고 ㅋㅋㅋㅋㅋ 와ㅋㅋㅋ,0.5748853087425232
2024-03-24 14:22:44,쥬지 사망 ㅋㅋㅋㅋㅋ,- dc official App,After Lap,,쥬지 사망 ㅋㅋㅋㅋㅋ - dc official App,쥬지 사망 ㅋㅋㅋㅋㅋ - dc official App,0.9173758029937744
2024-03-24 14:22:44,어 시발 쥬지 ㅋㅋㅋㅋ,,After Lap,,어 시발 쥬지 ㅋㅋㅋㅋ ,어 시발 쥬지 ㅋㅋㅋㅋ,0.9505476951599121
2024-03-24 14:22:45,시발 ㅋㅋㅋㅋㅋㅋㅋㅋㅋ 역시 꿀잼메이커,ㅋㅋㅋㅋㅋㅋㅋㅋㅋㅋㅋㅋㅋㅋㅋㅋ,After Lap,,시발 ㅋㅋㅋㅋㅋㅋㅋㅋㅋ 역시 꿀잼메이커 ㅋㅋㅋㅋㅋㅋㅋㅋㅋㅋㅋㅋㅋㅋㅋㅋ,시발 ㅋㅋㅋㅋㅋㅋㅋㅋㅋ 역시 꿀잼메이커 ㅋㅋㅋㅋㅋㅋㅋㅋㅋㅋㅋㅋㅋㅋㅋㅋ,0.6685232520103455
2024-03-24 14:22:45,쥬지 뭐꼬,,After Lap,,쥬지 뭐꼬 ,쥬지 뭐꼬,0.8485873341560364
2024-03-24 14:22:45,쥬지 갑자기 뭐임,,After Lap,,쥬지 갑자기 뭐임 ,쥬지 갑자기 뭐임,0.8156328797340393
2024-03-24 14:22:45,병신 ㅋㅋㅋㅋ,,After Lap,,병신 ㅋㅋㅋㅋ ,병신 ㅋㅋㅋㅋ,0.907970130443573
2024-03-24 14:22:48,ㅋㅋㅋㅋㅋㅋㅋㅋㅋㅋㅋㅋ,ㅋㅋㅋㅋㅋㅋㅋㅋㅋㅋㅋ,After Lap,,ㅋㅋㅋㅋㅋㅋㅋㅋㅋㅋㅋㅋ ㅋㅋㅋㅋㅋㅋㅋㅋㅋㅋㅋ,ㅋㅋㅋㅋㅋㅋㅋㅋㅋㅋㅋㅋ ㅋㅋㅋㅋㅋㅋㅋㅋㅋㅋㅋ,0.5392299890518188
2024-03-24 14:22:48,세이프티카입갤ㅋㅋㅋㅋㅋㅋㅋㅋ,- dc official App,After Lap,,세이프티카입갤ㅋㅋㅋㅋㅋㅋㅋㅋ - dc official App,세이프티카입갤ㅋㅋㅋㅋㅋㅋㅋㅋ - dc official App,0.2155333161354065
2024-03-24 14:22:49,세카엔딩이네,,After Lap,,세카엔딩이네 ,세카엔딩이네,0.06619913130998611
2024-03-24 14:22:49,싱가포르 PTSD ON,- dc official App,After Lap,,싱가포르 PTSD ON - dc official App,싱가포르 PTSD ON - dc official App,0.15111465752124786
2024-03-24 14:22:49,????,,After Lap,,???? ,????,0.35542207956314087
2024-03-24 14:22:50,야이씨발아,아오 씨발,After Lap,,야이씨발아 아오 씨발,야이씨발아 아오 씨발,0.8918108344078064
2024-03-24 14:22:50,러셀은 이정도 수준이야 ㅋㅋㅋㅋ,ㅋㅋㅋㅋㅋㅋㅋㅋㅋ,After Lap,,러셀은 이정도 수준이야 ㅋㅋㅋㅋ ㅋㅋㅋㅋㅋㅋㅋㅋㅋ,러셀은 이정도 수준이야 ㅋㅋㅋㅋ ㅋㅋㅋㅋㅋㅋㅋㅋㅋ,0.8440148830413818
2024-03-24 14:22:47,이거 레드 각인데,- dc official App,After Lap,,이거 레드 각인데 - dc official App,이거 레드 각인데 - dc official App,0.11281987279653549
2024-03-24 14:22:50,하스 싱글벙글 ㅋㅋ,둘다 포인트권 ㅅㅅ,After Lap,,하스 싱글벙글 ㅋㅋ 둘다 포인트권 ㅅㅅ,하스 싱글벙글 ㅋㅋ 둘다 포인트권 ㅅㅅ,0.10672436654567719
2024-03-24 14:22:51,싱가폴 어게인 씨발ㅋㅋㅋㅋㅋㅋㅋ,- dc official App,After Lap,,싱가폴 어게인 씨발ㅋㅋㅋㅋㅋㅋㅋ - dc official App,싱가폴 어게인 씨발ㅋㅋㅋㅋㅋㅋㅋ - dc official App,0.46091946959495544
2024-03-24 14:22:51,메르 ㅈ망했노,ㅋㅋㅋㅋㅋㅋㅋㅋㅋㅋ,After Lap,,메르 ㅈ망했노 ㅋㅋㅋㅋㅋㅋㅋㅋㅋㅋ,메르 ㅈ망했노 ㅋㅋㅋㅋㅋㅋㅋㅋㅋㅋ,0.9040612578392029
2024-03-24 14:22:51,아니 씨발 ㅋㅋㅋㅋ,,After Lap,,아니 씨발 ㅋㅋㅋㅋ ,아니 씨발 ㅋㅋㅋㅋ,0.778480589389801
2024-03-24 14:22:52,?????,- dc official App,After Lap,,????? - dc official App,????? - dc official App,0.23707923293113708
2024-03-24 14:22:52,러셀 머고,ㄷㄷ,After Lap,,러셀 머고 ㄷㄷ,러셀 머고 ㄷㄷ,0.10483960807323456
2024-03-24 14:22:52,하시발ㅋㅋㅋㅋ 몇랩만 일찍 하지,ㅅㅂ,After Lap,,하시발ㅋㅋㅋㅋ 몇랩만 일찍 하지 ㅅㅂ,하시발ㅋㅋㅋㅋ 몇랩만 일찍 하지 ㅅㅂ,0.8447227478027344
2024-03-24 14:22:52,좆 메 르 멸 망 ㅋㅋㅋㅋㅋㅋ,ㅋㅋㅋㅋㅋ,After Lap,,좆 메 르 멸 망 ㅋㅋㅋㅋㅋㅋ ㅋㅋㅋㅋㅋ,좆 메 르 멸 망 ㅋㅋㅋㅋㅋㅋ ㅋㅋㅋㅋㅋ,0.8770105838775635
2024-03-24 14:22:52,끝났네 ㄷㄷ,,After Lap,,끝났네 ㄷㄷ ,끝났네 ㄷㄷ,0.21323569118976593
2024-03-24 14:22:54,메르세데스 멸망 ㅋㅋㅋㅋㅋ,- dc official App,After Lap,,메르세데스 멸망 ㅋㅋㅋㅋㅋ - dc official App,메르세데스 멸망 ㅋㅋㅋㅋㅋ - dc official App,0.6358100771903992
2024-03-24 14:22:57,셉카 엔딩 시발아,,After Lap,,셉카 엔딩 시발아 ,셉카 엔딩 시발아,0.8332854509353638
2024-03-24 14:22:57,메르 노포  ㅋㅋㅋ,,After Lap,,메르 노포  ㅋㅋㅋ ,메르 노포 ㅋㅋㅋ,0.41611042618751526
2024-03-24 14:22:58,아니 ㅂㅅ머함,,After Lap,,아니 ㅂㅅ머함 ,아니 ㅂㅅ머함,0.9056684970855713
2024-03-24 14:22:59,셉카엔딩,아니 몇랩만 먼저 해줬으면...,After Lap,,셉카엔딩 아니 몇랩만 먼저 해줬으면...,셉카엔딩 아니 몇랩만 먼저 해줬으면...,0.10652176290750504
2024-03-24 14:22:59,사고 좀 커보이는데,,After Lap,,사고 좀 커보이는데 ,사고 좀 커보이는데,0.1055157333612442
2024-03-24 14:23:00,메르사망뭐고 ㅋㅋㅋㅋ,- dc official App,After Lap,,메르사망뭐고 ㅋㅋㅋㅋ - dc official App,메르사망뭐고 ㅋㅋㅋㅋ - dc official App,0.5988444089889526
2024-03-24 14:23:00,시발ㅋㅋㅋㅋㅋㅋㅋㅋㅋ ㅜㅜ,쥬지야..,After Lap,,시발ㅋㅋㅋㅋㅋㅋㅋㅋㅋ ㅜㅜ 쥬지야..,시발ㅋㅋㅋㅋㅋㅋㅋㅋㅋ ㅜㅜ 쥬지야..,0.9502643942832947
2024-03-24 14:23:01,저생퀴는 왜 맨날 끝날때 처박음?,평범한 일상이 싫은가?,After Lap,,저생퀴는 왜 맨날 끝날때 처박음? 평범한 일상이 싫은가?,저생퀴는 왜 맨날 끝날때 처박음? 평범한 일상이 싫은가?,0.9518855810165405
2024-03-24 14:23:00,레드 각인데,,After Lap,,레드 각인데 ,레드 각인데,0.1470697671175003
2024-03-24 14:23:01,VSC 엔딩 ㅋㅋㅋㅋ 사인츠 우승!!!!,페라리의 원투 피니시를 축하드립니다,After Lap,,VSC 엔딩 ㅋㅋㅋㅋ 사인츠 우승!!!! 페라리의 원투 피니시를 축하드립니다,VSC 엔딩 ㅋㅋㅋㅋ 사인츠 우승!!!! 페라리의 원투 피니시를 축하드립니다,0.11015839874744415
2024-03-24 14:23:02,저새끼는 항상 저러노 ㅋㅋ,월챔은 몬하겟다,After Lap,,저새끼는 항상 저러노 ㅋㅋ 월챔은 몬하겟다,저새끼는 항상 저러노 ㅋㅋ 월챔은 몬하겟다,0.9186648726463318
2024-03-24 14:23:02,어 츠노다 P8 섹스 ㅋㅋㅋㅋㅋㅋㅋㅋㅋㅋ,,After Lap,,어 츠노다 P8 섹스 ㅋㅋㅋㅋㅋㅋㅋㅋㅋㅋ ,어 츠노다 P8 섹스 ㅋㅋㅋㅋㅋㅋㅋㅋㅋㅋ,0.8996396660804749
2024-03-24 14:23:03,하셀 더블포이늩,"ㄱㄱㄱㄱ
- dc official App",After Lap,,"하셀 더블포이늩 ㄱㄱㄱㄱ
- dc official App",하셀 더블포이늩 ㄱㄱㄱㄱ - dc official App,0.1264292597770691
2024-03-24 14:23:03,러셀 뭐냐 ㅋㅋㅋㅋㅋㅋㅋㅋ,"갑자기 벽딸치노 ㅋㅋㅋㅋㅋㅋ
- dc official App",After Lap,,"러셀 뭐냐 ㅋㅋㅋㅋㅋㅋㅋㅋ 갑자기 벽딸치노 ㅋㅋㅋㅋㅋㅋ
- dc official App",러셀 뭐냐 ㅋㅋㅋㅋㅋㅋㅋㅋ 갑자기 벽딸치노 ㅋㅋㅋㅋㅋㅋ - dc official App,0.8713443279266357
2024-03-24 14:23:02,쥬지 저거 중요할때 말아먹노 시발,,After Lap,,쥬지 저거 중요할때 말아먹노 시발 ,쥬지 저거 중요할때 말아먹노 시발,0.9578608274459839
2024-03-24 14:23:03,하스 3포인트 ㅋㅋㅋㅋㅋ,"개꿀
- dc official App",After Lap,,"하스 3포인트 ㅋㅋㅋㅋㅋ 개꿀
- dc official App",하스 3포인트 ㅋㅋㅋㅋㅋ 개꿀 - dc official App,0.2985703647136688
2024-03-24 14:23:05,ㅋㅋㅋㅋㅋㅋ 무리하다가 꼴박했노,- dc official App,After Lap,,ㅋㅋㅋㅋㅋㅋ 무리하다가 꼴박했노 - dc official App,ㅋㅋㅋㅋㅋㅋ 무리하다가 꼴박했노 - dc official App,0.926923930644989
2024-03-24 14:23:05,페라리 원투 하스 더블포인트ㄷㄷㄷ,ㄷㄷㄷㄷㄷㄷㄷㄷㄷ,After Lap,,페라리 원투 하스 더블포인트ㄷㄷㄷ ㄷㄷㄷㄷㄷㄷㄷㄷㄷ,페라리 원투 하스 더블포인트ㄷㄷㄷ ㄷㄷㄷㄷㄷㄷㄷㄷㄷ,0.13617278635501862
2024-03-24 14:23:05,메르시발 차가 가지가지하네,ㅋㅋㅋㅋ,After Lap,,메르시발 차가 가지가지하네 ㅋㅋㅋㅋ,메르시발 차가 가지가지하네 ㅋㅋㅋㅋ,0.9517285823822021
2024-03-24 14:23:06,하스 더블포인트 ㅅㅅㅅㅅㅅㅅ,ㅅㅅㅅㅅㅅ,After Lap,,하스 더블포인트 ㅅㅅㅅㅅㅅㅅ ㅅㅅㅅㅅㅅ,하스 더블포인트 ㅅㅅㅅㅅㅅㅅ ㅅㅅㅅㅅㅅ,0.2449822574853897
2024-03-24 14:23:06,"퇴물탕, 좆 2024 라인업 역대 최악 ㅋㅋㅋ",,After Lap,,"퇴물탕, 좆 2024 라인업 역대 최악 ㅋㅋㅋ ","퇴물탕, 좆 2024 라인업 역대 최악 ㅋㅋㅋ",0.9517788887023926
2024-03-24 14:23:06,쥬지 꺽였네,"이뭔ㅋㅋ
- dc official App",After Lap,,"쥬지 꺽였네 이뭔ㅋㅋ
- dc official App",쥬지 꺽였네 이뭔ㅋㅋ - dc official App,0.9353903532028198
2024-03-24 14:23:07,와 대라리 우승,이궈궈던,After Lap,,와 대라리 우승 이궈궈던,와 대라리 우승 이궈궈던,0.09572235494852066
2024-03-24 14:23:07,러셀또 시가폴 행동ㅋㅋ,,After Lap,,러셀또 시가폴 행동ㅋㅋ ,러셀또 시가폴 행동ㅋㅋ,0.5538950562477112
2024-03-24 14:23:07,아 시발 좀만 빨리 사고 나지,아깝,After Lap,,아 시발 좀만 빨리 사고 나지 아깝,아 시발 좀만 빨리 사고 나지 아깝,0.6992936134338379
2024-03-24 14:23:05,저거 괜찬나,,After Lap,,저거 괜찬나 ,저거 괜찬나,0.0787251889705658
2024-03-24 14:23:08,러셀 12말도나도 엔딩,와....,After Lap,,러셀 12말도나도 엔딩 와....,러셀 12말도나도 엔딩 와....,0.08253522217273712
2024-03-24 14:23:09,세카엔딩이네,쥬지야.......,After Lap,,세카엔딩이네 쥬지야.......,세카엔딩이네 쥬지야.......,0.937394380569458
2024-03-24 14:23:09,하스 둘다 포인트 따노 ㅋㅋㅋㅋ,"ㅋㅋㅋㅋㅋㅋ
- dc official App",After Lap,,"하스 둘다 포인트 따노 ㅋㅋㅋㅋ ㅋㅋㅋㅋㅋㅋ
- dc official App",하스 둘다 포인트 따노 ㅋㅋㅋㅋ ㅋㅋㅋㅋㅋㅋ - dc official App,0.31725794076919556
2024-03-24 14:23:09,쥬지꼴박ㅋㅋㅋㅋㅋㅋㅋㅋㅋㅋㅋㅋㅋㅋㅋ,,After Lap,,쥬지꼴박ㅋㅋㅋㅋㅋㅋㅋㅋㅋㅋㅋㅋㅋㅋㅋ ,쥬지꼴박ㅋㅋㅋㅋㅋㅋㅋㅋㅋㅋㅋㅋㅋㅋㅋ,0.9540627002716064
2024-03-24 14:23:10,갑자기 뭐여,ㄷㄷㄷ,After Lap,,갑자기 뭐여 ㄷㄷㄷ,갑자기 뭐여 ㄷㄷㄷ,0.17941831052303314
2024-03-24 14:23:10,메르 전멸,ㄷㄷ,After Lap,,메르 전멸 ㄷㄷ,메르 전멸 ㄷㄷ,0.32888442277908325
2024-03-24 14:23:10,이새끼 저번에도 그러더니 씹,ㅋㅋㅋㅋㅋ,After Lap,,이새끼 저번에도 그러더니 씹 ㅋㅋㅋㅋㅋ,이새끼 저번에도 그러더니 씹 ㅋㅋㅋㅋㅋ,0.9411801695823669
2024-03-24 14:23:09,갑자기왜디짐시발??ㅋㅋㅋ,,After Lap,,갑자기왜디짐시발??ㅋㅋㅋ ,갑자기왜디짐시발??ㅋㅋㅋ,0.9347699880599976
2024-03-24 14:23:10,조지 러셀의 꿈과 희망 2 ㅋㅋㅋㅋㅋㅋㅋㅋㅋㅋㅋ,+ 어김없이 입갤 ㅋㅋㅋㅋㅋ,After Lap,,조지 러셀의 꿈과 희망 2 ㅋㅋㅋㅋㅋㅋㅋㅋㅋㅋㅋ + 어김없이 입갤 ㅋㅋㅋㅋㅋ,조지 러셀의 꿈과 희망 2 ㅋㅋㅋㅋㅋㅋㅋㅋㅋㅋㅋ + 어김없이 입갤 ㅋㅋㅋㅋㅋ,0.3677947223186493
2024-03-24 14:23:10,다행이네..,,After Lap,,다행이네.. ,다행이네..,0.05823713541030884
2024-03-24 14:23:11,러셀 싱가폴했네,ㅇㅇ,After Lap,,러셀 싱가폴했네 ㅇㅇ,러셀 싱가폴했네 ㅇㅇ,0.43095919489860535
2024-03-24 14:23:12,하스 더블피니쉬 ㄷㄷ,아야오 존나 행복하겠네 ㅋㅋㅋㅋㅋㅋ,After Lap,,하스 더블피니쉬 ㄷㄷ 아야오 존나 행복하겠네 ㅋㅋㅋㅋㅋㅋ,하스 더블피니쉬 ㄷㄷ 아야오 존나 행복하겠네 ㅋㅋㅋㅋㅋㅋ,0.18800361454486847
2024-03-24 14:23:13,조지 놀라서 레드 외치는거봐 와 ㅅㅂ ㄷㄷㄷ,- dc official App,After Lap,,조지 놀라서 레드 외치는거봐 와 ㅅㅂ ㄷㄷㄷ - dc official App,조지 놀라서 레드 외치는거봐 와 ㅅㅂ ㄷㄷㄷ - dc official App,0.7454277873039246
2024-03-24 14:23:13,막랩에 이러냐,,After Lap,,막랩에 이러냐 ,막랩에 이러냐,0.17670384049415588
2024-03-24 14:23:12,러셀 또 지랄 ㅋㅋ,싱가폴 어게인 ㅋㅋ,After Lap,,러셀 또 지랄 ㅋㅋ 싱가폴 어게인 ㅋㅋ,러셀 또 지랄 ㅋㅋ 싱가폴 어게인 ㅋㅋ,0.7955672740936279
2024-03-24 14:23:15,하스 기적 같은 더블 포인트 ㅋㅋㅋㅋㅋㅋ,,After Lap,,하스 기적 같은 더블 포인트 ㅋㅋㅋㅋㅋㅋ ,하스 기적 같은 더블 포인트 ㅋㅋㅋㅋㅋㅋ,0.09316614270210266
2024-03-24 14:23:18,쥬지 개웃기네 ㅋㅋㅋㅋ,ㅋㅋㅋㅋㅋ,After Lap,,쥬지 개웃기네 ㅋㅋㅋㅋ ㅋㅋㅋㅋㅋ,쥬지 개웃기네 ㅋㅋㅋㅋ ㅋㅋㅋㅋㅋ,0.8553956747055054
2024-03-24 14:23:19,츠노다 섹스 ㅋㅋㅋ 하스 더블포인트 ㅋㅋㅋㅋ,"아 ㅋㅋㅋㅋ
- dc official App",After Lap,,"츠노다 섹스 ㅋㅋㅋ 하스 더블포인트 ㅋㅋㅋㅋ 아 ㅋㅋㅋㅋ
- dc official App",츠노다 섹스 ㅋㅋㅋ 하스 더블포인트 ㅋㅋㅋㅋ 아 ㅋㅋㅋㅋ - dc official App,0.6685361862182617
2024-03-24 14:23:20,하스 우승ㅋㅋㅋㅋ,,After Lap,,하스 우승ㅋㅋㅋㅋ ,하스 우승ㅋㅋㅋㅋ,0.37481778860092163
2024-03-24 14:23:20,뒤질거면 3랩만 일찍 뒤지지 쥬지 시발아,하시발,After Lap,,뒤질거면 3랩만 일찍 뒤지지 쥬지 시발아 하시발,뒤질거면 3랩만 일찍 뒤지지 쥬지 시발아 하시발,0.9583848118782043
2024-03-24 14:23:21,쥬지 싱가폴한거냐,ㅋㅋㅋㅋㅋㅋ,After Lap,,쥬지 싱가폴한거냐 ㅋㅋㅋㅋㅋㅋ,쥬지 싱가폴한거냐 ㅋㅋㅋㅋㅋㅋ,0.9435411095619202
2024-03-24 14:23:21,쥬지 싱가폴의 악몽 입갤ㅋㅋㅋ,ㅋㅋ,After Lap,,쥬지 싱가폴의 악몽 입갤ㅋㅋㅋ ㅋㅋ,쥬지 싱가폴의 악몽 입갤ㅋㅋㅋ ㅋㅋ,0.8993337154388428
2024-03-24 14:23:21,쥬지 저새낀 몽골 ㅈ박을때마다 터뜨리네,싱가폴에서도 터뜨리지않았나,After Lap,,쥬지 저새낀 몽골 ㅈ박을때마다 터뜨리네 싱가폴에서도 터뜨리지않았나,쥬지 저새낀 몽골 ㅈ박을때마다 터뜨리네 싱가폴에서도 터뜨리지않았나,0.958696722984314
2024-03-24 14:23:23,막랩 꼬라박는건 역시 쥬지ㅋㅋㅋㅋ,,After Lap,,막랩 꼬라박는건 역시 쥬지ㅋㅋㅋㅋ ,막랩 꼬라박는건 역시 쥬지ㅋㅋㅋㅋ,0.9297409057617188
2024-03-24 14:23:24,하스 더블 포인트 ㅋㅋㅋㅋ,.,After Lap,,하스 더블 포인트 ㅋㅋㅋㅋ .,하스 더블 포인트 ㅋㅋㅋㅋ .,0.14260827004909515
2024-03-24 14:23:23,하스 개꿀딱ㅋㅋㅋㅋ더블포인틐ㅋㅋㅋㅋ,,After Lap,,하스 개꿀딱ㅋㅋㅋㅋ더블포인틐ㅋㅋㅋㅋ ,하스 개꿀딱ㅋㅋㅋㅋ더블포인틐ㅋㅋㅋㅋ,0.20063108205795288
2024-03-24 14:23:24,와 하스 더블포인트 쑤아릿,쑤아릿!,After Lap,,와 하스 더블포인트 쑤아릿 쑤아릿!,와 하스 더블포인트 쑤아릿 쑤아릿!,0.07164782285690308
2024-03-24 14:23:24,하스 더블 포인틐ㅋㅋㅋㅋㅋㅋㅋㅋㅋㅋ,- dc official App,After Lap,,하스 더블 포인틐ㅋㅋㅋㅋㅋㅋㅋㅋㅋㅋ - dc official App,하스 더블 포인틐ㅋㅋㅋㅋㅋㅋㅋㅋㅋㅋ - dc official App,0.22847288846969604
2024-03-24 14:23:25,피아스트리 어리둥절,뎃?,After Lap,,피아스트리 어리둥절 뎃?,피아스트리 어리둥절 뎃?,0.41950786113739014
2024-03-24 14:23:25,싱가포르의 재림이노,ㅇㅇ,After Lap,,싱가포르의 재림이노 ㅇㅇ,싱가포르의 재림이노 ㅇㅇ,0.1494884490966797
2024-03-24 14:23:26,하스 섹스 ㄷㄷㄷㄷㄷ,ㄷㄷ,After Lap,,하스 섹스 ㄷㄷㄷㄷㄷ ㄷㄷ,하스 섹스 ㄷㄷㄷㄷㄷ ㄷㄷ,0.7011638283729553
2024-03-24 14:23:26,아니너무아쉽네..,올해 멜세 왜이러냐..,After Lap,,아니너무아쉽네.. 올해 멜세 왜이러냐..,아니너무아쉽네.. 올해 멜세 왜이러냐..,0.09215468168258667
2024-03-24 14:23:27,하스 더블포인트 ㅋㅋㅋㅋ,ㅇㅇ,After Lap,,하스 더블포인트 ㅋㅋㅋㅋ ㅇㅇ,하스 더블포인트 ㅋㅋㅋㅋ ㅇㅇ,0.18334564566612244
2024-03-24 14:23:27,페라리 원투!!!!,,After Lap,,페라리 원투!!!! ,페라리 원투!!!!,0.10167067497968674
2024-03-24 14:23:28,싱가폴 시즌 2 ㅋㅋㅋㅋ,"ㅋㅋㅋㅋㅋㅋ
- dc official App",After Lap,,"싱가폴 시즌 2 ㅋㅋㅋㅋ ㅋㅋㅋㅋㅋㅋ
- dc official App",싱가폴 시즌 2 ㅋㅋㅋㅋ ㅋㅋㅋㅋㅋㅋ - dc official App,0.4574047923088074
2024-03-24 14:23:27,쥬지 <<<- 막스랑 한몸임??,"싱가폴에서 막스 못타니까 벽에 꼴아박던데
막스 리타하니까 또 꼴아박노 ㅋㅋㅋ
- dc official App",After Lap,,"쥬지 <<<- 막스랑 한몸임?? 싱가폴에서 막스 못타니까 벽에 꼴아박던데
막스 리타하니까 또 꼴아박노 ㅋㅋㅋ
- dc official App",쥬지 <<<- 막스랑 한몸임?? 싱가폴에서 막스 못타니까 벽에 꼴아박던데 막스 리타하니까 또 꼴아박노 ㅋㅋㅋ - dc official App,0.9174477458000183
2024-03-24 14:23:25,쥬지 발기부전 입갤ㅋㅋㅋㅋㅋㅋㅋㅋㅋㅋㅋㅋㅋ,"발기부전인지 쥬지골절인지 헷갈리노ㅋㅋㅋㅋㅋㅋㅋㅋㅋㅋㅋㅋ
Mclaren F1 team 2007~",After Lap,,"쥬지 발기부전 입갤ㅋㅋㅋㅋㅋㅋㅋㅋㅋㅋㅋㅋㅋ 발기부전인지 쥬지골절인지 헷갈리노ㅋㅋㅋㅋㅋㅋㅋㅋㅋㅋㅋㅋ
Mclaren F1 team 2007~",쥬지 발기부전 입갤ㅋㅋㅋㅋㅋㅋㅋㅋㅋㅋㅋㅋㅋ 발기부전인지 쥬지골절인지 헷갈리노ㅋㅋㅋㅋㅋㅋㅋㅋㅋㅋㅋㅋ Mclaren F1 team 2007~,0.9229084253311157
2024-03-24 14:23:29,하스 더블포인트 ㅋㅋㅋㅋㅋㅋㅋ,"뭐고 ㅋㅋㅋㅋㅋ
- dc official App",After Lap,,"하스 더블포인트 ㅋㅋㅋㅋㅋㅋㅋ 뭐고 ㅋㅋㅋㅋㅋ
- dc official App",하스 더블포인트 ㅋㅋㅋㅋㅋㅋㅋ 뭐고 ㅋㅋㅋㅋㅋ - dc official App,0.2964354455471039
2024-03-24 14:23:30,하스 ㅋㅋㅋㅋㅋㅋ 우승 ㅋㅋㅋㅋㅋ,- dc official App,After Lap,,하스 ㅋㅋㅋㅋㅋㅋ 우승 ㅋㅋㅋㅋㅋ - dc official App,하스 ㅋㅋㅋㅋㅋㅋ 우승 ㅋㅋㅋㅋㅋ - dc official App,0.25310900807380676
2024-03-24 14:23:30,사인츠우승 = 러셀의꿈과희망,"ㅋㅋㅋㅋㅋㅋ
- dc official App",After Lap,,"사인츠우승 = 러셀의꿈과희망 ㅋㅋㅋㅋㅋㅋ
- dc official App",사인츠우승 = 러셀의꿈과희망 ㅋㅋㅋㅋㅋㅋ - dc official App,0.12142674624919891
2024-03-24 14:23:30,먼갑자기뒤져있네씨발ㅋㅋ,,After Lap,,먼갑자기뒤져있네씨발ㅋㅋ ,먼갑자기뒤져있네씨발ㅋㅋ,0.8840152621269226
2024-03-24 14:23:32,HAAS 더블포인트,이왜진,After Lap,,HAAS 더블포인트 이왜진,HAAS 더블포인트 이왜진,0.09809000045061111
2024-03-24 14:23:33,하스 더블포인트 씹ㅋㅋㅋㅋㅋ,이게 말이 되나 ㅋㅋㅋㅋㅋㅋㅋ,After Lap,,하스 더블포인트 씹ㅋㅋㅋㅋㅋ 이게 말이 되나 ㅋㅋㅋㅋㅋㅋㅋ,하스 더블포인트 씹ㅋㅋㅋㅋㅋ 이게 말이 되나 ㅋㅋㅋㅋㅋㅋㅋ,0.455625981092453
2024-03-24 14:23:33,휴,나오는거 안보이길래 쫄았네;,After Lap,,휴 나오는거 안보이길래 쫄았네;,휴 나오는거 안보이길래 쫄았네;,0.08931057155132294
2024-03-24 14:23:33,사인츠 흑력 ㅋㅋㅋㅋ,러셀게이 또 당했노,After Lap,,사인츠 흑력 ㅋㅋㅋㅋ 러셀게이 또 당했노,사인츠 흑력 ㅋㅋㅋㅋ 러셀게이 또 당했노,0.9192537665367126
2024-03-24 14:23:34,원투 ㅅㅅㅅㅅㅅㅅㅅㅅㅅ,ㅋㅋㅋ,After Lap,,원투 ㅅㅅㅅㅅㅅㅅㅅㅅㅅ ㅋㅋㅋ,원투 ㅅㅅㅅㅅㅅㅅㅅㅅㅅ ㅋㅋㅋ,0.4389861822128296
2024-03-24 14:23:34,대 하스 ㅋㅋㅋㅋ,ㅋㅋㅋㅋ,After Lap,,대 하스 ㅋㅋㅋㅋ ㅋㅋㅋㅋ,대 하스 ㅋㅋㅋㅋ ㅋㅋㅋㅋ,0.4435332417488098
2024-03-24 14:23:35,어게인 싱가폴 ㅋㅋ,"우승 사인즈
꼴박 러셀",After Lap,,"어게인 싱가폴 ㅋㅋ 우승 사인즈
꼴박 러셀",어게인 싱가폴 ㅋㅋ 우승 사인즈 꼴박 러셀,0.7636529803276062
2024-03-24 14:23:36,하스 떡상 ㅋㅋ,ㄹㅇ,After Lap,,하스 떡상 ㅋㅋ ㄹㅇ,하스 떡상 ㅋㅋ ㄹㅇ,0.1333935260772705
2024-03-24 14:23:36,야 시발 메르 사고가 문제가 아니라 하스 더블포인트잖아???,이궈궈던!!!!!!,After Lap,,야 시발 메르 사고가 문제가 아니라 하스 더블포인트잖아??? 이궈궈던!!!!!!,야 시발 메르 사고가 문제가 아니라 하스 더블포인트잖아??? 이궈궈던!!!!!!,0.8273636102676392
2024-03-24 14:23:39,사인지 싱글벙글 ㅋㅋ,,After Lap,,사인지 싱글벙글 ㅋㅋ ,사인지 싱글벙글 ㅋㅋ,0.06879374384880066
2024-03-24 14:23:39,실력에 비해 야망이 큰 남자,"줘지 러슬
- dc official App",After Lap,,"실력에 비해 야망이 큰 남자 줘지 러슬
- dc official App",실력에 비해 야망이 큰 남자 줘지 러슬 - dc official App,0.9192579984664917
2024-03-24 14:23:40,본인이 일부러 쳐박은 러셀이먄 개추 ㅋㅋㅋㅋㅋㅋㅋ,이게 차냐고,After Lap,,본인이 일부러 쳐박은 러셀이먄 개추 ㅋㅋㅋㅋㅋㅋㅋ 이게 차냐고,본인이 일부러 쳐박은 러셀이먄 개추 ㅋㅋㅋㅋㅋㅋㅋ 이게 차냐고,0.959242582321167
2024-03-24 14:23:39,ㅅㅂ 사인츠 돌아서 우승하는 모습을 못보노,,After Lap,,ㅅㅂ 사인츠 돌아서 우승하는 모습을 못보노 ,ㅅㅂ 사인츠 돌아서 우승하는 모습을 못보노,0.7593170404434204
2024-03-24 14:23:41,러셀 <<< 이 새낀 그냥 운전을 못함,페레즈랑 동급,After Lap,,러셀 <<< 이 새낀 그냥 운전을 못함 페레즈랑 동급,러셀 <<< 이 새낀 그냥 운전을 못함 페레즈랑 동급,0.957172691822052
2024-03-24 14:23:41,러셀은 마지막랩에서 사고가 잘나네,저번에도한번 마지막랩에서 이러지 않았노,After Lap,,러셀은 마지막랩에서 사고가 잘나네 저번에도한번 마지막랩에서 이러지 않았노,러셀은 마지막랩에서 사고가 잘나네 저번에도한번 마지막랩에서 이러지 않았노,0.278978168964386
2024-03-24 14:23:41,yuk11-3 입갤 ㅋㅋㅋㅋㅋ,,After Lap,,yuk11-3 입갤 ㅋㅋㅋㅋㅋ ,yuk11-3 입갤 ㅋㅋㅋㅋㅋ,0.7728085517883301
2024-03-24 14:23:42,츠노다 p8 하스 더블포인트노 ㅋㅋ,돌려주고 뭐 고민할 것도 없네,After Lap,,츠노다 p8 하스 더블포인트노 ㅋㅋ 돌려주고 뭐 고민할 것도 없네,츠노다 p8 하스 더블포인트노 ㅋㅋ 돌려주고 뭐 고민할 것도 없네,0.1459505558013916
2024-03-24 14:23:42,오늘 요약,- dc official App,After Lap,,오늘 요약 - dc official App,오늘 요약 - dc official App,0.11083508282899857
2024-03-24 14:23:43,섹스 ㅋㅋㅋㅋㅋㅋㅋㅋㅋㅋㅋ,"츠노다 p8 예아
- dc official App",After Lap,,"섹스 ㅋㅋㅋㅋㅋㅋㅋㅋㅋㅋㅋ 츠노다 p8 예아
- dc official App",섹스 ㅋㅋㅋㅋㅋㅋㅋㅋㅋㅋㅋ 츠노다 p8 예아 - dc official App,0.79949951171875
2024-03-24 14:23:44,하스 싱글벙글 ㅌㅋㅋㅋㅋㅋㅋ,"더블포인트 꺼억 ㅋㅋㅋㅋ
- dc official App",After Lap,,"하스 싱글벙글 ㅌㅋㅋㅋㅋㅋㅋ 더블포인트 꺼억 ㅋㅋㅋㅋ
- dc official App",하스 싱글벙글 ㅌㅋㅋㅋㅋㅋㅋ 더블포인트 꺼억 ㅋㅋㅋㅋ - dc official App,0.40303102135658264
2024-03-24 14:23:45,사인지 우승하면 러셀 리타함?,항상 막랩에 리타하네 사인지 우승하면 시발,After Lap,,사인지 우승하면 러셀 리타함? 항상 막랩에 리타하네 사인지 우승하면 시발,사인지 우승하면 러셀 리타함? 항상 막랩에 리타하네 사인지 우승하면 시발,0.7043644189834595
2024-03-24 14:23:45,사인츠 우승 = 러셀 멸망,"그리고 8노다 입개르
- dc official App",After Lap,,"사인츠 우승 = 러셀 멸망 그리고 8노다 입개르
- dc official App",사인츠 우승 = 러셀 멸망 그리고 8노다 입개르 - dc official App,0.5053203105926514
2024-03-24 14:23:46,사인스 우승=러셀 라스트랩 리타,기적의 공식이노ㅋㅋㅋ,After Lap,,사인스 우승=러셀 라스트랩 리타 기적의 공식이노ㅋㅋㅋ,사인스 우승=러셀 라스트랩 리타 기적의 공식이노ㅋㅋㅋ,0.4513775110244751
2024-03-24 14:23:46,하스 더블포인트 개지린댜,ㅇ,After Lap,,하스 더블포인트 개지린댜 ㅇ,하스 더블포인트 개지린댜 ㅇ,0.08764544874429703
2024-03-24 14:23:46,하스 더블 포인트 개웃기네ㅋㅋㅋㅋㅋ,이게 되노ㅋㅋ,After Lap,,하스 더블 포인트 개웃기네ㅋㅋㅋㅋㅋ 이게 되노ㅋㅋ,하스 더블 포인트 개웃기네ㅋㅋㅋㅋㅋ 이게 되노ㅋㅋ,0.10777146369218826
2024-03-24 14:23:47,사인츠 분위기 애매하네 거... ㅋ,좋아하기도 애매함ㅋ,After Lap,,사인츠 분위기 애매하네 거... ㅋ 좋아하기도 애매함ㅋ,사인츠 분위기 애매하네 거... ㅋ 좋아하기도 애매함ㅋ,0.21476836502552032
2024-03-24 14:23:47,러셀 걍 못하는 거 같음,마지막 배틀 하다가 또 사고나노 ㅋㅋ 루키쉑 ㅋㅋ,After Lap,,러셀 걍 못하는 거 같음 마지막 배틀 하다가 또 사고나노 ㅋㅋ 루키쉑 ㅋㅋ,러셀 걍 못하는 거 같음 마지막 배틀 하다가 또 사고나노 ㅋㅋ 루키쉑 ㅋㅋ,0.9198090434074402
2024-03-24 14:23:49,이제 사인지 우승 = 러셀 막랩리타 인거지?,그저 대 인 지,After Lap,,이제 사인지 우승 = 러셀 막랩리타 인거지? 그저 대 인 지,이제 사인지 우승 = 러셀 막랩리타 인거지? 그저 대 인 지,0.11935935914516449
2024-03-24 14:23:50,대하스 ㅅㅅㅅㅅㅅ,ㅅㅅㅅㅅ,After Lap,,대하스 ㅅㅅㅅㅅㅅ ㅅㅅㅅㅅ,대하스 ㅅㅅㅅㅅㅅ ㅅㅅㅅㅅ,0.2576581537723541
2024-03-24 14:23:50,러셀의 막랩 ㅋㅋㅋ,ㅋㅋㅋㅋㅋㅋ,After Lap,,러셀의 막랩 ㅋㅋㅋ ㅋㅋㅋㅋㅋㅋ,러셀의 막랩 ㅋㅋㅋ ㅋㅋㅋㅋㅋㅋ,0.3237960636615753
2024-03-24 14:23:51,시발 하스 우승ㅋㅋㅋㅋㅋㅋㅋㅋㅋ,"좀따 스벅 돌림
- dc official App",After Lap,,"시발 하스 우승ㅋㅋㅋㅋㅋㅋㅋㅋㅋ 좀따 스벅 돌림
- dc official App",시발 하스 우승ㅋㅋㅋㅋㅋㅋㅋㅋㅋ 좀따 스벅 돌림 - dc official App,0.6697424054145813
2024-03-24 14:23:52,옐로라 자리 스왑도 못하것네 ㅋㅋ,,After Lap,,옐로라 자리 스왑도 못하것네 ㅋㅋ ,옐로라 자리 스왑도 못하것네 ㅋㅋ,0.42581719160079956
2024-03-24 14:23:54,사인츠 우승 ㅋㅋㅋㅋㅋㅋㅋㅋㅋㅋㅋㅋㅋㅋㅋㅋㅋㅋㅋㅋㅋㅋㅋㅋ,ㅋㅋㅋㅋㅋㅋㅋㅋㅋㅋㅋㅋㅋㅋㅋㅋㅋ,After Lap,,사인츠 우승 ㅋㅋㅋㅋㅋㅋㅋㅋㅋㅋㅋㅋㅋㅋㅋㅋㅋㅋㅋㅋㅋㅋㅋㅋ ㅋㅋㅋㅋㅋㅋㅋㅋㅋㅋㅋㅋㅋㅋㅋㅋㅋ,사인츠 우승 ㅋㅋㅋㅋㅋㅋㅋㅋㅋㅋㅋㅋㅋㅋㅋㅋㅋㅋㅋㅋㅋㅋㅋㅋ ㅋㅋㅋㅋㅋㅋㅋㅋㅋㅋㅋㅋㅋㅋㅋㅋㅋ,0.479216605424881
2024-03-24 14:23:54,티포시들 샴페인 터뜨리기 20초 전 ㅋㅋ,,After Lap,,티포시들 샴페인 터뜨리기 20초 전 ㅋㅋ ,티포시들 샴페인 터뜨리기 20초 전 ㅋㅋ,0.6029481291770935
2024-03-24 14:23:55,미국에서 중계보던 진하스 무발기사정 ㅋㅋㅋㅋ,ㅋㅋㅋㅋ,After Lap,,미국에서 중계보던 진하스 무발기사정 ㅋㅋㅋㅋ ㅋㅋㅋㅋ,미국에서 중계보던 진하스 무발기사정 ㅋㅋㅋㅋ ㅋㅋㅋㅋ,0.3528565466403961
2024-03-24 14:23:55,대 하 스 ㅋㅋㅋㅋㅋ,캬 ㅋㅋㅋㅋㅋㅋㅋㅋㅋ,After Lap,,대 하 스 ㅋㅋㅋㅋㅋ 캬 ㅋㅋㅋㅋㅋㅋㅋㅋㅋ,대 하 스 ㅋㅋㅋㅋㅋ 캬 ㅋㅋㅋㅋㅋㅋㅋㅋㅋ,0.20781023800373077
2024-03-24 14:23:55,그와중에 하스 포인트 ㅋㅋㅋㅋㅋㅋㅋ,,After Lap,,그와중에 하스 포인트 ㅋㅋㅋㅋㅋㅋㅋ ,그와중에 하스 포인트 ㅋㅋㅋㅋㅋㅋㅋ,0.27355480194091797
2024-03-24 14:23:58,조지 러셀의 꿈과 희망 시즌 2,,After Lap,,조지 러셀의 꿈과 희망 시즌 2 ,조지 러셀의 꿈과 희망 시즌 2,0.07370225340127945
2024-03-24 14:23:59,하스 개떡상ㅋㅋㅋㅋ,,After Lap,,하스 개떡상ㅋㅋㅋㅋ ,하스 개떡상ㅋㅋㅋㅋ,0.3009825646877289
2024-03-24 14:24:00,근데 생각해보니까 메르세데스 전멸한게 2016년 이후 처음아닌가,그때 스페인에서 팀킬한 이후로 말이야,After Lap,,근데 생각해보니까 메르세데스 전멸한게 2016년 이후 처음아닌가 그때 스페인에서 팀킬한 이후로 말이야,근데 생각해보니까 메르세데스 전멸한게 2016년 이후 처음아닌가 그때 스페인에서 팀킬한 이후로 말이야,0.5192026495933533
2024-03-24 14:24:00,대 하 스 더블포인트 입갤ㅋㅋ,ㅅㅅㅅㅅㅅㅅ,After Lap,,대 하 스 더블포인트 입갤ㅋㅋ ㅅㅅㅅㅅㅅㅅ,대 하 스 더블포인트 입갤ㅋㅋ ㅅㅅㅅㅅㅅㅅ,0.4421801269054413
2024-03-24 14:24:01,대노다ㅡ8위 ㄷㄷㄷㄷㄷ,"ㅋㅋㅋ
- dc official App",After Lap,,"대노다ㅡ8위 ㄷㄷㄷㄷㄷ ㅋㅋㅋ
- dc official App",대노다ㅡ8위 ㄷㄷㄷㄷㄷ ㅋㅋㅋ - dc official App,0.221976637840271
2024-03-24 14:24:03,지금 약속 때문에 경기 보다가 나왔는데,"페라리 원투확정?
- dc official App",After Lap,,"지금 약속 때문에 경기 보다가 나왔는데 페라리 원투확정?
- dc official App",지금 약속 때문에 경기 보다가 나왔는데 페라리 원투확정? - dc official App,0.07074370235204697
2024-03-24 14:24:05,사인츠:(러셀)차가 이상한거같다,"예측은 황인츠 ㅋㅋ
- dc official App",After Lap,,"사인츠:(러셀)차가 이상한거같다 예측은 황인츠 ㅋㅋ
- dc official App",사인츠:(러셀)차가 이상한거같다 예측은 황인츠 ㅋㅋ - dc official App,0.1846613734960556
2024-03-24 14:24:05,항상막랩에꼬라박냐왜,쩝,After Lap,,항상막랩에꼬라박냐왜 쩝,항상막랩에꼬라박냐왜 쩝,0.7657865285873413
2024-03-24 14:24:08,승리의 티포시들 출첵박자 ㅅㅅㅅㅅㅅㅅㅅㅅㅅㅅ,"2024 AUSTRALIAN GRAND PRIX
1-2 FINISH
SCUDERIA FERRARI",After Lap,,"승리의 티포시들 출첵박자 ㅅㅅㅅㅅㅅㅅㅅㅅㅅㅅ 2024 AUSTRALIAN GRAND PRIX
1-2 FINISH
SCUDERIA FERRARI",승리의 티포시들 출첵박자 ㅅㅅㅅㅅㅅㅅㅅㅅㅅㅅ 2024 AUSTRALIAN GRAND PRIX 1-2 FINISH SCUDERIA FERRARI,0.2635805308818817
2024-03-24 14:24:09,대를로스-황인지,,After Lap,,대를로스-황인지 ,대를로스-황인지,0.4865514934062958
2024-03-24 14:24:11,지지 ~~~,,After Lap,,지지 ~~~ ,지지 ~~~,0.07104483991861343
2024-03-24 14:24:12,와 알국왕 잔인하네 ㅋㅋㅋㅋㅋㅋㅋㅋㅋㅋㅋㅋㅋㅋㅋㅋ,그걸 끝까지 안주고  애색히 뒤집어지게 하네 ㅋㅋㅋㅋㅋㅋㅋㅋㅋㅋㅋㅋㅋㅋㅋㅋㅋㅋㅋㅋㅋㅋㅋㅋ,After Lap,,와 알국왕 잔인하네 ㅋㅋㅋㅋㅋㅋㅋㅋㅋㅋㅋㅋㅋㅋㅋㅋ 그걸 끝까지 안주고  애색히 뒤집어지게 하네 ㅋㅋㅋㅋㅋㅋㅋㅋㅋㅋㅋㅋㅋㅋㅋㅋㅋㅋㅋㅋㅋㅋㅋㅋ,와 알국왕 잔인하네 ㅋㅋㅋㅋㅋㅋㅋㅋㅋㅋㅋㅋㅋㅋㅋㅋ 그걸 끝까지 안주고 애색히 뒤집어지게 하네 ㅋㅋㅋㅋㅋㅋㅋㅋㅋㅋㅋㅋㅋㅋㅋㅋㅋㅋㅋㅋㅋㅋㅋㅋ,0.9386398196220398
2024-03-24 14:24:13,대 라 리,ㅈㄱㄴ,After Lap,,대 라 리 ㅈㄱㄴ,대 라 리 ㅈㄱㄴ,0.9116382598876953
2024-03-24 14:24:13,ㅈㄴ 없어보이는 피니시 ㅋㅋㅋㅋㅋ,- dc official App,After Lap,,ㅈㄴ 없어보이는 피니시 ㅋㅋㅋㅋㅋ - dc official App,ㅈㄴ 없어보이는 피니시 ㅋㅋㅋㅋㅋ - dc official App,0.8999134302139282
2024-03-24 14:24:18,헐 페라리 원퉄ㅋㅋㅋㅋㅋㅋㅋㅋㅋㅋㅋ,,After Lap,,헐 페라리 원퉄ㅋㅋㅋㅋㅋㅋㅋㅋㅋㅋㅋ ,헐 페라리 원퉄ㅋㅋㅋㅋㅋㅋㅋㅋㅋㅋㅋ,0.14462454617023468
2024-03-24 14:24:18,깜 끌로즈 뚜 미 ㅋㅋ,캬,After Lap,,깜 끌로즈 뚜 미 ㅋㅋ 캬,깜 끌로즈 뚜 미 ㅋㅋ 캬,0.22061003744602203
2024-03-24 14:24:19,황 라 리,캬~~,After Lap,,황 라 리 캬~~,황 라 리 캬~~,0.4003804326057434
2024-03-24 14:24:19,호주 국민들 누리스 살인 예정 ㅋㅋㅋㅋㅋㅋ,,After Lap,,호주 국민들 누리스 살인 예정 ㅋㅋㅋㅋㅋㅋ ,호주 국민들 누리스 살인 예정 ㅋㅋㅋㅋㅋㅋ,0.6921097636222839
2024-03-24 14:24:19,승리의 페라리 열차 시즌 1호 출발 ㅅㅅㅅㅅ,마무리가 이상하지만 일단 출발 ㅅㅅ,After Lap,,승리의 페라리 열차 시즌 1호 출발 ㅅㅅㅅㅅ 마무리가 이상하지만 일단 출발 ㅅㅅ,승리의 페라리 열차 시즌 1호 출발 ㅅㅅㅅㅅ 마무리가 이상하지만 일단 출발 ㅅㅅ,0.17539061605930328
2024-03-24 14:24:21,"""올려""",​대 인 츠,After Lap,,"""올려"" ​대 인 츠","""올려"" ​대 인 츠",0.8236345052719116
2024-03-24 14:24:22,황라리붐은 온다 ㅅㅅㅅㅅㅅ원투 ㅅㅅㅅㅅㅅ,ㅅㅅㅅㅅㅅㅅ,After Lap,,황라리붐은 온다 ㅅㅅㅅㅅㅅ원투 ㅅㅅㅅㅅㅅ ㅅㅅㅅㅅㅅㅅ,황라리붐은 온다 ㅅㅅㅅㅅㅅ원투 ㅅㅅㅅㅅㅅ ㅅㅅㅅㅅㅅㅅ,0.25203052163124084
2024-03-24 14:24:26,뻬라리 원투ㅋㅋㅋㅋㅋ,ㅋㅋㅋ,After Lap,,뻬라리 원투ㅋㅋㅋㅋㅋ ㅋㅋㅋ,뻬라리 원투ㅋㅋㅋㅋㅋ ㅋㅋㅋ,0.5573976039886475
2024-03-24 14:24:26,대 라 리,ㅋㅋㅋㅋ,After Lap,,대 라 리 ㅋㅋㅋㅋ,대 라 리 ㅋㅋㅋㅋ,0.8462941646575928
2024-03-24 14:24:27,하스 더블포인트 ㅅㅅㅅㅅ,크 적셔,After Lap,,하스 더블포인트 ㅅㅅㅅㅅ 크 적셔,하스 더블포인트 ㅅㅅㅅㅅ 크 적셔,0.2666732370853424
2024-03-24 14:24:28,와주셨군요 GOAT..,"빙의하시느라 고생하십니다..
- dc official App",After Lap,,"와주셨군요 GOAT.. 빙의하시느라 고생하십니다..
- dc official App",와주셨군요 GOAT.. 빙의하시느라 고생하십니다.. - dc official App,0.10444018989801407
2024-03-24 14:24:29,백마커까지 포인트네 ㅋㅋㅋ,ㅇㅇ,After Lap,,백마커까지 포인트네 ㅋㅋㅋ ㅇㅇ,백마커까지 포인트네 ㅋㅋㅋ ㅇㅇ,0.15287001430988312
2024-03-24 14:24:30,주작소는 이제 다른팀까지 터트리네 ㅉㅉ,,After Lap,,주작소는 이제 다른팀까지 터트리네 ㅉㅉ ,주작소는 이제 다른팀까지 터트리네 ㅉㅉ,0.9334731698036194
2024-03-24 14:24:33,티포시의 주말 입갤 ㅋㅋㅋㅋㅋㅋ,,After Lap,,티포시의 주말 입갤 ㅋㅋㅋㅋㅋㅋ ,티포시의 주말 입갤 ㅋㅋㅋㅋㅋㅋ,0.1563272923231125
2024-03-24 14:24:33,티포시의 주말 on,ㅅㅅㅅㅅㅅㅅ,After Lap,,티포시의 주말 on ㅅㅅㅅㅅㅅㅅ,티포시의 주말 on ㅅㅅㅅㅅㅅㅅ,0.09337735176086426
2024-03-24 14:24:33,메르 더블리타 ㅋㅋ,좆 됐 다!,After Lap,,메르 더블리타 ㅋㅋ 좆 됐 다!,메르 더블리타 ㅋㅋ 좆 됐 다!,0.7961036562919617
2024-03-24 14:24:34,결국 피아제는 자리돌려달라는 말도 못해봤네 ㅋㅋㅋㅋㅋㅋㅋ,ㅋㅋㅋㅋㅋ,After Lap,,결국 피아제는 자리돌려달라는 말도 못해봤네 ㅋㅋㅋㅋㅋㅋㅋ ㅋㅋㅋㅋㅋ,결국 피아제는 자리돌려달라는 말도 못해봤네 ㅋㅋㅋㅋㅋㅋㅋ ㅋㅋㅋㅋㅋ,0.9196398258209229
2024-03-24 14:24:35,황라리 원투 ㄷㄷㄷ,레츠고 커몬~,After Lap,,황라리 원투 ㄷㄷㄷ 레츠고 커몬~,황라리 원투 ㄷㄷㄷ 레츠고 커몬~,0.07488422840833664
2024-03-24 14:24:35,노리스 절대 안비켜주네,,After Lap,,노리스 절대 안비켜주네 ,노리스 절대 안비켜주네,0.32867079973220825
2024-03-24 14:24:37,대라리 원투ㅋㅋㅋㅋ,,After Lap,,대라리 원투ㅋㅋㅋㅋ ,대라리 원투ㅋㅋㅋㅋ,0.3448459208011627
2024-03-24 14:24:37,ㅅㅅㅅㅅ,,After Lap,,ㅅㅅㅅㅅ ,ㅅㅅㅅㅅ,0.1397874504327774
2024-03-24 14:24:37,우리퍼스트 우승섹스ㅋㅋㅋ,야기분좋다,After Lap,,우리퍼스트 우승섹스ㅋㅋㅋ 야기분좋다,우리퍼스트 우승섹스ㅋㅋㅋ 야기분좋다,0.7828297019004822
2024-03-24 14:24:36,속보) 메르 컨챔 5위 ㅋㅋㅋ,오늘 메르 0포 애마 14포 ㅋㅋ,After Lap,,속보) 메르 컨챔 5위 ㅋㅋㅋ 오늘 메르 0포 애마 14포 ㅋㅋ,속보) 메르 컨챔 5위 ㅋㅋㅋ 오늘 메르 0포 애마 14포 ㅋㅋ,0.2454923540353775
2024-03-24 14:24:37,ㅋㅋ컄ㅋㅋㅋ티포시의 주말 ON,,After Lap,,ㅋㅋ컄ㅋㅋㅋ티포시의 주말 ON ,ㅋㅋ컄ㅋㅋㅋ티포시의 주말 ON,0.5881261825561523
2024-03-24 14:24:36,티포시의 오후 입갤 ㅋㅋㅋㅋㅋㅋ,- dc official App,After Lap,,티포시의 오후 입갤 ㅋㅋㅋㅋㅋㅋ - dc official App,티포시의 오후 입갤 ㅋㅋㅋㅋㅋㅋ - dc official App,0.1596178412437439
2024-03-24 14:24:38,스으으무스 오퍼레이터,- dc official App,After Lap,,스으으무스 오퍼레이터 - dc official App,스으으무스 오퍼레이터 - dc official App,0.2882286310195923
2024-03-24 14:24:41,황 라 리 원 투,캬,After Lap,,황 라 리 원 투 캬,황 라 리 원 투 캬,0.17422716319561005
2024-03-24 14:24:41,츠노다 8위 ㅋㅋ,,After Lap,,츠노다 8위 ㅋㅋ ,츠노다 8위 ㅋㅋ,0.3108540177345276
2024-03-24 14:24:41,하스 더블포인트 ㅅㅅ,ㅅㅅ,After Lap,,하스 더블포인트 ㅅㅅ ㅅㅅ,하스 더블포인트 ㅅㅅ ㅅㅅ,0.2365051954984665
2024-03-24 14:24:42,페라리 원투 얼마만이냐 ㅋㅋ,ㅋㅋㅋ,After Lap,,페라리 원투 얼마만이냐 ㅋㅋ ㅋㅋㅋ,페라리 원투 얼마만이냐 ㅋㅋ ㅋㅋㅋ,0.12939810752868652
2024-03-24 14:24:45,황리리 원투 ㅋㅋㅋ,,After Lap,,황리리 원투 ㅋㅋㅋ ,황리리 원투 ㅋㅋㅋ,0.5856470465660095
2024-03-24 14:24:48,황라리황라리황라리황라리황라리황라리황라리황라리황라리황라리황라리황라리황라리황,황라리황라리황라리황라리,After Lap,,황라리황라리황라리황라리황라리황라리황라리황라리황라리황라리황라리황라리황라리황 황라리황라리황라리황라리,황라리황라리황라리황라리황라리황라리황라리황라리황라리황라리황라리황라리황라리황 황라리황라리황라리황라리,0.7778870463371277
2024-03-24 14:24:48,티포시의 주말 ㅅㅅㅅㅅㅅㅅㅅㅅ,,After Lap,,티포시의 주말 ㅅㅅㅅㅅㅅㅅㅅㅅ ,티포시의 주말 ㅅㅅㅅㅅㅅㅅㅅㅅ,0.09731845557689667
2024-03-24 14:24:50,차가 걸레짝이됐네 ㅅㅂㅋㅋ,,After Lap,,차가 걸레짝이됐네 ㅅㅂㅋㅋ ,차가 걸레짝이됐네 ㅅㅂㅋㅋ,0.9278627038002014
2024-03-24 14:24:53,마그누센 포인트네,ㅋㅋ,After Lap,,마그누센 포인트네 ㅋㅋ,마그누센 포인트네 ㅋㅋ,0.10045935213565826
2024-03-24 14:24:54,이거시 대 라 리,호주 쥐피 원투 피니시!!! 컴온!,After Lap,,이거시 대 라 리 호주 쥐피 원투 피니시!!! 컴온!,이거시 대 라 리 호주 쥐피 원투 피니시!!! 컴온!,0.23332002758979797
2024-03-24 14:24:54,페라리 원투패랩 티포시의 주말 그자체 ㅋㅋㅋ,ㅋㅋㅋ,After Lap,,페라리 원투패랩 티포시의 주말 그자체 ㅋㅋㅋ ㅋㅋㅋ,페라리 원투패랩 티포시의 주말 그자체 ㅋㅋㅋ ㅋㅋㅋ,0.11318323761224747
2024-03-24 14:24:54,쥬지 이 색힌 절대 챔피언감이 아님,절대,After Lap,,쥬지 이 색힌 절대 챔피언감이 아님 절대,쥬지 이 색힌 절대 챔피언감이 아님 절대,0.9420559406280518
2024-03-24 14:24:55,뻬라리 완뚜,싸인쯔,After Lap,,뻬라리 완뚜 싸인쯔,뻬라리 완뚜 싸인쯔,0.25420987606048584
2024-03-24 14:24:56,대 황 라 리,티포시의 주말 ON,After Lap,,대 황 라 리 티포시의 주말 ON,대 황 라 리 티포시의 주말 ON,0.45639997720718384
2024-03-24 14:24:56,맥라렌 34 ㅅㅅㅅㅅㅅ,잘했다,After Lap,,맥라렌 34 ㅅㅅㅅㅅㅅ 잘했다,맥라렌 34 ㅅㅅㅅㅅㅅ 잘했다,0.25760939717292786
2024-03-24 14:24:57,드르렁,- dc official App,After Lap,,드르렁 - dc official App,드르렁 - dc official App,0.6187012791633606
2024-03-24 14:25:01,윌은 좆망 하스는 대박났노 ㅋㅋ,,After Lap,,윌은 좆망 하스는 대박났노 ㅋㅋ ,윌은 좆망 하스는 대박났노 ㅋㅋ,0.8797227144241333
2024-03-24 14:25:01,아니근데 뭐 어떻게 저렇게뒤짐?ㅋㅋ,,After Lap,,아니근데 뭐 어떻게 저렇게뒤짐?ㅋㅋ ,아니근데 뭐 어떻게 저렇게뒤짐?ㅋㅋ,0.31387633085250854
2024-03-24 14:25:01,황라리 원투급 하스 더블포인트 ㅋㅋㅋㅋㅋ,"ㅋㅋㅋㅋㅋㅋㅋ
- dc official App",After Lap,,"황라리 원투급 하스 더블포인트 ㅋㅋㅋㅋㅋ ㅋㅋㅋㅋㅋㅋㅋ
- dc official App",황라리 원투급 하스 더블포인트 ㅋㅋㅋㅋㅋ ㅋㅋㅋㅋㅋㅋㅋ - dc official App,0.2696479558944702
2024-03-24 14:25:04,러셀은 뭐 어쩌다 쳐박은거냐,존나 심하네,After Lap,,러셀은 뭐 어쩌다 쳐박은거냐 존나 심하네,러셀은 뭐 어쩌다 쳐박은거냐 존나 심하네,0.8455305099487305
2024-03-24 14:25:05,에휴 쥬지 븅신아,ㅇ,After Lap,,에휴 쥬지 븅신아 ㅇ,에휴 쥬지 븅신아 ㅇ,0.9370793700218201
2024-03-24 14:25:06,원투인데 존나 맛없네 시팔 ㅋㅋ,러셀아...,After Lap,,원투인데 존나 맛없네 시팔 ㅋㅋ 러셀아...,원투인데 존나 맛없네 시팔 ㅋㅋ 러셀아...,0.9212650060653687
2024-03-24 14:25:06,러셀 차 누워있노 ㅋㅋㅋ,,After Lap,,러셀 차 누워있노 ㅋㅋㅋ ,러셀 차 누워있노 ㅋㅋㅋ,0.5133141875267029
2024-03-24 14:25:06,러셀 제대로 해먹었네 ㅋㅋ,,After Lap,,러셀 제대로 해먹었네 ㅋㅋ ,러셀 제대로 해먹었네 ㅋㅋ,0.5248151421546936
2024-03-24 14:25:07,레드불 원투를 하네마네했는데 페라리 원투 ㅋㅋㅋ,ㄹㅇ 뜬금없는데 재밌노 ㅋㅋ,After Lap,,레드불 원투를 하네마네했는데 페라리 원투 ㅋㅋㅋ ㄹㅇ 뜬금없는데 재밌노 ㅋㅋ,레드불 원투를 하네마네했는데 페라리 원투 ㅋㅋㅋ ㄹㅇ 뜬금없는데 재밌노 ㅋㅋ,0.10736574232578278
2024-03-24 14:25:08,티포시의 주말이다ㅋㅋㅋㅋㅋ,ㅋㅋㅋ,After Lap,,티포시의 주말이다ㅋㅋㅋㅋㅋ ㅋㅋㅋ,티포시의 주말이다ㅋㅋㅋㅋㅋ ㅋㅋㅋ,0.30534976720809937
2024-03-24 14:25:08,처참하다,파지직ㅠㅠ,After Lap,,처참하다 파지직ㅠㅠ,처참하다 파지직ㅠㅠ,0.7359446287155151
2024-03-24 14:25:09,스무우우우우우스 오퍼레이터~,,After Lap,,스무우우우우우스 오퍼레이터~ ,스무우우우우우스 오퍼레이터~,0.47435298562049866
2024-03-24 14:25:11,차가 아예누웠노,,After Lap,,차가 아예누웠노 ,차가 아예누웠노,0.262665331363678
2024-03-24 14:25:13,차가 왜 옆으로 넘어갔노 ㅋㅋ,,After Lap,,차가 왜 옆으로 넘어갔노 ㅋㅋ ,차가 왜 옆으로 넘어갔노 ㅋㅋ,0.2215762734413147
2024-03-24 14:25:14,바퀴 ㅈㄴ 가지런하네,ㅋㅋㅋㅋㅋㅋㅋㅋㅋ,After Lap,,바퀴 ㅈㄴ 가지런하네 ㅋㅋㅋㅋㅋㅋㅋㅋㅋ,바퀴 ㅈㄴ 가지런하네 ㅋㅋㅋㅋㅋㅋㅋㅋㅋ,0.5986410975456238
2024-03-24 14:25:15,"[속보] 호주 경찰, 노리스 신변 보호에 최선",ㅇㅇ,After Lap,,"[속보] 호주 경찰, 노리스 신변 보호에 최선 ㅇㅇ","[속보] 호주 경찰, 노리스 신변 보호에 최선 ㅇㅇ",0.30625486373901367
2024-03-24 14:25:15,ㅋㅋ알본 대가리 박아라 시발아ㅌㅋㅋ,,After Lap,,ㅋㅋ알본 대가리 박아라 시발아ㅌㅋㅋ ,ㅋㅋ알본 대가리 박아라 시발아ㅌㅋㅋ,0.9514532089233398
2024-03-24 14:25:17,ㅋㅋㅋㅋㅋㅋ배때기 다까놨노,- dc official App,After Lap,,ㅋㅋㅋㅋㅋㅋ배때기 다까놨노 - dc official App,ㅋㅋㅋㅋㅋㅋ배때기 다까놨노 - dc official App,0.8517017960548401
2024-03-24 14:25:19,러셀 그래도 마지막엔 애마앞에 서는구나,"ㅋㅋㅋㅋㅋ
- dc official App",After Lap,,"러셀 그래도 마지막엔 애마앞에 서는구나 ㅋㅋㅋㅋㅋ
- dc official App",러셀 그래도 마지막엔 애마앞에 서는구나 ㅋㅋㅋㅋㅋ - dc official App,0.20305290818214417
2024-03-24 14:25:19,간만에 페라리 엔딩이네ㅋㅋ,갓라리~~,After Lap,,간만에 페라리 엔딩이네ㅋㅋ 갓라리~~,간만에 페라리 엔딩이네ㅋㅋ 갓라리~~,0.07615888863801956
2024-03-24 14:25:20,하부 공개 입갤 ㅋ,ㅋㅋㅋㅋㅋㅋㅋㅋㅋ,After Lap,,하부 공개 입갤 ㅋ ㅋㅋㅋㅋㅋㅋㅋㅋㅋ,하부 공개 입갤 ㅋ ㅋㅋㅋㅋㅋㅋㅋㅋㅋ,0.6718536615371704
2024-03-24 14:25:20,패랩까지 캬 ㅋㅋ,ㅋㅋ,After Lap,,패랩까지 캬 ㅋㅋ ㅋㅋ,패랩까지 캬 ㅋㅋ ㅋㅋ,0.09983094781637192
2024-03-24 14:25:23,알론소 패기에 눌렸노 ㅋㅋㅋㅋㅋㅋ,,After Lap,,알론소 패기에 눌렸노 ㅋㅋㅋㅋㅋㅋ ,알론소 패기에 눌렸노 ㅋㅋㅋㅋㅋㅋ,0.8618003129959106
2024-03-24 14:25:24,2022년 바레인 그랑프리 이후 첫 페라리 원투,ㅅㅅ,After Lap,,2022년 바레인 그랑프리 이후 첫 페라리 원투 ㅅㅅ,2022년 바레인 그랑프리 이후 첫 페라리 원투 ㅅㅅ,0.11396422237157822
2024-03-24 14:25:24,러셀른 중요한데에서 사고나네,"작년 싱가폴도 그렇고 이번도 그렇고 ㅋㅋㅋㅋ
- dc official App",After Lap,,"러셀른 중요한데에서 사고나네 작년 싱가폴도 그렇고 이번도 그렇고 ㅋㅋㅋㅋ
- dc official App",러셀른 중요한데에서 사고나네 작년 싱가폴도 그렇고 이번도 그렇고 ㅋㅋㅋㅋ - dc official App,0.2621276080608368
2024-03-24 14:25:24,하스 미쳤다 둘다 포인트 ㄷㄷ,"올해 기대되네 진짜
- dc official App",After Lap,,"하스 미쳤다 둘다 포인트 ㄷㄷ 올해 기대되네 진짜
- dc official App",하스 미쳤다 둘다 포인트 ㄷㄷ 올해 기대되네 진짜 - dc official App,0.05970347672700882
2024-03-24 14:25:28,차가 옆으로 섰노 ㅋㅋㅋ,,After Lap,,차가 옆으로 섰노 ㅋㅋㅋ ,차가 옆으로 섰노 ㅋㅋㅋ,0.38063108921051025
2024-03-24 14:25:28,진짜 개씨발 개씨발 개씨발,,After Lap,,진짜 개씨발 개씨발 개씨발 ,진짜 개씨발 개씨발 개씨발,0.8207799196243286
2024-03-24 14:25:29,쥬지는 아무리 차가 구려도 그렇지 걍 드러눕노....,어휴,After Lap,,쥬지는 아무리 차가 구려도 그렇지 걍 드러눕노.... 어휴,쥬지는 아무리 차가 구려도 그렇지 걍 드러눕노.... 어휴,0.9560874700546265
2024-03-24 14:25:28,시즌 1호 티포시의 주말 성공,,After Lap,,시즌 1호 티포시의 주말 성공 ,시즌 1호 티포시의 주말 성공,0.07417774945497513
2024-03-24 14:25:30,오늘 하위권 요약.....,장사 접으쇼,After Lap,,오늘 하위권 요약..... 장사 접으쇼,오늘 하위권 요약..... 장사 접으쇼,0.9376072287559509
2024-03-24 14:25:31,얼마나 피곤했으면 엎어져서 자냐,"어캐했노
- dc official App",After Lap,,"얼마나 피곤했으면 엎어져서 자냐 어캐했노
- dc official App",얼마나 피곤했으면 엎어져서 자냐 어캐했노 - dc official App,0.7492316961288452
2024-03-24 14:25:34,페라리 대라리 황라리,아무도 못막는다ㅇㅇ,After Lap,,페라리 대라리 황라리 아무도 못막는다ㅇㅇ,페라리 대라리 황라리 아무도 못막는다ㅇㅇ,0.8405423164367676
2024-03-24 14:25:35,메르는 왜 오른쪽에 바퀴가 4개임?,- dc official App,After Lap,,메르는 왜 오른쪽에 바퀴가 4개임? - dc official App,메르는 왜 오른쪽에 바퀴가 4개임? - dc official App,0.12722067534923553
2024-03-24 14:25:37,이분 <<<- 진정한 퍼스트면 개추 ㅋㅋㅋ,"좆거품 미끌레는 세컨이면 개추 ㅋㅋㅋ
페라리 우승 = 사인지
공식이니까 외워라
- dc official App",After Lap,,"이분 <<<- 진정한 퍼스트면 개추 ㅋㅋㅋ 좆거품 미끌레는 세컨이면 개추 ㅋㅋㅋ
페라리 우승 = 사인지
공식이니까 외워라
- dc official App",이분 <<<- 진정한 퍼스트면 개추 ㅋㅋㅋ 좆거품 미끌레는 세컨이면 개추 ㅋㅋㅋ 페라리 우승 = 사인지 공식이니까 외워라 - dc official App,0.9481905698776245
2024-03-24 14:25:41,세워진게 아니라 바퀴빠진 곳에 걸쳐졌노 ㅋㅋ,,After Lap,,세워진게 아니라 바퀴빠진 곳에 걸쳐졌노 ㅋㅋ ,세워진게 아니라 바퀴빠진 곳에 걸쳐졌노 ㅋㅋ,0.3488386273384094
2024-03-24 14:25:41,알국왕이었으면 살렸다,,After Lap,,알국왕이었으면 살렸다 ,알국왕이었으면 살렸다,0.23896221816539764
2024-03-24 14:25:43,러셀 사고 일찍났으면 레드플랙급 아님?,"길 한가운데를 틀어막았는데
- dc official App",After Lap,,"러셀 사고 일찍났으면 레드플랙급 아님? 길 한가운데를 틀어막았는데
- dc official App",러셀 사고 일찍났으면 레드플랙급 아님? 길 한가운데를 틀어막았는데 - dc official App,0.2801264226436615
2024-03-24 14:25:43,승리의 티포시들 화력좀 볼까?,시즌 1호 승리의 티포시 열차 운행 섹스 ㅅㅅㅅㅅ,After Lap,,승리의 티포시들 화력좀 볼까? 시즌 1호 승리의 티포시 열차 운행 섹스 ㅅㅅㅅㅅ,승리의 티포시들 화력좀 볼까? 시즌 1호 승리의 티포시 열차 운행 섹스 ㅅㅅㅅㅅ,0.8388209342956543
2024-03-24 14:25:50,??? : 잘 하는 법??,떼,After Lap,,??? : 잘 하는 법?? 떼,??? : 잘 하는 법?? 떼,0.8289588093757629
2024-03-24 14:25:59,러셀은 이정도 수준임... 매번 이럼,압박을 못견딤 ㅋㅋㅋㅋ,After Lap,,러셀은 이정도 수준임... 매번 이럼 압박을 못견딤 ㅋㅋㅋㅋ,러셀은 이정도 수준임... 매번 이럼 압박을 못견딤 ㅋㅋㅋㅋ,0.3506493866443634
2024-03-24 14:25:59,23알본이랑 거의 같은도 아니고 판박이인데?,진짜 똑같이 박았네,After Lap,,23알본이랑 거의 같은도 아니고 판박이인데? 진짜 똑같이 박았네,23알본이랑 거의 같은도 아니고 판박이인데? 진짜 똑같이 박았네,0.24870537221431732
2024-03-24 14:26:04,제껴보려고 무리했네,ㄷㄷ,After Lap,,제껴보려고 무리했네 ㄷㄷ,제껴보려고 무리했네 ㄷㄷ,0.24894006550312042
2024-03-24 14:26:05,알본은 그래서 포인트 땀? ㅋㅋㅋ,,After Lap,,알본은 그래서 포인트 땀? ㅋㅋㅋ ,알본은 그래서 포인트 땀? ㅋㅋㅋ,0.6660515666007996
2024-03-24 14:26:06,자우버 이 개병신 새끼들은 5명이 리타이어 한 경기에서 14 15을 쳐박,네,After Lap,,자우버 이 개병신 새끼들은 5명이 리타이어 한 경기에서 14 15을 쳐박 네,자우버 이 개병신 새끼들은 5명이 리타이어 한 경기에서 14 15을 쳐박 네,0.944451093673706
2024-03-24 14:26:08,부숴진 차가 메르의 현 모습과도 같네....,너덜너덜...,After Lap,,부숴진 차가 메르의 현 모습과도 같네.... 너덜너덜...,부숴진 차가 메르의 현 모습과도 같네.... 너덜너덜...,0.6736361980438232
2024-03-24 14:26:15,P1 베이비ㅋㅋㅋㅋ,,After Lap,,P1 베이비ㅋㅋㅋㅋ ,P1 베이비ㅋㅋㅋㅋ,0.8674972057342529
2024-03-24 14:26:18,p1 베이비 p1~,,After Lap,,p1 베이비 p1~ ,p1 베이비 p1~,0.2480541467666626
2024-03-24 14:26:20,오늘 경기 안 본 새끼들 좆병신이면 개추 ㅋㅋㅋㅋㅋㅋㅋㅋㅋㅋㅋㅋㅋㅋ,일단나부터 ㅋㅋㅋㅋㅋㅋㅋㅋㅋㅋㅋㅋㅋㅋㅋㅋㅋㅋㅋㅋ,After Lap,,오늘 경기 안 본 새끼들 좆병신이면 개추 ㅋㅋㅋㅋㅋㅋㅋㅋㅋㅋㅋㅋㅋㅋ 일단나부터 ㅋㅋㅋㅋㅋㅋㅋㅋㅋㅋㅋㅋㅋㅋㅋㅋㅋㅋㅋㅋ,오늘 경기 안 본 새끼들 좆병신이면 개추 ㅋㅋㅋㅋㅋㅋㅋㅋㅋㅋㅋㅋㅋㅋ 일단나부터 ㅋㅋㅋㅋㅋㅋㅋㅋㅋㅋㅋㅋㅋㅋㅋㅋㅋㅋㅋㅋ,0.9569087028503418
2024-03-24 14:26:22,메르는 차가 문제가 아니라 드라이버가 문제임,좆물탕 쫓아낸건 신의 한수였지만 이제 러셀도 병신이라 자르고 사인츠 영입해야됨,After Lap,,메르는 차가 문제가 아니라 드라이버가 문제임 좆물탕 쫓아낸건 신의 한수였지만 이제 러셀도 병신이라 자르고 사인츠 영입해야됨,메르는 차가 문제가 아니라 드라이버가 문제임 좆물탕 쫓아낸건 신의 한수였지만 이제 러셀도 병신이라 자르고 사인츠 영입해야됨,0.9508529305458069
2024-03-24 14:26:22,싸인지가 우승하면 러셀이 크래시 << 공식임,싱가폴 호주,After Lap,,싸인지가 우승하면 러셀이 크래시 << 공식임 싱가폴 호주,싸인지가 우승하면 러셀이 크래시 << 공식임 싱가폴 호주,0.30826669931411743
2024-03-24 14:26:23,저정도 사고면 한 수십억 깨지는거지?,수십억까진 아니고 억대인가?,After Lap,,저정도 사고면 한 수십억 깨지는거지? 수십억까진 아니고 억대인가?,저정도 사고면 한 수십억 깨지는거지? 수십억까진 아니고 억대인가?,0.3577103316783905
2024-03-24 14:26:25,스무스 오퍼레이터 입갤 안하노,ㅋㅋㅋ,After Lap,,스무스 오퍼레이터 입갤 안하노 ㅋㅋㅋ,스무스 오퍼레이터 입갤 안하노 ㅋㅋㅋ,0.730979859828949
2024-03-24 14:26:25,삐완 삐완,"ㅋㅋㅋㅋㅋㅋㅋ
- dc official App",After Lap,,"삐완 삐완 ㅋㅋㅋㅋㅋㅋㅋ
- dc official App",삐완 삐완 ㅋㅋㅋㅋㅋㅋㅋ - dc official App,0.42920517921447754
2024-03-24 14:26:25,삐원베이비~~,- dc official App,After Lap,,삐원베이비~~ - dc official App,삐원베이비~~ - dc official App,0.15708832442760468
2024-03-24 14:26:28,삐완 삐완,"ㅋㅋ
- dc official App",After Lap,,"삐완 삐완 ㅋㅋ
- dc official App",삐완 삐완 ㅋㅋ - dc official App,0.33261409401893616
2024-03-24 14:26:29,웃음소리 존나 웃기네ㅋㅋㅋㅋ,ㅋㅋㅋㅋ,After Lap,,웃음소리 존나 웃기네ㅋㅋㅋㅋ ㅋㅋㅋㅋ,웃음소리 존나 웃기네ㅋㅋㅋㅋ ㅋㅋㅋㅋ,0.3821530044078827
2024-03-24 14:26:30,뒤에 따라오는놈 있었으면 존나 위험할뻔했네,"저 코너 작년 알본도 그렇고 사고 ㅈㄴ 잘나노
- dc official App",After Lap,,"뒤에 따라오는놈 있었으면 존나 위험할뻔했네 저 코너 작년 알본도 그렇고 사고 ㅈㄴ 잘나노
- dc official App",뒤에 따라오는놈 있었으면 존나 위험할뻔했네 저 코너 작년 알본도 그렇고 사고 ㅈㄴ 잘나노 - dc official App,0.9071537852287292
2024-03-24 14:26:30,이미시발 개좆같네 아 시발,다 뒤져라 시발,After Lap,,이미시발 개좆같네 아 시발 다 뒤져라 시발,이미시발 개좆같네 아 시발 다 뒤져라 시발,0.9324567914009094
2024-03-24 14:26:31,"??? : 드디어 널 뛰어넘었다, 베르스타펜",,After Lap,,"??? : 드디어 널 뛰어넘었다, 베르스타펜 ","??? : 드디어 널 뛰어넘었다, 베르스타펜",0.48837804794311523
2024-03-24 14:26:32,머야 러셀어디갔음??????,먼데 ㅡㅡ,After Lap,,머야 러셀어디갔음?????? 먼데 ㅡㅡ,머야 러셀어디갔음?????? 먼데 ㅡㅡ,0.27630963921546936
2024-03-24 14:26:36,메르 플로어 공개 ㅋㅋㅋㅋㅋㅋ,그런데 W15 병신이라 가치가 없는,After Lap,,메르 플로어 공개 ㅋㅋㅋㅋㅋㅋ 그런데 W15 병신이라 가치가 없는,메르 플로어 공개 ㅋㅋㅋㅋㅋㅋ 그런데 W15 병신이라 가치가 없는,0.861533522605896
2024-03-24 14:26:36,맥 아깝다,"첫번째 피트때 따라들어갔으면 2등 해볼만했는데 아깝다
Mclaren F1 team 2007~",After Lap,,"맥 아깝다 첫번째 피트때 따라들어갔으면 2등 해볼만했는데 아깝다
Mclaren F1 team 2007~",맥 아깝다 첫번째 피트때 따라들어갔으면 2등 해볼만했는데 아깝다 Mclaren F1 team 2007~,0.15895001590251923
2024-03-24 14:26:39,삐완ㅋㅋㅋㅋㅋㅋㅋ,,After Lap,,삐완ㅋㅋㅋㅋㅋㅋㅋ ,삐완ㅋㅋㅋㅋㅋㅋㅋ,0.5554847121238708
2024-03-24 14:26:42,어떤 오퍼레이션이였는지 왜 안물어봐 ㅅㅂ,,After Lap,,어떤 오퍼레이션이였는지 왜 안물어봐 ㅅㅂ ,어떤 오퍼레이션이였는지 왜 안물어봐 ㅅㅂ,0.6456854343414307
2024-03-24 14:26:43,스무우우스 오퍼레이러~~,~~,After Lap,,스무우우스 오퍼레이러~~ ~~,스무우우스 오퍼레이러~~ ~~,0.16355782747268677
2024-03-24 14:26:42,좋은시간대 독재자 ㅈ망 딸깍충 참교육 거를타선없는 경기 ㅈ된다ㅋㅋㅋㅋ,본방으로 못본애들 불쌍해서 어카노ㅋㅋㅋㅋ,After Lap,,좋은시간대 독재자 ㅈ망 딸깍충 참교육 거를타선없는 경기 ㅈ된다ㅋㅋㅋㅋ 본방으로 못본애들 불쌍해서 어카노ㅋㅋㅋㅋ,좋은시간대 독재자 ㅈ망 딸깍충 참교육 거를타선없는 경기 ㅈ된다ㅋㅋㅋㅋ 본방으로 못본애들 불쌍해서 어카노ㅋㅋㅋㅋ,0.9393772482872009
2024-03-24 14:26:47,방금 우리 아파트에서 사람죽었다.,"그건 바로 나약했던 어제의 '나'
나약했던 나는 오늘 죽었다.
내일부터 새로운 '나'로 다시 태어난다.
티포시의 주말을 걱정하지 않으며 맥도날드라 놀리지않으며
근본의 팀 페라리를 좆라리 따위로 놀리지않는
""티포시"" 명예 이탈리아인으로 다시 태어났다",After Lap,,"방금 우리 아파트에서 사람죽었다. 그건 바로 나약했던 어제의 '나'
나약했던 나는 오늘 죽었다.
내일부터 새로운 '나'로 다시 태어난다.
티포시의 주말을 걱정하지 않으며 맥도날드라 놀리지않으며
근본의 팀 페라리를 좆라리 따위로 놀리지않는
""티포시"" 명예 이탈리아인으로 다시 태어났다","방금 우리 아파트에서 사람죽었다. 그건 바로 나약했던 어제의 '나' 나약했던 나는 오늘 죽었다. 내일부터 새로운 '나'로 다시 태어난다. 티포시의 주말을 걱정하지 않으며 맥도날드라 놀리지않으며 근본의 팀 페라리를 좆라리 따위로 놀리지않는 ""티포시"" 명예 이탈리아인으로 다시 태어났다",0.835027277469635
2024-03-24 14:26:49,이게 호주야 싱가폴이야,"개꿀잼 레이스ㅋㅋㅋㅋ
- dc official App",After Lap,,"이게 호주야 싱가폴이야 개꿀잼 레이스ㅋㅋㅋㅋ
- dc official App",이게 호주야 싱가폴이야 개꿀잼 레이스ㅋㅋㅋㅋ - dc official App,0.16743360459804535
2024-03-24 14:26:49,방금 우리 아파트에서 사람 죽었다.,"메르세데스? 팬이라고 했던거 같은데
왜 그랬는진 잘 모르겠다",After Lap,,"방금 우리 아파트에서 사람 죽었다. 메르세데스? 팬이라고 했던거 같은데
왜 그랬는진 잘 모르겠다",방금 우리 아파트에서 사람 죽었다. 메르세데스? 팬이라고 했던거 같은데 왜 그랬는진 잘 모르겠다,0.11981210112571716
2024-03-24 14:26:51,승리의 대인츠 ㅋㅋㅋㅋ,ㅋㅋ,After Lap,,승리의 대인츠 ㅋㅋㅋㅋ ㅋㅋ,승리의 대인츠 ㅋㅋㅋㅋ ㅋㅋ,0.18287676572799683
2024-03-24 14:26:51,땽큐 페라리 뽀르자,,After Lap,,땽큐 페라리 뽀르자 ,땽큐 페라리 뽀르자,0.37159493565559387
2024-03-24 14:26:51,땡큐페라리~,,After Lap,,땡큐페라리~ ,땡큐페라리~,0.08991890400648117
2024-03-24 14:26:52,사국왕 우승,제발  페라리에 계속남아줘,After Lap,,사국왕 우승 제발  페라리에 계속남아줘,사국왕 우승 제발 페라리에 계속남아줘,0.09798536449670792
2024-03-24 14:26:52,시발 사인츠 다른팀 안가면 안되냐고,,After Lap,,시발 사인츠 다른팀 안가면 안되냐고 ,시발 사인츠 다른팀 안가면 안되냐고,0.44838082790374756
2024-03-24 14:26:57,쥬지←욕심이 너무 많은듯,"중요할때 말아먹노....
- dc official App",After Lap,,"쥬지←욕심이 너무 많은듯 중요할때 말아먹노....
- dc official App",쥬지←욕심이 너무 많은듯 중요할때 말아먹노.... - dc official App,0.9477766156196594
2024-03-24 14:26:58,페라리 원 투,"츠노다 8위
하스 더블포인트
이궈궈든!!!!!
- dc official App",After Lap,,"페라리 원 투 츠노다 8위
하스 더블포인트
이궈궈든!!!!!
- dc official App",페라리 원 투 츠노다 8위 하스 더블포인트 이궈궈든!!!!! - dc official App,0.16922242939472198
2024-03-24 14:27:02,'러셀' 해버렸네,ㅋㅋㅋㅋㅋㅋㅋㅋㅋㅋㅋㅋㅋㅋ,After Lap,,'러셀' 해버렸네 ㅋㅋㅋㅋㅋㅋㅋㅋㅋㅋㅋㅋㅋㅋ,'러셀' 해버렸네 ㅋㅋㅋㅋㅋㅋㅋㅋㅋㅋㅋㅋㅋㅋ,0.8366088271141052
2024-03-24 14:27:05,티포시의 주말 ㅋㅋㅋㅋㅋㅋㅋㅋㅋㅋ,"야스 ㅋㅋㅋㅋㅋㅋㅋ
- dc official App",After Lap,,"티포시의 주말 ㅋㅋㅋㅋㅋㅋㅋㅋㅋㅋ 야스 ㅋㅋㅋㅋㅋㅋㅋ
- dc official App",티포시의 주말 ㅋㅋㅋㅋㅋㅋㅋㅋㅋㅋ 야스 ㅋㅋㅋㅋㅋㅋㅋ - dc official App,0.5723312497138977
2024-03-24 14:27:09,몽골 살아있었으면 사인츠랑 배틀존나햇으려나,걍몇랩만에 다시 뛰어넘고 결굴 우승했겠지,After Lap,,몽골 살아있었으면 사인츠랑 배틀존나햇으려나 걍몇랩만에 다시 뛰어넘고 결굴 우승했겠지,몽골 살아있었으면 사인츠랑 배틀존나햇으려나 걍몇랩만에 다시 뛰어넘고 결굴 우승했겠지,0.5133203268051147
2024-03-24 14:27:09,세컨 지가못하고 삐졌노 ㅋㅋㅋ,,After Lap,,세컨 지가못하고 삐졌노 ㅋㅋㅋ ,세컨 지가못하고 삐졌노 ㅋㅋㅋ,0.9520972371101379
2024-03-24 14:27:15,막가놈 욕이 듣고 싶구나 ㅅㅅ,,After Lap,,막가놈 욕이 듣고 싶구나 ㅅㅅ ,막가놈 욕이 듣고 싶구나 ㅅㅅ,0.9393177032470703
2024-03-24 14:27:18,오늘 뭐 종합선물세트임?,"막스 칼퇴근
해물탕 킬퇴근
페라리 원투
맥라렌 34
메르 0점
8노다
하스 더블포인트
오늘 경기 보고 사인지 팬한다",After Lap,,"오늘 뭐 종합선물세트임? 막스 칼퇴근
해물탕 킬퇴근
페라리 원투
맥라렌 34
메르 0점
8노다
하스 더블포인트
오늘 경기 보고 사인지 팬한다",오늘 뭐 종합선물세트임? 막스 칼퇴근 해물탕 킬퇴근 페라리 원투 맥라렌 34 메르 0점 8노다 하스 더블포인트 오늘 경기 보고 사인지 팬한다,0.574499785900116
2024-03-24 14:27:21,몽골견 물탕견 조용하니까 갤 존나 클린하노,ㅋㅋㅋㅋㅋㅋㅋㅋㅋ,After Lap,,몽골견 물탕견 조용하니까 갤 존나 클린하노 ㅋㅋㅋㅋㅋㅋㅋㅋㅋ,몽골견 물탕견 조용하니까 갤 존나 클린하노 ㅋㅋㅋㅋㅋㅋㅋㅋㅋ,0.9574359059333801
2024-03-24 14:27:22,역시 갤럼 모두는 티포시가 맞았어,"사실 나도 티포시야
페라리 모자도 있어
- dc official App",After Lap,,"역시 갤럼 모두는 티포시가 맞았어 사실 나도 티포시야
페라리 모자도 있어
- dc official App",역시 갤럼 모두는 티포시가 맞았어 사실 나도 티포시야 페라리 모자도 있어 - dc official App,0.15804776549339294
2024-03-24 14:27:24,러셀저새끼시발 ㄹㅇ ㅋㅋ,,After Lap,,러셀저새끼시발 ㄹㅇ ㅋㅋ ,러셀저새끼시발 ㄹㅇ ㅋㅋ,0.9363611936569214
2024-03-24 14:27:26,가슬리 드챔꼴찌 탈출 성공 ㅋㅋㅋㅋㅋ,ㅋㅋㅋㅋㅋㅋ,After Lap,,가슬리 드챔꼴찌 탈출 성공 ㅋㅋㅋㅋㅋ ㅋㅋㅋㅋㅋㅋ,가슬리 드챔꼴찌 탈출 성공 ㅋㅋㅋㅋㅋ ㅋㅋㅋㅋㅋㅋ,0.6069470643997192
2024-03-24 14:27:26,메르 병신들 노포인트네 아,어휴,After Lap,,메르 병신들 노포인트네 아 어휴,메르 병신들 노포인트네 아 어휴,0.8695195317268372
2024-03-24 14:27:28,???: 시발련아 좀 나가,그냥 좀 꺼져봐 제발,After Lap,,???: 시발련아 좀 나가 그냥 좀 꺼져봐 제발,???: 시발련아 좀 나가 그냥 좀 꺼져봐 제발,0.935789942741394
2024-03-24 14:27:29,드챔 막스 51포 르끌 47포 체코 46포 ㅋㅋ,ㅋㅋㅋㅋㅋ,After Lap,,드챔 막스 51포 르끌 47포 체코 46포 ㅋㅋ ㅋㅋㅋㅋㅋ,드챔 막스 51포 르끌 47포 체코 46포 ㅋㅋ ㅋㅋㅋㅋㅋ,0.43972253799438477
2024-03-24 14:27:34,4글자로 웃기기,"전승우승
ㅋㅋㅋㅋㅋㅋㅋㅋㅋㅋㅋㅋㅋㅋㅋㅋㅋㅋㅋㅋㅋㅋㅋㅋㅋㅋㅋㅋㅋㅋㅋㅋㅋㅋㅋㅋㅋㅋㅋㅋㅋㅋㅋㅋㅋㅋㅋㅋㅋㅋㅋㅋㅋㅋㅋㅋㅋㅋㅋㅋㅋㅋㅋㅋㅋㅋ",After Lap,,"4글자로 웃기기 전승우승
ㅋㅋㅋㅋㅋㅋㅋㅋㅋㅋㅋㅋㅋㅋㅋㅋㅋㅋㅋㅋㅋㅋㅋㅋㅋㅋㅋㅋㅋㅋㅋㅋㅋㅋㅋㅋㅋㅋㅋㅋㅋㅋㅋㅋㅋㅋㅋㅋㅋㅋㅋㅋㅋㅋㅋㅋㅋㅋㅋㅋㅋㅋㅋㅋㅋㅋ",4글자로 웃기기 전승우승 ㅋㅋㅋㅋㅋㅋㅋㅋㅋㅋㅋㅋㅋㅋㅋㅋㅋㅋㅋㅋㅋㅋㅋㅋㅋㅋㅋㅋㅋㅋㅋㅋㅋㅋㅋㅋㅋㅋㅋㅋㅋㅋㅋㅋㅋㅋㅋㅋㅋㅋㅋㅋㅋㅋㅋㅋㅋㅋㅋㅋㅋㅋㅋㅋㅋㅋ,0.6962531208992004
2024-03-24 14:27:39,오늘의 병신,이 경기 안본 새끼들ㅋㅋㅋ,After Lap,,오늘의 병신 이 경기 안본 새끼들ㅋㅋㅋ,오늘의 병신 이 경기 안본 새끼들ㅋㅋㅋ,0.9169179201126099
2024-03-24 14:27:40,티포시 아니여도 오랜만에 재밌었다 ㅋㅋ,"티포시 아님
걍 재밌었음 ㅋㅋ",After Lap,,"티포시 아니여도 오랜만에 재밌었다 ㅋㅋ 티포시 아님
걍 재밌었음 ㅋㅋ",티포시 아니여도 오랜만에 재밌었다 ㅋㅋ 티포시 아님 걍 재밌었음 ㅋㅋ,0.07474108785390854
2024-03-24 14:27:42,뉴이가 일본에서 제로팟 들고온다 했는데,제로팟의 저주로 ㅈ박으면 페라리 챔 가냐?,After Lap,,뉴이가 일본에서 제로팟 들고온다 했는데 제로팟의 저주로 ㅈ박으면 페라리 챔 가냐?,뉴이가 일본에서 제로팟 들고온다 했는데 제로팟의 저주로 ㅈ박으면 페라리 챔 가냐?,0.855732798576355
2024-03-24 14:27:42,땡큐 페라리,"하지만 내년은...
ㅠㅠ",After Lap,,"땡큐 페라리 하지만 내년은...
ㅠㅠ",땡큐 페라리 하지만 내년은... ㅠㅠ,0.11439266055822372
2024-03-24 14:27:44,자우버는 이쯤되면 설계 이슈 아니냐?,아니면 핏크루 줄 빠따 때려야함?,After Lap,,자우버는 이쯤되면 설계 이슈 아니냐? 아니면 핏크루 줄 빠따 때려야함?,자우버는 이쯤되면 설계 이슈 아니냐? 아니면 핏크루 줄 빠따 때려야함?,0.8672651052474976
2024-03-24 14:27:44,1위 자리 ㅈ간지노ㅋㅋㅋㅋ,,After Lap,,1위 자리 ㅈ간지노ㅋㅋㅋㅋ ,1위 자리 ㅈ간지노ㅋㅋㅋㅋ,0.5658009052276611
2024-03-24 14:27:45,화력 ㅈ되네,개추 순식간에 130 ㅋㅋㅋㅋ,After Lap,,화력 ㅈ되네 개추 순식간에 130 ㅋㅋㅋㅋ,화력 ㅈ되네 개추 순식간에 130 ㅋㅋㅋㅋ,0.48634350299835205
2024-03-24 14:27:47,내가 얘기했지?,후회할 거라고,After Lap,,내가 얘기했지? 후회할 거라고,내가 얘기했지? 후회할 거라고,0.556481659412384
2024-03-24 14:27:50,드디어 ㅋㅋㅋㅋㅋㅋ,,After Lap,,드디어 ㅋㅋㅋㅋㅋㅋ ,드디어 ㅋㅋㅋㅋㅋㅋ,0.10282513499259949
2024-03-24 14:27:51,이번시즌 재밌겠네 ㅋㅋㅋㅋ,"레드불이랑 페라리 ㅋㅋㅋ
- dc official App",After Lap,,"이번시즌 재밌겠네 ㅋㅋㅋㅋ 레드불이랑 페라리 ㅋㅋㅋ
- dc official App",이번시즌 재밌겠네 ㅋㅋㅋㅋ 레드불이랑 페라리 ㅋㅋㅋ - dc official App,0.07580607384443283
2024-03-24 14:27:56,스무ㅡㅡㅡㅡㅡㅡ스,"오퍼레터~~~~
- dc official App",After Lap,,"스무ㅡㅡㅡㅡㅡㅡ스 오퍼레터~~~~
- dc official App",스무ㅡㅡㅡㅡㅡㅡ스 오퍼레터~~~~ - dc official App,0.2063530534505844
2024-03-24 14:27:59,메르 <<<<<< 하스,"오늘 하스보다 포인트 못땀ㅋㅋㅋㅋㅋㅋㅋ
- dc official App",After Lap,,"메르 <<<<<< 하스 오늘 하스보다 포인트 못땀ㅋㅋㅋㅋㅋㅋㅋ
- dc official App",메르 <<<<<< 하스 오늘 하스보다 포인트 못땀ㅋㅋㅋㅋㅋㅋㅋ - dc official App,0.3755737841129303
2024-03-24 14:27:59,스무스오퍼레이터ㅓㅓㅓ~,- dc official App,After Lap,,스무스오퍼레이터ㅓㅓㅓ~ - dc official App,스무스오퍼레이터ㅓㅓㅓ~ - dc official App,0.2345859408378601
2024-03-24 14:28:00,스무스~ 오퍼레이터~,~,After Lap,,스무스~ 오퍼레이터~ ~,스무스~ 오퍼레이터~ ~,0.11755286902189255
2024-03-24 14:28:00,스무스 오퍼레이타ㅋㅋㅋㅋ,,After Lap,,스무스 오퍼레이타ㅋㅋㅋㅋ ,스무스 오퍼레이타ㅋㅋㅋㅋ,0.2902056872844696
2024-03-24 14:28:01,스무스 오퍼레이터~,,After Lap,,스무스 오퍼레이터~ ,스무스 오퍼레이터~,0.11180894076824188
2024-03-24 14:28:02,스무드,"오퍼레이타~
- dc official App",After Lap,,"스무드 오퍼레이타~
- dc official App",스무드 오퍼레이타~ - dc official App,0.11797284334897995
2024-03-24 14:28:03,ㅋㅋㅋㅋㅋㅋㅋ스무스오퍼레이타~~~~~,,After Lap,,ㅋㅋㅋㅋㅋㅋㅋ스무스오퍼레이타~~~~~ ,ㅋㅋㅋㅋㅋㅋㅋ스무스오퍼레이타~~~~~,0.2430262714624405
2024-03-24 14:28:03,스무스오퍼레이터 입갤 ㅋㅋㅋㅋㅋ,ㅅㅅㅅㅅ,After Lap,,스무스오퍼레이터 입갤 ㅋㅋㅋㅋㅋ ㅅㅅㅅㅅ,스무스오퍼레이터 입갤 ㅋㅋㅋㅋㅋ ㅅㅅㅅㅅ,0.6098865866661072
2024-03-24 14:28:05,사인즈 노래 입갤 ㅋㅋㅋ,ㅋㅋㅋㅋ,After Lap,,사인즈 노래 입갤 ㅋㅋㅋ ㅋㅋㅋㅋ,사인즈 노래 입갤 ㅋㅋㅋ ㅋㅋㅋㅋ,0.23796382546424866
2024-03-24 14:28:07,알론소 오늘 운영 개쩔었다,"운도 따르긴햇는데
와 타이어운영 진짜 개쩌네
마지막까지 러셀 꼴아박게 하는 연륜까지 완벽",After Lap,,"알론소 오늘 운영 개쩔었다 운도 따르긴햇는데
와 타이어운영 진짜 개쩌네
마지막까지 러셀 꼴아박게 하는 연륜까지 완벽",알론소 오늘 운영 개쩔었다 운도 따르긴햇는데 와 타이어운영 진짜 개쩌네 마지막까지 러셀 꼴아박게 하는 연륜까지 완벽,0.21426354348659515
2024-03-24 14:28:07,스무우ㅜ우우우~~~스 오퍼레이타~~~~,,After Lap,,스무우ㅜ우우우~~~스 오퍼레이타~~~~ ,스무우ㅜ우우우~~~스 오퍼레이타~~~~,0.2991926074028015
2024-03-24 14:28:07,까먹었노ㅋㅋㅋ,,After Lap,,까먹었노ㅋㅋㅋ ,까먹었노ㅋㅋㅋ,0.7585600018501282
2024-03-24 14:28:10,스무우스 오퍼레이터어 ~,,After Lap,,스무우스 오퍼레이터어 ~ ,스무우스 오퍼레이터어 ~,0.1853591501712799
2024-03-24 14:28:11,스무스 오포레이터~,- dc official App,After Lap,,스무스 오포레이터~ - dc official App,스무스 오포레이터~ - dc official App,0.12056278437376022
2024-03-24 14:28:11,스무스 오퍼레이터ㅋㅋㅋ,ㅋㅋㅋㅋ,After Lap,,스무스 오퍼레이터ㅋㅋㅋ ㅋㅋㅋㅋ,스무스 오퍼레이터ㅋㅋㅋ ㅋㅋㅋㅋ,0.5462817549705505
2024-03-24 14:28:10,스무뜨 오뻐레이터~~,,After Lap,,스무뜨 오뻐레이터~~ ,스무뜨 오뻐레이터~~,0.11750753968954086
2024-03-24 14:28:12,스무스 오퍼레이터 ㅋㅋㅋㅋㅋ,,After Lap,,스무스 오퍼레이터 ㅋㅋㅋㅋㅋ ,스무스 오퍼레이터 ㅋㅋㅋㅋㅋ,0.4188344478607178
2024-03-24 14:28:11,스무스 오퍼레이터 ㅋㅋㅋㅋㅋㅋㅋㅋㅋㅋㅋㅋㅋㅋㅋㅋㅋㅋㅋㅋㅋㅋㅋㅋㅋㅋㅋㅋㅋㅋ,,After Lap,,스무스 오퍼레이터 ㅋㅋㅋㅋㅋㅋㅋㅋㅋㅋㅋㅋㅋㅋㅋㅋㅋㅋㅋㅋㅋㅋㅋㅋㅋㅋㅋㅋㅋㅋ ,스무스 오퍼레이터 ㅋㅋㅋㅋㅋㅋㅋㅋㅋㅋㅋㅋㅋㅋㅋㅋㅋㅋㅋㅋㅋㅋㅋㅋㅋㅋㅋㅋㅋㅋ,0.6356782913208008
2024-03-24 14:28:13,스무ㅡㅡㅡㅡㅡㅡㅡㅡㅡㅡㅡㅡㅡㅡㅡㅡㅡㅡㅡㅡ스,오뻐레이또~~~~~~~~,After Lap,,스무ㅡㅡㅡㅡㅡㅡㅡㅡㅡㅡㅡㅡㅡㅡㅡㅡㅡㅡㅡㅡ스 오뻐레이또~~~~~~~~,스무ㅡㅡㅡㅡㅡㅡㅡㅡㅡㅡㅡㅡㅡㅡㅡㅡㅡㅡㅡㅡ스 오뻐레이또~~~~~~~~,0.6227341294288635
2024-03-24 14:28:14,스무스~오퍼레이러~,ㅋㅋㅋㅋㅋ,After Lap,,스무스~오퍼레이러~ ㅋㅋㅋㅋㅋ,스무스~오퍼레이러~ ㅋㅋㅋㅋㅋ,0.20539669692516327
2024-03-24 14:28:14,스무스 오퍼레이텈ㅋㅋㅋ,,After Lap,,스무스 오퍼레이텈ㅋㅋㅋ ,스무스 오퍼레이텈ㅋㅋㅋ,0.19725936651229858
2024-03-24 14:28:13,스묻~~오퍼레이러,,After Lap,,스묻~~오퍼레이러 ,스묻~~오퍼레이러,0.5263149738311768
2024-03-24 14:28:17,ㅋㅋㅋㅋㅋㅋㅋㅋㅋㅋㅋㅋㅋㅋ,ㅋㅋㅋㅋㅋㅋㅋㅋㅋㅋㅋㅋㅋㅋㅋㅋ스ㅡㅡㅡㅡㅡ무슼ㅋㅋㅋ,After Lap,,ㅋㅋㅋㅋㅋㅋㅋㅋㅋㅋㅋㅋㅋㅋ ㅋㅋㅋㅋㅋㅋㅋㅋㅋㅋㅋㅋㅋㅋㅋㅋ스ㅡㅡㅡㅡㅡ무슼ㅋㅋㅋ,ㅋㅋㅋㅋㅋㅋㅋㅋㅋㅋㅋㅋㅋㅋ ㅋㅋㅋㅋㅋㅋㅋㅋㅋㅋㅋㅋㅋㅋㅋㅋ스ㅡㅡㅡㅡㅡ무슼ㅋㅋㅋ,0.6551907062530518
2024-03-24 14:28:18,스무스 오파레따~~~,,After Lap,,스무스 오파레따~~~ ,스무스 오파레따~~~,0.1336621791124344
2024-03-24 14:28:18,스무스~~~,"오퍼레이터~
Oracle Red Bull Racing RB20",After Lap,,"스무스~~~ 오퍼레이터~
Oracle Red Bull Racing RB20",스무스~~~ 오퍼레이터~ Oracle Red Bull Racing RB20,0.8086236715316772
2024-03-24 14:28:21,아 시발 러셀아 아,그럴수있지 시발...,After Lap,,아 시발 러셀아 아 그럴수있지 시발...,아 시발 러셀아 아 그럴수있지 시발...,0.8319582939147949
2024-03-24 14:28:22,스무스 오퍼레이떠~~~,,After Lap,,스무스 오퍼레이떠~~~ ,스무스 오퍼레이떠~~~,0.11444792151451111
2024-03-24 14:28:24,형 한번 믿어보라 했지,"형이 말햇지? 차 안부신다고
형은 아무 문제 없이 차 끌고 들어왔어",After Lap,,"형 한번 믿어보라 했지 형이 말햇지? 차 안부신다고
형은 아무 문제 없이 차 끌고 들어왔어",형 한번 믿어보라 했지 형이 말햇지? 차 안부신다고 형은 아무 문제 없이 차 끌고 들어왔어,0.13244616985321045
2024-03-24 14:28:22,사인츠 담당엔지니어ㅋㅋㅋㅋㅋ,사인츠 엔지니어 누구냐ㅋㅋㅋㅋㅋㅋ,After Lap,,사인츠 담당엔지니어ㅋㅋㅋㅋㅋ 사인츠 엔지니어 누구냐ㅋㅋㅋㅋㅋㅋ,사인츠 담당엔지니어ㅋㅋㅋㅋㅋ 사인츠 엔지니어 누구냐ㅋㅋㅋㅋㅋㅋ,0.49753478169441223
2024-03-24 14:28:25,아니 사인츠 퍼스트 아니었어?,미끌레르가 왜,After Lap,,아니 사인츠 퍼스트 아니었어? 미끌레르가 왜,아니 사인츠 퍼스트 아니었어? 미끌레르가 왜,0.23275575041770935
2024-03-24 14:28:27,스무th~,,After Lap,,스무th~ ,스무th~,0.10484308749437332
2024-03-24 14:28:33,사인지 저렇게 좋아하는데 나가는거 아쉽노,,After Lap,,사인지 저렇게 좋아하는데 나가는거 아쉽노 ,사인지 저렇게 좋아하는데 나가는거 아쉽노,0.06383625417947769
2024-03-24 14:28:33,맹장 수술도 스무스하고 운전도 스무스하고,오퍼레이션은 잘 하노 ㅋㅋ,After Lap,,맹장 수술도 스무스하고 운전도 스무스하고 오퍼레이션은 잘 하노 ㅋㅋ,맹장 수술도 스무스하고 운전도 스무스하고 오퍼레이션은 잘 하노 ㅋㅋ,0.8168092370033264
2024-03-24 14:28:33,스무스~ 오퍼레이터 ㅋㅋㅋㅋ,ㅋㅋㅋㅋㅋ123123ㅋㅋㅋㅋㅋㅋㅋ4534543,After Lap,,스무스~ 오퍼레이터 ㅋㅋㅋㅋ ㅋㅋㅋㅋㅋ123123ㅋㅋㅋㅋㅋㅋㅋ4534543,스무스~ 오퍼레이터 ㅋㅋㅋㅋ ㅋㅋㅋㅋㅋ123123ㅋㅋㅋㅋㅋㅋㅋ4534543,0.7695788741111755
2024-03-24 14:28:36,메르 리버스 더블포디엄 개꿀ㅋㅋㅋㅋㅋㅋㅋㅋㅋㅋ,엌ㅋㅋㅋㅋ,After Lap,,메르 리버스 더블포디엄 개꿀ㅋㅋㅋㅋㅋㅋㅋㅋㅋㅋ 엌ㅋㅋㅋㅋ,메르 리버스 더블포디엄 개꿀ㅋㅋㅋㅋㅋㅋㅋㅋㅋㅋ 엌ㅋㅋㅋㅋ,0.2224615514278412
2024-03-24 14:28:43,타이어 개 걸레짝이네ㅋㅋㅋㅋ,,After Lap,,타이어 개 걸레짝이네ㅋㅋㅋㅋ ,타이어 개 걸레짝이네ㅋㅋㅋㅋ,0.9460724592208862
2024-03-24 14:28:44,새삼문득,비노또 이새끼가 얼마나 ㅈ이였는지 느끼게해주네,After Lap,,새삼문득 비노또 이새끼가 얼마나 ㅈ이였는지 느끼게해주네,새삼문득 비노또 이새끼가 얼마나 ㅈ이였는지 느끼게해주네,0.925609290599823
2024-03-24 14:28:49,메르는 사인츠 잡아야,,After Lap,,메르는 사인츠 잡아야 ,메르는 사인츠 잡아야,0.21352042257785797
2024-03-24 14:28:47,맥라렌 << 이번 시즌 초반부터 재밌으면 개추 ㅋㅋ,,After Lap,,맥라렌 << 이번 시즌 초반부터 재밌으면 개추 ㅋㅋ ,맥라렌 << 이번 시즌 초반부터 재밌으면 개추 ㅋㅋ,0.08220802247524261
2024-03-24 14:28:54,VAMOS!!!!!!!!!,"22바레인 이후 첫 원투섹스 ㅋㅋㅋㅋㅋ
- dc official App",After Lap,,"VAMOS!!!!!!!!! 22바레인 이후 첫 원투섹스 ㅋㅋㅋㅋㅋ
- dc official App",VAMOS!!!!!!!!! 22바레인 이후 첫 원투섹스 ㅋㅋㅋㅋㅋ - dc official App,0.3751392960548401
2024-03-24 14:28:57,쥬지가 개새끼인 이유,크르릉 왈왈!,After Lap,,쥬지가 개새끼인 이유 크르릉 왈왈!,쥬지가 개새끼인 이유 크르릉 왈왈!,0.9568376541137695
2024-03-24 14:28:59,맹장이 20kg인 새끼..,경량화로 우승,After Lap,,맹장이 20kg인 새끼.. 경량화로 우승,맹장이 20kg인 새끼.. 경량화로 우승,0.9047197699546814
2024-03-24 14:29:04,오피셜 컨스트럭터 챔피언 6위,그래그래 또 형이야,After Lap,,오피셜 컨스트럭터 챔피언 6위 그래그래 또 형이야,오피셜 컨스트럭터 챔피언 6위 그래그래 또 형이야,0.0931897684931755
2024-03-24 14:29:04,F1 역사상 최고 근본의 팀,황 라 리,After Lap,,F1 역사상 최고 근본의 팀 황 라 리,F1 역사상 최고 근본의 팀 황 라 리,0.13943713903427124
2024-03-24 14:29:14,사인지 내년 직장 걱정은 안해도 될듯ㅋㅋㅋㅋㅋㅋ,꿀매물 나온다 ㅋㅋㅋㅋ,After Lap,,사인지 내년 직장 걱정은 안해도 될듯ㅋㅋㅋㅋㅋㅋ 꿀매물 나온다 ㅋㅋㅋㅋ,사인지 내년 직장 걱정은 안해도 될듯ㅋㅋㅋㅋㅋㅋ 꿀매물 나온다 ㅋㅋㅋㅋ,0.6058095097541809
2024-03-24 14:29:16,부상투혼 대인지 ㅠㅠㅠㅠ,,After Lap,,부상투혼 대인지 ㅠㅠㅠㅠ ,부상투혼 대인지 ㅠㅠㅠㅠ,0.07211263477802277
2024-03-24 14:29:18,운전 대체 어케하는거냐고 아ㅋㅋㅋ,ㅋㅋㅋ,After Lap,,운전 대체 어케하는거냐고 아ㅋㅋㅋ ㅋㅋㅋ,운전 대체 어케하는거냐고 아ㅋㅋㅋ ㅋㅋㅋ,0.9226694703102112
2024-03-24 14:29:18,누리스<~ 무관 탈출 언제 함,ㅋㅋ,After Lap,,누리스<~ 무관 탈출 언제 함 ㅋㅋ,누리스<~ 무관 탈출 언제 함 ㅋㅋ,0.17232511937618256
2024-03-24 14:29:22,병신,딸깍도 못함,After Lap,,병신 딸깍도 못함,병신 딸깍도 못함,0.9217467308044434
2024-03-24 14:29:22,이 새끼 재계약 가능하냐?,?,After Lap,,이 새끼 재계약 가능하냐? ?,이 새끼 재계약 가능하냐? ?,0.9193586707115173
2024-03-24 14:29:22,왤케 못 나오나 했는데,"수술 때문에 컨디션이 아직 안 돌아왔나보네
어기적 거리는거 보면",After Lap,,"왤케 못 나오나 했는데 수술 때문에 컨디션이 아직 안 돌아왔나보네
어기적 거리는거 보면",왤케 못 나오나 했는데 수술 때문에 컨디션이 아직 안 돌아왔나보네 어기적 거리는거 보면,0.8606359362602234
2024-03-24 14:29:23,르끌이 더 잘한거같은데?,"사인지는 걍 막스가 못먹은거 주서먹은거고
르끌은 자력으로 2위까지 온건데
퍼포먼스적으로는 르끌이 좀 인상적인듯",After Lap,,"르끌이 더 잘한거같은데? 사인지는 걍 막스가 못먹은거 주서먹은거고
르끌은 자력으로 2위까지 온건데
퍼포먼스적으로는 르끌이 좀 인상적인듯",르끌이 더 잘한거같은데? 사인지는 걍 막스가 못먹은거 주서먹은거고 르끌은 자력으로 2위까지 온건데 퍼포먼스적으로는 르끌이 좀 인상적인듯,0.2993314564228058
2024-03-24 14:29:25,리버스 어우막에 메르 더블포디움 ㅅㅅㅅㅅㅅ,ㅅㅅㅅㅅㅅㅅ,After Lap,,리버스 어우막에 메르 더블포디움 ㅅㅅㅅㅅㅅ ㅅㅅㅅㅅㅅㅅ,리버스 어우막에 메르 더블포디움 ㅅㅅㅅㅅㅅ ㅅㅅㅅㅅㅅㅅ,0.13663364946842194
2024-03-24 14:29:25,사인츠 존나 사랑스러우면 개추 눌러볼까?,"와캬퍄헉농ㅋㅋㅋㅋㅋㅋㅋㅋㅋㅋㅋㅋㅋ 이궈궈든ㅋㅋㅋㅋㅋㅋㅋㅋㅋㅋ 페라리 원투 컄ㅋㅋㅋㅋㅋㅋㅋㅋㅋㅋㅋㅋㅋㅋㅋㅋㅋㅋ
- dc official App",After Lap,,"사인츠 존나 사랑스러우면 개추 눌러볼까? 와캬퍄헉농ㅋㅋㅋㅋㅋㅋㅋㅋㅋㅋㅋㅋㅋ 이궈궈든ㅋㅋㅋㅋㅋㅋㅋㅋㅋㅋ 페라리 원투 컄ㅋㅋㅋㅋㅋㅋㅋㅋㅋㅋㅋㅋㅋㅋㅋㅋㅋㅋ
- dc official App",사인츠 존나 사랑스러우면 개추 눌러볼까? 와캬퍄헉농ㅋㅋㅋㅋㅋㅋㅋㅋㅋㅋㅋㅋㅋ 이궈궈든ㅋㅋㅋㅋㅋㅋㅋㅋㅋㅋ 페라리 원투 컄ㅋㅋㅋㅋㅋㅋㅋㅋㅋㅋㅋㅋㅋㅋㅋㅋㅋㅋ - dc official App,0.784189760684967
2024-03-24 14:29:26,근데 왜 르글이아니라 사인즈가 나가는거??,페라리 자체적으로 밸런스맞추는거냐?,After Lap,,근데 왜 르글이아니라 사인즈가 나가는거?? 페라리 자체적으로 밸런스맞추는거냐?,근데 왜 르글이아니라 사인즈가 나가는거?? 페라리 자체적으로 밸런스맞추는거냐?,0.2143792062997818
2024-03-24 14:29:27,오피셜)티포시의 주말 ㅋㅋㅋㅋㅋ,- dc official App,After Lap,,오피셜)티포시의 주말 ㅋㅋㅋㅋㅋ - dc official App,오피셜)티포시의 주말 ㅋㅋㅋㅋㅋ - dc official App,0.23530760407447815
2024-03-24 14:29:28,쥬지 오늘도 싱가폴 해버렸구나,ㅠㅠ,After Lap,,쥬지 오늘도 싱가폴 해버렸구나 ㅠㅠ,쥬지 오늘도 싱가폴 해버렸구나 ㅠㅠ,0.9453821182250977
2024-03-24 14:29:45,저 아줌마 눈치 좆박음ㅋㅋㅋ,,After Lap,,저 아줌마 눈치 좆박음ㅋㅋㅋ ,저 아줌마 눈치 좆박음ㅋㅋㅋ,0.9531019926071167
2024-03-24 14:29:47,Fia 저 썅년은 낄때안낄때 모르내 ㅋㅋㅋㅋㅋ,- dc official App,After Lap,,Fia 저 썅년은 낄때안낄때 모르내 ㅋㅋㅋㅋㅋ - dc official App,Fia 저 썅년은 낄때안낄때 모르내 ㅋㅋㅋㅋㅋ - dc official App,0.9514477849006653
2024-03-24 14:29:48,사인지 진짜 좆간지나네ㅋㅋㅋ,캬,After Lap,,사인지 진짜 좆간지나네ㅋㅋㅋ 캬,사인지 진짜 좆간지나네ㅋㅋㅋ 캬,0.28738799691200256
2024-03-24 14:29:53,Oh I forgotㅋㅋㅋㅋㅋ,바로 스무스 오퍼레이터 입갤,After Lap,,Oh I forgotㅋㅋㅋㅋㅋ 바로 스무스 오퍼레이터 입갤,Oh I forgotㅋㅋㅋㅋㅋ 바로 스무스 오퍼레이터 입갤,0.5110704302787781
2024-03-24 14:29:53,오늘의 좆된 새끼,사인츠 보내버리고 해물탕 1400억에 영입함ㅋㅋㅋㅋㅋㅋ,After Lap,,오늘의 좆된 새끼 사인츠 보내버리고 해물탕 1400억에 영입함ㅋㅋㅋㅋㅋㅋ,오늘의 좆된 새끼 사인츠 보내버리고 해물탕 1400억에 영입함ㅋㅋㅋㅋㅋㅋ,0.911220133304596
2024-03-24 14:29:56,삐원하고 흥분한 사인츠한테 뺨맞고싶다,ㅠㅠㅠㅠㅠ,After Lap,,삐원하고 흥분한 사인츠한테 뺨맞고싶다 ㅠㅠㅠㅠㅠ,삐원하고 흥분한 사인츠한테 뺨맞고싶다 ㅠㅠㅠㅠㅠ,0.8767233490943909
2024-03-24 14:30:01,페라리 원투를 보내,겜 2시에 하는거로 착각함 ㅅㅂ,After Lap,,페라리 원투를 보내 겜 2시에 하는거로 착각함 ㅅㅂ,페라리 원투를 보내 겜 2시에 하는거로 착각함 ㅅㅂ,0.5846462845802307
2024-03-24 14:30:02,몽골견 소신발언,"솔직히 막가놈 우승도 행복한데
왜 막가놈 없는 레이스가 더 재밌냐 ㅋㅋ
사인츠 우승 ㅊㅊ
황라리의 주말ON ㅋㅋ
Oracle Red Bull Racing RB20",After Lap,,"몽골견 소신발언 솔직히 막가놈 우승도 행복한데
왜 막가놈 없는 레이스가 더 재밌냐 ㅋㅋ
사인츠 우승 ㅊㅊ
황라리의 주말ON ㅋㅋ
Oracle Red Bull Racing RB20",몽골견 소신발언 솔직히 막가놈 우승도 행복한데 왜 막가놈 없는 레이스가 더 재밌냐 ㅋㅋ 사인츠 우승 ㅊㅊ 황라리의 주말ON ㅋㅋ Oracle Red Bull Racing RB20,0.6993775963783264
2024-03-24 14:30:05,티포시게이 승리했다,"출근했어도 데이터 써가면서 풀레이스 다 봤다 ㅋㅋㅋ
- dc official App",After Lap,,"티포시게이 승리했다 출근했어도 데이터 써가면서 풀레이스 다 봤다 ㅋㅋㅋ
- dc official App",티포시게이 승리했다 출근했어도 데이터 써가면서 풀레이스 다 봤다 ㅋㅋㅋ - dc official App,0.14056013524532318
2024-03-24 14:30:11,알론소 쓰로틀 이슈,아직 피트로 못 돌아감,After Lap,,알론소 쓰로틀 이슈 아직 피트로 못 돌아감,알론소 쓰로틀 이슈 아직 피트로 못 돌아감,0.11605807393789291
2024-03-24 14:30:11,오 원조 사인츠 입갤 ㅋㅋㅋㅋㅋ,DnD,After Lap,,오 원조 사인츠 입갤 ㅋㅋㅋㅋㅋ DnD,오 원조 사인츠 입갤 ㅋㅋㅋㅋㅋ DnD,0.2882765531539917
2024-03-24 14:30:19,사인츠 실격 아니냐?,"장갑 들고 무게부터 재야지 ㅋㅋㅋㅋ
장갑 던져버렸노 ㅋ",After Lap,,"사인츠 실격 아니냐? 장갑 들고 무게부터 재야지 ㅋㅋㅋㅋ
장갑 던져버렸노 ㅋ",사인츠 실격 아니냐? 장갑 들고 무게부터 재야지 ㅋㅋㅋㅋ 장갑 던져버렸노 ㅋ,0.8674190044403076
2024-03-24 14:30:19,와 진짜 암만봐도 부자지간이 클론처럼 생김ㅋㅋㅋ,,After Lap,,와 진짜 암만봐도 부자지간이 클론처럼 생김ㅋㅋㅋ ,와 진짜 암만봐도 부자지간이 클론처럼 생김ㅋㅋㅋ,0.28489360213279724
2024-03-24 14:30:21,피아스트리는 걍 좀 돌려주지 근데 ㅋㅋ,애매하노,After Lap,,피아스트리는 걍 좀 돌려주지 근데 ㅋㅋ 애매하노,피아스트리는 걍 좀 돌려주지 근데 ㅋㅋ 애매하노,0.20026247203350067
2024-03-24 14:30:41,몸무게 재는 이유가 머임?,궁금함,After Lap,,몸무게 재는 이유가 머임? 궁금함,몸무게 재는 이유가 머임? 궁금함,0.21281279623508453
2024-03-24 14:30:46,저렇게 어기적 어기적 걸으면서 어케 차몬거노 ㅅㅂ ㅋㅋ,ㅋㅋㅋㅋㅋ ㅇㅅㅇ,After Lap,,저렇게 어기적 어기적 걸으면서 어케 차몬거노 ㅅㅂ ㅋㅋ ㅋㅋㅋㅋㅋ ㅇㅅㅇ,저렇게 어기적 어기적 걸으면서 어케 차몬거노 ㅅㅂ ㅋㅋ ㅋㅋㅋㅋㅋ ㅇㅅㅇ,0.9518229365348816
2024-03-24 14:30:47,페라리는 2022 바레인 이후 2년만에 원투 피니쉬,,After Lap,,페라리는 2022 바레인 이후 2년만에 원투 피니쉬 ,페라리는 2022 바레인 이후 2년만에 원투 피니쉬,0.14733165502548218
2024-03-24 14:30:58,대노다랑 하스는 머임???ㅋㅋㅅㅂ,,After Lap,,대노다랑 하스는 머임???ㅋㅋㅅㅂ ,대노다랑 하스는 머임???ㅋㅋㅅㅂ,0.7931385636329651
2024-03-24 14:30:59,하스 더불포인트네ㅋㅋㅋㅋ,,After Lap,,하스 더불포인트네ㅋㅋㅋㅋ ,하스 더불포인트네ㅋㅋㅋㅋ,0.11879108101129532
2024-03-24 14:31:01,메르세데스 공식 트위터,ㅋㅋ,After Lap,,메르세데스 공식 트위터 ㅋㅋ,메르세데스 공식 트위터 ㅋㅋ,0.15113696455955505
2024-03-24 14:31:04,러셀 존나 아쉽네,포인트 좀 더얻겠다고 똥꼬쇼하다가 훅갔노..,After Lap,,러셀 존나 아쉽네 포인트 좀 더얻겠다고 똥꼬쇼하다가 훅갔노..,러셀 존나 아쉽네 포인트 좀 더얻겠다고 똥꼬쇼하다가 훅갔노..,0.9345508813858032
2024-03-24 14:31:07,잊고있었는데 병신,어차피 하스한테 후장 따여서 둘 다 노폰데 왜 바꿈?,After Lap,,잊고있었는데 병신 어차피 하스한테 후장 따여서 둘 다 노폰데 왜 바꿈?,잊고있었는데 병신 어차피 하스한테 후장 따여서 둘 다 노폰데 왜 바꿈?,0.960445761680603
2024-03-24 14:31:08,알본 배아파 뒤진 ㅋㅋ,,After Lap,,알본 배아파 뒤진 ㅋㅋ ,알본 배아파 뒤진 ㅋㅋ,0.9096440076828003
2024-03-24 14:31:12,러셀 뒷처리 입갤,- dc official App,After Lap,,러셀 뒷처리 입갤 - dc official App,러셀 뒷처리 입갤 - dc official App,0.2449096292257309
2024-03-24 14:31:13,하스 더블포인트 ㅋㅋㅋㅋㅋ,대 하 스,After Lap,,하스 더블포인트 ㅋㅋㅋㅋㅋ 대 하 스,하스 더블포인트 ㅋㅋㅋㅋㅋ 대 하 스,0.09520512819290161
2024-03-24 14:31:14,올려,"어~ 비록 상위권 3명이 리타했지만
형들은 더블 포인트를 해냈어",After Lap,,"올려 어~ 비록 상위권 3명이 리타했지만
형들은 더블 포인트를 해냈어",올려 어~ 비록 상위권 3명이 리타했지만 형들은 더블 포인트를 해냈어,0.21348772943019867
2024-03-24 14:31:14,퍼스트가 뒤지면 1위 하시던,21세기 최고의 윙맨,After Lap,,퍼스트가 뒤지면 1위 하시던 21세기 최고의 윙맨,퍼스트가 뒤지면 1위 하시던 21세기 최고의 윙맨,0.5863612294197083
2024-03-24 14:31:16,근데 3명 리타하니까 귀신같이 11-3등이네 유키,또 당신입니까 11등의 귀신,After Lap,,근데 3명 리타하니까 귀신같이 11-3등이네 유키 또 당신입니까 11등의 귀신,근데 3명 리타하니까 귀신같이 11-3등이네 유키 또 당신입니까 11등의 귀신,0.8648600578308105
2024-03-24 14:31:17,그래도 애마도 성적 나쁘지 않네,"스트롤 잘했다잉
- dc official App",After Lap,,"그래도 애마도 성적 나쁘지 않네 스트롤 잘했다잉
- dc official App",그래도 애마도 성적 나쁘지 않네 스트롤 잘했다잉 - dc official App,0.1713280975818634
2024-03-24 14:31:23,대노다 8위ㅋㅋㅋ,,After Lap,,대노다 8위ㅋㅋㅋ ,대노다 8위ㅋㅋㅋ,0.4553717374801636
2024-03-24 14:31:23,피아스트리 포디움 주지 ㄹㅇ 아쉽네,,After Lap,,피아스트리 포디움 주지 ㄹㅇ 아쉽네 ,피아스트리 포디움 주지 ㄹㅇ 아쉽네,0.11614109575748444
2024-03-24 14:31:24,유키>>>>리치아도르,태평양전쟁의 복수를 여기서 하는구나,After Lap,,유키>>>>리치아도르 태평양전쟁의 복수를 여기서 하는구나,유키>>>>리치아도르 태평양전쟁의 복수를 여기서 하는구나,0.5494105815887451
2024-03-24 14:31:25,러셀 그래도 2랩 뒤진 완주네 ㅋㅋㅋ,ㅇㅇ,After Lap,,러셀 그래도 2랩 뒤진 완주네 ㅋㅋㅋ ㅇㅇ,러셀 그래도 2랩 뒤진 완주네 ㅋㅋㅋ ㅇㅇ,0.7154455780982971
2024-03-24 14:31:30,아니 츠노다랑 리끼아르도 순위 차이 너무한 수준이노,리카도 어쩌다 저렇게 병신된 거냐,After Lap,,아니 츠노다랑 리끼아르도 순위 차이 너무한 수준이노 리카도 어쩌다 저렇게 병신된 거냐,아니 츠노다랑 리끼아르도 순위 차이 너무한 수준이노 리카도 어쩌다 저렇게 병신된 거냐,0.8794427514076233
2024-03-24 14:31:30,군텈ㅋㅋㅋ,,After Lap,,군텈ㅋㅋㅋ ,군텈ㅋㅋㅋ,0.595291793346405
2024-03-24 14:31:33,ㅁㅊㅋㅋㅋㅋㅋㅋㅋㅋㅋㅋㅋ,,After Lap,,ㅁㅊㅋㅋㅋㅋㅋㅋㅋㅋㅋㅋㅋ ,ㅁㅊㅋㅋㅋㅋㅋㅋㅋㅋㅋㅋㅋ,0.869875967502594
2024-03-24 14:31:33,군터 ㅋㅋㅋㅋㅋㅋ,,After Lap,,군터 ㅋㅋㅋㅋㅋㅋ ,군터 ㅋㅋㅋㅋㅋㅋ,0.7741038203239441
2024-03-24 14:31:35,군서 인터뷰 ㅋㅋㅋ시발,"ㅋㅋㅋㅋㅋ
- dc official App",After Lap,,"군서 인터뷰 ㅋㅋㅋ시발 ㅋㅋㅋㅋㅋ
- dc official App",군서 인터뷰 ㅋㅋㅋ시발 ㅋㅋㅋㅋㅋ - dc official App,0.8048582077026367
2024-03-24 14:31:36,군터 뭐야ㅜㅋㅋㅋㅋ,,After Lap,,군터 뭐야ㅜㅋㅋㅋㅋ ,군터 뭐야ㅜㅋㅋㅋㅋ,0.5829355716705322
2024-03-24 14:31:37,군터 인터뷰 입갤 ㅋㅋㅋㅋㅋ,,After Lap,,군터 인터뷰 입갤 ㅋㅋㅋㅋㅋ ,군터 인터뷰 입갤 ㅋㅋㅋㅋㅋ,0.6655717492103577
2024-03-24 14:31:38,군터좌 ㅋ,,After Lap,,군터좌 ㅋ ,군터좌 ㅋ,0.8473345041275024
2024-03-24 14:31:39,귄터 ㅅㅂㅋㅋㅋㅋㅋㅋㅋㅋㅋㅋㅋㅋ,하필 ㅋㅋㅋㅋㅋㅋㅋㅋㅋㅋ,After Lap,,귄터 ㅅㅂㅋㅋㅋㅋㅋㅋㅋㅋㅋㅋㅋㅋ 하필 ㅋㅋㅋㅋㅋㅋㅋㅋㅋㅋ,귄터 ㅅㅂㅋㅋㅋㅋㅋㅋㅋㅋㅋㅋㅋㅋ 하필 ㅋㅋㅋㅋㅋㅋㅋㅋㅋㅋ,0.8641826510429382
2024-03-24 14:31:39,군터 ㅋㅋㅋㅋㅋㅋㅋㅋㅋ,ㅋㅋㅋㅋㅋㅋㅋㅋㅋㅋㅋㅋㅋㅋㅋㅋㅋㅋㅋ,After Lap,,군터 ㅋㅋㅋㅋㅋㅋㅋㅋㅋ ㅋㅋㅋㅋㅋㅋㅋㅋㅋㅋㅋㅋㅋㅋㅋㅋㅋㅋㅋ,군터 ㅋㅋㅋㅋㅋㅋㅋㅋㅋ ㅋㅋㅋㅋㅋㅋㅋㅋㅋㅋㅋㅋㅋㅋㅋㅋㅋㅋㅋ,0.8541969656944275
2024-03-24 14:31:39,군터 씹 ㅋㅋㅋㅋㅋㅋㅋ,ㅋ,After Lap,,군터 씹 ㅋㅋㅋㅋㅋㅋㅋ ㅋ,군터 씹 ㅋㅋㅋㅋㅋㅋㅋ ㅋ,0.9215541481971741
2024-03-24 14:31:39,군터게이 ㅋㅋㅋ,,After Lap,,군터게이 ㅋㅋㅋ ,군터게이 ㅋㅋㅋ,0.9302860498428345
2024-03-24 14:31:40,씹ㅋㅋㅋㅋ,ㅋㅋㅋㅋ,After Lap,,씹ㅋㅋㅋㅋ ㅋㅋㅋㅋ,씹ㅋㅋㅋㅋ ㅋㅋㅋㅋ,0.8769635558128357
2024-03-24 14:31:40,군버지ㅋㅋㅋㅋㅋㅋㅋㅋ,- dc official App,After Lap,,군버지ㅋㅋㅋㅋㅋㅋㅋㅋ - dc official App,군버지ㅋㅋㅋㅋㅋㅋㅋㅋ - dc official App,0.830087423324585
2024-03-24 14:31:40,군터 ㅋㅋㅋㅋㅋㅋㅋㅋㅋㅋㅋㅋㅋㅋㅋ,ㅋㅋㅋㅋㅋㅋㅋㅋㅋㅋㅋㅋㅋㅋㅋㅋㅋㅋ123213,After Lap,,군터 ㅋㅋㅋㅋㅋㅋㅋㅋㅋㅋㅋㅋㅋㅋㅋ ㅋㅋㅋㅋㅋㅋㅋㅋㅋㅋㅋㅋㅋㅋㅋㅋㅋㅋ123213,군터 ㅋㅋㅋㅋㅋㅋㅋㅋㅋㅋㅋㅋㅋㅋㅋ ㅋㅋㅋㅋㅋㅋㅋㅋㅋㅋㅋㅋㅋㅋㅋㅋㅋㅋ123213,0.8555982708930969
2024-03-24 14:31:41,메르세데스 오늘 경기 안뛴이유가 뭐임!?,ㅇㅇ,After Lap,,메르세데스 오늘 경기 안뛴이유가 뭐임!? ㅇㅇ,메르세데스 오늘 경기 안뛴이유가 뭐임!? ㅇㅇ,0.3566882610321045
2024-03-24 14:31:41,군터ㅋㅋㅋ,"ㅋㅋㅋ
Oracle Red Bull Racing RB20",After Lap,,"군터ㅋㅋㅋ ㅋㅋㅋ
Oracle Red Bull Racing RB20",군터ㅋㅋㅋ ㅋㅋㅋ Oracle Red Bull Racing RB20,0.8861085772514343
2024-03-24 14:31:42,군터 씨발 ㅋㅋㅋㅋㅋㅋㅋㅋㅋㅋㅋㅋㅋㅋㅋㅋㅋㅋㅋㅋㅋㅋㅋㅋㅋㅋㅋㅋㅋㅋㅋㅋㅋㅋ,ㅋㅋ,After Lap,,군터 씨발 ㅋㅋㅋㅋㅋㅋㅋㅋㅋㅋㅋㅋㅋㅋㅋㅋㅋㅋㅋㅋㅋㅋㅋㅋㅋㅋㅋㅋㅋㅋㅋㅋㅋㅋ ㅋㅋ,군터 씨발 ㅋㅋㅋㅋㅋㅋㅋㅋㅋㅋㅋㅋㅋㅋㅋㅋㅋㅋㅋㅋㅋㅋㅋㅋㅋㅋㅋㅋㅋㅋㅋㅋㅋㅋ ㅋㅋ,0.923730194568634
2024-03-24 14:31:42,군터 입갤 ㅋㅋㅋㅋㅋㅋㅋㅋㅋ,,After Lap,,군터 입갤 ㅋㅋㅋㅋㅋㅋㅋㅋㅋ ,군터 입갤 ㅋㅋㅋㅋㅋㅋㅋㅋㅋ,0.8351269364356995
2024-03-24 14:31:42,군버지 입갤ㅋㅋ,오ㅋㅋ,After Lap,,군버지 입갤ㅋㅋ 오ㅋㅋ,군버지 입갤ㅋㅋ 오ㅋㅋ,0.8962308764457703
2024-03-24 14:31:43,군터ㅋㅋㅋㅋㅋ,,After Lap,,군터ㅋㅋㅋㅋㅋ ,군터ㅋㅋㅋㅋㅋ,0.784542977809906
2024-03-24 14:31:43,인터뷰어 씹ㅋㅋㅋㅋㅋㅋㅋㅋㅋㅋㅋㅋㅋㅋㅋㅋ,DnD,After Lap,,인터뷰어 씹ㅋㅋㅋㅋㅋㅋㅋㅋㅋㅋㅋㅋㅋㅋㅋㅋ DnD,인터뷰어 씹ㅋㅋㅋㅋㅋㅋㅋㅋㅋㅋㅋㅋㅋㅋㅋㅋ DnD,0.9128466844558716
2024-03-24 14:31:43,권터 시발 뭐노ㅋㅋㅋㅋㅋㅋㅋㅋㅋㅋㅋㅋㅋ,ㅋㅋㅋㅋㅋㅋ,After Lap,,권터 시발 뭐노ㅋㅋㅋㅋㅋㅋㅋㅋㅋㅋㅋㅋㅋ ㅋㅋㅋㅋㅋㅋ,권터 시발 뭐노ㅋㅋㅋㅋㅋㅋㅋㅋㅋㅋㅋㅋㅋ ㅋㅋㅋㅋㅋㅋ,0.9008447527885437
2024-03-24 14:31:43,귄터 오랜만이네 ㅋㅋㅋㅋㅋ,- dc official App,After Lap,,귄터 오랜만이네 ㅋㅋㅋㅋㅋ - dc official App,귄터 오랜만이네 ㅋㅋㅋㅋㅋ - dc official App,0.08494265377521515
2024-03-24 14:31:44,군터 시발ㅋㅋㅋㅋㅋㅋ,ㅋㅋㅋㅋㅋㅋ,After Lap,,군터 시발ㅋㅋㅋㅋㅋㅋ ㅋㅋㅋㅋㅋㅋ,군터 시발ㅋㅋㅋㅋㅋㅋ ㅋㅋㅋㅋㅋㅋ,0.870073676109314
2024-03-24 14:31:44,ㅋㅋㅋㅋㅋㅋㅋㅋㅋㅋㅋㅋㅋ,,After Lap,,ㅋㅋㅋㅋㅋㅋㅋㅋㅋㅋㅋㅋㅋ ,ㅋㅋㅋㅋㅋㅋㅋㅋㅋㅋㅋㅋㅋ,0.6572787165641785
2024-03-24 14:31:45,군버지 ㅋㅋㅋㅋㅋ,,After Lap,,군버지 ㅋㅋㅋㅋㅋ ,군버지 ㅋㅋㅋㅋㅋ,0.9366793632507324
2024-03-24 14:31:45,군터 뭐임 ㅋㅋㅋ,,After Lap,,군터 뭐임 ㅋㅋㅋ ,군터 뭐임 ㅋㅋㅋ,0.5176224112510681
2024-03-24 14:31:45,군터 점마ㅡ머고 ㅋㅋㅋ,"ㅋㅋㅋ
- dc official App",After Lap,,"군터 점마ㅡ머고 ㅋㅋㅋ ㅋㅋㅋ
- dc official App",군터 점마ㅡ머고 ㅋㅋㅋ ㅋㅋㅋ - dc official App,0.8661655187606812
2024-03-24 14:31:45,뽀낑햄 뭐임 ㅋㅋ,,After Lap,,뽀낑햄 뭐임 ㅋㅋ ,뽀낑햄 뭐임 ㅋㅋ,0.193109929561615
2024-03-24 14:31:46,군써 ㅋㅋㅋㅋㅋㅋㅋㅋ,- dc official App,After Lap,,군써 ㅋㅋㅋㅋㅋㅋㅋㅋ - dc official App,군써 ㅋㅋㅋㅋㅋㅋㅋㅋ - dc official App,0.4678579568862915
2024-03-24 14:31:46,군터 이새끼 미쳤노ㅋㅋㅋㅋㅋㅋㅋㅋ,,After Lap,,군터 이새끼 미쳤노ㅋㅋㅋㅋㅋㅋㅋㅋ ,군터 이새끼 미쳤노ㅋㅋㅋㅋㅋㅋㅋㅋ,0.9130274057388306
2024-03-24 14:31:46,군터 인터뷰어 시발 ㅋㅋㅋㅋㅋㅋㅋㅋㅋㅋㅋㅋ,,After Lap,,군터 인터뷰어 시발 ㅋㅋㅋㅋㅋㅋㅋㅋㅋㅋㅋㅋ ,군터 인터뷰어 시발 ㅋㅋㅋㅋㅋㅋㅋㅋㅋㅋㅋㅋ,0.9340711236000061
2024-03-24 14:31:47,뽀킹좌 입갤 머고ㅋㅋㅋㅋㅋ,,After Lap,,뽀킹좌 입갤 머고ㅋㅋㅋㅋㅋ ,뽀킹좌 입갤 머고ㅋㅋㅋㅋㅋ,0.8517383933067322
2024-03-24 14:31:47,러셀 수치플이네 ㅋㅋㅋㅋ,90% 달렸기때매 ㅋㅋㅋㅋㅋㅋ 사고 났는데 순위만 받음 ㅋㅋㅋㅋ,After Lap,,러셀 수치플이네 ㅋㅋㅋㅋ 90% 달렸기때매 ㅋㅋㅋㅋㅋㅋ 사고 났는데 순위만 받음 ㅋㅋㅋㅋ,러셀 수치플이네 ㅋㅋㅋㅋ 90% 달렸기때매 ㅋㅋㅋㅋㅋㅋ 사고 났는데 순위만 받음 ㅋㅋㅋㅋ,0.24394115805625916
2024-03-24 14:31:48,군터ㅋㅋㄲ,ㅁㅊ,After Lap,,군터ㅋㅋㄲ ㅁㅊ,군터ㅋㅋㄲ ㅁㅊ,0.8115395903587341
2024-03-24 14:31:49,아니 갑자기 거기서 나오시면,ㄷㄷ,After Lap,,아니 갑자기 거기서 나오시면 ㄷㄷ,아니 갑자기 거기서 나오시면 ㄷㄷ,0.1049184799194336
2024-03-24 14:31:49,군터 ㅋㅋㅋㅋㅋㅋ,,After Lap,,군터 ㅋㅋㅋㅋㅋㅋ ,군터 ㅋㅋㅋㅋㅋㅋ,0.7741038203239441
2024-03-24 14:31:49,군터햄 뭐임 ㅋㅋㅋㅋㅋㅋㅋㅋㅋㅋㅋ,잘 살고 계시네,After Lap,,군터햄 뭐임 ㅋㅋㅋㅋㅋㅋㅋㅋㅋㅋㅋ 잘 살고 계시네,군터햄 뭐임 ㅋㅋㅋㅋㅋㅋㅋㅋㅋㅋㅋ 잘 살고 계시네,0.38961538672447205
2024-03-24 14:31:50,권터 새 직장 ㅋㅋㅋ,"인터뷰어 ㅋㅋㅋ
- dc official App",After Lap,,"권터 새 직장 ㅋㅋㅋ 인터뷰어 ㅋㅋㅋ
- dc official App",권터 새 직장 ㅋㅋㅋ 인터뷰어 ㅋㅋㅋ - dc official App,0.2372758984565735
2024-03-24 14:31:50,군갈량 ㅅㅂㅋㅋㅋㅋㅋㅋ,아니 감다살이네 F1 ㅋㅋㅋㅋㅋㅋㅋ,After Lap,,군갈량 ㅅㅂㅋㅋㅋㅋㅋㅋ 아니 감다살이네 F1 ㅋㅋㅋㅋㅋㅋㅋ,군갈량 ㅅㅂㅋㅋㅋㅋㅋㅋ 아니 감다살이네 F1 ㅋㅋㅋㅋㅋㅋㅋ,0.92577064037323
2024-03-24 14:31:51,군버지 ㅋㅋㅋㅋㅋㅋ,ㅋㅋㅋㅋㅋㅋㅋ,After Lap,,군버지 ㅋㅋㅋㅋㅋㅋ ㅋㅋㅋㅋㅋㅋㅋ,군버지 ㅋㅋㅋㅋㅋㅋ ㅋㅋㅋㅋㅋㅋㅋ,0.9328292608261108
2024-03-24 14:31:51,fia 일좀 치노 ㅋㅋㅋ,ㅋㅋㅋㅋㅋ,After Lap,,fia 일좀 치노 ㅋㅋㅋ ㅋㅋㅋㅋㅋ,fia 일좀 치노 ㅋㅋㅋ ㅋㅋㅋㅋㅋ,0.6078571677207947
2024-03-24 14:31:51,군터 ㅋㅋㅋㅋ,ㅋㅋ,After Lap,,군터 ㅋㅋㅋㅋ ㅋㅋ,군터 ㅋㅋㅋㅋ ㅋㅋ,0.6963444352149963
2024-03-24 14:31:52,군버지 ㅠㅠ,인터뷰나 하고 있네,After Lap,,군버지 ㅠㅠ 인터뷰나 하고 있네,군버지 ㅠㅠ 인터뷰나 하고 있네,0.7704495787620544
2024-03-24 14:31:52,군버지 ㅈㄴ 반갑노 ㅋㅋㅋㅋㅋㅋㅋㅋㅋ,,After Lap,,군버지 ㅈㄴ 반갑노 ㅋㅋㅋㅋㅋㅋㅋㅋㅋ ,군버지 ㅈㄴ 반갑노 ㅋㅋㅋㅋㅋㅋㅋㅋㅋ,0.8472774624824524
2024-03-24 14:31:53,귄갈량ㅋㅋㅋㅋ,ㅋ,After Lap,,귄갈량ㅋㅋㅋㅋ ㅋ,귄갈량ㅋㅋㅋㅋ ㅋ,0.8231777548789978
2024-03-24 14:31:54,인터뷰하는 아빠ㅠㅠㅠㅠㅠㅠ,ㅠㅠㅠ,After Lap,,인터뷰하는 아빠ㅠㅠㅠㅠㅠㅠ ㅠㅠㅠ,인터뷰하는 아빠ㅠㅠㅠㅠㅠㅠ ㅠㅠㅠ,0.07864242047071457
2024-03-24 14:31:54,군터게이 인터뷰어로 취직했노,ㅋㅋㅋㅋㅋㅋ,After Lap,,군터게이 인터뷰어로 취직했노 ㅋㅋㅋㅋㅋㅋ,군터게이 인터뷰어로 취직했노 ㅋㅋㅋㅋㅋㅋ,0.9555931091308594
2024-03-24 14:31:54,군버지 그립읍니다..,- dc official App,After Lap,,군버지 그립읍니다.. - dc official App,군버지 그립읍니다.. - dc official App,0.7465495467185974
2024-03-24 14:31:54,군터ㅋㅋㅋㅋ,,After Lap,,군터ㅋㅋㅋㅋ ,군터ㅋㅋㅋㅋ,0.7299443483352661
2024-03-24 14:31:58,군텈ㅋㅋㅋㅋㅋㅋㅋㅋㅋ,"ㅋㅋㅋㅋㅋㅋㅋㅋㅋㅋ케
- dc official App",After Lap,,"군텈ㅋㅋㅋㅋㅋㅋㅋㅋㅋ ㅋㅋㅋㅋㅋㅋㅋㅋㅋㅋ케
- dc official App",군텈ㅋㅋㅋㅋㅋㅋㅋㅋㅋ ㅋㅋㅋㅋㅋㅋㅋㅋㅋㅋ케 - dc official App,0.48857975006103516
2024-03-24 14:31:58,군터 ㅋㅋㅋㅋㅋㅋ,"뚝딱이햄도 와서 인터뷰 해줘라ㅏㅏㅏ
- dc official App",After Lap,,"군터 ㅋㅋㅋㅋㅋㅋ 뚝딱이햄도 와서 인터뷰 해줘라ㅏㅏㅏ
- dc official App",군터 ㅋㅋㅋㅋㅋㅋ 뚝딱이햄도 와서 인터뷰 해줘라ㅏㅏㅏ - dc official App,0.7787302136421204
2024-03-24 14:31:58,군터 머노 ㅋㅋㅋㅋㅋ,더블포인트 하스 두명도 인터뷰 하지 ㅋㅋㅋㅋ,After Lap,,군터 머노 ㅋㅋㅋㅋㅋ 더블포인트 하스 두명도 인터뷰 하지 ㅋㅋㅋㅋ,군터 머노 ㅋㅋㅋㅋㅋ 더블포인트 하스 두명도 인터뷰 하지 ㅋㅋㅋㅋ,0.4820176362991333
2024-03-24 14:32:06,사인즈 가는 사람이지만 팀에서 잘해줄듯,잘하자나,After Lap,,사인즈 가는 사람이지만 팀에서 잘해줄듯 잘하자나,사인즈 가는 사람이지만 팀에서 잘해줄듯 잘하자나,0.08164972066879272
2024-03-24 14:32:08,"[속보] 해밀턴, 페라리 대리점 영업직으로 좌천",냉무,After Lap,,"[속보] 해밀턴, 페라리 대리점 영업직으로 좌천 냉무","[속보] 해밀턴, 페라리 대리점 영업직으로 좌천 냉무",0.8002480864524841
2024-03-24 14:32:09,군터가 왜 여기서 나오노ㅋㅋㅋㅋㅋㅋㅋ,"?
- dc official App",After Lap,,"군터가 왜 여기서 나오노ㅋㅋㅋㅋㅋㅋㅋ ?
- dc official App",군터가 왜 여기서 나오노ㅋㅋㅋㅋㅋㅋㅋ ? - dc official App,0.6445737481117249
2024-03-24 14:32:10,귄터군터귄서군서 인터뷰 ㅋㅋㅋㅋ,아 목소리 웃음벨이노 zz,After Lap,,귄터군터귄서군서 인터뷰 ㅋㅋㅋㅋ 아 목소리 웃음벨이노 zz,귄터군터귄서군서 인터뷰 ㅋㅋㅋㅋ 아 목소리 웃음벨이노 zz,0.8753858208656311
2024-03-24 14:32:09,혈막이ㅋㅋㅋㅋㅋㅋㅋㅋㅋㅋㅋㅋㅋㅋ,,After Lap,,혈막이ㅋㅋㅋㅋㅋㅋㅋㅋㅋㅋㅋㅋㅋㅋ ,혈막이ㅋㅋㅋㅋㅋㅋㅋㅋㅋㅋㅋㅋㅋㅋ,0.3990497887134552
2024-03-24 14:32:11,뭐야 두시경기인줄 알았는데 페라리 원투???,맞는거임?,After Lap,,뭐야 두시경기인줄 알았는데 페라리 원투??? 맞는거임?,뭐야 두시경기인줄 알았는데 페라리 원투??? 맞는거임?,0.10889696329832077
2024-03-24 14:32:11,ㅋㅋㅋㅋㅋㅋㅋㅋ,,After Lap,,ㅋㅋㅋㅋㅋㅋㅋㅋ ,ㅋㅋㅋㅋㅋㅋㅋㅋ,0.6340405941009521
2024-03-24 14:32:12,쥬지련 피아제 포디움 막으려고 일부러 저런거아니냐?,영국놈 인성 ㅉㅉ,After Lap,,쥬지련 피아제 포디움 막으려고 일부러 저런거아니냐? 영국놈 인성 ㅉㅉ,쥬지련 피아제 포디움 막으려고 일부러 저런거아니냐? 영국놈 인성 ㅉㅉ,0.9592160582542419
2024-03-24 14:32:14,ㅋㄱㄱㅋㄱㅋㄱㅋㅋ 군터는 엔터테이머가 맞다,ㅆㅂ,After Lap,,ㅋㄱㄱㅋㄱㅋㄱㅋㅋ 군터는 엔터테이머가 맞다 ㅆㅂ,ㅋㄱㄱㅋㄱㅋㄱㅋㅋ 군터는 엔터테이머가 맞다 ㅆㅂ,0.9136806726455688
2024-03-24 14:32:15,끝까지 순수재미 ㅆㅅㅌㅊ,군버지ㅋㅋㅋㅋ,After Lap,,끝까지 순수재미 ㅆㅅㅌㅊ 군버지ㅋㅋㅋㅋ,끝까지 순수재미 ㅆㅅㅌㅊ 군버지ㅋㅋㅋㅋ,0.7612205743789673
2024-03-24 14:32:15,F1 <<< 감다살 시발 ㅋㅋㅋㅋㅋㅋㅋㅋㅋㅋㅋㅋ,군터 인터뷰어는 ㅅㅂ ㅋㅋㅋㅋㅋㅋㅋㅋㅋ,After Lap,,F1 <<< 감다살 시발 ㅋㅋㅋㅋㅋㅋㅋㅋㅋㅋㅋㅋ 군터 인터뷰어는 ㅅㅂ ㅋㅋㅋㅋㅋㅋㅋㅋㅋ,F1 <<< 감다살 시발 ㅋㅋㅋㅋㅋㅋㅋㅋㅋㅋㅋㅋ 군터 인터뷰어는 ㅅㅂ ㅋㅋㅋㅋㅋㅋㅋㅋㅋ,0.8636560440063477
2024-03-24 14:32:16,뽀킹좌 이게 어울릴수도있어,"냉무
- dc official App",After Lap,,"뽀킹좌 이게 어울릴수도있어 냉무
- dc official App",뽀킹좌 이게 어울릴수도있어 냉무 - dc official App,0.26038578152656555
2024-03-24 14:32:17,하스 더블 포인트에 대해 어떻게 생각합니까?,ㅈㄱㄴ,After Lap,,하스 더블 포인트에 대해 어떻게 생각합니까? ㅈㄱㄴ,하스 더블 포인트에 대해 어떻게 생각합니까? ㅈㄱㄴ,0.5104094743728638
2024-03-24 14:32:17,뽀킹 아저씨 요즘 뭐 하는데,백수냐?,After Lap,,뽀킹 아저씨 요즘 뭐 하는데 백수냐?,뽀킹 아저씨 요즘 뭐 하는데 백수냐?,0.9405897259712219
2024-03-24 14:32:18,ㅋㅋㅋㅋㅋㅋㅋㅋㅋㅋㅋㅋㅋㅋㅋㅋㅋㅋㅋㅋㅋㅋㅋㅋㅋㅋㅋㅋㅋㅋㅋㅋㅋㅋㅋㅋㅋㅋㅋ,존나 웃기네ㅋㅋㅋㅋㅋㅋㅋㅋㅋㅋㅋㅋㅋㅋㅋㅋㅋㅋㅋㅋㅋ군터ㅋㅋㅋㅋㅋㅋㅋㅋㅋㅋㅋㅋㅋㅋㅋㅋㅋㅋㅋ,After Lap,,ㅋㅋㅋㅋㅋㅋㅋㅋㅋㅋㅋㅋㅋㅋㅋㅋㅋㅋㅋㅋㅋㅋㅋㅋㅋㅋㅋㅋㅋㅋㅋㅋㅋㅋㅋㅋㅋㅋㅋ 존나 웃기네ㅋㅋㅋㅋㅋㅋㅋㅋㅋㅋㅋㅋㅋㅋㅋㅋㅋㅋㅋㅋㅋ군터ㅋㅋㅋㅋㅋㅋㅋㅋㅋㅋㅋㅋㅋㅋㅋㅋㅋㅋㅋ,ㅋㅋㅋㅋㅋㅋㅋㅋㅋㅋㅋㅋㅋㅋㅋㅋㅋㅋㅋㅋㅋㅋㅋㅋㅋㅋㅋㅋㅋㅋㅋㅋㅋㅋㅋㅋㅋㅋㅋ 존나 웃기네ㅋㅋㅋㅋㅋㅋㅋㅋㅋㅋㅋㅋㅋㅋㅋㅋㅋㅋㅋㅋㅋ군터ㅋㅋㅋㅋㅋㅋㅋㅋㅋㅋㅋㅋㅋㅋㅋㅋㅋㅋㅋ,0.8878912329673767
2024-03-24 14:32:19,귄터 << 감독보다 방송인이 더 어울림,인터뷰 진행은 ㅋㅋㅋㅋㅋㅋ,After Lap,,귄터 << 감독보다 방송인이 더 어울림 인터뷰 진행은 ㅋㅋㅋㅋㅋㅋ,귄터 << 감독보다 방송인이 더 어울림 인터뷰 진행은 ㅋㅋㅋㅋㅋㅋ,0.7679107785224915
2024-03-24 14:32:22,우리 모두 마음속에 페라리의 피는 흐르고있자나?,한잔해,After Lap,,우리 모두 마음속에 페라리의 피는 흐르고있자나? 한잔해,우리 모두 마음속에 페라리의 피는 흐르고있자나? 한잔해,0.8330678939819336
2024-03-24 14:32:22,진짜 끝까지 재미뿐인 경기네ㅋㅋㅋㅋㅋㅋㅋ,ㅅㅂ 군터가 나올줄은ㅋㅋㅋㅋㅋㅋㅋㅋ,After Lap,,진짜 끝까지 재미뿐인 경기네ㅋㅋㅋㅋㅋㅋㅋ ㅅㅂ 군터가 나올줄은ㅋㅋㅋㅋㅋㅋㅋㅋ,진짜 끝까지 재미뿐인 경기네ㅋㅋㅋㅋㅋㅋㅋ ㅅㅂ 군터가 나올줄은ㅋㅋㅋㅋㅋㅋㅋㅋ,0.24207858741283417
2024-03-24 14:32:25,근데 알본은 어캐되는거냐,"미국GP때 GUN법 당하냐?
- dc official App",After Lap,,"근데 알본은 어캐되는거냐 미국GP때 GUN법 당하냐?
- dc official App",근데 알본은 어캐되는거냐 미국GP때 GUN법 당하냐? - dc official App,0.3255762457847595
2024-03-24 14:32:26,군터 귄터 건서 건thㅓ 뭐가 맞냐,ㅇ?,After Lap,,군터 귄터 건서 건thㅓ 뭐가 맞냐 ㅇ?,군터 귄터 건서 건thㅓ 뭐가 맞냐 ㅇ?,0.6469867825508118
2024-03-24 14:32:27,이제일어나서 못봤노,"인스타보고앎
- dc official App",After Lap,,"이제일어나서 못봤노 인스타보고앎
- dc official App",이제일어나서 못봤노 인스타보고앎 - dc official App,0.15727482736110687
2024-03-24 14:32:28,영국인 2명이 호주인의 꿈을 깨버렸다,아 ㅡㅡ,After Lap,,영국인 2명이 호주인의 꿈을 깨버렸다 아 ㅡㅡ,영국인 2명이 호주인의 꿈을 깨버렸다 아 ㅡㅡ,0.6077596545219421
2024-03-24 14:32:33,페라리의 시대가 올까요?,"아 오지요 100%오지요.
그거는 반드시 올 수 밖에 없을 것 같아요.
근데 그런 시대가 오면 나는 없을 것 같아요..",After Lap,,"페라리의 시대가 올까요? 아 오지요 100%오지요.
그거는 반드시 올 수 밖에 없을 것 같아요.
근데 그런 시대가 오면 나는 없을 것 같아요..",페라리의 시대가 올까요? 아 오지요 100%오지요. 그거는 반드시 올 수 밖에 없을 것 같아요. 근데 그런 시대가 오면 나는 없을 것 같아요..,0.12355833500623703
2024-03-24 14:32:34,작년에 페라리 컨셉 바꾼다 해서 기대 안했는데,폼 미쳤네 ㄹㅇ,After Lap,,작년에 페라리 컨셉 바꾼다 해서 기대 안했는데 폼 미쳤네 ㄹㅇ,작년에 페라리 컨셉 바꾼다 해서 기대 안했는데 폼 미쳤네 ㄹㅇ,0.08664802461862564
2024-03-24 14:32:34,독일쪽 중계팀에 갔다는데,"인터뷰도 하러 나오고
가끔씩 보니 좋구만",After Lap,,"독일쪽 중계팀에 갔다는데 인터뷰도 하러 나오고
가끔씩 보니 좋구만",독일쪽 중계팀에 갔다는데 인터뷰도 하러 나오고 가끔씩 보니 좋구만,0.07679001241922379
2024-03-24 14:32:41,아 시발 2시부터인 줄 ㅡㅡ,개시발 뭐니,After Lap,,아 시발 2시부터인 줄 ㅡㅡ 개시발 뭐니,아 시발 2시부터인 줄 ㅡㅡ 개시발 뭐니,0.8020913004875183
2024-03-24 14:32:43,F1보면서 막 딱히 응원하는 팀은 없는데,그냥 주말 예능 보는 감성으로 보는게 N년쨰노ㅋㅋㅋ,After Lap,,F1보면서 막 딱히 응원하는 팀은 없는데 그냥 주말 예능 보는 감성으로 보는게 N년쨰노ㅋㅋㅋ,F1보면서 막 딱히 응원하는 팀은 없는데 그냥 주말 예능 보는 감성으로 보는게 N년쨰노ㅋㅋㅋ,0.44106659293174744
2024-03-24 14:32:45,군터 깜짝등장ㅋㅋㅋㅋㅋㅋㅋ,ㅋㅋㅋㅋ,After Lap,,군터 깜짝등장ㅋㅋㅋㅋㅋㅋㅋ ㅋㅋㅋㅋ,군터 깜짝등장ㅋㅋㅋㅋㅋㅋㅋ ㅋㅋㅋㅋ,0.6854168772697449
2024-03-24 14:32:36,F1 공지채널 근황 ㅋㅋㅋㅋㅋㅋㅋㅋ,"화나요단 사실상 멸종 ㅋㅋㅋㅋㅋㅋㅋ
(어제 퀄리파잉)",After Lap,,"F1 공지채널 근황 ㅋㅋㅋㅋㅋㅋㅋㅋ 화나요단 사실상 멸종 ㅋㅋㅋㅋㅋㅋㅋ
(어제 퀄리파잉)",F1 공지채널 근황 ㅋㅋㅋㅋㅋㅋㅋㅋ 화나요단 사실상 멸종 ㅋㅋㅋㅋㅋㅋㅋ (어제 퀄리파잉),0.41102737188339233
2024-03-24 14:32:47,호주 그랑프리 포디움,대 인 츠,After Lap,,호주 그랑프리 포디움 대 인 츠,호주 그랑프리 포디움 대 인 츠,0.08176955580711365
2024-03-24 14:32:47,근데 권터 인터뷰어가 더 어울림ㅋㅋㅋㅋㅋ,ㅋㅋㅋ,After Lap,,근데 권터 인터뷰어가 더 어울림ㅋㅋㅋㅋㅋ ㅋㅋㅋ,근데 권터 인터뷰어가 더 어울림ㅋㅋㅋㅋㅋ ㅋㅋㅋ,0.19227786362171173
2024-03-24 14:32:48,F1 개재미있네 ㅋㅋㅋㅋ,"싱가폴 이어서 2번째로 재미있는듯 ㅋㅋㅋ
- dc official App",After Lap,,"F1 개재미있네 ㅋㅋㅋㅋ 싱가폴 이어서 2번째로 재미있는듯 ㅋㅋㅋ
- dc official App",F1 개재미있네 ㅋㅋㅋㅋ 싱가폴 이어서 2번째로 재미있는듯 ㅋㅋㅋ - dc official App,0.06165233254432678
2024-03-24 14:32:50,티순이 오열ㅋㅋㅋㅋㅋ,,After Lap,,티순이 오열ㅋㅋㅋㅋㅋ ,티순이 오열ㅋㅋㅋㅋㅋ,0.8785624504089355
2024-03-24 14:32:51,개추를 부르는 짤,어 형이야,After Lap,,개추를 부르는 짤 어 형이야,개추를 부르는 짤 어 형이야,0.7209115028381348
2024-03-24 14:32:47,페라리 광대가 인상깊어서 쪄왔습니다,Forza Ferrari!!,After Lap,,페라리 광대가 인상깊어서 쪄왔습니다 Forza Ferrari!!,페라리 광대가 인상깊어서 쪄왔습니다 Forza Ferrari!!,0.7397364974021912
2024-03-24 14:32:58,막스는 리타하고 르끌은 2위고,"에잉 쯧
- dc official App",After Lap,,"막스는 리타하고 르끌은 2위고 에잉 쯧
- dc official App",막스는 리타하고 르끌은 2위고 에잉 쯧 - dc official App,0.6293104887008667
2024-03-24 14:33:01,사인츠 어디가요 그럼 ?,"해밀턴 내년 페라리 가면 쫓겨남 그냥 ?
- dc official App",After Lap,,"사인츠 어디가요 그럼 ? 해밀턴 내년 페라리 가면 쫓겨남 그냥 ?
- dc official App",사인츠 어디가요 그럼 ? 해밀턴 내년 페라리 가면 쫓겨남 그냥 ? - dc official App,0.17881593108177185
2024-03-24 14:32:58,방금 아파트에서 사람이 죽었다...,"방금 우리 아파트에서 사람 죽었다.
그건 바로 나약했던 이번 시즌의 '나'
나약했던 나는 오늘 죽었다
내일부터 새로운 '티포시'로써 다시 태어난다.
중계할 땐 중계 하고, 쉴 땐 화끈하게 쉬어 주며
엪갤에서 악플이 달려도 감정에 동요되지 않는
붉은인간 티포시로 다시 태어 날 것이다.
​
​오늘, 우리 아파트에서 사람이 죽었다.​",After Lap,,"방금 아파트에서 사람이 죽었다... 방금 우리 아파트에서 사람 죽었다.
그건 바로 나약했던 이번 시즌의 '나'
나약했던 나는 오늘 죽었다
내일부터 새로운 '티포시'로써 다시 태어난다.
중계할 땐 중계 하고, 쉴 땐 화끈하게 쉬어 주며
엪갤에서 악플이 달려도 감정에 동요되지 않는
붉은인간 티포시로 다시 태어 날 것이다.
​
​오늘, 우리 아파트에서 사람이 죽었다.​","방금 아파트에서 사람이 죽었다... 방금 우리 아파트에서 사람 죽었다. 그건 바로 나약했던 이번 시즌의 '나' 나약했던 나는 오늘 죽었다 내일부터 새로운 '티포시'로써 다시 태어난다. 중계할 땐 중계 하고, 쉴 땐 화끈하게 쉬어 주며 엪갤에서 악플이 달려도 감정에 동요되지 않는 붉은인간 티포시로 다시 태어 날 것이다. ​ ​오늘, 우리 아파트에서 사람이 죽었다.​",0.600577712059021
2024-03-24 14:33:06,니네도 미리 맹장떼라 ㅋㅋㅋㅋㅋㅋㅋㅋㅋㅋ,ㅋㅋㅋㅋㅋㅋㅋㅋㅋㅋㅋㅋㅋㅋㅋ,After Lap,,니네도 미리 맹장떼라 ㅋㅋㅋㅋㅋㅋㅋㅋㅋㅋ ㅋㅋㅋㅋㅋㅋㅋㅋㅋㅋㅋㅋㅋㅋㅋ,니네도 미리 맹장떼라 ㅋㅋㅋㅋㅋㅋㅋㅋㅋㅋ ㅋㅋㅋㅋㅋㅋㅋㅋㅋㅋㅋㅋㅋㅋㅋ,0.9476065039634705
2024-03-24 14:33:05,맹장수술권유 ㅋㅋㅋㅋㅋㅋ,- dc official App,After Lap,,맹장수술권유 ㅋㅋㅋㅋㅋㅋ - dc official App,맹장수술권유 ㅋㅋㅋㅋㅋㅋ - dc official App,0.30541011691093445
2024-03-24 14:33:06,맹장수슬 츄라이 츄라이 ㅋㅋ,,After Lap,,맹장수슬 츄라이 츄라이 ㅋㅋ ,맹장수슬 츄라이 츄라이 ㅋㅋ,0.6073790192604065
2024-03-24 14:33:11,F1 최고의 락스타 군터 ㅋㅋㅋㅋㅋㅋ,어떻게 군터를 데려올 생각을 했냐 ㅋㅋㅋㅋㅋㅋㅋㅋㅋ,After Lap,,F1 최고의 락스타 군터 ㅋㅋㅋㅋㅋㅋ 어떻게 군터를 데려올 생각을 했냐 ㅋㅋㅋㅋㅋㅋㅋㅋㅋ,F1 최고의 락스타 군터 ㅋㅋㅋㅋㅋㅋ 어떻게 군터를 데려올 생각을 했냐 ㅋㅋㅋㅋㅋㅋㅋㅋㅋ,0.6646024584770203
2024-03-24 14:33:18,오콘 이새끼 올해가 끝이냐?,개못하네 진짜 ㅋㅋ,After Lap,,오콘 이새끼 올해가 끝이냐? 개못하네 진짜 ㅋㅋ,오콘 이새끼 올해가 끝이냐? 개못하네 진짜 ㅋㅋ,0.9496923685073853
2024-03-24 14:33:18,충수 경량화 ㅋㅋㅋㅋ,"수술 추천 ㅋㅋㅋ
- dc official App",After Lap,,"충수 경량화 ㅋㅋㅋㅋ 수술 추천 ㅋㅋㅋ
- dc official App",충수 경량화 ㅋㅋㅋㅋ 수술 추천 ㅋㅋㅋ - dc official App,0.31540176272392273
2024-03-24 14:33:20,귄터는 왜 이게 더 잘어울리냐 ㅋㅋㅋㅋㅋㅋ,"ㅋㅋㅋㅋㅋㅋㅋㅋ
걍 마이크 잡는거 본업으로 삼자 ㅋㅋㅋㅋ",After Lap,,"귄터는 왜 이게 더 잘어울리냐 ㅋㅋㅋㅋㅋㅋ ㅋㅋㅋㅋㅋㅋㅋㅋ
걍 마이크 잡는거 본업으로 삼자 ㅋㅋㅋㅋ",귄터는 왜 이게 더 잘어울리냐 ㅋㅋㅋㅋㅋㅋ ㅋㅋㅋㅋㅋㅋㅋㅋ 걍 마이크 잡는거 본업으로 삼자 ㅋㅋㅋㅋ,0.7599354386329651
2024-03-24 14:33:29,???: 인터뷰??,뽀킹 인터레스띵,After Lap,,???: 인터뷰?? 뽀킹 인터레스띵,???: 인터뷰?? 뽀킹 인터레스띵,0.5156170725822449
2024-03-24 14:33:30,사인지: 맹장 수술 미리미리 해라 ㅅㅂ ㅋㅋㅋㅋㅋ,ㅋㅋㅋㅋㅋㅋㅋㅋㅋ,After Lap,,사인지: 맹장 수술 미리미리 해라 ㅅㅂ ㅋㅋㅋㅋㅋ ㅋㅋㅋㅋㅋㅋㅋㅋㅋ,사인지: 맹장 수술 미리미리 해라 ㅅㅂ ㅋㅋㅋㅋㅋ ㅋㅋㅋㅋㅋㅋㅋㅋㅋ,0.8707214593887329
2024-03-24 14:33:29,???: 모든 드라이버는 맹장 경량화를 진행하여야한다,"ㅋㅋㅋㅋㅋ
- dc official App",After Lap,,"???: 모든 드라이버는 맹장 경량화를 진행하여야한다 ㅋㅋㅋㅋㅋ
- dc official App",???: 모든 드라이버는 맹장 경량화를 진행하여야한다 ㅋㅋㅋㅋㅋ - dc official App,0.44592028856277466
2024-03-24 14:33:32,사인츠 맹장은 도대체 얼마나 무거웠던거냐,"경량화 지리네
- dc official App",After Lap,,"사인츠 맹장은 도대체 얼마나 무거웠던거냐 경량화 지리네
- dc official App",사인츠 맹장은 도대체 얼마나 무거웠던거냐 경량화 지리네 - dc official App,0.1988591104745865
2024-03-24 14:33:34,황라리라면 좆물탕 계약 파기도 불사할지도 모름,사인즈 르끌 둘이서 계속 이렇게 해주면 좆물탕 잡아 올 이유가 전혀없을듯,After Lap,,황라리라면 좆물탕 계약 파기도 불사할지도 모름 사인즈 르끌 둘이서 계속 이렇게 해주면 좆물탕 잡아 올 이유가 전혀없을듯,황라리라면 좆물탕 계약 파기도 불사할지도 모름 사인즈 르끌 둘이서 계속 이렇게 해주면 좆물탕 잡아 올 이유가 전혀없을듯,0.9485466480255127
2024-03-24 14:33:34,지금 갈드컵 열려는 르장연 사인츠견특),"물탕견임 ㅋ
애초에 원투인데 쳐 싸우겠노? ㅋㅋㅋㅋㅋㅋㅋㅋㅋㅋㅋㅋㅋㅋㅋㅋㅋ",After Lap,,"지금 갈드컵 열려는 르장연 사인츠견특) 물탕견임 ㅋ
애초에 원투인데 쳐 싸우겠노? ㅋㅋㅋㅋㅋㅋㅋㅋㅋㅋㅋㅋㅋㅋㅋㅋㅋ",지금 갈드컵 열려는 르장연 사인츠견특) 물탕견임 ㅋ 애초에 원투인데 쳐 싸우겠노? ㅋㅋㅋㅋㅋㅋㅋㅋㅋㅋㅋㅋㅋㅋㅋㅋㅋ,0.9453161358833313
2024-03-24 14:33:36,뽀킹아조씨 목소리 ㄹㅇ 웃음벨이네 ㅋㅋㅋ,아조씨는 복귀하지말고 거기서 행복하세요 ㅋㅋ,After Lap,,뽀킹아조씨 목소리 ㄹㅇ 웃음벨이네 ㅋㅋㅋ 아조씨는 복귀하지말고 거기서 행복하세요 ㅋㅋ,뽀킹아조씨 목소리 ㄹㅇ 웃음벨이네 ㅋㅋㅋ 아조씨는 복귀하지말고 거기서 행복하세요 ㅋㅋ,0.9332842230796814
2024-03-24 14:33:37,아니 뭐야 하스 군터 나가고 그자리 일본인들어옴?,일본게이 무슨 이력있는사람이지?,After Lap,,아니 뭐야 하스 군터 나가고 그자리 일본인들어옴? 일본게이 무슨 이력있는사람이지?,아니 뭐야 하스 군터 나가고 그자리 일본인들어옴? 일본게이 무슨 이력있는사람이지?,0.821127712726593
2024-03-24 14:33:40,??? : 잘했다 사인즈,그래 그거면 된거야,After Lap,,??? : 잘했다 사인즈 그래 그거면 된거야,??? : 잘했다 사인즈 그래 그거면 된거야,0.13569891452789307
2024-03-24 14:33:44,사인츠 버리고 해밀턴 영입 ㅋㅋㅋㅋㅋㅋㅋㅋㅋㅋㅋㅋㅋㅋㅋㅋㅋㅋㅋㅋ,ㅋㅋㅋㅋㅋㅋㅋㅋㅋㅋㅋㅋㅋㅋㅋㅋㅋㅋㅋㅋㅋㅋㅋㅋㅋㅋㅋㅋㅋㅋㅋㅋㅋ,After Lap,,사인츠 버리고 해밀턴 영입 ㅋㅋㅋㅋㅋㅋㅋㅋㅋㅋㅋㅋㅋㅋㅋㅋㅋㅋㅋㅋ ㅋㅋㅋㅋㅋㅋㅋㅋㅋㅋㅋㅋㅋㅋㅋㅋㅋㅋㅋㅋㅋㅋㅋㅋㅋㅋㅋㅋㅋㅋㅋㅋㅋ,사인츠 버리고 해밀턴 영입 ㅋㅋㅋㅋㅋㅋㅋㅋㅋㅋㅋㅋㅋㅋㅋㅋㅋㅋㅋㅋ ㅋㅋㅋㅋㅋㅋㅋㅋㅋㅋㅋㅋㅋㅋㅋㅋㅋㅋㅋㅋㅋㅋㅋㅋㅋㅋㅋㅋㅋㅋㅋㅋㅋ,0.6703655123710632
2024-03-24 14:34:02,피아제만 들어왔으면 완벽했는데 아쉽노 ㅋㅋㅋㅋㅋ,노짱 그래도 괜찮지요?,After Lap,,피아제만 들어왔으면 완벽했는데 아쉽노 ㅋㅋㅋㅋㅋ 노짱 그래도 괜찮지요?,피아제만 들어왔으면 완벽했는데 아쉽노 ㅋㅋㅋㅋㅋ 노짱 그래도 괜찮지요?,0.8936673402786255
2024-03-24 14:34:08,ㅋㅋㅋㅋㅋ 티포시들 화력 미침 ㅋㅋㅋㅋㅋ,개추 201개 돌파 ㅋㅋㅋㅋㅋ,After Lap,,ㅋㅋㅋㅋㅋ 티포시들 화력 미침 ㅋㅋㅋㅋㅋ 개추 201개 돌파 ㅋㅋㅋㅋㅋ,ㅋㅋㅋㅋㅋ 티포시들 화력 미침 ㅋㅋㅋㅋㅋ 개추 201개 돌파 ㅋㅋㅋㅋㅋ,0.8585496544837952
2024-03-24 14:34:09,레드불은 병신쳐내고 사인츠 모셔와라,레드불타고 6그리드 출발에 5위딱은 시발 막스 리타라 순위 그대로잖아,After Lap,,레드불은 병신쳐내고 사인츠 모셔와라 레드불타고 6그리드 출발에 5위딱은 시발 막스 리타라 순위 그대로잖아,레드불은 병신쳐내고 사인츠 모셔와라 레드불타고 6그리드 출발에 5위딱은 시발 막스 리타라 순위 그대로잖아,0.8325854539871216
2024-03-24 14:34:10,저런 사인츠 버리고 해물탕을 가져온다고?,당장 계약서 불태워라ㅋㅋㅋㅋㅋㅋㅋㅋ,After Lap,,저런 사인츠 버리고 해물탕을 가져온다고? 당장 계약서 불태워라ㅋㅋㅋㅋㅋㅋㅋㅋ,저런 사인츠 버리고 해물탕을 가져온다고? 당장 계약서 불태워라ㅋㅋㅋㅋㅋㅋㅋㅋ,0.8985279202461243
2024-03-24 14:34:13,올만에 보는데 왜 하스 감독이 인터뷰함?,짤림?,After Lap,,올만에 보는데 왜 하스 감독이 인터뷰함? 짤림?,올만에 보는데 왜 하스 감독이 인터뷰함? 짤림?,0.19565929472446442
2024-03-24 14:34:13,귄터 왤케 행복해보이냐,내가 본 뽀킹좌 중에 제일 행복해보임ㅋㅋㅋㅋㅋㅋㅋ,After Lap,,귄터 왤케 행복해보이냐 내가 본 뽀킹좌 중에 제일 행복해보임ㅋㅋㅋㅋㅋㅋㅋ,귄터 왤케 행복해보이냐 내가 본 뽀킹좌 중에 제일 행복해보임ㅋㅋㅋㅋㅋㅋㅋ,0.09483466297388077
2024-03-24 14:34:39,??? : 나처럼 하고 싶어??,미리 떼,After Lap,,??? : 나처럼 하고 싶어?? 미리 떼,??? : 나처럼 하고 싶어?? 미리 떼,0.8936653733253479
2024-03-24 14:34:39,사인츠 우승할때마다 꼴아박는 새끼,"22 영국
23 싱가폴
24 호주",After Lap,,"사인츠 우승할때마다 꼴아박는 새끼 22 영국
23 싱가폴
24 호주",사인츠 우승할때마다 꼴아박는 새끼 22 영국 23 싱가폴 24 호주,0.9218690991401672
2024-03-24 14:34:42,티포시 병신들아 뭘 쪼게냐,페라리 한명 리타이어했는데,After Lap,,티포시 병신들아 뭘 쪼게냐 페라리 한명 리타이어했는데,티포시 병신들아 뭘 쪼게냐 페라리 한명 리타이어했는데,0.924272358417511
2024-03-24 14:35:00,아보카도 <<--- 추한짓 그만하고 은퇴해야하면 개추,양심 있으면 정치질 그만하고 로슨한테 자리 넘겨라,After Lap,,아보카도 <<--- 추한짓 그만하고 은퇴해야하면 개추 양심 있으면 정치질 그만하고 로슨한테 자리 넘겨라,아보카도 <<--- 추한짓 그만하고 은퇴해야하면 개추 양심 있으면 정치질 그만하고 로슨한테 자리 넘겨라,0.9522980451583862
2024-03-24 14:35:00,신,"대인츠
- dc official App",After Lap,,"신 대인츠
- dc official App",신 대인츠 - dc official App,0.09779585152864456
2024-03-24 14:35:02,방금 아파트에서 사람 죽었다..,"​시발 더블 DNF???
컨챔 5위????
이게 말이 되냐???
자살하러간다...",After Lap,,"방금 아파트에서 사람 죽었다.. ​시발 더블 DNF???
컨챔 5위????
이게 말이 되냐???
자살하러간다...",방금 아파트에서 사람 죽었다.. ​시발 더블 DNF??? 컨챔 5위???? 이게 말이 되냐??? 자살하러간다...,0.8660964965820312
2024-03-24 14:35:02,맹장염 걸리는법 …,음…,After Lap,,맹장염 걸리는법 … 음…,맹장염 걸리는법 … 음…,0.22497928142547607
2024-03-24 14:35:11,충수염수술필요한새끼<<<,페라리 가면 나도 시켜주냐?,After Lap,,충수염수술필요한새끼<<< 페라리 가면 나도 시켜주냐?,충수염수술필요한새끼<<< 페라리 가면 나도 시켜주냐?,0.9245992302894592
2024-03-24 14:35:19,스즈카 말고 호주 갈 걸,아 ㅋㅋㅋ,After Lap,,스즈카 말고 호주 갈 걸 아 ㅋㅋㅋ,스즈카 말고 호주 갈 걸 아 ㅋㅋㅋ,0.5052896738052368
2024-03-24 14:35:21,아 시ㅡ발 바레인 제다 보고 오늘 못봤는데,하필 오늘이냐,After Lap,,아 시ㅡ발 바레인 제다 보고 오늘 못봤는데 하필 오늘이냐,아 시ㅡ발 바레인 제다 보고 오늘 못봤는데 하필 오늘이냐,0.7100974321365356
2024-03-24 14:35:20,하 씨발 못참겠어서 선언한다,"페라리 컨스트럭터 우승선언한다
- dc official App",After Lap,,"하 씨발 못참겠어서 선언한다 페라리 컨스트럭터 우승선언한다
- dc official App",하 씨발 못참겠어서 선언한다 페라리 컨스트럭터 우승선언한다 - dc official App,0.7034319043159485
2024-03-24 14:35:24,이게 페라리 더블피니쉬네,와 라이브로 본건 오랜만인데 ㄹㅇ 전개 좆된다,After Lap,,이게 페라리 더블피니쉬네 와 라이브로 본건 오랜만인데 ㄹㅇ 전개 좆된다,이게 페라리 더블피니쉬네 와 라이브로 본건 오랜만인데 ㄹㅇ 전개 좆된다,0.0932515561580658
2024-03-24 14:35:26,메르 레ㅋㅋ이스 결ㅋㅋㅋ과ㅋㅋㅋㅋ,,After Lap,,메르 레ㅋㅋ이스 결ㅋㅋㅋ과ㅋㅋㅋㅋ ,메르 레ㅋㅋ이스 결ㅋㅋㅋ과ㅋㅋㅋㅋ,0.6874854564666748
2024-03-24 14:35:26,귄터 예전에 넷플에서 방송인 할 것 같다고 한걸로 기억하는데,근데 진짜 감독보다 마이크 잡는 게 더 어울리네 ㅋㅋㅋㅋㅋ,After Lap,,귄터 예전에 넷플에서 방송인 할 것 같다고 한걸로 기억하는데 근데 진짜 감독보다 마이크 잡는 게 더 어울리네 ㅋㅋㅋㅋㅋ,귄터 예전에 넷플에서 방송인 할 것 같다고 한걸로 기억하는데 근데 진짜 감독보다 마이크 잡는 게 더 어울리네 ㅋㅋㅋㅋㅋ,0.15055087208747864
2024-03-24 14:35:27,❗+❗+❗+❗+❗+❗+❗+❗+❗+❗+❗+❗+,"""        """,After Lap,,"❗+❗+❗+❗+❗+❗+❗+❗+❗+❗+❗+❗+ ""        ""","❗+❗+❗+❗+❗+❗+❗+❗+❗+❗+❗+❗+ "" """,0.6648103594779968
2024-03-24 14:35:33,르끌: ?,,After Lap,,르끌: ? ,르끌: ?,0.6827307939529419
2024-03-24 14:35:37,○ 실시간 연전연패,,After Lap,,○ 실시간 연전연패 ,○ 실시간 연전연패,0.43589261174201965
2024-03-24 14:35:38,페라리의 미래가 밝구나!,"뭣
- dc official App",After Lap,,"페라리의 미래가 밝구나! 뭣
- dc official App",페라리의 미래가 밝구나! 뭣 - dc official App,0.21877546608448029
2024-03-24 14:35:41,오늘 웃음 종합세트,일요일 하루가 안아깝다,After Lap,,오늘 웃음 종합세트 일요일 하루가 안아깝다,오늘 웃음 종합세트 일요일 하루가 안아깝다,0.07875779271125793
2024-03-24 14:35:43,ㅋㅋㅋㅋㅋㅋㅋ,,After Lap,,ㅋㅋㅋㅋㅋㅋㅋ ,ㅋㅋㅋㅋㅋㅋㅋ,0.7165383696556091
2024-03-24 14:35:47,그러고보니 사인츠 우승 = 쥬지 리타네,"22 실버스톤
23 싱가포르
24 호주
다 쥬지 리타함",After Lap,,"그러고보니 사인츠 우승 = 쥬지 리타네 22 실버스톤
23 싱가포르
24 호주
다 쥬지 리타함",그러고보니 사인츠 우승 = 쥬지 리타네 22 실버스톤 23 싱가포르 24 호주 다 쥬지 리타함,0.5516118407249451
2024-03-24 14:35:48,군터가 경기 운영을 잘못한거 아닌가,군터 나가고 하스 잘되는 느낌이노,After Lap,,군터가 경기 운영을 잘못한거 아닌가 군터 나가고 하스 잘되는 느낌이노,군터가 경기 운영을 잘못한거 아닌가 군터 나가고 하스 잘되는 느낌이노,0.40422651171684265
2024-03-24 14:35:48,3챔 막스 베르스타펜을 제압한 사나이,암튼 이김,After Lap,,3챔 막스 베르스타펜을 제압한 사나이 암튼 이김,3챔 막스 베르스타펜을 제압한 사나이 암튼 이김,0.13250815868377686
2024-03-24 14:35:52,러셀은 매번 중요한 순간마다 꼴아박는 것 같아,작년 싱가폴도 그렇고,After Lap,,러셀은 매번 중요한 순간마다 꼴아박는 것 같아 작년 싱가폴도 그렇고,러셀은 매번 중요한 순간마다 꼴아박는 것 같아 작년 싱가폴도 그렇고,0.7618619799613953
2024-03-24 14:35:56,르끌 못알아먹은거 개웃기네 ㅋㅋㅋㅋ,띠용? 해버리노 ㅋㅋ,After Lap,,르끌 못알아먹은거 개웃기네 ㅋㅋㅋㅋ 띠용? 해버리노 ㅋㅋ,르끌 못알아먹은거 개웃기네 ㅋㅋㅋㅋ 띠용? 해버리노 ㅋㅋ,0.8899412751197815
2024-03-24 14:35:54,르끌 질문 못알아들음ㅋㅋㅋㅋㅋㅋㅋㅋㅋㅋㅋㅋㅋ,"?
Mclaren F1 team 2007~",After Lap,,"르끌 질문 못알아들음ㅋㅋㅋㅋㅋㅋㅋㅋㅋㅋㅋㅋㅋ ?
Mclaren F1 team 2007~",르끌 질문 못알아들음ㅋㅋㅋㅋㅋㅋㅋㅋㅋㅋㅋㅋㅋ ? Mclaren F1 team 2007~,0.5355204343795776
2024-03-24 14:35:58,맹장 충수제거술<<르끌이 해야할것,,After Lap,,맹장 충수제거술<<르끌이 해야할것 ,맹장 충수제거술<<르끌이 해야할것,0.26380977034568787
2024-03-24 14:36:00,개같이 짤려야될 애들,"리카도
쥬지
자우버 핏크루
드라이버들 맹장",After Lap,,"개같이 짤려야될 애들 리카도
쥬지
자우버 핏크루
드라이버들 맹장",개같이 짤려야될 애들 리카도 쥬지 자우버 핏크루 드라이버들 맹장,0.9557451009750366
2024-03-24 14:36:11,올려야겠지?,"대 라 리
- dc official App",After Lap,,"올려야겠지? 대 라 리
- dc official App",올려야겠지? 대 라 리 - dc official App,0.23562058806419373
2024-03-24 14:36:11,사인츠 르끌 이대로 가야되는데,해물탕 버리자 제발…,After Lap,,사인츠 르끌 이대로 가야되는데 해물탕 버리자 제발…,사인츠 르끌 이대로 가야되는데 해물탕 버리자 제발…,0.48433569073677063
2024-03-24 14:36:13,못참겠어서 선언합니다,"2024 FORMULA 1 CONSTUCTORS CHAMPIONS
SCUDERIA FERRARI",After Lap,,"못참겠어서 선언합니다 2024 FORMULA 1 CONSTUCTORS CHAMPIONS
SCUDERIA FERRARI",못참겠어서 선언합니다 2024 FORMULA 1 CONSTUCTORS CHAMPIONS SCUDERIA FERRARI,0.4286675453186035
2024-03-24 14:36:20,군터 말 못알아듣노 ㅋㅋㅋㅋㅋ,ㅅㅂㅋㅋ,After Lap,,군터 말 못알아듣노 ㅋㅋㅋㅋㅋ ㅅㅂㅋㅋ,군터 말 못알아듣노 ㅋㅋㅋㅋㅋ ㅅㅂㅋㅋ,0.92521071434021
2024-03-24 14:36:34,방송인 할거란거 치곤 영어 못알아듣겠음ㅋㅋㅋ,ㄹㅇㅋㅋ,After Lap,,방송인 할거란거 치곤 영어 못알아듣겠음ㅋㅋㅋ ㄹㅇㅋㅋ,방송인 할거란거 치곤 영어 못알아듣겠음ㅋㅋㅋ ㄹㅇㅋㅋ,0.7778387069702148
2024-03-24 14:36:34,두번 못알아먹네 ㅋㅋㅋ,- dc official App,After Lap,,두번 못알아먹네 ㅋㅋㅋ - dc official App,두번 못알아먹네 ㅋㅋㅋ - dc official App,0.3220708668231964
2024-03-24 14:36:34,몽골 없으니까 다들 행복해보이고 보는사람도 재미있다,씨발 몽골 퇴출시켜라,After Lap,,몽골 없으니까 다들 행복해보이고 보는사람도 재미있다 씨발 몽골 퇴출시켜라,몽골 없으니까 다들 행복해보이고 보는사람도 재미있다 씨발 몽골 퇴출시켜라,0.92500239610672
2024-03-24 14:36:38,페-페-맥 포디움 순서는 2010년 바레인 이후 14년만에 처음,오늘 기록 오지게 많이 나옴 ㅋㅋㅋㅋ,After Lap,,페-페-맥 포디움 순서는 2010년 바레인 이후 14년만에 처음 오늘 기록 오지게 많이 나옴 ㅋㅋㅋㅋ,페-페-맥 포디움 순서는 2010년 바레인 이후 14년만에 처음 오늘 기록 오지게 많이 나옴 ㅋㅋㅋㅋ,0.2230965793132782
2024-03-24 14:36:37,기습숭배,맹장을 바치고 우승을 얻어온새끼..,After Lap,,기습숭배 맹장을 바치고 우승을 얻어온새끼..,기습숭배 맹장을 바치고 우승을 얻어온새끼..,0.9407029747962952
2024-03-24 14:36:41,해밀턴 계약 어떻게 못 무르냐?,저런 사인츠를 버리고 하,After Lap,,해밀턴 계약 어떻게 못 무르냐? 저런 사인츠를 버리고 하,해밀턴 계약 어떻게 못 무르냐? 저런 사인츠를 버리고 하,0.7883113026618958
2024-03-24 14:36:41,사전트 DNS + 알본 노포 이 씨ㅂ,- dc official App,After Lap,,사전트 DNS + 알본 노포 이 씨ㅂ - dc official App,사전트 DNS + 알본 노포 이 씨ㅂ - dc official App,0.8380258083343506
2024-03-24 14:36:51,나도 오늘 죽었다,"메르 끝까지 믿고 있었는데
쥬지 마지막에 뒤집어지는거 보고
내속도 뒤집어지고
복장터져 죽었다",After Lap,,"나도 오늘 죽었다 메르 끝까지 믿고 있었는데
쥬지 마지막에 뒤집어지는거 보고
내속도 뒤집어지고
복장터져 죽었다",나도 오늘 죽었다 메르 끝까지 믿고 있었는데 쥬지 마지막에 뒤집어지는거 보고 내속도 뒤집어지고 복장터져 죽었다,0.8128867149353027
2024-03-24 14:36:55,잊지말자 병신,잊어버리면 리카견들 또기어올라온다,After Lap,,잊지말자 병신 잊어버리면 리카견들 또기어올라온다,잊지말자 병신 잊어버리면 리카견들 또기어올라온다,0.9392457008361816
2024-03-24 14:37:00,레드불 강점기에서 언제나 우리를 구원한 한 남자..,"길고 긴 레드불 강점기 속
싱가폴에서도.. 호주에서도.. 실력으로 증명하신
우리의 한줄기 빛같은 분이십니다.
찬양하십시요..
킹갓제너럴엠퍼러마제스티
퍼스트 GOAT
대인츠
..",After Lap,,"레드불 강점기에서 언제나 우리를 구원한 한 남자.. 길고 긴 레드불 강점기 속
싱가폴에서도.. 호주에서도.. 실력으로 증명하신
우리의 한줄기 빛같은 분이십니다.
찬양하십시요..
킹갓제너럴엠퍼러마제스티
퍼스트 GOAT
대인츠
..",레드불 강점기에서 언제나 우리를 구원한 한 남자.. 길고 긴 레드불 강점기 속 싱가폴에서도.. 호주에서도.. 실력으로 증명하신 우리의 한줄기 빛같은 분이십니다. 찬양하십시요.. 킹갓제너럴엠퍼러마제스티 퍼스트 GOAT 대인츠 ..,0.23747166991233826
2024-03-24 14:37:06,컴온 안했나보네,"굿^^
- dc official App",After Lap,,"컴온 안했나보네 굿^^
- dc official App",컴온 안했나보네 굿^^ - dc official App,0.1729716658592224
2024-03-24 14:37:09,즐거운 파티에는 음악이 빠지면 안되지,"https://youtu.be/UNk6LTZYokk
님들이 생각하는 거 맞음
SMOOOTH
OPERATOOOOOOORRRR",After Lap,,"즐거운 파티에는 음악이 빠지면 안되지 https://youtu.be/UNk6LTZYokk
님들이 생각하는 거 맞음
SMOOOTH
OPERATOOOOOOORRRR",즐거운 파티에는 음악이 빠지면 안되지 님들이 생각하는 거 맞음 SMOOOTH OPERATOOOOOOORRRR,0.8787859082221985
2024-03-24 14:37:13,이번시즌 페라리 차 다케 나오면 사야겠다,"페라리 다케 마지막으로 산게 sf1000인데
시발 오늘 뽕 갑자기 좆된다
sf-24존나 섹시해보임
- dc official App",After Lap,,"이번시즌 페라리 차 다케 나오면 사야겠다 페라리 다케 마지막으로 산게 sf1000인데
시발 오늘 뽕 갑자기 좆된다
sf-24존나 섹시해보임
- dc official App",이번시즌 페라리 차 다케 나오면 사야겠다 페라리 다케 마지막으로 산게 sf1000인데 시발 오늘 뽕 갑자기 좆된다 sf-24존나 섹시해보임 - dc official App,0.633581280708313
2024-03-24 14:37:18,본인이 오늘 이거 안들어서 행복하면 눌러볼까?,"엌ㅋㅋㅋㅋㅋ
몽골견이지만 일단 개추ㅋㅋ
대 황 라 리ㅋㅋㅋ
Oracle Red Bull Racing RB20",After Lap,,"본인이 오늘 이거 안들어서 행복하면 눌러볼까? 엌ㅋㅋㅋㅋㅋ
몽골견이지만 일단 개추ㅋㅋ
대 황 라 리ㅋㅋㅋ
Oracle Red Bull Racing RB20",본인이 오늘 이거 안들어서 행복하면 눌러볼까? 엌ㅋㅋㅋㅋㅋ 몽골견이지만 일단 개추ㅋㅋ 대 황 라 리ㅋㅋㅋ Oracle Red Bull Racing RB20,0.9301977753639221
2024-03-24 14:37:28,그래도 포인트는 먹었잖아,"헤헤헤헿
- dc official App",After Lap,,"그래도 포인트는 먹었잖아 헤헤헤헿
- dc official App",그래도 포인트는 먹었잖아 헤헤헤헿 - dc official App,0.3320232033729553
2024-03-24 14:37:38,카도 12위 했지만 밑에 있는게 알핀 자우버 ㅋㅋ,그냥 꼴찌 아니냐 ㅋㅋ,After Lap,,카도 12위 했지만 밑에 있는게 알핀 자우버 ㅋㅋ 그냥 꼴찌 아니냐 ㅋㅋ,카도 12위 했지만 밑에 있는게 알핀 자우버 ㅋㅋ 그냥 꼴찌 아니냐 ㅋㅋ,0.6698405146598816
2024-03-24 14:37:40,생각해보면 6그리드 출발 5위 마무리면 순위 그대로인거자나,"막스 리타니까
체코 이새끼 계속 쓰는거 맞냐?",After Lap,,"생각해보면 6그리드 출발 5위 마무리면 순위 그대로인거자나 막스 리타니까
체코 이새끼 계속 쓰는거 맞냐?",생각해보면 6그리드 출발 5위 마무리면 순위 그대로인거자나 막스 리타니까 체코 이새끼 계속 쓰는거 맞냐?,0.34153714776039124
2024-03-24 14:37:47,레드불 페라리 4점차네 ㅋㅋ,"레드불 97점
페라리 93점",After Lap,,"레드불 페라리 4점차네 ㅋㅋ 레드불 97점
페라리 93점",레드불 페라리 4점차네 ㅋㅋ 레드불 97점 페라리 93점,0.3111504316329956
2024-03-24 14:37:58,“                    ”,.,After Lap,,“                    ” .,“ ” .,0.19846448302268982
2024-03-24 14:38:01,레이디 퍼스트?? ㄴㄴ,사인즈 퍼스트,After Lap,,레이디 퍼스트?? ㄴㄴ 사인즈 퍼스트,레이디 퍼스트?? ㄴㄴ 사인즈 퍼스트,0.8635901212692261
2024-03-24 14:38:10,다음경기엔 드디어 업데이트가온다,작년 맥라렌 재현 가즈아,After Lap,,다음경기엔 드디어 업데이트가온다 작년 맥라렌 재현 가즈아,다음경기엔 드디어 업데이트가온다 작년 맥라렌 재현 가즈아,0.08358452469110489
2024-03-24 14:38:15,up,.,After Lap,,up .,up .,0.5870130658149719
2024-03-24 14:38:14,속보) 티포시 영면 들어간다 ㅋㅋㅋㅋㅋㅋㅋ,"피곤해서 자러감 ㅂㅂ
DnD",After Lap,,"속보) 티포시 영면 들어간다 ㅋㅋㅋㅋㅋㅋㅋ 피곤해서 자러감 ㅂㅂ
DnD",속보) 티포시 영면 들어간다 ㅋㅋㅋㅋㅋㅋㅋ 피곤해서 자러감 ㅂㅂ DnD,0.9074138402938843
2024-03-24 14:38:18,엪갤에서 개추 200개 넘는건 첨보네 십 ㅋㅋㅋㅋ,페라리의 우승은 엪갤을 기쁘게 만든다,After Lap,,엪갤에서 개추 200개 넘는건 첨보네 십 ㅋㅋㅋㅋ 페라리의 우승은 엪갤을 기쁘게 만든다,엪갤에서 개추 200개 넘는건 첨보네 십 ㅋㅋㅋㅋ 페라리의 우승은 엪갤을 기쁘게 만든다,0.4609578549861908
2024-03-24 14:38:40,F1 계약서 << 종이쪼가리여야만 하면 개추 ㅋㅋㅋㅋㅋㅋㅋ,방 빼 이 씹새끼야 ㅋㅋㅋㅋㅋㅋㅋㅋㅋㅋㅋㅋㅋㅋㅋㅋㅋ,After Lap,,F1 계약서 << 종이쪼가리여야만 하면 개추 ㅋㅋㅋㅋㅋㅋㅋ 방 빼 이 씹새끼야 ㅋㅋㅋㅋㅋㅋㅋㅋㅋㅋㅋㅋㅋㅋㅋㅋㅋ,F1 계약서 << 종이쪼가리여야만 하면 개추 ㅋㅋㅋㅋㅋㅋㅋ 방 빼 이 씹새끼야 ㅋㅋㅋㅋㅋㅋㅋㅋㅋㅋㅋㅋㅋㅋㅋㅋㅋ,0.9473922848701477
2024-03-24 14:38:43,??? : Hey 티포시들 이제 좀 만족해??,내년엔 형이 합류하니까 더 기대하라고,After Lap,,??? : Hey 티포시들 이제 좀 만족해?? 내년엔 형이 합류하니까 더 기대하라고,??? : Hey 티포시들 이제 좀 만족해?? 내년엔 형이 합류하니까 더 기대하라고,0.7945559620857239
2024-03-24 14:38:46,솔직히 이새끼 없어서 꿀잼임ㅋㅋ,"몽골견마저 질리게 만드는 독주wwww
Oracle Red Bull Racing RB20",After Lap,,"솔직히 이새끼 없어서 꿀잼임ㅋㅋ 몽골견마저 질리게 만드는 독주wwww
Oracle Red Bull Racing RB20",솔직히 이새끼 없어서 꿀잼임ㅋㅋ 몽골견마저 질리게 만드는 독주wwww Oracle Red Bull Racing RB20,0.9431414008140564
2024-03-24 14:39:01,막스의 불탄 타이어,,After Lap,,막스의 불탄 타이어 ,막스의 불탄 타이어,0.8321126699447632
2024-03-24 14:39:02,스페인 국가 드가자ㅏㅏㅏㅏㅏㅏㅏㅏㅏㅏㅏㅏ잇,- dc official App,After Lap,,스페인 국가 드가자ㅏㅏㅏㅏㅏㅏㅏㅏㅏㅏㅏㅏ잇 - dc official App,스페인 국가 드가자ㅏㅏㅏㅏㅏㅏㅏㅏㅏㅏㅏㅏ잇 - dc official App,0.34656429290771484
2024-03-24 14:39:18,무리스 우승 없는 최다 포디엄 갱신했냐?,ㅇ?,After Lap,,무리스 우승 없는 최다 포디엄 갱신했냐? ㅇ?,무리스 우승 없는 최다 포디엄 갱신했냐? ㅇ?,0.35964831709861755
2024-03-24 14:39:18,자우버 새 로고,"Shit
F1 Team",After Lap,,"자우버 새 로고 Shit
F1 Team",자우버 새 로고 Shit F1 Team,0.6508528590202332
2024-03-24 14:39:20,페레즈는 추해지기전에 은퇴해야...,ㅇ,After Lap,,페레즈는 추해지기전에 은퇴해야... ㅇ,페레즈는 추해지기전에 은퇴해야... ㅇ,0.9357324838638306
2024-03-24 14:39:21,페라리 이대로만 가면 컨챔 2위는 확정이네,"메르는 3위도 힘들듯
- dc official App",After Lap,,"페라리 이대로만 가면 컨챔 2위는 확정이네 메르는 3위도 힘들듯
- dc official App",페라리 이대로만 가면 컨챔 2위는 확정이네 메르는 3위도 힘들듯 - dc official App,0.16516724228858948
2024-03-24 14:39:25,샤이 티포시 놀러왔습니다…,오늘만큼은 당당하게 티포시로 살겠습니다,After Lap,,샤이 티포시 놀러왔습니다… 오늘만큼은 당당하게 티포시로 살겠습니다,샤이 티포시 놀러왔습니다… 오늘만큼은 당당하게 티포시로 살겠습니다,0.0706934779882431
2024-03-24 14:39:29,메르 W11 시즌2 만들어올때까지 탈갤한다,토토 니미씨벌련,After Lap,,메르 W11 시즌2 만들어올때까지 탈갤한다 토토 니미씨벌련,메르 W11 시즌2 만들어올때까지 탈갤한다 토토 니미씨벌련,0.9399824142456055
2024-03-24 14:39:38,러셀<물로켓이면 개추,중요한 순간마다 꼬라박고 작년에 퇴물새끼한테 진 병신이면 개추 ㅋㅋ,After Lap,,러셀<물로켓이면 개추 중요한 순간마다 꼬라박고 작년에 퇴물새끼한테 진 병신이면 개추 ㅋㅋ,러셀<물로켓이면 개추 중요한 순간마다 꼬라박고 작년에 퇴물새끼한테 진 병신이면 개추 ㅋㅋ,0.9600942134857178
2024-03-24 14:39:49,쥬지 알론소 조사중ㅋㅋㅋㅋㅋㅋㅋ,알론소가 '브레이크테스트'했다 입갤ㅋㅋㅋㅋㅋㅋㅋㅋ,After Lap,,쥬지 알론소 조사중ㅋㅋㅋㅋㅋㅋㅋ 알론소가 '브레이크테스트'했다 입갤ㅋㅋㅋㅋㅋㅋㅋㅋ,쥬지 알론소 조사중ㅋㅋㅋㅋㅋㅋㅋ 알론소가 '브레이크테스트'했다 입갤ㅋㅋㅋㅋㅋㅋㅋㅋ,0.7714804410934448
2024-03-24 14:39:49,피아제 아쉽긴하다 ㄹㅇ,결과는 똑같았네 결국,After Lap,,피아제 아쉽긴하다 ㄹㅇ 결과는 똑같았네 결국,피아제 아쉽긴하다 ㄹㅇ 결과는 똑같았네 결국,0.18886920809745789
2024-03-24 14:39:52,급식 티포시 학원이라 못봤는데,"원투피니시 뭐냐?
- dc official App",After Lap,,"급식 티포시 학원이라 못봤는데 원투피니시 뭐냐?
- dc official App",급식 티포시 학원이라 못봤는데 원투피니시 뭐냐? - dc official App,0.21448396146297455
2024-03-24 14:39:56,이거 벌써 깨져서 신난 F1 팬이면 개추,"“RB20 2024 전승”
너무 안정적으로 타서 설마 설마 했는데 3경기만에 문제 생김",After Lap,,"이거 벌써 깨져서 신난 F1 팬이면 개추 “RB20 2024 전승”
너무 안정적으로 타서 설마 설마 했는데 3경기만에 문제 생김",이거 벌써 깨져서 신난 F1 팬이면 개추 “RB20 2024 전승” 너무 안정적으로 타서 설마 설마 했는데 3경기만에 문제 생김,0.48528602719306946
2024-03-24 14:39:56,러셀 아웃 나오자마자 10초동안 소리지름,개씨발아,After Lap,,러셀 아웃 나오자마자 10초동안 소리지름 개씨발아,러셀 아웃 나오자마자 10초동안 소리지름 개씨발아,0.9050341844558716
2024-03-24 14:39:57,"우리..맥스가..,리버스..,1위..를.,했어도...그짝..기준...이다","북..반구...로...올라오며는...연승...은..유효하다..,,",After Lap,,"우리..맥스가..,리버스..,1위..를.,했어도...그짝..기준...이다 북..반구...로...올라오며는...연승...은..유효하다..,,","우리..맥스가..,리버스..,1위..를.,했어도...그짝..기준...이다 북..반구...로...올라오며는...연승...은..유효하다..,,",0.5981972217559814
2024-03-24 14:39:57,하스 포인트 기념 선착순한명 스벅,"ㄱㄱ혓
- dc official App",After Lap,,"하스 포인트 기념 선착순한명 스벅 ㄱㄱ혓
- dc official App",하스 포인트 기념 선착순한명 스벅 ㄱㄱ혓 - dc official App,0.11787980049848557
2024-03-24 14:39:59,알론소 쥬지한테 브레이킹테스트했다고 조사들어감,과하게 느리게 달렸다고,After Lap,,알론소 쥬지한테 브레이킹테스트했다고 조사들어감 과하게 느리게 달렸다고,알론소 쥬지한테 브레이킹테스트했다고 조사들어감 과하게 느리게 달렸다고,0.681822657585144
2024-03-24 14:40:03,시즌중 경질 필요 목록 포디엄,"1. 리카도
2. 사전트 (호주에서 경질 리허설)
3. 병신",After Lap,,"시즌중 경질 필요 목록 포디엄 1. 리카도
2. 사전트 (호주에서 경질 리허설)
3. 병신",시즌중 경질 필요 목록 포디엄 1. 리카도 2. 사전트 (호주에서 경질 리허설) 3. 병신,0.9291954040527344
2024-03-24 14:40:17,셋이 좀 어색하노ㅋㅋㅋㅋㅋ,,After Lap,,셋이 좀 어색하노ㅋㅋㅋㅋㅋ ,셋이 좀 어색하노ㅋㅋㅋㅋㅋ,0.5444760918617249
2024-03-24 14:40:23,드가자 ㅋㅋㅋㅋ,"https://www.youtube.com/watch?v=mjrrVrmdK0M
Spain National Anthem (Instrumental)
España - Marcha RealSpain - Royal MarchSubscribe for more - http://www.youtube.com/user/NationalAnthemsChan?sub_confirmation=1All national anthems - https://...
www.youtube.com
https://www.youtube.com/watch?v=T0RMzXu653g
Italy National Anthem
Itsly's national anthem -
www.youtube.com",After Lap,,"드가자 ㅋㅋㅋㅋ https://www.youtube.com/watch?v=mjrrVrmdK0M
Spain National Anthem (Instrumental)
España - Marcha RealSpain - Royal MarchSubscribe for more - http://www.youtube.com/user/NationalAnthemsChan?sub_confirmation=1All national anthems - https://...
www.youtube.com
https://www.youtube.com/watch?v=T0RMzXu653g
Italy National Anthem
Itsly's national anthem -
www.youtube.com",드가자 ㅋㅋㅋㅋ Spain National Anthem (Instrumental) España - Marcha RealSpain - Royal MarchSubscribe for more - national anthems - Italy National Anthem Itsly's national anthem -,0.6798733472824097
2024-03-24 14:40:30,이정도면 다니엘 접어야하는거아님?,"츠노다도 못이기는데 저나이에 걍 자리 주고 은퇴해야지 차핑계 대기에는
같은팀 한테 존나 지노",After Lap,,"이정도면 다니엘 접어야하는거아님? 츠노다도 못이기는데 저나이에 걍 자리 주고 은퇴해야지 차핑계 대기에는
같은팀 한테 존나 지노",이정도면 다니엘 접어야하는거아님? 츠노다도 못이기는데 저나이에 걍 자리 주고 은퇴해야지 차핑계 대기에는 같은팀 한테 존나 지노,0.955617368221283
2024-03-24 14:40:33,리카르도는 홈인데 카메라에 세번도 안잡힌듯?,경기 출전 안했냐?? ㅋㅋ,After Lap,,리카르도는 홈인데 카메라에 세번도 안잡힌듯? 경기 출전 안했냐?? ㅋㅋ,리카르도는 홈인데 카메라에 세번도 안잡힌듯? 경기 출전 안했냐?? ㅋㅋ,0.4797476530075073
2024-03-24 14:40:39,노짱 카메라 위치선정보소ㅋㅋㅋㅋㅋㅋㅋ,누가보면 1등한거깉노,After Lap,,노짱 카메라 위치선정보소ㅋㅋㅋㅋㅋㅋㅋ 누가보면 1등한거깉노,노짱 카메라 위치선정보소ㅋㅋㅋㅋㅋㅋㅋ 누가보면 1등한거깉노,0.8015022277832031
2024-03-24 14:40:40,알론소 씹새끼네 저거 ㅋㅋㅋ,브레이킹테스트 ㅋㅋ,After Lap,,알론소 씹새끼네 저거 ㅋㅋㅋ 브레이킹테스트 ㅋㅋ,알론소 씹새끼네 저거 ㅋㅋㅋ 브레이킹테스트 ㅋㅋ,0.9323213696479797
2024-03-24 14:40:40,무리스 기록 경신 ㅋㅋㅋ,ㅋㅋㅋㅋㅋㅋㅋㅋㅋ,After Lap,,무리스 기록 경신 ㅋㅋㅋ ㅋㅋㅋㅋㅋㅋㅋㅋㅋ,무리스 기록 경신 ㅋㅋㅋ ㅋㅋㅋㅋㅋㅋㅋㅋㅋ,0.4759807884693146
2024-03-24 14:40:47,메르는 진짜 올해 어케해도 부활 못함??,꼬라지 처참한데,After Lap,,메르는 진짜 올해 어케해도 부활 못함?? 꼬라지 처참한데,메르는 진짜 올해 어케해도 부활 못함?? 꼬라지 처참한데,0.8139864206314087
2024-03-24 14:40:49,?? : 아니 그니까 포인트가 어렵냐고,"""이렇게 이렇게 몰라고 이렇게""
""...""",After Lap,,"?? : 아니 그니까 포인트가 어렵냐고 ""이렇게 이렇게 몰라고 이렇게""
""...""","?? : 아니 그니까 포인트가 어렵냐고 ""이렇게 이렇게 몰라고 이렇게"" ""...""",0.259902685880661
2024-03-24 14:40:52,누리스 사인츠 아직도 친함?,아니면 비즈니스 친분이었음?,After Lap,,누리스 사인츠 아직도 친함? 아니면 비즈니스 친분이었음?,누리스 사인츠 아직도 친함? 아니면 비즈니스 친분이었음?,0.2810320556163788
2024-03-24 14:40:53,이제 레드불의 시대는 끝인가,"하스의 시대 가 다가오는 느낌이 강하게 든다
- dc official App",After Lap,,"이제 레드불의 시대는 끝인가 하스의 시대 가 다가오는 느낌이 강하게 든다
- dc official App",이제 레드불의 시대는 끝인가 하스의 시대 가 다가오는 느낌이 강하게 든다 - dc official App,0.16282247006893158
2024-03-24 14:41:00,장사 접어야 하면 개추ㅋㅋㅋㅋㅋ,접으 쇼,After Lap,,장사 접어야 하면 개추ㅋㅋㅋㅋㅋ 접으 쇼,장사 접어야 하면 개추ㅋㅋㅋㅋㅋ 접으 쇼,0.9162649512290955
2024-03-24 14:41:00,내년에 편의점 볼 거 같음 ㅋㅋ,,After Lap,,내년에 편의점 볼 거 같음 ㅋㅋ ,내년에 편의점 볼 거 같음 ㅋㅋ,0.16950595378875732
2024-03-24 14:41:01,맹장 수술 알아보는 드라이버면 개추,차량 경량화가 힘들다면 드라이버 경량화를 하면 된다!,After Lap,,맹장 수술 알아보는 드라이버면 개추 차량 경량화가 힘들다면 드라이버 경량화를 하면 된다!,맹장 수술 알아보는 드라이버면 개추 차량 경량화가 힘들다면 드라이버 경량화를 하면 된다!,0.5363251566886902
2024-03-24 14:41:04,소신발언) 사인츠는 거품 맞는듯,"살려줘
- dc official App",After Lap,,"소신발언) 사인츠는 거품 맞는듯 살려줘
- dc official App",소신발언) 사인츠는 거품 맞는듯 살려줘 - dc official App,0.2761118710041046
2024-03-24 14:41:12,쥬지 비웃는중 ㅋㅋㅋㅋㅋㅋㅋㅋㅋ,ㅋㅋㅋㅋㅋㅋㅋㅋㅋㅋㅋㅋㅋㅋ,After Lap,,쥬지 비웃는중 ㅋㅋㅋㅋㅋㅋㅋㅋㅋ ㅋㅋㅋㅋㅋㅋㅋㅋㅋㅋㅋㅋㅋㅋ,쥬지 비웃는중 ㅋㅋㅋㅋㅋㅋㅋㅋㅋ ㅋㅋㅋㅋㅋㅋㅋㅋㅋㅋㅋㅋㅋㅋ,0.9350225329399109
2024-03-24 14:41:21,솔직히 안심하고 있는 르끌이면 개추 ㅋㅋ,"퍼스트 자리 솔직히 자신없는데
내년에 대인츠 나가고
씹물탕와서 입지 확보 안심되는 르끌이면 개추 ㅋㅋ",After Lap,,"솔직히 안심하고 있는 르끌이면 개추 ㅋㅋ 퍼스트 자리 솔직히 자신없는데
내년에 대인츠 나가고
씹물탕와서 입지 확보 안심되는 르끌이면 개추 ㅋㅋ",솔직히 안심하고 있는 르끌이면 개추 ㅋㅋ 퍼스트 자리 솔직히 자신없는데 내년에 대인츠 나가고 씹물탕와서 입지 확보 안심되는 르끌이면 개추 ㅋㅋ,0.9353843331336975
2024-03-24 14:41:23,병신 모음,- dc official App,After Lap,,병신 모음 - dc official App,병신 모음 - dc official App,0.1795363426208496
2024-03-24 14:41:24,페라리 멕라렌 1-2-3-4는 2007 벨기에 이래 처음인가,근본 팀들,After Lap,,페라리 멕라렌 1-2-3-4는 2007 벨기에 이래 처음인가 근본 팀들,페라리 멕라렌 1-2-3-4는 2007 벨기에 이래 처음인가 근본 팀들,0.2667568624019623
2024-03-24 14:41:27,아니 시발 해물탕 리저브로 내리면 되자나,"리카도 처럼 홍보용 드라이버로 쓰라고
- dc official App",After Lap,,"아니 시발 해물탕 리저브로 내리면 되자나 리카도 처럼 홍보용 드라이버로 쓰라고
- dc official App",아니 시발 해물탕 리저브로 내리면 되자나 리카도 처럼 홍보용 드라이버로 쓰라고 - dc official App,0.6567286849021912
2024-03-24 14:41:31,신체 일부 바치면 성적이 좋아지는 엪원,"베텔 눈바치고 성적 잘나옴
사인츠 맹장바치고 1위 함",After Lap,,"신체 일부 바치면 성적이 좋아지는 엪원 베텔 눈바치고 성적 잘나옴
사인츠 맹장바치고 1위 함",신체 일부 바치면 성적이 좋아지는 엪원 베텔 눈바치고 성적 잘나옴 사인츠 맹장바치고 1위 함,0.8608030080795288
2024-03-24 14:41:36,얘 안와도 될거 같은 티포시면 ㄱㅊ ㅋㅋ,사인츠 - 르끌 듀오 너무 좋으면 개추 ㅋㅋ,After Lap,,얘 안와도 될거 같은 티포시면 ㄱㅊ ㅋㅋ 사인츠 - 르끌 듀오 너무 좋으면 개추 ㅋㅋ,얘 안와도 될거 같은 티포시면 ㄱㅊ ㅋㅋ 사인츠 - 르끌 듀오 너무 좋으면 개추 ㅋㅋ,0.704457700252533
2024-03-24 14:41:42,진짜 오늘 포인트가 몇개냐,"1 막스가 사인츠 한테 추월당함
2 막스 브레이크 펑
3 헤밀턴 숨짐
4 자우버가 자우버
(작년 사인츠 핏합계 << 2차전까지 자우버)
5 페라리 2.1초 핏스탑
6 페레즈
7 알국왕 르끌
8 사인츠 우승, 페라리 12
9 츠노다 포인트
10 하스 더블포인트
11 군터좌 입갤",After Lap,,"진짜 오늘 포인트가 몇개냐 1 막스가 사인츠 한테 추월당함
2 막스 브레이크 펑
3 헤밀턴 숨짐
4 자우버가 자우버
(작년 사인츠 핏합계 << 2차전까지 자우버)
5 페라리 2.1초 핏스탑
6 페레즈
7 알국왕 르끌
8 사인츠 우승, 페라리 12
9 츠노다 포인트
10 하스 더블포인트
11 군터좌 입갤","진짜 오늘 포인트가 몇개냐 1 막스가 사인츠 한테 추월당함 2 막스 브레이크 펑 3 헤밀턴 숨짐 4 자우버가 자우버 (작년 사인츠 핏합계 << 2차전까지 자우버) 5 페라리 2.1초 핏스탑 6 페레즈 7 알국왕 르끌 8 사인츠 우승, 페라리 12 9 츠노다 포인트 10 하스 더블포인트 11 군터좌 입갤",0.3594047725200653
2024-03-24 14:41:56,그래도 레드불 업댓 전에 터져서 다행이네,"뉴이신 믿습니다
- dc official App",After Lap,,"그래도 레드불 업댓 전에 터져서 다행이네 뉴이신 믿습니다
- dc official App",그래도 레드불 업댓 전에 터져서 다행이네 뉴이신 믿습니다 - dc official App,0.07752396911382675
2024-03-24 14:41:59,내년 페라리 드라이버,"퍼스트 사인츠
세컨드 르끌
리저브 해밀턴",After Lap,,"내년 페라리 드라이버 퍼스트 사인츠
세컨드 르끌
리저브 해밀턴",내년 페라리 드라이버 퍼스트 사인츠 세컨드 르끌 리저브 해밀턴,0.3818352222442627
2024-03-24 14:42:06,F1 공식 엔딩곡이 바뀌었나요?,시발 x스,After Lap,,F1 공식 엔딩곡이 바뀌었나요? 시발 x스,F1 공식 엔딩곡이 바뀌었나요? 시발 x스,0.9028759598731995
2024-03-24 14:42:09,노리스야~ 오늘은 트로피 부수면 안 돼~,페라리건 좆돼~,After Lap,,노리스야~ 오늘은 트로피 부수면 안 돼~ 페라리건 좆돼~,노리스야~ 오늘은 트로피 부수면 안 돼~ 페라리건 좆돼~,0.8334990739822388
2024-03-24 14:42:19,뻘겅거 우승 ㅋㅋㅋㅋㅋㅋ,손흥민은 못하는거 ㅋㅋㅋㅋ,After Lap,,뻘겅거 우승 ㅋㅋㅋㅋㅋㅋ 손흥민은 못하는거 ㅋㅋㅋㅋ,뻘겅거 우승 ㅋㅋㅋㅋㅋㅋ 손흥민은 못하는거 ㅋㅋㅋㅋ,0.9096808433532715
2024-03-24 14:42:25,새로운 엔딩곡 입갤ㅋㅋㅋㅋㅋㅋㅋ,,After Lap,,새로운 엔딩곡 입갤ㅋㅋㅋㅋㅋㅋㅋ ,새로운 엔딩곡 입갤ㅋㅋㅋㅋㅋㅋㅋ,0.1321992427110672
2024-03-24 14:42:25,어 국가 어디갓노 ㅋㅋㅋ,ㅋㅋㅋ,After Lap,,어 국가 어디갓노 ㅋㅋㅋ ㅋㅋㅋ,어 국가 어디갓노 ㅋㅋㅋ ㅋㅋㅋ,0.840203046798706
2024-03-24 14:42:27,뭔가 낯설면 개추 ㅋㅋㅋㅋㅋ,,After Lap,,뭔가 낯설면 개추 ㅋㅋㅋㅋㅋ ,뭔가 낯설면 개추 ㅋㅋㅋㅋㅋ,0.5780630111694336
2024-03-24 14:42:34,해물탕 무료나눔 합니다,"제발
- dc official App",After Lap,,"해물탕 무료나눔 합니다 제발
- dc official App",해물탕 무료나눔 합니다 제발 - dc official App,0.1388852447271347
2024-03-24 14:42:35,스페인 국가 캬 ㅋㅋㅋㅋㅋㅋㅋㅋㅋㅋㅋㅋㅋ,,After Lap,,스페인 국가 캬 ㅋㅋㅋㅋㅋㅋㅋㅋㅋㅋㅋㅋㅋ ,스페인 국가 캬 ㅋㅋㅋㅋㅋㅋㅋㅋㅋㅋㅋㅋㅋ,0.29241612553596497
2024-03-24 14:42:37,이게 얼마만에 딴노래야 ㅋㅋㅋㅋㅋ,시이발ㅋㅋㅋㅋㅋㅋㅋ,After Lap,,이게 얼마만에 딴노래야 ㅋㅋㅋㅋㅋ 시이발ㅋㅋㅋㅋㅋㅋㅋ,이게 얼마만에 딴노래야 ㅋㅋㅋㅋㅋ 시이발ㅋㅋㅋㅋㅋㅋㅋ,0.7255292534828186
2024-03-24 14:42:39,임시엔딩곡ㅋㅋㅋㅋㅋㅋㅋㅋㅋ,,After Lap,,임시엔딩곡ㅋㅋㅋㅋㅋㅋㅋㅋㅋ ,임시엔딩곡ㅋㅋㅋㅋㅋㅋㅋㅋㅋ,0.1444564163684845
2024-03-24 14:42:41,근데 사인츠는 내년에 어디로 가는지 아직 모르는거지?,ㅈㄱㄴ,After Lap,,근데 사인츠는 내년에 어디로 가는지 아직 모르는거지? ㅈㄱㄴ,근데 사인츠는 내년에 어디로 가는지 아직 모르는거지? ㅈㄱㄴ,0.3422973155975342
2024-03-24 14:42:42,오늘은 자장가 아니라서 다행이네,잠잘시간 아니잖어 ㅋㅋ,After Lap,,오늘은 자장가 아니라서 다행이네 잠잘시간 아니잖어 ㅋㅋ,오늘은 자장가 아니라서 다행이네 잠잘시간 아니잖어 ㅋㅋ,0.695888876914978
2024-03-24 14:42:45,포디엄 왼쪽에 마크 웨버냐?,"?
- dc official App",After Lap,,"포디엄 왼쪽에 마크 웨버냐? ?
- dc official App",포디엄 왼쪽에 마크 웨버냐? ? - dc official App,0.1604534536600113
2024-03-24 14:42:46,존나어색하노 ㅋㅋㅋㅋㅋㅋㅋㅋㅋㅋㅋㅋㅋㅋㅋㅋㅋㅋㅋㅋㅋㅋㅋㅋㅋㅋㅋㅋㅋㅋㅋㅋㅋ,,After Lap,,존나어색하노 ㅋㅋㅋㅋㅋㅋㅋㅋㅋㅋㅋㅋㅋㅋㅋㅋㅋㅋㅋㅋㅋㅋㅋㅋㅋㅋㅋㅋㅋㅋㅋㅋㅋ ,존나어색하노 ㅋㅋㅋㅋㅋㅋㅋㅋㅋㅋㅋㅋㅋㅋㅋㅋㅋㅋㅋㅋㅋㅋㅋㅋㅋㅋㅋㅋㅋㅋㅋㅋㅋ,0.9070428609848022
2024-03-24 14:42:47,르클레 왜케,마리오같냐ㅋㅋ,After Lap,,르클레 왜케 마리오같냐ㅋㅋ,르클레 왜케 마리오같냐ㅋㅋ,0.20679016411304474
2024-03-24 14:42:46,메르 더블 dnfㅋㅋㅋㅋ,- dc official App,After Lap,,메르 더블 dnfㅋㅋㅋㅋ - dc official App,메르 더블 dnfㅋㅋㅋㅋ - dc official App,0.3121587038040161
2024-03-24 14:42:50,2절 입갤ㅋㅋ,- dc official App,After Lap,,2절 입갤ㅋㅋ - dc official App,2절 입갤ㅋㅋ - dc official App,0.19162216782569885
2024-03-24 14:42:50,캬 스페인 국가 ㅋㅋㅋㅋㅋ,- dc official App,After Lap,,캬 스페인 국가 ㅋㅋㅋㅋㅋ - dc official App,캬 스페인 국가 ㅋㅋㅋㅋㅋ - dc official App,0.1890924721956253
2024-03-24 14:42:51,캬ㅋㅋㅋㅋㅋㅋㅋㅋ,이거지ㅋㅋㅋㅋㅋㅋ,After Lap,,캬ㅋㅋㅋㅋㅋㅋㅋㅋ 이거지ㅋㅋㅋㅋㅋㅋ,캬ㅋㅋㅋㅋㅋㅋㅋㅋ 이거지ㅋㅋㅋㅋㅋㅋ,0.18214711546897888
2024-03-24 14:42:51,개씹근본이네 ㅅㅂ 국기,개멋있다,After Lap,,개씹근본이네 ㅅㅂ 국기 개멋있다,개씹근본이네 ㅅㅂ 국기 개멋있다,0.5719258189201355
2024-03-24 14:42:52,사인츠 자다 일어난 내머리랑 똑같노 ㅋㅋ,"ㅋㅋ
- dc official App",After Lap,,"사인츠 자다 일어난 내머리랑 똑같노 ㅋㅋ ㅋㅋ
- dc official App",사인츠 자다 일어난 내머리랑 똑같노 ㅋㅋ ㅋㅋ - dc official App,0.4158543050289154
2024-03-24 14:42:54,낯선 노래다,엔딩곡 이게 아니었는데ㅋㅋㅋ,After Lap,,낯선 노래다 엔딩곡 이게 아니었는데ㅋㅋㅋ,낯선 노래다 엔딩곡 이게 아니었는데ㅋㅋㅋ,0.09544053673744202
2024-03-24 14:42:56,엔딩곡 바뀜?,섹 ㅋㅋㅋㄱ슥ㅋㅋㅋ,After Lap,,엔딩곡 바뀜? 섹 ㅋㅋㅋㄱ슥ㅋㅋㅋ,엔딩곡 바뀜? 섹 ㅋㅋㅋㄱ슥ㅋㅋㅋ,0.8751782178878784
2024-03-24 14:42:58,캬 ㅋㅋㅋㅋ,ㅋㅋㅋ,After Lap,,캬 ㅋㅋㅋㅋ ㅋㅋㅋ,캬 ㅋㅋㅋㅋ ㅋㅋㅋ,0.34570756554603577
2024-03-24 14:43:03,티포시 애기 귀엽다,,After Lap,,티포시 애기 귀엽다 ,티포시 애기 귀엽다,0.05891530588269234
2024-03-24 14:43:05,차 피드백 잘한다도르 수상 드라이버,"근데 왜 운전은 ,, ㅋ",After Lap,,"차 피드백 잘한다도르 수상 드라이버 근데 왜 운전은 ,, ㅋ","차 피드백 잘한다도르 수상 드라이버 근데 왜 운전은 ,, ㅋ",0.7771669626235962
2024-03-24 14:43:10,캬 ㅋㅋㅋㅋㅋㅋㅋㅋㅋㅋㅋㅋㅋㅋㅋㅋㅋㅋㅋㅋ,DnD,After Lap,,캬 ㅋㅋㅋㅋㅋㅋㅋㅋㅋㅋㅋㅋㅋㅋㅋㅋㅋㅋㅋㅋ DnD,캬 ㅋㅋㅋㅋㅋㅋㅋㅋㅋㅋㅋㅋㅋㅋㅋㅋㅋㅋㅋㅋ DnD,0.809769332408905
2024-03-24 14:43:11,메르는 포인트 어떡하냐 ㅅㅂㅋㅋ,,After Lap,,메르는 포인트 어떡하냐 ㅅㅂㅋㅋ ,메르는 포인트 어떡하냐 ㅅㅂㅋㅋ,0.4245385527610779
2024-03-24 14:43:12,이탈리아 국가 입갤 ㅋㅋㅋㅋㅋ,- dc official App,After Lap,,이탈리아 국가 입갤 ㅋㅋㅋㅋㅋ - dc official App,이탈리아 국가 입갤 ㅋㅋㅋㅋㅋ - dc official App,0.22932620346546173
2024-03-24 14:43:15,신곡이냐 ㅋㅋㅋㅋ,- dc official App,After Lap,,신곡이냐 ㅋㅋㅋㅋ - dc official App,신곡이냐 ㅋㅋㅋㅋ - dc official App,0.3292670249938965
2024-03-24 14:43:17,오 신나는거 나온다 ㅋㅋㅋㅋ,,After Lap,,오 신나는거 나온다 ㅋㅋㅋㅋ ,오 신나는거 나온다 ㅋㅋㅋㅋ,0.07898356765508652
2024-03-24 14:43:19,킹탈리아 국가 입갤ㄹㄹ,ㅋㅋ,After Lap,,킹탈리아 국가 입갤ㄹㄹ ㅋㅋ,킹탈리아 국가 입갤ㄹㄹ ㅋㅋ,0.9025325775146484
2024-03-24 14:43:22,사인츠 아빠는 도대체 무슨일이고,어케 저렇게 똑같이 생김,After Lap,,사인츠 아빠는 도대체 무슨일이고 어케 저렇게 똑같이 생김,사인츠 아빠는 도대체 무슨일이고 어케 저렇게 똑같이 생김,0.4172329008579254
2024-03-24 14:43:22,난 그래도 들어야겠어,"중독돼버렸어 안들으면 허전해
https://youtu.be/SBt9VJ6axB0?si=tCzHEOmaupnUpGmW
Netherlands National Anthem (Instrumental)
Nederland - WilhelmusThe Netherlands - WilliamSubscribe for more - http://www.youtube.com/user/NationalAnthemsChan?sub_confirmation=1All national anthems - h...
youtu.be",After Lap,,"난 그래도 들어야겠어 중독돼버렸어 안들으면 허전해
https://youtu.be/SBt9VJ6axB0?si=tCzHEOmaupnUpGmW
Netherlands National Anthem (Instrumental)
Nederland - WilhelmusThe Netherlands - WilliamSubscribe for more - http://www.youtube.com/user/NationalAnthemsChan?sub_confirmation=1All national anthems - h...
youtu.be",난 그래도 들어야겠어 중독돼버렸어 안들으면 허전해 Netherlands National Anthem (Instrumental) Nederland - WilhelmusThe Netherlands - WilliamSubscribe for more - national anthems - h... youtu.be,0.32092905044555664
2024-03-24 14:43:24,이탈리아 섹스 ㅋㅋㅋㅋ,"후허
- dc official App",After Lap,,"이탈리아 섹스 ㅋㅋㅋㅋ 후허
- dc official App",이탈리아 섹스 ㅋㅋㅋㅋ 후허 - dc official App,0.7528806328773499
2024-03-24 14:43:29,근---본,ㅋㅋㅋ,After Lap,,근---본 ㅋㅋㅋ,근---본 ㅋㅋㅋ,0.9026255011558533
2024-03-24 14:43:30,이탈리아 국가 떼창 ㅋㅋㅋㅋㅋㅋㅋㅋㅋㅋㅋㅋㅋ,아아 고귀한 티포시들의 주말이여,After Lap,,이탈리아 국가 떼창 ㅋㅋㅋㅋㅋㅋㅋㅋㅋㅋㅋㅋㅋ 아아 고귀한 티포시들의 주말이여,이탈리아 국가 떼창 ㅋㅋㅋㅋㅋㅋㅋㅋㅋㅋㅋㅋㅋ 아아 고귀한 티포시들의 주말이여,0.5923346281051636
2024-03-24 14:43:30,황태리 국가 입갤ㅋㅋㅋㅋ,,After Lap,,황태리 국가 입갤ㅋㅋㅋㅋ ,황태리 국가 입갤ㅋㅋㅋㅋ,0.8745417594909668
2024-03-24 14:43:31,노래 잘못튼거아니냐?,f1 엔딩곡이 아닌데 ㅋㅋㅋ?,After Lap,,노래 잘못튼거아니냐? f1 엔딩곡이 아닌데 ㅋㅋㅋ?,노래 잘못튼거아니냐? f1 엔딩곡이 아닌데 ㅋㅋㅋ?,0.25702837109565735
2024-03-24 14:43:32,어어 왜 네덜란드 국가랑 오스트리아 국가가 아니노,"왜긴 왜야 페라리의 우승이니까 그렇지 섹스 ㅋㅋㅋㅋㅋㅋㅋ
- dc official App",After Lap,,"어어 왜 네덜란드 국가랑 오스트리아 국가가 아니노 왜긴 왜야 페라리의 우승이니까 그렇지 섹스 ㅋㅋㅋㅋㅋㅋㅋ
- dc official App",어어 왜 네덜란드 국가랑 오스트리아 국가가 아니노 왜긴 왜야 페라리의 우승이니까 그렇지 섹스 ㅋㅋㅋㅋㅋㅋㅋ - dc official App,0.8097373247146606
2024-03-24 14:43:33,킹 탈 리 아,,After Lap,,킹 탈 리 아 ,킹 탈 리 아,0.38660556077957153
2024-03-24 14:43:33,50년 뒤 쯤엔 애국가도 울리겠지?,제발,After Lap,,50년 뒤 쯤엔 애국가도 울리겠지? 제발,50년 뒤 쯤엔 애국가도 울리겠지? 제발,0.18578098714351654
2024-03-24 14:43:36,근본 ㅋㅋㅋㅋㅋㅋㅋㅋㅋㅋㅋㅋㅋㅋㅋㅋㅋㅋㅋㅋㅋㅋㅋㅋㅋㅋㅋㅋㅋㅋㅋㅋㅋㅋㅋㅋㅋ,,After Lap,,근본 ㅋㅋㅋㅋㅋㅋㅋㅋㅋㅋㅋㅋㅋㅋㅋㅋㅋㅋㅋㅋㅋㅋㅋㅋㅋㅋㅋㅋㅋㅋㅋㅋㅋㅋㅋㅋㅋ ,근본 ㅋㅋㅋㅋㅋㅋㅋㅋㅋㅋㅋㅋㅋㅋㅋㅋㅋㅋㅋㅋㅋㅋㅋㅋㅋㅋㅋㅋㅋㅋㅋㅋㅋㅋㅋㅋㅋ,0.7452546954154968
2024-03-24 14:43:39,존나 신났노 다들 ㅋㅋㅋ,,After Lap,,존나 신났노 다들 ㅋㅋㅋ ,존나 신났노 다들 ㅋㅋㅋ,0.7452895641326904
2024-03-24 14:43:40,빰 빠라밤 빠라밤!,- dc official App,After Lap,,빰 빠라밤 빠라밤! - dc official App,빰 빠라밤 빠라밤! - dc official App,0.5582226514816284
2024-03-24 14:43:43,나 원래 뭘 봐도 누구나 어떤 팀을 응원하면서 안보는데,이번만큼은 진짜 황라리 대인츠 응원하면서 봤다,After Lap,,나 원래 뭘 봐도 누구나 어떤 팀을 응원하면서 안보는데 이번만큼은 진짜 황라리 대인츠 응원하면서 봤다,나 원래 뭘 봐도 누구나 어떤 팀을 응원하면서 안보는데 이번만큼은 진짜 황라리 대인츠 응원하면서 봤다,0.11441325396299362
2024-03-24 14:43:45,티포시누나 누구냐 존나 이쁘네 ㅅㅂ,ㄷㄷㄷ,After Lap,,티포시누나 누구냐 존나 이쁘네 ㅅㅂ ㄷㄷㄷ,티포시누나 누구냐 존나 이쁘네 ㅅㅂ ㄷㄷㄷ,0.4324928820133209
2024-03-24 14:43:45,뾰로롱 뾰로롱ㅋㅋ,ㅋㅋ,After Lap,,뾰로롱 뾰로롱ㅋㅋ ㅋㅋ,뾰로롱 뾰로롱ㅋㅋ ㅋㅋ,0.4680994153022766
2024-03-24 14:43:47,신곡ㅋㅋㅋ,ㅋㅋ,After Lap,,신곡ㅋㅋㅋ ㅋㅋ,신곡ㅋㅋㅋ ㅋㅋ,0.37718135118484497
2024-03-24 14:43:50,존나 신났네 다들 ㅋㅋㅋㅋㅋ,,After Lap,,존나 신났네 다들 ㅋㅋㅋㅋㅋ ,존나 신났네 다들 ㅋㅋㅋㅋㅋ,0.6769611835479736
2024-03-24 14:43:52,오 이뻐 ㅋㅋㅋㅋㅋㅋㅋㅋㅋㅋㅋㅋ,누구냐 저 누나,After Lap,,오 이뻐 ㅋㅋㅋㅋㅋㅋㅋㅋㅋㅋㅋㅋ 누구냐 저 누나,오 이뻐 ㅋㅋㅋㅋㅋㅋㅋㅋㅋㅋㅋㅋ 누구냐 저 누나,0.1651248186826706
2024-03-24 14:43:52,근본지리긴하다 ㄷㄷ,ㄷㄷ,After Lap,,근본지리긴하다 ㄷㄷ ㄷㄷ,근본지리긴하다 ㄷㄷ ㄷㄷ,0.17631760239601135
2024-03-24 14:43:59,티포시하려면 이탈리아 국가 정도는 외워야하냐?,?,After Lap,,티포시하려면 이탈리아 국가 정도는 외워야하냐? ?,티포시하려면 이탈리아 국가 정도는 외워야하냐? ?,0.3983912169933319
2024-03-24 14:43:57,트위터(X)에 F1을 검색하면?,"F1 공계보다 페라리 공계가 먼저 뜬다
그렇다 페라리가 F1 그 자체이다
- dc official App",After Lap,,"트위터(X)에 F1을 검색하면? F1 공계보다 페라리 공계가 먼저 뜬다
그렇다 페라리가 F1 그 자체이다
- dc official App",트위터(X)에 F1을 검색하면? F1 공계보다 페라리 공계가 먼저 뜬다 그렇다 페라리가 F1 그 자체이다 - dc official App,0.21654123067855835
2024-03-24 14:44:02,저게 ㄹㅇ 국가야?ㅋㅋㅋㅋㅋㅋㅋㅋㅋㅋ,ㅈㄴ 경박하농ㅋㅋㅋ,After Lap,,저게 ㄹㅇ 국가야?ㅋㅋㅋㅋㅋㅋㅋㅋㅋㅋ ㅈㄴ 경박하농ㅋㅋㅋ,저게 ㄹㅇ 국가야?ㅋㅋㅋㅋㅋㅋㅋㅋㅋㅋ ㅈㄴ 경박하농ㅋㅋㅋ,0.9387255311012268
2024-03-24 14:44:03,티포시 아재들 싱글벙글ㅋㅋㅋㅋ,ㅋㅋㅋ,After Lap,,티포시 아재들 싱글벙글ㅋㅋㅋㅋ ㅋㅋㅋ,티포시 아재들 싱글벙글ㅋㅋㅋㅋ ㅋㅋㅋ,0.9098121523857117
2024-03-24 14:44:03,엔딩곡 이대로 고정이면 좋겠다,좋네요,After Lap,,엔딩곡 이대로 고정이면 좋겠다 좋네요,엔딩곡 이대로 고정이면 좋겠다 좋네요,0.04996422305703163
2024-03-24 14:44:03,애국가는언제쯤나올수잇을까,살면서 볼수나 잇을까,After Lap,,애국가는언제쯤나올수잇을까 살면서 볼수나 잇을까,애국가는언제쯤나올수잇을까 살면서 볼수나 잇을까,0.46159684658050537
2024-03-24 14:44:04,신곡 ㅋㅋㅋ,"역시 신곡이 좋아 ㅋㅋㅋ
- dc official App",After Lap,,"신곡 ㅋㅋㅋ 역시 신곡이 좋아 ㅋㅋㅋ
- dc official App",신곡 ㅋㅋㅋ 역시 신곡이 좋아 ㅋㅋㅋ - dc official App,0.07320252805948257
2024-03-24 14:44:05,이거지ㅋㅋ,"캬
Oracle Red Bull Racing RB20",After Lap,,"이거지ㅋㅋ 캬
Oracle Red Bull Racing RB20",이거지ㅋㅋ 캬 Oracle Red Bull Racing RB20,0.8179977536201477
2024-03-24 14:44:05,티포시들 집단 희열과 광기 ㅋㅋㅋㅋ,근데 진짜 국가 왤케 흥겹냐 ㅋㅋㅋㅋ,After Lap,,티포시들 집단 희열과 광기 ㅋㅋㅋㅋ 근데 진짜 국가 왤케 흥겹냐 ㅋㅋㅋㅋ,티포시들 집단 희열과 광기 ㅋㅋㅋㅋ 근데 진짜 국가 왤케 흥겹냐 ㅋㅋㅋㅋ,0.6279234886169434
2024-03-24 14:44:07,노래 쥰내 기네 ㅋㅋ,,After Lap,,노래 쥰내 기네 ㅋㅋ ,노래 쥰내 기네 ㅋㅋ,0.18104520440101624
2024-03-24 14:44:08,갓동님 이태리어 모르셔서 혼자 가만히 계시네 ㅋㅋㅋㅋ,개웃기네 ㅋㅋ,After Lap,,갓동님 이태리어 모르셔서 혼자 가만히 계시네 ㅋㅋㅋㅋ 개웃기네 ㅋㅋ,갓동님 이태리어 모르셔서 혼자 가만히 계시네 ㅋㅋㅋㅋ 개웃기네 ㅋㅋ,0.7976379990577698
2024-03-24 14:44:14,f1국가 입갤 ㅋㅋㅋㅋㅋㅋ,"존나멋지다
- dc official App",After Lap,,"f1국가 입갤 ㅋㅋㅋㅋㅋㅋ 존나멋지다
- dc official App",f1국가 입갤 ㅋㅋㅋㅋㅋㅋ 존나멋지다 - dc official App,0.19002172350883484
2024-03-24 14:44:15,메르 마지막 컨챔 5위,2012 브라질 그랑프리,After Lap,,메르 마지막 컨챔 5위 2012 브라질 그랑프리,메르 마지막 컨챔 5위 2012 브라질 그랑프리,0.14615072309970856
2024-03-24 14:44:18,노래 싱글벙글하네ㅋㅋㅋㅋ,,After Lap,,노래 싱글벙글하네ㅋㅋㅋㅋ ,노래 싱글벙글하네ㅋㅋㅋㅋ,0.06638028472661972
2024-03-24 14:44:26,오늘도 기록 갱신,210경기 연속 노포디움,After Lap,,오늘도 기록 갱신 210경기 연속 노포디움,오늘도 기록 갱신 210경기 연속 노포디움,0.11439689248800278
2024-03-24 14:44:26,오스트리아는 어케 국가도 이태리보다 노잼이노 ㅋㅋㅋㅋ,그저 대라리 ㅌㅋㅋㅋㅋㅋㅋㅋ,After Lap,,오스트리아는 어케 국가도 이태리보다 노잼이노 ㅋㅋㅋㅋ 그저 대라리 ㅌㅋㅋㅋㅋㅋㅋㅋ,오스트리아는 어케 국가도 이태리보다 노잼이노 ㅋㅋㅋㅋ 그저 대라리 ㅌㅋㅋㅋㅋㅋㅋㅋ,0.9518615007400513
2024-03-24 14:44:28,이 모습이 사무치게 그리웠던 티포시면 개추해볼까?,"갓라리 원투
진짜 얼마만이냐..",After Lap,,"이 모습이 사무치게 그리웠던 티포시면 개추해볼까? 갓라리 원투
진짜 얼마만이냐..",이 모습이 사무치게 그리웠던 티포시면 개추해볼까? 갓라리 원투 진짜 얼마만이냐..,0.1263948678970337
2024-03-24 14:44:30,이탈리아 국가는 길게 안느껴짐 ㄹㅇ ㅋㅋㅋ,- dc official App,After Lap,,이탈리아 국가는 길게 안느껴짐 ㄹㅇ ㅋㅋㅋ - dc official App,이탈리아 국가는 길게 안느껴짐 ㄹㅇ ㅋㅋㅋ - dc official App,0.2043951451778412
2024-03-24 14:44:33,"네덜란드, 오스트리아, 독일, 영국 국가 아니라서 좋다","새롭네
- dc official App",After Lap,,"네덜란드, 오스트리아, 독일, 영국 국가 아니라서 좋다 새롭네
- dc official App","네덜란드, 오스트리아, 독일, 영국 국가 아니라서 좋다 새롭네 - dc official App",0.09773293882608414
2024-03-24 14:44:35,뭔 축구 트로피 들듯이 드노 ㅋㅋㅋ,,After Lap,,뭔 축구 트로피 들듯이 드노 ㅋㅋㅋ ,뭔 축구 트로피 들듯이 드노 ㅋㅋㅋ,0.7875356674194336
2024-03-24 14:44:37,이태리 <-- 얘네는 왜 국가도 흥겨움?,"ㅋㅋ
- dc official App",After Lap,,"이태리 <-- 얘네는 왜 국가도 흥겨움? ㅋㅋ
- dc official App",이태리 <-- 얘네는 왜 국가도 흥겨움? ㅋㅋ - dc official App,0.4062425494194031
2024-03-24 14:44:41,잭 브라밤 ㅋㅋㅋ,- dc official App,After Lap,,잭 브라밤 ㅋㅋㅋ - dc official App,잭 브라밤 ㅋㅋㅋ - dc official App,0.5022920370101929
2024-03-24 14:44:41,지는거에요?,,After Lap,,지는거에요? ,지는거에요?,0.22544968128204346
2024-03-24 14:44:43,얘들아 우리도 축하해줘,우리 더블포인트야~,After Lap,,얘들아 우리도 축하해줘 우리 더블포인트야~,얘들아 우리도 축하해줘 우리 더블포인트야~,0.11208941787481308
2024-03-24 14:44:41,이탈리아 국가 존나 신나네,부르는 재미 지리겠네,After Lap,,이탈리아 국가 존나 신나네 부르는 재미 지리겠네,이탈리아 국가 존나 신나네 부르는 재미 지리겠네,0.1209033727645874
2024-03-24 14:44:44,와 방금 졸라 어색했다,레솔솔라시도라시 왜 안나옴?,After Lap,,와 방금 졸라 어색했다 레솔솔라시도라시 왜 안나옴?,와 방금 졸라 어색했다 레솔솔라시도라시 왜 안나옴?,0.38336047530174255
2024-03-24 14:44:45,막스 새끼 깝치더니 꼴 좋다,"3회 월챔이면 어쩔껀데 ㅋㅋㅋㅋ
그래봤자 한낱 월챔인 ""인간""일 뿐인데 무관의 ""신"" 앞에서 깝친게 ㅈㄴ 맘에 안들었음
내 앞에선 새발의 피임
- dc official App",After Lap,,"막스 새끼 깝치더니 꼴 좋다 3회 월챔이면 어쩔껀데 ㅋㅋㅋㅋ
그래봤자 한낱 월챔인 ""인간""일 뿐인데 무관의 ""신"" 앞에서 깝친게 ㅈㄴ 맘에 안들었음
내 앞에선 새발의 피임
- dc official App","막스 새끼 깝치더니 꼴 좋다 3회 월챔이면 어쩔껀데 ㅋㅋㅋㅋ 그래봤자 한낱 월챔인 ""인간""일 뿐인데 무관의 ""신"" 앞에서 깝친게 ㅈㄴ 맘에 안들었음 내 앞에선 새발의 피임 - dc official App",0.9574931263923645
2024-03-24 14:44:51,영정사진.jpg,"드라이버, 차량 둘다 뒤짐",After Lap,,"영정사진.jpg 드라이버, 차량 둘다 뒤짐","영정사진.jpg 드라이버, 차량 둘다 뒤짐",0.8248186111450195
2024-03-24 14:44:52,와 눈나..,ㅇㅇ,After Lap,,와 눈나.. ㅇㅇ,와 눈나.. ㅇㅇ,0.23742684721946716
2024-03-24 14:44:53,페라리에 묻힌 이분들도 챙기자,"고생 많으셨습니다
- dc official App",After Lap,,"페라리에 묻힌 이분들도 챙기자 고생 많으셨습니다
- dc official App",페라리에 묻힌 이분들도 챙기자 고생 많으셨습니다 - dc official App,0.08732093870639801
2024-03-24 14:45:00,(경)   아스톤말은 컨챔 4위   (축),영길리 컷 ㅋㅋㅋㅋㅋㅋㅋ,After Lap,,(경)   아스톤말은 컨챔 4위   (축) 영길리 컷 ㅋㅋㅋㅋㅋㅋㅋ,(경) 아스톤말은 컨챔 4위 (축) 영길리 컷 ㅋㅋㅋㅋㅋㅋㅋ,0.8311178684234619
2024-03-24 14:45:14,웨버 ㅋㅋㅋㅋㅋㅋㅋㅋ,ㅋㅋㅋㅋㅋㅋㅋㅋ,After Lap,,웨버 ㅋㅋㅋㅋㅋㅋㅋㅋ ㅋㅋㅋㅋㅋㅋㅋㅋ,웨버 ㅋㅋㅋㅋㅋㅋㅋㅋ ㅋㅋㅋㅋㅋㅋㅋㅋ,0.4565275013446808
2024-03-24 14:45:22,나 물탕견인데 이새끼 버리고 황라리 빨아도 되냐?,근본 존나 멋있네 씨발 낭만봐 개씨발멋지다,After Lap,,나 물탕견인데 이새끼 버리고 황라리 빨아도 되냐? 근본 존나 멋있네 씨발 낭만봐 개씨발멋지다,나 물탕견인데 이새끼 버리고 황라리 빨아도 되냐? 근본 존나 멋있네 씨발 낭만봐 개씨발멋지다,0.9502916932106018
2024-03-24 14:45:33,레드불견인데 이탈리아 국가 들으면 좋음ㅋㅋㅋ,신남ㅋㅋㅋ,After Lap,,레드불견인데 이탈리아 국가 들으면 좋음ㅋㅋㅋ 신남ㅋㅋㅋ,레드불견인데 이탈리아 국가 들으면 좋음ㅋㅋㅋ 신남ㅋㅋㅋ,0.06266478449106216
2024-03-24 14:45:38,무관 1위ㅋㅋㅋㅋㅋㅋㅋㅋ,,After Lap,,무관 1위ㅋㅋㅋㅋㅋㅋㅋㅋ ,무관 1위ㅋㅋㅋㅋㅋㅋㅋㅋ,0.42188355326652527
2024-03-24 14:45:41,감독 존나 귀엽,ㅜㅜ,After Lap,,감독 존나 귀엽 ㅜㅜ,감독 존나 귀엽 ㅜㅜ,0.08492420613765717
2024-03-24 14:45:42,무리스 ㅋㅋㅋㅋ,,After Lap,,무리스 ㅋㅋㅋㅋ ,무리스 ㅋㅋㅋㅋ,0.45760107040405273
2024-03-24 14:45:42,우승은 확실히 가끔해야 감동이 있다,"첫우승의 미친듯이 기뻐하는 모습이 가장 감동이지만
강점기 메르나 레드불같이 시큰둥한 우승보단
확실히 이런 우승이 더 감동이 있긴해",After Lap,,"우승은 확실히 가끔해야 감동이 있다 첫우승의 미친듯이 기뻐하는 모습이 가장 감동이지만
강점기 메르나 레드불같이 시큰둥한 우승보단
확실히 이런 우승이 더 감동이 있긴해",우승은 확실히 가끔해야 감동이 있다 첫우승의 미친듯이 기뻐하는 모습이 가장 감동이지만 강점기 메르나 레드불같이 시큰둥한 우승보단 확실히 이런 우승이 더 감동이 있긴해,0.19775670766830444
2024-03-24 14:45:45,스카이라이프 안테나를 주노?!,"??
- dc official App",After Lap,,"스카이라이프 안테나를 주노?! ??
- dc official App",스카이라이프 안테나를 주노?! ?? - dc official App,0.1827874630689621
2024-03-24 14:45:47,무관 1위 언제 깨냐,,After Lap,,무관 1위 언제 깨냐 ,무관 1위 언제 깨냐,0.22603274881839752
2024-03-24 14:45:48,무관 1위ㅋㅋㅋㅋㅋㅋㅋㅋ,,After Lap,,무관 1위ㅋㅋㅋㅋㅋㅋㅋㅋ ,무관 1위ㅋㅋㅋㅋㅋㅋㅋㅋ,0.42188355326652527
2024-03-24 14:46:00,무관 포티움 1위 ㅋㅋㅋㅋㅋㅋㅋㅋㅋ,좀 해보자 랜도야,After Lap,,무관 포티움 1위 ㅋㅋㅋㅋㅋㅋㅋㅋㅋ 좀 해보자 랜도야,무관 포티움 1위 ㅋㅋㅋㅋㅋㅋㅋㅋㅋ 좀 해보자 랜도야,0.5825436115264893
2024-03-24 14:46:04,노리스 역대 무관 최다 포디엄 ㅋㅋㅋㅋㅋㅋㅋ,아이고 무관아...,After Lap,,노리스 역대 무관 최다 포디엄 ㅋㅋㅋㅋㅋㅋㅋ 아이고 무관아...,노리스 역대 무관 최다 포디엄 ㅋㅋㅋㅋㅋㅋㅋ 아이고 무관아...,0.8526666760444641
2024-03-24 14:46:04,이게 ㅜ머여 페라리 원투?,ㅋㅋㅋ,After Lap,,이게 ㅜ머여 페라리 원투? ㅋㅋㅋ,이게 ㅜ머여 페라리 원투? ㅋㅋㅋ,0.7298485636711121
2024-03-24 14:46:03,진짜 원투 피니쉬 눈물나네,,After Lap,,진짜 원투 피니쉬 눈물나네 ,진짜 원투 피니쉬 눈물나네,0.06005861982703209
2024-03-24 14:46:08,수술하고 술먹으면 안된다 인스야,- dc official App,After Lap,,수술하고 술먹으면 안된다 인스야 - dc official App,수술하고 술먹으면 안된다 인스야 - dc official App,0.6200259327888489
2024-03-24 14:46:13,역시 짜친 로즈워터보단 샴페인이지,거품양부터 다르네 ㅋㅋ,After Lap,,역시 짜친 로즈워터보단 샴페인이지 거품양부터 다르네 ㅋㅋ,역시 짜친 로즈워터보단 샴페인이지 거품양부터 다르네 ㅋㅋ,0.8313261866569519
2024-03-24 14:46:15,무관기운,,After Lap,,무관기운 ,무관기운,0.39609473943710327
2024-03-24 14:46:22,노리스 손흥민 역대 1위 ㅋㅋㅋ,ㅋㅋㅋㅋㅋ,After Lap,,노리스 손흥민 역대 1위 ㅋㅋㅋ ㅋㅋㅋㅋㅋ,노리스 손흥민 역대 1위 ㅋㅋㅋ ㅋㅋㅋㅋㅋ,0.28069019317626953
2024-03-24 14:46:25,페라리 맥시멈 포인트 실화냐 ㅋㅋ,미쳐타 ㅋㅋㅋㅋ,After Lap,,페라리 맥시멈 포인트 실화냐 ㅋㅋ 미쳐타 ㅋㅋㅋㅋ,페라리 맥시멈 포인트 실화냐 ㅋㅋ 미쳐타 ㅋㅋㅋㅋ,0.18476177752017975
2024-03-24 14:46:24,"페라리, 호주 그랑프리 최다 우승 기록 타이","원래 맥라렌이 11경기로 최다였으나
페라리가 타이 기록을 세우게 됨",After Lap,,"페라리, 호주 그랑프리 최다 우승 기록 타이 원래 맥라렌이 11경기로 최다였으나
페라리가 타이 기록을 세우게 됨","페라리, 호주 그랑프리 최다 우승 기록 타이 원래 맥라렌이 11경기로 최다였으나 페라리가 타이 기록을 세우게 됨",0.15248654782772064
2024-03-24 14:46:26,맹장없이 샴페인 마셔도 되냐,"어어 먹진마라
- dc official App",After Lap,,"맹장없이 샴페인 마셔도 되냐 어어 먹진마라
- dc official App",맹장없이 샴페인 마셔도 되냐 어어 먹진마라 - dc official App,0.6576880216598511
2024-03-24 14:46:35,속보) 막스 베르스타펜 잔여 시즌 결장 예정,요스가 브레이크 문제 하나 극복 못 하냐며 자기 아들은 이렇지 않다고 막스를 폭행하고 있는 것으로 알려져,After Lap,,속보) 막스 베르스타펜 잔여 시즌 결장 예정 요스가 브레이크 문제 하나 극복 못 하냐며 자기 아들은 이렇지 않다고 막스를 폭행하고 있는 것으로 알려져,속보) 막스 베르스타펜 잔여 시즌 결장 예정 요스가 브레이크 문제 하나 극복 못 하냐며 자기 아들은 이렇지 않다고 막스를 폭행하고 있는 것으로 알려져,0.45677465200424194
2024-03-24 14:46:38,일본은 몇시에 함?,- dc official App,After Lap,,일본은 몇시에 함? - dc official App,일본은 몇시에 함? - dc official App,0.1309516727924347
2024-03-24 14:46:39,아니 왜 벌써 스즈카?,가을에 좀 해줘...,After Lap,,아니 왜 벌써 스즈카? 가을에 좀 해줘...,아니 왜 벌써 스즈카? 가을에 좀 해줘...,0.22525665163993835
2024-03-24 14:46:46,님들 뉴비인데 이게 무슨뜻인가요?,DNF?? 던전앤파이터 광고인가요??? ㅋ,After Lap,,님들 뉴비인데 이게 무슨뜻인가요? DNF?? 던전앤파이터 광고인가요??? ㅋ,님들 뉴비인데 이게 무슨뜻인가요? DNF?? 던전앤파이터 광고인가요??? ㅋ,0.23025906085968018
2024-03-24 14:46:52,점마 지금 술 마실수 잇노 ? ㅇ,ㅇ?,After Lap,,점마 지금 술 마실수 잇노 ? ㅇ ㅇ?,점마 지금 술 마실수 잇노 ? ㅇ ㅇ?,0.915974497795105
2024-03-24 14:46:56,오늘 페라리가 원투피니시 가능했던 이유.jpg,"당신의 28년간의 페라리에서의 헌신이 오늘날의 페라리를 만들었습니다.
오늘 같은날 당신이 더욱 생각납니다.. ㅠㅠ",After Lap,,"오늘 페라리가 원투피니시 가능했던 이유.jpg 당신의 28년간의 페라리에서의 헌신이 오늘날의 페라리를 만들었습니다.
오늘 같은날 당신이 더욱 생각납니다.. ㅠㅠ",오늘 페라리가 원투피니시 가능했던 이유.jpg 당신의 28년간의 페라리에서의 헌신이 오늘날의 페라리를 만들었습니다. 오늘 같은날 당신이 더욱 생각납니다.. ㅠㅠ,0.08058418333530426
2024-03-24 14:46:57,"다음 서킷 몽골 리타기원,",ㄹ,After Lap,,"다음 서킷 몽골 리타기원, ㄹ","다음 서킷 몽골 리타기원, ㄹ",0.4587092101573944
2024-03-24 14:46:59,사실 모두가 티포시다.,부끄러워서 말 못했을뿐.,After Lap,,사실 모두가 티포시다. 부끄러워서 말 못했을뿐.,사실 모두가 티포시다. 부끄러워서 말 못했을뿐.,0.5476191639900208
2024-03-24 14:46:59,트로피 알록달록 해졌노 ㅋㅋ,,After Lap,,트로피 알록달록 해졌노 ㅋㅋ ,트로피 알록달록 해졌노 ㅋㅋ,0.46513205766677856
2024-03-24 14:46:57,레드불 페라리 현재 챔피언십 격차,"레드불과 페라리 4점 차이
막스랑 르클레르
막스랑 사인츠
각각 4점, 11점 차이
- dc official App",After Lap,,"레드불 페라리 현재 챔피언십 격차 레드불과 페라리 4점 차이
막스랑 르클레르
막스랑 사인츠
각각 4점, 11점 차이
- dc official App","레드불 페라리 현재 챔피언십 격차 레드불과 페라리 4점 차이 막스랑 르클레르 막스랑 사인츠 각각 4점, 11점 차이 - dc official App",0.1861737072467804
2024-03-24 14:47:07,트로피에색종이붙은거개웃기네,ㅋㅋㅋㅋㅋㅋㅋㅋ,After Lap,,트로피에색종이붙은거개웃기네 ㅋㅋㅋㅋㅋㅋㅋㅋ,트로피에색종이붙은거개웃기네 ㅋㅋㅋㅋㅋㅋㅋㅋ,0.35660114884376526
2024-03-24 14:47:24,무관중에 최강 노리스 ㅋㅋㅋㅋㅋㅋㅋ,ㅋㅋㅋㅋ,After Lap,,무관중에 최강 노리스 ㅋㅋㅋㅋㅋㅋㅋ ㅋㅋㅋㅋ,무관중에 최강 노리스 ㅋㅋㅋㅋㅋㅋㅋ ㅋㅋㅋㅋ,0.6726325750350952
2024-03-24 14:47:24,속보)막스 맹장수술 예약 중,,After Lap,,속보)막스 맹장수술 예약 중 ,속보)막스 맹장수술 예약 중,0.45302751660346985
2024-03-24 14:47:35,르끌 사인츠 갈드컵 다 좆까고,"황라리 원투 피니시 해서 기분좋으면 개추ㅋㅋ
- dc official App",After Lap,,"르끌 사인츠 갈드컵 다 좆까고 황라리 원투 피니시 해서 기분좋으면 개추ㅋㅋ
- dc official App",르끌 사인츠 갈드컵 다 좆까고 황라리 원투 피니시 해서 기분좋으면 개추ㅋㅋ - dc official App,0.8858019113540649
2024-03-24 14:47:38,이제보니 틀린말 안한 새끼......,규정을 잘못이해하고 처참한 성능을 내는 차를 만든 새끼....,After Lap,,이제보니 틀린말 안한 새끼...... 규정을 잘못이해하고 처참한 성능을 내는 차를 만든 새끼....,이제보니 틀린말 안한 새끼...... 규정을 잘못이해하고 처참한 성능을 내는 차를 만든 새끼....,0.9438526034355164
2024-03-24 14:47:39,피는 빨갛다,모든 F1 팬들의 혈관에는 페라리가 흐른다,After Lap,,피는 빨갛다 모든 F1 팬들의 혈관에는 페라리가 흐른다,피는 빨갛다 모든 F1 팬들의 혈관에는 페라리가 흐른다,0.6211149096488953
2024-03-24 14:47:36,오늘 진짜 상중하위권 다 재밌었다,"상위권은 맥스광탈 후 페페맥맥 1234대전
중위권은 해물탕의 엔짐퍼짐과 국왕과 쥬지의 대굘중 쥬지의 자폭쇼
하위권은 8노다와 하스의 더블포인트
지하아래 최하위권은...음... 자우버의 고속도로쉼터..",After Lap,,"오늘 진짜 상중하위권 다 재밌었다 상위권은 맥스광탈 후 페페맥맥 1234대전
중위권은 해물탕의 엔짐퍼짐과 국왕과 쥬지의 대굘중 쥬지의 자폭쇼
하위권은 8노다와 하스의 더블포인트
지하아래 최하위권은...음... 자우버의 고속도로쉼터..",오늘 진짜 상중하위권 다 재밌었다 상위권은 맥스광탈 후 페페맥맥 1234대전 중위권은 해물탕의 엔짐퍼짐과 국왕과 쥬지의 대굘중 쥬지의 자폭쇼 하위권은 8노다와 하스의 더블포인트 지하아래 최하위권은...음... 자우버의 고속도로쉼터..,0.7033059000968933
2024-03-24 14:47:46,사인츠는 좀 잘됬으면 좋겠음,"잘해도 르끌에비해 평가절하되는 면이 있어서
걍 좀 존나 잘해줬으면 좋겠다
특히 이번 시즌 확 잘해서 이탈리아놈들 좀 아까워했으면 좋겠네",After Lap,,"사인츠는 좀 잘됬으면 좋겠음 잘해도 르끌에비해 평가절하되는 면이 있어서
걍 좀 존나 잘해줬으면 좋겠다
특히 이번 시즌 확 잘해서 이탈리아놈들 좀 아까워했으면 좋겠네",사인츠는 좀 잘됬으면 좋겠음 잘해도 르끌에비해 평가절하되는 면이 있어서 걍 좀 존나 잘해줬으면 좋겠다 특히 이번 시즌 확 잘해서 이탈리아놈들 좀 아까워했으면 좋겠네,0.4087154269218445
2024-03-24 14:47:58,"속보) 스쿠데리아 페라리, 루이스 해밀턴과 계약 파기",,After Lap,,"속보) 스쿠데리아 페라리, 루이스 해밀턴과 계약 파기 ","속보) 스쿠데리아 페라리, 루이스 해밀턴과 계약 파기",0.3163440227508545
2024-03-24 14:48:00,아니 근데 노리스 차에 술 다들어갔겠네 ㅋㅋ,그 위에서 샴페인 뿌렸네 ㅋㅋㅋ,After Lap,,아니 근데 노리스 차에 술 다들어갔겠네 ㅋㅋ 그 위에서 샴페인 뿌렸네 ㅋㅋㅋ,아니 근데 노리스 차에 술 다들어갔겠네 ㅋㅋ 그 위에서 샴페인 뿌렸네 ㅋㅋㅋ,0.6418809294700623
2024-03-24 14:48:03,어게인 22 ㅋㅋㅋㅋ,와앙,After Lap,,어게인 22 ㅋㅋㅋㅋ 와앙,어게인 22 ㅋㅋㅋㅋ 와앙,0.09485429525375366
2024-03-24 14:48:07,웅남이 ㅋㅋㅋㅋ,,After Lap,,웅남이 ㅋㅋㅋㅋ ,웅남이 ㅋㅋㅋㅋ,0.7663450241088867
2024-03-24 14:48:14,이거 레드불 페라리 컨챔 볼 수 있는거냐?,뉴비도 드디어 21시즌의 그 맛을 느낄 수 있는거에요?,After Lap,,이거 레드불 페라리 컨챔 볼 수 있는거냐? 뉴비도 드디어 21시즌의 그 맛을 느낄 수 있는거에요?,이거 레드불 페라리 컨챔 볼 수 있는거냐? 뉴비도 드디어 21시즌의 그 맛을 느낄 수 있는거에요?,0.059721361845731735
2024-03-24 14:48:17,체코 뭐가 문제인지 알겠다,얘는 그냥 순수하게 존나 느림,After Lap,,체코 뭐가 문제인지 알겠다 얘는 그냥 순수하게 존나 느림,체코 뭐가 문제인지 알겠다 얘는 그냥 순수하게 존나 느림,0.9204434752464294
2024-03-24 14:48:24,뉴비인데 웨버는 왜 트로피 받은거임?,ㅇㅇ?,After Lap,,뉴비인데 웨버는 왜 트로피 받은거임? ㅇㅇ?,뉴비인데 웨버는 왜 트로피 받은거임? ㅇㅇ?,0.5089993476867676
2024-03-24 14:48:24,다음 경기 일정 공지에 업로드했습니다,"https://m.dcinside.com/board/formula1/601283
[4라운드] 일본 그랑프리 일정
- F1 마이너 갤러리
FORMULA 1 MSC CRUISES JAPANESE GRAND PRIX 202242024 포뮬러 원 MSC 크루즈 일본 그랑프리2024. 04. 05. ~ 2024. 04. 07.서포트 레이스 : X그랑프리 정보J
m.dcinside.com
2주뒤",After Lap,,"다음 경기 일정 공지에 업로드했습니다 https://m.dcinside.com/board/formula1/601283
[4라운드] 일본 그랑프리 일정
- F1 마이너 갤러리
FORMULA 1 MSC CRUISES JAPANESE GRAND PRIX 202242024 포뮬러 원 MSC 크루즈 일본 그랑프리2024. 04. 05. ~ 2024. 04. 07.서포트 레이스 : X그랑프리 정보J
m.dcinside.com
2주뒤",다음 경기 일정 공지에 업로드했습니다 [4라운드] 일본 그랑프리 일정 - F1 마이너 갤러리 FORMULA 1 MSC CRUISES JAPANESE GRAND PRIX 202242024 포뮬러 원 MSC 크루즈 일본 그랑프리2024. 04. 05. ~ 2024. 04. 07.서포트 레이스 : X그랑프리 정보J m.dcinside.com 2주뒤,0.20026201009750366
2024-03-24 14:48:31,사전트는 더보기더보기리그네 ㅋㅋㅋㅋㅋ,두번 눌러야하네 십 ㅋㅋㅋㅋㅋ,After Lap,,사전트는 더보기더보기리그네 ㅋㅋㅋㅋㅋ 두번 눌러야하네 십 ㅋㅋㅋㅋㅋ,사전트는 더보기더보기리그네 ㅋㅋㅋㅋㅋ 두번 눌러야하네 십 ㅋㅋㅋㅋㅋ,0.5061600208282471
2024-03-24 14:48:32,노리스 무관goat 등극?,ㅋㅋ,After Lap,,노리스 무관goat 등극? ㅋㅋ,노리스 무관goat 등극? ㅋㅋ,0.502816915512085
2024-03-24 14:48:28,막스 10연승 2연차 실패 ㅋㅋㅋ,브레이크 자연발화 아직도 어이가 없네 ㅋㅋㅋㅋ,After Lap,,막스 10연승 2연차 실패 ㅋㅋㅋ 브레이크 자연발화 아직도 어이가 없네 ㅋㅋㅋㅋ,막스 10연승 2연차 실패 ㅋㅋㅋ 브레이크 자연발화 아직도 어이가 없네 ㅋㅋㅋㅋ,0.9028065800666809
2024-03-24 14:48:35,드챔도 4포인트 컨챔도 4포인트 차이,"미쳤다 ㅅㅅㅅㅅㅅㅅㅅ
- dc official App",After Lap,,"드챔도 4포인트 컨챔도 4포인트 차이 미쳤다 ㅅㅅㅅㅅㅅㅅㅅ
- dc official App",드챔도 4포인트 컨챔도 4포인트 차이 미쳤다 ㅅㅅㅅㅅㅅㅅㅅ - dc official App,0.20592187345027924
2024-03-24 14:48:35,4점차이 ㅁㅊㅋㅋㅋㅋㅋ,,After Lap,,4점차이 ㅁㅊㅋㅋㅋㅋㅋ ,4점차이 ㅁㅊㅋㅋㅋㅋㅋ,0.5178494453430176
2024-03-24 14:48:41,F1의 미래,"그저 GOAT
- dc official App",After Lap,,"F1의 미래 그저 GOAT
- dc official App",F1의 미래 그저 GOAT - dc official App,0.1598370522260666
2024-03-24 14:48:45,메르 애마한테 따였네,,After Lap,,메르 애마한테 따였네 ,메르 애마한테 따였네,0.9047756791114807
2024-03-24 14:48:49,rb 6위 ㄷㄷ,"ㄷㄷ
- dc official App",After Lap,,"rb 6위 ㄷㄷ ㄷㄷ
- dc official App",rb 6위 ㄷㄷ ㄷㄷ - dc official App,0.09841097146272659
2024-03-24 14:48:58,페라리의 컨챔 도전은 계속됩니다...,"레드불 딱대~~~~
- dc official App",After Lap,,"페라리의 컨챔 도전은 계속됩니다... 레드불 딱대~~~~
- dc official App",페라리의 컨챔 도전은 계속됩니다... 레드불 딱대~~~~ - dc official App,0.20306658744812012
2024-03-24 14:49:01,2주 뒤에 보자 ㅋㅋㅋㅋㅋㅋㅋㅋㅋㅋㅋ,ㅂㅂ2,After Lap,,2주 뒤에 보자 ㅋㅋㅋㅋㅋㅋㅋㅋㅋㅋㅋ ㅂㅂ2,2주 뒤에 보자 ㅋㅋㅋㅋㅋㅋㅋㅋㅋㅋㅋ ㅂㅂ2,0.8340457081794739
2024-03-24 14:49:02,페레즈 모래주머니때문에 컨챔경쟁되냐,드디어 챔경쟁 하냐,After Lap,,페레즈 모래주머니때문에 컨챔경쟁되냐 드디어 챔경쟁 하냐,페레즈 모래주머니때문에 컨챔경쟁되냐 드디어 챔경쟁 하냐,0.4565952718257904
2024-03-24 14:49:08,이번시즌 페라리 기대해도되냐 ?,ㄹㅇ로,After Lap,,이번시즌 페라리 기대해도되냐 ? ㄹㅇ로,이번시즌 페라리 기대해도되냐 ? ㄹㅇ로,0.11482278257608414
2024-03-24 14:49:12,내년 본능의 질주 한편은 이거구만,ㅇ,After Lap,,내년 본능의 질주 한편은 이거구만 ㅇ,내년 본능의 질주 한편은 이거구만 ㅇ,0.12252657115459442
2024-03-24 14:49:18,윌리엄스도 병신이네 ㅋㅋㅋㅋ,ㅋㅋㅋㅋㅋ노포로 끝남,After Lap,,윌리엄스도 병신이네 ㅋㅋㅋㅋ ㅋㅋㅋㅋㅋ노포로 끝남,윌리엄스도 병신이네 ㅋㅋㅋㅋ ㅋㅋㅋㅋㅋ노포로 끝남,0.9393647313117981
2024-03-24 14:49:25,쓰로틀 페달 살펴보는 제네럴 알,뭐 들어가서 잘 안눌렸다고 함,After Lap,,쓰로틀 페달 살펴보는 제네럴 알 뭐 들어가서 잘 안눌렸다고 함,쓰로틀 페달 살펴보는 제네럴 알 뭐 들어가서 잘 안눌렸다고 함,0.18141740560531616
2024-03-24 14:49:26,"그래, 또 형이야.",레드불–페라리 컨챔 경쟁은 형한테 달려있어,After Lap,,"그래, 또 형이야. 레드불–페라리 컨챔 경쟁은 형한테 달려있어","그래, 또 형이야. 레드불–페라리 컨챔 경쟁은 형한테 달려있어",0.1840132176876068
2024-03-24 14:49:27,속보) 레드불 개러지 화재,"도대체 아들 막스의 차량 관리를 어떻게 하는거냐며
비기 베네통-파이어를 보이셨다 카더라",After Lap,,"속보) 레드불 개러지 화재 도대체 아들 막스의 차량 관리를 어떻게 하는거냐며
비기 베네통-파이어를 보이셨다 카더라",속보) 레드불 개러지 화재 도대체 아들 막스의 차량 관리를 어떻게 하는거냐며 비기 베네통-파이어를 보이셨다 카더라,0.8428565859794617
2024-03-24 14:49:36,레드불도 경기중에 차 나가리 나면 드라이버 스왑해라,"체코년 뭐하러 태우냐
몽골놈 차 터지면 피트인 해서 서로 바꿔타라",After Lap,,"레드불도 경기중에 차 나가리 나면 드라이버 스왑해라 체코년 뭐하러 태우냐
몽골놈 차 터지면 피트인 해서 서로 바꿔타라",레드불도 경기중에 차 나가리 나면 드라이버 스왑해라 체코년 뭐하러 태우냐 몽골놈 차 터지면 피트인 해서 서로 바꿔타라,0.9264954328536987
2024-03-24 14:49:50,근데 페레스<-얜 머 혼자 작년차타고있음?,머하는 새끼임?,After Lap,,근데 페레스<-얜 머 혼자 작년차타고있음? 머하는 새끼임?,근데 페레스<-얜 머 혼자 작년차타고있음? 머하는 새끼임?,0.9501245617866516
2024-03-24 14:49:50,아유 드디어 2024시즌 시작이구나,이게 엪원이지,After Lap,,아유 드디어 2024시즌 시작이구나 이게 엪원이지,아유 드디어 2024시즌 시작이구나 이게 엪원이지,0.06330721080303192
2024-03-24 14:49:52,대낮에 P2 ㄷㄷ,,After Lap,,대낮에 P2 ㄷㄷ ,대낮에 P2 ㄷㄷ,0.20717547833919525
2024-03-24 14:49:58,오른쪽 남자 머리 하드타이어임?,왜 저럼? 협박당함?,After Lap,,오른쪽 남자 머리 하드타이어임? 왜 저럼? 협박당함?,오른쪽 남자 머리 하드타이어임? 왜 저럼? 협박당함?,0.8894637227058411
2024-03-24 14:50:05,좋은 분위기에 초쳐서 미안한데,내년부터는 얘 쓰셔야 해요,After Lap,,좋은 분위기에 초쳐서 미안한데 내년부터는 얘 쓰셔야 해요,좋은 분위기에 초쳐서 미안한데 내년부터는 얘 쓰셔야 해요,0.2949351370334625
2024-03-24 14:50:11,오늘 개꿀잼,호주가 잼있네,After Lap,,오늘 개꿀잼 호주가 잼있네,오늘 개꿀잼 호주가 잼있네,0.06389207392930984
2024-03-24 14:50:13,이제 다 맹장 떼러가는거 아니냐,ㅋㅋ,After Lap,,이제 다 맹장 떼러가는거 아니냐 ㅋㅋ,이제 다 맹장 떼러가는거 아니냐 ㅋㅋ,0.4127602279186249
2024-03-24 14:50:13,일본 직관가는 게이들 많겠네 ㅋㅋ,사진 많이 찍어라.,After Lap,,일본 직관가는 게이들 많겠네 ㅋㅋ 사진 많이 찍어라.,일본 직관가는 게이들 많겠네 ㅋㅋ 사진 많이 찍어라.,0.9547966122627258
2024-03-24 14:50:18,보타스 불러오라니까 ㅋㅋㅋ,북딱스만한 윙맨 없다니까 ㅋㅋㅋ,After Lap,,보타스 불러오라니까 ㅋㅋㅋ 북딱스만한 윙맨 없다니까 ㅋㅋㅋ,보타스 불러오라니까 ㅋㅋㅋ 북딱스만한 윙맨 없다니까 ㅋㅋㅋ,0.7037689685821533
2024-03-24 14:50:25,??: 기껏 차 빌려줬더니만,차 빌렸으면 포인트는 따와야죠,After Lap,,??: 기껏 차 빌려줬더니만 차 빌렸으면 포인트는 따와야죠,??: 기껏 차 빌려줬더니만 차 빌렸으면 포인트는 따와야죠,0.5678576827049255
2024-03-24 14:50:33,북딱스가 진짜 불쌍한데,개병신팀에서 어휴,After Lap,,북딱스가 진짜 불쌍한데 개병신팀에서 어휴,북딱스가 진짜 불쌍한데 개병신팀에서 어휴,0.9235617518424988
2024-03-24 14:50:39,베텔 다시 데려와라,제발,After Lap,,베텔 다시 데려와라 제발,베텔 다시 데려와라 제발,0.15679481625556946
2024-03-24 14:51:09,이 새끼는 그냥 명예 티포시임ㅋㅋㅋㅋ,"어떻게든 페라리랑 컨챔 경쟁 시켜주는 명예 티포시
대 체 코 ㅋㅋㅋㅋㅋㅋㅋㅋㅋㅋㅋㅋㅋㅋㅋ",After Lap,,"이 새끼는 그냥 명예 티포시임ㅋㅋㅋㅋ 어떻게든 페라리랑 컨챔 경쟁 시켜주는 명예 티포시
대 체 코 ㅋㅋㅋㅋㅋㅋㅋㅋㅋㅋㅋㅋㅋㅋㅋ",이 새끼는 그냥 명예 티포시임ㅋㅋㅋㅋ 어떻게든 페라리랑 컨챔 경쟁 시켜주는 명예 티포시 대 체 코 ㅋㅋㅋㅋㅋㅋㅋㅋㅋㅋㅋㅋㅋㅋㅋ,0.9363431930541992
2024-03-24 14:51:13,ㅋㅋㅋㅋㅋㅋㅋㅋㅋㅋㅋ 메르세데스 뵹신들ㅋㅋㅋㅋㅋㅋ,ㅋㅋㅋㅋㅋㅋ,After Lap,,ㅋㅋㅋㅋㅋㅋㅋㅋㅋㅋㅋ 메르세데스 뵹신들ㅋㅋㅋㅋㅋㅋ ㅋㅋㅋㅋㅋㅋ,ㅋㅋㅋㅋㅋㅋㅋㅋㅋㅋㅋ 메르세데스 뵹신들ㅋㅋㅋㅋㅋㅋ ㅋㅋㅋㅋㅋㅋ,0.94319748878479
2024-03-24 14:51:13,쿠팡 스즈카 현장중계 아님?,"4개는 현장중계 한다고 했는데 ㅋㅋㅋ
- dc official App",After Lap,,"쿠팡 스즈카 현장중계 아님? 4개는 현장중계 한다고 했는데 ㅋㅋㅋ
- dc official App",쿠팡 스즈카 현장중계 아님? 4개는 현장중계 한다고 했는데 ㅋㅋㅋ - dc official App,0.09540362656116486
2024-03-24 14:51:17,"[속보] 베르스타펜, 일본 그랑프리 결장",수술 후 참가,After Lap,,"[속보] 베르스타펜, 일본 그랑프리 결장 수술 후 참가","[속보] 베르스타펜, 일본 그랑프리 결장 수술 후 참가",0.5050051212310791
2024-03-24 14:51:17,왜 자꾸 2주 간격으로 하냐 ㅡㅡ,빨리빨리 옮기지,After Lap,,왜 자꾸 2주 간격으로 하냐 ㅡㅡ 빨리빨리 옮기지,왜 자꾸 2주 간격으로 하냐 ㅡㅡ 빨리빨리 옮기지,0.16845396161079407
2024-03-24 14:51:19,쥬지는 뭐가 문제냐,미래 월챔이라면서 띄워주더니.. 하시발,After Lap,,쥬지는 뭐가 문제냐 미래 월챔이라면서 띄워주더니.. 하시발,쥬지는 뭐가 문제냐 미래 월챔이라면서 띄워주더니.. 하시발,0.9447161555290222
2024-03-24 14:51:28,메르야.,딱 2천억에 가줄게,After Lap,,메르야. 딱 2천억에 가줄게,메르야. 딱 2천억에 가줄게,0.2667742073535919
2024-03-24 14:51:28,이때가 기회다 메르,철수할 기회,After Lap,,이때가 기회다 메르 철수할 기회,이때가 기회다 메르 철수할 기회,0.6417889595031738
2024-03-24 14:51:29,한국 서킷 ㅇㄷ?,?,After Lap,,한국 서킷 ㅇㄷ? ?,한국 서킷 ㅇㄷ? ?,0.2877872586250305
2024-03-24 14:51:29,스즈카는 직접가서 안해줌?,,After Lap,,스즈카는 직접가서 안해줌? ,스즈카는 직접가서 안해줌?,0.15399934351444244
2024-03-24 14:51:30,현장 리포팅 ㅋㅋㅋㅋ,,After Lap,,현장 리포팅 ㅋㅋㅋㅋ ,현장 리포팅 ㅋㅋㅋㅋ,0.10769034177064896
2024-03-24 14:51:31,그거 아시나요??,"막스는 10연속우승을 사인츠에게 2연속으로 따여버렸습니다
아 그저…..
대 인 츠
- dc official App",After Lap,,"그거 아시나요?? 막스는 10연속우승을 사인츠에게 2연속으로 따여버렸습니다
아 그저…..
대 인 츠
- dc official App",그거 아시나요?? 막스는 10연속우승을 사인츠에게 2연속으로 따여버렸습니다 아 그저….. 대 인 츠 - dc official App,0.8033797144889832
2024-03-24 14:51:31,스즈카 buzzin 코너 아직 있으려나?,"작년에 베텔이 만든거
- dc official App",After Lap,,"스즈카 buzzin 코너 아직 있으려나? 작년에 베텔이 만든거
- dc official App",스즈카 buzzin 코너 아직 있으려나? 작년에 베텔이 만든거 - dc official App,0.1766941249370575
2024-03-24 14:51:36,직관 가는 사람 있냐? ㅋㅋㅋㅋㅋ,,After Lap,,직관 가는 사람 있냐? ㅋㅋㅋㅋㅋ ,직관 가는 사람 있냐? ㅋㅋㅋㅋㅋ,0.8087255954742432
2024-03-24 14:51:37,캬 시간대 섹스ㅋㅋㅋ,,After Lap,,캬 시간대 섹스ㅋㅋㅋ ,캬 시간대 섹스ㅋㅋㅋ,0.8531761765480042
2024-03-24 14:51:37,현장리포팅 대황팡 캬,.,After Lap,,현장리포팅 대황팡 캬 .,현장리포팅 대황팡 캬 .,0.09682606905698776
2024-03-24 14:51:47,현장리포팅 ㅋㅋㅋㅋㅋ 섹스,ㅅㅅ,After Lap,,현장리포팅 ㅋㅋㅋㅋㅋ 섹스 ㅅㅅ,현장리포팅 ㅋㅋㅋㅋㅋ 섹스 ㅅㅅ,0.9463300108909607
2024-03-24 14:52:00,스즈카 가고 싶어지네,엄ㅋㅋ,After Lap,,스즈카 가고 싶어지네 엄ㅋㅋ,스즈카 가고 싶어지네 엄ㅋㅋ,0.06411661207675934
2024-03-24 14:52:07,쿠플 PD 법카로 일본여행 ㅋㅋㅋㅋㅋㅋㅋㅋㅋㅋㅋㅋㅋㅋㅋㅋㅋㅋㅋㅋㅋㅋㅋㅋㅋ,ㅋㅋ,After Lap,,쿠플 PD 법카로 일본여행 ㅋㅋㅋㅋㅋㅋㅋㅋㅋㅋㅋㅋㅋㅋㅋㅋㅋㅋㅋㅋㅋㅋㅋㅋㅋ ㅋㅋ,쿠플 PD 법카로 일본여행 ㅋㅋㅋㅋㅋㅋㅋㅋㅋㅋㅋㅋㅋㅋㅋㅋㅋㅋㅋㅋㅋㅋㅋㅋㅋ ㅋㅋ,0.8094229102134705
2024-03-24 14:52:08,잉 땜빵이형 안간다는데,그럼 뭐임,After Lap,,잉 땜빵이형 안간다는데 그럼 뭐임,잉 땜빵이형 안간다는데 그럼 뭐임,0.8691644072532654
2024-03-24 14:52:10,양키들 새벽에 볼 준비나해라 ㅋㅋ,,After Lap,,양키들 새벽에 볼 준비나해라 ㅋㅋ ,양키들 새벽에 볼 준비나해라 ㅋㅋ,0.9380537867546082
2024-03-24 14:52:14,"""올려""",- dc official App,After Lap,,"""올려"" - dc official App","""올려"" - dc official App",0.15089431405067444
2024-03-24 14:52:16,시간대 좋네,"개나이승
ㅋㅋㅋㅋ",After Lap,,"시간대 좋네 개나이승
ㅋㅋㅋㅋ",시간대 좋네 개나이승 ㅋㅋㅋㅋ,0.17422699928283691
2024-03-24 14:52:21,막스는 걍 재미가없음,"사인츠는 노래부르고 난리나는데 막스 이새끼는
Haha, lovely
이게 다임 개씹 노잼년",After Lap,,"막스는 걍 재미가없음 사인츠는 노래부르고 난리나는데 막스 이새끼는
Haha, lovely
이게 다임 개씹 노잼년","막스는 걍 재미가없음 사인츠는 노래부르고 난리나는데 막스 이새끼는 Haha, lovely 이게 다임 개씹 노잼년",0.9503545165061951
2024-03-24 14:52:24,스즈카 직관 경비 얼마나 들라나 아시는 분,,After Lap,,스즈카 직관 경비 얼마나 들라나 아시는 분 ,스즈카 직관 경비 얼마나 들라나 아시는 분,0.15510348975658417
2024-03-24 14:52:25,내가 계약서 태울려고 라이터 찾고있는 바수르면 ㄱㅊ ㅋㅋㅋㅋㅋㅋ,환불 없다 이거야 ㅋㅋㅋㅋㅋㅋㅋ,After Lap,,내가 계약서 태울려고 라이터 찾고있는 바수르면 ㄱㅊ ㅋㅋㅋㅋㅋㅋ 환불 없다 이거야 ㅋㅋㅋㅋㅋㅋㅋ,내가 계약서 태울려고 라이터 찾고있는 바수르면 ㄱㅊ ㅋㅋㅋㅋㅋㅋ 환불 없다 이거야 ㅋㅋㅋㅋㅋㅋㅋ,0.6365925669670105
2024-03-24 14:52:34,누가가노??,어디 보지년가는거아니노,After Lap,,누가가노?? 어디 보지년가는거아니노,누가가노?? 어디 보지년가는거아니노,0.9559573531150818
2024-03-24 14:52:38,새벽에 안보니까 존나 좋네 ㅎㅎ,ㅎㅎㅎ,After Lap,,새벽에 안보니까 존나 좋네 ㅎㅎ ㅎㅎㅎ,새벽에 안보니까 존나 좋네 ㅎㅎ ㅎㅎㅎ,0.3250768184661865
2024-03-24 14:52:48,다음주에는 레이스가 없다고????,난데????,After Lap,,다음주에는 레이스가 없다고???? 난데????,다음주에는 레이스가 없다고???? 난데????,0.21378369629383087
2024-03-24 14:52:57,레드뷸은 식민지 출신은 보내주고 주인님으로 가자,럭키 가슬리 좆같네 진짜,After Lap,,레드뷸은 식민지 출신은 보내주고 주인님으로 가자 럭키 가슬리 좆같네 진짜,레드뷸은 식민지 출신은 보내주고 주인님으로 가자 럭키 가슬리 좆같네 진짜,0.9555155634880066
2024-03-24 14:53:16,스즈카 표 지금도살수있음??,ㅇㅇ,After Lap,,스즈카 표 지금도살수있음?? ㅇㅇ,스즈카 표 지금도살수있음?? ㅇㅇ,0.20081041753292084
2024-03-24 14:53:22,아아..씨발..,"씹새키들ㅋㅋㅋ
- dc official App",After Lap,,"아아..씨발.. 씹새키들ㅋㅋㅋ
- dc official App",아아..씨발.. 씹새키들ㅋㅋㅋ - dc official App,0.8773850202560425
2024-03-24 14:53:31,호주에서 일본이면 1주만에 옮길만하지 않나,아오 빨리 옮기라고 ㅋㅋ,After Lap,,호주에서 일본이면 1주만에 옮길만하지 않나 아오 빨리 옮기라고 ㅋㅋ,호주에서 일본이면 1주만에 옮길만하지 않나 아오 빨리 옮기라고 ㅋㅋ,0.6388172507286072
2024-03-24 14:53:37,다음경기는 직접 가서 본다고 생각하니까 못참겠다,제발 오늘같은 유잼경기,After Lap,,다음경기는 직접 가서 본다고 생각하니까 못참겠다 제발 오늘같은 유잼경기,다음경기는 직접 가서 본다고 생각하니까 못참겠다 제발 오늘같은 유잼경기,0.15723754465579987
2024-03-24 14:53:52,현재 엪갤 P3,"티포시의 주말 화력 ㄷㄷ
- dc official App",After Lap,,"현재 엪갤 P3 티포시의 주말 화력 ㄷㄷ
- dc official App",현재 엪갤 P3 티포시의 주말 화력 ㄷㄷ - dc official App,0.1266634166240692
2024-03-24 14:53:53,오 사인츠가 ^손흥민은영원히못하는거^ 했네,ㅅㅅㅅㅅㅅㅅㅅㅅ,After Lap,,오 사인츠가 ^손흥민은영원히못하는거^ 했네 ㅅㅅㅅㅅㅅㅅㅅㅅ,오 사인츠가 ^손흥민은영원히못하는거^ 했네 ㅅㅅㅅㅅㅅㅅㅅㅅ,0.6496573686599731
2024-03-24 14:53:54,현장리포팅=잼버리,안캐 벛꽃여행 ㅋㅋㅋㅋ,After Lap,,현장리포팅=잼버리 안캐 벛꽃여행 ㅋㅋㅋㅋ,현장리포팅=잼버리 안캐 벛꽃여행 ㅋㅋㅋㅋ,0.4462518095970154
2024-03-24 14:54:05,물탕이의 위닝카 스멜력은 goat,Good,After Lap,,물탕이의 위닝카 스멜력은 goat Good,물탕이의 위닝카 스멜력은 goat Good,0.7568910121917725
2024-03-24 14:54:07,츠노다 홈에서 포인트 따나?,"어제
퀄리랑
오늘
잘
타던데",After Lap,,"츠노다 홈에서 포인트 따나? 어제
퀄리랑
오늘
잘
타던데",츠노다 홈에서 포인트 따나? 어제 퀄리랑 오늘 잘 타던데,0.07100420445203781
2024-03-24 14:54:36,아근데 지금시점 일본여행은 ㄹㅇ 마렵네,체리블라썸 레이싱 ㄷㄷ,After Lap,,아근데 지금시점 일본여행은 ㄹㅇ 마렵네 체리블라썸 레이싱 ㄷㄷ,아근데 지금시점 일본여행은 ㄹㅇ 마렵네 체리블라썸 레이싱 ㄷㄷ,0.25283724069595337
2024-03-24 14:54:46,근데 사이드팟 구멍에 들어간 공기는 어디로감?,엔진 공랭으로 식히나?,After Lap,,근데 사이드팟 구멍에 들어간 공기는 어디로감? 엔진 공랭으로 식히나?,근데 사이드팟 구멍에 들어간 공기는 어디로감? 엔진 공랭으로 식히나?,0.5107178688049316
2024-03-24 14:54:51,아 근데 현장리포팅이랑 현장중계랑 다른거아닌가,저번에 어디도 현장리포팅한다고 형진햄만 갔던걸로 기억하는데,After Lap,,아 근데 현장리포팅이랑 현장중계랑 다른거아닌가 저번에 어디도 현장리포팅한다고 형진햄만 갔던걸로 기억하는데,아 근데 현장리포팅이랑 현장중계랑 다른거아닌가 저번에 어디도 현장리포팅한다고 형진햄만 갔던걸로 기억하는데,0.09970216453075409
2024-03-24 14:54:54,막스 브레이크 불 안났으면 몇위했을까,그래도 넉넉하게 1위 했으려나,After Lap,,막스 브레이크 불 안났으면 몇위했을까 그래도 넉넉하게 1위 했으려나,막스 브레이크 불 안났으면 몇위했을까 그래도 넉넉하게 1위 했으려나,0.18904893100261688
2024-03-24 14:55:08,이제 땜빵좌가 고정좌가 되버려서,현장 리포팅 안뛰나보네 ㅋㅋㅋ,After Lap,,이제 땜빵좌가 고정좌가 되버려서 현장 리포팅 안뛰나보네 ㅋㅋㅋ,이제 땜빵좌가 고정좌가 되버려서 현장 리포팅 안뛰나보네 ㅋㅋㅋ,0.864092230796814
2024-03-24 14:55:14,일본 보러 가고 싶은데 이사가는주라 눈치보여서 갈수가없네 ㅋㅋㅋㅋㅋ,하아,After Lap,,일본 보러 가고 싶은데 이사가는주라 눈치보여서 갈수가없네 ㅋㅋㅋㅋㅋ 하아,일본 보러 가고 싶은데 이사가는주라 눈치보여서 갈수가없네 ㅋㅋㅋㅋㅋ 하아,0.18298077583312988
2024-03-24 14:55:18,"""기습병신""",- dc official App,After Lap,,"""기습병신"" - dc official App","""기습병신"" - dc official App",0.6775994300842285
2024-03-24 14:55:33,"""올려""",멜세 병신들아 걸고 올리라고,After Lap,,"""올려"" 멜세 병신들아 걸고 올리라고","""올려"" 멜세 병신들아 걸고 올리라고",0.7978324890136719
2024-03-24 14:55:38,스즈카 예전처럼 9월에 하지 왜 4월로 옮김...,"AI 이미지가 생성되었습니다.
새로고침(F5) 해 주세요.
직장인이 4월에 일본을 어케 가냐고",After Lap,,"스즈카 예전처럼 9월에 하지 왜 4월로 옮김... AI 이미지가 생성되었습니다.
새로고침(F5) 해 주세요.
직장인이 4월에 일본을 어케 가냐고",스즈카 예전처럼 9월에 하지 왜 4월로 옮김... AI 이미지가 생성되었습니다. 새로고침(F5) 해 주세요. 직장인이 4월에 일본을 어케 가냐고,0.4021732211112976
2024-03-24 14:55:52,리카도가 내년에 살아남을 유일한 경우의 수,잘가라 유키,After Lap,,리카도가 내년에 살아남을 유일한 경우의 수 잘가라 유키,리카도가 내년에 살아남을 유일한 경우의 수 잘가라 유키,0.7864081859588623
2024-03-24 14:56:10,"최고의 팀 페라리, GOAT면 개추",,After Lap,,"최고의 팀 페라리, GOAT면 개추 ","최고의 팀 페라리, GOAT면 개추",0.13280002772808075
2024-03-24 14:56:42,???: 내가 우승을 8번이나 했다니까?,??: 알았으니까 그만 하시고 약드세요 할아버지,After Lap,,???: 내가 우승을 8번이나 했다니까? ??: 알았으니까 그만 하시고 약드세요 할아버지,???: 내가 우승을 8번이나 했다니까? ??: 알았으니까 그만 하시고 약드세요 할아버지,0.9283859133720398
2024-03-24 14:56:51,병신 오늘 차 보면 페라리가 레드불 따라잡은거같은데?,몽골 리타 안했어도 페라리가 비벼보긴 했을듯?,After Lap,,병신 오늘 차 보면 페라리가 레드불 따라잡은거같은데? 몽골 리타 안했어도 페라리가 비벼보긴 했을듯?,병신 오늘 차 보면 페라리가 레드불 따라잡은거같은데? 몽골 리타 안했어도 페라리가 비벼보긴 했을듯?,0.8009945154190063
2024-03-24 14:56:51,르끌이 왜 페라리 퍼스트인지 보여준 레이스였음,"르끌 - 5위 스타트 해서 2위까지 올라가고 극한의 타이어 관리로
사인스 1초까지 따라잡음
사인스 - 2위로 시작했는데 막스 스스로 무너져서 1등됨
혼자 달리는데도 타이어 관리 르끌보다 못 해서 타이어 씹창나고
한 랩 한 랩 달릴 때마다 르끌이랑 격차 계속 좁혀짐
ㅂㅂㅂㄱ ㅇㄱㄹㅇ",After Lap,,"르끌이 왜 페라리 퍼스트인지 보여준 레이스였음 르끌 - 5위 스타트 해서 2위까지 올라가고 극한의 타이어 관리로
사인스 1초까지 따라잡음
사인스 - 2위로 시작했는데 막스 스스로 무너져서 1등됨
혼자 달리는데도 타이어 관리 르끌보다 못 해서 타이어 씹창나고
한 랩 한 랩 달릴 때마다 르끌이랑 격차 계속 좁혀짐
ㅂㅂㅂㄱ ㅇㄱㄹㅇ",르끌이 왜 페라리 퍼스트인지 보여준 레이스였음 르끌 - 5위 스타트 해서 2위까지 올라가고 극한의 타이어 관리로 사인스 1초까지 따라잡음 사인스 - 2위로 시작했는데 막스 스스로 무너져서 1등됨 혼자 달리는데도 타이어 관리 르끌보다 못 해서 타이어 씹창나고 한 랩 한 랩 달릴 때마다 르끌이랑 격차 계속 좁혀짐 ㅂㅂㅂㄱ ㅇㄱㄹㅇ,0.6980653405189514
2024-03-24 14:57:04,해밀턴한테 선물하고 싶은게 생겼는데,어디로 보내면 되냐?,After Lap,,해밀턴한테 선물하고 싶은게 생겼는데 어디로 보내면 되냐?,해밀턴한테 선물하고 싶은게 생겼는데 어디로 보내면 되냐?,0.20689921081066132
2024-03-24 14:57:11,티포시 념글 가능하냐?,- dc official App,After Lap,,티포시 념글 가능하냐? - dc official App,티포시 념글 가능하냐? - dc official App,0.14032594859600067
2024-03-24 14:57:37,오늘 경기보고 스즈카 직관 마려워지네,가고싶네 ㄹㅇ,After Lap,,오늘 경기보고 스즈카 직관 마려워지네 가고싶네 ㄹㅇ,오늘 경기보고 스즈카 직관 마려워지네 가고싶네 ㄹㅇ,0.07018271088600159
2024-03-24 14:58:21,누가 경기결과 안 올리냐?,념글에 없노,After Lap,,누가 경기결과 안 올리냐? 념글에 없노,누가 경기결과 안 올리냐? 념글에 없노,0.21573907136917114
2024-03-24 14:58:53,"""고객님 죄송한데 구매 후 환불은 어려우세요.""","""고객님 맞으실래요?""",After Lap,,"""고객님 죄송한데 구매 후 환불은 어려우세요."" ""고객님 맞으실래요?""","""고객님 죄송한데 구매 후 환불은 어려우세요."" ""고객님 맞으실래요?""",0.28333693742752075
2024-03-24 14:58:54,알론소 인베,,After Lap,,알론소 인베 ,알론소 인베,0.5825976729393005
2024-03-24 14:59:17,"""올려""",최고의 대륙,After Lap,,"""올려"" 최고의 대륙","""올려"" 최고의 대륙",0.45019546151161194
2024-03-24 14:59:34,호주 GP 결과,"막
햄
러",After Lap,,"호주 GP 결과 막
햄
러",호주 GP 결과 막 햄 러,0.22153618931770325
2024-03-24 14:59:48,존나 재밌게봐서 행복하다 ㅎㅎ,몽골 좀 꺼져 씨발아,After Lap,,존나 재밌게봐서 행복하다 ㅎㅎ 몽골 좀 꺼져 씨발아,존나 재밌게봐서 행복하다 ㅎㅎ 몽골 좀 꺼져 씨발아,0.8514004945755005
2024-03-24 14:59:57,호주 그랑프리는 다들 재밌으셨나요?,"다음 일본 그랑프리는 레드불의 업데이트가 예정되어 있습니다
https://www.autosport.com/f1/news/red-bull-set-to-unleash-more-extreme-mercedes-style-f1-sidepod/10576566/
Red Bull set to unleash more extreme Mercedes-style F1 sidepod
Red Bull set to unleash more extreme Mercedes-style F1 sidepod
www.autosport.com",After Lap,,"호주 그랑프리는 다들 재밌으셨나요? 다음 일본 그랑프리는 레드불의 업데이트가 예정되어 있습니다
https://www.autosport.com/f1/news/red-bull-set-to-unleash-more-extreme-mercedes-style-f1-sidepod/10576566/
Red Bull set to unleash more extreme Mercedes-style F1 sidepod
Red Bull set to unleash more extreme Mercedes-style F1 sidepod
www.autosport.com",호주 그랑프리는 다들 재밌으셨나요? 다음 일본 그랑프리는 레드불의 업데이트가 예정되어 있습니다 Red Bull set to unleash more extreme Mercedes-style F1 sidepod Red Bull set to unleash more extreme Mercedes-style F1 sidepod,0.4015513062477112
