post_timestamp,post_title,post_content,Lap_Label,LapNumber,combined_raw_text,processed_text,LABEL_3,LABEL_1,LABEL_5,LABEL_0,LABEL_2,LABEL_4
2024-03-03 00:04:04,와 존나설레 ㅅㅂ,"가보자고ㅜㅜㅜㅡ
- dc official App",1,1.0,"와 존나설레 ㅅㅂ 가보자고ㅜㅜㅜㅡ
- dc official App",와 존나설레 ㅅㅂ 가보자고ㅜㅜㅜㅡ,0.6295483708381653,0.13955926895141602,0.10335152596235275,0.05734385550022125,0.037228234112262726,0.03296874836087227
2024-03-03 00:04:06,스포한다,물탕이가 르끌레 꽂는다,1,1.0,스포한다 물탕이가 르끌레 꽂는다,스포한다 물탕이가 르끌레 꽂는다,0.5715987086296082,0.161940336227417,0.11122541129589081,0.08146704733371735,0.03286779671907425,0.04090077430009842
2024-03-03 00:04:09,라마단 <<< 고마우면 개추 ㅋㅋㅋ,덕분에 편하게본다 ㅆ,1,1.0,라마단 <<< 고마우면 개추 ㅋㅋㅋ 덕분에 편하게본다 ㅆ,라마단 <<< 고마우면 개추 ㅋㅋㅋ 덕분에 편하게본다 ㅆ,0.6820340752601624,0.11953678727149963,0.05315252020955086,0.06523916125297546,0.024597836658358574,0.05543963238596916
2024-03-03 00:04:10,와 씹 진짜 저 초록색 흉물 좆같네,ㅅㅂㅋㅋㅋ,1,1.0,와 씹 진짜 저 초록색 흉물 좆같네 ㅅㅂㅋㅋㅋ,와 씹 진짜 저 초록색 흉물 좆같네 ㅅㅂㅋㅋㅋ,0.14245809614658356,0.1701819747686386,0.14052152633666992,0.31480249762535095,0.06499551236629486,0.16704043745994568
2024-03-03 00:04:07,개ㅈ핀 도착 ㅋㅋㅋㅋㅋㅋㅋㅋㅋ,,1,1.0,개ㅈ핀 도착 ㅋㅋㅋㅋㅋㅋㅋㅋㅋ ,개ㅈ핀 도착 ㅋㅋㅋㅋㅋㅋㅋㅋㅋ,0.6323181390762329,0.13734588027000427,0.08007120341062546,0.07992330193519592,0.027876192703843117,0.04246519133448601
2024-03-03 00:04:11,ㅋㅋㅋ 알핀이 마지막ㅋㅋㅋㅋ,"ㅋㅋㅋㅋㅋ
- dc official App",1,1.0,"ㅋㅋㅋ 알핀이 마지막ㅋㅋㅋㅋ ㅋㅋㅋㅋㅋ
- dc official App",ㅋㅋㅋ 알핀이 마지막ㅋㅋㅋㅋ ㅋㅋㅋㅋㅋ,0.693204402923584,0.12076885253190994,0.06841246783733368,0.05748036503791809,0.0236312597990036,0.03650261089205742
2024-03-03 00:04:14,It's lights out and away we go!!!,,1,1.0,It's lights out and away we go!!! ,It's lights out and away we go!!!,0.7105191946029663,0.11247363686561584,0.0601104311645031,0.05408209562301636,0.02395080216228962,0.0388638935983181
2024-03-03 00:04:15,드가좤ㅋㅋㅋㅋㅋㅋ,,1,1.0,드가좤ㅋㅋㅋㅋㅋㅋ ,드가좤ㅋㅋㅋㅋㅋㅋ,0.5537213087081909,0.16415274143218994,0.10410944372415543,0.10288504511117935,0.029685167595744133,0.045446351170539856
2024-03-03 00:04:18,츠노다 가자 ㅋㅋ,,1,1.0,츠노다 가자 ㅋㅋ ,츠노다 가자 ㅋㅋ,0.6829795837402344,0.11750762164592743,0.07108477503061295,0.0638536661863327,0.02514655888080597,0.03942781314253807
2024-03-03 00:04:17,스타트!!!!!!,,1,1.0,스타트!!!!!! ,스타트!!!!!!,0.6805261373519897,0.11782818287611008,0.08336248993873596,0.057413697242736816,0.025448979809880257,0.03542059287428856
2024-03-03 00:04:21,개말좆호로양봉섹스레이스 출발!!!!!!,섹스!,1,1.0,개말좆호로양봉섹스레이스 출발!!!!!! 섹스!,개말좆호로양봉섹스레이스 출발!!!!!! 섹스!,0.5229204893112183,0.13602885603904724,0.10624594986438751,0.13181376457214355,0.04162530601024628,0.061365604400634766
2024-03-03 00:04:21,레이스 스따뜨ㅋㅋㅋㅋㅋㅋㅋㅋㅋㅋ,,1,1.0,레이스 스따뜨ㅋㅋㅋㅋㅋㅋㅋㅋㅋㅋ ,레이스 스따뜨ㅋㅋㅋㅋㅋㅋㅋㅋㅋㅋ,0.6770691871643066,0.11533794552087784,0.08402138203382492,0.06722142547369003,0.024150529876351357,0.03219960257411003
2024-03-03 00:04:22,"가속으~~~~~~을, 시작합니다!",ㄱㄱㄱ,1,1.0,"가속으~~~~~~을, 시작합니다! ㄱㄱㄱ","가속으~~~~~~을, 시작합니다! ㄱㄱㄱ",0.6833744645118713,0.11896979063749313,0.0746840387582779,0.06011957302689552,0.025969872251152992,0.03688231483101845
2024-03-03 00:04:21,드가자 ㅋㅋㅋㅋㅋㅋㅋㅋ,,1,1.0,드가자 ㅋㅋㅋㅋㅋㅋㅋㅋ ,드가자 ㅋㅋㅋㅋㅋㅋㅋㅋ,0.7098183035850525,0.10813235491514206,0.06818331032991409,0.054757244884967804,0.024539509788155556,0.03456932306289673
2024-03-03 00:04:24,앤 잇츠 라잇츠 아웃 앤 웨이 위 고ㅋㅋㅋㅋ,,1,1.0,앤 잇츠 라잇츠 아웃 앤 웨이 위 고ㅋㅋㅋㅋ ,앤 잇츠 라잇츠 아웃 앤 웨이 위 고ㅋㅋㅋㅋ,0.6624842882156372,0.11773766577243805,0.08421134203672409,0.07624504715204239,0.022812839597463608,0.036508865654468536
2024-03-03 00:04:24,색스 시작,,1,1.0,색스 시작 ,색스 시작,0.6542674899101257,0.12641912698745728,0.09205752611160278,0.06379148364067078,0.028445782139897346,0.03501860797405243
2024-03-03 00:04:27,시작ㅋㅋㅋㅋㅋㅋㅋㅋ,,1,1.0,시작ㅋㅋㅋㅋㅋㅋㅋㅋ ,시작ㅋㅋㅋㅋㅋㅋㅋㅋ,0.7014539241790771,0.11069156974554062,0.07583890110254288,0.05559978634119034,0.024193385615944862,0.03222239390015602
2024-03-03 00:04:32,ㄷㄱㅈ ㅋㅋㅋㅋㅋ,,1,1.0,ㄷㄱㅈ ㅋㅋㅋㅋㅋ ,ㄷㄱㅈ ㅋㅋㅋㅋㅋ,0.6709059476852417,0.12492359429597855,0.08541405946016312,0.061569519340991974,0.025946173816919327,0.03124079294502735
2024-03-03 00:04:32,드가자 ㅋㅋㅋㅋ,- dc official App,1,1.0,드가자 ㅋㅋㅋㅋ - dc official App,드가자 ㅋㅋㅋㅋ - dc official App,0.6904529929161072,0.11302752047777176,0.08142608404159546,0.05605458840727806,0.025314725935459137,0.03372415900230408
2024-03-03 00:04:30,Lights out and away we go,자드가자,1,1.0,Lights out and away we go 자드가자,Lights out and away we go 자드가자,0.6655086278915405,0.12286053597927094,0.07675280421972275,0.061297979205846786,0.029799938201904297,0.043780144304037094
2024-03-03 00:04:33,드개줴ㅔㅔㅔㅔㅔㅔㅔㅔ,사인즈 믿는다,1,1.0,드개줴ㅔㅔㅔㅔㅔㅔㅔㅔ 사인즈 믿는다,드개줴ㅔㅔㅔㅔㅔㅔㅔㅔ 사인즈 믿는다,0.6275600790977478,0.13337409496307373,0.08625130355358124,0.06615450233221054,0.03165698051452637,0.055003032088279724
2024-03-03 00:04:28,두걔쟤 ㅋㅋㅋㅋㅋㅋㅋㅋㅋ,,1,1.0,두걔쟤 ㅋㅋㅋㅋㅋㅋㅋㅋㅋ ,두걔쟤 ㅋㅋㅋㅋㅋㅋㅋㅋㅋ,0.6282082200050354,0.1398795247077942,0.10709363967180252,0.0630662590265274,0.031006069853901863,0.030746275559067726
2024-03-03 00:04:35,가자잇!!ㅋㅋㅋㅋㅋㅋㅋㅋㅋㅋㅋㅋㅋㅋㅋ,ㅇ,1,1.0,가자잇!!ㅋㅋㅋㅋㅋㅋㅋㅋㅋㅋㅋㅋㅋㅋㅋ ㅇ,가자잇!!ㅋㅋㅋㅋㅋㅋㅋㅋㅋㅋㅋㅋㅋㅋㅋ ㅇ,0.7091846466064453,0.10654669255018234,0.06635633111000061,0.05906020477414131,0.02332155965268612,0.03553052246570587
2024-03-03 00:04:38,시작ㅋㅋㅋㅋㅋ,ㅋㅋㅋ,1,1.0,시작ㅋㅋㅋㅋㅋ ㅋㅋㅋ,시작ㅋㅋㅋㅋㅋ ㅋㅋㅋ,0.701137363910675,0.11243950575590134,0.07421541213989258,0.05631041154265404,0.02305256389081478,0.03284473717212677
2024-03-03 00:04:29,시작 ㅅㅅㅅㅅㅅㅅ,,1,1.0,시작 ㅅㅅㅅㅅㅅㅅ ,시작 ㅅㅅㅅㅅㅅㅅ,0.6954003572463989,0.11528433114290237,0.0726752057671547,0.05640886351466179,0.023891134187579155,0.03634012117981911
2024-03-03 00:04:40,와시발 체콛ㄷㄷ,ㄷㄷ,1,1.0,와시발 체콛ㄷㄷ ㄷㄷ,와시발 체콛ㄷㄷ ㄷㄷ,0.13357651233673096,0.19496992230415344,0.24870514869689941,0.1994500607252121,0.11149286478757858,0.11180544644594193
2024-03-03 00:04:42,엌ㅋㅋㅋㅋ,"ㅋㅋㅋㅋㅋ
- dc official App",1,1.0,"엌ㅋㅋㅋㅋ ㅋㅋㅋㅋㅋ
- dc official App",엌ㅋㅋㅋㅋ ㅋㅋㅋㅋㅋ,0.6478970646858215,0.13445299863815308,0.09704320132732391,0.06244853138923645,0.026020796969532967,0.032137416303157806
2024-03-03 00:04:44,안캐쇼 스타트ㅋㅋㅋㅋㅋㅋ,,1,1.0,안캐쇼 스타트ㅋㅋㅋㅋㅋㅋ ,안캐쇼 스타트ㅋㅋㅋㅋㅋㅋ,0.6952491998672485,0.10977699607610703,0.0758969709277153,0.060910776257514954,0.02475077658891678,0.033415287733078
2024-03-03 00:04:45,도련놈 컽 ㅋㅋㅋㅋ,,1,1.0,도련놈 컽 ㅋㅋㅋㅋ ,도련놈 컽 ㅋㅋㅋㅋ,0.6856883764266968,0.11982156336307526,0.07372341305017471,0.05736026540398598,0.026653511449694633,0.03675290197134018
2024-03-03 00:04:46,도련놈 ㅈ망ㅋㅋㅋㅋㅋㅋ,,1,1.0,도련놈 ㅈ망ㅋㅋㅋㅋㅋㅋ ,도련놈 ㅈ망ㅋㅋㅋㅋㅋㅋ,0.13767750561237335,0.2946781516075134,0.12750419974327087,0.20790207386016846,0.06572212278842926,0.1665160208940506
2024-03-03 00:04:46,에마 ㅋㅋㅋㅋㅋㅋ,,1,1.0,에마 ㅋㅋㅋㅋㅋㅋ ,에마 ㅋㅋㅋㅋㅋㅋ,0.6523526906967163,0.13507704436779022,0.08604387938976288,0.06427531689405441,0.02759558893740177,0.034655358642339706
2024-03-03 00:04:47,좆트롤 ㅋㅋㅋ,,1,1.0,좆트롤 ㅋㅋㅋ ,좆트롤 ㅋㅋㅋ,0.35489222407341003,0.23682591319084167,0.15377579629421234,0.14014911651611328,0.05193168669939041,0.062425270676612854
2024-03-03 00:04:49,련님 멸망 ㅠㅠㅠㅠㅠㅠ,,1,1.0,련님 멸망 ㅠㅠㅠㅠㅠㅠ ,련님 멸망 ㅠㅠㅠㅠㅠㅠ,0.11887454986572266,0.24850988388061523,0.14205586910247803,0.18833193182945251,0.08096494525671005,0.22126281261444092
2024-03-03 00:04:51,뒤에 개판이노 ㅋㅋㅋㅋㅋㅋ,ㅋㅋㅋㅋㅋ,1,1.0,뒤에 개판이노 ㅋㅋㅋㅋㅋㅋ ㅋㅋㅋㅋㅋ,뒤에 개판이노 ㅋㅋㅋㅋㅋㅋ ㅋㅋㅋㅋㅋ,0.15207113325595856,0.31486403942108154,0.15470431745052338,0.20517891645431519,0.07173539698123932,0.1014462560415268
2024-03-03 00:04:52,ㅅㅂ스핀 ㅋㅋㅋㅋㅋ,,1,1.0,ㅅㅂ스핀 ㅋㅋㅋㅋㅋ ,ㅅㅂ스핀 ㅋㅋㅋㅋㅋ,0.47166430950164795,0.20075863599777222,0.11238941550254822,0.12234436720609665,0.03591710329055786,0.05692616477608681
2024-03-03 00:04:53,더련놈이노 ㅋㅋㅋㅋㅋㅋ,,1,1.0,더련놈이노 ㅋㅋㅋㅋㅋㅋ ,더련놈이노 ㅋㅋㅋㅋㅋㅋ,0.11124590784311295,0.17154693603515625,0.19910314679145813,0.2896963059902191,0.08544699847698212,0.14296072721481323
2024-03-03 00:04:59,앰트롤ㅋㅋㅋ,ㅋㅋㅋ,1,1.0,앰트롤ㅋㅋㅋ ㅋㅋㅋ,앰트롤ㅋㅋㅋ ㅋㅋㅋ,0.6409687399864197,0.1385347992181778,0.08976338803768158,0.0677483081817627,0.027133731171488762,0.035851068794727325
2024-03-03 00:05:00,스트롤임?,시발 ㅋㅋㅋ,1,1.0,스트롤임? 시발 ㅋㅋㅋ,스트롤임? 시발 ㅋㅋㅋ,0.09940768778324127,0.26373574137687683,0.1408982127904892,0.2653203010559082,0.07031497359275818,0.16032306849956512
2024-03-03 00:05:03,도련놈은 또 왜뒤진건데,뭐임,1,1.0,도련놈은 또 왜뒤진건데 뭐임,도련놈은 또 왜뒤진건데 뭐임,0.09510137140750885,0.21677780151367188,0.2346167117357254,0.23797515034675598,0.06867203861474991,0.14685696363449097
2024-03-03 00:05:04,시즌 1호 옐로플랙입갤ㅋㅋㅋㅌ,- dc official App,1,1.0,시즌 1호 옐로플랙입갤ㅋㅋㅋㅌ - dc official App,시즌 1호 옐로플랙입갤ㅋㅋㅋㅌ - dc official App,0.6808212399482727,0.11248153448104858,0.08659910410642624,0.06273146718740463,0.024669811129570007,0.032696858048439026
2024-03-03 00:05:04,머하노 사인지,ㄹㅇ,1,1.0,머하노 사인지 ㄹㅇ,머하노 사인지 ㄹㅇ,0.2294277548789978,0.25028255581855774,0.28765782713890076,0.08500587195158005,0.09508576989173889,0.05254026874899864
2024-03-03 00:05:06,막가놈 우승 ㅋㅋㅋㅋㅋㅋㅋㅋ,,1,1.0,막가놈 우승 ㅋㅋㅋㅋㅋㅋㅋㅋ ,막가놈 우승 ㅋㅋㅋㅋㅋㅋㅋㅋ,0.6923879384994507,0.11686410009860992,0.0751735046505928,0.05943990498781204,0.024269407615065575,0.031865108758211136
2024-03-03 00:05:08,체코 페라리 뒷빵 놓을뻔 ㅋㅋㅋㅋ,ㅋㅋ,1,1.0,체코 페라리 뒷빵 놓을뻔 ㅋㅋㅋㅋ ㅋㅋ,체코 페라리 뒷빵 놓을뻔 ㅋㅋㅋㅋ ㅋㅋ,0.27494969964027405,0.2704228162765503,0.19427171349525452,0.12273319810628891,0.08189500868320465,0.055727552622556686
2024-03-03 00:05:10,대노다 가자 ㅋㅋ,,1,1.0,대노다 가자 ㅋㅋ ,대노다 가자 ㅋㅋ,0.6406677961349487,0.12725497782230377,0.06806033849716187,0.07924392074346542,0.03030860796570778,0.05446435511112213
2024-03-03 00:05:14,스트롤 시발련아,"내 엪벤트
- dc official App",1,1.0,"스트롤 시발련아 내 엪벤트
- dc official App",스트롤 시발련아 내 엪벤트,0.2725093364715576,0.163783460855484,0.10667316615581512,0.277975469827652,0.05016663670539856,0.1288919448852539
2024-03-03 00:05:02,씨발 도련놈때문에 보타스 박았노,,1,1.0,씨발 도련놈때문에 보타스 박았노 ,씨발 도련놈때문에 보타스 박았노,0.15707579255104065,0.19656279683113098,0.09445839375257492,0.2994924783706665,0.03762583062052727,0.21478477120399475
2024-03-03 00:05:18,헐크 멸망 ㅠㅠㅠㅠㅠㅠㅠ,,1,1.0,헐크 멸망 ㅠㅠㅠㅠㅠㅠㅠ ,헐크 멸망 ㅠㅠㅠㅠㅠㅠㅠ,0.11507777124643326,0.26786959171295166,0.17726905643939972,0.16953426599502563,0.09990371018648148,0.17034564912319183
2024-03-03 00:05:19,헐크사망ㅋㅋㅋㅋㅋㅋ,,1,1.0,헐크사망ㅋㅋㅋㅋㅋㅋ ,헐크사망ㅋㅋㅋㅋㅋㅋ,0.1817920058965683,0.27947893738746643,0.2439810037612915,0.13039977848529816,0.1027713343501091,0.061576958745718
2024-03-03 00:05:21,헐크 멸망 ㅋㅋ,,1,1.0,헐크 멸망 ㅋㅋ ,헐크 멸망 ㅋㅋ,0.5907575488090515,0.15382419526576996,0.1119251400232315,0.07460815459489822,0.03532736003398895,0.03355754539370537
2024-03-03 00:05:21,헐크 프런트윙 ㅈ망ㅋㅋ,아...,1,1.0,헐크 프런트윙 ㅈ망ㅋㅋ 아...,헐크 프런트윙 ㅈ망ㅋㅋ 아...,0.0953424945473671,0.31118258833885193,0.14683464169502258,0.17835935950279236,0.05357390642166138,0.21470698714256287
2024-03-03 00:05:33,오콘 가슬리 16 17 ㅋㅋㅋㅋㅋㅋㅋㅋㅋㅋㅋㅋㅋㅋ,,1,1.0,오콘 가슬리 16 17 ㅋㅋㅋㅋㅋㅋㅋㅋㅋㅋㅋㅋㅋㅋ ,오콘 가슬리 16 17 ㅋㅋㅋㅋㅋㅋㅋㅋㅋㅋㅋㅋㅋㅋ,0.6571568846702576,0.12682881951332092,0.0888393446803093,0.06876672804355621,0.025921568274497986,0.032486651092767715
2024-03-03 00:05:42,막스 1등 ㅈㅈ,.,1,1.0,막스 1등 ㅈㅈ .,막스 1등 ㅈㅈ .,0.31925514340400696,0.24161888659000397,0.10961418598890305,0.12787030637264252,0.06552308052778244,0.13611839711666107
2024-03-03 00:05:46,RB 존나 예쁘긴 하네 ㅇㅇ...,,2,2.0,RB 존나 예쁘긴 하네 ㅇㅇ... ,RB 존나 예쁘긴 하네 ㅇㅇ...,0.4470651149749756,0.19814863801002502,0.18212425708770752,0.07029612362384796,0.06788831204175949,0.03447762504220009
2024-03-03 00:05:50,알핀 몇명 추월함,+스트롤 꼴찌,2,2.0,알핀 몇명 추월함 +스트롤 꼴찌,알핀 몇명 추월함 +스트롤 꼴찌,0.12576591968536377,0.30492904782295227,0.2997528910636902,0.11370472609996796,0.09341513365507126,0.062432266771793365
2024-03-03 00:05:50,헐크,하스가 잘풀린다~했다 진짜,2,2.0,헐크 하스가 잘풀린다~했다 진짜,헐크 하스가 잘풀린다~했다 진짜,0.6705275774002075,0.13356731832027435,0.06287632137537003,0.05213655158877373,0.032426122575998306,0.048466071486473083
2024-03-03 00:05:50,1초차이 ㅋㅋ,살살해라..,2,2.0,1초차이 ㅋㅋ 살살해라..,1초차이 ㅋㅋ 살살해라..,0.11879444122314453,0.38109609484672546,0.14430153369903564,0.14955875277519226,0.08441120386123657,0.12183795869350433
2024-03-03 00:05:55,보타스 조졌노 시발ㅋㅋㅋㅋㅋ,에휴,2,2.0,보타스 조졌노 시발ㅋㅋㅋㅋㅋ 에휴,보타스 조졌노 시발ㅋㅋㅋㅋㅋ 에휴,0.10234814882278442,0.21661123633384705,0.11732739955186844,0.28172001242637634,0.051173970103263855,0.2308191955089569
2024-03-03 00:05:56,경기끝 ㅅㅂ,막스 우승,2,2.0,경기끝 ㅅㅂ 막스 우승,경기끝 ㅅㅂ 막스 우승,0.2823219299316406,0.2353273630142212,0.0933660939335823,0.2362835556268692,0.042599521577358246,0.11010150611400604
2024-03-03 00:05:56,미끌레 벌써 1초차 입갤,어 우 막,2,2.0,미끌레 벌써 1초차 입갤 어 우 막,미끌레 벌써 1초차 입갤 어 우 막,0.2749570906162262,0.2831250727176666,0.17840145528316498,0.12174995988607407,0.07445060461759567,0.06731586903333664
2024-03-03 00:05:50,경기종료 ㅋㅋ,,2,2.0,경기종료 ㅋㅋ ,경기종료 ㅋㅋ,0.2576022446155548,0.2883542776107788,0.16841033101081848,0.1476404368877411,0.05833498761057854,0.07965774834156036
2024-03-03 00:06:02,막스 우승 ㅅㅅㅅㅅ,인터벌 1초 ㅋㅋ,2,2.0,막스 우승 ㅅㅅㅅㅅ 인터벌 1초 ㅋㅋ,막스 우승 ㅅㅅㅅㅅ 인터벌 1초 ㅋㅋ,0.714198112487793,0.10957206785678864,0.06306111067533493,0.054253384470939636,0.02446560002863407,0.034449730068445206
2024-03-03 00:06:03,자우버 색 은근 예쁜데?,- dc official App,2,2.0,자우버 색 은근 예쁜데? - dc official App,자우버 색 은근 예쁜데? - dc official App,0.5330347418785095,0.17147153615951538,0.15930527448654175,0.0644291564822197,0.042084723711013794,0.02967447228729725
2024-03-03 00:06:07,오늘 관전 포인트,체코 포디움 가냐 안가냐,2,2.0,오늘 관전 포인트 체코 포디움 가냐 안가냐,오늘 관전 포인트 체코 포디움 가냐 안가냐,0.3798772692680359,0.21852318942546844,0.21415390074253082,0.08345527946949005,0.05414276942610741,0.0498475506901741
2024-03-03 00:06:08,해물탕 페라리 간거 아녔음?,뭐노,2,2.0,해물탕 페라리 간거 아녔음? 뭐노,해물탕 페라리 간거 아녔음? 뭐노,0.12033295631408691,0.2431156039237976,0.3272082209587097,0.12733013927936554,0.09142541140317917,0.09058767557144165
2024-03-03 00:06:14,1랩만에 1초를 벌리네 ㅋㅋㅋ,미친새끼,2,2.0,1랩만에 1초를 벌리네 ㅋㅋㅋ 미친새끼,1랩만에 1초를 벌리네 ㅋㅋㅋ 미친새끼,0.17946435511112213,0.2056082934141159,0.2893480062484741,0.15065664052963257,0.11681738495826721,0.05810534581542015
2024-03-03 00:06:19,끝난건가,막스 우승이겠네 씨발...,2,2.0,끝난건가 막스 우승이겠네 씨발...,끝난건가 막스 우승이겠네 씨발...,0.08525041490793228,0.2753016948699951,0.13636502623558044,0.22345921397209167,0.06808731704950333,0.21153628826141357
2024-03-03 00:06:24,설마 이러다 그새끼 폴투윈 하는거 아니지...?,ㅇㅇ..,2,2.0,설마 이러다 그새끼 폴투윈 하는거 아니지...? ㅇㅇ..,설마 이러다 그새끼 폴투윈 하는거 아니지...? ㅇㅇ..,0.11314833164215088,0.21049413084983826,0.324673056602478,0.12753084301948547,0.14178751409053802,0.08236615359783173
2024-03-03 00:06:24,체코의 딸깍쇼 on,,2,2.0,체코의 딸깍쇼 on ,체코의 딸깍쇼 on,0.6263988614082336,0.13671885430812836,0.10065355896949768,0.07038216292858124,0.031161196529865265,0.034685347229242325
2024-03-03 00:06:31,3랩부터 개지랄 날 거 같은데ㅋㅋㅋㅋ,왜 그러지?,2,2.0,3랩부터 개지랄 날 거 같은데ㅋㅋㅋㅋ 왜 그러지?,3랩부터 개지랄 날 거 같은데ㅋㅋㅋㅋ 왜 그러지?,0.09806166589260101,0.2656269073486328,0.2793113589286804,0.16346128284931183,0.11003176122903824,0.0835069939494133
2024-03-03 00:06:31,랩당 1초ㅋㅋㅋㅋㅋㅋㅋㅋ,ㅋㅋㅋㅋ,2,2.0,랩당 1초ㅋㅋㅋㅋㅋㅋㅋㅋ ㅋㅋㅋㅋ,랩당 1초ㅋㅋㅋㅋㅋㅋㅋㅋ ㅋㅋㅋㅋ,0.5802544951438904,0.15766523778438568,0.11461807042360306,0.07797154784202576,0.03269074484705925,0.03679991513490677
2024-03-03 00:06:37,아니 내말이 맞잖아,DRS 2번째랩부터 맞구만,2,2.0,아니 내말이 맞잖아 DRS 2번째랩부터 맞구만,아니 내말이 맞잖아 DRS 2번째랩부터 맞구만,0.10932546108961105,0.24551071226596832,0.31969475746154785,0.15086059272289276,0.08438993245363235,0.09021852165460587
2024-03-03 00:06:38,대런 병신 ㅋㅋ,,2,2.0,대런 병신 ㅋㅋ ,대런 병신 ㅋㅋ,0.6820600628852844,0.11243461817502975,0.09469044208526611,0.054459113627672195,0.026585640385746956,0.029770156368613243
2024-03-03 00:06:46,헐크 개억까 불쌍하네 진짜,퀄리 잘하면 뭐하냐,2,2.0,헐크 개억까 불쌍하네 진짜 퀄리 잘하면 뭐하냐,헐크 개억까 불쌍하네 진짜 퀄리 잘하면 뭐하냐,0.08787849545478821,0.22402629256248474,0.21415893733501434,0.19616557657718658,0.08790259063243866,0.18986809253692627
2024-03-03 00:06:46,1초 벌어졌네 ㅈㅈ,게임오바,2,2.0,1초 벌어졌네 ㅈㅈ 게임오바,1초 벌어졌네 ㅈㅈ 게임오바,0.10486175119876862,0.3212808072566986,0.2283889800310135,0.1188434436917305,0.12305896729230881,0.10356602817773819
2024-03-03 00:06:51,미끌레 1.2초 입갤,"어 우 막
미 끌 레 르
ㅋㅋㅋㅋㅋㅋㅋㅋㅋㅋㅋ",2,2.0,"미끌레 1.2초 입갤 어 우 막
미 끌 레 르
ㅋㅋㅋㅋㅋㅋㅋㅋㅋㅋㅋ",미끌레 1.2초 입갤 어 우 막 미 끌 레 르 ㅋㅋㅋㅋㅋㅋㅋㅋㅋㅋㅋ,0.6415343284606934,0.1337510049343109,0.10129936784505844,0.06432574987411499,0.028284827247262,0.030804764479398727
2024-03-03 00:06:48,갭 1.25초ㅋㅋㅋㅋㅋ,,2,2.0,갭 1.25초ㅋㅋㅋㅋㅋ ,갭 1.25초ㅋㅋㅋㅋㅋ,0.4261263310909271,0.19695894420146942,0.18123725056648254,0.10047665983438492,0.052920348942279816,0.042280472815036774
2024-03-03 00:06:49,몽골 씨발 누가 어뢰좀 박아라 ㅋㅋㅋㅋㅋㅋㅋㅋ,,2,2.0,몽골 씨발 누가 어뢰좀 박아라 ㅋㅋㅋㅋㅋㅋㅋㅋ ,몽골 씨발 누가 어뢰좀 박아라 ㅋㅋㅋㅋㅋㅋㅋㅋ,0.16633154451847076,0.15344172716140747,0.1244090124964714,0.3398318886756897,0.047714296728372574,0.16827158629894257
2024-03-03 00:06:54,drs 2랩부터임?,오랜만에 봐서 근가,2,2.0,drs 2랩부터임? 오랜만에 봐서 근가,drs 2랩부터임? 오랜만에 봐서 근가,0.2287408411502838,0.2196292132139206,0.31773045659065247,0.09353221207857132,0.08832181245088577,0.052045486867427826
2024-03-03 00:06:54,폴투윈 느낌 나는데,- dc official App,2,2.0,폴투윈 느낌 나는데 - dc official App,폴투윈 느낌 나는데 - dc official App,0.4277764558792114,0.19816435873508453,0.20866449177265167,0.07939673960208893,0.04360216110944748,0.04239575192332268
2024-03-03 00:06:55,헐크 시발 멸망,ㅇ,2,2.0,헐크 시발 멸망 ㅇ,헐크 시발 멸망 ㅇ,0.16066423058509827,0.15443377196788788,0.1610696166753769,0.315023809671402,0.0608205609023571,0.147987961769104
2024-03-03 00:06:56,헐크 좆멸망 ㅋㅋㅋㅋㅋㅋㅋㅋㅋㅋ,,2,2.0,헐크 좆멸망 ㅋㅋㅋㅋㅋㅋㅋㅋㅋㅋ ,헐크 좆멸망 ㅋㅋㅋㅋㅋㅋㅋㅋㅋㅋ,0.2902156114578247,0.22144927084445953,0.14561717212200165,0.2087414562702179,0.05883902683854103,0.07513747364282608
2024-03-03 00:07:04,뭐여 헐크 웨 최후미?,"그리드 시작할때 7위인가 아니었나
- dc official App",2,2.0,"뭐여 헐크 웨 최후미? 그리드 시작할때 7위인가 아니었나
- dc official App",뭐여 헐크 웨 최후미? 그리드 시작할때 7위인가 아니었나,0.11275115609169006,0.2528807520866394,0.3176521062850952,0.13526837527751923,0.1016058698296547,0.07984180003404617
2024-03-03 00:07:11,drs 몬쓴다!,니가바라던 drs! 다시는!,2,2.0,drs 몬쓴다! 니가바라던 drs! 다시는!,drs 몬쓴다! 니가바라던 drs! 다시는!,0.09689853340387344,0.2439362108707428,0.12181828171014786,0.21997211873531342,0.06605157256126404,0.25132331252098083
2024-03-03 00:07:11,헐크 갭 48초ㅋㅋㅋㅋㅋ,,2,2.0,헐크 갭 48초ㅋㅋㅋㅋㅋ ,헐크 갭 48초ㅋㅋㅋㅋㅋ,0.45029279589653015,0.18770965933799744,0.20091821253299713,0.07756128162145615,0.05178678035736084,0.03173123672604561
2024-03-03 00:07:12,헐크 진짜 멸망ㅋㅋㅋㅋ,ㅋㅋㅋ,2,2.0,헐크 진짜 멸망ㅋㅋㅋㅋ ㅋㅋㅋ,헐크 진짜 멸망ㅋㅋㅋㅋ ㅋㅋㅋ,0.41877853870391846,0.22377197444438934,0.17512014508247375,0.08944568783044815,0.055092036724090576,0.03779162839055061
2024-03-03 00:07:15,개막전 10초만에 좆망하는 하스,하스팬으로써 자랑스럽읍니다.,2,2.0,개막전 10초만에 좆망하는 하스 하스팬으로써 자랑스럽읍니다.,개막전 10초만에 좆망하는 하스 하스팬으로써 자랑스럽읍니다.,0.45998528599739075,0.15573750436306,0.09446901082992554,0.10780388116836548,0.05730198696255684,0.12470241636037827
2024-03-03 00:07:16,헐크는 기회 올때마다 ^무^ 당하노 ㅋㅋㅋㅋㅋㅋ,,2,2.0,헐크는 기회 올때마다 ^무^ 당하노 ㅋㅋㅋㅋㅋㅋ ,헐크는 기회 올때마다 ^무^ 당하노 ㅋㅋㅋㅋㅋㅋ,0.2008802741765976,0.3149702847003937,0.1552097648382187,0.1394796073436737,0.08775665611028671,0.1017034724354744
2024-03-03 00:07:17,아야오 첫경기부터 머리아프겠노ㅋㅋㅋㅋㅋ,,2,2.0,아야오 첫경기부터 머리아프겠노ㅋㅋㅋㅋㅋ ,아야오 첫경기부터 머리아프겠노ㅋㅋㅋㅋㅋ,0.20908509194850922,0.3233790695667267,0.1666271984577179,0.12216660380363464,0.0808485597372055,0.09789351373910904
2024-03-03 00:07:21,레드불 원투 각이노,ㅈㄴ 빠르네,2,2.0,레드불 원투 각이노 ㅈㄴ 빠르네,레드불 원투 각이노 ㅈㄴ 빠르네,0.2295510172843933,0.19992376863956451,0.32970303297042847,0.0984543114900589,0.10054992884397507,0.041817907243967056
2024-03-03 00:07:21,스테이크 리버리 눈에 ㅈㄴ 띄긴하네,너무 못 생겨서 계속 보게 됨,2,2.0,스테이크 리버리 눈에 ㅈㄴ 띄긴하네 너무 못 생겨서 계속 보게 됨,스테이크 리버리 눈에 ㅈㄴ 띄긴하네 너무 못 생겨서 계속 보게 됨,0.11423484236001968,0.31875911355018616,0.23697449266910553,0.1391402930021286,0.10788270086050034,0.0830085426568985
2024-03-03 00:07:21,또 막스우승이네,"에라이
- dc official App",2,2.0,"또 막스우승이네 에라이
- dc official App",또 막스우승이네 에라이,0.10088839381933212,0.2668546438217163,0.15221373736858368,0.22816316783428192,0.04977172985672951,0.2021084427833557
2024-03-03 00:07:23,르끌시발 ㅋㅋ 결국 DRS못하네,러셀한테 따잇!@,2,2.0,르끌시발 ㅋㅋ 결국 DRS못하네 러셀한테 따잇!@,르끌시발 ㅋㅋ 결국 DRS못하네 러셀한테 따잇!@,0.11750893294811249,0.2379836142063141,0.1301647126674652,0.27402690052986145,0.07394329458475113,0.16637259721755981
2024-03-03 00:07:24,다봤노 오늘도,자러간다 ㅂ,3,3.0,다봤노 오늘도 자러간다 ㅂ,다봤노 오늘도 자러간다 ㅂ,0.6281589269638062,0.1487237513065338,0.06520675122737885,0.07168388366699219,0.029750080779194832,0.05647663772106171
2024-03-03 00:07:25,아니 레드불 레이스 페이스 실화냐 ㅋㅋㅋㅋㅋㅋㅋㅋㅋ,개색들 저거 다 샌드배깅이네 ㅡㅡ,3,3.0,아니 레드불 레이스 페이스 실화냐 ㅋㅋㅋㅋㅋㅋㅋㅋㅋ 개색들 저거 다 샌드배깅이네 ㅡㅡ,아니 레드불 레이스 페이스 실화냐 ㅋㅋㅋㅋㅋㅋㅋㅋㅋ 개색들 저거 다 샌드배깅이네 ㅡㅡ,0.10297710448503494,0.2190573364496231,0.1784452199935913,0.2739220857620239,0.08600606769323349,0.13959215581417084
2024-03-03 00:07:28,F1 갤러리 일동은 막스 베르스타펜의 24시즌 월드 챔피언을 축하합니다!,,3,3.0,F1 갤러리 일동은 막스 베르스타펜의 24시즌 월드 챔피언을 축하합니다! ,F1 갤러리 일동은 막스 베르스타펜의 24시즌 월드 챔피언을 축하합니다!,0.6822816133499146,0.13345156610012054,0.06609194725751877,0.05216870829463005,0.028830604627728462,0.037175536155700684
2024-03-03 00:07:38,@@@@헤밀턴 페라리는 25년부터@@@@@,이거 공지로 알려줘야함 ㅅㅂ,3,3.0,@@@@헤밀턴 페라리는 25년부터@@@@@ 이거 공지로 알려줘야함 ㅅㅂ,@@@ 페라리는 25년부터@@@@@ 이거 공지로 알려줘야함 ㅅㅂ,0.11393914371728897,0.2185261845588684,0.11733754724264145,0.2783541679382324,0.04354644566774368,0.22829647362232208
2024-03-03 00:07:45,뭔 갭이 시발 벌써 ㅋㅋㅋㅋㅋㅋㅋㅋ,몽골 적당히좀 해 ㅅㅂㅋㅋㅋㅋ,3,3.0,뭔 갭이 시발 벌써 ㅋㅋㅋㅋㅋㅋㅋㅋ 몽골 적당히좀 해 ㅅㅂㅋㅋㅋㅋ,뭔 갭이 시발 벌써 ㅋㅋㅋㅋㅋㅋㅋㅋ 몽골 적당히좀 해 ㅅㅂㅋㅋㅋㅋ,0.10487654060125351,0.218650221824646,0.16057096421718597,0.30116409063339233,0.07172119617462158,0.14301703870296478
2024-03-03 00:07:45,미끌 1.5초 엌ㅋㅋㅋㅋㅋㅋㅋㅋ,"어 우 막
이번시즌도 다봤다",3,3.0,"미끌 1.5초 엌ㅋㅋㅋㅋㅋㅋㅋㅋ 어 우 막
이번시즌도 다봤다",미끌 1.5초 엌ㅋㅋㅋㅋㅋㅋㅋㅋ 어 우 막 이번시즌도 다봤다,0.638239324092865,0.14694944024085999,0.081318199634552,0.06668772548437119,0.028363121673464775,0.03844219446182251
2024-03-03 00:07:48,‘딸깍’,,3,3.0,‘딸깍’ ,‘딸깍’,0.5126051902770996,0.1710677146911621,0.15149067342281342,0.07672843337059021,0.041471317410469055,0.0466366708278656
2024-03-03 00:07:48,막스 드챔트로피 미리주고,19명이서 경기하면 안되냐,3,3.0,막스 드챔트로피 미리주고 19명이서 경기하면 안되냐,막스 드챔트로피 미리주고 19명이서 경기하면 안되냐,0.1450352668762207,0.2831895351409912,0.181686669588089,0.16049343347549438,0.054563820362091064,0.17503122985363007
2024-03-03 00:07:49,알론소를 노리는 노리스 ㅋㅋㅋㅋㅋㅋㅋ,,3,3.0,알론소를 노리는 노리스 ㅋㅋㅋㅋㅋㅋㅋ ,알론소를 노리는 노리스 ㅋㅋㅋㅋㅋㅋㅋ,0.6128720641136169,0.13753598928451538,0.11534900218248367,0.07333545386791229,0.030464835464954376,0.03044256754219532
2024-03-03 00:07:51,올해도 텄네 씨발ㅋㅋㅋㅋㅋㅋㅋㅋㅋㅋㅋㅋㅋ,"막스 4챔
끝",3,3.0,"올해도 텄네 씨발ㅋㅋㅋㅋㅋㅋㅋㅋㅋㅋㅋㅋㅋ 막스 4챔
끝",올해도 텄네 씨발ㅋㅋㅋㅋㅋㅋㅋㅋㅋㅋㅋㅋㅋ 막스 4챔 끝,0.11973349750041962,0.25079411268234253,0.1149931252002716,0.233367919921875,0.0641203299164772,0.21699103713035583
2024-03-03 00:07:58,막스 전승우승각ㅋㅋ,ㅋㅋ,3,3.0,막스 전승우승각ㅋㅋ ㅋㅋ,막스 전승우승각ㅋㅋ ㅋㅋ,0.6911723613739014,0.11734618246555328,0.07250563055276871,0.05490453541278839,0.030152272433042526,0.0339190773665905
2024-03-03 00:08:02,살살댤리랴고!!!,랩당1초 ㅅㅂ,3,3.0,살살댤리랴고!!! 랩당1초 ㅅㅂ,살살댤리랴고!!! 랩당1초 ㅅㅂ,0.1472431719303131,0.21163882315158844,0.10274995118379593,0.3309977948665619,0.04163363203406334,0.16573670506477356
2024-03-03 00:08:07,르끌 따잇 ㅋㅋㅋ,,3,3.0,르끌 따잇 ㅋㅋㅋ ,르끌 따잇 ㅋㅋㅋ,0.7116497755050659,0.10808712244033813,0.06359123438596725,0.056347932666540146,0.023628802970051765,0.036695193499326706
2024-03-03 00:08:09,쥬지 ㅋㅋㅋㅋㅋㅋ,,3,3.0,쥬지 ㅋㅋㅋㅋㅋㅋ ,쥬지 ㅋㅋㅋㅋㅋㅋ,0.6836378574371338,0.11972452700138092,0.07859228551387787,0.058327384293079376,0.026296094059944153,0.033421847969293594
2024-03-03 00:08:11,쥬지가 따잇ㅋㅋㅋㅋㅋ,,3,3.0,쥬지가 따잇ㅋㅋㅋㅋㅋ ,쥬지가 따잇ㅋㅋㅋㅋㅋ,0.6864553093910217,0.11660287529230118,0.07891272008419037,0.059291623532772064,0.027579445391893387,0.03115806356072426
2024-03-03 00:08:12,갓팡맨,가나요,3,3.0,갓팡맨 가나요,갓팡맨 가나요,0.676826536655426,0.12199867516756058,0.07511068880558014,0.056196536868810654,0.030871791765093803,0.03899580240249634
2024-03-03 00:08:12,ㅈ라리 ㅋㅋㅋㅋㅋㅋㅋㅋ,,3,3.0,ㅈ라리 ㅋㅋㅋㅋㅋㅋㅋㅋ ,ㅈ라리 ㅋㅋㅋㅋㅋㅋㅋㅋ,0.4925817549228668,0.18092080950737,0.10271239280700684,0.13046443462371826,0.037567686289548874,0.05575292557477951
2024-03-03 00:08:13,대황쥬지ㅋㅋㅋㅋ,ㅋ,3,3.0,대황쥬지ㅋㅋㅋㅋ ㅋ,대황쥬지ㅋㅋㅋㅋ ㅋ,0.7193551659584045,0.10499190539121628,0.059323277324438095,0.05505210906267166,0.024513503536581993,0.036764029413461685
2024-03-03 00:08:14,사인지 따~따잇 ㅋㅋㅋㅋㅋㅋㅋㅋㅋㅋ,,3,3.0,사인지 따~따잇 ㅋㅋㅋㅋㅋㅋㅋㅋㅋㅋ ,사인지 따~따잇 ㅋㅋㅋㅋㅋㅋㅋㅋㅋㅋ,0.7099105715751648,0.10862994194030762,0.0701197013258934,0.055357374250888824,0.022769680246710777,0.03321274369955063
2024-03-03 00:08:15,르끌 따잇 ㅋㅋㅋㅋㅋㅋ,ㅋㅋㅋㅋㅋ,3,3.0,르끌 따잇 ㅋㅋㅋㅋㅋㅋ ㅋㅋㅋㅋㅋ,르끌 따잇 ㅋㅋㅋㅋㅋㅋ ㅋㅋㅋㅋㅋ,0.7032594680786133,0.11189820617437363,0.06483426690101624,0.05999169871211052,0.023161813616752625,0.036854568868875504
2024-03-03 00:08:16,야 이정도 갭이면 ㄹㅇ 전승우승 ㅆㄱㄴ임,,3,3.0,야 이정도 갭이면 ㄹㅇ 전승우승 ㅆㄱㄴ임 ,야 이정도 갭이면 ㄹㅇ 전승우승 ㅆㄱㄴ임,0.33337950706481934,0.20563870668411255,0.24474935233592987,0.08501464873552322,0.09308576583862305,0.03813200071454048
2024-03-03 00:08:16,르클 따잇 ㅋㅋㅋㅋㅋㅋㅋㅋㅋㅋㅋ,,3,3.0,르클 따잇 ㅋㅋㅋㅋㅋㅋㅋㅋㅋㅋㅋ ,르클 따잇 ㅋㅋㅋㅋㅋㅋㅋㅋㅋㅋㅋ,0.7184831500053406,0.10494370013475418,0.06324104219675064,0.05497143417596817,0.023683613166213036,0.03467706963419914
2024-03-03 00:08:19,하수: 자러감,고수: 사우디 그랑프리 일정 검색함,3,3.0,하수: 자러감 고수: 사우디 그랑프리 일정 검색함,하수: 자러감 고수: 사우디 그랑프리 일정 검색함,0.4057014584541321,0.21136358380317688,0.18913181126117706,0.09519197791814804,0.051429737359285355,0.04718141630291939
2024-03-03 00:08:19,느그퍼스트 ㅋㅋㅋ,,3,3.0,느그퍼스트 ㅋㅋㅋ ,느그퍼스트 ㅋㅋㅋ,0.6955872774124146,0.11331067979335785,0.06855273991823196,0.05736937373876572,0.027850208804011345,0.03732971474528313
2024-03-03 00:08:19,좆르끌ㅋㅋㅋ,ㅋㅋㅋ,3,3.0,좆르끌ㅋㅋㅋ ㅋㅋㅋ,좆르끌ㅋㅋㅋ ㅋㅋㅋ,0.5146124958992004,0.19315585494041443,0.10789038985967636,0.10292717069387436,0.03511068597435951,0.0463033951818943
2024-03-03 00:08:20,이런씨발,,3,3.0,이런씨발 ,이런씨발,0.1477605402469635,0.19662225246429443,0.14404676854610443,0.2639048397541046,0.05214100703597069,0.195524662733078
2024-03-03 00:08:23,쥬지 미친 추월ㅋㅋㅋ,ㅋㅋ,3,3.0,쥬지 미친 추월ㅋㅋㅋ ㅋㅋ,쥬지 미친 추월ㅋㅋㅋ ㅋㅋ,0.6614192724227905,0.12466241419315338,0.09489035606384277,0.059789445251226425,0.0276733860373497,0.031565140932798386
2024-03-03 00:08:23,아 미치겠다,,3,3.0,아 미치겠다 ,아 미치겠다,0.24058042466640472,0.24349075555801392,0.14274314045906067,0.20675794780254364,0.05997738987207413,0.1064503863453865
2024-03-03 00:08:24,ㅅㅅㅅㅅ쥬우지,ㅅㅅ,3,3.0,ㅅㅅㅅㅅ쥬우지 ㅅㅅ,ㅅㅅㅅㅅ쥬우지 ㅅㅅ,0.7111672759056091,0.11040681600570679,0.06215619295835495,0.05540720373392105,0.023011883720755577,0.03785067796707153
2024-03-03 00:08:22,대쥬지ㄷㄷ,,3,3.0,대쥬지ㄷㄷ ,대쥬지ㄷㄷ,0.2930549085140228,0.20951969921588898,0.2899549901485443,0.0847093015909195,0.08792717009782791,0.034833911806344986
2024-03-03 00:08:26,병신한테는 따이지 말자 제발 ㅋㅋ,,3,3.0,병신한테는 따이지 말자 제발 ㅋㅋ ,병신한테는 따이지 말자 제발 ㅋㅋ,0.11010795086622238,0.24452519416809082,0.2527638375759125,0.13827891647815704,0.13004347681999207,0.12428062409162521
2024-03-03 00:08:27,토트넘 보러간다 ㅅㅂ,54렙동안 막스가 리드하는거 볼바에야,3,3.0,토트넘 보러간다 ㅅㅂ 54렙동안 막스가 리드하는거 볼바에야,토트넘 보러간다 ㅅㅂ 54렙동안 막스가 리드하는거 볼바에야,0.12648220360279083,0.2592455744743347,0.13220587372779846,0.22386391460895538,0.04701826721429825,0.21118417382240295
2024-03-03 00:08:29,막가놈 빠르긴 ㅈㄴ 빠르네,,3,3.0,막가놈 빠르긴 ㅈㄴ 빠르네 ,막가놈 빠르긴 ㅈㄴ 빠르네,0.10502371191978455,0.2061334103345871,0.3024456799030304,0.19300833344459534,0.11815444380044937,0.07523446530103683
2024-03-03 00:08:30,몽골 넷플 버튼 몇랩째에 누르냐,2랩에 1.6초ㅋㅋㅋㅋ,3,3.0,몽골 넷플 버튼 몇랩째에 누르냐 2랩에 1.6초ㅋㅋㅋㅋ,몽골 넷플 버튼 몇랩째에 누르냐 2랩에 1.6초ㅋㅋㅋㅋ,0.2883080542087555,0.24982960522174835,0.20790094137191772,0.13373206555843353,0.06686067581176758,0.05336856096982956
2024-03-03 00:08:31,승리의 펠라단은 개추 ㅋㅋㅋㅋㅋ,- dc official App,3,3.0,승리의 펠라단은 개추 ㅋㅋㅋㅋㅋ - dc official App,승리의 펠라단은 개추 ㅋㅋㅋㅋㅋ - dc official App,0.6937883496284485,0.11138229817152023,0.07392386347055435,0.05976280942559242,0.027599111199378967,0.03354353830218315
2024-03-03 00:08:32,대 쥬 지,이궈궈던ㅋㅋ,3,3.0,대 쥬 지 이궈궈던ㅋㅋ,대 쥬 지 이궈궈던ㅋㅋ,0.6915890574455261,0.11334894597530365,0.07490801066160202,0.059065379202365875,0.02593941055238247,0.03514919802546501
2024-03-03 00:08:34,3랩에 2초수준 ㅋㅋㅋㅋㅋ,,3,3.0,3랩에 2초수준 ㅋㅋㅋㅋㅋ ,3랩에 2초수준 ㅋㅋㅋㅋㅋ,0.15305624902248383,0.2652939558029175,0.28257492184638977,0.1417519748210907,0.0917152389883995,0.06560766696929932
2024-03-03 00:08:35,쿠팡맨 떡상ㅋㅋㅋ,ㅋㅋ,3,3.0,쿠팡맨 떡상ㅋㅋㅋ ㅋㅋ,쿠팡맨 떡상ㅋㅋㅋ ㅋㅋ,0.7142040729522705,0.10818253457546234,0.05912585183978081,0.0529356375336647,0.02710799127817154,0.038444001227617264
2024-03-03 00:08:35,저저저 좀 막아봐,아니 디펜은 좀 해줘야지,3,3.0,저저저 좀 막아봐 아니 디펜은 좀 해줘야지,저저저 좀 막아봐 아니 디펜은 좀 해줘야지,0.08372464030981064,0.295515239238739,0.1841045320034027,0.15029717981815338,0.06955579668283463,0.2168026715517044
2024-03-03 00:08:36,르끌 저새끼 왜저럼 ㅋㅋㅋ,,3,3.0,르끌 저새끼 왜저럼 ㅋㅋㅋ ,르끌 저새끼 왜저럼 ㅋㅋㅋ,0.10435793548822403,0.22882051765918732,0.1942773014307022,0.26487863063812256,0.08514498174190521,0.12252061814069748
2024-03-03 00:08:37,2초입갤ㅋㅋㅋㅋㅋㅋㅋ,,3,3.0,2초입갤ㅋㅋㅋㅋㅋㅋㅋ ,2초입갤ㅋㅋㅋㅋㅋㅋㅋ,0.617481529712677,0.13300666213035583,0.11244075000286102,0.0710987001657486,0.033119525760412216,0.03285278007388115
2024-03-03 00:08:38,개좆르끌ㅋㅋㅋㅋㅋㅋㅋㅋㅋㅋㅋ,,3,3.0,개좆르끌ㅋㅋㅋㅋㅋㅋㅋㅋㅋㅋㅋ ,개좆르끌ㅋㅋㅋㅋㅋㅋㅋㅋㅋㅋㅋ,0.21308109164237976,0.26780271530151367,0.12775687873363495,0.2359868884086609,0.058311548084020615,0.097060926258564
2024-03-03 00:08:40,좆라리 ㅋㅋㅋㅋㅋㅋㅋㅋ,ㅋㅋㅋㅋㅋㅋㅋㅋㅋㅋㅋㅋㅋㅋㅋㅋㅋㅋ,3,3.0,좆라리 ㅋㅋㅋㅋㅋㅋㅋㅋ ㅋㅋㅋㅋㅋㅋㅋㅋㅋㅋㅋㅋㅋㅋㅋㅋㅋㅋ,좆라리 ㅋㅋㅋㅋㅋㅋㅋㅋ ㅋㅋㅋㅋㅋㅋㅋㅋㅋㅋㅋㅋㅋㅋㅋㅋㅋㅋ,0.5830100178718567,0.1605221927165985,0.09297531843185425,0.09090578556060791,0.02821134217083454,0.04437532275915146
2024-03-03 00:08:40,쿠팡맨 로켓배송 중,가라!,3,3.0,쿠팡맨 로켓배송 중 가라!,쿠팡맨 로켓배송 중 가라!,0.6689338088035583,0.12471093982458115,0.06706343591213226,0.05955780670046806,0.03140225261449814,0.04833175614476204
2024-03-03 00:08:41,르끌 머해!!!!!!!,시발 타이어 아끼라고!!@!@,3,3.0,르끌 머해!!!!!!! 시발 타이어 아끼라고!!@!@,르끌 머해!!!!!!! 시발 타이어 아끼라고!!@!@,0.12052296847105026,0.2274758219718933,0.11128003895282745,0.2988235354423523,0.038445159792900085,0.20345252752304077
2024-03-03 00:08:41,대 자 지,ㅅㅅ,3,3.0,대 자 지 ㅅㅅ,대 자 지 ㅅㅅ,0.705578625202179,0.1054430678486824,0.06829807907342911,0.06046508997678757,0.02473694272339344,0.035478245466947556
2024-03-03 00:08:45,겜 끝났네,"막 1위 ㅈ노잼
- dc official App",3,3.0,"겜 끝났네 막 1위 ㅈ노잼
- dc official App",겜 끝났네 막 1위 ㅈ노잼,0.11361080408096313,0.31638991832733154,0.16408754885196686,0.1822132170200348,0.06629834324121475,0.15740014612674713
2024-03-03 00:08:47,쥬지 페이스,좀 빨라보이는데? 개똥차는 아닌가ㅏㅏ,3,3.0,쥬지 페이스 좀 빨라보이는데? 개똥차는 아닌가ㅏㅏ,쥬지 페이스 좀 빨라보이는데? 개똥차는 아닌가ㅏㅏ,0.12358374893665314,0.24326114356517792,0.3365422785282135,0.11096038669347763,0.12275668978691101,0.06289573758840561
2024-03-03 00:08:48,ㅅㅂ 역시 르끌은,챔피언 자질이 없어 탈모새키,3,3.0,ㅅㅂ 역시 르끌은 챔피언 자질이 없어 탈모새키,ㅅㅂ 역시 르끌은 챔피언 자질이 없어 탈모새키,0.11103512346744537,0.16969691216945648,0.14856703579425812,0.3294621706008911,0.05379171669483185,0.18744705617427826
2024-03-03 00:08:48,3랩만에 2초입갤ㅋㅋㅋㅋㅋㅋㅋ,"어 우 막
ㅇㅇ",3,3.0,"3랩만에 2초입갤ㅋㅋㅋㅋㅋㅋㅋ 어 우 막
ㅇㅇ",3랩만에 2초입갤ㅋㅋㅋㅋㅋㅋㅋ 어 우 막 ㅇㅇ,0.6099067330360413,0.14563360810279846,0.113001249730587,0.06667864322662354,0.03379257395863533,0.030987193807959557
2024-03-03 00:08:53,메르 첫경기부터 무슨일이고,삽질을 안하네,3,3.0,메르 첫경기부터 무슨일이고 삽질을 안하네,메르 첫경기부터 무슨일이고 삽질을 안하네,0.08274415135383606,0.23951609432697296,0.3138509690761566,0.1620975285768509,0.09821948409080505,0.10357179492712021
2024-03-03 00:08:53,물탕이의 대단한 선택 ㅋㅋㅋㅋㅋㅋㅋㅌㅋ,ㅋㅋㅋㅌㅋ,3,3.0,물탕이의 대단한 선택 ㅋㅋㅋㅋㅋㅋㅋㅌㅋ ㅋㅋㅋㅌㅋ,물탕이의 대단한 선택 ㅋㅋㅋㅋㅋㅋㅋㅌㅋ ㅋㅋㅋㅌㅋ,0.6372788548469543,0.14185763895511627,0.08796721696853638,0.058007534593343735,0.03812588006258011,0.03676287457346916
2024-03-03 00:08:54,시발 올시즌도 망했노 ㅋㅋㅋㅋㅋ,ㅋㅋㅋㅋ,3,3.0,시발 올시즌도 망했노 ㅋㅋㅋㅋㅋ ㅋㅋㅋㅋ,시발 올시즌도 망했노 ㅋㅋㅋㅋㅋ ㅋㅋㅋㅋ,0.10963132232427597,0.2539074718952179,0.11938980221748352,0.23671941459178925,0.07227331399917603,0.20807866752147675
2024-03-03 00:08:56,쥬지 뽕알도 존나크네 ㅋㅋ,"뭐농
ㅋㅋ",3,3.0,"쥬지 뽕알도 존나크네 ㅋㅋ 뭐농
ㅋㅋ",쥬지 뽕알도 존나크네 ㅋㅋ 뭐농 ㅋㅋ,0.20820480585098267,0.22438231110572815,0.30172669887542725,0.11165683716535568,0.11237917840480804,0.04165017977356911
2024-03-03 00:08:57,2초 갭 씨발 ㅋㅋㅋㅋㅋㅋㅋㅋㅋㅋㅋ,,3,3.0,2초 갭 씨발 ㅋㅋㅋㅋㅋㅋㅋㅋㅋㅋㅋ ,2초 갭 씨발 ㅋㅋㅋㅋㅋㅋㅋㅋㅋㅋㅋ,0.2367883175611496,0.29218748211860657,0.1500827521085739,0.1658727079629898,0.07406806200742722,0.08100065588951111
2024-03-03 00:08:57,근레즈 << 이새끼 속도보면 시이발,조만간 레드불 원투다,3,3.0,근레즈 << 이새끼 속도보면 시이발 조만간 레드불 원투다,근레즈 << 이새끼 속도보면 시이발 조만간 레드불 원투다,0.13179422914981842,0.14986321330070496,0.16627968847751617,0.3139401078224182,0.06488324701786041,0.1732395589351654
2024-03-03 00:09:02,에휴씨발 좆같이재미없네,씨발,3,3.0,에휴씨발 좆같이재미없네 씨발,에휴씨발 좆같이재미없네 씨발,0.15584982931613922,0.21300514042377472,0.09769128262996674,0.2822411060333252,0.04071163758635521,0.21050101518630981
2024-03-03 00:09:04,막스 베르스타펜의 4연챔을 축하합니다...,이제 F0으로 이적하시길...,4,4.0,막스 베르스타펜의 4연챔을 축하합니다... 이제 F0으로 이적하시길...,막스 베르스타펜의 4연챔을 축하합니다... 이제 F0으로 이적하시길...,0.5624915361404419,0.16194027662277222,0.11811646074056625,0.06368401646614075,0.05310482159256935,0.04066286236047745
2024-03-03 00:09:08,오늘 최소 투스탑이겠지?,"소소미?
소미소?",4,4.0,"오늘 최소 투스탑이겠지? 소소미?
소미소?",오늘 최소 투스탑이겠지? 소소미? 소미소?,0.469743549823761,0.18128952383995056,0.1697903424501419,0.07236174494028091,0.060350336134433746,0.04646458476781845
2024-03-03 00:09:11,몽골견이지만 1랩에 1초차이는 ㅋㅋㅋㅋ,"너무 밸붕이네 ㅋㅋㅋㅋ
- dc official App",4,4.0,"몽골견이지만 1랩에 1초차이는 ㅋㅋㅋㅋ 너무 밸붕이네 ㅋㅋㅋㅋ
- dc official App",몽골견이지만 1랩에 1초차이는 ㅋㅋㅋㅋ 너무 밸붕이네 ㅋㅋㅋㅋ,0.1130770668387413,0.3250090181827545,0.24019266664981842,0.13342216610908508,0.10328900814056396,0.08501004427671432
2024-03-03 00:09:11,좆라리는 차도 숏런원툴이노?,.,4,4.0,좆라리는 차도 숏런원툴이노? .,좆라리는 차도 숏런원툴이노? .,0.06864918023347855,0.2528248131275177,0.22437214851379395,0.21173198521137238,0.07464291155338287,0.16777895390987396
2024-03-03 00:09:12,르끌게이야...,아..,4,4.0,르끌게이야... 아..,르끌게이야... 아..,0.1213013082742691,0.3051498234272003,0.1950121968984604,0.1357150673866272,0.09148749709129333,0.15133421123027802
2024-03-03 00:09:14,벌써 올 시즌 결과까지 다 본 것 같은 엪붕이들은 개추,ㅅㅂㅋㅋㅋㅋ텄다 텄어,4,4.0,벌써 올 시즌 결과까지 다 본 것 같은 엪붕이들은 개추 ㅅㅂㅋㅋㅋㅋ텄다 텄어,벌써 올 시즌 결과까지 다 본 것 같은 엪붕이들은 개추 ㅅㅂㅋㅋㅋㅋ텄다 텄어,0.3456147313117981,0.23015917837619781,0.13113215565681458,0.12186039984226227,0.08995018899440765,0.08128329366445541
2024-03-03 00:09:15,"""지는거에요?""",- dc official App,4,4.0,"""지는거에요?"" - dc official App","""지는거에요?"" - dc official App",0.1416255384683609,0.2623952329158783,0.3089834451675415,0.09971222281455994,0.10085012763738632,0.08643344789743423
2024-03-03 00:09:19,그저 2위경쟁 ㅋㅋㅋㅋㅋㅋㅋㅋㅋ,,4,4.0,그저 2위경쟁 ㅋㅋㅋㅋㅋㅋㅋㅋㅋ ,그저 2위경쟁 ㅋㅋㅋㅋㅋㅋㅋㅋㅋ,0.21217653155326843,0.2817499339580536,0.16871213912963867,0.1740192323923111,0.07715626806020737,0.08618595451116562
2024-03-03 00:09:20,스핀 안 나서 다행이다 휴,"르끌아 그래도 포디움에는 들어가야지
체코 보내줄거야?",4,4.0,"스핀 안 나서 다행이다 휴 르끌아 그래도 포디움에는 들어가야지
체코 보내줄거야?",스핀 안 나서 다행이다 휴 르끌아 그래도 포디움에는 들어가야지 체코 보내줄거야?,0.3609244227409363,0.24795910716056824,0.09771085530519485,0.09810227155685425,0.05120658129453659,0.14409680664539337
2024-03-03 00:09:22,저번시즌이랑 뭐가 다른데,이런 십,4,4.0,저번시즌이랑 뭐가 다른데 이런 십,저번시즌이랑 뭐가 다른데 이런 십,0.10139953345060349,0.23620297014713287,0.11830395460128784,0.24922101199626923,0.04160192236304283,0.25327059626579285
2024-03-03 00:09:25,막스 베텔넘겠노ㅋㅋㅋㅋㅋㅋㅋㅋㅋㅋㅋㅋㅋㅋㅋㅋ,5챔각ㅋㅋㅋ,4,4.0,막스 베텔넘겠노ㅋㅋㅋㅋㅋㅋㅋㅋㅋㅋㅋㅋㅋㅋㅋㅋ 5챔각ㅋㅋㅋ,막스 베텔넘겠노ㅋㅋㅋㅋㅋㅋㅋㅋㅋㅋㅋㅋㅋㅋㅋㅋ 5챔각ㅋㅋㅋ,0.6236610412597656,0.14062300324440002,0.11115545779466629,0.06228850036859512,0.03499823436141014,0.027273833751678467
2024-03-03 00:09:26,물탕경의 잘못된선택,아,4,4.0,물탕경의 잘못된선택 아,물탕경의 잘못된선택 아,0.09463152289390564,0.26733556389808655,0.17055094242095947,0.14387081563472748,0.07441742718219757,0.24919375777244568
2024-03-03 00:09:28,에라이 시발 그럼 그렇지,또 막스네,4,4.0,에라이 시발 그럼 그렇지 또 막스네,에라이 시발 그럼 그렇지 또 막스네,0.1019381433725357,0.23127847909927368,0.1370488554239273,0.2722720205783844,0.059003688395023346,0.19845879077911377
2024-03-03 00:09:29,수고하셨습니다,ㄹㅇㅋㅋ,4,4.0,수고하셨습니다 ㄹㅇㅋㅋ,수고하셨습니다 ㄹㅇㅋㅋ,0.6293336749076843,0.1516401171684265,0.06425708532333374,0.06634596735239029,0.029208002611994743,0.05921516567468643
2024-03-03 00:09:44,이번시즌 전승우승 가능하냐?,큰거오냐?,4,4.0,이번시즌 전승우승 가능하냐? 큰거오냐?,이번시즌 전승우승 가능하냐? 큰거오냐?,0.37054502964019775,0.201579287648201,0.21321772038936615,0.08031325042247772,0.07452734559774399,0.059817343950271606
2024-03-03 00:09:45,막페쥬 포디움이겠네 페라리병신,르끌 찍싸고 끝낫네,4,4.0,막페쥬 포디움이겠네 페라리병신 르끌 찍싸고 끝낫네,막페쥬 포디움이겠네 페라리병신 르끌 찍싸고 끝낫네,0.08739519864320755,0.30676302313804626,0.16408222913742065,0.20623375475406647,0.07234597206115723,0.16317981481552124
2024-03-03 00:09:46,하수: 막가놈 또 30초 우승 하겠네,고수: 막가놈 55랩 피트인 기다림,4,4.0,하수: 막가놈 또 30초 우승 하겠네 고수: 막가놈 55랩 피트인 기다림,하수: 막가놈 또 30초 우승 하겠네 고수: 막가놈 55랩 피트인 기다림,0.4315403401851654,0.18871165812015533,0.17232558131217957,0.10521318763494492,0.045242853462696075,0.056966327130794525
2024-03-03 00:09:47,F1 1위 대황쥬지,혼자 F0 하는 새끼는 빼고,4,4.0,F1 1위 대황쥬지 혼자 F0 하는 새끼는 빼고,F1 1위 대황쥬지 혼자 F0 하는 새끼는 빼고,0.20405267179012299,0.2521757483482361,0.18558035790920258,0.1862732470035553,0.07784291356801987,0.09407508373260498
2024-03-03 00:09:49,f1갤러리 일동은 베르스타펜의 시즌 전승을 축하합니다,,4,4.0,f1갤러리 일동은 베르스타펜의 시즌 전승을 축하합니다 ,f1갤러리 일동은 베르스타펜의 시즌 전승을 축하합니다,0.6917478442192078,0.12484566867351532,0.06565682590007782,0.05152825638651848,0.02754233032464981,0.03867911547422409
2024-03-03 00:09:54,하스 오ㅑ 잘따라옴?,,4,4.0,하스 오ㅑ 잘따라옴? ,하스 오ㅑ 잘따라옴?,0.5705004930496216,0.17074494063854218,0.12773706018924713,0.05482184514403343,0.03959307074546814,0.03660257160663605
2024-03-03 00:10:07,막스 옆에 인터벌이 머임?,- dc official App,4,4.0,막스 옆에 인터벌이 머임? - dc official App,막스 옆에 인터벌이 머임? - dc official App,0.23540431261062622,0.219382643699646,0.3278872072696686,0.09459596127271652,0.06940978020429611,0.053320132195949554
2024-03-03 00:10:09,벌써부터 '이새끼' 그리우면 개추 ㅋㅋㅋㅋㅋㅋㅋㅋㅋ,,4,4.0,벌써부터 '이새끼' 그리우면 개추 ㅋㅋㅋㅋㅋㅋㅋㅋㅋ ,벌써부터 '이새끼' 그리우면 개추 ㅋㅋㅋㅋㅋㅋㅋㅋㅋ,0.5961943864822388,0.1356879025697708,0.10363377630710602,0.07979732751846313,0.04564990475773811,0.03903676196932793
2024-03-03 00:10:17,해물탕 퀄리털린게 레이스세팅이라며?,ㅈㄹ하고있네 퇴물쉑,4,4.0,해물탕 퀄리털린게 레이스세팅이라며? ㅈㄹ하고있네 퇴물쉑,해물탕 퀄리털린게 레이스세팅이라며? ㅈㄹ하고있네 퇴물쉑,0.10410328954458237,0.20419910550117493,0.17120052874088287,0.2999723553657532,0.06600184738636017,0.1545228511095047
2024-03-03 00:10:17,막스 스타트 조졌네 오랜만에,그럼 ㅁ ㅗ함ㅅㅂ,4,4.0,막스 스타트 조졌네 오랜만에 그럼 ㅁ ㅗ함ㅅㅂ,막스 스타트 조졌네 오랜만에 그럼 ㅁ ㅗ함ㅅㅂ,0.10673234611749649,0.23192580044269562,0.117375947535038,0.25659888982772827,0.05349528416991234,0.23387175798416138
2024-03-03 00:10:21,물탕이는 구석에 쳐박혀있노,좆라리다운 영입,4,4.0,물탕이는 구석에 쳐박혀있노 좆라리다운 영입,물탕이는 구석에 쳐박혀있노 좆라리다운 영입,0.10748065263032913,0.20956894755363464,0.2030145674943924,0.2377745658159256,0.10999827831983566,0.1321629285812378
2024-03-03 00:10:23,페레즈 박은거 아니냐,ㅋㅋ,4,4.0,페레즈 박은거 아니냐 ㅋㅋ,페레즈 박은거 아니냐 ㅋㅋ,0.1344844102859497,0.20008528232574463,0.35285696387290955,0.14285503327846527,0.10799982398748398,0.061718542128801346
2024-03-03 00:10:24,도련님은 담긴거였노ㅋㅋㅋㅋㅋㅋㅋㅋㅋ,이건좀 불쌍하노ㅋㅋㅋㅋㅋㅋ,4,4.0,도련님은 담긴거였노ㅋㅋㅋㅋㅋㅋㅋㅋㅋ 이건좀 불쌍하노ㅋㅋㅋㅋㅋㅋ,도련님은 담긴거였노ㅋㅋㅋㅋㅋㅋㅋㅋㅋ 이건좀 불쌍하노ㅋㅋㅋㅋㅋㅋ,0.1411067694425583,0.3067125082015991,0.20462237298488617,0.13031604886054993,0.09075701236724854,0.126485213637352
2024-03-03 00:10:29,도련놈은 박힌거였노ㅋㅋㅋㅋㅋㅋㅋㅋㅋㅋ,,4,4.0,도련놈은 박힌거였노ㅋㅋㅋㅋㅋㅋㅋㅋㅋㅋ ,도련놈은 박힌거였노ㅋㅋㅋㅋㅋㅋㅋㅋㅋㅋ,0.23394638299942017,0.2941548228263855,0.21112895011901855,0.1173960343003273,0.08479905128479004,0.05857478827238083
2024-03-03 00:10:32,훌켄이 스트롤 쳤네 ㅅㅂ,ㅅㅂ놈,4,4.0,훌켄이 스트롤 쳤네 ㅅㅂ ㅅㅂ놈,훌켄이 스트롤 쳤네 ㅅㅂ ㅅㅂ놈,0.1379847675561905,0.20084135234355927,0.11115026473999023,0.3194819688796997,0.04341205209493637,0.18712955713272095
2024-03-03 00:10:33,스트롤 ㅅㅂ ㅋㅋㅋㅋㅋㅋㅋ,걍 박혔네,4,4.0,스트롤 ㅅㅂ ㅋㅋㅋㅋㅋㅋㅋ 걍 박혔네,스트롤 ㅅㅂ ㅋㅋㅋㅋㅋㅋㅋ 걍 박혔네,0.12958824634552002,0.2921011447906494,0.13621336221694946,0.23082220554351807,0.08008482307195663,0.13119018077850342
2024-03-03 00:10:36,도련님 무죄 !!,,4,4.0,도련님 무죄 !! ,도련님 무죄 !!,0.5880560874938965,0.13136304914951324,0.09539571404457092,0.07349257171154022,0.04437278211116791,0.06731978803873062
2024-03-03 00:10:39,억울한 도련놈 ㅋㅋㅋ,"ㅋㅋㅋ
- dc official App",4,4.0,"억울한 도련놈 ㅋㅋㅋ ㅋㅋㅋ
- dc official App",억울한 도련놈 ㅋㅋㅋ ㅋㅋㅋ,0.24085351824760437,0.2760665714740753,0.10731976479291916,0.20150236785411835,0.05525574833154678,0.11900196969509125
2024-03-03 00:10:39,휠켄은 왜 하드쓴거임?,무슨 전략이냐,4,4.0,휠켄은 왜 하드쓴거임? 무슨 전략이냐,휠켄은 왜 하드쓴거임? 무슨 전략이냐,0.09292446821928024,0.25687605142593384,0.3187858760356903,0.14191126823425293,0.07449407875537872,0.11500824987888336
2024-03-03 00:10:44,헐크 탓이네 ㅋㅋㅋㅋ,,5,5.0,헐크 탓이네 ㅋㅋㅋㅋ ,헐크 탓이네 ㅋㅋㅋㅋ,0.152014821767807,0.2582509517669678,0.2767040729522705,0.14014418423175812,0.10721423476934433,0.06567167490720749
2024-03-03 00:10:44,헐크 본인이 병신같이 스타트 해서 사망이네ㅋㅋㅋ,ㅋㅋㅋ,5,5.0,헐크 본인이 병신같이 스타트 해서 사망이네ㅋㅋㅋ ㅋㅋㅋ,헐크 본인이 병신같이 스타트 해서 사망이네ㅋㅋㅋ ㅋㅋㅋ,0.12131353467702866,0.28172242641448975,0.23069961369037628,0.17488548159599304,0.1079523041844368,0.08342655748128891
2024-03-03 00:10:44,뉴이 이 노친네 뭘 깍아다가 들고온거냐 ㄹㅇ,"뭔 2등이랑 1.9~2초차 ㅅㅂㅋㅋㄲㄱㅋㅋ
- dc official App",5,5.0,"뉴이 이 노친네 뭘 깍아다가 들고온거냐 ㄹㅇ 뭔 2등이랑 1.9~2초차 ㅅㅂㅋㅋㄲㄱㅋㅋ
- dc official App",뉴이 이 노친네 뭘 깍아다가 들고온거냐 ㄹㅇ 뭔 2등이랑 1.9~2초차 ㅅㅂㅋㅋㄲㄱㅋㅋ,0.0908353328704834,0.22820113599300385,0.2171502411365509,0.24345923960208893,0.08472222089767456,0.13563182950019836
2024-03-03 00:10:47,그냥 밀어버렸네ㅋㅋㅋㅋㅋ,,5,5.0,그냥 밀어버렸네ㅋㅋㅋㅋㅋ ,그냥 밀어버렸네ㅋㅋㅋㅋㅋ,0.15907642245292664,0.2545679211616516,0.23650719225406647,0.16155481338500977,0.10700979828834534,0.08128388971090317
2024-03-03 00:10:49,아니 그냥 냅다 들이박네 ㅋㅋㅋ,,5,5.0,아니 그냥 냅다 들이박네 ㅋㅋㅋ ,아니 그냥 냅다 들이박네 ㅋㅋㅋ,0.10785211622714996,0.22928449511528015,0.29684337973594666,0.16509033739566803,0.11874991655349731,0.0821797251701355
2024-03-03 00:10:52,헐크 ㅋㅋㅋㅋㅋㅋㅋㅋㅋㅋㅋㅋ,,5,5.0,헐크 ㅋㅋㅋㅋㅋㅋㅋㅋㅋㅋㅋㅋ ,헐크 ㅋㅋㅋㅋㅋㅋㅋㅋㅋㅋㅋㅋ,0.5938572883605957,0.15616269409656525,0.11975940316915512,0.0674736425280571,0.032029617577791214,0.03071734495460987
2024-03-03 00:10:53,대련님 스타트 잘했는데 담궈졌노 ㅋㅋㅋㅋㅋㅋㅋ,ㅋㅋㅋㅋ,5,5.0,대련님 스타트 잘했는데 담궈졌노 ㅋㅋㅋㅋㅋㅋㅋ ㅋㅋㅋㅋ,대련님 스타트 잘했는데 담궈졌노 ㅋㅋㅋㅋㅋㅋㅋ ㅋㅋㅋㅋ,0.17577961087226868,0.33185040950775146,0.169328510761261,0.13211382925510406,0.090263232588768,0.10066446661949158
2024-03-03 00:10:53,도련님 개 억울하겠노 ㅋㅋㅋ,- dc official App,5,5.0,도련님 개 억울하겠노 ㅋㅋㅋ - dc official App,도련님 개 억울하겠노 ㅋㅋㅋ - dc official App,0.13052213191986084,0.31336337327957153,0.18816737830638885,0.1504458487033844,0.09731420874595642,0.12018716335296631
2024-03-03 00:10:52,헐크는 퀄파 잘하면 머허누 ㅋㅋ,,5,5.0,헐크는 퀄파 잘하면 머허누 ㅋㅋ ,헐크는 퀄파 잘하면 머허누 ㅋㅋ,0.12623365223407745,0.34115520119667053,0.23548461496829987,0.1274692416191101,0.08840922266244888,0.08124800026416779
2024-03-03 00:10:54,"""아"" ㅋㅋㅋㅋㅋㅋㅋㅋㅋㅋㅋㅋㅋㅋㅋㅋㅋ",ㅋㅋㅋㅋㅋㅋㅋㅋㅋㅋㅋㅋㅋㅋㅋㅋㅋㅋㅋㅋㅋㅋㅋ,5,5.0,"""아"" ㅋㅋㅋㅋㅋㅋㅋㅋㅋㅋㅋㅋㅋㅋㅋㅋㅋ ㅋㅋㅋㅋㅋㅋㅋㅋㅋㅋㅋㅋㅋㅋㅋㅋㅋㅋㅋㅋㅋㅋㅋ","""아"" ㅋㅋㅋㅋㅋㅋㅋㅋㅋㅋㅋㅋㅋㅋㅋㅋㅋ ㅋㅋㅋㅋㅋㅋㅋㅋㅋㅋㅋㅋㅋㅋㅋㅋㅋㅋㅋㅋㅋㅋㅋ",0.6257538795471191,0.14798010885715485,0.08835429698228836,0.07223590463399887,0.02713359147310257,0.03854219615459442
2024-03-03 00:10:56,물탕아 여긴 지옥이야,오지마,5,5.0,물탕아 여긴 지옥이야 오지마,물탕아 여긴 지옥이야 오지마,0.13008613884449005,0.2433067113161087,0.14646603167057037,0.1930726170539856,0.08971504867076874,0.19735345244407654
2024-03-03 00:10:56,도련님 피해자였노? 가 아닌가,,5,5.0,도련님 피해자였노? 가 아닌가 ,도련님 피해자였노? 가 아닌가,0.10299842804670334,0.24267566204071045,0.32634344696998596,0.1253545582294464,0.12013251334428787,0.08249539881944656
2024-03-03 00:10:57,부아아앙 쾅 ㅋㅋㅋㅋㅋ,이새기 뭐함ㅋㅋㅋㅋ,5,5.0,부아아앙 쾅 ㅋㅋㅋㅋㅋ 이새기 뭐함ㅋㅋㅋㅋ,부아아앙 쾅 ㅋㅋㅋㅋㅋ 이새기 뭐함ㅋㅋㅋㅋ,0.3885914087295532,0.23364970088005066,0.16751384735107422,0.1038050651550293,0.06334755569696426,0.04309244081377983
2024-03-03 00:11:00,아니 3랩에 2초차이면 뭐 어쩌라고??,"너무하네
- dc official App",5,5.0,"아니 3랩에 2초차이면 뭐 어쩌라고?? 너무하네
- dc official App",아니 3랩에 2초차이면 뭐 어쩌라고?? 너무하네,0.1067567840218544,0.2860811948776245,0.12745928764343262,0.2522275447845459,0.048310525715351105,0.17916470766067505
2024-03-03 00:11:00,머에 박은거누 ㅋㅋㅋㅋ,,5,5.0,머에 박은거누 ㅋㅋㅋㅋ ,머에 박은거누 ㅋㅋㅋㅋ,0.18327489495277405,0.306405633687973,0.258016437292099,0.09916692972183228,0.09691651165485382,0.05621961131691933
2024-03-03 00:11:02,아? ㅋㅋㅋㅋㅋ,,5,5.0,아? ㅋㅋㅋㅋㅋ ,아? ㅋㅋㅋㅋㅋ,0.5891494750976562,0.15445782244205475,0.12943311035633087,0.06132609397172928,0.034237004816532135,0.03139646351337433
2024-03-03 00:11:09,어떤 새끼가 크로프티 안나온다고 했냐,귀 정화 개좋노,5,5.0,어떤 새끼가 크로프티 안나온다고 했냐 귀 정화 개좋노,어떤 새끼가 크로프티 안나온다고 했냐 귀 정화 개좋노,0.5435360670089722,0.16726018488407135,0.07982911169528961,0.09622266888618469,0.03856950253248215,0.07458247989416122
2024-03-03 00:11:14,그냥 점프한 거네 십ㅋㅋㅋㅋㅋㅋㅋㅋㅋㅋ,,5,5.0,그냥 점프한 거네 십ㅋㅋㅋㅋㅋㅋㅋㅋㅋㅋ ,그냥 점프한 거네 십ㅋㅋㅋㅋㅋㅋㅋㅋㅋㅋ,0.11423204094171524,0.2491605579853058,0.20541998744010925,0.21754726767539978,0.10347650945186615,0.11016366630792618
2024-03-03 00:11:18,아...,아...걍 꼴아박은거같은데,5,5.0,아... 아...걍 꼴아박은거같은데,아... 아...걍 꼴아박은거같은데,0.08338183909654617,0.28527653217315674,0.23482845723628998,0.1455090045928955,0.09760560095310211,0.1533985435962677
2024-03-03 00:11:22,앵 헐크가 쳐박기 전에 읔액대는데 도련놈ㅋㅋㅋ,ㅋㅋㅋ,5,5.0,앵 헐크가 쳐박기 전에 읔액대는데 도련놈ㅋㅋㅋ ㅋㅋㅋ,앵 헐크가 쳐박기 전에 읔액대는데 도련놈ㅋㅋㅋ ㅋㅋㅋ,0.5025234222412109,0.2144576758146286,0.11750343441963196,0.07902451604604721,0.043180812150239944,0.043310146778821945
2024-03-03 00:11:24,스트롤 자멸한거임?,ㅋㅋㅋㅋㅋㅋㅋㅋㅋㅋㅋㅋ,5,5.0,스트롤 자멸한거임? ㅋㅋㅋㅋㅋㅋㅋㅋㅋㅋㅋㅋ,스트롤 자멸한거임? ㅋㅋㅋㅋㅋㅋㅋㅋㅋㅋㅋㅋ,0.14211417734622955,0.2664293646812439,0.28112244606018066,0.1436571478843689,0.09913261234760284,0.06754426658153534
2024-03-03 00:11:31,저새끼 포디움 무관인덴 이유가 있음ㅋㅋㅋㅋㅋㅋㅋㅋㅋ,,5,5.0,저새끼 포디움 무관인덴 이유가 있음ㅋㅋㅋㅋㅋㅋㅋㅋㅋ ,저새끼 포디움 무관인덴 이유가 있음ㅋㅋㅋㅋㅋㅋㅋㅋㅋ,0.11351945996284485,0.22854837775230408,0.2706623673439026,0.19444604218006134,0.1058829054236412,0.08694085478782654
2024-03-03 00:11:32,4초 ㅋㅋㅋㅋㅋ,,5,5.0,4초 ㅋㅋㅋㅋㅋ ,4초 ㅋㅋㅋㅋㅋ,0.5277783274650574,0.17468704283237457,0.12983906269073486,0.0877511277794838,0.03928039222955704,0.04066406562924385
2024-03-03 00:11:33,3.7초 입갤 ㅋㅋㅋㅋㅋㅋㅋㅋㅋㅋㅋㅋ,,5,5.0,3.7초 입갤 ㅋㅋㅋㅋㅋㅋㅋㅋㅋㅋㅋㅋ ,3.7초 입갤 ㅋㅋㅋㅋㅋㅋㅋㅋㅋㅋㅋㅋ,0.6179361343383789,0.14116735756397247,0.10263532400131226,0.07207547128200531,0.03179239109158516,0.03439329192042351
2024-03-03 00:11:34,3.6 ㅅㅂㅋㅋㅋ,,5,5.0,3.6 ㅅㅂㅋㅋㅋ ,3.6 ㅅㅂㅋㅋㅋ,0.0987686812877655,0.23031599819660187,0.1704399585723877,0.2743774950504303,0.07420293986797333,0.1518949568271637
2024-03-03 00:11:37,막스만 어나더 클래스 ㅋㅋㅋㅋㅋㅋ..,,5,5.0,막스만 어나더 클래스 ㅋㅋㅋㅋㅋㅋ.. ,막스만 어나더 클래스 ㅋㅋㅋㅋㅋㅋ..,0.5322832465171814,0.18147706985473633,0.13518863916397095,0.07207155972719193,0.046225715428590775,0.03275380656123161
2024-03-03 00:11:41,박긴박았네,연석땜에 따블되서그치,5,5.0,박긴박았네 연석땜에 따블되서그치,박긴박았네 연석땜에 따블되서그치,0.12279673665761948,0.3592221438884735,0.17357377707958221,0.1367013156414032,0.0756194218993187,0.1320866197347641
2024-03-03 00:11:41,아... 그저 ^막체반초^,,5,5.0,아... 그저 ^막체반초^ ,아... 그저 ^막체반초^,0.6317418813705444,0.1481940597295761,0.06138909235596657,0.07448980957269669,0.029230816289782524,0.05495436117053032
2024-03-03 00:11:44,헐크 다시 무죄ㅋㅋㅋㅋㅋ,ㅋㅋㅋㅋ,5,5.0,헐크 다시 무죄ㅋㅋㅋㅋㅋ ㅋㅋㅋㅋ,헐크 다시 무죄ㅋㅋㅋㅋㅋ ㅋㅋㅋㅋ,0.575595498085022,0.15955668687820435,0.09276699274778366,0.09024620801210403,0.03267977014183998,0.04915484040975571
2024-03-03 00:11:44,4초갭 ㅋㅋㅋㅋㅋㅋㅋㅋㅋㅋㅋㅋㅋ,에반데 ㅈ,5,5.0,4초갭 ㅋㅋㅋㅋㅋㅋㅋㅋㅋㅋㅋㅋㅋ 에반데 ㅈ,4초갭 ㅋㅋㅋㅋㅋㅋㅋㅋㅋㅋㅋㅋㅋ 에반데 ㅈ,0.09379050880670547,0.31894949078559875,0.18954014778137207,0.1700126826763153,0.07833050936460495,0.14937661588191986
2024-03-03 00:11:46,저거 비켜줘야되나,음,5,5.0,저거 비켜줘야되나 음,저거 비켜줘야되나 음,0.09075535833835602,0.2921353578567505,0.2457655519247055,0.13347813487052917,0.08352971822023392,0.1543358713388443
2024-03-03 00:11:47,머여 피아스트리도 알론소 잡았네,ㅋㅋㅋㅋ,5,5.0,머여 피아스트리도 알론소 잡았네 ㅋㅋㅋㅋ,머여 피아스트리도 알론소 잡았네 ㅋㅋㅋㅋ,0.32125571370124817,0.22353298962116241,0.25612133741378784,0.08504590392112732,0.07652784138917923,0.03751622140407562
2024-03-03 00:11:48,아니 시발 벌써 4초네,진짜 아,5,5.0,아니 시발 벌써 4초네 진짜 아,아니 시발 벌써 4초네 진짜 아,0.1310238391160965,0.23865309357643127,0.11669863015413284,0.2663067877292633,0.053481750190258026,0.19383586943149567
2024-03-03 00:11:49,아니 시발 5랩만에 4초 차이면 ㅋㅋㅋㅋㅋ,자 막스 우승~,5,5.0,아니 시발 5랩만에 4초 차이면 ㅋㅋㅋㅋㅋ 자 막스 우승~,아니 시발 5랩만에 4초 차이면 ㅋㅋㅋㅋㅋ 자 막스 우승~,0.6179568767547607,0.13988009095191956,0.10238653421401978,0.07035376876592636,0.03576916083693504,0.03365360200405121
2024-03-03 00:11:53,르끌 사인스한테도 내주겠네.....,"바로 뒤인디.....
팀오더하곘지....",5,5.0,"르끌 사인스한테도 내주겠네..... 바로 뒤인디.....
팀오더하곘지....",르끌 사인스한테도 내주겠네..... 바로 뒤인디..... 팀오더하곘지....,0.08948109298944473,0.2528579831123352,0.31607288122177124,0.1241992935538292,0.10137749463319778,0.11601118743419647
2024-03-03 00:11:53,머야 피아제도 알론소 잡았노,후딱 올라가자,5,5.0,머야 피아제도 알론소 잡았노 후딱 올라가자,머야 피아제도 알론소 잡았노 후딱 올라가자,0.24455907940864563,0.24759657680988312,0.2669892907142639,0.08322678506374359,0.10767814517021179,0.049950115382671356
2024-03-03 00:11:54,올시즌도 막스냐 ㄷㄷ,ㄷㄷ,5,5.0,올시즌도 막스냐 ㄷㄷ ㄷㄷ,올시즌도 막스냐 ㄷㄷ ㄷㄷ,0.120363749563694,0.22107993066310883,0.32727208733558655,0.12952713668346405,0.1365831196308136,0.06517402827739716
2024-03-03 00:11:54,멀티뷰어 신세계네 캬,팀라디오 다 텍스트로 띄워줌 ㅋㅋㅋㅋ,5,5.0,멀티뷰어 신세계네 캬 팀라디오 다 텍스트로 띄워줌 ㅋㅋㅋㅋ,멀티뷰어 신세계네 캬 팀라디오 다 텍스트로 띄워줌 ㅋㅋㅋㅋ,0.6476565003395081,0.14280854165554047,0.0739278718829155,0.06555777043104172,0.028706414625048637,0.04134290665388107
2024-03-03 00:11:54,쥬지트레인 ㄷㄷ,,5,5.0,쥬지트레인 ㄷㄷ ,쥬지트레인 ㄷㄷ,0.192369282245636,0.20150598883628845,0.3468804359436035,0.1089482232928276,0.10393994301557541,0.04635617136955261
2024-03-03 00:11:54,4초 ㅋㅋㅋㅋ,,5,5.0,4초 ㅋㅋㅋㅋ ,4초 ㅋㅋㅋㅋ,0.4562618136405945,0.19851291179656982,0.15356990694999695,0.09894733875989914,0.04626021906733513,0.04644780233502388
2024-03-03 00:11:55,베르스타펜 뭔 로켓임?,걍 압도하는디,5,5.0,베르스타펜 뭔 로켓임? 걍 압도하는디,베르스타펜 뭔 로켓임? 걍 압도하는디,0.1321258395910263,0.21795044839382172,0.36355921626091003,0.12381571531295776,0.11169768124818802,0.050851043313741684
2024-03-03 00:11:56,2024시즌도 그냥 2위대격전이냐???????,시발 작년이랑 비슷하겠노 ㅋㅋㅋㅋㅋ,5,5.0,2024시즌도 그냥 2위대격전이냐??????? 시발 작년이랑 비슷하겠노 ㅋㅋㅋㅋㅋ,2024시즌도 그냥 2위대격전이냐??????? 시발 작년이랑 비슷하겠노 ㅋㅋㅋㅋㅋ,0.06464017927646637,0.25029268860816956,0.22802725434303284,0.19079720973968506,0.0962531641125679,0.1699894666671753
2024-03-03 00:11:57,5랩만에 4초 입갤ㅋㅋㅋㅋ,ㅋㅋㅋㅋ,5,5.0,5랩만에 4초 입갤ㅋㅋㅋㅋ ㅋㅋㅋㅋ,5랩만에 4초 입갤ㅋㅋㅋㅋ ㅋㅋㅋㅋ,0.668851375579834,0.12317336350679398,0.08835866302251816,0.06041913107037544,0.027732999995350838,0.03146449103951454
2024-03-03 00:11:57,4초 시발,또 막스네,5,5.0,4초 시발 또 막스네,4초 시발 또 막스네,0.1149371936917305,0.24260744452476501,0.12466002255678177,0.29027169942855835,0.05517779663205147,0.1723458617925644
2024-03-03 00:11:58,4초 ㅋㅋㅋㅋㅋㅋㅋㅋㅋㅋㅋ,ㅇ,5,5.0,4초 ㅋㅋㅋㅋㅋㅋㅋㅋㅋㅋㅋ ㅇ,4초 ㅋㅋㅋㅋㅋㅋㅋㅋㅋㅋㅋ ㅇ,0.5364460945129395,0.1709102988243103,0.13107924163341522,0.08495571464300156,0.03736982122063637,0.03923890367150307
2024-03-03 00:11:59,몽골아 봐줘 시발,제발요,5,5.0,몽골아 봐줘 시발 제발요,몽골아 봐줘 시발 제발요,0.1680975705385208,0.19212593138217926,0.14662618935108185,0.20656025409698486,0.08605142682790756,0.20053867995738983
2024-03-03 00:11:59,뭔가 부딪혔다고 보기에는 충격감이 없어보이는데,"연석에 점프한 거?
그럼 너무 병신인데",5,5.0,"뭔가 부딪혔다고 보기에는 충격감이 없어보이는데 연석에 점프한 거?
그럼 너무 병신인데",뭔가 부딪혔다고 보기에는 충격감이 없어보이는데 연석에 점프한 거? 그럼 너무 병신인데,0.10307589173316956,0.18211247026920319,0.37292903661727905,0.14492015540599823,0.11592980474233627,0.0810326486825943
2024-03-03 00:12:04,4초는 씹러 ㅋㅋㅋㅋ,,5,5.0,4초는 씹러 ㅋㅋㅋㅋ ,4초는 씹러 ㅋㅋㅋㅋ,0.5211264491081238,0.16690774261951447,0.1513662338256836,0.07692594826221466,0.04524422064423561,0.03842941299080849
2024-03-03 00:12:06,막스 4챔 예약이네 씹ㅋㅋㅋㅋㅋㅋㅋㅋㅋㅋㅋㅋㅋㅋㅋㅋㅋ,하...,5,5.0,막스 4챔 예약이네 씹ㅋㅋㅋㅋㅋㅋㅋㅋㅋㅋㅋㅋㅋㅋㅋㅋㅋ 하...,막스 4챔 예약이네 씹ㅋㅋㅋㅋㅋㅋㅋㅋㅋㅋㅋㅋㅋㅋㅋㅋㅋ 하...,0.12229382246732712,0.28582102060317993,0.13045118749141693,0.2176545113325119,0.07637900114059448,0.16740038990974426
2024-03-03 00:12:08,지 혼자 놀고있노,에라이 씨발,5,5.0,지 혼자 놀고있노 에라이 씨발,지 혼자 놀고있노 에라이 씨발,0.12765410542488098,0.1915654093027115,0.12384768575429916,0.3290567696094513,0.04751698300242424,0.18035902082920074
2024-03-03 00:12:08,2위랑 백마커 나올듯,후,5,5.0,2위랑 백마커 나올듯 후,2위랑 백마커 나올듯 후,0.32322701811790466,0.2610625922679901,0.16968825459480286,0.09457159042358398,0.07709575444459915,0.07435474544763565
2024-03-03 00:12:10,아니 벌써 4초 차이나면 우얌 ㅅㅂ,뭔데,5,5.0,아니 벌써 4초 차이나면 우얌 ㅅㅂ 뭔데,아니 벌써 4초 차이나면 우얌 ㅅㅂ 뭔데,0.09252319484949112,0.2678617537021637,0.15064001083374023,0.23487545549869537,0.06666921079158783,0.18743038177490234
2024-03-03 00:12:11,에혀 또 막스 독주냐,좃망겜,5,5.0,에혀 또 막스 독주냐 좃망겜,에혀 또 막스 독주냐 좃망겜,0.08575668931007385,0.25350573658943176,0.15169987082481384,0.20750726759433746,0.06293050199747086,0.238599956035614
2024-03-03 00:12:12,레드불제발타이어개병신으로갈게해주세요시발,아니면답이없어욧ㅂㅅㅂㅅㅂ,5,5.0,레드불제발타이어개병신으로갈게해주세요시발 아니면답이없어욧ㅂㅅㅂㅅㅂ,레드불제발타이어개병신으로갈게해주세요시발 아니면답이없어욧ㅂㅅㅂㅅㅂ,0.13090601563453674,0.18211202323436737,0.1049671322107315,0.28162333369255066,0.045278437435626984,0.25511306524276733
2024-03-03 00:12:13,애마 성능 구리네,알국왕 자동문됨,5,5.0,애마 성능 구리네 알국왕 자동문됨,애마 성능 구리네 알국왕 자동문됨,0.0907435491681099,0.2738342881202698,0.2718313932418823,0.1516389548778534,0.05394766107201576,0.15800409018993378
2024-03-03 00:12:13,f1갤 일동은 막스의 24시즌 우승을 축?하함?,"어 우 막
어 우 레",5,5.0,"f1갤 일동은 막스의 24시즌 우승을 축?하함? 어 우 막
어 우 레",f1갤 일동은 막스의 24시즌 우승을 축?하함? 어 우 막 어 우 레,0.622674822807312,0.14495161175727844,0.0941723883152008,0.06856788694858551,0.03196004778146744,0.03767324984073639
2024-03-03 00:12:13,4초 ㅋㅋㅋㅋㅋㅋㅋ,,5,5.0,4초 ㅋㅋㅋㅋㅋㅋㅋ ,4초 ㅋㅋㅋㅋㅋㅋㅋ,0.42694059014320374,0.21093885600566864,0.16114486753940582,0.10295208543539047,0.049840640276670456,0.0481828972697258
2024-03-03 00:12:14,4초 ㅋㅋㅋㅋㅋㅋㅋㅋㅋㅋ,,5,5.0,4초 ㅋㅋㅋㅋㅋㅋㅋㅋㅋㅋ ,4초 ㅋㅋㅋㅋㅋㅋㅋㅋㅋㅋ,0.4436664283275604,0.20226289331912994,0.15792535245418549,0.10240883380174637,0.04837332293391228,0.045363184064626694
2024-03-03 00:12:14,벌써 올해 챔피언 정해진거 같으면 개추,ㅇㄷㄴㅂㅌ,5,5.0,벌써 올해 챔피언 정해진거 같으면 개추 ㅇㄷㄴㅂㅌ,벌써 올해 챔피언 정해진거 같으면 개추 ㅇㄷㄴㅂㅌ,0.6371376514434814,0.13404908776283264,0.09175635129213333,0.06374029070138931,0.03534002974629402,0.03797655180096626
2024-03-03 00:12:14,박은게 아니면 헐크 윙 부서질 이유가 있나,그냥 스무스하게 박은거같은데,5,5.0,박은게 아니면 헐크 윙 부서질 이유가 있나 그냥 스무스하게 박은거같은데,박은게 아니면 헐크 윙 부서질 이유가 있나 그냥 스무스하게 박은거같은데,0.10988181084394455,0.20124585926532745,0.37757283449172974,0.13341842591762543,0.10430362820625305,0.073577381670475
2024-03-03 00:12:15,알론소 따잇,ㅋㅋㅋㅋㅋㅋㅋㅋ,5,5.0,알론소 따잇 ㅋㅋㅋㅋㅋㅋㅋㅋ,알론소 따잇 ㅋㅋㅋㅋㅋㅋㅋㅋ,0.706392228603363,0.10983140766620636,0.06872803717851639,0.05558554828166962,0.024670548737049103,0.03479226678609848
2024-03-03 00:12:16,벌써4초면어캄,,5,5.0,벌써4초면어캄 ,벌써4초면어캄,0.09482689201831818,0.28501591086387634,0.26433265209198,0.13701851665973663,0.10815607756376266,0.11064999550580978
2024-03-03 00:12:17,시발 4바퀴 돌았는데 4초차,애미 전승해라 시바 2위쌈이나 하자 ㅋㅋㅋ,5,5.0,시발 4바퀴 돌았는데 4초차 애미 전승해라 시바 2위쌈이나 하자 ㅋㅋㅋ,시발 4바퀴 돌았는데 4초차 애미 전승해라 시바 2위쌈이나 하자 ㅋㅋㅋ,0.23279424011707306,0.2057889699935913,0.15253828465938568,0.21181046962738037,0.09025336802005768,0.10681465268135071
2024-03-03 00:12:18,르끌 한문철 행동ㅋㅋㅋ,ㅋㅋㅋㅋㅋ,5,5.0,르끌 한문철 행동ㅋㅋㅋ ㅋㅋㅋㅋㅋ,르끌 한문철 행동ㅋㅋㅋ ㅋㅋㅋㅋㅋ,0.5583706498146057,0.16389289498329163,0.1146596223115921,0.08844657242298126,0.03381115943193436,0.040819063782691956
2024-03-03 00:12:26,아 씨팔 이번 씨즌도 좃노잼 예정이네,하 좀 눈치 좀 챙기고 천천히 좀 가라,6,6.0,아 씨팔 이번 씨즌도 좃노잼 예정이네 하 좀 눈치 좀 챙기고 천천히 좀 가라,아 씨팔 이번 씨즌도 좃노잼 예정이네 하 좀 눈치 좀 챙기고 천천히 좀 가라,0.09993601590394974,0.2730346620082855,0.13272584974765778,0.22800597548484802,0.05500631034374237,0.21129116415977478
2024-03-03 00:12:27,이번 시즌도 또 포스트잇 꺼내야하네,또 맨위에 가려야하노..,6,6.0,이번 시즌도 또 포스트잇 꺼내야하네 또 맨위에 가려야하노..,이번 시즌도 또 포스트잇 꺼내야하네 또 맨위에 가려야하노..,0.11155396699905396,0.2726701498031616,0.10985174775123596,0.18084189295768738,0.05919299274682999,0.2658892273902893
2024-03-03 00:12:30,막대남 이 미친새끼,랩당 1초 뭐냐 ㅋㅋ,6,6.0,막대남 이 미친새끼 랩당 1초 뭐냐 ㅋㅋ,막대남 이 미친새끼 랩당 1초 뭐냐 ㅋㅋ,0.1145385205745697,0.23924201726913452,0.1949981451034546,0.2535257339477539,0.08310301601886749,0.11459259688854218
2024-03-03 00:12:31,아 레이스 다 봤다~~,ㅅㅂㄴㄴㄴㅋㅋㅋㅋ,6,6.0,아 레이스 다 봤다~~ ㅅㅂㄴㄴㄴㅋㅋㅋㅋ,아 레이스 다 봤다~~ ㅅㅂㄴㄴㄴㅋㅋㅋㅋ,0.6288197040557861,0.14514127373695374,0.07478254288434982,0.0806422159075737,0.0260761845856905,0.04453807696700096
2024-03-03 00:12:33,막스 시발련이 그속도가 말이야?,,6,6.0,막스 시발련이 그속도가 말이야? ,막스 시발련이 그속도가 말이야?,0.10279081016778946,0.19469867646694183,0.2144438773393631,0.26722338795661926,0.08494667708873749,0.13589653372764587
2024-03-03 00:12:34,적당히 달려 이 씨발,카메라에 나오기 싫냐???,6,6.0,적당히 달려 이 씨발 카메라에 나오기 싫냐???,적당히 달려 이 씨발 카메라에 나오기 싫냐???,0.14621247351169586,0.2166266292333603,0.12229933589696884,0.3198477625846863,0.04398587718605995,0.15102797746658325
2024-03-03 00:12:34,누구 소프트가 먼저 퍼질까,- dc official App,6,6.0,누구 소프트가 먼저 퍼질까 - dc official App,누구 소프트가 먼저 퍼질까 - dc official App,0.27084413170814514,0.22150319814682007,0.2828042507171631,0.09368348121643066,0.06879974156618118,0.062365151941776276
2024-03-03 00:12:35,아니 몽골 이새끼 페이스관리중이라며 왜 5랩에 4초차인뎈ㅋㅋ,ㅋㅋㅋ,6,6.0,아니 몽골 이새끼 페이스관리중이라며 왜 5랩에 4초차인뎈ㅋㅋ ㅋㅋㅋ,아니 몽골 이새끼 페이스관리중이라며 왜 5랩에 4초차인뎈ㅋㅋ ㅋㅋㅋ,0.11813192069530487,0.2488173097372055,0.25910115242004395,0.19066208600997925,0.09394943714141846,0.08933807909488678
2024-03-03 00:12:35,1렙 1초 씨발,"그냥 25시즌넘어가죠
- dc official App",6,6.0,"1렙 1초 씨발 그냥 25시즌넘어가죠
- dc official App",1렙 1초 씨발 그냥 25시즌넘어가죠,0.15567173063755035,0.2128286361694336,0.10956069082021713,0.3143078684806824,0.04590980336070061,0.16172127425670624
2024-03-03 00:12:44,르끌 그냥 못하는거같은데,"아무리 차빨어쩌고해도 1랩만에 drs못받는건 순수실력구린거아님?
- dc official App",6,6.0,"르끌 그냥 못하는거같은데 아무리 차빨어쩌고해도 1랩만에 drs못받는건 순수실력구린거아님?
- dc official App",르끌 그냥 못하는거같은데 아무리 차빨어쩌고해도 1랩만에 drs못받는건 순수실력구린거아님?,0.07650863379240036,0.21336227655410767,0.31764134764671326,0.18010440468788147,0.08448532968759537,0.12789802253246307
2024-03-03 00:12:46,러셀이 그랬잖어 올해도 2위 자리 싸움일거라고ㅋㅋㅋ,아ㅋㅋㅋㅋㅋㅋㅋ,6,6.0,러셀이 그랬잖어 올해도 2위 자리 싸움일거라고ㅋㅋㅋ 아ㅋㅋㅋㅋㅋㅋㅋ,러셀이 그랬잖어 올해도 2위 자리 싸움일거라고ㅋㅋㅋ 아ㅋㅋㅋㅋㅋㅋㅋ,0.5322325229644775,0.17936937510967255,0.08851998299360275,0.09301935136318207,0.050318993628025055,0.056539688259363174
2024-03-03 00:12:47,이거 내가 이상함????,"골목 코너에 붙여서 주차해뒀는데 차 빼 달라 전화옴
일단 가보니 승용차 충분히 돌수 있는데 자꾸 돌기 어렵다고 빼달라하네
기분 나빠서 그냥 못빼주니까 알아서 하라고 하고 왔어",6,6.0,"이거 내가 이상함???? 골목 코너에 붙여서 주차해뒀는데 차 빼 달라 전화옴
일단 가보니 승용차 충분히 돌수 있는데 자꾸 돌기 어렵다고 빼달라하네
기분 나빠서 그냥 못빼주니까 알아서 하라고 하고 왔어",이거 내가 이상함???? 골목 코너에 붙여서 주차해뒀는데 차 빼 달라 전화옴 일단 가보니 승용차 충분히 돌수 있는데 자꾸 돌기 어렵다고 빼달라하네 기분 나빠서 그냥 못빼주니까 알아서 하라고 하고 왔어,0.10961052030324936,0.26369574666023254,0.11803880333900452,0.23975814878940582,0.04775789752602577,0.2211388796567917
2024-03-03 00:12:48,"""And hulk,""","""SMASH.""
- dc official App",6,6.0,"""And hulk,"" ""SMASH.""
- dc official App","""And hulk,"" ""SMASH.""",0.38239067792892456,0.21566656231880188,0.19109220802783966,0.1089705228805542,0.038767144083976746,0.06311289221048355
2024-03-03 00:12:51,걍 아예 혼자 딴겜하네 씨이발,빨리 아무나 사고좀 내봐,6,6.0,걍 아예 혼자 딴겜하네 씨이발 빨리 아무나 사고좀 내봐,걍 아예 혼자 딴겜하네 씨이발 빨리 아무나 사고좀 내봐,0.09877726435661316,0.2237650454044342,0.11240140348672867,0.26816660165786743,0.058947544544935226,0.23794211447238922
2024-03-03 00:12:57,아니 이러면 막스 백마커 몇명까지 가능하냐??ㅋㅋㅋㅋ,"포디움도 백마커 가능?? ㅋㅋㅋㅋ
- dc official App",6,6.0,"아니 이러면 막스 백마커 몇명까지 가능하냐??ㅋㅋㅋㅋ 포디움도 백마커 가능?? ㅋㅋㅋㅋ
- dc official App",아니 이러면 막스 백마커 몇명까지 가능하냐??ㅋㅋㅋㅋ 포디움도 백마커 가능?? ㅋㅋㅋㅋ,0.4003411829471588,0.2029300332069397,0.21643219888210297,0.07829747349023819,0.06573404371738434,0.03626511991024017
2024-03-03 00:12:57,틀딱 대전 On ㅋㅋㅋㅋ,ㅋㅋㅋㅋ,6,6.0,틀딱 대전 On ㅋㅋㅋㅋ ㅋㅋㅋㅋ,틀딱 대전 On ㅋㅋㅋㅋ ㅋㅋㅋㅋ,0.2532290518283844,0.2160145491361618,0.19979913532733917,0.1926381140947342,0.06566231697797775,0.0726567804813385
2024-03-03 00:12:58,이번시즌도 망했네,막스 에혀,6,6.0,이번시즌도 망했네 막스 에혀,이번시즌도 망했네 막스 에혀,0.09161391854286194,0.2931413948535919,0.16418178379535675,0.14708898961544037,0.07049830257892609,0.23347556591033936
2024-03-03 00:13:00,막스 또 혼자 드라이브중,여유넘침,6,6.0,막스 또 혼자 드라이브중 여유넘침,막스 또 혼자 드라이브중 여유넘침,0.6284275054931641,0.13876059651374817,0.06591231375932693,0.0741758942604065,0.03399933502078056,0.058724354952573776
2024-03-03 00:13:03,4.7은 시발 ㅋㅋ,- dc official App,6,6.0,4.7은 시발 ㅋㅋ - dc official App,4.7은 시발 ㅋㅋ - dc official App,0.12991836667060852,0.2048284113407135,0.16048291325569153,0.31314554810523987,0.04794446751475334,0.14368033409118652
2024-03-03 00:13:07,시발련이 퀄리에서 힘뺀거냐?,,6,6.0,시발련이 퀄리에서 힘뺀거냐? ,시발련이 퀄리에서 힘뺀거냐?,0.104448601603508,0.19668053090572357,0.16236306726932526,0.312288761138916,0.04700162261724472,0.17721737921237946
2024-03-03 00:13:13,이번 시즌 재밌게 f1 보는법,ㅈㄱㄴ,6,6.0,이번 시즌 재밌게 f1 보는법 ㅈㄱㄴ,이번 시즌 재밌게 f1 보는법 ㅈㄱㄴ,0.5927940607070923,0.1493975967168808,0.0640062689781189,0.10059845447540283,0.029463252052664757,0.06374041736125946
2024-03-03 00:13:21,막스 없다고 생각하면 항상 개잼있음,경쟁 개치열함 ㅋㅋㅋㅋ,6,6.0,막스 없다고 생각하면 항상 개잼있음 경쟁 개치열함 ㅋㅋㅋㅋ,막스 없다고 생각하면 항상 개잼있음 경쟁 개치열함 ㅋㅋㅋㅋ,0.6908688545227051,0.11961770802736282,0.06402762979269028,0.06417933106422424,0.02456844039261341,0.036737967282533646
2024-03-03 00:13:27,백마커 어뢰해줄 새끼 구함,,6,6.0,백마커 어뢰해줄 새끼 구함 ,백마커 어뢰해줄 새끼 구함,0.36800268292427063,0.18926814198493958,0.18561749160289764,0.10007032752037048,0.07406102120876312,0.08298034965991974
2024-03-03 00:13:33,포스트잇 꺼낼까?,지랄났네,6,6.0,포스트잇 꺼낼까? 지랄났네,포스트잇 꺼낼까? 지랄났네,0.1388346403837204,0.18907688558101654,0.12307857722043991,0.3305061161518097,0.046074893325567245,0.1724289059638977
2024-03-03 00:13:34,르끌차에 문제있음????,왜 갑자기 쳐지노,6,6.0,르끌차에 문제있음???? 왜 갑자기 쳐지노,르끌차에 문제있음???? 왜 갑자기 쳐지노,0.09528002887964249,0.27084970474243164,0.26621565222740173,0.15415558218955994,0.08059084415435791,0.1329081505537033
2024-03-03 00:13:36,저런 사기차를 타고 4등딱하시는 GOAT,체평 ㅋㅋ,6,6.0,저런 사기차를 타고 4등딱하시는 GOAT 체평 ㅋㅋ,저런 사기차를 타고 4등딱하시는 GOAT 체평 ㅋㅋ,0.09881678968667984,0.21467025578022003,0.2896957993507385,0.1994536817073822,0.11179117858409882,0.08557233214378357
2024-03-03 00:13:37,중계에 몽골 안나오니까 치열해보임 ㅋㅋㅋ,ㅋㅋㅋㅋㅋㅋㅋ,6,6.0,중계에 몽골 안나오니까 치열해보임 ㅋㅋㅋ ㅋㅋㅋㅋㅋㅋㅋ,중계에 몽골 안나오니까 치열해보임 ㅋㅋㅋ ㅋㅋㅋㅋㅋㅋㅋ,0.3725282847881317,0.27886804938316345,0.16675567626953125,0.08784522116184235,0.050612471997737885,0.04339030757546425
2024-03-03 00:13:39,뭔 시발 6랩만에 4.7이ㅜ차이가나냐,진짜좆같케,6,6.0,뭔 시발 6랩만에 4.7이ㅜ차이가나냐 진짜좆같케,뭔 시발 6랩만에 4.7이ㅜ차이가나냐 진짜좆같케,0.13725343346595764,0.20687496662139893,0.10460560768842697,0.30104726552963257,0.03793516755104065,0.21228353679180145
2024-03-03 00:13:42,아니 좆드불 차에 뭔 짓을 한 거노,존나 빠르네,6,6.0,아니 좆드불 차에 뭔 짓을 한 거노 존나 빠르네,아니 좆드불 차에 뭔 짓을 한 거노 존나 빠르네,0.11020033806562424,0.1967497020959854,0.31307920813560486,0.18361501395702362,0.11584082990884781,0.08051492273807526
2024-03-03 00:13:46,애마 개느려터졌노,,6,6.0,애마 개느려터졌노 ,애마 개느려터졌노,0.09494826942682266,0.27782711386680603,0.19089792668819427,0.21068871021270752,0.048208434134721756,0.17742957174777985
2024-03-03 00:13:47,러셀따잇당한다 ㅅㅂ ...,,6,6.0,러셀따잇당한다 ㅅㅂ ... ,러셀따잇당한다 ㅅㅂ ...,0.13760042190551758,0.17865650355815887,0.10890685766935349,0.30833953619003296,0.04516855627298355,0.22132815420627594
2024-03-03 00:13:50,1등 지우고 보면 재밋다,라고 세뇌하자,6,6.0,1등 지우고 보면 재밋다 라고 세뇌하자,1등 지우고 보면 재밋다 라고 세뇌하자,0.20948946475982666,0.287920743227005,0.1665230095386505,0.15826424956321716,0.07536350190639496,0.10243895649909973
2024-03-03 00:13:50,근데 체코 얘는 뭐가 문제임?,"같은 차 타는거 맞냐?
막스가 대단한건가",6,6.0,"근데 체코 얘는 뭐가 문제임? 같은 차 타는거 맞냐?
막스가 대단한건가",근데 체코 얘는 뭐가 문제임? 같은 차 타는거 맞냐? 막스가 대단한건가,0.08955712616443634,0.2455981969833374,0.3250839114189148,0.15226349234580994,0.09648358821868896,0.09101366251707077
2024-03-03 00:13:50,몽골은 카메라 잡지도 않네,ㅇㅇ,6,6.0,몽골은 카메라 잡지도 않네 ㅇㅇ,몽골은 카메라 잡지도 않네 ㅇㅇ,0.09648854285478592,0.34488609433174133,0.2310779094696045,0.1457882970571518,0.08845367282629013,0.09330549836158752
2024-03-03 00:13:51,갭보소 씨벨ㅋㅋㅋ,애미,6,6.0,갭보소 씨벨ㅋㅋㅋ 애미,갭보소 씨벨ㅋㅋㅋ 애미,0.13382941484451294,0.21950140595436096,0.17185331881046295,0.2692134380340576,0.08505740016698837,0.12054501473903656
2024-03-03 00:13:55,플랜 B 입갤ㅋㅋㅋ,,6,6.0,플랜 B 입갤ㅋㅋㅋ ,플랜 B 입갤ㅋㅋㅋ,0.5599809885025024,0.1513018161058426,0.10717897117137909,0.08946233242750168,0.039435580372810364,0.05264030024409294
2024-03-03 00:13:57,에스턴 직빨 눈물나네 진짜,딸깍하면 추월당해있음,7,7.0,에스턴 직빨 눈물나네 진짜 딸깍하면 추월당해있음,에스턴 직빨 눈물나네 진짜 딸깍하면 추월당해있음,0.17744331061840057,0.20510217547416687,0.24799296259880066,0.14362473785877228,0.137015700340271,0.08882106095552444
2024-03-03 00:13:58,보타스 프론트 브레이크 문제호소중,헤에,7,7.0,보타스 프론트 브레이크 문제호소중 헤에,보타스 프론트 브레이크 문제호소중 헤에,0.13167104125022888,0.31622931361198425,0.19619446992874146,0.13555146753787994,0.07644084095954895,0.1439128965139389
2024-03-03 00:13:58,5초가까이 차이나네 ㅅㅂ ㅋㅋㅋ,ㅋㅋㅋㅋㅋ뭐냐,7,7.0,5초가까이 차이나네 ㅅㅂ ㅋㅋㅋ ㅋㅋㅋㅋㅋ뭐냐,5초가까이 차이나네 ㅅㅂ ㅋㅋㅋ ㅋㅋㅋㅋㅋ뭐냐,0.11589692533016205,0.3119259774684906,0.13463753461837769,0.22829090058803558,0.06193143501877785,0.14731720089912415
2024-03-03 00:13:59,베르스타펜이 인터벌입니다!,"<--이거 1년내내 느낄예정
- dc official App",7,7.0,"베르스타펜이 인터벌입니다! <--이거 1년내내 느낄예정
- dc official App",베르스타펜이 인터벌입니다! <--이거 1년내내 느낄예정,0.6641972064971924,0.12759363651275635,0.08294402807950974,0.05936640873551369,0.030338715761899948,0.035559993237257004
2024-03-03 00:14:02,그와중에 우리 물탕이햄은 존재감도 없어졌네ㅠㅠ,"ㅠㅠ
- dc official App",7,7.0,"그와중에 우리 물탕이햄은 존재감도 없어졌네ㅠㅠ ㅠㅠ
- dc official App",그와중에 우리 물탕이햄은 존재감도 없어졌네ㅠㅠ ㅠㅠ,0.18323546648025513,0.26090672612190247,0.15063054859638214,0.14436089992523193,0.07205355167388916,0.1888127624988556
2024-03-03 00:14:04,플랜 B 입갤 ㅋㅋㅋㅋㅋㅋㅋ,,7,7.0,플랜 B 입갤 ㅋㅋㅋㅋㅋㅋㅋ ,플랜 B 입갤 ㅋㅋㅋㅋㅋㅋㅋ,0.5481140613555908,0.1553073525428772,0.113578662276268,0.092405766248703,0.039725229144096375,0.05086890608072281
2024-03-03 00:14:05,플랜비ㅋㅋㅋ,ㅋㅋ,7,7.0,플랜비ㅋㅋㅋ ㅋㅋ,플랜비ㅋㅋㅋ ㅋㅋ,0.6827439665794373,0.11775036156177521,0.08281257003545761,0.05907054990530014,0.025903930887579918,0.03171861171722412
2024-03-03 00:14:06,플랜 밤 입갤 ㅋㅋㅋㅋㅋㅋㅋㅋㅋㅋ,큰 거 온 다,7,7.0,플랜 밤 입갤 ㅋㅋㅋㅋㅋㅋㅋㅋㅋㅋ 큰 거 온 다,플랜 밤 입갤 ㅋㅋㅋㅋㅋㅋㅋㅋㅋㅋ 큰 거 온 다,0.6881789565086365,0.1143311932682991,0.07288855314254761,0.06009715795516968,0.02800632081925869,0.036497946828603745
2024-03-03 00:14:07,누구 엔진 안터지냐,,7,7.0,누구 엔진 안터지냐 ,누구 엔진 안터지냐,0.12355590611696243,0.2630220949649811,0.23502276837825775,0.13974638283252716,0.088842011988163,0.14981086552143097
2024-03-03 00:14:10,10랩도 안되서 5초 가까이 벌리는거 뭔데,막대남 미친놈,7,7.0,10랩도 안되서 5초 가까이 벌리는거 뭔데 막대남 미친놈,10랩도 안되서 5초 가까이 벌리는거 뭔데 막대남 미친놈,0.10883348435163498,0.2102801650762558,0.2489478886127472,0.22986401617527008,0.10303569585084915,0.09903876483440399
2024-03-03 00:14:12,21때 물탕이가 4위까지 백마커 만든 적 있지 않냐,올해도 그거 또 나올듯,7,7.0,21때 물탕이가 4위까지 백마커 만든 적 있지 않냐 올해도 그거 또 나올듯,21때 물탕이가 4위까지 백마커 만든 적 있지 않냐 올해도 그거 또 나올듯,0.31325429677963257,0.219142884016037,0.2388925999403,0.09949255734682083,0.08332042396068573,0.04589717090129852
2024-03-03 00:14:14,해물탕은 중계 잡히지도 않노 ㅠㅠㅠ,"ㅠㅠ
- dc official App",7,7.0,"해물탕은 중계 잡히지도 않노 ㅠㅠㅠ ㅠㅠ
- dc official App",해물탕은 중계 잡히지도 않노 ㅠㅠㅠ ㅠㅠ,0.1335500180721283,0.2792532742023468,0.10111663490533829,0.18423838913440704,0.04116172716021538,0.2606799602508545
2024-03-03 00:14:14,개좆라렌 쁠랜비ㅋㅋㅋㅋㅋㅋㅋ,,7,7.0,개좆라렌 쁠랜비ㅋㅋㅋㅋㅋㅋㅋ ,개좆라렌 쁠랜비ㅋㅋㅋㅋㅋㅋㅋ,0.5159382224082947,0.16768011450767517,0.12159734964370728,0.11025148630142212,0.04008597135543823,0.04444684460759163
2024-03-03 00:14:17,"""얘들아 형 잊은건 아니지...?""","형 그래도 4등이야
- dc official App",7,7.0,"""얘들아 형 잊은건 아니지...?"" 형 그래도 4등이야
- dc official App","""얘들아 형 잊은건 아니지...?"" 형 그래도 4등이야",0.1178051009774208,0.29199355840682983,0.21636398136615753,0.1266763061285019,0.13903841376304626,0.10812265425920486
2024-03-03 00:14:21,"막스 피트인, 체커기 받을때 비추는게 끝이겠노 ㅋㅋ",,7,7.0,"막스 피트인, 체커기 받을때 비추는게 끝이겠노 ㅋㅋ ","막스 피트인, 체커기 받을때 비추는게 끝이겠노 ㅋㅋ",0.1974084973335266,0.31084325909614563,0.20361793041229248,0.1343061923980713,0.07171032577753067,0.08211370557546616
2024-03-03 00:14:21,애마 롱런이 병신이네,분명히 숏런은 빨랐는데..,7,7.0,애마 롱런이 병신이네 분명히 숏런은 빨랐는데..,애마 롱런이 병신이네 분명히 숏런은 빨랐는데..,0.06758954375982285,0.263550341129303,0.280862957239151,0.15626035630702972,0.08127909898757935,0.1504577398300171
2024-03-03 00:14:22,4.7초 ㅋㅋㅋㅋㅋ,,7,7.0,4.7초 ㅋㅋㅋㅋㅋ ,4.7초 ㅋㅋㅋㅋㅋ,0.32521548867225647,0.23681224882602692,0.2092130333185196,0.11869800835847855,0.06226378679275513,0.047797463834285736
2024-03-03 00:14:23,F1.5 개최 ㅋㅋㅋ,막스만 F1참가 중,7,7.0,F1.5 개최 ㅋㅋㅋ 막스만 F1참가 중,F1.5 개최 ㅋㅋㅋ 막스만 F1참가 중,0.5736863613128662,0.15214909613132477,0.1124674379825592,0.08711587637662888,0.034421294927597046,0.0401599146425724
2024-03-03 00:14:27,페라리 << 해밀턴 설ㅋ거지 같은데ㅋㅋ,근데 설ㅋ거지 왜 못쓰냐,7,7.0,페라리 << 해밀턴 설ㅋ거지 같은데ㅋㅋ 근데 설ㅋ거지 왜 못쓰냐,페라리 << 해밀턴 설ㅋ거지 같은데ㅋㅋ 근데 설ㅋ거지 왜 못쓰냐,0.16165009140968323,0.277886301279068,0.2419610321521759,0.1587180644273758,0.08508181571960449,0.07470260560512543
2024-03-03 00:14:27,막스는 체커받을 때나 보여주겠네,"ㅋㅋㅋㅋㅋㅋㅋㅋㅋㅋㅋㅋ
곧 5초 찍겠는데
- dc official App",7,7.0,"막스는 체커받을 때나 보여주겠네 ㅋㅋㅋㅋㅋㅋㅋㅋㅋㅋㅋㅋ
곧 5초 찍겠는데
- dc official App",막스는 체커받을 때나 보여주겠네 ㅋㅋㅋㅋㅋㅋㅋㅋㅋㅋㅋㅋ 곧 5초 찍겠는데,0.16384562849998474,0.3014052212238312,0.2488623559474945,0.12560850381851196,0.09514029324054718,0.0651380717754364
2024-03-03 00:14:30,애마 왜 느리냐,- dc official App,7,7.0,애마 왜 느리냐 - dc official App,애마 왜 느리냐 - dc official App,0.11677612364292145,0.33010929822921753,0.23769764602184296,0.12873104214668274,0.04734056815505028,0.13934525847434998
2024-03-03 00:14:31,기습숭배,병신,7,7.0,기습숭배 병신,기습숭배 병신,0.1295071393251419,0.2561536431312561,0.32014456391334534,0.13101962208747864,0.08693715929985046,0.07623782008886337
2024-03-03 00:14:31,5초입갤 엌ㅋㅋㅋ,초 전 도 막 스,7,7.0,5초입갤 엌ㅋㅋㅋ 초 전 도 막 스,5초입갤 엌ㅋㅋㅋ 초 전 도 막 스,0.6605413556098938,0.12031171470880508,0.10484223067760468,0.056239496916532516,0.030287012457847595,0.02777819149196148
2024-03-03 00:14:36,5초갭 입갤ㅋㅋㅋㅋㅋㅋ,ㅋㅋㅋㅋㅋ,7,7.0,5초갭 입갤ㅋㅋㅋㅋㅋㅋ ㅋㅋㅋㅋㅋ,5초갭 입갤ㅋㅋㅋㅋㅋㅋ ㅋㅋㅋㅋㅋ,0.6734778881072998,0.11592588573694229,0.08875557035207748,0.062091559171676636,0.02749818004667759,0.03225088492035866
2024-03-03 00:14:39,페라리가 해밀턴 영입한것도 개 에바인게,사인츠가 존나 잘해주는데 퇴물새끼를 왜...?,7,7.0,페라리가 해밀턴 영입한것도 개 에바인게 사인츠가 존나 잘해주는데 퇴물새끼를 왜...?,페라리가 해밀턴 영입한것도 개 에바인게 사인츠가 존나 잘해주는데 퇴물새끼를 왜...?,0.06788260489702225,0.21619349718093872,0.23220762610435486,0.21823036670684814,0.0897533968091011,0.17573246359825134
2024-03-03 00:14:41,5초입갤ㅋㅋㅋㅋㅋ,,7,7.0,5초입갤ㅋㅋㅋㅋㅋ ,5초입갤ㅋㅋㅋㅋㅋ,0.6384279131889343,0.12437590956687927,0.1054726168513298,0.06808595359325409,0.03136448934674263,0.032273147255182266
2024-03-03 00:14:42,5초입갤 ㅋㅋㅋㅋ,,7,7.0,5초입갤 ㅋㅋㅋㅋ ,5초입갤 ㅋㅋㅋㅋ,0.661398708820343,0.116777703166008,0.09471915662288666,0.0636521652340889,0.03037658892571926,0.033075667917728424
2024-03-03 00:14:52,사인지 개무시당함ㅋ ㅋㅋㅋㅋ,,7,7.0,사인지 개무시당함ㅋ ㅋㅋㅋㅋ ,사인지 개무시당함ㅋ ㅋㅋㅋㅋ,0.1496649831533432,0.33744436502456665,0.12258479744195938,0.19322271645069122,0.06551504880189896,0.1315680742263794
2024-03-03 00:14:54,하수: 막스 격차 벌리는거 따라가라고 욕함,고수: 막스가 막판에 프리스탑 이상 벌리기를 응원함,7,7.0,하수: 막스 격차 벌리는거 따라가라고 욕함 고수: 막스가 막판에 프리스탑 이상 벌리기를 응원함,하수: 막스 격차 벌리는거 따라가라고 욕함 고수: 막스가 막판에 프리스탑 이상 벌리기를 응원함,0.15524922311306,0.27887392044067383,0.27140864729881287,0.10795032978057861,0.1074737161397934,0.07904420047998428
2024-03-03 00:14:55,5초ㅋㅋㅋㅋ,,7,7.0,5초ㅋㅋㅋㅋ ,5초ㅋㅋㅋㅋ,0.4499944746494293,0.19949203729629517,0.15874120593070984,0.09843046218156815,0.04662204533815384,0.046719763427972794
2024-03-03 00:15:01,브런들썰 웃기네 ㅋㅋㅋ,옛날에 라우다 딴적 있는데 2랩 뒤에 다시 라우다가 따더니 이새끼 뭐함? 하는 표정으로 쳐다봤다고 ㅋㅋ,7,7.0,브런들썰 웃기네 ㅋㅋㅋ 옛날에 라우다 딴적 있는데 2랩 뒤에 다시 라우다가 따더니 이새끼 뭐함? 하는 표정으로 쳐다봤다고 ㅋㅋ,브런들썰 웃기네 ㅋㅋㅋ 옛날에 라우다 딴적 있는데 2랩 뒤에 다시 라우다가 따더니 이새끼 뭐함? 하는 표정으로 쳐다봤다고 ㅋㅋ,0.3676862120628357,0.22958868741989136,0.19945022463798523,0.10309180617332458,0.057983674108982086,0.04219941422343254
2024-03-03 00:15:02,전승 한번 가보자 ㄹㅇ,,7,7.0,전승 한번 가보자 ㄹㅇ ,전승 한번 가보자 ㄹㅇ,0.5881495475769043,0.1486014723777771,0.11104226112365723,0.06330881267786026,0.044763337820768356,0.04413459077477455
2024-03-03 00:15:06,1위는 막스 북딱스는 리타이어가 보인다,ㅅㅂ...,7,7.0,1위는 막스 북딱스는 리타이어가 보인다 ㅅㅂ...,1위는 막스 북딱스는 리타이어가 보인다 ㅅㅂ...,0.10311616957187653,0.2243441790342331,0.12766318023204803,0.2874942421913147,0.04180511087179184,0.21557708084583282
2024-03-03 00:15:07,사 밑 페,ㅋㅋㅋㅋㅋㅋㅋㅋㅋ,7,7.0,사 밑 페 ㅋㅋㅋㅋㅋㅋㅋㅋㅋ,사 밑 페 ㅋㅋㅋㅋㅋㅋㅋㅋㅋ,0.5874695181846619,0.15547090768814087,0.09281916171312332,0.09316381067037582,0.031102903187274933,0.039973706007003784
2024-03-03 00:15:09,딸-깍,,7,7.0,딸-깍 ,딸-깍,0.528634786605835,0.171469584107399,0.11612050235271454,0.10189422965049744,0.03323239088058472,0.04864855483174324
2024-03-03 00:15:09,저게 시발 차가 맞아?,,7,7.0,저게 시발 차가 맞아? ,저게 시발 차가 맞아?,0.0984889343380928,0.21748167276382446,0.21627798676490784,0.23252011835575104,0.07790472358465195,0.15732668340206146
2024-03-03 00:15:11,딸깍,시발,7,7.0,딸깍 시발,딸깍 시발,0.13178107142448425,0.1838385909795761,0.133789524435997,0.3151487112045288,0.04423103481531143,0.19121108949184418
2024-03-03 00:15:11,좆끌 병신 ㅋㅋㅋ,,7,7.0,좆끌 병신 ㅋㅋㅋ ,좆끌 병신 ㅋㅋㅋ,0.5092747211456299,0.18559610843658447,0.11280420422554016,0.11169323325157166,0.036467861384153366,0.04416387155652046
2024-03-03 00:15:13,딸깍ㅋ ㅋㅋㅋㅋㅋㅋ,,7,7.0,딸깍ㅋ ㅋㅋㅋㅋㅋㅋ ,딸깍ㅋ ㅋㅋㅋㅋㅋㅋ,0.6805202960968018,0.12185931205749512,0.07776384055614471,0.061787351965904236,0.024768266826868057,0.0333009772002697
2024-03-03 00:15:14,사인지: 내가 더 빠름 피트: ㅇㅋ,ㅋㅋ,7,7.0,사인지: 내가 더 빠름 피트: ㅇㅋ ㅋㅋ,사인지: 내가 더 빠름 피트: ㅇㅋ ㅋㅋ,0.5430101156234741,0.16669228672981262,0.11445830762386322,0.09259657561779022,0.03524645045399666,0.04799623414874077
2024-03-03 00:15:14,레츠고 체코!!!!!!,,7,7.0,레츠고 체코!!!!!! ,레츠고 체코!!!!!!,0.7174609303474426,0.10688243806362152,0.06191497668623924,0.05378153175115585,0.02360035851597786,0.03635973855853081
2024-03-03 00:15:14,ㄸㄲ,,7,7.0,ㄸㄲ ,ㄸㄲ,0.5892305970191956,0.162775918841362,0.09585463255643845,0.08139673620462418,0.03098359704017639,0.03975854814052582
2024-03-03 00:15:15,사인지 빠르다는데 무시당하노ㅋㅋㅋㅋㅋ,,7,7.0,사인지 빠르다는데 무시당하노ㅋㅋㅋㅋㅋ ,사인지 빠르다는데 무시당하노ㅋㅋㅋㅋㅋ,0.10764420032501221,0.3325822949409485,0.18794162571430206,0.1783619076013565,0.08866603672504425,0.10480391979217529
2024-03-03 00:15:16,5초 입갤 하자마자 6초 입갤직전ㅋㅋㅋㅋㅋㅋㅋ,엌ㅋㅋㅋㅋㅋㅋㅋㅋㅋㅋㅋㅋㅋㅋㅋ,7,7.0,5초 입갤 하자마자 6초 입갤직전ㅋㅋㅋㅋㅋㅋㅋ 엌ㅋㅋㅋㅋㅋㅋㅋㅋㅋㅋㅋㅋㅋㅋㅋ,5초 입갤 하자마자 6초 입갤직전ㅋㅋㅋㅋㅋㅋㅋ 엌ㅋㅋㅋㅋㅋㅋㅋㅋㅋㅋㅋㅋㅋㅋㅋ,0.5667460560798645,0.1652882844209671,0.1196504533290863,0.0736398696899414,0.03816298022866249,0.036512359976768494
2024-03-03 00:15:15,자동문ㅋㅋㅋㅋ,,7,7.0,자동문ㅋㅋㅋㅋ ,자동문ㅋㅋㅋㅋ,0.5879015326499939,0.15247486531734467,0.10335803776979446,0.081148661673069,0.03429005667567253,0.04082682728767395
2024-03-03 00:15:16,딸깍ㅋㅋㅋㅋㅋㅋㅋㅋ,,7,7.0,딸깍ㅋㅋㅋㅋㅋㅋㅋㅋ ,딸깍ㅋㅋㅋㅋㅋㅋㅋㅋ,0.665539026260376,0.1254728138446808,0.08312062174081802,0.0665278211236,0.0255110003054142,0.03382875770330429
2024-03-03 00:15:17,딸깍은 체평ㅋㅋㅋㅋㅋ,ㅋㅋㅋㅋㅋㅋㅋㅋㅋㅋㅋㅋㅋㅋㅋㅋ,7,7.0,딸깍은 체평ㅋㅋㅋㅋㅋ ㅋㅋㅋㅋㅋㅋㅋㅋㅋㅋㅋㅋㅋㅋㅋㅋ,딸깍은 체평ㅋㅋㅋㅋㅋ ㅋㅋㅋㅋㅋㅋㅋㅋㅋㅋㅋㅋㅋㅋㅋㅋ,0.6589038968086243,0.1277836561203003,0.08664974570274353,0.06760529428720474,0.025449978187680244,0.03360746055841446
2024-03-03 00:15:18,랩당 1초씩 벌리노ㅋㅋㅋㅋㅋㅋ,ㅋㅋㅋㅋ,7,7.0,랩당 1초씩 벌리노ㅋㅋㅋㅋㅋㅋ ㅋㅋㅋㅋ,랩당 1초씩 벌리노ㅋㅋㅋㅋㅋㅋ ㅋㅋㅋㅋ,0.4249486029148102,0.20175223052501678,0.1949365735054016,0.08698917925357819,0.05562887340784073,0.03574451804161072
2024-03-03 00:15:18,저 초록색차 뭐냐 진짜 개좆구리네 ㅋㅋㅋ,ㄹㅇ,7,7.0,저 초록색차 뭐냐 진짜 개좆구리네 ㅋㅋㅋ ㄹㅇ,저 초록색차 뭐냐 진짜 개좆구리네 ㅋㅋㅋ ㄹㅇ,0.08084692806005478,0.24193833768367767,0.2382681667804718,0.21492303907871246,0.08058696985244751,0.1434364765882492
2024-03-03 00:15:18,따코가 따잇ㅋㅋㅋ,,7,7.0,따코가 따잇ㅋㅋㅋ ,따코가 따잇ㅋㅋㅋ,0.7178328037261963,0.10757152736186981,0.06172293424606323,0.05474742874503136,0.02262161485850811,0.03550371155142784
2024-03-03 00:15:18,-딸깍-,에휴;;,7,7.0,-딸깍- 에휴;;,-딸깍- 에휴;;,0.10232198238372803,0.2859334349632263,0.14664523303508759,0.1761150062084198,0.06742016971111298,0.2215641587972641
2024-03-03 00:15:19,르끌아...,,7,7.0,르끌아... ,르끌아...,0.11021213978528976,0.3269863426685333,0.2271784543991089,0.1137232705950737,0.07590290158987045,0.14599689841270447
2024-03-03 00:15:21,딸깍 온 ㅋㅋ,,7,7.0,딸깍 온 ㅋㅋ ,딸깍 온 ㅋㅋ,0.7074984312057495,0.10736466944217682,0.07075890153646469,0.053658343851566315,0.02532345987856388,0.035396263003349304
2024-03-03 00:15:23,아니 르끌 뭐하냐?,뭐 차에 문제있냐,7,7.0,아니 르끌 뭐하냐? 뭐 차에 문제있냐,아니 르끌 뭐하냐? 뭐 차에 문제있냐,0.08342699706554413,0.25818654894828796,0.29225602746009827,0.15160410106182098,0.07281104475259781,0.14171527326107025
2024-03-03 00:15:23,시즌 1호 딸깍 ㅋㅋㅋㅋㅋㅋㅋㅋㅋㅋ,,7,7.0,시즌 1호 딸깍 ㅋㅋㅋㅋㅋㅋㅋㅋㅋㅋ ,시즌 1호 딸깍 ㅋㅋㅋㅋㅋㅋㅋㅋㅋㅋ,0.6982227563858032,0.10804793238639832,0.07931521534919739,0.05800874903798103,0.024713339284062386,0.031692009419202805
2024-03-03 00:15:23,르끌 병신아 ㅋㅋ,,7,7.0,르끌 병신아 ㅋㅋ ,르끌 병신아 ㅋㅋ,0.1601983904838562,0.22910051047801971,0.1888580173254013,0.25964847207069397,0.0671030580997467,0.09509158134460449
2024-03-03 00:15:25,딸깍ㅋㅋㅋㅋㅋ,ㅋㅋ,7,7.0,딸깍ㅋㅋㅋㅋㅋ ㅋㅋ,딸깍ㅋㅋㅋㅋㅋ ㅋㅋ,0.6760808825492859,0.12244866043329239,0.0817948654294014,0.062188033014535904,0.02459822967648506,0.032889366149902344
2024-03-03 00:15:25,딸깍,ㅅ,7,7.0,딸깍 ㅅ,딸깍 ㅅ,0.6883111596107483,0.10842997580766678,0.0825788751244545,0.059248726814985275,0.02672681398689747,0.03470447659492493
2024-03-03 00:15:26,좆끌 사인지보다도 페이스 후달리는데?,,7,7.0,좆끌 사인지보다도 페이스 후달리는데? ,좆끌 사인지보다도 페이스 후달리는데?,0.08924291282892227,0.21696405112743378,0.37536147236824036,0.1387476921081543,0.10351113229990005,0.07617272436618805
2024-03-03 00:15:28,페라리 컽 ㅋㅋㅋㅋㅋ,"ㅋㅋㅋ
- dc official App",7,7.0,"페라리 컽 ㅋㅋㅋㅋㅋ ㅋㅋㅋ
- dc official App",페라리 컽 ㅋㅋㅋㅋㅋ ㅋㅋㅋ,0.7091942429542542,0.10884604603052139,0.06445089727640152,0.05846145376563072,0.023437529802322388,0.03560970351099968
2024-03-03 00:15:29,팀오더 드가자 ㅋㅋ,,7,7.0,팀오더 드가자 ㅋㅋ ,팀오더 드가자 ㅋㅋ,0.6693317890167236,0.11876260489225388,0.08523418754339218,0.059922538697719574,0.029327278956770897,0.037421613931655884
2024-03-03 00:15:29,비켜 르끌놈아 ㅋㅋ,ㅋㅋㅋㅋ,7,7.0,비켜 르끌놈아 ㅋㅋ ㅋㅋㅋㅋ,비켜 르끌놈아 ㅋㅋ ㅋㅋㅋㅋ,0.32641494274139404,0.22682985663414001,0.13256703317165375,0.1872817575931549,0.05310836061835289,0.07379797101020813
2024-03-03 00:15:31,대 병 신,ㅋㅋㅋㅋㅋㅋ,7,7.0,대 병 신 ㅋㅋㅋㅋㅋㅋ,대 병 신 ㅋㅋㅋㅋㅋㅋ,0.197051540017128,0.23335008323192596,0.22216083109378815,0.19983047246932983,0.07589484006166458,0.07171223312616348
2024-03-03 00:15:31,ㅈ라리 ㅋㅋㅋㅋ,ㅋㅋㅋㅋㅋ,7,7.0,ㅈ라리 ㅋㅋㅋㅋ ㅋㅋㅋㅋㅋ,ㅈ라리 ㅋㅋㅋㅋ ㅋㅋㅋㅋㅋ,0.4679473638534546,0.19829414784908295,0.10103747248649597,0.13672752678394318,0.03825916349887848,0.057734325528144836
2024-03-03 00:15:32,까를로스 이스 패스터 댄 유,ㅇㅇ,7,7.0,까를로스 이스 패스터 댄 유 ㅇㅇ,까를로스 이스 패스터 댄 유 ㅇㅇ,0.49790772795677185,0.17443138360977173,0.16311274468898773,0.0884033665060997,0.03192455321550369,0.04422017186880112
2024-03-03 00:15:32,딸~깍,ㅋㅋㅋ,7,7.0,딸~깍 ㅋㅋㅋ,딸~깍 ㅋㅋㅋ,0.6976295709609985,0.11332854628562927,0.07250145077705383,0.05885976552963257,0.024820230901241302,0.03286043927073479
2024-03-03 00:15:33,딸깍충 ㅋㅋ,,7,7.0,딸깍충 ㅋㅋ ,딸깍충 ㅋㅋ,0.2865389883518219,0.22314953804016113,0.18847624957561493,0.1763400137424469,0.05753471329808235,0.0679604634642601
2024-03-03 00:15:34,딸 깍,쉽노,7,7.0,딸 깍 쉽노,딸 깍 쉽노,0.2942795157432556,0.2979891002178192,0.14185604453086853,0.10881274193525314,0.051208291202783585,0.10585436969995499
2024-03-03 00:15:35,딸깍 시발,아,7,7.0,딸깍 시발 아,딸깍 시발 아,0.14043138921260834,0.17768624424934387,0.12233259528875351,0.32258450984954834,0.04533018171787262,0.19163504242897034
2024-03-03 00:15:35,좆라리 이제 내전 각이냐 ㅋㅋㅋㅋ,ㅋㅋㅋㅋ,7,7.0,좆라리 이제 내전 각이냐 ㅋㅋㅋㅋ ㅋㅋㅋㅋ,좆라리 이제 내전 각이냐 ㅋㅋㅋㅋ ㅋㅋㅋㅋ,0.09978045523166656,0.26852574944496155,0.13748732209205627,0.23993031680583954,0.08152810484170914,0.17274807393550873
2024-03-03 00:15:36,아니 시발 ㅋㅋㅋㅋㅋ 6초입갤 6초전 ㅋㅋㅋ,,8,8.0,아니 시발 ㅋㅋㅋㅋㅋ 6초입갤 6초전 ㅋㅋㅋ ,아니 시발 ㅋㅋㅋㅋㅋ 6초입갤 6초전 ㅋㅋㅋ,0.21125824749469757,0.27373865246772766,0.16100174188613892,0.18596939742565155,0.08448275178670883,0.08354917168617249
2024-03-03 00:15:37,르끌 중고 타이어씀?,,8,8.0,르끌 중고 타이어씀? ,르끌 중고 타이어씀?,0.14501585066318512,0.20480167865753174,0.3751777112483978,0.1155402734875679,0.09470069408416748,0.06476384401321411
2024-03-03 00:15:37,근데 지금 왜하는거? 1시부터아님?,"ㅇㅇ
- dc official App",8,8.0,"근데 지금 왜하는거? 1시부터아님? ㅇㅇ
- dc official App",근데 지금 왜하는거? 1시부터아님? ㅇㅇ,0.14057008922100067,0.24378110468387604,0.3286224901676178,0.11186784505844116,0.09608501195907593,0.07907339185476303
2024-03-03 00:15:37,미끌레 자동문이고ㅋㅋㅋㅋㅋㅋ,,8,8.0,미끌레 자동문이고ㅋㅋㅋㅋㅋㅋ ,미끌레 자동문이고ㅋㅋㅋㅋㅋㅋ,0.5287653207778931,0.1694692075252533,0.12988275289535522,0.09089545905590057,0.03850742056965828,0.04247980937361717
2024-03-03 00:15:37,씨발 이게 뭐야,그냥 레드불 레이스네 ㅅㅂ,8,8.0,씨발 이게 뭐야 그냥 레드불 레이스네 ㅅㅂ,씨발 이게 뭐야 그냥 레드불 레이스네 ㅅㅂ,0.1126956045627594,0.23468828201293945,0.11395560204982758,0.2644692361354828,0.04065471515059471,0.23353664577007294
2024-03-03 00:15:38,르끌레 내줘라 ㅋㅋ,그저 얼굴원툴 ㅜㅜ,8,8.0,르끌레 내줘라 ㅋㅋ 그저 얼굴원툴 ㅜㅜ,르끌레 내줘라 ㅋㅋ 그저 얼굴원툴 ㅜㅜ,0.1750597059726715,0.2997938394546509,0.1345454752445221,0.14479969441890717,0.08552153408527374,0.16027972102165222
2024-03-03 00:15:38,역시 추월은 체코신 dod는 다 내꺼!!!!ㅋㅋㅋㅋㅋㅋ,,8,8.0,역시 추월은 체코신 dod는 다 내꺼!!!!ㅋㅋㅋㅋㅋㅋ ,역시 추월은 체코신 dod는 다 내꺼!!!!ㅋㅋㅋㅋㅋㅋ,0.7148511409759521,0.10942137986421585,0.0517902709543705,0.05606980621814728,0.024360714480280876,0.043506622314453125
2024-03-03 00:15:38,르끌 개씨발 폐급새끼야 씨벌년아,- dc official App,8,8.0,르끌 개씨발 폐급새끼야 씨벌년아 - dc official App,르끌 개씨발 폐급새끼야 씨벌년아 - dc official App,0.18782275915145874,0.1555924415588379,0.13102492690086365,0.31585901975631714,0.04571232572197914,0.16398853063583374
2024-03-03 00:15:43,발테리 피트인 안시킴?,"한번 박았더니 너무 느려졌음
- dc official App",8,8.0,"발테리 피트인 안시킴? 한번 박았더니 너무 느려졌음
- dc official App",발테리 피트인 안시킴? 한번 박았더니 너무 느려졌음,0.1017872542142868,0.32929083704948425,0.16663356125354767,0.17083004117012024,0.04800746962428093,0.18345074355602264
2024-03-03 00:15:45,좆라리 목숨건내전 ㅋㅋㅋㅋ,- dc official App,8,8.0,좆라리 목숨건내전 ㅋㅋㅋㅋ - dc official App,좆라리 목숨건내전 ㅋㅋㅋㅋ - dc official App,0.4433670938014984,0.21117201447486877,0.11261729151010513,0.12224193662405014,0.04987974464893341,0.06072184443473816
2024-03-03 00:15:46,drs못켜는데 체코 머셀 딸수있냐,ㅇㅇ,8,8.0,drs못켜는데 체코 머셀 딸수있냐 ㅇㅇ,drs못켜는데 체코 머셀 딸수있냐 ㅇㅇ,0.19831442832946777,0.24031482636928558,0.31150054931640625,0.09556203335523605,0.0879492238163948,0.06635894626379013
2024-03-03 00:15:52,좆라리랑 좆물탕이랑 아주 천생연분 만난듯,덕분에 멜세 싱싱한 드라이버 하나 업어올듯 ㅎㅎ,8,8.0,좆라리랑 좆물탕이랑 아주 천생연분 만난듯 덕분에 멜세 싱싱한 드라이버 하나 업어올듯 ㅎㅎ,좆라리랑 좆물탕이랑 아주 천생연분 만난듯 덕분에 멜세 싱싱한 드라이버 하나 업어올듯 ㅎㅎ,0.6148180961608887,0.13961276412010193,0.09500380605459213,0.07416602969169617,0.03897596895694733,0.037423379719257355
2024-03-03 00:15:56,새삼 RB20을 타고도 아직도 3등인 체코가,대단하네,8,8.0,새삼 RB20을 타고도 아직도 3등인 체코가 대단하네,새삼 RB20을 타고도 아직도 3등인 체코가 대단하네,0.1254536658525467,0.21352411806583405,0.34528589248657227,0.13174721598625183,0.12353206425905228,0.0604570209980011
2024-03-03 00:15:57,아오 르클시치,체평에게 발리네,8,8.0,아오 르클시치 체평에게 발리네,아오 르클시치 체평에게 발리네,0.10106300562620163,0.2587117850780487,0.3217228055000305,0.1268875151872635,0.12068773806095123,0.0709272101521492
2024-03-03 00:15:58,저딴게 퍼스트?,ㅋㅋㅋㅋㅋ풋,8,8.0,저딴게 퍼스트? ㅋㅋㅋㅋㅋ풋,저딴게 퍼스트? ㅋㅋㅋㅋㅋ풋,0.08338863402605057,0.2021455615758896,0.21925398707389832,0.253737211227417,0.07293923944234848,0.16853538155555725
2024-03-03 00:15:58,르끌 병신아 비켜 ㅋㅋㅋㅋㅋㅋㅋㅋ,ㅋㅋㅋㅋㅋㅋㅋ,8,8.0,르끌 병신아 비켜 ㅋㅋㅋㅋㅋㅋㅋㅋ ㅋㅋㅋㅋㅋㅋㅋ,르끌 병신아 비켜 ㅋㅋㅋㅋㅋㅋㅋㅋ ㅋㅋㅋㅋㅋㅋㅋ,0.35479050874710083,0.267922967672348,0.12327931821346283,0.14284701645374298,0.04922794923186302,0.061932288110256195
2024-03-03 00:16:01,몽골 안 잡히니까 ㄹㅇ 개치열해보이노ㅋㅋㅋㅋㅋ,,8,8.0,몽골 안 잡히니까 ㄹㅇ 개치열해보이노ㅋㅋㅋㅋㅋ ,몽골 안 잡히니까 ㄹㅇ 개치열해보이노ㅋㅋㅋㅋㅋ,0.12792488932609558,0.23069411516189575,0.27902886271476746,0.16200445592403412,0.13390587270259857,0.06644176691770554
2024-03-03 00:16:03,페라리 내전 드가자~,"근데
사인츠
짤린거아님
?",8,8.0,"페라리 내전 드가자~ 근데
사인츠
짤린거아님
?",페라리 내전 드가자~ 근데 사인츠 짤린거아님 ?,0.27804407477378845,0.20904602110385895,0.28272897005081177,0.08591455966234207,0.0918123722076416,0.052453961223363876
2024-03-03 00:16:05,르끌 사인지한테 따잇 당하겠노,팀오더 기다리지 말고 가자,8,8.0,르끌 사인지한테 따잇 당하겠노 팀오더 기다리지 말고 가자,르끌 사인지한테 따잇 당하겠노 팀오더 기다리지 말고 가자,0.10183613747358322,0.2819357216358185,0.2754952311515808,0.11532004177570343,0.10797349363565445,0.117439404129982
2024-03-03 00:16:05,❗+❗+올해도 아니다❗+❗+,- dc official App,8,8.0,❗+❗+올해도 아니다❗+❗+ - dc official App,❗+❗+올해도 아니다❗+❗+ - dc official App,0.2932630479335785,0.26201972365379333,0.15564975142478943,0.13559596240520477,0.043796174228191376,0.10967537015676498
2024-03-03 00:16:10,남는 놈vs가는 놈ㅋㅋㅋㅋㅋ,ㅋㅋㅋㅋㅋ,8,8.0,남는 놈vs가는 놈ㅋㅋㅋㅋㅋ ㅋㅋㅋㅋㅋ,남는 놈vs가는 놈ㅋㅋㅋㅋㅋ ㅋㅋㅋㅋㅋ,0.42543378472328186,0.19488506019115448,0.1353009045124054,0.13351404666900635,0.046224579215049744,0.0646415501832962
2024-03-03 00:16:16,르끌 : 이겨야한다 vs 레드불 : 딸 깍,ㅋㅋㅋㅋㅋㅋㅋㅋㅋㅋㅋㅋㅋㅋㅋㅋㅋㅋㅋㅋㅋㅋㅋㅋㅋㅋㅋㅋㅋㅋ,8,8.0,르끌 : 이겨야한다 vs 레드불 : 딸 깍 ㅋㅋㅋㅋㅋㅋㅋㅋㅋㅋㅋㅋㅋㅋㅋㅋㅋㅋㅋㅋㅋㅋㅋㅋㅋㅋㅋㅋㅋㅋ,르끌 : 이겨야한다 vs 레드불 : 딸 깍 ㅋㅋㅋㅋㅋㅋㅋㅋㅋㅋㅋㅋㅋㅋㅋㅋㅋㅋㅋㅋㅋㅋㅋㅋㅋㅋㅋㅋㅋㅋ,0.4804331064224243,0.18233563005924225,0.13516972959041595,0.11196859180927277,0.04152066633105278,0.048572346568107605
2024-03-03 00:16:16,막들어왔는데 막스 5초차이 ㅋㅋㅋㅋㅋ 그럼그렇지,에휴 좆노잼 시즌 ON.,8,8.0,막들어왔는데 막스 5초차이 ㅋㅋㅋㅋㅋ 그럼그렇지 에휴 좆노잼 시즌 ON.,막들어왔는데 막스 5초차이 ㅋㅋㅋㅋㅋ 그럼그렇지 에휴 좆노잼 시즌 ON.,0.11433101445436478,0.2959003150463104,0.14029768109321594,0.20251166820526123,0.06495223194360733,0.1820070892572403
2024-03-03 00:16:17,좆끌레 이새끼야 우리퍼스트한테 자리비켜,퀄리원툴 조루 세컨드새끼,8,8.0,좆끌레 이새끼야 우리퍼스트한테 자리비켜 퀄리원툴 조루 세컨드새끼,좆끌레 이새끼야 우리퍼스트한테 자리비켜 퀄리원툴 조루 세컨드새끼,0.156248539686203,0.15733522176742554,0.1450595259666443,0.32593318819999695,0.05603194981813431,0.1593916267156601
2024-03-03 00:16:22,6초 입갤 ㅋㅋㅋㅋㅋㅋㅋㅋㅋㅋㅋㅋ,아 진짜 지랄났다,8,8.0,6초 입갤 ㅋㅋㅋㅋㅋㅋㅋㅋㅋㅋㅋㅋ 아 진짜 지랄났다,6초 입갤 ㅋㅋㅋㅋㅋㅋㅋㅋㅋㅋㅋㅋ 아 진짜 지랄났다,0.14524812996387482,0.24603158235549927,0.14832477271556854,0.25694146752357483,0.07958290725946426,0.12387114018201828
2024-03-03 00:16:31,축구나 보러 가야겠다 ㅋㅋ,끝났노,8,8.0,축구나 보러 가야겠다 ㅋㅋ 끝났노,축구나 보러 가야겠다 ㅋㅋ 끝났노,0.19290052354335785,0.31063756346702576,0.11431018263101578,0.16739189624786377,0.06291044503450394,0.1518494188785553
2024-03-03 00:16:33,또잠겻네 저 병신 ㅋㅋ,,8,8.0,또잠겻네 저 병신 ㅋㅋ ,또잠겻네 저 병신 ㅋㅋ,0.08310844004154205,0.24954265356063843,0.18263573944568634,0.24043582379817963,0.09510640054941177,0.14917096495628357
2024-03-03 00:16:36,락끌ㅋㅋㅋㅋㅋㅋㅋㅋㅋㅋㅋㅋㅋㅋㅋㅋㅋㅋ,락업 존나걸리넼ㅋㅋㅋㅋㅋㅋㅋㅋㅋㅋㅋㅋㅋㅋㅋ,8,8.0,락끌ㅋㅋㅋㅋㅋㅋㅋㅋㅋㅋㅋㅋㅋㅋㅋㅋㅋㅋ 락업 존나걸리넼ㅋㅋㅋㅋㅋㅋㅋㅋㅋㅋㅋㅋㅋㅋㅋ,락끌ㅋㅋㅋㅋㅋㅋㅋㅋㅋㅋㅋㅋㅋㅋㅋㅋㅋㅋ 락업 존나걸리넼ㅋㅋㅋㅋㅋㅋㅋㅋㅋㅋㅋㅋㅋㅋㅋ,0.18350425362586975,0.317923367023468,0.14562492072582245,0.18014644086360931,0.07574231922626495,0.09705867618322372
2024-03-03 00:16:39,계속 휠락걸리노 ㅋㅋㅋㅋㅋㅋㅋㅋㅋㅋ,에라이,8,8.0,계속 휠락걸리노 ㅋㅋㅋㅋㅋㅋㅋㅋㅋㅋ 에라이,계속 휠락걸리노 ㅋㅋㅋㅋㅋㅋㅋㅋㅋㅋ 에라이,0.13168348371982574,0.2685137987136841,0.10723701864480972,0.2716928720474243,0.05452562868595123,0.1663471758365631
2024-03-03 00:16:40,사인츠 짜르고 르끌 남기는게 맞냐,,8,8.0,사인츠 짜르고 르끌 남기는게 맞냐 ,사인츠 짜르고 르끌 남기는게 맞냐,0.07291427254676819,0.2908564507961273,0.1787351369857788,0.2004595398902893,0.045070867985486984,0.2119636833667755
2024-03-03 00:16:47,르끌때문에 페라리 둘다 죽는다,작년이랑 똑같다니까,8,8.0,르끌때문에 페라리 둘다 죽는다 작년이랑 똑같다니까,르끌때문에 페라리 둘다 죽는다 작년이랑 똑같다니까,0.08233308047056198,0.2585850954055786,0.1683170199394226,0.1548367291688919,0.07762715220451355,0.25830093026161194
2024-03-03 00:16:48,내가 f1 23할때만 저기서 어려운게 아니구나,선수도 실수하네,8,8.0,내가 f1 23할때만 저기서 어려운게 아니구나 선수도 실수하네,내가 f1 23할때만 저기서 어려운게 아니구나 선수도 실수하네,0.07812770456075668,0.2763669788837433,0.29788312315940857,0.12907357513904572,0.10060794651508331,0.11794069409370422
2024-03-03 00:16:49,실수가 많다잉,,8,8.0,실수가 많다잉 ,실수가 많다잉,0.11024905741214752,0.3060013949871063,0.2843170464038849,0.10789256542921066,0.08047155290842056,0.11106831580400467
2024-03-03 00:16:50,내년에 해물오면서 사인지 나가는거아님?,"시발
르끌쳐내지
뭐농",8,8.0,"내년에 해물오면서 사인지 나가는거아님? 시발
르끌쳐내지
뭐농",내년에 해물오면서 사인지 나가는거아님? 시발 르끌쳐내지 뭐농,0.09868322312831879,0.23956970870494843,0.12151036411523819,0.27278658747673035,0.042891841381788254,0.2245582938194275
2024-03-03 00:16:52,6.3ㅋㅋㅋㅋ,ㅋㅋㅋㅋㅋ,8,8.0,6.3ㅋㅋㅋㅋ ㅋㅋㅋㅋㅋ,6.3ㅋㅋㅋㅋ ㅋㅋㅋㅋㅋ,0.35393744707107544,0.24141843616962433,0.17885445058345795,0.12098748236894608,0.05289079248905182,0.05191141739487648
2024-03-03 00:16:55,르끌 숏런 원툴임?,실수 많네,8,8.0,르끌 숏런 원툴임? 실수 많네,르끌 숏런 원툴임? 실수 많네,0.08486518263816833,0.2617194652557373,0.3312125504016876,0.1335260570049286,0.08119896799325943,0.10747776180505753
2024-03-03 00:16:55,미끌레르에서 락끌레르로 진화 ㅋㅋ,,8,8.0,미끌레르에서 락끌레르로 진화 ㅋㅋ ,미끌레르에서 락끌레르로 진화 ㅋㅋ,0.6304621696472168,0.1369149535894394,0.1012430265545845,0.0679076537489891,0.03028484433889389,0.03318732976913452
2024-03-03 00:16:56,시즌 개씨발 좆망했노,이러니까 WEC가 흥하지,8,8.0,시즌 개씨발 좆망했노 이러니까 WEC가 흥하지,시즌 개씨발 좆망했노 이러니까 WEC가 흥하지,0.08780533820390701,0.2526998817920685,0.16185025870800018,0.23747438192367554,0.05475636199116707,0.2054137885570526
2024-03-03 00:16:57,츠노다는 또 p10 지박령이네ㅋㅋㅋ,근데 레이스 끝나면 이해되지 않는 전략으로 항상 뒤로 흘러있음ㅋㅋ,8,8.0,츠노다는 또 p10 지박령이네ㅋㅋㅋ 근데 레이스 끝나면 이해되지 않는 전략으로 항상 뒤로 흘러있음ㅋㅋ,츠노다는 또 p10 지박령이네ㅋㅋㅋ 근데 레이스 끝나면 이해되지 않는 전략으로 항상 뒤로 흘러있음ㅋㅋ,0.0956793799996376,0.3345303535461426,0.19648870825767517,0.1667087823152542,0.09467140585184097,0.11192137002944946
2024-03-03 00:16:57,1시부터아니냐고 대답좀해줘 ㅅㅂ,"ㅇㅇ
- dc official App",8,8.0,"1시부터아니냐고 대답좀해줘 ㅅㅂ ㅇㅇ
- dc official App",1시부터아니냐고 대답좀해줘 ㅅㅂ ㅇㅇ,0.11653833091259003,0.2467203289270401,0.11290518939495087,0.25454649329185486,0.04105237498879433,0.22823722660541534
2024-03-03 00:16:58,"???:어이 엪갤, 투표 해야겠지?","F1 2024 R1
DOD
No.11
PEREZ",8,8.0,"???:어이 엪갤, 투표 해야겠지? F1 2024 R1
DOD
No.11
PEREZ","???:어이 엪갤, 투표 해야겠지? F1 2024 R1 DOD No.11 PEREZ",0.3347112238407135,0.21376380324363708,0.24851839244365692,0.08785303682088852,0.057752735912799835,0.057400837540626526
2024-03-03 00:16:58,암만봐도 사인지가 르끌보다 잘하는데 ㅋㅋㅋㅋ,"사인지 레드불와서 페라리한테 복수하자 ㅋㅋㅋㅋ
- dc official App",8,8.0,"암만봐도 사인지가 르끌보다 잘하는데 ㅋㅋㅋㅋ 사인지 레드불와서 페라리한테 복수하자 ㅋㅋㅋㅋ
- dc official App",암만봐도 사인지가 르끌보다 잘하는데 ㅋㅋㅋㅋ 사인지 레드불와서 페라리한테 복수하자 ㅋㅋㅋㅋ,0.512345552444458,0.16642604768276215,0.14624176919460297,0.07902147620916367,0.059146031737327576,0.03681909665465355
2024-03-03 00:16:59,락끌레르 ㅋㅋㅋㅋㅋㅋㅋ,,8,8.0,락끌레르 ㅋㅋㅋㅋㅋㅋㅋ ,락끌레르 ㅋㅋㅋㅋㅋㅋㅋ,0.6761735677719116,0.11953026801347733,0.07676687091588974,0.0694899931550026,0.023486927151679993,0.034552328288555145
2024-03-03 00:17:02,르끌차에 문제있는거 맞네,레이스 끝나면 원인 나오겠지,8,8.0,르끌차에 문제있는거 맞네 레이스 끝나면 원인 나오겠지,르끌차에 문제있는거 맞네 레이스 끝나면 원인 나오겠지,0.1168939545750618,0.22704866528511047,0.3453836143016815,0.11472301930189133,0.07244152575731277,0.12350927293300629
2024-03-03 00:17:03,6초 ㅋㅋㅋ,,8,8.0,6초 ㅋㅋㅋ ,6초 ㅋㅋㅋ,0.5193760395050049,0.1779766082763672,0.13793781399726868,0.08408011496067047,0.03959919512271881,0.04103018715977669
2024-03-03 00:17:04,좆끌<- 희대의 좆거품 ㅋㅋ,"ㄹㅇ
- dc official App",8,8.0,"좆끌<- 희대의 좆거품 ㅋㅋ ㄹㅇ
- dc official App",좆끌<- 희대의 좆거품 ㅋㅋ ㄹㅇ,0.10014756768941879,0.2539637088775635,0.2601879835128784,0.19561225175857544,0.07675552368164062,0.11333297193050385
2024-03-03 00:17:06,대인지랑 소르끌이랑 자리 바꿔라 ㅃㄹ,빨리바꿔,8,8.0,대인지랑 소르끌이랑 자리 바꿔라 ㅃㄹ 빨리바꿔,대인지랑 소르끌이랑 자리 바꿔라 ㅃㄹ 빨리바꿔,0.21983517706394196,0.27035441994667053,0.19261476397514343,0.1430538296699524,0.06208188831806183,0.11205991357564926
2024-03-03 00:17:07,르끌이 두명이네,ㅇㅇ,8,8.0,르끌이 두명이네 ㅇㅇ,르끌이 두명이네 ㅇㅇ,0.2290254384279251,0.31775227189064026,0.22568002343177795,0.09329771250486374,0.07818745821714401,0.05605705454945564
2024-03-03 00:17:08,브레끼 이미그레이션 똑바로 안 하노ㅋㅋㅋㅋㅋㅋ,,8,8.0,브레끼 이미그레이션 똑바로 안 하노ㅋㅋㅋㅋㅋㅋ ,브레끼 이미그레이션 똑바로 안 하노ㅋㅋㅋㅋㅋㅋ,0.13360713422298431,0.24046112596988678,0.2517290711402893,0.20300444960594177,0.07556989789009094,0.09562832862138748
2024-03-03 00:17:15,울 막스 20초벌리고 피트인 가능할듯,ㅋㅋ,9,9.0,울 막스 20초벌리고 피트인 가능할듯 ㅋㅋ,울 막스 20초벌리고 피트인 가능할듯 ㅋㅋ,0.6102295517921448,0.14664967358112335,0.10990319401025772,0.06261127442121506,0.03983986750245094,0.03076641820371151
2024-03-03 00:17:19,페라리 라면머리맨 인상적이네,ㅋㅋㅋㅋ,9,9.0,페라리 라면머리맨 인상적이네 ㅋㅋㅋㅋ,페라리 라면머리맨 인상적이네 ㅋㅋㅋㅋ,0.6336807608604431,0.1381387710571289,0.11039569973945618,0.05670100823044777,0.03242034837603569,0.028663448989391327
2024-03-03 00:17:21,페라리가 2025 사인츠 해물탕으로 갈 순 없는거냐,퍼스트호소인 미끌레,9,9.0,페라리가 2025 사인츠 해물탕으로 갈 순 없는거냐 퍼스트호소인 미끌레,페라리가 2025 사인츠 해물탕으로 갈 순 없는거냐 퍼스트호소인 미끌레,0.08505065739154816,0.2703450322151184,0.15907804667949677,0.2046847939491272,0.06804616749286652,0.21279527246952057
2024-03-03 00:17:24,페라리 핏크루 눈물 ㅅㅂㅋㅋㅋㅋㅋㅋㅋㅋ,,9,9.0,페라리 핏크루 눈물 ㅅㅂㅋㅋㅋㅋㅋㅋㅋㅋ ,페라리 핏크루 눈물 ㅅㅂㅋㅋㅋㅋㅋㅋㅋㅋ,0.306104451417923,0.2558228373527527,0.15043951570987701,0.14229285717010498,0.07007533311843872,0.0752650648355484
2024-03-03 00:17:25,르끌은 뭐가 문제인거에요??,"레이스에서는 왜케 본인기량이 안나오는거같은데
실력이 저런건지
무슨 이슈가있는건지 참 아쉽네요",9,9.0,"르끌은 뭐가 문제인거에요?? 레이스에서는 왜케 본인기량이 안나오는거같은데
실력이 저런건지
무슨 이슈가있는건지 참 아쉽네요",르끌은 뭐가 문제인거에요?? 레이스에서는 왜케 본인기량이 안나오는거같은데 실력이 저런건지 무슨 이슈가있는건지 참 아쉽네요,0.08128326386213303,0.30690258741378784,0.2397625893354416,0.1364302635192871,0.0645122155547142,0.1711091250181198
2024-03-03 00:17:26,방금 페라리피트에 르클인줄,"착각했네
- dc official App",9,9.0,"방금 페라리피트에 르클인줄 착각했네
- dc official App",방금 페라리피트에 르클인줄 착각했네,0.11426155269145966,0.28623640537261963,0.2833597660064697,0.13411438465118408,0.09825701266527176,0.08377088606357574
2024-03-03 00:17:26,르끌 재계약 후회하는 바수르면 개추 ㅋㅋㅋㅋㅋㅋ,사인츠 잡았어야 되는데,9,9.0,르끌 재계약 후회하는 바수르면 개추 ㅋㅋㅋㅋㅋㅋ 사인츠 잡았어야 되는데,르끌 재계약 후회하는 바수르면 개추 ㅋㅋㅋㅋㅋㅋ 사인츠 잡았어야 되는데,0.25405141711235046,0.29511818289756775,0.12388704717159271,0.1252576857805252,0.0806281715631485,0.12105754017829895
2024-03-03 00:17:28,막스 차엔 엔진 두 개 달았냐?,ㅅㅂ저게 말이더ㅣ냐,9,9.0,막스 차엔 엔진 두 개 달았냐? ㅅㅂ저게 말이더ㅣ냐,막스 차엔 엔진 두 개 달았냐? ㅅㅂ저게 말이더ㅣ냐,0.10230447351932526,0.23500315845012665,0.16741585731506348,0.24880662560462952,0.05230986326932907,0.19416001439094543
2024-03-03 00:17:29,갭 미쳤노 ㅋㅋㅋ,,9,9.0,갭 미쳤노 ㅋㅋㅋ ,갭 미쳤노 ㅋㅋㅋ,0.613076388835907,0.13846303522586823,0.1182905063033104,0.06572514027357101,0.03147979453206062,0.03296513482928276
2024-03-03 00:17:37,갤보고 생방보면 초가 0.5씩 느노 ㅋㅋㅋㅋ,,9,9.0,갤보고 생방보면 초가 0.5씩 느노 ㅋㅋㅋㅋ ,갤보고 생방보면 초가 0.5씩 느노 ㅋㅋㅋㅋ,0.4952457845211029,0.1982065588235855,0.13993535935878754,0.07736308127641678,0.0482105053961277,0.04103870689868927
2024-03-03 00:17:39,다음랩에 7초뜰듯 ㅅㅂ,ㅋㅋㅋㅋㅋㅋ,9,9.0,다음랩에 7초뜰듯 ㅅㅂ ㅋㅋㅋㅋㅋㅋ,다음랩에 7초뜰듯 ㅅㅂ ㅋㅋㅋㅋㅋㅋ,0.14314542710781097,0.2782859206199646,0.17018991708755493,0.21389994025230408,0.07687705755233765,0.11760173738002777
2024-03-03 00:17:40,저새끼 왜저래,,9,9.0,저새끼 왜저래 ,저새끼 왜저래,0.1162591353058815,0.196217343211174,0.1876956820487976,0.2841906249523163,0.060021333396434784,0.1556159257888794
2024-03-03 00:17:41,르끌아 미안한데 비켜줘라,,9,9.0,르끌아 미안한데 비켜줘라 ,르끌아 미안한데 비켜줘라,0.11769945174455643,0.3210233449935913,0.15026576817035675,0.1463983654975891,0.08166389912366867,0.18294915556907654
2024-03-03 00:17:44,좆끌레 ㅅㅂㅋㅋㅋ,ㅋㅋ,9,9.0,좆끌레 ㅅㅂㅋㅋㅋ ㅋㅋ,좆끌레 ㅅㅂㅋㅋㅋ ㅋㅋ,0.19525156915187836,0.22442938387393951,0.11744585633277893,0.29103168845176697,0.05494222417473793,0.11689925193786621
2024-03-03 00:17:44,페라리 피트에 르끌한명더있노ㅋㅋㅋㅋㅋㅋㅋㅋ,ㅋㅋㅋㅋㅋ,9,9.0,페라리 피트에 르끌한명더있노ㅋㅋㅋㅋㅋㅋㅋㅋ ㅋㅋㅋㅋㅋ,페라리 피트에 르끌한명더있노ㅋㅋㅋㅋㅋㅋㅋㅋ ㅋㅋㅋㅋㅋ,0.31058433651924133,0.2568277418613434,0.2101501226425171,0.10866595059633255,0.06969992816448212,0.04407187178730965
2024-03-03 00:17:46,르끌 타이어 갔는데?,ㅋㅋㅋㅋ,9,9.0,르끌 타이어 갔는데? ㅋㅋㅋㅋ,르끌 타이어 갔는데? ㅋㅋㅋㅋ,0.16463710367679596,0.3025224506855011,0.22203537821769714,0.1472478061914444,0.08428957313299179,0.07926777005195618
2024-03-03 00:17:47,막스 올해 드챔 못따는 유일한 경우의 수,어뢰당해서 부상으로 시즌아웃,9,9.0,막스 올해 드챔 못따는 유일한 경우의 수 어뢰당해서 부상으로 시즌아웃,막스 올해 드챔 못따는 유일한 경우의 수 어뢰당해서 부상으로 시즌아웃,0.09528983384370804,0.24830226600170135,0.304682195186615,0.12355464696884155,0.1087762787938118,0.11939477920532227
2024-03-03 00:17:47,쥬지 2등이라도 가자,,9,9.0,쥬지 2등이라도 가자 ,쥬지 2등이라도 가자,0.21941812336444855,0.2645784914493561,0.14754648506641388,0.131968691945076,0.08841288089752197,0.14807532727718353
2024-03-03 00:17:48,비켜 싯팔놈아 ㅋㅋㅋ,ㅇㅇ,9,9.0,비켜 싯팔놈아 ㅋㅋㅋ ㅇㅇ,비켜 싯팔놈아 ㅋㅋㅋ ㅇㅇ,0.191813662648201,0.20404823124408722,0.11987274140119553,0.31157851219177246,0.05956243351101875,0.11312448233366013
2024-03-03 00:17:49,퇴물탕 포디움차 타고 왜 똥차 모는 틀론소도 못 이기냐,그리고 페라리는 왜 저딴 노예새끼를 상전모시듯 모셔오는거임?,9,9.0,퇴물탕 포디움차 타고 왜 똥차 모는 틀론소도 못 이기냐 그리고 페라리는 왜 저딴 노예새끼를 상전모시듯 모셔오는거임?,퇴물탕 포디움차 타고 왜 똥차 모는 틀론소도 못 이기냐 그리고 페라리는 왜 저딴 노예새끼를 상전모시듯 모셔오는거임?,0.07771246135234833,0.17489047348499298,0.21231874823570251,0.26376017928123474,0.07472370564937592,0.1965944468975067
2024-03-03 00:17:50,르끌 왜 재꾸 지랄나냐 ㅋㅋ,뭐하는데 ㅋㅋ,9,9.0,르끌 왜 재꾸 지랄나냐 ㅋㅋ 뭐하는데 ㅋㅋ,르끌 왜 재꾸 지랄나냐 ㅋㅋ 뭐하는데 ㅋㅋ,0.15736915171146393,0.2634800970554352,0.10880263149738312,0.28536880016326904,0.05106894299387932,0.1339104175567627
2024-03-03 00:17:50,ㅈ끌 왜저럼 ㅋㅋㅋㅋㅋㅋ,,9,9.0,ㅈ끌 왜저럼 ㅋㅋㅋㅋㅋㅋ ,ㅈ끌 왜저럼 ㅋㅋㅋㅋㅋㅋ,0.11426927149295807,0.2858158051967621,0.17492370307445526,0.21912595629692078,0.08627043664455414,0.11959490180015564
2024-03-03 00:17:54,팀 오더 좀 쳐해라 좆라리 씨발아,ㅇㅇㅇ,9,9.0,팀 오더 좀 쳐해라 좆라리 씨발아 ㅇㅇㅇ,팀 오더 좀 쳐해라 좆라리 씨발아 ㅇㅇㅇ,0.16672655940055847,0.2157510370016098,0.11254435032606125,0.29783186316490173,0.033877257257699966,0.17326892912387848
2024-03-03 00:17:54,휠락이 몇번 걸리는거야..,뭔가 차량도 문제인가,9,9.0,휠락이 몇번 걸리는거야.. 뭔가 차량도 문제인가,휠락이 몇번 걸리는거야.. 뭔가 차량도 문제인가,0.09228602796792984,0.28852578997612,0.22282060980796814,0.1510373055934906,0.059867557138204575,0.18546269834041595
2024-03-03 00:17:54,미끌레 휠락 ㅈㄴ 걸리노,"이게 퍼스트?
- dc official App",9,9.0,"미끌레 휠락 ㅈㄴ 걸리노 이게 퍼스트?
- dc official App",미끌레 휠락 ㅈㄴ 걸리노 이게 퍼스트?,0.0869513675570488,0.2831096649169922,0.17105814814567566,0.21097363531589508,0.059345513582229614,0.18856170773506165
2024-03-03 00:17:55,르끌 점마 왜저럼?,휠ㅈㄴ 잠기고 ㅈㄴ 흔들리는데,9,9.0,르끌 점마 왜저럼? 휠ㅈㄴ 잠기고 ㅈㄴ 흔들리는데,르끌 점마 왜저럼? 휠ㅈㄴ 잠기고 ㅈㄴ 흔들리는데,0.08765087276697159,0.2640601098537445,0.2300693541765213,0.1936407834291458,0.08120464533567429,0.1433742493391037
2024-03-03 00:17:56,아 시즌 끝났네 ㅋㅋㅋ,1년 다봤노 ㅋㅋㅋ,9,9.0,아 시즌 끝났네 ㅋㅋㅋ 1년 다봤노 ㅋㅋㅋ,아 시즌 끝났네 ㅋㅋㅋ 1년 다봤노 ㅋㅋㅋ,0.5521134734153748,0.17548081278800964,0.07385671138763428,0.09576290100812912,0.033934418112039566,0.06885161995887756
2024-03-03 00:17:57,르끌레르 뭐 매랩 락걸림,고스트야?,9,9.0,르끌레르 뭐 매랩 락걸림 고스트야?,르끌레르 뭐 매랩 락걸림 고스트야?,0.10744544863700867,0.25598832964897156,0.31535905599594116,0.1336234211921692,0.09356178343296051,0.09402201324701309
2024-03-03 00:17:58,쟤 뭐 술마셨냐??,,9,9.0,쟤 뭐 술마셨냐?? ,쟤 뭐 술마셨냐??,0.10135258734226227,0.2243444174528122,0.30846041440963745,0.15775610506534576,0.12312465906143188,0.08496183902025223
2024-03-03 00:17:59,사인지 빌런 아크 접어드는 중 ㅋㅋㅋㅋㅋㅋㅋㅋㅋㅋ,"23년 페라리에게 유일한 1승 안겨줬는데
24년을 마지막으로 퇴출당하는 사인지 분노의 락끌레르 뒤에서
라스트 댄스 입갤 ㅋㅋㅋㅋㅋㅋ",9,9.0,"사인지 빌런 아크 접어드는 중 ㅋㅋㅋㅋㅋㅋㅋㅋㅋㅋ 23년 페라리에게 유일한 1승 안겨줬는데
24년을 마지막으로 퇴출당하는 사인지 분노의 락끌레르 뒤에서
라스트 댄스 입갤 ㅋㅋㅋㅋㅋㅋ",사인지 빌런 아크 접어드는 중 ㅋㅋㅋㅋㅋㅋㅋㅋㅋㅋ 23년 페라리에게 유일한 1승 안겨줬는데 24년을 마지막으로 퇴출당하는 사인지 분노의 락끌레르 뒤에서 라스트 댄스 입갤 ㅋㅋㅋㅋㅋㅋ,0.6120616793632507,0.1438843011856079,0.09358431398868561,0.07670152932405472,0.03838956356048584,0.03537861257791519
2024-03-03 00:18:00,미끌레 닉값중ㅋㅋ,차가 이상한듯,9,9.0,미끌레 닉값중ㅋㅋ 차가 이상한듯,미끌레 닉값중ㅋㅋ 차가 이상한듯,0.1365429013967514,0.3237903118133545,0.22451791167259216,0.1446944922208786,0.09581925719976425,0.07463511824607849
2024-03-03 00:18:00,르끌 뭐 드리프트하냨ㅋㅋㅋㅋㅋㅋㅋㅋㅋㅋㅋㅋㅋㅋㅋㅋㅋ,휠락 존나걸리넼ㅋㅋㅋㅋㅋㅋㅋㅋㅋㅋㅋㅋㅋㅋㅋ,9,9.0,르끌 뭐 드리프트하냨ㅋㅋㅋㅋㅋㅋㅋㅋㅋㅋㅋㅋㅋㅋㅋㅋㅋ 휠락 존나걸리넼ㅋㅋㅋㅋㅋㅋㅋㅋㅋㅋㅋㅋㅋㅋㅋ,르끌 뭐 드리프트하냨ㅋㅋㅋㅋㅋㅋㅋㅋㅋㅋㅋㅋㅋㅋㅋㅋㅋ 휠락 존나걸리넼ㅋㅋㅋㅋㅋㅋㅋㅋㅋㅋㅋㅋㅋㅋㅋ,0.19467861950397491,0.2868381440639496,0.20478694140911102,0.15291552245616913,0.09047655016183853,0.07030421495437622
2024-03-03 00:18:00,사인지랑 같은차 아니냐고ㅋㅋㅋㅋㅋㅋㅋㅋㅋㅋㅋㅋㅋ,좆끌레,9,9.0,사인지랑 같은차 아니냐고ㅋㅋㅋㅋㅋㅋㅋㅋㅋㅋㅋㅋㅋ 좆끌레,사인지랑 같은차 아니냐고ㅋㅋㅋㅋㅋㅋㅋㅋㅋㅋㅋㅋㅋ 좆끌레,0.1925545185804367,0.2419552057981491,0.2580394446849823,0.15065525472164154,0.09620430320501328,0.06059125065803528
2024-03-03 00:18:03,저 씨발새낀 오늘도 폴투윈이네,"각오는 했지만 머
ㅅㅂ",9,9.0,"저 씨발새낀 오늘도 폴투윈이네 각오는 했지만 머
ㅅㅂ",저 씨발새낀 오늘도 폴투윈이네 각오는 했지만 머 ㅅㅂ,0.10874141752719879,0.17268122732639313,0.12252668291330338,0.3066346049308777,0.05014627426862717,0.23926986753940582
2024-03-03 00:18:04,인간계 희망 쥬지 6.5초대에서 한랩 버텻다ㅋㅋㅋㅋ,ㅋㅋㅋ,9,9.0,인간계 희망 쥬지 6.5초대에서 한랩 버텻다ㅋㅋㅋㅋ ㅋㅋㅋ,인간계 희망 쥬지 6.5초대에서 한랩 버텻다ㅋㅋㅋㅋ ㅋㅋㅋ,0.6829992532730103,0.1178961917757988,0.06473192572593689,0.0644133910536766,0.02619772218167782,0.043761469423770905
2024-03-03 00:18:06,미끌레가 아니라 락끌레네,휠락 장난아니네,9,9.0,미끌레가 아니라 락끌레네 휠락 장난아니네,미끌레가 아니라 락끌레네 휠락 장난아니네,0.1239943578839302,0.1960511952638626,0.3526112139225006,0.14208854734897614,0.11754874885082245,0.06770599633455276
2024-03-03 00:18:06,사인츠가 더 잘하지 않음?,ㅇㅇ,9,9.0,사인츠가 더 잘하지 않음? ㅇㅇ,사인츠가 더 잘하지 않음? ㅇㅇ,0.14819535613059998,0.2437075972557068,0.32519465684890747,0.12448032945394516,0.08443889021873474,0.07398317754268646
2024-03-03 00:18:07,막스는 혼자 비행기타냐 ㅅㅂ,"핵쓰노
- dc official App",9,9.0,"막스는 혼자 비행기타냐 ㅅㅂ 핵쓰노
- dc official App",막스는 혼자 비행기타냐 ㅅㅂ 핵쓰노,0.10444099456071854,0.21142423152923584,0.12502604722976685,0.3131406307220459,0.05488629639148712,0.19108185172080994
2024-03-03 00:18:08,사인지 휠락 ㅋㅋㅋㅋ,,9,9.0,사인지 휠락 ㅋㅋㅋㅋ ,사인지 휠락 ㅋㅋㅋㅋ,0.6801173686981201,0.11989439278841019,0.08400651067495346,0.06010326370596886,0.023900199681520462,0.031978294253349304
2024-03-03 00:18:08,무한락업ㅋㅋㅋㅋㅋㅋㅋㅋㅋㅋ,,9,9.0,무한락업ㅋㅋㅋㅋㅋㅋㅋㅋㅋㅋ ,무한락업ㅋㅋㅋㅋㅋㅋㅋㅋㅋㅋ,0.4825601875782013,0.1868353635072708,0.0990782305598259,0.13207556307315826,0.03882571682333946,0.06062495708465576
2024-03-03 00:18:08,쁠란 에이 입갤 ㅋㅋ,,9,9.0,쁠란 에이 입갤 ㅋㅋ ,쁠란 에이 입갤 ㅋㅋ,0.6858307123184204,0.11302771419286728,0.08284082263708115,0.058770451694726944,0.02661258541047573,0.03291776776313782
2024-03-03 00:18:09,르끌르끌아,그게 무슨 락업이니,9,9.0,르끌르끌아 그게 무슨 락업이니,르끌르끌아 그게 무슨 락업이니,0.09673579037189484,0.3022223114967346,0.24540115892887115,0.16739565134048462,0.0703168511390686,0.11792825907468796
2024-03-03 00:18:13,쁠랜 a,ㅋㅋㅋㅋ,9,9.0,쁠랜 a ㅋㅋㅋㅋ,쁠랜 a ㅋㅋㅋㅋ,0.6872153282165527,0.11291385442018509,0.08216679096221924,0.06200329214334488,0.02394929714500904,0.03175138682126999
2024-03-03 00:18:14,7초 입갤ㅋㅋㅋㅋㅋㅋ,ㅋㅋㅋㅋㅋ,9,9.0,7초 입갤ㅋㅋㅋㅋㅋㅋ ㅋㅋㅋㅋㅋ,7초 입갤ㅋㅋㅋㅋㅋㅋ ㅋㅋㅋㅋㅋ,0.6778185367584229,0.11579455435276031,0.08405829966068268,0.0628509670495987,0.02651962824165821,0.032958004623651505
2024-03-03 00:18:14,쁠랜 A 입갤ㅋㅋㅋㅋㅋㅋㅋㅋ,ㅋㅋㅋㅋ,9,9.0,쁠랜 A 입갤ㅋㅋㅋㅋㅋㅋㅋㅋ ㅋㅋㅋㅋ,쁠랜 A 입갤ㅋㅋㅋㅋㅋㅋㅋㅋ ㅋㅋㅋㅋ,0.7021974921226501,0.10690231621265411,0.07671957463026047,0.057933174073696136,0.024275140836834908,0.03197227418422699
2024-03-03 00:18:15,퇴근한다 ㅂㅂ,올해도 너야? 하.,9,9.0,퇴근한다 ㅂㅂ 올해도 너야? 하.,퇴근한다 ㅂㅂ 올해도 너야? 하.,0.14207623898983002,0.264739453792572,0.1235729306936264,0.17850947380065918,0.08014318346977234,0.21095867455005646
2024-03-03 00:18:16,7초입갤 ㅋㅋㅋㅋㅋㅋ,,9,9.0,7초입갤 ㅋㅋㅋㅋㅋㅋ ,7초입갤 ㅋㅋㅋㅋㅋㅋ,0.6792393922805786,0.11180321872234344,0.08735518157482147,0.0613950714468956,0.028362708166241646,0.03184434026479721
2024-03-03 00:18:16,페락리 ㅋㅋ,,9,9.0,페락리 ㅋㅋ ,페락리 ㅋㅋ,0.696156919002533,0.11302219331264496,0.07983245700597763,0.054711151868104935,0.023949982598423958,0.0323273129761219
2024-03-03 00:18:17,뭔 쌍으로 휠락걸리네,"ㅋㅋㅋㅋ
- dc official App",9,9.0,"뭔 쌍으로 휠락걸리네 ㅋㅋㅋㅋ
- dc official App",뭔 쌍으로 휠락걸리네 ㅋㅋㅋㅋ,0.1984579861164093,0.28411567211151123,0.2197541743516922,0.1437133550643921,0.08304886519908905,0.07090996950864792
2024-03-03 00:18:18,걍 사인즈한테 자리 주고 빠르게 타이어 갈지,플랜 A 맞냐?,9,9.0,걍 사인즈한테 자리 주고 빠르게 타이어 갈지 플랜 A 맞냐?,걍 사인즈한테 자리 주고 빠르게 타이어 갈지 플랜 A 맞냐?,0.14301642775535583,0.2296709567308426,0.34084978699684143,0.11191930621862411,0.08175821602344513,0.09278535842895508
2024-03-03 00:18:19,좆라리 ㅋㅋㅋㅋㅋ,- dc official App,9,9.0,좆라리 ㅋㅋㅋㅋㅋ - dc official App,좆라리 ㅋㅋㅋㅋㅋ - dc official App,0.6688879728317261,0.12002807855606079,0.08227558434009552,0.07121528685092926,0.023195307701826096,0.03439776226878166
2024-03-03 00:18:20,9랩에 7초 ㅋㅋ,,9,9.0,9랩에 7초 ㅋㅋ ,9랩에 7초 ㅋㅋ,0.5064942240715027,0.17619986832141876,0.1479436308145523,0.08712765574455261,0.042784735560417175,0.03944991156458855
2024-03-03 00:18:20,르끌레 뭐하냐?,팀도 죽이노,9,9.0,르끌레 뭐하냐? 팀도 죽이노,르끌레 뭐하냐? 팀도 죽이노,0.08072377741336823,0.25449302792549133,0.2613556385040283,0.17354167997837067,0.09386925399303436,0.1360165774822235
2024-03-03 00:18:21,레이스페이스 좋아졌다매 ㅋㅋㅋㅋㅋㅋ,,9,9.0,레이스페이스 좋아졌다매 ㅋㅋㅋㅋㅋㅋ ,레이스페이스 좋아졌다매 ㅋㅋㅋㅋㅋㅋ,0.6258004307746887,0.14337535202503204,0.08280272036790848,0.07260910421609879,0.03399547562003136,0.04141697660088539
2024-03-03 00:18:21,배틀한다고 타이어 다뒤져서 누리스한테 자동문되겠네,ㅋㅋㅋㅋㅋㅋㅋㅋ,9,9.0,배틀한다고 타이어 다뒤져서 누리스한테 자동문되겠네 ㅋㅋㅋㅋㅋㅋㅋㅋ,배틀한다고 타이어 다뒤져서 누리스한테 자동문되겠네 ㅋㅋㅋㅋㅋㅋㅋㅋ,0.17681576311588287,0.24176324903964996,0.262789249420166,0.1595253050327301,0.09501652419567108,0.06408994644880295
2024-03-03 00:18:23,7초 입갤 ㅋㅋㅋㅋㅋ,ㅋㅋㅋㅋㅋㅋ,9,9.0,7초 입갤 ㅋㅋㅋㅋㅋ ㅋㅋㅋㅋㅋㅋ,7초 입갤 ㅋㅋㅋㅋㅋ ㅋㅋㅋㅋㅋㅋ,0.6867697238922119,0.11250342428684235,0.07867642492055893,0.061584435403347015,0.02604903280735016,0.034416936337947845
2024-03-03 00:18:24,또 좆라리 앤딩이야...?,야이 씹ㄱ새들아 ㅋㅋㅋㅋㅋㅋㅋㅋㅋ,9,9.0,또 좆라리 앤딩이야...? 야이 씹ㄱ새들아 ㅋㅋㅋㅋㅋㅋㅋㅋㅋ,또 좆라리 앤딩이야...? 야이 씹ㄱ새들아 ㅋㅋㅋㅋㅋㅋㅋㅋㅋ,0.12893973290920258,0.1956816017627716,0.11536965519189835,0.3344668745994568,0.0596139021217823,0.1659282147884369
2024-03-03 00:18:27,해밀턴 레이스 세팅이라 퀄리 못했다며?,ㅋㅋㅋㅋㅋㅋㅋ,9,9.0,해밀턴 레이스 세팅이라 퀄리 못했다며? ㅋㅋㅋㅋㅋㅋㅋ,해밀턴 레이스 세팅이라 퀄리 못했다며? ㅋㅋㅋㅋㅋㅋㅋ,0.1060214564204216,0.23614028096199036,0.2871541678905487,0.18528495728969574,0.09335950762033463,0.09203965961933136
2024-03-03 00:18:31,10랩 전에 7초갭 입갤ㅋㅋㅋㅋㅋㅋㅋ,ㅋㅋㅋ,9,9.0,10랩 전에 7초갭 입갤ㅋㅋㅋㅋㅋㅋㅋ ㅋㅋㅋ,10랩 전에 7초갭 입갤ㅋㅋㅋㅋㅋㅋㅋ ㅋㅋㅋ,0.6810258626937866,0.1139432042837143,0.0861625224351883,0.06069077551364899,0.0264584943652153,0.031719185411930084
2024-03-03 00:18:32,사인즈랑 바꿔서 걍 열차 타면 안돼나?,"+ dc official App
왤케 고집이냐
- dc official App",9,9.0,"사인즈랑 바꿔서 걍 열차 타면 안돼나? + dc official App
왤케 고집이냐
- dc official App",사인즈랑 바꿔서 걍 열차 타면 안돼나? + dc official App 왤케 고집이냐,0.08930192142724991,0.29028692841529846,0.19773827493190765,0.18245689570903778,0.048076432198286057,0.19213956594467163
2024-03-03 00:18:33,7초입갤wwwwwwww,슈 퍼 막 스,9,9.0,7초입갤wwwwwwww 슈 퍼 막 스,7초입갤wwwwwwww 슈 퍼 막 스,0.680150032043457,0.11400986462831497,0.08084926754236221,0.06242746487259865,0.02584022842347622,0.036723099648952484
2024-03-03 00:18:40,좆라리 차 수준ㅋㅋㅋㅋㅋㅋㅋ,뭐? 타이어 관리가 잘 돼?ㅋㅋㅋㅋㅋㅋㅋㅋㅋ,9,9.0,좆라리 차 수준ㅋㅋㅋㅋㅋㅋㅋ 뭐? 타이어 관리가 잘 돼?ㅋㅋㅋㅋㅋㅋㅋㅋㅋ,좆라리 차 수준ㅋㅋㅋㅋㅋㅋㅋ 뭐? 타이어 관리가 잘 돼?ㅋㅋㅋㅋㅋㅋㅋㅋㅋ,0.0884871780872345,0.21292854845523834,0.2705294191837311,0.21867676079273224,0.07574022561311722,0.13363781571388245
2024-03-03 00:18:45,병 신 페레즈 ㅋㅋㅋㅋ,,9,9.0,병 신 페레즈 ㅋㅋㅋㅋ ,병 신 페레즈 ㅋㅋㅋㅋ,0.18522761762142181,0.24816757440567017,0.21914640069007874,0.20326650142669678,0.07162244617938995,0.07256943732500076
2024-03-03 00:18:48,10랩당 7초면 끝날때 40초 차이 나것노 ㅋㅋ,,9,9.0,10랩당 7초면 끝날때 40초 차이 나것노 ㅋㅋ ,10랩당 7초면 끝날때 40초 차이 나것노 ㅋㅋ,0.1722542941570282,0.2841031551361084,0.2791525721549988,0.1182449609041214,0.09223131835460663,0.05401363968849182
2024-03-03 00:18:50,7초 시발 ㅋㅋㅋㅋㅋㅋㅋㅋㅋㅋㅋㅋ,어이가 없노,9,9.0,7초 시발 ㅋㅋㅋㅋㅋㅋㅋㅋㅋㅋㅋㅋ 어이가 없노,7초 시발 ㅋㅋㅋㅋㅋㅋㅋㅋㅋㅋㅋㅋ 어이가 없노,0.128349170088768,0.2723475396633148,0.1424112319946289,0.26052212715148926,0.06567616760730743,0.130693718791008
2024-03-03 00:18:54,왜 오늘 다 소프트 스타트임???,뭐지,10,10.0,왜 오늘 다 소프트 스타트임??? 뭐지,왜 오늘 다 소프트 스타트임??? 뭐지,0.095274418592453,0.3480544984340668,0.19274960458278656,0.1425592303276062,0.06507311016321182,0.15628916025161743
2024-03-03 00:18:56,아니 이건 그냥 자리 바꾸는게 맞지 않냐???,굳이 이걸 이렇게 가는 이유가...,10,10.0,아니 이건 그냥 자리 바꾸는게 맞지 않냐??? 굳이 이걸 이렇게 가는 이유가...,아니 이건 그냥 자리 바꾸는게 맞지 않냐??? 굳이 이걸 이렇게 가는 이유가...,0.06923303753137589,0.285091757774353,0.24806788563728333,0.1400744765996933,0.07999900728464127,0.1775338500738144
2024-03-03 00:18:56,이츠 라잋아웃 앤더 웨이 위 ㄱ..,막스붸스타풘 윈스!,10,10.0,이츠 라잋아웃 앤더 웨이 위 ㄱ.. 막스붸스타풘 윈스!,이츠 라잋아웃 앤더 웨이 위 ㄱ.. 막스붸스타풘 윈스!,0.6189785003662109,0.13246725499629974,0.11400856077671051,0.07042247802019119,0.02584647759795189,0.038276731967926025
2024-03-03 00:18:57,리어윙 볼때마다 나만 이거 생각나는거냐,drs 쓸때마다 똑같이 생겼다고 생각함,10,10.0,리어윙 볼때마다 나만 이거 생각나는거냐 drs 쓸때마다 똑같이 생겼다고 생각함,리어윙 볼때마다 나만 이거 생각나는거냐 drs 쓸때마다 똑같이 생겼다고 생각함,0.13136976957321167,0.2395683079957962,0.3174718916416168,0.12465482205152512,0.1300278753042221,0.05690734460949898
2024-03-03 00:18:59,10랩당 7초는 개십 ㅋㅋㅋㅋㅋㅋㅋㅋㅋ,,10,10.0,10랩당 7초는 개십 ㅋㅋㅋㅋㅋㅋㅋㅋㅋ ,10랩당 7초는 개십 ㅋㅋㅋㅋㅋㅋㅋㅋㅋ,0.21655690670013428,0.2555125653743744,0.2160896509885788,0.14900028705596924,0.09421347081661224,0.06862711161375046
2024-03-03 00:18:59,단순계산 57랩이면 40초 넘을듯,크루징이네,10,10.0,단순계산 57랩이면 40초 넘을듯 크루징이네,단순계산 57랩이면 40초 넘을듯 크루징이네,0.16575399041175842,0.22865216434001923,0.3477650582790375,0.10414698719978333,0.10311281681060791,0.05056891590356827
2024-03-03 00:18:59,레드불 원투각인데 ㅋㅋ,,10,10.0,레드불 원투각인데 ㅋㅋ ,레드불 원투각인데 ㅋㅋ,0.6580954790115356,0.12757335603237152,0.0895940288901329,0.058406271040439606,0.03359735757112503,0.0327334888279438
2024-03-03 00:18:59,7초 입갤 ㅋㅋㅋㅋㅋ케,"+ dc official App
- dc official App",10,10.0,"7초 입갤 ㅋㅋㅋㅋㅋ케 + dc official App
- dc official App",7초 입갤 ㅋㅋㅋㅋㅋ케 + dc official App,0.7099940180778503,0.10515677183866501,0.07275087386369705,0.055191196501255035,0.02457214519381523,0.03233501687645912
2024-03-03 00:19:00,좆라리 올해도 망한 거 같은데,둘이서 쌍으로 타이어 잠기고 난리났노,10,10.0,좆라리 올해도 망한 거 같은데 둘이서 쌍으로 타이어 잠기고 난리났노,좆라리 올해도 망한 거 같은데 둘이서 쌍으로 타이어 잠기고 난리났노,0.08490345627069473,0.2435888648033142,0.1571374088525772,0.2400364726781845,0.07233472913503647,0.20199911296367645
2024-03-03 00:19:04,백마커 헐크가 큰결단내려야..,헐크로켓,10,10.0,백마커 헐크가 큰결단내려야.. 헐크로켓,백마커 헐크가 큰결단내려야.. 헐크로켓,0.14424024522304535,0.24977050721645355,0.30982235074043274,0.10110177099704742,0.09406197816133499,0.10100315511226654
2024-03-03 00:19:07,ㅈ끌 땜에 기차 놓치겠다 ㅋㅋㅋㅋㅋㅋ,,10,10.0,ㅈ끌 땜에 기차 놓치겠다 ㅋㅋㅋㅋㅋㅋ ,ㅈ끌 땜에 기차 놓치겠다 ㅋㅋㅋㅋㅋㅋ,0.13793057203292847,0.37122592329978943,0.133645161986351,0.16544245183467865,0.07920399308204651,0.11255185306072235
2024-03-03 00:19:09,막스 이정도면 마지막랩 눈감고 달려도 1등할듯,ㄹㅇ,10,10.0,막스 이정도면 마지막랩 눈감고 달려도 1등할듯 ㄹㅇ,막스 이정도면 마지막랩 눈감고 달려도 1등할듯 ㄹㅇ,0.283855676651001,0.21164651215076447,0.2747231721878052,0.08715750277042389,0.10194388777017593,0.040673255920410156
2024-03-03 00:19:12,인터벌 한 10초 만들고 타이어 바꾸겠네,아오 25년 언제 와,10,10.0,인터벌 한 10초 만들고 타이어 바꾸겠네 아오 25년 언제 와,인터벌 한 10초 만들고 타이어 바꾸겠네 아오 25년 언제 와,0.12052834779024124,0.2480628341436386,0.12073148787021637,0.2200036495923996,0.047811929136514664,0.24286183714866638
2024-03-03 00:19:15,헐크야 한번만 박자,,10,10.0,헐크야 한번만 박자 ,헐크야 한번만 박자,0.5092760920524597,0.17440694570541382,0.1270689070224762,0.0727657675743103,0.0561690479516983,0.06031329557299614
2024-03-03 00:19:16,어어 페레즈 왜 올라오노 2022 각이냐,가보자 페라리 원투,10,10.0,어어 페레즈 왜 올라오노 2022 각이냐 가보자 페라리 원투,어어 페레즈 왜 올라오노 2022 각이냐 가보자 페라리 원투,0.2867230474948883,0.25479817390441895,0.21563023328781128,0.08843336999416351,0.09547591209411621,0.058939214795827866
2024-03-03 00:19:21,대물탕ㅋㅋ,ㅋㅋ,10,10.0,대물탕ㅋㅋ ㅋㅋ,대물탕ㅋㅋ ㅋㅋ,0.7125261425971985,0.11016365140676498,0.06714674830436707,0.053302645683288574,0.023972926661372185,0.03288786858320236
2024-03-03 00:19:21,7초차면 피트스탑 조져도 선두방어 쌉가능이것네ㅅㅂㅋㅋㅋ,"무.. 무친놈아 살살밟아!!!
- dc official App",10,10.0,"7초차면 피트스탑 조져도 선두방어 쌉가능이것네ㅅㅂㅋㅋㅋ 무.. 무친놈아 살살밟아!!!
- dc official App",7초차면 피트스탑 조져도 선두방어 쌉가능이것네ㅅㅂㅋㅋㅋ 무.. 무친놈아 살살밟아!!!,0.11936953663825989,0.20452779531478882,0.20902252197265625,0.25359100103378296,0.10325540602207184,0.11023376137018204
2024-03-03 00:19:22,쥬지왜 2등임??,"하스는왜또
- dc official App",10,10.0,"쥬지왜 2등임?? 하스는왜또
- dc official App",쥬지왜 2등임?? 하스는왜또,0.10468496382236481,0.3756659924983978,0.18336184322834015,0.13347558677196503,0.06305227428674698,0.13975924253463745
2024-03-03 00:19:23,애마 왤케 느림,아,10,10.0,애마 왤케 느림 아,애마 왤케 느림 아,0.0967421755194664,0.3238896429538727,0.14231683313846588,0.18475665152072906,0.04353845864534378,0.208756223320961
2024-03-03 00:19:24,틀론소 따잇 ㅋㅋㅋㅋ,,10,10.0,틀론소 따잇 ㅋㅋㅋㅋ ,틀론소 따잇 ㅋㅋㅋㅋ,0.6873082518577576,0.11532369256019592,0.07762984186410904,0.057896699756383896,0.026783544570207596,0.035057954490184784
2024-03-03 00:19:32,이쯤되면 걍 호너 없어도 될거 같은데,작년보다 더 심해보이노 ㅋㅋㅋㅋ,10,10.0,이쯤되면 걍 호너 없어도 될거 같은데 작년보다 더 심해보이노 ㅋㅋㅋㅋ,이쯤되면 걍 호너 없어도 될거 같은데 작년보다 더 심해보이노 ㅋㅋㅋㅋ,0.0661458969116211,0.2809038758277893,0.21233059465885162,0.17623737454414368,0.0790543481707573,0.18532787263393402
2024-03-03 00:19:31,틀딱대전ㅋㅋㅋㅋ,,10,10.0,틀딱대전ㅋㅋㅋㅋ ,틀딱대전ㅋㅋㅋㅋ,0.16774873435497284,0.21412473917007446,0.22004123032093048,0.226837158203125,0.0822334736585617,0.08901463449001312
2024-03-03 00:19:33,아니 애마 존나 느리네 진짜 ㅋㅋㅋㅋㅋㅋㅋㅋ,,10,10.0,아니 애마 존나 느리네 진짜 ㅋㅋㅋㅋㅋㅋㅋㅋ ,아니 애마 존나 느리네 진짜 ㅋㅋㅋㅋㅋㅋㅋㅋ,0.10966122895479202,0.2900000512599945,0.2579876482486725,0.15315811336040497,0.10866444557905197,0.08052848279476166
2024-03-03 00:19:37,병신 포디엄만 아니면 되는데 페라리 너무 심하네,마스터플랜 왜 안하냐,10,10.0,병신 포디엄만 아니면 되는데 페라리 너무 심하네 마스터플랜 왜 안하냐,병신 포디엄만 아니면 되는데 페라리 너무 심하네 마스터플랜 왜 안하냐,0.0888751819729805,0.3085806369781494,0.15360739827156067,0.17048093676567078,0.04532564431428909,0.23313015699386597
2024-03-03 00:19:37,에휴 시발 공중제비 3번돌아도 5초 갭이겠노,ㅋㅋㅋ,10,10.0,에휴 시발 공중제비 3번돌아도 5초 갭이겠노 ㅋㅋㅋ,에휴 시발 공중제비 3번돌아도 5초 갭이겠노 ㅋㅋㅋ,0.11998876184225082,0.28013843297958374,0.15036757290363312,0.2230973243713379,0.09548666328191757,0.13092122972011566
2024-03-03 00:19:38,알햄대전 햄의 승리,ㅅㅅㅅ,10,10.0,알햄대전 햄의 승리 ㅅㅅㅅ,알햄대전 햄의 승리 ㅅㅅㅅ,0.7132388949394226,0.10908318310976028,0.055496860295534134,0.05398189648985863,0.025501416996121407,0.042697735130786896
2024-03-03 00:19:39,에휴 씨발 좆같이 못하네,- dc official App,10,10.0,에휴 씨발 좆같이 못하네 - dc official App,에휴 씨발 좆같이 못하네 - dc official App,0.1457267552614212,0.19733206927776337,0.1277681589126587,0.30976352095603943,0.036741532385349274,0.18266792595386505
2024-03-03 00:19:39,애마 레이스 병신이네,타이어 관리안되나,10,10.0,애마 레이스 병신이네 타이어 관리안되나,애마 레이스 병신이네 타이어 관리안되나,0.0874868854880333,0.20605064928531647,0.3188067078590393,0.1778210699558258,0.07906890660524368,0.13076582551002502
2024-03-03 00:19:40,밀턴경 알론소딸깍ㅋ,ㅋㅋ,10,10.0,밀턴경 알론소딸깍ㅋ ㅋㅋ,밀턴경 알론소딸깍ㅋ ㅋㅋ,0.6746231317520142,0.1206219345331192,0.08194078505039215,0.06301631033420563,0.02668452076613903,0.03311333432793617
2024-03-03 00:19:42,짱깨 피트인 ㅋㅋㅋㅋㅋㅋㅋㅋㅋㅋㅋ,,10,10.0,짱깨 피트인 ㅋㅋㅋㅋㅋㅋㅋㅋㅋㅋㅋ ,짱깨 피트인 ㅋㅋㅋㅋㅋㅋㅋㅋㅋㅋㅋ,0.2791754901409149,0.20377138257026672,0.19111397862434387,0.18433906137943268,0.06942079961299896,0.07217928767204285
2024-03-03 00:19:47,퇴물대전ㅋㅋㅋㅋ,ㅋㅋ,10,10.0,퇴물대전ㅋㅋㅋㅋ ㅋㅋ,퇴물대전ㅋㅋㅋㅋ ㅋㅋ,0.2399899959564209,0.2533610165119171,0.20325659215450287,0.1697610765695572,0.06699929386377335,0.06663200259208679
2024-03-03 00:19:47,사실 러셀이 힘을 20%만 사용 중인거라면?? 티이어 아끼는 중이라면??,"???
시발망상인건아는데그냥그렇게생각할래ㅠㅠㅠㅠ",10,10.0,"사실 러셀이 힘을 20%만 사용 중인거라면?? 티이어 아끼는 중이라면?? ???
시발망상인건아는데그냥그렇게생각할래ㅠㅠㅠㅠ",사실 러셀이 힘을 20%만 사용 중인거라면?? 티이어 아끼는 중이라면?? ??? 시발망상인건아는데그냥그렇게생각할래ㅠㅠㅠㅠ,0.08728227764368057,0.26736539602279663,0.2311491072177887,0.14047116041183472,0.1215277835726738,0.1522042602300644
2024-03-03 00:19:48,막스 rb20 존나 충격적으로 어메이징한데,"작년은 족쇄단거 맞네
진짜 개미친ㅋㅋㅋ",10,10.0,"막스 rb20 존나 충격적으로 어메이징한데 작년은 족쇄단거 맞네
진짜 개미친ㅋㅋㅋ",막스 rb20 존나 충격적으로 어메이징한데 작년은 족쇄단거 맞네 진짜 개미친ㅋㅋㅋ,0.12913942337036133,0.2067856341600418,0.26992037892341614,0.17355822026729584,0.13242881000041962,0.08816750347614288
2024-03-03 00:19:48,사전트 멈춤,,10,10.0,사전트 멈춤 ,사전트 멈춤,0.10628233104944229,0.3653690814971924,0.20218703150749207,0.13220329582691193,0.06708792597055435,0.1268702745437622
2024-03-03 00:19:49,마일좌 아웃 ㅋㅋㅋ,,10,10.0,마일좌 아웃 ㅋㅋㅋ ,마일좌 아웃 ㅋㅋㅋ,0.6340557932853699,0.14134792983531952,0.07385998219251633,0.07720797508955002,0.029656631872057915,0.043871741741895676
2024-03-03 00:19:50,사전트 사망 ㅋㅋㅋ,,10,10.0,사전트 사망 ㅋㅋㅋ ,사전트 사망 ㅋㅋㅋ,0.4624612629413605,0.21944421529769897,0.09733636677265167,0.11364453285932541,0.042148031294345856,0.06496550887823105
2024-03-03 00:19:53,마일좌 ㅅㅏ망 ㅋㅋ,,10,10.0,마일좌 ㅅㅏ망 ㅋㅋ ,마일좌 ㅅㅏ망 ㅋㅋ,0.1780197024345398,0.29899540543556213,0.16710732877254486,0.17211149632930756,0.08170145004987717,0.1020645797252655
2024-03-03 00:19:55,옐로 ㅋㅋㅋㅋ,,10,10.0,옐로 ㅋㅋㅋㅋ ,옐로 ㅋㅋㅋㅋ,0.6666916608810425,0.12632925808429718,0.0887652039527893,0.05678319185972214,0.0285435002297163,0.03288717195391655
2024-03-03 00:19:56,사전트 멸망?,,10,10.0,사전트 멸망? ,사전트 멸망?,0.10211213678121567,0.24604719877243042,0.34134817123413086,0.11892037093639374,0.10229846090078354,0.08927370607852936
2024-03-03 00:19:55,사전트 좆망 ㅠㅠ,,10,10.0,사전트 좆망 ㅠㅠ ,사전트 좆망 ㅠㅠ,0.09646537899971008,0.2722337543964386,0.1333913654088974,0.1846575289964676,0.0581030510365963,0.2551489472389221
2024-03-03 00:19:57,???: 답답한 새끼야,"내가 돌랬지 휠락 걸랬냐
- dc official App",10,10.0,"???: 답답한 새끼야 내가 돌랬지 휠락 걸랬냐
- dc official App",???: 답답한 새끼야 내가 돌랬지 휠락 걸랬냐,0.10970133543014526,0.2268655002117157,0.14967165887355804,0.31974291801452637,0.048879947513341904,0.14513863623142242
2024-03-03 00:19:57,탈갤 ㅋㅋㅋㅋㅋㅋㅋㅋ,,10,10.0,탈갤 ㅋㅋㅋㅋㅋㅋㅋㅋ ,탈갤 ㅋㅋㅋㅋㅋㅋㅋㅋ,0.4089184105396271,0.23976866900920868,0.12973634898662567,0.11718738824129105,0.05116547271609306,0.05322379246354103
2024-03-03 00:19:58,양키 뭐냐,"+ dc official App
- dc official App",10,10.0,"양키 뭐냐 + dc official App
- dc official App",양키 뭐냐 + dc official App,0.17450188100337982,0.2275724858045578,0.3277580738067627,0.12559543550014496,0.07018235325813293,0.07438977062702179
2024-03-03 00:19:58,하 사전트야ㅠㅠㅠㅠㅠㅠㅠㅠㅠ,,10,10.0,하 사전트야ㅠㅠㅠㅠㅠㅠㅠㅠㅠ ,하 사전트야ㅠㅠㅠㅠㅠㅠㅠㅠㅠ,0.35094141960144043,0.20072701573371887,0.12362908571958542,0.11797454953193665,0.0684090405702591,0.13831883668899536
2024-03-03 00:19:58,이정도면 레드불 업데이트 안해도 되는거 아니냐?,"ㅡ,ㅡ",10,10.0,"이정도면 레드불 업데이트 안해도 되는거 아니냐? ㅡ,ㅡ","이정도면 레드불 업데이트 안해도 되는거 아니냐? ㅡ,ㅡ",0.07350406050682068,0.30444657802581787,0.1961222141981125,0.15701621770858765,0.06484834849834442,0.20406264066696167
2024-03-03 00:19:59,시즌 1호 잠깐만요 ㅋㅋㅋㅋ,,10,10.0,시즌 1호 잠깐만요 ㅋㅋㅋㅋ ,시즌 1호 잠깐만요 ㅋㅋㅋㅋ,0.6380979418754578,0.13898098468780518,0.09616388380527496,0.05939934775233269,0.03159615397453308,0.03576170280575752
2024-03-03 00:20:00,사전트 사망 ㅋㅋㅋ,- dc official App,10,10.0,사전트 사망 ㅋㅋㅋ - dc official App,사전트 사망 ㅋㅋㅋ - dc official App,0.3255934715270996,0.2790183126926422,0.14170970022678375,0.12799686193466187,0.05772014707326889,0.06796158850193024
2024-03-03 00:20:00,대 전 트,,10,10.0,대 전 트 ,대 전 트,0.5156325697898865,0.16436097025871277,0.15888530015945435,0.07521998137235641,0.04197203367948532,0.04392911493778229
2024-03-03 00:20:01,사전트사망ㅋㅋㅋㅋㅋㅋㅋ,,10,10.0,사전트사망ㅋㅋㅋㅋㅋㅋㅋ ,사전트사망ㅋㅋㅋㅋㅋㅋㅋ,0.2211875468492508,0.3296002745628357,0.14580340683460236,0.14709636569023132,0.06547066569328308,0.09084174036979675
2024-03-03 00:20:02,사전트 사망 ㅋㅋㅋㅋㅋㅋㅋ,ㅋㅋㅋㅋㅋ,10,10.0,사전트 사망 ㅋㅋㅋㅋㅋㅋㅋ ㅋㅋㅋㅋㅋ,사전트 사망 ㅋㅋㅋㅋㅋㅋㅋ ㅋㅋㅋㅋㅋ,0.40163180232048035,0.24615350365638733,0.11860658973455429,0.12422577291727066,0.04513173550367355,0.06425055116415024
2024-03-03 00:20:03,윌리엄스가또ㅋㅋㅋㅋㅋㅋㅋㅋㅋㅋ,,10,10.0,윌리엄스가또ㅋㅋㅋㅋㅋㅋㅋㅋㅋㅋ ,윌리엄스가또ㅋㅋㅋㅋㅋㅋㅋㅋㅋㅋ,0.7055517435073853,0.11153661459684372,0.06660560518503189,0.0574481301009655,0.023882418870925903,0.034975554794073105
2024-03-03 00:20:05,10마일도 못가고 사망 ㅋㅋㅋㅋ,,10,10.0,10마일도 못가고 사망 ㅋㅋㅋㅋ ,10마일도 못가고 사망 ㅋㅋㅋㅋ,0.08975710719823837,0.26939478516578674,0.2558104395866394,0.1613398939371109,0.11820414662361145,0.10549356788396835
2024-03-03 00:20:06,사전트 뭔일이노,ㅇㅇ,10,10.0,사전트 뭔일이노 ㅇㅇ,사전트 뭔일이노 ㅇㅇ,0.1618630439043045,0.2624896466732025,0.2950943112373352,0.11067063361406326,0.10214114189147949,0.0677412897348404
2024-03-03 00:20:07,큰 일은 윌리엄스가 한다 <<< 맞으면 개추,ㅋㅋㅋㅋㅋㅋㅋㅋㅋㅋㅋㅋㅋㅋㅋㅋㅋㅋㅋㅋㅋㅋ,10,10.0,큰 일은 윌리엄스가 한다 <<< 맞으면 개추 ㅋㅋㅋㅋㅋㅋㅋㅋㅋㅋㅋㅋㅋㅋㅋㅋㅋㅋㅋㅋㅋㅋ,큰 일은 윌리엄스가 한다 <<< 맞으면 개추 ㅋㅋㅋㅋㅋㅋㅋㅋㅋㅋㅋㅋㅋㅋㅋㅋㅋㅋㅋㅋㅋㅋ,0.7178546190261841,0.10995081067085266,0.05837678536772728,0.05114417150616646,0.026724698022007942,0.03594895824790001
2024-03-03 00:20:07,근데 저실력에 물탕이를 왜데려가,막기견의 의견입니다,10,10.0,근데 저실력에 물탕이를 왜데려가 막기견의 의견입니다,근데 저실력에 물탕이를 왜데려가 막기견의 의견입니다,0.08043666183948517,0.2741397023200989,0.28922730684280396,0.144831120967865,0.11922687292098999,0.09213835000991821
2024-03-03 00:20:08,쿠플 왜캐 화질 ㅈ같냐,생방송이라 어쩔수없는건가 아님 엘지티비어플이 병신인건가 흐릿하게보이네,10,10.0,쿠플 왜캐 화질 ㅈ같냐 생방송이라 어쩔수없는건가 아님 엘지티비어플이 병신인건가 흐릿하게보이네,쿠플 왜캐 화질 ㅈ같냐 생방송이라 어쩔수없는건가 아님 엘지티비어플이 병신인건가 흐릿하게보이네,0.08284873515367508,0.2526208758354187,0.16125793755054474,0.22643794119358063,0.039252251386642456,0.23758229613304138
2024-03-03 00:20:08,또 킬로미터로 설정했네 ㅋㅋㅋㅋ,ㅋㅋㅋㅋㅋㅋ,10,10.0,또 킬로미터로 설정했네 ㅋㅋㅋㅋ ㅋㅋㅋㅋㅋㅋ,또 킬로미터로 설정했네 ㅋㅋㅋㅋ ㅋㅋㅋㅋㅋㅋ,0.20699532330036163,0.27888795733451843,0.19376350939273834,0.1734422743320465,0.0688222125172615,0.0780886560678482
2024-03-03 00:20:08,사전트 또뒤졌네,ㅋㅋ,10,10.0,사전트 또뒤졌네 ㅋㅋ,사전트 또뒤졌네 ㅋㅋ,0.09144119918346405,0.3417814075946808,0.1560228317975998,0.18650835752487183,0.08253417164087296,0.14171206951141357
2024-03-03 00:20:09,어휴 넌 인디카로 가라,고향으로 가라 이기,10,10.0,어휴 넌 인디카로 가라 고향으로 가라 이기,어휴 넌 인디카로 가라 고향으로 가라 이기,0.15500999987125397,0.19231200218200684,0.14171628654003143,0.32525888085365295,0.059708286076784134,0.12599459290504456
2024-03-03 00:20:10,왓더뻑이서킬로미터!!!,!,10,10.0,왓더뻑이서킬로미터!!! !,왓더뻑이서킬로미터!!! !,0.4931338429450989,0.17025990784168243,0.186691552400589,0.07072616368532181,0.05029122531414032,0.028897250071167946
2024-03-03 00:20:13,머전트 엔진뒤짐?,,10,10.0,머전트 엔진뒤짐? ,머전트 엔진뒤짐?,0.11105011403560638,0.19512660801410675,0.36380240321159363,0.14084170758724213,0.10142166167497635,0.08775755763053894
2024-03-03 00:20:13,싸전트 포효ㅋㅋㅋㅋㅋ,ㅋㅋㅋㅋ,10,10.0,싸전트 포효ㅋㅋㅋㅋㅋ ㅋㅋㅋㅋ,싸전트 포효ㅋㅋㅋㅋㅋ ㅋㅋㅋㅋ,0.6872325539588928,0.11615302413702011,0.07657600939273834,0.05996471270918846,0.024349909275770187,0.03572382405400276
2024-03-03 00:20:14,사전트는 곧 나가겠네,,10,10.0,사전트는 곧 나가겠네 ,사전트는 곧 나가겠네,0.2500278949737549,0.283567875623703,0.22955375909805298,0.09844601899385452,0.06444869935512543,0.07395573705434799
2024-03-03 00:20:14,역시 꿀잼은 병장님ㅋㅋㅋㅋㅋ,,10,10.0,역시 꿀잼은 병장님ㅋㅋㅋㅋㅋ ,역시 꿀잼은 병장님ㅋㅋㅋㅋㅋ,0.7052901387214661,0.11748868227005005,0.05417284369468689,0.0544380284845829,0.025638550519943237,0.04297177866101265
2024-03-03 00:20:15,으아아아!,,10,10.0,으아아아! ,으아아아!,0.4501841962337494,0.19704490900039673,0.1506512612104416,0.09721994400024414,0.058504220098257065,0.04639537259936333
2024-03-03 00:20:15,사자후 ㅆㅃ ㅋㅋ,,10,10.0,사자후 ㅆㅃ ㅋㅋ ,사자후 ㅆㅃ ㅋㅋ,0.5792620182037354,0.14228452742099762,0.10016227513551712,0.1046719178557396,0.03240041062235832,0.041218917816877365
2024-03-03 00:20:15,시즌 1호 리타이어 사전트?,- dc official App,10,10.0,시즌 1호 리타이어 사전트? - dc official App,시즌 1호 리타이어 사전트? - dc official App,0.3635144829750061,0.2056470811367035,0.24402759969234467,0.0894790068268776,0.04667992517352104,0.050651922821998596
2024-03-03 00:20:15,앙탈 ㅋㅋ,,10,10.0,앙탈 ㅋㅋ ,앙탈 ㅋㅋ,0.6197601556777954,0.14563341438770294,0.09511648118495941,0.06447406113147736,0.03295500576496124,0.04206092283129692
2024-03-03 00:20:16,시즌 1호 리타 ㅋㅋㅋㅋㅋㅋㅋ,- dc official App,10,10.0,시즌 1호 리타 ㅋㅋㅋㅋㅋㅋㅋ - dc official App,시즌 1호 리타 ㅋㅋㅋㅋㅋㅋㅋ - dc official App,0.6774958968162537,0.11264506727457047,0.0916077271103859,0.062029559165239334,0.024296026676893234,0.03192569687962532
2024-03-03 00:20:16,제임스 얼굴보소 ㅋㅋㅋㅋㅋ,"+ dc official App
- dc official App",10,10.0,"제임스 얼굴보소 ㅋㅋㅋㅋㅋ + dc official App
- dc official App",제임스 얼굴보소 ㅋㅋㅋㅋㅋ + dc official App,0.5661937594413757,0.16379369795322418,0.12563174962997437,0.06725937128067017,0.04310150444507599,0.03401991352438927
2024-03-03 00:20:18,ㅄㅋㅋㅋ,ㅋㅋㄹ,10,10.0,ㅄㅋㅋㅋ ㅋㅋㄹ,ㅄㅋㅋㅋ ㅋㅋㄹ,0.569088876247406,0.16742359101772308,0.10524294525384903,0.08834287524223328,0.030819198116660118,0.03908253461122513
2024-03-03 00:20:19,아!!!!!! ㅋㅋㅋㅋㅋ,- dc official App,10,10.0,아!!!!!! ㅋㅋㅋㅋㅋ - dc official App,아!!!!!! ㅋㅋㅋㅋㅋ - dc official App,0.6913613080978394,0.11985650658607483,0.07551837712526321,0.05959029868245125,0.021965930238366127,0.03170758858323097
2024-03-03 00:20:19,VSC각이다 ㅋㅋㅋ,,10,10.0,VSC각이다 ㅋㅋㅋ ,VSC각이다 ㅋㅋㅋ,0.6960657835006714,0.11111479252576828,0.07334639132022858,0.05767003074288368,0.027453476563096046,0.03434951230883598
2024-03-03 00:20:19,제임스 ㅋㅋㅋㅋㅋㅋㅋ,,10,10.0,제임스 ㅋㅋㅋㅋㅋㅋㅋ ,제임스 ㅋㅋㅋㅋㅋㅋㅋ,0.6863894462585449,0.1201527938246727,0.07888752222061157,0.057046450674533844,0.0252057071775198,0.03231809288263321
2024-03-03 00:20:20,아아앜,ㅋㅋ,10,10.0,아아앜 ㅋㅋ,아아앜 ㅋㅋ,0.6272393465042114,0.1414351612329483,0.09441125392913818,0.07374055683612823,0.027722127735614777,0.035451579838991165
2024-03-03 00:20:20,갈!!!!!!!!!,,10,10.0,갈!!!!!!!!! ,갈!!!!!!!!!,0.677560031414032,0.11645058542490005,0.07780946046113968,0.06501218676567078,0.02758345566689968,0.035584285855293274
2024-03-03 00:20:20,사전트 시작부터ㄱㅋ 역시 수리비 1등ㅋ,ㅋ,10,10.0,사전트 시작부터ㄱㅋ 역시 수리비 1등ㅋ ㅋ,사전트 시작부터ㄱㅋ 역시 수리비 1등ㅋ ㅋ,0.6057933568954468,0.1393800973892212,0.08440081030130386,0.07866755872964859,0.03489486873149872,0.056863341480493546
2024-03-03 00:20:22,드디어 goatifi의 유지를 이어가는거냐,ㅋㅋㅋㅋㅋㅋ,10,10.0,드디어 goatifi의 유지를 이어가는거냐 ㅋㅋㅋㅋㅋㅋ,드디어 goatifi의 유지를 이어가는거냐 ㅋㅋㅋㅋㅋㅋ,0.5950675010681152,0.14985819160938263,0.12390944361686707,0.058229006826877594,0.039872705936431885,0.03306315839290619
2024-03-03 00:20:23,으아!,으아!,10,10.0,으아! 으아!,으아! 으아!,0.4640297293663025,0.20458722114562988,0.14032042026519775,0.09374906867742538,0.05135568231344223,0.04595790058374405
2024-03-03 00:20:24,역시 큰일은 윌이 ㅋㅋㅋ,"ㅋㅋㅋㅋㅋ
- dc official App",10,10.0,"역시 큰일은 윌이 ㅋㅋㅋ ㅋㅋㅋㅋㅋ
- dc official App",역시 큰일은 윌이 ㅋㅋㅋ ㅋㅋㅋㅋㅋ,0.6939535737037659,0.1147053986787796,0.06849371641874313,0.055468734353780746,0.030547844246029854,0.0368306040763855
2024-03-03 00:20:24,세카 뜨면 안되는데,,10,10.0,세카 뜨면 안되는데 ,세카 뜨면 안되는데,0.18336591124534607,0.28772950172424316,0.2302214652299881,0.10026278346776962,0.09022710472345352,0.1081933006644249
2024-03-03 00:20:25,시즌 1호 리타 축하한다 ㅋㅋㅋㅋ,,10,10.0,시즌 1호 리타 축하한다 ㅋㅋㅋㅋ ,시즌 1호 리타 축하한다 ㅋㅋㅋㅋ,0.716621458530426,0.10668163746595383,0.06192896142601967,0.0519452840089798,0.02681664191186428,0.03600610792636871
2024-03-03 00:20:25,롤후프에 노란불 들어오면 전기 문제인데,어어,10,10.0,롤후프에 노란불 들어오면 전기 문제인데 어어,롤후프에 노란불 들어오면 전기 문제인데 어어,0.11216683685779572,0.2498079091310501,0.29172202944755554,0.13463328778743744,0.09948725998401642,0.11218271404504776
2024-03-03 00:20:27,시즌 1호 엔진블로우?ㅋㅋㅋㅋ,터졌나,10,10.0,시즌 1호 엔진블로우?ㅋㅋㅋㅋ 터졌나,시즌 1호 엔진블로우?ㅋㅋㅋㅋ 터졌나,0.2580835521221161,0.24387243390083313,0.27687209844589233,0.09602000564336777,0.07517510652542114,0.04997681826353073
2024-03-03 00:20:27,엔진 뒤진건가,아...,10,10.0,엔진 뒤진건가 아...,엔진 뒤진건가 아...,0.08376669138669968,0.27943888306617737,0.2474847435951233,0.1468360424041748,0.08693068474531174,0.15554295480251312
2024-03-03 00:20:29,라피티 행동 ㅋㅋㅋㅋㅋㅋㅋㅋㅋㅋㅋㅋㅋㅋ,ㅋㅋㅋㅋㅋㅋㅋㅋㅋㅋㅋㅋㅋㅋㅋㅋㅋㄹ,10,10.0,라피티 행동 ㅋㅋㅋㅋㅋㅋㅋㅋㅋㅋㅋㅋㅋㅋ ㅋㅋㅋㅋㅋㅋㅋㅋㅋㅋㅋㅋㅋㅋㅋㅋㅋㄹ,라피티 행동 ㅋㅋㅋㅋㅋㅋㅋㅋㅋㅋㅋㅋㅋㅋ ㅋㅋㅋㅋㅋㅋㅋㅋㅋㅋㅋㅋㅋㅋㅋㅋㅋㄹ,0.69598788022995,0.11503156274557114,0.07467363029718399,0.05761153995990753,0.02384156733751297,0.03285384923219681
2024-03-03 00:20:30,차 굴러가유 ㅋㅋㅋㅋ,ㅋㅋㅋㅋㅋㅋㅋㅋ,10,10.0,차 굴러가유 ㅋㅋㅋㅋ ㅋㅋㅋㅋㅋㅋㅋㅋ,차 굴러가유 ㅋㅋㅋㅋ ㅋㅋㅋㅋㅋㅋㅋㅋ,0.6975044012069702,0.11426755040884018,0.06657519936561584,0.058326225727796555,0.024773385375738144,0.038553304970264435
2024-03-03 00:20:31,-윌-,"아오
ㅋㅋ",10,10.0,"-윌- 아오
ㅋㅋ",-윌- 아오 ㅋㅋ,0.6571131944656372,0.12724508345127106,0.07366615533828735,0.07745563238859177,0.025011686608195305,0.039508186280727386
2024-03-03 00:20:34,러셀 초비상,"시발
- dc official App",10,10.0,"러셀 초비상 시발
- dc official App",러셀 초비상 시발,0.1352209597826004,0.1970832347869873,0.11913784593343735,0.2685541808605194,0.04917033389210701,0.2308335155248642
2024-03-03 00:20:34,사전트 엔진 꺼먹었었노 ㅋㅋㅋ,- dc official App,10,10.0,사전트 엔진 꺼먹었었노 ㅋㅋㅋ - dc official App,사전트 엔진 꺼먹었었노 ㅋㅋㅋ - dc official App,0.135029599070549,0.35605984926223755,0.18671180307865143,0.13863003253936768,0.08541035652160645,0.0981583222746849
2024-03-03 00:20:34,제발 세카 ㅋㅋㅋㅋㅋㅋㅋ,,10,10.0,제발 세카 ㅋㅋㅋㅋㅋㅋㅋ ,제발 세카 ㅋㅋㅋㅋㅋㅋㅋ,0.6596452593803406,0.12417406588792801,0.08430524170398712,0.060065969824790955,0.03212092071771622,0.039688512682914734
2024-03-03 00:20:38,하아아앙!!!,ㅋㅋㅋㅋ사인지좌 ㅋㅋ,11,11.0,하아아앙!!! ㅋㅋㅋㅋ사인지좌 ㅋㅋ,하아아앙!!! ㅋㅋㅋㅋ사인지좌 ㅋㅋ,0.7160785794258118,0.10724955797195435,0.06864254176616669,0.053396742790937424,0.02281108871102333,0.03182155266404152
2024-03-03 00:20:40,또 막가놈이야 .?,,11,11.0,또 막가놈이야 .? ,또 막가놈이야 .?,0.08645692467689514,0.19207772612571716,0.27781710028648376,0.20052659511566162,0.12318416684865952,0.1199374571442604
2024-03-03 00:20:40,예약이요,"https://youtu.be/SBt9VJ6axB0?si=yIxIGBx3KXHdwb51
Netherlands National Anthem (Instrumental)
Nederland - WilhelmusThe Netherlands - WilliamSubscribe for more - http://www.youtube.com/user/NationalAnthemsChan?sub_confirmation=1All national anthems - h...
youtu.be",11,11.0,"예약이요 https://youtu.be/SBt9VJ6axB0?si=yIxIGBx3KXHdwb51
Netherlands National Anthem (Instrumental)
Nederland - WilhelmusThe Netherlands - WilliamSubscribe for more - http://www.youtube.com/user/NationalAnthemsChan?sub_confirmation=1All national anthems - h...
youtu.be",예약이요 Netherlands National Anthem (Instrumental) Nederland - WilhelmusThe Netherlands - WilliamSubscribe for more - national anthems - h... youtu.be,0.4562688171863556,0.18082143366336823,0.1874447762966156,0.09255117923021317,0.036548808217048645,0.04636499285697937
2024-03-03 00:20:41,이새끼 걍 휠락이냐? ㅋㅋㅋㅋㅋ,,11,11.0,이새끼 걍 휠락이냐? ㅋㅋㅋㅋㅋ ,이새끼 걍 휠락이냐? ㅋㅋㅋㅋㅋ,0.10912104696035385,0.25771892070770264,0.27218279242515564,0.17068396508693695,0.10414253920316696,0.08615077286958694
2024-03-03 00:20:41,사전트 부활 ㅋㅋㅋㅋㅋㅋㅋ,,11,11.0,사전트 부활 ㅋㅋㅋㅋㅋㅋㅋ ,사전트 부활 ㅋㅋㅋㅋㅋㅋㅋ,0.7145170569419861,0.11154808104038239,0.062197260558605194,0.05448044463992119,0.02297094091773033,0.0342862494289875
2024-03-03 00:20:42,아시발 노잼,ㅇ,11,11.0,아시발 노잼 ㅇ,아시발 노잼 ㅇ,0.15098215639591217,0.29060012102127075,0.1206522285938263,0.21695192158222198,0.05041760951280594,0.17039595544338226
2024-03-03 00:20:42,저 병신ㅋㅋㅋㅋㅋㅋㅋㅋㅋㅋㅋㅋㅋㅋ,,11,11.0,저 병신ㅋㅋㅋㅋㅋㅋㅋㅋㅋㅋㅋㅋㅋㅋ ,저 병신ㅋㅋㅋㅋㅋㅋㅋㅋㅋㅋㅋㅋㅋㅋ,0.4041695296764374,0.22151611745357513,0.19730426371097565,0.08711161464452744,0.054557666182518005,0.03534083440899849
2024-03-03 00:20:44,사전트는 완주 한 걸 본 적이 없는듯ㅋㅋㅋ,- dc official App,11,11.0,사전트는 완주 한 걸 본 적이 없는듯ㅋㅋㅋ - dc official App,사전트는 완주 한 걸 본 적이 없는듯ㅋㅋㅋ - dc official App,0.10205142199993134,0.29633191227912903,0.2818027436733246,0.14585062861442566,0.0950658917427063,0.0788973867893219
2024-03-03 00:20:44,또 시발 킬로미터 ㅋㅋㅋㅋㅋㅋㅋㅋㅋ,뱀장님 그로장따라 인디카나 가라 ㅋㅋㅋㅋㅋㅋ,11,11.0,또 시발 킬로미터 ㅋㅋㅋㅋㅋㅋㅋㅋㅋ 뱀장님 그로장따라 인디카나 가라 ㅋㅋㅋㅋㅋㅋ,또 시발 킬로미터 ㅋㅋㅋㅋㅋㅋㅋㅋㅋ 뱀장님 그로장따라 인디카나 가라 ㅋㅋㅋㅋㅋㅋ,0.1233491450548172,0.19384784996509552,0.13168270885944366,0.34468910098075867,0.059423014521598816,0.14700822532176971
2024-03-03 00:20:45,뭐야 블로우아니네,"지가돌았노
- dc official App",11,11.0,"뭐야 블로우아니네 지가돌았노
- dc official App",뭐야 블로우아니네 지가돌았노,0.09965270012617111,0.23112934827804565,0.24937859177589417,0.21999818086624146,0.09181763231754303,0.108023501932621
2024-03-03 00:20:46,사전트 고향 앞으로!,너가 가야될 곳은 인디카다,11,11.0,사전트 고향 앞으로! 너가 가야될 곳은 인디카다,사전트 고향 앞으로! 너가 가야될 곳은 인디카다,0.5450071096420288,0.15304309129714966,0.11276981234550476,0.07561307400465012,0.05774107575416565,0.05582575872540474
2024-03-03 00:20:46,다행이노 ㅋㅋㅋ,"살았다
- dc official App",11,11.0,"다행이노 ㅋㅋㅋ 살았다
- dc official App",다행이노 ㅋㅋㅋ 살았다,0.5975908637046814,0.1483554095029831,0.07672929763793945,0.07102306187152863,0.03126920387148857,0.07503220438957214
2024-03-03 00:20:46,? 뭐임? ㅋㅋㅋㅋ,,11,11.0,? 뭐임? ㅋㅋㅋㅋ ,? 뭐임? ㅋㅋㅋㅋ,0.19297510385513306,0.2472536414861679,0.31349003314971924,0.10082265734672546,0.08396829664707184,0.061490293592214584
2024-03-03 00:20:47,4전트4망?,살았누,11,11.0,4전트4망? 살았누,4전트4망? 살았누,0.13851559162139893,0.23469829559326172,0.3118763566017151,0.11686652153730392,0.12896756827831268,0.06907565891742706
2024-03-03 00:20:47,다시 부활 ㅅㅅ,,11,11.0,다시 부활 ㅅㅅ ,다시 부활 ㅅㅅ,0.7109023928642273,0.11015882343053818,0.059812162071466446,0.05442064255475998,0.02425243891775608,0.04045351594686508
2024-03-03 00:20:49,8초입갤ㅋㅋㅋㅋ,ㅋㅋㅋ,11,11.0,8초입갤ㅋㅋㅋㅋ ㅋㅋㅋ,8초입갤ㅋㅋㅋㅋ ㅋㅋㅋ,0.6776243448257446,0.1148291602730751,0.08582383394241333,0.06202420964837074,0.027397800236940384,0.03230069950222969
2024-03-03 00:20:50,아니씨발 피렐리좀 내쫓아라,개씨발 저 병신타이어 언제까지 쓸거야,11,11.0,아니씨발 피렐리좀 내쫓아라 개씨발 저 병신타이어 언제까지 쓸거야,아니씨발 피렐리좀 내쫓아라 개씨발 저 병신타이어 언제까지 쓸거야,0.15569870173931122,0.20756901800632477,0.11078324913978577,0.285439670085907,0.036933641880750656,0.2035757452249527
2024-03-03 00:20:51,미국 부활 ㅋㅋㅋ,,11,11.0,미국 부활 ㅋㅋㅋ ,미국 부활 ㅋㅋㅋ,0.727939784526825,0.10555750876665115,0.06027074158191681,0.050189074128866196,0.022856205701828003,0.0331866592168808
2024-03-03 00:20:51,병장 점마 뭐하노?,??,11,11.0,병장 점마 뭐하노? ??,병장 점마 뭐하노? ??,0.1451464295387268,0.2115267664194107,0.33341166377067566,0.12160998582839966,0.12369447946548462,0.06461065262556076
2024-03-03 00:20:53,시발 팀싸움은 ㅋㅋㅋㅋ,,11,11.0,시발 팀싸움은 ㅋㅋㅋㅋ ,시발 팀싸움은 ㅋㅋㅋㅋ,0.10061414539813995,0.23900729417800903,0.1391238570213318,0.29353493452072144,0.05720509588718414,0.17051464319229126
2024-03-03 00:20:54,사전트 진짜로 마일이랑 헷갈렸노 ㅋㅋㅋㅋ,- dc official App,11,11.0,사전트 진짜로 마일이랑 헷갈렸노 ㅋㅋㅋㅋ - dc official App,사전트 진짜로 마일이랑 헷갈렸노 ㅋㅋㅋㅋ - dc official App,0.12939849495887756,0.2992849349975586,0.2679443061351776,0.1314758062362671,0.09741377830505371,0.0744827464222908
2024-03-03 00:20:53,마굿간 내전ㄷㄷ,,11,11.0,마굿간 내전ㄷㄷ ,마굿간 내전ㄷㄷ,0.12704776227474213,0.20299915969371796,0.34242358803749084,0.13383321464061737,0.12038592249155045,0.07331044971942902
2024-03-03 00:20:54,대 인 지 캬캬캬캬캬,,11,11.0,대 인 지 캬캬캬캬캬 ,대 인 지 캬캬캬캬캬,0.6716443300247192,0.12446132302284241,0.07667016983032227,0.06508570164442062,0.02427174709737301,0.03786679729819298
2024-03-03 00:20:56,불꽃놀이 씹ㅋㅋㅋㅋㅋㅋㅋㅋㅋㅋ,,11,11.0,불꽃놀이 씹ㅋㅋㅋㅋㅋㅋㅋㅋㅋㅋ ,불꽃놀이 씹ㅋㅋㅋㅋㅋㅋㅋㅋㅋㅋ,0.49391016364097595,0.19554004073143005,0.1288233995437622,0.09768560528755188,0.04141303524374962,0.04262777045369148
2024-03-03 00:20:57,11랩 8초입갤wwwwwwwww,초전도슈퍼막스,11,11.0,11랩 8초입갤wwwwwwwww 초전도슈퍼막스,11랩 8초입갤wwwwwwwww 초전도슈퍼막스,0.6652166247367859,0.11765102297067642,0.08727668225765228,0.06623338162899017,0.027291368693113327,0.036330871284008026
2024-03-03 00:20:57,대인츠 ㅋㅋㅋㅋㅋㅋㅋㅋㅋㅋㅋㅋ,,11,11.0,대인츠 ㅋㅋㅋㅋㅋㅋㅋㅋㅋㅋㅋㅋ ,대인츠 ㅋㅋㅋㅋㅋㅋㅋㅋㅋㅋㅋㅋ,0.6645362973213196,0.12704569101333618,0.087205670773983,0.06335431337356567,0.026739507913589478,0.031118514016270638
2024-03-03 00:20:58,그래 사전트야 넌 ㅂ9ㄱ마커가 딱이야,,11,11.0,그래 사전트야 넌 ㅂ9ㄱ마커가 딱이야 ,그래 사전트야 넌 ㅂ9ㄱ마커가 딱이야,0.3806344270706177,0.21073976159095764,0.15488474071025848,0.10836748778820038,0.08313538879156113,0.06223822012543678
2024-03-03 00:20:58,르끌 따잇 ㅋㅋㅋㅋ,,11,11.0,르끌 따잇 ㅋㅋㅋㅋ ,르끌 따잇 ㅋㅋㅋㅋ,0.7123528718948364,0.10755953937768936,0.06353508681058884,0.056651584804058075,0.023570381104946136,0.036330509930849075
2024-03-03 00:20:59,뒤로구르면 셒카아님?,위험해보이는데,11,11.0,뒤로구르면 셒카아님? 위험해보이는데,뒤로구르면 셒카아님? 위험해보이는데,0.16306975483894348,0.2103990912437439,0.34575319290161133,0.105317123234272,0.10367466509342194,0.07178615033626556
2024-03-03 00:21:00,대인지ㅋㅋㅋㅋ,ㅋㅋ,11,11.0,대인지ㅋㅋㅋㅋ ㅋㅋ,대인지ㅋㅋㅋㅋ ㅋㅋ,0.6856882572174072,0.12187100946903229,0.07992124557495117,0.05462849885225296,0.025546027347445488,0.03234492987394333
2024-03-03 00:21:00,대인츠 ㅋㅋ,,11,11.0,대인츠 ㅋㅋ ,대인츠 ㅋㅋ,0.6841897368431091,0.1189236044883728,0.08130569756031036,0.057453565299510956,0.02704918384552002,0.03107830137014389
2024-03-03 00:21:01,프리투파이트 입갤 ㅋㅋㅋㅋㅋㅋㅋ,,11,11.0,프리투파이트 입갤 ㅋㅋㅋㅋㅋㅋㅋ ,프리투파이트 입갤 ㅋㅋㅋㅋㅋㅋㅋ,0.6904674172401428,0.11003337800502777,0.08060374855995178,0.06033201143145561,0.026546349748969078,0.0320170633494854
2024-03-03 00:21:02,우리펴스트 입갤 ㅋㅋㅋ,"+ dc official App
- dc official App",11,11.0,"우리펴스트 입갤 ㅋㅋㅋ + dc official App
- dc official App",우리펴스트 입갤 ㅋㅋㅋ + dc official App,0.7055014967918396,0.10941847413778305,0.07278074324131012,0.054016098380088806,0.02611962892115116,0.032163579016923904
2024-03-03 00:21:02,대 인 지ㅋㅋㅋㅋㅋㅋㅋㅋㅋ,,11,11.0,대 인 지ㅋㅋㅋㅋㅋㅋㅋㅋㅋ ,대 인 지ㅋㅋㅋㅋㅋㅋㅋㅋㅋ,0.6171380877494812,0.1452001929283142,0.11013080179691315,0.06615806370973587,0.030910110101103783,0.03046277165412903
2024-03-03 00:21:03,느그 퍼스트 따잇 ㅋㅋㅋㅋㅋㅋㅋㅋㅋㅋ,,11,11.0,느그 퍼스트 따잇 ㅋㅋㅋㅋㅋㅋㅋㅋㅋㅋ ,느그 퍼스트 따잇 ㅋㅋㅋㅋㅋㅋㅋㅋㅋㅋ,0.6849130988121033,0.11734957993030548,0.07195121794939041,0.06058204174041748,0.027788624167442322,0.03741544112563133
2024-03-03 00:21:03,우 리 퍼 스 트,,11,11.0,우 리 퍼 스 트 ,우 리 퍼 스 트,0.4850572943687439,0.19107133150100708,0.15034526586532593,0.09254009276628494,0.03130408003926277,0.04968196526169777
2024-03-03 00:21:04,사인지가 실력 더 낫짘ㅋㅋ 르클은 유스빨이고,"ㅋㅋㅋ
- dc official App",11,11.0,"사인지가 실력 더 낫짘ㅋㅋ 르클은 유스빨이고 ㅋㅋㅋ
- dc official App",사인지가 실력 더 낫짘ㅋㅋ 르클은 유스빨이고 ㅋㅋㅋ,0.17481981217861176,0.24893948435783386,0.2718212902545929,0.15271702408790588,0.07496682554483414,0.07673552632331848
2024-03-03 00:21:04,대인츠 가즈아 ㅋㅋㅋ,ㅋㅋㅋ,11,11.0,대인츠 가즈아 ㅋㅋㅋ ㅋㅋㅋ,대인츠 가즈아 ㅋㅋㅋ ㅋㅋㅋ,0.7091304659843445,0.10852690786123276,0.06502065807580948,0.05819958075881004,0.023892316967248917,0.035230010747909546
2024-03-03 00:21:05,대 인 츠 ㅋㅋㅋㅋㅋㅋㅋ,ㅋㅋㅋㅋㅋㅋㅋㅋㅋㅋㅋㅋㅋㅋㅋㅋㅋ,11,11.0,대 인 츠 ㅋㅋㅋㅋㅋㅋㅋ ㅋㅋㅋㅋㅋㅋㅋㅋㅋㅋㅋㅋㅋㅋㅋㅋㅋ,대 인 츠 ㅋㅋㅋㅋㅋㅋㅋ ㅋㅋㅋㅋㅋㅋㅋㅋㅋㅋㅋㅋㅋㅋㅋㅋㅋ,0.6741853356361389,0.12543225288391113,0.07983241230249405,0.06359834223985672,0.023828653618693352,0.03312297165393829
2024-03-03 00:21:05,황인지 ㅋㅋㅋㅋㅋ,,11,11.0,황인지 ㅋㅋㅋㅋㅋ ,황인지 ㅋㅋㅋㅋㅋ,0.6887902021408081,0.1184789314866066,0.07855673879384995,0.056805308908224106,0.025347895920276642,0.032020892947912216
2024-03-03 00:21:05,대인츠 ㅋㅋㅋㅋㅋㅋ,,11,11.0,대인츠 ㅋㅋㅋㅋㅋㅋ ,대인츠 ㅋㅋㅋㅋㅋㅋ,0.6707148551940918,0.12349700927734375,0.08640556037425995,0.06161530315876007,0.02701660245656967,0.03075072355568409
2024-03-03 00:21:06,르끌 좆망 ㅋㅋㅋㅋㅋㅋㅋㅋㅋㅋ,,11,11.0,르끌 좆망 ㅋㅋㅋㅋㅋㅋㅋㅋㅋㅋ ,르끌 좆망 ㅋㅋㅋㅋㅋㅋㅋㅋㅋㅋ,0.09998627752065659,0.29560986161231995,0.15893517434597015,0.20718996226787567,0.07241661101579666,0.16586218774318695
2024-03-03 00:21:07,르끌럭 뭐노,하,11,11.0,르끌럭 뭐노 하,르끌럭 뭐노 하,0.08044193685054779,0.31493544578552246,0.18942436575889587,0.14871755242347717,0.06502217054367065,0.20145855844020844
2024-03-03 00:21:07,왓더뻑이즈어킬로미러!!!!!!,,11,11.0,왓더뻑이즈어킬로미러!!!!!! ,왓더뻑이즈어킬로미러!!!!!!,0.6608778238296509,0.11824683845043182,0.09294591099023819,0.067311130464077,0.027050761505961418,0.03356755152344704
2024-03-03 00:21:08,캬 씨발 이게 퍼스트지 ㅇㅇ,- dc official App,11,11.0,캬 씨발 이게 퍼스트지 ㅇㅇ - dc official App,캬 씨발 이게 퍼스트지 ㅇㅇ - dc official App,0.5826231837272644,0.14608755707740784,0.08474405109882355,0.08455595374107361,0.03702313452959061,0.0649661272764206
2024-03-03 00:21:08,미끌레 사망 ㅋㅋ,ㅇㅂㅋㅌ,11,11.0,미끌레 사망 ㅋㅋ ㅇㅂㅋㅌ,미끌레 사망 ㅋㅋ ㅇㅂㅋㅌ,0.5813139081001282,0.16179881989955902,0.09234119206666946,0.09026851505041122,0.031879402697086334,0.04239821806550026
2024-03-03 00:21:09,야라리 휠투휠ㅋㅋㅋㅋㅋㅋㅋㅋㅋㅋㅋㅋㅋㅋㅋㅋㅋㅋㅋㅋ,엌ㅋㅋㅋㅋㅋㅋㅋㅋㅋㅋㅋㅋㅋㅋㅋㅋㅋㅋㅋ,11,11.0,야라리 휠투휠ㅋㅋㅋㅋㅋㅋㅋㅋㅋㅋㅋㅋㅋㅋㅋㅋㅋㅋㅋㅋ 엌ㅋㅋㅋㅋㅋㅋㅋㅋㅋㅋㅋㅋㅋㅋㅋㅋㅋㅋㅋ,야라리 휠투휠ㅋㅋㅋㅋㅋㅋㅋㅋㅋㅋㅋㅋㅋㅋㅋㅋㅋㅋㅋㅋ 엌ㅋㅋㅋㅋㅋㅋㅋㅋㅋㅋㅋㅋㅋㅋㅋㅋㅋㅋㅋ,0.6575645208358765,0.13097989559173584,0.08635706454515457,0.066585473716259,0.025844810530543327,0.03266822546720505
2024-03-03 00:21:09,캬 시발ㅋㅋㅋㅋㅋㅋ,- dc official App,11,11.0,캬 시발ㅋㅋㅋㅋㅋㅋ - dc official App,캬 시발ㅋㅋㅋㅋㅋㅋ - dc official App,0.3769548237323761,0.2013935148715973,0.14384236931800842,0.16060248017311096,0.0569642148911953,0.06024259328842163
2024-03-03 00:21:10,르끌 오만 데에 다 대주네,우짜누 ㅠㅠㅠㅠ,11,11.0,르끌 오만 데에 다 대주네 우짜누 ㅠㅠㅠㅠ,르끌 오만 데에 다 대주네 우짜누 ㅠㅠㅠㅠ,0.09900271892547607,0.2694975435733795,0.15026327967643738,0.16866417229175568,0.0764898806810379,0.23608241975307465
2024-03-03 00:21:10,우 리 퍼 스 트,ㅋㅋㅋㅋㅋ,11,11.0,우 리 퍼 스 트 ㅋㅋㅋㅋㅋ,우 리 퍼 스 트 ㅋㅋㅋㅋㅋ,0.6973704099655151,0.1103653758764267,0.07494412362575531,0.06168432906270027,0.023484133183956146,0.03215162456035614
2024-03-03 00:21:11,"""얼굴만 봐도 즐겁다""",ㅋㅋㅋㅋㅋㅋㅋㅋㅋㅋㅋㅋㅋㅋㅋㅋㅋㅋ,11,11.0,"""얼굴만 봐도 즐겁다"" ㅋㅋㅋㅋㅋㅋㅋㅋㅋㅋㅋㅋㅋㅋㅋㅋㅋㅋ","""얼굴만 봐도 즐겁다"" ㅋㅋㅋㅋㅋㅋㅋㅋㅋㅋㅋㅋㅋㅋㅋㅋㅋㅋ",0.6956068277359009,0.11398402601480484,0.06470147520303726,0.0588507279753685,0.025209492072463036,0.04164736717939377
2024-03-03 00:21:10,황라리 퍼스트 대 인 츠 ㅋㅋㅋㅋㅋㅋ,,11,11.0,황라리 퍼스트 대 인 츠 ㅋㅋㅋㅋㅋㅋ ,황라리 퍼스트 대 인 츠 ㅋㅋㅋㅋㅋㅋ,0.7003759741783142,0.10662506520748138,0.07662247121334076,0.0608101561665535,0.02425309270620346,0.03131328150629997
2024-03-03 00:21:11,대인지 분노의 질주,- dc official App,11,11.0,대인지 분노의 질주 - dc official App,대인지 분노의 질주 - dc official App,0.4326169490814209,0.18484725058078766,0.20676489174365997,0.09309379756450653,0.036391716450452805,0.046285368502140045
2024-03-03 00:21:11,뭐고 나왔네,뭐지,11,11.0,뭐고 나왔네 뭐지,뭐고 나왔네 뭐지,0.1626768559217453,0.2707183361053467,0.292946994304657,0.1127488985657692,0.09090587496757507,0.07000301778316498
2024-03-03 00:21:12,존나 타이트하게 붙네 ㅋㅋㅋㅋㅋ,잘하는 꼬라지다,11,11.0,존나 타이트하게 붙네 ㅋㅋㅋㅋㅋ 잘하는 꼬라지다,존나 타이트하게 붙네 ㅋㅋㅋㅋㅋ 잘하는 꼬라지다,0.07591164112091064,0.20520730316638947,0.22693069279193878,0.2639670968055725,0.07278420776128769,0.15519900619983673
2024-03-03 00:21:12,퍼스트 ㅈㅈㅈㅈㅈ,,11,11.0,퍼스트 ㅈㅈㅈㅈㅈ ,퍼스트 ㅈㅈㅈㅈㅈ,0.2619946002960205,0.29347386956214905,0.14546740055084229,0.14860501885414124,0.053418055176734924,0.0970410406589508
2024-03-03 00:21:12,러셀 따이겠네…,ㅇㅇ,11,11.0,러셀 따이겠네… ㅇㅇ,러셀 따이겠네… ㅇㅇ,0.2653786242008209,0.26381856203079224,0.23276668787002563,0.08270125091075897,0.08361544460058212,0.07171940058469772
2024-03-03 00:21:13,아 몬차 시즌 2야?,ㅈㄱㄴ,11,11.0,아 몬차 시즌 2야? ㅈㄱㄴ,아 몬차 시즌 2야? ㅈㄱㄴ,0.1143181324005127,0.2931796908378601,0.11021273583173752,0.2303130030632019,0.05421014502644539,0.1977662742137909
2024-03-03 00:21:13,너는 세컨드여 ㅋㅋㅋㅋㅋㅋㅋㅋㅋ,사이즈가 미래다,11,11.0,너는 세컨드여 ㅋㅋㅋㅋㅋㅋㅋㅋㅋ 사이즈가 미래다,너는 세컨드여 ㅋㅋㅋㅋㅋㅋㅋㅋㅋ 사이즈가 미래다,0.2734632194042206,0.24915800988674164,0.20116554200649261,0.12109063565731049,0.09310060739517212,0.062021978199481964
2024-03-03 00:21:14,퍼스트의 품격 ㅋㅋㅋㅋㅋ,,11,11.0,퍼스트의 품격 ㅋㅋㅋㅋㅋ ,퍼스트의 품격 ㅋㅋㅋㅋㅋ,0.5107588171958923,0.1667700856924057,0.12284278124570847,0.10682955384254456,0.04932444542646408,0.04347432404756546
2024-03-03 00:21:16,또또 팀메끼리 지랄났다 십ㅋㅋㅋㅋㅋㅋ,그저 좆라리 ㅋㅋㅋㅋㅋ,11,11.0,또또 팀메끼리 지랄났다 십ㅋㅋㅋㅋㅋㅋ 그저 좆라리 ㅋㅋㅋㅋㅋ,또또 팀메끼리 지랄났다 십ㅋㅋㅋㅋㅋㅋ 그저 좆라리 ㅋㅋㅋㅋㅋ,0.1452455222606659,0.22296489775180817,0.1375410258769989,0.2986180782318115,0.07108647376298904,0.12454398721456528
2024-03-03 00:21:16,아니 시발 르끌아 걍 보내라,니가 락업 걸려놓고,11,11.0,아니 시발 르끌아 걍 보내라 니가 락업 걸려놓고,아니 시발 르끌아 걍 보내라 니가 락업 걸려놓고,0.12816280126571655,0.20134295523166656,0.11811336874961853,0.3269966244697571,0.03888973593711853,0.18649449944496155
2024-03-03 00:21:17,사전트 그래서 뭐했는데,머임,11,11.0,사전트 그래서 뭐했는데 머임,사전트 그래서 뭐했는데 머임,0.13446927070617676,0.2467028945684433,0.32913464307785034,0.11269249022006989,0.08204665035009384,0.09495404362678528
2024-03-03 00:21:17,페라리 퍼스트 종결ㅋㅋㅋ,대인츠,11,11.0,페라리 퍼스트 종결ㅋㅋㅋ 대인츠,페라리 퍼스트 종결ㅋㅋㅋ 대인츠,0.6896945238113403,0.11389195173978806,0.06668014079332352,0.05736837536096573,0.02788897417485714,0.04447610676288605
2024-03-03 00:21:19,엌ㅋㅋ 빨간 알핀ㅋㅋ,저거 완전 오콘 알론소 아니냐ㅋㅋ,11,11.0,엌ㅋㅋ 빨간 알핀ㅋㅋ 저거 완전 오콘 알론소 아니냐ㅋㅋ,엌ㅋㅋ 빨간 알핀ㅋㅋ 저거 완전 오콘 알론소 아니냐ㅋㅋ,0.48253029584884644,0.1845051497220993,0.18791158497333527,0.07069738209247589,0.04553988203406334,0.028815630823373795
2024-03-03 00:21:19,ㅋㅋㅋㅋ 이궈궈던 ㅋㅋㅋㅋ,ㅋㅋㅋㅋ,11,11.0,ㅋㅋㅋㅋ 이궈궈던 ㅋㅋㅋㅋ ㅋㅋㅋㅋ,ㅋㅋㅋㅋ 이궈궈던 ㅋㅋㅋㅋ ㅋㅋㅋㅋ,0.6985219120979309,0.11518465727567673,0.06906714290380478,0.05880659818649292,0.023100562393665314,0.03531920164823532
2024-03-03 00:21:20,캬 페라리 휠투휠 섹시하긴 하네,ㅋㅋㅋㅋ,11,11.0,캬 페라리 휠투휠 섹시하긴 하네 ㅋㅋㅋㅋ,캬 페라리 휠투휠 섹시하긴 하네 ㅋㅋㅋㅋ,0.5780399441719055,0.15992622077465057,0.1254240870475769,0.0639035776257515,0.04121875390410423,0.031487442553043365
2024-03-03 00:21:21,르끌 저 새키때문에,둘다 포디움 못들겠네 ㅅㅂ,11,11.0,르끌 저 새키때문에 둘다 포디움 못들겠네 ㅅㅂ,르끌 저 새키때문에 둘다 포디움 못들겠네 ㅅㅂ,0.12884880602359772,0.19765670597553253,0.10892884433269501,0.30233660340309143,0.03738012537360191,0.22484882175922394
2024-03-03 00:21:21,2022 바레인 보는줄ㅋㅋㅋㅋ,근데 상대가 같은팀인,11,11.0,2022 바레인 보는줄ㅋㅋㅋㅋ 근데 상대가 같은팀인,2022 바레인 보는줄ㅋㅋㅋㅋ 근데 상대가 같은팀인,0.15292894840240479,0.27615663409233093,0.2851157784461975,0.11569219827651978,0.11405831575393677,0.0560481920838356
2024-03-03 00:21:22,르끌 비켜라 임마 ㅋㅋㅋㅋㅋㅋㅋ,대인즈,11,11.0,르끌 비켜라 임마 ㅋㅋㅋㅋㅋㅋㅋ 대인즈,르끌 비켜라 임마 ㅋㅋㅋㅋㅋㅋㅋ 대인즈,0.32544001936912537,0.22745443880558014,0.14129459857940674,0.1780664175748825,0.053489722311496735,0.07425477355718613
2024-03-03 00:21:22,대 인 지,,11,11.0,대 인 지 ,대 인 지,0.23367434740066528,0.22664666175842285,0.30738741159439087,0.09294664114713669,0.08301649242639542,0.05632852762937546
2024-03-03 00:21:22,르끌 재계약 후회하는 바수르면 개추 ㅋㅋㅋㅋㅋ,사인츠가 퍼스트 아니노?,11,11.0,르끌 재계약 후회하는 바수르면 개추 ㅋㅋㅋㅋㅋ 사인츠가 퍼스트 아니노?,르끌 재계약 후회하는 바수르면 개추 ㅋㅋㅋㅋㅋ 사인츠가 퍼스트 아니노?,0.3618798553943634,0.2288002073764801,0.1447635293006897,0.12701265513896942,0.0673079863190651,0.07023575156927109
2024-03-03 00:21:22,이걸 안박네 ㄲㅂ,,11,11.0,이걸 안박네 ㄲㅂ ,이걸 안박네 ㄲㅂ,0.13195230066776276,0.3056724965572357,0.10508854687213898,0.20904472470283508,0.051926903426647186,0.1963149756193161
2024-03-03 00:21:23,와중에 체코가 쥬지따러 가네ㅋㅋ,,11,11.0,와중에 체코가 쥬지따러 가네ㅋㅋ ,와중에 체코가 쥬지따러 가네ㅋㅋ,0.455489844083786,0.191911518573761,0.15843909978866577,0.09947854280471802,0.05429055169224739,0.04039040207862854
2024-03-03 00:21:24,방어를 왜 쳐하노?,ㅋㅋㅋㅋㅋㅋ,11,11.0,방어를 왜 쳐하노? ㅋㅋㅋㅋㅋㅋ,방어를 왜 쳐하노? ㅋㅋㅋㅋㅋㅋ,0.11024932563304901,0.22381755709648132,0.23033785820007324,0.24504904448986053,0.07655026018619537,0.11399596184492111
2024-03-03 00:21:25,개막전부터 페라리 왜저러냐 하.. ㅠ,올해도 레드불세상이구나,11,11.0,개막전부터 페라리 왜저러냐 하.. ㅠ 올해도 레드불세상이구나,개막전부터 페라리 왜저러냐 하.. ㅠ 올해도 레드불세상이구나,0.09254054725170135,0.25900447368621826,0.14260771870613098,0.18003354966640472,0.06664218008518219,0.25917157530784607
2024-03-03 00:21:24,사인지 : 비켮아,,11,11.0,사인지 : 비켮아 ,사인지 : 비켮아,0.49215736985206604,0.17274080216884613,0.18316256999969482,0.07387712597846985,0.03822915256023407,0.0398329496383667
2024-03-03 00:21:25,페라리 이 미친새끼들 사인츠 거르고 물탕ㅋㅋㅋㅋㅋㅋㅋㅋㅋ,"ㅅㅂㅋㅋㅋㅋㅋ
- dc official App",11,11.0,"페라리 이 미친새끼들 사인츠 거르고 물탕ㅋㅋㅋㅋㅋㅋㅋㅋㅋ ㅅㅂㅋㅋㅋㅋㅋ
- dc official App",페라리 이 미친새끼들 사인츠 거르고 물탕ㅋㅋㅋㅋㅋㅋㅋㅋㅋ ㅅㅂㅋㅋㅋㅋㅋ,0.12139806896448135,0.2450937032699585,0.1427527815103531,0.27891242504119873,0.07663702964782715,0.1352059692144394
2024-03-03 00:21:28,쥬지 따이게 생겼노,레드불 원투ㅠㅠ,11,11.0,쥬지 따이게 생겼노 레드불 원투ㅠㅠ,쥬지 따이게 생겼노 레드불 원투ㅠㅠ,0.13131220638751984,0.26035115122795105,0.1876651793718338,0.16166332364082336,0.10098259896039963,0.1580255627632141
2024-03-03 00:21:28,시발 르끌새끼를 잘라야하는거아님?????????????????,사인츠가 더잘하는데??????????????,11,11.0,시발 르끌새끼를 잘라야하는거아님????????????????? 사인츠가 더잘하는데??????????????,시발 르끌새끼를 잘라야하는거아님????????????????? 사인츠가 더잘하는데??????????????,0.09611388295888901,0.19678795337677002,0.1669805943965912,0.2703912854194641,0.04770725220441818,0.22201894223690033
2024-03-03 00:21:29,르클레르 거품임?,흠,11,11.0,르클레르 거품임? 흠,르클레르 거품임? 흠,0.1410367786884308,0.23903976380825043,0.3432604670524597,0.10580767691135406,0.09056441485881805,0.08029095828533173
2024-03-03 00:21:30,실직자의 품격ㅋㅋㅋㅋㅋㅋ,- dc official App,11,11.0,실직자의 품격ㅋㅋㅋㅋㅋㅋ - dc official App,실직자의 품격ㅋㅋㅋㅋㅋㅋ - dc official App,0.3486079275608063,0.2429562658071518,0.15891847014427185,0.12735743820667267,0.060701966285705566,0.06145790219306946
2024-03-03 00:21:30,페레즈 꺼져라 시발련아,,11,11.0,페레즈 꺼져라 시발련아 ,페레즈 꺼져라 시발련아,0.2226836383342743,0.16730427742004395,0.12001446634531021,0.2968542277812958,0.04059367999434471,0.15254971385002136
2024-03-03 00:21:31,황라리 퍼스트가 누구ㅋ,ㅋㅋㅋㅋㅋㅋㅋㅋㅋㅋㅋ,11,11.0,황라리 퍼스트가 누구ㅋ ㅋㅋㅋㅋㅋㅋㅋㅋㅋㅋㅋ,황라리 퍼스트가 누구ㅋ ㅋㅋㅋㅋㅋㅋㅋㅋㅋㅋㅋ,0.5510328412055969,0.16525140404701233,0.14203928411006927,0.07078398764133453,0.03935270011425018,0.031539831310510635
2024-03-03 00:21:31,애마 개씨발 존나 느리네,뭘만든거야씨발,11,11.0,애마 개씨발 존나 느리네 뭘만든거야씨발,애마 개씨발 존나 느리네 뭘만든거야씨발,0.11462244391441345,0.2535468339920044,0.12404841929674149,0.27474889159202576,0.04342079907655716,0.18961258232593536
2024-03-03 00:21:34,퇴물탕 좆끌 조합 2025 ㅋㅋㅋㅋㅋㅋㅋㅋㅋㅋㅋㅋ,,11,11.0,퇴물탕 좆끌 조합 2025 ㅋㅋㅋㅋㅋㅋㅋㅋㅋㅋㅋㅋ ,퇴물탕 좆끌 조합 2025 ㅋㅋㅋㅋㅋㅋㅋㅋㅋㅋㅋㅋ,0.15885837376117706,0.20295345783233643,0.2704942524433136,0.1962462216615677,0.09382204711437225,0.07762564718723297
2024-03-03 00:21:37,명예로운 타이어교체라도 하지 그랬누,페라리 퍼스트는 누구라구?!,11,11.0,명예로운 타이어교체라도 하지 그랬누 페라리 퍼스트는 누구라구?!,명예로운 타이어교체라도 하지 그랬누 페라리 퍼스트는 누구라구?!,0.08934053033590317,0.25039854645729065,0.26214879751205444,0.14918601512908936,0.11038973182439804,0.13853643834590912
2024-03-03 00:21:37,저딴 게 좆라리 퍼스트 ㅋㅋㅋㅋㅋㅋㅋㅋ,좆라리 수준,11,11.0,저딴 게 좆라리 퍼스트 ㅋㅋㅋㅋㅋㅋㅋㅋ 좆라리 수준,저딴 게 좆라리 퍼스트 ㅋㅋㅋㅋㅋㅋㅋㅋ 좆라리 수준,0.07910721749067307,0.17109303176403046,0.21956829726696014,0.2805138826370239,0.06960596889257431,0.1801115870475769
2024-03-03 00:21:39,르끌 너무 느려..,,11,11.0,르끌 너무 느려.. ,르끌 너무 느려..,0.09938402473926544,0.3114403188228607,0.12730787694454193,0.17925693094730377,0.039652418345212936,0.2429584115743637
2024-03-03 00:21:39,23 몬자 입갤,쁘리 뚜 빠이뜨,11,11.0,23 몬자 입갤 쁘리 뚜 빠이뜨,23 몬자 입갤 쁘리 뚜 빠이뜨,0.646407425403595,0.12749919295310974,0.0903497040271759,0.06206993758678436,0.0343155637383461,0.03935818374156952
2024-03-03 00:21:40,역시 레이스 재미는 페라리가 책임진다!,내전으루다가 ㅋㅋ,11,11.0,역시 레이스 재미는 페라리가 책임진다! 내전으루다가 ㅋㅋ,역시 레이스 재미는 페라리가 책임진다! 내전으루다가 ㅋㅋ,0.6981242895126343,0.11402790248394012,0.06261077523231506,0.05713307857513428,0.027061916887760162,0.041042059659957886
2024-03-03 00:21:41,DRS 걍 2초 해주면 안되냐?,개꿀잼 각인데,11,11.0,DRS 걍 2초 해주면 안되냐? 개꿀잼 각인데,DRS 걍 2초 해주면 안되냐? 개꿀잼 각인데,0.3841592073440552,0.20228491723537445,0.1903284341096878,0.0930519849061966,0.07253482937812805,0.057640593498945236
2024-03-03 00:21:41,그와중에 9초 코앞임 ㅅㅂ,ㅋㅋㅋㅋㅋ,11,11.0,그와중에 9초 코앞임 ㅅㅂ ㅋㅋㅋㅋㅋ,그와중에 9초 코앞임 ㅅㅂ ㅋㅋㅋㅋㅋ,0.15892893075942993,0.2782450020313263,0.14515656232833862,0.22503098845481873,0.08549486845731735,0.10714362561702728
2024-03-03 00:21:41,페라리 내년에 우짜노ㅋㅋㅋㅋㅋㅋㅋㅋ,퍼스트 르끌 세컨드 물탕ㅋㅋ,11,11.0,페라리 내년에 우짜노ㅋㅋㅋㅋㅋㅋㅋㅋ 퍼스트 르끌 세컨드 물탕ㅋㅋ,페라리 내년에 우짜노ㅋㅋㅋㅋㅋㅋㅋㅋ 퍼스트 르끌 세컨드 물탕ㅋㅋ,0.505021333694458,0.19999487698078156,0.0941070020198822,0.0915512666106224,0.04300408810377121,0.06632149964570999
2024-03-03 00:21:43,노끌레 2그리드 먹고 P6로 UN지 ㅋㅋㅋㅋㅋㅋㅋㅋㅋㅋ,페라리 2025년 매우 기대된다!!!,11,11.0,노끌레 2그리드 먹고 P6로 UN지 ㅋㅋㅋㅋㅋㅋㅋㅋㅋㅋ 페라리 2025년 매우 기대된다!!!,노끌레 2그리드 먹고 P6로 UN지 ㅋㅋㅋㅋㅋㅋㅋㅋㅋㅋ 페라리 2025년 매우 기대된다!!!,0.7010384202003479,0.11357790231704712,0.06784626841545105,0.057856202125549316,0.02476792223751545,0.03491334989666939
2024-03-03 00:21:43,오콘 핏스탑속도 나쁘지않네,부드러웠어,11,11.0,오콘 핏스탑속도 나쁘지않네 부드러웠어,오콘 핏스탑속도 나쁘지않네 부드러웠어,0.5521541237831116,0.19154155254364014,0.10313355177640915,0.05956833064556122,0.038430023938417435,0.055172380059957504
2024-03-03 00:21:44,딸깍신이 간다!!!!,,11,11.0,딸깍신이 간다!!!! ,딸깍신이 간다!!!!,0.7072303891181946,0.10550703853368759,0.06726351380348206,0.05660593882203102,0.02569561079144478,0.037697479128837585
2024-03-03 00:21:47,닥 사인지지 ㅋㅋㅋㅋㅋ,"르클 발전이 없음
- dc official App",11,11.0,"닥 사인지지 ㅋㅋㅋㅋㅋ 르클 발전이 없음
- dc official App",닥 사인지지 ㅋㅋㅋㅋㅋ 르클 발전이 없음,0.11001162976026535,0.311477392911911,0.17309942841529846,0.1705446094274521,0.06785639375448227,0.16701053082942963
2024-03-03 00:21:47,제발 세이프티카,,11,11.0,제발 세이프티카 ,제발 세이프티카,0.2842845916748047,0.22525618970394135,0.14557766914367676,0.11177004873752594,0.07746543735265732,0.15564605593681335
2024-03-03 00:21:50,막스 설마 소프트-미디엄으로 경기 끝내진 않겠지,타이어도 안닳는다매,11,11.0,막스 설마 소프트-미디엄으로 경기 끝내진 않겠지 타이어도 안닳는다매,막스 설마 소프트-미디엄으로 경기 끝내진 않겠지 타이어도 안닳는다매,0.11618185043334961,0.21920177340507507,0.3441942036151886,0.12112400680780411,0.11447238177061081,0.0848257914185524
2024-03-03 00:21:51,페라리는 세컨이랑 재계약하고 물탕이를 데려온것인가,,11,11.0,페라리는 세컨이랑 재계약하고 물탕이를 데려온것인가 ,페라리는 세컨이랑 재계약하고 물탕이를 데려온것인가,0.11566860228776932,0.2366093099117279,0.3654361069202423,0.11286142468452454,0.09910344332456589,0.07032110542058945
2024-03-03 00:21:55,아니 근데 사전트 그래도 14위까지 잘 가고 잇엇다,ㅇㅇ,11,11.0,아니 근데 사전트 그래도 14위까지 잘 가고 잇엇다 ㅇㅇ,아니 근데 사전트 그래도 14위까지 잘 가고 잇엇다 ㅇㅇ,0.25268134474754333,0.3260449469089508,0.13145436346530914,0.10228794813156128,0.07751747965812683,0.11001390963792801
2024-03-03 00:21:55,객관적으로 사인츠>>>>해밀턴,그저 페라리 ㅋㅋㅋㅋ,11,11.0,객관적으로 사인츠>>>>해밀턴 그저 페라리 ㅋㅋㅋㅋ,객관적으로 사인츠>>>>해밀턴 그저 페라리 ㅋㅋㅋㅋ,0.21916751563549042,0.2828649580478668,0.21128886938095093,0.14670367538928986,0.06481295824050903,0.07516200840473175
2024-03-03 00:21:57,좀만 있다가 셒카,,11,11.0,좀만 있다가 셒카 ,좀만 있다가 셒카,0.540998101234436,0.1663248986005783,0.11437761038541794,0.0718945860862732,0.04440011829137802,0.062004704028367996
2024-03-03 00:21:58,레드불 원투네,이제 자자 코오오오오,11,11.0,레드불 원투네 이제 자자 코오오오오,레드불 원투네 이제 자자 코오오오오,0.7099029421806335,0.11051405221223831,0.06130968779325485,0.05203980207443237,0.02644261159002781,0.039790984243154526
2024-03-03 00:21:58,본질7 1화 주요장면 떴냐?,"대 라 리
- dc official App",11,11.0,"본질7 1화 주요장면 떴냐? 대 라 리
- dc official App",본질7 1화 주요장면 떴냐? 대 라 리,0.21084657311439514,0.22059568762779236,0.32583919167518616,0.09942683577537537,0.08702144026756287,0.0562702938914299
2024-03-03 00:21:58,2025 페라리 좆망했으면 개추 ㅋㅋ,"일단나부터
ㅋㅋ",11,11.0,"2025 페라리 좆망했으면 개추 ㅋㅋ 일단나부터
ㅋㅋ",2025 페라리 좆망했으면 개추 ㅋㅋ 일단나부터 ㅋㅋ,0.2524712383747101,0.20840175449848175,0.15920549631118774,0.19279751181602478,0.07475554198026657,0.11236853897571564
2024-03-03 00:22:00,페레즈 곧 러셀따겠누ㅋㅋ,ㅋ,11,11.0,페레즈 곧 러셀따겠누ㅋㅋ ㅋ,페레즈 곧 러셀따겠누ㅋㅋ ㅋ,0.6861851811408997,0.12011052668094635,0.0754900723695755,0.05514753982424736,0.029752859845757484,0.03331384435296059
2024-03-03 00:22:05,미끌레병 도졌네,,11,11.0,미끌레병 도졌네 ,미끌레병 도졌네,0.09314828366041183,0.21919046342372894,0.17010867595672607,0.2599121332168579,0.07714435458183289,0.18049609661102295
2024-03-03 00:22:06,ㅅㅂ 페레즈 딸깍쇼 또나오겠네,- dc official App,11,11.0,ㅅㅂ 페레즈 딸깍쇼 또나오겠네 - dc official App,ㅅㅂ 페레즈 딸깍쇼 또나오겠네 - dc official App,0.16758833825588226,0.1905135065317154,0.1129276230931282,0.3291338086128235,0.047443997114896774,0.1523926705121994
2024-03-03 00:22:08,이미 스냅났었네,ㅋㅋ,11,11.0,이미 스냅났었네 ㅋㅋ,이미 스냅났었네 ㅋㅋ,0.3652581572532654,0.2027677446603775,0.21131166815757751,0.09673697501420975,0.0774533823132515,0.04647199809551239
2024-03-03 00:22:09,벌써 9초갭 다되가는거 머임,미친새기,11,11.0,벌써 9초갭 다되가는거 머임 미친새기,벌써 9초갭 다되가는거 머임 미친새기,0.10006281733512878,0.21551424264907837,0.213976189494133,0.24007342755794525,0.09513445943593979,0.1352388560771942
2024-03-03 00:22:10,개재밌다,사인츠 위기의식이 게임을 재밌게 만드누,11,11.0,개재밌다 사인츠 위기의식이 게임을 재밌게 만드누,개재밌다 사인츠 위기의식이 게임을 재밌게 만드누,0.6447674632072449,0.14591895043849945,0.08957742899656296,0.05733780562877655,0.029690755531191826,0.0327075719833374
2024-03-03 00:22:10,타이어 관리도 못해 잘하는건,"자아성찰 암 스투핏 하나
- dc official App",11,11.0,"타이어 관리도 못해 잘하는건 자아성찰 암 스투핏 하나
- dc official App",타이어 관리도 못해 잘하는건 자아성찰 암 스투핏 하나,0.07157936692237854,0.2523431181907654,0.2502625286579132,0.16231632232666016,0.05906325578689575,0.20443537831306458
2024-03-03 00:22:10,페라리=병신,저딴샊기를 재계약해?,11,11.0,페라리=병신 저딴샊기를 재계약해?,페라리=병신 저딴샊기를 재계약해?,0.0882919430732727,0.16786938905715942,0.24649035930633545,0.24978896975517273,0.0810060203075409,0.16655336320400238
2024-03-03 00:22:10,레드불 원투 확률 90퍼?,오늘 원투할듯,11,11.0,레드불 원투 확률 90퍼? 오늘 원투할듯,레드불 원투 확률 90퍼? 오늘 원투할듯,0.4622241258621216,0.18792641162872314,0.1714574545621872,0.07183579355478287,0.05699895694851875,0.04955735430121422
2024-03-03 00:22:18,아 진짜 좆끌이새끼때문에 티포시해먹기 좆같네진짜,- dc official App,12,12.0,아 진짜 좆끌이새끼때문에 티포시해먹기 좆같네진짜 - dc official App,아 진짜 좆끌이새끼때문에 티포시해먹기 좆같네진짜 - dc official App,0.1750592291355133,0.18679805099964142,0.09679189324378967,0.30391761660575867,0.03788452595472336,0.19954872131347656
2024-03-03 00:22:20,쥬지 체코 0.5차다 어어,추월당하는거 아니냐,12,12.0,쥬지 체코 0.5차다 어어 추월당하는거 아니냐,쥬지 체코 0.5차다 어어 추월당하는거 아니냐,0.14251966774463654,0.2063629925251007,0.3421616554260254,0.11840761452913284,0.1259918361902237,0.06455624848604202
2024-03-03 00:22:20,내년 퇴출되는 놈한테 발리는 좆라리 퍼스트 ㅋㅋㅋㅋㅋㅋㅋㅋㅋㅋㅋ,,12,12.0,내년 퇴출되는 놈한테 발리는 좆라리 퍼스트 ㅋㅋㅋㅋㅋㅋㅋㅋㅋㅋㅋ ,내년 퇴출되는 놈한테 발리는 좆라리 퍼스트 ㅋㅋㅋㅋㅋㅋㅋㅋㅋㅋㅋ,0.09872361272573471,0.2139202207326889,0.2573584318161011,0.23145705461502075,0.1003379225730896,0.09820281714200974
2024-03-03 00:22:20,애마는 숏런 롱런 차이가 왤케 많이 나냐,ㅋㅋ 숏런은 알론소라 빠른거였나,12,12.0,애마는 숏런 롱런 차이가 왤케 많이 나냐 ㅋㅋ 숏런은 알론소라 빠른거였나,애마는 숏런 롱런 차이가 왤케 많이 나냐 ㅋㅋ 숏런은 알론소라 빠른거였나,0.10229665040969849,0.2799062728881836,0.3180658519268036,0.12900365889072418,0.09392344951629639,0.07680414617061615
2024-03-03 00:22:26,지가 락업걸리고 저지랄이노 ㅋㅋㅋㅋㅋ,,12,12.0,지가 락업걸리고 저지랄이노 ㅋㅋㅋㅋㅋ ,지가 락업걸리고 저지랄이노 ㅋㅋㅋㅋㅋ,0.11686470359563828,0.22215697169303894,0.21194550395011902,0.25099697709083557,0.07923658937215805,0.11879924684762955
2024-03-03 00:22:27,좆라리는 왜 이상황에서 free to fight 오더를 하는거임??,ㅇㅇㅇ??,12,12.0,좆라리는 왜 이상황에서 free to fight 오더를 하는거임?? ㅇㅇㅇ??,좆라리는 왜 이상황에서 free to fight 오더를 하는거임?? ㅇㅇㅇ??,0.10145126283168793,0.2667687237262726,0.25077489018440247,0.1741337776184082,0.10945532470941544,0.0974159762263298
2024-03-03 00:22:27,사전트 ㅋㅋㅋㅋㅋㅋㅋ,,12,12.0,사전트 ㅋㅋㅋㅋㅋㅋㅋ ,사전트 ㅋㅋㅋㅋㅋㅋㅋ,0.6846739053726196,0.12221946567296982,0.07698851823806763,0.058477602899074554,0.024861546233296394,0.032779041677713394
2024-03-03 00:22:29,시전트는 걍 병신이노,,12,12.0,시전트는 걍 병신이노 ,시전트는 걍 병신이노,0.09549029171466827,0.35146722197532654,0.20363880693912506,0.1312243789434433,0.062284983694553375,0.15589439868927002
2024-03-03 00:22:30,쌍으로 시원하게 긁네,씽크 쥐기네,12,12.0,쌍으로 시원하게 긁네 씽크 쥐기네,쌍으로 시원하게 긁네 씽크 쥐기네,0.5563711524009705,0.165019690990448,0.13394378125667572,0.06222591921687126,0.04772546514868736,0.034713953733444214
2024-03-03 00:22:39,러셀 르끌 핏인,,12,12.0,러셀 르끌 핏인 ,러셀 르끌 핏인,0.5576266646385193,0.16358163952827454,0.12652088701725006,0.07761666923761368,0.030510226264595985,0.044143881648778915
2024-03-03 00:22:41,몇초 피트스탑인데,,12,12.0,몇초 피트스탑인데 ,몇초 피트스탑인데,0.10630699247121811,0.3138231337070465,0.233943372964859,0.12173731625080109,0.08417081087827682,0.14001838862895966
2024-03-03 00:22:43,저새끼 뭐함??,- dc official App,12,12.0,저새끼 뭐함?? - dc official App,저새끼 뭐함?? - dc official App,0.14271952211856842,0.20024779438972473,0.32859376072883606,0.14727255702018738,0.09471797943115234,0.08644837141036987
2024-03-03 00:22:44,대인츠 3등!!!!,르클을 해밀턴으로 바꾸는게 이 정답이었다.,12,12.0,대인츠 3등!!!! 르클을 해밀턴으로 바꾸는게 이 정답이었다.,대인츠 3등!!!! 르클을 해밀턴으로 바꾸는게 이 정답이었다.,0.08254001289606094,0.3455927073955536,0.2012244462966919,0.13301530480384827,0.07768196612596512,0.15994557738304138
2024-03-03 00:22:48,르끌차에 문제있다함,어쩐지,12,12.0,르끌차에 문제있다함 어쩐지,르끌차에 문제있다함 어쩐지,0.09947280585765839,0.24727602303028107,0.30995067954063416,0.12319494038820267,0.06969758123159409,0.15040796995162964
2024-03-03 00:22:52,아니 핏스탑 타이밍 안보여주노;;,,12,12.0,아니 핏스탑 타이밍 안보여주노;; ,아니 핏스탑 타이밍 안보여주노;;,0.11454793065786362,0.30586469173431396,0.11093557626008987,0.21102015674114227,0.042077429592609406,0.2155541330575943
2024-03-03 00:22:55,사전트 박아!!!!,,12,12.0,사전트 박아!!!! ,사전트 박아!!!!,0.7138721942901611,0.10786747932434082,0.06749105453491211,0.05201565474271774,0.024806570261716843,0.033946942538022995
2024-03-03 00:22:55,미끌레 플랜A,흠,12,12.0,미끌레 플랜A 흠,미끌레 플랜A 흠,0.15462136268615723,0.25670546293258667,0.3269658386707306,0.10539782792329788,0.07268587499856949,0.08362361043691635
2024-03-03 00:22:57,시간안나오네,,12,12.0,시간안나오네 ,시간안나오네,0.14877206087112427,0.3136988878250122,0.12559640407562256,0.15142783522605896,0.04741945117712021,0.21308530867099762
2024-03-03 00:22:58,사전트는 걍 데이토나나 나가라,ㅁㄴㅇㄹ,12,12.0,사전트는 걍 데이토나나 나가라 ㅁㄴㅇㄹ,사전트는 걍 데이토나나 나가라 ㅁㄴㅇㄹ,0.13661396503448486,0.27351832389831543,0.15703405439853668,0.23453165590763092,0.046429343521595,0.1518726646900177
2024-03-03 00:23:00,"좆라리는 올해도 망하고 25,26도 망했네 ㅋㅋㅋㅋ",결과스포노 ㅋㅋㅋㅋㅋㅋ,12,12.0,"좆라리는 올해도 망하고 25,26도 망했네 ㅋㅋㅋㅋ 결과스포노 ㅋㅋㅋㅋㅋㅋ","좆라리는 올해도 망하고 25,26도 망했네 ㅋㅋㅋㅋ 결과스포노 ㅋㅋㅋㅋㅋㅋ",0.11619199812412262,0.3094162344932556,0.130712628364563,0.19810456037521362,0.08444083482027054,0.1611338108778
2024-03-03 00:23:04,가슬리 괴떡상 ㄱㅈㅇ,"ㄱㄱㄱㄱ
- dc official App",12,12.0,"가슬리 괴떡상 ㄱㅈㅇ ㄱㄱㄱㄱ
- dc official App",가슬리 괴떡상 ㄱㅈㅇ ㄱㄱㄱㄱ,0.664330005645752,0.12058323621749878,0.08492332696914673,0.06035768985748291,0.03326208144426346,0.03654368221759796
2024-03-03 00:23:06,북스타펜은 18랩에 바꿔도 될듯,상태가 시발 ㅋㅋㅋㅋ,12,12.0,북스타펜은 18랩에 바꿔도 될듯 상태가 시발 ㅋㅋㅋㅋ,북스타펜은 18랩에 바꿔도 될듯 상태가 시발 ㅋㅋㅋㅋ,0.0886281281709671,0.26193124055862427,0.16955116391181946,0.2566387951374054,0.06773759424686432,0.15551312267780304
2024-03-03 00:23:08,올해 막스 챔피언 언제 결정날까?,"여름 안넘길 것 같다ㅋㅋㅋ
걍 2등 싸움이네",12,12.0,"올해 막스 챔피언 언제 결정날까? 여름 안넘길 것 같다ㅋㅋㅋ
걍 2등 싸움이네",올해 막스 챔피언 언제 결정날까? 여름 안넘길 것 같다ㅋㅋㅋ 걍 2등 싸움이네,0.16460534930229187,0.33035558462142944,0.2113010734319687,0.10115884244441986,0.08740399032831192,0.10517516732215881
2024-03-03 00:23:08,스포) 레드불 원투,"스포일러 경고 기능이 추가됐습니다.
(
설정
에서 변경 가능)
RB20은 신이야",12,12.0,"스포) 레드불 원투 스포일러 경고 기능이 추가됐습니다.
(
설정
에서 변경 가능)
RB20은 신이야",스포) 레드불 원투 스포일러 경고 기능이 추가됐습니다. ( 설정 에서 변경 가능) RB20은 신이야,0.5586759448051453,0.1659088283777237,0.12614896893501282,0.062248051166534424,0.04459197819232941,0.04242616519331932
2024-03-03 00:23:10,막페십초 뭐노;;;,같은 차 맞노?????,12,12.0,막페십초 뭐노;;; 같은 차 맞노?????,막페십초 뭐노;;; 같은 차 맞노?????,0.11651907116174698,0.23632332682609558,0.33484941720962524,0.12772613763809204,0.10127193480730057,0.08331014961004257
2024-03-03 00:23:10,사전트 저 병신은 휠락걸리고 서있던거도 병신같음,ㄹㅇ,12,12.0,사전트 저 병신은 휠락걸리고 서있던거도 병신같음 ㄹㅇ,사전트 저 병신은 휠락걸리고 서있던거도 병신같음 ㄹㅇ,0.10531101375818253,0.22471430897712708,0.3311929702758789,0.133168563246727,0.11854054033756256,0.08707264810800552
2024-03-03 00:23:15,내년 페라리는 럭키하스각이냐?,물탕이랑 르끌 대흉근이 웅장해진다,12,12.0,내년 페라리는 럭키하스각이냐? 물탕이랑 르끌 대흉근이 웅장해진다,내년 페라리는 럭키하스각이냐? 물탕이랑 르끌 대흉근이 웅장해진다,0.4922889769077301,0.18140363693237305,0.1534285694360733,0.07360228151082993,0.05594079941511154,0.04333570972084999
2024-03-03 00:23:21,르끌 뉴 미디엄 이거 뭐냐?,그냥 있다고 자랑임? ㅋㅋㅋㅋㅋ,12,12.0,르끌 뉴 미디엄 이거 뭐냐? 그냥 있다고 자랑임? ㅋㅋㅋㅋㅋ,르끌 뉴 미디엄 이거 뭐냐? 그냥 있다고 자랑임? ㅋㅋㅋㅋㅋ,0.10609450191259384,0.26764655113220215,0.28724607825279236,0.16275985538959503,0.07929076254367828,0.09696222096681595
2024-03-03 00:23:22,막스 10초차 ㅋㅋㅋㅋㅋㅋㅋㅋㅋ,미친넘 미친넘,12,12.0,막스 10초차 ㅋㅋㅋㅋㅋㅋㅋㅋㅋ 미친넘 미친넘,막스 10초차 ㅋㅋㅋㅋㅋㅋㅋㅋㅋ 미친넘 미친넘,0.2882724404335022,0.25578615069389343,0.18547464907169342,0.1416034698486328,0.07244104146957397,0.056422218680381775
2024-03-03 00:23:23,러셀 보타스 어게인,,12,12.0,러셀 보타스 어게인 ,러셀 보타스 어게인,0.669033944606781,0.1217476949095726,0.0812036544084549,0.05941277742385864,0.027966750785708427,0.04063522815704346
2024-03-03 00:23:23,페라리는 역시,"페라리다 실망을 안시키네 아니 시킨건가
- dc official App",12,12.0,"페라리는 역시 페라리다 실망을 안시키네 아니 시킨건가
- dc official App",페라리는 역시 페라리다 실망을 안시키네 아니 시킨건가,0.22048385441303253,0.20939752459526062,0.2729261815547943,0.09922784566879272,0.13137878477573395,0.06658578664064407
2024-03-03 00:23:24,시즌 전엔 너무 보고 싶었는데 보닌깐,"역시 지루하닼ㅋㅋㅋ
- dc official App",12,12.0,"시즌 전엔 너무 보고 싶었는데 보닌깐 역시 지루하닼ㅋㅋㅋ
- dc official App",시즌 전엔 너무 보고 싶었는데 보닌깐 역시 지루하닼ㅋㅋㅋ,0.16430923342704773,0.3232244551181793,0.16113688051700592,0.15643392503261566,0.05756111815571785,0.13733436167240143
2024-03-03 00:23:27,자막 지랄났노 ㅋㅋ,미디엄 ㅇㅈㄹ,12,12.0,자막 지랄났노 ㅋㅋ 미디엄 ㅇㅈㄹ,자막 지랄났노 ㅋㅋ 미디엄 ㅇㅈㄹ,0.10682626813650131,0.27135059237480164,0.19811400771141052,0.22515667974948883,0.05767768621444702,0.14087475836277008
2024-03-03 00:23:26,일핀 레이스는 잘 올라오는ㄷㅔ?,,12,12.0,일핀 레이스는 잘 올라오는ㄷㅔ? ,일핀 레이스는 잘 올라오는ㄷㅔ?,0.3428763747215271,0.24098290503025055,0.21889331936836243,0.07810641080141068,0.06012376770377159,0.05901718512177467
2024-03-03 00:23:28,하수) 막스 인터벌만 하염없이 쳐다봄,고수) 빅팀 세컨드 시트 두고 싸우는 시즌 1호 쪽똠대전 관전함,12,12.0,하수) 막스 인터벌만 하염없이 쳐다봄 고수) 빅팀 세컨드 시트 두고 싸우는 시즌 1호 쪽똠대전 관전함,하수) 막스 인터벌만 하염없이 쳐다봄 고수) 빅팀 세컨드 시트 두고 싸우는 시즌 1호 쪽똠대전 관전함,0.27219948172569275,0.24506713449954987,0.21229825913906097,0.14439521729946136,0.06064067780971527,0.06539925932884216
2024-03-03 00:23:31,저거 초록차 킥이라고 불러야되나?,"아님 자우버라고 불러야되나
작년까지 알파로메오라 불러거 입에 잘 안붙네",12,12.0,"저거 초록차 킥이라고 불러야되나? 아님 자우버라고 불러야되나
작년까지 알파로메오라 불러거 입에 잘 안붙네",저거 초록차 킥이라고 불러야되나? 아님 자우버라고 불러야되나 작년까지 알파로메오라 불러거 입에 잘 안붙네,0.08491536229848862,0.3485807478427887,0.1767958700656891,0.13790051639080048,0.06394118070602417,0.18786638975143433
2024-03-03 00:23:32,작년에 비해서 올해 해설 텐션이 높아진거 같은데 기분탓인가,적당하이 좋네,12,12.0,작년에 비해서 올해 해설 텐션이 높아진거 같은데 기분탓인가 적당하이 좋네,작년에 비해서 올해 해설 텐션이 높아진거 같은데 기분탓인가 적당하이 좋네,0.5074973106384277,0.20269277691841125,0.115110844373703,0.06714216619729996,0.04611172154545784,0.06144516542553902
2024-03-03 00:23:33,사전트는 빨리움직여야지 가만히 서서 뭐한거노 ㅋㅋㅋㅋ,빨리 따라가야지 지혼자 좌절하면서 누워있는게 ㅈㄴ웃기네 ㅋㅋㅋㅋㅋ,12,12.0,사전트는 빨리움직여야지 가만히 서서 뭐한거노 ㅋㅋㅋㅋ 빨리 따라가야지 지혼자 좌절하면서 누워있는게 ㅈㄴ웃기네 ㅋㅋㅋㅋㅋ,사전트는 빨리움직여야지 가만히 서서 뭐한거노 ㅋㅋㅋㅋ 빨리 따라가야지 지혼자 좌절하면서 누워있는게 ㅈㄴ웃기네 ㅋㅋㅋㅋㅋ,0.16926072537899017,0.26026687026023865,0.2585645914077759,0.15481969714164734,0.09021876007318497,0.06686937063932419
2024-03-03 00:23:33,쥬지 보타스 대전 ㄷㄷ,ㅋㅋ,12,12.0,쥬지 보타스 대전 ㄷㄷ ㅋㅋ,쥬지 보타스 대전 ㄷㄷ ㅋㅋ,0.46757444739341736,0.17899993062019348,0.19496846199035645,0.07331328094005585,0.05677541345357895,0.028368493542075157
2024-03-03 00:23:35,10초 돌파,더 가는거야,12,12.0,10초 돌파 더 가는거야,10초 돌파 더 가는거야,0.6105994582176208,0.14493469893932343,0.09934401512145996,0.06265799701213837,0.0385407917201519,0.043923020362854004
2024-03-03 00:23:39,막가놈은 뭐 지혼자 다른차 쓰냐,병신,12,12.0,막가놈은 뭐 지혼자 다른차 쓰냐 병신,막가놈은 뭐 지혼자 다른차 쓰냐 병신,0.12584251165390015,0.18881060183048248,0.23482495546340942,0.2610854506492615,0.053887989372015,0.13554850220680237
2024-03-03 00:23:40,섹스대전 ㅋㅋㅋㅋㅋㅋㅋㅋㅋ,- dc official App,12,12.0,섹스대전 ㅋㅋㅋㅋㅋㅋㅋㅋㅋ - dc official App,섹스대전 ㅋㅋㅋㅋㅋㅋㅋㅋㅋ - dc official App,0.6663564443588257,0.12101353704929352,0.09159437566995621,0.06538653373718262,0.024942688643932343,0.03070644848048687
2024-03-03 00:23:42,북딱스 점마 엔드플레이트 왜저러냐,ㅇㅇ,12,12.0,북딱스 점마 엔드플레이트 왜저러냐 ㅇㅇ,북딱스 점마 엔드플레이트 왜저러냐 ㅇㅇ,0.09513547271490097,0.28623032569885254,0.1987508088350296,0.2239261418581009,0.07020728290081024,0.12575002014636993
2024-03-03 00:23:46,사전트 빨리 GOAT행동 해라 제발,씨발 못 달릴 거면 그거라도 해 제발,12,12.0,사전트 빨리 GOAT행동 해라 제발 씨발 못 달릴 거면 그거라도 해 제발,사전트 빨리 GOAT행동 해라 제발 씨발 못 달릴 거면 그거라도 해 제발,0.0998249500989914,0.20952577888965607,0.1248791366815567,0.26578688621520996,0.04355466365814209,0.2564285695552826
2024-03-03 00:23:52,우리 실북갤 3등이다,분발하자!!,12,12.0,우리 실북갤 3등이다 분발하자!!,우리 실북갤 3등이다 분발하자!!,0.5599741339683533,0.15308018028736115,0.10390885174274445,0.07354725152254105,0.049879737198352814,0.05960986018180847
2024-03-03 00:24:00,이건 23년보다 더한거 아니냐,시발 쿠플이 일하는 시즌에 이런 노잼 시즌이 되는거야,13,13.0,이건 23년보다 더한거 아니냐 시발 쿠플이 일하는 시즌에 이런 노잼 시즌이 되는거야,이건 23년보다 더한거 아니냐 시발 쿠플이 일하는 시즌에 이런 노잼 시즌이 되는거야,0.09104390442371368,0.26143378019332886,0.12324830144643784,0.23021641373634338,0.05420779809355736,0.2398497611284256
2024-03-03 00:24:00,애널섹스,ㅇ,13,13.0,애널섹스 ㅇ,애널섹스 ㅇ,0.556770920753479,0.15329618752002716,0.13884656131267548,0.07894124835729599,0.03685818985104561,0.03528691455721855
2024-03-03 00:24:01,체코 핏인,,13,13.0,체코 핏인 ,체코 핏인,0.5053743124008179,0.18131349980831146,0.14253075420856476,0.08403981477022171,0.037825506180524826,0.04891610145568848
2024-03-03 00:24:02,노리스 언더컷 팀라 나왔음,과연,13,13.0,노리스 언더컷 팀라 나왔음 과연,노리스 언더컷 팀라 나왔음 과연,0.31694164872169495,0.2155182808637619,0.2735852301120758,0.08306451141834259,0.07112983614206314,0.03976055234670639
2024-03-03 00:24:05,엪노인들 물탕강점기 때 ㄹㅇ 어떻게 버틴거임?,ㅁㅊ다 ㅁㅊ ㅋㅋㅋㅋ,13,13.0,엪노인들 물탕강점기 때 ㄹㅇ 어떻게 버틴거임? ㅁㅊ다 ㅁㅊ ㅋㅋㅋㅋ,엪노인들 물탕강점기 때 ㄹㅇ 어떻게 버틴거임? ㅁㅊ다 ㅁㅊ ㅋㅋㅋㅋ,0.2016761302947998,0.18267300724983215,0.308557391166687,0.12587878108024597,0.12763969600200653,0.0535750612616539
2024-03-03 00:24:06,발테리 어쩐지 랩타임 병신이더라 ㅋㅋㅋ,"프론트윙 개박살이네
- dc official App",13,13.0,"발테리 어쩐지 랩타임 병신이더라 ㅋㅋㅋ 프론트윙 개박살이네
- dc official App",발테리 어쩐지 랩타임 병신이더라 ㅋㅋㅋ 프론트윙 개박살이네,0.09332297742366791,0.24252870678901672,0.3109472692012787,0.1556612104177475,0.11714894324541092,0.08039090782403946
2024-03-03 00:24:08,르끌은 계속 락업 걸리는데?,뭐고,13,13.0,르끌은 계속 락업 걸리는데? 뭐고,르끌은 계속 락업 걸리는데? 뭐고,0.0994083434343338,0.30466100573539734,0.1693515181541443,0.16445747017860413,0.049469463527202606,0.21265216171741486
2024-03-03 00:24:15,왜 몇촌지 안알려주냐,,13,13.0,왜 몇촌지 안알려주냐 ,왜 몇촌지 안알려주냐,0.15353550016880035,0.2925834357738495,0.17951256036758423,0.1580469161272049,0.040157608687877655,0.17616389691829681
2024-03-03 00:24:24,보타스 점마 앤트 플레이트 언제 깨졌노,ㅇ,13,13.0,보타스 점마 앤트 플레이트 언제 깨졌노 ㅇ,보타스 점마 앤트 플레이트 언제 깨졌노 ㅇ,0.13263186812400818,0.2088843137025833,0.34128960967063904,0.1438790261745453,0.10881401598453522,0.06450119614601135
2024-03-03 00:24:24,왜 시간없냐 ㄹㅇ,,13,13.0,왜 시간없냐 ㄹㅇ ,왜 시간없냐 ㄹㅇ,0.09024619311094284,0.33076906204223633,0.13096588850021362,0.17066259682178497,0.0740751400589943,0.20328108966350555
2024-03-03 00:24:25,보타스 프론트윙 언제해먹음?,스타트때 부서졌나,13,13.0,보타스 프론트윙 언제해먹음? 스타트때 부서졌나,보타스 프론트윙 언제해먹음? 스타트때 부서졌나,0.12436352670192719,0.25401294231414795,0.3205004632472992,0.11753325909376144,0.0835871547460556,0.10000263154506683
2024-03-03 00:24:25,11초 ㅅㅂㅋㅋㅋㅋㅋㅋㅋㅋ,,13,13.0,11초 ㅅㅂㅋㅋㅋㅋㅋㅋㅋㅋ ,11초 ㅅㅂㅋㅋㅋㅋㅋㅋㅋㅋ,0.15647102892398834,0.28942057490348816,0.17695844173431396,0.19482846558094025,0.08099233359098434,0.10132911056280136
2024-03-03 00:24:11,병신 하드입갤 ㅋㅋㅋㅋㅋㅋㅋㅋㅋㅋ,,13,13.0,병신 하드입갤 ㅋㅋㅋㅋㅋㅋㅋㅋㅋㅋ ,병신 하드입갤 ㅋㅋㅋㅋㅋㅋㅋㅋㅋㅋ,0.6453331112861633,0.13482607901096344,0.09693261981010437,0.06469506770372391,0.02860674075782299,0.02960631437599659
2024-03-03 00:24:32,애마는 시발 케이터햄을 만들어왔노,개병신팀 알론소때문에 빤다,13,13.0,애마는 시발 케이터햄을 만들어왔노 개병신팀 알론소때문에 빤다,애마는 시발 케이터햄을 만들어왔노 개병신팀 알론소때문에 빤다,0.09024319797754288,0.2585212290287018,0.17395804822444916,0.22878092527389526,0.049385830760002136,0.199110746383667
2024-03-03 00:24:33,몇초인지왜안보여주농,,13,13.0,몇초인지왜안보여주농 ,몇초인지왜안보여주농,0.14091062545776367,0.321883887052536,0.1813046634197235,0.15102519094944,0.04085319861769676,0.1640225052833557
2024-03-03 00:24:26,피트스탑 시간 보여쥬ㅓ,,13,13.0,피트스탑 시간 보여쥬ㅓ ,피트스탑 시간 보여쥬ㅓ,0.41800883412361145,0.20796817541122437,0.17750832438468933,0.08006632328033447,0.055785346776247025,0.06066305190324783
2024-03-03 00:24:34,피트인 초 안나옴 이제?,- dc official App,13,13.0,피트인 초 안나옴 이제? - dc official App,피트인 초 안나옴 이제? - dc official App,0.17294208705425262,0.2521052062511444,0.31164515018463135,0.10298512130975723,0.08463150262832642,0.07569089531898499
2024-03-03 00:24:36,알타리 또 병신 피트전략 시작이냐? 환장하겟네,,13,13.0,알타리 또 병신 피트전략 시작이냐? 환장하겟네 ,알타리 또 병신 피트전략 시작이냐? 환장하겟네,0.09529755264520645,0.27663901448249817,0.1497572809457779,0.2393820434808731,0.07805994153022766,0.1608641892671585
2024-03-03 00:24:37,핏스탑 타이머 왜 안나와,,13,13.0,핏스탑 타이머 왜 안나와 ,핏스탑 타이머 왜 안나와,0.14637421071529388,0.3201300799846649,0.1556139439344406,0.16256168484687805,0.0398787297308445,0.1754414141178131
2024-03-03 00:24:43,피트스탑 시간 왜안나옴,- dc official App,13,13.0,피트스탑 시간 왜안나옴 - dc official App,피트스탑 시간 왜안나옴 - dc official App,0.21157942712306976,0.2765797972679138,0.24915175139904022,0.11231882125139236,0.0463484451174736,0.10402170568704605
2024-03-03 00:24:44,그리드에서 제일 간지나는차랑 제일 좆같이 못생긴차 같이 보니까 씹,초록색 혐오스런 와꾸,13,13.0,그리드에서 제일 간지나는차랑 제일 좆같이 못생긴차 같이 보니까 씹 초록색 혐오스런 와꾸,그리드에서 제일 간지나는차랑 제일 좆같이 못생긴차 같이 보니까 씹 초록색 혐오스런 와꾸,0.14862170815467834,0.15683117508888245,0.14824356138706207,0.32979750633239746,0.05801299586892128,0.15849308669567108
2024-03-03 00:24:44,뉴이신 존나 잔인하네ㅋㅋ,"제로팟으로 성능을 그렇게 뽑으시면..  ㄷㄷ
이거 완전 코노 옆방 노래 뺏어부르기ㅋㅋ",13,13.0,"뉴이신 존나 잔인하네ㅋㅋ 제로팟으로 성능을 그렇게 뽑으시면..  ㄷㄷ
이거 완전 코노 옆방 노래 뺏어부르기ㅋㅋ",뉴이신 존나 잔인하네ㅋㅋ 제로팟으로 성능을 그렇게 뽑으시면.. ㄷㄷ 이거 완전 코노 옆방 노래 뺏어부르기ㅋㅋ,0.10603246092796326,0.2085433453321457,0.28942739963531494,0.18272408843040466,0.1255466341972351,0.08772609382867813
2024-03-03 00:24:46,메르 핏스탑 오래걸리네,"ㅅㅂ
- dc official App",13,13.0,"메르 핏스탑 오래걸리네 ㅅㅂ
- dc official App",메르 핏스탑 오래걸리네 ㅅㅂ,0.15507851541042328,0.21667347848415375,0.1033443957567215,0.264556884765625,0.03579992055892944,0.22454674541950226
2024-03-03 00:24:49,피드스탑 왜 시간 안 보여주냐,- dc official App,13,13.0,피드스탑 왜 시간 안 보여주냐 - dc official App,피드스탑 왜 시간 안 보여주냐 - dc official App,0.175666943192482,0.3109612762928009,0.16129034757614136,0.15320371091365814,0.035144221037626266,0.16373348236083984
2024-03-03 00:24:52,알핀 폰트 색깔 핑크 십ㅋㅋㅋ,진짜 좆같다,13,13.0,알핀 폰트 색깔 핑크 십ㅋㅋㅋ 진짜 좆같다,알핀 폰트 색깔 핑크 십ㅋㅋㅋ 진짜 좆같다,0.14105477929115295,0.22383518517017365,0.11958257853984833,0.3002350628376007,0.05245983600616455,0.16283248364925385
2024-03-03 00:24:56,러셀이 체코앞이네,,13,13.0,러셀이 체코앞이네 ,러셀이 체코앞이네,0.31409481167793274,0.24687549471855164,0.25051596760749817,0.07449517399072647,0.07292243838310242,0.04109610617160797
2024-03-03 00:25:05,랄부 츠ㄴ5다가자 ㅋㅋㅋ,ㄱㄱㄱㄱ,13,13.0,랄부 츠ㄴ5다가자 ㅋㅋㅋ ㄱㄱㄱㄱ,랄부 츠ㄴ5다가자 ㅋㅋㅋ ㄱㄱㄱㄱ,0.6928188800811768,0.11182202398777008,0.06993216276168823,0.05833738297224045,0.028742186725139618,0.03834737464785576
2024-03-03 00:25:05,좃뉴비 질문) 해밀턴 페라리 이적한거 아니였음?,왜 아직 벤쯔?,13,13.0,좃뉴비 질문) 해밀턴 페라리 이적한거 아니였음? 왜 아직 벤쯔?,좃뉴비 질문) 해밀턴 페라리 이적한거 아니였음? 왜 아직 벤쯔?,0.12911003828048706,0.20825228095054626,0.3624141216278076,0.125051349401474,0.09545844793319702,0.0797138437628746
2024-03-03 00:25:07,병끌 ㅋㅋㅋ,ㅋㅋㅋㅋ,13,13.0,병끌 ㅋㅋㅋ ㅋㅋㅋㅋ,병끌 ㅋㅋㅋ ㅋㅋㅋㅋ,0.6526176333427429,0.1336449384689331,0.08070885390043259,0.07025965303182602,0.026119451969861984,0.03664948046207428
2024-03-03 00:25:12,르끌 씹 ㅋㅋㅋㅋㅋㅋㅋ,,13,13.0,르끌 씹 ㅋㅋㅋㅋㅋㅋㅋ ,르끌 씹 ㅋㅋㅋㅋㅋㅋㅋ,0.12122081965208054,0.26424941420555115,0.12999361753463745,0.25737741589546204,0.05563880130648613,0.17151996493339539
2024-03-03 00:25:12,이 시발 자우버놈들,"프론트윙 교체 안함
- dc official App",13,13.0,"이 시발 자우버놈들 프론트윙 교체 안함
- dc official App",이 시발 자우버놈들 프론트윙 교체 안함,0.1526595950126648,0.22604243457317352,0.10702614486217499,0.26151561737060547,0.030838776379823685,0.22191746532917023
2024-03-03 00:25:13,미끌레 ~,,13,13.0,미끌레 ~ ,미끌레 ~,0.6798412203788757,0.11671934276819229,0.0772797018289566,0.06240478903055191,0.025176458060741425,0.03857841342687607
2024-03-03 00:25:16,미끌 ㅋㅋ,"ㅋㅋ
- dc official App",13,13.0,"미끌 ㅋㅋ ㅋㅋ
- dc official App",미끌 ㅋㅋ ㅋㅋ,0.6587939262390137,0.13105234503746033,0.08415154367685318,0.06554063409566879,0.025352071970701218,0.03510947898030281
2024-03-03 00:25:18,병신이네 ㅋㅋ,- dc official App,13,13.0,병신이네 ㅋㅋ - dc official App,병신이네 ㅋㅋ - dc official App,0.28599533438682556,0.24049533903598785,0.24974627792835236,0.11203370988368988,0.07035942375659943,0.041369806975126266
2024-03-03 00:25:18,르끌 멸망 ㅋㅋㅋㅋㅋ,,13,13.0,르끌 멸망 ㅋㅋㅋㅋㅋ ,르끌 멸망 ㅋㅋㅋㅋㅋ,0.17753912508487701,0.26466435194015503,0.1605336219072342,0.23479901254177094,0.06011747568845749,0.10234641283750534
2024-03-03 00:25:21,의외로 꾸준하게 잘 타고있는 새끼,"나름 포인트권 사수중 ㅋㅋ
- dc official App",13,13.0,"의외로 꾸준하게 잘 타고있는 새끼 나름 포인트권 사수중 ㅋㅋ
- dc official App",의외로 꾸준하게 잘 타고있는 새끼 나름 포인트권 사수중 ㅋㅋ,0.674038827419281,0.11925163120031357,0.06730721145868301,0.06008673086762428,0.033748239278793335,0.04556736350059509
2024-03-03 00:25:21,르끌도 같이 사인즈랑 손잡고 나가야할듯,왤케 못하냐,13,13.0,르끌도 같이 사인즈랑 손잡고 나가야할듯 왤케 못하냐,르끌도 같이 사인즈랑 손잡고 나가야할듯 왤케 못하냐,0.07796191424131393,0.28040075302124023,0.21061447262763977,0.16774670779705048,0.05687353014945984,0.20640262961387634
2024-03-03 00:25:21,르끌레 저새끼 저기서 자꾸 저러노,저기서 귀신 보냐??,13,13.0,르끌레 저새끼 저기서 자꾸 저러노 저기서 귀신 보냐??,르끌레 저새끼 저기서 자꾸 저러노 저기서 귀신 보냐??,0.1017490029335022,0.1952810287475586,0.2161029875278473,0.2755390703678131,0.08327382802963257,0.12805406749248505
2024-03-03 00:25:21,르끌 씹ㅋㅋㅋ,"허구한날 저기서나가노
- dc official App",13,13.0,"르끌 씹ㅋㅋㅋ 허구한날 저기서나가노
- dc official App",르끌 씹ㅋㅋㅋ 허구한날 저기서나가노,0.10843954235315323,0.23157528042793274,0.11490858346223831,0.27899500727653503,0.05667256936430931,0.20940904319286346
2024-03-03 00:25:21,르끌 ㅅㅂㅋㅋㅋㅋㅋㅋㅋㅋ,오늘 폼 뭐노 ㅋㅋㅋㅋㅋ,13,13.0,르끌 ㅅㅂㅋㅋㅋㅋㅋㅋㅋㅋ 오늘 폼 뭐노 ㅋㅋㅋㅋㅋ,르끌 ㅅㅂㅋㅋㅋㅋㅋㅋㅋㅋ 오늘 폼 뭐노 ㅋㅋㅋㅋㅋ,0.12848173081874847,0.30988645553588867,0.1341550201177597,0.2187853455543518,0.062354911118745804,0.14633654057979584
2024-03-03 00:25:21,르끌 정줄 놨냐? ㅋㅋ,,13,13.0,르끌 정줄 놨냐? ㅋㅋ ,르끌 정줄 놨냐? ㅋㅋ,0.10299281030893326,0.20993489027023315,0.2666287422180176,0.22854918241500854,0.07980053871870041,0.11209389567375183
2024-03-03 00:25:21,아진짜 저개씨발 비호감새끼 언제까지 지랄하는거임?,- dc official App,13,13.0,아진짜 저개씨발 비호감새끼 언제까지 지랄하는거임? - dc official App,아진짜 저개씨발 비호감새끼 언제까지 지랄하는거임? - dc official App,0.159612774848938,0.16370633244514465,0.127020001411438,0.3174915313720703,0.045088328421115875,0.1870809644460678
2024-03-03 00:25:21,르끌 오늘만 세번째임?,,13,13.0,르끌 오늘만 세번째임? ,르끌 오늘만 세번째임?,0.10528848320245743,0.3431139886379242,0.13530701398849487,0.1641293466091156,0.06852968782186508,0.18363146483898163
2024-03-03 00:25:22,저게 .. 퍼스트..?,ㅅㅂㅋㅋㅋㅋ,13,13.0,저게 .. 퍼스트..? ㅅㅂㅋㅋㅋㅋ,저게 .. 퍼스트..? ㅅㅂㅋㅋㅋㅋ,0.08524535596370697,0.24867622554302216,0.20750249922275543,0.2162083089351654,0.09157586842775345,0.15079176425933838
2024-03-03 00:25:22,르끌 ㅄ ㅋㅋㅋㅋㅋㅋㅋㅋㅋㅋㅋㅋㅋㅋㅋㅋㅋㅋㅋ,가지가지하네,13,13.0,르끌 ㅄ ㅋㅋㅋㅋㅋㅋㅋㅋㅋㅋㅋㅋㅋㅋㅋㅋㅋㅋㅋ 가지가지하네,르끌 ㅄ ㅋㅋㅋㅋㅋㅋㅋㅋㅋㅋㅋㅋㅋㅋㅋㅋㅋㅋㅋ 가지가지하네,0.13180050253868103,0.21465201675891876,0.17605407536029816,0.28794270753860474,0.07408457249403,0.11546611785888672
2024-03-03 00:25:23,이러다가 르끌 5초 받는거 아니냐,자꾸 나가네,13,13.0,이러다가 르끌 5초 받는거 아니냐 자꾸 나가네,이러다가 르끌 5초 받는거 아니냐 자꾸 나가네,0.09113994240760803,0.3393283486366272,0.18324817717075348,0.13714557886123657,0.07168485224246979,0.1774531751871109
2024-03-03 00:25:23,르끌레르 왜케 못하노 ㅋㅋ,,13,13.0,르끌레르 왜케 못하노 ㅋㅋ ,르끌레르 왜케 못하노 ㅋㅋ,0.09589746594429016,0.27009764313697815,0.3155060410499573,0.14747267961502075,0.08703596889972687,0.083990179002285
2024-03-03 00:25:24,러셀 드가자,,13,13.0,러셀 드가자 ,러셀 드가자,0.6871516108512878,0.11549928039312363,0.07599814236164093,0.05381568893790245,0.029384952038526535,0.038150377571582794
2024-03-03 00:25:26,르클술마심?,미치년이다,13,13.0,르클술마심? 미치년이다,르클술마심? 미치년이다,0.11684906482696533,0.16613036394119263,0.26089486479759216,0.2461336851119995,0.07505202293395996,0.1349399983882904
2024-03-03 00:25:27,르끄레 잘하는거맞음??,넘심한데 ㄹㅇㅋㅋ,13,13.0,르끄레 잘하는거맞음?? 넘심한데 ㄹㅇㅋㅋ,르끄레 잘하는거맞음?? 넘심한데 ㄹㅇㅋㅋ,0.08898423612117767,0.25032374262809753,0.2924366891384125,0.15392976999282837,0.11545015871524811,0.09887543320655823
2024-03-03 00:25:27,씹끌레르 ㅋㅋㅋㅋ,"그저 좆
- dc official App",13,13.0,"씹끌레르 ㅋㅋㅋㅋ 그저 좆
- dc official App",씹끌레르 ㅋㅋㅋㅋ 그저 좆,0.14732655882835388,0.23786842823028564,0.15395411849021912,0.2704251706600189,0.06969285011291504,0.12073288857936859
2024-03-03 00:25:29,미끌~,,13,13.0,미끌~ ,미끌~,0.583040177822113,0.16579489409923553,0.08790059387683868,0.0838644802570343,0.030042598024010658,0.04935726523399353
2024-03-03 00:25:31,르끌럭 차문제 아니냐,하,13,13.0,르끌럭 차문제 아니냐 하,르끌럭 차문제 아니냐 하,0.08205998688936234,0.2265433818101883,0.18317343294620514,0.1819012612104416,0.05174623057246208,0.2745756506919861
2024-03-03 00:25:32,다 빨리 피트하는구먼,,13,13.0,다 빨리 피트하는구먼 ,다 빨리 피트하는구먼,0.33813098073005676,0.23316241800785065,0.22918081283569336,0.07637562602758408,0.07706763595342636,0.046082526445388794
2024-03-03 00:25:32,르끌 저 병신 음주운전임 ? 저새끼 머함 ?,ㅋㅋㅋㅋㅋㅋ,13,13.0,르끌 저 병신 음주운전임 ? 저새끼 머함 ? ㅋㅋㅋㅋㅋㅋ,르끌 저 병신 음주운전임 ? 저새끼 머함 ? ㅋㅋㅋㅋㅋㅋ,0.09277412295341492,0.1738908290863037,0.2742837071418762,0.2387395203113556,0.10205601900815964,0.11825574189424515
2024-03-03 00:25:33,르끌 맛탱이 가버렸노,시발 진짜ㅋㅋㅋㅋ,13,13.0,르끌 맛탱이 가버렸노 시발 진짜ㅋㅋㅋㅋ,르끌 맛탱이 가버렸노 시발 진짜ㅋㅋㅋㅋ,0.08417985588312149,0.22802114486694336,0.136313796043396,0.2654554545879364,0.06770437210798264,0.21832536160945892
2024-03-03 00:25:35,사인츠 르끌 휠투휠 짤쪄줄사람,웅,13,13.0,사인츠 르끌 휠투휠 짤쪄줄사람 웅,사인츠 르끌 휠투휠 짤쪄줄사람 웅,0.5064978003501892,0.17813129723072052,0.12079858779907227,0.08442377299070358,0.04760994762182236,0.06253860890865326
2024-03-03 00:25:35,르끌 경기력 줜내 실망스럽네 차에 뭔 문제있나,ㄹㅇ 우리 애새끼 왜저래,13,13.0,르끌 경기력 줜내 실망스럽네 차에 뭔 문제있나 ㄹㅇ 우리 애새끼 왜저래,르끌 경기력 줜내 실망스럽네 차에 뭔 문제있나 ㄹㅇ 우리 애새끼 왜저래,0.07525388151407242,0.2747461199760437,0.16442210972309113,0.22395218908786774,0.05287196859717369,0.20875373482704163
2024-03-03 00:25:35,작년 알론소 보고 감명깊었나봄,저걸 ㅋㅋ,13,13.0,작년 알론소 보고 감명깊었나봄 저걸 ㅋㅋ,작년 알론소 보고 감명깊었나봄 저걸 ㅋㅋ,0.2527270019054413,0.22750712931156158,0.3054870367050171,0.09904754161834717,0.07915657013654709,0.03607475012540817
2024-03-03 00:25:38,점마 헬멧 벗겨봐라,,13,13.0,점마 헬멧 벗겨봐라 ,점마 헬멧 벗겨봐라,0.12055264413356781,0.1702512949705124,0.3138599991798401,0.19179001450538635,0.11285614222288132,0.09068987518548965
2024-03-03 00:25:39,르클은 그냥 페라리에서 주는 슈퍼카 타면서,"모나코에서 여자나 만날라고 저거 하는듯
성장이 없음
- dc official App",13,13.0,"르클은 그냥 페라리에서 주는 슈퍼카 타면서 모나코에서 여자나 만날라고 저거 하는듯
성장이 없음
- dc official App",르클은 그냥 페라리에서 주는 슈퍼카 타면서 모나코에서 여자나 만날라고 저거 하는듯 성장이 없음,0.07173319160938263,0.2559359669685364,0.2394738495349884,0.16320715844631195,0.07693728059530258,0.19271253049373627
2024-03-03 00:25:39,무서운이야기) 프런트윙깨진 자우버 > 알핀,헉,13,13.0,무서운이야기) 프런트윙깨진 자우버 > 알핀 헉,무서운이야기) 프런트윙깨진 자우버 > 알핀 헉,0.1479550302028656,0.1917857527732849,0.34482520818710327,0.12951558828353882,0.11906475573778152,0.06685367971658707
2024-03-03 00:25:45,노리스 플랜B는 뭘까,미디움 가나,14,14.0,노리스 플랜B는 뭘까 미디움 가나,노리스 플랜B는 뭘까 미디움 가나,0.2855185568332672,0.23358649015426636,0.2673390805721283,0.08275923132896423,0.0686023011803627,0.062194328755140305
2024-03-03 00:25:46,"자, 여러분이 만약 바수르라면?",이제 누가 퍼스트지?,14,14.0,"자, 여러분이 만약 바수르라면? 이제 누가 퍼스트지?","자, 여러분이 만약 바수르라면? 이제 누가 퍼스트지?",0.21582059562206268,0.24066224694252014,0.29635190963745117,0.09139639139175415,0.0965328961610794,0.05923599749803543
2024-03-03 00:25:49,쿠플 서드파티 앱 없음?,비트레이트 올리고 싶은데,14,14.0,쿠플 서드파티 앱 없음? 비트레이트 올리고 싶은데,쿠플 서드파티 앱 없음? 비트레이트 올리고 싶은데,0.3352920114994049,0.2294880598783493,0.2125684916973114,0.08681433647871017,0.06598140299320221,0.06985563784837723
2024-03-03 00:25:51,쥬지 나이스,ㅇ,14,14.0,쥬지 나이스 ㅇ,쥬지 나이스 ㅇ,0.7051275968551636,0.10897636413574219,0.06920090317726135,0.052627600729465485,0.026964832097291946,0.037102751433849335
2024-03-03 00:25:54,"페라리: [동사]1.망하다, 2.근거없이 설레다, [부사]협동하지 않는.",에휴,14,14.0,"페라리: [동사]1.망하다, 2.근거없이 설레다, [부사]협동하지 않는. 에휴","페라리: [동사]1.망하다, 2.근거없이 설레다, [부사]협동하지 않는. 에휴",0.07259486615657806,0.27954593300819397,0.18917956948280334,0.17444954812526703,0.06849008798599243,0.21574001014232635
2024-03-03 00:25:55,르끌 한잔 함?,미끌레 입갤ㅋㅋㅋ,14,14.0,르끌 한잔 함? 미끌레 입갤ㅋㅋㅋ,르끌 한잔 함? 미끌레 입갤ㅋㅋㅋ,0.6667498350143433,0.1244945302605629,0.08749275654554367,0.05793764069676399,0.03004603460431099,0.03327921777963638
2024-03-03 00:25:56,좋은 쥬지다,,14,14.0,좋은 쥬지다 ,좋은 쥬지다,0.6712755560874939,0.12879762053489685,0.06616391241550446,0.05390303581953049,0.028889300301671028,0.05097050592303276
2024-03-03 00:25:57,락끌레르 였노 ㅋㅋ,락 존나 거네,14,14.0,락끌레르 였노 ㅋㅋ 락 존나 거네,락끌레르 였노 ㅋㅋ 락 존나 거네,0.16563533246517181,0.26882439851760864,0.292973130941391,0.11913184821605682,0.09857368469238281,0.05486166849732399
2024-03-03 00:25:57,1년내내 이런 레드불우승만 봐야한다고 생각하니까,씨발 올해도 망했네,14,14.0,1년내내 이런 레드불우승만 봐야한다고 생각하니까 씨발 올해도 망했네,1년내내 이런 레드불우승만 봐야한다고 생각하니까 씨발 올해도 망했네,0.1049596518278122,0.2178887277841568,0.12231903523206711,0.21424001455307007,0.06124964728951454,0.2793429493904114
2024-03-03 00:25:59,사전트 1분 ㅋㅋ,,14,14.0,사전트 1분 ㅋㅋ ,사전트 1분 ㅋㅋ,0.6234481334686279,0.14662770926952362,0.08403700590133667,0.07336118072271347,0.02881014347076416,0.04371587932109833
2024-03-03 00:26:00,대쥬지ㅋㅋㅋㅋ,ㅋㅋㅋㅋ,14,14.0,대쥬지ㅋㅋㅋㅋ ㅋㅋㅋㅋ,대쥬지ㅋㅋㅋㅋ ㅋㅋㅋㅋ,0.7032333612442017,0.11214611679315567,0.07028782367706299,0.05486779659986496,0.024866225197911263,0.03459871560335159
2024-03-03 00:26:03,ㅋㅋㅋㅋ 그냥 르끌레 엠창병신같이 타는데?ㅋㅋㅋ,차탓 전략탓 못할정도로 추잡하게 못탐ㅋㅋ,14,14.0,ㅋㅋㅋㅋ 그냥 르끌레 엠창병신같이 타는데?ㅋㅋㅋ 차탓 전략탓 못할정도로 추잡하게 못탐ㅋㅋ,ㅋㅋㅋㅋ 그냥 르끌레 엠창병신같이 타는데?ㅋㅋㅋ 차탓 전략탓 못할정도로 추잡하게 못탐ㅋㅋ,0.08614224940538406,0.2439950406551361,0.20361754298210144,0.2405996471643448,0.09209909290075302,0.13354644179344177
2024-03-03 00:26:03,근카도는 나가라,대 자 지,14,14.0,근카도는 나가라 대 자 지,근카도는 나가라 대 자 지,0.1645040661096573,0.22195272147655487,0.13725358247756958,0.2722533047199249,0.07276809215545654,0.1312682330608368
2024-03-03 00:26:04,f1 처음보는데 원래 1위는 카메라 안 잡아줌?,아무리 그래도 1위로 달리고 있는데 완전 없는 놈 취급하는데,14,14.0,f1 처음보는데 원래 1위는 카메라 안 잡아줌? 아무리 그래도 1위로 달리고 있는데 완전 없는 놈 취급하는데,f1 처음보는데 원래 1위는 카메라 안 잡아줌? 아무리 그래도 1위로 달리고 있는데 완전 없는 놈 취급하는데,0.07633862644433975,0.31799787282943726,0.1682579666376114,0.1715569794178009,0.08562548458576202,0.18022306263446808
2024-03-03 00:26:05,이제 왔는데 르끌 무슨 일인가요?,"순위 왜 저 모양??
타코도 왜 저기?",14,14.0,"이제 왔는데 르끌 무슨 일인가요? 순위 왜 저 모양??
타코도 왜 저기?",이제 왔는데 르끌 무슨 일인가요? 순위 왜 저 모양?? 타코도 왜 저기?,0.08826673775911331,0.32412269711494446,0.1875326931476593,0.16541583836078644,0.06643440574407578,0.16822753846645355
2024-03-03 00:26:06,사전트 1분 ㅋㅋㅋㅋㅋㅋ,,14,14.0,사전트 1분 ㅋㅋㅋㅋㅋㅋ ,사전트 1분 ㅋㅋㅋㅋㅋㅋ,0.6196590662002563,0.14875103533267975,0.08862210065126419,0.07295024394989014,0.029139326885342598,0.04087819531559944
2024-03-03 00:26:07,페라리의 문제점..,"이번에 입문했는데 페라리는 원래 그렇지라는 반응이 많은데
페라리 문제점 예시 들면서 설명해주실 분..",14,14.0,"페라리의 문제점.. 이번에 입문했는데 페라리는 원래 그렇지라는 반응이 많은데
페라리 문제점 예시 들면서 설명해주실 분..",페라리의 문제점.. 이번에 입문했는데 페라리는 원래 그렇지라는 반응이 많은데 페라리 문제점 예시 들면서 설명해주실 분..,0.1281234472990036,0.24516209959983826,0.3116455674171448,0.11431760340929031,0.11132993549108505,0.0894213318824768
2024-03-03 00:26:08,언더컷좆망서킷 아님?,막스머함,14,14.0,언더컷좆망서킷 아님? 막스머함,언더컷좆망서킷 아님? 막스머함,0.09002181142568588,0.23053449392318726,0.3537587523460388,0.1382494568824768,0.08211009949445724,0.10532528907060623
2024-03-03 00:26:11,저 모나코 새끼 쫒아내고 산탄데르 스폰서 유지하자 좆라리야 ㅋㅋㅋㅋㅋ,저놈 때메 산탄데르 스폰 날라가네 ㅋㅋㅋㅋㅋ,14,14.0,저 모나코 새끼 쫒아내고 산탄데르 스폰서 유지하자 좆라리야 ㅋㅋㅋㅋㅋ 저놈 때메 산탄데르 스폰 날라가네 ㅋㅋㅋㅋㅋ,저 모나코 새끼 쫒아내고 산탄데르 스폰서 유지하자 좆라리야 ㅋㅋㅋㅋㅋ 저놈 때메 산탄데르 스폰 날라가네 ㅋㅋㅋㅋㅋ,0.11098965257406235,0.20769977569580078,0.158254012465477,0.2797812223434448,0.0869448333978653,0.15633055567741394
2024-03-03 00:26:13,아오 딸깍충 좀 꺼져ㅠㅠ,시발,14,14.0,아오 딸깍충 좀 꺼져ㅠㅠ 시발,아오 딸깍충 좀 꺼져ㅠㅠ 시발,0.1535826325416565,0.16897739470005035,0.12228835374116898,0.3269328474998474,0.044345200061798096,0.18387363851070404
2024-03-03 00:26:15,카메라가 바뀌었나 차들이 더 빨라보이노,,14,14.0,카메라가 바뀌었나 차들이 더 빨라보이노 ,카메라가 바뀌었나 차들이 더 빨라보이노,0.12968072295188904,0.2381637990474701,0.3495325744152069,0.11250006407499313,0.10222427546977997,0.06789854168891907
2024-03-03 00:26:15,핏스탑 몇초 걸렸는지 알려줘 ㅅㅂ,왜 안보여줘,14,14.0,핏스탑 몇초 걸렸는지 알려줘 ㅅㅂ 왜 안보여줘,핏스탑 몇초 걸렸는지 알려줘 ㅅㅂ 왜 안보여줘,0.14415213465690613,0.25045105814933777,0.10838446021080017,0.2393665611743927,0.03316047415137291,0.2244853526353836
2024-03-03 00:26:16,황라렌 핏스탑 좋았다~,,14,14.0,황라렌 핏스탑 좋았다~ ,황라렌 핏스탑 좋았다~,0.7032040357589722,0.11313475668430328,0.058357689529657364,0.055350322276353836,0.023954933509230614,0.0459982231259346
2024-03-03 00:26:17,포디움->막페쥬,이거냐?,14,14.0,포디움->막페쥬 이거냐?,포디움->막페쥬 이거냐?,0.2552494406700134,0.21681228280067444,0.30732429027557373,0.09772780537605286,0.062174923717975616,0.06071126461029053
2024-03-03 00:26:23,너이스 러셀,,14,14.0,너이스 러셀 ,너이스 러셀,0.6435859203338623,0.12457453459501266,0.10795719921588898,0.06207085773348808,0.026485368609428406,0.03532617166638374
2024-03-03 00:26:26,대레즈 ㄷㄷㄷㄷ,,14,14.0,대레즈 ㄷㄷㄷㄷ ,대레즈 ㄷㄷㄷㄷ,0.1432865560054779,0.20220324397087097,0.3441174030303955,0.12950950860977173,0.12166877835988998,0.059214528650045395
2024-03-03 00:26:27,오늘 르끌 진짜 뭐임?,락끌 실화냐? 몇번이야,14,14.0,오늘 르끌 진짜 뭐임? 락끌 실화냐? 몇번이야,오늘 르끌 진짜 뭐임? 락끌 실화냐? 몇번이야,0.11453354358673096,0.2415986806154251,0.31673815846443176,0.12851177155971527,0.11018997430801392,0.08842784911394119
2024-03-03 00:26:30,씹 ㅋㅋㅋㅋ,,14,14.0,씹 ㅋㅋㅋㅋ ,씹 ㅋㅋㅋㅋ,0.20013906061649323,0.2533237636089325,0.18249447643756866,0.19806250929832458,0.08397414535284042,0.0820060446858406
2024-03-03 00:26:31,내년 최악의 조합.jpg,병신 조합 ㅋㅋㅋ,14,14.0,내년 최악의 조합.jpg 병신 조합 ㅋㅋㅋ,내년 최악의 조합.jpg 병신 조합 ㅋㅋㅋ,0.1112055703997612,0.2557773292064667,0.16609632968902588,0.25313082337379456,0.0710441842675209,0.14274583756923676
2024-03-03 00:26:32,아오 ㅋㅋㅋㅋㅋㅋㅋㅋ,,14,14.0,아오 ㅋㅋㅋㅋㅋㅋㅋㅋ ,아오 ㅋㅋㅋㅋㅋㅋㅋㅋ,0.6654863953590393,0.13141140341758728,0.0803074762225151,0.06313186883926392,0.02436281368136406,0.03530002757906914
2024-03-03 00:26:33,맥라렌도 왤케 느리냐,아니 씨발 너네가 레드불 따라잡아야지,14,14.0,맥라렌도 왤케 느리냐 아니 씨발 너네가 레드불 따라잡아야지,맥라렌도 왤케 느리냐 아니 씨발 너네가 레드불 따라잡아야지,0.09722822904586792,0.23178265988826752,0.141253262758255,0.2756347954273224,0.04043058678507805,0.21367046236991882
2024-03-03 00:26:34,레츠고 체코 ㅋㅋㅋㅋㅋㅋ,,14,14.0,레츠고 체코 ㅋㅋㅋㅋㅋㅋ ,레츠고 체코 ㅋㅋㅋㅋㅋㅋ,0.6124467849731445,0.14325641095638275,0.0984867513179779,0.08007302135229111,0.028526829555630684,0.03721020370721817
2024-03-03 00:26:36,츠노다 혹시 오늘도 안 들여보내주다가 쭉 밀리나?,알타리 때 그런 거 너무 많이 봤는데,14,14.0,츠노다 혹시 오늘도 안 들여보내주다가 쭉 밀리나? 알타리 때 그런 거 너무 많이 봤는데,츠노다 혹시 오늘도 안 들여보내주다가 쭉 밀리나? 알타리 때 그런 거 너무 많이 봤는데,0.0913752019405365,0.2674283981323242,0.28169864416122437,0.12353680282831192,0.12144134193658829,0.1145196184515953
2024-03-03 00:26:38,레드불 페이스 압도적이네,,14,14.0,레드불 페이스 압도적이네 ,레드불 페이스 압도적이네,0.40300536155700684,0.20713216066360474,0.21378593146800995,0.07377365231513977,0.06392036378383636,0.03838254511356354
2024-03-03 00:26:38,저정도면 차문제 있는거 아니냐,"이게 맞냐 미끌아
- dc official App",14,14.0,"저정도면 차문제 있는거 아니냐 이게 맞냐 미끌아
- dc official App",저정도면 차문제 있는거 아니냐 이게 맞냐 미끌아,0.07683627307415009,0.25151127576828003,0.26352399587631226,0.15653684735298157,0.07999701797962189,0.17159460484981537
2024-03-03 00:26:41,결국 렏불 원투,에휴,14,14.0,결국 렏불 원투 에휴,결국 렏불 원투 에휴,0.10133102536201477,0.26717865467071533,0.14766430854797363,0.17197765409946442,0.06974706798791885,0.2421012818813324
2024-03-03 00:26:43,추월 지리노,ㅋㅋ,14,14.0,추월 지리노 ㅋㅋ,추월 지리노 ㅋㅋ,0.46999499201774597,0.1755007952451706,0.199072003364563,0.07246307283639908,0.05159930884838104,0.031369760632514954
2024-03-03 00:26:43,같은차 타는놈은 저어기 위에 혼자 놀고있는데,딸깍충 ㅅㅂ,14,14.0,같은차 타는놈은 저어기 위에 혼자 놀고있는데 딸깍충 ㅅㅂ,같은차 타는놈은 저어기 위에 혼자 놀고있는데 딸깍충 ㅅㅂ,0.13352492451667786,0.17789104580879211,0.11674792319536209,0.3230210542678833,0.04434254392981529,0.20447246730327606
2024-03-03 00:26:45,rb20 밀이되냐,,14,14.0,rb20 밀이되냐 ,rb20 밀이되냐,0.10676857829093933,0.21823829412460327,0.3017140328884125,0.1773073524236679,0.06525737792253494,0.13071441650390625
2024-03-03 00:26:52,레드불 차가 사기네 ㅋㅋㅋㅋㅋㅋㅋㅋㅋ,러셀 그냥 따이노,14,14.0,레드불 차가 사기네 ㅋㅋㅋㅋㅋㅋㅋㅋㅋ 러셀 그냥 따이노,레드불 차가 사기네 ㅋㅋㅋㅋㅋㅋㅋㅋㅋ 러셀 그냥 따이노,0.09679359942674637,0.32865598797798157,0.23251424729824066,0.14783042669296265,0.06880302727222443,0.12540273368358612
2024-03-03 00:26:53,경기 끝날때 +40초 가겠노,,14,14.0,경기 끝날때 +40초 가겠노 ,경기 끝날때 +40초 가겠노,0.1391027569770813,0.3287464678287506,0.2577127516269684,0.10290156304836273,0.10044921934604645,0.07108724862337112
2024-03-03 00:26:55,레드불 전승하겠는데,정확힌 막스 전승,14,14.0,레드불 전승하겠는데 정확힌 막스 전승,레드불 전승하겠는데 정확힌 막스 전승,0.46040502190589905,0.1916000247001648,0.17868007719516754,0.07191701233386993,0.056165676563978195,0.041232217103242874
2024-03-03 00:27:03,르클 오늘 생리 변명 말고는 답 없다,"사인츠 랑 물탕이 조합이 답이다
정으로 팀 운영하지마라
- dc official App",14,14.0,"르클 오늘 생리 변명 말고는 답 없다 사인츠 랑 물탕이 조합이 답이다
정으로 팀 운영하지마라
- dc official App",르클 오늘 생리 변명 말고는 답 없다 사인츠 랑 물탕이 조합이 답이다 정으로 팀 운영하지마라,0.07100778818130493,0.27938443422317505,0.2307887226343155,0.13640986382961273,0.07763230800628662,0.20477692782878876
2024-03-03 00:27:03,"""딸깍""",어 형이야,14,14.0,"""딸깍"" 어 형이야","""딸깍"" 어 형이야",0.6217094659805298,0.1437879353761673,0.09132110327482224,0.06314253062009811,0.03785254806280136,0.04218636453151703
2024-03-03 00:27:04,걍 보내주자,"이건 아닌거같다 ㅇㅇ
RB20 존나빠름",14,14.0,"걍 보내주자 이건 아닌거같다 ㅇㅇ
RB20 존나빠름",걍 보내주자 이건 아닌거같다 ㅇㅇ RB20 존나빠름,0.0874079093337059,0.3104914128780365,0.18000046908855438,0.1602868288755417,0.09037932008504868,0.17143404483795166
2024-03-03 00:27:04,사인지를 버리고 미끌레를 씹ㅋㅋㅋㅋㅋㅋㅋㅋㅋㅋㅋㅋ,똥라리,14,14.0,사인지를 버리고 미끌레를 씹ㅋㅋㅋㅋㅋㅋㅋㅋㅋㅋㅋㅋ 똥라리,사인지를 버리고 미끌레를 씹ㅋㅋㅋㅋㅋㅋㅋㅋㅋㅋㅋㅋ 똥라리,0.11332772672176361,0.23929455876350403,0.24096165597438812,0.20517633855342865,0.09715230017900467,0.10408750921487808
2024-03-03 00:27:05,체코 이즈 어 레전드,"ㅇㅇ
- dc official App",14,14.0,"체코 이즈 어 레전드 ㅇㅇ
- dc official App",체코 이즈 어 레전드 ㅇㅇ,0.7099255323410034,0.11584163457155228,0.0607764795422554,0.05127021297812462,0.025419188663363457,0.03676685318350792
2024-03-03 00:27:06,체코 이제 정신좀 차렸나,짤리기 싫어서 발악중? ㅇㅇ,14,14.0,체코 이제 정신좀 차렸나 짤리기 싫어서 발악중? ㅇㅇ,체코 이제 정신좀 차렸나 짤리기 싫어서 발악중? ㅇㅇ,0.07979843765497208,0.21086075901985168,0.2986355125904083,0.1694296896457672,0.12382480502128601,0.11745079606771469
2024-03-03 00:27:06,시발 미끌이랑 병신이랑 몸 바뀜?,병끌 뭐하냐고,14,14.0,시발 미끌이랑 병신이랑 몸 바뀜? 병끌 뭐하냐고,시발 미끌이랑 병신이랑 몸 바뀜? 병끌 뭐하냐고,0.08043098449707031,0.23298759758472443,0.15725645422935486,0.2741284668445587,0.06200971081852913,0.19318678975105286
2024-03-03 00:27:12,막가놈때문에 재미없으면 개추,ㅇㄷㄴㅂㅌ,14,14.0,막가놈때문에 재미없으면 개추 ㅇㄷㄴㅂㅌ,막가놈때문에 재미없으면 개추 ㅇㄷㄴㅂㅌ,0.20975443720817566,0.2707939147949219,0.15468387305736542,0.19596675038337708,0.07075092196464539,0.09805009514093399
2024-03-03 00:27:14,사전트야 백마커 어뢰 슬슬 준비하자....,2024시즌 락스타 한번 되보자!,14,14.0,사전트야 백마커 어뢰 슬슬 준비하자.... 2024시즌 락스타 한번 되보자!,사전트야 백마커 어뢰 슬슬 준비하자.... 2024시즌 락스타 한번 되보자!,0.6311372518539429,0.13233275711536407,0.08912169933319092,0.06661327183246613,0.03802865743637085,0.04276631027460098
2024-03-03 00:27:19,체코 부활가나요?,사기차타고 드챔 2연콩 가능?,14,14.0,체코 부활가나요? 사기차타고 드챔 2연콩 가능?,체코 부활가나요? 사기차타고 드챔 2연콩 가능?,0.3928055763244629,0.19545121490955353,0.21926724910736084,0.07752799242734909,0.06975974142551422,0.045188214629888535
2024-03-03 00:27:19,작년보다 더 씹사기차를 만들어놨노 레드불은 ㅋㅋ,제로팟으로 쳐망한 팀들은 대체 뭐가 되는거노?,14,14.0,작년보다 더 씹사기차를 만들어놨노 레드불은 ㅋㅋ 제로팟으로 쳐망한 팀들은 대체 뭐가 되는거노?,작년보다 더 씹사기차를 만들어놨노 레드불은 ㅋㅋ 제로팟으로 쳐망한 팀들은 대체 뭐가 되는거노?,0.07196719944477081,0.24606645107269287,0.18997542560100555,0.20831298828125,0.051865480840206146,0.23181232810020447
2024-03-03 00:27:24,의외로 애마가 힘을 못쓰네,"막 엄청 세고 그런 느낌까진 아닌데?
- dc official App",15,15.0,"의외로 애마가 힘을 못쓰네 막 엄청 세고 그런 느낌까진 아닌데?
- dc official App",의외로 애마가 힘을 못쓰네 막 엄청 세고 그런 느낌까진 아닌데?,0.12028741091489792,0.23358385264873505,0.3652806580066681,0.10710306465625763,0.10350910574197769,0.07023593038320541
2024-03-03 00:27:24,올해 어뢰없으면 ㄹㅇ 전승우승 가능한거 아니냐,rb20 심상치않은데,15,15.0,올해 어뢰없으면 ㄹㅇ 전승우승 가능한거 아니냐 rb20 심상치않은데,올해 어뢰없으면 ㄹㅇ 전승우승 가능한거 아니냐 rb20 심상치않은데,0.15418195724487305,0.21712714433670044,0.3403913974761963,0.10403620451688766,0.11949125677347183,0.06477206200361252
2024-03-03 00:27:28,음악방송임? ㅋㅋㅋㅋ,,15,15.0,음악방송임? ㅋㅋㅋㅋ ,음악방송임? ㅋㅋㅋㅋ,0.2632603645324707,0.2507740557193756,0.2607346177101135,0.10052632540464401,0.07255105674266815,0.05215361341834068
2024-03-03 00:27:31,오케이 완투,레스꼬,15,15.0,오케이 완투 레스꼬,오케이 완투 레스꼬,0.6243529915809631,0.12711617350578308,0.11709984391927719,0.06898770481348038,0.026414528489112854,0.03602874279022217
2024-03-03 00:27:32,알비투엔티 시벌 더빨라졌네 ㅋㅋㅋㅋㅋ,와,15,15.0,알비투엔티 시벌 더빨라졌네 ㅋㅋㅋㅋㅋ 와,알비투엔티 시벌 더빨라졌네 ㅋㅋㅋㅋㅋ 와,0.35732489824295044,0.19234266877174377,0.2368112951517105,0.09286224842071533,0.07739772647619247,0.04326119273900986
2024-03-03 00:27:33,유키 뽁스뽁스,,15,15.0,유키 뽁스뽁스 ,유키 뽁스뽁스,0.6794425845146179,0.11889546364545822,0.08285722136497498,0.06119321659207344,0.022750141099095345,0.03486132621765137
2024-03-03 00:27:36,아니 애마 병신들아 왜 안들어가,,15,15.0,아니 애마 병신들아 왜 안들어가 ,아니 애마 병신들아 왜 안들어가,0.13042190670967102,0.2455919235944748,0.14101368188858032,0.281494140625,0.06999465078115463,0.13148368895053864
2024-03-03 00:27:36,츠노다 들어갔다,,15,15.0,츠노다 들어갔다 ,츠노다 들어갔다,0.5304451584815979,0.18009251356124878,0.10788627713918686,0.08922086656093597,0.036054037511348724,0.05630112811923027
2024-03-03 00:27:37,시간내놔,,15,15.0,시간내놔 ,시간내놔,0.3013940751552582,0.2554037272930145,0.11503684520721436,0.14381952583789825,0.04009348899126053,0.14425230026245117
2024-03-03 00:27:37,이번엔 카메라 360도턴 안하네,ㅋㅋ,15,15.0,이번엔 카메라 360도턴 안하네 ㅋㅋ,이번엔 카메라 360도턴 안하네 ㅋㅋ,0.16594746708869934,0.2725243866443634,0.30310773849487305,0.11328308284282684,0.0772155150771141,0.06792178750038147
2024-03-03 00:27:39,시간 좀 알려줘라 시발롬들아,UI 씨발 일 안해??,15,15.0,시간 좀 알려줘라 시발롬들아 UI 씨발 일 안해??,시간 좀 알려줘라 시발롬들아 UI 씨발 일 안해??,0.14451611042022705,0.23492245376110077,0.09914340823888779,0.28591540455818176,0.03409570828080177,0.20140685141086578
2024-03-03 00:27:41,카메라 왤케 흔듬,음방인줄,15,15.0,카메라 왤케 흔듬 음방인줄,카메라 왤케 흔듬 음방인줄,0.10699570924043655,0.34333834052085876,0.21619586646556854,0.14315204322338104,0.0728236511349678,0.1174943745136261
2024-03-03 00:27:41,트랙 바닥에 카메라 설치한거임?,"차들이 걍 카메라 위로 지나가는데 트랙에 되게 작은 카메라 설치한거임?
뉴비라 잘 모름
- dc official App",15,15.0,"트랙 바닥에 카메라 설치한거임? 차들이 걍 카메라 위로 지나가는데 트랙에 되게 작은 카메라 설치한거임?
뉴비라 잘 모름
- dc official App",트랙 바닥에 카메라 설치한거임? 차들이 걍 카메라 위로 지나가는데 트랙에 되게 작은 카메라 설치한거임? 뉴비라 잘 모름,0.15045346319675446,0.2246357500553131,0.3451577425003052,0.11254040896892548,0.0955851674079895,0.07162745296955109
2024-03-03 00:27:49,"진짜 어떻게 딱 좆끌레, 좆물탕 둘이서 쌍으로 개병신짓 중이냐","숏런 원툴 퍼스트 호소인
포디움 차 타고 딸각쇼도 못하는 퇴물새끼
2025, 2026 페라리 미래 기대된다!!",15,15.0,"진짜 어떻게 딱 좆끌레, 좆물탕 둘이서 쌍으로 개병신짓 중이냐 숏런 원툴 퍼스트 호소인
포디움 차 타고 딸각쇼도 못하는 퇴물새끼
2025, 2026 페라리 미래 기대된다!!","진짜 어떻게 딱 좆끌레, 좆물탕 둘이서 쌍으로 개병신짓 중이냐 숏런 원툴 퍼스트 호소인 포디움 차 타고 딸각쇼도 못하는 퇴물새끼 2025, 2026 페라리 미래 기대된다!!",0.13092289865016937,0.15762929618358612,0.191001296043396,0.2786121964454651,0.08110882341861725,0.16072548925876617
2024-03-03 00:27:52,차라리 팀메 대전이라도 하지 병신 때문에 아오,ㅇ,15,15.0,차라리 팀메 대전이라도 하지 병신 때문에 아오 ㅇ,차라리 팀메 대전이라도 하지 병신 때문에 아오 ㅇ,0.1291176974773407,0.23484566807746887,0.10381249338388443,0.29511991143226624,0.0386698916554451,0.19843430817127228
2024-03-03 00:27:53,차를 어떻게 만들면 내내 휠락이 걸리냐 ㅋㅋ,"미끌레고 사인지고
- dc official App",15,15.0,"차를 어떻게 만들면 내내 휠락이 걸리냐 ㅋㅋ 미끌레고 사인지고
- dc official App",차를 어떻게 만들면 내내 휠락이 걸리냐 ㅋㅋ 미끌레고 사인지고,0.07936262339353561,0.265002578496933,0.26118984818458557,0.1729961335659027,0.07007075101137161,0.15137803554534912
2024-03-03 00:27:55,아니 애마 피트 왜안들어가냐,뭔전략이야,15,15.0,아니 애마 피트 왜안들어가냐 뭔전략이야,아니 애마 피트 왜안들어가냐 뭔전략이야,0.09087934345006943,0.2811468243598938,0.28097614645957947,0.14561119675636292,0.07205792516469955,0.12932856380939484
2024-03-03 00:28:01,페레즈 패랩 뭐냐 ㄷㄷ,정신차렸노,15,15.0,페레즈 패랩 뭐냐 ㄷㄷ 정신차렸노,페레즈 패랩 뭐냐 ㄷㄷ 정신차렸노,0.13327673077583313,0.22733844816684723,0.3246665596961975,0.12842002511024475,0.1273270696401596,0.058971237391233444
2024-03-03 00:28:02,인터벌 25초면 핏인하고 나와도 1등아님??,"흠좀무
- dc official App",15,15.0,"인터벌 25초면 핏인하고 나와도 1등아님?? 흠좀무
- dc official App",인터벌 25초면 핏인하고 나와도 1등아님?? 흠좀무,0.15949180722236633,0.2547338604927063,0.3074992299079895,0.09703731536865234,0.11361663788557053,0.06762106716632843
2024-03-03 00:28:02,르끌 뒤로 들어오네..,,15,15.0,르끌 뒤로 들어오네.. ,르끌 뒤로 들어오네..,0.09257669001817703,0.33952638506889343,0.14301349222660065,0.14419937133789062,0.05447416007518768,0.2262098640203476
2024-03-03 00:28:04,씨발 진짜 헐크새끼 좆같네ㅜㄹㅇ,보타스 윙이나 ㅂ 수고 니미씨발놈,15,15.0,씨발 진짜 헐크새끼 좆같네ㅜㄹㅇ 보타스 윙이나 ㅂ 수고 니미씨발놈,씨발 진짜 헐크새끼 좆같네ㅜㄹㅇ 보타스 윙이나 ㅂ 수고 니미씨발놈,0.16300217807292938,0.15742015838623047,0.12063539028167725,0.32092052698135376,0.04566036909818649,0.19236129522323608
2024-03-03 00:28:07,피트스탑,왜 몇촌지 안알려주냐?,15,15.0,피트스탑 왜 몇촌지 안알려주냐?,피트스탑 왜 몇촌지 안알려주냐?,0.15539461374282837,0.2947096824645996,0.1872083991765976,0.15213122963905334,0.0380157046020031,0.17254042625427246
2024-03-03 00:28:08,아니 저우 뒤로 나오네 츠노다,에바,15,15.0,아니 저우 뒤로 나오네 츠노다 에바,아니 저우 뒤로 나오네 츠노다 에바,0.08880750834941864,0.30574631690979004,0.25587666034698486,0.14898012578487396,0.0908300131559372,0.1097593680024147
2024-03-03 00:28:09,징징레르,- dc official App,15,15.0,징징레르 - dc official App,징징레르 - dc official App,0.4603297710418701,0.18232636153697968,0.18605367839336395,0.09111575782299042,0.03167545050382614,0.04849899560213089
2024-03-03 00:28:09,락끌레르 호소 ㅋㅋㅋㅋㅋㅋㅋㅋㅋㅋ,,15,15.0,락끌레르 호소 ㅋㅋㅋㅋㅋㅋㅋㅋㅋㅋ ,락끌레르 호소 ㅋㅋㅋㅋㅋㅋㅋㅋㅋㅋ,0.5992857813835144,0.14570903778076172,0.07719628512859344,0.0980479046702385,0.028896590694785118,0.05086435750126839
2024-03-03 00:28:09,르끌 셋업 왜저럲,"+ dc official App
- dc official App",15,15.0,"르끌 셋업 왜저럲 + dc official App
- dc official App",르끌 셋업 왜저럲 + dc official App,0.08771920204162598,0.30606701970100403,0.20117373764514923,0.15995272994041443,0.04519493132829666,0.1998923122882843
2024-03-03 00:28:10,북스타펜 언제 들어감?,한 20렙 달릴거임??,15,15.0,북스타펜 언제 들어감? 한 20렙 달릴거임??,북스타펜 언제 들어감? 한 20렙 달릴거임??,0.22907473146915436,0.2182035893201828,0.3169204294681549,0.09476442635059357,0.08498986065387726,0.05604693666100502
2024-03-03 00:28:14,F14T 맛좀볼래?,,15,15.0,F14T 맛좀볼래? ,F14T 맛좀볼래?,0.4812045395374298,0.16328509151935577,0.17386355996131897,0.07892245054244995,0.05367809534072876,0.04904627799987793
2024-03-03 00:28:16,근데 왜 핏스탑 시간 안 보여주냐,"우리가 직접 재야해? 시청자 참여형 컨텐츠야?
뭔가 참신한데",15,15.0,"근데 왜 핏스탑 시간 안 보여주냐 우리가 직접 재야해? 시청자 참여형 컨텐츠야?
뭔가 참신한데",근데 왜 핏스탑 시간 안 보여주냐 우리가 직접 재야해? 시청자 참여형 컨텐츠야? 뭔가 참신한데,0.10672865808010101,0.30810198187828064,0.25498223304748535,0.12468209862709045,0.0997411236166954,0.10576389729976654
2024-03-03 00:28:17,막스 시발 지금 피트인하면 맨앞이겠노ㅋㅋㅋㅋㅋㅋㅋ,,15,15.0,막스 시발 지금 피트인하면 맨앞이겠노ㅋㅋㅋㅋㅋㅋㅋ ,막스 시발 지금 피트인하면 맨앞이겠노ㅋㅋㅋㅋㅋㅋㅋ,0.19772374629974365,0.25103655457496643,0.24021360278129578,0.13820098340511322,0.11664633452892303,0.05617881193757057
2024-03-03 00:28:20,르징징 ㅋㅋㅋㅋㅋㅋㅋㅋㅋㅋㅋㅋ,사인츠 반만 해봐라,15,15.0,르징징 ㅋㅋㅋㅋㅋㅋㅋㅋㅋㅋㅋㅋ 사인츠 반만 해봐라,르징징 ㅋㅋㅋㅋㅋㅋㅋㅋㅋㅋㅋㅋ 사인츠 반만 해봐라,0.3438869118690491,0.24484625458717346,0.15965910255908966,0.13130266964435577,0.06441286206245422,0.055892180651426315
2024-03-03 00:28:22,사전트는 저새끼 지금 뭐하냐?,- dc official App,15,15.0,사전트는 저새끼 지금 뭐하냐? - dc official App,사전트는 저새끼 지금 뭐하냐? - dc official App,0.10605590045452118,0.22315175831317902,0.26744428277015686,0.2045976221561432,0.06977029889822006,0.12898017466068268
2024-03-03 00:28:23,사전트 시발 사인츠한테도 백마커당했냐 ㅋㅋㅋㅋ,그거한방에 ㅋㅋㅋㅋ,15,15.0,사전트 시발 사인츠한테도 백마커당했냐 ㅋㅋㅋㅋ 그거한방에 ㅋㅋㅋㅋ,사전트 시발 사인츠한테도 백마커당했냐 ㅋㅋㅋㅋ 그거한방에 ㅋㅋㅋㅋ,0.11482471227645874,0.23097339272499084,0.2290772944688797,0.2081352174282074,0.1237921342253685,0.0931972935795784
2024-03-03 00:28:24,러셀 달려다오...,,15,15.0,러셀 달려다오... ,러셀 달려다오...,0.6403816938400269,0.1292491853237152,0.0828937292098999,0.06290479749441147,0.03562256693840027,0.048948004841804504
2024-03-03 00:28:28,피트스탑 타이머 어디감?,"아니 제일재미있는건데 나만 안보임?
- dc official App",15,15.0,"피트스탑 타이머 어디감? 아니 제일재미있는건데 나만 안보임?
- dc official App",피트스탑 타이머 어디감? 아니 제일재미있는건데 나만 안보임?,0.19756057858467102,0.2720431983470917,0.26692429184913635,0.10681846737861633,0.07603998482227325,0.08061347901821136
2024-03-03 00:28:28,19르끌 소환되버렸노...,르빙징입갤....,15,15.0,19르끌 소환되버렸노... 르빙징입갤....,19르끌 소환되버렸노... 르빙징입갤....,0.15502914786338806,0.34189146757125854,0.14557792246341705,0.1390383243560791,0.09308195859193802,0.1253812164068222
2024-03-03 00:28:28,대황본 3위노,"ㄷㄷ
- dc official App",15,15.0,"대황본 3위노 ㄷㄷ
- dc official App",대황본 3위노 ㄷㄷ,0.14348146319389343,0.21713724732398987,0.33966678380966187,0.12186159938573837,0.12002766877412796,0.05782530829310417
2024-03-03 00:28:33,틀론소 타이어깎기 가냐..?,얼마나 더 가려나 ㅋㅋㅋ,15,15.0,틀론소 타이어깎기 가냐..? 얼마나 더 가려나 ㅋㅋㅋ,틀론소 타이어깎기 가냐..? 얼마나 더 가려나 ㅋㅋㅋ,0.23161672055721283,0.22581855952739716,0.29681679606437683,0.1001950204372406,0.09242807328701019,0.05312487110495567
2024-03-03 00:28:33,페레즈 페이스도 존나 빠르네 ㅋㅋ,좆된거같노,15,15.0,페레즈 페이스도 존나 빠르네 ㅋㅋ 좆된거같노,페레즈 페이스도 존나 빠르네 ㅋㅋ 좆된거같노,0.11086249351501465,0.22153013944625854,0.30593398213386536,0.1424734741449356,0.14365509152412415,0.07554478198289871
2024-03-03 00:28:37,직빨을 올리려다가 그립이날아가버린 ㅋㅋ,ㅋㅌㅋㅋ,15,15.0,직빨을 올리려다가 그립이날아가버린 ㅋㅋ ㅋㅌㅋㅋ,직빨을 올리려다가 그립이날아가버린 ㅋㅋ ㅋㅌㅋㅋ,0.2904544770717621,0.31178778409957886,0.15657812356948853,0.12450132519006729,0.05288377404212952,0.0637945830821991
2024-03-03 00:28:38,15/57,"ㅋㅋㅋㅋ
- dc official App",15,15.0,"15/57 ㅋㅋㅋㅋ
- dc official App",15/57 ㅋㅋㅋㅋ,0.6308849453926086,0.13276135921478271,0.10325562208890915,0.06979277729988098,0.0297672338783741,0.033538080751895905
2024-03-03 00:28:40,르끌 abs달아야겠노 ㅋㅋ,,15,15.0,르끌 abs달아야겠노 ㅋㅋ ,르끌 abs달아야겠노 ㅋㅋ,0.17370568215847015,0.31508538126945496,0.19886206090450287,0.13856598734855652,0.07304506748914719,0.10073579847812653
2024-03-03 00:28:40,막스 시발 피트 드갔다나와도 1등이네,"이이카겐니시로 어이
- dc official App",15,15.0,"막스 시발 피트 드갔다나와도 1등이네 이이카겐니시로 어이
- dc official App",막스 시발 피트 드갔다나와도 1등이네 이이카겐니시로 어이,0.1608957201242447,0.20952482521533966,0.2062789350748062,0.22094804048538208,0.10789791494607925,0.09445451945066452
2024-03-03 00:28:42,에브리웨어가 휠락이다 이기,페끌레르ㅋㅋㅋ,15,15.0,에브리웨어가 휠락이다 이기 페끌레르ㅋㅋㅋ,에브리웨어가 휠락이다 이기 페끌레르ㅋㅋㅋ,0.6571564078330994,0.12335605174303055,0.07769038528203964,0.07640480995178223,0.02699466608464718,0.038397639989852905
2024-03-03 00:28:43,쥬지 도장깨기 해다오,해줘!!!,15,15.0,쥬지 도장깨기 해다오 해줘!!!,쥬지 도장깨기 해다오 해줘!!!,0.5812172293663025,0.13878652453422546,0.09928757697343826,0.08848512917757034,0.04143529757857323,0.05078823119401932
2024-03-03 00:28:45,근데 몽골은 왜 타이어관리도 잘하는거임??,랩타임 안떨어지네,15,15.0,근데 몽골은 왜 타이어관리도 잘하는거임?? 랩타임 안떨어지네,근데 몽골은 왜 타이어관리도 잘하는거임?? 랩타임 안떨어지네,0.16757439076900482,0.22463423013687134,0.3157655596733093,0.11465631425380707,0.1180206686258316,0.05934887379407883
2024-03-03 00:28:45,알론소 2등이다,ㅈㄱㄴ,15,15.0,알론소 2등이다 ㅈㄱㄴ,알론소 2등이다 ㅈㄱㄴ,0.15515945851802826,0.24146947264671326,0.10828811675310135,0.2751643657684326,0.05833601579070091,0.1615825742483139
2024-03-03 00:28:51,막스는 원스탑 할란갑다 ㅋㅋㅋㅋ,"시발 렙당 1초씩 벌리는데
타이어도 남아도노",15,15.0,"막스는 원스탑 할란갑다 ㅋㅋㅋㅋ 시발 렙당 1초씩 벌리는데
타이어도 남아도노",막스는 원스탑 할란갑다 ㅋㅋㅋㅋ 시발 렙당 1초씩 벌리는데 타이어도 남아도노,0.13694365322589874,0.27037492394447327,0.18043354153633118,0.19697654247283936,0.11532671749591827,0.09994456171989441
2024-03-03 00:28:56,^25초^ 입갤 ㅋㅋㅋㅋㅋ,피트스탑해도 1위 유지하겠노 ㅋㅋ,15,15.0,^25초^ 입갤 ㅋㅋㅋㅋㅋ 피트스탑해도 1위 유지하겠노 ㅋㅋ,^25초^ 입갤 ㅋㅋㅋㅋㅋ 피트스탑해도 1위 유지하겠노 ㅋㅋ,0.5389759540557861,0.16494566202163696,0.12674087285995483,0.08483418822288513,0.04577236250042915,0.038730889558792114
2024-03-03 00:29:02,해물탕) 배터리 1％남음 좆됨 ㅋㅋ,메르 뭐하냐,15,15.0,해물탕) 배터리 1％남음 좆됨 ㅋㅋ 메르 뭐하냐,해물탕) 배터리 1％남음 좆됨 ㅋㅋ 메르 뭐하냐,0.09045469015836716,0.2909393310546875,0.20452776551246643,0.1567448079586029,0.10121047496795654,0.15612301230430603
2024-03-03 00:29:03,막스 소프트-미디엄으로 끝낼듯?,아님 소프트-하드,15,15.0,막스 소프트-미디엄으로 끝낼듯? 아님 소프트-하드,막스 소프트-미디엄으로 끝낼듯? 아님 소프트-하드,0.15952865779399872,0.2665591537952423,0.29386264085769653,0.1142217218875885,0.05721556022763252,0.10861232131719589
2024-03-03 00:29:03,알론소 뽁스뽁스,,15,15.0,알론소 뽁스뽁스 ,알론소 뽁스뽁스,0.6317610740661621,0.13567176461219788,0.09824073314666748,0.06933160126209259,0.0263400599360466,0.03865475952625275
2024-03-03 00:29:04,15랩만에 프리스탑 갭 만드는게 정상이냐?,그것도 계속 갭 벌리고있음,16,16.0,15랩만에 프리스탑 갭 만드는게 정상이냐? 그것도 계속 갭 벌리고있음,15랩만에 프리스탑 갭 만드는게 정상이냐? 그것도 계속 갭 벌리고있음,0.07220175862312317,0.25058457255363464,0.24797120690345764,0.20130911469459534,0.06890670955181122,0.15902666747570038
2024-03-03 00:29:12,막스는 타이어 교체 안함?,"그런데 왜 차이가 안줄어듬? f0 어이없네 ㅋㅋ
- dc official App",16,16.0,"막스는 타이어 교체 안함? 그런데 왜 차이가 안줄어듬? f0 어이없네 ㅋㅋ
- dc official App",막스는 타이어 교체 안함? 그런데 왜 차이가 안줄어듬? f0 어이없네 ㅋㅋ,0.10697197914123535,0.26254183053970337,0.18864060938358307,0.22694522142410278,0.0621596984565258,0.1527407169342041
2024-03-03 00:29:13,과열때문에 쥬지한테 리프트앤 코스트 더하라고 하네 ㅋㅋ,ㅋㅋㅋㅋ,16,16.0,과열때문에 쥬지한테 리프트앤 코스트 더하라고 하네 ㅋㅋ ㅋㅋㅋㅋ,과열때문에 쥬지한테 리프트앤 코스트 더하라고 하네 ㅋㅋ ㅋㅋㅋㅋ,0.15313249826431274,0.31733694672584534,0.20833177864551544,0.1523212194442749,0.08917520940303802,0.07970230281352997
2024-03-03 00:29:21,뉴이신 뭔 뱅기 만들어왔나 타이어가 안 뒤지노ㅋㅋㅋㅋㅋㅋ,,16,16.0,뉴이신 뭔 뱅기 만들어왔나 타이어가 안 뒤지노ㅋㅋㅋㅋㅋㅋ ,뉴이신 뭔 뱅기 만들어왔나 타이어가 안 뒤지노ㅋㅋㅋㅋㅋㅋ,0.1512935310602188,0.2188422530889511,0.29410064220428467,0.16592980921268463,0.10124584287405014,0.06858790665864944
2024-03-03 00:29:21,30초 시발아 ㅋㅋㅋㅋㅋ,,16,16.0,30초 시발아 ㅋㅋㅋㅋㅋ ,30초 시발아 ㅋㅋㅋㅋㅋ,0.1612483412027359,0.29906532168388367,0.14967060089111328,0.21363522112369537,0.07028075307607651,0.10609972476959229
2024-03-03 00:29:22,막스 미친 사실상 김동성 아님?,혼자 준내 치고가네 19명을 백마커 만드냐?,16,16.0,막스 미친 사실상 김동성 아님? 혼자 준내 치고가네 19명을 백마커 만드냐?,막스 미친 사실상 김동성 아님? 혼자 준내 치고가네 19명을 백마커 만드냐?,0.10000733286142349,0.1991235613822937,0.29839810729026794,0.19341571629047394,0.12673412263393402,0.08232113718986511
2024-03-03 00:29:21,오늘도 막스 전랩리드승리네,아,16,16.0,오늘도 막스 전랩리드승리네 아,오늘도 막스 전랩리드승리네 아,0.5367546081542969,0.16907747089862823,0.0728706419467926,0.08955150842666626,0.04129629209637642,0.09044943749904633
2024-03-03 00:29:25,타이어 관리는 알본이 짱인듯,"저번에 막랩까지 그냥 달리지 않았나
막랩에 강제 박스하고
- dc official App",16,16.0,"타이어 관리는 알본이 짱인듯 저번에 막랩까지 그냥 달리지 않았나
막랩에 강제 박스하고
- dc official App",타이어 관리는 알본이 짱인듯 저번에 막랩까지 그냥 달리지 않았나 막랩에 강제 박스하고,0.21054311096668243,0.21935591101646423,0.27225354313850403,0.11101236194372177,0.11954525113105774,0.06728975474834442
2024-03-03 00:29:25,베르스타펜 타이어깎네 ㅋㅋㅋㅋ,,16,16.0,베르스타펜 타이어깎네 ㅋㅋㅋㅋ ,베르스타펜 타이어깎네 ㅋㅋㅋㅋ,0.4081117510795593,0.20823968946933746,0.1927594095468521,0.09895028918981552,0.05350162088871002,0.03843722119927406
2024-03-03 00:29:27,르클 백퍼 차문제잖음 병신 빡통새끼들아 ㅋㅋ,"등록.
- dc official App",16,16.0,"르클 백퍼 차문제잖음 병신 빡통새끼들아 ㅋㅋ 등록.
- dc official App",르클 백퍼 차문제잖음 병신 빡통새끼들아 ㅋㅋ 등록.,0.11798752844333649,0.18179365992546082,0.184675395488739,0.3044237494468689,0.05304821580648422,0.1580713838338852
2024-03-03 00:29:28,이탈리아 놈들 차에 뭔짓을 한거야,다 잠기면 어카노ㅋㅋ,16,16.0,이탈리아 놈들 차에 뭔짓을 한거야 다 잠기면 어카노ㅋㅋ,이탈리아 놈들 차에 뭔짓을 한거야 다 잠기면 어카노ㅋㅋ,0.09427020698785782,0.2258298695087433,0.2619134187698364,0.2019032984972,0.11627795547246933,0.09980526566505432
2024-03-03 00:29:30,핏스탑 타이머 어쨌냐고ㅋㅋㅋㅋㅋㅋ,,16,16.0,핏스탑 타이머 어쨌냐고ㅋㅋㅋㅋㅋㅋ ,핏스탑 타이머 어쨌냐고ㅋㅋㅋㅋㅋㅋ,0.2124282419681549,0.2883848249912262,0.22257699072360992,0.13080039620399475,0.07184721529483795,0.0739622637629509
2024-03-03 00:29:30,지금 사전트랑 백마커 났냐?,ㅇㅇ,16,16.0,지금 사전트랑 백마커 났냐? ㅇㅇ,지금 사전트랑 백마커 났냐? ㅇㅇ,0.20851263403892517,0.2450798898935318,0.2943446934223175,0.10380445420742035,0.09073752909898758,0.0575207881629467
2024-03-03 00:29:35,31초면 시발  ㅋㅋㅋㅋㅋㅋ,,16,16.0,31초면 시발  ㅋㅋㅋㅋㅋㅋ ,31초면 시발 ㅋㅋㅋㅋㅋㅋ,0.11547551304101944,0.2783142924308777,0.1629595011472702,0.22236737608909607,0.08843843638896942,0.13244488835334778
2024-03-03 00:29:36,아니 타이얼 안갈았는데도 랩탐이 안주네,ㅋㅋㅋㅋ,16,16.0,아니 타이얼 안갈았는데도 랩탐이 안주네 ㅋㅋㅋㅋ,아니 타이얼 안갈았는데도 랩탐이 안주네 ㅋㅋㅋㅋ,0.11663661152124405,0.35285502672195435,0.18887120485305786,0.149245947599411,0.0952024981379509,0.09718882292509079
2024-03-03 00:29:39,와 씨벌 이걸 이제 들아가네,뭔 페라리만도 못한 전략이냐,16,16.0,와 씨벌 이걸 이제 들아가네 뭔 페라리만도 못한 전략이냐,와 씨벌 이걸 이제 들아가네 뭔 페라리만도 못한 전략이냐,0.07363474369049072,0.23847174644470215,0.22292669117450714,0.20150110125541687,0.07642390578985214,0.18704187870025635
2024-03-03 00:29:39,막체30초 ㅋㅋㅋㅋㅋㅋㅋㅋㅋㅋㅋㅋㅋㅋ,,16,16.0,막체30초 ㅋㅋㅋㅋㅋㅋㅋㅋㅋㅋㅋㅋㅋㅋ ,막체30초 ㅋㅋㅋㅋㅋㅋㅋㅋㅋㅋㅋㅋㅋㅋ,0.5562303066253662,0.16508719325065613,0.12276095896959305,0.08146785199642181,0.03563841059803963,0.03881525248289108
2024-03-03 00:29:41,16랩 경과 2위와의 인터벌은?,'31초',16,16.0,16랩 경과 2위와의 인터벌은? '31초',16랩 경과 2위와의 인터벌은? '31초',0.28140345215797424,0.21646930277347565,0.2847677171230316,0.09312587976455688,0.06537807732820511,0.05885552614927292
2024-03-03 00:29:42,막스 얘는 처 자면서 타도 폴투윈하겠노,,16,16.0,막스 얘는 처 자면서 타도 폴투윈하겠노 ,막스 얘는 처 자면서 타도 폴투윈하겠노,0.09855502843856812,0.22304905951023102,0.2841736674308777,0.19002896547317505,0.12632402777671814,0.07786928117275238
2024-03-03 00:29:44,막스 그랜드슬램ㅊㅊㅊ,,16,16.0,막스 그랜드슬램ㅊㅊㅊ ,막스 그랜드슬램ㅊㅊㅊ,0.7136860489845276,0.10851789265871048,0.062044646590948105,0.05067967623472214,0.026953525841236115,0.038118138909339905
2024-03-03 00:29:45,아유 시발 재미없어,"레드불 좀 퇴출시켜봐라 시벌거
막스 점마만 없으면 황밸일거같은데",16,16.0,"아유 시발 재미없어 레드불 좀 퇴출시켜봐라 시벌거
막스 점마만 없으면 황밸일거같은데",아유 시발 재미없어 레드불 좀 퇴출시켜봐라 시벌거 막스 점마만 없으면 황밸일거같은데,0.14490832388401031,0.24709118902683258,0.10823909193277359,0.2732224464416504,0.043506037443876266,0.1830328404903412
2024-03-03 00:29:45,알론소 피트스탑 3.1 (야매측정 정확하지 않음),측정방법 : 스톱워치,16,16.0,알론소 피트스탑 3.1 (야매측정 정확하지 않음) 측정방법 : 스톱워치,알론소 피트스탑 3.1 (야매측정 정확하지 않음) 측정방법 : 스톱워치,0.26951563358306885,0.24145303666591644,0.25970274209976196,0.10234642028808594,0.05129612609744072,0.07568611204624176
2024-03-03 00:29:46,황본 차력쇼 포기 ㅋㅋㅋㅋㅋㅋㅋ,윌리엄스 초심 잃었네,16,16.0,황본 차력쇼 포기 ㅋㅋㅋㅋㅋㅋㅋ 윌리엄스 초심 잃었네,황본 차력쇼 포기 ㅋㅋㅋㅋㅋㅋㅋ 윌리엄스 초심 잃었네,0.09554622322320938,0.34786662459373474,0.23675477504730225,0.1152813583612442,0.10215149074792862,0.10239953547716141
2024-03-03 00:29:49,그냥 올해 레드불 전경기 폴투윈해라,"그리고 내년에 페라리좀줘라
- dc official App",16,16.0,"그냥 올해 레드불 전경기 폴투윈해라 그리고 내년에 페라리좀줘라
- dc official App",그냥 올해 레드불 전경기 폴투윈해라 그리고 내년에 페라리좀줘라,0.433246910572052,0.18779194355010986,0.12372095137834549,0.09362580627202988,0.0730842649936676,0.08853011578321457
2024-03-03 00:29:50,레드불 마모안된다는게진짜였냐?,"자새끼뭐임??
- dc official App",16,16.0,"레드불 마모안된다는게진짜였냐? 자새끼뭐임??
- dc official App",레드불 마모안된다는게진짜였냐? 자새끼뭐임??,0.10668814182281494,0.2043306827545166,0.24892136454582214,0.2308957725763321,0.07806877791881561,0.1310953050851822
2024-03-03 00:29:50,존나재미없다,ㄹㅇ,16,16.0,존나재미없다 ㄹㅇ,존나재미없다 ㄹㅇ,0.13522575795650482,0.29603657126426697,0.13777318596839905,0.20689140260219574,0.056185293942689896,0.16788779199123383
2024-03-03 00:29:51,근데 어쩌다가 오콘 가슬리는 이렇게 벌어진거임??,뭔 일 있었나?,16,16.0,근데 어쩌다가 오콘 가슬리는 이렇게 벌어진거임?? 뭔 일 있었나?,근데 어쩌다가 오콘 가슬리는 이렇게 벌어진거임?? 뭔 일 있었나?,0.1426609456539154,0.239670068025589,0.3305402994155884,0.10967355221509933,0.10380101203918457,0.0736541599035263
2024-03-03 00:29:52,사전트 막스한테 어뢰발사하면 갤의 전설이 될수있음 ㅇㅇ,"이미 레이스는 조진거 같은데
걍 F1갤의 영원한 영웅이 되어라 사전트",16,16.0,"사전트 막스한테 어뢰발사하면 갤의 전설이 될수있음 ㅇㅇ 이미 레이스는 조진거 같은데
걍 F1갤의 영원한 영웅이 되어라 사전트",사전트 막스한테 어뢰발사하면 갤의 전설이 될수있음 ㅇㅇ 이미 레이스는 조진거 같은데 걍 F1갤의 영원한 영웅이 되어라 사전트,0.28609392046928406,0.19765591621398926,0.22050493955612183,0.09358774870634079,0.13070844113826752,0.07144907116889954
2024-03-03 00:29:52,저새낀 왜 페이스가 새 소프트냐 ㅋㅋㅋㅋ,,16,16.0,저새낀 왜 페이스가 새 소프트냐 ㅋㅋㅋㅋ ,저새낀 왜 페이스가 새 소프트냐 ㅋㅋㅋㅋ,0.11399856954813004,0.26477256417274475,0.24406404793262482,0.19400858879089355,0.08606899529695511,0.09708722680807114
2024-03-03 00:30:00,아니 왜 핏 스탑 타임 안나오냐고,ㅅㅂ,16,16.0,아니 왜 핏 스탑 타임 안나오냐고 ㅅㅂ,아니 왜 핏 스탑 타임 안나오냐고 ㅅㅂ,0.1390097588300705,0.2427985817193985,0.10105792433023453,0.27445825934410095,0.03763028234243393,0.2050451934337616
2024-03-03 00:29:59,막스 도넛 함 구워도 우승하겠노,ㅋㅋ,16,16.0,막스 도넛 함 구워도 우승하겠노 ㅋㅋ,막스 도넛 함 구워도 우승하겠노 ㅋㅋ,0.3655436635017395,0.21446771919727325,0.21604759991168976,0.09817089885473251,0.06901229172945023,0.03675779700279236
2024-03-03 00:30:01,막스는 카메라로 안잡아주네,그만 좀 잘 달려!!,16,16.0,막스는 카메라로 안잡아주네 그만 좀 잘 달려!!,막스는 카메라로 안잡아주네 그만 좀 잘 달려!!,0.12659573554992676,0.2901444733142853,0.1411987692117691,0.1869359016418457,0.0772191658616066,0.17790597677230835
2024-03-03 00:30:00,아니 쿠플이 일하는 시즌에 이런 개노잼시즌이 되네,아;;,16,16.0,아니 쿠플이 일하는 시즌에 이런 개노잼시즌이 되네 아;;,아니 쿠플이 일하는 시즌에 이런 개노잼시즌이 되네 아;;,0.10008463263511658,0.309303343296051,0.13610221445560455,0.19725428521633148,0.06485984474420547,0.19239574670791626
2024-03-03 00:30:03,아니 개걸레 소프트로 새핑 하드 같은차 이기는게 말이되냐?,왜 지금도 타임이 더 벌어지는데???,16,16.0,아니 개걸레 소프트로 새핑 하드 같은차 이기는게 말이되냐? 왜 지금도 타임이 더 벌어지는데???,아니 개걸레 소프트로 새핑 하드 같은차 이기는게 말이되냐? 왜 지금도 타임이 더 벌어지는데???,0.08009808510541916,0.2541498839855194,0.21665644645690918,0.21432091295719147,0.06417364627122879,0.170601025223732
2024-03-03 00:30:06,저런거 타다가 하이퍼카 타도 감흥 1도 없겠다,"ㅋㅋㅋㅋㅋㅋㅋㅋㅋ
- dc official App",16,16.0,"저런거 타다가 하이퍼카 타도 감흥 1도 없겠다 ㅋㅋㅋㅋㅋㅋㅋㅋㅋ
- dc official App",저런거 타다가 하이퍼카 타도 감흥 1도 없겠다 ㅋㅋㅋㅋㅋㅋㅋㅋㅋ,0.1096348762512207,0.282134473323822,0.25857049226760864,0.15757907927036285,0.106822170317173,0.08525890856981277
2024-03-03 00:30:06,31초 차이 뭐냐 ㅋㅋㅋㅋㅋㅋ,와… 백마커 몇명이나 만들려나 ㅋㅋㅋ,16,16.0,31초 차이 뭐냐 ㅋㅋㅋㅋㅋㅋ 와… 백마커 몇명이나 만들려나 ㅋㅋㅋ,31초 차이 뭐냐 ㅋㅋㅋㅋㅋㅋ 와… 백마커 몇명이나 만들려나 ㅋㅋㅋ,0.13270153105258942,0.2350093573331833,0.3037532567977905,0.1371554434299469,0.13572067022323608,0.05565972998738289
2024-03-03 00:30:11,막스 끝날때말곤 안보이겠네,,16,16.0,막스 끝날때말곤 안보이겠네 ,막스 끝날때말곤 안보이겠네,0.1037803664803505,0.3242107033729553,0.22494302690029144,0.13118323683738708,0.0905701071023941,0.12531255185604095
2024-03-03 00:30:12,막스시발련은개빠르네,에휴,16,16.0,막스시발련은개빠르네 에휴,막스시발련은개빠르네 에휴,0.1248423308134079,0.1892268806695938,0.13574589788913727,0.31898030638694763,0.053741082549095154,0.17746354639530182
2024-03-03 00:30:12,혼자 사기맵쓰네,- dc official App,16,16.0,혼자 사기맵쓰네 - dc official App,혼자 사기맵쓰네 - dc official App,0.10797204822301865,0.300930917263031,0.25292840600013733,0.15537819266319275,0.06721209734678268,0.11557839065790176
2024-03-03 00:30:13,결국 타이어 관리도 막스가 가장 잘하는거 아님?,뭔 아직도 안들어가냐,16,16.0,결국 타이어 관리도 막스가 가장 잘하는거 아님? 뭔 아직도 안들어가냐,결국 타이어 관리도 막스가 가장 잘하는거 아님? 뭔 아직도 안들어가냐,0.07139215618371964,0.27894729375839233,0.23506218194961548,0.18542475998401642,0.06739042699337006,0.16178323328495026
2024-03-03 00:30:16,걍 이새낀 차를 존나 잘탐 ㅋㅋㅋ,반박시 엪안분,16,16.0,걍 이새낀 차를 존나 잘탐 ㅋㅋㅋ 반박시 엪안분,걍 이새낀 차를 존나 잘탐 ㅋㅋㅋ 반박시 엪안분,0.2209281474351883,0.2177080363035202,0.26788654923439026,0.12446542829275131,0.12075100839138031,0.04826075956225395
2024-03-03 00:30:17,체코 패랩ㅅㅅ,,16,16.0,체코 패랩ㅅㅅ ,체코 패랩ㅅㅅ,0.6889492869377136,0.1136363223195076,0.08170726895332336,0.05567900463938713,0.02476971410214901,0.03525840863585472
2024-03-03 00:30:18,막스 저새낀 차에 터보엔진이라도 달았냐,이새낀 왜?,16,16.0,막스 저새낀 차에 터보엔진이라도 달았냐 이새낀 왜?,막스 저새낀 차에 터보엔진이라도 달았냐 이새낀 왜?,0.08838500082492828,0.21550361812114716,0.20781591534614563,0.2758210301399231,0.06403758376836777,0.14843681454658508
2024-03-03 00:30:19,페라리는 둘이 멸망해라 ㅋㅋㅋㅋ,,16,16.0,페라리는 둘이 멸망해라 ㅋㅋㅋㅋ ,페라리는 둘이 멸망해라 ㅋㅋㅋㅋ,0.2880465090274811,0.21625973284244537,0.16188696026802063,0.19677405059337616,0.06274773180484772,0.07428501546382904
2024-03-03 00:30:19,쥬르 대전 재개막ㅋㅋㅋ,쥬지힘내,16,16.0,쥬르 대전 재개막ㅋㅋㅋ 쥬지힘내,쥬르 대전 재개막ㅋㅋㅋ 쥬지힘내,0.6829437613487244,0.1160011813044548,0.0721881315112114,0.05740216746926308,0.03144506365060806,0.04001961648464203
2024-03-03 00:30:19,물탕이 배터리 이슈 호소,차량문제 약간 있는듯,16,16.0,물탕이 배터리 이슈 호소 차량문제 약간 있는듯,물탕이 배터리 이슈 호소 차량문제 약간 있는듯,0.10724017769098282,0.2540017366409302,0.3181556761264801,0.11846781522035599,0.05733785778284073,0.14479674398899078
2024-03-03 00:30:21,르끌 오늘은 진짜 폼 ㅈ됐네 ㅋㅋㅋ,,16,16.0,르끌 오늘은 진짜 폼 ㅈ됐네 ㅋㅋㅋ ,르끌 오늘은 진짜 폼 ㅈ됐네 ㅋㅋㅋ,0.640256941318512,0.14053234457969666,0.08564087003469467,0.06391022354364395,0.03235849365592003,0.0373012013733387
2024-03-03 00:30:22,큰문제 없음(사인츠에게 쫒기며),ㅇㅇ,16,16.0,큰문제 없음(사인츠에게 쫒기며) ㅇㅇ,큰문제 없음(사인츠에게 쫒기며) ㅇㅇ,0.27727749943733215,0.2971397340297699,0.15271241962909698,0.09811633080244064,0.06022777035832405,0.11452624946832657
2024-03-03 00:30:23,팀오더 좀 제발,,16,16.0,팀오더 좀 제발 ,팀오더 좀 제발,0.14331068098545074,0.25813522934913635,0.11856228858232498,0.1951225847005844,0.05158776044845581,0.2332814484834671
2024-03-03 00:30:24,뭐 씨발 난이도 easy 설정해놓고 엪겜하노 ㅋㅋㅋㅋㅋ,어 형은 하드 난이도로 게임해,16,16.0,뭐 씨발 난이도 easy 설정해놓고 엪겜하노 ㅋㅋㅋㅋㅋ 어 형은 하드 난이도로 게임해,뭐 씨발 난이도 easy 설정해놓고 엪겜하노 ㅋㅋㅋㅋㅋ 어 형은 하드 난이도로 게임해,0.09872168302536011,0.27075859904289246,0.16957558691501617,0.2454129010438919,0.07380755245685577,0.14172375202178955
2024-03-03 00:30:38,알타리 얘네는 타이어 안갈고 뻐기다가 포지션 잃기를 왜캐 좋아함,츠노다 애마랑 저우 앞이엇는데 따잇당햇네,16,16.0,알타리 얘네는 타이어 안갈고 뻐기다가 포지션 잃기를 왜캐 좋아함 츠노다 애마랑 저우 앞이엇는데 따잇당햇네,알타리 얘네는 타이어 안갈고 뻐기다가 포지션 잃기를 왜캐 좋아함 츠노다 애마랑 저우 앞이엇는데 따잇당햇네,0.11610984802246094,0.2839619219303131,0.19122903048992157,0.2063785046339035,0.0972227081656456,0.1050979420542717
2024-03-03 00:30:38,몽골새끼 혼자 타이어웨어 끄고하노,정정당당하게해라 씨밯,16,16.0,몽골새끼 혼자 타이어웨어 끄고하노 정정당당하게해라 씨밯,몽골새끼 혼자 타이어웨어 끄고하노 정정당당하게해라 씨밯,0.14841245114803314,0.19446668028831482,0.12878726422786713,0.31373608112335205,0.045554373413324356,0.1690431535243988
2024-03-03 00:30:38,르끌아 빨리 우리퍼스트 자지 줘라,"+ dc official App
- dc official App",16,16.0,"르끌아 빨리 우리퍼스트 자지 줘라 + dc official App
- dc official App",르끌아 빨리 우리퍼스트 자지 줘라 + dc official App,0.6429793834686279,0.12499313056468964,0.08298823982477188,0.06637798249721527,0.03975335881114006,0.042907968163490295
2024-03-03 00:30:39,르끌이 오히려 짤리겠네 ㅋㅋ,- dc official App,16,16.0,르끌이 오히려 짤리겠네 ㅋㅋ - dc official App,르끌이 오히려 짤리겠네 ㅋㅋ - dc official App,0.10891657322645187,0.342214971780777,0.24266856908798218,0.1202453076839447,0.07654719054698944,0.10940738022327423
2024-03-03 00:30:39,붙어다니는거 왤캐 불안하냐,,16,16.0,붙어다니는거 왤캐 불안하냐 ,붙어다니는거 왤캐 불안하냐,0.13128578662872314,0.2643398940563202,0.2947036623954773,0.11146175861358643,0.09133029729127884,0.10687857121229172
2024-03-03 00:30:44,막스만 없으면 황밸 아니냐 ㄹㅇ?,그랑프리 우승 나눠먹을거같은데 ㅇㅈ?,17,17.0,막스만 없으면 황밸 아니냐 ㄹㅇ? 그랑프리 우승 나눠먹을거같은데 ㅇㅈ?,막스만 없으면 황밸 아니냐 ㄹㅇ? 그랑프리 우승 나눠먹을거같은데 ㅇㅈ?,0.09878268092870712,0.25308045744895935,0.3034278154373169,0.13597236573696136,0.12259825319051743,0.08613838255405426
2024-03-03 00:30:45,지금이라도 자러가야될것같다 시발,애미 시발,17,17.0,지금이라도 자러가야될것같다 시발 애미 시발,지금이라도 자러가야될것같다 시발 애미 시발,0.129129096865654,0.19607378542423248,0.11080680042505264,0.2790212631225586,0.04279107227921486,0.24217796325683594
2024-03-03 00:30:46,사인스 앞에 똥차새끼 왜 안 비키는데ㅋㅋㅋㅋ,씨발ㅋㅋㅋㅋ,17,17.0,사인스 앞에 똥차새끼 왜 안 비키는데ㅋㅋㅋㅋ 씨발ㅋㅋㅋㅋ,사인스 앞에 똥차새끼 왜 안 비키는데ㅋㅋㅋㅋ 씨발ㅋㅋㅋㅋ,0.15698882937431335,0.18912598490715027,0.12333995848894119,0.33125078678131104,0.05199377238750458,0.14730069041252136
2024-03-03 00:30:46,이제 들어갈듯?,갭이 안벌어진다,17,17.0,이제 들어갈듯? 갭이 안벌어진다,이제 들어갈듯? 갭이 안벌어진다,0.10420720279216766,0.35426223278045654,0.2219211608171463,0.10285531729459763,0.08688734471797943,0.1298667937517166
2024-03-03 00:30:48,페라리 저러다 함 둘이 처박는거 아니냐 ㅋㅋ,,17,17.0,페라리 저러다 함 둘이 처박는거 아니냐 ㅋㅋ ,페라리 저러다 함 둘이 처박는거 아니냐 ㅋㅋ,0.12275038659572601,0.19414445757865906,0.34494316577911377,0.1332206130027771,0.13451574742794037,0.07042566686868668
2024-03-03 00:30:49,막스 낮잠때리다와도 우승일듯,몇랩돌았다고 30초차야,17,17.0,막스 낮잠때리다와도 우승일듯 몇랩돌았다고 30초차야,막스 낮잠때리다와도 우승일듯 몇랩돌았다고 30초차야,0.1129097118973732,0.24193371832370758,0.3323182761669159,0.1391817331314087,0.11921797692775726,0.054438572376966476
2024-03-03 00:30:50,사인즈는 좆같지ㅋㅋㅋ 지보다 못하는데 유스라고,"자기 짤랐는데 ㅋㅋㅋㅋ
- dc official App",17,17.0,"사인즈는 좆같지ㅋㅋㅋ 지보다 못하는데 유스라고 자기 짤랐는데 ㅋㅋㅋㅋ
- dc official App",사인즈는 좆같지ㅋㅋㅋ 지보다 못하는데 유스라고 자기 짤랐는데 ㅋㅋㅋㅋ,0.08533331006765366,0.2825953960418701,0.15051855146884918,0.21352437138557434,0.09115232527256012,0.176876038312912
2024-03-03 00:30:51,올해도 막스야?,30초는 차에 뭔 짓을 했나 싶었는데 아직까지 타이어 안 갈고 달리는거였누,17,17.0,올해도 막스야? 30초는 차에 뭔 짓을 했나 싶었는데 아직까지 타이어 안 갈고 달리는거였누,올해도 막스야? 30초는 차에 뭔 짓을 했나 싶었는데 아직까지 타이어 안 갈고 달리는거였누,0.09907826036214828,0.223599374294281,0.29425695538520813,0.16168728470802307,0.13540081679821014,0.08597724139690399
2024-03-03 00:30:51,조관우 왜 9위임?,,17,17.0,조관우 왜 9위임? ,조관우 왜 9위임?,0.10916279256343842,0.29510772228240967,0.29247525334358215,0.13564513623714447,0.072381392121315,0.0952276736497879
2024-03-03 00:30:54,이게 말이되냐 씨발 알핀아 그냥 갖다 박으라고,레드불 저격이나 하라고 그냥,17,17.0,이게 말이되냐 씨발 알핀아 그냥 갖다 박으라고 레드불 저격이나 하라고 그냥,이게 말이되냐 씨발 알핀아 그냥 갖다 박으라고 레드불 저격이나 하라고 그냥,0.10337962210178375,0.17834000289440155,0.15926022827625275,0.3042229115962982,0.04935793578624725,0.2054392397403717
2024-03-03 00:30:56,막스는 왜 타이어도 안죽냐ㅋㅋ,매번 존나 신기함,17,17.0,막스는 왜 타이어도 안죽냐ㅋㅋ 매번 존나 신기함,막스는 왜 타이어도 안죽냐ㅋㅋ 매번 존나 신기함,0.15711897611618042,0.2071111500263214,0.34403932094573975,0.12638166546821594,0.11458110809326172,0.05076777562499046
2024-03-03 00:30:58,대인지 ㄷㄷㄷㄷㄷㄷ,,17,17.0,대인지 ㄷㄷㄷㄷㄷㄷ ,대인지 ㄷㄷㄷㄷㄷㄷ,0.14864219725131989,0.2121308594942093,0.3347748816013336,0.12276996672153473,0.11822158098220825,0.06346052885055542
2024-03-03 00:31:00,저새끼들 언제까지 지들끼리 싸움 ? ㅋㅋ,ㅋㅋㅋㅋㅋㅋㅋㅋ,17,17.0,저새끼들 언제까지 지들끼리 싸움 ? ㅋㅋ ㅋㅋㅋㅋㅋㅋㅋㅋ,저새끼들 언제까지 지들끼리 싸움 ? ㅋㅋ ㅋㅋㅋㅋㅋㅋㅋㅋ,0.08983758091926575,0.22837473452091217,0.20830121636390686,0.2518356740474701,0.08511677384376526,0.13653402030467987
2024-03-03 00:31:05,대인지 ㅋㅋㅋㅋ,ㅋ,17,17.0,대인지 ㅋㅋㅋㅋ ㅋ,대인지 ㅋㅋㅋㅋ ㅋ,0.696382462978363,0.11629059910774231,0.07647179812192917,0.053167521953582764,0.025326039642095566,0.032361485064029694
2024-03-03 00:31:05,페라리 안 싸웠으면,진작에 쥬지 따였을듯,17,17.0,페라리 안 싸웠으면 진작에 쥬지 따였을듯,페라리 안 싸웠으면 진작에 쥬지 따였을듯,0.09533226490020752,0.19529488682746887,0.27268680930137634,0.18911507725715637,0.13224947452545166,0.11532147228717804
2024-03-03 00:31:06,ㅋㅋㅋㅋㅋㅋ 마굿간 싸움 좆되네,,17,17.0,ㅋㅋㅋㅋㅋㅋ 마굿간 싸움 좆되네 ,ㅋㅋㅋㅋㅋㅋ 마굿간 싸움 좆되네,0.16133135557174683,0.24460315704345703,0.25240570306777954,0.15385094285011292,0.12365066260099411,0.06415815651416779
2024-03-03 00:31:07,대 인 스 ㅋㅋㅋㅋㅋ,ㅋㅋㅋㅋㅋ,17,17.0,대 인 스 ㅋㅋㅋㅋㅋ ㅋㅋㅋㅋㅋ,대 인 스 ㅋㅋㅋㅋㅋ ㅋㅋㅋㅋㅋ,0.7096062302589417,0.11271089315414429,0.06810975074768066,0.05398358032107353,0.022887686267495155,0.03270186856389046
2024-03-03 00:31:08,대인지ㄷㄷㄷㄷ,,17,17.0,대인지ㄷㄷㄷㄷ ,대인지ㄷㄷㄷㄷ,0.16608694195747375,0.21613626182079315,0.3288359045982361,0.11497495323419571,0.11393310129642487,0.06003282591700554
2024-03-03 00:31:08,대인지 ㅋㅋㅋㅋㅋ,"+ dc official App
- dc official App",17,17.0,"대인지 ㅋㅋㅋㅋㅋ + dc official App
- dc official App",대인지 ㅋㅋㅋㅋㅋ + dc official App,0.6824026107788086,0.11647746711969376,0.0865204781293869,0.059303995221853256,0.024266839027404785,0.03102859854698181
2024-03-03 00:31:08,사인지 시발 오늘 좆되네 폼,,17,17.0,사인지 시발 오늘 좆되네 폼 ,사인지 시발 오늘 좆되네 폼,0.114033043384552,0.22437335550785065,0.11028630286455154,0.27534985542297363,0.0582042932510376,0.2177531123161316
2024-03-03 00:31:09,대인지 ㄷㄷㄷㄷㄷㄷ,- dc official App,17,17.0,대인지 ㄷㄷㄷㄷㄷㄷ - dc official App,대인지 ㄷㄷㄷㄷㄷㄷ - dc official App,0.18147116899490356,0.20472238957881927,0.3370228111743927,0.11368314176797867,0.10739832371473312,0.055702101439237595
2024-03-03 00:31:09,어차피 시즌 계약 끝인게 사인즈 뭐 볼거있냐ㅋㅋㅋㅋ,노빠꾸로 싸워야지 그냥,17,17.0,어차피 시즌 계약 끝인게 사인즈 뭐 볼거있냐ㅋㅋㅋㅋ 노빠꾸로 싸워야지 그냥,어차피 시즌 계약 끝인게 사인즈 뭐 볼거있냐ㅋㅋㅋㅋ 노빠꾸로 싸워야지 그냥,0.11215432733297348,0.27847084403038025,0.19599643349647522,0.17283356189727783,0.08769859373569489,0.1528462916612625
2024-03-03 00:31:09,느그 퍼스트 따잇 ㅋㅋㅋㅋㅋㅋㅋㅋㅋㅋㅋㅋ,,17,17.0,느그 퍼스트 따잇 ㅋㅋㅋㅋㅋㅋㅋㅋㅋㅋㅋㅋ ,느그 퍼스트 따잇 ㅋㅋㅋㅋㅋㅋㅋㅋㅋㅋㅋㅋ,0.6853113174438477,0.1177167147397995,0.07132831960916519,0.0612003356218338,0.027437729761004448,0.037005625665187836
2024-03-03 00:31:10,와 대 인 츸ㅋㅋㅋㅋㅋㅋㅋㅋㅋㅋㅋㅋ,ㅋㅋㅋㅋㅋㅋㅋㅋㅋㅋㅋㅋㅋㅋㅋㅋㅋㅋㅋㅋㅋㅋㅋㅋㅋ,17,17.0,와 대 인 츸ㅋㅋㅋㅋㅋㅋㅋㅋㅋㅋㅋㅋ ㅋㅋㅋㅋㅋㅋㅋㅋㅋㅋㅋㅋㅋㅋㅋㅋㅋㅋㅋㅋㅋㅋㅋㅋㅋ,와 대 인 츸ㅋㅋㅋㅋㅋㅋㅋㅋㅋㅋㅋㅋ ㅋㅋㅋㅋㅋㅋㅋㅋㅋㅋㅋㅋㅋㅋㅋㅋㅋㅋㅋㅋㅋㅋㅋㅋㅋ,0.6784828901290894,0.12314467877149582,0.08375915884971619,0.05825900658965111,0.02589210867881775,0.03046213835477829
2024-03-03 00:31:08,개씹상남자 대인츠ㄷㄷ,,17,17.0,개씹상남자 대인츠ㄷㄷ ,개씹상남자 대인츠ㄷㄷ,0.2526453733444214,0.20531359314918518,0.2984923720359802,0.10235070437192917,0.09613409638404846,0.045063890516757965
2024-03-03 00:31:10,사인지 ㅈㄴ 잘 타노 ㅋㅋㅋㅋㅋ,,17,17.0,사인지 ㅈㄴ 잘 타노 ㅋㅋㅋㅋㅋ ,사인지 ㅈㄴ 잘 타노 ㅋㅋㅋㅋㅋ,0.545248806476593,0.17086592316627502,0.1420045793056488,0.06450754404067993,0.04613552615046501,0.031237617135047913
2024-03-03 00:31:11,스무스 오퍼레이터,ㅇ,17,17.0,스무스 오퍼레이터 ㅇ,스무스 오퍼레이터 ㅇ,0.6151284575462341,0.13656112551689148,0.1124308630824089,0.07017125934362411,0.029106350615620613,0.03660197928547859
2024-03-03 00:31:11,사인지:벌레컷 ㅋㅋㅋㅋㅋ,,17,17.0,사인지:벌레컷 ㅋㅋㅋㅋㅋ ,사인지:벌레컷 ㅋㅋㅋㅋㅋ,0.32786011695861816,0.2209991216659546,0.21106606721878052,0.12808656692504883,0.05937086418271065,0.052617236971855164
2024-03-03 00:31:11,와 다이브밤 존나 맛있노ㅋㅋ,,17,17.0,와 다이브밤 존나 맛있노ㅋㅋ ,와 다이브밤 존나 맛있노ㅋㅋ,0.6791538596153259,0.11983700096607208,0.079351507127285,0.05974738672375679,0.025169789791107178,0.036740466952323914
2024-03-03 00:31:11,대인스 ㅋㅋ,,17,17.0,대인스 ㅋㅋ ,대인스 ㅋㅋ,0.6953299045562744,0.11517611145973206,0.07619867473840714,0.055475231260061264,0.02612694539129734,0.03169316425919533
2024-03-03 00:31:12,사인츠 오늘 추월 개지린다 진짜 ㅋㅋㅋㅋㅋㅋㅋㅋㅋ,대 인 츠,17,17.0,사인츠 오늘 추월 개지린다 진짜 ㅋㅋㅋㅋㅋㅋㅋㅋㅋ 대 인 츠,사인츠 오늘 추월 개지린다 진짜 ㅋㅋㅋㅋㅋㅋㅋㅋㅋ 대 인 츠,0.6344306468963623,0.1435246467590332,0.09712298214435577,0.0598684623837471,0.03244553506374359,0.03260774537920952
2024-03-03 00:31:13,대런빙의,,17,17.0,대런빙의 ,대런빙의,0.6246088147163391,0.13625465333461761,0.10309895128011703,0.06928620487451553,0.028870295733213425,0.037881094962358475
2024-03-03 00:31:13,대 인 지 ㅋㅋㅋㅋㅋㅋㅋㅋ,,17,17.0,대 인 지 ㅋㅋㅋㅋㅋㅋㅋㅋ ,대 인 지 ㅋㅋㅋㅋㅋㅋㅋㅋ,0.6202414035797119,0.14393694698810577,0.10994963347911835,0.0645335391163826,0.030966512858867645,0.030371980741620064
2024-03-03 00:31:14,NEW)병신모음집,락끌레르 에휴,17,17.0,NEW)병신모음집 락끌레르 에휴,NEW)병신모음집 락끌레르 에휴,0.10171600431203842,0.27459076046943665,0.15968124568462372,0.22180087864398956,0.05817713215947151,0.18403397500514984
2024-03-03 00:31:14,대인즈 ㄷㄷㄷㄷ,지렸노,17,17.0,대인즈 ㄷㄷㄷㄷ 지렸노,대인즈 ㄷㄷㄷㄷ 지렸노,0.1710846871137619,0.20688177645206451,0.33590951561927795,0.12038900703191757,0.11412704735994339,0.051607951521873474
2024-03-03 00:31:15,와 ㄷㄷㄷㄷ,,17,17.0,와 ㄷㄷㄷㄷ ,와 ㄷㄷㄷㄷ,0.17125271260738373,0.20875659584999084,0.3349111080169678,0.12524649500846863,0.10505069047212601,0.05478237569332123
2024-03-03 00:31:15,대 인 츠,ㅋㅋㅋ,17,17.0,대 인 츠 ㅋㅋㅋ,대 인 츠 ㅋㅋㅋ,0.6957368850708008,0.11383256316184998,0.07711122184991837,0.05772288516163826,0.024769745767116547,0.030826665461063385
2024-03-03 00:31:18,캬 시발 이게 퍼스트지,시발 내년 어케하냐,17,17.0,캬 시발 이게 퍼스트지 시발 내년 어케하냐,캬 시발 이게 퍼스트지 시발 내년 어케하냐,0.1512187421321869,0.255280464887619,0.09391520172357559,0.23845267295837402,0.056990787386894226,0.20414216816425323
2024-03-03 00:31:19,이게 진짜 퍼스트다 ㅋㅋㅋ,캬,17,17.0,이게 진짜 퍼스트다 ㅋㅋㅋ 캬,이게 진짜 퍼스트다 ㅋㅋㅋ 캬,0.667178750038147,0.133517324924469,0.06433653086423874,0.05945697799324989,0.029854997992515564,0.04565542936325073
2024-03-03 00:31:19,페라리 내전 드가자 ㅋㅋㅋㅋ,,17,17.0,페라리 내전 드가자 ㅋㅋㅋㅋ ,페라리 내전 드가자 ㅋㅋㅋㅋ,0.6646060347557068,0.12040399014949799,0.08270429074764252,0.0633431226015091,0.030232660472393036,0.03870993107557297
2024-03-03 00:31:19,퍼스트행동ㅋㅋㅋㅋ,- dc official App,17,17.0,퍼스트행동ㅋㅋㅋㅋ - dc official App,퍼스트행동ㅋㅋㅋㅋ - dc official App,0.5528591871261597,0.15087564289569855,0.1497124582529068,0.08035064488649368,0.028810100629925728,0.037391845136880875
2024-03-03 00:31:19,둘이 계속 싸워라 레셀은 3등한다잇 ㅋㅋㅋㅋ,,17,17.0,둘이 계속 싸워라 레셀은 3등한다잇 ㅋㅋㅋㅋ ,둘이 계속 싸워라 레셀은 3등한다잇 ㅋㅋㅋㅋ,0.437974214553833,0.19062571227550507,0.1312139928340912,0.12848028540611267,0.04818107187747955,0.06352480500936508
2024-03-03 00:31:20,마구간 싸움 지리노ㅋㅋㅋㅋㅋㅋㅋㅋㅋ,,17,17.0,마구간 싸움 지리노ㅋㅋㅋㅋㅋㅋㅋㅋㅋ ,마구간 싸움 지리노ㅋㅋㅋㅋㅋㅋㅋㅋㅋ,0.34758901596069336,0.22354520857334137,0.23271444439888,0.09478255361318588,0.06522408872842789,0.036144670099020004
2024-03-03 00:31:20,올해 인기곡,"https://youtu.be/2nP79EHlDCY?si=J5iMm-KGV54KbWKb
네덜란드의 국가 - Anthem of Netherlands (Dutch/Korean)
헷 빌헬뮈스 (Het Wilhelmus) 네덜란드어 원본 한국어 해석---Dutch/Korean---헷 빌헬뮈스 는 네덜란드의 국가로서, 작사자 및 작곡자는 불명이다. 1898년, 빌헬미나 여왕에 의해 왕실 국가로 지정되었고 1932년에 공식 국가로 지정되어 오늘에 이르고 있다. ...
youtu.be
- dc official App",17,17.0,"올해 인기곡 https://youtu.be/2nP79EHlDCY?si=J5iMm-KGV54KbWKb
네덜란드의 국가 - Anthem of Netherlands (Dutch/Korean)
헷 빌헬뮈스 (Het Wilhelmus) 네덜란드어 원본 한국어 해석---Dutch/Korean---헷 빌헬뮈스 는 네덜란드의 국가로서, 작사자 및 작곡자는 불명이다. 1898년, 빌헬미나 여왕에 의해 왕실 국가로 지정되었고 1932년에 공식 국가로 지정되어 오늘에 이르고 있다. ...
youtu.be
- dc official App","올해 인기곡 네덜란드의 국가 - Anthem of Netherlands (Dutch/Korean) 헷 빌헬뮈스 (Het Wilhelmus) 네덜란드어 원본 한국어 해석---Dutch/Korean---헷 빌헬뮈스 는 네덜란드의 국가로서, 작사자 및 작곡자는 불명이다. 1898년, 빌헬미나 여왕에 의해 왕실 국가로 지정되었고 1932년에 공식 국가로 지정되어 오늘에 이르고 있다. ... youtu.be",0.3828258216381073,0.20703965425491333,0.2154870480298996,0.09355160593986511,0.0509803369641304,0.050115570425987244
2024-03-03 00:31:21,르끌 해밀턴 조합 개좆됐네ㅋㅋ,사인츠 해밀턴이면 몰라도,17,17.0,르끌 해밀턴 조합 개좆됐네ㅋㅋ 사인츠 해밀턴이면 몰라도,르끌 해밀턴 조합 개좆됐네ㅋㅋ 사인츠 해밀턴이면 몰라도,0.07438008487224579,0.23830130696296692,0.2847102880477905,0.16681407392024994,0.07953482866287231,0.1562594175338745
2024-03-03 00:31:21,미끌레자동문 ㅋㅋㅋㅋㅋㅋㅋ,병신,17,17.0,미끌레자동문 ㅋㅋㅋㅋㅋㅋㅋ 병신,미끌레자동문 ㅋㅋㅋㅋㅋㅋㅋ 병신,0.19288930296897888,0.2389305830001831,0.2342522144317627,0.18230393528938293,0.08280634880065918,0.0688176229596138
2024-03-03 00:31:22,아니 몽골 17랩탄 소프트가 온도올린 하드랑 갭 유지하는게 말이됨?,??,17,17.0,아니 몽골 17랩탄 소프트가 온도올린 하드랑 갭 유지하는게 말이됨? ??,아니 몽골 17랩탄 소프트가 온도올린 하드랑 갭 유지하는게 말이됨? ??,0.09722456336021423,0.23911409080028534,0.2803526818752289,0.17877283692359924,0.09641415625810623,0.10812173038721085
2024-03-03 00:31:22,르끌 존1233나못하네 시발개년아,이새끼 왜안자름???????????????????,17,17.0,르끌 존1233나못하네 시발개년아 이새끼 왜안자름???????????????????,르끌 존1233나못하네 시발개년아 이새끼 왜안자름???????????????????,0.11782153695821762,0.2031000554561615,0.12645691633224487,0.3072240650653839,0.04376598820090294,0.20163148641586304
2024-03-03 00:31:22,캬 ㅋㅋㅋㅋ,,17,17.0,캬 ㅋㅋㅋㅋ ,캬 ㅋㅋㅋㅋ,0.6498399972915649,0.12774543464183807,0.09907595068216324,0.0630994364619255,0.02627447061240673,0.03396471217274666
2024-03-03 00:31:23,스무스 오퍼레이러~,~,17,17.0,스무스 오퍼레이러~ ~,스무스 오퍼레이러~ ~,0.6959100365638733,0.10945702344179153,0.07243511825799942,0.06062445789575577,0.024186458438634872,0.03738696128129959
2024-03-03 00:31:25,애마 레이스 페이스가 뭔가뭔가네,,17,17.0,애마 레이스 페이스가 뭔가뭔가네 ,애마 레이스 페이스가 뭔가뭔가네,0.19044621288776398,0.23308256268501282,0.3316458463668823,0.10189088433980942,0.08929308503866196,0.053641412407159805
2024-03-03 00:31:25,대 인 지,퍼스트 '내 놔',17,17.0,대 인 지 퍼스트 '내 놔',대 인 지 퍼스트 '내 놔',0.1863941103219986,0.2697972059249878,0.14813779294490814,0.18643198907375336,0.04417940974235535,0.16505950689315796
2024-03-03 00:31:27,막스는 도넛 하나 만들어도 되겠다,ㅇㅇ,17,17.0,막스는 도넛 하나 만들어도 되겠다 ㅇㅇ,막스는 도넛 하나 만들어도 되겠다 ㅇㅇ,0.40724077820777893,0.2026667445898056,0.19155122339725494,0.07196216285228729,0.0862269178032875,0.040352169424295425
2024-03-03 00:31:28,페라리 트루 퍼스트 ㅋㅋㅋ,ㅋㅋ,17,17.0,페라리 트루 퍼스트 ㅋㅋㅋ ㅋㅋ,페라리 트루 퍼스트 ㅋㅋㅋ ㅋㅋ,0.6615913510322571,0.125857412815094,0.08376416563987732,0.06757469475269318,0.026093412190675735,0.03511899337172508
2024-03-03 00:31:29,하루에 2번 따잇 ㅋㅋㅋㅋㅋㅋㅋㅋㅋㅋ,퍼스트 호소인 새끼 ㅋㅋㅋㅋㅋㅋㅋㅋ,17,17.0,하루에 2번 따잇 ㅋㅋㅋㅋㅋㅋㅋㅋㅋㅋ 퍼스트 호소인 새끼 ㅋㅋㅋㅋㅋㅋㅋㅋ,하루에 2번 따잇 ㅋㅋㅋㅋㅋㅋㅋㅋㅋㅋ 퍼스트 호소인 새끼 ㅋㅋㅋㅋㅋㅋㅋㅋ,0.21007421612739563,0.21168939769268036,0.1430559903383255,0.26326510310173035,0.06770721077919006,0.1042080670595169
2024-03-03 00:31:30,막스 미친년아 타이어 지혼자 ㅋㅋㄱ,봐줘라 애들좀,17,17.0,막스 미친년아 타이어 지혼자 ㅋㅋㄱ 봐줘라 애들좀,막스 미친년아 타이어 지혼자 ㅋㅋㄱ 봐줘라 애들좀,0.14444498717784882,0.23710638284683228,0.1578662246465683,0.2646997272968292,0.07947046309709549,0.11641215533018112
2024-03-03 00:31:33,진짜 개인성적 따려나보네ㅋㅋㅋ,그래... 너라도 행복해라...,17,17.0,진짜 개인성적 따려나보네ㅋㅋㅋ 그래... 너라도 행복해라...,진짜 개인성적 따려나보네ㅋㅋㅋ 그래... 너라도 행복해라...,0.2828938663005829,0.25869280099868774,0.1565438210964203,0.10059522092342377,0.10596036165952682,0.0953138992190361
2024-03-03 00:31:35,드디어ㅋㅋㅋ,1 매그넘 먹고 와도 되는 각 아니냐 ㅋㅋ,17,17.0,드디어ㅋㅋㅋ 1 매그넘 먹고 와도 되는 각 아니냐 ㅋㅋ,드디어ㅋㅋㅋ 1 매그넘 먹고 와도 되는 각 아니냐 ㅋㅋ,0.6932870745658875,0.11615239083766937,0.07362131774425507,0.05380510538816452,0.0290412325412035,0.03409291058778763
2024-03-03 00:31:35,아니 타이어 소모 거의 없다는게 구라가 아니였어?,"뭔 시발 ㅋㅋ
- dc official App",17,17.0,"아니 타이어 소모 거의 없다는게 구라가 아니였어? 뭔 시발 ㅋㅋ
- dc official App",아니 타이어 소모 거의 없다는게 구라가 아니였어? 뭔 시발 ㅋㅋ,0.09207266569137573,0.23741763830184937,0.22851990163326263,0.21447758376598358,0.07893919199705124,0.14857296645641327
2024-03-03 00:31:37,17렙 소프트 달리고 프리스탑 ㅋㅋㅋ,ㅋㅋㅋㅋ 시발,17,17.0,17렙 소프트 달리고 프리스탑 ㅋㅋㅋ ㅋㅋㅋㅋ 시발,17렙 소프트 달리고 프리스탑 ㅋㅋㅋ ㅋㅋㅋㅋ 시발,0.12194447964429855,0.21366186439990997,0.11919526755809784,0.32118576765060425,0.05486634001135826,0.16914626955986023
2024-03-03 00:31:39,사인지 쳐내고 물탕경 데려온거 후회하는 페라리면 개추 ㅋㅋㅋㅋ,ㅋㅋㅋㅋ,17,17.0,사인지 쳐내고 물탕경 데려온거 후회하는 페라리면 개추 ㅋㅋㅋㅋ ㅋㅋㅋㅋ,사인지 쳐내고 물탕경 데려온거 후회하는 페라리면 개추 ㅋㅋㅋㅋ ㅋㅋㅋㅋ,0.19384969770908356,0.2891496419906616,0.174867644906044,0.17184612154960632,0.08320979028940201,0.08707717806100845
2024-03-03 00:31:40,내년 페라리는 징징대다가 끝날듯ㅋㅋㅋ,- dc official App,17,17.0,내년 페라리는 징징대다가 끝날듯ㅋㅋㅋ - dc official App,내년 페라리는 징징대다가 끝날듯ㅋㅋㅋ - dc official App,0.16492637991905212,0.3149902820587158,0.1898563951253891,0.1406160444021225,0.0830613300204277,0.10654962807893753
2024-03-03 00:31:40,몽골은 미디엄에 빨간칠하고 나온거지?,맞지?,17,17.0,몽골은 미디엄에 빨간칠하고 나온거지? 맞지?,몽골은 미디엄에 빨간칠하고 나온거지? 맞지?,0.14914317429065704,0.22921961545944214,0.3398594558238983,0.1107759028673172,0.10264812409877777,0.0683538094162941
2024-03-03 00:31:40,소프트로 18랩은 ㅅㅂㅋㅋㅋㅋ,"RB20 진짜 비행기냐고
- dc official App",17,17.0,"소프트로 18랩은 ㅅㅂㅋㅋㅋㅋ RB20 진짜 비행기냐고
- dc official App",소프트로 18랩은 ㅅㅂㅋㅋㅋㅋ RB20 진짜 비행기냐고,0.0965389609336853,0.2532271146774292,0.20837226510047913,0.22870244085788727,0.05975840613245964,0.15340079367160797
2024-03-03 00:31:41,타이어 낭비하지 말고 그냥 사인지 앞으로 보내라고,ㅅㅂㅋㅋ,17,17.0,타이어 낭비하지 말고 그냥 사인지 앞으로 보내라고 ㅅㅂㅋㅋ,타이어 낭비하지 말고 그냥 사인지 앞으로 보내라고 ㅅㅂㅋㅋ,0.16028828918933868,0.22769227623939514,0.10928060859441757,0.3214050829410553,0.040183912962675095,0.1411498337984085
2024-03-03 00:31:42,사실 페라리가 개병신임 ㄹㅇ,"시즌초에 계약 해버려서
사인즈 각성시킴",17,17.0,"사실 페라리가 개병신임 ㄹㅇ 시즌초에 계약 해버려서
사인즈 각성시킴",사실 페라리가 개병신임 ㄹㅇ 시즌초에 계약 해버려서 사인즈 각성시킴,0.08178147673606873,0.24600358307361603,0.1979571282863617,0.2366935759782791,0.08471152186393738,0.1528528481721878
2024-03-03 00:31:43,와 브레이킹 지렸다,"그저
페라리
퍼스트",17,17.0,"와 브레이킹 지렸다 그저
페라리
퍼스트",와 브레이킹 지렸다 그저 페라리 퍼스트,0.455428808927536,0.19183112680912018,0.17944416403770447,0.07469009608030319,0.05869552120566368,0.03991032391786575
2024-03-03 00:31:48,사인츠도 락업;;,,17,17.0,사인츠도 락업;; ,사인츠도 락업;;,0.1031017079949379,0.31162625551223755,0.18599583208560944,0.1507575362920761,0.0714959055185318,0.17702272534370422
2024-03-03 00:31:48,솔직히 현시점 차빨거르고 막스가 원탑 맞다.,"이정도로 기복도 없고
비오는 환경 특수도 없고
걍 꾸준히 말도안되는 실력 보여주는게
걍 원탑 맞음.",17,17.0,"솔직히 현시점 차빨거르고 막스가 원탑 맞다. 이정도로 기복도 없고
비오는 환경 특수도 없고
걍 꾸준히 말도안되는 실력 보여주는게
걍 원탑 맞음.",솔직히 현시점 차빨거르고 막스가 원탑 맞다. 이정도로 기복도 없고 비오는 환경 특수도 없고 걍 꾸준히 말도안되는 실력 보여주는게 걍 원탑 맞음.,0.18073415756225586,0.2208893597126007,0.2552458643913269,0.1180247887969017,0.14482124149799347,0.08028458803892136
2024-03-03 00:31:49,또걸렸네 휠락 ㅋㅋㅋㅋㅋ,,17,17.0,또걸렸네 휠락 ㅋㅋㅋㅋㅋ ,또걸렸네 휠락 ㅋㅋㅋㅋㅋ,0.21060912311077118,0.314871221780777,0.12220277637243271,0.17021061480045319,0.07491357624530792,0.1071927547454834
2024-03-03 00:31:52,캬 우리퍼스트 ㅅㅅㅅㅅ,ㅋㅋ,17,17.0,캬 우리퍼스트 ㅅㅅㅅㅅ ㅋㅋ,캬 우리퍼스트 ㅅㅅㅅㅅ ㅋㅋ,0.7022010684013367,0.11431492865085602,0.059736888855695724,0.05635534226894379,0.025797883048653603,0.04159388318657875
2024-03-03 00:31:52,르끌 차에 문제있네 저건 ㅋㅋㅋㅋ,,17,17.0,르끌 차에 문제있네 저건 ㅋㅋㅋㅋ ,르끌 차에 문제있네 저건 ㅋㅋㅋㅋ,0.07004763931035995,0.244050532579422,0.29394903779029846,0.18129105865955353,0.08345448225736618,0.12720730900764465
2024-03-03 00:31:52,또또또또또 락끌레르 ㅋㅋㅋㅋㅋ,,17,17.0,또또또또또 락끌레르 ㅋㅋㅋㅋㅋ ,또또또또또 락끌레르 ㅋㅋㅋㅋㅋ,0.6799960136413574,0.11937494575977325,0.07017993181943893,0.06972470879554749,0.02325890026986599,0.03746554255485535
2024-03-03 00:31:53,미끌레의 무지성 휠락쇼 ㅋㅋㅋ,,17,17.0,미끌레의 무지성 휠락쇼 ㅋㅋㅋ ,미끌레의 무지성 휠락쇼 ㅋㅋㅋ,0.2034953087568283,0.2696942687034607,0.2165566086769104,0.1659678816795349,0.07524518668651581,0.06904076784849167
2024-03-03 00:31:53,락끌ㄷㄷ,ㄷㄷ,17,17.0,락끌ㄷㄷ ㄷㄷ,락끌ㄷㄷ ㄷㄷ,0.15692861378192902,0.22110001742839813,0.32283249497413635,0.12078849971294403,0.1164918914437294,0.0618584081530571
2024-03-03 00:31:54,대 인 지 좆 라 리,이런애를 못잡고 ㅋㅋㅋ,17,17.0,대 인 지 좆 라 리 이런애를 못잡고 ㅋㅋㅋ,대 인 지 좆 라 리 이런애를 못잡고 ㅋㅋㅋ,0.07888063788414001,0.2365926206111908,0.22473590075969696,0.23612302541732788,0.08026251196861267,0.14340528845787048
2024-03-03 00:31:56,르끌 상습 휠락 기습 목격 ㅋㅋ,,17,17.0,르끌 상습 휠락 기습 목격 ㅋㅋ ,르끌 상습 휠락 기습 목격 ㅋㅋ,0.21544139087200165,0.277446985244751,0.21094690263271332,0.14292249083518982,0.08554700762033463,0.0676952600479126
2024-03-03 00:31:57,근데 해밀턴 페이스가 생각보다 별로노,ㅇㅇ,17,17.0,근데 해밀턴 페이스가 생각보다 별로노 ㅇㅇ,근데 해밀턴 페이스가 생각보다 별로노 ㅇㅇ,0.10607410967350006,0.27949225902557373,0.3215528726577759,0.11809700727462769,0.07585950195789337,0.09892423450946808
2024-03-03 00:31:57,페라리는 원래 지들끼리 싸움?,존나 웃기기 하네 ㅋㅋ,17,17.0,페라리는 원래 지들끼리 싸움? 존나 웃기기 하네 ㅋㅋ,페라리는 원래 지들끼리 싸움? 존나 웃기기 하네 ㅋㅋ,0.2980310320854187,0.24028444290161133,0.2508498430252075,0.10241664946079254,0.06482318788766861,0.043594878166913986
2024-03-03 00:31:58,락끌레 ㅋㅋㅋ,- dc official App,17,17.0,락끌레 ㅋㅋㅋ - dc official App,락끌레 ㅋㅋㅋ - dc official App,0.6217238903045654,0.13383729755878448,0.11209893971681595,0.07168257981538773,0.026020100340247154,0.03463716059923172
2024-03-03 00:31:59,차 진짜 병신이네,"시발 ㅋㅋ
- dc official App",17,17.0,"차 진짜 병신이네 시발 ㅋㅋ
- dc official App",차 진짜 병신이네 시발 ㅋㅋ,0.09039917588233948,0.21742576360702515,0.20663346350193024,0.2586173415184021,0.0720694363117218,0.15485478937625885
2024-03-03 00:32:00,르끌을 짤라야 되는거 아니냐,와꾸 믿고 너무 깝치네요,17,17.0,르끌을 짤라야 되는거 아니냐 와꾸 믿고 너무 깝치네요,르끌을 짤라야 되는거 아니냐 와꾸 믿고 너무 깝치네요,0.10336282849311829,0.1691220998764038,0.18235793709754944,0.3059580326080322,0.058036766946315765,0.18116243183612823
2024-03-03 00:32:00,페라리 퍼스트 사인지,- dc official App,17,17.0,페라리 퍼스트 사인지 - dc official App,페라리 퍼스트 사인지 - dc official App,0.3752918839454651,0.2115371823310852,0.2201666533946991,0.10352642089128494,0.03597240895032883,0.05350549891591072
2024-03-03 00:32:01,르끌은 매코너에서 휠락이 걸리냐,,17,17.0,르끌은 매코너에서 휠락이 걸리냐 ,르끌은 매코너에서 휠락이 걸리냐,0.10588575154542923,0.2761208713054657,0.2863863706588745,0.14510613679885864,0.06582938134670258,0.12067148834466934
2024-03-03 00:32:02,실수 실수 실 ㅅ 0,,17,17.0,실수 실수 실 ㅅ 0 ,실수 실수 실 ㅅ 0,0.13597500324249268,0.33277079463005066,0.15404216945171356,0.17114923894405365,0.06418285518884659,0.14187994599342346
2024-03-03 00:32:05,휠락클레,ㅋㅋㅋㅋ,17,17.0,휠락클레 ㅋㅋㅋㅋ,휠락클레 ㅋㅋㅋㅋ,0.6688748002052307,0.12033109366893768,0.0813814178109169,0.07041289657354355,0.024118078872561455,0.03488175943493843
2024-03-03 00:32:07,르끌레 저새끼 휠락 몇 번이고 ㅋㅋㅋㅋㅋㅋㅋㅋㅋㅋㅋㅋ,휠 박살 나겠노,17,17.0,르끌레 저새끼 휠락 몇 번이고 ㅋㅋㅋㅋㅋㅋㅋㅋㅋㅋㅋㅋ 휠 박살 나겠노,르끌레 저새끼 휠락 몇 번이고 ㅋㅋㅋㅋㅋㅋㅋㅋㅋㅋㅋㅋ 휠 박살 나겠노,0.10349384695291519,0.18264083564281464,0.2849317789077759,0.22079437971115112,0.11494357883930206,0.09319552779197693
2024-03-03 00:32:09,오 뜬다 시간,,17,17.0,오 뜬다 시간 ,오 뜬다 시간,0.511393129825592,0.1852344572544098,0.15112373232841492,0.06919914484024048,0.04450293257832527,0.038546524941921234
2024-03-03 00:32:10,시간 이제보여주네,,17,17.0,시간 이제보여주네 ,시간 이제보여주네,0.1856294870376587,0.3509303331375122,0.1625332087278366,0.11460135877132416,0.06724871695041656,0.11905686557292938
2024-03-03 00:32:10,미끌레 휠락쇼 ㄹㅈㄷ네 ㅋㅋㅋㅋㅋ,ㅋㅋㅋㅋㅋㅋㅋㅋ 온세상이 휠락이다,17,17.0,미끌레 휠락쇼 ㄹㅈㄷ네 ㅋㅋㅋㅋㅋ ㅋㅋㅋㅋㅋㅋㅋㅋ 온세상이 휠락이다,미끌레 휠락쇼 ㄹㅈㄷ네 ㅋㅋㅋㅋㅋ ㅋㅋㅋㅋㅋㅋㅋㅋ 온세상이 휠락이다,0.6735315918922424,0.12215016037225723,0.07784174382686615,0.06698773056268692,0.023853570222854614,0.03563517704606056
2024-03-03 00:32:10,르끌 차를 좆같이 세팅한듯,ㅇㅇ,17,17.0,르끌 차를 좆같이 세팅한듯 ㅇㅇ,르끌 차를 좆같이 세팅한듯 ㅇㅇ,0.07848989963531494,0.22698956727981567,0.2527909278869629,0.22412629425525665,0.057682666927576065,0.15992069244384766
2024-03-03 00:32:11,르끌 이 정도면 셋업이 안맞는 거 아님?,진짜 오만 곳에서 다 거리네,17,17.0,르끌 이 정도면 셋업이 안맞는 거 아님? 진짜 오만 곳에서 다 거리네,르끌 이 정도면 셋업이 안맞는 거 아님? 진짜 오만 곳에서 다 거리네,0.06592675298452377,0.27394533157348633,0.17338691651821136,0.2115810066461563,0.058337997645139694,0.21682201325893402
2024-03-03 00:32:11,어어? 왜 늦노?,,17,17.0,어어? 왜 늦노? ,어어? 왜 늦노?,0.11729550361633301,0.3369424045085907,0.20429880917072296,0.14087560772895813,0.07137402147054672,0.12921367585659027
2024-03-03 00:32:12,르끌 저정도면 ㄹㅇ 차가 병신인거 같은데?,ㄹㅇ 이상할정돈데,17,17.0,르끌 저정도면 ㄹㅇ 차가 병신인거 같은데? ㄹㅇ 이상할정돈데,르끌 저정도면 ㄹㅇ 차가 병신인거 같은데? ㄹㅇ 이상할정돈데,0.08443909883499146,0.19511204957962036,0.33762097358703613,0.16220888495445251,0.11444464325904846,0.10617437958717346
2024-03-03 00:32:13,2.9초 ㅋㅋㅋㅋ,ㅋㅋㅋㅋ,17,17.0,2.9초 ㅋㅋㅋㅋ ㅋㅋㅋㅋ,2.9초 ㅋㅋㅋㅋ ㅋㅋㅋㅋ,0.44996005296707153,0.20706935226917267,0.15287074446678162,0.10127045959234238,0.044997505843639374,0.04383188486099243
2024-03-03 00:32:18,나름 막가놈 자체패널티ㅋㅋㅋ,,17,17.0,나름 막가놈 자체패널티ㅋㅋㅋ ,나름 막가놈 자체패널티ㅋㅋㅋ,0.14923174679279327,0.2823970913887024,0.18967559933662415,0.19532476365566254,0.09503970295190811,0.08833106607198715
2024-03-03 00:32:18,시간 입갤,,17,17.0,시간 입갤 ,시간 입갤,0.5312911868095398,0.1725851446390152,0.14710375666618347,0.06618629395961761,0.04234646260738373,0.04048709571361542
2024-03-03 00:32:19,르끌레 레이스 휠락 최고 기록 찍겠는데? ㅋㅋㅋㅋㅋㅋㅋ,,17,17.0,르끌레 레이스 휠락 최고 기록 찍겠는데? ㅋㅋㅋㅋㅋㅋㅋ ,르끌레 레이스 휠락 최고 기록 찍겠는데? ㅋㅋㅋㅋㅋㅋㅋ,0.5284183621406555,0.1619631052017212,0.161766916513443,0.07447241991758347,0.04236704483628273,0.031012075021862984
2024-03-03 00:32:20,??? : 왜 다들 시트를 뺏겼다고 생각하는거지,"뺏긴게 아니라
​탈출하는거다",17,17.0,"??? : 왜 다들 시트를 뺏겼다고 생각하는거지 뺏긴게 아니라
​탈출하는거다",??? : 왜 다들 시트를 뺏겼다고 생각하는거지 뺏긴게 아니라 ​탈출하는거다,0.08058395236730576,0.2588350474834442,0.30996596813201904,0.14540565013885498,0.1067756712436676,0.098433718085289
2024-03-03 00:32:22,2.9초여도 리더네 ㅋㅋㅋㅋㅋ,,18,18.0,2.9초여도 리더네 ㅋㅋㅋㅋㅋ ,2.9초여도 리더네 ㅋㅋㅋㅋㅋ,0.33193016052246094,0.2108052670955658,0.2538796067237854,0.08829250931739807,0.08182608336210251,0.03326632082462311
2024-03-03 00:32:24,역시 퇴사 예정자만큼 무서운게 없다 ㅋㅋㅋㅋㅋ,싸인지 씹상남자 무빙ㅋㅋㅋㅋㅋ,18,18.0,역시 퇴사 예정자만큼 무서운게 없다 ㅋㅋㅋㅋㅋ 싸인지 씹상남자 무빙ㅋㅋㅋㅋㅋ,역시 퇴사 예정자만큼 무서운게 없다 ㅋㅋㅋㅋㅋ 싸인지 씹상남자 무빙ㅋㅋㅋㅋㅋ,0.3784990608692169,0.19279232621192932,0.1832364946603775,0.09784792363643646,0.09668368846178055,0.050940558314323425
2024-03-03 00:32:24,시발 피트스탑하는데 아무도 안 보이네 ㅋㅋ,아,18,18.0,시발 피트스탑하는데 아무도 안 보이네 ㅋㅋ 아,시발 피트스탑하는데 아무도 안 보이네 ㅋㅋ 아,0.12131766974925995,0.2251434326171875,0.10621560364961624,0.2953869104385376,0.04368216544389725,0.20825423300266266
2024-03-03 00:32:26,개좆핀 롱런 왜 괜찮음????????,똠상대로 DRS 안이네,18,18.0,개좆핀 롱런 왜 괜찮음???????? 똠상대로 DRS 안이네,개좆핀 롱런 왜 괜찮음???????? 똠상대로 DRS 안이네,0.08670668303966522,0.3029034733772278,0.2678702473640442,0.1389356404542923,0.10082060843706131,0.1027633398771286
2024-03-03 00:32:26,위 아 체킹 ㅋㅋㅋㅋㅋㅋㅋ,,18,18.0,위 아 체킹 ㅋㅋㅋㅋㅋㅋㅋ ,위 아 체킹 ㅋㅋㅋㅋㅋㅋㅋ,0.7109659314155579,0.10998590290546417,0.07072343677282333,0.053307708352804184,0.023789430037140846,0.03122762031853199
2024-03-03 00:32:29,쩨킹 ㅋㅋㅋㅋㅋ,"+ dc official App
- dc official App",18,18.0,"쩨킹 ㅋㅋㅋㅋㅋ + dc official App
- dc official App",쩨킹 ㅋㅋㅋㅋㅋ + dc official App,0.7073253393173218,0.1074787899851799,0.07285108417272568,0.057643741369247437,0.021942561492323875,0.03275856375694275
2024-03-03 00:32:30,위아째낑 ㅋㅋㅋㅋㅋㅋㅋㅋㅋㅋㅋ,,18,18.0,위아째낑 ㅋㅋㅋㅋㅋㅋㅋㅋㅋㅋㅋ ,위아째낑 ㅋㅋㅋㅋㅋㅋㅋㅋㅋㅋㅋ,0.7091870903968811,0.1087590754032135,0.06808546185493469,0.05570501089096069,0.02341572567820549,0.03484770283102989
2024-03-03 00:32:30,위어체킹또다시입갤ㅋㅋ,,18,18.0,위어체킹또다시입갤ㅋㅋ ,위어체킹또다시입갤ㅋㅋ,0.6846174001693726,0.11376935243606567,0.0719119980931282,0.06389608234167099,0.027350593358278275,0.0384545624256134
2024-03-03 00:32:30,위아체킹 입갤 ㅋㅋㅋ,- dc official App,18,18.0,위아체킹 입갤 ㅋㅋㅋ - dc official App,위아체킹 입갤 ㅋㅋㅋ - dc official App,0.6870686411857605,0.1116802841424942,0.08315926790237427,0.06015612185001373,0.0253122691065073,0.03262339159846306
2024-03-03 00:32:30,시즌1호 위아쩨낑 ㅋㅋㅋㅋㅋㅋㅋㅋㅋㅋㅋㅋㅋㅋ,ㅋㅋㅋㅋㅋㅋㅋㅋㅋㅋㅋㅋㅋㅋㅋㅋㅋㅋㅋㅋㅋㅋ,18,18.0,시즌1호 위아쩨낑 ㅋㅋㅋㅋㅋㅋㅋㅋㅋㅋㅋㅋㅋㅋ ㅋㅋㅋㅋㅋㅋㅋㅋㅋㅋㅋㅋㅋㅋㅋㅋㅋㅋㅋㅋㅋㅋ,시즌1호 위아쩨낑 ㅋㅋㅋㅋㅋㅋㅋㅋㅋㅋㅋㅋㅋㅋ ㅋㅋㅋㅋㅋㅋㅋㅋㅋㅋㅋㅋㅋㅋㅋㅋㅋㅋㅋㅋㅋㅋ,0.7005507946014404,0.1116771474480629,0.07342041283845901,0.058771632611751556,0.022829139605164528,0.0327509343624115
2024-03-03 00:32:31,위아 체킹 ㅋㅋㅋㅋ,,18,18.0,위아 체킹 ㅋㅋㅋㅋ ,위아 체킹 ㅋㅋㅋㅋ,0.7217989563941956,0.10370028018951416,0.06550334393978119,0.052739813923835754,0.02319614216685295,0.03306145966053009
2024-03-03 00:32:34,르끌레 징징 넘심하노 ㅋㅋ,ㅋㅋㅋ,18,18.0,르끌레 징징 넘심하노 ㅋㅋ ㅋㅋㅋ,르끌레 징징 넘심하노 ㅋㅋ ㅋㅋㅋ,0.13439497351646423,0.3413093090057373,0.16431942582130432,0.16787584125995636,0.08490919321775436,0.1071912944316864
2024-03-03 00:32:34,위아 쩨낑ㅋㅋㅋㅋ,,18,18.0,위아 쩨낑ㅋㅋㅋㅋ ,위아 쩨낑ㅋㅋㅋㅋ,0.7092068791389465,0.10719344019889832,0.07198838144540787,0.055236414074897766,0.02364560402929783,0.03272930905222893
2024-03-03 00:32:34,차가 우파ㄷㄷㄷㄷㄷ 역시 빨간색,ㅋㅋ,18,18.0,차가 우파ㄷㄷㄷㄷㄷ 역시 빨간색 ㅋㅋ,차가 우파ㄷㄷㄷㄷㄷ 역시 빨간색 ㅋㅋ,0.14317946135997772,0.20767758786678314,0.3155689239501953,0.14959919452667236,0.12777937948703766,0.05619538575410843
2024-03-03 00:32:35,해밀턴이 과외쌤 역으로 가는거구만,이제야 이해가 되네,18,18.0,해밀턴이 과외쌤 역으로 가는거구만 이제야 이해가 되네,해밀턴이 과외쌤 역으로 가는거구만 이제야 이해가 되네,0.1707383245229721,0.25080105662345886,0.31328460574150085,0.10013663023710251,0.10774876922369003,0.05729064717888832
2024-03-03 00:32:35,위아쩨낑 나왔다!,개씨팔ㅋㅋ,18,18.0,위아쩨낑 나왔다! 개씨팔ㅋㅋ,위아쩨낑 나왔다! 개씨팔ㅋㅋ,0.27851352095603943,0.20786285400390625,0.10437241941690445,0.2549269497394562,0.053907543420791626,0.10041673481464386
2024-03-03 00:32:35,오케 위아 체킹,"어김없이 ㅋㅋ
- dc official App",18,18.0,"오케 위아 체킹 어김없이 ㅋㅋ
- dc official App",오케 위아 체킹 어김없이 ㅋㅋ,0.7106255888938904,0.11106758564710617,0.060518983751535416,0.053107284009456635,0.02341575175523758,0.041264768689870834
2024-03-03 00:32:35,위아 쩨킹 ㅋㅋㅋㅋㅋㅋ,,18,18.0,위아 쩨킹 ㅋㅋㅋㅋㅋㅋ ,위아 쩨킹 ㅋㅋㅋㅋㅋㅋ,0.7128564119338989,0.1063261404633522,0.06739791482686996,0.05712737515568733,0.02273404784500599,0.03355812281370163
2024-03-03 00:32:36,캔낫 파이트 ㅋㅋㅋㅋㅋ,ㅋㅋㅋㅋ,18,18.0,캔낫 파이트 ㅋㅋㅋㅋㅋ ㅋㅋㅋㅋ,캔낫 파이트 ㅋㅋㅋㅋㅋ ㅋㅋㅋㅋ,0.7016292810440063,0.11272615939378738,0.0700787678360939,0.059556834399700165,0.022222591564059258,0.03378632292151451
2024-03-03 00:32:37,위 아 째낑 ㅋㅋㅋㅋㅋㅋㅋ,,18,18.0,위 아 째낑 ㅋㅋㅋㅋㅋㅋㅋ ,위 아 째낑 ㅋㅋㅋㅋㅋㅋㅋ,0.690907895565033,0.1159762367606163,0.07708288729190826,0.05667445808649063,0.025733649730682373,0.03362484648823738
2024-03-03 00:32:37,몽골이 존나 잘 달리는 거냐 아니면 무슨 도핑을 했나,F1에서도 레드불에서도 쟤한테만 좋은 차 주고 타이어 최상으로 준 거 아니냐??? ㅋㅋㅋㅋㅋㅋㅋ,18,18.0,몽골이 존나 잘 달리는 거냐 아니면 무슨 도핑을 했나 F1에서도 레드불에서도 쟤한테만 좋은 차 주고 타이어 최상으로 준 거 아니냐??? ㅋㅋㅋㅋㅋㅋㅋ,몽골이 존나 잘 달리는 거냐 아니면 무슨 도핑을 했나 F1에서도 레드불에서도 쟤한테만 좋은 차 주고 타이어 최상으로 준 거 아니냐??? ㅋㅋㅋㅋㅋㅋㅋ,0.08967632800340652,0.18873165547847748,0.30700919032096863,0.2118375450372696,0.10383078455924988,0.0989144816994667
2024-03-03 00:32:38,난 막스 핏스탑 3.0으로 쟀는데 저긴 2.9네,어느 타이밍 측정인지 알겠다,18,18.0,난 막스 핏스탑 3.0으로 쟀는데 저긴 2.9네 어느 타이밍 측정인지 알겠다,난 막스 핏스탑 3.0으로 쟀는데 저긴 2.9네 어느 타이밍 측정인지 알겠다,0.10267186164855957,0.27687883377075195,0.3048134744167328,0.12842334806919098,0.10603542625904083,0.08117707073688507
2024-03-03 00:32:38,위아 체킹 시발ㅋㅋㅋ,,18,18.0,위아 체킹 시발ㅋㅋㅋ ,위아 체킹 시발ㅋㅋㅋ,0.16034582257270813,0.24195855855941772,0.1312309205532074,0.276132732629776,0.06659479439258575,0.12373717129230499
2024-03-03 00:32:41,저거 차 세팅 좆박아서 그러네,"일관되게 락업걸리는거면 차 문제같음
- dc official App",18,18.0,"저거 차 세팅 좆박아서 그러네 일관되게 락업걸리는거면 차 문제같음
- dc official App",저거 차 세팅 좆박아서 그러네 일관되게 락업걸리는거면 차 문제같음,0.07718547433614731,0.19125230610370636,0.3351486921310425,0.1567922830581665,0.07117487490177155,0.168446347117424
2024-03-03 00:32:42,그냥 르클이 병신이짘ㅋㅋㅋㅋ 발전이 없는데,- dc official App,18,18.0,그냥 르클이 병신이짘ㅋㅋㅋㅋ 발전이 없는데 - dc official App,그냥 르클이 병신이짘ㅋㅋㅋㅋ 발전이 없는데 - dc official App,0.10585697740316391,0.312904417514801,0.20263685286045074,0.16459113359451294,0.07941349595785141,0.13459713757038116
2024-03-03 00:32:42,시즌 1호 위 아 째킹 ㅋㅋㅋㅋㅋㅋㅋㅋㅋ,,18,18.0,시즌 1호 위 아 째킹 ㅋㅋㅋㅋㅋㅋㅋㅋㅋ ,시즌 1호 위 아 째킹 ㅋㅋㅋㅋㅋㅋㅋㅋㅋ,0.7079355120658875,0.10617390275001526,0.07318934798240662,0.05695997178554535,0.023883914574980736,0.03185730800032616
2024-03-03 00:32:44,막 홍어 이번에도 또 월챔이야?,애효 홍어 강정기,18,18.0,막 홍어 이번에도 또 월챔이야? 애효 홍어 강정기,막 홍어 이번에도 또 월챔이야? 애효 홍어 강정기,0.08184157311916351,0.25499382615089417,0.15083885192871094,0.23808281123638153,0.07344122231006622,0.2008017599582672
2024-03-03 00:32:44,사인지 폼 미쳤네 진짜 ㅅㅂ ㅋㅋㅋ,,18,18.0,사인지 폼 미쳤네 진짜 ㅅㅂ ㅋㅋㅋ ,사인지 폼 미쳤네 진짜 ㅅㅂ ㅋㅋㅋ,0.4050668776035309,0.19375309348106384,0.18824176490306854,0.10639260709285736,0.05923048406839371,0.04731522127985954
2024-03-03 00:32:45,저새끼 피트아웃 하고도 P1 씹;;;,- dc official App,18,18.0,저새끼 피트아웃 하고도 P1 씹;;; - dc official App,저새끼 피트아웃 하고도 P1 씹;;; - dc official App,0.10062757879495621,0.18267656862735748,0.17049634456634521,0.3140052258968353,0.06886949390172958,0.1633247435092926
2024-03-03 00:32:46,위아쩨낑 입갤 ㅋㅋㅋ,ㅅㅂ ㅋㅋㅋㅋ,18,18.0,위아쩨낑 입갤 ㅋㅋㅋ ㅅㅂ ㅋㅋㅋㅋ,위아쩨낑 입갤 ㅋㅋㅋ ㅅㅂ ㅋㅋㅋㅋ,0.39412471652030945,0.20546771585941315,0.09675304591655731,0.18537616729736328,0.04521108418703079,0.07306727766990662
2024-03-03 00:32:48,사인츠 ㅅㅅㅅㅅㅅ,,18,18.0,사인츠 ㅅㅅㅅㅅㅅ ,사인츠 ㅅㅅㅅㅅㅅ,0.7138656377792358,0.10812833905220032,0.06455732136964798,0.054768580943346024,0.02249123342335224,0.03618890419602394
2024-03-03 00:32:49,시즌1호 위아쩨낑 ㅋㅋㅋㅋㅋㅋㅋㅋㅋㅋㅋㅋㅋ,ㅋㅋㅋㅋㅋㅋㅋㅋㅋ,18,18.0,시즌1호 위아쩨낑 ㅋㅋㅋㅋㅋㅋㅋㅋㅋㅋㅋㅋㅋ ㅋㅋㅋㅋㅋㅋㅋㅋㅋ,시즌1호 위아쩨낑 ㅋㅋㅋㅋㅋㅋㅋㅋㅋㅋㅋㅋㅋ ㅋㅋㅋㅋㅋㅋㅋㅋㅋ,0.7006458044052124,0.11045604199171066,0.07422366738319397,0.05909121781587601,0.02222280763089657,0.033360447734594345
2024-03-03 00:32:50,르끌은 타이어 깍두기 만들어먹으러그러냐,휠락 ㅈㄴ하네 ㅋㅋ,18,18.0,르끌은 타이어 깍두기 만들어먹으러그러냐 휠락 ㅈㄴ하네 ㅋㅋ,르끌은 타이어 깍두기 만들어먹으러그러냐 휠락 ㅈㄴ하네 ㅋㅋ,0.10046867281198502,0.24286368489265442,0.2403106689453125,0.21870963275432587,0.08505886793136597,0.11258845031261444
2024-03-03 00:32:51,안돼 시발,,18,18.0,안돼 시발 ,안돼 시발,0.12315773963928223,0.20858792960643768,0.12366057932376862,0.2982330918312073,0.04496040567755699,0.2014002948999405
2024-03-03 00:32:51,대인즈 ㅋㅋㅋㅋ,"+ dc official App
- dc official App",18,18.0,"대인즈 ㅋㅋㅋㅋ + dc official App
- dc official App",대인즈 ㅋㅋㅋㅋ + dc official App,0.6752643585205078,0.11522950232028961,0.08921626955270767,0.06384088844060898,0.023432664573192596,0.03301630914211273
2024-03-03 00:32:52,얼라이먼트 나갔나?,그러면 큰일인데,18,18.0,얼라이먼트 나갔나? 그러면 큰일인데,얼라이먼트 나갔나? 그러면 큰일인데,0.1597093939781189,0.21238067746162415,0.3347017765045166,0.10775922983884811,0.10552743822336197,0.07992151379585266
2024-03-03 00:32:53,대 인 츠,,18,18.0,대 인 츠 ,대 인 츠,0.6219139695167542,0.13900382816791534,0.11047762632369995,0.06703454256057739,0.028185833245515823,0.033384211361408234
2024-03-03 00:32:53,위아쩨킹 듣기만해도 웃기네 ㅋㅋ,,18,18.0,위아쩨킹 듣기만해도 웃기네 ㅋㅋ ,위아쩨킹 듣기만해도 웃기네 ㅋㅋ,0.6434940099716187,0.12784263491630554,0.10248596966266632,0.06266330927610397,0.029401447623968124,0.0341126024723053
2024-03-03 00:32:54,아니 사인츠 폼 왜이럼 진짜???,,18,18.0,아니 사인츠 폼 왜이럼 진짜??? ,아니 사인츠 폼 왜이럼 진짜???,0.07765880227088928,0.2896330654621124,0.23689857125282288,0.1688394546508789,0.07964789122343063,0.14732220768928528
2024-03-03 00:32:54,사인츠 오늘 폼 개좋네,- dc official App,18,18.0,사인츠 오늘 폼 개좋네 - dc official App,사인츠 오늘 폼 개좋네 - dc official App,0.7140864133834839,0.1088167354464531,0.06670260429382324,0.05018749460577965,0.02616124227643013,0.034045539796352386
2024-03-03 00:32:54,사인지 미쳤다 더 해라 ㅋㅋㅋ,- dc official App,18,18.0,사인지 미쳤다 더 해라 ㅋㅋㅋ - dc official App,사인지 미쳤다 더 해라 ㅋㅋㅋ - dc official App,0.7135225534439087,0.10920137912034988,0.06980964541435242,0.052383702248334885,0.024643132463097572,0.03043952025473118
2024-03-03 00:32:56,쥬지 털렸너ㅠㅠ,십,18,18.0,쥬지 털렸너ㅠㅠ 십,쥬지 털렸너ㅠㅠ 십,0.11575717478990555,0.2180779129266739,0.14457468688488007,0.22150714695453644,0.0722155049443245,0.22786754369735718
2024-03-03 00:32:56,대 인 지 빨딱 섰노 ㄷㄷ,역시 취준생,18,18.0,대 인 지 빨딱 섰노 ㄷㄷ 역시 취준생,대 인 지 빨딱 섰노 ㄷㄷ 역시 취준생,0.18899841606616974,0.2128133326768875,0.29617759585380554,0.11562434583902359,0.1359257847070694,0.050460509955883026
2024-03-03 00:32:56,캬 대인츠,이거지 ㅋㅋ,18,18.0,캬 대인츠 이거지 ㅋㅋ,캬 대인츠 이거지 ㅋㅋ,0.6934494376182556,0.12068594247102737,0.06592278182506561,0.05639565736055374,0.025814665481448174,0.03773147612810135
2024-03-03 00:32:56,대 인 츠,,18,18.0,대 인 츠 ,대 인 츠,0.6219139695167542,0.13900382816791534,0.11047762632369995,0.06703454256057739,0.028185833245515823,0.033384211361408234
2024-03-03 00:32:56,와 대 인 츠,ㄷㄷㄷㄷ,18,18.0,와 대 인 츠 ㄷㄷㄷㄷ,와 대 인 츠 ㄷㄷㄷㄷ,0.1891208440065384,0.1971960961818695,0.34136149287223816,0.1178785189986229,0.10512513667345047,0.049317866563797
2024-03-03 00:32:58,대 인 츠 ㄷㄷㄷ,ㄷㄷ,18,18.0,대 인 츠 ㄷㄷㄷ ㄷㄷ,대 인 츠 ㄷㄷㄷ ㄷㄷ,0.18304410576820374,0.1991780400276184,0.3422275483608246,0.11899332702159882,0.10540895164012909,0.05114801228046417
2024-03-03 00:32:58,싸인지 존나 잘하는데 이걸 쳐내내 ㅋㅋㅋㅋ,그저 페,18,18.0,싸인지 존나 잘하는데 이걸 쳐내내 ㅋㅋㅋㅋ 그저 페,싸인지 존나 잘하는데 이걸 쳐내내 ㅋㅋㅋㅋ 그저 페,0.07638845592737198,0.23429735004901886,0.2210204154253006,0.23279961943626404,0.10480007529258728,0.13069410622119904
2024-03-03 00:32:58,대 인 즈,ㅇ,18,18.0,대 인 즈 ㅇ,대 인 즈 ㅇ,0.6759819388389587,0.11350145190954208,0.07781364768743515,0.06222551316022873,0.028727414086461067,0.0417499765753746
2024-03-03 00:32:58,황인츠,갓,18,18.0,황인츠 갓,황인츠 갓,0.7013888955116272,0.11370228230953217,0.06471756100654602,0.051793284714221954,0.027549078688025475,0.040848881006240845
2024-03-03 00:33:00,대인지,,18,18.0,대인지 ,대인지,0.3709414005279541,0.2336084544658661,0.21478454768657684,0.07783754169940948,0.05748295783996582,0.045345108956098557
2024-03-03 00:33:01,사인츠 오늘 DOD 확정각ㅋㅋㅋ,트루퍼스트,18,18.0,사인츠 오늘 DOD 확정각ㅋㅋㅋ 트루퍼스트,사인츠 오늘 DOD 확정각ㅋㅋㅋ 트루퍼스트,0.7010487914085388,0.11044937372207642,0.06849454343318939,0.05721532180905342,0.026282144710421562,0.03650983050465584
2024-03-03 00:33:02,페라리 사인츠 방출한거 좆된 선택인듯ㅋㅋㅋㅋㅋㅋ,,18,18.0,페라리 사인츠 방출한거 좆된 선택인듯ㅋㅋㅋㅋㅋㅋ ,페라리 사인츠 방출한거 좆된 선택인듯ㅋㅋㅋㅋㅋㅋ,0.08376146852970123,0.3172962963581085,0.22030530869960785,0.15201160311698914,0.11427541077136993,0.11234995722770691
2024-03-03 00:33:02,대인지 ㅅㅅㅅㅅㅅㅅㅅㅅ,- dc official App,18,18.0,대인지 ㅅㅅㅅㅅㅅㅅㅅㅅ - dc official App,대인지 ㅅㅅㅅㅅㅅㅅㅅㅅ - dc official App,0.698047935962677,0.11271851509809494,0.07571311295032501,0.057392947375774384,0.022709757089614868,0.03341775760054588
2024-03-03 00:33:03,대인즈 ㄷㄷ,폼 미쳤노,18,18.0,대인즈 ㄷㄷ 폼 미쳤노,대인즈 ㄷㄷ 폼 미쳤노,0.30837109684944153,0.20257450640201569,0.2771610617637634,0.09340740740299225,0.07914448529481888,0.039341431111097336
2024-03-03 00:33:04,대 인 지,와우,18,18.0,대 인 지 와우,대 인 지 와우,0.3067915439605713,0.21176595985889435,0.2691366672515869,0.09022662043571472,0.08228148519992828,0.03979772701859474
2024-03-03 00:33:03,쥬지 시발아 !!!!,,18,18.0,쥬지 시발아 !!!! ,쥬지 시발아 !!!!,0.4589041769504547,0.1675778031349182,0.09852298349142075,0.1687425971031189,0.04026946425437927,0.06598305702209473
2024-03-03 00:33:04,기안84 투스카니랑 섞으면 균형 맞겠누,"왼쪽으로 가는 차+오른쪽으로 가는 차
=중립",18,18.0,"기안84 투스카니랑 섞으면 균형 맞겠누 왼쪽으로 가는 차+오른쪽으로 가는 차
=중립",기안84 투스카니랑 섞으면 균형 맞겠누 왼쪽으로 가는 차+오른쪽으로 가는 차 =중립,0.3744240403175354,0.20481669902801514,0.22171159088611603,0.08527477085590363,0.06663928925991058,0.047133587300777435
2024-03-03 00:33:05,오늘 사인츠 폼 좋네,- dc official App,18,18.0,오늘 사인츠 폼 좋네 - dc official App,오늘 사인츠 폼 좋네 - dc official App,0.7055372595787048,0.11163405328989029,0.07156960666179657,0.05241343751549721,0.0252065472304821,0.0336390882730484
2024-03-03 00:33:08,"""병신팀에서 내가 존나 잘하면 되는거 아님?""",어 맞아 인츠야 그냥 니가 하고ㅠ싶은거 다해!!!!,18,18.0,"""병신팀에서 내가 존나 잘하면 되는거 아님?"" 어 맞아 인츠야 그냥 니가 하고ㅠ싶은거 다해!!!!","""병신팀에서 내가 존나 잘하면 되는거 아님?"" 어 맞아 인츠야 그냥 니가 하고ㅠ싶은거 다해!!!!",0.38921985030174255,0.19627392292022705,0.12986689805984497,0.09616617858409882,0.09387433528900146,0.09459880739450455
2024-03-03 00:33:09,"fa,퇴사 는 못막지",- dc official App,18,18.0,"fa,퇴사 는 못막지 - dc official App","fa,퇴사 는 못막지 - dc official App",0.1219753846526146,0.2885015308856964,0.2870120704174042,0.10399028658866882,0.07404511421918869,0.12447557598352432
2024-03-03 00:33:10,사인지 미쳤네,.,18,18.0,사인지 미쳤네 .,사인지 미쳤네 .,0.17387093603610992,0.20842622220516205,0.30164864659309387,0.136905238032341,0.11528494209051132,0.06386405229568481
2024-03-03 00:33:10,쥬지 뒷빵꽃더니 질질싸네 ㅜㅜㅜ,,18,18.0,쥬지 뒷빵꽃더니 질질싸네 ㅜㅜㅜ ,쥬지 뒷빵꽃더니 질질싸네 ㅜㅜㅜ,0.14026840031147003,0.23485657572746277,0.22839218378067017,0.16391104459762573,0.13170869648456573,0.1008630096912384
2024-03-03 00:33:11,대 인 지 ㄷ ㄷ,"1 막스 2 체코 3 사인지
경기다봤다",18,18.0,"대 인 지 ㄷ ㄷ 1 막스 2 체코 3 사인지
경기다봤다",대 인 지 ㄷ ㄷ 1 막스 2 체코 3 사인지 경기다봤다,0.2728293240070343,0.21034428477287292,0.30173519253730774,0.09330328553915024,0.08464116603136063,0.037146762013435364
2024-03-03 00:33:15,페라리 퍼스트 사인츠 ㅋㅋㅋㅋㅋㅋㅋㅋㅋㅋㅋㅋㅋㅋㅋㅋㅋㅋㅋㅋ,근데 이제 어디로 가누,18,18.0,페라리 퍼스트 사인츠 ㅋㅋㅋㅋㅋㅋㅋㅋㅋㅋㅋㅋㅋㅋㅋㅋㅋㅋㅋㅋ 근데 이제 어디로 가누,페라리 퍼스트 사인츠 ㅋㅋㅋㅋㅋㅋㅋㅋㅋㅋㅋㅋㅋㅋㅋㅋㅋㅋㅋㅋ 근데 이제 어디로 가누,0.34671857953071594,0.2788802981376648,0.09542151540517807,0.12490060925483704,0.054644178599119186,0.0994347333908081
2024-03-03 00:33:15,시발 지금이라도 계약서 찢어라ㅋㅋㅋ,,18,18.0,시발 지금이라도 계약서 찢어라ㅋㅋㅋ ,시발 지금이라도 계약서 찢어라ㅋㅋㅋ,0.15923972427845,0.18495894968509674,0.10513214766979218,0.3059161305427551,0.04226909205317497,0.20248398184776306
2024-03-03 00:33:15,월챔호소인이랑 같은차 맞노?ㅋㅋㅋㅋㅋㅋㅋ,,18,18.0,월챔호소인이랑 같은차 맞노?ㅋㅋㅋㅋㅋㅋㅋ ,월챔호소인이랑 같은차 맞노?ㅋㅋㅋㅋㅋㅋㅋ,0.1495629996061325,0.2211032658815384,0.32596343755722046,0.13710002601146698,0.11076992005109787,0.05550041049718857
2024-03-03 00:33:16,와 잘한다,대인츠,18,18.0,와 잘한다 대인츠,와 잘한다 대인츠,0.6376461982727051,0.14491389691829681,0.08227493613958359,0.05765320360660553,0.03634974732995033,0.04116196557879448
2024-03-03 00:33:18,사인지 야마 돌았다 ㅋㅋㅋㅋㅋㅋ,- dc official App,18,18.0,사인지 야마 돌았다 ㅋㅋㅋㅋㅋㅋ - dc official App,사인지 야마 돌았다 ㅋㅋㅋㅋㅋㅋ - dc official App,0.22594110667705536,0.25921738147735596,0.14844371378421783,0.21023108065128326,0.06993564963340759,0.0862310379743576
2024-03-03 00:33:18,샤비 샤발롬아,뭔 짓을 해놓은거야,18,18.0,샤비 샤발롬아 뭔 짓을 해놓은거야,샤비 샤발롬아 뭔 짓을 해놓은거야,0.12137855589389801,0.18869523704051971,0.14560765027999878,0.3032567501068115,0.0536634661257267,0.18739834427833557
2024-03-03 00:33:19,사인츠 < 이 새끼는 차도 직접 만듬?,저거 씨발 페라리 아니잖아,18,18.0,사인츠 < 이 새끼는 차도 직접 만듬? 저거 씨발 페라리 아니잖아,사인츠 < 이 새끼는 차도 직접 만듬? 저거 씨발 페라리 아니잖아,0.09537205845117569,0.20017912983894348,0.20255246758460999,0.2760400176048279,0.05953231453895569,0.1663239598274231
2024-03-03 00:33:20,햄르 듀오가 확실한게,징징거리는게 닮았음,18,18.0,햄르 듀오가 확실한게 징징거리는게 닮았음,햄르 듀오가 확실한게 징징거리는게 닮았음,0.17010220885276794,0.24879106879234314,0.3258078694343567,0.10460541397333145,0.10541172325611115,0.045281775295734406
2024-03-03 00:33:22,레드불에서 싸인지 다시 데려올 가능성 잇냐?,진자모름,18,18.0,레드불에서 싸인지 다시 데려올 가능성 잇냐? 진자모름,레드불에서 싸인지 다시 데려올 가능성 잇냐? 진자모름,0.11594736576080322,0.22336257994174957,0.3352956771850586,0.11660902202129364,0.11727888882160187,0.0915064886212349
2024-03-03 00:33:22,시즌 1호 위아쩨낑 입갤 ㅋㅋㅋ,"이궈궈던 ㅋㅋㅋㅋ
- dc official App",18,18.0,"시즌 1호 위아쩨낑 입갤 ㅋㅋㅋ 이궈궈던 ㅋㅋㅋㅋ
- dc official App",시즌 1호 위아쩨낑 입갤 ㅋㅋㅋ 이궈궈던 ㅋㅋㅋㅋ,0.7038702368736267,0.1070970669388771,0.07249267399311066,0.05710449814796448,0.025517422705888748,0.03391805663704872
2024-03-03 00:33:23,대 인지,대인 지,18,18.0,대 인지 대인 지,대 인지 대인 지,0.15838444232940674,0.231421560049057,0.32768166065216064,0.12145102024078369,0.08277422189712524,0.07828709483146667
2024-03-03 00:33:24,대인지 ㄸㄷ,ㅇ,18,18.0,대인지 ㄸㄷ ㅇ,대인지 ㄸㄷ ㅇ,0.2706981301307678,0.2327045202255249,0.27074119448661804,0.10048804432153702,0.0718730166554451,0.05349509045481682
2024-03-03 00:33:26,니들 인생임 ㅇㅇ,"1. 진짜 친구 없음 (그냥 인사 정도하고 같이 밥 먹는 수준의 친구만 있음)
2. 머리가 나쁨 자기 인생 갉아먹으면서 시간 허비함 본인은 짜투리 시간 쓴다고 자위질
3. 사회부적응자 인간관계에 어려움을 가짐
4. 애니감상이나 영화감상 또는 컴퓨터 스마트폰 게임하기 같은 취미만 있음
5. 여자친구 없음(친구가 없는데 여자랑은 말도 섞지 못함. 과제 얘기나 hello 요따위 얘기만 함)
6. 팀플 때마다 교수 욕함(전형적인 사회부적응자의 반응)
7. 도서관에 자주 감( 공부는 안하고 디시를 함. 도서관에 있는 시간을 보면 과탑예상하지만 학점0.4점 전후 언저리에 있음)
8. 자기만의 정신세계를 가지고 있음( 그냥 또라이임 )
9. 일기를 디시에 남김 ( 누군가 자신을 봐주길 바람)
답댓은 따로 안달아주는게 유동이다를 꼭 기억하고 행동해라
이레서 유동이 편하노! 이기! F1걀이라면서 걍 ㅂㅅ들 천지인데 이게 어딜봐서 f1갤인가 싶다ㅋㅋㅋㅋㅋㅋㅋㅋ 갤1원들 수준 전부 보1지인가 ㅋㅋㅋㅋㅋㅋㅋㅋㅋㅋㅋㅋㅋㅋㅋㅋㅋㅋ",18,18.0,"니들 인생임 ㅇㅇ 1. 진짜 친구 없음 (그냥 인사 정도하고 같이 밥 먹는 수준의 친구만 있음)
2. 머리가 나쁨 자기 인생 갉아먹으면서 시간 허비함 본인은 짜투리 시간 쓴다고 자위질
3. 사회부적응자 인간관계에 어려움을 가짐
4. 애니감상이나 영화감상 또는 컴퓨터 스마트폰 게임하기 같은 취미만 있음
5. 여자친구 없음(친구가 없는데 여자랑은 말도 섞지 못함. 과제 얘기나 hello 요따위 얘기만 함)
6. 팀플 때마다 교수 욕함(전형적인 사회부적응자의 반응)
7. 도서관에 자주 감( 공부는 안하고 디시를 함. 도서관에 있는 시간을 보면 과탑예상하지만 학점0.4점 전후 언저리에 있음)
8. 자기만의 정신세계를 가지고 있음( 그냥 또라이임 )
9. 일기를 디시에 남김 ( 누군가 자신을 봐주길 바람)
답댓은 따로 안달아주는게 유동이다를 꼭 기억하고 행동해라
이레서 유동이 편하노! 이기! F1걀이라면서 걍 ㅂㅅ들 천지인데 이게 어딜봐서 f1갤인가 싶다ㅋㅋㅋㅋㅋㅋㅋㅋ 갤1원들 수준 전부 보1지인가 ㅋㅋㅋㅋㅋㅋㅋㅋㅋㅋㅋㅋㅋㅋㅋㅋㅋㅋ",니들 인생임 ㅇㅇ 1. 진짜 친구 없음 (그냥 인사 정도하고 같이 밥 먹는 수준의 친구만 있음) 2. 머리가 나쁨 자기 인생 갉아먹으면서 시간 허비함 본인은 짜투리 시간 쓴다고 자위질 3. 사회부적응자 인간관계에 어려움을 가짐 4. 애니감상이나 영화감상 또는 컴퓨터 스마트폰 게임하기 같은 취미만 있음 5. 여자친구 없음(친구가 없는데 여자랑은 말도 섞지 못함. 과제 얘기나 hello 요따위 얘기만 함) 6. 팀플 때마다 교수 욕함(전형적인 사회부적응자의 반응) 7. 도서관에 자주 감( 공부는 안하고 디시를 함. 도서관에 있는 시간을 보면 과탑예상하지만 학점0.4점 전후 언저리에 있음) 8. 자기만의 정신세계를 가지고 있음( 그냥 또라이임 ) 9. 일기를 디시에 남김 ( 누군가 자신을 봐주길 바람) 답댓은 따로 안달아주는게 유동이다를 꼭 기억하고 행동해라 이레서 유동이 편하노! 이기! F1걀이라면서 걍 ㅂㅅ들 천지인데 이게 어딜봐서 f1갤인가 싶다ㅋㅋㅋㅋㅋㅋㅋㅋ 갤1원들 수준 전부 보1지인가 ㅋㅋㅋㅋㅋㅋㅋㅋㅋㅋㅋㅋㅋㅋㅋㅋㅋㅋ,0.08578835427761078,0.22071431577205658,0.25225669145584106,0.1812582165002823,0.08128843456506729,0.1786939799785614
2024-03-03 00:33:28,시트를 잃은 자의 분노의 질주 ㅋㅋㅋㅋㅋ,ㅋㅋㅋㅋ,18,18.0,시트를 잃은 자의 분노의 질주 ㅋㅋㅋㅋㅋ ㅋㅋㅋㅋ,시트를 잃은 자의 분노의 질주 ㅋㅋㅋㅋㅋ ㅋㅋㅋㅋ,0.3872472941875458,0.24383167922496796,0.1500856727361679,0.11407686769962311,0.053608354181051254,0.051150109618902206
2024-03-03 00:33:29,사인지 왜 퍼스트 아님,,18,18.0,사인지 왜 퍼스트 아님 ,사인지 왜 퍼스트 아님,0.1317516267299652,0.26720333099365234,0.31062737107276917,0.1356944739818573,0.05265576392412186,0.10206740349531174
2024-03-03 00:33:28,애새끼 실시간으로 징징대는중 ㅋㅋㅋㅋㅋ,ㅋㅋㅋㅋㅋㅋㅋㅋㅋㅋ,18,18.0,애새끼 실시간으로 징징대는중 ㅋㅋㅋㅋㅋ ㅋㅋㅋㅋㅋㅋㅋㅋㅋㅋ,애새끼 실시간으로 징징대는중 ㅋㅋㅋㅋㅋ ㅋㅋㅋㅋㅋㅋㅋㅋㅋㅋ,0.22473353147506714,0.2533298134803772,0.16369451582431793,0.20485647022724152,0.07146171480417252,0.08192389458417892
2024-03-03 00:33:29,사인츠 나간다고 이 악물었노,,18,18.0,사인츠 나간다고 이 악물었노 ,사인츠 나간다고 이 악물었노,0.10491545498371124,0.27684342861175537,0.24015748500823975,0.14969652891159058,0.13431598246097565,0.0940711572766304
2024-03-03 00:33:30,츠노다 귀신같이 11등ㅋㅋ,"11노다 on
- dc official App",18,18.0,"츠노다 귀신같이 11등ㅋㅋ 11노다 on
- dc official App",츠노다 귀신같이 11등ㅋㅋ 11노다 on,0.328877329826355,0.2325894832611084,0.18573176860809326,0.13126607239246368,0.06492412090301514,0.056611206382513046
2024-03-03 00:33:32,차도 르클 위주로 만들었을텐뎈ㅋㅋㅋㅋㅋ,- dc official App,18,18.0,차도 르클 위주로 만들었을텐뎈ㅋㅋㅋㅋㅋ - dc official App,차도 르클 위주로 만들었을텐뎈ㅋㅋㅋㅋㅋ - dc official App,0.2911464273929596,0.271911084651947,0.22757463157176971,0.09877460449934006,0.06345691531896591,0.047136325389146805
2024-03-03 00:33:35,사인지 테스트때부터 폼 좋지 않았음?,- dc official App,18,18.0,사인지 테스트때부터 폼 좋지 않았음? - dc official App,사인지 테스트때부터 폼 좋지 않았음? - dc official App,0.5342534780502319,0.17135751247406006,0.14248700439929962,0.06489270180463791,0.04749193415045738,0.039517343044281006
2024-03-03 00:33:37,시즌 88848호 퇴출예정 걸린 사인츠 분노의 라스트댄스 ㅋㅋㅋㅋㅋㅋ,,18,18.0,시즌 88848호 퇴출예정 걸린 사인츠 분노의 라스트댄스 ㅋㅋㅋㅋㅋㅋ ,시즌 88848호 퇴출예정 걸린 사인츠 분노의 라스트댄스 ㅋㅋㅋㅋㅋㅋ,0.43575137853622437,0.18418443202972412,0.13057786226272583,0.14569294452667236,0.04771224409341812,0.05608115345239639
2024-03-03 00:33:39,사인즈 버리고 해밀턴 ㅋㅋㅋㅋㅋㅋㅋ,패라리 오열 ㅋㅋㅋㅋㅋㅋ,18,18.0,사인즈 버리고 해밀턴 ㅋㅋㅋㅋㅋㅋㅋ 패라리 오열 ㅋㅋㅋㅋㅋㅋ,사인즈 버리고 해밀턴 ㅋㅋㅋㅋㅋㅋㅋ 패라리 오열 ㅋㅋㅋㅋㅋㅋ,0.2715343236923218,0.2751356065273285,0.21665135025978088,0.10699253529310226,0.07656700909137726,0.05311919003725052
2024-03-03 00:33:43,진짜 폼 미쳤네 ㅋㅋ,대 인 지,18,18.0,진짜 폼 미쳤네 ㅋㅋ 대 인 지,진짜 폼 미쳤네 ㅋㅋ 대 인 지,0.41276130080223083,0.1988891214132309,0.2169489860534668,0.07475960999727249,0.06313350051641464,0.033507511019706726
2024-03-03 00:33:41,사인츠가 존나 잘하네,틀딱데려갈거면 사인츠 알론소하지그랬냐,18,18.0,사인츠가 존나 잘하네 틀딱데려갈거면 사인츠 알론소하지그랬냐,사인츠가 존나 잘하네 틀딱데려갈거면 사인츠 알론소하지그랬냐,0.07975123077630997,0.2128123641014099,0.22255446016788483,0.2585321366786957,0.09521831572055817,0.13113145530223846
2024-03-03 00:33:44,페라리는 저 멍청한 발음이 ㄹㅇ 개빡침,"차야 매년 ㅂㅅ이지만
르끌 무전 들을때마다 내가 혈압오름",18,18.0,"페라리는 저 멍청한 발음이 ㄹㅇ 개빡침 차야 매년 ㅂㅅ이지만
르끌 무전 들을때마다 내가 혈압오름",페라리는 저 멍청한 발음이 ㄹㅇ 개빡침 차야 매년 ㅂㅅ이지만 르끌 무전 들을때마다 내가 혈압오름,0.14436492323875427,0.1812146157026291,0.11197985708713531,0.3160912096500397,0.04350623860955238,0.2028430998325348
2024-03-03 00:33:52,사거햄ㅋㅋㅋㅋ,ㅋㅋㅋ,18,18.0,사거햄ㅋㅋㅋㅋ ㅋㅋㅋ,사거햄ㅋㅋㅋㅋ ㅋㅋㅋ,0.7137801647186279,0.10888522863388062,0.06093650311231613,0.05493864789605141,0.02445780299603939,0.037001609802246094
2024-03-03 00:33:51,와 멀티뷰어 개좃대네진짜 이걸왜이제알려줬노,"이번주는 본가와서 조그맣게보는데도 훨씬 흥미진진함
다음레이스부터 컴퓨터 듀얼보니터로 볼생각하니까 ㅆㅅㅌㅊ",18,18.0,"와 멀티뷰어 개좃대네진짜 이걸왜이제알려줬노 이번주는 본가와서 조그맣게보는데도 훨씬 흥미진진함
다음레이스부터 컴퓨터 듀얼보니터로 볼생각하니까 ㅆㅅㅌㅊ",와 멀티뷰어 개좃대네진짜 이걸왜이제알려줬노 이번주는 본가와서 조그맣게보는데도 훨씬 흥미진진함 다음레이스부터 컴퓨터 듀얼보니터로 볼생각하니까 ㅆㅅㅌㅊ,0.5618106126785278,0.15862447023391724,0.09939119964838028,0.08572597801685333,0.0399525947868824,0.054495085030794144
2024-03-03 00:33:53,사인츠 쫒아내고 쓴다는게 존나 휠락걸리는 미끌이랑,8위에서 허덕이는 틀딱 ㅋㅋㅋㅋ,18,18.0,사인츠 쫒아내고 쓴다는게 존나 휠락걸리는 미끌이랑 8위에서 허덕이는 틀딱 ㅋㅋㅋㅋ,사인츠 쫒아내고 쓴다는게 존나 휠락걸리는 미끌이랑 8위에서 허덕이는 틀딱 ㅋㅋㅋㅋ,0.0922594666481018,0.21029870212078094,0.26175644993782043,0.23913048207759857,0.08783068507909775,0.1087241992354393
2024-03-03 00:33:54,르끌차 망가졌나보네,ㅠ,18,18.0,르끌차 망가졌나보네 ㅠ,르끌차 망가졌나보네 ㅠ,0.11582017689943314,0.2792556881904602,0.2144833654165268,0.13581319153308868,0.0756511464715004,0.1789764016866684
2024-03-03 00:33:55,사인지버리고 ㅋㅋㅋ,"ㅋㅋㅋㅋ
- dc official App",18,18.0,"사인지버리고 ㅋㅋㅋ ㅋㅋㅋㅋ
- dc official App",사인지버리고 ㅋㅋㅋ ㅋㅋㅋㅋ,0.3398924469947815,0.2733345627784729,0.1499652862548828,0.1246536523103714,0.05127709358930588,0.060877036303281784
2024-03-03 00:33:57,페라리 내년 퇴물탕+락끌레ㅋㅋㅋ,드라이버 이따위로 고르농ㅋㅋ,18,18.0,페라리 내년 퇴물탕+락끌레ㅋㅋㅋ 드라이버 이따위로 고르농ㅋㅋ,페라리 내년 퇴물탕+락끌레ㅋㅋㅋ 드라이버 이따위로 고르농ㅋㅋ,0.09132587164640427,0.24233412742614746,0.2923978269100189,0.17974922060966492,0.09711476415395737,0.09707818180322647
2024-03-03 00:34:01,한놈은 과열에 한놈은 배터리 문제에,메르 병신새끼들아,19,19.0,한놈은 과열에 한놈은 배터리 문제에 메르 병신새끼들아,한놈은 과열에 한놈은 배터리 문제에 메르 병신새끼들아,0.123923160135746,0.17429997026920319,0.1348634660243988,0.32777711749076843,0.039887797087430954,0.19924847781658173
2024-03-03 00:34:06,"올해 페라리 세컨, 멜세 세컨 = 내년 페라리 라인업 ㅋㅋㅋ",ㅋㅋㅋㅋㅋㅋㅋㅋ ㅅㅂ ㅋㅋㅋ,19,19.0,"올해 페라리 세컨, 멜세 세컨 = 내년 페라리 라인업 ㅋㅋㅋ ㅋㅋㅋㅋㅋㅋㅋㅋ ㅅㅂ ㅋㅋㅋ","올해 페라리 세컨, 멜세 세컨 = 내년 페라리 라인업 ㅋㅋㅋ ㅋㅋㅋㅋㅋㅋㅋㅋ ㅅㅂ ㅋㅋㅋ",0.2625979781150818,0.24134978652000427,0.16213548183441162,0.19047792255878448,0.06503920257091522,0.07839968055486679
2024-03-03 00:34:06,대인지 내년에 레드불 어때?,- dc official App,19,19.0,대인지 내년에 레드불 어때? - dc official App,대인지 내년에 레드불 어때? - dc official App,0.5272422432899475,0.16502435505390167,0.15810678899288177,0.06896448880434036,0.040642425417900085,0.040019746869802475
2024-03-03 00:34:07,사인츠 버리고 늙다리 해밀턴 데려오는게 맞나 ㅋㅋㅋ,? ㅋㅋ,19,19.0,사인츠 버리고 늙다리 해밀턴 데려오는게 맞나 ㅋㅋㅋ ? ㅋㅋ,사인츠 버리고 늙다리 해밀턴 데려오는게 맞나 ㅋㅋㅋ ? ㅋㅋ,0.08775781840085983,0.2489616423845291,0.30759647488594055,0.1665032058954239,0.08977169543504715,0.09940919280052185
2024-03-03 00:34:13,사인츠 노리는 팀 존나 많을듯,개잘탐,19,19.0,사인츠 노리는 팀 존나 많을듯 개잘탐,사인츠 노리는 팀 존나 많을듯 개잘탐,0.4549815058708191,0.20051871240139008,0.17341594398021698,0.06877646595239639,0.0629890039563179,0.03931831941008568
2024-03-03 00:34:13,졷라리 나갈건데 봐줄필요 없지,대 인 츠,19,19.0,졷라리 나갈건데 봐줄필요 없지 대 인 츠,졷라리 나갈건데 봐줄필요 없지 대 인 츠,0.1634225845336914,0.20156322419643402,0.15416666865348816,0.26613089442253113,0.0688018947839737,0.14591467380523682
2024-03-03 00:34:15,근데 르끌이 저 정도로 병신은 아님,차가 문제가 있어보이긴 하노,19,19.0,근데 르끌이 저 정도로 병신은 아님 차가 문제가 있어보이긴 하노,근데 르끌이 저 정도로 병신은 아님 차가 문제가 있어보이긴 하노,0.07848101854324341,0.22488965094089508,0.34764930605888367,0.14248524606227875,0.09754104912281036,0.10895375907421112
2024-03-03 00:34:15,락끌레르 시발ㅋㅋㅋ,,19,19.0,락끌레르 시발ㅋㅋㅋ ,락끌레르 시발ㅋㅋㅋ,0.23112204670906067,0.22898167371749878,0.1338116079568863,0.2484787553548813,0.0547732450067997,0.10283271968364716
2024-03-03 00:34:14,시발 이게 르노에서도 쫓겨나던 사인츠가 맞냐..,대 인 츠,19,19.0,시발 이게 르노에서도 쫓겨나던 사인츠가 맞냐.. 대 인 츠,시발 이게 르노에서도 쫓겨나던 사인츠가 맞냐.. 대 인 츠,0.0892273485660553,0.19838763773441315,0.22534964978694916,0.21667751669883728,0.10496566444635391,0.1653921753168106
2024-03-03 00:34:17,개병신 팀이면 개추ㅋㅋㅋㅋㅋㅋㅋㅋ,퇴물탕 + 원조 애새끼 조합ㅋㅋㅋㅋㅋㅋㅋㅋㅋㅋ,19,19.0,개병신 팀이면 개추ㅋㅋㅋㅋㅋㅋㅋㅋ 퇴물탕 + 원조 애새끼 조합ㅋㅋㅋㅋㅋㅋㅋㅋㅋㅋ,개병신 팀이면 개추ㅋㅋㅋㅋㅋㅋㅋㅋ 퇴물탕 + 원조 애새끼 조합ㅋㅋㅋㅋㅋㅋㅋㅋㅋㅋ,0.1257268637418747,0.1921243518590927,0.22807970643043518,0.260276734828949,0.0876077339053154,0.10618460178375244
2024-03-03 00:34:18,???: 씨발 감히 세컨이랑 재계약을 해?,너넨 손해 좀 보자,19,19.0,???: 씨발 감히 세컨이랑 재계약을 해? 너넨 손해 좀 보자,???: 씨발 감히 세컨이랑 재계약을 해? 너넨 손해 좀 보자,0.08171764761209488,0.2169211208820343,0.2021346539258957,0.25327467918395996,0.09475543349981308,0.15119652450084686
2024-03-03 00:34:19,위아 쩨킹 하면 뭐하는데 ㅋㅋㅋ 뭘 할수있는데 ㅋㅋㅋㅋㅋㅋㅋ,그냥 타라 이새끼야 ㅋㅋㅋㅋㅋㅋㅋ,19,19.0,위아 쩨킹 하면 뭐하는데 ㅋㅋㅋ 뭘 할수있는데 ㅋㅋㅋㅋㅋㅋㅋ 그냥 타라 이새끼야 ㅋㅋㅋㅋㅋㅋㅋ,위아 쩨킹 하면 뭐하는데 ㅋㅋㅋ 뭘 할수있는데 ㅋㅋㅋㅋㅋㅋㅋ 그냥 타라 이새끼야 ㅋㅋㅋㅋㅋㅋㅋ,0.13698987662792206,0.23003828525543213,0.20811070501804352,0.24671749770641327,0.08274636417627335,0.09539733082056046
2024-03-03 00:34:21,내년 페라리 개웃길듯,ㅋㅋㅋ,19,19.0,내년 페라리 개웃길듯 ㅋㅋㅋ,내년 페라리 개웃길듯 ㅋㅋㅋ,0.597722589969635,0.15245458483695984,0.11130201071500778,0.07079461961984634,0.03235828876495361,0.035367920994758606
2024-03-03 00:34:27,누가 윙 각도 바꾼거 아님? ㅋㅋㅋㅋ,- dc official App,19,19.0,누가 윙 각도 바꾼거 아님? ㅋㅋㅋㅋ - dc official App,누가 윙 각도 바꾼거 아님? ㅋㅋㅋㅋ - dc official App,0.17336653172969818,0.23265224695205688,0.3146582543849945,0.1286376267671585,0.08757621794939041,0.06310909241437912
2024-03-03 00:34:28,메르 훼라리 스왑가자,젭알,19,19.0,메르 훼라리 스왑가자 젭알,메르 훼라리 스왑가자 젭알,0.4080500602722168,0.18939846754074097,0.11301004141569138,0.12165342271327972,0.05094550922513008,0.11694247275590897
2024-03-03 00:34:29,젠장 또 yuk11야 이제 나는 어쩌구,,19,19.0,젠장 또 yuk11야 이제 나는 어쩌구 ,젠장 또 yuk11야 이제 나는 어쩌구,0.12450642883777618,0.23906145989894867,0.11401041597127914,0.20200634002685547,0.05767086148262024,0.2627444863319397
2024-03-03 00:34:32,저렇게 락업계속할꺼면 차라리 드리프트를 해라 ㅋㅋㅋㅋㅋㅋㅋㅋㅋㅋㅋ,존나 안타깝네 ㅋㅋㅋㅋㅋㅋㅋㅋㅋㅋㅋㅋㅋㅋㅋ,19,19.0,저렇게 락업계속할꺼면 차라리 드리프트를 해라 ㅋㅋㅋㅋㅋㅋㅋㅋㅋㅋㅋ 존나 안타깝네 ㅋㅋㅋㅋㅋㅋㅋㅋㅋㅋㅋㅋㅋㅋㅋ,저렇게 락업계속할꺼면 차라리 드리프트를 해라 ㅋㅋㅋㅋㅋㅋㅋㅋㅋㅋㅋ 존나 안타깝네 ㅋㅋㅋㅋㅋㅋㅋㅋㅋㅋㅋㅋㅋㅋㅋ,0.09562046825885773,0.2723977863788605,0.21822229027748108,0.1796453595161438,0.08529551327228546,0.14881862699985504
2024-03-03 00:34:34,??: 야 계약서 파기 안되냐?,"??: 좆된거 같다.
그저 빛
- dc official App",19,19.0,"??: 야 계약서 파기 안되냐? ??: 좆된거 같다.
그저 빛
- dc official App",??: 야 계약서 파기 안되냐? ??: 좆된거 같다. 그저 빛,0.09311217069625854,0.2808079421520233,0.199554905295372,0.16200383007526398,0.1223713606595993,0.14214986562728882
2024-03-03 00:34:35,다시보는 프리시즌 테스트 rb20 타이어 소모 평가,"응 몽골은 호버링하는 차야
https://m.dcinside.com/board/formula1/581922?recommend=1&page=8
RB20의 타이어 성능저하는 0에 가까움
- F1 마이너 갤러리
https://x.com/formularacers_/status/1761345792051212724?s=20 X (formerly Twitter)X (formerly Twitter)x.com레이스 시뮬
m.dcinside.com",19,19.0,"다시보는 프리시즌 테스트 rb20 타이어 소모 평가 응 몽골은 호버링하는 차야
https://m.dcinside.com/board/formula1/581922?recommend=1&page=8
RB20의 타이어 성능저하는 0에 가까움
- F1 마이너 갤러리
https://x.com/formularacers_/status/1761345792051212724?s=20 X (formerly Twitter)X (formerly Twitter)x.com레이스 시뮬
m.dcinside.com",다시보는 프리시즌 테스트 rb20 타이어 소모 평가 응 몽골은 호버링하는 차야 RB20의 타이어 성능저하는 0에 가까움 - F1 마이너 갤러리 X (formerly Twitter)X (formerly Twitter)x.com레이스 시뮬 m.dcinside.com,0.2840762436389923,0.22507084906101227,0.2676343023777008,0.10089811682701111,0.053047064691782,0.06927338242530823
2024-03-03 00:34:38,저건 누구 잘못인거임 ??,"아무리 미끌레 해도 저렇게 휠락 걸리는거면 차 문제라고 봐야하나
- dc official App",19,19.0,"저건 누구 잘못인거임 ?? 아무리 미끌레 해도 저렇게 휠락 걸리는거면 차 문제라고 봐야하나
- dc official App",저건 누구 잘못인거임 ?? 아무리 미끌레 해도 저렇게 휠락 걸리는거면 차 문제라고 봐야하나,0.08942505717277527,0.227798730134964,0.3014380633831024,0.1472419798374176,0.09119223803281784,0.14290396869182587
2024-03-03 00:34:38,11노다 ㅋㅋ,,19,19.0,11노다 ㅋㅋ ,11노다 ㅋㅋ,0.3338053524494171,0.25518155097961426,0.16297531127929688,0.12806478142738342,0.055241722613573074,0.06473126262426376
2024-03-03 00:34:42,아니 시발 휠락이 랩마다 걸리는게 맞냐 ㅋㅋㅋㅋ,왜저럼 ㅋㅋㅋㅋㅋ,19,19.0,아니 시발 휠락이 랩마다 걸리는게 맞냐 ㅋㅋㅋㅋ 왜저럼 ㅋㅋㅋㅋㅋ,아니 시발 휠락이 랩마다 걸리는게 맞냐 ㅋㅋㅋㅋ 왜저럼 ㅋㅋㅋㅋㅋ,0.09817416220903397,0.2904056906700134,0.18011444807052612,0.2139987200498581,0.07991746813058853,0.13738952577114105
2024-03-03 00:34:43,사인츠가 페레지 모가지 따면,내년에 레드불 간드아 ㅋㅋㅋㅋㅋㅋㅋㅋㅋㅋㅋㅋ,19,19.0,사인츠가 페레지 모가지 따면 내년에 레드불 간드아 ㅋㅋㅋㅋㅋㅋㅋㅋㅋㅋㅋㅋ,사인츠가 페레지 모가지 따면 내년에 레드불 간드아 ㅋㅋㅋㅋㅋㅋㅋㅋㅋㅋㅋㅋ,0.6402040719985962,0.12585429847240448,0.08967667073011398,0.07289362698793411,0.03234558552503586,0.039025723934173584
2024-03-03 00:34:47,어제는 왜 멀쩡했는데!!!!,,19,19.0,어제는 왜 멀쩡했는데!!!! ,어제는 왜 멀쩡했는데!!!!,0.09391695261001587,0.3518524169921875,0.1538240611553192,0.16184578835964203,0.08518106490373611,0.15337973833084106
2024-03-03 00:34:47,11윾키 ㅋㅋㅋ,- dc official App,19,19.0,11윾키 ㅋㅋㅋ - dc official App,11윾키 ㅋㅋㅋ - dc official App,0.6848568320274353,0.11295726895332336,0.08598010241985321,0.06045549735426903,0.023796040564775467,0.03195420280098915
2024-03-03 00:34:47,징징이 둘이 함께한 페라리는 어떤 곳일까...,난 몰르겠다...,19,19.0,징징이 둘이 함께한 페라리는 어떤 곳일까... 난 몰르겠다...,징징이 둘이 함께한 페라리는 어떤 곳일까... 난 몰르겠다...,0.12448467314243317,0.2936185598373413,0.2678104043006897,0.10277209430932999,0.11256472766399384,0.098749540746212
2024-03-03 00:34:48,리카르도 참전안함?,"대런이 출근했나보네
저래가 체코 밀어내것나",19,19.0,"리카르도 참전안함? 대런이 출근했나보네
저래가 체코 밀어내것나",리카르도 참전안함? 대런이 출근했나보네 저래가 체코 밀어내것나,0.09145082533359528,0.2392100691795349,0.3431554138660431,0.12696373462677002,0.11324378848075867,0.08597615361213684
2024-03-03 00:34:50,르끌아 이렇게 된거 그냥 세이프티카 하나 들오게 하자,어뢰가자,19,19.0,르끌아 이렇게 된거 그냥 세이프티카 하나 들오게 하자 어뢰가자,르끌아 이렇게 된거 그냥 세이프티카 하나 들오게 하자 어뢰가자,0.1350102722644806,0.2650545537471771,0.19722387194633484,0.1363743096590042,0.09787648171186447,0.16846045851707458
2024-03-03 00:34:51,11노다ㅋㅋㅋㅋ,- dc official App,19,19.0,11노다ㅋㅋㅋㅋ - dc official App,11노다ㅋㅋㅋㅋ - dc official App,0.37726539373397827,0.23062200844287872,0.15479853749275208,0.12609033286571503,0.04899129644036293,0.062232378870248795
2024-03-03 00:34:55,[F1 Gallery Official] 막스의 그랜드슬램을 축하합니다,,19,19.0,[F1 Gallery Official] 막스의 그랜드슬램을 축하합니다 ,[F1 Gallery Official] 막스의 그랜드슬램을 축하합니다,0.6762400269508362,0.13496330380439758,0.07259415090084076,0.051350194960832596,0.030217837542295456,0.034634530544281006
2024-03-03 00:34:58,저정도면 좆르끌 차 둘다문제 아니냐?,뭔데,19,19.0,저정도면 좆르끌 차 둘다문제 아니냐? 뭔데,저정도면 좆르끌 차 둘다문제 아니냐? 뭔데,0.07496277987957001,0.19486743211746216,0.2328343689441681,0.23777839541435242,0.060475729405879974,0.19908125698566437
2024-03-03 00:35:04,11위 지정석 츠노다 입갤,ㅋㅋㅋㅋ,19,19.0,11위 지정석 츠노다 입갤 ㅋㅋㅋㅋ,11위 지정석 츠노다 입갤 ㅋㅋㅋㅋ,0.656810462474823,0.12280606478452682,0.09334013611078262,0.06532260775566101,0.029048679396510124,0.032672081142663956
2024-03-03 00:35:05,"체코 병신 타이틀 부러워서 르끌,햄 둘이서 쌍으로 병신짓 중임?",그래 드챔 못할거면 병챔하자,19,19.0,"체코 병신 타이틀 부러워서 르끌,햄 둘이서 쌍으로 병신짓 중임? 그래 드챔 못할거면 병챔하자","체코 병신 타이틀 부러워서 르끌,햄 둘이서 쌍으로 병신짓 중임? 그래 드챔 못할거면 병챔하자",0.07999435067176819,0.20170001685619354,0.2501366436481476,0.23898537456989288,0.0962134301662445,0.13297025859355927
2024-03-03 00:35:09,유키 귀신같이 11위 유지 중 ㅋㅋㅋㅋㅋㅋㅋㅋㅋㅋㅋㅋㅋ,지박령 됐노,19,19.0,유키 귀신같이 11위 유지 중 ㅋㅋㅋㅋㅋㅋㅋㅋㅋㅋㅋㅋㅋ 지박령 됐노,유키 귀신같이 11위 유지 중 ㅋㅋㅋㅋㅋㅋㅋㅋㅋㅋㅋㅋㅋ 지박령 됐노,0.23372630774974823,0.26376134157180786,0.22949548065662384,0.12087012827396393,0.1004563570022583,0.051690373569726944
2024-03-03 00:35:14,르끌차 망가진걸로 사인즈 올려치기,추하다 사인스견!,19,19.0,르끌차 망가진걸로 사인즈 올려치기 추하다 사인스견!,르끌차 망가진걸로 사인즈 올려치기 추하다 사인스견!,0.08649911731481552,0.19271264970302582,0.1822434514760971,0.2966533601284027,0.07567425072193146,0.16621719300746918
2024-03-03 00:35:15,이분이 사실 페라리 퍼스트면 개추 ㅋㅋ,"레끌레르인지 미끌레르인지
오늘 하루종일 휠락만 존나 걸리면서 트롤하던데
정작 이분은 순수 실력으로 3위권까지 올라옴",19,19.0,"이분이 사실 페라리 퍼스트면 개추 ㅋㅋ 레끌레르인지 미끌레르인지
오늘 하루종일 휠락만 존나 걸리면서 트롤하던데
정작 이분은 순수 실력으로 3위권까지 올라옴",이분이 사실 페라리 퍼스트면 개추 ㅋㅋ 레끌레르인지 미끌레르인지 오늘 하루종일 휠락만 존나 걸리면서 트롤하던데 정작 이분은 순수 실력으로 3위권까지 올라옴,0.25807228684425354,0.19724979996681213,0.220749169588089,0.10550238937139511,0.14992645382881165,0.068499855697155
2024-03-03 00:35:22,올해도 11노다 고정이냐!,딱하다 딱해,19,19.0,올해도 11노다 고정이냐! 딱하다 딱해,올해도 11노다 고정이냐! 딱하다 딱해,0.07843711227178574,0.2519572973251343,0.18026074767112732,0.1843545138835907,0.08737845718860626,0.2176119089126587
2024-03-03 00:35:22,유키는 저거 저주냐 축복이냐?,"+ dc official App
- dc official App",19,19.0,"유키는 저거 저주냐 축복이냐? + dc official App
- dc official App",유키는 저거 저주냐 축복이냐? + dc official App,0.1325528472661972,0.31246399879455566,0.24038903415203094,0.11272253841161728,0.11150883883237839,0.09036271274089813
2024-03-03 00:35:23,막스는 진짜 드라이브하는거같네,ㅇㅇ,19,19.0,막스는 진짜 드라이브하는거같네 ㅇㅇ,막스는 진짜 드라이브하는거같네 ㅇㅇ,0.38468822836875916,0.22333624958992004,0.21003326773643494,0.07016678899526596,0.07204936444759369,0.03972606360912323
2024-03-03 00:35:24,사전트 왜 랩타임으로 보여주노,ㅋㅋㅋㅋ,19,19.0,사전트 왜 랩타임으로 보여주노 ㅋㅋㅋㅋ,사전트 왜 랩타임으로 보여주노 ㅋㅋㅋㅋ,0.19060960412025452,0.3115839958190918,0.21866688132286072,0.1345582753419876,0.06583748757839203,0.07874378561973572
2024-03-03 00:35:27,리카도 뭐하노 ㅋㅋ,,19,19.0,리카도 뭐하노 ㅋㅋ ,리카도 뭐하노 ㅋㅋ,0.5630325675010681,0.161849707365036,0.1327270120382309,0.06492239236831665,0.04253433272242546,0.034934040158987045
2024-03-03 00:35:28,아오 또 도련놈이야,,19,19.0,아오 또 도련놈이야 ,아오 또 도련놈이야,0.14102207124233246,0.19471421837806702,0.12158610671758652,0.34298309683799744,0.05545591562986374,0.14423856139183044
2024-03-03 00:35:32,아니 근데 르끌 아직도 5등이네,뭐노,19,19.0,아니 근데 르끌 아직도 5등이네 뭐노,아니 근데 르끌 아직도 5등이네 뭐노,0.07121823728084564,0.3195863366127014,0.19293206930160522,0.1592749059200287,0.08074889332056046,0.17623959481716156
2024-03-03 00:35:32,페렙 시발 ㅋㅋㅋ,,19,19.0,페렙 시발 ㅋㅋㅋ ,페렙 시발 ㅋㅋㅋ,0.1564500629901886,0.25243207812309265,0.14970245957374573,0.26294755935668945,0.06727588921785355,0.11119192838668823
2024-03-03 00:35:34,아니 시발 규정 많이 안바껴져서 격차 줄어든대매,이거 맏냐??????????????????????????,19,19.0,아니 시발 규정 많이 안바껴져서 격차 줄어든대매 이거 맏냐??????????????????????????,아니 시발 규정 많이 안바껴져서 격차 줄어든대매 이거 맏냐??????????????????????????,0.0941663533449173,0.24347519874572754,0.24946565926074982,0.17681941390037537,0.08309005200862885,0.15298332273960114
2024-03-03 00:35:36,막스 바로 패랩ㅋㅋㅋㅋㅋ,ㅋㅋㅋㅋㅋ,19,19.0,막스 바로 패랩ㅋㅋㅋㅋㅋ ㅋㅋㅋㅋㅋ,막스 바로 패랩ㅋㅋㅋㅋㅋ ㅋㅋㅋㅋㅋ,0.6736127138137817,0.11943566799163818,0.08736544102430344,0.06244739890098572,0.025665758177638054,0.03147304803133011
2024-03-03 00:35:39,막친놈 바로 패랩;;;;,;;,20,20.0,막친놈 바로 패랩;;;; ;;,막친놈 바로 패랩;;;; ;;,0.08114523440599442,0.3063625395298004,0.2357836812734604,0.14511419832706451,0.10395125299692154,0.1276431381702423
2024-03-03 00:35:45,아... 그저 ^페이드라이버^ ㅋㅋㅋㅋㅋㅋㅋ,,20,20.0,아... 그저 ^페이드라이버^ ㅋㅋㅋㅋㅋㅋㅋ ,아... 그저 ^페이드라이버^ ㅋㅋㅋㅋㅋㅋㅋ,0.6672068238258362,0.12991009652614594,0.05958792567253113,0.06808781623840332,0.027193065732717514,0.04801429435610771
2024-03-03 00:35:48,중일 대전에서 중국이 이기고 있노,,20,20.0,중일 대전에서 중국이 이기고 있노 ,중일 대전에서 중국이 이기고 있노,0.1164037436246872,0.22415132820606232,0.35481569170951843,0.12105017900466919,0.12536537647247314,0.05821358412504196
2024-03-03 00:35:50,막스 허 ㅋㅋㅋㅋㄱㅋㅋㅋ,,20,20.0,막스 허 ㅋㅋㅋㅋㄱㅋㅋㅋ ,막스 허 ㅋㅋㅋㅋㄱㅋㅋㅋ,0.6919558048248291,0.11742650717496872,0.07882115989923477,0.056471168994903564,0.025061389431357384,0.030263924971222878
2024-03-03 00:35:55,퍼스트 보내고 세컨 붙잡은 대황라리ㅋㅋㅋㅋ,그리고 메르 세컨까지 사 온 세컨 사랑팀ㅋㅋㅋ,20,20.0,퍼스트 보내고 세컨 붙잡은 대황라리ㅋㅋㅋㅋ 그리고 메르 세컨까지 사 온 세컨 사랑팀ㅋㅋㅋ,퍼스트 보내고 세컨 붙잡은 대황라리ㅋㅋㅋㅋ 그리고 메르 세컨까지 사 온 세컨 사랑팀ㅋㅋㅋ,0.693393349647522,0.11882507055997849,0.059400446712970734,0.05679110065102577,0.027523156255483627,0.04406700283288956
2024-03-03 00:35:54,패랩ㅋㅋㅋ,"미친놈이노
- dc official App",20,20.0,"패랩ㅋㅋㅋ 미친놈이노
- dc official App",패랩ㅋㅋㅋ 미친놈이노,0.1723867803812027,0.22884361445903778,0.28135332465171814,0.15339966118335724,0.1038394346833229,0.06017717719078064
2024-03-03 00:35:55,격차 줄어듬(레드불빼고),엉엉,20,20.0,격차 줄어듬(레드불빼고) 엉엉,격차 줄어듬(레드불빼고) 엉엉,0.19036167860031128,0.291161447763443,0.11368744820356369,0.15108884871006012,0.06923767179250717,0.1844628006219864
2024-03-03 00:36:00,싸전트<<< 이새끼 혼자 뛰어가는 중,- dc official App,20,20.0,싸전트<<< 이새끼 혼자 뛰어가는 중 - dc official App,싸전트<<< 이새끼 혼자 뛰어가는 중 - dc official App,0.1807325780391693,0.2489788979291916,0.2482699304819107,0.1650298535823822,0.08833566308021545,0.06865308433771133
2024-03-03 00:36:05,리카도는 가망 없어보이네,"유키의 벽은 높았다
- dc official App",20,20.0,"리카도는 가망 없어보이네 유키의 벽은 높았다
- dc official App",리카도는 가망 없어보이네 유키의 벽은 높았다,0.08853912353515625,0.29050350189208984,0.28142252564430237,0.10651586949825287,0.08748985081911087,0.1455291360616684
2024-03-03 00:36:12,막가놈 혼자 드라이브하네 ㅋㅋ,막가놈 혼자 드라이브하네 ㅋㅋㅋㅋ,20,20.0,막가놈 혼자 드라이브하네 ㅋㅋ 막가놈 혼자 드라이브하네 ㅋㅋㅋㅋ,막가놈 혼자 드라이브하네 ㅋㅋ 막가놈 혼자 드라이브하네 ㅋㅋㅋㅋ,0.3314383625984192,0.25172367691993713,0.17929412424564362,0.12192703038454056,0.06211361661553383,0.05350315198302269
2024-03-03 00:36:12,막스를 빤다는건 어떤 기분일까,그냥 누워서 딸 한번 치고 오면 패랩... 우승... 씨발....,20,20.0,막스를 빤다는건 어떤 기분일까 그냥 누워서 딸 한번 치고 오면 패랩... 우승... 씨발....,막스를 빤다는건 어떤 기분일까 그냥 누워서 딸 한번 치고 오면 패랩... 우승... 씨발....,0.1345716416835785,0.317218542098999,0.14115524291992188,0.1828690469264984,0.0948639065027237,0.12932159006595612
2024-03-03 00:36:13,그와중에 오콘도 못따고있는 리카도는 도대체,흠...,20,20.0,그와중에 오콘도 못따고있는 리카도는 도대체 흠...,그와중에 오콘도 못따고있는 리카도는 도대체 흠...,0.07480442523956299,0.2606416642665863,0.29410502314567566,0.14162635803222656,0.09426553547382355,0.13455697894096375
2024-03-03 00:36:16,고백) 유키는 한평생 11위만 했으면 좋겠음,"뭔가 11위해서 화내는 장면이 귀여워서 그런가
한평생 11위만 했으면 좋겠어",20,20.0,"고백) 유키는 한평생 11위만 했으면 좋겠음 뭔가 11위해서 화내는 장면이 귀여워서 그런가
한평생 11위만 했으면 좋겠어",고백) 유키는 한평생 11위만 했으면 좋겠음 뭔가 11위해서 화내는 장면이 귀여워서 그런가 한평생 11위만 했으면 좋겠어,0.39964619278907776,0.21305060386657715,0.14791247248649597,0.0928269475698471,0.08085484802722931,0.06570890545845032
2024-03-03 00:36:16,사실상 올해 월챔 결정전이노,레드불 축하,20,20.0,사실상 올해 월챔 결정전이노 레드불 축하,사실상 올해 월챔 결정전이노 레드불 축하,0.6958378553390503,0.12018481642007828,0.06538067013025284,0.05042707175016403,0.03216841071844101,0.03600117564201355
2024-03-03 00:36:19,작년이랑 바뀐게 머냐 ㅋㅋ,츠노다 11위 까지 빼박이네 ㅋㅋ,20,20.0,작년이랑 바뀐게 머냐 ㅋㅋ 츠노다 11위 까지 빼박이네 ㅋㅋ,작년이랑 바뀐게 머냐 ㅋㅋ 츠노다 11위 까지 빼박이네 ㅋㅋ,0.07089587301015854,0.2955716550350189,0.23482847213745117,0.175057053565979,0.08651133626699448,0.1371355950832367
2024-03-03 00:36:19,기가막히게 1은 고정하는 두 새끼들,"1베
11노다 ㅅㅂㅋㅋ",20,20.0,"기가막히게 1은 고정하는 두 새끼들 1베
11노다 ㅅㅂㅋㅋ",기가막히게 1은 고정하는 두 새끼들 1베 11노다 ㅅㅂㅋㅋ,0.14865635335445404,0.17873139679431915,0.13129952549934387,0.31780827045440674,0.06201207637786865,0.16149230301380157
2024-03-03 00:36:21,리카도는 어디가고 대런이 ㅋㅋ,,20,20.0,리카도는 어디가고 대런이 ㅋㅋ ,리카도는 어디가고 대런이 ㅋㅋ,0.2692318558692932,0.2754737138748169,0.24954068660736084,0.09518666565418243,0.06327109783887863,0.04729601368308067
2024-03-03 00:36:23,리카도 몸에서 나가 !! 르끌 !!!,,20,20.0,리카도 몸에서 나가 !! 르끌 !!! ,리카도 몸에서 나가 !! 르끌 !!!,0.1523415595293045,0.24547569453716278,0.13861316442489624,0.25388407707214355,0.06962833553552628,0.14005719125270844
2024-03-03 00:36:26,대런 레드불 가긴 글렀네,ㅇㅇ,20,20.0,대런 레드불 가긴 글렀네 ㅇㅇ,대런 레드불 가긴 글렀네 ㅇㅇ,0.09410568326711655,0.32462266087532043,0.19177810847759247,0.11472171545028687,0.07476390898227692,0.20000791549682617
2024-03-03 00:36:28,시발 3위 버리고 8위 대려옴,파기 안됨?,20,20.0,시발 3위 버리고 8위 대려옴 파기 안됨?,시발 3위 버리고 8위 대려옴 파기 안됨?,0.09738454967737198,0.22678987681865692,0.12426354736089706,0.2877441644668579,0.04415464028716087,0.21966321766376495
2024-03-03 00:36:29,리카도는 왜 빨리는거냐 대체 ㅋㅋㅋㅋㅋ,"진짜 존나 못하네
그냥 리암 로손 올려라 더 잘하겠다",20,20.0,"리카도는 왜 빨리는거냐 대체 ㅋㅋㅋㅋㅋ 진짜 존나 못하네
그냥 리암 로손 올려라 더 잘하겠다",리카도는 왜 빨리는거냐 대체 ㅋㅋㅋㅋㅋ 진짜 존나 못하네 그냥 리암 로손 올려라 더 잘하겠다,0.07541020959615707,0.25538089871406555,0.2175198346376419,0.20385684072971344,0.06618344783782959,0.18164874613285065
2024-03-03 00:36:30,이번 시즌 다 본거 같으면 개추 ㅋㅋㅋ,작년이랑 내용이 같다..,20,20.0,이번 시즌 다 본거 같으면 개추 ㅋㅋㅋ 작년이랑 내용이 같다..,이번 시즌 다 본거 같으면 개추 ㅋㅋㅋ 작년이랑 내용이 같다..,0.6465544700622559,0.1413360834121704,0.07712956517934799,0.057068273425102234,0.03648008033633232,0.0414314866065979
2024-03-03 00:36:30,정보) 막스는 이번에 우승하면 8연승이다,- dc official App,20,20.0,정보) 막스는 이번에 우승하면 8연승이다 - dc official App,정보) 막스는 이번에 우승하면 8연승이다 - dc official App,0.5334824919700623,0.17016537487506866,0.13739904761314392,0.06989763677120209,0.04585526883602142,0.043200235813856125
2024-03-03 00:36:32,운전도 못하는 새끼가 앨범내고 있네,"병신새끼 ㅋㅋㅋㅋ
- dc official App",20,20.0,"운전도 못하는 새끼가 앨범내고 있네 병신새끼 ㅋㅋㅋㅋ
- dc official App",운전도 못하는 새끼가 앨범내고 있네 병신새끼 ㅋㅋㅋㅋ,0.09178895503282547,0.1980120837688446,0.22976593673229218,0.27185937762260437,0.07918775081634521,0.1293858140707016
2024-03-03 00:36:38,사인스 레드불 갈 가능성은 얼마나 됨?,ㄹㅇ 사인스한테 레드불 차 쥐어주면 내년에 페라리 개같이 밟을꺼 같은데,20,20.0,사인스 레드불 갈 가능성은 얼마나 됨? ㄹㅇ 사인스한테 레드불 차 쥐어주면 내년에 페라리 개같이 밟을꺼 같은데,사인스 레드불 갈 가능성은 얼마나 됨? ㄹㅇ 사인스한테 레드불 차 쥐어주면 내년에 페라리 개같이 밟을꺼 같은데,0.10270217061042786,0.19710440933704376,0.34668323397636414,0.12949703633785248,0.1437612920999527,0.08025184273719788
2024-03-03 00:36:46,작년보다 레드불 레이스페이스가 더좋아짐ㅋㅋㅋㅋ,레전드,20,20.0,작년보다 레드불 레이스페이스가 더좋아짐ㅋㅋㅋㅋ 레전드,작년보다 레드불 레이스페이스가 더좋아짐ㅋㅋㅋㅋ 레전드,0.6898260712623596,0.12667527794837952,0.06676677614450455,0.05207214131951332,0.028669336810708046,0.035990405827760696
2024-03-03 00:36:52,사인즈 또 무리해서 타이어 갈아쓰나보네,"레이스 초반에 타이어 갈아넣어서 어거지로 추월하고
레이스 후반에 따이기 주특기 또나옴 ㅋㅌ",20,20.0,"사인즈 또 무리해서 타이어 갈아쓰나보네 레이스 초반에 타이어 갈아넣어서 어거지로 추월하고
레이스 후반에 따이기 주특기 또나옴 ㅋㅌ",사인즈 또 무리해서 타이어 갈아쓰나보네 레이스 초반에 타이어 갈아넣어서 어거지로 추월하고 레이스 후반에 따이기 주특기 또나옴 ㅋㅌ,0.08829095214605331,0.2317838817834854,0.2326458990573883,0.22744908928871155,0.1009150817990303,0.11891519278287888
2024-03-03 00:36:53,아오 메르 병신차,시발,20,20.0,아오 메르 병신차 시발,아오 메르 병신차 시발,0.13986532390117645,0.21657173335552216,0.10722921788692474,0.28518199920654297,0.035868797451257706,0.21528294682502747
2024-03-03 00:36:53,뭘만든거야 레드불 vs 뭘만든거야 페라리 ㅋㅋㅋㅋㅋㅋ,ㅋㅋㅋㅋㅋㅋㅋㅋ,20,20.0,뭘만든거야 레드불 vs 뭘만든거야 페라리 ㅋㅋㅋㅋㅋㅋ ㅋㅋㅋㅋㅋㅋㅋㅋ,뭘만든거야 레드불 vs 뭘만든거야 페라리 ㅋㅋㅋㅋㅋㅋ ㅋㅋㅋㅋㅋㅋㅋㅋ,0.23702332377433777,0.23625382781028748,0.29053565859794617,0.10469865798950195,0.09197989851236343,0.03950866684317589
2024-03-03 00:36:54,러셀 시발아 달랴,,20,20.0,러셀 시발아 달랴 ,러셀 시발아 달랴,0.6822758913040161,0.11608118563890457,0.07369434833526611,0.06324618309736252,0.025426555424928665,0.0392758771777153
2024-03-03 00:37:02,서커스단 입갤 ㅋㅋㅋㅋㅋㅋㅋ,,20,20.0,서커스단 입갤 ㅋㅋㅋㅋㅋㅋㅋ ,서커스단 입갤 ㅋㅋㅋㅋㅋㅋㅋ,0.6487905383110046,0.12759776413440704,0.0968954861164093,0.0632636770606041,0.030347058549523354,0.03310550004243851
2024-03-03 00:37:07,이제 소프트 하드로 안 부르기로 했음?,C3 C1 으로 부르네?,20,20.0,이제 소프트 하드로 안 부르기로 했음? C3 C1 으로 부르네?,이제 소프트 하드로 안 부르기로 했음? C3 C1 으로 부르네?,0.08487134426832199,0.2755497694015503,0.2870091497898102,0.1427747905254364,0.10634427517652512,0.1034507006406784
2024-03-03 00:37:12,소프트는 숏런에 올인해버린...,"병신팀 ㅜㅜ
- dc official App",20,20.0,"소프트는 숏런에 올인해버린... 병신팀 ㅜㅜ
- dc official App",소프트는 숏런에 올인해버린... 병신팀 ㅜㅜ,0.07968204468488693,0.2566584646701813,0.1702110469341278,0.18834593892097473,0.07554547488689423,0.22955702245235443
2024-03-03 00:37:13,테드) 쥬지 오버테이크버튼 못쓰는중,문제있다함,20,20.0,테드) 쥬지 오버테이크버튼 못쓰는중 문제있다함,테드) 쥬지 오버테이크버튼 못쓰는중 문제있다함,0.10401177406311035,0.2949737012386322,0.2702617645263672,0.11755059659481049,0.057575419545173645,0.15562672913074493
2024-03-03 00:37:11,막스랑 차 둘다 미친놈인듯,페레즈를 아까 레이스 초반 페이스로 인터벌 벌려내는데 ㅋㅋ,20,20.0,막스랑 차 둘다 미친놈인듯 페레즈를 아까 레이스 초반 페이스로 인터벌 벌려내는데 ㅋㅋ,막스랑 차 둘다 미친놈인듯 페레즈를 아까 레이스 초반 페이스로 인터벌 벌려내는데 ㅋㅋ,0.11585010588169098,0.21162088215351105,0.3120748996734619,0.17469415068626404,0.11092016845941544,0.07483980059623718
2024-03-03 00:37:15,(오피셜) 르끌 차 브레이킹 시 앞부분 임밸런스.jpg,ㅋㅋㅋㅋ,21,21.0,(오피셜) 르끌 차 브레이킹 시 앞부분 임밸런스.jpg ㅋㅋㅋㅋ,(오피셜) 르끌 차 브레이킹 시 앞부분 임밸런스.jpg ㅋㅋㅋㅋ,0.6517629027366638,0.12672652304172516,0.09554751217365265,0.06557083874940872,0.02793709933757782,0.03245510533452034
2024-03-03 00:37:17,막가놈 계속 패랩이노,시발,21,21.0,막가놈 계속 패랩이노 시발,막가놈 계속 패랩이노 시발,0.12535476684570312,0.1994202882051468,0.11624317616224289,0.29285454750061035,0.04413134232163429,0.22199589014053345
2024-03-03 00:37:17,메르 시발아 엔진이 왜,아니 좀,21,21.0,메르 시발아 엔진이 왜 아니 좀,메르 시발아 엔진이 왜 아니 좀,0.10598347336053848,0.25375738739967346,0.12413470447063446,0.25071120262145996,0.03751862794160843,0.227894589304924
2024-03-03 00:37:19,징징탕 그냥 지 실수였네,충전 안되긴 개뿔 ㅋㅋㅋ,21,21.0,징징탕 그냥 지 실수였네 충전 안되긴 개뿔 ㅋㅋㅋ,징징탕 그냥 지 실수였네 충전 안되긴 개뿔 ㅋㅋㅋ,0.09499918669462204,0.24953427910804749,0.22187663614749908,0.2297280728816986,0.07661671191453934,0.12724505364894867
2024-03-03 00:37:20,체코버리고 사인쓰 가야지 레드불,ㄱㅅㄱㅅ,21,21.0,체코버리고 사인쓰 가야지 레드불 ㄱㅅㄱㅅ,체코버리고 사인쓰 가야지 레드불 ㄱㅅㄱㅅ,0.5940403342247009,0.14845915138721466,0.06083473935723305,0.08437370508909225,0.03182361647486687,0.08046847581863403
2024-03-03 00:37:21,큰 이변 없으면 이대로 끝나겠네,"사인츠 르끌 추월 이후로 볼 거 없을듯
올해도 막스 독주로 끝나겠구만",21,21.0,"큰 이변 없으면 이대로 끝나겠네 사인츠 르끌 추월 이후로 볼 거 없을듯
올해도 막스 독주로 끝나겠구만",큰 이변 없으면 이대로 끝나겠네 사인츠 르끌 추월 이후로 볼 거 없을듯 올해도 막스 독주로 끝나겠구만,0.08106165379285812,0.3197225332260132,0.2138495296239853,0.12653648853302002,0.07206635177135468,0.1867634505033493
2024-03-03 00:37:22,제이케이 많이 늙었누 ㅜ,거의 할배누…,21,21.0,제이케이 많이 늙었누 ㅜ 거의 할배누…,제이케이 많이 늙었누 ㅜ 거의 할배누…,0.11580884456634521,0.25460153818130493,0.29392048716545105,0.1275164633989334,0.10761304944753647,0.1005396768450737
2024-03-03 00:37:25,RB 차 존나 이쁘네 진짜,"와 보는 순간 레드불 맛이 혀에서 느껴지는 디자인이노
- dc official App",21,21.0,"RB 차 존나 이쁘네 진짜 와 보는 순간 레드불 맛이 혀에서 느껴지는 디자인이노
- dc official App",RB 차 존나 이쁘네 진짜 와 보는 순간 레드불 맛이 혀에서 느껴지는 디자인이노,0.41265830397605896,0.20145723223686218,0.20318402349948883,0.078607939183712,0.06841126829385757,0.03568119555711746
2024-03-03 00:37:25,좆핀은 특수반 장애인 취급이네 ㅋㅋㅋㅋ,케로 피셜 여로모로 안좋은 오콘 ㅋㅋㅋㅋㅋㅋㅋㅋ,21,21.0,좆핀은 특수반 장애인 취급이네 ㅋㅋㅋㅋ 케로 피셜 여로모로 안좋은 오콘 ㅋㅋㅋㅋㅋㅋㅋㅋ,좆핀은 특수반 장애인 취급이네 ㅋㅋㅋㅋ 케로 피셜 여로모로 안좋은 오콘 ㅋㅋㅋㅋㅋㅋㅋㅋ,0.08335967361927032,0.2642943263053894,0.1790173351764679,0.21850639581680298,0.10212152451276779,0.1527007669210434
2024-03-03 00:37:25,페라리 < 병신차 아니였고 병신드라이버 1마리가 있던거였노,그런데 내년에 병신드라이버 2마리 굴리겠노 ㅋㅋㅋㅋㅋㅋ,21,21.0,페라리 < 병신차 아니였고 병신드라이버 1마리가 있던거였노 그런데 내년에 병신드라이버 2마리 굴리겠노 ㅋㅋㅋㅋㅋㅋ,페라리 < 병신차 아니였고 병신드라이버 1마리가 있던거였노 그런데 내년에 병신드라이버 2마리 굴리겠노 ㅋㅋㅋㅋㅋㅋ,0.1557408571243286,0.2360038012266159,0.2829088270664215,0.1314663141965866,0.13736045360565186,0.05651971325278282
2024-03-03 00:37:29,긍정) 쥬지는 9초차이였는데 체코는 7초차 유지중,체코에게 힘을 줘 엪붕이들아,21,21.0,긍정) 쥬지는 9초차이였는데 체코는 7초차 유지중 체코에게 힘을 줘 엪붕이들아,긍정) 쥬지는 9초차이였는데 체코는 7초차 유지중 체코에게 힘을 줘 엪붕이들아,0.553917407989502,0.17064489424228668,0.09779851138591766,0.07200975716114044,0.048860933631658554,0.05676843598484993
2024-03-03 00:37:33,바수르 이새끼는 사람 좋은거 원툴임?,마굿간 조땐네,21,21.0,바수르 이새끼는 사람 좋은거 원툴임? 마굿간 조땐네,바수르 이새끼는 사람 좋은거 원툴임? 마굿간 조땐네,0.08249098062515259,0.20783478021621704,0.24984003603458405,0.19894671440124512,0.13277557492256165,0.12811195850372314
2024-03-03 00:37:37,또갱신ㅋㅋㄱㅋㅋㅋ,"이번시즌 전승우승하냐
- dc official App",21,21.0,"또갱신ㅋㅋㄱㅋㅋㅋ 이번시즌 전승우승하냐
- dc official App",또갱신ㅋㅋㄱㅋㅋㅋ 이번시즌 전승우승하냐,0.586428701877594,0.16112254559993744,0.11102920025587082,0.06569033861160278,0.042948171496391296,0.032781075686216354
2024-03-03 00:37:40,Wec 현재 버튼좌 인터뷰함ㅋㅋㅋ,,21,21.0,Wec 현재 버튼좌 인터뷰함ㅋㅋㅋ ,Wec 현재 버튼좌 인터뷰함ㅋㅋㅋ,0.6749091148376465,0.1192491352558136,0.0878005176782608,0.060179609805345535,0.029318543151021004,0.028543077409267426
2024-03-03 00:37:42,좆라리는 르끌차 어떻게했길래,"맨날 퀄리엔 멀짱하던차가  레이스만되면 문제가생기냐
두번도아니고 진짜",21,21.0,"좆라리는 르끌차 어떻게했길래 맨날 퀄리엔 멀짱하던차가  레이스만되면 문제가생기냐
두번도아니고 진짜",좆라리는 르끌차 어떻게했길래 맨날 퀄리엔 멀짱하던차가 레이스만되면 문제가생기냐 두번도아니고 진짜,0.0796622633934021,0.21219035983085632,0.20101730525493622,0.21705931425094604,0.05478206276893616,0.23528875410556793
2024-03-03 00:37:46,맥라렌놈들아 카메라에 얼굴 좀 비춰봐,거의 보이질 않네 ㄹㅇ,21,21.0,맥라렌놈들아 카메라에 얼굴 좀 비춰봐 거의 보이질 않네 ㄹㅇ,맥라렌놈들아 카메라에 얼굴 좀 비춰봐 거의 보이질 않네 ㄹㅇ,0.11394321918487549,0.17696094512939453,0.1440359354019165,0.3452129065990448,0.05571328476071358,0.1641337126493454
2024-03-03 00:37:48,오늘 그럼 소하소하는거임?,그런거임??,21,21.0,오늘 그럼 소하소하는거임? 그런거임??,오늘 그럼 소하소하는거임? 그런거임??,0.15208128094673157,0.269583135843277,0.2921810448169708,0.10087163746356964,0.10251068323850632,0.08277219533920288
2024-03-03 00:37:52,막스의 유일한 라이벌은 과거의 막스ㅋㅋㅋㅋㅋ,,21,21.0,막스의 유일한 라이벌은 과거의 막스ㅋㅋㅋㅋㅋ ,막스의 유일한 라이벌은 과거의 막스ㅋㅋㅋㅋㅋ,0.40138640999794006,0.2142762392759323,0.1836535483598709,0.09588350355625153,0.062396563589572906,0.04240373894572258
2024-03-03 00:37:55,2024시즌 요약. JPG,이거 한장이면 충분,21,21.0,2024시즌 요약. JPG 이거 한장이면 충분,2024시즌 요약. JPG 이거 한장이면 충분,0.5545046329498291,0.16252177953720093,0.10235486924648285,0.08847348392009735,0.038291770964860916,0.05385350063443184
2024-03-03 00:37:53,멀티뷰어 물어보는애들 많던데 f1tv 프로 뚫어야댐,"브픈써서 엪원프로 뚫고
구글에 f1 multiviewer 검색해서 설치하고
live timing 창 켜면 이렇게 실시간 무전 텍스트로 보거나 직접 들어볼수있음
기타 텔레메트리도 다 보임",21,21.0,"멀티뷰어 물어보는애들 많던데 f1tv 프로 뚫어야댐 브픈써서 엪원프로 뚫고
구글에 f1 multiviewer 검색해서 설치하고
live timing 창 켜면 이렇게 실시간 무전 텍스트로 보거나 직접 들어볼수있음
기타 텔레메트리도 다 보임",멀티뷰어 물어보는애들 많던데 f1tv 프로 뚫어야댐 브픈써서 엪원프로 뚫고 구글에 f1 multiviewer 검색해서 설치하고 live timing 창 켜면 이렇게 실시간 무전 텍스트로 보거나 직접 들어볼수있음 기타 텔레메트리도 다 보임,0.3547748923301697,0.20220522582530975,0.2333507537841797,0.09349770843982697,0.06642453372478485,0.04974685609340668
2024-03-03 00:38:00,막스 개인스폰들은 계약해지 해야 되는거 아니냐,"아예 화면에 나오지도 않는뎈ㅋㅋㅋ
- dc official App",21,21.0,"막스 개인스폰들은 계약해지 해야 되는거 아니냐 아예 화면에 나오지도 않는뎈ㅋㅋㅋ
- dc official App",막스 개인스폰들은 계약해지 해야 되는거 아니냐 아예 화면에 나오지도 않는뎈ㅋㅋㅋ,0.06723944842815399,0.2667258679866791,0.21448294818401337,0.21040891110897064,0.09057050943374634,0.15057237446308136
2024-03-03 00:38:02,사인지,"병신이랑 갭 줄이는중
- dc official App",21,21.0,"사인지 병신이랑 갭 줄이는중
- dc official App",사인지 병신이랑 갭 줄이는중,0.34755465388298035,0.25864800810813904,0.16498945653438568,0.10273582488298416,0.04943455383181572,0.07663754373788834
2024-03-03 00:38:02,월챔 호소인 모나코 0승 차 징징이 조금 추한 이유…fact,"바지보드 존나 중요하던 시절에
보타스 ‘어뢰 볼링‘ 당해서 한쪽 날아가서 밸런스 망가진차로
월챔에 필요한 포인트 획득
Max",21,21.0,"월챔 호소인 모나코 0승 차 징징이 조금 추한 이유…fact 바지보드 존나 중요하던 시절에
보타스 ‘어뢰 볼링‘ 당해서 한쪽 날아가서 밸런스 망가진차로
월챔에 필요한 포인트 획득
Max",월챔 호소인 모나코 0승 차 징징이 조금 추한 이유…fact 바지보드 존나 중요하던 시절에 보타스 ‘어뢰 볼링‘ 당해서 한쪽 날아가서 밸런스 망가진차로 월챔에 필요한 포인트 획득 Max,0.0904739573597908,0.2537063956260681,0.2358926385641098,0.1831311732530594,0.12197405844926834,0.11482179164886475
2024-03-03 00:38:15,개좆라리 올해도 그냥 개좆된거같으면 개추 ㅋㅋㅋㅋㅋㅋㅋㅋㅋ,씨발 못참겠다 일단 나부터 ㅋㅋㅋㅋㅋㅋㅋㅋㅋㅋ,21,21.0,개좆라리 올해도 그냥 개좆된거같으면 개추 ㅋㅋㅋㅋㅋㅋㅋㅋㅋ 씨발 못참겠다 일단 나부터 ㅋㅋㅋㅋㅋㅋㅋㅋㅋㅋ,개좆라리 올해도 그냥 개좆된거같으면 개추 ㅋㅋㅋㅋㅋㅋㅋㅋㅋ 씨발 못참겠다 일단 나부터 ㅋㅋㅋㅋㅋㅋㅋㅋㅋㅋ,0.1844632923603058,0.20337297022342682,0.11039874702692032,0.27383577823638916,0.06725873798131943,0.1606704741716385
2024-03-03 00:38:18,이거 오른쪽 뭐임??,- dc official App,21,21.0,이거 오른쪽 뭐임?? - dc official App,이거 오른쪽 뭐임?? - dc official App,0.1884111911058426,0.2358553111553192,0.32473498582839966,0.10855578631162643,0.08225834369659424,0.060184407979249954
2024-03-03 00:38:20,ㅋㅋㅋㅋㅋㅋ 르끌차 마루타였던거였노 ㅋㅋㅋㅋㅋ,내년노리는거냐,21,21.0,ㅋㅋㅋㅋㅋㅋ 르끌차 마루타였던거였노 ㅋㅋㅋㅋㅋ 내년노리는거냐,ㅋㅋㅋㅋㅋㅋ 르끌차 마루타였던거였노 ㅋㅋㅋㅋㅋ 내년노리는거냐,0.08385556191205978,0.29769423604011536,0.2500159740447998,0.15035563707351685,0.11539536714553833,0.10268320143222809
2024-03-03 00:38:21,한두 번까지는 락끌인 줄 알았는데,"이정도 걸리는 거 보면 어제 p2에 바레인 우승까지
해본 새끼의 문제는 아닌 거 같음
- dc official App",21,21.0,"한두 번까지는 락끌인 줄 알았는데 이정도 걸리는 거 보면 어제 p2에 바레인 우승까지
해본 새끼의 문제는 아닌 거 같음
- dc official App",한두 번까지는 락끌인 줄 알았는데 이정도 걸리는 거 보면 어제 p2에 바레인 우승까지 해본 새끼의 문제는 아닌 거 같음,0.06578103452920914,0.1867533177137375,0.28723978996276855,0.20962002873420715,0.09222974628210068,0.1583760529756546
2024-03-03 00:38:23,맥라렌이 르끌이랑 러셀까지는 딸만할듯,차량문제 감안해서,21,21.0,맥라렌이 르끌이랑 러셀까지는 딸만할듯 차량문제 감안해서,맥라렌이 르끌이랑 러셀까지는 딸만할듯 차량문제 감안해서,0.2801728844642639,0.2371782660484314,0.24649612605571747,0.08814854174852371,0.07187356054782867,0.07613059878349304
2024-03-03 00:38:24,르끌 욕하지 마라 지금 차가 거지인데 개인기로 버티는중,"제발 우리 퍼스트 욕하지마라
사인지 빨고 싶으면 퀄리나 이기고 온뒤에 빨아라",21,21.0,"르끌 욕하지 마라 지금 차가 거지인데 개인기로 버티는중 제발 우리 퍼스트 욕하지마라
사인지 빨고 싶으면 퀄리나 이기고 온뒤에 빨아라",르끌 욕하지 마라 지금 차가 거지인데 개인기로 버티는중 제발 우리 퍼스트 욕하지마라 사인지 빨고 싶으면 퀄리나 이기고 온뒤에 빨아라,0.0837639793753624,0.21433262526988983,0.16664154827594757,0.25467297434806824,0.07829385995864868,0.20229502022266388
2024-03-03 00:38:32,올해 시즌 다봤다 ㅅㅂㅋㅋㅋㅋ 텃다 텃어ㅋㅋㅋㅋㅋㅋㅋㅋ,"​
엪완만 목 빠지게 기다려온
앺붕이들에게 개막전 시작하자마자 빅엿을 맥이는
​대.황.몽.골​
- dc official App",21,21.0,"올해 시즌 다봤다 ㅅㅂㅋㅋㅋㅋ 텃다 텃어ㅋㅋㅋㅋㅋㅋㅋㅋ ​
엪완만 목 빠지게 기다려온
앺붕이들에게 개막전 시작하자마자 빅엿을 맥이는
​대.황.몽.골​
- dc official App",올해 시즌 다봤다 ㅅㅂㅋㅋㅋㅋ 텃다 텃어ㅋㅋㅋㅋㅋㅋㅋㅋ ​ 엪완만 목 빠지게 기다려온 앺붕이들에게 개막전 시작하자마자 빅엿을 맥이는 ​대.황.몽.골​,0.1324591487646103,0.2640285789966583,0.11162255704402924,0.24461615085601807,0.06325070559978485,0.18402285873889923
2024-03-03 00:38:39,오늘 체코 왜이렇게 잘하냐? 아직 8초차네,ㄷㄷㄷㄷ,21,21.0,오늘 체코 왜이렇게 잘하냐? 아직 8초차네 ㄷㄷㄷㄷ,오늘 체코 왜이렇게 잘하냐? 아직 8초차네 ㄷㄷㄷㄷ,0.3697581887245178,0.2082396000623703,0.23011739552021027,0.07519864290952682,0.07836606353521347,0.03832007199525833
2024-03-03 00:38:39,좆콘 따잇 ㅋㅋㅋㅋㅋㅋㅋ,,21,21.0,좆콘 따잇 ㅋㅋㅋㅋㅋㅋㅋ ,좆콘 따잇 ㅋㅋㅋㅋㅋㅋㅋ,0.7090815901756287,0.10770057141780853,0.0664142444729805,0.05734245106577873,0.024312566965818405,0.03514857590198517
2024-03-03 00:38:43,사인츠 레드불 갈 일 없지,루키시절 애비들끼리 기싸움 땜에 팀 분위기 거지 같았다고 안좋아했다,21,21.0,사인츠 레드불 갈 일 없지 루키시절 애비들끼리 기싸움 땜에 팀 분위기 거지 같았다고 안좋아했다,사인츠 레드불 갈 일 없지 루키시절 애비들끼리 기싸움 땜에 팀 분위기 거지 같았다고 안좋아했다,0.08597665280103683,0.3164927363395691,0.16928818821907043,0.1524503380060196,0.07400436699390411,0.20178766548633575
2024-03-03 00:38:47,시즌 그냥 좆됐네 ㅋㅋㅋㅋ,,21,21.0,시즌 그냥 좆됐네 ㅋㅋㅋㅋ ,시즌 그냥 좆됐네 ㅋㅋㅋㅋ,0.09926200658082962,0.35996323823928833,0.15747760236263275,0.14731904864311218,0.08637417107820511,0.14960405230522156
2024-03-03 00:38:48,추월버튼 못 쓰는 ㅂㅅ팀ㅋㅋㅋㅋ,메르세데스 ㅋㅋ,21,21.0,추월버튼 못 쓰는 ㅂㅅ팀ㅋㅋㅋㅋ 메르세데스 ㅋㅋ,추월버튼 못 쓰는 ㅂㅅ팀ㅋㅋㅋㅋ 메르세데스 ㅋㅋ,0.09224386513233185,0.2603617012500763,0.27588212490081787,0.18555334210395813,0.07607702165842056,0.10988189280033112
2024-03-03 00:38:52,토로로쏘에 ^따잇^ ㅋㅋㅋㅋㅋㅋ,,22,22.0,토로로쏘에 ^따잇^ ㅋㅋㅋㅋㅋㅋ ,토로로쏘에 ^따잇^ ㅋㅋㅋㅋㅋㅋ,0.7133206129074097,0.10563919693231583,0.06334266811609268,0.05766981467604637,0.0233776792883873,0.03665012866258621
2024-03-03 00:38:54,rb헌테 따이는 ㅈ핀 ㅋㅋ,"ㅋㅋㅋㅋ
- dc official App",22,22.0,"rb헌테 따이는 ㅈ핀 ㅋㅋ ㅋㅋㅋㅋ
- dc official App",rb헌테 따이는 ㅈ핀 ㅋㅋ ㅋㅋㅋㅋ,0.27302512526512146,0.28670749068260193,0.15837164223194122,0.14627736806869507,0.06564538180828094,0.069972924888134
2024-03-03 00:38:59,이로서 제로팟은 틀린게 아니였다는걸..,"메르병신
- dc official App",22,22.0,"이로서 제로팟은 틀린게 아니였다는걸.. 메르병신
- dc official App",이로서 제로팟은 틀린게 아니였다는걸.. 메르병신,0.12246610224246979,0.3212425112724304,0.19240713119506836,0.13347455859184265,0.0997709333896637,0.1306387186050415
2024-03-03 00:39:02,진짜 fia는 막스랑 뉴이 같은팀 못하게해라,무친실력 + 무친엔지니어링 합쳐지니까 걍 이번시즌 개노잼삘임 ;,22,22.0,진짜 fia는 막스랑 뉴이 같은팀 못하게해라 무친실력 + 무친엔지니어링 합쳐지니까 걍 이번시즌 개노잼삘임 ;,진짜 fia는 막스랑 뉴이 같은팀 못하게해라 무친실력 + 무친엔지니어링 합쳐지니까 걍 이번시즌 개노잼삘임 ;,0.071518674492836,0.27085059881210327,0.19273075461387634,0.19017788767814636,0.06889842450618744,0.205823615193367
2024-03-03 00:39:08,오늘 결론 : 막스 폴이다? 레이스 안봐도 된다 ㅋㅋ,아오,22,22.0,오늘 결론 : 막스 폴이다? 레이스 안봐도 된다 ㅋㅋ 아오,오늘 결론 : 막스 폴이다? 레이스 안봐도 된다 ㅋㅋ 아오,0.22040928900241852,0.2457410842180252,0.10774083435535431,0.2506124973297119,0.05237418785691261,0.12312215566635132
2024-03-03 00:39:15,알비가 알핀을 ㅋㅋ,,22,22.0,알비가 알핀을 ㅋㅋ ,알비가 알핀을 ㅋㅋ,0.2830474078655243,0.245070680975914,0.2588326334953308,0.09971009194850922,0.07190611213445663,0.04143315926194191
2024-03-03 00:39:21,중일전쟁ㄷㄷㄷ,ㄷㄷ,22,22.0,중일전쟁ㄷㄷㄷ ㄷㄷ,중일전쟁ㄷㄷㄷ ㄷㄷ,0.12468142807483673,0.1979495733976364,0.3346655070781708,0.13243721425533295,0.1288774311542511,0.08138887584209442
2024-03-03 00:39:23,근데 사인츠 점마 왜 페레즈랑 멀어지노,진짜 레드불 무슨 괴물을 만든거냐..,22,22.0,근데 사인츠 점마 왜 페레즈랑 멀어지노 진짜 레드불 무슨 괴물을 만든거냐..,근데 사인츠 점마 왜 페레즈랑 멀어지노 진짜 레드불 무슨 괴물을 만든거냐..,0.0838872417807579,0.26770931482315063,0.25466418266296387,0.17132927477359772,0.11352603137493134,0.10888393223285675
2024-03-03 00:39:25,형광초록 존나 잘띄긴하네 ㅋㅋ,ㅋㅋ,22,22.0,형광초록 존나 잘띄긴하네 ㅋㅋ ㅋㅋ,형광초록 존나 잘띄긴하네 ㅋㅋ ㅋㅋ,0.5766410827636719,0.15598909556865692,0.1366811841726303,0.05872737243771553,0.042357344180345535,0.029603952541947365
2024-03-03 00:39:12,❗+❗+기습 범부❗+❗+,- dc official App,22,22.0,❗+❗+기습 범부❗+❗+ - dc official App,❗+❗+기습 범부❗+❗+ - dc official App,0.5181211829185486,0.17000612616539001,0.1527957320213318,0.07950620353221893,0.030203869566321373,0.04936681687831879
2024-03-03 00:39:25,그냥 막스 월챔주고 휴가보내면안되나,ㄹㅇ,22,22.0,그냥 막스 월챔주고 휴가보내면안되나 ㄹㅇ,그냥 막스 월챔주고 휴가보내면안되나 ㄹㅇ,0.10501094162464142,0.28686001896858215,0.13081477582454681,0.17419655621051788,0.0661640390753746,0.23695367574691772
2024-03-03 00:39:28,르끌이 병신인줄 알았는데 '페라리' 한거였노 ㅋㅋㅋ,차 셋업하다 어디 실수라도 했나 ㅋㅋ,22,22.0,르끌이 병신인줄 알았는데 '페라리' 한거였노 ㅋㅋㅋ 차 셋업하다 어디 실수라도 했나 ㅋㅋ,르끌이 병신인줄 알았는데 '페라리' 한거였노 ㅋㅋㅋ 차 셋업하다 어디 실수라도 했나 ㅋㅋ,0.1221214011311531,0.2411157190799713,0.29013967514038086,0.1531422883272171,0.12635453045368195,0.06712637096643448
2024-03-03 00:39:29,알핀 롱런은 생각보다 병신이 아니네?,사고난 새끼들이랑 놀고있을줄,22,22.0,알핀 롱런은 생각보다 병신이 아니네? 사고난 새끼들이랑 놀고있을줄,알핀 롱런은 생각보다 병신이 아니네? 사고난 새끼들이랑 놀고있을줄,0.09222660958766937,0.19407229125499725,0.27748891711235046,0.20345184206962585,0.13161951303482056,0.10114084184169769
2024-03-03 00:39:30,작년이랑 똑같네,"레드불 원탑
페라리 메르 맥
애마
11노다",22,22.0,"작년이랑 똑같네 레드불 원탑
페라리 메르 맥
애마
11노다",작년이랑 똑같네 레드불 원탑 페라리 메르 맥 애마 11노다,0.3316762447357178,0.25895532965660095,0.17789782583713531,0.10152870416641235,0.056212492287158966,0.07372940331697464
2024-03-03 00:39:34,중일전쟁 언제나 짜릿해,10노다 ㄱㄱ,22,22.0,중일전쟁 언제나 짜릿해 10노다 ㄱㄱ,중일전쟁 언제나 짜릿해 10노다 ㄱㄱ,0.7008116245269775,0.11143400520086288,0.05627201870083809,0.06611219793558121,0.02197743020951748,0.04339268058538437
2024-03-03 00:39:35,사실 레드불이 치팅 중인거라면?? 19 페라리처럼 꼬라박는다면???,제발 그런 꿈을 꾸게 해줘,22,22.0,사실 레드불이 치팅 중인거라면?? 19 페라리처럼 꼬라박는다면??? 제발 그런 꿈을 꾸게 해줘,사실 레드불이 치팅 중인거라면?? 19 페라리처럼 꼬라박는다면??? 제발 그런 꿈을 꾸게 해줘,0.18624471127986908,0.20711420476436615,0.31140950322151184,0.10128069669008255,0.12531475722789764,0.06863609701395035
2024-03-03 00:39:43,11노다 올해는 10노다 가능하냐?,??????????,22,22.0,11노다 올해는 10노다 가능하냐? ??????????,11노다 올해는 10노다 가능하냐? ??????????,0.17256134748458862,0.22340227663516998,0.32751938700675964,0.09904954582452774,0.10659188032150269,0.07087556272745132
2024-03-03 00:39:45,이렇게 된거 사전트가 막가놈 꽂는거말고 답이없다,ㅇㅇ,22,22.0,이렇게 된거 사전트가 막가놈 꽂는거말고 답이없다 ㅇㅇ,이렇게 된거 사전트가 막가놈 꽂는거말고 답이없다 ㅇㅇ,0.07775827497243881,0.25818347930908203,0.16673900187015533,0.15994644165039062,0.08791111409664154,0.24946177005767822
2024-03-03 00:39:46,누가 사고 좀 내자,진짜 노잼이네...,22,22.0,누가 사고 좀 내자 진짜 노잼이네...,누가 사고 좀 내자 진짜 노잼이네...,0.10835026949644089,0.3001072406768799,0.13035321235656738,0.19097189605236053,0.059589844197034836,0.21062755584716797
2024-03-03 00:39:44,청일전쟁 입갤 ㅋㅋ,,22,22.0,청일전쟁 입갤 ㅋㅋ ,청일전쟁 입갤 ㅋㅋ,0.5487539768218994,0.15437158942222595,0.12931224703788757,0.08685050904750824,0.03974342346191406,0.04096832498908043
2024-03-03 00:39:48,애마 이병신은 전략 병신같이짜놔서 9등에 마물러있노,기대한내가병신이지,22,22.0,애마 이병신은 전략 병신같이짜놔서 9등에 마물러있노 기대한내가병신이지,애마 이병신은 전략 병신같이짜놔서 9등에 마물러있노 기대한내가병신이지,0.06541872769594193,0.25537461042404175,0.18641451001167297,0.2061627358198166,0.06328679621219635,0.2233426421880722
2024-03-03 00:40:00,막스한텐 황금의자 주고 P234 포디움 세워라 ㅅㅂ,,22,22.0,막스한텐 황금의자 주고 P234 포디움 세워라 ㅅㅂ ,막스한텐 황금의자 주고 P234 포디움 세워라 ㅅㅂ,0.1700056791305542,0.1752643585205078,0.1335400640964508,0.32398712635040283,0.041925277560949326,0.1552775353193283
2024-03-03 00:40:04,오늘 2스탑임?,ㅇㅇ,22,22.0,오늘 2스탑임? ㅇㅇ,오늘 2스탑임? ㅇㅇ,0.14827676117420197,0.26025286316871643,0.28809845447540283,0.10595236718654633,0.10899210721254349,0.08842743933200836
2024-03-03 00:40:10,사인츠 혼신의 구직 드라이빙,날 데려가라 선언,22,22.0,사인츠 혼신의 구직 드라이빙 날 데려가라 선언,사인츠 혼신의 구직 드라이빙 날 데려가라 선언,0.47729790210723877,0.18113715946674347,0.11655962467193604,0.09757430851459503,0.05342691391706467,0.07400402426719666
2024-03-03 00:40:10,사전트 막가놈 한번만 쏴다오...,대포동미사일 한발만,22,22.0,사전트 막가놈 한번만 쏴다오... 대포동미사일 한발만,사전트 막가놈 한번만 쏴다오... 대포동미사일 한발만,0.25215888023376465,0.18161419034004211,0.19584287703037262,0.1484464854001999,0.07831564545631409,0.14362186193466187
2024-03-03 00:40:15,사실 토토 이새끼가 페라리한테 사기를 친거 아닐까?,토토 이새끼!,22,22.0,사실 토토 이새끼가 페라리한테 사기를 친거 아닐까? 토토 이새끼!,사실 토토 이새끼가 페라리한테 사기를 친거 아닐까? 토토 이새끼!,0.10441522300243378,0.16481946408748627,0.3399982750415802,0.18145832419395447,0.09862515330314636,0.11068352311849594
2024-03-03 00:40:19,자우버는 볼 수록 ㅈ같네,뭐 저따구로 생겼어,22,22.0,자우버는 볼 수록 ㅈ같네 뭐 저따구로 생겼어,자우버는 볼 수록 ㅈ같네 뭐 저따구로 생겼어,0.12815579771995544,0.1996411383152008,0.1268240213394165,0.29814794659614563,0.04831701144576073,0.1989140808582306
2024-03-03 00:40:26,이잉 안들려,,22,22.0,이잉 안들려 ,이잉 안들려,0.1369103491306305,0.30348125100135803,0.11519624292850494,0.2180051952600479,0.0548601932823658,0.1715468019247055
2024-03-03 00:40:31,안들려 ㅋㅋㅋㅋㅋㅋㅋㅋㅋ,,23,23.0,안들려 ㅋㅋㅋㅋㅋㅋㅋㅋㅋ ,안들려 ㅋㅋㅋㅋㅋㅋㅋㅋㅋ,0.25675493478775024,0.30048778653144836,0.14441341161727905,0.15895836055278778,0.056225843727588654,0.08315972983837128
2024-03-03 00:40:31,크게얘기해 시발아 ㅋㅋ,ㅋㅋ,23,23.0,크게얘기해 시발아 ㅋㅋ ㅋㅋ,크게얘기해 시발아 ㅋㅋ ㅋㅋ,0.16938982903957367,0.21628350019454956,0.12171226739883423,0.31192389130592346,0.05678164213895798,0.12390892952680588
2024-03-03 00:40:35,안들려 시발아 ㅋㅋㅋㅋ,,23,23.0,안들려 시발아 ㅋㅋㅋㅋ ,안들려 시발아 ㅋㅋㅋㅋ,0.1443042904138565,0.2607974112033844,0.10680165141820908,0.2932864725589752,0.05185886472463608,0.14295129477977753
2024-03-03 00:40:36,페레즈 왕따였노?ㅋㅋㅋ,"ㅋㅋㅋ
- dc official App",23,23.0,"페레즈 왕따였노?ㅋㅋㅋ ㅋㅋㅋ
- dc official App",페레즈 왕따였노?ㅋㅋㅋ ㅋㅋㅋ,0.12688815593719482,0.3071834146976471,0.24042145907878876,0.13245438039302826,0.11735301464796066,0.07569947093725204
2024-03-03 00:40:36,페레즈 p1 ㄷㄷ,그새끼는 논외로 ㅋㅋ,23,23.0,페레즈 p1 ㄷㄷ 그새끼는 논외로 ㅋㅋ,페레즈 p1 ㄷㄷ 그새끼는 논외로 ㅋㅋ,0.10189582407474518,0.20568351447582245,0.31153878569602966,0.1768709272146225,0.12431012094020844,0.07970081269741058
2024-03-03 00:40:37,딸깍충 외로워 선언ㅋㅋㅋㅋㅋㅋ,,23,23.0,딸깍충 외로워 선언ㅋㅋㅋㅋㅋㅋ ,딸깍충 외로워 선언ㅋㅋㅋㅋㅋㅋ,0.26581501960754395,0.27521318197250366,0.14502504467964172,0.15307050943374634,0.07383376359939575,0.08704246580600739
2024-03-03 00:40:39,점만 뭔 꼽을주노 페레즈 ㅋㅋㅋ,ㅋㅋㅋㅋㅋ,23,23.0,점만 뭔 꼽을주노 페레즈 ㅋㅋㅋ ㅋㅋㅋㅋㅋ,점만 뭔 꼽을주노 페레즈 ㅋㅋㅋ ㅋㅋㅋㅋㅋ,0.15283465385437012,0.3440968096256256,0.16596566140651703,0.1706600934267044,0.07205139100551605,0.0943913459777832
2024-03-03 00:40:40,안들려 시발놈아 ㅋㅋㅋㅋ,,23,23.0,안들려 시발놈아 ㅋㅋㅋㅋ ,안들려 시발놈아 ㅋㅋㅋㅋ,0.1494903862476349,0.22771495580673218,0.10883886367082596,0.318801611661911,0.051173120737075806,0.14398106932640076
2024-03-03 00:40:39,말 좀 해라 시발아ㅋㅋㅋㅋㅋㅋ,,23,23.0,말 좀 해라 시발아ㅋㅋㅋㅋㅋㅋ ,말 좀 해라 시발아ㅋㅋㅋㅋㅋㅋ,0.1269574910402298,0.2032453715801239,0.12591131031513214,0.33960527181625366,0.0440722294151783,0.1602083295583725
2024-03-03 00:40:40,안 들린다고!!!,ㅋㅋㅋ,23,23.0,안 들린다고!!! ㅋㅋㅋ,안 들린다고!!! ㅋㅋㅋ,0.1831044703722,0.30567461252212524,0.13794562220573425,0.1985730528831482,0.0700908973813057,0.10461130738258362
2024-03-03 00:40:42,막스: 닥쳐라 vs 체코: 소리좀 질러라,어쩌라고ㅋㅋㅋ,23,23.0,막스: 닥쳐라 vs 체코: 소리좀 질러라 어쩌라고ㅋㅋㅋ,막스: 닥쳐라 vs 체코: 소리좀 질러라 어쩌라고ㅋㅋㅋ,0.14975273609161377,0.30423760414123535,0.16194213926792145,0.21148331463336945,0.0717969462275505,0.10078727453947067
2024-03-03 00:40:43,노래나 틀어 새끼야ㅋㅋㅋㅋㅋㅋㅋ,,23,23.0,노래나 틀어 새끼야ㅋㅋㅋㅋㅋㅋㅋ ,노래나 틀어 새끼야ㅋㅋㅋㅋㅋㅋㅋ,0.19873270392417908,0.23174752295017242,0.16006553173065186,0.24589166045188904,0.06852240860462189,0.09504011273384094
2024-03-03 00:40:45,페레즈 팀라디오는 머 저런게 나오노 ㅋㅋ,ㅋㅋㅋㅋㅋㅋㅋㅋㅋㅋ,23,23.0,페레즈 팀라디오는 머 저런게 나오노 ㅋㅋ ㅋㅋㅋㅋㅋㅋㅋㅋㅋㅋ,페레즈 팀라디오는 머 저런게 나오노 ㅋㅋ ㅋㅋㅋㅋㅋㅋㅋㅋㅋㅋ,0.23077425360679626,0.2594841718673706,0.2373274862766266,0.13798867166042328,0.07448956370353699,0.05993584543466568
2024-03-03 00:40:51,페레즈 병신 디코 차단당했노 ㅋㅋㅋㅋㅋㅋㅋㅋㅋㅋㅋㅋㅋㅋㅋ,시발 개웃기네,23,23.0,페레즈 병신 디코 차단당했노 ㅋㅋㅋㅋㅋㅋㅋㅋㅋㅋㅋㅋㅋㅋㅋ 시발 개웃기네,페레즈 병신 디코 차단당했노 ㅋㅋㅋㅋㅋㅋㅋㅋㅋㅋㅋㅋㅋㅋㅋ 시발 개웃기네,0.18620909750461578,0.2659091651439667,0.1959773153066635,0.1807243674993515,0.09009255468845367,0.08108754456043243
2024-03-03 00:40:52,타코: 오디오좀 채워줘라,졸음운전은 체평ㅋㅋㅋㅋㅋㅋㅋ,23,23.0,타코: 오디오좀 채워줘라 졸음운전은 체평ㅋㅋㅋㅋㅋㅋㅋ,타코: 오디오좀 채워줘라 졸음운전은 체평ㅋㅋㅋㅋㅋㅋㅋ,0.42655298113822937,0.21739546954631805,0.1143130213022232,0.12141324579715729,0.041207559406757355,0.07911774516105652
2024-03-03 00:40:53,페레즈 귀먹었노 ㅋㅋㅋㅋㅋㅋㅋㅋㅋㅋ,ㅋㅋㅋㅋㅋㅋㅋㅋㅋ,23,23.0,페레즈 귀먹었노 ㅋㅋㅋㅋㅋㅋㅋㅋㅋㅋ ㅋㅋㅋㅋㅋㅋㅋㅋㅋ,페레즈 귀먹었노 ㅋㅋㅋㅋㅋㅋㅋㅋㅋㅋ ㅋㅋㅋㅋㅋㅋㅋㅋㅋ,0.21373195946216583,0.31378448009490967,0.1807565540075302,0.14228270947933197,0.0807032436132431,0.06874113529920578
2024-03-03 00:40:55,졸린가봄ㅋㅋ,ㅋㅋ존나 꼴받네,23,23.0,졸린가봄ㅋㅋ ㅋㅋ존나 꼴받네,졸린가봄ㅋㅋ ㅋㅋ존나 꼴받네,0.17108342051506042,0.2138591706752777,0.11959127336740494,0.29799768328666687,0.06577318161725998,0.13169525563716888
2024-03-03 00:40:55,체코시발련아,시발,23,23.0,체코시발련아 시발,체코시발련아 시발,0.15778042376041412,0.1673841029405594,0.11706501990556717,0.33013615012168884,0.04209291562438011,0.18554142117500305
2024-03-03 00:40:57,레드불FM ON,- dc official App,23,23.0,레드불FM ON - dc official App,레드불FM ON - dc official App,0.43697184324264526,0.18724864721298218,0.1928156614303589,0.0999973863363266,0.03171997144818306,0.05124650523066521
2024-03-03 00:40:57,씨발 잡담 요구 ㅋㅋㅋㅋㅋㅋㅋㅋㅋㅋ,ㅋㅋㅋㅋㅋㅋㅋㅋㅋㅋㅋㅋㅋㅋㄹㅋ,23,23.0,씨발 잡담 요구 ㅋㅋㅋㅋㅋㅋㅋㅋㅋㅋ ㅋㅋㅋㅋㅋㅋㅋㅋㅋㅋㅋㅋㅋㅋㄹㅋ,씨발 잡담 요구 ㅋㅋㅋㅋㅋㅋㅋㅋㅋㅋ ㅋㅋㅋㅋㅋㅋㅋㅋㅋㅋㅋㅋㅋㅋㄹㅋ,0.3571918308734894,0.23001255095005035,0.11210446059703827,0.1760258972644806,0.04606356471776962,0.07860168069601059
2024-03-03 00:40:58,심심했나보노ㅋㅋㅋㅋ,대 체 코,23,23.0,심심했나보노ㅋㅋㅋㅋ 대 체 코,심심했나보노ㅋㅋㅋㅋ 대 체 코,0.46223384141921997,0.2286008596420288,0.09996078163385391,0.10265177488327026,0.041648559272289276,0.06490422785282135
2024-03-03 00:41:00,싱글벙글쇼 사연이라도 틀어줘라,둘 다 심심하겠누,23,23.0,싱글벙글쇼 사연이라도 틀어줘라 둘 다 심심하겠누,싱글벙글쇼 사연이라도 틀어줘라 둘 다 심심하겠누,0.29090413451194763,0.2787017822265625,0.140508234500885,0.10893084853887558,0.07434191554784775,0.10661306977272034
2024-03-03 00:41:00,벌써부터 1000점 피니시가 보이면 개추,"그냥 얘네 F0라고 트로피 줘버리고
나머지 9팀에 안드레티 넣어서 F1 하자니까?",23,23.0,"벌써부터 1000점 피니시가 보이면 개추 그냥 얘네 F0라고 트로피 줘버리고
나머지 9팀에 안드레티 넣어서 F1 하자니까?",벌써부터 1000점 피니시가 보이면 개추 그냥 얘네 F0라고 트로피 줘버리고 나머지 9팀에 안드레티 넣어서 F1 하자니까?,0.15405681729316711,0.2041323482990265,0.23786383867263794,0.17035675048828125,0.1318952739238739,0.1016949862241745
2024-03-03 00:41:05,할 말이 있어야 해주지 ㅅㅂㅋㅋㅋㅋㅋㅋ,걍 알아서 잘 가라 이거야,23,23.0,할 말이 있어야 해주지 ㅅㅂㅋㅋㅋㅋㅋㅋ 걍 알아서 잘 가라 이거야,할 말이 있어야 해주지 ㅅㅂㅋㅋㅋㅋㅋㅋ 걍 알아서 잘 가라 이거야,0.08001424372196198,0.21919308602809906,0.15509100258350372,0.2767347991466522,0.06017410010099411,0.20879274606704712
2024-03-03 00:41:16,하수 ) 이거 츠노다 포인트 각인데?,"고수 ) 이거 츠노다 포디움 각인데?
씹고수 ) 이거 츠노다 리타 각인데?",23,23.0,"하수 ) 이거 츠노다 포인트 각인데? 고수 ) 이거 츠노다 포디움 각인데?
씹고수 ) 이거 츠노다 리타 각인데?",하수 ) 이거 츠노다 포인트 각인데? 고수 ) 이거 츠노다 포디움 각인데? 씹고수 ) 이거 츠노다 리타 각인데?,0.20864799618721008,0.20632649958133698,0.31224849820137024,0.12097559869289398,0.09811944514513016,0.053681958466768265
2024-03-03 00:41:19,원투 하고있는데 뭔 말을 해야되노 ㅋㅋㅋㅋ,아오 ㅋㅋ,23,23.0,원투 하고있는데 뭔 말을 해야되노 ㅋㅋㅋㅋ 아오 ㅋㅋ,원투 하고있는데 뭔 말을 해야되노 ㅋㅋㅋㅋ 아오 ㅋㅋ,0.15871302783489227,0.31919005513191223,0.11419375985860825,0.20897513628005981,0.06899498403072357,0.12993304431438446
2024-03-03 00:41:22,사인츠 병신 따버려,ㅇㅇ,23,23.0,사인츠 병신 따버려 ㅇㅇ,사인츠 병신 따버려 ㅇㅇ,0.31591999530792236,0.14323744177818298,0.17374026775360107,0.20081670582294464,0.05360300838947296,0.11268261075019836
2024-03-03 00:41:23,라디오라도 틀고 주행해라 잠 오겠노 ㅋㅋㅋㅋㅋㅋㅋㅋㅋ,이게 씨발 고속도로 달리는거랑 뭐가 다른지 모를듯 ㅋㅋㅋㅋㅋㅋㅋㅋㅋ,23,23.0,라디오라도 틀고 주행해라 잠 오겠노 ㅋㅋㅋㅋㅋㅋㅋㅋㅋ 이게 씨발 고속도로 달리는거랑 뭐가 다른지 모를듯 ㅋㅋㅋㅋㅋㅋㅋㅋㅋ,라디오라도 틀고 주행해라 잠 오겠노 ㅋㅋㅋㅋㅋㅋㅋㅋㅋ 이게 씨발 고속도로 달리는거랑 뭐가 다른지 모를듯 ㅋㅋㅋㅋㅋㅋㅋㅋㅋ,0.12137066572904587,0.2918981909751892,0.13266277313232422,0.24331355094909668,0.07397818565368652,0.1367766559123993
2024-03-03 00:41:27,막스랑 끝말잇기 해라 시발련아 ㅋㅋㅋㅋ,,23,23.0,막스랑 끝말잇기 해라 시발련아 ㅋㅋㅋㅋ ,막스랑 끝말잇기 해라 시발련아 ㅋㅋㅋㅋ,0.17402978241443634,0.22472625970840454,0.16825442016124725,0.2662055194377899,0.06871601939201355,0.09806804358959198
2024-03-03 00:41:28,새벽 1시의페경림 데이트,"ㄱㄱㄱ
- dc official App",23,23.0,"새벽 1시의페경림 데이트 ㄱㄱㄱ
- dc official App",새벽 1시의페경림 데이트 ㄱㄱㄱ,0.6870038509368896,0.11754937469959259,0.07528024166822433,0.05527767539024353,0.02943301945924759,0.03545587882399559
2024-03-03 00:41:31,막스체코10초갭 ㅋㅋ,,23,23.0,막스체코10초갭 ㅋㅋ ,막스체코10초갭 ㅋㅋ,0.588844895362854,0.13581454753875732,0.13294190168380737,0.07309222966432571,0.035680726170539856,0.0336257666349411
2024-03-03 00:41:34,체코 졸음운전하는거 아니냐,ㅇㅇ,23,23.0,체코 졸음운전하는거 아니냐 ㅇㅇ,체코 졸음운전하는거 아니냐 ㅇㅇ,0.11445792019367218,0.1965176910161972,0.3693179488182068,0.13031430542469025,0.10361719876527786,0.0857749953866005
2024-03-03 00:41:34,케로 자학 ㅋㅋㅋㅋ케,"+ dc official App
- dc official App",23,23.0,"케로 자학 ㅋㅋㅋㅋ케 + dc official App
- dc official App",케로 자학 ㅋㅋㅋㅋ케 + dc official App,0.5502194762229919,0.1692846417427063,0.0960645079612732,0.1035173311829567,0.03132449835538864,0.04958953708410263
2024-03-03 00:41:39,병신: 심심하니까 노래나불러 꼬붕련아 ㅋㅋㅋ,ㅋㅋㅋㅋ,23,23.0,병신: 심심하니까 노래나불러 꼬붕련아 ㅋㅋㅋ ㅋㅋㅋㅋ,병신: 심심하니까 노래나불러 꼬붕련아 ㅋㅋㅋ ㅋㅋㅋㅋ,0.5011389851570129,0.1894739717245102,0.09096591174602509,0.11947683244943619,0.03899514675140381,0.05994914844632149
2024-03-03 00:41:41,RB는 캐시앱이 돈 더줘서 로고도 바꾸면 안되냐,한번씩 볼때마다 인코딩 잘못되서 한자 출력된거 같음,23,23.0,RB는 캐시앱이 돈 더줘서 로고도 바꾸면 안되냐 한번씩 볼때마다 인코딩 잘못되서 한자 출력된거 같음,RB는 캐시앱이 돈 더줘서 로고도 바꾸면 안되냐 한번씩 볼때마다 인코딩 잘못되서 한자 출력된거 같음,0.09039881080389023,0.30827218294143677,0.16037003695964813,0.17141801118850708,0.040706437081098557,0.22883453965187073
2024-03-03 00:41:41,제 해설처럼 ㅋㅋㅋㅋ,,23,23.0,제 해설처럼 ㅋㅋㅋㅋ ,제 해설처럼 ㅋㅋㅋㅋ,0.6700926423072815,0.12614968419075012,0.06794422119855881,0.06959723681211472,0.025962386280298233,0.04025375097990036
2024-03-03 00:41:43,우리 병신형 같은차 타는데 시간은 점점 벌어지놐ㅋㅋㅋㅋㅋㅋ,그저 차빨 병신형...,23,23.0,우리 병신형 같은차 타는데 시간은 점점 벌어지놐ㅋㅋㅋㅋㅋㅋ 그저 차빨 병신형...,우리 병신형 같은차 타는데 시간은 점점 벌어지놐ㅋㅋㅋㅋㅋㅋ 그저 차빨 병신형...,0.09957646578550339,0.3086223900318146,0.15412920713424683,0.1824076622724533,0.10534550994634628,0.14991877973079681
2024-03-03 00:41:44,호너 개씨발놈아 양심있으면 졸업해라,좀 나가라,23,23.0,호너 개씨발놈아 양심있으면 졸업해라 좀 나가라,호너 개씨발놈아 양심있으면 졸업해라 좀 나가라,0.18914426863193512,0.16338330507278442,0.1171761229634285,0.31602048873901367,0.04224133491516113,0.17203447222709656
2024-03-03 00:41:46,체코 사인츠 갭줄어드는중 ㅋㅋㅋㅋㅋ,- dc official App,23,23.0,체코 사인츠 갭줄어드는중 ㅋㅋㅋㅋㅋ - dc official App,체코 사인츠 갭줄어드는중 ㅋㅋㅋㅋㅋ - dc official App,0.6753222942352295,0.11992330104112625,0.07717099785804749,0.06255951523780823,0.026454806327819824,0.038569044321775436
2024-03-03 00:41:46,#페레즈#집단학폭#해명해#레드불,우리체코 괴롭히지마!!!,23,23.0,#페레즈#집단학폭#해명해#레드불 우리체코 괴롭히지마!!!,우리체코 괴롭히지마!!!,0.3207741677761078,0.1957426518201828,0.14852474629878998,0.14353026449680328,0.05915379151701927,0.1322742998600006
2024-03-03 00:41:48,막스 컬투쇼 들으며 주행중,- dc official App,23,23.0,막스 컬투쇼 들으며 주행중 - dc official App,막스 컬투쇼 들으며 주행중 - dc official App,0.6422730088233948,0.13286280632019043,0.09730815887451172,0.06446345895528793,0.02492545358836651,0.03816704824566841
2024-03-03 00:41:49,병신메르 또 리프트앤코스트 입갤 ㅋㅋㅋ,뭐하냐진짜,23,23.0,병신메르 또 리프트앤코스트 입갤 ㅋㅋㅋ 뭐하냐진짜,병신메르 또 리프트앤코스트 입갤 ㅋㅋㅋ 뭐하냐진짜,0.13796453177928925,0.3096049129962921,0.17303933203220367,0.20012736320495605,0.07171875983476639,0.10754504799842834
2024-03-03 00:41:51,조근조근..제 해설처럼,케로햄 좀 치노 ㅋㅋㅋㅋㅋㅋㅋㅋ,23,23.0,조근조근..제 해설처럼 케로햄 좀 치노 ㅋㅋㅋㅋㅋㅋㅋㅋ,조근조근..제 해설처럼 케로햄 좀 치노 ㅋㅋㅋㅋㅋㅋㅋㅋ,0.5899149179458618,0.1585441380739212,0.11922979354858398,0.0637018159031868,0.04006706550717354,0.028542323037981987
2024-03-03 00:41:51,체코 : 드랍더빗! ㅋㅋㅋ,차가 하도 좋으니까 그냥 심심하지!,23,23.0,체코 : 드랍더빗! ㅋㅋㅋ 차가 하도 좋으니까 그냥 심심하지!,체코 : 드랍더빗! ㅋㅋㅋ 차가 하도 좋으니까 그냥 심심하지!,0.5910941958427429,0.14680317044258118,0.06593389809131622,0.09805205464363098,0.03213723376393318,0.06597939133644104
2024-03-03 00:41:54,케로 셀프디스 ㅋㅋㅋㅋㅋㅋ,너무 조곤조곤 제 해설처럼요 ㅋㅋㅋㅋㅋㅋㅋㅋㅋㅋㅋ,23,23.0,케로 셀프디스 ㅋㅋㅋㅋㅋㅋ 너무 조곤조곤 제 해설처럼요 ㅋㅋㅋㅋㅋㅋㅋㅋㅋㅋㅋ,케로 셀프디스 ㅋㅋㅋㅋㅋㅋ 너무 조곤조곤 제 해설처럼요 ㅋㅋㅋㅋㅋㅋㅋㅋㅋㅋㅋ,0.5129005312919617,0.197541281580925,0.12421967834234238,0.08627061545848846,0.04042857512831688,0.03863931819796562
2024-03-03 00:41:55,러셀 좀 느린데,,23,23.0,러셀 좀 느린데 ,러셀 좀 느린데,0.14505094289779663,0.29946646094322205,0.2960817813873291,0.10493176430463791,0.06329838931560516,0.09117066115140915
2024-03-03 00:42:06,레드불은 시벌 뭔차를 만들었길래,"체코가 저러냐 ㅋㅋㅋ
전략도 문제 없고, 페이스도 문제 없고, 차에 이상징후도 하나도 없는 완벽 그 자체네…",23,23.0,"레드불은 시벌 뭔차를 만들었길래 체코가 저러냐 ㅋㅋㅋ
전략도 문제 없고, 페이스도 문제 없고, 차에 이상징후도 하나도 없는 완벽 그 자체네…","레드불은 시벌 뭔차를 만들었길래 체코가 저러냐 ㅋㅋㅋ 전략도 문제 없고, 페이스도 문제 없고, 차에 이상징후도 하나도 없는 완벽 그 자체네…",0.11391543596982956,0.24740099906921387,0.23745952546596527,0.16304796934127808,0.11675026267766953,0.1214258149266243
2024-03-03 00:42:15,토토 입장에서 개이득이었갯네,헤밀턴 짜르기도 뭐했는데 지발로 나감 엌ㅋㅋㅋㅋㅋ,24,24.0,토토 입장에서 개이득이었갯네 헤밀턴 짜르기도 뭐했는데 지발로 나감 엌ㅋㅋㅋㅋㅋ,토토 입장에서 개이득이었갯네 헤밀턴 짜르기도 뭐했는데 지발로 나감 엌ㅋㅋㅋㅋㅋ,0.5535091161727905,0.16073228418827057,0.09789235144853592,0.09069445729255676,0.03842237964272499,0.05874944478273392
2024-03-03 00:42:17,애스턴마틴이 생각보다 너무 느린데,알국왕님..,24,24.0,애스턴마틴이 생각보다 너무 느린데 알국왕님..,애스턴마틴이 생각보다 너무 느린데 알국왕님..,0.19505025446414948,0.2631914019584656,0.2642323970794678,0.10321222245693207,0.09819108992815018,0.07612266391515732
2024-03-03 00:42:22,가슬리 플랜 B각잡는중 ㅋㅋㅋㅋㅋㅋㅋ,에휴,24,24.0,가슬리 플랜 B각잡는중 ㅋㅋㅋㅋㅋㅋㅋ 에휴,가슬리 플랜 B각잡는중 ㅋㅋㅋㅋㅋㅋㅋ 에휴,0.10664146393537521,0.30109238624572754,0.16460110247135162,0.16522406041622162,0.08337607979774475,0.17906491458415985
2024-03-03 00:42:23,체코년은 같은차로 10초 차이 나면서 뭐가 신났다고,"말을 해라 마라야 ㅋㅋㅋㅋ 등신이
AI 이미지가 생성되었습니다.
새로고침(F5) 해 주세요.
프롬프트
f1 ferrari wining
네거티브
프롬프트
샘플링
DPM++ 2M Karras
스타일
None",24,24.0,"체코년은 같은차로 10초 차이 나면서 뭐가 신났다고 말을 해라 마라야 ㅋㅋㅋㅋ 등신이
AI 이미지가 생성되었습니다.
새로고침(F5) 해 주세요.
프롬프트
f1 ferrari wining
네거티브
프롬프트
샘플링
DPM++ 2M Karras
스타일
None",체코년은 같은차로 10초 차이 나면서 뭐가 신났다고 말을 해라 마라야 ㅋㅋㅋㅋ 등신이 AI 이미지가 생성되었습니다. 새로고침(F5) 해 주세요. 프롬프트 f1 ferrari wining 네거티브 프롬프트 샘플링 DPM++ 2M Karras 스타일 None,0.14270225167274475,0.23675020039081573,0.2070799320936203,0.24170023202896118,0.06753627210855484,0.10423117876052856
2024-03-03 00:42:24,아 레이스 존나 지루하네,보고싶진 않습니다..,24,24.0,아 레이스 존나 지루하네 보고싶진 않습니다..,아 레이스 존나 지루하네 보고싶진 않습니다..,0.12547513842582703,0.283539354801178,0.12926313281059265,0.22744697332382202,0.0550815686583519,0.17919376492500305
2024-03-03 00:42:27,10초갭이면 넷플버튼 사용가능이지?,오늘 넷플 뭐봄?,24,24.0,10초갭이면 넷플버튼 사용가능이지? 오늘 넷플 뭐봄?,10초갭이면 넷플버튼 사용가능이지? 오늘 넷플 뭐봄?,0.26779571175575256,0.22812281548976898,0.2817765772342682,0.08721768110990524,0.08044720441102982,0.054640017449855804
2024-03-03 00:42:30,이제 자도 되냐??,이대로 끝날 거 같은데,24,24.0,이제 자도 되냐?? 이대로 끝날 거 같은데,이제 자도 되냐?? 이대로 끝날 거 같은데,0.14619889855384827,0.31529873609542847,0.21889497339725494,0.10101919621229172,0.1164599284529686,0.1021282747387886
2024-03-03 00:42:36,노리스가 르끌 딸 것 같은데,1.3초 좁힐만하다,24,24.0,노리스가 르끌 딸 것 같은데 1.3초 좁힐만하다,노리스가 르끌 딸 것 같은데 1.3초 좁힐만하다,0.20031681656837463,0.22694310545921326,0.3335358500480652,0.09960851818323135,0.09382189065217972,0.04577384516596794
2024-03-03 00:42:42,^10초^ 입갤  ㅋ,익숙한 똥내음,24,24.0,^10초^ 입갤  ㅋ 익숙한 똥내음,^10초^ 입갤 ㅋ 익숙한 똥내음,0.20754314959049225,0.23809432983398438,0.21395689249038696,0.1754252314567566,0.08808887749910355,0.07689154148101807
2024-03-03 00:42:45,저정도면 페레즈 사인츠도 우승은 포기함?,ㅇㅇ?,24,24.0,저정도면 페레즈 사인츠도 우승은 포기함? ㅇㅇ?,저정도면 페레즈 사인츠도 우승은 포기함? ㅇㅇ?,0.09083312749862671,0.2426953911781311,0.3325662612915039,0.132788747549057,0.11359062790870667,0.0875258520245552
2024-03-03 00:42:45,본인이 메르로 쨀 각보는 알론소면 개추,애마 롱런 좆구리노,24,24.0,본인이 메르로 쨀 각보는 알론소면 개추 애마 롱런 좆구리노,본인이 메르로 쨀 각보는 알론소면 개추 애마 롱런 좆구리노,0.5835959315299988,0.1498231589794159,0.1055944412946701,0.07304045557975769,0.04773375391960144,0.04021231085062027
2024-03-03 00:42:45,미끌레가 개병신이지 ㄹㅇ,차는 잘못없다,24,24.0,미끌레가 개병신이지 ㄹㅇ 차는 잘못없다,미끌레가 개병신이지 ㄹㅇ 차는 잘못없다,0.09829515963792801,0.1810368448495865,0.2220117151737213,0.2575490176677704,0.06201816722750664,0.17908915877342224
2024-03-03 00:42:51,근데 사인지 점점 가까워진다,"체코 점마 라스베가스 행동 시전하나 싶은 순간
다시 벌어졌네;;",24,24.0,"근데 사인지 점점 가까워진다 체코 점마 라스베가스 행동 시전하나 싶은 순간
다시 벌어졌네;;",근데 사인지 점점 가까워진다 체코 점마 라스베가스 행동 시전하나 싶은 순간 다시 벌어졌네;;,0.1495063751935959,0.24245868623256683,0.3150457441806793,0.11093835532665253,0.12270602583885193,0.0593448281288147
2024-03-03 00:42:51,이대로 무난히 끝날거같노,,24,24.0,이대로 무난히 끝날거같노 ,이대로 무난히 끝날거같노,0.11559551954269409,0.29308822751045227,0.25566744804382324,0.10766550898551941,0.0900937169790268,0.13788963854312897
2024-03-03 00:42:52,르클 결국 타이어 못달군 탓이었어?,"아오 도련놈시치
- dc official App",24,24.0,"르클 결국 타이어 못달군 탓이었어? 아오 도련놈시치
- dc official App",르클 결국 타이어 못달군 탓이었어? 아오 도련놈시치,0.11437319964170456,0.20784789323806763,0.11728954315185547,0.30441224575042725,0.05004144087433815,0.20603571832180023
2024-03-03 00:42:55,속보) 실시간 르끌레르 필승전략 떴다 ㅋㅋㅋㅋㅋㅋ,"현재 황) 사인츠한테 개딲임
""밸런스가 줫가태요~~ ""
""브레이끼가 말을 안드러요~~""
""하드 온도가 안올라와요~~""
""내차만 이상한거같아요~~""
존나 징징대다가 55랩쯤 갓길에 대충
주차함
조명 잘 받는 곳이어야함(중요)
그리고 이어지는 팀라디오
여기서 존나 구슬프게 울어야 함
""노... 노... 노... 컴온... ""
카메라 붙으면 바로 헬멧 벗어재낀 다음
땀에 쩔은 와꾸 한번 그윽하게 보여줌
경기 끝나고 인터뷰에서 차 줫같았다고 남탓 존나 하면
다들 르끌이 개꼴은건 말도 안하고 밈이나 쳐 만들거임 ㅇㅇ",24,24.0,"속보) 실시간 르끌레르 필승전략 떴다 ㅋㅋㅋㅋㅋㅋ 현재 황) 사인츠한테 개딲임
""밸런스가 줫가태요~~ ""
""브레이끼가 말을 안드러요~~""
""하드 온도가 안올라와요~~""
""내차만 이상한거같아요~~""
존나 징징대다가 55랩쯤 갓길에 대충
주차함
조명 잘 받는 곳이어야함(중요)
그리고 이어지는 팀라디오
여기서 존나 구슬프게 울어야 함
""노... 노... 노... 컴온... ""
카메라 붙으면 바로 헬멧 벗어재낀 다음
땀에 쩔은 와꾸 한번 그윽하게 보여줌
경기 끝나고 인터뷰에서 차 줫같았다고 남탓 존나 하면
다들 르끌이 개꼴은건 말도 안하고 밈이나 쳐 만들거임 ㅇㅇ","속보) 실시간 르끌레르 필승전략 떴다 ㅋㅋㅋㅋㅋㅋ 현재 황) 사인츠한테 개딲임 ""밸런스가 줫가태요~~ "" ""브레이끼가 말을 안드러요~~"" ""하드 온도가 안올라와요~~"" ""내차만 이상한거같아요~~"" 존나 징징대다가 55랩쯤 갓길에 대충 주차함 조명 잘 받는 곳이어야함(중요) 그리고 이어지는 팀라디오 여기서 존나 구슬프게 울어야 함 ""노... 노... 노... 컴온... "" 카메라 붙으면 바로 헬멧 벗어재낀 다음 땀에 쩔은 와꾸 한번 그윽하게 보여줌 경기 끝나고 인터뷰에서 차 줫같았다고 남탓 존나 하면 다들 르끌이 개꼴은건 말도 안하고 밈이나 쳐 만들거임 ㅇㅇ",0.1429043412208557,0.2997732162475586,0.1332598775625229,0.18586507439613342,0.08333751559257507,0.15485991537570953
2024-03-03 00:43:25,사인츠가 페라리의 미래네(24년종료),ㅋㅋㅋㅋ 계약마저 페라리했노,24,24.0,사인츠가 페라리의 미래네(24년종료) ㅋㅋㅋㅋ 계약마저 페라리했노,사인츠가 페라리의 미래네(24년종료) ㅋㅋㅋㅋ 계약마저 페라리했노,0.14199265837669373,0.23435549437999725,0.2910478413105011,0.13851328194141388,0.14133888483047485,0.05275179073214531
2024-03-03 00:43:27,막스차에는 추가마력달렸냐 왜저럼,"너무압도적이네
- dc official App",24,24.0,"막스차에는 추가마력달렸냐 왜저럼 너무압도적이네
- dc official App",막스차에는 추가마력달렸냐 왜저럼 너무압도적이네,0.08691300451755524,0.24335767328739166,0.30090901255607605,0.1670764982700348,0.1095099225640297,0.09223384410142899
2024-03-03 00:43:39,진짜 충격적인 사실,"지루한데 아직 반도 안 함
- dc official App",24,24.0,"진짜 충격적인 사실 지루한데 아직 반도 안 함
- dc official App",진짜 충격적인 사실 지루한데 아직 반도 안 함,0.1127299964427948,0.3245938718318939,0.21031689643859863,0.15401968359947205,0.0836571529507637,0.1146824061870575
2024-03-03 00:43:55,차 성능 레드불 > 페라리 > 맥라렌 = 메르 > 에스턴M 잉겅가,그릏지?,25,25.0,차 성능 레드불 > 페라리 > 맥라렌 = 메르 > 에스턴M 잉겅가 그릏지?,차 성능 레드불 > 페라리 > 맥라렌 = 메르 > 에스턴M 잉겅가 그릏지?,0.16145671904087067,0.2387118935585022,0.34188222885131836,0.09867513179779053,0.07778030633926392,0.08149366080760956
2024-03-03 00:44:00,본인 티포시인데,"르끌 저지랄 날때마다 정내미 개 떨어지는데
좆같다
- dc official App",25,25.0,"본인 티포시인데 르끌 저지랄 날때마다 정내미 개 떨어지는데
좆같다
- dc official App",본인 티포시인데 르끌 저지랄 날때마다 정내미 개 떨어지는데 좆같다,0.1580178588628769,0.15821963548660278,0.11722391843795776,0.3146098256111145,0.04642672836780548,0.2055020034313202
2024-03-03 00:44:05,어 윌리엄스 휠 led 있는걸로 바꼈네?,ㅋㅋㅋㅋ,25,25.0,어 윌리엄스 휠 led 있는걸로 바꼈네? ㅋㅋㅋㅋ,어 윌리엄스 휠 led 있는걸로 바꼈네? ㅋㅋㅋㅋ,0.30971282720565796,0.23221707344055176,0.2426430583000183,0.0887475311756134,0.08096714317798615,0.04571232572197914
2024-03-03 00:44:06,페레즈는 그냥 1등 포기하고 레드불의 개가 되기로 했노,애미,25,25.0,페레즈는 그냥 1등 포기하고 레드불의 개가 되기로 했노 애미,페레즈는 그냥 1등 포기하고 레드불의 개가 되기로 했노 애미,0.0756397470831871,0.21687760949134827,0.21454420685768127,0.2011052966117859,0.09845006465911865,0.1933830976486206
2024-03-03 00:44:09,추노다 drs on,,25,25.0,추노다 drs on ,추노다 drs on,0.5204809308052063,0.1640910506248474,0.13520415127277374,0.09445583820343018,0.03580924868583679,0.04995868355035782
2024-03-03 00:44:13,싸전트,"싸전트 사고 남? 늦게 왔는데 훌켄버그도 그렇고 격차 왤케 크냐
- dc official App",25,25.0,"싸전트 싸전트 사고 남? 늦게 왔는데 훌켄버그도 그렇고 격차 왤케 크냐
- dc official App",싸전트 싸전트 사고 남? 늦게 왔는데 훌켄버그도 그렇고 격차 왤케 크냐,0.09263039380311966,0.2721269428730011,0.26302072405815125,0.15143200755119324,0.08351757377386093,0.13727231323719025
2024-03-03 00:44:32,11노다는 레이스도 11노다냐;;,,25,25.0,11노다는 레이스도 11노다냐;; ,11노다는 레이스도 11노다냐;;,0.0843532532453537,0.27941325306892395,0.27010175585746765,0.16660679876804352,0.0670236349105835,0.13250130414962769
2024-03-03 00:44:33,Rb:볼수록 예쁨/ 좆우버 : 볼수록 불쾌함,화면에 잡히지좀 마,25,25.0,Rb:볼수록 예쁨/ 좆우버 : 볼수록 불쾌함 화면에 잡히지좀 마,Rb:볼수록 예쁨/ 좆우버 : 볼수록 불쾌함 화면에 잡히지좀 마,0.17401215434074402,0.18860739469528198,0.119810089468956,0.2865556478500366,0.05590900778770447,0.1751057356595993
2024-03-03 00:44:39,이와중에 귀신같은 11노다,ㅋㅋㅋㅋㅋㅋㅋㅋㅋㅋㅋㅋㅋㅋㅋㅋㅋㅋ,25,25.0,이와중에 귀신같은 11노다 ㅋㅋㅋㅋㅋㅋㅋㅋㅋㅋㅋㅋㅋㅋㅋㅋㅋㅋ,이와중에 귀신같은 11노다 ㅋㅋㅋㅋㅋㅋㅋㅋㅋㅋㅋㅋㅋㅋㅋㅋㅋㅋ,0.5355923175811768,0.1720317155122757,0.14040012657642365,0.07555192708969116,0.03929398953914642,0.03712988644838333
2024-03-03 00:44:41,해밀턴 시트 박살 ㅋㅋㅋㅋㅋㅋㅋㅋ,,25,25.0,해밀턴 시트 박살 ㅋㅋㅋㅋㅋㅋㅋㅋ ,해밀턴 시트 박살 ㅋㅋㅋㅋㅋㅋㅋㅋ,0.5205506682395935,0.1623649150133133,0.1695862114429474,0.07356224954128265,0.04274579510092735,0.031190218403935432
2024-03-03 00:44:40,의자 부서진 물탕경 ㅋㅋㅋ,"ㅋㅋㅋㅋㅋ
- dc official App",25,25.0,"의자 부서진 물탕경 ㅋㅋㅋ ㅋㅋㅋㅋㅋ
- dc official App",의자 부서진 물탕경 ㅋㅋㅋ ㅋㅋㅋㅋㅋ,0.2630467712879181,0.29612526297569275,0.16567611694335938,0.14469382166862488,0.062455154955387115,0.0680028647184372
2024-03-03 00:44:42,막스 인마는 지혼자 마리오카트하냐ㅅㅂㅋㅋㅋㅋㅋㅋ11초는ㅋㅋ,,25,25.0,막스 인마는 지혼자 마리오카트하냐ㅅㅂㅋㅋㅋㅋㅋㅋ11초는ㅋㅋ ,막스 인마는 지혼자 마리오카트하냐ㅅㅂㅋㅋㅋㅋㅋㅋ11초는ㅋㅋ,0.14099998772144318,0.2554554343223572,0.20651598274707794,0.21595236659049988,0.08637965470552444,0.09469658136367798
2024-03-03 00:44:42,이제는 시트도 박살이나노ㅋㅋㅋㅋㅋ,,25,25.0,이제는 시트도 박살이나노ㅋㅋㅋㅋㅋ ,이제는 시트도 박살이나노ㅋㅋㅋㅋㅋ,0.08831042051315308,0.2744467556476593,0.2521298825740814,0.16482383012771606,0.10517991334199905,0.11510917544364929
2024-03-03 00:44:44,중동 스페샬리스트 추노꾼 포인트 피니시 가능할듯?,"이대로 가즈아!
AI 이미지가 생성되었습니다.
새로고침(F5) 해 주세요.
프롬프트
f1 yuki point finish
네거티브
프롬프트
샘플링
DPM++ 2M Karras
스타일
None",25,25.0,"중동 스페샬리스트 추노꾼 포인트 피니시 가능할듯? 이대로 가즈아!
AI 이미지가 생성되었습니다.
새로고침(F5) 해 주세요.
프롬프트
f1 yuki point finish
네거티브
프롬프트
샘플링
DPM++ 2M Karras
스타일
None",중동 스페샬리스트 추노꾼 포인트 피니시 가능할듯? 이대로 가즈아! AI 이미지가 생성되었습니다. 새로고침(F5) 해 주세요. 프롬프트 f1 yuki point finish 네거티브 프롬프트 샘플링 DPM++ 2M Karras 스타일 None,0.573664128780365,0.14886729419231415,0.13528837263584137,0.06925037503242493,0.03724035620689392,0.03568943962454796
2024-03-03 00:44:47,물탕이는 하다하다 의자가 부러지노ㅋㅋㅋ,,25,25.0,물탕이는 하다하다 의자가 부러지노ㅋㅋㅋ ,물탕이는 하다하다 의자가 부러지노ㅋㅋㅋ,0.13770973682403564,0.2783120572566986,0.24722254276275635,0.15552648901939392,0.10287711769342422,0.07835208624601364
2024-03-03 00:44:47,뭔 시트가 ㅋㅋㅋ,"ㅋㅋㅋㅋㅋ
- dc official App",25,25.0,"뭔 시트가 ㅋㅋㅋ ㅋㅋㅋㅋㅋ
- dc official App",뭔 시트가 ㅋㅋㅋ ㅋㅋㅋㅋㅋ,0.20804888010025024,0.2780715823173523,0.24093876779079437,0.13384133577346802,0.07128607481718063,0.06781332939863205
2024-03-03 00:44:47,엉덩이 따끔한 경은 개추 ㅋㅋㅋㅋㅋㅋㅋ,,25,25.0,엉덩이 따끔한 경은 개추 ㅋㅋㅋㅋㅋㅋㅋ ,엉덩이 따끔한 경은 개추 ㅋㅋㅋㅋㅋㅋㅋ,0.7100154757499695,0.108884297311306,0.06052962318062782,0.05568689480423927,0.02635381557047367,0.038529958575963974
2024-03-03 00:44:48,의자박살ㅋㅋㅋㅋㅋㅋㅋㅋㅋ,- dc official App,25,25.0,의자박살ㅋㅋㅋㅋㅋㅋㅋㅋㅋ - dc official App,의자박살ㅋㅋㅋㅋㅋㅋㅋㅋㅋ - dc official App,0.23690176010131836,0.25633504986763,0.20323047041893005,0.15949133038520813,0.07484402507543564,0.0691973865032196
2024-03-03 00:44:48,시트는 어쩌다 ㅋㅋㅋㅋㅋ,"+ dc official App
- dc official App",25,25.0,"시트는 어쩌다 ㅋㅋㅋㅋㅋ + dc official App
- dc official App",시트는 어쩌다 ㅋㅋㅋㅋㅋ + dc official App,0.4235152006149292,0.2302670180797577,0.12338490039110184,0.1099310964345932,0.037931907922029495,0.07496984302997589
2024-03-03 00:44:49,시트가 부서진건 또 뭐냐,ㅋㅋㅋㅋㅋㅋㅋㅋㅋㅋㅋ,25,25.0,시트가 부서진건 또 뭐냐 ㅋㅋㅋㅋㅋㅋㅋㅋㅋㅋㅋ,시트가 부서진건 또 뭐냐 ㅋㅋㅋㅋㅋㅋㅋㅋㅋㅋㅋ,0.12987495958805084,0.2609376609325409,0.2581314146518707,0.1727108508348465,0.08878635615110397,0.08955880999565125
2024-03-03 00:44:49,뭔 시트가 부셔지노 ㅋㅋㅋㅋ,ㅋㅋㅋㅋㅋㅋ,25,25.0,뭔 시트가 부셔지노 ㅋㅋㅋㅋ ㅋㅋㅋㅋㅋㅋ,뭔 시트가 부셔지노 ㅋㅋㅋㅋ ㅋㅋㅋㅋㅋㅋ,0.1301392912864685,0.30121904611587524,0.2343299388885498,0.15917803347110748,0.08822686970233917,0.0869067832827568
2024-03-03 00:44:49,10등 자리두고 청일전쟁 발발,추노다 drs ON,25,25.0,10등 자리두고 청일전쟁 발발 추노다 drs ON,10등 자리두고 청일전쟁 발발 추노다 drs ON,0.1491151750087738,0.23057928681373596,0.2599264085292816,0.15081626176834106,0.09796976298093796,0.1115930899977684
2024-03-03 00:44:49,저건 또 머가 부서진거임?,먼데,25,25.0,저건 또 머가 부서진거임? 먼데,저건 또 머가 부서진거임? 먼데,0.11491143703460693,0.23364120721817017,0.33017539978027344,0.12886911630630493,0.0934760570526123,0.09892679005861282
2024-03-03 00:44:49,해물탕 승리선언ㅋㅋㅋㅋㅋㅋㅋㅋㅋㅋㅋㅋㅋ,,25,25.0,해물탕 승리선언ㅋㅋㅋㅋㅋㅋㅋㅋㅋㅋㅋㅋㅋ ,해물탕 승리선언ㅋㅋㅋㅋㅋㅋㅋㅋㅋㅋㅋㅋㅋ,0.7094637155532837,0.10493388772010803,0.06715672463178635,0.056747373193502426,0.02679275907576084,0.03490553796291351
2024-03-03 00:44:50,물탕 시트 파업ㅋㅋ,뭐지,25,25.0,물탕 시트 파업ㅋㅋ 뭐지,물탕 시트 파업ㅋㅋ 뭐지,0.11772298067808151,0.24868695437908173,0.3069041669368744,0.1417997032403946,0.08326751738786697,0.101618692278862
2024-03-03 00:44:50,해물탕 변기통이슈 ㅋㅋㅋㅋㅋㅋ,ㅇㅋㅋㅋㅇㅂ,25,25.0,해물탕 변기통이슈 ㅋㅋㅋㅋㅋㅋ ㅇㅋㅋㅋㅇㅂ,해물탕 변기통이슈 ㅋㅋㅋㅋㅋㅋ ㅇㅋㅋㅋㅇㅂ,0.46854814887046814,0.18574324250221252,0.12488475441932678,0.12649419903755188,0.042377371340990067,0.05195224657654762
2024-03-03 00:44:50,시트 브로큰은 또 뭐여ㅋㅋㅋㅋ,,25,25.0,시트 브로큰은 또 뭐여ㅋㅋㅋㅋ ,시트 브로큰은 또 뭐여ㅋㅋㅋㅋ,0.16902442276477814,0.24931132793426514,0.2997785210609436,0.13800761103630066,0.07437404245138168,0.06950416415929794
2024-03-03 00:44:50,시트?,"메르 뭔 일이냐 ㅋㅋ
- dc official App",25,25.0,"시트? 메르 뭔 일이냐 ㅋㅋ
- dc official App",시트? 메르 뭔 일이냐 ㅋㅋ,0.19033782184123993,0.2331908941268921,0.33026379346847534,0.10245990008115768,0.09126457571983337,0.05248304829001427
2024-03-03 00:44:50,시트는 왜 부서지노 ㅋㅋ,,25,25.0,시트는 왜 부서지노 ㅋㅋ ,시트는 왜 부서지노 ㅋㅋ,0.1073450967669487,0.27913811802864075,0.26448243856430054,0.16403473913669586,0.0796845406293869,0.10531505942344666
2024-03-03 00:44:50,물탕이 시트박살 ㅋㅋㅋㅋ,ㅋㅋㅋㅋㅋㅋ,25,25.0,물탕이 시트박살 ㅋㅋㅋㅋ ㅋㅋㅋㅋㅋㅋ,물탕이 시트박살 ㅋㅋㅋㅋ ㅋㅋㅋㅋㅋㅋ,0.1426524668931961,0.3162930905818939,0.17033855617046356,0.18946385383605957,0.07819733768701553,0.10305465012788773
2024-03-03 00:44:51,시트박살ㅋㅋ,"물탕~~~슛
- dc official App",25,25.0,"시트박살ㅋㅋ 물탕~~~슛
- dc official App",시트박살ㅋㅋ 물탕~~~슛,0.28238415718078613,0.26452532410621643,0.10223548859357834,0.2000294327735901,0.04771896451711655,0.10310662537813187
2024-03-03 00:44:51,대물탕 비만ㅋㅋㅋㅋ,ㅋㅋㅋ,25,25.0,대물탕 비만ㅋㅋㅋㅋ ㅋㅋㅋ,대물탕 비만ㅋㅋㅋㅋ ㅋㅋㅋ,0.3181304633617401,0.3045021891593933,0.132256880402565,0.12171468138694763,0.058222342282533646,0.06517341732978821
2024-03-03 00:44:51,해밀턴 의자 박살 ㅋㅋㅋㅋㅋㅋ,ㅋㅋㅋㅋㅋ,25,25.0,해밀턴 의자 박살 ㅋㅋㅋㅋㅋㅋ ㅋㅋㅋㅋㅋ,해밀턴 의자 박살 ㅋㅋㅋㅋㅋㅋ ㅋㅋㅋㅋㅋ,0.3314175307750702,0.23384110629558563,0.20356827974319458,0.11819834262132645,0.06769445538520813,0.045280203223228455
2024-03-03 00:44:51,시트 사망 ㅋㅋㅋㅋㅋㅋㅋㅋ,,25,25.0,시트 사망 ㅋㅋㅋㅋㅋㅋㅋㅋ ,시트 사망 ㅋㅋㅋㅋㅋㅋㅋㅋ,0.30697593092918396,0.2764746844768524,0.1586756408214569,0.13142460584640503,0.06215429678559303,0.06429482996463776
2024-03-03 00:44:52,시트가 망가지노 ㅋㅋㅋㅋㅋ,,25,25.0,시트가 망가지노 ㅋㅋㅋㅋㅋ ,시트가 망가지노 ㅋㅋㅋㅋㅋ,0.09628263115882874,0.33345088362693787,0.2207072377204895,0.15025606751441956,0.08487644046545029,0.11442667245864868
2024-03-03 00:44:51,시트 ㅅㅂㅋㅋㅋㅋㅋㅋㅋㅋㅋㅋ,,25,25.0,시트 ㅅㅂㅋㅋㅋㅋㅋㅋㅋㅋㅋㅋ ,시트 ㅅㅂㅋㅋㅋㅋㅋㅋㅋㅋㅋㅋ,0.15957237780094147,0.29675284028053284,0.15799954533576965,0.20683307945728302,0.07279633730649948,0.10604583472013474
2024-03-03 00:44:53,시트 이슈는 또 뭔데,팀 떠난다고 뭐 이상한 짓 했냐 ㅋㅋ,25,25.0,시트 이슈는 또 뭔데 팀 떠난다고 뭐 이상한 짓 했냐 ㅋㅋ,시트 이슈는 또 뭔데 팀 떠난다고 뭐 이상한 짓 했냐 ㅋㅋ,0.10345316678285599,0.23605267703533173,0.31097665429115295,0.16829074919223785,0.09003513306379318,0.09119166433811188
2024-03-03 00:44:53,시트박살 시발ㅋㅋㅋㅋㅋㅋ,ㅋㅋㅋㅋ,25,25.0,시트박살 시발ㅋㅋㅋㅋㅋㅋ ㅋㅋㅋㅋ,시트박살 시발ㅋㅋㅋㅋㅋㅋ ㅋㅋㅋㅋ,0.1228674054145813,0.23393401503562927,0.13763973116874695,0.2967228293418884,0.0716160386800766,0.13721998035907745
2024-03-03 00:44:53,시트 작살 ㅋㅋㅋㅋ,ㅋㅋㅋㅋㅋ,25,25.0,시트 작살 ㅋㅋㅋㅋ ㅋㅋㅋㅋㅋ,시트 작살 ㅋㅋㅋㅋ ㅋㅋㅋㅋㅋ,0.6380306482315063,0.1332101970911026,0.10611537843942642,0.06145903468132019,0.02947399951517582,0.031710706651210785
2024-03-03 00:44:53,시트 파괴자 ㅋㅋㅋㅋㅋ,방귀를 얼마나 세게 뀐거야 ㅋㅋ,25,25.0,시트 파괴자 ㅋㅋㅋㅋㅋ 방귀를 얼마나 세게 뀐거야 ㅋㅋ,시트 파괴자 ㅋㅋㅋㅋㅋ 방귀를 얼마나 세게 뀐거야 ㅋㅋ,0.3646380603313446,0.19687895476818085,0.24061869084835052,0.08649493753910065,0.07681110501289368,0.0345582589507103
2024-03-03 00:44:55,배신자에게 시트테러 ㅋㅋㅋㅋ,ㅋㅋ,25,25.0,배신자에게 시트테러 ㅋㅋㅋㅋ ㅋㅋ,배신자에게 시트테러 ㅋㅋㅋㅋ ㅋㅋ,0.4396752119064331,0.20841221511363983,0.1254441738128662,0.12575434148311615,0.044640135020017624,0.056073904037475586
2024-03-03 00:44:55,흔들바위 입갤,"ㅋㅋㅋㅋ
- dc official App",25,25.0,"흔들바위 입갤 ㅋㅋㅋㅋ
- dc official App",흔들바위 입갤 ㅋㅋㅋㅋ,0.6729112863540649,0.11717468500137329,0.08742748945951462,0.0590236634016037,0.030137231573462486,0.033325616270303726
2024-03-03 00:44:56,살빼자 물탕아,ㅇㅇㅇㅇㅇ,25,25.0,살빼자 물탕아 ㅇㅇㅇㅇㅇ,살빼자 물탕아 ㅇㅇㅇㅇㅇ,0.27733561396598816,0.26932501792907715,0.14966702461242676,0.1177239641547203,0.07118667662143707,0.11476170271635056
2024-03-03 00:44:58,어케해야 시트를 해먹노 씹ㅋㅋㅋㅋㅋㅋㅋㅋㅋㅋ,ㅋㅋㅋㅋㅋㅋㅋㅋ,25,25.0,어케해야 시트를 해먹노 씹ㅋㅋㅋㅋㅋㅋㅋㅋㅋㅋ ㅋㅋㅋㅋㅋㅋㅋㅋ,어케해야 시트를 해먹노 씹ㅋㅋㅋㅋㅋㅋㅋㅋㅋㅋ ㅋㅋㅋㅋㅋㅋㅋㅋ,0.11063487827777863,0.307231068611145,0.12354875355958939,0.2136838287115097,0.07473928481340408,0.1701621562242508
2024-03-03 00:44:57,시즌 1호 시트 박살 ㅋㅋㅋㅋ,,25,25.0,시즌 1호 시트 박살 ㅋㅋㅋㅋ ,시즌 1호 시트 박살 ㅋㅋㅋㅋ,0.19489961862564087,0.3004116714000702,0.233423113822937,0.12488099932670593,0.08116813004016876,0.06521645188331604
2024-03-03 00:44:58,근데 f1은 양발운전함?,아니면 발 하나로 엑셀 브레이크 밟는거임?,25,25.0,근데 f1은 양발운전함? 아니면 발 하나로 엑셀 브레이크 밟는거임?,근데 f1은 양발운전함? 아니면 발 하나로 엑셀 브레이크 밟는거임?,0.1595761477947235,0.21132901310920715,0.3633261024951935,0.10438500344753265,0.09322208911180496,0.06816167384386063
2024-03-03 00:44:58,르물일체 ㅋㅋㅋㅋㅋㅋㅋㅋ,역시 내년 팀메이트 답노,25,25.0,르물일체 ㅋㅋㅋㅋㅋㅋㅋㅋ 역시 내년 팀메이트 답노,르물일체 ㅋㅋㅋㅋㅋㅋㅋㅋ 역시 내년 팀메이트 답노,0.6270321011543274,0.1440112292766571,0.09370698034763336,0.05800395458936691,0.043088048696517944,0.03415767848491669
2024-03-03 00:45:01,물탕이 또 허리 부여잡을 예정ㅋㅋㅋㅋ,,25,25.0,물탕이 또 허리 부여잡을 예정ㅋㅋㅋㅋ ,물탕이 또 허리 부여잡을 예정ㅋㅋㅋㅋ,0.6051905751228333,0.14890804886817932,0.09821426868438721,0.0715368241071701,0.035911791026592255,0.040238481014966965
2024-03-03 00:45:03,시트깨진건뭐냐씨발 ㅋㅋㅋㅋㅋㅋㅋㅋㅋㅋㅋㅋㅋㅋㅋㅋㅋㅋㅋㅋㅋㅋㅋㅋㅋㅋㅋㅋㅋㅋ,ㅋㅋ,25,25.0,시트깨진건뭐냐씨발 ㅋㅋㅋㅋㅋㅋㅋㅋㅋㅋㅋㅋㅋㅋㅋㅋㅋㅋㅋㅋㅋㅋㅋㅋㅋㅋㅋㅋㅋㅋ ㅋㅋ,시트깨진건뭐냐씨발 ㅋㅋㅋㅋㅋㅋㅋㅋㅋㅋㅋㅋㅋㅋㅋㅋㅋㅋㅋㅋㅋㅋㅋㅋㅋㅋㅋㅋㅋㅋ ㅋㅋ,0.14798188209533691,0.26405107975006104,0.12830182909965515,0.269132137298584,0.06879936903715134,0.12173375487327576
2024-03-03 00:45:06,윌 휠 바뀐거 적응 안되노,ㅇ,25,25.0,윌 휠 바뀐거 적응 안되노 ㅇ,윌 휠 바뀐거 적응 안되노 ㅇ,0.12489645928144455,0.35901641845703125,0.20518875122070312,0.12814143300056458,0.06473185867071152,0.1180250272154808
2024-03-03 00:45:07,마이 백 이스 브로큰 ㅋㅋ 또 작살났노 ㅋㅋㅋㅋㅋㅋㅋ,포퍼싱잇냐? ㅋㅋ,25,25.0,마이 백 이스 브로큰 ㅋㅋ 또 작살났노 ㅋㅋㅋㅋㅋㅋㅋ 포퍼싱잇냐? ㅋㅋ,마이 백 이스 브로큰 ㅋㅋ 또 작살났노 ㅋㅋㅋㅋㅋㅋㅋ 포퍼싱잇냐? ㅋㅋ,0.30597901344299316,0.26547443866729736,0.1864727884531021,0.11925771832466125,0.06715922802686691,0.0556568019092083
2024-03-03 00:45:08,별의별게 박살나네 ㅋㅋㅋㅋㅋ,,25,25.0,별의별게 박살나네 ㅋㅋㅋㅋㅋ ,별의별게 박살나네 ㅋㅋㅋㅋㅋ,0.13269497454166412,0.2809082567691803,0.25083407759666443,0.14504602551460266,0.11895756423473358,0.0715591311454773
2024-03-03 00:45:14,시트 브로큰 ㅋㅋㅋㅋㅋㅋ,곧 나간다고 대충만들었나ㅋㅋㅋ,25,25.0,시트 브로큰 ㅋㅋㅋㅋㅋㅋ 곧 나간다고 대충만들었나ㅋㅋㅋ,시트 브로큰 ㅋㅋㅋㅋㅋㅋ 곧 나간다고 대충만들었나ㅋㅋㅋ,0.12697359919548035,0.27047279477119446,0.27516213059425354,0.15695686638355255,0.07455942779779434,0.09587517380714417
2024-03-03 00:45:15,20명중에 몇등안에 들어야 포인트 받음?,"ㅇㅇ
- dc official App",25,25.0,"20명중에 몇등안에 들어야 포인트 받음? ㅇㅇ
- dc official App",20명중에 몇등안에 들어야 포인트 받음? ㅇㅇ,0.2062455117702484,0.2689363658428192,0.27737957239151,0.0923253521323204,0.0777302011847496,0.07738304138183594
2024-03-03 00:45:16,페라리 내년은 병신과 머저리노ㅋㅋㅋㅋㅋㅋㅋㅋ,ㅋㅋㅋㅋ,25,25.0,페라리 내년은 병신과 머저리노ㅋㅋㅋㅋㅋㅋㅋㅋ ㅋㅋㅋㅋ,페라리 내년은 병신과 머저리노ㅋㅋㅋㅋㅋㅋㅋㅋ ㅋㅋㅋㅋ,0.14748387038707733,0.30453285574913025,0.20652025938034058,0.1684352159500122,0.09105583280324936,0.08197202533483505
2024-03-03 00:45:17,물탕게이야...,게이게이야..,25,25.0,물탕게이야... 게이게이야..,물탕게이야... 게이게이야..,0.3569808602333069,0.23834413290023804,0.19170880317687988,0.08766458928585052,0.07328609377145767,0.052015479654073715
2024-03-03 00:45:17,이 시벌ㅋㅋㅋ 물탕이 사람취급도 안 해주는 거 아니냐,"충전도 안 돼, 시트도 박살나.. 이렇게 토토가 이지메 시키나 ㅋㅋ",25,25.0,"이 시벌ㅋㅋㅋ 물탕이 사람취급도 안 해주는 거 아니냐 충전도 안 돼, 시트도 박살나.. 이렇게 토토가 이지메 시키나 ㅋㅋ","이 시벌ㅋㅋㅋ 물탕이 사람취급도 안 해주는 거 아니냐 충전도 안 돼, 시트도 박살나.. 이렇게 토토가 이지메 시키나 ㅋㅋ",0.09645423293113708,0.18291348218917847,0.1534474492073059,0.27333006262779236,0.07076529413461685,0.22308951616287231
2024-03-03 00:45:19,시트가 왜 박살나 ㅋㅋㅋㅋㅌㅌㅅㅂ,- dc official App,25,25.0,시트가 왜 박살나 ㅋㅋㅋㅋㅌㅌㅅㅂ - dc official App,시트가 왜 박살나 ㅋㅋㅋㅋㅌㅌㅅㅂ - dc official App,0.12007146328687668,0.26503920555114746,0.153657928109169,0.26460984349250793,0.06574030965566635,0.1308811902999878
2024-03-03 00:45:19,해밀턴방구얼마나쎄게싼거냐!!!!!,ㅅㅂㅋㅋㅋㅋ,25,25.0,해밀턴방구얼마나쎄게싼거냐!!!!! ㅅㅂㅋㅋㅋㅋ,해밀턴방구얼마나쎄게싼거냐!!!!! ㅅㅂㅋㅋㅋㅋ,0.21462953090667725,0.21749770641326904,0.2127770185470581,0.1684984713792801,0.11588212847709656,0.07071515172719955
2024-03-03 00:45:23,내년 본인 페라리 시트 박살이라는 소리임,르끌보고 실시간 충격 ㅇㅇ,26,26.0,내년 본인 페라리 시트 박살이라는 소리임 르끌보고 실시간 충격 ㅇㅇ,내년 본인 페라리 시트 박살이라는 소리임 르끌보고 실시간 충격 ㅇㅇ,0.10860612243413925,0.21275979280471802,0.31629663705825806,0.13870291411876678,0.1358034461736679,0.08783107995986938
2024-03-03 00:45:25,떠나는 새끼라고 의자 부셔버림ㅋ,"ㅋ
- dc official App",26,26.0,"떠나는 새끼라고 의자 부셔버림ㅋ ㅋ
- dc official App",떠나는 새끼라고 의자 부셔버림ㅋ ㅋ,0.16479207575321198,0.2314692586660385,0.12737780809402466,0.28069037199020386,0.0743170902132988,0.12135344743728638
2024-03-03 00:45:25,프런트윙도아니거 뭔시발 의자가뿐질러지냐 ㅋㅋㅋㅋ,"가지가지한다 ㅋㅋㅋ
- dc official App",26,26.0,"프런트윙도아니거 뭔시발 의자가뿐질러지냐 ㅋㅋㅋㅋ 가지가지한다 ㅋㅋㅋ
- dc official App",프런트윙도아니거 뭔시발 의자가뿐질러지냐 ㅋㅋㅋㅋ 가지가지한다 ㅋㅋㅋ,0.11341311782598495,0.23415184020996094,0.20384420454502106,0.24974000453948975,0.08082283288240433,0.11802804470062256
2024-03-03 00:45:28,car too hot ㅋㅋㅋㅋ,ㅅㅂ,26,26.0,car too hot ㅋㅋㅋㅋ ㅅㅂ,car too hot ㅋㅋㅋㅋ ㅅㅂ,0.21779805421829224,0.20477712154388428,0.0984383150935173,0.291377991437912,0.04514707997441292,0.1424614042043686
2024-03-03 00:45:28,중일전쟁 안잡아주네,지금 열심히 배틀중인거같은데,26,26.0,중일전쟁 안잡아주네 지금 열심히 배틀중인거같은데,중일전쟁 안잡아주네 지금 열심히 배틀중인거같은데,0.07643625140190125,0.33395105600357056,0.18430669605731964,0.13961412012577057,0.08451881259679794,0.18117311596870422
2024-03-03 00:45:29,내년 팀메이트 답노 ㅋㅋㅋㅋㅋㅋ,둘다 꼬라박 ㅋㅋㅋㅋㅋㅋㅋ,26,26.0,내년 팀메이트 답노 ㅋㅋㅋㅋㅋㅋ 둘다 꼬라박 ㅋㅋㅋㅋㅋㅋㅋ,내년 팀메이트 답노 ㅋㅋㅋㅋㅋㅋ 둘다 꼬라박 ㅋㅋㅋㅋㅋㅋㅋ,0.18920324742794037,0.2796805500984192,0.20047302544116974,0.15767762064933777,0.09819215536117554,0.07477347552776337
2024-03-03 00:45:30,토토가 물탕이 시트 톱질해놨노 ㅋㅋㅋㅋㅋ,ㅋㅋㅋㅋㅋㅋㅋㅋㅇ ㅇ,26,26.0,토토가 물탕이 시트 톱질해놨노 ㅋㅋㅋㅋㅋ ㅋㅋㅋㅋㅋㅋㅋㅋㅇ ㅇ,토토가 물탕이 시트 톱질해놨노 ㅋㅋㅋㅋㅋ ㅋㅋㅋㅋㅋㅋㅋㅋㅇ ㅇ,0.5463862419128418,0.1852467656135559,0.11894188821315765,0.07751194387674332,0.036705780774354935,0.03520728275179863
2024-03-03 00:45:31,내년에 해밀턴 페라리오면,환장의 듀오 될듯 ㅋㅋㅋㅋㅋㅋㅋㅋㅋㅋ,26,26.0,내년에 해밀턴 페라리오면 환장의 듀오 될듯 ㅋㅋㅋㅋㅋㅋㅋㅋㅋㅋ,내년에 해밀턴 페라리오면 환장의 듀오 될듯 ㅋㅋㅋㅋㅋㅋㅋㅋㅋㅋ,0.644902229309082,0.13148432970046997,0.09269896149635315,0.06634233146905899,0.032015539705753326,0.032556578516960144
2024-03-03 00:45:32,윌 차 모니터:차 너무뜨겁다ㅋㅋㅋㅋㅋㅋ,,26,26.0,윌 차 모니터:차 너무뜨겁다ㅋㅋㅋㅋㅋㅋ ,윌 차 모니터:차 너무뜨겁다ㅋㅋㅋㅋㅋㅋ,0.32135945558547974,0.2988376021385193,0.15022782981395721,0.10620124638080597,0.05789070203900337,0.06548313796520233
2024-03-03 00:45:34,역시 엉덩이는 자신있어 햄병,ㅋㅋ,26,26.0,역시 엉덩이는 자신있어 햄병 ㅋㅋ,역시 엉덩이는 자신있어 햄병 ㅋㅋ,0.708529531955719,0.10964539647102356,0.056615669280290604,0.05117527022957802,0.028839023783802986,0.04519514739513397
2024-03-03 00:45:37,물탕신 시트 박살은 뭔데ㅋㅋㅋㅋㅋㅋㅋㅋㅋㅋㅋㅋㅋ,시트 박살은 잘 없을껀데 어떻게 해야 박살나는거,26,26.0,물탕신 시트 박살은 뭔데ㅋㅋㅋㅋㅋㅋㅋㅋㅋㅋㅋㅋㅋ 시트 박살은 잘 없을껀데 어떻게 해야 박살나는거,물탕신 시트 박살은 뭔데ㅋㅋㅋㅋㅋㅋㅋㅋㅋㅋㅋㅋㅋ 시트 박살은 잘 없을껀데 어떻게 해야 박살나는거,0.11589597910642624,0.23469498753547668,0.30900171399116516,0.16039583086967468,0.09844256937503815,0.08156892657279968
2024-03-03 00:45:38,물탕이도 이제 개그캐 다됬네 ㅋㅋㅋㅋㅅㅂ,ㅅㅂㅋㅋ,26,26.0,물탕이도 이제 개그캐 다됬네 ㅋㅋㅋㅋㅅㅂ ㅅㅂㅋㅋ,물탕이도 이제 개그캐 다됬네 ㅋㅋㅋㅋㅅㅂ ㅅㅂㅋㅋ,0.44438737630844116,0.21362702548503876,0.13646021485328674,0.09393274039030075,0.060293447226285934,0.05129912868142128
2024-03-03 00:45:41,사인츠 1.9초 갭 입갤 ㅌㅋㅋㅋㅋ ww,- dc official App,26,26.0,사인츠 1.9초 갭 입갤 ㅌㅋㅋㅋㅋ ww - dc official App,사인츠 1.9초 갭 입갤 ㅌㅋㅋㅋㅋ ww - dc official App,0.645830512046814,0.12885822355747223,0.09833395481109619,0.06631232798099518,0.029105259105563164,0.031559694558382034
2024-03-03 00:45:41,윌 카투핫 무섭노,- dc official App,26,26.0,윌 카투핫 무섭노 - dc official App,윌 카투핫 무섭노 - dc official App,0.17498935759067535,0.20865075290203094,0.3317726254463196,0.11107224225997925,0.11554710566997528,0.05796784162521362
2024-03-03 00:45:40,카투핫ㅋㅋㅋㅋㅋㅋㅋㅋㅋ,,26,26.0,카투핫ㅋㅋㅋㅋㅋㅋㅋㅋㅋ ,카투핫ㅋㅋㅋㅋㅋㅋㅋㅋㅋ,0.7142391800880432,0.1073894202709198,0.06417039781808853,0.05602085962891579,0.023312430828809738,0.03486761823296547
2024-03-03 00:45:41,Car too hot ㅋㅋㅋㅋㅋㅋㅋ,메르엔진 아직도 열관리 약한가,26,26.0,Car too hot ㅋㅋㅋㅋㅋㅋㅋ 메르엔진 아직도 열관리 약한가,Car too hot ㅋㅋㅋㅋㅋㅋㅋ 메르엔진 아직도 열관리 약한가,0.22403362393379211,0.2909684181213379,0.19354628026485443,0.12044081836938858,0.06596116721630096,0.10504971444606781
2024-03-03 00:45:43,물탕이 메르 시트 이슈(물리),- dc official App,26,26.0,물탕이 메르 시트 이슈(물리) - dc official App,물탕이 메르 시트 이슈(물리) - dc official App,0.31177693605422974,0.23133723437786102,0.2512389123439789,0.10393998771905899,0.045103415846824646,0.056603480130434036
2024-03-03 00:45:44,윌리엄스 스티어링휠 화면 있으니까 느낌이 이상함,- dc official App,26,26.0,윌리엄스 스티어링휠 화면 있으니까 느낌이 이상함 - dc official App,윌리엄스 스티어링휠 화면 있으니까 느낌이 이상함 - dc official App,0.24615491926670074,0.23113907873630524,0.3046143352985382,0.09472715854644775,0.07059518992900848,0.052769314497709274
2024-03-03 00:45:45,시트도 카본이자나 ? 나간다고 플라스틱썼나,- dc official App,26,26.0,시트도 카본이자나 ? 나간다고 플라스틱썼나 - dc official App,시트도 카본이자나 ? 나간다고 플라스틱썼나 - dc official App,0.1386628895998001,0.2397817224264145,0.33927085995674133,0.11806504428386688,0.0768488347530365,0.08737064898014069
2024-03-03 00:45:50,알본 차 터지겠노 ㅋㅋㅋㅋ,ㅋㅋㅋㅋㅋㅋㅋㅋㅋ,26,26.0,알본 차 터지겠노 ㅋㅋㅋㅋ ㅋㅋㅋㅋㅋㅋㅋㅋㅋ,알본 차 터지겠노 ㅋㅋㅋㅋ ㅋㅋㅋㅋㅋㅋㅋㅋㅋ,0.6601098775863647,0.1269787847995758,0.0927538052201271,0.06200079247355461,0.02878604270517826,0.029370611533522606
2024-03-03 00:45:51,알본 스티어링 휠 뭐냐,"car too hot?
- dc official App",26,26.0,"알본 스티어링 휠 뭐냐 car too hot?
- dc official App",알본 스티어링 휠 뭐냐 car too hot?,0.20214961469173431,0.2261979728937149,0.33100444078445435,0.10798531025648117,0.06749534606933594,0.06516734510660172
2024-03-03 00:45:52,카 투 핫 ㅋㅋㅋㅋㅋㅋㅋㅋㅋㅋㅋ,,26,26.0,카 투 핫 ㅋㅋㅋㅋㅋㅋㅋㅋㅋㅋㅋ ,카 투 핫 ㅋㅋㅋㅋㅋㅋㅋㅋㅋㅋㅋ,0.7148974537849426,0.1072128638625145,0.06483466923236847,0.0554901622235775,0.023136865347623825,0.034427937120199203
2024-03-03 00:45:53,사고도 없으니 좆노잼이노,.,26,26.0,사고도 없으니 좆노잼이노 .,사고도 없으니 좆노잼이노 .,0.12063443660736084,0.2912432849407196,0.12350860238075256,0.20566537976264954,0.06476682424545288,0.19418148696422577
2024-03-03 00:45:54,car too hot 케로 집중안하네,저런걸 이야기 해줘야젱,26,26.0,car too hot 케로 집중안하네 저런걸 이야기 해줘야젱,car too hot 케로 집중안하네 저런걸 이야기 해줘야젱,0.13408233225345612,0.34981468319892883,0.11644265055656433,0.17253795266151428,0.046771641820669174,0.180350661277771
2024-03-03 00:45:57,배신자 컷 ㅋㅋㅋ,아니 시트는 뭐하면 부서지는데,26,26.0,배신자 컷 ㅋㅋㅋ 아니 시트는 뭐하면 부서지는데,배신자 컷 ㅋㅋㅋ 아니 시트는 뭐하면 부서지는데,0.1451781690120697,0.3381134271621704,0.1790766566991806,0.16690398752689362,0.07661037147045135,0.09411738067865372
2024-03-03 00:45:59,해밀턴 의자 부서진 이유 떳노ㅋㅋㅋㅋㅋ,ㄹㅇ,26,26.0,해밀턴 의자 부서진 이유 떳노ㅋㅋㅋㅋㅋ ㄹㅇ,해밀턴 의자 부서진 이유 떳노ㅋㅋㅋㅋㅋ ㄹㅇ,0.14033634960651398,0.27303555607795715,0.2480413019657135,0.1450214684009552,0.12511955201625824,0.06844571232795715
2024-03-03 00:46:00,???: 아니 분명히 방구였는데...?,"푸다다다닷
- dc official App",26,26.0,"???: 아니 분명히 방구였는데...? 푸다다다닷
- dc official App",???: 아니 분명히 방구였는데...? 푸다다다닷,0.1555347889661789,0.2878202795982361,0.24626457691192627,0.13248664140701294,0.10467270016670227,0.07322104275226593
2024-03-03 00:46:04,청일전쟁 은근 길게하네,츠노다가 이길거같긴한데,26,26.0,청일전쟁 은근 길게하네 츠노다가 이길거같긴한데,청일전쟁 은근 길게하네 츠노다가 이길거같긴한데,0.11556033045053482,0.23486189544200897,0.3558822274208069,0.11335881054401398,0.11032220721244812,0.07001449167728424
2024-03-03 00:46:06,중일전쟁 오래가네ㅋㅋㅋㅋㅋ,,26,26.0,중일전쟁 오래가네ㅋㅋㅋㅋㅋ ,중일전쟁 오래가네ㅋㅋㅋㅋㅋ,0.23865073919296265,0.27754077315330505,0.1960667371749878,0.1361394077539444,0.08850661665201187,0.06309568136930466
2024-03-03 00:46:07,우리퍼스트 갭 1초대 입갤,과연?,26,26.0,우리퍼스트 갭 1초대 입갤 과연?,우리퍼스트 갭 1초대 입갤 과연?,0.358140766620636,0.19587275385856628,0.2523435056209564,0.07852071523666382,0.07226645946502686,0.04285582900047302
2024-03-03 00:46:08,10위 누가할지나 좀 맞춰봐라,저우가 끝까지 할거간ㄷ지는 않은데,26,26.0,10위 누가할지나 좀 맞춰봐라 저우가 끝까지 할거간ㄷ지는 않은데,10위 누가할지나 좀 맞춰봐라 저우가 끝까지 할거간ㄷ지는 않은데,0.09212710708379745,0.2440538853406906,0.3097361624240875,0.12124274671077728,0.0836896225810051,0.14915049076080322
2024-03-03 00:46:09,체코 사인지한테 따이겠다,"언더컷 한방이면 따일듯
AI 이미지가 생성되었습니다.
새로고침(F5) 해 주세요.
프롬프트
f1 ferrari vs redbull
네거티브
프롬프트
샘플링
DPM++ 2M Karras
스타일
None",26,26.0,"체코 사인지한테 따이겠다 언더컷 한방이면 따일듯
AI 이미지가 생성되었습니다.
새로고침(F5) 해 주세요.
프롬프트
f1 ferrari vs redbull
네거티브
프롬프트
샘플링
DPM++ 2M Karras
스타일
None",체코 사인지한테 따이겠다 언더컷 한방이면 따일듯 AI 이미지가 생성되었습니다. 새로고침(F5) 해 주세요. 프롬프트 f1 ferrari vs redbull 네거티브 프롬프트 샘플링 DPM++ 2M Karras 스타일 None,0.16845911741256714,0.24171534180641174,0.322592556476593,0.1092711091041565,0.08631853014230728,0.07164337486028671
2024-03-03 00:46:11,츠노다 타이어가 저우보단 싱싱하긴한데,흠,26,26.0,츠노다 타이어가 저우보단 싱싱하긴한데 흠,츠노다 타이어가 저우보단 싱싱하긴한데 흠,0.14361928403377533,0.29996469616889954,0.2488495260477066,0.11941232532262802,0.05682731419801712,0.13132686913013458
2024-03-03 00:46:23,"""글쎄 대런인지 뭔지 하는 새끼가 레드불엘 갈거라는거에요""","ㅋㅋㅋㅋㅋㅋㅋㅋㅋㅋㅋㅋㅋㅋㅋㅋㅋㅋㅋㅋㅋㅋㅋㅋㅋㅋ
- dc official App",26,26.0,"""글쎄 대런인지 뭔지 하는 새끼가 레드불엘 갈거라는거에요"" ㅋㅋㅋㅋㅋㅋㅋㅋㅋㅋㅋㅋㅋㅋㅋㅋㅋㅋㅋㅋㅋㅋㅋㅋㅋㅋ
- dc official App","""글쎄 대런인지 뭔지 하는 새끼가 레드불엘 갈거라는거에요"" ㅋㅋㅋㅋㅋㅋㅋㅋㅋㅋㅋㅋㅋㅋㅋㅋㅋㅋㅋㅋㅋㅋㅋㅋㅋㅋ",0.11445797234773636,0.21552489697933197,0.30267763137817383,0.17622549831867218,0.09881802648305893,0.09229596704244614
2024-03-03 00:46:29,페레즈 타이어 뒤지기 시작했노,,26,26.0,페레즈 타이어 뒤지기 시작했노 ,페레즈 타이어 뒤지기 시작했노,0.10031009465456009,0.2672523856163025,0.22477813065052032,0.17213274538516998,0.10998399555683136,0.12554271519184113
2024-03-03 00:46:33,근데 리카도가 퍼스트임 11노다가 퍼스트임??,ㅇㅇㅇㅇ???,26,26.0,근데 리카도가 퍼스트임 11노다가 퍼스트임?? ㅇㅇㅇㅇ???,근데 리카도가 퍼스트임 11노다가 퍼스트임?? ㅇㅇㅇㅇ???,0.19125154614448547,0.2186097800731659,0.3386513590812683,0.10142959654331207,0.0886627733707428,0.06139495596289635
2024-03-03 00:46:43,저우 왜 10위노,늦게봤더니 못봤네,26,26.0,저우 왜 10위노 늦게봤더니 못봤네,저우 왜 10위노 늦게봤더니 못봤네,0.0944361761212349,0.33181262016296387,0.2404683530330658,0.12825936079025269,0.09643376618623734,0.10858974605798721
2024-03-03 00:46:45,실시간 해물탕 의자,,26,26.0,실시간 해물탕 의자 ,실시간 해물탕 의자,0.5557723045349121,0.166438490152359,0.1389705389738083,0.06859149038791656,0.038627587258815765,0.03159962221980095
2024-03-03 00:46:47,13초입갤ㅋㅋ,,26,26.0,13초입갤ㅋㅋ ,13초입갤ㅋㅋ,0.665834903717041,0.11200520396232605,0.09335914254188538,0.06257160007953644,0.031211553141474724,0.03501758351922035
2024-03-03 00:46:58,물탕이횽 방구 거하게 뿌우우우웅 한거누?,시트가 뽀개지다니...,26,26.0,물탕이횽 방구 거하게 뿌우우우웅 한거누? 시트가 뽀개지다니...,물탕이횽 방구 거하게 뿌우우우웅 한거누? 시트가 뽀개지다니...,0.14313159883022308,0.24437198042869568,0.2824992835521698,0.12588542699813843,0.12989863753318787,0.07421306520700455
2024-03-03 00:47:15,11노다 탈출 좀,제발,27,27.0,11노다 탈출 좀 제발,11노다 탈출 좀 제발,0.13068878650665283,0.2838282585144043,0.1261271834373474,0.16143859922885895,0.07463917136192322,0.2232780009508133
2024-03-03 00:47:17,막스 이제 20초 뒤에 출발해라 씨발,- dc official App,27,27.0,막스 이제 20초 뒤에 출발해라 씨발 - dc official App,막스 이제 20초 뒤에 출발해라 씨발 - dc official App,0.2510570287704468,0.2449255734682083,0.11184236407279968,0.2242167741060257,0.05325394868850708,0.11470431834459305
2024-03-03 00:47:18,와 사인지 2위 가나,2초 이내로 들어왔네 ㅋㅋㅋ,27,27.0,와 사인지 2위 가나 2초 이내로 들어왔네 ㅋㅋㅋ,와 사인지 2위 가나 2초 이내로 들어왔네 ㅋㅋㅋ,0.5513682961463928,0.16672523319721222,0.13566237688064575,0.0643763393163681,0.04065760597586632,0.041210077702999115
2024-03-03 00:47:20,병신,병신,27,27.0,병신 병신,병신 병신,0.1916966736316681,0.23876722157001495,0.15610724687576294,0.1960739642381668,0.09231938421726227,0.12503549456596375
2024-03-03 00:47:20,근데 사인츠 짜르고 경 들어가는 거 확실함?,막판에 맘 바꿀수도 있는 거 아니냐고 아ㅋㅋㅋㅋㅋㅋㅋ,27,27.0,근데 사인츠 짜르고 경 들어가는 거 확실함? 막판에 맘 바꿀수도 있는 거 아니냐고 아ㅋㅋㅋㅋㅋㅋㅋ,근데 사인츠 짜르고 경 들어가는 거 확실함? 막판에 맘 바꿀수도 있는 거 아니냐고 아ㅋㅋㅋㅋㅋㅋㅋ,0.1409148871898651,0.22866354882717133,0.3275238275527954,0.12214774638414383,0.11258071660995483,0.06816922128200531
2024-03-03 00:47:22,근데 알핀은 레이스에서도 아무 반전없이 밑바닥이네,진짜 똥차인가봄,27,27.0,근데 알핀은 레이스에서도 아무 반전없이 밑바닥이네 진짜 똥차인가봄,근데 알핀은 레이스에서도 아무 반전없이 밑바닥이네 진짜 똥차인가봄,0.09346618503332138,0.2428145706653595,0.3075581192970276,0.13437417149543762,0.10699079185724258,0.11479611694812775
2024-03-03 00:47:23,물탕이 의자 찾았다,ㄹㅇㅋㅋ,27,27.0,물탕이 의자 찾았다 ㄹㅇㅋㅋ,물탕이 의자 찾았다 ㄹㅇㅋㅋ,0.6857638359069824,0.12266276031732559,0.07801098376512527,0.054339099675416946,0.026801109313964844,0.03242224082350731
2024-03-03 00:47:27,체코 티이어 좆된거같은데,"사인츠 2등할듯
- dc official App",27,27.0,"체코 티이어 좆된거같은데 사인츠 2등할듯
- dc official App",체코 티이어 좆된거같은데 사인츠 2등할듯,0.1096789762377739,0.23791539669036865,0.3542306423187256,0.10843522846698761,0.10874360799789429,0.08099613338708878
2024-03-03 00:47:27,올해는 2등경쟁이 아니라 3위경쟁인듯,"레드불 넘사임
- dc official App",27,27.0,"올해는 2등경쟁이 아니라 3위경쟁인듯 레드불 넘사임
- dc official App",올해는 2등경쟁이 아니라 3위경쟁인듯 레드불 넘사임,0.2302495241165161,0.2606811225414276,0.2523244023323059,0.08291702717542648,0.1201699897646904,0.05365796387195587
2024-03-03 00:47:32,쥬지는 어떻게든 존버해서 사인츠보다 늦게 들어갈 생각인가,타이어 관리 빡세게 하는중인거 같긴 한데,27,27.0,쥬지는 어떻게든 존버해서 사인츠보다 늦게 들어갈 생각인가 타이어 관리 빡세게 하는중인거 같긴 한데,쥬지는 어떻게든 존버해서 사인츠보다 늦게 들어갈 생각인가 타이어 관리 빡세게 하는중인거 같긴 한데,0.133529931306839,0.26730018854141235,0.30858781933784485,0.09721352905035019,0.10286187380552292,0.0905066579580307
2024-03-03 00:47:33,츠노다 저우 한참 저 상태 같은데,조금씩 간격 줄인다 싶더니 그 다음엔 각만 보나,27,27.0,츠노다 저우 한참 저 상태 같은데 조금씩 간격 줄인다 싶더니 그 다음엔 각만 보나,츠노다 저우 한참 저 상태 같은데 조금씩 간격 줄인다 싶더니 그 다음엔 각만 보나,0.09696394205093384,0.2961924374103546,0.29553577303886414,0.12366660684347153,0.09151880443096161,0.0961223766207695
2024-03-03 00:47:36,진짜 20초 만들고 우승하겠네,아오,27,27.0,진짜 20초 만들고 우승하겠네 아오,진짜 20초 만들고 우승하겠네 아오,0.09291218966245651,0.2738552987575531,0.15108634531497955,0.2381609082221985,0.06295041739940643,0.1810348629951477
2024-03-03 00:47:37,노리스가 르클이랑 차이 못좁히네,썩어도 준치인가,27,27.0,노리스가 르클이랑 차이 못좁히네 썩어도 준치인가,노리스가 르클이랑 차이 못좁히네 썩어도 준치인가,0.07221979647874832,0.2528342306613922,0.3176465630531311,0.1345641016960144,0.0849061980843544,0.13782911002635956
2024-03-03 00:47:38,대런 2.4 -> 1.4 갭 줄어드노,- dc official App,27,27.0,대런 2.4 -> 1.4 갭 줄어드노 - dc official App,대런 2.4 -> 1.4 갭 줄어드노 - dc official App,0.29655471444129944,0.24578088521957397,0.2556734085083008,0.09834396839141846,0.0533694252371788,0.050277676433324814
2024-03-03 00:47:53,윌리엄스 핸들에 스크린 박았는데 바로 고장 ㅋㅋㅋㅋ,,27,27.0,윌리엄스 핸들에 스크린 박았는데 바로 고장 ㅋㅋㅋㅋ ,윌리엄스 핸들에 스크린 박았는데 바로 고장 ㅋㅋㅋㅋ,0.11819224804639816,0.31441280245780945,0.2051946073770523,0.15756894648075104,0.08671370893716812,0.11791771650314331
2024-03-03 00:47:55,새러바꾼 스크린 ㅈ돾나보노 ㅋㅋㅋ,,27,27.0,새러바꾼 스크린 ㅈ돾나보노 ㅋㅋㅋ ,새러바꾼 스크린 ㅈ돾나보노 ㅋㅋㅋ,0.6674920320510864,0.12253410369157791,0.07878974825143814,0.06708670407533646,0.026495451107621193,0.03760196268558502
2024-03-03 00:47:59,근데 26년에 아우디 F1 오면,F1팀 10개에서 11개로 늘어남?,27,27.0,근데 26년에 아우디 F1 오면 F1팀 10개에서 11개로 늘어남?,근데 26년에 아우디 F1 오면 F1팀 10개에서 11개로 늘어남?,0.19733504951000214,0.2219885289669037,0.33850815892219543,0.09696651250123978,0.09400688856840134,0.051194898784160614
2024-03-03 00:48:04,윌리엄스 병신들ㅌㅋㅋㅋㅋㅋㅋ,,27,27.0,윌리엄스 병신들ㅌㅋㅋㅋㅋㅋㅋ ,윌리엄스 병신들ㅌㅋㅋㅋㅋㅋㅋ,0.6890726685523987,0.1160920113325119,0.08063405007123947,0.057193029671907425,0.025340259075164795,0.03166792541742325
2024-03-03 00:48:10,몽골견들 솔직한 심정 투표해보자,,27,27.0,몽골견들 솔직한 심정 투표해보자 ,몽골견들 솔직한 심정 투표해보자,0.2112985998392105,0.20369385182857513,0.3193175196647644,0.09034568071365356,0.10228406637907028,0.0730602890253067
2024-03-03 00:48:11,물탕이 치질오겠노 ㅋㅋㅋㅋ,ㅋㅋㅋㅋ,27,27.0,물탕이 치질오겠노 ㅋㅋㅋㅋ ㅋㅋㅋㅋ,물탕이 치질오겠노 ㅋㅋㅋㅋ ㅋㅋㅋㅋ,0.2272474765777588,0.2773160934448242,0.2046331912279129,0.14340287446975708,0.08921639621257782,0.05818389728665352
2024-03-03 00:48:12,이새끼들은 핸들도 제대로 못 만드노ㅋㅋㅋ,,27,27.0,이새끼들은 핸들도 제대로 못 만드노ㅋㅋㅋ ,이새끼들은 핸들도 제대로 못 만드노ㅋㅋㅋ,0.0758775919675827,0.231069877743721,0.24532638490200043,0.2209043949842453,0.06719954311847687,0.15962213277816772
2024-03-03 00:48:13,핸들 새로 만들고 ㅂㅅ댐?ㅋㅋㅋㅋ,아오ㅋㅋㅋㅋ,27,27.0,핸들 새로 만들고 ㅂㅅ댐?ㅋㅋㅋㅋ 아오ㅋㅋㅋㅋ,핸들 새로 만들고 ㅂㅅ댐?ㅋㅋㅋㅋ 아오ㅋㅋㅋㅋ,0.09062080085277557,0.33872416615486145,0.15130053460597992,0.19024889171123505,0.07481399178504944,0.15429164469242096
2024-03-03 00:48:15,맥라렌은 업데이트 좀 잘하면 2위경쟁도 하겠네,부럽다,27,27.0,맥라렌은 업데이트 좀 잘하면 2위경쟁도 하겠네 부럽다,맥라렌은 업데이트 좀 잘하면 2위경쟁도 하겠네 부럽다,0.17625606060028076,0.2014138251543045,0.31862565875053406,0.1135360598564148,0.1291552186012268,0.06101318448781967
2024-03-03 00:48:16,시발 틀딱같노 ㅋㅋ,,27,27.0,시발 틀딱같노 ㅋㅋ ,시발 틀딱같노 ㅋㅋ,0.11058077216148376,0.1697191596031189,0.18374702334403992,0.3097538650035858,0.07179147005081177,0.15440769493579865
2024-03-03 00:48:16,드라이버도 스크린 적응 안되나보다ㅋㅋㅋㅋㅋㅋ,,27,27.0,드라이버도 스크린 적응 안되나보다ㅋㅋㅋㅋㅋㅋ ,드라이버도 스크린 적응 안되나보다ㅋㅋㅋㅋㅋㅋ,0.08971317112445831,0.3020327091217041,0.28732195496559143,0.13359619677066803,0.10289366543292999,0.08444234728813171
2024-03-03 00:48:18,모니터 뭐하러 바꿨노ㅋㅋㅋㅋ,,27,27.0,모니터 뭐하러 바꿨노ㅋㅋㅋㅋ ,모니터 뭐하러 바꿨노ㅋㅋㅋㅋ,0.12501631677150726,0.33935636281967163,0.1790735125541687,0.15856216847896576,0.07236231118440628,0.12562939524650574
2024-03-03 00:48:23,윌리엄스 스티어링휠 버그낫노ㅋㅋㅋㅋㅋㅋㅋ,,27,27.0,윌리엄스 스티어링휠 버그낫노ㅋㅋㅋㅋㅋㅋㅋ ,윌리엄스 스티어링휠 버그낫노ㅋㅋㅋㅋㅋㅋㅋ,0.20300796627998352,0.29442134499549866,0.21599723398685455,0.134388267993927,0.0865287259221077,0.06565650552511215
2024-03-03 00:48:25,난 가슬리를 좋아한다고했지,알핀까진 좋아한다고안했다시바,27,27.0,난 가슬리를 좋아한다고했지 알핀까진 좋아한다고안했다시바,난 가슬리를 좋아한다고했지 알핀까진 좋아한다고안했다시바,0.11890275031328201,0.25587326288223267,0.10854309052228928,0.2846907079219818,0.04982048645615578,0.18216975033283234
2024-03-03 00:48:25,니네는 그냥 고정모니터 써라ㅋㅋㅋ,ㅋㅋㅋㅋㅋ,27,27.0,니네는 그냥 고정모니터 써라ㅋㅋㅋ ㅋㅋㅋㅋㅋ,니네는 그냥 고정모니터 써라ㅋㅋㅋ ㅋㅋㅋㅋㅋ,0.1817813217639923,0.24306131899356842,0.20989443361759186,0.20561158657073975,0.07688726484775543,0.08276399970054626
2024-03-03 00:48:27,Ui 좆망ㅋㅋㅋㅋㅋ,- dc official App,27,27.0,Ui 좆망ㅋㅋㅋㅋㅋ - dc official App,Ui 좆망ㅋㅋㅋㅋㅋ - dc official App,0.11068535596132278,0.2927582263946533,0.20600683987140656,0.16779707372188568,0.04965021461248398,0.17310228943824768
2024-03-03 00:48:28,유튜브 보면 르클이나 노리스는 추락만 남음,"겉 멋 존나 들음
- dc official App",27,27.0,"유튜브 보면 르클이나 노리스는 추락만 남음 겉 멋 존나 들음
- dc official App",유튜브 보면 르클이나 노리스는 추락만 남음 겉 멋 존나 들음,0.08455023914575577,0.2643885016441345,0.25049349665641785,0.15685728192329407,0.08418671786785126,0.15952381491661072
2024-03-03 00:48:34,아니 씨발 스크린이 지랄나는 건 ㅋㅋㅋㅋㅋㅋㅋㅋㅋ,,27,27.0,아니 씨발 스크린이 지랄나는 건 ㅋㅋㅋㅋㅋㅋㅋㅋㅋ ,아니 씨발 스크린이 지랄나는 건 ㅋㅋㅋㅋㅋㅋㅋㅋㅋ,0.12736618518829346,0.2768235504627228,0.11197356134653091,0.27100059390068054,0.04924437776207924,0.16359177231788635
2024-03-03 00:48:37,윌 휠 언제 바뀜ㅋㅋㅋ,,28,28.0,윌 휠 언제 바뀜ㅋㅋㅋ ,윌 휠 언제 바뀜ㅋㅋㅋ,0.3249669075012207,0.26268109679222107,0.20529785752296448,0.08962755650281906,0.06414380669593811,0.053282734006643295
2024-03-03 00:48:39,왜 적응을 못하는데 ㅅㅂㅋㅋㅋㅋ,- dc official App,28,28.0,왜 적응을 못하는데 ㅅㅂㅋㅋㅋㅋ - dc official App,왜 적응을 못하는데 ㅅㅂㅋㅋㅋㅋ - dc official App,0.1381286084651947,0.22720728814601898,0.13067035377025604,0.3039199709892273,0.05952409654855728,0.14054958522319794
2024-03-03 00:48:47,오늘부로 여러분들의 주말국가는 네덜란드&오스트리아 국가입니다,"감사합니다
- dc official App",28,28.0,"오늘부로 여러분들의 주말국가는 네덜란드&오스트리아 국가입니다 감사합니다
- dc official App",오늘부로 여러분들의 주말국가는 네덜란드&오스트리아 국가입니다 감사합니다,0.5812502503395081,0.1723099648952484,0.06401187181472778,0.07701768726110458,0.028164159506559372,0.0772460401058197
2024-03-03 00:48:50,아오 좆물탕ㅋㅋㅋ,ㅋㅋ,28,28.0,아오 좆물탕ㅋㅋㅋ ㅋㅋ,아오 좆물탕ㅋㅋㅋ ㅋㅋ,0.28714343905448914,0.19735847413539886,0.13068607449531555,0.23850487172603607,0.06310523301362991,0.08320198208093643
2024-03-03 00:48:55,퇴물탕ㅋㅋㅋㅋㅋㅋㅋㅋㅋ,,28,28.0,퇴물탕ㅋㅋㅋㅋㅋㅋㅋㅋㅋ ,퇴물탕ㅋㅋㅋㅋㅋㅋㅋㅋㅋ,0.22179551422595978,0.22170396149158478,0.22394664585590363,0.1822958141565323,0.07945456355810165,0.0708034485578537
2024-03-03 00:49:01,물탕이 바이어스 만지작거리다 브레이크포인트 놓치노ㅋㅋ,,28,28.0,물탕이 바이어스 만지작거리다 브레이크포인트 놓치노ㅋㅋ ,물탕이 바이어스 만지작거리다 브레이크포인트 놓치노ㅋㅋ,0.13788914680480957,0.2878692150115967,0.2695443630218506,0.12953117489814758,0.10488798469305038,0.0702781230211258
2024-03-03 00:49:01,알본 차 디스플레이는 계속 기어 5단인 것 같은데ㅋㅋㅋㅋㅋㅋㅋ,,28,28.0,알본 차 디스플레이는 계속 기어 5단인 것 같은데ㅋㅋㅋㅋㅋㅋㅋ ,알본 차 디스플레이는 계속 기어 5단인 것 같은데ㅋㅋㅋㅋㅋㅋㅋ,0.17182238399982452,0.23904404044151306,0.31542620062828064,0.12777414917945862,0.09092536568641663,0.055007897317409515
2024-03-03 00:49:02,아니 뭔시발 서킷을 저렇게 넓게도냐,,28,28.0,아니 뭔시발 서킷을 저렇게 넓게도냐 ,아니 뭔시발 서킷을 저렇게 넓게도냐,0.12277426570653915,0.2631012797355652,0.14529435336589813,0.25548142194747925,0.06366775929927826,0.14968088269233704
2024-03-03 00:49:06,큰맘먹고 핸들에 스크린 달았는데 시발 ㅋㅋㅋㅋㅋ,ㅋㅋㅋㅋㅋㅋㅋㅋㅋㅋㅋ,28,28.0,큰맘먹고 핸들에 스크린 달았는데 시발 ㅋㅋㅋㅋㅋ ㅋㅋㅋㅋㅋㅋㅋㅋㅋㅋㅋ,큰맘먹고 핸들에 스크린 달았는데 시발 ㅋㅋㅋㅋㅋ ㅋㅋㅋㅋㅋㅋㅋㅋㅋㅋㅋ,0.12833333015441895,0.327254980802536,0.11582176387310028,0.21127310395240784,0.0647106021642685,0.15260615944862366
2024-03-03 00:49:09,방귀라도 갈김??,시트가 왜부서져,28,28.0,방귀라도 갈김?? 시트가 왜부서져,방귀라도 갈김?? 시트가 왜부서져,0.09982006251811981,0.21674509346485138,0.3141327202320099,0.1643534153699875,0.09349969029426575,0.11144901812076569
2024-03-03 00:49:15,물탕이 물어봣는데 갑자기 먼 막스여,,28,28.0,물탕이 물어봣는데 갑자기 먼 막스여 ,물탕이 물어봣는데 갑자기 먼 막스여,0.12988479435443878,0.27689290046691895,0.27840903401374817,0.14768248796463013,0.08464416861534119,0.0824865847826004
2024-03-03 00:49:16,물탕이는 뭘하면 의자를 부숴먹냐ㅋㅋㅋ,ㅋㅋㅋ,28,28.0,물탕이는 뭘하면 의자를 부숴먹냐ㅋㅋㅋ ㅋㅋㅋ,물탕이는 뭘하면 의자를 부숴먹냐ㅋㅋㅋ ㅋㅋㅋ,0.2334902286529541,0.2572390139102936,0.257642537355423,0.1192144975066185,0.0833362489938736,0.04907749593257904
2024-03-03 00:49:20,막스 존나 편안해보이네,,28,28.0,막스 존나 편안해보이네 ,막스 존나 편안해보이네,0.37333688139915466,0.2096410095691681,0.21671855449676514,0.07665419578552246,0.0831981971859932,0.04045112803578377
2024-03-03 00:49:22,14초는 미친새끼야ㅋㅋㅋㅋㅋㅋㅋ,- dc official App,28,28.0,14초는 미친새끼야ㅋㅋㅋㅋㅋㅋㅋ - dc official App,14초는 미친새끼야ㅋㅋㅋㅋㅋㅋㅋ - dc official App,0.2672061324119568,0.22382862865924835,0.20533683896064758,0.16988353431224823,0.07396339625120163,0.059781502932310104
2024-03-03 00:49:24,물어보는데 왜 딴소리야,ㅋㅋ대체왜,28,28.0,물어보는데 왜 딴소리야 ㅋㅋ대체왜,물어보는데 왜 딴소리야 ㅋㅋ대체왜,0.10855407267808914,0.3350473642349243,0.13039223849773407,0.21827639639377594,0.05104048550128937,0.15668940544128418
2024-03-03 00:49:24,케로 말자르기,ㅋㅋㅋㅋ,28,28.0,케로 말자르기 ㅋㅋㅋㅋ,케로 말자르기 ㅋㅋㅋㅋ,0.3807157576084137,0.21467755734920502,0.19449782371520996,0.11216181516647339,0.051725834608078,0.046221256256103516
2024-03-03 00:49:25,스티어링 휠 조작하다가 집중력 잃음ㅋㅋ,노화는 어쩔 수 없다 ㅠ,28,28.0,스티어링 휠 조작하다가 집중력 잃음ㅋㅋ 노화는 어쩔 수 없다 ㅠ,스티어링 휠 조작하다가 집중력 잃음ㅋㅋ 노화는 어쩔 수 없다 ㅠ,0.10430795699357986,0.31313571333885193,0.14080452919006348,0.1609126329421997,0.09086611866950989,0.18997304141521454
2024-03-03 00:49:26,러셀 르끌 차에 문제있나보네,둘다 뒤지게 느린데,28,28.0,러셀 르끌 차에 문제있나보네 둘다 뒤지게 느린데,러셀 르끌 차에 문제있나보네 둘다 뒤지게 느린데,0.08603030443191528,0.21535545587539673,0.3597574830055237,0.1405210793018341,0.0918254554271698,0.1065102070569992
2024-03-03 00:49:27,아니 멜세 애초에 물탕경한테 맞춘거아님?,- dc official App,28,28.0,아니 멜세 애초에 물탕경한테 맞춘거아님? - dc official App,아니 멜세 애초에 물탕경한테 맞춘거아님? - dc official App,0.09963216632604599,0.25294050574302673,0.3228815495967865,0.1488499492406845,0.08087805658578873,0.09481777995824814
2024-03-03 00:49:27,저새끼왜들어감 ㅋㅋ,,28,28.0,저새끼왜들어감 ㅋㅋ ,저새끼왜들어감 ㅋㅋ,0.10407615453004837,0.24410554766654968,0.20522171258926392,0.24459820985794067,0.07478766143321991,0.12721067667007446
2024-03-03 00:49:32,케로햄 읽씹 씨다씨 ㅋㅋㅋㅋㅋㅋ,,28,28.0,케로햄 읽씹 씨다씨 ㅋㅋㅋㅋㅋㅋ ,케로햄 읽씹 씨다씨 ㅋㅋㅋㅋㅋㅋ,0.5703685879707336,0.17297816276550293,0.09695389121770859,0.08597149699926376,0.03287637606263161,0.040851522237062454
2024-03-03 00:49:40,막스 5천만년만에 카메라에 잡힘ㅋㅋㅋㅋㅋ,,28,28.0,막스 5천만년만에 카메라에 잡힘ㅋㅋㅋㅋㅋ ,막스 5천만년만에 카메라에 잡힘ㅋㅋㅋㅋㅋ,0.6596783399581909,0.13434137403964996,0.08702044188976288,0.05844796076416969,0.028439180925488472,0.03207278996706009
2024-03-03 00:49:41,스테이크 킥 저거는 로고도 ㅈㄴ맘에 안드네,알파로메오 돌아와ㅠㅠ,28,28.0,스테이크 킥 저거는 로고도 ㅈㄴ맘에 안드네 알파로메오 돌아와ㅠㅠ,스테이크 킥 저거는 로고도 ㅈㄴ맘에 안드네 알파로메오 돌아와ㅠㅠ,0.1469607949256897,0.25254756212234497,0.12836387753486633,0.20691603422164917,0.050884395837783813,0.2143273800611496
2024-03-03 00:49:42,도련님 30랩 타실거노 ㅋㅋㅋㅋㅋㅋㅋㅋ,ㅅㅂㅋㅋㅋㅋ,28,28.0,도련님 30랩 타실거노 ㅋㅋㅋㅋㅋㅋㅋㅋ ㅅㅂㅋㅋㅋㅋ,도련님 30랩 타실거노 ㅋㅋㅋㅋㅋㅋㅋㅋ ㅅㅂㅋㅋㅋㅋ,0.41670316457748413,0.22332763671875,0.14004603028297424,0.10983754694461823,0.06268705427646637,0.047398630529642105
2024-03-03 00:49:42,거진 30랩 버텨지나ㅋㅋㅋ,,28,28.0,거진 30랩 버텨지나ㅋㅋㅋ ,거진 30랩 버텨지나ㅋㅋㅋ,0.14168864488601685,0.227025106549263,0.33686181902885437,0.12013418972492218,0.1197391152381897,0.054551102221012115
2024-03-03 00:50:03,케로 또 지 책 팔라고 빌드업하는거 아님?,- dc official App,28,28.0,케로 또 지 책 팔라고 빌드업하는거 아님? - dc official App,케로 또 지 책 팔라고 빌드업하는거 아님? - dc official App,0.10167127847671509,0.20180027186870575,0.35279276967048645,0.1507449448108673,0.0802716612815857,0.11271907389163971
2024-03-03 00:50:03,엔진 블로우나 타이어 펑쳐 제발,제발요,28,28.0,엔진 블로우나 타이어 펑쳐 제발 제발요,엔진 블로우나 타이어 펑쳐 제발 제발요,0.18282297253608704,0.19905883073806763,0.1782693862915039,0.1829039752483368,0.07813840359449387,0.17880645394325256
2024-03-03 00:50:03,스트롤:알론소 전략 실험용,ㅇㄱㄹㅇ,28,28.0,스트롤:알론소 전략 실험용 ㅇㄱㄹㅇ,스트롤:알론소 전략 실험용 ㅇㄱㄹㅇ,0.3091077506542206,0.22140561044216156,0.26682376861572266,0.08841399103403091,0.05812634900212288,0.056122492998838425
2024-03-03 00:50:13,"""나 좋은차 탄다""",ㅋㅋㅋ,28,28.0,"""나 좋은차 탄다"" ㅋㅋㅋ","""나 좋은차 탄다"" ㅋㅋㅋ",0.30473846197128296,0.2407858669757843,0.1402912735939026,0.16769643127918243,0.06772768497467041,0.07876022905111313
2024-03-03 00:50:23,막스는 바레인 놀러온거같다,시뮬레이터 돌려서 양학하는거랑 뭐가다르냐,29,29.0,막스는 바레인 놀러온거같다 시뮬레이터 돌려서 양학하는거랑 뭐가다르냐,막스는 바레인 놀러온거같다 시뮬레이터 돌려서 양학하는거랑 뭐가다르냐,0.07296416908502579,0.2929055094718933,0.2154608964920044,0.19597068428993225,0.0693727433681488,0.15332594513893127
2024-03-03 00:50:26,막페사 빼고 메페맥은 페이스가 똑같네,사인츠 뭐냐,29,29.0,막페사 빼고 메페맥은 페이스가 똑같네 사인츠 뭐냐,막페사 빼고 메페맥은 페이스가 똑같네 사인츠 뭐냐,0.09460152685642242,0.28787875175476074,0.2711036205291748,0.15419121086597443,0.050034403800964355,0.14219048619270325
2024-03-03 00:50:31,러셀은 사인츠 못따라가네??,ㅇㅇㅇ,29,29.0,러셀은 사인츠 못따라가네?? ㅇㅇㅇ,러셀은 사인츠 못따라가네?? ㅇㅇㅇ,0.08837766945362091,0.2769922912120819,0.32477766275405884,0.12065095454454422,0.10411794483661652,0.08508341014385223
2024-03-03 00:50:33,타이어 수명연장 입갤 ㅋㅋ,- dc official App,29,29.0,타이어 수명연장 입갤 ㅋㅋ - dc official App,타이어 수명연장 입갤 ㅋㅋ - dc official App,0.662900984287262,0.12154778093099594,0.09049729257822037,0.060865819454193115,0.028049057349562645,0.03613904491066933
2024-03-03 00:50:42,르끌레 페이스 자체는 ㅅㅌㅊ같은데 휠락억까 조졌네,"페이스는 ㅅㅌㅊ같은네 ㅋㅋ
- dc official App",29,29.0,"르끌레 페이스 자체는 ㅅㅌㅊ같은데 휠락억까 조졌네 페이스는 ㅅㅌㅊ같은네 ㅋㅋ
- dc official App",르끌레 페이스 자체는 ㅅㅌㅊ같은데 휠락억까 조졌네 페이스는 ㅅㅌㅊ같은네 ㅋㅋ,0.08220215141773224,0.31268981099128723,0.2509450614452362,0.15127389132976532,0.09738215804100037,0.10550694167613983
2024-03-03 00:50:43,겜 끝난거아님?? 개노잼이네 ㅋㅋ,굿나잇,29,29.0,겜 끝난거아님?? 개노잼이네 ㅋㅋ 굿나잇,겜 끝난거아님?? 개노잼이네 ㅋㅋ 굿나잇,0.1363496631383896,0.3116747736930847,0.14465396106243134,0.1801759898662567,0.07111315429210663,0.15603244304656982
2024-03-03 00:50:49,라이브 타이밍에 나오는 랩타임 미쳤네 걍,혼자 35초노 ㅅㅂ,29,29.0,라이브 타이밍에 나오는 랩타임 미쳤네 걍 혼자 35초노 ㅅㅂ,라이브 타이밍에 나오는 랩타임 미쳤네 걍 혼자 35초노 ㅅㅂ,0.13806737959384918,0.2694944739341736,0.15747365355491638,0.22768551111221313,0.0870756283402443,0.12020333856344223
2024-03-03 00:50:53,하드로 29랩 ㅋㅋㅋ??,"세카 뽀록 노리는거인듯??
- dc official App",29,29.0,"하드로 29랩 ㅋㅋㅋ?? 세카 뽀록 노리는거인듯??
- dc official App",하드로 29랩 ㅋㅋㅋ?? 세카 뽀록 노리는거인듯??,0.12840420007705688,0.21244025230407715,0.36814403533935547,0.12738169729709625,0.10761470347642899,0.05601513385772705
2024-03-03 00:50:53,왜 지금 마지막 3렙같지,이걸 계속 봐야하나,29,29.0,왜 지금 마지막 3렙같지 이걸 계속 봐야하나,왜 지금 마지막 3렙같지 이걸 계속 봐야하나,0.08782079070806503,0.3196179270744324,0.14363795518875122,0.16891127824783325,0.07491180300712585,0.20510026812553406
2024-03-03 00:50:53,주관우 먼저 피트인인가,,29,29.0,주관우 먼저 피트인인가 ,주관우 먼저 피트인인가,0.27778324484825134,0.22000163793563843,0.29705810546875,0.08235936611890793,0.07371316850185394,0.049084506928920746
2024-03-03 00:50:57,이제 슬슬 하품 ㅈㄴ 나오네 ㅋㅋ,대충 막스 우승 축하,29,29.0,이제 슬슬 하품 ㅈㄴ 나오네 ㅋㅋ 대충 막스 우승 축하,이제 슬슬 하품 ㅈㄴ 나오네 ㅋㅋ 대충 막스 우승 축하,0.2982844114303589,0.2725594937801361,0.10049233585596085,0.15442945063114166,0.0579664409160614,0.1162678599357605
2024-03-03 00:50:58,진짜 휠락 억까였냐?,ㄹㅇ,29,29.0,진짜 휠락 억까였냐? ㄹㅇ,진짜 휠락 억까였냐? ㄹㅇ,0.09520024061203003,0.19631345570087433,0.3624461889266968,0.15358762443065643,0.11170651018619537,0.08074600994586945
2024-03-03 00:51:00,도련놈 하드 30랩 진짜 버텨지나?,,29,29.0,도련놈 하드 30랩 진짜 버텨지나? ,도련놈 하드 30랩 진짜 버텨지나?,0.12405654788017273,0.20287995040416718,0.3745049834251404,0.11360941082239151,0.12108039110898972,0.06386872380971909
2024-03-03 00:51:06,드디어 10노다 입갤ㅋㅋㅋ,ㅋㅋㅋㅋㅋㅋ,29,29.0,드디어 10노다 입갤ㅋㅋㅋ ㅋㅋㅋㅋㅋㅋ,드디어 10노다 입갤ㅋㅋㅋ ㅋㅋㅋㅋㅋㅋ,0.6798632144927979,0.11463265120983124,0.07476806640625,0.06457109749317169,0.02776799164712429,0.038396939635276794
2024-03-03 00:51:10,하드 오래가면 막스 우승 100%네 ㅈㅈ,- dc official App,29,29.0,하드 오래가면 막스 우승 100%네 ㅈㅈ - dc official App,하드 오래가면 막스 우승 100%네 ㅈㅈ - dc official App,0.5665763020515442,0.1574116051197052,0.1265600621700287,0.06815969944000244,0.04180930554866791,0.03948304429650307
2024-03-03 00:51:12,스트롤 쓰리스탑 하겠놐ㅋㅋㅋㅋ,스트롤이 30랩을 어떻게 버티겠냐 ㅋㅋㅋㅋㅋㅋ,29,29.0,스트롤 쓰리스탑 하겠놐ㅋㅋㅋㅋ 스트롤이 30랩을 어떻게 버티겠냐 ㅋㅋㅋㅋㅋㅋ,스트롤 쓰리스탑 하겠놐ㅋㅋㅋㅋ 스트롤이 30랩을 어떻게 버티겠냐 ㅋㅋㅋㅋㅋㅋ,0.15666557848453522,0.2506645917892456,0.28768494725227356,0.13918949663639069,0.10602911561727524,0.059766240417957306
2024-03-03 00:51:13,아니 근데 너무 재미 없다,세이프티카좀 나와라,29,29.0,아니 근데 너무 재미 없다 세이프티카좀 나와라,아니 근데 너무 재미 없다 세이프티카좀 나와라,0.15265333652496338,0.3138805031776428,0.13269388675689697,0.16908319294452667,0.0579666867852211,0.17372238636016846
2024-03-03 00:51:14,질문) 이제 켰는데 르클레 왜케 쳐짐? 사고있었음?,"빠른요약점 ㅠ
- dc official App",29,29.0,"질문) 이제 켰는데 르클레 왜케 쳐짐? 사고있었음? 빠른요약점 ㅠ
- dc official App",질문) 이제 켰는데 르클레 왜케 쳐짐? 사고있었음? 빠른요약점 ㅠ,0.11075925827026367,0.30710676312446594,0.21112895011901855,0.13441768288612366,0.07846782356500626,0.1581195741891861
2024-03-03 00:51:21,초록색 진짜 어그로 좆된다ㅋㅋㅋ구급차정도의 시인성 뭐냐 진짜?,,29,29.0,초록색 진짜 어그로 좆된다ㅋㅋㅋ구급차정도의 시인성 뭐냐 진짜? ,초록색 진짜 어그로 좆된다ㅋㅋㅋ구급차정도의 시인성 뭐냐 진짜?,0.07797878235578537,0.209994837641716,0.2202804684638977,0.24860435724258423,0.07782572507858276,0.1653158813714981
2024-03-03 00:51:22,츠노다포인트가냐???,1점만주ㅠㅠ,29,29.0,츠노다포인트가냐??? 1점만주ㅠㅠ,츠노다포인트가냐??? 1점만주ㅠㅠ,0.10834603011608124,0.28096818923950195,0.13886505365371704,0.18039628863334656,0.06795766204595566,0.22346673905849457
2024-03-03 00:51:27,약간 루즈하네,별일없으면 레드불 원투피니시일듯,29,29.0,약간 루즈하네 별일없으면 레드불 원투피니시일듯,약간 루즈하네 별일없으면 레드불 원투피니시일듯,0.17633375525474548,0.33086323738098145,0.18254424631595612,0.12136069685220718,0.05101539194583893,0.13788263499736786
2024-03-03 00:51:35,존나재밍벗네,ㄹㅋ,29,29.0,존나재밍벗네 ㄹㅋ,존나재밍벗네 ㄹㅋ,0.663447380065918,0.12347280234098434,0.08138202130794525,0.06653057038784027,0.02518628165125847,0.0399809293448925
2024-03-03 00:51:35,근데 오늘 작년 바쿠보다 살짝 나은 수준인데,개막전이라 오랜만에 봐서 그렇지 중반 들어가니까 drs 여는 애도 별로 없고 뭔..,29,29.0,근데 오늘 작년 바쿠보다 살짝 나은 수준인데 개막전이라 오랜만에 봐서 그렇지 중반 들어가니까 drs 여는 애도 별로 없고 뭔..,근데 오늘 작년 바쿠보다 살짝 나은 수준인데 개막전이라 오랜만에 봐서 그렇지 중반 들어가니까 drs 여는 애도 별로 없고 뭔..,0.09690456837415695,0.3504774570465088,0.18378198146820068,0.14256739616394043,0.07073536515235901,0.1555333137512207
2024-03-03 00:51:39,저 초록 컬러 쉐보레에 잘 어울리는 컬러인 듯,- dc official App,29,29.0,저 초록 컬러 쉐보레에 잘 어울리는 컬러인 듯 - dc official App,저 초록 컬러 쉐보레에 잘 어울리는 컬러인 듯 - dc official App,0.5860846638679504,0.15288199484348297,0.12044160813093185,0.06403884291648865,0.036839138716459274,0.03971376642584801
2024-03-03 00:51:47,아니근데 체코 같은차 맞음?,"체코차만 머 다르게 만드는거 아님?
어떻게 같은차를 타고 매랩마다 격차가 벌어지냐고",29,29.0,"아니근데 체코 같은차 맞음? 체코차만 머 다르게 만드는거 아님?
어떻게 같은차를 타고 매랩마다 격차가 벌어지냐고",아니근데 체코 같은차 맞음? 체코차만 머 다르게 만드는거 아님? 어떻게 같은차를 타고 매랩마다 격차가 벌어지냐고,0.08634452521800995,0.2474483996629715,0.29889729619026184,0.15722674131393433,0.08802655339241028,0.1220564916729927
2024-03-03 00:51:50,자우버 얘네 본인들 존재감 없다고 리버리로 어필하네,눈에 존나 띄노,29,29.0,자우버 얘네 본인들 존재감 없다고 리버리로 어필하네 눈에 존나 띄노,자우버 얘네 본인들 존재감 없다고 리버리로 어필하네 눈에 존나 띄노,0.07934059202671051,0.20232774317264557,0.2295917123556137,0.2725435793399811,0.08421528339385986,0.13198110461235046
2024-03-03 00:51:51,사고도 없고 막스는 달리고,에잉,29,29.0,사고도 없고 막스는 달리고 에잉,사고도 없고 막스는 달리고 에잉,0.09717095643281937,0.24959297478199005,0.12626948952674866,0.23984794318675995,0.04900649935007095,0.23811209201812744
2024-03-03 00:51:54,그놈의 재포장 몇번을 말하노,10번 넘나,29,29.0,그놈의 재포장 몇번을 말하노 10번 넘나,그놈의 재포장 몇번을 말하노 10번 넘나,0.11037468165159225,0.2546386420726776,0.12331552058458328,0.26915210485458374,0.04351743683218956,0.19900161027908325
2024-03-03 00:52:08,막스는 하드나 소프트나 딱히 상관 없어보이네,하드로 바꾸고 패랩 찍는데 미듐이든 소프트든 뭘끼운들~~,30,30.0,막스는 하드나 소프트나 딱히 상관 없어보이네 하드로 바꾸고 패랩 찍는데 미듐이든 소프트든 뭘끼운들~~,막스는 하드나 소프트나 딱히 상관 없어보이네 하드로 바꾸고 패랩 찍는데 미듐이든 소프트든 뭘끼운들~~,0.12690679728984833,0.30801358819007874,0.24925623834133148,0.13343766331672668,0.06210783123970032,0.12027783691883087
2024-03-03 00:52:08,^15초^ 입갤 ㅋㅋㅋㅋ,Again 2023,30,30.0,^15초^ 입갤 ㅋㅋㅋㅋ Again 2023,^15초^ 입갤 ㅋㅋㅋㅋ Again 2023,0.7072457671165466,0.10750947892665863,0.06721431016921997,0.05591491609811783,0.026555869728326797,0.03555966541171074
2024-03-03 00:52:08,알핀 어차피 좆망한거 대승적으로 셒카 유도하자,,30,30.0,알핀 어차피 좆망한거 대승적으로 셒카 유도하자 ,알핀 어차피 좆망한거 대승적으로 셒카 유도하자,0.10808087885379791,0.2716476023197174,0.22048412263393402,0.1347627192735672,0.0943266898393631,0.17069795727729797
2024-03-03 00:52:11,이쯤되면 레드불 rb20 완성형이 망하길 바래야하나,전경기 1/2 피니쉬 할듯,30,30.0,이쯤되면 레드불 rb20 완성형이 망하길 바래야하나 전경기 1/2 피니쉬 할듯,이쯤되면 레드불 rb20 완성형이 망하길 바래야하나 전경기 1/2 피니쉬 할듯,0.0806315466761589,0.25832656025886536,0.28400570154190063,0.12382527440786362,0.087639220058918,0.1655716747045517
2024-03-03 00:52:11,속보) 레드불 빅이슈 떴다,"팀라디오 마이크 소리 작아서 잘 안 들린데
https://twitter.com/ChrisMedlandF1/status/1763952505971409193?t=I8E7UlmNYbLr1i06Wmm4oA&s=19",30,30.0,"속보) 레드불 빅이슈 떴다 팀라디오 마이크 소리 작아서 잘 안 들린데
https://twitter.com/ChrisMedlandF1/status/1763952505971409193?t=I8E7UlmNYbLr1i06Wmm4oA&s=19",속보) 레드불 빅이슈 떴다 팀라디오 마이크 소리 작아서 잘 안 들린데,0.17038147151470184,0.28884366154670715,0.2792675197124481,0.09913914650678635,0.0989295244216919,0.06343869119882584
2024-03-03 00:52:12,걍 개씹좆노잼,,30,30.0,걍 개씹좆노잼 ,걍 개씹좆노잼,0.12504619359970093,0.2712433636188507,0.17520949244499207,0.20442312955856323,0.06709691137075424,0.1569809764623642
2024-03-03 00:52:18,도련놈 저우 투스탑 타이밍 너무이른거아님?,어케 끝까지 가려고,30,30.0,도련놈 저우 투스탑 타이밍 너무이른거아님? 어케 끝까지 가려고,도련놈 저우 투스탑 타이밍 너무이른거아님? 어케 끝까지 가려고,0.12656760215759277,0.25812068581581116,0.3003784120082855,0.11439350247383118,0.1279369294643402,0.07260289043188095
2024-03-03 00:52:24,킥 자우버 저 리버리 ㅈㄴ 성공했네,"어그로  ㅈㄴ 잘 끌려서
자기들 브랜드 많이 볼 수 있게끔 설계한
완벽한 상업적 리버리 아니냐",30,30.0,"킥 자우버 저 리버리 ㅈㄴ 성공했네 어그로  ㅈㄴ 잘 끌려서
자기들 브랜드 많이 볼 수 있게끔 설계한
완벽한 상업적 리버리 아니냐",킥 자우버 저 리버리 ㅈㄴ 성공했네 어그로 ㅈㄴ 잘 끌려서 자기들 브랜드 많이 볼 수 있게끔 설계한 완벽한 상업적 리버리 아니냐,0.1853078156709671,0.18059676885604858,0.245492085814476,0.1587909758090973,0.1359480917453766,0.09386424720287323
2024-03-03 00:52:32,자우버가 눈에 참 잘 띄긴 하는데,저건 아니잖아,30,30.0,자우버가 눈에 참 잘 띄긴 하는데 저건 아니잖아,자우버가 눈에 참 잘 띄긴 하는데 저건 아니잖아,0.08964688330888748,0.30463269352912903,0.17210793495178223,0.1851610541343689,0.047481000423431396,0.20097045600414276
2024-03-03 00:52:36,근데 딱 한국에서 인기 없는 요소만 가지고 있음,"지루 오래걸림
- dc official App",30,30.0,"근데 딱 한국에서 인기 없는 요소만 가지고 있음 지루 오래걸림
- dc official App",근데 딱 한국에서 인기 없는 요소만 가지고 있음 지루 오래걸림,0.10437922924757004,0.3378794193267822,0.14896941184997559,0.15174587070941925,0.07203458994626999,0.18499153852462769
2024-03-03 00:52:36,하 르끌 막스 프런트 로우라 존나 기대했는데,별거 없네,30,30.0,하 르끌 막스 프런트 로우라 존나 기대했는데 별거 없네,하 르끌 막스 프런트 로우라 존나 기대했는데 별거 없네,0.11369433254003525,0.32967981696128845,0.1629813313484192,0.15299300849437714,0.0474194698035717,0.19323207437992096
2024-03-03 00:52:43,첫그랑프리부터 너무  노잼이네,이거 어쩌냐,30,30.0,첫그랑프리부터 너무  노잼이네 이거 어쩌냐,첫그랑프리부터 너무 노잼이네 이거 어쩌냐,0.11387380957603455,0.32507389783859253,0.15160365402698517,0.16340886056423187,0.05730534717440605,0.18873441219329834
2024-03-03 00:52:50,자꾸 좆라리식 운영이면 티포시유기하고,"사인츠맘으로 갈아탈수밖에 없다고 ..
- dc official App",30,30.0,"자꾸 좆라리식 운영이면 티포시유기하고 사인츠맘으로 갈아탈수밖에 없다고 ..
- dc official App",자꾸 좆라리식 운영이면 티포시유기하고 사인츠맘으로 갈아탈수밖에 없다고 ..,0.07439036667346954,0.26223212480545044,0.16092148423194885,0.17331725358963013,0.05555689334869385,0.2735818326473236
2024-03-03 00:52:52,팀메 경쟁이라도 되면 재밌을텐데,급 차이가 너무 많이 나네,30,30.0,팀메 경쟁이라도 되면 재밌을텐데 급 차이가 너무 많이 나네,팀메 경쟁이라도 되면 재밌을텐데 급 차이가 너무 많이 나네,0.09549936652183533,0.3336678147315979,0.1953544318675995,0.13884343206882477,0.0680261179804802,0.16860881447792053
2024-03-03 00:52:54,리카도는 핸들링도 고장나노,개판이네,30,30.0,리카도는 핸들링도 고장나노 개판이네,리카도는 핸들링도 고장나노 개판이네,0.07832550257444382,0.2675836682319641,0.22220630943775177,0.17478080093860626,0.04612182453274727,0.21098189055919647
2024-03-03 00:53:03,체코가 느린게 아닌거같애,막스가 걍 존나 괴물이야..,30,30.0,체코가 느린게 아닌거같애 막스가 걍 존나 괴물이야..,체코가 느린게 아닌거같애 막스가 걍 존나 괴물이야..,0.13664788007736206,0.20009443163871765,0.3461069166660309,0.1306365430355072,0.13229291141033173,0.05422132834792137
2024-03-03 00:53:08,씨발 올해도 몽골 우승이네 ㅅㅂㅋㅋ,ㅅㅂㅋㅋㅂㅅ,30,30.0,씨발 올해도 몽골 우승이네 ㅅㅂㅋㅋ ㅅㅂㅋㅋㅂㅅ,씨발 올해도 몽골 우승이네 ㅅㅂㅋㅋ ㅅㅂㅋㅋㅂㅅ,0.1110125184059143,0.19997042417526245,0.12434816360473633,0.3242156505584717,0.058565571904182434,0.18188761174678802
2024-03-03 00:53:34,몽골 그랑프리 한 10경기빠져도 우승할 듯,- dc official App,31,31.0,몽골 그랑프리 한 10경기빠져도 우승할 듯 - dc official App,몽골 그랑프리 한 10경기빠져도 우승할 듯 - dc official App,0.21564149856567383,0.24141259491443634,0.29354509711265564,0.10462350398302078,0.08662690967321396,0.05815040320158005
2024-03-03 00:53:41,라디오는 경량화를 위해 뺴버린거 아니냐,ㅇㅇ,31,31.0,라디오는 경량화를 위해 뺴버린거 아니냐 ㅇㅇ,라디오는 경량화를 위해 뺴버린거 아니냐 ㅇㅇ,0.08647248148918152,0.26887285709381104,0.31967803835868835,0.1340581327676773,0.0740155428647995,0.11690296232700348
2024-03-03 00:53:47,리버스 그리드 도입해야 되나 이정도면,"차라리 막스가 딸깍쇼 보여주기라도 하면
재밌을거 같은데",31,31.0,"리버스 그리드 도입해야 되나 이정도면 차라리 막스가 딸깍쇼 보여주기라도 하면
재밌을거 같은데",리버스 그리드 도입해야 되나 이정도면 차라리 막스가 딸깍쇼 보여주기라도 하면 재밌을거 같은데,0.09773347526788712,0.33321329951286316,0.19549378752708435,0.14725740253925323,0.0802379921078682,0.14606402814388275
2024-03-03 00:53:47,레드불 무전기는 왜 계속 문제인건데ㅋㅋㅋㅋㅋ,19년부터 봤는데 아직까지도 추락하는 전투기같노,31,31.0,레드불 무전기는 왜 계속 문제인건데ㅋㅋㅋㅋㅋ 19년부터 봤는데 아직까지도 추락하는 전투기같노,레드불 무전기는 왜 계속 문제인건데ㅋㅋㅋㅋㅋ 19년부터 봤는데 아직까지도 추락하는 전투기같노,0.07069839537143707,0.26316165924072266,0.24249494075775146,0.16377854347229004,0.07428010553121567,0.18558630347251892
2024-03-03 00:53:49,체코 사인즈는 다시 벌어지네,반대로 사인즈 타이어 갈렸나,31,31.0,체코 사인즈는 다시 벌어지네 반대로 사인즈 타이어 갈렸나,체코 사인즈는 다시 벌어지네 반대로 사인즈 타이어 갈렸나,0.1235438659787178,0.2270314246416092,0.343470960855484,0.12455185502767563,0.1013256311416626,0.0800761729478836
2024-03-03 00:53:52,노잼이면 어쩔껀데ㅋㅋㅋㅋㅋㅋㅋㅋㅋ,그래서 니네가 뭘 할 수 있는데ㅋ,31,31.0,노잼이면 어쩔껀데ㅋㅋㅋㅋㅋㅋㅋㅋㅋ 그래서 니네가 뭘 할 수 있는데ㅋ,노잼이면 어쩔껀데ㅋㅋㅋㅋㅋㅋㅋㅋㅋ 그래서 니네가 뭘 할 수 있는데ㅋ,0.10535826534032822,0.2414795160293579,0.21718834340572357,0.23422212898731232,0.08901932835578918,0.11273235827684402
2024-03-03 00:53:55,사전트는 헐크한테도 따이겠노,혼자 걸어다니냐??,31,31.0,사전트는 헐크한테도 따이겠노 혼자 걸어다니냐??,사전트는 헐크한테도 따이겠노 혼자 걸어다니냐??,0.08528874069452286,0.19587333500385284,0.3273868262767792,0.18136221170425415,0.12136074900627136,0.08872808516025543
2024-03-03 00:53:55,퀄리까지는 그래도 재밋엇는데,레이스는 똑같노 작년이랑,31,31.0,퀄리까지는 그래도 재밋엇는데 레이스는 똑같노 작년이랑,퀄리까지는 그래도 재밋엇는데 레이스는 똑같노 작년이랑,0.15705184638500214,0.3330227732658386,0.14335282146930695,0.14863738417625427,0.04959053546190262,0.16834475100040436
2024-03-03 00:53:59,호너피셜)막스는 거품이다,"그는 도저히 지는 bubble 모르는것 같다.
- dc official App",31,31.0,"호너피셜)막스는 거품이다 그는 도저히 지는 bubble 모르는것 같다.
- dc official App",호너피셜)막스는 거품이다 그는 도저히 지는 bubble 모르는것 같다.,0.08160275220870972,0.23857340216636658,0.33483582735061646,0.13125570118427277,0.11560649424791336,0.09812582284212112
2024-03-03 00:54:00,그래도 메페맥 경쟁 보는맛은 있을듯?,차성능에 큰차이가 없어보이는데?,31,31.0,그래도 메페맥 경쟁 보는맛은 있을듯? 차성능에 큰차이가 없어보이는데?,그래도 메페맥 경쟁 보는맛은 있을듯? 차성능에 큰차이가 없어보이는데?,0.19797495007514954,0.27560752630233765,0.2072734236717224,0.14197659492492676,0.06195855885744095,0.11520896106958389
2024-03-03 00:54:08,레드풀 원투 ㅅㅅ,,31,31.0,레드풀 원투 ㅅㅅ ,레드풀 원투 ㅅㅅ,0.7055695056915283,0.10918331891298294,0.06496532261371613,0.055848829448223114,0.02600199542939663,0.03843104839324951
2024-03-03 00:54:16,DRS도 1랩으로 해줬는데,"막가놈좀 따라가보라고 바꿔줬는데
막가놈 FIA에 그냥 좆박아버리노",31,31.0,"DRS도 1랩으로 해줬는데 막가놈좀 따라가보라고 바꿔줬는데
막가놈 FIA에 그냥 좆박아버리노",DRS도 1랩으로 해줬는데 막가놈좀 따라가보라고 바꿔줬는데 막가놈 FIA에 그냥 좆박아버리노,0.09844520688056946,0.1897784024477005,0.16263777017593384,0.30657753348350525,0.07743657380342484,0.1651245504617691
2024-03-03 00:54:17,현재까지 탑 4 성능은 레>페>메=맥 으로 봐야되는 거냐?,ㅇㅇㅇ?,31,31.0,현재까지 탑 4 성능은 레>페>메=맥 으로 봐야되는 거냐? ㅇㅇㅇ?,현재까지 탑 4 성능은 레>페>메=맥 으로 봐야되는 거냐? ㅇㅇㅇ?,0.13912640511989594,0.23113738000392914,0.3459608554840088,0.11229286342859268,0.08584707975387573,0.08563537895679474
2024-03-03 00:54:23,몽골 시발 평소에도 아이레이싱 게임만 한다고?,취미마저 심레이싱게임인 막스 너는 대체 어떤 놈이란 말이냐,31,31.0,몽골 시발 평소에도 아이레이싱 게임만 한다고? 취미마저 심레이싱게임인 막스 너는 대체 어떤 놈이란 말이냐,몽골 시발 평소에도 아이레이싱 게임만 한다고? 취미마저 심레이싱게임인 막스 너는 대체 어떤 놈이란 말이냐,0.08681287616491318,0.1686793565750122,0.26826465129852295,0.24194571375846863,0.10528380423784256,0.1290135383605957
2024-03-03 00:54:28,이 씨발 배민 이새끼들 개사기치네 그냥,개막전 보면서 치킨먹을랬더니 배차까지 1시간이 넘게 걸리노 ㅋㅋ,31,31.0,이 씨발 배민 이새끼들 개사기치네 그냥 개막전 보면서 치킨먹을랬더니 배차까지 1시간이 넘게 걸리노 ㅋㅋ,이 씨발 배민 이새끼들 개사기치네 그냥 개막전 보면서 치킨먹을랬더니 배차까지 1시간이 넘게 걸리노 ㅋㅋ,0.13239841163158417,0.2589520812034607,0.10884145647287369,0.25124290585517883,0.03445647284388542,0.2141086757183075
2024-03-03 00:54:31,오늘 재미없는 진짜 이유),"몽골 1등은 당연한데
페레즈가 2등 유지해서
- dc official App",31,31.0,"오늘 재미없는 진짜 이유) 몽골 1등은 당연한데
페레즈가 2등 유지해서
- dc official App",오늘 재미없는 진짜 이유) 몽골 1등은 당연한데 페레즈가 2등 유지해서,0.10865255445241928,0.35672691464424133,0.170700341463089,0.14198097586631775,0.06453195214271545,0.15740729868412018
2024-03-03 00:54:53,레드불은 팀라디오 못하게 하는 패널티라도 줘야지,수신호랑 보드 써서 핏스탑 시키고,31,31.0,레드불은 팀라디오 못하게 하는 패널티라도 줘야지 수신호랑 보드 써서 핏스탑 시키고,레드불은 팀라디오 못하게 하는 패널티라도 줘야지 수신호랑 보드 써서 핏스탑 시키고,0.1022612601518631,0.20353224873542786,0.17864912748336792,0.2304726392030716,0.042615823447704315,0.242468923330307
2024-03-03 00:54:53,북딱스사망ㅋㅋㅋㅋㅋㅋ,,31,31.0,북딱스사망ㅋㅋㅋㅋㅋㅋ ,북딱스사망ㅋㅋㅋㅋㅋㅋ,0.6158854365348816,0.1485525667667389,0.0880868062376976,0.07103188335895538,0.03231990337371826,0.04412338137626648
2024-03-03 00:54:55,북딱스 멸망 ㅋㅋㅋㅋㅋㅋㅋㅋㅋㅋㅋㅋ,,31,31.0,북딱스 멸망 ㅋㅋㅋㅋㅋㅋㅋㅋㅋㅋㅋㅋ ,북딱스 멸망 ㅋㅋㅋㅋㅋㅋㅋㅋㅋㅋㅋㅋ,0.6717128157615662,0.1241864264011383,0.07719533890485764,0.0637362003326416,0.026509329676628113,0.03665986657142639
2024-03-03 00:54:55,붂딲쓰 좆망 ㅋㅋㅋ,,31,31.0,붂딲쓰 좆망 ㅋㅋㅋ ,붂딲쓰 좆망 ㅋㅋㅋ,0.20668217539787292,0.2739003002643585,0.11754927784204483,0.21168437600135803,0.06448863446712494,0.12569518387317657
2024-03-03 00:54:56,보타스 망 ㅋㅋㅋㅋ,,31,31.0,보타스 망 ㅋㅋㅋㅋ ,보타스 망 ㅋㅋㅋㅋ,0.15130575001239777,0.33575084805488586,0.1631326675415039,0.1565847247838974,0.058455582708120346,0.1347704380750656
2024-03-03 00:54:57,북딱스 좆망 ㅋㅋㅋㅋㅋㅋㅋㅋㅋ,,31,31.0,북딱스 좆망 ㅋㅋㅋㅋㅋㅋㅋㅋㅋ ,북딱스 좆망 ㅋㅋㅋㅋㅋㅋㅋㅋㅋ,0.3294767439365387,0.2771664261817932,0.10774486511945724,0.1469213366508484,0.0487573966383934,0.08993325382471085
2024-03-03 00:54:59,북딱스 모나코의 악몽 할뻔 ㅋㅋㅋㅋ,,31,31.0,북딱스 모나코의 악몽 할뻔 ㅋㅋㅋㅋ ,북딱스 모나코의 악몽 할뻔 ㅋㅋㅋㅋ,0.5824710130691528,0.17686331272125244,0.10345255583524704,0.06314370781183243,0.03562740609049797,0.03844200074672699
2024-03-03 00:55:00,보타스사망ㅋㅋ,ㅋㅋㅋ,31,31.0,보타스사망ㅋㅋ ㅋㅋㅋ,보타스사망ㅋㅋ ㅋㅋㅋ,0.37334340810775757,0.24645349383354187,0.1389516144990921,0.1302700787782669,0.05273452773690224,0.05824673920869827
2024-03-03 00:55:01,스테이크 오버쿡ㅋㅋ,ㅋㅋㅋㅋ,31,31.0,스테이크 오버쿡ㅋㅋ ㅋㅋㅋㅋ,스테이크 오버쿡ㅋㅋ ㅋㅋㅋㅋ,0.7021985054016113,0.10865970700979233,0.07328066229820251,0.05859462171792984,0.02326391078531742,0.03400261700153351
2024-03-03 00:54:59,보타스 좆망ㅋㅋㅋㅋㅋㅋㅋㅋㅋ,,31,31.0,보타스 좆망ㅋㅋㅋㅋㅋㅋㅋㅋㅋ ,보타스 좆망ㅋㅋㅋㅋㅋㅋㅋㅋㅋ,0.11880231648683548,0.3130785822868347,0.15897907316684723,0.18723344802856445,0.06837424635887146,0.1535322517156601
2024-03-03 00:55:01,마그누센 힘내라,"지금 포지션 유지만 해도 잘한기야
화이팅",31,31.0,"마그누센 힘내라 지금 포지션 유지만 해도 잘한기야
화이팅",마그누센 힘내라 지금 포지션 유지만 해도 잘한기야 화이팅,0.5532504320144653,0.1505870223045349,0.1078755259513855,0.06823080778121948,0.05504269525408745,0.06501356512308121
2024-03-03 00:55:01,벝애스 사망,ㅇㅇ,31,31.0,벝애스 사망 ㅇㅇ,벝애스 사망 ㅇㅇ,0.18849064409732819,0.2326647937297821,0.23225249350070953,0.16861331462860107,0.0800338163971901,0.0979449525475502
2024-03-03 00:55:01,에휴 씨발 자우보 병신들,,31,31.0,에휴 씨발 자우보 병신들 ,에휴 씨발 자우보 병신들,0.14187459647655487,0.16463668644428253,0.11921814829111099,0.34349513053894043,0.04183549806475639,0.18893995881080627
2024-03-03 00:55:02,에이씨 셒티카 한번만 니오자,,31,31.0,에이씨 셒티카 한번만 니오자 ,에이씨 셒티카 한번만 니오자,0.330209344625473,0.1815768927335739,0.07551503926515579,0.22086931765079498,0.04197322204709053,0.14985617995262146
2024-03-03 00:55:04,북딱스 ㅋㅋㅋㅋㅋㅋㅋㅋㅋㅋㅋㅋㅋㅋㅋㅋㅋㅋㅋㅋ,ㅋㅇㅂㅂ,31,31.0,북딱스 ㅋㅋㅋㅋㅋㅋㅋㅋㅋㅋㅋㅋㅋㅋㅋㅋㅋㅋㅋㅋ ㅋㅇㅂㅂ,북딱스 ㅋㅋㅋㅋㅋㅋㅋㅋㅋㅋㅋㅋㅋㅋㅋㅋㅋㅋㅋㅋ ㅋㅇㅂㅂ,0.6920557022094727,0.11702368408441544,0.06980325281620026,0.05895007774233818,0.025168906897306442,0.03699834272265434
2024-03-03 00:55:04,와 진심 존니재미없다 암흑기올듯,난 잔다 ㅂㅂ,31,31.0,와 진심 존니재미없다 암흑기올듯 난 잔다 ㅂㅂ,와 진심 존니재미없다 암흑기올듯 난 잔다 ㅂㅂ,0.12088465690612793,0.2947911322116852,0.11259812861680984,0.19498172402381897,0.06753463298082352,0.20920981466770172
2024-03-03 00:55:05,보타스 옛날 생각좀 났겠네 ㅋㅋㅋㅋㅋㅋ,,31,31.0,보타스 옛날 생각좀 났겠네 ㅋㅋㅋㅋㅋㅋ ,보타스 옛날 생각좀 났겠네 ㅋㅋㅋㅋㅋㅋ,0.6877302527427673,0.12268458306789398,0.06854697316884995,0.055352821946144104,0.026648610830307007,0.03903665766119957
2024-03-03 00:55:07,보타스 ptsd?,ㅋㅋㅋㅋㅋ,31,31.0,보타스 ptsd? ㅋㅋㅋㅋㅋ,보타스 ptsd? ㅋㅋㅋㅋㅋ,0.1359342783689499,0.2690684199333191,0.243855282664299,0.16369207203388214,0.10615406930446625,0.08129582554101944
2024-03-03 00:55:08,또 너야 보타스?,이번에도 ㅋㅋ,31,31.0,또 너야 보타스? 이번에도 ㅋㅋ,또 너야 보타스? 이번에도 ㅋㅋ,0.3494203984737396,0.22203329205513,0.2108791023492813,0.08399555832147598,0.084808848798275,0.048862844705581665
2024-03-03 00:55:08,보타스 또 휠건 고장남?ㅋㅋㅋㅋㅋ,ㅋㅋㅋㅋㅋㅋㅋㅋ,31,31.0,보타스 또 휠건 고장남?ㅋㅋㅋㅋㅋ ㅋㅋㅋㅋㅋㅋㅋㅋ,보타스 또 휠건 고장남?ㅋㅋㅋㅋㅋ ㅋㅋㅋㅋㅋㅋㅋㅋ,0.18782514333724976,0.335858017206192,0.1839285045862198,0.13610900938510895,0.07014606893062592,0.08613327890634537
2024-03-03 00:55:09,또 휠넛 문제냐 ㅋㅋㅋㅋㅋㅋ,,31,31.0,또 휠넛 문제냐 ㅋㅋㅋㅋㅋㅋ ,또 휠넛 문제냐 ㅋㅋㅋㅋㅋㅋ,0.08719600737094879,0.2783240079879761,0.20425191521644592,0.20953206717967987,0.07887469232082367,0.1418212354183197
2024-03-03 00:55:10,애마 애매하노,타이어 관리는 괜찮은데 피크 페이스가 너무 차이난다,31,31.0,애마 애매하노 타이어 관리는 괜찮은데 피크 페이스가 너무 차이난다,애마 애매하노 타이어 관리는 괜찮은데 피크 페이스가 너무 차이난다,0.11709142476320267,0.3270209729671478,0.1975555270910263,0.12969934940338135,0.05081703141331673,0.17781570553779602
2024-03-03 00:55:10,이거 모나코에서 본거같은데,ㅇㅇ,31,31.0,이거 모나코에서 본거같은데 ㅇㅇ,이거 모나코에서 본거같은데 ㅇㅇ,0.2884482741355896,0.2248971313238144,0.2876434922218323,0.08270025998353958,0.07849787920713425,0.03781286999583244
2024-03-03 00:55:10,모나코의 악몽 ㅋㅋㅋㅋㅋㅋㅋㅋㅋㅋㅋㅋㅋㅋㅋ,.,31,31.0,모나코의 악몽 ㅋㅋㅋㅋㅋㅋㅋㅋㅋㅋㅋㅋㅋㅋㅋ .,모나코의 악몽 ㅋㅋㅋㅋㅋㅋㅋㅋㅋㅋㅋㅋㅋㅋㅋ .,0.36409398913383484,0.26191604137420654,0.12917961180210114,0.12153524160385132,0.05745796859264374,0.06581712514162064
2024-03-03 00:55:11,보타스햄은 항상,핏스탑에서 멸망이네 ㅋㅋㅋㅋㅋㅋㅋㅋ,31,31.0,보타스햄은 항상 핏스탑에서 멸망이네 ㅋㅋㅋㅋㅋㅋㅋㅋ,보타스햄은 항상 핏스탑에서 멸망이네 ㅋㅋㅋㅋㅋㅋㅋㅋ,0.09212367236614227,0.3403763771057129,0.18418407440185547,0.1534317582845688,0.09579451382160187,0.13408958911895752
2024-03-03 00:55:11,아니 페레즈 왤케 잘타는데 ㅋㅋㅋ,사인지랑 격차 안줄고 페이스 일정함 ㅋㅋ,31,31.0,아니 페레즈 왤케 잘타는데 ㅋㅋㅋ 사인지랑 격차 안줄고 페이스 일정함 ㅋㅋ,아니 페레즈 왤케 잘타는데 ㅋㅋㅋ 사인지랑 격차 안줄고 페이스 일정함 ㅋㅋ,0.571458101272583,0.16426874697208405,0.13476577401161194,0.05782289803028107,0.042300883680582047,0.029383642598986626
2024-03-03 00:55:10,시발 휠넛 또갈렸냐ㅋㅋㅋㅋㅋ,,31,31.0,시발 휠넛 또갈렸냐ㅋㅋㅋㅋㅋ ,시발 휠넛 또갈렸냐ㅋㅋㅋㅋㅋ,0.11229724436998367,0.23861996829509735,0.13356857001781464,0.28150761127471924,0.06326513737440109,0.17074155807495117
2024-03-03 00:55:12,불멍 뭐임??ㅋㅋ,,31,31.0,불멍 뭐임??ㅋㅋ ,불멍 뭐임??ㅋㅋ,0.22376598417758942,0.23962704837322235,0.3094038665294647,0.09376935660839081,0.0810471624135971,0.052386559545993805
2024-03-03 00:55:12,어게인 모나코 ㅋㅋㅋㅋㅋㅋㅋㅋ,- dc official App,31,31.0,어게인 모나코 ㅋㅋㅋㅋㅋㅋㅋㅋ - dc official App,어게인 모나코 ㅋㅋㅋㅋㅋㅋㅋㅋ - dc official App,0.7031979560852051,0.10908954590559006,0.07456126809120178,0.05754987150430679,0.02296575903892517,0.032635677605867386
2024-03-03 00:55:15,저거 시발ㅋㅋㅋㅋㅋ,PTSD 오겠다,32,32.0,저거 시발ㅋㅋㅋㅋㅋ PTSD 오겠다,저거 시발ㅋㅋㅋㅋㅋ PTSD 오겠다,0.12772315740585327,0.18029314279556274,0.12982849776744843,0.3124895393848419,0.05357183888554573,0.1960938423871994
2024-03-03 00:55:16,모나코 PTSDㅋㅋㅋㅋㅋㅋ,,32,32.0,모나코 PTSDㅋㅋㅋㅋㅋㅋ ,모나코 PTSDㅋㅋㅋㅋㅋㅋ,0.1397593468427658,0.2981169521808624,0.1470678746700287,0.19519850611686707,0.08524196594953537,0.13461527228355408
2024-03-03 00:55:16,하드 어게인,,32,32.0,하드 어게인 ,하드 어게인,0.6534780263900757,0.126246839761734,0.08494783937931061,0.06332369893789291,0.02874787710607052,0.04325565695762634
2024-03-03 00:55:17,북딱스 모나코당했노 ㅋㅋㅋㅋㅋㅋㅋㅋ,,32,32.0,북딱스 모나코당했노 ㅋㅋㅋㅋㅋㅋㅋㅋ ,북딱스 모나코당했노 ㅋㅋㅋㅋㅋㅋㅋㅋ,0.5384492874145508,0.18694914877414703,0.11655684560537338,0.06769616901874542,0.04570053890347481,0.04464801773428917
2024-03-03 00:55:17,보타스 모나코의 악몽 입갤 ㅋㅋㅋㅋ,,32,32.0,보타스 모나코의 악몽 입갤 ㅋㅋㅋㅋ ,보타스 모나코의 악몽 입갤 ㅋㅋㅋㅋ,0.49992477893829346,0.19140031933784485,0.10180845111608505,0.10119877010583878,0.04075021296739578,0.06491744518280029
2024-03-03 00:55:17,츠노다 10위노,캬 청일전쟁 왜구승,32,32.0,츠노다 10위노 캬 청일전쟁 왜구승,츠노다 10위노 캬 청일전쟁 왜구승,0.3555334806442261,0.15835343301296234,0.22434674203395844,0.11881844699382782,0.0817781537771225,0.06116974353790283
2024-03-03 00:55:18,쥬지 피트인,ㅇ,32,32.0,쥬지 피트인 ㅇ,쥬지 피트인 ㅇ,0.593153715133667,0.14484386146068573,0.12405946105718613,0.07229749113321304,0.028565553948283195,0.03707987442612648
2024-03-03 00:55:19,보타스 ptsd 온다 ㅋㅋㅋㅋㅋ,ㅋㅋ크ㄴ,32,32.0,보타스 ptsd 온다 ㅋㅋㅋㅋㅋ ㅋㅋ크ㄴ,보타스 ptsd 온다 ㅋㅋㅋㅋㅋ ㅋㅋ크ㄴ,0.22827696800231934,0.23576411604881287,0.10234925150871277,0.257925808429718,0.05592947453260422,0.1197543516755104
2024-03-03 00:55:19,보타스 또 저러네,ㅋㅋㅋ,32,32.0,보타스 또 저러네 ㅋㅋㅋ,보타스 또 저러네 ㅋㅋㅋ,0.12874460220336914,0.2809235751628876,0.1918904036283493,0.20400448143482208,0.10131421685218811,0.09312279522418976
2024-03-03 00:55:19,크리퍼 폭발하농 ㅋㅋㅋ,,32,32.0,크리퍼 폭발하농 ㅋㅋㅋ ,크리퍼 폭발하농 ㅋㅋㅋ,0.6678040027618408,0.12217949330806732,0.09728600084781647,0.05303679406642914,0.029208172112703323,0.030485564842820168
2024-03-03 00:55:20,사우버 ㅅㅂㅋㅋㅋㅋ,,32,32.0,사우버 ㅅㅂㅋㅋㅋㅋ ,사우버 ㅅㅂㅋㅋㅋㅋ,0.26815265417099,0.26444724202156067,0.13600808382034302,0.1927366405725479,0.0568254180252552,0.08182993531227112
2024-03-03 00:55:21,보타스 모나코행동,zzzz,32,32.0,보타스 모나코행동 zzzz,보타스 모나코행동 zzzz,0.6340832710266113,0.12722273170948029,0.10415229946374893,0.07249914854764938,0.02606898359954357,0.035973597317934036
2024-03-03 00:55:22,보타스 휠건 시즌2 ㅋㅋㅋㅋㅋㅋ,,32,32.0,보타스 휠건 시즌2 ㅋㅋㅋㅋㅋㅋ ,보타스 휠건 시즌2 ㅋㅋㅋㅋㅋㅋ,0.6324082612991333,0.1338300257921219,0.09891053289175034,0.07562125474214554,0.02542302943766117,0.03380691632628441
2024-03-03 00:55:24,잠오노,머 추월도 안나오고 슬슬,32,32.0,잠오노 머 추월도 안나오고 슬슬,잠오노 머 추월도 안나오고 슬슬,0.10493461042642593,0.3409716486930847,0.1538819968700409,0.1418488621711731,0.06365755945444107,0.1947052925825119
2024-03-03 00:55:24,불멍 ㅅㅂㅋㅋㅋㅋㅋㅋㅋㅋ,,32,32.0,불멍 ㅅㅂㅋㅋㅋㅋㅋㅋㅋㅋ ,불멍 ㅅㅂㅋㅋㅋㅋㅋㅋㅋㅋ,0.1939157098531723,0.261343389749527,0.15309639275074005,0.22880767285823822,0.0695403665304184,0.09329648315906525
2024-03-03 00:55:24,자우버 뭐하냐?,??,32,32.0,자우버 뭐하냐? ??,자우버 뭐하냐? ??,0.09603748470544815,0.2543337643146515,0.27878060936927795,0.14872971177101135,0.06401854008436203,0.15809985995292664
2024-03-03 00:55:27,보타스 머임?,ㅇ,32,32.0,보타스 머임? ㅇ,보타스 머임? ㅇ,0.2451847940683365,0.22491098940372467,0.3130320906639099,0.09029535949230194,0.07646402716636658,0.05011271312832832
2024-03-03 00:55:29,또 휠넛이야?,모나코 시즌2 입갤ㅋㅋㅋㅋㅋㅋ,32,32.0,또 휠넛이야? 모나코 시즌2 입갤ㅋㅋㅋㅋㅋㅋ,또 휠넛이야? 모나코 시즌2 입갤ㅋㅋㅋㅋㅋㅋ,0.6120225787162781,0.14783993363380432,0.11454310268163681,0.060999881476163864,0.0347169004380703,0.02987762540578842
2024-03-03 00:55:28,52.4ㅋㅋㅋㅋㅋㅋㅋㅋㅋ,,32,32.0,52.4ㅋㅋㅋㅋㅋㅋㅋㅋㅋ ,52.4ㅋㅋㅋㅋㅋㅋㅋㅋㅋ,0.2838267982006073,0.2448035031557083,0.21321427822113037,0.13316069543361664,0.0710952877998352,0.05389943718910217
2024-03-03 00:55:32,52.4 ㅋㅋㅋ,"ㅋㅋㅋ
- dc official App",32,32.0,"52.4 ㅋㅋㅋ ㅋㅋㅋ
- dc official App",52.4 ㅋㅋㅋ ㅋㅋㅋ,0.45378196239471436,0.19957074522972107,0.15070541203022003,0.11081954836845398,0.039628345519304276,0.04549397900700569
2024-03-03 00:55:32,보타스 52초 ㅋㅋㅋㅋㅋㅋㅋㅋㅋㅋㅋㅋㅋ,,32,32.0,보타스 52초 ㅋㅋㅋㅋㅋㅋㅋㅋㅋㅋㅋㅋㅋ ,보타스 52초 ㅋㅋㅋㅋㅋㅋㅋㅋㅋㅋㅋㅋㅋ,0.5642946362495422,0.15606440603733063,0.13338153064250946,0.07685030251741409,0.03550989553332329,0.03389924392104149
2024-03-03 00:55:32,보타스 모나코에서 타이어 안빠졌던게 레전든뎈ㅋㅋㅋ,"갑자기 생각나넼ㅋㅋㅋㅋㅋㅋㅋ
- dc official App",32,32.0,"보타스 모나코에서 타이어 안빠졌던게 레전든뎈ㅋㅋㅋ 갑자기 생각나넼ㅋㅋㅋㅋㅋㅋㅋ
- dc official App",보타스 모나코에서 타이어 안빠졌던게 레전든뎈ㅋㅋㅋ 갑자기 생각나넼ㅋㅋㅋㅋㅋㅋㅋ,0.497785747051239,0.1852310448884964,0.17445163428783417,0.0697462409734726,0.04236482083797455,0.03042050264775753
2024-03-03 00:55:34,52.4,ㄷㄷ,32,32.0,52.4 ㄷㄷ,52.4 ㄷㄷ,0.13325800001621246,0.2124433070421219,0.33854496479034424,0.13073675334453583,0.11993475258350372,0.06508225947618484
2024-03-03 00:55:33,52초면 빠르네,,32,32.0,52초면 빠르네 ,52초면 빠르네,0.25395870208740234,0.23001474142074585,0.29365479946136475,0.0859341025352478,0.08949661999940872,0.04694104194641113
2024-03-03 00:55:34,보타스 PTSDㅋㅋㅋㅋㅋㅋㅋ,왜째서 휠넛ㅋㅋㅋㅋㅋㅋ,32,32.0,보타스 PTSDㅋㅋㅋㅋㅋㅋㅋ 왜째서 휠넛ㅋㅋㅋㅋㅋㅋ,보타스 PTSDㅋㅋㅋㅋㅋㅋㅋ 왜째서 휠넛ㅋㅋㅋㅋㅋㅋ,0.17057131230831146,0.31971651315689087,0.14944609999656677,0.16097904741764069,0.08327995985746384,0.11600707471370697
2024-03-03 00:55:35,안될팀은 뭘해도 안되는거임 ㅋㅋ,안타깝노,32,32.0,안될팀은 뭘해도 안되는거임 ㅋㅋ 안타깝노,안될팀은 뭘해도 안되는거임 ㅋㅋ 안타깝노,0.10398305207490921,0.2660013437271118,0.21891674399375916,0.14797624945640564,0.08465346693992615,0.17846913635730743
2024-03-03 00:55:36,북딱스는 휠너트랑 지독한 악연이네 ㅋㅋ,ㅋㅋ,32,32.0,북딱스는 휠너트랑 지독한 악연이네 ㅋㅋ ㅋㅋ,북딱스는 휠너트랑 지독한 악연이네 ㅋㅋ ㅋㅋ,0.10077310353517532,0.37737780809402466,0.15945979952812195,0.1415225714445114,0.08901891857385635,0.13184784352779388
2024-03-03 00:55:35,52.4 ㅋㅋㅋㅋㅋㅋ,,32,32.0,52.4 ㅋㅋㅋㅋㅋㅋ ,52.4 ㅋㅋㅋㅋㅋㅋ,0.25579214096069336,0.23443223536014557,0.24041275680065155,0.13732434809207916,0.07734605669975281,0.05469248816370964
2024-03-03 00:55:34,52.4ㅋㅋㅋㅋㅋㅋㅋㅋㅋ,,32,32.0,52.4ㅋㅋㅋㅋㅋㅋㅋㅋㅋ ,52.4ㅋㅋㅋㅋㅋㅋㅋㅋㅋ,0.2838267982006073,0.2448035031557083,0.21321427822113037,0.13316069543361664,0.0710952877998352,0.05389943718910217
2024-03-03 00:55:35,52.4ㅋㅋㅋㅋㅋㅋㅋㅋㅋㅋㅋㅋㅋ,,32,32.0,52.4ㅋㅋㅋㅋㅋㅋㅋㅋㅋㅋㅋㅋㅋ ,52.4ㅋㅋㅋㅋㅋㅋㅋㅋㅋㅋㅋㅋㅋ,0.39194977283477783,0.2201816588640213,0.17272533476352692,0.11355705559253693,0.05581878870725632,0.04576734080910683
2024-03-03 00:55:37,보카스 52초ㅋㅋㅋㅋㅋㅋㅋㅋㅋ,ㅋㅋㄲㅋㅋㅋ,32,32.0,보카스 52초ㅋㅋㅋㅋㅋㅋㅋㅋㅋ ㅋㅋㄲㅋㅋㅋ,보카스 52초ㅋㅋㅋㅋㅋㅋㅋㅋㅋ ㅋㅋㄲㅋㅋㅋ,0.6861326098442078,0.12014061212539673,0.0795920342206955,0.058057770133018494,0.024769987910985947,0.031307049095630646
2024-03-03 00:55:41,524입갤 ㅋㅋㅋ,0.1초만 줄이지,32,32.0,524입갤 ㅋㅋㅋ 0.1초만 줄이지,524입갤 ㅋㅋㅋ 0.1초만 줄이지,0.3166404068470001,0.2982558608055115,0.1348712295293808,0.11847666651010513,0.06358518451452255,0.06817058473825455
2024-03-03 00:55:42,52.4 십ㅋㅋㅋ,,32,32.0,52.4 십ㅋㅋㅋ ,52.4 십ㅋㅋㅋ,0.25569722056388855,0.24792493879795074,0.214986190199852,0.1461653858423233,0.07590251415967941,0.05932367965579033
2024-03-03 00:55:44,52초 ㅋㅋㅋㅋ,ㅋㅋㅋㅋ,32,32.0,52초 ㅋㅋㅋㅋ ㅋㅋㅋㅋ,52초 ㅋㅋㅋㅋ ㅋㅋㅋㅋ,0.589335560798645,0.1570834219455719,0.11288774758577347,0.07376059144735336,0.030745184049010277,0.03618745878338814
2024-03-03 00:55:44,1분은 시발 ㅋㅋㅋㅋ,,32,32.0,1분은 시발 ㅋㅋㅋㅋ ,1분은 시발 ㅋㅋㅋㅋ,0.11571287363767624,0.27557572722435,0.17621377110481262,0.22828489542007446,0.06546581536531448,0.13874690234661102
2024-03-03 00:55:44,조졌다ㅋㅋㅋㅋㅋ,,32,32.0,조졌다ㅋㅋㅋㅋㅋ ,조졌다ㅋㅋㅋㅋㅋ,0.568417489528656,0.1557542383670807,0.07470561563968658,0.10466733574867249,0.03170160949230194,0.06475367397069931
2024-03-03 00:55:44,4주에 비하면 빠르노 ㅋㅋㅋㅋㅋㅋ,- dc official App,32,32.0,4주에 비하면 빠르노 ㅋㅋㅋㅋㅋㅋ - dc official App,4주에 비하면 빠르노 ㅋㅋㅋㅋㅋㅋ - dc official App,0.4609956443309784,0.191509410738945,0.19633649289608002,0.06688149273395538,0.052204977720975876,0.03207201138138771
2024-03-03 00:55:42,52.4 ㅋㅋㅋㅋㅋㅋ,모나코보다 빠르다!,32,32.0,52.4 ㅋㅋㅋㅋㅋㅋ 모나코보다 빠르다!,52.4 ㅋㅋㅋㅋㅋㅋ 모나코보다 빠르다!,0.5608426928520203,0.15889932215213776,0.13867679238319397,0.06646741926670074,0.043811000883579254,0.03130273520946503
2024-03-03 00:55:46,그래도이번엔 52시간은 아니노 ㅋㅋ,,32,32.0,그래도이번엔 52시간은 아니노 ㅋㅋ ,그래도이번엔 52시간은 아니노 ㅋㅋ,0.11989957839250565,0.34778496623039246,0.18682625889778137,0.12984751164913177,0.08568273484706879,0.12995895743370056
2024-03-03 00:55:46,52초 ㅋㅋㅋㅋㅋㅋㅋㅋㅋㅋㅋㅋㅋ,자다 왔노 ㅋㅋㅋㅋ,32,32.0,52초 ㅋㅋㅋㅋㅋㅋㅋㅋㅋㅋㅋㅋㅋ 자다 왔노 ㅋㅋㅋㅋ,52초 ㅋㅋㅋㅋㅋㅋㅋㅋㅋㅋㅋㅋㅋ 자다 왔노 ㅋㅋㅋㅋ,0.40497127175331116,0.22572928667068481,0.17155489325523376,0.09885736554861069,0.05479264631867409,0.04409453645348549
2024-03-03 00:55:48,52.4ㅋㅋㅋㅋㅋ,ㅋㅋ,32,32.0,52.4ㅋㅋㅋㅋㅋ ㅋㅋ,52.4ㅋㅋㅋㅋㅋ ㅋㅋ,0.4652106761932373,0.19541582465171814,0.14816144108772278,0.10662498325109482,0.04046393558382988,0.04412318021059036
2024-03-03 00:55:48,보타스 또 휠건문제 ㅋㅋㅋㅋㅋㅋ,혼자 갈아도 저거보다는 빠르겠네 ㅋㅋㅋㅋㅋㅋ,32,32.0,보타스 또 휠건문제 ㅋㅋㅋㅋㅋㅋ 혼자 갈아도 저거보다는 빠르겠네 ㅋㅋㅋㅋㅋㅋ,보타스 또 휠건문제 ㅋㅋㅋㅋㅋㅋ 혼자 갈아도 저거보다는 빠르겠네 ㅋㅋㅋㅋㅋㅋ,0.08770792186260223,0.27559372782707214,0.22967076301574707,0.18990115821361542,0.08535701781511307,0.13176937401294708
2024-03-03 00:55:48,그래도 48시간버단 낫지,"ㅋㅋ
- dc official App",32,32.0,"그래도 48시간버단 낫지 ㅋㅋ
- dc official App",그래도 48시간버단 낫지 ㅋㅋ,0.2636507749557495,0.2894892692565918,0.15174899995326996,0.12101788818836212,0.06314574927091599,0.11094730347394943
2024-03-03 00:55:50,???: 뻑 뻑 가이즈 쒯 쒯 뻑 가이즈 보타스 타이얼 쒯 뻑,,32,32.0,???: 뻑 뻑 가이즈 쒯 쒯 뻑 가이즈 보타스 타이얼 쒯 뻑 ,???: 뻑 뻑 가이즈 쒯 쒯 뻑 가이즈 보타스 타이얼 쒯 뻑,0.38753101229667664,0.20660890638828278,0.20218981802463531,0.10405256599187851,0.04004862532019615,0.05956912040710449
2024-03-03 00:55:52,52.4정도면 시간 재지 마라 걍 ㅋㅋㅋㅋㅋ,ㅋㅋㅋㅋㅋㅋ,32,32.0,52.4정도면 시간 재지 마라 걍 ㅋㅋㅋㅋㅋ ㅋㅋㅋㅋㅋㅋ,52.4정도면 시간 재지 마라 걍 ㅋㅋㅋㅋㅋ ㅋㅋㅋㅋㅋㅋ,0.22526012361049652,0.2790011763572693,0.1741238236427307,0.16382251679897308,0.07011774182319641,0.087674580514431
2024-03-03 00:55:52,48시간>>52초,많이 줄였노ㅋㅋㅋㅋㅋ,32,32.0,48시간>>52초 많이 줄였노ㅋㅋㅋㅋㅋ,48시간>>52초 많이 줄였노ㅋㅋㅋㅋㅋ,0.24994510412216187,0.23941366374492645,0.25233715772628784,0.10978049039840698,0.09833955764770508,0.05018404498696327
2024-03-03 00:55:54,우리나라에서 스태이크 저거 도박 해서 출금 해도 됨?,ㅇㅇ?,32,32.0,우리나라에서 스태이크 저거 도박 해서 출금 해도 됨? ㅇㅇ?,우리나라에서 스태이크 저거 도박 해서 출금 해도 됨? ㅇㅇ?,0.1188502088189125,0.21057334542274475,0.3242489993572235,0.13426269590854645,0.12794150412082672,0.08412322402000427
2024-03-03 00:55:55,같은 차로 크루징하는데 왜 계속 차이가 벌어짐?,"체코도 2등 찍은 후론 사실상 클린에어에서 크루징 아님?
왜 자꾸 벌어짐",32,32.0,"같은 차로 크루징하는데 왜 계속 차이가 벌어짐? 체코도 2등 찍은 후론 사실상 클린에어에서 크루징 아님?
왜 자꾸 벌어짐",같은 차로 크루징하는데 왜 계속 차이가 벌어짐? 체코도 2등 찍은 후론 사실상 클린에어에서 크루징 아님? 왜 자꾸 벌어짐,0.09058194607496262,0.28174370527267456,0.25562161207199097,0.15191203355789185,0.06981872022151947,0.15032191574573517
2024-03-03 00:55:55,북딱스게이야...,하...,32,32.0,북딱스게이야... 하...,북딱스게이야... 하...,0.24279503524303436,0.27111127972602844,0.1646670401096344,0.1199634000658989,0.081285759806633,0.12017742544412613
2024-03-03 00:56:01,아 시발 모나코냐고,"ㅠㅠㅠ
- dc official App",32,32.0,"아 시발 모나코냐고 ㅠㅠㅠ
- dc official App",아 시발 모나코냐고 ㅠㅠㅠ,0.1128900945186615,0.2354162633419037,0.11342234909534454,0.2640000283718109,0.045272096991539,0.22899913787841797
2024-03-03 00:56:03,보타스 저정도면 휠넛이랑 원수졌나,ㅋㅋㅋㅋㅋ,32,32.0,보타스 저정도면 휠넛이랑 원수졌나 ㅋㅋㅋㅋㅋ,보타스 저정도면 휠넛이랑 원수졌나 ㅋㅋㅋㅋㅋ,0.10783614963293076,0.25451990962028503,0.2848837077617645,0.16019676625728607,0.11483274400234222,0.07773073762655258
2024-03-03 00:56:02,저거 보타스 언세이프릴리즈 아닌가,,32,32.0,저거 보타스 언세이프릴리즈 아닌가 ,저거 보타스 언세이프릴리즈 아닌가,0.2149999588727951,0.22878268361091614,0.32435452938079834,0.10815265774726868,0.07296467572450638,0.05074547976255417
2024-03-03 00:56:05,휠넛불량 ㅋㅋㅋㅋㅋ,별진짜 억까는 다받네 ㅋㅋㅋ,32,32.0,휠넛불량 ㅋㅋㅋㅋㅋ 별진짜 억까는 다받네 ㅋㅋㅋ,휠넛불량 ㅋㅋㅋㅋㅋ 별진짜 억까는 다받네 ㅋㅋㅋ,0.0989806205034256,0.22879408299922943,0.1774042397737503,0.2723619341850281,0.0795707106590271,0.14288844168186188
2024-03-03 00:56:09,모나코는 핏스탑 2Day 였었나?,ㅋㅋㅋㅋㅋ,32,32.0,모나코는 핏스탑 2Day 였었나? ㅋㅋㅋㅋㅋ,모나코는 핏스탑 2Day 였었나? ㅋㅋㅋㅋㅋ,0.23900671303272247,0.23867547512054443,0.27716347575187683,0.11481735110282898,0.07518034428358078,0.05515659227967262
2024-03-03 00:56:11,이번엔 시간 아니잖아 한잔해,52.4초 ㅋㅋㅋㅋ,32,32.0,이번엔 시간 아니잖아 한잔해 52.4초 ㅋㅋㅋㅋ,이번엔 시간 아니잖아 한잔해 52.4초 ㅋㅋㅋㅋ,0.4793010354042053,0.20690979063510895,0.10488668829202652,0.10559933632612228,0.03925950825214386,0.06404367834329605
2024-03-03 00:56:11,윙 부서진거아님?,,32,32.0,윙 부서진거아님? ,윙 부서진거아님?,0.12851712107658386,0.20747622847557068,0.3544335961341858,0.12596769630908966,0.09881231933832169,0.0847930908203125
2024-03-03 00:56:11,자우버 시발아ㅋㅋㅋㅋㅋㅋㅋ,시발 진짜ㅋㅋㅋㅋㅋㅋㅋ,32,32.0,자우버 시발아ㅋㅋㅋㅋㅋㅋㅋ 시발 진짜ㅋㅋㅋㅋㅋㅋㅋ,자우버 시발아ㅋㅋㅋㅋㅋㅋㅋ 시발 진짜ㅋㅋㅋㅋㅋㅋㅋ,0.13250717520713806,0.23512563109397888,0.1315203309059143,0.298258900642395,0.06202278658747673,0.14056514203548431
2024-03-03 00:56:14,보타스 프런트윙 왜저러냐,,32,32.0,보타스 프런트윙 왜저러냐 ,보타스 프런트윙 왜저러냐,0.09521444141864777,0.25988543033599854,0.19509613513946533,0.22853435575962067,0.049565639346838,0.17170396447181702
2024-03-03 00:56:15,보타스 52초 걸려놓고 프론트윙도 나갔노 ㅋㅋㅋㅋㅋㅋㅋㅋㅋㅌ,,32,32.0,보타스 52초 걸려놓고 프론트윙도 나갔노 ㅋㅋㅋㅋㅋㅋㅋㅋㅋㅌ ,보타스 52초 걸려놓고 프론트윙도 나갔노 ㅋㅋㅋㅋㅋㅋㅋㅋㅋㅌ,0.14186115562915802,0.24347476661205292,0.2636856734752655,0.17599491775035858,0.09396593272686005,0.08101753145456314
2024-03-03 00:56:25,보타스 프론트 윙은 왜저러냐 ㅋㅋㅋ,ㅋㅋㅋㅋㅋㅋㅋ 꺽였노 ㅋㅋㅋ,32,32.0,보타스 프론트 윙은 왜저러냐 ㅋㅋㅋ ㅋㅋㅋㅋㅋㅋㅋ 꺽였노 ㅋㅋㅋ,보타스 프론트 윙은 왜저러냐 ㅋㅋㅋ ㅋㅋㅋㅋㅋㅋㅋ 꺽였노 ㅋㅋㅋ,0.13970284163951874,0.34910455346107483,0.22092068195343018,0.13229747116565704,0.07526277005672455,0.08271163702011108
2024-03-03 00:56:27,50초면 프론트윙 갈아도 됬다,- dc official App,32,32.0,50초면 프론트윙 갈아도 됬다 - dc official App,50초면 프론트윙 갈아도 됬다 - dc official App,0.37191271781921387,0.2175622135400772,0.19210781157016754,0.1007155105471611,0.048731476068496704,0.06897028535604477
2024-03-03 00:56:27,피트인 희생의 아이콘 보타스 ㅋㅋㅋㅋㅋ,"AI 이미지가 생성되었습니다.
새로고침(F5) 해 주세요.
프롬프트
F1 bottas pit in
네거티브
프롬프트
샘플링
DPM++ 2M Karras
스타일
None
리플레이도 다 못보여줌 ㅋㅋㅋㅋㅋ",32,32.0,"피트인 희생의 아이콘 보타스 ㅋㅋㅋㅋㅋ AI 이미지가 생성되었습니다.
새로고침(F5) 해 주세요.
프롬프트
F1 bottas pit in
네거티브
프롬프트
샘플링
DPM++ 2M Karras
스타일
None
리플레이도 다 못보여줌 ㅋㅋㅋㅋㅋ",피트인 희생의 아이콘 보타스 ㅋㅋㅋㅋㅋ AI 이미지가 생성되었습니다. 새로고침(F5) 해 주세요. 프롬프트 F1 bottas pit in 네거티브 프롬프트 샘플링 DPM++ 2M Karras 스타일 None 리플레이도 다 못보여줌 ㅋㅋㅋㅋㅋ,0.4804964065551758,0.18927276134490967,0.12604451179504395,0.10539057850837708,0.045913126319646835,0.052882660180330276
2024-03-03 00:56:29,저래도 p20이 아니네 ㅋㅋㅋㅋㅋㅋㅋ,- dc official App,32,32.0,저래도 p20이 아니네 ㅋㅋㅋㅋㅋㅋㅋ - dc official App,저래도 p20이 아니네 ㅋㅋㅋㅋㅋㅋㅋ - dc official App,0.1250797063112259,0.2722013592720032,0.25352296233177185,0.1595926284790039,0.10378935933113098,0.08581400662660599
2024-03-03 00:56:29,막스놈 몇초 갭 만들고 우승할까,한 30초 만들고싶을듯 ㅋㅋ,32,32.0,막스놈 몇초 갭 만들고 우승할까 한 30초 만들고싶을듯 ㅋㅋ,막스놈 몇초 갭 만들고 우승할까 한 30초 만들고싶을듯 ㅋㅋ,0.3503846228122711,0.20911858975887299,0.2193000614643097,0.10371020436286926,0.07268090546131134,0.04480558633804321
2024-03-03 00:56:31,그래도 사전트보다 빠른건 ㅅㅂㅋㅋㅋ,- dc official App,32,32.0,그래도 사전트보다 빠른건 ㅅㅂㅋㅋㅋ - dc official App,그래도 사전트보다 빠른건 ㅅㅂㅋㅋㅋ - dc official App,0.13040009140968323,0.28621840476989746,0.17779766023159027,0.20212899148464203,0.08622424304485321,0.117230623960495
2024-03-03 00:56:32,모나코 리타때도 왼쪽 앞바퀴 아니였음?,- dc official App,32,32.0,모나코 리타때도 왼쪽 앞바퀴 아니였음? - dc official App,모나코 리타때도 왼쪽 앞바퀴 아니였음? - dc official App,0.1751568615436554,0.22453218698501587,0.3428575396537781,0.11105453968048096,0.08288105577230453,0.06351776421070099
2024-03-03 00:56:32,새 넛트 가져올시간에 프론트윙 갈라고 ㅅㅂ,센스가없어 프로들이,32,32.0,새 넛트 가져올시간에 프론트윙 갈라고 ㅅㅂ 센스가없어 프로들이,새 넛트 가져올시간에 프론트윙 갈라고 ㅅㅂ 센스가없어 프로들이,0.08817391842603683,0.2758190631866455,0.14955905079841614,0.24124425649642944,0.04526086524128914,0.1999429166316986
2024-03-03 00:56:39,보타스 모나코 시즌 2 찍을뻔 ㅋㅋㅋ,참 휠건이랑 악연이 ㅋㅋㅋ,32,32.0,보타스 모나코 시즌 2 찍을뻔 ㅋㅋㅋ 참 휠건이랑 악연이 ㅋㅋㅋ,보타스 모나코 시즌 2 찍을뻔 ㅋㅋㅋ 참 휠건이랑 악연이 ㅋㅋㅋ,0.15023478865623474,0.36366355419158936,0.13829314708709717,0.1319500207901001,0.08942623436450958,0.12643231451511383
2024-03-03 00:56:43,사전트 얘는 혼자 F3 차 탔냐?,저 새끼는 방학 때 F1 명함달고 클럽만 다녔나 ㅋㅋㅋㅋㅋ,32,32.0,사전트 얘는 혼자 F3 차 탔냐? 저 새끼는 방학 때 F1 명함달고 클럽만 다녔나 ㅋㅋㅋㅋㅋ,사전트 얘는 혼자 F3 차 탔냐? 저 새끼는 방학 때 F1 명함달고 클럽만 다녔나 ㅋㅋㅋㅋㅋ,0.1135224848985672,0.20402196049690247,0.2277311235666275,0.2582731544971466,0.07725413888692856,0.11919716745615005
2024-03-03 00:56:48,메르 이 병신들은 피트스탑 시간이 어째 똑같냐,"작년에 돈 없어서 휠건 신형 못 만들어서 이번에 바꿨을텐데 이 새끼들은 맨날 2.9초 나오네
얘들도 어지간히 답없는 새끼들임",32,32.0,"메르 이 병신들은 피트스탑 시간이 어째 똑같냐 작년에 돈 없어서 휠건 신형 못 만들어서 이번에 바꿨을텐데 이 새끼들은 맨날 2.9초 나오네
얘들도 어지간히 답없는 새끼들임",메르 이 병신들은 피트스탑 시간이 어째 똑같냐 작년에 돈 없어서 휠건 신형 못 만들어서 이번에 바꿨을텐데 이 새끼들은 맨날 2.9초 나오네 얘들도 어지간히 답없는 새끼들임,0.09125138074159622,0.16604793071746826,0.1558031290769577,0.3058241009712219,0.05337498337030411,0.22769851982593536
2024-03-03 00:56:51,아니 왜 프론트 윙은 안가는건데 자우버 저새끼들은ㅋㅋㅋㅋㅋ,,32,32.0,아니 왜 프론트 윙은 안가는건데 자우버 저새끼들은ㅋㅋㅋㅋㅋ ,아니 왜 프론트 윙은 안가는건데 자우버 저새끼들은ㅋㅋㅋㅋㅋ,0.09537249803543091,0.23429933190345764,0.15994660556316376,0.28691530227661133,0.06105545908212662,0.162410706281662
2024-03-03 00:56:54,아니 보타스가 52초 서있었는데도 20위인 사전트는 뭐냐,"ㄷㄷ
- dc official App",33,33.0,"아니 보타스가 52초 서있었는데도 20위인 사전트는 뭐냐 ㄷㄷ
- dc official App",아니 보타스가 52초 서있었는데도 20위인 사전트는 뭐냐 ㄷㄷ,0.08190054446458817,0.2515352666378021,0.2612836956977844,0.18256120383739471,0.09844139963388443,0.12427786737680435
2024-03-03 00:56:54,손으로 조이노 ㅋㅋㅋㅋ,ㅋㅋㅋㅋㅋㅋㅋㅋㅋ,33,33.0,손으로 조이노 ㅋㅋㅋㅋ ㅋㅋㅋㅋㅋㅋㅋㅋㅋ,손으로 조이노 ㅋㅋㅋㅋ ㅋㅋㅋㅋㅋㅋㅋㅋㅋ,0.6299681663513184,0.14770422875881195,0.10292040556669235,0.06013137474656105,0.02891564555466175,0.030360205098986626
2024-03-03 00:56:58,사인지 페레즈랑 격차 늘어나노,"3초대 입갤 ㄷㄷ
오늘 함 보여주나?",33,33.0,"사인지 페레즈랑 격차 늘어나노 3초대 입갤 ㄷㄷ
오늘 함 보여주나?",사인지 페레즈랑 격차 늘어나노 3초대 입갤 ㄷㄷ 오늘 함 보여주나?,0.1380341649055481,0.23800531029701233,0.3262585997581482,0.1080758348107338,0.11990733444690704,0.06971871852874756
2024-03-03 00:57:00,보타스 짠돌이련 피트크루한테 밥좀사라고,안사주니까 일부러 망치잖아,33,33.0,보타스 짠돌이련 피트크루한테 밥좀사라고 안사주니까 일부러 망치잖아,보타스 짠돌이련 피트크루한테 밥좀사라고 안사주니까 일부러 망치잖아,0.10547970235347748,0.17849771678447723,0.15489788353443146,0.31977617740631104,0.057114750146865845,0.18423378467559814
2024-03-03 00:57:02,아 씨발 에프원오늘 첨보는데 존너 재미없네,민교방송이나볼껄,33,33.0,아 씨발 에프원오늘 첨보는데 존너 재미없네 민교방송이나볼껄,아 씨발 에프원오늘 첨보는데 존너 재미없네 민교방송이나볼껄,0.12203525751829147,0.3026573657989502,0.12977609038352966,0.21158798038959503,0.04777408391237259,0.18616923689842224
2024-03-03 00:57:04,프런트윙 또 해먹음?,개판이네,33,33.0,프런트윙 또 해먹음? 개판이네,프런트윙 또 해먹음? 개판이네,0.08982031047344208,0.21824941039085388,0.24490416049957275,0.1929168403148651,0.060143884271383286,0.1939653605222702
2024-03-03 00:57:06,사전트랑 막스랑 차 바꿔타자 그래야 재밌다,- dc official App,33,33.0,사전트랑 막스랑 차 바꿔타자 그래야 재밌다 - dc official App,사전트랑 막스랑 차 바꿔타자 그래야 재밌다 - dc official App,0.6202898621559143,0.1385311633348465,0.09697400778532028,0.07199105620384216,0.03266081213951111,0.03955310583114624
2024-03-03 00:57:07,막스는 졸음운전 안하냐,,33,33.0,막스는 졸음운전 안하냐 ,막스는 졸음운전 안하냐,0.18492430448532104,0.24104991555213928,0.26148560643196106,0.10055083781480789,0.13127057254314423,0.08071879297494888
2024-03-03 00:57:08,모두가 인정하고 세상이 놀랄 소신발언,"이 새끼 그냥 트로피 미리 주고
20그리드 출발 시켜서 얼마나 올라오는지
그거나 구경하자",33,33.0,"모두가 인정하고 세상이 놀랄 소신발언 이 새끼 그냥 트로피 미리 주고
20그리드 출발 시켜서 얼마나 올라오는지
그거나 구경하자",모두가 인정하고 세상이 놀랄 소신발언 이 새끼 그냥 트로피 미리 주고 20그리드 출발 시켜서 얼마나 올라오는지 그거나 구경하자,0.14519944787025452,0.1896192729473114,0.22651933133602142,0.19447840750217438,0.13016967475414276,0.11401388049125671
2024-03-03 00:57:10,피트 52초 걸렸는데 왜 19위노,아오 사전트시치,33,33.0,피트 52초 걸렸는데 왜 19위노 아오 사전트시치,피트 52초 걸렸는데 왜 19위노 아오 사전트시치,0.10020273178815842,0.2735412120819092,0.11682550609111786,0.24508777260780334,0.04492749646306038,0.2194153070449829
2024-03-03 00:57:10,몽골 10랩당 한번 출연ㅋㅋㅋㅋㅋ 그래도 자주나오네,ㅋㅋㅋ,33,33.0,몽골 10랩당 한번 출연ㅋㅋㅋㅋㅋ 그래도 자주나오네 ㅋㅋㅋ,몽골 10랩당 한번 출연ㅋㅋㅋㅋㅋ 그래도 자주나오네 ㅋㅋㅋ,0.5592395067214966,0.17129060626029968,0.12812168896198273,0.06670235842466354,0.043651457875967026,0.030994359403848648
2024-03-03 00:57:11,흠 이번엔 주차를 조금 삐딱하게 하긴 했는데ㅋㅋ,ㅋㅋㅋㅋ,33,33.0,흠 이번엔 주차를 조금 삐딱하게 하긴 했는데ㅋㅋ ㅋㅋㅋㅋ,흠 이번엔 주차를 조금 삐딱하게 하긴 했는데ㅋㅋ ㅋㅋㅋㅋ,0.23016253113746643,0.33756738901138306,0.16368475556373596,0.11909697204828262,0.06651278585195541,0.08297571539878845
2024-03-03 00:57:14,보타스 PTSD 오겠네,저런걸 두번이나 ㅋㅋㅋ 세상에,33,33.0,보타스 PTSD 오겠네 저런걸 두번이나 ㅋㅋㅋ 세상에,보타스 PTSD 오겠네 저런걸 두번이나 ㅋㅋㅋ 세상에,0.11200391501188278,0.20131926238536835,0.24305343627929688,0.19862329959869385,0.11053803563117981,0.13446201384067535
2024-03-03 00:57:14,보카스 한국와서 굿이나 하고 가라 ㅋㅋㅋ,,33,33.0,보카스 한국와서 굿이나 하고 가라 ㅋㅋㅋ ,보카스 한국와서 굿이나 하고 가라 ㅋㅋㅋ,0.6770147085189819,0.1195153295993805,0.07022036612033844,0.05954251065850258,0.03320793807506561,0.04049918055534363
2024-03-03 00:57:19,??: 그 정도면 차 한잔 해라,,33,33.0,??: 그 정도면 차 한잔 해라 ,??: 그 정도면 차 한잔 해라,0.338177353143692,0.28319302201271057,0.14830413460731506,0.09011191129684448,0.058583084493875504,0.08163055777549744
2024-03-03 00:57:19,레드불 특) 막스 잡아주면 뭔일났나 놀람,.,33,33.0,레드불 특) 막스 잡아주면 뭔일났나 놀람 .,레드불 특) 막스 잡아주면 뭔일났나 놀람 .,0.1346530318260193,0.26394468545913696,0.3072564899921417,0.11057568341493607,0.11722318828105927,0.0663469210267067
2024-03-03 00:57:31,페레즈는 왤케 못따라감,딱히 사인츠랑 배틀하는 것도 아닌 거 같은데,33,33.0,페레즈는 왤케 못따라감 딱히 사인츠랑 배틀하는 것도 아닌 거 같은데,페레즈는 왤케 못따라감 딱히 사인츠랑 배틀하는 것도 아닌 거 같은데,0.07889552414417267,0.3062044382095337,0.22235015034675598,0.15782886743545532,0.05864673852920532,0.17607426643371582
2024-03-03 00:57:30,한나눈나 ㅋㅋ,,33,33.0,한나눈나 ㅋㅋ ,한나눈나 ㅋㅋ,0.6810023188591003,0.11840036511421204,0.07794015109539032,0.05746395140886307,0.028370589017868042,0.036822665482759476
2024-03-03 00:57:39,키미의 드링크 버튼 vs 북딱스의 피트인,가슴이 웅장해지네..,33,33.0,키미의 드링크 버튼 vs 북딱스의 피트인 가슴이 웅장해지네..,키미의 드링크 버튼 vs 북딱스의 피트인 가슴이 웅장해지네..,0.6561362147331238,0.13676297664642334,0.09281095117330551,0.050735943019390106,0.03374535217881203,0.029808614403009415
2024-03-03 00:57:45,썅련놈 드디어 자우버 추월 ㅋㅋ,,33,33.0,썅련놈 드디어 자우버 추월 ㅋㅋ ,썅련놈 드디어 자우버 추월 ㅋㅋ,0.21774521470069885,0.1962462216615677,0.17859609425067902,0.20894913375377655,0.09837569296360016,0.10008764266967773
2024-03-03 00:57:49,얼추 구도가 1황 3강 5중약 1최약 나오겠네,F1.5중엔 그래도 애마가 제일 빠른거같은데,33,33.0,얼추 구도가 1황 3강 5중약 1최약 나오겠네 F1.5중엔 그래도 애마가 제일 빠른거같은데,얼추 구도가 1황 3강 5중약 1최약 나오겠네 F1.5중엔 그래도 애마가 제일 빠른거같은데,0.20110568404197693,0.24926066398620605,0.2922140061855316,0.10510113090276718,0.06687627732753754,0.0854422077536583
2024-03-03 00:57:55,올해는 좀 카메라 중계가 맛이 없노,- dc official App,33,33.0,올해는 좀 카메라 중계가 맛이 없노 - dc official App,올해는 좀 카메라 중계가 맛이 없노 - dc official App,0.15713921189308167,0.31573250889778137,0.12332380563020706,0.16495150327682495,0.038221053779125214,0.20063188672065735
2024-03-03 00:57:55,막스는 팀라디오 말고 라디오 달아줘도 될듯,졸음운전 방지,33,33.0,막스는 팀라디오 말고 라디오 달아줘도 될듯 졸음운전 방지,막스는 팀라디오 말고 라디오 달아줘도 될듯 졸음운전 방지,0.19128786027431488,0.2754819095134735,0.27822986245155334,0.0844954401254654,0.09172537922859192,0.07877957820892334
2024-03-03 00:57:56,도련놈 저건 넘기네,"+ dc official App
- dc official App",33,33.0,"도련놈 저건 넘기네 + dc official App
- dc official App",도련놈 저건 넘기네 + dc official App,0.4055931866168976,0.2412085235118866,0.14010436832904816,0.1110704243183136,0.03724541515111923,0.06477804481983185
2024-03-03 00:57:58,레드불 여자 누구임?,ㅇㅇ,33,33.0,레드불 여자 누구임? ㅇㅇ,레드불 여자 누구임? ㅇㅇ,0.20312842726707458,0.20998384058475494,0.3428157866001129,0.09955228865146637,0.09491521120071411,0.049604468047618866
2024-03-03 00:57:59,착해져라 반항하지 말고,- dc official App,33,33.0,착해져라 반항하지 말고 - dc official App,착해져라 반항하지 말고 - dc official App,0.2563760578632355,0.20754408836364746,0.2496221363544464,0.11405964940786362,0.0938129723072052,0.07858507335186005
2024-03-03 00:58:05,야르스타펜 결국 25초 넘게 차이내고 막판 패랩까지 가져갈듯ㅋㅋㅋㅋㅋㅋㅋ,작년에 많이 보던거,33,33.0,야르스타펜 결국 25초 넘게 차이내고 막판 패랩까지 가져갈듯ㅋㅋㅋㅋㅋㅋㅋ 작년에 많이 보던거,야르스타펜 결국 25초 넘게 차이내고 막판 패랩까지 가져갈듯ㅋㅋㅋㅋㅋㅋㅋ 작년에 많이 보던거,0.4930992126464844,0.1781688928604126,0.15200619399547577,0.09093110263347626,0.04598105698823929,0.03981344774365425
2024-03-03 00:58:11,막스 설마,그랜드 슬램 달성하냐?,33,33.0,막스 설마 그랜드 슬램 달성하냐?,막스 설마 그랜드 슬램 달성하냐?,0.24411730468273163,0.20631524920463562,0.3146674335002899,0.09167502075433731,0.10081677883863449,0.042408235371112823
2024-03-03 00:58:13,???: 휠넛때문에 52초 걸렸다구요?,우리는 43시간 15분 걸렸는데,33,33.0,???: 휠넛때문에 52초 걸렸다구요? 우리는 43시간 15분 걸렸는데,???: 휠넛때문에 52초 걸렸다구요? 우리는 43시간 15분 걸렸는데,0.09729205816984177,0.2588467597961426,0.23725704848766327,0.18081343173980713,0.10484695434570312,0.1209438145160675
2024-03-03 00:58:20,오늘 호너 안나왔음?,한번도 카메라에 안보여주네,33,33.0,오늘 호너 안나왔음? 한번도 카메라에 안보여주네,오늘 호너 안나왔음? 한번도 카메라에 안보여주네,0.11047939956188202,0.34649738669395447,0.22911563515663147,0.11816612631082535,0.08012325316667557,0.11561819165945053
2024-03-03 00:58:22,샐캡 하면서 노잼된것같다,"페라리 치팅시절 메르가 페라리 잡으려고 꾸역꾸역 업뎃하고
매경기 햄보막이여도 레드불도 돈 써가면서 꾸역꾸역 올라왔는데
지금은 머 방향성 잘못잡으면 돈도 못 때려붓고
그렇다고 하위권팀들의 엄청나게 발전된것도 아니고
빅팀들 매경기 업뎃 구경하던 시절이 좋았다",33,33.0,"샐캡 하면서 노잼된것같다 페라리 치팅시절 메르가 페라리 잡으려고 꾸역꾸역 업뎃하고
매경기 햄보막이여도 레드불도 돈 써가면서 꾸역꾸역 올라왔는데
지금은 머 방향성 잘못잡으면 돈도 못 때려붓고
그렇다고 하위권팀들의 엄청나게 발전된것도 아니고
빅팀들 매경기 업뎃 구경하던 시절이 좋았다",샐캡 하면서 노잼된것같다 페라리 치팅시절 메르가 페라리 잡으려고 꾸역꾸역 업뎃하고 매경기 햄보막이여도 레드불도 돈 써가면서 꾸역꾸역 올라왔는데 지금은 머 방향성 잘못잡으면 돈도 못 때려붓고 그렇다고 하위권팀들의 엄청나게 발전된것도 아니고 빅팀들 매경기 업뎃 구경하던 시절이 좋았다,0.08761073648929596,0.2901800274848938,0.16882285475730896,0.15178050100803375,0.08275754004716873,0.21884828805923462
2024-03-03 00:58:24,알핀은 진짜 개좆망했네,사실상 레이스아웃수준인 두놈 빼면 리버스 원투,33,33.0,알핀은 진짜 개좆망했네 사실상 레이스아웃수준인 두놈 빼면 리버스 원투,알핀은 진짜 개좆망했네 사실상 레이스아웃수준인 두놈 빼면 리버스 원투,0.07528872787952423,0.29479166865348816,0.24472202360630035,0.1475890725851059,0.08453048020601273,0.15307797491550446
2024-03-03 00:58:26,피트인 보는사이에 맥 많이올라왔네,,33,33.0,피트인 보는사이에 맥 많이올라왔네 ,피트인 보는사이에 맥 많이올라왔네,0.624075174331665,0.15625588595867157,0.09503588080406189,0.05467453971505165,0.03139067441225052,0.038567915558815
2024-03-03 00:58:26,사전트는 왜 리타 안하냐,막가놈 꽂아주지,33,33.0,사전트는 왜 리타 안하냐 막가놈 꽂아주지,사전트는 왜 리타 안하냐 막가놈 꽂아주지,0.11207695305347443,0.25664934515953064,0.1534481942653656,0.24757960438728333,0.03517423942685127,0.1950717270374298
2024-03-03 00:58:30,퀄리파잉은 개꿀잼이었는데,레이스는 시발..,33,33.0,퀄리파잉은 개꿀잼이었는데 레이스는 시발..,퀄리파잉은 개꿀잼이었는데 레이스는 시발..,0.15558770298957825,0.2970881462097168,0.11632423102855682,0.19609646499156952,0.04652473330497742,0.18837870657444
2024-03-03 00:58:34,둘다 초록색계열인데 어쩜 저렇게 한놈만 좆같은색이냐,에마는 이쁜데,34,34.0,둘다 초록색계열인데 어쩜 저렇게 한놈만 좆같은색이냐 에마는 이쁜데,둘다 초록색계열인데 어쩜 저렇게 한놈만 좆같은색이냐 에마는 이쁜데,0.09422393143177032,0.2631728947162628,0.20376138389110565,0.21530424058437347,0.08282607793807983,0.14071141183376312
2024-03-03 00:58:35,맥라렌 듀오는 계속 붙어있네,"물 알
- dc official App",34,34.0,"맥라렌 듀오는 계속 붙어있네 물 알
- dc official App",맥라렌 듀오는 계속 붙어있네 물 알,0.08584660291671753,0.3313439190387726,0.21717824041843414,0.16823622584342957,0.07076400518417358,0.1266309767961502
2024-03-03 00:58:37,레레페페맥맥.png,정직하네 ㅋㅋㅋㅋㅋㅋㅋㅋㅋ,34,34.0,레레페페맥맥.png 정직하네 ㅋㅋㅋㅋㅋㅋㅋㅋㅋ,레레페페맥맥.png 정직하네 ㅋㅋㅋㅋㅋㅋㅋㅋㅋ,0.6208319664001465,0.14108571410179138,0.11222783476114273,0.06430044770240784,0.03310966119170189,0.028444426134228706
2024-03-03 00:58:50,사전트랑 막스랑 위치 바꿔줘라,막스 심심하겠다,34,34.0,사전트랑 막스랑 위치 바꿔줘라 막스 심심하겠다,사전트랑 막스랑 위치 바꿔줘라 막스 심심하겠다,0.19063688814640045,0.31042659282684326,0.18259018659591675,0.11814446747303009,0.07649051398038864,0.12171134352684021
2024-03-03 00:58:51,셒카 호출기 없으니까 허전하네,- dc official App,34,34.0,셒카 호출기 없으니까 허전하네 - dc official App,셒카 호출기 없으니까 허전하네 - dc official App,0.3359367847442627,0.26874062418937683,0.14046639204025269,0.10135906934738159,0.043052393943071365,0.11044473946094513
2024-03-03 00:58:52,레드불 문제터져도 조또 상관없는 문제가 터지노 ㅋㅋㅋ,달리는거랑 뭔상관이노 ㅋㅋㅋ,34,34.0,레드불 문제터져도 조또 상관없는 문제가 터지노 ㅋㅋㅋ 달리는거랑 뭔상관이노 ㅋㅋㅋ,레드불 문제터져도 조또 상관없는 문제가 터지노 ㅋㅋㅋ 달리는거랑 뭔상관이노 ㅋㅋㅋ,0.09944044798612595,0.27847594022750854,0.15596458315849304,0.2568655014038086,0.06772064417600632,0.14153291285037994
2024-03-03 00:58:53,와 진짜 존나 재미없다,아이레이싱이나ㅜ할걸,34,34.0,와 진짜 존나 재미없다 아이레이싱이나ㅜ할걸,와 진짜 존나 재미없다 아이레이싱이나ㅜ할걸,0.11411852389574051,0.3126583695411682,0.14239566028118134,0.1941581815481186,0.060226332396268845,0.176442950963974
2024-03-03 00:58:53,알핀은 진짜 레이스도 꼴등이네,"보카스 사전트 다 뭔일 있어서 밑인거니까
그냥 알핀은 조진거네
- dc official App",34,34.0,"알핀은 진짜 레이스도 꼴등이네 보카스 사전트 다 뭔일 있어서 밑인거니까
그냥 알핀은 조진거네
- dc official App",알핀은 진짜 레이스도 꼴등이네 보카스 사전트 다 뭔일 있어서 밑인거니까 그냥 알핀은 조진거네,0.06878963857889175,0.23683953285217285,0.2944315969944,0.1493729054927826,0.09606246650218964,0.15450382232666016
2024-03-03 00:58:58,러셀 피트인 했었음? 언제 내려갔대,바꾸기 전도 하드 아녔나,34,34.0,러셀 피트인 했었음? 언제 내려갔대 바꾸기 전도 하드 아녔나,러셀 피트인 했었음? 언제 내려갔대 바꾸기 전도 하드 아녔나,0.13750694692134857,0.2123563438653946,0.35370954871177673,0.12533631920814514,0.10083206743001938,0.07025883346796036
2024-03-03 00:59:06,개추 시 세이프티카 나옴,,34,34.0,개추 시 세이프티카 나옴 ,개추 시 세이프티카 나옴,0.6840479373931885,0.1177317351102829,0.07599825412034988,0.059264715760946274,0.026163047179579735,0.0367942713201046
2024-03-03 00:59:10,GP2엔진ㅋㅋㅋㅋ,- dc official App,34,34.0,GP2엔진ㅋㅋㅋㅋ - dc official App,GP2엔진ㅋㅋㅋㅋ - dc official App,0.5895444750785828,0.14145998656749725,0.12434281408786774,0.07884527742862701,0.030214382335543633,0.035592999309301376
2024-03-03 00:59:13,르끌무전),"브레이킹할때마다 차가 어떻게갈지 예상이안댄다
좃같음을 토로중 ㅋㅋㅋ",34,34.0,"르끌무전) 브레이킹할때마다 차가 어떻게갈지 예상이안댄다
좃같음을 토로중 ㅋㅋㅋ",르끌무전) 브레이킹할때마다 차가 어떻게갈지 예상이안댄다 좃같음을 토로중 ㅋㅋㅋ,0.0906541720032692,0.29423660039901733,0.1284869909286499,0.24191811680793762,0.06678102165460587,0.17792314291000366
2024-03-03 00:59:15,유키 포인트 얻을수 있냐,"+ dc official App
저거 왤케 불안하지
- dc official App",34,34.0,"유키 포인트 얻을수 있냐 + dc official App
저거 왤케 불안하지
- dc official App",유키 포인트 얻을수 있냐 + dc official App 저거 왤케 불안하지,0.2227691113948822,0.23351173102855682,0.2885497808456421,0.09252772480249405,0.0913047045469284,0.07133691757917404
2024-03-03 00:59:24,메르 바닥 너무 긁는거 아니냐?,"실격당하는거아님?
- dc official App",34,34.0,"메르 바닥 너무 긁는거 아니냐? 실격당하는거아님?
- dc official App",메르 바닥 너무 긁는거 아니냐? 실격당하는거아님?,0.07638578116893768,0.2362494319677353,0.3197017312049866,0.14712588489055634,0.10350315272808075,0.1170339584350586
2024-03-03 00:59:26,역시나가 역시나네,작년이랑 달라진게 없다 시발 ㅋㅋㅋㅋㅋ,34,34.0,역시나가 역시나네 작년이랑 달라진게 없다 시발 ㅋㅋㅋㅋㅋ,역시나가 역시나네 작년이랑 달라진게 없다 시발 ㅋㅋㅋㅋㅋ,0.09555099904537201,0.2306952178478241,0.11806833744049072,0.2620178461074829,0.052302807569503784,0.24136479198932648
2024-03-03 00:59:32,러셀 바닥에 불꽃 너무 튀는데,"저거 괜찮은건가
직선에서도 반짝반짝거리노",34,34.0,"러셀 바닥에 불꽃 너무 튀는데 저거 괜찮은건가
직선에서도 반짝반짝거리노",러셀 바닥에 불꽃 너무 튀는데 저거 괜찮은건가 직선에서도 반짝반짝거리노,0.20149098336696625,0.23722413182258606,0.29932883381843567,0.09834116697311401,0.10438133776187897,0.059233538806438446
2024-03-03 00:59:35,소신발언) 좆노잼임,변수도 없고 큰 배틀도 없고,34,34.0,소신발언) 좆노잼임 변수도 없고 큰 배틀도 없고,소신발언) 좆노잼임 변수도 없고 큰 배틀도 없고,0.11139053106307983,0.3099749684333801,0.17048223316669464,0.17616629600524902,0.05908001959323883,0.17290595173835754
2024-03-03 00:59:39,물탕이는 씨발 조용하게 느리네,ㅋ..,34,34.0,물탕이는 씨발 조용하게 느리네 ㅋ..,물탕이는 씨발 조용하게 느리네 ㅋ..,0.10452365130186081,0.3709677457809448,0.15354152023792267,0.1605674773454666,0.08548392355442047,0.12491563707590103
2024-03-03 00:59:45,사전트야... 한번만 라티피 해주면 안되냐?,"2021 latifi
- dc official App",34,34.0,"사전트야... 한번만 라티피 해주면 안되냐? 2021 latifi
- dc official App",사전트야... 한번만 라티피 해주면 안되냐? 2021 latifi,0.2846096158027649,0.2567563056945801,0.1264784187078476,0.12646739184856415,0.06377499550580978,0.1419132500886917
2024-03-03 00:59:49,피아제 탈출 잘했네 ㅋㅋㅋ,"알핀 17, 18위 ㅋㅋㅋ",34,34.0,"피아제 탈출 잘했네 ㅋㅋㅋ 알핀 17, 18위 ㅋㅋㅋ","피아제 탈출 잘했네 ㅋㅋㅋ 알핀 17, 18위 ㅋㅋㅋ",0.5864747166633606,0.14766202867031097,0.08920113742351532,0.08535289764404297,0.03761724755167961,0.053691960871219635
2024-03-03 00:59:51,메르 성능은 종잡을수가 없네.. 맥라렌 보다 나은건가,"ㅇㅇㅇ
..",34,34.0,"메르 성능은 종잡을수가 없네.. 맥라렌 보다 나은건가 ㅇㅇㅇ
..",메르 성능은 종잡을수가 없네.. 맥라렌 보다 나은건가 ㅇㅇㅇ ..,0.0924430787563324,0.27883559465408325,0.31397727131843567,0.12011386454105377,0.08142098784446716,0.11320918798446655
2024-03-03 00:59:58,보타스 프론트윙 왜 꺾임 ㅋㅋㅋㅋㅋ,.,34,34.0,보타스 프론트윙 왜 꺾임 ㅋㅋㅋㅋㅋ .,보타스 프론트윙 왜 꺾임 ㅋㅋㅋㅋㅋ .,0.16027459502220154,0.2709484100341797,0.27980759739875793,0.140805184841156,0.07953896373510361,0.068625308573246
2024-03-03 01:00:00,알핀은 프런트윙 바꾼 헐크보다 뒤에있냐 왜,ㅋㅋㅋㅋ,34,34.0,알핀은 프런트윙 바꾼 헐크보다 뒤에있냐 왜 ㅋㅋㅋㅋ,알핀은 프런트윙 바꾼 헐크보다 뒤에있냐 왜 ㅋㅋㅋㅋ,0.1122676208615303,0.2863210439682007,0.2703213393688202,0.15447202324867249,0.08885062485933304,0.08776738494634628
2024-03-03 01:00:02,노흥민 이번시즌도 무관각인데,ㅋㅋㅋㅋ,34,34.0,노흥민 이번시즌도 무관각인데 ㅋㅋㅋㅋ,노흥민 이번시즌도 무관각인데 ㅋㅋㅋㅋ,0.25397151708602905,0.3016321659088135,0.16438715159893036,0.11960843950510025,0.07494127005338669,0.08545953035354614
2024-03-03 01:00:07,알핀 롱런도 개조졌는데? ㄹㅇ 좆망인데?,하스랑 10초 차이나는거 실화냐,34,34.0,알핀 롱런도 개조졌는데? ㄹㅇ 좆망인데? 하스랑 10초 차이나는거 실화냐,알핀 롱런도 개조졌는데? ㄹㅇ 좆망인데? 하스랑 10초 차이나는거 실화냐,0.07546011358499527,0.2457609921693802,0.2795983850955963,0.16791275143623352,0.09668757766485214,0.13458018004894257
2024-03-03 01:00:08,사전트야 니 전임자한테 세카 소환 안배웟냐,빨리 안박고 뭐해,34,34.0,사전트야 니 전임자한테 세카 소환 안배웟냐 빨리 안박고 뭐해,사전트야 니 전임자한테 세카 소환 안배웟냐 빨리 안박고 뭐해,0.08483680337667465,0.24300487339496613,0.2556886672973633,0.18330374360084534,0.11111893504858017,0.12204700708389282
2024-03-03 01:00:10,알핀은 그냥 답이없네,밑에 피트스탑이슈 보타스랑 그냥병신 사전트말고는 없다는건 걍 하스보다못하다는거잖아,34,34.0,알핀은 그냥 답이없네 밑에 피트스탑이슈 보타스랑 그냥병신 사전트말고는 없다는건 걍 하스보다못하다는거잖아,알핀은 그냥 답이없네 밑에 피트스탑이슈 보타스랑 그냥병신 사전트말고는 없다는건 걍 하스보다못하다는거잖아,0.06596902012825012,0.2589516043663025,0.23982800543308258,0.15530097484588623,0.06287185102701187,0.21707850694656372
2024-03-03 01:00:10,가끔씩 생각나면 개추ㅋㅋㅋㅋㅋㅋ,변수 제조기들 ㄹㅇㅋㅋㅋㅋㅋㅋㅋㅋㅋ,34,34.0,가끔씩 생각나면 개추ㅋㅋㅋㅋㅋㅋ 변수 제조기들 ㄹㅇㅋㅋㅋㅋㅋㅋㅋㅋㅋ,가끔씩 생각나면 개추ㅋㅋㅋㅋㅋㅋ 변수 제조기들 ㄹㅇㅋㅋㅋㅋㅋㅋㅋㅋㅋ,0.7147155404090881,0.11478473246097565,0.05809612199664116,0.05063345283269882,0.026580587029457092,0.035189565271139145
2024-03-03 01:00:14,케서운 이야기) 케로는 애스턴 마틴이 컨챔 먹을거라고 예상했다,진짜 펠레냐,35,35.0,케서운 이야기) 케로는 애스턴 마틴이 컨챔 먹을거라고 예상했다 진짜 펠레냐,케서운 이야기) 케로는 애스턴 마틴이 컨챔 먹을거라고 예상했다 진짜 펠레냐,0.11287137866020203,0.22297877073287964,0.32316264510154724,0.1440855860710144,0.14133106172084808,0.05557050555944443
2024-03-03 01:00:20,보타스 윙은 왜 안 갈아줬냐,저런거로 예산 아끼냐,35,35.0,보타스 윙은 왜 안 갈아줬냐 저런거로 예산 아끼냐,보타스 윙은 왜 안 갈아줬냐 저런거로 예산 아끼냐,0.08041577786207199,0.2696763277053833,0.1931595504283905,0.19440457224845886,0.04170471057295799,0.22063907980918884
2024-03-03 01:00:21,걍 씨발 좆같냐 왤케 좆노잼이네 걍씨발 그만보고싶은데 그게안돼,,35,35.0,걍 씨발 좆같냐 왤케 좆노잼이네 걍씨발 그만보고싶은데 그게안돼 ,걍 씨발 좆같냐 왤케 좆노잼이네 걍씨발 그만보고싶은데 그게안돼,0.11478797346353531,0.2504447102546692,0.11746159195899963,0.2558223605155945,0.050372444093227386,0.21111096441745758
2024-03-03 01:00:34,레드불 예산 제한하자..,,35,35.0,레드불 예산 제한하자.. ,레드불 예산 제한하자..,0.09442122280597687,0.31550705432891846,0.22753958404064178,0.11796370148658752,0.06500742584466934,0.179561048746109
2024-03-03 01:00:41,에휴 틀론소햄 이번생은 틀렸다,"애마 노답이다
포디움 근처 한번 못가보고 은퇴할듯",35,35.0,"에휴 틀론소햄 이번생은 틀렸다 애마 노답이다
포디움 근처 한번 못가보고 은퇴할듯",에휴 틀론소햄 이번생은 틀렸다 애마 노답이다 포디움 근처 한번 못가보고 은퇴할듯,0.08005951344966888,0.2490815371274948,0.21339716017246246,0.17467941343784332,0.09097937494516373,0.19180303812026978
2024-03-03 01:00:44,알핀두오 사이좋게 17 18 ㅋㅋㅋㅋㅋㅋㅋㅋㅋㅋㅋㅋ,자살각이다 자살각,35,35.0,알핀두오 사이좋게 17 18 ㅋㅋㅋㅋㅋㅋㅋㅋㅋㅋㅋㅋ 자살각이다 자살각,알핀두오 사이좋게 17 18 ㅋㅋㅋㅋㅋㅋㅋㅋㅋㅋㅋㅋ 자살각이다 자살각,0.3423532247543335,0.2341567575931549,0.10193010419607162,0.16597361862659454,0.05665918067097664,0.09892711788415909
2024-03-03 01:00:44,오우 해밀턴,,35,35.0,오우 해밀턴 ,오우 해밀턴,0.4123452305793762,0.194401815533638,0.2143232226371765,0.08209189772605896,0.061537809669971466,0.03529994189739227
2024-03-03 01:00:45,드리프트ㄷㄷㄷ,,35,35.0,드리프트ㄷㄷㄷ ,드리프트ㄷㄷㄷ,0.13674698770046234,0.2022944837808609,0.3561168313026428,0.12707620859146118,0.11770894378423691,0.060056500136852264
2024-03-03 01:00:48,윾키 뽁쓰,,35,35.0,윾키 뽁쓰 ,윾키 뽁쓰,0.6956668496131897,0.11201435327529907,0.07021447271108627,0.056836966425180435,0.027038123458623886,0.03822920471429825
2024-03-03 01:00:52,피트인 시간 안나오는거 맞지?,,35,35.0,피트인 시간 안나오는거 맞지? ,피트인 시간 안나오는거 맞지?,0.13438951969146729,0.2593517005443573,0.31226202845573425,0.10774224996566772,0.08306453377008438,0.10318996012210846
2024-03-03 01:00:55,근데 확실히 하스는 그새끼 있을때보다 나아진듯 ㅋㅋㅋㅋ,범인은 군터였노,35,35.0,근데 확실히 하스는 그새끼 있을때보다 나아진듯 ㅋㅋㅋㅋ 범인은 군터였노,근데 확실히 하스는 그새끼 있을때보다 나아진듯 ㅋㅋㅋㅋ 범인은 군터였노,0.18966889381408691,0.327678382396698,0.20987090468406677,0.09846518188714981,0.1033443734049797,0.0709722489118576
2024-03-03 01:00:57,ㅅㅂ 사인지말고 르끌 아우디보내면 안되냐,- dc official App,35,35.0,ㅅㅂ 사인지말고 르끌 아우디보내면 안되냐 - dc official App,ㅅㅂ 사인지말고 르끌 아우디보내면 안되냐 - dc official App,0.14415985345840454,0.19377410411834717,0.11563632637262344,0.3235170841217041,0.03936605527997017,0.1835465431213379
2024-03-03 01:01:02,피아제 드리프트 야무지노 ㅋㅋㅋ,,35,35.0,피아제 드리프트 야무지노 ㅋㅋㅋ ,피아제 드리프트 야무지노 ㅋㅋㅋ,0.2865615487098694,0.19669818878173828,0.25873425602912903,0.118158258497715,0.09756498038768768,0.042282793670892715
2024-03-03 01:01:03,차기월챔 드리프트 ㄷㄷ,,35,35.0,차기월챔 드리프트 ㄷㄷ ,차기월챔 드리프트 ㄷㄷ,0.20493975281715393,0.20132802426815033,0.3458798825740814,0.1082078069448471,0.09512845426797867,0.044516101479530334
2024-03-03 01:01:05,사인지말고 르클을 갈았어야짘ㅋㅋㅋㅋ 르클 저새낀 안된다,"폴포지션만 가능하지
유스 정으로 레이스 하는 새낀데
- dc official App",35,35.0,"사인지말고 르클을 갈았어야짘ㅋㅋㅋㅋ 르클 저새낀 안된다 폴포지션만 가능하지
유스 정으로 레이스 하는 새낀데
- dc official App",사인지말고 르클을 갈았어야짘ㅋㅋㅋㅋ 르클 저새낀 안된다 폴포지션만 가능하지 유스 정으로 레이스 하는 새낀데,0.0722561925649643,0.22314684092998505,0.285695880651474,0.19742347300052643,0.08867421001195908,0.13280338048934937
2024-03-03 01:01:07,레페메..,GOATFI가 없으니 졸린다,35,35.0,레페메.. GOATFI가 없으니 졸린다,레페메.. GOATFI가 없으니 졸린다,0.1837315857410431,0.30819401144981384,0.109043188393116,0.16747501492500305,0.046748340129852295,0.1848078966140747
2024-03-03 01:01:11,몽골새끼 사고 안 나냐?,좀 처리해봐 ㅋㅋ,35,35.0,몽골새끼 사고 안 나냐? 좀 처리해봐 ㅋㅋ,몽골새끼 사고 안 나냐? 좀 처리해봐 ㅋㅋ,0.14913854002952576,0.16874244809150696,0.13606460392475128,0.33421626687049866,0.051846008747816086,0.1599920690059662
2024-03-03 01:01:19,저우 알론소뒤인데 순위표 왜 저러냐?,설마 저 형광색 백마커 보타스냐???,35,35.0,저우 알론소뒤인데 순위표 왜 저러냐? 설마 저 형광색 백마커 보타스냐???,저우 알론소뒤인데 순위표 왜 저러냐? 설마 저 형광색 백마커 보타스냐???,0.08969169110059738,0.25270238518714905,0.29801008105278015,0.15728643536567688,0.10415997356176376,0.09814943373203278
2024-03-03 01:01:20,현시각 가장 고생하는 사람,헬멧 안에있는 카메라맨,35,35.0,현시각 가장 고생하는 사람 헬멧 안에있는 카메라맨,현시각 가장 고생하는 사람 헬멧 안에있는 카메라맨,0.21070361137390137,0.243930846452713,0.17473721504211426,0.13043126463890076,0.0861983671784401,0.1539987325668335
2024-03-03 01:01:37,페라리 2.2 ㅋㅋㅋ,"ㅋㅋㅋㅋ
- dc official App",35,35.0,"페라리 2.2 ㅋㅋㅋ ㅋㅋㅋㅋ
- dc official App",페라리 2.2 ㅋㅋㅋ ㅋㅋㅋㅋ,0.5107420086860657,0.18325503170490265,0.13088519871234894,0.0967060849070549,0.037662845104932785,0.04074879735708237
2024-03-03 01:01:37,2.2 굳,,35,35.0,2.2 굳 ,2.2 굳,0.6810604333877563,0.11798448860645294,0.0754680335521698,0.05790562555193901,0.026677126064896584,0.04090435057878494
2024-03-03 01:01:43,알핀듀오는 사실상 꼴지네,북딱스 WEC식 피트스탑 했고 킬로미터좌는 엔진 꺼먹었었고ㅋㅋㅋㅋㅋㅋㅋ,35,35.0,알핀듀오는 사실상 꼴지네 북딱스 WEC식 피트스탑 했고 킬로미터좌는 엔진 꺼먹었었고ㅋㅋㅋㅋㅋㅋㅋ,알핀듀오는 사실상 꼴지네 북딱스 WEC식 피트스탑 했고 킬로미터좌는 엔진 꺼먹었었고ㅋㅋㅋㅋㅋㅋㅋ,0.09687670320272446,0.2859160304069519,0.27667492628097534,0.1447812020778656,0.09981513023376465,0.09593597054481506
2024-03-03 01:01:44,셒카 호출기 없으니까 허전하네,- dc official App,35,35.0,셒카 호출기 없으니까 허전하네 - dc official App,셒카 호출기 없으니까 허전하네 - dc official App,0.3359367847442627,0.26874062418937683,0.14046639204025269,0.10135906934738159,0.043052393943071365,0.11044473946094513
2024-03-03 01:01:52,츠노다 지금 들어가는게 맞나…,아닌거가튼데…,36,36.0,츠노다 지금 들어가는게 맞나… 아닌거가튼데…,츠노다 지금 들어가는게 맞나… 아닌거가튼데…,0.11059416830539703,0.26346632838249207,0.31049633026123047,0.1115933284163475,0.08929800987243652,0.114551842212677
2024-03-03 01:02:03,누리스 패랩,ㅇ,36,36.0,누리스 패랩 ㅇ,누리스 패랩 ㅇ,0.5833135843276978,0.1507723182439804,0.12342467904090881,0.07446455955505371,0.027166856452822685,0.04085790365934372
2024-03-03 01:02:05,대인츠 왤케 잘타냐 ㅋㅋㅋㅋ,,36,36.0,대인츠 왤케 잘타냐 ㅋㅋㅋㅋ ,대인츠 왤케 잘타냐 ㅋㅋㅋㅋ,0.6361496448516846,0.1407204568386078,0.10016877204179764,0.05488559603691101,0.03632313758134842,0.0317523367702961
2024-03-03 01:02:14,알론소 오늘 동네북이네...,- dc official App,36,36.0,알론소 오늘 동네북이네... - dc official App,알론소 오늘 동네북이네... - dc official App,0.12273554503917694,0.2844544053077698,0.15301387012004852,0.15315011143684387,0.08407282084226608,0.20257321000099182
2024-03-03 01:02:18,누가드리프트함?,알려줘,36,36.0,누가드리프트함? 알려줘,누가드리프트함? 알려줘,0.23370276391506195,0.23042690753936768,0.2999698519706726,0.08825378119945526,0.08397609740495682,0.06367064267396927
2024-03-03 01:02:22,애마 걍 자동문이네,,36,36.0,애마 걍 자동문이네 ,애마 걍 자동문이네,0.08323434740304947,0.31250709295272827,0.25867387652397156,0.15278111398220062,0.09420999139547348,0.09859354048967361
2024-03-03 01:02:43,체코 피트인 막스 한랩더,ㅋㅋ,36,36.0,체코 피트인 막스 한랩더 ㅋㅋ,체코 피트인 막스 한랩더 ㅋㅋ,0.6636244654655457,0.11937487125396729,0.09079572558403015,0.06678417325019836,0.027110587805509567,0.03231017664074898
2024-03-03 01:02:48,멕라렌 모니터 광고판 다시가져왔노ㅋㅋㅋ,,36,36.0,멕라렌 모니터 광고판 다시가져왔노ㅋㅋㅋ ,멕라렌 모니터 광고판 다시가져왔노ㅋㅋㅋ,0.17329545319080353,0.2608880400657654,0.2476992905139923,0.15003639459609985,0.09912755340337753,0.06895332783460617
2024-03-03 01:02:55,친자호소인이랑 라티피 복귀 시켜라,"셒카 호출기 없으니까 재미가 읎따...
- dc official App",36,36.0,"친자호소인이랑 라티피 복귀 시켜라 셒카 호출기 없으니까 재미가 읎따...
- dc official App",친자호소인이랑 라티피 복귀 시켜라 셒카 호출기 없으니까 재미가 읎따...,0.1394185572862625,0.28595206141471863,0.10456477105617523,0.20325995981693268,0.0467638336122036,0.22004082798957825
2024-03-03 01:03:06,리카도 소프트?,뭔데 진짜 ㅋㅋ,36,36.0,리카도 소프트? 뭔데 진짜 ㅋㅋ,리카도 소프트? 뭔데 진짜 ㅋㅋ,0.1241554319858551,0.2379063069820404,0.33070746064186096,0.14268498122692108,0.08973494172096252,0.07481086254119873
2024-03-03 01:03:09,^자동문^,..,36,36.0,^자동문^ ..,^자동문^ ..,0.5930216312408447,0.15457773208618164,0.06374679505825043,0.09115276485681534,0.031696565449237823,0.06580451130867004
2024-03-03 01:03:11,걍 좆망스포츠 탈덕하고싶다 제발,씨발 진짜로,36,36.0,걍 좆망스포츠 탈덕하고싶다 제발 씨발 진짜로,걍 좆망스포츠 탈덕하고싶다 제발 씨발 진짜로,0.12776191532611847,0.18544679880142212,0.12534785270690918,0.2955796420574188,0.05313694104552269,0.2127268761396408
2024-03-03 01:03:15,리카도 소프트 뭐임,- dc official App,36,36.0,리카도 소프트 뭐임 - dc official App,리카도 소프트 뭐임 - dc official App,0.3194730281829834,0.21307145059108734,0.27586573362350464,0.09314654022455215,0.04840680956840515,0.05003630742430687
2024-03-03 01:03:23,리카도는 뭘 보고서 차기 레드불이라고 깝죽거린거냐,"노리스한테 밀려
츠노다한테 밀려
ㅋㅋㅋㅋ",36,36.0,"리카도는 뭘 보고서 차기 레드불이라고 깝죽거린거냐 노리스한테 밀려
츠노다한테 밀려
ㅋㅋㅋㅋ",리카도는 뭘 보고서 차기 레드불이라고 깝죽거린거냐 노리스한테 밀려 츠노다한테 밀려 ㅋㅋㅋㅋ,0.08606017380952835,0.22376297414302826,0.3169040381908417,0.18655437231063843,0.09170352667570114,0.09501486271619797
2024-03-03 01:03:27,체코도 소프트네,오,36,36.0,체코도 소프트네 오,체코도 소프트네 오,0.3498147130012512,0.21873123943805695,0.23842351138591766,0.08185301721096039,0.06988610327243805,0.041291434317827225
2024-03-03 01:03:31,걍 르클도 짜르고 내년에 알론소 데려와라 페라리,"그럼 인스타 팔로워 더 늘고
넷플 단가가 달라질 듯
- dc official App",37,37.0,"걍 르클도 짜르고 내년에 알론소 데려와라 페라리 그럼 인스타 팔로워 더 늘고
넷플 단가가 달라질 듯
- dc official App",걍 르클도 짜르고 내년에 알론소 데려와라 페라리 그럼 인스타 팔로워 더 늘고 넷플 단가가 달라질 듯,0.09473872929811478,0.26208731532096863,0.2693031132221222,0.1454567313194275,0.0829155296087265,0.14549857378005981
2024-03-03 01:03:35,리카도 소프트 이게 맞는걸까,"위험한데
- dc official App",37,37.0,"리카도 소프트 이게 맞는걸까 위험한데
- dc official App",리카도 소프트 이게 맞는걸까 위험한데,0.1572425812482834,0.21634069085121155,0.343578964471817,0.10643589496612549,0.09619151055812836,0.08021031320095062
2024-03-03 01:03:36,애마 작년에 아다리 맞으면 포디움 가능했는데,올해는 그냥 딱 포인트권 수문장이네,37,37.0,애마 작년에 아다리 맞으면 포디움 가능했는데 올해는 그냥 딱 포인트권 수문장이네,애마 작년에 아다리 맞으면 포디움 가능했는데 올해는 그냥 딱 포인트권 수문장이네,0.3647960126399994,0.23878474533557892,0.19110830128192902,0.06902807205915451,0.08999639004468918,0.04628649353981018
2024-03-03 01:03:39,체코 소프트 오,,37,37.0,체코 소프트 오 ,체코 소프트 오,0.45956987142562866,0.19318044185638428,0.18055179715156555,0.08609843999147415,0.03532564267516136,0.045273881405591965
2024-03-03 01:03:39,내가 사전트였으면 베르스타펜 보내버렸다,,37,37.0,내가 사전트였으면 베르스타펜 보내버렸다 ,내가 사전트였으면 베르스타펜 보내버렸다,0.15084616839885712,0.25227904319763184,0.17438559234142303,0.18324480950832367,0.08511406183242798,0.15413033962249756
2024-03-03 01:03:45,20랩 남았는데 소프트?,,37,37.0,20랩 남았는데 소프트? ,20랩 남았는데 소프트?,0.17636679112911224,0.2471642941236496,0.32101136445999146,0.10010650008916855,0.07560771703720093,0.07974334061145782
2024-03-03 01:03:45,나만 재미없는게 아니었나보네,은근 배틀이 나오긴 하는데 왤캐 노잼인지,37,37.0,나만 재미없는게 아니었나보네 은근 배틀이 나오긴 하는데 왤캐 노잼인지,나만 재미없는게 아니었나보네 은근 배틀이 나오긴 하는데 왤캐 노잼인지,0.11202213913202286,0.34302985668182373,0.15343862771987915,0.16980040073394775,0.05966970697045326,0.16203925013542175
2024-03-03 01:03:46,체코 왜 소프트?,그만큼 타이어 관리 자신있다는건가?,37,37.0,체코 왜 소프트? 그만큼 타이어 관리 자신있다는건가?,체코 왜 소프트? 그만큼 타이어 관리 자신있다는건가?,0.11603589355945587,0.21615515649318695,0.37036895751953125,0.12795229256153107,0.10254666209220886,0.06694098562002182
2024-03-03 01:03:51,체코소프트,,37,37.0,체코소프트 ,체코소프트,0.3102007210254669,0.23124973475933075,0.25423282384872437,0.09549665451049805,0.045783888548612595,0.063036248087883
2024-03-03 01:03:51,소프트 20렙 ㅋㅋㅋㅋㅋㅋ,ㅋㅋㅋㅋㅋㅋㅋ,37,37.0,소프트 20렙 ㅋㅋㅋㅋㅋㅋ ㅋㅋㅋㅋㅋㅋㅋ,소프트 20렙 ㅋㅋㅋㅋㅋㅋ ㅋㅋㅋㅋㅋㅋㅋ,0.6324957013130188,0.13660798966884613,0.09754230827093124,0.07084611803293228,0.028623582795262337,0.03388431295752525
2024-03-03 01:03:56,사인츠 제발 2등 ㄱㄱㄱㄱㄱㄱㄱㄱㄱㄱㄱㄱㄱㄱㄱㄱㄱㄱㄱ,가즈아,37,37.0,사인츠 제발 2등 ㄱㄱㄱㄱㄱㄱㄱㄱㄱㄱㄱㄱㄱㄱㄱㄱㄱㄱㄱ 가즈아,사인츠 제발 2등 ㄱㄱㄱㄱㄱㄱㄱㄱㄱㄱㄱㄱㄱㄱㄱㄱㄱㄱㄱ 가즈아,0.6045493483543396,0.14088422060012817,0.10514568537473679,0.06685483455657959,0.03752525895833969,0.04504065960645676
2024-03-03 01:03:57,소프트는 뭔지랄이고,,37,37.0,소프트는 뭔지랄이고 ,소프트는 뭔지랄이고,0.10066939145326614,0.2815488278865814,0.17409242689609528,0.24357140064239502,0.04127234220504761,0.15884558856487274
2024-03-03 01:03:57,레드불 소프트는 그렇다쳐도 리카도는 머임,,37,37.0,레드불 소프트는 그렇다쳐도 리카도는 머임 ,레드불 소프트는 그렇다쳐도 리카도는 머임,0.11385597288608551,0.24269987642765045,0.33449995517730713,0.13807432353496552,0.07505408674478531,0.09581580758094788
2024-03-03 01:04:00,소프트 20랩 가능하노,,37,37.0,소프트 20랩 가능하노 ,소프트 20랩 가능하노,0.2487127184867859,0.21449609100818634,0.31629109382629395,0.08732602745294571,0.0912979245185852,0.04187611863017082
2024-03-03 01:04:02,소프트 20랩??,???,37,37.0,소프트 20랩?? ???,소프트 20랩?? ???,0.168768510222435,0.2190900295972824,0.3471272587776184,0.10852512717247009,0.09606819599866867,0.06042087823152542
2024-03-03 01:04:08,르클 페이스 올라오네,적응 됐노,37,37.0,르클 페이스 올라오네 적응 됐노,르클 페이스 올라오네 적응 됐노,0.6307769417762756,0.14797993004322052,0.08740756660699844,0.054496295750141144,0.03449892997741699,0.04484037309885025
2024-03-03 01:04:08,체코 개꿀잼 보여주냐?,20렙 소프트...,37,37.0,체코 개꿀잼 보여주냐? 20렙 소프트...,체코 개꿀잼 보여주냐? 20렙 소프트...,0.5818061828613281,0.1641010344028473,0.11572504788637161,0.06261948496103287,0.03771160915493965,0.03803664818406105
2024-03-03 01:04:09,사인츠 제발 2위,ㅇ,37,37.0,사인츠 제발 2위 ㅇ,사인츠 제발 2위 ㅇ,0.5353306531906128,0.17011484503746033,0.12442394345998764,0.06985001266002655,0.04425093159079552,0.05602961406111717
2024-03-03 01:04:05,딸깍충 타깎노 보여주나,,37,37.0,딸깍충 타깎노 보여주나 ,딸깍충 타깎노 보여주나,0.2695270776748657,0.2145613729953766,0.29326871037483215,0.08976980298757553,0.08390626311302185,0.04896680265665054
2024-03-03 01:04:13,소프트하다 망해라 ㅋㅋ,,37,37.0,소프트하다 망해라 ㅋㅋ ,소프트하다 망해라 ㅋㅋ,0.19345523416996002,0.2446662038564682,0.15901857614517212,0.23456111550331116,0.06642486900091171,0.10187402367591858
2024-03-03 01:04:15,막스더 소프트 가냐?,ㅇㅇ,37,37.0,막스더 소프트 가냐? ㅇㅇ,막스더 소프트 가냐? ㅇㅇ,0.3121967017650604,0.22111642360687256,0.2625562250614166,0.08496998995542526,0.06354819983243942,0.055612482130527496
2024-03-03 01:04:18,애초에 f1 노잼임,"그러니 한국에서 반응이 없지
본질만 보고 ㅋㅋㅋ
- dc official App",37,37.0,"애초에 f1 노잼임 그러니 한국에서 반응이 없지
본질만 보고 ㅋㅋㅋ
- dc official App",애초에 f1 노잼임 그러니 한국에서 반응이 없지 본질만 보고 ㅋㅋㅋ,0.1000475138425827,0.3002670407295227,0.19222865998744965,0.18095873296260834,0.07489602267742157,0.15160202980041504
2024-03-03 01:04:18,막스도소프트,,37,37.0,막스도소프트 ,막스도소프트,0.44246813654899597,0.19253785908222198,0.18441714346408844,0.094697505235672,0.03320696949958801,0.052672453224658966
2024-03-03 01:04:20,막스도 소프트,,37,37.0,막스도 소프트 ,막스도 소프트,0.5085198283195496,0.19222162663936615,0.14781257510185242,0.07087648659944534,0.038589201867580414,0.04198026657104492
2024-03-03 01:04:20,아니 도대체 얼마나 자신이 잇는거임,,37,37.0,아니 도대체 얼마나 자신이 잇는거임 ,아니 도대체 얼마나 자신이 잇는거임,0.10091782361268997,0.22415244579315186,0.331890344619751,0.1486816555261612,0.13043846189975739,0.06391921639442444
2024-03-03 01:04:21,소프트 20랩은 내가 엪겜에서나 하던건데,- dc official App,37,37.0,소프트 20랩은 내가 엪겜에서나 하던건데 - dc official App,소프트 20랩은 내가 엪겜에서나 하던건데 - dc official App,0.15390349924564362,0.28385138511657715,0.3011877238750458,0.11596375703811646,0.0802299901843071,0.06486362218856812
2024-03-03 01:04:23,이거 맞냐?,"ㅋㅋㅋ
- dc official App",37,37.0,"이거 맞냐? ㅋㅋㅋ
- dc official App",이거 맞냐? ㅋㅋㅋ,0.2321617305278778,0.2459268420934677,0.27782657742500305,0.09982771426439285,0.0855787917971611,0.058678384870290756
2024-03-03 01:04:26,씹좆타우리는 걍 멸망했노,- dc official App,37,37.0,씹좆타우리는 걍 멸망했노 - dc official App,씹좆타우리는 걍 멸망했노 - dc official App,0.1786108911037445,0.19717149436473846,0.117915078997612,0.2787829637527466,0.0668877512216568,0.16063189506530762
2024-03-03 01:04:26,20렙 소프트는 뭔 깡이냐,뭐고,37,37.0,20렙 소프트는 뭔 깡이냐 뭐고,20렙 소프트는 뭔 깡이냐 뭐고,0.09398029744625092,0.21671654284000397,0.3523600697517395,0.15145228803157806,0.10137883573770523,0.08411195874214172
2024-03-03 01:04:27,뉴이신 뭘 만든거임,,37,37.0,뉴이신 뭘 만든거임 ,뉴이신 뭘 만든거임,0.11674119532108307,0.22897829115390778,0.35310664772987366,0.13190338015556335,0.10064806789159775,0.06862238049507141
2024-03-03 01:04:30,순수 재미 온다,"+ dc official App
- dc official App",37,37.0,"순수 재미 온다 + dc official App
- dc official App",순수 재미 온다 + dc official App,0.6792351007461548,0.11505938321352005,0.0870598703622818,0.060045771300792694,0.023257242515683174,0.035342615097761154
2024-03-03 01:04:31,레드불 이 미친새끼들,,37,37.0,레드불 이 미친새끼들 ,레드불 이 미친새끼들,0.17139893770217896,0.1643567830324173,0.12703490257263184,0.31969496607780457,0.043964091688394547,0.17355024814605713
2024-03-03 01:04:31,와 rb20 타이어관리 잘된다더만 투소프트 뭐노,ㄷㄷㄷㄷㄷㄷㄷㄷㄷ,37,37.0,와 rb20 타이어관리 잘된다더만 투소프트 뭐노 ㄷㄷㄷㄷㄷㄷㄷㄷㄷ,와 rb20 타이어관리 잘된다더만 투소프트 뭐노 ㄷㄷㄷㄷㄷㄷㄷㄷㄷ,0.08600519597530365,0.23657578229904175,0.2840096652507782,0.17230907082557678,0.11760462820529938,0.10349568724632263
2024-03-03 01:04:32,2.2 ㅋㅋㅋㅋ,ㄷㄷ,37,37.0,2.2 ㅋㅋㅋㅋ ㄷㄷ,2.2 ㅋㅋㅋㅋ ㄷㄷ,0.1373797208070755,0.23584893345832825,0.31701594591140747,0.12901714444160461,0.11614041030406952,0.06459785997867584
2024-03-03 01:04:32,무슨 갭이 40초네 ㅋㅋㅋ,,37,37.0,무슨 갭이 40초네 ㅋㅋㅋ ,무슨 갭이 40초네 ㅋㅋㅋ,0.12751540541648865,0.26694461703300476,0.28345417976379395,0.1444590538740158,0.10983134061098099,0.06779541075229645
2024-03-03 01:04:33,진짜 저정도면 초전도드라이빙 아니냐,- dc official App,37,37.0,진짜 저정도면 초전도드라이빙 아니냐 - dc official App,진짜 저정도면 초전도드라이빙 아니냐 - dc official App,0.19101279973983765,0.19992229342460632,0.3269597291946411,0.11578714847564697,0.11515229195356369,0.05116576328873634
2024-03-03 01:04:34,체코 각성했나본데???,이거 못막으면 몽골도 위험한데ㅋㅋ,37,37.0,체코 각성했나본데??? 이거 못막으면 몽골도 위험한데ㅋㅋ,체코 각성했나본데??? 이거 못막으면 몽골도 위험한데ㅋㅋ,0.15258115530014038,0.21712534129619598,0.3378923237323761,0.1115616038441658,0.12808798253536224,0.05275164917111397
2024-03-03 01:04:35,얘네 단체로 술빨음???,- dc official App,37,37.0,얘네 단체로 술빨음??? - dc official App,얘네 단체로 술빨음??? - dc official App,0.09916065633296967,0.2150697112083435,0.2819066643714905,0.2016189694404602,0.10649294406175613,0.09575105458498001
2024-03-03 01:04:36,아니 시발 20랩 남기고 소프트는 무슨 객기야 ㅋㅋㅋㅋㅋ,,37,37.0,아니 시발 20랩 남기고 소프트는 무슨 객기야 ㅋㅋㅋㅋㅋ ,아니 시발 20랩 남기고 소프트는 무슨 객기야 ㅋㅋㅋㅋㅋ,0.10211467742919922,0.23762354254722595,0.22818446159362793,0.22716175019741058,0.08588158339262009,0.11903399229049683
2024-03-03 01:04:36,막스는 타이어없이달려라,제발,37,37.0,막스는 타이어없이달려라 제발,막스는 타이어없이달려라 제발,0.09681885689496994,0.2061956375837326,0.19421173632144928,0.24716147780418396,0.0851820558309555,0.1704302877187729
2024-03-03 01:04:36,대 드 불,ㄷㄷㄷ,37,37.0,대 드 불 ㄷㄷㄷ,대 드 불 ㄷㄷㄷ,0.1533486396074295,0.19724979996681213,0.3366473913192749,0.12695014476776123,0.11726357042789459,0.06854042410850525
2024-03-03 01:04:36,시발 미친팀이네 ㅋㅋ,,37,37.0,시발 미친팀이네 ㅋㅋ ,시발 미친팀이네 ㅋㅋ,0.1111888736486435,0.2228986620903015,0.2323232740163803,0.2162546068429947,0.10161334276199341,0.11572123318910599
2024-03-03 01:04:38,아니 차가 얼마나 좋다는거여 ㅅㅂ,미친놈들,37,37.0,아니 차가 얼마나 좋다는거여 ㅅㅂ 미친놈들,아니 차가 얼마나 좋다는거여 ㅅㅂ 미친놈들,0.09566023200750351,0.21589195728302002,0.17646333575248718,0.29363715648651123,0.07813385874032974,0.14021338522434235
2024-03-03 01:04:38,소프트 소프트 ㄷㄷㄷ,ㄷㄷㄷ,37,37.0,소프트 소프트 ㄷㄷㄷ ㄷㄷㄷ,소프트 소프트 ㄷㄷㄷ ㄷㄷㄷ,0.21012429893016815,0.21371044218540192,0.3235737681388855,0.10803068429231644,0.09775049239397049,0.04681027680635452
2024-03-03 01:04:38,뭔자신감이야ㅋㅋ,이게 변수가되길,37,37.0,뭔자신감이야ㅋㅋ 이게 변수가되길,뭔자신감이야ㅋㅋ 이게 변수가되길,0.10304789245128632,0.22868908941745758,0.34697139263153076,0.14514441788196564,0.10215646773576736,0.07399068027734756
2024-03-03 01:04:42,소하소 ㅋㅋㅋ,"뉴이 그는 신인가
- dc official App",37,37.0,"소하소 ㅋㅋㅋ 뉴이 그는 신인가
- dc official App",소하소 ㅋㅋㅋ 뉴이 그는 신인가,0.6468549966812134,0.1355564296245575,0.09246189892292023,0.05242327228188515,0.04001142829656601,0.03269202262163162
2024-03-03 01:04:43,제발 그만해 나 너무 무서워,ㅇ,37,37.0,제발 그만해 나 너무 무서워 ㅇ,제발 그만해 나 너무 무서워 ㅇ,0.1224151998758316,0.2257678061723709,0.27198004722595215,0.13604097068309784,0.13359445333480835,0.11020153760910034
2024-03-03 01:04:43,저 미친놈들 진짜,타이어 관리가 얼마나 잘되면..,37,37.0,저 미친놈들 진짜 타이어 관리가 얼마나 잘되면..,저 미친놈들 진짜 타이어 관리가 얼마나 잘되면..,0.0977196916937828,0.1753714233636856,0.2248842567205429,0.26196083426475525,0.0901041030883789,0.14995963871479034
2024-03-03 01:04:45,소프트 보니까 잠이 확깨네 ㅋㅋㅋ,미친 ㅋㅋㅋ,37,37.0,소프트 보니까 잠이 확깨네 ㅋㅋㅋ 미친 ㅋㅋㅋ,소프트 보니까 잠이 확깨네 ㅋㅋㅋ 미친 ㅋㅋㅋ,0.6219812631607056,0.14426130056381226,0.1031583845615387,0.06467245519161224,0.03206760808825493,0.033859044313430786
2024-03-03 01:04:46,rb20 도대체 뭘 만든거냐,ㄹㅇ 마모 0이라는게 사실이었노,37,37.0,rb20 도대체 뭘 만든거냐 ㄹㅇ 마모 0이라는게 사실이었노,rb20 도대체 뭘 만든거냐 ㄹㅇ 마모 0이라는게 사실이었노,0.0831519290804863,0.2403898537158966,0.2868875563144684,0.1856440305709839,0.10323253273963928,0.10069404542446136
2024-03-03 01:04:46,레드불 호버링 한다는거 진짠가보네,단점이 없다 그냥 ㅋㅋㅋ,37,37.0,레드불 호버링 한다는거 진짠가보네 단점이 없다 그냥 ㅋㅋㅋ,레드불 호버링 한다는거 진짠가보네 단점이 없다 그냥 ㅋㅋㅋ,0.3849746286869049,0.23159316182136536,0.19862060248851776,0.07052429765462875,0.06911375373601913,0.045173630118370056
2024-03-03 01:04:46,타이어 관리 좆되나보네 ㅁㅊ,,37,37.0,타이어 관리 좆되나보네 ㅁㅊ ,타이어 관리 좆되나보네 ㅁㅊ,0.08435998111963272,0.19796918332576752,0.2652403712272644,0.22677400708198547,0.0950436070561409,0.1306127905845642
2024-03-03 01:04:47,레드불 이 미 친 새끼들,ㅋㅋㅋ,37,37.0,레드불 이 미 친 새끼들 ㅋㅋㅋ,레드불 이 미 친 새끼들 ㅋㅋㅋ,0.12611013650894165,0.20864476263523102,0.18025964498519897,0.28484484553337097,0.08187645673751831,0.1182640865445137
2024-03-03 01:04:48,재미없다고?,형이 소프트로 보여줄게,37,37.0,재미없다고? 형이 소프트로 보여줄게,재미없다고? 형이 소프트로 보여줄게,0.37622401118278503,0.22944074869155884,0.1455446183681488,0.10119733959436417,0.06757841259241104,0.08001484721899033
2024-03-03 01:04:49,야 레드불이 주는 마지막 기회다,아무나 분탕쳐봐라 제발,37,37.0,야 레드불이 주는 마지막 기회다 아무나 분탕쳐봐라 제발,야 레드불이 주는 마지막 기회다 아무나 분탕쳐봐라 제발,0.2172403186559677,0.18701140582561493,0.207723930478096,0.15147122740745544,0.10948873311281204,0.12706445157527924
2024-03-03 01:04:51,레드불 승리선언하고 티배깅 실험하노 ㅋㅋㅋㅋㅋㅋㅋㅋㅋㅋㅋㅋㅋㅋㅋ,나의 소프트는 니네 하드보다 오래가 ㅋㅋㅋㅋㅋㅋㅋㅋㅋ,37,37.0,레드불 승리선언하고 티배깅 실험하노 ㅋㅋㅋㅋㅋㅋㅋㅋㅋㅋㅋㅋㅋㅋㅋ 나의 소프트는 니네 하드보다 오래가 ㅋㅋㅋㅋㅋㅋㅋㅋㅋ,레드불 승리선언하고 티배깅 실험하노 ㅋㅋㅋㅋㅋㅋㅋㅋㅋㅋㅋㅋㅋㅋㅋ 나의 소프트는 니네 하드보다 오래가 ㅋㅋㅋㅋㅋㅋㅋㅋㅋ,0.7168657183647156,0.10739609599113464,0.06248081102967262,0.05277826264500618,0.02660648711025715,0.03387259319424629
2024-03-03 01:04:51,와 ㅅㅂ 레드불 소프트 성공하면 올해 24승 하겠노,좆 됐 다,37,37.0,와 ㅅㅂ 레드불 소프트 성공하면 올해 24승 하겠노 좆 됐 다,와 ㅅㅂ 레드불 소프트 성공하면 올해 24승 하겠노 좆 됐 다,0.09972142428159714,0.23938126862049103,0.23360607028007507,0.17603488266468048,0.12586610019207,0.12539030611515045
2024-03-03 01:04:51,기만전술,뭐냐 ㅋㅋㅋㅋㅋㅋㅋㅋ,37,37.0,기만전술 뭐냐 ㅋㅋㅋㅋㅋㅋㅋㅋ,기만전술 뭐냐 ㅋㅋㅋㅋㅋㅋㅋㅋ,0.10120979696512222,0.2563699781894684,0.25210273265838623,0.19578956067562103,0.0880720317363739,0.10645588487386703
2024-03-03 01:04:52,정보)알론소 첫스틴트 소프트 18랩이다,연료도 줄었으 소프트 못할건 아님..,37,37.0,정보)알론소 첫스틴트 소프트 18랩이다 연료도 줄었으 소프트 못할건 아님..,정보)알론소 첫스틴트 소프트 18랩이다 연료도 줄었으 소프트 못할건 아님..,0.25356173515319824,0.28148165345191956,0.22620323300361633,0.09148859232664108,0.06514377146959305,0.08212091773748398
2024-03-03 01:04:52,타이어관리 ㄹㅇ 자신있나보노,,37,37.0,타이어관리 ㄹㅇ 자신있나보노 ,타이어관리 ㄹㅇ 자신있나보노,0.17015010118484497,0.21084101498126984,0.3373045325279236,0.11110994219779968,0.11886176466941833,0.051732614636421204
2024-03-03 01:04:53,작년이 어쩌면 더 재밌었던거같다,진짜 존나 재미없다,37,37.0,작년이 어쩌면 더 재밌었던거같다 진짜 존나 재미없다,작년이 어쩌면 더 재밌었던거같다 진짜 존나 재미없다,0.12756037712097168,0.30262818932533264,0.14782626926898956,0.18540650606155396,0.06312911957502365,0.1734495908021927
2024-03-03 01:04:54,막스 알감자 하나 사먹고와도 되겠네 ㅋㅋㅋㅋ,인터벌 40초는 시발 ㅋㅋㅋㅋㅋㅋ,37,37.0,막스 알감자 하나 사먹고와도 되겠네 ㅋㅋㅋㅋ 인터벌 40초는 시발 ㅋㅋㅋㅋㅋㅋ,막스 알감자 하나 사먹고와도 되겠네 ㅋㅋㅋㅋ 인터벌 40초는 시발 ㅋㅋㅋㅋㅋㅋ,0.21332524716854095,0.24668066203594208,0.19766898453235626,0.17886723577976227,0.08135010302066803,0.0821077898144722
2024-03-03 01:04:54,레드불 버짓캡 반으로 줄이면 안되냐,ㅇㅇ,37,37.0,레드불 버짓캡 반으로 줄이면 안되냐 ㅇㅇ,레드불 버짓캡 반으로 줄이면 안되냐 ㅇㅇ,0.10664837062358856,0.2768961191177368,0.24753595888614655,0.14659346640110016,0.05810367688536644,0.16422247886657715
2024-03-03 01:04:59,막스 막렙에 패랩따러 또 나오겠노ㅋㅋㅋㅋㅋ,,37,37.0,막스 막렙에 패랩따러 또 나오겠노ㅋㅋㅋㅋㅋ ,막스 막렙에 패랩따러 또 나오겠노ㅋㅋㅋㅋㅋ,0.48268502950668335,0.17804929614067078,0.1684788465499878,0.08440742641687393,0.0517425462603569,0.034636836498975754
2024-03-03 01:05:00,레이스가 장난이네 ㄹㅇ,농락하노,37,37.0,레이스가 장난이네 ㄹㅇ 농락하노,레이스가 장난이네 ㄹㅇ 농락하노,0.09293624758720398,0.2845757305622101,0.15674933791160583,0.25098106265068054,0.0729953721165657,0.14176221191883087
2024-03-03 01:05:00,모든컴파운드에서 레이스성능저하 사실상없었다는거진짜였냐,,37,37.0,모든컴파운드에서 레이스성능저하 사실상없었다는거진짜였냐 ,모든컴파운드에서 레이스성능저하 사실상없었다는거진짜였냐,0.0845186784863472,0.23190757632255554,0.3215102553367615,0.1543705314397812,0.08312693238258362,0.12456603348255157
2024-03-03 01:05:02,레드불 프리시즌 테스팅함?,먼데,37,37.0,레드불 프리시즌 테스팅함? 먼데,레드불 프리시즌 테스팅함? 먼데,0.15292131900787354,0.23606307804584503,0.332579106092453,0.11329365521669388,0.08609654754400253,0.07904631644487381
2024-03-03 01:05:05,뭔데 알비..,,37,37.0,뭔데 알비.. ,뭔데 알비..,0.10533719509840012,0.24718056619167328,0.2919192612171173,0.15810897946357727,0.09955527633428574,0.09789878875017166
2024-03-03 01:05:06,막스무전) 누가 패랩 뺏어가면 알려줄수있냐,미친년 ㅋㅋㅋㅋㅋㅋㅋㅋ,37,37.0,막스무전) 누가 패랩 뺏어가면 알려줄수있냐 미친년 ㅋㅋㅋㅋㅋㅋㅋㅋ,막스무전) 누가 패랩 뺏어가면 알려줄수있냐 미친년 ㅋㅋㅋㅋㅋㅋㅋㅋ,0.14299069344997406,0.26879680156707764,0.18206582963466644,0.22122706472873688,0.0884573757648468,0.09646236151456833
2024-03-03 01:05:06,20랩남기고 소프트ㅋㅋㅋ,"진짜 비행기냐고
- dc official App",37,37.0,"20랩남기고 소프트ㅋㅋㅋ 진짜 비행기냐고
- dc official App",20랩남기고 소프트ㅋㅋㅋ 진짜 비행기냐고,0.08834594488143921,0.28470689058303833,0.230073019862175,0.17830033600330353,0.08663903176784515,0.13193483650684357
2024-03-03 01:05:07,비틱질아니냐,"뭔 지금 소프트를
- dc official App",38,38.0,"비틱질아니냐 뭔 지금 소프트를
- dc official App",비틱질아니냐 뭔 지금 소프트를,0.09394534677267075,0.2678518295288086,0.25995418429374695,0.1880442053079605,0.05868333950638771,0.13152113556861877
2024-03-03 01:05:08,오늘 체코신이 뭐 보여주겠노 ㅋㅋㅋㅋㅋ,ㅋㅋㅋㅋㅋㅋㅋ,38,38.0,오늘 체코신이 뭐 보여주겠노 ㅋㅋㅋㅋㅋ ㅋㅋㅋㅋㅋㅋㅋ,오늘 체코신이 뭐 보여주겠노 ㅋㅋㅋㅋㅋ ㅋㅋㅋㅋㅋㅋㅋ,0.6065332889556885,0.157878115773201,0.09811346232891083,0.06702500581741333,0.03232157975435257,0.03812849894165993
2024-03-03 01:05:13,레드불 저정도면 w11보다 사기차 아님?,개사기차 만든거 같은데,38,38.0,레드불 저정도면 w11보다 사기차 아님? 개사기차 만든거 같은데,레드불 저정도면 w11보다 사기차 아님? 개사기차 만든거 같은데,0.07520563900470734,0.2243736982345581,0.27915284037590027,0.18770694732666016,0.07158353179693222,0.1619773507118225
2024-03-03 01:05:15,막스 그냥 한번 더 피트스탑해도 우승일듯,ㅋㅋ,38,38.0,막스 그냥 한번 더 피트스탑해도 우승일듯 ㅋㅋ,막스 그냥 한번 더 피트스탑해도 우승일듯 ㅋㅋ,0.45042794942855835,0.1893206089735031,0.16896936297416687,0.08673503994941711,0.06252360343933105,0.04202348366379738
2024-03-03 01:05:15,1 2위 차잎40초가 말이되노 ㅋㅋㅋㅋ,ㅋㅋ,38,38.0,1 2위 차잎40초가 말이되노 ㅋㅋㅋㅋ ㅋㅋ,1 2위 차잎40초가 말이되노 ㅋㅋㅋㅋ ㅋㅋ,0.22826041281223297,0.27773869037628174,0.23964837193489075,0.11761054396629333,0.08701258897781372,0.04972938820719719
2024-03-03 01:05:16,님들 저우 몇랩에 들어간지 기억함?,쟤 끝까지 갈 수 잇음?,38,38.0,님들 저우 몇랩에 들어간지 기억함? 쟤 끝까지 갈 수 잇음?,님들 저우 몇랩에 들어간지 기억함? 쟤 끝까지 갈 수 잇음?,0.1253156214952469,0.18707934021949768,0.368726521730423,0.12301013618707657,0.13016486167907715,0.06570345163345337
2024-03-03 01:05:17,레드불 소프트로 바꾼 이유 <<- 피트스탑 한번 더 해도 손해 없음.,소프트 달리다 여차하면 바꿔버리면 됨.,38,38.0,레드불 소프트로 바꾼 이유 <<- 피트스탑 한번 더 해도 손해 없음. 소프트 달리다 여차하면 바꿔버리면 됨.,레드불 소프트로 바꾼 이유 <<- 피트스탑 한번 더 해도 손해 없음. 소프트 달리다 여차하면 바꿔버리면 됨.,0.5337744951248169,0.1597270369529724,0.11166953295469284,0.08001461625099182,0.04409456625580788,0.07071982324123383
2024-03-03 01:05:18,f1 헤일로 삭제하고 각종 리밋도 없애야지 ㅅㅂ 지금 게이스포츠임,이대로가다간 10년내로 틀딱스포츠된다 상남자 스포츠 되돌ㅏ가야,38,38.0,f1 헤일로 삭제하고 각종 리밋도 없애야지 ㅅㅂ 지금 게이스포츠임 이대로가다간 10년내로 틀딱스포츠된다 상남자 스포츠 되돌ㅏ가야,f1 헤일로 삭제하고 각종 리밋도 없애야지 ㅅㅂ 지금 게이스포츠임 이대로가다간 10년내로 틀딱스포츠된다 상남자 스포츠 되돌ㅏ가야,0.1175897866487503,0.20602354407310486,0.12180912494659424,0.270619660615921,0.0433608703315258,0.24059706926345825
2024-03-03 01:05:18,이새끼 멀쩡해서 재미가 없음,,38,38.0,이새끼 멀쩡해서 재미가 없음 ,이새끼 멀쩡해서 재미가 없음,0.11586509644985199,0.2883390486240387,0.13927963376045227,0.2124873250722885,0.06318917870521545,0.1808396726846695
2024-03-03 01:05:19,사실 레드불 차 바퀴에는 초전도체를 발랐대!,,38,38.0,사실 레드불 차 바퀴에는 초전도체를 발랐대! ,사실 레드불 차 바퀴에는 초전도체를 발랐대!,0.2117907553911209,0.220085009932518,0.3127857446670532,0.09960094094276428,0.10587387531995773,0.049863725900650024
2024-03-03 01:05:19,레드불 넌 타이어관리조차 최강이란 말이냐!,"크아아악
- dc official App",38,38.0,"레드불 넌 타이어관리조차 최강이란 말이냐! 크아아악
- dc official App",레드불 넌 타이어관리조차 최강이란 말이냐! 크아아악,0.12060228735208511,0.1982675939798355,0.21123848855495453,0.21433180570602417,0.14434769749641418,0.1112121194601059
2024-03-03 01:05:20,몽골 첫스틴트 소프트 17랩 페이스 안떨어진거 보면 막스틴트 가능할듯,초전도 레이싱 파워,38,38.0,몽골 첫스틴트 소프트 17랩 페이스 안떨어진거 보면 막스틴트 가능할듯 초전도 레이싱 파워,몽골 첫스틴트 소프트 17랩 페이스 안떨어진거 보면 막스틴트 가능할듯 초전도 레이싱 파워,0.3561331331729889,0.2067488580942154,0.24535821378231049,0.0771707072854042,0.0711115300655365,0.04347754642367363
2024-03-03 01:05:28,뉴이는 ㅅㅂ 도대체 뭘 만든거임?,저거 차는 맞냐?,38,38.0,뉴이는 ㅅㅂ 도대체 뭘 만든거임? 저거 차는 맞냐?,뉴이는 ㅅㅂ 도대체 뭘 만든거임? 저거 차는 맞냐?,0.07862751930952072,0.2560039460659027,0.22575592994689941,0.19402720034122467,0.05900699645280838,0.1865784078836441
2024-03-03 01:05:30,제발 아무나 엔진 터져라,,38,38.0,제발 아무나 엔진 터져라 ,제발 아무나 엔진 터져라,0.17389391362667084,0.18519851565361023,0.17041343450546265,0.20602665841579437,0.0693601593375206,0.19510728120803833
2024-03-03 01:05:32,레드불은 타이어 관리가 얼마나 잘되길래 소프트를 끼노,조금 무서워요,38,38.0,레드불은 타이어 관리가 얼마나 잘되길래 소프트를 끼노 조금 무서워요,레드불은 타이어 관리가 얼마나 잘되길래 소프트를 끼노 조금 무서워요,0.1228940561413765,0.2098042517900467,0.34830206632614136,0.1264011263847351,0.11318808794021606,0.0794103816151619
2024-03-03 01:05:37,근데 무서운건,"사인지가 따라잡고있음 소프트를
- dc official App",38,38.0,"근데 무서운건 사인지가 따라잡고있음 소프트를
- dc official App",근데 무서운건 사인지가 따라잡고있음 소프트를,0.15537703037261963,0.20516642928123474,0.3514860272407532,0.11506408452987671,0.11696077883243561,0.05594567582011223
2024-03-03 01:05:43,슬슬 시즌 끝내자,"이새끼 지금 월챔 주고
담주부터 25시즌 ㄱㄱ
규정 대변화 시즌까지 스겜하자
- dc official App",38,38.0,"슬슬 시즌 끝내자 이새끼 지금 월챔 주고
담주부터 25시즌 ㄱㄱ
규정 대변화 시즌까지 스겜하자
- dc official App",슬슬 시즌 끝내자 이새끼 지금 월챔 주고 담주부터 25시즌 ㄱㄱ 규정 대변화 시즌까지 스겜하자,0.21019552648067474,0.2287115901708603,0.14482536911964417,0.19524163007736206,0.0642775148153305,0.15674835443496704
2024-03-03 01:05:50,레드불은 지들만 타이어 캐쉬템쓰냐,걍 전혀 다른차네 ㅋㅋ,38,38.0,레드불은 지들만 타이어 캐쉬템쓰냐 걍 전혀 다른차네 ㅋㅋ,레드불은 지들만 타이어 캐쉬템쓰냐 걍 전혀 다른차네 ㅋㅋ,0.08596261590719223,0.2239980548620224,0.26640328764915466,0.22732017934322357,0.07574699074029922,0.12056882679462433
2024-03-03 01:05:52,막가놈 소프트 하나 더 있음??,갭 보니깐 플랜F 가야만 하는데,38,38.0,막가놈 소프트 하나 더 있음?? 갭 보니깐 플랜F 가야만 하는데,막가놈 소프트 하나 더 있음?? 갭 보니깐 플랜F 가야만 하는데,0.10424130409955978,0.2778148651123047,0.2821660041809082,0.11448144912719727,0.117957703769207,0.10333868861198425
2024-03-03 01:05:52,차를 얼마나 좆사기로 만들었다길래 소프트를 끼우노,"타이어 안 깎는 노인 ㄷㄷ
- dc official App",38,38.0,"차를 얼마나 좆사기로 만들었다길래 소프트를 끼우노 타이어 안 깎는 노인 ㄷㄷ
- dc official App",차를 얼마나 좆사기로 만들었다길래 소프트를 끼우노 타이어 안 깎는 노인 ㄷㄷ,0.08730555325746536,0.18352097272872925,0.3003403842449188,0.20963381230831146,0.08804788440465927,0.13115133345127106
2024-03-03 01:05:55,리카도도 셉처럼 퇴물 다 됐는데,"웃음으로 여태 하는 운전숰ㅋㅋㅋ
- dc official App",38,38.0,"리카도도 셉처럼 퇴물 다 됐는데 웃음으로 여태 하는 운전숰ㅋㅋㅋ
- dc official App",리카도도 셉처럼 퇴물 다 됐는데 웃음으로 여태 하는 운전숰ㅋㅋㅋ,0.27199700474739075,0.28304407000541687,0.16046258807182312,0.09949412196874619,0.09268080443143845,0.09232132136821747
2024-03-03 01:05:58,이번시즌 요약,"너는 최강이라 막스 베르스타펜인거냐 막스 베르스타펜이라 최강인거냐
- dc official App",38,38.0,"이번시즌 요약 너는 최강이라 막스 베르스타펜인거냐 막스 베르스타펜이라 최강인거냐
- dc official App",이번시즌 요약 너는 최강이라 막스 베르스타펜인거냐 막스 베르스타펜이라 최강인거냐,0.12215189635753632,0.2937721312046051,0.2720659375190735,0.12621678411960602,0.07872756570577621,0.10706569254398346
2024-03-03 01:06:06,막스무전) 자꾸 패랩 뭏어보는중,gp는 이걸로 20랩 가야되니까 제발 초반엔 살살달리러고 하소연중 ㅋㅋㅋㅋ,38,38.0,막스무전) 자꾸 패랩 뭏어보는중 gp는 이걸로 20랩 가야되니까 제발 초반엔 살살달리러고 하소연중 ㅋㅋㅋㅋ,막스무전) 자꾸 패랩 뭏어보는중 gp는 이걸로 20랩 가야되니까 제발 초반엔 살살달리러고 하소연중 ㅋㅋㅋㅋ,0.2353941947221756,0.3307126462459564,0.14547406136989594,0.12342136353254318,0.07061314582824707,0.09438456594944
2024-03-03 01:06:19,하 알핀 17 18 ㅋㅋ 저새끼들은 ㄹㅇ,안드레티 들어가게 방 빼라 니넨 씨발,38,38.0,하 알핀 17 18 ㅋㅋ 저새끼들은 ㄹㅇ 안드레티 들어가게 방 빼라 니넨 씨발,하 알핀 17 18 ㅋㅋ 저새끼들은 ㄹㅇ 안드레티 들어가게 방 빼라 니넨 씨발,0.17771954834461212,0.16703875362873077,0.1150570660829544,0.3247723877429962,0.04484410956501961,0.17056815326213837
2024-03-03 01:06:29,그냥 담라 전에 레드불 BOP 먹이면 안되냐?,아님 슬릭 파고 포E 타이어 끼워라 제발,38,38.0,그냥 담라 전에 레드불 BOP 먹이면 안되냐? 아님 슬릭 파고 포E 타이어 끼워라 제발,그냥 담라 전에 레드불 BOP 먹이면 안되냐? 아님 슬릭 파고 포E 타이어 끼워라 제발,0.08122334629297256,0.21486884355545044,0.1936766654253006,0.22233283519744873,0.05010930076241493,0.23778901994228363
2024-03-03 01:06:31,노리스가 르클 못따라가네,르클이새끼 적응 한듯,38,38.0,노리스가 르클 못따라가네 르클이새끼 적응 한듯,노리스가 르클 못따라가네 르클이새끼 적응 한듯,0.11768709868192673,0.241445854306221,0.337112158536911,0.11949406564235687,0.12557433545589447,0.05868643894791603
2024-03-03 01:06:36,대런은 걍 은퇴하자,로슨 자리줘라,38,38.0,대런은 걍 은퇴하자 로슨 자리줘라,대런은 걍 은퇴하자 로슨 자리줘라,0.11738768219947815,0.27385473251342773,0.27896395325660706,0.11384087055921555,0.09564117342233658,0.12031157314777374
2024-03-03 01:06:39,막스 걍 25연승 할 듯,- dc official App,38,38.0,막스 걍 25연승 할 듯 - dc official App,막스 걍 25연승 할 듯 - dc official App,0.5580080151557922,0.15677936375141144,0.13306871056556702,0.06876970827579498,0.04513763636350632,0.038236573338508606
2024-03-03 01:06:50,■ 그냥 병신,"혼자 지랄쇼하지도 않음
그렇다고 팀메끼리 경쟁하는것도 아님",39,39.0,"■ 그냥 병신 혼자 지랄쇼하지도 않음
그렇다고 팀메끼리 경쟁하는것도 아님",■ 그냥 병신 혼자 지랄쇼하지도 않음 그렇다고 팀메끼리 경쟁하는것도 아님,0.14357741177082062,0.3043021857738495,0.15516990423202515,0.19998571276664734,0.06324228644371033,0.13372252881526947
2024-03-03 01:06:51,그냥 벌써 다음 레이스 실험하는거지 저건 ㅋㅋㅋ 20랩 소프트 씹에반데,진짜 데이터 뽑아내기용임 ㅋㅋㅋㅋ,39,39.0,그냥 벌써 다음 레이스 실험하는거지 저건 ㅋㅋㅋ 20랩 소프트 씹에반데 진짜 데이터 뽑아내기용임 ㅋㅋㅋㅋ,그냥 벌써 다음 레이스 실험하는거지 저건 ㅋㅋㅋ 20랩 소프트 씹에반데 진짜 데이터 뽑아내기용임 ㅋㅋㅋㅋ,0.1334989219903946,0.2341454029083252,0.31451845169067383,0.14945140480995178,0.10712692141532898,0.06125887855887413
2024-03-03 01:06:54,스킵하고 25년 해물탕 페라리나 보고 싶다,올해 그냥 23년 다시보기인듯,39,39.0,스킵하고 25년 해물탕 페라리나 보고 싶다 올해 그냥 23년 다시보기인듯,스킵하고 25년 해물탕 페라리나 보고 싶다 올해 그냥 23년 다시보기인듯,0.2893650531768799,0.2776116728782654,0.12132567912340164,0.1351095736026764,0.05266638845205307,0.12392161041498184
2024-03-03 01:06:56,틀딱모임ㄷㄷ,,39,39.0,틀딱모임ㄷㄷ ,틀딱모임ㄷㄷ,0.10397220402956009,0.1874256730079651,0.2880259156227112,0.21620170772075653,0.10873295366764069,0.09564148634672165
2024-03-03 01:06:59,근데 막스 전승우승하면 ㄹㅇ 은퇴하는거 아니냐,ㅈ노잼레이싱 별로 안좋아하는거같더만,39,39.0,근데 막스 전승우승하면 ㄹㅇ 은퇴하는거 아니냐 ㅈ노잼레이싱 별로 안좋아하는거같더만,근데 막스 전승우승하면 ㄹㅇ 은퇴하는거 아니냐 ㅈ노잼레이싱 별로 안좋아하는거같더만,0.08572392910718918,0.22770604491233826,0.33515581488609314,0.14720338582992554,0.12220844626426697,0.0820024162530899
2024-03-03 01:07:02,나만 사인츠가 페레즈 따라잡고,분노의 질주 1화 마지막 인터뷰하는거 보이냐??,39,39.0,나만 사인츠가 페레즈 따라잡고 분노의 질주 1화 마지막 인터뷰하는거 보이냐??,나만 사인츠가 페레즈 따라잡고 분노의 질주 1화 마지막 인터뷰하는거 보이냐??,0.18705500662326813,0.21683737635612488,0.3353504538536072,0.10923290252685547,0.11157757043838501,0.03994661942124367
2024-03-03 01:07:03,작년이랑 차 바뀐거 맞음?,뭐가 달라짐?,39,39.0,작년이랑 차 바뀐거 맞음? 뭐가 달라짐?,작년이랑 차 바뀐거 맞음? 뭐가 달라짐?,0.13705675303936005,0.23463283479213715,0.3297176957130432,0.11207368969917297,0.08430803567171097,0.10221093893051147
2024-03-03 01:07:17,올해는 GP2엔진 안해주나?,- dc official App,39,39.0,올해는 GP2엔진 안해주나? - dc official App,올해는 GP2엔진 안해주나? - dc official App,0.24272386729717255,0.2683808207511902,0.23777641355991364,0.09803798794746399,0.05542058125138283,0.09766029566526413
2024-03-03 01:07:24,이럴거면 걍 전체 폴 투 윈 해보자,"+ dc official App
가망이 없다
- dc official App",39,39.0,"이럴거면 걍 전체 폴 투 윈 해보자 + dc official App
가망이 없다
- dc official App",이럴거면 걍 전체 폴 투 윈 해보자 + dc official App 가망이 없다,0.08926580846309662,0.2814013957977295,0.19001422822475433,0.14562112092971802,0.0682450607419014,0.22545230388641357
2024-03-03 01:07:26,작년보다 격차 좁혀졌다면서요 씨발,발닦고 자러간다,39,39.0,작년보다 격차 좁혀졌다면서요 씨발 발닦고 자러간다,작년보다 격차 좁혀졌다면서요 씨발 발닦고 자러간다,0.11930076032876968,0.22680144011974335,0.11390214413404465,0.2501315474510193,0.04538888856768608,0.24447520077228546
2024-03-03 01:07:29,그냥 몽골 이새끼 월챔 주고 시즌 조기마감하자,시발 거의 수면제노,39,39.0,그냥 몽골 이새끼 월챔 주고 시즌 조기마감하자 시발 거의 수면제노,그냥 몽골 이새끼 월챔 주고 시즌 조기마감하자 시발 거의 수면제노,0.0774620920419693,0.20109744369983673,0.17138153314590454,0.25511589646339417,0.0678415447473526,0.22710146009922028
2024-03-03 01:07:30,그니깐 1등 싸움하는거지?,페레즈랑 사인스가 1위 쟁탈전 하는거지?,39,39.0,그니깐 1등 싸움하는거지? 페레즈랑 사인스가 1위 쟁탈전 하는거지?,그니깐 1등 싸움하는거지? 페레즈랑 사인스가 1위 쟁탈전 하는거지?,0.12102533131837845,0.24018415808677673,0.34541937708854675,0.1077285036444664,0.10109125077724457,0.08455132693052292
2024-03-03 01:07:41,알핀 쳐내고 캐딜락 넣어,왜 넣어두는거임,39,39.0,알핀 쳐내고 캐딜락 넣어 왜 넣어두는거임,알핀 쳐내고 캐딜락 넣어 왜 넣어두는거임,0.1070190966129303,0.3032473027706146,0.2082401067018509,0.17829106748104095,0.04320245608687401,0.1599999964237213
2024-03-03 01:07:42,"지금 레드불은 ""타이어 벗기기 놀이"" 하는거임 ㅇㅇ","F1이 눈물나게 쉽고 재미없어서
남은 20랩동안 피렐리랑 소프트 벗기기놀이 하는거임 ㅇㅇ",39,39.0,"지금 레드불은 ""타이어 벗기기 놀이"" 하는거임 ㅇㅇ F1이 눈물나게 쉽고 재미없어서
남은 20랩동안 피렐리랑 소프트 벗기기놀이 하는거임 ㅇㅇ","지금 레드불은 ""타이어 벗기기 놀이"" 하는거임 ㅇㅇ F1이 눈물나게 쉽고 재미없어서 남은 20랩동안 피렐리랑 소프트 벗기기놀이 하는거임 ㅇㅇ",0.2148110717535019,0.293462872505188,0.1626589149236679,0.16458538174629211,0.07568494975566864,0.0887967050075531
2024-03-03 01:07:46,르클 초반에 휠락뭐시기만 아니었다면 포디움권 경쟁은 했네,"ㅋㅋ어쩌겠노
- dc official App",39,39.0,"르클 초반에 휠락뭐시기만 아니었다면 포디움권 경쟁은 했네 ㅋㅋ어쩌겠노
- dc official App",르클 초반에 휠락뭐시기만 아니었다면 포디움권 경쟁은 했네 ㅋㅋ어쩌겠노,0.11175252497196198,0.3466859757900238,0.19060732424259186,0.1291588693857193,0.08558904379606247,0.1362062692642212
2024-03-03 01:07:48,막스 패랩탈환 ㅋㅋㅋㅋ,ㅋㅋㅋㅋㅋ,39,39.0,막스 패랩탈환 ㅋㅋㅋㅋ ㅋㅋㅋㅋㅋ,막스 패랩탈환 ㅋㅋㅋㅋ ㅋㅋㅋㅋㅋ,0.678333580493927,0.12147928774356842,0.08109311014413834,0.06160977855324745,0.025089720264077187,0.032394446432590485
2024-03-03 01:07:51,걍 몽골은 3스탑 하면 안되냐,그래도 1등으로 나올듯 ㅋㅋ,39,39.0,걍 몽골은 3스탑 하면 안되냐 그래도 1등으로 나올듯 ㅋㅋ,걍 몽골은 3스탑 하면 안되냐 그래도 1등으로 나올듯 ㅋㅋ,0.09456903487443924,0.2191074788570404,0.21861088275909424,0.24331213533878326,0.09625634551048279,0.12814414501190186
2024-03-03 01:07:53,사인츠 페라리 떠나는거 아쉽다,진짜 잘하는데,39,39.0,사인츠 페라리 떠나는거 아쉽다 진짜 잘하는데,사인츠 페라리 떠나는거 아쉽다 진짜 잘하는데,0.19647037982940674,0.28545477986335754,0.1874995082616806,0.11452759802341461,0.06699510663747787,0.14905261993408203
2024-03-03 01:07:58,윌리엄스 탈출하면 출세할 줄 알았던 러셀이,"젤 피해자지
- dc official App",39,39.0,"윌리엄스 탈출하면 출세할 줄 알았던 러셀이 젤 피해자지
- dc official App",윌리엄스 탈출하면 출세할 줄 알았던 러셀이 젤 피해자지,0.10058916360139847,0.28897717595100403,0.1762547492980957,0.1378195881843567,0.0791611596941948,0.21719814836978912
2024-03-03 01:07:59,중계 오피셜) 오늘 노잼,ㅐㅐ,39,39.0,중계 오피셜) 오늘 노잼 ㅐㅐ,중계 오피셜) 오늘 노잼 ㅐㅐ,0.12077119946479797,0.32451823353767395,0.1758672595024109,0.16183941066265106,0.05639137700200081,0.16061259806156158
2024-03-03 01:08:11,사고 언제남ㅡㅡ,노잼임 ㅡㅡ,39,39.0,사고 언제남ㅡㅡ 노잼임 ㅡㅡ,사고 언제남ㅡㅡ 노잼임 ㅡㅡ,0.12274287641048431,0.3250001072883606,0.1403171867132187,0.17858624458312988,0.04887935146689415,0.18447422981262207
2024-03-03 01:08:19,진짜 병신,사실상 꼴찌,39,39.0,진짜 병신 사실상 꼴찌,진짜 병신 사실상 꼴찌,0.07556155323982239,0.2790445387363434,0.2265074998140335,0.16692258417606354,0.10200575739145279,0.149958074092865
2024-03-03 01:08:19,RB20 존나 환골탈태급으로 바꿔왔으면서,왜 더 좋아졌노,39,39.0,RB20 존나 환골탈태급으로 바꿔왔으면서 왜 더 좋아졌노,RB20 존나 환골탈태급으로 바꿔왔으면서 왜 더 좋아졌노,0.09309850633144379,0.27363309264183044,0.2967485785484314,0.1447809934616089,0.08377642929553986,0.10796238481998444
2024-03-03 01:08:20,여러분은 지금 막스의 생전 개쩌는 순간을 아무 이유없이 보고계십니다,에라이 쉬벌ㅋ,40,40.0,여러분은 지금 막스의 생전 개쩌는 순간을 아무 이유없이 보고계십니다 에라이 쉬벌ㅋ,여러분은 지금 막스의 생전 개쩌는 순간을 아무 이유없이 보고계십니다 에라이 쉬벌ㅋ,0.13287118077278137,0.21037480235099792,0.1491730660200119,0.28513723611831665,0.08848048001527786,0.13396327197551727
2024-03-03 01:08:24,아니 그렇네 레이스 왜 1시간컷임,에바마,40,40.0,아니 그렇네 레이스 왜 1시간컷임 에바마,아니 그렇네 레이스 왜 1시간컷임 에바마,0.07978282123804092,0.341227650642395,0.17536522448062897,0.1675601750612259,0.05337047949433327,0.18269367516040802
2024-03-03 01:08:28,몽골이 혼자 초전도 크루징 쇼 하면 밑에서 범퍼카라도 하라고,포인트 밖이면 총대매고 레드플랙 띄우자,40,40.0,몽골이 혼자 초전도 크루징 쇼 하면 밑에서 범퍼카라도 하라고 포인트 밖이면 총대매고 레드플랙 띄우자,몽골이 혼자 초전도 크루징 쇼 하면 밑에서 범퍼카라도 하라고 포인트 밖이면 총대매고 레드플랙 띄우자,0.24682004749774933,0.23110459744930267,0.21436725556850433,0.12718600034713745,0.08022422343492508,0.10029785335063934
2024-03-03 01:08:29,1:32 ㅋㅋㅋㅋ,f0타냐,40,40.0,1:32 ㅋㅋㅋㅋ f0타냐,1:32 ㅋㅋㅋㅋ f0타냐,0.15185478329658508,0.22752898931503296,0.3120412826538086,0.15588250756263733,0.08600931614637375,0.06668311357498169
2024-03-03 01:08:42,자동소ㅠㅠ,- dc official App,40,40.0,자동소ㅠㅠ - dc official App,자동소ㅠㅠ - dc official App,0.1688643991947174,0.28792813420295715,0.16790929436683655,0.135502889752388,0.07062036544084549,0.16917499899864197
2024-03-03 01:08:43,"레이스 스타트 3시라고 속인 엪붕이들,",사실...뉴비들이 노잼 경기를 안 보고 일찍 잠들도록 유도하기 위함이 아니었을까..?,40,40.0,"레이스 스타트 3시라고 속인 엪붕이들, 사실...뉴비들이 노잼 경기를 안 보고 일찍 잠들도록 유도하기 위함이 아니었을까..?","레이스 스타트 3시라고 속인 엪붕이들, 사실...뉴비들이 노잼 경기를 안 보고 일찍 잠들도록 유도하기 위함이 아니었을까..?",0.07385317981243134,0.26395082473754883,0.29877376556396484,0.14294400811195374,0.10401007533073425,0.116468146443367
2024-03-03 01:08:43,지피 뚜 엔진 지피 뚜,으아아악,40,40.0,지피 뚜 엔진 지피 뚜 으아아악,지피 뚜 엔진 지피 뚜 으아아악,0.16444717347621918,0.24274210631847382,0.14519600570201874,0.2361496537923813,0.06629102677106857,0.14517401158809662
2024-03-03 01:08:56,애마 전략 꼬라지ㅋㅋ,www,40,40.0,애마 전략 꼬라지ㅋㅋ www,애마 전략 꼬라지ㅋㅋ www,0.09158452600240707,0.2261834591627121,0.29905545711517334,0.19083963334560394,0.08238635212182999,0.10995060205459595
2024-03-03 01:08:58,애마는 열린 문~,ㅣㅣ,40,40.0,애마는 열린 문~ ㅣㅣ,애마는 열린 문~ ㅣㅣ,0.6455191373825073,0.13189972937107086,0.0852772668004036,0.06858722865581512,0.029821189120411873,0.03889540210366249
2024-03-03 01:08:59,이번시즌 역대급 노잼 확정이네,잔다 ㅋㅋ,40,40.0,이번시즌 역대급 노잼 확정이네 잔다 ㅋㅋ,이번시즌 역대급 노잼 확정이네 잔다 ㅋㅋ,0.1314609944820404,0.31237679719924927,0.13826093077659607,0.18083307147026062,0.06557080149650574,0.1714973896741867
2024-03-03 01:09:00,쿠팡피셜) 오늘 노잼 ㅇㅈ,이게 재밌으면 그건 퍼거야,40,40.0,쿠팡피셜) 오늘 노잼 ㅇㅈ 이게 재밌으면 그건 퍼거야,쿠팡피셜) 오늘 노잼 ㅇㅈ 이게 재밌으면 그건 퍼거야,0.12571799755096436,0.3270818889141083,0.16904683411121368,0.1612626016139984,0.07102572172880173,0.14586502313613892
2024-03-03 01:09:09,사인츠 ← 페라리 잔류해야함,퇴물탕이 오면 ㅅㅂ 좆됨,40,40.0,사인츠 ← 페라리 잔류해야함 퇴물탕이 오면 ㅅㅂ 좆됨,사인츠 ← 페라리 잔류해야함 퇴물탕이 오면 ㅅㅂ 좆됨,0.09759897738695145,0.20833444595336914,0.2213716357946396,0.1744057685136795,0.11059620976448059,0.18769294023513794
2024-03-03 01:09:10,막스는 날개 달면 진짜 날아가겠네,뭐저리 빠르냐 미친새끼,40,40.0,막스는 날개 달면 진짜 날아가겠네 뭐저리 빠르냐 미친새끼,막스는 날개 달면 진짜 날아가겠네 뭐저리 빠르냐 미친새끼,0.1473085731267929,0.18894830346107483,0.3026854395866394,0.16801048815250397,0.12819615006446838,0.06485112756490707
2024-03-03 01:09:14,맥라렌 56 어케 안될까요,더 많이 안바라고 56만 해줘,40,40.0,맥라렌 56 어케 안될까요 더 많이 안바라고 56만 해줘,맥라렌 56 어케 안될까요 더 많이 안바라고 56만 해줘,0.3509388864040375,0.2050960510969162,0.18232089281082153,0.08985482156276703,0.07303879410028458,0.09875058382749557
2024-03-03 01:09:17,틀론소 핏인안하냐??,과열이라지만 심한데,40,40.0,틀론소 핏인안하냐?? 과열이라지만 심한데,틀론소 핏인안하냐?? 과열이라지만 심한데,0.09976837038993835,0.280574232339859,0.22987404465675354,0.16297976672649384,0.06013019010424614,0.1666734218597412
2024-03-03 01:09:21,알론소 크래쉬 기다리냐?,ㅋㅋㅋ,40,40.0,알론소 크래쉬 기다리냐? ㅋㅋㅋ,알론소 크래쉬 기다리냐? ㅋㅋㅋ,0.4145321249961853,0.20249637961387634,0.18829619884490967,0.09157335758209229,0.052003443241119385,0.05109843984246254
2024-03-03 01:09:21,몽골은 한랩 더돌자,ㅇㅇ,40,40.0,몽골은 한랩 더돌자 ㅇㅇ,몽골은 한랩 더돌자 ㅇㅇ,0.5919661521911621,0.14597685635089874,0.10028015077114105,0.07222980260848999,0.040778521448373795,0.04876852408051491
2024-03-03 01:09:33,피아제는 ㄹㅇ 신기라도 받았냐ㅋㅋㅋㅋㅋㅋ,"알핀 멸망한거봐 ㅅㅂㅋㅋㅋㅋㅋㅋㅋㅋ
- dc official App",40,40.0,"피아제는 ㄹㅇ 신기라도 받았냐ㅋㅋㅋㅋㅋㅋ 알핀 멸망한거봐 ㅅㅂㅋㅋㅋㅋㅋㅋㅋㅋ
- dc official App",피아제는 ㄹㅇ 신기라도 받았냐ㅋㅋㅋㅋㅋㅋ 알핀 멸망한거봐 ㅅㅂㅋㅋㅋㅋㅋㅋㅋㅋ,0.0964612290263176,0.2146732658147812,0.21349593997001648,0.24341943860054016,0.1080952137708664,0.12385491281747818
2024-03-03 01:09:38,두개 동시에 보는데,"둘 다 노잼이네 씨발
- dc official App",40,40.0,"두개 동시에 보는데 둘 다 노잼이네 씨발
- dc official App",두개 동시에 보는데 둘 다 노잼이네 씨발,0.12578976154327393,0.2701156437397003,0.10750822722911835,0.24859777092933655,0.04107113555073738,0.20691746473312378
2024-03-03 01:09:39,아 메르 좆병신차,ㅅㅂ,40,40.0,아 메르 좆병신차 ㅅㅂ,아 메르 좆병신차 ㅅㅂ,0.14316634833812714,0.20014679431915283,0.10249140113592148,0.29480063915252686,0.03876454755663872,0.22063027322292328
2024-03-03 01:09:39,카타르로 넘어갈까,,40,40.0,카타르로 넘어갈까 ,카타르로 넘어갈까,0.2461489737033844,0.273313045501709,0.22268778085708618,0.09395717084407806,0.07203686237335205,0.09185612946748734
2024-03-03 01:09:50,점마빠르다ㅋㅋㅋㅋㅋㅋㅋ,,40,40.0,점마빠르다ㅋㅋㅋㅋㅋㅋㅋ ,점마빠르다ㅋㅋㅋㅋㅋㅋㅋ,0.5367701053619385,0.16560465097427368,0.15691201388835907,0.06428413838148117,0.04657450318336487,0.029854649677872658
2024-03-03 01:09:53,라티피 <----- 이새끼 그리우면 개추 ㅋㅋㅋㅋㅋ,꿀잼경기 꽃지봄 ......... GOAT,40,40.0,라티피 <----- 이새끼 그리우면 개추 ㅋㅋㅋㅋㅋ 꿀잼경기 꽃지봄 ......... GOAT,라티피 <----- 이새끼 그리우면 개추 ㅋㅋㅋㅋㅋ 꿀잼경기 꽃지봄 ......... GOAT,0.7123368978500366,0.11048033088445663,0.05820337310433388,0.055015385150909424,0.025647157803177834,0.03831692039966583
2024-03-03 01:09:54,쟤네 넘 빨라 입갤 ㅋㅋㅋㅋㅋㅋㅋ,,40,40.0,쟤네 넘 빨라 입갤 ㅋㅋㅋㅋㅋㅋㅋ ,쟤네 넘 빨라 입갤 ㅋㅋㅋㅋㅋㅋㅋ,0.6387689709663391,0.13938650488853455,0.09965375065803528,0.05676828324794769,0.033632248640060425,0.03179023787379265
2024-03-03 01:09:57,햄: 개빠르네 얘네,,41,41.0,햄: 개빠르네 얘네 ,햄: 개빠르네 얘네,0.34432995319366455,0.19973739981651306,0.254413902759552,0.08087821304798126,0.08006826043128967,0.04057225584983826
2024-03-03 01:09:57,쥬지 4등지켜라,ㄹㅇ,41,41.0,쥬지 4등지켜라 ㄹㅇ,쥬지 4등지켜라 ㄹㅇ,0.29948142170906067,0.24103951454162598,0.18735216557979584,0.09314769506454468,0.09660443663597107,0.08237477391958237
2024-03-03 01:09:59,ㅋㅋㅋㅋㅋㅋㅋㅋㅋㅋㅋ,,41,41.0,ㅋㅋㅋㅋㅋㅋㅋㅋㅋㅋㅋ ,ㅋㅋㅋㅋㅋㅋㅋㅋㅋㅋㅋ,0.6442262530326843,0.13710930943489075,0.0905570313334465,0.06810974329710007,0.025829412043094635,0.03416815027594566
2024-03-03 01:09:59,새벽 경기는 이제 안봐도 되겠다,,41,41.0,새벽 경기는 이제 안봐도 되겠다 ,새벽 경기는 이제 안봐도 되겠다,0.1845727264881134,0.3228694200515747,0.16356101632118225,0.10710889101028442,0.08281783014535904,0.13907009363174438
2024-03-03 01:10:01,스트롤 저우 저 타이어로 끝까지 가능한가?,,41,41.0,스트롤 저우 저 타이어로 끝까지 가능한가? ,스트롤 저우 저 타이어로 끝까지 가능한가?,0.1674773097038269,0.20290352404117584,0.3518713414669037,0.10735531896352768,0.11027442663908005,0.06011806055903435
2024-03-03 01:10:01,얘네 빠르노ㅋㅋㅋㅋㅋ,,41,41.0,얘네 빠르노ㅋㅋㅋㅋㅋ ,얘네 빠르노ㅋㅋㅋㅋㅋ,0.5141425728797913,0.17059703171253204,0.17165851593017578,0.06660497933626175,0.04589657112956047,0.03110034577548504
2024-03-03 01:10:02,니가 느린건 아니노?,,41,41.0,니가 느린건 아니노? ,니가 느린건 아니노?,0.10508044064044952,0.20766007900238037,0.3664972186088562,0.13900874555110931,0.09352072328329086,0.08823280036449432
2024-03-03 01:10:04,f1 2024시즌 요약,~시즌 종료~,41,41.0,f1 2024시즌 요약 ~시즌 종료~,f1 2024시즌 요약 ~시즌 종료~,0.3477852940559387,0.2396928369998932,0.16646048426628113,0.11924634873867035,0.04205257445573807,0.08476240932941437
2024-03-03 01:10:18,물탕이가 느린거 아님?,진짜모름,41,41.0,물탕이가 느린거 아님? 진짜모름,물탕이가 느린거 아님? 진짜모름,0.1460166871547699,0.2252865582704544,0.3473505675792694,0.10675901919603348,0.09806614369153976,0.07652102410793304
2024-03-03 01:10:18,알론소,자동문열어주고 편안하게 드라이브중,41,41.0,알론소 자동문열어주고 편안하게 드라이브중,알론소 자동문열어주고 편안하게 드라이브중,0.65617835521698,0.12338658422231674,0.06341900676488876,0.06800691038370132,0.02531793713569641,0.06369124352931976
2024-03-03 01:10:18,러셀이 코웃음친다 ㅋㅋ,,41,41.0,러셀이 코웃음친다 ㅋㅋ ,러셀이 코웃음친다 ㅋㅋ,0.4169917106628418,0.23835642635822296,0.13582809269428253,0.10444824397563934,0.048358023166656494,0.056017544120550156
2024-03-03 01:10:21,레드불 이 정도면 이해가 가는게,"애초에 세팅 자체가  로우 드래그가 아니라 하이 다운포스 세팅에 가까운 리어윙 각도였는데
퀄리가 생각보다 시간단축이 적어서 이거 맞나 싶었는데
레이스 페이스 보니까 확실하게 이해가 싹 가노....
생각한것보다 더 페이스차이가 나네",41,41.0,"레드불 이 정도면 이해가 가는게 애초에 세팅 자체가  로우 드래그가 아니라 하이 다운포스 세팅에 가까운 리어윙 각도였는데
퀄리가 생각보다 시간단축이 적어서 이거 맞나 싶었는데
레이스 페이스 보니까 확실하게 이해가 싹 가노....
생각한것보다 더 페이스차이가 나네",레드불 이 정도면 이해가 가는게 애초에 세팅 자체가 로우 드래그가 아니라 하이 다운포스 세팅에 가까운 리어윙 각도였는데 퀄리가 생각보다 시간단축이 적어서 이거 맞나 싶었는데 레이스 페이스 보니까 확실하게 이해가 싹 가노.... 생각한것보다 더 페이스차이가 나네,0.1308307945728302,0.26178374886512756,0.3054034113883972,0.11524097621440887,0.11350762844085693,0.07323348522186279
2024-03-03 01:10:22,쥬지는 지금 4위라고 물탕아,ㄷㅓ 밟아,41,41.0,쥬지는 지금 4위라고 물탕아 ㄷㅓ 밟아,쥬지는 지금 4위라고 물탕아 ㄷㅓ 밟아,0.29421254992485046,0.19836634397506714,0.18396583199501038,0.13350684940814972,0.09441310912370682,0.0955352708697319
2024-03-03 01:10:26,막스도 담시즌 황라리 가서 증명하자,슈미햄 처럼 황라리가서 증명함하고 쿨은퇴하자,41,41.0,막스도 담시즌 황라리 가서 증명하자 슈미햄 처럼 황라리가서 증명함하고 쿨은퇴하자,막스도 담시즌 황라리 가서 증명하자 슈미햄 처럼 황라리가서 증명함하고 쿨은퇴하자,0.1905064731836319,0.25018444657325745,0.22721761465072632,0.11472189426422119,0.1138603538274765,0.10350926965475082
2024-03-03 01:10:34,몽골은 A524 타는게 맞음,그래야 좀 공평해질듯,41,41.0,몽골은 A524 타는게 맞음 그래야 좀 공평해질듯,몽골은 A524 타는게 맞음 그래야 좀 공평해질듯,0.11641499400138855,0.28613966703414917,0.24693302810192108,0.13028118014335632,0.07620888203382492,0.14402225613594055
2024-03-03 01:10:37,토토:우리 느린거 아니까 걍 운전이나 ㄱㄱ,"그립읍니다
- dc official App",41,41.0,"토토:우리 느린거 아니까 걍 운전이나 ㄱㄱ 그립읍니다
- dc official App",토토:우리 느린거 아니까 걍 운전이나 ㄱㄱ 그립읍니다,0.1517382711172104,0.30836132168769836,0.1581176370382309,0.13534802198410034,0.09419233351945877,0.15224245190620422
2024-03-03 01:10:37,버텨라 익이ㅋㅋㅋㅋㅋㅋ,,41,41.0,버텨라 익이ㅋㅋㅋㅋㅋㅋ ,버텨라 익이ㅋㅋㅋㅋㅋㅋ,0.5525289177894592,0.15552136301994324,0.10182306170463562,0.07953567057847977,0.04761709272861481,0.06297390162944794
2024-03-03 01:10:44,그래도 이번 컨챔2위는 볼만하겠노,도련놈만 잘해주면 페메맥마 4파전 가능할지도,41,41.0,그래도 이번 컨챔2위는 볼만하겠노 도련놈만 잘해주면 페메맥마 4파전 가능할지도,그래도 이번 컨챔2위는 볼만하겠노 도련놈만 잘해주면 페메맥마 4파전 가능할지도,0.40197932720184326,0.20311175286769867,0.19431275129318237,0.07823885232210159,0.06979599595069885,0.05256132408976555
2024-03-03 01:10:48,25시즌 찡찡 듀오 ㅋㅋㅋ,"미끌레와 해물탕 ㅋㅋ
- dc official App",41,41.0,"25시즌 찡찡 듀오 ㅋㅋㅋ 미끌레와 해물탕 ㅋㅋ
- dc official App",25시즌 찡찡 듀오 ㅋㅋㅋ 미끌레와 해물탕 ㅋㅋ,0.6888099312782288,0.11514601111412048,0.07603894174098969,0.06162223592400551,0.02411622554063797,0.03426660969853401
2024-03-03 01:10:50,사인츠 그냥 레드불 갔으면 좋겠다,"페레즈 쫓아내고...
근데 페레즈 계약기간이 어떻게 되는지 모르겠네",41,41.0,"사인츠 그냥 레드불 갔으면 좋겠다 페레즈 쫓아내고...
근데 페레즈 계약기간이 어떻게 되는지 모르겠네",사인츠 그냥 레드불 갔으면 좋겠다 페레즈 쫓아내고... 근데 페레즈 계약기간이 어떻게 되는지 모르겠네,0.13402578234672546,0.2838963270187378,0.2535656988620758,0.11044496297836304,0.08415643125772476,0.13391074538230896
2024-03-03 01:10:50,해물탕 못잡겠다 이기 ㅋㅋㅋㅋ,,41,41.0,해물탕 못잡겠다 이기 ㅋㅋㅋㅋ ,해물탕 못잡겠다 이기 ㅋㅋㅋㅋ,0.12239006906747818,0.3591393530368805,0.14270959794521332,0.1600254625082016,0.08706211298704147,0.12867332994937897
2024-03-03 01:10:52,몽골견도 이건 좀 노잼임,전승우승은 기대하는데 좀 적당히 빨라서 화면에 잡히던가,41,41.0,몽골견도 이건 좀 노잼임 전승우승은 기대하는데 좀 적당히 빨라서 화면에 잡히던가,몽골견도 이건 좀 노잼임 전승우승은 기대하는데 좀 적당히 빨라서 화면에 잡히던가,0.12286094576120377,0.32433822751045227,0.16162818670272827,0.16997678577899933,0.05620746687054634,0.16498838365077972
2024-03-03 01:10:59,파란약 ㅋㅋ,"ㅋㅋㅋㅋㅋㅋ
- dc official App",41,41.0,"파란약 ㅋㅋ ㅋㅋㅋㅋㅋㅋ
- dc official App",파란약 ㅋㅋ ㅋㅋㅋㅋㅋㅋ,0.6926587820053101,0.1153305247426033,0.07360617071390152,0.05971689522266388,0.02440672554075718,0.03428087383508682
2024-03-03 01:11:18,연료 줄어든 물탕 6등가능??,ㅇㅇ,41,41.0,연료 줄어든 물탕 6등가능?? ㅇㅇ,연료 줄어든 물탕 6등가능?? ㅇㅇ,0.1814585030078888,0.24055153131484985,0.31726211309432983,0.09741881489753723,0.0973319411277771,0.0659770742058754
2024-03-03 01:11:27,케로 기습 본인숭배,,41,41.0,케로 기습 본인숭배 ,케로 기습 본인숭배,0.12116283923387527,0.306601881980896,0.2495092898607254,0.1432701051235199,0.09006200730800629,0.08939384669065475
2024-03-03 01:11:33,몽골 타이어 아끼기 시작임?,갑자기 페레즈랑 격차가 줄어드네,41,41.0,몽골 타이어 아끼기 시작임? 갑자기 페레즈랑 격차가 줄어드네,몽골 타이어 아끼기 시작임? 갑자기 페레즈랑 격차가 줄어드네,0.11239666491746902,0.2530319392681122,0.3262254595756531,0.12193047255277634,0.10700229555368423,0.07941321283578873
2024-03-03 01:11:34,알론소 피트인 안시키나?,"랩타임 너무 느린데
하자마자 들어가네
- dc official App",42,42.0,"알론소 피트인 안시키나? 랩타임 너무 느린데
하자마자 들어가네
- dc official App",알론소 피트인 안시키나? 랩타임 너무 느린데 하자마자 들어가네,0.1276198923587799,0.3460453748703003,0.18590351939201355,0.14543326199054718,0.07826738804578781,0.11673058569431305
2024-03-03 01:11:37,셀프숭배 ㅋㅋㅋㅋ,- dc official App,42,42.0,셀프숭배 ㅋㅋㅋㅋ - dc official App,셀프숭배 ㅋㅋㅋㅋ - dc official App,0.30213966965675354,0.23570099472999573,0.20210228860378265,0.1386096030473709,0.06385286897420883,0.05759458988904953
2024-03-03 01:11:37,케로 2번째 셀프 디스ㅋㅋ,ㅋㅋ,42,42.0,케로 2번째 셀프 디스ㅋㅋ ㅋㅋ,케로 2번째 셀프 디스ㅋㅋ ㅋㅋ,0.22249099612236023,0.28100472688674927,0.20823141932487488,0.1501491516828537,0.06868882477283478,0.06943491101264954
2024-03-03 01:11:42,메르 시발아,아 진짜,42,42.0,메르 시발아 아 진짜,메르 시발아 아 진짜,0.1391051560640335,0.18868900835514069,0.109642893075943,0.3220694959163666,0.040343984961509705,0.20014946162700653
2024-03-03 01:11:50,러셀 피트인 해라,ㅇㅇ,42,42.0,러셀 피트인 해라 ㅇㅇ,러셀 피트인 해라 ㅇㅇ,0.49537378549575806,0.16954396665096283,0.14157304167747498,0.09727875888347626,0.04166591167449951,0.054564494639635086
2024-03-03 01:12:01,알론소 하드 ㅋㅋㅋ,뭐하노 ㅋㅋ,42,42.0,알론소 하드 ㅋㅋㅋ 뭐하노 ㅋㅋ,알론소 하드 ㅋㅋㅋ 뭐하노 ㅋㅋ,0.5937566161155701,0.15726670622825623,0.1096293032169342,0.07396911829710007,0.03029147908091545,0.03508678451180458
2024-03-03 01:12:02,올해 25번 듣게 될 노래,https://youtu.be/SBt9VJ6axB0,42,42.0,올해 25번 듣게 될 노래 https://youtu.be/SBt9VJ6axB0,올해 25번 듣게 될 노래,0.6412553191184998,0.14659814536571503,0.08298271149396896,0.05833159759640694,0.03441617265343666,0.036416083574295044
2024-03-03 01:12:03,메르는 3등차를 만들었노 ㅅㅂ,- dc official App,42,42.0,메르는 3등차를 만들었노 ㅅㅂ - dc official App,메르는 3등차를 만들었노 ㅅㅂ - dc official App,0.11677523702383041,0.22585482895374298,0.12138021737337112,0.3022148609161377,0.04134843498468399,0.19242645800113678
2024-03-03 01:12:04,왜 하드?,,42,42.0,왜 하드? ,왜 하드?,0.14511263370513916,0.23262685537338257,0.34720030426979065,0.11240142583847046,0.08740945160388947,0.07524935156106949
2024-03-03 01:12:05,2025 페라리 시트콤 송출 예정,빨리와라,42,42.0,2025 페라리 시트콤 송출 예정 빨리와라,2025 페라리 시트콤 송출 예정 빨리와라,0.6327271461486816,0.1446385383605957,0.0858519896864891,0.06416895240545273,0.03126690164208412,0.04134643077850342
2024-03-03 01:12:09,막가놈 타이어 터져라~~~~~~~~~~~~~~~~,꿀잼가자,42,42.0,막가놈 타이어 터져라~~~~~~~~~~~~~~~~ 꿀잼가자,막가놈 타이어 터져라~~~~~~~~~~~~~~~~ 꿀잼가자,0.6722391843795776,0.11890518665313721,0.0729260966181755,0.06952274590730667,0.02690943330526352,0.03949734941124916
2024-03-03 01:12:10,휠락많이걸려시트부서져팀라디오안들려,"징징은 가득한데
노리타 노셒카 단체 드라이빙",42,42.0,"휠락많이걸려시트부서져팀라디오안들려 징징은 가득한데
노리타 노셒카 단체 드라이빙",휠락많이걸려시트부서져팀라디오안들려 징징은 가득한데 노리타 노셒카 단체 드라이빙,0.1247481182217598,0.2915404140949249,0.15383736789226532,0.19947116076946259,0.07134244590997696,0.15906056761741638
2024-03-03 01:12:18,하드로 할거면은..너무..늦었..,ㅋㅋㅋㅋㅋㅋㅋㅋㅋㅋ,42,42.0,하드로 할거면은..너무..늦었.. ㅋㅋㅋㅋㅋㅋㅋㅋㅋㅋ,하드로 할거면은..너무..늦었.. ㅋㅋㅋㅋㅋㅋㅋㅋㅋㅋ,0.09302869439125061,0.37299609184265137,0.1886453926563263,0.1426057368516922,0.08658187836408615,0.11614220589399338
2024-03-03 01:12:21,어딘 20랩남기고 소프트끼는데 ㅋㅋ,,42,42.0,어딘 20랩남기고 소프트끼는데 ㅋㅋ ,어딘 20랩남기고 소프트끼는데 ㅋㅋ,0.19417496025562286,0.2811635434627533,0.19771027565002441,0.1728219985961914,0.07279633730649948,0.08133290708065033
2024-03-03 01:12:24,아니 소프트로 가려고 저리 버틴거 아니었음?,애마 전략 왜 이러지,42,42.0,아니 소프트로 가려고 저리 버틴거 아니었음? 애마 전략 왜 이러지,아니 소프트로 가려고 저리 버틴거 아니었음? 애마 전략 왜 이러지,0.0738934651017189,0.2821253836154938,0.2746170163154602,0.1538499891757965,0.08289781212806702,0.13261628150939941
2024-03-03 01:12:27,아무리 헌거여도 15랩인데 하드가 낫나,헌소프트보다 낫나 하드네,42,42.0,아무리 헌거여도 15랩인데 하드가 낫나 헌소프트보다 낫나 하드네,아무리 헌거여도 15랩인데 하드가 낫나 헌소프트보다 낫나 하드네,0.08263038098812103,0.27768784761428833,0.3019205331802368,0.13458387553691864,0.081896111369133,0.12128124386072159
2024-03-03 01:12:29,알론소 소프트 떨어졌나 왜 하드,,42,42.0,알론소 소프트 떨어졌나 왜 하드 ,알론소 소프트 떨어졌나 왜 하드,0.10956867784261703,0.2335539162158966,0.34214314818382263,0.13141627609729767,0.08091074973344803,0.10240721702575684
2024-03-03 01:12:31,스트롤은 15분 전에 하드껴서 끝까지 가려하고 국왕은 이제,하드끼네,42,42.0,스트롤은 15분 전에 하드껴서 끝까지 가려하고 국왕은 이제 하드끼네,스트롤은 15분 전에 하드껴서 끝까지 가려하고 국왕은 이제 하드끼네,0.12007458508014679,0.31151601672172546,0.28889480233192444,0.12363065034151077,0.06924175471067429,0.08664216101169586
2024-03-03 01:12:33,오늘은 미디엄 없나?,미디엄 병신임?,42,42.0,오늘은 미디엄 없나? 미디엄 병신임?,오늘은 미디엄 없나? 미디엄 병신임?,0.09487319737672806,0.27562856674194336,0.26926952600479126,0.13339322805404663,0.106565922498703,0.12026958912611008
2024-03-03 01:12:33,알국왕 하드?,- dc official App,42,42.0,알국왕 하드? - dc official App,알국왕 하드? - dc official App,0.3786352276802063,0.20002858340740204,0.23826856911182404,0.09334076195955276,0.04250124841928482,0.04722554609179497
2024-03-03 01:12:35,이 무슨 타이어 역전세계냐?,,42,42.0,이 무슨 타이어 역전세계냐? ,이 무슨 타이어 역전세계냐?,0.112491175532341,0.24115246534347534,0.2780062258243561,0.17517124116420746,0.10284695774316788,0.09033194184303284
2024-03-03 01:12:42,쥬지랑 좁혀지는데?,어어,42,42.0,쥬지랑 좁혀지는데? 어어,쥬지랑 좁혀지는데? 어어,0.19577866792678833,0.24437469244003296,0.30902886390686035,0.09290943294763565,0.10833097994327545,0.04957739636301994
2024-03-03 01:12:41,아니 15랩 하드할려고 존버한거냐ㅋㅋㅋ,,42,42.0,아니 15랩 하드할려고 존버한거냐ㅋㅋㅋ ,아니 15랩 하드할려고 존버한거냐ㅋㅋㅋ,0.12934432923793793,0.2568255662918091,0.27612125873565674,0.15066079795360565,0.12393499910831451,0.06311307102441788
2024-03-03 01:12:43,막가놈 싱가폴 전까지 연승 찍을 듯,- dc official App,42,42.0,막가놈 싱가폴 전까지 연승 찍을 듯 - dc official App,막가놈 싱가폴 전까지 연승 찍을 듯 - dc official App,0.3521459400653839,0.20209485292434692,0.24549934267997742,0.08965666592121124,0.06721094995737076,0.043392252177000046
2024-03-03 01:12:50,미디엄은 장식임?,- dc official App,42,42.0,미디엄은 장식임? - dc official App,미디엄은 장식임? - dc official App,0.14540690183639526,0.2536190152168274,0.28373852372169495,0.15684494376182556,0.05269968509674072,0.1076909527182579
2024-03-03 01:12:50,차라리 미디엄끼지,"왜 또 하드여 15랩인데
- dc official App",42,42.0,"차라리 미디엄끼지 왜 또 하드여 15랩인데
- dc official App",차라리 미디엄끼지 왜 또 하드여 15랩인데,0.11064837127923965,0.3223682641983032,0.20432572066783905,0.170705646276474,0.04599251598119736,0.14595946669578552
2024-03-03 01:12:54,사인지 p3로 페라리 후회하게 만들자,- dc official App,42,42.0,사인지 p3로 페라리 후회하게 만들자 - dc official App,사인지 p3로 페라리 후회하게 만들자 - dc official App,0.3120967149734497,0.1770372986793518,0.263431191444397,0.10826721042394638,0.07006426900625229,0.06910333782434464
2024-03-03 01:13:01,오늘 뭐 테스트 드라이빙임??,분위기가 그런데 ㅌㅋ,42,42.0,오늘 뭐 테스트 드라이빙임?? 분위기가 그런데 ㅌㅋ,오늘 뭐 테스트 드라이빙임?? 분위기가 그런데 ㅌㅋ,0.18989169597625732,0.27638962864875793,0.26713138818740845,0.10447179526090622,0.09076138585805893,0.07135415077209473
2024-03-03 01:13:06,소프트 20랩 vs 하드 15랩,ㅋㅋㅋㅋㅋㅋ,42,42.0,소프트 20랩 vs 하드 15랩 ㅋㅋㅋㅋㅋㅋ,소프트 20랩 vs 하드 15랩 ㅋㅋㅋㅋㅋㅋ,0.22742468118667603,0.23048493266105652,0.2923566699028015,0.12738341093063354,0.06940148025751114,0.05294885113835335
2024-03-03 01:13:08,지루하고 피곤한 사람 이거보고 자라,https://youtu.be/mo6Ydw9x9dE,42,42.0,지루하고 피곤한 사람 이거보고 자라 https://youtu.be/mo6Ydw9x9dE,지루하고 피곤한 사람 이거보고 자라,0.33495259284973145,0.21906770765781403,0.08998006582260132,0.18641602993011475,0.04846012964844704,0.12112348526716232
2024-03-03 01:13:13,스트롤은 진작에 바꾸고 하드인데 알론소는 왜 지금 하드임?,뭐임 저게,43,43.0,스트롤은 진작에 바꾸고 하드인데 알론소는 왜 지금 하드임? 뭐임 저게,스트롤은 진작에 바꾸고 하드인데 알론소는 왜 지금 하드임? 뭐임 저게,0.10737841576337814,0.2691272497177124,0.27858033776283264,0.15473589301109314,0.0685838982462883,0.12159425020217896
2024-03-03 01:13:20,오늘,개노잼이면 개추,43,43.0,오늘 개노잼이면 개추,오늘 개노잼이면 개추,0.13530635833740234,0.3452528715133667,0.17232021689414978,0.1427537500858307,0.07265035808086395,0.13171643018722534
2024-03-03 01:13:25,극한직업 GP ㅋㅋㅋ,"소프트끼고 패렙따고난 직후 무전임
제발제발제발 살살가주세요 ㅠㅠ 외치는중이었노 ㅋㅋㅋㅋ",43,43.0,"극한직업 GP ㅋㅋㅋ 소프트끼고 패렙따고난 직후 무전임
제발제발제발 살살가주세요 ㅠㅠ 외치는중이었노 ㅋㅋㅋㅋ",극한직업 GP ㅋㅋㅋ 소프트끼고 패렙따고난 직후 무전임 제발제발제발 살살가주세요 ㅠㅠ 외치는중이었노 ㅋㅋㅋㅋ,0.17021989822387695,0.3239480257034302,0.17001107335090637,0.1474742442369461,0.10688253492116928,0.08146414160728455
2024-03-03 01:13:30,페레즈 페이스 좋은데? 사인지랑 계속 벌어지는중,"막스 페이스로 유지중임. 15초 유지하고 있음.
사인지랑은 점점 거리 벌리고 있고.",43,43.0,"페레즈 페이스 좋은데? 사인지랑 계속 벌어지는중 막스 페이스로 유지중임. 15초 유지하고 있음.
사인지랑은 점점 거리 벌리고 있고.",페레즈 페이스 좋은데? 사인지랑 계속 벌어지는중 막스 페이스로 유지중임. 15초 유지하고 있음. 사인지랑은 점점 거리 벌리고 있고.,0.4697347581386566,0.196574866771698,0.1603960245847702,0.06743928045034409,0.05824293941259384,0.04761214554309845
2024-03-03 01:13:34,토토 술마심? 코알라네,- dc official App,43,43.0,토토 술마심? 코알라네 - dc official App,토토 술마심? 코알라네 - dc official App,0.1944703608751297,0.2166088968515396,0.33245742321014404,0.1074259951710701,0.0995880663394928,0.049449287354946136
2024-03-03 01:13:35,토토 ㅋㅋㅋㅋ,,43,43.0,토토 ㅋㅋㅋㅋ ,토토 ㅋㅋㅋㅋ,0.6709861159324646,0.1260087937116623,0.08626420795917511,0.05624180659651756,0.027714330703020096,0.03278480842709541
2024-03-03 01:13:35,토토 마이 늙었노 ㅋㅋㅋ,,43,43.0,토토 마이 늙었노 ㅋㅋㅋ ,토토 마이 늙었노 ㅋㅋㅋ,0.2031063586473465,0.24320979416370392,0.28328973054885864,0.10481566935777664,0.11626584827899933,0.04931258410215378
2024-03-03 01:13:36,빰  빰  빰 빰빠 빰빠밤~ 빰빠밤~ 빰빠 빰빠빰 빰~~,,43,43.0,빰  빰  빰 빰빠 빰빠밤~ 빰빠밤~ 빰빠 빰빠빰 빰~~ ,빰 빰 빰 빰빠 빰빠밤~ 빰빠밤~ 빰빠 빰빠빰 빰~~,0.6270925402641296,0.13612864911556244,0.09087665379047394,0.07705335319042206,0.02425610087811947,0.044592734426259995
2024-03-03 01:13:40,토토 새침한거 공주같네,ㅇㅇ,43,43.0,토토 새침한거 공주같네 ㅇㅇ,토토 새침한거 공주같네 ㅇㅇ,0.5829571485519409,0.15669359266757965,0.10650013387203217,0.06681448966264725,0.04229533299803734,0.044739317148923874
2024-03-03 01:13:40,토토 시무룩ㅋㅋㅋ,ㅋㅋㅋㅋㅋ,43,43.0,토토 시무룩ㅋㅋㅋ ㅋㅋㅋㅋㅋ,토토 시무룩ㅋㅋㅋ ㅋㅋㅋㅋㅋ,0.38548433780670166,0.2713000178337097,0.11652711778879166,0.1023138165473938,0.04913382977247238,0.07524079084396362
2024-03-03 01:13:41,토토 왜이리 늙었냐,ㅇㅇㅇ,43,43.0,토토 왜이리 늙었냐 ㅇㅇㅇ,토토 왜이리 늙었냐 ㅇㅇㅇ,0.127256378531456,0.23457546532154083,0.2820916771888733,0.14478106796741486,0.12530966103076935,0.08598574995994568
2024-03-03 01:13:52,오늘 레이스 요약,타이어 테스팅,43,43.0,오늘 레이스 요약 타이어 테스팅,오늘 레이스 요약 타이어 테스팅,0.5661893486976624,0.16833056509494781,0.1112377941608429,0.07028993964195251,0.03575914353132248,0.048193108290433884
2024-03-03 01:13:57,??? : 나 슬슬 퇴근한다,내년차 만들때 불러라,43,43.0,??? : 나 슬슬 퇴근한다 내년차 만들때 불러라,??? : 나 슬슬 퇴근한다 내년차 만들때 불러라,0.39139434695243835,0.23505809903144836,0.14993330836296082,0.09396667033433914,0.05648564547300339,0.07316196709871292
2024-03-03 01:14:01,이제 남은 15랩에 체코ㅡ사인지 갭 얼마나 줄어드나가 시청포인트,소프트로 20랩 타는데 갭 안줄어들면 올시즌 원투는 맨날 레드불일듯,43,43.0,이제 남은 15랩에 체코ㅡ사인지 갭 얼마나 줄어드나가 시청포인트 소프트로 20랩 타는데 갭 안줄어들면 올시즌 원투는 맨날 레드불일듯,이제 남은 15랩에 체코ㅡ사인지 갭 얼마나 줄어드나가 시청포인트 소프트로 20랩 타는데 갭 안줄어들면 올시즌 원투는 맨날 레드불일듯,0.12649959325790405,0.31411033868789673,0.24525386095046997,0.10334090143442154,0.0804624855518341,0.13033278286457062
2024-03-03 01:14:04,소신발언) 그냥 안보고 잔새끼가 승자임,결과 다 알잖아 뭐,43,43.0,소신발언) 그냥 안보고 잔새끼가 승자임 결과 다 알잖아 뭐,소신발언) 그냥 안보고 잔새끼가 승자임 결과 다 알잖아 뭐,0.13582397997379303,0.2683461606502533,0.22165285050868988,0.14362633228302002,0.07960110902786255,0.15094967186450958
2024-03-03 01:14:08,누구 하나 시원하게 안박아주냐?,재미없다,43,43.0,누구 하나 시원하게 안박아주냐? 재미없다,누구 하나 시원하게 안박아주냐? 재미없다,0.12696003913879395,0.3013732433319092,0.13453717529773712,0.1968912035226822,0.06126701459288597,0.1789713203907013
2024-03-03 01:14:33,이쯤에서 사전트가 세이프티카 띄어줄 때 됐는데,- dc official App,43,43.0,이쯤에서 사전트가 세이프티카 띄어줄 때 됐는데 - dc official App,이쯤에서 사전트가 세이프티카 띄어줄 때 됐는데 - dc official App,0.3411131203174591,0.23199523985385895,0.17734163999557495,0.1019161269068718,0.05540124699473381,0.09223257750272751
2024-03-03 01:14:37,앞으로 새벽경기는 그냥 담날 하이라이트 봐야겠노,시발 이건뭐 수면제노,43,43.0,앞으로 새벽경기는 그냥 담날 하이라이트 봐야겠노 시발 이건뭐 수면제노,앞으로 새벽경기는 그냥 담날 하이라이트 봐야겠노 시발 이건뭐 수면제노,0.08727146685123444,0.27752020955085754,0.12777668237686157,0.22853413224220276,0.06436370313167572,0.21453380584716797
2024-03-03 01:14:44,레드불은 차가 사기인거고 페레즈가 못하는거지?,아님 차는 그냥 좋은데 베르스타펜이 개잘하는건가,43,43.0,레드불은 차가 사기인거고 페레즈가 못하는거지? 아님 차는 그냥 좋은데 베르스타펜이 개잘하는건가,레드불은 차가 사기인거고 페레즈가 못하는거지? 아님 차는 그냥 좋은데 베르스타펜이 개잘하는건가,0.08881109207868576,0.25119978189468384,0.32912299036979675,0.13967570662498474,0.08075106889009476,0.11043929308652878
2024-03-03 01:14:55,개좆핀 플랜 D 입갤ㅋㅋㅋㅋㅋㅋㅋㅋㅋ,미쳤나,44,44.0,개좆핀 플랜 D 입갤ㅋㅋㅋㅋㅋㅋㅋㅋㅋ 미쳤나,개좆핀 플랜 D 입갤ㅋㅋㅋㅋㅋㅋㅋㅋㅋ 미쳤나,0.1260848492383957,0.22579051554203033,0.1973155438899994,0.23661883175373077,0.09945555776357651,0.11473467946052551
2024-03-03 01:14:58,시즌 1호 아윌껌빽뚜유,,44,44.0,시즌 1호 아윌껌빽뚜유 ,시즌 1호 아윌껌빽뚜유,0.6597728729248047,0.11730106174945831,0.09615860134363174,0.06256025284528732,0.02711224928498268,0.03709501773118973
2024-03-03 01:15:07,???: ㄱㄷ,ㅋㅋ,44,44.0,???: ㄱㄷ ㅋㅋ,???: ㄱㄷ ㅋㅋ,0.4747430980205536,0.20621199905872345,0.1379009485244751,0.09522507339715958,0.04115719720721245,0.04476173594594002
2024-03-03 01:15:07,또 대답 안하네 개새기들,저시발,44,44.0,또 대답 안하네 개새기들 저시발,또 대답 안하네 개새기들 저시발,0.1568102240562439,0.20975016057491302,0.11109103262424469,0.28639039397239685,0.036926452070474625,0.19903171062469482
2024-03-03 01:15:14,저놈의 아윌꼼백투유 ㅋㅋㅌㅌ,ㅋㅋㅋㅋ,44,44.0,저놈의 아윌꼼백투유 ㅋㅋㅌㅌ ㅋㅋㅋㅋ,저놈의 아윌꼼백투유 ㅋㅋㅌㅌ ㅋㅋㅋㅋ,0.6022893786430359,0.14917825162410736,0.09014938771724701,0.089943066239357,0.026994124054908752,0.041445787996053696
2024-03-03 01:15:15,세카 소환 점,,44,44.0,세카 소환 점 ,세카 소환 점,0.4115014672279358,0.20456713438034058,0.19289739429950714,0.08438486605882645,0.05265276879072189,0.05399636924266815
2024-03-03 01:15:17,대충 광대 페라리 크루짤,ㅋㅋ,44,44.0,대충 광대 페라리 크루짤 ㅋㅋ,대충 광대 페라리 크루짤 ㅋㅋ,0.5319685935974121,0.18182694911956787,0.13537868857383728,0.07619431614875793,0.03914980590343475,0.03548168018460274
2024-03-03 01:15:19,가슬리 플랜 D 진짜로가네,뭐냐고,44,44.0,가슬리 플랜 D 진짜로가네 뭐냐고,가슬리 플랜 D 진짜로가네 뭐냐고,0.0956396609544754,0.2980796992778778,0.1474652886390686,0.19376671314239502,0.0559542290866375,0.20909443497657776
2024-03-03 01:15:29,그저 광대 ㅋㅋㅋㅋㅋ,"아몰랑 ㅋㅋㅋㅋㅋ
- dc official App",44,44.0,"그저 광대 ㅋㅋㅋㅋㅋ 아몰랑 ㅋㅋㅋㅋㅋ
- dc official App",그저 광대 ㅋㅋㅋㅋㅋ 아몰랑 ㅋㅋㅋㅋㅋ,0.41333478689193726,0.2328527718782425,0.09289950877428055,0.12313897907733917,0.049395523965358734,0.0883784145116806
2024-03-03 01:15:30,페라리는 왜 드라이버가 물어보면 바로 답해주는 일이 없냐,맨날 위아쩨낑 아일껌백뚜유,44,44.0,페라리는 왜 드라이버가 물어보면 바로 답해주는 일이 없냐 맨날 위아쩨낑 아일껌백뚜유,페라리는 왜 드라이버가 물어보면 바로 답해주는 일이 없냐 맨날 위아쩨낑 아일껌백뚜유,0.10739034414291382,0.2775430381298065,0.11296753585338593,0.20076881349086761,0.04565352201461792,0.2556766867637634
2024-03-03 01:15:31,어떻게 15년동안 2팀이 다 해먹냐,"레드불 독주하다 끝나니
메르세데스 독주하고
그러다 다시 레드불 독주",44,44.0,"어떻게 15년동안 2팀이 다 해먹냐 레드불 독주하다 끝나니
메르세데스 독주하고
그러다 다시 레드불 독주",어떻게 15년동안 2팀이 다 해먹냐 레드불 독주하다 끝나니 메르세데스 독주하고 그러다 다시 레드불 독주,0.06764459609985352,0.2505992352962494,0.24054758250713348,0.21870090067386627,0.07524216175079346,0.14726558327674866
2024-03-03 01:15:33,사인츠도 멍청하긴하네,패라리 전략팀한테 그런 어려운 질문하면 어뜨케....,44,44.0,사인츠도 멍청하긴하네 패라리 전략팀한테 그런 어려운 질문하면 어뜨케....,사인츠도 멍청하긴하네 패라리 전략팀한테 그런 어려운 질문하면 어뜨케....,0.07204899936914444,0.2634631097316742,0.2766127586364746,0.1677117496728897,0.08884546905755997,0.1313178986310959
2024-03-03 01:15:33,Hard quicker than soft ㅋㅋㅋ,"그저 페라리
- dc official App",44,44.0,"Hard quicker than soft ㅋㅋㅋ 그저 페라리
- dc official App",Hard quicker than soft ㅋㅋㅋ 그저 페라리,0.5699372291564941,0.16220934689044952,0.08970746397972107,0.091216079890728,0.034780971705913544,0.052148930728435516
2024-03-03 01:15:37,위아째낑 아윌컴백투유 위아째낑 아윌컴백투유,위아째낑 아윌컴백투유 위아째낑 아윌컴백투유 위아째낑 아윌컴백투유 위아째낑 아윌컴백투유 위아째낑 아윌컴백투유 위아째낑 아윌컴백투유 위아째낑 아윌컴백투유 위아째낑 아윌컴백투유 위아째낑 아윌컴백투유 위아째낑 아윌컴백투유 위아째낑 아윌컴백투유 위아째낑 아윌컴백투유 위아째낑 아윌컴백투유,44,44.0,위아째낑 아윌컴백투유 위아째낑 아윌컴백투유 위아째낑 아윌컴백투유 위아째낑 아윌컴백투유 위아째낑 아윌컴백투유 위아째낑 아윌컴백투유 위아째낑 아윌컴백투유 위아째낑 아윌컴백투유 위아째낑 아윌컴백투유 위아째낑 아윌컴백투유 위아째낑 아윌컴백투유 위아째낑 아윌컴백투유 위아째낑 아윌컴백투유 위아째낑 아윌컴백투유 위아째낑 아윌컴백투유,위아째낑 아윌컴백투유 위아째낑 아윌컴백투유 위아째낑 아윌컴백투유 위아째낑 아윌컴백투유 위아째낑 아윌컴백투유 위아째낑 아윌컴백투유 위아째낑 아윌컴백투유 위아째낑 아윌컴백투유 위아째낑 아윌컴백투유 위아째낑 아윌컴백투유 위아째낑 아윌컴백투유 위아째낑 아윌컴백투유 위아째낑 아윌컴백투유 위아째낑 아윌컴백투유 위아째낑 아윌컴백투유,0.46052780747413635,0.16929222643375397,0.15795287489891052,0.11226716637611389,0.030868742614984512,0.06909123063087463
2024-03-03 01:15:40,이런 경기를 보려고 시킨 치킨이 불쌍해,치킨도 이런 노잼경기에 먹히려고 죽은게 아닐거야,44,44.0,이런 경기를 보려고 시킨 치킨이 불쌍해 치킨도 이런 노잼경기에 먹히려고 죽은게 아닐거야,이런 경기를 보려고 시킨 치킨이 불쌍해 치킨도 이런 노잼경기에 먹히려고 죽은게 아닐거야,0.0894203931093216,0.21873429417610168,0.19427095353603363,0.1867074817419052,0.07965710014104843,0.23120975494384766
2024-03-03 01:15:46,페라리..그 계산 맞냐?,,44,44.0,페라리..그 계산 맞냐? ,페라리..그 계산 맞냐?,0.10491534322500229,0.225449800491333,0.33812645077705383,0.1335245966911316,0.11132226884365082,0.08666152507066727
2024-03-03 01:15:53,무도보러 간다 굿밤,- dc official App,44,44.0,무도보러 간다 굿밤 - dc official App,무도보러 간다 굿밤 - dc official App,0.6696015000343323,0.12207382172346115,0.08468837291002274,0.06013481691479683,0.026677411049604416,0.03682403266429901
2024-03-03 01:15:54,또 그 팀이야?,"아오ㅋㅋㅋ
- dc official App",44,44.0,"또 그 팀이야? 아오ㅋㅋㅋ
- dc official App",또 그 팀이야? 아오ㅋㅋㅋ,0.10582303255796432,0.29912710189819336,0.19297923147678375,0.17568960785865784,0.11905458569526672,0.10732642561197281
2024-03-03 01:15:57,사인츠 페레즈 잡고 레드불 ㄱ,ㅇㅇ,44,44.0,사인츠 페레즈 잡고 레드불 ㄱ ㅇㅇ,사인츠 페레즈 잡고 레드불 ㄱ ㅇㅇ,0.634394645690918,0.13203322887420654,0.09824956208467484,0.06675560772418976,0.030446046963334084,0.03812091052532196
2024-03-03 01:15:58,벌써?,아직 소프트 10랩도 안썼는데?,44,44.0,벌써? 아직 소프트 10랩도 안썼는데?,벌써? 아직 소프트 10랩도 안썼는데?,0.11786758899688721,0.22726602852344513,0.33497902750968933,0.13491623103618622,0.11768413335084915,0.06728699803352356
2024-03-03 01:16:08,11노다는 되나,모르겠는데,44,44.0,11노다는 되나 모르겠는데,11노다는 되나 모르겠는데,0.18378786742687225,0.2358086258172989,0.3281766176223755,0.10115156322717667,0.07183192670345306,0.07924331724643707
2024-03-03 01:16:10,소프트가 벌서 맛이 간다고?ㅋㅋㅋㅋㅋ,,44,44.0,소프트가 벌서 맛이 간다고?ㅋㅋㅋㅋㅋ ,소프트가 벌서 맛이 간다고?ㅋㅋㅋㅋㅋ,0.10266514867544174,0.2319735288619995,0.3188607096672058,0.15489038825035095,0.1107557862997055,0.08085447549819946
2024-03-03 01:16:15,막스 이러다 전경기 우승 하겠노,ㄹㅇ 전성기 전 경기 포디움 슈마허 넘을거 같은데,44,44.0,막스 이러다 전경기 우승 하겠노 ㄹㅇ 전성기 전 경기 포디움 슈마허 넘을거 같은데,막스 이러다 전경기 우승 하겠노 ㄹㅇ 전성기 전 경기 포디움 슈마허 넘을거 같은데,0.3638366162776947,0.21224933862686157,0.22526179254055023,0.08013729006052017,0.081114761531353,0.037400174885988235
2024-03-03 01:16:17,현시점 유일한 희망은 레드불의 오만이다,소프트로 20바퀴 시발 건방진 새끼들,44,44.0,현시점 유일한 희망은 레드불의 오만이다 소프트로 20바퀴 시발 건방진 새끼들,현시점 유일한 희망은 레드불의 오만이다 소프트로 20바퀴 시발 건방진 새끼들,0.12107153236865997,0.1569206416606903,0.12441214174032211,0.3386439085006714,0.050899576395750046,0.20805224776268005
2024-03-03 01:16:19,14년부터 10년동안 컨챔을 팀 두개가 노나 먹는게,이게 맞는거니 FIA랑 F1아???,44,44.0,14년부터 10년동안 컨챔을 팀 두개가 노나 먹는게 이게 맞는거니 FIA랑 F1아???,14년부터 10년동안 컨챔을 팀 두개가 노나 먹는게 이게 맞는거니 FIA랑 F1아???,0.07028979808092117,0.2670970857143402,0.22430790960788727,0.19216112792491913,0.07156892865896225,0.17457515001296997
2024-03-03 01:16:21,아니 레드불은 계산 안돌려봤겠냐고 ㅋㅋ,ㅋㄱㅋㄱㅋㄱㅋ,44,44.0,아니 레드불은 계산 안돌려봤겠냐고 ㅋㅋ ㅋㄱㅋㄱㅋㄱㅋ,아니 레드불은 계산 안돌려봤겠냐고 ㅋㅋ ㅋㄱㅋㄱㅋㄱㅋ,0.17212724685668945,0.26883211731910706,0.18906846642494202,0.2146192491054535,0.0625959113240242,0.09275698661804199
2024-03-03 01:16:24,왜 진짜 좁혀지냐 ㅋㅋ,,45,45.0,왜 진짜 좁혀지냐 ㅋㅋ ,왜 진짜 좁혀지냐 ㅋㅋ,0.21065828204154968,0.285051167011261,0.25163525342941284,0.09904808551073074,0.10160649567842484,0.05200070142745972
2024-03-03 01:16:27,우우 엡부ㅇ이 졸리다...,,45,45.0,우우 엡부ㅇ이 졸리다... ,우우 엡부ㅇ이 졸리다...,0.16538316011428833,0.3097389340400696,0.1293831169605255,0.16105030477046967,0.05782191827893257,0.17662258446216583
2024-03-03 01:16:29,막가놈 스티어링 겁나부드럽네 진짜ㅋㅋㅋㅋㅋ,,45,45.0,막가놈 스티어링 겁나부드럽네 진짜ㅋㅋㅋㅋㅋ ,막가놈 스티어링 겁나부드럽네 진짜ㅋㅋㅋㅋㅋ,0.20987440645694733,0.2195541262626648,0.23596790432929993,0.16409558057785034,0.10092722624540329,0.06958071142435074
2024-03-03 01:16:39,싸인지 팀라디오가 아니라 관공서 민원전화네 ㅋㅋㅋㅋ,대기할때 클래식만 들려주면 되겠네 ㅋㅋㅋㅋㅋ,45,45.0,싸인지 팀라디오가 아니라 관공서 민원전화네 ㅋㅋㅋㅋ 대기할때 클래식만 들려주면 되겠네 ㅋㅋㅋㅋㅋ,싸인지 팀라디오가 아니라 관공서 민원전화네 ㅋㅋㅋㅋ 대기할때 클래식만 들려주면 되겠네 ㅋㅋㅋㅋㅋ,0.2036677896976471,0.24893462657928467,0.21329542994499207,0.16991974413394928,0.08484461903572083,0.0793377235531807
2024-03-03 01:16:40,그 와중에 이새끼들은 존재감마저 없어졌네,"ㅂㅅ
- dc official App",45,45.0,"그 와중에 이새끼들은 존재감마저 없어졌네 ㅂㅅ
- dc official App",그 와중에 이새끼들은 존재감마저 없어졌네 ㅂㅅ,0.08656465262174606,0.1659410297870636,0.15748870372772217,0.32107263803482056,0.06670596450567245,0.20222701132297516
2024-03-03 01:16:42,제발 몽골리타이어,12피니쉬 노잼 그만하라고!!!,45,45.0,제발 몽골리타이어 12피니쉬 노잼 그만하라고!!!,제발 몽골리타이어 12피니쉬 노잼 그만하라고!!!,0.13537630438804626,0.2630787193775177,0.1079101413488388,0.24580441415309906,0.047452446073293686,0.20037797093391418
2024-03-03 01:16:46,페라리 결과 산출 이유,당연히 자기네 db에는 rb20이 없으니까 ㅋㅋㅋㅋㅋㅋㅋ,45,45.0,페라리 결과 산출 이유 당연히 자기네 db에는 rb20이 없으니까 ㅋㅋㅋㅋㅋㅋㅋ,페라리 결과 산출 이유 당연히 자기네 db에는 rb20이 없으니까 ㅋㅋㅋㅋㅋㅋㅋ,0.13217607140541077,0.2251986414194107,0.31168437004089355,0.16486576199531555,0.08815248310565948,0.07792263478040695
2024-03-03 01:16:57,레드불은올시즌소프트만써라,ㅅㅂ,45,45.0,레드불은올시즌소프트만써라 ㅅㅂ,레드불은올시즌소프트만써라 ㅅㅂ,0.1476176232099533,0.21447163820266724,0.11519559472799301,0.28915825486183167,0.031438469886779785,0.20211844146251678
2024-03-03 01:17:04,근데 12랩이면 따라잡고도 남을 것 같은데,메르나 레드불은 낭낭하게 따라잡던데 ㅋㅋㅋ,45,45.0,근데 12랩이면 따라잡고도 남을 것 같은데 메르나 레드불은 낭낭하게 따라잡던데 ㅋㅋㅋ,근데 12랩이면 따라잡고도 남을 것 같은데 메르나 레드불은 낭낭하게 따라잡던데 ㅋㅋㅋ,0.28240999579429626,0.23747022449970245,0.27529993653297424,0.08475027233362198,0.08267634361982346,0.03739316388964653
2024-03-03 01:17:07,몽골 풀악셀 맞냐?,왤케 슬렁슬렁 하는거같냐,45,45.0,몽골 풀악셀 맞냐? 왤케 슬렁슬렁 하는거같냐,몽골 풀악셀 맞냐? 왤케 슬렁슬렁 하는거같냐,0.08906957507133484,0.23300084471702576,0.33377593755722046,0.14348646998405457,0.1125483289361,0.088118776679039
2024-03-03 01:17:13,오 ㄹㅇ 사인츠가 이제 더 빠르긴 하네,,45,45.0,오 ㄹㅇ 사인츠가 이제 더 빠르긴 하네 ,오 ㄹㅇ 사인츠가 이제 더 빠르긴 하네,0.23939034342765808,0.2303624004125595,0.2928686738014221,0.09408549219369888,0.09508761018514633,0.04820549860596657
2024-03-03 01:17:20,왜 소프트 쓴거지..,- dc official App,45,45.0,왜 소프트 쓴거지.. - dc official App,왜 소프트 쓴거지.. - dc official App,0.10094346106052399,0.2977188229560852,0.28227218985557556,0.1284918189048767,0.06478767096996307,0.12578603625297546
2024-03-03 01:17:19,해물탕무전) 노리스랑 가까워지는중,페이스가 좋다. 경기 막판에 노리스와 매우 가까워질수잇을것,45,45.0,해물탕무전) 노리스랑 가까워지는중 페이스가 좋다. 경기 막판에 노리스와 매우 가까워질수잇을것,해물탕무전) 노리스랑 가까워지는중 페이스가 좋다. 경기 막판에 노리스와 매우 가까워질수잇을것,0.6295604109764099,0.14633387327194214,0.09229981154203415,0.05735025554895401,0.03707309067249298,0.037382572889328
2024-03-03 01:17:21,진짜 좁혀지네?ㅋㅋ,ㅋㅋ,45,45.0,진짜 좁혀지네?ㅋㅋ ㅋㅋ,진짜 좁혀지네?ㅋㅋ ㅋㅋ,0.5871239304542542,0.1517597883939743,0.12455443292856216,0.05607626959681511,0.04361763969063759,0.036868009716272354
2024-03-03 01:17:20,막스는 도넛 함 굽자.,,45,45.0,막스는 도넛 함 굽자. ,막스는 도넛 함 굽자.,0.609325647354126,0.14122432470321655,0.1019774004817009,0.06210416927933693,0.04184973984956741,0.04351877048611641
2024-03-03 01:17:22,엥 스트롤이 알론소 앞으로 갔네?,알론소가 막아주려는건가,45,45.0,엥 스트롤이 알론소 앞으로 갔네? 알론소가 막아주려는건가,엥 스트롤이 알론소 앞으로 갔네? 알론소가 막아주려는건가,0.1244170218706131,0.21698305010795593,0.34203991293907166,0.13076847791671753,0.11055292934179306,0.07523860782384872
2024-03-03 01:17:26,막스 점마는 걍 드라이빙하네,혼자 잔잔바리하게 굴러가,45,45.0,막스 점마는 걍 드라이빙하네 혼자 잔잔바리하게 굴러가,막스 점마는 걍 드라이빙하네 혼자 잔잔바리하게 굴러가,0.08574166148900986,0.2681198716163635,0.30106768012046814,0.15855786204338074,0.1132538840174675,0.07325898855924606
2024-03-03 01:17:30,르끌 붙었다,,45,45.0,르끌 붙었다 ,르끌 붙었다,0.49783048033714294,0.18814532458782196,0.1431768834590912,0.07493284344673157,0.04186990112066269,0.05404455214738846
2024-03-03 01:17:35,"슬...슬...""페라리"" 할때가 되었는데........",두놈 다 팀라디오로 빌드업 착실히 쌓는중,45,45.0,"슬...슬...""페라리"" 할때가 되었는데........ 두놈 다 팀라디오로 빌드업 착실히 쌓는중","슬...슬...""페라리"" 할때가 되었는데........ 두놈 다 팀라디오로 빌드업 착실히 쌓는중",0.1582261323928833,0.2899433672428131,0.2172044813632965,0.12877924740314484,0.11501670628786087,0.09083013236522675
2024-03-03 01:17:43,❗+❗+슬슬 애국가보다 익숙하면 개추 눌러볼까❗+❗+,"https://youtu.be/SBt9VJ6axB0
ㅇㄷㄴㅂㅌ ㅋㅋㅋㅋㅋㅋㅋ
- dc official App",45,45.0,"❗+❗+슬슬 애국가보다 익숙하면 개추 눌러볼까❗+❗+ https://youtu.be/SBt9VJ6axB0
ㅇㄷㄴㅂㅌ ㅋㅋㅋㅋㅋㅋㅋ
- dc official App",❗+❗+슬슬 애국가보다 익숙하면 개추 눌러볼까❗+❗+ ㅇㄷㄴㅂㅌ ㅋㅋㅋㅋㅋㅋㅋ,0.7013713121414185,0.11476080864667892,0.06752622127532959,0.055579476058483124,0.02575552649796009,0.03500661626458168
2024-03-03 01:17:46,대라리 가능?,각이냐?,45,45.0,대라리 가능? 각이냐?,대라리 가능? 각이냐?,0.26664525270462036,0.21378637850284576,0.2992308437824249,0.08624836802482605,0.08161529898643494,0.05247391760349274
2024-03-03 01:17:50,사인지 페라리 정보 듣고 좋아서 바로 ERS 땡겨쓰노,야,45,45.0,사인지 페라리 정보 듣고 좋아서 바로 ERS 땡겨쓰노 야,사인지 페라리 정보 듣고 좋아서 바로 ERS 땡겨쓰노 야,0.6073998212814331,0.14099371433258057,0.10353966802358627,0.062463365495204926,0.044849686324596405,0.040753722190856934
2024-03-03 01:17:56,보타스 지금 저우 코칭중 십ㅋㅋㅋㅋ,- dc official App,45,45.0,보타스 지금 저우 코칭중 십ㅋㅋㅋㅋ - dc official App,보타스 지금 저우 코칭중 십ㅋㅋㅋㅋ - dc official App,0.639411985874176,0.12915875017642975,0.08867073059082031,0.07776442915201187,0.030593907460570335,0.03440014645457268
2024-03-03 01:17:59,타코는 잡히겠네,어휴…,45,45.0,타코는 잡히겠네 어휴…,타코는 잡히겠네 어휴…,0.08035186678171158,0.29758551716804504,0.2478049397468567,0.13126952946186066,0.08718710392713547,0.15580107271671295
2024-03-03 01:18:01,체코 사인지 갖고노네,담경기는 막스랑좀 싸워라,46,46.0,체코 사인지 갖고노네 담경기는 막스랑좀 싸워라,체코 사인지 갖고노네 담경기는 막스랑좀 싸워라,0.08909286558628082,0.30669814348220825,0.2589396834373474,0.1725122034549713,0.07477714121341705,0.09797993302345276
2024-03-03 01:18:03,페라리 직빨보소 ㅋㅋㅋㅋ,,46,46.0,페라리 직빨보소 ㅋㅋㅋㅋ ,페라리 직빨보소 ㅋㅋㅋㅋ,0.4863768219947815,0.18085646629333496,0.17512823641300201,0.07195016741752625,0.05330173298716545,0.03238651901483536
2024-03-03 01:18:03,막스 시케인 존나 설렁설렁 빠져나가노ㅋㅋㅋㅋㅋ,,46,46.0,막스 시케인 존나 설렁설렁 빠져나가노ㅋㅋㅋㅋㅋ ,막스 시케인 존나 설렁설렁 빠져나가노ㅋㅋㅋㅋㅋ,0.3262670338153839,0.23593537509441376,0.19121812283992767,0.12293766438961029,0.06737096607685089,0.0562707856297493
2024-03-03 01:18:24,F1 노잼이면 WEC로,아직도 하는중,46,46.0,F1 노잼이면 WEC로 아직도 하는중,F1 노잼이면 WEC로 아직도 하는중,0.15461252629756927,0.31930112838745117,0.20149973034858704,0.14046774804592133,0.07198811322450638,0.11213076114654541
2024-03-03 01:18:35,ㅅㅅㅅㅅㅅㅅㅅ,,46,46.0,ㅅㅅㅅㅅㅅㅅㅅ ,ㅅㅅㅅㅅㅅㅅㅅ,0.6997048854827881,0.11242227256298065,0.06791426241397858,0.05762594938278198,0.021957209333777428,0.04037542641162872
2024-03-03 01:18:37,쥬지 ㅋㅋ,,46,46.0,쥬지 ㅋㅋ ,쥬지 ㅋㅋ,0.6824803948402405,0.1183399185538292,0.08080659806728363,0.05651389807462692,0.027395980432629585,0.034463196992874146
2024-03-03 01:18:38,쥬지 사망,ㅇ,46,46.0,쥬지 사망 ㅇ,쥬지 사망 ㅇ,0.33148622512817383,0.21470391750335693,0.19730161130428314,0.1229945570230484,0.0684916228055954,0.06502208858728409
2024-03-03 01:18:39,병신은 4번코너 중반부에서 막스에비해 큰 손해를보는중,페레즈 무전이 아까부터 지금까지 그렇네 ㅇㅇ,46,46.0,병신은 4번코너 중반부에서 막스에비해 큰 손해를보는중 페레즈 무전이 아까부터 지금까지 그렇네 ㅇㅇ,병신은 4번코너 중반부에서 막스에비해 큰 손해를보는중 페레즈 무전이 아까부터 지금까지 그렇네 ㅇㅇ,0.11191752552986145,0.3571733832359314,0.18112652003765106,0.1144314706325531,0.06411296129226685,0.17123821377754211
2024-03-03 01:18:41,러셀 따잇 ㅋㅋㅋㅋㅋㅋㅋㅋㅋ,,46,46.0,러셀 따잇 ㅋㅋㅋㅋㅋㅋㅋㅋㅋ ,러셀 따잇 ㅋㅋㅋㅋㅋㅋㅋㅋㅋ,0.712580680847168,0.10793955624103546,0.06381142884492874,0.05534825474023819,0.02434580586850643,0.03597424924373627
2024-03-03 01:18:41,올 해도 전체적으로 봤을 때 빅재미 기대는 안되노,바쁜데 잘 됐노 이기,46,46.0,올 해도 전체적으로 봤을 때 빅재미 기대는 안되노 바쁜데 잘 됐노 이기,올 해도 전체적으로 봤을 때 빅재미 기대는 안되노 바쁜데 잘 됐노 이기,0.6054399013519287,0.15707220137119293,0.06258849799633026,0.07277879863977432,0.035013068467378616,0.06710760295391083
2024-03-03 01:18:47,ㅅㅅㅅㅅㅅㅅㅅ,쎆쓰,46,46.0,ㅅㅅㅅㅅㅅㅅㅅ 쎆쓰,ㅅㅅㅅㅅㅅㅅㅅ 쎆쓰,0.6989644765853882,0.11099623888731003,0.07054153084754944,0.06155086308717728,0.02318311668932438,0.03476376831531525
2024-03-03 01:18:50,쥬지  사망ㅋㅋㅋㅋㅋㅋㅋㅋ,ㅋㅋㅋㅋ,46,46.0,쥬지  사망ㅋㅋㅋㅋㅋㅋㅋㅋ ㅋㅋㅋㅋ,쥬지 사망ㅋㅋㅋㅋㅋㅋㅋㅋ ㅋㅋㅋㅋ,0.5406861901283264,0.18560370802879333,0.10872796922922134,0.08367065340280533,0.03735370934009552,0.04395776987075806
2024-03-03 01:18:50,쥬지 병신아ㅋㅋㅋㅋㅋㅋ,ㅋㅋㅋㅋㅋ,46,46.0,쥬지 병신아ㅋㅋㅋㅋㅋㅋ ㅋㅋㅋㅋㅋ,쥬지 병신아ㅋㅋㅋㅋㅋㅋ ㅋㅋㅋㅋㅋ,0.5890414118766785,0.16458286345005035,0.09753333032131195,0.08293657749891281,0.030267007648944855,0.035638753324747086
2024-03-03 01:18:50,속보)고자,,46,46.0,속보)고자 ,속보)고자,0.3859848082065582,0.21413035690784454,0.19369031488895416,0.09279819577932358,0.05964401364326477,0.053752295672893524
2024-03-03 01:18:51,10번이 오늘 여럿 울리노 ㅋㅋㅋㅋㅋㅋ,휠락 잔치네,46,46.0,10번이 오늘 여럿 울리노 ㅋㅋㅋㅋㅋㅋ 휠락 잔치네,10번이 오늘 여럿 울리노 ㅋㅋㅋㅋㅋㅋ 휠락 잔치네,0.4073203504085541,0.20533442497253418,0.08364338427782059,0.13697665929794312,0.044650495052337646,0.12207462638616562
2024-03-03 01:18:50,취업사기 3년차 불쌍한 쥬지 한번만 봐줘라ㅅㅂ,ㅅㅂ,46,46.0,취업사기 3년차 불쌍한 쥬지 한번만 봐줘라ㅅㅂ ㅅㅂ,취업사기 3년차 불쌍한 쥬지 한번만 봐줘라ㅅㅂ ㅅㅂ,0.13500645756721497,0.16535939276218414,0.14050960540771484,0.267701119184494,0.06841450184583664,0.2230088859796524
2024-03-03 01:18:53,대 라 리,대황킹갓,46,46.0,대 라 리 대황킹갓,대 라 리 대황킹갓,0.7107495069503784,0.1121373251080513,0.057826947420835495,0.053321003913879395,0.026880254969000816,0.03908492252230644
2024-03-03 01:18:53,샤를 르끌레르 자서전 출간,ㅈ될뻔한 청년.,46,46.0,샤를 르끌레르 자서전 출간 ㅈ될뻔한 청년.,샤를 르끌레르 자서전 출간 ㅈ될뻔한 청년.,0.09977604448795319,0.24631540477275848,0.2619655728340149,0.14946144819259644,0.10868590325117111,0.1337956041097641
2024-03-03 01:18:54,황끌 ㅋㅋㅋㅋㅋㅋㅋ,,46,46.0,황끌 ㅋㅋㅋㅋㅋㅋㅋ ,황끌 ㅋㅋㅋㅋㅋㅋㅋ,0.7079050540924072,0.10846713930368423,0.06286085397005081,0.057807452976703644,0.024700630456209183,0.038258980959653854
2024-03-03 01:18:56,와 페라리 2대가 포디움에,맥스는 없는걸로 치자궁,46,46.0,와 페라리 2대가 포디움에 맥스는 없는걸로 치자궁,와 페라리 2대가 포디움에 맥스는 없는걸로 치자궁,0.13045473396778107,0.24198336899280548,0.30447372794151306,0.12432698905467987,0.1421363204717636,0.056624919176101685
2024-03-03 01:18:56,대미끌 ㅅㅅㅅㅅㅅㅅㅅㅅㅅ,- dc official App,46,46.0,대미끌 ㅅㅅㅅㅅㅅㅅㅅㅅㅅ - dc official App,대미끌 ㅅㅅㅅㅅㅅㅅㅅㅅㅅ - dc official App,0.690567135810852,0.11345526576042175,0.07559801638126373,0.060828715562820435,0.02289995551109314,0.03665091469883919
2024-03-03 01:18:58,Ocon We have another time penalty가 그립다,"진짜 이슈도 없고 막가놈 독주하고 그 외에 포인트권 싸움도
그렇게 치열하지 않고",46,46.0,"Ocon We have another time penalty가 그립다 진짜 이슈도 없고 막가놈 독주하고 그 외에 포인트권 싸움도
그렇게 치열하지 않고",Ocon We have another time penalty가 그립다 진짜 이슈도 없고 막가놈 독주하고 그 외에 포인트권 싸움도 그렇게 치열하지 않고,0.10764597356319427,0.2791529893875122,0.14287935197353363,0.18012726306915283,0.05862478166818619,0.23156961798667908
2024-03-03 01:19:00,러셀이 '르끌'했네 ㅋㅋㅋㅋㅋㅋㅋㅋㅋㅋㅋㅋ,눈 앞에서 저러니까 개웃기네 ㅋㅋㅋㅋㅋㅋㅋㅋㅋㅋㅋ,46,46.0,러셀이 '르끌'했네 ㅋㅋㅋㅋㅋㅋㅋㅋㅋㅋㅋㅋ 눈 앞에서 저러니까 개웃기네 ㅋㅋㅋㅋㅋㅋㅋㅋㅋㅋㅋ,러셀이 '르끌'했네 ㅋㅋㅋㅋㅋㅋㅋㅋㅋㅋㅋㅋ 눈 앞에서 저러니까 개웃기네 ㅋㅋㅋㅋㅋㅋㅋㅋㅋㅋㅋ,0.6433132886886597,0.13784031569957733,0.09574946761131287,0.060197826474905014,0.030147086828947067,0.03275198116898537
2024-03-03 01:19:00,2012년같은 시즌이 보고싶구나,"병신, 월챔, 경쟁 다있던 시절",46,46.0,"2012년같은 시즌이 보고싶구나 병신, 월챔, 경쟁 다있던 시절","2012년같은 시즌이 보고싶구나 병신, 월챔, 경쟁 다있던 시절",0.5723575353622437,0.15645329654216766,0.09797576814889908,0.07841561734676361,0.04152863845229149,0.05326911807060242
2024-03-03 01:19:00,대 라 리,,46,46.0,대 라 리 ,대 라 리,0.646247386932373,0.1237872838973999,0.10026751458644867,0.06656594574451447,0.028184853494167328,0.034946881234645844
2024-03-03 01:19:08,페라리 딱히 박수도 안치노 ㅋㅋㅋㅋㅋ,카메라 들이대서 치는 거 같은데,46,46.0,페라리 딱히 박수도 안치노 ㅋㅋㅋㅋㅋ 카메라 들이대서 치는 거 같은데,페라리 딱히 박수도 안치노 ㅋㅋㅋㅋㅋ 카메라 들이대서 치는 거 같은데,0.09553012251853943,0.2559625804424286,0.31002482771873474,0.15584515035152435,0.11210285127162933,0.07053440809249878
2024-03-03 01:19:09,에휴 병신아,ㅅㅂ,46,46.0,에휴 병신아 ㅅㅂ,에휴 병신아 ㅅㅂ,0.11732320487499237,0.1768418699502945,0.12111601233482361,0.32590019702911377,0.041264865547418594,0.21755386888980865
2024-03-03 01:19:14,쥬지 정조대 ㅋㅋㅋㅋ,"ㄹㅇㅋㅋ
- dc official App",46,46.0,"쥬지 정조대 ㅋㅋㅋㅋ ㄹㅇㅋㅋ
- dc official App",쥬지 정조대 ㅋㅋㅋㅋ ㄹㅇㅋㅋ,0.5405107736587524,0.1638508439064026,0.14562131464481354,0.07598437368869781,0.0442887507379055,0.029743915423750877
2024-03-03 01:19:26,토토 수지랑 분노의 3연전 예약ㅋㅋㅋㅋㅋㅋㅋ,,46,46.0,토토 수지랑 분노의 3연전 예약ㅋㅋㅋㅋㅋㅋㅋ ,토토 수지랑 분노의 3연전 예약ㅋㅋㅋㅋㅋㅋㅋ,0.6970657706260681,0.11177129298448563,0.07187270373106003,0.05850137397646904,0.027659084647893906,0.03312978893518448
2024-03-03 01:19:30,봐라 쥬지새끼는 월챔감 안 된다니까,작년 싱가폴 부터 싹수가 딱 나옴,46,46.0,봐라 쥬지새끼는 월챔감 안 된다니까 작년 싱가폴 부터 싹수가 딱 나옴,봐라 쥬지새끼는 월챔감 안 된다니까 작년 싱가폴 부터 싹수가 딱 나옴,0.08165396004915237,0.1881633996963501,0.29952967166900635,0.1689145863056183,0.08984627574682236,0.17189207673072815
2024-03-03 01:19:31,체코만 끌어내리면 되겠노,"소프트 내려와라 이기
- dc official App",46,46.0,"체코만 끌어내리면 되겠노 소프트 내려와라 이기
- dc official App",체코만 끌어내리면 되겠노 소프트 내려와라 이기,0.15385276079177856,0.19243696331977844,0.16522198915481567,0.2998199760913849,0.05493198335170746,0.13373634219169617
2024-03-03 01:19:34,막스 담배 한대 태워라,카메라에도 안잡히는데 담배 한대 정도는 괜찮잖아,46,46.0,막스 담배 한대 태워라 카메라에도 안잡히는데 담배 한대 정도는 괜찮잖아,막스 담배 한대 태워라 카메라에도 안잡히는데 담배 한대 정도는 괜찮잖아,0.2335241138935089,0.24602632224559784,0.23654983937740326,0.0965328961610794,0.08868422359228134,0.09868259727954865
2024-03-03 01:19:38,황라리 p3 p4 하면 사실상 1등 아니냐?,뉴이신이 만든 비행기 빼고 차중에서는 1등 이잖아,47,47.0,황라리 p3 p4 하면 사실상 1등 아니냐? 뉴이신이 만든 비행기 빼고 차중에서는 1등 이잖아,황라리 p3 p4 하면 사실상 1등 아니냐? 뉴이신이 만든 비행기 빼고 차중에서는 1등 이잖아,0.2871374785900116,0.21259047091007233,0.24464094638824463,0.09216708689928055,0.088535375893116,0.0749286562204361
2024-03-03 01:19:41,역시 러셀은 존니 평범한 재능...,좋은차로 존나 못탐...,47,47.0,역시 러셀은 존니 평범한 재능... 좋은차로 존나 못탐...,역시 러셀은 존니 평범한 재능... 좋은차로 존나 못탐...,0.08583824336528778,0.30134275555610657,0.2397620528936386,0.1434706151485443,0.10020381957292557,0.12938247621059418
2024-03-03 01:19:41,10랩 남앗는데 체코 vs 사인츠 3.3초갭 극복 가능?,소프트 vs 하드,47,47.0,10랩 남앗는데 체코 vs 사인츠 3.3초갭 극복 가능? 소프트 vs 하드,10랩 남앗는데 체코 vs 사인츠 3.3초갭 극복 가능? 소프트 vs 하드,0.19309253990650177,0.21660056710243225,0.34002187848091125,0.10041478276252747,0.09667438268661499,0.05319581180810928
2024-03-03 01:19:56,ㄹㅇ 시즌요약이노 레드불 12 페라리 34,ㅋㅋㅋ,47,47.0,ㄹㅇ 시즌요약이노 레드불 12 페라리 34 ㅋㅋㅋ,ㄹㅇ 시즌요약이노 레드불 12 페라리 34 ㅋㅋㅋ,0.4198956787586212,0.2143077552318573,0.177566796541214,0.09312457591295242,0.05095173418521881,0.04415354132652283
2024-03-03 01:19:57,나 토토인데 러셀 휠락 걸리는거보고 간장 원샷중이다,- dc official App,47,47.0,나 토토인데 러셀 휠락 걸리는거보고 간장 원샷중이다 - dc official App,나 토토인데 러셀 휠락 걸리는거보고 간장 원샷중이다 - dc official App,0.535102128982544,0.17827129364013672,0.11093144118785858,0.08362384140491486,0.04484640806913376,0.04722486063838005
2024-03-03 01:20:00,소프트 17바퀴에 터진다,3바퀴 남기고 대역전각이다,47,47.0,소프트 17바퀴에 터진다 3바퀴 남기고 대역전각이다,소프트 17바퀴에 터진다 3바퀴 남기고 대역전각이다,0.584711492061615,0.15586289763450623,0.10916250944137573,0.06831319630146027,0.03600534796714783,0.045944519340991974
2024-03-03 01:20:02,막스야 휴게소가서 우동이나 한사바리 하자,,47,47.0,막스야 휴게소가서 우동이나 한사바리 하자 ,막스야 휴게소가서 우동이나 한사바리 하자,0.6068437695503235,0.14012210071086884,0.09372036159038544,0.06391433626413345,0.04253005236387253,0.05286940559744835
2024-03-03 01:20:27,알타리 근들갑 존나 떨었는데 결국 알타리는 알타리네,병신차와 병신 전략,47,47.0,알타리 근들갑 존나 떨었는데 결국 알타리는 알타리네 병신차와 병신 전략,알타리 근들갑 존나 떨었는데 결국 알타리는 알타리네 병신차와 병신 전략,0.06935189664363861,0.2757621109485626,0.24681468307971954,0.1829575002193451,0.09062641859054565,0.13448737561702728
2024-03-03 01:20:42,55랩에서 체코 바퀴 터질듯,"그냥 제발
- dc official App",47,47.0,"55랩에서 체코 바퀴 터질듯 그냥 제발
- dc official App",55랩에서 체코 바퀴 터질듯 그냥 제발,0.11273618042469025,0.2726861834526062,0.17093469202518463,0.18985138833522797,0.09450820833444595,0.1592833548784256
2024-03-03 01:20:43,막스는 항상 맨뒤에서 스타트 해라,그래도 이길듯,47,47.0,막스는 항상 맨뒤에서 스타트 해라 그래도 이길듯,막스는 항상 맨뒤에서 스타트 해라 그래도 이길듯,0.16711026430130005,0.24728481471538544,0.29458701610565186,0.09987464547157288,0.1128612607717514,0.07828196883201599
2024-03-03 01:20:53,40랩에 켰는데,존나 재미옶네,47,47.0,40랩에 켰는데 존나 재미옶네,40랩에 켰는데 존나 재미옶네,0.14045116305351257,0.33037155866622925,0.13906191289424896,0.16702033579349518,0.055120114237070084,0.1679747998714447
2024-03-03 01:21:01,병신은 사인즈에비해 14번코너 탈출 가속에서 손해를보는중,오퍼레이터가 그렇대 ㅇㅇ..,47,47.0,병신은 사인즈에비해 14번코너 탈출 가속에서 손해를보는중 오퍼레이터가 그렇대 ㅇㅇ..,병신은 사인즈에비해 14번코너 탈출 가속에서 손해를보는중 오퍼레이터가 그렇대 ㅇㅇ..,0.11426055431365967,0.34025198221206665,0.25182226300239563,0.1067221388220787,0.06726129353046417,0.119681715965271
2024-03-03 01:21:05,진짜 상위 5팀이 포인트 독식하네 ㅋㅋ,"성능별로 정렬된 기분 ㅋㅋ
- dc official App",47,47.0,"진짜 상위 5팀이 포인트 독식하네 ㅋㅋ 성능별로 정렬된 기분 ㅋㅋ
- dc official App",진짜 상위 5팀이 포인트 독식하네 ㅋㅋ 성능별로 정렬된 기분 ㅋㅋ,0.2612853944301605,0.2216602861881256,0.25292733311653137,0.12464718520641327,0.0810987576842308,0.05838105082511902
2024-03-03 01:21:08,DOD 투표하자 DOD,f1.com/vote,47,47.0,DOD 투표하자 DOD f1.com/vote,DOD 투표하자 DOD f1.com/vote,0.44938090443611145,0.19128501415252686,0.18979693949222565,0.08120981603860855,0.03909836709499359,0.04922892525792122
2024-03-03 01:21:10,막스는 그 개러지에서 쓰는 스크린 달고나가도 우승할듯,넷플릭스 큰 화면으로 좀 보게 해줘라!,47,47.0,막스는 그 개러지에서 쓰는 스크린 달고나가도 우승할듯 넷플릭스 큰 화면으로 좀 보게 해줘라!,막스는 그 개러지에서 쓰는 스크린 달고나가도 우승할듯 넷플릭스 큰 화면으로 좀 보게 해줘라!,0.23216558992862701,0.22706326842308044,0.1613784283399582,0.17066670954227448,0.08656958490610123,0.12215641140937805
2024-03-03 01:21:13,저우관유가 선전하네,범부중 최고네,48,48.0,저우관유가 선전하네 범부중 최고네,저우관유가 선전하네 범부중 최고네,0.4555630087852478,0.2085266411304474,0.14145000278949738,0.06164514645934105,0.07322429120540619,0.05959091708064079
2024-03-03 01:21:18,물탕이가 노리스만 넘으면,"레드불
레드불
페라리
페라리
메르세데스
메르세데스
맥라렌
맥라렌
애스턴마틴
애스턴마틴
아 이거 보고싶은데",48,48.0,"물탕이가 노리스만 넘으면 레드불
레드불
페라리
페라리
메르세데스
메르세데스
맥라렌
맥라렌
애스턴마틴
애스턴마틴
아 이거 보고싶은데",물탕이가 노리스만 넘으면 레드불 레드불 페라리 페라리 메르세데스 메르세데스 맥라렌 맥라렌 애스턴마틴 애스턴마틴 아 이거 보고싶은데,0.5171450972557068,0.16593919694423676,0.15428327023983002,0.07090947031974792,0.05013926699757576,0.04158371314406395
2024-03-03 01:21:19,순위가 뭔 몬자처럼 나오냐,- dc official App,48,48.0,순위가 뭔 몬자처럼 나오냐 - dc official App,순위가 뭔 몬자처럼 나오냐 - dc official App,0.10674305260181427,0.30978918075561523,0.24876484274864197,0.15191537141799927,0.05698763579130173,0.12579992413520813
2024-03-03 01:21:31,베텔을 이긴 르끌레를 이긴 사인츠를 이긴 헐크는,도대체 왜 포디엄을 못가는거냐고,48,48.0,베텔을 이긴 르끌레를 이긴 사인츠를 이긴 헐크는 도대체 왜 포디엄을 못가는거냐고,베텔을 이긴 르끌레를 이긴 사인츠를 이긴 헐크는 도대체 왜 포디엄을 못가는거냐고,0.0844549760222435,0.2996782660484314,0.190046027302742,0.17779968678951263,0.07755041867494583,0.17047064006328583
2024-03-03 01:21:37,질문)어차피 끝나고 샴페인 먹을건데 걍 미리 마시고 타면 안됨?,막스야.,48,48.0,질문)어차피 끝나고 샴페인 먹을건데 걍 미리 마시고 타면 안됨? 막스야.,질문)어차피 끝나고 샴페인 먹을건데 걍 미리 마시고 타면 안됨? 막스야.,0.11379963159561157,0.3068385124206543,0.26132240891456604,0.11587447673082352,0.09099174290895462,0.11117330193519592
2024-03-03 01:22:01,DOD 결과 사인츠일거같음,ㅇㅇ,48,48.0,DOD 결과 사인츠일거같음 ㅇㅇ,DOD 결과 사인츠일거같음 ㅇㅇ,0.1944759488105774,0.23400382697582245,0.32173410058021545,0.0992249920964241,0.07160701602697372,0.07895415276288986
2024-03-03 01:22:03,실시간 속성과외 ㅋㅋㅋㅋㅋ,- dc official App,48,48.0,실시간 속성과외 ㅋㅋㅋㅋㅋ - dc official App,실시간 속성과외 ㅋㅋㅋㅋㅋ - dc official App,0.6284961104393005,0.13128502666950226,0.10592368245124817,0.07147533446550369,0.02931111678481102,0.033508725464344025
2024-03-03 01:22:04,러셀 노리스 해밀턴 막판 그림하나 나올듯 ㅋㅋ,"점점 셋이 붙네 ㅋㅋ
- dc official App",48,48.0,"러셀 노리스 해밀턴 막판 그림하나 나올듯 ㅋㅋ 점점 셋이 붙네 ㅋㅋ
- dc official App",러셀 노리스 해밀턴 막판 그림하나 나올듯 ㅋㅋ 점점 셋이 붙네 ㅋㅋ,0.5767507553100586,0.16065770387649536,0.12734180688858032,0.06656923145055771,0.036211997270584106,0.03246847912669182
2024-03-03 01:22:06,체코 2등하겠노,,48,48.0,체코 2등하겠노 ,체코 2등하겠노,0.1354123204946518,0.27768439054489136,0.3322945833206177,0.09611974656581879,0.09624998271465302,0.06223900243639946
2024-03-03 01:22:14,???:리카도가 다시 레드불??,"너, 개 느리잖아",48,48.0,"???:리카도가 다시 레드불?? 너, 개 느리잖아","???:리카도가 다시 레드불?? 너, 개 느리잖아",0.0955440104007721,0.26640352606773376,0.3032478094100952,0.1339857429265976,0.10509854555130005,0.09572041779756546
2024-03-03 01:22:14,알론소 패랩도전하나?,"흠
- dc official App",48,48.0,"알론소 패랩도전하나? 흠
- dc official App",알론소 패랩도전하나? 흠,0.2266358584165573,0.22185181081295013,0.32455891370773315,0.08913086354732513,0.08468256145715714,0.053139977157115936
2024-03-03 01:22:19,알핀은 진짜 답도 안나오네 ㅋㅋㅋㅋ,큰 이슈 있었던 애들하고 같이 달리고 있는거 실화냐고 ㅋㅋㅋㅋ,48,48.0,알핀은 진짜 답도 안나오네 ㅋㅋㅋㅋ 큰 이슈 있었던 애들하고 같이 달리고 있는거 실화냐고 ㅋㅋㅋㅋ,알핀은 진짜 답도 안나오네 ㅋㅋㅋㅋ 큰 이슈 있었던 애들하고 같이 달리고 있는거 실화냐고 ㅋㅋㅋㅋ,0.07626831531524658,0.27409255504608154,0.20013242959976196,0.1959952861070633,0.09314794093370438,0.16036343574523926
2024-03-03 01:22:20,러셀 노리스한테 따일거같은데,,48,48.0,러셀 노리스한테 따일거같은데 ,러셀 노리스한테 따일거같은데,0.10207024961709976,0.24247153103351593,0.35370326042175293,0.10800562053918839,0.10814663022756577,0.08560271561145782
2024-03-03 01:22:35,막체 갭 18초면 정준하 1.5우동 아니냐? ㅋㅋ,- dc official App,48,48.0,막체 갭 18초면 정준하 1.5우동 아니냐? ㅋㅋ - dc official App,막체 갭 18초면 정준하 1.5우동 아니냐? ㅋㅋ - dc official App,0.2100013941526413,0.2143464833498001,0.3249985873699188,0.12209853529930115,0.08177056163549423,0.04678439721465111
2024-03-03 01:22:40,막스야 혹시 친구들이랑 자전거 여행 한 번 갈 생각 없니,손가락 10개랑 발가락 8개만 부러진 채로 차 타주면 안될까,48,48.0,막스야 혹시 친구들이랑 자전거 여행 한 번 갈 생각 없니 손가락 10개랑 발가락 8개만 부러진 채로 차 타주면 안될까,막스야 혹시 친구들이랑 자전거 여행 한 번 갈 생각 없니 손가락 10개랑 발가락 8개만 부러진 채로 차 타주면 안될까,0.3718511164188385,0.18936318159103394,0.1876082718372345,0.08411188423633575,0.09563124179840088,0.07143426686525345
2024-03-03 01:22:39,도련님 진짜 30랩 타려나보네,- dc official App,48,48.0,도련님 진짜 30랩 타려나보네 - dc official App,도련님 진짜 30랩 타려나보네 - dc official App,0.2708548307418823,0.22749628126621246,0.28413304686546326,0.08261682838201523,0.09785736352205276,0.037041667848825455
2024-03-03 01:22:43,좆노잼 입갤 ㅋㅋㅋ,걍 자러간다,48,48.0,좆노잼 입갤 ㅋㅋㅋ 걍 자러간다,좆노잼 입갤 ㅋㅋㅋ 걍 자러간다,0.12014143168926239,0.296639621257782,0.14798586070537567,0.18644142150878906,0.06875912100076675,0.18003259599208832
2024-03-03 01:22:42,DOD 사인지 투표하고옴,ㅖㅏ,48,48.0,DOD 사인지 투표하고옴 ㅖㅏ,DOD 사인지 투표하고옴 ㅖㅏ,0.5532967448234558,0.17328734695911407,0.11958187818527222,0.0674663633108139,0.04093622416257858,0.04543140158057213
2024-03-03 01:22:46,헐크 1랩 억까 아니었으면 포인트피니쉬 가능?,도련놈 점프 앤 스핀 ㅅㅂ,48,48.0,헐크 1랩 억까 아니었으면 포인트피니쉬 가능? 도련놈 점프 앤 스핀 ㅅㅂ,헐크 1랩 억까 아니었으면 포인트피니쉬 가능? 도련놈 점프 앤 스핀 ㅅㅂ,0.11013834923505783,0.1924593597650528,0.1342114955186844,0.34580257534980774,0.047998882830142975,0.16938930749893188
2024-03-03 01:22:55,올해도 그저 그런 팀이구나,"ㅅㅂ
- dc official App",49,49.0,"올해도 그저 그런 팀이구나 ㅅㅂ
- dc official App",올해도 그저 그런 팀이구나 ㅅㅂ,0.08931565284729004,0.22510947287082672,0.14244307577610016,0.216754749417305,0.06833034008741379,0.2580467462539673
2024-03-03 01:23:17,하 존나 그립습니다,"대제핀 대친자호소인 대브리 고트
이 새끼들 없으니까 변수가 1도 없어서 재미가 없네",49,49.0,"하 존나 그립습니다 대제핀 대친자호소인 대브리 고트
이 새끼들 없으니까 변수가 1도 없어서 재미가 없네",하 존나 그립습니다 대제핀 대친자호소인 대브리 고트 이 새끼들 없으니까 변수가 1도 없어서 재미가 없네,0.143973708152771,0.22309838235378265,0.11153437197208405,0.2400600165128708,0.06222487986087799,0.21910858154296875
2024-03-03 01:23:39,팀 차 성능대로 정렬,1경기 봤는데 시즌 다봤다,49,49.0,팀 차 성능대로 정렬 1경기 봤는데 시즌 다봤다,팀 차 성능대로 정렬 1경기 봤는데 시즌 다봤다,0.5642684698104858,0.17906111478805542,0.08741168677806854,0.08548063039779663,0.033073145896196365,0.05070497468113899
2024-03-03 01:23:59,하스 오늘 ㅈㄴ 잘버티노,,49,49.0,하스 오늘 ㅈㄴ 잘버티노 ,하스 오늘 ㅈㄴ 잘버티노,0.6825824975967407,0.11788006126880646,0.07322175800800323,0.04851770028471947,0.033170104026794434,0.04462790489196777
2024-03-03 01:24:04,DOD 현재 사인지 1등 ㅋㅋㅋㅋㅋㅋ,대 인 지,49,49.0,DOD 현재 사인지 1등 ㅋㅋㅋㅋㅋㅋ 대 인 지,DOD 현재 사인지 1등 ㅋㅋㅋㅋㅋㅋ 대 인 지,0.5597119331359863,0.1675843447446823,0.1420864462852478,0.06301587074995041,0.037116602063179016,0.030484797433018684
2024-03-03 01:24:08,페라리 슈퍼컴 구라치네,하드가 더 빨라진다매 ㅋㅋㅋㅋ,49,49.0,페라리 슈퍼컴 구라치네 하드가 더 빨라진다매 ㅋㅋㅋㅋ,페라리 슈퍼컴 구라치네 하드가 더 빨라진다매 ㅋㅋㅋㅋ,0.11810799688100815,0.19740425050258636,0.3128717243671417,0.1902460753917694,0.0719841942191124,0.10938570648431778
2024-03-03 01:24:08,저래도 11프로는 씨발 멕시코 카르텔ㅋㅋㅋㅋ,,49,49.0,저래도 11프로는 씨발 멕시코 카르텔ㅋㅋㅋㅋ ,저래도 11프로는 씨발 멕시코 카르텔ㅋㅋㅋㅋ,0.08938480168581009,0.16215528547763824,0.2223338484764099,0.2767518162727356,0.07955846190452576,0.16981574892997742
2024-03-03 01:24:35,엘랑엔진,뒤로가는게 더빠를듯,50,50.0,엘랑엔진 뒤로가는게 더빠를듯,엘랑엔진 뒤로가는게 더빠를듯,0.09897995740175247,0.27083414793014526,0.3146817982196808,0.11922239512205124,0.06559675186872482,0.1306849867105484
2024-03-03 01:24:37,그냥 잘까?,이미 끝난것 같은데,50,50.0,그냥 잘까? 이미 끝난것 같은데,그냥 잘까? 이미 끝난것 같은데,0.10634832084178925,0.32112330198287964,0.2058565765619278,0.11475491523742676,0.0999886691570282,0.15192823112010956
2024-03-03 01:24:37,아오 시발 20초 벌어지겠네,역대급 개노잼시즌,50,50.0,아오 시발 20초 벌어지겠네 역대급 개노잼시즌,아오 시발 20초 벌어지겠네 역대급 개노잼시즌,0.11463124305009842,0.2879747152328491,0.13466991484165192,0.21961653232574463,0.05717158690094948,0.18593601882457733
2024-03-03 01:24:39,좆토 씨발련아,대체 뭐가 차다운 차라는거야,50,50.0,좆토 씨발련아 대체 뭐가 차다운 차라는거야,좆토 씨발련아 대체 뭐가 차다운 차라는거야,0.13263626396656036,0.22162765264511108,0.11660142242908478,0.2987237870693207,0.03820568695664406,0.19220514595508575
2024-03-03 01:24:44,전경기 원투 각이 보인다,병신이 모나코 퀄리파잉에서 쳐박지만 않으면 가능해보임 ㅇㅇ,50,50.0,전경기 원투 각이 보인다 병신이 모나코 퀄리파잉에서 쳐박지만 않으면 가능해보임 ㅇㅇ,전경기 원투 각이 보인다 병신이 모나코 퀄리파잉에서 쳐박지만 않으면 가능해보임 ㅇㅇ,0.15654824674129486,0.22293582558631897,0.3217940628528595,0.11003846675157547,0.10724779218435287,0.08143563568592072
2024-03-03 01:24:48,레드불 소프트 느려질 생각이 없노,ㅋㅋ,50,50.0,레드불 소프트 느려질 생각이 없노 ㅋㅋ,레드불 소프트 느려질 생각이 없노 ㅋㅋ,0.2954164743423462,0.28034940361976624,0.21029989421367645,0.08966290205717087,0.056258488446474075,0.06801280379295349
2024-03-03 01:24:50,병신)목이마르다,실제로한말 ㅋㅋ,50,50.0,병신)목이마르다 실제로한말 ㅋㅋ,병신)목이마르다 실제로한말 ㅋㅋ,0.4262242317199707,0.2357015311717987,0.11144878715276718,0.10415886342525482,0.04924215376377106,0.07322448492050171
2024-03-03 01:24:52,진짜 초전도 레이스카네 타이어 안갈리는거봐 ㅋㅋ,ㅋㅋㅋ,50,50.0,진짜 초전도 레이스카네 타이어 안갈리는거봐 ㅋㅋ ㅋㅋㅋ,진짜 초전도 레이스카네 타이어 안갈리는거봐 ㅋㅋ ㅋㅋㅋ,0.32503119111061096,0.19581350684165955,0.2671983540058136,0.08680994808673859,0.08610454946756363,0.03904242813587189
2024-03-03 01:24:53,페라리 전략팀한테 또 속냐....,저새끼들 슈퍼컴도 병신인게 당연하잖아,50,50.0,페라리 전략팀한테 또 속냐.... 저새끼들 슈퍼컴도 병신인게 당연하잖아,페라리 전략팀한테 또 속냐.... 저새끼들 슈퍼컴도 병신인게 당연하잖아,0.06296093016862869,0.18907612562179565,0.28005218505859375,0.19280000030994415,0.06934621930122375,0.2057645320892334
2024-03-03 01:24:54,레드불 차는 호버크래프트냐,왜 타이어가 안닳어??????,50,50.0,레드불 차는 호버크래프트냐 왜 타이어가 안닳어??????,레드불 차는 호버크래프트냐 왜 타이어가 안닳어??????,0.11054433882236481,0.2610313296318054,0.2873693108558655,0.1578318029642105,0.09623983502388,0.0869833305478096
2024-03-03 01:24:56,체코 소프트보다 사인츠 하드가 먼저뒤지네ㅋㅋㅋ,Rb20은 타이어 성능저하가 없다,50,50.0,체코 소프트보다 사인츠 하드가 먼저뒤지네ㅋㅋㅋ Rb20은 타이어 성능저하가 없다,체코 소프트보다 사인츠 하드가 먼저뒤지네ㅋㅋㅋ Rb20은 타이어 성능저하가 없다,0.12016238272190094,0.2541166841983795,0.32493215799331665,0.13562028110027313,0.09211359918117523,0.07305487990379333
2024-03-03 01:25:07,물탕이 빼고 그냥 팀순위겠노,물탕이는 그냥 본인이 느려서;;,50,50.0,물탕이 빼고 그냥 팀순위겠노 물탕이는 그냥 본인이 느려서;;,물탕이 빼고 그냥 팀순위겠노 물탕이는 그냥 본인이 느려서;;,0.0782642737030983,0.3124050199985504,0.26553478837013245,0.12457595765590668,0.08300203084945679,0.13621792197227478
2024-03-03 01:25:09,페라리 슈퍼컴 수준 ㅋㅋㅋㅋㅋㅋ,"잡힌다는 렙에서 6렙이 지나도 안잡히노
저러니 매번 판단이 저모양이지 ㅋㅋ",50,50.0,"페라리 슈퍼컴 수준 ㅋㅋㅋㅋㅋㅋ 잡힌다는 렙에서 6렙이 지나도 안잡히노
저러니 매번 판단이 저모양이지 ㅋㅋ",페라리 슈퍼컴 수준 ㅋㅋㅋㅋㅋㅋ 잡힌다는 렙에서 6렙이 지나도 안잡히노 저러니 매번 판단이 저모양이지 ㅋㅋ,0.07176382839679718,0.22649425268173218,0.2831878960132599,0.19295968115329742,0.07912731915712357,0.14646701514720917
2024-03-03 01:25:14,카트라이더도 10초 안에 못 들어오면 리타인데 올리타네 시발,어이가 없어요 그냥,50,50.0,카트라이더도 10초 안에 못 들어오면 리타인데 올리타네 시발 어이가 없어요 그냥,카트라이더도 10초 안에 못 들어오면 리타인데 올리타네 시발 어이가 없어요 그냥,0.1112051010131836,0.2357252985239029,0.13075125217437744,0.276093989610672,0.0421806164085865,0.20404380559921265
2024-03-03 01:25:15,순수 페이스 꼴찌 알핀은 진짜,ㅋㅋㅋ그냥,50,50.0,순수 페이스 꼴찌 알핀은 진짜 ㅋㅋㅋ그냥,순수 페이스 꼴찌 알핀은 진짜 ㅋㅋㅋ그냥,0.10687080025672913,0.3062327206134796,0.2898291349411011,0.11827953159809113,0.10992975533008575,0.06885802000761032
2024-03-03 01:25:25,대런 이악물고 11노다 따라잡았네,ㅋㅋ,50,50.0,대런 이악물고 11노다 따라잡았네 ㅋㅋ,대런 이악물고 11노다 따라잡았네 ㅋㅋ,0.28702038526535034,0.1975620687007904,0.28067582845687866,0.09449457377195358,0.10046243667602539,0.0397847555577755
2024-03-03 01:25:27,rb20 ㅅㅂㅋㅋ,차가 시발 소프트20이 목표였노,50,50.0,rb20 ㅅㅂㅋㅋ 차가 시발 소프트20이 목표였노,rb20 ㅅㅂㅋㅋ 차가 시발 소프트20이 목표였노,0.08789079636335373,0.251809298992157,0.14556050300598145,0.2658640146255493,0.05354349687695503,0.19533193111419678
2024-03-03 01:25:41,오콘 헐크한테 따임 ㅋㅋㅋㅋ,병신팀,50,50.0,오콘 헐크한테 따임 ㅋㅋㅋㅋ 병신팀,오콘 헐크한테 따임 ㅋㅋㅋㅋ 병신팀,0.11207421869039536,0.2592509984970093,0.29910600185394287,0.1537182331085205,0.09339182078838348,0.08245869725942612
2024-03-03 01:25:48,알론소는 타이어 신나게 쓰네,뭔 막스보다 빠르노,50,50.0,알론소는 타이어 신나게 쓰네 뭔 막스보다 빠르노,알론소는 타이어 신나게 쓰네 뭔 막스보다 빠르노,0.18759050965309143,0.21874256432056427,0.3237950801849365,0.11522825807332993,0.10921124368906021,0.04543231800198555
2024-03-03 01:25:51,bop <- 좋은 문화 엪원에도 도입해야 하면 개추 ㅋㅋㅋ,씨발 저게 차냐?,50,50.0,bop <- 좋은 문화 엪원에도 도입해야 하면 개추 ㅋㅋㅋ 씨발 저게 차냐?,bop <- 좋은 문화 엪원에도 도입해야 하면 개추 ㅋㅋㅋ 씨발 저게 차냐?,0.15858589112758636,0.211539164185524,0.19169573485851288,0.24299480020999908,0.0784609243273735,0.11672346293926239
2024-03-03 01:26:01,알핀은 퀄리 봤을때 예정된 결과긴 했는데,그래도 실제로 보고나니 더 어이가없네,51,51.0,알핀은 퀄리 봤을때 예정된 결과긴 했는데 그래도 실제로 보고나니 더 어이가없네,알핀은 퀄리 봤을때 예정된 결과긴 했는데 그래도 실제로 보고나니 더 어이가없네,0.08463019877672195,0.2613775134086609,0.19768257439136505,0.22257712483406067,0.0706867203116417,0.1630459576845169
2024-03-03 01:26:05,알핀이 저렇게 망할 줄이야 ㅋㅋㅋ,,51,51.0,알핀이 저렇게 망할 줄이야 ㅋㅋㅋ ,알핀이 저렇게 망할 줄이야 ㅋㅋㅋ,0.0928511917591095,0.3030781149864197,0.25867968797683716,0.13436269760131836,0.12265536934137344,0.08837289363145828
2024-03-03 01:26:09,개좆핀은 하스를 막지 못해요 ㅋㅋㅋㅋㅋㅋㅋㅋㅋㅋㅋㅋㅋㅋ,,51,51.0,개좆핀은 하스를 막지 못해요 ㅋㅋㅋㅋㅋㅋㅋㅋㅋㅋㅋㅋㅋㅋ ,개좆핀은 하스를 막지 못해요 ㅋㅋㅋㅋㅋㅋㅋㅋㅋㅋㅋㅋㅋㅋ,0.32941022515296936,0.2433132827281952,0.17615662515163422,0.13163580000400543,0.06106801703572273,0.058416079729795456
2024-03-03 01:26:13,레레페페메맥메애애ㅋㅋㅋㅋㅋㅋㅋ,,51,51.0,레레페페메맥메애애ㅋㅋㅋㅋㅋㅋㅋ ,레레페페메맥메애애ㅋㅋㅋㅋㅋㅋㅋ,0.6544676423072815,0.12968145310878754,0.07978849112987518,0.07536081969738007,0.024111432954669,0.036590177565813065
2024-03-03 01:26:15,"""호로록...... 호로록.....""","""쩝.... 쩝...""",51,51.0,"""호로록...... 호로록....."" ""쩝.... 쩝...""","""호로록...... 호로록....."" ""쩝.... 쩝...""",0.1369463950395584,0.3242737650871277,0.15946410596370697,0.16282792389392853,0.06671750545501709,0.14977040886878967
2024-03-03 01:26:15,작년보다 더 이변이 없겠는데,"레드불 타이어 관리 보면 이변이 안나오겠다
작년은 빨랐지만 이 정도 타이어 관리는 아니었다",51,51.0,"작년보다 더 이변이 없겠는데 레드불 타이어 관리 보면 이변이 안나오겠다
작년은 빨랐지만 이 정도 타이어 관리는 아니었다",작년보다 더 이변이 없겠는데 레드불 타이어 관리 보면 이변이 안나오겠다 작년은 빨랐지만 이 정도 타이어 관리는 아니었다,0.07133060693740845,0.2959691286087036,0.25939539074897766,0.12975457310676575,0.08360496908426285,0.1599453240633011
2024-03-03 01:26:16,좆핀 이 미친놈들.,,51,51.0,좆핀 이 미친놈들. ,좆핀 이 미친놈들.,0.16936813294887543,0.15562796592712402,0.12106924504041672,0.3239583373069763,0.044022221118211746,0.18595410883426666
2024-03-03 01:26:21,RB20 벤 하자,차라리 작년차 써줘,51,51.0,RB20 벤 하자 차라리 작년차 써줘,RB20 벤 하자 차라리 작년차 써줘,0.14047130942344666,0.3124157190322876,0.1819629669189453,0.1223616898059845,0.06035309284925461,0.18243518471717834
2024-03-03 01:26:27,계속 뺑뺑이만 도는 거 왜 보냐? ㅋㅋ,라고 누군가 말해도 씹팩트라 긁히지가 않는다,51,51.0,계속 뺑뺑이만 도는 거 왜 보냐? ㅋㅋ 라고 누군가 말해도 씹팩트라 긁히지가 않는다,계속 뺑뺑이만 도는 거 왜 보냐? ㅋㅋ 라고 누군가 말해도 씹팩트라 긁히지가 않는다,0.10854165256023407,0.2796785831451416,0.1698928326368332,0.19736585021018982,0.09846655279397964,0.14605455100536346
2024-03-03 01:26:30,하스가 레이스 후반에 추월도 하네 ㅅㅂㅋㅋ,그저 개좆핀,51,51.0,하스가 레이스 후반에 추월도 하네 ㅅㅂㅋㅋ 그저 개좆핀,하스가 레이스 후반에 추월도 하네 ㅅㅂㅋㅋ 그저 개좆핀,0.10913942009210587,0.2571796476840973,0.15525992214679718,0.25350478291511536,0.08087354153394699,0.1440427303314209
2024-03-03 01:26:32,랜도야 잡아보자,ㄱㄴㄱㄴ,51,51.0,랜도야 잡아보자 ㄱㄴㄱㄴ,랜도야 잡아보자 ㄱㄴㄱㄴ,0.5597819089889526,0.15612341463565826,0.13968314230442047,0.06525867432355881,0.04354464262723923,0.03560826554894447
2024-03-03 01:26:35,알핀은.. 하스를 막지 못해요.....,"인생사 새옹지마 ㅅㅂㅋㅋㅋㅋㅋㅋㄱ
- dc official App",51,51.0,"알핀은.. 하스를 막지 못해요..... 인생사 새옹지마 ㅅㅂㅋㅋㅋㅋㅋㅋㄱ
- dc official App",알핀은.. 하스를 막지 못해요..... 인생사 새옹지마 ㅅㅂㅋㅋㅋㅋㅋㅋㄱ,0.1440134048461914,0.3057538568973541,0.15716756880283356,0.15984250605106354,0.11245924234390259,0.12076340615749359
2024-03-03 01:26:37,아니 십 소프트로 20랩을 타는걸 어케막노,저거 왜 안 닳아시발 ㅋㅋㅋㅋㅋ,51,51.0,아니 십 소프트로 20랩을 타는걸 어케막노 저거 왜 안 닳아시발 ㅋㅋㅋㅋㅋ,아니 십 소프트로 20랩을 타는걸 어케막노 저거 왜 안 닳아시발 ㅋㅋㅋㅋㅋ,0.10442327708005905,0.25301867723464966,0.1825394630432129,0.25432586669921875,0.08262930065393448,0.12306343019008636
2024-03-03 01:26:40,드라이버 스왑도르 ㅋㅋ,,51,51.0,드라이버 스왑도르 ㅋㅋ ,드라이버 스왑도르 ㅋㅋ,0.7038412094116211,0.10948552936315536,0.07409936189651489,0.05591168999671936,0.024073593318462372,0.03258867189288139
2024-03-03 01:26:45,알비 드라이버 스왑,ㅇ,51,51.0,알비 드라이버 스왑 ㅇ,알비 드라이버 스왑 ㅇ,0.6104629039764404,0.1368294358253479,0.11940604448318481,0.06776630133390427,0.027961276471614838,0.037573982030153275
2024-03-03 01:26:45,알핀 이새끼들 차 왜케 좆망했노,ㄹㅇ,51,51.0,알핀 이새끼들 차 왜케 좆망했노 ㄹㅇ,알핀 이새끼들 차 왜케 좆망했노 ㄹㅇ,0.0701332613825798,0.23045767843723297,0.22345232963562012,0.2067377269268036,0.07716687023639679,0.19205206632614136
2024-03-03 01:26:45,레드불은 rb19로 달려라,ㅇㅇ,51,51.0,레드불은 rb19로 달려라 ㅇㅇ,레드불은 rb19로 달려라 ㅇㅇ,0.4728459119796753,0.1837037056684494,0.15931645035743713,0.08650604635477066,0.04527336359024048,0.05235450714826584
2024-03-03 01:26:50,가자 노리스!!!,붙어!!,51,51.0,가자 노리스!!! 붙어!!,가자 노리스!!! 붙어!!,0.6278121471405029,0.13461077213287354,0.10353127866983414,0.06132862716913223,0.03621968254446983,0.03649749234318733
2024-03-03 01:26:54,작년이 개꿀잼 시즌이었네,"막스 한 새끼만 쳐내면 2~10위까지
다 치열한 컨챔 싸움하던",51,51.0,"작년이 개꿀잼 시즌이었네 막스 한 새끼만 쳐내면 2~10위까지
다 치열한 컨챔 싸움하던",작년이 개꿀잼 시즌이었네 막스 한 새끼만 쳐내면 2~10위까지 다 치열한 컨챔 싸움하던,0.5762441754341125,0.15613745152950287,0.07708770781755447,0.10079269111156464,0.0342642180621624,0.05547379329800606
2024-03-03 01:26:55,포인트권 10명에 팀 5개ㅋㅋㅋㅋㅋㅋ,,51,51.0,포인트권 10명에 팀 5개ㅋㅋㅋㅋㅋㅋ ,포인트권 10명에 팀 5개ㅋㅋㅋㅋㅋㅋ,0.3691105842590332,0.21467876434326172,0.18933358788490295,0.12075673788785934,0.05592631548643112,0.05019396170973778
2024-03-03 01:26:57,쥬지 이 ㅂㅅ아..,p3출발해서 p6 마무리하게 생겼넼ㅋㅋㅋ,51,51.0,쥬지 이 ㅂㅅ아.. p3출발해서 p6 마무리하게 생겼넼ㅋㅋㅋ,쥬지 이 ㅂㅅ아.. p3출발해서 p6 마무리하게 생겼넼ㅋㅋㅋ,0.25338223576545715,0.2867029905319214,0.15613409876823425,0.14831672608852386,0.08258223533630371,0.07288166880607605
2024-03-03 01:26:57,알핀 이 씨발년들아,,51,51.0,알핀 이 씨발년들아 ,알핀 이 씨발년들아,0.17483796179294586,0.14973612129688263,0.12781722843647003,0.3226188123226166,0.043930329382419586,0.18105949461460114
2024-03-03 01:27:02,소프트 20랩? 뉴이신,"안봐도 뻔해요 우승~
- dc official App",51,51.0,"소프트 20랩? 뉴이신 안봐도 뻔해요 우승~
- dc official App",소프트 20랩? 뉴이신 안봐도 뻔해요 우승~,0.4813123345375061,0.16589288413524628,0.12970906496047974,0.11006678640842438,0.04836425930261612,0.06465467810630798
2024-03-03 01:27:14,알핀은 진짜 뭐임? ‘52초’와 ‘으악!’ 바로 위라고?,,51,51.0,알핀은 진짜 뭐임? ‘52초’와 ‘으악!’ 바로 위라고? ,알핀은 진짜 뭐임? ‘52초’와 ‘으악!’ 바로 위라고?,0.12883177399635315,0.2088416963815689,0.3305577039718628,0.1395612508058548,0.11892442405223846,0.0732831284403801
2024-03-03 01:27:24,RB2P은 사실,"전투기였던거임!!
- dc official App",51,51.0,"RB2P은 사실 전투기였던거임!!
- dc official App",RB2P은 사실 전투기였던거임!!,0.2426726222038269,0.21691612899303436,0.2830696702003479,0.09579593688249588,0.11241620779037476,0.04912944510579109
2024-03-03 01:27:31,막스 혼자 아직 1분 34초대네...ㄷㄷ,ㄷㄷㄷㄷㄷ,51,51.0,막스 혼자 아직 1분 34초대네...ㄷㄷ ㄷㄷㄷㄷㄷ,막스 혼자 아직 1분 34초대네...ㄷㄷ ㄷㄷㄷㄷㄷ,0.1321621537208557,0.2552475035190582,0.2866779863834381,0.12090307474136353,0.12242669612169266,0.08258264511823654
2024-03-03 01:27:31,스트롤 트롤해줘라 제발,"저우라도 포인트 따게 해줘
- dc official App",51,51.0,"스트롤 트롤해줘라 제발 저우라도 포인트 따게 해줘
- dc official App",스트롤 트롤해줘라 제발 저우라도 포인트 따게 해줘,0.28936123847961426,0.20954051613807678,0.1150476261973381,0.14268389344215393,0.0744938850402832,0.1688729077577591
2024-03-03 01:27:38,사이버네틱 유키 뭐고 ㅋㅋㅋㅋㅋ,,52,52.0,사이버네틱 유키 뭐고 ㅋㅋㅋㅋㅋ ,사이버네틱 유키 뭐고 ㅋㅋㅋㅋㅋ,0.4108208417892456,0.20919448137283325,0.20507857203483582,0.09182474762201309,0.046830713748931885,0.03625071421265602
2024-03-03 01:27:39,노리스 P5 해보자ㅋㅋ,ㅋㅋ,52,52.0,노리스 P5 해보자ㅋㅋ ㅋㅋ,노리스 P5 해보자ㅋㅋ ㅋㅋ,0.6484763622283936,0.13119076192378998,0.09261563420295715,0.06426431238651276,0.028509050607681274,0.03494386374950409
2024-03-03 01:27:38,드라이버 즈왑ㅋㅋㅋㅋㅋ,,52,52.0,드라이버 즈왑ㅋㅋㅋㅋㅋ ,드라이버 즈왑ㅋㅋㅋㅋㅋ,0.6995090246200562,0.10965698957443237,0.07649005949497223,0.05857953056693077,0.024246299639344215,0.03151818737387657
2024-03-03 01:27:40,진짜 지랄났노 ㅋ,,52,52.0,진짜 지랄났노 ㅋ ,진짜 지랄났노 ㅋ,0.10955283790826797,0.18825583159923553,0.16555145382881165,0.31907376646995544,0.06884551793336868,0.14872056245803833
2024-03-03 01:27:41,츠노다빡쳤다 ㅋㅋㅋㅋ,,52,52.0,츠노다빡쳤다 ㅋㅋㅋㅋ ,츠노다빡쳤다 ㅋㅋㅋㅋ,0.170287624001503,0.21782618761062622,0.14928266406059265,0.26411503553390503,0.0686463862657547,0.12984202802181244
2024-03-03 01:27:42,알유 키딩 미ㅋㅋㅋㅋ,ㅋ,52,52.0,알유 키딩 미ㅋㅋㅋㅋ ㅋ,알유 키딩 미ㅋㅋㅋㅋ ㅋ,0.6934130191802979,0.11431441456079483,0.07627066969871521,0.05996475741267204,0.024104109033942223,0.0319330208003521
2024-03-03 01:27:43,츠노다 개빡,,52,52.0,츠노다 개빡 ,츠노다 개빡,0.19523268938064575,0.18617048859596252,0.10676201432943344,0.28643861413002014,0.036170411854982376,0.18922579288482666
2024-03-03 01:27:44,"""우리는 맥라렌과 멀어질 겁니다""","위로 가는 것보다 아래로 가는 게 더 멀어지는 길인데 무슨 문제라도?""",52,52.0,"""우리는 맥라렌과 멀어질 겁니다"" 위로 가는 것보다 아래로 가는 게 더 멀어지는 길인데 무슨 문제라도?""","""우리는 맥라렌과 멀어질 겁니다"" 위로 가는 것보다 아래로 가는 게 더 멀어지는 길인데 무슨 문제라도?""",0.1115495041012764,0.29912152886390686,0.2280620038509369,0.13955466449260712,0.0997590646147728,0.12195321172475815
2024-03-03 01:27:46,포킹은 안했노 발전했다,ㅇㅇ,52,52.0,포킹은 안했노 발전했다 ㅇㅇ,포킹은 안했노 발전했다 ㅇㅇ,0.20517286658287048,0.3414786159992218,0.2009170651435852,0.09393613785505295,0.07292941957712173,0.08556584268808365
2024-03-03 01:27:48,차만 RB가아니고 무전기도 막스거 가져왔노 ㅋㅋㅋㅋㅋ,,52,52.0,차만 RB가아니고 무전기도 막스거 가져왔노 ㅋㅋㅋㅋㅋ ,차만 RB가아니고 무전기도 막스거 가져왔노 ㅋㅋㅋㅋㅋ,0.10760439187288284,0.2291504144668579,0.3047676682472229,0.16935427486896515,0.11175335943698883,0.07736990600824356
2024-03-03 01:27:50,응 좆까ㅋㅋㅋㅋㅋ,,52,52.0,응 좆까ㅋㅋㅋㅋㅋ ,응 좆까ㅋㅋㅋㅋㅋ,0.17555874586105347,0.229389026761055,0.1497625857591629,0.273290753364563,0.06753365695476532,0.10446526855230331
2024-03-03 01:27:52,누가 유키 라디오에 디스토션 걸었노 ㅋㅋㅋㅋㅋ,,52,52.0,누가 유키 라디오에 디스토션 걸었노 ㅋㅋㅋㅋㅋ ,누가 유키 라디오에 디스토션 걸었노 ㅋㅋㅋㅋㅋ,0.21581700444221497,0.2445811927318573,0.27932271361351013,0.12407544255256653,0.08761584013700485,0.04858781769871712
2024-03-03 01:27:52,시발 라디오뭐냐ㅋㅋ,ㅋㅋ,52,52.0,시발 라디오뭐냐ㅋㅋ ㅋㅋ,시발 라디오뭐냐ㅋㅋ ㅋㅋ,0.13941776752471924,0.30745968222618103,0.14288203418254852,0.2160991132259369,0.05652044713497162,0.1376209706068039
2024-03-03 01:27:53,유키도 라디오 박살났네ㅋㅋㅋ,ㄹㅇ 작년 막스차 줌?,52,52.0,유키도 라디오 박살났네ㅋㅋㅋ ㄹㅇ 작년 막스차 줌?,유키도 라디오 박살났네ㅋㅋㅋ ㄹㅇ 작년 막스차 줌?,0.0837666466832161,0.3366864323616028,0.21916022896766663,0.13280484080314636,0.11292015016078949,0.11466170847415924
2024-03-03 01:27:53,알 유 키딩미 ㅋㅋㅋㅋㅋ,- dc official App,52,52.0,알 유 키딩미 ㅋㅋㅋㅋㅋ - dc official App,알 유 키딩미 ㅋㅋㅋㅋㅋ - dc official App,0.685997724533081,0.1129571869969368,0.08429387956857681,0.061569735407829285,0.022964412346482277,0.03221699595451355
2024-03-03 01:27:54,쟤는 라디오 또 왜저러냐,디셉티콘이노,52,52.0,쟤는 라디오 또 왜저러냐 디셉티콘이노,쟤는 라디오 또 왜저러냐 디셉티콘이노,0.08198193460702896,0.27907851338386536,0.1764872968196869,0.23287566006183624,0.06070810183882713,0.1688685417175293
2024-03-03 01:27:54,유키 빡쳤노 ㅋㅋㅋㅋㅋㅋㅋㅋㅋㅋ,스왑 ㅋㅋㅋㅋㅋ,52,52.0,유키 빡쳤노 ㅋㅋㅋㅋㅋㅋㅋㅋㅋㅋ 스왑 ㅋㅋㅋㅋㅋ,유키 빡쳤노 ㅋㅋㅋㅋㅋㅋㅋㅋㅋㅋ 스왑 ㅋㅋㅋㅋㅋ,0.3538738787174225,0.2656188905239105,0.14485400915145874,0.112979456782341,0.06662065535783768,0.05605302006006241
2024-03-03 01:27:55,츠노다 갈 ㅋㅋㅋㅋ,ㅋㅋㅋㅋㅋㅋ,52,52.0,츠노다 갈 ㅋㅋㅋㅋ ㅋㅋㅋㅋㅋㅋ,츠노다 갈 ㅋㅋㅋㅋ ㅋㅋㅋㅋㅋㅋ,0.6598674654960632,0.12856628000736237,0.08313480764627457,0.0700502097606659,0.02561810240149498,0.03276308625936508
2024-03-03 01:27:56,츠노다: 지랄하지마 ㅋㅋ,,52,52.0,츠노다: 지랄하지마 ㅋㅋ ,츠노다: 지랄하지마 ㅋㅋ,0.17894677817821503,0.21776588261127472,0.18100187182426453,0.26135551929473877,0.05880513787269592,0.10212475806474686
2024-03-03 01:27:59,개웃기노 ㅋㅋㅋㅋㅋㅋ,,52,52.0,개웃기노 ㅋㅋㅋㅋㅋㅋ ,개웃기노 ㅋㅋㅋㅋㅋㅋ,0.6496344804763794,0.13219718635082245,0.09121990948915482,0.06392868608236313,0.026648450642824173,0.03637127950787544
2024-03-03 01:28:02,엠노다 빼액 ㅋㅋ,ㅋㅋㅇㅋㅋ,52,52.0,엠노다 빼액 ㅋㅋ ㅋㅋㅇㅋㅋ,엠노다 빼액 ㅋㅋ ㅋㅋㅇㅋㅋ,0.3798975646495819,0.23559576272964478,0.09897954761981964,0.16284917294979095,0.04039817675948143,0.08227984607219696
2024-03-03 01:28:04,바꿀거면 빨리 바꿔야지,"서로 깎아가네
- dc official App",52,52.0,"바꿀거면 빨리 바꿔야지 서로 깎아가네
- dc official App",바꿀거면 빨리 바꿔야지 서로 깎아가네,0.06372993439435959,0.2971479892730713,0.2203846573829651,0.14590702950954437,0.06773868948221207,0.2050916999578476
2024-03-03 01:28:04,드라이버 스왑...?,- dc official App,52,52.0,드라이버 스왑...? - dc official App,드라이버 스왑...? - dc official App,0.27615952491760254,0.2164570540189743,0.29660168290138245,0.09374037384986877,0.06415146589279175,0.05288989096879959
2024-03-03 01:28:05,24 시즌 최고의 헛소문 ㅋㅋㅋ,레드불과 다른팀의 격차가 좁혀졌다,52,52.0,24 시즌 최고의 헛소문 ㅋㅋㅋ 레드불과 다른팀의 격차가 좁혀졌다,24 시즌 최고의 헛소문 ㅋㅋㅋ 레드불과 다른팀의 격차가 좁혀졌다,0.23794151842594147,0.310690701007843,0.1783587634563446,0.13442523777484894,0.06442273408174515,0.0741610899567604
2024-03-03 01:28:05,페라리 전략팀 취업 어케하냐?,"걍 대충 뭐 물어보면
위아째낑
확인하고 올게~ 해버리고
대충 구라로 얼버무리면 될거같은데
1열직관도하고
- dc official App",52,52.0,"페라리 전략팀 취업 어케하냐? 걍 대충 뭐 물어보면
위아째낑
확인하고 올게~ 해버리고
대충 구라로 얼버무리면 될거같은데
1열직관도하고
- dc official App",페라리 전략팀 취업 어케하냐? 걍 대충 뭐 물어보면 위아째낑 확인하고 올게~ 해버리고 대충 구라로 얼버무리면 될거같은데 1열직관도하고,0.11354096978902817,0.21643514931201935,0.3302052617073059,0.12443576008081436,0.11788052320480347,0.09750231355428696
2024-03-03 01:28:06,베텔행동 ㅋㅋㅋㅋㅋ,ㅋㅋㅋㅋㅋㅋ,52,52.0,베텔행동 ㅋㅋㅋㅋㅋ ㅋㅋㅋㅋㅋㅋ,베텔행동 ㅋㅋㅋㅋㅋ ㅋㅋㅋㅋㅋㅋ,0.656650185585022,0.12794050574302673,0.09222978353500366,0.06644059717655182,0.02478368952870369,0.03195524215698242
2024-03-03 01:28:09,아니 근데 5랩남아서 포인트도 못따는데 순위 주라하면,당연히 존나 빡치지 ㅋㅋㅋ,52,52.0,아니 근데 5랩남아서 포인트도 못따는데 순위 주라하면 당연히 존나 빡치지 ㅋㅋㅋ,아니 근데 5랩남아서 포인트도 못따는데 순위 주라하면 당연히 존나 빡치지 ㅋㅋㅋ,0.09601319581270218,0.24733904004096985,0.13139089941978455,0.28928637504577637,0.0527549646794796,0.18321551382541656
2024-03-03 01:28:10,침착한 츠노다 퇴갤 ㅋㅋ,"1경기만에 바로 분노 ㅋㅋ
- dc official App",52,52.0,"침착한 츠노다 퇴갤 ㅋㅋ 1경기만에 바로 분노 ㅋㅋ
- dc official App",침착한 츠노다 퇴갤 ㅋㅋ 1경기만에 바로 분노 ㅋㅋ,0.13293525576591492,0.287171870470047,0.22510026395320892,0.16884686052799225,0.10388145595788956,0.08206424117088318
2024-03-03 01:28:12,그래도 욕은 안하네,ㅋㅋㅋㅋㅋ,52,52.0,그래도 욕은 안하네 ㅋㅋㅋㅋㅋ,그래도 욕은 안하네 ㅋㅋㅋㅋㅋ,0.19851234555244446,0.2641676366329193,0.2182878851890564,0.15249335765838623,0.092580646276474,0.0739581361413002
2024-03-03 01:28:12,그래도 대노다 욕 안하네 ㅋㅋ,성장한거냐?,52,52.0,그래도 대노다 욕 안하네 ㅋㅋ 성장한거냐?,그래도 대노다 욕 안하네 ㅋㅋ 성장한거냐?,0.09229657053947449,0.24571801722049713,0.25326281785964966,0.18960490822792053,0.12127495557069778,0.0978427305817604
2024-03-03 01:28:13,비자케쉬백에빡친 유키 ㅋㅋㅋㅋㅋㅋ,,52,52.0,비자케쉬백에빡친 유키 ㅋㅋㅋㅋㅋㅋ ,비자케쉬백에빡친 유키 ㅋㅋㅋㅋㅋㅋ,0.148235023021698,0.2759297490119934,0.1516788750886917,0.23246869444847107,0.08806589990854263,0.10362172871828079
2024-03-03 01:28:21,유키쿤 인종차별 on ㅋㅋㅋㅋㅋㅋ,꼬우면 키크고 백인이였어야지 ㅋㅋㅋㅋㅋ,52,52.0,유키쿤 인종차별 on ㅋㅋㅋㅋㅋㅋ 꼬우면 키크고 백인이였어야지 ㅋㅋㅋㅋㅋ,유키쿤 인종차별 on ㅋㅋㅋㅋㅋㅋ 꼬우면 키크고 백인이였어야지 ㅋㅋㅋㅋㅋ,0.09343048185110092,0.23340252041816711,0.22226667404174805,0.21778972446918488,0.11536835134029388,0.11774231493473053
2024-03-03 01:28:31,F1 GOAT,,52,52.0,F1 GOAT ,F1 GOAT,0.6446340084075928,0.12457138299942017,0.10509666800498962,0.06321226805448532,0.02620653435587883,0.03627907857298851
2024-03-03 01:28:29,짭드불 고생할동안 진짜 레드불 등장ㄷㄷ,,52,52.0,짭드불 고생할동안 진짜 레드불 등장ㄷㄷ ,짭드불 고생할동안 진짜 레드불 등장ㄷㄷ,0.21959272027015686,0.19839447736740112,0.3106813132762909,0.10782209038734436,0.11276886612176895,0.05074046924710274
2024-03-03 01:28:37,ㅋㅋㅋㅋㅋㅋ,,52,52.0,ㅋㅋㅋㅋㅋㅋ ,ㅋㅋㅋㅋㅋㅋ,0.6410872936248779,0.13550852239131927,0.0940997302532196,0.06847568601369858,0.026955200359225273,0.03387356922030449
2024-03-03 01:28:37,몽골 드디어 카메라에 나오네,카메라 잡히려면 백마커 따야되노 ㅋㅋ,52,52.0,몽골 드디어 카메라에 나오네 카메라 잡히려면 백마커 따야되노 ㅋㅋ,몽골 드디어 카메라에 나오네 카메라 잡히려면 백마커 따야되노 ㅋㅋ,0.1538468301296234,0.2585476040840149,0.2795347571372986,0.11805326491594315,0.13853336870670319,0.051484160125255585
2024-03-03 01:28:38,대런 뒤에 저거 막스임? ㅅㅂㅋㅋㅋㅋㅋㅋ,,52,52.0,대런 뒤에 저거 막스임? ㅅㅂㅋㅋㅋㅋㅋㅋ ,대런 뒤에 저거 막스임? ㅅㅂㅋㅋㅋㅋㅋㅋ,0.12835653126239777,0.2523684799671173,0.24938568472862244,0.17968489229679108,0.10300859063863754,0.08719583600759506
2024-03-03 01:28:40,막스 피트인 함 드가자,"ㅇㅇ
- dc official App",52,52.0,"막스 피트인 함 드가자 ㅇㅇ
- dc official App",막스 피트인 함 드가자 ㅇㅇ,0.6448019742965698,0.13125352561473846,0.0919630378484726,0.05945369973778725,0.03339703381061554,0.03913077712059021
2024-03-03 01:28:53,지금 츠노다까지 백마커 된건가?,"미쳤네ㅋㅋㅋㅋ
- dc official App",52,52.0,"지금 츠노다까지 백마커 된건가? 미쳤네ㅋㅋㅋㅋ
- dc official App",지금 츠노다까지 백마커 된건가? 미쳤네ㅋㅋㅋㅋ,0.28620314598083496,0.20849424600601196,0.2901650667190552,0.0889536589384079,0.09072807431221008,0.03545574098825455
2024-03-03 01:28:53,난 그냥 시발 토로로쏘 뭔생각을 하는지 머르겠슴…,전략팀 다 짜르길…,52,52.0,난 그냥 시발 토로로쏘 뭔생각을 하는지 머르겠슴… 전략팀 다 짜르길…,난 그냥 시발 토로로쏘 뭔생각을 하는지 머르겠슴… 전략팀 다 짜르길…,0.0926726758480072,0.26337388157844543,0.1199076846241951,0.22856242954730988,0.03972829878330231,0.2557550370693207
2024-03-03 01:28:53,레드불 라티피 고용 기원,"이미 월챔 각인거 같은데 재미라도 챙겨라 이말이야
- dc official App",52,52.0,"레드불 라티피 고용 기원 이미 월챔 각인거 같은데 재미라도 챙겨라 이말이야
- dc official App",레드불 라티피 고용 기원 이미 월챔 각인거 같은데 재미라도 챙겨라 이말이야,0.3580781817436218,0.22500823438167572,0.13075333833694458,0.10638077557086945,0.07429195940494537,0.10548757016658783
2024-03-03 01:28:54,몽골 의문의 쓰리와이드 레이스 참가ㅋㅋㅋ,ㅋㅋㅋ,52,52.0,몽골 의문의 쓰리와이드 레이스 참가ㅋㅋㅋ ㅋㅋㅋ,몽골 의문의 쓰리와이드 레이스 참가ㅋㅋㅋ ㅋㅋㅋ,0.6117404103279114,0.13939672708511353,0.11689569056034088,0.06812454015016556,0.03357076644897461,0.030271822586655617
2024-03-03 01:28:55,체코 막스 저거 소프트 맞냐,"속도라 떨어지질 않노
- dc official App",52,52.0,"체코 막스 저거 소프트 맞냐 속도라 떨어지질 않노
- dc official App",체코 막스 저거 소프트 맞냐 속도라 떨어지질 않노,0.09069481492042542,0.29402056336402893,0.2550324499607086,0.1470891833305359,0.06079048663377762,0.15237250924110413
2024-03-03 01:29:00,무전 나오는 게 중계 현장감 확 느껴지게하네 ㅋㅋㅌㅌㅌ,ㅋㅌㅋㅋ,52,52.0,무전 나오는 게 중계 현장감 확 느껴지게하네 ㅋㅋㅌㅌㅌ ㅋㅌㅋㅋ,무전 나오는 게 중계 현장감 확 느껴지게하네 ㅋㅋㅌㅌㅌ ㅋㅌㅋㅋ,0.6540050506591797,0.14098404347896576,0.08568274974822998,0.05735515058040619,0.029548095539212227,0.03242490813136101
2024-03-03 01:29:06,유키야 막스 어뢰 죠지고 영웅되자,개꿀잼 각이다,52,52.0,유키야 막스 어뢰 죠지고 영웅되자 개꿀잼 각이다,유키야 막스 어뢰 죠지고 영웅되자 개꿀잼 각이다,0.617277979850769,0.12647230923175812,0.1021314263343811,0.07415935397148132,0.040217749774456024,0.03974118083715439
2024-03-03 01:29:10,좆카도 개같이 느리면서 뭐라카노ㅋㅋㅋㅋ,,52,52.0,좆카도 개같이 느리면서 뭐라카노ㅋㅋㅋㅋ ,좆카도 개같이 느리면서 뭐라카노ㅋㅋㅋㅋ,0.12688419222831726,0.25656428933143616,0.20003224909305573,0.23462384939193726,0.07445523142814636,0.10744024068117142
2024-03-03 01:29:15,왜 이제야 스왑을,"참..
- dc official App",53,53.0,"왜 이제야 스왑을 참..
- dc official App",왜 이제야 스왑을 참..,0.07650530338287354,0.30341199040412903,0.16580671072006226,0.16473980247974396,0.05526687949895859,0.23426930606365204
2024-03-03 01:29:22,막스 조져보자 ㄹㅇ,이게뭐냐,53,53.0,막스 조져보자 ㄹㅇ 이게뭐냐,막스 조져보자 ㄹㅇ 이게뭐냐,0.10028417408466339,0.17020884156227112,0.1691855788230896,0.3000943064689636,0.051999371498823166,0.20822782814502716
2024-03-03 01:29:35,18배쿠18바쿠18바쿠18바쿠,제바제발베랒,53,53.0,18배쿠18바쿠18바쿠18바쿠 제바제발베랒,18배쿠18바쿠18바쿠18바쿠 제바제발베랒,0.2318064570426941,0.1682353913784027,0.1199379488825798,0.25194188952445984,0.041133441030979156,0.1869448572397232
2024-03-03 01:29:36,정보)직전랩 체코가 사인츠보다 0.1초 느림,이제야 타이어가 죽네,53,53.0,정보)직전랩 체코가 사인츠보다 0.1초 느림 이제야 타이어가 죽네,정보)직전랩 체코가 사인츠보다 0.1초 느림 이제야 타이어가 죽네,0.08654846251010895,0.30425330996513367,0.22772590816020966,0.15380433201789856,0.08442319184541702,0.14324472844600677
2024-03-03 01:29:42,막가놈 어짜피 노는거 대런 토잉이라도 좀 해줘라ㅅㅂㅋㅋㅋ,,53,53.0,막가놈 어짜피 노는거 대런 토잉이라도 좀 해줘라ㅅㅂㅋㅋㅋ ,막가놈 어짜피 노는거 대런 토잉이라도 좀 해줘라ㅅㅂㅋㅋㅋ,0.15637463331222534,0.22811195254325867,0.10897741466760635,0.2759130895137787,0.06207660585641861,0.16854627430438995
2024-03-03 01:29:45,헐크 오콘 인터벌 벌써 4초넘었노ㅋㅋ,,53,53.0,헐크 오콘 인터벌 벌써 4초넘었노ㅋㅋ ,헐크 오콘 인터벌 벌써 4초넘었노ㅋㅋ,0.4783519208431244,0.17797748744487762,0.1917477697134018,0.06894788146018982,0.05348289757966995,0.029492110013961792
2024-03-03 01:29:46,막가놈 저우까지 잡고 피니시 하겠네,rb20는 격리해라 ㅅㅂ ㅋㅋㅋ,53,53.0,막가놈 저우까지 잡고 피니시 하겠네 rb20는 격리해라 ㅅㅂ ㅋㅋㅋ,막가놈 저우까지 잡고 피니시 하겠네 rb20는 격리해라 ㅅㅂ ㅋㅋㅋ,0.12077547609806061,0.18055562674999237,0.139877051115036,0.34512990713119507,0.06219498813152313,0.15146686136722565
2024-03-03 01:29:51,리카도야 너가 신이 될 수 있는 기회야,울트라하이퍼레이트브레이킹을!,53,53.0,리카도야 너가 신이 될 수 있는 기회야 울트라하이퍼레이트브레이킹을!,리카도야 너가 신이 될 수 있는 기회야 울트라하이퍼레이트브레이킹을!,0.548608124256134,0.1603020280599594,0.12059580534696579,0.06525493413209915,0.05974788963794708,0.04549119621515274
2024-03-03 01:29:52,살인자 입갤 ㅋㅋㅋㅋㅋㅋㅋㅋㅋㅋㅋ,,53,53.0,살인자 입갤 ㅋㅋㅋㅋㅋㅋㅋㅋㅋㅋㅋ ,살인자 입갤 ㅋㅋㅋㅋㅋㅋㅋㅋㅋㅋㅋ,0.18359361588954926,0.21685795485973358,0.22572346031665802,0.19963249564170837,0.0954136922955513,0.07877881079912186
2024-03-03 01:29:52,알타리 병신들 팀대가리 갈면 뭐함 전략팀을 안가는데,작년 재작년부터 걍 래퍼토리가 똑같음 드라이버가 좋은 포지션 가져오면 병신 전략으로 말아먹기 걍 접어라 니넨,53,53.0,알타리 병신들 팀대가리 갈면 뭐함 전략팀을 안가는데 작년 재작년부터 걍 래퍼토리가 똑같음 드라이버가 좋은 포지션 가져오면 병신 전략으로 말아먹기 걍 접어라 니넨,알타리 병신들 팀대가리 갈면 뭐함 전략팀을 안가는데 작년 재작년부터 걍 래퍼토리가 똑같음 드라이버가 좋은 포지션 가져오면 병신 전략으로 말아먹기 걍 접어라 니넨,0.06338274478912354,0.1934613138437271,0.21689917147159576,0.21868814527988434,0.06389595568180084,0.24367272853851318
2024-03-03 01:30:00,살인범 입갤 ㄷㄷㄷㄷ,ㄷㄷㄷㄷㄷㄷㄷㄷㄷㄷㄷ,53,53.0,살인범 입갤 ㄷㄷㄷㄷ ㄷㄷㄷㄷㄷㄷㄷㄷㄷㄷㄷ,살인범 입갤 ㄷㄷㄷㄷ ㄷㄷㄷㄷㄷㄷㄷㄷㄷㄷㄷ,0.1197977364063263,0.18506550788879395,0.3142521381378174,0.17096862196922302,0.12391119450330734,0.0860048234462738
2024-03-03 01:30:08,츠노다 얼마나 화났으면 목소리가 흑화햇농,,53,53.0,츠노다 얼마나 화났으면 목소리가 흑화햇농 ,츠노다 얼마나 화났으면 목소리가 흑화햇농,0.1508553922176361,0.21994049847126007,0.2986043691635132,0.13248170912265778,0.13206616044044495,0.06605181843042374
2024-03-03 01:30:09,이제야 좁혀지네,사인지야 되냐?,53,53.0,이제야 좁혀지네 사인지야 되냐?,이제야 좁혀지네 사인지야 되냐?,0.12721340358257294,0.2835950255393982,0.2759844958782196,0.11420363932847977,0.09952272474765778,0.09948068857192993
2024-03-03 01:30:12,비꼬노ㅋㅋㅋㅋㅋ,,53,53.0,비꼬노ㅋㅋㅋㅋㅋ ,비꼬노ㅋㅋㅋㅋㅋ,0.24639707803726196,0.25494384765625,0.17698274552822113,0.18168070912361145,0.06470725685358047,0.0752883031964302
2024-03-03 01:30:14,유키 존나 비꼬노 ㅋㅋㅋ,,53,53.0,유키 존나 비꼬노 ㅋㅋㅋ ,유키 존나 비꼬노 ㅋㅋㅋ,0.16629445552825928,0.2391006201505661,0.20207537710666656,0.21581578254699707,0.08760729432106018,0.08910653740167618
2024-03-03 01:30:15,느린게 죄야? 죄냐고!!,시발!!,53,53.0,느린게 죄야? 죄냐고!! 시발!!,느린게 죄야? 죄냐고!! 시발!!,0.13105235993862152,0.21864564716815948,0.10531412065029144,0.2902243137359619,0.040749043226242065,0.21401453018188477
2024-03-03 01:30:17,츠노다: 고오맙다~,ㅋㅋㅋㅋ,53,53.0,츠노다: 고오맙다~ ㅋㅋㅋㅋ,츠노다: 고오맙다~ ㅋㅋㅋㅋ,0.6728148460388184,0.12002188712358475,0.05943351611495018,0.06535383313894272,0.02484302408993244,0.05753285065293312
2024-03-03 01:30:18,존나 고맙다 십새들아,,53,53.0,존나 고맙다 십새들아 ,존나 고맙다 십새들아,0.38641396164894104,0.19351905584335327,0.08644630759954453,0.16963383555412292,0.03905251622200012,0.12493426352739334
2024-03-03 01:30:18,고맙다 씨발아 ㅋㅋㅋ,,53,53.0,고맙다 씨발아 ㅋㅋㅋ ,고맙다 씨발아 ㅋㅋㅋ,0.6508234739303589,0.12906356155872345,0.0631483867764473,0.07286708801984787,0.025073233991861343,0.05902421846985817
2024-03-03 01:30:19,츠노다 딥빡 ㅋㅋㅋㅋㅋㅋ,ㅋㅋㅋㅋㅋㅋㅋㅋㅋ,53,53.0,츠노다 딥빡 ㅋㅋㅋㅋㅋㅋ ㅋㅋㅋㅋㅋㅋㅋㅋㅋ,츠노다 딥빡 ㅋㅋㅋㅋㅋㅋ ㅋㅋㅋㅋㅋㅋㅋㅋㅋ,0.2543235719203949,0.22753019630908966,0.11907081305980682,0.24561119079589844,0.0540652871131897,0.0993988886475563
2024-03-03 01:30:22,교토식 화법 ㅋㅋㅋㅋㅋㅋㅋㅋ,ㅋㅋㅋㅋㅋ,53,53.0,교토식 화법 ㅋㅋㅋㅋㅋㅋㅋㅋ ㅋㅋㅋㅋㅋ,교토식 화법 ㅋㅋㅋㅋㅋㅋㅋㅋ ㅋㅋㅋㅋㅋ,0.6075056195259094,0.15105779469013214,0.10744312405586243,0.07055359333753586,0.0315740741789341,0.03186570107936859
2024-03-03 01:30:22,페라리 슈퍼컴 오차 ㅋㅋㅋ,"44렙에 뒤집힌다 했는데
54렙에 뒤집히네 ㅋㅋㅋ",53,53.0,"페라리 슈퍼컴 오차 ㅋㅋㅋ 44렙에 뒤집힌다 했는데
54렙에 뒤집히네 ㅋㅋㅋ",페라리 슈퍼컴 오차 ㅋㅋㅋ 44렙에 뒤집힌다 했는데 54렙에 뒤집히네 ㅋㅋㅋ,0.1575925052165985,0.2247317135334015,0.34723204374313354,0.11895666271448135,0.10409316420555115,0.04739386588335037
2024-03-03 01:30:23,츠노다 우주갔노,,53,53.0,츠노다 우주갔노 ,츠노다 우주갔노,0.2974313497543335,0.2437887042760849,0.24226851761341095,0.08227410167455673,0.09103067219257355,0.043206650763750076
2024-03-03 01:30:23,막스 -7등 미쳣노ㅋㅋㅋㅋㅋㅋㅋ,,53,53.0,막스 -7등 미쳣노ㅋㅋㅋㅋㅋㅋㅋ ,막스 -7등 미쳣노ㅋㅋㅋㅋㅋㅋㅋ,0.42883703112602234,0.2017073631286621,0.20191514492034912,0.07818802446126938,0.05656059458851814,0.03279179707169533
2024-03-03 01:30:24,반어법 마스터 유키ㅋㅋㅋㅋㅋ,,53,53.0,반어법 마스터 유키ㅋㅋㅋㅋㅋ ,반어법 마스터 유키ㅋㅋㅋㅋㅋ,0.45232707262039185,0.21143484115600586,0.16738846898078918,0.08648086339235306,0.048231467604637146,0.034137338399887085
2024-03-03 01:30:29,넌 나가라 ㅋㅋㅋㅋ,"혼다엔진이랑 같이 ㅋㅋ
- dc official App",53,53.0,"넌 나가라 ㅋㅋㅋㅋ 혼다엔진이랑 같이 ㅋㅋ
- dc official App",넌 나가라 ㅋㅋㅋㅋ 혼다엔진이랑 같이 ㅋㅋ,0.17950041592121124,0.21764297783374786,0.15544362366199493,0.260866641998291,0.07017359882593155,0.11637277901172638
2024-03-03 01:30:31,엠노더 기싸움 on ㅋㅋㅋㅋㅋㅋㅋㅋㅋㅂ,ㅇㅋㅋ,53,53.0,엠노더 기싸움 on ㅋㅋㅋㅋㅋㅋㅋㅋㅋㅂ ㅇㅋㅋ,엠노더 기싸움 on ㅋㅋㅋㅋㅋㅋㅋㅋㅋㅂ ㅇㅋㅋ,0.38881635665893555,0.2170369029045105,0.140865758061409,0.1474267989397049,0.04585409536957741,0.060000061988830566
2024-03-03 01:30:32,교토식 화법 ON ㅋㅋㅋㅋ,ㅋㅋㅋ,53,53.0,교토식 화법 ON ㅋㅋㅋㅋ ㅋㅋㅋ,교토식 화법 ON ㅋㅋㅋㅋ ㅋㅋㅋ,0.6798370480537415,0.12171012163162231,0.08085492998361588,0.06014303117990494,0.026287484914064407,0.031167326495051384
2024-03-03 01:30:33,도쿄식 화법 입갤ㅋㅋ,"ㅋㅋㅋ
- dc official App",53,53.0,"도쿄식 화법 입갤ㅋㅋ ㅋㅋㅋ
- dc official App",도쿄식 화법 입갤ㅋㅋ ㅋㅋㅋ,0.6123818755149841,0.13999220728874207,0.10995455086231232,0.07084394991397858,0.0344017818570137,0.03242559731006622
2024-03-03 01:30:36,츠노다 교토사람이였네,ㅋㅋㅋㅋㅋㅋㅋ,53,53.0,츠노다 교토사람이였네 ㅋㅋㅋㅋㅋㅋㅋ,츠노다 교토사람이였네 ㅋㅋㅋㅋㅋㅋㅋ,0.4709315299987793,0.19909359514713287,0.17113211750984192,0.07551391422748566,0.05145012214779854,0.03187881410121918
2024-03-03 01:30:37,페라리 마지막 핏스탑때 소프트 꼈어야했음,사인츠 타이어관리도 잘하는데 페레즈랑 4초이상 차이나네,53,53.0,페라리 마지막 핏스탑때 소프트 꼈어야했음 사인츠 타이어관리도 잘하는데 페레즈랑 4초이상 차이나네,페라리 마지막 핏스탑때 소프트 꼈어야했음 사인츠 타이어관리도 잘하는데 페레즈랑 4초이상 차이나네,0.09832354635000229,0.32262471318244934,0.26112693548202515,0.11986979842185974,0.07167930901050568,0.12637574970722198
2024-03-03 01:30:38,좆카도 바로 하스랑 벌어지노ㅋㅋㅋㅋㅋㅋㅋㅋㅋㅋㅋ,,53,53.0,좆카도 바로 하스랑 벌어지노ㅋㅋㅋㅋㅋㅋㅋㅋㅋㅋㅋ ,좆카도 바로 하스랑 벌어지노ㅋㅋㅋㅋㅋㅋㅋㅋㅋㅋㅋ,0.4601965546607971,0.19947391748428345,0.18417610228061676,0.07313208281993866,0.05126470699906349,0.03175663203001022
2024-03-03 01:30:39,이번엔 사인츠가 0.6초나 빠른데 페레즈 반응할듯?,흠,53,53.0,이번엔 사인츠가 0.6초나 빠른데 페레즈 반응할듯? 흠,이번엔 사인츠가 0.6초나 빠른데 페레즈 반응할듯? 흠,0.18140946328639984,0.22290214896202087,0.3403382897377014,0.09841232001781464,0.09224342554807663,0.06469442695379257
2024-03-03 01:30:42,토로로쏘 뭐?함,?,53,53.0,토로로쏘 뭐?함 ?,토로로쏘 뭐?함 ?,0.29391276836395264,0.21380606293678284,0.2834279537200928,0.08631950616836548,0.07111068814992905,0.051423024386167526
2024-03-03 01:30:49,저 새끼 교토 출신이냐>>>>????,????????,54,54.0,저 새끼 교토 출신이냐>>>>???? ????????,저 새끼 교토 출신이냐>>>>???? ????????,0.11348074674606323,0.1815015822649002,0.3392517864704132,0.1735142171382904,0.11835020035505295,0.0739014521241188
2024-03-03 01:30:52,유키 방학때 욕하지말라고 한소리 들었나 ㅋㅋ,욕은 절대 안하긴하네 ㅋㅋㅋ,54,54.0,유키 방학때 욕하지말라고 한소리 들었나 ㅋㅋ 욕은 절대 안하긴하네 ㅋㅋㅋ,유키 방학때 욕하지말라고 한소리 들었나 ㅋㅋ 욕은 절대 안하긴하네 ㅋㅋㅋ,0.299228310585022,0.29866698384284973,0.17011547088623047,0.09554337710142136,0.07995772361755371,0.05648812651634216
2024-03-03 01:30:54,또 츠노다 억까하네,"쪽 불쌍하노
- dc official App",54,54.0,"또 츠노다 억까하네 쪽 불쌍하노
- dc official App",또 츠노다 억까하네 쪽 불쌍하노,0.08548826724290848,0.20794057846069336,0.22979989647865295,0.20303238928318024,0.09017007797956467,0.18356871604919434
2024-03-03 01:30:59,대인츠 가자 ㅋㅋㅋㅋㅋㅋㅋ,,54,54.0,대인츠 가자 ㅋㅋㅋㅋㅋㅋㅋ ,대인츠 가자 ㅋㅋㅋㅋㅋㅋㅋ,0.7095098495483398,0.1057257130742073,0.06591691076755524,0.05865705758333206,0.025284048169851303,0.03490651398897171
2024-03-03 01:31:01,노리스야 P5만 어떻게 안 되겠니 제발 제발,진짜 따악 P5만 찍어주면 좋을 것 같은데,54,54.0,노리스야 P5만 어떻게 안 되겠니 제발 제발 진짜 따악 P5만 찍어주면 좋을 것 같은데,노리스야 P5만 어떻게 안 되겠니 제발 제발 진짜 따악 P5만 찍어주면 좋을 것 같은데,0.22053538262844086,0.22225092351436615,0.1852501481771469,0.12453401833772659,0.09917964786291122,0.14824998378753662
2024-03-03 01:31:06,와 끔찍한게 컴파운드 섞어쓰는 룰 없으면 레드불 소소소였잖아,뭔 차를 만든거냐 ㅋㅋ,54,54.0,와 끔찍한게 컴파운드 섞어쓰는 룰 없으면 레드불 소소소였잖아 뭔 차를 만든거냐 ㅋㅋ,와 끔찍한게 컴파운드 섞어쓰는 룰 없으면 레드불 소소소였잖아 뭔 차를 만든거냐 ㅋㅋ,0.10750022530555725,0.21050572395324707,0.28819042444229126,0.18277283012866974,0.125703826546669,0.08532696217298508
2024-03-03 01:31:08,츠노다 방금 뭐라함???,뭐랬길래 도쿄식화법 이러노ㅋㅋ,54,54.0,츠노다 방금 뭐라함??? 뭐랬길래 도쿄식화법 이러노ㅋㅋ,츠노다 방금 뭐라함??? 뭐랬길래 도쿄식화법 이러노ㅋㅋ,0.16251501441001892,0.2715757489204407,0.27440330386161804,0.1293647438287735,0.1010613739490509,0.06107981130480766
2024-03-03 01:31:12,체코랑 막스 소프트 맞냐 진짜??,뭐냐,54,54.0,체코랑 막스 소프트 맞냐 진짜?? 뭐냐,체코랑 막스 소프트 맞냐 진짜?? 뭐냐,0.10636379569768906,0.2447887361049652,0.32548055052757263,0.13596417009830475,0.08859860897064209,0.09880412369966507
2024-03-03 01:31:22,랜도야 잡아보자 시바거,3랩이면 가능하지 않노?,54,54.0,랜도야 잡아보자 시바거 3랩이면 가능하지 않노?,랜도야 잡아보자 시바거 3랩이면 가능하지 않노?,0.13947294652462006,0.22415728867053986,0.2601693272590637,0.13723842799663544,0.14190752804279327,0.09705449640750885
2024-03-03 01:31:29,페라리 솔직히 슈퍼 컴퓨터 없지?,씨발 있어도 쓸 줄 모르지?,54,54.0,페라리 솔직히 슈퍼 컴퓨터 없지? 씨발 있어도 쓸 줄 모르지?,페라리 솔직히 슈퍼 컴퓨터 없지? 씨발 있어도 쓸 줄 모르지?,0.07325180619955063,0.17419487237930298,0.29794037342071533,0.2234594076871872,0.09772396832704544,0.13342954218387604
2024-03-03 01:31:42,페라리 슈퍼컴이 우리집 컴보다 후지냐?,"우리집 컴으로 계산돌려도 저것보단 정확할듯ㅋㅋㅋㅋㅋㅋㅋㅋㅋㅋㅋㅋ
이번랩부터 우리가 빠르다고 한지가 언제인데 아직도 같은 간격ㅋㅋㅋㅋㅋㅋㅋㅋㅋㅋㅋㅋ",54,54.0,"페라리 슈퍼컴이 우리집 컴보다 후지냐? 우리집 컴으로 계산돌려도 저것보단 정확할듯ㅋㅋㅋㅋㅋㅋㅋㅋㅋㅋㅋㅋ
이번랩부터 우리가 빠르다고 한지가 언제인데 아직도 같은 간격ㅋㅋㅋㅋㅋㅋㅋㅋㅋㅋㅋㅋ",페라리 슈퍼컴이 우리집 컴보다 후지냐? 우리집 컴으로 계산돌려도 저것보단 정확할듯ㅋㅋㅋㅋㅋㅋㅋㅋㅋㅋㅋㅋ 이번랩부터 우리가 빠르다고 한지가 언제인데 아직도 같은 간격ㅋㅋㅋㅋㅋㅋㅋㅋㅋㅋㅋㅋ,0.07619385421276093,0.22647568583488464,0.24322791397571564,0.2117847055196762,0.06786876916885376,0.17444904148578644
2024-03-03 01:31:43,레이스세팅이라는 그 경은 당연히 포디움권이겠죠?,엌ㅋㅋㅋㅋㅋ,54,54.0,레이스세팅이라는 그 경은 당연히 포디움권이겠죠? 엌ㅋㅋㅋㅋㅋ,레이스세팅이라는 그 경은 당연히 포디움권이겠죠? 엌ㅋㅋㅋㅋㅋ,0.39916113018989563,0.19981886446475983,0.22984036803245544,0.07742457091808319,0.060109395533800125,0.033645667135715485
2024-03-03 01:31:47,미디엄에 빨간칠하고 나온거 맞음 ㄹㅇ,ㅋㅋ,54,54.0,미디엄에 빨간칠하고 나온거 맞음 ㄹㅇ ㅋㅋ,미디엄에 빨간칠하고 나온거 맞음 ㄹㅇ ㅋㅋ,0.14857105910778046,0.2292078733444214,0.2986285984516144,0.1630561798810959,0.09156728535890579,0.0689689889550209
2024-03-03 01:31:49,지금왔는데 북딱슨은 왜 저깄음?,뭔일이야씨발,54,54.0,지금왔는데 북딱슨은 왜 저깄음? 뭔일이야씨발,지금왔는데 북딱슨은 왜 저깄음? 뭔일이야씨발,0.12544842064380646,0.2744145393371582,0.16510602831840515,0.20596060156822205,0.07849223166704178,0.15057812631130219
2024-03-03 01:31:52,유키 딱보니까 사이버 사이코로 변하려하는듯,너도 11비스탄을 쓰는거냐?,54,54.0,유키 딱보니까 사이버 사이코로 변하려하는듯 너도 11비스탄을 쓰는거냐?,유키 딱보니까 사이버 사이코로 변하려하는듯 너도 11비스탄을 쓰는거냐?,0.09437572211027145,0.1895962953567505,0.33946821093559265,0.15517599880695343,0.13886500895023346,0.08251874893903732
2024-03-03 01:31:54,그래도 애마 전략 잘 먹힌 듯,"도련님 30랩 가까이 달려도 저우랑 차이 안좁혀지네
- dc official App",54,54.0,"그래도 애마 전략 잘 먹힌 듯 도련님 30랩 가까이 달려도 저우랑 차이 안좁혀지네
- dc official App",그래도 애마 전략 잘 먹힌 듯 도련님 30랩 가까이 달려도 저우랑 차이 안좁혀지네,0.12160193175077438,0.2597585916519165,0.303119033575058,0.10900092869997025,0.1319623440504074,0.07455714046955109
2024-03-03 01:31:58,페레즈-사인츠 이번엔 0.15초 차이,절대못잡음이거,54,54.0,페레즈-사인츠 이번엔 0.15초 차이 절대못잡음이거,페레즈-사인츠 이번엔 0.15초 차이 절대못잡음이거,0.08500336110591888,0.28217050433158875,0.26484063267707825,0.1241917833685875,0.10432814061641693,0.1394656002521515
2024-03-03 01:32:05,훠어어어어얼씬 잘됐지,소프트 맞냐 저거 ㅅㅂ,54,54.0,훠어어어어얼씬 잘됐지 소프트 맞냐 저거 ㅅㅂ,훠어어어어얼씬 잘됐지 소프트 맞냐 저거 ㅅㅂ,0.10145296901464462,0.24946294724941254,0.11933588236570358,0.2975538671016693,0.048229120671749115,0.18396522104740143
2024-03-03 01:32:13,마그누센 따겠는데?,갭 줄어드네,54,54.0,마그누센 따겠는데? 갭 줄어드네,마그누센 따겠는데? 갭 줄어드네,0.2152854949235916,0.25485333800315857,0.30044224858283997,0.08733144402503967,0.09225524961948395,0.04983222857117653
2024-03-03 01:32:18,빨리달려 ㅂㅅ아 ㅋㅋ,,54,54.0,빨리달려 ㅂㅅ아 ㅋㅋ ,빨리달려 ㅂㅅ아 ㅋㅋ,0.38806626200675964,0.22317661345005035,0.12264569103717804,0.1508559137582779,0.04906964302062988,0.06618586927652359
2024-03-03 01:32:20,빨리 가 씨발 ㅋㅋㅋㅋㅋㅋㅋㅋ,,54,54.0,빨리 가 씨발 ㅋㅋㅋㅋㅋㅋㅋㅋ ,빨리 가 씨발 ㅋㅋㅋㅋㅋㅋㅋㅋ,0.27131158113479614,0.20791006088256836,0.09978114068508148,0.2512597441673279,0.053505055606365204,0.11623245477676392
2024-03-03 01:32:21,페라리 전략팀은 진짜 일반인앉혀놨냐,내가 분명히 소프트 47랩쯤에 따잇한다고 들었는데,54,54.0,페라리 전략팀은 진짜 일반인앉혀놨냐 내가 분명히 소프트 47랩쯤에 따잇한다고 들었는데,페라리 전략팀은 진짜 일반인앉혀놨냐 내가 분명히 소프트 47랩쯤에 따잇한다고 들었는데,0.0674007385969162,0.23390167951583862,0.29034411907196045,0.17368032038211823,0.07287825644016266,0.16179488599300385
2024-03-03 01:32:22,레드불 소프트 30바꾸 쌉가능 인정,"시발 인정한다
딴 새끼들은 하드로 20도 힘들어하는데",54,54.0,"레드불 소프트 30바꾸 쌉가능 인정 시발 인정한다
딴 새끼들은 하드로 20도 힘들어하는데",레드불 소프트 30바꾸 쌉가능 인정 시발 인정한다 딴 새끼들은 하드로 20도 힘들어하는데,0.18326659500598907,0.20253591239452362,0.19614382088184357,0.17289918661117554,0.12484884262084961,0.12030570209026337
2024-03-03 01:32:24,ㅋㅋㅋㅋㅋㅋ읔키야 참지못했구나,ㅋㅋㅋㅋㅋㅋㅋ,55,55.0,ㅋㅋㅋㅋㅋㅋ읔키야 참지못했구나 ㅋㅋㅋㅋㅋㅋㅋ,ㅋㅋㅋㅋㅋㅋ읔키야 참지못했구나 ㅋㅋㅋㅋㅋㅋㅋ,0.5497652292251587,0.16823457181453705,0.14126311242580414,0.06641102582216263,0.04343091696500778,0.030895143747329712
2024-03-03 01:32:25,존나 느리다고 ㅋㅋㅋㅋ,,55,55.0,존나 느리다고 ㅋㅋㅋㅋ ,존나 느리다고 ㅋㅋㅋㅋ,0.11891239881515503,0.3612212538719177,0.1892746388912201,0.14858321845531464,0.09060647338628769,0.09140202403068542
2024-03-03 01:32:27,츠노다 ㅋㅋㅋㅋㅋ,씹ㅋ,55,55.0,츠노다 ㅋㅋㅋㅋㅋ 씹ㅋ,츠노다 ㅋㅋㅋㅋㅋ 씹ㅋ,0.41150757670402527,0.20606106519699097,0.11257827281951904,0.15565527975559235,0.04578125476837158,0.06841655820608139
2024-03-03 01:32:29,유키 개빡쳤노 ㅋㅋㅋㅋㅋㅋㅋㅋㅋㅋ,ㅋㅋㅋㅋㅋㅋㅋㅋㅋㅋㅋ,55,55.0,유키 개빡쳤노 ㅋㅋㅋㅋㅋㅋㅋㅋㅋㅋ ㅋㅋㅋㅋㅋㅋㅋㅋㅋㅋㅋ,유키 개빡쳤노 ㅋㅋㅋㅋㅋㅋㅋㅋㅋㅋ ㅋㅋㅋㅋㅋㅋㅋㅋㅋㅋㅋ,0.19570644199848175,0.2586016058921814,0.159978985786438,0.2142663151025772,0.07748682796955109,0.09395979344844818
2024-03-03 01:32:30,"""존나 느려 씨발아""","""안가??""",55,55.0,"""존나 느려 씨발아"" ""안가??""","""존나 느려 씨발아"" ""안가??""",0.12496902793645859,0.2496902495622635,0.10979243367910385,0.27268359065055847,0.03776491433382034,0.20509974658489227
2024-03-03 01:32:30,자리 내놔라 ㅅ발아ㅋㅋㅋㅋㅋㅋ,,55,55.0,자리 내놔라 ㅅ발아ㅋㅋㅋㅋㅋㅋ ,자리 내놔라 ㅅ발아ㅋㅋㅋㅋㅋㅋ,0.14538881182670593,0.20877917110919952,0.11384870111942291,0.3388614058494568,0.05263485014438629,0.14048714935779572
2024-03-03 01:32:31,너나 잘하세요 ㅋㅋㅋㅋㅋㅋㅋㅋ,,55,55.0,너나 잘하세요 ㅋㅋㅋㅋㅋㅋㅋㅋ ,너나 잘하세요 ㅋㅋㅋㅋㅋㅋㅋㅋ,0.27564308047294617,0.22791390120983124,0.1897103190422058,0.17757509648799896,0.0620705671608448,0.06708702445030212
2024-03-03 01:32:32,유키 개빡ㅋㅋㅋㅋ,ㅋ,55,55.0,유키 개빡ㅋㅋㅋㅋ ㅋ,유키 개빡ㅋㅋㅋㅋ ㅋ,0.5686449408531189,0.1571950614452362,0.08907654136419296,0.10506820678710938,0.030610354617238045,0.049404919147491455
2024-03-03 01:32:32,비켮아 ㅋㅋㅋㅋㅋ,,55,55.0,비켮아 ㅋㅋㅋㅋㅋ ,비켮아 ㅋㅋㅋㅋㅋ,0.6590787768363953,0.1334000527858734,0.08207323402166367,0.06686537712812424,0.024651121348142624,0.03393140062689781
2024-03-03 01:32:35,라우드 앤 클리어 ㅋㅋㅋ,둘다 교토사람이노,55,55.0,라우드 앤 클리어 ㅋㅋㅋ 둘다 교토사람이노,라우드 앤 클리어 ㅋㅋㅋ 둘다 교토사람이노,0.6746375560760498,0.12727436423301697,0.08856752514839172,0.05198775604367256,0.028881452977657318,0.028651390224695206
2024-03-03 01:32:35,유키 씹 극대노 ㅋㅋㅋㅋㅋ,ㅋㅋㅋㅋㅋㅋㅋ,55,55.0,유키 씹 극대노 ㅋㅋㅋㅋㅋ ㅋㅋㅋㅋㅋㅋㅋ,유키 씹 극대노 ㅋㅋㅋㅋㅋ ㅋㅋㅋㅋㅋㅋㅋ,0.43685224652290344,0.21199452877044678,0.14224646985530853,0.11242237687110901,0.046819545328617096,0.049664780497550964
2024-03-03 01:32:36,저건 솔직히 페라리 욕 못하겠다,소프트로 저렇게 관리 잘되는 미친 차 만들줄은 나도 몰랐지 ㅅㅂ,55,55.0,저건 솔직히 페라리 욕 못하겠다 소프트로 저렇게 관리 잘되는 미친 차 만들줄은 나도 몰랐지 ㅅㅂ,저건 솔직히 페라리 욕 못하겠다 소프트로 저렇게 관리 잘되는 미친 차 만들줄은 나도 몰랐지 ㅅㅂ,0.1261233240365982,0.210900217294693,0.26168423891067505,0.1712193638086319,0.1362047642469406,0.09386802464723587
2024-03-03 01:32:36,저 새끼 느리잖아,,55,55.0,저 새끼 느리잖아 ,저 새끼 느리잖아,0.08959253132343292,0.25322097539901733,0.24550199508666992,0.22129155695438385,0.08752869069576263,0.10286417603492737
2024-03-03 01:32:37,콩가루팀 뭐노 ㅋㅋㅋㅋㅋㅋ,,55,55.0,콩가루팀 뭐노 ㅋㅋㅋㅋㅋㅋ ,콩가루팀 뭐노 ㅋㅋㅋㅋㅋㅋ,0.10098351538181305,0.250683069229126,0.2877143919467926,0.17289671301841736,0.08784467726945877,0.09987761825323105
2024-03-03 01:32:39,ㅅㅂ 엠노다 사춘기 ㅋㅋㅋㅋㅋㅋㅋㅋㅋㅋㅋㅋㅋㅋㅋㅋ,ㅋㅇㅋㅋㅇㅋ,55,55.0,ㅅㅂ 엠노다 사춘기 ㅋㅋㅋㅋㅋㅋㅋㅋㅋㅋㅋㅋㅋㅋㅋㅋ ㅋㅇㅋㅋㅇㅋ,ㅅㅂ 엠노다 사춘기 ㅋㅋㅋㅋㅋㅋㅋㅋㅋㅋㅋㅋㅋㅋㅋㅋ ㅋㅇㅋㅋㅇㅋ,0.41189461946487427,0.20910827815532684,0.08778038620948792,0.1682983636856079,0.040417060256004333,0.08250121027231216
2024-03-03 01:32:40,쯔노다 ㅠㅠㅠㅠ,,55,55.0,쯔노다 ㅠㅠㅠㅠ ,쯔노다 ㅠㅠㅠㅠ,0.2055991291999817,0.2819797098636627,0.14436602592468262,0.13070163130760193,0.0738372728228569,0.16351619362831116
2024-03-03 01:32:40,저새끼 안빠르잖아!! ㅋㅋㅋㅋ,ㅋㅋㅋㅋㅋㅋㅋㅋㅋ,55,55.0,저새끼 안빠르잖아!! ㅋㅋㅋㅋ ㅋㅋㅋㅋㅋㅋㅋㅋㅋ,저새끼 안빠르잖아!! ㅋㅋㅋㅋ ㅋㅋㅋㅋㅋㅋㅋㅋㅋ,0.15578418970108032,0.27612408995628357,0.21937942504882812,0.18133656680583954,0.09259222447872162,0.07478351145982742
2024-03-03 01:32:41,유키 말 ㅋㅋㅋㅋㅋ,"+ dc official App
- dc official App",55,55.0,"유키 말 ㅋㅋㅋㅋㅋ + dc official App
- dc official App",유키 말 ㅋㅋㅋㅋㅋ + dc official App,0.6975466012954712,0.11248711496591568,0.07771246135234833,0.057650577276945114,0.02322975918650627,0.03137354180216789
2024-03-03 01:32:45,ㅋㅋㅋㅋㅋㅋㅋㅋㅋㅋㅋㅋㅋ 한 10랩 노잼이다가 츠노다가 꿀잼 만드네,ㅋㅋㅋㅋㅋㅋㅋㅋ,55,55.0,ㅋㅋㅋㅋㅋㅋㅋㅋㅋㅋㅋㅋㅋ 한 10랩 노잼이다가 츠노다가 꿀잼 만드네 ㅋㅋㅋㅋㅋㅋㅋㅋ,ㅋㅋㅋㅋㅋㅋㅋㅋㅋㅋㅋㅋㅋ 한 10랩 노잼이다가 츠노다가 꿀잼 만드네 ㅋㅋㅋㅋㅋㅋㅋㅋ,0.6329238414764404,0.1418275386095047,0.07901383191347122,0.07545578479766846,0.02672881819307804,0.04405021667480469
2024-03-03 01:32:46,페라리 슈퍼컴 이거 아니냐??,"애니악
- dc official App",55,55.0,"페라리 슈퍼컴 이거 아니냐?? 애니악
- dc official App",페라리 슈퍼컴 이거 아니냐?? 애니악,0.35059261322021484,0.20650413632392883,0.2564341723918915,0.08184421807527542,0.06994576752185822,0.03467915579676628
2024-03-03 01:32:47,알비 개웃기넼ㅋㅋㅋㄱㅋ,,55,55.0,알비 개웃기넼ㅋㅋㅋㄱㅋ ,알비 개웃기넼ㅋㅋㅋㄱㅋ,0.6457774043083191,0.13220418989658356,0.09539874643087387,0.062211256474256516,0.029359014704823494,0.035049352794885635
2024-03-03 01:32:48,내전이나 쳐하고있노,,55,55.0,내전이나 쳐하고있노 ,내전이나 쳐하고있노,0.07659310102462769,0.21036452054977417,0.22058813273906708,0.24998638033866882,0.06616271287202835,0.1763051301240921
2024-03-03 01:32:48,스압을 해줬는데 좆카도 하나도 못잡고있노ㅋㅋㅋ,,55,55.0,스압을 해줬는데 좆카도 하나도 못잡고있노ㅋㅋㅋ ,스압을 해줬는데 좆카도 하나도 못잡고있노ㅋㅋㅋ,0.08295836299657822,0.2682987451553345,0.2693343758583069,0.16681985557079315,0.09588116407394409,0.11670751869678497
2024-03-03 01:32:51,빨리좀 가라고 / 안빠르잖아 ㅅㅂ ㅋㅋㅋ,ㅋㅋㅋㅋㅋ,55,55.0,빨리좀 가라고 / 안빠르잖아 ㅅㅂ ㅋㅋㅋ ㅋㅋㅋㅋㅋ,빨리좀 가라고 / 안빠르잖아 ㅅㅂ ㅋㅋㅋ ㅋㅋㅋㅋㅋ,0.16528376936912537,0.25772854685783386,0.09663102775812149,0.28743037581443787,0.04097152501344681,0.151954784989357
2024-03-03 01:32:52,유키는 참지않긔,치와와 그자체 ㅋㅋㅋㅋㅋ,55,55.0,유키는 참지않긔 치와와 그자체 ㅋㅋㅋㅋㅋ,유키는 참지않긔 치와와 그자체 ㅋㅋㅋㅋㅋ,0.6417625546455383,0.13625524938106537,0.08780320733785629,0.05941953882575035,0.03669159859418869,0.0380677729845047
2024-03-03 01:33:02,순수재미 제공 ㅠㅠ,,55,55.0,순수재미 제공 ㅠㅠ ,순수재미 제공 ㅠㅠ,0.5629048347473145,0.1675327867269516,0.06917202472686768,0.0842832401394844,0.03297632560133934,0.08313082903623581
2024-03-03 01:33:02,유키 왜 뽂킹 안 쓰는데ㅋㅋㅋㅋㅋ,,55,55.0,유키 왜 뽂킹 안 쓰는데ㅋㅋㅋㅋㅋ ,유키 왜 뽂킹 안 쓰는데ㅋㅋㅋㅋㅋ,0.1993500143289566,0.3093095123767853,0.20903673768043518,0.1326930969953537,0.08173946291208267,0.06787119805812836
2024-03-03 01:33:07,유키 진짜 존나 귀엽다ㅋㅋㅋㅋㅋㅋ,,55,55.0,유키 진짜 존나 귀엽다ㅋㅋㅋㅋㅋㅋ ,유키 진짜 존나 귀엽다ㅋㅋㅋㅋㅋㅋ,0.5916561484336853,0.1558980792760849,0.10613193362951279,0.06923612207174301,0.03651609271764755,0.04056162014603615
2024-03-03 01:33:11,인종차별 너무 슬프다ㅠㅠ,하필 동양인이라서,55,55.0,인종차별 너무 슬프다ㅠㅠ 하필 동양인이라서,인종차별 너무 슬프다ㅠㅠ 하필 동양인이라서,0.13373322784900665,0.2271137237548828,0.19221076369285583,0.15592435002326965,0.07943620532751083,0.21158170700073242
2024-03-03 01:33:13,근데 ㅈㄴ느리긴하네,ㅅㅂ 뭐해,55,55.0,근데 ㅈㄴ느리긴하네 ㅅㅂ 뭐해,근데 ㅈㄴ느리긴하네 ㅅㅂ 뭐해,0.09941259026527405,0.2912496030330658,0.11787715554237366,0.22781389951705933,0.04265383258461952,0.22099293768405914
2024-03-03 01:33:15,페라리 슈퍼컴.jpg,,55,55.0,페라리 슈퍼컴.jpg ,페라리 슈퍼컴.jpg,0.6174803376197815,0.13816377520561218,0.1171279177069664,0.06476087868213654,0.03148829564452171,0.030978791415691376
2024-03-03 01:33:23,근데 20렙 남기고 소프트면 티배깅 아님?,응 우리 소프트가 너네 하드보다 페이스 좋아 ~~~ ㅋㅋㅋㅋㅋㅋㅋ,55,55.0,근데 20렙 남기고 소프트면 티배깅 아님? 응 우리 소프트가 너네 하드보다 페이스 좋아 ~~~ ㅋㅋㅋㅋㅋㅋㅋ,근데 20렙 남기고 소프트면 티배깅 아님? 응 우리 소프트가 너네 하드보다 페이스 좋아 ~~~ ㅋㅋㅋㅋㅋㅋㅋ,0.61470627784729,0.14361758530139923,0.0909503772854805,0.06756782531738281,0.04082284867763519,0.04233517870306969
2024-03-03 01:33:36,에휴 시발 또 그국가네,"ㅋㅋㅋㅋㅋㅋ엔딩곡은 왜 맨날 똑같아요?
- dc official App",55,55.0,"에휴 시발 또 그국가네 ㅋㅋㅋㅋㅋㅋ엔딩곡은 왜 맨날 똑같아요?
- dc official App",에휴 시발 또 그국가네 ㅋㅋㅋㅋㅋㅋ엔딩곡은 왜 맨날 똑같아요?,0.09693969786167145,0.2503903806209564,0.1333283632993698,0.2582313120365143,0.06390601396560669,0.19720423221588135
2024-03-03 01:33:43,페라리 슈퍼컴 사양 정보,90년대 출시,55,55.0,페라리 슈퍼컴 사양 정보 90년대 출시,페라리 슈퍼컴 사양 정보 90년대 출시,0.21392960846424103,0.2181137502193451,0.33007219433784485,0.10638740658760071,0.07377555966377258,0.05772148072719574
2024-03-03 01:33:51,츠노다 흑화 하겠는데?,리카도 이새끼 왜 츠노다 괴롭히는거냐,55,55.0,츠노다 흑화 하겠는데? 리카도 이새끼 왜 츠노다 괴롭히는거냐,츠노다 흑화 하겠는데? 리카도 이새끼 왜 츠노다 괴롭히는거냐,0.09155379235744476,0.19948728382587433,0.2677849531173706,0.20132514834403992,0.12117166817188263,0.11867718398571014
2024-03-03 01:33:51,P6로 끝나겠노,아깝네,55,55.0,P6로 끝나겠노 아깝네,P6로 끝나겠노 아깝네,0.1383875012397766,0.3262883722782135,0.18069344758987427,0.12315694242715836,0.05464846268296242,0.17682524025440216
2024-03-03 01:33:52,지금 다 잊혀진새끼들...,바로 17 18 쳐박힌 알핀듀오야,55,55.0,지금 다 잊혀진새끼들... 바로 17 18 쳐박힌 알핀듀오야,지금 다 잊혀진새끼들... 바로 17 18 쳐박힌 알핀듀오야,0.11793483793735504,0.23057821393013,0.13660399615764618,0.25190094113349915,0.07734238356351852,0.18563960492610931
2024-03-03 01:33:53,츠노다 ㄹㅇ 극호감이노 ㅋㅋㅋㅋ,좆노잼 레이스에 개웃기네 ㅋㅋㅋ,55,55.0,츠노다 ㄹㅇ 극호감이노 ㅋㅋㅋㅋ 좆노잼 레이스에 개웃기네 ㅋㅋㅋ,츠노다 ㄹㅇ 극호감이노 ㅋㅋㅋㅋ 좆노잼 레이스에 개웃기네 ㅋㅋㅋ,0.39266303181648254,0.23176100850105286,0.15207991003990173,0.11730062961578369,0.05237570405006409,0.05381973460316658
2024-03-03 01:33:53,리카도 걍 이소타 프라스키니로 유기해라,ㅇㅇ,55,55.0,리카도 걍 이소타 프라스키니로 유기해라 ㅇㅇ,리카도 걍 이소타 프라스키니로 유기해라 ㅇㅇ,0.09110574424266815,0.19543364644050598,0.2883317768573761,0.2003486156463623,0.08498860150575638,0.13979165256023407
2024-03-03 01:33:55,진짜 서커스단 이새끼들은 슈퍼컴이라고 에니악을 쳐갖다놨나,어떻게 계산이 맞는 걸 못 보지,56,56.0,진짜 서커스단 이새끼들은 슈퍼컴이라고 에니악을 쳐갖다놨나 어떻게 계산이 맞는 걸 못 보지,진짜 서커스단 이새끼들은 슈퍼컴이라고 에니악을 쳐갖다놨나 어떻게 계산이 맞는 걸 못 보지,0.08148373663425446,0.2069966197013855,0.18730151653289795,0.2551243007183075,0.0539269745349884,0.21516689658164978
2024-03-03 01:33:56,그냥 들어가고 우승하지마 제발 ㅋㅋㅋㅋㅋ,,56,56.0,그냥 들어가고 우승하지마 제발 ㅋㅋㅋㅋㅋ ,그냥 들어가고 우승하지마 제발 ㅋㅋㅋㅋㅋ,0.10631100833415985,0.23127034306526184,0.19478246569633484,0.24380169808864594,0.09213469922542572,0.1316998153924942
2024-03-03 01:33:58,18랩 쓴 소프트로 뭘 하겠다고 자리 바꿔달라한거임?,ㅋㅋ ㅂㅅ,56,56.0,18랩 쓴 소프트로 뭘 하겠다고 자리 바꿔달라한거임? ㅋㅋ ㅂㅅ,18랩 쓴 소프트로 뭘 하겠다고 자리 바꿔달라한거임? ㅋㅋ ㅂㅅ,0.09134621173143387,0.22578762471675873,0.25494176149368286,0.22660857439041138,0.06760451942682266,0.1337112933397293
2024-03-03 01:34:01,페라리.. 대가리부터 박아야겠지...?,- dc official App,56,56.0,페라리.. 대가리부터 박아야겠지...? - dc official App,페라리.. 대가리부터 박아야겠지...? - dc official App,0.08817798644304276,0.2861494719982147,0.23144826292991638,0.15519006550312042,0.12834489345550537,0.11068928241729736
2024-03-03 01:34:03,조관유를 넘어간다고 왜 포인트임?,,56,56.0,조관유를 넘어간다고 왜 포인트임? ,조관유를 넘어간다고 왜 포인트임?,0.13368010520935059,0.27850717306137085,0.2847050130367279,0.13915275037288666,0.06103344261646271,0.10292144864797592
2024-03-03 01:34:07,왜 저우 넘으면 포인트라하노,,56,56.0,왜 저우 넘으면 포인트라하노 ,왜 저우 넘으면 포인트라하노,0.12210050225257874,0.31021562218666077,0.1699143946170807,0.19966772198677063,0.043397456407547,0.15470437705516815
2024-03-03 01:34:18,rb20 소프트20랩 쌉가능이라 20임? 도랐노,이새끼들 뭘 만들어낸거노,56,56.0,rb20 소프트20랩 쌉가능이라 20임? 도랐노 이새끼들 뭘 만들어낸거노,rb20 소프트20랩 쌉가능이라 20임? 도랐노 이새끼들 뭘 만들어낸거노,0.0953521579504013,0.20407111942768097,0.2617493271827698,0.22476588189601898,0.09577446430921555,0.118287093937397
2024-03-03 01:34:24,전체적으로 후반 소프트는 결코 좋은 선택이 아니네,"타이어 마모도가 너무 크다
- dc official App",56,56.0,"전체적으로 후반 소프트는 결코 좋은 선택이 아니네 타이어 마모도가 너무 크다
- dc official App",전체적으로 후반 소프트는 결코 좋은 선택이 아니네 타이어 마모도가 너무 크다,0.09893058985471725,0.30359119176864624,0.24267546832561493,0.1314014494419098,0.056033194065093994,0.1673680543899536
2024-03-03 01:34:35,소프트니까 자리 바꿔줘 (거의 20렙 가까이 달린 타이어),뭐임? ㄹㅇ 인종차별아님?,56,56.0,소프트니까 자리 바꿔줘 (거의 20렙 가까이 달린 타이어) 뭐임? ㄹㅇ 인종차별아님?,소프트니까 자리 바꿔줘 (거의 20렙 가까이 달린 타이어) 뭐임? ㄹㅇ 인종차별아님?,0.110944464802742,0.2590433657169342,0.17728233337402344,0.22034847736358643,0.07142288237810135,0.1609584242105484
2024-03-03 01:34:37,르끌레 그래도 4등이면 지랄한거 치고 ㅅㅌㅊ네,"중간에 타협점 잘 찾았나보노 ㅋㅋ
- dc official App",56,56.0,"르끌레 그래도 4등이면 지랄한거 치고 ㅅㅌㅊ네 중간에 타협점 잘 찾았나보노 ㅋㅋ
- dc official App",르끌레 그래도 4등이면 지랄한거 치고 ㅅㅌㅊ네 중간에 타협점 잘 찾았나보노 ㅋㅋ,0.21570897102355957,0.20510734617710114,0.27090227603912354,0.1252434253692627,0.12041928619146347,0.06261871010065079
2024-03-03 01:34:40,벌써 막렙이네,,56,56.0,벌써 막렙이네 ,벌써 막렙이네,0.3673374056816101,0.21160398423671722,0.2431209832429886,0.07063224911689758,0.07465718686580658,0.03264830261468887
2024-03-03 01:34:42,패랩도 딱히 안하네,볼게 넘 없노..,56,56.0,패랩도 딱히 안하네 볼게 넘 없노..,패랩도 딱히 안하네 볼게 넘 없노..,0.107253797352314,0.32731136679649353,0.16819661855697632,0.15936972200870514,0.0521010085940361,0.18576744198799133
2024-03-03 01:34:44,레드불 복합 컴파운드 룰 없을 경우 타이어 관리 전략 유출.txt,"50~60렙 : 하, 소소소
70~80렙 : 미미, 하소
ㄹㅇ 저래도 관리될 듯",56,56.0,"레드불 복합 컴파운드 룰 없을 경우 타이어 관리 전략 유출.txt 50~60렙 : 하, 소소소
70~80렙 : 미미, 하소
ㄹㅇ 저래도 관리될 듯","레드불 복합 컴파운드 룰 없을 경우 타이어 관리 전략 유출.txt 50~60렙 : 하, 소소소 70~80렙 : 미미, 하소 ㄹㅇ 저래도 관리될 듯",0.14961698651313782,0.2590864896774292,0.3071863651275635,0.10336479544639587,0.08924385905265808,0.09150153398513794
2024-03-03 01:34:44,귄터햄 취직했네 ㅋㅋㅋㅋㅋㅋㅋㅋㅋ,,56,56.0,귄터햄 취직했네 ㅋㅋㅋㅋㅋㅋㅋㅋㅋ ,귄터햄 취직했네 ㅋㅋㅋㅋㅋㅋㅋㅋㅋ,0.7063610553741455,0.11398627609014511,0.0689433142542839,0.05113006383180618,0.026054032146930695,0.03352522850036621
2024-03-03 01:34:45,하스 회식하겠네,왤케 성장함 ㄹㅇ,56,56.0,하스 회식하겠네 왤케 성장함 ㄹㅇ,하스 회식하겠네 왤케 성장함 ㄹㅇ,0.5974884629249573,0.15369069576263428,0.11801166087388992,0.051532261073589325,0.04593326896429062,0.033343683928251266
2024-03-03 01:34:43,권터 취직했노ㅋㅋㅋㅋ,,56,56.0,권터 취직했노ㅋㅋㅋㅋ ,권터 취직했노ㅋㅋㅋㅋ,0.6802563071250916,0.12332227826118469,0.08365865051746368,0.050841476768255234,0.030290689319372177,0.03163060173392296
2024-03-03 01:34:47,드디어 막스 보여주겠네,"파이널랩ㅋㅋ
- dc official App",56,56.0,"드디어 막스 보여주겠네 파이널랩ㅋㅋ
- dc official App",드디어 막스 보여주겠네 파이널랩ㅋㅋ,0.6758762001991272,0.12801463901996613,0.0779697522521019,0.0554237999022007,0.027950195595622063,0.03476545587182045
2024-03-03 01:35:03,페라리 슈퍼컴은 개뿔 ㅋㅋ,콩순이 컴이 더 빠르겠노,57,57.0,페라리 슈퍼컴은 개뿔 ㅋㅋ 콩순이 컴이 더 빠르겠노,페라리 슈퍼컴은 개뿔 ㅋㅋ 콩순이 컴이 더 빠르겠노,0.08611349016427994,0.22366659343242645,0.2860332131385803,0.2066601812839508,0.06392515450716019,0.1336013674736023
2024-03-03 01:35:06,"""2등을 추월하면 1등이잖아요?""",P11을 추월하면 포인트니까요,57,57.0,"""2등을 추월하면 1등이잖아요?"" P11을 추월하면 포인트니까요","""2등을 추월하면 1등이잖아요?"" P11을 추월하면 포인트니까요",0.2697276771068573,0.24292027950286865,0.23262988030910492,0.1179874986410141,0.06882407516241074,0.06791065633296967
2024-03-03 01:35:09,좆카도 못따겠는데?,ㅇㅇ,57,57.0,좆카도 못따겠는데? ㅇㅇ,좆카도 못따겠는데? ㅇㅇ,0.08090601116418839,0.27112340927124023,0.30787673592567444,0.1193869337439537,0.10763150453567505,0.113075390458107
2024-03-03 01:35:09,ㅋㅋㅋ 인터벌 줄어들 기미도 없네 ㅋㅋㅋㅋ,그냥 포지션 내놔 내가 팀메 재낌 ㅅㄱ 도르 ㅋㅋㅋㅋ,57,57.0,ㅋㅋㅋ 인터벌 줄어들 기미도 없네 ㅋㅋㅋㅋ 그냥 포지션 내놔 내가 팀메 재낌 ㅅㄱ 도르 ㅋㅋㅋㅋ,ㅋㅋㅋ 인터벌 줄어들 기미도 없네 ㅋㅋㅋㅋ 그냥 포지션 내놔 내가 팀메 재낌 ㅅㄱ 도르 ㅋㅋㅋㅋ,0.13620024919509888,0.29563766717910767,0.13358257710933685,0.2082463502883911,0.07673230022192001,0.14960084855556488
2024-03-03 01:35:11,좆카도 늙어서 좀 추하노ㅋㅋㅋㅋㅋㅋㅋㅋㅋㅋ,,57,57.0,좆카도 늙어서 좀 추하노ㅋㅋㅋㅋㅋㅋㅋㅋㅋㅋ ,좆카도 늙어서 좀 추하노ㅋㅋㅋㅋㅋㅋㅋㅋㅋㅋ,0.10979555547237396,0.2544611692428589,0.19819733500480652,0.2231213003396988,0.10319752991199493,0.11122708022594452
2024-03-03 01:35:11,막스의 4연챔을 축하합니다,"25시즌에 만나요 모두
씨발",57,57.0,"막스의 4연챔을 축하합니다 25시즌에 만나요 모두
씨발",막스의 4연챔을 축하합니다 25시즌에 만나요 모두 씨발,0.6344878077507019,0.1281031370162964,0.07399120926856995,0.07347370684146881,0.03551653400063515,0.0544276162981987
2024-03-03 01:35:40,올해 네델란드 국가 20번 넘게 듣겠네,십 애국가도 1년에 20번 듣기 힘듬 ㅋㅋㅋ,57,57.0,올해 네델란드 국가 20번 넘게 듣겠네 십 애국가도 1년에 20번 듣기 힘듬 ㅋㅋㅋ,올해 네델란드 국가 20번 넘게 듣겠네 십 애국가도 1년에 20번 듣기 힘듬 ㅋㅋㅋ,0.17882800102233887,0.2782810628414154,0.13192841410636902,0.21848811209201813,0.06903544813394547,0.12343897670507431
2024-03-03 01:35:47,막가놈이랑 체코랑 차이는 어떻게 설명?,시발 같은 차인데 20초 차이는 뭐냐,57,57.0,막가놈이랑 체코랑 차이는 어떻게 설명? 시발 같은 차인데 20초 차이는 뭐냐,막가놈이랑 체코랑 차이는 어떻게 설명? 시발 같은 차인데 20초 차이는 뭐냐,0.09905686974525452,0.26319360733032227,0.16400232911109924,0.2520376741886139,0.050323668867349625,0.17138582468032837
2024-03-03 01:35:53,그거 입갤,ㅇㅇ;,57,57.0,그거 입갤 ㅇㅇ;,그거 입갤 ㅇㅇ;,0.31880638003349304,0.27694201469421387,0.19058318436145782,0.08808622509241104,0.06225580722093582,0.0633263885974884
2024-03-03 01:35:56,오늘 몽골 캠 별로 못본것같음,P1 P2 짜르면 꿀잼경기 ㅇㅈ,57,57.0,오늘 몽골 캠 별로 못본것같음 P1 P2 짜르면 꿀잼경기 ㅇㅈ,오늘 몽골 캠 별로 못본것같음 P1 P2 짜르면 꿀잼경기 ㅇㅈ,0.47037243843078613,0.1979694664478302,0.1066388413310051,0.11708011478185654,0.03697778657078743,0.07096130400896072
2024-03-03 01:35:57,리카도 지금 유키보다 느린데 ㅋㅋ,,57,57.0,리카도 지금 유키보다 느린데 ㅋㅋ ,리카도 지금 유키보다 느린데 ㅋㅋ,0.15643943846225739,0.2863438129425049,0.2947304844856262,0.10991096496582031,0.10031905770301819,0.05225617438554764
2024-03-03 01:35:58,막가놈 그랜드슬램임?,ㅇㅇ?,57,57.0,막가놈 그랜드슬램임? ㅇㅇ?,막가놈 그랜드슬램임? ㅇㅇ?,0.1206439658999443,0.19030778110027313,0.3563288450241089,0.14338992536067963,0.12301604449748993,0.0663134753704071
2024-03-03 01:35:58,22초갭ㅋㅋ,,57,57.0,22초갭ㅋㅋ ,22초갭ㅋㅋ,0.54925537109375,0.14906096458435059,0.15404874086380005,0.07209501415491104,0.041984815150499344,0.03355502709746361
2024-03-03 01:36:00,와 소프트로 20랩을조지네,"미친
- dc official App",57,57.0,"와 소프트로 20랩을조지네 미친
- dc official App",와 소프트로 20랩을조지네 미친,0.12236527353525162,0.198851078748703,0.30283260345458984,0.1732390969991684,0.12292098253965378,0.07979099452495575
2024-03-03 01:36:04,막스 4챔ㅊㅊㅊㅊ,,57,57.0,막스 4챔ㅊㅊㅊㅊ ,막스 4챔ㅊㅊㅊㅊ,0.7189120650291443,0.10139498114585876,0.0630611851811409,0.056813422590494156,0.021913593634963036,0.03790478780865669
2024-03-03 01:36:06,아오 또 이새끼야,,57,57.0,아오 또 이새끼야 ,아오 또 이새끼야,0.1586163341999054,0.16583575308322906,0.1336050033569336,0.33971676230430603,0.046763502061367035,0.1554626226425171
2024-03-03 01:36:08,시즌 1호 우승ㅋㅋㅋㅋ,,57,57.0,시즌 1호 우승ㅋㅋㅋㅋ ,시즌 1호 우승ㅋㅋㅋㅋ,0.7161058187484741,0.10674763470888138,0.06583426147699356,0.05218631774187088,0.026097269728779793,0.033028751611709595
2024-03-03 01:36:08,캬캬캬 대 몽 골,,57,57.0,캬캬캬 대 몽 골 ,캬캬캬 대 몽 골,0.7089395523071289,0.10687848925590515,0.06867587566375732,0.05875689908862114,0.02323877066373825,0.03351045399904251
2024-03-03 01:36:11,2024시즌 우승 눈앞이라노 ㅋㅋ,벌써 우승 확정,57,57.0,2024시즌 우승 눈앞이라노 ㅋㅋ 벌써 우승 확정,2024시즌 우승 눈앞이라노 ㅋㅋ 벌써 우승 확정,0.6788303852081299,0.12396439909934998,0.0768372118473053,0.053270358592271805,0.03344820812344551,0.03364942595362663
2024-03-03 01:36:14,슈퍼컴은 좆까고 저새끼들 엑셀로 외삽하고 있을듯,마굿간 새끼들이 슈퍼컴은 무슨 ㅋㅋㅋㅋㅋ,57,57.0,슈퍼컴은 좆까고 저새끼들 엑셀로 외삽하고 있을듯 마굿간 새끼들이 슈퍼컴은 무슨 ㅋㅋㅋㅋㅋ,슈퍼컴은 좆까고 저새끼들 엑셀로 외삽하고 있을듯 마굿간 새끼들이 슈퍼컴은 무슨 ㅋㅋㅋㅋㅋ,0.08615383505821228,0.18958577513694763,0.23130647838115692,0.2761639356613159,0.06506267935037613,0.15172727406024933
2024-03-03 01:36:15,프원매니저 16배속 vs 페라리 전략팀,"전략팀이 머리싸매고 프원매니저 페라리잡고 도전해도
겜상에서 컨챔불가능할것 같으면 개추ㅋㅋ",57,57.0,"프원매니저 16배속 vs 페라리 전략팀 전략팀이 머리싸매고 프원매니저 페라리잡고 도전해도
겜상에서 컨챔불가능할것 같으면 개추ㅋㅋ",프원매니저 16배속 vs 페라리 전략팀 전략팀이 머리싸매고 프원매니저 페라리잡고 도전해도 겜상에서 컨챔불가능할것 같으면 개추ㅋㅋ,0.20428498089313507,0.21017274260520935,0.29517585039138794,0.1155179888010025,0.10994245857000351,0.06490597873926163
2024-03-03 01:36:18,오늘 그랜드슬램이지?,올랩리드까지 ㅇㅇ,57,57.0,오늘 그랜드슬램이지? 올랩리드까지 ㅇㅇ,오늘 그랜드슬램이지? 올랩리드까지 ㅇㅇ,0.6676392555236816,0.12777365744113922,0.07952418923377991,0.0548575334250927,0.03407382220029831,0.03613156080245972
2024-03-03 01:36:19,대몽골,ㅇ,57,57.0,대몽골 ㅇ,대몽골 ㅇ,0.5496023297309875,0.16576066613197327,0.12811031937599182,0.08279863744974136,0.03236871585249901,0.04135939106345177
2024-03-03 01:36:19,어우막 ㅋㅋㅋㅋㅋㅋ,ㅅㅂㅋㅋㅋ,57,57.0,어우막 ㅋㅋㅋㅋㅋㅋ ㅅㅂㅋㅋㅋ,어우막 ㅋㅋㅋㅋㅋㅋ ㅅㅂㅋㅋㅋ,0.4923112094402313,0.188829705119133,0.11086788773536682,0.12047263234853745,0.03807993233203888,0.049438655376434326
2024-03-03 01:36:18,아 노래가 들린다ㅋㅋㅋㅋㅋ,,57,57.0,아 노래가 들린다ㅋㅋㅋㅋㅋ ,아 노래가 들린다ㅋㅋㅋㅋㅋ,0.7027397751808167,0.11299168318510056,0.07321912795305252,0.05485256388783455,0.022638650611042976,0.03355823829770088
2024-03-03 01:36:21,또 또 또 막스,축하합니다,57,57.0,또 또 또 막스 축하합니다,또 또 또 막스 축하합니다,0.6809186935424805,0.12929482758045197,0.06321853399276733,0.055020786821842194,0.028747469186782837,0.04279973730444908
2024-03-03 01:36:21,어우막ㅋㅋ,,57,57.0,어우막ㅋㅋ ,어우막ㅋㅋ,0.6508547067642212,0.12457067519426346,0.10456414520740509,0.06083587929606438,0.02802184596657753,0.03115270659327507
2024-03-03 01:36:23,뉴이신 무슨차를 만든거임?,"소프트로 몇랩을 달리는데 하드랑 별 차이가 없네 ㅋㅋㅋ
- dc official App",57,57.0,"뉴이신 무슨차를 만든거임? 소프트로 몇랩을 달리는데 하드랑 별 차이가 없네 ㅋㅋㅋ
- dc official App",뉴이신 무슨차를 만든거임? 소프트로 몇랩을 달리는데 하드랑 별 차이가 없네 ㅋㅋㅋ,0.09503758698701859,0.26462143659591675,0.3186527192592621,0.14190888404846191,0.09400181472301483,0.08577761054039001
2024-03-03 01:36:24,하 저 시발년 웨이브,,57,57.0,하 저 시발년 웨이브 ,하 저 시발년 웨이브,0.15793755650520325,0.18176716566085815,0.10857287794351578,0.3258693814277649,0.041850317269563675,0.18400263786315918
2024-03-03 01:36:24,개 씹좆노잼ㅋㅋㅋㅅㅂ,,57,57.0,개 씹좆노잼ㅋㅋㅋㅅㅂ ,개 씹좆노잼ㅋㅋㅋㅅㅂ,0.13315585255622864,0.284016489982605,0.13123482465744019,0.2298089563846588,0.05253063887357712,0.1692531853914261
2024-03-03 01:36:31,이야 하스 이걸 버티노ㅋㅋㅋ,"ㅋㅋㅋ
- dc official App",After Lap,,"이야 하스 이걸 버티노ㅋㅋㅋ ㅋㅋㅋ
- dc official App",이야 하스 이걸 버티노ㅋㅋㅋ ㅋㅋㅋ,0.5290478467941284,0.17305178940296173,0.14790605008602142,0.06420349329710007,0.053124479949474335,0.03266631439328194
2024-03-03 01:36:32,막가놈 세레모니ㅋㅋㅋㅋㅋㅋㅋ,,After Lap,,막가놈 세레모니ㅋㅋㅋㅋㅋㅋㅋ ,막가놈 세레모니ㅋㅋㅋㅋㅋㅋㅋ,0.5811194777488708,0.15969102084636688,0.11048635840415955,0.08072245121002197,0.03127427026629448,0.0367063470184803
2024-03-03 01:36:34,츠노다 딥빡하겠노 ㅋㅋㅋ,ㅋㅋㅋㅋㅋㅋ,After Lap,,츠노다 딥빡하겠노 ㅋㅋㅋ ㅋㅋㅋㅋㅋㅋ,츠노다 딥빡하겠노 ㅋㅋㅋ ㅋㅋㅋㅋㅋㅋ,0.18587784469127655,0.24786792695522308,0.1373717188835144,0.2527109980583191,0.0731203705072403,0.10305117815732956
2024-03-03 01:36:37,핏크루도 딱히 안 기뻐하는데 이제?,ㅋㅋㅋㅋ 대면대면하네,After Lap,,핏크루도 딱히 안 기뻐하는데 이제? ㅋㅋㅋㅋ 대면대면하네,핏크루도 딱히 안 기뻐하는데 이제? ㅋㅋㅋㅋ 대면대면하네,0.10133995860815048,0.34429341554641724,0.1443416029214859,0.1694437712430954,0.09224645793437958,0.1483348309993744
2024-03-03 01:36:38,아니 근데 소프트를 20랩을 조졌는데 페이스가 안떨어짐,뭘만든거냐?,After Lap,,아니 근데 소프트를 20랩을 조졌는데 페이스가 안떨어짐 뭘만든거냐?,아니 근데 소프트를 20랩을 조졌는데 페이스가 안떨어짐 뭘만든거냐?,0.07967014610767365,0.243110790848732,0.2674352824687958,0.19728204607963562,0.08414765447378159,0.12835410237312317
2024-03-03 01:36:38,사인지 포디움 ㅅㅅㅅㅅㅅㅅㅅㅅㅅㅅㅅㅅㅅㅅ,,After Lap,,사인지 포디움 ㅅㅅㅅㅅㅅㅅㅅㅅㅅㅅㅅㅅㅅㅅ ,사인지 포디움 ㅅㅅㅅㅅㅅㅅㅅㅅㅅㅅㅅㅅㅅㅅ,0.7125928401947021,0.11091920733451843,0.05913812667131424,0.056063663214445114,0.022013099864125252,0.03927300125360489
2024-03-03 01:36:43,3달동안 기다렸는데 하루만에 식네 ㄹㅇ,작년보다 더하겠네 이건,After Lap,,3달동안 기다렸는데 하루만에 식네 ㄹㅇ 작년보다 더하겠네 이건,3달동안 기다렸는데 하루만에 식네 ㄹㅇ 작년보다 더하겠네 이건,0.08407050371170044,0.31183770298957825,0.15277881920337677,0.16329193115234375,0.06757811456918716,0.22044293582439423
2024-03-03 01:36:45,생각보단 백마커 많이 못 땄네,세카도 없었는데 그리드 절반이면,After Lap,,생각보단 백마커 많이 못 땄네 세카도 없었는데 그리드 절반이면,생각보단 백마커 많이 못 땄네 세카도 없었는데 그리드 절반이면,0.10879366844892502,0.24029885232448578,0.360958069562912,0.11161638796329498,0.10280778259038925,0.07552523165941238
2024-03-03 01:36:45,애국가보다 더 많이 듣는,네덜란드/오스트리아,After Lap,,애국가보다 더 많이 듣는 네덜란드/오스트리아,애국가보다 더 많이 듣는 네덜란드/오스트리아,0.38154011964797974,0.21904312074184418,0.1778307855129242,0.10312359780073166,0.05615409091114998,0.06230832263827324
2024-03-03 01:36:45,사인지 ㅅㅅㅅㅅ,,After Lap,,사인지 ㅅㅅㅅㅅ ,사인지 ㅅㅅㅅㅅ,0.6858823895454407,0.12261379510164261,0.07747434079647064,0.051028694957494736,0.026109376922249794,0.036891352385282516
2024-03-03 01:36:47,저게 차야 비행기야,거시발 드라이빙이아니라 호버링인가,After Lap,,저게 차야 비행기야 거시발 드라이빙이아니라 호버링인가,저게 차야 비행기야 거시발 드라이빙이아니라 호버링인가,0.09108449518680573,0.25517526268959045,0.19143572449684143,0.22065353393554688,0.06276672333478928,0.17888417840003967
2024-03-03 01:36:48,사인츠 3등 ㅆㅅㅅㅅㅅㅅ,사실상 1등!!!!!@,After Lap,,사인츠 3등 ㅆㅅㅅㅅㅅㅅ 사실상 1등!!!!!@,사인츠 3등 ㅆㅅㅅㅅㅅㅅ 사실상 1등!!!!!@,0.7102131247520447,0.11422071605920792,0.05565188452601433,0.05448543652892113,0.024917714297771454,0.040511153638362885
2024-03-03 01:36:51,사인츠 포디움 ㅅㅅㅅㅅㅅㅅㅅㅅㅅㅅㅅㅅㅅㅅ,굿,After Lap,,사인츠 포디움 ㅅㅅㅅㅅㅅㅅㅅㅅㅅㅅㅅㅅㅅㅅ 굿,사인츠 포디움 ㅅㅅㅅㅅㅅㅅㅅㅅㅅㅅㅅㅅㅅㅅ 굿,0.7027276754379272,0.11612804979085922,0.05837590619921684,0.0590357705950737,0.022548820823431015,0.041183844208717346
2024-03-03 01:36:52,올해 몽체사 몽사체 각인데,ㅋㅋㅋ,After Lap,,올해 몽체사 몽사체 각인데 ㅋㅋㅋ,올해 몽체사 몽사체 각인데 ㅋㅋㅋ,0.444532185792923,0.2044248878955841,0.16194036602973938,0.08888190239667892,0.056300826370716095,0.04391980916261673
2024-03-03 01:36:55,이건뭐그냥 양학하네또 ㅋㅋ,또 2등싸움이나 보게생겼네,After Lap,,이건뭐그냥 양학하네또 ㅋㅋ 또 2등싸움이나 보게생겼네,이건뭐그냥 양학하네또 ㅋㅋ 또 2등싸움이나 보게생겼네,0.07504582405090332,0.2914550006389618,0.15119808912277222,0.1877911239862442,0.06311621516942978,0.23139379918575287
2024-03-03 01:36:56,막스 티배깅 머고,올해도 이미 지가 따먹었다는 표시임?,After Lap,,막스 티배깅 머고 올해도 이미 지가 따먹었다는 표시임?,막스 티배깅 머고 올해도 이미 지가 따먹었다는 표시임?,0.09312358498573303,0.19862200319766998,0.3390565514564514,0.17288337647914886,0.1034657284617424,0.0928487628698349
2024-03-03 01:36:56,좆카도 결국 못잡았노ㅋㅋㅋㅋ,ㅋㅋㅋ,After Lap,,좆카도 결국 못잡았노ㅋㅋㅋㅋ ㅋㅋㅋ,좆카도 결국 못잡았노ㅋㅋㅋㅋ ㅋㅋㅋ,0.09877007454633713,0.2875814437866211,0.23341500759124756,0.1722889542579651,0.11156712472438812,0.09637734293937683
2024-03-03 01:36:59,올해는 3등싸움이네 ㅋㅋㅋ,- dc official App,After Lap,,올해는 3등싸움이네 ㅋㅋㅋ - dc official App,올해는 3등싸움이네 ㅋㅋㅋ - dc official App,0.21013133227825165,0.316420316696167,0.1596665382385254,0.13367053866386414,0.08339475095272064,0.09671659767627716
2024-03-03 01:36:59,사인츠>>>르끌레르 츠노다>>>리카도,"반박시 병신
- dc official App",After Lap,,"사인츠>>>르끌레르 츠노다>>>리카도 반박시 병신
- dc official App",사인츠>>>르끌레르 츠노다>>>리카도 반박시 병신,0.2319498509168625,0.19927754998207092,0.2957087457180023,0.1451248675584793,0.05393051728606224,0.07400848716497421
2024-03-03 01:36:59,페라리 둘 다 포디움 입갤,막스는 논외라고 ㅋㅋ,After Lap,,페라리 둘 다 포디움 입갤 막스는 논외라고 ㅋㅋ,페라리 둘 다 포디움 입갤 막스는 논외라고 ㅋㅋ,0.3680092394351959,0.2257525473833084,0.18264874815940857,0.11125750839710236,0.055012840777635574,0.05731911584734917
2024-03-03 01:37:00,와 진짜 이거맞나,개노잼이네,After Lap,,와 진짜 이거맞나 개노잼이네,와 진짜 이거맞나 개노잼이네,0.09547626972198486,0.33409231901168823,0.17248094081878662,0.16542567312717438,0.06756819784641266,0.16495659947395325
2024-03-03 01:37:01,리카도 호감캐에서 급비호감캐 입갤,레딧에서 난리났네,After Lap,,리카도 호감캐에서 급비호감캐 입갤 레딧에서 난리났네,리카도 호감캐에서 급비호감캐 입갤 레딧에서 난리났네,0.09418486058712006,0.2937217354774475,0.2371113896369934,0.16969400644302368,0.10810121148824692,0.09718675911426544
2024-03-03 01:37:01,사인츠 포디움 ㅅㅅㅅㅅㅅㅅㅅㅅ,- dc official App,After Lap,,사인츠 포디움 ㅅㅅㅅㅅㅅㅅㅅㅅ - dc official App,사인츠 포디움 ㅅㅅㅅㅅㅅㅅㅅㅅ - dc official App,0.6856101751327515,0.1146445944905281,0.0811908021569252,0.06043117493391037,0.022720012813806534,0.03540319576859474
2024-03-03 01:37:02,르끌도 사실상 포디움ㅋㅋㅋㅋㅋㅋ,,After Lap,,르끌도 사실상 포디움ㅋㅋㅋㅋㅋㅋ ,르끌도 사실상 포디움ㅋㅋㅋㅋㅋㅋ,0.47531023621559143,0.18188567459583282,0.13685978949069977,0.10781285911798477,0.048207271844148636,0.049924202263355255
2024-03-03 01:37:02,이새끼 좆같으면 개추❗+❗+,"그만해 씨발
- dc official App",After Lap,,"이새끼 좆같으면 개추❗+❗+ 그만해 씨발
- dc official App",이새끼 좆같으면 개추❗+❗+ 그만해 씨발,0.18505683541297913,0.15574051439762115,0.1186981275677681,0.325874000787735,0.04489454627037048,0.16973599791526794
2024-03-03 01:37:05,진짜 차 뜯어봐야 하는거 아니냐,어떻게 저리 빠르냐,After Lap,,진짜 차 뜯어봐야 하는거 아니냐 어떻게 저리 빠르냐,진짜 차 뜯어봐야 하는거 아니냐 어떻게 저리 빠르냐,0.11235160380601883,0.19822606444358826,0.32949602603912354,0.15086571872234344,0.13626299798488617,0.07279759645462036
2024-03-03 01:37:07,올해도 노잼이네,에혀,After Lap,,올해도 노잼이네 에혀,올해도 노잼이네 에혀,0.12409783899784088,0.27473580837249756,0.12684212625026703,0.20073725283145905,0.066448874771595,0.20713813602924347
2024-03-03 01:37:08,막가놈 막랩도 34초대네...,ㄷㄷㄷ,After Lap,,막가놈 막랩도 34초대네... ㄷㄷㄷ,막가놈 막랩도 34초대네... ㄷㄷㄷ,0.11165744811296463,0.21315205097198486,0.32081446051597595,0.14554063975811005,0.1354040950536728,0.07343128323554993
2024-03-03 01:37:11,방금 여자 누구냐???,???,After Lap,,방금 여자 누구냐??? ???,방금 여자 누구냐??? ???,0.1340845823287964,0.21201439201831818,0.3429914116859436,0.1310521513223648,0.11771813780069351,0.06213931739330292
2024-03-03 01:37:11,심플리러블리~,,After Lap,,심플리러블리~ ,심플리러블리~,0.7084417939186096,0.11185938119888306,0.06031640246510506,0.05400713160634041,0.02540871873497963,0.03996667265892029
2024-03-03 01:37:12,소프트 20랩은 진짜 경이롭네,그저 뉴이신,After Lap,,소프트 20랩은 진짜 경이롭네 그저 뉴이신,소프트 20랩은 진짜 경이롭네 그저 뉴이신,0.35180535912513733,0.21301981806755066,0.23523229360580444,0.08204678446054459,0.07620972394943237,0.04168600216507912
2024-03-03 01:37:13,ㅅㅂ 사인지 버리는게 맞냐?,해물탕 개 퇴물새끼네,After Lap,,ㅅㅂ 사인지 버리는게 맞냐? 해물탕 개 퇴물새끼네,ㅅㅂ 사인지 버리는게 맞냐? 해물탕 개 퇴물새끼네,0.11359155923128128,0.1782912015914917,0.15658283233642578,0.3100830316543579,0.05429505929350853,0.1871563047170639
2024-03-03 01:37:14,유키 피니시 라디오 빨리 올라왓으면 좋겟네,존나 궁금,After Lap,,유키 피니시 라디오 빨리 올라왓으면 좋겟네 존나 궁금,유키 피니시 라디오 빨리 올라왓으면 좋겟네 존나 궁금,0.43449318408966064,0.1914813071489334,0.19719266891479492,0.07867027819156647,0.05561538413167,0.04254719242453575
2024-03-03 01:37:15,츠노다 분노의 삐소리 장전중,씨발 안빠르잖아,After Lap,,츠노다 분노의 삐소리 장전중 씨발 안빠르잖아,츠노다 분노의 삐소리 장전중 씨발 안빠르잖아,0.11556863784790039,0.2641352415084839,0.13522562384605408,0.2684577405452728,0.07035422325134277,0.14625857770442963
2024-03-03 01:37:16,좆노잼씹드불강점기,씨발,After Lap,,좆노잼씹드불강점기 씨발,좆노잼씹드불강점기 씨발,0.14972412586212158,0.19489610195159912,0.10774001479148865,0.29769232869148254,0.0441228486597538,0.20582455396652222
2024-03-03 01:37:17,그냥 자러 가야겠다,24시즌 스킵 좀..,After Lap,,그냥 자러 가야겠다 24시즌 스킵 좀..,그냥 자러 가야겠다 24시즌 스킵 좀..,0.12778806686401367,0.3060624301433563,0.12589576840400696,0.17046596109867096,0.0653296485543251,0.2044581025838852
2024-03-03 01:37:19,놀라운 사실,"네덜란드 국가를 들었지만
내일이 일요일이라는 사실
- dc official App",After Lap,,"놀라운 사실 네덜란드 국가를 들었지만
내일이 일요일이라는 사실
- dc official App",놀라운 사실 네덜란드 국가를 들었지만 내일이 일요일이라는 사실,0.230692520737648,0.2216053456068039,0.2899043560028076,0.10511612147092819,0.10316215455532074,0.049519531428813934
2024-03-03 01:37:21,뭔 그리드 절반이 백마커냐?,레전드네 진짜,After Lap,,뭔 그리드 절반이 백마커냐? 레전드네 진짜,뭔 그리드 절반이 백마커냐? 레전드네 진짜,0.22905221581459045,0.20239178836345673,0.315036416053772,0.10718566179275513,0.10207091271877289,0.04426298290491104
2024-03-03 01:37:23,대런 유키는 대체 왜 바꾼거냐?,"뭔 의미가 있는 전략임 저게?
- dc official App",After Lap,,"대런 유키는 대체 왜 바꾼거냐? 뭔 의미가 있는 전략임 저게?
- dc official App",대런 유키는 대체 왜 바꾼거냐? 뭔 의미가 있는 전략임 저게?,0.07449062168598175,0.29831868410110474,0.22673170268535614,0.16868926584720612,0.05837034434080124,0.17339937388896942
2024-03-03 01:37:28,2025년 진짜 언제오냐,"이번 시즌도 작년이랑 비슷할거 같은데
- dc official App",After Lap,,"2025년 진짜 언제오냐 이번 시즌도 작년이랑 비슷할거 같은데
- dc official App",2025년 진짜 언제오냐 이번 시즌도 작년이랑 비슷할거 같은데,0.12976334989070892,0.2709330916404724,0.27026116847991943,0.10912668704986572,0.10154782980680466,0.11836783587932587
2024-03-03 01:37:31,막스 이제 슬슬 우승 멘트 떨어졌네,할 말 엊ㅅ지 너도??,After Lap,,막스 이제 슬슬 우승 멘트 떨어졌네 할 말 엊ㅅ지 너도??,막스 이제 슬슬 우승 멘트 떨어졌네 할 말 엊ㅅ지 너도??,0.06619389355182648,0.27712056040763855,0.2564883530139923,0.14768847823143005,0.10327038913965225,0.14923831820487976
2024-03-03 01:37:32,저기 경기장 미국임?,,After Lap,,저기 경기장 미국임? ,저기 경기장 미국임?,0.1774398386478424,0.2103864997625351,0.3490069508552551,0.10780052840709686,0.10193237662315369,0.05343380942940712
2024-03-03 01:37:32,소프트 20랩을 진짜하네,,After Lap,,소프트 20랩을 진짜하네 ,소프트 20랩을 진짜하네,0.21137140691280365,0.2131839543581009,0.3177782893180847,0.10544425249099731,0.10418366640806198,0.04803837463259697
2024-03-03 01:37:33,호너햄ㅋㅋ,,After Lap,,호너햄ㅋㅋ ,호너햄ㅋㅋ,0.7198225855827332,0.10453717410564423,0.06030622497200966,0.05474553629755974,0.02399790845811367,0.036590542644262314
2024-03-03 01:37:34,너무 개쌥노잼이다,"보다가 졸았다
- dc official App",After Lap,,"너무 개쌥노잼이다 보다가 졸았다
- dc official App",너무 개쌥노잼이다 보다가 졸았다,0.13342894613742828,0.31359145045280457,0.1463385373353958,0.18161648511886597,0.051649995148181915,0.17337468266487122
2024-03-03 01:37:35,사장님 등장ㄷㄷ,,After Lap,,사장님 등장ㄷㄷ ,사장님 등장ㄷㄷ,0.18801303207874298,0.19889657199382782,0.33042266964912415,0.11650548130273819,0.11644980311393738,0.04971246048808098
2024-03-03 01:37:37,범죄불 소프트 끝까지 안 뒤지는거 보고 정신을 잃었다,좆병신노잼 레이스,After Lap,,범죄불 소프트 끝까지 안 뒤지는거 보고 정신을 잃었다 좆병신노잼 레이스,범죄불 소프트 끝까지 안 뒤지는거 보고 정신을 잃었다 좆병신노잼 레이스,0.10996023565530777,0.2519184648990631,0.15475627779960632,0.25074759125709534,0.06961844116449356,0.16299894452095032
2024-03-03 01:37:42,"""어 형이야""","""형은 이번에도
거품새끼 똥꼬따고
포디엄을 먹었어""",After Lap,,"""어 형이야"" ""형은 이번에도
거품새끼 똥꼬따고
포디엄을 먹었어""","""어 형이야"" ""형은 이번에도 거품새끼 똥꼬따고 포디엄을 먹었어""",0.21242305636405945,0.30275091528892517,0.14390946924686432,0.1498086005449295,0.08770903199911118,0.103398896753788
2024-03-03 01:37:44,노포인트는 죄다 백마커 당했냐 ㅋㅋ,"앞으로 막스한테 추월당한다=노포인트
기억하세요 ㅋㅋ",After Lap,,"노포인트는 죄다 백마커 당했냐 ㅋㅋ 앞으로 막스한테 추월당한다=노포인트
기억하세요 ㅋㅋ",노포인트는 죄다 백마커 당했냐 ㅋㅋ 앞으로 막스한테 추월당한다=노포인트 기억하세요 ㅋㅋ,0.09867300093173981,0.2725599408149719,0.22078396379947662,0.19404689967632294,0.11757020652294159,0.09636598825454712
2024-03-03 01:37:45,눈치 있으면 작작 처밟아;;,시발아,After Lap,,눈치 있으면 작작 처밟아;; 시발아,눈치 있으면 작작 처밟아;; 시발아,0.1437990963459015,0.1733725666999817,0.12378934025764465,0.33630815148353577,0.04335997998714447,0.17937088012695312
2024-03-03 01:37:45,20바퀴 가까이 달린 소프트타이어로 양보해달라는건 ㄹㅇ 존나 추했다,리카도는 걍 본질 인터뷰나 해라...,After Lap,,20바퀴 가까이 달린 소프트타이어로 양보해달라는건 ㄹㅇ 존나 추했다 리카도는 걍 본질 인터뷰나 해라...,20바퀴 가까이 달린 소프트타이어로 양보해달라는건 ㄹㅇ 존나 추했다 리카도는 걍 본질 인터뷰나 해라...,0.07873359322547913,0.21550564467906952,0.18919195234775543,0.2681971490383148,0.07242550700902939,0.17594607174396515
2024-03-03 01:37:48,몽골 지도 좆노잼이노 ㅋㅋ,,After Lap,,몽골 지도 좆노잼이노 ㅋㅋ ,몽골 지도 좆노잼이노 ㅋㅋ,0.11663255095481873,0.31224843859672546,0.17712977528572083,0.1876295804977417,0.06892738491296768,0.1374322921037674
2024-03-03 01:37:53,사인지 거르고 해물탕ㅋㅋㅋㅋㅋㅋㅋㅋㅋㅋㅋㅋㅋ,"전략팀도 병신이고 슈퍼컴도 병신이고 제대로된게 뭐냐?
좆라리 씨발련들아!!!!",After Lap,,"사인지 거르고 해물탕ㅋㅋㅋㅋㅋㅋㅋㅋㅋㅋㅋㅋㅋ 전략팀도 병신이고 슈퍼컴도 병신이고 제대로된게 뭐냐?
좆라리 씨발련들아!!!!",사인지 거르고 해물탕ㅋㅋㅋㅋㅋㅋㅋㅋㅋㅋㅋㅋㅋ 전략팀도 병신이고 슈퍼컴도 병신이고 제대로된게 뭐냐? 좆라리 씨발련들아!!!!,0.08657768368721008,0.2104962021112442,0.15380805730819702,0.27320268750190735,0.04308135062456131,0.23283393681049347
2024-03-03 01:37:56,포 디움인데 르끌레 4등이니까 시상식 들어가는거지 ?,"역시 우리 르끌레 ㅋㅋ
- dc official App",After Lap,,"포 디움인데 르끌레 4등이니까 시상식 들어가는거지 ? 역시 우리 르끌레 ㅋㅋ
- dc official App",포 디움인데 르끌레 4등이니까 시상식 들어가는거지 ? 역시 우리 르끌레 ㅋㅋ,0.5153550505638123,0.1773613691329956,0.14098678529262543,0.06803380697965622,0.06353751569986343,0.034725531935691833
2024-03-03 01:38:00,야이 쓰발람아 ㅋㅋ,"아까 체코 포디움에 오르면 싸이버거 쏜다는새끼 귀신같이 삭제하고 튀노
- dc official App",After Lap,,"야이 쓰발람아 ㅋㅋ 아까 체코 포디움에 오르면 싸이버거 쏜다는새끼 귀신같이 삭제하고 튀노
- dc official App",야이 쓰발람아 ㅋㅋ 아까 체코 포디움에 오르면 싸이버거 쏜다는새끼 귀신같이 삭제하고 튀노,0.12298431247472763,0.22893907129764557,0.13246247172355652,0.2975045144557953,0.05857663229107857,0.15953297913074493
2024-03-03 01:38:04,막스는 좋아하긴 하는거냐ㅋㅋㅋㅋㅋ,담담 그 자체,After Lap,,막스는 좋아하긴 하는거냐ㅋㅋㅋㅋㅋ 담담 그 자체,막스는 좋아하긴 하는거냐ㅋㅋㅋㅋㅋ 담담 그 자체,0.20443101227283478,0.3126283288002014,0.22657115757465363,0.09152851998806,0.09623356908559799,0.06860750168561935
2024-03-03 01:38:04,개빡쳐서 안되겠다 호카스 뿌린다,왜 클릭?,After Lap,,개빡쳐서 안되겠다 호카스 뿌린다 왜 클릭?,개빡쳐서 안되겠다 호카스 뿌린다 왜 클릭?,0.1638811230659485,0.21110744774341583,0.10055574029684067,0.31215783953666687,0.03821377828717232,0.17408400774002075
2024-03-03 01:38:04,진정한 퍼스트가 포디움에 오르는군,페이크 퍼스트는 웁니다,After Lap,,진정한 퍼스트가 포디움에 오르는군 페이크 퍼스트는 웁니다,진정한 퍼스트가 포디움에 오르는군 페이크 퍼스트는 웁니다,0.19071267545223236,0.2684265375137329,0.12684080004692078,0.14534339308738708,0.07852648198604584,0.19015011191368103
2024-03-03 01:38:07,아무리 봐도 리카도는 타이어 교체 조금 더 늦게 했어야 한거같음,소프트로 20랩을 굴려버리는건 너무한거 아니노,After Lap,,아무리 봐도 리카도는 타이어 교체 조금 더 늦게 했어야 한거같음 소프트로 20랩을 굴려버리는건 너무한거 아니노,아무리 봐도 리카도는 타이어 교체 조금 더 늦게 했어야 한거같음 소프트로 20랩을 굴려버리는건 너무한거 아니노,0.0740777850151062,0.28213733434677124,0.2201412469148636,0.18704766035079956,0.08774055540561676,0.14885540306568146
2024-03-03 01:38:15,하 페라리,"진짜 르끌한테 대가리 박아라 시발새끼들아
- dc official App",After Lap,,"하 페라리 진짜 르끌한테 대가리 박아라 시발새끼들아
- dc official App",하 페라리 진짜 르끌한테 대가리 박아라 시발새끼들아,0.1378621906042099,0.15475568175315857,0.12850405275821686,0.3411337733268738,0.047974225133657455,0.18977007269859314
2024-03-03 01:38:25,앞으로 막스 우승할때마다 갤에 할카스 뿌린다,꼬우면 막스 우승 막으셈,After Lap,,앞으로 막스 우승할때마다 갤에 할카스 뿌린다 꼬우면 막스 우승 막으셈,앞으로 막스 우승할때마다 갤에 할카스 뿌린다 꼬우면 막스 우승 막으셈,0.18830782175064087,0.20150141417980194,0.15318188071250916,0.2673119008541107,0.07170988619327545,0.11798707395792007
2024-03-03 01:38:27,개막부터 폴+원투피니시+패랩 클린스윕 ㅋㅋ,시즌 훤하노 ㅋㅋㅋ,After Lap,,개막부터 폴+원투피니시+패랩 클린스윕 ㅋㅋ 시즌 훤하노 ㅋㅋㅋ,개막부터 폴+원투피니시+패랩 클린스윕 ㅋㅋ 시즌 훤하노 ㅋㅋㅋ,0.6925358176231384,0.11731159687042236,0.07317318767309189,0.058263301849365234,0.025993850082159042,0.03272213786840439
2024-03-03 01:38:29,대문 왜 이따구임?,"짤로 쓰는거는 그려러니 하는데
대문이 이런사진인게 맞나?",After Lap,,"대문 왜 이따구임? 짤로 쓰는거는 그려러니 하는데
대문이 이런사진인게 맞나?",대문 왜 이따구임? 짤로 쓰는거는 그려러니 하는데 대문이 이런사진인게 맞나?,0.08065582066774368,0.2715643048286438,0.19316159188747406,0.20557650923728943,0.0577661506831646,0.19127564132213593
2024-03-03 01:38:34,ㅈ병신,"하드, 소프트 롱런 좋으면 뭐하노 ㅆㅂ",After Lap,,"ㅈ병신 하드, 소프트 롱런 좋으면 뭐하노 ㅆㅂ","ㅈ병신 하드, 소프트 롱런 좋으면 뭐하노 ㅆㅂ",0.11490337550640106,0.23466777801513672,0.12859350442886353,0.2615106701850891,0.03971622511744499,0.22060845792293549
2024-03-03 01:38:37,사전트 우승 북딱슨 2위 ㅅㅅㅅㅅㅅㅅㅅㅅㅅㅅㅅㅅㅅㅅ,ㅇㅇ,After Lap,,사전트 우승 북딱슨 2위 ㅅㅅㅅㅅㅅㅅㅅㅅㅅㅅㅅㅅㅅㅅ ㅇㅇ,사전트 우승 북딱슨 2위 ㅅㅅㅅㅅㅅㅅㅅㅅㅅㅅㅅㅅㅅㅅ ㅇㅇ,0.7130736112594604,0.11491819471120834,0.05609647184610367,0.05350960046052933,0.02446187473833561,0.037940170615911484
2024-03-03 01:38:45,희대의 웃음벨이면 개추,"엌ㅋㅋㅋㅋㅋㅋㅋㅋㅋ
- dc official App",After Lap,,"희대의 웃음벨이면 개추 엌ㅋㅋㅋㅋㅋㅋㅋㅋㅋ
- dc official App",희대의 웃음벨이면 개추 엌ㅋㅋㅋㅋㅋㅋㅋㅋㅋ,0.7041533589363098,0.11291459202766418,0.07109677046537399,0.0552552193403244,0.02496282011270523,0.03161720186471939
2024-03-03 01:38:46,올해 다시보기 시작했는데 이거 맞냐 ㅋㅋ,옛날 해물탕하는짓 보던거랑 사람이랑 팀만 바꼈지 머가다름 ㅋㅋ;,After Lap,,올해 다시보기 시작했는데 이거 맞냐 ㅋㅋ 옛날 해물탕하는짓 보던거랑 사람이랑 팀만 바꼈지 머가다름 ㅋㅋ;,올해 다시보기 시작했는데 이거 맞냐 ㅋㅋ 옛날 해물탕하는짓 보던거랑 사람이랑 팀만 바꼈지 머가다름 ㅋㅋ;,0.07261871546506882,0.3072144091129303,0.19401107728481293,0.1780431866645813,0.06005347892642021,0.18805910646915436
2024-03-03 01:38:49,막스 시발련아 니도 재미없지 ㅋㅋㅋㅋㅋ,라스베가스때랑 존나 차이나노 ㅋㅋㅋㅋㅋ,After Lap,,막스 시발련아 니도 재미없지 ㅋㅋㅋㅋㅋ 라스베가스때랑 존나 차이나노 ㅋㅋㅋㅋㅋ,막스 시발련아 니도 재미없지 ㅋㅋㅋㅋㅋ 라스베가스때랑 존나 차이나노 ㅋㅋㅋㅋㅋ,0.10302980244159698,0.27957478165626526,0.1849304884672165,0.2177663892507553,0.08125904202461243,0.13343949615955353
2024-03-03 01:38:49,사인지 dodㅅㅅ,,After Lap,,사인지 dodㅅㅅ ,사인지 dodㅅㅅ,0.6506587266921997,0.12286107987165451,0.10305021703243256,0.06024990603327751,0.029210172593593597,0.03396998345851898
2024-03-03 01:38:52,황인지 DOD ㅅㅅㅅㅅㅅ,"너, 자격있어",After Lap,,"황인지 DOD ㅅㅅㅅㅅㅅ 너, 자격있어","황인지 DOD ㅅㅅㅅㅅㅅ 너, 자격있어",0.683934211730957,0.12015967071056366,0.06544201821088791,0.05383945256471634,0.03357293829321861,0.04305180162191391
2024-03-03 01:38:55,레드불 원투 ㅊㅋ,굿,After Lap,,레드불 원투 ㅊㅋ 굿,레드불 원투 ㅊㅋ 굿,0.7056999802589417,0.11216909438371658,0.061289407312870026,0.05349462106823921,0.02772824466228485,0.03961867094039917
2024-03-03 01:38:56,???:소프트로 20렙을 못돌았다고?,왜?,After Lap,,???:소프트로 20렙을 못돌았다고? 왜?,???:소프트로 20렙을 못돌았다고? 왜?,0.09827646613121033,0.21810688078403473,0.3460133969783783,0.13726986944675446,0.11375601589679718,0.08657735586166382
2024-03-03 01:38:56,벌써 이번 시즌 노잼이면 개추 ㅋㅋㅋㅋㅋㅋㅋㅋㅋㅋㅋㅋㅋㅋㅋㅋㅋㅋㅋㅋ,ㅋㅋㅋㅋㅋㅋㅋㅋㅋㅋㅋㅋㅋㅋㅋㅋㅋㅋ,After Lap,,벌써 이번 시즌 노잼이면 개추 ㅋㅋㅋㅋㅋㅋㅋㅋㅋㅋㅋㅋㅋㅋㅋㅋㅋㅋㅋㅋ ㅋㅋㅋㅋㅋㅋㅋㅋㅋㅋㅋㅋㅋㅋㅋㅋㅋㅋ,벌써 이번 시즌 노잼이면 개추 ㅋㅋㅋㅋㅋㅋㅋㅋㅋㅋㅋㅋㅋㅋㅋㅋㅋㅋㅋㅋ ㅋㅋㅋㅋㅋㅋㅋㅋㅋㅋㅋㅋㅋㅋㅋㅋㅋㅋ,0.24479986727237701,0.27632394433021545,0.12630395591259003,0.18343284726142883,0.06516226381063461,0.10397712141275406
2024-03-03 01:38:56,네덜란드 국가 듣고 자야겠노,올핸 몇번 들으려나 ㅅㅂㅋㅋㅋㅋㅋ,After Lap,,네덜란드 국가 듣고 자야겠노 올핸 몇번 들으려나 ㅅㅂㅋㅋㅋㅋㅋ,네덜란드 국가 듣고 자야겠노 올핸 몇번 들으려나 ㅅㅂㅋㅋㅋㅋㅋ,0.17979571223258972,0.30265671014785767,0.12404124438762665,0.18640439212322235,0.07646689563989639,0.13063505291938782
2024-03-03 01:38:59,리카도 평가 떨어지는 소리가 들린다~~~~~~~~~,잘가라 잇몸 원툴,After Lap,,리카도 평가 떨어지는 소리가 들린다~~~~~~~~~ 잘가라 잇몸 원툴,리카도 평가 떨어지는 소리가 들린다~~~~~~~~~ 잘가라 잇몸 원툴,0.22519826889038086,0.2705141305923462,0.15200981497764587,0.14029176533222198,0.09993299096822739,0.1120530441403389
2024-03-03 01:38:59,사인지 dod도르 ㅋㅋ,,After Lap,,사인지 dod도르 ㅋㅋ ,사인지 dod도르 ㅋㅋ,0.600689709186554,0.1520172655582428,0.11505472660064697,0.06859143078327179,0.03063986264169216,0.03300699219107628
2024-03-03 01:38:59,실시간 좆된 새끼,저런 사인츠를 내보내고 1400억에 퇴물 사오는 똥라리,After Lap,,실시간 좆된 새끼 저런 사인츠를 내보내고 1400억에 퇴물 사오는 똥라리,실시간 좆된 새끼 저런 사인츠를 내보내고 1400억에 퇴물 사오는 똥라리,0.07281290739774704,0.20297735929489136,0.21911492943763733,0.2451850175857544,0.0791560485959053,0.18075372278690338
2024-03-03 01:39:00,맥라렌 이정도면 만족함,"차하고 궁합 안맞고 그라운드이펙트 들어오고 좆박기만 하던 곳에수 메르하고 비빈거 생각하면 이번시즌 메르하고 배틀 볼만할듯
Mclaren F1 team 2007~",After Lap,,"맥라렌 이정도면 만족함 차하고 궁합 안맞고 그라운드이펙트 들어오고 좆박기만 하던 곳에수 메르하고 비빈거 생각하면 이번시즌 메르하고 배틀 볼만할듯
Mclaren F1 team 2007~",맥라렌 이정도면 만족함 차하고 궁합 안맞고 그라운드이펙트 들어오고 좆박기만 하던 곳에수 메르하고 비빈거 생각하면 이번시즌 메르하고 배틀 볼만할듯 Mclaren F1 team 2007~,0.5145600438117981,0.1627146303653717,0.11035957932472229,0.08103859424591064,0.06322511285543442,0.06810204684734344
2024-03-03 01:39:05,방금 병신 라디오에 호너시장임?,흠,After Lap,,방금 병신 라디오에 호너시장임? 흠,방금 병신 라디오에 호너시장임? 흠,0.18286685645580292,0.23080432415008545,0.3301219046115875,0.09942442178726196,0.09436333179473877,0.06241912022233009
2024-03-03 01:39:13,라마단 << 이새끼 때문에 꿀잠 쌉가능,"출근 안하니까 개좋네 ㅋㅋㅋㅋㅋㅋㅋㅋㅋㅋㅋㅋㅋㅋ
담주도 라마단섹스 ㅅㅅㅅㅅㅅㅅ",After Lap,,"라마단 << 이새끼 때문에 꿀잠 쌉가능 출근 안하니까 개좋네 ㅋㅋㅋㅋㅋㅋㅋㅋㅋㅋㅋㅋㅋㅋ
담주도 라마단섹스 ㅅㅅㅅㅅㅅㅅ",라마단 << 이새끼 때문에 꿀잠 쌉가능 출근 안하니까 개좋네 ㅋㅋㅋㅋㅋㅋㅋㅋㅋㅋㅋㅋㅋㅋ 담주도 라마단섹스 ㅅㅅㅅㅅㅅㅅ,0.6889037489891052,0.11132467538118362,0.05762885510921478,0.06831692159175873,0.02483082376420498,0.048994988203048706
2024-03-03 01:39:14,내년은 다르겟지,- dc official App,After Lap,,내년은 다르겟지 - dc official App,내년은 다르겟지 - dc official App,0.3546696901321411,0.21905925869941711,0.21446624398231506,0.07995133846998215,0.06254073977470398,0.0693126767873764
2024-03-03 01:39:18,와 이렇게 재미없을수가,와,After Lap,,와 이렇게 재미없을수가 와,와 이렇게 재미없을수가 와,0.10552525520324707,0.3120611906051636,0.2185443639755249,0.15924154222011566,0.08412909507751465,0.12049856036901474
2024-03-03 01:39:18,페레즈가 2등인거보니 뉴이신 미친차를 만든게 분명함,"ㄹㅇ..
- dc official App",After Lap,,"페레즈가 2등인거보니 뉴이신 미친차를 만든게 분명함 ㄹㅇ..
- dc official App",페레즈가 2등인거보니 뉴이신 미친차를 만든게 분명함 ㄹㅇ..,0.07214856147766113,0.2344013899564743,0.28203824162483215,0.1883091926574707,0.11979804933071136,0.10330459475517273
2024-03-03 01:39:21,그러고보니 막가놈 오늘 라디오로 징징대는 거 안 들린 것 같은데,"작년에 크루징 할 때도 맨날 라디오 켜고
""씨발 엉덩이가 아파 개새끼들아"" 이지랄 해서
막징징 듣기 좆같았던 뉴이신이 RB20을 시몬스침대로 만들어와서 막가놈 200% 만족한듯",After Lap,,"그러고보니 막가놈 오늘 라디오로 징징대는 거 안 들린 것 같은데 작년에 크루징 할 때도 맨날 라디오 켜고
""씨발 엉덩이가 아파 개새끼들아"" 이지랄 해서
막징징 듣기 좆같았던 뉴이신이 RB20을 시몬스침대로 만들어와서 막가놈 200% 만족한듯","그러고보니 막가놈 오늘 라디오로 징징대는 거 안 들린 것 같은데 작년에 크루징 할 때도 맨날 라디오 켜고 ""씨발 엉덩이가 아파 개새끼들아"" 이지랄 해서 막징징 듣기 좆같았던 뉴이신이 RB20을 시몬스침대로 만들어와서 막가놈 200% 만족한듯",0.24689699709415436,0.21149086952209473,0.13112683594226837,0.1826663762331009,0.09493821114301682,0.13288070261478424
2024-03-03 01:39:20,사인츠 5번째 dod인가,6번짼가,After Lap,,사인츠 5번째 dod인가 6번짼가,사인츠 5번째 dod인가 6번짼가,0.3032011389732361,0.24595940113067627,0.240102618932724,0.09805110096931458,0.050335027277469635,0.06235070899128914
2024-03-03 01:39:24,르클 초반 억까 아니었으면,몰랐겠는데??,After Lap,,르클 초반 억까 아니었으면 몰랐겠는데??,르클 초반 억까 아니었으면 몰랐겠는데??,0.08601583540439606,0.25952476263046265,0.3331303894519806,0.1387680172920227,0.09585843980312347,0.08670259267091751
2024-03-03 01:39:33,사인트 dod 입갤,사인츠는 퍼스트다,After Lap,,사인트 dod 입갤 사인츠는 퍼스트다,사인트 dod 입갤 사인츠는 퍼스트다,0.5056604743003845,0.17779749631881714,0.14814592897891998,0.08203784376382828,0.03685091808438301,0.04950730502605438
2024-03-03 01:39:35,하스 올해 기대된다 이기,"일단 윌리엄스, 알비, 알핀보다는 위
- dc official App",After Lap,,"하스 올해 기대된다 이기 일단 윌리엄스, 알비, 알핀보다는 위
- dc official App","하스 올해 기대된다 이기 일단 윌리엄스, 알비, 알핀보다는 위",0.5934602618217468,0.1571841686964035,0.11285727471113205,0.064582459628582,0.036193013191223145,0.03572281450033188
2024-03-03 01:39:36,막스 타이어 남아있노 ㅋㅋㅋㅋㅋ,미친놈인가,After Lap,,막스 타이어 남아있노 ㅋㅋㅋㅋㅋ 미친놈인가,막스 타이어 남아있노 ㅋㅋㅋㅋㅋ 미친놈인가,0.14903178811073303,0.22401638329029083,0.2929624319076538,0.14714883267879486,0.12779463827610016,0.05904597416520119
2024-03-03 01:39:37,형 오늘은 좀 탔다?,바쿠에서 보자,After Lap,,형 오늘은 좀 탔다? 바쿠에서 보자,형 오늘은 좀 탔다? 바쿠에서 보자,0.5757323503494263,0.16037896275520325,0.10904274135828018,0.06059259921312332,0.04561672732234001,0.04863663762807846
2024-03-03 01:39:37,와 타이어 긁혀있는거 다보이니,,After Lap,,와 타이어 긁혀있는거 다보이니 ,와 타이어 긁혀있는거 다보이니,0.10488878190517426,0.19991761445999146,0.2938249707221985,0.1905866414308548,0.11628013849258423,0.09450185298919678
2024-03-03 01:39:45,막스 식중독 안 걸리냐?,"뭐 코로나나 병 같은거라도 걸려주면 안 됨?
- dc official App",After Lap,,"막스 식중독 안 걸리냐? 뭐 코로나나 병 같은거라도 걸려주면 안 됨?
- dc official App",막스 식중독 안 걸리냐? 뭐 코로나나 병 같은거라도 걸려주면 안 됨?,0.10643699765205383,0.21132779121398926,0.2621084153652191,0.14675450325012207,0.11066809296607971,0.16270412504673004
2024-03-03 01:39:57,물탕견들 이악물고 노잼 외치는중 ㅋㅋㅋ,병신들 느그 강점기땐 더노잼인건 고려 안하노? ㅋㅋㅋㅋㅋㅋㅋㅋㅋㅋㅋㅋㅋ,After Lap,,물탕견들 이악물고 노잼 외치는중 ㅋㅋㅋ 병신들 느그 강점기땐 더노잼인건 고려 안하노? ㅋㅋㅋㅋㅋㅋㅋㅋㅋㅋㅋㅋㅋ,물탕견들 이악물고 노잼 외치는중 ㅋㅋㅋ 병신들 느그 강점기땐 더노잼인건 고려 안하노? ㅋㅋㅋㅋㅋㅋㅋㅋㅋㅋㅋㅋㅋ,0.1038033738732338,0.19396650791168213,0.1888124793767929,0.29687610268592834,0.07205063849687576,0.14449089765548706
2024-03-03 01:40:02,내년 페라리 = 각 팀 세컨 ㅋㅋㅋㅋ,ㅋㅋㅋㅋ,After Lap,,내년 페라리 = 각 팀 세컨 ㅋㅋㅋㅋ ㅋㅋㅋㅋ,내년 페라리 = 각 팀 세컨 ㅋㅋㅋㅋ ㅋㅋㅋㅋ,0.6170066595077515,0.14012271165847778,0.09440509974956512,0.07878652215003967,0.031195921823382378,0.03848305717110634
2024-03-03 01:40:02,미국에는 라마단 없음?,"문제는 미국이야...
난 실시간을 원한다고...!!
- dc official App",After Lap,,"미국에는 라마단 없음? 문제는 미국이야...
난 실시간을 원한다고...!!
- dc official App",미국에는 라마단 없음? 문제는 미국이야... 난 실시간을 원한다고...!!,0.0983324944972992,0.3384215533733368,0.14836490154266357,0.18218091130256653,0.07412836700677872,0.15857186913490295
2024-03-03 01:40:09,르노 저럴거면 엔진이나 터지지,"+ dc official App
왜 터져야할때 안터지고 안터져야 할때 터지냐
- dc official App",After Lap,,"르노 저럴거면 엔진이나 터지지 + dc official App
왜 터져야할때 안터지고 안터져야 할때 터지냐
- dc official App",르노 저럴거면 엔진이나 터지지 + dc official App 왜 터져야할때 안터지고 안터져야 할때 터지냐,0.11476729065179825,0.2682051956653595,0.13046184182167053,0.21547390520572662,0.030789829790592194,0.24030199646949768
2024-03-03 01:40:12,해쳐먹을거면 세레머니라도 다양하게 해봐,이 씨발롬아,After Lap,,해쳐먹을거면 세레머니라도 다양하게 해봐 이 씨발롬아,해쳐먹을거면 세레머니라도 다양하게 해봐 이 씨발롬아,0.14240726828575134,0.18740032613277435,0.12029505521059036,0.3247106373310089,0.03972838819026947,0.18545833230018616
2024-03-03 01:40:17,팩트)츠노다가 일찍 비켰어도 못뚫었다.,굳이 긁어 부스럼 만들었네,After Lap,,팩트)츠노다가 일찍 비켰어도 못뚫었다. 굳이 긁어 부스럼 만들었네,팩트)츠노다가 일찍 비켰어도 못뚫었다. 굳이 긁어 부스럼 만들었네,0.07010124623775482,0.27220651507377625,0.2586422860622406,0.17011067271232605,0.09261488914489746,0.13632436096668243
2024-03-03 01:40:19,막스 사진 잘나오누,굿,After Lap,,막스 사진 잘나오누 굿,막스 사진 잘나오누 굿,0.6568748354911804,0.1375991851091385,0.07873798906803131,0.05378889665007591,0.03389101102948189,0.039108145982027054
2024-03-03 01:40:24,페라리의 더블 포디움을 축하합니다,ㅊㅋㅊㅋ,After Lap,,페라리의 더블 포디움을 축하합니다 ㅊㅋㅊㅋ,페라리의 더블 포디움을 축하합니다 ㅊㅋㅊㅋ,0.7072864174842834,0.11738388240337372,0.060803357511758804,0.05290747061371803,0.02612171694636345,0.03549715504050255
2024-03-03 01:40:31,이번시즌 좆노잼인거 벌써부터 보이면 개추ㅋㅋㅋ,- dc official App,After Lap,,이번시즌 좆노잼인거 벌써부터 보이면 개추ㅋㅋㅋ - dc official App,이번시즌 좆노잼인거 벌써부터 보이면 개추ㅋㅋㅋ - dc official App,0.16373926401138306,0.2582685649394989,0.16055330634117126,0.2071826010942459,0.07961030304431915,0.13064593076705933
2024-03-03 01:40:46,내년 페라리 팀 라디오 존나 기대되긴 하네,"첫 날부터 휠락이 어쩌고 의자 박살남 저쩌고 하는데
저런 징징이들에 페라리 전략팀이 위 아 째낑하면 시발 ㅋㅋ
- dc official App",After Lap,,"내년 페라리 팀 라디오 존나 기대되긴 하네 첫 날부터 휠락이 어쩌고 의자 박살남 저쩌고 하는데
저런 징징이들에 페라리 전략팀이 위 아 째낑하면 시발 ㅋㅋ
- dc official App",내년 페라리 팀 라디오 존나 기대되긴 하네 첫 날부터 휠락이 어쩌고 의자 박살남 저쩌고 하는데 저런 징징이들에 페라리 전략팀이 위 아 째낑하면 시발 ㅋㅋ,0.28083932399749756,0.19616344571113586,0.27275484800338745,0.09873678535223007,0.10538254678249359,0.046123165637254715
2024-03-03 01:40:50,메르 좆된거 같으면 개추 ㅋㅋㅋㅋㅋ,일단 나부터,After Lap,,메르 좆된거 같으면 개추 ㅋㅋㅋㅋㅋ 일단 나부터,메르 좆된거 같으면 개추 ㅋㅋㅋㅋㅋ 일단 나부터,0.2511797249317169,0.2703152894973755,0.15591874718666077,0.13661569356918335,0.08819904178380966,0.09777149558067322
2024-03-03 01:40:52,그래도 반가우면 개추 ㅋㅋ,"막스 크루징 모르겠고 걍 돌아와서 반가운 새끼 ㅋㅋ
- dc official App",After Lap,,"그래도 반가우면 개추 ㅋㅋ 막스 크루징 모르겠고 걍 돌아와서 반가운 새끼 ㅋㅋ
- dc official App",그래도 반가우면 개추 ㅋㅋ 막스 크루징 모르겠고 걍 돌아와서 반가운 새끼 ㅋㅋ,0.7044669389724731,0.11617966741323471,0.06020742654800415,0.051390450447797775,0.026613740250468254,0.041141852736473083
2024-03-03 01:40:54,사인츠버리고 해물탕 엌ㅋㅋㅋㅋㅋㅋㅋㅋㅋㅋㅋ,"씨발 ㅋㅋ
- dc official App",After Lap,,"사인츠버리고 해물탕 엌ㅋㅋㅋㅋㅋㅋㅋㅋㅋㅋㅋ 씨발 ㅋㅋ
- dc official App",사인츠버리고 해물탕 엌ㅋㅋㅋㅋㅋㅋㅋㅋㅋㅋㅋ 씨발 ㅋㅋ,0.18884986639022827,0.260655015707016,0.1421481817960739,0.23610970377922058,0.07544609904289246,0.0967910960316658
2024-03-03 01:41:24,걍 독주 막을라면 이거밖에 없다니까,다른 19명이 경기당 할당제 해서 어뢰로 차 부셔버려야함,After Lap,,걍 독주 막을라면 이거밖에 없다니까 다른 19명이 경기당 할당제 해서 어뢰로 차 부셔버려야함,걍 독주 막을라면 이거밖에 없다니까 다른 19명이 경기당 할당제 해서 어뢰로 차 부셔버려야함,0.1470101773738861,0.1408645361661911,0.14853182435035706,0.28583818674087524,0.05313938111066818,0.22461584210395813
2024-03-03 01:41:30,개막전부터 노리타인거 보니,개노잼 시즌 예약이노,After Lap,,개막전부터 노리타인거 보니 개노잼 시즌 예약이노,개막전부터 노리타인거 보니 개노잼 시즌 예약이노,0.09997411072254181,0.3097292184829712,0.17035527527332306,0.17312875390052795,0.06423582136631012,0.18257687985897064
2024-03-03 01:41:31,충격) 오늘 엪갤 개막전인데 실북 포디움 실패,4위로 마무리...,After Lap,,충격) 오늘 엪갤 개막전인데 실북 포디움 실패 4위로 마무리...,충격) 오늘 엪갤 개막전인데 실북 포디움 실패 4위로 마무리...,0.11521468311548233,0.25733810663223267,0.29772940278053284,0.1215737834572792,0.11961396038532257,0.08853010088205338
2024-03-03 01:41:40,"""어 그래그래 놀랍지만 사실이야""","""형은 내년에 시트가 없어""",After Lap,,"""어 그래그래 놀랍지만 사실이야"" ""형은 내년에 시트가 없어""","""어 그래그래 놀랍지만 사실이야"" ""형은 내년에 시트가 없어""",0.1263870894908905,0.2999710142612457,0.2629818618297577,0.10176615417003632,0.11946096271276474,0.08943294733762741
2024-03-03 01:41:41,앞으로 23번 더 틀거면 네덜란드 국가 리믹스 해와라 제발,DANCE WITH VERSTAPPEN REMIX 같은 거라도 가져오라고 제발,After Lap,,앞으로 23번 더 틀거면 네덜란드 국가 리믹스 해와라 제발 DANCE WITH VERSTAPPEN REMIX 같은 거라도 가져오라고 제발,앞으로 23번 더 틀거면 네덜란드 국가 리믹스 해와라 제발 DANCE WITH VERSTAPPEN REMIX 같은 거라도 가져오라고 제발,0.09233113378286362,0.25455442070961,0.1817082166671753,0.22691033780574799,0.04420555755496025,0.20029029250144958
2024-03-03 01:41:43,원투피니시보다 체코 20렙 소프트가 더 충격적임,"막스는 그렇다 치고
작년에 타이어관리 못해서 개지랄 났던 체코가",After Lap,,"원투피니시보다 체코 20렙 소프트가 더 충격적임 막스는 그렇다 치고
작년에 타이어관리 못해서 개지랄 났던 체코가",원투피니시보다 체코 20렙 소프트가 더 충격적임 막스는 그렇다 치고 작년에 타이어관리 못해서 개지랄 났던 체코가,0.09069915115833282,0.19600671529769897,0.3029414415359497,0.1844780445098877,0.10926748812198639,0.1166071891784668
2024-03-03 01:41:50,알핀 좆망ㅋㅋㅋ,,After Lap,,알핀 좆망ㅋㅋㅋ ,알핀 좆망ㅋㅋㅋ,0.10995776206254959,0.3127065896987915,0.14555959403514862,0.17709209024906158,0.06818277388811111,0.18650121986865997
2024-03-03 01:41:52,아 재미없네..,,After Lap,,아 재미없네.. ,아 재미없네..,0.14498372375965118,0.31466805934906006,0.13858580589294434,0.17977969348430634,0.05726779252290726,0.16471493244171143
2024-03-03 01:41:56,2025년 페라리 진짜 상상도 안됨 근데,"개물탕 애새끼 둘이서 존나 징징거리고
둘이 3,4등 자리 놓고 무전으로 개싸울듯",After Lap,,"2025년 페라리 진짜 상상도 안됨 근데 개물탕 애새끼 둘이서 존나 징징거리고
둘이 3,4등 자리 놓고 무전으로 개싸울듯","2025년 페라리 진짜 상상도 안됨 근데 개물탕 애새끼 둘이서 존나 징징거리고 둘이 3,4등 자리 놓고 무전으로 개싸울듯",0.08767098933458328,0.18518121540546417,0.2978809177875519,0.18445217609405518,0.13789600133895874,0.10691861808300018
2024-03-03 01:42:03,올해도 막스 우승일 거같으면 개추ㅋㅋ,.,After Lap,,올해도 막스 우승일 거같으면 개추ㅋㅋ .,올해도 막스 우승일 거같으면 개추ㅋㅋ .,0.6753220558166504,0.12483084201812744,0.07283701747655869,0.05546678230166435,0.03387453407049179,0.037668753415346146
2024-03-03 01:42:03,올해는 비자 집안싸움이나 봐야지 ㅋㅋ,,After Lap,,올해는 비자 집안싸움이나 봐야지 ㅋㅋ ,올해는 비자 집안싸움이나 봐야지 ㅋㅋ,0.20285244286060333,0.24999821186065674,0.13380374014377594,0.21595549583435059,0.06611745804548264,0.13127267360687256
2024-03-03 01:42:06,대런은 그냥 체코 포지션으로 레드불에 붙어있지,쓸데없이 런했다가 망했너 ㅋㅋㅋㅋ,After Lap,,대런은 그냥 체코 포지션으로 레드불에 붙어있지 쓸데없이 런했다가 망했너 ㅋㅋㅋㅋ,대런은 그냥 체코 포지션으로 레드불에 붙어있지 쓸데없이 런했다가 망했너 ㅋㅋㅋㅋ,0.08378453552722931,0.30071815848350525,0.25248509645462036,0.1601950079202652,0.09585567563772202,0.10696153342723846
2024-03-03 01:42:08,사인츠가 막스 르끌레보다 실력 좋은듯,"사인츠가 성능 똑같은 차 타면
막스나 르끌레 그냥 이기는거네
실력은 사인츠가 황제다",After Lap,,"사인츠가 막스 르끌레보다 실력 좋은듯 사인츠가 성능 똑같은 차 타면
막스나 르끌레 그냥 이기는거네
실력은 사인츠가 황제다",사인츠가 막스 르끌레보다 실력 좋은듯 사인츠가 성능 똑같은 차 타면 막스나 르끌레 그냥 이기는거네 실력은 사인츠가 황제다,0.19315414130687714,0.21062910556793213,0.30707770586013794,0.10846687853336334,0.12069864571094513,0.05997353792190552
2024-03-03 01:42:10,맥라렌팬으로써 작년대비 천지개벽 스타트ㅅㅅ,"6.7 피니쉬는 아쉽긴한데
포인트딴게어디ㅋㅋ",After Lap,,"맥라렌팬으로써 작년대비 천지개벽 스타트ㅅㅅ 6.7 피니쉬는 아쉽긴한데
포인트딴게어디ㅋㅋ",맥라렌팬으로써 작년대비 천지개벽 스타트ㅅㅅ 6.7 피니쉬는 아쉽긴한데 포인트딴게어디ㅋㅋ,0.5917460322380066,0.1509198397397995,0.07482606172561646,0.07637660205364227,0.04407616704702377,0.06205527111887932
2024-03-03 01:42:10,갤주님 등장ㄷㄷ,,After Lap,,갤주님 등장ㄷㄷ ,갤주님 등장ㄷㄷ,0.40632355213165283,0.18966889381408691,0.21852174401283264,0.07671608775854111,0.07209139317274094,0.03667829930782318
2024-03-03 01:42:16,혼란을 틈타 소신발언 하나 한다,"알핀븅신
- dc official App",After Lap,,"혼란을 틈타 소신발언 하나 한다 알핀븅신
- dc official App",혼란을 틈타 소신발언 하나 한다 알핀븅신,0.4246866703033447,0.19516399502754211,0.10683254152536392,0.13893839716911316,0.043988123536109924,0.09039027243852615
2024-03-03 01:42:23,근데 시즌 노잼이랑 별개로,개막전 이만큼 노잼인건 진짜 오랜만인거 같음 ㅋㅋㅋㅋㅋ,After Lap,,근데 시즌 노잼이랑 별개로 개막전 이만큼 노잼인건 진짜 오랜만인거 같음 ㅋㅋㅋㅋㅋ,근데 시즌 노잼이랑 별개로 개막전 이만큼 노잼인건 진짜 오랜만인거 같음 ㅋㅋㅋㅋㅋ,0.10036013275384903,0.31150245666503906,0.16585788130760193,0.18379254639148712,0.0688723474740982,0.16961456835269928
2024-03-03 01:42:26,갤주 인터뷰 등장,갤주님 반가워요,After Lap,,갤주 인터뷰 등장 갤주님 반가워요,갤주 인터뷰 등장 갤주님 반가워요,0.6427626013755798,0.14401234686374664,0.08762425184249878,0.05255217105150223,0.03378985822200775,0.03925878927111626
2024-03-03 01:42:25,쿨싸드햄 등판,,After Lap,,쿨싸드햄 등판 ,쿨싸드햄 등판,0.5516930818557739,0.14578799903392792,0.12841728329658508,0.08902767300605774,0.03757524490356445,0.047498807311058044
2024-03-03 01:42:27,근드불 20/20/20,"소20 (used)
하20
소20
미친년들 ㅋㅋㅋㅋㅋ",After Lap,,"근드불 20/20/20 소20 (used)
하20
소20
미친년들 ㅋㅋㅋㅋㅋ",근드불 20/20/20 소20 (used) 하20 소20 미친년들 ㅋㅋㅋㅋㅋ,0.32578298449516296,0.2121007889509201,0.15873201191425323,0.18010948598384857,0.06003893166780472,0.06323576718568802
2024-03-03 01:42:32,몽골 페라리였으면 페라리 우승 아님?,"레드불 팀메랑 20초 차이내는 놈인데
페라리 탔으면 최소 5초는 빨랐을거같고
5초면 병신 앞임.
그럼 우승맞잖아
페라리에서 증명해라 막스",After Lap,,"몽골 페라리였으면 페라리 우승 아님? 레드불 팀메랑 20초 차이내는 놈인데
페라리 탔으면 최소 5초는 빨랐을거같고
5초면 병신 앞임.
그럼 우승맞잖아
페라리에서 증명해라 막스",몽골 페라리였으면 페라리 우승 아님? 레드불 팀메랑 20초 차이내는 놈인데 페라리 탔으면 최소 5초는 빨랐을거같고 5초면 병신 앞임. 그럼 우승맞잖아 페라리에서 증명해라 막스,0.1163533478975296,0.17701202630996704,0.3393104374408722,0.17397667467594147,0.10697904974222183,0.08636846393346786
2024-03-03 01:42:33,강점기에 이은 또 다른 강점기라 진짜 역대급 노잼 시기다,F1 역대급 노잼 = V6,After Lap,,강점기에 이은 또 다른 강점기라 진짜 역대급 노잼 시기다 F1 역대급 노잼 = V6,강점기에 이은 또 다른 강점기라 진짜 역대급 노잼 시기다 F1 역대급 노잼 = V6,0.10491163283586502,0.24565811455249786,0.12653538584709167,0.24635829031467438,0.056210633367300034,0.22032593190670013
2024-03-03 01:42:39,ㅅㅂ 끝남?,3시 아니였어?,After Lap,,ㅅㅂ 끝남? 3시 아니였어?,ㅅㅂ 끝남? 3시 아니였어?,0.11113691329956055,0.329655259847641,0.14522992074489594,0.1923857033252716,0.05807529017329216,0.16351690888404846
2024-03-03 01:42:39,야 2등도 잘한거야,,After Lap,,야 2등도 잘한거야 ,야 2등도 잘한거야,0.4323461651802063,0.18778477609157562,0.14754469692707062,0.09807666391134262,0.07214822620153427,0.06209949776530266
2024-03-03 01:42:40,근데 미디엄은 왜 안 탄거야,"소하하 보단 소하미나 소미하 이런게 더 나은거 아님 ??
- dc official App",After Lap,,"근데 미디엄은 왜 안 탄거야 소하하 보단 소하미나 소미하 이런게 더 나은거 아님 ??
- dc official App",근데 미디엄은 왜 안 탄거야 소하하 보단 소하미나 소미하 이런게 더 나은거 아님 ??,0.08835739642381668,0.3268139660358429,0.2472132444381714,0.13565737009048462,0.06769317388534546,0.13426488637924194
2024-03-03 01:42:58,진지하게 막가놈 페라리 메르 차 타도 우승가능?,,After Lap,,진지하게 막가놈 페라리 메르 차 타도 우승가능? ,진지하게 막가놈 페라리 메르 차 타도 우승가능?,0.10231032222509384,0.20368269085884094,0.3332730531692505,0.1440315991640091,0.13804137706756592,0.07866093516349792
2024-03-03 01:43:00,하위권은 하스가 눈에 띈다,"작년이였으면 rb고 나발이고 그 밑에 알본한테도 잡혔을것 같은데
타이어쪽 강화 잘한듯
근데 차는 또 여전히 느린듯
- dc official App",After Lap,,"하위권은 하스가 눈에 띈다 작년이였으면 rb고 나발이고 그 밑에 알본한테도 잡혔을것 같은데
타이어쪽 강화 잘한듯
근데 차는 또 여전히 느린듯
- dc official App",하위권은 하스가 눈에 띈다 작년이였으면 rb고 나발이고 그 밑에 알본한테도 잡혔을것 같은데 타이어쪽 강화 잘한듯 근데 차는 또 여전히 느린듯,0.1268518567085266,0.3000464141368866,0.2615465223789215,0.12084442377090454,0.08741409331560135,0.10329663753509521
2024-03-03 01:43:06,야이 씨❗+발❗+년❗+들❗+아❗+❗+❗+❗+❗+❗+❗+❗+,뒤졌노 그냥,After Lap,,야이 씨❗+발❗+년❗+들❗+아❗+❗+❗+❗+❗+❗+❗+❗+ 뒤졌노 그냥,야이 씨❗+발❗+년❗+들❗+아❗+❗+❗+❗+❗+❗+❗+❗+ 뒤졌노 그냥,0.18005967140197754,0.16401201486587524,0.13980834186077118,0.306911438703537,0.04309313744306564,0.166115403175354
2024-03-03 01:43:11,그래도 자우버 작년보다 나은거같음,"아우디오면 탑5는 가능할거같음
- dc official App",After Lap,,"그래도 자우버 작년보다 나은거같음 아우디오면 탑5는 가능할거같음
- dc official App",그래도 자우버 작년보다 나은거같음 아우디오면 탑5는 가능할거같음,0.401792973279953,0.22984422743320465,0.13974978029727936,0.08265399187803268,0.05592046305537224,0.09003857523202896
2024-03-03 01:43:18,저새끼 운전 하기는 했냐,시발 행색이 경기 전에 사전 인터뷰 하는것같네,After Lap,,저새끼 운전 하기는 했냐 시발 행색이 경기 전에 사전 인터뷰 하는것같네,저새끼 운전 하기는 했냐 시발 행색이 경기 전에 사전 인터뷰 하는것같네,0.07854551076889038,0.17420858144760132,0.24725615978240967,0.26007458567619324,0.07044821977615356,0.1694670021533966
2024-03-03 01:43:20,막스 졸음 운전 안한게 신기할정도,ㅈㄴ잼,After Lap,,막스 졸음 운전 안한게 신기할정도 ㅈㄴ잼,막스 졸음 운전 안한게 신기할정도 ㅈㄴ잼,0.5934422016143799,0.15877431631088257,0.11869677901268005,0.059238407760858536,0.03882072865962982,0.0310275387018919
2024-03-03 01:43:20,병신.jpg,아오,After Lap,,병신.jpg 아오,병신.jpg 아오,0.3431696593761444,0.24166305363178253,0.11595208197832108,0.1702464371919632,0.05321931466460228,0.0757494792342186
2024-03-03 01:43:25,오늘 에프원 처음인데,시발,After Lap,,오늘 에프원 처음인데 시발,오늘 에프원 처음인데 시발,0.12717938423156738,0.18600302934646606,0.11939897388219833,0.30427616834640503,0.045722536742687225,0.21741990745067596
2024-03-03 01:43:33,막스말고 딴놈이 타도 F0일텐데 ㅋㅋ,"규정변화 앞당겨주면 안되냐???
1년만 아니 2년만 어",After Lap,,"막스말고 딴놈이 타도 F0일텐데 ㅋㅋ 규정변화 앞당겨주면 안되냐???
1년만 아니 2년만 어",막스말고 딴놈이 타도 F0일텐데 ㅋㅋ 규정변화 앞당겨주면 안되냐??? 1년만 아니 2년만 어,0.092264324426651,0.2812632918357849,0.1740443855524063,0.17183619737625122,0.07954806089401245,0.2010437548160553
2024-03-03 01:43:34,쟤네 진지하게 C1 타고 60렙 정도는 핏스탑 없이 될거 같지 않냐,그냥 미친거 같은데,After Lap,,쟤네 진지하게 C1 타고 60렙 정도는 핏스탑 없이 될거 같지 않냐 그냥 미친거 같은데,쟤네 진지하게 C1 타고 60렙 정도는 핏스탑 없이 될거 같지 않냐 그냥 미친거 같은데,0.1070781722664833,0.1895957589149475,0.3384011387825012,0.15191590785980225,0.147048220038414,0.06596075743436813
2024-03-03 01:43:43,너는 재밌었겠지 시발아,"우린 재미없었어 막스햄
- dc official App",After Lap,,"너는 재밌었겠지 시발아 우린 재미없었어 막스햄
- dc official App",너는 재밌었겠지 시발아 우린 재미없었어 막스햄,0.14043977856636047,0.2647966742515564,0.11633365601301193,0.22733846306800842,0.06914158165454865,0.18194986879825592
2024-03-03 01:43:46,근데 하스는 의외네 진짜,갑자기 왜 차 잘만드는데?,After Lap,,근데 하스는 의외네 진짜 갑자기 왜 차 잘만드는데?,근데 하스는 의외네 진짜 갑자기 왜 차 잘만드는데?,0.22016140818595886,0.23468570411205292,0.32066020369529724,0.09085822105407715,0.09203305095434189,0.04160144552588463
2024-03-03 01:43:49,레드불은 프리시즌 테스트를 아직도 하네,개막 안함 쟤네?,After Lap,,레드불은 프리시즌 테스트를 아직도 하네 개막 안함 쟤네?,레드불은 프리시즌 테스트를 아직도 하네 개막 안함 쟤네?,0.12465597689151764,0.24144339561462402,0.33720269799232483,0.12831881642341614,0.10030346363782883,0.06807562708854675
2024-03-03 01:43:50,25년도 넘기고 26년으로 스킵하면 안되냐?,이거 다음규정 나올때까진 변할게 없는거같은데 ㅋㅋㅋㅋㅋ,After Lap,,25년도 넘기고 26년으로 스킵하면 안되냐? 이거 다음규정 나올때까진 변할게 없는거같은데 ㅋㅋㅋㅋㅋ,25년도 넘기고 26년으로 스킵하면 안되냐? 이거 다음규정 나올때까진 변할게 없는거같은데 ㅋㅋㅋㅋㅋ,0.08679346740245819,0.3299190402030945,0.18202008306980133,0.15637560188770294,0.07630162686109543,0.1685902178287506
2024-03-03 01:44:03,페라리 왜 멸망함?,"엪원 끝나고 WEC보는데 왜 저지랄남?
- dc official App",After Lap,,"페라리 왜 멸망함? 엪원 끝나고 WEC보는데 왜 저지랄남?
- dc official App",페라리 왜 멸망함? 엪원 끝나고 WEC보는데 왜 저지랄남?,0.0883057489991188,0.28993555903434753,0.2230006605386734,0.19294361770153046,0.06947124749422073,0.13634318113327026
2024-03-03 01:44:15,레드불 이정도면 진짜 농락하는거 아니냐 ㅋㅋ,"20 20 20
씨발 ㅋㅋㅋ",After Lap,,"레드불 이정도면 진짜 농락하는거 아니냐 ㅋㅋ 20 20 20
씨발 ㅋㅋㅋ",레드불 이정도면 진짜 농락하는거 아니냐 ㅋㅋ 20 20 20 씨발 ㅋㅋㅋ,0.12245249003171921,0.23199141025543213,0.1312878429889679,0.29875245690345764,0.06470577418804169,0.15081003308296204
2024-03-03 01:44:17,RB는 전략팀 물갈이 좀 해라 빨리,전략으로 포인트건 순위건 날려먹는게 하루이틀일이 아님,After Lap,,RB는 전략팀 물갈이 좀 해라 빨리 전략으로 포인트건 순위건 날려먹는게 하루이틀일이 아님,RB는 전략팀 물갈이 좀 해라 빨리 전략으로 포인트건 순위건 날려먹는게 하루이틀일이 아님,0.06851933896541595,0.23712357878684998,0.218253493309021,0.15723669528961182,0.05655105784535408,0.26231586933135986
2024-03-03 01:44:19,야십분코삭 ㅋㅋㅋ,"77ㅓ억 ㅋㅋ 이게 레이스 주말이지 ㅋㅋ
- dc official App",After Lap,,"야십분코삭 ㅋㅋㅋ 77ㅓ억 ㅋㅋ 이게 레이스 주말이지 ㅋㅋ
- dc official App",야십분코삭 ㅋㅋㅋ 77ㅓ억 ㅋㅋ 이게 레이스 주말이지 ㅋㅋ,0.7014222145080566,0.1156773567199707,0.05437701568007469,0.059674300253391266,0.023963920772075653,0.044885147362947464
2024-03-03 01:44:15,하스랑 알핀이랑 서로 바뀐듯,- dc official App,After Lap,,하스랑 알핀이랑 서로 바뀐듯 - dc official App,하스랑 알핀이랑 서로 바뀐듯 - dc official App,0.22168071568012238,0.24222664535045624,0.3144809901714325,0.09521245956420898,0.06725139915943146,0.05914783105254173
2024-03-03 01:44:23,병신 < 이제 체코라고 부르면 안되냐?,ㅇㅇ??,After Lap,,병신 < 이제 체코라고 부르면 안되냐? ㅇㅇ??,병신 < 이제 체코라고 부르면 안되냐? ㅇㅇ??,0.0777648463845253,0.30119502544403076,0.19612036645412445,0.19477000832557678,0.08390000462532043,0.14624975621700287
2024-03-03 01:44:29,이거야 말로 1년 내내 들릴거같다,"오스트리아 국가
음료수 전승 무조건일거 같은데
- dc official App",After Lap,,"이거야 말로 1년 내내 들릴거같다 오스트리아 국가
음료수 전승 무조건일거 같은데
- dc official App",이거야 말로 1년 내내 들릴거같다 오스트리아 국가 음료수 전승 무조건일거 같은데,0.5579359531402588,0.17773936688899994,0.1115332618355751,0.06569084525108337,0.04450228065252304,0.04259825870394707
2024-03-03 01:44:56,체코 엔진브레이크에 문제 있었다는데 ㅅㅂㅌㅋㅋㅋㅋ,,After Lap,,체코 엔진브레이크에 문제 있었다는데 ㅅㅂㅌㅋㅋㅋㅋ ,체코 엔진브레이크에 문제 있었다는데 ㅅㅂㅌㅋㅋㅋㅋ,0.10271365195512772,0.27398017048835754,0.18544051051139832,0.21327565610408783,0.08708833903074265,0.13750173151493073
2024-03-03 01:45:00,자우버 50초동안 윙 안바꾼건 레전드네 근데,아무도 바꿀 생각 안했겠지뭐,After Lap,,자우버 50초동안 윙 안바꾼건 레전드네 근데 아무도 바꿀 생각 안했겠지뭐,자우버 50초동안 윙 안바꾼건 레전드네 근데 아무도 바꿀 생각 안했겠지뭐,0.09159710258245468,0.22475729882717133,0.2787874639034271,0.16362063586711884,0.14401355385780334,0.0972239077091217
2024-03-03 01:45:08,이새끼 A524 타도 우승할 것 같음 ㅅㅂ,,After Lap,,이새끼 A524 타도 우승할 것 같음 ㅅㅂ ,이새끼 A524 타도 우승할 것 같음 ㅅㅂ,0.11635518074035645,0.18229793012142181,0.1840764433145523,0.3089761435985565,0.07778286933898926,0.13051140308380127
2024-03-03 01:45:15,맥라렌,"지난 시즌 막판 폼 보면 좀 아쉬운데
기대해봐도 되냐?",After Lap,,"맥라렌 지난 시즌 막판 폼 보면 좀 아쉬운데
기대해봐도 되냐?",맥라렌 지난 시즌 막판 폼 보면 좀 아쉬운데 기대해봐도 되냐?,0.17764660716056824,0.2752077877521515,0.269483357667923,0.09837399423122406,0.0756707489490509,0.10361745953559875
2024-03-03 01:45:25,시발련들 르클버리고 사인지 퍼스트로 갱신하자,- dc official App,After Lap,,시발련들 르클버리고 사인지 퍼스트로 갱신하자 - dc official App,시발련들 르클버리고 사인지 퍼스트로 갱신하자 - dc official App,0.20344741642475128,0.17861886322498322,0.1282173991203308,0.3009277880191803,0.04302017390727997,0.1457684189081192
2024-03-03 01:45:36,뜨겁다! 뜨겁다! 뜨겁다!,,After Lap,,뜨겁다! 뜨겁다! 뜨겁다! ,뜨겁다! 뜨겁다! 뜨겁다!,0.635683536529541,0.1430971920490265,0.08858652412891388,0.06676886230707169,0.027527175843715668,0.03833666071295738
2024-03-03 01:45:37,12시 인줄 모르고 놓쳤네,,After Lap,,12시 인줄 모르고 놓쳤네 ,12시 인줄 모르고 놓쳤네,0.16590049862861633,0.31731167435646057,0.2522966265678406,0.10325174778699875,0.08227653056383133,0.07896294444799423
2024-03-03 01:45:38,친환경은 지랄,경기끝나고 폭죽만 안터트려도 v8가능하겠네 ㅋㅋㅋ,After Lap,,친환경은 지랄 경기끝나고 폭죽만 안터트려도 v8가능하겠네 ㅋㅋㅋ,친환경은 지랄 경기끝나고 폭죽만 안터트려도 v8가능하겠네 ㅋㅋㅋ,0.11974330246448517,0.2523996829986572,0.18926189839839935,0.2430691421031952,0.05893946811556816,0.13658654689788818
2024-03-03 01:45:42,그냥 막스 5챔 시켜주고 규정 변화 1년 앞당기면 안됨?,"레드불 컨챔  막스 드챔 사실상 인정하고
규정 변화 1년 땡겨라",After Lap,,"그냥 막스 5챔 시켜주고 규정 변화 1년 앞당기면 안됨? 레드불 컨챔  막스 드챔 사실상 인정하고
규정 변화 1년 땡겨라",그냥 막스 5챔 시켜주고 규정 변화 1년 앞당기면 안됨? 레드불 컨챔 막스 드챔 사실상 인정하고 규정 변화 1년 땡겨라,0.10712624341249466,0.27481609582901,0.20781922340393066,0.1442262828350067,0.05661977082490921,0.20939241349697113
2024-03-03 01:45:46,오늘 페이스,"막스
통곡의 벽
페레즈&사인츠
+0.3~4
르끌레
+0.2
해밀턴
노리스
러셀
+0.1
피아제
+0.4
알론소
+0.6~8
나머지",After Lap,,"오늘 페이스 막스
통곡의 벽
페레즈&사인츠
+0.3~4
르끌레
+0.2
해밀턴
노리스
러셀
+0.1
피아제
+0.4
알론소
+0.6~8
나머지",오늘 페이스 막스 통곡의 벽 페레즈&사인츠 +0.3~4 르끌레 +0.2 해밀턴 노리스 러셀 +0.1 피아제 +0.4 알론소 +0.6~8 나머지,0.30247431993484497,0.24839261174201965,0.22100356221199036,0.10978607833385468,0.045063234865665436,0.07328014075756073
2024-03-03 01:45:51,bop 마렵노 씨발 ㅋㅋㅋㅋㅋㅋ,이게 차냐? 호버크래프트지 ㅋㅋㅋㅋㅋㅋㅋㅋ,After Lap,,bop 마렵노 씨발 ㅋㅋㅋㅋㅋㅋ 이게 차냐? 호버크래프트지 ㅋㅋㅋㅋㅋㅋㅋㅋ,bop 마렵노 씨발 ㅋㅋㅋㅋㅋㅋ 이게 차냐? 호버크래프트지 ㅋㅋㅋㅋㅋㅋㅋㅋ,0.1164177730679512,0.23097048699855804,0.14463792741298676,0.30350247025489807,0.05021095275878906,0.15426041185855865
2024-03-03 01:46:04,"얘들아, 좀 섭섭하다?","시즌 시작한지 얼마나 되었다고 벌써부터 형 별명 압수하냐?
작년에도 초반 3~4개는 잘했으니까
내 별명 고이 보관해놔라 이상한 놈 주지말고",After Lap,,"얘들아, 좀 섭섭하다? 시즌 시작한지 얼마나 되었다고 벌써부터 형 별명 압수하냐?
작년에도 초반 3~4개는 잘했으니까
내 별명 고이 보관해놔라 이상한 놈 주지말고","얘들아, 좀 섭섭하다? 시즌 시작한지 얼마나 되었다고 벌써부터 형 별명 압수하냐? 작년에도 초반 3~4개는 잘했으니까 내 별명 고이 보관해놔라 이상한 놈 주지말고",0.15437671542167664,0.29251205921173096,0.14385707676410675,0.14954473078250885,0.10227823257446289,0.15743115544319153
2024-03-03 01:46:10,F1 판타지 팀 갈아야겠다..,일단 비자캐시 이새끼들부터 빼야겠어..,After Lap,,F1 판타지 팀 갈아야겠다.. 일단 비자캐시 이새끼들부터 빼야겠어..,F1 판타지 팀 갈아야겠다.. 일단 비자캐시 이새끼들부터 빼야겠어..,0.0831528753042221,0.2731679081916809,0.16496050357818604,0.16448521614074707,0.05953005701303482,0.25470346212387085
2024-03-03 01:46:09,체코가 자동차가 되면?,,After Lap,,체코가 자동차가 되면? ,체코가 자동차가 되면?,0.182201087474823,0.21192240715026855,0.33696794509887695,0.10602018237113953,0.09824506938457489,0.06464328616857529
2024-03-03 01:46:18,(병)신,"신
병신
- dc official App",After Lap,,"(병)신 신
병신
- dc official App",(병)신 신 병신,0.15370775759220123,0.17713414132595062,0.18724198639392853,0.3092208504676819,0.062430232763290405,0.11026504635810852
2024-03-03 01:46:20,근데아까 내리자마자 사인츠는,"왜 크루들 와서 인사해주는것 같지가 않았지...? 기준탓인가
- 욕설은 사양함",After Lap,,"근데아까 내리자마자 사인츠는 왜 크루들 와서 인사해주는것 같지가 않았지...? 기준탓인가
- 욕설은 사양함",근데아까 내리자마자 사인츠는 왜 크루들 와서 인사해주는것 같지가 않았지...? 기준탓인가 - 욕설은 사양함,0.08822667598724365,0.33289188146591187,0.18353819847106934,0.1452830284833908,0.07052522897720337,0.17953495681285858
2024-03-03 01:46:35,베페사르러노햄피 확정 아님?,- dc official App,After Lap,,베페사르러노햄피 확정 아님? - dc official App,베페사르러노햄피 확정 아님? - dc official App,0.4075149595737457,0.193460613489151,0.21250414848327637,0.08779390901327133,0.04823102429509163,0.05049532651901245
2024-03-03 01:46:43,알핀 올해 ㄹㅇ GP2엔진이네 ㅋ,ㅋ,After Lap,,알핀 올해 ㄹㅇ GP2엔진이네 ㅋ ㅋ,알핀 올해 ㄹㅇ GP2엔진이네 ㅋ ㅋ,0.6577445268630981,0.13013626635074615,0.09230846911668777,0.05468298867344856,0.031232774257659912,0.03389495611190796
2024-03-03 01:46:44,원래 하스였으면 오늘 마그누센,"알본보다도 밑이였을것 같지 않냐
- dc official App",After Lap,,"원래 하스였으면 오늘 마그누센 알본보다도 밑이였을것 같지 않냐
- dc official App",원래 하스였으면 오늘 마그누센 알본보다도 밑이였을것 같지 않냐,0.08478152751922607,0.26919907331466675,0.3171831965446472,0.11628527194261551,0.1166020855307579,0.09594883769750595
2024-03-03 01:46:52,막스는 차에 생수통 싣고 달리면 안되냐,물 넉넉히 먹으면서 무게 늘려라,After Lap,,막스는 차에 생수통 싣고 달리면 안되냐 물 넉넉히 먹으면서 무게 늘려라,막스는 차에 생수통 싣고 달리면 안되냐 물 넉넉히 먹으면서 무게 늘려라,0.1239546611905098,0.27066943049430847,0.2703051269054413,0.12375888973474503,0.10569316893815994,0.10561864823102951
2024-03-03 01:46:48,공앱 포인트 반영 엄청 빨라졌네,,After Lap,,공앱 포인트 반영 엄청 빨라졌네 ,공앱 포인트 반영 엄청 빨라졌네,0.3859289586544037,0.22433333098888397,0.20731249451637268,0.07347723841667175,0.059078723192214966,0.04986932873725891
2024-03-03 01:47:03,애마 더블포인트네,그래 그럼됐다...,After Lap,,애마 더블포인트네 그래 그럼됐다...,애마 더블포인트네 그래 그럼됐다...,0.369537353515625,0.2543674111366272,0.10429026931524277,0.09939252585172653,0.05566639080643654,0.11674602329730988
2024-03-03 01:47:11,25년 규정집 21년하고 비슷하게 가려나,"플로워, 사이드팟 이런 우승팀 요소들 거세 시키는 쪽이면 21년 수준 가능할텐데...",After Lap,,"25년 규정집 21년하고 비슷하게 가려나 플로워, 사이드팟 이런 우승팀 요소들 거세 시키는 쪽이면 21년 수준 가능할텐데...","25년 규정집 21년하고 비슷하게 가려나 플로워, 사이드팟 이런 우승팀 요소들 거세 시키는 쪽이면 21년 수준 가능할텐데...",0.10086029767990112,0.2544102966785431,0.32242506742477417,0.10805010050535202,0.08331787586212158,0.130936399102211
2024-03-03 01:47:13,오늘은 땀도 안났겠다,츠노다 빼고,After Lap,,오늘은 땀도 안났겠다 츠노다 빼고,오늘은 땀도 안났겠다 츠노다 빼고,0.5065772533416748,0.189822256565094,0.10519633442163467,0.081996850669384,0.04513968154788017,0.07126764208078384
2024-03-03 01:47:21,폴 시간차이 꼬라지 ㅋㅋㅋㅋ,막스 시발아,After Lap,,폴 시간차이 꼬라지 ㅋㅋㅋㅋ 막스 시발아,폴 시간차이 꼬라지 ㅋㅋㅋㅋ 막스 시발아,0.09498947113752365,0.19281364977359772,0.1990140825510025,0.297808438539505,0.06909937411546707,0.14627496898174286
2024-03-03 01:47:25,그래서 오늘 락끌레르 원인 뭐냐,차임 본인임,After Lap,,그래서 오늘 락끌레르 원인 뭐냐 차임 본인임,그래서 오늘 락끌레르 원인 뭐냐 차임 본인임,0.1290859580039978,0.22355812788009644,0.3530409336090088,0.10796010494232178,0.0959685891866684,0.0903862789273262
2024-03-03 01:47:31,2024년 레드불은 타이어 관리가 미친 수준이라 이변도 안나옴,"핏 스탑 타이밍 엇갈리면 이변이라도 나오는데
제일 늦게 들어갈테니 이변도 안나온다 이건",After Lap,,"2024년 레드불은 타이어 관리가 미친 수준이라 이변도 안나옴 핏 스탑 타이밍 엇갈리면 이변이라도 나오는데
제일 늦게 들어갈테니 이변도 안나온다 이건",2024년 레드불은 타이어 관리가 미친 수준이라 이변도 안나옴 핏 스탑 타이밍 엇갈리면 이변이라도 나오는데 제일 늦게 들어갈테니 이변도 안나온다 이건,0.083004891872406,0.276510626077652,0.2999098300933838,0.11909573525190353,0.08228198438882828,0.13919688761234283
2024-03-03 01:47:35,가슬리처럼 다이나믹한 인생이 있을까,"토로로쏘 -> 레드불 -> 알파타우리 -> 알핀
알파타우리 시절이 커리어 하이인듯.",After Lap,,"가슬리처럼 다이나믹한 인생이 있을까 토로로쏘 -> 레드불 -> 알파타우리 -> 알핀
알파타우리 시절이 커리어 하이인듯.",가슬리처럼 다이나믹한 인생이 있을까 토로로쏘 -> 레드불 -> 알파타우리 -> 알핀 알파타우리 시절이 커리어 하이인듯.,0.5489713549613953,0.1760791391134262,0.10193747282028198,0.07954248785972595,0.04103453457355499,0.05243505910038948
2024-03-03 01:47:58,25년도 규정 변경 이걸로 하자,바지보드 부활시켜,After Lap,,25년도 규정 변경 이걸로 하자 바지보드 부활시켜,25년도 규정 변경 이걸로 하자 바지보드 부활시켜,0.28718703985214233,0.24774815142154694,0.13804931938648224,0.13415414094924927,0.04732509329915047,0.14553630352020264
2024-03-03 01:48:02,레드불은 19 20그리드로 시작하자..,,After Lap,,레드불은 19 20그리드로 시작하자.. ,레드불은 19 20그리드로 시작하자..,0.381946325302124,0.22255007922649384,0.18076349794864655,0.09285403788089752,0.05175839737057686,0.07012756913900375
2024-03-03 01:48:15,막스 퀄리 압수라도 하자,추월 19번이라도 보게,After Lap,,막스 퀄리 압수라도 하자 추월 19번이라도 보게,막스 퀄리 압수라도 하자 추월 19번이라도 보게,0.18457737565040588,0.18849875032901764,0.13555875420570374,0.2765168845653534,0.04729809984564781,0.16755017638206482
2024-03-03 01:48:18,F1 인스타) DOD 사인츠,너가 페라리의 퍼스트다,After Lap,,F1 인스타) DOD 사인츠 너가 페라리의 퍼스트다,F1 인스타) DOD 사인츠 너가 페라리의 퍼스트다,0.6015766859054565,0.13849514722824097,0.11891579627990723,0.06034015491604805,0.0420091412961483,0.03866305947303772
2024-03-03 01:48:25,병신.jpg,"병신
- dc official App",After Lap,,"병신.jpg 병신
- dc official App",병신.jpg 병신,0.6014174818992615,0.14080214500427246,0.1261722296476364,0.06739125400781631,0.029117075726389885,0.03509988635778427
2024-03-03 01:48:27,RB인스타는 벌써 불타노ㅋㅋㅋㅋㅋㅋ,,After Lap,,RB인스타는 벌써 불타노ㅋㅋㅋㅋㅋㅋ ,RB인스타는 벌써 불타노ㅋㅋㅋㅋㅋㅋ,0.5461618304252625,0.1784600466489792,0.13163605332374573,0.0686192661523819,0.04323296621441841,0.031889788806438446
2024-03-03 01:48:31,그냥 지난시즌 후반에서 레드불만 도망감,지난시즌 막판엔 많이 따라갔었는데 혼자 3단뛰기함,After Lap,,그냥 지난시즌 후반에서 레드불만 도망감 지난시즌 막판엔 많이 따라갔었는데 혼자 3단뛰기함,그냥 지난시즌 후반에서 레드불만 도망감 지난시즌 막판엔 많이 따라갔었는데 혼자 3단뛰기함,0.0843585878610611,0.3551650047302246,0.19764024019241333,0.1429569125175476,0.07536535710096359,0.14451391994953156
2024-03-03 01:48:49,루머) 알렉스 알본 2026년 레드불 계약 제시,"체코 대체재?
- dc official App",After Lap,,"루머) 알렉스 알본 2026년 레드불 계약 제시 체코 대체재?
- dc official App",루머) 알렉스 알본 2026년 레드불 계약 제시 체코 대체재?,0.2216373234987259,0.21424533426761627,0.3250821828842163,0.09417072683572769,0.08289556950330734,0.06196882575750351
2024-03-03 01:48:49,미친새끼들,"20소 20하 20소 였네
이새끼들은 사실상 하드가 필요 없겠노 ㄷㄷ
- dc official App",After Lap,,"미친새끼들 20소 20하 20소 였네
이새끼들은 사실상 하드가 필요 없겠노 ㄷㄷ
- dc official App",미친새끼들 20소 20하 20소 였네 이새끼들은 사실상 하드가 필요 없겠노 ㄷㄷ,0.08332078903913498,0.19870971143245697,0.2633330225944519,0.22015975415706635,0.1123274490237236,0.1221492812037468
2024-03-03 01:49:09,페라리<-이새끼들 뭔짓을 한거임 ㅅㅂㅋㅋㅋㅋㅋ,"ㅅㅂㅋㅋㅋㄲㅋㅋ
- dc official App",After Lap,,"페라리<-이새끼들 뭔짓을 한거임 ㅅㅂㅋㅋㅋㅋㅋ ㅅㅂㅋㅋㅋㄲㅋㅋ
- dc official App",페라리<-이새끼들 뭔짓을 한거임 ㅅㅂㅋㅋㅋㅋㅋ ㅅㅂㅋㅋㅋㄲㅋㅋ,0.11871334910392761,0.2242729365825653,0.19623495638370514,0.2505212724208832,0.09613398462533951,0.11412349343299866
2024-03-03 01:49:10,르끌=숏런원툴 사인지=육각형드라이버<--이게 정배라는거지?,ㅇㅇ?,After Lap,,르끌=숏런원툴 사인지=육각형드라이버<--이게 정배라는거지? ㅇㅇ?,르끌=숏런원툴 사인지=육각형드라이버<--이게 정배라는거지? ㅇㅇ?,0.1332787424325943,0.25512874126434326,0.31777751445770264,0.12010632455348969,0.08093473315238953,0.09277389198541641
2024-03-03 01:49:10,cg 뭐냐 씹 ㅋㅋㅋㅋㅋㅋㅋ,- dc official App,After Lap,,cg 뭐냐 씹 ㅋㅋㅋㅋㅋㅋㅋ - dc official App,cg 뭐냐 씹 ㅋㅋㅋㅋㅋㅋㅋ - dc official App,0.12687376141548157,0.27291324734687805,0.20051206648349762,0.20605896413326263,0.07027455419301987,0.12336736172437668
2024-03-03 01:49:15,그래픽 왜 찌부된거 같냐ㅋㅋㅋㅋㅋ,,After Lap,,그래픽 왜 찌부된거 같냐ㅋㅋㅋㅋㅋ ,그래픽 왜 찌부된거 같냐ㅋㅋㅋㅋㅋ,0.13158799707889557,0.30153876543045044,0.2755160629749298,0.12956061959266663,0.09111025184392929,0.07068629562854767
2024-03-03 01:49:21,사인즈 안떠났으면 좋겠다,"떠나면 진짜 개좆될거같은데
- dc official App",After Lap,,"사인즈 안떠났으면 좋겠다 떠나면 진짜 개좆될거같은데
- dc official App",사인즈 안떠났으면 좋겠다 떠나면 진짜 개좆될거같은데,0.14924834668636322,0.24263505637645721,0.2638894021511078,0.11447496712207794,0.11783909797668457,0.11191314458847046
2024-03-03 01:49:28,CG 좀 옛날느낌나노;;,,After Lap,,CG 좀 옛날느낌나노;; ,CG 좀 옛날느낌나노;;,0.08891237527132034,0.3094211220741272,0.23584547638893127,0.15485849976539612,0.06468983739614487,0.1462727189064026
2024-03-03 01:49:30,막스 이새끼 경기처보고있었노 ㅋㅋㅋㅋ,"쿨다운룸에서 디브리핑하는거 듣고있었눈데
페레즈가 초반에 러셀 추월하는장면 나올때
“yeah that was good move” 이러면서 이미 봤다는티 팍팍내면서 말하네
어떻게봤노이년아 ㅋㅋㅋㅋㅋ",After Lap,,"막스 이새끼 경기처보고있었노 ㅋㅋㅋㅋ 쿨다운룸에서 디브리핑하는거 듣고있었눈데
페레즈가 초반에 러셀 추월하는장면 나올때
“yeah that was good move” 이러면서 이미 봤다는티 팍팍내면서 말하네
어떻게봤노이년아 ㅋㅋㅋㅋㅋ",막스 이새끼 경기처보고있었노 ㅋㅋㅋㅋ 쿨다운룸에서 디브리핑하는거 듣고있었눈데 페레즈가 초반에 러셀 추월하는장면 나올때 “yeah that was good move” 이러면서 이미 봤다는티 팍팍내면서 말하네 어떻게봤노이년아 ㅋㅋㅋㅋㅋ,0.1204298585653305,0.1968926191329956,0.24665869772434235,0.23493197560310364,0.10088134557008743,0.10020551830530167
2024-03-03 01:49:33,애마는 진짜,"차 색하나는 맛깔나는듯
- dc official App",After Lap,,"애마는 진짜 차 색하나는 맛깔나는듯
- dc official App",애마는 진짜 차 색하나는 맛깔나는듯,0.5162818431854248,0.18667253851890564,0.13798367977142334,0.0621996633708477,0.05547456443309784,0.041387733072042465
2024-03-03 01:49:35,채코 존나 띨빵해보이노 ㅋㅋㅋㅋㅋ,- dc official App,After Lap,,채코 존나 띨빵해보이노 ㅋㅋㅋㅋㅋ - dc official App,채코 존나 띨빵해보이노 ㅋㅋㅋㅋㅋ - dc official App,0.17165127396583557,0.2395493984222412,0.2985442876815796,0.14975841343402863,0.08132265508174896,0.05917397141456604
2024-03-03 01:49:37,사인지... 너가 진짜 페라리야...,퍼스트고 나발이고 너가 진짜 페라리다...,After Lap,,사인지... 너가 진짜 페라리야... 퍼스트고 나발이고 너가 진짜 페라리다...,사인지... 너가 진짜 페라리야... 퍼스트고 나발이고 너가 진짜 페라리다...,0.323621541261673,0.2044089287519455,0.18779447674751282,0.09077368676662445,0.12724532186985016,0.06615600734949112
2024-03-03 01:49:45,그 국가 입갤 ㅋㅋㅋㅋㅋㅋㅋㅋㅋㅋㅋㅋ,,After Lap,,그 국가 입갤 ㅋㅋㅋㅋㅋㅋㅋㅋㅋㅋㅋㅋ ,그 국가 입갤 ㅋㅋㅋㅋㅋㅋㅋㅋㅋㅋㅋㅋ,0.6095988154411316,0.14114134013652802,0.11168237775564194,0.07227978855371475,0.03394260257482529,0.03135504573583603
2024-03-03 01:49:46,CG 저거 4:3 전광판용 잡아늘려서 방송하나ㅋㅋㅋㅋㅋㅋ,,After Lap,,CG 저거 4:3 전광판용 잡아늘려서 방송하나ㅋㅋㅋㅋㅋㅋ ,CG 저거 4:3 전광판용 잡아늘려서 방송하나ㅋㅋㅋㅋㅋㅋ,0.10372544825077057,0.2488706409931183,0.3087915778160095,0.15872865915298462,0.08759316802024841,0.0922904908657074
2024-03-03 01:49:47,페레즈 삿대질 ㅋㅋㅋ,ㄹㅇ 개웃기노 ㅋㅋㅋㅋ,After Lap,,페레즈 삿대질 ㅋㅋㅋ ㄹㅇ 개웃기노 ㅋㅋㅋㅋ,페레즈 삿대질 ㅋㅋㅋ ㄹㅇ 개웃기노 ㅋㅋㅋㅋ,0.5376037955284119,0.176286980509758,0.1325683295726776,0.0793660506606102,0.0353977270424366,0.0387771800160408
2024-03-03 01:49:47,숏런은 르끌레고 롱런은 사인츠인가,"작년하고 비슷한듯?
- dc official App",After Lap,,"숏런은 르끌레고 롱런은 사인츠인가 작년하고 비슷한듯?
- dc official App",숏런은 르끌레고 롱런은 사인츠인가 작년하고 비슷한듯?,0.1962715983390808,0.25450530648231506,0.3087812066078186,0.10001217573881149,0.06890439987182617,0.07152532786130905
2024-03-03 01:49:49,체코 영상이 존나 웃기네ㅋㅋㅋㅋ,ㅅㅂ표정ㅋㅋㅋㅋ,After Lap,,체코 영상이 존나 웃기네ㅋㅋㅋㅋ ㅅㅂ표정ㅋㅋㅋㅋ,체코 영상이 존나 웃기네ㅋㅋㅋㅋ ㅅㅂ표정ㅋㅋㅋㅋ,0.559280276298523,0.17125122249126434,0.12242884188890457,0.07599960267543793,0.03188368305563927,0.03915635123848915
2024-03-03 01:49:50,애국가 입갤 ㅋㅋㅋㅋ,,After Lap,,애국가 입갤 ㅋㅋㅋㅋ ,애국가 입갤 ㅋㅋㅋㅋ,0.7156933546066284,0.10635366290807724,0.06642307341098785,0.052902765572071075,0.025178784504532814,0.03344842046499252
2024-03-03 01:49:50,엪국가 입갤ㅋㅋㅋㅋㅋㅋㅋㅋㅋㅋ,,After Lap,,엪국가 입갤ㅋㅋㅋㅋㅋㅋㅋㅋㅋㅋ ,엪국가 입갤ㅋㅋㅋㅋㅋㅋㅋㅋㅋㅋ,0.6769871115684509,0.11380420625209808,0.08831668645143509,0.06219332665205002,0.026998396962881088,0.03170028701424599
2024-03-03 01:49:50,그냥 알핀만 망한 23시즌 아님?,"ㅅㅂ
- dc official App",After Lap,,"그냥 알핀만 망한 23시즌 아님? ㅅㅂ
- dc official App",그냥 알핀만 망한 23시즌 아님? ㅅㅂ,0.10030911862850189,0.21360410749912262,0.11761985719203949,0.29661938548088074,0.04620473086833954,0.22564280033111572
2024-03-03 01:49:52,엪국가 on,에휴,After Lap,,엪국가 on 에휴,엪국가 on 에휴,0.10210690647363663,0.24164776504039764,0.14417296648025513,0.23434193432331085,0.056019607931375504,0.22171075642108917
2024-03-03 01:49:54,자장가 입갤,,After Lap,,자장가 입갤 ,자장가 입갤,0.6536328196525574,0.1278107762336731,0.08587836474180222,0.061059705913066864,0.033390991389751434,0.038227371871471405
2024-03-03 01:49:54,엪국가 입갤,- dc official App,After Lap,,엪국가 입갤 - dc official App,엪국가 입갤 - dc official App,0.4352686405181885,0.1925135999917984,0.19862809777259827,0.09150246530771255,0.0366007424890995,0.04548642039299011
2024-03-03 01:49:53,엪국가ㅋㅋㅋㅋㅋㅋㅋㅋㅋㅋ,,After Lap,,엪국가ㅋㅋㅋㅋㅋㅋㅋㅋㅋㅋ ,엪국가ㅋㅋㅋㅋㅋㅋㅋㅋㅋㅋ,0.6073839068412781,0.14868688583374023,0.11124993860721588,0.07036895304918289,0.029302645474672318,0.0330076664686203
2024-03-03 01:49:56,엪국가 입갤ㅋㅋㅋㅋ,ㅋㅋ,After Lap,,엪국가 입갤ㅋㅋㅋㅋ ㅋㅋ,엪국가 입갤ㅋㅋㅋㅋ ㅋㅋ,0.6926306486129761,0.10903023928403854,0.08350099623203278,0.05675702169537544,0.02631431631743908,0.031766749918460846
2024-03-03 01:49:59,엪국가 입갤 ㅋㅋㅋㅋㅋ,ㅋㅋㅋㅋㅋㅋㅋㅋㅋ,After Lap,,엪국가 입갤 ㅋㅋㅋㅋㅋ ㅋㅋㅋㅋㅋㅋㅋㅋㅋ,엪국가 입갤 ㅋㅋㅋㅋㅋ ㅋㅋㅋㅋㅋㅋㅋㅋㅋ,0.6929647922515869,0.11433814465999603,0.07548753172159195,0.06001787632703781,0.02450505830347538,0.03268660977482796
2024-03-03 01:49:58,애국가 나온다,ㅅㅂ..,After Lap,,애국가 나온다 ㅅㅂ..,애국가 나온다 ㅅㅂ..,0.16516824066638947,0.22031383216381073,0.09587687999010086,0.2851214110851288,0.045418836176395416,0.18810081481933594
2024-03-03 01:49:59,자장가 ㅅㅂㅋㅋㅋㅋ,,After Lap,,자장가 ㅅㅂㅋㅋㅋㅋ ,자장가 ㅅㅂㅋㅋㅋㅋ,0.6222796440124512,0.1462244689464569,0.08528406172990799,0.0767102912068367,0.029426775872707367,0.04007478803396225
2024-03-03 01:50:00,그브금입갤ㅋㅋ,ㅆㅂ,After Lap,,그브금입갤ㅋㅋ ㅆㅂ,그브금입갤ㅋㅋ ㅆㅂ,0.21727627515792847,0.23417223989963531,0.10909930616617203,0.26582464575767517,0.05582818016409874,0.11779940873384476
2024-03-03 01:50:00,엪국가 입갤ㅋㅋㅋㅋㅋㅋ,,After Lap,,엪국가 입갤ㅋㅋㅋㅋㅋㅋ ,엪국가 입갤ㅋㅋㅋㅋㅋㅋ,0.6858251690864563,0.10963449627161026,0.08774824440479279,0.05817092955112457,0.02723364531993866,0.0313875675201416
2024-03-03 01:50:02,엔딩곡 템포가 좀 빨라졌네,,After Lap,,엔딩곡 템포가 좀 빨라졌네 ,엔딩곡 템포가 좀 빨라졌네,0.2386043220758438,0.2772848606109619,0.2789093554019928,0.07873018831014633,0.0738508328795433,0.05262041464447975
2024-03-03 01:50:02,그 노래 입갤 ㅋㅋㅋㅋㅋ,,After Lap,,그 노래 입갤 ㅋㅋㅋㅋㅋ ,그 노래 입갤 ㅋㅋㅋㅋㅋ,0.708680272102356,0.11013562232255936,0.07071872055530548,0.05312629044055939,0.02522599883377552,0.03211313858628273
2024-03-03 01:50:04,공식 자장가,진짜로 눈이 무거워진다,After Lap,,공식 자장가 진짜로 눈이 무거워진다,공식 자장가 진짜로 눈이 무거워진다,0.16991278529167175,0.35034191608428955,0.12376289814710617,0.1502903699874878,0.07130878418684006,0.13438323140144348
2024-03-03 01:50:05,잘자라,걍 들으니까 잠 솔솔오는데,After Lap,,잘자라 걍 들으니까 잠 솔솔오는데,잘자라 걍 들으니까 잠 솔솔오는데,0.6192174553871155,0.14380718767642975,0.07253725081682205,0.062165517359972,0.037341952323913574,0.06493064761161804
2024-03-03 01:50:08,막스 시발련 웃참한다 ㅋㅋㅋㅋㅋ,,After Lap,,막스 시발련 웃참한다 ㅋㅋㅋㅋㅋ ,막스 시발련 웃참한다 ㅋㅋㅋㅋㅋ,0.5098781585693359,0.17654231190681458,0.09989096224308014,0.1264277994632721,0.035544250160455704,0.05171647667884827
2024-03-03 01:50:11,잘시간이군…,그래그래,After Lap,,잘시간이군… 그래그래,잘시간이군… 그래그래,0.3571751117706299,0.2835868000984192,0.12008276581764221,0.08916895091533661,0.053561992943286896,0.09642429649829865
2024-03-03 01:50:13,시즌첫 엪국가 ㅋㅋㅋㅋㅋ,ㅋㅋㅋ,After Lap,,시즌첫 엪국가 ㅋㅋㅋㅋㅋ ㅋㅋㅋ,시즌첫 엪국가 ㅋㅋㅋㅋㅋ ㅋㅋㅋ,0.7062380909919739,0.11276781558990479,0.07055991888046265,0.054273128509521484,0.02298019453883171,0.033180758357048035
2024-03-03 01:50:13,자장가 입갤ㅋㅋㅋㅋ,잘자,After Lap,,자장가 입갤ㅋㅋㅋㅋ 잘자,자장가 입갤ㅋㅋㅋㅋ 잘자,0.6843893527984619,0.11535371840000153,0.07215997576713562,0.05711158365011215,0.030003255233168602,0.04098210111260414
2024-03-03 01:50:14,엪국가 입갤ㅋㅋㅋ,올해도 엪국가야?,After Lap,,엪국가 입갤ㅋㅋㅋ 올해도 엪국가야?,엪국가 입갤ㅋㅋㅋ 올해도 엪국가야?,0.44493624567985535,0.20704098045825958,0.17401476204395294,0.07137149572372437,0.0628301352262497,0.039806414395570755
2024-03-03 01:50:15,본지이제2년째인데 르끌이새낀 꼭해야할때 못함ㅇㅇ,"맨날 저지랄 날때마다 정떨어짐 진지하게
- dc official App",After Lap,,"본지이제2년째인데 르끌이새낀 꼭해야할때 못함ㅇㅇ 맨날 저지랄 날때마다 정떨어짐 진지하게
- dc official App",본지이제2년째인데 르끌이새낀 꼭해야할때 못함ㅇㅇ 맨날 저지랄 날때마다 정떨어짐 진지하게,0.09787534922361374,0.16049990057945251,0.143691286444664,0.3088768422603607,0.05537514388561249,0.2336815446615219
2024-03-03 01:50:16,호너입갤 ㅋㅋㅋ,,After Lap,,호너입갤 ㅋㅋㅋ ,호너입갤 ㅋㅋㅋ,0.7017955780029297,0.10594967007637024,0.07690490782260895,0.05749163404107094,0.02597784996032715,0.031880397349596024
2024-03-03 01:50:16,시장님 입갤 ㄷㄷㄷ,ㄷㄷㄱ,After Lap,,시장님 입갤 ㄷㄷㄷ ㄷㄷㄱ,시장님 입갤 ㄷㄷㄷ ㄷㄷㄱ,0.24736221134662628,0.22137466073036194,0.2735501229763031,0.09667596220970154,0.11417461186647415,0.04686244577169418
2024-03-03 01:50:17,엔딩곡 입갤ㅋㅋㅋㅋㅋ,ㄱㅋ,After Lap,,엔딩곡 입갤ㅋㅋㅋㅋㅋ ㄱㅋ,엔딩곡 입갤ㅋㅋㅋㅋㅋ ㄱㅋ,0.7101578712463379,0.10727276653051376,0.07030613720417023,0.05385924503207207,0.025251727551221848,0.0331522561609745
2024-03-03 01:50:13,씨발ㅋㅋ,,After Lap,,씨발ㅋㅋ ,씨발ㅋㅋ,0.2081257402896881,0.2462264597415924,0.1421152949333191,0.2495538294315338,0.06029413267970085,0.09368458390235901
2024-03-03 01:50:25,stop this shit 입갤 ㅋㅋㅋㅋㅋ,ㅋㅋㅋㅋㅋㅋㅋㅋㅋ,After Lap,,stop this shit 입갤 ㅋㅋㅋㅋㅋ ㅋㅋㅋㅋㅋㅋㅋㅋㅋ,stop this shit 입갤 ㅋㅋㅋㅋㅋ ㅋㅋㅋㅋㅋㅋㅋㅋㅋ,0.6988396644592285,0.11564193665981293,0.0659322664141655,0.05999460071325302,0.02369537390768528,0.03589619696140289
2024-03-03 01:50:25,막스 본인도 지겨워하는 그 노래ㅋㅋㅋㅋㅋㅋㅋ,,After Lap,,막스 본인도 지겨워하는 그 노래ㅋㅋㅋㅋㅋㅋㅋ ,막스 본인도 지겨워하는 그 노래ㅋㅋㅋㅋㅋㅋㅋ,0.10669449716806412,0.29757025837898254,0.20866292715072632,0.18333712220191956,0.10641083121299744,0.09732440114021301
2024-03-03 01:50:27,체코 존나 아저씨네ㅋㅋㅋㅋ,"화면 왜이리 급ㅇ노화됬노ㅋㅋㅋㅋ
- dc official App",After Lap,,"체코 존나 아저씨네ㅋㅋㅋㅋ 화면 왜이리 급ㅇ노화됬노ㅋㅋㅋㅋ
- dc official App",체코 존나 아저씨네ㅋㅋㅋㅋ 화면 왜이리 급ㅇ노화됬노ㅋㅋㅋㅋ,0.13701608777046204,0.2385983169078827,0.3060262203216553,0.1401968151330948,0.12163151055574417,0.05653107538819313
2024-03-03 01:50:33,호너 아내 꾸역꾸역 카메라 앞에다 놓네ㅋㅋㅋ,이새기ㅋㅋㅋㅋ,After Lap,,호너 아내 꾸역꾸역 카메라 앞에다 놓네ㅋㅋㅋ 이새기ㅋㅋㅋㅋ,호너 아내 꾸역꾸역 카메라 앞에다 놓네ㅋㅋㅋ 이새기ㅋㅋㅋㅋ,0.20735085010528564,0.21244120597839355,0.25701943039894104,0.15652048587799072,0.10833533108234406,0.0583326518535614
2024-03-03 01:50:38,요즘 가사 한번 외워볼까 생각도 듬 ㅋㅋㅋㅋㅋㅋ,멜로디는 다 외웠고 ㅋㅋㅋㅋㅋㅋ,After Lap,,요즘 가사 한번 외워볼까 생각도 듬 ㅋㅋㅋㅋㅋㅋ 멜로디는 다 외웠고 ㅋㅋㅋㅋㅋㅋ,요즘 가사 한번 외워볼까 생각도 듬 ㅋㅋㅋㅋㅋㅋ 멜로디는 다 외웠고 ㅋㅋㅋㅋㅋㅋ,0.6682561635971069,0.13202440738677979,0.07598738372325897,0.05505410581827164,0.03230530023574829,0.036372601985931396
2024-03-03 01:50:43,2호 엔딩곡 입갤ㅋㅋㅋㅋㅋㅋ,,After Lap,,2호 엔딩곡 입갤ㅋㅋㅋㅋㅋㅋ ,2호 엔딩곡 입갤ㅋㅋㅋㅋㅋㅋ,0.6867567300796509,0.11241438239812851,0.08232133835554123,0.05699927359819412,0.028994975611567497,0.032513298094272614
2024-03-03 01:50:43,엡국가 2 입갤 ㅋㅋㅋㅋ,,After Lap,,엡국가 2 입갤 ㅋㅋㅋㅋ ,엡국가 2 입갤 ㅋㅋㅋㅋ,0.6777105331420898,0.11256212741136551,0.08583898097276688,0.06170795112848282,0.027999885380268097,0.03418051823973656
2024-03-03 01:50:46,결국 퇴물탕이 맞았던거네,레이스세팅은 개지랄이었고 ㅋㅋ,After Lap,,결국 퇴물탕이 맞았던거네 레이스세팅은 개지랄이었고 ㅋㅋ,결국 퇴물탕이 맞았던거네 레이스세팅은 개지랄이었고 ㅋㅋ,0.06564614921808243,0.2405090630054474,0.21373817324638367,0.22829006612300873,0.07700378447771072,0.17481277883052826
2024-03-03 01:50:52,올핸 진짜 오스트리아 국가 24번 듣냐?,무섭다.....,After Lap,,올핸 진짜 오스트리아 국가 24번 듣냐? 무섭다.....,올핸 진짜 오스트리아 국가 24번 듣냐? 무섭다.....,0.11805782467126846,0.20899894833564758,0.31809937953948975,0.13817578554153442,0.13406400382518768,0.08260408788919449
2024-03-03 01:50:54,앺국가 2절 입갤,,After Lap,,앺국가 2절 입갤 ,앺국가 2절 입갤,0.6463401317596436,0.12894359230995178,0.09812570363283157,0.06114504113793373,0.031261272728443146,0.03418425843119621
2024-03-03 01:50:55,뉴이...그는신인가..,...,After Lap,,뉴이...그는신인가.. ...,뉴이...그는신인가.. ...,0.1783401072025299,0.22776617109775543,0.31976351141929626,0.11060483008623123,0.11344420909881592,0.050081200897693634
2024-03-03 01:51:08,에이씨발 호카스나 봐라,진심 두번쨰인데 왜클릭함??,After Lap,,에이씨발 호카스나 봐라 진심 두번쨰인데 왜클릭함??,에이씨발 호카스나 봐라 진심 두번쨰인데 왜클릭함??,0.13038109242916107,0.24620279669761658,0.09832067042589188,0.28975120186805725,0.04471878707408905,0.19062545895576477
2024-03-03 01:51:11,호너,안보이노ㅋㅋㅋ,After Lap,,호너 안보이노ㅋㅋㅋ,호너 안보이노ㅋㅋㅋ,0.34505054354667664,0.2647060751914978,0.17435722053050995,0.099041648209095,0.051782578229904175,0.0650617927312851
2024-03-03 01:51:11,뉴이신 입갤 ㅋㅋㅋ,ㅇ,After Lap,,뉴이신 입갤 ㅋㅋㅋ ㅇ,뉴이신 입갤 ㅋㅋㅋ ㅇ,0.6991115212440491,0.10618792474269867,0.07720984518527985,0.057471245527267456,0.026695335283875465,0.033324163407087326
2024-03-03 01:51:12,씨발 이거 개웃기네 ㅋㅋㅋ,개빡친 치와와 ㅋㅋ,After Lap,,씨발 이거 개웃기네 ㅋㅋㅋ 개빡친 치와와 ㅋㅋ,씨발 이거 개웃기네 ㅋㅋㅋ 개빡친 치와와 ㅋㅋ,0.5091447234153748,0.17546246945858002,0.10707010328769684,0.11912606656551361,0.034868545830249786,0.05432814732193947
2024-03-03 01:51:15,2024 역시 레드불 강점기,재밌게 보세요,After Lap,,2024 역시 레드불 강점기 재밌게 보세요,2024 역시 레드불 강점기 재밌게 보세요,0.7023008465766907,0.11771608144044876,0.0574120357632637,0.05885996297001839,0.02457815781235695,0.039132893085479736
2024-03-03 01:51:17,호카스 부인 데려왔노ㅋㅋㅋ,,After Lap,,호카스 부인 데려왔노ㅋㅋㅋ ,호카스 부인 데려왔노ㅋㅋㅋ,0.6690196394920349,0.1257048398256302,0.09272630512714386,0.05125166475772858,0.032322973012924194,0.028974559158086777
2024-03-03 01:51:19,V6 = 역대급 JOAT,"소리는 소리대로 병신이고
팀별 성능 격차는 존나 나서 강점기 아닌 시즌이 2021뿐
진짜 개병신 시대",After Lap,,"V6 = 역대급 JOAT 소리는 소리대로 병신이고
팀별 성능 격차는 존나 나서 강점기 아닌 시즌이 2021뿐
진짜 개병신 시대",V6 = 역대급 JOAT 소리는 소리대로 병신이고 팀별 성능 격차는 존나 나서 강점기 아닌 시즌이 2021뿐 진짜 개병신 시대,0.09273871779441833,0.17805780470371246,0.14359334111213684,0.3040469288825989,0.05136576667428017,0.23019744455814362
2024-03-03 01:51:26,이걸 19번 들어야 다음 시즌을 볼수있다니깐?,"https://youtu.be/2nP79EHlDCY
?si=5kKBQegJA_DgyWqu
네덜란드의 국가 - Anthem of Netherlands (Dutch/Korean)
헷 빌헬뮈스 (Het Wilhelmus) 네덜란드어 원본 한국어 해석---Dutch/Korean---헷 빌헬뮈스 는 네덜란드의 국가로서, 작사자 및 작곡자는 불명이다. 1898년, 빌헬미나 여왕에 의해 왕실 국가로 지정되었고 1932년에 공식 국가로 지정되어 오늘에 이르고 있다. ...
youtu.be
https://youtu.be/83vpz9otk68
?si=8hSvFzX_Wy5rYZsA
오스트리아의 국가 (한국어) - Anthem of Austria (DE/KR lyrics)
산의 나라, 강의 나라 - Land der Berge, Land am Strome독일어 가사 한국어 해석---산의 나라, 강의 나라 또는 산의 국가, 강의 국가(山의 國家, 江의 國家)는 오스트리아의 국가로, 1946년 10월 22일에 오스트리아의 국가로 공식 제정되었다. 볼프강 ...
youtu.be
크아아악
- dc official App",After Lap,,"이걸 19번 들어야 다음 시즌을 볼수있다니깐? https://youtu.be/2nP79EHlDCY
?si=5kKBQegJA_DgyWqu
네덜란드의 국가 - Anthem of Netherlands (Dutch/Korean)
헷 빌헬뮈스 (Het Wilhelmus) 네덜란드어 원본 한국어 해석---Dutch/Korean---헷 빌헬뮈스 는 네덜란드의 국가로서, 작사자 및 작곡자는 불명이다. 1898년, 빌헬미나 여왕에 의해 왕실 국가로 지정되었고 1932년에 공식 국가로 지정되어 오늘에 이르고 있다. ...
youtu.be
https://youtu.be/83vpz9otk68
?si=8hSvFzX_Wy5rYZsA
오스트리아의 국가 (한국어) - Anthem of Austria (DE/KR lyrics)
산의 나라, 강의 나라 - Land der Berge, Land am Strome독일어 가사 한국어 해석---산의 나라, 강의 나라 또는 산의 국가, 강의 국가(山의 國家, 江의 國家)는 오스트리아의 국가로, 1946년 10월 22일에 오스트리아의 국가로 공식 제정되었다. 볼프강 ...
youtu.be
크아아악
- dc official App","이걸 19번 들어야 다음 시즌을 볼수있다니깐? ?si=5kKBQegJA_DgyWqu 네덜란드의 국가 - Anthem of Netherlands (Dutch/Korean) 헷 빌헬뮈스 (Het Wilhelmus) 네덜란드어 원본 한국어 해석---Dutch/Korean---헷 빌헬뮈스 는 네덜란드의 국가로서, 작사자 및 작곡자는 불명이다. 1898년, 빌헬미나 여왕에 의해 왕실 국가로 지정되었고 1932년에 공식 국가로 지정되어 오늘에 이르고 있다. ... youtu.be ?si=8hSvFzX_Wy5rYZsA 오스트리아의 국가 (한국어) - Anthem of Austria (DE/KR lyrics) 산의 나라, 강의 나라 - Land der Berge, Land am Strome독일어 가사 한국어 해석---산의 나라, 강의 나라 또는 산의 국가, 강의 국가(山의 國家, 江의 國家)는 오스트리아의 국가로, 1946년 10월 22일에 오스트리아의 국가로 공식 제정되었다. 볼프강 ... youtu.be 크아아악",0.3322448432445526,0.23369581997394562,0.2198086678981781,0.10122013837099075,0.056019604206085205,0.05701084062457085
2024-03-03 01:51:28,☝+,"☝+
- dc official App",After Lap,,"☝+ ☝+
- dc official App",☝+ ☝+,0.6775909662246704,0.1290263533592224,0.07523787021636963,0.05838003382086754,0.022001544013619423,0.03776323050260544
2024-03-03 01:51:41,도서관 문 닫을 시간되면 항상 똑같은 클래식 나온단 말이야,지금 그 기분이야,After Lap,,도서관 문 닫을 시간되면 항상 똑같은 클래식 나온단 말이야 지금 그 기분이야,도서관 문 닫을 시간되면 항상 똑같은 클래식 나온단 말이야 지금 그 기분이야,0.19908423721790314,0.3006603419780731,0.09777747839689255,0.1732884794473648,0.06540226936340332,0.16378721594810486
2024-03-03 01:51:48,근데 페라리입장에서 폴 딸 사람 하난 있어야지 안그러냐?,"해밀턴 사인지 얘네둘은 죽었다 깨어나도
르끌처럼 폴 못 딸것 같은데",After Lap,,"근데 페라리입장에서 폴 딸 사람 하난 있어야지 안그러냐? 해밀턴 사인지 얘네둘은 죽었다 깨어나도
르끌처럼 폴 못 딸것 같은데",근데 페라리입장에서 폴 딸 사람 하난 있어야지 안그러냐? 해밀턴 사인지 얘네둘은 죽었다 깨어나도 르끌처럼 폴 못 딸것 같은데,0.07800829410552979,0.2364923506975174,0.32780954241752625,0.1366063952445984,0.12768742442131042,0.09339597821235657
2024-03-03 01:51:55,그냥 뉴이 <<< 이사람이 곧 F1임,씨발 이냥반이 만든 사기차가 대체 몇이냐,After Lap,,그냥 뉴이 <<< 이사람이 곧 F1임 씨발 이냥반이 만든 사기차가 대체 몇이냐,그냥 뉴이 <<< 이사람이 곧 F1임 씨발 이냥반이 만든 사기차가 대체 몇이냐,0.09112651646137238,0.19439561665058136,0.1518660932779312,0.31944507360458374,0.05385753884911537,0.18930913507938385
2024-03-03 01:51:55,연주단들 솔직히 저 2곡 말고 다른 곡 연주법 까먹지 않았을까?,ㅋㅋㅋㅋㅋㅋㅋㅋㅋㅋ,After Lap,,연주단들 솔직히 저 2곡 말고 다른 곡 연주법 까먹지 않았을까? ㅋㅋㅋㅋㅋㅋㅋㅋㅋㅋ,연주단들 솔직히 저 2곡 말고 다른 곡 연주법 까먹지 않았을까? ㅋㅋㅋㅋㅋㅋㅋㅋㅋㅋ,0.11254007369279861,0.2520560324192047,0.3175845146179199,0.13401944935321808,0.12133298814296722,0.06246691942214966
2024-03-03 01:52:04,그와중에 존재감도 없이 묻힌 병신,"너 아까 초반에 그대로 리타해서 안보인거지?
- dc official App",After Lap,,"그와중에 존재감도 없이 묻힌 병신 너 아까 초반에 그대로 리타해서 안보인거지?
- dc official App",그와중에 존재감도 없이 묻힌 병신 너 아까 초반에 그대로 리타해서 안보인거지?,0.08019217103719711,0.2833634614944458,0.23195676505565643,0.16093766689300537,0.11871926486492157,0.12483064830303192
2024-03-03 01:52:11,호카스 언급ㅋㅋㅋㅋㅋ,"""시끌시끌한""",After Lap,,"호카스 언급ㅋㅋㅋㅋㅋ ""시끌시끌한""","호카스 언급ㅋㅋㅋㅋㅋ ""시끌시끌한""",0.2931057810783386,0.23327431082725525,0.20419242978096008,0.1407768726348877,0.06726998835802078,0.06138060986995697
2024-03-03 01:52:22,레드불 차량이 좋은거면왜,"지들끼리 안싸우고 막스혼자 저앞에서 달림?? 팀메가 그건가??
- dc official App",After Lap,,"레드불 차량이 좋은거면왜 지들끼리 안싸우고 막스혼자 저앞에서 달림?? 팀메가 그건가??
- dc official App",레드불 차량이 좋은거면왜 지들끼리 안싸우고 막스혼자 저앞에서 달림?? 팀메가 그건가??,0.09543861448764801,0.2349189966917038,0.33071601390838623,0.15465182065963745,0.11088412255048752,0.07339045405387878
2024-03-03 01:52:36,다음달 사우디에서 보자..,,After Lap,,다음달 사우디에서 보자.. ,다음달 사우디에서 보자..,0.5748569965362549,0.15886984765529633,0.09011117368936539,0.07376827299594879,0.04190351441502571,0.06049017980694771
2024-03-03 01:52:37,근데 몽골국가는 왤케 양키느낌나냐??,몽골 아시아 아님???,After Lap,,근데 몽골국가는 왤케 양키느낌나냐?? 몽골 아시아 아님???,근데 몽골국가는 왤케 양키느낌나냐?? 몽골 아시아 아님???,0.13144317269325256,0.226411834359169,0.36437374353408813,0.12256339192390442,0.10420471429824829,0.051003117114305496
2024-03-03 01:52:36,다음이 사우디였나?,"2021 again 기원
- dc official App",After Lap,,"다음이 사우디였나? 2021 again 기원
- dc official App",다음이 사우디였나? 2021 again 기원,0.41951829195022583,0.1994488537311554,0.1955976039171219,0.07281255722045898,0.061800677329301834,0.050821974873542786
2024-03-03 01:52:46,버짓 캡 제한만이 유일한 해답이다,돈으로 쳐바르는 페라리의 1회용 엔진 부활만이 답이다 이건,After Lap,,버짓 캡 제한만이 유일한 해답이다 돈으로 쳐바르는 페라리의 1회용 엔진 부활만이 답이다 이건,버짓 캡 제한만이 유일한 해답이다 돈으로 쳐바르는 페라리의 1회용 엔진 부활만이 답이다 이건,0.08538805693387985,0.21927715837955475,0.20721106231212616,0.14370056986808777,0.0696142166852951,0.2748089134693146
2024-03-03 01:53:00,올해부터 f1 제대로 보는데 페레즈? 빨만한가요?,작년에도 2위라던디 ㄱㅊ?,After Lap,,올해부터 f1 제대로 보는데 페레즈? 빨만한가요? 작년에도 2위라던디 ㄱㅊ?,올해부터 f1 제대로 보는데 페레즈? 빨만한가요? 작년에도 2위라던디 ㄱㅊ?,0.11654205620288849,0.24965570867061615,0.3220789432525635,0.12035025656223297,0.09947675466537476,0.09189628809690475
2024-03-03 01:53:05,사인즈가 레드불로 리턴 할려면,막스랑 조스의 동의가 있어야 할듯. 오는 순간 피터질듯,After Lap,,사인즈가 레드불로 리턴 할려면 막스랑 조스의 동의가 있어야 할듯. 오는 순간 피터질듯,사인즈가 레드불로 리턴 할려면 막스랑 조스의 동의가 있어야 할듯. 오는 순간 피터질듯,0.10927989333868027,0.23766866326332092,0.3520980775356293,0.10984852910041809,0.08915175497531891,0.10195303708314896
2024-03-03 01:53:23,샤워 드가자~,,After Lap,,샤워 드가자~ ,샤워 드가자~,0.6659172177314758,0.11751201748847961,0.08736537396907806,0.0605766624212265,0.030118010938167572,0.03851068392395973
2024-03-03 01:53:34,국가대신 지송파레 틀면 안됨?,음,After Lap,,국가대신 지송파레 틀면 안됨? 음,국가대신 지송파레 틀면 안됨? 음,0.10930311679840088,0.32214614748954773,0.23613904416561127,0.12725622951984406,0.07723738998174667,0.1279180943965912
2024-03-03 01:53:34,중동 병신들 진짜 조촐하노ㅋㅋㅋㅋㅋㅋㅋ,,After Lap,,중동 병신들 진짜 조촐하노ㅋㅋㅋㅋㅋㅋㅋ ,중동 병신들 진짜 조촐하노ㅋㅋㅋㅋㅋㅋㅋ,0.13082300126552582,0.3267318606376648,0.23534587025642395,0.12732508778572083,0.1039358526468277,0.07583826035261154
2024-03-03 01:53:35,로즈워터ㅅㅂㅋㅋㅋㅋ,,After Lap,,로즈워터ㅅㅂㅋㅋㅋㅋ ,로즈워터ㅅㅂㅋㅋㅋㅋ,0.18043306469917297,0.27431347966194153,0.13626991212368011,0.23471739888191223,0.06029093638062477,0.11397518217563629
2024-03-03 01:53:37,막스 해밀턴 기록 깰거같노?,"난 못깰듯
- dc official App",After Lap,,"막스 해밀턴 기록 깰거같노? 난 못깰듯
- dc official App",막스 해밀턴 기록 깰거같노? 난 못깰듯,0.12153113633394241,0.24151857197284698,0.32973775267601013,0.10569214820861816,0.12882862985134125,0.07269175350666046
2024-03-03 01:53:52,개좆핀ㅋㅋㅋㅋㅋㅋㅋ,,After Lap,,개좆핀ㅋㅋㅋㅋㅋㅋㅋ ,개좆핀ㅋㅋㅋㅋㅋㅋㅋ,0.603406548500061,0.1510852575302124,0.09324698150157928,0.08329343795776367,0.02938910573720932,0.0395786426961422
2024-03-03 01:53:53,사인츠 한방도 안맞았네,얼굴이 깨끗하노 ㅋㅋ,After Lap,,사인츠 한방도 안맞았네 얼굴이 깨끗하노 ㅋㅋ,사인츠 한방도 안맞았네 얼굴이 깨끗하노 ㅋㅋ,0.36406823992729187,0.22148311138153076,0.21253074705600739,0.08473066240549088,0.07894081622362137,0.038246478885412216
2024-03-03 01:53:58,막스는 저것도 귀찮겠지,옷 끈적거릴듯,After Lap,,막스는 저것도 귀찮겠지 옷 끈적거릴듯,막스는 저것도 귀찮겠지 옷 끈적거릴듯,0.07779421657323837,0.3261370360851288,0.23415261507034302,0.12482906132936478,0.08903151750564575,0.1480555534362793
2024-03-03 01:54:04,알핀 갑자기 쳐맞네,ㅋㅋㅋㅋ,After Lap,,알핀 갑자기 쳐맞네 ㅋㅋㅋㅋ,알핀 갑자기 쳐맞네 ㅋㅋㅋㅋ,0.19033551216125488,0.328217089176178,0.17775611579418182,0.14157068729400635,0.08155860751867294,0.08056202530860901
2024-03-03 01:54:07,케로야 알핀 조리돌림 제발 그만해줘 나 괴로워,,After Lap,,케로야 알핀 조리돌림 제발 그만해줘 나 괴로워 ,케로야 알핀 조리돌림 제발 그만해줘 나 괴로워,0.16966551542282104,0.17844727635383606,0.12888383865356445,0.24127106368541718,0.06498459726572037,0.21674762666225433
2024-03-03 01:54:13,좆핀은 진짜 작년이랑 똑같은거잖아,지 혼자 23년차 타는,After Lap,,좆핀은 진짜 작년이랑 똑같은거잖아 지 혼자 23년차 타는,좆핀은 진짜 작년이랑 똑같은거잖아 지 혼자 23년차 타는,0.06621898710727692,0.22743216156959534,0.18026451766490936,0.23142044246196747,0.07687214016914368,0.21779173612594604
2024-03-03 01:54:15,걍 머 씨발 저격규정도 없고 강점기 끝낼 생각이 없음,마피아 새끼들 뒷돈을 얼마나 쳐 받아먹은겨 ㅋㅋ,After Lap,,걍 머 씨발 저격규정도 없고 강점기 끝낼 생각이 없음 마피아 새끼들 뒷돈을 얼마나 쳐 받아먹은겨 ㅋㅋ,걍 머 씨발 저격규정도 없고 강점기 끝낼 생각이 없음 마피아 새끼들 뒷돈을 얼마나 쳐 받아먹은겨 ㅋㅋ,0.0984879806637764,0.15513160824775696,0.17144319415092468,0.2783835828304291,0.05274011567234993,0.24381354451179504
2024-03-03 01:54:23,페레즈 올해는 플로어만 안 까발려도 병신에서 좀병신행인듯 ㅇㅇ...,힘내자 병신아,After Lap,,페레즈 올해는 플로어만 안 까발려도 병신에서 좀병신행인듯 ㅇㅇ... 힘내자 병신아,페레즈 올해는 플로어만 안 까발려도 병신에서 좀병신행인듯 ㅇㅇ... 힘내자 병신아,0.17045913636684418,0.2418685257434845,0.22887681424617767,0.12147834151983261,0.1254529356956482,0.11186419427394867
2024-03-03 01:54:40,막똠반초는 억까일까?,"막-똠 vs 막-페 보면
똠도 그냥 계속 있었으면 페레즈 정도는 하지 않았을까.. 싶기도 한데
모르겠다
너무 짧게봐서 ㅇㅇ",After Lap,,"막똠반초는 억까일까? 막-똠 vs 막-페 보면
똠도 그냥 계속 있었으면 페레즈 정도는 하지 않았을까.. 싶기도 한데
모르겠다
너무 짧게봐서 ㅇㅇ",막똠반초는 억까일까? 막-똠 vs 막-페 보면 똠도 그냥 계속 있었으면 페레즈 정도는 하지 않았을까.. 싶기도 한데 모르겠다 너무 짧게봐서 ㅇㅇ,0.1357119232416153,0.2788080871105194,0.3060901165008545,0.09846200048923492,0.09428037703037262,0.08664745092391968
2024-03-03 01:54:43,재앙 그자체에요,.,After Lap,,재앙 그자체에요 .,재앙 그자체에요 .,0.09633426368236542,0.19762472808361053,0.1673736423254013,0.21195225417613983,0.06459186971187592,0.2621232271194458
2024-03-03 01:54:49,사인츠가 레드불가서 막스랑 야스나 하자 진짜,"어떰?
- dc official App",After Lap,,"사인츠가 레드불가서 막스랑 야스나 하자 진짜 어떰?
- dc official App",사인츠가 레드불가서 막스랑 야스나 하자 진짜 어떰?,0.40451639890670776,0.19178321957588196,0.1953934133052826,0.0893271416425705,0.07075193524360657,0.04822784662246704
2024-03-03 01:55:23,뉴비새끼 경기 다 본 소감,"다큐, 홍보영상, 오프닝 기깔나게 뽑힌 거에 낚여서 봤는데 생각보다 밋밋하노
하지만 다음주에 또 보자 씹새들아
응원팀 없었는데 페라리 시점으로 보니까 추월각 보는 재미는 있었음
근데 시발 해물탕 퇴물새끼는 왜 사옴?",After Lap,,"뉴비새끼 경기 다 본 소감 다큐, 홍보영상, 오프닝 기깔나게 뽑힌 거에 낚여서 봤는데 생각보다 밋밋하노
하지만 다음주에 또 보자 씹새들아
응원팀 없었는데 페라리 시점으로 보니까 추월각 보는 재미는 있었음
근데 시발 해물탕 퇴물새끼는 왜 사옴?","뉴비새끼 경기 다 본 소감 다큐, 홍보영상, 오프닝 기깔나게 뽑힌 거에 낚여서 봤는데 생각보다 밋밋하노 하지만 다음주에 또 보자 씹새들아 응원팀 없었는데 페라리 시점으로 보니까 추월각 보는 재미는 있었음 근데 시발 해물탕 퇴물새끼는 왜 사옴?",0.10016212612390518,0.24431079626083374,0.14995071291923523,0.2729930877685547,0.06739489734172821,0.16518838703632355
2024-03-03 01:55:48,진짜 이러면 안되는데,알핀 팬 놀리고 싶어서 손이 벌벌 떨림 ㄷㄷㄷㄷㄷ;;,After Lap,,진짜 이러면 안되는데 알핀 팬 놀리고 싶어서 손이 벌벌 떨림 ㄷㄷㄷㄷㄷ;;,진짜 이러면 안되는데 알핀 팬 놀리고 싶어서 손이 벌벌 떨림 ㄷㄷㄷㄷㄷ;;,0.16803811490535736,0.2600557208061218,0.21304716169834137,0.14572452008724213,0.11226536333560944,0.10086915642023087
2024-03-03 01:56:07,오늘 알핀 중계에 나오긴 했냐?,못본 엪붕이들은 개추,After Lap,,오늘 알핀 중계에 나오긴 했냐? 못본 엪붕이들은 개추,오늘 알핀 중계에 나오긴 했냐? 못본 엪붕이들은 개추,0.16640686988830566,0.23498861491680145,0.3295287787914276,0.10095198452472687,0.11458531022071838,0.05353838577866554
2024-03-03 01:56:17,누가 나 2년만 기절시켯다가 깨워주라,못보겟음 이거,After Lap,,누가 나 2년만 기절시켯다가 깨워주라 못보겟음 이거,누가 나 2년만 기절시켯다가 깨워주라 못보겟음 이거,0.12464828789234161,0.22664175927639008,0.12122759222984314,0.24099577963352203,0.0687909945845604,0.21769563853740692
2024-03-03 01:56:22,Q. 알핀은 뭐가 문제인가요?,"A. 프원에서 팀이 느릴만한 이유를 아는대로 대보세요
느린 엔진, 쓰레기같은 에어로, 무거운 차체, 중구난방 개발팀, 방향성 없는 리더십, 작살난 팀케미, 모자란 드라이버 등등을 떠올릴겁니다
저걸 전부 포함해서 당신이 차마 생각하지 못한것까지 다 문제입니다",After Lap,,"Q. 알핀은 뭐가 문제인가요? A. 프원에서 팀이 느릴만한 이유를 아는대로 대보세요
느린 엔진, 쓰레기같은 에어로, 무거운 차체, 중구난방 개발팀, 방향성 없는 리더십, 작살난 팀케미, 모자란 드라이버 등등을 떠올릴겁니다
저걸 전부 포함해서 당신이 차마 생각하지 못한것까지 다 문제입니다","Q. 알핀은 뭐가 문제인가요? A. 프원에서 팀이 느릴만한 이유를 아는대로 대보세요 느린 엔진, 쓰레기같은 에어로, 무거운 차체, 중구난방 개발팀, 방향성 없는 리더십, 작살난 팀케미, 모자란 드라이버 등등을 떠올릴겁니다 저걸 전부 포함해서 당신이 차마 생각하지 못한것까지 다 문제입니다",0.06347388029098511,0.21838971972465515,0.2802479565143585,0.15373122692108154,0.07302568852901459,0.2111315131187439
2024-03-03 01:56:23,저격규정 의미가 있냐 씨발 근데,"RB19랑 RB20이랑
차가 그냥 아에 다른찬데",After Lap,,"저격규정 의미가 있냐 씨발 근데 RB19랑 RB20이랑
차가 그냥 아에 다른찬데",저격규정 의미가 있냐 씨발 근데 RB19랑 RB20이랑 차가 그냥 아에 다른찬데,0.10109224915504456,0.2453482300043106,0.15519657731056213,0.26063233613967896,0.04061930999159813,0.1971113085746765
2024-03-03 01:56:25,위닝카타고 보타스만큼 하는게 존나 어려운거였네,흠,After Lap,,위닝카타고 보타스만큼 하는게 존나 어려운거였네 흠,위닝카타고 보타스만큼 하는게 존나 어려운거였네 흠,0.0962095856666565,0.28594937920570374,0.2795189321041107,0.12262953072786331,0.117890365421772,0.09780216217041016
2024-03-03 01:56:35,하 제다는 바레인보단 재밌겠지...?,,After Lap,,하 제다는 바레인보단 재밌겠지...? ,하 제다는 바레인보단 재밌겠지...?,0.2640422582626343,0.24978740513324738,0.2568661570549011,0.08072567731142044,0.07932012528181076,0.06925839930772781
2024-03-03 01:56:56,체코 우승이 홍보로 쓰이냐 ㅋㅋ,어 형이야~,After Lap,,체코 우승이 홍보로 쓰이냐 ㅋㅋ 어 형이야~,체코 우승이 홍보로 쓰이냐 ㅋㅋ 어 형이야~,0.12509945034980774,0.2875117063522339,0.25941598415374756,0.14929312467575073,0.11049026250839233,0.06818949431180954
2024-03-03 01:57:12,쿠팡 급종료 ㅋㅋㅋㅋㅋ,,After Lap,,쿠팡 급종료 ㅋㅋㅋㅋㅋ ,쿠팡 급종료 ㅋㅋㅋㅋㅋ,0.13201163709163666,0.347303569316864,0.12385635823011398,0.17335951328277588,0.05629810690879822,0.16717086732387543
2024-03-03 01:57:14,왜 갑자기 끊기냐?,"+ dc official App
????
- dc official App",After Lap,,"왜 갑자기 끊기냐? + dc official App
????
- dc official App",왜 갑자기 끊기냐? + dc official App ????,0.11007493734359741,0.30664941668510437,0.2096286565065384,0.16453535854816437,0.06418269127607346,0.14492884278297424
2024-03-03 01:57:14,모두가 까먹어 버린 유키의 행동,"https://www.reddit.com/r/formula1/comments/1b4slmg/yuki_divedomb_lockup_on_daniel_after_the/
Reddit - Dive into anything
Reddit - Dive into anything
www.reddit.com
https://imgur.com/a/8xD5kqj
체커기 받고 난 후에 리차드로 한테 돌격하고 락업",After Lap,,"모두가 까먹어 버린 유키의 행동 https://www.reddit.com/r/formula1/comments/1b4slmg/yuki_divedomb_lockup_on_daniel_after_the/
Reddit - Dive into anything
Reddit - Dive into anything
www.reddit.com
https://imgur.com/a/8xD5kqj
체커기 받고 난 후에 리차드로 한테 돌격하고 락업",모두가 까먹어 버린 유키의 행동 Reddit - Dive into anything Reddit - Dive into anything 체커기 받고 난 후에 리차드로 한테 돌격하고 락업,0.2939440608024597,0.2802070379257202,0.15416675806045532,0.12021392583847046,0.05879870802164078,0.09266955405473709
2024-03-03 01:57:21,2시에 끝나는 것도 피곤한데 2시에 시작한다고?,갑자기 꺼지냐 근데,After Lap,,2시에 끝나는 것도 피곤한데 2시에 시작한다고? 갑자기 꺼지냐 근데,2시에 끝나는 것도 피곤한데 2시에 시작한다고? 갑자기 꺼지냐 근데,0.09645360708236694,0.32493796944618225,0.17114000022411346,0.17524465918540955,0.0788482129573822,0.153375506401062
2024-03-03 01:57:21,자기전에…❤+,Make Love,After Lap,,자기전에…❤+ Make Love,자기전에…❤+ Make Love,0.6938552856445312,0.11778604984283447,0.06005510315299034,0.058524295687675476,0.025434471666812897,0.04434475675225258
2024-03-03 01:57:21,어라,,After Lap,,어라 ,어라,0.2883245348930359,0.2189151793718338,0.26362693309783936,0.10009510815143585,0.07286632061004639,0.05617190897464752
2024-03-03 01:57:24,뭔데 쿠팡,"뭐냐
- dc official App",After Lap,,"뭔데 쿠팡 뭐냐
- dc official App",뭔데 쿠팡 뭐냐,0.09542639553546906,0.3005887567996979,0.22814668715000153,0.17337045073509216,0.05576658621430397,0.1467011272907257
2024-03-03 01:57:25,뭐야 이게,"??
- dc official App",After Lap,,"뭐야 이게 ??
- dc official App",뭐야 이게 ??,0.1129070371389389,0.2818860411643982,0.2553248703479767,0.15389637649059296,0.0888981744647026,0.10708744823932648
2024-03-03 01:57:25,쿠플 미친놈들아 왜 끊어,ㅋㅋ,After Lap,,쿠플 미친놈들아 왜 끊어 ㅋㅋ,쿠플 미친놈들아 왜 끊어 ㅋㅋ,0.11492199450731277,0.2665434777736664,0.16290035843849182,0.2667900025844574,0.06514297425746918,0.12370117008686066
2024-03-03 01:57:28,뭐 씨 일정나오다 짜름,야박하네,After Lap,,뭐 씨 일정나오다 짜름 야박하네,뭐 씨 일정나오다 짜름 야박하네,0.13474729657173157,0.2674257457256317,0.10914041101932526,0.23900163173675537,0.036985430866479874,0.21269945800304413
2024-03-03 01:57:32,급뱅종 뭐야,,After Lap,,급뱅종 뭐야 ,급뱅종 뭐야,0.12810535728931427,0.2614502012729645,0.28674671053886414,0.13506686687469482,0.09245134145021439,0.0961795300245285
2024-03-03 01:57:37,중계 하고있는데 짤라버리노ㅋㅋㅋㅋ,대쿠팡ㅋㅋㅋ,After Lap,,중계 하고있는데 짤라버리노ㅋㅋㅋㅋ 대쿠팡ㅋㅋㅋ,중계 하고있는데 짤라버리노ㅋㅋㅋㅋ 대쿠팡ㅋㅋㅋ,0.12129455804824829,0.2790655493736267,0.17369632422924042,0.20810163021087646,0.09675438702106476,0.12108754366636276
2024-03-03 01:57:41,나 궁금한거 있는데 메르강점기땐 앨리슨 욕했냐?,레드불 우승할때마다 뉴이옹 부르짖으면서 발광하는거 존나 웃긴데,After Lap,,나 궁금한거 있는데 메르강점기땐 앨리슨 욕했냐? 레드불 우승할때마다 뉴이옹 부르짖으면서 발광하는거 존나 웃긴데,나 궁금한거 있는데 메르강점기땐 앨리슨 욕했냐? 레드불 우승할때마다 뉴이옹 부르짖으면서 발광하는거 존나 웃긴데,0.11816440522670746,0.21651969850063324,0.24183125793933868,0.2300601303577423,0.09175930172204971,0.10166528075933456
2024-03-03 01:57:47,쿠팡 또 난리노ㅋㅋㅋㅋㅋ,,After Lap,,쿠팡 또 난리노ㅋㅋㅋㅋㅋ ,쿠팡 또 난리노ㅋㅋㅋㅋㅋ,0.18980157375335693,0.2949160635471344,0.1653904765844345,0.1756220906972885,0.0872984305024147,0.08697132021188736
2024-03-03 01:57:50,기습방종 ㅅㅂ ㅋㅋㅋ,ㅋㅋㅋㅋㅋㅋ,After Lap,,기습방종 ㅅㅂ ㅋㅋㅋ ㅋㅋㅋㅋㅋㅋ,기습방종 ㅅㅂ ㅋㅋㅋ ㅋㅋㅋㅋㅋㅋ,0.19460970163345337,0.2881178557872772,0.14781597256660461,0.20924393832683563,0.06933638453483582,0.09087616205215454
2024-03-03 01:57:50,쿠팡 나만바로 홈으로나가졌냐?.,ㅡㅡ,After Lap,,쿠팡 나만바로 홈으로나가졌냐?. ㅡㅡ,쿠팡 나만바로 홈으로나가졌냐?. ㅡㅡ,0.11433067172765732,0.29956603050231934,0.12284456938505173,0.17579412460327148,0.03961794078350067,0.24784664809703827
2024-03-03 01:57:54,Pd 칼퇴근 박아버렸노 ㅋㅋㅋㅋ,ㅋㅋㅋㅋㅋㅋ,After Lap,,Pd 칼퇴근 박아버렸노 ㅋㅋㅋㅋ ㅋㅋㅋㅋㅋㅋ,Pd 칼퇴근 박아버렸노 ㅋㅋㅋㅋ ㅋㅋㅋㅋㅋㅋ,0.5785296559333801,0.16960357129573822,0.09197071939706802,0.07585972547531128,0.038384273648262024,0.04565201699733734
2024-03-03 01:57:55,새로고침 하면 나오긴 함 근데 다시 끊김,,After Lap,,새로고침 하면 나오긴 함 근데 다시 끊김 ,새로고침 하면 나오긴 함 근데 다시 끊김,0.12756547331809998,0.34410470724105835,0.17097702622413635,0.12904678285121918,0.044280339032411575,0.18402566015720367
2024-03-03 01:57:58,쿠팡 씨발 축구 중계도 그냥 틱 끊던데,이제는 말 하는중에 끊네,After Lap,,쿠팡 씨발 축구 중계도 그냥 틱 끊던데 이제는 말 하는중에 끊네,쿠팡 씨발 축구 중계도 그냥 틱 끊던데 이제는 말 하는중에 끊네,0.1350720375776291,0.23810377717018127,0.10477768629789352,0.2681972086429596,0.03541437163949013,0.21843481063842773
2024-03-03 01:57:58,뭐고 ㅋㅋ 토요일 뭐 ㅋㅋ,,After Lap,,뭐고 ㅋㅋ 토요일 뭐 ㅋㅋ ,뭐고 ㅋㅋ 토요일 뭐 ㅋㅋ,0.28370073437690735,0.29791459441185,0.19978737831115723,0.10026614367961884,0.05666971579194069,0.06166144832968712
2024-03-03 01:58:07,쿠팡 PC방 시간 다 끝난듯,"빨리 f1에 돈 결재해라
- dc official App",After Lap,,"쿠팡 PC방 시간 다 끝난듯 빨리 f1에 돈 결재해라
- dc official App",쿠팡 PC방 시간 다 끝난듯 빨리 f1에 돈 결재해라,0.1375821977853775,0.3715759217739105,0.13137267529964447,0.13777245581150055,0.07691087573766708,0.14478589594364166
2024-03-03 01:58:08,당첨자 2시 10분까지 내갤로그에 오카달아라,"https://dclottery.live/result/100743
안오면 줄 새로세움",After Lap,,"당첨자 2시 10분까지 내갤로그에 오카달아라 https://dclottery.live/result/100743
안오면 줄 새로세움",당첨자 2시 10분까지 내갤로그에 오카달아라 안오면 줄 새로세움,0.2494940608739853,0.2660844624042511,0.1892576664686203,0.129949688911438,0.053421709686517715,0.1117924153804779
2024-03-03 01:58:12,토요일 2신데 뭐ㅋㅋㅋㅋ,,After Lap,,토요일 2신데 뭐ㅋㅋㅋㅋ ,토요일 2신데 뭐ㅋㅋㅋㅋ,0.3954026401042938,0.22654864192008972,0.10091423988342285,0.14870697259902954,0.04596685618162155,0.08246063441038132
2024-03-03 01:58:20,어떻게 2시도 안지났냐..,나 아직 자기 싫다고,After Lap,,어떻게 2시도 안지났냐.. 나 아직 자기 싫다고,어떻게 2시도 안지났냐.. 나 아직 자기 싫다고,0.1045617014169693,0.22725573182106018,0.14016592502593994,0.2343018501996994,0.07772286236286163,0.21599191427230835
2024-03-03 01:58:19,근데 사우디 정식 서킷 개장 언제함??,"슬슬 공사 끝날때 된 거 같은데
제다 저 헬에서 언제까지 하는거냐
- dc official App",After Lap,,"근데 사우디 정식 서킷 개장 언제함?? 슬슬 공사 끝날때 된 거 같은데
제다 저 헬에서 언제까지 하는거냐
- dc official App",근데 사우디 정식 서킷 개장 언제함?? 슬슬 공사 끝날때 된 거 같은데 제다 저 헬에서 언제까지 하는거냐,0.09018276631832123,0.2530290186405182,0.20036542415618896,0.15923085808753967,0.11133793741464615,0.1858540028333664
2024-03-03 01:58:25,쿠팡 송출팀 씨발 좆노잼이라 빨리 퇴근 하고 싶었나 ㅋㅋㅋㅋㅋ,갑자기 뚝 끊어버리네 십 ㅋㅋㅋㅋㅋㅋㅋ,After Lap,,쿠팡 송출팀 씨발 좆노잼이라 빨리 퇴근 하고 싶었나 ㅋㅋㅋㅋㅋ 갑자기 뚝 끊어버리네 십 ㅋㅋㅋㅋㅋㅋㅋ,쿠팡 송출팀 씨발 좆노잼이라 빨리 퇴근 하고 싶었나 ㅋㅋㅋㅋㅋ 갑자기 뚝 끊어버리네 십 ㅋㅋㅋㅋㅋㅋㅋ,0.10532438009977341,0.2735441327095032,0.13952995836734772,0.25415995717048645,0.06197615712881088,0.16546541452407837
2024-03-03 01:58:32,아.. 그냥 우리 흥민이형 경기나 보러갈걸,재밌어보이네..,After Lap,,아.. 그냥 우리 흥민이형 경기나 보러갈걸 재밌어보이네..,아.. 그냥 우리 흥민이형 경기나 보러갈걸 재밌어보이네..,0.25569331645965576,0.305806040763855,0.1646125465631485,0.09631209820508957,0.09991228580474854,0.07766369730234146
2024-03-03 01:58:38,다음부턴 걍 라이브 타이밍만 틀어놔야겠다,어짜피 카메라도 안 잡히는거 랩타임이나 보자,After Lap,,다음부턴 걍 라이브 타이밍만 틀어놔야겠다 어짜피 카메라도 안 잡히는거 랩타임이나 보자,다음부턴 걍 라이브 타이밍만 틀어놔야겠다 어짜피 카메라도 안 잡히는거 랩타임이나 보자,0.14972944557666779,0.32925519347190857,0.12662003934383392,0.14902596175670624,0.0654207393527031,0.17994852364063263
2024-03-03 01:58:43,몽골 우승 ㅈㄴ 뻔해서 PD 졸았다에 1표 건다,너무 뻔한거라,After Lap,,몽골 우승 ㅈㄴ 뻔해서 PD 졸았다에 1표 건다 너무 뻔한거라,몽골 우승 ㅈㄴ 뻔해서 PD 졸았다에 1표 건다 너무 뻔한거라,0.07403281331062317,0.2736714780330658,0.2078188806772232,0.1935214251279831,0.06751982867717743,0.1834355890750885
2024-03-03 01:58:43,pd 못참고 컷해버렸노 엌ㅋㅋ,엌ㅋㅋㅋ,After Lap,,pd 못참고 컷해버렸노 엌ㅋㅋ 엌ㅋㅋㅋ,pd 못참고 컷해버렸노 엌ㅋㅋ 엌ㅋㅋㅋ,0.17455792427062988,0.31978166103363037,0.18118685483932495,0.15039896965026855,0.08969718962907791,0.08437734842300415
2024-03-03 01:58:48,저격규정으로 느려지는 차는?,정답 : ㅍㄹㄹ,After Lap,,저격규정으로 느려지는 차는? 정답 : ㅍㄹㄹ,저격규정으로 느려지는 차는? 정답 : ㅍㄹㄹ,0.2640499472618103,0.22789902985095978,0.29099878668785095,0.0916832759976387,0.06989491730928421,0.05547405406832695
2024-03-03 01:58:50,츠노다 레이스 끝나고 리카도한테 레이트 브레이킹갈김,"https://youtu.be/lWVn_pSTXFU
Tsunoda DIVEBOMBS Ricciardo After the Race | 2024 Bahrain Grand Prix
Subscribe.. because you're not as dumb as a Ferrari strategist?
youtu.be
ㄹㅇ 개빡쳤나보다 ㅋㅋㅋ",After Lap,,"츠노다 레이스 끝나고 리카도한테 레이트 브레이킹갈김 https://youtu.be/lWVn_pSTXFU
Tsunoda DIVEBOMBS Ricciardo After the Race | 2024 Bahrain Grand Prix
Subscribe.. because you're not as dumb as a Ferrari strategist?
youtu.be
ㄹㅇ 개빡쳤나보다 ㅋㅋㅋ",츠노다 레이스 끝나고 리카도한테 레이트 브레이킹갈김 Tsunoda DIVEBOMBS Ricciardo After the Race | 2024 Bahrain Grand Prix Subscribe.. because you're not as dumb as a Ferrari strategist? youtu.be ㄹㅇ 개빡쳤나보다 ㅋㅋㅋ,0.4446675181388855,0.18544408679008484,0.1850154548883438,0.09774286299943924,0.048711881041526794,0.0384182445704937
2024-03-03 01:58:55,쿠팡 뭐임,"피디도 경기 노잼이라 졸다가
종료버튼 잘 못 눌렀나
- dc official App",After Lap,,"쿠팡 뭐임 피디도 경기 노잼이라 졸다가
종료버튼 잘 못 눌렀나
- dc official App",쿠팡 뭐임 피디도 경기 노잼이라 졸다가 종료버튼 잘 못 눌렀나,0.07346922159194946,0.28590694069862366,0.24399076402187347,0.17211361229419708,0.057909056544303894,0.16661038994789124
2024-03-03 01:59:00,아니 소프트 20랩 어케한거지,"미친놈들이네
- dc official App",After Lap,,"아니 소프트 20랩 어케한거지 미친놈들이네
- dc official App",아니 소프트 20랩 어케한거지 미친놈들이네,0.0945238322019577,0.21214061975479126,0.256078839302063,0.22061584889888763,0.09411158412694931,0.12252923101186752
2024-03-03 01:59:09,F1 TV 이거 되는거임??,"멀뷰 함 써볼라고 공식앱에서 긁었더니 잘되길래 그러는데 원래 프로 아니면 되는거임? VPN도 안쓰고 뭐 따로 손댄거 없음..
아니면 프로만 쓰다가 막혔던거임? 원래 F1 TV는 됐던거고? 프로도 문제없이 되면 올해 한번은 긁어서 써볼까 싶은데 ㅠㅠ",After Lap,,"F1 TV 이거 되는거임?? 멀뷰 함 써볼라고 공식앱에서 긁었더니 잘되길래 그러는데 원래 프로 아니면 되는거임? VPN도 안쓰고 뭐 따로 손댄거 없음..
아니면 프로만 쓰다가 막혔던거임? 원래 F1 TV는 됐던거고? 프로도 문제없이 되면 올해 한번은 긁어서 써볼까 싶은데 ㅠㅠ",F1 TV 이거 되는거임?? 멀뷰 함 써볼라고 공식앱에서 긁었더니 잘되길래 그러는데 원래 프로 아니면 되는거임? VPN도 안쓰고 뭐 따로 손댄거 없음.. 아니면 프로만 쓰다가 막혔던거임? 원래 F1 TV는 됐던거고? 프로도 문제없이 되면 올해 한번은 긁어서 써볼까 싶은데 ㅠㅠ,0.16453495621681213,0.2619575560092926,0.26497939229011536,0.10179411619901657,0.09689563512802124,0.1098383218050003
2024-03-03 01:59:20,본질 보고 르끌로 f1 입덕한 뉴빈데,"어제 퀄리 오늘 gp 풀로 첨 봄
솔까 르끌 와꾸 때매 f1 입덕-> 티포시 -> 사인츠도 호감
루트 탔고
f1 파면 재밌을 줄 알았는데 스트레스 더 유발됨 ㅋㅋㅋㅋ
르끌 사인지 각각 ㅈㄴ ㄹㅈㄷ 경기 뭔지 두개씩만 알려주면 개같이 감사함
19 몬자만 안다",After Lap,,"본질 보고 르끌로 f1 입덕한 뉴빈데 어제 퀄리 오늘 gp 풀로 첨 봄
솔까 르끌 와꾸 때매 f1 입덕-> 티포시 -> 사인츠도 호감
루트 탔고
f1 파면 재밌을 줄 알았는데 스트레스 더 유발됨 ㅋㅋㅋㅋ
르끌 사인지 각각 ㅈㄴ ㄹㅈㄷ 경기 뭔지 두개씩만 알려주면 개같이 감사함
19 몬자만 안다",본질 보고 르끌로 f1 입덕한 뉴빈데 어제 퀄리 오늘 gp 풀로 첨 봄 솔까 르끌 와꾸 때매 f1 입덕-> 티포시 -> 사인츠도 호감 루트 탔고 f1 파면 재밌을 줄 알았는데 스트레스 더 유발됨 ㅋㅋㅋㅋ 르끌 사인지 각각 ㅈㄴ ㄹㅈㄷ 경기 뭔지 두개씩만 알려주면 개같이 감사함 19 몬자만 안다,0.24720589816570282,0.2331145703792572,0.12238042801618576,0.19007791578769684,0.07670693099498749,0.1305142194032669
2024-03-03 01:59:20,wec 아직 함?,하면 링크점,After Lap,,wec 아직 함? 하면 링크점,wec 아직 함? 하면 링크점,0.3018556833267212,0.21281999349594116,0.27596408128738403,0.08511392027139664,0.07406150549650192,0.05018487200140953
2024-03-03 01:59:32,경기 좆노잼이라 방송 빨리 끊어버린 쿠팡 PD면 개추,ㅇㅇ,After Lap,,경기 좆노잼이라 방송 빨리 끊어버린 쿠팡 PD면 개추 ㅇㅇ,경기 좆노잼이라 방송 빨리 끊어버린 쿠팡 PD면 개추 ㅇㅇ,0.1557365506887436,0.23544709384441376,0.1511722058057785,0.22135020792484283,0.08633479475975037,0.14995907247066498
2024-03-03 01:59:40,사우디서킷은 이분 볼수있는거냐,"Goat.
- dc official App",After Lap,,"사우디서킷은 이분 볼수있는거냐 Goat.
- dc official App",사우디서킷은 이분 볼수있는거냐 Goat.,0.3024671971797943,0.2274838536977768,0.2632084786891937,0.08232847601175308,0.07421401888132095,0.05029791593551636
2024-03-03 01:59:42,급방종까지 되니 노잼시즌 걱정되네,"이러다 몇년후에 쿠팡 계약연장안하는거아니냐.
- dc official App",After Lap,,"급방종까지 되니 노잼시즌 걱정되네 이러다 몇년후에 쿠팡 계약연장안하는거아니냐.
- dc official App",급방종까지 되니 노잼시즌 걱정되네 이러다 몇년후에 쿠팡 계약연장안하는거아니냐.,0.09868970513343811,0.2869746685028076,0.2638525664806366,0.12365901470184326,0.08649855852127075,0.14032550156116486
