post_timestamp,post_title,post_content,Lap_Label,LapNumber,combined_raw_text,processed_text,LABEL_3,LABEL_1,LABEL_5,LABEL_0,LABEL_4,LABEL_2
2024-09-22 21:00:06,오늘의 안캐쇼 모음.txt,"[시리즈] 안캐쇼 모음
· 오늘의 안캐쇼 모음.txt
· 오늘의 안캐쇼 모음.txt
일관성은 자우버가 최고
저우 관유 발테리 보타스
체코 아직 기억
피에르 가슬리
수많은 서킷에 남겨진 족적
다니엘 리카도
다시 돌아왔다고 해야될까요
세르히오 페레즈
플랜B 복분자
알렉산더 알본
제발 이것도 계획이라고 해줘
카를로그 사인즈 샤를 르끌레르
이정도면 다해줬잖아
페르난도 알론소
나에게만 엄격했던 포디움
니코 헐크
꿈과 희망의 로켓배송
조지 러셀
Fia와 대치중인
막스 베르스타펜
안녕하지 못한 첫랩
랜도 노리스",Before Lap,,"오늘의 안캐쇼 모음.txt [시리즈] 안캐쇼 모음
· 오늘의 안캐쇼 모음.txt
· 오늘의 안캐쇼 모음.txt
일관성은 자우버가 최고
저우 관유 발테리 보타스
체코 아직 기억
피에르 가슬리
수많은 서킷에 남겨진 족적
다니엘 리카도
다시 돌아왔다고 해야될까요
세르히오 페레즈
플랜B 복분자
알렉산더 알본
제발 이것도 계획이라고 해줘
카를로그 사인즈 샤를 르끌레르
이정도면 다해줬잖아
페르난도 알론소
나에게만 엄격했던 포디움
니코 헐크
꿈과 희망의 로켓배송
조지 러셀
Fia와 대치중인
막스 베르스타펜
안녕하지 못한 첫랩
랜도 노리스",오늘의 안캐쇼 모음.txt [시리즈] 안캐쇼 모음 · 오늘의 안캐쇼 모음.txt · 오늘의 안캐쇼 모음.txt 일관성은 자우버가 최고 저우 관유 발테리 보타스 체코 아직 기억 피에르 가슬리 수많은 서킷에 남겨진 족적 다니엘 리카도 다시 돌아왔다고 해야될까요 세르히오 페레즈 플랜B 복분자 알렉산더 알본 제발 이것도 계획이라고 해줘 카를로그 사인즈 샤를 르끌레르 이정도면 다해줬잖아 페르난도 알론소 나에게만 엄격했던 포디움 니코 헐크 꿈과 희망의 로켓배송 조지 러셀 Fia와 대치중인 막스 베르스타펜 안녕하지 못한 첫랩 랜도 노리스,0.5494644641876221,0.16085152328014374,0.10522100329399109,0.07225708663463593,0.06621485203504562,0.04599113389849663
2024-09-22 21:00:08,맥라렌 신라호텔이 후원하나보네,첨 알았노,Before Lap,,맥라렌 신라호텔이 후원하나보네 첨 알았노,맥라렌 신라호텔이 후원하나보네 첨 알았노,0.14635971188545227,0.2131955772638321,0.3483063876628876,0.1237388476729393,0.05602135881781578,0.11237815022468567
2024-09-22 21:00:08,물탕경 350전 ㄷㄷ,- dc official App,Before Lap,,물탕경 350전 ㄷㄷ - dc official App,물탕경 350전 ㄷㄷ - dc official App,0.2868745028972626,0.21102029085159302,0.2913527190685272,0.09604914486408234,0.04122599959373474,0.07347731292247772
2024-09-22 21:00:18,신라면세점 뭐냐?,,Before Lap,,신라면세점 뭐냐? ,신라면세점 뭐냐?,0.12092502415180206,0.28502747416496277,0.2673393785953522,0.14515070617198944,0.11411813646554947,0.06743934750556946
2024-09-22 21:00:23,아까 관중석여자뭐냐,존나 크네,Before Lap,,아까 관중석여자뭐냐 존나 크네,아까 관중석여자뭐냐 존나 크네,0.10850884020328522,0.21779638528823853,0.28246715664863586,0.19214656949043274,0.08794960379600525,0.11113147437572479
2024-09-22 21:00:26,물탕 리카도 소프트 스타트,ㅋㅋㅋㅋㅋ,Before Lap,,물탕 리카도 소프트 스타트 ㅋㅋㅋㅋㅋ,물탕 리카도 소프트 스타트 ㅋㅋㅋㅋㅋ,0.7074682116508484,0.10670967400074005,0.07481663674116135,0.057478588074445724,0.03041333705186844,0.023113515228033066
2024-09-22 21:00:27,중연)) 노리스 또따이네 ㅋㅋㅋ,,Before Lap,,중연)) 노리스 또따이네 ㅋㅋㅋ ,중연)) 노리스 또따이네 ㅋㅋㅋ,0.6282121539115906,0.148845836520195,0.08041243255138397,0.07084827870130539,0.04221898689866066,0.029462341219186783
2024-09-22 21:00:29,뚱녀들 뭐임 ㄷㄷㄷ,ㄷㄷ,Before Lap,,뚱녀들 뭐임 ㄷㄷㄷ ㄷㄷ,뚱녀들 뭐임 ㄷㄷㄷ ㄷㄷ,0.12341411411762238,0.1944432407617569,0.33645927906036377,0.1520851105451584,0.06613653153181076,0.1274617463350296
2024-09-22 21:00:34,맥라렌 차에 신라 면세점 뭐노 ㅋㅋㅋ,,Before Lap,,맥라렌 차에 신라 면세점 뭐노 ㅋㅋㅋ ,맥라렌 차에 신라 면세점 뭐노 ㅋㅋㅋ,0.12249910086393356,0.2470531016588211,0.3270432949066162,0.1350928544998169,0.0732678696513176,0.09504377096891403
2024-09-22 21:00:37,포메이션랩 입갤 ㅋㅋㅋㅋㅋㅋㅋ,,Before Lap,,포메이션랩 입갤 ㅋㅋㅋㅋㅋㅋㅋ ,포메이션랩 입갤 ㅋㅋㅋㅋㅋㅋㅋ,0.6954295039176941,0.10575168579816818,0.08020824939012527,0.05885213613510132,0.03298896551132202,0.026769448071718216
2024-09-22 21:00:37,케로: 알론소<<양만 많고 질은 별로,해밀턴은 질이 좋다,Before Lap,,케로: 알론소<<양만 많고 질은 별로 해밀턴은 질이 좋다,케로: 알론소<<양만 많고 질은 별로 해밀턴은 질이 좋다,0.289202481508255,0.2621977627277374,0.188186913728714,0.10506360232830048,0.10957460850477219,0.045774590224027634
2024-09-22 21:00:38,ㅅㅂ 늦었다,그리드 소개 못 들었네,Before Lap,,ㅅㅂ 늦었다 그리드 소개 못 들었네,ㅅㅂ 늦었다 그리드 소개 못 들었네,0.10909923911094666,0.277238130569458,0.10637359321117401,0.23015478253364563,0.23215289413928986,0.044981345534324646
2024-09-22 21:00:41,경 소프트?,,Before Lap,,경 소프트? ,경 소프트?,0.25108757615089417,0.22148418426513672,0.310619056224823,0.09278112649917603,0.056453678756952286,0.06757437437772751
2024-09-22 21:00:44,잘 모르는데 로켓배송이랑 쥬지랑 무슨 상관임?,ㅇㅇ,Before Lap,,잘 모르는데 로켓배송이랑 쥬지랑 무슨 상관임? ㅇㅇ,잘 모르는데 로켓배송이랑 쥬지랑 무슨 상관임? ㅇㅇ,0.14051389694213867,0.23249971866607666,0.3508000373840332,0.11530593037605286,0.07074300199747086,0.09013740718364716
2024-09-22 21:00:44,경도박ㅋㅋㅋ,,Before Lap,,경도박ㅋㅋㅋ ,경도박ㅋㅋㅋ,0.68543541431427,0.11315372586250305,0.08364608138799667,0.06077178567647934,0.03196544572710991,0.025027500465512276
2024-09-22 21:00:45,소프트경 ㅋㅋㅋ,"ㅋㅋ
- dc official App",Before Lap,,"소프트경 ㅋㅋㅋ ㅋㅋ
- dc official App",소프트경 ㅋㅋㅋ ㅋㅋ,0.6902174353599548,0.11999645084142685,0.07623198628425598,0.056640129536390305,0.03210205212235451,0.024811943992972374
2024-09-22 21:00:45,경 소프트 ㄷㄷㄷㄷ,ㄷㄷㄷ,Before Lap,,경 소프트 ㄷㄷㄷㄷ ㄷㄷㄷ,경 소프트 ㄷㄷㄷㄷ ㄷㄷㄷ,0.1788093000650406,0.21392026543617249,0.3289002478122711,0.11408692598342896,0.050958048552274704,0.11332517117261887
2024-09-22 21:00:46,같은 f1인데 뭔가 오늘따라 심장 찌릿거리네,,Before Lap,,같은 f1인데 뭔가 오늘따라 심장 찌릿거리네 ,같은 f1인데 뭔가 오늘따라 심장 찌릿거리네,0.6079160571098328,0.16113890707492828,0.10448562353849411,0.05313227325677872,0.03603784739971161,0.03728923201560974
2024-09-22 21:00:47,물탕이햄 소프투 ㄷㄷㄷㄷ,,Before Lap,,물탕이햄 소프투 ㄷㄷㄷㄷ ,물탕이햄 소프투 ㄷㄷㄷㄷ,0.3488532304763794,0.20515753328800201,0.26208364963531494,0.08280634880065918,0.0321587398648262,0.06894049793481827
2024-09-22 21:00:47,대물탕 부드럽노,- dc official App,Before Lap,,대물탕 부드럽노 - dc official App,대물탕 부드럽노 - dc official App,0.6173221468925476,0.14428198337554932,0.11373027414083481,0.06171189248561859,0.03369959071278572,0.029254114255309105
2024-09-22 21:00:49,경 소프트 뭐냐? ㅋㅋㅋㅋㅋㅋㅋ,"ㅇ
- dc official App",Before Lap,,"경 소프트 뭐냐? ㅋㅋㅋㅋㅋㅋㅋ ㅇ
- dc official App",경 소프트 뭐냐? ㅋㅋㅋㅋㅋㅋㅋ ㅇ,0.20823393762111664,0.2647276222705841,0.28218042850494385,0.11379890888929367,0.05999010428786278,0.07106902450323105
2024-09-22 21:00:54,대물탕 소프트 ㄷㄷㄷㄷ,,Before Lap,,대물탕 소프트 ㄷㄷㄷㄷ ,대물탕 소프트 ㄷㄷㄷㄷ,0.2021428793668747,0.20776794850826263,0.33960777521133423,0.1066388338804245,0.044844601303339005,0.09899801015853882
2024-09-22 21:00:57,소프트맞음?아니ㅋㅋ,씹,Before Lap,,소프트맞음?아니ㅋㅋ 씹,소프트맞음?아니ㅋㅋ 씹,0.09340576827526093,0.2562945783138275,0.22682471573352814,0.19161325693130493,0.14503732323646545,0.08682440966367722
2024-09-22 21:00:59,경 소프트 뭐고,ㅅㅂ,Before Lap,,경 소프트 뭐고 ㅅㅂ,경 소프트 뭐고 ㅅㅂ,0.126225084066391,0.2309315949678421,0.13899381458759308,0.2923896610736847,0.17538577318191528,0.036074016243219376
2024-09-22 21:01:00,더 신라 면세점이 왜 맥라렌 리버리에 있지,언제 스폰했냐,Before Lap,,더 신라 면세점이 왜 맥라렌 리버리에 있지 언제 스폰했냐,더 신라 면세점이 왜 맥라렌 리버리에 있지 언제 스폰했냐,0.10609862208366394,0.2071598619222641,0.35064154863357544,0.15852415561676025,0.09626128524541855,0.08131454139947891
2024-09-22 21:01:01,해물탕 소프트 뭐냐 ㄷㄷㄷ,,Before Lap,,해물탕 소프트 뭐냐 ㄷㄷㄷ ,해물탕 소프트 뭐냐 ㄷㄷㄷ,0.11564075946807861,0.23078230023384094,0.2871219515800476,0.16086965799331665,0.09144215285778046,0.11414318531751633
2024-09-22 21:01:02,경의 품격 예고ㅋㅋㅋㅋㅋ,소프트,Before Lap,,경의 품격 예고ㅋㅋㅋㅋㅋ 소프트,경의 품격 예고ㅋㅋㅋㅋㅋ 소프트,0.6400710344314575,0.13212625682353973,0.09899529814720154,0.06845935434103012,0.030871635302901268,0.029476433992385864
2024-09-22 21:01:03,물탕이햄 타깎노 선언 ㄷㄷㄷㄷㄷ,,Before Lap,,물탕이햄 타깎노 선언 ㄷㄷㄷㄷㄷ ,물탕이햄 타깎노 선언 ㄷㄷㄷㄷㄷ,0.3213964104652405,0.19312362372875214,0.2719048261642456,0.08385220915079117,0.03476421907544136,0.09495869278907776
2024-09-22 21:01:04,경의 도박 ㄷㄷㄷ,"ㄷㄷ
- dc official App",Before Lap,,"경의 도박 ㄷㄷㄷ ㄷㄷ
- dc official App",경의 도박 ㄷㄷㄷ ㄷㄷ,0.11950678378343582,0.19527804851531982,0.3449762761592865,0.13919289410114288,0.0751885399222374,0.12585748732089996
2024-09-22 21:01:04,해밀턴 시작하자마자 그 그림 그리는거?,"헉
- dc official App",Before Lap,,"해밀턴 시작하자마자 그 그림 그리는거? 헉
- dc official App",해밀턴 시작하자마자 그 그림 그리는거? 헉,0.2048529088497162,0.21567603945732117,0.3234277069568634,0.10671480745077133,0.04459487646818161,0.10473369807004929
2024-09-22 21:01:05,경 소프트?,,Before Lap,,경 소프트? ,경 소프트?,0.25108757615089417,0.22148418426513672,0.310619056224823,0.09278112649917603,0.056453678756952286,0.06757437437772751
2024-09-22 21:01:06,경 도박 뭔데 ㅋㅋㅋㅋ,ㅋㅋㅋ,Before Lap,,경 도박 뭔데 ㅋㅋㅋㅋ ㅋㅋㅋ,경 도박 뭔데 ㅋㅋㅋㅋ ㅋㅋㅋ,0.16631561517715454,0.2918224036693573,0.2597300112247467,0.1326923370361328,0.06473574042320251,0.08470382541418076
2024-09-22 21:01:07,경의 소프트 ㄷㄷ,,Before Lap,,경의 소프트 ㄷㄷ ,경의 소프트 ㄷㄷ,0.18252316117286682,0.2017316222190857,0.3499174118041992,0.11657360196113586,0.04812302067875862,0.10113122314214706
2024-09-22 21:01:09,소프트물탕 ㅋㅋㅋㅋ,뭔깡이나ㅓ,Before Lap,,소프트물탕 ㅋㅋㅋㅋ 뭔깡이나ㅓ,소프트물탕 ㅋㅋㅋㅋ 뭔깡이나ㅓ,0.15385489165782928,0.28530627489089966,0.27279847860336304,0.12826064229011536,0.0624237060546875,0.09735602140426636
2024-09-22 21:01:09,대물탕 소프트로 1위 따겠다는 의지 ㄷㄷ,,Before Lap,,대물탕 소프트로 1위 따겠다는 의지 ㄷㄷ ,대물탕 소프트로 1위 따겠다는 의지 ㄷㄷ,0.16758397221565247,0.1938697248697281,0.34027400612831116,0.11862583458423615,0.05460921674966812,0.12503722310066223
2024-09-22 21:01:14,123 ㅈㄴ 재밈ㅅ겠는데,와 소프트 ㅋㅋㅋㅋ,Before Lap,,123 ㅈㄴ 재밈ㅅ겠는데 와 소프트 ㅋㅋㅋㅋ,123 ㅈㄴ 재밈ㅅ겠는데 와 소프트 ㅋㅋㅋㅋ,0.5682348012924194,0.16131168603897095,0.1341409981250763,0.06954317539930344,0.0316372849047184,0.03513206169009209
2024-09-22 21:01:15,러셀에게 배운 도박 ㅋㅋㅋㅋㅋㅋㅋㅋ,ㅋㅋㅋㅋ,Before Lap,,러셀에게 배운 도박 ㅋㅋㅋㅋㅋㅋㅋㅋ ㅋㅋㅋㅋ,러셀에게 배운 도박 ㅋㅋㅋㅋㅋㅋㅋㅋ ㅋㅋㅋㅋ,0.45009565353393555,0.21866361796855927,0.11443349719047546,0.11455635726451874,0.0557408407330513,0.046509962528944016
2024-09-22 21:01:17,물탕이햄 소프트하네 ㅋㅋㅋㅋ,,Before Lap,,물탕이햄 소프트하네 ㅋㅋㅋㅋ ,물탕이햄 소프트하네 ㅋㅋㅋㅋ,0.6457918882369995,0.1374596655368805,0.09319892525672913,0.05605800449848175,0.03316923603415489,0.03432221710681915
2024-09-22 21:01:19,경 시발 시작부터 '품격' 일발장전 ㅋㅋㅋㅋㅋㅋㅋㅋㅋㅋㅋ,엌ㅋㅋㅋㅋㅋㅋㅋㅋㅋㅋㅋㅋㅋㅋ,Before Lap,,경 시발 시작부터 '품격' 일발장전 ㅋㅋㅋㅋㅋㅋㅋㅋㅋㅋㅋ 엌ㅋㅋㅋㅋㅋㅋㅋㅋㅋㅋㅋㅋㅋㅋ,경 시발 시작부터 '품격' 일발장전 ㅋㅋㅋㅋㅋㅋㅋㅋㅋㅋㅋ 엌ㅋㅋㅋㅋㅋㅋㅋㅋㅋㅋㅋㅋㅋㅋ,0.52696692943573,0.17541982233524323,0.13121333718299866,0.08753778040409088,0.03950271010398865,0.03935936465859413
2024-09-22 21:01:21,경의 품격 나오냐?,기대한다ㅋㅋㅋ,Before Lap,,경의 품격 나오냐? 기대한다ㅋㅋㅋ,경의 품격 나오냐? 기대한다ㅋㅋㅋ,0.45099499821662903,0.18970754742622375,0.17913472652435303,0.08324330300092697,0.04833159223198891,0.04858781024813652
2024-09-22 21:01:23,해밀턴 뭔데?,3위에 소프트는 엄청난 도박인데 ㅋ,Before Lap,,해밀턴 뭔데? 3위에 소프트는 엄청난 도박인데 ㅋ,해밀턴 뭔데? 3위에 소프트는 엄청난 도박인데 ㅋ,0.11422281712293625,0.2351483702659607,0.34450191259384155,0.13338683545589447,0.06703641265630722,0.10570365190505981
2024-09-22 21:01:28,몽물대전각이노 ㅋㅋㅋ,컄,Before Lap,,몽물대전각이노 ㅋㅋㅋ 컄,몽물대전각이노 ㅋㅋㅋ 컄,0.6993609666824341,0.11062933504581451,0.07465731352567673,0.058514006435871124,0.03135426342487335,0.025484170764684677
2024-09-22 21:01:28,피완 벗기기 드가자~~~~,,Before Lap,,피완 벗기기 드가자~~~~ ,피완 벗기기 드가자~~~~,0.6817271709442139,0.11003980040550232,0.07891695946455002,0.06530912220478058,0.036502912640571594,0.027503961697220802
2024-09-22 21:01:31,소프트 하드로 타이어깎음??,,Before Lap,,소프트 하드로 타이어깎음?? ,소프트 하드로 타이어깎음??,0.1583382934331894,0.2058592438697815,0.3607292175292969,0.1131681427359581,0.06116863712668419,0.10073646903038025
2024-09-22 21:01:31,노리스는 왜 왔다갔다 안하냐,,Before Lap,,노리스는 왜 왔다갔다 안하냐 ,노리스는 왜 왔다갔다 안하냐,0.11635898798704147,0.3210643231868744,0.2114042490720749,0.14997796714305878,0.15816949307918549,0.043025001883506775
2024-09-22 21:01:32,알국왕 첫코너에서 4위까지 올라가자 ㅅㅅ,,Before Lap,,알국왕 첫코너에서 4위까지 올라가자 ㅅㅅ ,알국왕 첫코너에서 4위까지 올라가자 ㅅㅅ,0.6768801808357239,0.11953370273113251,0.0768621563911438,0.05739711970090866,0.0367182157933712,0.03260859474539757
2024-09-22 21:01:36,사인츠 솦도박 안 하네,"하나 남은거 해볼만해보이는데
- dc official App",Before Lap,,"사인츠 솦도박 안 하네 하나 남은거 해볼만해보이는데
- dc official App",사인츠 솦도박 안 하네 하나 남은거 해볼만해보이는데,0.18804356455802917,0.2924276292324066,0.2690209448337555,0.09054256975650787,0.09125112742185593,0.06871414929628372
2024-09-22 21:01:38,르끌이 포메이션 랩 돌다가 꼴박한게 언제임?,그때 찰스 르클럭 자아가 장악했던거임?,Before Lap,,르끌이 포메이션 랩 돌다가 꼴박한게 언제임? 그때 찰스 르클럭 자아가 장악했던거임?,르끌이 포메이션 랩 돌다가 꼴박한게 언제임? 그때 찰스 르클럭 자아가 장악했던거임?,0.1539401113986969,0.20716871321201324,0.34551766514778137,0.11630511283874512,0.057060737162828445,0.12000764906406403
2024-09-22 21:01:39,소프트 원스탑 가능함?,소프트시작하네,Before Lap,,소프트 원스탑 가능함? 소프트시작하네,소프트 원스탑 가능함? 소프트시작하네,0.22724588215351105,0.2212487757205963,0.30214378237724304,0.09029441326856613,0.05910442769527435,0.0999627411365509
2024-09-22 21:01:41,해물탕 피아스트리 할 예정임?,?,Before Lap,,해물탕 피아스트리 할 예정임? ?,해물탕 피아스트리 할 예정임? ?,0.3153100907802582,0.21284835040569305,0.2688049376010895,0.08244360983371735,0.04809331148862839,0.07249967008829117
2024-09-22 21:01:43,메르 과욕ㅋㅋㅋ,아..,Before Lap,,메르 과욕ㅋㅋㅋ 아..,메르 과욕ㅋㅋㅋ 아..,0.11243999749422073,0.34131520986557007,0.14945755898952484,0.1721237450838089,0.14284411072731018,0.08181940019130707
2024-09-22 21:01:43,경의 품격으로 셒카 발동후 피트인 전략ㅋㅋㅋ,,Before Lap,,경의 품격으로 셒카 발동후 피트인 전략ㅋㅋㅋ ,경의 품격으로 셒카 발동후 피트인 전략ㅋㅋㅋ,0.511946976184845,0.16116288304328918,0.15345942974090576,0.09212936460971832,0.038974348455667496,0.042326975613832474
2024-09-22 21:01:44,세엑스 고고슈우우웃!,- dc official App,Before Lap,,세엑스 고고슈우우웃! - dc official App,세엑스 고고슈우우웃! - dc official App,0.6950179934501648,0.1130937933921814,0.0727517157793045,0.05674637481570244,0.03563316538929939,0.026756934821605682
2024-09-22 21:01:49,스타트때 노리스 3위로 내려가는거 아니냐,경의 소프트 심상치 않다,Before Lap,,스타트때 노리스 3위로 내려가는거 아니냐 경의 소프트 심상치 않다,스타트때 노리스 3위로 내려가는거 아니냐 경의 소프트 심상치 않다,0.15264925360679626,0.2080192118883133,0.34931308031082153,0.10572165995836258,0.06588821858167648,0.11840859055519104
2024-09-22 21:01:50,??? : 너 스타트 개못하잖아,ㄹㅇㅋㅋ,Before Lap,,??? : 너 스타트 개못하잖아 ㄹㅇㅋㅋ,??? : 너 스타트 개못하잖아 ㄹㅇㅋㅋ,0.08462351560592651,0.2510141432285309,0.2786369323730469,0.1886829286813736,0.09568462520837784,0.10135788470506668
2024-09-22 21:01:53,막스 해밀턴 박을 거 같으면 개추 ㅋㅋㅋㅋㅋㅋ,,Before Lap,,막스 해밀턴 박을 거 같으면 개추 ㅋㅋㅋㅋㅋㅋ ,막스 해밀턴 박을 거 같으면 개추 ㅋㅋㅋㅋㅋㅋ,0.6116751432418823,0.13749662041664124,0.11360856145620346,0.06690734624862671,0.034129612147808075,0.03618269041180611
2024-09-22 21:01:54,하필 리카도도 소프트라 믿음이 안가농ㅋㅋ,ㅋㅋㅋㅋ,Before Lap,,하필 리카도도 소프트라 믿음이 안가농ㅋㅋ ㅋㅋㅋㅋ,하필 리카도도 소프트라 믿음이 안가농ㅋㅋ ㅋㅋㅋㅋ,0.10245484113693237,0.31764423847198486,0.25625625252723694,0.13560207188129425,0.12342438101768494,0.06461820751428604
2024-09-22 21:01:58,저거 좀 간진데?,- dc official App,Before Lap,,저거 좀 간진데? - dc official App,저거 좀 간진데? - dc official App,0.36319276690483093,0.2049018144607544,0.24933651089668274,0.08244173973798752,0.03423302248120308,0.06589418649673462
2024-09-22 21:02:00,와 샌즈 ㅋㅋ,,Before Lap,,와 샌즈 ㅋㅋ ,와 샌즈 ㅋㅋ,0.6686837077140808,0.1306394785642624,0.08891512453556061,0.05289728194475174,0.030821682885289192,0.028042729943990707
2024-09-22 21:02:03,소프트 = 담구고 빠르게 핏하겠다,ㅋㅋㅋㅋㅋㅋㅋㅋㅋ,1,1.0,소프트 = 담구고 빠르게 핏하겠다 ㅋㅋㅋㅋㅋㅋㅋㅋㅋ,소프트 = 담구고 빠르게 핏하겠다 ㅋㅋㅋㅋㅋㅋㅋㅋㅋ,0.5900275707244873,0.1497042030096054,0.10952717810869217,0.07339160889387131,0.03954347223043442,0.03780599310994148
2024-09-22 21:02:04,물탕이 노리스 몽골 둘중 한놈은 담구겠네,ㅋㅋㅋㅋㅋ,1,1.0,물탕이 노리스 몽골 둘중 한놈은 담구겠네 ㅋㅋㅋㅋㅋ,물탕이 노리스 몽골 둘중 한놈은 담구겠네 ㅋㅋㅋㅋㅋ,0.2010386735200882,0.20406708121299744,0.3049757480621338,0.13924238085746765,0.04844361171126366,0.10223246365785599
2024-09-22 21:02:05,그래픽 뭐노 ㅋㅋ,- dc official App,1,1.0,그래픽 뭐노 ㅋㅋ - dc official App,그래픽 뭐노 ㅋㅋ - dc official App,0.13446536660194397,0.25387710332870483,0.34058287739753723,0.1162523701786995,0.07534419000148773,0.07947801798582077
2024-09-22 21:02:09,개쩐다 ㄷㄷㄷ,- dc official App,1,1.0,개쩐다 ㄷㄷㄷ - dc official App,개쩐다 ㄷㄷㄷ - dc official App,0.32144472002983093,0.1970638483762741,0.2719021737575531,0.09375491738319397,0.03990360349416733,0.07593072950839996
2024-09-22 21:02:09,오늘 정배 투스탑임?,원스탑이면 소프트 힘들지않나,1,1.0,오늘 정배 투스탑임? 원스탑이면 소프트 힘들지않나,오늘 정배 투스탑임? 원스탑이면 소프트 힘들지않나,0.14895595610141754,0.23688291013240814,0.34502390027046204,0.09739524871110916,0.07052332907915115,0.10121868550777435
2024-09-22 21:02:09,아오 싱가폴 야경 보니 또 가고 싶네,ㅇㅇ,1,1.0,아오 싱가폴 야경 보니 또 가고 싶네 ㅇㅇ,아오 싱가폴 야경 보니 또 가고 싶네 ㅇㅇ,0.6345582604408264,0.13794958591461182,0.09690665453672409,0.05538617819547653,0.037290070205926895,0.037909239530563354
2024-09-22 21:02:12,드가자드가자,- dc official App,1,1.0,드가자드가자 - dc official App,드가자드가자 - dc official App,0.6590206623077393,0.12519356608390808,0.09032592177391052,0.06049269437789917,0.03835754469037056,0.026609644293785095
2024-09-22 21:02:13,경 소프트 노가 몽 막는동안 둘다 따먹겠다 아님?,"쓰리썸은 역시 대물탕
- dc official App",1,1.0,"경 소프트 노가 몽 막는동안 둘다 따먹겠다 아님? 쓰리썸은 역시 대물탕
- dc official App",경 소프트 노가 몽 막는동안 둘다 따먹겠다 아님? 쓰리썸은 역시 대물탕,0.13717365264892578,0.1893520951271057,0.2792254686355591,0.1854836791753769,0.0772273987531662,0.13153769075870514
2024-09-22 21:02:13,저거 cg냐 아니면 진짜 건물에 비치는거냐,"ㄷㄷ
- dc official App",1,1.0,"저거 cg냐 아니면 진짜 건물에 비치는거냐 ㄷㄷ
- dc official App",저거 cg냐 아니면 진짜 건물에 비치는거냐 ㄷㄷ,0.11073996871709824,0.23720195889472961,0.3300009071826935,0.1345616579055786,0.06669818609952927,0.12079733610153198
2024-09-22 21:02:13,건물로 표시하는 거 오…,,1,1.0,건물로 표시하는 거 오… ,건물로 표시하는 거 오…,0.19049298763275146,0.25098714232444763,0.3035755753517151,0.10061366856098175,0.0530538372695446,0.10127682238817215
2024-09-22 21:02:14,17싱가폴 재입갤각 나오는데이거,,1,1.0,17싱가폴 재입갤각 나오는데이거 ,17싱가폴 재입갤각 나오는데이거,0.22702810168266296,0.22074919939041138,0.3091711401939392,0.09934314340353012,0.05276087671518326,0.09094756096601486
2024-09-22 21:02:15,!!!예배!!!!,바 랍 미 다,1,1.0,!!!예배!!!! 바 랍 미 다,!!!예배!!!! 바 랍 미 다,0.6514469981193542,0.13614431023597717,0.06541752070188522,0.060795675963163376,0.057520195841789246,0.028675340116024017
2024-09-22 21:02:16,노리스 1등 뺏기기 3분 전,,1,1.0,노리스 1등 뺏기기 3분 전 ,노리스 1등 뺏기기 3분 전,0.14181694388389587,0.2473604530096054,0.3245020806789398,0.09898113459348679,0.08201399445533752,0.10532539337873459
2024-09-22 21:02:16,와 호텔을 저렇게 활용하노,창의성 쩌네,1,1.0,와 호텔을 저렇게 활용하노 창의성 쩌네,와 호텔을 저렇게 활용하노 창의성 쩌네,0.23882614076137543,0.21142370998859406,0.2981874644756317,0.10528860241174698,0.04746607691049576,0.09880795329809189
2024-09-22 21:02:25,경의품격 기대한다 ㅋㅋㅋㅋ,ㅋㅋㅋ,1,1.0,경의품격 기대한다 ㅋㅋㅋㅋ ㅋㅋㅋ,경의품격 기대한다 ㅋㅋㅋㅋ ㅋㅋㅋ,0.645710289478302,0.13468562066555023,0.09111117571592331,0.06264229863882065,0.03550883010029793,0.030341872945427895
2024-09-22 21:02:28,베이센즈 선수 저거 CG지?,진짜냐?,1,1.0,베이센즈 선수 저거 CG지? 진짜냐?,베이센즈 선수 저거 CG지? 진짜냐?,0.12334338575601578,0.22941821813583374,0.3458397090435028,0.12280996143817902,0.07863864302635193,0.09995000809431076
2024-09-22 21:02:33,2008년 ㅋㅋㅋ,,1,1.0,2008년 ㅋㅋㅋ ,2008년 ㅋㅋㅋ,0.31187355518341064,0.25582101941108704,0.19688618183135986,0.11781714111566544,0.051314543932676315,0.06628743559122086
2024-09-22 21:02:42,근데 저기 거의 아침만큼 밝은거 같노,,1,1.0,근데 저기 거의 아침만큼 밝은거 같노 ,근데 저기 거의 아침만큼 밝은거 같노,0.5805468559265137,0.16488927602767944,0.12099357694387436,0.052791185677051544,0.03715793043375015,0.04362121596932411
2024-09-22 21:02:44,나 뉴비인ㅇ데,"소프트 하드 미디움 차이가뭐죠?
- dc official App",1,1.0,"나 뉴비인ㅇ데 소프트 하드 미디움 차이가뭐죠?
- dc official App",나 뉴비인ㅇ데 소프트 하드 미디움 차이가뭐죠?,0.18980060517787933,0.22599004209041595,0.33378738164901733,0.09680258482694626,0.06431302428245544,0.0893063172698021
2024-09-22 21:02:46,오늘 스타트도 랜도는 베르스타펜에게 따이겠지,ㅇㅇ,1,1.0,오늘 스타트도 랜도는 베르스타펜에게 따이겠지 ㅇㅇ,오늘 스타트도 랜도는 베르스타펜에게 따이겠지 ㅇㅇ,0.3310488760471344,0.23212414979934692,0.1966286301612854,0.10887285321950912,0.07173701375722885,0.05958842858672142
2024-09-22 21:02:46,시작하자마자 사고날 것 같냐 왜,P1 노리스 + P2 몽골 + P3 소프트낀 물탕경..? 이거 완전..,1,1.0,시작하자마자 사고날 것 같냐 왜 P1 노리스 + P2 몽골 + P3 소프트낀 물탕경..? 이거 완전..,시작하자마자 사고날 것 같냐 왜 P1 노리스 + P2 몽골 + P3 소프트낀 물탕경..? 이거 완전..,0.09657062590122223,0.23382516205310822,0.2786867916584015,0.16187888383865356,0.13287073373794556,0.09616783261299133
2024-09-22 21:02:51,니코 포디움 가고 성불하자…,,1,1.0,니코 포디움 가고 성불하자… ,니코 포디움 가고 성불하자…,0.33929407596588135,0.23499241471290588,0.16710498929023743,0.09005039930343628,0.08856886625289917,0.07998925447463989
2024-09-22 21:02:54,나이트 섹스!!!!,"이게 진짜 섹수지
- dc official App",1,1.0,"나이트 섹스!!!! 이게 진짜 섹수지
- dc official App",나이트 섹스!!!! 이게 진짜 섹수지,0.6776251196861267,0.12203697860240936,0.06769414246082306,0.0677969828248024,0.03873159736394882,0.02611522376537323
2024-09-22 21:03:00,그럼 저게 가짜겠냐?,ㄹㅇ,1,1.0,그럼 저게 가짜겠냐? ㄹㅇ,그럼 저게 가짜겠냐? ㄹㅇ,0.08201576769351959,0.20329557359218597,0.3186030983924866,0.18534111976623535,0.12308965623378754,0.08765477687120438
2024-09-22 21:03:04,제발 노리스 스타트에서 따여라 제발,,1,1.0,제발 노리스 스타트에서 따여라 제발 ,제발 노리스 스타트에서 따여라 제발,0.376716285943985,0.21037165820598602,0.15247675776481628,0.09886331856250763,0.09347374737262726,0.06809825450181961
2024-09-22 21:03:09,중연) 노리스 따잇 ㅋㅋㅋㅋㅋㅋ,,1,1.0,중연) 노리스 따잇 ㅋㅋㅋㅋㅋㅋ ,중연) 노리스 따잇 ㅋㅋㅋㅋㅋㅋ,0.703667938709259,0.10774078965187073,0.0722254142165184,0.05778837949037552,0.03446444123983383,0.024112943559885025
2024-09-22 21:03:10,f1 역사상 첫 나이트 레이스가 그 사고였다고???,,1,1.0,f1 역사상 첫 나이트 레이스가 그 사고였다고??? ,f1 역사상 첫 나이트 레이스가 그 사고였다고???,0.10429173707962036,0.21273648738861084,0.3388229012489319,0.14397992193698883,0.08644146472215652,0.11372746527194977
2024-09-22 21:03:17,ㅈㄴ 많네 진짜,,1,1.0,ㅈㄴ 많네 진짜 ,ㅈㄴ 많네 진짜,0.08880724757909775,0.2015378326177597,0.20867273211479187,0.2515319585800171,0.14153935015201569,0.10791095346212387
2024-09-22 21:03:17,해밀턴 언더컷으로 이득 보겠다는거 같은데,흠,1,1.0,해밀턴 언더컷으로 이득 보겠다는거 같은데 흠,해밀턴 언더컷으로 이득 보겠다는거 같은데 흠,0.11855977028608322,0.25483977794647217,0.33973029255867004,0.11393274366855621,0.09384205937385559,0.07909531146287918
2024-09-22 21:03:21,뭔가 스타트 사고 날삘인데,"뭔가 뭔가임
터질때가 됐다",1,1.0,"뭔가 스타트 사고 날삘인데 뭔가 뭔가임
터질때가 됐다",뭔가 스타트 사고 날삘인데 뭔가 뭔가임 터질때가 됐다,0.14188611507415771,0.21973036229610443,0.32117989659309387,0.11815740168094635,0.09225276112556458,0.10679345577955246
2024-09-22 21:03:23,보타스는 사전트 밑이네,ㅋㅋ,1,1.0,보타스는 사전트 밑이네 ㅋㅋ,보타스는 사전트 밑이네 ㅋㅋ,0.20094017684459686,0.2780520021915436,0.2743220329284668,0.11070425808429718,0.05637812986969948,0.07960337400436401
2024-09-22 21:03:26,작년 르끌레가 소프트로 원스탑,"세이프티카때 피트인 미디엄인 사인스랑 같은랩 피트인
르끌이 처진건 피트스탑후 트래픽에 걸려서 순위 하락함",1,1.0,"작년 르끌레가 소프트로 원스탑 세이프티카때 피트인 미디엄인 사인스랑 같은랩 피트인
르끌이 처진건 피트스탑후 트래픽에 걸려서 순위 하락함",작년 르끌레가 소프트로 원스탑 세이프티카때 피트인 미디엄인 사인스랑 같은랩 피트인 르끌이 처진건 피트스탑후 트래픽에 걸려서 순위 하락함,0.13111142814159393,0.29013919830322266,0.2887778580188751,0.11556397378444672,0.11425625532865524,0.06015129014849663
2024-09-22 21:03:26,몽골제발 제발 가자,,1,1.0,몽골제발 제발 가자 ,몽골제발 제발 가자,0.2828073501586914,0.21773503720760345,0.11940213292837143,0.14316409826278687,0.16369424760341644,0.0731971487402916
2024-09-22 21:03:30,중연) 노몽물 단체 멸망ㅋㅋㅋ,,1,1.0,중연) 노몽물 단체 멸망ㅋㅋㅋ ,중연) 노몽물 단체 멸망ㅋㅋㅋ,0.22748315334320068,0.20908138155937195,0.18067021667957306,0.23209385573863983,0.08460954576730728,0.066061832010746
2024-09-22 21:03:32,26만명ㅋㅋㅋㅋ,ㄷㄷ,1,1.0,26만명ㅋㅋㅋㅋ ㄷㄷ,26만명ㅋㅋㅋㅋ ㄷㄷ,0.10709261894226074,0.20279894769191742,0.322426438331604,0.16463081538677216,0.0793074369430542,0.1237436830997467
2024-09-22 21:03:32,스타스 대형사고 개추 ㅋㅋㅋㅋ,,1,1.0,스타스 대형사고 개추 ㅋㅋㅋㅋ ,스타스 대형사고 개추 ㅋㅋㅋㅋ,0.6921342611312866,0.11581401526927948,0.07492122799158096,0.054605551064014435,0.03228843957185745,0.030236458405852318
2024-09-22 21:03:34,주황단 개많네,싱가폴인데 신기하네,1,1.0,주황단 개많네 싱가폴인데 신기하네,주황단 개많네 싱가폴인데 신기하네,0.17048586905002594,0.21700447797775269,0.3425971567630768,0.11342441290616989,0.05162728950381279,0.10486075282096863
2024-09-22 21:03:33,중연) 경의품격 ㅋㅋㅋㅋㅋㅋㅋㅋㅋ,,1,1.0,중연) 경의품격 ㅋㅋㅋㅋㅋㅋㅋㅋㅋ ,중연) 경의품격 ㅋㅋㅋㅋㅋㅋㅋㅋㅋ,0.6161894202232361,0.14386332035064697,0.10147217661142349,0.07349561154842377,0.03251189738512039,0.032467540353536606
2024-09-22 21:03:34,전부다 폰쳐들고 패고싶네 진심 아,ㅋㅋ,1,1.0,전부다 폰쳐들고 패고싶네 진심 아 ㅋㅋ,전부다 폰쳐들고 패고싶네 진심 아 ㅋㅋ,0.17667348682880402,0.1601254940032959,0.12049271911382675,0.3256125748157501,0.1680496484041214,0.049046095460653305
2024-09-22 21:03:36,빠중)노리스 개같이 따잇ㅋㅋㅋㅋㅋㅋㅋㅋ,,1,1.0,빠중)노리스 개같이 따잇ㅋㅋㅋㅋㅋㅋㅋㅋ ,빠중)노리스 개같이 따잇ㅋㅋㅋㅋㅋㅋㅋㅋ,0.7008682489395142,0.10844879597425461,0.06438791751861572,0.060512643307447433,0.03962603956460953,0.026156403124332428
2024-09-22 21:03:42,오늘 원스탑이지?,"투스탑 나올까?
- dc official App",1,1.0,"오늘 원스탑이지? 투스탑 나올까?
- dc official App",오늘 원스탑이지? 투스탑 나올까?,0.3526615798473358,0.20742008090019226,0.23319703340530396,0.07884246855974197,0.05393558740615845,0.07394326478242874
2024-09-22 21:03:46,드가자드가자드가자,ㅇ,1,1.0,드가자드가자드가자 ㅇ,드가자드가자드가자 ㅇ,0.5885972380638123,0.14303940534591675,0.08970018476247787,0.08533259481191635,0.058351289480924606,0.03497921675443649
2024-09-22 21:03:46,리카도 시트는 썰 없음?,이번이 마지막 오프닝이다 이런건 걍 드립임? 얘 시트 어떻게 될지 썰 없음????,1,1.0,리카도 시트는 썰 없음? 이번이 마지막 오프닝이다 이런건 걍 드립임? 얘 시트 어떻게 될지 썰 없음????,리카도 시트는 썰 없음? 이번이 마지막 오프닝이다 이런건 걍 드립임? 얘 시트 어떻게 될지 썰 없음????,0.12939956784248352,0.2253996729850769,0.35764166712760925,0.10835503786802292,0.07722403109073639,0.10197997838258743
2024-09-22 21:03:46,페라리 제발,- dc official App,1,1.0,페라리 제발 - dc official App,페라리 제발 - dc official App,0.42580708861351013,0.1900879144668579,0.16413094103336334,0.08098559081554413,0.072002112865448,0.06698634475469589
2024-09-22 21:03:48,중연) 알론소 첫랩 리드 ㅋㅋㅋ,,1,1.0,중연) 알론소 첫랩 리드 ㅋㅋㅋ ,중연) 알론소 첫랩 리드 ㅋㅋㅋ,0.6909959316253662,0.11270727217197418,0.08372761309146881,0.05711815506219864,0.029388969764113426,0.026062026619911194
2024-09-22 21:03:51,노리스 따잇 드가야겟지,"ㄱㄱㄱ
- dc official App",2,2.0,"노리스 따잇 드가야겟지 ㄱㄱㄱ
- dc official App",노리스 따잇 드가야겟지 ㄱㄱㄱ,0.6391579508781433,0.13649649918079376,0.08534123748540878,0.06797271966934204,0.04028722271323204,0.030744440853595734
2024-09-22 21:03:51,i got damaged 입갤 예정 ㅋㅋㅋㅋ,,2,2.0,i got damaged 입갤 예정 ㅋㅋㅋㅋ ,i got damaged 입갤 예정 ㅋㅋㅋㅋ,0.7086814045906067,0.10852961242198944,0.06865328550338745,0.05577478185296059,0.03311922773718834,0.02524164505302906
2024-09-22 21:03:58,윌리엄스 제발,,2,2.0,윌리엄스 제발 ,윌리엄스 제발,0.2850878834724426,0.22927409410476685,0.17420874536037445,0.10666502267122269,0.1249108836054802,0.07985339313745499
2024-09-22 21:03:59,국왕님 로켓스타트 제발,,2,2.0,국왕님 로켓스타트 제발 ,국왕님 로켓스타트 제발,0.5134357810020447,0.16851471364498138,0.13062672317028046,0.07168848812580109,0.06268385052680969,0.05305043235421181
2024-09-22 21:03:59,드가자아아,,2,2.0,드가자아아 ,드가자아아,0.6753898859024048,0.11570558696985245,0.08175205439329147,0.057054921984672546,0.03907395899295807,0.03102356754243374
2024-09-22 21:04:05,마리나 베이랑 야스마리나랑 이름 헷갈리네,순간 마리나인데 왜 싱가포르지 하고 인지부조화옴,2,2.0,마리나 베이랑 야스마리나랑 이름 헷갈리네 순간 마리나인데 왜 싱가포르지 하고 인지부조화옴,마리나 베이랑 야스마리나랑 이름 헷갈리네 순간 마리나인데 왜 싱가포르지 하고 인지부조화옴,0.09673439711332321,0.2736808955669403,0.30691763758659363,0.1335706114768982,0.0966128408908844,0.09248360246419907
2024-09-22 21:04:07,물탕이니까 소프트 하드원스탑 될거같기도하고,몰겠네,2,2.0,물탕이니까 소프트 하드원스탑 될거같기도하고 몰겠네,물탕이니까 소프트 하드원스탑 될거같기도하고 몰겠네,0.13673017919063568,0.2804830074310303,0.29239481687545776,0.10437754541635513,0.11654922366142273,0.06946517527103424
2024-09-22 21:04:09,ㄱㄱㄱㄱㄱㄱㄱㄱㄱㄱㄱ,,2,2.0,ㄱㄱㄱㄱㄱㄱㄱㄱㄱㄱㄱ ,ㄱㄱㄱㄱㄱㄱㄱㄱㄱㄱㄱ,0.6980181336402893,0.11271506547927856,0.07675700634717941,0.05561721324920654,0.03424215316772461,0.022650398313999176
2024-09-22 21:04:13,제발 막스야 힘내보자,순위 떨어지면 너 주유소에서 한달간 있는거야,2,2.0,제발 막스야 힘내보자 순위 떨어지면 너 주유소에서 한달간 있는거야,제발 막스야 힘내보자 순위 떨어지면 너 주유소에서 한달간 있는거야,0.2587169408798218,0.23422758281230927,0.20635175704956055,0.09224756807088852,0.10734722018241882,0.10110894590616226
2024-09-22 21:04:14,자우버는 ㅅㅂ 맨날 맨뒤노 ㅋㅋㅋㅋㅋ,ㅋㅋㅋㅋ,2,2.0,자우버는 ㅅㅂ 맨날 맨뒤노 ㅋㅋㅋㅋㅋ ㅋㅋㅋㅋ,자우버는 ㅅㅂ 맨날 맨뒤노 ㅋㅋㅋㅋㅋ ㅋㅋㅋㅋ,0.1227690801024437,0.2724490165710449,0.11204386502504349,0.24323910474777222,0.1918114274740219,0.05768747627735138
2024-09-22 21:04:15,ㄷㄱㅈ ㅋㅋㅋㅋ,,2,2.0,ㄷㄱㅈ ㅋㅋㅋㅋ ,ㄷㄱㅈ ㅋㅋㅋㅋ,0.673374593257904,0.12256041169166565,0.08573232591152191,0.06055612117052078,0.031268782913684845,0.02650778368115425
2024-09-22 21:04:16,상위권 와장창 나서 니코 꿈의 포디움 가능?,이번만큼 좋은 기회없어보이는데,2,2.0,상위권 와장창 나서 니코 꿈의 포디움 가능? 이번만큼 좋은 기회없어보이는데,상위권 와장창 나서 니코 꿈의 포디움 가능? 이번만큼 좋은 기회없어보이는데,0.4798448979854584,0.17770609259605408,0.15124273300170898,0.07610052824020386,0.04908859357237816,0.06601712852716446
2024-09-22 21:04:16,드가자,,2,2.0,드가자 ,드가자,0.648017406463623,0.12626060843467712,0.0913364365696907,0.05700100585818291,0.04296044260263443,0.03442419692873955
2024-09-22 21:04:19,알국왕 로켓트스타트로 p1 가자 !!!!!!!!!,제발!!!!,2,2.0,알국왕 로켓트스타트로 p1 가자 !!!!!!!!! 제발!!!!,알국왕 로켓트스타트로 p1 가자 !!!!!!!!! 제발!!!!,0.6659535765647888,0.12267277389764786,0.07924062013626099,0.061129722744226456,0.03887677565217018,0.032126519829034805
2024-09-22 21:04:20,가속으으으으으을~~~~~,,2,2.0,가속으으으으으을~~~~~ ,가속으으으으으을~~~~~,0.6451106667518616,0.12725459039211273,0.08016601949930191,0.07675126940011978,0.04181273654103279,0.028904728591442108
2024-09-22 21:04:23,승리의 메르세데스호 출발ㅋㅋㅋㅋ,,2,2.0,승리의 메르세데스호 출발ㅋㅋㅋㅋ ,승리의 메르세데스호 출발ㅋㅋㅋㅋ,0.701134979724884,0.10308881849050522,0.0712505504488945,0.06168884411454201,0.037348050624132156,0.02548881806433201
2024-09-22 21:04:24,레이스 스따뜨ㅋㅋㅋㅋㅋㅋㅋㅋㅋㅋㅋㅋ,,2,2.0,레이스 스따뜨ㅋㅋㅋㅋㅋㅋㅋㅋㅋㅋㅋㅋ ,레이스 스따뜨ㅋㅋㅋㅋㅋㅋㅋㅋㅋㅋㅋㅋ,0.6790614128112793,0.1147385686635971,0.08433476090431213,0.06584855914115906,0.031851768493652344,0.024164916947484016
2024-09-22 21:04:24,드가자 ㅋㅋㅋㅋ,,2,2.0,드가자 ㅋㅋㅋㅋ ,드가자 ㅋㅋㅋㅋ,0.7078829407691956,0.10910819470882416,0.06932613253593445,0.0541536808013916,0.034813620150089264,0.02471545897424221
2024-09-22 21:04:25,드가자~~~~~,,2,2.0,드가자~~~~~ ,드가자~~~~~,0.679624617099762,0.11468926072120667,0.07821285724639893,0.060185134410858154,0.039132945239543915,0.02815524861216545
2024-09-22 21:04:27,가속을~시작했습니다!,,2,2.0,가속을~시작했습니다! ,가속을~시작했습니다!,0.6663817167282104,0.12787294387817383,0.07909141480922699,0.05602709576487541,0.042252011597156525,0.02837480418384075
2024-09-22 21:04:29,ㄷㄱㅈ ㅋㅋㅋㅋ,,2,2.0,ㄷㄱㅈ ㅋㅋㅋㅋ ,ㄷㄱㅈ ㅋㅋㅋㅋ,0.673374593257904,0.12256041169166565,0.08573232591152191,0.06055612117052078,0.031268782913684845,0.02650778368115425
2024-09-22 21:04:31,드가자 ㅋㅋㅋㅋㅋㅋ,,2,2.0,드가자 ㅋㅋㅋㅋㅋㅋ ,드가자 ㅋㅋㅋㅋㅋㅋ,0.7067826390266418,0.10894361883401871,0.06963951885700226,0.054832931607961655,0.03484395891427994,0.024957379326224327
2024-09-22 21:04:31,누리스 좋다,,2,2.0,누리스 좋다 ,누리스 좋다,0.6983749270439148,0.11730385571718216,0.06018790975213051,0.05333071947097778,0.04283187910914421,0.027970662340521812
2024-09-22 21:04:33,드가자!!,가속을 시작했습니다,2,2.0,드가자!! 가속을 시작했습니다,드가자!! 가속을 시작했습니다,0.686488687992096,0.11443627625703812,0.07623246312141418,0.053822845220565796,0.040176283568143845,0.02884347178041935
2024-09-22 21:04:34,점프스타트 노리스,- dc official App,2,2.0,점프스타트 노리스 - dc official App,점프스타트 노리스 - dc official App,0.4070732891559601,0.19668598473072052,0.21079355478286743,0.1010337695479393,0.05072752758860588,0.03368590399622917
2024-09-22 21:04:34,ㄱㄱㄱ,- dc official App,2,2.0,ㄱㄱㄱ - dc official App,ㄱㄱㄱ - dc official App,0.550348162651062,0.150696262717247,0.15374316275119781,0.07552474737167358,0.03970942273736,0.02997821383178234
2024-09-22 21:04:36,시작부터 난리네 ㅋㅋㅋ,,2,2.0,시작부터 난리네 ㅋㅋㅋ ,시작부터 난리네 ㅋㅋㅋ,0.42526358366012573,0.22343923151493073,0.13284170627593994,0.11731487512588501,0.055511098355054855,0.04562951251864433
2024-09-22 21:04:36,이야 노리스 지켰어 ㅋㅋㅋ,ㅋㅋ,2,2.0,이야 노리스 지켰어 ㅋㅋㅋ ㅋㅋ,이야 노리스 지켰어 ㅋㅋㅋ ㅋㅋ,0.7046711444854736,0.11302965879440308,0.05853496491909027,0.054306257516145706,0.04394616186618805,0.02551179938018322
2024-09-22 21:04:37,왠일로 스타트 잘하냐 ㅋㅋ,,2,2.0,왠일로 스타트 잘하냐 ㅋㅋ ,왠일로 스타트 잘하냐 ㅋㅋ,0.6174614429473877,0.14651130139827728,0.10840942710638046,0.05814933031797409,0.032789699733257294,0.03667881712317467
2024-09-22 21:04:38,노리스 스타트 왜 잘함 ㅋㅋㅋ,,2,2.0,노리스 스타트 왜 잘함 ㅋㅋㅋ ,노리스 스타트 왜 잘함 ㅋㅋㅋ,0.6184117794036865,0.14691191911697388,0.10860389471054077,0.0566251277923584,0.03216583654284477,0.03728142008185387
2024-09-22 21:04:38,오 안따였노 ㅋㅋㅋㅋ,개잘했노 스타트,2,2.0,오 안따였노 ㅋㅋㅋㅋ 개잘했노 스타트,오 안따였노 ㅋㅋㅋㅋ 개잘했노 스타트,0.6961774826049805,0.11844230443239212,0.06455961614847183,0.05210355296730995,0.04137854650616646,0.027338476851582527
2024-09-22 21:04:38,대몽골 지켜냈다 ㄷㄷ,,2,2.0,대몽골 지켜냈다 ㄷㄷ ,대몽골 지켜냈다 ㄷㄷ,0.373295396566391,0.21976050734519958,0.1847638338804245,0.0806146115064621,0.07228776067495346,0.06927787512540817
2024-09-22 21:04:40,랜도 스타트 왜이렇게 좋냐,ㅇㅇ,2,2.0,랜도 스타트 왜이렇게 좋냐 ㅇㅇ,랜도 스타트 왜이렇게 좋냐 ㅇㅇ,0.7041805386543274,0.1147318109869957,0.06551829725503922,0.051067691296339035,0.037879008799791336,0.026622628793120384
2024-09-22 21:04:40,노리스 백만년만에 p1ㅋㅋㅋㅋㅋ,,2,2.0,노리스 백만년만에 p1ㅋㅋㅋㅋㅋ ,노리스 백만년만에 p1ㅋㅋㅋㅋㅋ,0.696685791015625,0.1167137622833252,0.07074209302663803,0.05826175585389137,0.03335653990507126,0.024240123108029366
2024-09-22 21:04:41,헐크 ㄷㄷㄷ,,2,2.0,헐크 ㄷㄷㄷ ,헐크 ㄷㄷㄷ,0.15507106482982635,0.20984479784965515,0.3433668911457062,0.12463800609111786,0.055216241627931595,0.11186296492815018
2024-09-22 21:04:41,피아제 부딪혔는데??,,2,2.0,피아제 부딪혔는데?? ,피아제 부딪혔는데??,0.11849503219127655,0.22474119067192078,0.3261048495769501,0.1401483416557312,0.08304047584533691,0.1074700802564621
2024-09-22 21:04:42,노리스 우승 ㅊㅊ,오ㅓ,2,2.0,노리스 우승 ㅊㅊ 오ㅓ,노리스 우승 ㅊㅊ 오ㅓ,0.7014374136924744,0.11754671484231949,0.06194140762090683,0.05324336141347885,0.038581062108278275,0.027250027284026146
2024-09-22 21:04:43,페라리 숏컷ㅋㅋㅋ,,2,2.0,페라리 숏컷ㅋㅋㅋ ,페라리 숏컷ㅋㅋㅋ,0.6198333501815796,0.14796079695224762,0.10435161739587784,0.06081568822264671,0.03172820061445236,0.03531040996313095
2024-09-22 21:04:44,노리스 왠일이야,,2,2.0,노리스 왠일이야 ,노리스 왠일이야,0.3360028564929962,0.22076648473739624,0.24790407717227936,0.07918208837509155,0.04346887767314911,0.0726756602525711
2024-09-22 21:04:44,뉴리스 빨랐노 ㅋㅋ,,2,2.0,뉴리스 빨랐노 ㅋㅋ ,뉴리스 빨랐노 ㅋㅋ,0.6672333478927612,0.12905167043209076,0.09399319440126419,0.05001658946275711,0.03173520043492317,0.027969956398010254
2024-09-22 21:04:44,페라리 알국왕ㅋㅋ,ㅋ,2,2.0,페라리 알국왕ㅋㅋ ㅋ,페라리 알국왕ㅋㅋ ㅋ,0.6814368367195129,0.12089560925960541,0.08389998972415924,0.05693050101399422,0.02904021181166172,0.02779686637222767
2024-09-22 21:04:44,이걸 지켜????,?????,2,2.0,이걸 지켜???? ?????,이걸 지켜???? ?????,0.08578357100486755,0.25682422518730164,0.2557925879955292,0.16425073146820068,0.13373549282550812,0.10361339151859283
2024-09-22 21:04:45,누리스 점프스타트 아니냐ㅋㅋㅋㅋ,,2,2.0,누리스 점프스타트 아니냐ㅋㅋㅋㅋ ,누리스 점프스타트 아니냐ㅋㅋㅋㅋ,0.531585693359375,0.16383035480976105,0.15499666333198547,0.07840181887149811,0.031655166298151016,0.039530348032712936
2024-09-22 21:04:46,노리스 이거 최초 아님? ㅋㅋㅋ,,2,2.0,노리스 이거 최초 아님? ㅋㅋㅋ ,노리스 이거 최초 아님? ㅋㅋㅋ,0.418600857257843,0.20479249954223633,0.21128687262535095,0.07563069462776184,0.03118826076388359,0.058500856161117554
2024-09-22 21:04:47,헐크ㄷㄷㄷㄷㄷ,- dc official App,2,2.0,헐크ㄷㄷㄷㄷㄷ - dc official App,헐크ㄷㄷㄷㄷㄷ - dc official App,0.2296871393918991,0.2175653874874115,0.31234046816825867,0.1064750924706459,0.04399010166525841,0.08994175493717194
2024-09-22 21:04:45,노리스 좀 치노 ㅋㅋㅋ,,2,2.0,노리스 좀 치노 ㅋㅋㅋ ,노리스 좀 치노 ㅋㅋㅋ,0.5666585564613342,0.1550808548927307,0.14142654836177826,0.06589727848768234,0.029234930872917175,0.04170190542936325
2024-09-22 21:04:48,노리스 지키네ㅋㅋㅋㅋㅋ,,2,2.0,노리스 지키네ㅋㅋㅋㅋㅋ ,노리스 지키네ㅋㅋㅋㅋㅋ,0.703208863735199,0.10825656354427338,0.07129186391830444,0.05212296172976494,0.03652088716626167,0.028598874807357788
2024-09-22 21:04:49,웬일로 노리스가 스타트를,,2,2.0,웬일로 노리스가 스타트를 ,웬일로 노리스가 스타트를,0.39257633686065674,0.21715402603149414,0.2201186716556549,0.07012969255447388,0.03583619371056557,0.06418512016534805
2024-09-22 21:04:49,노리스 스타트좋았노,"노리스사망했네
- dc official App",2,2.0,"노리스 스타트좋았노 노리스사망했네
- dc official App",노리스 스타트좋았노 노리스사망했네,0.17748720943927765,0.3182125687599182,0.19623199105262756,0.10554880648851395,0.1044902354478836,0.09802927821874619
2024-09-22 21:04:53,대리스ㅋㅋㄱ,- dc official App,2,2.0,대리스ㅋㅋㄱ - dc official App,대리스ㅋㅋㄱ - dc official App,0.6584940552711487,0.12055278569459915,0.0950222760438919,0.06659842282533646,0.03511644899845123,0.024216026067733765
2024-09-22 21:04:54,아 애스턴마틴인줄 ㅆㅂ,,2,2.0,아 애스턴마틴인줄 ㅆㅂ ,아 애스턴마틴인줄 ㅆㅂ,0.1154780462384224,0.28955504298210144,0.12380441278219223,0.23068340122699738,0.18075205385684967,0.05972704663872719
2024-09-22 21:04:55,안따였네 ㄷㄷ,- dc official App,2,2.0,안따였네 ㄷㄷ - dc official App,안따였네 ㄷㄷ - dc official App,0.1312611848115921,0.2947494387626648,0.2703794836997986,0.10815034806728363,0.09591866284608841,0.09954090416431427
2024-09-22 21:04:55,노리스 최초로 지켰노 ㅋㅋㅋㅋ,ㅋㅋㅋ,2,2.0,노리스 최초로 지켰노 ㅋㅋㅋㅋ ㅋㅋㅋ,노리스 최초로 지켰노 ㅋㅋㅋㅋ ㅋㅋㅋ,0.7091131210327148,0.11008214950561523,0.06336123496294022,0.05180291458964348,0.03909752145409584,0.026543013751506805
2024-09-22 21:04:55,그린플랙 나왓노,안보엿는데,2,2.0,그린플랙 나왓노 안보엿는데,그린플랙 나왓노 안보엿는데,0.14085586369037628,0.28184396028518677,0.2970695495605469,0.11130282282829285,0.0695059522986412,0.09942182153463364
2024-09-22 21:04:55,노리스 ← 엄청난 발전 ㅋㅋㅋㅋㅋㅋㅋㅋㅋ,,2,2.0,노리스 ← 엄청난 발전 ㅋㅋㅋㅋㅋㅋㅋㅋㅋ ,노리스 ← 엄청난 발전 ㅋㅋㅋㅋㅋㅋㅋㅋㅋ,0.6391162872314453,0.1359337419271469,0.10202700644731522,0.05803520977497101,0.03205083683133125,0.03283696249127388
2024-09-22 21:04:57,노쪽이 스타트 ㄷㄷㄷㄷ,ㄷㄷ,2,2.0,노쪽이 스타트 ㄷㄷㄷㄷ ㄷㄷ,노쪽이 스타트 ㄷㄷㄷㄷ ㄷㄷ,0.11547935009002686,0.2151714563369751,0.33012133836746216,0.1292485147714615,0.08204493671655655,0.12793444097042084
2024-09-22 21:04:58,아니 이게 사고가 안나?,와,2,2.0,아니 이게 사고가 안나? 와,아니 이게 사고가 안나? 와,0.11616193503141403,0.20555934309959412,0.31583017110824585,0.1584537774324417,0.07774537056684494,0.12624932825565338
2024-09-22 21:04:58,제발 도망가~~~~~,스타트 선두 한 번만 좀 지켜보자 욘석아,2,2.0,제발 도망가~~~~~ 스타트 선두 한 번만 좀 지켜보자 욘석아,제발 도망가~~~~~ 스타트 선두 한 번만 좀 지켜보자 욘석아,0.2398245930671692,0.24219033122062683,0.172958642244339,0.1169884130358696,0.12220258265733719,0.10583550482988358
2024-09-22 21:05:00,올해 첫코너 사고 있긴했냐,,2,2.0,올해 첫코너 사고 있긴했냐 ,올해 첫코너 사고 있긴했냐,0.10211459547281265,0.30348625779151917,0.2453663945198059,0.1429075449705124,0.13542594015598297,0.07069925963878632
2024-09-22 21:05:02,아 시발 노리스 우승 끝ㅋㅋㅋ,,2,2.0,아 시발 노리스 우승 끝ㅋㅋㅋ ,아 시발 노리스 우승 끝ㅋㅋㅋ,0.4642162621021271,0.19278275966644287,0.08704012632369995,0.14431729912757874,0.07555921375751495,0.036084264516830444
2024-09-22 21:05:04,오늘은 스타트 좋았노,,2,2.0,오늘은 스타트 좋았노 ,오늘은 스타트 좋았노,0.6826841235160828,0.12175002694129944,0.0623617097735405,0.05909809470176697,0.04734530672430992,0.026760756969451904
2024-09-22 21:05:07,대황본 ㅋㅋㅋㅋㅋ,ㅋㅋㅋㅋㅋㅋ,2,2.0,대황본 ㅋㅋㅋㅋㅋ ㅋㅋㅋㅋㅋㅋ,대황본 ㅋㅋㅋㅋㅋ ㅋㅋㅋㅋㅋㅋ,0.6543916463851929,0.12881524860858917,0.08450432121753693,0.07081979513168335,0.03498172387480736,0.026487253606319427
2024-09-22 21:05:05,개 나이스 ㅅㅅㅅㅅㅅㅅㅅㅅ,,2,2.0,개 나이스 ㅅㅅㅅㅅㅅㅅㅅㅅ ,개 나이스 ㅅㅅㅅㅅㅅㅅㅅㅅ,0.6759181022644043,0.11895684897899628,0.0662878155708313,0.06730940192937851,0.0471564345061779,0.02437136508524418
2024-09-22 21:05:13,노잼ㅡㅡ,ㄴㄴ,2,2.0,노잼ㅡㅡ ㄴㄴ,노잼ㅡㅡ ㄴㄴ,0.1347912847995758,0.3182874917984009,0.15892595052719116,0.1733056753873825,0.15714068710803986,0.05754893645644188
2024-09-22 21:05:13,메르 진짜 에스턴마틴같네,,2,2.0,메르 진짜 에스턴마틴같네 ,메르 진짜 에스턴마틴같네,0.2346639484167099,0.2156316339969635,0.3139743208885193,0.09340322017669678,0.044105976819992065,0.0982208400964737
2024-09-22 21:05:15,헐크 ㅈ망 ㅋㅋㅋㅋ,ㅋㅋ,2,2.0,헐크 ㅈ망 ㅋㅋㅋㅋ ㅋㅋ,헐크 ㅈ망 ㅋㅋㅋㅋ ㅋㅋ,0.14495818316936493,0.35899877548217773,0.1351231336593628,0.16830025613307953,0.12317072600126266,0.06944898515939713
2024-09-22 21:05:18,아니 사인지 뭐해,"ㅇ
- dc official App",2,2.0,"아니 사인지 뭐해 ㅇ
- dc official App",아니 사인지 뭐해 ㅇ,0.26187288761138916,0.28360268473625183,0.23360978066921234,0.09147907048463821,0.0613500140607357,0.06808555871248245
2024-09-22 21:05:18,해냇구나 노리스ㅋㅋㅋㅋ,"ㅋㅋ
- dc official App",2,2.0,"해냇구나 노리스ㅋㅋㅋㅋ ㅋㅋ
- dc official App",해냇구나 노리스ㅋㅋㅋㅋ ㅋㅋ,0.7100636959075928,0.11396372318267822,0.06497465074062347,0.047187238931655884,0.03447750210762024,0.02933315560221672
2024-09-22 21:05:18,노리스 스타트 많이 좋아졌노 ㅋㅋㅋ,ㅋㅋㅋ,2,2.0,노리스 스타트 많이 좋아졌노 ㅋㅋㅋ ㅋㅋㅋ,노리스 스타트 많이 좋아졌노 ㅋㅋㅋ ㅋㅋㅋ,0.6867533922195435,0.1205640584230423,0.08007260411977768,0.049135204404592514,0.03207176551222801,0.03140296787023544
2024-09-22 21:05:19,피아제 애마인가 메르인가랑 부딪힌거 같았는데,,2,2.0,피아제 애마인가 메르인가랑 부딪힌거 같았는데 ,피아제 애마인가 메르인가랑 부딪힌거 같았는데,0.13074907660484314,0.2284105122089386,0.3571263551712036,0.11363790184259415,0.0835997462272644,0.0864763855934143
2024-09-22 21:05:23,사인지 어디감?,왜 뒤로가냐,2,2.0,사인지 어디감? 왜 뒤로가냐,사인지 어디감? 왜 뒤로가냐,0.12140599638223648,0.28880393505096436,0.2664928138256073,0.14379587769508362,0.11740301549434662,0.06209830939769745
2024-09-22 21:05:23,체황 뭐노 ㅋㅋㅋㅋ,- dc official App,2,2.0,체황 뭐노 ㅋㅋㅋㅋ - dc official App,체황 뭐노 ㅋㅋㅋㅋ - dc official App,0.21928831934928894,0.2310541421175003,0.3220612108707428,0.09583423286676407,0.056390825659036636,0.07537121325731277
2024-09-22 21:05:24,누리스 1랩 방어 성공하냐…? ㅋㅋㅋ,,2,2.0,누리스 1랩 방어 성공하냐…? ㅋㅋㅋ ,누리스 1랩 방어 성공하냐…? ㅋㅋㅋ,0.22640706598758698,0.23211891949176788,0.3032068908214569,0.0882570669054985,0.054791055619716644,0.09521906822919846
2024-09-22 21:05:25,사인지 좆망ㅋㅋㅋㅋㅋㅋㅋㅋ,,2,2.0,사인지 좆망ㅋㅋㅋㅋㅋㅋㅋㅋ ,사인지 좆망ㅋㅋㅋㅋㅋㅋㅋㅋ,0.10024360567331314,0.3269473910331726,0.16335436701774597,0.1771315485239029,0.16714201867580414,0.06518108397722244
2024-09-22 21:05:25,오히려 불안한 멕라렌견이면 개추 ㅋㅋㅋ,,2,2.0,오히려 불안한 멕라렌견이면 개추 ㅋㅋㅋ ,오히려 불안한 멕라렌견이면 개추 ㅋㅋㅋ,0.41468822956085205,0.22659695148468018,0.15367652475833893,0.07800891250371933,0.057948194444179535,0.06908117979764938
2024-09-22 21:05:25,대레즈 ㄷㄷ,,2,2.0,대레즈 ㄷㄷ ,대레즈 ㄷㄷ,0.1391633152961731,0.196797177195549,0.3489086925983429,0.13379307091236115,0.05954408273100853,0.12179364264011383
2024-09-22 21:05:30,레드불 대전ㅋㅋ,ㅋㅋ,3,3.0,레드불 대전ㅋㅋ ㅋㅋ,레드불 대전ㅋㅋ ㅋㅋ,0.7013347744941711,0.11268413066864014,0.07371935993432999,0.05690588057041168,0.032004956156015396,0.023350875824689865
2024-09-22 21:05:31,사인지 좆망 ㅠㅠ,,3,3.0,사인지 좆망 ㅠㅠ ,사인지 좆망 ㅠㅠ,0.10516518354415894,0.26502251625061035,0.12548157572746277,0.1925908625125885,0.2592668831348419,0.05247293785214424
2024-09-22 21:05:31,사인지 ㅅㅂ 체코한테 따였노 ㅋㅋ,,3,3.0,사인지 ㅅㅂ 체코한테 따였노 ㅋㅋ ,사인지 ㅅㅂ 체코한테 따였노 ㅋㅋ,0.08560074865818024,0.2715420126914978,0.167328342795372,0.2328883409500122,0.16952422261238098,0.07311635464429855
2024-09-22 21:05:32,사인츠 스타트 아오 ㅋㅋㅋㅋ,사인지야 제발 좀,3,3.0,사인츠 스타트 아오 ㅋㅋㅋㅋ 사인지야 제발 좀,사인츠 스타트 아오 ㅋㅋㅋㅋ 사인지야 제발 좀,0.3439100384712219,0.20939025282859802,0.1023675799369812,0.19288884103298187,0.0997912585735321,0.05165203660726547
2024-09-22 21:05:34,스트리트 킹,ㅋㅋㅋㅋㅋㅋㅋㅋㅋㅋㅋㅋ,3,3.0,스트리트 킹 ㅋㅋㅋㅋㅋㅋㅋㅋㅋㅋㅋㅋ,스트리트 킹 ㅋㅋㅋㅋㅋㅋㅋㅋㅋㅋㅋㅋ,0.6791297793388367,0.12315152585506439,0.08128182590007782,0.061461254954338074,0.03036389872431755,0.0246117003262043
2024-09-22 21:05:35,대체커 뭐임,오ㅓ,3,3.0,대체커 뭐임 오ㅓ,대체커 뭐임 오ㅓ,0.13460375368595123,0.23754039406776428,0.3343966603279114,0.11770568042993546,0.07478125393390656,0.10097227245569229
2024-09-22 21:05:37,체황 ㄷㄷㄷ,"ㄷㄷ
- dc official App",3,3.0,"체황 ㄷㄷㄷ ㄷㄷ
- dc official App",체황 ㄷㄷㄷ ㄷㄷ,0.1629367172718048,0.21005243062973022,0.3457835018634796,0.1143965795636177,0.055723197758197784,0.11110762506723404
2024-09-22 21:05:37,체황ㅋㅋ,ㅋㅋ,3,3.0,체황ㅋㅋ ㅋㅋ,체황ㅋㅋ ㅋㅋ,0.6881845593452454,0.11488761752843857,0.08270787447690964,0.057729799300432205,0.03172551468014717,0.02476460486650467
2024-09-22 21:05:39,에휴,,3,3.0,에휴 ,에휴,0.09330479800701141,0.2338847666978836,0.15144650638103485,0.2216203808784485,0.24444115161895752,0.0553024560213089
2024-09-22 21:05:40,애마는 왜 4대가 뛰고있냐?ㅋㅋㅋㅋㅋ,저게 어디봐소 메르야 애마지 ㅋㅋㅋㅋㅋㅋㅋ,3,3.0,애마는 왜 4대가 뛰고있냐?ㅋㅋㅋㅋㅋ 저게 어디봐소 메르야 애마지 ㅋㅋㅋㅋㅋㅋㅋ,애마는 왜 4대가 뛰고있냐?ㅋㅋㅋㅋㅋ 저게 어디봐소 메르야 애마지 ㅋㅋㅋㅋㅋㅋㅋ,0.22067470848560333,0.2534574568271637,0.2784983217716217,0.1159767135977745,0.045604947954416275,0.0857878103852272
2024-09-22 21:05:40,노리스 드디어 극복했네,ㅈㄴ 좋았는데 스타트,3,3.0,노리스 드디어 극복했네 ㅈㄴ 좋았는데 스타트,노리스 드디어 극복했네 ㅈㄴ 좋았는데 스타트,0.6989862322807312,0.11449071019887924,0.06145023554563522,0.05179249122738838,0.044918645173311234,0.02836167812347412
2024-09-22 21:05:40,도로 좁은거 봐라 ㄷ ㄷ ㄷ,ㅇㅇ,3,3.0,도로 좁은거 봐라 ㄷ ㄷ ㄷ ㅇㅇ,도로 좁은거 봐라 ㄷ ㄷ ㄷ ㅇㅇ,0.1028406023979187,0.21626579761505127,0.2968180477619171,0.1600925475358963,0.09433044493198395,0.12965254485607147
2024-09-22 21:05:42,대레즈 ㅋㅋㅋㅋㅋㅋㅋ,.,3,3.0,대레즈 ㅋㅋㅋㅋㅋㅋㅋ .,대레즈 ㅋㅋㅋㅋㅋㅋㅋ .,0.5281276702880859,0.18700572848320007,0.12795224785804749,0.0806502029299736,0.03782939165830612,0.03843474015593529
2024-09-22 21:05:43,체황 뭐냐 ㅅㅂ,,3,3.0,체황 뭐냐 ㅅㅂ ,체황 뭐냐 ㅅㅂ,0.11756975948810577,0.24114248156547546,0.13221977651119232,0.27654802799224854,0.19359378516674042,0.038926124572753906
2024-09-22 21:05:43,드디어 1랩 지키기 성공하나요 ㅋㅋㅋㅋㅋㅋㅋㅋㅋ,,3,3.0,드디어 1랩 지키기 성공하나요 ㅋㅋㅋㅋㅋㅋㅋㅋㅋ ,드디어 1랩 지키기 성공하나요 ㅋㅋㅋㅋㅋㅋㅋㅋㅋ,0.6616053581237793,0.12562790513038635,0.09359367936849594,0.05511485040187836,0.03266645595431328,0.03139180317521095
2024-09-22 21:05:45,체황 딸깍쇼 ㅋㅋㅋ,ㅋㅋ,3,3.0,체황 딸깍쇼 ㅋㅋㅋ ㅋㅋ,체황 딸깍쇼 ㅋㅋㅋ ㅋㅋ,0.6760329008102417,0.12117886543273926,0.08258205652236938,0.06167988106608391,0.03311484307050705,0.025411445647478104
2024-09-22 21:05:46,셉카안나오겟노,ㅋㅋ,3,3.0,셉카안나오겟노 ㅋㅋ,셉카안나오겟노 ㅋㅋ,0.36351433396339417,0.2786675989627838,0.14490234851837158,0.09055335074663162,0.06677979975938797,0.05558261275291443
2024-09-22 21:05:48,벌써 노잼삘나네,인터벌 ㅅㅂ,3,3.0,벌써 노잼삘나네 인터벌 ㅅㅂ,벌써 노잼삘나네 인터벌 ㅅㅂ,0.12601910531520844,0.2862018346786499,0.11831642687320709,0.23492282629013062,0.18700803816318512,0.04753177985548973
2024-09-22 21:05:49,티포시의 주말 on ㅋㅋㅋㅋㅋㅋ,ㅋㅋㅋ,3,3.0,티포시의 주말 on ㅋㅋㅋㅋㅋㅋ ㅋㅋㅋ,티포시의 주말 on ㅋㅋㅋㅋㅋㅋ ㅋㅋㅋ,0.7043232917785645,0.11026265472173691,0.06332295387983322,0.061791326850652695,0.038222696632146835,0.022077050060033798
2024-09-22 21:05:50,그 병신이 첫렙에서 순위를 올렸다고???,시발 그 체코 병신이??,3,3.0,그 병신이 첫렙에서 순위를 올렸다고??? 시발 그 체코 병신이??,그 병신이 첫렙에서 순위를 올렸다고??? 시발 그 체코 병신이??,0.0891323834657669,0.1967436820268631,0.28881582617759705,0.2036651223897934,0.10357586294412613,0.11806713044643402
2024-09-22 21:05:51,대 체 코,,3,3.0,대 체 코 ,대 체 코,0.6778804063796997,0.11809152364730835,0.08310171961784363,0.05914194881916046,0.03540368005633354,0.026380719617009163
2024-09-22 21:05:52,사인지 계속 불안불안한데,ㅇㅇ,3,3.0,사인지 계속 불안불안한데 ㅇㅇ,사인지 계속 불안불안한데 ㅇㅇ,0.13601016998291016,0.26185303926467896,0.29263702034950256,0.11103720217943192,0.11121182888746262,0.087250716984272
2024-09-22 21:05:52,레드불 컨챔을 위하여 시가지의 신 출격.,,3,3.0,레드불 컨챔을 위하여 시가지의 신 출격. ,레드불 컨챔을 위하여 시가지의 신 출격.,0.6386426091194153,0.1262485235929489,0.10010815411806107,0.06740551441907883,0.03732772544026375,0.030267437919974327
2024-09-22 21:05:53,스트릿 킹의 품격 ㄷㄷㄷㄷ,"ㄷ
- dc official App",3,3.0,"스트릿 킹의 품격 ㄷㄷㄷㄷ ㄷ
- dc official App",스트릿 킹의 품격 ㄷㄷㄷㄷ ㄷ,0.44543927907943726,0.1949673593044281,0.18355941772460938,0.07595868408679962,0.04196415841579437,0.05811108276247978
2024-09-22 21:05:55,역시 스타트는 대 체 코,.,3,3.0,역시 스타트는 대 체 코 .,역시 스타트는 대 체 코 .,0.6019902229309082,0.14495684206485748,0.09960809350013733,0.06605979800224304,0.04812686890363693,0.03925815224647522
2024-09-22 21:05:57,알본뭐노?,"ㅅㅂ
ㅋㅋㅋㅋㅋㅋ",3,3.0,"알본뭐노? ㅅㅂ
ㅋㅋㅋㅋㅋㅋ",알본뭐노? ㅅㅂ ㅋㅋㅋㅋㅋㅋ,0.09563746303319931,0.28686434030532837,0.2285754382610321,0.18229031562805176,0.11752302944660187,0.08910936117172241
2024-09-22 21:05:57,누리스 1랩 방어 성공ㅁㅊㅁㅊㅁㅊㅁㅊㅁㅊ,,3,3.0,누리스 1랩 방어 성공ㅁㅊㅁㅊㅁㅊㅁㅊㅁㅊ ,누리스 1랩 방어 성공ㅁㅊㅁㅊㅁㅊㅁㅊㅁㅊ,0.6695969700813293,0.12381306290626526,0.07390103489160538,0.0619661882519722,0.0407312773168087,0.02999143674969673
2024-09-22 21:06:01,대 체 황,- dc official App,3,3.0,대 체 황 - dc official App,대 체 황 - dc official App,0.47168242931365967,0.18161679804325104,0.17856130003929138,0.08957884460687637,0.045774657279253006,0.032785993069410324
2024-09-22 21:06:02,츠노다 노포인트 확정 ㅋㅋㅋㅋ,,3,3.0,츠노다 노포인트 확정 ㅋㅋㅋㅋ ,츠노다 노포인트 확정 ㅋㅋㅋㅋ,0.30692771077156067,0.2483663558959961,0.1263839602470398,0.1662503480911255,0.10058697313070297,0.05148468539118767
2024-09-22 21:06:03,!!!!!!스타트병신아님!!!!!!!!!,- dc official App,3,3.0,!!!!!!스타트병신아님!!!!!!!!! - dc official App,!!!!!!스타트병신아님!!!!!!!!! - dc official App,0.5761595964431763,0.14917369186878204,0.10596587508916855,0.08843781799077988,0.045218732208013535,0.03504433110356331
2024-09-22 21:06:03,페레즈 개떡상 ㄷㄷ,,3,3.0,페레즈 개떡상 ㄷㄷ ,페레즈 개떡상 ㄷㄷ,0.433840811252594,0.19401365518569946,0.20776575803756714,0.06719720363616943,0.03342238441109657,0.06376020610332489
2024-09-22 21:06:05,와 페레즈 뭐냐,미쳣네,3,3.0,와 페레즈 뭐냐 미쳣네,와 페레즈 뭐냐 미쳣네,0.118004210293293,0.20005741715431213,0.298002690076828,0.17863720655441284,0.08554559201002121,0.11975287646055222
2024-09-22 21:06:05,콜라 뭐냐?,오ㅓ,3,3.0,콜라 뭐냐? 오ㅓ,콜라 뭐냐? 오ㅓ,0.11945194751024246,0.27249521017074585,0.26243865489959717,0.1502005159854889,0.09576710313558578,0.09964659810066223
2024-09-22 21:06:07,콜라핀토 9위 ㅋㅋㅋㅋㅋㅋㅋㅋㅋ,- dc official App,3,3.0,콜라핀토 9위 ㅋㅋㅋㅋㅋㅋㅋㅋㅋ - dc official App,콜라핀토 9위 ㅋㅋㅋㅋㅋㅋㅋㅋㅋ - dc official App,0.5897785425186157,0.1452292799949646,0.1224852055311203,0.07946038246154785,0.03408092260360718,0.02896570786833763
2024-09-22 21:06:08,콜라핀토 지금 P9 ㅋㅋㅋㅋㅋㅋㅋㅋㅋㅋ,미친놈 ㅋㅋㅋㅋㅋㅋ,3,3.0,콜라핀토 지금 P9 ㅋㅋㅋㅋㅋㅋㅋㅋㅋㅋ 미친놈 ㅋㅋㅋㅋㅋㅋ,콜라핀토 지금 P9 ㅋㅋㅋㅋㅋㅋㅋㅋㅋㅋ 미친놈 ㅋㅋㅋㅋㅋㅋ,0.6200322508811951,0.14231771230697632,0.09635179489850998,0.0760483592748642,0.03673537075519562,0.028514491394162178
2024-09-22 21:06:10,체황ㅋㅋㅋ,- dc official App,3,3.0,체황ㅋㅋㅋ - dc official App,체황ㅋㅋㅋ - dc official App,0.6468127965927124,0.12330931425094604,0.10447902232408524,0.06715802103281021,0.032892074435949326,0.025348804891109467
2024-09-22 21:06:12,콜라핀토 4계단 뭐노 ㅋㅋ,,3,3.0,콜라핀토 4계단 뭐노 ㅋㅋ ,콜라핀토 4계단 뭐노 ㅋㅋ,0.1177537739276886,0.2652350068092346,0.3261869549751282,0.12251659482717514,0.070411816239357,0.0978958010673523
2024-09-22 21:06:12,사인츠 저새끼 왜 저깄노,아,3,3.0,사인츠 저새끼 왜 저깄노 아,사인츠 저새끼 왜 저깄노 아,0.11043153703212738,0.20698587596416473,0.1839330941438675,0.29075849056243896,0.1361301839351654,0.07176084816455841
2024-09-22 21:06:13,막스 1초 이상으로 벌리자 랜도 화이팅,ㅇㅇ,3,3.0,막스 1초 이상으로 벌리자 랜도 화이팅 ㅇㅇ,막스 1초 이상으로 벌리자 랜도 화이팅 ㅇㅇ,0.6168837547302246,0.13359597325325012,0.10495159775018692,0.06479004770517349,0.03915334492921829,0.04062526300549507
2024-09-22 21:06:13,콜라 뭐냐 ㅋㅋㅋ,- dc official App,3,3.0,콜라 뭐냐 ㅋㅋㅋ - dc official App,콜라 뭐냐 ㅋㅋㅋ - dc official App,0.2295483499765396,0.2745664417743683,0.2302646040916443,0.14206191897392273,0.0688721165060997,0.05468658357858658
2024-09-22 21:06:14,콜라 뭐냐,,3,3.0,콜라 뭐냐 ,콜라 뭐냐,0.11522170156240463,0.2979181706905365,0.2196429967880249,0.1873794049024582,0.1327177882194519,0.04711999371647835
2024-09-22 21:06:14,알본 15위 시발ㅋㅋㅋ,,3,3.0,알본 15위 시발ㅋㅋㅋ ,알본 15위 시발ㅋㅋㅋ,0.08898909389972687,0.21944212913513184,0.18164518475532532,0.26657381653785706,0.1750200241804123,0.06832975894212723
2024-09-22 21:06:15,대 콜 라,- dc official App,3,3.0,대 콜 라 - dc official App,대 콜 라 - dc official App,0.3994891345500946,0.2020893096923828,0.2054692804813385,0.10584212839603424,0.0514850877225399,0.03562511131167412
2024-09-22 21:06:16,콜라핀토 뭐노ㅋㅋㅋㅋㅋ,ㅋㅋㅋㅋ,3,3.0,콜라핀토 뭐노ㅋㅋㅋㅋㅋ ㅋㅋㅋㅋ,콜라핀토 뭐노ㅋㅋㅋㅋㅋ ㅋㅋㅋㅋ,0.25549986958503723,0.26592475175857544,0.2549581229686737,0.10211232304573059,0.05705425888299942,0.06445068120956421
2024-09-22 21:06:16,대 콜 라,,3,3.0,대 콜 라 ,대 콜 라,0.5179065465927124,0.1699168086051941,0.14318491518497467,0.08701850473880768,0.04440610855817795,0.037567149847745895
2024-09-22 21:06:16,대펩시 뭐노 ㄷㄷㄷ,,3,3.0,대펩시 뭐노 ㄷㄷㄷ ,대펩시 뭐노 ㄷㄷㄷ,0.12748409807682037,0.22097459435462952,0.3326040506362915,0.12982940673828125,0.07046110928058624,0.11864668130874634
2024-09-22 21:06:16,콜라가 더 올랐네 ㅁㅊ ㄷㄷㄷ,,3,3.0,콜라가 더 올랐네 ㅁㅊ ㄷㄷㄷ ,콜라가 더 올랐네 ㅁㅊ ㄷㄷㄷ,0.11778810620307922,0.23216520249843597,0.2740684449672699,0.15847212076187134,0.10424251109361649,0.11326363682746887
2024-09-22 21:06:17,콜라 뭐냐ㄷㄷㄷㅇ,,3,3.0,콜라 뭐냐ㄷㄷㄷㅇ ,콜라 뭐냐ㄷㄷㄷㅇ,0.11153338849544525,0.26559320092201233,0.24561797082424164,0.16606751084327698,0.10980144888162613,0.10138643532991409
2024-09-22 21:06:18,황카콜라 ㄷㄷ,ㄷ,3,3.0,황카콜라 ㄷㄷ ㄷ,황카콜라 ㄷㄷ ㄷ,0.3874158561229706,0.18942128121852875,0.2391253411769867,0.07914486527442932,0.03756387531757355,0.0673288106918335
2024-09-22 21:06:18,개미친 콜라핀토ㅋㅋㅋㅋㅋ,뭐냐ㅋㅋㅋㅋㅋ,3,3.0,개미친 콜라핀토ㅋㅋㅋㅋㅋ 뭐냐ㅋㅋㅋㅋㅋ,개미친 콜라핀토ㅋㅋㅋㅋㅋ 뭐냐ㅋㅋㅋㅋㅋ,0.18564338982105255,0.2888941764831543,0.1863356977701187,0.1811506152153015,0.08277818560600281,0.07519795000553131
2024-09-22 21:06:18,대콜라 ㄷㄷㄷㄷㄷ,뭐냐,3,3.0,대콜라 ㄷㄷㄷㄷㄷ 뭐냐,대콜라 ㄷㄷㄷㄷㄷ 뭐냐,0.1127500906586647,0.23519203066825867,0.2816494405269623,0.16392479836940765,0.09016653895378113,0.11631708592176437
2024-09-22 21:06:18,대카콜라 ㄷㄷㄷㄷ,ㄷㄷ,3,3.0,대카콜라 ㄷㄷㄷㄷ ㄷㄷ,대카콜라 ㄷㄷㄷㄷ ㄷㄷ,0.3253213167190552,0.19578690826892853,0.27558550238609314,0.0862446129322052,0.04003892093896866,0.07702271640300751
2024-09-22 21:06:19,콜라미친ㅋㅋㅋ,- dc official App,3,3.0,콜라미친ㅋㅋㅋ - dc official App,콜라미친ㅋㅋㅋ - dc official App,0.6414814591407776,0.13005097210407257,0.10503898561000824,0.06606972962617874,0.03033275716006756,0.027026092633605003
2024-09-22 21:06:17,노리스 ← 이번만큼은 칭찬해줘야 하면 개추 ㅋㅋㅋ,근데 좀 아쉬워도 개추 ㅋㅋㅋ,3,3.0,노리스 ← 이번만큼은 칭찬해줘야 하면 개추 ㅋㅋㅋ 근데 좀 아쉬워도 개추 ㅋㅋㅋ,노리스 ← 이번만큼은 칭찬해줘야 하면 개추 ㅋㅋㅋ 근데 좀 아쉬워도 개추 ㅋㅋㅋ,0.6085809469223022,0.14865924417972565,0.07510226219892502,0.06651736050844193,0.05912591144442558,0.04201424866914749
2024-09-22 21:06:19,코카콜라 ㄷㄷㄷ,"ㄷㄷ
- dc official App",3,3.0,"코카콜라 ㄷㄷㄷ ㄷㄷ
- dc official App",코카콜라 ㄷㄷㄷ ㄷㄷ,0.2129593938589096,0.20836873352527618,0.32305485010147095,0.10862092673778534,0.04695095494389534,0.10004520416259766
2024-09-22 21:06:20,콜라 미쳤네 ㅋㅋㅋㅋ,,3,3.0,콜라 미쳤네 ㅋㅋㅋㅋ ,콜라 미쳤네 ㅋㅋㅋㅋ,0.6487056612968445,0.1317499577999115,0.09667240083217621,0.06292000412940979,0.03376679867506027,0.026185130700469017
2024-09-22 21:06:21,트랙 요철 보소 ㅋㅋㅋ,원래저런거임? ㅋㅋ,3,3.0,트랙 요철 보소 ㅋㅋㅋ 원래저런거임? ㅋㅋ,트랙 요철 보소 ㅋㅋㅋ 원래저런거임? ㅋㅋ,0.14667320251464844,0.23627431690692902,0.3209366798400879,0.12663426995277405,0.053458042442798615,0.11602351814508438
2024-09-22 21:06:21,대황콜라 ㅋㅋㅋㅋㅋ,ㅋㅋㅋㅋㅋ,3,3.0,대황콜라 ㅋㅋㅋㅋㅋ ㅋㅋㅋㅋㅋ,대황콜라 ㅋㅋㅋㅋㅋ ㅋㅋㅋㅋㅋ,0.7073677182197571,0.10891711711883545,0.06783705204725266,0.058056458830833435,0.033656299114227295,0.02416534163057804
2024-09-22 21:06:21,콜라신 뭐임?ㅋㅋㅋㅋ,"ㅋㅋㅋ
- dc official App",3,3.0,"콜라신 뭐임?ㅋㅋㅋㅋ ㅋㅋㅋ
- dc official App",콜라신 뭐임?ㅋㅋㅋㅋ ㅋㅋㅋ,0.37396523356437683,0.22610405087471008,0.22272039949893951,0.0809064581990242,0.04290508106350899,0.053398843854665756
2024-09-22 21:06:22,대 콜 라 ㅋㅋㅋ,ㅋㅋㅋ,3,3.0,대 콜 라 ㅋㅋㅋ ㅋㅋㅋ,대 콜 라 ㅋㅋㅋ ㅋㅋㅋ,0.665075957775116,0.12703315913677216,0.08501803874969482,0.06526637822389603,0.03237086161971092,0.025235623121261597
2024-09-22 21:06:22,사인츠 뭔 오콘앞까지 떨어졌네,아오,3,3.0,사인츠 뭔 오콘앞까지 떨어졌네 아오,사인츠 뭔 오콘앞까지 떨어졌네 아오,0.13306327164173126,0.2431448996067047,0.12350159138441086,0.2629701793193817,0.18977537751197815,0.047544702887535095
2024-09-22 21:06:23,귀신같이 11노다...,...,3,3.0,귀신같이 11노다... ...,귀신같이 11노다... ...,0.15126803517341614,0.2721582055091858,0.231367826461792,0.1398385912179947,0.07874342054128647,0.12662392854690552
2024-09-22 21:06:24,대체코 ㄷㄷ,,3,3.0,대체코 ㄷㄷ ,대체코 ㄷㄷ,0.1760224997997284,0.21087370812892914,0.337775319814682,0.11420474946498871,0.04913972690701485,0.11198396235704422
2024-09-22 21:06:26,츠노다 귀신같이 11노다 ㅋㅋㅋㅋㅋㅋㅋ,,3,3.0,츠노다 귀신같이 11노다 ㅋㅋㅋㅋㅋㅋㅋ ,츠노다 귀신같이 11노다 ㅋㅋㅋㅋㅋㅋㅋ,0.6248248815536499,0.1411859393119812,0.10883086919784546,0.06315997987985611,0.030436739325523376,0.03156154230237007
2024-09-22 21:06:26,콜라 ㅅㅂ4그리드떡상ㅋㅋㅋ,ㅋㅋㅋ,3,3.0,콜라 ㅅㅂ4그리드떡상ㅋㅋㅋ ㅋㅋㅋ,콜라 ㅅㅂ4그리드떡상ㅋㅋㅋ ㅋㅋㅋ,0.6473349928855896,0.127853125333786,0.08086047321557999,0.07507031410932541,0.042523548007011414,0.026357587426900864
2024-09-22 21:06:27,왜 몽골 여기서 잘함?,ㅇㅇ,3,3.0,왜 몽골 여기서 잘함? ㅇㅇ,왜 몽골 여기서 잘함? ㅇㅇ,0.3097880482673645,0.2348594069480896,0.25725430250167847,0.07340405136346817,0.03724037483334541,0.08745382726192474
2024-09-22 21:06:27,알본 떡락,,3,3.0,알본 떡락 ,알본 떡락,0.09986504912376404,0.28077027201652527,0.2756977677345276,0.12480127811431885,0.1276688277721405,0.09119674563407898
2024-09-22 21:06:29,노리스 살아남았노 ㅋㅋㅋㅋㅋㅋㅋ,,3,3.0,노리스 살아남았노 ㅋㅋㅋㅋㅋㅋㅋ ,노리스 살아남았노 ㅋㅋㅋㅋㅋㅋㅋ,0.6564552783966064,0.13224226236343384,0.09598914533853531,0.052074965089559555,0.030818969011306763,0.0324193574488163
2024-09-22 21:06:30,콜라 뭐냐 ㅋㅋㅋ,,3,3.0,콜라 뭐냐 ㅋㅋㅋ ,콜라 뭐냐 ㅋㅋㅋ,0.22073912620544434,0.29250311851501465,0.22788874804973602,0.13344930112361908,0.0669742077589035,0.0584455169737339
2024-09-22 21:06:30,아니 콜라핀토 진짜 잘하는데 ㅋㅋㅋ,,3,3.0,아니 콜라핀토 진짜 잘하는데 ㅋㅋㅋ ,아니 콜라핀토 진짜 잘하는데 ㅋㅋㅋ,0.6385819315910339,0.1414947658777237,0.10336954891681671,0.05386265367269516,0.02756098285317421,0.0351300947368145
2024-09-22 21:06:32,근데 세카 이름 메디컬카로 바뀜?,ㅇㅇ,3,3.0,근데 세카 이름 메디컬카로 바뀜? ㅇㅇ,근데 세카 이름 메디컬카로 바뀜? ㅇㅇ,0.20144899189472198,0.2334371656179428,0.3269212543964386,0.09358575195074081,0.0553918294608593,0.08921506255865097
2024-09-22 21:06:32,대콜라 로켓 스타트 ㅋㅋㅋㅋ,,3,3.0,대콜라 로켓 스타트 ㅋㅋㅋㅋ ,대콜라 로켓 스타트 ㅋㅋㅋㅋ,0.719931423664093,0.10099488496780396,0.06652245670557022,0.053010523319244385,0.035656850785017014,0.023883773013949394
2024-09-22 21:06:36,펩시핀토 스타트 뭐임ㅋㅋㅋㅋㅋ,,3,3.0,펩시핀토 스타트 뭐임ㅋㅋㅋㅋㅋ ,펩시핀토 스타트 뭐임ㅋㅋㅋㅋㅋ,0.3387252986431122,0.22481635212898254,0.2451796680688858,0.09456411749124527,0.04307299852371216,0.05364154651761055
2024-09-22 21:06:37,몽골 오늘 페이스 ㄱㅊ은데?,,3,3.0,몽골 오늘 페이스 ㄱㅊ은데? ,몽골 오늘 페이스 ㄱㅊ은데?,0.6508485078811646,0.13730201125144958,0.08545030653476715,0.053294192999601364,0.03964611515402794,0.033458810299634933
2024-09-22 21:06:37,대팹시 ㄷㄷㄷ,,3,3.0,대팹시 ㄷㄷㄷ ,대팹시 ㄷㄷㄷ,0.19424223899841309,0.19997254014015198,0.3310466408729553,0.11226337403059006,0.04926270991563797,0.113212451338768
2024-09-22 21:06:38,제임스가 병신이네 진작에 바꾸지,ㄹㅇ,3,3.0,제임스가 병신이네 진작에 바꾸지 ㄹㅇ,제임스가 병신이네 진작에 바꾸지 ㄹㅇ,0.0743430107831955,0.2711698114871979,0.22532130777835846,0.20221944153308868,0.15357057750225067,0.07337585836648941
2024-09-22 21:06:38,콜라뭐노ㅋㅋㅋㅋㅋㅋㅋㅋ,,3,3.0,콜라뭐노ㅋㅋㅋㅋㅋㅋㅋㅋ ,콜라뭐노ㅋㅋㅋㅋㅋㅋㅋㅋ,0.2662592828273773,0.25682568550109863,0.2521105408668518,0.10210880637168884,0.05458548665046692,0.06811020523309708
2024-09-22 21:06:39,스타트의신,- dc official App,3,3.0,스타트의신 - dc official App,스타트의신 - dc official App,0.4987289607524872,0.1692357361316681,0.17528609931468964,0.08313572406768799,0.041514381766319275,0.03209913522005081
2024-09-22 21:06:40,11노다 귀신같노ㅋㅋㅋ,제자리복귀 돌았노ㅋㅋ,3,3.0,11노다 귀신같노ㅋㅋㅋ 제자리복귀 돌았노ㅋㅋ,11노다 귀신같노ㅋㅋㅋ 제자리복귀 돌았노ㅋㅋ,0.4025587737560272,0.2273583859205246,0.19130370020866394,0.07965397089719772,0.03926125168800354,0.05986396595835686
2024-09-22 21:06:41,빨리 버거 뿌려,,3,3.0,빨리 버거 뿌려 ,빨리 버거 뿌려,0.49219295382499695,0.19520163536071777,0.09344164282083511,0.09801699221134186,0.08578813076019287,0.03535860776901245
2024-09-22 21:06:42,콜 밑 알 ㄷㄷㄷ,"대 콜 라
ㄷ",3,3.0,"콜 밑 알 ㄷㄷㄷ 대 콜 라
ㄷ",콜 밑 알 ㄷㄷㄷ 대 콜 라 ㄷ,0.14650361239910126,0.1924770623445511,0.3336046040058136,0.14174598455429077,0.06388208270072937,0.1217866837978363
2024-09-22 21:06:43,콜라 진짜 보석이네 ㅋㅋㅋ,,3,3.0,콜라 진짜 보석이네 ㅋㅋㅋ ,콜라 진짜 보석이네 ㅋㅋㅋ,0.6723682880401611,0.13094913959503174,0.07759596407413483,0.0535811223089695,0.034685228019952774,0.030820244923233986
2024-09-22 21:06:46,윌리엄스 뉴비가 9위라니,쟤 뭐냐,3,3.0,윌리엄스 뉴비가 9위라니 쟤 뭐냐,윌리엄스 뉴비가 9위라니 쟤 뭐냐,0.0776250883936882,0.23932833969593048,0.2903784513473511,0.18191662430763245,0.11060437560081482,0.10014710575342178
2024-09-22 21:06:46,콜라 잘하네ㅋㅋㅋㅋㅋㅋ,,3,3.0,콜라 잘하네ㅋㅋㅋㅋㅋㅋ ,콜라 잘하네ㅋㅋㅋㅋㅋㅋ,0.6840155720710754,0.12166338413953781,0.07932831346988678,0.053932368755340576,0.03204056993126869,0.029019856825470924
2024-09-22 21:06:47,콜라 떡상 ㅋㅋㅋ,,3,3.0,콜라 떡상 ㅋㅋㅋ ,콜라 떡상 ㅋㅋㅋ,0.7134760618209839,0.10477155447006226,0.06568297743797302,0.05366192013025284,0.03710749372839928,0.02529994025826454
2024-09-22 21:06:52,물탕 벌써 못따라가네,ㄷㄷㄷㄷㄷㄷㄷㄷㄷㄷㄷ,3,3.0,물탕 벌써 못따라가네 ㄷㄷㄷㄷㄷㄷㄷㄷㄷㄷㄷ,물탕 벌써 못따라가네 ㄷㄷㄷㄷㄷㄷㄷㄷㄷㄷㄷ,0.11419451236724854,0.21722383797168732,0.3329743444919586,0.14258195459842682,0.07483941316604614,0.11818598210811615
2024-09-22 21:06:53,물탕 와 2.6초냐,,3,3.0,물탕 와 2.6초냐 ,물탕 와 2.6초냐,0.09873353689908981,0.2413451224565506,0.2913072109222412,0.16534338891506195,0.09763644635677338,0.10563426464796066
2024-09-22 21:06:55,삔또 뭐노 ㄷㄷ,- dc official App,3,3.0,삔또 뭐노 ㄷㄷ - dc official App,삔또 뭐노 ㄷㄷ - dc official App,0.11624430119991302,0.23350046575069427,0.32075628638267517,0.13427403569221497,0.08953754603862762,0.10568740963935852
2024-09-22 21:06:53,코카콜라 시가지도 좀 치노 ㅋㅋㅋㅋㅋ,,3,3.0,코카콜라 시가지도 좀 치노 ㅋㅋㅋㅋㅋ ,코카콜라 시가지도 좀 치노 ㅋㅋㅋㅋㅋ,0.46778756380081177,0.18218767642974854,0.19459329545497894,0.0717729851603508,0.029468655586242676,0.05418984964489937
2024-09-22 21:06:56,노리스 첫 랩 드디어 ㅋㅋㅋㅋ,이런 날이 오는구나,3,3.0,노리스 첫 랩 드디어 ㅋㅋㅋㅋ 이런 날이 오는구나,노리스 첫 랩 드디어 ㅋㅋㅋㅋ 이런 날이 오는구나,0.6609429121017456,0.1356993168592453,0.08899212628602982,0.050786010921001434,0.03163899481296539,0.03194073587656021
2024-09-22 21:06:58,알본이 9위인줄 알았는데 아니었노,,3,3.0,알본이 9위인줄 알았는데 아니었노 ,알본이 9위인줄 알았는데 아니었노,0.10367420315742493,0.26068228483200073,0.3125077188014984,0.13511307537555695,0.08231288939714432,0.10570982098579407
2024-09-22 21:06:59,해물탕<<소프트 왜낌?,아 ㅋㅋ,3,3.0,해물탕<<소프트 왜낌? 아 ㅋㅋ,해물탕<<소프트 왜낌? 아 ㅋㅋ,0.13447892665863037,0.29665613174438477,0.21833541989326477,0.18515551090240479,0.08844836801290512,0.07692555338144302
2024-09-22 21:07:01,11노다=과학,"반박시 내말이 틀림
- dc official App",3,3.0,"11노다=과학 반박시 내말이 틀림
- dc official App",11노다=과학 반박시 내말이 틀림,0.19858422875404358,0.22400294244289398,0.28298842906951904,0.12042399495840073,0.10057428479194641,0.07342611998319626
2024-09-22 21:07:03,F1 갤러리는 노리스의 첫 1랩 사수를 축하합니다,드디어 P1 유지,3,3.0,F1 갤러리는 노리스의 첫 1랩 사수를 축하합니다 드디어 P1 유지,F1 갤러리는 노리스의 첫 1랩 사수를 축하합니다 드디어 P1 유지,0.696186363697052,0.12172392755746841,0.0666482076048851,0.049758728593587875,0.038096219301223755,0.027586601674556732
2024-09-22 21:07:08,물탕 소프트였노 ㄷㄷ,,3,3.0,물탕 소프트였노 ㄷㄷ ,물탕 소프트였노 ㄷㄷ,0.10980859398841858,0.23835794627666473,0.31851136684417725,0.13692472875118256,0.08182241022586823,0.11457493156194687
2024-09-22 21:07:09,누리스 ㅅㅅㅅㅅㅅ,오늘만은 노줌마 할래,4,4.0,누리스 ㅅㅅㅅㅅㅅ 오늘만은 노줌마 할래,누리스 ㅅㅅㅅㅅㅅ 오늘만은 노줌마 할래,0.6161690950393677,0.1335747241973877,0.06497561931610107,0.0832756757736206,0.06731332093477249,0.03469150513410568
2024-09-22 21:07:09,자우버는 F2 머신 타고있나,머 벌써 14초 차이나노,4,4.0,자우버는 F2 머신 타고있나 머 벌써 14초 차이나노,자우버는 F2 머신 타고있나 머 벌써 14초 차이나노,0.0993085652589798,0.26587963104248047,0.3010536730289459,0.15526874363422394,0.08515765517950058,0.09333173930644989
2024-09-22 21:07:14,밤에보니까 찐 애마같음ㅋㅋ,메르,4,4.0,밤에보니까 찐 애마같음ㅋㅋ 메르,밤에보니까 찐 애마같음ㅋㅋ 메르,0.5341452956199646,0.171986922621727,0.14826221764087677,0.0635744258761406,0.030727569013834,0.051303599029779434
2024-09-22 21:07:16,랜도 오늘 낭낭하게 1위 예정,ㅇㅇ,4,4.0,랜도 오늘 낭낭하게 1위 예정 ㅇㅇ,랜도 오늘 낭낭하게 1위 예정 ㅇㅇ,0.6886480450630188,0.11682233214378357,0.06679434329271317,0.05581291392445564,0.04125948250293732,0.030662860721349716
2024-09-22 21:07:27,자면되냐?,ㅇㅇ,4,4.0,자면되냐? ㅇㅇ,자면되냐? ㅇㅇ,0.285293847322464,0.22454310953617096,0.2631358206272125,0.0852246806025505,0.062315717339515686,0.07948676496744156
2024-09-22 21:07:28,응 노리스 2랩부터 1초갭 ㅅㄱ 우승ㅋㅋㅋ,"ㅋㅋㅅㅂ
- dc official App",4,4.0,"응 노리스 2랩부터 1초갭 ㅅㄱ 우승ㅋㅋㅋ ㅋㅋㅅㅂ
- dc official App",응 노리스 2랩부터 1초갭 ㅅㄱ 우승ㅋㅋㅋ ㅋㅋㅅㅂ,0.33206361532211304,0.2179858684539795,0.10901988297700882,0.20794713497161865,0.08686074614524841,0.046122755855321884
2024-09-22 21:07:28,윌 신인 쟤는 메르 주니어 출신임?,왜케잘함,4,4.0,윌 신인 쟤는 메르 주니어 출신임? 왜케잘함,윌 신인 쟤는 메르 주니어 출신임? 왜케잘함,0.4274273216724396,0.20611540973186493,0.1872270107269287,0.07400311529636383,0.037307336926460266,0.06791974604129791
2024-09-22 21:07:32,근데 경 소프트 치고 너무 느린데?,,4,4.0,근데 경 소프트 치고 너무 느린데? ,근데 경 소프트 치고 너무 느린데?,0.1104816272854805,0.24061429500579834,0.3463645279407501,0.12850038707256317,0.08875247091054916,0.0852866917848587
2024-09-22 21:07:33,콜라핀토 <<<< 레드불 가야하면 개추,꺼지십쇼 체황,4,4.0,콜라핀토 <<<< 레드불 가야하면 개추 꺼지십쇼 체황,콜라핀토 <<<< 레드불 가야하면 개추 꺼지십쇼 체황,0.21822285652160645,0.2534807324409485,0.19393770396709442,0.1772013157606125,0.09175346791744232,0.06540387868881226
2024-09-22 21:07:35,물탕 소프트는 망햇나,,4,4.0,물탕 소프트는 망햇나 ,물탕 소프트는 망햇나,0.14288535714149475,0.24564608931541443,0.3401150107383728,0.10080886632204056,0.08800891786813736,0.0825357660651207
2024-09-22 21:07:36,오늘만큼은,"헐크 응원한다
- dc official App",4,4.0,"오늘만큼은 헐크 응원한다
- dc official App",오늘만큼은 헐크 응원한다,0.6039288640022278,0.14114515483379364,0.09630046784877777,0.06002265587449074,0.05049058794975281,0.04811233654618263
2024-09-22 21:07:39,사인츠는 어쩌다 저기까지 떨어젺냐,- dc official App,4,4.0,사인츠는 어쩌다 저기까지 떨어젺냐 - dc official App,사인츠는 어쩌다 저기까지 떨어젺냐 - dc official App,0.13763640820980072,0.2686423659324646,0.32429638504981995,0.11347102373838425,0.062119320034980774,0.09383450448513031
2024-09-22 21:07:44,원래 싱가포르가 시가치 치고 좀 넓냐,,4,4.0,원래 싱가포르가 시가치 치고 좀 넓냐 ,원래 싱가포르가 시가치 치고 좀 넓냐,0.12930360436439514,0.2353399395942688,0.35179761052131653,0.11622221022844315,0.064704030752182,0.10263264179229736
2024-09-22 21:07:46,벌어진다ㅋㅋㅋ,아,4,4.0,벌어진다ㅋㅋㅋ 아,벌어진다ㅋㅋㅋ 아,0.6249146461486816,0.1362551599740982,0.1110941618680954,0.06514136493206024,0.03281167149543762,0.029783014208078384
2024-09-22 21:07:48,애미 십 노리스 벌써 달아나네,ㅅㅂ,4,4.0,애미 십 노리스 벌써 달아나네 ㅅㅂ,애미 십 노리스 벌써 달아나네 ㅅㅂ,0.13903607428073883,0.20455749332904816,0.11247025430202484,0.2789260149002075,0.22629670798778534,0.03871346265077591
2024-09-22 21:07:51,랜도 막스 1초 입갤ㅋㅋㅋㅋ,- dc official App,4,4.0,랜도 막스 1초 입갤ㅋㅋㅋㅋ - dc official App,랜도 막스 1초 입갤ㅋㅋㅋㅋ - dc official App,0.678062915802002,0.11686399579048157,0.0856834277510643,0.061994727700948715,0.0315554141998291,0.02583945170044899
2024-09-22 21:07:52,해밀턴 소프트 배팅 망한거임?,얻은게 없어보이는데,4,4.0,해밀턴 소프트 배팅 망한거임? 얻은게 없어보이는데,해밀턴 소프트 배팅 망한거임? 얻은게 없어보이는데,0.0923025980591774,0.2571841776371002,0.3333736062049866,0.11188706010580063,0.11321334540843964,0.09203919768333435
2024-09-22 21:07:54,러셀 왜 물탕이 거울에 까꿍하노 ㅋㅋ,,4,4.0,러셀 왜 물탕이 거울에 까꿍하노 ㅋㅋ ,러셀 왜 물탕이 거울에 까꿍하노 ㅋㅋ,0.4600410759449005,0.21691720187664032,0.15034621953964233,0.07593780755996704,0.04567055031657219,0.051087141036987305
2024-09-22 21:07:58,패랩 섹스 ㅋㅋㅋㅋㅋ,,4,4.0,패랩 섹스 ㅋㅋㅋㅋㅋ ,패랩 섹스 ㅋㅋㅋㅋㅋ,0.6560390591621399,0.1259082406759262,0.09227224439382553,0.06697691231966019,0.031068867072463036,0.027734683826565742
2024-09-22 21:08:01,누리스 패랩,,4,4.0,누리스 패랩 ,누리스 패랩,0.4947141110897064,0.18344679474830627,0.16084904968738556,0.0834941416978836,0.047578148543834686,0.02991769276559353
2024-09-22 21:08:03,클린에어 ㅋㅋ,,4,4.0,클린에어 ㅋㅋ ,클린에어 ㅋㅋ,0.6966084241867065,0.11126694083213806,0.06970378011465073,0.06095224246382713,0.03748883679509163,0.023979829624295235
2024-09-22 21:08:04,신,세나 mk2 입갤,4,4.0,신 세나 mk2 입갤,신 세나 mk2 입갤,0.5968441367149353,0.1390829086303711,0.12708282470703125,0.06913574784994125,0.03362872079014778,0.03422561660408974
2024-09-22 21:08:06,DRS 설명 ON ㅋㅋㅋㅋ,,4,4.0,DRS 설명 ON ㅋㅋㅋㅋ ,DRS 설명 ON ㅋㅋㅋㅋ,0.6720910668373108,0.12248405814170837,0.08930864930152893,0.058399274945259094,0.030994519591331482,0.026722414419054985
2024-09-22 21:08:09,물탕이 망한 듯,ㅇㅇ,4,4.0,물탕이 망한 듯 ㅇㅇ,물탕이 망한 듯 ㅇㅇ,0.08648274093866348,0.3318670094013214,0.22622796893119812,0.12101387977600098,0.1692194640636444,0.0651889517903328
2024-09-22 21:08:10,케로 뉴비들한테 강의하네 ㅋㅋㅋㅋㅋ,,4,4.0,케로 뉴비들한테 강의하네 ㅋㅋㅋㅋㅋ ,케로 뉴비들한테 강의하네 ㅋㅋㅋㅋㅋ,0.30396026372909546,0.22487498819828033,0.2356240600347519,0.11429202556610107,0.04625532031059265,0.07499334216117859
2024-09-22 21:08:14,인터벌보여줘 머리아파,,4,4.0,인터벌보여줘 머리아파 ,인터벌보여줘 머리아파,0.16224555671215057,0.23440469801425934,0.0982193648815155,0.2391125112771988,0.22182457149028778,0.04419325664639473
2024-09-22 21:08:15,케로쇼시작ㅋㅋㅋㅋ,ㅋㅋㅋㅋ,4,4.0,케로쇼시작ㅋㅋㅋㅋ ㅋㅋㅋㅋ,케로쇼시작ㅋㅋㅋㅋ ㅋㅋㅋㅋ,0.6952577829360962,0.1105978712439537,0.07474908232688904,0.06260815262794495,0.03399762138724327,0.02278951182961464
2024-09-22 21:08:16,추월쇼 할만한 녀석들 다 선두권이라...,볼만한거도 없네...,4,4.0,추월쇼 할만한 녀석들 다 선두권이라... 볼만한거도 없네...,추월쇼 할만한 녀석들 다 선두권이라... 볼만한거도 없네...,0.08278194814920425,0.3151671290397644,0.1678439974784851,0.16505664587020874,0.19869385659694672,0.07045645266771317
2024-09-22 21:08:16,클린에어 이즈 킹 ㅋㅋㅋㅋ,ㅋㅋㅋㅋ,4,4.0,클린에어 이즈 킹 ㅋㅋㅋㅋ ㅋㅋㅋㅋ,클린에어 이즈 킹 ㅋㅋㅋㅋ ㅋㅋㅋㅋ,0.7210378646850586,0.10603030025959015,0.06133335083723068,0.054983898997306824,0.0345786027610302,0.022035958245396614
2024-09-22 21:08:21,케로쇼 ㅋㅋㅋ,"ㅋㅋ
- dc official App",4,4.0,"케로쇼 ㅋㅋㅋ ㅋㅋ
- dc official App",케로쇼 ㅋㅋㅋ ㅋㅋ,0.683927595615387,0.11924869567155838,0.07944578677415848,0.0616619735956192,0.03218947723507881,0.023526472970843315
2024-09-22 21:08:20,케로쇼 ㅋㅋㅋㅋ,,4,4.0,케로쇼 ㅋㅋㅋㅋ ,케로쇼 ㅋㅋㅋㅋ,0.6865549683570862,0.11540872603654861,0.08025801926851273,0.06268227845430374,0.031308647245168686,0.02378738857805729
2024-09-22 21:08:22,자리지켯으니 노리스우승확정요,탈갤,4,4.0,자리지켯으니 노리스우승확정요 탈갤,자리지켯으니 노리스우승확정요 탈갤,0.34767383337020874,0.23993012309074402,0.10964121669530869,0.1229352280497551,0.11064193397760391,0.06917767226696014
2024-09-22 21:08:22,DRS 설명쇼ㅋㅋㅋ,,4,4.0,DRS 설명쇼ㅋㅋㅋ ,DRS 설명쇼ㅋㅋㅋ,0.512629508972168,0.18333901464939117,0.13657216727733612,0.0853634849190712,0.04080044478178024,0.041295330971479416
2024-09-22 21:08:25,물탕경 개망했노,ㅋㅋㅋ,4,4.0,물탕경 개망했노 ㅋㅋㅋ,물탕경 개망했노 ㅋㅋㅋ,0.09070150554180145,0.3427206873893738,0.1741500198841095,0.15692374110221863,0.1541106104850769,0.08139335364103317
2024-09-22 21:08:30,누리스 도망간다,잡을수있냐,4,4.0,누리스 도망간다 잡을수있냐,누리스 도망간다 잡을수있냐,0.12905782461166382,0.22528988122940063,0.31433236598968506,0.11548379808664322,0.08714838325977325,0.1286877989768982
2024-09-22 21:08:33,케로쇼 ㅋㅋㅋ,,4,4.0,케로쇼 ㅋㅋㅋ ,케로쇼 ㅋㅋㅋ,0.6909254193305969,0.11360374093055725,0.07840313762426376,0.06164602190256119,0.03137848526239395,0.024043144658207893
2024-09-22 21:08:33,시즌 1557호 drs 설명 입갤 ㅋㅋ,,4,4.0,시즌 1557호 drs 설명 입갤 ㅋㅋ ,시즌 1557호 drs 설명 입갤 ㅋㅋ,0.6541913151741028,0.1233992725610733,0.09697239845991135,0.06293892860412598,0.0338984951376915,0.02859959565103054
2024-09-22 21:08:34,인터벌 내놔,,4,4.0,인터벌 내놔 ,인터벌 내놔,0.27141526341438293,0.23927955329418182,0.13400579988956451,0.1726502776145935,0.1389007568359375,0.043748315423727036
2024-09-22 21:08:37,경의 소프트,망함,4,4.0,경의 소프트 망함,경의 소프트 망함,0.11555623263120651,0.30248233675956726,0.2414034605026245,0.12288492172956467,0.16655516624450684,0.051117852330207825
2024-09-22 21:08:38,개노잼이네 자러감 ㅅㄱ,,4,4.0,개노잼이네 자러감 ㅅㄱ ,개노잼이네 자러감 ㅅㄱ,0.1370837241411209,0.31103333830833435,0.12487143278121948,0.18682214617729187,0.18299292027950287,0.05719643458724022
2024-09-22 21:08:39,노리스 우승이네,"셒카 안 뜨려나
벅벅",4,4.0,"노리스 우승이네 셒카 안 뜨려나
벅벅",노리스 우승이네 셒카 안 뜨려나 벅벅,0.2394070029258728,0.3157656490802765,0.1333857923746109,0.1143968254327774,0.12027609348297119,0.07676862925291061
2024-09-22 21:08:40,케로햄 왜 튜토리얼해주는 중임??,오늘 경기 유입 많나?,4,4.0,케로햄 왜 튜토리얼해주는 중임?? 오늘 경기 유입 많나?,케로햄 왜 튜토리얼해주는 중임?? 오늘 경기 유입 많나?,0.23458409309387207,0.2441963106393814,0.29919347167015076,0.08776427805423737,0.05724967271089554,0.07701215147972107
2024-09-22 21:08:37,귀신같은 11노다는 전설이다,,4,4.0,귀신같은 11노다는 전설이다 ,귀신같은 11노다는 전설이다,0.5680413246154785,0.16258861124515533,0.13882844150066376,0.05604005977511406,0.029121428728103638,0.0453801155090332
2024-09-22 21:08:42,상위권중엔 drs 여는 사람이 러셀이랑 훌켄 밖에 앖네,,4,4.0,상위권중엔 drs 여는 사람이 러셀이랑 훌켄 밖에 앖네 ,상위권중엔 drs 여는 사람이 러셀이랑 훌켄 밖에 앖네,0.07515671849250793,0.2974119484424591,0.2839545011520386,0.1453208029270172,0.11523305624723434,0.08292300999164581
2024-09-22 21:08:48,케로쇼ㅋㅋㅋ,- dc official App,4,4.0,케로쇼ㅋㅋㅋ - dc official App,케로쇼ㅋㅋㅋ - dc official App,0.6491522789001465,0.12225712090730667,0.1007644385099411,0.06957715004682541,0.03391595557332039,0.024333009496331215
2024-09-22 21:08:56,기차놀이하고앉았넼ㅋㅋㅋㅋㅋㅋㅋㅋㅋㅋㅋㅋㅋㅋㅋㅋ,엌ㅋㅋㅋㅋㅋㅋㅋㅋㅋㅋㅋㅋㅋㅋㅋㅋㅋㅋㅋ,5,5.0,기차놀이하고앉았넼ㅋㅋㅋㅋㅋㅋㅋㅋㅋㅋㅋㅋㅋㅋㅋㅋ 엌ㅋㅋㅋㅋㅋㅋㅋㅋㅋㅋㅋㅋㅋㅋㅋㅋㅋㅋㅋ,기차놀이하고앉았넼ㅋㅋㅋㅋㅋㅋㅋㅋㅋㅋㅋㅋㅋㅋㅋㅋ 엌ㅋㅋㅋㅋㅋㅋㅋㅋㅋㅋㅋㅋㅋㅋㅋㅋㅋㅋㅋ,0.45680031180381775,0.20576053857803345,0.13703124225139618,0.11215345561504364,0.04613136500120163,0.04212314635515213
2024-09-22 21:08:57,ㅅㅂ 츠노다 개같이 11위 되네,- dc official App,5,5.0,ㅅㅂ 츠노다 개같이 11위 되네 - dc official App,ㅅㅂ 츠노다 개같이 11위 되네 - dc official App,0.1286480724811554,0.20400716364383698,0.11117690056562424,0.2999645471572876,0.21199747920036316,0.04420580342411995
2024-09-22 21:08:59,케로 ㅅㅂ 인방하냐 ㅋㅋ,"정신 못차리네
- dc official App",5,5.0,"케로 ㅅㅂ 인방하냐 ㅋㅋ 정신 못차리네
- dc official App",케로 ㅅㅂ 인방하냐 ㅋㅋ 정신 못차리네,0.08971993625164032,0.20356231927871704,0.1927231252193451,0.2903142273426056,0.1581634283065796,0.06551701575517654
2024-09-22 21:09:00,DRS 트레인 ㅋㅋㅋㅋㅋ,ㅋㅋㅋㅋ,5,5.0,DRS 트레인 ㅋㅋㅋㅋㅋ ㅋㅋㅋㅋ,DRS 트레인 ㅋㅋㅋㅋㅋ ㅋㅋㅋㅋ,0.6683205366134644,0.12268423289060593,0.08798901736736298,0.06495560705661774,0.03198292851448059,0.02406778745353222
2024-09-22 21:09:01,소프트로 치고나가긴 커녕 쥬지한테 따이겠네,아오 퇴물탕,5,5.0,소프트로 치고나가긴 커녕 쥬지한테 따이겠네 아오 퇴물탕,소프트로 치고나가긴 커녕 쥬지한테 따이겠네 아오 퇴물탕,0.07870218902826309,0.15530581772327423,0.2056218683719635,0.2784408628940582,0.21291887760162354,0.06901030987501144
2024-09-22 21:09:02,그냥 이젠 노리스 폴이면 어지간하면 우승인가보다,저새끼 스타트에서만 안뒤쳐지면 클린에어에서 질 기미가 안보인다,5,5.0,그냥 이젠 노리스 폴이면 어지간하면 우승인가보다 저새끼 스타트에서만 안뒤쳐지면 클린에어에서 질 기미가 안보인다,그냥 이젠 노리스 폴이면 어지간하면 우승인가보다 저새끼 스타트에서만 안뒤쳐지면 클린에어에서 질 기미가 안보인다,0.1535315364599228,0.18341277539730072,0.2939818203449249,0.1274520456790924,0.08552621304988861,0.15609560906887054
2024-09-22 21:09:03,경 소미 가능하냐?,,5,5.0,경 소미 가능하냐? ,경 소미 가능하냐?,0.20031170547008514,0.20697830617427826,0.3420509397983551,0.09799829125404358,0.05195798724889755,0.10070277005434036
2024-09-22 21:09:04,벌써 노잼각인데,세카 떠라,5,5.0,벌써 노잼각인데 세카 떠라,벌써 노잼각인데 세카 떠라,0.15652117133140564,0.30637359619140625,0.16161507368087769,0.1676546335220337,0.14031755924224854,0.06751792877912521
2024-09-22 21:09:10,이거 셉카 오늘도 안나올삘인데,아,5,5.0,이거 셉카 오늘도 안나올삘인데 아,이거 셉카 오늘도 안나올삘인데 아,0.08871518820524216,0.31719136238098145,0.15738841891288757,0.1553049087524414,0.2073139101266861,0.0740862786769867
2024-09-22 21:09:11,말 존나게 많넼ㅋㅋㅋㅋㅋㅋ시발,"숨셔가면서말해라 ㅋㅋㅋㅋ
- dc official App",5,5.0,"말 존나게 많넼ㅋㅋㅋㅋㅋㅋ시발 숨셔가면서말해라 ㅋㅋㅋㅋ
- dc official App",말 존나게 많넼ㅋㅋㅋㅋㅋㅋ시발 숨셔가면서말해라 ㅋㅋㅋㅋ,0.1482609659433365,0.21215108036994934,0.14393484592437744,0.2979186475276947,0.13285762071609497,0.06487682461738586
2024-09-22 21:09:15,소프트끼고 미듐보다 딸리노 ㅋㅋ,,5,5.0,소프트끼고 미듐보다 딸리노 ㅋㅋ ,소프트끼고 미듐보다 딸리노 ㅋㅋ,0.08116297423839569,0.27109578251838684,0.30919525027275085,0.1441689431667328,0.11565618216991425,0.0787208303809166
2024-09-22 21:09:16,11노다 ㅈㄴ 웃기네ㅋㅋㅋㅋㅋ,ㅋㅋㅋㅋ,5,5.0,11노다 ㅈㄴ 웃기네ㅋㅋㅋㅋㅋ ㅋㅋㅋㅋ,11노다 ㅈㄴ 웃기네ㅋㅋㅋㅋㅋ ㅋㅋㅋㅋ,0.6495559811592102,0.13577455282211304,0.09056558459997177,0.06480544805526733,0.034038860350847244,0.02525952272117138
2024-09-22 21:09:16,물탕열차 ㅋㅋㅋㅋㅋ,,5,5.0,물탕열차 ㅋㅋㅋㅋㅋ ,물탕열차 ㅋㅋㅋㅋㅋ,0.7001298069953918,0.11000744253396988,0.06808171421289444,0.06002826243638992,0.03707863762974739,0.024674126878380775
2024-09-22 21:09:17,쥬지 물탕이 압박하노 ㅋㅋ,- dc official App,5,5.0,쥬지 물탕이 압박하노 ㅋㅋ - dc official App,쥬지 물탕이 압박하노 ㅋㅋ - dc official App,0.3729521632194519,0.24584107100963593,0.1844203770160675,0.09241463989019394,0.04425967112183571,0.06011208891868591
2024-09-22 21:09:19,1초간격 기차놀이로 쭉 가면 개재밌겠는데 ㅋㅋㅋㅋㅋㅋㅋㅋㅋㅋㅋ,ㅋㅋㅋㅋㅋㅋㅋㅋㅋㅋㅋㅋㅋㅋㅋㅋㅋㅋ,5,5.0,1초간격 기차놀이로 쭉 가면 개재밌겠는데 ㅋㅋㅋㅋㅋㅋㅋㅋㅋㅋㅋ ㅋㅋㅋㅋㅋㅋㅋㅋㅋㅋㅋㅋㅋㅋㅋㅋㅋㅋ,1초간격 기차놀이로 쭉 가면 개재밌겠는데 ㅋㅋㅋㅋㅋㅋㅋㅋㅋㅋㅋ ㅋㅋㅋㅋㅋㅋㅋㅋㅋㅋㅋㅋㅋㅋㅋㅋㅋㅋ,0.6233841776847839,0.1382150799036026,0.10724195092916489,0.07119259238243103,0.032310087233781815,0.02765609323978424
2024-09-22 21:09:20,몽물 점점벌어지네,,5,5.0,몽물 점점벌어지네 ,몽물 점점벌어지네,0.34549716114997864,0.2545878291130066,0.20035240054130554,0.07152251899242401,0.05010624974966049,0.0779338851571083
2024-09-22 21:09:20,물탕아 빨리가라 이기얔ㅋㅋㅋㅋㅋㅋㅋㅋ,,5,5.0,물탕아 빨리가라 이기얔ㅋㅋㅋㅋㅋㅋㅋㅋ ,물탕아 빨리가라 이기얔ㅋㅋㅋㅋㅋㅋㅋㅋ,0.6315703988075256,0.13369858264923096,0.0919157862663269,0.06945658475160599,0.03988923504948616,0.03346947580575943
2024-09-22 21:09:21,러징징 ㅋㅋㅋㅋ,"거 앞에 좀 빨리 가보쇼 ㅋㅋㅋ
- dc official App",5,5.0,"러징징 ㅋㅋㅋㅋ 거 앞에 좀 빨리 가보쇼 ㅋㅋㅋ
- dc official App",러징징 ㅋㅋㅋㅋ 거 앞에 좀 빨리 가보쇼 ㅋㅋㅋ,0.3540407419204712,0.25964292883872986,0.1654505431652069,0.09857441484928131,0.051950205117464066,0.070341095328331
2024-09-22 21:09:23,러셀 빨리 좀 가라 선언ㅋㅋㅋ,- dc official App,5,5.0,러셀 빨리 좀 가라 선언ㅋㅋㅋ - dc official App,러셀 빨리 좀 가라 선언ㅋㅋㅋ - dc official App,0.6913270354270935,0.11134960502386093,0.06621010601520538,0.0632193312048912,0.039651885628700256,0.028241978958249092
2024-09-22 21:09:26,쥬지: 물탕 이쉐키 너무 느리다,아오 시발 꼬우면 퀄리 앞서던지 개새끼야..,5,5.0,쥬지: 물탕 이쉐키 너무 느리다 아오 시발 꼬우면 퀄리 앞서던지 개새끼야..,쥬지: 물탕 이쉐키 너무 느리다 아오 시발 꼬우면 퀄리 앞서던지 개새끼야..,0.12967053055763245,0.20639726519584656,0.11480695009231567,0.3284292221069336,0.1748487800359726,0.045847244560718536
2024-09-22 21:09:26,매랩 패랩이 되노 ㄷㄷㄷ,,5,5.0,매랩 패랩이 되노 ㄷㄷㄷ ,매랩 패랩이 되노 ㄷㄷㄷ,0.15584370493888855,0.21595434844493866,0.34183841943740845,0.11590003967285156,0.05489739775657654,0.11556605994701385
2024-09-22 21:09:30,빨리좀 가라 ㅋㅋㅋ,ㅋㅋㅋ,5,5.0,빨리좀 가라 ㅋㅋㅋ ㅋㅋㅋ,빨리좀 가라 ㅋㅋㅋ ㅋㅋㅋ,0.671301007270813,0.12463494390249252,0.06819512695074081,0.06684427708387375,0.04101605713367462,0.028008583933115005
2024-09-22 21:09:30,누리스 개빠르노,- dc official App,5,5.0,누리스 개빠르노 - dc official App,누리스 개빠르노 - dc official App,0.4664844572544098,0.1681121438741684,0.19613254070281982,0.08882785588502884,0.031890869140625,0.04855215176939964
2024-09-22 21:09:31,노리스<<이새끼 계속 멀어지는중 ㅋㅋㅋ,무섭노,5,5.0,노리스<<이새끼 계속 멀어지는중 ㅋㅋㅋ 무섭노,노리스<<이새끼 계속 멀어지는중 ㅋㅋㅋ 무섭노,0.1030399352312088,0.19012349843978882,0.31546932458877563,0.16604360938072205,0.0812768042087555,0.14404679834842682
2024-09-22 21:09:31,아니 소프트끼고 왤케 느리냐,아,5,5.0,아니 소프트끼고 왤케 느리냐 아,아니 소프트끼고 왤케 느리냐 아,0.10053221136331558,0.3067830801010132,0.1275201290845871,0.21097193658351898,0.21120058000087738,0.0429919958114624
2024-09-22 21:09:31,쥬지: 못따라갈거면 쳐 비켜라 ㅋㅋㅋ(다소의역),,5,5.0,쥬지: 못따라갈거면 쳐 비켜라 ㅋㅋㅋ(다소의역) ,쥬지: 못따라갈거면 쳐 비켜라 ㅋㅋㅋ(다소의역),0.1338483840227127,0.2442953735589981,0.18639321625232697,0.2580581307411194,0.1033661738038063,0.07403877377510071
2024-09-22 21:09:33,실버워 재입갤 ㅋㅋ,,5,5.0,실버워 재입갤 ㅋㅋ ,실버워 재입갤 ㅋㅋ,0.6891369819641113,0.11055954545736313,0.07875458151102066,0.058552153408527374,0.03445170819759369,0.028545061126351357
2024-09-22 21:09:36,이거 작년 해밀턴 멘트 ㅋㅋㅋ,ㅅㅂㅋㅋㅋ,5,5.0,이거 작년 해밀턴 멘트 ㅋㅋㅋ ㅅㅂㅋㅋㅋ,이거 작년 해밀턴 멘트 ㅋㅋㅋ ㅅㅂㅋㅋㅋ,0.31926429271698,0.26089221239089966,0.145040825009346,0.15329012274742126,0.06829967349767685,0.05321291834115982
2024-09-22 21:09:36,케로 성대 바꿔낌?,"10그리드 패널티 좀
- dc official App",5,5.0,"케로 성대 바꿔낌? 10그리드 패널티 좀
- dc official App",케로 성대 바꿔낌? 10그리드 패널티 좀,0.12900766730308533,0.23145674169063568,0.35208919644355774,0.11593783646821976,0.0895775780081749,0.0819309651851654
2024-09-22 21:09:38,패랩 2차 입갤 ㅋㅋㅋㅋ,,5,5.0,패랩 2차 입갤 ㅋㅋㅋㅋ ,패랩 2차 입갤 ㅋㅋㅋㅋ,0.687385618686676,0.10983166098594666,0.0814017578959465,0.05897122249007225,0.03490201011300087,0.027507644146680832
2024-09-22 21:09:39,비켜 ㅂㅅ아ㅋㅋ,,5,5.0,비켜 ㅂㅅ아ㅋㅋ ,비켜 ㅂㅅ아ㅋㅋ,0.23740433156490326,0.23238785564899445,0.1399746537208557,0.24177071452140808,0.09154415130615234,0.05691831558942795
2024-09-22 21:09:39,비켜시발아 ㅋㅋㅋ,ㅋㅋㅋㅋㅋㅋ,5,5.0,비켜시발아 ㅋㅋㅋ ㅋㅋㅋㅋㅋㅋ,비켜시발아 ㅋㅋㅋ ㅋㅋㅋㅋㅋㅋ,0.22087839245796204,0.2326151728630066,0.1231759786605835,0.25909993052482605,0.09781619906425476,0.06641433387994766
2024-09-22 21:09:42,소프트 작전 망한듯,- dc official App,5,5.0,소프트 작전 망한듯 - dc official App,소프트 작전 망한듯 - dc official App,0.1131749376654625,0.2727544903755188,0.3072676658630371,0.10782109200954437,0.12984123826026917,0.06914061307907104
2024-09-22 21:09:48,비가 확 와버리던가 해야지,이거 뭐 변수가 없어,5,5.0,비가 확 와버리던가 해야지 이거 뭐 변수가 없어,비가 확 와버리던가 해야지 이거 뭐 변수가 없어,0.10971517115831375,0.29882243275642395,0.13648992776870728,0.16108979284763336,0.2508651912212372,0.04301751032471657
2024-09-22 21:09:49,무리스 우승확쟝이네 ㅅㅂㅋㅋㅋㅋㅋㅋㅋㅋ,,5,5.0,무리스 우승확쟝이네 ㅅㅂㅋㅋㅋㅋㅋㅋㅋㅋ ,무리스 우승확쟝이네 ㅅㅂㅋㅋㅋㅋㅋㅋㅋㅋ,0.3032543659210205,0.23279640078544617,0.129927858710289,0.17530128359794617,0.08407910168170929,0.07464101910591125
2024-09-22 21:09:51,노리스랑 막스 섹2에서 자꾸 차이나네,첫랩부터 계속 0.3초 이상 벌어짐,5,5.0,노리스랑 막스 섹2에서 자꾸 차이나네 첫랩부터 계속 0.3초 이상 벌어짐,노리스랑 막스 섹2에서 자꾸 차이나네 첫랩부터 계속 0.3초 이상 벌어짐,0.08887592703104019,0.284192830324173,0.2950260043144226,0.1295006275177002,0.09273362159729004,0.1096709668636322
2024-09-22 21:09:51,해밀턴은 왜 소프트 한거임 ㅋㅋㅋ,- dc official App,5,5.0,해밀턴은 왜 소프트 한거임 ㅋㅋㅋ - dc official App,해밀턴은 왜 소프트 한거임 ㅋㅋㅋ - dc official App,0.21806250512599945,0.2790029048919678,0.250821053981781,0.12266861647367477,0.05677289515733719,0.07267200201749802
2024-09-22 21:09:52,존나재미없네,그니까 왜 Q3에서 망치냐고,5,5.0,존나재미없네 그니까 왜 Q3에서 망치냐고,존나재미없네 그니까 왜 Q3에서 망치냐고,0.1382017284631729,0.2749822735786438,0.10909440368413925,0.24870111048221588,0.18150843679904938,0.047512028366327286
2024-09-22 21:09:53,누리스 빠르네,,5,5.0,누리스 빠르네 ,누리스 빠르네,0.4778899550437927,0.1863844245672226,0.18376919627189636,0.06283685564994812,0.036290243268013,0.05282936990261078
2024-09-22 21:09:53,퇴물탕 소프트 페이스 개 쓰레기네,뭐고,5,5.0,퇴물탕 소프트 페이스 개 쓰레기네 뭐고,퇴물탕 소프트 페이스 개 쓰레기네 뭐고,0.09826280921697617,0.19768084585666656,0.1567266434431076,0.3004196286201477,0.19493182003498077,0.05197824165225029
2024-09-22 21:09:55,소프트 작전은 대망했네,,5,5.0,소프트 작전은 대망했네 ,소프트 작전은 대망했네,0.07852504402399063,0.3031129240989685,0.2446718066930771,0.12596406042575836,0.1765940934419632,0.07113208621740341
2024-09-22 21:09:57,소프트 존나빨리 지치는데,ㅈ망한듯,5,5.0,소프트 존나빨리 지치는데 ㅈ망한듯,소프트 존나빨리 지치는데 ㅈ망한듯,0.0737486481666565,0.3237079679965973,0.23251986503601074,0.12770423293113708,0.1625843197107315,0.07973498851060867
2024-09-22 21:10:05,진짜 맥라렌 차 좆같이 빠르네,페라리 개 씨발,5,5.0,진짜 맥라렌 차 좆같이 빠르네 페라리 개 씨발,진짜 맥라렌 차 좆같이 빠르네 페라리 개 씨발,0.13398097455501556,0.18323016166687012,0.11930540949106216,0.32819733023643494,0.18600183725357056,0.04928431659936905
2024-09-22 21:10:05,케로 오늘 소프트 끼셨나요,네,5,5.0,케로 오늘 소프트 끼셨나요 네,케로 오늘 소프트 끼셨나요 네,0.19318990409374237,0.25640732049942017,0.2938046157360077,0.1019212156534195,0.05951185151934624,0.09516505897045135
2024-09-22 21:10:04,개씹좆노잼이네,,5,5.0,개씹좆노잼이네 ,개씹좆노잼이네,0.12702451646327972,0.28919222950935364,0.156523659825325,0.20705768465995789,0.15796375274658203,0.062238119542598724
2024-09-22 21:10:12,소프트 멸망ㅋㅋㅋㅋㅋㅋ,- dc official App,5,5.0,소프트 멸망ㅋㅋㅋㅋㅋㅋ - dc official App,소프트 멸망ㅋㅋㅋㅋㅋㅋ - dc official App,0.15262433886528015,0.28590187430381775,0.20782960951328278,0.16852353513240814,0.10906291753053665,0.07605775445699692
2024-09-22 21:10:13,작년이랑 뭔가 비슷해보이네ㅋㅋㅋㅋ,"작년에 메르 3,4에서 개무서웠는데",5,5.0,"작년이랑 뭔가 비슷해보이네ㅋㅋㅋㅋ 작년에 메르 3,4에서 개무서웠는데","작년이랑 뭔가 비슷해보이네ㅋㅋㅋㅋ 작년에 메르 3,4에서 개무서웠는데",0.17321327328681946,0.2261665314435959,0.32538387179374695,0.10521499812602997,0.05315551161766052,0.11686582863330841
2024-09-22 21:10:13,격차 그렇게 막 벌어지진 않네,음,5,5.0,격차 그렇게 막 벌어지진 않네 음,격차 그렇게 막 벌어지진 않네 음,0.1359984427690506,0.27984634041786194,0.3164077401161194,0.10015533864498138,0.08277615904808044,0.08481600880622864
2024-09-22 21:10:13,이새끼 또 노쇼할것 같으면 개추 ㅋㅋㅋㅋㅋ,씨발,5,5.0,이새끼 또 노쇼할것 같으면 개추 ㅋㅋㅋㅋㅋ 씨발,이새끼 또 노쇼할것 같으면 개추 ㅋㅋㅋㅋㅋ 씨발,0.1294907182455063,0.17062747478485107,0.12899459898471832,0.3541416823863983,0.15763580799102783,0.059109728783369064
2024-09-22 21:10:23,노몽반초 씹 ㅋㅋㅋㅋㅋㅋ,롱런 압도적이네,5,5.0,노몽반초 씹 ㅋㅋㅋㅋㅋㅋ 롱런 압도적이네,노몽반초 씹 ㅋㅋㅋㅋㅋㅋ 롱런 압도적이네,0.5364975929260254,0.17297379672527313,0.1413693130016327,0.06023772060871124,0.031611185520887375,0.057310380041599274
2024-09-22 21:10:24,천오백억짜리 드라이버가 소프트 끼고 2초차이 ㅋㅋㅋㅋㅋㅋㅋㅋㅋ,캬캬캬캬캬ㅑ캬컄,5,5.0,천오백억짜리 드라이버가 소프트 끼고 2초차이 ㅋㅋㅋㅋㅋㅋㅋㅋㅋ 캬캬캬캬캬ㅑ캬컄,천오백억짜리 드라이버가 소프트 끼고 2초차이 ㅋㅋㅋㅋㅋㅋㅋㅋㅋ 캬캬캬캬캬ㅑ캬컄,0.2708168625831604,0.2486468404531479,0.2020707130432129,0.15127906203269958,0.05809629335999489,0.06909022480249405
2024-09-22 21:10:27,치킨 괜히 시켰네 씹노잼,,5,5.0,치킨 괜히 시켰네 씹노잼 ,치킨 괜히 시켰네 씹노잼,0.1368657350540161,0.3164609968662262,0.13498803973197937,0.18499237298965454,0.1736629456281662,0.05302992835640907
2024-09-22 21:10:30,그니까 알본이 라티피 사전트 상대로만 무쌍했던 범부라고?,?,6,6.0,그니까 알본이 라티피 사전트 상대로만 무쌍했던 범부라고? ?,그니까 알본이 라티피 사전트 상대로만 무쌍했던 범부라고? ?,0.09976907074451447,0.21149693429470062,0.3384081721305847,0.15703725814819336,0.0751352459192276,0.11815324425697327
2024-09-22 21:10:31,콜러 미쳤노,,6,6.0,콜러 미쳤노 ,콜러 미쳤노,0.14140793681144714,0.2106076180934906,0.27723583579063416,0.17219486832618713,0.07916572690010071,0.11938805133104324
2024-09-22 21:10:35,페라리팬이면 할 수 있는게 뭐임,메르세데스 원투 응원?,6,6.0,페라리팬이면 할 수 있는게 뭐임 메르세데스 원투 응원?,페라리팬이면 할 수 있는게 뭐임 메르세데스 원투 응원?,0.11012851446866989,0.216034397482872,0.36097007989883423,0.12203871458768845,0.08048880845308304,0.11033947020769119
2024-09-22 21:10:35,RB 하나 스타트 개좆망했었네,,6,6.0,RB 하나 스타트 개좆망했었네 ,RB 하나 스타트 개좆망했었네,0.0688326358795166,0.2760733962059021,0.1980598419904709,0.16882392764091492,0.20720361173152924,0.08100661635398865
2024-09-22 21:10:39,무리스 오늘은 스타트 개좋앗네,"몽골이 오히려 구려서 물탕디펜스에 신경썻네
- dc official App",6,6.0,"무리스 오늘은 스타트 개좋앗네 몽골이 오히려 구려서 물탕디펜스에 신경썻네
- dc official App",무리스 오늘은 스타트 개좋앗네 몽골이 오히려 구려서 물탕디펜스에 신경썻네,0.4634883999824524,0.22176457941532135,0.10933411866426468,0.08410130441188812,0.07829837501049042,0.04301326349377632
2024-09-22 21:10:40,콜라 미쳤노,- dc official App,6,6.0,콜라 미쳤노 - dc official App,콜라 미쳤노 - dc official App,0.28881213068962097,0.19746167957782745,0.25514546036720276,0.12215415388345718,0.05018433555960655,0.08624223619699478
2024-09-22 21:10:39,싸인지 스타트 ㅈ망했네,,6,6.0,싸인지 스타트 ㅈ망했네 ,싸인지 스타트 ㅈ망했네,0.07198351621627808,0.2869422733783722,0.2201836258172989,0.14578264951705933,0.19564631581306458,0.07946166396141052
2024-09-22 21:10:41,셒카 기도메타 대 실패냄새 ㅋㅋㅋ,ㅋㅋㅋㅋㅋ,6,6.0,셒카 기도메타 대 실패냄새 ㅋㅋㅋ ㅋㅋㅋㅋㅋ,셒카 기도메타 대 실패냄새 ㅋㅋㅋ ㅋㅋㅋㅋㅋ,0.13188152015209198,0.37502872943878174,0.13974696397781372,0.15497228503227234,0.12475235760211945,0.07361811399459839
2024-09-22 21:10:42,와 RB 스타트 앰창구리네 ㅋㅋㅋㅋ,두대 다 좆병신이노,6,6.0,와 RB 스타트 앰창구리네 ㅋㅋㅋㅋ 두대 다 좆병신이노,와 RB 스타트 앰창구리네 ㅋㅋㅋㅋ 두대 다 좆병신이노,0.09273970872163773,0.16571283340454102,0.21586322784423828,0.3021950125694275,0.15247656404972076,0.07101261615753174
2024-09-22 21:10:44,알본 머하냐 ㅅㅂ,아오,6,6.0,알본 머하냐 ㅅㅂ 아오,알본 머하냐 ㅅㅂ 아오,0.11418720334768295,0.20518021285533905,0.12666231393814087,0.30670279264450073,0.21117763221263885,0.03608987480401993
2024-09-22 21:10:51,레이싱라인 아닌차들 스타트 다 죠졌네,ㄹㅇ,6,6.0,레이싱라인 아닌차들 스타트 다 죠졌네 ㄹㅇ,레이싱라인 아닌차들 스타트 다 죠졌네 ㄹㅇ,0.07211984694004059,0.26083916425704956,0.20767681300640106,0.16178037226200104,0.2146693915128708,0.082914337515831
2024-09-22 21:10:53,대헐크,오,6,6.0,대헐크 오,대헐크 오,0.40680992603302,0.19692541658878326,0.22559016942977905,0.07713848352432251,0.030959123745560646,0.06257683783769608
2024-09-22 21:10:57,물탕 몽골 잠시 땄다가 확 느려지는데 왜저러냐,,6,6.0,물탕 몽골 잠시 땄다가 확 느려지는데 왜저러냐 ,물탕 몽골 잠시 땄다가 확 느려지는데 왜저러냐,0.09363661706447601,0.32444819808006287,0.1502954661846161,0.1981096863746643,0.1862913817167282,0.047218650579452515
2024-09-22 21:11:00,와 영화 같네 ㅋㅋㅋㅋ,- dc official App,6,6.0,와 영화 같네 ㅋㅋㅋㅋ - dc official App,와 영화 같네 ㅋㅋㅋㅋ - dc official App,0.5570312738418579,0.17192323505878448,0.14133824408054352,0.06255319714546204,0.028697356581687927,0.03845667466521263
2024-09-22 21:11:03,첫 랩에 sc가 없다고...?,실망이네,6,6.0,첫 랩에 sc가 없다고...? 실망이네,첫 랩에 sc가 없다고...? 실망이네,0.08911523222923279,0.2969790995121002,0.26584815979003906,0.13379986584186554,0.13872501254081726,0.07553260028362274
2024-09-22 21:11:07,윌내전 ㅋㅋ,,6,6.0,윌내전 ㅋㅋ ,윌내전 ㅋㅋ,0.7090080976486206,0.11480342596769333,0.06648074090480804,0.05242261290550232,0.033925611525774,0.023359520360827446
2024-09-22 21:11:09,노GOAT 스타트 ㅅㅅ,섹시하네,6,6.0,노GOAT 스타트 ㅅㅅ 섹시하네,노GOAT 스타트 ㅅㅅ 섹시하네,0.6224459409713745,0.1401306390762329,0.10218057781457901,0.06420603394508362,0.03400027006864548,0.03703656420111656
2024-09-22 21:11:11,오늘 누리스 빵끗하나 ㅋㅋㅋㅋㅋㅋㅋㅋㅋ,,6,6.0,오늘 누리스 빵끗하나 ㅋㅋㅋㅋㅋㅋㅋㅋㅋ ,오늘 누리스 빵끗하나 ㅋㅋㅋㅋㅋㅋㅋㅋㅋ,0.6978815197944641,0.11266229301691055,0.06764668226242065,0.05574687942862511,0.03949929401278496,0.02656330168247223
2024-09-22 21:11:12,알징징ㅋㅋㅋ,ㅋ,6,6.0,알징징ㅋㅋㅋ ㅋ,알징징ㅋㅋㅋ ㅋ,0.6267263889312744,0.14318665862083435,0.08642004430294037,0.07001698017120361,0.04236640781164169,0.03128352388739586
2024-09-22 21:11:11,프랑코 다이브봄 ㅋㅋ,,6,6.0,프랑코 다이브봄 ㅋㅋ ,프랑코 다이브봄 ㅋㅋ,0.6522324681282043,0.12902173399925232,0.09539137035608292,0.0658634603023529,0.03024320676922798,0.027247847989201546
2024-09-22 21:11:14,몽골견들 재미없다 이지랄 ㅋㅋㅋㅋ,이 씨발년들아 그럼 다른 팀 팬들은 그동안 얼마나 재미없었겠노 씨발 ㅋㅋㅋㅋ,6,6.0,몽골견들 재미없다 이지랄 ㅋㅋㅋㅋ 이 씨발년들아 그럼 다른 팀 팬들은 그동안 얼마나 재미없었겠노 씨발 ㅋㅋㅋㅋ,몽골견들 재미없다 이지랄 ㅋㅋㅋㅋ 이 씨발년들아 그럼 다른 팀 팬들은 그동안 얼마나 재미없었겠노 씨발 ㅋㅋㅋㅋ,0.12102648615837097,0.19605989754199982,0.1365755796432495,0.3297642171382904,0.1523810774087906,0.06419278681278229
2024-09-22 21:11:17,콜라 다이브봄ㅋㅋㅋ,ㅋㅋㅋ,6,6.0,콜라 다이브봄ㅋㅋㅋ ㅋㅋㅋ,콜라 다이브봄ㅋㅋㅋ ㅋㅋㅋ,0.6881499886512756,0.11624402552843094,0.07791438698768616,0.06001884490251541,0.033126041293144226,0.024546794593334198
2024-09-22 21:11:15,콜라어뢰 ㅋㅋㅋㅋㅋ,ㅋㅋㅋㅋㅋㅋ,6,6.0,콜라어뢰 ㅋㅋㅋㅋㅋ ㅋㅋㅋㅋㅋㅋ,콜라어뢰 ㅋㅋㅋㅋㅋ ㅋㅋㅋㅋㅋㅋ,0.3228996992111206,0.22577060759067535,0.21942956745624542,0.12508703768253326,0.04906560480594635,0.057747550308704376
2024-09-22 21:11:19,다이브봄버ㅋㅋㅋ,,6,6.0,다이브봄버ㅋㅋㅋ ,다이브봄버ㅋㅋㅋ,0.687595546245575,0.11301187425851822,0.08001995831727982,0.06288298964500427,0.03198174014687538,0.02450786903500557
2024-09-22 21:11:21,사인지 미끌 ㅠㅠ,,6,6.0,사인지 미끌 ㅠㅠ ,사인지 미끌 ㅠㅠ,0.12425807863473892,0.3028191328048706,0.15073423087596893,0.13910390436649323,0.22330324351787567,0.05978137254714966
2024-09-22 21:11:22,윌 내전이냐 ㅅㅂ,,6,6.0,윌 내전이냐 ㅅㅂ ,윌 내전이냐 ㅅㅂ,0.12054551392793655,0.2016921043395996,0.1357824057340622,0.3190211057662964,0.17891964316368103,0.044039223343133926
2024-09-22 21:11:23,알본 징징 ㅋㅋㅋ,,6,6.0,알본 징징 ㅋㅋㅋ ,알본 징징 ㅋㅋㅋ,0.37828415632247925,0.25537601113319397,0.11321014165878296,0.1255597472190857,0.07967252284288406,0.04789730906486511
2024-09-22 21:11:24,와 콜라 레이트브레이킹 ㅈ되네,미쳤노 ㅋㅋㅋㅋ,6,6.0,와 콜라 레이트브레이킹 ㅈ되네 미쳤노 ㅋㅋㅋㅋ,와 콜라 레이트브레이킹 ㅈ되네 미쳤노 ㅋㅋㅋㅋ,0.39153438806533813,0.19552379846572876,0.22034776210784912,0.09158066660165787,0.04089004918932915,0.060123261064291
2024-09-22 21:11:27,거리 존나 멀었는데 징징대노,,6,6.0,거리 존나 멀었는데 징징대노 ,거리 존나 멀었는데 징징대노,0.1038631945848465,0.2632390856742859,0.17190895974636078,0.2631980776786804,0.14251872897148132,0.05527184158563614
2024-09-22 21:11:29,노리스 왜 안따였냐,- dc official App,6,6.0,노리스 왜 안따였냐 - dc official App,노리스 왜 안따였냐 - dc official App,0.13235823810100555,0.3188346326351166,0.23126932978630066,0.12718018889427185,0.12479700893163681,0.06556060165166855
2024-09-22 21:11:32,팀메대전은 역시 대 콜라 ㅋㅋ,ㅋㅋㅋㅋ,6,6.0,팀메대전은 역시 대 콜라 ㅋㅋ ㅋㅋㅋㅋ,팀메대전은 역시 대 콜라 ㅋㅋ ㅋㅋㅋㅋ,0.6992269158363342,0.11998672783374786,0.06396915018558502,0.05540850758552551,0.03552843630313873,0.025880245491862297
2024-09-22 21:11:33,와 어뢰할뻔했네,콜라좌,6,6.0,와 어뢰할뻔했네 콜라좌,와 어뢰할뻔했네 콜라좌,0.2404593527317047,0.22906646132469177,0.25250932574272156,0.10426438599824905,0.05306960269808769,0.12063088268041611
2024-09-22 21:11:35,콜라 존나잘하네ㅋㅋㅋ,,6,6.0,콜라 존나잘하네ㅋㅋㅋ ,콜라 존나잘하네ㅋㅋㅋ,0.6039025187492371,0.1480361670255661,0.1171862781047821,0.059667013585567474,0.031435150653123856,0.039772968739271164
2024-09-22 21:11:38,사인지 씨발아,- dc official App,6,6.0,사인지 씨발아 - dc official App,사인지 씨발아 - dc official App,0.1523648351430893,0.24320383369922638,0.1900341808795929,0.2435150444507599,0.12172477692365646,0.04915735125541687
2024-09-22 21:11:38,알본 이즈 애미 사기꾼!,ㅋ,6,6.0,알본 이즈 애미 사기꾼! ㅋ,알본 이즈 애미 사기꾼! ㅋ,0.14283119142055511,0.17451897263526917,0.19877830147743225,0.2893083393573761,0.12126342207193375,0.07329978793859482
2024-09-22 21:11:42,콜라게이 월챔행동 ㄷㄷ,,6,6.0,콜라게이 월챔행동 ㄷㄷ ,콜라게이 월챔행동 ㄷㄷ,0.2110218107700348,0.19399642944335938,0.3374750018119812,0.11120062321424484,0.042101502418518066,0.10420461744070053
2024-09-22 21:11:42,???:샢카를 왜 기도해?,부르면 오는거 아니냐...?,6,6.0,???:샢카를 왜 기도해? 부르면 오는거 아니냐...?,???:샢카를 왜 기도해? 부르면 오는거 아니냐...?,0.10773682594299316,0.2708394229412079,0.30292990803718567,0.12103907018899918,0.08320704847574234,0.11424776166677475
2024-09-22 21:11:45,사인츠 이 병신새끼,,6,6.0,사인츠 이 병신새끼 ,사인츠 이 병신새끼,0.22023457288742065,0.17673303186893463,0.1451396346092224,0.2783777415752411,0.13499659299850464,0.04451840743422508
2024-09-22 21:11:46,콜라 패널티안나오냐?,상남자무브네 무친놈,6,6.0,콜라 패널티안나오냐? 상남자무브네 무친놈,콜라 패널티안나오냐? 상남자무브네 무친놈,0.1090087890625,0.19525741040706635,0.23420648276805878,0.243996262550354,0.11068154871463776,0.10684946924448013
2024-09-22 21:11:47,Shilla duty free ㄷㄷㄷ,,6,6.0,Shilla duty free ㄷㄷㄷ ,Shilla duty free ㄷㄷㄷ,0.3951025903224945,0.20228587090969086,0.22379615902900696,0.08110673725605011,0.03382835164666176,0.06388024240732193
2024-09-22 21:11:50,알본 퍼스트 자리 위협 받음 ㅋㅋ,,6,6.0,알본 퍼스트 자리 위협 받음 ㅋㅋ ,알본 퍼스트 자리 위협 받음 ㅋㅋ,0.11074782907962799,0.3353574275970459,0.20689035952091217,0.1381179392337799,0.09809894114732742,0.11078745871782303
2024-09-22 21:11:51,사인지 이 씨발련아,,6,6.0,사인지 이 씨발련아 ,사인지 이 씨발련아,0.15013693273067474,0.1694096326828003,0.11959972232580185,0.35142573714256287,0.1661422997713089,0.04328564181923866
2024-09-22 21:11:52,♿+♿+ GOAT가 그리워지면 개추 ㅋㅋㅋㅋㅋㅋㅋㅋㅋ,,6,6.0,♿+♿+ GOAT가 그리워지면 개추 ㅋㅋㅋㅋㅋㅋㅋㅋㅋ ,♿+♿+ GOAT가 그리워지면 개추 ㅋㅋㅋㅋㅋㅋㅋㅋㅋ,0.6994733810424805,0.11231908947229385,0.06592763215303421,0.0611070953309536,0.036296918988227844,0.024875931441783905
2024-09-22 21:11:54,윌 내전ㅋㅋㅋㅋ,ㅋㅋㅋ,6,6.0,윌 내전ㅋㅋㅋㅋ ㅋㅋㅋ,윌 내전ㅋㅋㅋㅋ ㅋㅋㅋ,0.6487224698066711,0.13521985709667206,0.09244588017463684,0.06466606259346008,0.03277819603681564,0.026167534291744232
2024-09-22 21:11:55,중간에 스타트 가속 ㅈㄴ 느린거 RB인가,츠노다 같았는데,6,6.0,중간에 스타트 가속 ㅈㄴ 느린거 RB인가 츠노다 같았는데,중간에 스타트 가속 ㅈㄴ 느린거 RB인가 츠노다 같았는데,0.0914352685213089,0.2398315668106079,0.33719468116760254,0.1435070037841797,0.09379106014966965,0.09424039721488953
2024-09-22 21:11:57,신라면 세점 ㅋㅋㅋ,"ㅋㅋ
- dc official App",6,6.0,"신라면 세점 ㅋㅋㅋ ㅋㅋ
- dc official App",신라면 세점 ㅋㅋㅋ ㅋㅋ,0.6539546847343445,0.12795667350292206,0.07821380347013474,0.07143435627222061,0.042941611260175705,0.025498894974589348
2024-09-22 21:11:58,오늘 누리스 <<< 중계 안잡힐것 같노 ㅋㅋ,갭이 안줄어드노 ㅋㅋ,6,6.0,오늘 누리스 <<< 중계 안잡힐것 같노 ㅋㅋ 갭이 안줄어드노 ㅋㅋ,오늘 누리스 <<< 중계 안잡힐것 같노 ㅋㅋ 갭이 안줄어드노 ㅋㅋ,0.14201980829238892,0.36213287711143494,0.18110792338848114,0.13251672685146332,0.11362943053245544,0.0685933381319046
2024-09-22 21:11:58,신라면세점 입갤ㅋㅋㅋ,ㅋㅋ,6,6.0,신라면세점 입갤ㅋㅋㅋ ㅋㅋ,신라면세점 입갤ㅋㅋㅋ ㅋㅋ,0.7114817500114441,0.10421790182590485,0.06912488490343094,0.05549011752009392,0.034234385937452316,0.02545088343322277
2024-09-22 21:12:11,3경기한 루키에게 따이고 징징징징 ㅋㅋㅋㅋㅋㅋ,ㅋㅋㅋㅋㅋㅋㅋㅋㅋㅋㅋㅋㅋㅋㅋㅋㅋㅋㅋㅋㅋㅋㅋㅋㅋㅋㅋ,7,7.0,3경기한 루키에게 따이고 징징징징 ㅋㅋㅋㅋㅋㅋ ㅋㅋㅋㅋㅋㅋㅋㅋㅋㅋㅋㅋㅋㅋㅋㅋㅋㅋㅋㅋㅋㅋㅋㅋㅋㅋㅋ,3경기한 루키에게 따이고 징징징징 ㅋㅋㅋㅋㅋㅋ ㅋㅋㅋㅋㅋㅋㅋㅋㅋㅋㅋㅋㅋㅋㅋㅋㅋㅋㅋㅋㅋㅋㅋㅋㅋㅋㅋ,0.1716037094593048,0.2762851417064667,0.1904975026845932,0.186238631606102,0.08548412472009659,0.08989089727401733
2024-09-22 21:12:13,신라면세점 ㅋㅋㅋ,.,7,7.0,신라면세점 ㅋㅋㅋ .,신라면세점 ㅋㅋㅋ .,0.5652333498001099,0.1576826423406601,0.10209949314594269,0.08816686272621155,0.0510256253182888,0.03579207882285118
2024-09-22 21:12:13,콜라핀토랑 사전트는 대체 재능이 얼마나 차이나는걸까,"ㄹㅇ 이게 범부구나
- dc official App",7,7.0,"콜라핀토랑 사전트는 대체 재능이 얼마나 차이나는걸까 ㄹㅇ 이게 범부구나
- dc official App",콜라핀토랑 사전트는 대체 재능이 얼마나 차이나는걸까 ㄹㅇ 이게 범부구나,0.13212355971336365,0.21771880984306335,0.32096874713897705,0.12470893561840057,0.06983442604541779,0.1346455216407776
2024-09-22 21:12:14,맥라렌 신라면세점 뭐노ㅋㅋㅋㅋㅋㅋㅋㅋㅋㅋㅋ,,7,7.0,맥라렌 신라면세점 뭐노ㅋㅋㅋㅋㅋㅋㅋㅋㅋㅋㅋ ,맥라렌 신라면세점 뭐노ㅋㅋㅋㅋㅋㅋㅋㅋㅋㅋㅋ,0.1245211660861969,0.2546800374984741,0.306780070066452,0.13996514678001404,0.0714433491230011,0.1026102602481842
2024-09-22 21:12:18,123싹다 벌어지노,ㅇㅇ,7,7.0,123싹다 벌어지노 ㅇㅇ,123싹다 벌어지노 ㅇㅇ,0.10112778842449188,0.2694055140018463,0.2644267678260803,0.14968234300613403,0.0998249277472496,0.11553267389535904
2024-09-22 21:12:19,노리스 제발 스핀,,7,7.0,노리스 제발 스핀 ,노리스 제발 스핀,0.346354603767395,0.22507520020008087,0.1867508888244629,0.096324622631073,0.08893090486526489,0.05656381696462631
2024-09-22 21:12:18,신라호텔 돈 얼마줏노????,,7,7.0,신라호텔 돈 얼마줏노???? ,신라호텔 돈 얼마줏노????,0.13478034734725952,0.19548818469047546,0.3173221945762634,0.15907157957553864,0.10176925361156464,0.09156835824251175
2024-09-22 21:12:20,해물탕은 소프트의 이유가 머임,,7,7.0,해물탕은 소프트의 이유가 머임 ,해물탕은 소프트의 이유가 머임,0.11171165108680725,0.2538003921508789,0.3269285261631012,0.12727238237857819,0.10543452203273773,0.07485254853963852
2024-09-22 21:12:21,인터벌 보여달라고,,7,7.0,인터벌 보여달라고 ,인터벌 보여달라고,0.18600577116012573,0.27854037284851074,0.17018522322177887,0.1642071008682251,0.15323838591575623,0.04782317951321602
2024-09-22 21:12:23,콜라 내년 시트 없으면 존나아쉬울거같은데 ㄹㅇ,ㅇㅇ,7,7.0,콜라 내년 시트 없으면 존나아쉬울거같은데 ㄹㅇ ㅇㅇ,콜라 내년 시트 없으면 존나아쉬울거같은데 ㄹㅇ ㅇㅇ,0.11923394352197647,0.3094203770160675,0.2560846507549286,0.10770309716463089,0.1136586144566536,0.09389934688806534
2024-09-22 21:12:25,물탕이 왤케 뒤쳐지냐,간격 2초 넘어가네,7,7.0,물탕이 왤케 뒤쳐지냐 간격 2초 넘어가네,물탕이 왤케 뒤쳐지냐 간격 2초 넘어가네,0.084900863468647,0.30895331501960754,0.23133207857608795,0.16388557851314545,0.14727945625782013,0.06364869326353073
2024-09-22 21:12:28,대 신 라,,7,7.0,대 신 라 ,대 신 라,0.6487823724746704,0.125844344496727,0.09615693241357803,0.05933089554309845,0.037926215678453445,0.03195924311876297
2024-09-22 21:12:31,햄 소프트 끼고 못 따라가네 ㅎㅎ,"좆댔놐ㅋ
- dc official App",7,7.0,"햄 소프트 끼고 못 따라가네 ㅎㅎ 좆댔놐ㅋ
- dc official App",햄 소프트 끼고 못 따라가네 ㅎㅎ 좆댔놐ㅋ,0.11749342828989029,0.3662105202674866,0.15119348466396332,0.15044647455215454,0.11211716383695602,0.10253893584012985
2024-09-22 21:12:33,병신들아 해물탕 소프트는,소프트로 최고 페이스내서 1등 딴다 쳐도 어제 쓴 거 + 더 낮은 내구도로 빠른 피트스탑으로 순위 다 대주면 그게 뭐하는 짓이노? 소프트인테 페이스 느리다 존나 징징대네 ㅋㅋㅋ,7,7.0,병신들아 해물탕 소프트는 소프트로 최고 페이스내서 1등 딴다 쳐도 어제 쓴 거 + 더 낮은 내구도로 빠른 피트스탑으로 순위 다 대주면 그게 뭐하는 짓이노? 소프트인테 페이스 느리다 존나 징징대네 ㅋㅋㅋ,병신들아 해물탕 소프트는 소프트로 최고 페이스내서 1등 딴다 쳐도 어제 쓴 거 + 더 낮은 내구도로 빠른 피트스탑으로 순위 다 대주면 그게 뭐하는 짓이노? 소프트인테 페이스 느리다 존나 징징대네 ㅋㅋㅋ,0.08286918699741364,0.21213379502296448,0.19100071489810944,0.2877004146575928,0.16048525273799896,0.0658106580376625
2024-09-22 21:12:35,물탕 트레인 ㅋㅋ,ㅋㅋ,7,7.0,물탕 트레인 ㅋㅋ ㅋㅋ,물탕 트레인 ㅋㅋ ㅋㅋ,0.7053594589233398,0.11061692237854004,0.06893297284841537,0.057023439556360245,0.03492170199751854,0.023145562037825584
2024-09-22 21:12:38,해물탕 똥차 치워라  빨리 하드가던지,- dc official App,7,7.0,해물탕 똥차 치워라  빨리 하드가던지 - dc official App,해물탕 똥차 치워라 빨리 하드가던지 - dc official App,0.1899755597114563,0.1736392378807068,0.12533919513225555,0.31130731105804443,0.1570727676153183,0.04266596958041191
2024-09-22 21:12:38,1-2-3-4 전부 2초차 ㅋㅋㅋㅋㅋㅋㅋㅋㅋ,경기 좆망 ㅋㅋ,7,7.0,1-2-3-4 전부 2초차 ㅋㅋㅋㅋㅋㅋㅋㅋㅋ 경기 좆망 ㅋㅋ,1-2-3-4 전부 2초차 ㅋㅋㅋㅋㅋㅋㅋㅋㅋ 경기 좆망 ㅋㅋ,0.08837670832872391,0.24405784904956818,0.15214566886425018,0.22637325525283813,0.2186865359544754,0.07036004215478897
2024-09-22 21:12:41,나 고백할거 있음,"어제 Q2 Q3 졸면서봄
근데 본선도 졸면서 보게 생겼네",7,7.0,"나 고백할거 있음 어제 Q2 Q3 졸면서봄
근데 본선도 졸면서 보게 생겼네",나 고백할거 있음 어제 Q2 Q3 졸면서봄 근데 본선도 졸면서 보게 생겼네,0.1947353482246399,0.34312745928764343,0.18359136581420898,0.11678158491849899,0.07483336329460144,0.08693085610866547
2024-09-22 21:12:44,해밀턴 소프트 실패한건가,ㅇㅇ..,7,7.0,해밀턴 소프트 실패한건가 ㅇㅇ..,해밀턴 소프트 실패한건가 ㅇㅇ..,0.09368320554494858,0.2970309853553772,0.28540584444999695,0.10997085273265839,0.1254015564918518,0.08850758522748947
2024-09-22 21:12:46,콜라 타이어 엄청 쓰네,오래는 못 버티겠다,7,7.0,콜라 타이어 엄청 쓰네 오래는 못 버티겠다,콜라 타이어 엄청 쓰네 오래는 못 버티겠다,0.10080944001674652,0.25852102041244507,0.3221456706523895,0.11803098767995834,0.08788014948368073,0.11261273920536041
2024-09-22 21:12:48,DRS존이 4개가 되니 그냥 기차놀이노,ㅅㅂㅋㅋ,7,7.0,DRS존이 4개가 되니 그냥 기차놀이노 ㅅㅂㅋㅋ,DRS존이 4개가 되니 그냥 기차놀이노 ㅅㅂㅋㅋ,0.11848791688680649,0.24965301156044006,0.13229313492774963,0.2881602644920349,0.14349831640720367,0.06790734082460403
2024-09-22 21:12:50,슬슬 이거 잘한거같은 티포시면 개추ㅋㅋ,페라리의 해밀턴,7,7.0,슬슬 이거 잘한거같은 티포시면 개추ㅋㅋ 페라리의 해밀턴,슬슬 이거 잘한거같은 티포시면 개추ㅋㅋ 페라리의 해밀턴,0.6822888851165771,0.12525752186775208,0.07059415429830551,0.05198545753955841,0.037945717573165894,0.03192826732993126
2024-09-22 21:12:51,아까 그 니가 티포시였네,,7,7.0,아까 그 니가 티포시였네 ,아까 그 니가 티포시였네,0.16373880207538605,0.25758400559425354,0.2970920205116272,0.1111946776509285,0.05590810254216194,0.11448235809803009
2024-09-22 21:12:53,몽골 오늘 페이스 싱가폴맞냐 왜케빠름,,7,7.0,몽골 오늘 페이스 싱가폴맞냐 왜케빠름 ,몽골 오늘 페이스 싱가폴맞냐 왜케빠름,0.172368124127388,0.23114033043384552,0.31966733932495117,0.11496197432279587,0.053086377680301666,0.10877583920955658
2024-09-22 21:12:54,노리스<<이새끼 왜 멀어짐?,무섭노 ㄹㅇ,7,7.0,노리스<<이새끼 왜 멀어짐? 무섭노 ㄹㅇ,노리스<<이새끼 왜 멀어짐? 무섭노 ㄹㅇ,0.11392252147197723,0.18719600141048431,0.3252433240413666,0.158421590924263,0.08306610584259033,0.13215044140815735
2024-09-22 21:12:55,막스 패랩 뭐냐,,7,7.0,막스 패랩 뭐냐 ,막스 패랩 뭐냐,0.1224045678973198,0.25396478176116943,0.3281441032886505,0.14236317574977875,0.08801503479480743,0.06510837376117706
2024-09-22 21:12:58,물탕이 좆됐네,소프트 끼고 계속 멀어지면 우짜누,7,7.0,물탕이 좆됐네 소프트 끼고 계속 멀어지면 우짜누,물탕이 좆됐네 소프트 끼고 계속 멀어지면 우짜누,0.09098220616579056,0.27858787775039673,0.23048992455005646,0.1358308643102646,0.16207323968410492,0.10203585028648376
2024-09-22 21:12:59,피아제는 중간에 끼이면 영 별로네,클린에어는 잘하는데,7,7.0,피아제는 중간에 끼이면 영 별로네 클린에어는 잘하는데,피아제는 중간에 끼이면 영 별로네 클린에어는 잘하는데,0.124156653881073,0.31054773926734924,0.201304629445076,0.14076122641563416,0.17575521767139435,0.04747460409998894
2024-09-22 21:13:00,페라리 속도감 왤케 좋음?,,7,7.0,페라리 속도감 왤케 좋음? ,페라리 속도감 왤케 좋음?,0.6011950969696045,0.15430279076099396,0.1222333088517189,0.05411619693040848,0.03123803623020649,0.03691456839442253
2024-09-22 21:13:02,몽골 분노의 질주 ON,ㄷㄷ,7,7.0,몽골 분노의 질주 ON ㄷㄷ,몽골 분노의 질주 ON ㄷㄷ,0.1833423376083374,0.2024986892938614,0.329357385635376,0.11898176372051239,0.05487044155597687,0.11094935238361359
2024-09-22 21:13:08,레니 크래비츠 대가리 쥰나 크노 ㅋㅋ,ㅋㅋ,7,7.0,레니 크래비츠 대가리 쥰나 크노 ㅋㅋ ㅋㅋ,레니 크래비츠 대가리 쥰나 크노 ㅋㅋ ㅋㅋ,0.30462077260017395,0.21089068055152893,0.2476593554019928,0.11476002633571625,0.04066164419054985,0.08140743523836136
2024-09-22 21:13:10,몽골 << 배터리 dead ㅋㅋㅋ,배터리 다써서 달렸는데 딸깍 존 못들어갔노 ㅋㅋㅋ,7,7.0,몽골 << 배터리 dead ㅋㅋㅋ 배터리 다써서 달렸는데 딸깍 존 못들어갔노 ㅋㅋㅋ,몽골 << 배터리 dead ㅋㅋㅋ 배터리 다써서 달렸는데 딸깍 존 못들어갔노 ㅋㅋㅋ,0.13382528722286224,0.3324148654937744,0.20932438969612122,0.13776251673698425,0.08305129408836365,0.10362166911363602
2024-09-22 21:13:10,이제 슬슬 인터벌 보여줄때 안됐나,,7,7.0,이제 슬슬 인터벌 보여줄때 안됐나 ,이제 슬슬 인터벌 보여줄때 안됐나,0.20826055109500885,0.2858038544654846,0.19861841201782227,0.10710359364748001,0.1256331354379654,0.07458043098449707
2024-09-22 21:13:13,물탕이는 오늘 몽골 보내버렸어야지 영국도 돕고 복수도 하고,ㅇㅇ,7,7.0,물탕이는 오늘 몽골 보내버렸어야지 영국도 돕고 복수도 하고 ㅇㅇ,물탕이는 오늘 몽골 보내버렸어야지 영국도 돕고 복수도 하고 ㅇㅇ,0.1491697132587433,0.23563577234745026,0.23044191300868988,0.1477728933095932,0.13840533792972565,0.09857436269521713
2024-09-22 21:13:15,테드 크래비츠의 숨겨진 형제 ㄷㄷ,헉,7,7.0,테드 크래비츠의 숨겨진 형제 ㄷㄷ 헉,테드 크래비츠의 숨겨진 형제 ㄷㄷ 헉,0.20620889961719513,0.2036924511194229,0.3336814045906067,0.11026199907064438,0.04403971880674362,0.10211555659770966
2024-09-22 21:13:19,"최민수 ㅇㅇㅇㅇ,","ㅇㅇ,,",7,7.0,"최민수 ㅇㅇㅇㅇ, ㅇㅇ,,","최민수 ㅇㅇㅇㅇ, ㅇㅇ,,",0.45976388454437256,0.2246984839439392,0.12683308124542236,0.08381681889295578,0.054585009813308716,0.050302665680646896
2024-09-22 21:13:23,물탕 왜 소프트면서 4초냐,,7,7.0,물탕 왜 소프트면서 4초냐 ,물탕 왜 소프트면서 4초냐,0.10359784215688705,0.31175002455711365,0.1974303126335144,0.16906596720218658,0.176653653383255,0.04150218144059181
2024-09-22 21:13:28,신한카드 신라면세점 ㄷㄷㄷㄷㄷㄷㄷㄷ,"이제
현대만 오면 되노",7,7.0,"신한카드 신라면세점 ㄷㄷㄷㄷㄷㄷㄷㄷ 이제
현대만 오면 되노",신한카드 신라면세점 ㄷㄷㄷㄷㄷㄷㄷㄷ 이제 현대만 오면 되노,0.14039969444274902,0.24340227246284485,0.2573041319847107,0.12931600213050842,0.08385030925273895,0.14572758972644806
2024-09-22 21:13:34,다 해줬잖아ㅋㅋ,,7,7.0,다 해줬잖아ㅋㅋ ,다 해줬잖아ㅋㅋ,0.5032970905303955,0.16448411345481873,0.10998170077800751,0.10045651346445084,0.07576436549425125,0.04601624235510826
2024-09-22 21:13:35,해물탕 뭐하노 진짜 ㅡㅡ,ㅈㄱㄴ,7,7.0,해물탕 뭐하노 진짜 ㅡㅡ ㅈㄱㄴ,해물탕 뭐하노 진짜 ㅡㅡ ㅈㄱㄴ,0.13708539307117462,0.21641650795936584,0.1014488935470581,0.3012745678424835,0.2047501653432846,0.03902443125844002
2024-09-22 21:13:38,애마 좆된듯,Drs존 탈갤 ㅋㅋㅋㅋㅋ,7,7.0,애마 좆된듯 Drs존 탈갤 ㅋㅋㅋㅋㅋ,애마 좆된듯 Drs존 탈갤 ㅋㅋㅋㅋㅋ,0.08767541497945786,0.2776738405227661,0.2466275542974472,0.15712468326091766,0.10783211886882782,0.12306641042232513
2024-09-22 21:13:41,아 시발 다 트레인 끊겼네,ㅋㅋㅋㅋㅋ,7,7.0,아 시발 다 트레인 끊겼네 ㅋㅋㅋㅋㅋ,아 시발 다 트레인 끊겼네 ㅋㅋㅋㅋㅋ,0.1328977346420288,0.26737329363822937,0.1083664521574974,0.26360976696014404,0.17782939970493317,0.04992348700761795
2024-09-22 21:13:42,주관우가 보타스를 오버테이크!,,7,7.0,주관우가 보타스를 오버테이크! ,주관우가 보타스를 오버테이크!,0.13262686133384705,0.30720746517181396,0.3007439970970154,0.10749491304159164,0.0784611776471138,0.07346565276384354
2024-09-22 21:13:43,이번에 셒카 안나올 각인가,"너무 평화로운데
- dc official App",7,7.0,"이번에 셒카 안나올 각인가 너무 평화로운데
- dc official App",이번에 셒카 안나올 각인가 너무 평화로운데,0.25724321603775024,0.3010413944721222,0.18057112395763397,0.08717892318964005,0.07903283834457397,0.09493247419595718
2024-09-22 21:13:46,rb스타트 저거 못고치냐?,스타트 한정 자우버보다 느릴거 같은데,8,8.0,rb스타트 저거 못고치냐? 스타트 한정 자우버보다 느릴거 같은데,rb스타트 저거 못고치냐? 스타트 한정 자우버보다 느릴거 같은데,0.08749634027481079,0.22818021476268768,0.3281424343585968,0.14571046829223633,0.14142216742038727,0.06904833763837814
2024-09-22 21:13:49,와진짜노잼이네,,8,8.0,와진짜노잼이네 ,와진짜노잼이네,0.1254895031452179,0.3234112858772278,0.14310665428638458,0.18505920469760895,0.16392920911312103,0.05900413542985916
2024-09-22 21:13:50,케로:애마차는 병신이다 (의역X),,8,8.0,케로:애마차는 병신이다 (의역X) ,케로:애마차는 병신이다 (의역X),0.17685703933238983,0.2366892695426941,0.30799996852874756,0.12473207712173462,0.08331045508384705,0.07041118294000626
2024-09-22 21:13:52,와 헐크트레인 ㄷㄷㄷㄷㄷ,역시 기차는 하스,8,8.0,와 헐크트레인 ㄷㄷㄷㄷㄷ 역시 기차는 하스,와 헐크트레인 ㄷㄷㄷㄷㄷ 역시 기차는 하스,0.2520768344402313,0.20034438371658325,0.3022316098213196,0.10229001939296722,0.04357115551829338,0.09948603063821793
2024-09-22 21:13:52,아니 트레인 거의 10대 가까이 아님?,시발 ㅋㅋㅋㅋ,8,8.0,아니 트레인 거의 10대 가까이 아님? 시발 ㅋㅋㅋㅋ,아니 트레인 거의 10대 가까이 아님? 시발 ㅋㅋㅋㅋ,0.10642355680465698,0.21895401179790497,0.21085919439792633,0.2410050332546234,0.12605111300945282,0.09670711308717728
2024-09-22 21:13:57,싱가포르 << 이새끼는 끝까지 봐야하면 개추 ㅋㅋ,특히 이 새끼 때문에 ㅇㅇ..,8,8.0,싱가포르 << 이새끼는 끝까지 봐야하면 개추 ㅋㅋ 특히 이 새끼 때문에 ㅇㅇ..,싱가포르 << 이새끼는 끝까지 봐야하면 개추 ㅋㅋ 특히 이 새끼 때문에 ㅇㅇ..,0.3379860520362854,0.1740548014640808,0.14510244131088257,0.15801484882831573,0.09524881839752197,0.08959301561117172
2024-09-22 21:13:58,물탕 소프트끼고 3초 ㅋㅋ,ㅋㅋ,8,8.0,물탕 소프트끼고 3초 ㅋㅋ ㅋㅋ,물탕 소프트끼고 3초 ㅋㅋ ㅋㅋ,0.5545257925987244,0.16257022321224213,0.11469616740942001,0.08765725791454315,0.043642353266477585,0.03690823167562485
2024-09-22 21:14:00,자우버 <~ P18이랑 3초차,ㅋㅋㅋㅋㅋ,8,8.0,자우버 <~ P18이랑 3초차 ㅋㅋㅋㅋㅋ,자우버 <~ P18이랑 3초차 ㅋㅋㅋㅋㅋ,0.6413339972496033,0.13060210645198822,0.09524799138307571,0.0695965439081192,0.034847430884838104,0.02837189845740795
2024-09-22 21:14:04,츠노다 왜 박음?,내 희망이 ㅅㅂ,8,8.0,츠노다 왜 박음? 내 희망이 ㅅㅂ,츠노다 왜 박음? 내 희망이 ㅅㅂ,0.09494254738092422,0.22646105289459229,0.12575681507587433,0.26650604605674744,0.23227553069591522,0.05405796691775322
2024-09-22 21:14:05,저우 보타스 추월ㅋㅋㅋ,,8,8.0,저우 보타스 추월ㅋㅋㅋ ,저우 보타스 추월ㅋㅋㅋ,0.5871835350990295,0.15263105928897858,0.13181018829345703,0.06427078694105148,0.028336720541119576,0.03576771542429924
2024-09-22 21:14:07,콜라게이 슬슬 가놐ㅋㅋㅋㅋㅋㅋ,,8,8.0,콜라게이 슬슬 가놐ㅋㅋㅋㅋㅋㅋ ,콜라게이 슬슬 가놐ㅋㅋㅋㅋㅋㅋ,0.6257277131080627,0.1413022130727768,0.0845944881439209,0.06806415319442749,0.0450565367937088,0.03525492921471596
2024-09-22 21:14:08,물탕은 1등에서 지금처럼 달려야지 3등에서 이러면 개망인거야,- dc official App,8,8.0,물탕은 1등에서 지금처럼 달려야지 3등에서 이러면 개망인거야 - dc official App,물탕은 1등에서 지금처럼 달려야지 3등에서 이러면 개망인거야 - dc official App,0.11123062670230865,0.302176833152771,0.25468093156814575,0.12032688409090042,0.11621880531311035,0.09536595642566681
2024-09-22 21:14:09,플랜A 입갤 ㅋㅋㅋㅋ,"ㅋㅋㅋㅋ
- dc official App",8,8.0,"플랜A 입갤 ㅋㅋㅋㅋ ㅋㅋㅋㅋ
- dc official App",플랜A 입갤 ㅋㅋㅋㅋ ㅋㅋㅋㅋ,0.6651651859283447,0.12038082629442215,0.08290917426347733,0.06665027886629105,0.03707824647426605,0.02781628631055355
2024-09-22 21:14:11,르끌~알본 트레인 개역겹노 ㅋㅋ,ㅋㅋ,8,8.0,르끌~알본 트레인 개역겹노 ㅋㅋ ㅋㅋ,르끌~알본 트레인 개역겹노 ㅋㅋ ㅋㅋ,0.14755894243717194,0.17328932881355286,0.15042950212955475,0.31211456656455994,0.1485866904258728,0.0680210217833519
2024-09-22 21:14:12,물탕아 관리할거면 쥬지좀 보내줘라,길막지말고,8,8.0,물탕아 관리할거면 쥬지좀 보내줘라 길막지말고,물탕아 관리할거면 쥬지좀 보내줘라 길막지말고,0.14183564484119415,0.23261453211307526,0.11173446476459503,0.2827041447162628,0.18669095635414124,0.04442029818892479
2024-09-22 21:14:14,쁠랜Aㅋㅋㅋㅋ,음,8,8.0,쁠랜Aㅋㅋㅋㅋ 음,쁠랜Aㅋㅋㅋㅋ 음,0.48746541142463684,0.19576993584632874,0.1478070318698883,0.08601187914609909,0.042707350105047226,0.04023843631148338
2024-09-22 21:14:14,쁠란 에이 입갤ㅋㅋ,,8,8.0,쁠란 에이 입갤ㅋㅋ ,쁠란 에이 입갤ㅋㅋ,0.6850038170814514,0.11264970898628235,0.08283441513776779,0.05960388854146004,0.033102117478847504,0.026806101202964783
2024-09-22 21:14:15,소프트는 ㄹㅇ 스타트 도박에만 쓰고 관리중인가보네,으앙,8,8.0,소프트는 ㄹㅇ 스타트 도박에만 쓰고 관리중인가보네 으앙,소프트는 ㄹㅇ 스타트 도박에만 쓰고 관리중인가보네 으앙,0.0681447982788086,0.2645931839942932,0.23590393364429474,0.18148645758628845,0.15688693523406982,0.09298470616340637
2024-09-22 21:14:16,페라리 플랜 A 입갤 ㅋㅋㅋ,,8,8.0,페라리 플랜 A 입갤 ㅋㅋㅋ ,페라리 플랜 A 입갤 ㅋㅋㅋ,0.6917154788970947,0.10913874953985214,0.0787062868475914,0.05912664160132408,0.03349073976278305,0.027822058647871017
2024-09-22 21:14:16,플랜a 입갤ㅋㅋ,- dc official App,8,8.0,플랜a 입갤ㅋㅋ - dc official App,플랜a 입갤ㅋㅋ - dc official App,0.6592049598693848,0.11971446126699448,0.09765616804361343,0.06373313814401627,0.033107541501522064,0.026583701372146606
2024-09-22 21:14:19,플랜 A 입장 ㅋㅋ,,8,8.0,플랜 A 입장 ㅋㅋ ,플랜 A 입장 ㅋㅋ,0.4792126715183258,0.1867445558309555,0.13873626291751862,0.09986136108636856,0.053232092410326004,0.04221304506063461
2024-09-22 21:14:20,저우 ← 어차피 느려서 노포인거 SC 불러야 한다고 생각함,,8,8.0,저우 ← 어차피 느려서 노포인거 SC 불러야 한다고 생각함 ,저우 ← 어차피 느려서 노포인거 SC 불러야 한다고 생각함,0.09999660402536392,0.31960979104042053,0.1671619415283203,0.14108049869537354,0.2093953937292099,0.0627557560801506
2024-09-22 21:14:21,사인츠는 왜 오늘도 개못하고있냐,의욕이 없는건가,8,8.0,사인츠는 왜 오늘도 개못하고있냐 의욕이 없는건가,사인츠는 왜 오늘도 개못하고있냐 의욕이 없는건가,0.06975958496332169,0.25463733077049255,0.1881265491247177,0.18187443912029266,0.25148001313209534,0.05412212014198303
2024-09-22 21:14:21,헐크의 꿈 이뤄질 수 있을까,,8,8.0,헐크의 꿈 이뤄질 수 있을까 ,헐크의 꿈 이뤄질 수 있을까,0.2757917642593384,0.2120055854320526,0.286960244178772,0.08333734422922134,0.05461098253726959,0.08729410171508789
2024-09-22 21:14:22,플랜a(12위),"ㅋㅋㅋ
- dc official App",8,8.0,"플랜a(12위) ㅋㅋㅋ
- dc official App",플랜a(12위) ㅋㅋㅋ,0.23454400897026062,0.2486560195684433,0.24831882119178772,0.13925687968730927,0.05957149341702461,0.06965282559394836
2024-09-22 21:14:23,쁠랜Aㅋㅋㅋㅋㅋ,- dc official App,8,8.0,쁠랜Aㅋㅋㅋㅋㅋ - dc official App,쁠랜Aㅋㅋㅋㅋㅋ - dc official App,0.6514737606048584,0.12290854752063751,0.09872268885374069,0.06990528106689453,0.0335053950548172,0.023484382778406143
2024-09-22 21:14:24,쁠랜에잉 ㅋㅋㅋ,ㅋㅋㅋㅋ,8,8.0,쁠랜에잉 ㅋㅋㅋ ㅋㅋㅋㅋ,쁠랜에잉 ㅋㅋㅋ ㅋㅋㅋㅋ,0.6790971755981445,0.12230034172534943,0.06786205619573593,0.06858094781637192,0.0395968072116375,0.02256273292005062
2024-09-22 21:14:25,도마뱀 그리우면 개추,- dc official App,8,8.0,도마뱀 그리우면 개추 - dc official App,도마뱀 그리우면 개추 - dc official App,0.5837716460227966,0.1507222205400467,0.1280379742383957,0.061612121760845184,0.03568187355995178,0.040174130350351334
2024-09-22 21:14:27,차빨챔 스타트 못뺏앗노,ㅉㅉ,8,8.0,차빨챔 스타트 못뺏앗노 ㅉㅉ,차빨챔 스타트 못뺏앗노 ㅉㅉ,0.08717172592878342,0.30127888917922974,0.20543617010116577,0.17620186507701874,0.15906286239624023,0.07084847241640091
2024-09-22 21:14:28,미끌 트레인 돌았나 ㅅㅂㅋㅋㅋㅋ,존나 기네ㅋㅋㅋㅋ,8,8.0,미끌 트레인 돌았나 ㅅㅂㅋㅋㅋㅋ 존나 기네ㅋㅋㅋㅋ,미끌 트레인 돌았나 ㅅㅂㅋㅋㅋㅋ 존나 기네ㅋㅋㅋㅋ,0.143884539604187,0.2465686947107315,0.1938595175743103,0.21643127501010895,0.10094940662384033,0.0983065590262413
2024-09-22 21:14:29,좆라리 플랜 A 입갤 ㅋㅋㅋ,,8,8.0,좆라리 플랜 A 입갤 ㅋㅋㅋ ,좆라리 플랜 A 입갤 ㅋㅋㅋ,0.6277952790260315,0.12742237746715546,0.08484774827957153,0.08551296591758728,0.04259704053401947,0.03182457759976387
2024-09-22 21:14:33,크루징 on,달려달려,8,8.0,크루징 on 달려달려,크루징 on 달려달려,0.6322119832038879,0.12944023311138153,0.09620294719934464,0.06819164007902145,0.04103977233171463,0.032913390547037125
2024-09-22 21:14:31,뿔랜 에이 입갤 ㅋㅋㅋㅋ,,8,8.0,뿔랜 에이 입갤 ㅋㅋㅋㅋ ,뿔랜 에이 입갤 ㅋㅋㅋㅋ,0.7016996741294861,0.10689902305603027,0.07769335061311722,0.05607176199555397,0.032327041029930115,0.02530910260975361
2024-09-22 21:14:43,"""솔직히 최대아웃풋F3따리국가놈들이 떠드는거 꼬우면 개추 ㅋㅋ""",작..성..,8,8.0,"""솔직히 최대아웃풋F3따리국가놈들이 떠드는거 꼬우면 개추 ㅋㅋ"" 작..성..","""솔직히 최대아웃풋F3따리국가놈들이 떠드는거 꼬우면 개추 ㅋㅋ"" 작..성..",0.11376749724149704,0.20742638409137726,0.22309748828411102,0.24384240806102753,0.12180572003126144,0.09006057679653168
2024-09-22 21:14:48,와 존나 노잼이네,ㅇㅇ,8,8.0,와 존나 노잼이네 ㅇㅇ,와 존나 노잼이네 ㅇㅇ,0.12050872296094894,0.3241451680660248,0.14577917754650116,0.1894986778497696,0.16161423921585083,0.05845407769083977
2024-09-22 21:14:56,세카 안뜨면 올해 최악의 개노잼레이스 확정,얼른 박아야겠지?,8,8.0,세카 안뜨면 올해 최악의 개노잼레이스 확정 얼른 박아야겠지?,세카 안뜨면 올해 최악의 개노잼레이스 확정 얼른 박아야겠지?,0.10104057937860489,0.2909274399280548,0.1734919399023056,0.1586437225341797,0.18498319387435913,0.09091311693191528
2024-09-22 21:15:05,지금 왔는데 스타트 소식 있음?>?,,8,8.0,지금 왔는데 스타트 소식 있음?>? ,지금 왔는데 스타트 소식 있음?>?,0.25709518790245056,0.21752400696277618,0.2929365634918213,0.08725905418395996,0.061196547001600266,0.08398862183094025
2024-09-22 21:15:15,르끌 카본 나가리 ㅋㅋ,,8,8.0,르끌 카본 나가리 ㅋㅋ ,르끌 카본 나가리 ㅋㅋ,0.13441529870033264,0.33069154620170593,0.15065835416316986,0.165061354637146,0.1600092053413391,0.05916431173682213
2024-09-22 21:15:25,괜찮타카는게 믿음이 안가노,,9,9.0,괜찮타카는게 믿음이 안가노 ,괜찮타카는게 믿음이 안가노,0.08913671970367432,0.29699915647506714,0.22621628642082214,0.1327098160982132,0.2033550888299942,0.051582857966423035
2024-09-22 21:15:26,르끌 점마 퍼지는거 아니냐,- dc official App,9,9.0,르끌 점마 퍼지는거 아니냐 - dc official App,르끌 점마 퍼지는거 아니냐 - dc official App,0.11786723881959915,0.21569545567035675,0.3281421661376953,0.12885276973247528,0.09417428076267242,0.11526805907487869
2024-09-22 21:15:33,페라리 개좆된거같으면 개추 ㅋㅋㅋㅋㅋㅋ,,9,9.0,페라리 개좆된거같으면 개추 ㅋㅋㅋㅋㅋㅋ ,페라리 개좆된거같으면 개추 ㅋㅋㅋㅋㅋㅋ,0.22912652790546417,0.2657071352005005,0.1711043417453766,0.1533641666173935,0.08122193813323975,0.09947587549686432
2024-09-22 21:15:36,또 누구 차 터졌노 ㅋㅋㅋㅋ 셒카각나온다,ㅋㅋㅋㅋㅋ,9,9.0,또 누구 차 터졌노 ㅋㅋㅋㅋ 셒카각나온다 ㅋㅋㅋㅋㅋ,또 누구 차 터졌노 ㅋㅋㅋㅋ 셒카각나온다 ㅋㅋㅋㅋㅋ,0.612125813961029,0.15620924532413483,0.10035862773656845,0.06592662632465363,0.03394858166575432,0.0314311720430851
2024-09-22 21:15:39,르끌게이 조졌놐ㅋㅋㅋㅋㅋㅋㅋㅋ,,9,9.0,르끌게이 조졌놐ㅋㅋㅋㅋㅋㅋㅋㅋ ,르끌게이 조졌놐ㅋㅋㅋㅋㅋㅋㅋㅋ,0.1782446652650833,0.3484013080596924,0.15733547508716583,0.1521311104297638,0.09146632254123688,0.0724211037158966
2024-09-22 21:15:40,물탕이 좆됐네 ㅋㅋㅋㅋ,,9,9.0,물탕이 좆됐네 ㅋㅋㅋㅋ ,물탕이 좆됐네 ㅋㅋㅋㅋ,0.10753756016492844,0.32818856835365295,0.1743352860212326,0.1771293431520462,0.1159183606505394,0.09689083695411682
2024-09-22 21:15:43,보타스 뭐고 타이어 얼음장인데,- dc official App,9,9.0,보타스 뭐고 타이어 얼음장인데 - dc official App,보타스 뭐고 타이어 얼음장인데 - dc official App,0.1195666566491127,0.3049565553665161,0.21424104273319244,0.14793133735656738,0.12878555059432983,0.08451884239912033
2024-09-22 21:15:45,이대로 끝까지 기차놀이할거같은데,어 음 어,9,9.0,이대로 끝까지 기차놀이할거같은데 어 음 어,이대로 끝까지 기차놀이할거같은데 어 음 어,0.160234272480011,0.2964926064014435,0.2521040141582489,0.10739839822053909,0.08498747646808624,0.09878327697515488
2024-09-22 21:15:52,벌어지네 아,캬 대 리 스,9,9.0,벌어지네 아 캬 대 리 스,벌어지네 아 캬 대 리 스,0.5510121583938599,0.16252166032791138,0.1265064924955368,0.0810762569308281,0.0382075309753418,0.04067586362361908
2024-09-22 21:15:53,체코 시발련 설마 콜라 놓친거임?,아,9,9.0,체코 시발련 설마 콜라 놓친거임? 아,체코 시발련 설마 콜라 놓친거임? 아,0.10373619198799133,0.2512279152870178,0.17450061440467834,0.23618507385253906,0.16582706570625305,0.06852316111326218
2024-09-22 21:15:55,아까 스타트때 피아제랑 알론소 박았잖아,그때 떨어진거 아님?,9,9.0,아까 스타트때 피아제랑 알론소 박았잖아 그때 떨어진거 아님?,아까 스타트때 피아제랑 알론소 박았잖아 그때 떨어진거 아님?,0.117325559258461,0.20873719453811646,0.3630482852458954,0.12930816411972046,0.08058863133192062,0.10099217295646667
2024-09-22 21:15:57,모나코생각나네,이씨발,9,9.0,모나코생각나네 이씨발,모나코생각나네 이씨발,0.16454704105854034,0.20037874579429626,0.09810874611139297,0.29915252327919006,0.1902632862329483,0.04754963889718056
2024-09-22 21:15:57,스트롤 크래쉬 안일어나나,,9,9.0,스트롤 크래쉬 안일어나나 ,스트롤 크래쉬 안일어나나,0.18174231052398682,0.24890360236167908,0.22134941816329956,0.14257828891277313,0.14561143517494202,0.059814851731061935
2024-09-22 21:15:58,다른 차꺼 같은데,느낌이,9,9.0,다른 차꺼 같은데 느낌이,다른 차꺼 같은데 느낌이,0.11855058372020721,0.23363161087036133,0.35072728991508484,0.11620072275400162,0.08729418367147446,0.09359559416770935
2024-09-22 21:15:59,FIA <<~~ 나만 당장 각본 연출을 해야한다고 생각함?,,9,9.0,FIA <<~~ 나만 당장 각본 연출을 해야한다고 생각함? ,FIA <<~~ 나만 당장 각본 연출을 해야한다고 생각함?,0.17277106642723083,0.3200548589229584,0.223149374127388,0.10715875029563904,0.09498541057109833,0.08188053965568542
2024-09-22 21:15:59,체황 콜라 언제딸려나,흠,9,9.0,체황 콜라 언제딸려나 흠,체황 콜라 언제딸려나 흠,0.1523038148880005,0.2987295389175415,0.23507870733737946,0.10955116152763367,0.13231563568115234,0.07202119380235672
2024-09-22 21:16:00,도로가 좁은데 코너를 저속도로 달리는건 난 불가능,무섭다,9,9.0,도로가 좁은데 코너를 저속도로 달리는건 난 불가능 무섭다,도로가 좁은데 코너를 저속도로 달리는건 난 불가능 무섭다,0.12905797362327576,0.20348046720027924,0.3406071662902832,0.1226782575249672,0.07988417893648148,0.12429198622703552
2024-09-22 21:16:02,도마뱀 입갤 ㅋㅋㅋㅋㅋ,- dc official App,9,9.0,도마뱀 입갤 ㅋㅋㅋㅋㅋ - dc official App,도마뱀 입갤 ㅋㅋㅋㅋㅋ - dc official App,0.6619372963905334,0.12541021406650543,0.09573513269424438,0.05928594991564751,0.02974366769194603,0.027887720614671707
2024-09-22 21:16:03,해물탕 소프튼데 왜 점점 멀어지냐ㅋㅋㅋㅋㅋ,,9,9.0,해물탕 소프튼데 왜 점점 멀어지냐ㅋㅋㅋㅋㅋ ,해물탕 소프튼데 왜 점점 멀어지냐ㅋㅋㅋㅋㅋ,0.11656749993562698,0.37357014417648315,0.1423138678073883,0.14924737811088562,0.1406671404838562,0.07763400673866272
2024-09-22 21:16:09,좆라리 ㅅㅂ...,- dc official App,9,9.0,좆라리 ㅅㅂ... - dc official App,좆라리 ㅅㅂ... - dc official App,0.1658097356557846,0.18096613883972168,0.11015313118696213,0.31815993785858154,0.18574273586273193,0.03916824981570244
2024-09-22 21:16:09,그래서 이새끼 언제 나옴?,,9,9.0,그래서 이새끼 언제 나옴? ,그래서 이새끼 언제 나옴?,0.11803001165390015,0.2890551686286926,0.19624225795269012,0.16632144153118134,0.16917602717876434,0.061175137758255005
2024-09-22 21:16:10,좆노잼각이다,졸리네,9,9.0,좆노잼각이다 졸리네,좆노잼각이다 졸리네,0.11071491241455078,0.30964913964271545,0.15687641501426697,0.18948429822921753,0.17397215962409973,0.059303026646375656
2024-09-22 21:16:12,티포시 표정 ㅅㅂㅋㅋㅋㅋㅋㅋㅋㅋㅋㅋ,맹하노 ㅋㅋ,9,9.0,티포시 표정 ㅅㅂㅋㅋㅋㅋㅋㅋㅋㅋㅋㅋ 맹하노 ㅋㅋ,티포시 표정 ㅅㅂㅋㅋㅋㅋㅋㅋㅋㅋㅋㅋ 맹하노 ㅋㅋ,0.1888594925403595,0.27287018299102783,0.2444269210100174,0.1493057757616043,0.06433378159999847,0.0802038237452507
2024-09-22 21:16:13,싱가폴 추월 나오긴하냐,노잼각인데,9,9.0,싱가폴 추월 나오긴하냐 노잼각인데,싱가폴 추월 나오긴하냐 노잼각인데,0.09970134496688843,0.32212623953819275,0.23272600769996643,0.13772834837436676,0.1456160992383957,0.06210201233625412
2024-09-22 21:16:14,오늘은제발셒카오늘은제발셒카,,9,9.0,오늘은제발셒카오늘은제발셒카 ,오늘은제발셒카오늘은제발셒카,0.5537213087081909,0.16415274143218994,0.10410944372415543,0.10288504511117935,0.045446351170539856,0.029685167595744133
2024-09-22 21:16:15,셒카기록 갱신하나?,또 안뜰거같야,9,9.0,셒카기록 갱신하나? 또 안뜰거같야,셒카기록 갱신하나? 또 안뜰거같야,0.10470067709684372,0.32444706559181213,0.21121034026145935,0.11701875925064087,0.17940768599510193,0.0632154643535614
2024-09-22 21:16:18,노리스 크루징하려고 달리네,미친놈,9,9.0,노리스 크루징하려고 달리네 미친놈,노리스 크루징하려고 달리네 미친놈,0.12273023277521133,0.20582875609397888,0.21732665598392487,0.24927081167697906,0.10922499746084213,0.09561850130558014
2024-09-22 21:16:18,관중들 표정 안좋노 ㅋㅋㅋ,,9,9.0,관중들 표정 안좋노 ㅋㅋㅋ ,관중들 표정 안좋노 ㅋㅋㅋ,0.15289728343486786,0.26056402921676636,0.26674407720565796,0.12626278400421143,0.07434280216693878,0.1191890761256218
2024-09-22 21:16:20,줄리앙 페브로: 이번 경기가 리카도의 마지막 경기 같다,"ㄹㅇ 로슨이 올라올 것 같다 라고 함
- dc official App",9,9.0,"줄리앙 페브로: 이번 경기가 리카도의 마지막 경기 같다 ㄹㅇ 로슨이 올라올 것 같다 라고 함
- dc official App",줄리앙 페브로: 이번 경기가 리카도의 마지막 경기 같다 ㄹㅇ 로슨이 올라올 것 같다 라고 함,0.28234273195266724,0.230490043759346,0.2705828547477722,0.08412618190050125,0.04735049605369568,0.08510763943195343
2024-09-22 21:16:20,2초 입갤ㅋㅋㅋㅋ,"누리스ㅅㅅㅅ
- dc official App",9,9.0,"2초 입갤ㅋㅋㅋㅋ 누리스ㅅㅅㅅ
- dc official App",2초 입갤ㅋㅋㅋㅋ 누리스ㅅㅅㅅ,0.7176645994186401,0.10335258394479752,0.06359780579805374,0.05268128588795662,0.03632575273513794,0.02637798711657524
2024-09-22 21:16:24,솔직히 노잼임..,제발,9,9.0,솔직히 노잼임.. 제발,솔직히 노잼임.. 제발,0.11569070816040039,0.2941780090332031,0.142767071723938,0.19531236588954926,0.18950781226158142,0.06254401803016663
2024-09-22 21:16:23,알론소 피트인도 안했는데 왜 재미를 찾냐????,알국왕님 들어가시면 바로 재밌어진다니까???,9,9.0,알론소 피트인도 안했는데 왜 재미를 찾냐???? 알국왕님 들어가시면 바로 재밌어진다니까???,알론소 피트인도 안했는데 왜 재미를 찾냐???? 알국왕님 들어가시면 바로 재밌어진다니까???,0.10885409265756607,0.2845213711261749,0.238577201962471,0.18793191015720367,0.11604207754135132,0.064073346555233
2024-09-22 21:16:28,11노다ㅋㅋㅋㅋㅋ,- dc official App,9,9.0,11노다ㅋㅋㅋㅋㅋ - dc official App,11노다ㅋㅋㅋㅋㅋ - dc official App,0.3520312011241913,0.23935449123382568,0.15759404003620148,0.1339019536972046,0.06630869209766388,0.05080960690975189
2024-09-22 21:16:29,콜라 똥꼬도 못쫓아가는 체황ㅋㅋㅋ,"왜 멀어지노ㅋㅋ
- dc official App",9,9.0,"콜라 똥꼬도 못쫓아가는 체황ㅋㅋㅋ 왜 멀어지노ㅋㅋ
- dc official App",콜라 똥꼬도 못쫓아가는 체황ㅋㅋㅋ 왜 멀어지노ㅋㅋ,0.09952346235513687,0.3031257092952728,0.229035422205925,0.1675042361021042,0.1015571802854538,0.09925402700901031
2024-09-22 21:16:30,누리스 우승하냐? ㄷㄷㄷ,,9,9.0,누리스 우승하냐? ㄷㄷㄷ ,누리스 우승하냐? ㄷㄷㄷ,0.2274017184972763,0.22035270929336548,0.3112703263759613,0.0917789563536644,0.04305768758058548,0.10613855719566345
2024-09-22 21:16:30,11노다 ㅋㅋㅋㅋㅋㅋㅋㅋㅋㅋ,,9,9.0,11노다 ㅋㅋㅋㅋㅋㅋㅋㅋㅋㅋ ,11노다 ㅋㅋㅋㅋㅋㅋㅋㅋㅋㅋ,0.3698559105396271,0.23967245221138,0.1468663364648819,0.12794378399848938,0.06417497992515564,0.05148658528923988
2024-09-22 21:16:31,귀신 같이 11위ㅋㅋㅋㅋ,,9,9.0,귀신 같이 11위ㅋㅋㅋㅋ ,귀신 같이 11위ㅋㅋㅋㅋ,0.2581677734851837,0.23201674222946167,0.2727189064025879,0.11151029169559479,0.052477482706308365,0.07310879975557327
2024-09-22 21:16:32,귀신같은 11위 ㅋㅋㅋ,"11노다 ㅋㅋㅋㅋ
- dc official App",9,9.0,"귀신같은 11위 ㅋㅋㅋ 11노다 ㅋㅋㅋㅋ
- dc official App",귀신같은 11위 ㅋㅋㅋ 11노다 ㅋㅋㅋㅋ,0.17341703176498413,0.29920679330825806,0.23645266890525818,0.12844346463680267,0.07339933514595032,0.08908063918352127
2024-09-22 21:16:35,걍 좆노잼 이대로 끝나겠네 ㅋㅋ,ㄹㅇ 노잼이다 노잼,9,9.0,걍 좆노잼 이대로 끝나겠네 ㅋㅋ ㄹㅇ 노잼이다 노잼,걍 좆노잼 이대로 끝나겠네 ㅋㅋ ㄹㅇ 노잼이다 노잼,0.11165861785411835,0.3065492808818817,0.14885427057743073,0.19471947848796844,0.1744636446237564,0.06375465542078018
2024-09-22 21:16:36,11노다 입갤ㅋㅋ,- dc official App,9,9.0,11노다 입갤ㅋㅋ - dc official App,11노다 입갤ㅋㅋ - dc official App,0.670013427734375,0.11990425735712051,0.08558905869722366,0.06364709138870239,0.034941378980875015,0.025904851034283638
2024-09-22 21:16:37,지금 왔는데 스타트ㅜ 소식 있냐?,알려줭,9,9.0,지금 왔는데 스타트ㅜ 소식 있냐? 알려줭,지금 왔는데 스타트ㅜ 소식 있냐? 알려줭,0.3018467128276825,0.2386406511068344,0.22772926092147827,0.08319894224405289,0.07282538712024689,0.07575902342796326
2024-09-22 21:16:38,코신같이 11노다 ㅋㅋㅋㅋㅋㅋㅋㅋ,ㅋㅋㅋㅋㅋㅋㅋㅋㅋㅋㅋ,9,9.0,코신같이 11노다 ㅋㅋㅋㅋㅋㅋㅋㅋ ㅋㅋㅋㅋㅋㅋㅋㅋㅋㅋㅋ,코신같이 11노다 ㅋㅋㅋㅋㅋㅋㅋㅋ ㅋㅋㅋㅋㅋㅋㅋㅋㅋㅋㅋ,0.4764205515384674,0.20687946677207947,0.11672496050596237,0.10593389719724655,0.05397196486592293,0.04006917029619217
2024-09-22 21:16:40,애마는 뭔데 하스한테 뭘해도 못붙냐,싱가폴이라 그런거¿,9,9.0,애마는 뭔데 하스한테 뭘해도 못붙냐 싱가폴이라 그런거¿,애마는 뭔데 하스한테 뭘해도 못붙냐 싱가폴이라 그런거¿,0.07322845607995987,0.2987428903579712,0.2483622282743454,0.1467597633600235,0.14533723890781403,0.08756933361291885
2024-09-22 21:16:42,"""귀신같이 11위""",ㅋㅋㅋㅋㅋㅋㅋ,9,9.0,"""귀신같이 11위"" ㅋㅋㅋㅋㅋㅋㅋ","""귀신같이 11위"" ㅋㅋㅋㅋㅋㅋㅋ",0.17188814282417297,0.2367870807647705,0.28880220651626587,0.13959074020385742,0.06851304322481155,0.09441877156496048
2024-09-22 21:16:42,싱가폴은 트랙 폐쇄가 답이다,인천으로 옮기자,9,9.0,싱가폴은 트랙 폐쇄가 답이다 인천으로 옮기자,싱가폴은 트랙 폐쇄가 답이다 인천으로 옮기자,0.11338000744581223,0.27080947160720825,0.22975033521652222,0.104550302028656,0.2092711627483368,0.07223869115114212
2024-09-22 21:16:43,츠노다 올시즌중에 카메라 젤 많이잡힌듯,ㄹㅇ,9,9.0,츠노다 올시즌중에 카메라 젤 많이잡힌듯 ㄹㅇ,츠노다 올시즌중에 카메라 젤 많이잡힌듯 ㄹㅇ,0.5251385569572449,0.19139628112316132,0.1134408488869667,0.07347720861434937,0.05593795329332352,0.04060918092727661
2024-09-22 21:16:46,브리아토레 직무 유기함? 뭐함?,,9,9.0,브리아토레 직무 유기함? 뭐함? ,브리아토레 직무 유기함? 뭐함?,0.10915134847164154,0.23558688163757324,0.2890244722366333,0.1527746617794037,0.15617230534553528,0.05729033425450325
2024-09-22 21:16:48,drs 2갠데도 저지랄이노,추월 좀 나와라..,9,9.0,drs 2갠데도 저지랄이노 추월 좀 나와라..,drs 2갠데도 저지랄이노 추월 좀 나와라..,0.09305188059806824,0.2293517291545868,0.1254405379295349,0.2745489180088043,0.22261162102222443,0.054995324462652206
2024-09-22 21:16:51,벌써 재미없다,ㅇ,9,9.0,벌써 재미없다 ㅇ,벌써 재미없다 ㅇ,0.17508603632450104,0.3118594288825989,0.163486048579216,0.15864969789981842,0.135037362575531,0.05588141456246376
2024-09-22 21:16:51,도련놈아 희생좀 해라!!!!,제발,9,9.0,도련놈아 희생좀 해라!!!! 제발,도련놈아 희생좀 해라!!!! 제발,0.13520607352256775,0.20357687771320343,0.13120591640472412,0.2600181996822357,0.20583727955818176,0.0641557052731514
2024-09-22 21:16:52,알본견 자러가면되냐?,ㅇㅇ,9,9.0,알본견 자러가면되냐? ㅇㅇ,알본견 자러가면되냐? ㅇㅇ,0.28688663244247437,0.23848235607147217,0.23615115880966187,0.09067919850349426,0.06849467754364014,0.07930601388216019
2024-09-22 21:16:55,걍 올해 드챔은 베르스타펜이고 컨챔은 맥라렌이 맞는것같다,ㅇㅇ...,9,9.0,걍 올해 드챔은 베르스타펜이고 컨챔은 맥라렌이 맞는것같다 ㅇㅇ...,걍 올해 드챔은 베르스타펜이고 컨챔은 맥라렌이 맞는것같다 ㅇㅇ...,0.18304775655269623,0.3199322521686554,0.23008371889591217,0.10865270346403122,0.09882842004299164,0.059455133974552155
2024-09-22 21:16:58,Serg10 Perez Yuk11 Tsunoda ㅠㅠㅠㅠㅠ,,9,9.0,Serg10 Perez Yuk11 Tsunoda ㅠㅠㅠㅠㅠ ,Serg10 Perez Yuk11 Tsunoda ㅠㅠㅠㅠㅠ,0.2752419114112854,0.24165001511573792,0.15260456502437592,0.1365596055984497,0.1353379487991333,0.05860593914985657
2024-09-22 21:16:59,정지훈<-이새끼 게릴라콘서트 안해주노??,아,9,9.0,정지훈<-이새끼 게릴라콘서트 안해주노?? 아,정지훈<-이새끼 게릴라콘서트 안해주노?? 아,0.18448813259601593,0.27978435158729553,0.11484232544898987,0.19957810640335083,0.16619616746902466,0.05511092022061348
2024-09-22 21:17:00,노막햄 간격 벌어지네,유잼파이트좀 해줘,9,9.0,노막햄 간격 벌어지네 유잼파이트좀 해줘,노막햄 간격 벌어지네 유잼파이트좀 해줘,0.42160534858703613,0.22327616810798645,0.12153445929288864,0.09694783389568329,0.08659129589796066,0.05004488676786423
2024-09-22 21:17:01,좆됐다 노리스 타이어 다 뎁혀졌다,몽골 똥차 못따라간다 ㅋㅋㅋㅋ,9,9.0,좆됐다 노리스 타이어 다 뎁혀졌다 몽골 똥차 못따라간다 ㅋㅋㅋㅋ,좆됐다 노리스 타이어 다 뎁혀졌다 몽골 똥차 못따라간다 ㅋㅋㅋㅋ,0.10583885759115219,0.2841435968875885,0.18090909719467163,0.17733319103717804,0.13895153999328613,0.1128237396478653
2024-09-22 21:17:04,해물탕 때문에 개노잼 됐네 ㅡㅡ,하,10,10.0,해물탕 때문에 개노잼 됐네 ㅡㅡ 하,해물탕 때문에 개노잼 됐네 ㅡㅡ 하,0.11703198403120041,0.27663910388946533,0.1043664887547493,0.2221992462873459,0.2288638800382614,0.050899289548397064
2024-09-22 21:17:04,DRS 없애버려라,"이게 레이스냐??
개씹노잼이네
- dc official App",10,10.0,"DRS 없애버려라 이게 레이스냐??
개씹노잼이네
- dc official App",DRS 없애버려라 이게 레이스냐?? 개씹노잼이네,0.11214958131313324,0.30502286553382874,0.1407192498445511,0.21815700829029083,0.172406405210495,0.05154496803879738
2024-09-22 21:17:06,사인츠 오늘은 페레츠 격추 안하냐 ㅋㅋ,이변이 일어나라,10,10.0,사인츠 오늘은 페레츠 격추 안하냐 ㅋㅋ 이변이 일어나라,사인츠 오늘은 페레츠 격추 안하냐 ㅋㅋ 이변이 일어나라,0.2640986442565918,0.21297262609004974,0.25483283400535583,0.10280419141054153,0.0764768198132515,0.08881492912769318
2024-09-22 21:17:08,주작소 뭐해 ㅆㅂ 뭐좀해봐,,10,10.0,주작소 뭐해 ㅆㅂ 뭐좀해봐 ,주작소 뭐해 ㅆㅂ 뭐좀해봐,0.10474060475826263,0.23125866055488586,0.13607048988342285,0.22475823760032654,0.2327112853527069,0.070460744202137
2024-09-22 21:17:09,메르는 팀오다 안함?,소프트 느려질 일밖에 없지않나,10,10.0,메르는 팀오다 안함? 소프트 느려질 일밖에 없지않나,메르는 팀오다 안함? 소프트 느려질 일밖에 없지않나,0.09320403635501862,0.2369356006383896,0.3509008586406708,0.12713733315467834,0.10686924308538437,0.08495291322469711
2024-09-22 21:17:14,세이프티카 확률 100퍼 오늘 깨지냐,설마,10,10.0,세이프티카 확률 100퍼 오늘 깨지냐 설마,세이프티카 확률 100퍼 오늘 깨지냐 설마,0.13357622921466827,0.2345273792743683,0.31982558965682983,0.1105337142944336,0.09677127003669739,0.10476581007242203
2024-09-22 21:17:27,"??? ""후... 노리스가 너무 멀어졌으니 '그걸' 쓸수밖에""",너무 나쁘게 생각마라.,10,10.0,"??? ""후... 노리스가 너무 멀어졌으니 '그걸' 쓸수밖에"" 너무 나쁘게 생각마라.","??? ""후... 노리스가 너무 멀어졌으니 '그걸' 쓸수밖에"" 너무 나쁘게 생각마라.",0.1136365681886673,0.3285847008228302,0.2241106480360031,0.10713237524032593,0.1334531009197235,0.09308262169361115
2024-09-22 21:17:31,스타트 요약,,10,10.0,스타트 요약 ,스타트 요약,0.4025689959526062,0.21347343921661377,0.19939357042312622,0.08503322303295135,0.0535365529358387,0.04599422588944435
2024-09-22 21:17:34,Zzz...,,10,10.0,Zzz... ,Zzz...,0.2550432085990906,0.3305293619632721,0.14640210568904877,0.12493718415498734,0.07683731615543365,0.06625082343816757
2024-09-22 21:17:34,병장님마저 없으니 세카도 감감 무소식이구나,강호의 도리가 땅에 떨어졌구나!,10,10.0,병장님마저 없으니 세카도 감감 무소식이구나 강호의 도리가 땅에 떨어졌구나!,병장님마저 없으니 세카도 감감 무소식이구나 강호의 도리가 땅에 떨어졌구나!,0.09144595265388489,0.23363032937049866,0.23178906738758087,0.14531387388706207,0.19575518369674683,0.10206560790538788
2024-09-22 21:17:35,RB한테 따이면 체코는 씨발 나가뒤져야지ㅋㅋㅋㅋ,,10,10.0,RB한테 따이면 체코는 씨발 나가뒤져야지ㅋㅋㅋㅋ ,RB한테 따이면 체코는 씨발 나가뒤져야지ㅋㅋㅋㅋ,0.08127163350582123,0.17719773948192596,0.2195216417312622,0.28345537185668945,0.1561814695596695,0.08237218111753464
2024-09-22 21:17:39,노리스 페이스 끌어올리고 있네,,10,10.0,노리스 페이스 끌어올리고 있네 ,노리스 페이스 끌어올리고 있네,0.5656309723854065,0.16627377271652222,0.10859336704015732,0.07539861649274826,0.04730914160609245,0.03679408133029938
2024-09-22 21:17:40,물탕이 망했노 ㅋㅋㅋㅋㅋ,,10,10.0,물탕이 망했노 ㅋㅋㅋㅋㅋ ,물탕이 망했노 ㅋㅋㅋㅋㅋ,0.0993819311261177,0.36975643038749695,0.1809176504611969,0.1400710940361023,0.12015653401613235,0.0897163525223732
2024-09-22 21:17:44,시발 노리스 계속 패랩 달성중인데 맞냐,,10,10.0,시발 노리스 계속 패랩 달성중인데 맞냐 ,시발 노리스 계속 패랩 달성중인데 맞냐,0.09499863535165787,0.24592001736164093,0.1776849776506424,0.20273412764072418,0.21726545691490173,0.06139671802520752
2024-09-22 21:17:51,노리스 37초 초반까지 땡기네,"ㄷㄷ
- dc official App",10,10.0,"노리스 37초 초반까지 땡기네 ㄷㄷ
- dc official App",노리스 37초 초반까지 땡기네 ㄷㄷ,0.35160303115844727,0.21971377730369568,0.24443498253822327,0.07762319594621658,0.03916977345943451,0.0674552172422409
2024-09-22 21:17:52,1-10 중에 6일까,,10,10.0,1-10 중에 6일까 ,1-10 중에 6일까,0.1459980309009552,0.24593938887119293,0.3245835602283478,0.10029836744070053,0.09336530417203903,0.08981532603502274
2024-09-22 21:17:55,모나코 시즌2 느낌이네,"끝까지 아무일 안생길듯
- dc official App",10,10.0,"모나코 시즌2 느낌이네 끝까지 아무일 안생길듯
- dc official App",모나코 시즌2 느낌이네 끝까지 아무일 안생길듯,0.12146648019552231,0.3162887990474701,0.2511984407901764,0.09974323213100433,0.11210089176893234,0.09920220822095871
2024-09-22 21:17:56,좆라리 = 애마,둘다 다운그레이드 쳐함,10,10.0,좆라리 = 애마 둘다 다운그레이드 쳐함,좆라리 = 애마 둘다 다운그레이드 쳐함,0.09820003807544708,0.2033744901418686,0.17984601855278015,0.30035674571990967,0.1704896241426468,0.047733042389154434
2024-09-22 21:17:57,비 오는거 아니면 셒카 100% 깨질듯,zzz.....,10,10.0,비 오는거 아니면 셒카 100% 깨질듯 zzz.....,비 오는거 아니면 셒카 100% 깨질듯 zzz.....,0.09773997217416763,0.34714022278785706,0.15943019092082977,0.13339334726333618,0.18125924468040466,0.08103697746992111
2024-09-22 21:17:55,♿+♿+♿+♿+ 비 ← 이새끼 개좆같지 않냐?,"시발새끼 항상 온다고 해놓고 안 옴
와도 이상한 때 오고 정작 와야할 땐 노쇼함",10,10.0,"♿+♿+♿+♿+ 비 ← 이새끼 개좆같지 않냐? 시발새끼 항상 온다고 해놓고 안 옴
와도 이상한 때 오고 정작 와야할 땐 노쇼함",♿+♿+♿+♿+ 비 ← 이새끼 개좆같지 않냐? 시발새끼 항상 온다고 해놓고 안 옴 와도 이상한 때 오고 정작 와야할 땐 노쇼함,0.1427484005689621,0.18642398715019226,0.11457474529743195,0.31821686029434204,0.19824175536632538,0.039794277399778366
2024-09-22 21:18:00,또또 구구절절 ㅋㅋㅋㅋ,ㅅㅂ 통화하노? ㅋㅋ,10,10.0,또또 구구절절 ㅋㅋㅋㅋ ㅅㅂ 통화하노? ㅋㅋ,또또 구구절절 ㅋㅋㅋㅋ ㅅㅂ 통화하노? ㅋㅋ,0.11907889693975449,0.24836376309394836,0.1465124785900116,0.2821927070617676,0.13039836287498474,0.07345376908779144
2024-09-22 21:18:03,왠지 프리뷰쇼 안캐 vs 진세민이 제일 꿀잼인거 같은데,아,10,10.0,왠지 프리뷰쇼 안캐 vs 진세민이 제일 꿀잼인거 같은데 아,왠지 프리뷰쇼 안캐 vs 진세민이 제일 꿀잼인거 같은데 아,0.6770778298377991,0.1303372085094452,0.07343626767396927,0.05606357008218765,0.036546602845191956,0.026538511738181114
2024-09-22 21:18:06,몽물대전 어디감,,10,10.0,몽물대전 어디감 ,몽물대전 어디감,0.1345549076795578,0.29287153482437134,0.26632747054100037,0.14100253582000732,0.1035582572221756,0.06168527901172638
2024-09-22 21:18:08,크루징하려고 작정했네,씨발 부럽다,10,10.0,크루징하려고 작정했네 씨발 부럽다,크루징하려고 작정했네 씨발 부럽다,0.1638195514678955,0.21699851751327515,0.22868965566158295,0.15087983012199402,0.12050136178731918,0.11911103874444962
2024-09-22 21:18:10,ㅋㅋㅋㅋㅋㅋㅋ 맥라렌 라디오 싱글벙글ㅋㅋㅋㅋ,,10,10.0,ㅋㅋㅋㅋㅋㅋㅋ 맥라렌 라디오 싱글벙글ㅋㅋㅋㅋ ,ㅋㅋㅋㅋㅋㅋㅋ 맥라렌 라디오 싱글벙글ㅋㅋㅋㅋ,0.7108120322227478,0.10938132554292679,0.06442989408969879,0.0549001470208168,0.036157701164484024,0.024318823590874672
2024-09-22 21:18:20,노리스 ㅈㄴ 빠르긴하네 시발,개빠르노ㅋㅋㅋㅋㅋㅋㅋ,10,10.0,노리스 ㅈㄴ 빠르긴하네 시발 개빠르노ㅋㅋㅋㅋㅋㅋㅋ,노리스 ㅈㄴ 빠르긴하네 시발 개빠르노ㅋㅋㅋㅋㅋㅋㅋ,0.2705621123313904,0.208140030503273,0.26047518849372864,0.11468968540430069,0.053517896682024,0.09261508285999298
2024-09-22 21:18:29,사전트가 그립다,우리 셒카의 유일한 희망이였는데,10,10.0,사전트가 그립다 우리 셒카의 유일한 희망이였는데,사전트가 그립다 우리 셒카의 유일한 희망이였는데,0.35697466135025024,0.2174721509218216,0.11134873330593109,0.10991135239601135,0.14995458722114563,0.05433854088187218
2024-09-22 21:18:35,노짱 또 우승이네 어휴,,10,10.0,노짱 또 우승이네 어휴 ,노짱 또 우승이네 어휴,0.12997856736183167,0.24731764197349548,0.14069554209709167,0.20339897274971008,0.19394302368164062,0.08466629683971405
2024-09-22 21:18:36,그래서 얘는 언제 일함?,잃을거도 없는데 크래쉬 좀.,10,10.0,그래서 얘는 언제 일함? 잃을거도 없는데 크래쉬 좀.,그래서 얘는 언제 일함? 잃을거도 없는데 크래쉬 좀.,0.07182962447404861,0.2884044647216797,0.21927529573440552,0.15441620349884033,0.17434540390968323,0.09172908961772919
2024-09-22 21:18:37,노리스 페이스 미쳤네 ㅋㅋㅋㅋ,개빠르네 진심,10,10.0,노리스 페이스 미쳤네 ㅋㅋㅋㅋ 개빠르네 진심,노리스 페이스 미쳤네 ㅋㅋㅋㅋ 개빠르네 진심,0.3116815388202667,0.20106670260429382,0.27270373702049255,0.09208066016435623,0.04149409756064415,0.08097328245639801
2024-09-22 21:18:38,싱가폴 개노잼이네,"스즈카도 엄청 재밌는 서킷은 아닌거 같은데
싱가폴이랑 비교하면 선녀네
다음 직관 싱가폴 갈까 했는데 걍 스즈카나 함 더 가야겠음",10,10.0,"싱가폴 개노잼이네 스즈카도 엄청 재밌는 서킷은 아닌거 같은데
싱가폴이랑 비교하면 선녀네
다음 직관 싱가폴 갈까 했는데 걍 스즈카나 함 더 가야겠음",싱가폴 개노잼이네 스즈카도 엄청 재밌는 서킷은 아닌거 같은데 싱가폴이랑 비교하면 선녀네 다음 직관 싱가폴 갈까 했는데 걍 스즈카나 함 더 가야겠음,0.10634897649288177,0.3305917978286743,0.180383563041687,0.1611100286245346,0.16088026762008667,0.06068537384271622
2024-09-22 21:18:40,케이막 트레인부터 탈출 ㄱㄱ,ㅇㅇ,10,10.0,케이막 트레인부터 탈출 ㄱㄱ ㅇㅇ,케이막 트레인부터 탈출 ㄱㄱ ㅇㅇ,0.5012526512145996,0.1794118583202362,0.10929364711046219,0.09456221759319305,0.07251418381929398,0.04296544939279556
2024-09-22 21:18:42,3초입갤 ㅋㅋ,,10,10.0,3초입갤 ㅋㅋ ,3초입갤 ㅋㅋ,0.6452359557151794,0.12045373767614365,0.09794626384973526,0.06706266105175018,0.03708900138735771,0.03221246972680092
2024-09-22 21:18:42,drs는 1디텍 2구간으로 하고 2구간만 지정해야되,- dc official App,10,10.0,drs는 1디텍 2구간으로 하고 2구간만 지정해야되 - dc official App,drs는 1디텍 2구간으로 하고 2구간만 지정해야되 - dc official App,0.27282285690307617,0.23485057055950165,0.2465117871761322,0.11099366843700409,0.08631689101457596,0.04850428178906441
2024-09-22 21:18:43,도마뱀이라도 나와야 재밌겠는데,,11,11.0,도마뱀이라도 나와야 재밌겠는데 ,도마뱀이라도 나와야 재밌겠는데,0.16035149991512299,0.32775264978408813,0.18604600429534912,0.13764581084251404,0.10912282764911652,0.07908117771148682
2024-09-22 21:18:51,노막쥬의 시대가 와버린거냐고 ㅋㅋ,ㅅㅂㅋㅋ,11,11.0,노막쥬의 시대가 와버린거냐고 ㅋㅋ ㅅㅂㅋㅋ,노막쥬의 시대가 와버린거냐고 ㅋㅋ ㅅㅂㅋㅋ,0.08980580419301987,0.23424552381038666,0.12097332626581192,0.26970216631889343,0.2257426232099533,0.059530600905418396
2024-09-22 21:18:51,헐크의 포디움이라도 만들어줘 주작아,,11,11.0,헐크의 포디움이라도 만들어줘 주작아 ,헐크의 포디움이라도 만들어줘 주작아,0.20701202750205994,0.25535544753074646,0.1363047957420349,0.17737427353858948,0.15906615555286407,0.06488727033138275
2024-09-22 21:18:52,물탕 쥬지 << 언제 올라옴,방금 켰네,11,11.0,물탕 쥬지 << 언제 올라옴 방금 켰네,물탕 쥬지 << 언제 올라옴 방금 켰네,0.3695420026779175,0.2296263724565506,0.21846552193164825,0.07480603456497192,0.04051632806658745,0.06704366207122803
2024-09-22 21:18:54,물탕아 비켜 소프트로도 첫랩 못땃으면 비켜라,양심이 없어,11,11.0,물탕아 비켜 소프트로도 첫랩 못땃으면 비켜라 양심이 없어,물탕아 비켜 소프트로도 첫랩 못땃으면 비켜라 양심이 없어,0.12361859530210495,0.18925565481185913,0.13638420403003693,0.32851287722587585,0.17195001244544983,0.05027865245938301
2024-09-22 21:18:55,뉴비들이 싱가폴에서 사고 내 줘야지,알본처럼,11,11.0,뉴비들이 싱가폴에서 사고 내 줘야지 알본처럼,뉴비들이 싱가폴에서 사고 내 줘야지 알본처럼,0.1954004317522049,0.25470492243766785,0.2292950600385666,0.09359864890575409,0.12350620329380035,0.10349467396736145
2024-09-22 21:18:59,레드불타는애한테 윌리엄스좀 따라고 라디오 ㅋㅋ,,11,11.0,레드불타는애한테 윌리엄스좀 따라고 라디오 ㅋㅋ ,레드불타는애한테 윌리엄스좀 따라고 라디오 ㅋㅋ,0.5130873918533325,0.18388277292251587,0.128576397895813,0.09197164326906204,0.04198908805847168,0.04049272462725639
2024-09-22 21:19:00,양심있으면 자우버새끼들 막자라도 해라ㅡㅡ,"재미라도 담당해
- dc official App",11,11.0,"양심있으면 자우버새끼들 막자라도 해라ㅡㅡ 재미라도 담당해
- dc official App",양심있으면 자우버새끼들 막자라도 해라ㅡㅡ 재미라도 담당해,0.11381382495164871,0.1813310980796814,0.14032256603240967,0.322226345539093,0.19597545266151428,0.04633069038391113
2024-09-22 21:19:02,케로햄 오늘따라 튜토리얼 강의하노,"ㅋㅋ
- dc official App",11,11.0,"케로햄 오늘따라 튜토리얼 강의하노 ㅋㅋ
- dc official App",케로햄 오늘따라 튜토리얼 강의하노 ㅋㅋ,0.7109137177467346,0.11353055387735367,0.06342829763889313,0.054769404232501984,0.03510463610291481,0.02225342206656933
2024-09-22 21:19:08,콜라핀토 페이스 떨어진다,"""따버려 체황""
- dc official App",11,11.0,"콜라핀토 페이스 떨어진다 ""따버려 체황""
- dc official App","콜라핀토 페이스 떨어진다 ""따버려 체황""",0.17723587155342102,0.2869127094745636,0.23213009536266327,0.12797623872756958,0.1035836711525917,0.0721614733338356
2024-09-22 21:19:09,■ 개추 1개 당 세이프티 카 +1 ㅋㅋㅋㅋㅋ,,11,11.0,■ 개추 1개 당 세이프티 카 +1 ㅋㅋㅋㅋㅋ ,■ 개추 1개 당 세이프티 카 +1 ㅋㅋㅋㅋㅋ,0.7024244070053101,0.1103118285536766,0.06768100708723068,0.05858376994729042,0.035936832427978516,0.02506210282444954
2024-09-22 21:19:11,관리 ㅈㄴ하고있었나보네 2랩 만에,2초를 더벌리노 ㄷㄷ,11,11.0,관리 ㅈㄴ하고있었나보네 2랩 만에 2초를 더벌리노 ㄷㄷ,관리 ㅈㄴ하고있었나보네 2랩 만에 2초를 더벌리노 ㄷㄷ,0.16026490926742554,0.2013423591852188,0.34124821424484253,0.12155066430568695,0.050786830484867096,0.12480702251195908
2024-09-22 21:19:12,노리스 계속 벌리네,빠르노,11,11.0,노리스 계속 벌리네 빠르노,노리스 계속 벌리네 빠르노,0.23690181970596313,0.2199057787656784,0.30119532346725464,0.09776435047388077,0.04355083033442497,0.10068189352750778
2024-09-22 21:19:13,패랩 계속 찍노 ㅋㅋ,"ㅋㅋ
- dc official App",11,11.0,"패랩 계속 찍노 ㅋㅋ ㅋㅋ
- dc official App",패랩 계속 찍노 ㅋㅋ ㅋㅋ,0.6167411804199219,0.14423337578773499,0.1127018928527832,0.06336033344268799,0.030295873060822487,0.03266732394695282
2024-09-22 21:19:18,국왕님 피트인 하시면 재밌어짐 ㅇㅇ,"ㅇㅇㅇㅇ
- dc official App",11,11.0,"국왕님 피트인 하시면 재밌어짐 ㅇㅇ ㅇㅇㅇㅇ
- dc official App",국왕님 피트인 하시면 재밌어짐 ㅇㅇ ㅇㅇㅇㅇ,0.587734043598175,0.15148089826107025,0.11750311404466629,0.06436686962842941,0.03824075683951378,0.040674347430467606
2024-09-22 21:19:22,근데 르클레르는 바쿠에서 5.8초 앞서다가도 언더컷 당했잖어?,뭐지?,11,11.0,근데 르클레르는 바쿠에서 5.8초 앞서다가도 언더컷 당했잖어? 뭐지?,근데 르클레르는 바쿠에서 5.8초 앞서다가도 언더컷 당했잖어? 뭐지?,0.1071067526936531,0.25242072343826294,0.3096632659435272,0.13725078105926514,0.0949920117855072,0.098566435277462
2024-09-22 21:19:23,노3.8막 ㅋㅋㅋㅋㅋㅋㅋㅋ,,11,11.0,노3.8막 ㅋㅋㅋㅋㅋㅋㅋㅋ ,노3.8막 ㅋㅋㅋㅋㅋㅋㅋㅋ,0.5314109921455383,0.1722455769777298,0.11224056780338287,0.10236254334449768,0.04895689710974693,0.03278335928916931
2024-09-22 21:19:23,하품나온다,,11,11.0,하품나온다 ,하품나온다,0.13902384042739868,0.29001694917678833,0.14936639368534088,0.19406823813915253,0.16906096041202545,0.058463599532842636
2024-09-22 21:19:25,노리스 존나 달리네,페이스 미쳤다,11,11.0,노리스 존나 달리네 페이스 미쳤다,노리스 존나 달리네 페이스 미쳤다,0.3775876462459564,0.1989191323518753,0.23723962903022766,0.08088133484125137,0.03708340972661972,0.0682888925075531
2024-09-22 21:19:27,저거 좀 잡아봐라 ㅅㅂ 아니냐,ㅋㅋ,11,11.0,저거 좀 잡아봐라 ㅅㅂ 아니냐 ㅋㅋ,저거 좀 잡아봐라 ㅅㅂ 아니냐 ㅋㅋ,0.1063123345375061,0.18130728602409363,0.12917596101760864,0.3051755428314209,0.22286833822727203,0.055160559713840485
2024-09-22 21:19:27,아니 매랩 패랩인데;;;,노잼 ㅡㅡ,11,11.0,아니 매랩 패랩인데;;; 노잼 ㅡㅡ,아니 매랩 패랩인데;;; 노잼 ㅡㅡ,0.1339017003774643,0.31702715158462524,0.15393783152103424,0.17863604426383972,0.1557985544204712,0.06069875508546829
2024-09-22 21:19:31,노리스 돌았노ㅋㅋㅋㅋ,ㅋㅋㅋ,11,11.0,노리스 돌았노ㅋㅋㅋㅋ ㅋㅋㅋ,노리스 돌았노ㅋㅋㅋㅋ ㅋㅋㅋ,0.3858968913555145,0.23024073243141174,0.18823570013046265,0.09757819771766663,0.04062775894999504,0.05742073059082031
2024-09-22 21:19:31,cg도 더위먹음 ㅋㅋ,,11,11.0,cg도 더위먹음 ㅋㅋ ,cg도 더위먹음 ㅋㅋ,0.20024169981479645,0.3705407381057739,0.17241831123828888,0.10778610408306122,0.07327452301979065,0.07573862373828888
2024-09-22 21:19:32,이게 다 페라리가 폴안해서 노잼인거임,작년처럼 칼로쓰가 폴먹었으면 개꿀잼이였다,11,11.0,이게 다 페라리가 폴안해서 노잼인거임 작년처럼 칼로쓰가 폴먹었으면 개꿀잼이였다,이게 다 페라리가 폴안해서 노잼인거임 작년처럼 칼로쓰가 폴먹었으면 개꿀잼이였다,0.1418834775686264,0.31084945797920227,0.13266624510288239,0.18433143198490143,0.15437503159046173,0.07589437067508698
2024-09-22 21:19:32,노리스 페이스 ㅈㄴ 끌어올리네,,11,11.0,노리스 페이스 ㅈㄴ 끌어올리네 ,노리스 페이스 ㅈㄴ 끌어올리네,0.28098106384277344,0.19818904995918274,0.30670756101608276,0.09118320792913437,0.03719309717416763,0.08574599772691727
2024-09-22 21:19:34,스트롤 자기 아빠 회사 차 광고 대기 중 ㄷㄷ,셒티카 시동 걸자,11,11.0,스트롤 자기 아빠 회사 차 광고 대기 중 ㄷㄷ 셒티카 시동 걸자,스트롤 자기 아빠 회사 차 광고 대기 중 ㄷㄷ 셒티카 시동 걸자,0.5454217791557312,0.1687135547399521,0.14139623939990997,0.0604381263256073,0.031761787831783295,0.052268464118242264
2024-09-22 21:19:37,걍 싱가폴은 1초내면 상시 drs 쓰게 해주면 안되냐?,코너에서 후달리면 알아서 끄겠지 뭐,11,11.0,걍 싱가폴은 1초내면 상시 drs 쓰게 해주면 안되냐? 코너에서 후달리면 알아서 끄겠지 뭐,걍 싱가폴은 1초내면 상시 drs 쓰게 해주면 안되냐? 코너에서 후달리면 알아서 끄겠지 뭐,0.10994140803813934,0.28371039032936096,0.1480550765991211,0.17276634275913239,0.22619813680648804,0.05932867154479027
2024-09-22 21:19:40,그립습니다... GOAT,,11,11.0,그립습니다... GOAT ,그립습니다... GOAT,0.43422743678092957,0.18705210089683533,0.11483864486217499,0.09328984469175339,0.1188657134771347,0.05172629654407501
2024-09-22 21:19:40,4초 입갤 ㅋㅋㅋㅋㅋ,,11,11.0,4초 입갤 ㅋㅋㅋㅋㅋ ,4초 입갤 ㅋㅋㅋㅋㅋ,0.6517350077629089,0.12285763770341873,0.0949261412024498,0.06401732563972473,0.035295575857162476,0.031168397516012192
2024-09-22 21:19:42,체코 크래쉬 좀...,믿습니다...,11,11.0,체코 크래쉬 좀... 믿습니다...,체코 크래쉬 좀... 믿습니다...,0.20450659096240997,0.25061333179473877,0.2566310167312622,0.0931917354464531,0.11298292875289917,0.08207442611455917
2024-09-22 21:19:43,경도 경인데 몽골도 쭉밀리노 ㅋㅋ,ㅆㅂ 좆노잼,11,11.0,경도 경인데 몽골도 쭉밀리노 ㅋㅋ ㅆㅂ 좆노잼,경도 경인데 몽골도 쭉밀리노 ㅋㅋ ㅆㅂ 좆노잼,0.1188906654715538,0.30596765875816345,0.1409549117088318,0.21282345056533813,0.16220250725746155,0.0591607503592968
2024-09-22 21:19:43,제발 환경단체 난입해서 세카떠라,ㅇㅇ,11,11.0,제발 환경단체 난입해서 세카떠라 ㅇㅇ,제발 환경단체 난입해서 세카떠라 ㅇㅇ,0.18333789706230164,0.16035395860671997,0.1246071457862854,0.2986464202404022,0.18460802733898163,0.04844655096530914
2024-09-22 21:19:44,물탕 뭐함 진짜?,?,11,11.0,물탕 뭐함 진짜? ?,물탕 뭐함 진짜? ?,0.17242106795310974,0.22711090743541718,0.3309183716773987,0.10231976211071014,0.057564277201890945,0.10966562479734421
2024-09-22 21:19:45,패랩뭐임ㄷㄷㄷ,어디까지 가냐고,11,11.0,패랩뭐임ㄷㄷㄷ 어디까지 가냐고,패랩뭐임ㄷㄷㄷ 어디까지 가냐고,0.1318415254354477,0.21530553698539734,0.3209005892276764,0.13282933831214905,0.06450539827346802,0.1346176564693451
2024-09-22 21:19:40,시발 왜 노리스가 순항중인데 재미가 없지 ㅋㅋㅋㅋㅋ,난 천성이 몽골견 할 수 없는 몸이었나보다,11,11.0,시발 왜 노리스가 순항중인데 재미가 없지 ㅋㅋㅋㅋㅋ 난 천성이 몽골견 할 수 없는 몸이었나보다,시발 왜 노리스가 순항중인데 재미가 없지 ㅋㅋㅋㅋㅋ 난 천성이 몽골견 할 수 없는 몸이었나보다,0.10423136502504349,0.30353689193725586,0.12024936825037003,0.193963423371315,0.20218269526958466,0.07583631575107574
2024-09-22 21:19:49,체황 달린다ㅋㅋㅋㅋ 추월쇼 간다잇,"오옷
- dc official App",11,11.0,"체황 달린다ㅋㅋㅋㅋ 추월쇼 간다잇 오옷
- dc official App",체황 달린다ㅋㅋㅋㅋ 추월쇼 간다잇 오옷,0.7071939706802368,0.11058828979730606,0.06760860234498978,0.054581981152296066,0.034877173602581024,0.025149986147880554
2024-09-22 21:19:52,2 3등 4초씩 차이는 씹ㅋㅋ,,11,11.0,2 3등 4초씩 차이는 씹ㅋㅋ ,2 3등 4초씩 차이는 씹ㅋㅋ,0.10785087943077087,0.28790366649627686,0.1987525224685669,0.19954776763916016,0.11623183637857437,0.08971337229013443
2024-09-22 21:19:53,체황이ㅜ무리하게 추월하다 사거 안남?,,11,11.0,체황이ㅜ무리하게 추월하다 사거 안남? ,체황이ㅜ무리하게 추월하다 사거 안남?,0.12234219163656235,0.2221062183380127,0.35832059383392334,0.11270216107368469,0.09285394102334976,0.09167487174272537
2024-09-22 21:19:54,추월도 안나오고 이게 뭐노,"좆노잼이노
- dc official App",11,11.0,"추월도 안나오고 이게 뭐노 좆노잼이노
- dc official App",추월도 안나오고 이게 뭐노 좆노잼이노,0.12121337652206421,0.3138452172279358,0.12543529272079468,0.19805870950222015,0.18801310658454895,0.053434308618307114
2024-09-22 21:19:55,벌써 흔들림?,,11,11.0,벌써 흔들림? ,벌써 흔들림?,0.1344783455133438,0.22303658723831177,0.33490225672721863,0.12634526193141937,0.07503629475831985,0.10620126873254776
2024-09-22 21:19:58,물탕이 관리하다가 원스탑하려나,그거 아니면 저렇게 벌어질 이유가,11,11.0,물탕이 관리하다가 원스탑하려나 그거 아니면 저렇게 벌어질 이유가,물탕이 관리하다가 원스탑하려나 그거 아니면 저렇게 벌어질 이유가,0.10805018991231918,0.22618167102336884,0.36276039481163025,0.11995594203472137,0.09382583945989609,0.08922600746154785
2024-09-22 21:19:57,아나콘다 2.0뭐없냐,,11,11.0,아나콘다 2.0뭐없냐 ,아나콘다 2.0뭐없냐,0.17755550146102905,0.24494077265262604,0.292019248008728,0.11079224944114685,0.10133028775453568,0.07336193323135376
2024-09-22 21:20:00,노리스 저새끼 매랩마다 패랩이 찍히는데요,1등은 이미 끝났노,11,11.0,노리스 저새끼 매랩마다 패랩이 찍히는데요 1등은 이미 끝났노,노리스 저새끼 매랩마다 패랩이 찍히는데요 1등은 이미 끝났노,0.08710043132305145,0.20782682299613953,0.28328394889831543,0.1955619752407074,0.09664971381425858,0.12957708537578583
2024-09-22 21:20:02,1 2등은 서로 크루징이네,ㅅㅂ ㅋㅋ,11,11.0,1 2등은 서로 크루징이네 ㅅㅂ ㅋㅋ,1 2등은 서로 크루징이네 ㅅㅂ ㅋㅋ,0.11175055056810379,0.25437694787979126,0.1278734803199768,0.2750717103481293,0.17554627358913422,0.05538102239370346
2024-09-22 21:20:04,일단 셒카 1번 나오고 시작하자,3번 더 나오는걸로 하고,11,11.0,일단 셒카 1번 나오고 시작하자 3번 더 나오는걸로 하고,일단 셒카 1번 나오고 시작하자 3번 더 나오는걸로 하고,0.4488888084888458,0.20011091232299805,0.14331701397895813,0.08562852442264557,0.06621818244457245,0.05583656579256058
2024-09-22 21:20:07,콜라게이 플로어 긁었나 ㅋㅋㅋㅋㅋ,,11,11.0,콜라게이 플로어 긁었나 ㅋㅋㅋㅋㅋ ,콜라게이 플로어 긁었나 ㅋㅋㅋㅋㅋ,0.2515915632247925,0.24916470050811768,0.24323417246341705,0.11977384239435196,0.052988212555646896,0.08324751257896423
2024-09-22 21:20:08,성지)미래에서 옴 싱가폴 결과,"1위 노리스
2위 해밀턴
3위 러셀
베르스타펜 리타이어",11,11.0,"성지)미래에서 옴 싱가폴 결과 1위 노리스
2위 해밀턴
3위 러셀
베르스타펜 리타이어",성지)미래에서 옴 싱가폴 결과 1위 노리스 2위 해밀턴 3위 러셀 베르스타펜 리타이어,0.42593100666999817,0.19453230500221252,0.20796281099319458,0.080143041908741,0.04507264867424965,0.04635820537805557
2024-09-22 21:20:10,맥라렌 쁠랜Bㅋㅋㅋㅋ,"ㅋㅋㅋㅋ
- dc official App",11,11.0,"맥라렌 쁠랜Bㅋㅋㅋㅋ ㅋㅋㅋㅋ
- dc official App",맥라렌 쁠랜Bㅋㅋㅋㅋ ㅋㅋㅋㅋ,0.6672435998916626,0.1229323223233223,0.08108203113079071,0.06706515699625015,0.03440388664603233,0.027272982522845268
2024-09-22 21:20:11,노리스 혼자 지랄하다 박살나면 꿀잼레이스다,ㅇㅇ,11,11.0,노리스 혼자 지랄하다 박살나면 꿀잼레이스다 ㅇㅇ,노리스 혼자 지랄하다 박살나면 꿀잼레이스다 ㅇㅇ,0.5973329544067383,0.1423691064119339,0.0913250669836998,0.09071498364210129,0.045884210616350174,0.03237370029091835
2024-09-22 21:20:12,뿔랜 삐 ㅋㅋㅋㅋ,,11,11.0,뿔랜 삐 ㅋㅋㅋㅋ ,뿔랜 삐 ㅋㅋㅋㅋ,0.6965128183364868,0.11186080425977707,0.0778060182929039,0.05866410210728645,0.03238065913319588,0.022775612771511078
2024-09-22 21:20:14,플랜 B 입갤 ㅋㅋㅋㅋㅋ,,11,11.0,플랜 B 입갤 ㅋㅋㅋㅋㅋ ,플랜 B 입갤 ㅋㅋㅋㅋㅋ,0.5473462343215942,0.15653996169567108,0.11131902039051056,0.09209278970956802,0.05261640250682831,0.04008558392524719
2024-09-22 21:20:14,쁠랜Bㅋㅋㅋㅋ,- dc official App,11,11.0,쁠랜Bㅋㅋㅋㅋ - dc official App,쁠랜Bㅋㅋㅋㅋ - dc official App,0.6318622827529907,0.1271950751543045,0.11033636331558228,0.07132969051599503,0.034334395080804825,0.02494223043322563
2024-09-22 21:20:16,쁠랜비 입갤,- dc official App,11,11.0,쁠랜비 입갤 - dc official App,쁠랜비 입갤 - dc official App,0.4578581750392914,0.18347348272800446,0.19070781767368317,0.08888885378837585,0.04553310573101044,0.03353859484195709
2024-09-22 21:20:16,플랜B ㅋㅋㅋㅋㅋ,ㅋㅋㅋㅋ,11,11.0,플랜B ㅋㅋㅋㅋㅋ ㅋㅋㅋㅋ,플랜B ㅋㅋㅋㅋㅋ ㅋㅋㅋㅋ,0.5153442621231079,0.18274302780628204,0.11405429244041443,0.10460810363292694,0.0489317961037159,0.03431852534413338
2024-09-22 21:20:19,콜라는 싱가폴 내내 벽딸이네,벽에 꿀 발라놨나 자꾸 찍먹을 해,11,11.0,콜라는 싱가폴 내내 벽딸이네 벽에 꿀 발라놨나 자꾸 찍먹을 해,콜라는 싱가폴 내내 벽딸이네 벽에 꿀 발라놨나 자꾸 찍먹을 해,0.09761740267276764,0.3601054251194,0.19072005152702332,0.16275794804096222,0.11742629110813141,0.0713728815317154
2024-09-22 21:20:19,DRS까지 설명하는거보면 유입 유난히 많아서,"PD가 시킨거 아닐까
그렇게 프랙 중계까지",11,11.0,"DRS까지 설명하는거보면 유입 유난히 많아서 PD가 시킨거 아닐까
그렇게 프랙 중계까지",DRS까지 설명하는거보면 유입 유난히 많아서 PD가 시킨거 아닐까 그렇게 프랙 중계까지,0.08178062736988068,0.2469043731689453,0.3161938190460205,0.1391858160495758,0.11698215454816818,0.09895319491624832
2024-09-22 21:20:19,피아제의 플랜B 입갤 ㅋㅋ,,11,11.0,피아제의 플랜B 입갤 ㅋㅋ ,피아제의 플랜B 입갤 ㅋㅋ,0.5001882910728455,0.16910666227340698,0.14342443645000458,0.09362202137708664,0.04759890213608742,0.04605977609753609
2024-09-22 21:20:20,쁠란 삐 입갤ㅋㅋㅋㅋ,ㅋㅋㅋㅋ,11,11.0,쁠란 삐 입갤ㅋㅋㅋㅋ ㅋㅋㅋㅋ,쁠란 삐 입갤ㅋㅋㅋㅋ ㅋㅋㅋㅋ,0.7002875208854675,0.10876290500164032,0.07657933235168457,0.05753171816468239,0.032145123928785324,0.024693427607417107
2024-09-22 21:20:21,플랜 B 입갤 ㅋㅋ,,11,11.0,플랜 B 입갤 ㅋㅋ ,플랜 B 입갤 ㅋㅋ,0.5320396423339844,0.1643371731042862,0.12121451646089554,0.08842369168996811,0.05191466212272644,0.04207028076052666
2024-09-22 21:20:21,맥라렌 플랜삐 ㅋ,,11,11.0,맥라렌 플랜삐 ㅋ ,맥라렌 플랜삐 ㅋ,0.6518071889877319,0.1281367987394333,0.09069143235683441,0.06531425565481186,0.03348621353507042,0.030564084649086
2024-09-22 21:20:22,노리스 4초차이는 뭐냐,5초로 벌리라하자마자 0.7초씩 쭉쭉벌어지노,11,11.0,노리스 4초차이는 뭐냐 5초로 벌리라하자마자 0.7초씩 쭉쭉벌어지노,노리스 4초차이는 뭐냐 5초로 벌리라하자마자 0.7초씩 쭉쭉벌어지노,0.0817645937204361,0.26141631603240967,0.25554242730140686,0.19517965614795685,0.13537338376045227,0.07072369009256363
2024-09-22 21:20:26,세이프티카 WWE 언제함?,,12,12.0,세이프티카 WWE 언제함? ,세이프티카 WWE 언제함?,0.33144688606262207,0.21996740996837616,0.2555224299430847,0.08236336708068848,0.0485314279794693,0.06216846778988838
2024-09-22 21:20:28,노잼귀신 언제 성불하노,벌써 1/6 돌았네,12,12.0,노잼귀신 언제 성불하노 벌써 1/6 돌았네,노잼귀신 언제 성불하노 벌써 1/6 돌았네,0.0974147841334343,0.2504537105560303,0.16312944889068604,0.2491045445203781,0.16794505715370178,0.07195252925157547
2024-09-22 21:20:29,기차놀이 언제 끝나냐,노리스 잘타넼ㅋㅋㅋㅋ,12,12.0,기차놀이 언제 끝나냐 노리스 잘타넼ㅋㅋㅋㅋ,기차놀이 언제 끝나냐 노리스 잘타넼ㅋㅋㅋㅋ,0.7035951018333435,0.11232147365808487,0.07525812089443207,0.04935973882675171,0.031703975051641464,0.027761656790971756
2024-09-22 21:20:42,맥라렌 퍼스트는 노리스다,피아제 컷,12,12.0,맥라렌 퍼스트는 노리스다 피아제 컷,맥라렌 퍼스트는 노리스다 피아제 컷,0.1684025228023529,0.2694598138332367,0.28253233432769775,0.12398482114076614,0.09662730991840363,0.0589931458234787
2024-09-22 21:20:47,너무 조용한데 차 하나 안터지나,- dc official App,12,12.0,너무 조용한데 차 하나 안터지나 - dc official App,너무 조용한데 차 하나 안터지나 - dc official App,0.19289030134677887,0.304971843957901,0.2293972671031952,0.10557787120342255,0.07346075773239136,0.09370198845863342
2024-09-22 21:20:51,벌써 노잼이네,ㅇㅇ..,12,12.0,벌써 노잼이네 ㅇㅇ..,벌써 노잼이네 ㅇㅇ..,0.13104215264320374,0.3194832503795624,0.14432920515537262,0.17135730385780334,0.17327766120433807,0.06051038205623627
2024-09-22 21:21:00,하 씻고올게요,5초 갭 벌리고 유지하다 18랩쯤 핏스탑할듯,12,12.0,하 씻고올게요 5초 갭 벌리고 유지하다 18랩쯤 핏스탑할듯,하 씻고올게요 5초 갭 벌리고 유지하다 18랩쯤 핏스탑할듯,0.1178591400384903,0.3550262153148651,0.16882744431495667,0.13302378356456757,0.13931837677955627,0.08594503253698349
2024-09-22 21:21:01,무조건 셒카 뜨는 서킷 vs 셒카 안뜨는 24시즌,24시즌이 이길 모양,12,12.0,무조건 셒카 뜨는 서킷 vs 셒카 안뜨는 24시즌 24시즌이 이길 모양,무조건 셒카 뜨는 서킷 vs 셒카 안뜨는 24시즌 24시즌이 이길 모양,0.14868812263011932,0.2746681869029999,0.2853129506111145,0.11384551227092743,0.10924331843852997,0.0682419016957283
2024-09-22 21:21:02,아 도마뱀 보고싶다,ㅇㅇ,12,12.0,아 도마뱀 보고싶다 ㅇㅇ,아 도마뱀 보고싶다 ㅇㅇ,0.5648020505905151,0.14855548739433289,0.1406581848859787,0.06347671896219254,0.0403926819562912,0.04211486130952835
2024-09-22 21:21:04,"Lance, PLAN C.",PLAN CRASH,12,12.0,"Lance, PLAN C. PLAN CRASH","Lance, PLAN C. PLAN CRASH",0.33743199706077576,0.20846246182918549,0.230741947889328,0.11741303652524948,0.0684351921081543,0.03751540556550026
2024-09-22 21:21:08,팀라 나온지 1.5랩쯤되지않았냐,뭐 벌써 5초 다왔네,12,12.0,팀라 나온지 1.5랩쯤되지않았냐 뭐 벌써 5초 다왔네,팀라 나온지 1.5랩쯤되지않았냐 뭐 벌써 5초 다왔네,0.09560681879520416,0.32541021704673767,0.2045721858739853,0.18027657270431519,0.1036791205406189,0.09045510739088058
2024-09-22 21:21:08,몽골 왜리케 못탐,ㅋ,12,12.0,몽골 왜리케 못탐 ㅋ,몽골 왜리케 못탐 ㅋ,0.10134483128786087,0.3418845236301422,0.23884537816047668,0.13615766167640686,0.09292081743478775,0.08884676545858383
2024-09-22 21:21:09,콜밑체 ㅋㅋㅋ,ㅋㅋㅋㅋ,12,12.0,콜밑체 ㅋㅋㅋ ㅋㅋㅋㅋ,콜밑체 ㅋㅋㅋ ㅋㅋㅋㅋ,0.6230905055999756,0.13961312174797058,0.10358408838510513,0.07130242884159088,0.03464812412858009,0.027761757373809814
2024-09-22 21:21:13,하드좆망인거같은데,,12,12.0,하드좆망인거같은데 ,하드좆망인거같은데,0.07225558906793594,0.24023418128490448,0.31272444128990173,0.13964156806468964,0.15715816617012024,0.07798608392477036
2024-09-22 21:21:15,콜라 저거 마지막 벽 긁는거 보면 뭐 한건 할것 같은데,,12,12.0,콜라 저거 마지막 벽 긁는거 보면 뭐 한건 할것 같은데 ,콜라 저거 마지막 벽 긁는거 보면 뭐 한건 할것 같은데,0.13486336171627045,0.2207815796136856,0.34552833437919617,0.11021355539560318,0.07684659212827682,0.11176656931638718
2024-09-22 21:21:15,체코 시발 개같이 못하네 진짜,"ㅋ
- dc official App",12,12.0,"체코 시발 개같이 못하네 진짜 ㅋ
- dc official App",체코 시발 개같이 못하네 진짜 ㅋ,0.0976850613951683,0.2452119141817093,0.1695951521396637,0.26304781436920166,0.16915950179100037,0.055300477892160416
2024-09-22 21:21:17,누리스 몽골 4초 / 몽골 경 4초 ㅋㅋ,,12,12.0,누리스 몽골 4초 / 몽골 경 4초 ㅋㅋ ,누리스 몽골 4초 / 몽골 경 4초 ㅋㅋ,0.4491558074951172,0.19379189610481262,0.171792134642601,0.09689100831747055,0.04126359149813652,0.04710553213953972
2024-09-22 21:21:15,자우버 <-- 뭐함?,그냥 순수하게 느린,12,12.0,자우버 <-- 뭐함? 그냥 순수하게 느린,자우버 <-- 뭐함? 그냥 순수하게 느린,0.1040552407503128,0.30921855568885803,0.29625245928764343,0.11510475724935532,0.09154094010591507,0.08382803201675415
2024-09-22 21:21:19,현장 필독!!!!,도마뱀 한마리 잡아서 빨리 뿌려 ㅋㅋㅋㅋㅋㅋㅋㅋㅋ,12,12.0,현장 필독!!!! 도마뱀 한마리 잡아서 빨리 뿌려 ㅋㅋㅋㅋㅋㅋㅋㅋㅋ,현장 필독!!!! 도마뱀 한마리 잡아서 빨리 뿌려 ㅋㅋㅋㅋㅋㅋㅋㅋㅋ,0.6703229546546936,0.12538199126720428,0.08448515087366104,0.057144541293382645,0.03232519328594208,0.030340149998664856
2024-09-22 21:21:17,이제 10바퀴 돌았는데 뭔 노잼 타령이야,좀 기다려봐,12,12.0,이제 10바퀴 돌았는데 뭔 노잼 타령이야 좀 기다려봐,이제 10바퀴 돌았는데 뭔 노잼 타령이야 좀 기다려봐,0.08868346363306046,0.3250010907649994,0.22555144131183624,0.14424002170562744,0.12929749488830566,0.08722648024559021
2024-09-22 21:21:28,소프트 리카도 gg,,12,12.0,소프트 리카도 gg ,소프트 리카도 gg,0.3216302990913391,0.26899051666259766,0.13061150908470154,0.11660873144865036,0.10784938186407089,0.05430961027741432
2024-09-22 21:21:28,5초 입갤 ㅋㅋㅋㅋㅋ,,12,12.0,5초 입갤 ㅋㅋㅋㅋㅋ ,5초 입갤 ㅋㅋㅋㅋㅋ,0.6512343287467957,0.12288206815719604,0.0937986820936203,0.06465841829776764,0.036195214837789536,0.031231263652443886
2024-09-22 21:21:29,체코는 레드불 타고 윌리엄스 뉴비도 못제끼냐,ㅇㅇ,12,12.0,체코는 레드불 타고 윌리엄스 뉴비도 못제끼냐 ㅇㅇ,체코는 레드불 타고 윌리엄스 뉴비도 못제끼냐 ㅇㅇ,0.08840003609657288,0.2643170654773712,0.2994237542152405,0.15555359423160553,0.08983472734689713,0.10247072577476501
2024-09-22 21:21:29,하드 씹망했다노 ㅋㅋㅋㅋㅋㅋㅋ,,12,12.0,하드 씹망했다노 ㅋㅋㅋㅋㅋㅋㅋ ,하드 씹망했다노 ㅋㅋㅋㅋㅋㅋㅋ,0.08285859227180481,0.29526078701019287,0.16817046701908112,0.1901395171880722,0.17144455015659332,0.09212609380483627
2024-09-22 21:21:29,오늘 레드 뜨면 제2의 모나코 되는거냐?,추월 어려우니,12,12.0,오늘 레드 뜨면 제2의 모나코 되는거냐? 추월 어려우니,오늘 레드 뜨면 제2의 모나코 되는거냐? 추월 어려우니,0.24469488859176636,0.2560444474220276,0.2497473657131195,0.08242204040288925,0.0690855011343956,0.09800581634044647
2024-09-22 21:21:30,작년의 조지가 그립다,큰 긴장감과 웃음을 주고 산화한 ㄷㄷ,12,12.0,작년의 조지가 그립다 큰 긴장감과 웃음을 주고 산화한 ㄷㄷ,작년의 조지가 그립다 큰 긴장감과 웃음을 주고 산화한 ㄷㄷ,0.45494988560676575,0.21462157368659973,0.08628449589014053,0.09434475004673004,0.10291242599487305,0.04688677564263344
2024-09-22 21:21:31,대런 피트입갤 ㅋㅋㅋ,,12,12.0,대런 피트입갤 ㅋㅋㅋ ,대런 피트입갤 ㅋㅋㅋ,0.7031424045562744,0.10610091686248779,0.07546903938055038,0.05828007310628891,0.031742505729198456,0.02526509203016758
2024-09-22 21:21:35,대런 퇴갤 ㅋㅋ,ㅋㅋㅋㅋㅋㅋ,12,12.0,대런 퇴갤 ㅋㅋ ㅋㅋㅋㅋㅋㅋ,대런 퇴갤 ㅋㅋ ㅋㅋㅋㅋㅋㅋ,0.5451330542564392,0.16863925755023956,0.0962916761636734,0.10796745866537094,0.05055616796016693,0.03141234815120697
2024-09-22 21:21:35,벌써 5초갭 만드네?,미친놈,12,12.0,벌써 5초갭 만드네? 미친놈,벌써 5초갭 만드네? 미친놈,0.11712570488452911,0.20729435980319977,0.261295884847641,0.1965697705745697,0.08455311506986618,0.13316114246845245
2024-09-22 21:21:37,어? 대런 피트인?,,12,12.0,어? 대런 피트인? ,어? 대런 피트인?,0.253399521112442,0.21851906180381775,0.3093785345554352,0.090537890791893,0.04652382433414459,0.08164118975400925
2024-09-22 21:21:38,3.5 ㅋㅋ,,12,12.0,3.5 ㅋㅋ ,3.5 ㅋㅋ,0.22494252026081085,0.26741665601730347,0.23038001358509064,0.1468888819217682,0.061225488781929016,0.06914640963077545
2024-09-22 21:21:40,대런 ㅋㅋㅋ,,12,12.0,대런 ㅋㅋㅋ ,대런 ㅋㅋㅋ,0.709488034248352,0.10781963914632797,0.07387974113225937,0.05272330343723297,0.031707778573036194,0.024381417781114578
2024-09-22 21:21:42,리카르도야 셒카나 소환하라고,,12,12.0,리카르도야 셒카나 소환하라고 ,리카르도야 셒카나 소환하라고,0.22282899916172028,0.2365177422761917,0.1257820725440979,0.19997745752334595,0.15634053945541382,0.058553099632263184
2024-09-22 21:21:43,3.5 ㅋㅋㅋ,"찐빠났네 ㅋㅋ
- dc official App",12,12.0,"3.5 ㅋㅋㅋ 찐빠났네 ㅋㅋ
- dc official App",3.5 ㅋㅋㅋ 찐빠났네 ㅋㅋ,0.22111926972866058,0.26383283734321594,0.21160347759723663,0.15880946815013885,0.06437625735998154,0.08025868237018585
2024-09-22 21:21:46,3.5 애1미 ㅋㅋㅋㅋ,,12,12.0,3.5 애1미 ㅋㅋㅋㅋ ,3.5 애1미 ㅋㅋㅋㅋ,0.13241411745548248,0.19871127605438232,0.2268165796995163,0.2589133083820343,0.11277920007705688,0.07036556303501129
2024-09-22 21:21:48,3.5ㅋㅋㅋㅋㅋㅋㅋ,- dc official App,12,12.0,3.5ㅋㅋㅋㅋㅋㅋㅋ - dc official App,3.5ㅋㅋㅋㅋㅋㅋㅋ - dc official App,0.4459225833415985,0.1904798150062561,0.15829631686210632,0.11558220535516739,0.04750834405422211,0.04221070185303688
2024-09-22 21:21:49,3.5 ㅋㅋㅋㅋㅋ,,12,12.0,3.5 ㅋㅋㅋㅋㅋ ,3.5 ㅋㅋㅋㅋㅋ,0.21745896339416504,0.2605106234550476,0.23495255410671234,0.15041357278823853,0.062421660870313644,0.07424256950616837
2024-09-22 21:21:49,대런의 마지막 피트인,,12,12.0,대런의 마지막 피트인 ,대런의 마지막 피트인,0.40303394198417664,0.2127443552017212,0.1939752846956253,0.08303824067115784,0.05607127398252487,0.05113695189356804
2024-09-22 21:21:49,휠켄 트레인 ㅋㅋㅋ,ㅋㅋ,12,12.0,휠켄 트레인 ㅋㅋㅋ ㅋㅋ,휠켄 트레인 ㅋㅋㅋ ㅋㅋ,0.6847304701805115,0.11775396764278412,0.08126743137836456,0.06106533855199814,0.03211149945855141,0.023071272298693657
2024-09-22 21:21:51,리카도 2스탑 ㅋㅋㅋㅋㅋㅋㅋㅋ,ㅋㅋㅋㅋㅋㅋㅋ,12,12.0,리카도 2스탑 ㅋㅋㅋㅋㅋㅋㅋㅋ ㅋㅋㅋㅋㅋㅋㅋ,리카도 2스탑 ㅋㅋㅋㅋㅋㅋㅋㅋ ㅋㅋㅋㅋㅋㅋㅋ,0.5265045166015625,0.17903374135494232,0.11095988005399704,0.10148235410451889,0.048381783068180084,0.033637698739767075
2024-09-22 21:21:48,리카도 투스탑하냐??,,12,12.0,리카도 투스탑하냐?? ,리카도 투스탑하냐??,0.3426341712474823,0.20558831095695496,0.2620479166507721,0.07927598804235458,0.03777415305376053,0.07267943024635315
2024-09-22 21:21:53,미디엄 50랩 가능함?,?,12,12.0,미디엄 50랩 가능함? ?,미디엄 50랩 가능함? ?,0.27189338207244873,0.21163588762283325,0.30449405312538147,0.0851980671286583,0.04695957899093628,0.07981905341148376
2024-09-22 21:21:56,좆카도 은퇴 경기 20딱 ㅠㅠ,호감 원툴인 새끼..,12,12.0,좆카도 은퇴 경기 20딱 ㅠㅠ 호감 원툴인 새끼..,좆카도 은퇴 경기 20딱 ㅠㅠ 호감 원툴인 새끼..,0.1827164739370346,0.2267056256532669,0.17247647047042847,0.17511175572872162,0.13909250497817993,0.10389720648527145
2024-09-22 21:21:56,이대로 가면 진짜 죽는다고 세이프티카 나오라고,시발 페라리 개새끼들아,12,12.0,이대로 가면 진짜 죽는다고 세이프티카 나오라고 시발 페라리 개새끼들아,이대로 가면 진짜 죽는다고 세이프티카 나오라고 시발 페라리 개새끼들아,0.13571658730506897,0.16462348401546478,0.12443815171718597,0.313433438539505,0.21608203649520874,0.04570624977350235
2024-09-22 21:21:56,아 존나 잠오네 ㅋㅋㅋㅋ,- dc official App,12,12.0,아 존나 잠오네 ㅋㅋㅋㅋ - dc official App,아 존나 잠오네 ㅋㅋㅋㅋ - dc official App,0.563715398311615,0.16916538774967194,0.08851189911365509,0.09592857211828232,0.050373565405607224,0.03230518475174904
2024-09-22 21:21:56,소프트 개망 물탕 포디움 간당하다,- dc official App,12,12.0,소프트 개망 물탕 포디움 간당하다 - dc official App,소프트 개망 물탕 포디움 간당하다 - dc official App,0.15854154527187347,0.30966123938560486,0.22084668278694153,0.12234435975551605,0.13821054995059967,0.05039564520120621
2024-09-22 21:22:00,물탕이 벌써 타이어 안쪽 찐해지노 ㅋㅋ,,12,12.0,물탕이 벌써 타이어 안쪽 찐해지노 ㅋㅋ ,물탕이 벌써 타이어 안쪽 찐해지노 ㅋㅋ,0.15504157543182373,0.32292163372039795,0.22639189660549164,0.12016290426254272,0.07319663465023041,0.10228529572486877
2024-09-22 21:22:01,저거 왜저러노ㅋㅋ,,12,12.0,저거 왜저러노ㅋㅋ ,저거 왜저러노ㅋㅋ,0.12132403254508972,0.2722051739692688,0.2371719926595688,0.1876346915960312,0.09416669607162476,0.08749746531248093
2024-09-22 21:22:04,대런아 마지막 경기인데 시원하게 가자,셒카 터트리고 가자,13,13.0,대런아 마지막 경기인데 시원하게 가자 셒카 터트리고 가자,대런아 마지막 경기인데 시원하게 가자 셒카 터트리고 가자,0.6185657382011414,0.13122446835041046,0.08952832221984863,0.06821069866418839,0.04792094603180885,0.044549889862537384
2024-09-22 21:22:09,피아스트리 왜 소프트물탕도 못 따라가냐,이제 drs거리까진 좁혀야지,13,13.0,피아스트리 왜 소프트물탕도 못 따라가냐 이제 drs거리까진 좁혀야지,피아스트리 왜 소프트물탕도 못 따라가냐 이제 drs거리까진 좁혀야지,0.07699213176965714,0.2620551586151123,0.32200783491134644,0.13040520250797272,0.13152556121349335,0.07701409608125687
2024-09-22 21:22:13,지금 제일 맘 편한 애가 피아제 아님?,"이미 싱가폴에서 포인트 맥이 제일 많이 먹는거 거의 확정이고
포디움 오르면 좋고 아니면 어쩔수 없고
이따가 막스 핏스탑할때 뒤에 있으면 우주방어만 좀 하다가
보내주면 할일 다했을듯?",13,13.0,"지금 제일 맘 편한 애가 피아제 아님? 이미 싱가폴에서 포인트 맥이 제일 많이 먹는거 거의 확정이고
포디움 오르면 좋고 아니면 어쩔수 없고
이따가 막스 핏스탑할때 뒤에 있으면 우주방어만 좀 하다가
보내주면 할일 다했을듯?",지금 제일 맘 편한 애가 피아제 아님? 이미 싱가폴에서 포인트 맥이 제일 많이 먹는거 거의 확정이고 포디움 오르면 좋고 아니면 어쩔수 없고 이따가 막스 핏스탑할때 뒤에 있으면 우주방어만 좀 하다가 보내주면 할일 다했을듯?,0.3355773091316223,0.23095324635505676,0.1411922574043274,0.10821498930454254,0.10291368514299393,0.0811484083533287
2024-09-22 21:22:14,이제 안볼 사람이라고 리카도 ㅠㅠ,전략도 핏스탑도 이제 외면 ㅠㅠ,13,13.0,이제 안볼 사람이라고 리카도 ㅠㅠ 전략도 핏스탑도 이제 외면 ㅠㅠ,이제 안볼 사람이라고 리카도 ㅠㅠ 전략도 핏스탑도 이제 외면 ㅠㅠ,0.10308592021465302,0.26835179328918457,0.14816166460514069,0.15666022896766663,0.23707713186740875,0.08666329085826874
2024-09-22 21:22:16,저 맛간타이어 안캐작품 아님?,진짜 그런거 같은데,13,13.0,저 맛간타이어 안캐작품 아님? 진짜 그런거 같은데,저 맛간타이어 안캐작품 아님? 진짜 그런거 같은데,0.10646671056747437,0.21903501451015472,0.3417106568813324,0.13459232449531555,0.08112317323684692,0.11707205325365067
2024-09-22 21:22:17,대런 저거 투스탑이네,미디엄 ㅋㅋㅋㅋㅋㅋㅋ,13,13.0,대런 저거 투스탑이네 미디엄 ㅋㅋㅋㅋㅋㅋㅋ,대런 저거 투스탑이네 미디엄 ㅋㅋㅋㅋㅋㅋㅋ,0.5364261865615845,0.1620234102010727,0.16515657305717468,0.0661410540342331,0.027933623641729355,0.04231911525130272
2024-09-22 21:22:23,이딴 노잼 트랙은 왜 만든거야,기차 지겨워,13,13.0,이딴 노잼 트랙은 왜 만든거야 기차 지겨워,이딴 노잼 트랙은 왜 만든거야 기차 지겨워,0.13116368651390076,0.2830846607685089,0.12522262334823608,0.22202610969543457,0.18317782878875732,0.05532507225871086
2024-09-22 21:22:26,TMI ㅋㅋㅋㅋㅋㅋ,,13,13.0,TMI ㅋㅋㅋㅋㅋㅋ ,TMI ㅋㅋㅋㅋㅋㅋ,0.36750268936157227,0.2632891833782196,0.11964745819568634,0.13385650515556335,0.06828015297651291,0.04742397740483284
2024-09-22 21:22:27,ㅋㅋㅋㅋㅋㅋㅋㅋㅋㅋㅋㅋㅋㅋㅋㅋ,ㅋㅋㅋㅋㅋㅋㅋㅋㅋㅋㅋㅋㅋㅋㅋㅋㅋㅋㅋㅋㅋㅋㅋㅋㅋ,13,13.0,ㅋㅋㅋㅋㅋㅋㅋㅋㅋㅋㅋㅋㅋㅋㅋㅋ ㅋㅋㅋㅋㅋㅋㅋㅋㅋㅋㅋㅋㅋㅋㅋㅋㅋㅋㅋㅋㅋㅋㅋㅋㅋ,ㅋㅋㅋㅋㅋㅋㅋㅋㅋㅋㅋㅋㅋㅋㅋㅋ ㅋㅋㅋㅋㅋㅋㅋㅋㅋㅋㅋㅋㅋㅋㅋㅋㅋㅋㅋㅋㅋㅋㅋㅋㅋ,0.6350613832473755,0.14207905530929565,0.09185604006052017,0.07002126425504684,0.03512072190642357,0.025861548259854317
2024-09-22 21:22:27,tmi ㅋㅋㅋㅋㅋ,"ㅋㅋ
- dc official App",13,13.0,"tmi ㅋㅋㅋㅋㅋ ㅋㅋ
- dc official App",tmi ㅋㅋㅋㅋㅋ ㅋㅋ,0.6613683700561523,0.13160450756549835,0.087252676486969,0.06235001981258392,0.03172307088971138,0.025701405480504036
2024-09-22 21:22:26,Tmi ㅋㅋㅋㅋㅋ,- dc official App,13,13.0,Tmi ㅋㅋㅋㅋㅋ - dc official App,Tmi ㅋㅋㅋㅋㅋ - dc official App,0.6912509202957153,0.11308510601520538,0.08245842158794403,0.05869123712182045,0.030693400651216507,0.02382087893784046
2024-09-22 21:22:27,TMI ㅋㅋㅋ,,13,13.0,TMI ㅋㅋㅋ ,TMI ㅋㅋㅋ,0.3448379337787628,0.2692079246044159,0.12676043808460236,0.13671383261680603,0.07360059767961502,0.048879195004701614
2024-09-22 21:22:29,TMI ㅋㅋㅋㅋㅋㅋㅋ,,13,13.0,TMI ㅋㅋㅋㅋㅋㅋㅋ ,TMI ㅋㅋㅋㅋㅋㅋㅋ,0.38842031359672546,0.2517722547054291,0.12010537832975388,0.1276814341545105,0.06609597057104111,0.04592464491724968
2024-09-22 21:22:29,셧업 입갤 ㅋㅋㅋㅋ,,13,13.0,셧업 입갤 ㅋㅋㅋㅋ ,셧업 입갤 ㅋㅋㅋㅋ,0.5893312692642212,0.15332183241844177,0.09250318259000778,0.08689769357442856,0.04571748524904251,0.03222852572798729
2024-09-22 21:22:30,ㅋㅋㅋㅋㅋㅋㅋㅋㅋㅋㅋㅋㅋㅋ 츠노다,ㅋㅋㅋㅋㅋ,13,13.0,ㅋㅋㅋㅋㅋㅋㅋㅋㅋㅋㅋㅋㅋㅋ 츠노다 ㅋㅋㅋㅋㅋ,ㅋㅋㅋㅋㅋㅋㅋㅋㅋㅋㅋㅋㅋㅋ 츠노다 ㅋㅋㅋㅋㅋ,0.6330658197402954,0.1447518914937973,0.09035413712263107,0.07027509063482285,0.03536169230937958,0.02619127184152603
2024-09-22 21:22:29,TMI ㅋㅋㅋ,,13,13.0,TMI ㅋㅋㅋ ,TMI ㅋㅋㅋ,0.3448379337787628,0.2692079246044159,0.12676043808460236,0.13671383261680603,0.07360059767961502,0.048879195004701614
2024-09-22 21:22:30,TMI ㅋㅋㅋㅋㅋ,ㅋㅋㅋㅋ,13,13.0,TMI ㅋㅋㅋㅋㅋ ㅋㅋㅋㅋ,TMI ㅋㅋㅋㅋㅋ ㅋㅋㅋㅋ,0.3386932611465454,0.2715746760368347,0.11354456096887589,0.15261736512184143,0.0764058530330658,0.0471641980111599
2024-09-22 21:22:31,투머치 인포메이숀 ㅋㅋㅋ,,13,13.0,투머치 인포메이숀 ㅋㅋㅋ ,투머치 인포메이숀 ㅋㅋㅋ,0.69732666015625,0.11525814980268478,0.07451257854700089,0.054319776594638824,0.03333447128534317,0.025248343124985695
2024-09-22 21:22:31,TMIㅋㅋ,,13,13.0,TMIㅋㅋ ,TMIㅋㅋ,0.24818193912506104,0.3044063150882721,0.13179557025432587,0.16636061668395996,0.09419861435890198,0.055056918412446976
2024-09-22 21:22:32,경기할때 케로 말 많이 하면 재미없음,"그만 좀 말했으면 함
안그래도 재미 없는데 더 재미없음
안캐가 메인으로 키 잡고 텐션 올렸으면 함
강의 오늘따라 ㅈㄴ 하네 진짜",13,13.0,"경기할때 케로 말 많이 하면 재미없음 그만 좀 말했으면 함
안그래도 재미 없는데 더 재미없음
안캐가 메인으로 키 잡고 텐션 올렸으면 함
강의 오늘따라 ㅈㄴ 하네 진짜",경기할때 케로 말 많이 하면 재미없음 그만 좀 말했으면 함 안그래도 재미 없는데 더 재미없음 안캐가 메인으로 키 잡고 텐션 올렸으면 함 강의 오늘따라 ㅈㄴ 하네 진짜,0.11742565035820007,0.2589944899082184,0.12592561542987823,0.23921647667884827,0.19481316208839417,0.06362457573413849
2024-09-22 21:22:32,노리스 저렇게 벌리는거 맞는거냐,ㅅㅂ,13,13.0,노리스 저렇게 벌리는거 맞는거냐 ㅅㅂ,노리스 저렇게 벌리는거 맞는거냐 ㅅㅂ,0.09503237903118134,0.22170551121234894,0.1483779102563858,0.29264897108078003,0.18368186056613922,0.05855347216129303
2024-09-22 21:22:32,말 ㅈㄴ많네ㅋㅋㅋ,,13,13.0,말 ㅈㄴ많네ㅋㅋㅋ ,말 ㅈㄴ많네ㅋㅋㅋ,0.13617481291294098,0.22384986281394958,0.1688162386417389,0.26882997155189514,0.12298259139060974,0.07934654504060745
2024-09-22 21:22:32,TMI ㅋㅋㅋㅋㅋㅋㅋㅋㅋ,,13,13.0,TMI ㅋㅋㅋㅋㅋㅋㅋㅋㅋ ,TMI ㅋㅋㅋㅋㅋㅋㅋㅋㅋ,0.40406334400177,0.24161800742149353,0.1174524575471878,0.12889251112937927,0.06402841955423355,0.0439453087747097
2024-09-22 21:22:33,tmi ㅋㅋㅋㅋ,- dc official App,13,13.0,tmi ㅋㅋㅋㅋ - dc official App,tmi ㅋㅋㅋㅋ - dc official App,0.6708567142486572,0.11972992867231369,0.09307996928691864,0.06125188618898392,0.02977500483393669,0.025306567549705505
2024-09-22 21:22:34,츠노다 시발ㅋㅋㅋㅋㅋㅋㅋㅋㅋ,ㅋㅋㅋㅋㅋㅋㅋ,13,13.0,츠노다 시발ㅋㅋㅋㅋㅋㅋㅋㅋㅋ ㅋㅋㅋㅋㅋㅋㅋ,츠노다 시발ㅋㅋㅋㅋㅋㅋㅋㅋㅋ ㅋㅋㅋㅋㅋㅋㅋ,0.21719251573085785,0.2583032548427582,0.12383440136909485,0.24164855480194092,0.09824513643980026,0.060776159167289734
2024-09-22 21:22:34,ㅋㅋㅋㅋ 닥쳐,ㅋㅋㅋ,13,13.0,ㅋㅋㅋㅋ 닥쳐 ㅋㅋㅋ,ㅋㅋㅋㅋ 닥쳐 ㅋㅋㅋ,0.25334998965263367,0.24284204840660095,0.15026246011257172,0.20958435535430908,0.07995462417602539,0.06400652229785919
2024-09-22 21:22:34,TMIㅋㅋㅋㅋ,- dc official App,13,13.0,TMIㅋㅋㅋㅋ - dc official App,TMIㅋㅋㅋㅋ - dc official App,0.4223026633262634,0.22524327039718628,0.1312285214662552,0.12176430225372314,0.05785553157329559,0.04160570353269577
2024-09-22 21:22:35,tmi이지랄 ㅋㅋㅋㅋㅋ,"ㅇ
- dc official App",13,13.0,"tmi이지랄 ㅋㅋㅋㅋㅋ ㅇ
- dc official App",tmi이지랄 ㅋㅋㅋㅋㅋ ㅇ,0.19906607270240784,0.25431010127067566,0.1771305948495865,0.21505320072174072,0.08734846860170364,0.06709159165620804
2024-09-22 21:22:35,TMI ㅅㅂㅋㅋㅋㅋㅋㅋㅋㅋㅋㅋㅋㅋㅋ,ㅋㅋ,13,13.0,TMI ㅅㅂㅋㅋㅋㅋㅋㅋㅋㅋㅋㅋㅋㅋㅋ ㅋㅋ,TMI ㅅㅂㅋㅋㅋㅋㅋㅋㅋㅋㅋㅋㅋㅋㅋ ㅋㅋ,0.23178330063819885,0.2904103994369507,0.1110183596611023,0.21497903764247894,0.09874553978443146,0.05306338518857956
2024-09-22 21:22:35,TMI ㅋㅋㅋㅋㅋㅋ,ㅋㅋㅋ,13,13.0,TMI ㅋㅋㅋㅋㅋㅋ ㅋㅋㅋ,TMI ㅋㅋㅋㅋㅋㅋ ㅋㅋㅋ,0.3884999454021454,0.2570352852344513,0.11103586852550507,0.13290974497795105,0.06741609424352646,0.04310309886932373
2024-09-22 21:22:35,난쟁이 극대노 ㅋㅋㅋㅋ,ㅋㅋ,13,13.0,난쟁이 극대노 ㅋㅋㅋㅋ ㅋㅋ,난쟁이 극대노 ㅋㅋㅋㅋ ㅋㅋ,0.4072370231151581,0.22766976058483124,0.16351500153541565,0.09856995940208435,0.048045288771390915,0.054962966591119766
2024-09-22 21:22:35,tmiㅋㅋㅋㅋㅋㅋㅋ,,13,13.0,tmiㅋㅋㅋㅋㅋㅋㅋ ,tmiㅋㅋㅋㅋㅋㅋㅋ,0.6449370384216309,0.13882866501808167,0.09157069027423859,0.06483811140060425,0.03211070969700813,0.027714846655726433
2024-09-22 21:22:36,레드불 백마커로 길막하려는거냐?,라는 음모론을 펼쳐보았습니다 ㅋㅋ,13,13.0,레드불 백마커로 길막하려는거냐? 라는 음모론을 펼쳐보았습니다 ㅋㅋ,레드불 백마커로 길막하려는거냐? 라는 음모론을 펼쳐보았습니다 ㅋㅋ,0.11877040565013885,0.2219371497631073,0.3206186890602112,0.14664962887763977,0.0778968408703804,0.1141272634267807
2024-09-22 21:22:37,11노다 TMI ㅋㅋㅋㅋㅋㅋㅋㅋㅋㅋㅋㅋㅋㅋㅋ,ㅋㅋㅋㅋㅋㅋㅋㅋㅋㅋㅋㅋㅋㅋㅋㅋㅋㅋㅋㅋㅋㅋ,13,13.0,11노다 TMI ㅋㅋㅋㅋㅋㅋㅋㅋㅋㅋㅋㅋㅋㅋㅋ ㅋㅋㅋㅋㅋㅋㅋㅋㅋㅋㅋㅋㅋㅋㅋㅋㅋㅋㅋㅋㅋㅋ,11노다 TMI ㅋㅋㅋㅋㅋㅋㅋㅋㅋㅋㅋㅋㅋㅋㅋ ㅋㅋㅋㅋㅋㅋㅋㅋㅋㅋㅋㅋㅋㅋㅋㅋㅋㅋㅋㅋㅋㅋ,0.25960561633110046,0.2967764735221863,0.13515767455101013,0.16676785051822662,0.08230838179588318,0.05938401818275452
2024-09-22 21:22:37,tmi ㅇㅈㄹㅋㅋㅋㅋㅋㅋ,"ㅋㅋㅋㅋㅋㅋㅋ
- dc official App",13,13.0,"tmi ㅇㅈㄹㅋㅋㅋㅋㅋㅋ ㅋㅋㅋㅋㅋㅋㅋ
- dc official App",tmi ㅇㅈㄹㅋㅋㅋㅋㅋㅋ ㅋㅋㅋㅋㅋㅋㅋ,0.3993208408355713,0.22442977130413055,0.157571941614151,0.12421879172325134,0.0504557304084301,0.04400293156504631
2024-09-22 21:22:38,ㅋㅋㅋㅋㅋㅋㅋㅋㅋ,,13,13.0,ㅋㅋㅋㅋㅋㅋㅋㅋㅋ ,ㅋㅋㅋㅋㅋㅋㅋㅋㅋ,0.6377516388893127,0.1409260779619217,0.08970976620912552,0.07074389606714249,0.03509655222296715,0.025772102177143097
2024-09-22 21:22:37,ㅋㅋㅋ 투머치 인포메이션ㅋㅋㅋㅋㅋ,"ㅋㅋㅋ
- dc official App",13,13.0,"ㅋㅋㅋ 투머치 인포메이션ㅋㅋㅋㅋㅋ ㅋㅋㅋ
- dc official App",ㅋㅋㅋ 투머치 인포메이션ㅋㅋㅋㅋㅋ ㅋㅋㅋ,0.6507565379142761,0.1329239010810852,0.09598958492279053,0.061996277421712875,0.03212117776274681,0.026212485507130623
2024-09-22 21:22:37,이제 셧업 안하노 ㅋㅋㅋㅋ,,13,13.0,이제 셧업 안하노 ㅋㅋㅋㅋ ,이제 셧업 안하노 ㅋㅋㅋㅋ,0.14815793931484222,0.252053827047348,0.22572734951972961,0.1949388086795807,0.08408833295106888,0.0950336679816246
2024-09-22 21:22:38,TMI충 컷ㅋㅋㅋㅋㅋ,설명충ㅋㅋㅋㅋ,13,13.0,TMI충 컷ㅋㅋㅋㅋㅋ 설명충ㅋㅋㅋㅋ,TMI충 컷ㅋㅋㅋㅋㅋ 설명충ㅋㅋㅋㅋ,0.23280997574329376,0.28447669744491577,0.13272450864315033,0.194935604929924,0.09072864800691605,0.0643245130777359
2024-09-22 21:22:39,올해 왤케 소프트가 쓰레기같냐,"상위권 차들이 다 타이어 관리가 ㅈㄴ 좋아져서 하드로 사기치는 모습도 많이 나오고
반대로 소프트는 뭔가 활약하는 걸 보기가 힘듦",13,13.0,"올해 왤케 소프트가 쓰레기같냐 상위권 차들이 다 타이어 관리가 ㅈㄴ 좋아져서 하드로 사기치는 모습도 많이 나오고
반대로 소프트는 뭔가 활약하는 걸 보기가 힘듦",올해 왤케 소프트가 쓰레기같냐 상위권 차들이 다 타이어 관리가 ㅈㄴ 좋아져서 하드로 사기치는 모습도 많이 나오고 반대로 소프트는 뭔가 활약하는 걸 보기가 힘듦,0.07713361829519272,0.24522614479064941,0.14396244287490845,0.21222732961177826,0.27928969264030457,0.04216081276535988
2024-09-22 21:22:40,노리스 또 보라색 ㅋㅋㅋ,ㅅㅂ,13,13.0,노리스 또 보라색 ㅋㅋㅋ ㅅㅂ,노리스 또 보라색 ㅋㅋㅋ ㅅㅂ,0.15163293480873108,0.24164651334285736,0.09654290229082108,0.292961984872818,0.1748282015323639,0.042387455701828
2024-09-22 21:22:42,11노다 TMI ㅋㅋㅋ,,13,13.0,11노다 TMI ㅋㅋㅋ ,11노다 TMI ㅋㅋㅋ,0.16817264258861542,0.3449558615684509,0.1380864828824997,0.16726404428482056,0.1145220473408699,0.06699883937835693
2024-09-22 21:22:42,ㅋㅋㅋㅋㅋㅋㅋ,,13,13.0,ㅋㅋㅋㅋㅋㅋㅋ ,ㅋㅋㅋㅋㅋㅋㅋ,0.6405335068702698,0.13775290548801422,0.09068097174167633,0.06995318084955215,0.03461195528507233,0.02646743506193161
2024-09-22 21:22:42,TMI ㅇㅈㄹ ㅋㅋㅋㅋㅋㅋㅋ,ㅋㅋㅋㅋ,13,13.0,TMI ㅇㅈㄹ ㅋㅋㅋㅋㅋㅋㅋ ㅋㅋㅋㅋ,TMI ㅇㅈㄹ ㅋㅋㅋㅋㅋㅋㅋ ㅋㅋㅋㅋ,0.23700936138629913,0.2632841169834137,0.18594896793365479,0.17686855792999268,0.07182280719280243,0.06506621837615967
2024-09-22 21:22:42,ㅋㅋㅋㅋㅋㅋㅋㅋㅋㅋㅋㅋㅋㅋ,,13,13.0,ㅋㅋㅋㅋㅋㅋㅋㅋㅋㅋㅋㅋㅋㅋ ,ㅋㅋㅋㅋㅋㅋㅋㅋㅋㅋㅋㅋㅋㅋ,0.6332981586456299,0.14251361787319183,0.09366148710250854,0.06967149674892426,0.033794812858104706,0.02706042490899563
2024-09-22 21:22:43,유키 시방ㅋㅋㅋㅋ,ㅋㅋㅋㅋ,13,13.0,유키 시방ㅋㅋㅋㅋ ㅋㅋㅋㅋ,유키 시방ㅋㅋㅋㅋ ㅋㅋㅋㅋ,0.6713277697563171,0.13072462379932404,0.08050563931465149,0.057904113084077835,0.032236892729997635,0.027301006019115448
2024-09-22 21:22:44,TMIㅋㅋㅋㅋㅋㅋ,,13,13.0,TMIㅋㅋㅋㅋㅋㅋ ,TMIㅋㅋㅋㅋㅋㅋ,0.25541067123413086,0.2974853217601776,0.13216516375541687,0.1692374348640442,0.08761874586343765,0.05808267369866371
2024-09-22 21:22:48,매랩 1초씩 벌어지는 노몽대전,맥라렌 무습다,13,13.0,매랩 1초씩 벌어지는 노몽대전 맥라렌 무습다,매랩 1초씩 벌어지는 노몽대전 맥라렌 무습다,0.13728375732898712,0.18515928089618683,0.3522602319717407,0.13269296288490295,0.06529447436332703,0.12730932235717773
2024-09-22 21:22:48,츠노다 ㅈㄴ웃기네 ㅅㅂㅋㅋㅋㅋㅋㅋ,,13,13.0,츠노다 ㅈㄴ웃기네 ㅅㅂㅋㅋㅋㅋㅋㅋ ,츠노다 ㅈㄴ웃기네 ㅅㅂㅋㅋㅋㅋㅋㅋ,0.5246878266334534,0.1790992170572281,0.113265261054039,0.10437418520450592,0.046889666467905045,0.03168383985757828
2024-09-22 21:22:49,성질나오노ㅋㅋㅋㅋㅋ,,13,13.0,성질나오노ㅋㅋㅋㅋㅋ ,성질나오노ㅋㅋㅋㅋㅋ,0.3438706696033478,0.2267305999994278,0.12892216444015503,0.17962533235549927,0.07065270841121674,0.05019858852028847
2024-09-22 21:22:49,츠노다: 알빠노 ㅋㅋㅋ,- dc official App,13,13.0,츠노다: 알빠노 ㅋㅋㅋ - dc official App,츠노다: 알빠노 ㅋㅋㅋ - dc official App,0.5775370001792908,0.16069965064525604,0.09898939728736877,0.08648844808340073,0.04637472704052925,0.02991076372563839
2024-09-22 21:22:50,노리스가 해야할말,아니냨ㅋㅋㅋㅋㅋㅋㅋㅋ,13,13.0,노리스가 해야할말 아니냨ㅋㅋㅋㅋㅋㅋㅋㅋ,노리스가 해야할말 아니냨ㅋㅋㅋㅋㅋㅋㅋㅋ,0.15104831755161285,0.2722972631454468,0.25722262263298035,0.15846456587314606,0.07035598903894424,0.09061119705438614
2024-09-22 21:22:50,겸손한 셧업ㅋㅋㅋㅋㅋ,"츠노다 많이컷노 ㅋㅋ
- dc official App",13,13.0,"겸손한 셧업ㅋㅋㅋㅋㅋ 츠노다 많이컷노 ㅋㅋ
- dc official App",겸손한 셧업ㅋㅋㅋㅋㅋ 츠노다 많이컷노 ㅋㅋ,0.268554151058197,0.22973540425300598,0.22007502615451813,0.1364777386188507,0.049409858882427216,0.09574775397777557
2024-09-22 21:22:50,어쩌라고 ㅋㅋㅋㅋㅋㅋ,,13,13.0,어쩌라고 ㅋㅋㅋㅋㅋㅋ ,어쩌라고 ㅋㅋㅋㅋㅋㅋ,0.18040798604488373,0.27609872817993164,0.17726126313209534,0.2049444615840912,0.09553800523281097,0.0657496526837349
2024-09-22 21:22:51,유리스 어디까지 갈 생각인가,"벌써 36중반까지 땡겼네
- dc official App",13,13.0,"유리스 어디까지 갈 생각인가 벌써 36중반까지 땡겼네
- dc official App",유리스 어디까지 갈 생각인가 벌써 36중반까지 땡겼네,0.3287334442138672,0.21904192864894867,0.23498475551605225,0.07539517432451248,0.03972162678837776,0.10212309658527374
2024-09-22 21:22:51,그래도 셧업은 안하네 ㅋㅋㅋㅋㅋ,,13,13.0,그래도 셧업은 안하네 ㅋㅋㅋㅋㅋ ,그래도 셧업은 안하네 ㅋㅋㅋㅋㅋ,0.17486776411533356,0.2135068029165268,0.25877708196640015,0.16965845227241516,0.08590652048587799,0.09728340059518814
2024-09-22 21:22:49,TMIㅋㅋㅋㅋㅋㅋㅋㅋㅋㅋㅋ,,13,13.0,TMIㅋㅋㅋㅋㅋㅋㅋㅋㅋㅋㅋ ,TMIㅋㅋㅋㅋㅋㅋㅋㅋㅋㅋㅋ,0.26706820726394653,0.2972524166107178,0.13581395149230957,0.1591380387544632,0.08191279321908951,0.05881454050540924
2024-09-22 21:22:51,지금 컨디션 미>하>소냐?,물탕이 좆됐노,13,13.0,지금 컨디션 미>하>소냐? 물탕이 좆됐노,지금 컨디션 미>하>소냐? 물탕이 좆됐노,0.08389291912317276,0.2452937811613083,0.16625568270683289,0.2231718748807907,0.21050965785980225,0.07087600231170654
2024-09-22 21:22:51,애마 왜 헐크 못잡냐,- dc official App,13,13.0,애마 왜 헐크 못잡냐 - dc official App,애마 왜 헐크 못잡냐 - dc official App,0.09874672442674637,0.27260398864746094,0.2883630096912384,0.14115983247756958,0.11940593272447586,0.07972048223018646
2024-09-22 21:22:52,뇌과부화 ㄴㅋㅋㅋㅋㅋㅋ,ㅋㅋㅋㅋㅋㅋㅋㅋㅋㅋㅋ,13,13.0,뇌과부화 ㄴㅋㅋㅋㅋㅋㅋ ㅋㅋㅋㅋㅋㅋㅋㅋㅋㅋㅋ,뇌과부화 ㄴㅋㅋㅋㅋㅋㅋ ㅋㅋㅋㅋㅋㅋㅋㅋㅋㅋㅋ,0.25254926085472107,0.29308390617370605,0.17997099459171295,0.14036288857460022,0.06504367291927338,0.06898927688598633
2024-09-22 21:22:54,알본 벌써 들어가네,,13,13.0,알본 벌써 들어가네 ,알본 벌써 들어가네,0.3006221354007721,0.23085090517997742,0.23250523209571838,0.09335148334503174,0.05026112124323845,0.09240910410881042
2024-09-22 21:22:57,TMI 입갤 ㅋㅋㅋㅋㅋㅋㅋㅋ,ㅋㅋㅋㅋ,13,13.0,TMI 입갤 ㅋㅋㅋㅋㅋㅋㅋㅋ ㅋㅋㅋㅋ,TMI 입갤 ㅋㅋㅋㅋㅋㅋㅋㅋ ㅋㅋㅋㅋ,0.6606031060218811,0.1301179975271225,0.07652365416288376,0.06832212209701538,0.03832221031188965,0.026110893115401268
2024-09-22 21:22:57,TMIㅋㅋㅋㅋ,,13,13.0,TMIㅋㅋㅋㅋ ,TMIㅋㅋㅋㅋ,0.26492244005203247,0.29578521847724915,0.1307271271944046,0.16406846046447754,0.08844012767076492,0.05605660378932953
2024-09-22 21:22:57,다소의역) 닥쳐라,ㅇㅇ,13,13.0,다소의역) 닥쳐라 ㅇㅇ,다소의역) 닥쳐라 ㅇㅇ,0.2293817698955536,0.20063689351081848,0.15358863770961761,0.2668830156326294,0.10278584063053131,0.046723801642656326
2024-09-22 21:22:58,그저 금쪽이 ㅋㅋㅋㅋㅋㅋㅋㅋㅋㅋㅋㅋ,아 내 알아서 한다고 빼애애애액,13,13.0,그저 금쪽이 ㅋㅋㅋㅋㅋㅋㅋㅋㅋㅋㅋㅋ 아 내 알아서 한다고 빼애애애액,그저 금쪽이 ㅋㅋㅋㅋㅋㅋㅋㅋㅋㅋㅋㅋ 아 내 알아서 한다고 빼애애애액,0.3675011694431305,0.23471075296401978,0.09764253348112106,0.14353583753108978,0.09800128638744354,0.05860842019319534
2024-09-22 21:22:59,6초 입갤,,13,13.0,6초 입갤 ,6초 입갤,0.44757750630378723,0.199066624045372,0.18451933562755585,0.07920501381158829,0.04362999275326729,0.04600159451365471
2024-09-22 21:23:03,삐완 삐완,삐완 베이비 삐완,13,13.0,삐완 삐완 삐완 베이비 삐완,삐완 삐완 삐완 베이비 삐완,0.6690640449523926,0.1232166588306427,0.076736681163311,0.06686140596866608,0.04137538745999336,0.02274586632847786
2024-09-22 21:23:05,TMI ㅋㅋㅋㅋㅋㅋㅋ,ㅋㅋㅋㅋ,13,13.0,TMI ㅋㅋㅋㅋㅋㅋㅋ ㅋㅋㅋㅋ,TMI ㅋㅋㅋㅋㅋㅋㅋ ㅋㅋㅋㅋ,0.3678930103778839,0.25663647055625916,0.11477114260196686,0.14493849873542786,0.07106079906225204,0.044700026512145996
2024-09-22 21:23:06,츠노다 가장 예민 할 때 : 11등일 때,,13,13.0,츠노다 가장 예민 할 때 : 11등일 때 ,츠노다 가장 예민 할 때 : 11등일 때,0.2260870784521103,0.28953441977500916,0.22154930233955383,0.100486621260643,0.10105438530445099,0.061288170516490936
2024-09-22 21:23:08,표현만 순화했노 ㅋㅋㅋㅋㅋ,에휴,13,13.0,표현만 순화했노 ㅋㅋㅋㅋㅋ 에휴,표현만 순화했노 ㅋㅋㅋㅋㅋ 에휴,0.07141079753637314,0.2609614133834839,0.16897974908351898,0.22373303771018982,0.19758154451847076,0.07733353972434998
2024-09-22 21:23:09,알본 왜 들어가냐? ㅋㅋㅋㅋㅋㅋㅋㅋㅋ,언더컷이여?,13,13.0,알본 왜 들어가냐? ㅋㅋㅋㅋㅋㅋㅋㅋㅋ 언더컷이여?,알본 왜 들어가냐? ㅋㅋㅋㅋㅋㅋㅋㅋㅋ 언더컷이여?,0.10491207987070084,0.24907545745372772,0.30561143159866333,0.1591932326555252,0.08338630199432373,0.09782148897647858
2024-09-22 21:23:09,츠노다는 왜케 화가 많냨ㅋㅋㅋㅋㅋ,ㅋㅋㅋㅋ,13,13.0,츠노다는 왜케 화가 많냨ㅋㅋㅋㅋㅋ ㅋㅋㅋㅋ,츠노다는 왜케 화가 많냨ㅋㅋㅋㅋㅋ ㅋㅋㅋㅋ,0.1876855045557022,0.2634401321411133,0.2511025071144104,0.15291835367679596,0.061364978551864624,0.0834885835647583
2024-09-22 21:23:09,6초갭 뭐임?,미친놈 미친놈,13,13.0,6초갭 뭐임? 미친놈 미친놈,6초갭 뭐임? 미친놈 미친놈,0.1031455248594284,0.250611811876297,0.26160115003585815,0.1900767982006073,0.08982119709253311,0.10474352538585663
2024-09-22 21:23:11,알본저건왜벌써,,13,13.0,알본저건왜벌써 ,알본저건왜벌써,0.10619914531707764,0.24453936517238617,0.3115621507167816,0.14522473514080048,0.07699134200811386,0.11548327654600143
2024-09-22 21:23:12,내년에 wec인가? 그 일본에서 한다는거 뭐에요??,"한국도 온다했던거
- dc official App",13,13.0,"내년에 wec인가? 그 일본에서 한다는거 뭐에요?? 한국도 온다했던거
- dc official App",내년에 wec인가? 그 일본에서 한다는거 뭐에요?? 한국도 온다했던거,0.16033218801021576,0.22188177704811096,0.3404258191585541,0.11263051629066467,0.06972625851631165,0.09500344842672348
2024-09-22 21:23:14,이해는 한다 ㅅㅂ 뒤에서 페라리 쫓아오는데,시가지 서킷인데 백미러에 사인츠 계속 보인다고 생각해보면 ㅋㅋㅋㅋㅋ 당연히 까칠해질듯,13,13.0,이해는 한다 ㅅㅂ 뒤에서 페라리 쫓아오는데 시가지 서킷인데 백미러에 사인츠 계속 보인다고 생각해보면 ㅋㅋㅋㅋㅋ 당연히 까칠해질듯,이해는 한다 ㅅㅂ 뒤에서 페라리 쫓아오는데 시가지 서킷인데 백미러에 사인츠 계속 보인다고 생각해보면 ㅋㅋㅋㅋㅋ 당연히 까칠해질듯,0.09722185134887695,0.2345249503850937,0.16969937086105347,0.24053122103214264,0.1589592844247818,0.09906327724456787
2024-09-22 21:23:15,아니 사고가 안나,에잉,13,13.0,아니 사고가 안나 에잉,아니 사고가 안나 에잉,0.12457627803087234,0.24885046482086182,0.11811526119709015,0.23111788928508759,0.23006241023540497,0.04727764427661896
2024-09-22 21:23:18,6초 5초 에라이 ㅋㅋ,,13,13.0,6초 5초 에라이 ㅋㅋ ,6초 5초 에라이 ㅋㅋ,0.1096034124493599,0.2813238203525543,0.23411105573177338,0.18808257579803467,0.11184535175561905,0.0750337615609169
2024-09-22 21:23:18,마티아 스피니 저새끼 말 존나 많긴함 ㅋㅋ,ㄹㅇ,13,13.0,마티아 스피니 저새끼 말 존나 많긴함 ㅋㅋ ㄹㅇ,마티아 스피니 저새끼 말 존나 많긴함 ㅋㅋ ㄹㅇ,0.099759042263031,0.20532839000225067,0.24382105469703674,0.25828638672828674,0.09921620786190033,0.09358885884284973
2024-09-22 21:23:18,알본 하드라..,,13,13.0,알본 하드라.. ,알본 하드라..,0.25651291012763977,0.28989413380622864,0.21025574207305908,0.10819125175476074,0.07226886600255966,0.06287708133459091
2024-09-22 21:23:26,123위 간격 왜 저럼,어지럽노,13,13.0,123위 간격 왜 저럼 어지럽노,123위 간격 왜 저럼 어지럽노,0.1121712177991867,0.2941584885120392,0.1371714472770691,0.19732829928398132,0.21310532093048096,0.046065255999565125
2024-09-22 21:23:27,노 몽 물 계속 벌어지노,좀 따라가서 치고받고 싸우라고 ㅅㅂ 월챔새끼들아,13,13.0,노 몽 물 계속 벌어지노 좀 따라가서 치고받고 싸우라고 ㅅㅂ 월챔새끼들아,노 몽 물 계속 벌어지노 좀 따라가서 치고받고 싸우라고 ㅅㅂ 월챔새끼들아,0.13914212584495544,0.19288994371891022,0.11556819081306458,0.3345274031162262,0.17744383215904236,0.04042837768793106
2024-09-22 21:23:28,시간 ㅇㄷ감?,,13,13.0,시간 ㅇㄷ감? ,시간 ㅇㄷ감?,0.3028005063533783,0.2336624711751938,0.2501169443130493,0.08437110483646393,0.058794282376766205,0.07025466114282608
2024-09-22 21:23:30,와 씨 거의 닿었는데,,13,13.0,와 씨 거의 닿었는데 ,와 씨 거의 닿었는데,0.22619786858558655,0.22852519154548645,0.26689204573631287,0.11321389675140381,0.05243343487381935,0.11273753643035889
2024-09-22 21:23:31,저 다리는 원래 가로등이 없는거냐,아니면 일부러 경기를 위해 깜깜하게 한거냐,13,13.0,저 다리는 원래 가로등이 없는거냐 아니면 일부러 경기를 위해 깜깜하게 한거냐,저 다리는 원래 가로등이 없는거냐 아니면 일부러 경기를 위해 깜깜하게 한거냐,0.08054658025503159,0.23282089829444885,0.2832641005516052,0.16490021347999573,0.16118089854717255,0.07728727161884308
2024-09-22 21:23:33,콜라 저기 계속 긁네,,13,13.0,콜라 저기 계속 긁네 ,콜라 저기 계속 긁네,0.10931175202131271,0.32736530900001526,0.16761204600334167,0.1732294261455536,0.16082195937633514,0.06165950000286102
2024-09-22 21:23:34,쿠팡맨 알본 좆망 ㅠㅠ,ㅠㅠ,13,13.0,쿠팡맨 알본 좆망 ㅠㅠ ㅠㅠ,쿠팡맨 알본 좆망 ㅠㅠ ㅠㅠ,0.10734345018863678,0.22190099954605103,0.13176286220550537,0.2010403275489807,0.26484647393226624,0.07310587912797928
2024-09-22 21:23:34,아니 콜라 벽 ㅋㅋㅋㅋ,"ㅋㅋㅋ
- dc official App",13,13.0,"아니 콜라 벽 ㅋㅋㅋㅋ ㅋㅋㅋ
- dc official App",아니 콜라 벽 ㅋㅋㅋㅋ ㅋㅋㅋ,0.6370514035224915,0.1404799073934555,0.09293243288993835,0.06826803833246231,0.03570361062884331,0.025564653798937798
2024-09-22 21:23:34,똠본 타깎노 on,,13,13.0,똠본 타깎노 on ,똠본 타깎노 on,0.6346234679222107,0.1300579458475113,0.10099942982196808,0.06704257428646088,0.039534792304039,0.027741719037294388
2024-09-22 21:23:35,콜라핀토 저기 맨날긁노,,13,13.0,콜라핀토 저기 맨날긁노 ,콜라핀토 저기 맨날긁노,0.11306291073560715,0.34087318181991577,0.13236075639724731,0.17799782752990723,0.1745935082435608,0.061111804097890854
2024-09-22 21:23:36,스타트 따였어도 걍 추월했을듯,페이스 차이가 넘나는데,13,13.0,스타트 따였어도 걍 추월했을듯 페이스 차이가 넘나는데,스타트 따였어도 걍 추월했을듯 페이스 차이가 넘나는데,0.08798680454492569,0.27311328053474426,0.3361400067806244,0.11728096753358841,0.08192150294780731,0.10355746746063232
2024-09-22 21:23:39,맨날 몽징징 몽징징 하는데 엪갤한테는 안되네,"몽골견들아 느그 차 구린거 알겠으니
그만좀 징징거려라 ㅋㅋㅌㅋㅋ
막스도 싸대기날릴정도로 궁시렁대노 씹 ㅋㅋㅋㅋㅌ
- dc official App",13,13.0,"맨날 몽징징 몽징징 하는데 엪갤한테는 안되네 몽골견들아 느그 차 구린거 알겠으니
그만좀 징징거려라 ㅋㅋㅌㅋㅋ
막스도 싸대기날릴정도로 궁시렁대노 씹 ㅋㅋㅋㅋㅌ
- dc official App",맨날 몽징징 몽징징 하는데 엪갤한테는 안되네 몽골견들아 느그 차 구린거 알겠으니 그만좀 징징거려라 ㅋㅋㅌㅋㅋ 막스도 싸대기날릴정도로 궁시렁대노 씹 ㅋㅋㅋㅋㅌ,0.10473880916833878,0.1838611364364624,0.18605712056159973,0.29746147990226746,0.14237436652183533,0.08550707250833511
2024-09-22 21:23:39,알본 ㅈ망각이노,ㅠㅠ,13,13.0,알본 ㅈ망각이노 ㅠㅠ,알본 ㅈ망각이노 ㅠㅠ,0.09263128787279129,0.2526293992996216,0.1660650223493576,0.16429246962070465,0.2343221753835678,0.09005960077047348
2024-09-22 21:23:42,빨리 누구 한명이 총대메고 꼬라박아라.,공리주의에 입각해서 절대다수의 행복을 위해 박아라.,14,14.0,빨리 누구 한명이 총대메고 꼬라박아라. 공리주의에 입각해서 절대다수의 행복을 위해 박아라.,빨리 누구 한명이 총대메고 꼬라박아라. 공리주의에 입각해서 절대다수의 행복을 위해 박아라.,0.11882007122039795,0.16007253527641296,0.1851118952035904,0.27142176032066345,0.20047619938850403,0.06409755349159241
2024-09-22 21:23:45,알본 타깎노 들어가나,오,14,14.0,알본 타깎노 들어가나 오,알본 타깎노 들어가나 오,0.3781020939350128,0.20143833756446838,0.23252153396606445,0.08053133636713028,0.03979121893644333,0.06761544942855835
2024-09-22 21:23:49,일반 시가지는 사고없으면 개노잼이야... 바쿠 그립다,ㅜㅜ,14,14.0,일반 시가지는 사고없으면 개노잼이야... 바쿠 그립다 ㅜㅜ,일반 시가지는 사고없으면 개노잼이야... 바쿠 그립다 ㅜㅜ,0.15916447341442108,0.22647297382354736,0.1173490509390831,0.19110026955604553,0.23213955760002136,0.07377366721630096
2024-09-22 21:23:51,1 3위 10초가 넘네,,14,14.0,1 3위 10초가 넘네 ,1 3위 10초가 넘네,0.21843431890010834,0.2627657353878021,0.2876927852630615,0.1007525771856308,0.048479095101356506,0.08187543600797653
2024-09-22 21:23:53,노리스 ㅅㅂ 크루징시작했네,제발셒카,14,14.0,노리스 ㅅㅂ 크루징시작했네 제발셒카,노리스 ㅅㅂ 크루징시작했네 제발셒카,0.13470116257667542,0.23062413930892944,0.11880072206258774,0.2908197045326233,0.17771480977535248,0.047339439392089844
2024-09-22 21:24:00,개노잼레이스노 ㅋㅋ,,14,14.0,개노잼레이스노 ㅋㅋ ,개노잼레이스노 ㅋㅋ,0.12800760567188263,0.3077828884124756,0.14973996579647064,0.1891619861125946,0.1611575037240982,0.06415002793073654
2024-09-22 21:24:02,알본 히드 50랩 플랜 타깍노 입갤  ㅋㅋㅋㅋㅋ,,14,14.0,알본 히드 50랩 플랜 타깍노 입갤  ㅋㅋㅋㅋㅋ ,알본 히드 50랩 플랜 타깍노 입갤 ㅋㅋㅋㅋㅋ,0.6706968545913696,0.11681646853685379,0.08993173390626907,0.06478302925825119,0.030531402677297592,0.027240581810474396
2024-09-22 21:24:03,언더컷 드가자 걍,답 없노,14,14.0,언더컷 드가자 걍 답 없노,언더컷 드가자 걍 답 없노,0.09822607785463333,0.2697668671607971,0.14818480610847473,0.17639823257923126,0.2271975427865982,0.08022646605968475
2024-09-22 21:24:05,엪매처럼 배속 못돌리냐,아,14,14.0,엪매처럼 배속 못돌리냐 아,엪매처럼 배속 못돌리냐 아,0.1062612235546112,0.28622400760650635,0.1278412938117981,0.22202417254447937,0.20690225064754486,0.050747066736221313
2024-09-22 21:24:07,몽노 7초 ㅅㅂㅋㅋㅋ,ㅋㅋ,14,14.0,몽노 7초 ㅅㅂㅋㅋㅋ ㅋㅋ,몽노 7초 ㅅㅂㅋㅋㅋ ㅋㅋ,0.2088358849287033,0.28991788625717163,0.18289129436016083,0.17038635909557343,0.07668604701757431,0.07128250598907471
2024-09-22 21:24:07,노리스 크루징 ㅅㅂ ㅋㅋㅋㅋㅋㅋㅋㅋㅋㅋㅋㅋㅋㅋ,,14,14.0,노리스 크루징 ㅅㅂ ㅋㅋㅋㅋㅋㅋㅋㅋㅋㅋㅋㅋㅋㅋ ,노리스 크루징 ㅅㅂ ㅋㅋㅋㅋㅋㅋㅋㅋㅋㅋㅋㅋㅋㅋ,0.22394180297851562,0.2777369022369385,0.15297487378120422,0.19317412376403809,0.09107881784439087,0.06109347939491272
2024-09-22 21:24:07,노리스 시발 개쳐빠르네,,14,14.0,노리스 시발 개쳐빠르네 ,노리스 시발 개쳐빠르네,0.12871764600276947,0.21558494865894318,0.23326820135116577,0.22457170486450195,0.10608649998903275,0.09177098423242569
2024-09-22 21:24:08,7초 입갤 ㅋㅋㅋㅋㅋㅋ,,14,14.0,7초 입갤 ㅋㅋㅋㅋㅋㅋ ,7초 입갤 ㅋㅋㅋㅋㅋㅋ,0.6740468740463257,0.11348093301057816,0.08914386481046677,0.060168180614709854,0.03399840369820595,0.029161732643842697
2024-09-22 21:24:09,케로 강의하라고 주문이라도 들어갔나 오늘,좀 유달리 많은데,14,14.0,케로 강의하라고 주문이라도 들어갔나 오늘 좀 유달리 많은데,케로 강의하라고 주문이라도 들어갔나 오늘 좀 유달리 많은데,0.10138195753097534,0.3252679705619812,0.24244391918182373,0.13102495670318604,0.11877024918794632,0.08111093193292618
2024-09-22 21:24:09,도련놈아 알론소 33승이 보고싶지 않냐,빨리 박아좀,14,14.0,도련놈아 알론소 33승이 보고싶지 않냐 빨리 박아좀,도련놈아 알론소 33승이 보고싶지 않냐 빨리 박아좀,0.15731176733970642,0.2381594330072403,0.1729142814874649,0.21567901968955994,0.12572868168354034,0.09020678699016571
2024-09-22 21:24:11,콜라 이 새끼 내년에 시트 없음?,진자 너무 아쉽노,14,14.0,콜라 이 새끼 내년에 시트 없음? 진자 너무 아쉽노,콜라 이 새끼 내년에 시트 없음? 진자 너무 아쉽노,0.10250130295753479,0.29787203669548035,0.16235968470573425,0.16470421850681305,0.20462404191493988,0.06793871521949768
2024-09-22 21:24:13,7초 와 ㅋㅋㅋㅋㅋ,,14,14.0,7초 와 ㅋㅋㅋㅋㅋ ,7초 와 ㅋㅋㅋㅋㅋ,0.5078191757202148,0.16754725575447083,0.1760796755552292,0.07135452330112457,0.03275954723358154,0.044439803808927536
2024-09-22 21:24:18,노리스가 ”꿈과희망“ <~ 이거 재연하는거 말고는 걍 좆노잼,,14,14.0,노리스가 ”꿈과희망“ <~ 이거 재연하는거 말고는 걍 좆노잼 ,노리스가 ”꿈과희망“ <~ 이거 재연하는거 말고는 걍 좆노잼,0.131769597530365,0.3051263093948364,0.18226183950901031,0.1709822565317154,0.14692755043506622,0.06293246895074844
2024-09-22 21:24:22,그만찍어 미친놈아,"36초반까지 땡겼는데 35초까지 갈 생각이냐
- dc official App",14,14.0,"그만찍어 미친놈아 36초반까지 땡겼는데 35초까지 갈 생각이냐
- dc official App",그만찍어 미친놈아 36초반까지 땡겼는데 35초까지 갈 생각이냐,0.0820295512676239,0.21610862016677856,0.16671164333820343,0.2972942888736725,0.17734897136688232,0.06050686910748482
2024-09-22 21:24:22,노리스 페랩 계속 찍는데,"이거 맞음? 슬슬 무서운데?
- dc official App",14,14.0,"노리스 페랩 계속 찍는데 이거 맞음? 슬슬 무서운데?
- dc official App",노리스 페랩 계속 찍는데 이거 맞음? 슬슬 무서운데?,0.15216641128063202,0.1962696611881256,0.34803274273872375,0.11913501471281052,0.06888283789157867,0.11551333963871002
2024-09-22 21:24:23,노리스 크루징도 아니라 패랩 계속 경신이네,"존나빠름 황라렌
- dc official App",14,14.0,"노리스 크루징도 아니라 패랩 계속 경신이네 존나빠름 황라렌
- dc official App",노리스 크루징도 아니라 패랩 계속 경신이네 존나빠름 황라렌,0.14407432079315186,0.19407814741134644,0.3450447618961334,0.13671985268592834,0.05484631285071373,0.1252366304397583
2024-09-22 21:24:25,빨리 12노다 보고싶다,가라 사인츠,14,14.0,빨리 12노다 보고싶다 가라 사인츠,빨리 12노다 보고싶다 가라 사인츠,0.5937914252281189,0.1551174372434616,0.10338201373815536,0.06510911881923676,0.04517350718379021,0.037426479160785675
2024-09-22 21:24:25,패랩을 거의 매랩 찍는 느낌인데,상단에 계속 패랩 찍히네ㅋㅋㅋㅋㅋ,14,14.0,패랩을 거의 매랩 찍는 느낌인데 상단에 계속 패랩 찍히네ㅋㅋㅋㅋㅋ,패랩을 거의 매랩 찍는 느낌인데 상단에 계속 패랩 찍히네ㅋㅋㅋㅋㅋ,0.2915756106376648,0.23666934669017792,0.24947549402713776,0.09656034409999847,0.04196399822831154,0.08375515788793564
2024-09-22 21:24:25,좆노잼이니까 팀라디오만 계속 틀어주노 ㅋㅋ,에잉,14,14.0,좆노잼이니까 팀라디오만 계속 틀어주노 ㅋㅋ 에잉,좆노잼이니까 팀라디오만 계속 틀어주노 ㅋㅋ 에잉,0.10345755517482758,0.28933438658714294,0.14437656104564667,0.21508575975894928,0.18892066180706024,0.058825019747018814
2024-09-22 21:24:27,레드플랙 예고 ㅋㅋㅋ,ㅋㅋㅋ박아버리겠다,14,14.0,레드플랙 예고 ㅋㅋㅋ ㅋㅋㅋ박아버리겠다,레드플랙 예고 ㅋㅋㅋ ㅋㅋㅋ박아버리겠다,0.6423735618591309,0.12896496057510376,0.09983430802822113,0.06886055320501328,0.030850855633616447,0.02911580726504326
2024-09-22 21:24:30,패랩 언제까지 갱신하냐ㅋㅋㅋㅋ,.,14,14.0,패랩 언제까지 갱신하냐ㅋㅋㅋㅋ .,패랩 언제까지 갱신하냐ㅋㅋㅋㅋ .,0.32942935824394226,0.27012285590171814,0.16337573528289795,0.11135241389274597,0.058445487171411514,0.0672740712761879
2024-09-22 21:24:30,근데 경은 왜 자꾸 벌어짐?,뭐해,14,14.0,근데 경은 왜 자꾸 벌어짐? 뭐해,근데 경은 왜 자꾸 벌어짐? 뭐해,0.11842100322246552,0.27263036370277405,0.31088510155677795,0.11538783460855484,0.08193027228116989,0.10074544697999954
2024-09-22 21:24:31,케이막 한번 보여주나,시원하게 꼴박한번 해줄만 한데,14,14.0,케이막 한번 보여주나 시원하게 꼴박한번 해줄만 한데,케이막 한번 보여주나 시원하게 꼴박한번 해줄만 한데,0.40473639965057373,0.20118241012096405,0.172811359167099,0.08667050302028656,0.061614032834768295,0.07298531383275986
2024-09-22 21:24:32,페라리 레드불 세컨끼리 서로 앞차를 못넘네ㅋㅋㅋㅋ,저러다가 또 둘이 박아서 셒카 뜨겠다,14,14.0,페라리 레드불 세컨끼리 서로 앞차를 못넘네ㅋㅋㅋㅋ 저러다가 또 둘이 박아서 셒카 뜨겠다,페라리 레드불 세컨끼리 서로 앞차를 못넘네ㅋㅋㅋㅋ 저러다가 또 둘이 박아서 셒카 뜨겠다,0.11412877589464188,0.2551976442337036,0.30132153630256653,0.13172823190689087,0.06630327552556992,0.13132061064243317
2024-09-22 21:24:32,노리스 계속 패랩 경신이네 씨발,맥라렌 너네가 걍 컨챔 먹어라 시발 페라리는 4위가 맞는갑다,14,14.0,노리스 계속 패랩 경신이네 씨발 맥라렌 너네가 걍 컨챔 먹어라 시발 페라리는 4위가 맞는갑다,노리스 계속 패랩 경신이네 씨발 맥라렌 너네가 걍 컨챔 먹어라 시발 페라리는 4위가 맞는갑다,0.09439732879400253,0.19162701070308685,0.14316818118095398,0.3150548040866852,0.2116798460483551,0.04407283663749695
2024-09-22 21:24:33,츠노다 <<< 이새낀 그냥 호감임,"생긴거랑 다르게 그냥 빠꾸없음
F1계의 벌꿀오소리임",14,14.0,"츠노다 <<< 이새낀 그냥 호감임 생긴거랑 다르게 그냥 빠꾸없음
F1계의 벌꿀오소리임",츠노다 <<< 이새낀 그냥 호감임 생긴거랑 다르게 그냥 빠꾸없음 F1계의 벌꿀오소리임,0.4166654050350189,0.1939118206501007,0.18337558209896088,0.08155054599046707,0.04013039916753769,0.08436618000268936
2024-09-22 21:24:39,체황 이젠 레드불로 윌리엄스 신삥도 못따냐...,어디까지 추락하는거냐,14,14.0,체황 이젠 레드불로 윌리엄스 신삥도 못따냐... 어디까지 추락하는거냐,체황 이젠 레드불로 윌리엄스 신삥도 못따냐... 어디까지 추락하는거냐,0.07273831963539124,0.24395935237407684,0.2569120228290558,0.14878465235233307,0.17077727615833282,0.10682841390371323
2024-09-22 21:24:39,노GOAT 7초차 입갤 ㅅㅅ,노1무_현 화이팅!,14,14.0,노GOAT 7초차 입갤 ㅅㅅ 노1무_현 화이팅!,노GOAT 7초차 입갤 ㅅㅅ 노1무_현 화이팅!,0.6617459654808044,0.120611272752285,0.07862430810928345,0.06169538572430611,0.04194723814725876,0.03537592664361
2024-09-22 21:24:43,아니 근데 7초차이 맞냐,맥라렌 특검하라 ㅅㅂ,14,14.0,아니 근데 7초차이 맞냐 맥라렌 특검하라 ㅅㅂ,아니 근데 7초차이 맞냐 맥라렌 특검하라 ㅅㅂ,0.11115393787622452,0.17952187359333038,0.16835829615592957,0.2826416492462158,0.20333200693130493,0.054992303252220154
2024-09-22 21:24:44,쥬지 이스 페스터 덴유,겟더 뻑업,14,14.0,쥬지 이스 페스터 덴유 겟더 뻑업,쥬지 이스 페스터 덴유 겟더 뻑업,0.6279897093772888,0.1315077394247055,0.10932690650224686,0.06735638529062271,0.037121884524822235,0.026697440072894096
2024-09-22 21:24:45,내가 이래도 노리스 내려칠 몽골견이면 개추 ㅋㅋㅋㅋㅋ,,14,14.0,내가 이래도 노리스 내려칠 몽골견이면 개추 ㅋㅋㅋㅋㅋ ,내가 이래도 노리스 내려칠 몽골견이면 개추 ㅋㅋㅋㅋㅋ,0.3340091109275818,0.2147604078054428,0.1773572713136673,0.11512115597724915,0.06366704404354095,0.09508500248193741
2024-09-22 21:24:46,이건 백마커 하던놈이 미쳐가지고 노리스 들이받는거아니고선,어지간하면 우승하겠노,14,14.0,이건 백마커 하던놈이 미쳐가지고 노리스 들이받는거아니고선 어지간하면 우승하겠노,이건 백마커 하던놈이 미쳐가지고 노리스 들이받는거아니고선 어지간하면 우승하겠노,0.08049215376377106,0.23026543855667114,0.2968297302722931,0.17772328853607178,0.08615192025899887,0.12853744626045227
2024-09-22 21:24:48,아 오늘 케로 말 왜케 많냐,아 진짜 말 많네,14,14.0,아 오늘 케로 말 왜케 많냐 아 진짜 말 많네,아 오늘 케로 말 왜케 많냐 아 진짜 말 많네,0.1075260192155838,0.2593036890029907,0.11835778504610062,0.2823233902454376,0.18236953020095825,0.05011967197060585
2024-09-22 21:24:48,그와중에 페레즈 아직도 콜라 못넘어감ㅋㅋ,,14,14.0,그와중에 페레즈 아직도 콜라 못넘어감ㅋㅋ ,그와중에 페레즈 아직도 콜라 못넘어감ㅋㅋ,0.2776208817958832,0.2739611864089966,0.18458805978298187,0.13092957437038422,0.05659651756286621,0.07630377262830734
2024-09-22 21:24:49,멕라렌 차 벨런스가 얼마나 좋은거여 ㅅㅂ,ㄷㄷ,14,14.0,멕라렌 차 벨런스가 얼마나 좋은거여 ㅅㅂ ㄷㄷ,멕라렌 차 벨런스가 얼마나 좋은거여 ㅅㅂ ㄷㄷ,0.1609179526567459,0.190450981259346,0.285839319229126,0.15751345455646515,0.07291677594184875,0.13236156105995178
2024-09-22 21:24:46,콜라 wec라도 보내줘라,아깝다,14,14.0,콜라 wec라도 보내줘라 아깝다,콜라 wec라도 보내줘라 아깝다,0.14827115833759308,0.29716214537620544,0.10763700306415558,0.20715437829494476,0.20721614360809326,0.03255905956029892
2024-09-22 21:24:51,카메라 노리스 잡아주지도 않네 ㅋㅋㅋㅋ,패랩소식만 계속 들려오노,14,14.0,카메라 노리스 잡아주지도 않네 ㅋㅋㅋㅋ 패랩소식만 계속 들려오노,카메라 노리스 잡아주지도 않네 ㅋㅋㅋㅋ 패랩소식만 계속 들려오노,0.09806717187166214,0.33077940344810486,0.123569056391716,0.18892289698123932,0.20131930708885193,0.05734207481145859
2024-09-22 21:24:53,피아제는 클린에어 원툴이네 이정도면,- dc official App,14,14.0,피아제는 클린에어 원툴이네 이정도면 - dc official App,피아제는 클린에어 원툴이네 이정도면 - dc official App,0.20912016928195953,0.25005871057510376,0.28718486428260803,0.09944890439510345,0.06756792217493057,0.08661939948797226
2024-09-22 21:24:53,아아...그립읍니다,주작코너 부활기원,14,14.0,아아...그립읍니다 주작코너 부활기원,아아...그립읍니다 주작코너 부활기원,0.40696752071380615,0.19521108269691467,0.12601591646671295,0.10376277565956116,0.09910356253385544,0.06893913447856903
2024-09-22 21:24:58,ㅁㅏㄱ스는 셒카믿고 천천히달리는듯,좀 많이느리네,14,14.0,ㅁㅏㄱ스는 셒카믿고 천천히달리는듯 좀 많이느리네,ㅁㅏㄱ스는 셒카믿고 천천히달리는듯 좀 많이느리네,0.137345090508461,0.29695093631744385,0.3030756413936615,0.10826298594474792,0.08462822437286377,0.06973712146282196
2024-09-22 21:24:58,족같이 미끄러진다 입갤,지옥,14,14.0,족같이 미끄러진다 입갤 지옥,족같이 미끄러진다 입갤 지옥,0.1281587779521942,0.2255299687385559,0.10675046592950821,0.26686957478523254,0.22351329028606415,0.04917789250612259
2024-09-22 21:24:59,뭐 좀 먹다가 왔는데,"뭐 놓친거있음??얼마나 손해봄 나
- dc official App",14,14.0,"뭐 좀 먹다가 왔는데 뭐 놓친거있음??얼마나 손해봄 나
- dc official App",뭐 좀 먹다가 왔는데 뭐 놓친거있음??얼마나 손해봄 나,0.11567459255456924,0.34147438406944275,0.13990317285060883,0.14875251054763794,0.15934869647026062,0.09484664350748062
2024-09-22 21:25:01,맥라렌 7초씨발ㅋㅋㅋㅋㅋㅋ,,14,14.0,맥라렌 7초씨발ㅋㅋㅋㅋㅋㅋ ,맥라렌 7초씨발ㅋㅋㅋㅋㅋㅋ,0.14887432754039764,0.24634341895580292,0.1591498702764511,0.25823575258255005,0.10524272918701172,0.08215396851301193
2024-09-22 21:25:04,좃가포르 추월 드럽게 안 되네ㅋㅋㅋㅋㅋㅋㅋㅋㅋ,ㅅㅂ 그냥 기차놀이만 무한반복이고,14,14.0,좃가포르 추월 드럽게 안 되네ㅋㅋㅋㅋㅋㅋㅋㅋㅋ ㅅㅂ 그냥 기차놀이만 무한반복이고,좃가포르 추월 드럽게 안 되네ㅋㅋㅋㅋㅋㅋㅋㅋㅋ ㅅㅂ 그냥 기차놀이만 무한반복이고,0.10682814568281174,0.2357226312160492,0.11676400899887085,0.2840670347213745,0.2051612287759781,0.05145693197846413
2024-09-22 21:25:11,차보다 위대한 막스 베르스타펜 왜케 느림?ㅋㅋㅋㅋㅋㅋㅋ,ㅋㅋㅋㅋㅋㅋㅋㅋㅋㅋㅋㅋㅋㅋㅋㅋㅋ,14,14.0,차보다 위대한 막스 베르스타펜 왜케 느림?ㅋㅋㅋㅋㅋㅋㅋ ㅋㅋㅋㅋㅋㅋㅋㅋㅋㅋㅋㅋㅋㅋㅋㅋㅋ,차보다 위대한 막스 베르스타펜 왜케 느림?ㅋㅋㅋㅋㅋㅋㅋ ㅋㅋㅋㅋㅋㅋㅋㅋㅋㅋㅋㅋㅋㅋㅋㅋㅋ,0.12280755490064621,0.32408496737480164,0.24472998082637787,0.1426752209663391,0.08052726835012436,0.08517501503229141
2024-09-22 21:25:17,시발 좆라리새끼들 왜 타이어블랭킷 고장내가지고,맥라렌에 비빌수 있는 유일한팀주제에 뒤에 쳐박히냐,14,14.0,시발 좆라리새끼들 왜 타이어블랭킷 고장내가지고 맥라렌에 비빌수 있는 유일한팀주제에 뒤에 쳐박히냐,시발 좆라리새끼들 왜 타이어블랭킷 고장내가지고 맥라렌에 비빌수 있는 유일한팀주제에 뒤에 쳐박히냐,0.11926491558551788,0.18394258618354797,0.149652898311615,0.329386442899704,0.16700813174247742,0.05074506625533104
2024-09-22 21:25:19,실시간 재평가 해야하는 인물,알론소 우승을 위해 승부주작했다는 오명을 뒤집어 쓰고 영구제명 당할 각오까지 하면서 좆노잼 레이스를 재밌게 만들기 위해 스스로를 희생한 '브버지',14,14.0,실시간 재평가 해야하는 인물 알론소 우승을 위해 승부주작했다는 오명을 뒤집어 쓰고 영구제명 당할 각오까지 하면서 좆노잼 레이스를 재밌게 만들기 위해 스스로를 희생한 '브버지',실시간 재평가 해야하는 인물 알론소 우승을 위해 승부주작했다는 오명을 뒤집어 쓰고 영구제명 당할 각오까지 하면서 좆노잼 레이스를 재밌게 만들기 위해 스스로를 희생한 '브버지',0.1071629449725151,0.20732881128787994,0.21953274309635162,0.18187732994556427,0.1558758169412613,0.12822240591049194
2024-09-22 21:25:20,체코 병신은 추월포기함?,"ㅂㅅ
- dc official App",14,14.0,"체코 병신은 추월포기함? ㅂㅅ
- dc official App",체코 병신은 추월포기함? ㅂㅅ,0.10181573033332825,0.21955545246601105,0.2280450314283371,0.2499283403158188,0.14537782967090607,0.05527761951088905
2024-09-22 21:25:26,체황 콜라 drs 잃었네,,15,15.0,체황 콜라 drs 잃었네 ,체황 콜라 drs 잃었네,0.12478285282850266,0.3441581428050995,0.21060438454151154,0.11393603682518005,0.12866926193237305,0.077849380671978
2024-09-22 21:25:26,진짜 개좆노잼서킷이네,"추월좀하라고
- dc official App",15,15.0,"진짜 개좆노잼서킷이네 추월좀하라고
- dc official App",진짜 개좆노잼서킷이네 추월좀하라고,0.1313621699810028,0.2712978720664978,0.11977480351924896,0.2527914345264435,0.17130139470100403,0.053472332656383514
2024-09-22 21:25:32,막스 저거 타이어 관리하는거 같긴 한데 진짜 뒤지게 벌어지네,어이가 없네,15,15.0,막스 저거 타이어 관리하는거 같긴 한데 진짜 뒤지게 벌어지네 어이가 없네,막스 저거 타이어 관리하는거 같긴 한데 진짜 뒤지게 벌어지네 어이가 없네,0.08858484774827957,0.23610949516296387,0.2381332665681839,0.21656306087970734,0.1279233992099762,0.09268593788146973
2024-09-22 21:25:35,이제 8초 차 ㅋㅋㅋㅋ 와,,15,15.0,이제 8초 차 ㅋㅋㅋㅋ 와 ,이제 8초 차 ㅋㅋㅋㅋ 와,0.44844764471054077,0.18661928176879883,0.20174644887447357,0.07033270597457886,0.03208699822425842,0.06076696142554283
2024-09-22 21:25:35,매랩 1초씩 줄여버리노,- dc official App,15,15.0,매랩 1초씩 줄여버리노 - dc official App,매랩 1초씩 줄여버리노 - dc official App,0.2044716328382492,0.26951929926872253,0.23087674379348755,0.143876314163208,0.062274832278490067,0.08898122608661652
2024-09-22 21:25:38,러셀<<왜 해물탕 못잡음?,머하노,15,15.0,러셀<<왜 해물탕 못잡음? 머하노,러셀<<왜 해물탕 못잡음? 머하노,0.09382270276546478,0.2773488759994507,0.17639794945716858,0.1885550171136856,0.22545506060123444,0.03842032328248024
2024-09-22 21:25:39,5랩까지 보다가 잠깐 뭐 하고 왔는데,노리스 크루징 각임?,15,15.0,5랩까지 보다가 잠깐 뭐 하고 왔는데 노리스 크루징 각임?,5랩까지 보다가 잠깐 뭐 하고 왔는데 노리스 크루징 각임?,0.2395297735929489,0.23347365856170654,0.2986537218093872,0.08918283134698868,0.053507935255765915,0.08565209805965424
2024-09-22 21:25:41,화장실 갔다 왔더니 7초 뭔데 시발,아,15,15.0,화장실 갔다 왔더니 7초 뭔데 시발 아,화장실 갔다 왔더니 7초 뭔데 시발 아,0.13671796023845673,0.2446078360080719,0.10612935572862625,0.27433890104293823,0.19856823980808258,0.03963770717382431
2024-09-22 21:25:41,병신 콜라도 못 따노,,15,15.0,병신 콜라도 못 따노 ,병신 콜라도 못 따노,0.08239030092954636,0.25006037950515747,0.3386896252632141,0.1369706094264984,0.11855926364660263,0.07332978397607803
2024-09-22 21:25:46,알본 스탑타임 2.48,- dc official App,15,15.0,알본 스탑타임 2.48 - dc official App,알본 스탑타임 2.48 - dc official App,0.34630969166755676,0.21981073915958405,0.22741186618804932,0.10735120624303818,0.05758723244071007,0.04152923449873924
2024-09-22 21:25:47,8초 입갤 ㅋㅋㅋㅋㅋ,,15,15.0,8초 입갤 ㅋㅋㅋㅋㅋ ,8초 입갤 ㅋㅋㅋㅋㅋ,0.6599262356758118,0.11817581206560135,0.09281652420759201,0.06285373866558075,0.03565714508295059,0.03057061694562435
2024-09-22 21:25:48,백마커 막자라도 안하는 이상 이벤트가 없겠노 ㅋㅋ,겁나 스무스하네,15,15.0,백마커 막자라도 안하는 이상 이벤트가 없겠노 ㅋㅋ 겁나 스무스하네,백마커 막자라도 안하는 이상 이벤트가 없겠노 ㅋㅋ 겁나 스무스하네,0.10384511947631836,0.29280781745910645,0.2742178738117218,0.14021509885787964,0.07368990033864975,0.11522409319877625
2024-09-22 21:25:50,씨발 도마뱀 등장이 훨 재밌노,"ㅉ
- dc official App",15,15.0,"씨발 도마뱀 등장이 훨 재밌노 ㅉ
- dc official App",씨발 도마뱀 등장이 훨 재밌노 ㅉ,0.14969344437122345,0.27986449003219604,0.12829674780368805,0.238319993019104,0.14577731490135193,0.05804802104830742
2024-09-22 21:25:51,8초 시발아 ㅋㅋㅋ,ㅋㅋ,15,15.0,8초 시발아 ㅋㅋㅋ ㅋㅋ,8초 시발아 ㅋㅋㅋ ㅋㅋ,0.2396896928548813,0.2834726870059967,0.1332165002822876,0.19959165155887604,0.08637049049139023,0.05765894800424576
2024-09-22 21:25:51,시가지는 진심 아이템전 마렵노,,15,15.0,시가지는 진심 아이템전 마렵노 ,시가지는 진심 아이템전 마렵노,0.1360931247472763,0.2620362639427185,0.13328084349632263,0.20996640622615814,0.19690994918346405,0.06171337515115738
2024-09-22 21:25:54,레드불로 윌리엄스를 못 따는 체황은 대체..,대 체 코,15,15.0,레드불로 윌리엄스를 못 따는 체황은 대체.. 대 체 코,레드불로 윌리엄스를 못 따는 체황은 대체.. 대 체 코,0.08385869860649109,0.2565547525882721,0.308476984500885,0.13563542068004608,0.09359516203403473,0.121878981590271
2024-09-22 21:25:55,8초차 입갤 ㅋㅋㅋ,하드가 미듐보다 구리다는데 이러면 언더컷도 안먹히겠노 ㅋㅋㅋ,15,15.0,8초차 입갤 ㅋㅋㅋ 하드가 미듐보다 구리다는데 이러면 언더컷도 안먹히겠노 ㅋㅋㅋ,8초차 입갤 ㅋㅋㅋ 하드가 미듐보다 구리다는데 이러면 언더컷도 안먹히겠노 ㅋㅋㅋ,0.08941928297281265,0.2925596833229065,0.28243565559387207,0.13815215229988098,0.08761366456747055,0.10981956869363785
2024-09-22 21:25:54,그와중에 페레즈랑 콜라랑 1.3초차이 ㅋㅋ,ㅋㅋㅋㅋㅋㅋ,15,15.0,그와중에 페레즈랑 콜라랑 1.3초차이 ㅋㅋ ㅋㅋㅋㅋㅋㅋ,그와중에 페레즈랑 콜라랑 1.3초차이 ㅋㅋ ㅋㅋㅋㅋㅋㅋ,0.3134162127971649,0.2374652475118637,0.2212752401828766,0.11374278366565704,0.0490170381963253,0.06508351117372513
2024-09-22 21:25:57,누리스 거의 뭐 작년 몽골수준으로 달리네 ㅅㅂㅋㅋㅋ,,15,15.0,누리스 거의 뭐 작년 몽골수준으로 달리네 ㅅㅂㅋㅋㅋ ,누리스 거의 뭐 작년 몽골수준으로 달리네 ㅅㅂㅋㅋㅋ,0.10710759460926056,0.23872914910316467,0.1874007284641266,0.23943999409675598,0.13615740835666656,0.09116518497467041
2024-09-22 21:25:58,사인지 쳐내기 잘한 것 같은 바수르면 개추,내가 바수르는 아닌데,15,15.0,사인지 쳐내기 잘한 것 같은 바수르면 개추 내가 바수르는 아닌데,사인지 쳐내기 잘한 것 같은 바수르면 개추 내가 바수르는 아닌데,0.308931827545166,0.2566162049770355,0.17860828340053558,0.11135287582874298,0.07923020422458649,0.06526066362857819
2024-09-22 21:25:59,사인츠 언더컷 ㅋㅋ,,15,15.0,사인츠 언더컷 ㅋㅋ ,사인츠 언더컷 ㅋㅋ,0.6772366762161255,0.11631064862012863,0.08772926777601242,0.061483677476644516,0.03175463527441025,0.025485016405582428
2024-09-22 21:26:04,사인지 언더컷,,15,15.0,사인지 언더컷 ,사인지 언더컷,0.4682604670524597,0.1847948580980301,0.18834994733333588,0.07611672580242157,0.03795750066637993,0.04452047124505043
2024-09-22 21:26:04,♿+ 설거1지 하고와도 그대로일듯,설거1지 하러감 ㅋㅋ,15,15.0,♿+ 설거1지 하고와도 그대로일듯 설거1지 하러감 ㅋㅋ,♿+ 설거1지 하고와도 그대로일듯 설거1지 하러감 ㅋㅋ,0.4516819417476654,0.20570044219493866,0.10814777761697769,0.12417709082365036,0.06348083168268204,0.046811915934085846
2024-09-22 21:26:07,싱가포르 직선 짧은 편인가?,직선 DRS 각이 안보이네,15,15.0,싱가포르 직선 짧은 편인가? 직선 DRS 각이 안보이네,싱가포르 직선 짧은 편인가? 직선 DRS 각이 안보이네,0.11329802125692368,0.2557200789451599,0.323559433221817,0.12561936676502228,0.10679815709590912,0.0750049501657486
2024-09-22 21:26:07,싸인지 버로우 선언 ㅋㅋㅋㅋ,,15,15.0,싸인지 버로우 선언 ㅋㅋㅋㅋ ,싸인지 버로우 선언 ㅋㅋㅋㅋ,0.30216678977012634,0.285554438829422,0.14526674151420593,0.13264262676239014,0.07820801436901093,0.05616145208477974
2024-09-22 21:26:09,까칠까칠오퍼레이터 ㅋㅋㅋ,,15,15.0,까칠까칠오퍼레이터 ㅋㅋㅋ ,까칠까칠오퍼레이터 ㅋㅋㅋ,0.6605370044708252,0.12489151954650879,0.09071528166532516,0.06629088521003723,0.031487300992012024,0.02607794478535652
2024-09-22 21:26:09,페라리 핏스탑 예상 2.7,,15,15.0,페라리 핏스탑 예상 2.7 ,페라리 핏스탑 예상 2.7,0.19823835790157318,0.2507873773574829,0.305336058139801,0.10276322066783905,0.07934039831161499,0.06353455781936646
2024-09-22 21:26:10,싸인지 타깎노 입갤,- dc official App,15,15.0,싸인지 타깎노 입갤 - dc official App,싸인지 타깎노 입갤 - dc official App,0.4302826523780823,0.1951904445886612,0.19919459521770477,0.09188704192638397,0.04766793176531792,0.035777315497398376
2024-09-22 21:26:10,사인지 박스???,"아
- dc official App",15,15.0,"사인지 박스??? 아
- dc official App",사인지 박스??? 아,0.15057380497455597,0.27707505226135254,0.28237470984458923,0.11497271060943604,0.08940381556749344,0.08559989184141159
2024-09-22 21:26:12,물탕이 잘버티노,의왼데,15,15.0,물탕이 잘버티노 의왼데,물탕이 잘버티노 의왼데,0.33523380756378174,0.21465644240379333,0.25025641918182373,0.07477621734142303,0.040592849254608154,0.08448421955108643
2024-09-22 21:26:12,노리스 우승이네 다들 재밌었습니다,,15,15.0,노리스 우승이네 다들 재밌었습니다 ,노리스 우승이네 다들 재밌었습니다,0.6830199360847473,0.13409210741519928,0.05420278385281563,0.05977015942335129,0.0442114993929863,0.024703530594706535
2024-09-22 21:26:13,클린에어가 엄청난 이득인듯,- dc official App,15,15.0,클린에어가 엄청난 이득인듯 - dc official App,클린에어가 엄청난 이득인듯 - dc official App,0.5978462100028992,0.15867634117603302,0.10567102581262589,0.05805564671754837,0.04488329961895943,0.034867528825998306
2024-09-22 21:26:13,쁠랜네이언더컷ㅋㅋㅋ,ㅋㅋㅋㅋ,15,15.0,쁠랜네이언더컷ㅋㅋㅋ ㅋㅋㅋㅋ,쁠랜네이언더컷ㅋㅋㅋ ㅋㅋㅋㅋ,0.6954132318496704,0.10976296663284302,0.07845262438058853,0.06063346192240715,0.032398708164691925,0.02333897538483143
2024-09-22 21:26:15,이거 순위변화 크게없이 레이스 끝나면,피아랑 르끌레 드챔순위도 변동되는거아님 ?,15,15.0,이거 순위변화 크게없이 레이스 끝나면 피아랑 르끌레 드챔순위도 변동되는거아님 ?,이거 순위변화 크게없이 레이스 끝나면 피아랑 르끌레 드챔순위도 변동되는거아님 ?,0.15129560232162476,0.21925806999206543,0.34886395931243896,0.11112060397863388,0.07531600445508957,0.0941457748413086
2024-09-22 21:26:19,체코 이새끼 추월은 고사하고 멀어지고 있네 씹 ㅋㅋㅋ,너무하네 진짜 ㅋㅋㅋㅋ,15,15.0,체코 이새끼 추월은 고사하고 멀어지고 있네 씹 ㅋㅋㅋ 너무하네 진짜 ㅋㅋㅋㅋ,체코 이새끼 추월은 고사하고 멀어지고 있네 씹 ㅋㅋㅋ 너무하네 진짜 ㅋㅋㅋㅋ,0.08461524546146393,0.21375565230846405,0.15102723240852356,0.2903476655483246,0.19242794811725616,0.06782624870538712
2024-09-22 21:26:20,걍 이대로 끝나겠는데?,최소 포디움은 안변할듯,15,15.0,걍 이대로 끝나겠는데? 최소 포디움은 안변할듯,걍 이대로 끝나겠는데? 최소 포디움은 안변할듯,0.08128995448350906,0.30561068654060364,0.2552475333213806,0.11455868184566498,0.1574513167142868,0.0858418270945549
2024-09-22 21:26:23,2.6,"준수하다
- dc official App",15,15.0,"2.6 준수하다
- dc official App",2.6 준수하다,0.571494460105896,0.17253243923187256,0.10075986385345459,0.060545146465301514,0.054355867207050323,0.04031220078468323
2024-09-22 21:26:26,2.6 낫뱃,,15,15.0,2.6 낫뱃 ,2.6 낫뱃,0.35030436515808105,0.22867290675640106,0.21020641922950745,0.10566560924053192,0.055944573134183884,0.04920606687664986
2024-09-22 21:26:28,이번시즌 맥라렌 차성능 + 클린에어 <<< 그냥 자연재해임,ㄹㅇ ㅋㅋ,15,15.0,이번시즌 맥라렌 차성능 + 클린에어 <<< 그냥 자연재해임 ㄹㅇ ㅋㅋ,이번시즌 맥라렌 차성능 + 클린에어 <<< 그냥 자연재해임 ㄹㅇ ㅋㅋ,0.2809230089187622,0.25931015610694885,0.173944890499115,0.13344500958919525,0.07392492145299911,0.07845194637775421
2024-09-22 21:26:30,몽골이 스마일 드라이빙중이냐?,"ㅋㅋㅋㅋㅋㅋㅋㅋㅋㅋㅋㅋㅋㅋㅋㅋㅋㅋㅋㅋㅋㅋㅋㅋ
ㅋㅋㅋㅋㅋㅋㅋㅋㅋㅋㅋ",15,15.0,"몽골이 스마일 드라이빙중이냐? ㅋㅋㅋㅋㅋㅋㅋㅋㅋㅋㅋㅋㅋㅋㅋㅋㅋㅋㅋㅋㅋㅋㅋㅋ
ㅋㅋㅋㅋㅋㅋㅋㅋㅋㅋㅋ",몽골이 스마일 드라이빙중이냐? ㅋㅋㅋㅋㅋㅋㅋㅋㅋㅋㅋㅋㅋㅋㅋㅋㅋㅋㅋㅋㅋㅋㅋㅋ ㅋㅋㅋㅋㅋㅋㅋㅋㅋㅋㅋ,0.5159394145011902,0.18526528775691986,0.13499240577220917,0.08748821914196014,0.039175014942884445,0.037139613181352615
2024-09-22 21:26:31,전략의 사인지 돌발행동ㅋㅋㅋ,"ㅋㅋㅋ
- dc official App",15,15.0,"전략의 사인지 돌발행동ㅋㅋㅋ ㅋㅋㅋ
- dc official App",전략의 사인지 돌발행동ㅋㅋㅋ ㅋㅋㅋ,0.32805776596069336,0.25394177436828613,0.21787312626838684,0.09989340603351593,0.04609658569097519,0.05413730442523956
2024-09-22 21:26:32,하드 별로랬는데??????,왜 벌써 바꿈?,15,15.0,하드 별로랬는데?????? 왜 벌써 바꿈?,하드 별로랬는데?????? 왜 벌써 바꿈?,0.10759390145540237,0.2623980641365051,0.3103325366973877,0.13706636428833008,0.0945330411195755,0.08807606250047684
2024-09-22 21:26:35,이게 플렌 A라고?,엄,15,15.0,이게 플렌 A라고? 엄,이게 플렌 A라고? 엄,0.11126328259706497,0.2391815334558487,0.30850911140441895,0.14449650049209595,0.08637283742427826,0.1101767048239708
2024-09-22 21:26:38,막스 왜 차의 한계를 넘는 주행 못함?,허,15,15.0,막스 왜 차의 한계를 넘는 주행 못함? 허,막스 왜 차의 한계를 넘는 주행 못함? 허,0.07477457821369171,0.31022909283638,0.2718427777290344,0.1350116729736328,0.11174795776605606,0.09639390558004379
2024-09-22 21:26:38,빨랑 아무나 갖다박아!!!!!!!!!!!!,F1 망한다 씨발 ㅋㅋㅋㅋㅋㅋㅋㅋㅋㅋㅋ,15,15.0,빨랑 아무나 갖다박아!!!!!!!!!!!! F1 망한다 씨발 ㅋㅋㅋㅋㅋㅋㅋㅋㅋㅋㅋ,빨랑 아무나 갖다박아!!!!!!!!!!!! F1 망한다 씨발 ㅋㅋㅋㅋㅋㅋㅋㅋㅋㅋㅋ,0.21788863837718964,0.21932770311832428,0.13050304353237152,0.24497541785240173,0.11495315283536911,0.07235204428434372
2024-09-22 21:26:40,그냥 무난하네,- dc official App,15,15.0,그냥 무난하네 - dc official App,그냥 무난하네 - dc official App,0.4539659917354584,0.2148602455854416,0.1331714242696762,0.0897233784198761,0.0710650235414505,0.03721390292048454
2024-09-22 21:26:47,양호하노,근데 타이밍 이거 맞냐,15,15.0,양호하노 근데 타이밍 이거 맞냐,양호하노 근데 타이밍 이거 맞냐,0.12245359271764755,0.3082944452762604,0.2619079351425171,0.11029289662837982,0.0986398309469223,0.09841124713420868
2024-09-22 21:26:48,시발 랩당 거의1초는 너무한데,- dc official App,15,15.0,시발 랩당 거의1초는 너무한데 - dc official App,시발 랩당 거의1초는 너무한데 - dc official App,0.12067334353923798,0.23831632733345032,0.12219937890768051,0.2922053337097168,0.17320114374160767,0.053404562175273895
2024-09-22 21:26:49,노리스: 언더컷 하실?,"""확인""
- dc official App",15,15.0,"노리스: 언더컷 하실? ""확인""
- dc official App","노리스: 언더컷 하실? ""확인""",0.3561835289001465,0.21143437922000885,0.2356017678976059,0.08558562397956848,0.05243530124425888,0.05875950679183006
2024-09-22 21:26:54,25 윌리엄스 듀오 쇼런 ㅋㅋㅋㅋㅋㅋㅋㅋㅋ,아,15,15.0,25 윌리엄스 듀오 쇼런 ㅋㅋㅋㅋㅋㅋㅋㅋㅋ 아,25 윌리엄스 듀오 쇼런 ㅋㅋㅋㅋㅋㅋㅋㅋㅋ 아,0.6944782137870789,0.11679288744926453,0.07383262366056442,0.059761665761470795,0.0322612039744854,0.022873401641845703
2024-09-22 21:26:55,???:  Let's have him,"1.5초를 벌어지며
그저 병..",15,15.0,"???:  Let's have him 1.5초를 벌어지며
그저 병..",???: Let's have him 1.5초를 벌어지며 그저 병..,0.07768778502941132,0.28076937794685364,0.17989806830883026,0.19728988409042358,0.17843425273895264,0.08592062443494797
2024-09-22 21:26:56,2 3위도 벌어지는데 1 2위 갭이 ㅅㅂ ㅋㅋ,ㅋㅋ,15,15.0,2 3위도 벌어지는데 1 2위 갭이 ㅅㅂ ㅋㅋ ㅋㅋ,2 3위도 벌어지는데 1 2위 갭이 ㅅㅂ ㅋㅋ ㅋㅋ,0.08876962214708328,0.2584695816040039,0.20065967738628387,0.2124299257993698,0.1474144160747528,0.09225679188966751
2024-09-22 21:26:57,그래도 사인지 알본 앞으로 나왔네,어휴,15,15.0,그래도 사인지 알본 앞으로 나왔네 어휴,그래도 사인지 알본 앞으로 나왔네 어휴,0.0954723134636879,0.3353425860404968,0.1918776035308838,0.15612219274044037,0.12623563408851624,0.09494967013597488
2024-09-22 21:27:11,할거하다가 30분 뒤에 와야겠다,,16,16.0,할거하다가 30분 뒤에 와야겠다 ,할거하다가 30분 뒤에 와야겠다,0.2202497124671936,0.3321678042411804,0.1293800175189972,0.13575299084186554,0.12525290250778198,0.057196564972400665
2024-09-22 21:27:17,사인지 크래시게이트 빌드업이네 ㅋㅋㅋ,타이어 오래 버티다가 백마커찍고 누리스나 몽골 쳐박고 그립을 잃었다...시전 ㅋㅋㅋㅋ,16,16.0,사인지 크래시게이트 빌드업이네 ㅋㅋㅋ 타이어 오래 버티다가 백마커찍고 누리스나 몽골 쳐박고 그립을 잃었다...시전 ㅋㅋㅋㅋ,사인지 크래시게이트 빌드업이네 ㅋㅋㅋ 타이어 오래 버티다가 백마커찍고 누리스나 몽골 쳐박고 그립을 잃었다...시전 ㅋㅋㅋㅋ,0.11364064365625381,0.24936626851558685,0.285231351852417,0.16609865427017212,0.07574161887168884,0.10992144793272018
2024-09-22 21:27:18,하드 별로라매 왜 하드끼고 나오냐,??,16,16.0,하드 별로라매 왜 하드끼고 나오냐 ??,하드 별로라매 왜 하드끼고 나오냐 ??,0.08624869585037231,0.26984795928001404,0.2524973750114441,0.18859907984733582,0.14081867039203644,0.06198824942111969
2024-09-22 21:27:24,랩당 1초가 벌어지노 ㅋㅋㅋㅋ,ㅋㅋ,16,16.0,랩당 1초가 벌어지노 ㅋㅋㅋㅋ ㅋㅋ,랩당 1초가 벌어지노 ㅋㅋㅋㅋ ㅋㅋ,0.4474210739135742,0.19976773858070374,0.18988116085529327,0.07923515886068344,0.03392486274242401,0.049770064651966095
2024-09-22 21:27:24,알본은 오늘 치이기만 하노,ㅠㅠ,16,16.0,알본은 오늘 치이기만 하노 ㅠㅠ,알본은 오늘 치이기만 하노 ㅠㅠ,0.12263905256986618,0.21490807831287384,0.121364064514637,0.20025387406349182,0.28504419326782227,0.0557907298207283
2024-09-22 21:27:25,갭이 계속 늘어나노 ㅋㅋㅋㅋ,ㅋㅋㅋㅋㅋ클린에어 <<< 신이면 개추,16,16.0,갭이 계속 늘어나노 ㅋㅋㅋㅋ ㅋㅋㅋㅋㅋ클린에어 <<< 신이면 개추,갭이 계속 늘어나노 ㅋㅋㅋㅋ ㅋㅋㅋㅋㅋ클린에어 <<< 신이면 개추,0.6918795108795166,0.11760727316141129,0.08015738427639008,0.050959326326847076,0.03071407787501812,0.028682434931397438
2024-09-22 21:27:24,시발 그만빨라도 돼,주황 레드불이네 그냥,16,16.0,시발 그만빨라도 돼 주황 레드불이네 그냥,시발 그만빨라도 돼 주황 레드불이네 그냥,0.10662344098091125,0.21709884703159332,0.11860669404268265,0.2993237376213074,0.21066801249980927,0.04767923429608345
2024-09-22 21:27:25,알본 경기전에 복분자 마심?,"왜 저기있음?
- dc official App",16,16.0,"알본 경기전에 복분자 마심? 왜 저기있음?
- dc official App",알본 경기전에 복분자 마심? 왜 저기있음?,0.11997469514608383,0.22805321216583252,0.3322483003139496,0.14553293585777283,0.07708463817834854,0.0971062034368515
2024-09-22 21:27:31,와 알본이 사인지 언더컷할뻔했네,ㄷ,16,16.0,와 알본이 사인지 언더컷할뻔했네 ㄷ,와 알본이 사인지 언더컷할뻔했네 ㄷ,0.13117149472236633,0.22981031239032745,0.3015296757221222,0.1345391720533371,0.07085791975259781,0.13209138810634613
2024-09-22 21:27:36,사인지 저거 안 긁은 하드 아님??,웜업 안돼서 또 갖다박는거 아니지 제발,16,16.0,사인지 저거 안 긁은 하드 아님?? 웜업 안돼서 또 갖다박는거 아니지 제발,사인지 저거 안 긁은 하드 아님?? 웜업 안돼서 또 갖다박는거 아니지 제발,0.092927947640419,0.22139663994312286,0.3340705633163452,0.13534745573997498,0.11461883038282394,0.10163857042789459
2024-09-22 21:27:39,???: 야 그거 할까?,"지금 니네들도 지루하잖아
올해 딱 한번만 더 하자ㅋㅋ",16,16.0,"???: 야 그거 할까? 지금 니네들도 지루하잖아
올해 딱 한번만 더 하자ㅋㅋ",???: 야 그거 할까? 지금 니네들도 지루하잖아 올해 딱 한번만 더 하자ㅋㅋ,0.30916827917099,0.25315943360328674,0.11845650523900986,0.143218532204628,0.11134093999862671,0.0646563321352005
2024-09-22 21:27:40,리카도 3.56,- dc official App,16,16.0,리카도 3.56 - dc official App,리카도 3.56 - dc official App,0.34075674414634705,0.21814420819282532,0.2332201600074768,0.1112731322646141,0.05708130821585655,0.039524465799331665
2024-09-22 21:27:44,곧 10초 입갤할듯,,16,16.0,곧 10초 입갤할듯 ,곧 10초 입갤할듯,0.3418336808681488,0.24971634149551392,0.2079348862171173,0.08620958030223846,0.049402203410863876,0.06490334123373032
2024-09-22 21:27:44,저거 막스 타이어 아끼는걸까 뭘까?,차이 미친듯이 벌어지네,16,16.0,저거 막스 타이어 아끼는걸까 뭘까? 차이 미친듯이 벌어지네,저거 막스 타이어 아끼는걸까 뭘까? 차이 미친듯이 벌어지네,0.10113333910703659,0.24962854385375977,0.3207962214946747,0.12602126598358154,0.08919034153223038,0.11323029547929764
2024-09-22 21:27:48,제발셒카제발셒카제발셒카제발셒카,제발셒카제발셒카,16,16.0,제발셒카제발셒카제발셒카제발셒카 제발셒카제발셒카,제발셒카제발셒카제발셒카제발셒카 제발셒카제발셒카,0.4911517798900604,0.18780291080474854,0.1277153044939041,0.11070208996534348,0.05054754763841629,0.032080356031656265
2024-09-22 21:27:57,노몽 차이가 개벌어지는데 몽햄차이도 꾸역꾸역 쌓이는중,"쥬지는 눈물
- dc official App",16,16.0,"노몽 차이가 개벌어지는데 몽햄차이도 꾸역꾸역 쌓이는중 쥬지는 눈물
- dc official App",노몽 차이가 개벌어지는데 몽햄차이도 꾸역꾸역 쌓이는중 쥬지는 눈물,0.14965704083442688,0.29279518127441406,0.16562896966934204,0.1356348693370819,0.17391929030418396,0.08236469328403473
2024-09-22 21:28:00,뭐야 랜도 벌써 9초갭이노,가볍게 크루징 우승각이네,16,16.0,뭐야 랜도 벌써 9초갭이노 가볍게 크루징 우승각이네,뭐야 랜도 벌써 9초갭이노 가볍게 크루징 우승각이네,0.2528015971183777,0.20642811059951782,0.3060007095336914,0.09220802038908005,0.03833546116948128,0.10422611981630325
2024-09-22 21:28:07,"???:""너... 뒤로 왔구나?""",넌 앞으로 못간다,16,16.0,"???:""너... 뒤로 왔구나?"" 넌 앞으로 못간다","???:""너... 뒤로 왔구나?"" 넌 앞으로 못간다",0.07463052868843079,0.272108793258667,0.2564007341861725,0.1566706895828247,0.12048344314098358,0.11970584839582443
2024-09-22 21:28:16,노다 플랜 b 했다가 a로 번복 ㅋㅋ,,16,16.0,노다 플랜 b 했다가 a로 번복 ㅋㅋ ,노다 플랜 b 했다가 a로 번복 ㅋㅋ,0.1533057689666748,0.32856225967407227,0.19877737760543823,0.145135760307312,0.09911497682332993,0.07510390132665634
2024-09-22 21:28:18,9초 ㄷㄷ,,16,16.0,9초 ㄷㄷ ,9초 ㄷㄷ,0.16156665980815887,0.20965351164340973,0.33866962790489197,0.12063217163085938,0.056063953787088394,0.11341408640146255
2024-09-22 21:28:20,피아제 갭 줄인다,,16,16.0,피아제 갭 줄인다 ,피아제 갭 줄인다,0.1607067584991455,0.24036751687526703,0.3299885392189026,0.10633964091539383,0.08198093622922897,0.08061659336090088
2024-09-22 21:28:20,10초 ㅋㅋㅋㅋㅋ,ㅋㅋㅋㅋㅋ,16,16.0,10초 ㅋㅋㅋㅋㅋ ㅋㅋㅋㅋㅋ,10초 ㅋㅋㅋㅋㅋ ㅋㅋㅋㅋㅋ,0.5769468545913696,0.1626686304807663,0.1077684760093689,0.08120663464069366,0.039957065135240555,0.031452350318431854
2024-09-22 21:28:25,르끌 우승하면 엪버거,겠냐,16,16.0,르끌 우승하면 엪버거 겠냐,르끌 우승하면 엪버거 겠냐,0.09230862557888031,0.3157326281070709,0.24226127564907074,0.15135936439037323,0.1263004094362259,0.0720377191901207
2024-09-22 21:28:28,레이스가 노잼스멜나니까 뭐 되도안한 장면까지,보여주노,16,16.0,레이스가 노잼스멜나니까 뭐 되도안한 장면까지 보여주노,레이스가 노잼스멜나니까 뭐 되도안한 장면까지 보여주노,0.11435837298631668,0.3095373809337616,0.14536602795124054,0.20433789491653442,0.16662490367889404,0.05977539345622063
2024-09-22 21:28:31,10초 ㅋㅋㅋㅋ,,16,16.0,10초 ㅋㅋㅋㅋ ,10초 ㅋㅋㅋㅋ,0.48737114667892456,0.18641763925552368,0.1449274718761444,0.0915033295750618,0.046700369566679,0.043080054223537445
2024-09-22 21:28:41,러셀 물탕 자리 바꾼거임?,ㅇㅇ?,17,17.0,러셀 물탕 자리 바꾼거임? ㅇㅇ?,러셀 물탕 자리 바꾼거임? ㅇㅇ?,0.2005433589220047,0.230787456035614,0.31847018003463745,0.0971580222249031,0.05975053086876869,0.09329049289226532
2024-09-22 21:28:44,drs를 알론소 르끌만 키고있네 ㅋㅋㅋㅋ,다들 일부로 타이어 관리할려고 안붙나?,17,17.0,drs를 알론소 르끌만 키고있네 ㅋㅋㅋㅋ 다들 일부로 타이어 관리할려고 안붙나?,drs를 알론소 르끌만 키고있네 ㅋㅋㅋㅋ 다들 일부로 타이어 관리할려고 안붙나?,0.10204967856407166,0.24169185757637024,0.26666519045829773,0.20074036717414856,0.10582073032855988,0.08303214609622955
2024-09-22 21:28:46,맥라렌은 약한 서킷이 없네,"작년 rb19도 싱가폴에선 뒤졋는데
- dc official App",17,17.0,"맥라렌은 약한 서킷이 없네 작년 rb19도 싱가폴에선 뒤졋는데
- dc official App",맥라렌은 약한 서킷이 없네 작년 rb19도 싱가폴에선 뒤졋는데,0.10375648736953735,0.2494639903306961,0.3473590314388275,0.1245182529091835,0.0712258443236351,0.1036764457821846
2024-09-22 21:28:49,10초차 입개ㄹㄹㄹㄹㅋㅋㅋㅋㅋㅋㅋ,ㅋㅋㅋㅋㅋㅋㅋㅋㅋㅋㅋㅋㅋㅋㅋㅋㅋㅋㅋㅋㅋㅋㅋㅋㅋㅋㅋㅋㅋ,17,17.0,10초차 입개ㄹㄹㄹㄹㅋㅋㅋㅋㅋㅋㅋ ㅋㅋㅋㅋㅋㅋㅋㅋㅋㅋㅋㅋㅋㅋㅋㅋㅋㅋㅋㅋㅋㅋㅋㅋㅋㅋㅋㅋㅋ,10초차 입개ㄹㄹㄹㄹㅋㅋㅋㅋㅋㅋㅋ ㅋㅋㅋㅋㅋㅋㅋㅋㅋㅋㅋㅋㅋㅋㅋㅋㅋㅋㅋㅋㅋㅋㅋㅋㅋㅋㅋㅋㅋ,0.6634075045585632,0.12848366796970367,0.07831236720085144,0.06770997494459152,0.03582058846950531,0.026265813037753105
2024-09-22 21:28:50,걍 JOAT이면 개추,,17,17.0,걍 JOAT이면 개추 ,걍 JOAT이면 개추,0.5305150151252747,0.17583522200584412,0.13685287535190582,0.06572528928518295,0.03988616168498993,0.05118545889854431
2024-09-22 21:28:52,잠온다 누가 사고좀 내봐,ㅇㅇㅇㅇㅇㅇㅇㅇㅇㅇㅇㅇ,17,17.0,잠온다 누가 사고좀 내봐 ㅇㅇㅇㅇㅇㅇㅇㅇㅇㅇㅇㅇ,잠온다 누가 사고좀 내봐 ㅇㅇㅇㅇㅇㅇㅇㅇㅇㅇㅇㅇ,0.2265591025352478,0.283208966255188,0.1439790576696396,0.1260255128145218,0.14118698239326477,0.07904041558504105
2024-09-22 21:29:03,알본은 왜 따임?,ㅋㅋㅋ,17,17.0,알본은 왜 따임? ㅋㅋㅋ,알본은 왜 따임? ㅋㅋㅋ,0.11941493302583694,0.2656607925891876,0.29445725679397583,0.15180861949920654,0.08520863950252533,0.08344969153404236
2024-09-22 21:29:13,그냥 시가지 <-- 좆노잼임,ㄹㅇ...,17,17.0,그냥 시가지 <-- 좆노잼임 ㄹㅇ...,그냥 시가지 <-- 좆노잼임 ㄹㅇ...,0.11248254776000977,0.30101555585861206,0.17239442467689514,0.1842527687549591,0.16516929864883423,0.0646854043006897
2024-09-22 21:29:14,설마 몽골한테 노리스 격차 안알려주는거 아니지?,밀어 붙이지도 않고 있는데 ㅅㅂ,17,17.0,설마 몽골한테 노리스 격차 안알려주는거 아니지? 밀어 붙이지도 않고 있는데 ㅅㅂ,설마 몽골한테 노리스 격차 안알려주는거 아니지? 밀어 붙이지도 않고 있는데 ㅅㅂ,0.08248940855264664,0.22174488008022308,0.17481954395771027,0.22998817265033722,0.23306792974472046,0.0578901432454586
2024-09-22 21:29:17,10초 입갤 ㅋㅋㅋㅋ,,17,17.0,10초 입갤 ㅋㅋㅋㅋ ,10초 입갤 ㅋㅋㅋㅋ,0.6575964689254761,0.12124549597501755,0.09115982055664062,0.06303083896636963,0.036236803978681564,0.03073049895465374
2024-09-22 21:29:17,맥라렌가서 파파야룰을 지키는 베르스타펜이 보고싶구나..,룰 좆까고 박을듯ㅋㅋㅋㅋㅋㅋㅋㅋㅋ,17,17.0,맥라렌가서 파파야룰을 지키는 베르스타펜이 보고싶구나.. 룰 좆까고 박을듯ㅋㅋㅋㅋㅋㅋㅋㅋㅋ,맥라렌가서 파파야룰을 지키는 베르스타펜이 보고싶구나.. 룰 좆까고 박을듯ㅋㅋㅋㅋㅋㅋㅋㅋㅋ,0.2994689345359802,0.21826057136058807,0.18826328217983246,0.13347625732421875,0.07128717750310898,0.08924374729394913
2024-09-22 21:29:19,알본 느려졌다,"차가 안가는데?
- dc official App",17,17.0,"알본 느려졌다 차가 안가는데?
- dc official App",알본 느려졌다 차가 안가는데?,0.09691202640533447,0.3324556052684784,0.21132555603981018,0.1387465000152588,0.1599828004837036,0.060577575117349625
2024-09-22 21:29:21,사인츠 2.6,- dc official App,17,17.0,사인츠 2.6 - dc official App,사인츠 2.6 - dc official App,0.3559058606624603,0.21749770641326904,0.22135359048843384,0.10934571921825409,0.058980897068977356,0.03691622614860535
2024-09-22 21:29:22,5초 벌리랬더니 10초를 벌리네,머노,17,17.0,5초 벌리랬더니 10초를 벌리네 머노,5초 벌리랬더니 10초를 벌리네 머노,0.08694309741258621,0.29727044701576233,0.21376852691173553,0.18685948848724365,0.13824744522571564,0.07691098749637604
2024-09-22 21:29:24,그냥 싱가포르쳐내라씨발,하..,17,17.0,그냥 싱가포르쳐내라씨발 하..,그냥 싱가포르쳐내라씨발 하..,0.11937146633863449,0.1967347264289856,0.1311357468366623,0.3013318181037903,0.21102848649024963,0.040397729724645615
2024-09-22 21:29:25,세카가자씨발!!!!!,,17,17.0,세카가자씨발!!!!! ,세카가자씨발!!!!!,0.22856354713439941,0.19117873907089233,0.09562483429908752,0.268963098526001,0.1729452908039093,0.04272453114390373
2024-09-22 21:29:26,알본 뭐야,,17,17.0,알본 뭐야 ,알본 뭐야,0.12150174379348755,0.24445262551307678,0.330055832862854,0.13586372137069702,0.08314796537160873,0.08497807383537292
2024-09-22 21:29:28,알본 억까 ㅋㅋ,,17,17.0,알본 억까 ㅋㅋ ,알본 억까 ㅋㅋ,0.10643715411424637,0.22837406396865845,0.2631933093070984,0.2099025398492813,0.0904192328453064,0.10167370736598969
2024-09-22 21:29:29,알본 이슈 ㅠㅠㅠ,,17,17.0,알본 이슈 ㅠㅠㅠ ,알본 이슈 ㅠㅠㅠ,0.10656386613845825,0.2826494872570038,0.1676529496908188,0.15529930591583252,0.20541128516197205,0.08242306113243103
2024-09-22 21:29:29,알본 퍼졌노 ㅋㅋ,,17,17.0,알본 퍼졌노 ㅋㅋ ,알본 퍼졌노 ㅋㅋ,0.19015027582645416,0.22481568157672882,0.2953675389289856,0.12132915109395981,0.04685014858841896,0.12148714810609818
2024-09-22 21:29:29,알본 멸망ㅋㅋㅋㅋㅋ,- dc official App,17,17.0,알본 멸망ㅋㅋㅋㅋㅋ - dc official App,알본 멸망ㅋㅋㅋㅋㅋ - dc official App,0.4416941702365875,0.16968761384487152,0.14033491909503937,0.1439637839794159,0.057043738663196564,0.04727577790617943
2024-09-22 21:29:30,쓰로틀 고장ㅋㅋㅋㅋ,- dc official App,17,17.0,쓰로틀 고장ㅋㅋㅋㅋ - dc official App,쓰로틀 고장ㅋㅋㅋㅋ - dc official App,0.20095263421535492,0.3175000548362732,0.18003015220165253,0.1412540227174759,0.09227069467306137,0.06799248605966568
2024-09-22 21:29:32,알바오 쿠팡의저주 ㄷㄷㄷㄷㄷㄷ,,17,17.0,알바오 쿠팡의저주 ㄷㄷㄷㄷㄷㄷ ,알바오 쿠팡의저주 ㄷㄷㄷㄷㄷㄷ,0.10150660574436188,0.21656376123428345,0.24121960997581482,0.17182302474975586,0.14879436790943146,0.12009260803461075
2024-09-22 21:29:34,쿠팡맨 알본 ㅋㅋ,ㅋㅋㅋ,17,17.0,쿠팡맨 알본 ㅋㅋ ㅋㅋㅋ,쿠팡맨 알본 ㅋㅋ ㅋㅋㅋ,0.724498987197876,0.10819853842258453,0.05827338248491287,0.050606559962034225,0.03493919596076012,0.0234833974391222
2024-09-22 21:29:35,리카도 왜 이래,"꼴찌라니!
- dc official App",17,17.0,"리카도 왜 이래 꼴찌라니!
- dc official App",리카도 왜 이래 꼴찌라니!,0.09119519591331482,0.30761754512786865,0.20553287863731384,0.1381736695766449,0.1695370376110077,0.0879436805844307
2024-09-22 21:29:35,맥라렌 무슨 일이냐,"몽골이랑 거의 10초 차이가 나네???
피아제도 그렇고 누리스도 그렇고 맥라렌은 클린에어 먹으면서 달리면 차 성능 미친거 같다 ㄷㄷ
그 와중에 경은 소프트 타이어 다 조졌네",17,17.0,"맥라렌 무슨 일이냐 몽골이랑 거의 10초 차이가 나네???
피아제도 그렇고 누리스도 그렇고 맥라렌은 클린에어 먹으면서 달리면 차 성능 미친거 같다 ㄷㄷ
그 와중에 경은 소프트 타이어 다 조졌네",맥라렌 무슨 일이냐 몽골이랑 거의 10초 차이가 나네??? 피아제도 그렇고 누리스도 그렇고 맥라렌은 클린에어 먹으면서 달리면 차 성능 미친거 같다 ㄷㄷ 그 와중에 경은 소프트 타이어 다 조졌네,0.11526466906070709,0.2016560584306717,0.31597357988357544,0.15675227344036102,0.07489939033985138,0.13545402884483337
2024-09-22 21:29:35,복분자 이슈 ㅋㅋㅋ,"ㅋㅋ
- dc official App",17,17.0,"복분자 이슈 ㅋㅋㅋ ㅋㅋ
- dc official App",복분자 이슈 ㅋㅋㅋ ㅋㅋ,0.7025083899497986,0.11280390620231628,0.07209888845682144,0.05608932301402092,0.03394628316164017,0.0225532129406929
2024-09-22 21:29:35,물탕아,"길 비켜라
- dc official App",17,17.0,"물탕아 길 비켜라
- dc official App",물탕아 길 비켜라,0.28639456629753113,0.2650027573108673,0.14651574194431305,0.1549224555492401,0.08532107621431351,0.061843354254961014
2024-09-22 21:29:36,알본 리타네 ㅋㅋㅋㅋㅋㅋㅋㅋㅋ,,17,17.0,알본 리타네 ㅋㅋㅋㅋㅋㅋㅋㅋㅋ ,알본 리타네 ㅋㅋㅋㅋㅋㅋㅋㅋㅋ,0.5891004800796509,0.14968523383140564,0.11918101459741592,0.07426565140485764,0.0332353413105011,0.03453228622674942
2024-09-22 21:29:36,알본 시발 쿠팡의 저주ㅋㅋㅋㅋㅋㅋㅋ,,17,17.0,알본 시발 쿠팡의 저주ㅋㅋㅋㅋㅋㅋㅋ ,알본 시발 쿠팡의 저주ㅋㅋㅋㅋㅋㅋㅋ,0.1103687658905983,0.18343327939510345,0.1209220364689827,0.3249720633029938,0.21198710799217224,0.04831668734550476
2024-09-22 21:29:37,셒카각 떴다 ㅋㅋㅋㅋㅋㅋㅋㅋㅋ,캬,17,17.0,셒카각 떴다 ㅋㅋㅋㅋㅋㅋㅋㅋㅋ 캬,셒카각 떴다 ㅋㅋㅋㅋㅋㅋㅋㅋㅋ 캬,0.7098463177680969,0.10941776633262634,0.06410510092973709,0.054970525205135345,0.037704452872276306,0.02395586110651493
2024-09-22 21:29:38,더티에어 어케없애냐. 필요악임?,차 규정 바뀌면 가능?,17,17.0,더티에어 어케없애냐. 필요악임? 차 규정 바뀌면 가능?,더티에어 어케없애냐. 필요악임? 차 규정 바뀌면 가능?,0.10171984881162643,0.23340222239494324,0.30902236700057983,0.12454356998205185,0.11412956565618515,0.11718239635229111
2024-09-22 21:29:38,알본 사망 ㅋㅋ,,17,17.0,알본 사망 ㅋㅋ ,알본 사망 ㅋㅋ,0.18389557301998138,0.28101858496665955,0.20500555634498596,0.1670387089252472,0.07852386683225632,0.08451775461435318
2024-09-22 21:29:38,알본 ㅈ망 ㅋㅋㅋㅋㅋ,,17,17.0,알본 ㅈ망 ㅋㅋㅋㅋㅋ ,알본 ㅈ망 ㅋㅋㅋㅋㅋ,0.11537522822618484,0.2954624891281128,0.1808587908744812,0.20488378405570984,0.1332314908504486,0.07018815726041794
2024-09-22 21:29:39,10초십ㅋㅋ,아무나 빨리쳐박아봐,17,17.0,10초십ㅋㅋ 아무나 빨리쳐박아봐,10초십ㅋㅋ 아무나 빨리쳐박아봐,0.24259920418262482,0.2236938774585724,0.16018998622894287,0.21888796985149384,0.08414333313703537,0.07048572599887848
2024-09-22 21:29:38,알바오 리타인가,,17,17.0,알바오 리타인가 ,알바오 리타인가,0.2236846685409546,0.2322137951850891,0.3141435980796814,0.09896063804626465,0.05713283643126488,0.07386447489261627
2024-09-22 21:29:38,알본 사망 ㅋㅋㅋ,,17,17.0,알본 사망 ㅋㅋㅋ ,알본 사망 ㅋㅋㅋ,0.3247346580028534,0.2544328272342682,0.15641315281391144,0.14101485908031464,0.06382012367248535,0.059584442526102066
2024-09-22 21:29:39,황본 멸망ㅋㅋ,ㅋㅋㅋ,17,17.0,황본 멸망ㅋㅋ ㅋㅋㅋ,황본 멸망ㅋㅋ ㅋㅋㅋ,0.46396440267562866,0.1826070249080658,0.11803120374679565,0.1386559009552002,0.056396111845970154,0.04034530371427536
2024-09-22 21:29:39,뒤질거면 사고내고 뒤져 똠새끼야,"ㅅㅂ
- dc official App",17,17.0,"뒤질거면 사고내고 뒤져 똠새끼야 ㅅㅂ
- dc official App",뒤질거면 사고내고 뒤져 똠새끼야 ㅅㅂ,0.16669359803199768,0.16059458255767822,0.14185845851898193,0.309302419424057,0.17541910707950592,0.04613184928894043
2024-09-22 21:29:40,복분자 사망 ㅋㅋㅋㅋㅋㅋㅋㅋㅋㅋㅋㅋㅋㅋ,아,17,17.0,복분자 사망 ㅋㅋㅋㅋㅋㅋㅋㅋㅋㅋㅋㅋㅋㅋ 아,복분자 사망 ㅋㅋㅋㅋㅋㅋㅋㅋㅋㅋㅋㅋㅋㅋ 아,0.2794654667377472,0.28978362679481506,0.13573281466960907,0.15248069167137146,0.08118057996034622,0.06135683134198189
2024-09-22 21:29:40,차 멈춰라 시발,제발,17,17.0,차 멈춰라 시발 제발,차 멈춰라 시발 제발,0.14612577855587006,0.18064086139202118,0.1177510917186737,0.30981144309043884,0.20443280041217804,0.04123799875378609
2024-09-22 21:29:42,쿠팡의 저주 기가막히네 ㅋㅋㅋㅋㅋㅋㅋㅋㅋㅋㅋㅋㅋㅋㅋㅋㅋㅋㅋㅋㅋㅋ,ㅋㅋㅋㅋㅋㅋㅋㅋㅋㅋㅋㅋㅋ,17,17.0,쿠팡의 저주 기가막히네 ㅋㅋㅋㅋㅋㅋㅋㅋㅋㅋㅋㅋㅋㅋㅋㅋㅋㅋㅋㅋㅋㅋ ㅋㅋㅋㅋㅋㅋㅋㅋㅋㅋㅋㅋㅋ,쿠팡의 저주 기가막히네 ㅋㅋㅋㅋㅋㅋㅋㅋㅋㅋㅋㅋㅋㅋㅋㅋㅋㅋㅋㅋㅋㅋ ㅋㅋㅋㅋㅋㅋㅋㅋㅋㅋㅋㅋㅋ,0.5859021544456482,0.14123035967350006,0.11766989529132843,0.07709547877311707,0.03891097381711006,0.03919118270277977
2024-09-22 21:29:42,메르팬인데 몽골응원중..,노리스보단 그래도 몽골이..,17,17.0,메르팬인데 몽골응원중.. 노리스보단 그래도 몽골이..,메르팬인데 몽골응원중.. 노리스보단 그래도 몽골이..,0.29534420371055603,0.30065399408340454,0.16253219544887543,0.08501654118299484,0.0818706825375557,0.07458233833312988
2024-09-22 21:29:43,쿠플의 저주ㅋㅋㅋㅋ,,17,17.0,쿠플의 저주ㅋㅋㅋㅋ ,쿠플의 저주ㅋㅋㅋㅋ,0.26690155267715454,0.284519761800766,0.12535622715950012,0.15849289298057556,0.10521136224269867,0.05951821058988571
2024-09-22 21:29:45,콜라핀토너무잘한다입갤ㅋㅋㅋㅋㅋㅋㅋ,,17,17.0,콜라핀토너무잘한다입갤ㅋㅋㅋㅋㅋㅋㅋ ,콜라핀토너무잘한다입갤ㅋㅋㅋㅋㅋㅋㅋ,0.7046276330947876,0.11288540810346603,0.06476656347513199,0.05345475673675537,0.03723376244306564,0.027031932026147842
2024-09-22 21:29:48,복분자 일냈다!!,쿠팡 네이놈!!,17,17.0,복분자 일냈다!! 쿠팡 네이놈!!,복분자 일냈다!! 쿠팡 네이놈!!,0.7072494626045227,0.1128292977809906,0.05798385664820671,0.05508686974644661,0.040646377950906754,0.026204153895378113
2024-09-22 21:29:48,체황 콜라 칭찬 ㅋㅋㅋㅋ,,17,17.0,체황 콜라 칭찬 ㅋㅋㅋㅋ ,체황 콜라 칭찬 ㅋㅋㅋㅋ,0.7166496515274048,0.10844622552394867,0.05830507352948189,0.05277271941304207,0.03968803584575653,0.024138236418366432
2024-09-22 21:29:50,알본 욵이,안녕히가십쇼,17,17.0,알본 욵이 안녕히가십쇼,알본 욵이 안녕히가십쇼,0.5353421568870544,0.16900905966758728,0.08950057625770569,0.08353319764137268,0.07943383604288101,0.0431811586022377
2024-09-22 21:29:50,베리굿 ㅋㅋㅋㅋ,- dc official App,17,17.0,베리굿 ㅋㅋㅋㅋ - dc official App,베리굿 ㅋㅋㅋㅋ - dc official App,0.7125785946846008,0.10882237553596497,0.06629548221826553,0.05287698283791542,0.035270508378744125,0.02415602281689644
2024-09-22 21:29:50,병신 ㅋㅋㅋㅋㅋ,ㅋㅋㅋ,17,17.0,병신 ㅋㅋㅋㅋㅋ ㅋㅋㅋ,병신 ㅋㅋㅋㅋㅋ ㅋㅋㅋ,0.6361998319625854,0.14521582424640656,0.09477697312831879,0.06542424857616425,0.031966790556907654,0.026416286826133728
2024-09-22 21:29:50,콜라 잘한다 ㅇㅈㄹ ㅋㅋㅋ,"칭찬은 체평 ㅋㅋㅋ
- dc official App",17,17.0,"콜라 잘한다 ㅇㅈㄹ ㅋㅋㅋ 칭찬은 체평 ㅋㅋㅋ
- dc official App",콜라 잘한다 ㅇㅈㄹ ㅋㅋㅋ 칭찬은 체평 ㅋㅋㅋ,0.6246718168258667,0.15092357993125916,0.08866217732429504,0.07117994129657745,0.035597071051597595,0.028965339064598083
2024-09-22 21:29:50,병신 ㅋㅋㅋㅋ,,17,17.0,병신 ㅋㅋㅋㅋ ,병신 ㅋㅋㅋㅋ,0.6352509260177612,0.14101041853427887,0.10126323252916336,0.06467229872941971,0.029795439913868904,0.028007663786411285
2024-09-22 21:29:50,체황 빠른 인정 ㅋㅋ,- dc official App,17,17.0,체황 빠른 인정 ㅋㅋ - dc official App,체황 빠른 인정 ㅋㅋ - dc official App,0.6801615357398987,0.11980889737606049,0.07894348353147507,0.053347986191511154,0.03851894661784172,0.029219187796115875
2024-09-22 21:29:50,항복선언 씨발 ㅋㅋㅋㅋㅋㅋㅋㅋ,ㅋㅋㅋㅋㅋㅋㅋㅋㅋ,17,17.0,항복선언 씨발 ㅋㅋㅋㅋㅋㅋㅋㅋ ㅋㅋㅋㅋㅋㅋㅋㅋㅋ,항복선언 씨발 ㅋㅋㅋㅋㅋㅋㅋㅋ ㅋㅋㅋㅋㅋㅋㅋㅋㅋ,0.195913165807724,0.26786014437675476,0.13093793392181396,0.23309066891670227,0.09993106871843338,0.07226698100566864
2024-09-22 21:29:51,칭찬은 체황 ㅋㅋㅋㅋ,,17,17.0,칭찬은 체황 ㅋㅋㅋㅋ ,칭찬은 체황 ㅋㅋㅋㅋ,0.6930738687515259,0.11749826371669769,0.06961065530776978,0.055203359574079514,0.03764506056904793,0.026968777179718018
2024-09-22 21:29:51,갑자기 상대 칭찬을 해버리네,ㅋㅋ,17,17.0,갑자기 상대 칭찬을 해버리네 ㅋㅋ,갑자기 상대 칭찬을 해버리네 ㅋㅋ,0.17346176505088806,0.2627125382423401,0.2840939462184906,0.1348121166229248,0.05989741533994675,0.08502224087715149
2024-09-22 21:29:52,병장님이 시트 아직도 지키고 있었으면,셒카 띄워주지 않았을까,17,17.0,병장님이 시트 아직도 지키고 있었으면 셒카 띄워주지 않았을까,병장님이 시트 아직도 지키고 있었으면 셒카 띄워주지 않았을까,0.16909311711788177,0.2528224289417267,0.25554943084716797,0.10764739662408829,0.12674596905708313,0.08814168721437454
2024-09-22 21:29:53,콜라 칭찬ㅋㅋㅋ,ㅋㅋㅋ,17,17.0,콜라 칭찬ㅋㅋㅋ ㅋㅋㅋ,콜라 칭찬ㅋㅋㅋ ㅋㅋㅋ,0.7110941410064697,0.11251970380544662,0.05955089256167412,0.05308391898870468,0.039084915071725845,0.024666471406817436
2024-09-22 21:29:54,콜라 칭찬ㅋㅋㅋㅋ,- dc official App,17,17.0,콜라 칭찬ㅋㅋㅋㅋ - dc official App,콜라 칭찬ㅋㅋㅋㅋ - dc official App,0.7166586518287659,0.10681001842021942,0.06536636501550674,0.05180520564317703,0.03485135734081268,0.024508396163582802
2024-09-22 21:29:55,체코는 시발 칭찬하고 자빠졌노ㅋㅋㅋ,,17,17.0,체코는 시발 칭찬하고 자빠졌노ㅋㅋㅋ ,체코는 시발 칭찬하고 자빠졌노ㅋㅋㅋ,0.12390729784965515,0.24624714255332947,0.15663772821426392,0.2665640711784363,0.13016624748706818,0.07647751271724701
2024-09-22 21:29:56,극찬 ㅋㅋㅋㅋㅋㅋ 나의시트는 그대에게,ㅋㅋㅋㅋㅋㅋㅋㅋㅋ,17,17.0,극찬 ㅋㅋㅋㅋㅋㅋ 나의시트는 그대에게 ㅋㅋㅋㅋㅋㅋㅋㅋㅋ,극찬 ㅋㅋㅋㅋㅋㅋ 나의시트는 그대에게 ㅋㅋㅋㅋㅋㅋㅋㅋㅋ,0.7137349843978882,0.10965047031641006,0.058071982115507126,0.05304556339979172,0.04029931500554085,0.025197675451636314
2024-09-22 21:29:57,기습숭배 ㅋㅋㅋㅋㅋㅋㅋ,ㅋㅋㅋㅋ,17,17.0,기습숭배 ㅋㅋㅋㅋㅋㅋㅋ ㅋㅋㅋㅋ,기습숭배 ㅋㅋㅋㅋㅋㅋㅋ ㅋㅋㅋㅋ,0.45152032375335693,0.21173864603042603,0.15140937268733978,0.10141006857156754,0.04301508516073227,0.04090649634599686
2024-09-22 21:29:54,❗+❗+올해는 확실히 글렀으면 개추❗+❗+,컨챔 따잇 ㅋㅋㅋㅋ,17,17.0,❗+❗+올해는 확실히 글렀으면 개추❗+❗+ 컨챔 따잇 ㅋㅋㅋㅋ,❗+❗+올해는 확실히 글렀으면 개추❗+❗+ 컨챔 따잇 ㅋㅋㅋㅋ,0.5206533670425415,0.16654066741466522,0.07128424197435379,0.12427634000778198,0.07932320982217789,0.03792218118906021
2024-09-22 21:29:58,병신 ㅋㅋ,ㅋㅋ,17,17.0,병신 ㅋㅋ ㅋㅋ,병신 ㅋㅋ ㅋㅋ,0.620776891708374,0.14523430168628693,0.09654852747917175,0.07543870806694031,0.036323435604572296,0.025678157806396484
2024-09-22 21:29:58,남미ㅜ생각은 체황 ㅠㅠㅠ,,17,17.0,남미ㅜ생각은 체황 ㅠㅠㅠ ,남미ㅜ생각은 체황 ㅠㅠㅠ,0.12245247513055801,0.3149977922439575,0.18093770742416382,0.12980496883392334,0.17062631249427795,0.08118075132369995
2024-09-22 21:29:59,뉴비 칭찬은 체황ㅋㅋㅋ,ㅋㅋㅋㅋ,17,17.0,뉴비 칭찬은 체황ㅋㅋㅋ ㅋㅋㅋㅋ,뉴비 칭찬은 체황ㅋㅋㅋ ㅋㅋㅋㅋ,0.6808438897132874,0.1250329166650772,0.0766543596982956,0.05587659776210785,0.03426501154899597,0.027327168732881546
2024-09-22 21:29:59,하 빨리멈춰서 세카띄우라고,"ㅡㅡ
- dc official App",17,17.0,"하 빨리멈춰서 세카띄우라고 ㅡㅡ
- dc official App",하 빨리멈춰서 세카띄우라고 ㅡㅡ,0.15788914263248444,0.24391454458236694,0.09382760524749756,0.2717612683773041,0.19618508219718933,0.03642228618264198
2024-09-22 21:30:00,체황의 인정 ㄷㄷ,오,17,17.0,체황의 인정 ㄷㄷ 오,체황의 인정 ㄷㄷ 오,0.2609027624130249,0.20330440998077393,0.2998718321323395,0.09693100303411484,0.04477270320057869,0.09421730041503906
2024-09-22 21:30:01,좆같이 하네 입갤 ㅋㅋㅋㅋㅋ,아 ㅋㅋㅋㅋ,17,17.0,좆같이 하네 입갤 ㅋㅋㅋㅋㅋ 아 ㅋㅋㅋㅋ,좆같이 하네 입갤 ㅋㅋㅋㅋㅋ 아 ㅋㅋㅋㅋ,0.18992678821086884,0.2940409779548645,0.11998085677623749,0.22230792045593262,0.10733377188444138,0.06640968471765518
2024-09-22 21:30:00,역시 칭찬은 체코 ㅋㅋㅋㅋ,시발련아,17,17.0,역시 칭찬은 체코 ㅋㅋㅋㅋ 시발련아,역시 칭찬은 체코 ㅋㅋㅋㅋ 시발련아,0.2192484438419342,0.2060360461473465,0.1158447191119194,0.27394700050354004,0.12278396636247635,0.06213981285691261
2024-09-22 21:30:01,역시 존중은 체황 ㅋㅋㅋㅋㅋㅋㅋ,ㅋㅋ,17,17.0,역시 존중은 체황 ㅋㅋㅋㅋㅋㅋㅋ ㅋㅋ,역시 존중은 체황 ㅋㅋㅋㅋㅋㅋㅋ ㅋㅋ,0.6940780878067017,0.11441102623939514,0.06774038821458817,0.055565521121025085,0.03834777697920799,0.02985730767250061
2024-09-22 21:30:01,체평ㅋㅋㅋㅋㅋ,ㅋㅋㅋㅋㅋ,17,17.0,체평ㅋㅋㅋㅋㅋ ㅋㅋㅋㅋㅋ,체평ㅋㅋㅋㅋㅋ ㅋㅋㅋㅋㅋ,0.626801073551178,0.14186248183250427,0.09982744604349136,0.07088383287191391,0.034033291041851044,0.02659183368086815
2024-09-22 21:30:01,콜라핀토가 잘해서 못넘어가겠다 ㅅㅂ ㅋㅋㅋ,ㅅㅂㅋㅋㅋ,17,17.0,콜라핀토가 잘해서 못넘어가겠다 ㅅㅂ ㅋㅋㅋ ㅅㅂㅋㅋㅋ,콜라핀토가 잘해서 못넘어가겠다 ㅅㅂ ㅋㅋㅋ ㅅㅂㅋㅋㅋ,0.15822389721870422,0.2947138249874115,0.09774370491504669,0.2345145344734192,0.15438008308410645,0.060423921793699265
2024-09-22 21:30:02,체코ㅈㄴ욱기네,- dc official App,17,17.0,체코ㅈㄴ욱기네 - dc official App,체코ㅈㄴ욱기네 - dc official App,0.5511521100997925,0.16146159172058105,0.1380135864019394,0.08391984552145004,0.034153327345848083,0.03129962086677551
2024-09-22 21:30:02,체-황 ㅋㅋ 그 와중에 콜라 칭찬ㅋㅋ,,17,17.0,체-황 ㅋㅋ 그 와중에 콜라 칭찬ㅋㅋ ,체-황 ㅋㅋ 그 와중에 콜라 칭찬ㅋㅋ,0.7009657025337219,0.11814788728952408,0.06607247143983841,0.05374229699373245,0.03575287014245987,0.025318771600723267
2024-09-22 21:30:02,체코 콜라에게 벽느꼈네,ㅋㅋ,17,17.0,체코 콜라에게 벽느꼈네 ㅋㅋ,체코 콜라에게 벽느꼈네 ㅋㅋ,0.18056777119636536,0.35311296582221985,0.18380628526210785,0.1181534081697464,0.07308415323495865,0.09127543866634369
2024-09-22 21:30:02,체병신 패배 선언 ㅋㅋㅋ,"ㅋㅋㅋ
- dc official App",17,17.0,"체병신 패배 선언 ㅋㅋㅋ ㅋㅋㅋ
- dc official App",체병신 패배 선언 ㅋㅋㅋ ㅋㅋㅋ,0.26011765003204346,0.29881468415260315,0.15739965438842773,0.14888346195220947,0.07504582405090332,0.05973866581916809
2024-09-22 21:30:03,씨발아 레드불타고ㅋㅋㅋㅋㅋㅋㅋㅋ,,17,17.0,씨발아 레드불타고ㅋㅋㅋㅋㅋㅋㅋㅋ ,씨발아 레드불타고ㅋㅋㅋㅋㅋㅋㅋㅋ,0.3266177773475647,0.22512057423591614,0.09925051033496857,0.20866616070270538,0.09359019994735718,0.04675482586026192
2024-09-22 21:30:04,윌리엄스한테 시발ㅋㅋㅋㅋㅋㅋㅋㅋㅋ,ㅋㅋㅋㅋㅋㅋㅋㅋ,17,17.0,윌리엄스한테 시발ㅋㅋㅋㅋㅋㅋㅋㅋㅋ ㅋㅋㅋㅋㅋㅋㅋㅋ,윌리엄스한테 시발ㅋㅋㅋㅋㅋㅋㅋㅋㅋ ㅋㅋㅋㅋㅋㅋㅋㅋ,0.23168537020683289,0.25670716166496277,0.128151074051857,0.22288310527801514,0.09381728619337082,0.06675609201192856
2024-09-22 21:30:03,역시 상대존중은 체황ㅋㅋㅋㅋㅋㅋㅋㅋ,,17,17.0,역시 상대존중은 체황ㅋㅋㅋㅋㅋㅋㅋㅋ ,역시 상대존중은 체황ㅋㅋㅋㅋㅋㅋㅋㅋ,0.5351979732513428,0.1678452342748642,0.12186466157436371,0.07300857454538345,0.04707018658518791,0.055013351142406464
2024-09-22 21:30:04,체황포기선언ㅋㅋㅋ,ㅋㅋㅋㅋ,17,17.0,체황포기선언ㅋㅋㅋ ㅋㅋㅋㅋ,체황포기선언ㅋㅋㅋ ㅋㅋㅋㅋ,0.23420554399490356,0.3129936456680298,0.174082413315773,0.13633334636688232,0.07152668386697769,0.0708584189414978
2024-09-22 21:30:04,너가 못넘어가고 있으면 안되지 ㅋㅋㅋㅋ,,17,17.0,너가 못넘어가고 있으면 안되지 ㅋㅋㅋㅋ ,너가 못넘어가고 있으면 안되지 ㅋㅋㅋㅋ,0.17525069415569305,0.25309956073760986,0.23252594470977783,0.1764921098947525,0.07379180192947388,0.08883988857269287
2024-09-22 21:30:05,콜라 칭찬ㅋㅋㅋㅋㅋㅋㅋ,- dc official App,17,17.0,콜라 칭찬ㅋㅋㅋㅋㅋㅋㅋ - dc official App,콜라 칭찬ㅋㅋㅋㅋㅋㅋㅋ - dc official App,0.7198941707611084,0.10556800663471222,0.06320124119520187,0.052679333835840225,0.035266775637865067,0.023390483111143112
2024-09-22 21:30:06,똠분자 아웃 ㅋㅋ,ㅋㅋ,17,17.0,똠분자 아웃 ㅋㅋ ㅋㅋ,똠분자 아웃 ㅋㅋ ㅋㅋ,0.6121788620948792,0.14448735117912292,0.089197538793087,0.08349199593067169,0.04386448860168457,0.026779837906360626
2024-09-22 21:30:06,후배사랑은 체코 ㅋㅋㅋ,ㅋㅋㅋ,17,17.0,후배사랑은 체코 ㅋㅋㅋ ㅋㅋㅋ,후배사랑은 체코 ㅋㅋㅋ ㅋㅋㅋ,0.7011874318122864,0.11298935860395432,0.06654634326696396,0.05659827962517738,0.03783166781067848,0.02484683319926262
2024-09-22 21:30:07,기습칭찬ㅋㅋㅋ,ㅋㅋ,17,17.0,기습칭찬ㅋㅋㅋ ㅋㅋ,기습칭찬ㅋㅋㅋ ㅋㅋ,0.6933296322822571,0.11848749965429306,0.07459013909101486,0.05338391289114952,0.034373972564935684,0.025834891945123672
2024-09-22 21:30:07,뭐시발 니 계약해지하고 콜라핀토 데려오라는얘기녀,뭔시발 ㅋㅋㅋㅋ,17,17.0,뭐시발 니 계약해지하고 콜라핀토 데려오라는얘기녀 뭔시발 ㅋㅋㅋㅋ,뭐시발 니 계약해지하고 콜라핀토 데려오라는얘기녀 뭔시발 ㅋㅋㅋㅋ,0.10910302400588989,0.2407515048980713,0.14179271459579468,0.29149743914604187,0.16258400678634644,0.05427123233675957
2024-09-22 21:30:07,루키따기 힘드렁 ㅋㅋㅋㅋㅋㅋ,- dc official App,17,17.0,루키따기 힘드렁 ㅋㅋㅋㅋㅋㅋ - dc official App,루키따기 힘드렁 ㅋㅋㅋㅋㅋㅋ - dc official App,0.24844029545783997,0.29704806208610535,0.11416561156511307,0.15091393887996674,0.13243764638900757,0.05699443817138672
2024-09-22 21:30:07,쿠팡맨의 의지는 이어진다,알본 멸망ㅋㅋㅋ,17,17.0,쿠팡맨의 의지는 이어진다 알본 멸망ㅋㅋㅋ,쿠팡맨의 의지는 이어진다 알본 멸망ㅋㅋㅋ,0.5248885750770569,0.13227646052837372,0.11521679908037186,0.09839607775211334,0.06941200792789459,0.059810079634189606
2024-09-22 21:30:11,라틴 카르텔은 체평ㅋㅋㅋㅋㅋ,ㅋㅋ,17,17.0,라틴 카르텔은 체평ㅋㅋㅋㅋㅋ ㅋㅋ,라틴 카르텔은 체평ㅋㅋㅋㅋㅋ ㅋㅋ,0.5767041444778442,0.16007299721240997,0.11851958930492401,0.07746115326881409,0.03586674854159355,0.03137528896331787
2024-09-22 21:30:12,칭찬은 체황 ㅋㅋㅋㅋ,,17,17.0,칭찬은 체황 ㅋㅋㅋㅋ ,칭찬은 체황 ㅋㅋㅋㅋ,0.6930738687515259,0.11749826371669769,0.06961065530776978,0.055203359574079514,0.03764506056904793,0.026968777179718018
2024-09-22 21:30:13,중남미는 형제의 나라 ㅋㅋㅋㅋㅋㅋㅋ,의리의 체황 후배 띄워주기 너라도 살아라 ㅋㅋ,17,17.0,중남미는 형제의 나라 ㅋㅋㅋㅋㅋㅋㅋ 의리의 체황 후배 띄워주기 너라도 살아라 ㅋㅋ,중남미는 형제의 나라 ㅋㅋㅋㅋㅋㅋㅋ 의리의 체황 후배 띄워주기 너라도 살아라 ㅋㅋ,0.6317797303199768,0.1359196901321411,0.0770142525434494,0.06679736822843552,0.04638749361038208,0.042101480066776276
2024-09-22 21:30:13,ㅋㅋㅋㅋㅋㅋㅋㅋㅋㅋㅋㅋ존나 웃기노,ㅋㅋ,17,17.0,ㅋㅋㅋㅋㅋㅋㅋㅋㅋㅋㅋㅋ존나 웃기노 ㅋㅋ,ㅋㅋㅋㅋㅋㅋㅋㅋㅋㅋㅋㅋ존나 웃기노 ㅋㅋ,0.6173537969589233,0.1484466791152954,0.09774789959192276,0.07182388752698898,0.037785161286592484,0.026842596009373665
2024-09-22 21:30:14,"오피셜 ""개병신""",ㅋㅋㅋㅋㅋㅋㅋㅋㅋㅋㅋㅋㅋ,17,17.0,"오피셜 ""개병신"" ㅋㅋㅋㅋㅋㅋㅋㅋㅋㅋㅋㅋㅋ","오피셜 ""개병신"" ㅋㅋㅋㅋㅋㅋㅋㅋㅋㅋㅋㅋㅋ",0.11759167164564133,0.2373329997062683,0.23342987895011902,0.21288970112800598,0.10001683980226517,0.09873885661363602
2024-09-22 21:30:15,후배 사랑은 체평ㅋㅋㅋ,- dc official App,17,17.0,후배 사랑은 체평ㅋㅋㅋ - dc official App,후배 사랑은 체평ㅋㅋㅋ - dc official App,0.695134162902832,0.10989433526992798,0.07786176353693008,0.05611925199627876,0.035236556082963943,0.025753997266292572
2024-09-22 21:30:16,약간 음해) 체코 : 콜라핀토는 나와 같거나 그 이상,,17,17.0,약간 음해) 체코 : 콜라핀토는 나와 같거나 그 이상 ,약간 음해) 체코 : 콜라핀토는 나와 같거나 그 이상,0.20687678456306458,0.2802583873271942,0.27080684900283813,0.099610336124897,0.07481575012207031,0.06763192266225815
2024-09-22 21:30:15,체코야 니가 인정하면 뭐가 되냐,,17,17.0,체코야 니가 인정하면 뭐가 되냐 ,체코야 니가 인정하면 뭐가 되냐,0.07622995227575302,0.22961066663265228,0.30498331785202026,0.16262149810791016,0.12789617478847504,0.09865839779376984
2024-09-22 21:30:17,콜라핀토 샤라웃 ㅋㅋㅌ,타코놈 정많노 ㅋㅋ,17,17.0,콜라핀토 샤라웃 ㅋㅋㅌ 타코놈 정많노 ㅋㅋ,콜라핀토 샤라웃 ㅋㅋㅌ 타코놈 정많노 ㅋㅋ,0.6487531661987305,0.13122089207172394,0.09021509438753128,0.0595945306122303,0.03603572025895119,0.034180618822574615
2024-09-22 21:30:17,복종의자세 입갤 ㅋㅋㅋ,아오,17,17.0,복종의자세 입갤 ㅋㅋㅋ 아오,복종의자세 입갤 ㅋㅋㅋ 아오,0.21816998720169067,0.2845911383628845,0.13608910143375397,0.19706407189369202,0.08904843777418137,0.07503733038902283
2024-09-22 21:30:18,후배 사랑은 체평ㅋㅋㅋㄲ,- dc official App,18,18.0,후배 사랑은 체평ㅋㅋㅋㄲ - dc official App,후배 사랑은 체평ㅋㅋㅋㄲ - dc official App,0.700434148311615,0.1078564003109932,0.07468930631875992,0.056653980165719986,0.03498519957065582,0.025380978360772133
2024-09-22 21:30:19,남미 파이 챙겨주는건 역시 체황 ㅋㅋㅋ,,18,18.0,남미 파이 챙겨주는건 역시 체황 ㅋㅋㅋ ,남미 파이 챙겨주는건 역시 체황 ㅋㅋㅋ,0.6752086281776428,0.12444664537906647,0.07317722588777542,0.05503492057323456,0.041110407561063766,0.031022146344184875
2024-09-22 21:30:19,빠른 인정은 체황 ㅋㅋ,ㅄ,18,18.0,빠른 인정은 체황 ㅋㅋ ㅄ,빠른 인정은 체황 ㅋㅋ ㅄ,0.13910755515098572,0.24313193559646606,0.22959458827972412,0.21174022555351257,0.10320547968149185,0.07322027534246445
2024-09-22 21:30:20,애마는 시발 팬 고문시키냐?,Drs존 따박따박 들어가면서 추월못하는거 괘씸하네 시발,18,18.0,애마는 시발 팬 고문시키냐? Drs존 따박따박 들어가면서 추월못하는거 괘씸하네 시발,애마는 시발 팬 고문시키냐? Drs존 따박따박 들어가면서 추월못하는거 괘씸하네 시발,0.1544189453125,0.20739981532096863,0.11347541958093643,0.30652639269828796,0.17503923177719116,0.04314017668366432
2024-09-22 21:30:21,같은 남미 사랑ㅋㅋㅋㅋㅋㅋㅋ,,18,18.0,같은 남미 사랑ㅋㅋㅋㅋㅋㅋㅋ ,같은 남미 사랑ㅋㅋㅋㅋㅋㅋㅋ,0.6503137946128845,0.1347835659980774,0.09234803169965744,0.058791838586330414,0.03224923834204674,0.031513512134552
2024-09-22 21:30:21,쿠팡맨 리타이어 ㅋㅋㅋㅋ,ㅋㅋㅋㅋ,18,18.0,쿠팡맨 리타이어 ㅋㅋㅋㅋ ㅋㅋㅋㅋ,쿠팡맨 리타이어 ㅋㅋㅋㅋ ㅋㅋㅋㅋ,0.6417710781097412,0.13987982273101807,0.08271227777004242,0.07031577825546265,0.038054876029491425,0.027266234159469604
2024-09-22 21:30:22,체코: 내년에 내 시트 콜라핀토에게 주겠다,다소 의역,18,18.0,체코: 내년에 내 시트 콜라핀토에게 주겠다 다소 의역,체코: 내년에 내 시트 콜라핀토에게 주겠다 다소 의역,0.39417126774787903,0.2477140575647354,0.15114371478557587,0.09142088145017624,0.07118450105190277,0.04436564818024635
2024-09-22 21:30:25,체황) 콜라 레드불에 태워라 진짜다 ㄷㄷㄷㄷㄷㄷㄷ,역시 인자함 goat,18,18.0,체황) 콜라 레드불에 태워라 진짜다 ㄷㄷㄷㄷㄷㄷㄷ 역시 인자함 goat,체황) 콜라 레드불에 태워라 진짜다 ㄷㄷㄷㄷㄷㄷㄷ 역시 인자함 goat,0.35014256834983826,0.18295638263225555,0.2357911467552185,0.08752848207950592,0.04058891162276268,0.10299249738454819
2024-09-22 21:30:28,남미향우회 ㅋㅋㅋㅋㅋㅋㅋㅋㅋㅋ,ㅋㅋㅋㅋㅋㅋㅋㅋ,18,18.0,남미향우회 ㅋㅋㅋㅋㅋㅋㅋㅋㅋㅋ ㅋㅋㅋㅋㅋㅋㅋㅋ,남미향우회 ㅋㅋㅋㅋㅋㅋㅋㅋㅋㅋ ㅋㅋㅋㅋㅋㅋㅋㅋ,0.5769311785697937,0.160379096865654,0.11172692477703094,0.08395974338054657,0.03636806830763817,0.03063490241765976
2024-09-22 21:30:29,체황 콜라 샤라웃 ㅋㅋㅋ,ㅋㅋㅋ,18,18.0,체황 콜라 샤라웃 ㅋㅋㅋ ㅋㅋㅋ,체황 콜라 샤라웃 ㅋㅋㅋ ㅋㅋㅋ,0.7132168412208557,0.10697311162948608,0.06712615489959717,0.0548185259103775,0.03405966982245445,0.02380576729774475
2024-09-22 21:30:33,콜라핀토 같은 남미사람이라고 챙겨주는거봐 ㅋㅋㅋㅋ,역시 대 체 코,18,18.0,콜라핀토 같은 남미사람이라고 챙겨주는거봐 ㅋㅋㅋㅋ 역시 대 체 코,콜라핀토 같은 남미사람이라고 챙겨주는거봐 ㅋㅋㅋㅋ 역시 대 체 코,0.4677126705646515,0.17995522916316986,0.1685388684272766,0.07741425186395645,0.038023870438337326,0.06835508346557617
2024-09-22 21:30:36,노리스가 첫랩에 안따인순간 망했다,노리스가 첫 랩에 안따인 순간 노잼 당첨이다,18,18.0,노리스가 첫랩에 안따인순간 망했다 노리스가 첫 랩에 안따인 순간 노잼 당첨이다,노리스가 첫랩에 안따인순간 망했다 노리스가 첫 랩에 안따인 순간 노잼 당첨이다,0.12102247029542923,0.3286413252353668,0.17410634458065033,0.14775459468364716,0.16286718845367432,0.06560806930065155
2024-09-22 21:30:37,우우페붕이 늙어떠 ㅜㅜ,,18,18.0,우우페붕이 늙어떠 ㅜㅜ ,우우페붕이 늙어떠 ㅜㅜ,0.17189976572990417,0.29165369272232056,0.17061346769332886,0.12949934601783752,0.15883663296699524,0.07749710232019424
2024-09-22 21:30:42,윌리엄스 이제 3경기 뛴 루키 못따는중,ㅅㅂ,18,18.0,윌리엄스 이제 3경기 뛴 루키 못따는중 ㅅㅂ,윌리엄스 이제 3경기 뛴 루키 못따는중 ㅅㅂ,0.10299021005630493,0.21476037800312042,0.13433043658733368,0.24342726171016693,0.2540809214115143,0.05041075870394707
2024-09-22 21:30:45,rb19 시즌2 ㅋㅋ,ㅋㅋ,18,18.0,rb19 시즌2 ㅋㅋ ㅋㅋ,rb19 시즌2 ㅋㅋ ㅋㅋ,0.6837809681892395,0.11592792719602585,0.08209885656833649,0.06129685044288635,0.03336590901017189,0.02352946065366268
2024-09-22 21:30:47,아오 훌켄땜시 상위권이랑 거리는 벌어지는데 추월은 못하고 ㅍㄹㄹ ㅈ망,,18,18.0,아오 훌켄땜시 상위권이랑 거리는 벌어지는데 추월은 못하고 ㅍㄹㄹ ㅈ망 ,아오 훌켄땜시 상위권이랑 거리는 벌어지는데 추월은 못하고 ㅍㄹㄹ ㅈ망,0.0978785902261734,0.2549664080142975,0.11906225979328156,0.2170914113521576,0.2551921308040619,0.055809151381254196
2024-09-22 21:30:47,알본 리타야?,"현장에서 엔진소리 진짜 좆박았길래
저런 쯧쯧",18,18.0,"알본 리타야? 현장에서 엔진소리 진짜 좆박았길래
저런 쯧쯧",알본 리타야? 현장에서 엔진소리 진짜 좆박았길래 저런 쯧쯧,0.08763981610536575,0.20502543449401855,0.3067244589328766,0.17630907893180847,0.12001298367977142,0.10428821295499802
2024-09-22 21:30:48,칭찬은 체평ㅋㅋㅋㅋㅋㅋㅋ,,18,18.0,칭찬은 체평ㅋㅋㅋㅋㅋㅋㅋ ,칭찬은 체평ㅋㅋㅋㅋㅋㅋㅋ,0.6705184578895569,0.12651923298835754,0.08144286274909973,0.06150403246283531,0.033939603716135025,0.026075735688209534
2024-09-22 21:30:51,복분자맨 리타 ㅋㅋㅋㅋ,ㅋㅋㅋㅋㅋㅋㅋㅋㅋㅋㅋㅋ,18,18.0,복분자맨 리타 ㅋㅋㅋㅋ ㅋㅋㅋㅋㅋㅋㅋㅋㅋㅋㅋㅋ,복분자맨 리타 ㅋㅋㅋㅋ ㅋㅋㅋㅋㅋㅋㅋㅋㅋㅋㅋㅋ,0.6944310069084167,0.11431260406970978,0.0721699595451355,0.0618685819208622,0.03378654643893242,0.023431293666362762
2024-09-22 21:30:51,그저 체평 ㅋㅋ,- dc official App,18,18.0,그저 체평 ㅋㅋ - dc official App,그저 체평 ㅋㅋ - dc official App,0.585110604763031,0.15799860656261444,0.10790438205003738,0.08028514683246613,0.04032633826136589,0.02837497554719448
2024-09-22 21:30:52,노리스도 이러니저러니해도 잘타긴해,"이번서킷이 오프닝랩 선두 유지가 쉽다곤 하지만 그래도 이번을 계기로 각성할수도 있고
피아제가 최근 페이스가 개사기였어서그렇지 노리스도 클린에어에서 달리는건 존나게 잘하는거같긴함
당장에 전 레이스들도 페랩은 꾸준히 가져오는거보면 ..",18,18.0,"노리스도 이러니저러니해도 잘타긴해 이번서킷이 오프닝랩 선두 유지가 쉽다곤 하지만 그래도 이번을 계기로 각성할수도 있고
피아제가 최근 페이스가 개사기였어서그렇지 노리스도 클린에어에서 달리는건 존나게 잘하는거같긴함
당장에 전 레이스들도 페랩은 꾸준히 가져오는거보면 ..",노리스도 이러니저러니해도 잘타긴해 이번서킷이 오프닝랩 선두 유지가 쉽다곤 하지만 그래도 이번을 계기로 각성할수도 있고 피아제가 최근 페이스가 개사기였어서그렇지 노리스도 클린에어에서 달리는건 존나게 잘하는거같긴함 당장에 전 레이스들도 페랩은 꾸준히 가져오는거보면 ..,0.32352060079574585,0.23237594962120056,0.17988930642604828,0.0874478816986084,0.08711545914411545,0.08965083956718445
2024-09-22 21:30:53,복분자맨 리타각 떴다 ㅋㅋㅋㅋ,- dc official App,18,18.0,복분자맨 리타각 떴다 ㅋㅋㅋㅋ - dc official App,복분자맨 리타각 떴다 ㅋㅋㅋㅋ - dc official App,0.7003584504127502,0.10643583536148071,0.07698339223861694,0.05712008848786354,0.032709281891584396,0.026392953470349312
2024-09-22 21:30:56,페레즈 자르고 콜라영입 ㄱㄱ,지입으로 잘한다자너,18,18.0,페레즈 자르고 콜라영입 ㄱㄱ 지입으로 잘한다자너,페레즈 자르고 콜라영입 ㄱㄱ 지입으로 잘한다자너,0.1696040779352188,0.21511468291282654,0.2871037721633911,0.1282254159450531,0.11384593695402145,0.08610610663890839
2024-09-22 21:30:56,근데 저 ai 정확도 높은겨냐,그래도 f1인데 좀 비싼거 쓰나,18,18.0,근데 저 ai 정확도 높은겨냐 그래도 f1인데 좀 비싼거 쓰나,근데 저 ai 정확도 높은겨냐 그래도 f1인데 좀 비싼거 쓰나,0.11652002483606339,0.226268008351326,0.353426456451416,0.11932093650102615,0.09127888083457947,0.09318576008081436
2024-09-22 21:30:59,똠본 트랙에 차 세웠어야지ㅉㅉ,,18,18.0,똠본 트랙에 차 세웠어야지ㅉㅉ ,똠본 트랙에 차 세웠어야지ㅉㅉ,0.10110309720039368,0.2804029583930969,0.25271520018577576,0.16256265342235565,0.1341102570295334,0.0691058337688446
2024-09-22 21:30:59,알본 리타?,?,18,18.0,알본 리타? ?,알본 리타? ?,0.22320598363876343,0.22221149504184723,0.32005637884140015,0.09953408688306808,0.0541471391916275,0.0808449238538742
2024-09-22 21:31:01,알본 리타이어 시발 ㅋㅋㅋㅋㅋㅋㅋㅋㅋㅋㅋ,ㅋㅋㅋㅋ,18,18.0,알본 리타이어 시발 ㅋㅋㅋㅋㅋㅋㅋㅋㅋㅋㅋ ㅋㅋㅋㅋ,알본 리타이어 시발 ㅋㅋㅋㅋㅋㅋㅋㅋㅋㅋㅋ ㅋㅋㅋㅋ,0.12693016231060028,0.2497282773256302,0.14108926057815552,0.2727107107639313,0.13337330520153046,0.07616829872131348
2024-09-22 21:31:03,알본 ㅇㄷ감,- dc official App,18,18.0,알본 ㅇㄷ감 - dc official App,알본 ㅇㄷ감 - dc official App,0.395715594291687,0.20042820274829865,0.22081829607486725,0.09357935935258865,0.046126484870910645,0.043332017958164215
2024-09-22 21:31:03,보타스 마이크 작살남?,"팀라디오 아예 없노
- dc official App",18,18.0,"보타스 마이크 작살남? 팀라디오 아예 없노
- dc official App",보타스 마이크 작살남? 팀라디오 아예 없노,0.09173399955034256,0.2774251699447632,0.2868921160697937,0.14673538506031036,0.1287328004837036,0.06848057359457016
2024-09-22 21:31:03,싱가포르는 비 안오냐,이게 기차도 아니고,18,18.0,싱가포르는 비 안오냐 이게 기차도 아니고,싱가포르는 비 안오냐 이게 기차도 아니고,0.0929810106754303,0.3013916313648224,0.1442127376794815,0.21213002502918243,0.1976255178451538,0.05165909230709076
2024-09-22 21:31:04,트랙에서퍼지지 아,,18,18.0,트랙에서퍼지지 아 ,트랙에서퍼지지 아,0.11281517148017883,0.32197797298431396,0.17587074637413025,0.16539451479911804,0.16442003846168518,0.05952156335115433
2024-09-22 21:31:05,알바오 가지마 ㅠㅜㅜㅜㅠㅜㅜㅠㅜㅠㅠ,,18,18.0,알바오 가지마 ㅠㅜㅜㅜㅠㅜㅜㅠㅜㅠㅠ ,알바오 가지마 ㅠㅜㅜㅜㅠㅜㅜㅠㅜㅠㅠ,0.1328897625207901,0.2789616286754608,0.1557491272687912,0.14465555548667908,0.20711737871170044,0.08062655478715897
2024-09-22 21:31:05,복분자 리타 ㅋㅋㅋㅋ,,18,18.0,복분자 리타 ㅋㅋㅋㅋ ,복분자 리타 ㅋㅋㅋㅋ,0.7051294445991516,0.10626444220542908,0.06955920904874802,0.05968752130866051,0.034891027957201004,0.024468323215842247
2024-09-22 21:31:05,아 알바오...,"리타이어..
- dc official App",18,18.0,"아 알바오... 리타이어..
- dc official App",아 알바오... 리타이어..,0.10539387166500092,0.3171417713165283,0.17744450271129608,0.14172735810279846,0.18314959108829498,0.07514278590679169
2024-09-22 21:31:06,쿠팡 이즈 사이언스 ㅋㅋㅋㅋㅋㅋㅋㅋㅋㅋㅋ,ㅋㅋㅋㅋㅋㅋㅋㅋㅋ,18,18.0,쿠팡 이즈 사이언스 ㅋㅋㅋㅋㅋㅋㅋㅋㅋㅋㅋ ㅋㅋㅋㅋㅋㅋㅋㅋㅋ,쿠팡 이즈 사이언스 ㅋㅋㅋㅋㅋㅋㅋㅋㅋㅋㅋ ㅋㅋㅋㅋㅋㅋㅋㅋㅋ,0.6926561594009399,0.11499638110399246,0.06717445701360703,0.0595426931977272,0.0404113344848156,0.02521897666156292
2024-09-22 21:31:06,플랜비 복분자 ㅋㅋㅋㅋ,- dc official App,18,18.0,플랜비 복분자 ㅋㅋㅋㅋ - dc official App,플랜비 복분자 ㅋㅋㅋㅋ - dc official App,0.6730087995529175,0.11550620943307877,0.0927223265171051,0.06300351023674011,0.03152908384799957,0.02423008345067501
2024-09-22 21:31:06,수납입갤ㅋㅋㅋㅋㅋㅋㅋㅋㅋ,,18,18.0,수납입갤ㅋㅋㅋㅋㅋㅋㅋㅋㅋ ,수납입갤ㅋㅋㅋㅋㅋㅋㅋㅋㅋ,0.6895171999931335,0.11051972210407257,0.07780484110116959,0.06245974451303482,0.033680275082588196,0.026018308475613594
2024-09-22 21:31:06,알본 아웃ㅋㅋㅋㅋㅋㅋㅋ,- dc official App,18,18.0,알본 아웃ㅋㅋㅋㅋㅋㅋㅋ - dc official App,알본 아웃ㅋㅋㅋㅋㅋㅋㅋ - dc official App,0.3918212950229645,0.2015693634748459,0.14188644289970398,0.15091785788536072,0.06714995205402374,0.04665504768490791
2024-09-22 21:31:07,쿠팡의 저주 ㅋㅋㅋㅋㅋㅋㅋㅋ,ㅋㅋㅋㅋㅋ,18,18.0,쿠팡의 저주 ㅋㅋㅋㅋㅋㅋㅋㅋ ㅋㅋㅋㅋㅋ,쿠팡의 저주 ㅋㅋㅋㅋㅋㅋㅋㅋ ㅋㅋㅋㅋㅋ,0.20915594696998596,0.3212999403476715,0.13610990345478058,0.1629709005355835,0.10498106479644775,0.06548221409320831
2024-09-22 21:31:08,ㅅㅂ진짜,ㅠㅠ,18,18.0,ㅅㅂ진짜 ㅠㅠ,ㅅㅂ진짜 ㅠㅠ,0.1300424337387085,0.19460012018680573,0.11099767684936523,0.27922749519348145,0.24132585525512695,0.043806347995996475
2024-09-22 21:31:08,아오 세카라도 띄우고 나가라고,,18,18.0,아오 세카라도 띄우고 나가라고 ,아오 세카라도 띄우고 나가라고,0.18292498588562012,0.22213035821914673,0.09480594098567963,0.2959194481372833,0.16710591316223145,0.03711332380771637
2024-09-22 21:31:08,과열씨발ㅋㅋㅋㅋ,- dc official App,18,18.0,과열씨발ㅋㅋㅋㅋ - dc official App,과열씨발ㅋㅋㅋㅋ - dc official App,0.15221601724624634,0.20577383041381836,0.12768644094467163,0.32805436849594116,0.13521520793437958,0.051054101437330246
2024-09-22 21:31:09,똠바ㅋㅋㅋ,- dc official App,18,18.0,똠바ㅋㅋㅋ - dc official App,똠바ㅋㅋㅋ - dc official App,0.6845641136169434,0.11169847100973129,0.08646785467863083,0.06134958565235138,0.03243083879351616,0.023489132523536682
2024-09-22 21:31:10,알본 왜 리타노ㅠㅠㅍ,,18,18.0,알본 왜 리타노ㅠㅠㅍ ,알본 왜 리타노ㅠㅠㅍ,0.10898306965827942,0.2566833198070526,0.1279163658618927,0.18801437318325043,0.2539231777191162,0.06447968631982803
2024-09-22 21:31:10,11초 입갤,,18,18.0,11초 입갤 ,11초 입갤,0.49404385685920715,0.18711474537849426,0.16068556904792786,0.07535628974437714,0.04168076068162918,0.04111868143081665
2024-09-22 21:31:11,똠양 퇴갤 ㅋㅋㅋ,머선 129,18,18.0,똠양 퇴갤 ㅋㅋㅋ 머선 129,똠양 퇴갤 ㅋㅋㅋ 머선 129,0.1670791357755661,0.32192566990852356,0.218268483877182,0.12290588021278381,0.07363168895244598,0.0961892157793045
2024-09-22 21:31:11,노리스가 잘하는거임? 차가 존나 좋은거임?,,18,18.0,노리스가 잘하는거임? 차가 존나 좋은거임? ,노리스가 잘하는거임? 차가 존나 좋은거임?,0.11807005852460861,0.2213827222585678,0.36994045972824097,0.12178964167833328,0.07336797565221786,0.09544913470745087
2024-09-22 21:31:12,쿠팡의 저주 ON,- dc official App,18,18.0,쿠팡의 저주 ON - dc official App,쿠팡의 저주 ON - dc official App,0.16818831861019135,0.2470024675130844,0.24363623559474945,0.13877509534358978,0.1254991590976715,0.07689876109361649
2024-09-22 21:31:12,복분자 슈웃 ㅋㅋㅋㅋㅋㅋㅋㅋ,- dc official App,18,18.0,복분자 슈웃 ㅋㅋㅋㅋㅋㅋㅋㅋ - dc official App,복분자 슈웃 ㅋㅋㅋㅋㅋㅋㅋㅋ - dc official App,0.7120370268821716,0.10481420904397964,0.06955447047948837,0.056091442704200745,0.03407930210232735,0.023423533886671066
2024-09-22 21:31:12,복분자먹고 고장낫네,,18,18.0,복분자먹고 고장낫네 ,복분자먹고 고장낫네,0.10157117992639542,0.34034496545791626,0.16759882867336273,0.13943533599376678,0.19456717371940613,0.05648257955908775
2024-09-22 21:31:12,과열로 리타이어 ㅋㅋ,뭣?,18,18.0,과열로 리타이어 ㅋㅋ 뭣?,과열로 리타이어 ㅋㅋ 뭣?,0.11529788374900818,0.22029095888137817,0.3268337547779083,0.14115290343761444,0.09163576364517212,0.10478872060775757
2024-09-22 21:31:13,알본 ㅂㅂ,쿠팡아 무슨짓을 한거야,18,18.0,알본 ㅂㅂ 쿠팡아 무슨짓을 한거야,알본 ㅂㅂ 쿠팡아 무슨짓을 한거야,0.09663420915603638,0.23715487122535706,0.19658228754997253,0.20758560299873352,0.17850415408611298,0.08353889733552933
2024-09-22 21:31:15,복분자맨 리타이어 ㅠㅠㅠㅠㅠㅠㅠㅠㅠㅠㅠ,ㅠㅠ,18,18.0,복분자맨 리타이어 ㅠㅠㅠㅠㅠㅠㅠㅠㅠㅠㅠ ㅠㅠ,복분자맨 리타이어 ㅠㅠㅠㅠㅠㅠㅠㅠㅠㅠㅠ ㅠㅠ,0.12803038954734802,0.2670377194881439,0.14701831340789795,0.15830598771572113,0.23105871677398682,0.06854885816574097
2024-09-22 21:31:16,쿠팡의 저주 ㅅㅂ,틀리지를 않네ㅋㅋㅋㅋ,18,18.0,쿠팡의 저주 ㅅㅂ 틀리지를 않네ㅋㅋㅋㅋ,쿠팡의 저주 ㅅㅂ 틀리지를 않네ㅋㅋㅋㅋ,0.12898720800876617,0.23953106999397278,0.1420038491487503,0.23839764297008514,0.1552392542362213,0.0958409532904625
2024-09-22 21:31:15,알본 복분자주 먹고 리타 ㅋㅋㅋㅋㅋ,,18,18.0,알본 복분자주 먹고 리타 ㅋㅋㅋㅋㅋ ,알본 복분자주 먹고 리타 ㅋㅋㅋㅋㅋ,0.7088602781295776,0.10729518532752991,0.060522716492414474,0.059462934732437134,0.0397811122238636,0.02407774329185486
2024-09-22 21:31:16,쿠팡맨 시이팔ㅋㅋㅋㅋㅋㅋ,,18,18.0,쿠팡맨 시이팔ㅋㅋㅋㅋㅋㅋ ,쿠팡맨 시이팔ㅋㅋㅋㅋㅋㅋ,0.13493986427783966,0.19219587743282318,0.10692784935235977,0.33242267370224,0.1827300637960434,0.05078371241688728
2024-09-22 21:31:17,쿠팡맨 다운 ㅋㅋㅋㅋ,ㅋㅋ,18,18.0,쿠팡맨 다운 ㅋㅋㅋㅋ ㅋㅋ,쿠팡맨 다운 ㅋㅋㅋㅋ ㅋㅋ,0.7130918502807617,0.11066174507141113,0.058024682104587555,0.052824508398771286,0.04041064530611038,0.024986596778035164
2024-09-22 21:31:17,과열 ㄷㄷ,- dc official App,18,18.0,과열 ㄷㄷ - dc official App,과열 ㄷㄷ - dc official App,0.1760629415512085,0.2095421999692917,0.34072816371917725,0.11224177479743958,0.06621938943862915,0.09520556032657623
2024-09-22 21:31:17,알바오 가지마 ㅠㅠㅠㅠ,- dc official App,18,18.0,알바오 가지마 ㅠㅠㅠㅠ - dc official App,알바오 가지마 ㅠㅠㅠㅠ - dc official App,0.1583566963672638,0.28212493658065796,0.168077751994133,0.1316479742527008,0.17320246994495392,0.08659015595912933
2024-09-22 21:31:19,시발 사고라도 내고 나가라고,똠 시발련아,18,18.0,시발 사고라도 내고 나가라고 똠 시발련아,시발 사고라도 내고 나가라고 똠 시발련아,0.16434824466705322,0.18509292602539062,0.11015033721923828,0.3258117437362671,0.17730727791786194,0.037289444357156754
2024-09-22 21:31:19,집가서 씁쓸하게 복분자 마시겠노,,18,18.0,집가서 씁쓸하게 복분자 마시겠노 ,집가서 씁쓸하게 복분자 마시겠노,0.30721476674079895,0.27584031224250793,0.14322590827941895,0.11408194899559021,0.1009991317987442,0.05863787233829498
2024-09-22 21:31:20,쿠팡의 저주 ㅋㅋㅋㅋㅋㅋㅋ,,18,18.0,쿠팡의 저주 ㅋㅋㅋㅋㅋㅋㅋ ,쿠팡의 저주 ㅋㅋㅋㅋㅋㅋㅋ,0.12981797754764557,0.33787447214126587,0.15642207860946655,0.16480140388011932,0.12689915299415588,0.08418485522270203
2024-09-22 21:31:20,쿠플저주 onㅋㅋㅋㅋㅋㅋㅋ,,18,18.0,쿠플저주 onㅋㅋㅋㅋㅋㅋㅋ ,쿠플저주 onㅋㅋㅋㅋㅋㅋㅋ,0.4483354389667511,0.1875540316104889,0.09919053316116333,0.15311342477798462,0.06949502974748611,0.042311519384384155
2024-09-22 21:31:21,2대쿠팡맨 사망 ㅋㅋㅋㅋㅋㅋ,와,18,18.0,2대쿠팡맨 사망 ㅋㅋㅋㅋㅋㅋ 와,2대쿠팡맨 사망 ㅋㅋㅋㅋㅋㅋ 와,0.12727177143096924,0.2050626277923584,0.29925742745399475,0.15648867189884186,0.082839734852314,0.12907978892326355
2024-09-22 21:31:22,쿠팡 인텁은 과학이다 ㄷㄷ,ㄷㄷ,18,18.0,쿠팡 인텁은 과학이다 ㄷㄷ ㄷㄷ,쿠팡 인텁은 과학이다 ㄷㄷ ㄷㄷ,0.18636097013950348,0.2135547697544098,0.31017330288887024,0.11068006604909897,0.05759792774915695,0.12163301557302475
2024-09-22 21:31:24,이제 가슬리 셒카 부른다,음,18,18.0,이제 가슬리 셒카 부른다 음,이제 가슬리 셒카 부른다 음,0.4929540455341339,0.20866802334785461,0.12922802567481995,0.07878779619932175,0.049505557864904404,0.04085657000541687
2024-09-22 21:31:25,노리즈 차 제발 과열로 사망 ㅈㅂㅈㅂㅈㅂ,죽어잇,18,18.0,노리즈 차 제발 과열로 사망 ㅈㅂㅈㅂㅈㅂ 죽어잇,노리즈 차 제발 과열로 사망 ㅈㅂㅈㅂㅈㅂ 죽어잇,0.1781780868768692,0.14347794651985168,0.1535705327987671,0.3054737448692322,0.1622874140739441,0.05701224133372307
2024-09-22 21:31:25,과열ㅋㅋㅋㅋ,ㅋㅋㅋㅋㅋ,18,18.0,과열ㅋㅋㅋㅋ ㅋㅋㅋㅋㅋ,과열ㅋㅋㅋㅋ ㅋㅋㅋㅋㅋ,0.43482962250709534,0.22632527351379395,0.14164143800735474,0.10530122369527817,0.05065573379397392,0.04124674201011658
2024-09-22 21:31:25,지금 왔는데 페라리 뭔일이나,"사인즈는 왜 저깄냐 ㅅㅂ
- dc official App",18,18.0,"지금 왔는데 페라리 뭔일이나 사인즈는 왜 저깄냐 ㅅㅂ
- dc official App",지금 왔는데 페라리 뭔일이나 사인즈는 왜 저깄냐 ㅅㅂ,0.12085303664207458,0.24642767012119293,0.10875542461872101,0.27188727259635925,0.20504529774188995,0.04703126102685928
2024-09-22 21:31:26,선두권 간격 뭐노 ㅋㅋㅋㅋㅋ,"ㅋㅋ
- dc official App",18,18.0,"선두권 간격 뭐노 ㅋㅋㅋㅋㅋ ㅋㅋ
- dc official App",선두권 간격 뭐노 ㅋㅋㅋㅋㅋ ㅋㅋ,0.1528327465057373,0.2859576344490051,0.29456937313079834,0.11759732663631439,0.06641381233930588,0.08262903243303299
2024-09-22 21:31:26,드라이버 과열 ㅋㅋㅋㅋㅋㅋㅋㅋㅋㅋㅋ,,18,18.0,드라이버 과열 ㅋㅋㅋㅋㅋㅋㅋㅋㅋㅋㅋ ,드라이버 과열 ㅋㅋㅋㅋㅋㅋㅋㅋㅋㅋㅋ,0.3337227404117584,0.23829099535942078,0.19589000940322876,0.11558787524700165,0.053862545639276505,0.06264585256576538
2024-09-22 21:31:27,복분자주 차에 넣었노? ㅋㅋㅋㅋㅋㅋㅋㅋ,ㅋㅋㅋㅋㅋㅋㅋㅋㅋㅋㅋㅋㅋㅋ,18,18.0,복분자주 차에 넣었노? ㅋㅋㅋㅋㅋㅋㅋㅋ ㅋㅋㅋㅋㅋㅋㅋㅋㅋㅋㅋㅋㅋㅋ,복분자주 차에 넣었노? ㅋㅋㅋㅋㅋㅋㅋㅋ ㅋㅋㅋㅋㅋㅋㅋㅋㅋㅋㅋㅋㅋㅋ,0.5282435417175293,0.17934134602546692,0.14383679628372192,0.07203827053308487,0.03527087718248367,0.04126914590597153
2024-09-22 21:31:27,복분자 먹고 과열 ㅋㅋㅋ,"ㅋㅋ
- dc official App",18,18.0,"복분자 먹고 과열 ㅋㅋㅋ ㅋㅋ
- dc official App",복분자 먹고 과열 ㅋㅋㅋ ㅋㅋ,0.43824267387390137,0.22040824592113495,0.1395369917154312,0.10566093027591705,0.05270984768867493,0.04344123601913452
2024-09-22 21:31:28,ㅋㅋㅋ 두 gp연속으로 쿨링문제ㅋㅋㄱ,"ㅋㅋ 아이스크림장수 더워서 포기
- dc official App",18,18.0,"ㅋㅋㅋ 두 gp연속으로 쿨링문제ㅋㅋㄱ ㅋㅋ 아이스크림장수 더워서 포기
- dc official App",ㅋㅋㅋ 두 gp연속으로 쿨링문제ㅋㅋㄱ ㅋㅋ 아이스크림장수 더워서 포기,0.2661104202270508,0.29540398716926575,0.11978442966938019,0.1526368111371994,0.11604056507349014,0.05002390220761299
2024-09-22 21:31:29,알본 이제 복분자 병나발 불러 들어갈듯 ㅠㅠ,술땡기겠내,18,18.0,알본 이제 복분자 병나발 불러 들어갈듯 ㅠㅠ 술땡기겠내,알본 이제 복분자 병나발 불러 들어갈듯 ㅠㅠ 술땡기겠내,0.22585168480873108,0.2891765832901001,0.1259573996067047,0.1352405846118927,0.131562739610672,0.09221098572015762
2024-09-22 21:31:30,메르는 자멸아니냐,둘이 진작에 바꿨어야,18,18.0,메르는 자멸아니냐 둘이 진작에 바꿨어야,메르는 자멸아니냐 둘이 진작에 바꿨어야,0.06973477452993393,0.2745785415172577,0.22344936430454254,0.15815117955207825,0.20412534475326538,0.06996076554059982
2024-09-22 21:31:30,드라이버 과열 ㅋㅋ,,18,18.0,드라이버 과열 ㅋㅋ ,드라이버 과열 ㅋㅋ,0.2141828089952469,0.2999957203865051,0.22403784096240997,0.1218605786561966,0.06970442831516266,0.07021866738796234
2024-09-22 21:31:31,""" 너, 재능있어.""","그대로만 해
내가 보장한다.",18,18.0,""" 너, 재능있어."" 그대로만 해
내가 보장한다.",""" 너, 재능있어."" 그대로만 해 내가 보장한다.",0.4924541711807251,0.17052793502807617,0.12315142154693604,0.07633934170007706,0.06478498876094818,0.07274218648672104
2024-09-22 21:31:31,복분자먹으면 몸이 후끈하긴 해,ㅋㅋㅋㅋㅁ,18,18.0,복분자먹으면 몸이 후끈하긴 해 ㅋㅋㅋㅋㅁ,복분자먹으면 몸이 후끈하긴 해 ㅋㅋㅋㅋㅁ,0.6750196814537048,0.1238531693816185,0.07424459606409073,0.057652153074741364,0.03877570852637291,0.030454635620117188
2024-09-22 21:31:33,와중에 노막 12초 ㄷㄷ,,18,18.0,와중에 노막 12초 ㄷㄷ ,와중에 노막 12초 ㄷㄷ,0.11236579716205597,0.22856304049491882,0.3247591555118561,0.14041584730148315,0.08360030502080917,0.110295869410038
2024-09-22 21:31:34,드라이버 과열ㅋㅋㅋㅋㅋㅋㅋ,- dc official App,18,18.0,드라이버 과열ㅋㅋㅋㅋㅋㅋㅋ - dc official App,드라이버 과열ㅋㅋㅋㅋㅋㅋㅋ - dc official App,0.35816168785095215,0.23230932652950287,0.1846151202917099,0.11845831573009491,0.053938280791044235,0.052517279982566833
2024-09-22 21:31:34,아니 사고내고 가라고 벌써 잠와,ㅅㅂ ㅋㅋ,18,18.0,아니 사고내고 가라고 벌써 잠와 ㅅㅂ ㅋㅋ,아니 사고내고 가라고 벌써 잠와 ㅅㅂ ㅋㅋ,0.1255376636981964,0.21247774362564087,0.10891158878803253,0.2986336648464203,0.20277735590934753,0.05166196823120117
2024-09-22 21:31:37,복분자 터졌노 ㅋㅋㅋㅋ,"ㅋㅋㅋ,",18,18.0,"복분자 터졌노 ㅋㅋㅋㅋ ㅋㅋㅋ,","복분자 터졌노 ㅋㅋㅋㅋ ㅋㅋㅋ,",0.7020947337150574,0.11168493330478668,0.06545336544513702,0.05655543506145477,0.03999430686235428,0.02421724796295166
2024-09-22 21:31:37,복분자 효과 쩌네 ㅋㅋㅋㅋㅋㅋ,"ㅋㅋ
- dc official App",18,18.0,"복분자 효과 쩌네 ㅋㅋㅋㅋㅋㅋ ㅋㅋ
- dc official App",복분자 효과 쩌네 ㅋㅋㅋㅋㅋㅋ ㅋㅋ,0.68694669008255,0.11663728952407837,0.07665687054395676,0.055072084069252014,0.03661208972334862,0.028074977919459343
2024-09-22 21:31:38,알본 선물 받은거 바로 마시겠네,쓰린 속은 술로 달래야지,18,18.0,알본 선물 받은거 바로 마시겠네 쓰린 속은 술로 달래야지,알본 선물 받은거 바로 마시겠네 쓰린 속은 술로 달래야지,0.5071923732757568,0.19667036831378937,0.08298402279615402,0.08359625190496445,0.08474282175302505,0.04481416940689087
2024-09-22 21:31:40,복분자 컷 ㅋㅋㅋㅋ,ㅋㅋㅋㅋㅋ,18,18.0,복분자 컷 ㅋㅋㅋㅋ ㅋㅋㅋㅋㅋ,복분자 컷 ㅋㅋㅋㅋ ㅋㅋㅋㅋㅋ,0.6957030892372131,0.11872559040784836,0.0673147663474083,0.05820595845580101,0.03692667931318283,0.023123925551772118
2024-09-22 21:31:41,복분자먹고 뜨거워졌네 ㅋㅋㅋ,ㅋㅋㅋ,18,18.0,복분자먹고 뜨거워졌네 ㅋㅋㅋ ㅋㅋㅋ,복분자먹고 뜨거워졌네 ㅋㅋㅋ ㅋㅋㅋ,0.6952099800109863,0.11945492774248123,0.07007087022066116,0.05484936013817787,0.03604169562458992,0.024373089894652367
2024-09-22 21:31:42,르끌은 하스애마한테 17랩째 묶여있노 ㅋㅋ,ㅋㅋㅋㅋㅋ,18,18.0,르끌은 하스애마한테 17랩째 묶여있노 ㅋㅋ ㅋㅋㅋㅋㅋ,르끌은 하스애마한테 17랩째 묶여있노 ㅋㅋ ㅋㅋㅋㅋㅋ,0.12237219512462616,0.3386100232601166,0.17975513637065887,0.16722014546394348,0.09928526729345322,0.0927572026848793
2024-09-22 21:31:43,엔진오일 대신 복분자 넣었노,,18,18.0,엔진오일 대신 복분자 넣었노 ,엔진오일 대신 복분자 넣었노,0.09004785865545273,0.2573114335536957,0.2940136790275574,0.15780885517597198,0.1345764845609665,0.06624167412519455
2024-09-22 21:31:44,아니 저주 리타이어 기가막히네,ㅜㅜ,18,18.0,아니 저주 리타이어 기가막히네 ㅜㅜ,아니 저주 리타이어 기가막히네 ㅜㅜ,0.13249491155147552,0.24952362477779388,0.22157426178455353,0.1554897278547287,0.13971300423145294,0.10120450705289841
2024-09-22 21:31:44,케로의 사보타주 성공ㅋㅋ,"엔진에 기름 대신 복분자주 쏘셨다네요~
- ORACLE RED BULL RACING RB20",18,18.0,"케로의 사보타주 성공ㅋㅋ 엔진에 기름 대신 복분자주 쏘셨다네요~
- ORACLE RED BULL RACING RB20",케로의 사보타주 성공ㅋㅋ 엔진에 기름 대신 복분자주 쏘셨다네요~ - ORACLE RED BULL RACING RB20,0.7036311030387878,0.11668481677770615,0.05669670179486275,0.05487872660160065,0.04179150238633156,0.02631722204387188
2024-09-22 21:31:47,복분자에 달아오른 알본의 엔진...ㅗㅜㅑ,,18,18.0,복분자에 달아오른 알본의 엔진...ㅗㅜㅑ ,복분자에 달아오른 알본의 엔진...ㅗㅜㅑ,0.1303732693195343,0.2215934544801712,0.30353519320487976,0.13677978515625,0.06682098656892776,0.14089734852313995
2024-09-22 21:31:49,이웃 칭찬은 체평ㅋㅋ,어 형이야 ㅋㅋ,18,18.0,이웃 칭찬은 체평ㅋㅋ 어 형이야 ㅋㅋ,이웃 칭찬은 체평ㅋㅋ 어 형이야 ㅋㅋ,0.7002497315406799,0.11976151913404465,0.06797368079423904,0.05031999945640564,0.03385273367166519,0.027842441573739052
2024-09-22 21:31:51,쿠팡의 저주 ㅋㅋ 케로의 저주 ㅋㅋ,,18,18.0,쿠팡의 저주 ㅋㅋ 케로의 저주 ㅋㅋ ,쿠팡의 저주 ㅋㅋ 케로의 저주 ㅋㅋ,0.10519367456436157,0.29887655377388,0.15015199780464172,0.19565322995185852,0.17507044970989227,0.07505404949188232
2024-09-22 21:31:53,피아스트리 힘숨찐 모드였네,씹 ㅋㅋ 한랩만에 다 붙었농,18,18.0,피아스트리 힘숨찐 모드였네 씹 ㅋㅋ 한랩만에 다 붙었농,피아스트리 힘숨찐 모드였네 씹 ㅋㅋ 한랩만에 다 붙었농,0.30561643838882446,0.2073153257369995,0.2593151032924652,0.09057298302650452,0.038033612072467804,0.09914655238389969
2024-09-22 21:31:56,내년부터 쿠팡은 드챔1등만 인터뷰해라 ㅅㅂㅋㅋㅋㅋㅋ,,18,18.0,내년부터 쿠팡은 드챔1등만 인터뷰해라 ㅅㅂㅋㅋㅋㅋㅋ ,내년부터 쿠팡은 드챔1등만 인터뷰해라 ㅅㅂㅋㅋㅋㅋㅋ,0.09579530358314514,0.21903279423713684,0.18830101191997528,0.2787102162837982,0.15335185825824738,0.06480881571769714
2024-09-22 21:31:58,쿠팡맨의 저주 또 1승ㅋㅋㅋㅋㅋ,ㅋㅋㅋㅋ,19,19.0,쿠팡맨의 저주 또 1승ㅋㅋㅋㅋㅋ ㅋㅋㅋㅋ,쿠팡맨의 저주 또 1승ㅋㅋㅋㅋㅋ ㅋㅋㅋㅋ,0.6008756160736084,0.14103087782859802,0.07920313626527786,0.08564091473817825,0.05669818073511124,0.03655121102929115
2024-09-22 21:31:58,경 쓰던 소프트 꼈노,ㅇㅇ,19,19.0,경 쓰던 소프트 꼈노 ㅇㅇ,경 쓰던 소프트 꼈노 ㅇㅇ,0.13035404682159424,0.34706369042396545,0.23985007405281067,0.10897967964410782,0.09336933493614197,0.08038311451673508
2024-09-22 21:31:59,어느새ㅐ 13초 차...,으,19,19.0,어느새ㅐ 13초 차... 으,어느새ㅐ 13초 차... 으,0.10876846313476562,0.2656174302101135,0.22547714412212372,0.1599418669939041,0.1220993846654892,0.11809573322534561
2024-09-22 21:31:59,냉각수대신 복분자 넣었나ㅋㅋㅋㅋ,,19,19.0,냉각수대신 복분자 넣었나ㅋㅋㅋㅋ ,냉각수대신 복분자 넣었나ㅋㅋㅋㅋ,0.13442598283290863,0.2412174791097641,0.31749385595321655,0.13673704862594604,0.08248893171548843,0.08763672411441803
2024-09-22 21:32:02,과열 안되는법 알아왔다!!!,쿨러끼고 나오면 과열 없다고함,19,19.0,과열 안되는법 알아왔다!!! 쿨러끼고 나오면 과열 없다고함,과열 안되는법 알아왔다!!! 쿨러끼고 나오면 과열 없다고함,0.465323805809021,0.19680342078208923,0.14533549547195435,0.07421998679637909,0.06384377181529999,0.05447357892990112
2024-09-22 21:32:10,자막오류냐??,,19,19.0,자막오류냐?? ,자막오류냐??,0.08848105370998383,0.2796061635017395,0.2432021200656891,0.16235247254371643,0.16868937015533447,0.05766885727643967
2024-09-22 21:32:13,노막12초ㅋㅋㅋㅋㅋ,레게노네,19,19.0,노막12초ㅋㅋㅋㅋㅋ 레게노네,노막12초ㅋㅋㅋㅋㅋ 레게노네,0.26190659403800964,0.2142656445503235,0.31177112460136414,0.09097845107316971,0.036100275814533234,0.08497794717550278
2024-09-22 21:32:15,와 이제 18렙밖에안됨?,존나안가네 시간,19,19.0,와 이제 18렙밖에안됨? 존나안가네 시간,와 이제 18렙밖에안됨? 존나안가네 시간,0.09911216050386429,0.3136972486972809,0.18580032885074615,0.1619008183479309,0.14067472517490387,0.0988147035241127
2024-09-22 21:32:20,겜 끝난 것 같은데?,시발..,19,19.0,겜 끝난 것 같은데? 시발..,겜 끝난 것 같은데? 시발..,0.08164411783218384,0.24881409108638763,0.14480048418045044,0.21747516095638275,0.23496447503566742,0.07230164110660553
2024-09-22 21:32:21,진짜 답도 없는 그랑프리,똥같네,19,19.0,진짜 답도 없는 그랑프리 똥같네,진짜 답도 없는 그랑프리 똥같네,0.10291796177625656,0.19494841992855072,0.13679620623588562,0.29880931973457336,0.2136877030134201,0.05284040421247482
2024-09-22 21:32:22,해밀턴 소프트 18랩깎았노 ㄷ,,19,19.0,해밀턴 소프트 18랩깎았노 ㄷ ,해밀턴 소프트 18랩깎았노 ㄷ,0.10719440877437592,0.23810425400733948,0.30563220381736755,0.14920642971992493,0.07333312183618546,0.1265295296907425
2024-09-22 21:32:22,12초 입갤 ㅋㅋㅋㅋㅋㅋ,,19,19.0,12초 입갤 ㅋㅋㅋㅋㅋㅋ ,12초 입갤 ㅋㅋㅋㅋㅋㅋ,0.6643358469009399,0.11640620976686478,0.09306837618350983,0.06170780211687088,0.034682609140872955,0.02979912795126438
2024-09-22 21:32:23,체코가 깔아주니 막스는 좋네,ㅋ,19,19.0,체코가 깔아주니 막스는 좋네 ㅋ,체코가 깔아주니 막스는 좋네 ㅋ,0.6807467937469482,0.1227271556854248,0.06737633049488068,0.054853763431310654,0.043613020330667496,0.03068298101425171
2024-09-22 21:32:24,과열레전드,화병나서 인간과열,19,19.0,과열레전드 화병나서 인간과열,과열레전드 화병나서 인간과열,0.12623268365859985,0.1866697371006012,0.12283104658126831,0.2806926667690277,0.22390791773796082,0.059665948152542114
2024-09-22 21:32:25,물탕게이얔ㅋㅋㅋㅋㅋㅋㅋㅋㅋㅋㅋㅋ,,19,19.0,물탕게이얔ㅋㅋㅋㅋㅋㅋㅋㅋㅋㅋㅋㅋ ,물탕게이얔ㅋㅋㅋㅋㅋㅋㅋㅋㅋㅋㅋㅋ,0.691185474395752,0.1171494871377945,0.07210037112236023,0.05990054830908775,0.0346798449754715,0.024984223768115044
2024-09-22 21:32:27,12초는 너무하노…..,- dc official App,19,19.0,12초는 너무하노….. - dc official App,12초는 너무하노….. - dc official App,0.08509957045316696,0.339565247297287,0.1669645607471466,0.16766145825386047,0.16498883068561554,0.07572031021118164
2024-09-22 21:32:28,하스 애마 뒤에서 암것도 못하고 미치겧네,"ㅡㅡ
- dc official App",19,19.0,"하스 애마 뒤에서 암것도 못하고 미치겧네 ㅡㅡ
- dc official App",하스 애마 뒤에서 암것도 못하고 미치겧네 ㅡㅡ,0.12524288892745972,0.23964819312095642,0.10891807079315186,0.20826399326324463,0.2655304968357086,0.052396420389413834
2024-09-22 21:32:36,씨이벌 계속 1초씩 늘어나노 ㅋㅋㅋ,"ㅋㅋㅋ,,",19,19.0,"씨이벌 계속 1초씩 늘어나노 ㅋㅋㅋ ㅋㅋㅋ,,","씨이벌 계속 1초씩 늘어나노 ㅋㅋㅋ ㅋㅋㅋ,,",0.25937357544898987,0.26795217394828796,0.10128381103277206,0.19895537197589874,0.11809446662664413,0.054340582340955734
2024-09-22 21:32:38,피아제는 쥬지랑 갭 계속 유지하네,"다른병신들이랑 차가 다르너
- dc official App",19,19.0,"피아제는 쥬지랑 갭 계속 유지하네 다른병신들이랑 차가 다르너
- dc official App",피아제는 쥬지랑 갭 계속 유지하네 다른병신들이랑 차가 다르너,0.12386289983987808,0.2044510394334793,0.34443220496177673,0.1371462494134903,0.06518621742725372,0.12492138147354126
2024-09-22 21:32:39,와 아직도 40렙넘게 남았다고?,존나 졸리네,19,19.0,와 아직도 40렙넘게 남았다고? 존나 졸리네,와 아직도 40렙넘게 남았다고? 존나 졸리네,0.1132924035191536,0.25561437010765076,0.2472442239522934,0.1574966311454773,0.10336360335350037,0.122988760471344
2024-09-22 21:32:42,쥬지 이제 좀 달리냐 ㅋㅋㅋ,,19,19.0,쥬지 이제 좀 달리냐 ㅋㅋㅋ ,쥬지 이제 좀 달리냐 ㅋㅋㅋ,0.5572206974029541,0.16532132029533386,0.13555727899074554,0.06113367900252342,0.03416518121957779,0.04660183936357498
2024-09-22 21:32:42,야 ㅅㅂ 베르스타펜 잘좀해봐,,19,19.0,야 ㅅㅂ 베르스타펜 잘좀해봐 ,야 ㅅㅂ 베르스타펜 잘좀해봐,0.11479232460260391,0.22813169658184052,0.15186847746372223,0.2619781494140625,0.1975211650133133,0.04570816457271576
2024-09-22 21:32:45,물탕 2.5초네,어,19,19.0,물탕 2.5초네 어,물탕 2.5초네 어,0.14326854050159454,0.23426344990730286,0.309482216835022,0.12700870633125305,0.06636127829551697,0.1196158304810524
2024-09-22 21:32:45,차타면 바람 마니 부는데 어떡게 과열 되??,,19,19.0,차타면 바람 마니 부는데 어떡게 과열 되?? ,차타면 바람 마니 부는데 어떡게 과열 되??,0.1551753580570221,0.2212325483560562,0.3508951663970947,0.10682711005210876,0.06319306790828705,0.10267677158117294
2024-09-22 21:32:52,애초에 노몽이 아니라 몽햄 대전 했어야..,근데 소프트로 저렇게 좆박을 줄 누가 알았농 ㅋㅋ,19,19.0,애초에 노몽이 아니라 몽햄 대전 했어야.. 근데 소프트로 저렇게 좆박을 줄 누가 알았농 ㅋㅋ,애초에 노몽이 아니라 몽햄 대전 했어야.. 근데 소프트로 저렇게 좆박을 줄 누가 알았농 ㅋㅋ,0.07737015932798386,0.27397456765174866,0.2302217185497284,0.18945220112800598,0.11698876321315765,0.11199253052473068
2024-09-22 21:32:54,2.5,"....
- dc official App",19,19.0,"2.5 ....
- dc official App",2.5 ....,0.10061021894216537,0.3098600208759308,0.2526915669441223,0.13129353523254395,0.12163391709327698,0.08391070365905762
2024-09-22 21:33:05,물탕 마그누센뒤노ㅋㅋㅋㅋㅋ,- dc official App,19,19.0,물탕 마그누센뒤노ㅋㅋㅋㅋㅋ - dc official App,물탕 마그누센뒤노ㅋㅋㅋㅋㅋ - dc official App,0.5945562124252319,0.1537337750196457,0.11144246906042099,0.07561224699020386,0.03421574458479881,0.03043956123292446
2024-09-22 21:33:02,도장땜에 물탕이 알론손줄,헷갈려,19,19.0,도장땜에 물탕이 알론손줄 헷갈려,도장땜에 물탕이 알론손줄 헷갈려,0.10985545814037323,0.3333490192890167,0.19456329941749573,0.14402145147323608,0.1750035583972931,0.04320720583200455
2024-09-22 21:33:08,"""나 레드불 드라이버 세르지오 페레즈라고오!!!!!!""",짤리기 싫어!!!!,19,19.0,"""나 레드불 드라이버 세르지오 페레즈라고오!!!!!!"" 짤리기 싫어!!!!","""나 레드불 드라이버 세르지오 페레즈라고오!!!!!!"" 짤리기 싫어!!!!",0.33929991722106934,0.22269071638584137,0.10448206216096878,0.16409024596214294,0.11303754895925522,0.056399475783109665
2024-09-22 21:33:11,노리스 펑쳐나 나버려라,헐크 포디움을 향한 한걸음,19,19.0,노리스 펑쳐나 나버려라 헐크 포디움을 향한 한걸음,노리스 펑쳐나 나버려라 헐크 포디움을 향한 한걸음,0.4039703607559204,0.17016282677650452,0.13421964645385742,0.14658595621585846,0.0930003672838211,0.05206076800823212
2024-09-22 21:33:13,캘린더에서 싱가포르빼야되면개추ㅋㅋ,"모나코보다재미없음
- dc official App",19,19.0,"캘린더에서 싱가포르빼야되면개추ㅋㅋ 모나코보다재미없음
- dc official App",캘린더에서 싱가포르빼야되면개추ㅋㅋ 모나코보다재미없음,0.17217107117176056,0.3121686577796936,0.1605980098247528,0.16351039707660675,0.1285100281238556,0.0630418062210083
2024-09-22 21:33:17,노리스 프리스탑하겠네,좀만 더 벌어지면,19,19.0,노리스 프리스탑하겠네 좀만 더 벌어지면,노리스 프리스탑하겠네 좀만 더 벌어지면,0.12237931787967682,0.2649213969707489,0.30565011501312256,0.10855209827423096,0.10096912831068039,0.09752798825502396
2024-09-22 21:33:17,해밀턴은 왜 소프트로 출발한거임?,"빨리 하드로 갈랴고 그런건가
- dc official App",19,19.0,"해밀턴은 왜 소프트로 출발한거임? 빨리 하드로 갈랴고 그런건가
- dc official App",해밀턴은 왜 소프트로 출발한거임? 빨리 하드로 갈랴고 그런건가,0.09610532224178314,0.2577514350414276,0.3216622769832611,0.1364917904138565,0.10753787308931351,0.08045126497745514
2024-09-22 21:33:23,알본 왜 리타임??,갑자기?,19,19.0,알본 왜 리타임?? 갑자기?,알본 왜 리타임?? 갑자기?,0.13555051386356354,0.2652592062950134,0.2927758991718292,0.1354217231273651,0.09531430155038834,0.07567833364009857
2024-09-22 21:33:31,세카띄워줘세카띄워줘세카띄워줘세카띄워줘세카띄우ㅜ줘,"ㅇ.ㅇ
- dc official App",19,19.0,"세카띄워줘세카띄워줘세카띄워줘세카띄워줘세카띄우ㅜ줘 ㅇ.ㅇ
- dc official App",세카띄워줘세카띄워줘세카띄워줘세카띄워줘세카띄우ㅜ줘 ㅇ.ㅇ,0.6384474039077759,0.12861515581607819,0.06257566064596176,0.08112018555402756,0.060950495302677155,0.02829110622406006
2024-09-22 21:33:31,마그누센 네 이놈,,19,19.0,마그누센 네 이놈 ,마그누센 네 이놈,0.3696189522743225,0.19654731452465057,0.23132048547267914,0.10495815426111221,0.048766911029815674,0.04878820478916168
2024-09-22 21:33:35,졸았는데 알본 왜죽음,머임 ????,19,19.0,졸았는데 알본 왜죽음 머임 ????,졸았는데 알본 왜죽음 머임 ????,0.1134500652551651,0.237803116440773,0.3098703920841217,0.14596021175384521,0.08683985471725464,0.10607638210058212
2024-09-22 21:33:37,한 10렙있으면 대런 백마커행ㅋㅋㅋㅋㅋ,ㅋㅋㅋ,20,20.0,한 10렙있으면 대런 백마커행ㅋㅋㅋㅋㅋ ㅋㅋㅋ,한 10렙있으면 대런 백마커행ㅋㅋㅋㅋㅋ ㅋㅋㅋ,0.6862602829933167,0.11474844068288803,0.07270097732543945,0.06001311168074608,0.03600865229964256,0.03026856854557991
2024-09-22 21:33:40,ㅋㅋㅋㅋ 123 인터벌 씹창ㅋㅋㅋ 개씨발,"ㅋㅋㅋ
- dc official App",20,20.0,"ㅋㅋㅋㅋ 123 인터벌 씹창ㅋㅋㅋ 개씨발 ㅋㅋㅋ
- dc official App",ㅋㅋㅋㅋ 123 인터벌 씹창ㅋㅋㅋ 개씨발 ㅋㅋㅋ,0.1284967064857483,0.21941208839416504,0.1230204850435257,0.310047447681427,0.16100288927555084,0.05802034214138985
2024-09-22 21:33:41,막스 지금이라도 쭉 달려서 붙어야 할거 같은데,언더컷이라도 하려면,20,20.0,막스 지금이라도 쭉 달려서 붙어야 할거 같은데 언더컷이라도 하려면,막스 지금이라도 쭉 달려서 붙어야 할거 같은데 언더컷이라도 하려면,0.16304665803909302,0.2678520977497101,0.29499244689941406,0.08993357419967651,0.09039212018251419,0.09378312528133392
2024-09-22 21:33:46,노리스 사고후 막스 휘말림,엪갤러들이 모두 원하는 그림,20,20.0,노리스 사고후 막스 휘말림 엪갤러들이 모두 원하는 그림,노리스 사고후 막스 휘말림 엪갤러들이 모두 원하는 그림,0.11374957859516144,0.3125584125518799,0.23350122570991516,0.11573601514101028,0.15293799340724945,0.0715167224407196
2024-09-22 21:33:48,마그누센 뒤네 십 ㅋㅋㅋㅋㅋㅋ,,20,20.0,마그누센 뒤네 십 ㅋㅋㅋㅋㅋㅋ ,마그누센 뒤네 십 ㅋㅋㅋㅋㅋㅋ,0.09233702719211578,0.2776675522327423,0.178166925907135,0.19847099483013153,0.16295042634010315,0.09040705114603043
2024-09-22 21:33:49,노리스는 왜 혼자 서킷 반대편에서 달리냐,처돌았노,20,20.0,노리스는 왜 혼자 서킷 반대편에서 달리냐 처돌았노,노리스는 왜 혼자 서킷 반대편에서 달리냐 처돌았노,0.11814644932746887,0.19371968507766724,0.18685857951641083,0.291038453578949,0.1420152187347412,0.06822161376476288
2024-09-22 21:33:57,싱가폴 원래 이럼? 1초 이내로 달리는 차가없네,ㄷㄷㄷ,20,20.0,싱가폴 원래 이럼? 1초 이내로 달리는 차가없네 ㄷㄷㄷ,싱가폴 원래 이럼? 1초 이내로 달리는 차가없네 ㄷㄷㄷ,0.09892059862613678,0.2236950397491455,0.3201766014099121,0.14695870876312256,0.08931295573711395,0.1209360808134079
2024-09-22 21:33:59,물탕 이럴거면 왜 소프트 한겨냐,,20,20.0,물탕 이럴거면 왜 소프트 한겨냐 ,물탕 이럴거면 왜 소프트 한겨냐,0.11453712731599808,0.3222205638885498,0.15576303005218506,0.1842665672302246,0.18463444709777832,0.03857824206352234
2024-09-22 21:34:01,13초 이거 맞냐?,.,20,20.0,13초 이거 맞냐? .,13초 이거 맞냐? .,0.11384586989879608,0.24968765676021576,0.31615471839904785,0.12762294709682465,0.09501700103282928,0.09767182916402817
2024-09-22 21:34:06,이거 멕라렌은,"핏인하고도 선두유지할생각으로 차이 더 벌리려는거 아님 ?
랩당 한 0.7초정도 차이내는거같은데",20,20.0,"이거 멕라렌은 핏인하고도 선두유지할생각으로 차이 더 벌리려는거 아님 ?
랩당 한 0.7초정도 차이내는거같은데",이거 멕라렌은 핏인하고도 선두유지할생각으로 차이 더 벌리려는거 아님 ? 랩당 한 0.7초정도 차이내는거같은데,0.11809787154197693,0.21093663573265076,0.3612540364265442,0.12552398443222046,0.0667455866932869,0.11744188517332077
2024-09-22 21:34:12,슬슬 졸린 티포시면 개추 ㅋㅋ,,20,20.0,슬슬 졸린 티포시면 개추 ㅋㅋ ,슬슬 졸린 티포시면 개추 ㅋㅋ,0.6152620911598206,0.14383091032505035,0.09540550410747528,0.06801110506057739,0.04103349149227142,0.03645693138241768
2024-09-22 21:34:15,노리스 걍 쭉벌려서 프리스탑 가능할거 같은데ㅋㅋ,.,20,20.0,노리스 걍 쭉벌려서 프리스탑 가능할거 같은데ㅋㅋ .,노리스 걍 쭉벌려서 프리스탑 가능할거 같은데ㅋㅋ .,0.39207905530929565,0.21121589839458466,0.20185473561286926,0.09057819843292236,0.04872393608093262,0.05554811656475067
2024-09-22 21:34:18,오늘 제일 병신인새기,이딴 트랙에 치킨시킨 나,20,20.0,오늘 제일 병신인새기 이딴 트랙에 치킨시킨 나,오늘 제일 병신인새기 이딴 트랙에 치킨시킨 나,0.11931229382753372,0.2204541563987732,0.10953979194164276,0.24219846725463867,0.24204157292842865,0.066453717648983
2024-09-22 21:34:20,13초 입갤,,20,20.0,13초 입갤 ,13초 입갤,0.49963584542274475,0.18859882652759552,0.15441066026687622,0.07515083253383636,0.04235399514436722,0.03984981030225754
2024-09-22 21:34:22,씨발 비온다며 스타트 개못한다며,비도 안오고 스타트도 존나 잘해버려서 레이스 좆노잼 됐네,20,20.0,씨발 비온다며 스타트 개못한다며 비도 안오고 스타트도 존나 잘해버려서 레이스 좆노잼 됐네,씨발 비온다며 스타트 개못한다며 비도 안오고 스타트도 존나 잘해버려서 레이스 좆노잼 됐네,0.10356898605823517,0.25287961959838867,0.12393999099731445,0.2662505507469177,0.1969042420387268,0.05645657703280449
2024-09-22 21:34:23,노리스 좀 있으면 프리 핏스탑하겠노 ㅋㅋ,,20,20.0,노리스 좀 있으면 프리 핏스탑하겠노 ㅋㅋ ,노리스 좀 있으면 프리 핏스탑하겠노 ㅋㅋ,0.1112074926495552,0.3329288959503174,0.20517468452453613,0.14072474837303162,0.1222819909453392,0.08768220245838165
2024-09-22 21:34:23,레드불이 병신인거냐 일부러 안밟는거냐,시발 둘 단가?,20,20.0,레드불이 병신인거냐 일부러 안밟는거냐 시발 둘 단가?,레드불이 병신인거냐 일부러 안밟는거냐 시발 둘 단가?,0.09090159088373184,0.21326981484889984,0.1565960794687271,0.28235578536987305,0.21133831143379211,0.045538466423749924
2024-09-22 21:34:24,저우한테 걸렸네 사인츠,,20,20.0,저우한테 걸렸네 사인츠 ,저우한테 걸렸네 사인츠,0.11345605552196503,0.25755760073661804,0.2878488600254059,0.12705452740192413,0.07973244041204453,0.1343505084514618
2024-09-22 21:34:26,싱가폴<- 과대평가된 서킷 같으면 개추 ㅋㅋㅋ,모나코급 개좆노잼,20,20.0,싱가폴<- 과대평가된 서킷 같으면 개추 ㅋㅋㅋ 모나코급 개좆노잼,싱가폴<- 과대평가된 서킷 같으면 개추 ㅋㅋㅋ 모나코급 개좆노잼,0.11748984456062317,0.30399608612060547,0.18199598789215088,0.18922913074493408,0.13147039711475372,0.07581859827041626
2024-09-22 21:34:27,세카 ㅈㄴ 마렵네,나만 그르냐,20,20.0,세카 ㅈㄴ 마렵네 나만 그르냐,세카 ㅈㄴ 마렵네 나만 그르냐,0.12045801430940628,0.20320181548595428,0.11847393214702606,0.2958720326423645,0.20919790863990784,0.052796371281147
2024-09-22 21:34:37,와 알국왕 근데 대단하네,"페라리 저렇게 묶어두노 ㅋㅋㅋㅋㅋㅋㅋㅋㅋㅋ
21헝가리 짬 어디 안가네",20,20.0,"와 알국왕 근데 대단하네 페라리 저렇게 묶어두노 ㅋㅋㅋㅋㅋㅋㅋㅋㅋㅋ
21헝가리 짬 어디 안가네",와 알국왕 근데 대단하네 페라리 저렇게 묶어두노 ㅋㅋㅋㅋㅋㅋㅋㅋㅋㅋ 21헝가리 짬 어디 안가네,0.19113586843013763,0.19298920035362244,0.3206378221511841,0.11984265595674515,0.04972730576992035,0.12566715478897095
2024-09-22 21:34:37,노리스 사고로 리타하면 초코에몽,,20,20.0,노리스 사고로 리타하면 초코에몽 ,노리스 사고로 리타하면 초코에몽,0.4095647931098938,0.24997150897979736,0.13397033512592316,0.09140964597463608,0.0704539492726326,0.04462979733943939
2024-09-22 21:34:38,아니 시발 씻고오니깐 인터벌 13초가 됐네,노란 23레드불 으아악,20,20.0,아니 시발 씻고오니깐 인터벌 13초가 됐네 노란 23레드불 으아악,아니 시발 씻고오니깐 인터벌 13초가 됐네 노란 23레드불 으아악,0.139095276594162,0.21881067752838135,0.12706634402275085,0.2718854546546936,0.18227767944335938,0.06086449325084686
2024-09-22 21:34:44,노리스랑 막스에겐 관심도 없네 ㅋㅋㅋ,13초 11초 차이면 관심 없을만하지,20,20.0,노리스랑 막스에겐 관심도 없네 ㅋㅋㅋ 13초 11초 차이면 관심 없을만하지,노리스랑 막스에겐 관심도 없네 ㅋㅋㅋ 13초 11초 차이면 관심 없을만하지,0.0772000402212143,0.29885604977607727,0.27597203850746155,0.15767915546894073,0.09435978531837463,0.09593289345502853
2024-09-22 21:34:45,병신들.jpg,,20,20.0,병신들.jpg ,병신들.jpg,0.6878266334533691,0.11582691967487335,0.08010366559028625,0.05525682866573334,0.03365359455347061,0.027332352474331856
2024-09-22 21:34:45,잠들뻔했더 ㅅㅂㅋㅋ,,20,20.0,잠들뻔했더 ㅅㅂㅋㅋ ,잠들뻔했더 ㅅㅂㅋㅋ,0.18827374279499054,0.2660296857357025,0.0969051942229271,0.25633934140205383,0.1453196108341217,0.04713242128491402
2024-09-22 21:34:45,다 2초갭 유지하면서 관리중이네 아오,좀 싸워보라고,20,20.0,다 2초갭 유지하면서 관리중이네 아오 좀 싸워보라고,다 2초갭 유지하면서 관리중이네 아오 좀 싸워보라고,0.09776395559310913,0.2461986392736435,0.12876522541046143,0.23610100150108337,0.23173633217811584,0.05943480134010315
2024-09-22 21:34:46,아 레드플랙마렵다,- dc official App,20,20.0,아 레드플랙마렵다 - dc official App,아 레드플랙마렵다 - dc official App,0.23429617285728455,0.19888974726200104,0.12479919195175171,0.25788700580596924,0.13494035601615906,0.049187615513801575
2024-09-22 21:34:50,걍 시가지는 재미가 조또없음,"(호주 제외)
- ORACLE RED BULL RACING RB20",20,20.0,"걍 시가지는 재미가 조또없음 (호주 제외)
- ORACLE RED BULL RACING RB20",걍 시가지는 재미가 조또없음 (호주 제외) - ORACLE RED BULL RACING RB20,0.13051050901412964,0.29624781012535095,0.16384771466255188,0.18476009368896484,0.17555025219917297,0.049083612859249115
2024-09-22 21:34:52,100% 세이프티카라면서요,ㄹㅇ,20,20.0,100% 세이프티카라면서요 ㄹㅇ,100% 세이프티카라면서요 ㄹㅇ,0.18420742452144623,0.25138336420059204,0.3000955581665039,0.1081310361623764,0.055883049964904785,0.10029957443475723
2024-09-22 21:34:54,저우 비켜,,20,20.0,저우 비켜 ,저우 비켜,0.29152798652648926,0.2305893748998642,0.14521564543247223,0.2035352736711502,0.08115795254707336,0.047973718494176865
2024-09-22 21:34:57,피아스트리 추월시도 하나?,,20,20.0,피아스트리 추월시도 하나? ,피아스트리 추월시도 하나?,0.23534053564071655,0.21098829805850983,0.32494285702705383,0.09334878623485565,0.05079694092273712,0.08458257466554642
2024-09-22 21:34:57,13초 뭐야,셒카 어딨냐 진짜...,20,20.0,13초 뭐야 셒카 어딨냐 진짜...,13초 뭐야 셒카 어딨냐 진짜...,0.10086045414209366,0.2949830889701843,0.1304154396057129,0.22872115671634674,0.18995927274227142,0.05506062135100365
2024-09-22 21:35:04,노리스 인생 첫 그랜드슬램 가나,오,20,20.0,노리스 인생 첫 그랜드슬램 가나 오,노리스 인생 첫 그랜드슬램 가나 오,0.6688175201416016,0.12718501687049866,0.08437058329582214,0.054041218012571335,0.03357836231589317,0.032007187604904175
2024-09-22 21:35:11,사인지 감격의 자우버 추월,,20,20.0,사인지 감격의 자우버 추월 ,사인지 감격의 자우버 추월,0.7033381462097168,0.1177055761218071,0.06809735298156738,0.05065924674272537,0.0347336046397686,0.025466063991189003
2024-09-22 21:35:13,캬 드디어 추월ㅋㅋㅋ,"ㅋㅋㅋㅋ
- dc official App",20,20.0,"캬 드디어 추월ㅋㅋㅋ ㅋㅋㅋㅋ
- dc official App",캬 드디어 추월ㅋㅋㅋ ㅋㅋㅋㅋ,0.6618737578392029,0.12766069173812866,0.09329012781381607,0.05671117082238197,0.03147429972887039,0.02898993529379368
2024-09-22 21:35:15,GP2엔진ㅋㅋㅋㅋㅋ,- dc official App,20,20.0,GP2엔진ㅋㅋㅋㅋㅋ - dc official App,GP2엔진ㅋㅋㅋㅋㅋ - dc official App,0.5644559264183044,0.14948725700378418,0.13475564122200012,0.083132803440094,0.03641325235366821,0.03175513073801994
2024-09-22 21:35:15,자우버 진짜 맥없이 따이네,"ㅋㅋㅋㅋ
- dc official App",20,20.0,"자우버 진짜 맥없이 따이네 ㅋㅋㅋㅋ
- dc official App",자우버 진짜 맥없이 따이네 ㅋㅋㅋㅋ,0.09431087970733643,0.320173054933548,0.25179508328437805,0.1344006061553955,0.09170034527778625,0.10762003064155579
2024-09-22 21:35:15,자우버는 자우버야..,,20,20.0,자우버는 자우버야.. ,자우버는 자우버야..,0.12333867698907852,0.3026973605155945,0.2704935073852539,0.12689852714538574,0.10991501808166504,0.0666569247841835
2024-09-22 21:35:15,어휴 대단해라,,20,20.0,어휴 대단해라 ,어휴 대단해라,0.36128509044647217,0.21486300230026245,0.21089626848697662,0.08958468586206436,0.0493432991206646,0.07402759045362473
2024-09-22 21:35:16,그래 자우버는 넘어야지,- dc official App,21,21.0,그래 자우버는 넘어야지 - dc official App,그래 자우버는 넘어야지 - dc official App,0.42227649688720703,0.18681339919567108,0.1851690113544464,0.08248484134674072,0.06497125327587128,0.05828503519296646
2024-09-22 21:35:19,첫추월 ㅅㅂ,"아
- dc official App",21,21.0,"첫추월 ㅅㅂ 아
- dc official App",첫추월 ㅅㅂ 아,0.10379476100206375,0.20372502505779266,0.13501615822315216,0.2914160192012787,0.2227674424648285,0.04328063130378723
2024-09-22 21:35:20,자우버 리어윙은 이번 시즌에 처음보는듯,,21,21.0,자우버 리어윙은 이번 시즌에 처음보는듯 ,자우버 리어윙은 이번 시즌에 처음보는듯,0.39518946409225464,0.2216963917016983,0.22225143015384674,0.07263002544641495,0.03201078996062279,0.056221891194581985
2024-09-22 21:35:21,사고좀 내라 새기들아,"세카 못본지 오래댓다
- dc official App",21,21.0,"사고좀 내라 새기들아 세카 못본지 오래댓다
- dc official App",사고좀 내라 새기들아 세카 못본지 오래댓다,0.138497993350029,0.19920584559440613,0.11338166147470474,0.3150593042373657,0.18354381620883942,0.05031139403581619
2024-09-22 21:35:25,마뱀형 그리우면 개추ㅋㅋㅋ,,21,21.0,마뱀형 그리우면 개추ㅋㅋㅋ ,마뱀형 그리우면 개추ㅋㅋㅋ,0.6563481092453003,0.12739084661006927,0.08421291410923004,0.05685654282569885,0.03983544185757637,0.03535620495676994
2024-09-22 21:35:30,123위 간격 실화냐ㅋㅋㅋㅋㅋ,13초 11초 ㅋㅋㅋ,21,21.0,123위 간격 실화냐ㅋㅋㅋㅋㅋ 13초 11초 ㅋㅋㅋ,123위 간격 실화냐ㅋㅋㅋㅋㅋ 13초 11초 ㅋㅋㅋ,0.2513468265533447,0.2448941320180893,0.2692400813102722,0.1073555201292038,0.04692954942584038,0.0802338570356369
2024-09-22 21:35:31,헐크 뭐야 RB 6등 따이겠는데,뱀의 머리로 올라가나??,21,21.0,헐크 뭐야 RB 6등 따이겠는데 뱀의 머리로 올라가나??,헐크 뭐야 RB 6등 따이겠는데 뱀의 머리로 올라가나??,0.13118679821491241,0.19118018448352814,0.3555811941623688,0.13431712985038757,0.05948178470134735,0.12825289368629456
2024-09-22 21:35:29,시발 자우버 추월하기도 이렇게 어렵냐 ㅋㅋㅋㅋㅋ,,21,21.0,시발 자우버 추월하기도 이렇게 어렵냐 ㅋㅋㅋㅋㅋ ,시발 자우버 추월하기도 이렇게 어렵냐 ㅋㅋㅋㅋㅋ,0.0878906324505806,0.25609979033470154,0.12917257845401764,0.23724690079689026,0.23239949345588684,0.057190511375665665
2024-09-22 21:35:35,진짜 움직이는 시케인이네 ㅋㅋㅋㅋ,,21,21.0,진짜 움직이는 시케인이네 ㅋㅋㅋㅋ ,진짜 움직이는 시케인이네 ㅋㅋㅋㅋ,0.44184163212776184,0.19363752007484436,0.1998654454946518,0.07372963428497314,0.032743602991104126,0.05818219110369682
2024-09-22 21:35:35,누리스 이번엔 첫랩폴 지켰노,,21,21.0,누리스 이번엔 첫랩폴 지켰노 ,누리스 이번엔 첫랩폴 지켰노,0.490667462348938,0.1860896199941635,0.1235782578587532,0.06280272454023361,0.07536604255437851,0.061495859175920486
2024-09-22 21:35:39,Leader Interval 이거 차이가뭐임?,두개 번갈아가면서 나오던데 머가다르나요,21,21.0,Leader Interval 이거 차이가뭐임? 두개 번갈아가면서 나오던데 머가다르나요,Leader Interval 이거 차이가뭐임? 두개 번갈아가면서 나오던데 머가다르나요,0.15298160910606384,0.26089146733283997,0.3113024830818176,0.10963056236505508,0.09862366318702698,0.06657025218009949
2024-09-22 21:35:39,노리스 피트 찐빠나라,"ㅈㅂ
- dc official App",21,21.0,"노리스 피트 찐빠나라 ㅈㅂ
- dc official App",노리스 피트 찐빠나라 ㅈㅂ,0.1987660527229309,0.18182121217250824,0.11261141300201416,0.2830769121646881,0.17150652408599854,0.05221790075302124
2024-09-22 21:35:41,개에미뒤진 썩창차가 앞에있어야 추월이 나오네,"에미
- dc official App",21,21.0,"개에미뒤진 썩창차가 앞에있어야 추월이 나오네 에미
- dc official App",개에미뒤진 썩창차가 앞에있어야 추월이 나오네 에미,0.1274629831314087,0.16788479685783386,0.1409529447555542,0.3254621922969818,0.1913847029209137,0.04685238376259804
2024-09-22 21:35:44,크래시게이트크래시 마려우면 개추,.,21,21.0,크래시게이트크래시 마려우면 개추 .,크래시게이트크래시 마려우면 개추 .,0.30672478675842285,0.19769716262817383,0.2569541037082672,0.10355553030967712,0.05965641513466835,0.07541196048259735
2024-09-22 21:35:48,라티피 믹슈 마제핀 존나 그립네,세카소환술사들 돌아와,21,21.0,라티피 믹슈 마제핀 존나 그립네 세카소환술사들 돌아와,라티피 믹슈 마제핀 존나 그립네 세카소환술사들 돌아와,0.3320712745189667,0.18813520669937134,0.12941139936447144,0.14997218549251556,0.14105761051177979,0.05935228615999222
2024-09-22 21:35:51,노리스 지금 들어가면 쥬지앞으로 나오는거냐 ㅋㅋㅋㅋ,어우,21,21.0,노리스 지금 들어가면 쥬지앞으로 나오는거냐 ㅋㅋㅋㅋ 어우,노리스 지금 들어가면 쥬지앞으로 나오는거냐 ㅋㅋㅋㅋ 어우,0.354920893907547,0.22653383016586304,0.21048904955387115,0.08580054342746735,0.03745948523283005,0.08479619771242142
2024-09-22 21:35:52,저우관유는 나도 넘을 듯 ㅋㅋㅋㅋㅋㅋㅋㅋㅋ,장난임,21,21.0,저우관유는 나도 넘을 듯 ㅋㅋㅋㅋㅋㅋㅋㅋㅋ 장난임,저우관유는 나도 넘을 듯 ㅋㅋㅋㅋㅋㅋㅋㅋㅋ 장난임,0.44738730788230896,0.20394198596477509,0.16011224687099457,0.09906705468893051,0.04110512509942055,0.04838627204298973
2024-09-22 21:35:55,제발 서킷에 도황 입갤좀,제발,21,21.0,제발 서킷에 도황 입갤좀 제발,제발 서킷에 도황 입갤좀 제발,0.32072189450263977,0.22830013930797577,0.1302754282951355,0.11219695210456848,0.13546152412891388,0.07304403930902481
2024-09-22 21:35:58,여기 모나코냐?,"간격 왜이러노
- dc official App",21,21.0,"여기 모나코냐? 간격 왜이러노
- dc official App",여기 모나코냐? 간격 왜이러노,0.09059653431177139,0.3132162392139435,0.21925565600395203,0.1675242781639099,0.13402092456817627,0.07538644224405289
2024-09-22 21:36:00,마그누센 개지랄 안하넹,,21,21.0,마그누센 개지랄 안하넹 ,마그누센 개지랄 안하넹,0.1248680129647255,0.21056783199310303,0.30488160252571106,0.17093276977539062,0.09903553873300552,0.08971419930458069
2024-09-22 21:36:02,이분 등판해야할거 같으면 개추 ㅋㅋㅋ,킹갓 도황,21,21.0,이분 등판해야할거 같으면 개추 ㅋㅋㅋ 킹갓 도황,이분 등판해야할거 같으면 개추 ㅋㅋㅋ 킹갓 도황,0.62650066614151,0.14997829496860504,0.0916581004858017,0.05628522112965584,0.03679468855261803,0.03878306970000267
2024-09-22 21:36:03,크래쉬게이트 <<<< 왜 했는지 이해되면 개추,ㄹㅇ,21,21.0,크래쉬게이트 <<<< 왜 했는지 이해되면 개추 ㄹㅇ,크래쉬게이트 <<<< 왜 했는지 이해되면 개추 ㄹㅇ,0.43952664732933044,0.16942331194877625,0.21430324018001556,0.07692010700702667,0.04453948885202408,0.055287186056375504
2024-09-22 21:36:04,리카도는 은퇴할만하네 ㅋㅋㅋㅋㅋ,- dc official App,21,21.0,리카도는 은퇴할만하네 ㅋㅋㅋㅋㅋ - dc official App,리카도는 은퇴할만하네 ㅋㅋㅋㅋㅋ - dc official App,0.2466200292110443,0.26016736030578613,0.23966458439826965,0.10056908428668976,0.04412567615509033,0.1088532879948616
2024-09-22 21:36:05,저정도 차이나야 추월이 되는구나 ㅋㅋㅋㅋ,모나코는 안될지도 ㅋㅋㅋ,21,21.0,저정도 차이나야 추월이 되는구나 ㅋㅋㅋㅋ 모나코는 안될지도 ㅋㅋㅋ,저정도 차이나야 추월이 되는구나 ㅋㅋㅋㅋ 모나코는 안될지도 ㅋㅋㅋ,0.12693361937999725,0.2833794355392456,0.28657302260398865,0.11860855668783188,0.06252144277095795,0.12198390066623688
2024-09-22 21:36:07,추월 더럽게안나오네..,- dc official App,21,21.0,추월 더럽게안나오네.. - dc official App,추월 더럽게안나오네.. - dc official App,0.12214668840169907,0.2833384573459625,0.1349143087863922,0.19881099462509155,0.2261573225259781,0.034632280468940735
2024-09-22 21:36:09,노 마이애미 입갤ㅋㅋ,- dc official App,21,21.0,노 마이애미 입갤ㅋㅋ - dc official App,노 마이애미 입갤ㅋㅋ - dc official App,0.6575466990470886,0.12396061420440674,0.09486232697963715,0.0648583322763443,0.03276685252785683,0.026005197316408157
2024-09-22 21:36:11,쿠팡 회심의 프로모션 폭격 들어갔는데 레이스 꼬라지,"뉴비들 도망가는소리 들린다 ㅋㅋㅋㅋㅋㅋㅋㅋㅋㅋㅋ
자우버 + 리카도 셋이 합의봐서 한놈 사고내라",21,21.0,"쿠팡 회심의 프로모션 폭격 들어갔는데 레이스 꼬라지 뉴비들 도망가는소리 들린다 ㅋㅋㅋㅋㅋㅋㅋㅋㅋㅋㅋ
자우버 + 리카도 셋이 합의봐서 한놈 사고내라",쿠팡 회심의 프로모션 폭격 들어갔는데 레이스 꼬라지 뉴비들 도망가는소리 들린다 ㅋㅋㅋㅋㅋㅋㅋㅋㅋㅋㅋ 자우버 + 리카도 셋이 합의봐서 한놈 사고내라,0.1570495218038559,0.21447083353996277,0.25020191073417664,0.1680227518081665,0.08304865658283234,0.12720631062984467
2024-09-22 21:36:16,14초 입갤,,21,21.0,14초 입갤 ,14초 입갤,0.4748722016811371,0.19558574259281158,0.165745809674263,0.07755974680185318,0.04355885460972786,0.04267766699194908
2024-09-22 21:36:23,No 내 엄마 ㅋㅋㅋㅋ,ㅋㅋㅋㅋ,21,21.0,No 내 엄마 ㅋㅋㅋㅋ ㅋㅋㅋㅋ,No 내 엄마 ㅋㅋㅋㅋ ㅋㅋㅋㅋ,0.6112101674079895,0.152093768119812,0.07279228419065475,0.08018078655004501,0.05175722762942314,0.03196573629975319
2024-09-22 21:36:24,노애미 ㅋㅋㅋㅋㅋㅋ,- dc official App,21,21.0,노애미 ㅋㅋㅋㅋㅋㅋ - dc official App,노애미 ㅋㅋㅋㅋㅋㅋ - dc official App,0.20132489502429962,0.2032344937324524,0.17054761946201324,0.2530987858772278,0.09958432614803314,0.07220987975597382
2024-09-22 21:36:27,마이애미는 없다 ㄷㄷㄷ,,21,21.0,마이애미는 없다 ㄷㄷㄷ ,마이애미는 없다 ㄷㄷㄷ,0.12297289818525314,0.22837091982364655,0.3214851915836334,0.12477023899555206,0.07821227610111237,0.12418845295906067
2024-09-22 21:36:34,추월 좆나 안나오네 ㄹㅇ ㅋㅋㅋ,시가지가 이래서 좆노잼,21,21.0,추월 좆나 안나오네 ㄹㅇ ㅋㅋㅋ 시가지가 이래서 좆노잼,추월 좆나 안나오네 ㄹㅇ ㅋㅋㅋ 시가지가 이래서 좆노잼,0.1130092442035675,0.3110573887825012,0.14339891076087952,0.2057265043258667,0.17050346732139587,0.05630449950695038
2024-09-22 21:36:35,오늘 100만가지 경우의수 하나 터져서 훌켄버그 포듐갔음좋겠다,오늘은 운좋으면 충분히 가능해보이는데,21,21.0,오늘 100만가지 경우의수 하나 터져서 훌켄버그 포듐갔음좋겠다 오늘은 운좋으면 충분히 가능해보이는데,오늘 100만가지 경우의수 하나 터져서 훌켄버그 포듐갔음좋겠다 오늘은 운좋으면 충분히 가능해보이는데,0.36900588870048523,0.20641301572322845,0.19183023273944855,0.08449552953243256,0.07125379145145416,0.07700158655643463
2024-09-22 21:36:37,막스는 우승 생각이 없네,"ㅋㅋ
- dc official App",21,21.0,"막스는 우승 생각이 없네 ㅋㅋ
- dc official App",막스는 우승 생각이 없네 ㅋㅋ,0.08619578927755356,0.31437453627586365,0.2815932035446167,0.13717010617256165,0.09249400347471237,0.08817232400178909
2024-09-22 21:36:41,왤캐 노잼임,"넷플에선 이런느낌 아니였는데,,
- dc official App",21,21.0,"왤캐 노잼임 넷플에선 이런느낌 아니였는데,,
- dc official App","왤캐 노잼임 넷플에선 이런느낌 아니였는데,,",0.11188960075378418,0.33756861090660095,0.1584913730621338,0.16879242658615112,0.16240568459033966,0.060852307826280594
2024-09-22 21:36:46,더이상 마이애미가 없다?,"패드립 오지네 ㄷㄷ
- dc official App",21,21.0,"더이상 마이애미가 없다? 패드립 오지네 ㄷㄷ
- dc official App",더이상 마이애미가 없다? 패드립 오지네 ㄷㄷ,0.08468795567750931,0.2027527242898941,0.28534427285194397,0.198435977101326,0.11848213523626328,0.11029691994190216
2024-09-22 21:36:48,마이애미 캘린더 제외 ㄷㄷ,"노마이애미 ㄷㄷ
- ORACLE RED BULL RACING RB20",21,21.0,"마이애미 캘린더 제외 ㄷㄷ 노마이애미 ㄷㄷ
- ORACLE RED BULL RACING RB20",마이애미 캘린더 제외 ㄷㄷ 노마이애미 ㄷㄷ - ORACLE RED BULL RACING RB20,0.14067892730236053,0.2193237990140915,0.30939218401908875,0.14744704961776733,0.06763128191232681,0.11552678048610687
2024-09-22 21:36:49,알론소는 계속 저렇게 가도 안힘듬?,계속 저간격이고,21,21.0,알론소는 계속 저렇게 가도 안힘듬? 계속 저간격이고,알론소는 계속 저렇게 가도 안힘듬? 계속 저간격이고,0.08907028287649155,0.23952317237854004,0.277921587228775,0.14491848647594452,0.13708598911762238,0.11148050427436829
2024-09-22 21:36:53,오스카는 뭐하지 진짜 ???,"노리스는 같은 차로 저렇게 잘 달리는데
러셀 꽁무니도 안보이네 이제",21,21.0,"오스카는 뭐하지 진짜 ??? 노리스는 같은 차로 저렇게 잘 달리는데
러셀 꽁무니도 안보이네 이제",오스카는 뭐하지 진짜 ??? 노리스는 같은 차로 저렇게 잘 달리는데 러셀 꽁무니도 안보이네 이제,0.07378622889518738,0.31652018427848816,0.185871422290802,0.1612420678138733,0.18536411225795746,0.07721593230962753
2024-09-22 21:36:54,정지훈님이랑 도황 입갤했으면 좋겠구나,제발 레이스의 정상화좀,21,21.0,정지훈님이랑 도황 입갤했으면 좋겠구나 제발 레이스의 정상화좀,정지훈님이랑 도황 입갤했으면 좋겠구나 제발 레이스의 정상화좀,0.454643577337265,0.17721964418888092,0.1384979486465454,0.08055660873651505,0.07513877749443054,0.07394341379404068
2024-09-22 21:36:55,이러다가 쿠팡 다 망한다!!!,제발 사고좀 잠와,22,22.0,이러다가 쿠팡 다 망한다!!! 제발 사고좀 잠와,이러다가 쿠팡 다 망한다!!! 제발 사고좀 잠와,0.09253715723752975,0.22594054043293,0.16211991012096405,0.18228335678577423,0.25159990787506104,0.08551913499832153
2024-09-22 21:36:58,랩당 1초는 시발ㅋㅋ,아오,22,22.0,랩당 1초는 시발ㅋㅋ 아오,랩당 1초는 시발ㅋㅋ 아오,0.11786706745624542,0.2352086454629898,0.117873914539814,0.3039385974407196,0.17907235026359558,0.04603942483663559
2024-09-22 21:36:59,뉴비인데 원래 이래 레이스?,싱가폴 경기가 처음인데 원래 기차놀이함?,22,22.0,뉴비인데 원래 이래 레이스? 싱가폴 경기가 처음인데 원래 기차놀이함?,뉴비인데 원래 이래 레이스? 싱가폴 경기가 처음인데 원래 기차놀이함?,0.15761609375476837,0.22048766911029816,0.3532566428184509,0.11061511188745499,0.06150355935096741,0.09652093052864075
2024-09-22 21:37:00,세이프티카 100%라며!!!,어디 갘ㅅ노?,22,22.0,세이프티카 100%라며!!! 어디 갘ㅅ노?,세이프티카 100%라며!!! 어디 갘ㅅ노?,0.1333789825439453,0.2526227831840515,0.27227988839149475,0.14677473902702332,0.12375902384519577,0.07118456065654755
2024-09-22 21:37:04,세카 한접시 마렵네,"아
- dc official App",22,22.0,"세카 한접시 마렵네 아
- dc official App",세카 한접시 마렵네 아,0.19048692286014557,0.20841023325920105,0.11168140918016434,0.2705649733543396,0.16490431129932404,0.053952161222696304
2024-09-22 21:37:10,노리스가 폴투윈 노리는거 아니면,걍 지금 들어가면 가불기 아님? ㅋㅋ언더컷 당할래 내뒤에서 달릴레,22,22.0,노리스가 폴투윈 노리는거 아니면 걍 지금 들어가면 가불기 아님? ㅋㅋ언더컷 당할래 내뒤에서 달릴레,노리스가 폴투윈 노리는거 아니면 걍 지금 들어가면 가불기 아님? ㅋㅋ언더컷 당할래 내뒤에서 달릴레,0.09395318478345871,0.2507108151912689,0.2830999493598938,0.13446339964866638,0.10356155782938004,0.13421107828617096
2024-09-22 21:37:12,어느덧 1/3 주파 ㅋㅋㅋ,앆!!,22,22.0,어느덧 1/3 주파 ㅋㅋㅋ 앆!!,어느덧 1/3 주파 ㅋㅋㅋ 앆!!,0.6784976720809937,0.11471781879663467,0.0799662172794342,0.061501022428274155,0.03636016324162483,0.028957080096006393
2024-09-22 21:37:14,레드불 전략팀 쳐 자는게 분명함,어제 페이스 보면 저렇게 쳐 느릴리가 없음,22,22.0,레드불 전략팀 쳐 자는게 분명함 어제 페이스 보면 저렇게 쳐 느릴리가 없음,레드불 전략팀 쳐 자는게 분명함 어제 페이스 보면 저렇게 쳐 느릴리가 없음,0.06849315762519836,0.21844995021820068,0.28809288144111633,0.19317975640296936,0.15983378887176514,0.07195044308900833
2024-09-22 21:37:17,랜도 들어가려나,,22,22.0,랜도 들어가려나 ,랜도 들어가려나,0.25434815883636475,0.21685296297073364,0.3039257228374481,0.09019603580236435,0.05313738435506821,0.08153975754976273
2024-09-22 21:37:17,슬슬 누구 하나 박아줬으면 좋겠다,"슬슬 나올 때 됐는데
- dc official App",22,22.0,"슬슬 누구 하나 박아줬으면 좋겠다 슬슬 나올 때 됐는데
- dc official App",슬슬 누구 하나 박아줬으면 좋겠다 슬슬 나올 때 됐는데,0.2932581305503845,0.22817100584506989,0.12492316216230392,0.13713803887367249,0.13780474662780762,0.0787048414349556
2024-09-22 21:37:23,재미업숴…..,- dc official App,22,22.0,재미업숴….. - dc official App,재미업숴….. - dc official App,0.19144895672798157,0.31009143590927124,0.12804704904556274,0.16080550849437714,0.1603720486164093,0.0492350272834301
2024-09-22 21:37:26,안녕하세요 F1 첫 입문인데 원래 이렇게 좆노잼인 스포츠인가요?,네,22,22.0,안녕하세요 F1 첫 입문인데 원래 이렇게 좆노잼인 스포츠인가요? 네,안녕하세요 F1 첫 입문인데 원래 이렇게 좆노잼인 스포츠인가요? 네,0.06783169507980347,0.2923406660556793,0.23873047530651093,0.16648946702480316,0.14281439781188965,0.09179334342479706
2024-09-22 21:37:32,블러핑 ㅋㅋ,,22,22.0,블러핑 ㅋㅋ ,블러핑 ㅋㅋ,0.17409589886665344,0.2586511969566345,0.2632707357406616,0.15864552557468414,0.0809527114033699,0.06438392400741577
2024-09-22 21:37:34,작년 싱가폴 <<<이 개새끼가 제일 문제임,"퀄리파잉 1.2.3에 레이스 전부 너무 꿀잼이었음ㅡㅡ
- dc official App",22,22.0,"작년 싱가폴 <<<이 개새끼가 제일 문제임 퀄리파잉 1.2.3에 레이스 전부 너무 꿀잼이었음ㅡㅡ
- dc official App",작년 싱가폴 <<<이 개새끼가 제일 문제임 퀄리파잉 1.2.3에 레이스 전부 너무 꿀잼이었음ㅡㅡ,0.31826621294021606,0.21838907897472382,0.09673269093036652,0.1883208304643631,0.12790155410766602,0.050389599055051804
2024-09-22 21:37:37,ㅋㅋㅋㅋㅋ,"1 2위 안보여줘서 막스 밉보여서 그런줄 알았는데
랩탐 저거 머냐 ㅋㅋ 노리스 지금 피트 들어갔다 나와도 3위겄네 ㅋㅋㅋ",22,22.0,"ㅋㅋㅋㅋㅋ 1 2위 안보여줘서 막스 밉보여서 그런줄 알았는데
랩탐 저거 머냐 ㅋㅋ 노리스 지금 피트 들어갔다 나와도 3위겄네 ㅋㅋㅋ",ㅋㅋㅋㅋㅋ 1 2위 안보여줘서 막스 밉보여서 그런줄 알았는데 랩탐 저거 머냐 ㅋㅋ 노리스 지금 피트 들어갔다 나와도 3위겄네 ㅋㅋㅋ,0.09942559897899628,0.2729857563972473,0.2826370596885681,0.1496884971857071,0.08587118238210678,0.10939191281795502
2024-09-22 21:37:43,저정도 크루징이면 위닝카긴 하네..,23 몽골급이네,22,22.0,저정도 크루징이면 위닝카긴 하네.. 23 몽골급이네,저정도 크루징이면 위닝카긴 하네.. 23 몽골급이네,0.1409207582473755,0.24443884193897247,0.3363778293132782,0.11010602116584778,0.05564441159367561,0.11251214891672134
2024-09-22 21:37:43,구라안치고,"지금 셒카 나와도 개노잼일거같은데..ㅋㅎㅋㅎㅎㅋ
- dc official App",22,22.0,"구라안치고 지금 셒카 나와도 개노잼일거같은데..ㅋㅎㅋㅎㅎㅋ
- dc official App",구라안치고 지금 셒카 나와도 개노잼일거같은데..ㅋㅎㅋㅎㅎㅋ,0.14111866056919098,0.3276181221008301,0.1971551775932312,0.15135881304740906,0.10098005831241608,0.08176911622285843
2024-09-22 21:37:46,하스애마 ㅈ같노 십,,22,22.0,하스애마 ㅈ같노 십 ,하스애마 ㅈ같노 십,0.14152108132839203,0.1964503675699234,0.1059717908501625,0.2880966365337372,0.22633802890777588,0.0416221097111702
2024-09-22 21:37:49,황라렌 시즌 2호 스테이 아웃 ㅋㅋ,ㅋㅋㅋㅋ,22,22.0,황라렌 시즌 2호 스테이 아웃 ㅋㅋ ㅋㅋㅋㅋ,황라렌 시즌 2호 스테이 아웃 ㅋㅋ ㅋㅋㅋㅋ,0.6601464748382568,0.12140288203954697,0.08538126200437546,0.07121415436267853,0.03601129725575447,0.025843990966677666
2024-09-22 21:37:55,DRSㅈ존이 몇갠데 추월이,ㄴ,22,22.0,DRSㅈ존이 몇갠데 추월이 ㄴ,DRSㅈ존이 몇갠데 추월이 ㄴ,0.1045970469713211,0.2704259157180786,0.24821601808071136,0.1916852742433548,0.1257680356502533,0.059307731688022614
2024-09-22 21:38:03,진짜 제일 거품낀년 = 한나,솔까 이년이 뭐 한거 없음 그냥 차빨로 아무거나 하면 다 된,22,22.0,진짜 제일 거품낀년 = 한나 솔까 이년이 뭐 한거 없음 그냥 차빨로 아무거나 하면 다 된,진짜 제일 거품낀년 = 한나 솔까 이년이 뭐 한거 없음 그냥 차빨로 아무거나 하면 다 된,0.08750023692846298,0.17331862449645996,0.17204409837722778,0.28199002146720886,0.2307591587305069,0.054387811571359634
2024-09-22 21:38:13,이걸 일년내내 본다고 정신나감?,그것은 실제로 2023년에...,22,22.0,이걸 일년내내 본다고 정신나감? 그것은 실제로 2023년에...,이걸 일년내내 본다고 정신나감? 그것은 실제로 2023년에...,0.06807713210582733,0.24089036881923676,0.2829212546348572,0.17840395867824554,0.12937982380390167,0.1003275215625763
2024-09-22 21:38:15,스트롤 추월은 조심히 해라 ㄹㅇ,골로 가는수가 있다,22,22.0,스트롤 추월은 조심히 해라 ㄹㅇ 골로 가는수가 있다,스트롤 추월은 조심히 해라 ㄹㅇ 골로 가는수가 있다,0.1245371475815773,0.2130100131034851,0.3259084224700928,0.11307907849550247,0.0967150405049324,0.12675029039382935
2024-09-22 21:38:29,간단하게 말해 십 ㅋㅋㅋㅋ,,22,22.0,간단하게 말해 십 ㅋㅋㅋㅋ ,간단하게 말해 십 ㅋㅋㅋㅋ,0.17623963952064514,0.26573342084884644,0.16203051805496216,0.23310458660125732,0.09289097785949707,0.07000083476305008
2024-09-22 21:38:30,노창섭 ㅋㅋㅋㅋㅋㅋㅋㅋㅋㅋㅋㅋ,"동네북스딱펜 강점기 정상화 ㅋㅋㅋㅋ
- dc official App",22,22.0,"노창섭 ㅋㅋㅋㅋㅋㅋㅋㅋㅋㅋㅋㅋ 동네북스딱펜 강점기 정상화 ㅋㅋㅋㅋ
- dc official App",노창섭 ㅋㅋㅋㅋㅋㅋㅋㅋㅋㅋㅋㅋ 동네북스딱펜 강점기 정상화 ㅋㅋㅋㅋ,0.6282627582550049,0.13411225378513336,0.07619907706975937,0.08789008855819702,0.045840099453926086,0.027695702388882637
2024-09-22 21:38:30,사인지 감격의  애마추월2,,22,22.0,사인지 감격의  애마추월2 ,사인지 감격의 애마추월2,0.7046269178390503,0.1144908219575882,0.06778757274150848,0.051701392978429794,0.035650841891765594,0.025742577388882637
2024-09-22 21:38:31,뭐라하는거노,영국식 영어 ㅅㅂ,22,22.0,뭐라하는거노 영국식 영어 ㅅㅂ,뭐라하는거노 영국식 영어 ㅅㅂ,0.11118549853563309,0.2520638406276703,0.1396249532699585,0.2822556793689728,0.1687946319580078,0.04607541859149933
2024-09-22 21:38:32,애페대전,ㄷㄷ,22,22.0,애페대전 ㄷㄷ,애페대전 ㄷㄷ,0.15851116180419922,0.21145351231098175,0.3467958867549896,0.11600196361541748,0.0518534816801548,0.11538397520780563
2024-09-22 21:38:34,포디움은 결정났네,,23,23.0,포디움은 결정났네 ,포디움은 결정났네,0.4558424651622772,0.1929779350757599,0.16243195533752441,0.07880944758653641,0.05774760991334915,0.052190594375133514
2024-09-22 21:38:36,도련놈 컷ㅋㅋ,- dc official App,23,23.0,도련놈 컷ㅋㅋ - dc official App,도련놈 컷ㅋㅋ - dc official App,0.6669734716415405,0.12642820179462433,0.08287235349416733,0.06456971168518066,0.03359302133321762,0.025563158094882965
2024-09-22 21:38:39,잠깐 일하다 왔는데 해밀턴 왜 이렇게 순위 떨어짐?,???????????,23,23.0,잠깐 일하다 왔는데 해밀턴 왜 이렇게 순위 떨어짐? ???????????,잠깐 일하다 왔는데 해밀턴 왜 이렇게 순위 떨어짐? ???????????,0.09155794233083725,0.32791945338249207,0.22644877433776855,0.13896454870700836,0.11696670949459076,0.09814247488975525
2024-09-22 21:38:38,ㅋㅋㅋㅋㅋㅋㅋ 도련놈ㅋㅋㅋㅋㅋㅋㅋㅋㅋ,,23,23.0,ㅋㅋㅋㅋㅋㅋㅋ 도련놈ㅋㅋㅋㅋㅋㅋㅋㅋㅋ ,ㅋㅋㅋㅋㅋㅋㅋ 도련놈ㅋㅋㅋㅋㅋㅋㅋㅋㅋ,0.679617702960968,0.12205647677183151,0.07660975307226181,0.05845870450139046,0.0364888496696949,0.02676849253475666
2024-09-22 21:38:39,c5 타이어 손가락으로 누르면 눌릴정도로 무르다는데 진짜임?,ㄹㅇ? 그럼 진짜 지우개 수준 아님?,23,23.0,c5 타이어 손가락으로 누르면 눌릴정도로 무르다는데 진짜임? ㄹㅇ? 그럼 진짜 지우개 수준 아님?,c5 타이어 손가락으로 누르면 눌릴정도로 무르다는데 진짜임? ㄹㅇ? 그럼 진짜 지우개 수준 아님?,0.10021024197340012,0.1902294009923935,0.3480057716369629,0.1573633849620819,0.08718542009592056,0.11700574308633804
2024-09-22 21:38:39,오늘 인스타 엪원 계정 단관하던데 ㅋㅋ,현장 흥행 좆망했겠노 ㅋㅋ ㅜ,23,23.0,오늘 인스타 엪원 계정 단관하던데 ㅋㅋ 현장 흥행 좆망했겠노 ㅋㅋ ㅜ,오늘 인스타 엪원 계정 단관하던데 ㅋㅋ 현장 흥행 좆망했겠노 ㅋㅋ ㅜ,0.08147430419921875,0.3269416093826294,0.20084330439567566,0.14162732660770416,0.1485706865787506,0.10054275393486023
2024-09-22 21:38:41,몽골 분노의 노스탑 가자,,23,23.0,몽골 분노의 노스탑 가자 ,몽골 분노의 노스탑 가자,0.5713090300559998,0.1367788463830948,0.12083917111158371,0.08577661216259003,0.043236784636974335,0.042059578001499176
2024-09-22 21:38:42,와 사인츠 추월쇼!!,보여주냐?,23,23.0,와 사인츠 추월쇼!! 보여주냐?,와 사인츠 추월쇼!! 보여주냐?,0.4306020140647888,0.19430837035179138,0.2066679298877716,0.07506346702575684,0.032026153057813644,0.061332087963819504
2024-09-22 21:38:46,케로 오늘 라디오 다 씹네,회귀했나,23,23.0,케로 오늘 라디오 다 씹네 회귀했나,케로 오늘 라디오 다 씹네 회귀했나,0.07966379821300507,0.35555610060691833,0.1583818644285202,0.16142107546329498,0.1832852065563202,0.06169191747903824
2024-09-22 21:38:46,노리스 이러다 프리스탑 하겠네,ㄹㅇ 존나빠르다,23,23.0,노리스 이러다 프리스탑 하겠네 ㄹㅇ 존나빠르다,노리스 이러다 프리스탑 하겠네 ㄹㅇ 존나빠르다,0.10878288745880127,0.22944438457489014,0.2958453297615051,0.1498234122991562,0.08132262527942657,0.13478128612041473
2024-09-22 21:39:06,이벤트 안 열길 잘했다,노리스 우승에 걸려고 했었는데,23,23.0,이벤트 안 열길 잘했다 노리스 우승에 걸려고 했었는데,이벤트 안 열길 잘했다 노리스 우승에 걸려고 했었는데,0.23353561758995056,0.29482272267341614,0.12591102719306946,0.13126330077648163,0.15881994366645813,0.05564737692475319
2024-09-22 21:39:08,스트롤이랑 국왕 차이 너무나는데,같이 차 타는거맞음???,23,23.0,스트롤이랑 국왕 차이 너무나는데 같이 차 타는거맞음???,스트롤이랑 국왕 차이 너무나는데 같이 차 타는거맞음???,0.10445883870124817,0.230666846036911,0.3496483564376831,0.13188707828521729,0.09386911988258362,0.08946973085403442
2024-09-22 21:39:08,프리스탑이 뭐야?,뉴비라 몰라서그래,23,23.0,프리스탑이 뭐야? 뉴비라 몰라서그래,프리스탑이 뭐야? 뉴비라 몰라서그래,0.1899338811635971,0.22678041458129883,0.33126524090766907,0.09492697566747665,0.0615227073431015,0.09557081758975983
2024-09-22 21:39:09,물탕 뒤질뻔했네,"ㅋㅋㅋ
- dc official App",23,23.0,"물탕 뒤질뻔했네 ㅋㅋㅋ
- dc official App",물탕 뒤질뻔했네 ㅋㅋㅋ,0.23846851289272308,0.3250095844268799,0.1302303522825241,0.15724095702171326,0.08358317613601685,0.06546735018491745
2024-09-22 21:39:11,노잼경기 15 따리 추월에 목소리 높이네,노잼,23,23.0,노잼경기 15 따리 추월에 목소리 높이네 노잼,노잼경기 15 따리 추월에 목소리 높이네 노잼,0.10976126044988632,0.30714359879493713,0.1627727448940277,0.19231483340263367,0.1627448946237564,0.06526261568069458
2024-09-22 21:39:12,사인즈 15위는 대체 뭐임,"개망했네
- dc official App",23,23.0,"사인즈 15위는 대체 뭐임 개망했네
- dc official App",사인즈 15위는 대체 뭐임 개망했네,0.0694703757762909,0.28573015332221985,0.23082293570041656,0.16545233130455017,0.1829807162284851,0.06554358452558517
2024-09-22 21:39:14,이대로 가면 8점 좁히네,드챔 경쟁 드가나,23,23.0,이대로 가면 8점 좁히네 드챔 경쟁 드가나,이대로 가면 8점 좁히네 드챔 경쟁 드가나,0.19460633397102356,0.21743662655353546,0.3355574607849121,0.09345946460962296,0.05361113324761391,0.1053289994597435
2024-09-22 21:39:15,노잼이면 작년 거 보셈,"100% 개꿀잼임
- dc official App",23,23.0,"노잼이면 작년 거 보셈 100% 개꿀잼임
- dc official App",노잼이면 작년 거 보셈 100% 개꿀잼임,0.5917478203773499,0.14999395608901978,0.0880143865942955,0.07679979503154755,0.051564838737249374,0.04187915101647377
2024-09-22 21:39:16,카도야 어차피 조진 거 걍 사고 내자,마지막 레이스잖음ㅇㅇ,23,23.0,카도야 어차피 조진 거 걍 사고 내자 마지막 레이스잖음ㅇㅇ,카도야 어차피 조진 거 걍 사고 내자 마지막 레이스잖음ㅇㅇ,0.1980513036251068,0.28663137555122375,0.18738651275634766,0.10760398954153061,0.12484797090291977,0.09547888487577438
2024-09-22 21:39:33,프리핏스탑 입갤 ㅌㅋㅋㅋㅋㅋㅋㅋㅋㅋ,,23,23.0,프리핏스탑 입갤 ㅌㅋㅋㅋㅋㅋㅋㅋㅋㅋ ,프리핏스탑 입갤 ㅌㅋㅋㅋㅋㅋㅋㅋㅋㅋ,0.6772902607917786,0.11638043820858002,0.07094305008649826,0.07159806042909622,0.03866474702954292,0.025123462080955505
2024-09-22 21:39:39,제발 아무나 주작좀,,23,23.0,제발 아무나 주작좀 ,제발 아무나 주작좀,0.14509035646915436,0.21331921219825745,0.27304738759994507,0.11778430640697479,0.13629686832427979,0.11446186155080795
2024-09-22 21:39:46,아니슬슬 사고날땨됐는데,안나오나,23,23.0,아니슬슬 사고날땨됐는데 안나오나,아니슬슬 사고날땨됐는데 안나오나,0.10479020327329636,0.2737525999546051,0.20466424524784088,0.1553814709186554,0.16836188733577728,0.09304957091808319
2024-09-22 21:39:48,?? : 뒤를 박았다,"타이어갈고 나와서 추월쇼를 보여주며
- dc official App",23,23.0,"?? : 뒤를 박았다 타이어갈고 나와서 추월쇼를 보여주며
- dc official App",?? : 뒤를 박았다 타이어갈고 나와서 추월쇼를 보여주며,0.11652954667806625,0.2664906978607178,0.2735729217529297,0.14024946093559265,0.0859723761677742,0.11718499660491943
2024-09-22 21:39:49,씨발 누구든 좋으니 아무나 셒카좀 띄어줘,제발,23,23.0,씨발 누구든 좋으니 아무나 셒카좀 띄어줘 제발,씨발 누구든 좋으니 아무나 셒카좀 띄어줘 제발,0.20944975316524506,0.1807965636253357,0.11109365522861481,0.24686677753925323,0.19863571226596832,0.0531575083732605
2024-09-22 21:39:57,누리스 패랩유지하고 1등하면 그거 아닌가?,"그 뭐였더라 그거
아직 1등 안
따였으니까",23,23.0,"누리스 패랩유지하고 1등하면 그거 아닌가? 그 뭐였더라 그거
아직 1등 안
따였으니까",누리스 패랩유지하고 1등하면 그거 아닌가? 그 뭐였더라 그거 아직 1등 안 따였으니까,0.2377300262451172,0.25281789898872375,0.26679572463035583,0.0985647439956665,0.06845942884683609,0.07563216984272003
2024-09-22 21:39:58,맥 강점기 선언,ㅅㅅ,23,23.0,맥 강점기 선언 ㅅㅅ,맥 강점기 선언 ㅅㅅ,0.5134085416793823,0.14357417821884155,0.08871916681528091,0.14410462975502014,0.07468467205762863,0.03550873324275017
2024-09-22 21:39:58,안캐 추월 하나 나올때마다 격하게 반응하는게 ㅋㅋㅋ,오늘 진짜 개꿀잼 경기 예상하고 텐션 올려서 왔는데 이지랄 나서 슬프겠노 ㅠㅠ,23,23.0,안캐 추월 하나 나올때마다 격하게 반응하는게 ㅋㅋㅋ 오늘 진짜 개꿀잼 경기 예상하고 텐션 올려서 왔는데 이지랄 나서 슬프겠노 ㅠㅠ,안캐 추월 하나 나올때마다 격하게 반응하는게 ㅋㅋㅋ 오늘 진짜 개꿀잼 경기 예상하고 텐션 올려서 왔는데 이지랄 나서 슬프겠노 ㅠㅠ,0.2967560291290283,0.25856196880340576,0.12480930238962173,0.1199522316455841,0.11672144383192062,0.08319909125566483
2024-09-22 21:40:00,슬슬 니코카도가 꼽아야,"정상화 될듯
- dc official App",23,23.0,"슬슬 니코카도가 꼽아야 정상화 될듯
- dc official App",슬슬 니코카도가 꼽아야 정상화 될듯,0.13896071910858154,0.3019207715988159,0.24873678386211395,0.10230615735054016,0.13578444719314575,0.07229112833738327
2024-09-22 21:40:01,몽골이랑 어느새 16초 차네 ㅅㅂㅋㅋㅋ,,23,23.0,몽골이랑 어느새 16초 차네 ㅅㅂㅋㅋㅋ ,몽골이랑 어느새 16초 차네 ㅅㅂㅋㅋㅋ,0.11935931444168091,0.26465243101119995,0.19563546776771545,0.2072157859802246,0.10571697354316711,0.10742005705833435
2024-09-22 21:40:09,사인스 하드 끝까지 갈수있음?,47랩 정도? 가능한가,23,23.0,사인스 하드 끝까지 갈수있음? 47랩 정도? 가능한가,사인스 하드 끝까지 갈수있음? 47랩 정도? 가능한가,0.1888379454612732,0.20255319774150848,0.351940393447876,0.0959814116358757,0.05558271333575249,0.10510433465242386
2024-09-22 21:40:13,경 ㅋㅋㅋㅋㅋ,,23,23.0,경 ㅋㅋㅋㅋㅋ ,경 ㅋㅋㅋㅋㅋ,0.695663571357727,0.11784332245588303,0.0752277746796608,0.05505334585905075,0.03196239843964577,0.024249542504549026
2024-09-22 21:40:19,ㅋㅋㅋㅋ우리좆됐다 ㅋㅋㅋㅋ,,24,24.0,ㅋㅋㅋㅋ우리좆됐다 ㅋㅋㅋㅋ ,ㅋㅋㅋㅋ우리좆됐다 ㅋㅋㅋㅋ,0.21152888238430023,0.2686033844947815,0.12682589888572693,0.20796199142932892,0.1214522123336792,0.06362761557102203
2024-09-22 21:40:24,콜라 체황 3.5초갭ㅋㅋㅋㅋㅋ,"병신
- dc official App",24,24.0,"콜라 체황 3.5초갭ㅋㅋㅋㅋㅋ 병신
- dc official App",콜라 체황 3.5초갭ㅋㅋㅋㅋㅋ 병신,0.12974169850349426,0.2231176495552063,0.2837089002132416,0.18998177349567413,0.08507663756608963,0.08837337046861649
2024-09-22 21:40:29,그래서 노창섭 이제 프리피트스탑이라고?,"끝났네
- dc official App",24,24.0,"그래서 노창섭 이제 프리피트스탑이라고? 끝났네
- dc official App",그래서 노창섭 이제 프리피트스탑이라고? 끝났네,0.08884094655513763,0.2521781027317047,0.3215941786766052,0.12157382071018219,0.10673234611749649,0.10908062011003494
2024-09-22 21:40:32,이 ㅈ노잼 경기 다음에 라이브로 볼 경기는 11월 23일..,ㅈ망,24,24.0,이 ㅈ노잼 경기 다음에 라이브로 볼 경기는 11월 23일.. ㅈ망,이 ㅈ노잼 경기 다음에 라이브로 볼 경기는 11월 23일.. ㅈ망,0.10250672698020935,0.29966282844543457,0.1549862176179886,0.19235798716545105,0.1883639097213745,0.06212232634425163
2024-09-22 21:40:36,경의 예언,,24,24.0,경의 예언 ,경의 예언,0.36982253193855286,0.18975499272346497,0.2412741780281067,0.08790252357721329,0.048162829130887985,0.06308300048112869
2024-09-22 21:40:37,우리 ㅈ됬다ㅋㅋㅋㅋ,,24,24.0,우리 ㅈ됬다ㅋㅋㅋㅋ ,우리 ㅈ됬다ㅋㅋㅋㅋ,0.1907498836517334,0.2638545632362366,0.1486651450395584,0.17530208826065063,0.13208705186843872,0.08934120088815689
2024-09-22 21:40:39,17초 ㅋㅋㅋㅋㅋ,ㅜ,24,24.0,17초 ㅋㅋㅋㅋㅋ ㅜ,17초 ㅋㅋㅋㅋㅋ ㅜ,0.17810451984405518,0.35420143604278564,0.13846798241138458,0.1375647932291031,0.12644420564174652,0.06521706283092499
2024-09-22 21:40:39,물탕이 가끔 에이징 커브 보이면 슬프노,,24,24.0,물탕이 가끔 에이징 커브 보이면 슬프노 ,물탕이 가끔 에이징 커브 보이면 슬프노,0.14216408133506775,0.2818874418735504,0.17779645323753357,0.13315615057945251,0.19085794687271118,0.07413790374994278
2024-09-22 21:40:40,현실직시는 경ㅋㅋㅋ,ㅋㅋㅋㅁ,24,24.0,현실직시는 경ㅋㅋㅋ ㅋㅋㅋㅁ,현실직시는 경ㅋㅋㅋ ㅋㅋㅋㅁ,0.4819875657558441,0.19665156304836273,0.11654016375541687,0.1087087020277977,0.054574187844991684,0.04153783991932869
2024-09-22 21:40:41,우리 이따 좆된거같은데요 입갤 ㅋㅋㅋㅋㅋㅋ,,24,24.0,우리 이따 좆된거같은데요 입갤 ㅋㅋㅋㅋㅋㅋ ,우리 이따 좆된거같은데요 입갤 ㅋㅋㅋㅋㅋㅋ,0.26295483112335205,0.2939673066139221,0.15034645795822144,0.11927906423807144,0.08312146365642548,0.0903308317065239
2024-09-22 21:40:43,물탕경 : 우리가 제일 좆밥인가?,제일은 아니고 두번째정도 ㅇㅇ,24,24.0,물탕경 : 우리가 제일 좆밥인가? 제일은 아니고 두번째정도 ㅇㅇ,물탕경 : 우리가 제일 좆밥인가? 제일은 아니고 두번째정도 ㅇㅇ,0.09192059189081192,0.32235562801361084,0.2155626267194748,0.1337718367576599,0.14299637079238892,0.09339292347431183
2024-09-22 21:40:43,이게 필요하다,,24,24.0,이게 필요하다 ,이게 필요하다,0.5154162645339966,0.18775679171085358,0.11258337646722794,0.07327309995889664,0.06679031252861023,0.044180188328027725
2024-09-22 21:40:46,나직관인데 노리스리타이어함,"낚시가 레이스보다재밌으면개추 ㅋㅋ
- dc official App",24,24.0,"나직관인데 노리스리타이어함 낚시가 레이스보다재밌으면개추 ㅋㅋ
- dc official App",나직관인데 노리스리타이어함 낚시가 레이스보다재밌으면개추 ㅋㅋ,0.6602577567100525,0.1294083297252655,0.08983281999826431,0.058351874351501465,0.03218235448002815,0.029966868460178375
2024-09-22 21:40:52,시가지특) 개꿀잼임,대신 사고가 나야함,24,24.0,시가지특) 개꿀잼임 대신 사고가 나야함,시가지특) 개꿀잼임 대신 사고가 나야함,0.5424700975418091,0.15548786520957947,0.1015157550573349,0.09720452129840851,0.0645841583609581,0.03873748704791069
2024-09-22 21:40:54,노리스 피트찐빠 원하면 개추ㅋㅋ,,24,24.0,노리스 피트찐빠 원하면 개추ㅋㅋ ,노리스 피트찐빠 원하면 개추ㅋㅋ,0.6446152329444885,0.12792082130908966,0.09941721707582474,0.06279516965150833,0.03307251259684563,0.032179053872823715
2024-09-22 21:40:59,해밀턴 하드 3랩밖에안라지않음? ㅋㅋㅋㅋ,,24,24.0,해밀턴 하드 3랩밖에안라지않음? ㅋㅋㅋㅋ ,해밀턴 하드 3랩밖에안라지않음? ㅋㅋㅋㅋ,0.13824822008609772,0.2396044284105301,0.3205359876155853,0.13938002288341522,0.061727575957775116,0.10050372779369354
2024-09-22 21:41:02,레드 플랰 나오면 다시 스타팅 맞지?,"누구 한 놈만 ㅈㅂ
- dc official App",24,24.0,"레드 플랰 나오면 다시 스타팅 맞지? 누구 한 놈만 ㅈㅂ
- dc official App",레드 플랰 나오면 다시 스타팅 맞지? 누구 한 놈만 ㅈㅂ,0.14400768280029297,0.282556414604187,0.17967817187309265,0.13512057065963745,0.1658053696155548,0.09283178299665451
2024-09-22 21:41:03,몽골 느린이유,레드불이 체코로 크래쉬 게이트 하려고,24,24.0,몽골 느린이유 레드불이 체코로 크래쉬 게이트 하려고,몽골 느린이유 레드불이 체코로 크래쉬 게이트 하려고,0.12132950127124786,0.23500493168830872,0.3684922158718109,0.10831718146800995,0.09139332920312881,0.07546281814575195
2024-09-22 21:41:03,벌써?,,24,24.0,벌써? ,벌써?,0.11125802993774414,0.23493197560310364,0.32795488834381104,0.13914133608341217,0.07538235932588577,0.11133142560720444
2024-09-22 21:41:04,물징징 ㅋㅋㅋ,"이걸로 달리기 힘들어 ㅋㅋㅋ
- dc official App",24,24.0,"물징징 ㅋㅋㅋ 이걸로 달리기 힘들어 ㅋㅋㅋ
- dc official App",물징징 ㅋㅋㅋ 이걸로 달리기 힘들어 ㅋㅋㅋ,0.24458275735378265,0.32034608721733093,0.11464299261569977,0.1439281553030014,0.11344580352306366,0.06305424869060516
2024-09-22 21:41:04,타이어 벌써 ㅈ같다ㅋㅋㅋㅋㅋㅋㅋ,,24,24.0,타이어 벌써 ㅈ같다ㅋㅋㅋㅋㅋㅋㅋ ,타이어 벌써 ㅈ같다ㅋㅋㅋㅋㅋㅋㅋ,0.15474620461463928,0.26767849922180176,0.11120137572288513,0.23901040852069855,0.18401587009429932,0.04334764927625656
2024-09-22 21:41:05,뭔 시발 나오자마자 어렵다하노,,24,24.0,뭔 시발 나오자마자 어렵다하노 ,뭔 시발 나오자마자 어렵다하노,0.09488151967525482,0.23132896423339844,0.14469487965106964,0.2795826196670532,0.20331759750843048,0.04619446396827698
2024-09-22 21:41:10,햄징징 ㅋㅋ,,24,24.0,햄징징 ㅋㅋ ,햄징징 ㅋㅋ,0.6214852929115295,0.14123544096946716,0.09138394892215729,0.06877295672893524,0.04370497912168503,0.033417318016290665
2024-09-22 21:41:10,햄징징ㅋㅋ,- dc official App,24,24.0,햄징징ㅋㅋ - dc official App,햄징징ㅋㅋ - dc official App,0.6693315505981445,0.12149906158447266,0.08218387514352798,0.06350427120923996,0.036206312477588654,0.027274955064058304
2024-09-22 21:41:11,물탕게이얔ㅋㅋㅋㅋㅋ 또징징ㅋㅋㅋㅋㅋㅋ,,24,24.0,물탕게이얔ㅋㅋㅋㅋㅋ 또징징ㅋㅋㅋㅋㅋㅋ ,물탕게이얔ㅋㅋㅋㅋㅋ 또징징ㅋㅋㅋㅋㅋㅋ,0.6208455562591553,0.1403544843196869,0.0790761262178421,0.07733766734600067,0.05184900760650635,0.03053719364106655
2024-09-22 21:41:15,맥라렌 정상적인 차 맞는거냐?,너무 수상하게 빠른데,24,24.0,맥라렌 정상적인 차 맞는거냐? 너무 수상하게 빠른데,맥라렌 정상적인 차 맞는거냐? 너무 수상하게 빠른데,0.10843120515346527,0.2018422782421112,0.35736405849456787,0.13899359107017517,0.08743435889482498,0.10593448579311371
2024-09-22 21:41:16,그립읍니다.....F1엔 여러분이 필요합니다,꽃이 지고나서야 봄인줄 알았읍니다,24,24.0,그립읍니다.....F1엔 여러분이 필요합니다 꽃이 지고나서야 봄인줄 알았읍니다,그립읍니다.....F1엔 여러분이 필요합니다 꽃이 지고나서야 봄인줄 알았읍니다,0.3652256727218628,0.19143882393836975,0.11471442878246307,0.11261840909719467,0.15472093224525452,0.06128176674246788
2024-09-22 21:41:16,경 <-- 어감 ㅈㄴ 도라이급,경만 붙이면 ㅈㄴ 맛있음,24,24.0,경 <-- 어감 ㅈㄴ 도라이급 경만 붙이면 ㅈㄴ 맛있음,경 <-- 어감 ㅈㄴ 도라이급 경만 붙이면 ㅈㄴ 맛있음,0.5469976663589478,0.1492224633693695,0.1266804039478302,0.09094813466072083,0.0433913916349411,0.04275992885231972
2024-09-22 21:41:16,아니 경 ㅋㅋㅋㅋㅋ,"뭣
- dc official App",24,24.0,"아니 경 ㅋㅋㅋㅋㅋ 뭣
- dc official App",아니 경 ㅋㅋㅋㅋㅋ 뭣,0.1827428936958313,0.33881255984306335,0.20331773161888123,0.1304449588060379,0.07293745130300522,0.0717443898320198
2024-09-22 21:41:17,경징징ㅋㅋㅋㅋ,ㅋㅋㅋㅋ,24,24.0,경징징ㅋㅋㅋㅋ ㅋㅋㅋㅋ,경징징ㅋㅋㅋㅋ ㅋㅋㅋㅋ,0.6008787155151367,0.15784911811351776,0.09434254467487335,0.07605720311403275,0.03957244008779526,0.031300026923418045
2024-09-22 21:41:20,몇 랩 달렸다고 ㅋㅋㅋ,ㅋㅋㅋ,24,24.0,몇 랩 달렸다고 ㅋㅋㅋ ㅋㅋㅋ,몇 랩 달렸다고 ㅋㅋㅋ ㅋㅋㅋ,0.43158668279647827,0.22830140590667725,0.14954502880573273,0.10042460262775421,0.04718147590756416,0.04296077415347099
2024-09-22 21:41:30,4랩만에 좆됐다노 선언ㅋㅋㅋㅋ,ㅋㅋㅋ,24,24.0,4랩만에 좆됐다노 선언ㅋㅋㅋㅋ ㅋㅋㅋ,4랩만에 좆됐다노 선언ㅋㅋㅋㅋ ㅋㅋㅋ,0.12730586528778076,0.33536046743392944,0.1655212789773941,0.17236502468585968,0.09855359047651291,0.10089384764432907
2024-09-22 21:41:31,오늘 북스따펜 왤케 조용함?,"벽 느꼈나
- dc official App",24,24.0,"오늘 북스따펜 왤케 조용함? 벽 느꼈나
- dc official App",오늘 북스따펜 왤케 조용함? 벽 느꼈나,0.10882210731506348,0.2574644386768341,0.31148561835289,0.12537860870361328,0.08378032594919205,0.11306890100240707
2024-09-22 21:41:31,꼬우면 리타 ㄱ,"ㄹㅇ
ㅋㅋ",24,24.0,"꼬우면 리타 ㄱ ㄹㅇ
ㅋㅋ",꼬우면 리타 ㄱ ㄹㅇ ㅋㅋ,0.4609742760658264,0.16867175698280334,0.14896784722805023,0.12047730386257172,0.05831983685493469,0.0425889752805233
2024-09-22 21:41:31,햄징징 씹놈아 하드 4랩을 가지고 ㅋㅋ,ㅋㅋㅋ,24,24.0,햄징징 씹놈아 하드 4랩을 가지고 ㅋㅋ ㅋㅋㅋ,햄징징 씹놈아 하드 4랩을 가지고 ㅋㅋ ㅋㅋㅋ,0.18118827044963837,0.24295982718467712,0.1977103352546692,0.20759068429470062,0.0819457396864891,0.0886051282286644
2024-09-22 21:41:30,10랩도 안 달린 바퀴가 ㅋㅋㅋㅋ,,24,24.0,10랩도 안 달린 바퀴가 ㅋㅋㅋㅋ ,10랩도 안 달린 바퀴가 ㅋㅋㅋㅋ,0.16006693243980408,0.2357991337776184,0.2960394322872162,0.15696783363819122,0.06860407441854477,0.08252260088920593
2024-09-22 21:41:35,르끌 왜이리 미끌거리는거같노,"곧 쳐박겟는데
- dc official App",24,24.0,"르끌 왜이리 미끌거리는거같노 곧 쳐박겟는데
- dc official App",르끌 왜이리 미끌거리는거같노 곧 쳐박겟는데,0.10052154958248138,0.24815040826797485,0.30410242080688477,0.12722265720367432,0.11739674210548401,0.10260618478059769
2024-09-22 21:41:38,여기 버튼이 있습니다,"이 버튼 말고
이 버튼이요
버튼을 누를때마다 셒카 발동확률이 1퍼센트 증가하지만 케로의 머리카락이 1가닥 빠지게됩니다
누르시겠습니까?",24,24.0,"여기 버튼이 있습니다 이 버튼 말고
이 버튼이요
버튼을 누를때마다 셒카 발동확률이 1퍼센트 증가하지만 케로의 머리카락이 1가닥 빠지게됩니다
누르시겠습니까?",여기 버튼이 있습니다 이 버튼 말고 이 버튼이요 버튼을 누를때마다 셒카 발동확률이 1퍼센트 증가하지만 케로의 머리카락이 1가닥 빠지게됩니다 누르시겠습니까?,0.25645187497138977,0.2194383293390274,0.2677399218082428,0.1031048521399498,0.06883925199508667,0.08442574739456177
2024-09-22 21:41:39,작년 시즌이 이런 느낌이었구나,"노리스 무한 크루징은 좀...
근데 몽골도 무한 크루징이네",24,24.0,"작년 시즌이 이런 느낌이었구나 노리스 무한 크루징은 좀...
근데 몽골도 무한 크루징이네",작년 시즌이 이런 느낌이었구나 노리스 무한 크루징은 좀... 근데 몽골도 무한 크루징이네,0.09195118397474289,0.3195990324020386,0.26013413071632385,0.12449242174625397,0.100133515894413,0.10368964821100235
2024-09-22 21:41:40,24시즌은 항상 마지막에 지랄났다,"믿어본다
- dc official App",24,24.0,"24시즌은 항상 마지막에 지랄났다 믿어본다
- dc official App",24시즌은 항상 마지막에 지랄났다 믿어본다,0.16578055918216705,0.1834137737751007,0.16741284728050232,0.16990885138511658,0.23884673416614532,0.07463720440864563
2024-09-22 21:41:48,경징징이 북스따펜보다 빠르네,"ㄹㅇ
- dc official App",24,24.0,"경징징이 북스따펜보다 빠르네 ㄹㅇ
- dc official App",경징징이 북스따펜보다 빠르네 ㄹㅇ,0.14458855986595154,0.20702284574508667,0.32042646408081055,0.13802757859230042,0.05529620870947838,0.13463833928108215
2024-09-22 21:41:52,티포시 표정 썩었네 ㅋㅋㅋ,,24,24.0,티포시 표정 썩었네 ㅋㅋㅋ ,티포시 표정 썩었네 ㅋㅋㅋ,0.41617950797080994,0.2298283874988556,0.16254451870918274,0.08394496887922287,0.047411393374204636,0.060091253370046616
2024-09-22 21:41:54,킵캄ㅋㅋㅋㅋ,,25,25.0,킵캄ㅋㅋㅋㅋ ,킵캄ㅋㅋㅋㅋ,0.7094724178314209,0.11042458564043045,0.06645416468381882,0.05808306485414505,0.033667828887701035,0.02189798280596733
2024-09-22 21:41:57,미소 가야겠는데ㅋㅋ,하드 망했네,25,25.0,미소 가야겠는데ㅋㅋ 하드 망했네,미소 가야겠는데ㅋㅋ 하드 망했네,0.11564232409000397,0.3648132085800171,0.15973573923110962,0.12401334941387177,0.16930001974105835,0.0664953663945198
2024-09-22 21:42:02,keep calm ㅋㅋ,,25,25.0,keep calm ㅋㅋ ,keep calm ㅋㅋ,0.7034528851509094,0.11488932371139526,0.06816551834344864,0.05625012144446373,0.03383129835128784,0.023410867899656296
2024-09-22 21:42:02,르끌 좆노잼이다 선언ㅋㅋㅋ,- dc official App,25,25.0,르끌 좆노잼이다 선언ㅋㅋㅋ - dc official App,르끌 좆노잼이다 선언ㅋㅋㅋ - dc official App,0.1446559727191925,0.28921669721603394,0.15390077233314514,0.19202116131782532,0.1582120656967163,0.0619933120906353
2024-09-22 21:42:03,르클레르 ㅋㅋㅋ,"우리 도대체 몇랩을 더 ㅇㅈㄹ 해야됨? ㅋㅋ
- dc official App",25,25.0,"르클레르 ㅋㅋㅋ 우리 도대체 몇랩을 더 ㅇㅈㄹ 해야됨? ㅋㅋ
- dc official App",르클레르 ㅋㅋㅋ 우리 도대체 몇랩을 더 ㅇㅈㄹ 해야됨? ㅋㅋ,0.15219971537590027,0.2734593152999878,0.13933686912059784,0.23467975854873657,0.1176835373044014,0.08264078944921494
2024-09-22 21:42:03,ㅋㅋㅋㅋㅋㅋㅋㅋㅋㅋ,,25,25.0,ㅋㅋㅋㅋㅋㅋㅋㅋㅋㅋ ,ㅋㅋㅋㅋㅋㅋㅋㅋㅋㅋ,0.6472852230072021,0.13582655787467957,0.0914136990904808,0.06608592718839645,0.03318951651453972,0.026199130341410637
2024-09-22 21:42:04,물탕이 미리 예습하는거냐 ㅋㅋㅋㅋㅋㅋㅋ,하드 찐빠는 대라리 전문인데,25,25.0,물탕이 미리 예습하는거냐 ㅋㅋㅋㅋㅋㅋㅋ 하드 찐빠는 대라리 전문인데,물탕이 미리 예습하는거냐 ㅋㅋㅋㅋㅋㅋㅋ 하드 찐빠는 대라리 전문인데,0.22427035868167877,0.24265362322330475,0.28382107615470886,0.11946767568588257,0.047374576330184937,0.08241265267133713
2024-09-22 21:42:04,르징징ㅋㅋㅋ,- dc official App,25,25.0,르징징ㅋㅋㅋ - dc official App,르징징ㅋㅋㅋ - dc official App,0.6365583539009094,0.13690786063671112,0.0884069874882698,0.07287818938493729,0.03781834617257118,0.027430236339569092
2024-09-22 21:42:07,킵캄 ㅋㅋㅋㅋㅋㅋㅋ,,25,25.0,킵캄 ㅋㅋㅋㅋㅋㅋㅋ ,킵캄 ㅋㅋㅋㅋㅋㅋㅋ,0.7006138563156128,0.11434195190668106,0.06863987445831299,0.06055754795670509,0.03343767672777176,0.022409072145819664
2024-09-22 21:42:09,ㅋㅋㅋㅋㅋㅋㅋ,- dc official App,25,25.0,ㅋㅋㅋㅋㅋㅋㅋ - dc official App,ㅋㅋㅋㅋㅋㅋㅋ - dc official App,0.6598598957061768,0.12248490750789642,0.09456498175859451,0.06740139424800873,0.03299116715788841,0.022697679698467255
2024-09-22 21:42:09,미끌레르 : 헐크트레인 좆같다 입갤 ㅋㅋ,ㅋㅋㅋㅋㅋㅋㅋ,25,25.0,미끌레르 : 헐크트레인 좆같다 입갤 ㅋㅋ ㅋㅋㅋㅋㅋㅋㅋ,미끌레르 : 헐크트레인 좆같다 입갤 ㅋㅋ ㅋㅋㅋㅋㅋㅋㅋ,0.5173417329788208,0.18202808499336243,0.11372252553701401,0.10478208214044571,0.04475795850157738,0.03736766055226326
2024-09-22 21:42:10,선수들도 지겹노 ㅋㅋㅋㅋ,"ㅋㅋㅋㅋ
- dc official App",25,25.0,"선수들도 지겹노 ㅋㅋㅋㅋ ㅋㅋㅋㅋ
- dc official App",선수들도 지겹노 ㅋㅋㅋㅋ ㅋㅋㅋㅋ,0.154196098446846,0.28543829917907715,0.12970726191997528,0.21009568870067596,0.14541035890579224,0.07515234500169754
2024-09-22 21:42:10,르쪽이 ㅋㅋ,,25,25.0,르쪽이 ㅋㅋ ,르쪽이 ㅋㅋ,0.3945658802986145,0.213989719748497,0.1926058828830719,0.10183186829090118,0.0484921894967556,0.0485144667327404
2024-09-22 21:42:13,헐크 조련보소 ㅋㅋㅋㅋㅋㅋㅋㅋㅋㅋㅋㅋㅋㅋ,ㅋㅋㅋㅋㅋㅋㅋㅋㅋㅋㅋㅋㅋㅋㅋㅋㅋㅋㅋㅋㅋㅋ,25,25.0,헐크 조련보소 ㅋㅋㅋㅋㅋㅋㅋㅋㅋㅋㅋㅋㅋㅋ ㅋㅋㅋㅋㅋㅋㅋㅋㅋㅋㅋㅋㅋㅋㅋㅋㅋㅋㅋㅋㅋㅋ,헐크 조련보소 ㅋㅋㅋㅋㅋㅋㅋㅋㅋㅋㅋㅋㅋㅋ ㅋㅋㅋㅋㅋㅋㅋㅋㅋㅋㅋㅋㅋㅋㅋㅋㅋㅋㅋㅋㅋㅋ,0.6069648861885071,0.15550512075424194,0.1085076555609703,0.0642981082201004,0.03231898695230484,0.03240521252155304
2024-09-22 21:42:15,레이스 끝나고 페라리 인스타에 르징징 릴스 올라오겠네,씨발 해피 레이스라고 하는거 보고싶다고,25,25.0,레이스 끝나고 페라리 인스타에 르징징 릴스 올라오겠네 씨발 해피 레이스라고 하는거 보고싶다고,레이스 끝나고 페라리 인스타에 르징징 릴스 올라오겠네 씨발 해피 레이스라고 하는거 보고싶다고,0.33310550451278687,0.21801652014255524,0.1518532782793045,0.14744062721729279,0.07335355132818222,0.07623057067394257
2024-09-22 21:42:18,작년에 베르스타펜 보는거 같네 진짜 오늘은 ㅋㅋ,,25,25.0,작년에 베르스타펜 보는거 같네 진짜 오늘은 ㅋㅋ ,작년에 베르스타펜 보는거 같네 진짜 오늘은 ㅋㅋ,0.6893883943557739,0.12559714913368225,0.06331400573253632,0.0568939745426178,0.03994744271039963,0.024859020486474037
2024-09-22 21:42:18,르끌심정 = 우리심정,"ㄹㅇ
ㅋㅋㅋ",25,25.0,"르끌심정 = 우리심정 ㄹㅇ
ㅋㅋㅋ",르끌심정 = 우리심정 ㄹㅇ ㅋㅋㅋ,0.21990548074245453,0.2974564731121063,0.11983758956193924,0.1592978686094284,0.13098661601543427,0.07251593470573425
2024-09-22 21:42:18,킵캄 ㅋㅋㅋㅋ,,25,25.0,킵캄 ㅋㅋㅋㅋ ,킵캄 ㅋㅋㅋㅋ,0.7114902138710022,0.11077280342578888,0.06572753190994263,0.05653257668018341,0.03360242396593094,0.021874455735087395
2024-09-22 21:42:19,'아가리' ㅋㅋ,,25,25.0,'아가리' ㅋㅋ ,'아가리' ㅋㅋ,0.44894465804100037,0.19118885695934296,0.14856202900409698,0.1158260926604271,0.04976176470518112,0.04571668803691864
2024-09-22 21:42:22,하드 안좋아서 미듐 소프트 미듐으로 가나??ㄷㄷ,걍 미듐하드 정배긴함?,25,25.0,하드 안좋아서 미듐 소프트 미듐으로 가나??ㄷㄷ 걍 미듐하드 정배긴함?,하드 안좋아서 미듐 소프트 미듐으로 가나??ㄷㄷ 걍 미듐하드 정배긴함?,0.11080805957317352,0.2380472719669342,0.3344361186027527,0.11760250478982925,0.09869257360696793,0.10041342675685883
2024-09-22 21:42:26,ㅋㅋㅋㅋㅋㅋㅋㅋㅋㅋㅋ,"ㅋㅋㅋㅋㅋㅋㅋㅋㅋㅋㅋㅋㅋㅋ
- dc official App",25,25.0,"ㅋㅋㅋㅋㅋㅋㅋㅋㅋㅋㅋ ㅋㅋㅋㅋㅋㅋㅋㅋㅋㅋㅋㅋㅋㅋ
- dc official App",ㅋㅋㅋㅋㅋㅋㅋㅋㅋㅋㅋ ㅋㅋㅋㅋㅋㅋㅋㅋㅋㅋㅋㅋㅋㅋ,0.6183921098709106,0.149436354637146,0.09600348770618439,0.07390967756509781,0.03586888685822487,0.026389455422759056
2024-09-22 21:42:26,노리스는 진짜 1초씩 빠르네,씹ㅋㅋ,25,25.0,노리스는 진짜 1초씩 빠르네 씹ㅋㅋ,노리스는 진짜 1초씩 빠르네 씹ㅋㅋ,0.23370486497879028,0.206583634018898,0.2848261892795563,0.11509960889816284,0.05020460858941078,0.10958106815814972
2024-09-22 21:42:27,ㄹㅇ 다들 타이어 깎기만 하고있네,,25,25.0,ㄹㅇ 다들 타이어 깎기만 하고있네 ,ㄹㅇ 다들 타이어 깎기만 하고있네,0.07828962802886963,0.2844941020011902,0.14576318860054016,0.2188088297843933,0.19361552596092224,0.07902877032756805
2024-09-22 21:42:28,르끌 모나코 탈때는 재밌게 탔을거면서,,25,25.0,르끌 모나코 탈때는 재밌게 탔을거면서 ,르끌 모나코 탈때는 재밌게 탔을거면서,0.1805102825164795,0.2925191819667816,0.15895505249500275,0.1763581782579422,0.11628714203834534,0.07537013292312622
2024-09-22 21:42:30,좀만 더 달리면,"노리스는 핏인해도 막스앞이네 ㅇㅇ
진짜 세카변수빼면 노리스 우승 확정인듯",25,25.0,"좀만 더 달리면 노리스는 핏인해도 막스앞이네 ㅇㅇ
진짜 세카변수빼면 노리스 우승 확정인듯",좀만 더 달리면 노리스는 핏인해도 막스앞이네 ㅇㅇ 진짜 세카변수빼면 노리스 우승 확정인듯,0.5432273745536804,0.16803421080112457,0.13437248766422272,0.06461519002914429,0.038685496896505356,0.051065314561128616
2024-09-22 21:42:31,크루징 재미없다고 빨리 박으라고,제발!!@@@@,25,25.0,크루징 재미없다고 빨리 박으라고 제발!!@@@@,크루징 재미없다고 빨리 박으라고 제발!!@@@@,0.16627174615859985,0.2531077563762665,0.11575194448232651,0.24109874665737152,0.1627878099679947,0.06098206713795662
2024-09-22 21:42:31,노막 18초 ㄷㄷ,,25,25.0,노막 18초 ㄷㄷ ,노막 18초 ㄷㄷ,0.1205301508307457,0.2267737239599228,0.3397427201271057,0.1281903237104416,0.06974053382873535,0.11502259224653244
2024-09-22 21:42:35,궁금한게 1등이 2등이랑 한 바퀴 차이나도 셒카 나오면,다시 간격 없어지고 1~20위까지 하는거임?,25,25.0,궁금한게 1등이 2등이랑 한 바퀴 차이나도 셒카 나오면 다시 간격 없어지고 1~20위까지 하는거임?,궁금한게 1등이 2등이랑 한 바퀴 차이나도 셒카 나오면 다시 간격 없어지고 1~20위까지 하는거임?,0.12749893963336945,0.23860248923301697,0.3394800126552582,0.11775124073028564,0.06962844729423523,0.1070389449596405
2024-09-22 21:42:36,미미소 각 아님?,ㄹㅇ,25,25.0,미미소 각 아님? ㄹㅇ,미미소 각 아님? ㄹㅇ,0.16588398814201355,0.229415625333786,0.3314599394798279,0.10577057301998138,0.05583978444337845,0.1116301417350769
2024-09-22 21:42:38,이시각 가장 그리운 드라이버,- dc official App,25,25.0,이시각 가장 그리운 드라이버 - dc official App,이시각 가장 그리운 드라이버 - dc official App,0.5807965993881226,0.15769027173519135,0.112209752202034,0.0677797794342041,0.0482291541993618,0.033294472843408585
2024-09-22 21:42:38,존나 심심하겠노,- dc official App,25,25.0,존나 심심하겠노 - dc official App,존나 심심하겠노 - dc official App,0.2536433935165405,0.270951509475708,0.1358872950077057,0.1654583364725113,0.1132873147726059,0.0607721321284771
2024-09-22 21:42:39,베르스타펜 클린에어로 달리는거 보니 작년인가?,ㅅㅂㅋㅋㅋㅋㅋㅋㅋㅋㅋㅋㅋㅋㅋㅋㅋㅋㅋ,25,25.0,베르스타펜 클린에어로 달리는거 보니 작년인가? ㅅㅂㅋㅋㅋㅋㅋㅋㅋㅋㅋㅋㅋㅋㅋㅋㅋㅋㅋ,베르스타펜 클린에어로 달리는거 보니 작년인가? ㅅㅂㅋㅋㅋㅋㅋㅋㅋㅋㅋㅋㅋㅋㅋㅋㅋㅋㅋ,0.20600883662700653,0.3174157440662384,0.14932364225387573,0.16698868572711945,0.08695651590824127,0.07330651581287384
2024-09-22 21:42:42,노리스 넷플켜라,"흑백요리사ㄱㄱ
- dc official App",25,25.0,"노리스 넷플켜라 흑백요리사ㄱㄱ
- dc official App",노리스 넷플켜라 흑백요리사ㄱㄱ,0.6396186351776123,0.12910102307796478,0.09632997959852219,0.06707176566123962,0.03605961427092552,0.03181903809309006
2024-09-22 21:42:42,노리스 F0입갤ㅋㅋㅋㅋ,- dc official App,25,25.0,노리스 F0입갤ㅋㅋㅋㅋ - dc official App,노리스 F0입갤ㅋㅋㅋㅋ - dc official App,0.6735377311706543,0.11556864529848099,0.08818624913692474,0.06550312042236328,0.03191732242703438,0.02528691291809082
2024-09-22 21:42:43,작년에 레드불이 저랬단거 아님?,진짜 개좆노잼이었겠네,25,25.0,작년에 레드불이 저랬단거 아님? 진짜 개좆노잼이었겠네,작년에 레드불이 저랬단거 아님? 진짜 개좆노잼이었겠네,0.07238653302192688,0.2565464377403259,0.2962091565132141,0.15694975852966309,0.11641068011522293,0.10149743407964706
2024-09-22 21:42:44,드라이버들 스스로도 노잼,정말 노잼,25,25.0,드라이버들 스스로도 노잼 정말 노잼,드라이버들 스스로도 노잼 정말 노잼,0.10289814323186874,0.30077245831489563,0.1641598492860794,0.1904086172580719,0.17914073169231415,0.06262029707431793
2024-09-22 21:42:47,팬들의 심정을 대변하는 르끌,언제까지 이런 개노잼 경기를 보아야 하는가,25,25.0,팬들의 심정을 대변하는 르끌 언제까지 이런 개노잼 경기를 보아야 하는가,팬들의 심정을 대변하는 르끌 언제까지 이런 개노잼 경기를 보아야 하는가,0.09913109242916107,0.2714392840862274,0.13493555784225464,0.20858429372310638,0.2253706306219101,0.060539137572050095
2024-09-22 21:42:48,노리쓰 존나 빠르네,ㄹㅇ,25,25.0,노리쓰 존나 빠르네 ㄹㅇ,노리쓰 존나 빠르네 ㄹㅇ,0.21600624918937683,0.20144109427928925,0.3203946650028229,0.10680201649665833,0.046938009560108185,0.10841797292232513
2024-09-22 21:42:52,아니 노창섭인줄 알앗는데,"보다보다보니 걍 노숭이엿노
- dc official App",25,25.0,"아니 노창섭인줄 알앗는데 보다보다보니 걍 노숭이엿노
- dc official App",아니 노창섭인줄 알앗는데 보다보다보니 걍 노숭이엿노,0.08200961351394653,0.27259743213653564,0.28331372141838074,0.151005819439888,0.09999515116214752,0.11107825487852097
2024-09-22 21:42:53,kcaco wwww,zzzz,25,25.0,kcaco wwww zzzz,kcaco wwww zzzz,0.6676662564277649,0.12008287757635117,0.08806130290031433,0.06588046997785568,0.03492530435323715,0.02338378317654133
2024-09-22 21:42:54,저새끼 진짜 로켓달아놨나,"랩당1초는 같은 F1 맞음ㅋㅋ?
- ORACLE RED BULL RACING RB20",25,25.0,"저새끼 진짜 로켓달아놨나 랩당1초는 같은 F1 맞음ㅋㅋ?
- ORACLE RED BULL RACING RB20",저새끼 진짜 로켓달아놨나 랩당1초는 같은 F1 맞음ㅋㅋ? - ORACLE RED BULL RACING RB20,0.1053619235754013,0.20503400266170502,0.31209108233451843,0.19436092674732208,0.09144434332847595,0.0917077586054802
2024-09-22 21:42:56,막스 : 클린 에어 이즈 킹,ㅆㄱㄴ,25,25.0,막스 : 클린 에어 이즈 킹 ㅆㄱㄴ,막스 : 클린 에어 이즈 킹 ㅆㄱㄴ,0.706911027431488,0.10903461277484894,0.0683557316660881,0.05588351935148239,0.03558668866753578,0.02422836609184742
2024-09-22 21:42:59,맥팬인데 하품나온다 ㅋㅋㅋㅋ,미안하군 파파야라서,25,25.0,맥팬인데 하품나온다 ㅋㅋㅋㅋ 미안하군 파파야라서,맥팬인데 하품나온다 ㅋㅋㅋㅋ 미안하군 파파야라서,0.11468711495399475,0.3586425185203552,0.13084690272808075,0.16271871328353882,0.16478265821933746,0.06832215189933777
2024-09-22 21:43:03,싱가폴 원래 이정도였음…?.?,"이렇게까지 ㅈ노잼 이미지는 아니였던거같은데
- dc official App",25,25.0,"싱가폴 원래 이정도였음…?.? 이렇게까지 ㅈ노잼 이미지는 아니였던거같은데
- dc official App",싱가폴 원래 이정도였음…?.? 이렇게까지 ㅈ노잼 이미지는 아니였던거같은데,0.07104266434907913,0.29617974162101746,0.23631420731544495,0.16137011349201202,0.1382695436477661,0.09682375192642212
2024-09-22 21:43:04,미소 원스탑 가능?,ㅇㅇ,25,25.0,미소 원스탑 가능? ㅇㅇ,미소 원스탑 가능? ㅇㅇ,0.40337154269218445,0.1998135894536972,0.21392476558685303,0.07377298921346664,0.04965284839272499,0.05946426838636398
2024-09-22 21:43:05,F0 입갤ㅋㅋㅋ,- dc official App,25,25.0,F0 입갤ㅋㅋㅋ - dc official App,F0 입갤ㅋㅋㅋ - dc official App,0.6954860091209412,0.10893524438142776,0.07968468219041824,0.058437276631593704,0.03183950483798981,0.025617284700274467
2024-09-22 21:43:06,몽골놈 타이어 관리하기는 좋겠네,,25,25.0,몽골놈 타이어 관리하기는 좋겠네 ,몽골놈 타이어 관리하기는 좋겠네,0.15281793475151062,0.20661795139312744,0.33405986428260803,0.13424551486968994,0.06910867244005203,0.10315012186765671
2024-09-22 21:43:08,슬슬 졸리노,"ㄹㅇ
- dc official App",25,25.0,"슬슬 졸리노 ㄹㅇ
- dc official App",슬슬 졸리노 ㄹㅇ,0.11721768230199814,0.32381999492645264,0.19039396941661835,0.13772115111351013,0.14602333307266235,0.0848238617181778
2024-09-22 21:43:08,미디움 씹창났네,,25,25.0,미디움 씹창났네 ,미디움 씹창났네,0.08783934265375137,0.23777174949645996,0.1623857170343399,0.23706196248531342,0.2263479083776474,0.04859330132603645
2024-09-22 21:43:09,23시즌 레드불 재림한거같은 기분임,,25,25.0,23시즌 레드불 재림한거같은 기분임 ,23시즌 레드불 재림한거같은 기분임,0.4083302319049835,0.2090391367673874,0.20835715532302856,0.06909564137458801,0.03560658544301987,0.06957130134105682
2024-09-22 21:43:08,노리스 슬슬 백마커 만나지 않을까,좆노잼경기구나,25,25.0,노리스 슬슬 백마커 만나지 않을까 좆노잼경기구나,노리스 슬슬 백마커 만나지 않을까 좆노잼경기구나,0.09840994328260422,0.3061545491218567,0.18356022238731384,0.18109089136123657,0.1583353728055954,0.07244902849197388
2024-09-22 21:43:12,재미없으면 갖다박아라 아무나,대런 니가 희생해라,25,25.0,재미없으면 갖다박아라 아무나 대런 니가 희생해라,재미없으면 갖다박아라 아무나 대런 니가 희생해라,0.0902952328324318,0.27449753880500793,0.1883765310049057,0.2012869417667389,0.15952935814857483,0.08601436764001846
2024-09-22 21:43:18,피아제 << 이색기 클린에어 노리고 관리하는거 같은데,맥 원투는 빡세겠지?,25,25.0,피아제 << 이색기 클린에어 노리고 관리하는거 같은데 맥 원투는 빡세겠지?,피아제 << 이색기 클린에어 노리고 관리하는거 같은데 맥 원투는 빡세겠지?,0.14221398532390594,0.201507568359375,0.3605274260044098,0.10986054688692093,0.08266547322273254,0.103224977850914
2024-09-22 21:43:20,차빨로 흥한자 차빨로 망하다 ㅋㅋㅋㅋㅋㅋㅋㅋㅋㅋㅋㅋㅋㅋㅋ,ㅋㅋㅋㅋㅋㅋㅋㅋㅋㅋㅋ,25,25.0,차빨로 흥한자 차빨로 망하다 ㅋㅋㅋㅋㅋㅋㅋㅋㅋㅋㅋㅋㅋㅋㅋ ㅋㅋㅋㅋㅋㅋㅋㅋㅋㅋㅋ,차빨로 흥한자 차빨로 망하다 ㅋㅋㅋㅋㅋㅋㅋㅋㅋㅋㅋㅋㅋㅋㅋ ㅋㅋㅋㅋㅋㅋㅋㅋㅋㅋㅋ,0.32706066966056824,0.2281082719564438,0.12735949456691742,0.17505812644958496,0.08438228815793991,0.05803121253848076
2024-09-22 21:43:21,노리스 드디어 중계에 입갤ㅋㅋ,"ㅋㅋ
- dc official App",25,25.0,"노리스 드디어 중계에 입갤ㅋㅋ ㅋㅋ
- dc official App",노리스 드디어 중계에 입갤ㅋㅋ ㅋㅋ,0.6961716413497925,0.11719761043787003,0.07612709701061249,0.05247689411044121,0.030946943908929825,0.0270798671990633
2024-09-22 21:43:23,맥라렌 좆사기차네,,25,25.0,맥라렌 좆사기차네 ,맥라렌 좆사기차네,0.07685575634241104,0.2131633311510086,0.22784151136875153,0.24838373064994812,0.17906366288661957,0.054692044854164124
2024-09-22 21:43:28,노리스 타이어 왤케깔끔해,ㅅㅂ,25,25.0,노리스 타이어 왤케깔끔해 ㅅㅂ,노리스 타이어 왤케깔끔해 ㅅㅂ,0.286435067653656,0.24687421321868896,0.13146063685417175,0.17406752705574036,0.10477606952190399,0.05638647824525833
2024-09-22 21:43:28,노리스 개잘하는데,피아스트리보다 확실히 기량이 위임,25,25.0,노리스 개잘하는데 피아스트리보다 확실히 기량이 위임,노리스 개잘하는데 피아스트리보다 확실히 기량이 위임,0.1311597377061844,0.25812017917633057,0.34166091680526733,0.1046295240521431,0.06336337327957153,0.10106631368398666
2024-09-22 21:43:29,작년 싱가폴은 가뭄에 단비였는데,올해는 누리스 크루즈엔딩이겠네,25,25.0,작년 싱가폴은 가뭄에 단비였는데 올해는 누리스 크루즈엔딩이겠네,작년 싱가폴은 가뭄에 단비였는데 올해는 누리스 크루즈엔딩이겠네,0.6554889678955078,0.1397114247083664,0.05639518052339554,0.06463085114955902,0.05508137121796608,0.028692204505205154
2024-09-22 21:43:29,휴전선ㅋㅋㅋㅋㅋㅋㅋㅋㅋㅋ,,25,25.0,휴전선ㅋㅋㅋㅋㅋㅋㅋㅋㅋㅋ ,휴전선ㅋㅋㅋㅋㅋㅋㅋㅋㅋㅋ,0.20882350206375122,0.24474972486495972,0.25027915835380554,0.15054936707019806,0.0641997754573822,0.08139845728874207
2024-09-22 21:43:29,맥라렌 타이어관리 저리 잘되는데 저리 빠르다고,,25,25.0,맥라렌 타이어관리 저리 잘되는데 저리 빠르다고 ,맥라렌 타이어관리 저리 잘되는데 저리 빠르다고,0.12924852967262268,0.21105152368545532,0.3425496816635132,0.12923358380794525,0.06228072941303253,0.12563598155975342
2024-09-22 21:43:31,그래서 리버스 drs인가 미니 drs인가 뭔가는 진짜 뭐임,무슨 기술인지 궁금하네,25,25.0,그래서 리버스 drs인가 미니 drs인가 뭔가는 진짜 뭐임 무슨 기술인지 궁금하네,그래서 리버스 drs인가 미니 drs인가 뭔가는 진짜 뭐임 무슨 기술인지 궁금하네,0.17346595227718353,0.21228760480880737,0.35086870193481445,0.11033233255147934,0.06324779242277145,0.08979766070842743
2024-09-22 21:43:33,2024 스킵 마려우면 개추 ㅋㅋ,2024(싱가폴) 스킵 마려우면 개추 ㅋㅋ,26,26.0,2024 스킵 마려우면 개추 ㅋㅋ 2024(싱가폴) 스킵 마려우면 개추 ㅋㅋ,2024 스킵 마려우면 개추 ㅋㅋ 2024(싱가폴) 스킵 마려우면 개추 ㅋㅋ,0.31493768095970154,0.22708088159561157,0.20987120270729065,0.12251117825508118,0.0704178512096405,0.05518117547035217
2024-09-22 21:43:35,하스 ㅈㄴ 답답하다,후캔머시기 지혼자 무슨 파이널 뛰고 있음? 개답답하네,26,26.0,하스 ㅈㄴ 답답하다 후캔머시기 지혼자 무슨 파이널 뛰고 있음? 개답답하네,하스 ㅈㄴ 답답하다 후캔머시기 지혼자 무슨 파이널 뛰고 있음? 개답답하네,0.09970326721668243,0.2831636369228363,0.1385774463415146,0.24268412590026855,0.18766789138317108,0.04820362105965614
2024-09-22 21:43:37,블리스터링 입갤 ㅋㅋㅋㅋㅋ,죠졌노,26,26.0,블리스터링 입갤 ㅋㅋㅋㅋㅋ 죠졌노,블리스터링 입갤 ㅋㅋㅋㅋㅋ 죠졌노,0.48239657282829285,0.2073589563369751,0.09021872282028198,0.10592703521251678,0.07212452590465546,0.04197423532605171
2024-09-22 21:43:41,ㅆㅂ 이제 믿을건 셒카뿐,,26,26.0,ㅆㅂ 이제 믿을건 셒카뿐 ,ㅆㅂ 이제 믿을건 셒카뿐,0.10905400663614273,0.1976279616355896,0.1290968954563141,0.21827629208564758,0.28939542174339294,0.05654943734407425
2024-09-22 21:43:43,뉴이 쳐 나가니 레드불 좆망햇넼ㅋㅋㅋㅋㅋ,"병신레드불 ㅋㅋㅋㅋㅋ
- dc official App",26,26.0,"뉴이 쳐 나가니 레드불 좆망햇넼ㅋㅋㅋㅋㅋ 병신레드불 ㅋㅋㅋㅋㅋ
- dc official App",뉴이 쳐 나가니 레드불 좆망햇넼ㅋㅋㅋㅋㅋ 병신레드불 ㅋㅋㅋㅋㅋ,0.08280391246080399,0.27803900837898254,0.18597382307052612,0.21502016484737396,0.15535688400268555,0.0828063040971756
2024-09-22 21:43:45,노리스 타이어 잘깎고있네,그럼 타이어 관리하며 저렇게 벌리는거임?,26,26.0,노리스 타이어 잘깎고있네 그럼 타이어 관리하며 저렇게 벌리는거임?,노리스 타이어 잘깎고있네 그럼 타이어 관리하며 저렇게 벌리는거임?,0.13831275701522827,0.213012233376503,0.33661776781082153,0.12747220695018768,0.05612810701131821,0.1284569352865219
2024-09-22 21:43:46,아오 흥쌤 왜 누리스 또 만나러 안가가지곤,ㄹㅇ,26,26.0,아오 흥쌤 왜 누리스 또 만나러 안가가지곤 ㄹㅇ,아오 흥쌤 왜 누리스 또 만나러 안가가지곤 ㄹㅇ,0.2713460922241211,0.2371894121170044,0.11210423707962036,0.14387409389019012,0.16845668852329254,0.0670294538140297
2024-09-22 21:43:47,f0 입갤 ㅋㅋㅋ,ㅋㅋ,26,26.0,f0 입갤 ㅋㅋㅋ ㅋㅋ,f0 입갤 ㅋㅋㅋ ㅋㅋ,0.6958439946174622,0.10827619582414627,0.07788033783435822,0.05716606602072716,0.033735956996679306,0.027097433805465698
2024-09-22 21:43:47,그니까 작년엔 싱가폴빼고 다 이런 레이스였다는거자나?,24년부터 봐서 다행이다,26,26.0,그니까 작년엔 싱가폴빼고 다 이런 레이스였다는거자나? 24년부터 봐서 다행이다,그니까 작년엔 싱가폴빼고 다 이런 레이스였다는거자나? 24년부터 봐서 다행이다,0.3794190585613251,0.24912384152412415,0.1308993548154831,0.078580841422081,0.09841854125261307,0.06355833262205124
2024-09-22 21:43:48,누리스 <— 유일한 족쇄가 팬층,"ㅇㅈ하면 개추
- dc official App",26,26.0,"누리스 <— 유일한 족쇄가 팬층 ㅇㅈ하면 개추
- dc official App",누리스 <— 유일한 족쇄가 팬층 ㅇㅈ하면 개추,0.533250629901886,0.1499546617269516,0.11943213641643524,0.07919652760028839,0.05830858647823334,0.05985752493143082
2024-09-22 21:43:50,이제 슬 이번시즌 스킵 마렵네ㅋㅋㅋㅋ,,26,26.0,이제 슬 이번시즌 스킵 마렵네ㅋㅋㅋㅋ ,이제 슬 이번시즌 스킵 마렵네ㅋㅋㅋㅋ,0.14229801297187805,0.27867019176483154,0.1279035210609436,0.20637421309947968,0.18952003121376038,0.055234022438526154
2024-09-22 21:43:52,맥라렌 차 개사기네,타이어 관리까지 잘 되는데 저 속도라고,26,26.0,맥라렌 차 개사기네 타이어 관리까지 잘 되는데 저 속도라고,맥라렌 차 개사기네 타이어 관리까지 잘 되는데 저 속도라고,0.08838506788015366,0.22379644215106964,0.2627556025981903,0.19858339428901672,0.14151489734649658,0.08496459573507309
2024-09-22 21:43:55,프리스탑하겟노 ㅋㅋ,노잼,26,26.0,프리스탑하겟노 ㅋㅋ 노잼,프리스탑하겟노 ㅋㅋ 노잼,0.132273331284523,0.3258000612258911,0.1599690169095993,0.1669297069311142,0.15490254759788513,0.06012533977627754
2024-09-22 21:44:03,프리스탑 하면 지리겠노ㅋㅋㅋ,ㅋㅋ,26,26.0,프리스탑 하면 지리겠노ㅋㅋㅋ ㅋㅋ,프리스탑 하면 지리겠노ㅋㅋㅋ ㅋㅋ,0.47285908460617065,0.1791239231824875,0.16434374451637268,0.09431986510753632,0.03823954984545708,0.05111377686262131
2024-09-22 21:44:04,르끌 직접 세카 띄우기 부끄러우면 찰스 소환해라,못하겠으면 아가리,26,26.0,르끌 직접 세카 띄우기 부끄러우면 찰스 소환해라 못하겠으면 아가리,르끌 직접 세카 띄우기 부끄러우면 찰스 소환해라 못하겠으면 아가리,0.10666579753160477,0.2091732919216156,0.1719871163368225,0.2803083062171936,0.18317115306854248,0.04869432747364044
2024-09-22 21:44:07,근데 막스가 올해 4챔 딸거같음,그리고 차 개같이 처 망해서 페라리마냥 노포인트 피니시 하는거 보고싶음,26,26.0,근데 막스가 올해 4챔 딸거같음 그리고 차 개같이 처 망해서 페라리마냥 노포인트 피니시 하는거 보고싶음,근데 막스가 올해 4챔 딸거같음 그리고 차 개같이 처 망해서 페라리마냥 노포인트 피니시 하는거 보고싶음,0.17545807361602783,0.2007359117269516,0.2853785455226898,0.15471342206001282,0.08630264550447464,0.09741140902042389
2024-09-22 21:44:07,19초 입갤 ㅋㅋㅋㅋㅋ,,26,26.0,19초 입갤 ㅋㅋㅋㅋㅋ ,19초 입갤 ㅋㅋㅋㅋㅋ,0.6382256150245667,0.12963466346263885,0.10591050982475281,0.06159238517284393,0.03288082778453827,0.03175590559840202
2024-09-22 21:44:09,피아제 느린이유--->존버탄다,클린에어 맞을때 잡으신다네요,26,26.0,피아제 느린이유--->존버탄다 클린에어 맞을때 잡으신다네요,피아제 느린이유--->존버탄다 클린에어 맞을때 잡으신다네요,0.23795899748802185,0.2892223596572876,0.21478068828582764,0.09251044690608978,0.09485045820474625,0.07067696005105972
2024-09-22 21:44:10,몽골 저거 블리스터링인데,,26,26.0,몽골 저거 블리스터링인데 ,몽골 저거 블리스터링인데,0.20969055593013763,0.22044150531291962,0.333570659160614,0.10103898495435715,0.05295754224061966,0.08230073004961014
2024-09-22 21:44:12,누구 타이어 하나 안빠지나,"아
- dc official App",26,26.0,"누구 타이어 하나 안빠지나 아
- dc official App",누구 타이어 하나 안빠지나 아,0.14604195952415466,0.1760726124048233,0.10519541054964066,0.3006088137626648,0.22611263394355774,0.045968614518642426
2024-09-22 21:44:18,노리스하곤 벌어지고 러셀하고는 그대로면,노리스가 개미친놈이지 ㅋㅋㅋㅋ,26,26.0,노리스하곤 벌어지고 러셀하고는 그대로면 노리스가 개미친놈이지 ㅋㅋㅋㅋ,노리스하곤 벌어지고 러셀하고는 그대로면 노리스가 개미친놈이지 ㅋㅋㅋㅋ,0.12121888250112534,0.23211199045181274,0.24363668262958527,0.21407276391983032,0.09635356813669205,0.09260614961385727
2024-09-22 21:44:24,르끌 뭐함,,26,26.0,르끌 뭐함 ,르끌 뭐함,0.09346746653318405,0.32570135593414307,0.20151112973690033,0.13502928614616394,0.1761864423751831,0.06810429692268372
2024-09-22 21:44:28,노리스벽에쳐박앗으면좋겟는몽골견,- dc official App,26,26.0,노리스벽에쳐박앗으면좋겟는몽골견 - dc official App,노리스벽에쳐박앗으면좋겟는몽골견 - dc official App,0.22315342724323273,0.1483096182346344,0.1262236386537552,0.3051367402076721,0.15221652388572693,0.044960059225559235
2024-09-22 21:44:36,"1,2등 차이 왜케나는거임?",미친거아닌가,26,26.0,"1,2등 차이 왜케나는거임? 미친거아닌가","1,2등 차이 왜케나는거임? 미친거아닌가",0.09876330941915512,0.26913905143737793,0.18140140175819397,0.2120971977710724,0.16564221680164337,0.07295683771371841
2024-09-22 21:44:39,체코야 너밖에없다.,"노리스 들어갔다 막스 앞으로 나오면 그때가 기회야. 알지?
- dc official App",26,26.0,"체코야 너밖에없다. 노리스 들어갔다 막스 앞으로 나오면 그때가 기회야. 알지?
- dc official App",체코야 너밖에없다. 노리스 들어갔다 막스 앞으로 나오면 그때가 기회야. 알지?,0.46594592928886414,0.16900576651096344,0.1341463327407837,0.08242727071046829,0.07321743667125702,0.07525721937417984
2024-09-22 21:44:41,작년에 많이보던 그림인데 ㅅㅂ,크루징 아,26,26.0,작년에 많이보던 그림인데 ㅅㅂ 크루징 아,작년에 많이보던 그림인데 ㅅㅂ 크루징 아,0.11497388780117035,0.22032468020915985,0.10362863540649414,0.29788413643836975,0.21445170044898987,0.04873703420162201
2024-09-22 21:44:42,드챔 몽골 컨챔 맥라렌주고 시즌종료하죠?,이제 볼거없는거같은데 ㅋㅋ ㄹㅇ,26,26.0,드챔 몽골 컨챔 맥라렌주고 시즌종료하죠? 이제 볼거없는거같은데 ㅋㅋ ㄹㅇ,드챔 몽골 컨챔 맥라렌주고 시즌종료하죠? 이제 볼거없는거같은데 ㅋㅋ ㄹㅇ,0.09553279727697372,0.3147256374359131,0.16837936639785767,0.18086808919906616,0.16648836433887482,0.07400572299957275
2024-09-22 21:44:46,셒카안나옴?,나올때 안됐나,26,26.0,셒카안나옴? 나올때 안됐나,셒카안나옴? 나올때 안됐나,0.2748894989490509,0.24860802292823792,0.245094433426857,0.07994101196527481,0.06083984673023224,0.09062723815441132
2024-09-22 21:44:48,곧 20초 차이 나겠네,ㄷ,26,26.0,곧 20초 차이 나겠네 ㄷ,곧 20초 차이 나겠네 ㄷ,0.10510816425085068,0.23907485604286194,0.3120027482509613,0.12890063226222992,0.085499107837677,0.12941452860832214
2024-09-22 21:44:54,20초 와..,,26,26.0,20초 와.. ,20초 와..,0.19990229606628418,0.2277533859014511,0.30772507190704346,0.10854427516460419,0.05121314525604248,0.10486183315515518
2024-09-22 21:44:55,프리스탑까지 벌리겠네 ㅁㅊ,,26,26.0,프리스탑까지 벌리겠네 ㅁㅊ ,프리스탑까지 벌리겠네 ㅁㅊ,0.09700778126716614,0.21206240355968475,0.22817742824554443,0.20811206102371216,0.14197875559329987,0.11266160756349564
2024-09-22 21:44:58,노리스 특검하라,20초 차가 말이냐,26,26.0,노리스 특검하라 20초 차가 말이냐,노리스 특검하라 20초 차가 말이냐,0.11024613678455353,0.19799812138080597,0.24749697744846344,0.18642368912696838,0.19319742918014526,0.06463763862848282
2024-09-22 21:45:00,누리스 공짜 피트인 곧 입갤 ㅋㅋ,ㅋㅋㅋㅋ몽골련 지가 하던거 당하노,26,26.0,누리스 공짜 피트인 곧 입갤 ㅋㅋ ㅋㅋㅋㅋ몽골련 지가 하던거 당하노,누리스 공짜 피트인 곧 입갤 ㅋㅋ ㅋㅋㅋㅋ몽골련 지가 하던거 당하노,0.20840536057949066,0.2295973151922226,0.18607105314731598,0.20013880729675293,0.08191921561956406,0.09386826306581497
2024-09-22 21:45:02,노리스 계속 37초대네,왤캐 잘함,26,26.0,노리스 계속 37초대네 왤캐 잘함,노리스 계속 37초대네 왤캐 잘함,0.582509458065033,0.16531161963939667,0.11072272807359695,0.06023656576871872,0.03745780512690544,0.04376176744699478
2024-09-22 21:45:03,뉴이 올해 뒤에서 맥라렌 개발했나,차 넘사네,26,26.0,뉴이 올해 뒤에서 맥라렌 개발했나 차 넘사네,뉴이 올해 뒤에서 맥라렌 개발했나 차 넘사네,0.19160309433937073,0.21198317408561707,0.33624452352523804,0.10457253456115723,0.04641437903046608,0.10918232053518295
2024-09-22 21:45:05,아 드럽게 재미없네 진짜 ㅡㅡ,역대급 노잼,26,26.0,아 드럽게 재미없네 진짜 ㅡㅡ 역대급 노잼,아 드럽게 재미없네 진짜 ㅡㅡ 역대급 노잼,0.12739622592926025,0.31678062677383423,0.1386978030204773,0.19519643485546112,0.16416262090206146,0.05776629596948624
2024-09-22 21:45:04,노리스 나름 절치부심 한듯?,오늘은 잘한다 ㅋㅋ,26,26.0,노리스 나름 절치부심 한듯? 오늘은 잘한다 ㅋㅋ,노리스 나름 절치부심 한듯? 오늘은 잘한다 ㅋㅋ,0.6556865572929382,0.12872231006622314,0.07307423651218414,0.054598502814769745,0.047502487897872925,0.04041590541601181
2024-09-22 21:45:06,아 씹 마그누센 비켜,,26,26.0,아 씹 마그누센 비켜 ,아 씹 마그누센 비켜,0.1706896424293518,0.19068314135074615,0.10727391391992569,0.3329063057899475,0.15688209235668182,0.041564829647541046
2024-09-22 21:45:08,사전트 대려와ㅏㅏㅏㅏㅏㅏㅏㅏㅏㅏ,갖다 박어,26,26.0,사전트 대려와ㅏㅏㅏㅏㅏㅏㅏㅏㅏㅏ 갖다 박어,사전트 대려와ㅏㅏㅏㅏㅏㅏㅏㅏㅏㅏ 갖다 박어,0.26126986742019653,0.25693127512931824,0.11272880434989929,0.17768916487693787,0.12568584084510803,0.06569497287273407
2024-09-22 21:45:08,노리스 차 검수해라 저게 사기지,,26,26.0,노리스 차 검수해라 저게 사기지 ,노리스 차 검수해라 저게 사기지,0.10423227399587631,0.20098237693309784,0.22152553498744965,0.19058819115161896,0.23318198323249817,0.04948965087532997
2024-09-22 21:45:11,노리스 왜케 잘하냐,미쳤네 ㄷㄷ,26,26.0,노리스 왜케 잘하냐 미쳤네 ㄷㄷ,노리스 왜케 잘하냐 미쳤네 ㄷㄷ,0.3413781225681305,0.21130754053592682,0.2354145050048828,0.0909675881266594,0.043706703931093216,0.07722550630569458
2024-09-22 21:45:15,개노잼이네 ㅋㅋㅋㅋㅋ,- dc official App,27,27.0,개노잼이네 ㅋㅋㅋㅋㅋ - dc official App,개노잼이네 ㅋㅋㅋㅋㅋ - dc official App,0.1482386738061905,0.3150936961174011,0.16675817966461182,0.17112858593463898,0.1432015597820282,0.055579282343387604
2024-09-22 21:45:15,노창섭 떡검해라,"ㅇㅇ
- dc official App",27,27.0,"노창섭 떡검해라 ㅇㅇ
- dc official App",노창섭 떡검해라 ㅇㅇ,0.19514994323253632,0.18939454853534698,0.20600567758083344,0.20454874634742737,0.1463177502155304,0.058583278208971024
2024-09-22 21:45:17,이젠 정말 스트롤 너밖에 없다,조금 있다가 앞에 다들 핏트스탑 하면 말이야...,27,27.0,이젠 정말 스트롤 너밖에 없다 조금 있다가 앞에 다들 핏트스탑 하면 말이야...,이젠 정말 스트롤 너밖에 없다 조금 있다가 앞에 다들 핏트스탑 하면 말이야...,0.24738653004169464,0.24207977950572968,0.10853297263383865,0.1537867784500122,0.17075997591018677,0.07745400816202164
2024-09-22 21:45:17,하스트레인 ㅋㅋㅋ,- dc official App,27,27.0,하스트레인 ㅋㅋㅋ - dc official App,하스트레인 ㅋㅋㅋ - dc official App,0.6241893768310547,0.1319262981414795,0.11143108457326889,0.07161425799131393,0.03494388237595558,0.02589503489434719
2024-09-22 21:45:19,노리스 프리스탑 하겠네 ㄷㄷㄷㄷ,미쳤다 진짜 ㅋㅋ,27,27.0,노리스 프리스탑 하겠네 ㄷㄷㄷㄷ 미쳤다 진짜 ㅋㅋ,노리스 프리스탑 하겠네 ㄷㄷㄷㄷ 미쳤다 진짜 ㅋㅋ,0.18355901539325714,0.22002984583377838,0.27831313014030457,0.1300750970840454,0.06330124288797379,0.1247217208147049
2024-09-22 21:45:19,하스트레인ㅋㅋㅋㅋ,ㅋㅋㅋ,27,27.0,하스트레인ㅋㅋㅋㅋ ㅋㅋㅋ,하스트레인ㅋㅋㅋㅋ ㅋㅋㅋ,0.6480345726013184,0.1339687556028366,0.08658216148614883,0.06970366090536118,0.03646030277013779,0.02525060996413231
2024-09-22 21:45:19,하스 트레인이 2대 ㅋㅋㅋㅋㅋ,시발 ㅋㅋㅋㅋ,27,27.0,하스 트레인이 2대 ㅋㅋㅋㅋㅋ 시발 ㅋㅋㅋㅋ,하스 트레인이 2대 ㅋㅋㅋㅋㅋ 시발 ㅋㅋㅋㅋ,0.15013252198696136,0.26699283719062805,0.16806191205978394,0.22691264748573303,0.10524450242519379,0.08265557885169983
2024-09-22 21:45:20,20초 입갤 ㅋㅋㅋㅋㅋ,,27,27.0,20초 입갤 ㅋㅋㅋㅋㅋ ,20초 입갤 ㅋㅋㅋㅋㅋ,0.651259183883667,0.12345828860998154,0.09620127081871033,0.06312307715415955,0.03486131876707077,0.031096797436475754
2024-09-22 21:45:20,징징탕입갤 ㅋㅋ,,27,27.0,징징탕입갤 ㅋㅋ ,징징탕입갤 ㅋㅋ,0.6345420479774475,0.13193973898887634,0.09707888960838318,0.06549599766731262,0.03739175572991371,0.033551547676324844
2024-09-22 21:45:24,포디움 누베피 가자,하필 베르스타펜도 잘하네,27,27.0,포디움 누베피 가자 하필 베르스타펜도 잘하네,포디움 누베피 가자 하필 베르스타펜도 잘하네,0.6723090410232544,0.12942400574684143,0.08113284409046173,0.05318950489163399,0.03126489371061325,0.03267962113022804
2024-09-22 21:45:26,하스트레인 ㅈ 같노 ㄹㅇ,,27,27.0,하스트레인 ㅈ 같노 ㄹㅇ ,하스트레인 ㅈ 같노 ㄹㅇ,0.13730354607105255,0.20006869733333588,0.10962895303964615,0.2728094160556793,0.23724406957626343,0.04294528439640999
2024-09-22 21:45:27,아오 셋팅시치,,27,27.0,아오 셋팅시치 ,아오 셋팅시치,0.3154028356075287,0.22802209854125977,0.09705214202404022,0.2008969932794571,0.12167953699827194,0.03694641590118408
2024-09-22 21:45:29,노리스 막스 20초차,ㄹ ㅇ 개빠르다,27,27.0,노리스 막스 20초차 ㄹ ㅇ 개빠르다,노리스 막스 20초차 ㄹ ㅇ 개빠르다,0.41317254304885864,0.19768498837947845,0.22252586483955383,0.07406172901391983,0.033440764993429184,0.05911409482359886
2024-09-22 21:45:30,슬슬 몽골 징징 라디오 한번 나올때됐는데,ㅇㅇ,27,27.0,슬슬 몽골 징징 라디오 한번 나올때됐는데 ㅇㅇ,슬슬 몽골 징징 라디오 한번 나올때됐는데 ㅇㅇ,0.19080600142478943,0.27512964606285095,0.18973305821418762,0.1271897256374359,0.12703290581703186,0.09010855853557587
2024-09-22 21:45:29,징징아 좀,,27,27.0,징징아 좀 ,징징아 좀,0.1109003946185112,0.28644299507141113,0.16727785766124725,0.1750950813293457,0.1796972155570984,0.08058637380599976
2024-09-22 21:45:33,하스트레인 ㅋㅋㅋㅋㅋ,,27,27.0,하스트레인 ㅋㅋㅋㅋㅋ ,하스트레인 ㅋㅋㅋㅋㅋ,0.6164074540138245,0.14003649353981018,0.09975691139698029,0.07826915383338928,0.03694945573806763,0.028580589219927788
2024-09-22 21:45:35,올해 너무 유잼이긴했다…,"느슨해진 엪원에 긴장감을 줘버리네…
- dc official App",27,27.0,"올해 너무 유잼이긴했다… 느슨해진 엪원에 긴장감을 줘버리네…
- dc official App",올해 너무 유잼이긴했다… 느슨해진 엪원에 긴장감을 줘버리네…,0.4700755774974823,0.220108300447464,0.0963851660490036,0.09642654657363892,0.07904735952615738,0.03795700520277023
2024-09-22 21:45:36,근데 진짜 뭘 해야 저렇게 차이가 나지,시발..,27,27.0,근데 진짜 뭘 해야 저렇게 차이가 나지 시발..,근데 진짜 뭘 해야 저렇게 차이가 나지 시발..,0.07589009404182434,0.2302485555410385,0.17754842340946198,0.21879102289676666,0.21933619678020477,0.07818569242954254
2024-09-22 21:45:36,하스가 존나웃기네 그냥,정체구간 메이킹 주범,27,27.0,하스가 존나웃기네 그냥 정체구간 메이킹 주범,하스가 존나웃기네 그냥 정체구간 메이킹 주범,0.12882183492183685,0.2820188105106354,0.16248056292533875,0.24158300459384918,0.11351411044597626,0.07158176600933075
2024-09-22 21:45:38,뭔 시발 20초ㅋㅋ,"ㅋㅋㅋ
- ORACLE RED BULL RACING RB20",27,27.0,"뭔 시발 20초ㅋㅋ ㅋㅋㅋ
- ORACLE RED BULL RACING RB20",뭔 시발 20초ㅋㅋ ㅋㅋㅋ - ORACLE RED BULL RACING RB20,0.16015106439590454,0.27079352736473083,0.1429511457681656,0.24567614495754242,0.11244905740022659,0.06797908991575241
2024-09-22 21:45:38,하드를 왜낀거임ㅋㅋㅋ,- dc official App,27,27.0,하드를 왜낀거임ㅋㅋㅋ - dc official App,하드를 왜낀거임ㅋㅋㅋ - dc official App,0.11877959966659546,0.27134841680526733,0.27898260951042175,0.16126088798046112,0.09286276996135712,0.07676572352647781
2024-09-22 21:45:39,셒카 제발ㅋㅋ,ㅋㅋ,27,27.0,셒카 제발ㅋㅋ ㅋㅋ,셒카 제발ㅋㅋ ㅋㅋ,0.5954800248146057,0.14797291159629822,0.0985577404499054,0.07702706754207611,0.04438633844256401,0.036575980484485626
2024-09-22 21:45:40,아 ㅆㅂ 10시 시작인줄 알았네,이런줸장,27,27.0,아 ㅆㅂ 10시 시작인줄 알았네 이런줸장,아 ㅆㅂ 10시 시작인줄 알았네 이런줸장,0.16910387575626373,0.23567190766334534,0.0946662649512291,0.25107213854789734,0.2109600156545639,0.03852582350373268
2024-09-22 21:45:42,하스가 쌍으로 페라리의벽이네,에라이 ㅋㅋㅋㅋㅋㅋㅋㅋㅋㅋㅋ,27,27.0,하스가 쌍으로 페라리의벽이네 에라이 ㅋㅋㅋㅋㅋㅋㅋㅋㅋㅋㅋ,하스가 쌍으로 페라리의벽이네 에라이 ㅋㅋㅋㅋㅋㅋㅋㅋㅋㅋㅋ,0.14863170683383942,0.26067662239074707,0.1577780842781067,0.2319355309009552,0.10730621963739395,0.09367182850837708
2024-09-22 21:45:43,경징징 ㅋㅋㅋ,ㅋㅋ,27,27.0,경징징 ㅋㅋㅋ ㅋㅋ,경징징 ㅋㅋㅋ ㅋㅋ,0.5739914774894714,0.16993531584739685,0.09814871847629547,0.08132246881723404,0.043082185089588165,0.03351990506052971
2024-09-22 21:45:44,근데 이렇게 되어도 드챔은 노창섭이 못먹지 않음?,- dc official App,27,27.0,근데 이렇게 되어도 드챔은 노창섭이 못먹지 않음? - dc official App,근데 이렇게 되어도 드챔은 노창섭이 못먹지 않음? - dc official App,0.10829158127307892,0.26802343130111694,0.3287120461463928,0.11332789063453674,0.09058412909507751,0.09106094390153885
2024-09-22 21:45:46,르끌 추월 ㅅㅅ 휴,"가보자..
- dc official App",27,27.0,"르끌 추월 ㅅㅅ 휴 가보자..
- dc official App",르끌 추월 ㅅㅅ 휴 가보자..,0.6831653714179993,0.12180769443511963,0.06770195066928864,0.054959069937467575,0.0426359660923481,0.029730012640357018
2024-09-22 21:45:51,케이막이 노리스 막자하는거밖에 방법없다,"헐크
포디움
가야제",27,27.0,"케이막이 노리스 막자하는거밖에 방법없다 헐크
포디움
가야제",케이막이 노리스 막자하는거밖에 방법없다 헐크 포디움 가야제,0.34486761689186096,0.21324048936367035,0.11425653845071793,0.137241929769516,0.1257934719324112,0.06459992378950119
2024-09-22 21:45:50,대노다 ㅋㅋ,,27,27.0,대노다 ㅋㅋ ,대노다 ㅋㅋ,0.13100332021713257,0.23107227683067322,0.16019007563591003,0.23961928486824036,0.15015241503715515,0.08796261996030807
2024-09-22 21:45:53,르끌 드디어 알론소땄네,,27,27.0,르끌 드디어 알론소땄네 ,르끌 드디어 알론소땄네,0.6170768141746521,0.15147311985492706,0.09949605166912079,0.055088482797145844,0.040319494903087616,0.03654598444700241
2024-09-22 21:45:53,ㅈ 물 탕,ㅋㅋㅋㅋ,27,27.0,ㅈ 물 탕 ㅋㅋㅋㅋ,ㅈ 물 탕 ㅋㅋㅋㅋ,0.6532936692237854,0.1293860375881195,0.08397356420755386,0.07234993577003479,0.03372194245457649,0.02727489173412323
2024-09-22 21:45:53,해밀턴 락업 ㅋㅋ,,27,27.0,해밀턴 락업 ㅋㅋ ,해밀턴 락업 ㅋㅋ,0.6758208274841309,0.1199890524148941,0.07617198675870895,0.06685500591993332,0.037776220589876175,0.023386849090456963
2024-09-22 21:45:54,르끌 드디어 넘어갔네,아오,27,27.0,르끌 드디어 넘어갔네 아오,르끌 드디어 넘어갔네 아오,0.11522829532623291,0.2747747004032135,0.11058735102415085,0.2056785225868225,0.23918591439723969,0.054545193910598755
2024-09-22 21:45:56,경의 실수 ㅋㅋㅋㅋ,,27,27.0,경의 실수 ㅋㅋㅋㅋ ,경의 실수 ㅋㅋㅋㅋ,0.33920830488204956,0.26961225271224976,0.16606859862804413,0.10936027765274048,0.06251288950443268,0.0532376803457737
2024-09-22 21:45:56,아오 징징아 ㅋㅋ,,27,27.0,아오 징징아 ㅋㅋ ,아오 징징아 ㅋㅋ,0.24338020384311676,0.2844141125679016,0.13877521455287933,0.1520363986492157,0.10902097076177597,0.07237305492162704
2024-09-22 21:45:57,이제 러셀이 해야할 것),몽골이랑 더블리타하고 헐크 성불시키기,27,27.0,이제 러셀이 해야할 것) 몽골이랑 더블리타하고 헐크 성불시키기,이제 러셀이 해야할 것) 몽골이랑 더블리타하고 헐크 성불시키기,0.2656320333480835,0.21257919073104858,0.2676425576210022,0.11159320175647736,0.06662014871835709,0.07593286037445068
2024-09-22 21:45:58,ㅋㅋㅋ 물탕사망ㅋㅋㅋㅋ,"ㅋㅋ
- dc official App",27,27.0,"ㅋㅋㅋ 물탕사망ㅋㅋㅋㅋ ㅋㅋ
- dc official App",ㅋㅋㅋ 물탕사망ㅋㅋㅋㅋ ㅋㅋ,0.3620820939540863,0.2581213116645813,0.14257526397705078,0.12487524747848511,0.05762024596333504,0.054725855588912964
2024-09-22 21:45:59,경 조졌네ㅋㅋㅋㅋ,- dc official App,27,27.0,경 조졌네ㅋㅋㅋㅋ - dc official App,경 조졌네ㅋㅋㅋㅋ - dc official App,0.19299371540546417,0.29119041562080383,0.150913804769516,0.18116311728954315,0.10635267198085785,0.077386274933815
2024-09-22 21:46:00,타이어 ㅈ됐노 해밀턴 ㅋㅋㅋ,ㅋㅋ,27,27.0,타이어 ㅈ됐노 해밀턴 ㅋㅋㅋ ㅋㅋ,타이어 ㅈ됐노 해밀턴 ㅋㅋㅋ ㅋㅋ,0.11162261664867401,0.3520795702934265,0.1692594736814499,0.156133770942688,0.11687999963760376,0.09402453154325485
2024-09-22 21:46:00,경 좆망ㅋㅋ,,27,27.0,경 좆망ㅋㅋ ,경 좆망ㅋㅋ,0.10588940978050232,0.21985706686973572,0.1388883739709854,0.2836929261684418,0.18660132586956024,0.06507082283496857
2024-09-22 21:46:00,차한대쯤 터질때 안됬나?,잠온다,27,27.0,차한대쯤 터질때 안됬나? 잠온다,차한대쯤 터질때 안됬나? 잠온다,0.11979234218597412,0.35980424284935,0.17725780606269836,0.12766945362091064,0.12504138052463531,0.09043481945991516
2024-09-22 21:46:01,경..,ㅇ,27,27.0,경.. ㅇ,경.. ㅇ,0.330623060464859,0.2780216634273529,0.16769330203533173,0.10410373657941818,0.06924506276845932,0.050313226878643036
2024-09-22 21:46:04,몽골견들 작년엔 물탕경으로 쉐복 하더니,올해는 노리스견으로 쉐복하노 ㅋㅋ,27,27.0,몽골견들 작년엔 물탕경으로 쉐복 하더니 올해는 노리스견으로 쉐복하노 ㅋㅋ,몽골견들 작년엔 물탕경으로 쉐복 하더니 올해는 노리스견으로 쉐복하노 ㅋㅋ,0.10726677626371384,0.23922918736934662,0.23588892817497253,0.2214447557926178,0.09915630519390106,0.09701401740312576
2024-09-22 21:46:04,노잼이네,스타트 놓쳤는데 스타트도 노잼이었음?,27,27.0,노잼이네 스타트 놓쳤는데 스타트도 노잼이었음?,노잼이네 스타트 놓쳤는데 스타트도 노잼이었음?,0.09786578267812729,0.34909874200820923,0.17261531949043274,0.15962639451026917,0.16289108991622925,0.05790271610021591
2024-09-22 21:46:04,물탕앜ㅋㅋㅋㅋㅋㅋㅋㅋㅋㅋㅋ,ㅋㅋㅋ,27,27.0,물탕앜ㅋㅋㅋㅋㅋㅋㅋㅋㅋㅋㅋ ㅋㅋㅋ,물탕앜ㅋㅋㅋㅋㅋㅋㅋㅋㅋㅋㅋ ㅋㅋㅋ,0.6904455423355103,0.11779357492923737,0.0757276862859726,0.058495476841926575,0.03397347778081894,0.023564228788018227
2024-09-22 21:46:06,경의 락업 ㅋㅋ,ㅋㅋ,27,27.0,경의 락업 ㅋㅋ ㅋㅋ,경의 락업 ㅋㅋ ㅋㅋ,0.6418762803077698,0.13357199728488922,0.08525674790143967,0.07507443428039551,0.03886483609676361,0.025355704128742218
2024-09-22 21:46:08,물탕 타이어 박살 ㅋㅋ,,27,27.0,물탕 타이어 박살 ㅋㅋ ,물탕 타이어 박살 ㅋㅋ,0.1942475140094757,0.2648087441921234,0.22274014353752136,0.1622021347284317,0.06922884285449982,0.0867726057767868
2024-09-22 21:46:09,어 알론소 핏스탑?,"지금?
- dc official App",27,27.0,"어 알론소 핏스탑? 지금?
- dc official App",어 알론소 핏스탑? 지금?,0.17883123457431793,0.23103952407836914,0.32195284962654114,0.10018058121204376,0.06544877588748932,0.10254701972007751
2024-09-22 21:46:11,전통의 해밀턴 코너커팅ㅋㅋㅋ,,27,27.0,전통의 해밀턴 코너커팅ㅋㅋㅋ ,전통의 해밀턴 코너커팅ㅋㅋㅋ,0.7048952579498291,0.10966349393129349,0.0747264176607132,0.055919989943504333,0.029702212661504745,0.025092655792832375
2024-09-22 21:46:14,작년에 막가놈 보던 기분이 이런느낌이었구나..,좆노잼이네 씨발,27,27.0,작년에 막가놈 보던 기분이 이런느낌이었구나.. 좆노잼이네 씨발,작년에 막가놈 보던 기분이 이런느낌이었구나.. 좆노잼이네 씨발,0.10809609293937683,0.2846843898296356,0.1313493847846985,0.22397568821907043,0.1899288445711136,0.061965685337781906
2024-09-22 21:46:16,쭉나가네 ㅋㅋ,,27,27.0,쭉나가네 ㅋㅋ ,쭉나가네 ㅋㅋ,0.6913588643074036,0.1153414249420166,0.07112278789281845,0.052562061697244644,0.039992786943912506,0.029622042551636696
2024-09-22 21:46:17,지금왔는데  요약좀,노막 20초갭뭐냐 ㅆㅂ,27,27.0,지금왔는데  요약좀 노막 20초갭뭐냐 ㅆㅂ,지금왔는데 요약좀 노막 20초갭뭐냐 ㅆㅂ,0.11586747318506241,0.28759682178497314,0.1126745417714119,0.22548189759254456,0.21812793612480164,0.04025128111243248
2024-09-22 21:46:13,경 오늘 왜 저렂 ㅋㅋㅋㅋ,,27,27.0,경 오늘 왜 저렂 ㅋㅋㅋㅋ ,경 오늘 왜 저렂 ㅋㅋㅋㅋ,0.1448654979467392,0.35289841890335083,0.16186346113681793,0.1441400796175003,0.1057928279042244,0.09043971449136734
2024-09-22 21:46:19,고의크래쉬라도 내야되면 개추 ㅋㅋ,"갤에다 똥글쓰는게 더재밌다 ㅅㅂ
- dc official App",27,27.0,"고의크래쉬라도 내야되면 개추 ㅋㅋ 갤에다 똥글쓰는게 더재밌다 ㅅㅂ
- dc official App",고의크래쉬라도 내야되면 개추 ㅋㅋ 갤에다 똥글쓰는게 더재밌다 ㅅㅂ,0.1110847070813179,0.1988324075937271,0.12936900556087494,0.32746773958206177,0.16674983501434326,0.06649623811244965
2024-09-22 21:46:21,물탕은 소프트스타트 왜한거냐,그냥 미디움스타트했으면 지금 p3인대,27,27.0,물탕은 소프트스타트 왜한거냐 그냥 미디움스타트했으면 지금 p3인대,물탕은 소프트스타트 왜한거냐 그냥 미디움스타트했으면 지금 p3인대,0.07674422115087509,0.295381098985672,0.21084286272525787,0.1882750689983368,0.17938290536403656,0.04937378689646721
2024-09-22 21:46:22,알론소 잘막았다,르끌은 박아서 꼭 sc까지 불러주는걸로,27,27.0,알론소 잘막았다 르끌은 박아서 꼭 sc까지 불러주는걸로,알론소 잘막았다 르끌은 박아서 꼭 sc까지 불러주는걸로,0.5415393710136414,0.16278722882270813,0.0947919636964798,0.07043742388486862,0.08250467479228973,0.047939423471689224
2024-09-22 21:46:22,몽골 5등이하 달성시 앺버거 1,"5
등될때까지
받음
챔십
좀
재밌어지자",27,27.0,"몽골 5등이하 달성시 앺버거 1 5
등될때까지
받음
챔십
좀
재밌어지자",몽골 5등이하 달성시 앺버거 1 5 등될때까지 받음 챔십 좀 재밌어지자,0.601077675819397,0.14981505274772644,0.10524234920740128,0.06791277229785919,0.04104573652148247,0.034906428307294846
2024-09-22 21:46:24,경 멸망ㅋㅋ,"ㅋㅋ
- ORACLE RED BULL RACING RB20",27,27.0,"경 멸망ㅋㅋ ㅋㅋ
- ORACLE RED BULL RACING RB20",경 멸망ㅋㅋ ㅋㅋ - ORACLE RED BULL RACING RB20,0.36607953906059265,0.20881015062332153,0.1499451994895935,0.1579902619123459,0.07001779973506927,0.04715703800320625
2024-09-22 21:46:28,물탕이 저 타이어로 앞으로 36바퀴 돌아야 함 ㅋㅋㅋㅋㅋ,,27,27.0,물탕이 저 타이어로 앞으로 36바퀴 돌아야 함 ㅋㅋㅋㅋㅋ ,물탕이 저 타이어로 앞으로 36바퀴 돌아야 함 ㅋㅋㅋㅋㅋ,0.21787968277931213,0.229893758893013,0.23485681414604187,0.16222845017910004,0.06563673913478851,0.08950456976890564
2024-09-22 21:46:30,노리스 프리스탑까지 2랩 ㅋㅋㅋㅋㅋㅋㅋ,ㅋㅋ,27,27.0,노리스 프리스탑까지 2랩 ㅋㅋㅋㅋㅋㅋㅋ ㅋㅋ,노리스 프리스탑까지 2랩 ㅋㅋㅋㅋㅋㅋㅋ ㅋㅋ,0.6098690629005432,0.14064623415470123,0.10667166858911514,0.07635089755058289,0.03692701831459999,0.029535114765167236
2024-09-22 21:46:34,21초 ㅋㅋㅋㅋㅋㅋㅋㅋㅋ,프리스탑 해야지,27,27.0,21초 ㅋㅋㅋㅋㅋㅋㅋㅋㅋ 프리스탑 해야지,21초 ㅋㅋㅋㅋㅋㅋㅋㅋㅋ 프리스탑 해야지,0.13785669207572937,0.35090726613998413,0.16840369999408722,0.16051916778087616,0.10043613612651825,0.08187708258628845
2024-09-22 21:46:37,1~4중 아무나 둘이 박아봐,셒카+헐크 포디움 드가자,27,27.0,1~4중 아무나 둘이 박아봐 셒카+헐크 포디움 드가자,1~4중 아무나 둘이 박아봐 셒카+헐크 포디움 드가자,0.613839864730835,0.1344698816537857,0.10456033051013947,0.07043237239122391,0.038201864808797836,0.038495633751153946
2024-09-22 21:46:37,피아제가 간다,"펠라단 긴장해라
- dc official App",27,27.0,"피아제가 간다 펠라단 긴장해라
- dc official App",피아제가 간다 펠라단 긴장해라,0.26240748167037964,0.20831912755966187,0.2515760064125061,0.10034111887216568,0.06982982158660889,0.10752642899751663
2024-09-22 21:46:44,체코야 제발,우리에게 재미를 줘 !!!!,27,27.0,체코야 제발 우리에게 재미를 줘 !!!!,체코야 제발 우리에게 재미를 줘 !!!!,0.5159300565719604,0.16167552769184113,0.0787038654088974,0.10397253930568695,0.10247193276882172,0.037246137857437134
2024-09-22 21:46:56,경의 징징징,,28,28.0,경의 징징징 ,경의 징징징,0.18020091950893402,0.2926630675792694,0.14208529889583588,0.16592754423618317,0.15435221791267395,0.06477095186710358
2024-09-22 21:46:56,ㄹㅇ 미끌리네,ㅇㅇ,28,28.0,ㄹㅇ 미끌리네 ㅇㅇ,ㄹㅇ 미끌리네 ㅇㅇ,0.48399895429611206,0.19571059942245483,0.1701211929321289,0.0638270229101181,0.036631930619478226,0.04971035197377205
2024-09-22 21:46:57,국왕님 피트인 하셨다 ㄷㄷㄷ,"큰거 한방 온다
- dc official App",28,28.0,"국왕님 피트인 하셨다 ㄷㄷㄷ 큰거 한방 온다
- dc official App",국왕님 피트인 하셨다 ㄷㄷㄷ 큰거 한방 온다,0.3551517128944397,0.20081891119480133,0.23668920993804932,0.07574015110731125,0.04051510617136955,0.09108485281467438
2024-09-22 21:46:59,토토 절망ㅋㅋㅋㅋㅋ,,28,28.0,토토 절망ㅋㅋㅋㅋㅋ ,토토 절망ㅋㅋㅋㅋㅋ,0.14098726212978363,0.3361137807369232,0.1348772794008255,0.1616475135087967,0.14797452092170715,0.07839958369731903
2024-09-22 21:47:00,제발 셒카 제발 레드,그래도 우승은 노,28,28.0,제발 셒카 제발 레드 그래도 우승은 노,제발 셒카 제발 레드 그래도 우승은 노,0.1709703505039215,0.2598271071910858,0.13902586698532104,0.1602562814950943,0.18315008282661438,0.08677030354738235
2024-09-22 21:47:01,노리스 인터벌 20초 입갤 ㅋㅋㅋㅋㅋㅋ,작년 RB19가 저런 느낌이었음?,28,28.0,노리스 인터벌 20초 입갤 ㅋㅋㅋㅋㅋㅋ 작년 RB19가 저런 느낌이었음?,노리스 인터벌 20초 입갤 ㅋㅋㅋㅋㅋㅋ 작년 RB19가 저런 느낌이었음?,0.23328852653503418,0.25050589442253113,0.2900293171405792,0.0929039716720581,0.044494371861219406,0.08877797424793243
2024-09-22 21:47:01,존나 징징대네 누가 소프트 스타트 하래?,,28,28.0,존나 징징대네 누가 소프트 스타트 하래? ,존나 징징대네 누가 소프트 스타트 하래?,0.12303873151540756,0.2499072551727295,0.14818137884140015,0.28403717279434204,0.14643032848834991,0.04840514063835144
2024-09-22 21:47:02,걍 좆된거 시원하게 박으시죠 Sir.,큰 힘에는 큰 책임이 따릅니다. Sir.,28,28.0,걍 좆된거 시원하게 박으시죠 Sir. 큰 힘에는 큰 책임이 따릅니다. Sir.,걍 좆된거 시원하게 박으시죠 Sir. 큰 힘에는 큰 책임이 따릅니다. Sir.,0.16513556241989136,0.2292470782995224,0.1724395751953125,0.19804196059703827,0.13965946435928345,0.0954764112830162
2024-09-22 21:47:03,경의 징징 ㅋㅋㅋ,ㅋㅋ,28,28.0,경의 징징 ㅋㅋㅋ ㅋㅋ,경의 징징 ㅋㅋㅋ ㅋㅋ,0.3539979159832001,0.2831457257270813,0.10747146606445312,0.12005337327718735,0.08737807720899582,0.047953542321920395
2024-09-22 21:47:03,토토 이마탁 ㅋㅋㅋ,,28,28.0,토토 이마탁 ㅋㅋㅋ ,토토 이마탁 ㅋㅋㅋ,0.6901103258132935,0.11427904665470123,0.07795597612857819,0.05835142731666565,0.03382879123091698,0.025474347174167633
2024-09-22 21:47:04,또또 이마짚 ㅋㅋㅋ,ㅋㅋㅋ,28,28.0,또또 이마짚 ㅋㅋㅋ ㅋㅋㅋ,또또 이마짚 ㅋㅋㅋ ㅋㅋㅋ,0.6719813942909241,0.1277250051498413,0.08183305710554123,0.05824930593371391,0.034188199788331985,0.02602297253906727
2024-09-22 21:47:05,또 징징ㅋㅋㅋㅋㅋ,,28,28.0,또 징징ㅋㅋㅋㅋㅋ ,또 징징ㅋㅋㅋㅋㅋ,0.2370774745941162,0.27580609917640686,0.11462657898664474,0.19159285724163055,0.12055424600839615,0.06034276634454727
2024-09-22 21:47:08,토토 아 머리야 ㅋㅋㅋㅋ,"ㅋㅋ
- dc official App",28,28.0,"토토 아 머리야 ㅋㅋㅋㅋ ㅋㅋ
- dc official App",토토 아 머리야 ㅋㅋㅋㅋ ㅋㅋ,0.6613650918006897,0.12772461771965027,0.08823912590742111,0.06261452287435532,0.034752603620290756,0.02530411258339882
2024-09-22 21:47:11,이마탁 ㅋㅋㅋ,,28,28.0,이마탁 ㅋㅋㅋ ,이마탁 ㅋㅋㅋ,0.6914243698120117,0.11436605453491211,0.07392048835754395,0.06251438707113266,0.033174268901348114,0.024600449949502945
2024-09-22 21:47:12,레이스 중간쯤 다시보는 오늘의 운세,"https://m.dcinside.com/board/formula1/760721
드라이버별 오늘의 운세
- F1 마이너 갤러리
노리스막스경쥬지피아제헐크국왕유키르끌사인츠황본콜라체코케이막오콘리카도스트롤가슬리보타스저우
m.dcinside.com
맞냐ㅋㅋㅋ",28,28.0,"레이스 중간쯤 다시보는 오늘의 운세 https://m.dcinside.com/board/formula1/760721
드라이버별 오늘의 운세
- F1 마이너 갤러리
노리스막스경쥬지피아제헐크국왕유키르끌사인츠황본콜라체코케이막오콘리카도스트롤가슬리보타스저우
m.dcinside.com
맞냐ㅋㅋㅋ",레이스 중간쯤 다시보는 오늘의 운세 드라이버별 오늘의 운세 - F1 마이너 갤러리 노리스막스경쥬지피아제헐크국왕유키르끌사인츠황본콜라체코케이막오콘리카도스트롤가슬리보타스저우 m.dcinside.com 맞냐ㅋㅋㅋ,0.40577277541160583,0.18456070125102997,0.21691226959228516,0.10529477149248123,0.045291200280189514,0.04216825217008591
2024-09-22 21:47:15,헐크 따고 나서 누가 세카 한번 띄워주면 안되냐,"ㅇ.ㅇ
- dc official App",28,28.0,"헐크 따고 나서 누가 세카 한번 띄워주면 안되냐 ㅇ.ㅇ
- dc official App",헐크 따고 나서 누가 세카 한번 띄워주면 안되냐 ㅇ.ㅇ,0.3578461706638336,0.2181309163570404,0.18780416250228882,0.08603432774543762,0.07156838476657867,0.07861598581075668
2024-09-22 21:47:16,진짜 하드 문젠가,,28,28.0,진짜 하드 문젠가 ,진짜 하드 문젠가,0.0905565619468689,0.23575645685195923,0.3372730016708374,0.1276911050081253,0.10992733389139175,0.09879554063081741
2024-09-22 21:47:17,물징징 onㅋㅋㅋㅋ,,28,28.0,물징징 onㅋㅋㅋㅋ ,물징징 onㅋㅋㅋㅋ,0.37751445174217224,0.22817087173461914,0.12210037559270859,0.1470598578453064,0.07510844618082047,0.05004609748721123
2024-09-22 21:47:19,평소보다 더 늦게 밟았네,"평소랑 타이밍 너무 다르네
딱 보고 에이징커브인가 싶었을정도",28,28.0,"평소보다 더 늦게 밟았네 평소랑 타이밍 너무 다르네
딱 보고 에이징커브인가 싶었을정도",평소보다 더 늦게 밟았네 평소랑 타이밍 너무 다르네 딱 보고 에이징커브인가 싶었을정도,0.08671862632036209,0.2552177906036377,0.3204614520072937,0.1441315859556198,0.08720941841602325,0.10626113414764404
2024-09-22 21:47:20,소프트 도박 실패 후 물징징ㅋㅋㅋㅋ,ㅋㅋㅋ,28,28.0,소프트 도박 실패 후 물징징ㅋㅋㅋㅋ ㅋㅋㅋ,소프트 도박 실패 후 물징징ㅋㅋㅋㅋ ㅋㅋㅋ,0.17440514266490936,0.3157625198364258,0.13657289743423462,0.18584522604942322,0.11228405684232712,0.07513013482093811
2024-09-22 21:47:22,오늘 오지게 징징거리노 씹ㅋㅋㅋㅋㅋㅋ,,28,28.0,오늘 오지게 징징거리노 씹ㅋㅋㅋㅋㅋㅋ ,오늘 오지게 징징거리노 씹ㅋㅋㅋㅋㅋㅋ,0.1267939954996109,0.23812830448150635,0.1433698832988739,0.2606714069843292,0.1454000025987625,0.0856364369392395
2024-09-22 21:47:24,그냥 소프트 하드 둘다 ㅂㅅ인듯,오늘은 미디엄이 맞다,28,28.0,그냥 소프트 하드 둘다 ㅂㅅ인듯 오늘은 미디엄이 맞다,그냥 소프트 하드 둘다 ㅂㅅ인듯 오늘은 미디엄이 맞다,0.09815485775470734,0.30449172854423523,0.21410299837589264,0.15994514524936676,0.16688431799411774,0.056420959532260895
2024-09-22 21:47:24,징징탕이 아니라 진짜 ㅈ됐노ㅋㅋㅋㅋㅋ,,28,28.0,징징탕이 아니라 진짜 ㅈ됐노ㅋㅋㅋㅋㅋ ,징징탕이 아니라 진짜 ㅈ됐노ㅋㅋㅋㅋㅋ,0.10842928290367126,0.30023354291915894,0.14967642724514008,0.19832998514175415,0.1416057050228119,0.10172513872385025
2024-09-22 21:47:27,사전트야 돌아와,"그립네에
- dc official App",28,28.0,"사전트야 돌아와 그립네에
- dc official App",사전트야 돌아와 그립네에,0.5206588506698608,0.15847373008728027,0.11018189042806625,0.07842691987752914,0.08430375158786774,0.047954853624105453
2024-09-22 21:47:28,그냥 노리스가 어디까지 벌릴수 있나 궁금하네ㅋㅋㅋ,"40초 가보자
- dc official App",28,28.0,"그냥 노리스가 어디까지 벌릴수 있나 궁금하네ㅋㅋㅋ 40초 가보자
- dc official App",그냥 노리스가 어디까지 벌릴수 있나 궁금하네ㅋㅋㅋ 40초 가보자,0.4214218854904175,0.1958288550376892,0.20855072140693665,0.07772208005189896,0.033729154616594315,0.06274735182523727
2024-09-22 21:47:34,알본은 언제 리타이어함ㅋㅋㅋㅋㅋㅋ,,28,28.0,알본은 언제 리타이어함ㅋㅋㅋㅋㅋㅋ ,알본은 언제 리타이어함ㅋㅋㅋㅋㅋㅋ,0.1279207319021225,0.25198426842689514,0.29132717847824097,0.1417640596628189,0.07857362926006317,0.10843007266521454
2024-09-22 21:47:42,피아스트리 붙는다,,28,28.0,피아스트리 붙는다 ,피아스트리 붙는다,0.49865004420280457,0.17391350865364075,0.16226358711719513,0.07820003479719162,0.044865213334560394,0.042107660323381424
2024-09-22 21:47:42,피아 넘어갈거같은데,,28,28.0,피아 넘어갈거같은데 ,피아 넘어갈거같은데,0.15480102598667145,0.268475204706192,0.3140949606895447,0.09968803822994232,0.07783074676990509,0.08511001616716385
2024-09-22 21:47:42,물탕이햄 좀만 더 깎다가 미디움 가보지,ㄹㅇ,28,28.0,물탕이햄 좀만 더 깎다가 미디움 가보지 ㄹㅇ,물탕이햄 좀만 더 깎다가 미디움 가보지 ㄹㅇ,0.4944378137588501,0.19910690188407898,0.12666857242584229,0.07088939100503922,0.05648081377148628,0.05241648107767105
2024-09-22 21:47:44,자러가도 되나?,도마뱀 왜 안나와,28,28.0,자러가도 되나? 도마뱀 왜 안나와,자러가도 되나? 도마뱀 왜 안나와,0.12279944866895676,0.2916475236415863,0.24302099645137787,0.12965868413448334,0.1094895675778389,0.10338380187749863
2024-09-22 21:47:49,그립읍니다,"세카장인 GOAT
- ORACLE RED BULL RACING RB20",28,28.0,"그립읍니다 세카장인 GOAT
- ORACLE RED BULL RACING RB20",그립읍니다 세카장인 GOAT - ORACLE RED BULL RACING RB20,0.5097131729125977,0.16789738833904266,0.10328949987888336,0.09445623308420181,0.08640747517347336,0.038236211985349655
2024-09-22 21:47:53,막스 침착하면 진짜 좆된건데,,28,28.0,막스 침착하면 진짜 좆된건데 ,막스 침착하면 진짜 좆된건데,0.09494860470294952,0.21950635313987732,0.31792518496513367,0.1291116327047348,0.08803821355104446,0.15047001838684082
2024-09-22 21:47:55,노막 22초갭 피트인 없이 벌린 갭이냐..?,ㄹㅇ이가??,28,28.0,노막 22초갭 피트인 없이 벌린 갭이냐..? ㄹㅇ이가??,노막 22초갭 피트인 없이 벌린 갭이냐..? ㄹㅇ이가??,0.11122218519449234,0.20945903658866882,0.3585872948169708,0.14304083585739136,0.07098464667797089,0.10670598596334457
2024-09-22 21:48:01,몽징징,"타이어 맛갔다고 하네
- dc official App",28,28.0,"몽징징 타이어 맛갔다고 하네
- dc official App",몽징징 타이어 맛갔다고 하네,0.09751176834106445,0.2674591541290283,0.2999872863292694,0.13276948034763336,0.11137359589338303,0.09089875221252441
2024-09-22 21:48:02,노리스 F0 시작,노리스 압승이네,28,28.0,노리스 F0 시작 노리스 압승이네,노리스 F0 시작 노리스 압승이네,0.4975660741329193,0.18856100738048553,0.15994663536548615,0.06759733706712723,0.039841003715991974,0.04648794233798981
2024-09-22 21:48:03,소프트 시작해서 초반에 추월 하고 하드로 순위권 유지 노렸겠지,전략은 좋았는데 너무 아깝네,28,28.0,소프트 시작해서 초반에 추월 하고 하드로 순위권 유지 노렸겠지 전략은 좋았는데 너무 아깝네,소프트 시작해서 초반에 추월 하고 하드로 순위권 유지 노렸겠지 전략은 좋았는데 너무 아깝네,0.15527255833148956,0.27384430170059204,0.24538247287273407,0.11117792874574661,0.12302785366773605,0.09129483997821808
2024-09-22 21:48:04,나만 케로형 뉴비위해서 이것저것 설명하는거 느끼는거 아니지?,용어들 뉴비 위해서 계속해서 설명해주는데 ㅋㅋㅋㅋ,28,28.0,나만 케로형 뉴비위해서 이것저것 설명하는거 느끼는거 아니지? 용어들 뉴비 위해서 계속해서 설명해주는데 ㅋㅋㅋㅋ,나만 케로형 뉴비위해서 이것저것 설명하는거 느끼는거 아니지? 용어들 뉴비 위해서 계속해서 설명해주는데 ㅋㅋㅋㅋ,0.2344188392162323,0.28315258026123047,0.2247101217508316,0.09604565799236298,0.04967335984110832,0.11199948936700821
2024-09-22 21:48:07,몽징징 on ㅋㅋㅋㅋ,,28,28.0,몽징징 on ㅋㅋㅋㅋ ,몽징징 on ㅋㅋㅋㅋ,0.6371661424636841,0.13843025267124176,0.08441417664289474,0.07552357763051987,0.03706342354416847,0.027402488514780998
2024-09-22 21:48:11,르끌 Drs ON,,28,28.0,르끌 Drs ON ,르끌 Drs ON,0.5145671963691711,0.17819379270076752,0.12641313672065735,0.09129831939935684,0.05732777714729309,0.032199785113334656
2024-09-22 21:48:13,미미소하 가냐 ㅋㅋㅋ,,28,28.0,미미소하 가냐 ㅋㅋㅋ ,미미소하 가냐 ㅋㅋㅋ,0.6929711699485779,0.11458529531955719,0.07907571643590927,0.05502646043896675,0.03260697051882744,0.025734445080161095
2024-09-22 21:48:14,미소소? 해야하나,,28,28.0,미소소? 해야하나 ,미소소? 해야하나,0.25430426001548767,0.25928542017936707,0.25865140557289124,0.08983432501554489,0.07119002193212509,0.06673458963632584
2024-09-22 21:48:16,르끌 drs,가자,28,28.0,르끌 drs 가자,르끌 drs 가자,0.3679453432559967,0.22484689950942993,0.13765014708042145,0.11505019664764404,0.10295675694942474,0.05155063420534134
2024-09-22 21:48:16,차이가 진짜 많이 나네,,28,28.0,차이가 진짜 많이 나네 ,차이가 진짜 많이 나네,0.12237571179866791,0.22478172183036804,0.3611140847206116,0.11467071622610092,0.0703745186328888,0.10668331384658813
2024-09-22 21:48:18,shouldn't be too long,페레즈가 크래시게이트 하겠다 (다소의역),28,28.0,shouldn't be too long 페레즈가 크래시게이트 하겠다 (다소의역),shouldn't be too long 페레즈가 크래시게이트 하겠다 (다소의역),0.4266083538532257,0.23315143585205078,0.14847375452518463,0.08202953636646271,0.06307388842105865,0.04666302353143692
2024-09-22 21:48:18,2스탑 나오나?,"킹만할꺼 같은데
- dc official App",28,28.0,"2스탑 나오나? 킹만할꺼 같은데
- dc official App",2스탑 나오나? 킹만할꺼 같은데,0.3220236599445343,0.2183631956577301,0.24910150468349457,0.0806879922747612,0.057325009256601334,0.0724986344575882
2024-09-22 21:48:18,미-미로 가자 르끌아,그거밖에 답이 없다,28,28.0,미-미로 가자 르끌아 그거밖에 답이 없다,미-미로 가자 르끌아 그거밖에 답이 없다,0.17467615008354187,0.2530576288700104,0.14885976910591125,0.13491332530975342,0.20593537390232086,0.082557812333107
2024-09-22 21:48:21,노리스 그랜드슬램도 가능하겠는데,,28,28.0,노리스 그랜드슬램도 가능하겠는데 ,노리스 그랜드슬램도 가능하겠는데,0.3228881061077118,0.2013823240995407,0.26804327964782715,0.08809199929237366,0.039799775928258896,0.0797944888472557
2024-09-22 21:48:22,그립습니다,- dc official App,28,28.0,그립습니다 - dc official App,그립습니다 - dc official App,0.43647241592407227,0.19635197520256042,0.15039190649986267,0.08197951316833496,0.08661436289548874,0.04818984493613243
2024-09-22 21:48:29,도련놈 하드 벌써버리네,,28,28.0,도련놈 하드 벌써버리네 ,도련놈 하드 벌써버리네,0.07144331932067871,0.3252052068710327,0.18058940768241882,0.17570579051971436,0.15875543653964996,0.08830083161592484
2024-09-22 21:48:37,근데 페라리 일관성은 확실하네,타이어 성능저하 엄청 적은거 같음,29,29.0,근데 페라리 일관성은 확실하네 타이어 성능저하 엄청 적은거 같음,근데 페라리 일관성은 확실하네 타이어 성능저하 엄청 적은거 같음,0.22853915393352509,0.25925084948539734,0.2513512372970581,0.09854228049516678,0.08077099174261093,0.08154547214508057
2024-09-22 21:48:39,사인즈 언제 마그누센도 제꼈냐,가슬리 제낀건 봤는데,29,29.0,사인즈 언제 마그누센도 제꼈냐 가슬리 제낀건 봤는데,사인즈 언제 마그누센도 제꼈냐 가슬리 제낀건 봤는데,0.12600256502628326,0.23442590236663818,0.35959845781326294,0.1293877512216568,0.0659385696053505,0.08464676141738892
2024-09-22 21:48:40,"""내 코너 커팅을 막다니..""",제법이군. '막스 베르스타펜',29,29.0,"""내 코너 커팅을 막다니.."" 제법이군. '막스 베르스타펜'","""내 코너 커팅을 막다니.."" 제법이군. '막스 베르스타펜'",0.25426730513572693,0.22630497813224792,0.27411797642707825,0.0930846780538559,0.04278194159269333,0.10944315046072006
2024-09-22 21:48:45,123등 먼저 피트인하고 나온 뒤에 갑자기 레드뜨면안되나,"하
- dc official App",29,29.0,"123등 먼저 피트인하고 나온 뒤에 갑자기 레드뜨면안되나 하
- dc official App",123등 먼저 피트인하고 나온 뒤에 갑자기 레드뜨면안되나 하,0.1173783540725708,0.2899233102798462,0.14178135991096497,0.16596385836601257,0.22064299881458282,0.06431010365486145
2024-09-22 21:49:01,독일 항복 선언 ㅋㅋㅋㅋㅋㅋㅋ,,29,29.0,독일 항복 선언 ㅋㅋㅋㅋㅋㅋㅋ ,독일 항복 선언 ㅋㅋㅋㅋㅋㅋㅋ,0.316526859998703,0.22305035591125488,0.22400546073913574,0.11797729879617691,0.049827538430690765,0.06861252337694168
2024-09-22 21:49:06,레이스가 재미가없다고??,"슬슬 준비해볼까..
- dc official App",29,29.0,"레이스가 재미가없다고?? 슬슬 준비해볼까..
- dc official App",레이스가 재미가없다고?? 슬슬 준비해볼까..,0.18303032219409943,0.2951401174068451,0.237565815448761,0.09473259001970291,0.09003258496522903,0.09949856251478195
2024-09-22 21:49:08,오 2.2,,29,29.0,오 2.2 ,오 2.2,0.4344058036804199,0.20317694544792175,0.19357575476169586,0.07751114666461945,0.03899219632148743,0.0523381344974041
2024-09-22 21:49:08,쥬지 그냥 하드가네,,29,29.0,쥬지 그냥 하드가네 ,쥬지 그냥 하드가네,0.36249232292175293,0.27976876497268677,0.16079847514629364,0.0852653980255127,0.06511802971363068,0.04655701294541359
2024-09-22 21:49:08,메르 핏스탑 좋고,ㅇ,29,29.0,메르 핏스탑 좋고 ㅇ,메르 핏스탑 좋고 ㅇ,0.7003790736198425,0.1136886477470398,0.06945297867059708,0.05571158230304718,0.03877764195203781,0.021990137174725533
2024-09-22 21:49:08,2.2...,"빠르군
- dc official App",29,29.0,"2.2... 빠르군
- dc official App",2.2... 빠르군,0.18498477339744568,0.25017619132995605,0.3204709589481354,0.09853014349937439,0.05382991582155228,0.09200797230005264
2024-09-22 21:49:08,맥 원투 가겠는데 이거,"차 차이 존나남
- dc official App",29,29.0,"맥 원투 가겠는데 이거 차 차이 존나남
- dc official App",맥 원투 가겠는데 이거 차 차이 존나남,0.10227028280496597,0.27798205614089966,0.33596259355545044,0.1150844618678093,0.0812574252486229,0.08744323253631592
2024-09-22 21:49:09,쥬지 개빨라,,29,29.0,쥬지 개빨라 ,쥬지 개빨라,0.563145637512207,0.14702412486076355,0.13749271631240845,0.06919536739587784,0.034775055944919586,0.04836716130375862
2024-09-22 21:49:13,르끌 헐크만 넘으면 클린에어다,ㅈㅂ,29,29.0,르끌 헐크만 넘으면 클린에어다 ㅈㅂ,르끌 헐크만 넘으면 클린에어다 ㅈㅂ,0.1329827457666397,0.19335788488388062,0.1208115667104721,0.26612260937690735,0.23114600777626038,0.055579204112291336
2024-09-22 21:49:13,2.2 존나빠르네ㅋㅋ,- dc official App,29,29.0,2.2 존나빠르네ㅋㅋ - dc official App,2.2 존나빠르네ㅋㅋ - dc official App,0.31703901290893555,0.2128198891878128,0.2577224671840668,0.1031346321105957,0.03938129544258118,0.06990272551774979
2024-09-22 21:49:14,2.2 존나빠르네,- dc official App,29,29.0,2.2 존나빠르네 - dc official App,2.2 존나빠르네 - dc official App,0.2005602866411209,0.23246443271636963,0.31042811274528503,0.11705580353736877,0.049536317586898804,0.08995503932237625
2024-09-22 21:49:21,2.2 ㄷㄷ,,29,29.0,2.2 ㄷㄷ ,2.2 ㄷㄷ,0.12780871987342834,0.2104358822107315,0.34020760655403137,0.133637934923172,0.07287721335887909,0.11503269523382187
2024-09-22 21:49:22,맥 원투 하겠네,ㅋㅋ,29,29.0,맥 원투 하겠네 ㅋㅋ,맥 원투 하겠네 ㅋㅋ,0.6708537936210632,0.12160889059305191,0.0818043053150177,0.06104375049471855,0.03494437783956528,0.029744882136583328
2024-09-22 21:49:23,윾키 경한테 따잇,,29,29.0,윾키 경한테 따잇 ,윾키 경한테 따잇,0.6540092825889587,0.12486423552036285,0.08405285328626633,0.061067067086696625,0.04080815613269806,0.035198427736759186
2024-09-22 21:49:25,랩당 1초씩 벌어지노,미쳤노 진짜,29,29.0,랩당 1초씩 벌어지노 미쳤노 진짜,랩당 1초씩 벌어지노 미쳤노 진짜,0.14844030141830444,0.20712031424045563,0.3114566504955292,0.14496131241321564,0.060315608978271484,0.12770579755306244
2024-09-22 21:49:26,후리스탑 코앞,ㅈㄱㄴ,29,29.0,후리스탑 코앞 ㅈㄱㄴ,후리스탑 코앞 ㅈㄱㄴ,0.16406570374965668,0.2772339880466461,0.11216216534376144,0.2356177419424057,0.16147051751613617,0.04944991320371628
2024-09-22 21:49:29,핏윈도유 27랩이라매 ㅋㅋㅋㅋ,,29,29.0,핏윈도유 27랩이라매 ㅋㅋㅋㅋ ,핏윈도유 27랩이라매 ㅋㅋㅋㅋ,0.33537131547927856,0.21836066246032715,0.21795043349266052,0.12271223962306976,0.04376668483018875,0.061838652938604355
2024-09-22 21:49:33,오늘 맥라렌 2.0 핏스탑 가보자~~~,,29,29.0,오늘 맥라렌 2.0 핏스탑 가보자~~~ ,오늘 맥라렌 2.0 핏스탑 가보자~~~,0.6382109522819519,0.12245213240385056,0.09040892869234085,0.07183612883090973,0.04478468745946884,0.032307159155607224
2024-09-22 21:49:36,알국왕 플랜 c 언제나옴?,플랜 crash 마려운데,29,29.0,알국왕 플랜 c 언제나옴? 플랜 crash 마려운데,알국왕 플랜 c 언제나옴? 플랜 crash 마려운데,0.31148847937583923,0.23190367221832275,0.19190722703933716,0.11071088165044785,0.09225122630596161,0.06173842027783394
2024-09-22 21:49:36,세카나와라,지금이니,29,29.0,세카나와라 지금이니,세카나와라 지금이니,0.636982798576355,0.13136237859725952,0.08999758958816528,0.0658765435218811,0.043533049523830414,0.03224768117070198
2024-09-22 21:49:42,러셀이 앞이네ㅋㄱㅋㅋㅋㄱㄱㅋㅋ,해밀턴 망했누...,29,29.0,러셀이 앞이네ㅋㄱㅋㅋㅋㄱㄱㅋㅋ 해밀턴 망했누...,러셀이 앞이네ㅋㄱㅋㅋㅋㄱㄱㅋㅋ 해밀턴 망했누...,0.1044769212603569,0.3674495816230774,0.15611140429973602,0.14217013120651245,0.1401161402463913,0.08967585116624832
2024-09-22 21:49:44,르끌 시발 아직도 못땄냐,,29,29.0,르끌 시발 아직도 못땄냐 ,르끌 시발 아직도 못땄냐,0.08415698260068893,0.1988096386194229,0.14192529022693634,0.31043463945388794,0.20879824459552765,0.05587518587708473
2024-09-22 21:49:46,아니 러셀이 앞에나왔어??,"뭐노?? 진짜 하드 좆박았네?
- dc official App",29,29.0,"아니 러셀이 앞에나왔어?? 뭐노?? 진짜 하드 좆박았네?
- dc official App",아니 러셀이 앞에나왔어?? 뭐노?? 진짜 하드 좆박았네?,0.0868271142244339,0.22442501783370972,0.28642797470092773,0.18979807198047638,0.10681892186403275,0.10570288449525833
2024-09-22 21:49:48,물탕 러셀도 바꼇네,,29,29.0,물탕 러셀도 바꼇네 ,물탕 러셀도 바꼇네,0.2971971035003662,0.25468555092811584,0.2521715760231018,0.0751599371433258,0.042123548686504364,0.07866237312555313
2024-09-22 21:49:49,하드가 많이 병신인가보네,도련님 벌써 들가면 2스탑 해야하는거 아닌가,29,29.0,하드가 많이 병신인가보네 도련님 벌써 들가면 2스탑 해야하는거 아닌가,하드가 많이 병신인가보네 도련님 벌써 들가면 2스탑 해야하는거 아닌가,0.07087420672178268,0.25376805663108826,0.2853122055530548,0.14451555907726288,0.14501087367534637,0.1005190759897232
2024-09-22 21:49:51,혈크 포디움 기원,가자,29,29.0,혈크 포디움 기원 가자,혈크 포디움 기원 가자,0.6497781276702881,0.1301138699054718,0.08902302384376526,0.05992040038108826,0.03887268528342247,0.03229185938835144
2024-09-22 21:49:56,피아제 아끼고있었네,,29,29.0,피아제 아끼고있었네 ,피아제 아끼고있었네,0.08937136828899384,0.32184189558029175,0.24761928617954254,0.12688954174518585,0.11907411366701126,0.09520380198955536
2024-09-22 21:50:03,막스 사냥 시작 ㅌㅋㅋㅋ,"ㅋㅋㅋㅋ
- dc official App",29,29.0,"막스 사냥 시작 ㅌㅋㅋㅋ ㅋㅋㅋㅋ
- dc official App",막스 사냥 시작 ㅌㅋㅋㅋ ㅋㅋㅋㅋ,0.718955934047699,0.10337591171264648,0.06683418154716492,0.054709915071725845,0.03299012780189514,0.023133952170610428
2024-09-22 21:50:05,드가자~~~,레이스 스타트,29,29.0,드가자~~~ 레이스 스타트,드가자~~~ 레이스 스타트,0.6625897884368896,0.11933121830224991,0.0881328135728836,0.06091431528329849,0.039970748126506805,0.029061131179332733
2024-09-22 21:50:06,노리스갭이 옛날 해밀턴 수준이네 ㅋㅋ,- dc official App,29,29.0,노리스갭이 옛날 해밀턴 수준이네 ㅋㅋ - dc official App,노리스갭이 옛날 해밀턴 수준이네 ㅋㅋ - dc official App,0.44895967841148376,0.19656255841255188,0.19456616044044495,0.0821956992149353,0.031031453981995583,0.046684447675943375
2024-09-22 21:50:07,몽골 피아제 쭉쭉 줄어드네ㅋㅋㅋ,"ㅋㅋㅋ
- dc official App",29,29.0,"몽골 피아제 쭉쭉 줄어드네ㅋㅋㅋ ㅋㅋㅋ
- dc official App",몽골 피아제 쭉쭉 줄어드네ㅋㅋㅋ ㅋㅋㅋ,0.3782218098640442,0.24094784259796143,0.17894171178340912,0.09742377698421478,0.04637651517987251,0.05808836966753006
2024-09-22 21:50:11,피아제 설마 막스 따냐ㅋㅋㅋ,어...어,29,29.0,피아제 설마 막스 따냐ㅋㅋㅋ 어...어,피아제 설마 막스 따냐ㅋㅋㅋ 어...어,0.10834851115942001,0.2399892657995224,0.31678465008735657,0.1368558555841446,0.07474984228610992,0.12327183037996292
2024-09-22 21:50:13,르끌 추월 ㅈㄴ 못하긴함,답답함,29,29.0,르끌 추월 ㅈㄴ 못하긴함 답답함,르끌 추월 ㅈㄴ 못하긴함 답답함,0.08264247328042984,0.2982654869556427,0.17557531595230103,0.17210836708545685,0.21998809278011322,0.05142027139663696
2024-09-22 21:50:14,설마 막스 잡냐?,,29,29.0,설마 막스 잡냐? ,설마 막스 잡냐?,0.14814086258411407,0.21345146000385284,0.3494747281074524,0.11246002465486526,0.06091228872537613,0.11556056141853333
2024-09-22 21:50:16,파파야 나오나?!,"막스야 좀 나와바바
- dc official App",29,29.0,"파파야 나오나?! 막스야 좀 나와바바
- dc official App",파파야 나오나?! 막스야 좀 나와바바,0.42922160029411316,0.19453324377536774,0.19218173623085022,0.07176118344068527,0.049595821648836136,0.06270642578601837
2024-09-22 21:50:21,작년 메르 수준으로 쫓아가는건 안되겠네,좆노잼,30,30.0,작년 메르 수준으로 쫓아가는건 안되겠네 좆노잼,작년 메르 수준으로 쫓아가는건 안되겠네 좆노잼,0.10980542004108429,0.30839285254478455,0.18268729746341705,0.1752721071243286,0.15405455231666565,0.06978780776262283
2024-09-22 21:50:24,2등만하자..,제발,30,30.0,2등만하자.. 제발,2등만하자.. 제발,0.11275012791156769,0.23647341132164001,0.14888642728328705,0.17633919417858124,0.23793573677539825,0.08761513233184814
2024-09-22 21:50:26,맥라렌 무섭다,,30,30.0,맥라렌 무섭다 ,맥라렌 무섭다,0.13792966306209564,0.1813722401857376,0.3542436957359314,0.1328418254852295,0.07887252420186996,0.11473999917507172
2024-09-22 21:50:27,+24ㅋㅋㅋ,"프리스탑 각 ONㅋㅋ
- ORACLE RED BULL RACING RB20",30,30.0,"+24ㅋㅋㅋ 프리스탑 각 ONㅋㅋ
- ORACLE RED BULL RACING RB20",+24ㅋㅋㅋ 프리스탑 각 ONㅋㅋ - ORACLE RED BULL RACING RB20,0.6411951780319214,0.128040611743927,0.08775423467159271,0.07622027397155762,0.041066691279411316,0.025723008438944817
2024-09-22 21:50:28,애마 불안하다,제발,30,30.0,애마 불안하다 제발,애마 불안하다 제발,0.14464226365089417,0.2534589171409607,0.2889760136604309,0.10949049890041351,0.10122475773096085,0.10220757126808167
2024-09-22 21:50:32,노리스 Plan F 가능할꺼 같은데 ㅋㅋㅋ,"사실상 프리스팁 간격 아님? ㅋㅋㅋ
- dc official App",30,30.0,"노리스 Plan F 가능할꺼 같은데 ㅋㅋㅋ 사실상 프리스팁 간격 아님? ㅋㅋㅋ
- dc official App",노리스 Plan F 가능할꺼 같은데 ㅋㅋㅋ 사실상 프리스팁 간격 아님? ㅋㅋㅋ,0.33335304260253906,0.21124538779258728,0.25370705127716064,0.09239942580461502,0.042029157280921936,0.06726591289043427
2024-09-22 21:50:33,클린에어 킹 나가신다 ㅋㅋㅋㅋㅋ,몽골 잡아보자고~,30,30.0,클린에어 킹 나가신다 ㅋㅋㅋㅋㅋ 몽골 잡아보자고~,클린에어 킹 나가신다 ㅋㅋㅋㅋㅋ 몽골 잡아보자고~,0.6559598445892334,0.11657673865556717,0.0902927815914154,0.06863348186016083,0.03579774871468544,0.03273934870958328
2024-09-22 21:50:36,ㅋㅋㅋㅋㅋ 근데 헐크 4등 개웃기네,"ㅇ
- dc official App",30,30.0,"ㅋㅋㅋㅋㅋ 근데 헐크 4등 개웃기네 ㅇ
- dc official App",ㅋㅋㅋㅋㅋ 근데 헐크 4등 개웃기네 ㅇ,0.5409850478172302,0.18231715261936188,0.13336575031280518,0.07066518068313599,0.03507945314049721,0.03758741170167923
2024-09-22 21:50:37,르끌 ㄴㅇㅅ,,30,30.0,르끌 ㄴㅇㅅ ,르끌 ㄴㅇㅅ,0.18582522869110107,0.2931220829486847,0.17222702503204346,0.16663387417793274,0.12914693355560303,0.0530448816716671
2024-09-22 21:50:37,아니 씨발 진자 찜질방 수면실 코골이 중계가 더 재밌을듯,- dc official App,30,30.0,아니 씨발 진자 찜질방 수면실 코골이 중계가 더 재밌을듯 - dc official App,아니 씨발 진자 찜질방 수면실 코골이 중계가 더 재밌을듯 - dc official App,0.1228431835770607,0.21246005594730377,0.13301154971122742,0.3187137842178345,0.15566423535346985,0.05730714276432991
2024-09-22 21:50:39,근데 진짜 인터벌 존나 개판인거 같은데,선두권 왜이리 지랄나있냐,30,30.0,근데 진짜 인터벌 존나 개판인거 같은데 선두권 왜이리 지랄나있냐,근데 진짜 인터벌 존나 개판인거 같은데 선두권 왜이리 지랄나있냐,0.07251182198524475,0.2598460018634796,0.17355327308177948,0.24222010374069214,0.19200699031352997,0.059861764311790466
2024-09-22 21:50:41,르끌 4위 ㅅㅅ,- dc official App,30,30.0,르끌 4위 ㅅㅅ - dc official App,르끌 4위 ㅅㅅ - dc official App,0.632603645324707,0.13218215107917786,0.09984259307384491,0.07087422907352448,0.036978043615818024,0.027519358322024345
2024-09-22 21:50:41,캬~ 르끌게이얔ㅋㅋㅋㅋㅋㅋ,,30,30.0,캬~ 르끌게이얔ㅋㅋㅋㅋㅋㅋ ,캬~ 르끌게이얔ㅋㅋㅋㅋㅋㅋ,0.71468585729599,0.10885804891586304,0.06887054443359375,0.05324525386095047,0.03078729845583439,0.023553045466542244
2024-09-22 21:50:43,기차 탈출 성공 ㅋㅋㅋ,- dc official App,30,30.0,기차 탈출 성공 ㅋㅋㅋ - dc official App,기차 탈출 성공 ㅋㅋㅋ - dc official App,0.6869905591011047,0.11305548995733261,0.07143256068229675,0.06155063584446907,0.04247361421585083,0.024497071281075478
2024-09-22 21:50:45,캬 대황끌,ㅇ,30,30.0,캬 대황끌 ㅇ,캬 대황끌 ㅇ,0.7037214040756226,0.111165352165699,0.06463778764009476,0.05729392170906067,0.038083888590335846,0.025097763165831566
2024-09-22 21:50:46,대황끌 가보자,,30,30.0,대황끌 가보자 ,대황끌 가보자,0.6438575387001038,0.12952275574207306,0.08884502947330475,0.06170055270195007,0.04104453697800636,0.03502952679991722
2024-09-22 21:50:47,헐크횽 ㅠㅠ,,30,30.0,헐크횽 ㅠㅠ ,헐크횽 ㅠㅠ,0.21567654609680176,0.24094945192337036,0.2077321708202362,0.11713885515928268,0.1298721879720688,0.08863070607185364
2024-09-22 21:50:47,르끌레르 < 오버컷도 아니고 그냥 안 들어간 새끼,그러고 몬자 우승,30,30.0,르끌레르 < 오버컷도 아니고 그냥 안 들어간 새끼 그러고 몬자 우승,르끌레르 < 오버컷도 아니고 그냥 안 들어간 새끼 그러고 몬자 우승,0.08758854120969772,0.25213077664375305,0.21177183091640472,0.24522535502910614,0.13645562529563904,0.06682788580656052
2024-09-22 21:50:49,르끌 씨발 가보자ㅋㅋㅋㅋㅋㅋㅋ,ㅋㅋㅋㅋㅋㅋ,30,30.0,르끌 씨발 가보자ㅋㅋㅋㅋㅋㅋㅋ ㅋㅋㅋㅋㅋㅋ,르끌 씨발 가보자ㅋㅋㅋㅋㅋㅋㅋ ㅋㅋㅋㅋㅋㅋ,0.6850264668464661,0.11562987416982651,0.06700272113084793,0.06736069172620773,0.04002939164638519,0.024950824677944183
2024-09-22 21:50:51,르끌 ㅠㅜㅠ,- dc official App,30,30.0,르끌 ㅠㅜㅠ - dc official App,르끌 ㅠㅜㅠ - dc official App,0.15706060826778412,0.24902582168579102,0.14161337912082672,0.17047683894634247,0.21639107167720795,0.06543226540088654
2024-09-22 21:50:52,르끌 이제 클린에어다,달려라,30,30.0,르끌 이제 클린에어다 달려라,르끌 이제 클린에어다 달려라,0.6101751327514648,0.13839490711688995,0.0737822949886322,0.08035750687122345,0.06115172803401947,0.03613843396306038
2024-09-22 21:50:52,캬 황끌레 ㅅㅅㅅ,ㅅㅅㅅㅅ,30,30.0,캬 황끌레 ㅅㅅㅅ ㅅㅅㅅㅅ,캬 황끌레 ㅅㅅㅅ ㅅㅅㅅㅅ,0.7049897313117981,0.1114669218659401,0.05892101675271988,0.057965897023677826,0.04370119422674179,0.022955244407057762
2024-09-22 21:50:53,3등차로 7등차 컷 ㅋㅋㅋ,캬,30,30.0,3등차로 7등차 컷 ㅋㅋㅋ 캬,3등차로 7등차 컷 ㅋㅋㅋ 캬,0.3117220401763916,0.2383519858121872,0.1830468624830246,0.12902918457984924,0.06822475045919418,0.0696251392364502
2024-09-22 21:50:55,르끌오빠미쳐~~~~,ㅅㅅㅅ~~,30,30.0,르끌오빠미쳐~~~~ ㅅㅅㅅ~~,르끌오빠미쳐~~~~ ㅅㅅㅅ~~,0.6927143335342407,0.11639036983251572,0.07021161168813705,0.05646517872810364,0.03766440600156784,0.026554113253951073
2024-09-22 21:50:56,드디어 클린에어ㅋㅋㅋㅋ,"가보자
- dc official App",30,30.0,"드디어 클린에어ㅋㅋㅋㅋ 가보자
- dc official App",드디어 클린에어ㅋㅋㅋㅋ 가보자,0.6937034726142883,0.11924923211336136,0.06976591050624847,0.054636575281620026,0.036276232451200485,0.02636858820915222
2024-09-22 21:50:57,피아제의 작전명 파파야가 간다 ㅋㅋㅋㅋㅋㅋㅋㅋㅋㅋ,엌ㅋㅋㅋㅋㅋㅋㅋㅋㅋㅋㅋㅋㅋㅋㅋㅋㅋㅋㅋㅋㅋㅋㅋ,30,30.0,피아제의 작전명 파파야가 간다 ㅋㅋㅋㅋㅋㅋㅋㅋㅋㅋ 엌ㅋㅋㅋㅋㅋㅋㅋㅋㅋㅋㅋㅋㅋㅋㅋㅋㅋㅋㅋㅋㅋㅋㅋ,피아제의 작전명 파파야가 간다 ㅋㅋㅋㅋㅋㅋㅋㅋㅋㅋ 엌ㅋㅋㅋㅋㅋㅋㅋㅋㅋㅋㅋㅋㅋㅋㅋㅋㅋㅋㅋㅋㅋㅋㅋ,0.6121991276741028,0.14264705777168274,0.0969252660870552,0.08254780620336533,0.03616148978471756,0.029519254341721535
2024-09-22 21:51:00,체코 핏인,,30,30.0,체코 핏인 ,체코 핏인,0.5053743124008179,0.18131349980831146,0.14253075420856476,0.08403981477022171,0.04891610145568848,0.037825506180524826
2024-09-22 21:51:01,크 역시 페라리 퍼스트 ㅋㅋㅋㅋㅋ,,30,30.0,크 역시 페라리 퍼스트 ㅋㅋㅋㅋㅋ ,크 역시 페라리 퍼스트 ㅋㅋㅋㅋㅋ,0.6691297888755798,0.12561707198619843,0.08334930986166,0.05483696982264519,0.03550064563751221,0.03156624361872673
2024-09-22 21:51:06,페라리는 추월 잘 하네,,30,30.0,페라리는 추월 잘 하네 ,페라리는 추월 잘 하네,0.26866039633750916,0.2115894854068756,0.294948011636734,0.0919390395283699,0.042440351098775864,0.09042271226644516
2024-09-22 21:51:08,킹의 피트인,ㅇㅇ,30,30.0,킹의 피트인 ㅇㅇ,킹의 피트인 ㅇㅇ,0.5763105154037476,0.15240418910980225,0.12030550837516785,0.07980984449386597,0.04051393270492554,0.030656037852168083
2024-09-22 21:51:09,르황,슈슉,30,30.0,르황 슈슉,르황 슈슉,0.6865708827972412,0.11273621022701263,0.07311001420021057,0.060396719723939896,0.04042303189635277,0.026763150468468666
2024-09-22 21:51:11,병신 2.2,"핏스탑은 그래도 잘해주네 ㅋㅋㅋ
- dc official App",30,30.0,"병신 2.2 핏스탑은 그래도 잘해주네 ㅋㅋㅋ
- dc official App",병신 2.2 핏스탑은 그래도 잘해주네 ㅋㅋㅋ,0.6027241349220276,0.15974897146224976,0.0898074358701706,0.06100722774863243,0.05117136612534523,0.035540830343961716
2024-09-22 21:51:13,레드불 2.2초 ㄷㄷ,,30,30.0,레드불 2.2초 ㄷㄷ ,레드불 2.2초 ㄷㄷ,0.16243253648281097,0.20992854237556458,0.3305337727069855,0.12233567982912064,0.05784723535180092,0.1169222816824913
2024-09-22 21:51:14,어우 알론소는 이걸 못해서 몇랩을 뒤에 쳐박혀잇던거여,,30,30.0,어우 알론소는 이걸 못해서 몇랩을 뒤에 쳐박혀잇던거여 ,어우 알론소는 이걸 못해서 몇랩을 뒤에 쳐박혀잇던거여,0.09942563623189926,0.21917138993740082,0.30129900574684143,0.15995630621910095,0.08619389683008194,0.1339537352323532
2024-09-22 21:51:14,체황 끝내 콜라보다 먼저 피트인ㅋㅋㅋ,"ㅋㅋㅋ
- dc official App",30,30.0,"체황 끝내 콜라보다 먼저 피트인ㅋㅋㅋ ㅋㅋㅋ
- dc official App",체황 끝내 콜라보다 먼저 피트인ㅋㅋㅋ ㅋㅋㅋ,0.6973863244056702,0.1144125685095787,0.07851269096136093,0.05303775891661644,0.030611677095294,0.02603895775973797
2024-09-22 21:51:15,2.2 빠르노,,30,30.0,2.2 빠르노 ,2.2 빠르노,0.22079162299633026,0.24747729301452637,0.30230391025543213,0.09604469686746597,0.045382995158433914,0.08799946308135986
2024-09-22 21:51:16,지금 세카나오면 르끌은 우승 가능하다,- dc official App,30,30.0,지금 세카나오면 르끌은 우승 가능하다 - dc official App,지금 세카나오면 르끌은 우승 가능하다 - dc official App,0.42915594577789307,0.18972979485988617,0.18951882421970367,0.08726611733436584,0.054795313626527786,0.04953401908278465
2024-09-22 21:51:16,레드불필독)싱가포르우승하는법,"한명이 아홉대씩 담구고 완주하면됨
- dc official App",30,30.0,"레드불필독)싱가포르우승하는법 한명이 아홉대씩 담구고 완주하면됨
- dc official App",레드불필독)싱가포르우승하는법 한명이 아홉대씩 담구고 완주하면됨,0.4636803865432739,0.16910037398338318,0.18403804302215576,0.08859368413686752,0.04356067255139351,0.051026757806539536
2024-09-22 21:51:18,세이프티 나와다오,- dc official App,30,30.0,세이프티 나와다오 - dc official App,세이프티 나와다오 - dc official App,0.6100979447364807,0.13772985339164734,0.10754063725471497,0.06677146255970001,0.04507093131542206,0.03278915211558342
2024-09-22 21:51:18,페레즈도 2.2네,- dc official App,30,30.0,페레즈도 2.2네 - dc official App,페레즈도 2.2네 - dc official App,0.2511463165283203,0.24198974668979645,0.283247172832489,0.10246197134256363,0.056051596999168396,0.0651032030582428
2024-09-22 21:51:20,피아제랑 막스,줄어드는 속도봐라 ㅋㅋㅋㅋㅋ 차라리 빨리 피트인하는게 좋아보이는데,30,30.0,피아제랑 막스 줄어드는 속도봐라 ㅋㅋㅋㅋㅋ 차라리 빨리 피트인하는게 좋아보이는데,피아제랑 막스 줄어드는 속도봐라 ㅋㅋㅋㅋㅋ 차라리 빨리 피트인하는게 좋아보이는데,0.08936162292957306,0.25055885314941406,0.307760626077652,0.14866593480110168,0.08503597974777222,0.11861694604158401
2024-09-22 21:51:22,피아제가 쉽게 제끼겠네,엄청 빨리 따라잡네,30,30.0,피아제가 쉽게 제끼겠네 엄청 빨리 따라잡네,피아제가 쉽게 제끼겠네 엄청 빨리 따라잡네,0.1629859209060669,0.2013353556394577,0.3469693064689636,0.10983660817146301,0.056029483675956726,0.12284329533576965
2024-09-22 21:51:24,지금이야 세이프티카!!!!!,제발,30,30.0,지금이야 세이프티카!!!!! 제발,지금이야 세이프티카!!!!! 제발,0.6486596465110779,0.12775717675685883,0.07324078679084778,0.06672018021345139,0.051278892904520035,0.032343268394470215
2024-09-22 21:51:24,드디어 ㅅ뷰ㅠㅠㅠ,,30,30.0,드디어 ㅅ뷰ㅠㅠㅠ ,드디어 ㅅ뷰ㅠㅠㅠ,0.5906095504760742,0.16268670558929443,0.08538638055324554,0.06719253212213516,0.05668865889310837,0.037436217069625854
2024-09-22 21:51:31,2.2 빠르네,,30,30.0,2.2 빠르네 ,2.2 빠르네,0.251891553401947,0.2376476675271988,0.28985750675201416,0.09180466830730438,0.04497485235333443,0.0838237777352333
2024-09-22 21:51:36,제발 셒카좀 떠라 ㅅㅂ,아,30,30.0,제발 셒카좀 떠라 ㅅㅂ 아,제발 셒카좀 떠라 ㅅㅂ 아,0.1418956220149994,0.17328117787837982,0.11616025865077972,0.30946385860443115,0.21215979754924774,0.04703926295042038
2024-09-22 21:51:36,슬슬 박자,,30,30.0,슬슬 박자 ,슬슬 박자,0.5597760677337646,0.16275282204151154,0.11730525642633438,0.07137569040060043,0.05055028572678566,0.03823984041810036
2024-09-22 21:51:37,졸려ㅅㅂㅂ,,30,30.0,졸려ㅅㅂㅂ ,졸려ㅅㅂㅂ,0.1798187494277954,0.22957007586956024,0.10139630734920502,0.265388160943985,0.18015459179878235,0.04367208480834961
2024-09-22 21:51:38,씨발 알아듣게말해라,- dc official App,30,30.0,씨발 알아듣게말해라 - dc official App,씨발 알아듣게말해라 - dc official App,0.18599730730056763,0.21666377782821655,0.12221246212720871,0.2861737906932831,0.15668244659900665,0.03227025270462036
2024-09-22 21:51:38,맥라렌 원투 피니쉬 각인데,흠,30,30.0,맥라렌 원투 피니쉬 각인데 흠,맥라렌 원투 피니쉬 각인데 흠,0.12710946798324585,0.25594276189804077,0.34014892578125,0.10254307091236115,0.08523842692375183,0.0890173614025116
2024-09-22 21:51:42,피아제도 랩당 1초씩 줄이는데?,맥 머냐,30,30.0,피아제도 랩당 1초씩 줄이는데? 맥 머냐,피아제도 랩당 1초씩 줄이는데? 맥 머냐,0.09319081157445908,0.25770530104637146,0.2871807813644409,0.16232286393642426,0.12570059299468994,0.07389959692955017
2024-09-22 21:51:43,뭔 데미지?,,30,30.0,뭔 데미지? ,뭔 데미지?,0.13095441460609436,0.2410433292388916,0.33996066451072693,0.11481473594903946,0.08219359070062637,0.09103330969810486
2024-09-22 21:51:45,클린 에어이즈킹!,- dc official App,30,30.0,클린 에어이즈킹! - dc official App,클린 에어이즈킹! - dc official App,0.5244384407997131,0.1661931276321411,0.15886712074279785,0.07781153172254562,0.042969781905412674,0.029719974845647812
2024-09-22 21:51:46,지금 맥빼고 다 좆됐다노 하고 경기 포기해도 합법일듯,- dc official App,30,30.0,지금 맥빼고 다 좆됐다노 하고 경기 포기해도 합법일듯 - dc official App,지금 맥빼고 다 좆됐다노 하고 경기 포기해도 합법일듯 - dc official App,0.10964427888393402,0.2949335277080536,0.20469465851783752,0.12438507378101349,0.1517651230096817,0.11457733809947968
2024-09-22 21:51:49,몽골 빡스,,30,30.0,몽골 빡스 ,몽골 빡스,0.43534278869628906,0.20410312712192535,0.17983953654766083,0.0891246572136879,0.046826865524053574,0.044763028621673584
2024-09-22 21:51:49,막스 핏인,,30,30.0,막스 핏인 ,막스 핏인,0.5660808682441711,0.15893445909023285,0.12365549802780151,0.07440198212862015,0.044010844081640244,0.03291631489992142
2024-09-22 21:51:50,본인 페라리 전략팀 희망자인데 미친 전략 짜왔다,"60랩까지 르끌 타이어 유지하면서 셒카기다리기
내 전략 ㅁㅌㅊ??",30,30.0,"본인 페라리 전략팀 희망자인데 미친 전략 짜왔다 60랩까지 르끌 타이어 유지하면서 셒카기다리기
내 전략 ㅁㅌㅊ??",본인 페라리 전략팀 희망자인데 미친 전략 짜왔다 60랩까지 르끌 타이어 유지하면서 셒카기다리기 내 전략 ㅁㅌㅊ??,0.16442130506038666,0.20787085592746735,0.2708027958869934,0.1375046968460083,0.06727726012468338,0.15212306380271912
2024-09-22 21:51:51,막스 항복 ㅋㅋㅋㅋ,"결국 먼저 들어가네 ㅋㅋ
- dc official App",30,30.0,"막스 항복 ㅋㅋㅋㅋ 결국 먼저 들어가네 ㅋㅋ
- dc official App",막스 항복 ㅋㅋㅋㅋ 결국 먼저 들어가네 ㅋㅋ,0.3805317282676697,0.2535090148448944,0.1279817521572113,0.11131830513477325,0.06801288574934006,0.05864629149436951
2024-09-22 21:51:52,몽골 핏스탑 했네,ㄷㄷ,30,30.0,몽골 핏스탑 했네 ㄷㄷ,몽골 핏스탑 했네 ㄷㄷ,0.13484324514865875,0.21435865759849548,0.32829049229621887,0.13050436973571777,0.07391884177923203,0.11808434873819351
2024-09-22 21:51:53,미소로 드가자,대라리 미소 전략 두가자 ㅅㅂ 모르겠다,30,30.0,미소로 드가자 대라리 미소 전략 두가자 ㅅㅂ 모르겠다,미소로 드가자 대라리 미소 전략 두가자 ㅅㅂ 모르겠다,0.23501712083816528,0.22995959222316742,0.1195213720202446,0.2140139639377594,0.14545588195323944,0.05603212118148804
2024-09-22 21:51:53,뭔 데미지?,,30,30.0,뭔 데미지? ,뭔 데미지?,0.13095441460609436,0.2410433292388916,0.33996066451072693,0.11481473594903946,0.08219359070062637,0.09103330969810486
2024-09-22 21:51:54,노리스 핏스탑 찐빠낼것같으면 개추 ㅋㅋ,"프론트 잭맨 밀어버릴듯 ㅋㅋㅋ
- dc official App",30,30.0,"노리스 핏스탑 찐빠낼것같으면 개추 ㅋㅋ 프론트 잭맨 밀어버릴듯 ㅋㅋㅋ
- dc official App",노리스 핏스탑 찐빠낼것같으면 개추 ㅋㅋ 프론트 잭맨 밀어버릴듯 ㅋㅋㅋ,0.5148333311080933,0.15960726141929626,0.13735949993133545,0.09817938506603241,0.04395441338419914,0.04606609046459198
2024-09-22 21:51:55,막스 뽁스,,30,30.0,막스 뽁스 ,막스 뽁스,0.582863986492157,0.14599721133708954,0.12732790410518646,0.07502008229494095,0.042251069098711014,0.026539651677012444
2024-09-22 21:52:01,이거 미디엄 - 소프트 원스탑 되냐?,,30,30.0,이거 미디엄 - 소프트 원스탑 되냐? ,이거 미디엄 - 소프트 원스탑 되냐?,0.2470230758190155,0.21619321405887604,0.3061193525791168,0.09100765734910965,0.06360124051570892,0.07605547457933426
2024-09-22 21:52:01,사인지도 추월 ㅈㄴ잘하면서 올라오네,"좀만더
- dc official App",30,30.0,"사인지도 추월 ㅈㄴ잘하면서 올라오네 좀만더
- dc official App",사인지도 추월 ㅈㄴ잘하면서 올라오네 좀만더,0.49575576186180115,0.18044842779636383,0.16593685746192932,0.06013398617506027,0.035545554012060165,0.06217939034104347
2024-09-22 21:52:05,막스야 그냥 포디움만 들어가자...,...,31,31.0,막스야 그냥 포디움만 들어가자... ...,막스야 그냥 포디움만 들어가자... ...,0.19138075411319733,0.31398072838783264,0.16409775614738464,0.10665345191955566,0.13695359230041504,0.08693375438451767
2024-09-22 21:52:07,프론트윙 대미지 아님?,????,31,31.0,프론트윙 대미지 아님? ????,프론트윙 대미지 아님? ????,0.17163504660129547,0.2307620495557785,0.34009817242622375,0.10542605817317963,0.066804438829422,0.08527422696352005
2024-09-22 21:52:11,몽골 피아제 싸움 되겟네,"2위경쟁
- dc official App",31,31.0,"몽골 피아제 싸움 되겟네 2위경쟁
- dc official App",몽골 피아제 싸움 되겟네 2위경쟁,0.15437571704387665,0.21868304908275604,0.35706135630607605,0.100236676633358,0.07307340204715729,0.09656975418329239
2024-09-22 21:52:15,방금 노리스 ' 프론트 윙 데미지 메이비 ',ㅇㅇ,31,31.0,방금 노리스 ' 프론트 윙 데미지 메이비 ' ㅇㅇ,방금 노리스 ' 프론트 윙 데미지 메이비 ' ㅇㅇ,0.41016751527786255,0.2099403440952301,0.1877407431602478,0.09889998286962509,0.05462746322154999,0.038623958826065063
2024-09-22 21:52:15,3초 시발 ㅋㅋㅋㅋㅋㅋㅋㅋㅋㅋ,ㅋㅋㅋ,31,31.0,3초 시발 ㅋㅋㅋㅋㅋㅋㅋㅋㅋㅋ ㅋㅋㅋ,3초 시발 ㅋㅋㅋㅋㅋㅋㅋㅋㅋㅋ ㅋㅋㅋ,0.23010413348674774,0.2924351990222931,0.14120635390281677,0.18874596059322357,0.08431529998779297,0.06319311261177063
2024-09-22 21:52:15,찐빠 ㅋㅋㅋ,- dc official App,31,31.0,찐빠 ㅋㅋㅋ - dc official App,찐빠 ㅋㅋㅋ - dc official App,0.7005961537361145,0.10770432651042938,0.07690015435218811,0.057035837322473526,0.03337599337100983,0.02438751980662346
2024-09-22 21:52:16,핏스탑 병신,엉,31,31.0,핏스탑 병신 엉,핏스탑 병신 엉,0.20323339104652405,0.292827844619751,0.14229582250118256,0.17747637629508972,0.12783199548721313,0.05633452534675598
2024-09-22 21:52:16,막스 3.0ㅋㅋㅋㅋㅋㅋㅋㅋㅋ,,31,31.0,막스 3.0ㅋㅋㅋㅋㅋㅋㅋㅋㅋ ,막스 3.0ㅋㅋㅋㅋㅋㅋㅋㅋㅋ,0.33027705550193787,0.22255469858646393,0.20304089784622192,0.1301412731409073,0.05286792293190956,0.06111815944314003
2024-09-22 21:52:19,베르스펜 ㅜ,,31,31.0,베르스펜 ㅜ ,베르스펜 ㅜ,0.1383092999458313,0.27059605717658997,0.13742002844810486,0.15396837890148163,0.23388886451721191,0.06581731140613556
2024-09-22 21:52:20,3.0 ㅋㅋㅋㅋ,,31,31.0,3.0 ㅋㅋㅋㅋ ,3.0 ㅋㅋㅋㅋ,0.32755744457244873,0.2239745855331421,0.19970010221004486,0.1376863420009613,0.053327806293964386,0.05775367096066475
2024-09-22 21:52:21,32ㅋㅋㅋ,- dc official App,31,31.0,32ㅋㅋㅋ - dc official App,32ㅋㅋㅋ - dc official App,0.6308043599128723,0.13021409511566162,0.10946087539196014,0.06984709948301315,0.03410939499735832,0.025564221665263176
2024-09-22 21:52:21,또 몽골 피트만 느려 ㅋㅋㅋ,ㅋㅋ,31,31.0,또 몽골 피트만 느려 ㅋㅋㅋ ㅋㅋ,또 몽골 피트만 느려 ㅋㅋㅋ ㅋㅋ,0.1504872590303421,0.33128005266189575,0.19225844740867615,0.15506723523139954,0.10337057709693909,0.06753642857074738
2024-09-22 21:52:22,베르스타펜 RR 덜컥 ㅋㅋ,,31,31.0,베르스타펜 RR 덜컥 ㅋㅋ ,베르스타펜 RR 덜컥 ㅋㅋ,0.6207874417304993,0.14644227921962738,0.10619307309389114,0.06291929632425308,0.03378128632903099,0.029876697808504105
2024-09-22 21:52:24,아까 그거 프런트윙이네,- dc official App,31,31.0,아까 그거 프런트윙이네 - dc official App,아까 그거 프런트윙이네 - dc official App,0.3223007321357727,0.2334541380405426,0.24504055082798004,0.0890437588095665,0.05101851373910904,0.0591423474252224
2024-09-22 21:52:26,셒카 절대 안나옴,"게이스포츠
다됨",31,31.0,"셒카 절대 안나옴 게이스포츠
다됨",셒카 절대 안나옴 게이스포츠 다됨,0.08135449141263962,0.3097756803035736,0.1875062733888626,0.19023346900939941,0.16164368391036987,0.06948640197515488
2024-09-22 21:52:27,ㅈ망ㅋㅋㅋㅋㅋ,ㅋㅋ,31,31.0,ㅈ망ㅋㅋㅋㅋㅋ ㅋㅋ,ㅈ망ㅋㅋㅋㅋㅋ ㅋㅋ,0.1956290602684021,0.29694801568984985,0.12485774606466293,0.20730559527873993,0.11529220640659332,0.059967365115880966
2024-09-22 21:52:28,니코도 뽁스,,31,31.0,니코도 뽁스 ,니코도 뽁스,0.5527936220169067,0.16205622255802155,0.13748757541179657,0.07132327556610107,0.04015835374593735,0.03618095442652702
2024-09-22 21:52:29,3.0ㅋㅋㅋㅋ,ㅋㅋㅋㅋ,31,31.0,3.0ㅋㅋㅋㅋ ㅋㅋㅋㅋ,3.0ㅋㅋㅋㅋ ㅋㅋㅋㅋ,0.39385858178138733,0.2245950996875763,0.165281742811203,0.11975304037332535,0.050428420305252075,0.046083081513643265
2024-09-22 21:52:30,노리스어쩌다 30초갭임?,- dc official App,31,31.0,노리스어쩌다 30초갭임? - dc official App,노리스어쩌다 30초갭임? - dc official App,0.1536664217710495,0.263825386762619,0.3082587718963623,0.11292873322963715,0.06506253778934479,0.09625820070505142
2024-09-22 21:52:32,3초는 씨발아 진짜 막스한테 왜그러는데,체코 2.2초잖아,31,31.0,3초는 씨발아 진짜 막스한테 왜그러는데 체코 2.2초잖아,3초는 씨발아 진짜 막스한테 왜그러는데 체코 2.2초잖아,0.12303807586431503,0.2556620240211487,0.12037423253059387,0.2869623303413391,0.1661473512649536,0.04781600832939148
2024-09-22 21:52:32,왜 몽골한테만 피트 찐빠나냐 ㅅㅂㅋㅋㅋㅋ,ㅋㅋㅋ,31,31.0,왜 몽골한테만 피트 찐빠나냐 ㅅㅂㅋㅋㅋㅋ ㅋㅋㅋ,왜 몽골한테만 피트 찐빠나냐 ㅅㅂㅋㅋㅋㅋ ㅋㅋㅋ,0.14158713817596436,0.21398261189460754,0.11216985434293747,0.3062148094177246,0.1640312224626541,0.06201433762907982
2024-09-22 21:52:33,아 핏스탑때문에씨발,,31,31.0,아 핏스탑때문에씨발 ,아 핏스탑때문에씨발,0.16425299644470215,0.21163690090179443,0.09223577380180359,0.28174135088920593,0.21319237351417542,0.03694052994251251
2024-09-22 21:52:37,셒카 나오겠냐고 ㅋㅋㅋ,"셒카 안 뜰꺼 같은데
- dc official App",31,31.0,"셒카 나오겠냐고 ㅋㅋㅋ 셒카 안 뜰꺼 같은데
- dc official App",셒카 나오겠냐고 ㅋㅋㅋ 셒카 안 뜰꺼 같은데,0.09874799102544785,0.2653893530368805,0.3139566481113434,0.12169916182756424,0.1117977723479271,0.08840908110141754
2024-09-22 21:52:43,아이씨 박아야지,"르클이 땄잖냐
- dc official App",31,31.0,"아이씨 박아야지 르클이 땄잖냐
- dc official App",아이씨 박아야지 르클이 땄잖냐,0.09445854276418686,0.329941064119339,0.163168266415596,0.20810866355895996,0.145381361246109,0.05894213169813156
2024-09-22 21:52:44,어라 르끌 뒤로나오노 ㅋㅋㅋ,"ㄷ
- dc official App",31,31.0,"어라 르끌 뒤로나오노 ㅋㅋㅋ ㄷ
- dc official App",어라 르끌 뒤로나오노 ㅋㅋㅋ ㄷ,0.12822288274765015,0.30347999930381775,0.25015777349472046,0.13059097528457642,0.08497734367847443,0.10257105529308319
2024-09-22 21:52:48,3초라서 르끌 뒤로 나오네 ㅋㅋㅋㅋ,,31,31.0,3초라서 르끌 뒤로 나오네 ㅋㅋㅋㅋ ,3초라서 르끌 뒤로 나오네 ㅋㅋㅋㅋ,0.17011800408363342,0.3374027907848358,0.18945614993572235,0.13748404383659363,0.09308241307735443,0.07245657593011856
2024-09-22 21:52:48,시발 병신 피트 ㅋㅋㅋㅋ,ㅋㅋ,31,31.0,시발 병신 피트 ㅋㅋㅋㅋ ㅋㅋ,시발 병신 피트 ㅋㅋㅋㅋ ㅋㅋ,0.22288501262664795,0.2605803310871124,0.15085197985172272,0.20925061404705048,0.08355109393596649,0.07288102060556412
2024-09-22 21:52:50,타이밍 잘못쟀노 ㅋㅋ,,31,31.0,타이밍 잘못쟀노 ㅋㅋ ,타이밍 잘못쟀노 ㅋㅋ,0.0883839800953865,0.3466218113899231,0.2231685072183609,0.14318382740020752,0.12230003625154495,0.07634185999631882
2024-09-22 21:52:53,ㅋㅋㅋㅋㅋㅋㅋㅋㅋ 갸꿀,ㅋㅋㅋㅋㅋ,31,31.0,ㅋㅋㅋㅋㅋㅋㅋㅋㅋ 갸꿀 ㅋㅋㅋㅋㅋ,ㅋㅋㅋㅋㅋㅋㅋㅋㅋ 갸꿀 ㅋㅋㅋㅋㅋ,0.70333331823349,0.11248359084129333,0.062106650322675705,0.061360761523246765,0.038887351751327515,0.02182830683887005
2024-09-22 21:52:57,개꿀 ㅋㅋㅋㅋㅋㅋㅋ,,31,31.0,개꿀 ㅋㅋㅋㅋㅋㅋㅋ ,개꿀 ㅋㅋㅋㅋㅋㅋㅋ,0.7074410319328308,0.10982351750135422,0.06555401533842087,0.05791674181818962,0.036952897906303406,0.022311745211482048
2024-09-22 21:52:57,어뢰한방 박아다오,- dc official App,31,31.0,어뢰한방 박아다오 - dc official App,어뢰한방 박아다오 - dc official App,0.33199480175971985,0.1764724850654602,0.1910071223974228,0.1367584615945816,0.10859303176403046,0.055174119770526886
2024-09-22 21:52:58,ㅋㅋㅋㅋㅋㅋ 르끌 잘한다,,31,31.0,ㅋㅋㅋㅋㅋㅋ 르끌 잘한다 ,ㅋㅋㅋㅋㅋㅋ 르끌 잘한다,0.7154056429862976,0.10578456521034241,0.06559836119413376,0.05293329060077667,0.03487953916192055,0.025398584082722664
2024-09-22 21:52:58,어 르끌 뒤로 나오네,ㅋㅋㅋ,31,31.0,어 르끌 뒤로 나오네 ㅋㅋㅋ,어 르끌 뒤로 나오네 ㅋㅋㅋ,0.24959591031074524,0.3115919232368469,0.1958569586277008,0.11021891981363297,0.0649777427315712,0.06775861233472824
2024-09-22 21:52:59,갸꿍ㅋㅋㅋㅋㅋㅋㅋㅋㅋㅋ케,- dc official App,31,31.0,갸꿍ㅋㅋㅋㅋㅋㅋㅋㅋㅋㅋ케 - dc official App,갸꿍ㅋㅋㅋㅋㅋㅋㅋㅋㅋㅋ케 - dc official App,0.7016578316688538,0.10968027263879776,0.07498279958963394,0.05648326873779297,0.03298097103834152,0.024214886128902435
2024-09-22 21:53:02,핏스탑 때문에 뒤로나왔네,,31,31.0,핏스탑 때문에 뒤로나왔네 ,핏스탑 때문에 뒤로나왔네,0.11401025950908661,0.348886102437973,0.13541677594184875,0.15924648940563202,0.19385495781898499,0.04858541116118431
2024-09-22 21:53:05,레드불 그냥 드챔도 내줘라 ㅋㅋㅋㅋㅋ,,31,31.0,레드불 그냥 드챔도 내줘라 ㅋㅋㅋㅋㅋ ,레드불 그냥 드챔도 내줘라 ㅋㅋㅋㅋㅋ,0.6244939565658569,0.1416090875864029,0.08253005146980286,0.06911662220954895,0.04619365185499191,0.03605664148926735
2024-09-22 21:53:07,3.0 찍어서 르끌 뒤로 나오노 ㅅㅂㅋㅋㅋㅋ,개찐빠 ㅡㅋㅋㅋㅋㅋ,31,31.0,3.0 찍어서 르끌 뒤로 나오노 ㅅㅂㅋㅋㅋㅋ 개찐빠 ㅡㅋㅋㅋㅋㅋ,3.0 찍어서 르끌 뒤로 나오노 ㅅㅂㅋㅋㅋㅋ 개찐빠 ㅡㅋㅋㅋㅋㅋ,0.1002008393406868,0.24363236129283905,0.1355554461479187,0.27119600772857666,0.18063655495643616,0.06877877563238144
2024-09-22 21:53:07,몽골 르끌 못ㅇ넘어가면 개쌉손해 ㅋㅋㅋㅋㅋ,ㅈ되겠노,31,31.0,몽골 르끌 못ㅇ넘어가면 개쌉손해 ㅋㅋㅋㅋㅋ ㅈ되겠노,몽골 르끌 못ㅇ넘어가면 개쌉손해 ㅋㅋㅋㅋㅋ ㅈ되겠노,0.09298164397478104,0.28009870648384094,0.25448715686798096,0.13720206916332245,0.10490419715642929,0.13032624125480652
2024-09-22 21:53:08,ㅅㅅㅅㅅㅅㅅㅅㅅㅅㅅ,,31,31.0,ㅅㅅㅅㅅㅅㅅㅅㅅㅅㅅ ,ㅅㅅㅅㅅㅅㅅㅅㅅㅅㅅ,0.7053667306900024,0.11147946119308472,0.06314610689878464,0.057223863899707794,0.04131785035133362,0.02146594412624836
2024-09-22 21:53:09,RB 병신 재앙 전략 스타트 ㅋㅋㅋ,얘네는 절대 피트를 안함 ㅋㅋ,31,31.0,RB 병신 재앙 전략 스타트 ㅋㅋㅋ 얘네는 절대 피트를 안함 ㅋㅋ,RB 병신 재앙 전략 스타트 ㅋㅋㅋ 얘네는 절대 피트를 안함 ㅋㅋ,0.06967975944280624,0.19185219705104828,0.2540108263492584,0.2360590100288391,0.1570153385400772,0.09138286858797073
2024-09-22 21:53:10,막스 좆망 ㅋㅋㅋㅋㅋㅋㅋㅋㅋ,,31,31.0,막스 좆망 ㅋㅋㅋㅋㅋㅋㅋㅋㅋ ,막스 좆망 ㅋㅋㅋㅋㅋㅋㅋㅋㅋ,0.10907834023237228,0.33764374256134033,0.17760850489139557,0.16410550475120544,0.13628897070884705,0.0752749890089035
2024-09-22 21:53:11,레드레드레드레드렏.제발여기서레드렏.레드레드릳를ㄷ,"ㅇ
- dc official App",31,31.0,"레드레드레드레드렏.제발여기서레드렏.레드레드릳를ㄷ ㅇ
- dc official App",레드레드레드레드렏.제발여기서레드렏.레드레드릳를ㄷ ㅇ,0.4584541618824005,0.19720463454723358,0.15226957201957703,0.10536299645900726,0.0525311715900898,0.03417756035923958
2024-09-22 21:53:14,와 2.5만됐어도 르끌앞인데 이걸..,체황이랑 막스 헷갈릿노,31,31.0,와 2.5만됐어도 르끌앞인데 이걸.. 체황이랑 막스 헷갈릿노,와 2.5만됐어도 르끌앞인데 이걸.. 체황이랑 막스 헷갈릿노,0.09266773611307144,0.2743990123271942,0.2741307318210602,0.15174910426139832,0.09941783547401428,0.10763562470674515
2024-09-22 21:53:15,노리스펑처!!!!!,- dc official App,31,31.0,노리스펑처!!!!! - dc official App,노리스펑처!!!!! - dc official App,0.5826353430747986,0.14007045328617096,0.13361990451812744,0.07463350892066956,0.039743270725011826,0.029297495260834694
2024-09-22 21:53:16,맥라렌 둘다 클린에어고ㅋㅋㅋㅋ,ㅋㅋㅋ,31,31.0,맥라렌 둘다 클린에어고ㅋㅋㅋㅋ ㅋㅋㅋ,맥라렌 둘다 클린에어고ㅋㅋㅋㅋ ㅋㅋㅋ,0.7027279138565063,0.1090196818113327,0.06588245183229446,0.057787470519542694,0.03714983910322189,0.027432670816779137
2024-09-22 21:53:18,르끌 똥꼬쇼 몇 랩 보냐?,5랩만 봐도 행복하겠다,31,31.0,르끌 똥꼬쇼 몇 랩 보냐? 5랩만 봐도 행복하겠다,르끌 똥꼬쇼 몇 랩 보냐? 5랩만 봐도 행복하겠다,0.3057788014411926,0.24926885962486267,0.15669654309749603,0.1431690901517868,0.0783412978053093,0.06674539297819138
2024-09-22 21:53:21,프리스탑 ㅅㅂ,아,31,31.0,프리스탑 ㅅㅂ 아,프리스탑 ㅅㅂ 아,0.14925287663936615,0.20945951342582703,0.10959045588970184,0.2825661599636078,0.21255503594875336,0.03657595440745354
2024-09-22 21:53:20,한나슈미츠<<<< 개좆거품ㅋㅋㅋㅋ,"ㅋㅋㅋ
- dc official App",31,31.0,"한나슈미츠<<<< 개좆거품ㅋㅋㅋㅋ ㅋㅋㅋ
- dc official App",한나슈미츠<<<< 개좆거품ㅋㅋㅋㅋ ㅋㅋㅋ,0.2037125825881958,0.2415645271539688,0.24359123408794403,0.1688096523284912,0.07232258468866348,0.06999947875738144
2024-09-22 21:53:21,노리스는 걍 프리스탑이네,,31,31.0,노리스는 걍 프리스탑이네 ,노리스는 걍 프리스탑이네,0.08887989073991776,0.34253641963005066,0.1605539619922638,0.14471200108528137,0.2105431854724884,0.052774567157030106
2024-09-22 21:53:22,르끌 피아제 위해서 영혼의 디펜딩 보여주나,- dc official App,31,31.0,르끌 피아제 위해서 영혼의 디펜딩 보여주나 - dc official App,르끌 피아제 위해서 영혼의 디펜딩 보여주나 - dc official App,0.23537595570087433,0.2960628569126129,0.2050677239894867,0.0995725467801094,0.0821453407406807,0.08177554607391357
2024-09-22 21:53:22,와 노리스 프리스탑,,31,31.0,와 노리스 프리스탑 ,와 노리스 프리스탑,0.41697341203689575,0.20041492581367493,0.21480503678321838,0.07425880432128906,0.034432657063007355,0.05911514535546303
2024-09-22 21:53:23,레드불 전략팀 수면실 입갤 ㅋㅋㅋㅋ,ㅂㅅ들,31,31.0,레드불 전략팀 수면실 입갤 ㅋㅋㅋㅋ ㅂㅅ들,레드불 전략팀 수면실 입갤 ㅋㅋㅋㅋ ㅂㅅ들,0.0988195389509201,0.22182857990264893,0.2688959836959839,0.21471130847930908,0.1103346198797226,0.08540993928909302
2024-09-22 21:53:24,제발 누구 하나 박아줘,"도마뱀이라도 들어와줘
- dc official App",31,31.0,"제발 누구 하나 박아줘 도마뱀이라도 들어와줘
- dc official App",제발 누구 하나 박아줘 도마뱀이라도 들어와줘,0.21115459501743317,0.21615420281887054,0.15626351535320282,0.1501973420381546,0.1805942952632904,0.08563607931137085
2024-09-22 21:53:24,츠노다는 언제 들어갈까요…,,31,31.0,츠노다는 언제 들어갈까요… ,츠노다는 언제 들어갈까요…,0.15647751092910767,0.304377943277359,0.22616812586784363,0.10577820241451263,0.12661176919937134,0.0805864930152893
2024-09-22 21:53:24,체코 언더컷 성공 ㅋㅋㅋㅋㅋㅋ,ㅋㅋㅋㅋㅋㅋㅋㅋㅋ,31,31.0,체코 언더컷 성공 ㅋㅋㅋㅋㅋㅋ ㅋㅋㅋㅋㅋㅋㅋㅋㅋ,체코 언더컷 성공 ㅋㅋㅋㅋㅋㅋ ㅋㅋㅋㅋㅋㅋㅋㅋㅋ,0.7119269967079163,0.10818944126367569,0.06473337113857269,0.05465397238731384,0.03563697263598442,0.024859238415956497
2024-09-22 21:53:27,르끌레야 잘 막아줘 !,ㅋㅋㅋㅋ,31,31.0,르끌레야 잘 막아줘 ! ㅋㅋㅋㅋ,르끌레야 잘 막아줘 ! ㅋㅋㅋㅋ,0.6454112529754639,0.12873412668704987,0.08618306368589401,0.05980469658970833,0.04414287954568863,0.03572392463684082
2024-09-22 21:53:30,르끌 빠르노,벌어진다,31,31.0,르끌 빠르노 벌어진다,르끌 빠르노 벌어진다,0.21524833142757416,0.24358944594860077,0.3017956614494324,0.09879731386899948,0.045936331152915955,0.09463294595479965
2024-09-22 21:53:32,누리스 피트인 여유있노 ㅋㅋㅋ,,31,31.0,누리스 피트인 여유있노 ㅋㅋㅋ ,누리스 피트인 여유있노 ㅋㅋㅋ,0.6514180898666382,0.13350138068199158,0.08779440075159073,0.058490246534347534,0.03477008640766144,0.03402581065893173
2024-09-22 21:53:32,프리스탑 ㅋㅋㅋ,ㅋㅋ,31,31.0,프리스탑 ㅋㅋㅋ ㅋㅋ,프리스탑 ㅋㅋㅋ ㅋㅋ,0.5228626728057861,0.18398703634738922,0.09477473795413971,0.10826485604047775,0.0587526299059391,0.03135800361633301
2024-09-22 21:53:35,노리스 오랜만이노리스,,31,31.0,노리스 오랜만이노리스 ,노리스 오랜만이노리스,0.6666964888572693,0.13318566977977753,0.07929160445928574,0.05547090247273445,0.03841719031333923,0.02693818137049675
2024-09-22 21:53:39,노리스 우승이네,,31,31.0,노리스 우승이네 ,노리스 우승이네,0.6222279071807861,0.15147162973880768,0.10241365432739258,0.053022392094135284,0.03234710544347763,0.038517262786626816
2024-09-22 21:53:41,노리스 그랜드슬램 레츠고 ㅋㅋ,,31,31.0,노리스 그랜드슬램 레츠고 ㅋㅋ ,노리스 그랜드슬램 레츠고 ㅋㅋ,0.711418092250824,0.10725800693035126,0.06851965934038162,0.05641251429915428,0.03205910325050354,0.024332664906978607
2024-09-22 21:53:42,아주아주 프리스탑 ㅋㅋㅋㅋ,,31,31.0,아주아주 프리스탑 ㅋㅋㅋㅋ ,아주아주 프리스탑 ㅋㅋㅋㅋ,0.378720760345459,0.22426515817642212,0.09169325977563858,0.1656149923801422,0.09217172116041183,0.04753412678837776
2024-09-22 21:53:42,휴 빨리넘어갔네,,31,31.0,휴 빨리넘어갔네 ,휴 빨리넘어갔네,0.30239778757095337,0.2812637388706207,0.11306945234537125,0.11517402529716492,0.1306162029504776,0.057478729635477066
2024-09-22 21:53:43,피트인 한번 절어서 몇초를 손해보냐 ㅋㅋㅋㅋㅋㅋㅋㅋㅋ,병신팀 다됨 레드불ㅋㅋㅋㅋㅋㅋㅋㅋㅋㅋ,31,31.0,피트인 한번 절어서 몇초를 손해보냐 ㅋㅋㅋㅋㅋㅋㅋㅋㅋ 병신팀 다됨 레드불ㅋㅋㅋㅋㅋㅋㅋㅋㅋㅋ,피트인 한번 절어서 몇초를 손해보냐 ㅋㅋㅋㅋㅋㅋㅋㅋㅋ 병신팀 다됨 레드불ㅋㅋㅋㅋㅋㅋㅋㅋㅋㅋ,0.10061981528997421,0.26226919889450073,0.24057036638259888,0.1827698051929474,0.10413183271884918,0.10963898152112961
2024-09-22 21:53:43,르끌게이 오늘 몽골 딥빡치게하겠놐ㅋㅋㅋㅋㅋㅋ,,31,31.0,르끌게이 오늘 몽골 딥빡치게하겠놐ㅋㅋㅋㅋㅋㅋ ,르끌게이 오늘 몽골 딥빡치게하겠놐ㅋㅋㅋㅋㅋㅋ,0.15626223385334015,0.2388092279434204,0.16352523863315582,0.25047698616981506,0.10124019533395767,0.08968605846166611
2024-09-22 21:53:43,넘긴넘었네 ㅋㅋㅋㅋ,,31,31.0,넘긴넘었네 ㅋㅋㅋㅋ ,넘긴넘었네 ㅋㅋㅋㅋ,0.5284742712974548,0.18736444413661957,0.12724268436431885,0.07454149425029755,0.036926161497831345,0.04545094445347786
2024-09-22 21:53:46,ㅈㄴ빠르네 핏스탑,ㄷㄷ,32,32.0,ㅈㄴ빠르네 핏스탑 ㄷㄷ,ㅈㄴ빠르네 핏스탑 ㄷㄷ,0.13340137898921967,0.20755214989185333,0.3280709385871887,0.13894657790660858,0.06607214361429214,0.12595677375793457
2024-09-22 21:53:49,ㅅㅂ 바로따이네 ㅋㅋㅋㅋㅋㅋㅋㅋㅋ,ㅋㅋㅋㅋㅋㅋㅋㅋㅋㅋㅋㅋㅋ,32,32.0,ㅅㅂ 바로따이네 ㅋㅋㅋㅋㅋㅋㅋㅋㅋ ㅋㅋㅋㅋㅋㅋㅋㅋㅋㅋㅋㅋㅋ,ㅅㅂ 바로따이네 ㅋㅋㅋㅋㅋㅋㅋㅋㅋ ㅋㅋㅋㅋㅋㅋㅋㅋㅋㅋㅋㅋㅋ,0.4277608394622803,0.21925093233585358,0.112632155418396,0.13442501425743103,0.0618731789290905,0.044057879596948624
2024-09-22 21:53:48,에이 추월했누,,32,32.0,에이 추월했누 ,에이 추월했누,0.1308368295431137,0.3689537048339844,0.2009911686182022,0.10968846827745438,0.09702861309051514,0.09250129014253616
2024-09-22 21:53:49,체황 언더컷 성공했네 ㅋㅋㅋㅋㅋㅋㅋㅋㅋㅋㅋ,콜라 따잇,32,32.0,체황 언더컷 성공했네 ㅋㅋㅋㅋㅋㅋㅋㅋㅋㅋㅋ 콜라 따잇,체황 언더컷 성공했네 ㅋㅋㅋㅋㅋㅋㅋㅋㅋㅋㅋ 콜라 따잇,0.7218979001045227,0.10661795735359192,0.05793061852455139,0.051391102373600006,0.037261489778757095,0.02490096352994442
2024-09-22 21:53:50,넘었네 ㅋㅋㅋㅋ,- dc official App,32,32.0,넘었네 ㅋㅋㅋㅋ - dc official App,넘었네 ㅋㅋㅋㅋ - dc official App,0.6612793207168579,0.1231648400425911,0.09631716459989548,0.05812743678689003,0.03199390321969986,0.029117342084646225
2024-09-22 21:53:55,맥라렌 너무 빠른거 아니냐,저게 RB19하고 뭐가달라 시발,32,32.0,맥라렌 너무 빠른거 아니냐 저게 RB19하고 뭐가달라 시발,맥라렌 너무 빠른거 아니냐 저게 RB19하고 뭐가달라 시발,0.10941369831562042,0.21320456266403198,0.14179371297359467,0.2892431914806366,0.1939997524023056,0.05234506353735924
2024-09-22 21:53:56,노리스는 안전빵 핏스탑했고 피아제는,2.0 가보자 ㅋㅋ,32,32.0,노리스는 안전빵 핏스탑했고 피아제는 2.0 가보자 ㅋㅋ,노리스는 안전빵 핏스탑했고 피아제는 2.0 가보자 ㅋㅋ,0.5869658589363098,0.14255373179912567,0.099154993891716,0.08148534595966339,0.05227472260594368,0.037565335631370544
2024-09-22 21:53:59,누리스 그랜드슬램하겠네..,"아
- dc official App",32,32.0,"누리스 그랜드슬램하겠네.. 아
- dc official App",누리스 그랜드슬램하겠네.. 아,0.6709256768226624,0.12898899614810944,0.06663256883621216,0.05363696441054344,0.044815920293331146,0.034999944269657135
2024-09-22 21:54:00,뭐야 몇초인지 보여줘요,,32,32.0,뭐야 몇초인지 보여줘요 ,뭐야 몇초인지 보여줘요,0.15986259281635284,0.24688129127025604,0.3200429379940033,0.10723274946212769,0.08282196521759033,0.08315844088792801
2024-09-22 21:54:01,언더컷 성공 체황ㅋㅋㅋ,"역시 한나야
- dc official App",32,32.0,"언더컷 성공 체황ㅋㅋㅋ 역시 한나야
- dc official App",언더컷 성공 체황ㅋㅋㅋ 역시 한나야,0.7034286260604858,0.11546105891466141,0.0628950372338295,0.0482528954744339,0.03823582082986832,0.03172656521201134
2024-09-22 21:54:08,윌리엄스 전략팀은 ㄹㅇ 병신이네,ㅇㅇ,32,32.0,윌리엄스 전략팀은 ㄹㅇ 병신이네 ㅇㅇ,윌리엄스 전략팀은 ㄹㅇ 병신이네 ㅇㅇ,0.07316205650568008,0.2037622481584549,0.30767199397087097,0.18704965710639954,0.15278778970241547,0.07556624710559845
2024-09-22 21:54:10,의외로 빠르게 잘땄노,오,32,32.0,의외로 빠르게 잘땄노 오,의외로 빠르게 잘땄노 오,0.5538397431373596,0.17114445567131042,0.1311223804950714,0.06247107312083244,0.03858784958720207,0.042834486812353134
2024-09-22 21:54:11,피트인해도 3초 차이네 뭔 ㅋㅋㅋ,아 ㅋㅋ,32,32.0,피트인해도 3초 차이네 뭔 ㅋㅋㅋ 아 ㅋㅋ,피트인해도 3초 차이네 뭔 ㅋㅋㅋ 아 ㅋㅋ,0.15551133453845978,0.3214150071144104,0.18509820103645325,0.16208232939243317,0.08730605989694595,0.08858704566955566
2024-09-22 21:54:12,그랜드슬램 각이다,ㅋㅋ,32,32.0,그랜드슬램 각이다 ㅋㅋ,그랜드슬램 각이다 ㅋㅋ,0.6662394404411316,0.12123400717973709,0.08547753095626831,0.060717593878507614,0.03396831080317497,0.032363131642341614
2024-09-22 21:54:14,누리스 쳐박지만 않으면 그랜드슬램 되겠놐ㅋㅋ,,32,32.0,누리스 쳐박지만 않으면 그랜드슬램 되겠놐ㅋㅋ ,누리스 쳐박지만 않으면 그랜드슬램 되겠놐ㅋㅋ,0.3667738437652588,0.18450693786144257,0.20739774405956268,0.1185808852314949,0.05686302110552788,0.06587754935026169
2024-09-22 21:54:18,포디움,노리스 피아스트리 막스/르끌에  러셀 물탕 이겠는데?,32,32.0,포디움 노리스 피아스트리 막스/르끌에  러셀 물탕 이겠는데?,포디움 노리스 피아스트리 막스/르끌에 러셀 물탕 이겠는데?,0.20930716395378113,0.2013261616230011,0.3505963385105133,0.10724039375782013,0.050419192761182785,0.08111073821783066
2024-09-22 21:54:19,맥라렌 크루징 애미ㅅㅂㅋㅋㅋㅋㅋㅋ,ㅋㅋㅋㅋㅋㅋ,32,32.0,맥라렌 크루징 애미ㅅㅂㅋㅋㅋㅋㅋㅋ ㅋㅋㅋㅋㅋㅋ,맥라렌 크루징 애미ㅅㅂㅋㅋㅋㅋㅋㅋ ㅋㅋㅋㅋㅋㅋ,0.11899321526288986,0.19235514104366302,0.1647297739982605,0.3174668848514557,0.1392347365617752,0.06722025573253632
2024-09-22 21:54:28,르클럭 바로 따잇 당했네 십ㅋㅋ,ㅋㅋ,32,32.0,르클럭 바로 따잇 당했네 십ㅋㅋ ㅋㅋ,르클럭 바로 따잇 당했네 십ㅋㅋ ㅋㅋ,0.16428998112678528,0.28822585940361023,0.14655354619026184,0.21326932311058044,0.10853620618581772,0.07912512123584747
2024-09-22 21:54:32,그래도 3게임만의 포디움이네,이제 체코 플랜 f하면 되려나,32,32.0,그래도 3게임만의 포디움이네 이제 체코 플랜 f하면 되려나,그래도 3게임만의 포디움이네 이제 체코 플랜 f하면 되려나,0.28599658608436584,0.2675352990627289,0.225636824965477,0.08255723863840103,0.0640300065279007,0.07424404472112656
2024-09-22 21:54:33,몽골 혼자 지랄하다 셒카나오기 기원 1분차,ㅈㄱㅁ,32,32.0,몽골 혼자 지랄하다 셒카나오기 기원 1분차 ㅈㄱㅁ,몽골 혼자 지랄하다 셒카나오기 기원 1분차 ㅈㄱㅁ,0.13620337843894958,0.19412359595298767,0.14084748923778534,0.3227652907371521,0.14515498280525208,0.06090527027845383
2024-09-22 21:54:43,슬....슬....ㅇㅇ,눈감기노...,32,32.0,슬....슬....ㅇㅇ 눈감기노...,슬....슬....ㅇㅇ 눈감기노...,0.12961211800575256,0.298808753490448,0.12865093350410461,0.16797253489494324,0.20622749626636505,0.06872811913490295
2024-09-22 21:54:54,몽골 전략팀 줄빠따 ㅋㅋ,,32,32.0,몽골 전략팀 줄빠따 ㅋㅋ ,몽골 전략팀 줄빠따 ㅋㅋ,0.23493626713752747,0.21045377850532532,0.21335096657276154,0.18907643854618073,0.06871172785758972,0.08347082883119583
2024-09-22 21:54:56,막스: 한나 썅년아,,32,32.0,막스: 한나 썅년아 ,막스: 한나 썅년아,0.16559188067913055,0.1602919101715088,0.15073268115520477,0.32321876287460327,0.14915837347507477,0.05100637674331665
2024-09-22 21:54:58,피아제 들어가면 르끌 뒨가,흠,32,32.0,피아제 들어가면 르끌 뒨가 흠,피아제 들어가면 르끌 뒨가 흠,0.11639057844877243,0.27091482281684875,0.3102238178253174,0.10629131644964218,0.111069455742836,0.08511001616716385
2024-09-22 21:54:58,스튜핏 ㅋㅋㅋㅋㅋ,,32,32.0,스튜핏 ㅋㅋㅋㅋㅋ ,스튜핏 ㅋㅋㅋㅋㅋ,0.6653192043304443,0.12739808857440948,0.08629149943590164,0.06024391949176788,0.03333604708313942,0.027411295101046562
2024-09-22 21:55:00,몽징징시작,- dc official App,32,32.0,몽징징시작 - dc official App,몽징징시작 - dc official App,0.48370206356048584,0.17132717370986938,0.17031925916671753,0.0874534547328949,0.050079137086868286,0.037118930369615555
2024-09-22 21:54:59,막징징 ㅋㅋ,,32,32.0,막징징 ㅋㅋ ,막징징 ㅋㅋ,0.5054391026496887,0.20052102208137512,0.1023407131433487,0.09228849411010742,0.060704831033945084,0.03870582580566406
2024-09-22 21:55:00,르끌라리 << 이새끼들 뭔 생각 하고있노 ㅋㅋ,진짜 셒카기다리기 전략이냐? 시발?,32,32.0,르끌라리 << 이새끼들 뭔 생각 하고있노 ㅋㅋ 진짜 셒카기다리기 전략이냐? 시발?,르끌라리 << 이새끼들 뭔 생각 하고있노 ㅋㅋ 진짜 셒카기다리기 전략이냐? 시발?,0.07665252685546875,0.18642985820770264,0.22313134372234344,0.25694015622138977,0.18304751813411713,0.07379856705665588
2024-09-22 21:55:01,징징ㅋㅋㅋㅋ,- dc official App,32,32.0,징징ㅋㅋㅋㅋ - dc official App,징징ㅋㅋㅋㅋ - dc official App,0.6028764247894287,0.14947234094142914,0.09780384600162506,0.07814411073923111,0.04214055836200714,0.029562627896666527
2024-09-22 21:55:01,스튜피드 ㅋㅋㅋㅋㅋㅋㅋ,,32,32.0,스튜피드 ㅋㅋㅋㅋㅋㅋㅋ ,스튜피드 ㅋㅋㅋㅋㅋㅋㅋ,0.5957029461860657,0.1520635187625885,0.10946416854858398,0.07670727372169495,0.03547053784132004,0.03059157356619835
2024-09-22 21:55:04,앵그리 몽골 ㅋㅋㅋ,ㅋㅋ,32,32.0,앵그리 몽골 ㅋㅋㅋ ㅋㅋ,앵그리 몽골 ㅋㅋㅋ ㅋㅋ,0.6691763997077942,0.1291007548570633,0.08421842753887177,0.05895281583070755,0.03216962143778801,0.026382017880678177
2024-09-22 21:55:06,몽골 극대노 ㅋㅋㅋㅋ,?,32,32.0,몽골 극대노 ㅋㅋㅋㅋ ?,몽골 극대노 ㅋㅋㅋㅋ ?,0.12784379720687866,0.25756946206092834,0.27999651432037354,0.14724911749362946,0.0670238733291626,0.12031728029251099
2024-09-22 21:55:08,STUPID 순화된거 보소 ㅋㅋㅋㅋㅋㅋㅋㅋㅋㅋㅋ,ㅋㅋㅋㅋㅋㅋㅋㅋㅋㅋㅋㅋㅋㅋㅋㅋㅋㅋ,32,32.0,STUPID 순화된거 보소 ㅋㅋㅋㅋㅋㅋㅋㅋㅋㅋㅋ ㅋㅋㅋㅋㅋㅋㅋㅋㅋㅋㅋㅋㅋㅋㅋㅋㅋㅋ,STUPID 순화된거 보소 ㅋㅋㅋㅋㅋㅋㅋㅋㅋㅋㅋ ㅋㅋㅋㅋㅋㅋㅋㅋㅋㅋㅋㅋㅋㅋㅋㅋㅋㅋ,0.5569838285446167,0.17065472900867462,0.1240358054637909,0.0768466368317604,0.034308552742004395,0.037170473486185074
2024-09-22 21:55:09,막징징 시작 ㅋㅋㅋ,에휴,32,32.0,막징징 시작 ㅋㅋㅋ 에휴,막징징 시작 ㅋㅋㅋ 에휴,0.1544542759656906,0.26878228783607483,0.13504940271377563,0.19633904099464417,0.17725785076618195,0.06811713427305222
2024-09-22 21:55:09,징징 ㅋㅋㅋㅋㅋ,ㅋㅋㅋ,32,32.0,징징 ㅋㅋㅋㅋㅋ ㅋㅋㅋ,징징 ㅋㅋㅋㅋㅋ ㅋㅋㅋ,0.46761780977249146,0.22346514463424683,0.09566381573677063,0.10299526900053024,0.07207765430212021,0.03818030655384064
2024-09-22 21:55:09,지금까지 레드불 요약) 똥ㅋㅋ,,32,32.0,지금까지 레드불 요약) 똥ㅋㅋ ,지금까지 레드불 요약) 똥ㅋㅋ,0.10864744335412979,0.3028104901313782,0.1815578043460846,0.1893966645002365,0.13420875370502472,0.08337880671024323
2024-09-22 21:55:10,징징 ㅋㅋㅋㅋㅋ,ㅋㅋㅋㅋㅋ,32,32.0,징징 ㅋㅋㅋㅋㅋ ㅋㅋㅋㅋㅋ,징징 ㅋㅋㅋㅋㅋ ㅋㅋㅋㅋㅋ,0.4807412624359131,0.2159748524427414,0.09309697151184082,0.10252425074577332,0.07027281820774078,0.0373898521065712
2024-09-22 21:55:10,가속 정상적으로 했으면 그냥 르끌 넘어 나왔을듯,,32,32.0,가속 정상적으로 했으면 그냥 르끌 넘어 나왔을듯 ,가속 정상적으로 했으면 그냥 르끌 넘어 나왔을듯,0.08693891018629074,0.29088276624679565,0.28277966380119324,0.12805317342281342,0.11596950143575668,0.09537599235773087
2024-09-22 21:55:10,ㅋㅋㅋ오늘도 멍청한 레드불 전략팀,"ㅋㅋㅋ
- dc official App",32,32.0,"ㅋㅋㅋ오늘도 멍청한 레드불 전략팀 ㅋㅋㅋ
- dc official App",ㅋㅋㅋ오늘도 멍청한 레드불 전략팀 ㅋㅋㅋ,0.10291554033756256,0.278903990983963,0.21893706917762756,0.19762328267097473,0.10840710997581482,0.09321297705173492
2024-09-22 21:55:11,몽징징ㅋㅋㅌ,ㅋㅋㅋ,32,32.0,몽징징ㅋㅋㅌ ㅋㅋㅋ,몽징징ㅋㅋㅌ ㅋㅋㅋ,0.6449732184410095,0.14095371961593628,0.08124583959579468,0.06914607435464859,0.03679787740111351,0.02688327617943287
2024-09-22 21:55:11,몽골ㅋㅋㅋㅋㅋㅋ,- dc official App,32,32.0,몽골ㅋㅋㅋㅋㅋㅋ - dc official App,몽골ㅋㅋㅋㅋㅋㅋ - dc official App,0.43907663226127625,0.1876697987318039,0.18883265554904938,0.10179242491722107,0.04075838625431061,0.04187006503343582
2024-09-22 21:55:12,막스 극대노ㅋㅋㅋㅋㅋㅋㅋㅋㅋㅋㅋ,,32,32.0,막스 극대노ㅋㅋㅋㅋㅋㅋㅋㅋㅋㅋㅋ ,막스 극대노ㅋㅋㅋㅋㅋㅋㅋㅋㅋㅋㅋ,0.1918128877878189,0.2930515706539154,0.21178878843784332,0.13742510974407196,0.07098072022199631,0.09494096040725708
2024-09-22 21:55:14,몽징징 안나옴?,ㅋㅋ,32,32.0,몽징징 안나옴? ㅋㅋ,몽징징 안나옴? ㅋㅋ,0.271149218082428,0.2619185745716095,0.25301963090896606,0.09176251292228699,0.04980849102139473,0.07234156131744385
2024-09-22 21:55:13,언더컷 아닌데???,???,32,32.0,언더컷 아닌데??? ???,언더컷 아닌데??? ???,0.1185898706316948,0.2503083348274231,0.3258925676345825,0.13513411581516266,0.07678161561489105,0.09329348057508469
2024-09-22 21:55:14,헝가리 시즌2ㅋㅋㅋㅋㅋㅋ,ㅋㅋㅋㅋㅋ,32,32.0,헝가리 시즌2ㅋㅋㅋㅋㅋㅋ ㅋㅋㅋㅋㅋ,헝가리 시즌2ㅋㅋㅋㅋㅋㅋ ㅋㅋㅋㅋㅋ,0.6803591251373291,0.12416420131921768,0.0800112783908844,0.06012744829058647,0.03167043998837471,0.02366754226386547
2024-09-22 21:55:14,몽골 또 개지랄하넼ㅋㅋㅋㅋㅋㅋㅋㅋㅋㅋㅋㅋㅋㅋㅋㅋㅋㅋㅋㅋ,언더컷ㅋㅋㅋㅋㅋㅋㅋㅋㅋㅋㅋㅋㅋㅋㅋㅋ,32,32.0,몽골 또 개지랄하넼ㅋㅋㅋㅋㅋㅋㅋㅋㅋㅋㅋㅋㅋㅋㅋㅋㅋㅋㅋㅋ 언더컷ㅋㅋㅋㅋㅋㅋㅋㅋㅋㅋㅋㅋㅋㅋㅋㅋ,몽골 또 개지랄하넼ㅋㅋㅋㅋㅋㅋㅋㅋㅋㅋㅋㅋㅋㅋㅋㅋㅋㅋㅋㅋ 언더컷ㅋㅋㅋㅋㅋㅋㅋㅋㅋㅋㅋㅋㅋㅋㅋㅋ,0.15709072351455688,0.21628868579864502,0.18096275627613068,0.26194843649864197,0.10317711532115936,0.08053227514028549
2024-09-22 21:55:14,몽징징 ㅋㅋㅋㅋㅋㅋ,,32,32.0,몽징징 ㅋㅋㅋㅋㅋㅋ ,몽징징 ㅋㅋㅋㅋㅋㅋ,0.6151600480079651,0.15625925362110138,0.08803106099367142,0.07428710162639618,0.03794673830270767,0.028315847739577293
2024-09-22 21:55:14,황라렌 원투 가즈아,ㄱㄱ,32,32.0,황라렌 원투 가즈아 ㄱㄱ,황라렌 원투 가즈아 ㄱㄱ,0.6445783972740173,0.12419906258583069,0.09253402054309845,0.06325355172157288,0.04055403918027878,0.034880928695201874
2024-09-22 21:55:20,멍청이 ㅋㅋㅋㅋㅋㅋㅋㅋ,- dc official App,32,32.0,멍청이 ㅋㅋㅋㅋㅋㅋㅋㅋ - dc official App,멍청이 ㅋㅋㅋㅋㅋㅋㅋㅋ - dc official App,0.5750073194503784,0.16035664081573486,0.11435287445783615,0.08473210781812668,0.035604629665613174,0.0299464613199234
2024-09-22 21:55:20,몽골 왜 헛소리하노?ㅋㅋㅋㅋ,"ㅋㅋ
- dc official App",32,32.0,"몽골 왜 헛소리하노?ㅋㅋㅋㅋ ㅋㅋ
- dc official App",몽골 왜 헛소리하노?ㅋㅋㅋㅋ ㅋㅋ,0.14510084688663483,0.24489252269268036,0.24805250763893127,0.20248472690582275,0.09402486681938171,0.06544454395771027
2024-09-22 21:55:22,몽징징 스타트 ㅋㅋㅋㅋㅋ,그럼 그렇지 ㅋㅋㅋㅋ,32,32.0,몽징징 스타트 ㅋㅋㅋㅋㅋ 그럼 그렇지 ㅋㅋㅋㅋ,몽징징 스타트 ㅋㅋㅋㅋㅋ 그럼 그렇지 ㅋㅋㅋㅋ,0.4511808454990387,0.20453490316867828,0.11360391229391098,0.12133317440748215,0.06675218790769577,0.04259498417377472
2024-09-22 21:55:22,몽골 멍청한 청년 입갤ㅋㅋ,ㆍ,32,32.0,몽골 멍청한 청년 입갤ㅋㅋ ㆍ,몽골 멍청한 청년 입갤ㅋㅋ ㆍ,0.18742910027503967,0.3144049048423767,0.2154676467180252,0.1369505077600479,0.06523669511079788,0.08051115274429321
2024-09-22 21:55:25,막징징ㅋㅋ,,33,33.0,막징징ㅋㅋ ,막징징ㅋㅋ,0.5291845202445984,0.18416576087474823,0.09760298579931259,0.09230991452932358,0.05993270128965378,0.036804113537073135
2024-09-22 21:55:26,안 들어갔어 병신아 ㅋㅋㅋ,"에라이 ㅋㅋ
- dc official App",33,33.0,"안 들어갔어 병신아 ㅋㅋㅋ 에라이 ㅋㅋ
- dc official App",안 들어갔어 병신아 ㅋㅋㅋ 에라이 ㅋㅋ,0.10659286379814148,0.23677994310855865,0.19682125747203827,0.2679957449436188,0.11256933957338333,0.07924087345600128
2024-09-22 21:55:28,지가 착각해놓고 징징대네 몽골 병신이 ㅋㅋ,"ㅇ
- dc official App",33,33.0,"지가 착각해놓고 징징대네 몽골 병신이 ㅋㅋ ㅇ
- dc official App",지가 착각해놓고 징징대네 몽골 병신이 ㅋㅋ ㅇ,0.1216656044125557,0.1961488127708435,0.19346511363983154,0.29451286792755127,0.12211212515830994,0.07209545373916626
2024-09-22 21:55:29,피아 미디엄 -> 미디엄이나 미디엄->소프트 가능한거 아닌가요?,뉴비라 잘 모르겠는데 미디움으로 달린지 30랩 넘었는데,33,33.0,피아 미디엄 -> 미디엄이나 미디엄->소프트 가능한거 아닌가요? 뉴비라 잘 모르겠는데 미디움으로 달린지 30랩 넘었는데,피아 미디엄 -> 미디엄이나 미디엄->소프트 가능한거 아닌가요? 뉴비라 잘 모르겠는데 미디움으로 달린지 30랩 넘었는데,0.20834669470787048,0.24011023342609406,0.3018520772457123,0.1009717509150505,0.07448877394199371,0.07423040270805359
2024-09-22 21:55:30,몽골 정신이 나갔노 ㅋㅋㅋㅋ,ㅋㅋㅋ,33,33.0,몽골 정신이 나갔노 ㅋㅋㅋㅋ ㅋㅋㅋ,몽골 정신이 나갔노 ㅋㅋㅋㅋ ㅋㅋㅋ,0.12375934422016144,0.23333464562892914,0.26078879833221436,0.19587792456150055,0.0866723582148552,0.09956694394350052
2024-09-22 21:55:30,상위권에 언더컷한사람이없는데 ㅋㅋㅋ,ㅋㅋㅋㅋㅋ,33,33.0,상위권에 언더컷한사람이없는데 ㅋㅋㅋ ㅋㅋㅋㅋㅋ,상위권에 언더컷한사람이없는데 ㅋㅋㅋ ㅋㅋㅋㅋㅋ,0.22838075459003448,0.31492680311203003,0.18632768094539642,0.12836726009845734,0.06382101029157639,0.07817646861076355
2024-09-22 21:55:32,언더컷이 아니라 걍 잘못들어간거야 병시나 ㅋㅋㅋ,십 ㅋㅋㅋ,33,33.0,언더컷이 아니라 걍 잘못들어간거야 병시나 ㅋㅋㅋ 십 ㅋㅋㅋ,언더컷이 아니라 걍 잘못들어간거야 병시나 ㅋㅋㅋ 십 ㅋㅋㅋ,0.11882729083299637,0.21792541444301605,0.19458754360675812,0.2782595455646515,0.12331979721784592,0.06708041578531265
2024-09-22 21:55:33,노리스 상태 안 좋은데,,33,33.0,노리스 상태 안 좋은데 ,노리스 상태 안 좋은데,0.09843841940164566,0.28217169642448425,0.26678797602653503,0.12779387831687927,0.16007088124752045,0.06473714113235474
2024-09-22 21:55:35,제발리타이어 제발,,33,33.0,제발리타이어 제발 ,제발리타이어 제발,0.18721641600131989,0.24528264999389648,0.15223132073879242,0.14297877252101898,0.1933068186044693,0.07898398488759995
2024-09-22 21:55:36,환각 언더컷 막쵸비 ㅋㅋㅋㅋ,,33,33.0,환각 언더컷 막쵸비 ㅋㅋㅋㅋ ,환각 언더컷 막쵸비 ㅋㅋㅋㅋ,0.7008191347122192,0.10836584120988846,0.07532467693090439,0.059573084115982056,0.03230452165007591,0.02361275441944599
2024-09-22 21:55:37,치매는 몽평 ㅋㅋㅋㅋ,ㅋㅋㅋㅋㅁ,33,33.0,치매는 몽평 ㅋㅋㅋㅋ ㅋㅋㅋㅋㅁ,치매는 몽평 ㅋㅋㅋㅋ ㅋㅋㅋㅋㅁ,0.5463660955429077,0.1812562197446823,0.10290627926588058,0.08896425366401672,0.043979711830616,0.036527369171381
2024-09-22 21:55:33,언더컷아니야 ㅋㅋㅋㅋㅋㅋㅋㅋ,,33,33.0,언더컷아니야 ㅋㅋㅋㅋㅋㅋㅋㅋ ,언더컷아니야 ㅋㅋㅋㅋㅋㅋㅋㅋ,0.3862212300300598,0.23878510296344757,0.19137541949748993,0.08791458606719971,0.039476681500673294,0.056226931512355804
2024-09-22 21:55:38,막스 개열심히 밟네 ㅋㅋ,아까 19초였는데,33,33.0,막스 개열심히 밟네 ㅋㅋ 아까 19초였는데,막스 개열심히 밟네 ㅋㅋ 아까 19초였는데,0.1875525563955307,0.23140549659729004,0.27327969670295715,0.12475773692131042,0.053382255136966705,0.129622220993042
2024-09-22 21:55:38,르끌은 핏스탑 안했는데 언더컷당한줄 아네 ㅋㅋㅋㅋ,ㅋㅋㅋㅋㅋㅋㅋ,33,33.0,르끌은 핏스탑 안했는데 언더컷당한줄 아네 ㅋㅋㅋㅋ ㅋㅋㅋㅋㅋㅋㅋ,르끌은 핏스탑 안했는데 언더컷당한줄 아네 ㅋㅋㅋㅋ ㅋㅋㅋㅋㅋㅋㅋ,0.1541527807712555,0.2728145718574524,0.25674065947532654,0.1607111394405365,0.07147107273340225,0.08410988003015518
2024-09-22 21:55:39,치매는 몽평ㅋㅋㅋㅋㅋ,ㅋㅋㅋ,33,33.0,치매는 몽평ㅋㅋㅋㅋㅋ ㅋㅋㅋ,치매는 몽평ㅋㅋㅋㅋㅋ ㅋㅋㅋ,0.5314079523086548,0.18668653070926666,0.10162937641143799,0.09235428273677826,0.04958207905292511,0.03833979368209839
2024-09-22 21:55:39,몽골이제 노망 났노 ㅋㅋㅋ,귀여워라,33,33.0,몽골이제 노망 났노 ㅋㅋㅋ 귀여워라,몽골이제 노망 났노 ㅋㅋㅋ 귀여워라,0.4126054644584656,0.21858400106430054,0.17421960830688477,0.0884980857372284,0.041875943541526794,0.06421688944101334
2024-09-22 21:55:39,치매는 몽평 ㅋㅋㅋㅋㅋ,,33,33.0,치매는 몽평 ㅋㅋㅋㅋㅋ ,치매는 몽평 ㅋㅋㅋㅋㅋ,0.3918786644935608,0.23809219896793365,0.1545235961675644,0.10146980732679367,0.05817926302552223,0.05585649609565735
2024-09-22 21:55:40,몽골 치매 ㄷㄷ,- dc official App,33,33.0,몽골 치매 ㄷㄷ - dc official App,몽골 치매 ㄷㄷ - dc official App,0.1445019245147705,0.1947799026966095,0.34221136569976807,0.1324695646762848,0.0711970403790474,0.11484016478061676
2024-09-22 21:55:40,몽골 공개 처형 시키노 피아 ㅋㅋㅋㅋㅋㅋㅋㅋㅋ,,33,33.0,몽골 공개 처형 시키노 피아 ㅋㅋㅋㅋㅋㅋㅋㅋㅋ ,몽골 공개 처형 시키노 피아 ㅋㅋㅋㅋㅋㅋㅋㅋㅋ,0.15355919301509857,0.21706140041351318,0.25306472182273865,0.1893792748451233,0.07610313594341278,0.11083229631185532
2024-09-22 21:55:42,1등 못하니 치매왔노,ㅅㅂㅋㅋ,33,33.0,1등 못하니 치매왔노 ㅅㅂㅋㅋ,1등 못하니 치매왔노 ㅅㅂㅋㅋ,0.0987289771437645,0.17778280377388,0.163010373711586,0.3204064667224884,0.16239695250988007,0.07767446339130402
2024-09-22 21:55:41,우리 몽골이 돌아왔놐ㅋㅋㅋㅋㅋㅋ 라디오보소,,33,33.0,우리 몽골이 돌아왔놐ㅋㅋㅋㅋㅋㅋ 라디오보소 ,우리 몽골이 돌아왔놐ㅋㅋㅋㅋㅋㅋ 라디오보소,0.6131258010864258,0.14727313816547394,0.11392884701490402,0.057743143290281296,0.030286822468042374,0.037642303854227066
2024-09-22 21:55:43,제발 제발,- dc official App,33,33.0,제발 제발 - dc official App,제발 제발 - dc official App,0.4720802307128906,0.1964404582977295,0.12128076702356339,0.08424487709999084,0.07870716601610184,0.0472465418279171
2024-09-22 21:55:44,몽골팀라디오만 상시로 틀어놔도 두배는재밋겟다,"ㄹㅇ
- dc official App",33,33.0,"몽골팀라디오만 상시로 틀어놔도 두배는재밋겟다 ㄹㅇ
- dc official App",몽골팀라디오만 상시로 틀어놔도 두배는재밋겟다 ㄹㅇ,0.18177716434001923,0.26310479640960693,0.1778029352426529,0.19245067238807678,0.11726541072130203,0.06759908050298691
2024-09-22 21:55:44,스몰 이슈면 안말해도되는거 아니냐,티배깅인가,33,33.0,스몰 이슈면 안말해도되는거 아니냐 티배깅인가,스몰 이슈면 안말해도되는거 아니냐 티배깅인가,0.09550832957029343,0.31901705265045166,0.20157529413700104,0.17871330678462982,0.14731460809707642,0.05787138268351555
2024-09-22 21:55:45,사인즈 언제 8위됐노,"ㅋㅎㅋㅎㅋㅎㅎㅋㅋㅎㅋㅋ
- dc official App",33,33.0,"사인즈 언제 8위됐노 ㅋㅎㅋㅎㅋㅎㅎㅋㅋㅎㅋㅋ
- dc official App",사인즈 언제 8위됐노 ㅋㅎㅋㅎㅋㅎㅎㅋㅋㅎㅋㅋ,0.6196886301040649,0.15397022664546967,0.08407839387655258,0.07776080816984177,0.03981521353125572,0.024686738848686218
2024-09-22 21:55:42,노리스뭐야시발,,33,33.0,노리스뭐야시발 ,노리스뭐야시발,0.13529767096042633,0.2386976033449173,0.12696011364459991,0.27680402994155884,0.1794859915971756,0.04275457188487053
2024-09-22 21:55:48,노리스 프론트윙 사소한 찐빠,"근데 신경쓸건 아님
- dc official App",33,33.0,"노리스 프론트윙 사소한 찐빠 근데 신경쓸건 아님
- dc official App",노리스 프론트윙 사소한 찐빠 근데 신경쓸건 아님,0.2666557729244232,0.28576943278312683,0.19547660648822784,0.10944895446300507,0.08933336287736893,0.0533159039914608
2024-09-22 21:55:49,사고좀나라 아오,ㅈ노잼,33,33.0,사고좀나라 아오 ㅈ노잼,사고좀나라 아오 ㅈ노잼,0.13624167442321777,0.2600654661655426,0.12453310191631317,0.2724844217300415,0.15425355732440948,0.052421748638153076
2024-09-22 21:55:49,헛소리는 몽평 ㅋㅋㅋㅋㅋㅋ,ㅋㅋㅋㅋㅋㅋㅋㅋㅇㅋ,33,33.0,헛소리는 몽평 ㅋㅋㅋㅋㅋㅋ ㅋㅋㅋㅋㅋㅋㅋㅋㅇㅋ,헛소리는 몽평 ㅋㅋㅋㅋㅋㅋ ㅋㅋㅋㅋㅋㅋㅋㅋㅇㅋ,0.6335610747337341,0.14669890701770782,0.08162501454353333,0.07428843528032303,0.037263162434101105,0.026563288643956184
2024-09-22 21:55:50,그냥 화내고 싶은데 딱히 핑계가 생각안난게 아닐까,그저 화가 난거지,33,33.0,그냥 화내고 싶은데 딱히 핑계가 생각안난게 아닐까 그저 화가 난거지,그냥 화내고 싶은데 딱히 핑계가 생각안난게 아닐까 그저 화가 난거지,0.07636583596467972,0.2757343649864197,0.1734006255865097,0.17691931128501892,0.2139403074979782,0.08363956958055496
2024-09-22 21:55:52,아니 9그리드였는데 언더컷이겠냐고,ㅋㅋㅋㅋㅋㅋㅋㅋㅋㅋㅋㅋ,33,33.0,아니 9그리드였는데 언더컷이겠냐고 ㅋㅋㅋㅋㅋㅋㅋㅋㅋㅋㅋㅋ,아니 9그리드였는데 언더컷이겠냐고 ㅋㅋㅋㅋㅋㅋㅋㅋㅋㅋㅋㅋ,0.13696035742759705,0.25896990299224854,0.2751026451587677,0.16675159335136414,0.07851822674274445,0.08369724452495575
2024-09-22 21:55:52,제발 노리스 멸망 ㅌㅋㅋ,ㅋㅋ,33,33.0,제발 노리스 멸망 ㅌㅋㅋ ㅋㅋ,제발 노리스 멸망 ㅌㅋㅋ ㅋㅋ,0.3949562609195709,0.18842272460460663,0.14951014518737793,0.13491444289684296,0.07774308323860168,0.05445336550474167
2024-09-22 21:55:51,몽골새끼 앞에 차 있으니까 정신 못차리노 ㅋㅋㅋ,앞에 있는차가 뭔지도 모르고 짜증부터 내노 ㅋㅋㅋ,33,33.0,몽골새끼 앞에 차 있으니까 정신 못차리노 ㅋㅋㅋ 앞에 있는차가 뭔지도 모르고 짜증부터 내노 ㅋㅋㅋ,몽골새끼 앞에 차 있으니까 정신 못차리노 ㅋㅋㅋ 앞에 있는차가 뭔지도 모르고 짜증부터 내노 ㅋㅋㅋ,0.11146025359630585,0.20055842399597168,0.20133967697620392,0.2792623043060303,0.1214476004242897,0.08593175560235977
2024-09-22 21:55:52,차빨새끼가 인성까지 더러우니 최악이다 진짜 ㅋㅋㅋㅋㅋㅋㅋㅋㅋ,ㅋㅋㅋㅋㅋㅋㅋㅋㅋㅋㅋㅋㅋㅋ,33,33.0,차빨새끼가 인성까지 더러우니 최악이다 진짜 ㅋㅋㅋㅋㅋㅋㅋㅋㅋ ㅋㅋㅋㅋㅋㅋㅋㅋㅋㅋㅋㅋㅋㅋ,차빨새끼가 인성까지 더러우니 최악이다 진짜 ㅋㅋㅋㅋㅋㅋㅋㅋㅋ ㅋㅋㅋㅋㅋㅋㅋㅋㅋㅋㅋㅋㅋㅋ,0.12254197150468826,0.1627751588821411,0.1644124686717987,0.3157455623149872,0.1630103439092636,0.0715145394206047
2024-09-22 21:55:53,자 이제 누가 왓어몽골이지?,,33,33.0,자 이제 누가 왓어몽골이지? ,자 이제 누가 왓어몽골이지?,0.41069066524505615,0.21825140714645386,0.19833555817604065,0.06589652597904205,0.039937302470207214,0.0668884739279747
2024-09-22 21:55:56,막갈통 ㅋㅋ 피해몽상 ㅋㅋ,고생이 많다 막스야,33,33.0,막갈통 ㅋㅋ 피해몽상 ㅋㅋ 고생이 많다 막스야,막갈통 ㅋㅋ 피해몽상 ㅋㅋ 고생이 많다 막스야,0.09003133326768875,0.2597392499446869,0.18920011818408966,0.22397299110889435,0.13425901532173157,0.10279721766710281
2024-09-22 21:56:00,몽골 인지부조화 ㅋㅋㅋㅋ,르끌레 노스탑이다 이새끼야,33,33.0,몽골 인지부조화 ㅋㅋㅋㅋ 르끌레 노스탑이다 이새끼야,몽골 인지부조화 ㅋㅋㅋㅋ 르끌레 노스탑이다 이새끼야,0.11332258582115173,0.1940292865037918,0.2383950650691986,0.26219359040260315,0.10487407445907593,0.08718542009592056
2024-09-22 21:56:05,7노다 뭐고 ㄷㄷ,"가즈아ㅏ
- dc official App",33,33.0,"7노다 뭐고 ㄷㄷ 가즈아ㅏ
- dc official App",7노다 뭐고 ㄷㄷ 가즈아ㅏ,0.37536224722862244,0.1888730823993683,0.24376963078975677,0.07328931242227554,0.034742556512355804,0.08396323025226593
2024-09-22 21:56:14,미듐에서 소프트로 바꾸고 레이스 마무리 어려우려나ㅋㅋㅋ,소프트로 한 15랩 못 버팀?,33,33.0,미듐에서 소프트로 바꾸고 레이스 마무리 어려우려나ㅋㅋㅋ 소프트로 한 15랩 못 버팀?,미듐에서 소프트로 바꾸고 레이스 마무리 어려우려나ㅋㅋㅋ 소프트로 한 15랩 못 버팀?,0.11043054610490799,0.24961495399475098,0.33516445755958557,0.11289244890213013,0.0869961827993393,0.10490144789218903
2024-09-22 21:56:15,누리스 프론트윙 한쪽 한바퀴 덜조임? ㅋㅋㅋ,ㅋㅋㅋㅋㅋ,33,33.0,누리스 프론트윙 한쪽 한바퀴 덜조임? ㅋㅋㅋ ㅋㅋㅋㅋㅋ,누리스 프론트윙 한쪽 한바퀴 덜조임? ㅋㅋㅋ ㅋㅋㅋㅋㅋ,0.4726562201976776,0.19566188752651215,0.1640649288892746,0.08042940497398376,0.04498397558927536,0.0422036275267601
2024-09-22 21:56:24,실시간으로 그랑프리 데이터 보는 사이트 있음?,피트스탑 유무 같은거,33,33.0,실시간으로 그랑프리 데이터 보는 사이트 있음? 피트스탑 유무 같은거,실시간으로 그랑프리 데이터 보는 사이트 있음? 피트스탑 유무 같은거,0.17361214756965637,0.21211564540863037,0.35087695717811584,0.10884244740009308,0.060392286628484726,0.09416048973798752
2024-09-22 21:56:25,맥라렌은 작동하잖아 ㅆㅂ,,33,33.0,맥라렌은 작동하잖아 ㅆㅂ ,맥라렌은 작동하잖아 ㅆㅂ,0.13438326120376587,0.22709199786186218,0.1081811934709549,0.2974064350128174,0.19364632666110992,0.03929080441594124
2024-09-22 21:56:25,박았네 ㅋㅋㅋ,,33,33.0,박았네 ㅋㅋㅋ ,박았네 ㅋㅋㅋ,0.3183327913284302,0.25112876296043396,0.1762874722480774,0.1260010004043579,0.05965160205960274,0.06859831511974335
2024-09-22 21:56:26,지금이다 지금이야.. 세이프키카..!!,,33,33.0,지금이다 지금이야.. 세이프키카..!! ,지금이다 지금이야.. 세이프키카..!!,0.6846041679382324,0.1154824048280716,0.062336258590221405,0.06224575638771057,0.04691316932439804,0.028418216854333878
2024-09-22 21:56:30,저새끼 혼자 뭐하노 십ㅋㅋ,,33,33.0,저새끼 혼자 뭐하노 십ㅋㅋ ,저새끼 혼자 뭐하노 십ㅋㅋ,0.12746848165988922,0.2280709594488144,0.19543486833572388,0.253104567527771,0.10592164844274521,0.08999944478273392
2024-09-22 21:56:31,아 휠락이었노,,33,33.0,아 휠락이었노 ,아 휠락이었노,0.12157505005598068,0.3566288948059082,0.2017638385295868,0.11662470549345016,0.11709222942590714,0.08631525188684464
2024-09-22 21:56:31,ㅋㅋㅋㅋㅋㅋㅋㅋㅋ,,33,33.0,ㅋㅋㅋㅋㅋㅋㅋㅋㅋ ,ㅋㅋㅋㅋㅋㅋㅋㅋㅋ,0.6377516388893127,0.1409260779619217,0.08970976620912552,0.07074389606714249,0.03509655222296715,0.025772102177143097
2024-09-22 21:56:33,막스: 뭐야시발 그럼 핏스탑도 안했는데 아직도 여기라고?,라는뜻이지 이거?,33,33.0,막스: 뭐야시발 그럼 핏스탑도 안했는데 아직도 여기라고? 라는뜻이지 이거?,막스: 뭐야시발 그럼 핏스탑도 안했는데 아직도 여기라고? 라는뜻이지 이거?,0.09054836630821228,0.25244659185409546,0.21391527354717255,0.20247818529605865,0.15931352972984314,0.08129803091287613
2024-09-22 21:56:33,시발 무리스ㅋㅋㅋㅋ,,33,33.0,시발 무리스ㅋㅋㅋㅋ ,시발 무리스ㅋㅋㅋㅋ,0.10936946421861649,0.3034149706363678,0.12758895754814148,0.21990671753883362,0.17152158915996552,0.06819827109575272
2024-09-22 21:56:34,무리스ㅋㅋㅋㅋㅋ,- dc official App,33,33.0,무리스ㅋㅋㅋㅋㅋ - dc official App,무리스ㅋㅋㅋㅋㅋ - dc official App,0.49750080704689026,0.188111811876297,0.13229593634605408,0.0987883061170578,0.048066288232803345,0.035236749798059464
2024-09-22 21:56:34,ㅋㅋㅋㅋㅋㅋㅋㅋ,- dc official App,33,33.0,ㅋㅋㅋㅋㅋㅋㅋㅋ - dc official App,ㅋㅋㅋㅋㅋㅋㅋㅋ - dc official App,0.6599543690681458,0.12229863554239273,0.09551640599966049,0.0664861798286438,0.03273821622133255,0.023006116971373558
2024-09-22 21:56:35,노리스 ㅋㅋㅋㅋㅋㅋ,,33,33.0,노리스 ㅋㅋㅋㅋㅋㅋ ,노리스 ㅋㅋㅋㅋㅋㅋ,0.685551643371582,0.11938869953155518,0.077790267765522,0.06147085502743721,0.03195984661579132,0.023838702589273453
2024-09-22 21:56:39,4초 까먹더라 어쩐지,저거였구만,33,33.0,4초 까먹더라 어쩐지 저거였구만,4초 까먹더라 어쩐지 저거였구만,0.10427895933389664,0.27956870198249817,0.28386181592941284,0.13428962230682373,0.08361001312732697,0.11439090222120285
2024-09-22 21:56:40,무관행동?,ㅋㅋㅋㅋㅋ,33,33.0,무관행동? ㅋㅋㅋㅋㅋ,무관행동? ㅋㅋㅋㅋㅋ,0.10930348932743073,0.22092783451080322,0.2688479721546173,0.20210950076580048,0.11622121930122375,0.0825899988412857
2024-09-22 21:56:42,아 세카 존나아깝노,ㅅㅂ,33,33.0,아 세카 존나아깝노 ㅅㅂ,아 세카 존나아깝노 ㅅㅂ,0.14246833324432373,0.22007983922958374,0.09691882133483887,0.29908421635627747,0.2021530419588089,0.0392957478761673
2024-09-22 21:56:43,아 좀만 더세게 박았어야 ㅋ,"ㅇ
- dc official App",33,33.0,"아 좀만 더세게 박았어야 ㅋ ㅇ
- dc official App",아 좀만 더세게 박았어야 ㅋ ㅇ,0.222903773188591,0.3246922194957733,0.11338882893323898,0.15589579939842224,0.12288997322320938,0.060229502618312836
2024-09-22 21:56:43,?,"?
- ORACLE RED BULL RACING RB20",33,33.0,"? ?
- ORACLE RED BULL RACING RB20",? ? - ORACLE RED BULL RACING RB20,0.3528538644313812,0.2089456170797348,0.2358798086643219,0.10582870244979858,0.0519532673060894,0.04453879967331886
2024-09-22 21:56:44,ㄲㅂ,ㅋㅋ,33,33.0,ㄲㅂ ㅋㅋ,ㄲㅂ ㅋㅋ,0.6039941906929016,0.15958285331726074,0.07150179147720337,0.08340175449848175,0.05536175146698952,0.026157673448324203
2024-09-22 21:56:45,크루징도 제대로 못하노,,33,33.0,크루징도 제대로 못하노 ,크루징도 제대로 못하노,0.08507919311523438,0.2681998014450073,0.25490206480026245,0.16710716485977173,0.17890091240406036,0.04581080749630928
2024-09-22 21:56:45,언더컷(본인) ㅋㅋㅋ,ㅋㅋㅋㅋㅋㅋㅋㅋㅋㅋㅋㅋㅋㅋㅋㅋ,33,33.0,언더컷(본인) ㅋㅋㅋ ㅋㅋㅋㅋㅋㅋㅋㅋㅋㅋㅋㅋㅋㅋㅋㅋ,언더컷(본인) ㅋㅋㅋ ㅋㅋㅋㅋㅋㅋㅋㅋㅋㅋㅋㅋㅋㅋㅋㅋ,0.6504341959953308,0.1343085616827011,0.08772028982639313,0.06693179160356522,0.033072445541620255,0.02753276377916336
2024-09-22 21:56:46,저지랄하고도 20초갭ㅋㅋㅋㅋㅋㅋㅋ,"ㅋㅋㅋㅋ
- dc official App",33,33.0,"저지랄하고도 20초갭ㅋㅋㅋㅋㅋㅋㅋ ㅋㅋㅋㅋ
- dc official App",저지랄하고도 20초갭ㅋㅋㅋㅋㅋㅋㅋ ㅋㅋㅋㅋ,0.13993732631206512,0.259337455034256,0.23452715575695038,0.18255452811717987,0.08448421210050583,0.09915928542613983
2024-09-22 21:56:46,하드가 진짜 개병신이네,,33,33.0,하드가 진짜 개병신이네 ,하드가 진짜 개병신이네,0.08170657604932785,0.22905752062797546,0.2242022603750229,0.22053180634975433,0.1880062222480774,0.05649565905332565
2024-09-22 21:56:46,또 무관짓하네 에혀,,33,33.0,또 무관짓하네 에혀 ,또 무관짓하네 에혀,0.07456425577402115,0.24760492146015167,0.15263135731220245,0.21833039820194244,0.2571921944618225,0.04967686906456947
2024-09-22 21:56:47,슬슬 세카 냄새 난다 ㅋㅋㅋㅋㅋㅋㅋㅋㅋㅋㅋㅋ,ㅋㅋㅋㅋㅋㅋㅋㅋ,33,33.0,슬슬 세카 냄새 난다 ㅋㅋㅋㅋㅋㅋㅋㅋㅋㅋㅋㅋ ㅋㅋㅋㅋㅋㅋㅋㅋ,슬슬 세카 냄새 난다 ㅋㅋㅋㅋㅋㅋㅋㅋㅋㅋㅋㅋ ㅋㅋㅋㅋㅋㅋㅋㅋ,0.5162350535392761,0.18766316771507263,0.13183562457561493,0.08476613461971283,0.03581696003675461,0.043683022260665894
2024-09-22 21:56:47,노짱아 꿀잼각이다,,33,33.0,노짱아 꿀잼각이다 ,노짱아 꿀잼각이다,0.6969264149665833,0.11336631327867508,0.06460999697446823,0.05659055709838867,0.04113171994686127,0.02737501636147499
2024-09-22 21:56:47,아 아깝누 벽에 박아뿌지,,33,33.0,아 아깝누 벽에 박아뿌지 ,아 아깝누 벽에 박아뿌지,0.145721435546875,0.3035924434661865,0.16737355291843414,0.15320712327957153,0.16945800185203552,0.06064742058515549
2024-09-22 21:56:47,무관행동ㅋㅋㅋㅋ,ㅋㅋㅋㅋ,33,33.0,무관행동ㅋㅋㅋㅋ ㅋㅋㅋㅋ,무관행동ㅋㅋㅋㅋ ㅋㅋㅋㅋ,0.36330026388168335,0.23018351197242737,0.18350012600421906,0.12327712029218674,0.05118340253829956,0.04855553060770035
2024-09-22 21:56:48,우승하기 싫노 ㅋㅋㅋㅋㅋ,ㅋㅋㅋㅋㅋ,33,33.0,우승하기 싫노 ㅋㅋㅋㅋㅋ ㅋㅋㅋㅋㅋ,우승하기 싫노 ㅋㅋㅋㅋㅋ ㅋㅋㅋㅋㅋ,0.15167243778705597,0.296076238155365,0.11668220162391663,0.20669050514698029,0.16438178718090057,0.06449684500694275
2024-09-22 21:56:48,리타할뻔ㅋㅋㅋㅋㅋㅋㅋㅋㅋ,,33,33.0,리타할뻔ㅋㅋㅋㅋㅋㅋㅋㅋㅋ ,리타할뻔ㅋㅋㅋㅋㅋㅋㅋㅋㅋ,0.3780685365200043,0.24699078500270844,0.14064903557300568,0.11290633678436279,0.06528464704751968,0.05610068142414093
2024-09-22 21:56:49,하드 좆망ㅋㅋㅋ,아오,33,33.0,하드 좆망ㅋㅋㅋ 아오,하드 좆망ㅋㅋㅋ 아오,0.10555941611528397,0.26730379462242126,0.12423837929964066,0.2282775640487671,0.23043738305568695,0.04418346285820007
2024-09-22 21:56:49,무관기운이 스멀스멀,,33,33.0,무관기운이 스멀스멀 ,무관기운이 스멀스멀,0.3454051613807678,0.2510477602481842,0.18744874000549316,0.09258195012807846,0.05774949491024017,0.06576689332723618
2024-09-22 21:56:50,프론트윙이 휘었네 조금,ㅋㅋ,33,33.0,프론트윙이 휘었네 조금 ㅋㅋ,프론트윙이 휘었네 조금 ㅋㅋ,0.1407819390296936,0.3348078429698944,0.25648462772369385,0.11611223220825195,0.0891384705901146,0.062674880027771
2024-09-22 21:56:50,좀만 빨리 박지,"셒카 가능인데
- dc official App",33,33.0,"좀만 빨리 박지 셒카 가능인데
- dc official App",좀만 빨리 박지 셒카 가능인데,0.16229572892189026,0.26839908957481384,0.29862523078918457,0.10377941280603409,0.0876367837190628,0.07926372438669205
2024-09-22 21:56:51,와 시발 좆될뻔했노 ㅋㅋㅋㅋ,,33,33.0,와 시발 좆될뻔했노 ㅋㅋㅋㅋ ,와 시발 좆될뻔했노 ㅋㅋㅋㅋ,0.12555092573165894,0.24746671319007874,0.1932140588760376,0.19128969311714172,0.13403844833374023,0.10844015330076218
2024-09-22 21:56:51,저래서 41초 페이스 나왔구나,,33,33.0,저래서 41초 페이스 나왔구나 ,저래서 41초 페이스 나왔구나,0.2573668360710144,0.23755286633968353,0.2739260494709015,0.08386094123125076,0.04872404411435127,0.09856928884983063
2024-09-22 21:56:50,개병신새끼ㅋㅋ,프리스탑 할 수 있는 차 타고도 좆같이 타네ㅋㅋ,33,33.0,개병신새끼ㅋㅋ 프리스탑 할 수 있는 차 타고도 좆같이 타네ㅋㅋ,개병신새끼ㅋㅋ 프리스탑 할 수 있는 차 타고도 좆같이 타네ㅋㅋ,0.10079892724752426,0.18232429027557373,0.1976163387298584,0.30191469192504883,0.1477101892232895,0.06963557749986649
2024-09-22 21:56:52,아 시발 그냥 꼬라 박았어야 꿀잼인데 ㅋㅋㅋㅋ,,33,33.0,아 시발 그냥 꼬라 박았어야 꿀잼인데 ㅋㅋㅋㅋ ,아 시발 그냥 꼬라 박았어야 꿀잼인데 ㅋㅋㅋㅋ,0.20559722185134888,0.23423071205615997,0.10308641940355301,0.26275497674942017,0.1376367062330246,0.05669400468468666
2024-09-22 21:56:56,까비ㅋㅋㅋ,,33,33.0,까비ㅋㅋㅋ ,까비ㅋㅋㅋ,0.38237646222114563,0.2736400067806244,0.1129169687628746,0.10540985316038132,0.08266168087720871,0.04299508407711983
2024-09-22 21:57:00,개아깝다 진짜 ㅋㅋㅋㅋ,- dc official App,33,33.0,개아깝다 진짜 ㅋㅋㅋㅋ - dc official App,개아깝다 진짜 ㅋㅋㅋㅋ - dc official App,0.5208117961883545,0.19409888982772827,0.0890541672706604,0.08641958236694336,0.06652723252773285,0.043088335543870926
2024-09-22 21:57:02,츠노다 유기당했네,,33,33.0,츠노다 유기당했네 ,츠노다 유기당했네,0.10930198431015015,0.2008684277534485,0.22168013453483582,0.19064372777938843,0.19452577829360962,0.08297997713088989
2024-09-22 21:57:03,아쉽다 노리스 리타각이었는데,ㅇ,34,34.0,아쉽다 노리스 리타각이었는데 ㅇ,아쉽다 노리스 리타각이었는데 ㅇ,0.2418908029794693,0.3041100800037384,0.12705105543136597,0.1227126270532608,0.16084939241409302,0.04338609054684639
2024-09-22 21:57:03,헐크 조사 ㅋㅋㅋ,"트랙이탈은 뭐꼬 ㅋㅋ
- dc official App",34,34.0,"헐크 조사 ㅋㅋㅋ 트랙이탈은 뭐꼬 ㅋㅋ
- dc official App",헐크 조사 ㅋㅋㅋ 트랙이탈은 뭐꼬 ㅋㅋ,0.17891475558280945,0.2641090154647827,0.2863330841064453,0.12352180480957031,0.05997776240110397,0.08714357018470764
2024-09-22 21:57:05,응원해줘 ㅋㅋㅋㅋㅋ,,34,34.0,응원해줘 ㅋㅋㅋㅋㅋ ,응원해줘 ㅋㅋㅋㅋㅋ,0.6206299066543579,0.13697153329849243,0.09119436144828796,0.06462468951940536,0.045988213270902634,0.040591269731521606
2024-09-22 21:57:08,아 리타각이었는데 까비,에잉,34,34.0,아 리타각이었는데 까비 에잉,아 리타각이었는데 까비 에잉,0.13249947130680084,0.3544806241989136,0.12919016182422638,0.1486021876335144,0.18280541896820068,0.05242219567298889
2024-09-22 21:57:08,안쪽으로 말려들어갔네,"왼쪽 엔드플레이트
- dc official App",34,34.0,"안쪽으로 말려들어갔네 왼쪽 엔드플레이트
- dc official App",안쪽으로 말려들어갔네 왼쪽 엔드플레이트,0.12193034589290619,0.24109341204166412,0.3486877381801605,0.12424279749393463,0.08541856706142426,0.07862716168165207
2024-09-22 21:57:08,"""응원해조!!"" ㅋㅋㅋㅋㅋㅋ",,34,34.0,"""응원해조!!"" ㅋㅋㅋㅋㅋㅋ ","""응원해조!!"" ㅋㅋㅋㅋㅋㅋ",0.6432046294212341,0.13098953664302826,0.08363500237464905,0.0623166523873806,0.04280338063836098,0.03705082833766937
2024-09-22 21:57:10,엪갤 P1 P1,,34,34.0,엪갤 P1 P1 ,엪갤 P1 P1,0.5033041834831238,0.17771220207214355,0.1414138376712799,0.09448828548192978,0.05372193083167076,0.029359571635723114
2024-09-22 21:57:13,응원 해줘잉 ㅋㅋㅋㅋㅋㅋㅋ,ㅋㅋㅋㅋㅋㅋ,34,34.0,응원 해줘잉 ㅋㅋㅋㅋㅋㅋㅋ ㅋㅋㅋㅋㅋㅋ,응원 해줘잉 ㅋㅋㅋㅋㅋㅋㅋ ㅋㅋㅋㅋㅋㅋ,0.6551425457000732,0.12850460410118103,0.0772772952914238,0.06155098229646683,0.04300456866621971,0.03452003747224808
2024-09-22 21:57:15,쥬지 응원이 필요하다,ㅇ,34,34.0,쥬지 응원이 필요하다 ㅇ,쥬지 응원이 필요하다 ㅇ,0.4760325253009796,0.18132610619068146,0.14674146473407745,0.0687328651547432,0.06513389945030212,0.06203323230147362
2024-09-22 21:57:15,칭찬해줘ㅋㅋㅋㅋ,ㅋㅋㅋㅋ,34,34.0,칭찬해줘ㅋㅋㅋㅋ ㅋㅋㅋㅋ,칭찬해줘ㅋㅋㅋㅋ ㅋㅋㅋㅋ,0.694070041179657,0.11849420517683029,0.06540054827928543,0.05598088353872299,0.03966935724020004,0.026385072618722916
2024-09-22 21:57:16,응원앙망 입갤 ㅋㅋㅋㅋ,,34,34.0,응원앙망 입갤 ㅋㅋㅋㅋ ,응원앙망 입갤 ㅋㅋㅋㅋ,0.6290929317474365,0.13326294720172882,0.09429376572370529,0.06357389688491821,0.04196959733963013,0.03780689090490341
2024-09-22 21:57:18,1등 독주하다 리타 당했어야 존나재밋어지는데 하,"ㅇ
- dc official App",34,34.0,"1등 독주하다 리타 당했어야 존나재밋어지는데 하 ㅇ
- dc official App",1등 독주하다 리타 당했어야 존나재밋어지는데 하 ㅇ,0.21537703275680542,0.270416796207428,0.12418616563081741,0.19981877505779266,0.1251625120639801,0.06503880769014359
2024-09-22 21:57:22,쥬지어린이 ㄷㄷ,,34,34.0,쥬지어린이 ㄷㄷ ,쥬지어린이 ㄷㄷ,0.27157893776893616,0.22029726207256317,0.28170281648635864,0.09140215814113617,0.04140979424118996,0.0936090275645256
2024-09-22 21:57:22,응원이 필요할 나이의 쥬지,- dc official App,34,34.0,응원이 필요할 나이의 쥬지 - dc official App,응원이 필요할 나이의 쥬지 - dc official App,0.2982231080532074,0.23486261069774628,0.22952455282211304,0.08212947100400925,0.08132152259349823,0.07393869757652283
2024-09-22 21:57:23,ㄲㅂ,"ㄲㅂ
- ORACLE RED BULL RACING RB20",34,34.0,"ㄲㅂ ㄲㅂ
- ORACLE RED BULL RACING RB20",ㄲㅂ ㄲㅂ - ORACLE RED BULL RACING RB20,0.6231839656829834,0.1442500799894333,0.08940267562866211,0.07639964669942856,0.04371511936187744,0.023048585280776024
2024-09-22 21:57:24,그래서 르끌 핏트 언제가냐,"까먹음?
- dc official App",34,34.0,"그래서 르끌 핏트 언제가냐 까먹음?
- dc official App",그래서 르끌 핏트 언제가냐 까먹음?,0.14490574598312378,0.28635165095329285,0.2887129485607147,0.10853728652000427,0.08885589987039566,0.08263649046421051
2024-09-22 21:57:26,응원 구걸ㅋㅋㅋㅋㅋㅋㅋ,쥬지 힘내ㅜㅜㅋㅋㅋㅋ,34,34.0,응원 구걸ㅋㅋㅋㅋㅋㅋㅋ 쥬지 힘내ㅜㅜㅋㅋㅋㅋ,응원 구걸ㅋㅋㅋㅋㅋㅋㅋ 쥬지 힘내ㅜㅜㅋㅋㅋㅋ,0.49548614025115967,0.17844991385936737,0.12393785268068314,0.07999904453754425,0.06481534242630005,0.057311780750751495
2024-09-22 21:57:28,응애 나 애기 러샐,응원해조,34,34.0,응애 나 애기 러샐 응원해조,응애 나 애기 러샐 응원해조,0.6172242760658264,0.13714911043643951,0.09373641014099121,0.06446904689073563,0.046409882605075836,0.04101133719086647
2024-09-22 21:57:30,르끌 이 새끼 미디엄-소프트 가나?,ㅋㅋ,34,34.0,르끌 이 새끼 미디엄-소프트 가나? ㅋㅋ,르끌 이 새끼 미디엄-소프트 가나? ㅋㅋ,0.13999180495738983,0.2306995391845703,0.2822522819042206,0.16599328815937042,0.07180601358413696,0.10925707221031189
2024-09-22 21:57:35,응애 씨벌ㅋㅋㅋㅋ,ㅋㅋ,34,34.0,응애 씨벌ㅋㅋㅋㅋ ㅋㅋ,응애 씨벌ㅋㅋㅋㅋ ㅋㅋ,0.5554930567741394,0.16167481243610382,0.08606350421905518,0.10921867936849594,0.05469619482755661,0.03285376355051994
2024-09-22 21:57:35,응원해줘 ㅋㅋㅋㅋ,,34,34.0,응원해줘 ㅋㅋㅋㅋ ,응원해줘 ㅋㅋㅋㅋ,0.5966171622276306,0.1480930596590042,0.09986437857151031,0.06555763632059097,0.04659387469291687,0.043273862451314926
2024-09-22 21:57:38,애정결핍,쥬지 심심하노 ㅋㅋ,34,34.0,애정결핍 쥬지 심심하노 ㅋㅋ,애정결핍 쥬지 심심하노 ㅋㅋ,0.3084111213684082,0.2642870545387268,0.10423336178064346,0.16496261954307556,0.10606508702039719,0.05204077064990997
2024-09-22 21:57:37,치야호야해줘ㅋㅋㅋㄱ,- dc official App,34,34.0,치야호야해줘ㅋㅋㅋㄱ - dc official App,치야호야해줘ㅋㅋㅋㄱ - dc official App,0.7060244083404541,0.10886403173208237,0.06637997180223465,0.05550893023610115,0.037401311099529266,0.025821248069405556
2024-09-22 21:57:43,노잼이니까 라디오 많이 들여주네 ㅋㅋ,ㅋㅋㅋㅋ,34,34.0,노잼이니까 라디오 많이 들여주네 ㅋㅋ ㅋㅋㅋㅋ,노잼이니까 라디오 많이 들여주네 ㅋㅋ ㅋㅋㅋㅋ,0.35439807176589966,0.24703139066696167,0.11052244156599045,0.14083239436149597,0.08956710994243622,0.05764855444431305
2024-09-22 21:57:43,페라리 시발 셒카 기우제 지내네,하,34,34.0,페라리 시발 셒카 기우제 지내네 하,페라리 시발 셒카 기우제 지내네 하,0.12874865531921387,0.18581810593605042,0.10698447376489639,0.31641536951065063,0.218415766954422,0.04361766204237938
2024-09-22 21:57:45,소추모드 커엽노ㅋㅋㅋㅋ,,34,34.0,소추모드 커엽노ㅋㅋㅋㅋ ,소추모드 커엽노ㅋㅋㅋㅋ,0.5633077025413513,0.16213960945606232,0.12378288805484772,0.07020273804664612,0.040336210280656815,0.04023084044456482
2024-09-22 21:57:46,"조지 ""힘좀 내게 뭐라도 말해봐""",ㅋㅋㅋㅋㅋㅋ,34,34.0,"조지 ""힘좀 내게 뭐라도 말해봐"" ㅋㅋㅋㅋㅋㅋ","조지 ""힘좀 내게 뭐라도 말해봐"" ㅋㅋㅋㅋㅋㅋ",0.4505946636199951,0.2207004278898239,0.11816179007291794,0.09382076561450958,0.06640782207250595,0.050314489752054214
2024-09-22 21:57:46,쥬지:칭찬해조,ㅋㅋㅋㅋㅋㅋㅋ,34,34.0,쥬지:칭찬해조 ㅋㅋㅋㅋㅋㅋㅋ,쥬지:칭찬해조 ㅋㅋㅋㅋㅋㅋㅋ,0.6801154613494873,0.11873479187488556,0.07378435879945755,0.05784643068909645,0.04009615257382393,0.02942277304828167
2024-09-22 21:57:47,포디움은 확정같네,- dc official App,34,34.0,포디움은 확정같네 - dc official App,포디움은 확정같네 - dc official App,0.5757485628128052,0.1558295637369156,0.12303994596004486,0.06657734513282776,0.042964618653059006,0.03583995997905731
2024-09-22 21:57:48,노잼귀신 성불할뻔 ㅜㅜ,ㅜㅜ,34,34.0,노잼귀신 성불할뻔 ㅜㅜ ㅜㅜ,노잼귀신 성불할뻔 ㅜㅜ ㅜㅜ,0.12194903194904327,0.2996850311756134,0.11073297262191772,0.20138977468013763,0.2050878405570984,0.06115538999438286
2024-09-22 21:57:51,노리스 리타이어 vs 35렙 셒카,,34,34.0,노리스 리타이어 vs 35렙 셒카 ,노리스 리타이어 vs 35렙 셒카,0.284438818693161,0.214985653758049,0.2828206717967987,0.10430549085140228,0.058939140290021896,0.05451023578643799
2024-09-22 21:57:51,러셀은 싱가폴에서 3-4등 하고 있어야 됨,그래야 욕심 냄,34,34.0,러셀은 싱가폴에서 3-4등 하고 있어야 됨 그래야 욕심 냄,러셀은 싱가폴에서 3-4등 하고 있어야 됨 그래야 욕심 냄,0.154839888215065,0.27107399702072144,0.2794675827026367,0.1086401715874672,0.09577371925115585,0.0902046263217926
2024-09-22 21:57:51,셒카에 소프트 가자 르끌아,- dc official App,34,34.0,셒카에 소프트 가자 르끌아 - dc official App,셒카에 소프트 가자 르끌아 - dc official App,0.5705891847610474,0.15053559839725494,0.1300937980413437,0.07510235160589218,0.04261412099003792,0.031064970418810844
2024-09-22 21:57:57,쥬지 이새낀 진짜 고등학생인가? ㅋㅋㅋㅋㅋㅋ,귀엽노 ㅋㅋㅋㅋㅋㅋㅋㅋㅋㅋㅋㅋㅋㅋㅋㅋㅋㅋ,34,34.0,쥬지 이새낀 진짜 고등학생인가? ㅋㅋㅋㅋㅋㅋ 귀엽노 ㅋㅋㅋㅋㅋㅋㅋㅋㅋㅋㅋㅋㅋㅋㅋㅋㅋㅋ,쥬지 이새낀 진짜 고등학생인가? ㅋㅋㅋㅋㅋㅋ 귀엽노 ㅋㅋㅋㅋㅋㅋㅋㅋㅋㅋㅋㅋㅋㅋㅋㅋㅋㅋ,0.5457163453102112,0.1689663678407669,0.1361660361289978,0.07280903309583664,0.03664429858326912,0.03969794139266014
2024-09-22 21:57:57,제발 누구하나 지금 박고 세카띄워달라고 ㅡㅡ,"ㅇㅇ
- dc official App",34,34.0,"제발 누구하나 지금 박고 세카띄워달라고 ㅡㅡ ㅇㅇ
- dc official App",제발 누구하나 지금 박고 세카띄워달라고 ㅡㅡ ㅇㅇ,0.12087099999189377,0.21227706968784332,0.13458003103733063,0.24206271767616272,0.22190628945827484,0.06830295920372009
2024-09-22 21:57:57,피아스트리 설마 미디엄-소프트?,미디엄으로 50랩 돌거같은데 왠지,34,34.0,피아스트리 설마 미디엄-소프트? 미디엄으로 50랩 돌거같은데 왠지,피아스트리 설마 미디엄-소프트? 미디엄으로 50랩 돌거같은데 왠지,0.19889888167381287,0.20976418256759644,0.33669376373291016,0.10154636949300766,0.06141098216176033,0.09168575704097748
2024-09-22 21:58:03,왜 이번엔 자이로캠 없지,"궁금한데
- dc official App",34,34.0,"왜 이번엔 자이로캠 없지 궁금한데
- dc official App",왜 이번엔 자이로캠 없지 궁금한데,0.1897013932466507,0.25256890058517456,0.3077172338962555,0.09974516928195953,0.07711827009916306,0.07314901053905487
2024-09-22 21:58:07,세이프티 + 피아제 1위 가는거 빼곤 노잼각이다,우우우,34,34.0,세이프티 + 피아제 1위 가는거 빼곤 노잼각이다 우우우,세이프티 + 피아제 1위 가는거 빼곤 노잼각이다 우우우,0.11437831073999405,0.3123398721218109,0.1668650060892105,0.17049221694469452,0.175836443901062,0.06008809432387352
2024-09-22 21:58:12,시가지 서킷에서 맥라렌 독주,어어 시발,34,34.0,시가지 서킷에서 맥라렌 독주 어어 시발,시가지 서킷에서 맥라렌 독주 어어 시발,0.1301533430814743,0.18485116958618164,0.11877970397472382,0.33349609375,0.18022124469280243,0.052498504519462585
2024-09-22 21:58:12,뭔가 르끌 피트인하면 세카날거같으면 개추 ㅋㅋ,스트롤이 한건 해줄거같다 ㅋㅋ,34,34.0,뭔가 르끌 피트인하면 세카날거같으면 개추 ㅋㅋ 스트롤이 한건 해줄거같다 ㅋㅋ,뭔가 르끌 피트인하면 세카날거같으면 개추 ㅋㅋ 스트롤이 한건 해줄거같다 ㅋㅋ,0.6248573660850525,0.14353449642658234,0.09778209030628204,0.059681810438632965,0.037695493549108505,0.03644877299666405
2024-09-22 21:58:12,제발 노리스,리타이어 하게 해주세요,34,34.0,제발 노리스 리타이어 하게 해주세요,제발 노리스 리타이어 하게 해주세요,0.2664070427417755,0.21502143144607544,0.13329042494297028,0.13635502755641937,0.18298731744289398,0.0659387856721878
2024-09-22 21:58:21,막스 15초까지 잡았노,빠르노,34,34.0,막스 15초까지 잡았노 빠르노,막스 15초까지 잡았노 빠르노,0.27867236733436584,0.22735652327537537,0.27239182591438293,0.08854220062494278,0.04477987065911293,0.08825726807117462
2024-09-22 21:58:23,츠노다 피트 안하고 피트한 사인지와 재회 ㅋㅋㅋ,ㅅㅂ,34,34.0,츠노다 피트 안하고 피트한 사인지와 재회 ㅋㅋㅋ ㅅㅂ,츠노다 피트 안하고 피트한 사인지와 재회 ㅋㅋㅋ ㅅㅂ,0.15989559888839722,0.24162031710147858,0.11677636951208115,0.2792581617832184,0.1380278319120407,0.06442172825336456
2024-09-22 21:58:24,이게 재밋을려면 노리스가 박는거밖에 없는데,박자 노리스야,34,34.0,이게 재밋을려면 노리스가 박는거밖에 없는데 박자 노리스야,이게 재밋을려면 노리스가 박는거밖에 없는데 박자 노리스야,0.10949425399303436,0.34292763471603394,0.21412338316440582,0.1418166309595108,0.11319509893655777,0.07844291627407074
2024-09-22 21:58:25,카도야 이번에 박고 자서전쓰자,ㄱㄱ,34,34.0,카도야 이번에 박고 자서전쓰자 ㄱㄱ,카도야 이번에 박고 자서전쓰자 ㄱㄱ,0.5594086050987244,0.14994248747825623,0.11455362290143967,0.06917886435985565,0.050661418586969376,0.056254979223012924
2024-09-22 21:58:37,세카 기도중인 르끌이면 개추,나 르끌인데 이거 맞다,34,34.0,세카 기도중인 르끌이면 개추 나 르끌인데 이거 맞다,세카 기도중인 르끌이면 개추 나 르끌인데 이거 맞다,0.2671152353286743,0.24861855804920197,0.24956674873828888,0.09315446764230728,0.0664636418223381,0.07508135586977005
2024-09-22 21:58:40,누가 사고좀 안나냐 세카좀 아오,너무 재미없다고,34,34.0,누가 사고좀 안나냐 세카좀 아오 너무 재미없다고,누가 사고좀 안나냐 세카좀 아오 너무 재미없다고,0.12486681342124939,0.27655142545700073,0.11117103695869446,0.23328417539596558,0.20264068245887756,0.051485851407051086
2024-09-22 21:58:42,콜라 포인트마무리 가능하려나,ㅠ,34,34.0,콜라 포인트마무리 가능하려나 ㅠ,콜라 포인트마무리 가능하려나 ㅠ,0.11994188278913498,0.28734928369522095,0.2042987048625946,0.1268095225095749,0.18695124983787537,0.07464926689863205
2024-09-22 21:58:42,르끌 너도 걍 안들어가면 안되냐,"후
- dc official App",34,34.0,"르끌 너도 걍 안들어가면 안되냐 후
- dc official App",르끌 너도 걍 안들어가면 안되냐 후,0.09410716593265533,0.1982976645231247,0.1332125961780548,0.25201940536499023,0.2660394012928009,0.05632374808192253
2024-09-22 21:58:48,뭐 하나 터져라,터질때 대써,35,35.0,뭐 하나 터져라 터질때 대써,뭐 하나 터져라 터질때 대써,0.2159472405910492,0.24326851963996887,0.20930367708206177,0.12054356187582016,0.115212582051754,0.0957244485616684
2024-09-22 21:58:48,알본 왜 리타이어임?,,35,35.0,알본 왜 리타이어임? ,알본 왜 리타이어임?,0.11635320633649826,0.2595481872558594,0.31940320134162903,0.12601140141487122,0.09802188724279404,0.08066211640834808
2024-09-22 21:58:52,누가 서킷에다 물이라도뿌려라,"아오
- dc official App",35,35.0,"누가 서킷에다 물이라도뿌려라 아오
- dc official App",누가 서킷에다 물이라도뿌려라 아오,0.10948721319437027,0.18881241977214813,0.13079258799552917,0.29065871238708496,0.23612824082374573,0.04412083700299263
2024-09-22 21:59:00,가슬리 리카도 안 박나?,"타이어도 오래되고 배틀중인데
- dc official App",35,35.0,"가슬리 리카도 안 박나? 타이어도 오래되고 배틀중인데
- dc official App",가슬리 리카도 안 박나? 타이어도 오래되고 배틀중인데,0.10894715785980225,0.29226526618003845,0.2612656354904175,0.13039447367191315,0.1417904794216156,0.06533697992563248
2024-09-22 21:59:01,엪서운 사실,자우버 꼴등 아님,35,35.0,엪서운 사실 자우버 꼴등 아님,엪서운 사실 자우버 꼴등 아님,0.11669819056987762,0.3193829655647278,0.28857526183128357,0.10807515680789948,0.08895381540060043,0.07831471413373947
2024-09-22 21:59:04,세카뜨면 피아제가 젤 이득임?,또 누구있냐,35,35.0,세카뜨면 피아제가 젤 이득임? 또 누구있냐,세카뜨면 피아제가 젤 이득임? 또 누구있냐,0.18464958667755127,0.22502058744430542,0.33060571551322937,0.09604033827781677,0.06629787385463715,0.09738592058420181
2024-09-22 21:59:10,피이제 쁠랜씨,- dc official App,35,35.0,피이제 쁠랜씨 - dc official App,피이제 쁠랜씨 - dc official App,0.43868476152420044,0.19091995060443878,0.194543719291687,0.09489689022302628,0.04739173874258995,0.033562950789928436
2024-09-22 21:59:14,플랜 C ㅋㅋㅋ,"벌써 C ㅋㅋ
- dc official App",35,35.0,"플랜 C ㅋㅋㅋ 벌써 C ㅋㅋ
- dc official App",플랜 C ㅋㅋㅋ 벌써 C ㅋㅋ,0.5700521469116211,0.16311676800251007,0.11172062158584595,0.08408090472221375,0.037081584334373474,0.033947981894016266
2024-09-22 21:59:16,피아제 오버컷 하는거 의미가 있나,손해보는거 같은데,35,35.0,피아제 오버컷 하는거 의미가 있나 손해보는거 같은데,피아제 오버컷 하는거 의미가 있나 손해보는거 같은데,0.09291496872901917,0.3153358995914459,0.26929807662963867,0.10194931924343109,0.14320001006126404,0.07730169594287872
2024-09-22 21:59:17,사인지 개올라왔네 ㅋㅋ,"ㅋㅋㅋ,",35,35.0,"사인지 개올라왔네 ㅋㅋ ㅋㅋㅋ,","사인지 개올라왔네 ㅋㅋ ㅋㅋㅋ,",0.6598638296127319,0.13090668618679047,0.08574070036411285,0.06397632509469986,0.034870244562625885,0.024642253294587135
2024-09-22 21:59:18,플랜 씨 나왔노 ㅋㅋㅋ,,35,35.0,플랜 씨 나왔노 ㅋㅋㅋ ,플랜 씨 나왔노 ㅋㅋㅋ,0.660535454750061,0.12996521592140198,0.09782671928405762,0.05300575867295265,0.029200371354818344,0.029466435313224792
2024-09-22 21:59:18,플랜c ㅋㅋㅋ 소프트 원스탑인가,"ㅋㅋㅋ
- dc official App",35,35.0,"플랜c ㅋㅋㅋ 소프트 원스탑인가 ㅋㅋㅋ
- dc official App",플랜c ㅋㅋㅋ 소프트 원스탑인가 ㅋㅋㅋ,0.5831577181816101,0.15138381719589233,0.12566113471984863,0.07092804461717606,0.03501855581998825,0.033850736916065216
2024-09-22 21:59:20,싱가폴 의무 피트스탑 2번임?,??,35,35.0,싱가폴 의무 피트스탑 2번임? ??,싱가폴 의무 피트스탑 2번임? ??,0.15736635029315948,0.22930435836315155,0.34075677394866943,0.10575323551893234,0.07301251590251923,0.09380674362182617
2024-09-22 21:59:17,피아제의 플랜C 입갤,,35,35.0,피아제의 플랜C 입갤 ,피아제의 플랜C 입갤,0.46207302808761597,0.18477846682071686,0.17347931861877441,0.08397062867879868,0.04519063979387283,0.050507910549640656
2024-09-22 21:59:21,플랜 체코 입갤 ㅋㅋㅋ,저건 무슨 전략이냐,35,35.0,플랜 체코 입갤 ㅋㅋㅋ 저건 무슨 전략이냐,플랜 체코 입갤 ㅋㅋㅋ 저건 무슨 전략이냐,0.19166359305381775,0.23139894008636475,0.3274240493774414,0.10728471726179123,0.04682876914739609,0.09539996832609177
2024-09-22 21:59:22,쁠랜씨 ㅋㅋ,ㅋㅋㅋㅋ,35,35.0,쁠랜씨 ㅋㅋ ㅋㅋㅋㅋ,쁠랜씨 ㅋㅋ ㅋㅋㅋㅋ,0.7109075784683228,0.10842041671276093,0.07026880979537964,0.05589346960186958,0.032513443380594254,0.021996263414621353
2024-09-22 21:59:27,플랜씨 ㄷㄷ,- dc official App,35,35.0,플랜씨 ㄷㄷ - dc official App,플랜씨 ㄷㄷ - dc official App,0.32613590359687805,0.19868101179599762,0.2864609956741333,0.08972520381212234,0.03626931831240654,0.06272756308317184
2024-09-22 21:59:29,르끌 세카 안뜨면 개좆망인데,ㅅㅂ,35,35.0,르끌 세카 안뜨면 개좆망인데 ㅅㅂ,르끌 세카 안뜨면 개좆망인데 ㅅㅂ,0.10632529854774475,0.20762717723846436,0.11615807563066483,0.2683172821998596,0.2544490098953247,0.04712319001555443
2024-09-22 21:59:29,플랜C 입갤 ㅋㅋㅋㅋ,,35,35.0,플랜C 입갤 ㅋㅋㅋㅋ ,플랜C 입갤 ㅋㅋㅋㅋ,0.6531682014465332,0.12168223410844803,0.08837717026472092,0.06810466945171356,0.038006190210580826,0.03066146932542324
2024-09-22 21:59:33,맥라렌 우승하는거죠?,이대로 쭉 가는거죠?,35,35.0,맥라렌 우승하는거죠? 이대로 쭉 가는거죠?,맥라렌 우승하는거죠? 이대로 쭉 가는거죠?,0.40645208954811096,0.1929013580083847,0.20993764698505402,0.07507234066724777,0.04627912864089012,0.06935742497444153
2024-09-22 21:59:33,노짱 상태별로안좋아보이네,,35,35.0,노짱 상태별로안좋아보이네 ,노짱 상태별로안좋아보이네,0.1013798713684082,0.23354315757751465,0.27336055040359497,0.13970427215099335,0.16649189591407776,0.08552023768424988
2024-09-22 21:59:35,인제 들어가는건 진짜 뭔의미인데 씨발롬드랑,아오 ㅠㅠㅠㅠ,35,35.0,인제 들어가는건 진짜 뭔의미인데 씨발롬드랑 아오 ㅠㅠㅠㅠ,인제 들어가는건 진짜 뭔의미인데 씨발롬드랑 아오 ㅠㅠㅠㅠ,0.11510562151670456,0.21058839559555054,0.11430065333843231,0.27839305996894836,0.23937377333641052,0.04223842918872833
2024-09-22 21:59:38,플랜체코 ㅋㅋ,,35,35.0,플랜체코 ㅋㅋ ,플랜체코 ㅋㅋ,0.6568900346755981,0.11925412714481354,0.09686122834682465,0.06805889308452606,0.03322068229317665,0.025715094059705734
2024-09-22 21:59:40,왜 사고안남?,바쿠처럼 후반때 날라나,35,35.0,왜 사고안남? 바쿠처럼 후반때 날라나,왜 사고안남? 바쿠처럼 후반때 날라나,0.1347588449716568,0.2647152245044708,0.2875582277774811,0.11204219609498978,0.10535932332277298,0.09556619077920914
2024-09-22 21:59:50,플랜c 소프트 원스탑일듯 ㅋㅋㅋㅋ,"ㄹㅇ
- dc official App",35,35.0,"플랜c 소프트 원스탑일듯 ㅋㅋㅋㅋ ㄹㅇ
- dc official App",플랜c 소프트 원스탑일듯 ㅋㅋㅋㅋ ㄹㅇ,0.6285282373428345,0.13556887209415436,0.10575208812952042,0.06259267777204514,0.033470965921878815,0.034087173640728
2024-09-22 21:59:53,사인츠는 팀메를 위해 셒카를 띄워라,,35,35.0,사인츠는 팀메를 위해 셒카를 띄워라 ,사인츠는 팀메를 위해 셒카를 띄워라,0.32736143469810486,0.2424745261669159,0.17860724031925201,0.10140087455511093,0.09428830444812775,0.055867601186037064
2024-09-22 21:59:54,르끌은 오늘도 열심히 타이어를 깎는다,"누가 다들 원스탑 한다고 말해줘
- dc official App",35,35.0,"르끌은 오늘도 열심히 타이어를 깎는다 누가 다들 원스탑 한다고 말해줘
- dc official App",르끌은 오늘도 열심히 타이어를 깎는다 누가 다들 원스탑 한다고 말해줘,0.16982276737689972,0.28427544236183167,0.1511993408203125,0.12883855402469635,0.17283807694911957,0.09302589297294617
2024-09-22 22:00:03,피아제 아직 노스탑이네,,35,35.0,피아제 아직 노스탑이네 ,피아제 아직 노스탑이네,0.1159457340836525,0.2986043095588684,0.29341942071914673,0.10195789486169815,0.08326324075460434,0.1068093478679657
2024-09-22 22:00:05,츠노다 결국 피트 ㅋㅋㅋ,RB 전략팀 그냥 미쳤다 ㅋㅋㅋ,35,35.0,츠노다 결국 피트 ㅋㅋㅋ RB 전략팀 그냥 미쳤다 ㅋㅋㅋ,츠노다 결국 피트 ㅋㅋㅋ RB 전략팀 그냥 미쳤다 ㅋㅋㅋ,0.642914354801178,0.1441514790058136,0.08678363263607025,0.05799532309174538,0.03613957762718201,0.032015636563301086
2024-09-22 22:00:06,이제 입갤했는데 요약좀,"제발
- dc official App",35,35.0,"이제 입갤했는데 요약좀 제발
- dc official App",이제 입갤했는데 요약좀 제발,0.1544993370771408,0.31910428404808044,0.13481757044792175,0.1447266787290573,0.18634174764156342,0.060510411858558655
2024-09-22 22:00:11,츠노다 소프트 입갤 ㅋㅋㅋㅋㅋㅋㅋ,ㅋㅋㅋㅋㅋㅋㅋ,35,35.0,츠노다 소프트 입갤 ㅋㅋㅋㅋㅋㅋㅋ ㅋㅋㅋㅋㅋㅋㅋ,츠노다 소프트 입갤 ㅋㅋㅋㅋㅋㅋㅋ ㅋㅋㅋㅋㅋㅋㅋ,0.7036211490631104,0.10914666950702667,0.07183746993541718,0.059304434806108475,0.03230820596218109,0.02378208190202713
2024-09-22 22:00:12,피아제랑 르끌 타이어관리 돌았네… 35랩째 미디엄 ㄷㄷ,,35,35.0,피아제랑 르끌 타이어관리 돌았네… 35랩째 미디엄 ㄷㄷ ,피아제랑 르끌 타이어관리 돌았네… 35랩째 미디엄 ㄷㄷ,0.09925085306167603,0.2146107405424118,0.30457475781440735,0.1660638004541397,0.09661416709423065,0.11888572573661804
2024-09-22 22:00:13,르끌레는 올 해 타깎노 컨셉 잡은거임?,피트 진짜 존나 안 들어가노 매 레이스마다 ㅋㅋ,35,35.0,르끌레는 올 해 타깎노 컨셉 잡은거임? 피트 진짜 존나 안 들어가노 매 레이스마다 ㅋㅋ,르끌레는 올 해 타깎노 컨셉 잡은거임? 피트 진짜 존나 안 들어가노 매 레이스마다 ㅋㅋ,0.08371743559837341,0.33715295791625977,0.17525708675384521,0.18458291888237,0.1537574827671051,0.0655321404337883
2024-09-22 22:00:14,르클 피아제 또 타이어깎기 대결중이네,"르끌은 완전 오래끌고가기 재미들린듯
몇경기째 저러네",35,35.0,"르클 피아제 또 타이어깎기 대결중이네 르끌은 완전 오래끌고가기 재미들린듯
몇경기째 저러네",르클 피아제 또 타이어깎기 대결중이네 르끌은 완전 오래끌고가기 재미들린듯 몇경기째 저러네,0.06512490659952164,0.22422997653484344,0.200767382979393,0.23097090423107147,0.21434643864631653,0.06456039845943451
2024-09-22 22:00:18,막스 이 새끼도 속도 존나 올리는거 보니까 피아 잡으려하나,노리스는 못 잡아도 피아제 잡고 간다는 마인드 같은데,35,35.0,막스 이 새끼도 속도 존나 올리는거 보니까 피아 잡으려하나 노리스는 못 잡아도 피아제 잡고 간다는 마인드 같은데,막스 이 새끼도 속도 존나 올리는거 보니까 피아 잡으려하나 노리스는 못 잡아도 피아제 잡고 간다는 마인드 같은데,0.08270540833473206,0.19941405951976776,0.33315160870552063,0.18262538313865662,0.08590926229953766,0.11619430035352707
2024-09-22 22:00:21,츠노다 왜 소프트???,??,35,35.0,츠노다 왜 소프트??? ??,츠노다 왜 소프트??? ??,0.15225337445735931,0.24347537755966187,0.3380502164363861,0.10961046069860458,0.07580986618995667,0.08080071210861206
2024-09-22 22:00:24,츠노다 소프트 ㄷㄷㄷ,"좀 빠른데?
- dc official App",36,36.0,"츠노다 소프트 ㄷㄷㄷ 좀 빠른데?
- dc official App",츠노다 소프트 ㄷㄷㄷ 좀 빠른데?,0.21798649430274963,0.2124127596616745,0.3275063931941986,0.10386139154434204,0.04319633170962334,0.09503665566444397
2024-09-22 22:00:25,자우버행동 ㅋㅋㅋ,"어김없이 3.6 찐빠 ㅋㅋㅋ
- dc official App",36,36.0,"자우버행동 ㅋㅋㅋ 어김없이 3.6 찐빠 ㅋㅋㅋ
- dc official App",자우버행동 ㅋㅋㅋ 어김없이 3.6 찐빠 ㅋㅋㅋ,0.21343301236629486,0.24869920313358307,0.2109064906835556,0.17023248970508575,0.073773093521595,0.08295571804046631
2024-09-22 22:00:26,유키 씨발 미소소냐?,??????,36,36.0,유키 씨발 미소소냐? ??????,유키 씨발 미소소냐? ??????,0.13881708681583405,0.2998584806919098,0.1740238070487976,0.20333600044250488,0.09388235956430435,0.09008230268955231
2024-09-22 22:00:29,노다 소프트 씨발 너죽고 나죽자,다주겅,36,36.0,노다 소프트 씨발 너죽고 나죽자 다주겅,노다 소프트 씨발 너죽고 나죽자 다주겅,0.1559213250875473,0.155675008893013,0.12505397200584412,0.30391913652420044,0.21314722299575806,0.04628332704305649
2024-09-22 22:00:29,노다 소프트 뭔데,ㅋㅋㅋㅋㅋ,36,36.0,노다 소프트 뭔데 ㅋㅋㅋㅋㅋ,노다 소프트 뭔데 ㅋㅋㅋㅋㅋ,0.18682710826396942,0.2629910409450531,0.2842180132865906,0.1308548003435135,0.05917008966207504,0.07593891024589539
2024-09-22 22:00:32,피아제 전략 짜는중 ㄷㄷ,,36,36.0,피아제 전략 짜는중 ㄷㄷ ,피아제 전략 짜는중 ㄷㄷ,0.10294556617736816,0.19587166607379913,0.3469114601612091,0.14358098804950714,0.0717315599322319,0.13895869255065918
2024-09-22 22:00:33,어차피 자우버는 맨뒤인데 벽한번 꼬라박아주면 안됨?????,"ㅇ
- dc official App",36,36.0,"어차피 자우버는 맨뒤인데 벽한번 꼬라박아주면 안됨????? ㅇ
- dc official App",어차피 자우버는 맨뒤인데 벽한번 꼬라박아주면 안됨????? ㅇ,0.11218582093715668,0.2386811077594757,0.20235541462898254,0.2026692032814026,0.16188140213489532,0.08222708851099014
2024-09-22 22:00:36,자우저 3.6 병신들ㅋㅋㅋㅋㅋ,"ㅋㅋㅋㅋㅋㅋ
- dc official App",36,36.0,"자우저 3.6 병신들ㅋㅋㅋㅋㅋ ㅋㅋㅋㅋㅋㅋ
- dc official App",자우저 3.6 병신들ㅋㅋㅋㅋㅋ ㅋㅋㅋㅋㅋㅋ,0.18720391392707825,0.23087187111377716,0.2346561998128891,0.20227818191051483,0.07326857000589371,0.07172127813100815
2024-09-22 22:00:47,유키 소프는 뭠데 ㅋㅋㅋㅋ,알비 전략팀 좆병신새끼들 진ㄷ자 ㅋㅋㅋ,36,36.0,유키 소프는 뭠데 ㅋㅋㅋㅋ 알비 전략팀 좆병신새끼들 진ㄷ자 ㅋㅋㅋ,유키 소프는 뭠데 ㅋㅋㅋㅋ 알비 전략팀 좆병신새끼들 진ㄷ자 ㅋㅋㅋ,0.09356413781642914,0.18587060272693634,0.18739047646522522,0.30506935715675354,0.16406306624412537,0.06404238939285278
2024-09-22 22:00:51,지금 빠따 들고싶은 북스따펜이면 개추,"ㅇㅇ
- dc official App",36,36.0,"지금 빠따 들고싶은 북스따펜이면 개추 ㅇㅇ
- dc official App",지금 빠따 들고싶은 북스따펜이면 개추 ㅇㅇ,0.5868250131607056,0.14547209441661835,0.11590255796909332,0.07004440575838089,0.04215107858181,0.03960490971803665
2024-09-22 22:00:57,병신들 아,- dc official App,36,36.0,병신들 아 - dc official App,병신들 아 - dc official App,0.5576328039169312,0.14864127337932587,0.14514584839344025,0.07862213253974915,0.034324824810028076,0.03563310578465462
2024-09-22 22:00:57,쥬지야 사고한번 내자ㅋㅋㅋ,"ㅋㅋ
- dc official App",36,36.0,"쥬지야 사고한번 내자ㅋㅋㅋ ㅋㅋ
- dc official App",쥬지야 사고한번 내자ㅋㅋㅋ ㅋㅋ,0.6082768440246582,0.13550202548503876,0.10163427889347076,0.06797602027654648,0.044544048607349396,0.042066771537065506
2024-09-22 22:01:03,알비 전략팀 너네는 씨발 인천 오지마라 개새기들아,와 씨발 진짜 야부림 마렵네,36,36.0,알비 전략팀 너네는 씨발 인천 오지마라 개새기들아 와 씨발 진짜 야부림 마렵네,알비 전략팀 너네는 씨발 인천 오지마라 개새기들아 와 씨발 진짜 야부림 마렵네,0.18655705451965332,0.1624329537153244,0.11579626053571701,0.3036401569843292,0.1888582855463028,0.042715344578027725
2024-09-22 22:01:06,르끌 피아제 서로 안 들어가네 ㅋㅋ,또 둘이 승부하노,36,36.0,르끌 피아제 서로 안 들어가네 ㅋㅋ 또 둘이 승부하노,르끌 피아제 서로 안 들어가네 ㅋㅋ 또 둘이 승부하노,0.07103592157363892,0.3191027045249939,0.2162451595067978,0.16691409051418304,0.1301172971725464,0.09658487141132355
2024-09-22 22:01:10,싱가폴 노잼이긴하네,"허허
- dc official App",36,36.0,"싱가폴 노잼이긴하네 허허
- dc official App",싱가폴 노잼이긴하네 허허,0.12452997267246246,0.32529789209365845,0.16771665215492249,0.16308054327964783,0.1545623242855072,0.06481266766786575
2024-09-22 22:01:10,이거 셒카 안나올거같은데?,,36,36.0,이거 셒카 안나올거같은데? ,이거 셒카 안나올거같은데?,0.0849761813879013,0.27211037278175354,0.31490957736968994,0.12369140982627869,0.10907547175884247,0.09523703902959824
2024-09-22 22:01:11,RB 진짜 좆븅신련들이네 ㅋㅋㅋㅋㅋ,,36,36.0,RB 진짜 좆븅신련들이네 ㅋㅋㅋㅋㅋ ,RB 진짜 좆븅신련들이네 ㅋㅋㅋㅋㅋ,0.09766343981027603,0.17344491183757782,0.22072497010231018,0.2877650260925293,0.14581793546676636,0.0745837613940239
2024-09-22 22:01:14,자지우버머함?,- dc official App,36,36.0,자지우버머함? - dc official App,자지우버머함? - dc official App,0.2868961691856384,0.21791216731071472,0.2873719036579132,0.08976106345653534,0.05156917870044708,0.06648949533700943
2024-09-22 22:01:27,누리스 그랜드슬램각이네 ㅋㅋㅋㅋ,ㄹㅇ,36,36.0,누리스 그랜드슬램각이네 ㅋㅋㅋㅋ ㄹㅇ,누리스 그랜드슬램각이네 ㅋㅋㅋㅋ ㄹㅇ,0.6833937168121338,0.12144822627305984,0.07819255441427231,0.05162005126476288,0.03160548210144043,0.03373992070555687
2024-09-22 22:01:32,세카 안뜨면 르끌 포인트도 겨우 따겠노,전략이 시발,36,36.0,세카 안뜨면 르끌 포인트도 겨우 따겠노 전략이 시발,세카 안뜨면 르끌 포인트도 겨우 따겠노 전략이 시발,0.07401371747255325,0.2591530680656433,0.16975493729114532,0.21721045672893524,0.23111630976200104,0.048751410096883774
2024-09-22 22:01:43,19번 코너 뭐노 ㅋㅋㅋㅋ,자막 찐빠 ㅋㅋㅋ,36,36.0,19번 코너 뭐노 ㅋㅋㅋㅋ 자막 찐빠 ㅋㅋㅋ,19번 코너 뭐노 ㅋㅋㅋㅋ 자막 찐빠 ㅋㅋㅋ,0.33946216106414795,0.2680169343948364,0.18679571151733398,0.10087554901838303,0.053416598588228226,0.05143309757113457
2024-09-22 22:01:44,저거 세카 존버하는건가,계속 버티네,36,36.0,저거 세카 존버하는건가 계속 버티네,저거 세카 존버하는건가 계속 버티네,0.1510666161775589,0.22123099863529205,0.33188799023628235,0.11147236824035645,0.06527522951364517,0.1190667673945427
2024-09-22 22:01:49,19?번?,,36,36.0,19?번? ,19?번?,0.21340125799179077,0.23949527740478516,0.3095635175704956,0.09834431856870651,0.057119518518447876,0.08207610249519348
2024-09-22 22:01:51,르끌 미친새끼 소프트 존버함?,또 도박이냐?,36,36.0,르끌 미친새끼 소프트 존버함? 또 도박이냐?,르끌 미친새끼 소프트 존버함? 또 도박이냐?,0.06741891801357269,0.22876714169979095,0.21263481676578522,0.2373407930135727,0.17825494706630707,0.07558342814445496
2024-09-22 22:01:55,르끌레르 설마 하드 소프트 쓰려는거냐,,36,36.0,르끌레르 설마 하드 소프트 쓰려는거냐 ,르끌레르 설마 하드 소프트 쓰려는거냐,0.11694390326738358,0.2176716923713684,0.3699072301387787,0.11996776610612869,0.07490211725234985,0.10060728341341019
2024-09-22 22:01:59,세카좀 띄우라고 제발ㅡㅡ,"ㅇ
- dc official App",36,36.0,"세카좀 띄우라고 제발ㅡㅡ ㅇ
- dc official App",세카좀 띄우라고 제발ㅡㅡ ㅇ,0.13912847638130188,0.25621452927589417,0.09920692443847656,0.25552898645401,0.21562139689922333,0.03429970145225525
2024-09-22 22:02:01,막스 좆나 빡세게 따라잡는중,"기다려라 역사상 최고의
드라이버가 간다.
- dc official App",36,36.0,"막스 좆나 빡세게 따라잡는중 기다려라 역사상 최고의
드라이버가 간다.
- dc official App",막스 좆나 빡세게 따라잡는중 기다려라 역사상 최고의 드라이버가 간다.,0.5550628900527954,0.1463431715965271,0.12211568653583527,0.0731247141957283,0.05181950330734253,0.0515340194106102
2024-09-22 22:02:01,미소소는 역시 추노짱,,36,36.0,미소소는 역시 추노짱 ,미소소는 역시 추노짱,0.6558237075805664,0.12970282137393951,0.08026283979415894,0.05623679235577583,0.04240720346570015,0.03556668385863304
2024-09-22 22:02:07,이번엔 헐크 따려는 체황,"ㅋㅋ
- dc official App",37,37.0,"이번엔 헐크 따려는 체황 ㅋㅋ
- dc official App",이번엔 헐크 따려는 체황 ㅋㅋ,0.502811074256897,0.19197438657283783,0.141291543841362,0.08081551641225815,0.03956783190369606,0.0435396209359169
2024-09-22 22:02:11,진찌 알비 전략 기대 안했늨데 이건 와….,씨발 대단하네,37,37.0,진찌 알비 전략 기대 안했늨데 이건 와…. 씨발 대단하네,진찌 알비 전략 기대 안했늨데 이건 와…. 씨발 대단하네,0.14149680733680725,0.20682896673679352,0.2985231876373291,0.1482013612985611,0.07430244237184525,0.13064725697040558
2024-09-22 22:02:13,아오시발,ㅇ,37,37.0,아오시발 ㅇ,아오시발 ㅇ,0.15352673828601837,0.20306451618671417,0.11792068928480148,0.29834896326065063,0.17954121530056,0.04759787395596504
2024-09-22 22:02:17,진짜 희대의 노잼서킷 ㄹㅇ 퇴출시켜야,ㄹㅇ,37,37.0,진짜 희대의 노잼서킷 ㄹㅇ 퇴출시켜야 ㄹㅇ,진짜 희대의 노잼서킷 ㄹㅇ 퇴출시켜야 ㄹㅇ,0.13077278435230255,0.25516003370285034,0.1379471868276596,0.24661999940872192,0.17429450154304504,0.055205535143613815
2024-09-22 22:02:24,베르스타펜 올 해는 이거 안 부숴주냐??,ㅇㅇ..,37,37.0,베르스타펜 올 해는 이거 안 부숴주냐?? ㅇㅇ..,베르스타펜 올 해는 이거 안 부숴주냐?? ㅇㅇ..,0.11967542767524719,0.25863802433013916,0.12520316243171692,0.23230262100696564,0.2048957496881485,0.059285033494234085
2024-09-22 22:02:24,러셀은 시발ㅋㅋㅋ저걸 못넘노,,37,37.0,러셀은 시발ㅋㅋㅋ저걸 못넘노 ,러셀은 시발ㅋㅋㅋ저걸 못넘노,0.08801627159118652,0.28436654806137085,0.21010880172252655,0.18805547058582306,0.12535269558429718,0.10410027205944061
2024-09-22 22:02:33,르끌 미친놈 ㅋㅋㅋ,ㅋㅋ,37,37.0,르끌 미친놈 ㅋㅋㅋ ㅋㅋ,르끌 미친놈 ㅋㅋㅋ ㅋㅋ,0.2675698697566986,0.2661145329475403,0.1431034505367279,0.18883919715881348,0.07390883564949036,0.06046414002776146
2024-09-22 22:02:34,제발 파파야룰 멕라렌 차량끼리 키스,제발,37,37.0,제발 파파야룰 멕라렌 차량끼리 키스 제발,제발 파파야룰 멕라렌 차량끼리 키스 제발,0.16025172173976898,0.2214743196964264,0.2300497144460678,0.162857785820961,0.12295997887849808,0.10240650177001953
2024-09-22 22:02:37,츠노다 미소소 맞냐 이거,"ㅋㅋ??
- dc official App",37,37.0,"츠노다 미소소 맞냐 이거 ㅋㅋ??
- dc official App",츠노다 미소소 맞냐 이거 ㅋㅋ??,0.19501641392707825,0.2261500358581543,0.3308318257331848,0.10548887401819229,0.056541815400123596,0.08597105741500854
2024-09-22 22:02:41,RB 전략팀은 프란츠옹 나가고 더 병신됐네,토스트 영감 계실 적에도 잘하진 않았지마는...,37,37.0,RB 전략팀은 프란츠옹 나가고 더 병신됐네 토스트 영감 계실 적에도 잘하진 않았지마는...,RB 전략팀은 프란츠옹 나가고 더 병신됐네 토스트 영감 계실 적에도 잘하진 않았지마는...,0.06710299104452133,0.2696112394332886,0.2512127161026001,0.14331303536891937,0.17325949668884277,0.09550045430660248
2024-09-22 22:02:42,오늘 쥬지가 쳐박을거 같다 ㄷㄷ,,37,37.0,오늘 쥬지가 쳐박을거 같다 ㄷㄷ ,오늘 쥬지가 쳐박을거 같다 ㄷㄷ,0.11400987207889557,0.20501042902469635,0.2826407253742218,0.16267788410186768,0.0986371859908104,0.13702392578125
2024-09-22 22:02:43,좀만 참지,,37,37.0,좀만 참지 ,좀만 참지,0.11141221970319748,0.23960816860198975,0.2347690910100937,0.14236822724342346,0.1928880661725998,0.07895419001579285
2024-09-22 22:02:45,캬~ ㅋㅋㅋㅋㅋㅋㅋㅋㅋ,ㅋㅋㅋ,37,37.0,캬~ ㅋㅋㅋㅋㅋㅋㅋㅋㅋ ㅋㅋㅋ,캬~ ㅋㅋㅋㅋㅋㅋㅋㅋㅋ ㅋㅋㅋ,0.6645447015762329,0.12796060740947723,0.08408825844526291,0.06366299092769623,0.035044483840465546,0.024698946624994278
2024-09-22 22:02:45,르끌 타이어존나잘깎네 ㅋㅋㅋ,ㅋㅋㅋㅋ지리네,37,37.0,르끌 타이어존나잘깎네 ㅋㅋㅋ ㅋㅋㅋㅋ지리네,르끌 타이어존나잘깎네 ㅋㅋㅋ ㅋㅋㅋㅋ지리네,0.40427860617637634,0.18142324686050415,0.22324424982070923,0.08220843970775604,0.035528235137462616,0.07331716269254684
2024-09-22 22:02:45,세이프티카 제발요,,37,37.0,세이프티카 제발요 ,세이프티카 제발요,0.40172386169433594,0.20560689270496368,0.1208772137761116,0.0996418446302414,0.11737560480833054,0.05477466061711311
2024-09-22 22:02:45,정기예배시간,기원합니다,37,37.0,정기예배시간 기원합니다,정기예배시간 기원합니다,0.6023810505867004,0.14688487350940704,0.09637598693370819,0.0637257844209671,0.05108074098825455,0.03955152630805969
2024-09-22 22:02:51,애들 오늘 너무 얌전해서 셒카 등판 안할거 같다,"지금 다들 그립 안잡히니까 배틀도 형성 안되는데
배틀 형성되도 휠투휠이 과감하게 일어나지도 않는듯",37,37.0,"애들 오늘 너무 얌전해서 셒카 등판 안할거 같다 지금 다들 그립 안잡히니까 배틀도 형성 안되는데
배틀 형성되도 휠투휠이 과감하게 일어나지도 않는듯",애들 오늘 너무 얌전해서 셒카 등판 안할거 같다 지금 다들 그립 안잡히니까 배틀도 형성 안되는데 배틀 형성되도 휠투휠이 과감하게 일어나지도 않는듯,0.09636504203081131,0.3027055263519287,0.27556952834129333,0.10782703757286072,0.12404339015483856,0.09348946064710617
2024-09-22 22:02:51,몽골 야금야금 줄이긴 하네,노잼귀신 성불 언제하냐고!!,37,37.0,몽골 야금야금 줄이긴 하네 노잼귀신 성불 언제하냐고!!,몽골 야금야금 줄이긴 하네 노잼귀신 성불 언제하냐고!!,0.11183101683855057,0.2571522891521454,0.12311418354511261,0.25608378648757935,0.1933773308992386,0.0584414079785347
2024-09-22 22:02:51,?? 이새끼 왜 버팀??,뭐임????,37,37.0,?? 이새끼 왜 버팀?? 뭐임????,?? 이새끼 왜 버팀?? 뭐임????,0.08531618118286133,0.21520328521728516,0.25851643085479736,0.2154126912355423,0.14360862970352173,0.08194275200366974
2024-09-22 22:02:52,르끌 저새끼 뒷차 애마라고 생각하는거 아님?,리버리 착각해서 애마면 막을만 하지 하는거 아님?ㅋㅋㅋㅋㅋㅋㅋ,37,37.0,르끌 저새끼 뒷차 애마라고 생각하는거 아님? 리버리 착각해서 애마면 막을만 하지 하는거 아님?ㅋㅋㅋㅋㅋㅋㅋ,르끌 저새끼 뒷차 애마라고 생각하는거 아님? 리버리 착각해서 애마면 막을만 하지 하는거 아님?ㅋㅋㅋㅋㅋㅋㅋ,0.11235956847667694,0.20689889788627625,0.303127646446228,0.19338107109069824,0.08935820311307907,0.09487458318471909
2024-09-22 22:02:52,씨발 진짜 이대로 끝낸다고?,- dc official App,37,37.0,씨발 진짜 이대로 끝낸다고? - dc official App,씨발 진짜 이대로 끝낸다고? - dc official App,0.1301107108592987,0.2121592015028,0.16174672544002533,0.24378620088100433,0.19147777557373047,0.0607193298637867
2024-09-22 22:02:57,르끌 바쿠때 한번 당하고,안보내준다,37,37.0,르끌 바쿠때 한번 당하고 안보내준다,르끌 바쿠때 한번 당하고 안보내준다,0.10148490965366364,0.28439322113990784,0.13750945031642914,0.18827863037586212,0.22953873872756958,0.058795034885406494
2024-09-22 22:03:00,사람이름이 두들리 ㅋㅋㅋㅋㅎ,두들리~,37,37.0,사람이름이 두들리 ㅋㅋㅋㅋㅎ 두들리~,사람이름이 두들리 ㅋㅋㅋㅋㅎ 두들리~,0.6896318793296814,0.118067666888237,0.08048900216817856,0.055863406509160995,0.0310636218637228,0.02488432638347149
2024-09-22 22:03:04,정기예배시간,기원합니다,37,37.0,정기예배시간 기원합니다,정기예배시간 기원합니다,0.6023810505867004,0.14688487350940704,0.09637598693370819,0.0637257844209671,0.05108074098825455,0.03955152630805969
2024-09-22 22:03:04,이제 입갤했는데 페라리 레드불 메르 어떰?,"ㅇㅇ?
- dc official App",37,37.0,"이제 입갤했는데 페라리 레드불 메르 어떰? ㅇㅇ?
- dc official App",이제 입갤했는데 페라리 레드불 메르 어떰? ㅇㅇ?,0.47712790966033936,0.1916552037000656,0.17146036028862,0.06653225421905518,0.04160738363862038,0.05161689221858978
2024-09-22 22:03:06,모나코는 근본이라도 있지 싱가폴은 ㅅㅂ,당장 퇴출해라 좀 ㄹㅇ,37,37.0,모나코는 근본이라도 있지 싱가폴은 ㅅㅂ 당장 퇴출해라 좀 ㄹㅇ,모나코는 근본이라도 있지 싱가폴은 ㅅㅂ 당장 퇴출해라 좀 ㄹㅇ,0.11766674369573593,0.17767348885536194,0.14065174758434296,0.3145924508571625,0.20272384583950043,0.04669160023331642
2024-09-22 22:03:05,러셀 못넘어가누,,37,37.0,러셀 못넘어가누 ,러셀 못넘어가누,0.16048279404640198,0.3537462651729584,0.17105093598365784,0.11691643297672272,0.10560726374387741,0.0921962782740593
2024-09-22 22:03:07,세카 언제 나오냐,진짜 안나오네 ㅋㅋㅋㅋㅋㅋㅋㅋㅋㅋㅋ,37,37.0,세카 언제 나오냐 진짜 안나오네 ㅋㅋㅋㅋㅋㅋㅋㅋㅋㅋㅋ,세카 언제 나오냐 진짜 안나오네 ㅋㅋㅋㅋㅋㅋㅋㅋㅋㅋㅋ,0.24685749411582947,0.33459338545799255,0.15402868390083313,0.10591741651296616,0.09711292386054993,0.06149004399776459
2024-09-22 22:03:17,보저대전 ㄷㄷ,- dc official App,37,37.0,보저대전 ㄷㄷ - dc official App,보저대전 ㄷㄷ - dc official App,0.29080989956855774,0.20566007494926453,0.2993570864200592,0.09380806982517242,0.03732442483305931,0.07304041087627411
2024-09-22 22:03:18,아니 대체 하드가 얼마나 구지길래 미소소를 함????,"얼탱 ,;;;;",37,37.0,"아니 대체 하드가 얼마나 구지길래 미소소를 함???? 얼탱 ,;;;;","아니 대체 하드가 얼마나 구지길래 미소소를 함???? 얼탱 ,;;;;",0.08517444133758545,0.2515450417995453,0.262245774269104,0.18470315635204315,0.11679468303918839,0.09953692555427551
2024-09-22 22:03:20,피몽차이가 잘 안좁혀지네,"존나 천천히 줄어드는중
- dc official App",37,37.0,"피몽차이가 잘 안좁혀지네 존나 천천히 줄어드는중
- dc official App",피몽차이가 잘 안좁혀지네 존나 천천히 줄어드는중,0.08879656344652176,0.3028229773044586,0.24112002551555634,0.1306610256433487,0.13154102861881256,0.10505839437246323
2024-09-22 22:03:22,러셀 개손해,어쩌누,37,37.0,러셀 개손해 어쩌누,러셀 개손해 어쩌누,0.11794185638427734,0.3056296408176422,0.15455155074596405,0.1417245715856552,0.1962495893239975,0.08390288800001144
2024-09-22 22:03:22,세카 간절히 원합니다 제발제발제밯제밯ㄹ,"ㅇ
- dc official App",37,37.0,"세카 간절히 원합니다 제발제발제밯제밯ㄹ ㅇ
- dc official App",세카 간절히 원합니다 제발제발제밯제밯ㄹ ㅇ,0.39671632647514343,0.18498468399047852,0.1394643783569336,0.10509813576936722,0.1061786338686943,0.0675579160451889
2024-09-22 22:03:23,타이어 깍는게 뭐야?,걍 존버하고 탄단소리야?,37,37.0,타이어 깍는게 뭐야? 걍 존버하고 탄단소리야?,타이어 깍는게 뭐야? 걍 존버하고 탄단소리야?,0.10061842203140259,0.23990832269191742,0.3254356384277344,0.13222619891166687,0.11412187665700912,0.08768952637910843
2024-09-22 22:03:26,저우 프리투파이트,- dc official App,37,37.0,저우 프리투파이트 - dc official App,저우 프리투파이트 - dc official App,0.4112197756767273,0.19463691115379333,0.21306414902210236,0.09642259031534195,0.049242161214351654,0.03541439026594162
2024-09-22 22:03:28,셒카 언제 뜨냐고!!!!,!!!!,37,37.0,셒카 언제 뜨냐고!!!! !!!!,셒카 언제 뜨냐고!!!! !!!!,0.18510375916957855,0.28342416882514954,0.11311837285757065,0.19037622213363647,0.1768747717142105,0.05110270529985428
2024-09-22 22:03:33,잔다 ㅂㅂ,,37,37.0,잔다 ㅂㅂ ,잔다 ㅂㅂ,0.6818195581436157,0.12027183175086975,0.07318761944770813,0.055130377411842346,0.04113896191120148,0.028451571241021156
2024-09-22 22:03:37,작년 하드도 이따구이진 않았는데ㅋㅋ?,"ㅋㅋ
- ORACLE RED BULL RACING RB20",37,37.0,"작년 하드도 이따구이진 않았는데ㅋㅋ? ㅋㅋ
- ORACLE RED BULL RACING RB20",작년 하드도 이따구이진 않았는데ㅋㅋ? ㅋㅋ - ORACLE RED BULL RACING RB20,0.09757707267999649,0.3354912996292114,0.21456588804721832,0.15005142986774445,0.12385433912277222,0.07846004515886307
2024-09-22 22:03:37,콜라 숏컷탔노 ㅋㅋㅋㅋㅋ,ㅋㅋㅋㅋㅋ,37,37.0,콜라 숏컷탔노 ㅋㅋㅋㅋㅋ ㅋㅋㅋㅋㅋ,콜라 숏컷탔노 ㅋㅋㅋㅋㅋ ㅋㅋㅋㅋㅋ,0.6624026894569397,0.13167114555835724,0.08794085681438446,0.056742358952760696,0.03245753049850464,0.028785482048988342
2024-09-22 22:03:39,제발 이거,,37,37.0,제발 이거 ,제발 이거,0.22427131235599518,0.2594723701477051,0.18537604808807373,0.10842587053775787,0.1335253268480301,0.08892909437417984
2024-09-22 22:03:42,리끼아르도 가슬리추월 ㄷㄷ,,37,37.0,리끼아르도 가슬리추월 ㄷㄷ ,리끼아르도 가슬리추월 ㄷㄷ,0.22954806685447693,0.20436657965183258,0.32961586117744446,0.09995163977146149,0.04014312103390694,0.0963747426867485
2024-09-22 22:03:43,막스 레이스지능은 체코이하임?,"차빨빠지니까
개노잼으로 타네
크루징말고 할줄아는게 뭐임",38,38.0,"막스 레이스지능은 체코이하임? 차빨빠지니까
개노잼으로 타네
크루징말고 할줄아는게 뭐임",막스 레이스지능은 체코이하임? 차빨빠지니까 개노잼으로 타네 크루징말고 할줄아는게 뭐임,0.0701502189040184,0.2421349734067917,0.25500330328941345,0.20074637234210968,0.16616366803646088,0.06580149382352829
2024-09-22 22:03:43,몽골견인거 떠나서 재미가 좀 없는듯?,,38,38.0,몽골견인거 떠나서 재미가 좀 없는듯? ,몽골견인거 떠나서 재미가 좀 없는듯?,0.11474329233169556,0.3181309998035431,0.22501792013645172,0.14516694843769073,0.14032773673534393,0.05661313980817795
2024-09-22 22:03:43,세카언제뜨냐,피아제 미소 우승 보고싶다 아 ㅋㅋㅋㅋㅋ,38,38.0,세카언제뜨냐 피아제 미소 우승 보고싶다 아 ㅋㅋㅋㅋㅋ,세카언제뜨냐 피아제 미소 우승 보고싶다 아 ㅋㅋㅋㅋㅋ,0.6499718427658081,0.13206002116203308,0.08469818532466888,0.06373145431280136,0.03899681195616722,0.030541714280843735
2024-09-22 22:04:01,그래서 언제 나옴,,38,38.0,그래서 언제 나옴 ,그래서 언제 나옴,0.15308505296707153,0.2626475691795349,0.28287625312805176,0.11315395683050156,0.10805542767047882,0.08018171787261963
2024-09-22 22:04:02,하 결국 피트들어가네 아오,"ㅡㅡ
- dc official App",38,38.0,"하 결국 피트들어가네 아오 ㅡㅡ
- dc official App",하 결국 피트들어가네 아오 ㅡㅡ,0.10775479674339294,0.2425202876329422,0.10901840031147003,0.24268940091133118,0.25145041942596436,0.046566687524318695
2024-09-22 22:04:03,드디어 하노ㅋㅋㅋㅋㅋㅋ,"망했네~
- dc official App",38,38.0,"드디어 하노ㅋㅋㅋㅋㅋㅋ 망했네~
- dc official App",드디어 하노ㅋㅋㅋㅋㅋㅋ 망했네~,0.4645404815673828,0.21073320508003235,0.091249480843544,0.10485614091157913,0.0776151716709137,0.0510055273771286
2024-09-22 22:04:05,이번시즌 아쉬운 점,"셒티카 존나 안 뜸ㅋㅋ
한 2~3년 전쯤 거의 3~4경기마다 한번꼴로 셒카 띄우던 놈들 있었는데ㅋㅋㅋㅋㅋ
믹슈랑 러시아놈 그리고 페이 드라이버 한놈",38,38.0,"이번시즌 아쉬운 점 셒티카 존나 안 뜸ㅋㅋ
한 2~3년 전쯤 거의 3~4경기마다 한번꼴로 셒카 띄우던 놈들 있었는데ㅋㅋㅋㅋㅋ
믹슈랑 러시아놈 그리고 페이 드라이버 한놈",이번시즌 아쉬운 점 셒티카 존나 안 뜸ㅋㅋ 한 2~3년 전쯤 거의 3~4경기마다 한번꼴로 셒카 띄우던 놈들 있었는데ㅋㅋㅋㅋㅋ 믹슈랑 러시아놈 그리고 페이 드라이버 한놈,0.08315163850784302,0.295575886964798,0.20184074342250824,0.19066749513149261,0.160752072930336,0.06801220774650574
2024-09-22 22:04:02,노리스 패랩경신 ㄷㄷ,,38,38.0,노리스 패랩경신 ㄷㄷ ,노리스 패랩경신 ㄷㄷ,0.22859340906143188,0.20262911915779114,0.3323794901371002,0.10211106389760971,0.041905853897333145,0.09238108992576599
2024-09-22 22:04:09,컴온ㅋㅋㅋ,,38,38.0,컴온ㅋㅋㅋ ,컴온ㅋㅋㅋ,0.7064179182052612,0.11004940420389175,0.067703478038311,0.053783684968948364,0.036136459559202194,0.025909077376127243
2024-09-22 22:04:09,커몬????,,38,38.0,커몬???? ,커몬????,0.24766182899475098,0.2246159017086029,0.3084098696708679,0.0930134654045105,0.05120158940553665,0.07509727776050568
2024-09-22 22:04:10,이게 뭔 전략이니 페라리야,,38,38.0,이게 뭔 전략이니 페라리야 ,이게 뭔 전략이니 페라리야,0.09571918100118637,0.2593667805194855,0.3153913915157318,0.1478065401315689,0.07597119361162186,0.10574492067098618
2024-09-22 22:04:14,2.2 ㄷ,,38,38.0,2.2 ㄷ ,2.2 ㄷ,0.1736447513103485,0.22173522412776947,0.3137398064136505,0.12247318774461746,0.05455344170331955,0.11385361850261688
2024-09-22 22:04:17,컴온ㅋㅋㅋㅋㅋㅋ,ㅋㅋㅋ,38,38.0,컴온ㅋㅋㅋㅋㅋㅋ ㅋㅋㅋ,컴온ㅋㅋㅋㅋㅋㅋ ㅋㅋㅋ,0.7133311033248901,0.10920728743076324,0.06423676759004593,0.05401353910565376,0.03533298149704933,0.023878229781985283
2024-09-22 22:04:16,2.2 빨랐다,,38,38.0,2.2 빨랐다 ,2.2 빨랐다,0.5227853059768677,0.19919896125793457,0.11203981935977936,0.07365480065345764,0.057216428220272064,0.035104673355817795
2024-09-22 22:04:17,커몬ㅋㅋㅋㅋ,,38,38.0,커몬ㅋㅋㅋㅋ ,커몬ㅋㅋㅋㅋ,0.697356641292572,0.10958801209926605,0.07649219036102295,0.0609569288790226,0.0328625850379467,0.022743606939911842
2024-09-22 22:04:17,2.2 ㄷ,"ㄷ
- dc official App",38,38.0,"2.2 ㄷ ㄷ
- dc official App",2.2 ㄷ ㄷ,0.15274977684020996,0.21241648495197296,0.33515796065330505,0.12613186240196228,0.060495514422655106,0.11304843425750732
2024-09-22 22:04:18,2.2ㅅㅅㅅㅅ,- dc official App,38,38.0,2.2ㅅㅅㅅㅅ - dc official App,2.2ㅅㅅㅅㅅ - dc official App,0.5434227585792542,0.15811848640441895,0.1406341791152954,0.08362828940153122,0.04283570125699043,0.03136064484715462
2024-09-22 22:04:18,르끌 2.2 ㅋㅋㅋ,,38,38.0,르끌 2.2 ㅋㅋㅋ ,르끌 2.2 ㅋㅋㅋ,0.20357021689414978,0.274570107460022,0.21701151132583618,0.15413056313991547,0.07561555504798889,0.07510211318731308
2024-09-22 22:04:20,2.2 빠르다,- dc official App,38,38.0,2.2 빠르다 - dc official App,2.2 빠르다 - dc official App,0.4803466200828552,0.18524406850337982,0.17181946337223053,0.07946017384529114,0.044972777366638184,0.03815692663192749
2024-09-22 22:04:20,세카나오지마 나오지마.나오지마 2.2 ㅅㅅㅅㅅㅅㅅ,"ㅅㅅ
- dc official App",38,38.0,"세카나오지마 나오지마.나오지마 2.2 ㅅㅅㅅㅅㅅㅅ ㅅㅅ
- dc official App",세카나오지마 나오지마.나오지마 2.2 ㅅㅅㅅㅅㅅㅅ ㅅㅅ,0.4279400706291199,0.1944301426410675,0.09248676151037216,0.15455900132656097,0.08600335568189621,0.04458068683743477
2024-09-22 22:04:20,커먼ㅋ ㅋㅋㅋㅋ,,38,38.0,커먼ㅋ ㅋㅋㅋㅋ ,커먼ㅋ ㅋㅋㅋㅋ,0.6818286180496216,0.12037519365549088,0.08301042765378952,0.05823399871587753,0.03215310722589493,0.024398669600486755
2024-09-22 22:04:21,대 라 리,,38,38.0,대 라 리 ,대 라 리,0.646247386932373,0.1237872838973999,0.10026751458644867,0.06656594574451447,0.034946881234645844,0.028184853494167328
2024-09-22 22:04:25,컴온으로 부르는건 또 첨 보노 ㅋㅋ,,38,38.0,컴온으로 부르는건 또 첨 보노 ㅋㅋ ,컴온으로 부르는건 또 첨 보노 ㅋㅋ,0.2218775749206543,0.26707300543785095,0.2831019163131714,0.10496814548969269,0.04492636397480965,0.07805301249027252
2024-09-22 22:04:27,컴온 하지말라고 보지야 ㅆㅂ,,38,38.0,컴온 하지말라고 보지야 ㅆㅂ ,컴온 하지말라고 보지야 ㅆㅂ,0.17695312201976776,0.17350240051746368,0.11678529530763626,0.3417440354824066,0.13892732560634613,0.05208780616521835
2024-09-22 22:04:29,간만에 대라리 ㄷ,,38,38.0,간만에 대라리 ㄷ ,간만에 대라리 ㄷ,0.6930866241455078,0.11252298206090927,0.07897596806287766,0.05719507485628128,0.033237963914871216,0.024981413036584854
2024-09-22 22:04:29,대라리 패배선언 시이팔ㅋㅋㅋㅋ,,38,38.0,대라리 패배선언 시이팔ㅋㅋㅋㅋ ,대라리 패배선언 시이팔ㅋㅋㅋㅋ,0.1177038699388504,0.17828811705112457,0.12516193091869354,0.318744421005249,0.19539667665958405,0.06470498442649841
2024-09-22 22:04:34,르끌 시발 좆망이네 아오,개망라리,38,38.0,르끌 시발 좆망이네 아오 개망라리,르끌 시발 좆망이네 아오 개망라리,0.11643049120903015,0.19837786257266998,0.11549320816993713,0.28443461656570435,0.2426011562347412,0.042662739753723145
2024-09-22 22:04:36,오 2.2 ㅋㅋㅋ,"ㅋㅋ,",38,38.0,"오 2.2 ㅋㅋㅋ ㅋㅋ,","오 2.2 ㅋㅋㅋ ㅋㅋ,",0.6211678385734558,0.14348077774047852,0.11448723077774048,0.06050989031791687,0.030614985153079033,0.0297393761575222
2024-09-22 22:04:37,피아제 존버모드냐 ㅋㅋㅋ,- dc official App,38,38.0,피아제 존버모드냐 ㅋㅋㅋ - dc official App,피아제 존버모드냐 ㅋㅋㅋ - dc official App,0.33751869201660156,0.2563968300819397,0.1607535034418106,0.11746182292699814,0.06785386800765991,0.060015249997377396
2024-09-22 22:04:39,진짜로 타이트하네,,38,38.0,진짜로 타이트하네 ,진짜로 타이트하네,0.1037251278758049,0.27130916714668274,0.3079877197742462,0.12858609855175018,0.09301446378231049,0.09537743777036667
2024-09-22 22:04:40,꺼먼,아,38,38.0,꺼먼 아,꺼먼 아,0.2449786514043808,0.32346007227897644,0.1674206256866455,0.12227257341146469,0.0841202586889267,0.057747699320316315
2024-09-22 22:04:40,르끌 오늘 레이스 조졌네,그 발언 ㅋㅋ,38,38.0,르끌 오늘 레이스 조졌네 그 발언 ㅋㅋ,르끌 오늘 레이스 조졌네 그 발언 ㅋㅋ,0.09132464975118637,0.36628517508506775,0.1593063473701477,0.16783109307289124,0.1252059042453766,0.09004689007997513
2024-09-22 22:04:42,막스 1초씩 줄고 있는데,- dc official App,38,38.0,막스 1초씩 줄고 있는데 - dc official App,막스 1초씩 줄고 있는데 - dc official App,0.27645280957221985,0.2743619680404663,0.22283589839935303,0.09678187966346741,0.07225292176008224,0.05731452256441116
2024-09-22 22:04:44,크… 헐크 까비…,,38,38.0,크… 헐크 까비… ,크… 헐크 까비…,0.18184340000152588,0.3462437689304352,0.15663635730743408,0.12091296166181564,0.12680768966674805,0.06755578517913818
2024-09-22 22:04:44,그래도 헐크 앞으로 나왔네 휴,,38,38.0,그래도 헐크 앞으로 나왔네 휴 ,그래도 헐크 앞으로 나왔네 휴,0.5230600237846375,0.1878698170185089,0.11214212328195572,0.07078998535871506,0.060841165482997894,0.04529685899615288
2024-09-22 22:04:44,제발세카제발세카ㅋㅋ,"ㅋㅋ
- ORACLE RED BULL RACING RB20",38,38.0,"제발세카제발세카ㅋㅋ ㅋㅋ
- ORACLE RED BULL RACING RB20",제발세카제발세카ㅋㅋ ㅋㅋ - ORACLE RED BULL RACING RB20,0.6559762954711914,0.12585100531578064,0.07861160486936569,0.07145079970359802,0.03911852464079857,0.02899177186191082
2024-09-22 22:04:46,와 겨우 앞이네ㅋㅋㅋ,"ㅋㅋㅋ
- dc official App",38,38.0,"와 겨우 앞이네ㅋㅋㅋ ㅋㅋㅋ
- dc official App",와 겨우 앞이네ㅋㅋㅋ ㅋㅋㅋ,0.5218815803527832,0.17893849313259125,0.14843672513961792,0.07151788473129272,0.03568929061293602,0.04353604465723038
2024-09-22 22:04:48,이제 세이프티카 뜨겠노 ㅋㅋㅋㅋㅋㅋ,,38,38.0,이제 세이프티카 뜨겠노 ㅋㅋㅋㅋㅋㅋ ,이제 세이프티카 뜨겠노 ㅋㅋㅋㅋㅋㅋ,0.6079410910606384,0.14266997575759888,0.10948358476161957,0.06981167942285538,0.03576480969786644,0.034328892827034
2024-09-22 22:04:50,존나 타이트 하네ㅋㅋㅋ,,38,38.0,존나 타이트 하네ㅋㅋㅋ ,존나 타이트 하네ㅋㅋㅋ,0.1739339679479599,0.24951191246509552,0.28810906410217285,0.12533198297023773,0.059004608541727066,0.10410838574171066
2024-09-22 22:04:52,겨우살았다 ㅋㅋㅋ,ㅋㅋㅋㅋ,38,38.0,겨우살았다 ㅋㅋㅋ ㅋㅋㅋㅋ,겨우살았다 ㅋㅋㅋ ㅋㅋㅋㅋ,0.538208544254303,0.17919154465198517,0.07658518105745316,0.09423484653234482,0.07715342193841934,0.03462649881839752
2024-09-22 22:04:56,제발 셒카좀 제발,ㅈㅂ,38,38.0,제발 셒카좀 제발 ㅈㅂ,제발 셒카좀 제발 ㅈㅂ,0.1547456681728363,0.18619142472743988,0.15448284149169922,0.22753320634365082,0.20544110238552094,0.07160579413175583
2024-09-22 22:04:56,패라리 열심히는 하고있노 ㅋㅋㅋㅋㅋㅋㅋㅋ,,38,38.0,패라리 열심히는 하고있노 ㅋㅋㅋㅋㅋㅋㅋㅋ ,패라리 열심히는 하고있노 ㅋㅋㅋㅋㅋㅋㅋㅋ,0.5900449752807617,0.1562090814113617,0.10788291692733765,0.060025960206985474,0.04041377082467079,0.045423392206430435
2024-09-22 22:05:00,르끌이 소프트 안 끼고 하드로 가네ㅋㅋㅋ,기왕에 버틴거 소프트로 가보지,38,38.0,르끌이 소프트 안 끼고 하드로 가네ㅋㅋㅋ 기왕에 버틴거 소프트로 가보지,르끌이 소프트 안 끼고 하드로 가네ㅋㅋㅋ 기왕에 버틴거 소프트로 가보지,0.18651603162288666,0.25311020016670227,0.3012811541557312,0.09876925498247147,0.05039588734507561,0.10992750525474548
2024-09-22 22:05:00,"""좀 드가자""",,38,38.0,"""좀 드가자"" ","""좀 드가자""",0.4372495412826538,0.19984793663024902,0.09866735339164734,0.11999659985303879,0.09677740931510925,0.04746108502149582
2024-09-22 22:05:00,타이어...온도....사인츠...,,38,38.0,타이어...온도....사인츠... ,타이어...온도....사인츠...,0.11437122523784637,0.32520943880081177,0.21780896186828613,0.1279139369726181,0.15071633458137512,0.06398013979196548
2024-09-22 22:05:03,왜 하드야…00,- dc official App,38,38.0,왜 하드야…00 - dc official App,왜 하드야…00 - dc official App,0.10056968033313751,0.32001641392707825,0.2478160262107849,0.142091304063797,0.12364953011274338,0.06585709005594254
2024-09-22 22:05:01,싱가폴<<당장갖다버리고 인천해야되면 개추ㅋㅋㅋ,송도 8차선 직빨 << 마려우면 개추ㅋㅋㅋㅋㅋ,38,38.0,싱가폴<<당장갖다버리고 인천해야되면 개추ㅋㅋㅋ 송도 8차선 직빨 << 마려우면 개추ㅋㅋㅋㅋㅋ,싱가폴<<당장갖다버리고 인천해야되면 개추ㅋㅋㅋ 송도 8차선 직빨 << 마려우면 개추ㅋㅋㅋㅋㅋ,0.4570285975933075,0.1760515719652176,0.13422437012195587,0.12270859628915787,0.059939730912446976,0.050047121942043304
2024-09-22 22:05:09,알론소는 타이밍 잘 잡았나보네,아까 헐크 르끌 사이에 껴있더만,38,38.0,알론소는 타이밍 잘 잡았나보네 아까 헐크 르끌 사이에 껴있더만,알론소는 타이밍 잘 잡았나보네 아까 헐크 르끌 사이에 껴있더만,0.2024335414171219,0.22674797475337982,0.2985943555831909,0.09839216619729996,0.04712861403822899,0.12670336663722992
2024-09-22 22:05:10,사인츠 조나 올라왔네 ㄷㄷ,"ㄷ
- dc official App",38,38.0,"사인츠 조나 올라왔네 ㄷㄷ ㄷ
- dc official App",사인츠 조나 올라왔네 ㄷㄷ ㄷ,0.12287241965532303,0.22880491614341736,0.301175594329834,0.1434648483991623,0.0759308934211731,0.12775133550167084
2024-09-22 22:05:11,피아제 쟤는 언제까지 깍노,- dc official App,38,38.0,피아제 쟤는 언제까지 깍노 - dc official App,피아제 쟤는 언제까지 깍노 - dc official App,0.08809138834476471,0.31861603260040283,0.17152756452560425,0.18726803362369537,0.1575145721435547,0.07698238641023636
2024-09-22 22:05:11,타이어 깎는 피아제 ㅋㅋ,미친놈,38,38.0,타이어 깎는 피아제 ㅋㅋ 미친놈,타이어 깎는 피아제 ㅋㅋ 미친놈,0.09038387984037399,0.1940726786851883,0.2697238326072693,0.23458899557590485,0.117582768201828,0.09364785999059677
2024-09-22 22:05:13,사인츠 슈퍼언더컷 미쳤네 ㅋㅋㅋㅋㅋ,살아남기만 해라 ㄹㅇ,38,38.0,사인츠 슈퍼언더컷 미쳤네 ㅋㅋㅋㅋㅋ 살아남기만 해라 ㄹㅇ,사인츠 슈퍼언더컷 미쳤네 ㅋㅋㅋㅋㅋ 살아남기만 해라 ㄹㅇ,0.4952274262905121,0.1760941594839096,0.17327499389648438,0.06565021723508835,0.029959019273519516,0.059794239699840546
2024-09-22 22:05:13,피아제 점마 왜 안들어가노,,38,38.0,피아제 점마 왜 안들어가노 ,피아제 점마 왜 안들어가노,0.10378564894199371,0.23924466967582703,0.15518717467784882,0.2744905650615692,0.18102651834487915,0.046265434473752975
2024-09-22 22:05:15,세카 좀 누가 불러봐라,젭알,38,38.0,세카 좀 누가 불러봐라 젭알,세카 좀 누가 불러봐라 젭알,0.28253278136253357,0.2292332500219345,0.19954940676689148,0.09980297088623047,0.1046772375702858,0.08420436084270477
2024-09-22 22:05:21,아니 이게 맞노??,8위였는데,38,38.0,아니 이게 맞노?? 8위였는데,아니 이게 맞노?? 8위였는데,0.1013510450720787,0.2637270390987396,0.2768367528915405,0.14902013540267944,0.09443455934524536,0.11463049799203873
2024-09-22 22:05:21,피아제 대체 언제들어가냐,,38,38.0,피아제 대체 언제들어가냐 ,피아제 대체 언제들어가냐,0.09254810959100723,0.27817511558532715,0.18254350125789642,0.18174993991851807,0.20389123260974884,0.06109210476279259
2024-09-22 22:05:23,츠노다 소프트 존나 빠르긴하네 ㅋㅋㅋㅋ,"미소소로 일내자
- dc official App",39,39.0,"츠노다 소프트 존나 빠르긴하네 ㅋㅋㅋㅋ 미소소로 일내자
- dc official App",츠노다 소프트 존나 빠르긴하네 ㅋㅋㅋㅋ 미소소로 일내자,0.5813235640525818,0.15130533277988434,0.13834558427333832,0.05615073814988136,0.02980739250779152,0.043067388236522675
2024-09-22 22:05:23,올해는 훌켄버그의 꿈과 희망이냐???,,39,39.0,올해는 훌켄버그의 꿈과 희망이냐??? ,올해는 훌켄버그의 꿈과 희망이냐???,0.37344658374786377,0.22760148346424103,0.1909320056438446,0.08119125664234161,0.06459406018257141,0.06223466992378235
2024-09-22 22:05:27,시발 이제 셒카 꺼져,,39,39.0,시발 이제 셒카 꺼져 ,시발 이제 셒카 꺼져,0.20181386172771454,0.1734091341495514,0.11363156139850616,0.3136853575706482,0.15595759451389313,0.04150249436497688
2024-09-22 22:05:27,하드라고??,미디엄을 하드보다 거의 2배를 더 쓴다고???,39,39.0,하드라고?? 미디엄을 하드보다 거의 2배를 더 쓴다고???,하드라고?? 미디엄을 하드보다 거의 2배를 더 쓴다고???,0.10285571217536926,0.2199651151895523,0.33514294028282166,0.15245699882507324,0.078297920525074,0.11128132790327072
2024-09-22 22:05:27,피아제 셒카 노리냐 왜 안들어가노 ㅋㅋㅋ,,39,39.0,피아제 셒카 노리냐 왜 안들어가노 ㅋㅋㅋ ,피아제 셒카 노리냐 왜 안들어가노 ㅋㅋㅋ,0.11978919804096222,0.2668831944465637,0.2743542790412903,0.16195569932460785,0.08603974431753159,0.09097792953252792
2024-09-22 22:05:30,지금 피아제 들어가면 경 뒤에서 나오지?,,39,39.0,지금 피아제 들어가면 경 뒤에서 나오지? ,지금 피아제 들어가면 경 뒤에서 나오지?,0.15631945431232452,0.24949297308921814,0.30613479018211365,0.10433948040008545,0.07695285230875015,0.1067604348063469
2024-09-22 22:05:32,츠노다 소프트는 뭔 전략이냐,,39,39.0,츠노다 소프트는 뭔 전략이냐 ,츠노다 소프트는 뭔 전략이냐,0.12672856450080872,0.23755843937397003,0.35643869638442993,0.11802208423614502,0.08396997302770615,0.07728221267461777
2024-09-22 22:05:36,팩트는체코가힘을아끼고있다는거임…,"ㄹㅇㄹㅇ
….",39,39.0,"팩트는체코가힘을아끼고있다는거임… ㄹㅇㄹㅇ
….",팩트는체코가힘을아끼고있다는거임… ㄹㅇㄹㅇ ….,0.13652707636356354,0.3556632101535797,0.20345692336559296,0.1009507104754448,0.12155956029891968,0.08184250444173813
2024-09-22 22:05:37,아니 왜 하드임????,ㅋㅋㅋㅋㅋㅋ,39,39.0,아니 왜 하드임???? ㅋㅋㅋㅋㅋㅋ,아니 왜 하드임???? ㅋㅋㅋㅋㅋㅋ,0.1473742574453354,0.2742408215999603,0.2927568852901459,0.1212020069360733,0.06429489701986313,0.10013111680746078
2024-09-22 22:05:41,13노다잖음 소프트끼니까,"ㅇㅇㅇ
- dc official App",39,39.0,"13노다잖음 소프트끼니까 ㅇㅇㅇ
- dc official App",13노다잖음 소프트끼니까 ㅇㅇㅇ,0.13629081845283508,0.28696730732917786,0.2808786630630493,0.1271515190601349,0.10598538815975189,0.06272629648447037
2024-09-22 22:05:41,세이프티 언제나오노,잠 오겠네 ㅅㅂ,39,39.0,세이프티 언제나오노 잠 오겠네 ㅅㅂ,세이프티 언제나오노 잠 오겠네 ㅅㅂ,0.16008637845516205,0.23521244525909424,0.10072652995586395,0.22863554954528809,0.23877380788326263,0.03656533733010292
2024-09-22 22:05:42,피아제는 징징타임인데도 존나 담백하네ㅋㅋ,.,39,39.0,피아제는 징징타임인데도 존나 담백하네ㅋㅋ .,피아제는 징징타임인데도 존나 담백하네ㅋㅋ .,0.1273801475763321,0.23319709300994873,0.29550957679748535,0.1375948041677475,0.06804142147302628,0.13827699422836304
2024-09-22 22:05:49,피아제 지금 드가면 될거같은데,쥬지 못막을거같나,39,39.0,피아제 지금 드가면 될거같은데 쥬지 못막을거같나,피아제 지금 드가면 될거같은데 쥬지 못막을거같나,0.1384943276643753,0.23657885193824768,0.3202231228351593,0.09975724667310715,0.07931437343358994,0.12563203275203705
2024-09-22 22:05:53,소프트로는 끝까지 못가니까 하드지 왜 하드겟냐,,39,39.0,소프트로는 끝까지 못가니까 하드지 왜 하드겟냐 ,소프트로는 끝까지 못가니까 하드지 왜 하드겟냐,0.089897520840168,0.2563863694667816,0.33789733052253723,0.1269756257534027,0.11347376555204391,0.07536932826042175
2024-09-22 22:05:54,피아제 셒카가 아니라 진짜 소프트 할려고 저러나 ㅋㅋ,ㅋㅋㅋ,39,39.0,피아제 셒카가 아니라 진짜 소프트 할려고 저러나 ㅋㅋ ㅋㅋㅋ,피아제 셒카가 아니라 진짜 소프트 할려고 저러나 ㅋㅋ ㅋㅋㅋ,0.14692851901054382,0.25077787041664124,0.3255283236503601,0.11540212482213974,0.05917883664369583,0.10218436270952225
2024-09-22 22:05:55,보타스 헤일로 찍힘자국 개불편하네 ㄹㅇ,"설마 팀에서 모르고있진 않겠지
- dc official App",39,39.0,"보타스 헤일로 찍힘자국 개불편하네 ㄹㅇ 설마 팀에서 모르고있진 않겠지
- dc official App",보타스 헤일로 찍힘자국 개불편하네 ㄹㅇ 설마 팀에서 모르고있진 않겠지,0.1116112470626831,0.2499072253704071,0.16334396600723267,0.21961243450641632,0.1998913437128067,0.05563381686806679
2024-09-22 22:06:06,르끌 소프트가 아니야?,페라리 포기했냐,39,39.0,르끌 소프트가 아니야? 페라리 포기했냐,르끌 소프트가 아니야? 페라리 포기했냐,0.09201924502849579,0.22656063735485077,0.3635411858558655,0.12755081057548523,0.08714671432971954,0.1031813770532608
2024-09-22 22:06:17,콜라 시발 대놓고 벗어났는데 ㅋㅋㅋ,,39,39.0,콜라 시발 대놓고 벗어났는데 ㅋㅋㅋ ,콜라 시발 대놓고 벗어났는데 ㅋㅋㅋ,0.1403757780790329,0.27938950061798096,0.11799125373363495,0.26270052790641785,0.13172179460525513,0.06782110780477524
2024-09-22 22:06:27,피아제 뽁스,,39,39.0,피아제 뽁스 ,피아제 뽁스,0.21570515632629395,0.2279426008462906,0.2614542245864868,0.14062483608722687,0.09294905513525009,0.06132415682077408
2024-09-22 22:06:30,들어가넹,,39,39.0,들어가넹 ,들어가넹,0.5601304173469543,0.17613543570041656,0.09989345818758011,0.07447824627161026,0.053159184753894806,0.03620330989360809
2024-09-22 22:06:32,피아제야 포기하고들어가라,"들어가네
- dc official App",39,39.0,"피아제야 포기하고들어가라 들어가네
- dc official App",피아제야 포기하고들어가라 들어가네,0.07680545747280121,0.30774930119514465,0.2141648679971695,0.13566581904888153,0.17266064882278442,0.09295391291379929
2024-09-22 22:06:33,체이싱(9초차이가 나며),ㅋㅋ,39,39.0,체이싱(9초차이가 나며) ㅋㅋ,체이싱(9초차이가 나며) ㅋㅋ,0.3539237082004547,0.24800795316696167,0.1756373643875122,0.11118203401565552,0.054807063192129135,0.056441906839609146
2024-09-22 22:06:40,피아제 복스복스,"흠
- ORACLE RED BULL RACING RB20",39,39.0,"피아제 복스복스 흠
- ORACLE RED BULL RACING RB20",피아제 복스복스 흠 - ORACLE RED BULL RACING RB20,0.34135323762893677,0.2127721607685089,0.2257496565580368,0.11692947149276733,0.0664076879620552,0.03678775206208229
2024-09-22 22:06:41,피아제 들어가네,- dc official App,39,39.0,피아제 들어가네 - dc official App,피아제 들어가네 - dc official App,0.24135920405387878,0.24115003645420074,0.26267245411872864,0.10983661562204361,0.06761820614337921,0.07736346125602722
2024-09-22 22:06:48,싱가폴 소프트로 22랩 가능하냐,,39,39.0,싱가폴 소프트로 22랩 가능하냐 ,싱가폴 소프트로 22랩 가능하냐,0.16837358474731445,0.2059910148382187,0.3650253713130951,0.10957641154527664,0.05550962686538696,0.09552394598722458
2024-09-22 22:06:50,누리스 왜케 빠르냐,- dc official App,39,39.0,누리스 왜케 빠르냐 - dc official App,누리스 왜케 빠르냐 - dc official App,0.4267787039279938,0.20739096403121948,0.20289191603660583,0.07321170717477798,0.037947867065668106,0.05177878588438034
2024-09-22 22:06:53,피아제 근데 경 뒤로 나오는거 아님?,"ㅇㅅㅇ
- dc official App",39,39.0,"피아제 근데 경 뒤로 나오는거 아님? ㅇㅅㅇ
- dc official App",피아제 근데 경 뒤로 나오는거 아님? ㅇㅅㅇ,0.15636315941810608,0.22563126683235168,0.3411485254764557,0.11187909543514252,0.0723356157541275,0.09264235943555832
2024-09-22 22:06:53,진짜 존나 지루하네,음,39,39.0,진짜 존나 지루하네 음,진짜 존나 지루하네 음,0.13397552073001862,0.30911511182785034,0.1423574984073639,0.1970306783914566,0.15851864218711853,0.059002503752708435
2024-09-22 22:06:54,분노의질주 ㅋㅋ,- dc official App,39,39.0,분노의질주 ㅋㅋ - dc official App,분노의질주 ㅋㅋ - dc official App,0.6830267310142517,0.11231888830661774,0.08153270930051804,0.06527160108089447,0.03389729931950569,0.023952728137373924
2024-09-22 22:06:58,피아제 햄 뒤로 오겠네,,39,39.0,피아제 햄 뒤로 오겠네 ,피아제 햄 뒤로 오겠네,0.11214381456375122,0.20674413442611694,0.34978026151657104,0.12559671700000763,0.09763478487730026,0.10810024291276932
2024-09-22 22:06:59,피아제 하드네 ㅋㅋ,,39,39.0,피아제 하드네 ㅋㅋ ,피아제 하드네 ㅋㅋ,0.1703525185585022,0.24009014666080475,0.25998738408088684,0.16674025356769562,0.07248047739267349,0.0903492420911789
2024-09-22 22:07:04,개슬리 들어가나?,"?
- ORACLE RED BULL RACING RB20",40,40.0,"개슬리 들어가나? ?
- ORACLE RED BULL RACING RB20",개슬리 들어가나? ? - ORACLE RED BULL RACING RB20,0.37902072072029114,0.1965562105178833,0.23522186279296875,0.0876503735780716,0.04805746674537659,0.05349331349134445
2024-09-22 22:07:08,RB19이 다른팀에서 부활했네 ㅋㅋㅋ,MCL38 이새끼 가면 벗겨봐라 이거,40,40.0,RB19이 다른팀에서 부활했네 ㅋㅋㅋ MCL38 이새끼 가면 벗겨봐라 이거,RB19이 다른팀에서 부활했네 ㅋㅋㅋ MCL38 이새끼 가면 벗겨봐라 이거,0.10800634324550629,0.18192225694656372,0.31057998538017273,0.1961083561182022,0.08118584007024765,0.12219718098640442
2024-09-22 22:07:08,"르끌이랑 햄,사인지랑 타이어차이 꽤 크지않냐? 잘하면 5등까진 할만할거같",기도?,40,40.0,"르끌이랑 햄,사인지랑 타이어차이 꽤 크지않냐? 잘하면 5등까진 할만할거같 기도?","르끌이랑 햄,사인지랑 타이어차이 꽤 크지않냐? 잘하면 5등까진 할만할거같 기도?",0.15879754722118378,0.23281390964984894,0.34145456552505493,0.09947654604911804,0.07297566533088684,0.09448176622390747
2024-09-22 22:07:12,오늘 죄다 2.2네 ㄷㄷㄷ,,40,40.0,오늘 죄다 2.2네 ㄷㄷㄷ ,오늘 죄다 2.2네 ㄷㄷㄷ,0.10422100871801376,0.24471794068813324,0.23648585379123688,0.15858598053455353,0.14720293879508972,0.10878635197877884
2024-09-22 22:07:12,싱가폴 좆노잼이네,ㅅㅂㅋㅋㅋㅋ,40,40.0,싱가폴 좆노잼이네 ㅅㅂㅋㅋㅋㅋ,싱가폴 좆노잼이네 ㅅㅂㅋㅋㅋㅋ,0.12717358767986298,0.30568727850914,0.14113305509090424,0.20404407382011414,0.1630631536245346,0.05889885500073433
2024-09-22 22:07:13,2.2ㄷㄷ,- dc official App,40,40.0,2.2ㄷㄷ - dc official App,2.2ㄷㄷ - dc official App,0.24497441947460175,0.21549256145954132,0.3004499077796936,0.11091682314872742,0.05092032626271248,0.07724594324827194
2024-09-22 22:07:14,츠노다 소프트 뭐노ㅋㅋㅋㅋㅋㅋ,진심이냐,40,40.0,츠노다 소프트 뭐노ㅋㅋㅋㅋㅋㅋ 진심이냐,츠노다 소프트 뭐노ㅋㅋㅋㅋㅋㅋ 진심이냐,0.11306940764188766,0.24983438849449158,0.30938586592674255,0.14467279613018036,0.07904592901468277,0.10399163514375687
2024-09-22 22:07:13,2.2 ㅋㅋㅋㅋㅋ,,40,40.0,2.2 ㅋㅋㅋㅋㅋ ,2.2 ㅋㅋㅋㅋㅋ,0.34515634179115295,0.22991089522838593,0.1848595291376114,0.12926746904850006,0.053175657987594604,0.05763011798262596
2024-09-22 22:07:14,하드네?,,40,40.0,하드네? ,하드네?,0.2564510703086853,0.2190079689025879,0.305854856967926,0.09283925592899323,0.04214799776673317,0.08369889110326767
2024-09-22 22:07:19,피아스트리 하드네??,,40,40.0,피아스트리 하드네?? ,피아스트리 하드네??,0.2309320718050003,0.22031019628047943,0.32026708126068115,0.09729713946580887,0.04680262878537178,0.08439092338085175
2024-09-22 22:07:24,노리스는 피트스탑 한번더해도되겠노 십 ㅋㅋ,ㅋㅋ,40,40.0,노리스는 피트스탑 한번더해도되겠노 십 ㅋㅋ ㅋㅋ,노리스는 피트스탑 한번더해도되겠노 십 ㅋㅋ ㅋㅋ,0.4928290545940399,0.18219414353370667,0.12648943066596985,0.08980505168437958,0.056710075587034225,0.051972322165966034
2024-09-22 22:07:25,오늘 핏스탑크루 이악물었네ㅋㅋㅋ,"죄다 2.2네
- dc official App",40,40.0,"오늘 핏스탑크루 이악물었네ㅋㅋㅋ 죄다 2.2네
- dc official App",오늘 핏스탑크루 이악물었네ㅋㅋㅋ 죄다 2.2네,0.1389085054397583,0.31164059042930603,0.13607266545295715,0.18665453791618347,0.1300087869167328,0.09671497344970703
2024-09-22 22:07:26,오늘 다들 빠르네,- dc official App,40,40.0,오늘 다들 빠르네 - dc official App,오늘 다들 빠르네 - dc official App,0.48890992999076843,0.19206593930721283,0.17465567588806152,0.06053350120782852,0.034260496497154236,0.04957447201013565
2024-09-22 22:07:26,피아제의 추격쇼 시작ㅋㅋㅋㅋ,"쥬지몽골 딱대
- dc official App",40,40.0,"피아제의 추격쇼 시작ㅋㅋㅋㅋ 쥬지몽골 딱대
- dc official App",피아제의 추격쇼 시작ㅋㅋㅋㅋ 쥬지몽골 딱대,0.5290552377700806,0.15826602280139923,0.11819544434547424,0.1068420261144638,0.04604417458176613,0.04159711301326752
2024-09-22 22:07:26,작년아제르바이잔급이네 ㅅㅂ,,40,40.0,작년아제르바이잔급이네 ㅅㅂ ,작년아제르바이잔급이네 ㅅㅂ,0.10456936806440353,0.19141662120819092,0.13709284365177155,0.30372512340545654,0.21611210703849792,0.047083985060453415
2024-09-22 22:07:27,귀신같이 다들 2.2에 끊네,- dc official App,40,40.0,귀신같이 다들 2.2에 끊네 - dc official App,귀신같이 다들 2.2에 끊네 - dc official App,0.1177796870470047,0.2738744616508484,0.20779889822006226,0.1929001659154892,0.10702287405729294,0.10062393546104431
2024-09-22 22:07:33,핏스탑 짰나 하나같이 2.2노 ㅋㅋㅋ,피트스탑마저 노잼,40,40.0,핏스탑 짰나 하나같이 2.2노 ㅋㅋㅋ 피트스탑마저 노잼,핏스탑 짰나 하나같이 2.2노 ㅋㅋㅋ 피트스탑마저 노잼,0.08429867774248123,0.3183426558971405,0.19230888783931732,0.1769346296787262,0.17219017446041107,0.055925000458955765
2024-09-22 22:07:33,하드 꼈네,,40,40.0,하드 꼈네 ,하드 꼈네,0.15873309969902039,0.2869682312011719,0.2799272835254669,0.11564382910728455,0.06681641936302185,0.09191114455461502
2024-09-22 22:07:38,몽골만 3초 ㅋㅋㅋㅋㅋㅋㅋㅋㅋㅋ,,40,40.0,몽골만 3초 ㅋㅋㅋㅋㅋㅋㅋㅋㅋㅋ ,몽골만 3초 ㅋㅋㅋㅋㅋㅋㅋㅋㅋㅋ,0.25663837790489197,0.2629554271697998,0.2033097892999649,0.13568827509880066,0.05982896313071251,0.08157918602228165
2024-09-22 22:07:39,하드 낄꺼면 순수하게 셒카기원했던거냐ㅋㅋㅋ,ㅋㅋㅋ,40,40.0,하드 낄꺼면 순수하게 셒카기원했던거냐ㅋㅋㅋ ㅋㅋㅋ,하드 낄꺼면 순수하게 셒카기원했던거냐ㅋㅋㅋ ㅋㅋㅋ,0.28058433532714844,0.2597216069698334,0.15531028807163239,0.16540849208831787,0.07871799170970917,0.06025722622871399
2024-09-22 22:07:39,물탕이 뒤로나오면 진짜 개손해 아닌가,ㅋㅋ,40,40.0,물탕이 뒤로나오면 진짜 개손해 아닌가 ㅋㅋ,물탕이 뒤로나오면 진짜 개손해 아닌가 ㅋㅋ,0.09766638278961182,0.26845666766166687,0.31854090094566345,0.12445805221796036,0.07893239706754684,0.11194559186697006
2024-09-22 22:07:40,갭이 ㅅㅂ 40초 뜰거같은데요,"저기요?
- ORACLE RED BULL RACING RB20",40,40.0,"갭이 ㅅㅂ 40초 뜰거같은데요 저기요?
- ORACLE RED BULL RACING RB20",갭이 ㅅㅂ 40초 뜰거같은데요 저기요? - ORACLE RED BULL RACING RB20,0.1025543063879013,0.25749197602272034,0.18768592178821564,0.2327824980020523,0.14828157424926758,0.07120375335216522
2024-09-22 22:07:40,개슬리 소프트 ㅋ.,,40,40.0,개슬리 소프트 ㅋ. ,개슬리 소프트 ㅋ.,0.674900233745575,0.11877522617578506,0.07713320106267929,0.06690654903650284,0.03662491962313652,0.025659825652837753
2024-09-22 22:07:43,망햇네,ㅇ,40,40.0,망햇네 ㅇ,망햇네 ㅇ,0.08651165664196014,0.3240441679954529,0.1525135189294815,0.16225625574588776,0.19305351376533508,0.08162087202072144
2024-09-22 22:07:48,40랩 버티고 20랩을 하드?,,40,40.0,40랩 버티고 20랩을 하드? ,40랩 버티고 20랩을 하드?,0.12415184825658798,0.21358200907707214,0.36716023087501526,0.12632109224796295,0.06019455939531326,0.10859037190675735
2024-09-22 22:07:53,누리스 30초 또 벌리고 피트인 세레모니 함 해라 ㅋㅋㅋ,,40,40.0,누리스 30초 또 벌리고 피트인 세레모니 함 해라 ㅋㅋㅋ ,누리스 30초 또 벌리고 피트인 세레모니 함 해라 ㅋㅋㅋ,0.6298225522041321,0.13431896269321442,0.0930071547627449,0.0736958310008049,0.036254312843084335,0.032901134341955185
2024-09-22 22:07:59,몽골:아 씨발,- dc official App,40,40.0,몽골:아 씨발 - dc official App,몽골:아 씨발 - dc official App,0.13204613327980042,0.18776848912239075,0.1572491079568863,0.3001890182495117,0.1585434079170227,0.06420387327671051
2024-09-22 22:08:02,아니근데 세카왜안뜨냐고,,40,40.0,아니근데 세카왜안뜨냐고 ,아니근데 세카왜안뜨냐고,0.1272108256816864,0.31161606311798096,0.10851041227579117,0.1911448985338211,0.21944767236709595,0.04207010194659233
2024-09-22 22:08:12,왜 다 하드 쓰냐,하드 쓰면 좋은 거 있음?,40,40.0,왜 다 하드 쓰냐 하드 쓰면 좋은 거 있음?,왜 다 하드 쓰냐 하드 쓰면 좋은 거 있음?,0.1064879298210144,0.24731339514255524,0.3397798240184784,0.12344139814376831,0.09928307682275772,0.08369436860084534
2024-09-22 22:08:13,시발 제발 노리스 자빠져라,"제발
- dc official App",40,40.0,"시발 제발 노리스 자빠져라 제발
- dc official App",시발 제발 노리스 자빠져라 제발,0.18197490274906158,0.14650864899158478,0.12983743846416473,0.31461408734321594,0.1817428320646286,0.04532202333211899
2024-09-22 22:08:15,노리스 뭔가 해야 안되겠냐,2020년급 리드네 ㄷㄷ,40,40.0,노리스 뭔가 해야 안되겠냐 2020년급 리드네 ㄷㄷ,노리스 뭔가 해야 안되겠냐 2020년급 리드네 ㄷㄷ,0.12615270912647247,0.21525360643863678,0.33527228236198425,0.12405353784561157,0.061880242079496384,0.13738761842250824
2024-09-22 22:08:21,이게 셒카가 안뜨나 ㅋㅋ,허 ㅋㅋ,40,40.0,이게 셒카가 안뜨나 ㅋㅋ 허 ㅋㅋ,이게 셒카가 안뜨나 ㅋㅋ 허 ㅋㅋ,0.1399562656879425,0.359749972820282,0.16833263635635376,0.15026746690273285,0.09359768778085709,0.08809599280357361
2024-09-22 22:08:23,콜라 노퍼더 개꿀 ㅋㅋㅋ,,40,40.0,콜라 노퍼더 개꿀 ㅋㅋㅋ ,콜라 노퍼더 개꿀 ㅋㅋㅋ,0.6955592632293701,0.11401496082544327,0.06254703551530838,0.060340818017721176,0.043114736676216125,0.024423202499747276
2024-09-22 22:08:23,지금 르끌레가 젤 빠르네,,40,40.0,지금 르끌레가 젤 빠르네 ,지금 르끌레가 젤 빠르네,0.36157283186912537,0.23473894596099854,0.20802834630012512,0.07695590704679489,0.049987807869911194,0.06871616095304489
2024-09-22 22:08:25,소프트 꽂는 정신 아픔이들은 레이스 포기하고 테스트하는거냐,?,40,40.0,소프트 꽂는 정신 아픔이들은 레이스 포기하고 테스트하는거냐 ?,소프트 꽂는 정신 아픔이들은 레이스 포기하고 테스트하는거냐 ?,0.0661899670958519,0.29112008213996887,0.2202286571264267,0.16341295838356018,0.1716797947883606,0.08736848086118698
2024-09-22 22:08:27,노셒카 행진 24시즌 vs 100% 셒카 싱가폴,개같이 24시즌 승리 ㅋㅋㅋㅋㅋ,40,40.0,노셒카 행진 24시즌 vs 100% 셒카 싱가폴 개같이 24시즌 승리 ㅋㅋㅋㅋㅋ,노셒카 행진 24시즌 vs 100% 셒카 싱가폴 개같이 24시즌 승리 ㅋㅋㅋㅋㅋ,0.6893708109855652,0.11421907693147659,0.06928065419197083,0.06572374701499939,0.03422359377145767,0.027182089164853096
2024-09-22 22:08:33,대황콘 ㅋㅋㅋㅋㅋㅋ,ㅋㅋㅋㅋㅋㅋ,40,40.0,대황콘 ㅋㅋㅋㅋㅋㅋ ㅋㅋㅋㅋㅋㅋ,대황콘 ㅋㅋㅋㅋㅋㅋ ㅋㅋㅋㅋㅋㅋ,0.7137717008590698,0.11062479019165039,0.06041084975004196,0.05569860711693764,0.036035697907209396,0.02345832623541355
2024-09-22 22:08:34,병신듀오 ㅋㅋ,,40,40.0,병신듀오 ㅋㅋ ,병신듀오 ㅋㅋ,0.6986019611358643,0.11557897180318832,0.0694359615445137,0.05534089356660843,0.03564443066716194,0.025397811084985733
2024-09-22 22:08:34,알핀듀오 ㄷㄷㄷㄷ,,40,40.0,알핀듀오 ㄷㄷㄷㄷ ,알핀듀오 ㄷㄷㄷㄷ,0.2531886100769043,0.20775511860847473,0.3149634003639221,0.09425367414951324,0.03926001116633415,0.09057912230491638
2024-09-22 22:08:36,또 알핀듀옼ㅋㅋㅋㅋ,ㅋㅋㅋㅋ,40,40.0,또 알핀듀옼ㅋㅋㅋㅋ ㅋㅋㅋㅋ,또 알핀듀옼ㅋㅋㅋㅋ ㅋㅋㅋㅋ,0.7116219997406006,0.11032836884260178,0.06941290199756622,0.05413580685853958,0.03229104354977608,0.022209933027625084
2024-09-22 22:08:37,여기서 셒카뜨면 피아가 제일 이득인가요?,제일 타이어 짱짱한데,40,40.0,여기서 셒카뜨면 피아가 제일 이득인가요? 제일 타이어 짱짱한데,여기서 셒카뜨면 피아가 제일 이득인가요? 제일 타이어 짱짱한데,0.2799810767173767,0.2327221930027008,0.2739202678203583,0.08055397868156433,0.055793944746255875,0.07702847570180893
2024-09-22 22:08:37,아오 맥 전략팀 진짜ㅋㅋ,20렙남기고 하드는 말인가요 방구인가요,40,40.0,아오 맥 전략팀 진짜ㅋㅋ 20렙남기고 하드는 말인가요 방구인가요,아오 맥 전략팀 진짜ㅋㅋ 20렙남기고 하드는 말인가요 방구인가요,0.08213884383440018,0.257656067609787,0.20066793262958527,0.21787403523921967,0.18460197746753693,0.057061150670051575
2024-09-22 22:08:38,뉴비우대 ㅋㅋㅋㅋㅋ,노퍼더 ㅋㅋㅋㅋ,40,40.0,뉴비우대 ㅋㅋㅋㅋㅋ 노퍼더 ㅋㅋㅋㅋ,뉴비우대 ㅋㅋㅋㅋㅋ 노퍼더 ㅋㅋㅋㅋ,0.16504362225532532,0.3197222650051117,0.1818382292985916,0.1573197990655899,0.11356278508901596,0.0625133365392685
2024-09-22 22:08:41,또 ㅅㅂㅋㅋㅋㅋㅋㅋ,ㅋㅋㅋㅋㅋ,41,41.0,또 ㅅㅂㅋㅋㅋㅋㅋㅋ ㅋㅋㅋㅋㅋ,또 ㅅㅂㅋㅋㅋㅋㅋㅋ ㅋㅋㅋㅋㅋ,0.18826523423194885,0.2849656939506531,0.12945441901683807,0.23313412070274353,0.09763443470001221,0.06654606014490128
2024-09-22 22:08:42,어느덧 레이스 2/3 주파,ㅜㅜ,41,41.0,어느덧 레이스 2/3 주파 ㅜㅜ,어느덧 레이스 2/3 주파 ㅜㅜ,0.1541268676519394,0.29108282923698425,0.18112324178218842,0.13766928017139435,0.13684774935245514,0.09915003925561905
2024-09-22 22:08:42,저게 노퍼더라고? :머노,ㅋㅋ,41,41.0,저게 노퍼더라고? :머노 ㅋㅋ,저게 노퍼더라고? :머노 ㅋㅋ,0.09721865504980087,0.25633859634399414,0.3036928176879883,0.13772425055503845,0.09613169729709625,0.1088939905166626
2024-09-22 22:08:44,알핀듀오 ㅋㅋㅋㅋ,,41,41.0,알핀듀오 ㅋㅋㅋㅋ ,알핀듀오 ㅋㅋㅋㅋ,0.7111174464225769,0.10830432176589966,0.06828826665878296,0.05655021220445633,0.033593494445085526,0.022146286442875862
2024-09-22 22:08:45,리카도 팀오더 ㅋㅋ,,41,41.0,리카도 팀오더 ㅋㅋ ,리카도 팀오더 ㅋㅋ,0.7033268213272095,0.11062689125537872,0.07703360170125961,0.05391193553805351,0.03079373389482498,0.02430698461830616
2024-09-22 22:08:47,알핀 듀오는 팀메이트 맞냐 ㅋㅋㅋㅋㅋㅋㅋㅋ,,41,41.0,알핀 듀오는 팀메이트 맞냐 ㅋㅋㅋㅋㅋㅋㅋㅋ ,알핀 듀오는 팀메이트 맞냐 ㅋㅋㅋㅋㅋㅋㅋㅋ,0.1529182642698288,0.23709078133106232,0.30523285269737244,0.14861957728862762,0.06727737188339233,0.08886117488145828
2024-09-22 22:08:54,안맞으시노 ㅋㅋㅋㅋ,,41,41.0,안맞으시노 ㅋㅋㅋㅋ ,안맞으시노 ㅋㅋㅋㅋ,0.13340599834918976,0.2948895990848541,0.25163325667381287,0.1409953385591507,0.06451239436864853,0.11456342041492462
2024-09-22 22:08:56,페레즈는 뒤졌나 언급도 안되네 거의,ㅋㅋ,41,41.0,페레즈는 뒤졌나 언급도 안되네 거의 ㅋㅋ,페레즈는 뒤졌나 언급도 안되네 거의 ㅋㅋ,0.07570713758468628,0.2382388561964035,0.25034505128860474,0.19951072335243225,0.15627120435237885,0.07992701977491379
2024-09-22 22:09:02,오늘 세카 안뜰 것 같네,ㅈㄴ 재미없다 오늘,41,41.0,오늘 세카 안뜰 것 같네 ㅈㄴ 재미없다 오늘,오늘 세카 안뜰 것 같네 ㅈㄴ 재미없다 오늘,0.13142120838165283,0.3160169720649719,0.12488630414009094,0.17886942625045776,0.18938516080379486,0.05942089483141899
2024-09-22 22:09:04,리카도가 F1에 남을 수 있는 유일한 방법...,막스 우승을 위한 크래시 게이트.. 유일한 구원..,41,41.0,리카도가 F1에 남을 수 있는 유일한 방법... 막스 우승을 위한 크래시 게이트.. 유일한 구원..,리카도가 F1에 남을 수 있는 유일한 방법... 막스 우승을 위한 크래시 게이트.. 유일한 구원..,0.33541905879974365,0.24067312479019165,0.15255248546600342,0.09099113941192627,0.10983655601739883,0.070527583360672
2024-09-22 22:09:06,알핀 듀오 오늘 꿀잼 사고 가나요 ㅋㅋㅋ,,41,41.0,알핀 듀오 오늘 꿀잼 사고 가나요 ㅋㅋㅋ ,알핀 듀오 오늘 꿀잼 사고 가나요 ㅋㅋㅋ,0.7083619832992554,0.11043448746204376,0.06203489750623703,0.05540382117033005,0.03878111392259598,0.02498370036482811
2024-09-22 22:09:06,피아스트리 해밀턴 바로 넘나?,,41,41.0,피아스트리 해밀턴 바로 넘나? ,피아스트리 해밀턴 바로 넘나?,0.28829720616340637,0.2132030874490738,0.29272323846817017,0.08531024307012558,0.04563317075371742,0.07483302801847458
2024-09-22 22:09:12,피아제가 메르 다따먹네,,41,41.0,피아제가 메르 다따먹네 ,피아제가 메르 다따먹네,0.1793292611837387,0.21268893778324127,0.3175034821033478,0.10668531805276871,0.056321658194065094,0.12747135758399963
2024-09-22 22:09:14,"??? : 리카도, 츠노다 패스터 댄",유,41,41.0,"??? : 리카도, 츠노다 패스터 댄 유","??? : 리카도, 츠노다 패스터 댄 유",0.3846745789051056,0.20122092962265015,0.22375166416168213,0.09730037301778793,0.051000017672777176,0.042052432894706726
2024-09-22 22:09:15,해밀턴경막아주세요,,41,41.0,해밀턴경막아주세요 ,해밀턴경막아주세요,0.24489270150661469,0.24882392585277557,0.22269070148468018,0.09912402182817459,0.1083233430981636,0.07614531368017197
2024-09-22 22:09:19,다시만난 알론소,,41,41.0,다시만난 알론소 ,다시만난 알론소,0.6883563995361328,0.12291772663593292,0.06529568880796432,0.05231150984764099,0.04317871481180191,0.027940038591623306
2024-09-22 22:09:23,맥라렌은 어나더레벨이네 ㄷㄷ,"ㄷㄷ
- dc official App",41,41.0,"맥라렌은 어나더레벨이네 ㄷㄷ ㄷㄷ
- dc official App",맥라렌은 어나더레벨이네 ㄷㄷ ㄷㄷ,0.14133194088935852,0.19316481053829193,0.35775285959243774,0.12954214215278625,0.057114895433187485,0.12109328806400299
2024-09-22 22:09:24,메르야 믿는다,- dc official App,41,41.0,메르야 믿는다 - dc official App,메르야 믿는다 - dc official App,0.5894816517829895,0.1416475772857666,0.1196242943406105,0.06418158113956451,0.04693595692515373,0.03812900558114052
2024-09-22 22:09:26,오늘 레이스 샷다 내리미다,시마이네,41,41.0,오늘 레이스 샷다 내리미다 시마이네,오늘 레이스 샷다 내리미다 시마이네,0.1072726845741272,0.34942829608917236,0.14676938951015472,0.14751778542995453,0.17707479000091553,0.07193701714277267
2024-09-22 22:09:26,퇴물탕 사망 ㅋㅋㅋㅋ,,41,41.0,퇴물탕 사망 ㅋㅋㅋㅋ ,퇴물탕 사망 ㅋㅋㅋㅋ,0.25599905848503113,0.19213484227657318,0.17117957770824432,0.23553726077079773,0.0798674002289772,0.06528186053037643
2024-09-22 22:09:30,대아제 ㄷㄷㄷ,ㄷ,41,41.0,대아제 ㄷㄷㄷ ㄷ,대아제 ㄷㄷㄷ ㄷ,0.2039436250925064,0.19887834787368774,0.33425718545913696,0.10443581640720367,0.04462231323122978,0.11386268585920334
2024-09-22 22:09:30,대아제,,41,41.0,대아제 ,대아제,0.6465441584587097,0.1303296983242035,0.07340759038925171,0.062483347952365875,0.053693413734436035,0.033541787415742874
2024-09-22 22:09:31,대 아 제,- dc official App,41,41.0,대 아 제 - dc official App,대 아 제 - dc official App,0.4481457769870758,0.1891334056854248,0.18275639414787292,0.09759430587291718,0.049402013421058655,0.03296801447868347
2024-09-22 22:09:31,딸깍ㅋㅋㅋㅋ,"ㅋㅋ
- dc official App",41,41.0,"딸깍ㅋㅋㅋㅋ ㅋㅋ
- dc official App",딸깍ㅋㅋㅋㅋ ㅋㅋ,0.6816003918647766,0.12013312429189682,0.08062443137168884,0.060150906443595886,0.032619353383779526,0.024871716275811195
2024-09-22 22:09:32,ㅅㅂ 안봐서 모르는데 피아제가왜 더늦게 피트스탑하고 해밀턴딴거임?,- dc official App,41,41.0,ㅅㅂ 안봐서 모르는데 피아제가왜 더늦게 피트스탑하고 해밀턴딴거임? - dc official App,ㅅㅂ 안봐서 모르는데 피아제가왜 더늦게 피트스탑하고 해밀턴딴거임? - dc official App,0.09036817401647568,0.2669319212436676,0.20543362200260162,0.22850723564624786,0.14942452311515808,0.05933450162410736
2024-09-22 22:09:34,바로 따잇해버리네,"ㄹㅇ
- dc official App",41,41.0,"바로 따잇해버리네 ㄹㅇ
- dc official App",바로 따잇해버리네 ㄹㅇ,0.39751341938972473,0.20336106419563293,0.16992883384227753,0.09835091233253479,0.06059640645980835,0.07024937123060226
2024-09-22 22:09:32,캬 시발 ㅋㅋㅋㅋㅋㅋㅋㅋ,,41,41.0,캬 시발 ㅋㅋㅋㅋㅋㅋㅋㅋ ,캬 시발 ㅋㅋㅋㅋㅋㅋㅋㅋ,0.44502541422843933,0.20267990231513977,0.13110852241516113,0.12195789068937302,0.052075427025556564,0.04715287312865257
2024-09-22 22:09:39,대아제,"왤케노련하냐
- dc official App",41,41.0,"대아제 왤케노련하냐
- dc official App",대아제 왤케노련하냐,0.07769307494163513,0.23070570826530457,0.2628571093082428,0.20537380874156952,0.13562260568141937,0.0877477154135704
2024-09-22 22:09:39,아니 가슬리는 왜 또 소프트냐ㅋㅋㅋㅋㅋ,"알씨 듀오 도른거 같은데
ㅋㅋㅋㅋㅋㅋㅋㅋ",41,41.0,"아니 가슬리는 왜 또 소프트냐ㅋㅋㅋㅋㅋ 알씨 듀오 도른거 같은데
ㅋㅋㅋㅋㅋㅋㅋㅋ",아니 가슬리는 왜 또 소프트냐ㅋㅋㅋㅋㅋ 알씨 듀오 도른거 같은데 ㅋㅋㅋㅋㅋㅋㅋㅋ,0.1907447725534439,0.2684522271156311,0.23550444841384888,0.14661186933517456,0.0680820420384407,0.09060462564229965
2024-09-22 22:09:39,경 멸망 ㅋㅋㅋㅋㅋㅋ,ㅋㅋㅋㅋㅋ,41,41.0,경 멸망 ㅋㅋㅋㅋㅋㅋ ㅋㅋㅋㅋㅋ,경 멸망 ㅋㅋㅋㅋㅋㅋ ㅋㅋㅋㅋㅋ,0.4849837124347687,0.19141048192977905,0.10407285392284393,0.1270013153553009,0.053599148988723755,0.03893255442380905
2024-09-22 22:09:39,쥬지가 너가 해야된다,- dc official App,41,41.0,쥬지가 너가 해야된다 - dc official App,쥬지가 너가 해야된다 - dc official App,0.42920225858688354,0.19648073613643646,0.17260509729385376,0.08625263720750809,0.06257274001836777,0.052886515855789185
2024-09-22 22:09:42,카도야 마지막으로 일 하나 하자,너밖에없다 미안해,41,41.0,카도야 마지막으로 일 하나 하자 너밖에없다 미안해,카도야 마지막으로 일 하나 하자 너밖에없다 미안해,0.29968249797821045,0.2181660234928131,0.14743995666503906,0.10088102519512177,0.14837409555912018,0.08545637875795364
2024-09-22 22:09:42,걍 깔끔하게 따네ㅋㅋㅋ,,41,41.0,걍 깔끔하게 따네ㅋㅋㅋ ,걍 깔끔하게 따네ㅋㅋㅋ,0.6768045425415039,0.12010886520147324,0.07898613810539246,0.054931122809648514,0.037847843021154404,0.03132154047489166
2024-09-22 22:09:43,피아제가 해물탕 따묵노!!,,41,41.0,피아제가 해물탕 따묵노!! ,피아제가 해물탕 따묵노!!,0.2709733545780182,0.24148306250572205,0.20175182819366455,0.13383246958255768,0.055775780230760574,0.09618354588747025
2024-09-22 22:09:42,메이랜더 그냥 지금 짐챙기고 최근해도 될듯ㅅㅂ,,41,41.0,메이랜더 그냥 지금 짐챙기고 최근해도 될듯ㅅㅂ ,메이랜더 그냥 지금 짐챙기고 최근해도 될듯ㅅㅂ,0.12774455547332764,0.2099083662033081,0.11952250450849533,0.2647683918476105,0.22579507529735565,0.052261095494031906
2024-09-22 22:09:43,경 사망 ㅋㅋㅋ,ㅋㅋ,41,41.0,경 사망 ㅋㅋㅋ ㅋㅋ,경 사망 ㅋㅋㅋ ㅋㅋ,0.46136224269866943,0.2260657250881195,0.1267891824245453,0.0869661420583725,0.0494883768260479,0.04932837933301926
2024-09-22 22:09:44,경 따잇,흑흑,41,41.0,경 따잇 흑흑,경 따잇 흑흑,0.6026670932769775,0.1417912095785141,0.07918167859315872,0.07187837362289429,0.07115236669778824,0.03332927078008652
2024-09-22 22:09:44,ㅅㅅㅅㅅㅅㅅ,,41,41.0,ㅅㅅㅅㅅㅅㅅ ,ㅅㅅㅅㅅㅅㅅ,0.6989737153053284,0.11274412274360657,0.06849493086338043,0.057870056480169296,0.040094614028930664,0.021822543814778328
2024-09-22 22:09:43,개깔끔하노 ㅅㅂ,,41,41.0,개깔끔하노 ㅅㅂ ,개깔끔하노 ㅅㅂ,0.3525838255882263,0.20154042541980743,0.16658762097358704,0.13483847677707672,0.08136939257383347,0.06308015435934067
2024-09-22 22:09:44,딸-깍,"ㅋㅋ
- ORACLE RED BULL RACING RB20",41,41.0,"딸-깍 ㅋㅋ
- ORACLE RED BULL RACING RB20",딸-깍 ㅋㅋ - ORACLE RED BULL RACING RB20,0.6352552771568298,0.13115832209587097,0.09382747113704681,0.0771414190530777,0.03699241951107979,0.025625018402934074
2024-09-22 22:09:44,맥라렌 치팅 아님? 말이 안됨,차 성능이 F1 F2 차이급,41,41.0,맥라렌 치팅 아님? 말이 안됨 차 성능이 F1 F2 차이급,맥라렌 치팅 아님? 말이 안됨 차 성능이 F1 F2 차이급,0.08644098788499832,0.2284950315952301,0.32283249497413635,0.16200949251651764,0.11924508213996887,0.08097691833972931
2024-09-22 22:09:45,물건이다 물건 ㅋㅋㅋ,- dc official App,41,41.0,물건이다 물건 ㅋㅋㅋ - dc official App,물건이다 물건 ㅋㅋㅋ - dc official App,0.7162383198738098,0.10836523026227951,0.06672945618629456,0.05066576972603798,0.032481107860803604,0.02552011050283909
2024-09-22 22:09:46,피아제 ㄷㄷ,- dc official App,41,41.0,피아제 ㄷㄷ - dc official App,피아제 ㄷㄷ - dc official App,0.20231208205223083,0.21373964846134186,0.32875537872314453,0.11147625744342804,0.04662179946899414,0.09709482640028
2024-09-22 22:09:46,물탕이 안되네,,41,41.0,물탕이 안되네 ,물탕이 안되네,0.12029562145471573,0.31674882769584656,0.12837530672550201,0.17047686874866486,0.22853226959705353,0.035571105778217316
2024-09-22 22:09:46,대아제 ㅋㅋㅋ,ㅋㅋㅋ,41,41.0,대아제 ㅋㅋㅋ ㅋㅋㅋ,대아제 ㅋㅋㅋ ㅋㅋㅋ,0.7044897675514221,0.11414164304733276,0.06546712666749954,0.05472610518336296,0.03510715812444687,0.026068227365612984
2024-09-22 22:09:48,피아제 라인 잘 그리노 ㅋㅋㅋㅋㅋ,,41,41.0,피아제 라인 잘 그리노 ㅋㅋㅋㅋㅋ ,피아제 라인 잘 그리노 ㅋㅋㅋㅋㅋ,0.47407209873199463,0.18700486421585083,0.1706124097108841,0.07303064316511154,0.030933184549212456,0.06434684246778488
2024-09-22 22:09:52,와 졸다가 피아스트리 추월보고 잠 깼네 ㅋㅋㅋㅋㅋ,,41,41.0,와 졸다가 피아스트리 추월보고 잠 깼네 ㅋㅋㅋㅋㅋ ,와 졸다가 피아스트리 추월보고 잠 깼네 ㅋㅋㅋㅋㅋ,0.4213680624961853,0.2031765729188919,0.19631338119506836,0.08283349871635437,0.03740132227540016,0.058907147496938705
2024-09-22 22:09:53,하 추월 너무쉽네 경의 품격 으로 차 건드려줄줄 알았더니,"ㅇ
- dc official App",41,41.0,"하 추월 너무쉽네 경의 품격 으로 차 건드려줄줄 알았더니 ㅇ
- dc official App",하 추월 너무쉽네 경의 품격 으로 차 건드려줄줄 알았더니 ㅇ,0.2969795763492584,0.3014257550239563,0.12534016370773315,0.10847139358520508,0.09942527115345001,0.06835778057575226
2024-09-22 22:09:54,대아제 캬,슈퍼루키는 다르다,41,41.0,대아제 캬 슈퍼루키는 다르다,대아제 캬 슈퍼루키는 다르다,0.5545270442962646,0.17309673130512238,0.125738263130188,0.06056954711675644,0.03889625519514084,0.04717212915420532
2024-09-22 22:10:02,퇴물탕 ㅇ아으 ㅋㅋ,ㅋㅋㅋㅇㅋ,41,41.0,퇴물탕 ㅇ아으 ㅋㅋ ㅋㅋㅋㅇㅋ,퇴물탕 ㅇ아으 ㅋㅋ ㅋㅋㅋㅇㅋ,0.2168746441602707,0.21148911118507385,0.13139784336090088,0.261711448431015,0.10791556537151337,0.07061142474412918
2024-09-22 22:10:04,안캐 샤우팅에 영혼을 실었네 ㅋㅋㅋㅋㅋㅋ,어떻게든 텐션 인공호흡 하려고 ㅋㅋㅋㅋㅋㅋ,41,41.0,안캐 샤우팅에 영혼을 실었네 ㅋㅋㅋㅋㅋㅋ 어떻게든 텐션 인공호흡 하려고 ㅋㅋㅋㅋㅋㅋ,안캐 샤우팅에 영혼을 실었네 ㅋㅋㅋㅋㅋㅋ 어떻게든 텐션 인공호흡 하려고 ㅋㅋㅋㅋㅋㅋ,0.3652951121330261,0.2374017834663391,0.18782320618629456,0.10123995691537857,0.04213015362620354,0.0661097839474678
2024-09-22 22:10:04,누리스가 쳐박으면 모두가행복한거아님?,"몽골견 우승 물탕경 포디움 페라리도 포인트더받음
체코의 안정적인 포인트획득까지 ㄹㅇ
- dc official App",41,41.0,"누리스가 쳐박으면 모두가행복한거아님? 몽골견 우승 물탕경 포디움 페라리도 포인트더받음
체코의 안정적인 포인트획득까지 ㄹㅇ
- dc official App",누리스가 쳐박으면 모두가행복한거아님? 몽골견 우승 물탕경 포디움 페라리도 포인트더받음 체코의 안정적인 포인트획득까지 ㄹㅇ,0.627649188041687,0.12528035044670105,0.07164738327264786,0.07507006824016571,0.05752333998680115,0.0428297221660614
2024-09-22 22:10:05,페라리 위아쩨낑이 절로갔노 ㅋㅋ,,41,41.0,페라리 위아쩨낑이 절로갔노 ㅋㅋ ,페라리 위아쩨낑이 절로갔노 ㅋㅋ,0.45555025339126587,0.22716349363327026,0.1417844593524933,0.08422989398241043,0.04743961989879608,0.04383235052227974
2024-09-22 22:10:06,물탕견 들이받기 신공 안하네,그래서 노잼,41,41.0,물탕견 들이받기 신공 안하네 그래서 노잼,물탕견 들이받기 신공 안하네 그래서 노잼,0.12766113877296448,0.3185555636882782,0.1730305701494217,0.1685514748096466,0.14885066449642181,0.06335056573152542
2024-09-22 22:10:08,그냥 rb19의 재림이네 딸깍쇼,"타이어관리사기
- dc official App",41,41.0,"그냥 rb19의 재림이네 딸깍쇼 타이어관리사기
- dc official App",그냥 rb19의 재림이네 딸깍쇼 타이어관리사기,0.06624412536621094,0.24795672297477722,0.2454075664281845,0.19289305806159973,0.1731892228126526,0.0743093490600586
2024-09-22 22:10:10,피아제 포디움 쌉가능?,이 새끼들은 그냥 차를 잘탐 ㅋㅋㅋ,41,41.0,피아제 포디움 쌉가능? 이 새끼들은 그냥 차를 잘탐 ㅋㅋㅋ,피아제 포디움 쌉가능? 이 새끼들은 그냥 차를 잘탐 ㅋㅋㅋ,0.14873534440994263,0.20533284544944763,0.2884867787361145,0.16416890919208527,0.057218942791223526,0.13605716824531555
2024-09-22 22:10:14,11노다 ㅋㅋㅋ,"\
- dc official App",41,41.0,"11노다 ㅋㅋㅋ \
- dc official App",11노다 ㅋㅋㅋ \,0.3244301974773407,0.2773575186729431,0.12503696978092194,0.14302381873130798,0.07916576415300369,0.050985805690288544
2024-09-22 22:10:14,위아 디스꺼씽,,41,41.0,위아 디스꺼씽 ,위아 디스꺼씽,0.6504997611045837,0.12374641001224518,0.09934878349304199,0.06051086261868477,0.03903769329190254,0.026856517419219017
2024-09-22 22:10:17,츠노다 팀오더 하라고 팀 갈구네 ㅋㅋㅋ,,41,41.0,츠노다 팀오더 하라고 팀 갈구네 ㅋㅋㅋ ,츠노다 팀오더 하라고 팀 갈구네 ㅋㅋㅋ,0.10633339732885361,0.29961904883384705,0.15495318174362183,0.22433365881443024,0.12902982532978058,0.0857308879494667
2024-09-22 22:10:19,RB는 뭐노 ㅋㅋ,,42,42.0,RB는 뭐노 ㅋㅋ ,RB는 뭐노 ㅋㅋ,0.1472482979297638,0.24874383211135864,0.3394930958747864,0.1046908050775528,0.07521481812000275,0.08460921049118042
2024-09-22 22:10:17,디스거스팅ㅋㅋㅋㅋㅋㅋㅋㅋㅋㅋㅋ,,41,41.0,디스거스팅ㅋㅋㅋㅋㅋㅋㅋㅋㅋㅋㅋ ,디스거스팅ㅋㅋㅋㅋㅋㅋㅋㅋㅋㅋㅋ,0.562516450881958,0.17440839111804962,0.10259386152029037,0.08682713657617569,0.0434374175965786,0.03021669015288353
2024-09-22 22:10:22,실력 피>몽,그런거같다,42,42.0,실력 피>몽 그런거같다,실력 피>몽 그런거같다,0.15800414979457855,0.265176385641098,0.3233979046344757,0.09393329918384552,0.06914005428552628,0.09034821391105652
2024-09-22 22:10:24,츠노다 ㅋㅋㅋㅋ,- dc official App,42,42.0,츠노다 ㅋㅋㅋㅋ - dc official App,츠노다 ㅋㅋㅋㅋ - dc official App,0.6613057255744934,0.12114302068948746,0.09303785115480423,0.06661276519298553,0.03305458277463913,0.024846073240041733
2024-09-22 22:10:25,디스커싱 ㅋㅋㅋㅋ,- dc official App,42,42.0,디스커싱 ㅋㅋㅋㅋ - dc official App,디스커싱 ㅋㅋㅋㅋ - dc official App,0.6380573511123657,0.12621822953224182,0.10616035014390945,0.070353664457798,0.03412057086825371,0.025089779868721962
2024-09-22 22:10:25,주작소 사망 ㅜㅜ,,42,42.0,주작소 사망 ㅜㅜ ,주작소 사망 ㅜㅜ,0.11019140481948853,0.2661820352077484,0.18985815346240997,0.1570591926574707,0.1995858997106552,0.07712331414222717
2024-09-22 22:10:26,혹시 PER << 이 분 뭐하시는 분?,왜 아직도 현역으로 뛰고 있는지 모르겠어,42,42.0,혹시 PER << 이 분 뭐하시는 분? 왜 아직도 현역으로 뛰고 있는지 모르겠어,혹시 PER << 이 분 뭐하시는 분? 왜 아직도 현역으로 뛰고 있는지 모르겠어,0.09882020950317383,0.22338147461414337,0.3402688205242157,0.13987629115581512,0.07993866503238678,0.11771447956562042
2024-09-22 22:10:26,웨버 - 리카도 - 피아제 ... 호주 드라이버들이 좋네 왠지,- dc official App,42,42.0,웨버 - 리카도 - 피아제 ... 호주 드라이버들이 좋네 왠지 - dc official App,웨버 - 리카도 - 피아제 ... 호주 드라이버들이 좋네 왠지 - dc official App,0.6136305332183838,0.1527916043996811,0.10844356566667557,0.05174916237592697,0.032877396792173386,0.040507663041353226
2024-09-22 22:10:29,리카도 나와 이새끼얔ㅋㅋㅋㅋ,"ㅋㅋㅋ
- dc official App",42,42.0,"리카도 나와 이새끼얔ㅋㅋㅋㅋ ㅋㅋㅋ
- dc official App",리카도 나와 이새끼얔ㅋㅋㅋㅋ ㅋㅋㅋ,0.5640308260917664,0.1554492563009262,0.11413941532373428,0.09361285716295242,0.03504125401377678,0.037726424634456635
2024-09-22 22:10:34,니미 디스커싱이 아니라 디스거스팅이다 새끼들아,나들 전략이 역겹다고!!!!,42,42.0,니미 디스커싱이 아니라 디스거스팅이다 새끼들아 나들 전략이 역겹다고!!!!,니미 디스커싱이 아니라 디스거스팅이다 새끼들아 나들 전략이 역겹다고!!!!,0.13504232466220856,0.18281343579292297,0.11999888718128204,0.32579728960990906,0.19546669721603394,0.04088132455945015
2024-09-22 22:10:36,피아제 오버테이크 ㄹㅇ 깔끔하게 잘하는듯,바쿠도 그렇고 이번에도 ㅇㅇ,42,42.0,피아제 오버테이크 ㄹㅇ 깔끔하게 잘하는듯 바쿠도 그렇고 이번에도 ㅇㅇ,피아제 오버테이크 ㄹㅇ 깔끔하게 잘하는듯 바쿠도 그렇고 이번에도 ㅇㅇ,0.3331054151058197,0.21262410283088684,0.21992433071136475,0.0839642733335495,0.06020275503396988,0.09017913788557053
2024-09-22 22:10:37,근데 보타스 저게 맞냐??,"오늘도 저우한테 따이면
저우한테 순수하게 두번 연속 따이는건데",42,42.0,"근데 보타스 저게 맞냐?? 오늘도 저우한테 따이면
저우한테 순수하게 두번 연속 따이는건데",근데 보타스 저게 맞냐?? 오늘도 저우한테 따이면 저우한테 순수하게 두번 연속 따이는건데,0.08108885586261749,0.24323435127735138,0.30114662647247314,0.14754672348499298,0.10653910040855408,0.12044433504343033
2024-09-22 22:10:38,알비 이걸 전략이라고 부를수가있냐? ㅋㅋ,그냥 포인트 불매운동인데,42,42.0,알비 이걸 전략이라고 부를수가있냐? ㅋㅋ 그냥 포인트 불매운동인데,알비 이걸 전략이라고 부를수가있냐? ㅋㅋ 그냥 포인트 불매운동인데,0.06876684725284576,0.23516809940338135,0.277459055185318,0.1855894923210144,0.15835066139698029,0.0746658593416214
2024-09-22 22:10:38,노리스 휴게소 들러서 회오리감자 사먹고 가도 이기겠네,차 성능 차이 ㅅㅂ,42,42.0,노리스 휴게소 들러서 회오리감자 사먹고 가도 이기겠네 차 성능 차이 ㅅㅂ,노리스 휴게소 들러서 회오리감자 사먹고 가도 이기겠네 차 성능 차이 ㅅㅂ,0.09195052087306976,0.2426159381866455,0.15201257169246674,0.23871749639511108,0.23569172620773315,0.039011720567941666
2024-09-22 22:10:40,막스까진 무리아님? ㄷㄷ,랩당 1초이상씩 줄여야가능한데,42,42.0,막스까진 무리아님? ㄷㄷ 랩당 1초이상씩 줄여야가능한데,막스까진 무리아님? ㄷㄷ 랩당 1초이상씩 줄여야가능한데,0.09806907922029495,0.2554783523082733,0.32556667923927307,0.11864414811134338,0.09899145364761353,0.10325030982494354
2024-09-22 22:10:42,리카도 방 빼,"똥차(같은차) 치워
- dc official App",42,42.0,"리카도 방 빼 똥차(같은차) 치워
- dc official App",리카도 방 빼 똥차(같은차) 치워,0.16110758483409882,0.1922597885131836,0.13717865943908691,0.26162415742874146,0.19028882682323456,0.05754098296165466
2024-09-22 22:10:46,소프트 껴놓고 방치ㅜㅋㅋㅋㅋㅋ,ㅋㅋㅋㅋ,42,42.0,소프트 껴놓고 방치ㅜㅋㅋㅋㅋㅋ ㅋㅋㅋㅋ,소프트 껴놓고 방치ㅜㅋㅋㅋㅋㅋ ㅋㅋㅋㅋ,0.12170170992612839,0.3560107350349426,0.12144330888986588,0.18108946084976196,0.15881654620170593,0.0609382688999176
2024-09-22 22:10:49,병신은 이미 컨챔 순위 못뒤집을거 같은데,"즈그 스폰서가 약속한대로 위약금 뱉어내고 꺼지면 안됨?
리카도랑 손잡고 좀 꺼져라",42,42.0,"병신은 이미 컨챔 순위 못뒤집을거 같은데 즈그 스폰서가 약속한대로 위약금 뱉어내고 꺼지면 안됨?
리카도랑 손잡고 좀 꺼져라",병신은 이미 컨챔 순위 못뒤집을거 같은데 즈그 스폰서가 약속한대로 위약금 뱉어내고 꺼지면 안됨? 리카도랑 손잡고 좀 꺼져라,0.11051229387521744,0.16554149985313416,0.1579422801733017,0.32517167925834656,0.18249312043190002,0.05833909660577774
2024-09-22 22:10:50,ㅋㅋㅋㅋ 유키 스왑안해서 화났다,,42,42.0,ㅋㅋㅋㅋ 유키 스왑안해서 화났다 ,ㅋㅋㅋㅋ 유키 스왑안해서 화났다,0.19846323132514954,0.31476953625679016,0.08954057097434998,0.1870710700750351,0.15372969210147858,0.05642596632242203
2024-09-22 22:10:52,스떼이 캄ㅋㅋㅋㅋ,- dc official App,42,42.0,스떼이 캄ㅋㅋㅋㅋ - dc official App,스떼이 캄ㅋㅋㅋㅋ - dc official App,0.6802449822425842,0.11267278343439102,0.087677001953125,0.06365775316953659,0.032645512372255325,0.023102082312107086
2024-09-22 22:10:57,윾키 진정 중 ㅋㅋㅋㅋ,- dc official App,42,42.0,윾키 진정 중 ㅋㅋㅋㅋ - dc official App,윾키 진정 중 ㅋㅋㅋㅋ - dc official App,0.7000184655189514,0.11104919016361237,0.06996166706085205,0.057837288826704025,0.03566574305295944,0.02546766959130764
2024-09-22 22:10:56,다니엘: 알유키딩미나우,하냐?,42,42.0,다니엘: 알유키딩미나우 하냐?,다니엘: 알유키딩미나우 하냐?,0.33894082903862,0.2158527672290802,0.24986736476421356,0.07921048998832703,0.04931015521287918,0.06681841611862183
2024-09-22 22:10:57,즈왑 즈왑,,42,42.0,즈왑 즈왑 ,즈왑 즈왑,0.7012328505516052,0.1122836247086525,0.06402377039194107,0.056263189762830734,0.04103861004114151,0.025157982483506203
2024-09-22 22:10:57,즈왑 ㄷㄷㄷ,,42,42.0,즈왑 ㄷㄷㄷ ,즈왑 ㄷㄷㄷ,0.23882606625556946,0.21512071788311005,0.30410584807395935,0.09858591109514236,0.04315849021077156,0.10020293295383453
2024-09-22 22:10:59,ㅋㅋㅋㅋㅋㅋㅋㅋㅋㅋㅋㅋㅋㅋㅋㅋ츠노다 ㅋㅋㅋㅋ,- dc official App,42,42.0,ㅋㅋㅋㅋㅋㅋㅋㅋㅋㅋㅋㅋㅋㅋㅋㅋ츠노다 ㅋㅋㅋㅋ - dc official App,ㅋㅋㅋㅋㅋㅋㅋㅋㅋㅋㅋㅋㅋㅋㅋㅋ츠노다 ㅋㅋㅋㅋ - dc official App,0.6638689041137695,0.1259002536535263,0.0877152606844902,0.0666026845574379,0.03222521021962166,0.02368767186999321
2024-09-22 22:10:59,스테이 캄 ㅋㅋㅋㅋㅋ,,42,42.0,스테이 캄 ㅋㅋㅋㅋㅋ ,스테이 캄 ㅋㅋㅋㅋㅋ,0.7100649476051331,0.10955380648374557,0.06724106520414352,0.05603994056582451,0.034111347049474716,0.02298882231116295
2024-09-22 22:10:59,리카도 꺼지 쇼 ㅋ,,42,42.0,리카도 꺼지 쇼 ㅋ ,리카도 꺼지 쇼 ㅋ,0.21423348784446716,0.2164948284626007,0.1421050727367401,0.26929280161857605,0.10235912352800369,0.055514637380838394
2024-09-22 22:10:59,덤애쓰 ㅋㅋㅋㅋㅋㅋㅋ,ㅋㅋㅋㅋㅋㅋㅋㅋ,42,42.0,덤애쓰 ㅋㅋㅋㅋㅋㅋㅋ ㅋㅋㅋㅋㅋㅋㅋㅋ,덤애쓰 ㅋㅋㅋㅋㅋㅋㅋ ㅋㅋㅋㅋㅋㅋㅋㅋ,0.6694181561470032,0.12465508282184601,0.08036013692617416,0.06488820165395737,0.03670162707567215,0.02397681400179863
2024-09-22 22:11:01,덤에쓰 ㅋㅋㅋㅋㅋㅋㅋㅋ,ㅋㅋㅋ,42,42.0,덤에쓰 ㅋㅋㅋㅋㅋㅋㅋㅋ ㅋㅋㅋ,덤에쓰 ㅋㅋㅋㅋㅋㅋㅋㅋ ㅋㅋㅋ,0.6982911825180054,0.11388552933931351,0.072820283472538,0.059352435171604156,0.033497393131256104,0.022153198719024658
2024-09-22 22:11:02,버럭 유키 ㅋㅋ,,42,42.0,버럭 유키 ㅋㅋ ,버럭 유키 ㅋㅋ,0.6485178470611572,0.1367323398590088,0.09259553253650665,0.06219262257218361,0.03179052844643593,0.028171073645353317
2024-09-22 22:11:02,올시즌 왜케 사고가 안나냐ㅡㅡ,ㄴㅈ,42,42.0,올시즌 왜케 사고가 안나냐ㅡㅡ ㄴㅈ,올시즌 왜케 사고가 안나냐ㅡㅡ ㄴㅈ,0.12310931831598282,0.24831871688365936,0.10876317322254181,0.21790781617164612,0.2549019753932953,0.04699898511171341
2024-09-22 22:11:04,오늘 왜이리 길게 느껴지냐,"평소엔 순식간이였는데
- dc official App",42,42.0,"오늘 왜이리 길게 느껴지냐 평소엔 순식간이였는데
- dc official App",오늘 왜이리 길게 느껴지냐 평소엔 순식간이였는데,0.129982128739357,0.2879540026187897,0.2146066129207611,0.1293564736843109,0.12631161510944366,0.11178923398256302
2024-09-22 22:11:03,유키 개빡쳤노ㅋㅋㅋㅋㅋ,,42,42.0,유키 개빡쳤노ㅋㅋㅋㅋㅋ ,유키 개빡쳤노ㅋㅋㅋㅋㅋ,0.15687699615955353,0.23538900911808014,0.188991516828537,0.2220478653907776,0.10728779435157776,0.08940684795379639
2024-09-22 22:11:06,윾끼 극대노ㅋㅋㅋㅋ,- dc official App,42,42.0,윾끼 극대노ㅋㅋㅋㅋ - dc official App,윾끼 극대노ㅋㅋㅋㅋ - dc official App,0.6103937029838562,0.14526823163032532,0.09989584982395172,0.07677662372589111,0.037265926599502563,0.03039964847266674
2024-09-22 22:11:08,유키 ㅋㅋㅋㅋㅋㅋ,- dc official App,42,42.0,유키 ㅋㅋㅋㅋㅋㅋ - dc official App,유키 ㅋㅋㅋㅋㅋㅋ - dc official App,0.6751896739006042,0.11682118475437164,0.09283479303121567,0.06081860885024071,0.030421864241361618,0.023913821205496788
2024-09-22 22:11:08,즈왑 즈왑ㅋㅋㅋ,,42,42.0,즈왑 즈왑ㅋㅋㅋ ,즈왑 즈왑ㅋㅋㅋ,0.707802951335907,0.1104658767580986,0.06366678327322006,0.05639314651489258,0.03749987483024597,0.024171413853764534
2024-09-22 22:11:11,타이어 덤애쓰 ㅋㅋㅋㅋ,,42,42.0,타이어 덤애쓰 ㅋㅋㅋㅋ ,타이어 덤애쓰 ㅋㅋㅋㅋ,0.6757722496986389,0.11934588104486465,0.08531256765127182,0.061487115919589996,0.03385940566658974,0.02422284334897995
2024-09-22 22:11:12,화났노 ㅋㅋㅋ,ㅋㅋㅋ,42,42.0,화났노 ㅋㅋㅋ ㅋㅋㅋ,화났노 ㅋㅋㅋ ㅋㅋㅋ,0.22940032184123993,0.2977750897407532,0.15479928255081177,0.16962380707263947,0.07685451209545135,0.07154703140258789
2024-09-22 22:11:13,덤 애쓰ㅋㅋㅋㅋㅋㅋㅋㅋㅋㅋㅋ,ㅋㅋㅋㅋ팀한태 욕해버리네,42,42.0,덤 애쓰ㅋㅋㅋㅋㅋㅋㅋㅋㅋㅋㅋ ㅋㅋㅋㅋ팀한태 욕해버리네,덤 애쓰ㅋㅋㅋㅋㅋㅋㅋㅋㅋㅋㅋ ㅋㅋㅋㅋ팀한태 욕해버리네,0.17569993436336517,0.3270348608493805,0.1520693302154541,0.17201171815395355,0.08954877406358719,0.08363543450832367
2024-09-22 22:11:13,이새낀 진짜 짤려야될거같은데,그나마 차빨 받던 시절엔 추월쇼라도 보여줬는데 차 성능 떨어지니까 스폰서빨로 시트 유지하면서 10위딱하는데 ㄹㅇ 얘 짜르고 누구 하나 올린 다음에 하위팀에 유망주 자리 내야될거같음,42,42.0,이새낀 진짜 짤려야될거같은데 그나마 차빨 받던 시절엔 추월쇼라도 보여줬는데 차 성능 떨어지니까 스폰서빨로 시트 유지하면서 10위딱하는데 ㄹㅇ 얘 짜르고 누구 하나 올린 다음에 하위팀에 유망주 자리 내야될거같음,이새낀 진짜 짤려야될거같은데 그나마 차빨 받던 시절엔 추월쇼라도 보여줬는데 차 성능 떨어지니까 스폰서빨로 시트 유지하면서 10위딱하는데 ㄹㅇ 얘 짜르고 누구 하나 올린 다음에 하위팀에 유망주 자리 내야될거같음,0.06694024056196213,0.16864314675331116,0.20111383497714996,0.2541961669921875,0.24551333487033844,0.06359323859214783
2024-09-22 22:11:15,유키 존나웃기네 그냥 ㅋㅋㅋㅋㅋ,ㅋㅋㅋㅋㅋ,42,42.0,유키 존나웃기네 그냥 ㅋㅋㅋㅋㅋ ㅋㅋㅋㅋㅋ,유키 존나웃기네 그냥 ㅋㅋㅋㅋㅋ ㅋㅋㅋㅋㅋ,0.6358906626701355,0.14070747792720795,0.09401766955852509,0.06546568870544434,0.03601231053471565,0.027906185016036034
2024-09-22 22:11:15,유키:빨리 은퇴해 ㅅㅂ넘아ㅋㅋ,,42,42.0,유키:빨리 은퇴해 ㅅㅂ넘아ㅋㅋ ,유키:빨리 은퇴해 ㅅㅂ넘아ㅋㅋ,0.15087217092514038,0.2028500884771347,0.1382881999015808,0.3114086091518402,0.12948068976402283,0.06710022687911987
2024-09-22 22:11:16,덤애쓰 ㅋㅋ,- dc official App,42,42.0,덤애쓰 ㅋㅋ - dc official App,덤애쓰 ㅋㅋ - dc official App,0.6682714819908142,0.11989249289035797,0.09185791015625,0.06245008111000061,0.03353375568985939,0.023994266986846924
2024-09-22 22:11:14,하루이틀인새끼는 방빼! ㅋㅋㅋ,,42,42.0,하루이틀인새끼는 방빼! ㅋㅋㅋ ,하루이틀인새끼는 방빼! ㅋㅋㅋ,0.15305928885936737,0.20922283828258514,0.14790557324886322,0.29776111245155334,0.12588857114315033,0.0661626011133194
2024-09-22 22:11:16,유키가 유일하게 웃기네 ㅋㅋㅋㅋ,,42,42.0,유키가 유일하게 웃기네 ㅋㅋㅋㅋ ,유키가 유일하게 웃기네 ㅋㅋㅋㅋ,0.6569339632987976,0.13442020118236542,0.08356814086437225,0.05852342024445534,0.035554323345422745,0.03099997714161873
2024-09-22 22:11:16,아오 퇴물탕새끼,"좀 버텨야 러셀한테 이득이 생기는데
걸레마냥 가랑이 존나 쉽게 벌리네",42,42.0,"아오 퇴물탕새끼 좀 버텨야 러셀한테 이득이 생기는데
걸레마냥 가랑이 존나 쉽게 벌리네",아오 퇴물탕새끼 좀 버텨야 러셀한테 이득이 생기는데 걸레마냥 가랑이 존나 쉽게 벌리네,0.0838223248720169,0.15368369221687317,0.2478068470954895,0.2657235264778137,0.1752372831106186,0.07372637093067169
2024-09-22 22:11:17,차 빼라고!!!!,ㅋㅋㅋㅋㅋ,42,42.0,차 빼라고!!!! ㅋㅋㅋㅋㅋ,차 빼라고!!!! ㅋㅋㅋㅋㅋ,0.22734349966049194,0.24027742445468903,0.11981339007616043,0.2563658356666565,0.10332193970680237,0.05287793651223183
2024-09-22 22:11:20,stay calmㅋㅋㅋㅋ,ㅋㅋ,42,42.0,stay calmㅋㅋㅋㅋ ㅋㅋ,stay calmㅋㅋㅋㅋ ㅋㅋ,0.6877949237823486,0.11531390994787216,0.07992149889469147,0.06244707852602005,0.03153567388653755,0.022986967116594315
2024-09-22 22:11:22,육기....,- dc official App,42,42.0,육기.... - dc official App,육기.... - dc official App,0.40452486276626587,0.2025124430656433,0.2058737725019455,0.0945945680141449,0.05216826871037483,0.040326088666915894
2024-09-22 22:11:23,소프트인데 더티에어로 까먹고잇으면 좆같긴해 ㅋㅋ,,42,42.0,소프트인데 더티에어로 까먹고잇으면 좆같긴해 ㅋㅋ ,소프트인데 더티에어로 까먹고잇으면 좆같긴해 ㅋㅋ,0.09867575019598007,0.33942750096321106,0.1268768012523651,0.18486696481704712,0.17755527794361115,0.07259764522314072
2024-09-22 22:11:24,마지막이라고 버리라고하노ㅋㅋㅋ,- dc official App,42,42.0,마지막이라고 버리라고하노ㅋㅋㅋ - dc official App,마지막이라고 버리라고하노ㅋㅋㅋ - dc official App,0.10496489703655243,0.3158706724643707,0.166189506649971,0.19843101501464844,0.12482638657093048,0.08971758186817169
2024-09-22 22:11:26,리버스 바레인 ㅋㅋㅋ,,42,42.0,리버스 바레인 ㅋㅋㅋ ,리버스 바레인 ㅋㅋㅋ,0.6153544783592224,0.13487498462200165,0.10053233057260513,0.08038830012083054,0.03722985088825226,0.03162010759115219
2024-09-22 22:11:28,알국왕 똥꼬쇼 오지네,애마로 저 순위 유지하는거 기적같네,42,42.0,알국왕 똥꼬쇼 오지네 애마로 저 순위 유지하는거 기적같네,알국왕 똥꼬쇼 오지네 애마로 저 순위 유지하는거 기적같네,0.09420035779476166,0.20456568896770477,0.31392326951026917,0.18250800669193268,0.07979118824005127,0.12501153349876404
2024-09-22 22:11:28,피아제 드가자,물탕이 망한김에 몽골 포인트좀 빨자 피아제야,42,42.0,피아제 드가자 물탕이 망한김에 몽골 포인트좀 빨자 피아제야,피아제 드가자 물탕이 망한김에 몽골 포인트좀 빨자 피아제야,0.3547777235507965,0.22248072922229767,0.12602631747722626,0.12603121995925903,0.10260884463787079,0.06807520240545273
2024-09-22 22:11:28,DUMBASS,ㅋㅋㅋㅋ,42,42.0,DUMBASS ㅋㅋㅋㅋ,DUMBASS ㅋㅋㅋㅋ,0.6477035284042358,0.12352434545755386,0.09338828921318054,0.07451345026493073,0.03500264883041382,0.025867709890007973
2024-09-22 22:11:32,차빼 이 개색기야,- dc official App,42,42.0,차빼 이 개색기야 - dc official App,차빼 이 개색기야 - dc official App,0.24797023832798004,0.17600153386592865,0.11728491634130478,0.2764914035797119,0.14634260535240173,0.03590930625796318
2024-09-22 22:11:32,알비는 오늘 왜저러노 ㅋㅋㅋ,,42,42.0,알비는 오늘 왜저러노 ㅋㅋㅋ ,알비는 오늘 왜저러노 ㅋㅋㅋ,0.10792950540781021,0.37170690298080444,0.17078997194766998,0.14268699288368225,0.1188163310289383,0.08807031065225601
2024-09-22 22:11:34,오늘 기록 깨질듯,내가 원하는 기록이 아니라 문제,42,42.0,오늘 기록 깨질듯 내가 원하는 기록이 아니라 문제,오늘 기록 깨질듯 내가 원하는 기록이 아니라 문제,0.091109998524189,0.31224122643470764,0.1874946802854538,0.13038422167301178,0.1986740380525589,0.08009586483240128
2024-09-22 22:11:39,오늘 레이스 에이스,"유키와 rb
포인트와 웃음을 맞바꾸었다",42,42.0,"오늘 레이스 에이스 유키와 rb
포인트와 웃음을 맞바꾸었다",오늘 레이스 에이스 유키와 rb 포인트와 웃음을 맞바꾸었다,0.6997191905975342,0.11704454571008682,0.05780189111828804,0.05736520513892174,0.0422365702688694,0.02583254873752594
2024-09-22 22:11:43,츠노다 : 리카도 끄지세요,ㅋㅋㅋ,42,42.0,츠노다 : 리카도 끄지세요 ㅋㅋㅋ,츠노다 : 리카도 끄지세요 ㅋㅋㅋ,0.15751869976520538,0.19741569459438324,0.18113724887371063,0.28720715641975403,0.10474611818790436,0.07197505980730057
2024-09-22 22:11:43,아니 rb도 존나웃기긴하네 ㅋㅋ,소프트껴놓고 유기는 ㅅㅂㅋㅋㅋㅋ,42,42.0,아니 rb도 존나웃기긴하네 ㅋㅋ 소프트껴놓고 유기는 ㅅㅂㅋㅋㅋㅋ,아니 rb도 존나웃기긴하네 ㅋㅋ 소프트껴놓고 유기는 ㅅㅂㅋㅋㅋㅋ,0.1536491960287094,0.2532499432563782,0.2186519056558609,0.1946089118719101,0.10110023617744446,0.07873984426259995
2024-09-22 22:11:44,가슬리 알본ㅋㅋㅋ,이인터뷰 피해자들,42,42.0,가슬리 알본ㅋㅋㅋ 이인터뷰 피해자들,가슬리 알본ㅋㅋㅋ 이인터뷰 피해자들,0.13599854707717896,0.22953587770462036,0.2697547674179077,0.16861331462860107,0.07454252243041992,0.12155497074127197
2024-09-22 22:11:43,이거 완전 바레인 아니냐,포지션만 바뀐고아님?,42,42.0,이거 완전 바레인 아니냐 포지션만 바뀐고아님?,이거 완전 바레인 아니냐 포지션만 바뀐고아님?,0.11085722595453262,0.21008148789405823,0.350320428609848,0.1460992395877838,0.06826931238174438,0.11437233537435532
2024-09-22 22:11:44,대런 : 니애미 ㅋㅋㅋㅋ,,42,42.0,대런 : 니애미 ㅋㅋㅋㅋ ,대런 : 니애미 ㅋㅋㅋㅋ,0.2302558869123459,0.22228708863258362,0.18820157647132874,0.20452071726322174,0.08560635894536972,0.0691283643245697
2024-09-22 22:11:48,리카도에게 살살달리라고 한듯,,42,42.0,리카도에게 살살달리라고 한듯 ,리카도에게 살살달리라고 한듯,0.1610274761915207,0.28064778447151184,0.3049004375934601,0.09838853031396866,0.07558544725179672,0.07945027202367783
2024-09-22 22:11:52,바꿔주는 대런,,42,42.0,바꿔주는 대런 ,바꿔주는 대런,0.6053796410560608,0.1565130054950714,0.09329382330179214,0.05982230603694916,0.05085105076432228,0.034140221774578094
2024-09-22 22:11:53,츠노다 <<< 팀라디오 goat ㅋㅋㅋ,그냥 입만 열면 웃김,42,42.0,츠노다 <<< 팀라디오 goat ㅋㅋㅋ 그냥 입만 열면 웃김,츠노다 <<< 팀라디오 goat ㅋㅋㅋ 그냥 입만 열면 웃김,0.6963161826133728,0.11742601543664932,0.07271713018417358,0.0575142502784729,0.03135565668344498,0.024670757353305817
2024-09-22 22:11:54,피아제 레셀 금방 따라가겠네,- dc official App,42,42.0,피아제 레셀 금방 따라가겠네 - dc official App,피아제 레셀 금방 따라가겠네 - dc official App,0.35861411690711975,0.2054978609085083,0.24218159914016724,0.08674522489309311,0.04778964817523956,0.05917162820696831
2024-09-22 22:11:57,피아 몽골 딸 수 있나?,ㄱㄴ??,43,43.0,피아 몽골 딸 수 있나? ㄱㄴ??,피아 몽골 딸 수 있나? ㄱㄴ??,0.28415313363075256,0.209140345454216,0.2922167181968689,0.08678735047578812,0.04960447549819946,0.07809802144765854
2024-09-22 22:12:00,대런 착하네,- dc official App,43,43.0,대런 착하네 - dc official App,대런 착하네 - dc official App,0.573634922504425,0.15457549691200256,0.1281275898218155,0.05998823791742325,0.03602549061179161,0.04764823243021965
2024-09-22 22:12:00,꺼지쇼 ㅋㅋㅋㅋㅋ,,43,43.0,꺼지쇼 ㅋㅋㅋㅋㅋ ,꺼지쇼 ㅋㅋㅋㅋㅋ,0.19042576849460602,0.2081293910741806,0.1591232270002365,0.2688455283641815,0.10359181463718414,0.06988426297903061
2024-09-22 22:12:00,와 씨발 5분 잠들었다 ㅋㅋ,ㅅㅂㅋㅋ,43,43.0,와 씨발 5분 잠들었다 ㅋㅋ ㅅㅂㅋㅋ,와 씨발 5분 잠들었다 ㅋㅋ ㅅㅂㅋㅋ,0.23819392919540405,0.25536659359931946,0.10925938934087753,0.23380620777606964,0.11063798516988754,0.05273593217134476
2024-09-22 22:12:00,차빼 이새끼야 ㅋㅋ,,43,43.0,차빼 이새끼야 ㅋㅋ ,차빼 이새끼야 ㅋㅋ,0.19561490416526794,0.22906839847564697,0.14242585003376007,0.27934521436691284,0.0987706109881401,0.05477498099207878
2024-09-22 22:12:01,노세카 20랩전,이게 레이스냐,43,43.0,노세카 20랩전 이게 레이스냐,노세카 20랩전 이게 레이스냐,0.09224461764097214,0.30243340134620667,0.21835510432720184,0.18920369446277618,0.1390513926744461,0.058711808174848557
2024-09-22 22:12:01,대런게이야 ㅠㅠ,,43,43.0,대런게이야 ㅠㅠ ,대런게이야 ㅠㅠ,0.1867283433675766,0.250460684299469,0.20795387029647827,0.12238454073667526,0.1414732038974762,0.0909992977976799
2024-09-22 22:12:03,페라리 스왑 가나?,??,43,43.0,페라리 스왑 가나? ??,페라리 스왑 가나? ??,0.40696120262145996,0.20542718470096588,0.2065998762845993,0.07689160853624344,0.04799608886241913,0.056123998016119
2024-09-22 22:12:03,바꿔주긴하네ㅋㅋㅋ,"ㅋㅋ
- dc official App",43,43.0,"바꿔주긴하네ㅋㅋㅋ ㅋㅋ
- dc official App",바꿔주긴하네ㅋㅋㅋ ㅋㅋ,0.5031326413154602,0.1994740217924118,0.10962375998497009,0.08451970666646957,0.06427521258592606,0.038974713534116745
2024-09-22 22:12:09,카도 팀오더 후 로슨,,43,43.0,카도 팀오더 후 로슨 ,카도 팀오더 후 로슨,0.4991031885147095,0.17706727981567383,0.1569880247116089,0.08237840980291367,0.04826405271887779,0.036199092864990234
2024-09-22 22:12:10,대런 슬프네… 언제 이렇게 추락했노 ㅠㅠ,,43,43.0,대런 슬프네… 언제 이렇게 추락했노 ㅠㅠ ,대런 슬프네… 언제 이렇게 추락했노 ㅠㅠ,0.12296807020902634,0.24457746744155884,0.2276524156332016,0.13699254393577576,0.18153320252895355,0.0862763449549675
2024-09-22 22:12:11,로슨 입갤 ㅋㅋㅋㅋㅋㅋ,,43,43.0,로슨 입갤 ㅋㅋㅋㅋㅋㅋ ,로슨 입갤 ㅋㅋㅋㅋㅋㅋ,0.6967514157295227,0.10739842057228088,0.07999783754348755,0.05649837851524353,0.031933147460222244,0.02742079831659794
2024-09-22 22:12:11,다음레이스 드라이버 입갤 ㅋㅋㅋ,,43,43.0,다음레이스 드라이버 입갤 ㅋㅋㅋ ,다음레이스 드라이버 입갤 ㅋㅋㅋ,0.6656266450881958,0.12118910253047943,0.08937820047140121,0.06100000813603401,0.03316682204604149,0.029639193788170815
2024-09-22 22:12:12,쥬지야 힘내라 제발,- dc official App,43,43.0,쥬지야 힘내라 제발 - dc official App,쥬지야 힘내라 제발 - dc official App,0.44983941316604614,0.17634578049182892,0.15809650719165802,0.0750792995095253,0.06850804388523102,0.07213099300861359
2024-09-22 22:12:13,로슨 비추지마,아,43,43.0,로슨 비추지마 아,로슨 비추지마 아,0.12429000437259674,0.2656082212924957,0.15810222923755646,0.23010699450969696,0.1622227132320404,0.059669818729162216
2024-09-22 22:12:13,로손 ㅅㅂㅋㅋㅋㅋㅋㅋ,,43,43.0,로손 ㅅㅂㅋㅋㅋㅋㅋㅋ ,로손 ㅅㅂㅋㅋㅋㅋㅋㅋ,0.13260027766227722,0.25728264451026917,0.1862543672323227,0.22853095829486847,0.118674136698246,0.07665763050317764
2024-09-22 22:12:14,대런의 마지막모습 ㅠㅠㅠㅠㅜㅠㅠㅠ,ㅠㅠㅠㅠㅠ,43,43.0,대런의 마지막모습 ㅠㅠㅠㅠㅜㅠㅠㅠ ㅠㅠㅠㅠㅠ,대런의 마지막모습 ㅠㅠㅠㅠㅜㅠㅠㅠ ㅠㅠㅠㅠㅠ,0.18843771517276764,0.2656145393848419,0.18097428977489471,0.12225262820720673,0.16348779201507568,0.07923310995101929
2024-09-22 22:12:14,대버지 ㅜㅜ,,43,43.0,대버지 ㅜㅜ ,대버지 ㅜㅜ,0.23912040889263153,0.2263535112142563,0.19794820249080658,0.11749101430177689,0.13965824246406555,0.07942857593297958
2024-09-22 22:12:15,로슨입갤ㅋㅋㅋㅋ,ㅋㅋㅋ,43,43.0,로슨입갤ㅋㅋㅋㅋ ㅋㅋㅋ,로슨입갤ㅋㅋㅋㅋ ㅋㅋㅋ,0.7045124173164368,0.10691113770008087,0.074039988219738,0.05753970518708229,0.03183601796627045,0.025160767138004303
2024-09-22 22:12:15,편의점 ㅋㅋㅋㅋㅋ,ㅋㅋㅋㅋ,43,43.0,편의점 ㅋㅋㅋㅋㅋ ㅋㅋㅋㅋ,편의점 ㅋㅋㅋㅋㅋ ㅋㅋㅋㅋ,0.6770809292793274,0.12337342649698257,0.07924975454807281,0.06161564961075783,0.03566015884280205,0.023020092397928238
2024-09-22 22:12:18,월챔인성은 츠노다 ㅋㅋㅋㅋ,덤애스 ㅋㅋㅋㅋㅋㅋ,43,43.0,월챔인성은 츠노다 ㅋㅋㅋㅋ 덤애스 ㅋㅋㅋㅋㅋㅋ,월챔인성은 츠노다 ㅋㅋㅋㅋ 덤애스 ㅋㅋㅋㅋㅋㅋ,0.3739418089389801,0.24381418526172638,0.16228869557380676,0.11982521414756775,0.051833897829055786,0.0482962392270565
2024-09-22 22:12:18,또 로손 보여주노 ㅋㅋㅋ,"ㅋㅋ
- dc official App",43,43.0,"또 로손 보여주노 ㅋㅋㅋ ㅋㅋ
- dc official App",또 로손 보여주노 ㅋㅋㅋ ㅋㅋ,0.6479360461235046,0.13889670372009277,0.0734516829252243,0.07330330461263657,0.040660448372364044,0.025751890614628792
2024-09-22 22:12:19,편의점 ㅜㅜ,,43,43.0,편의점 ㅜㅜ ,편의점 ㅜㅜ,0.1137176901102066,0.27863383293151855,0.13561852276325226,0.16091084480285645,0.2533396780490875,0.05777937173843384
2024-09-22 22:12:21,싱글벙글 편의점게이야ㅋㅋㅋ,"ㅋㅋ
- dc official App",43,43.0,"싱글벙글 편의점게이야ㅋㅋㅋ ㅋㅋ
- dc official App",싱글벙글 편의점게이야ㅋㅋㅋ ㅋㅋ,0.6976030468940735,0.1129467636346817,0.06617725640535355,0.05656823143362999,0.039422839879989624,0.027281856164336205
2024-09-22 22:12:25,어어 잠시만요 스트롤인가요?!!,- dc official App,43,43.0,어어 잠시만요 스트롤인가요?!! - dc official App,어어 잠시만요 스트롤인가요?!! - dc official App,0.32725781202316284,0.22770270705223083,0.2494383007287979,0.08042870461940765,0.04497959092259407,0.07019288092851639
2024-09-22 22:12:26,고로시ㅠㅠ,"ㅠ
- ORACLE RED BULL RACING RB20",43,43.0,"고로시ㅠㅠ ㅠ
- ORACLE RED BULL RACING RB20",고로시ㅠㅠ ㅠ - ORACLE RED BULL RACING RB20,0.1533980518579483,0.2590707242488861,0.15943975746631622,0.1576249599456787,0.20559440553188324,0.0648721307516098
2024-09-22 22:12:26,로슨이랑 스왑은 언제 되려나ㅋㅋㅋㅋ,,43,43.0,로슨이랑 스왑은 언제 되려나ㅋㅋㅋㅋ ,로슨이랑 스왑은 언제 되려나ㅋㅋㅋㅋ,0.375270277261734,0.22662006318569183,0.18948820233345032,0.0826733335852623,0.06298580765724182,0.0629623532295227
2024-09-22 22:12:28,경의 도박 개10좆망 ㅋㅋ,,43,43.0,경의 도박 개10좆망 ㅋㅋ ,경의 도박 개10좆망 ㅋㅋ,0.10675458610057831,0.24486637115478516,0.1506568044424057,0.262044757604599,0.15560607612133026,0.08007138222455978
2024-09-22 22:12:30,대끌뭐냐 ㄷㄷ,,43,43.0,대끌뭐냐 ㄷㄷ ,대끌뭐냐 ㄷㄷ,0.08692796528339386,0.22481855750083923,0.293455570936203,0.16890937089920044,0.10983296483755112,0.11605561524629593
2024-09-22 22:12:33,좆카도 아웃ㅋㅋㅋㅋㅋㅋㅋㅋㅋㅋㅋ,,43,43.0,좆카도 아웃ㅋㅋㅋㅋㅋㅋㅋㅋㅋㅋㅋ ,좆카도 아웃ㅋㅋㅋㅋㅋㅋㅋㅋㅋㅋㅋ,0.21768145263195038,0.25173220038414,0.13435369729995728,0.2298123985528946,0.09788506478071213,0.06853525340557098
2024-09-22 22:12:36,르끌패랩ㄷㄷ,,43,43.0,르끌패랩ㄷㄷ ,르끌패랩ㄷㄷ,0.1625526249408722,0.2050030529499054,0.3468262255191803,0.11864285916090012,0.05466403812170029,0.11231120675802231
2024-09-22 22:12:37,르끌 패랩,,43,43.0,르끌 패랩 ,르끌 패랩,0.20660805702209473,0.2865593433380127,0.2394803762435913,0.11938564479351044,0.09417381137609482,0.05379277467727661
2024-09-22 22:12:37,대르끌 ㅅㅅㅅㅅㅅㅅ,"5ㅅ
- dc official App",43,43.0,"대르끌 ㅅㅅㅅㅅㅅㅅ 5ㅅ
- dc official App",대르끌 ㅅㅅㅅㅅㅅㅅ 5ㅅ,0.7007816433906555,0.10937338322401047,0.06561798602342606,0.06360659003257751,0.038143280893564224,0.022477097809314728
2024-09-22 22:12:34,피아제 랩당 1초 좁히네,,43,43.0,피아제 랩당 1초 좁히네 ,피아제 랩당 1초 좁히네,0.12044086307287216,0.227751687169075,0.33233970403671265,0.13319161534309387,0.06673962622880936,0.11953642219305038
2024-09-22 22:12:39,좆노잼이다,,43,43.0,좆노잼이다 ,좆노잼이다,0.1300051063299179,0.3044223189353943,0.17282281816005707,0.1815715730190277,0.1483437716960907,0.06283445656299591
2024-09-22 22:12:39,엪원 이새끼들 사람 존나 잘맥임,카메라로 맥이고 cg로 맥이고 ㅋㅋㅋㅋ,43,43.0,엪원 이새끼들 사람 존나 잘맥임 카메라로 맥이고 cg로 맥이고 ㅋㅋㅋㅋ,엪원 이새끼들 사람 존나 잘맥임 카메라로 맥이고 cg로 맥이고 ㅋㅋㅋㅋ,0.39066576957702637,0.18400979042053223,0.19492368400096893,0.10882610827684402,0.046221889555454254,0.07535280287265778
2024-09-22 22:12:39,르끌 패랩 ㄷ,ㄷㄷ,43,43.0,르끌 패랩 ㄷ ㄷㄷ,르끌 패랩 ㄷ ㄷㄷ,0.1574505865573883,0.23087774217128754,0.32132911682128906,0.11563833057880402,0.06055814400315285,0.11414598673582077
2024-09-22 22:12:40,르끌 패랩 캬,,43,43.0,르끌 패랩 캬 ,르끌 패랩 캬,0.6553131937980652,0.12719134986400604,0.09077761322259903,0.061399444937705994,0.03802110254764557,0.027297282591462135
2024-09-22 22:12:41,황끌 패랩 ㅋㅋㅋㅋㅋㅋㅋㅋㅋㅋㅋ,,43,43.0,황끌 패랩 ㅋㅋㅋㅋㅋㅋㅋㅋㅋㅋㅋ ,황끌 패랩 ㅋㅋㅋㅋㅋㅋㅋㅋㅋㅋㅋ,0.7010425329208374,0.10815724730491638,0.06976807117462158,0.061275072395801544,0.03535206615924835,0.02440504916012287
2024-09-22 22:12:41,대황끌 패랩 ㅋㅋㅋㅋ,,43,43.0,대황끌 패랩 ㅋㅋㅋㅋ ,대황끌 패랩 ㅋㅋㅋㅋ,0.7101609706878662,0.10566281527280807,0.06606527417898178,0.05852402001619339,0.03544580936431885,0.02414122223854065
2024-09-22 22:12:43,미끌 기습패랩 ㅋㅋㅋㅋㅋ,ㅋㅋㅋㅋㅋ,43,43.0,미끌 기습패랩 ㅋㅋㅋㅋㅋ ㅋㅋㅋㅋㅋ,미끌 기습패랩 ㅋㅋㅋㅋㅋ ㅋㅋㅋㅋㅋ,0.5953499674797058,0.155138298869133,0.11137402057647705,0.07206829637289047,0.03503810986876488,0.0310312919318676
2024-09-22 22:12:44,보타스 헤일로 찍힌 짤,"마우스 커서쪽 잘보셈
- dc official App",43,43.0,"보타스 헤일로 찍힌 짤 마우스 커서쪽 잘보셈
- dc official App",보타스 헤일로 찍힌 짤 마우스 커서쪽 잘보셈,0.24513913691043854,0.21811597049236298,0.31706082820892334,0.10249771922826767,0.05030166730284691,0.06688469648361206
2024-09-22 22:12:45,쥬지 제발,,43,43.0,쥬지 제발 ,쥬지 제발,0.49306508898735046,0.16909994184970856,0.13872109353542328,0.07758492976427078,0.06817208230495453,0.05335693061351776
2024-09-22 22:12:46,니코카도 원래 저렇게 씹퇴물이었냐,- dc official App,43,43.0,니코카도 원래 저렇게 씹퇴물이었냐 - dc official App,니코카도 원래 저렇게 씹퇴물이었냐 - dc official App,0.08009715378284454,0.21939128637313843,0.2978886365890503,0.1816525012254715,0.10608705133199692,0.11488337069749832
2024-09-22 22:12:47,르끌 패랩 ㅅㅅ,- dc official App,43,43.0,르끌 패랩 ㅅㅅ - dc official App,르끌 패랩 ㅅㅅ - dc official App,0.4903542697429657,0.17923548817634583,0.16407670080661774,0.08765503019094467,0.04629506915807724,0.03238343074917793
2024-09-22 22:12:48,미끌레 빼스띠스트ㄷㄷㄷ,잘 타노,43,43.0,미끌레 빼스띠스트ㄷㄷㄷ 잘 타노,미끌레 빼스띠스트ㄷㄷㄷ 잘 타노,0.46885010600090027,0.18816015124320984,0.18420058488845825,0.068306103348732,0.03371443971991539,0.05676865577697754
2024-09-22 22:12:55,작년에 막스 스티어링 휠에서 넷플릭스 나온다는 소리 있었는데,올해는 노리스 휠에도 달아줬겠노 ㅋㅋㅋ,43,43.0,작년에 막스 스티어링 휠에서 넷플릭스 나온다는 소리 있었는데 올해는 노리스 휠에도 달아줬겠노 ㅋㅋㅋ,작년에 막스 스티어링 휠에서 넷플릭스 나온다는 소리 있었는데 올해는 노리스 휠에도 달아줬겠노 ㅋㅋㅋ,0.4930470585823059,0.18434493243694305,0.17171193659305573,0.06587444245815277,0.03163226321339607,0.05338941514492035
2024-09-22 22:12:56,진짜 개노잼이다 와,에반데,43,43.0,진짜 개노잼이다 와 에반데,진짜 개노잼이다 와 에반데,0.1006079837679863,0.3229846656322479,0.16648682951927185,0.18342652916908264,0.16142719984054565,0.06506679952144623
2024-09-22 22:12:57,노막피 엔딩?,"ㄷ
- dc official App",43,43.0,"노막피 엔딩? ㄷ
- dc official App",노막피 엔딩? ㄷ,0.1537838578224182,0.24769021570682526,0.3218720853328705,0.1062236875295639,0.06694409996271133,0.10348605364561081
2024-09-22 22:12:57,츠노다는 레드불 가야 하는거 아니냐,인성은 드챔급이네 ㅋㅋㅋㅋㅋㅋㅋㅋㅋㅋㅋㅋㅋㅋㅋㅋㅋㅋㅋㅋㅋㅋㅋㅋ,43,43.0,츠노다는 레드불 가야 하는거 아니냐 인성은 드챔급이네 ㅋㅋㅋㅋㅋㅋㅋㅋㅋㅋㅋㅋㅋㅋㅋㅋㅋㅋㅋㅋㅋㅋㅋㅋ,츠노다는 레드불 가야 하는거 아니냐 인성은 드챔급이네 ㅋㅋㅋㅋㅋㅋㅋㅋㅋㅋㅋㅋㅋㅋㅋㅋㅋㅋㅋㅋㅋㅋㅋㅋ,0.14294318854808807,0.19903840124607086,0.28042492270469666,0.1747031956911087,0.0659472793340683,0.1369429975748062
2024-09-22 22:12:58,미끌레 해밀턴 딸수잇냐?,,43,43.0,미끌레 해밀턴 딸수잇냐? ,미끌레 해밀턴 딸수잇냐?,0.2367841601371765,0.20474879443645477,0.3223031461238861,0.09142102301120758,0.05499709025025368,0.08974575996398926
2024-09-22 22:12:58,대 황 끌,"키야
- ORACLE RED BULL RACING RB20",43,43.0,"대 황 끌 키야
- ORACLE RED BULL RACING RB20",대 황 끌 키야 - ORACLE RED BULL RACING RB20,0.6828992366790771,0.11581097543239594,0.08415012806653976,0.059555526822805405,0.03200869634747505,0.025575393810868263
2024-09-22 22:13:00,페라리도 스왑함? 르끌 패랩 찍네 ㄷㄷ,페이스 ㅁㅊ,43,43.0,페라리도 스왑함? 르끌 패랩 찍네 ㄷㄷ 페이스 ㅁㅊ,페라리도 스왑함? 르끌 패랩 찍네 ㄷㄷ 페이스 ㅁㅊ,0.13581494987010956,0.1967700868844986,0.3435830771923065,0.14151404798030853,0.057030245661735535,0.12528760731220245
2024-09-22 22:13:01,노창섭 그랜드 슬램 컷 ㅋㅋㅋㅋㅋㅋㅋㅋㅋ,- dc official App,43,43.0,노창섭 그랜드 슬램 컷 ㅋㅋㅋㅋㅋㅋㅋㅋㅋ - dc official App,노창섭 그랜드 슬램 컷 ㅋㅋㅋㅋㅋㅋㅋㅋㅋ - dc official App,0.7056965827941895,0.11404485255479813,0.06931376457214355,0.05434710904955864,0.031734392046928406,0.024863364174962044
2024-09-22 22:13:01,르클패랩이네,- dc official App,43,43.0,르클패랩이네 - dc official App,르클패랩이네 - dc official App,0.371766060590744,0.21452254056930542,0.226160928606987,0.09624989330768585,0.04918459430336952,0.042115967720746994
2024-09-22 22:13:02,노리스 폼 미치긴했네,"차빨이던 뭐던 존나쌔긴하네
- dc official App",43,43.0,"노리스 폼 미치긴했네 차빨이던 뭐던 존나쌔긴하네
- dc official App",노리스 폼 미치긴했네 차빨이던 뭐던 존나쌔긴하네,0.15157930552959442,0.20064777135849,0.34588316082954407,0.12283919006586075,0.055958136916160583,0.12309247255325317
2024-09-22 22:13:02,맥 원투 ㅋㅋ,ㅋㅋ,43,43.0,맥 원투 ㅋㅋ ㅋㅋ,맥 원투 ㅋㅋ ㅋㅋ,0.7165611982345581,0.10486941784620285,0.06693460047245026,0.05439135059714317,0.0336930938065052,0.023550303652882576
2024-09-22 22:13:05,팀오더입갤,,43,43.0,팀오더입갤 ,팀오더입갤,0.5634514093399048,0.15415212512016296,0.13015882670879364,0.07317378371953964,0.03969217464327812,0.03937169909477234
2024-09-22 22:13:05,사인츠 스왑 ㅋㅋㅋㅋㅋ,,43,43.0,사인츠 스왑 ㅋㅋㅋㅋㅋ ,사인츠 스왑 ㅋㅋㅋㅋㅋ,0.6990870833396912,0.10867460072040558,0.07558093965053558,0.060838427394628525,0.03299645334482193,0.02282250113785267
2024-09-22 22:13:06,34위배틀하다가 세카뜨게해주쇼,"제발
- dc official App",43,43.0,"34위배틀하다가 세카뜨게해주쇼 제발
- dc official App",34위배틀하다가 세카뜨게해주쇼 제발,0.34800997376441956,0.20336811244487762,0.14184686541557312,0.11237020045518875,0.11759664118289948,0.07680826634168625
2024-09-22 22:13:08,팀오다ㅋㅋㅋ,,43,43.0,팀오다ㅋㅋㅋ ,팀오다ㅋㅋㅋ,0.7001441121101379,0.11301083117723465,0.07428278028964996,0.052712567150592804,0.03281612694263458,0.02703355997800827
2024-09-22 22:13:09,스왑…ㅋㅎㅋㅎㅋㅋ,- dc official App,43,43.0,스왑…ㅋㅎㅋㅎㅋㅋ - dc official App,스왑…ㅋㅎㅋㅎㅋㅋ - dc official App,0.7044129371643066,0.10884162783622742,0.07105759531259537,0.05813855305314064,0.03438090905547142,0.02316836453974247
2024-09-22 22:13:16,오늘 스왑 좀 많네,,43,43.0,오늘 스왑 좀 많네 ,오늘 스왑 좀 많네,0.2553527057170868,0.3565071225166321,0.16461746394634247,0.08781792968511581,0.0784313902258873,0.057273466140031815
2024-09-22 22:13:16,사인츠도 즈왑ㅋㅋㅋ,,43,43.0,사인츠도 즈왑ㅋㅋㅋ ,사인츠도 즈왑ㅋㅋㅋ,0.6860856413841248,0.12122323364019394,0.07795047014951706,0.0567474290728569,0.031548578292131424,0.02644461579620838
2024-09-22 22:13:18,노피막도 가능하겠는데?,피아제 심상치않다,43,43.0,노피막도 가능하겠는데? 피아제 심상치않다,노피막도 가능하겠는데? 피아제 심상치않다,0.14548857510089874,0.19974194467067719,0.35958364605903625,0.11122347414493561,0.05896918848156929,0.12499317526817322
2024-09-22 22:13:19,스왑입갤ㅋㅋㅌ,ㅋㅋㅋㅋ,43,43.0,스왑입갤ㅋㅋㅌ ㅋㅋㅋㅋ,스왑입갤ㅋㅋㅌ ㅋㅋㅋㅋ,0.7118312120437622,0.1049838736653328,0.06960022449493408,0.05586589127779007,0.033114828169345856,0.024603992700576782
2024-09-22 22:13:24,스왑ㅋㅋㅋ,- dc official App,43,43.0,스왑ㅋㅋㅋ - dc official App,스왑ㅋㅋㅋ - dc official App,0.7036666870117188,0.10663546621799469,0.07811667025089264,0.05689327418804169,0.03203582763671875,0.022652119398117065
2024-09-22 22:13:24,스왑ㅋㅋ,"ㅋㅋ
- ORACLE RED BULL RACING RB20",43,43.0,"스왑ㅋㅋ ㅋㅋ
- ORACLE RED BULL RACING RB20",스왑ㅋㅋ ㅋㅋ - ORACLE RED BULL RACING RB20,0.688080906867981,0.11331138759851456,0.07713926583528519,0.06462233513593674,0.034656964242458344,0.02218913845717907
2024-09-22 22:13:25,노리스 폼 미친게 아니라 맥라렌 폼이 미친거지,순수 차빨챔,43,43.0,노리스 폼 미친게 아니라 맥라렌 폼이 미친거지 순수 차빨챔,노리스 폼 미친게 아니라 맥라렌 폼이 미친거지 순수 차빨챔,0.08311757445335388,0.22358983755111694,0.2831803262233734,0.21664993464946747,0.10906928777694702,0.08439302444458008
2024-09-22 22:13:25,어떤팀이랑 스왑해주는게 다르네,,43,43.0,어떤팀이랑 스왑해주는게 다르네 ,어떤팀이랑 스왑해주는게 다르네,0.18739420175552368,0.24569165706634521,0.29537197947502136,0.10227972269058228,0.07648879289627075,0.09277371317148209
2024-09-22 22:13:26,페라리 팀오더입갤,,43,43.0,페라리 팀오더입갤 ,페라리 팀오더입갤,0.5782654881477356,0.15256932377815247,0.12523911893367767,0.07035768777132034,0.03654835373163223,0.03702004253864288
2024-09-22 22:13:27,멀티21,ㅇ,43,43.0,멀티21 ㅇ,멀티21 ㅇ,0.538645327091217,0.16924642026424408,0.1371610164642334,0.08191797137260437,0.04140932112932205,0.031619999557733536
2024-09-22 22:13:37,스와핑을 많이 하노,'팀플레이',44,44.0,스와핑을 많이 하노 '팀플레이',스와핑을 많이 하노 '팀플레이',0.14910314977169037,0.25478649139404297,0.324100524187088,0.10986410081386566,0.04583070054650307,0.11631502211093903
2024-09-22 22:13:39,맥 이거 1-2하면 진짜 ㅋㅋㅋㅋ,"ㅋㅋ
- dc official App",44,44.0,"맥 이거 1-2하면 진짜 ㅋㅋㅋㅋ ㅋㅋ
- dc official App",맥 이거 1-2하면 진짜 ㅋㅋㅋㅋ ㅋㅋ,0.6320416927337646,0.13936786353588104,0.10196879506111145,0.06366736441850662,0.03265462815761566,0.030299613252282143
2024-09-22 22:13:41,아 몰랑 일단 노창섭임,"ㅇ
- dc official App",44,44.0,"아 몰랑 일단 노창섭임 ㅇ
- dc official App",아 몰랑 일단 노창섭임 ㅇ,0.16798625886440277,0.3354046046733856,0.16719478368759155,0.1497526317834854,0.11371909081935883,0.06594259291887283
2024-09-22 22:13:42,이직자들 불쌍하노,비켜,44,44.0,이직자들 불쌍하노 비켜,이직자들 불쌍하노 비켜,0.11091066896915436,0.2729400098323822,0.19509920477867126,0.15823115408420563,0.18881945312023163,0.07399946451187134
2024-09-22 22:13:42,"""Leclerc is faster than you""",,44,44.0,"""Leclerc is faster than you"" ","""Leclerc is faster than you""",0.6072481274604797,0.15161913633346558,0.09088803827762604,0.07054541260004044,0.04765883833169937,0.03204037621617317
2024-09-22 22:13:50,저 일본 원숭이 로슨한테 탈탈 털려봐라,언젠가 업보로 다 맞길,44,44.0,저 일본 원숭이 로슨한테 탈탈 털려봐라 언젠가 업보로 다 맞길,저 일본 원숭이 로슨한테 탈탈 털려봐라 언젠가 업보로 다 맞길,0.22404688596725464,0.15084969997406006,0.1614542007446289,0.25800326466560364,0.1508709192276001,0.05477504804730415
2024-09-22 22:13:53,사인지 ㅠㅠ,ㅠㅠ,44,44.0,사인지 ㅠㅠ ㅠㅠ,사인지 ㅠㅠ ㅠㅠ,0.11953358352184296,0.28295469284057617,0.19692786037921906,0.1290815770626068,0.19109699130058289,0.08040528744459152
2024-09-22 22:13:57,피아제시계 ㄷㄷ,"ㄷㄷ
- dc official App",44,44.0,"피아제시계 ㄷㄷ ㄷㄷ
- dc official App",피아제시계 ㄷㄷ ㄷㄷ,0.10518703609704971,0.20237550139427185,0.31503358483314514,0.16083376109600067,0.08380722999572754,0.1327628791332245
2024-09-22 22:14:02,사인츠 냉정하게 잘하네 ㅋㅋㅋㅋ 자진스왑,머리는 차갑게,44,44.0,사인츠 냉정하게 잘하네 ㅋㅋㅋㅋ 자진스왑 머리는 차갑게,사인츠 냉정하게 잘하네 ㅋㅋㅋㅋ 자진스왑 머리는 차갑게,0.6483094692230225,0.12783282995224,0.09202828258275986,0.06147030368447304,0.032630275934934616,0.037728797644376755
2024-09-22 22:14:08,르끌 분노의 질주 on,"ㅋㅋㅋㅋㅋㅋㅋㅋ
- dc official App",44,44.0,"르끌 분노의 질주 on ㅋㅋㅋㅋㅋㅋㅋㅋ
- dc official App",르끌 분노의 질주 on ㅋㅋㅋㅋㅋㅋㅋㅋ,0.6427822709083557,0.12727250158786774,0.07195771485567093,0.08286912739276886,0.045418791472911835,0.029699571430683136
2024-09-22 22:14:11,쥬지는 포디엄 걸렷는데 디펜스 해야지,"ㄹㅇ
- dc official App",44,44.0,"쥬지는 포디엄 걸렷는데 디펜스 해야지 ㄹㅇ
- dc official App",쥬지는 포디엄 걸렷는데 디펜스 해야지 ㄹㅇ,0.15842576324939728,0.3201945126056671,0.2216983586549759,0.09469389915466309,0.10703502595424652,0.09795242547988892
2024-09-22 22:14:14,아까 헐크가 하드 좆구리다 하지않음?,하스가 좆구린거였고,44,44.0,아까 헐크가 하드 좆구리다 하지않음? 하스가 좆구린거였고,아까 헐크가 하드 좆구리다 하지않음? 하스가 좆구린거였고,0.07036398351192474,0.24861526489257812,0.28458064794540405,0.18950290977954865,0.12333916872739792,0.08359802514314651
2024-09-22 22:14:17,피아스트리 러셀 따겠는데?,,44,44.0,피아스트리 러셀 따겠는데? ,피아스트리 러셀 따겠는데?,0.32698196172714233,0.21452324092388153,0.2670609951019287,0.08431564271450043,0.0365779846906662,0.0705401748418808
2024-09-22 22:14:18,츠노다 소프트로 콜라 못 넘을텐데 뭘 저리 성질을 내냐,"이미 지금 소프트 다 죽어 있구만 뭘 ㅋㅋ
- dc official App",44,44.0,"츠노다 소프트로 콜라 못 넘을텐데 뭘 저리 성질을 내냐 이미 지금 소프트 다 죽어 있구만 뭘 ㅋㅋ
- dc official App",츠노다 소프트로 콜라 못 넘을텐데 뭘 저리 성질을 내냐 이미 지금 소프트 다 죽어 있구만 뭘 ㅋㅋ,0.09148415178060532,0.2189207524061203,0.2922285199165344,0.203450009226799,0.10296110808849335,0.09095549583435059
2024-09-22 22:14:22,좆물은 뭔 랩당 1.5초따이노 ㅋㅋ,,44,44.0,좆물은 뭔 랩당 1.5초따이노 ㅋㅋ ,좆물은 뭔 랩당 1.5초따이노 ㅋㅋ,0.10984985530376434,0.2566531300544739,0.257825642824173,0.19674989581108093,0.09532641619443893,0.08359502255916595
2024-09-22 22:14:25,물탕이 따러 가보잣,"ㅅㅅ
- dc official App",44,44.0,"물탕이 따러 가보잣 ㅅㅅ
- dc official App",물탕이 따러 가보잣 ㅅㅅ,0.660298764705658,0.12534770369529724,0.08596454560756683,0.06139126792550087,0.03644474595785141,0.03055291809141636
2024-09-22 22:14:30,피아제 포디움가냐??,캬,44,44.0,피아제 포디움가냐?? 캬,피아제 포디움가냐?? 캬,0.3636340796947479,0.18258263170719147,0.24062782526016235,0.09637773782014847,0.03993105888366699,0.07684672623872757
2024-09-22 22:14:35,노잼무새충 샽압,ㅋㅋㅋ 그냥좀 쳐봐라 퇴갤하던지,44,44.0,노잼무새충 샽압 ㅋㅋㅋ 그냥좀 쳐봐라 퇴갤하던지,노잼무새충 샽압 ㅋㅋㅋ 그냥좀 쳐봐라 퇴갤하던지,0.11811790615320206,0.2051001936197281,0.1851041167974472,0.2835697829723358,0.143939808011055,0.06416822969913483
2024-09-22 22:14:47,그래도 사인지랑 르끌은 배테랑같이 냉철하게 잘 하네,- dc official App,44,44.0,그래도 사인지랑 르끌은 배테랑같이 냉철하게 잘 하네 - dc official App,그래도 사인지랑 르끌은 배테랑같이 냉철하게 잘 하네 - dc official App,0.3230266869068146,0.22600793838500977,0.23016639053821564,0.08290590345859528,0.04960396885871887,0.08828908950090408
2024-09-22 22:14:52,냉정하게 피아제 막스 딸 수 있음?,ㅇㅇ?,44,44.0,냉정하게 피아제 막스 딸 수 있음? ㅇㅇ?,냉정하게 피아제 막스 딸 수 있음? ㅇㅇ?,0.13102132081985474,0.21415944397449493,0.35805052518844604,0.11096370220184326,0.07130103558301926,0.11450393497943878
2024-09-22 22:15:00,맥라렌 차가 ㅅㅂ 얼마나좋으면 이지랄이나냐 ㅅㅂㅋㅋㅋㅋㅋㅋㅋ,- dc official App,44,44.0,맥라렌 차가 ㅅㅂ 얼마나좋으면 이지랄이나냐 ㅅㅂㅋㅋㅋㅋㅋㅋㅋ - dc official App,맥라렌 차가 ㅅㅂ 얼마나좋으면 이지랄이나냐 ㅅㅂㅋㅋㅋㅋㅋㅋㅋ - dc official App,0.11194491386413574,0.21770921349525452,0.19907373189926147,0.25620919466018677,0.11848679929971695,0.09657611697912216
2024-09-22 22:15:04,10랩에 해물탕 따잇이면 잘하면 피아나 러셀까지도?,,44,44.0,10랩에 해물탕 따잇이면 잘하면 피아나 러셀까지도? ,10랩에 해물탕 따잇이면 잘하면 피아나 러셀까지도?,0.2903662919998169,0.21448342502117157,0.27885740995407104,0.08981597423553467,0.038894716650247574,0.08758221566677094
2024-09-22 22:15:09,대체 미-소는 뭔 전략일까,러셀도 아니고,44,44.0,대체 미-소는 뭔 전략일까 러셀도 아니고,대체 미-소는 뭔 전략일까 러셀도 아니고,0.09016159921884537,0.255849152803421,0.32717859745025635,0.12661387026309967,0.1251547485589981,0.07504201680421829
2024-09-22 22:15:10,클린에어 먹고 맥라렌이 원투 하겠다 ㅋㅋ,"그게 정배일듯
차가 다르네 그냥..",44,44.0,"클린에어 먹고 맥라렌이 원투 하겠다 ㅋㅋ 그게 정배일듯
차가 다르네 그냥..",클린에어 먹고 맥라렌이 원투 하겠다 ㅋㅋ 그게 정배일듯 차가 다르네 그냥..,0.32377105951309204,0.23296068608760834,0.22631686925888062,0.07608459144830704,0.0369051992893219,0.10396156460046768
2024-09-22 22:15:11,피아제 존나무섭네,"페이스뭐냐
- dc official App",45,45.0,"피아제 존나무섭네 페이스뭐냐
- dc official App",피아제 존나무섭네 페이스뭐냐,0.10908608883619308,0.19836008548736572,0.32010069489479065,0.16237081587314606,0.08509106934070587,0.12499122321605682
2024-09-22 22:15:14,오늘 도넛 가능한가,"예전에 알론소  은퇴 기념으로 베텔 해밀턴 알론소 도넛 했던거 기억나는데
흠... 대런이 그정도는 아닌가",45,45.0,"오늘 도넛 가능한가 예전에 알론소  은퇴 기념으로 베텔 해밀턴 알론소 도넛 했던거 기억나는데
흠... 대런이 그정도는 아닌가",오늘 도넛 가능한가 예전에 알론소 은퇴 기념으로 베텔 해밀턴 알론소 도넛 했던거 기억나는데 흠... 대런이 그정도는 아닌가,0.17278322577476501,0.2626805603504181,0.2917710542678833,0.09364522993564606,0.07784795761108398,0.10127192735671997
2024-09-22 22:15:16,씨발 퀄리만 제대로 했어도,아오,45,45.0,씨발 퀄리만 제대로 했어도 아오,씨발 퀄리만 제대로 했어도 아오,0.12362096458673477,0.21333803236484528,0.10746943205595016,0.2857000529766083,0.23457518219947815,0.035296276211738586
2024-09-22 22:15:17,"노리스, 막스 스핀해줘",,45,45.0,"노리스, 막스 스핀해줘 ","노리스, 막스 스핀해줘",0.6125151515007019,0.13905268907546997,0.10408265143632889,0.06676869094371796,0.04297633469104767,0.03460453078150749
2024-09-22 22:15:22,진짜 좆같이 재미없노ㅋㅋ,"ㅋㅋ
- ORACLE RED BULL RACING RB20",45,45.0,"진짜 좆같이 재미없노ㅋㅋ ㅋㅋ
- ORACLE RED BULL RACING RB20",진짜 좆같이 재미없노ㅋㅋ ㅋㅋ - ORACLE RED BULL RACING RB20,0.1417115330696106,0.30254992842674255,0.14314216375350952,0.19844193756580353,0.16167928278446198,0.05247518792748451
2024-09-22 22:15:26,러셀 사자같이막아라제발,,45,45.0,러셀 사자같이막아라제발 ,러셀 사자같이막아라제발,0.11155911535024643,0.21915431320667267,0.14829857647418976,0.22796174883842468,0.23756641149520874,0.05545985326170921
2024-09-22 22:15:28,메르는 그냥 멸망중이네 씨바,,45,45.0,메르는 그냥 멸망중이네 씨바 ,메르는 그냥 멸망중이네 씨바,0.10759399086236954,0.1935107707977295,0.1180572435259819,0.26886212825775146,0.26503702998161316,0.046938877552747726
2024-09-22 22:15:29,쥬지야 투무브,- dc official App,45,45.0,쥬지야 투무브 - dc official App,쥬지야 투무브 - dc official App,0.6117075681686401,0.1399746984243393,0.11555414646863937,0.0663878470659256,0.03676695004105568,0.02960878424346447
2024-09-22 22:15:37,볼지는 모르겠다만,"일단 보내놨다
- dc official App",45,45.0,"볼지는 모르겠다만 일단 보내놨다
- dc official App",볼지는 모르겠다만 일단 보내놨다,0.31986337900161743,0.24800127744674683,0.2079722285270691,0.08596900850534439,0.07382774353027344,0.06436634063720703
2024-09-22 22:15:39,아니 씹 몽골새끼 노리스하고 23초차?,ㅋㅋㅋㅋㅋㅋ 수준차이,45,45.0,아니 씹 몽골새끼 노리스하고 23초차? ㅋㅋㅋㅋㅋㅋ 수준차이,아니 씹 몽골새끼 노리스하고 23초차? ㅋㅋㅋㅋㅋㅋ 수준차이,0.09392757713794708,0.18435737490653992,0.27466121315956116,0.23713438212871552,0.10139944404363632,0.10852005332708359
2024-09-22 22:15:47,피아제가 쥬지 따는데 3랩 이상 쓰면 몽골 못땀,"ㅋㅋ
- dc official App",45,45.0,"피아제가 쥬지 따는데 3랩 이상 쓰면 몽골 못땀 ㅋㅋ
- dc official App",피아제가 쥬지 따는데 3랩 이상 쓰면 몽골 못땀 ㅋㅋ,0.1460486203432083,0.2373107224702835,0.3147033452987671,0.14453208446502686,0.06551413238048553,0.09189114719629288
2024-09-22 22:15:51,작년이후로 이렇게 좆노잼인거 처음임,,45,45.0,작년이후로 이렇게 좆노잼인거 처음임 ,작년이후로 이렇게 좆노잼인거 처음임,0.11881162226200104,0.2883489429950714,0.14995895326137543,0.1919127106666565,0.1841444969177246,0.0668233186006546
2024-09-22 22:15:53,맥라렌 차 성능 저거 맞음?,"진짜 에반데?
- dc official App",45,45.0,"맥라렌 차 성능 저거 맞음? 진짜 에반데?
- dc official App",맥라렌 차 성능 저거 맞음? 진짜 에반데?,0.08503423631191254,0.2463555485010147,0.28734469413757324,0.15622055530548096,0.12976482510566711,0.09528013318777084
2024-09-22 22:15:54,오스트리아가그립구나,"와장창
- dc official App",45,45.0,"오스트리아가그립구나 와장창
- dc official App",오스트리아가그립구나 와장창,0.38384556770324707,0.20256498456001282,0.10395440459251404,0.11920030415058136,0.13549509644508362,0.05493967607617378
2024-09-22 22:15:54,이쯤되면 페레즈가 못하는게 아니라,차 성능이 저정도 급인데 막스 차력쇼로 버티는듯,45,45.0,이쯤되면 페레즈가 못하는게 아니라 차 성능이 저정도 급인데 막스 차력쇼로 버티는듯,이쯤되면 페레즈가 못하는게 아니라 차 성능이 저정도 급인데 막스 차력쇼로 버티는듯,0.07590465247631073,0.26913172006607056,0.30895355343818665,0.13919468224048615,0.10993252694606781,0.09688287228345871
2024-09-22 22:16:01,세카 100퍼 기록이 이렇게 무너지냐????,"뭐하나해봐좀
- dc official App",45,45.0,"세카 100퍼 기록이 이렇게 무너지냐???? 뭐하나해봐좀
- dc official App",세카 100퍼 기록이 이렇게 무너지냐???? 뭐하나해봐좀,0.08876574039459229,0.25782573223114014,0.29291582107543945,0.13305525481700897,0.08720756322145462,0.14022988080978394
2024-09-22 22:16:03,소-미<도박할 가치가 없진 않음,미-소<뭐임?,45,45.0,소-미<도박할 가치가 없진 않음 미-소<뭐임?,소-미<도박할 가치가 없진 않음 미-소<뭐임?,0.11326753348112106,0.25571006536483765,0.3377777636051178,0.11910878866910934,0.0965525433421135,0.07758336514234543
2024-09-22 22:16:08,포디움은 정해지듯,안 바뀔거같다,45,45.0,포디움은 정해지듯 안 바뀔거같다,포디움은 정해지듯 안 바뀔거같다,0.11631230264902115,0.317606121301651,0.22154800593852997,0.11621232330799103,0.16671359539031982,0.06160765886306763
2024-09-22 22:16:11,쥬지야 막아줘,"ㅅㅂ
- ORACLE RED BULL RACING RB20",45,45.0,"쥬지야 막아줘 ㅅㅂ
- ORACLE RED BULL RACING RB20",쥬지야 막아줘 ㅅㅂ - ORACLE RED BULL RACING RB20,0.16562506556510925,0.21166092157363892,0.11814966797828674,0.279270738363266,0.16930486261844635,0.05598878487944603
2024-09-22 22:16:13,그래도 결국 1~7등은 4강으로 가게되네,ㅇㅇ..,45,45.0,그래도 결국 1~7등은 4강으로 가게되네 ㅇㅇ..,그래도 결국 1~7등은 4강으로 가게되네 ㅇㅇ..,0.15427204966545105,0.35311055183410645,0.1860058307647705,0.1101139709353447,0.11564888060092926,0.08084875345230103
2024-09-22 22:16:15,진짜 줫같은 서킷이다 ㅅㅂ,"작년도 레드불 좆망해서 재밌었제 솔직히..
세카만 존버중임",45,45.0,"진짜 줫같은 서킷이다 ㅅㅂ 작년도 레드불 좆망해서 재밌었제 솔직히..
세카만 존버중임",진짜 줫같은 서킷이다 ㅅㅂ 작년도 레드불 좆망해서 재밌었제 솔직히.. 세카만 존버중임,0.12863560020923615,0.24224939942359924,0.09507410228252411,0.25507935881614685,0.2297036349773407,0.04925794526934624
2024-09-22 22:16:24,피아 무섭네,카메라 구도가 이래서 긍가 압박감이 장난아니구만,45,45.0,피아 무섭네 카메라 구도가 이래서 긍가 압박감이 장난아니구만,피아 무섭네 카메라 구도가 이래서 긍가 압박감이 장난아니구만,0.1382688581943512,0.20910824835300446,0.3429562449455261,0.11997334659099579,0.06865185499191284,0.12104152143001556
2024-09-22 22:16:41,물탕이 소프트 스타트 전략 좆망한거 같은데,소프트때 이득본게 거의 없이 피트스탑만 존나 빨리했네,45,45.0,물탕이 소프트 스타트 전략 좆망한거 같은데 소프트때 이득본게 거의 없이 피트스탑만 존나 빨리했네,물탕이 소프트 스타트 전략 좆망한거 같은데 소프트때 이득본게 거의 없이 피트스탑만 존나 빨리했네,0.06413230299949646,0.2548775374889374,0.2769342362880707,0.15970131754875183,0.16353864967823029,0.08081594854593277
2024-09-22 22:16:43,노리스도 막스마냥 스핀하고도 1등 함 해보자,그거 정도 퍼포먼스는 보여줘야 월챔 하더라 ㅋㅋㅋ,45,45.0,노리스도 막스마냥 스핀하고도 1등 함 해보자 그거 정도 퍼포먼스는 보여줘야 월챔 하더라 ㅋㅋㅋ,노리스도 막스마냥 스핀하고도 1등 함 해보자 그거 정도 퍼포먼스는 보여줘야 월챔 하더라 ㅋㅋㅋ,0.47971832752227783,0.17766182124614716,0.1545591503381729,0.0765366330742836,0.043247632682323456,0.06827636808156967
2024-09-22 22:16:44,맥라렌은 쳐지는 서킷이 없냐,냨ㅋㅋㅋㅋ,45,45.0,맥라렌은 쳐지는 서킷이 없냐 냨ㅋㅋㅋㅋ,맥라렌은 쳐지는 서킷이 없냐 냨ㅋㅋㅋㅋ,0.13793011009693146,0.2870645523071289,0.2586892545223236,0.14586463570594788,0.08023073524236679,0.09022075682878494
2024-09-22 22:16:46,똥꼬뷰 끝 ㅋㅋㅋㅋㅋㅋㅋㅋ,ㅋㅋㅋ,45,45.0,똥꼬뷰 끝 ㅋㅋㅋㅋㅋㅋㅋㅋ ㅋㅋㅋ,똥꼬뷰 끝 ㅋㅋㅋㅋㅋㅋㅋㅋ ㅋㅋㅋ,0.6930208206176758,0.11047320067882538,0.07128793001174927,0.061137352138757706,0.039190623909235,0.024890130385756493
2024-09-22 22:16:52,세카좀띄워봐제발,,46,46.0,세카좀띄워봐제발 ,세카좀띄워봐제발,0.13876934349536896,0.2674921751022339,0.1511460691690445,0.159600630402565,0.21589849889278412,0.06709322333335876
2024-09-22 22:16:53,본인이 이미 맥주깐거 정리하고 침대에 누울 준비했으면 개추,"씨발 누워 ㅋㅋㅋㅋㅋㅋ
존나 재미없네",46,46.0,"본인이 이미 맥주깐거 정리하고 침대에 누울 준비했으면 개추 씨발 누워 ㅋㅋㅋㅋㅋㅋ
존나 재미없네",본인이 이미 맥주깐거 정리하고 침대에 누울 준비했으면 개추 씨발 누워 ㅋㅋㅋㅋㅋㅋ 존나 재미없네,0.14414632320404053,0.2816845774650574,0.13676173985004425,0.2232322245836258,0.1256268322467804,0.08854825794696808
2024-09-22 22:16:56,팩트는 체코가 힘을 아끼고있다는거임 ㅇㅇ,"ㄹㅇ
ㅋㅋㅋㅋ",46,46.0,"팩트는 체코가 힘을 아끼고있다는거임 ㅇㅇ ㄹㅇ
ㅋㅋㅋㅋ",팩트는 체코가 힘을 아끼고있다는거임 ㅇㅇ ㄹㅇ ㅋㅋㅋㅋ,0.16764864325523376,0.32241353392601013,0.21446429193019867,0.13050366938114166,0.07156205177307129,0.09340779483318329
2024-09-22 22:16:59,황끌은 달린다.,"매르 딱대ㅋㅋ
- dc official App",46,46.0,"황끌은 달린다. 매르 딱대ㅋㅋ
- dc official App",황끌은 달린다. 매르 딱대ㅋㅋ,0.6902666091918945,0.11055808514356613,0.07139646261930466,0.06232063099741936,0.03763408586382866,0.027824152261018753
2024-09-22 22:16:59,그래도 은근 재미있었던 새끼....jpg,,46,46.0,그래도 은근 재미있었던 새끼....jpg ,그래도 은근 재미있었던 새끼....jpg,0.6874236464500427,0.1213953047990799,0.06059042364358902,0.05858724191784859,0.044430628418922424,0.027572745457291603
2024-09-22 22:17:07,노리스 ㅈㄴ 빠르네,"격차 뭐노
- dc official App",46,46.0,"노리스 ㅈㄴ 빠르네 격차 뭐노
- dc official App",노리스 ㅈㄴ 빠르네 격차 뭐노,0.10139521211385727,0.22410838305950165,0.34186220169067383,0.1447533220052719,0.07410842925310135,0.11377246677875519
2024-09-22 22:17:15,존나 흔들리는디,,46,46.0,존나 흔들리는디 ,존나 흔들리는디,0.10860452055931091,0.2692807912826538,0.2638970613479614,0.14525847136974335,0.10470414161682129,0.10825499147176743
2024-09-22 22:17:15,피아 막스 못따겠는데,- dc official App,46,46.0,피아 막스 못따겠는데 - dc official App,피아 막스 못따겠는데 - dc official App,0.13082604110240936,0.31209635734558105,0.2694295346736908,0.10957995802164078,0.10223566740751266,0.07583247125148773
2024-09-22 22:17:16,몽골견인데 쥬지 든든하노 ㅋㅋ,더막아다오,46,46.0,몽골견인데 쥬지 든든하노 ㅋㅋ 더막아다오,몽골견인데 쥬지 든든하노 ㅋㅋ 더막아다오,0.6773260235786438,0.11420281231403351,0.06578078866004944,0.05533353611826897,0.0514691099524498,0.035887740552425385
2024-09-22 22:17:16,4강팀중 유일하게 8밑으로달리는새끼,- dc official App,46,46.0,4강팀중 유일하게 8밑으로달리는새끼 - dc official App,4강팀중 유일하게 8밑으로달리는새끼 - dc official App,0.09475507587194443,0.18134574592113495,0.2528442144393921,0.26335108280181885,0.12278308719396591,0.08492079377174377
2024-09-22 22:17:17,여기서 세카뜨면,간격 다 사라지는 거임?,46,46.0,여기서 세카뜨면 간격 다 사라지는 거임?,여기서 세카뜨면 간격 다 사라지는 거임?,0.1562851518392563,0.2307755947113037,0.3342195749282837,0.10700682550668716,0.06812207400798798,0.10359081625938416
2024-09-22 22:17:17,일요일 밤이니까 흥분하지 말고 숙면하라고 도움주네 ㅋㅋ,편안,46,46.0,일요일 밤이니까 흥분하지 말고 숙면하라고 도움주네 ㅋㅋ 편안,일요일 밤이니까 흥분하지 말고 숙면하라고 도움주네 ㅋㅋ 편안,0.6349824070930481,0.1432444006204605,0.0689004436135292,0.0595371350646019,0.06286410242319107,0.03047151118516922
2024-09-22 22:17:18,이 페이스면 노리스 막바지에 소프트로 패랩 도전하겠는데,막스 현타 지릴듯,46,46.0,이 페이스면 노리스 막바지에 소프트로 패랩 도전하겠는데 막스 현타 지릴듯,이 페이스면 노리스 막바지에 소프트로 패랩 도전하겠는데 막스 현타 지릴듯,0.11625766009092331,0.22660982608795166,0.3442542254924774,0.11670257896184921,0.06762074679136276,0.12855497002601624
2024-09-22 22:17:22,대아제 가자,,46,46.0,대아제 가자 ,대아제 가자,0.6418542861938477,0.1299058198928833,0.08914267271757126,0.061010003089904785,0.04297240823507309,0.035114824771881104
2024-09-22 22:17:23,쥬지 막스를 위해 온몸 블로킹 ㅋㅋ,쥬지 넘을순 있을까,46,46.0,쥬지 막스를 위해 온몸 블로킹 ㅋㅋ 쥬지 넘을순 있을까,쥬지 막스를 위해 온몸 블로킹 ㅋㅋ 쥬지 넘을순 있을까,0.28020617365837097,0.24135443568229675,0.2439083606004715,0.08424974977970123,0.041747938841581345,0.10853327065706253
2024-09-22 22:17:23,막나이거,"?
- ORACLE RED BULL RACING RB20",46,46.0,"막나이거 ?
- ORACLE RED BULL RACING RB20",막나이거 ? - ORACLE RED BULL RACING RB20,0.3465731143951416,0.20070166885852814,0.25412827730178833,0.09586794674396515,0.053514592349529266,0.04921437427401543
2024-09-22 22:17:26,베르스타펜이 해밀턴 뛰어넘음?,ㅇㅇ,46,46.0,베르스타펜이 해밀턴 뛰어넘음? ㅇㅇ,베르스타펜이 해밀턴 뛰어넘음? ㅇㅇ,0.19929741322994232,0.2270345687866211,0.33844655752182007,0.099869504570961,0.04629017412662506,0.08906172215938568
2024-09-22 22:17:26,미끌아 물탕이잡자,,46,46.0,미끌아 물탕이잡자 ,미끌아 물탕이잡자,0.5190053582191467,0.17267319560050964,0.13177460432052612,0.07884234935045242,0.05045502632856369,0.0472494475543499
2024-09-22 22:17:28,신라면세점 머노 ㅋㅋ,,46,46.0,신라면세점 머노 ㅋㅋ ,신라면세점 머노 ㅋㅋ,0.15510378777980804,0.28408393263816833,0.2969546318054199,0.10192688554525375,0.0746702328324318,0.08726049214601517
2024-09-22 22:17:28,피아제 추월 ㅅㅅ,,46,46.0,피아제 추월 ㅅㅅ ,피아제 추월 ㅅㅅ,0.6928260326385498,0.10444269329309464,0.0718090757727623,0.06381251662969589,0.038292914628982544,0.02881682477891445
2024-09-22 22:17:29,캬 ㅋㅋㅋㅋㅋㅋㅋㅋㅋ,,46,46.0,캬 ㅋㅋㅋㅋㅋㅋㅋㅋㅋ ,캬 ㅋㅋㅋㅋㅋㅋㅋㅋㅋ,0.654107928276062,0.12926989793777466,0.09233766049146652,0.06413566321134567,0.03417418152093887,0.025974608957767487
2024-09-22 22:17:30,따잇…,- dc official App,46,46.0,따잇… - dc official App,따잇… - dc official App,0.6171591281890869,0.1348090022802353,0.11785946786403656,0.06480313092470169,0.03658035770058632,0.02878890186548233
2024-09-22 22:17:31,아어어ㅓ댜아아아아아아아ㅏ 쥬지야,- dc official App,46,46.0,아어어ㅓ댜아아아아아아아ㅏ 쥬지야 - dc official App,아어어ㅓ댜아아아아아아아ㅏ 쥬지야 - dc official App,0.6828844547271729,0.12168065458536148,0.06880275905132294,0.06109294667840004,0.03989451006054878,0.02564464882016182
2024-09-22 22:17:32,대아제 ㅋㅋㅋㅋㅋㅋ,- dc official App,46,46.0,대아제 ㅋㅋㅋㅋㅋㅋ - dc official App,대아제 ㅋㅋㅋㅋㅋㅋ - dc official App,0.7035239338874817,0.11014921963214874,0.07466438412666321,0.05633969604969025,0.031117886304855347,0.024204861372709274
2024-09-22 22:17:32,대 아 제,,46,46.0,대 아 제 ,대 아 제,0.6859325766563416,0.11495114117860794,0.06932808458805084,0.05557746812701225,0.04486296698451042,0.029347874224185944
2024-09-22 22:17:33,르끌 패랩,르끌 달려보나,46,46.0,르끌 패랩 르끌 달려보나,르끌 패랩 르끌 달려보나,0.25638487935066223,0.23718954622745514,0.27421241998672485,0.09176276624202728,0.06725853681564331,0.07319188863039017
2024-09-22 22:17:34,ㅈ라리 이새끼들 퀄리 제대로 했으면,"2-3은 먹을 만 했을 것 같은데
애22미 ㅋㅋ",46,46.0,"ㅈ라리 이새끼들 퀄리 제대로 했으면 2-3은 먹을 만 했을 것 같은데
애22미 ㅋㅋ",ㅈ라리 이새끼들 퀄리 제대로 했으면 2-3은 먹을 만 했을 것 같은데 애22미 ㅋㅋ,0.07277213782072067,0.1910828799009323,0.17114776372909546,0.2937397062778473,0.21080607175827026,0.06045140326023102
2024-09-22 22:17:35,대아제ㅋㅋㅋ,- dc official App,46,46.0,대아제ㅋㅋㅋ - dc official App,대아제ㅋㅋㅋ - dc official App,0.7004446983337402,0.1105382889509201,0.07548138499259949,0.056885071098804474,0.03186309337615967,0.024787409231066704
2024-09-22 22:17:35,소신발언)싱가폴 모나코 급인듯,ㅇㅇ,46,46.0,소신발언)싱가폴 모나코 급인듯 ㅇㅇ,소신발언)싱가폴 모나코 급인듯 ㅇㅇ,0.3326154053211212,0.23806904256343842,0.2317351996898651,0.07911892235279083,0.04473797231912613,0.0737234577536583
2024-09-22 22:17:35,숙면에 도움되는 레이스네,- dc official App,46,46.0,숙면에 도움되는 레이스네 - dc official App,숙면에 도움되는 레이스네 - dc official App,0.6029773950576782,0.15852253139019012,0.1014610007405281,0.05874789133667946,0.044938717037439346,0.03335247188806534
2024-09-22 22:17:35,대아제ㅋㅋㅋㅋㅋ,- dc official App,46,46.0,대아제ㅋㅋㅋㅋㅋ - dc official App,대아제ㅋㅋㅋㅋㅋ - dc official App,0.7081671357154846,0.10850018262863159,0.07120705395936966,0.05661582946777344,0.03177417442202568,0.023735566064715385
2024-09-22 22:17:39,대아제,"지리네
- dc official App",46,46.0,"대아제 지리네
- dc official App",대아제 지리네,0.37158581614494324,0.18687519431114197,0.2409638911485672,0.08421330153942108,0.039263203740119934,0.07709863036870956
2024-09-22 22:17:41,멋지네 진짜 물건이다 물건,- dc official App,46,46.0,멋지네 진짜 물건이다 물건 - dc official App,멋지네 진짜 물건이다 물건 - dc official App,0.5936989188194275,0.1650291532278061,0.10332530736923218,0.057525843381881714,0.03591080382466316,0.04451005160808563
2024-09-22 22:17:41,씨발 발기부전새캬,"ㅠ
- ORACLE RED BULL RACING RB20",46,46.0,"씨발 발기부전새캬 ㅠ
- ORACLE RED BULL RACING RB20",씨발 발기부전새캬 ㅠ - ORACLE RED BULL RACING RB20,0.16046445071697235,0.17290888726711273,0.12277337163686752,0.27969151735305786,0.21981127560138702,0.04435053840279579
2024-09-22 22:17:42,하 시이팔,,46,46.0,하 시이팔 ,하 시이팔,0.12737414240837097,0.1993623822927475,0.11161831766366959,0.28382182121276855,0.23421905934810638,0.043604206293821335
2024-09-22 22:17:43,ㅅㅅㅅㅅㅅㅅㅅㅅ,,46,46.0,ㅅㅅㅅㅅㅅㅅㅅㅅ ,ㅅㅅㅅㅅㅅㅅㅅㅅ,0.7031099796295166,0.11201632022857666,0.06555988639593124,0.057172901928424835,0.040384091436862946,0.021756822243332863
2024-09-22 22:17:44,아니 이새끼 언제 나오는데 ㅋㅋ,하,46,46.0,아니 이새끼 언제 나오는데 ㅋㅋ 하,아니 이새끼 언제 나오는데 ㅋㅋ 하,0.1667049527168274,0.3150334358215332,0.10231313109397888,0.21971459686756134,0.14424359798431396,0.05199035629630089
2024-09-22 22:17:44,맥 너무빠르네,,46,46.0,맥 너무빠르네 ,맥 너무빠르네,0.20666669309139252,0.22575072944164276,0.3156433701515198,0.09978672116994858,0.05591810122132301,0.09623438119888306
2024-09-22 22:17:45,대아제지리네ㅋㅋㅋ,ㅋㅋㅋ,46,46.0,대아제지리네ㅋㅋㅋ ㅋㅋㅋ,대아제지리네ㅋㅋㅋ ㅋㅋㅋ,0.6325623393058777,0.14257997274398804,0.10259407758712769,0.05533139780163765,0.029511133208870888,0.03742111101746559
2024-09-22 22:17:45,존나좋아하네 ㅋㅋㅋㅋㅋㅋ,,46,46.0,존나좋아하네 ㅋㅋㅋㅋㅋㅋ ,존나좋아하네 ㅋㅋㅋㅋㅋㅋ,0.6687583923339844,0.12281792610883713,0.08186683803796768,0.06409201771020889,0.03686077520251274,0.025604085996747017
2024-09-22 22:17:46,피아제는 월챔감이 맞다,대아제,46,46.0,피아제는 월챔감이 맞다 대아제,피아제는 월챔감이 맞다 대아제,0.3750758469104767,0.1984487622976303,0.19382144510746002,0.0821584016084671,0.06169569864869118,0.08879978209733963
2024-09-22 22:17:46,메르세데스 좆망 ㅋㅋㅋㅋㅋㅋ,"어쩌다 이렇게
- dc official App",46,46.0,"메르세데스 좆망 ㅋㅋㅋㅋㅋㅋ 어쩌다 이렇게
- dc official App",메르세데스 좆망 ㅋㅋㅋㅋㅋㅋ 어쩌다 이렇게,0.0721186175942421,0.26992499828338623,0.20556321740150452,0.17314010858535767,0.18570078909397125,0.09355229884386063
2024-09-22 22:17:48,피아제 추월은 예술이네ㅋㅋㅋ,"드챔 따라
- dc official App",46,46.0,"피아제 추월은 예술이네ㅋㅋㅋ 드챔 따라
- dc official App",피아제 추월은 예술이네ㅋㅋㅋ 드챔 따라,0.590593159198761,0.15084399282932281,0.12447662651538849,0.0637160912156105,0.02833336591720581,0.04203668236732483
2024-09-22 22:17:50,피아제 ㄷㄷㄷ,- dc official App,46,46.0,피아제 ㄷㄷㄷ - dc official App,피아제 ㄷㄷㄷ - dc official App,0.18827274441719055,0.21351520717144012,0.328984797000885,0.11609117686748505,0.04682287573814392,0.10631316900253296
2024-09-22 22:17:52,와 맥라렌 더블포디움이겠네,ㅁㅊ,46,46.0,와 맥라렌 더블포디움이겠네 ㅁㅊ,와 맥라렌 더블포디움이겠네 ㅁㅊ,0.14799532294273376,0.18871431052684784,0.34738337993621826,0.138111874461174,0.05405273288488388,0.12374242395162582
2024-09-22 22:17:54,대끌 35.6뭐냐 ㅋㅋㅋㅋ,,46,46.0,대끌 35.6뭐냐 ㅋㅋㅋㅋ ,대끌 35.6뭐냐 ㅋㅋㅋㅋ,0.08817102015018463,0.2418130785226822,0.2695901095867157,0.19252800941467285,0.12856806814670563,0.07932975143194199
2024-09-22 22:17:56,대 아 제 ㅋㅋㅋㅋㅋㅋㅋㅋ,ㅋㅋㅋㅋ,46,46.0,대 아 제 ㅋㅋㅋㅋㅋㅋㅋㅋ ㅋㅋㅋㅋ,대 아 제 ㅋㅋㅋㅋㅋㅋㅋㅋ ㅋㅋㅋㅋ,0.7085593938827515,0.11482690274715424,0.06563612073659897,0.052091795951128006,0.03376501798629761,0.025120766833424568
2024-09-22 22:17:57,17랩에 18초,가보자가보자,46,46.0,17랩에 18초 가보자가보자,17랩에 18초 가보자가보자,0.5923086404800415,0.14817073941230774,0.11841479688882828,0.06550224870443344,0.0371088832616806,0.03849465027451515
2024-09-22 22:17:57,피아제 존나 잘해 ㅋㅋ,"ㅋㅋ
- dc official App",46,46.0,"피아제 존나 잘해 ㅋㅋ ㅋㅋ
- dc official App",피아제 존나 잘해 ㅋㅋ ㅋㅋ,0.5597928166389465,0.15412460267543793,0.12114658951759338,0.07418743520975113,0.03691646456718445,0.05383199825882912
2024-09-22 22:17:57,몽골잡자 제발,,46,46.0,몽골잡자 제발 ,몽골잡자 제발,0.1325579136610031,0.1946692019701004,0.16902576386928558,0.18080134689807892,0.24328091740608215,0.07966486364603043
2024-09-22 22:17:59,르끌 잘한다,,46,46.0,르끌 잘한다 ,르끌 잘한다,0.6975306868553162,0.11446254700422287,0.06814718246459961,0.05098174512386322,0.04031284525990486,0.028565045446157455
2024-09-22 22:18:00,넘자마자 1초 ㅅㅂ ㅋㅋㅋ,ㅋㅋㅋ,46,46.0,넘자마자 1초 ㅅㅂ ㅋㅋㅋ ㅋㅋㅋ,넘자마자 1초 ㅅㅂ ㅋㅋㅋ ㅋㅋㅋ,0.3269025385379791,0.2717602849006653,0.13135530054569244,0.14080564677715302,0.0707460418343544,0.05843009799718857
2024-09-22 22:18:03,올해유입들 노잼경기에 정신을 못차리노 ㅋㅋㅋ,"작년엔 이런게 일년내내있었다 ㅅㅂ
올해 하도 꿀잼이많아서 도파민에 절여지니 이런경기 한번에도 버티질 못하는게 웃기노 ㅋㅋㅋㅋ",46,46.0,"올해유입들 노잼경기에 정신을 못차리노 ㅋㅋㅋ 작년엔 이런게 일년내내있었다 ㅅㅂ
올해 하도 꿀잼이많아서 도파민에 절여지니 이런경기 한번에도 버티질 못하는게 웃기노 ㅋㅋㅋㅋ",올해유입들 노잼경기에 정신을 못차리노 ㅋㅋㅋ 작년엔 이런게 일년내내있었다 ㅅㅂ 올해 하도 꿀잼이많아서 도파민에 절여지니 이런경기 한번에도 버티질 못하는게 웃기노 ㅋㅋㅋㅋ,0.12228860706090927,0.2714218199253082,0.16710631549358368,0.21352453529834747,0.12268553674221039,0.10297323018312454
2024-09-22 22:18:03,피아제 3랩안에 추월 달성ㅋㅋㅋ,"몽골 막랩 근처에 붙을듯
- dc official App",46,46.0,"피아제 3랩안에 추월 달성ㅋㅋㅋ 몽골 막랩 근처에 붙을듯
- dc official App",피아제 3랩안에 추월 달성ㅋㅋㅋ 몽골 막랩 근처에 붙을듯,0.3586193919181824,0.18856161832809448,0.25264519453048706,0.09153284132480621,0.033472198992967606,0.07516875118017197
2024-09-22 22:18:04,대르끌 ㅅㅅㅅㅅㅅㅅㅅㅅ,"ㅅㅅ
- dc official App",46,46.0,"대르끌 ㅅㅅㅅㅅㅅㅅㅅㅅ ㅅㅅ
- dc official App",대르끌 ㅅㅅㅅㅅㅅㅅㅅㅅ ㅅㅅ,0.7084932327270508,0.10814063996076584,0.06383848190307617,0.059190165251493454,0.0383731946349144,0.02196432277560234
2024-09-22 22:18:05,왤케 오늘은 추월도 노잼이냐..,"엄…
- dc official App",46,46.0,"왤케 오늘은 추월도 노잼이냐.. 엄…
- dc official App",왤케 오늘은 추월도 노잼이냐.. 엄…,0.1090557649731636,0.31281182169914246,0.13163714110851288,0.17792433500289917,0.20827437937259674,0.06029655784368515
2024-09-22 22:18:07,근데 패랩 없어도 그랜드슬램임?,ㅇㅇ,46,46.0,근데 패랩 없어도 그랜드슬램임? ㅇㅇ,근데 패랩 없어도 그랜드슬램임? ㅇㅇ,0.1785154640674591,0.23090073466300964,0.34130606055259705,0.09359655529260635,0.05172515660524368,0.10395609587430954
2024-09-22 22:18:07,슬프다...,쥬지마저 따이면 메르팬인 나는 침대에서 물탕이형 월드레코드나 보면서 딸칠수밖에 없지 따흐흑,46,46.0,슬프다... 쥬지마저 따이면 메르팬인 나는 침대에서 물탕이형 월드레코드나 보면서 딸칠수밖에 없지 따흐흑,슬프다... 쥬지마저 따이면 메르팬인 나는 침대에서 물탕이형 월드레코드나 보면서 딸칠수밖에 없지 따흐흑,0.14561113715171814,0.25954505801200867,0.15554188191890717,0.14678914844989777,0.20554225146770477,0.08697059750556946
2024-09-22 22:18:07,물건은 물건인데.... 설마 막가놈도 따나???,- dc official App,46,46.0,물건은 물건인데.... 설마 막가놈도 따나??? - dc official App,물건은 물건인데.... 설마 막가놈도 따나??? - dc official App,0.11457490175962448,0.2179429829120636,0.3432708978652954,0.13043035566806793,0.07813437283039093,0.11564644426107407
2024-09-22 22:18:08,피아제 몽골따잇 가능하냐??,??,46,46.0,피아제 몽골따잇 가능하냐?? ??,피아제 몽골따잇 가능하냐?? ??,0.1450747698545456,0.18995234370231628,0.36215147376060486,0.1254618614912033,0.0636492446064949,0.11371032893657684
2024-09-22 22:18:09,역시 정상화는 대아제 ㅋㅋㅋㅋㅋㅋㅋㅋㅋㅋㅋㅋㅋㅋㅋ,ㅅㅂ 섹스킹 ㅋㅋㅋㅋㅋㅋㅋㅋㅋㅋㅋㅋㅋㅋ,46,46.0,역시 정상화는 대아제 ㅋㅋㅋㅋㅋㅋㅋㅋㅋㅋㅋㅋㅋㅋㅋ ㅅㅂ 섹스킹 ㅋㅋㅋㅋㅋㅋㅋㅋㅋㅋㅋㅋㅋㅋ,역시 정상화는 대아제 ㅋㅋㅋㅋㅋㅋㅋㅋㅋㅋㅋㅋㅋㅋㅋ ㅅㅂ 섹스킹 ㅋㅋㅋㅋㅋㅋㅋㅋㅋㅋㅋㅋㅋㅋ,0.6688404083251953,0.12450087070465088,0.06989596784114838,0.06647263467311859,0.04173920676112175,0.028550894930958748
2024-09-22 22:18:08,대아제 추월쇼ㅋㅋ,ㅋㅋ,46,46.0,대아제 추월쇼ㅋㅋ ㅋㅋ,대아제 추월쇼ㅋㅋ ㅋㅋ,0.7121526598930359,0.10745032131671906,0.06991644203662872,0.05457475408911705,0.03166060149669647,0.02424522675573826
2024-09-22 22:18:08,근데 몽골까지는 솔직히 모르겠노,"걍
이대로
포디움
갈거같은데
?",46,46.0,"근데 몽골까지는 솔직히 모르겠노 걍
이대로
포디움
갈거같은데
?",근데 몽골까지는 솔직히 모르겠노 걍 이대로 포디움 갈거같은데 ?,0.13794131577014923,0.30459287762641907,0.283206045627594,0.1024675965309143,0.08992495387792587,0.0818672627210617
2024-09-22 22:18:10,르끌이 메르 다 먹겟네,ㄹㅇ,46,46.0,르끌이 메르 다 먹겟네 ㄹㅇ,르끌이 메르 다 먹겟네 ㄹㅇ,0.23044809699058533,0.24202124774456024,0.28299883008003235,0.09451769292354584,0.049153853207826614,0.10086024552583694
2024-09-22 22:18:13,르끌 기습패랩 개웃기네 ㅋㅋ,ㅋㅋㅋ,46,46.0,르끌 기습패랩 개웃기네 ㅋㅋ ㅋㅋㅋ,르끌 기습패랩 개웃기네 ㅋㅋ ㅋㅋㅋ,0.6138124465942383,0.15115107595920563,0.10394785553216934,0.06869680434465408,0.03472117334604263,0.027670621871948242
2024-09-22 22:18:13,몽골 따려나???,"ㅇ
- dc official App",46,46.0,"몽골 따려나??? ㅇ
- dc official App",몽골 따려나??? ㅇ,0.28157979249954224,0.23012369871139526,0.2740037143230438,0.08504284173250198,0.05822458118200302,0.07102535665035248
2024-09-22 22:18:14,쥬지는 피아제를 보내쥬지.. 않지만..,라임 지렸고,46,46.0,쥬지는 피아제를 보내쥬지.. 않지만.. 라임 지렸고,쥬지는 피아제를 보내쥬지.. 않지만.. 라임 지렸고,0.18947423994541168,0.3377152681350708,0.19084052741527557,0.10449212789535522,0.0759723037481308,0.10150556266307831
2024-09-22 22:18:15,하 페라리 퀄리만 잘했어도......,"ㅡㅡ
- dc official App",46,46.0,"하 페라리 퀄리만 잘했어도...... ㅡㅡ
- dc official App",하 페라리 퀄리만 잘했어도...... ㅡㅡ,0.07853218913078308,0.265519917011261,0.14153876900672913,0.19989018142223358,0.2612563967704773,0.05326257273554802
2024-09-22 22:18:18,모나코는 퀄리랑 1-10 기록이 똑같은데,"아무리 그래도 그정도는
초반 30랩이 씹노잼이었어서 그렇지",46,46.0,"모나코는 퀄리랑 1-10 기록이 똑같은데 아무리 그래도 그정도는
초반 30랩이 씹노잼이었어서 그렇지",모나코는 퀄리랑 1-10 기록이 똑같은데 아무리 그래도 그정도는 초반 30랩이 씹노잼이었어서 그렇지,0.09065821766853333,0.31010112166404724,0.20972990989685059,0.16329339146614075,0.14407694339752197,0.08214046061038971
2024-09-22 22:18:18,체코도 했던 딸깍쇼를 피아스트리가 못할리가 ㅋㅋ,메르로 뭘 어케막노 러셀이,46,46.0,체코도 했던 딸깍쇼를 피아스트리가 못할리가 ㅋㅋ 메르로 뭘 어케막노 러셀이,체코도 했던 딸깍쇼를 피아스트리가 못할리가 ㅋㅋ 메르로 뭘 어케막노 러셀이,0.10467920452356339,0.24970069527626038,0.31043297052383423,0.15787126123905182,0.07095163315534592,0.10636424273252487
2024-09-22 22:18:20,개씨발역대급노잼joat,- dc official App,46,46.0,개씨발역대급노잼joat - dc official App,개씨발역대급노잼joat - dc official App,0.14852090179920197,0.2553664445877075,0.12251266837120056,0.2542111873626709,0.1717585027217865,0.04763025790452957
2024-09-22 22:18:23,아 아까 헐크 트레인만 아녔으면 더 좋았을걸,,46,46.0,아 아까 헐크 트레인만 아녔으면 더 좋았을걸 ,아 아까 헐크 트레인만 아녔으면 더 좋았을걸,0.15018603205680847,0.2777688503265381,0.11863313615322113,0.17462261021137238,0.22233201563358307,0.05645737051963806
2024-09-22 22:18:25,17렙 남고,18초차? 클린에어? 막스 따는거 가능하냐?ㅔ,46,46.0,17렙 남고 18초차? 클린에어? 막스 따는거 가능하냐?ㅔ,17렙 남고 18초차? 클린에어? 막스 따는거 가능하냐?ㅔ,0.14720848202705383,0.1927250325679779,0.3836650550365448,0.11592437326908112,0.05811130255460739,0.10236570984125137
2024-09-22 22:18:25,아니 노리스 오늘 중계에 몇초 잡힌거야?,"노황 좀 보여줘ㅓㅓㅓㅓㅓㅓㅓㅓㅓㅓㅓ
크루징하는 노황 레어하잖아ㅠㅠㅠㅠㅠㅠㅠ",46,46.0,"아니 노리스 오늘 중계에 몇초 잡힌거야? 노황 좀 보여줘ㅓㅓㅓㅓㅓㅓㅓㅓㅓㅓㅓ
크루징하는 노황 레어하잖아ㅠㅠㅠㅠㅠㅠㅠ",아니 노리스 오늘 중계에 몇초 잡힌거야? 노황 좀 보여줘ㅓㅓㅓㅓㅓㅓㅓㅓㅓㅓㅓ 크루징하는 노황 레어하잖아ㅠㅠㅠㅠㅠㅠㅠ,0.11960409581661224,0.3009752929210663,0.18087299168109894,0.15104252099990845,0.14314931631088257,0.10435576736927032
2024-09-22 22:18:29,르끌 폼 미쳤다 물탕 잡자,ㄱㄱ혓,47,47.0,르끌 폼 미쳤다 물탕 잡자 ㄱㄱ혓,르끌 폼 미쳤다 물탕 잡자 ㄱㄱ혓,0.6885441541671753,0.11359068006277084,0.08275283128023148,0.05427166447043419,0.03196870908141136,0.028871918097138405
2024-09-22 22:18:31,야 요즘 sc드라이버 심심한가보다,경기중에 인스타도 올리고,47,47.0,야 요즘 sc드라이버 심심한가보다 경기중에 인스타도 올리고,야 요즘 sc드라이버 심심한가보다 경기중에 인스타도 올리고,0.10875202715396881,0.23496371507644653,0.28072628378868103,0.18438173830509186,0.07380350679159164,0.11737271398305893
2024-09-22 22:18:36,노막 둘다 막랩 퀄리처럼 달릴듯ㅋㅋㅋ,패랩대전,47,47.0,노막 둘다 막랩 퀄리처럼 달릴듯ㅋㅋㅋ 패랩대전,노막 둘다 막랩 퀄리처럼 달릴듯ㅋㅋㅋ 패랩대전,0.6200960874557495,0.1399383544921875,0.1051386371254921,0.06848278641700745,0.03358238562941551,0.03276174142956734
2024-09-22 22:18:38,이제 셒카 나오고 몽골 떨깍 황라렌 원투,ㅋㅋ,47,47.0,이제 셒카 나오고 몽골 떨깍 황라렌 원투 ㅋㅋ,이제 셒카 나오고 몽골 떨깍 황라렌 원투 ㅋㅋ,0.6812686920166016,0.11521139740943909,0.07623563706874847,0.06370143592357635,0.03534596040844917,0.028236865997314453
2024-09-22 22:18:41,셒 카 제 발,"ㅈㅂ
- ORACLE RED BULL RACING RB20",47,47.0,"셒 카 제 발 ㅈㅂ
- ORACLE RED BULL RACING RB20",셒 카 제 발 ㅈㅂ - ORACLE RED BULL RACING RB20,0.2522430121898651,0.2252368927001953,0.15162710845470428,0.17219024896621704,0.14027072489261627,0.058431945741176605
2024-09-22 22:18:42,전문가들이 보는 현재 차성능 순위,맥>>메>=페>레,47,47.0,전문가들이 보는 현재 차성능 순위 맥>>메>=페>레,전문가들이 보는 현재 차성능 순위 맥>>메>=페>레,0.2826196849346161,0.23171357810497284,0.2684798538684845,0.0989384800195694,0.06382725387811661,0.05442112684249878
2024-09-22 22:18:42,2위만해다오...,,47,47.0,2위만해다오... ,2위만해다오...,0.3273060619831085,0.20799283683300018,0.16460290551185608,0.11357607692480087,0.11044005304574966,0.07608208805322647
2024-09-22 22:18:47,피아가 막스를 어캐따냐,"막스가 노리스를 딸텐데.
- dc official App",47,47.0,"피아가 막스를 어캐따냐 막스가 노리스를 딸텐데.
- dc official App",피아가 막스를 어캐따냐 막스가 노리스를 딸텐데.,0.11133433878421783,0.23120439052581787,0.3620148003101349,0.12575340270996094,0.07411036640405655,0.09558270871639252
2024-09-22 22:18:49,막스 게섯거라,잘하면 피아제가 딸수있을거같기도 하고,47,47.0,막스 게섯거라 잘하면 피아제가 딸수있을거같기도 하고,막스 게섯거라 잘하면 피아제가 딸수있을거같기도 하고,0.368706613779068,0.20364339649677277,0.21910087764263153,0.07873687893152237,0.05497155338525772,0.07484061270952225
2024-09-22 22:18:57,멕라렌 2024 컨챔 반확정 ㅅㅅ,시발 딸깍쇼 미쳤네 진짜,47,47.0,멕라렌 2024 컨챔 반확정 ㅅㅅ 시발 딸깍쇼 미쳤네 진짜,멕라렌 2024 컨챔 반확정 ㅅㅅ 시발 딸깍쇼 미쳤네 진짜,0.42813199758529663,0.16570696234703064,0.14875589311122894,0.12972024083137512,0.05919172242283821,0.06849319487810135
2024-09-22 22:18:58,오 지 마 !,"ㅅㅂ
- ORACLE RED BULL RACING RB20",47,47.0,"오 지 마 ! ㅅㅂ
- ORACLE RED BULL RACING RB20",오 지 마 ! ㅅㅂ - ORACLE RED BULL RACING RB20,0.20230886340141296,0.16681347787380219,0.10778040438890457,0.32414284348487854,0.15727651119232178,0.04167789965867996
2024-09-22 22:18:59,제발 스트롤 올해도 제발 박아줘,ㄹㅇ,47,47.0,제발 스트롤 올해도 제발 박아줘 ㄹㅇ,제발 스트롤 올해도 제발 박아줘 ㄹㅇ,0.38843175768852234,0.18456552922725677,0.10978971421718597,0.13509328663349152,0.12467236816883087,0.057447366416454315
2024-09-22 22:19:00,국왕님 왤케 느리냐,,47,47.0,국왕님 왤케 느리냐 ,국왕님 왤케 느리냐,0.09020364284515381,0.32102903723716736,0.17317114770412445,0.17008860409259796,0.20011602342128754,0.045391589403152466
2024-09-22 22:19:05,피아스트리가 막스 넘는게 아니라 막스랑 같이 박는게 최고 아니냐?,"맥라렌 입장에선 그게 최고 아님?
ㅋㅋㅋㅋ",47,47.0,"피아스트리가 막스 넘는게 아니라 막스랑 같이 박는게 최고 아니냐? 맥라렌 입장에선 그게 최고 아님?
ㅋㅋㅋㅋ",피아스트리가 막스 넘는게 아니라 막스랑 같이 박는게 최고 아니냐? 맥라렌 입장에선 그게 최고 아님? ㅋㅋㅋㅋ,0.23018722236156464,0.20685365796089172,0.259733647108078,0.15156492590904236,0.05832074210047722,0.09333980083465576
2024-09-22 22:19:08,랜도 노리스의 통산 3승을 축하합니다.,,47,47.0,랜도 노리스의 통산 3승을 축하합니다. ,랜도 노리스의 통산 3승을 축하합니다.,0.6685214042663574,0.13761432468891144,0.07097429037094116,0.05289072543382645,0.03881087899208069,0.03118833154439926
2024-09-22 22:19:13,피아 막스는 못딴다,- dc official App,47,47.0,피아 막스는 못딴다 - dc official App,피아 막스는 못딴다 - dc official App,0.17409923672676086,0.25198060274124146,0.3244566023349762,0.10141303390264511,0.07839036732912064,0.06966014951467514
2024-09-22 22:19:14,르끌은 지난 랩에서 해밀턴을 2초 가까이 따라잡았음,그리고 그 랩당 2초는 계속해서 나오는 중,47,47.0,르끌은 지난 랩에서 해밀턴을 2초 가까이 따라잡았음 그리고 그 랩당 2초는 계속해서 나오는 중,르끌은 지난 랩에서 해밀턴을 2초 가까이 따라잡았음 그리고 그 랩당 2초는 계속해서 나오는 중,0.5087612867355347,0.17485107481479645,0.15037356317043304,0.06655141711235046,0.04048876464366913,0.05897394195199013
2024-09-22 22:19:15,체황의 3번째 9위도전ㅋㅋㅋㅋ,"ㅋㅋㅋ
- dc official App",47,47.0,"체황의 3번째 9위도전ㅋㅋㅋㅋ ㅋㅋㅋ
- dc official App",체황의 3번째 9위도전ㅋㅋㅋㅋ ㅋㅋㅋ,0.6275265216827393,0.1398644596338272,0.10541367530822754,0.06720954179763794,0.029835091903805733,0.030150672420859337
2024-09-22 22:19:23,이번 시즌 제일 노잼 경기 맞음?,.,47,47.0,이번 시즌 제일 노잼 경기 맞음? .,이번 시즌 제일 노잼 경기 맞음? .,0.092307448387146,0.31787794828414917,0.16288036108016968,0.16894063353538513,0.19277219474315643,0.06522142887115479
2024-09-22 22:19:26,셒카 입갤안할듯,,47,47.0,셒카 입갤안할듯 ,셒카 입갤안할듯,0.1202557235956192,0.31550365686416626,0.2711990773677826,0.11147960275411606,0.11548054218292236,0.0660814568400383
2024-09-22 22:19:29,하스도 못넘는 병신ㅋㅋㅋㅋㅋㅋㅋㅋㅋ,ㅋㅋㅋㅋㅋㅋㅋ,47,47.0,하스도 못넘는 병신ㅋㅋㅋㅋㅋㅋㅋㅋㅋ ㅋㅋㅋㅋㅋㅋㅋ,하스도 못넘는 병신ㅋㅋㅋㅋㅋㅋㅋㅋㅋ ㅋㅋㅋㅋㅋㅋㅋ,0.22050699591636658,0.2526015043258667,0.23440445959568024,0.1588742583990097,0.06046277657151222,0.07314998656511307
2024-09-22 22:19:39,쿠팡맨의 저주,"2023 러셀 dnf
2024 알본 dnf
2024 가슬리 꼴찌",47,47.0,"쿠팡맨의 저주 2023 러셀 dnf
2024 알본 dnf
2024 가슬리 꼴찌",쿠팡맨의 저주 2023 러셀 dnf 2024 알본 dnf 2024 가슬리 꼴찌,0.14014817774295807,0.28459352254867554,0.23931173980236053,0.1301252245903015,0.11929365992546082,0.08652765303850174
2024-09-22 22:19:43,페라리 이기자,제발,47,47.0,페라리 이기자 제발,페라리 이기자 제발,0.47813084721565247,0.1787795126438141,0.15229587256908417,0.07055606693029404,0.05974902957677841,0.060488659888505936
2024-09-22 22:19:46,피아제 인터벌 안 좁히넼ㅋㅋㅋㅋㅋㅋ,안전빵가나,47,47.0,피아제 인터벌 안 좁히넼ㅋㅋㅋㅋㅋㅋ 안전빵가나,피아제 인터벌 안 좁히넼ㅋㅋㅋㅋㅋㅋ 안전빵가나,0.1346706748008728,0.2688218355178833,0.28591370582580566,0.12323639541864395,0.06405729800462723,0.12330009788274765
2024-09-22 22:19:48,포뮬러e 아직도 gt3보다 느림??,F3급은 되지 않나 이제,47,47.0,포뮬러e 아직도 gt3보다 느림?? F3급은 되지 않나 이제,포뮬러e 아직도 gt3보다 느림?? F3급은 되지 않나 이제,0.08369627594947815,0.25452253222465515,0.31400057673454285,0.13035963475704193,0.13302338123321533,0.0843975618481636
2024-09-22 22:19:49,모나코는 레드플랙이라도 떴지,이건,47,47.0,모나코는 레드플랙이라도 떴지 이건,모나코는 레드플랙이라도 떴지 이건,0.10690391063690186,0.348532497882843,0.15579622983932495,0.18234044313430786,0.14534436166286469,0.06108253076672554
2024-09-22 22:19:52,진지하게 모나코랑 엄대엄인데,- dc official App,47,47.0,진지하게 모나코랑 엄대엄인데 - dc official App,진지하게 모나코랑 엄대엄인데 - dc official App,0.2838232219219208,0.23895354568958282,0.2667149603366852,0.08711884170770645,0.05094818025827408,0.07244119048118591
2024-09-22 22:19:56,세이프티 한번만,지발,47,47.0,세이프티 한번만 지발,세이프티 한번만 지발,0.4881099462509155,0.17420758306980133,0.12249989807605743,0.08286362141370773,0.08479110896587372,0.04752785339951515
2024-09-22 22:19:57,4등차 타고도 2등 사수하는 막스가 새삼 대단하네..,,47,47.0,4등차 타고도 2등 사수하는 막스가 새삼 대단하네.. ,4등차 타고도 2등 사수하는 막스가 새삼 대단하네..,0.1981433779001236,0.20444488525390625,0.3184998631477356,0.10875489562749863,0.05450613051652908,0.11565081775188446
2024-09-22 22:19:57,드챔은 막스 확정,,47,47.0,드챔은 막스 확정 ,드챔은 막스 확정,0.6282252073287964,0.14297986030578613,0.09227874875068665,0.060916151851415634,0.04215972498059273,0.03344026207923889
2024-09-22 22:19:58,르끌 페이스 ㅁㅊㄷ,"ㅂ
- dc official App",47,47.0,"르끌 페이스 ㅁㅊㄷ ㅂ
- dc official App",르끌 페이스 ㅁㅊㄷ ㅂ,0.24431124329566956,0.29808759689331055,0.18305177986621857,0.13634128868579865,0.085822194814682,0.05238596722483635
2024-09-22 22:20:00,막가놈 저 똥차 끌고 2위 라고?,허미?,47,47.0,막가놈 저 똥차 끌고 2위 라고? 허미?,막가놈 저 똥차 끌고 2위 라고? 허미?,0.08818021416664124,0.18831251561641693,0.2904537320137024,0.20015299320220947,0.10469039529561996,0.128210186958313
2024-09-22 22:20:12,르끌이 경은 넘을 거 같은데,하 시발 퀄리,48,48.0,르끌이 경은 넘을 거 같은데 하 시발 퀄리,르끌이 경은 넘을 거 같은데 하 시발 퀄리,0.09321592003107071,0.2352483570575714,0.12966696918010712,0.2691338062286377,0.23210036754608154,0.04063457250595093
2024-09-22 22:20:12,순위를 보면 몽골의 실력을알수있다,"4강팀중 유일하게 팀메이트와 멀리떨어져있음 ㄹㅇ
누리스는차빨챔이다<<ㄹㅇ..
- dc official App",48,48.0,"순위를 보면 몽골의 실력을알수있다 4강팀중 유일하게 팀메이트와 멀리떨어져있음 ㄹㅇ
누리스는차빨챔이다<<ㄹㅇ..
- dc official App",순위를 보면 몽골의 실력을알수있다 4강팀중 유일하게 팀메이트와 멀리떨어져있음 ㄹㅇ 누리스는차빨챔이다<<ㄹㅇ..,0.15995670855045319,0.23864220082759857,0.2712995707988739,0.11336083710193634,0.06857302039861679,0.1481676697731018
2024-09-22 22:20:11,모나코는 사고라도 있었는데 싱가포르는 없음,이번시즌 제일 노잼임,48,48.0,모나코는 사고라도 있었는데 싱가포르는 없음 이번시즌 제일 노잼임,모나코는 사고라도 있었는데 싱가포르는 없음 이번시즌 제일 노잼임,0.11944836378097534,0.32216963171958923,0.14607897400856018,0.165828675031662,0.18840736150741577,0.05806699022650719
2024-09-22 22:20:12,사고 좀 내봐라,존나 졸리네,48,48.0,사고 좀 내봐라 존나 졸리네,사고 좀 내봐라 존나 졸리네,0.12246240675449371,0.26462528109550476,0.12039260566234589,0.20644384622573853,0.22835245728492737,0.057723332196474075
2024-09-22 22:20:13,막스 리타하면 재밌겠다,"노리스한테 턱밑까지 쫓기는 ㅋㅋ 리턴투 아부다비
앙망",48,48.0,"막스 리타하면 재밌겠다 노리스한테 턱밑까지 쫓기는 ㅋㅋ 리턴투 아부다비
앙망",막스 리타하면 재밌겠다 노리스한테 턱밑까지 쫓기는 ㅋㅋ 리턴투 아부다비 앙망,0.562717854976654,0.15752388536930084,0.12707948684692383,0.07411236315965652,0.03626304492354393,0.042303409427404404
2024-09-22 22:20:14,르끌 4위까지 가나?,- dc official App,48,48.0,르끌 4위까지 가나? - dc official App,르끌 4위까지 가나? - dc official App,0.22587183117866516,0.22063952684402466,0.3241441547870636,0.08955006301403046,0.054046329110860825,0.08574807643890381
2024-09-22 22:20:17,이렇게 된거 안드레티 들어오라고 하고,"드라이버 라티피/슈마허 이렇게 짜고
얘들만 버짓캡 무제한으로 풀어주고 꼴라박아서 세카 띄우는 역할 시키자",48,48.0,"이렇게 된거 안드레티 들어오라고 하고 드라이버 라티피/슈마허 이렇게 짜고
얘들만 버짓캡 무제한으로 풀어주고 꼴라박아서 세카 띄우는 역할 시키자",이렇게 된거 안드레티 들어오라고 하고 드라이버 라티피/슈마허 이렇게 짜고 얘들만 버짓캡 무제한으로 풀어주고 꼴라박아서 세카 띄우는 역할 시키자,0.19092492759227753,0.19844995439052582,0.21852269768714905,0.18792743980884552,0.13623394072055817,0.0679410919547081
2024-09-22 22:20:18,진도 개빠른 적극적인 01년생 ㄷㄷㄷ,대 아 제,48,48.0,진도 개빠른 적극적인 01년생 ㄷㄷㄷ 대 아 제,진도 개빠른 적극적인 01년생 ㄷㄷㄷ 대 아 제,0.3812640607357025,0.19020624458789825,0.23079609870910645,0.07783405482769012,0.03845808282494545,0.08144137263298035
2024-09-22 22:20:26,체코 사고가자,병신,48,48.0,체코 사고가자 병신,체코 사고가자 병신,0.19574731588363647,0.25673940777778625,0.2566535472869873,0.10495445877313614,0.0916200578212738,0.09428516775369644
2024-09-22 22:20:28,저렇게되면 컨챔 어떻게 되는건지 계산 좀,드챔은 솔직히 앞으로 힘들듯,48,48.0,저렇게되면 컨챔 어떻게 되는건지 계산 좀 드챔은 솔직히 앞으로 힘들듯,저렇게되면 컨챔 어떻게 되는건지 계산 좀 드챔은 솔직히 앞으로 힘들듯,0.11271976679563522,0.27989283204078674,0.30662575364112854,0.10420716553926468,0.1007121130824089,0.09584236145019531
2024-09-22 22:20:31,이제 세카 뜨면 잠 싹 달아날텐데,- dc official App,48,48.0,이제 세카 뜨면 잠 싹 달아날텐데 - dc official App,이제 세카 뜨면 잠 싹 달아날텐데 - dc official App,0.3118591606616974,0.2754378914833069,0.17579755187034607,0.09208235144615173,0.08084341138601303,0.06397969275712967
2024-09-22 22:20:32,르끌 35.3 ㄷㄷ,,48,48.0,르끌 35.3 ㄷㄷ ,르끌 35.3 ㄷㄷ,0.11136247962713242,0.22373339533805847,0.3256162405014038,0.13890784978866577,0.08305707573890686,0.11732297390699387
2024-09-22 22:20:33,이대로 셒카 안나오나,평온하게 진행되네,48,48.0,이대로 셒카 안나오나 평온하게 진행되네,이대로 셒카 안나오나 평온하게 진행되네,0.15673048794269562,0.35248973965644836,0.13719768822193146,0.12800267338752747,0.1525178849697113,0.07306154817342758
2024-09-22 22:20:36,대끌 페이스 뭐임,- dc official App,48,48.0,대끌 페이스 뭐임 - dc official App,대끌 페이스 뭐임 - dc official App,0.27779674530029297,0.21470129489898682,0.3002265691757202,0.09136269241571426,0.052038341760635376,0.06387438625097275
2024-09-22 22:20:36,공짜사우나 좋네,- dc official App,48,48.0,공짜사우나 좋네 - dc official App,공짜사우나 좋네 - dc official App,0.6885131597518921,0.11371797323226929,0.07721222192049026,0.05785873159766197,0.03784643113613129,0.024851489812135696
2024-09-22 22:20:36,르끌 기습 패랩 ㅋㅋ,,48,48.0,르끌 기습 패랩 ㅋㅋ ,르끌 기습 패랩 ㅋㅋ,0.5289328694343567,0.18227238953113556,0.12505337595939636,0.08355364203453064,0.04478035867214203,0.03540738672018051
2024-09-22 22:20:38,대르끌 3연속 패랩 ㅅㅅㅅㅅㅅㅅㅅ,"ㅅㅅ
- dc official App",48,48.0,"대르끌 3연속 패랩 ㅅㅅㅅㅅㅅㅅㅅ ㅅㅅ
- dc official App",대르끌 3연속 패랩 ㅅㅅㅅㅅㅅㅅㅅ ㅅㅅ,0.6687282919883728,0.1222502663731575,0.06333072483539581,0.0716923326253891,0.046967457979917526,0.027030959725379944
2024-09-22 22:20:40,사우나입갤ㅋㅋㅋㅋ,- dc official App,48,48.0,사우나입갤ㅋㅋㅋㅋ - dc official App,사우나입갤ㅋㅋㅋㅋ - dc official App,0.6882328391075134,0.11094526201486588,0.08368361741304398,0.05966861546039581,0.03235679119825363,0.025112837553024292
2024-09-22 22:20:41,"""더웡"" ㅋㅋㅋㅋ",,48,48.0,"""더웡"" ㅋㅋㅋㅋ ","""더웡"" ㅋㅋㅋㅋ",0.4842672348022461,0.20621955394744873,0.07902231067419052,0.10888266563415527,0.08320695161819458,0.03840133547782898
2024-09-22 22:20:41,르끌 미쳤네,- dc official App,48,48.0,르끌 미쳤네 - dc official App,르끌 미쳤네 - dc official App,0.20910800993442535,0.2236114740371704,0.3099654018878937,0.10979119688272476,0.04801703616976738,0.09950687736272812
2024-09-22 22:20:40,쥬징징 ㅋㅋㅋㅋ,,48,48.0,쥬징징 ㅋㅋㅋㅋ ,쥬징징 ㅋㅋㅋㅋ,0.6330650448799133,0.13890431821346283,0.08493510633707047,0.07114486396312714,0.042716916650533676,0.02923368103802204
2024-09-22 22:20:42,사우나 입갤 ㅋㅋㅋㅋ,,48,48.0,사우나 입갤 ㅋㅋㅋㅋ ,사우나 입갤 ㅋㅋㅋㅋ,0.6981311440467834,0.10604935884475708,0.07713823765516281,0.056838274002075195,0.03525353595614433,0.026589421555399895
2024-09-22 22:20:44,노리스 체황 백마커로 따냐?,- dc official App,48,48.0,노리스 체황 백마커로 따냐? - dc official App,노리스 체황 백마커로 따냐? - dc official App,0.17349715530872345,0.22325213253498077,0.3434423506259918,0.1223667711019516,0.06461795419454575,0.07282363623380661
2024-09-22 22:20:44,123은 확정이네,피아스트리 러셀 딴다고 타이어 다 쓴듯,48,48.0,123은 확정이네 피아스트리 러셀 딴다고 타이어 다 쓴듯,123은 확정이네 피아스트리 러셀 딴다고 타이어 다 쓴듯,0.1664547324180603,0.329950213432312,0.240950807929039,0.0974111333489418,0.08187820017337799,0.08335492014884949
2024-09-22 22:20:47,헐크 알론소 딸만한데,"랩타임 0.4초 차이나는데 할만하지 않나
- dc official App",48,48.0,"헐크 알론소 딸만한데 랩타임 0.4초 차이나는데 할만하지 않나
- dc official App",헐크 알론소 딸만한데 랩타임 0.4초 차이나는데 할만하지 않나,0.36777421832084656,0.21298690140247345,0.22338439524173737,0.07347655296325684,0.0389418788254261,0.0834360346198082
2024-09-22 22:20:47,엉덩이가 뜨거워 ㅋㅋㅋㅋㅋㅋㅋㅋㅋㅋㅋ,,48,48.0,엉덩이가 뜨거워 ㅋㅋㅋㅋㅋㅋㅋㅋㅋㅋㅋ ,엉덩이가 뜨거워 ㅋㅋㅋㅋㅋㅋㅋㅋㅋㅋㅋ,0.6975646615028381,0.11572462320327759,0.0712398961186409,0.05565914139151573,0.034419383853673935,0.02539229393005371
2024-09-22 22:20:48,사우나 입갤 ㅋㅋㅋ,무료 사우나 ㄷㄷ,48,48.0,사우나 입갤 ㅋㅋㅋ 무료 사우나 ㄷㄷ,사우나 입갤 ㅋㅋㅋ 무료 사우나 ㄷㄷ,0.6402236223220825,0.13521933555603027,0.10313842445611954,0.05656951665878296,0.031208598986268044,0.033640507608652115
2024-09-22 22:20:49,레드워 ㄷㄱㅈ,,48,48.0,레드워 ㄷㄱㅈ ,레드워 ㄷㄱㅈ,0.6460585594177246,0.12665921449661255,0.09455165266990662,0.06122677028179169,0.03878142684698105,0.03272240608930588
2024-09-22 22:20:51,과열 ㄱㄱ혓 ㅋㅋ,ㅋㅋㅋㅋ,48,48.0,과열 ㄱㄱ혓 ㅋㅋ ㅋㅋㅋㅋ,과열 ㄱㄱ혓 ㅋㅋ ㅋㅋㅋㅋ,0.6850888133049011,0.11709628254175186,0.0732976496219635,0.06286266446113586,0.03613169491291046,0.025522813200950623
2024-09-22 22:20:52,지금이 세카 타이밍이야 k맥 총대매자,- dc official App,48,48.0,지금이 세카 타이밍이야 k맥 총대매자 - dc official App,지금이 세카 타이밍이야 k맥 총대매자 - dc official App,0.5205374360084534,0.16222061216831207,0.13716669380664825,0.07631441205739975,0.05927401781082153,0.04448683559894562
2024-09-22 22:20:53,아니 ㄹㅇ 사고안남?,"뭐 좀 해보라
- dc official App",48,48.0,"아니 ㄹㅇ 사고안남? 뭐 좀 해보라
- dc official App",아니 ㄹㅇ 사고안남? 뭐 좀 해보라,0.09181691706180573,0.2658783495426178,0.21878378093242645,0.14280812442302704,0.17733953893184662,0.10337325185537338
2024-09-22 22:20:53,사우나 ㅋㅋㅋㅋ,,48,48.0,사우나 ㅋㅋㅋㅋ ,사우나 ㅋㅋㅋㅋ,0.6570608615875244,0.12696604430675507,0.0893801897764206,0.06528062373399734,0.03458261489868164,0.026729632169008255
2024-09-22 22:20:54,노인네 똥 질질새노 ㅋㅋㅋㅋㅋㅋㅋ,,48,48.0,노인네 똥 질질새노 ㅋㅋㅋㅋㅋㅋㅋ ,노인네 똥 질질새노 ㅋㅋㅋㅋㅋㅋㅋ,0.12413061410188675,0.21583104133605957,0.2582506239414215,0.21608328819274902,0.083121158182621,0.10258326679468155
2024-09-22 22:20:56,사우나 ㅋㅋㅋㅋㅋㅋㅋ,- dc official App,48,48.0,사우나 ㅋㅋㅋㅋㅋㅋㅋ - dc official App,사우나 ㅋㅋㅋㅋㅋㅋㅋ - dc official App,0.6687317490577698,0.11849894374608994,0.09201652556657791,0.06517676264047623,0.032096076756715775,0.02347991056740284
2024-09-22 22:20:57,시발 카도ㅠ강간당하네 ㅠㅠ,,48,48.0,시발 카도ㅠ강간당하네 ㅠㅠ ,시발 카도ㅠ강간당하네 ㅠㅠ,0.11465738713741302,0.19225512444972992,0.12897172570228577,0.2610251307487488,0.2432333379983902,0.059857290238142014
2024-09-22 22:20:57,이대로 끝나면 몽노 52포차 6개gp남음,"드챔 쉽지않아보이네 무리스
- dc official App",48,48.0,"이대로 끝나면 몽노 52포차 6개gp남음 드챔 쉽지않아보이네 무리스
- dc official App",이대로 끝나면 몽노 52포차 6개gp남음 드챔 쉽지않아보이네 무리스,0.1154819056391716,0.3000846207141876,0.2953212857246399,0.10159511119127274,0.11540026217699051,0.07211679220199585
2024-09-22 22:20:59,르끌 페이스 ㅈㄴ끌어올리누ㅋㅋㅋ35.3,"ㅋ
- dc official App",48,48.0,"르끌 페이스 ㅈㄴ끌어올리누ㅋㅋㅋ35.3 ㅋ
- dc official App",르끌 페이스 ㅈㄴ끌어올리누ㅋㅋㅋ35.3 ㅋ,0.5730899572372437,0.1644531637430191,0.12513674795627594,0.06393032521009445,0.03067566081881523,0.042714133858680725
2024-09-22 22:20:58,리카도 속절없이 따이네 ㅠㅠㅠ,,48,48.0,리카도 속절없이 따이네 ㅠㅠㅠ ,리카도 속절없이 따이네 ㅠㅠㅠ,0.1153719425201416,0.2600047290325165,0.16005541384220123,0.16030122339725494,0.22890831530094147,0.07535836845636368
2024-09-22 22:20:59,대런 ㅈ망 ㅋㅋ,,48,48.0,대런 ㅈ망 ㅋㅋ ,대런 ㅈ망 ㅋㅋ,0.13129392266273499,0.2760399281978607,0.13239331543445587,0.24244210124015808,0.14950743317604065,0.06832321733236313
2024-09-22 22:20:59,병신 ㅋㅋ,,48,48.0,병신 ㅋㅋ ,병신 ㅋㅋ,0.5799253582954407,0.15625925362110138,0.10357167571783066,0.08976416289806366,0.04209094122052193,0.028388632461428642
2024-09-22 22:21:01,대런아 셒카띄우자,,48,48.0,대런아 셒카띄우자 ,대런아 셒카띄우자,0.6524176597595215,0.12502484023571014,0.08983344584703445,0.06060536950826645,0.03988578915596008,0.032232921570539474
2024-09-22 22:21:04,리카도 다 따이노 ㅠㅠ,,48,48.0,리카도 다 따이노 ㅠㅠ ,리카도 다 따이노 ㅠㅠ,0.13154791295528412,0.2879658341407776,0.15329204499721527,0.15162183344364166,0.20220808684825897,0.07336428016424179
2024-09-22 22:21:05,아니 35.3? 뭐고,,48,48.0,아니 35.3? 뭐고 ,아니 35.3? 뭐고,0.09642637521028519,0.23824630677700043,0.2961762547492981,0.16022202372550964,0.12206650525331497,0.08686253428459167
2024-09-22 22:21:06,어?,,48,48.0,어? ,어?,0.18344929814338684,0.2227441370487213,0.3186514377593994,0.11600754410028458,0.05705792456865311,0.10208961367607117
2024-09-22 22:21:07,저정도면 고인능욕 아니냐,아이고,48,48.0,저정도면 고인능욕 아니냐 아이고,저정도면 고인능욕 아니냐 아이고,0.08044715225696564,0.18142269551753998,0.21329283714294434,0.2391466200351715,0.20447608828544617,0.08121456205844879
2024-09-22 22:21:07,러셀아,,48,48.0,러셀아 ,러셀아,0.5852859616279602,0.16008791327476501,0.08555882424116135,0.0701848641037941,0.058351751416921616,0.04053068906068802
2024-09-22 22:21:08,노리스 ㄷㄷㄷㄷ,,48,48.0,노리스 ㄷㄷㄷㄷ ,노리스 ㄷㄷㄷㄷ,0.1684723198413849,0.20815300941467285,0.34751641750335693,0.11368905007839203,0.05089659243822098,0.1112726479768753
2024-09-22 22:21:09,자동문 ㅋㅋㅋ,,48,48.0,자동문 ㅋㅋㅋ ,자동문 ㅋㅋㅋ,0.5794009566307068,0.1518920361995697,0.10399344563484192,0.0851859375834465,0.04383120313286781,0.03569644317030907
2024-09-22 22:21:11,아까 츠노다 잘 보내줬네,,48,48.0,아까 츠노다 잘 보내줬네 ,아까 츠노다 잘 보내줬네,0.592224657535553,0.1519193798303604,0.07413476705551147,0.07037635892629623,0.07901410013437271,0.03233066573739052
2024-09-22 22:21:12,노리스 쥬지행동할뻔 ㅋㅋㅋ,,48,48.0,노리스 쥬지행동할뻔 ㅋㅋㅋ ,노리스 쥬지행동할뻔 ㅋㅋㅋ,0.5509471297264099,0.1761656105518341,0.1345977485179901,0.0638715848326683,0.030037377029657364,0.0443805530667305
2024-09-22 22:21:12,다보내주네 ㅋㅋ,,48,48.0,다보내주네 ㅋㅋ ,다보내주네 ㅋㅋ,0.6039863228797913,0.14749027788639069,0.10067205876111984,0.07007133960723877,0.04524358734488487,0.03253645449876785
2024-09-22 22:21:12,지랄ㅋㅋㅋ,- dc official App,48,48.0,지랄ㅋㅋㅋ - dc official App,지랄ㅋㅋㅋ - dc official App,0.2704439163208008,0.22130529582500458,0.18186266720294952,0.19770735502243042,0.07362809777259827,0.05505267530679703
2024-09-22 22:21:12,노리스 꿈과희망할뻔ㅋㅋㅋㅋㅋㅋㅋㅋㅋ,,48,48.0,노리스 꿈과희망할뻔ㅋㅋㅋㅋㅋㅋㅋㅋㅋ ,노리스 꿈과희망할뻔ㅋㅋㅋㅋㅋㅋㅋㅋㅋ,0.6382449865341187,0.14748762547969818,0.07313819229602814,0.0641954317688942,0.045640312135219574,0.03129342943429947
2024-09-22 22:21:13,혼자 쥬지 행동 ㅋㅋㅋ,ㅋㅋㅋ,48,48.0,혼자 쥬지 행동 ㅋㅋㅋ ㅋㅋㅋ,혼자 쥬지 행동 ㅋㅋㅋ ㅋㅋㅋ,0.6631080508232117,0.13069947063922882,0.08651955425739288,0.05856602266430855,0.03263464942574501,0.0284722950309515
2024-09-22 22:21:13,그대로 꼬라박지 ㄲㅂ,,48,48.0,그대로 꼬라박지 ㄲㅂ ,그대로 꼬라박지 ㄲㅂ,0.14880870282649994,0.27869391441345215,0.12115900963544846,0.21887515485286713,0.1574244648218155,0.07503867894411087
2024-09-22 22:21:14,완전 러키비키자나~,레이스도 하고 사우나도 즐기고~,48,48.0,완전 러키비키자나~ 레이스도 하고 사우나도 즐기고~,완전 러키비키자나~ 레이스도 하고 사우나도 즐기고~,0.6983974575996399,0.1138559952378273,0.06675535440444946,0.05956593528389931,0.03337708115577698,0.02804812230169773
2024-09-22 22:21:15,대런 커리어 마지막 스폿라이트,,48,48.0,대런 커리어 마지막 스폿라이트 ,대런 커리어 마지막 스폿라이트,0.4453776180744171,0.2155349999666214,0.12463299185037613,0.0819879099726677,0.07227540761232376,0.060191139578819275
2024-09-22 22:21:15,카도 은퇴경기인데 처참하게 따이네 ㅜㅜㅜ,,48,48.0,카도 은퇴경기인데 처참하게 따이네 ㅜㅜㅜ ,카도 은퇴경기인데 처참하게 따이네 ㅜㅜㅜ,0.12178675830364227,0.26700645685195923,0.2060382217168808,0.1399025022983551,0.18089638650417328,0.08436965197324753
2024-09-22 22:21:15,리치아르도 자동문보소 ㅋㅋㅋㅋㅋㅋㅋㅋㅋㅋㅋㅋㅋㅋㅋㅋㅋㅋㅋㅋㅋㅋㅋㅋ,개허벌이네 ㅋㅋㅋㅋㅋㅋㅋㅋㅋㅋㅋㅋㅋㅋㅋㅋㅋㅋㅋㅋㅋㅋㅋㅋㅋㅋㅋㅋㅋ,48,48.0,리치아르도 자동문보소 ㅋㅋㅋㅋㅋㅋㅋㅋㅋㅋㅋㅋㅋㅋㅋㅋㅋㅋㅋㅋㅋㅋㅋㅋ 개허벌이네 ㅋㅋㅋㅋㅋㅋㅋㅋㅋㅋㅋㅋㅋㅋㅋㅋㅋㅋㅋㅋㅋㅋㅋㅋㅋㅋㅋㅋㅋ,리치아르도 자동문보소 ㅋㅋㅋㅋㅋㅋㅋㅋㅋㅋㅋㅋㅋㅋㅋㅋㅋㅋㅋㅋㅋㅋㅋㅋ 개허벌이네 ㅋㅋㅋㅋㅋㅋㅋㅋㅋㅋㅋㅋㅋㅋㅋㅋㅋㅋㅋㅋㅋㅋㅋㅋㅋㅋㅋㅋㅋ,0.3109559714794159,0.21223902702331543,0.2542230188846588,0.09884680807590485,0.037474293261766434,0.08626089990139008
2024-09-22 22:21:15,작년 그거 입갤ㅋㅋ,,48,48.0,작년 그거 입갤ㅋㅋ ,작년 그거 입갤ㅋㅋ,0.6930978298187256,0.11407652497291565,0.07311130315065384,0.056277669966220856,0.0363384373486042,0.027098264545202255
2024-09-22 22:21:16,노리스 꿈과희망 당할뻔ㅋㅋㅋㅋ,- dc official App,48,48.0,노리스 꿈과희망 당할뻔ㅋㅋㅋㅋ - dc official App,노리스 꿈과희망 당할뻔ㅋㅋㅋㅋ - dc official App,0.6578927040100098,0.1371927559375763,0.07513245195150375,0.06091895326972008,0.039788950234651566,0.029074130579829216
2024-09-22 22:21:16,어 저기 쥬지 뒤진곳,"ㅋㅋ
- dc official App",48,48.0,"어 저기 쥬지 뒤진곳 ㅋㅋ
- dc official App",어 저기 쥬지 뒤진곳 ㅋㅋ,0.14193177223205566,0.21109656989574432,0.2986404299736023,0.14358991384506226,0.060193248093128204,0.14454810321331024
2024-09-22 22:21:17,노리스의 꿈과 희망ㅋㅋ,ㅋ,48,48.0,노리스의 꿈과 희망ㅋㅋ ㅋ,노리스의 꿈과 희망ㅋㅋ ㅋ,0.7134517431259155,0.10864201188087463,0.06429780274629593,0.053092822432518005,0.0349082313477993,0.025607440620660782
2024-09-22 22:21:19,아니 점마는 왜 크루징도 못하냐,ㅋㅋㅋㅋ,48,48.0,아니 점마는 왜 크루징도 못하냐 ㅋㅋㅋㅋ,아니 점마는 왜 크루징도 못하냐 ㅋㅋㅋㅋ,0.0940995067358017,0.2891789972782135,0.2392868995666504,0.17956463992595673,0.0994429960846901,0.09842690825462341
2024-09-22 22:21:19,노리스 시발련아ㅋㅋㅋ,- dc official App,48,48.0,노리스 시발련아ㅋㅋㅋ - dc official App,노리스 시발련아ㅋㅋㅋ - dc official App,0.19875983893871307,0.1784791350364685,0.15857747197151184,0.29715895652770996,0.10857205092906952,0.058452654629945755
2024-09-22 22:21:20,러셀 당할 뻔했노ㅋㅋㅋㅋ,ㅋㅋㅋ,48,48.0,러셀 당할 뻔했노ㅋㅋㅋㅋ ㅋㅋㅋ,러셀 당할 뻔했노ㅋㅋㅋㅋ ㅋㅋㅋ,0.23118162155151367,0.32200923562049866,0.15858350694179535,0.1309790015220642,0.0721484050154686,0.08509818464517593
2024-09-22 22:21:20,저 병신은 혼자 달리는데 사고를 몇번 쳐내지 ㅋㅋ,,48,48.0,저 병신은 혼자 달리는데 사고를 몇번 쳐내지 ㅋㅋ ,저 병신은 혼자 달리는데 사고를 몇번 쳐내지 ㅋㅋ,0.09401287138462067,0.23496092855930328,0.23620100319385529,0.22736473381519318,0.10505656152963638,0.1024039164185524
2024-09-22 22:21:20,대런은 ㄹㅇ 눈물나네 ㅋㅋㅋㅋ,ㅋㅋㅋ,48,48.0,대런은 ㄹㅇ 눈물나네 ㅋㅋㅋㅋ ㅋㅋㅋ,대런은 ㄹㅇ 눈물나네 ㅋㅋㅋㅋ ㅋㅋㅋ,0.5299965143203735,0.1805775761604309,0.11631979048252106,0.06853239983320236,0.05740494653582573,0.04716876894235611
2024-09-22 22:21:21,노리스의 꿈과 희망ㅋㅋㅋㅋㅋㅋㅋ,,48,48.0,노리스의 꿈과 희망ㅋㅋㅋㅋㅋㅋㅋ ,노리스의 꿈과 희망ㅋㅋㅋㅋㅋㅋㅋ,0.7143935561180115,0.10581885278224945,0.06469398736953735,0.0549248568713665,0.03501686453819275,0.025151856243610382
2024-09-22 22:21:22,체코가 셒카띄우면 갤터짐? ㅋㅋㅋㅋ,몽골견 열받아 뒤짐?,48,48.0,체코가 셒카띄우면 갤터짐? ㅋㅋㅋㅋ 몽골견 열받아 뒤짐?,체코가 셒카띄우면 갤터짐? ㅋㅋㅋㅋ 몽골견 열받아 뒤짐?,0.1489003598690033,0.2605697214603424,0.24738070368766785,0.16412773728370667,0.07441161572933197,0.1046098992228508
2024-09-22 22:21:22,노리스 크루징하면서도 나사빠졌네 ㅋㅋㅋ,,48,48.0,노리스 크루징하면서도 나사빠졌네 ㅋㅋㅋ ,노리스 크루징하면서도 나사빠졌네 ㅋㅋㅋ,0.11217284947633743,0.24797581136226654,0.2917121350765228,0.16350428760051727,0.09160757064819336,0.09302736073732376
2024-09-22 22:21:23,아시발까비,ㅠㅠ,48,48.0,아시발까비 ㅠㅠ,아시발까비 ㅠㅠ,0.16304253041744232,0.21932975947856903,0.09738721698522568,0.22660119831562042,0.24410949647426605,0.049529749900102615
2024-09-22 22:21:23,맥어강 ㄷㄷ,- dc official App,48,48.0,맥어강 ㄷㄷ - dc official App,맥어강 ㄷㄷ - dc official App,0.3294522762298584,0.20446330308914185,0.27654829621315,0.09153441339731216,0.03820967674255371,0.05979197844862938
2024-09-22 22:21:23,피아제 타이어 펑처 가나연~,- dc official App,48,48.0,피아제 타이어 펑처 가나연~ - dc official App,피아제 타이어 펑처 가나연~ - dc official App,0.3652026951313019,0.2012990564107895,0.2259114682674408,0.09057310223579407,0.0524832159280777,0.06453041732311249
2024-09-22 22:21:23,노황 기습 사고ㅋㅋㅋㅋㅋㅋ,ㅋㅋㅋㅋㅋㅋ,48,48.0,노황 기습 사고ㅋㅋㅋㅋㅋㅋ ㅋㅋㅋㅋㅋㅋ,노황 기습 사고ㅋㅋㅋㅋㅋㅋ ㅋㅋㅋㅋㅋㅋ,0.254008024930954,0.275634765625,0.20765192806720734,0.1307964324951172,0.06223491579294205,0.06967394053936005
2024-09-22 22:21:23,작년에 저기서 프론트 닿았는데,올해는 리어 닿네,48,48.0,작년에 저기서 프론트 닿았는데 올해는 리어 닿네,작년에 저기서 프론트 닿았는데 올해는 리어 닿네,0.20246708393096924,0.2766014039516449,0.2673409581184387,0.10226612538099289,0.059525731950998306,0.09179875999689102
2024-09-22 22:21:24,피아제가 막스 못따라가네,3위에서 ㅈㅈ네,48,48.0,피아제가 막스 못따라가네 3위에서 ㅈㅈ네,피아제가 막스 못따라가네 3위에서 ㅈㅈ네,0.07445280998945236,0.26155489683151245,0.2921350300312042,0.1417548805475235,0.1254565268754959,0.10464581102132797
2024-09-22 22:21:25,누리스 졸음운전 ㄷㄷ,골로갈뻔,48,48.0,누리스 졸음운전 ㄷㄷ 골로갈뻔,누리스 졸음운전 ㄷㄷ 골로갈뻔,0.14101727306842804,0.21881181001663208,0.31537485122680664,0.12497871369123459,0.07682016491889954,0.1229972243309021
2024-09-22 22:21:25,노리스 저새끼는 작년에도 긁더만 시발 챔 먹을 자격이 없음,,48,48.0,노리스 저새끼는 작년에도 긁더만 시발 챔 먹을 자격이 없음 ,노리스 저새끼는 작년에도 긁더만 시발 챔 먹을 자격이 없음,0.12326672673225403,0.16959036886692047,0.15157021582126617,0.32059621810913086,0.18537303805351257,0.04960348829627037
2024-09-22 22:21:25,쿠플 뭐 큰거 한다고 유입된 뉴비들 전부 산화할듯,ㄹㅇ,48,48.0,쿠플 뭐 큰거 한다고 유입된 뉴비들 전부 산화할듯 ㄹㅇ,쿠플 뭐 큰거 한다고 유입된 뉴비들 전부 산화할듯 ㄹㅇ,0.07197234034538269,0.2785998582839966,0.25669512152671814,0.13265296816825867,0.16211675107479095,0.09796293079853058
2024-09-22 22:21:26,페라리 씨발 젤 중요할때 퀄리를 말아먹냐,페이스가 탑2인데,48,48.0,페라리 씨발 젤 중요할때 퀄리를 말아먹냐 페이스가 탑2인데,페라리 씨발 젤 중요할때 퀄리를 말아먹냐 페이스가 탑2인데,0.08792801201343536,0.23618656396865845,0.17643433809280396,0.22600413858890533,0.2242818921804428,0.0491650328040123
2024-09-22 22:21:26,기록 안좁혀지는거 보면 절대 안될듯,52점차 드챔 힘들꺼같은데? 막스 꼴박하지 않는이상,48,48.0,기록 안좁혀지는거 보면 절대 안될듯 52점차 드챔 힘들꺼같은데? 막스 꼴박하지 않는이상,기록 안좁혀지는거 보면 절대 안될듯 52점차 드챔 힘들꺼같은데? 막스 꼴박하지 않는이상,0.08146435767412186,0.22222083806991577,0.3457854688167572,0.1330437809228897,0.10021264106035233,0.11727291345596313
2024-09-22 22:21:24,꿈과 희망 당할뻔ㅋㅋㅋㅋ,,48,48.0,꿈과 희망 당할뻔ㅋㅋㅋㅋ ,꿈과 희망 당할뻔ㅋㅋㅋㅋ,0.34561699628829956,0.28750377893447876,0.1273501217365265,0.10805702209472656,0.06954539567232132,0.06192657724022865
2024-09-22 22:21:28,노리스 씨발아 정신 똑디 안 차리냐???,,48,48.0,노리스 씨발아 정신 똑디 안 차리냐??? ,노리스 씨발아 정신 똑디 안 차리냐???,0.11471858620643616,0.20191696286201477,0.16151490807533264,0.2956450879573822,0.18237702548503876,0.04382742941379547
2024-09-22 22:21:28,아씨발좀세게박아라,자꾸아슬아슬하게 안꼴아박냐,48,48.0,아씨발좀세게박아라 자꾸아슬아슬하게 안꼴아박냐,아씨발좀세게박아라 자꾸아슬아슬하게 안꼴아박냐,0.12165877968072891,0.21962331235408783,0.12200665473937988,0.28311535716056824,0.21317820250988007,0.040417686104774475
2024-09-22 22:21:28,노리스 꿈과희망 ㅋㅋ,,48,48.0,노리스 꿈과희망 ㅋㅋ ,노리스 꿈과희망 ㅋㅋ,0.7110589742660522,0.1091957688331604,0.06362356245517731,0.05257146805524826,0.03780665621161461,0.025743601843714714
2024-09-22 22:21:28,늅 질문 피트스탑시간 보통 얼마나 소요됨?,"피트스탑 한번 하고 오면 순위 엄청 밀리던데
미리 감사리",48,48.0,"늅 질문 피트스탑시간 보통 얼마나 소요됨? 피트스탑 한번 하고 오면 순위 엄청 밀리던데
미리 감사리",늅 질문 피트스탑시간 보통 얼마나 소요됨? 피트스탑 한번 하고 오면 순위 엄청 밀리던데 미리 감사리,0.3693963587284088,0.23033307492733002,0.19066038727760315,0.07274360209703445,0.0654255673289299,0.07144102454185486
2024-09-22 22:21:28,긁ㅋㅋㅋ,ㅋㅋ,48,48.0,긁ㅋㅋㅋ ㅋㅋ,긁ㅋㅋㅋ ㅋㅋ,0.6077472567558289,0.15699821710586548,0.09538344293832779,0.07265796512365341,0.03838665038347244,0.028826475143432617
2024-09-22 22:21:30,체코 이시발새끼야,걍 노리스한테 어뢰 날려,48,48.0,체코 이시발새끼야 걍 노리스한테 어뢰 날려,체코 이시발새끼야 걍 노리스한테 어뢰 날려,0.15145093202590942,0.15862207114696503,0.15079985558986664,0.3177967369556427,0.17718395590782166,0.04414649307727814
2024-09-22 22:21:31,러셀 해버릴뻔 ㅋㅋ,똑같은데 박앗네,48,48.0,러셀 해버릴뻔 ㅋㅋ 똑같은데 박앗네,러셀 해버릴뻔 ㅋㅋ 똑같은데 박앗네,0.20463144779205322,0.30083683133125305,0.21560044586658478,0.11472465842962265,0.060464125126600266,0.10374251008033752
2024-09-22 22:21:32,자우버 타이어 온도,"105  107
98 101
- dc official App",48,48.0,"자우버 타이어 온도 105  107
98 101
- dc official App",자우버 타이어 온도 105 107 98 101,0.29691082239151,0.24353022873401642,0.23683448135852814,0.1121145635843277,0.06535208225250244,0.045257821679115295
2024-09-22 22:21:32,꿈과 희망 성공편ㅋㅋㅋㅋㅋㅋ,,48,48.0,꿈과 희망 성공편ㅋㅋㅋㅋㅋㅋ ,꿈과 희망 성공편ㅋㅋㅋㅋㅋㅋ,0.7107064723968506,0.10774560272693634,0.06254811584949493,0.05392644926905632,0.0386793315410614,0.026393963024020195
2024-09-22 22:21:33,대르끌 ㅋㅋㅋㅋ,이새끼는 걍 하드를 잘탐,48,48.0,대르끌 ㅋㅋㅋㅋ 이새끼는 걍 하드를 잘탐,대르끌 ㅋㅋㅋㅋ 이새끼는 걍 하드를 잘탐,0.25629034638404846,0.22289559245109558,0.2178318053483963,0.15905122458934784,0.05769208073616028,0.08623893558979034
2024-09-22 22:21:33,노리스의 꿈과 희망 ㅋㅋㅋ,"1위 날릴뻔 ㅋㅋㅋ
- dc official App",48,48.0,"노리스의 꿈과 희망 ㅋㅋㅋ 1위 날릴뻔 ㅋㅋㅋ
- dc official App",노리스의 꿈과 희망 ㅋㅋㅋ 1위 날릴뻔 ㅋㅋㅋ,0.5265834927558899,0.20058757066726685,0.08614455908536911,0.0870903879404068,0.05836867913603783,0.041225288063287735
2024-09-22 22:21:33,그립 하나도없어보이노 시발 ㅋㅋㅋ,,48,48.0,그립 하나도없어보이노 시발 ㅋㅋㅋ ,그립 하나도없어보이노 시발 ㅋㅋㅋ,0.08662766963243484,0.2559669613838196,0.17115448415279388,0.24763786792755127,0.1851562261581421,0.053456809371709824
2024-09-22 22:21:36,아니씨발 격차도 큰데 왜케 위험하게 타,브링잇홈하자고,48,48.0,아니씨발 격차도 큰데 왜케 위험하게 타 브링잇홈하자고,아니씨발 격차도 큰데 왜케 위험하게 타 브링잇홈하자고,0.08028094470500946,0.2586166560649872,0.19316022098064423,0.19681383669376373,0.19242282211780548,0.07870543003082275
2024-09-22 22:21:37,누리스 쥬지엔딩 보일랑말랑 하는데 ㅋㅋㅋㅋㅋㅋㅋ,애매하면 소프트끼고 나와도 될 갭이라 ㅅㅂ,48,48.0,누리스 쥬지엔딩 보일랑말랑 하는데 ㅋㅋㅋㅋㅋㅋㅋ 애매하면 소프트끼고 나와도 될 갭이라 ㅅㅂ,누리스 쥬지엔딩 보일랑말랑 하는데 ㅋㅋㅋㅋㅋㅋㅋ 애매하면 소프트끼고 나와도 될 갭이라 ㅅㅂ,0.15622662007808685,0.27413296699523926,0.11345678567886353,0.205764040350914,0.1786177158355713,0.07180184125900269
2024-09-22 22:21:36,니 시발 크루징중이잖아 병신아,- dc official App,48,48.0,니 시발 크루징중이잖아 병신아 - dc official App,니 시발 크루징중이잖아 병신아 - dc official App,0.1352725327014923,0.18963757157325745,0.1356813907623291,0.3360345661640167,0.15257063508033752,0.05080332234501839
2024-09-22 22:21:37,노리스 뭐하냐 ㅂㅅㅋㅋㅋㅋㅋㅋ,"ㄱㅋ
- dc official App",48,48.0,"노리스 뭐하냐 ㅂㅅㅋㅋㅋㅋㅋㅋ ㄱㅋ
- dc official App",노리스 뭐하냐 ㅂㅅㅋㅋㅋㅋㅋㅋ ㄱㅋ,0.3744328022003174,0.23135368525981903,0.1535254716873169,0.13968399167060852,0.055669818073511124,0.04533416032791138
2024-09-22 22:21:38,노리스 씨발 러셀할뻔ㅋㅋㅋㅋ,ㅋㅋㅋㅋㅋ,48,48.0,노리스 씨발 러셀할뻔ㅋㅋㅋㅋ ㅋㅋㅋㅋㅋ,노리스 씨발 러셀할뻔ㅋㅋㅋㅋ ㅋㅋㅋㅋㅋ,0.5819839239120483,0.1642538160085678,0.08485566079616547,0.0863661915063858,0.05042539909482002,0.032114967703819275
2024-09-22 22:21:39,뒤질듯 말듯 안뒤짐 ㅋㅋㅋㅋㅋ,"ㅋㅋㅋㅋㅋㅋ,",48,48.0,"뒤질듯 말듯 안뒤짐 ㅋㅋㅋㅋㅋ ㅋㅋㅋㅋㅋㅋ,","뒤질듯 말듯 안뒤짐 ㅋㅋㅋㅋㅋ ㅋㅋㅋㅋㅋㅋ,",0.4485646188259125,0.20163510739803314,0.1042703315615654,0.13880391418933868,0.06524011492729187,0.04148588329553604
2024-09-22 22:21:39,나 존나 힙스터인가,"몽골강점기 맥라렌이 짓밟을때는 존나 재밌었는데 막상 맥라렌 차가 씨발 계속 너무 좋으니까 갑자기 팍 식어버림...
약간 레드불, 페라리랑 아슬아슬하게 배틀하다가 우승하는게 개꿀잼인데 이건 뭐 상대가 안되니까ㅋㅋ
누가 좀 빨리 맥라렌 잡을 사람 없을려나? ㅋㅋ",48,48.0,"나 존나 힙스터인가 몽골강점기 맥라렌이 짓밟을때는 존나 재밌었는데 막상 맥라렌 차가 씨발 계속 너무 좋으니까 갑자기 팍 식어버림...
약간 레드불, 페라리랑 아슬아슬하게 배틀하다가 우승하는게 개꿀잼인데 이건 뭐 상대가 안되니까ㅋㅋ
누가 좀 빨리 맥라렌 잡을 사람 없을려나? ㅋㅋ","나 존나 힙스터인가 몽골강점기 맥라렌이 짓밟을때는 존나 재밌었는데 막상 맥라렌 차가 씨발 계속 너무 좋으니까 갑자기 팍 식어버림... 약간 레드불, 페라리랑 아슬아슬하게 배틀하다가 우승하는게 개꿀잼인데 이건 뭐 상대가 안되니까ㅋㅋ 누가 좀 빨리 맥라렌 잡을 사람 없을려나? ㅋㅋ",0.18147481977939606,0.2994256317615509,0.13484907150268555,0.1648932248353958,0.12456689774990082,0.09479039907455444
2024-09-22 22:21:39,리카도 이제 끝임?,현대 와라,48,48.0,리카도 이제 끝임? 현대 와라,리카도 이제 끝임? 현대 와라,0.2201426774263382,0.22704125940799713,0.278055340051651,0.08744129538536072,0.08134615421295166,0.10597329586744308
2024-09-22 22:21:40,하 노리스의 꿈과 희망이 될 수 있었는데 ..,"ㅇ
- dc official App",48,48.0,"하 노리스의 꿈과 희망이 될 수 있었는데 .. ㅇ
- dc official App",하 노리스의 꿈과 희망이 될 수 있었는데 .. ㅇ,0.3638012707233429,0.253902792930603,0.13807867467403412,0.08222898095846176,0.09754134714603424,0.06444691121578217
2024-09-22 22:21:41,노리스 꿈과희망 해버릴뻔 ㅋㅋ,,48,48.0,노리스 꿈과희망 해버릴뻔 ㅋㅋ ,노리스 꿈과희망 해버릴뻔 ㅋㅋ,0.6201208829879761,0.15912771224975586,0.07292521744966507,0.06286021322011948,0.05157044902443886,0.033395446836948395
2024-09-22 22:21:40,무리스 뭐하노ㅋㅋㅋ,"ㅇㄷㆍ승하기싫은가
- dc official App",48,48.0,"무리스 뭐하노ㅋㅋㅋ ㅇㄷㆍ승하기싫은가
- dc official App",무리스 뭐하노ㅋㅋㅋ ㅇㄷㆍ승하기싫은가,0.09569673240184784,0.29763710498809814,0.2740700840950012,0.14763228595256805,0.09384450316429138,0.09111934155225754
2024-09-22 22:21:43,리카도 리타할듯?,,48,48.0,리카도 리타할듯? ,리카도 리타할듯?,0.321819931268692,0.2059091478586197,0.27188485860824585,0.08469497412443161,0.04924880340695381,0.06644228845834732
2024-09-22 22:21:44,박았어야지 노리스야,아,49,49.0,박았어야지 노리스야 아,박았어야지 노리스야 아,0.09392790496349335,0.3068598806858063,0.1659105271100998,0.21659909188747406,0.1591271311044693,0.05757543444633484
2024-09-22 22:21:45,노리스 제발 한번만 박아다오...,그래야 꿀잼이다,49,49.0,노리스 제발 한번만 박아다오... 그래야 꿀잼이다,노리스 제발 한번만 박아다오... 그래야 꿀잼이다,0.6274767518043518,0.13485543429851532,0.08377465605735779,0.07079704850912094,0.04813398793339729,0.034962184727191925
2024-09-22 22:21:52,캥거루 ㅋㅋㅋㅋ,,49,49.0,캥거루 ㅋㅋㅋㅋ ,캥거루 ㅋㅋㅋㅋ,0.6760565638542175,0.12430476397275925,0.07873241603374481,0.05833471193909645,0.03457994386553764,0.02799159660935402
2024-09-22 22:21:53,누리스 크루징도 못하노 ㅋㅋㅋㅋ,ㅋㅋㅋㅋㅋㅋㅋㅋㅋㅋㅋㅋㅋ,49,49.0,누리스 크루징도 못하노 ㅋㅋㅋㅋ ㅋㅋㅋㅋㅋㅋㅋㅋㅋㅋㅋㅋㅋ,누리스 크루징도 못하노 ㅋㅋㅋㅋ ㅋㅋㅋㅋㅋㅋㅋㅋㅋㅋㅋㅋㅋ,0.16873402893543243,0.33041509985923767,0.2066056877374649,0.1397097259759903,0.07568392902612686,0.07885146886110306
2024-09-22 22:21:54,체징징ㅋㅋㅋ,- dc official App,49,49.0,체징징ㅋㅋㅋ - dc official App,체징징ㅋㅋㅋ - dc official App,0.6661929488182068,0.1240314245223999,0.08145961910486221,0.06732212007045746,0.03585442528128624,0.025139544159173965
2024-09-22 22:21:55,캥거루ㅋㅋㅋㅋㅋ,,49,49.0,캥거루ㅋㅋㅋㅋㅋ ,캥거루ㅋㅋㅋㅋㅋ,0.6615676879882812,0.13062146306037903,0.08357613533735275,0.06191737949848175,0.03411545976996422,0.028201987966895103
2024-09-22 22:21:55,노리스 자꾸 박는거보니까 불안한데,,49,49.0,노리스 자꾸 박는거보니까 불안한데 ,노리스 자꾸 박는거보니까 불안한데,0.15725524723529816,0.23195844888687134,0.33235985040664673,0.10418443381786346,0.08537208288908005,0.08886989206075668
2024-09-22 22:21:55,그냥 차 터트려 씨발,,49,49.0,그냥 차 터트려 씨발 ,그냥 차 터트려 씨발,0.17857059836387634,0.15036551654338837,0.1321355253458023,0.3093102276325226,0.18691079318523407,0.04270734637975693
2024-09-22 22:21:57,무리스가 혼자 사고 내겠노,,49,49.0,무리스가 혼자 사고 내겠노 ,무리스가 혼자 사고 내겠노,0.0890902429819107,0.21627147495746613,0.3497762382030487,0.1296987384557724,0.10426730662584305,0.1108960285782814
2024-09-22 22:21:58,캥거루 ㅋㅋㅋㅋㅋ,ㅋㅋㅋ,49,49.0,캥거루 ㅋㅋㅋㅋㅋ ㅋㅋㅋ,캥거루 ㅋㅋㅋㅋㅋ ㅋㅋㅋ,0.6837615966796875,0.12218619138002396,0.07619977742433548,0.058400869369506836,0.03398456424474716,0.025467030704021454
2024-09-22 22:21:58,피아제 차이 안줄어드네,- dc official App,49,49.0,피아제 차이 안줄어드네 - dc official App,피아제 차이 안줄어드네 - dc official App,0.08441668748855591,0.2728358507156372,0.2991766333580017,0.1269453763961792,0.1254347711801529,0.09119068831205368
2024-09-22 22:21:59,캥거루 체코,,49,49.0,캥거루 체코 ,캥거루 체코,0.5176802277565002,0.1861279159784317,0.13930292427539825,0.07490532100200653,0.045508407056331635,0.03647517040371895
2024-09-22 22:22:00,깽가루 ㅋㅋ,- dc official App,49,49.0,깽가루 ㅋㅋ - dc official App,깽가루 ㅋㅋ - dc official App,0.38968625664711,0.21481341123580933,0.17626328766345978,0.11747856438159943,0.05651640146970749,0.04524204879999161
2024-09-22 22:22:00,체황 캥거루 입갤ㅋ,,49,49.0,체황 캥거루 입갤ㅋ ,체황 캥거루 입갤ㅋ,0.6714358329772949,0.12142826616764069,0.0779380351305008,0.06368499994277954,0.03601321950554848,0.029499614611268044
2024-09-22 22:22:01,페레즈 캥거루 통통통 ㅋㅋㅋ,,49,49.0,페레즈 캥거루 통통통 ㅋㅋㅋ ,페레즈 캥거루 통통통 ㅋㅋㅋ,0.6715973615646362,0.12275075912475586,0.08243774622678757,0.05975241959095001,0.03530525416135788,0.0281564611941576
2024-09-22 22:22:02,누리스 저러는데 왜 갭은 안줄어듬?,머냐,49,49.0,누리스 저러는데 왜 갭은 안줄어듬? 머냐,누리스 저러는데 왜 갭은 안줄어듬? 머냐,0.10240547358989716,0.29021865129470825,0.139696404337883,0.19330525398254395,0.23654162883758545,0.037832628935575485
2024-09-22 22:22:03,지금 착석했는데 셒카 뜸?,"인터벌 개판난거 보니까 아닌거 같은데
100프로 깨지나 ㄷㄷ",49,49.0,"지금 착석했는데 셒카 뜸? 인터벌 개판난거 보니까 아닌거 같은데
100프로 깨지나 ㄷㄷ",지금 착석했는데 셒카 뜸? 인터벌 개판난거 보니까 아닌거 같은데 100프로 깨지나 ㄷㄷ,0.0985698327422142,0.2304239422082901,0.31674307584762573,0.1394508183002472,0.10233722627162933,0.11247514933347702
2024-09-22 22:22:04,펭거루 ㅋㅋㅋㅋ,- dc official App,49,49.0,펭거루 ㅋㅋㅋㅋ - dc official App,펭거루 ㅋㅋㅋㅋ - dc official App,0.6943153142929077,0.11190176010131836,0.07881952822208405,0.05912322178483009,0.032410379499197006,0.023429790511727333
2024-09-22 22:22:05,차가 리카도 같다,ㅇ,49,49.0,차가 리카도 같다 ㅇ,차가 리카도 같다 ㅇ,0.42021679878234863,0.21159584820270538,0.21009330451488495,0.07118233293294907,0.030795305967330933,0.05611639842391014
2024-09-22 22:22:05,캥거루 ㅋㅋㅋㅋㅋ,,49,49.0,캥거루 ㅋㅋㅋㅋㅋ ,캥거루 ㅋㅋㅋㅋㅋ,0.6666918992996216,0.12883003056049347,0.08076151460409164,0.06086433678865433,0.03461916372179985,0.028233034536242485
2024-09-22 22:22:06,씨발 또 셒카 안뜨네 애미,,49,49.0,씨발 또 셒카 안뜨네 애미 ,씨발 또 셒카 안뜨네 애미,0.1459939032793045,0.228371262550354,0.10268280655145645,0.2696351706981659,0.2143237441778183,0.03899310901761055
2024-09-22 22:22:06,탈rb는 지능순,아이고,49,49.0,탈rb는 지능순 아이고,탈rb는 지능순 아이고,0.08468974381685257,0.2785376012325287,0.24450699985027313,0.15238632261753082,0.15366998314857483,0.08620928227901459
2024-09-22 22:22:07,캥거루 씹 ㅋㅋㅋ,,49,49.0,캥거루 씹 ㅋㅋㅋ ,캥거루 씹 ㅋㅋㅋ,0.36621251702308655,0.24017679691314697,0.1278567612171173,0.14469805359840393,0.06198122724890709,0.05907466262578964
2024-09-22 22:22:07,캥거루 ㅋㅋㅋㅋㅋ,ㅋ,49,49.0,캥거루 ㅋㅋㅋㅋㅋ ㅋ,캥거루 ㅋㅋㅋㅋㅋ ㅋ,0.6846769452095032,0.12060145288705826,0.0760876014828682,0.05845247581601143,0.0339779257774353,0.02620363049209118
2024-09-22 22:22:07,노리스는 오늘 2번이나 쳐박았지만 25초차이,차 성능이 말이 안됨,49,49.0,노리스는 오늘 2번이나 쳐박았지만 25초차이 차 성능이 말이 안됨,노리스는 오늘 2번이나 쳐박았지만 25초차이 차 성능이 말이 안됨,0.06985500454902649,0.26193419098854065,0.26028433442115784,0.17822504043579102,0.16047464311122894,0.06922678649425507
2024-09-22 22:22:08,캥거루 ㅅㅂㅋㅋㅋㅋ,ㅋㅋㅋㅋㅋ,49,49.0,캥거루 ㅅㅂㅋㅋㅋㅋ ㅋㅋㅋㅋㅋ,캥거루 ㅅㅂㅋㅋㅋㅋ ㅋㅋㅋㅋㅋ,0.4465925693511963,0.21114450693130493,0.10987074673175812,0.13302943110466003,0.05630144849419594,0.043061211705207825
2024-09-22 22:22:08,몽거루 ㅋㅋㅋㅋㅋㅋ,ㅋㅋㅋㅋㅋ,49,49.0,몽거루 ㅋㅋㅋㅋㅋㅋ ㅋㅋㅋㅋㅋ,몽거루 ㅋㅋㅋㅋㅋㅋ ㅋㅋㅋㅋㅋ,0.6869297027587891,0.11911565065383911,0.07433699071407318,0.0630209669470787,0.03309091925621033,0.023505799472332
2024-09-22 22:22:09,캥거루 차ㅋㅋㅋㅋㅋ,ㅋㅋㅋ,49,49.0,캥거루 차ㅋㅋㅋㅋㅋ ㅋㅋㅋ,캥거루 차ㅋㅋㅋㅋㅋ ㅋㅋㅋ,0.6937482953071594,0.11752549558877945,0.0729346051812172,0.05902773141860962,0.03232044726610184,0.024443408474326134
2024-09-22 22:22:08,캥거루입갤ㅋㅋㅋ,ㅋㅋㅋㅋ,49,49.0,캥거루입갤ㅋㅋㅋ ㅋㅋㅋㅋ,캥거루입갤ㅋㅋㅋ ㅋㅋㅋㅋ,0.6885789632797241,0.11555513739585876,0.07680712640285492,0.05890446528792381,0.03355961665511131,0.026594696566462517
2024-09-22 22:22:09,캥거루 ㅋㅋ,,49,49.0,캥거루 ㅋㅋ ,캥거루 ㅋㅋ,0.6786478161811829,0.12220151722431183,0.07864993065595627,0.05683721974492073,0.035345885902643204,0.028317652642726898
2024-09-22 22:22:09,르끌 너무빨리붙는제,,49,49.0,르끌 너무빨리붙는제 ,르끌 너무빨리붙는제,0.12698347866535187,0.3515865206718445,0.19820049405097961,0.13096292316913605,0.13207006454467773,0.06019644811749458
2024-09-22 22:22:11,캥거루 ㅋㅋㅋㅋㅋ,,49,49.0,캥거루 ㅋㅋㅋㅋㅋ ,캥거루 ㅋㅋㅋㅋㅋ,0.6666918992996216,0.12883003056049347,0.08076151460409164,0.06086433678865433,0.03461916372179985,0.028233034536242485
2024-09-22 22:22:12,르끌 페이스 뭐냐,1랩에 3초나 줄이네,49,49.0,르끌 페이스 뭐냐 1랩에 3초나 줄이네,르끌 페이스 뭐냐 1랩에 3초나 줄이네,0.10351715236902237,0.3063630759716034,0.1485130339860916,0.20945386588573456,0.188626229763031,0.043526697903871536
2024-09-22 22:22:12,야거루 ㅋㅋㅋㅋㅋ,,49,49.0,야거루 ㅋㅋㅋㅋㅋ ,야거루 ㅋㅋㅋㅋㅋ,0.6710481643676758,0.12375873327255249,0.08328194916248322,0.06448989361524582,0.03272289037704468,0.024698374792933464
2024-09-22 22:22:15,맥시코산 캥거루 ㅋㅋ,z,49,49.0,맥시코산 캥거루 ㅋㅋ z,맥시코산 캥거루 ㅋㅋ z,0.3838144540786743,0.24505074322223663,0.14556044340133667,0.1176985576748848,0.05516431853175163,0.05271143838763237
2024-09-22 22:22:15,진지하게 르끌이 러셀까지 따겟는데?,,49,49.0,진지하게 르끌이 러셀까지 따겟는데? ,진지하게 르끌이 러셀까지 따겟는데?,0.22225236892700195,0.21858935058116913,0.31944704055786133,0.09554187208414078,0.042307380586862564,0.10186199843883514
2024-09-22 22:22:14,세카 나오라고 씨발년아,,49,49.0,세카 나오라고 씨발년아 ,세카 나오라고 씨발년아,0.18088272213935852,0.17815285921096802,0.11675266921520233,0.32422277331352234,0.16240601241588593,0.0375828891992569
2024-09-22 22:22:16,쳉거루ㅋㅋㅋㅋ,- dc official App,49,49.0,쳉거루ㅋㅋㅋㅋ - dc official App,쳉거루ㅋㅋㅋㅋ - dc official App,0.6824011206626892,0.11391390860080719,0.08459993451833725,0.06303659826517105,0.03255041316151619,0.02349799871444702
2024-09-22 22:22:17,차가 리카도피아제같다,,49,49.0,차가 리카도피아제같다 ,차가 리카도피아제같다,0.1400630623102188,0.2536642849445343,0.3515968322753906,0.11263386905193329,0.0577419139444828,0.08430001884698868
2024-09-22 22:22:18,노리스 막랩에 박으면,갤 터지냐ㅋㅋ,49,49.0,노리스 막랩에 박으면 갤 터지냐ㅋㅋ,노리스 막랩에 박으면 갤 터지냐ㅋㅋ,0.23462896049022675,0.23994490504264832,0.25983184576034546,0.13625328242778778,0.05586300045251846,0.07347800582647324
2024-09-22 22:22:19,캥거루 입갤ㅋㅋㅋㅋ,ㅋㅋㅋ,49,49.0,캥거루 입갤ㅋㅋㅋㅋ ㅋㅋㅋ,캥거루 입갤ㅋㅋㅋㅋ ㅋㅋㅋ,0.6836321949958801,0.1173534169793129,0.0796729028224945,0.057835355401039124,0.03363040089607239,0.027875717729330063
2024-09-22 22:22:20,체코루 ㅋㅋㅋㅋㅋㅋㅋㅋㅋ,,49,49.0,체코루 ㅋㅋㅋㅋㅋㅋㅋㅋㅋ ,체코루 ㅋㅋㅋㅋㅋㅋㅋㅋㅋ,0.6731851100921631,0.11940586566925049,0.08175677806138992,0.06430144608020782,0.03543197736144066,0.02591886930167675
2024-09-22 22:22:22,캥거루 저거 세카 입갤 신호 아님?,혹시?,49,49.0,캥거루 저거 세카 입갤 신호 아님? 혹시?,캥거루 저거 세카 입갤 신호 아님? 혹시?,0.19151726365089417,0.21354824304580688,0.33987319469451904,0.09626886248588562,0.055916909128427505,0.10287552326917648
2024-09-22 22:22:25,애새끼급 어휘력ㅋㅋ,"캥거루 ㅋㅋ
- dc official App",49,49.0,"애새끼급 어휘력ㅋㅋ 캥거루 ㅋㅋ
- dc official App",애새끼급 어휘력ㅋㅋ 캥거루 ㅋㅋ,0.10070868581533432,0.2507143020629883,0.27735164761543274,0.18216444551944733,0.09027957916259766,0.0987812802195549
2024-09-22 22:22:25,체황 캥거루 세카 ㄱㄱ,너밖에 없다,49,49.0,체황 캥거루 세카 ㄱㄱ 너밖에 없다,체황 캥거루 세카 ㄱㄱ 너밖에 없다,0.6599990725517273,0.12100701034069061,0.06959201395511627,0.06046359986066818,0.0520133450627327,0.03692488744854927
2024-09-22 22:22:26,아임 바운씽 라이크어 캉가루,ㅋㅋㅋㄱㅋㄱ,49,49.0,아임 바운씽 라이크어 캉가루 ㅋㅋㅋㄱㅋㄱ,아임 바운씽 라이크어 캉가루 ㅋㅋㅋㄱㅋㄱ,0.6947094798088074,0.11140671372413635,0.07563740015029907,0.06324614584445953,0.032500430941581726,0.022499781101942062
2024-09-22 22:22:27,캥거리X병신 ㅋㅋㅋㅋㅋㅋㅋㅋ,ㅋㅋㅋㅋㅋㅋㅋㅋㅋㅋㅋㅇㅋㅋ,49,49.0,캥거리X병신 ㅋㅋㅋㅋㅋㅋㅋㅋ ㅋㅋㅋㅋㅋㅋㅋㅋㅋㅋㅋㅇㅋㅋ,캥거리X병신 ㅋㅋㅋㅋㅋㅋㅋㅋ ㅋㅋㅋㅋㅋㅋㅋㅋㅋㅋㅋㅇㅋㅋ,0.4665306806564331,0.2038252204656601,0.11714483052492142,0.12379231303930283,0.05281674861907959,0.035890258848667145
2024-09-22 22:22:27,캥거루ㅋㅋㅋㅅㅂ,- dc official App,49,49.0,캥거루ㅋㅋㅋㅅㅂ - dc official App,캥거루ㅋㅋㅋㅅㅂ - dc official App,0.22034962475299835,0.2319761961698532,0.14109031856060028,0.2543611228466034,0.09142235666513443,0.06080040708184242
2024-09-22 22:22:28,노리스 쥬지 샤라웃,쥬지행동,49,49.0,노리스 쥬지 샤라웃 쥬지행동,노리스 쥬지 샤라웃 쥬지행동,0.6449965238571167,0.1246049776673317,0.1005210131406784,0.06410305947065353,0.037428900599479675,0.028345437720417976
2024-09-22 22:22:29,오늘 명언들 많이 쏟아지노ㅋㅋㅋㅋㅋㅋㅋㅋㅋㅋㅋㅋㅋㅋㅋㅋㅋㅋㅋㅋ,"TMI 싸우나 캥거루ㅋㅋㅋㅋㅋㅋ
지랄들 ㅋㅋㅋㅋㅋ",49,49.0,"오늘 명언들 많이 쏟아지노ㅋㅋㅋㅋㅋㅋㅋㅋㅋㅋㅋㅋㅋㅋㅋㅋㅋㅋㅋㅋ TMI 싸우나 캥거루ㅋㅋㅋㅋㅋㅋ
지랄들 ㅋㅋㅋㅋㅋ",오늘 명언들 많이 쏟아지노ㅋㅋㅋㅋㅋㅋㅋㅋㅋㅋㅋㅋㅋㅋㅋㅋㅋㅋㅋㅋ TMI 싸우나 캥거루ㅋㅋㅋㅋㅋㅋ 지랄들 ㅋㅋㅋㅋㅋ,0.5280745029449463,0.17246268689632416,0.09434667229652405,0.1169922798871994,0.053043123334646225,0.035080686211586
2024-09-22 22:22:29,체코 리카도 레드불 콜업 암시 ㄷㄷ,라이크어캉가루,49,49.0,체코 리카도 레드불 콜업 암시 ㄷㄷ 라이크어캉가루,체코 리카도 레드불 콜업 암시 ㄷㄷ 라이크어캉가루,0.17559891939163208,0.1925637423992157,0.3507048487663269,0.11676302552223206,0.05792776122689247,0.10644175857305527
2024-09-22 22:22:30,누리스 시바 존나 불안하노 ㅋㅋㅋ 혼자 쳐박을거 같다 ㅋㅋㅋ,,49,49.0,누리스 시바 존나 불안하노 ㅋㅋㅋ 혼자 쳐박을거 같다 ㅋㅋㅋ ,누리스 시바 존나 불안하노 ㅋㅋㅋ 혼자 쳐박을거 같다 ㅋㅋㅋ,0.12351527810096741,0.25765350461006165,0.2577818036079407,0.13509483635425568,0.10044698417186737,0.12550754845142365
2024-09-22 22:22:30,뭐야 리카도 리타 안하네,,49,49.0,뭐야 리카도 리타 안하네 ,뭐야 리카도 리타 안하네,0.11517509818077087,0.32173776626586914,0.2386116087436676,0.14652933180332184,0.1169605627655983,0.06098567694425583
2024-09-22 22:22:36,카도 금단의 소미소,,49,49.0,카도 금단의 소미소 ,카도 금단의 소미소,0.3295251727104187,0.28827983140945435,0.1443355679512024,0.09363450855016708,0.08193828165531158,0.06228674575686455
2024-09-22 22:22:41,지금 쎕카 나오는게 무슨의미냐,에라이,49,49.0,지금 쎕카 나오는게 무슨의미냐 에라이,지금 쎕카 나오는게 무슨의미냐 에라이,0.08930432796478271,0.2856309115886688,0.1525934338569641,0.2393978387117386,0.18775008618831635,0.04532340541481972
2024-09-22 22:22:43,노리스 패랩,,49,49.0,노리스 패랩 ,노리스 패랩,0.390135258436203,0.2027672827243805,0.2160923182964325,0.09980684518814087,0.05459005385637283,0.036608193069696426
2024-09-22 22:22:43,르끌 ㅈㄴ빨리 붙는거 보니 초반 하스 애마 너무아쉽네,"ㅇ
- dc official App",49,49.0,"르끌 ㅈㄴ빨리 붙는거 보니 초반 하스 애마 너무아쉽네 ㅇ
- dc official App",르끌 ㅈㄴ빨리 붙는거 보니 초반 하스 애마 너무아쉽네 ㅇ,0.15436436235904694,0.3239624500274658,0.1601262390613556,0.1357770711183548,0.17123687267303467,0.054532989859580994
2024-09-22 22:22:43,34.9는 씨발,,49,49.0,34.9는 씨발 ,34.9는 씨발,0.1188470870256424,0.17826081812381744,0.13256123661994934,0.3276521861553192,0.20283402502536774,0.03984459117054939
2024-09-22 22:22:47,4랩동안 피아제 1초도 못좁히네ㅋㅋㅋ,"못따라간다ㅋㅋ
- dc official App",49,49.0,"4랩동안 피아제 1초도 못좁히네ㅋㅋㅋ 못따라간다ㅋㅋ
- dc official App",4랩동안 피아제 1초도 못좁히네ㅋㅋㅋ 못따라간다ㅋㅋ,0.10468655824661255,0.23067159950733185,0.30437546968460083,0.16001848876476288,0.06760010868310928,0.1326477825641632
2024-09-22 22:22:49,피아스트리는 막스 쫓는거 포기한듯,18초 차이를 계속 유지만 하는중,49,49.0,피아스트리는 막스 쫓는거 포기한듯 18초 차이를 계속 유지만 하는중,피아스트리는 막스 쫓는거 포기한듯 18초 차이를 계속 유지만 하는중,0.09761982411146164,0.32087576389312744,0.27407318353652954,0.11843311786651611,0.09813617914915085,0.09086187928915024
2024-09-22 22:22:51,누리스 기습패랩 머여 ㄷ,"ㄷ
- dc official App",49,49.0,"누리스 기습패랩 머여 ㄷ ㄷ
- dc official App",누리스 기습패랩 머여 ㄷ ㄷ,0.12819646298885345,0.21198464930057526,0.3461834788322449,0.1354994922876358,0.06804092973470688,0.11009500175714493
2024-09-22 22:22:52,이딴서킷에서 셒카도 안나오면 뭘보라는거냐,셒카 발동 확률 100% 이름값하라고,49,49.0,이딴서킷에서 셒카도 안나오면 뭘보라는거냐 셒카 발동 확률 100% 이름값하라고,이딴서킷에서 셒카도 안나오면 뭘보라는거냐 셒카 발동 확률 100% 이름값하라고,0.09082398563623428,0.2750568389892578,0.13378572463989258,0.23173579573631287,0.2257249504327774,0.04287270829081535
2024-09-22 22:22:53,34.9 ㅅㅂㅋㅋㅋ,- dc official App,49,49.0,34.9 ㅅㅂㅋㅋㅋ - dc official App,34.9 ㅅㅂㅋㅋㅋ - dc official App,0.12018720805644989,0.21948681771755219,0.1700693964958191,0.2801102101802826,0.13960134983062744,0.0705450102686882
2024-09-22 22:22:52,패랩시발 ㅋㅋㅋㅋㅋㅋㅋ,,49,49.0,패랩시발 ㅋㅋㅋㅋㅋㅋㅋ ,패랩시발 ㅋㅋㅋㅋㅋㅋㅋ,0.14309659600257874,0.24469739198684692,0.14245204627513885,0.2784166932106018,0.12976595759391785,0.06157131865620613
2024-09-22 22:22:53,정신차리고 패랩ㅋㅋㅋㅋ,ㅅㅂ,49,49.0,정신차리고 패랩ㅋㅋㅋㅋ ㅅㅂ,정신차리고 패랩ㅋㅋㅋㅋ ㅅㅂ,0.12487959116697311,0.20615266263484955,0.1317490190267563,0.32477572560310364,0.16144506633281708,0.050997983664274216
2024-09-22 22:22:54,34.9?,무슨,49,49.0,34.9? 무슨,34.9? 무슨,0.0999053493142128,0.20459391176700592,0.30845633149147034,0.17853647470474243,0.11714599281549454,0.09136197715997696
2024-09-22 22:22:54,LAP 49/62 YELLOW FLAG..,- dc official App,49,49.0,LAP 49/62 YELLOW FLAG.. - dc official App,LAP 49/62 YELLOW FLAG.. - dc official App,0.3885965943336487,0.20190073549747467,0.21847738325595856,0.09816394001245499,0.054217882454395294,0.03864344209432602
2024-09-22 22:22:54,페레즈 셒카 입갤시키면 뒤진다,- dc official App,49,49.0,페레즈 셒카 입갤시키면 뒤진다 - dc official App,페레즈 셒카 입갤시키면 뒤진다 - dc official App,0.1930973082780838,0.1938566416501999,0.2564142048358917,0.182764932513237,0.09435924142599106,0.0795077234506607
2024-09-22 22:22:57,기습패랩,ㄷㄷ,49,49.0,기습패랩 ㄷㄷ,기습패랩 ㄷㄷ,0.15935398638248444,0.20292721688747406,0.34709739685058594,0.12505319714546204,0.05690993741154671,0.10865826159715652
2024-09-22 22:23:00,짱리스 34초 ㄷㄷㄷ,니가 짱이야,49,49.0,짱리스 34초 ㄷㄷㄷ 니가 짱이야,짱리스 34초 ㄷㄷㄷ 니가 짱이야,0.6781567931175232,0.12579599022865295,0.07320570200681686,0.04920623078942299,0.039781514555215836,0.03385376185178757
2024-09-22 22:23:01,노리스 막스 행동중ㅋㅋㅋ,- dc official App,49,49.0,노리스 막스 행동중ㅋㅋㅋ - dc official App,노리스 막스 행동중ㅋㅋㅋ - dc official App,0.6481303572654724,0.12252029031515121,0.10065355151891708,0.06774620711803436,0.03495355695486069,0.025996044278144836
2024-09-22 22:23:03,프론트 리어 긁고 보라색 ㅅㅂ아 ㅋㅋ,ㅋㅋ,49,49.0,프론트 리어 긁고 보라색 ㅅㅂ아 ㅋㅋ ㅋㅋ,프론트 리어 긁고 보라색 ㅅㅂ아 ㅋㅋ ㅋㅋ,0.19004619121551514,0.2605394423007965,0.1330365538597107,0.2459748387336731,0.10933131724596024,0.061071690171957016
2024-09-22 22:23:06,34.9 ㅋㅋㅋㅋㅋ,,49,49.0,34.9 ㅋㅋㅋㅋㅋ ,34.9 ㅋㅋㅋㅋㅋ,0.12712857127189636,0.24295289814472198,0.27609995007514954,0.1711319237947464,0.08098787069320679,0.1016988679766655
2024-09-22 22:23:08,싱가폴에서 sc가 안뜨네..?,"'
???",49,49.0,"싱가폴에서 sc가 안뜨네..? '
???",싱가폴에서 sc가 안뜨네..? ' ???,0.11163730174303055,0.29611659049987793,0.24820072948932648,0.132337287068367,0.129322811961174,0.08238527923822403
2024-09-22 22:23:09,아 누가 내도 되니까 빨리 세카좀,헐크 빼고,49,49.0,아 누가 내도 되니까 빨리 세카좀 헐크 빼고,아 누가 내도 되니까 빨리 세카좀 헐크 빼고,0.1737421154975891,0.2642832100391388,0.10456416010856628,0.22372771799564362,0.17545092105865479,0.05823192372918129
2024-09-22 22:23:13,맥라렌 뒤지게 빠르네ㅋㅋ,,49,49.0,맥라렌 뒤지게 빠르네ㅋㅋ ,맥라렌 뒤지게 빠르네ㅋㅋ,0.12663045525550842,0.20285139977931976,0.32563406229019165,0.16064155101776123,0.060207415372133255,0.12403512746095657
2024-09-22 22:23:15,맥라렌 차 미친거 아니냐,이게 말이되냐,49,49.0,맥라렌 차 미친거 아니냐 이게 말이되냐,맥라렌 차 미친거 아니냐 이게 말이되냐,0.10351303219795227,0.21177491545677185,0.23143528401851654,0.2110338658094406,0.16327688097953796,0.07896604388952255
2024-09-22 22:23:19,노리스 이새끼 자다가 박은듯ㅇㅇ,- dc official App,49,49.0,노리스 이새끼 자다가 박은듯ㅇㅇ - dc official App,노리스 이새끼 자다가 박은듯ㅇㅇ - dc official App,0.12852180004119873,0.17762666940689087,0.3118097484111786,0.19113682210445404,0.08286497741937637,0.1080399826169014
2024-09-22 22:23:20,셒카나오라고 개새끼야,,49,49.0,셒카나오라고 개새끼야 ,셒카나오라고 개새끼야,0.18092069029808044,0.16711246967315674,0.12613318860530853,0.324969083070755,0.15442273020744324,0.04644184187054634
2024-09-22 22:23:22,세카 언제 나와?,- dc official App,49,49.0,세카 언제 나와? - dc official App,세카 언제 나와? - dc official App,0.468485563993454,0.20156127214431763,0.17024846374988556,0.07150925695896149,0.04650067165493965,0.041694749146699905
2024-09-22 22:23:23,알론소 기차놀이ㅋㅋㅋㅋ,- dc official App,49,49.0,알론소 기차놀이ㅋㅋㅋㅋ - dc official App,알론소 기차놀이ㅋㅋㅋㅋ - dc official App,0.6529572606086731,0.12469515204429626,0.09864772856235504,0.06690207123756409,0.030726520344614983,0.026071229949593544
2024-09-22 22:23:24,캥거루 처럼 통통 튀는 차를 타도,"2위를 해버리는구나
- dc official App",49,49.0,"캥거루 처럼 통통 튀는 차를 타도 2위를 해버리는구나
- dc official App",캥거루 처럼 통통 튀는 차를 타도 2위를 해버리는구나,0.18006636202335358,0.22979755699634552,0.3245181441307068,0.10215424746274948,0.049440618604421616,0.11402306705713272
2024-09-22 22:23:30,알론소 트레인 출격 ㅋㅋㅋ,,50,50.0,알론소 트레인 출격 ㅋㅋㅋ ,알론소 트레인 출격 ㅋㅋㅋ,0.7093009352684021,0.10763561725616455,0.06883945316076279,0.05662096291780472,0.03345146030187607,0.024151477962732315
2024-09-22 22:23:31,그랜드슬램 욕심내다 긁었노 ㅋㅋㅋ,ㅋㅋㅋㅋㅋㅋ,50,50.0,그랜드슬램 욕심내다 긁었노 ㅋㅋㅋ ㅋㅋㅋㅋㅋㅋ,그랜드슬램 욕심내다 긁었노 ㅋㅋㅋ ㅋㅋㅋㅋㅋㅋ,0.1987546682357788,0.3847021758556366,0.14660200476646423,0.11633250117301941,0.07703704386949539,0.07657167315483093
2024-09-22 22:23:31,부딪치고 패랩ㅋㅋㅋ,ㅋㅋ,50,50.0,부딪치고 패랩ㅋㅋㅋ ㅋㅋ,부딪치고 패랩ㅋㅋㅋ ㅋㅋ,0.6087847948074341,0.14688348770141602,0.1086307242512703,0.0701143890619278,0.0349288284778595,0.03065767139196396
2024-09-22 22:23:32,아니시발세카왜안뜸,좀박아라,50,50.0,아니시발세카왜안뜸 좀박아라,아니시발세카왜안뜸 좀박아라,0.17062430083751678,0.21900755167007446,0.09523414075374603,0.2962934672832489,0.18317346274852753,0.03566708415746689
2024-09-22 22:23:33,보뮬러원 입갤 ㅋㅋ,,50,50.0,보뮬러원 입갤 ㅋㅋ ,보뮬러원 입갤 ㅋㅋ,0.6754681468009949,0.11253368109464645,0.0849190503358841,0.0639423057436943,0.03469255566596985,0.02844425104558468
2024-09-22 22:23:33,르끌이 해밀턴 빨리 따고 그이후 바로 세카제발용,"ㅇㅇ
- dc official App",50,50.0,"르끌이 해밀턴 빨리 따고 그이후 바로 세카제발용 ㅇㅇ
- dc official App",르끌이 해밀턴 빨리 따고 그이후 바로 세카제발용 ㅇㅇ,0.5688076019287109,0.15579022467136383,0.10789553821086884,0.07102058827877045,0.05139961466193199,0.04508642852306366
2024-09-22 22:23:38,리아블락 입갤 ㅋㅋㅋ,,50,50.0,리아블락 입갤 ㅋㅋㅋ ,리아블락 입갤 ㅋㅋㅋ,0.6964097619056702,0.10802371799945831,0.07952583581209183,0.05600307509303093,0.03288273513317108,0.027154920622706413
2024-09-22 22:23:40,무리스 패랩하고싶어서ㅋㅋㅋㅋ,"ㅋ
- dc official App",50,50.0,"무리스 패랩하고싶어서ㅋㅋㅋㅋ ㅋ
- dc official App",무리스 패랩하고싶어서ㅋㅋㅋㅋ ㅋ,0.6037580966949463,0.15265853703022003,0.10053762048482895,0.07418587058782578,0.0366106815636158,0.03224921226501465
2024-09-22 22:23:40,알론소 트레인 입갤이냐?,,50,50.0,알론소 트레인 입갤이냐? ,알론소 트레인 입갤이냐?,0.3286067247390747,0.2134203165769577,0.26419565081596375,0.079963818192482,0.042851515114307404,0.07096187770366669
2024-09-22 22:23:41,케이막 머 좀 해보라고,"너
벌점
0
점이잖아",50,50.0,"케이막 머 좀 해보라고 너
벌점
0
점이잖아",케이막 머 좀 해보라고 너 벌점 0 점이잖아,0.1156170666217804,0.2637566328048706,0.2333371788263321,0.12087901681661606,0.1516200602054596,0.11479007452726364
2024-09-22 22:23:41,켄 블락 딸,,50,50.0,켄 블락 딸 ,켄 블락 딸,0.48696810007095337,0.18679918348789215,0.1695060282945633,0.08117404580116272,0.04171678051352501,0.0338360071182251
2024-09-22 22:23:41,26초차면 휠락나서 트랙 벗어나도 1등일듯,ㄹㅇ,50,50.0,26초차면 휠락나서 트랙 벗어나도 1등일듯 ㄹㅇ,26초차면 휠락나서 트랙 벗어나도 1등일듯 ㄹㅇ,0.34797564148902893,0.21573835611343384,0.23802314698696136,0.076758973300457,0.03528492525219917,0.08621896058320999
2024-09-22 22:23:41,맥라렌은 뭔 차를 만든거냐 시발 ㅋㅋㅋㅋ,저 지랄하고 패랩이 찍힌다고?,50,50.0,맥라렌은 뭔 차를 만든거냐 시발 ㅋㅋㅋㅋ 저 지랄하고 패랩이 찍힌다고?,맥라렌은 뭔 차를 만든거냐 시발 ㅋㅋㅋㅋ 저 지랄하고 패랩이 찍힌다고?,0.0861729308962822,0.19863124191761017,0.2652330994606018,0.22266264259815216,0.13564029335975647,0.09165974706411362
2024-09-22 22:23:42,설마 체황 콜라한테 따이냐,ㅋㅋㅋㅋ,50,50.0,설마 체황 콜라한테 따이냐 ㅋㅋㅋㅋ,설마 체황 콜라한테 따이냐 ㅋㅋㅋㅋ,0.10632102936506271,0.217774897813797,0.33679595589637756,0.13953827321529388,0.06360971182584763,0.13596011698246002
2024-09-22 22:23:44,누나ㅏㅏㅏ,눈나,50,50.0,누나ㅏㅏㅏ 눈나,누나ㅏㅏㅏ 눈나,0.6522944569587708,0.13065941631793976,0.07997297495603561,0.06107774376869202,0.043598487973213196,0.03239693120121956
2024-09-22 22:23:48,노리스 한 55랩쯤에 한번 더 핏스탑 해도 되겠네 ㅋㅋ,소프트로 갈고 패랩 도전 하겠지?,50,50.0,노리스 한 55랩쯤에 한번 더 핏스탑 해도 되겠네 ㅋㅋ 소프트로 갈고 패랩 도전 하겠지?,노리스 한 55랩쯤에 한번 더 핏스탑 해도 되겠네 ㅋㅋ 소프트로 갈고 패랩 도전 하겠지?,0.4052557051181793,0.19838565587997437,0.18807145953178406,0.09228788316249847,0.05356907844543457,0.06243022903800011
2024-09-22 22:23:51,블록 눈나ㄷㄷㄷㄷㄷㄷㄷㄷㄷㄷ,이뻐,50,50.0,블록 눈나ㄷㄷㄷㄷㄷㄷㄷㄷㄷㄷ 이뻐,블록 눈나ㄷㄷㄷㄷㄷㄷㄷㄷㄷㄷ 이뻐,0.5629608631134033,0.16490374505519867,0.11285044997930527,0.07071452587842941,0.04397118091583252,0.044599223881959915
2024-09-22 22:23:51,셒카 나와도 몽만 피아제한테 따일듯,- dc official App,50,50.0,셒카 나와도 몽만 피아제한테 따일듯 - dc official App,셒카 나와도 몽만 피아제한테 따일듯 - dc official App,0.0941772609949112,0.23775213956832886,0.3441505432128906,0.11795271933078766,0.10583687573671341,0.10013048350811005
2024-09-22 22:23:52,레이싱주머니 ㄷㄷ,,50,50.0,레이싱주머니 ㄷㄷ ,레이싱주머니 ㄷㄷ,0.2169530838727951,0.2079997956752777,0.3331614136695862,0.10467957705259323,0.043054964393377304,0.09415120631456375
2024-09-22 22:23:53,이렇게 지루한건 오랜만이노 ㅋㅋㅋ,,50,50.0,이렇게 지루한건 오랜만이노 ㅋㅋㅋ ,이렇게 지루한건 오랜만이노 ㅋㅋㅋ,0.13028883934020996,0.3142778277397156,0.16774575412273407,0.1680099368095398,0.15642480552196503,0.063252754509449
2024-09-22 22:23:55,싱가폴 내년 직관 가려고 했는데 안가도 되겠다,ㅈㄴ 재미없고 덥고 ㅡㅡ 왜감,50,50.0,싱가폴 내년 직관 가려고 했는데 안가도 되겠다 ㅈㄴ 재미없고 덥고 ㅡㅡ 왜감,싱가폴 내년 직관 가려고 했는데 안가도 되겠다 ㅈㄴ 재미없고 덥고 ㅡㅡ 왜감,0.1043943464756012,0.3100891411304474,0.13898572325706482,0.19687722623348236,0.1966683566570282,0.05298518016934395
2024-09-22 22:23:57,켕글록 캥거루 ㅋㅋ,"라임은 역시 케황 ㅋㅋ
- dc official App",50,50.0,"켕글록 캥거루 ㅋㅋ 라임은 역시 케황 ㅋㅋ
- dc official App",켕글록 캥거루 ㅋㅋ 라임은 역시 케황 ㅋㅋ,0.7094148397445679,0.11422070860862732,0.06539679318666458,0.05305095016956329,0.03311166912317276,0.024804942309856415
2024-09-22 22:23:59,누구냐 왜케 이쁨?,,50,50.0,누구냐 왜케 이쁨? ,누구냐 왜케 이쁨?,0.444515198469162,0.19434280693531036,0.17958836257457733,0.07708229124546051,0.039981551468372345,0.06448982656002045
2024-09-22 22:24:02,레이스 종료 ) 리카도 레드불 콜업 체코 방출,각,50,50.0,레이스 종료 ) 리카도 레드불 콜업 체코 방출 각,레이스 종료 ) 리카도 레드불 콜업 체코 방출 각,0.2643370032310486,0.24080495536327362,0.26982179284095764,0.10446559637784958,0.0655931606888771,0.054977525025606155
2024-09-22 22:24:03,한잔해 ㅋㅋㅋㅋㅋㅋㅋㅋ,,50,50.0,한잔해 ㅋㅋㅋㅋㅋㅋㅋㅋ ,한잔해 ㅋㅋㅋㅋㅋㅋㅋㅋ,0.6923723816871643,0.11605165153741837,0.07032287120819092,0.057524409145116806,0.03681783378124237,0.026910845190286636
2024-09-22 22:24:03,아 블락아저씨 따님분이구나,,50,50.0,아 블락아저씨 따님분이구나 ,아 블락아저씨 따님분이구나,0.4072597324848175,0.2190302610397339,0.1995442658662796,0.06734005361795425,0.039901599287986755,0.0669240802526474
2024-09-22 22:24:04,정신차려 입갤ㅋㅋㅋ,ㅋㅋㅋ,50,50.0,정신차려 입갤ㅋㅋㅋ ㅋㅋㅋ,정신차려 입갤ㅋㅋㅋ ㅋㅋㅋ,0.5741531848907471,0.16086755692958832,0.09238623082637787,0.07925619184970856,0.053582075983285904,0.0397547110915184
2024-09-22 22:24:04,보뮬러원을 왜보여주노 시발아 할랬는데 캔블락 딸이노;;,,50,50.0,보뮬러원을 왜보여주노 시발아 할랬는데 캔블락 딸이노;; ,보뮬러원을 왜보여주노 시발아 할랬는데 캔블락 딸이노;;,0.10822874307632446,0.2899021804332733,0.11502700299024582,0.250885009765625,0.1824335753917694,0.053523577749729156
2024-09-22 22:24:07,츠노다 소프트 끝난거지?,어휴,50,50.0,츠노다 소프트 끝난거지? 어휴,츠노다 소프트 끝난거지? 어휴,0.08302760124206543,0.3303254544734955,0.19260883331298828,0.1355331838130951,0.18077486753463745,0.07773008942604065
2024-09-22 22:24:08,집중하고 한잔해~,,50,50.0,집중하고 한잔해~ ,집중하고 한잔해~,0.6329196095466614,0.13867607712745667,0.08829052746295929,0.059864308685064316,0.04354020953178406,0.03670933097600937
2024-09-22 22:24:09,누구임????,허어,50,50.0,누구임???? 허어,누구임???? 허어,0.1525314748287201,0.21788811683654785,0.33828869462013245,0.11738518625497818,0.058186162263154984,0.11572044342756271
2024-09-22 22:24:10,캔블락햄 그립습니다,왜 그리 일찍 가셨나요,50,50.0,캔블락햄 그립습니다 왜 그리 일찍 가셨나요,캔블락햄 그립습니다 왜 그리 일찍 가셨나요,0.19104304909706116,0.2500621974468231,0.1612177938222885,0.1360432505607605,0.18856193125247955,0.07307177782058716
2024-09-22 22:24:14,ㅋㅋㅋ 물마시면서 해~,"ㅋㅋ
- dc official App",50,50.0,"ㅋㅋㅋ 물마시면서 해~ ㅋㅋ
- dc official App",ㅋㅋㅋ 물마시면서 해~ ㅋㅋ,0.6870063543319702,0.11810296028852463,0.07009143382310867,0.05701998993754387,0.03766157478094101,0.03011765144765377
2024-09-22 22:24:17,르끌 가보자,,50,50.0,르끌 가보자 ,르끌 가보자,0.5876758694648743,0.1575726717710495,0.10948506742715836,0.06293187290430069,0.047020457684993744,0.035314012318849564
2024-09-22 22:24:19,1초대 입갤ㅋㅋㅋㅋ,- dc official App,50,50.0,1초대 입갤ㅋㅋㅋㅋ - dc official App,1초대 입갤ㅋㅋㅋㅋ - dc official App,0.6722157597541809,0.1167038306593895,0.08689047396183014,0.06259333342313766,0.03371318429708481,0.027883419767022133
2024-09-22 22:24:21,르끌 1점대 입갤 ㅋㅋㅋㅋ,- dc official App,50,50.0,르끌 1점대 입갤 ㅋㅋㅋㅋ - dc official App,르끌 1점대 입갤 ㅋㅋㅋㅋ - dc official App,0.355585515499115,0.24972979724407196,0.14698180556297302,0.12543736398220062,0.0660616084933281,0.05620385333895683
2024-09-22 22:24:27,한잔해ㅋㅋㅋ,ㅋㅋㅋ,50,50.0,한잔해ㅋㅋㅋ ㅋㅋㅋ,한잔해ㅋㅋㅋ ㅋㅋㅋ,0.6889855861663818,0.11705474555492401,0.07237394899129868,0.057578396052122116,0.0367177315056324,0.0272894948720932
2024-09-22 22:24:29,무슨 보육원이냐,"징징거리는거 받아줘
물 마시라고 알려줘 ㅋㅋㅋ
- dc official App",50,50.0,"무슨 보육원이냐 징징거리는거 받아줘
물 마시라고 알려줘 ㅋㅋㅋ
- dc official App",무슨 보육원이냐 징징거리는거 받아줘 물 마시라고 알려줘 ㅋㅋㅋ,0.1420978456735611,0.2593875825405121,0.16487844288349152,0.22485405206680298,0.1202576532959938,0.08852437883615494
2024-09-22 22:24:30,리아블락 그래도 잘지내나보네,,50,50.0,리아블락 그래도 잘지내나보네 ,리아블락 그래도 잘지내나보네,0.4285241961479187,0.20796704292297363,0.16403405368328094,0.0673704668879509,0.058620572090148926,0.07348358631134033
2024-09-22 22:24:32,황끌레존나빠르넼ㅋㅋㅋ,ㅋㅋㅋㅋ,50,50.0,황끌레존나빠르넼ㅋㅋㅋ ㅋㅋㅋㅋ,황끌레존나빠르넼ㅋㅋㅋ ㅋㅋㅋㅋ,0.5266841053962708,0.16964735090732574,0.1573524922132492,0.07318827509880066,0.03109612874686718,0.0420316644012928
2024-09-22 22:24:33,^26^ ㅋㅋㅋㅋ,,50,50.0,^26^ ㅋㅋㅋㅋ ,^26^ ㅋㅋㅋㅋ,0.7022058963775635,0.11466308683156967,0.06630139797925949,0.05897771567106247,0.03471917286515236,0.0231326874345541
2024-09-22 22:24:38,운전하다 재채기 마려우면 어떡함?,,50,50.0,운전하다 재채기 마려우면 어떡함? ,운전하다 재채기 마려우면 어떡함?,0.1101909950375557,0.23133273422718048,0.3071478307247162,0.1308102309703827,0.09299664199352264,0.1275216042995453
2024-09-22 22:24:39,랩당 2.5초 ㅆㅂㅋㅋㅋ,,50,50.0,랩당 2.5초 ㅆㅂㅋㅋㅋ ,랩당 2.5초 ㅆㅂㅋㅋㅋ,0.17703677713871002,0.303957462310791,0.1771351397037506,0.17849057912826538,0.08355789631605148,0.07982209324836731
2024-09-22 22:24:42,체황 붙는다,"0.5초갭 입갤
- dc official App",50,50.0,"체황 붙는다 0.5초갭 입갤
- dc official App",체황 붙는다 0.5초갭 입갤,0.3882963955402374,0.21462249755859375,0.20405545830726624,0.08940459787845612,0.05124605819582939,0.05237504094839096
2024-09-22 22:24:46,2.5는 뭐야ㅋㅋ,,50,50.0,2.5는 뭐야ㅋㅋ ,2.5는 뭐야ㅋㅋ,0.11979891359806061,0.2787676453590393,0.2629595994949341,0.167011559009552,0.0970684140920639,0.07439383864402771
2024-09-22 22:24:53,르끌 하이바 존나 빤딱빤딱하네,나이트레이스여서 그런지 예쁘노,50,50.0,르끌 하이바 존나 빤딱빤딱하네 나이트레이스여서 그런지 예쁘노,르끌 하이바 존나 빤딱빤딱하네 나이트레이스여서 그런지 예쁘노,0.44169044494628906,0.20390579104423523,0.1716439127922058,0.08011143654584885,0.040324997156858444,0.06232345104217529
2024-09-22 22:25:00,피아스트리 랩당 1.5초만 줄이면 막랩쯤 개꿀잼 배틀,두과자,50,50.0,피아스트리 랩당 1.5초만 줄이면 막랩쯤 개꿀잼 배틀 두과자,피아스트리 랩당 1.5초만 줄이면 막랩쯤 개꿀잼 배틀 두과자,0.6888154149055481,0.11598358303308487,0.07541597634553909,0.059650760143995285,0.03466864302754402,0.025465674698352814
2024-09-22 22:25:01,걍 안전문제로 내년부터 싱가포르 폐지하자,ㅇㅇ,50,50.0,걍 안전문제로 내년부터 싱가포르 폐지하자 ㅇㅇ,걍 안전문제로 내년부터 싱가포르 폐지하자 ㅇㅇ,0.09178996831178665,0.27777448296546936,0.2547110915184021,0.12063705921173096,0.16761313378810883,0.0874742940068245
2024-09-22 22:25:08,경기 막바지에 붙는다더니 50렙에 붙네 ㅅㅅㅅㅅ,"ㅅㅅ
- dc official App",51,51.0,"경기 막바지에 붙는다더니 50렙에 붙네 ㅅㅅㅅㅅ ㅅㅅ
- dc official App",경기 막바지에 붙는다더니 50렙에 붙네 ㅅㅅㅅㅅ ㅅㅅ,0.7042487263679504,0.11614295840263367,0.06447888910770416,0.05421152710914612,0.036330562084913254,0.02458728291094303
2024-09-22 22:25:10,DRS ON,,51,51.0,DRS ON ,DRS ON,0.588596761226654,0.13715025782585144,0.12717168033123016,0.07570911198854446,0.040932975709438324,0.03043922781944275
2024-09-22 22:25:09,러셀까지 가능하냐ㅋㅋ,,51,51.0,러셀까지 가능하냐ㅋㅋ ,러셀까지 가능하냐ㅋㅋ,0.33210289478302,0.23298271000385284,0.2372642606496811,0.08029380440711975,0.03826189786195755,0.07909446209669113
2024-09-22 22:25:11,씨발 콕핏 온도 5~~60도면 타죽기 직전 아니냐ㅋㅋㅋㅋㅋㅋㅋㅋㅋㅋㅋ,저 상태에서 1시간 반을 어떻게 운전하냐ㅋㅋㅋㅋㅋ,51,51.0,씨발 콕핏 온도 5~~60도면 타죽기 직전 아니냐ㅋㅋㅋㅋㅋㅋㅋㅋㅋㅋㅋ 저 상태에서 1시간 반을 어떻게 운전하냐ㅋㅋㅋㅋㅋ,씨발 콕핏 온도 5~~60도면 타죽기 직전 아니냐ㅋㅋㅋㅋㅋㅋㅋㅋㅋㅋㅋ 저 상태에서 1시간 반을 어떻게 운전하냐ㅋㅋㅋㅋㅋ,0.10913944244384766,0.2050035297870636,0.25378936529159546,0.1957574486732483,0.10943938791751862,0.12687087059020996
2024-09-22 22:25:15,르끌 잘달리는데 아쉽다.,하스 없었음 진작 달렸겠네,51,51.0,르끌 잘달리는데 아쉽다. 하스 없었음 진작 달렸겠네,르끌 잘달리는데 아쉽다. 하스 없었음 진작 달렸겠네,0.17115336656570435,0.3250540494918823,0.15753164887428284,0.11870609223842621,0.1702575832605362,0.05729729309678078
2024-09-22 22:25:16,캔 블락 그립읍니다 ..,,51,51.0,캔 블락 그립읍니다 .. ,캔 블락 그립읍니다 ..,0.2241397202014923,0.2651706635951996,0.144236758351326,0.1437525898218155,0.16219498217105865,0.06050528958439827
2024-09-22 22:25:17,뭔가 사인지 타이어 사망할거같은데,도박 실패 각?,51,51.0,뭔가 사인지 타이어 사망할거같은데 도박 실패 각?,뭔가 사인지 타이어 사망할거같은데 도박 실패 각?,0.10922509431838989,0.23054631054401398,0.3274088203907013,0.1179504469037056,0.10646504908800125,0.10840432345867157
2024-09-22 22:25:16,화면 왜갑자기바뀜 ㅋㅋ,,51,51.0,화면 왜갑자기바뀜 ㅋㅋ ,화면 왜갑자기바뀜 ㅋㅋ,0.16833287477493286,0.3214704394340515,0.22525611519813538,0.1350659430027008,0.08334074914455414,0.0665339007973671
2024-09-22 22:25:18,아 피아제 막스 못 딸듯?,쉬이 안 좁혀지네,51,51.0,아 피아제 막스 못 딸듯? 쉬이 안 좁혀지네,아 피아제 막스 못 딸듯? 쉬이 안 좁혀지네,0.07747940719127655,0.29363685846328735,0.25518959760665894,0.1250583827495575,0.16607052087783813,0.08256518840789795
2024-09-22 22:25:19,드라이버들 얼음조끼 입지 않냐?,에어콘 달아줘도 방염복이라 노상관 아님?,51,51.0,드라이버들 얼음조끼 입지 않냐? 에어콘 달아줘도 방염복이라 노상관 아님?,드라이버들 얼음조끼 입지 않냐? 에어콘 달아줘도 방염복이라 노상관 아님?,0.18237005174160004,0.22350692749023438,0.32407063245773315,0.10411059856414795,0.07279551029205322,0.09314629435539246
2024-09-22 22:25:20,르끌 오늘 미쳤노ㅋㅋㅋㅋ,ㅋㅋㅋㅋㅋ,51,51.0,르끌 오늘 미쳤노ㅋㅋㅋㅋ ㅋㅋㅋㅋㅋ,르끌 오늘 미쳤노ㅋㅋㅋㅋ ㅋㅋㅋㅋㅋ,0.6248701214790344,0.14547111093997955,0.08819375187158585,0.07028593122959137,0.04018585383892059,0.03099321387708187
2024-09-22 22:25:22,ㄹㅇ 간격 넓은 모나코네,ㅋㅋㅋㅋㅋㅋㅋㅋㅋㅋㅋㅋㅋㅋㅋㅋ,51,51.0,ㄹㅇ 간격 넓은 모나코네 ㅋㅋㅋㅋㅋㅋㅋㅋㅋㅋㅋㅋㅋㅋㅋㅋ,ㄹㅇ 간격 넓은 모나코네 ㅋㅋㅋㅋㅋㅋㅋㅋㅋㅋㅋㅋㅋㅋㅋㅋ,0.376274436712265,0.21049386262893677,0.23301418125629425,0.08219422399997711,0.03341135382652283,0.06461196392774582
2024-09-22 22:25:24,어 펑쳐?,"ㅇ
- dc official App",51,51.0,"어 펑쳐? ㅇ
- dc official App",어 펑쳐? ㅇ,0.33752328157424927,0.22041507065296173,0.23782801628112793,0.0828050896525383,0.04922228679060936,0.07220622897148132
2024-09-22 22:25:25,마그누센 펑쳐 입갤,,51,51.0,마그누센 펑쳐 입갤 ,마그누센 펑쳐 입갤,0.5787307024002075,0.15634047985076904,0.11794058233499527,0.0737680047750473,0.04010596126317978,0.03311433270573616
2024-09-22 22:25:25,마그!,,51,51.0,마그! ,마그!,0.6804124116897583,0.12024843692779541,0.07644256949424744,0.054278358817100525,0.04104001820087433,0.027578182518482208
2024-09-22 22:25:26,케이막 펑쳐 ㅋㅋㅋㅋㅋㄱ,,51,51.0,케이막 펑쳐 ㅋㅋㅋㅋㅋㄱ ,케이막 펑쳐 ㅋㅋㅋㅋㅋㄱ,0.7149782180786133,0.10528390854597092,0.0643719732761383,0.05714806541800499,0.035977788269519806,0.022240050137043
2024-09-22 22:25:26,오 가자가자가가자ㅏㄱ,,51,51.0,오 가자가자가가자ㅏㄱ ,오 가자가자가가자ㅏㄱ,0.6881785988807678,0.11654208600521088,0.07825484871864319,0.05494244769215584,0.03436807915568352,0.027713999152183533
2024-09-22 22:25:27,제밯 제발,- dc official App,51,51.0,제밯 제발 - dc official App,제밯 제발 - dc official App,0.2338254302740097,0.2292432337999344,0.1221279576420784,0.17140041291713715,0.1788731962442398,0.06452978402376175
2024-09-22 22:25:28,대그누센 제발 세카 제발,,51,51.0,대그누센 제발 세카 제발 ,대그누센 제발 세카 제발,0.3647792339324951,0.200945183634758,0.12966600060462952,0.11643284559249878,0.12117217481136322,0.06700454652309418
2024-09-22 22:25:28,어 셒카?,,51,51.0,어 셒카? ,어 셒카?,0.2924363911151886,0.23457194864749908,0.2564465403556824,0.08684351295232773,0.0509156808257103,0.07878594845533371
2024-09-22 22:25:30,제발 제발,,51,51.0,제발 제발 ,제발 제발,0.21056687831878662,0.23748643696308136,0.14751999080181122,0.14723381400108337,0.18474777042865753,0.07244516164064407
2024-09-22 22:25:30,제발 제발,,51,51.0,제발 제발 ,제발 제발,0.21056687831878662,0.23748643696308136,0.14751999080181122,0.14723381400108337,0.18474777042865753,0.07244516164064407
2024-09-22 22:25:31,제발 세이프티카 ㅋㅋ,- dc official App,51,51.0,제발 세이프티카 ㅋㅋ - dc official App,제발 세이프티카 ㅋㅋ - dc official App,0.49890732765197754,0.1818276047706604,0.13096991181373596,0.08421745151281357,0.056642401963472366,0.04743532836437225
2024-09-22 22:25:32,셒카 가자 제발 ㅋㅋㅋㅋㅋㅋㅋㅋㅋㅋ,ㅋㅋ,51,51.0,셒카 가자 제발 ㅋㅋㅋㅋㅋㅋㅋㅋㅋㅋ ㅋㅋ,셒카 가자 제발 ㅋㅋㅋㅋㅋㅋㅋㅋㅋㅋ ㅋㅋ,0.6680811047554016,0.12012774497270584,0.07437287271022797,0.06760626286268234,0.04136527329683304,0.02844676934182644
2024-09-22 22:25:32,마그누센 타이어깎기 실퍀ㅋㅋㅋㅋㅋㅋㅋㅋㅋ,,51,51.0,마그누센 타이어깎기 실퍀ㅋㅋㅋㅋㅋㅋㅋㅋㅋ ,마그누센 타이어깎기 실퍀ㅋㅋㅋㅋㅋㅋㅋㅋㅋ,0.21351981163024902,0.314767062664032,0.18535274267196655,0.13907231390476227,0.071192167699337,0.07609593868255615
2024-09-22 22:25:32,마그누센 보여주냐?,ㅈㅂ,51,51.0,마그누센 보여주냐? ㅈㅂ,마그누센 보여주냐? ㅈㅂ,0.12028750777244568,0.25780561566352844,0.14420926570892334,0.19343167543411255,0.2328507900238037,0.05141521245241165
2024-09-22 22:25:32,제발 셒카 제발,제발ㅋㅋㅋ,51,51.0,제발 셒카 제발 제발ㅋㅋㅋ,제발 셒카 제발 제발ㅋㅋㅋ,0.617968738079071,0.13535664975643158,0.08809702843427658,0.07423336058855057,0.05096888169646263,0.03337538614869118
2024-09-22 22:25:32,아 제발 제발,셒카,51,51.0,아 제발 제발 셒카,아 제발 제발 셒카,0.17613382637500763,0.1991151124238968,0.12677906453609467,0.22628569602966309,0.2089446634054184,0.06274157762527466
2024-09-22 22:25:33,마그누센 빵꾸! 셒카! 셒카!!,,51,51.0,마그누센 빵꾸! 셒카! 셒카!! ,마그누센 빵꾸! 셒카! 셒카!!,0.20592521131038666,0.26985982060432434,0.1737459897994995,0.18736083805561066,0.09788541495800018,0.06522273272275925
2024-09-22 22:25:33,제발 멈춰 제발 제발,,51,51.0,제발 멈춰 제발 제발 ,제발 멈춰 제발 제발,0.12554021179676056,0.22084294259548187,0.15121451020240784,0.17110508680343628,0.2388114333152771,0.09248576313257217
2024-09-22 22:25:33,대그누센 팡차 ㄷㄷ,,51,51.0,대그누센 팡차 ㄷㄷ ,대그누센 팡차 ㄷㄷ,0.5388538837432861,0.16096512973308563,0.1631327122449875,0.06322892010211945,0.027666768059134483,0.046152591705322266
2024-09-22 22:25:33,변수제조 ㄱㄴ?,,51,51.0,변수제조 ㄱㄴ? ,변수제조 ㄱㄴ?,0.3380935490131378,0.20307599008083344,0.261353999376297,0.08287449181079865,0.048370663076639175,0.06623142212629318
2024-09-22 22:25:34,펑쳐ㅋㅋ시발,,51,51.0,펑쳐ㅋㅋ시발 ,펑쳐ㅋㅋ시발,0.15077945590019226,0.19288401305675507,0.11467528343200684,0.34457558393478394,0.13965944945812225,0.05742611363530159
2024-09-22 22:25:34,K*막 펑쳐ㅋㅋㅋ,,51,51.0,K*막 펑쳐ㅋㅋㅋ ,K*막 펑쳐ㅋㅋㅋ,0.6194968223571777,0.13493476808071136,0.09084177017211914,0.08118928968906403,0.04147958382964134,0.032057736068964005
2024-09-22 22:25:35,어어ㅓ 곱게 피트 들어가라,- dc official App,51,51.0,어어ㅓ 곱게 피트 들어가라 - dc official App,어어ㅓ 곱게 피트 들어가라 - dc official App,0.1821925789117813,0.1915704756975174,0.16749289631843567,0.2581026256084442,0.13060793280601501,0.0700334906578064
2024-09-22 22:25:35,대그누센 제발!!! 가자!!!,,51,51.0,대그누센 제발!!! 가자!!! ,대그누센 제발!!! 가자!!!,0.5932535529136658,0.1471383273601532,0.10521166026592255,0.06639952957630157,0.04669877141714096,0.04129815846681595
2024-09-22 22:25:36,르끌 추월쇼 on,"i
- dc official App",51,51.0,"르끌 추월쇼 on i
- dc official App",르끌 추월쇼 on i,0.6025865077972412,0.14741352200508118,0.1045917421579361,0.07380485534667969,0.042658302932977676,0.02894507348537445
2024-09-22 22:25:36,펑처 ㅋㅌㅋ,ㅋㅋㅋㅋㅋ,51,51.0,펑처 ㅋㅌㅋ ㅋㅋㅋㅋㅋ,펑처 ㅋㅌㅋ ㅋㅋㅋㅋㅋ,0.6815573573112488,0.11972873657941818,0.07807387411594391,0.06361886113882065,0.03279401734471321,0.024227192625403404
2024-09-22 22:25:36,펑쳐ㅋㅋㅋㅋㅋㅋㅋ,ㅋㅋㅋㅋㅋㅋㅋㅋ,51,51.0,펑쳐ㅋㅋㅋㅋㅋㅋㅋ ㅋㅋㅋㅋㅋㅋㅋㅋ,펑쳐ㅋㅋㅋㅋㅋㅋㅋ ㅋㅋㅋㅋㅋㅋㅋㅋ,0.6365712881088257,0.1394503116607666,0.08961910754442215,0.0738053098320961,0.03418469801545143,0.026369191706180573
2024-09-22 22:25:36,마그누센 펑쳐??,,51,51.0,마그누센 펑쳐?? ,마그누센 펑쳐??,0.2245308756828308,0.2146068513393402,0.3210534453392029,0.0999462828040123,0.05524633824825287,0.08461622893810272
2024-09-22 22:25:37,그래 케이맥 니가 해줘야지 ㅋㅋㅋㅋ,- dc official App,51,51.0,그래 케이맥 니가 해줘야지 ㅋㅋㅋㅋ - dc official App,그래 케이맥 니가 해줘야지 ㅋㅋㅋㅋ - dc official App,0.702804446220398,0.10811702162027359,0.06689110398292542,0.056963227689266205,0.03912936523556709,0.026094820350408554
2024-09-22 22:25:37,대충 58랩에 레드플렉떠라,ㅅㅂ,51,51.0,대충 58랩에 레드플렉떠라 ㅅㅂ,대충 58랩에 레드플렉떠라 ㅅㅂ,0.13229361176490784,0.20155943930149078,0.12134827673435211,0.29067835211753845,0.20997413992881775,0.044146083295345306
2024-09-22 22:25:38,오콘 행동 가나 ㅋㅋㅋ,,51,51.0,오콘 행동 가나 ㅋㅋㅋ ,오콘 행동 가나 ㅋㅋㅋ,0.7048193216323853,0.11175329238176346,0.07468973100185394,0.05320732295513153,0.03102864697575569,0.024501768872141838
2024-09-22 22:25:38,셒카 드가냐?,,51,51.0,셒카 드가냐? ,셒카 드가냐?,0.25740846991539,0.21720361709594727,0.30001771450042725,0.08987603336572647,0.05185523256659508,0.08363894373178482
2024-09-22 22:25:38,씨발 제발ㅋㅋ,- dc official App,51,51.0,씨발 제발ㅋㅋ - dc official App,씨발 제발ㅋㅋ - dc official App,0.19262593984603882,0.17587009072303772,0.12402603030204773,0.3102024793624878,0.14398519694805145,0.05329026281833649
2024-09-22 22:25:38,가나?가나??,세카 오냐!!!,51,51.0,가나?가나?? 세카 오냐!!!,가나?가나?? 세카 오냐!!!,0.6529857516288757,0.1354655921459198,0.09738792479038239,0.05182288959622383,0.03195856511592865,0.03037925437092781
2024-09-22 22:25:39,시가포르는 재미도 없는데 선수들은 죽어나가네,"ㅠ
- dc official App",51,51.0,"시가포르는 재미도 없는데 선수들은 죽어나가네 ㅠ
- dc official App",시가포르는 재미도 없는데 선수들은 죽어나가네 ㅠ,0.10837697237730026,0.2307387739419937,0.16860848665237427,0.17654554545879364,0.2370903640985489,0.07863988727331161
2024-09-22 22:25:39,르끌이 빨리추월해 빨리,"ㅇ
- dc official App",51,51.0,"르끌이 빨리추월해 빨리 ㅇ
- dc official App",르끌이 빨리추월해 빨리 ㅇ,0.5397946238517761,0.16506534814834595,0.13349580764770508,0.06781382113695145,0.04590476676821709,0.04792558401823044
2024-09-22 22:25:40,제발 트랙에 세워줘,,51,51.0,제발 트랙에 세워줘 ,제발 트랙에 세워줘,0.39704352617263794,0.2064485102891922,0.11256297677755356,0.10272955894470215,0.12199867516756058,0.059216830879449844
2024-09-22 22:25:40,scscscscscscscsc,,51,51.0,scscscscscscscsc ,scscscscscscscsc,0.3953985273838043,0.22032958269119263,0.13130758702754974,0.1403069943189621,0.07790561765432358,0.03475172817707062
2024-09-22 22:25:41,펑쳐 ㅋㅋㅋㅋㅋㅋㅋㅋㅋㅋㅋㅋㅋ,ㅋㅋㅋㅋㅋㅋㅋㅋㅋ,51,51.0,펑쳐 ㅋㅋㅋㅋㅋㅋㅋㅋㅋㅋㅋㅋㅋ ㅋㅋㅋㅋㅋㅋㅋㅋㅋ,펑쳐 ㅋㅋㅋㅋㅋㅋㅋㅋㅋㅋㅋㅋㅋ ㅋㅋㅋㅋㅋㅋㅋㅋㅋ,0.6420344710350037,0.1373174637556076,0.08798591047525406,0.07258132845163345,0.03490814194083214,0.025172650814056396
2024-09-22 22:25:41,걍 세워 인마 ㅋㅋㅋㅋㅋㅋㅋㅋㅋㅋㅋㅋ,ㅋㅋㅋㅋㅋㅋㅋㅋㅋㅋㅋㅋㅋㅋㅋㅋㅋㅋㅋㅋㅋㅋ,51,51.0,걍 세워 인마 ㅋㅋㅋㅋㅋㅋㅋㅋㅋㅋㅋㅋ ㅋㅋㅋㅋㅋㅋㅋㅋㅋㅋㅋㅋㅋㅋㅋㅋㅋㅋㅋㅋㅋㅋ,걍 세워 인마 ㅋㅋㅋㅋㅋㅋㅋㅋㅋㅋㅋㅋ ㅋㅋㅋㅋㅋㅋㅋㅋㅋㅋㅋㅋㅋㅋㅋㅋㅋㅋㅋㅋㅋㅋ,0.2926037013530731,0.2368914633989334,0.15867073833942413,0.18297843635082245,0.06650741398334503,0.062348250299692154
2024-09-22 22:25:39,세카 ㄱㄱ ㄱ ㄱ ㄱ ㄱ ㄱㄱㄱㅅ,,51,51.0,세카 ㄱㄱ ㄱ ㄱ ㄱ ㄱ ㄱㄱㄱㅅ ,세카 ㄱㄱ ㄱ ㄱ ㄱ ㄱ ㄱㄱㄱㅅ,0.7009804844856262,0.11212087422609329,0.07247601449489594,0.05613106116652489,0.03488478437066078,0.02340678498148918
2024-09-22 22:25:41,제발제발제발제발제발제발,ㅋㅋㅋㅋㅋ,51,51.0,제발제발제발제발제발제발 ㅋㅋㅋㅋㅋ,제발제발제발제발제발제발 ㅋㅋㅋㅋㅋ,0.5254191160202026,0.16809366643428802,0.08541339635848999,0.11509091407060623,0.07152000069618225,0.03446294367313385
2024-09-22 22:25:41,셒카 가자,제방,51,51.0,셒카 가자 제방,셒카 가자 제방,0.548633337020874,0.15512725710868835,0.1133449375629425,0.07488201558589935,0.060766592621803284,0.04724586382508278
2024-09-22 22:25:41,세카나오나?ㅋㅋㅋㅋ,- dc official App,51,51.0,세카나오나?ㅋㅋㅋㅋ - dc official App,세카나오나?ㅋㅋㅋㅋ - dc official App,0.5475334525108337,0.17060112953186035,0.14126503467559814,0.06647243350744247,0.03712596744298935,0.037001971155405045
2024-09-22 22:25:42,제발 그거 그거 그거 그거,그거 시발 그거,51,51.0,제발 그거 그거 그거 그거 그거 시발 그거,제발 그거 그거 그거 그거 그거 시발 그거,0.1457093209028244,0.16331256926059723,0.12425074726343155,0.33755460381507874,0.17603957653045654,0.053133126348257065
2024-09-22 22:25:42,마평 ㅋㅋㅋ,- dc official App,51,51.0,마평 ㅋㅋㅋ - dc official App,마평 ㅋㅋㅋ - dc official App,0.6159466505050659,0.13317188620567322,0.11620055139064789,0.07355237752199173,0.03466961532831192,0.026458974927663803
2024-09-22 22:25:42,제발 스핀,,51,51.0,제발 스핀 ,제발 스핀,0.34059691429138184,0.2295200079679489,0.1905166655778885,0.09203817695379257,0.08161653578281403,0.06571172177791595
2024-09-22 22:25:42,또 킹그누센 ㅋㅋㅋㅋㅋ,,51,51.0,또 킹그누센 ㅋㅋㅋㅋㅋ ,또 킹그누센 ㅋㅋㅋㅋㅋ,0.7098564505577087,0.11191105842590332,0.0644584521651268,0.05719326063990593,0.033819183707237244,0.022761594504117966
2024-09-22 22:25:43,오늘 ㄹㅇ F1 보육원이네,"욕할거 같으면 진정 시켜줘
응원해달라해서 응원해줘
물마시라고 알려줘
오늘 보육원이네 ㅋㅋㅋ
- dc official App",51,51.0,"오늘 ㄹㅇ F1 보육원이네 욕할거 같으면 진정 시켜줘
응원해달라해서 응원해줘
물마시라고 알려줘
오늘 보육원이네 ㅋㅋㅋ
- dc official App",오늘 ㄹㅇ F1 보육원이네 욕할거 같으면 진정 시켜줘 응원해달라해서 응원해줘 물마시라고 알려줘 오늘 보육원이네 ㅋㅋㅋ,0.4083865284919739,0.24634408950805664,0.10356155037879944,0.10049885511398315,0.07884925603866577,0.062359683215618134
2024-09-22 22:25:43,씨발 가자 ㅋㅋ,ㅋㅋㅋ,51,51.0,씨발 가자 ㅋㅋ ㅋㅋㅋ,씨발 가자 ㅋㅋ ㅋㅋㅋ,0.7128806710243225,0.10808814316987991,0.06582315266132355,0.055356465280056,0.035109639167785645,0.02274194173514843
2024-09-22 22:25:43,제발 세카 세카 씨발 세카,젭알,51,51.0,제발 세카 세카 씨발 세카 젭알,제발 세카 세카 씨발 세카 젭알,0.18888604640960693,0.1741652488708496,0.10818768292665482,0.28001996874809265,0.19761249423027039,0.05112852528691292
2024-09-22 22:25:44,피트 가지마 씨발로마!!,,51,51.0,피트 가지마 씨발로마!! ,피트 가지마 씨발로마!!,0.16554830968379974,0.17942209541797638,0.1219799742102623,0.3280494511127472,0.15548764169216156,0.0495125874876976
2024-09-22 22:25:44,막누센 세카가나요,ㅋㅋㅋㅋㅋㅋ,51,51.0,막누센 세카가나요 ㅋㅋㅋㅋㅋㅋ,막누센 세카가나요 ㅋㅋㅋㅋㅋㅋ,0.6797059178352356,0.1179019883275032,0.08431632816791534,0.060788143426179886,0.03160534054040909,0.02568230591714382
2024-09-22 22:25:44,어어어 셒카각???,,51,51.0,어어어 셒카각??? ,어어어 셒카각???,0.2136116623878479,0.2274102121591568,0.3031807541847229,0.10430654138326645,0.054675377905368805,0.09681551158428192
2024-09-22 22:25:44,sc!sc!sc!,,51,51.0,sc!sc!sc! ,sc!sc!sc!,0.6219249963760376,0.13906367123126984,0.08749997615814209,0.08162429183721542,0.04682090878486633,0.023066099733114243
2024-09-22 22:25:45,아니 펑쳐가나도 왜 잘굴러가노ㅅㅂ 셉카 제발,"ㅋㅋ
- dc official App",51,51.0,"아니 펑쳐가나도 왜 잘굴러가노ㅅㅂ 셉카 제발 ㅋㅋ
- dc official App",아니 펑쳐가나도 왜 잘굴러가노ㅅㅂ 셉카 제발 ㅋㅋ,0.15040719509124756,0.22181972861289978,0.09558422118425369,0.30332377552986145,0.1840093731880188,0.04485565796494484
2024-09-22 22:25:44,제발 세카 제발,,51,51.0,제발 세카 제발 ,제발 세카 제발,0.4300094544887543,0.18036219477653503,0.11115243285894394,0.10129395127296448,0.11991739273071289,0.05726451054215431
2024-09-22 22:25:41,세카뜨냐???,,51,51.0,세카뜨냐??? ,세카뜨냐???,0.24439384043216705,0.22511853277683258,0.29787370562553406,0.09725449979305267,0.051285840570926666,0.08407359570264816
2024-09-22 22:25:45,가자가자가자가자,"ㅋㅎㅋㅋㅎㅋㅎㅎㅋㅋ
- dc official App",51,51.0,"가자가자가자가자 ㅋㅎㅋㅋㅎㅋㅎㅎㅋㅋ
- dc official App",가자가자가자가자 ㅋㅎㅋㅋㅎㅋㅎㅎㅋㅋ,0.7017278075218201,0.11223302036523819,0.06620772182941437,0.05934770777821541,0.036969151347875595,0.023514581844210625
2024-09-22 22:25:46,제발셒카,"제발제발제발
- dc official App",51,51.0,"제발셒카 제발제발제발
- dc official App",제발셒카 제발제발제발,0.39467570185661316,0.18666376173496246,0.10380729287862778,0.13963516056537628,0.1293327957391739,0.0458853580057621
2024-09-22 22:25:46,케이막 ㅈㅂㅈㅂㅈㅂㅈㅂㅈㅂ,세카,51,51.0,케이막 ㅈㅂㅈㅂㅈㅂㅈㅂㅈㅂ 세카,케이막 ㅈㅂㅈㅂㅈㅂㅈㅂㅈㅂ 세카,0.44617339968681335,0.18386295437812805,0.12930089235305786,0.13606619834899902,0.06734093278646469,0.03725556656718254
2024-09-22 22:25:47,갓그누센,역시 바로 보여쥬시는건가,51,51.0,갓그누센 역시 바로 보여쥬시는건가,갓그누센 역시 바로 보여쥬시는건가,0.4513557255268097,0.198833167552948,0.14708442986011505,0.07047004997730255,0.06256204098463058,0.0696946457028389
2024-09-22 22:25:47,르끌 ㄴㅇㅅ,,51,51.0,르끌 ㄴㅇㅅ ,르끌 ㄴㅇㅅ,0.18582522869110107,0.2931220829486847,0.17222702503204346,0.16663387417793274,0.12914693355560303,0.0530448816716671
2024-09-22 22:25:47,세이프티카 가자 !!!!!!,,51,51.0,세이프티카 가자 !!!!!! ,세이프티카 가자 !!!!!!,0.6904808878898621,0.11350668221712112,0.07320661842823029,0.05860351026058197,0.03669550642371178,0.0275068711489439
2024-09-22 22:25:49,대황끌ㅋㅋㅋㅋㅋㅋ,ㅋㅋㅋㅋㅋ,51,51.0,대황끌ㅋㅋㅋㅋㅋㅋ ㅋㅋㅋㅋㅋ,대황끌ㅋㅋㅋㅋㅋㅋ ㅋㅋㅋㅋㅋ,0.7141793370246887,0.10757675021886826,0.060345664620399475,0.056670963764190674,0.03699585050344467,0.024231456220149994
2024-09-22 22:25:49,뇌진탕물퇴 르끌레한테 따잇ㅋㅋㅋ,- dc official App,51,51.0,뇌진탕물퇴 르끌레한테 따잇ㅋㅋㅋ - dc official App,뇌진탕물퇴 르끌레한테 따잇ㅋㅋㅋ - dc official App,0.2743905186653137,0.24624334275722504,0.1451779305934906,0.18267911672592163,0.08207806944847107,0.06943105161190033
2024-09-22 22:25:50,쉬발 드디어옐로플래그 ㅋㅋㅋ,ㅋㅋㅋㅋㅋㅋㅋㅋ,51,51.0,쉬발 드디어옐로플래그 ㅋㅋㅋ ㅋㅋㅋㅋㅋㅋㅋㅋ,쉬발 드디어옐로플래그 ㅋㅋㅋ ㅋㅋㅋㅋㅋㅋㅋㅋ,0.4516655504703522,0.19567476212978363,0.08164478838443756,0.14511346817016602,0.08777222037315369,0.03812921419739723
2024-09-22 22:25:50,셒카 오게 해주세요.,제벌,51,51.0,셒카 오게 해주세요. 제벌,셒카 오게 해주세요. 제벌,0.4769855737686157,0.1730259358882904,0.12147443741559982,0.08473542332649231,0.09081685543060303,0.052961740642786026
2024-09-22 22:25:50,샢카 재발재발,- dc official App,51,51.0,샢카 재발재발 - dc official App,샢카 재발재발 - dc official App,0.3790861964225769,0.2051325887441635,0.183993861079216,0.08966302126646042,0.07304640859365463,0.06907793134450912
2024-09-22 22:25:52,셒카 ㅈㅂㅈㅂㅈㅂㅈㅂㅈㅂ,,51,51.0,셒카 ㅈㅂㅈㅂㅈㅂㅈㅂㅈㅂ ,셒카 ㅈㅂㅈㅂㅈㅂㅈㅂㅈㅂ,0.39160001277923584,0.2153758555650711,0.169571653008461,0.11992761492729187,0.06387435644865036,0.03965052217245102
2024-09-22 22:25:53,제발셒카ㅋㅋㅋㅋㅋㅋㅋㅋ,,51,51.0,제발셒카ㅋㅋㅋㅋㅋㅋㅋㅋ ,제발셒카ㅋㅋㅋㅋㅋㅋㅋㅋ,0.5537213087081909,0.16415274143218994,0.10410944372415543,0.10288504511117935,0.045446351170539856,0.029685167595744133
2024-09-22 22:25:53,제발셒카제발셒카제발셒카제발셒카제발셒카제발셒카제발셒카,제발셒카제발셒카제발셒카제발셒카제발셒카제발셒카제발셒카제발셒카제발셒카제발셒카제발셒카제발셒카제발셒카제발셒카제발셒카,51,51.0,제발셒카제발셒카제발셒카제발셒카제발셒카제발셒카제발셒카 제발셒카제발셒카제발셒카제발셒카제발셒카제발셒카제발셒카제발셒카제발셒카제발셒카제발셒카제발셒카제발셒카제발셒카제발셒카,제발셒카제발셒카제발셒카제발셒카제발셒카제발셒카제발셒카 제발셒카제발셒카제발셒카제발셒카제발셒카제발셒카제발셒카제발셒카제발셒카제발셒카제발셒카제발셒카제발셒카제발셒카제발셒카,0.4911517798900604,0.18780291080474854,0.1277153044939041,0.11070208996534348,0.05054754763841629,0.032080356031656265
2024-09-22 22:25:53,제발 케이막 멈춰,,51,51.0,제발 케이막 멈춰 ,제발 케이막 멈춰,0.11782069504261017,0.21461637318134308,0.13690240681171417,0.21080748736858368,0.2393750697374344,0.08047796040773392
2024-09-22 22:25:53,타이어 괜찮다더니 블러핑이었노 ㅋㅋㅋ,ㅋㅋㅋㅋㅋ,51,51.0,타이어 괜찮다더니 블러핑이었노 ㅋㅋㅋ ㅋㅋㅋㅋㅋ,타이어 괜찮다더니 블러핑이었노 ㅋㅋㅋ ㅋㅋㅋㅋㅋ,0.09313619881868362,0.3050762712955475,0.24428790807724,0.16424182057380676,0.10698693245649338,0.08627086132764816
2024-09-22 22:25:55,세카 가나?,ㄱㄱ,51,51.0,세카 가나? ㄱㄱ,세카 가나? ㄱㄱ,0.5729387998580933,0.16021083295345306,0.13020576536655426,0.0640217512845993,0.03709578141570091,0.03552704676985741
2024-09-22 22:25:56,물탕이 따잇 ㅋㅋ,ㅋㅋ,51,51.0,물탕이 따잇 ㅋㅋ ㅋㅋ,물탕이 따잇 ㅋㅋ ㅋㅋ,0.7093085050582886,0.11023806035518646,0.06769391149282455,0.05598833039402962,0.03373774141073227,0.02303352765738964
2024-09-22 22:25:57,세카 소환ㅋㅋ,- dc official App,51,51.0,세카 소환ㅋㅋ - dc official App,세카 소환ㅋㅋ - dc official App,0.6273671984672546,0.1329057812690735,0.10971327871084213,0.06776877492666245,0.03556618466973305,0.026678765192627907
2024-09-22 22:25:58,제발제발,제발제발,51,51.0,제발제발 제발제발,제발제발 제발제발,0.2183806300163269,0.21886587142944336,0.12525710463523865,0.17137356102466583,0.20032688975334167,0.06579593569040298
2024-09-22 22:25:59,황끌 폼보솤ㅋㅋㅋㅋㅋㅋㅋㅋ,,51,51.0,황끌 폼보솤ㅋㅋㅋㅋㅋㅋㅋㅋ ,황끌 폼보솤ㅋㅋㅋㅋㅋㅋㅋㅋ,0.5785520672798157,0.1629861742258072,0.11712264269590378,0.06675262004137039,0.03453955799341202,0.04004693403840065
2024-09-22 22:26:00,황끌레 ㅅㅅㅅ,ㅋㅋㅋㅋ,51,51.0,황끌레 ㅅㅅㅅ ㅋㅋㅋㅋ,황끌레 ㅅㅅㅅ ㅋㅋㅋㅋ,0.7208582162857056,0.10362930595874786,0.06042257696390152,0.05478500947356224,0.03729429841041565,0.02301059477031231
2024-09-22 22:26:00,sc 드디어 뜨나,?,51,51.0,sc 드디어 뜨나 ?,sc 드디어 뜨나 ?,0.4183695912361145,0.21219396591186523,0.20238637924194336,0.06811480969190598,0.04080946370959282,0.05812576040625572
2024-09-22 22:25:59,케이막 제발 타이어 덩어리 바닥에 뿌려라 제발ㅋㅋㅋㅋㅋㅋ,,51,51.0,케이막 제발 타이어 덩어리 바닥에 뿌려라 제발ㅋㅋㅋㅋㅋㅋ ,케이막 제발 타이어 덩어리 바닥에 뿌려라 제발ㅋㅋㅋㅋㅋㅋ,0.22289474308490753,0.20078453421592712,0.15612073242664337,0.2552870810031891,0.10212649405002594,0.06278639286756516
2024-09-22 22:26:00,제발세카좀요 제발,,51,51.0,제발세카좀요 제발 ,제발세카좀요 제발,0.13955989480018616,0.23253944516181946,0.11284957826137543,0.20726482570171356,0.24757465720176697,0.060211580246686935
2024-09-22 22:26:03,슝물탕ㅋㅋㅋㅋ,ㅋㅋㅋ,51,51.0,슝물탕ㅋㅋㅋㅋ ㅋㅋㅋ,슝물탕ㅋㅋㅋㅋ ㅋㅋㅋ,0.6864327192306519,0.11736708134412766,0.08026871830224991,0.05974537134170532,0.03267565369606018,0.023510411381721497
2024-09-22 22:26:04,차 세워 씨발련아,- dc official App,51,51.0,차 세워 씨발련아 - dc official App,차 세워 씨발련아 - dc official App,0.2520606219768524,0.17115069925785065,0.1370057314634323,0.2757437825202942,0.1248110830783844,0.03922804072499275
2024-09-22 22:26:05,당장 멈추라고 시발,,51,51.0,당장 멈추라고 시발 ,당장 멈추라고 시발,0.16513878107070923,0.2098160684108734,0.11789388209581375,0.28006190061569214,0.18712328374385834,0.03996605426073074
2024-09-22 22:26:07,제발 셒카,"제발제발
- dc official App",51,51.0,"제발 셒카 제발제발
- dc official App",제발 셒카 제발제발,0.30843424797058105,0.2022598385810852,0.1285836100578308,0.14371007680892944,0.1571718007326126,0.059840381145477295
2024-09-22 22:26:07,좃끌이 러쎌은 못 따냐?,러쎌까지 따면 좋겟는디,51,51.0,좃끌이 러쎌은 못 따냐? 러쎌까지 따면 좋겟는디,좃끌이 러쎌은 못 따냐? 러쎌까지 따면 좋겟는디,0.10161065310239792,0.2888698875904083,0.22425711154937744,0.14756812155246735,0.1613433063030243,0.07635094225406647
2024-09-22 22:26:12,그냥 중간에 세워 누센아,제발...,51,51.0,그냥 중간에 세워 누센아 제발...,그냥 중간에 세워 누센아 제발...,0.10581755638122559,0.2619051933288574,0.13838432729244232,0.20893865823745728,0.22293515503406525,0.06201902776956558
2024-09-22 22:26:12,제발세카제발세카제발세크제발세카,- dc official App,51,51.0,제발세카제발세카제발세크제발세카 - dc official App,제발세카제발세카제발세크제발세카 - dc official App,0.4114135503768921,0.20411774516105652,0.12501928210258484,0.11679909378290176,0.09734177589416504,0.04530853033065796
2024-09-22 22:26:14,셒카좀 ㅆㅂ,- dc official App,51,51.0,셒카좀 ㅆㅂ - dc official App,셒카좀 ㅆㅂ - dc official App,0.3854770362377167,0.208724245429039,0.19748984277248383,0.11798084527254105,0.05195477604866028,0.03837323933839798
2024-09-22 22:26:13,잘 굴러가노 ㅋㅋ,,51,51.0,잘 굴러가노 ㅋㅋ ,잘 굴러가노 ㅋㅋ,0.7122614979743958,0.10800307989120483,0.06207103282213211,0.05129414051771164,0.040580201894044876,0.02579008787870407
2024-09-22 22:26:15,케이막.. 트랙 위에 주차... 해야겠지?,얼른.. 해야겠지?,51,51.0,케이막.. 트랙 위에 주차... 해야겠지? 얼른.. 해야겠지?,케이막.. 트랙 위에 주차... 해야겠지? 얼른.. 해야겠지?,0.1891862452030182,0.28748610615730286,0.23485861718654633,0.09932022541761398,0.09458428621292114,0.0945645198225975
2024-09-22 22:26:19,제발 트랙 한가운데 멈춰라 제발,제발 제발,51,51.0,제발 트랙 한가운데 멈춰라 제발 제발 제발,제발 트랙 한가운데 멈춰라 제발 제발 제발,0.12772171199321747,0.21465791761875153,0.15153028070926666,0.1862591803073883,0.23232775926589966,0.08750315010547638
2024-09-22 22:26:19,엔진꺼!!!,"시발빨리!!!!
- dc official App",51,51.0,"엔진꺼!!! 시발빨리!!!!
- dc official App",엔진꺼!!! 시발빨리!!!!,0.18688546121120453,0.20995597541332245,0.09972725063562393,0.28969675302505493,0.17813266813755035,0.03560182452201843
2024-09-22 22:26:20,셒셒셒셒셒,- dc official App,51,51.0,셒셒셒셒셒 - dc official App,셒셒셒셒셒 - dc official App,0.41816869378089905,0.19215162098407745,0.20528778433799744,0.10130982100963593,0.05015261098742485,0.032929472625255585
2024-09-22 22:26:23,슝슝경 ㅋㅋ,ㅋㅋㅋㅇㅋ,51,51.0,슝슝경 ㅋㅋ ㅋㅋㅋㅇㅋ,슝슝경 ㅋㅋ ㅋㅋㅋㅇㅋ,0.7071740031242371,0.10922013223171234,0.0669705793261528,0.05748359486460686,0.03646337240934372,0.022688375785946846
2024-09-22 22:26:24,시발 슬로우펑쳐인가보네 애미,,51,51.0,시발 슬로우펑쳐인가보네 애미 ,시발 슬로우펑쳐인가보네 애미,0.12370212376117706,0.17179208993911743,0.13036572933197021,0.33674025535583496,0.18900184333324432,0.04839805141091347
2024-09-22 22:26:26,제발 파편 제발 제벌,시발!!,51,51.0,제발 파편 제발 제벌 시발!!,제발 파편 제발 제벌 시발!!,0.13429617881774902,0.19414345920085907,0.15382421016693115,0.23944345116615295,0.20664499700069427,0.07164778560400009
2024-09-22 22:26:26,좀멈춰라 ㅆㅃ,- dc official App,51,51.0,좀멈춰라 ㅆㅃ - dc official App,좀멈춰라 ㅆㅃ - dc official App,0.1873970925807953,0.19491097331047058,0.10004042834043503,0.32024797797203064,0.15881039202213287,0.03859309107065201
2024-09-22 22:26:28,내년 케이막마저 없으면 ㄹㅇ 노잼되겠노 ㅅㅂ,ㅠㅠ,51,51.0,내년 케이막마저 없으면 ㄹㅇ 노잼되겠노 ㅅㅂ ㅠㅠ,내년 케이막마저 없으면 ㄹㅇ 노잼되겠노 ㅅㅂ ㅠㅠ,0.10689102858304977,0.24855998158454895,0.14321765303611755,0.19049125909805298,0.23382242023944855,0.0770176351070404
2024-09-22 22:26:30,케이막 똥뿌리기 드가자 ㅋㅋㅋㅋ,받아먹기 ㄱㄱ,51,51.0,케이막 똥뿌리기 드가자 ㅋㅋㅋㅋ 받아먹기 ㄱㄱ,케이막 똥뿌리기 드가자 ㅋㅋㅋㅋ 받아먹기 ㄱㄱ,0.572647750377655,0.1311827450990677,0.09868315607309341,0.1086454913020134,0.053095344454050064,0.035745490342378616
2024-09-22 22:26:30,피트로 들어가겠다는 집념,,51,51.0,피트로 들어가겠다는 집념 ,피트로 들어가겠다는 집념,0.22675278782844543,0.20826825499534607,0.30557703971862793,0.09309358894824982,0.04970874264836311,0.11659957468509674
2024-09-22 22:26:32,멈추고 세카띄우라고 ㅅㅂ좀 ㅡㅡ,"ㅇ
- dc official App",51,51.0,"멈추고 세카띄우라고 ㅅㅂ좀 ㅡㅡ ㅇ
- dc official App",멈추고 세카띄우라고 ㅅㅂ좀 ㅡㅡ ㅇ,0.1402955800294876,0.24730268120765686,0.10958126932382584,0.28535327315330505,0.1812409907579422,0.0362262986600399
2024-09-22 22:26:33,재미담당은 하스 ㅋㅋㅋㅋ,ㅋㅋㅋ,51,51.0,재미담당은 하스 ㅋㅋㅋㅋ ㅋㅋㅋ,재미담당은 하스 ㅋㅋㅋㅋ ㅋㅋㅋ,0.659922182559967,0.1318977028131485,0.07832419127225876,0.0672396868467331,0.036748625338077545,0.025867553427815437
2024-09-22 22:26:32,저거 안캐가 만진거 아니냐 ㅋㅋ,,51,51.0,저거 안캐가 만진거 아니냐 ㅋㅋ ,저거 안캐가 만진거 아니냐 ㅋㅋ,0.13124684989452362,0.21116842329502106,0.3290596902370453,0.15505605936050415,0.06776983290910721,0.10569915175437927
2024-09-22 22:26:38,긁었네 ㅋㅋㅋ,,51,51.0,긁었네 ㅋㅋㅋ ,긁었네 ㅋㅋㅋ,0.38268446922302246,0.25878116488456726,0.12124960869550705,0.11849385499954224,0.07015027850866318,0.04864059388637543
2024-09-22 22:26:40,멈추라고 ㅅㅂ,- dc official App,51,51.0,멈추라고 ㅅㅂ - dc official App,멈추라고 ㅅㅂ - dc official App,0.1907006949186325,0.20182326436042786,0.1225774809718132,0.28239893913269043,0.16634038090705872,0.0361592136323452
2024-09-22 22:26:43,멕라렌이 존나 빠를수도 있지 노잼이라고 징징거리긴 ㅋㅋㅋ,"그에 비해 23시즌, 1년...!
엪붕이들이 막스크루징으로 감내해야 했던 고통은....!",52,52.0,"멕라렌이 존나 빠를수도 있지 노잼이라고 징징거리긴 ㅋㅋㅋ 그에 비해 23시즌, 1년...!
엪붕이들이 막스크루징으로 감내해야 했던 고통은....!","멕라렌이 존나 빠를수도 있지 노잼이라고 징징거리긴 ㅋㅋㅋ 그에 비해 23시즌, 1년...! 엪붕이들이 막스크루징으로 감내해야 했던 고통은....!",0.09241288900375366,0.2639669179916382,0.15980210900306702,0.2088729739189148,0.1785150170326233,0.09643006324768066
2024-09-22 22:26:44,딱 러셀까지만 지나가자,,52,52.0,딱 러셀까지만 지나가자 ,딱 러셀까지만 지나가자,0.40423235297203064,0.20801667869091034,0.10777945816516876,0.11400395631790161,0.1119304820895195,0.054037053138017654
2024-09-22 22:26:49,펑쳐게이트 들어가나?,누가이득보냐,52,52.0,펑쳐게이트 들어가나? 누가이득보냐,펑쳐게이트 들어가나? 누가이득보냐,0.1242123693227768,0.19753392040729523,0.352230042219162,0.12287437915802002,0.0896637961268425,0.11348553746938705
2024-09-22 22:26:49,제발 중간에 멈춰라 제발 제발,제발 가는 도중 엔진 꺼져라,52,52.0,제발 중간에 멈춰라 제발 제발 제발 가는 도중 엔진 꺼져라,제발 중간에 멈춰라 제발 제발 제발 가는 도중 엔진 꺼져라,0.14628088474273682,0.21965016424655914,0.11523376405239105,0.25785502791404724,0.20577605068683624,0.05520409345626831
2024-09-22 22:26:48,“그거다 마그누센”,”거기에 멈춰라“,52,52.0,“그거다 마그누센” ”거기에 멈춰라“,“그거다 마그누센” ”거기에 멈춰라“,0.12945058941841125,0.2928459346294403,0.27159157395362854,0.1063055470585823,0.11000949889421463,0.08979685604572296
2024-09-22 22:26:49,누리스 한번 피트인해도 좋지 않음?,ㄹㅇ,52,52.0,누리스 한번 피트인해도 좋지 않음? ㄹㅇ,누리스 한번 피트인해도 좋지 않음? ㄹㅇ,0.5392923951148987,0.1784972846508026,0.11753083020448685,0.06550998240709305,0.048719607293605804,0.050449930131435394
2024-09-22 22:26:50,근데 달리다 똥마려우면 어케함?,그대로 싸나?,52,52.0,근데 달리다 똥마려우면 어케함? 그대로 싸나?,근데 달리다 똥마려우면 어케함? 그대로 싸나?,0.12865063548088074,0.21139365434646606,0.3338586986064911,0.12254903465509415,0.07376398146152496,0.1297839730978012
2024-09-22 22:26:50,솔직히 지금 셒카 나오면 큰일난다.,"막스가 노리스 넘을확률 <<< 피아제가 막스 넘을 확률
ㄹㅇ좆됨
- dc official App",52,52.0,"솔직히 지금 셒카 나오면 큰일난다. 막스가 노리스 넘을확률 <<< 피아제가 막스 넘을 확률
ㄹㅇ좆됨
- dc official App",솔직히 지금 셒카 나오면 큰일난다. 막스가 노리스 넘을확률 <<< 피아제가 막스 넘을 확률 ㄹㅇ좆됨,0.08013161271810532,0.22392641007900238,0.3057558536529541,0.13487355411052704,0.12873072922229767,0.1265818327665329
2024-09-22 22:26:52,타이어 분리는 안됐노 아쉽게,,52,52.0,타이어 분리는 안됐노 아쉽게 ,타이어 분리는 안됐노 아쉽게,0.13228093087673187,0.3397795259952545,0.17425276339054108,0.140501007437706,0.17010068893432617,0.04308507591485977
2024-09-22 22:27:03,에휴 감다뒤,,52,52.0,에휴 감다뒤 ,에휴 감다뒤,0.13857059180736542,0.2673773467540741,0.12606589496135712,0.2128632366657257,0.19161805510520935,0.06350487470626831
2024-09-22 22:27:09,아니 안세우냐 ㅋㅋㅋㅋㅋㅋㅋㅋㅋㅋㅋ,ㅅㅂ ㅋㅋㅋㅋㅋㅋㅋㅋㅋㅋㅋㅋㅋㅋㅋㅋ,52,52.0,아니 안세우냐 ㅋㅋㅋㅋㅋㅋㅋㅋㅋㅋㅋ ㅅㅂ ㅋㅋㅋㅋㅋㅋㅋㅋㅋㅋㅋㅋㅋㅋㅋㅋ,아니 안세우냐 ㅋㅋㅋㅋㅋㅋㅋㅋㅋㅋㅋ ㅅㅂ ㅋㅋㅋㅋㅋㅋㅋㅋㅋㅋㅋㅋㅋㅋㅋㅋ,0.13755910098552704,0.2971755862236023,0.13314023613929749,0.2443380206823349,0.11841413378715515,0.06937292218208313
2024-09-22 22:27:14,시발 좆노잼 아,ㅋㅋㅋㅋ,52,52.0,시발 좆노잼 아 ㅋㅋㅋㅋ,시발 좆노잼 아 ㅋㅋㅋㅋ,0.13415125012397766,0.29063892364501953,0.13834606111049652,0.22449234127998352,0.15426009893417358,0.05811132863163948
2024-09-22 22:27:15,시발 ㅈ노잼,ㅅㅂ,52,52.0,시발 ㅈ노잼 ㅅㅂ,시발 ㅈ노잼 ㅅㅂ,0.13542263209819794,0.2778964042663574,0.12761469185352325,0.23738905787467957,0.16862984001636505,0.05304737761616707
2024-09-22 22:27:15,노잼,아오,52,52.0,노잼 아오,노잼 아오,0.1408277153968811,0.2941529452800751,0.1336328685283661,0.20763012766838074,0.16500280797481537,0.05875350907444954
2024-09-22 22:27:17,나오라고씨발아,,52,52.0,나오라고씨발아 ,나오라고씨발아,0.15572144091129303,0.21200959384441376,0.11478166282176971,0.3122110366821289,0.16584183275699615,0.03943447023630142
2024-09-22 22:27:19,그래도 펑쳐 심하게 난 편은 아니네,,52,52.0,그래도 펑쳐 심하게 난 편은 아니네 ,그래도 펑쳐 심하게 난 편은 아니네,0.10124076902866364,0.28399476408958435,0.3105448782444,0.10745000094175339,0.12299869954586029,0.07377085834741592
2024-09-22 22:27:20,노리스 펑쳐나면 초코에몽 3명,,52,52.0,노리스 펑쳐나면 초코에몽 3명 ,노리스 펑쳐나면 초코에몽 3명,0.5336254835128784,0.1817859411239624,0.11549894511699677,0.08510295301675797,0.049783311784267426,0.03420335054397583
2024-09-22 22:27:23,르끌아 러셀까지 잡아야지,- dc official App,52,52.0,르끌아 러셀까지 잡아야지 - dc official App,르끌아 러셀까지 잡아야지 - dc official App,0.24631236493587494,0.25752246379852295,0.2504820227622986,0.1046929582953453,0.08693122863769531,0.05405901372432709
2024-09-22 22:27:23,꿰스쳔¿,,52,52.0,꿰스쳔¿ ,꿰스쳔¿,0.49304884672164917,0.18709222972393036,0.16831183433532715,0.0649387314915657,0.0408535860478878,0.04575470834970474
2024-09-22 22:27:26,아 좆노잼,- dc official App,52,52.0,아 좆노잼 - dc official App,아 좆노잼 - dc official App,0.143965482711792,0.2949448227882385,0.15943096578121185,0.19635795056819916,0.14599676430225372,0.05930403620004654
2024-09-22 22:27:28,꿰스천?,,52,52.0,꿰스천? ,꿰스천?,0.18575358390808105,0.23310285806655884,0.3240206837654114,0.10092638432979584,0.06744922697544098,0.08874724805355072
2024-09-22 22:27:29,시발 세카 부르라고,- dc official App,52,52.0,시발 세카 부르라고 - dc official App,시발 세카 부르라고 - dc official App,0.18736866116523743,0.20826560258865356,0.13092467188835144,0.3061724305152893,0.12855932116508484,0.03870932385325432
2024-09-22 22:27:30,르끌레르 토하는거 아니노 ㅋㅋㅋㅋㅋㅋㅋㅋㅋ,,52,52.0,르끌레르 토하는거 아니노 ㅋㅋㅋㅋㅋㅋㅋㅋㅋ ,르끌레르 토하는거 아니노 ㅋㅋㅋㅋㅋㅋㅋㅋㅋ,0.1738746464252472,0.25569120049476624,0.2836773693561554,0.12061483412981033,0.05395382642745972,0.11218804866075516
2024-09-22 22:27:31,피트에 왜들어가 ㅅㅂ,- dc official App,52,52.0,피트에 왜들어가 ㅅㅂ - dc official App,피트에 왜들어가 ㅅㅂ - dc official App,0.17424151301383972,0.21061855554580688,0.1192190870642662,0.31405025720596313,0.14415645599365234,0.03771408274769783
2024-09-22 22:27:31,노란깃발 ㅇㄷ?,- dc official App,52,52.0,노란깃발 ㅇㄷ? - dc official App,노란깃발 ㅇㄷ? - dc official App,0.31364405155181885,0.21450801193714142,0.2785737216472626,0.08349030464887619,0.0483606792986393,0.06142328307032585
2024-09-22 22:27:33,이걸 기어들어가네 시발럼,차 세우지 시벌,52,52.0,이걸 기어들어가네 시발럼 차 세우지 시벌,이걸 기어들어가네 시발럼 차 세우지 시벌,0.12762926518917084,0.1978461742401123,0.12701836228370667,0.3332436978816986,0.17084577679634094,0.043416667729616165
2024-09-22 22:27:33,제발 피트 입구에서 멈춰라ㅏ라ㅏ,제발 멈춰,52,52.0,제발 피트 입구에서 멈춰라ㅏ라ㅏ 제발 멈춰,제발 피트 입구에서 멈춰라ㅏ라ㅏ 제발 멈춰,0.13281773030757904,0.21750345826148987,0.15182234346866608,0.19769039750099182,0.21509011089801788,0.08507591485977173
2024-09-22 22:27:40,르끌 차 뒤에서 보니 바닥에 뭐 끼인거 아니냐??,- dc official App,52,52.0,르끌 차 뒤에서 보니 바닥에 뭐 끼인거 아니냐?? - dc official App,르끌 차 뒤에서 보니 바닥에 뭐 끼인거 아니냐?? - dc official App,0.13658373057842255,0.21011264622211456,0.34541574120521545,0.12323770672082901,0.08265934884548187,0.10199075937271118
2024-09-22 22:27:41,이걸드가네,,52,52.0,이걸드가네 ,이걸드가네,0.10828098654747009,0.23717959225177765,0.30238983035087585,0.16614143550395966,0.07524138689041138,0.11076674610376358
2024-09-22 22:27:45,츠노다 나쁘진 안ㄹ은가…,36초대…,52,52.0,츠노다 나쁘진 안ㄹ은가… 36초대…,츠노다 나쁘진 안ㄹ은가… 36초대…,0.2058020681142807,0.3039371073246002,0.2453678697347641,0.09262018650770187,0.08083119988441467,0.07144155353307724
2024-09-22 22:27:47,아니 진짜 그냥 이렇게 끝난다고,좆노잼,52,52.0,아니 진짜 그냥 이렇게 끝난다고 좆노잼,아니 진짜 그냥 이렇게 끝난다고 좆노잼,0.1255917102098465,0.3010798990726471,0.14297278225421906,0.1931799054145813,0.16904804110527039,0.06812764704227448
2024-09-22 22:27:49,저거 스쳤다고 터지네..,노리스는 그냥 휠까지 부숴져야겠는데,52,52.0,저거 스쳤다고 터지네.. 노리스는 그냥 휠까지 부숴져야겠는데,저거 스쳤다고 터지네.. 노리스는 그냥 휠까지 부숴져야겠는데,0.08803186565637589,0.2851431965827942,0.20432503521442413,0.18377885222434998,0.15656180679798126,0.08215930312871933
2024-09-22 22:27:51,좀 느린데,,52,52.0,좀 느린데 ,좀 느린데,0.12595109641551971,0.30658450722694397,0.28476816415786743,0.11523959040641785,0.10171570628881454,0.06574089825153351
2024-09-22 22:27:52,뭐임 노잼 ㅡㅡ,,52,52.0,뭐임 노잼 ㅡㅡ ,뭐임 노잼 ㅡㅡ,0.13837172091007233,0.32987168431282043,0.15123656392097473,0.17368263006210327,0.15382346510887146,0.053013890981674194
2024-09-22 22:27:52,명불허전 황라리 전략팀ㅋㅋㅋㅋㅋㅋㅋㅋㅋㅋㅋㅋㅋ,,52,52.0,명불허전 황라리 전략팀ㅋㅋㅋㅋㅋㅋㅋㅋㅋㅋㅋㅋㅋ ,명불허전 황라리 전략팀ㅋㅋㅋㅋㅋㅋㅋㅋㅋㅋㅋㅋㅋ,0.6994478106498718,0.11920050531625748,0.06453337520360947,0.05275634676218033,0.03519364446401596,0.028868291527032852
2024-09-22 22:27:54,대그누센 살았놐ㅋㅋ,,52,52.0,대그누센 살았놐ㅋㅋ ,대그누센 살았놐ㅋㅋ,0.5106632113456726,0.17519612610340118,0.15227779746055603,0.07529512792825699,0.03175126388669014,0.05481647327542305
2024-09-22 22:27:55,1-2위 간격보소,"ㄷ
- dc official App",52,52.0,"1-2위 간격보소 ㄷ
- dc official App",1-2위 간격보소 ㄷ,0.10795088112354279,0.22007688879966736,0.3315220773220062,0.1528758555650711,0.07212952524423599,0.11544472724199295
2024-09-22 22:27:56,시발 살았아,- dc official App,52,52.0,시발 살았아 - dc official App,시발 살았아 - dc official App,0.18156513571739197,0.1854354739189148,0.12630297243595123,0.30712831020355225,0.14610278606414795,0.05346529930830002
2024-09-22 22:27:59,이걸 피트인 하네 ㅋㅋㅋ,,52,52.0,이걸 피트인 하네 ㅋㅋㅋ ,이걸 피트인 하네 ㅋㅋㅋ,0.26237303018569946,0.22897061705589294,0.2804678678512573,0.10815282166004181,0.04303981736302376,0.07699581980705261
2024-09-22 22:28:00,유머감각 상실 ㅜㅜ,ㅜㅜ,52,52.0,유머감각 상실 ㅜㅜ ㅜㅜ,유머감각 상실 ㅜㅜ ㅜㅜ,0.11926538497209549,0.2878623306751251,0.1322140246629715,0.17660178244113922,0.2061123251914978,0.0779440775513649
2024-09-22 22:27:58,저기서 펑쳐가났는데 안쳐박네 ㅅㅂ,,52,52.0,저기서 펑쳐가났는데 안쳐박네 ㅅㅂ ,저기서 펑쳐가났는데 안쳐박네 ㅅㅂ,0.11881126463413239,0.2029772698879242,0.13136298954486847,0.3177962601184845,0.18454040586948395,0.04451177269220352
2024-09-22 22:28:05,이걸 기어들어가네 ㅅㅂ,좀!!!,52,52.0,이걸 기어들어가네 ㅅㅂ 좀!!!,이걸 기어들어가네 ㅅㅂ 좀!!!,0.11153730750083923,0.22231654822826385,0.1330222636461258,0.3184308707714081,0.17131321132183075,0.04337979480624199
2024-09-22 22:28:06,케이막 감다뒤네 진짜,,52,52.0,케이막 감다뒤네 진짜 ,케이막 감다뒤네 진짜,0.22710439562797546,0.306680291891098,0.1201355904340744,0.1780339926481247,0.10408923029899597,0.06395653635263443
2024-09-22 22:28:08,아,아,52,52.0,아 아,아 아,0.544696033000946,0.17435304820537567,0.09457215666770935,0.09964451193809509,0.05828176811337471,0.028452536091208458
2024-09-22 22:28:10,이래도 세카가 안나와,,52,52.0,이래도 세카가 안나와 ,이래도 세카가 안나와,0.10425353795289993,0.2742964029312134,0.11071445047855377,0.2108331322669983,0.25200578570365906,0.04789670556783676
2024-09-22 22:28:13,드라이빙하다가 재채기해도 되고 쉬싸도 되고 똥지려도 되는데,"아마 유일하게 하면 좆되는 게 토하는 거임
그래서 토할 것 같다고 리타이어한 게 작년 사전트일걸",52,52.0,"드라이빙하다가 재채기해도 되고 쉬싸도 되고 똥지려도 되는데 아마 유일하게 하면 좆되는 게 토하는 거임
그래서 토할 것 같다고 리타이어한 게 작년 사전트일걸",드라이빙하다가 재채기해도 되고 쉬싸도 되고 똥지려도 되는데 아마 유일하게 하면 좆되는 게 토하는 거임 그래서 토할 것 같다고 리타이어한 게 작년 사전트일걸,0.08707401156425476,0.24926094710826874,0.20117121934890747,0.19302508234977722,0.16074687242507935,0.10872197896242142
2024-09-22 22:28:13,싱가포르 100% 세카전설이 사라지는구나,ㅠㅠ,52,52.0,싱가포르 100% 세카전설이 사라지는구나 ㅠㅠ,싱가포르 100% 세카전설이 사라지는구나 ㅠㅠ,0.11901623010635376,0.31124967336654663,0.15984851121902466,0.14038313925266266,0.1885451078414917,0.08095734566450119
2024-09-22 22:28:21,하 마그누센 ㅅㅂ 1도 도움 안되네,좀 박거나 멈추던가 둘중 하나만 했어야지,53,53.0,하 마그누센 ㅅㅂ 1도 도움 안되네 좀 박거나 멈추던가 둘중 하나만 했어야지,하 마그누센 ㅅㅂ 1도 도움 안되네 좀 박거나 멈추던가 둘중 하나만 했어야지,0.09928982704877853,0.23521682620048523,0.12425104528665543,0.27160266041755676,0.23243921995162964,0.037200432270765305
2024-09-22 22:28:21,시간도 일러서 잠도 안와ㅏ,ㅈㄱㄴ,53,53.0,시간도 일러서 잠도 안와ㅏ ㅈㄱㄴ,시간도 일러서 잠도 안와ㅏ ㅈㄱㄴ,0.15219014883041382,0.2577461302280426,0.10452069342136383,0.21190156042575836,0.22589907050132751,0.04774238169193268
2024-09-22 22:28:23,개씨발노잼이네,- dc official App,53,53.0,개씨발노잼이네 - dc official App,개씨발노잼이네 - dc official App,0.14116346836090088,0.2824452221393585,0.1349559873342514,0.22375336289405823,0.16848301887512207,0.04919895902276039
2024-09-22 22:28:26,F14T 입갤 ㅋㅋㅋㅋ,,53,53.0,F14T 입갤 ㅋㅋㅋㅋ ,F14T 입갤 ㅋㅋㅋㅋ,0.7033305168151855,0.10460929572582245,0.07446038722991943,0.056871894747018814,0.03379184007644653,0.026936069130897522
2024-09-22 22:28:26,노막피 엔딩 같은데,,53,53.0,노막피 엔딩 같은데 ,노막피 엔딩 같은데,0.14540304243564606,0.2805387079715729,0.3006114065647125,0.11032291501760483,0.09586174041032791,0.06726221740245819
2024-09-22 22:28:27,내년 맥라렌 애마 기술전,누가 차가 더 미친련인지 대결이노,53,53.0,내년 맥라렌 애마 기술전 누가 차가 더 미친련인지 대결이노,내년 맥라렌 애마 기술전 누가 차가 더 미친련인지 대결이노,0.0828234925866127,0.17489959299564362,0.27394941449165344,0.25551310181617737,0.13465507328510284,0.07815928757190704
2024-09-22 22:28:28,F14Tㅋㅋㅋㅋ,,53,53.0,F14Tㅋㅋㅋㅋ ,F14Tㅋㅋㅋㅋ,0.6480025053024292,0.12359454482793808,0.09560557454824448,0.07057185471057892,0.03396225720643997,0.02826325222849846
2024-09-22 22:28:29,청소기 빙의 ㄷㄷ,,53,53.0,청소기 빙의 ㄷㄷ ,청소기 빙의 ㄷㄷ,0.15607550740242004,0.2118692249059677,0.33796870708465576,0.12205943465232849,0.05343412980437279,0.1185929924249649
2024-09-22 22:28:31,자지 f14t 발언 ㅋㅋ,,53,53.0,자지 f14t 발언 ㅋㅋ ,자지 f14t 발언 ㅋㅋ,0.5760181546211243,0.15666919946670532,0.11502175778150558,0.08136684447526932,0.03621335327625275,0.034710656851530075
2024-09-22 22:28:33,쥬지야 박자,,53,53.0,쥬지야 박자 ,쥬지야 박자,0.6832227110862732,0.11523249745368958,0.07890430837869644,0.05543038994073868,0.03728348761796951,0.029926586896181107
2024-09-22 22:28:32,둘다 있어요ㅋㅋ,,53,53.0,둘다 있어요ㅋㅋ ,둘다 있어요ㅋㅋ,0.6049680709838867,0.14578652381896973,0.09359932690858841,0.07528693974018097,0.04635390639305115,0.03400520607829094
2024-09-22 22:28:34,F14..T....?,,53,53.0,F14..T....? ,F14..T....?,0.16943266987800598,0.23509129881858826,0.3387922942638397,0.10288488864898682,0.06926269084215164,0.08453618735074997
2024-09-22 22:28:35,러셀 개웃기네ㅋㅋㅋㅋ,ㅋㅋㅋㅋ,53,53.0,러셀 개웃기네ㅋㅋㅋㅋ ㅋㅋㅋㅋ,러셀 개웃기네ㅋㅋㅋㅋ ㅋㅋㅋㅋ,0.6549859046936035,0.1322195827960968,0.08502300828695297,0.06384918093681335,0.037463802844285965,0.026458511129021645
2024-09-22 22:28:35,아이햅어 펜 아이햅어 애플~,- dc official App,53,53.0,아이햅어 펜 아이햅어 애플~ - dc official App,아이햅어 펜 아이햅어 애플~ - dc official App,0.566068708896637,0.15447014570236206,0.12942427396774292,0.07725044339895248,0.04605055972933769,0.026735886931419373
2024-09-22 22:28:35,f14t ㅋㅋㅋㅋㅋㅋㅋㅋㅋ,,53,53.0,f14t ㅋㅋㅋㅋㅋㅋㅋㅋㅋ ,f14t ㅋㅋㅋㅋㅋㅋㅋㅋㅋ,0.6425251960754395,0.13048432767391205,0.0946861058473587,0.07025285065174103,0.033450495451688766,0.02860105223953724
2024-09-22 22:28:36,f14t ㅋㅋㅋㅋㅋㅋㅋ,,53,53.0,f14t ㅋㅋㅋㅋㅋㅋㅋ ,f14t ㅋㅋㅋㅋㅋㅋㅋ,0.6314788460731506,0.1330922245979309,0.0984475314617157,0.07392893731594086,0.03396998345851898,0.02908242680132389
2024-09-22 22:28:36,러셀 F14Tㅋㅋㅋㅋ,ㅋㅋㅋㅋ,53,53.0,러셀 F14Tㅋㅋㅋㅋ ㅋㅋㅋㅋ,러셀 F14Tㅋㅋㅋㅋ ㅋㅋㅋㅋ,0.6974350214004517,0.11146113276481628,0.0739268884062767,0.061862144619226456,0.03241764008998871,0.022897133603692055
2024-09-22 22:28:36,F14T 입갤 ㅋㅋㅋㅋㅋㅋㅋ,알론소 혼절,53,53.0,F14T 입갤 ㅋㅋㅋㅋㅋㅋㅋ 알론소 혼절,F14T 입갤 ㅋㅋㅋㅋㅋㅋㅋ 알론소 혼절,0.3409361243247986,0.2658449411392212,0.17733652889728546,0.09568333625793457,0.04763884097337723,0.07256019115447998
2024-09-22 22:28:36,미끌레 분노의질주 가나연???,,53,53.0,미끌레 분노의질주 가나연??? ,미끌레 분노의질주 가나연???,0.41890132427215576,0.19308701157569885,0.1899375468492508,0.08562307804822922,0.05270105600357056,0.0597500242292881
2024-09-22 22:28:37,W15T 선언ㄷㄷㄷㄷㄷㄷㄷ,ㄷㄷㄷㄷㄷㄷㄷㄷㄷㄷㄷㄷㄷㄷㄷ,53,53.0,W15T 선언ㄷㄷㄷㄷㄷㄷㄷ ㄷㄷㄷㄷㄷㄷㄷㄷㄷㄷㄷㄷㄷㄷㄷ,W15T 선언ㄷㄷㄷㄷㄷㄷㄷ ㄷㄷㄷㄷㄷㄷㄷㄷㄷㄷㄷㄷㄷㄷㄷ,0.20516544580459595,0.20463496446609497,0.3184814453125,0.11600174754858017,0.047494884580373764,0.10822154581546783
2024-09-22 22:28:39,언더스티어랑 오버스티어 다 난다 ㅋㅋㅋㅋ,ㅋㅋㅋㅋ,53,53.0,언더스티어랑 오버스티어 다 난다 ㅋㅋㅋㅋ ㅋㅋㅋㅋ,언더스티어랑 오버스티어 다 난다 ㅋㅋㅋㅋ ㅋㅋㅋㅋ,0.6066068410873413,0.1470348834991455,0.11093376576900482,0.07251524925231934,0.032826583832502365,0.03008277341723442
2024-09-22 22:28:39,F14T 입갤ㅋㅋㅋ,- dc official App,53,53.0,F14T 입갤ㅋㅋㅋ - dc official App,F14T 입갤ㅋㅋㅋ - dc official App,0.7011756896972656,0.10713153332471848,0.0759144127368927,0.05835753306746483,0.032432250678539276,0.024988548830151558
2024-09-22 22:28:40,쥬지 F14T입갤ㅋㅋㅋㅋㅋ,- dc official App,53,53.0,쥬지 F14T입갤ㅋㅋㅋㅋㅋ - dc official App,쥬지 F14T입갤ㅋㅋㅋㅋㅋ - dc official App,0.6935601830482483,0.10915669053792953,0.07986954599618912,0.061191897839307785,0.03165712207555771,0.024564502760767937
2024-09-22 22:28:40,아 씨발 시간죽이기도 좆박았네,- dc official App,53,53.0,아 씨발 시간죽이기도 좆박았네 - dc official App,아 씨발 시간죽이기도 좆박았네 - dc official App,0.13671839237213135,0.2115052193403244,0.10492163151502609,0.2986094355583191,0.200776144862175,0.04746907576918602
2024-09-22 22:28:42,양싸대기 쳐맞았노 ㅋㅋㅋㅋㅋㅋㅋ,,53,53.0,양싸대기 쳐맞았노 ㅋㅋㅋㅋㅋㅋㅋ ,양싸대기 쳐맞았노 ㅋㅋㅋㅋㅋㅋㅋ,0.16160866618156433,0.2629677355289459,0.19474853575229645,0.1974850296974182,0.08431170135736465,0.09887824207544327
2024-09-22 22:28:42,어차피 내년 시트 없잖아 벌점도 없잖아 !!!!!,"개꿀잼으로 만들어주지좀
- dc official App",53,53.0,"어차피 내년 시트 없잖아 벌점도 없잖아 !!!!! 개꿀잼으로 만들어주지좀
- dc official App",어차피 내년 시트 없잖아 벌점도 없잖아 !!!!! 개꿀잼으로 만들어주지좀,0.1931259036064148,0.27196165919303894,0.12662650644779205,0.17290011048316956,0.163449227809906,0.07193656265735626
2024-09-22 22:28:42,쥬지 씨발 ㅋㅋㅋㅋㅋㅋ,ㅋㅋ,53,53.0,쥬지 씨발 ㅋㅋㅋㅋㅋㅋ ㅋㅋ,쥬지 씨발 ㅋㅋㅋㅋㅋㅋ ㅋㅋ,0.6951490044593811,0.1150912418961525,0.07236023992300034,0.06153625249862671,0.03311818838119507,0.02274506911635399
2024-09-22 22:28:43,언더오벜ㅋㅋㅋ,ㅋㅋㅋ,53,53.0,언더오벜ㅋㅋㅋ ㅋㅋㅋ,언더오벜ㅋㅋㅋ ㅋㅋㅋ,0.676260232925415,0.12465827912092209,0.07981659471988678,0.06288363039493561,0.03237953409552574,0.024001676589250565
2024-09-22 22:28:43,ㅋㅋㄱㄲㅋㅋㅋ 펜파인애플아저씨도 아니곡ㄱㅋㅋㅋ,"ㅋㅋㅋ
- dc official App",53,53.0,"ㅋㅋㄱㄲㅋㅋㅋ 펜파인애플아저씨도 아니곡ㄱㅋㅋㅋ ㅋㅋㅋ
- dc official App",ㅋㅋㄱㄲㅋㅋㅋ 펜파인애플아저씨도 아니곡ㄱㅋㅋㅋ ㅋㅋㅋ,0.4243958294391632,0.23272882401943207,0.14117705821990967,0.1084899827837944,0.04903167486190796,0.04417663812637329
2024-09-22 22:28:44,이걸 기어들어가냐,세카 부르라고,53,53.0,이걸 기어들어가냐 세카 부르라고,이걸 기어들어가냐 세카 부르라고,0.08601988106966019,0.22537671029567719,0.2628462612628937,0.21370266377925873,0.14805695414543152,0.06399750709533691
2024-09-22 22:28:43,원하는대로는 못가노 ㅋㅋㅋㅋㅋㅋ,ㅋㅋㅋㅋㅋㅋㅋㅋㅋ,53,53.0,원하는대로는 못가노 ㅋㅋㅋㅋㅋㅋ ㅋㅋㅋㅋㅋㅋㅋㅋㅋ,원하는대로는 못가노 ㅋㅋㅋㅋㅋㅋ ㅋㅋㅋㅋㅋㅋㅋㅋㅋ,0.14111173152923584,0.31215015053749084,0.1122029647231102,0.1892678141593933,0.17685359716415405,0.06841373443603516
2024-09-22 22:28:46,이 정도로 세카 안 나올 줄이야,,53,53.0,이 정도로 세카 안 나올 줄이야 ,이 정도로 세카 안 나올 줄이야,0.10622713714838028,0.3072446882724762,0.2614870071411133,0.12244902551174164,0.09699884057044983,0.10559326410293579
2024-09-22 22:28:46,세카 선언 ㅋㅋㅋㅋㅋㅋ,,53,53.0,세카 선언 ㅋㅋㅋㅋㅋㅋ ,세카 선언 ㅋㅋㅋㅋㅋㅋ,0.7250311970710754,0.10274145752191544,0.06229575350880623,0.051621053367853165,0.035014405846595764,0.02329603210091591
2024-09-22 22:28:48,W14T ㅋㅋㅋㅋㅋ,,53,53.0,W14T ㅋㅋㅋㅋㅋ ,W14T ㅋㅋㅋㅋㅋ,0.6523686647415161,0.1244438961148262,0.09163057059049606,0.06929890066385269,0.03414461389183998,0.028113365173339844
2024-09-22 22:28:49,F14Tㅋㅋㅋㅋㅋㅋㅋ,존나웃기네,53,53.0,F14Tㅋㅋㅋㅋㅋㅋㅋ 존나웃기네,F14Tㅋㅋㅋㅋㅋㅋㅋ 존나웃기네,0.6155952215194702,0.1468425840139389,0.10199832916259766,0.07309470325708389,0.03545500338077545,0.027014197781682014
2024-09-22 22:28:49,쥬지 W15=F14Tㅋㅋㅋㅋㅋㅋㅋ,,53,53.0,쥬지 W15=F14Tㅋㅋㅋㅋㅋㅋㅋ ,쥬지 W15=F14Tㅋㅋㅋㅋㅋㅋㅋ,0.6081087589263916,0.14298006892204285,0.11151999235153198,0.07349615544080734,0.03263137862086296,0.031263649463653564
2024-09-22 22:28:49,쥬지 F14T 선언 ㅋㅋㅋㅋㅋㅋㅋㅋ,,53,53.0,쥬지 F14T 선언 ㅋㅋㅋㅋㅋㅋㅋㅋ ,쥬지 F14T 선언 ㅋㅋㅋㅋㅋㅋㅋㅋ,0.7033571004867554,0.10894513875246048,0.0744338184595108,0.0561634786427021,0.031449511647224426,0.025651011615991592
2024-09-22 22:28:50,얘도 똥차 경험 다 하네,오우,53,53.0,얘도 똥차 경험 다 하네 오우,얘도 똥차 경험 다 하네 오우,0.12323024868965149,0.22112946212291718,0.30506274104118347,0.13347309827804565,0.06932642310857773,0.14777803421020508
2024-09-22 22:28:54,노리스 소프트로 갈아껴서 sts 증명해야지,막스였으면 무조건 갈아낄텐데,53,53.0,노리스 소프트로 갈아껴서 sts 증명해야지 막스였으면 무조건 갈아낄텐데,노리스 소프트로 갈아껴서 sts 증명해야지 막스였으면 무조건 갈아낄텐데,0.13206639885902405,0.2863371968269348,0.3037755787372589,0.10410581529140472,0.09805209934711456,0.07566287368535995
2024-09-22 22:28:54,ㅋㅋㅋㅋㅋㅋㅋㅋㅋ,- dc official App,53,53.0,ㅋㅋㅋㅋㅋㅋㅋㅋㅋ - dc official App,ㅋㅋㅋㅋㅋㅋㅋㅋㅋ - dc official App,0.6694941520690918,0.1211392730474472,0.08851080387830734,0.0660644993185997,0.03250196576118469,0.022289246320724487
2024-09-22 22:28:54,피아제  더멀어지네ㅋㅋ,"씹ㅋ타이어 10렙차
서로 프리라이딩인데뭐누",53,53.0,"피아제  더멀어지네ㅋㅋ 씹ㅋ타이어 10렙차
서로 프리라이딩인데뭐누",피아제 더멀어지네ㅋㅋ 씹ㅋ타이어 10렙차 서로 프리라이딩인데뭐누,0.07699129730463028,0.30877572298049927,0.15907132625579834,0.1861022710800171,0.1922418475151062,0.07681749016046524
2024-09-22 22:28:55,안 돌아가는데 너무 많이 돌아가는 차 ㅋㅋㅋㅋ,,53,53.0,안 돌아가는데 너무 많이 돌아가는 차 ㅋㅋㅋㅋ ,안 돌아가는데 너무 많이 돌아가는 차 ㅋㅋㅋㅋ,0.39117956161499023,0.24225947260856628,0.1636878252029419,0.0892891213297844,0.059533413499593735,0.054050639271736145
2024-09-22 22:28:56,F14Tㅋㅋㅋㅋㅋ,ㅋㅋㅋ,53,53.0,F14Tㅋㅋㅋㅋㅋ ㅋㅋㅋ,F14Tㅋㅋㅋㅋㅋ ㅋㅋㅋ,0.6640512347221375,0.12509112060070038,0.08665524423122406,0.06590250879526138,0.03279130160808563,0.025508608669042587
2024-09-22 22:28:57,언더오버 ㅋㅋㅋㅋㅋㅋ,,53,53.0,언더오버 ㅋㅋㅋㅋㅋㅋ ,언더오버 ㅋㅋㅋㅋㅋㅋ,0.6790809631347656,0.11725644022226334,0.08247824758291245,0.0634024515748024,0.0330212377011776,0.02476065792143345
2024-09-22 22:28:58,쥬지 F14T 입갤 ㅋㅋ,ㅋㅋㅋ,53,53.0,쥬지 F14T 입갤 ㅋㅋ ㅋㅋㅋ,쥬지 F14T 입갤 ㅋㅋ ㅋㅋㅋ,0.7022733092308044,0.10794027894735336,0.07556755840778351,0.05631184205412865,0.031553205102682114,0.026353828608989716
2024-09-22 22:29:01,이 페이스면 인터벌 38초정도 나려나?,랩마다 시간 벌어지네,53,53.0,이 페이스면 인터벌 38초정도 나려나? 랩마다 시간 벌어지네,이 페이스면 인터벌 38초정도 나려나? 랩마다 시간 벌어지네,0.1750134825706482,0.2885572016239166,0.27589085698127747,0.09619609266519547,0.0713152214884758,0.0930270403623581
2024-09-22 22:29:02,쥬지 머고 ㅋㅋㅋㅋㅋㅋ,개웃기네 ㅋㅋㅋㅋㅋㅋㅋㅋㅋㅋㅋㅋㅋㅋㅋ,53,53.0,쥬지 머고 ㅋㅋㅋㅋㅋㅋ 개웃기네 ㅋㅋㅋㅋㅋㅋㅋㅋㅋㅋㅋㅋㅋㅋㅋ,쥬지 머고 ㅋㅋㅋㅋㅋㅋ 개웃기네 ㅋㅋㅋㅋㅋㅋㅋㅋㅋㅋㅋㅋㅋㅋㅋ,0.6136192679405212,0.14616435766220093,0.11045493185520172,0.06847216188907623,0.033016931265592575,0.028272323310375214
2024-09-22 22:29:02,피아제 슬슬 몽골하고 간격 좁히려다가 박살났네,레이스가 저래서 예측 불가하구나,53,53.0,피아제 슬슬 몽골하고 간격 좁히려다가 박살났네 레이스가 저래서 예측 불가하구나,피아제 슬슬 몽골하고 간격 좁히려다가 박살났네 레이스가 저래서 예측 불가하구나,0.09244370460510254,0.2495913803577423,0.31800270080566406,0.12433038651943207,0.09475528448820114,0.1208765059709549
2024-09-22 22:29:02,콜라 페이스 확 느려졌노,ㄲㅂ,53,53.0,콜라 페이스 확 느려졌노 ㄲㅂ,콜라 페이스 확 느려졌노 ㄲㅂ,0.14924535155296326,0.3489244878292084,0.12089084833860397,0.16308042407035828,0.17456454038619995,0.04329432547092438
2024-09-22 22:29:04,쥬지 원래 저렇게 웃겼냐?,갈수록 개그화 되노,53,53.0,쥬지 원래 저렇게 웃겼냐? 갈수록 개그화 되노,쥬지 원래 저렇게 웃겼냐? 갈수록 개그화 되노,0.21607841551303864,0.2777051627635956,0.2617945969104767,0.09690804779529572,0.049257826060056686,0.0982559323310852
2024-09-22 22:29:05,GW15Tㅋㅋㅋㅋ,- dc official App,53,53.0,GW15Tㅋㅋㅋㅋ - dc official App,GW15Tㅋㅋㅋㅋ - dc official App,0.6238226294517517,0.12968124449253082,0.10943108797073364,0.07497245073318481,0.035964492708444595,0.026128163561224937
2024-09-22 22:29:05,러셀까지 잡아보자,,53,53.0,러셀까지 잡아보자 ,러셀까지 잡아보자,0.540091335773468,0.16619497537612915,0.13383889198303223,0.06670733541250229,0.04677467420697212,0.04639286547899246
2024-09-22 22:29:07,르끌 ㅈㄴ 무섭게 달려가네ㅋㅋㅋㅋㅋㅋ,- dc official App,53,53.0,르끌 ㅈㄴ 무섭게 달려가네ㅋㅋㅋㅋㅋㅋ - dc official App,르끌 ㅈㄴ 무섭게 달려가네ㅋㅋㅋㅋㅋㅋ - dc official App,0.23155167698860168,0.2313700020313263,0.293024480342865,0.09869734942913055,0.04582326114177704,0.09953325241804123
2024-09-22 22:29:09,알국왕 트리커 언급ㅋㅋ,"ㅋㅋ
- ORACLE RED BULL RACING RB20",53,53.0,"알국왕 트리커 언급ㅋㅋ ㅋㅋ
- ORACLE RED BULL RACING RB20",알국왕 트리커 언급ㅋㅋ ㅋㅋ - ORACLE RED BULL RACING RB20,0.6128841638565063,0.13978126645088196,0.10990501940250397,0.07610873878002167,0.03322431072592735,0.02809644304215908
2024-09-22 22:29:16,세카 안나온게 몇경기째냐,징하네 진짜,53,53.0,세카 안나온게 몇경기째냐 징하네 진짜,세카 안나온게 몇경기째냐 징하네 진짜,0.09252103418111801,0.2214687168598175,0.13034620881080627,0.2759521007537842,0.22284162044525146,0.05687034875154495
2024-09-22 22:29:20,영국알론소 시팔ㅋㅋㅋㅋㅋㅋㅋ,,53,53.0,영국알론소 시팔ㅋㅋㅋㅋㅋㅋㅋ ,영국알론소 시팔ㅋㅋㅋㅋㅋㅋㅋ,0.1366928070783615,0.24186450242996216,0.15478181838989258,0.27925825119018555,0.116074338555336,0.07132831960916519
2024-09-22 22:29:21,세카떠서 스프린트뜨자 제발,,53,53.0,세카떠서 스프린트뜨자 제발 ,세카떠서 스프린트뜨자 제발,0.28313007950782776,0.21332283318042755,0.16027282178401947,0.14593327045440674,0.1298350840806961,0.06750589609146118
2024-09-22 22:29:23,노리스는 시발 뭔데,"계속 쳐 벌어지네 진짜 뭐냐?
맥라렌 씨발같은차 저거 다 뜯어봐라
- dc official App",53,53.0,"노리스는 시발 뭔데 계속 쳐 벌어지네 진짜 뭐냐?
맥라렌 씨발같은차 저거 다 뜯어봐라
- dc official App",노리스는 시발 뭔데 계속 쳐 벌어지네 진짜 뭐냐? 맥라렌 씨발같은차 저거 다 뜯어봐라,0.11493243277072906,0.17279845476150513,0.16414031386375427,0.30279460549354553,0.19082729518413544,0.05450690910220146
2024-09-22 22:29:26,페라리 퀄리 잘했으면 포디움에 한놈은 끼워넣었겠다,맥라렌만은 아니어도 페이스 좋네,53,53.0,페라리 퀄리 잘했으면 포디움에 한놈은 끼워넣었겠다 맥라렌만은 아니어도 페이스 좋네,페라리 퀄리 잘했으면 포디움에 한놈은 끼워넣었겠다 맥라렌만은 아니어도 페이스 좋네,0.29281651973724365,0.23047636449337006,0.25074806809425354,0.07994546741247177,0.051822591572999954,0.09419098496437073
2024-09-22 22:29:25,르끌 한 P3만 했어도 씨발아,우승이었는데,53,53.0,르끌 한 P3만 했어도 씨발아 우승이었는데,르끌 한 P3만 했어도 씨발아 우승이었는데,0.07577255368232727,0.2376168817281723,0.1782747060060501,0.23013246059417725,0.22382520139217377,0.05437813326716423
2024-09-22 22:29:26,이번 시즌 존나 재미있는데 존나 재미없음 ㅇㅇ,"뭔가 그럼 ㅅㅂ ㅋㅋㅋㅋ
ㅅㅂ 존나 재미있는데
왠지 존나 재미가 없어.
셒카 좀 시발 이제 떠라
- dc official App",53,53.0,"이번 시즌 존나 재미있는데 존나 재미없음 ㅇㅇ 뭔가 그럼 ㅅㅂ ㅋㅋㅋㅋ
ㅅㅂ 존나 재미있는데
왠지 존나 재미가 없어.
셒카 좀 시발 이제 떠라
- dc official App",이번 시즌 존나 재미있는데 존나 재미없음 ㅇㅇ 뭔가 그럼 ㅅㅂ ㅋㅋㅋㅋ ㅅㅂ 존나 재미있는데 왠지 존나 재미가 없어. 셒카 좀 시발 이제 떠라,0.12542518973350525,0.2683384120464325,0.13185197114944458,0.221652552485466,0.17978353798389435,0.07294832915067673
2024-09-22 22:29:26,해물탕은 언놈이 소프트 끼자고 한겨??,"지가 캣으면 코미디인데
- dc official App",53,53.0,"해물탕은 언놈이 소프트 끼자고 한겨?? 지가 캣으면 코미디인데
- dc official App",해물탕은 언놈이 소프트 끼자고 한겨?? 지가 캣으면 코미디인데,0.09917938709259033,0.2686845362186432,0.2845885157585144,0.15867847204208374,0.10552310943603516,0.08334599435329437
2024-09-22 22:29:29,벽과뽀뽀 ㄷㄷ,,53,53.0,벽과뽀뽀 ㄷㄷ ,벽과뽀뽀 ㄷㄷ,0.2786343991756439,0.21316419541835785,0.2880718410015106,0.09290773421525955,0.03943586349487305,0.08778592199087143
2024-09-22 22:29:29,쿠팡 껏다,재미가 없다,53,53.0,쿠팡 껏다 재미가 없다,쿠팡 껏다 재미가 없다,0.12963177263736725,0.32207635045051575,0.1226438581943512,0.1702103316783905,0.2065206617116928,0.048917051404714584
2024-09-22 22:29:35,르끌 페이스 ㅋㅋㅋㅋㅋ,"ㅇ
- dc official App",53,53.0,"르끌 페이스 ㅋㅋㅋㅋㅋ ㅇ
- dc official App",르끌 페이스 ㅋㅋㅋㅋㅋ ㅇ,0.5439446568489075,0.18249648809432983,0.10343321412801743,0.08926111459732056,0.048298802226781845,0.03256569802761078
2024-09-22 22:29:36,좃끌이 러셀까지 따면 오늘 DOD 먹겠네,못 따면 피아제도 DOD 가능할 듯,53,53.0,좃끌이 러셀까지 따면 오늘 DOD 먹겠네 못 따면 피아제도 DOD 가능할 듯,좃끌이 러셀까지 따면 오늘 DOD 먹겠네 못 따면 피아제도 DOD 가능할 듯,0.23840171098709106,0.2146933674812317,0.2966156303882599,0.09236429631710052,0.059871427714824677,0.09805355221033096
2024-09-22 22:29:37,체황 9등 ㄱㄴ??,- dc official App,53,53.0,체황 9등 ㄱㄴ?? - dc official App,체황 9등 ㄱㄴ?? - dc official App,0.3426852226257324,0.20610560476779938,0.2637673020362854,0.08321941643953323,0.04628085345029831,0.057941559702157974
2024-09-22 22:29:37,벽에 키스ㅋㅋㅋ,- dc official App,53,53.0,벽에 키스ㅋㅋㅋ - dc official App,벽에 키스ㅋㅋㅋ - dc official App,0.664399266242981,0.12175319343805313,0.09532236307859421,0.06290392577648163,0.029520656913518906,0.026100648567080498
2024-09-22 22:29:38,러셀 펑처암시????,,53,53.0,러셀 펑처암시???? ,러셀 펑처암시????,0.288224458694458,0.21002431213855743,0.28774145245552063,0.09589152783155441,0.05078837275505066,0.06732993572950363
2024-09-22 22:29:39,근데 똥차면 쥬지한테 좋은거아님?,얘 똥차취향이잖아,53,53.0,근데 똥차면 쥬지한테 좋은거아님? 얘 똥차취향이잖아,근데 똥차면 쥬지한테 좋은거아님? 얘 똥차취향이잖아,0.16481345891952515,0.2673506438732147,0.28698498010635376,0.10717824101448059,0.05551698058843613,0.11815571039915085
2024-09-22 22:29:36,노몽 30초 찍겠다 ㅅㅂ,,53,53.0,노몽 30초 찍겠다 ㅅㅂ ,노몽 30초 찍겠다 ㅅㅂ,0.10007057338953018,0.18571196496486664,0.13012242317199707,0.29090315103530884,0.24643342196941376,0.04675847664475441
2024-09-22 22:29:39,막스 피아제 안 쥴어드네,저번 그랑프리 노리스 막스 쫓아오는거는 ㅈㄴ 무서웠는데,53,53.0,막스 피아제 안 쥴어드네 저번 그랑프리 노리스 막스 쫓아오는거는 ㅈㄴ 무서웠는데,막스 피아제 안 쥴어드네 저번 그랑프리 노리스 막스 쫓아오는거는 ㅈㄴ 무서웠는데,0.10711375623941422,0.20440033078193665,0.3256455361843109,0.14491675794124603,0.08332723379135132,0.13459640741348267
2024-09-22 22:29:41,아니 싱가포르에서마저 셒카가 안뜨면 어떡하냐,라스베가스 맨홀뚜껑이라도 열어놔야하나?,53,53.0,아니 싱가포르에서마저 셒카가 안뜨면 어떡하냐 라스베가스 맨홀뚜껑이라도 열어놔야하나?,아니 싱가포르에서마저 셒카가 안뜨면 어떡하냐 라스베가스 맨홀뚜껑이라도 열어놔야하나?,0.0892624631524086,0.29973411560058594,0.17699550092220306,0.15173302590847015,0.1984410583972931,0.08383388072252274
2024-09-22 22:29:43,쥬지 벽과 키스ㅋㅋㅋ,,53,53.0,쥬지 벽과 키스ㅋㅋㅋ ,쥬지 벽과 키스ㅋㅋㅋ,0.6816933751106262,0.11496323347091675,0.08728662133216858,0.05937619507312775,0.029691126197576523,0.02698947861790657
2024-09-22 22:29:44,올해는 왜케 세카가 안나오냨ㅋㅋㅋ 어이가없네,ㅋㅋㅋㅋ,53,53.0,올해는 왜케 세카가 안나오냨ㅋㅋㅋ 어이가없네 ㅋㅋㅋㅋ,올해는 왜케 세카가 안나오냨ㅋㅋㅋ 어이가없네 ㅋㅋㅋㅋ,0.14254526793956757,0.3226073384284973,0.13113684952259064,0.2138771414756775,0.12348317354917526,0.06635026633739471
2024-09-22 22:29:46,벽에 키스는 쥬지평ㅋㅋ,- dc official App,53,53.0,벽에 키스는 쥬지평ㅋㅋ - dc official App,벽에 키스는 쥬지평ㅋㅋ - dc official App,0.6504067778587341,0.1272704005241394,0.09716492891311646,0.06612735241651535,0.03160950914025307,0.02742096222937107
2024-09-22 22:29:48,러셀 꿈과 희망 찾으러 갈 뻔ㅋㅋㅋㅋ,ㅋㅋㅋ,53,53.0,러셀 꿈과 희망 찾으러 갈 뻔ㅋㅋㅋㅋ ㅋㅋㅋ,러셀 꿈과 희망 찾으러 갈 뻔ㅋㅋㅋㅋ ㅋㅋㅋ,0.6964349150657654,0.11651436984539032,0.062796451151371,0.06035373732447624,0.03849446401000023,0.02540603280067444
2024-09-22 22:29:48,벽뽀뽀 ㄷㄷ,벽을 얼마나 사랑하는거냐,53,53.0,벽뽀뽀 ㄷㄷ 벽을 얼마나 사랑하는거냐,벽뽀뽀 ㄷㄷ 벽을 얼마나 사랑하는거냐,0.3870376944541931,0.19669675827026367,0.2183370441198349,0.07841993868350983,0.03711102902889252,0.08239755034446716
2024-09-22 22:29:49,어제 퀄리만 잘했어도... 에효 ㅈ라리,페이스 좋은데 ㅠㅠ p5정도만 했었어도,53,53.0,어제 퀄리만 잘했어도... 에효 ㅈ라리 페이스 좋은데 ㅠㅠ p5정도만 했었어도,어제 퀄리만 잘했어도... 에효 ㅈ라리 페이스 좋은데 ㅠㅠ p5정도만 했었어도,0.09809582680463791,0.2638795077800751,0.1494400054216385,0.17973515391349792,0.2405000627040863,0.0683494284749031
2024-09-22 22:29:50,아이브힛더월ㅋㅋㅋㅋ,- dc official App,53,53.0,아이브힛더월ㅋㅋㅋㅋ - dc official App,아이브힛더월ㅋㅋㅋㅋ - dc official App,0.6855628490447998,0.11111743748188019,0.08235091716051102,0.06387096643447876,0.03517713397741318,0.02192065119743347
2024-09-22 22:29:50,키스더월ㅋㅋㅋ,ㅋㅋ,53,53.0,키스더월ㅋㅋㅋ ㅋㅋ,키스더월ㅋㅋㅋ ㅋㅋ,0.6814183592796326,0.1173742264509201,0.08149029314517975,0.06320396810770035,0.03335672989487648,0.023156430572271347
2024-09-22 22:29:53,진짜 재밌는데 재미없는 시즌이다,- dc official App,53,53.0,진짜 재밌는데 재미없는 시즌이다 - dc official App,진짜 재밌는데 재미없는 시즌이다 - dc official App,0.18095223605632782,0.3233191668987274,0.12312912195920944,0.16400377452373505,0.15603475272655487,0.05256094038486481
2024-09-22 22:29:55,아니 한번 개박살 나야 재밌는건데;,,53,53.0,아니 한번 개박살 나야 재밌는건데; ,아니 한번 개박살 나야 재밌는건데;,0.08299262076616287,0.3108437955379486,0.19586439430713654,0.17367494106292725,0.14022137224674225,0.09640286862850189
2024-09-22 22:30:00,월 키서 입갤 ㅋㅋㅋㅋ,셉카 드가자~~~,54,54.0,월 키서 입갤 ㅋㅋㅋㅋ 셉카 드가자~~~,월 키서 입갤 ㅋㅋㅋㅋ 셉카 드가자~~~,0.7032712697982788,0.10834323614835739,0.06906596571207047,0.0562162883579731,0.035520900040864944,0.027582267299294472
2024-09-22 22:30:01,도마뱀이라도 나왔으면 좋겠네..,- dc official App,54,54.0,도마뱀이라도 나왔으면 좋겠네.. - dc official App,도마뱀이라도 나왔으면 좋겠네.. - dc official App,0.1958787888288498,0.26720407605171204,0.19147135317325592,0.12422271817922592,0.12886975705623627,0.09235331416130066
2024-09-22 22:30:01,라티피 마제핀 슈마허 그립습니다,,54,54.0,라티피 마제핀 슈마허 그립습니다 ,라티피 마제핀 슈마허 그립습니다,0.37032732367515564,0.2122700810432434,0.13530588150024414,0.11139906197786331,0.12288320064544678,0.04781452193856239
2024-09-22 22:30:02,몽골 차빨새끼 개느리노,,54,54.0,몽골 차빨새끼 개느리노 ,몽골 차빨새끼 개느리노,0.1506231725215912,0.19313140213489532,0.1468653678894043,0.32181617617607117,0.12441262602806091,0.0631512850522995
2024-09-22 22:30:02,체코가 헐크 넘으면서 사고 내는게 유일한 희망일듯,그거 말곤 껀덕지도 없다,54,54.0,체코가 헐크 넘으면서 사고 내는게 유일한 희망일듯 그거 말곤 껀덕지도 없다,체코가 헐크 넘으면서 사고 내는게 유일한 희망일듯 그거 말곤 껀덕지도 없다,0.08178222179412842,0.2961898744106293,0.20341184735298157,0.12185902893543243,0.20304426550865173,0.09371273964643478
2024-09-22 22:30:03,체코는 대체 왜 헐크를 못넘는거냐,보는사람이 다 답답하네 ㅋㅋㅋㅋㅋ,54,54.0,체코는 대체 왜 헐크를 못넘는거냐 보는사람이 다 답답하네 ㅋㅋㅋㅋㅋ,체코는 대체 왜 헐크를 못넘는거냐 보는사람이 다 답답하네 ㅋㅋㅋㅋㅋ,0.08849041908979416,0.30065006017684937,0.18642361462116241,0.20682333409786224,0.13621112704277039,0.08140147477388382
2024-09-22 22:30:05,페라리 차 성능 개쩌는건 맞는듯,싱가폴에서 P9출발해서 4~5등 노리고있노 ㄷㄷ,54,54.0,페라리 차 성능 개쩌는건 맞는듯 싱가폴에서 P9출발해서 4~5등 노리고있노 ㄷㄷ,페라리 차 성능 개쩌는건 맞는듯 싱가폴에서 P9출발해서 4~5등 노리고있노 ㄷㄷ,0.1506190448999405,0.2029293328523636,0.33616694808006287,0.12609465420246124,0.052471183240413666,0.13171881437301636
2024-09-22 22:30:06,오늘 제일 재밌는거 -> 안캐 그리드 소개,ㄹㅇ,54,54.0,오늘 제일 재밌는거 -> 안캐 그리드 소개 ㄹㅇ,오늘 제일 재밌는거 -> 안캐 그리드 소개 ㄹㅇ,0.7067925930023193,0.11864186823368073,0.059541136026382446,0.054529961198568344,0.03639194741845131,0.024102509021759033
2024-09-22 22:30:12,보타스 느린이유,"좌측 리어타이어 온도 병신임
지혼자만90도
저우는 문제없는듯
- dc official App",54,54.0,"보타스 느린이유 좌측 리어타이어 온도 병신임
지혼자만90도
저우는 문제없는듯
- dc official App",보타스 느린이유 좌측 리어타이어 온도 병신임 지혼자만90도 저우는 문제없는듯,0.07974676042795181,0.244252547621727,0.30050167441368103,0.15758831799030304,0.13732196390628815,0.08058875799179077
2024-09-22 22:30:14,헐크 똥꼬만 30랩째 보고 있는 체황,"ㅋㅋ
- dc official App",54,54.0,"헐크 똥꼬만 30랩째 보고 있는 체황 ㅋㅋ
- dc official App",헐크 똥꼬만 30랩째 보고 있는 체황 ㅋㅋ,0.14183832705020905,0.3215749263763428,0.1496046930551529,0.17801252007484436,0.11957491934299469,0.08939462900161743
2024-09-22 22:30:16,체코야 제발 나가다오,ㅋㅋ,54,54.0,체코야 제발 나가다오 ㅋㅋ,체코야 제발 나가다오 ㅋㅋ,0.4296582043170929,0.18889275193214417,0.0839211568236351,0.14282162487506866,0.11102746427059174,0.043678801506757736
2024-09-22 22:30:20,러셀 뭐라 한거임?,그냥 아예 f14t 라고 함?,54,54.0,러셀 뭐라 한거임? 그냥 아예 f14t 라고 함?,러셀 뭐라 한거임? 그냥 아예 f14t 라고 함?,0.13690419495105743,0.2384669929742813,0.3412395119667053,0.11320371925830841,0.08357910066843033,0.08660639077425003
2024-09-22 22:30:23,체코야 세이프티 한번만,ㅠㅍㅅㅍㅎ,54,54.0,체코야 세이프티 한번만 ㅠㅍㅅㅍㅎ,체코야 세이프티 한번만 ㅠㅍㅅㅍㅎ,0.45558860898017883,0.18786919116973877,0.10110041499137878,0.09676611423492432,0.10821656882762909,0.05045917630195618
2024-09-22 22:30:23,몽골견 정상화는 노창섭,- dc official App,54,54.0,몽골견 정상화는 노창섭 - dc official App,몽골견 정상화는 노창섭 - dc official App,0.3696662187576294,0.21497873961925507,0.221289724111557,0.09507695585489273,0.05654563382267952,0.042442686855793
2024-09-22 22:30:25,셒카 100프로 깨지겠네,,54,54.0,셒카 100프로 깨지겠네 ,셒카 100프로 깨지겠네,0.08664878457784653,0.3081444203853607,0.2420835793018341,0.12467372417449951,0.15428213775157928,0.08416733890771866
2024-09-22 22:30:29,‼+‼+이새끼 갑자기 그리우면 개추‼+‼+,음해해서 죄송합니다...GOAT,54,54.0,‼+‼+이새끼 갑자기 그리우면 개추‼+‼+ 음해해서 죄송합니다...GOAT,‼+‼+이새끼 갑자기 그리우면 개추‼+‼+ 음해해서 죄송합니다...GOAT,0.523090124130249,0.15542156994342804,0.08823279291391373,0.08899012207984924,0.09110835194587708,0.05315699800848961
2024-09-22 22:30:30,체코야 걍 넘으려고 하지마,- dc official App,54,54.0,체코야 걍 넘으려고 하지마 - dc official App,체코야 걍 넘으려고 하지마 - dc official App,0.12272909283638,0.28091704845428467,0.3037586212158203,0.09941966086626053,0.09566931426525116,0.09750630706548691
2024-09-22 22:30:38,뭐야 아까 사인지 15그리드아니였음??,쉬고왔더니 7까지 올렸노,54,54.0,뭐야 아까 사인지 15그리드아니였음?? 쉬고왔더니 7까지 올렸노,뭐야 아까 사인지 15그리드아니였음?? 쉬고왔더니 7까지 올렸노,0.10518422722816467,0.2782476842403412,0.2643013596534729,0.15219824016094208,0.09840709716081619,0.10166147351264954
2024-09-22 22:30:44,페레즈 제발 사고 제발 나가리,ㅇㅇ,54,54.0,페레즈 제발 사고 제발 나가리 ㅇㅇ,페레즈 제발 사고 제발 나가리 ㅇㅇ,0.20505225658416748,0.20620600879192352,0.12561507523059845,0.24817617237567902,0.15678882598876953,0.05816158652305603
2024-09-22 22:30:58,체코 땜에 컨챔 2위도 따이겠네,"에휴
- dc official App",54,54.0,"체코 땜에 컨챔 2위도 따이겠네 에휴
- dc official App",체코 땜에 컨챔 2위도 따이겠네 에휴,0.0723055973649025,0.29114294052124023,0.19063134491443634,0.15083539485931396,0.2308792620897293,0.06420543044805527
2024-09-22 22:30:59,피아제 몽골 딴다는 빡대갈들 많은거 보고,"레이스가 역대급 개노잼이 맞다는걸 다시 깨달음
똑똑한 애들은 이미 다 퇴근하고 대가리 깨진 멍청이들만 남았음",54,54.0,"피아제 몽골 딴다는 빡대갈들 많은거 보고 레이스가 역대급 개노잼이 맞다는걸 다시 깨달음
똑똑한 애들은 이미 다 퇴근하고 대가리 깨진 멍청이들만 남았음",피아제 몽골 딴다는 빡대갈들 많은거 보고 레이스가 역대급 개노잼이 맞다는걸 다시 깨달음 똑똑한 애들은 이미 다 퇴근하고 대가리 깨진 멍청이들만 남았음,0.0713513046503067,0.23367775976657867,0.2224505990743637,0.20457780361175537,0.1825377494096756,0.0854048803448677
2024-09-22 22:31:02,좀 갖다 박아라 아무나,알국왕님 맛좀보자,54,54.0,좀 갖다 박아라 아무나 알국왕님 맛좀보자,좀 갖다 박아라 아무나 알국왕님 맛좀보자,0.4183884561061859,0.16747546195983887,0.14208848774433136,0.11148344725370407,0.08652665466070175,0.07403743267059326
2024-09-22 22:31:03,황올 글 어디갔냐 거의 맞췄는데,- dc official App,54,54.0,황올 글 어디갔냐 거의 맞췄는데 - dc official App,황올 글 어디갔냐 거의 맞췄는데 - dc official App,0.14065225422382355,0.2777879238128662,0.3129689693450928,0.11187278479337692,0.07719261199235916,0.07952544838190079
2024-09-22 22:31:03,아니 시발 노리스랑 랩탐을 ㅋㅋㅋ,,54,54.0,아니 시발 노리스랑 랩탐을 ㅋㅋㅋ ,아니 시발 노리스랑 랩탐을 ㅋㅋㅋ,0.13866037130355835,0.27513036131858826,0.20980499684810638,0.18975664675235748,0.08752793073654175,0.0991196408867836
2024-09-22 22:31:09,노리스 얘길 왜해ㅋㅋㅋㅋ,ㅋㅋㅋ,54,54.0,노리스 얘길 왜해ㅋㅋㅋㅋ ㅋㅋㅋ,노리스 얘길 왜해ㅋㅋㅋㅋ ㅋㅋㅋ,0.22032208740711212,0.2729628384113312,0.21633458137512207,0.15849313139915466,0.07057637721300125,0.061310939490795135
2024-09-22 22:31:19,노리스랑 갭이 씨발 1분 가까이인데 무슨 ㅋㅋㅋㅋ,,54,54.0,노리스랑 갭이 씨발 1분 가까이인데 무슨 ㅋㅋㅋㅋ ,노리스랑 갭이 씨발 1분 가까이인데 무슨 ㅋㅋㅋㅋ,0.1086709275841713,0.2566344141960144,0.22206461429595947,0.210054412484169,0.1115356832742691,0.09103997051715851
2024-09-22 22:31:18,대그누센 패랩 ㅋㅋㅋㅋ,,54,54.0,대그누센 패랩 ㅋㅋㅋㅋ ,대그누센 패랩 ㅋㅋㅋㅋ,0.6501983404159546,0.12214326113462448,0.09757613390684128,0.07019460201263428,0.03197599574923515,0.02791164629161358
2024-09-22 22:31:19,노리스는왜 ㅋㅋㅋㅋ,- dc official App,54,54.0,노리스는왜 ㅋㅋㅋㅋ - dc official App,노리스는왜 ㅋㅋㅋㅋ - dc official App,0.18915745615959167,0.3166387379169464,0.22375334799289703,0.1279609501361847,0.08649889379739761,0.055990565568208694
2024-09-22 22:31:20,마그누센 패랩 시발ㅋㅋㅋㅋㅋㅋㅋㅋㅋㅋㅋ,,54,54.0,마그누센 패랩 시발ㅋㅋㅋㅋㅋㅋㅋㅋㅋㅋㅋ ,마그누센 패랩 시발ㅋㅋㅋㅋㅋㅋㅋㅋㅋㅋㅋ,0.18308515846729279,0.2666283845901489,0.17528150975704193,0.21009737253189087,0.09246611595153809,0.07244153320789337
2024-09-22 22:31:22,보는 우리도 힘들다,너무 노잼이다,54,54.0,보는 우리도 힘들다 너무 노잼이다,보는 우리도 힘들다 너무 노잼이다,0.13698843121528625,0.29580020904541016,0.12703463435173035,0.19595342874526978,0.18924807012081146,0.05497514083981514
2024-09-22 22:31:23,꿈의 러셀 1등 ㅋㅋㅋ,ㅋㅋ,54,54.0,꿈의 러셀 1등 ㅋㅋㅋ ㅋㅋ,꿈의 러셀 1등 ㅋㅋㅋ ㅋㅋ,0.7180525660514832,0.11117028445005417,0.05942380428314209,0.051591672003269196,0.03496527671813965,0.02479638159275055
2024-09-22 22:31:25,케이막 기습 패랩 ㅋㅋ,,54,54.0,케이막 기습 패랩 ㅋㅋ ,케이막 기습 패랩 ㅋㅋ,0.6786348819732666,0.1144813671708107,0.09248456358909607,0.05786135420203209,0.031035777181386948,0.025502055883407593
2024-09-22 22:31:26,케이막 패랩ㅋㅋㅋㅋㅋㅋㅋㅋ,- dc official App,54,54.0,케이막 패랩ㅋㅋㅋㅋㅋㅋㅋㅋ - dc official App,케이막 패랩ㅋㅋㅋㅋㅋㅋㅋㅋ - dc official App,0.6461687684059143,0.12169338017702103,0.10365267843008041,0.07037241011857986,0.03343786671757698,0.024674925953149796
2024-09-22 22:31:27,케이막 기습패랩,"ㅋㅋㅋㅋ
- dc official App",54,54.0,"케이막 기습패랩 ㅋㅋㅋㅋ
- dc official App",케이막 기습패랩 ㅋㅋㅋㅋ,0.67718505859375,0.11741676181554794,0.09008529782295227,0.05952303484082222,0.031032364815473557,0.024757513776421547
2024-09-22 22:31:27,마그누센 기습 패랩 ㅋㅋㅋ,,54,54.0,마그누센 기습 패랩 ㅋㅋㅋ ,마그누센 기습 패랩 ㅋㅋㅋ,0.6469599008560181,0.12597998976707458,0.10406243801116943,0.0630551353096962,0.03083440475165844,0.029108168557286263
2024-09-22 22:31:26,마그누센 패랩ㅋㅋㅋ시발,,54,54.0,마그누센 패랩ㅋㅋㅋ시발 ,마그누센 패랩ㅋㅋㅋ시발,0.12436782568693161,0.20546045899391174,0.13865473866462708,0.3090551197528839,0.17517665028572083,0.04728519544005394
2024-09-22 22:31:28,더위 먹었노ㅋㅋㅋㅋㅋㅋㅋ,ㅋㅋㅋㅋ,54,54.0,더위 먹었노ㅋㅋㅋㅋㅋㅋㅋ ㅋㅋㅋㅋ,더위 먹었노ㅋㅋㅋㅋㅋㅋㅋ ㅋㅋㅋㅋ,0.4188854992389679,0.2533927261829376,0.1152641773223877,0.10658394545316696,0.057962141931056976,0.04791150614619255
2024-09-22 22:31:27,게이막 페랩ㅋㅋㅋㅋ,,54,54.0,게이막 페랩ㅋㅋㅋㅋ ,게이막 페랩ㅋㅋㅋㅋ,0.6374781131744385,0.12870672345161438,0.10990642011165619,0.06657841056585312,0.0300604235380888,0.027269942685961723
2024-09-22 22:31:29,너 다 1등급 맞으면 서울대 갈수있어급이노ㅋㅋ,- dc official App,54,54.0,너 다 1등급 맞으면 서울대 갈수있어급이노ㅋㅋ - dc official App,너 다 1등급 맞으면 서울대 갈수있어급이노ㅋㅋ - dc official App,0.1418217271566391,0.24202574789524078,0.2876819968223572,0.149488627910614,0.06944236159324646,0.10953953862190247
2024-09-22 22:31:30,패랩강탈 시발 ㅋㅋㅋㅋㅋㅋㅋㅋ,,54,54.0,패랩강탈 시발 ㅋㅋㅋㅋㅋㅋㅋㅋ ,패랩강탈 시발 ㅋㅋㅋㅋㅋㅋㅋㅋ,0.10241798311471939,0.2508662939071655,0.1658303588628769,0.2657683789730072,0.15096959471702576,0.06414745002985
2024-09-22 22:31:30,체코보다시발헐크가빠르노 ㅋㅌㅋ,ㅋㅋㅋ,54,54.0,체코보다시발헐크가빠르노 ㅋㅌㅋ ㅋㅋㅋ,체코보다시발헐크가빠르노 ㅋㅌㅋ ㅋㅋㅋ,0.28439778089523315,0.25466668605804443,0.20272332429885864,0.12905246019363403,0.0585232712328434,0.07063654065132141
2024-09-22 22:31:30,뜬금 패랩 ㅋㅋ,,54,54.0,뜬금 패랩 ㅋㅋ ,뜬금 패랩 ㅋㅋ,0.32648229598999023,0.2306748926639557,0.24121998250484467,0.10069658607244492,0.04932036250829697,0.051605839282274246
2024-09-22 22:31:32,케이막 패랩포인트 없애버리기 ㅋㅋㅋㅋㅋㅋㅋㅋㅋㅋㅋ,"ㅅㅂ
- dc official App",54,54.0,"케이막 패랩포인트 없애버리기 ㅋㅋㅋㅋㅋㅋㅋㅋㅋㅋㅋ ㅅㅂ
- dc official App",케이막 패랩포인트 없애버리기 ㅋㅋㅋㅋㅋㅋㅋㅋㅋㅋㅋ ㅅㅂ,0.14298371970653534,0.24300985038280487,0.11186230182647705,0.3023279905319214,0.15621110796928406,0.043605055660009384
2024-09-22 22:31:31,마그누센 패랩 강탈 ㅋㅋㅋㅋㅋ,,54,54.0,마그누센 패랩 강탈 ㅋㅋㅋㅋㅋ ,마그누센 패랩 강탈 ㅋㅋㅋㅋㅋ,0.4009566009044647,0.1971292495727539,0.1988152116537094,0.1095653548836708,0.04078250750899315,0.05275103822350502
2024-09-22 22:31:32,마그누센 기습 패랩 ㅋㅋㅋㅋ,ㅋㅋㅋㅋ,54,54.0,마그누센 기습 패랩 ㅋㅋㅋㅋ ㅋㅋㅋㅋ,마그누센 기습 패랩 ㅋㅋㅋㅋ ㅋㅋㅋㅋ,0.6506138443946838,0.12855230271816254,0.09860565513372421,0.06378387659788132,0.03149399161338806,0.02695029228925705
2024-09-22 22:31:33,마그누센 패랩 머노 ㅋㅋㅋㅋㅋ,,54,54.0,마그누센 패랩 머노 ㅋㅋㅋㅋㅋ ,마그누센 패랩 머노 ㅋㅋㅋㅋㅋ,0.35419875383377075,0.21522684395313263,0.24058634042739868,0.08905442804098129,0.04303637892007828,0.05789730325341225
2024-09-22 22:31:35,마그누센 시계 압수 ㅋㅋ,- dc official App,54,54.0,마그누센 시계 압수 ㅋㅋ - dc official App,마그누센 시계 압수 ㅋㅋ - dc official App,0.3619460463523865,0.19481287896633148,0.21333473920822144,0.12063289433717728,0.05651905760169029,0.05275435373187065
2024-09-22 22:31:37,케이막 기습시위 ㅋㅋㅋㅋ,- dc official App,55,55.0,케이막 기습시위 ㅋㅋㅋㅋ - dc official App,케이막 기습시위 ㅋㅋㅋㅋ - dc official App,0.5643801093101501,0.15230399370193481,0.14199711382389069,0.07667948305606842,0.03061779960989952,0.03402144834399223
2024-09-22 22:31:38,마그누센 ㅅㅂㅋㅋㅋ,- dc official App,55,55.0,마그누센 ㅅㅂㅋㅋㅋ - dc official App,마그누센 ㅅㅂㅋㅋㅋ - dc official App,0.2090509980916977,0.22474431991577148,0.16253869235515594,0.249733105301857,0.09772127121686935,0.056211624294519424
2024-09-22 22:31:40,기습 패렙 ㅋㅋ,- dc official App,55,55.0,기습 패렙 ㅋㅋ - dc official App,기습 패렙 ㅋㅋ - dc official App,0.6180809736251831,0.13410528004169464,0.12093374878168106,0.06629528105258942,0.03237338364124298,0.028211351484060287
2024-09-22 22:31:43,기습 패랩 ㅆㅂㅋㅋㅋㅋㅋㅋ,,55,55.0,기습 패랩 ㅆㅂㅋㅋㅋㅋㅋㅋ ,기습 패랩 ㅆㅂㅋㅋㅋㅋㅋㅋ,0.4516311585903168,0.20692312717437744,0.13794143497943878,0.11226069182157516,0.050244856625795364,0.04099876433610916
2024-09-22 22:31:44,마그누센 ㅋㅋㅋ 패랩ㅋㅋㅋㅋ,,55,55.0,마그누센 ㅋㅋㅋ 패랩ㅋㅋㅋㅋ ,마그누센 ㅋㅋㅋ 패랩ㅋㅋㅋㅋ,0.6682953834533691,0.12179047614336014,0.08690061420202255,0.06553485989570618,0.03223290666937828,0.02524579130113125
2024-09-22 22:31:46,포인트 분탕은 대그누센ㅋㅋㅋㅋㅋㅋ,ㅋㅋㅋㅋㅋ,55,55.0,포인트 분탕은 대그누센ㅋㅋㅋㅋㅋㅋ ㅋㅋㅋㅋㅋ,포인트 분탕은 대그누센ㅋㅋㅋㅋㅋㅋ ㅋㅋㅋㅋㅋ,0.5195325613021851,0.1800292730331421,0.1271129846572876,0.09695829451084137,0.03928598016500473,0.03708087280392647
2024-09-22 22:31:50,가질수 없다면 없애버리겠다,ㅅㅂ,55,55.0,가질수 없다면 없애버리겠다 ㅅㅂ,가질수 없다면 없애버리겠다 ㅅㅂ,0.14312730729579926,0.17901599407196045,0.11491701006889343,0.2684110701084137,0.24992118775844574,0.04460737854242325
2024-09-22 22:31:51,케이막 1포 압수ㅋㅋㅋㅋㅋ,ㅋㅋㅋㅋㅋㅋ,55,55.0,케이막 1포 압수ㅋㅋㅋㅋㅋ ㅋㅋㅋㅋㅋㅋ,케이막 1포 압수ㅋㅋㅋㅋㅋ ㅋㅋㅋㅋㅋㅋ,0.6805431842803955,0.11991322040557861,0.06582514196634293,0.06935938447713852,0.03885702043771744,0.025502018630504608
2024-09-22 22:31:52,대 이 막 ㅋㅋㅋ,,55,55.0,대 이 막 ㅋㅋㅋ ,대 이 막 ㅋㅋㅋ,0.7036681771278381,0.11191912740468979,0.074624203145504,0.05501679703593254,0.030884062871336937,0.02388756535947323
2024-09-22 22:31:52,다시 뺏겼노 ㅋㅋㅋㅋㅋㅋㅋㅋㅋ,,55,55.0,다시 뺏겼노 ㅋㅋㅋㅋㅋㅋㅋㅋㅋ ,다시 뺏겼노 ㅋㅋㅋㅋㅋㅋㅋㅋㅋ,0.11164476722478867,0.363109290599823,0.14007407426834106,0.16680195927619934,0.13184534013271332,0.08652450889348984
2024-09-22 22:31:52,누리스 패랩 ㄷㄷ,,55,55.0,누리스 패랩 ㄷㄷ ,누리스 패랩 ㄷㄷ,0.25640857219696045,0.2059215009212494,0.31986871361732483,0.09448925405740738,0.0385921411216259,0.08471983671188354
2024-09-22 22:31:53,보라색시계 바로 뺐겼네 ㅋㅋ,,55,55.0,보라색시계 바로 뺐겼네 ㅋㅋ ,보라색시계 바로 뺐겼네 ㅋㅋ,0.11127552390098572,0.39644503593444824,0.1606738567352295,0.12872517108917236,0.11980215460062027,0.08307825773954391
2024-09-22 22:31:57,대그누센 ㅋㅋㅋㅋㅋㅋ,ㄴㅋㅋㅋㅋ,55,55.0,대그누센 ㅋㅋㅋㅋㅋㅋ ㄴㅋㅋㅋㅋ,대그누센 ㅋㅋㅋㅋㅋㅋ ㄴㅋㅋㅋㅋ,0.6804293990135193,0.11871304363012314,0.08158376812934875,0.06331860274076462,0.031214673072099686,0.024740489199757576
2024-09-22 22:31:58,누리스는 피트스탑으로 증명하라,"23오스트리아처럼 야수의 심장 챔피언을 증명하라 ㅇㅇ
- dc official App",55,55.0,"누리스는 피트스탑으로 증명하라 23오스트리아처럼 야수의 심장 챔피언을 증명하라 ㅇㅇ
- dc official App",누리스는 피트스탑으로 증명하라 23오스트리아처럼 야수의 심장 챔피언을 증명하라 ㅇㅇ,0.46994319558143616,0.16907253861427307,0.1631944477558136,0.08140775561332703,0.05757998675107956,0.05880209803581238
2024-09-22 22:31:59,오늘의 드라이버,마그누센 ㅇㅇ,55,55.0,오늘의 드라이버 마그누센 ㅇㅇ,오늘의 드라이버 마그누센 ㅇㅇ,0.5253350734710693,0.16636931896209717,0.15202169120311737,0.08119625598192215,0.0430300273001194,0.03204762563109398
2024-09-22 22:31:59,노리스 다시패랩ㅋㅋㅋ,"ㅋㅋ
- dc official App",55,55.0,"노리스 다시패랩ㅋㅋㅋ ㅋㅋ
- dc official App",노리스 다시패랩ㅋㅋㅋ ㅋㅋ,0.6891458034515381,0.11476872861385345,0.07527874410152435,0.06197705864906311,0.03478798270225525,0.024041732773184776
2024-09-22 22:32:01,노리스 시계다시뺏기,ㅋㅋ,55,55.0,노리스 시계다시뺏기 ㅋㅋ,노리스 시계다시뺏기 ㅋㅋ,0.34379586577415466,0.2587457597255707,0.11666553467512131,0.15469221770763397,0.0820440798997879,0.04405657574534416
2024-09-22 22:32:03,노리스 보라색 강탈 ㅋㅋㅋ,ㅋㅋ,55,55.0,노리스 보라색 강탈 ㅋㅋㅋ ㅋㅋ,노리스 보라색 강탈 ㅋㅋㅋ ㅋㅋ,0.6613002419471741,0.12888069450855255,0.09172181785106659,0.061446744948625565,0.032117076218128204,0.024533461779356003
2024-09-22 22:32:03,노리스 저걸 시발 다시뺐노,,55,55.0,노리스 저걸 시발 다시뺐노 ,노리스 저걸 시발 다시뺐노,0.11220555007457733,0.2468365877866745,0.13794608414173126,0.2863490879535675,0.1690439134836197,0.04761877283453941
2024-09-22 22:32:04,시계 맛만봤노 ㅋㅋㅋ,"바로 압수 ㅋㅋㅋ
- dc official App",55,55.0,"시계 맛만봤노 ㅋㅋㅋ 바로 압수 ㅋㅋㅋ
- dc official App",시계 맛만봤노 ㅋㅋㅋ 바로 압수 ㅋㅋㅋ,0.42778581380844116,0.23783552646636963,0.1124027818441391,0.1040588766336441,0.06092648580670357,0.05699053406715393
2024-09-22 22:32:05,러셀도 펑쳐??,가나?,55,55.0,러셀도 펑쳐?? 가나?,러셀도 펑쳐?? 가나?,0.18605965375900269,0.22414781153202057,0.32985439896583557,0.09865941852331161,0.06170810014009476,0.09957057982683182
2024-09-22 22:32:05,츠노다 계속 자기베스트 뽑아내는 중,타이어 다 쓰고 들어가련는건가?,55,55.0,츠노다 계속 자기베스트 뽑아내는 중 타이어 다 쓰고 들어가련는건가?,츠노다 계속 자기베스트 뽑아내는 중 타이어 다 쓰고 들어가련는건가?,0.12869064509868622,0.30069711804389954,0.2629273235797882,0.11782383918762207,0.09517664462327957,0.0946844071149826
2024-09-22 22:32:06,노리스 프리스탑하고 패랩 따라 ㅋㅋㅋ,ㅋㅋㅋㅋ,55,55.0,노리스 프리스탑하고 패랩 따라 ㅋㅋㅋ ㅋㅋㅋㅋ,노리스 프리스탑하고 패랩 따라 ㅋㅋㅋ ㅋㅋㅋㅋ,0.6225420236587524,0.1370488405227661,0.10052166879177094,0.07510004192590714,0.03544935956597328,0.029338093474507332
2024-09-22 22:32:08,르끌아 해보자,- dc official App,55,55.0,르끌아 해보자 - dc official App,르끌아 해보자 - dc official App,0.5310803055763245,0.16701465845108032,0.15146537125110626,0.06845282018184662,0.04372048377990723,0.038266319781541824
2024-09-22 22:32:10,쓰윽 만지고가지말고 박으라고,,55,55.0,쓰윽 만지고가지말고 박으라고 ,쓰윽 만지고가지말고 박으라고,0.133090078830719,0.2227270007133484,0.18217888474464417,0.2860630452632904,0.12075486779212952,0.05518612638115883
2024-09-22 22:32:12,좆.jpg,씨발거지발싸개같은서킷,55,55.0,좆.jpg 씨발거지발싸개같은서킷,좆.jpg 씨발거지발싸개같은서킷,0.1588112711906433,0.16074486076831818,0.12799420952796936,0.3250828683376312,0.17289409041404724,0.05447271838784218
2024-09-22 22:32:11,패랩분탕 실패 개웃기네 ㅋㅋㅋㅋㅋㅋ,,55,55.0,패랩분탕 실패 개웃기네 ㅋㅋㅋㅋㅋㅋ ,패랩분탕 실패 개웃기네 ㅋㅋㅋㅋㅋㅋ,0.28809693455696106,0.24977684020996094,0.21626539528369904,0.13223572075366974,0.0548737458884716,0.058751340955495834
2024-09-22 22:32:16,랩당 1.4초 ㄷㄷ,,55,55.0,랩당 1.4초 ㄷㄷ ,랩당 1.4초 ㄷㄷ,0.14744502305984497,0.21000011265277863,0.34267911314964294,0.12264571338891983,0.05654975771903992,0.12068033218383789
2024-09-22 22:32:20,ㅋㅋㅋㅋ 뭐고이게,- dc official App,55,55.0,ㅋㅋㅋㅋ 뭐고이게 - dc official App,ㅋㅋㅋㅋ 뭐고이게 - dc official App,0.3310159742832184,0.2579073905944824,0.1917876899242401,0.11390528082847595,0.05144388601183891,0.053939830511808395
2024-09-22 22:32:21,츠와와는 진짜 소프트 껴도 12네,- dc official App,55,55.0,츠와와는 진짜 소프트 껴도 12네 - dc official App,츠와와는 진짜 소프트 껴도 12네 - dc official App,0.2676014006137848,0.2333672046661377,0.2869222164154053,0.09083127230405807,0.04374116286635399,0.0775366872549057
2024-09-22 22:32:22,드오데는 노리스 먹을만하다,폴투윈 하면 오늘 스타트 좋은거부터 시작해서 시작부터 끝까지 선두 안놓쳤고 한번 위험한순간이 있긴했지만 결론적으로 안정적으로 드라이빙했으니 ..,55,55.0,드오데는 노리스 먹을만하다 폴투윈 하면 오늘 스타트 좋은거부터 시작해서 시작부터 끝까지 선두 안놓쳤고 한번 위험한순간이 있긴했지만 결론적으로 안정적으로 드라이빙했으니 ..,드오데는 노리스 먹을만하다 폴투윈 하면 오늘 스타트 좋은거부터 시작해서 시작부터 끝까지 선두 안놓쳤고 한번 위험한순간이 있긴했지만 결론적으로 안정적으로 드라이빙했으니 ..,0.6080107688903809,0.14924174547195435,0.07144264876842499,0.061601422727108,0.06944558769464493,0.04025791585445404
2024-09-22 22:32:26,사인츠 알론소 갭 계속 준다,제발 버텨줘,55,55.0,사인츠 알론소 갭 계속 준다 제발 버텨줘,사인츠 알론소 갭 계속 준다 제발 버텨줘,0.3288938105106354,0.2038225531578064,0.1769702136516571,0.09369729459285736,0.10337747633457184,0.0932387039065361
2024-09-22 22:32:27,미끌레 쥬지따자,,55,55.0,미끌레 쥬지따자 ,미끌레 쥬지따자,0.420114129781723,0.16196675598621368,0.15256233513355255,0.15359143912792206,0.06805469840765,0.04371066763997078
2024-09-22 22:32:28,이번 DOTD노리스가 받으면 그냥 팬덤인기투표아니냐?,"진짜 잘한놈이 받는게아닌
팬덤크기가 크면 받는 인기투표로 전락할듯",55,55.0,"이번 DOTD노리스가 받으면 그냥 팬덤인기투표아니냐? 진짜 잘한놈이 받는게아닌
팬덤크기가 크면 받는 인기투표로 전락할듯",이번 DOTD노리스가 받으면 그냥 팬덤인기투표아니냐? 진짜 잘한놈이 받는게아닌 팬덤크기가 크면 받는 인기투표로 전락할듯,0.06727945059537888,0.27595749497413635,0.2718547582626343,0.1380859613418579,0.1697530448436737,0.07706930488348007
2024-09-22 22:32:30,노의 시계를 향한 의지 ㅋㅋㅋㅋ,zz,55,55.0,노의 시계를 향한 의지 ㅋㅋㅋㅋ zz,노의 시계를 향한 의지 ㅋㅋㅋㅋ zz,0.39632079005241394,0.22570794820785522,0.12575432658195496,0.12321768701076508,0.06670194864273071,0.062297288328409195
2024-09-22 22:32:33,크 르끌 무섭다,- dc official App,55,55.0,크 르끌 무섭다 - dc official App,크 르끌 무섭다 - dc official App,0.16531367599964142,0.19888313114643097,0.3297364413738251,0.12196908891201019,0.07079051434993744,0.11330721527338028
2024-09-22 22:32:33,패랩따지마라입갤 ㅋㅋㅋ,,55,55.0,패랩따지마라입갤 ㅋㅋㅋ ,패랩따지마라입갤 ㅋㅋㅋ,0.4520893394947052,0.20489339530467987,0.12910762429237366,0.1127205565571785,0.05813534930348396,0.04305378347635269
2024-09-22 22:32:35,아니 시발 노리스 투스탑 플랜 f도 하겠는데?,ㅋㅋㅋㅋ,55,55.0,아니 시발 노리스 투스탑 플랜 f도 하겠는데? ㅋㅋㅋㅋ,아니 시발 노리스 투스탑 플랜 f도 하겠는데? ㅋㅋㅋㅋ,0.1819964498281479,0.22115716338157654,0.2798583507537842,0.14282001554965973,0.05137830227613449,0.12278969585895538
2024-09-22 22:32:35,노리스 소프트끼는 거 보여줘,,55,55.0,노리스 소프트끼는 거 보여줘 ,노리스 소프트끼는 거 보여줘,0.4744619131088257,0.18983983993530273,0.16911305487155914,0.06788671016693115,0.04311000183224678,0.0555884949862957
2024-09-22 22:32:40,크루징선언 ㅠㅠ,,55,55.0,크루징선언 ㅠㅠ ,크루징선언 ㅠㅠ,0.14162468910217285,0.2709583640098572,0.16286174952983856,0.14110301434993744,0.1970396488904953,0.08641251921653748
2024-09-22 22:32:50,크루징선언 ㅋㅋㅋ,,55,55.0,크루징선언 ㅋㅋㅋ ,크루징선언 ㅋㅋㅋ,0.6962427496910095,0.11071000248193741,0.07948208600282669,0.05724450200796127,0.03124302253127098,0.0250775795429945
2024-09-22 22:32:51,크루징 선언,ㅋㅋ,55,55.0,크루징 선언 ㅋㅋ,크루징 선언 ㅋㅋ,0.6501520872116089,0.1251007616519928,0.0975119099020958,0.0662810429930687,0.03294406086206436,0.028010131791234016
2024-09-22 22:32:52,스텔라 우승 선언 ㅋㅋ,,55,55.0,스텔라 우승 선언 ㅋㅋ ,스텔라 우승 선언 ㅋㅋ,0.7105763554573059,0.10949662327766418,0.0669984370470047,0.051374442875385284,0.03435860946774483,0.027195461094379425
2024-09-22 22:32:55,노리스 소프트 프리스탑 ㄱㄱ,ㄱㄱ,55,55.0,노리스 소프트 프리스탑 ㄱㄱ ㄱㄱ,노리스 소프트 프리스탑 ㄱㄱ ㄱㄱ,0.500345766544342,0.16701894998550415,0.15841804444789886,0.08359111100435257,0.05445895344018936,0.03616718202829361
2024-09-22 22:32:57,노몽피 다 배터리 아껴서 막랩에 패랩노릴건데,"노리스가 그냥 먹겟네
- dc official App",55,55.0,"노몽피 다 배터리 아껴서 막랩에 패랩노릴건데 노리스가 그냥 먹겟네
- dc official App",노몽피 다 배터리 아껴서 막랩에 패랩노릴건데 노리스가 그냥 먹겟네,0.15252551436424255,0.26665690541267395,0.32078418135643005,0.10199283063411713,0.06656885892152786,0.09147173166275024
2024-09-22 22:33:03,갤을 터뜨리는 단 한가지 방법,"그것은 노리드가 벽에 들이박는 것
- dc official App",55,55.0,"갤을 터뜨리는 단 한가지 방법 그것은 노리드가 벽에 들이박는 것
- dc official App",갤을 터뜨리는 단 한가지 방법 그것은 노리드가 벽에 들이박는 것,0.1276804655790329,0.2199380248785019,0.3219270408153534,0.1250218003988266,0.09984941780567169,0.1055833101272583
2024-09-22 22:33:04,노리스의 2024 싱가포르 그랑프리 우승을 축하합니다,2024 드챔 기원,55,55.0,노리스의 2024 싱가포르 그랑프리 우승을 축하합니다 2024 드챔 기원,노리스의 2024 싱가포르 그랑프리 우승을 축하합니다 2024 드챔 기원,0.6786125898361206,0.1263648271560669,0.07584811747074127,0.05288849025964737,0.03728751093149185,0.02899843454360962
2024-09-22 22:33:14,막스면 소프트 갈아꼈을텐데 좆노잼이네..,,55,55.0,막스면 소프트 갈아꼈을텐데 좆노잼이네.. ,막스면 소프트 갈아꼈을텐데 좆노잼이네..,0.09989745914936066,0.3123008906841278,0.19533154368400574,0.16812396049499512,0.1547427922487259,0.06960335373878479
2024-09-22 22:33:16,안전운행 하니까 대호좌 생각나네..,"안전운행 캠페인 하시던 대호좌...
그립진 않읍니다..",56,56.0,"안전운행 하니까 대호좌 생각나네.. 안전운행 캠페인 하시던 대호좌...
그립진 않읍니다..",안전운행 하니까 대호좌 생각나네.. 안전운행 캠페인 하시던 대호좌... 그립진 않읍니다..,0.25855574011802673,0.23338481783866882,0.17117191851139069,0.10913443565368652,0.1386328637599945,0.08912021666765213
2024-09-22 22:33:16,노리스 ㅈ노잼이노ㅋㅋ,,56,56.0,노리스 ㅈ노잼이노ㅋㅋ ,노리스 ㅈ노잼이노ㅋㅋ,0.13010334968566895,0.3161407709121704,0.16690382361412048,0.18153762817382812,0.14458437263965607,0.06073005869984627
2024-09-22 22:33:17,페레즈 저 병신은 언제 딸건데?,못딸듯 ㅋㅋ,56,56.0,페레즈 저 병신은 언제 딸건데? 못딸듯 ㅋㅋ,페레즈 저 병신은 언제 딸건데? 못딸듯 ㅋㅋ,0.08228422701358795,0.22888138890266418,0.3175698220729828,0.168902188539505,0.08869082480669022,0.11367157846689224
2024-09-22 22:33:18,이게 다 메르가 문제임,"이새끼들이 엔진 너무 신뢰도 높게 만드니까 씨발 변수가 없잖아
그에 반해서 페라리는 엪붕이들 지루하지 말라고 가끔가다 엔진도 터트려주고 했는데...
하여간 팬서비스는
​대.라.리​",56,56.0,"이게 다 메르가 문제임 이새끼들이 엔진 너무 신뢰도 높게 만드니까 씨발 변수가 없잖아
그에 반해서 페라리는 엪붕이들 지루하지 말라고 가끔가다 엔진도 터트려주고 했는데...
하여간 팬서비스는
​대.라.리​",이게 다 메르가 문제임 이새끼들이 엔진 너무 신뢰도 높게 만드니까 씨발 변수가 없잖아 그에 반해서 페라리는 엪붕이들 지루하지 말라고 가끔가다 엔진도 터트려주고 했는데... 하여간 팬서비스는 ​대.라.리​,0.10293889045715332,0.2684166133403778,0.14234845340251923,0.20070981979370117,0.21263308823108673,0.07295317947864532
2024-09-22 22:33:21,누리스 지혼자 꼬라박을까 팀라로 정신차리라고 계속하네,ㅋㅋㅋㅋㅋㅁㅊ,56,56.0,누리스 지혼자 꼬라박을까 팀라로 정신차리라고 계속하네 ㅋㅋㅋㅋㅋㅁㅊ,누리스 지혼자 꼬라박을까 팀라로 정신차리라고 계속하네 ㅋㅋㅋㅋㅋㅁㅊ,0.1523248851299286,0.2619144320487976,0.17767702043056488,0.2091904729604721,0.09846331924200058,0.10042992979288101
2024-09-22 22:33:24,이정도면 퀄리 개조진거치고 개잘했는데???,원래의 페라리는 퀄리를 개조지면 레이스를 마스터플랜으로 훨씬 더 개조지는데 신기하네,56,56.0,이정도면 퀄리 개조진거치고 개잘했는데??? 원래의 페라리는 퀄리를 개조지면 레이스를 마스터플랜으로 훨씬 더 개조지는데 신기하네,이정도면 퀄리 개조진거치고 개잘했는데??? 원래의 페라리는 퀄리를 개조지면 레이스를 마스터플랜으로 훨씬 더 개조지는데 신기하네,0.1737474501132965,0.1970008909702301,0.30985134840011597,0.1272514909505844,0.05506882444024086,0.13708004355430603
2024-09-22 22:33:27,(누가 벽에 안박나..),,56,56.0,(누가 벽에 안박나..) ,(누가 벽에 안박나..),0.08453978598117828,0.2780427634716034,0.1731121689081192,0.17885428667068481,0.1967795044183731,0.0886714980006218
2024-09-22 22:33:33,싱가포르 세카 100%는 역사 속으로 사라지는구나,,56,56.0,싱가포르 세카 100%는 역사 속으로 사라지는구나 ,싱가포르 세카 100%는 역사 속으로 사라지는구나,0.12127339094877243,0.3000907897949219,0.24642860889434814,0.11409364640712738,0.1244601383805275,0.09365344792604446
2024-09-22 22:33:35,근데 노창섭 소프트 프리스탑하고 서킷 기록 갱신해도 안되나,- dc official App,56,56.0,근데 노창섭 소프트 프리스탑하고 서킷 기록 갱신해도 안되나 - dc official App,근데 노창섭 소프트 프리스탑하고 서킷 기록 갱신해도 안되나 - dc official App,0.13796007633209229,0.28301122784614563,0.2881256639957428,0.10590030997991562,0.09406103938817978,0.09094170480966568
2024-09-22 22:33:34,노리스 핏스탑해라ㅋㅋㅋ,,56,56.0,노리스 핏스탑해라ㅋㅋㅋ ,노리스 핏스탑해라ㅋㅋㅋ,0.32363617420196533,0.221136212348938,0.17360930144786835,0.15505604445934296,0.0725909098982811,0.05397125333547592
2024-09-22 22:33:42,크루징 아쉽긴 한데 뭐 어쩔수업싲,"ㅇㅇㅇ
- dc official App",56,56.0,"크루징 아쉽긴 한데 뭐 어쩔수업싲 ㅇㅇㅇ
- dc official App",크루징 아쉽긴 한데 뭐 어쩔수업싲 ㅇㅇㅇ,0.11295817047357559,0.3429849147796631,0.17348556220531464,0.12396562099456787,0.18502552807331085,0.06158027797937393
2024-09-22 22:33:46,체코는 조용히 헐크뒤에서 썩는중이네,병신,56,56.0,체코는 조용히 헐크뒤에서 썩는중이네 병신,체코는 조용히 헐크뒤에서 썩는중이네 병신,0.08805643767118454,0.18773038685321808,0.15431800484657288,0.2817694842815399,0.2177831530570984,0.07034257054328918
2024-09-22 22:33:48,와 옐로플랙 하나 안나오는건 진짜 레전드네,시발 ㅋㅋ,56,56.0,와 옐로플랙 하나 안나오는건 진짜 레전드네 시발 ㅋㅋ,와 옐로플랙 하나 안나오는건 진짜 레전드네 시발 ㅋㅋ,0.10405272245407104,0.1942605823278427,0.2600468695163727,0.20963189005851746,0.11887799203395844,0.11312990635633469
2024-09-22 22:34:00,지금 상황이면 르클 러셀따기 ㄱㄴ?,ㅈㄱㄴ,56,56.0,지금 상황이면 르클 러셀따기 ㄱㄴ? ㅈㄱㄴ,지금 상황이면 르클 러셀따기 ㄱㄴ? ㅈㄱㄴ,0.12403672188520432,0.3167257010936737,0.17247866094112396,0.1528007984161377,0.15165668725967407,0.08230151236057281
2024-09-22 22:34:02,역대급 개노잼이노,아,56,56.0,역대급 개노잼이노 아,역대급 개노잼이노 아,0.12596024572849274,0.31087827682495117,0.13383638858795166,0.20024293661117554,0.17227120697498322,0.05681094899773598
2024-09-22 22:34:02,노리스는 저타이어로 어케 패랩을 다시찍는거냐 ㅅㅂ,";;
- dc official App",56,56.0,"노리스는 저타이어로 어케 패랩을 다시찍는거냐 ㅅㅂ ;;
- dc official App",노리스는 저타이어로 어케 패랩을 다시찍는거냐 ㅅㅂ ;;,0.08225807547569275,0.26917994022369385,0.22185148298740387,0.18987587094306946,0.15289117395877838,0.08394352346658707
2024-09-22 22:34:02,어차피 패랩 뺏어갈놈도 없어서 플랜f 필요없을텐데,ㅋㅋㅋ,56,56.0,어차피 패랩 뺏어갈놈도 없어서 플랜f 필요없을텐데 ㅋㅋㅋ,어차피 패랩 뺏어갈놈도 없어서 플랜f 필요없을텐데 ㅋㅋㅋ,0.26435407996177673,0.2222728729248047,0.22472314536571503,0.14497776329517365,0.07202553004026413,0.07164671272039413
2024-09-22 22:34:06,체코 진짜 뒤지게못하네 와,- dc official App,56,56.0,체코 진짜 뒤지게못하네 와 - dc official App,체코 진짜 뒤지게못하네 와 - dc official App,0.08465869724750519,0.2546822428703308,0.264308899641037,0.1924772411584854,0.13190186023712158,0.07197105884552002
2024-09-22 22:34:07,헐켄도 못 따는 체코,절대 못 딴다,56,56.0,헐켄도 못 따는 체코 절대 못 딴다,헐켄도 못 따는 체코 절대 못 딴다,0.08292385935783386,0.2613195776939392,0.3365841805934906,0.13183893263339996,0.09086835384368896,0.0964650958776474
2024-09-22 22:34:10,해설 하던 말은 마무리하자,자꾸 팀라디오 나오면 다른 주제로 옮겨가니 정신읍따,56,56.0,해설 하던 말은 마무리하자 자꾸 팀라디오 나오면 다른 주제로 옮겨가니 정신읍따,해설 하던 말은 마무리하자 자꾸 팀라디오 나오면 다른 주제로 옮겨가니 정신읍따,0.13703851401805878,0.3156321942806244,0.11290287226438522,0.19212965667247772,0.18969252705574036,0.05260428041219711
2024-09-22 22:34:18,3랩남았을때 누가 해주겠지,,56,56.0,3랩남았을때 누가 해주겠지 ,3랩남았을때 누가 해주겠지,0.15879353880882263,0.2924431264400482,0.24721616506576538,0.09909214079380035,0.11711616814136505,0.08533887565135956
2024-09-22 22:34:24,38lap 부터 봤는데 차이 왜케 벌어진거임,노리스하고 막스부터 20초 넘게 벌어져있던데 뭔 일 있었음?,56,56.0,38lap 부터 봤는데 차이 왜케 벌어진거임 노리스하고 막스부터 20초 넘게 벌어져있던데 뭔 일 있었음?,38lap 부터 봤는데 차이 왜케 벌어진거임 노리스하고 막스부터 20초 넘게 벌어져있던데 뭔 일 있었음?,0.1070907711982727,0.225041925907135,0.33943548798561096,0.1362377107143402,0.07896579802036285,0.11322830617427826
2024-09-22 22:34:27,F1 어우맥 개씹노잼이네,"어차피 어우맥 아니냐??
개씹노잼
- dc official App",56,56.0,"F1 어우맥 개씹노잼이네 어차피 어우맥 아니냐??
개씹노잼
- dc official App",F1 어우맥 개씹노잼이네 어차피 어우맥 아니냐?? 개씹노잼,0.10446497797966003,0.29346805810928345,0.14966687560081482,0.21649077534675598,0.1786164492368698,0.057292819023132324
2024-09-22 22:34:28,노리스 제발 작년 러셀,,56,56.0,노리스 제발 작년 러셀 ,노리스 제발 작년 러셀,0.43424084782600403,0.20799456536769867,0.12508529424667358,0.08729226887226105,0.0896536335349083,0.055733345448970795
2024-09-22 22:34:29,맥불맥 시절이 온건가...,"어우막에 이어 어우노의 시대가 다가오는 구나
어차피
우승은
노짱",56,56.0,"맥불맥 시절이 온건가... 어우막에 이어 어우노의 시대가 다가오는 구나
어차피
우승은
노짱",맥불맥 시절이 온건가... 어우막에 이어 어우노의 시대가 다가오는 구나 어차피 우승은 노짱,0.16615498065948486,0.2764633893966675,0.2002483755350113,0.12013474851846695,0.11597295105457306,0.12102555483579636
2024-09-22 22:34:33,체평 ㅋㅋ,- dc official App,56,56.0,체평 ㅋㅋ - dc official App,체평 ㅋㅋ - dc official App,0.5282661318778992,0.15902836620807648,0.16265559196472168,0.07860816270112991,0.04006264731287956,0.03137915953993797
2024-09-22 22:34:35,이 서킷은 진짜 뭐냐?,"비온다며
노리스 스타트에 따인다며
세카나온다며
- dc official App",56,56.0,"이 서킷은 진짜 뭐냐? 비온다며
노리스 스타트에 따인다며
세카나온다며
- dc official App",이 서킷은 진짜 뭐냐? 비온다며 노리스 스타트에 따인다며 세카나온다며,0.09870559722185135,0.315819650888443,0.18820425868034363,0.1726921945810318,0.16666068136692047,0.05791763961315155
2024-09-22 22:34:38,헐크 >>> 체황 ㅋㅋㅋ,,56,56.0,헐크 >>> 체황 ㅋㅋㅋ ,헐크 >>> 체황 ㅋㅋㅋ,0.636797308921814,0.1276366263628006,0.10775337368249893,0.06756806373596191,0.03094201721251011,0.029302621260285378
2024-09-22 22:34:53,오늘 안캐쇼 기대도 안된다,레이스가 쉽노잼이라 뭐 감흥도 없노,57,57.0,오늘 안캐쇼 기대도 안된다 레이스가 쉽노잼이라 뭐 감흥도 없노,오늘 안캐쇼 기대도 안된다 레이스가 쉽노잼이라 뭐 감흥도 없노,0.10988612473011017,0.33364138007164,0.15628349781036377,0.1595601588487625,0.1873353272676468,0.053293514996767044
2024-09-22 22:34:54,F1은 11번째팀 만들어서 갓티피 마제핀 출전시켜야,,57,57.0,F1은 11번째팀 만들어서 갓티피 마제핀 출전시켜야 ,F1은 11번째팀 만들어서 갓티피 마제핀 출전시켜야,0.3235628306865692,0.20834597945213318,0.22428683936595917,0.10592954605817795,0.07102061063051224,0.06685416400432587
2024-09-22 22:35:00,셒카나오는줄 ㅋㅋㅋ,,57,57.0,셒카나오는줄 ㅋㅋㅋ ,셒카나오는줄 ㅋㅋㅋ,0.676260232925415,0.12465827912092209,0.07981659471988678,0.06288363039493561,0.03237953409552574,0.024001676589250565
2024-09-22 22:35:02,아이 좀 박지,개노잼,57,57.0,아이 좀 박지 개노잼,아이 좀 박지 개노잼,0.14070327579975128,0.29294726252555847,0.14533227682113647,0.21405547857284546,0.14797638356685638,0.058985259383916855
2024-09-22 22:35:02,세카 안나오는 싱가폴 <- 존재가치가 뭐임,모나코마냥 씹틀딱 터줏대감도 아니고,57,57.0,세카 안나오는 싱가폴 <- 존재가치가 뭐임 모나코마냥 씹틀딱 터줏대감도 아니고,세카 안나오는 싱가폴 <- 존재가치가 뭐임 모나코마냥 씹틀딱 터줏대감도 아니고,0.07639056444168091,0.23683540523052216,0.22514113783836365,0.21977080404758453,0.16670942306518555,0.07515262067317963
2024-09-22 22:35:04,개병신 시발ㅋㅋㅋㅋㅋ,ㅋㅋㅋㅋ,57,57.0,개병신 시발ㅋㅋㅋㅋㅋ ㅋㅋㅋㅋ,개병신 시발ㅋㅋㅋㅋㅋ ㅋㅋㅋㅋ,0.1335885375738144,0.19530321657657623,0.12504175305366516,0.328479140996933,0.15397866070270538,0.06360867619514465
2024-09-22 22:35:04,아오 병신아 뭐하냐,제발,57,57.0,아오 병신아 뭐하냐 제발,아오 병신아 뭐하냐 제발,0.11185750365257263,0.20488102734088898,0.12451306730508804,0.2836868166923523,0.22484637796878815,0.05021524429321289
2024-09-22 22:35:04,체코 저 병신은 막스랑 같은 타 타고도 어쩜 저렇게 못 하냐ㅋㅋㅋㅋㅋ,막스랑 체코 보면 차빨도 차빨인데 드라이버 실력 존나 중요해보임,57,57.0,체코 저 병신은 막스랑 같은 타 타고도 어쩜 저렇게 못 하냐ㅋㅋㅋㅋㅋ 막스랑 체코 보면 차빨도 차빨인데 드라이버 실력 존나 중요해보임,체코 저 병신은 막스랑 같은 타 타고도 어쩜 저렇게 못 하냐ㅋㅋㅋㅋㅋ 막스랑 체코 보면 차빨도 차빨인데 드라이버 실력 존나 중요해보임,0.07616576552391052,0.24528388679027557,0.29426881670951843,0.17379584908485413,0.1079079657793045,0.10257773846387863
2024-09-22 22:35:05,헐크 체황 박을까 무섭다,,57,57.0,헐크 체황 박을까 무섭다 ,헐크 체황 박을까 무섭다,0.14456450939178467,0.185090571641922,0.3396800458431244,0.13521400094032288,0.07725492864847183,0.11819593608379364
2024-09-22 22:35:08,체코 택도없는 안쪽라인ㅋㅋㅋㅋㅋㅋㅋ,ㅋㅋㅋㅋㅋㅋㅋㅋㅋㅋㅋㅋㅋㅋㅋㅋㅋㅋㅋㅋㅋㅋㅋ,57,57.0,체코 택도없는 안쪽라인ㅋㅋㅋㅋㅋㅋㅋ ㅋㅋㅋㅋㅋㅋㅋㅋㅋㅋㅋㅋㅋㅋㅋㅋㅋㅋㅋㅋㅋㅋㅋ,체코 택도없는 안쪽라인ㅋㅋㅋㅋㅋㅋㅋ ㅋㅋㅋㅋㅋㅋㅋㅋㅋㅋㅋㅋㅋㅋㅋㅋㅋㅋㅋㅋㅋㅋㅋ,0.1816103756427765,0.3107815086841583,0.19453907012939453,0.15919895470142365,0.0817728340625763,0.07209732383489609
2024-09-22 22:35:09,퀄리만 안조졌어도 황라리 우승이였네,시발 이 병신새끼야!!!!!,57,57.0,퀄리만 안조졌어도 황라리 우승이였네 시발 이 병신새끼야!!!!!,퀄리만 안조졌어도 황라리 우승이였네 시발 이 병신새끼야!!!!!,0.1139850914478302,0.20012131333351135,0.1306462436914444,0.3082064688205719,0.20494714379310608,0.04209378361701965
2024-09-22 22:35:10,체코야 걍 짜져있어,"너 포인트 필요없어
- dc official App",57,57.0,"체코야 걍 짜져있어 너 포인트 필요없어
- dc official App",체코야 걍 짜져있어 너 포인트 필요없어,0.08648886531591415,0.21115761995315552,0.2715020179748535,0.20023411512374878,0.14252705872058868,0.08809033781290054
2024-09-22 22:35:11,사고찬스ㄲㄲ,,57,57.0,사고찬스ㄲㄲ ,사고찬스ㄲㄲ,0.6928890347480774,0.11427026987075806,0.06595677137374878,0.06105446070432663,0.04262929782271385,0.023200083523988724
2024-09-22 22:35:12,체코행동 ;,,57,57.0,체코행동 ; ,체코행동 ;,0.1505850851535797,0.2682504653930664,0.27756834030151367,0.1293354481458664,0.10463123023509979,0.06962942332029343
2024-09-22 22:35:12,병신진짜 ㅈㄴ못하네 ㅋㅋㅋ,ㅋㅋㅋ,57,57.0,병신진짜 ㅈㄴ못하네 ㅋㅋㅋ ㅋㅋㅋ,병신진짜 ㅈㄴ못하네 ㅋㅋㅋ ㅋㅋㅋ,0.10233916342258453,0.27281731367111206,0.26880112290382385,0.1753232479095459,0.08750995248556137,0.09320920705795288
2024-09-22 22:35:13,체코 ㅋㅋㅋ,- dc official App,57,57.0,체코 ㅋㅋㅋ - dc official App,체코 ㅋㅋㅋ - dc official App,0.6288486123085022,0.13187716901302338,0.1118023693561554,0.06839542835950851,0.0336272269487381,0.02544916421175003
2024-09-22 22:35:18,Official) 2024 F1 싱가포르 우승자,"이새낀 F0임
- dc official App",57,57.0,"Official) 2024 F1 싱가포르 우승자 이새낀 F0임
- dc official App",Official) 2024 F1 싱가포르 우승자 이새낀 F0임,0.1526801437139511,0.23696570098400116,0.3122105896472931,0.14999769628047943,0.07356898486614227,0.07457691431045532
2024-09-22 22:35:20,페레즈 못딸거면 세카라도 불라라,개못하네,57,57.0,페레즈 못딸거면 세카라도 불라라 개못하네,페레즈 못딸거면 세카라도 불라라 개못하네,0.08013506233692169,0.24921241402626038,0.25211668014526367,0.196212500333786,0.1677623838186264,0.054560936987400055
2024-09-22 22:35:22,피아제는 팀에서 2위 노리지 말라고 한거냐,"셒카 아니면 걍 유지하라고 한모양
- dc official App",57,57.0,"피아제는 팀에서 2위 노리지 말라고 한거냐 셒카 아니면 걍 유지하라고 한모양
- dc official App",피아제는 팀에서 2위 노리지 말라고 한거냐 셒카 아니면 걍 유지하라고 한모양,0.07629857212305069,0.2491975724697113,0.3153400421142578,0.13798511028289795,0.1430661678314209,0.07811252027750015
2024-09-22 22:35:21,펠리페마싸...?,,57,57.0,펠리페마싸...? ,펠리페마싸...?,0.24867799878120422,0.22593365609645844,0.29865309596061707,0.09054817259311676,0.059919990599155426,0.07626711577177048
2024-09-22 22:35:28,지금 순위가 자우버>알핀라고?,,57,57.0,지금 순위가 자우버>알핀라고? ,지금 순위가 자우버>알핀라고?,0.1277148723602295,0.2266915887594223,0.3334413468837738,0.1330098658800125,0.07852185517549515,0.10062047839164734
2024-09-22 22:35:31,노리스 박아서 셒카뜨고 베피르 포디움이다,- dc official App,57,57.0,노리스 박아서 셒카뜨고 베피르 포디움이다 - dc official App,노리스 박아서 셒카뜨고 베피르 포디움이다 - dc official App,0.47774994373321533,0.18137776851654053,0.17246945202350616,0.08699674159288406,0.045454464852809906,0.03595155104994774
2024-09-22 22:35:33,Serg10 Perez ㅉㅉㅉ,,57,57.0,Serg10 Perez ㅉㅉㅉ ,Serg10 Perez ㅉㅉㅉ,0.10856233537197113,0.21409845352172852,0.2826204001903534,0.19779391586780548,0.13341820240020752,0.06350664049386978
2024-09-22 22:35:34,하스 직빨이 너무 좋아서 그냥 못 쫒아간다 ㅋㅋㅋㅋ,ㅋㅋㅋㅋ,57,57.0,하스 직빨이 너무 좋아서 그냥 못 쫒아간다 ㅋㅋㅋㅋ ㅋㅋㅋㅋ,하스 직빨이 너무 좋아서 그냥 못 쫒아간다 ㅋㅋㅋㅋ ㅋㅋㅋㅋ,0.6802140474319458,0.12688076496124268,0.07655180245637894,0.055087752640247345,0.03295285999774933,0.028312765061855316
2024-09-22 22:35:35,하 르클 잘하니까 어제 퀄리 너무 아쉽네,ㅠㅠ,57,57.0,하 르클 잘하니까 어제 퀄리 너무 아쉽네 ㅠㅠ,하 르클 잘하니까 어제 퀄리 너무 아쉽네 ㅠㅠ,0.15527769923210144,0.3038570284843445,0.16619548201560974,0.14073292911052704,0.1784006506204605,0.05553625151515007
2024-09-22 22:35:35,진짜 저 병신은 뭐임ㅋㅌㅋ,,57,57.0,진짜 저 병신은 뭐임ㅋㅌㅋ ,진짜 저 병신은 뭐임ㅋㅌㅋ,0.14064975082874298,0.26915058493614197,0.27076196670532227,0.14776259660720825,0.06410497426986694,0.1075700968503952
2024-09-22 22:35:41,레드불 직빨 존나 느린가보네 하스는 빠르고,"drs 켜도 거리가 안좁혀짐ㅋㅋㅋ
- dc official App",57,57.0,"레드불 직빨 존나 느린가보네 하스는 빠르고 drs 켜도 거리가 안좁혀짐ㅋㅋㅋ
- dc official App",레드불 직빨 존나 느린가보네 하스는 빠르고 drs 켜도 거리가 안좁혀짐ㅋㅋㅋ,0.1397448182106018,0.2801804840564728,0.2664995491504669,0.1402539163827896,0.06785205006599426,0.1054692342877388
2024-09-22 22:35:42,1초대 떴냐 ㅋㅋ,- dc official App,57,57.0,1초대 떴냐 ㅋㅋ - dc official App,1초대 떴냐 ㅋㅋ - dc official App,0.32696080207824707,0.2573404014110565,0.19909878075122833,0.10804363340139389,0.05222517251968384,0.05633120611310005
2024-09-22 22:35:43,졸면서 보다가 앗 소리에 정신차림 ㅅㅂㅋㅋ,어우 나는 뭐 차 반갈죽 난 줄 알았어 ㅋㅋ,57,57.0,졸면서 보다가 앗 소리에 정신차림 ㅅㅂㅋㅋ 어우 나는 뭐 차 반갈죽 난 줄 알았어 ㅋㅋ,졸면서 보다가 앗 소리에 정신차림 ㅅㅂㅋㅋ 어우 나는 뭐 차 반갈죽 난 줄 알았어 ㅋㅋ,0.15282830595970154,0.2927631437778473,0.19155509769916534,0.16983816027641296,0.0917150005698204,0.10130036622285843
2024-09-22 22:35:43,페레즈가 훌켄버그 쫓다가 꼬라박고 콜라핀토 츠노다 포인트 피니시,할 가능성 얼마임?,57,57.0,페레즈가 훌켄버그 쫓다가 꼬라박고 콜라핀토 츠노다 포인트 피니시 할 가능성 얼마임?,페레즈가 훌켄버그 쫓다가 꼬라박고 콜라핀토 츠노다 포인트 피니시 할 가능성 얼마임?,0.17792056500911713,0.2071443796157837,0.3539023995399475,0.10083290189504623,0.06764895468950272,0.0925508365035057
2024-09-22 22:35:43,대채코 이젠 딸깍도 못하네 ㅋㅋㅋㅋ,,57,57.0,대채코 이젠 딸깍도 못하네 ㅋㅋㅋㅋ ,대채코 이젠 딸깍도 못하네 ㅋㅋㅋㅋ,0.12564238905906677,0.3414468467235565,0.24055272340774536,0.11740826070308685,0.08071254938840866,0.09423726052045822
2024-09-22 22:35:44,콜라가 체코 땄으면 좋겠다,"ㅋㅋㅋㅋㅋ
- dc official App",57,57.0,"콜라가 체코 땄으면 좋겠다 ㅋㅋㅋㅋㅋ
- dc official App",콜라가 체코 땄으면 좋겠다 ㅋㅋㅋㅋㅋ,0.6339151859283447,0.1373421847820282,0.10145148634910583,0.0597967803478241,0.03514823690056801,0.03234613314270973
2024-09-22 22:35:49,이제 셒카떠도 셒카엔딩이겠네,,57,57.0,이제 셒카떠도 셒카엔딩이겠네 ,이제 셒카떠도 셒카엔딩이겠네,0.5199684500694275,0.17237326502799988,0.08933673053979874,0.12067509442567825,0.059607163071632385,0.03803927078843117
2024-09-22 22:35:52,분탕은 헐크,"ㅇㅇ
- dc official App",57,57.0,"분탕은 헐크 ㅇㅇ
- dc official App",분탕은 헐크 ㅇㅇ,0.20525434613227844,0.22999107837677002,0.23980675637722015,0.1650114208459854,0.07772526890039444,0.08221113681793213
2024-09-22 22:35:54,지금 제일 그리운 사람,꼴투윈 디자이너 대세용,57,57.0,지금 제일 그리운 사람 꼴투윈 디자이너 대세용,지금 제일 그리운 사람 꼴투윈 디자이너 대세용,0.6477030515670776,0.1341354250907898,0.08355440944433212,0.055367592722177505,0.04271722584962845,0.036522336304187775
2024-09-22 22:35:59,지금 셒카 뜨면 몽골견 입장에선 안좋은거 아님?,"ㄹㅇ 몽골이 노리스 넘어갈 확률보다
몽골이 피아제한테 따일 확률이 더 높을 것 같은데",57,57.0,"지금 셒카 뜨면 몽골견 입장에선 안좋은거 아님? ㄹㅇ 몽골이 노리스 넘어갈 확률보다
몽골이 피아제한테 따일 확률이 더 높을 것 같은데",지금 셒카 뜨면 몽골견 입장에선 안좋은거 아님? ㄹㅇ 몽골이 노리스 넘어갈 확률보다 몽골이 피아제한테 따일 확률이 더 높을 것 같은데,0.08830296993255615,0.21740196645259857,0.35049861669540405,0.12788273394107819,0.09383275359869003,0.12208093702793121
2024-09-22 22:36:00,싱가폴.마싸.추월.뱀..?,어어...,57,57.0,싱가폴.마싸.추월.뱀..? 어어...,싱가폴.마싸.추월.뱀..? 어어...,0.14623630046844482,0.23894701898097992,0.32735762000083923,0.11168432980775833,0.06702682375907898,0.10874786227941513
2024-09-22 22:36:09,페레즈 또 꼴박할거 같으면 개추,이제는 하다하다 9위한테 꼴박할거 같으면 개추,57,57.0,페레즈 또 꼴박할거 같으면 개추 이제는 하다하다 9위한테 꼴박할거 같으면 개추,페레즈 또 꼴박할거 같으면 개추 이제는 하다하다 9위한테 꼴박할거 같으면 개추,0.10765140503644943,0.25177237391471863,0.23423710465431213,0.17375284433364868,0.12778155505657196,0.10480474680662155
2024-09-22 22:36:10,좆라리 아니면 맥라렌만큼 페이스 안 나오네,퀄리 좀 잘 해라,57,57.0,좆라리 아니면 맥라렌만큼 페이스 안 나오네 퀄리 좀 잘 해라,좆라리 아니면 맥라렌만큼 페이스 안 나오네 퀄리 좀 잘 해라,0.07402679324150085,0.27559909224510193,0.26566335558891296,0.15513178706169128,0.1679764837026596,0.061602503061294556
2024-09-22 22:36:15,헐크 똥꼬 헐겠노 ㅋㅋ,"체코 ㅋㅋ 진짜 래전드 ㅋㅋ
- dc official App",57,57.0,"헐크 똥꼬 헐겠노 ㅋㅋ 체코 ㅋㅋ 진짜 래전드 ㅋㅋ
- dc official App",헐크 똥꼬 헐겠노 ㅋㅋ 체코 ㅋㅋ 진짜 래전드 ㅋㅋ,0.48715928196907043,0.18352903425693512,0.162803053855896,0.07711293548345566,0.032516736537218094,0.05687896907329559
2024-09-22 22:36:18,‼+‼+이새끼 좆같으면 개추‼+‼+,이제 레이스 3번째인 주제에 왤케 잘타냐고 씨발련아,57,57.0,‼+‼+이새끼 좆같으면 개추‼+‼+ 이제 레이스 3번째인 주제에 왤케 잘타냐고 씨발련아,‼+‼+이새끼 좆같으면 개추‼+‼+ 이제 레이스 3번째인 주제에 왤케 잘타냐고 씨발련아,0.17754970490932465,0.17430104315280914,0.12834392488002777,0.3186853229999542,0.14277304708957672,0.05834699049592018
2024-09-22 22:36:17,엪붕이들 잘자라,그만볼래 시발,57,57.0,엪붕이들 잘자라 그만볼래 시발,엪붕이들 잘자라 그만볼래 시발,0.17587801814079285,0.2067171037197113,0.1075998991727829,0.2855941653251648,0.17139582335948944,0.05281500518321991
2024-09-22 22:36:21,빨리 도황 제발,셉티,57,57.0,빨리 도황 제발 셉티,빨리 도황 제발 셉티,0.5012557506561279,0.16702523827552795,0.132224440574646,0.08002709597349167,0.06578794121742249,0.053679533302783966
2024-09-22 22:36:25,뉴비 오늘 경기보고 탈주해도 ㅇㅈ,진짜 심하게 좆노잼이노 ㅋㅋ,58,58.0,뉴비 오늘 경기보고 탈주해도 ㅇㅈ 진짜 심하게 좆노잼이노 ㅋㅋ,뉴비 오늘 경기보고 탈주해도 ㅇㅈ 진짜 심하게 좆노잼이노 ㅋㅋ,0.10130351781845093,0.30006006360054016,0.1835717111825943,0.18961137533187866,0.15158121287822723,0.07387211918830872
2024-09-22 22:36:31,르끌아 할수있잖아,- dc official App,58,58.0,르끌아 할수있잖아 - dc official App,르끌아 할수있잖아 - dc official App,0.4151644706726074,0.1905338019132614,0.19537068903446198,0.0795663371682167,0.06228209659457207,0.05708267167210579
2024-09-22 22:36:34,헐밑페 뭐냐,ㄹㅇ 병신이네,58,58.0,헐밑페 뭐냐 ㄹㅇ 병신이네,헐밑페 뭐냐 ㄹㅇ 병신이네,0.09786112606525421,0.19877701997756958,0.3037778437137604,0.18533484637737274,0.09212744981050491,0.12212169915437698
2024-09-22 22:36:38,차라리 노리스가 체코를 먼저 따겠네ㅋㅋㅋㅋㅋㅋ,- dc official App,58,58.0,차라리 노리스가 체코를 먼저 따겠네ㅋㅋㅋㅋㅋㅋ - dc official App,차라리 노리스가 체코를 먼저 따겠네ㅋㅋㅋㅋㅋㅋ - dc official App,0.1613854616880417,0.2574668526649475,0.2776050567626953,0.1467749923467636,0.08708333224058151,0.06968435645103455
2024-09-22 22:36:42,르끌 잘 타서 아쉽네,퀄리만 잘 탔어도 아휴,58,58.0,르끌 잘 타서 아쉽네 퀄리만 잘 탔어도 아휴,르끌 잘 타서 아쉽네 퀄리만 잘 탔어도 아휴,0.10861261188983917,0.30928531289100647,0.13891245424747467,0.15512046217918396,0.2276102602481842,0.06045886129140854
2024-09-22 22:36:52,시발 세카 왜 안뜨냐,- dc official App,58,58.0,시발 세카 왜 안뜨냐 - dc official App,시발 세카 왜 안뜨냐 - dc official App,0.1692025512456894,0.2348424345254898,0.10365395992994308,0.25794100761413574,0.20175085961818695,0.032609160989522934
2024-09-22 22:36:55,싱가포르<-개미털기 GOATㅋㅋ,"ㅋㅋㄱㅋㅅㅂ 올해 모나코도 이정도는 아님ㅋㅋ
- ORACLE RED BULL RACING RB20",58,58.0,"싱가포르<-개미털기 GOATㅋㅋ ㅋㅋㄱㅋㅅㅂ 올해 모나코도 이정도는 아님ㅋㅋ
- ORACLE RED BULL RACING RB20",싱가포르<-개미털기 GOATㅋㅋ ㅋㅋㄱㅋㅅㅂ 올해 모나코도 이정도는 아님ㅋㅋ - ORACLE RED BULL RACING RB20,0.1444106251001358,0.27315753698349,0.13365525007247925,0.24214117228984833,0.14495249092578888,0.061682965606451035
2024-09-22 22:37:05,누리스가 저 트레인 따겠네 ㅋㅋㅋ,ㅋㅋㅋ,58,58.0,누리스가 저 트레인 따겠네 ㅋㅋㅋ ㅋㅋㅋ,누리스가 저 트레인 따겠네 ㅋㅋㅋ ㅋㅋㅋ,0.6665329933166504,0.1267179399728775,0.08835313469171524,0.05795655772089958,0.031075671315193176,0.0293637253344059
2024-09-22 22:37:08,현장에선 팀라디오 나올때 띠리도링 안나오나보네,자꾸 겹치노,58,58.0,현장에선 팀라디오 나올때 띠리도링 안나오나보네 자꾸 겹치노,현장에선 팀라디오 나올때 띠리도링 안나오나보네 자꾸 겹치노,0.09534543007612228,0.3155490458011627,0.27929940819740295,0.1250525563955307,0.1059575080871582,0.07879605889320374
2024-09-22 22:37:10,피아가 무리를 안하는걸까 아님 막스가 잘하는걸까,르끌하고 비슷하게 바꿨는데 막스하고 간격이 안 주네,58,58.0,피아가 무리를 안하는걸까 아님 막스가 잘하는걸까 르끌하고 비슷하게 바꿨는데 막스하고 간격이 안 주네,피아가 무리를 안하는걸까 아님 막스가 잘하는걸까 르끌하고 비슷하게 바꿨는데 막스하고 간격이 안 주네,0.10865910351276398,0.31107038259506226,0.2682531476020813,0.11647875607013702,0.12391623854637146,0.07162240892648697
2024-09-22 22:37:10,???: 왜 싱가폴 우승을 못했냐고?,싱가폴은 홈이 아니잖아,58,58.0,???: 왜 싱가폴 우승을 못했냐고? 싱가폴은 홈이 아니잖아,???: 왜 싱가폴 우승을 못했냐고? 싱가폴은 홈이 아니잖아,0.07979873567819595,0.3378192186355591,0.24080368876457214,0.1473057121038437,0.1210169866681099,0.07325564324855804
2024-09-22 22:37:15,이러고 두번째 방학,시작,58,58.0,이러고 두번째 방학 시작,이러고 두번째 방학 시작,0.1938895881175995,0.3050087094306946,0.14404010772705078,0.16132627427577972,0.1373792290687561,0.05835609883069992
2024-09-22 22:37:16,르끌 4위가자아앗,"ㅇ
- dc official App",58,58.0,"르끌 4위가자아앗 ㅇ
- dc official App",르끌 4위가자아앗 ㅇ,0.6186331510543823,0.13147713243961334,0.08286425471305847,0.07817144691944122,0.05238403007388115,0.036469895392656326
2024-09-22 22:37:18,츠노다 페이스 빠르다 설마?,극장 10노다?,58,58.0,츠노다 페이스 빠르다 설마? 극장 10노다?,츠노다 페이스 빠르다 설마? 극장 10노다?,0.1811496466398239,0.21256503462791443,0.3464967906475067,0.1039268895983696,0.05344061553478241,0.10242108255624771
2024-09-22 22:37:18,병신이 노리스 박으면 앺버거,,58,58.0,병신이 노리스 박으면 앺버거 ,병신이 노리스 박으면 앺버거,0.337085098028183,0.22242270410060883,0.23190246522426605,0.09870417416095734,0.051135264337062836,0.058750301599502563
2024-09-22 22:37:19,제발 오콘 again 2018 브라질 보여줘,,58,58.0,제발 오콘 again 2018 브라질 보여줘 ,제발 오콘 again 2018 브라질 보여줘,0.5482545495033264,0.1645389050245285,0.1168847605586052,0.07269099354743958,0.053005512803792953,0.04462527111172676
2024-09-22 22:37:19,츠노다 소프트가 안죽음 ㅋㅋㅋㅋ,50랩 소프트 경험자는 폼이 아니노 ㅋㅋ,58,58.0,츠노다 소프트가 안죽음 ㅋㅋㅋㅋ 50랩 소프트 경험자는 폼이 아니노 ㅋㅋ,츠노다 소프트가 안죽음 ㅋㅋㅋㅋ 50랩 소프트 경험자는 폼이 아니노 ㅋㅋ,0.36365383863449097,0.20477549731731415,0.22105476260185242,0.09606367349624634,0.040108829736709595,0.07434341311454773
2024-09-22 22:37:24,페레즈 왜 갑자기 뒤졌냐,1.4초차 뭔데,58,58.0,페레즈 왜 갑자기 뒤졌냐 1.4초차 뭔데,페레즈 왜 갑자기 뒤졌냐 1.4초차 뭔데,0.11088353395462036,0.1990593820810318,0.2875778377056122,0.2057403177022934,0.1045149490237236,0.0922238901257515
2024-09-22 22:37:27,최근 유입 뻠삥 오지게 된거 다 빠지겠네 ㅋㅋㅋㅋㅋ,진짜 어쩜 이렇게 노잼서킷이 다 있담,58,58.0,최근 유입 뻠삥 오지게 된거 다 빠지겠네 ㅋㅋㅋㅋㅋ 진짜 어쩜 이렇게 노잼서킷이 다 있담,최근 유입 뻠삥 오지게 된거 다 빠지겠네 ㅋㅋㅋㅋㅋ 진짜 어쩜 이렇게 노잼서킷이 다 있담,0.09291522949934006,0.3134797513484955,0.16512267291545868,0.19830308854579926,0.1561375856399536,0.07404164969921112
2024-09-22 22:37:27,5랩 안에 르끌이 러셀 딸수있냐?,"이거 되냐?
- dc official App",58,58.0,"5랩 안에 르끌이 러셀 딸수있냐? 이거 되냐?
- dc official App",5랩 안에 르끌이 러셀 딸수있냐? 이거 되냐?,0.2009548395872116,0.21155166625976562,0.3358217775821686,0.0944470539689064,0.06438030302524567,0.09284435957670212
2024-09-22 22:37:27,이새끼 타이어에 압정 박고 싶으면 개추ㅋㅋ,좆노잼 메이커,58,58.0,이새끼 타이어에 압정 박고 싶으면 개추ㅋㅋ 좆노잼 메이커,이새끼 타이어에 압정 박고 싶으면 개추ㅋㅋ 좆노잼 메이커,0.13336549699306488,0.18169504404067993,0.1412900984287262,0.33428722620010376,0.1535421907901764,0.05581989511847496
2024-09-22 22:37:31,마지막 레이스 남은 재미는 미끌이네,추월이나 해라,58,58.0,마지막 레이스 남은 재미는 미끌이네 추월이나 해라,마지막 레이스 남은 재미는 미끌이네 추월이나 해라,0.14632777869701385,0.30226826667785645,0.12743593752384186,0.1823892742395401,0.18288296461105347,0.05869579687714577
2024-09-22 22:37:33,병신 1.4초 뭐냐 시발아,아오,58,58.0,병신 1.4초 뭐냐 시발아 아오,병신 1.4초 뭐냐 시발아 아오,0.11995469778776169,0.2185884565114975,0.12229246646165848,0.3017331063747406,0.19405770301818848,0.04337349534034729
2024-09-22 22:37:36,레드플렉떠라,이거라도,58,58.0,레드플렉떠라 이거라도,레드플렉떠라 이거라도,0.3455943465232849,0.23309285938739777,0.14184370636940002,0.1129453182220459,0.11171425879001617,0.05480959638953209
2024-09-22 22:37:38,레드불 왜 싫어했는지 알겠네 ㅋㅋㅋ,앞에서 쭉 달리니까 그냥 개노잼이네,58,58.0,레드불 왜 싫어했는지 알겠네 ㅋㅋㅋ 앞에서 쭉 달리니까 그냥 개노잼이네,레드불 왜 싫어했는지 알겠네 ㅋㅋㅋ 앞에서 쭉 달리니까 그냥 개노잼이네,0.09684345126152039,0.3108327090740204,0.18136242032051086,0.18455329537391663,0.15284192562103271,0.07356631010770798
2024-09-22 22:37:40,츠와와 어차피 콜라따나 못따나 똑같다 아님?,- dc official App,58,58.0,츠와와 어차피 콜라따나 못따나 똑같다 아님? - dc official App,츠와와 어차피 콜라따나 못따나 똑같다 아님? - dc official App,0.18900182843208313,0.2801465690135956,0.22831963002681732,0.1344807744026184,0.11442092061042786,0.053630318492650986
2024-09-22 22:37:41,drs onㅋㅎㅋㅎㅋㅎㅋㅎㅋ,- dc official App,58,58.0,drs onㅋㅎㅋㅎㅋㅎㅋㅎㅋ - dc official App,drs onㅋㅎㅋㅎㅋㅎㅋㅎㅋ - dc official App,0.6779648661613464,0.11830732971429825,0.08052471280097961,0.06502051651477814,0.03521953150629997,0.022962989285588264
2024-09-22 22:37:41,엪버거 쏘게생겼네,안전자산이라생각했는데 zzz,58,58.0,엪버거 쏘게생겼네 안전자산이라생각했는데 zzz,엪버거 쏘게생겼네 안전자산이라생각했는데 zzz,0.504639744758606,0.21427151560783386,0.09705206751823425,0.07117675244808197,0.06482718884944916,0.048032697290182114
2024-09-22 22:37:42,11노다<약간 각이보임 ㅋㅋㅋㅋㅋ,,58,58.0,11노다<약간 각이보임 ㅋㅋㅋㅋㅋ ,11노다<약간 각이보임 ㅋㅋㅋㅋㅋ,0.44334468245506287,0.20427021384239197,0.18039748072624207,0.08205592632293701,0.04130040854215622,0.048631250858306885
2024-09-22 22:37:43,걍 노리스,"노리스 프랙티스 아니냐 존ㄴㄴㄴㄴ나 재미없넹
- dc official App",58,58.0,"걍 노리스 노리스 프랙티스 아니냐 존ㄴㄴㄴㄴ나 재미없넹
- dc official App",걍 노리스 노리스 프랙티스 아니냐 존ㄴㄴㄴㄴ나 재미없넹,0.12860508263111115,0.3208104968070984,0.16964057087898254,0.17968517541885376,0.1384720653295517,0.06278654932975769
2024-09-22 22:37:43,쥬지 꿈과희망 한번더 보여주나,,58,58.0,쥬지 꿈과희망 한번더 보여주나 ,쥬지 꿈과희망 한번더 보여주나,0.5376917719841003,0.1660369634628296,0.13084441423416138,0.06601019203662872,0.04863002896308899,0.05078659951686859
2024-09-22 22:37:43,콜라 포인트 먹게 체코 좀 박아라,세카도 못 띄우고 할줄아는게 뭐냐,58,58.0,콜라 포인트 먹게 체코 좀 박아라 세카도 못 띄우고 할줄아는게 뭐냐,콜라 포인트 먹게 체코 좀 박아라 세카도 못 띄우고 할줄아는게 뭐냐,0.11423072963953018,0.27386632561683655,0.13618244230747223,0.21901395916938782,0.22340500354766846,0.033301569521427155
2024-09-22 22:37:44,노리스 백마커랑 쳐박고 세카떴으면 개추 ㅋㅋ,,58,58.0,노리스 백마커랑 쳐박고 세카떴으면 개추 ㅋㅋ ,노리스 백마커랑 쳐박고 세카떴으면 개추 ㅋㅋ,0.5422903299331665,0.14831611514091492,0.1334078013896942,0.09340362250804901,0.039375949651002884,0.043206196278333664
2024-09-22 22:37:45,좆카도는 왜? ㅋㅋㅋㅋㅋㅆㅂ,,58,58.0,좆카도는 왜? ㅋㅋㅋㅋㅋㅆㅂ ,좆카도는 왜? ㅋㅋㅋㅋㅋㅆㅂ,0.1110757440328598,0.25006482005119324,0.12465481460094452,0.30219587683677673,0.1529799997806549,0.05902877449989319
2024-09-22 22:37:51,무리스 엔지니어는 애다루듯 라디오하노ㅋㅋㅋ,"ㅋㅋㅋ
- dc official App",58,58.0,"무리스 엔지니어는 애다루듯 라디오하노ㅋㅋㅋ ㅋㅋㅋ
- dc official App",무리스 엔지니어는 애다루듯 라디오하노ㅋㅋㅋ ㅋㅋㅋ,0.1485656350851059,0.2886807918548584,0.23860691487789154,0.15864068269729614,0.07568948715925217,0.08981639891862869
2024-09-22 22:37:51,체황 사망(헐크에게 패배선언),"x
- dc official App",58,58.0,"체황 사망(헐크에게 패배선언) x
- dc official App",체황 사망(헐크에게 패배선언) x,0.13698384165763855,0.2730535566806793,0.2781115174293518,0.11260687559843063,0.10664109140634537,0.09260308742523193
2024-09-22 22:37:51,어 1초내,,58,58.0,어 1초내 ,어 1초내,0.26590853929519653,0.22366680204868317,0.26901569962501526,0.09311915189027786,0.04850780963897705,0.09978196024894714
2024-09-22 22:37:52,노괴견들 19프로 ㅅㅂ,,58,58.0,노괴견들 19프로 ㅅㅂ ,노괴견들 19프로 ㅅㅂ,0.13531526923179626,0.1696252077817917,0.12103395164012909,0.3334249258041382,0.19679680466651917,0.043803870677948
2024-09-22 22:37:53,대런 ㅋㅋㅋㅋ,ㅋㅋ,58,58.0,대런 ㅋㅋㅋㅋ ㅋㅋ,대런 ㅋㅋㅋㅋ ㅋㅋ,0.7050755023956299,0.11071690917015076,0.07417619973421097,0.05404044687747955,0.03245338052511215,0.023537607863545418
2024-09-22 22:37:54,리카도ㅋㅋㅋㅋ기습 출연,,58,58.0,리카도ㅋㅋㅋㅋ기습 출연 ,리카도ㅋㅋㅋㅋ기습 출연,0.5972226858139038,0.14931519329547882,0.13225118815898895,0.05970531329512596,0.026443857699632645,0.035061780363321304
2024-09-22 22:37:55,맥라렌 그 미니 drs 리어윙 밴당함?,아직 유지?,58,58.0,맥라렌 그 미니 drs 리어윙 밴당함? 아직 유지?,맥라렌 그 미니 drs 리어윙 밴당함? 아직 유지?,0.13353851437568665,0.2083388864994049,0.3659108579158783,0.1220393031835556,0.07378789037466049,0.09638454765081406
2024-09-22 22:37:52,작년 레드불이 하던거 맥라렌이 똑같이 하니까 재미가 없노,,58,58.0,작년 레드불이 하던거 맥라렌이 똑같이 하니까 재미가 없노 ,작년 레드불이 하던거 맥라렌이 똑같이 하니까 재미가 없노,0.1115349680185318,0.33723321557044983,0.16130782663822174,0.154777392745018,0.17676864564418793,0.05837797001004219
2024-09-22 22:37:56,DTD 노리스 입갤 ㅋㅋㅋㅋㅋ,,58,58.0,DTD 노리스 입갤 ㅋㅋㅋㅋㅋ ,DTD 노리스 입갤 ㅋㅋㅋㅋㅋ,0.7045085430145264,0.10480580478906631,0.0730738490819931,0.05919646844267845,0.032906416803598404,0.02550884336233139
2024-09-22 22:37:57,리카도 뭐냐ㅋㅋㅋ,ㅋㅋㅋ,58,58.0,리카도 뭐냐ㅋㅋㅋ ㅋㅋㅋ,리카도 뭐냐ㅋㅋㅋ ㅋㅋㅋ,0.2634640336036682,0.278023362159729,0.2427682876586914,0.10509423166513443,0.050953589379787445,0.05969651788473129
2024-09-22 22:37:57,리카도는 왜 순위야 ㅋㅋㅋ,- dc official App,58,58.0,리카도는 왜 순위야 ㅋㅋㅋ - dc official App,리카도는 왜 순위야 ㅋㅋㅋ - dc official App,0.16424129903316498,0.26579535007476807,0.26597335934638977,0.1563470959663391,0.08907164633274078,0.05857124924659729
2024-09-22 22:37:58,쥬지야 버텨..,아오,58,58.0,쥬지야 버텨.. 아오,쥬지야 버텨.. 아오,0.17898008227348328,0.25543680787086487,0.17288903892040253,0.13313789665699005,0.1656375527381897,0.093918576836586
2024-09-22 22:37:58,대런 3위 ㅋㅋㅋㅋㅋㅋㅋ,,58,58.0,대런 3위 ㅋㅋㅋㅋㅋㅋㅋ ,대런 3위 ㅋㅋㅋㅋㅋㅋㅋ,0.5247172117233276,0.1778363734483719,0.14383362233638763,0.08074936270713806,0.03273172676563263,0.04013172537088394
2024-09-22 22:37:59,리까도 dod 기습3위 ㅋㅋㅋㅋㅋㅋㅋ,ㅋㅋ,58,58.0,리까도 dod 기습3위 ㅋㅋㅋㅋㅋㅋㅋ ㅋㅋ,리까도 dod 기습3위 ㅋㅋㅋㅋㅋㅋㅋ ㅋㅋ,0.549813985824585,0.17143963277339935,0.13556811213493347,0.07453242689371109,0.0318676196038723,0.03677823394536972
2024-09-22 22:37:59,츠노라가 페레즈 훌켄 보다 빠름 ㅋㅋㅋ,,58,58.0,츠노라가 페레즈 훌켄 보다 빠름 ㅋㅋㅋ ,츠노라가 페레즈 훌켄 보다 빠름 ㅋㅋㅋ,0.5404689908027649,0.16485735774040222,0.13557182252407074,0.08342058956623077,0.03968637436628342,0.03599492460489273
2024-09-22 22:37:59,dod 왜 대런이 3위냐? ㅋㅋㅋㅋㅋㅋ,"아..
- dc official App",58,58.0,"dod 왜 대런이 3위냐? ㅋㅋㅋㅋㅋㅋ 아..
- dc official App",dod 왜 대런이 3위냐? ㅋㅋㅋㅋㅋㅋ 아..,0.09534386545419693,0.3119470477104187,0.22164012491703033,0.16531039774417877,0.11126384139060974,0.09449466317892075
2024-09-22 22:38:00,리카도 마지막이라고 기습출몰했노ㅋㅋㅋㅋ,ㅋㅋㅋㅋ,58,58.0,리카도 마지막이라고 기습출몰했노ㅋㅋㅋㅋ ㅋㅋㅋㅋ,리카도 마지막이라고 기습출몰했노ㅋㅋㅋㅋ ㅋㅋㅋㅋ,0.6055739521980286,0.15290559828281403,0.12004280835390091,0.05924716964364052,0.028599929064512253,0.033630456775426865
2024-09-22 22:38:00,리카도 투표는 고인의 명복을 비는거냐,ㅅㅂㅋㅋㅋ,58,58.0,리카도 투표는 고인의 명복을 비는거냐 ㅅㅂㅋㅋㅋ,리카도 투표는 고인의 명복을 비는거냐 ㅅㅂㅋㅋㅋ,0.08871494978666306,0.22378313541412354,0.183448925614357,0.27173542976379395,0.15590178966522217,0.07641575485467911
2024-09-22 22:38:00,DOD 대런 3등… 짠하네 ㅠㅠ,,58,58.0,DOD 대런 3등… 짠하네 ㅠㅠ ,DOD 대런 3등… 짠하네 ㅠㅠ,0.15351319313049316,0.25168293714523315,0.2099871188402176,0.13284969329833984,0.17584018409252167,0.07612692564725876
2024-09-22 22:38:01,대런은 뭐야 ㅅㅂ ㅋㅋㅋㅋㅋ,Zzzzzz,59,59.0,대런은 뭐야 ㅅㅂ ㅋㅋㅋㅋㅋ Zzzzzz,대런은 뭐야 ㅅㅂ ㅋㅋㅋㅋㅋ Zzzzzz,0.14056572318077087,0.3050527274608612,0.16306696832180023,0.21733272075653076,0.10275416821241379,0.07122772186994553
2024-09-22 22:38:01,리카도는 동정표냐,ㅡㅡ,59,59.0,리카도는 동정표냐 ㅡㅡ,리카도는 동정표냐 ㅡㅡ,0.07788872718811035,0.25498977303504944,0.16838160157203674,0.23199069499969482,0.21611715853214264,0.05063203349709511
2024-09-22 22:38:02,리카도 DOD 뭐노ㅋㅋㅋㅋ,"은퇴전 마지막 선물임?
- dc official App",59,59.0,"리카도 DOD 뭐노ㅋㅋㅋㅋ 은퇴전 마지막 선물임?
- dc official App",리카도 DOD 뭐노ㅋㅋㅋㅋ 은퇴전 마지막 선물임?,0.18494141101837158,0.264448881149292,0.304453045129776,0.09120582044124603,0.051845479756593704,0.10310536623001099
2024-09-22 22:38:02,대런 마지막경기라고 찍어주는건가ㅋㅋㅋㅋ,엄ㅋㅋ,59,59.0,대런 마지막경기라고 찍어주는건가ㅋㅋㅋㅋ 엄ㅋㅋ,대런 마지막경기라고 찍어주는건가ㅋㅋㅋㅋ 엄ㅋㅋ,0.5099501013755798,0.1983714997768402,0.14365386962890625,0.06359284371137619,0.037688203155994415,0.04674351215362549
2024-09-22 22:38:02,랜도 욕했다가 고닉 하나 터트린 1인으로서,"오늘 좆되는데
이제 ""퍼스트의 품격"" 마구마구 뿜고있노",59,59.0,"랜도 욕했다가 고닉 하나 터트린 1인으로서 오늘 좆되는데
이제 ""퍼스트의 품격"" 마구마구 뿜고있노","랜도 욕했다가 고닉 하나 터트린 1인으로서 오늘 좆되는데 이제 ""퍼스트의 품격"" 마구마구 뿜고있노",0.09248410910367966,0.2699422836303711,0.18004539608955383,0.2016213983297348,0.12865158915519714,0.1272551566362381
2024-09-22 22:38:03,리카도 11프로 ㅋㅋㅋㅋ,- dc official App,59,59.0,리카도 11프로 ㅋㅋㅋㅋ - dc official App,리카도 11프로 ㅋㅋㅋㅋ - dc official App,0.6424034237861633,0.12626151740550995,0.10242637991905212,0.06709691137075424,0.033868588507175446,0.02794325351715088
2024-09-22 22:38:03,dod 리카도 뭐임,은퇴한다고 박아준겨?,59,59.0,dod 리카도 뭐임 은퇴한다고 박아준겨?,dod 리카도 뭐임 은퇴한다고 박아준겨?,0.11241605132818222,0.21565231680870056,0.34362953901290894,0.13622675836086273,0.0744006559252739,0.11767466366291046
2024-09-22 22:38:03,해보자,사인츠 담궈봤자나  이제 니 옆에 지나간데 함 보여줘,59,59.0,해보자 사인츠 담궈봤자나  이제 니 옆에 지나간데 함 보여줘,해보자 사인츠 담궈봤자나 이제 니 옆에 지나간데 함 보여줘,0.44823428988456726,0.18415683507919312,0.16622863709926605,0.07453307509422302,0.05317644774913788,0.07367067784070969
2024-09-22 22:38:03,리카도 ㅠㅠ,,59,59.0,리카도 ㅠㅠ ,리카도 ㅠㅠ,0.1980544626712799,0.2582016885280609,0.18105880916118622,0.12409823387861252,0.1602887362241745,0.07829813659191132
2024-09-22 22:38:05,DOD 리카도 뭐냐ㅋㅋㅋㅋㅋㅋㅋㅋㅋㅋㅋㅋㅋㅋㅋㅋㅋㅋㅋ,ㅋㅋㅋㅋㅋㅋㅋㅋㅋㅋ,59,59.0,DOD 리카도 뭐냐ㅋㅋㅋㅋㅋㅋㅋㅋㅋㅋㅋㅋㅋㅋㅋㅋㅋㅋㅋ ㅋㅋㅋㅋㅋㅋㅋㅋㅋㅋ,DOD 리카도 뭐냐ㅋㅋㅋㅋㅋㅋㅋㅋㅋㅋㅋㅋㅋㅋㅋㅋㅋㅋㅋ ㅋㅋㅋㅋㅋㅋㅋㅋㅋㅋ,0.35924240946769714,0.24439893662929535,0.1967608630657196,0.10698577016592026,0.04578668996691704,0.04682525619864464
2024-09-22 22:38:05,리카도는 씹 ㅋㅋㅋㅋㅋ,ㅋㅋㅋㅋㅋ,59,59.0,리카도는 씹 ㅋㅋㅋㅋㅋ ㅋㅋㅋㅋㅋ,리카도는 씹 ㅋㅋㅋㅋㅋ ㅋㅋㅋㅋㅋ,0.26758965849876404,0.2891083061695099,0.1588372439146042,0.1486635059118271,0.07048346847295761,0.06531782448291779
2024-09-22 22:38:08,마지막이라고 투표해주네,잘가라,59,59.0,마지막이라고 투표해주네 잘가라,마지막이라고 투표해주네 잘가라,0.4399915039539337,0.20560500025749207,0.08510459959506989,0.09624576568603516,0.11684684455394745,0.056206244975328445
2024-09-22 22:38:08,진짜 개 좆노잼 서킷,"이게머냐
- dc official App",59,59.0,"진짜 개 좆노잼 서킷 이게머냐
- dc official App",진짜 개 좆노잼 서킷 이게머냐,0.11962980031967163,0.3026670813560486,0.14263270795345306,0.20252375304698944,0.17499643564224243,0.05755016207695007
2024-09-22 22:38:09,리카도 ㅋㅋㅋㅋㅋㅋ,"ㅋㅋㅋㅋㅋㅋ
- dc official App",59,59.0,"리카도 ㅋㅋㅋㅋㅋㅋ ㅋㅋㅋㅋㅋㅋ
- dc official App",리카도 ㅋㅋㅋㅋㅋㅋ ㅋㅋㅋㅋㅋㅋ,0.6848567128181458,0.12226670980453491,0.07989843189716339,0.05836006626486778,0.031227577477693558,0.023390544578433037
2024-09-22 22:38:10,리카도 은퇴경기라고 몰표ㅋㅋㅋ,,59,59.0,리카도 은퇴경기라고 몰표ㅋㅋㅋ ,리카도 은퇴경기라고 몰표ㅋㅋㅋ,0.5970900058746338,0.15151458978652954,0.11573789268732071,0.06764425337314606,0.03249673917889595,0.035516511648893356
2024-09-22 22:38:11,황끌 다왔놐ㅋㅋㅋㅋㅋㅋㅋㅋㅋㅋㅋㅋㅋㅋ,ㅋㅋㅋ,59,59.0,황끌 다왔놐ㅋㅋㅋㅋㅋㅋㅋㅋㅋㅋㅋㅋㅋㅋ ㅋㅋㅋ,황끌 다왔놐ㅋㅋㅋㅋㅋㅋㅋㅋㅋㅋㅋㅋㅋㅋ ㅋㅋㅋ,0.7141565680503845,0.1091093048453331,0.06502624601125717,0.05226346477866173,0.03459456190466881,0.024849794805049896
2024-09-22 22:38:13,DOD 기습대런 ㅋㅋㅋ,ㅋㅋㅋㅋㅋㅋ,59,59.0,DOD 기습대런 ㅋㅋㅋ ㅋㅋㅋㅋㅋㅋ,DOD 기습대런 ㅋㅋㅋ ㅋㅋㅋㅋㅋㅋ,0.6900895237922668,0.11503667384386063,0.08055727183818817,0.058779582381248474,0.03196803852915764,0.023568948730826378
2024-09-22 22:38:13,도대체 노리스가 왜 dod 1등이야 시발 주작 투표야,애미 ㅋㅋ,59,59.0,도대체 노리스가 왜 dod 1등이야 시발 주작 투표야 애미 ㅋㅋ,도대체 노리스가 왜 dod 1등이야 시발 주작 투표야 애미 ㅋㅋ,0.09143518656492233,0.2148166298866272,0.1691945344209671,0.2895432114601135,0.18321916460990906,0.0517912283539772
2024-09-22 22:38:13,호주에서 좌표찍었노 ㅋㅋㅋ,ㅋㅋ,59,59.0,호주에서 좌표찍었노 ㅋㅋㅋ ㅋㅋ,호주에서 좌표찍었노 ㅋㅋㅋ ㅋㅋ,0.43443194031715393,0.19007804989814758,0.18572503328323364,0.0934661328792572,0.040046703070402145,0.05625217407941818
2024-09-22 22:38:14,리카도 은퇴경기라서 올려주노ㅋㅋㅋㅋㅋㅋㅋ,,59,59.0,리카도 은퇴경기라서 올려주노ㅋㅋㅋㅋㅋㅋㅋ ,리카도 은퇴경기라서 올려주노ㅋㅋㅋㅋㅋㅋㅋ,0.4537781774997711,0.21198618412017822,0.14410996437072754,0.0896274745464325,0.04672516882419586,0.05377298593521118
2024-09-22 22:38:12,리끼아르도 3위 뭐냐ㅋㅋㅋ,,59,59.0,리끼아르도 3위 뭐냐ㅋㅋㅋ ,리끼아르도 3위 뭐냐ㅋㅋㅋ,0.1080438569188118,0.25297608971595764,0.28013908863067627,0.1748461127281189,0.10003513097763062,0.08395972102880478
2024-09-22 22:38:16,리카도 마지막 불꽃이냐,ㅠㅠ,59,59.0,리카도 마지막 불꽃이냐 ㅠㅠ,리카도 마지막 불꽃이냐 ㅠㅠ,0.14365923404693604,0.2689458429813385,0.19171740114688873,0.12840066850185394,0.18371887505054474,0.08355801552534103
2024-09-22 22:38:16,5랩투고 ㅋㅋㅋㅋㅋㅋㅋ,,59,59.0,5랩투고 ㅋㅋㅋㅋㅋㅋㅋ ,5랩투고 ㅋㅋㅋㅋㅋㅋㅋ,0.6694568395614624,0.12163805216550827,0.0915716215968132,0.0612339973449707,0.02935636043548584,0.026743197813630104
2024-09-22 22:38:17,리카도 장례식 조문임?ㅋㅋㅋㅋㅋㅋ,ㅋㅋㅋㅋㅋㅋㅋㅋ,59,59.0,리카도 장례식 조문임?ㅋㅋㅋㅋㅋㅋ ㅋㅋㅋㅋㅋㅋㅋㅋ,리카도 장례식 조문임?ㅋㅋㅋㅋㅋㅋ ㅋㅋㅋㅋㅋㅋㅋㅋ,0.24573451280593872,0.2556924819946289,0.2672763168811798,0.09592653065919876,0.04465465247631073,0.09071549773216248
2024-09-22 22:38:17,페레즈 제발 쳐박아줘 제발 할수있어,,59,59.0,페레즈 제발 쳐박아줘 제발 할수있어 ,페레즈 제발 쳐박아줘 제발 할수있어,0.18449243903160095,0.1757824718952179,0.17670881748199463,0.19149096310138702,0.184480682015419,0.08704470843076706
2024-09-22 22:38:18,크루징했는데 dotd가 말이되냐,,59,59.0,크루징했는데 dotd가 말이되냐 ,크루징했는데 dotd가 말이되냐,0.08702033758163452,0.2399994432926178,0.2743283212184906,0.18514162302017212,0.1476987898349762,0.06581141799688339
2024-09-22 22:38:19,리카도 삼고빔 ㅋㅋㅋㅋ,- dc official App,59,59.0,리카도 삼고빔 ㅋㅋㅋㅋ - dc official App,리카도 삼고빔 ㅋㅋㅋㅋ - dc official App,0.6859288215637207,0.11642211675643921,0.07355907559394836,0.05691033601760864,0.039338063448667526,0.027841608971357346
2024-09-22 22:38:19,DOD 대런 뭔데 ㅋㅋㅋㅋㅋ,ㅋㅋㅋ,59,59.0,DOD 대런 뭔데 ㅋㅋㅋㅋㅋ ㅋㅋㅋ,DOD 대런 뭔데 ㅋㅋㅋㅋㅋ ㅋㅋㅋ,0.38739755749702454,0.23013660311698914,0.2051193118095398,0.08942024409770966,0.03938320279121399,0.04854307323694229
2024-09-22 22:38:19,대런은 마지막경기라고 주냐?,ㅋㅋㅋㅋㅋㅋ,59,59.0,대런은 마지막경기라고 주냐? ㅋㅋㅋㅋㅋㅋ,대런은 마지막경기라고 주냐? ㅋㅋㅋㅋㅋㅋ,0.1749456524848938,0.28678038716316223,0.2276884764432907,0.14234238862991333,0.08987673372030258,0.07836636155843735
2024-09-22 22:38:20,dod 리카도 ㅋㅋㅋㅋㅋ,,59,59.0,dod 리카도 ㅋㅋㅋㅋㅋ ,dod 리카도 ㅋㅋㅋㅋㅋ,0.6506728529930115,0.1310582309961319,0.09529520571231842,0.06612129509449005,0.030421657487750053,0.026430729776620865
2024-09-22 22:38:20,노쪽이는 크루징하고 DOD 쉽게 퍼먹네,ㅋㅋㅋ,59,59.0,노쪽이는 크루징하고 DOD 쉽게 퍼먹네 ㅋㅋㅋ,노쪽이는 크루징하고 DOD 쉽게 퍼먹네 ㅋㅋㅋ,0.33695778250694275,0.19465617835521698,0.24064643681049347,0.10564827173948288,0.041236139833927155,0.08085513114929199
2024-09-22 22:38:20,개씹카도 11% 뭐임? ㅋㅋㅋㅋㅋㅋㅋ,거품 개심하네 에휴씨발 걍 인기투표를 해라,59,59.0,개씹카도 11% 뭐임? ㅋㅋㅋㅋㅋㅋㅋ 거품 개심하네 에휴씨발 걍 인기투표를 해라,개씹카도 11% 뭐임? ㅋㅋㅋㅋㅋㅋㅋ 거품 개심하네 에휴씨발 걍 인기투표를 해라,0.07398971170186996,0.22028379142284393,0.18797193467617035,0.25849637389183044,0.19834403693675995,0.06091418117284775
2024-09-22 22:38:21,리카도 은퇴선물,",,",59,59.0,"리카도 은퇴선물 ,,","리카도 은퇴선물 ,,",0.6543793678283691,0.13051915168762207,0.062014058232307434,0.06266193836927414,0.06139324605464935,0.029032256454229355
2024-09-22 22:38:22,노리스가 왜 DOD냐 대체,"스타트 안조졋다고 주는거냐
벽에 긁던데",59,59.0,"노리스가 왜 DOD냐 대체 스타트 안조졋다고 주는거냐
벽에 긁던데",노리스가 왜 DOD냐 대체 스타트 안조졋다고 주는거냐 벽에 긁던데,0.08663462847471237,0.30130255222320557,0.17716236412525177,0.19649948179721832,0.18795554339885712,0.05044538527727127
2024-09-22 22:38:24,리카도 맥이는거아님? ㅋㅋㅋㅋ,기습 3등 뭐야,59,59.0,리카도 맥이는거아님? ㅋㅋㅋㅋ 기습 3등 뭐야,리카도 맥이는거아님? ㅋㅋㅋㅋ 기습 3등 뭐야,0.09952373057603836,0.24795956909656525,0.2908848822116852,0.17085783183574677,0.08756869286298752,0.10320530831813812
2024-09-22 22:38:26,르끌 drs여네,,59,59.0,르끌 drs여네 ,르끌 drs여네,0.11359480023384094,0.3348470628261566,0.22586026787757874,0.12173695117235184,0.13035663962364197,0.07360432296991348
2024-09-22 22:38:27,대런게이 잘가라 ㅋㅋㅋㅋㅋㅋㅋㅋㅋ,,59,59.0,대런게이 잘가라 ㅋㅋㅋㅋㅋㅋㅋㅋㅋ ,대런게이 잘가라 ㅋㅋㅋㅋㅋㅋㅋㅋㅋ,0.5349500179290771,0.17696261405944824,0.10040273517370224,0.0845395177602768,0.05339117720723152,0.04975392669439316
2024-09-22 22:38:28,닥쳐라 장애련아,"시끄럽노
- dc official App",59,59.0,"닥쳐라 장애련아 시끄럽노
- dc official App",닥쳐라 장애련아 시끄럽노,0.19135281443595886,0.17951533198356628,0.12958446145057678,0.301999032497406,0.15243642032146454,0.04511197283864021
2024-09-22 22:38:28,체코 백마커되겠다 ㅋㅋ,,59,59.0,체코 백마커되겠다 ㅋㅋ ,체코 백마커되겠다 ㅋㅋ,0.6938350200653076,0.11776445060968399,0.07317887246608734,0.05375920236110687,0.03444995358586311,0.027012484148144722
2024-09-22 22:38:31,11노다 떴냐??,각은 나왔는데,59,59.0,11노다 떴냐?? 각은 나왔는데,11노다 떴냐?? 각은 나왔는데,0.16867414116859436,0.25334370136260986,0.31641337275505066,0.09963078051805496,0.07476165890693665,0.0871763676404953
2024-09-22 22:38:32,르쥬대전 드가자ㅋㅋㅋㅋ,"ㄲㅋㅋ
- dc official App",59,59.0,"르쥬대전 드가자ㅋㅋㅋㅋ ㄲㅋㅋ
- dc official App",르쥬대전 드가자ㅋㅋㅋㅋ ㄲㅋㅋ,0.7113781571388245,0.10575306415557861,0.06684184819459915,0.05715952813625336,0.034702688455581665,0.024164708331227303
2024-09-22 22:38:35,리카도 분명 올초에는 좆레즈 대체하네 뭐네 하더니,결국엔 본인자리마저 위협당하는...,59,59.0,리카도 분명 올초에는 좆레즈 대체하네 뭐네 하더니 결국엔 본인자리마저 위협당하는...,리카도 분명 올초에는 좆레즈 대체하네 뭐네 하더니 결국엔 본인자리마저 위협당하는...,0.08240527659654617,0.23413880169391632,0.2801855802536011,0.1444093883037567,0.1463356763124466,0.11252531409263611
2024-09-22 22:38:37,박수칠 때 떠나라고ㅋㅋ,,59,59.0,박수칠 때 떠나라고ㅋㅋ ,박수칠 때 떠나라고ㅋㅋ,0.27751675248146057,0.22401688992977142,0.16424331068992615,0.1714361608028412,0.09278816729784012,0.06999871879816055
2024-09-22 22:38:41,진짜 레이스 개노2ㅐㅁ이네,"진짜 시가지 서킷 점점 혐오마려움
바쿠에서도 추월 안되던데",59,59.0,"진짜 레이스 개노2ㅐㅁ이네 진짜 시가지 서킷 점점 혐오마려움
바쿠에서도 추월 안되던데",진짜 레이스 개노2ㅐㅁ이네 진짜 시가지 서킷 점점 혐오마려움 바쿠에서도 추월 안되던데,0.1531161665916443,0.16178345680236816,0.1263609081506729,0.3154226541519165,0.19180800020694733,0.051508769392967224
2024-09-22 22:38:41,은퇴경기에 팀오더까지 했는데 dod정도는 줘야 ㅋㅋ,,59,59.0,은퇴경기에 팀오더까지 했는데 dod정도는 줘야 ㅋㅋ ,은퇴경기에 팀오더까지 했는데 dod정도는 줘야 ㅋㅋ,0.3695756494998932,0.22858108580112457,0.1470920741558075,0.10802341252565384,0.06959899514913559,0.07712884992361069
2024-09-22 22:38:43,노리스 갭 24초 뭐냐?,,59,59.0,노리스 갭 24초 뭐냐? ,노리스 갭 24초 뭐냐?,0.09819337725639343,0.2692399322986603,0.29370203614234924,0.15103702247142792,0.1159650906920433,0.07186248898506165
2024-09-22 22:38:45,이제 킵푸싱하면 뭐하노ㅋㅋ,ㅋㅋ,59,59.0,이제 킵푸싱하면 뭐하노ㅋㅋ ㅋㅋ,이제 킵푸싱하면 뭐하노ㅋㅋ ㅋㅋ,0.17148937284946442,0.33826860785484314,0.15043888986110687,0.1528385877609253,0.11831855773925781,0.06864604353904724
2024-09-22 22:38:45,노리스 왜 DOTD냐는 애들,그럼 누구 뽑음? (진짜 모름),59,59.0,노리스 왜 DOTD냐는 애들 그럼 누구 뽑음? (진짜 모름),노리스 왜 DOTD냐는 애들 그럼 누구 뽑음? (진짜 모름),0.10902488231658936,0.22110222280025482,0.35216325521469116,0.13553129136562347,0.08352532237768173,0.09865306317806244
2024-09-22 22:38:47,체코가 드디어 한건 하냐?,"뭔가 결심한 목소린데 ㅋㅋ
- dc official App",59,59.0,"체코가 드디어 한건 하냐? 뭔가 결심한 목소린데 ㅋㅋ
- dc official App",체코가 드디어 한건 하냐? 뭔가 결심한 목소린데 ㅋㅋ,0.2792099118232727,0.22384746372699738,0.2727128565311432,0.08520713448524475,0.04292530193924904,0.09609727561473846
2024-09-22 22:38:48,무지성본질유입카도맘배척!!!!!!!!!,ㅏ,59,59.0,무지성본질유입카도맘배척!!!!!!!!! ㅏ,무지성본질유입카도맘배척!!!!!!!!! ㅏ,0.23599398136138916,0.17627553641796112,0.1354745328426361,0.22786018252372742,0.16879063844680786,0.05560516566038132
2024-09-22 22:38:49,DOD 투표하고왔다,리카도 추모표,59,59.0,DOD 투표하고왔다 리카도 추모표,DOD 투표하고왔다 리카도 추모표,0.5930565595626831,0.15128111839294434,0.09550918638706207,0.06269508600234985,0.0586521178483963,0.038805872201919556
2024-09-22 22:38:52,리카도 오늘 마지막인거 공식임?,"ㄷㄷ
- dc official App",59,59.0,"리카도 오늘 마지막인거 공식임? ㄷㄷ
- dc official App",리카도 오늘 마지막인거 공식임? ㄷㄷ,0.13889844715595245,0.20980753004550934,0.3342253267765045,0.11850213259458542,0.06737703084945679,0.13118954002857208
2024-09-22 22:38:52,졸다 왔거든? 카도 RB가 오더 이상하게 내려서 저런거임?,"아님 그냥 실력문제임?
- dc official App",59,59.0,"졸다 왔거든? 카도 RB가 오더 이상하게 내려서 저런거임? 아님 그냥 실력문제임?
- dc official App",졸다 왔거든? 카도 RB가 오더 이상하게 내려서 저런거임? 아님 그냥 실력문제임?,0.07492388784885406,0.24929086863994598,0.2924146354198456,0.14359503984451294,0.1691811978816986,0.07059434801340103
2024-09-22 22:38:53,리카도 부조금이였노 ㅋㅋ,,59,59.0,리카도 부조금이였노 ㅋㅋ ,리카도 부조금이였노 ㅋㅋ,0.31607434153556824,0.3147682249546051,0.16264256834983826,0.08289693295955658,0.05352796986699104,0.0700899288058281
2024-09-22 22:38:54,체황이 블루플랙 무시하고 노리스와 충돌하는 상상함,"ㅇ.ㅇ
- dc official App",59,59.0,"체황이 블루플랙 무시하고 노리스와 충돌하는 상상함 ㅇ.ㅇ
- dc official App",체황이 블루플랙 무시하고 노리스와 충돌하는 상상함 ㅇ.ㅇ,0.20033663511276245,0.22369302809238434,0.3176575005054474,0.10526807606220245,0.053243570029735565,0.09980123490095139
2024-09-22 22:39:04,노리스 DOD는 기대치가 낮아서 그런거지,,59,59.0,노리스 DOD는 기대치가 낮아서 그런거지 ,노리스 DOD는 기대치가 낮아서 그런거지,0.1674170345067978,0.2936069071292877,0.24908395111560822,0.12018238753080368,0.12150295823812485,0.048206768929958344
2024-09-22 22:39:04,노리스 박을뻔했네 ㅅㅂㅋㅋㅋ,,59,59.0,노리스 박을뻔했네 ㅅㅂㅋㅋㅋ ,노리스 박을뻔했네 ㅅㅂㅋㅋㅋ,0.13874362409114838,0.2909158766269684,0.13669031858444214,0.22559808194637299,0.1280757188796997,0.07997646182775497
2024-09-22 22:39:08,체코 어느새 DRS 밖으로 나갔네,대체 이게 무슨...,59,59.0,체코 어느새 DRS 밖으로 나갔네 대체 이게 무슨...,체코 어느새 DRS 밖으로 나갔네 대체 이게 무슨...,0.10191904008388519,0.27384594082832336,0.21236485242843628,0.16950000822544098,0.1563933938741684,0.08597678691148758
2024-09-22 22:39:15,누리스 오늘 참 지랄을 하노,ㅋㅋㅋ,59,59.0,누리스 오늘 참 지랄을 하노 ㅋㅋㅋ,누리스 오늘 참 지랄을 하노 ㅋㅋㅋ,0.24561746418476105,0.25533241033554077,0.1329277902841568,0.21217958629131317,0.08777360618114471,0.0661691278219223
2024-09-22 22:39:19,진짜 저새끼는 크루징도 제대로 못하네,몽골월챔 ㅈㅂ,59,59.0,진짜 저새끼는 크루징도 제대로 못하네 몽골월챔 ㅈㅂ,진짜 저새끼는 크루징도 제대로 못하네 몽골월챔 ㅈㅂ,0.07986167073249817,0.1918153166770935,0.1821126639842987,0.2908751368522644,0.19793570041656494,0.05739951878786087
2024-09-22 22:39:20,마지막경기애서모두를위해 백마커가 되어 노리스를격추!!,- dc official App,59,59.0,마지막경기애서모두를위해 백마커가 되어 노리스를격추!! - dc official App,마지막경기애서모두를위해 백마커가 되어 노리스를격추!! - dc official App,0.6629078984260559,0.12203128635883331,0.07544989883899689,0.05903518944978714,0.04381999373435974,0.03675570711493492
2024-09-22 22:39:28,박을뻔하지말고 박으라고,,59,59.0,박을뻔하지말고 박으라고 ,박을뻔하지말고 박으라고,0.09650970250368118,0.30872228741645813,0.18699872493743896,0.19017605483531952,0.13460993766784668,0.08298321813344955
2024-09-22 22:39:32,실시간 이분 그리우면 눌러라,"세카메이커.exe GOAT
- ORACLE RED BULL RACING RB20",59,59.0,"실시간 이분 그리우면 눌러라 세카메이커.exe GOAT
- ORACLE RED BULL RACING RB20",실시간 이분 그리우면 눌러라 세카메이커.exe GOAT - ORACLE RED BULL RACING RB20,0.5474309325218201,0.15685586631298065,0.14905816316604614,0.07309645414352417,0.0389573834836483,0.03460124507546425
2024-09-22 22:39:34,노리스 제발 쥬지행동,,59,59.0,노리스 제발 쥬지행동 ,노리스 제발 쥬지행동,0.21890611946582794,0.24296210706233978,0.14050696790218353,0.15534530580043793,0.17509470880031586,0.06718470901250839
2024-09-22 22:39:35,노리스는 씨발 크루징도 못하냐,ㅋㅋㅋㅋㅋ,59,59.0,노리스는 씨발 크루징도 못하냐 ㅋㅋㅋㅋㅋ,노리스는 씨발 크루징도 못하냐 ㅋㅋㅋㅋㅋ,0.1338469237089157,0.2562415301799774,0.20033365488052368,0.23741871118545532,0.10500389337539673,0.06715527921915054
2024-09-22 22:39:36,어우맥 개씹노잼,"어우맥
- dc official App",59,59.0,"어우맥 개씹노잼 어우맥
- dc official App",어우맥 개씹노잼 어우맥,0.12888886034488678,0.2749883234500885,0.13505114614963531,0.23493774235248566,0.175730898976326,0.05040307343006134
2024-09-22 22:39:36,크루징도 못하는 노리스ㅋㅋㅋㅋ,"미친 위닝카타고도 계속 윽앸중
- dc official App",59,59.0,"크루징도 못하는 노리스ㅋㅋㅋㅋ 미친 위닝카타고도 계속 윽앸중
- dc official App",크루징도 못하는 노리스ㅋㅋㅋㅋ 미친 위닝카타고도 계속 윽앸중,0.18720337748527527,0.2866225838661194,0.18607640266418457,0.15920382738113403,0.07441938668489456,0.10647445172071457
2024-09-22 22:39:37,아니 ㅅㅂ 저렇게 해도 크루징이네,씨발,59,59.0,아니 ㅅㅂ 저렇게 해도 크루징이네 씨발,아니 ㅅㅂ 저렇게 해도 크루징이네 씨발,0.1177409440279007,0.21390248835086823,0.10993632674217224,0.28372105956077576,0.2318081110715866,0.04289105907082558
2024-09-22 22:39:37,무리스 왜저러노,"?
- dc official App",59,59.0,"무리스 왜저러노 ?
- dc official App",무리스 왜저러노 ?,0.08419332653284073,0.2946585714817047,0.25156086683273315,0.16469287872314453,0.14185354113578796,0.06304074078798294
2024-09-22 22:39:38,노리스 무관력 어미어마하네 ㅋㅋㅋㅋㅋㅋㅋㅋㅋㅋㅋㅋㅋㅋㅋ,1위 30초차인데도 인데도 불안불안ㅋㅋㅋㅋㅋㅋㅋㅋㅋㅋㅋㅋㅋ,59,59.0,노리스 무관력 어미어마하네 ㅋㅋㅋㅋㅋㅋㅋㅋㅋㅋㅋㅋㅋㅋㅋ 1위 30초차인데도 인데도 불안불안ㅋㅋㅋㅋㅋㅋㅋㅋㅋㅋㅋㅋㅋ,노리스 무관력 어미어마하네 ㅋㅋㅋㅋㅋㅋㅋㅋㅋㅋㅋㅋㅋㅋㅋ 1위 30초차인데도 인데도 불안불안ㅋㅋㅋㅋㅋㅋㅋㅋㅋㅋㅋㅋㅋ,0.4125245213508606,0.19972509145736694,0.21452613174915314,0.06809420883655548,0.02907308004796505,0.07605695724487305
2024-09-22 22:39:37,노리스 크루징도 못하네 ㅋㅋ,"에라이 걍 박아라 ㅋㅋㅋ
- dc official App",59,59.0,"노리스 크루징도 못하네 ㅋㅋ 에라이 걍 박아라 ㅋㅋㅋ
- dc official App",노리스 크루징도 못하네 ㅋㅋ 에라이 걍 박아라 ㅋㅋㅋ,0.08407927304506302,0.21735888719558716,0.2792617380619049,0.2123161405324936,0.10788724571466446,0.09909673780202866
2024-09-22 22:39:42,엪서운 사실) 작년에는 이딴 좆노잼 레이스가 일상이었다,,60,60.0,엪서운 사실) 작년에는 이딴 좆노잼 레이스가 일상이었다 ,엪서운 사실) 작년에는 이딴 좆노잼 레이스가 일상이었다,0.10875288397073746,0.2829781770706177,0.12667280435562134,0.22382907569408417,0.17507921159267426,0.08268782496452332
2024-09-22 22:39:42,노리스 그냥 운전 ㅈ같이 하는데 차가 버티는건가,오늘따라 실수 개심하노,60,60.0,노리스 그냥 운전 ㅈ같이 하는데 차가 버티는건가 오늘따라 실수 개심하노,노리스 그냥 운전 ㅈ같이 하는데 차가 버티는건가 오늘따라 실수 개심하노,0.07020728290081024,0.250885933637619,0.2373799979686737,0.18182985484600067,0.18055009841918945,0.07914683222770691
2024-09-22 22:39:43,유잼 각만 보여주고 걍 도망가노,ㄹㅇㅋㅋ,60,60.0,유잼 각만 보여주고 걍 도망가노 ㄹㅇㅋㅋ,유잼 각만 보여주고 걍 도망가노 ㄹㅇㅋㅋ,0.15367251634597778,0.34707126021385193,0.13231955468654633,0.16872233152389526,0.1375531554222107,0.06066121533513069
2024-09-22 22:39:46,팀워크는 역시 체황 ㅋㅋ,"노리스 휘청 ㅋㅋ
- dc official App",60,60.0,"팀워크는 역시 체황 ㅋㅋ 노리스 휘청 ㅋㅋ
- dc official App",팀워크는 역시 체황 ㅋㅋ 노리스 휘청 ㅋㅋ,0.6143946051597595,0.14893536269664764,0.10253692418336868,0.06132275238633156,0.03734738752245903,0.03546293079853058
2024-09-22 22:39:47,보타스는 또 관우 못 따고 있네,10랩정도 된 것 같은데,60,60.0,보타스는 또 관우 못 따고 있네 10랩정도 된 것 같은데,보타스는 또 관우 못 따고 있네 10랩정도 된 것 같은데,0.0900358185172081,0.25978341698646545,0.3337833881378174,0.118364617228508,0.09051919728517532,0.10751353204250336
2024-09-22 22:39:50,누리스 그랜드슬램 가즈아~~,,60,60.0,누리스 그랜드슬램 가즈아~~ ,누리스 그랜드슬램 가즈아~~,0.6951584815979004,0.1134783923625946,0.06893999129533768,0.05440796539187431,0.036990370601415634,0.031024744734168053
2024-09-22 22:39:53,개추 시 노리스 스핀,,60,60.0,개추 시 노리스 스핀 ,개추 시 노리스 스핀,0.6517786383628845,0.12416448444128036,0.09444162994623184,0.06543140113353729,0.035643577575683594,0.028540313243865967
2024-09-22 22:39:54,나도 리카도 투표했다 ㅠ,,60,60.0,나도 리카도 투표했다 ㅠ ,나도 리카도 투표했다 ㅠ,0.14428621530532837,0.2924059331417084,0.13051655888557434,0.14659231901168823,0.20841148495674133,0.07778752595186234
2024-09-22 22:39:57,경기 못보고 있는데 노잼임?,,60,60.0,경기 못보고 있는데 노잼임? ,경기 못보고 있는데 노잼임?,0.10829178243875504,0.3388151526451111,0.20120316743850708,0.14245718717575073,0.14728102087974548,0.06195174902677536
2024-09-22 22:39:58,러셀은 싱가폴이 힘들다...,,60,60.0,러셀은 싱가폴이 힘들다... ,러셀은 싱가폴이 힘들다...,0.10932952165603638,0.3314511477947235,0.17543676495552063,0.11769545823335648,0.19462724030017853,0.07145985960960388
2024-09-22 22:39:59,무리스 임마는 크루징하나 똑바로 못하냐ㅋㅋㅋ,"랩당 4초씩 천천히달려도 1등이구만
- dc official App",60,60.0,"무리스 임마는 크루징하나 똑바로 못하냐ㅋㅋㅋ 랩당 4초씩 천천히달려도 1등이구만
- dc official App",무리스 임마는 크루징하나 똑바로 못하냐ㅋㅋㅋ 랩당 4초씩 천천히달려도 1등이구만,0.08404386788606644,0.2234710156917572,0.29077157378196716,0.2112247794866562,0.10734261572360992,0.08314619958400726
2024-09-22 22:40:04,제발 사고,제발,60,60.0,제발 사고 제발,제발 사고 제발,0.1554298847913742,0.2274380922317505,0.17168810963630676,0.15022172033786774,0.19914625585079193,0.09607595205307007
2024-09-22 22:40:05,노리스 존나 알 수 없는 새끼네ㅋㅋㅋㅋ,갑자기 지혼자 뒤질뻔하네ㅋㅋㅋ,60,60.0,노리스 존나 알 수 없는 새끼네ㅋㅋㅋㅋ 갑자기 지혼자 뒤질뻔하네ㅋㅋㅋ,노리스 존나 알 수 없는 새끼네ㅋㅋㅋㅋ 갑자기 지혼자 뒤질뻔하네ㅋㅋㅋ,0.09394025057554245,0.23177549242973328,0.22396919131278992,0.23884926736354828,0.1077081635594368,0.10375762730836868
2024-09-22 22:40:07,무리스 무관귀신이 차 잡고 흔들고있노?,"ㅣ
- dc official App",60,60.0,"무리스 무관귀신이 차 잡고 흔들고있노? ㅣ
- dc official App",무리스 무관귀신이 차 잡고 흔들고있노? ㅣ,0.11775211244821548,0.25612860918045044,0.2684782147407532,0.16856345534324646,0.08026480674743652,0.10881281644105911
2024-09-22 22:40:08,제발 아무나 꿈과 희망 해줘라...,,60,60.0,제발 아무나 꿈과 희망 해줘라... ,제발 아무나 꿈과 희망 해줘라...,0.28094884753227234,0.22285522520542145,0.16462993621826172,0.10710477828979492,0.1286311149597168,0.09583018720149994
2024-09-22 22:40:10,노리스 졸음운전 멈춰!!!!!,졸리면 졸음쉼터에서 쉬다 가세요,60,60.0,노리스 졸음운전 멈춰!!!!! 졸리면 졸음쉼터에서 쉬다 가세요,노리스 졸음운전 멈춰!!!!! 졸리면 졸음쉼터에서 쉬다 가세요,0.17380808293819427,0.23752343654632568,0.26369795203208923,0.1158895418047905,0.10028301924467087,0.10879799723625183
2024-09-22 22:40:13,노창섭 본인이 정상화 당할뻔 ㅋㅋㅋㅋ,- dc official App,60,60.0,노창섭 본인이 정상화 당할뻔 ㅋㅋㅋㅋ - dc official App,노창섭 본인이 정상화 당할뻔 ㅋㅋㅋㅋ - dc official App,0.28877297043800354,0.2761819362640381,0.17388737201690674,0.1243748590350151,0.056274473667144775,0.08050832152366638
2024-09-22 22:40:14,만약 마지막에 노리스가 러셀한다면?,ㅋㅋㅋㅋㅋㅋㅋㅋ,60,60.0,만약 마지막에 노리스가 러셀한다면? ㅋㅋㅋㅋㅋㅋㅋㅋ,만약 마지막에 노리스가 러셀한다면? ㅋㅋㅋㅋㅋㅋㅋㅋ,0.4105704426765442,0.20289212465286255,0.20428183674812317,0.08387169986963272,0.041434239596128464,0.05694955214858055
2024-09-22 22:40:14,대끌레 과연...,황 끌 레,60,60.0,대끌레 과연... 황 끌 레,대끌레 과연... 황 끌 레,0.10647899657487869,0.24069349467754364,0.3139808475971222,0.13315969705581665,0.07441571354866028,0.13127124309539795
2024-09-22 22:40:16,근데 오늘 데오드는 피아제 아님?,아닌가,60,60.0,근데 오늘 데오드는 피아제 아님? 아닌가,근데 오늘 데오드는 피아제 아님? 아닌가,0.13832315802574158,0.2478126585483551,0.3313342034816742,0.10905415564775467,0.0830722451210022,0.09040360152721405
2024-09-22 22:40:17,오늘 르클 dod 가능한가?,ㅇㅇ,60,60.0,오늘 르클 dod 가능한가? ㅇㅇ,오늘 르클 dod 가능한가? ㅇㅇ,0.35263141989707947,0.223090261220932,0.22853778302669525,0.07668565958738327,0.052597954869270325,0.06645689159631729
2024-09-22 22:40:18,뒤 보여주는 시점 존나 불안함ㅋㅋㅋ,작년 러셀 생각남ㅋㅋㅋㅋ,60,60.0,뒤 보여주는 시점 존나 불안함ㅋㅋㅋ 작년 러셀 생각남ㅋㅋㅋㅋ,뒤 보여주는 시점 존나 불안함ㅋㅋㅋ 작년 러셀 생각남ㅋㅋㅋㅋ,0.24287456274032593,0.2972629964351654,0.20178177952766418,0.09695271402597427,0.07895476371049881,0.08217319846153259
2024-09-22 22:40:17,체황 언제 헐크 놓쳤냐 ㅋㅋ,,60,60.0,체황 언제 헐크 놓쳤냐 ㅋㅋ ,체황 언제 헐크 놓쳤냐 ㅋㅋ,0.2217656821012497,0.25243890285491943,0.2809639871120453,0.11868719011545181,0.04589788615703583,0.08024629950523376
2024-09-22 22:40:21,미끌아 잡자,,60,60.0,미끌아 잡자 ,미끌아 잡자,0.5229326486587524,0.16095198690891266,0.13648150861263275,0.07461518794298172,0.05559433251619339,0.04942433536052704
2024-09-22 22:40:25,누리스 그랜드슬램까지 딱 3랩이다,몽골견 아가리~,60,60.0,누리스 그랜드슬램까지 딱 3랩이다 몽골견 아가리~,누리스 그랜드슬램까지 딱 3랩이다 몽골견 아가리~,0.3254369795322418,0.17923474311828613,0.19886498153209686,0.16685505211353302,0.06853339076042175,0.0610748752951622
2024-09-22 22:40:28,몽골 노리스 차이가 보이긴 함 ㅋㅋ,차빨 끌어내는 가다가 좀 다르긴 해,60,60.0,몽골 노리스 차이가 보이긴 함 ㅋㅋ 차빨 끌어내는 가다가 좀 다르긴 해,몽골 노리스 차이가 보이긴 함 ㅋㅋ 차빨 끌어내는 가다가 좀 다르긴 해,0.22291049361228943,0.2876621186733246,0.2630065679550171,0.0965593084692955,0.05942998453974724,0.07043150067329407
2024-09-22 22:40:33,노리스는 크루징해도 가끔 중계에 나오노 ㅋㅋ,이새끼는 스타트하고 사라지면 핏스탑 체커기 말곤 안 보였는데 ㅋㅋ,60,60.0,노리스는 크루징해도 가끔 중계에 나오노 ㅋㅋ 이새끼는 스타트하고 사라지면 핏스탑 체커기 말곤 안 보였는데 ㅋㅋ,노리스는 크루징해도 가끔 중계에 나오노 ㅋㅋ 이새끼는 스타트하고 사라지면 핏스탑 체커기 말곤 안 보였는데 ㅋㅋ,0.12229949235916138,0.2816541790962219,0.222113698720932,0.18997697532176971,0.09274511784315109,0.09121057391166687
2024-09-22 22:40:34,이게 평균 앱경기잖아요,게이게이들아,60,60.0,이게 평균 앱경기잖아요 게이게이들아,이게 평균 앱경기잖아요 게이게이들아,0.11740956455469131,0.23160016536712646,0.1879657506942749,0.25071239471435547,0.12167531251907349,0.09063684940338135
2024-09-22 22:40:34,그래도 포디움은 가겠노 몽골,에휴..,60,60.0,그래도 포디움은 가겠노 몽골 에휴..,그래도 포디움은 가겠노 몽골 에휴..,0.08376219123601913,0.3140430152416229,0.20820416510105133,0.12933392822742462,0.19232650101184845,0.07233021408319473
2024-09-22 22:40:36,체황 잡히겠노ㅋㅋ,"ㅋㅋ
- ORACLE RED BULL RACING RB20",60,60.0,"체황 잡히겠노ㅋㅋ ㅋㅋ
- ORACLE RED BULL RACING RB20",체황 잡히겠노ㅋㅋ ㅋㅋ - ORACLE RED BULL RACING RB20,0.6249220967292786,0.1358044147491455,0.11049634963274002,0.06608066707849503,0.03201693296432495,0.030679497867822647
2024-09-22 22:40:39,셒카가 ㅅㅂ ㅋㅋ 언제나오냐,"올 시즌 볼수 있기는 하냐
- dc official App",60,60.0,"셒카가 ㅅㅂ ㅋㅋ 언제나오냐 올 시즌 볼수 있기는 하냐
- dc official App",셒카가 ㅅㅂ ㅋㅋ 언제나오냐 올 시즌 볼수 있기는 하냐,0.13530083000659943,0.3119751513004303,0.12687766551971436,0.19214987754821777,0.1777656227350235,0.05593084171414375
2024-09-22 22:40:42,누렁아 정신챙겨라,- dc official App,60,60.0,누렁아 정신챙겨라 - dc official App,누렁아 정신챙겨라 - dc official App,0.13614684343338013,0.2533259987831116,0.258526474237442,0.15189623832702637,0.10348888486623764,0.0966155081987381
2024-09-22 22:40:44,뒤 카메라 개쫄깃하네,개좋음 ㅋㅋㅋㅋ,60,60.0,뒤 카메라 개쫄깃하네 개좋음 ㅋㅋㅋㅋ,뒤 카메라 개쫄깃하네 개좋음 ㅋㅋㅋㅋ,0.6848530173301697,0.12027211487293243,0.07413170486688614,0.056510426104068756,0.037060290575027466,0.027172448113560677
2024-09-22 22:40:45,맥라렌 그 미니 drs 리어윙 밴당함? 아님 걍 유지??,?,60,60.0,맥라렌 그 미니 drs 리어윙 밴당함? 아님 걍 유지?? ?,맥라렌 그 미니 drs 리어윙 밴당함? 아님 걍 유지?? ?,0.12088453769683838,0.21677453815937042,0.36997097730636597,0.11985715478658676,0.08318763971328735,0.08932513743638992
2024-09-22 22:40:50,악몽 상기는 르끌평ㅋㅋㅋ,- dc official App,60,60.0,악몽 상기는 르끌평ㅋㅋㅋ - dc official App,악몽 상기는 르끌평ㅋㅋㅋ - dc official App,0.6430011987686157,0.14273856580257416,0.08555076271295547,0.06347671151161194,0.03716262802481651,0.02807016856968403
2024-09-22 22:40:51,오스트리아의 재림,"종료직전 누리스의 펑처
- dc official App",60,60.0,"오스트리아의 재림 종료직전 누리스의 펑처
- dc official App",오스트리아의 재림 종료직전 누리스의 펑처,0.32827457785606384,0.220953106880188,0.23953452706336975,0.08812551945447922,0.0553017184138298,0.0678105279803276
2024-09-22 22:41:08,세이프티 카 내년에 나올 듯 ㅋㅋㅋ,,60,60.0,세이프티 카 내년에 나올 듯 ㅋㅋㅋ ,세이프티 카 내년에 나올 듯 ㅋㅋㅋ,0.5953722596168518,0.1530739814043045,0.11180300265550613,0.0687839463353157,0.037068046629428864,0.033898722380399704
2024-09-22 22:41:13,직관 안가길 잘했다,아무튼 안간거임 ㅋㅋㅋㅋㅋㅋㅋㅋㅋㅋㅋ,60,60.0,직관 안가길 잘했다 아무튼 안간거임 ㅋㅋㅋㅋㅋㅋㅋㅋㅋㅋㅋ,직관 안가길 잘했다 아무튼 안간거임 ㅋㅋㅋㅋㅋㅋㅋㅋㅋㅋㅋ,0.29407998919487,0.2554952800273895,0.09468694031238556,0.16575457155704498,0.13376349210739136,0.05621974915266037
2024-09-22 22:41:13,오늘 노리스 크루징 도중 2충돌 2휠락,,60,60.0,오늘 노리스 크루징 도중 2충돌 2휠락 ,오늘 노리스 크루징 도중 2충돌 2휠락,0.12037608027458191,0.29621750116348267,0.23695406317710876,0.1408870816230774,0.13114811480045319,0.07441720366477966
2024-09-22 22:41:14,노리스 오늘 이기면 그랜드슬램임?,ㅇㅇ,60,60.0,노리스 오늘 이기면 그랜드슬램임? ㅇㅇ,노리스 오늘 이기면 그랜드슬램임? ㅇㅇ,0.43785566091537476,0.1968017816543579,0.18631291389465332,0.07128643989562988,0.0420684851706028,0.0656747967004776
2024-09-22 22:41:18,셒카(2024~2024),"실종 후 장기미발견으로 사망처리라네요~
- ORACLE RED BULL RACING RB20",60,60.0,"셒카(2024~2024) 실종 후 장기미발견으로 사망처리라네요~
- ORACLE RED BULL RACING RB20",셒카(2024~2024) 실종 후 장기미발견으로 사망처리라네요~ - ORACLE RED BULL RACING RB20,0.13206088542938232,0.229584738612175,0.3127513825893402,0.12489458173513412,0.10767817497253418,0.09303024411201477
2024-09-22 22:41:19,와 르끌 마진 1도없이 푸쉬하노,"ㅇ
- dc official App",61,61.0,"와 르끌 마진 1도없이 푸쉬하노 ㅇ
- dc official App",와 르끌 마진 1도없이 푸쉬하노 ㅇ,0.0884588435292244,0.2891211211681366,0.22250480949878693,0.17239508032798767,0.10944289714097977,0.11807723343372345
2024-09-22 22:41:24,세카 철수했냐,"진짜 올해 한번 보기 힘드네
- dc official App",61,61.0,"세카 철수했냐 진짜 올해 한번 보기 힘드네
- dc official App",세카 철수했냐 진짜 올해 한번 보기 힘드네,0.0796123743057251,0.3024396002292633,0.22880621254444122,0.14380039274692535,0.15282465517520905,0.09251675009727478
2024-09-22 22:41:27,레드불이 좆밥이냐 헐크가 개쩌는거냐,"물론 답은 체코가 문제…
시바 체코 꼴투윈 불태우던 근성 다 어디갔노 ㅠㅠ",61,61.0,"레드불이 좆밥이냐 헐크가 개쩌는거냐 물론 답은 체코가 문제…
시바 체코 꼴투윈 불태우던 근성 다 어디갔노 ㅠㅠ",레드불이 좆밥이냐 헐크가 개쩌는거냐 물론 답은 체코가 문제… 시바 체코 꼴투윈 불태우던 근성 다 어디갔노 ㅠㅠ,0.07414094358682632,0.23607265949249268,0.16557706892490387,0.21511101722717285,0.24035696685314178,0.0687413290143013
2024-09-22 22:41:29,못딸거같다 르끌,"확실히 빨라야 딸건데
- dc official App",61,61.0,"못딸거같다 르끌 확실히 빨라야 딸건데
- dc official App",못딸거같다 르끌 확실히 빨라야 딸건데,0.08392170816659927,0.27497512102127075,0.3051060140132904,0.11153937876224518,0.14299096167087555,0.08146678656339645
2024-09-22 22:41:31,케이막사망 ㅋㅋ,,61,61.0,케이막사망 ㅋㅋ ,케이막사망 ㅋㅋ,0.6278246641159058,0.13628652691841125,0.08666985481977463,0.07860544323921204,0.04274369031190872,0.02786986716091633
2024-09-22 22:41:33,맥라렌 강점기는 그래도 하품 나올 정도는 아니겠네,"막가놈은 ㄹㅇ 대체 어디간건지 모를 정도로 개노잼으로 크루징 했는데
노리스는 한번씩 방디 흔들어서 카메라 잡히고 팬들 심장에다가 마사지도 한번씩 해주잖아 ㅋㅋㅋㅋ",61,61.0,"맥라렌 강점기는 그래도 하품 나올 정도는 아니겠네 막가놈은 ㄹㅇ 대체 어디간건지 모를 정도로 개노잼으로 크루징 했는데
노리스는 한번씩 방디 흔들어서 카메라 잡히고 팬들 심장에다가 마사지도 한번씩 해주잖아 ㅋㅋㅋㅋ",맥라렌 강점기는 그래도 하품 나올 정도는 아니겠네 막가놈은 ㄹㅇ 대체 어디간건지 모를 정도로 개노잼으로 크루징 했는데 노리스는 한번씩 방디 흔들어서 카메라 잡히고 팬들 심장에다가 마사지도 한번씩 해주잖아 ㅋㅋㅋㅋ,0.1514558047056198,0.2593117654323578,0.15038491785526276,0.19554363191127777,0.14499320089817047,0.09831064939498901
2024-09-22 22:41:37,쥬지 우주방어ㅋㅋㅋ,- dc official App,61,61.0,쥬지 우주방어ㅋㅋㅋ - dc official App,쥬지 우주방어ㅋㅋㅋ - dc official App,0.6681054830551147,0.11895032227039337,0.09314286708831787,0.0636892020702362,0.02978043630719185,0.026331698521971703
2024-09-22 22:41:37,마그누센 리타이어네,,61,61.0,마그누센 리타이어네 ,마그누센 리타이어네,0.18668818473815918,0.2322661280632019,0.3348119556903839,0.10341987013816833,0.05790632218122482,0.08490751683712006
2024-09-22 22:41:41,리카도 피트에 물먹으러 들어감?,ㅋㅋ,61,61.0,리카도 피트에 물먹으러 들어감? ㅋㅋ,리카도 피트에 물먹으러 들어감? ㅋㅋ,0.18541932106018066,0.2574039399623871,0.2881776690483093,0.11262862384319305,0.054094042629003525,0.10227636247873306
2024-09-22 22:41:41,존나 극한까지 몰아붙이네 ㄷㄷ,,61,61.0,존나 극한까지 몰아붙이네 ㄷㄷ ,존나 극한까지 몰아붙이네 ㄷㄷ,0.08862738311290741,0.20868200063705444,0.29990720748901367,0.17099489271640778,0.10391835123300552,0.12787020206451416
2024-09-22 22:41:43,21 아부다비?,설마?,61,61.0,21 아부다비? 설마?,21 아부다비? 설마?,0.1657053530216217,0.21930210292339325,0.3475300669670105,0.10803230851888657,0.06696151942014694,0.09246865659952164
2024-09-22 22:41:43,카도 리타?,,61,61.0,카도 리타? ,카도 리타?,0.2717691659927368,0.2194528728723526,0.29671522974967957,0.09061910957098007,0.05127469822764397,0.07016890496015549
2024-09-22 22:41:44,아오 케이막 뒤질거면 트랙 위에서 듸지라고,,61,61.0,아오 케이막 뒤질거면 트랙 위에서 듸지라고 ,아오 케이막 뒤질거면 트랙 위에서 듸지라고,0.17431890964508057,0.16622278094291687,0.12553642690181732,0.3236355781555176,0.16536445915699005,0.0449218787252903
2024-09-22 22:41:46,마그누센 데이터 적립 완료 ㅋㅋ,,61,61.0,마그누센 데이터 적립 완료 ㅋㅋ ,마그누센 데이터 적립 완료 ㅋㅋ,0.6588587760925293,0.13182470202445984,0.06584184616804123,0.06363560259342194,0.05498626083135605,0.024852778762578964
2024-09-22 22:41:49,콜라게이 11위로 끝나면 아쉬울거같은데 ㅠ,앞에 누구 하나 미끌 안하나,61,61.0,콜라게이 11위로 끝나면 아쉬울거같은데 ㅠ 앞에 누구 하나 미끌 안하나,콜라게이 11위로 끝나면 아쉬울거같은데 ㅠ 앞에 누구 하나 미끌 안하나,0.14947444200515747,0.27858325839042664,0.17665235698223114,0.1288079470396042,0.18531125783920288,0.0811707153916359
2024-09-22 22:41:50,마그누센 결국 리타이어 ㅋㅋㅋ,,61,61.0,마그누센 결국 리타이어 ㅋㅋㅋ ,마그누센 결국 리타이어 ㅋㅋㅋ,0.1553994119167328,0.3276163339614868,0.19673648476600647,0.13856112957000732,0.10090713948011398,0.08077952265739441
2024-09-22 22:41:50,리카도 쁠란F 입갤,,61,61.0,리카도 쁠란F 입갤 ,리카도 쁠란F 입갤,0.6138129234313965,0.138586163520813,0.11026829481124878,0.06769095361232758,0.0357125848531723,0.033929113298654556
2024-09-22 22:41:52,리카도 케이막 리타 ㅋㅋ,,61,61.0,리카도 케이막 리타 ㅋㅋ ,리카도 케이막 리타 ㅋㅋ,0.6858593821525574,0.11049841344356537,0.08440472930669785,0.0615103654563427,0.03226965293288231,0.025457479059696198
2024-09-22 22:41:53,케이막 왜 리타,,61,61.0,케이막 왜 리타 ,케이막 왜 리타,0.2899973690509796,0.23847000300884247,0.2717404365539551,0.09258119761943817,0.055190835148096085,0.05202018469572067
2024-09-22 22:41:55,세카를 띄우고 리타하라고 좀 ㅡㅡ,"야
- dc official App",61,61.0,"세카를 띄우고 리타하라고 좀 ㅡㅡ 야
- dc official App",세카를 띄우고 리타하라고 좀 ㅡㅡ 야,0.13623225688934326,0.2481773942708969,0.12456923723220825,0.28748655319213867,0.1678401678800583,0.0356944240629673
2024-09-22 22:41:57,리카도 왜 피트인?,리타임?,61,61.0,리카도 왜 피트인? 리타임?,리카도 왜 피트인? 리타임?,0.18662169575691223,0.24342377483844757,0.32157862186431885,0.10324759781360626,0.0778902992606163,0.06723804026842117
2024-09-22 22:41:57,케이막 리타,아니,61,61.0,케이막 리타 아니,케이막 리타 아니,0.21291199326515198,0.287470281124115,0.24556155502796173,0.11550935357809067,0.07659345865249634,0.061953313648700714
2024-09-22 22:41:58,주행중에 뒤지라고 ㅅㅂ,- dc official App,61,61.0,주행중에 뒤지라고 ㅅㅂ - dc official App,주행중에 뒤지라고 ㅅㅂ - dc official App,0.18726946413516998,0.16459815204143524,0.12122032046318054,0.31790032982826233,0.16776928305625916,0.04124239832162857
2024-09-22 22:41:58,르끌 못따겠네,"쥬지가 너무 잘막네
- dc official App",61,61.0,"르끌 못따겠네 쥬지가 너무 잘막네
- dc official App",르끌 못따겠네 쥬지가 너무 잘막네,0.09348177164793015,0.3332688510417938,0.24362944066524506,0.12631016969680786,0.09742089360952377,0.10588890314102173
2024-09-22 22:41:59,K-막 리타ㅋㅋㅋ,,61,61.0,K-막 리타ㅋㅋㅋ ,K-막 리타ㅋㅋㅋ,0.7053468823432922,0.10110124945640564,0.0690571591258049,0.06307066231966019,0.03716709464788437,0.024256937205791473
2024-09-22 22:42:07,아 안 잡힌다,,61,61.0,아 안 잡힌다 ,아 안 잡힌다,0.1028580442070961,0.2508425712585449,0.1269555538892746,0.1987762153148651,0.27051854133605957,0.05004913732409477
2024-09-22 22:42:07,진작에 쳐박고 세카띄우지 ㅅㅂ,감 다 죽엇노 헐크,61,61.0,진작에 쳐박고 세카띄우지 ㅅㅂ 감 다 죽엇노 헐크,진작에 쳐박고 세카띄우지 ㅅㅂ 감 다 죽엇노 헐크,0.0732840746641159,0.2263026088476181,0.17909979820251465,0.24918054044246674,0.21034757792949677,0.06178540363907814
2024-09-22 22:42:09,리카도 마지막이라고 타이어 바꿔주네 ㅋㅋㅋ,ㅋㅋㅋㅋㅋㅋㅋㅋㅋㅋㅋㅋㅋㅋㅋㅋㅋㅋㅋㅋㅋㅋㅋㅋㅋ,62,62.0,리카도 마지막이라고 타이어 바꿔주네 ㅋㅋㅋ ㅋㅋㅋㅋㅋㅋㅋㅋㅋㅋㅋㅋㅋㅋㅋㅋㅋㅋㅋㅋㅋㅋㅋㅋㅋ,리카도 마지막이라고 타이어 바꿔주네 ㅋㅋㅋ ㅋㅋㅋㅋㅋㅋㅋㅋㅋㅋㅋㅋㅋㅋㅋㅋㅋㅋㅋㅋㅋㅋㅋㅋㅋ,0.6997915506362915,0.1152927428483963,0.0652022734284401,0.05611948296427727,0.03769645094871521,0.025897424668073654
2024-09-22 22:42:10,쥬지야 막아라,.,62,62.0,쥬지야 막아라 .,쥬지야 막아라 .,0.12780332565307617,0.258510559797287,0.2711851894855499,0.13522900640964508,0.07788319140672684,0.1293887197971344
2024-09-22 22:42:11,쥬지 막겠는데 ㅋㅋ,- dc official App,62,62.0,쥬지 막겠는데 ㅋㅋ - dc official App,쥬지 막겠는데 ㅋㅋ - dc official App,0.5083191990852356,0.19418740272521973,0.14931918680667877,0.06822312623262405,0.035664837807416916,0.044286295771598816
2024-09-22 22:42:13,아니 츠노다는 소프트로 몇랩을 타고 있는데,카도는 뭐 타지도 않았느면서 들어가네,62,62.0,아니 츠노다는 소프트로 몇랩을 타고 있는데 카도는 뭐 타지도 않았느면서 들어가네,아니 츠노다는 소프트로 몇랩을 타고 있는데 카도는 뭐 타지도 않았느면서 들어가네,0.09016666561365128,0.24749471247196198,0.25855204463005066,0.21018223464488983,0.10701410472393036,0.0865902379155159
2024-09-22 22:42:15,리카도 플랜 F ㅋㅋㅋㅋㅋㅋㅋㅋㅋㅋㅋㅋㅋㅋㅋㅋㅋㅋㅋㅋㅋㅋㅋㅋㅋㅋㅋㅋㅋㅋㅋ,ㅋㅋㅋㅋㅋㅋㅋㅋㅋㅋㅋㅋㅋㅋㅋㅋㅋㅋㄴ,62,62.0,리카도 플랜 F ㅋㅋㅋㅋㅋㅋㅋㅋㅋㅋㅋㅋㅋㅋㅋㅋㅋㅋㅋㅋㅋㅋㅋㅋㅋㅋㅋㅋㅋㅋㅋ ㅋㅋㅋㅋㅋㅋㅋㅋㅋㅋㅋㅋㅋㅋㅋㅋㅋㅋㄴ,리카도 플랜 F ㅋㅋㅋㅋㅋㅋㅋㅋㅋㅋㅋㅋㅋㅋㅋㅋㅋㅋㅋㅋㅋㅋㅋㅋㅋㅋㅋㅋㅋㅋㅋ ㅋㅋㅋㅋㅋㅋㅋㅋㅋㅋㅋㅋㅋㅋㅋㅋㅋㅋㄴ,0.553557813167572,0.17052164673805237,0.11167363077402115,0.09128514677286148,0.040903426706790924,0.03205827996134758
2024-09-22 22:42:15,리카도 패렙도전? ㅋㅋㅋㅋㅋ,ㅋㅋㅋㅋㅋㅋ,62,62.0,리카도 패렙도전? ㅋㅋㅋㅋㅋ ㅋㅋㅋㅋㅋㅋ,리카도 패렙도전? ㅋㅋㅋㅋㅋ ㅋㅋㅋㅋㅋㅋ,0.6073386073112488,0.1451825350522995,0.12105776369571686,0.064527228474617,0.029173001646995544,0.03272079676389694
2024-09-22 22:42:16,케이막 감 다뒤졋노,"ㅅ
- dc official App",62,62.0,"케이막 감 다뒤졋노 ㅅ
- dc official App",케이막 감 다뒤졋노 ㅅ,0.10020005702972412,0.2609160542488098,0.11930715292692184,0.2480500489473343,0.21550299227237701,0.05602370575070381
2024-09-22 22:42:19,쥬지 막아라 제발 ㅋㅋ,- dc official App,62,62.0,쥬지 막아라 제발 ㅋㅋ - dc official App,쥬지 막아라 제발 ㅋㅋ - dc official App,0.20892031490802765,0.1884484887123108,0.16401906311511993,0.2745492458343506,0.10085859894752502,0.063204325735569
2024-09-22 22:42:19,리카도 플랜F 입갤 ㅋㅋㅋ,ㅋㅋ,62,62.0,리카도 플랜F 입갤 ㅋㅋㅋ ㅋㅋ,리카도 플랜F 입갤 ㅋㅋㅋ ㅋㅋ,0.6882209181785583,0.11297278851270676,0.07806941866874695,0.060510385781526566,0.033138010650873184,0.02708839811384678
2024-09-22 22:42:23,리카도는 왜 다시 기어나오냐 ㅋㅋ,- dc official App,62,62.0,리카도는 왜 다시 기어나오냐 ㅋㅋ - dc official App,리카도는 왜 다시 기어나오냐 ㅋㅋ - dc official App,0.15574343502521515,0.22989125549793243,0.2427639663219452,0.20676466822624207,0.08895409107208252,0.07588250190019608
2024-09-22 22:42:24,바이킹 침몰ㅋㅋ,ㅋㅋ,62,62.0,바이킹 침몰ㅋㅋ ㅋㅋ,바이킹 침몰ㅋㅋ ㅋㅋ,0.5179392695426941,0.17930617928504944,0.11762158572673798,0.1044771745800972,0.045146394520998,0.035509396344423294
2024-09-22 22:42:26,아 르끌 못딸거같은데,불안하다,62,62.0,아 르끌 못딸거같은데 불안하다,아 르끌 못딸거같은데 불안하다,0.1259021908044815,0.2685309946537018,0.3063565194606781,0.10532192885875702,0.10983658581972122,0.08405178040266037
2024-09-22 22:42:29,리카도 유종의 미로 패랩 가져오려는듯,슬프노,62,62.0,리카도 유종의 미로 패랩 가져오려는듯 슬프노,리카도 유종의 미로 패랩 가져오려는듯 슬프노,0.1541164219379425,0.2616739869117737,0.23863153159618378,0.11699918657541275,0.14520254731178284,0.08337638527154922
2024-09-22 22:42:31,리카도 소프트 스타트 했다고?,"이 뭔 씹
- dc official App",62,62.0,"리카도 소프트 스타트 했다고? 이 뭔 씹
- dc official App",리카도 소프트 스타트 했다고? 이 뭔 씹,0.09876874089241028,0.23294377326965332,0.16606737673282623,0.2664964497089386,0.16571597754955292,0.07000771909952164
2024-09-22 22:42:33,패랩뺏어라 ㅋㅋㅋㅋㅋㅋㅋ,ㅋㅋㅋㅋㅋ,62,62.0,패랩뺏어라 ㅋㅋㅋㅋㅋㅋㅋ ㅋㅋㅋㅋㅋ,패랩뺏어라 ㅋㅋㅋㅋㅋㅋㅋ ㅋㅋㅋㅋㅋ,0.4561707079410553,0.2002917379140854,0.11786556243896484,0.12809239327907562,0.05881812050938606,0.03876151889562607
2024-09-22 22:42:36,리카도 플랜F 입갤ㅋㅋㅋ,- dc official App,62,62.0,리카도 플랜F 입갤ㅋㅋㅋ - dc official App,리카도 플랜F 입갤ㅋㅋㅋ - dc official App,0.6800392270088196,0.11484820395708084,0.08441384136676788,0.06180135905742645,0.03208395466208458,0.026813430711627007
2024-09-22 22:42:37,러셀이 막을듯,- dc official App,62,62.0,러셀이 막을듯 - dc official App,러셀이 막을듯 - dc official App,0.1848190426826477,0.2620139718055725,0.2939019501209259,0.09814421832561493,0.08740808069705963,0.07371273636817932
2024-09-22 22:42:38,리카도 플랜 F 가능?,전 안될거라고봅니다,62,62.0,리카도 플랜 F 가능? 전 안될거라고봅니다,리카도 플랜 F 가능? 전 안될거라고봅니다,0.1252429485321045,0.2598610520362854,0.3095667064189911,0.1027134507894516,0.11592117697000504,0.08669467270374298
2024-09-22 22:42:40,체코기 눈나 ㄷㄷ,,62,62.0,체코기 눈나 ㄷㄷ ,체코기 눈나 ㄷㄷ,0.5844621658325195,0.15514899790287018,0.12002101540565491,0.05969312787055969,0.03578042984008789,0.0448942594230175
2024-09-22 22:42:37,‼+내가 대신 운전하고 싶으면 개추 ㅋㅋㅋㅋ,세이프티 카 무조건 보장 가능 ㅋㅋㅋ,62,62.0,‼+내가 대신 운전하고 싶으면 개추 ㅋㅋㅋㅋ 세이프티 카 무조건 보장 가능 ㅋㅋㅋ,‼+내가 대신 운전하고 싶으면 개추 ㅋㅋㅋㅋ 세이프티 카 무조건 보장 가능 ㅋㅋㅋ,0.6652482151985168,0.12961946427822113,0.07359220832586288,0.05869915708899498,0.041485611349344254,0.03135525435209274
2024-09-22 22:42:39,카도 패랩따러가나,,62,62.0,카도 패랩따러가나 ,카도 패랩따러가나,0.23100712895393372,0.22982586920261383,0.29891106486320496,0.09519974142313004,0.05564634129405022,0.08940991014242172
2024-09-22 22:42:44,패랩 못찍을 리카도면 개추,,62,62.0,패랩 못찍을 리카도면 개추 ,패랩 못찍을 리카도면 개추,0.19135580956935883,0.24232622981071472,0.307170033454895,0.1069558709859848,0.06780358403921127,0.08438853174448013
2024-09-22 22:42:44,못따겠는데 슈우발,- dc official App,62,62.0,못따겠는데 슈우발 - dc official App,못따겠는데 슈우발 - dc official App,0.11291912943124771,0.2475711852312088,0.11782393604516983,0.25059664249420166,0.21351979672908783,0.05756937712430954
2024-09-22 22:42:44,리카도 플랜 Fastest lap ㅋㅋㅋㅋㅋ,ㅋㅋㅋ,62,62.0,리카도 플랜 Fastest lap ㅋㅋㅋㅋㅋ ㅋㅋㅋ,리카도 플랜 Fastest lap ㅋㅋㅋㅋㅋ ㅋㅋㅋ,0.6524373292922974,0.12388566881418228,0.09843147546052933,0.06874068826436996,0.03172404319047928,0.024780742824077606
2024-09-22 22:42:46,니코카도 패랩?,- dc official App,62,62.0,니코카도 패랩? - dc official App,니코카도 패랩? - dc official App,0.3612287640571594,0.21069587767124176,0.2418079823255539,0.09536098688840866,0.04933176562190056,0.04157457873225212
2024-09-22 22:42:51,ㅅㅂ 못딸것 같은데..,"ㅇ
- dc official App",62,62.0,"ㅅㅂ 못딸것 같은데.. ㅇ
- dc official App",ㅅㅂ 못딸것 같은데.. ㅇ,0.08375107496976852,0.26488494873046875,0.15351738035678864,0.21191222965717316,0.21324335038661957,0.07269102334976196
2024-09-22 22:42:54,어이쿠 민옥이모,ㅋㅋㅋㅋㅋㅋ,62,62.0,어이쿠 민옥이모 ㅋㅋㅋㅋㅋㅋ,어이쿠 민옥이모 ㅋㅋㅋㅋㅋㅋ,0.603181779384613,0.15426382422447205,0.11392604559659958,0.0571926087141037,0.03170841932296753,0.03972731903195381
2024-09-22 22:42:54,아 미끌렸다,,62,62.0,아 미끌렸다 ,아 미끌렸다,0.5994130969047546,0.1644643247127533,0.08186118304729462,0.07341011613607407,0.05031682550907135,0.03053439036011696
2024-09-22 22:42:56,이거안되냐,,62,62.0,이거안되냐 ,이거안되냐,0.1562231034040451,0.29897308349609375,0.2143918126821518,0.11723839491605759,0.14014391601085663,0.07302966713905334
2024-09-22 22:42:57,헐크는 이번에도 포디움 좆망이네 ㅠㅠ,,62,62.0,헐크는 이번에도 포디움 좆망이네 ㅠㅠ ,헐크는 이번에도 포디움 좆망이네 ㅠㅠ,0.09746568650007248,0.27560916543006897,0.15888869762420654,0.15207363665103912,0.24224935472011566,0.07371343672275543
2024-09-22 22:42:57,리카도 플랜f를 마지막으로 시트 뺏기겟네ㅜㅜ,"ㅜㅜ
- dc official App",62,62.0,"리카도 플랜f를 마지막으로 시트 뺏기겟네ㅜㅜ ㅜㅜ
- dc official App",리카도 플랜f를 마지막으로 시트 뺏기겟네ㅜㅜ ㅜㅜ,0.12021620571613312,0.29610949754714966,0.17686012387275696,0.13219602406024933,0.19547505676746368,0.07914301007986069
2024-09-22 22:42:59,카도 패랩 못하면 너무 꼴사나워서 안하는게 맞는데,,62,62.0,카도 패랩 못하면 너무 꼴사나워서 안하는게 맞는데 ,카도 패랩 못하면 너무 꼴사나워서 안하는게 맞는데,0.08430426567792892,0.27350565791130066,0.20138019323349,0.18251068890094757,0.1722279191017151,0.08607127517461777
2024-09-22 22:43:02,르끌 타이어 너무 쓴듯…,"이거도 대단하다..
- dc official App",62,62.0,"르끌 타이어 너무 쓴듯… 이거도 대단하다..
- dc official App",르끌 타이어 너무 쓴듯… 이거도 대단하다..,0.1701040416955948,0.24599449336528778,0.2851813733577728,0.10666780918836594,0.07171038538217545,0.1203419491648674
2024-09-22 22:43:04,못딸거같다 ㅠ,- dc official App,62,62.0,못딸거같다 ㅠ - dc official App,못딸거같다 ㅠ - dc official App,0.1253385841846466,0.3108918368816376,0.16636498272418976,0.13114187121391296,0.18344120681285858,0.08282153308391571
2024-09-22 22:43:06,르끌 못딸거같노,,62,62.0,르끌 못딸거같노 ,르끌 못딸거같노,0.07936134189367294,0.2948703169822693,0.2704055607318878,0.11924109607934952,0.1453826129436493,0.09073909372091293
2024-09-22 22:43:06,대런 막스를 위한 마지막 희생ㅋㅋㅋㅋ,,62,62.0,대런 막스를 위한 마지막 희생ㅋㅋㅋㅋ ,대런 막스를 위한 마지막 희생ㅋㅋㅋㅋ,0.16408009827136993,0.3191815912723541,0.16176444292068481,0.14525170624256134,0.11685868352651596,0.09286335110664368
2024-09-22 22:43:09,미끌게이 쉽지않놐ㅋㅋㅋㅋㅋㅋㅋㅋㅋㅋ,,62,62.0,미끌게이 쉽지않놐ㅋㅋㅋㅋㅋㅋㅋㅋㅋㅋ ,미끌게이 쉽지않놐ㅋㅋㅋㅋㅋㅋㅋㅋㅋㅋ,0.1608894020318985,0.34557151794433594,0.2098696529865265,0.11148747056722641,0.08140111714601517,0.09078087657690048
2024-09-22 22:43:14,소문난 잔치에 먹을거없다,"ㅈㄴ 재밌을줄 알았는데
재미없네",62,62.0,"소문난 잔치에 먹을거없다 ㅈㄴ 재밌을줄 알았는데
재미없네",소문난 잔치에 먹을거없다 ㅈㄴ 재밌을줄 알았는데 재미없네,0.12137483805418015,0.3234387934207916,0.14409808814525604,0.16698108613491058,0.19355663657188416,0.05055059492588043
2024-09-22 22:43:16,페라리 그래도 선방햇다 ㅇㅇ,"ㅂ
- dc official App",62,62.0,"페라리 그래도 선방햇다 ㅇㅇ ㅂ
- dc official App",페라리 그래도 선방햇다 ㅇㅇ ㅂ,0.6170879602432251,0.1471664160490036,0.07225347310304642,0.06149885430932045,0.06243634223937988,0.039556894451379776
2024-09-22 22:43:16,칭찬 ㅋㅋㅋ,"ㅋㅋ
- dc official App",62,62.0,"칭찬 ㅋㅋㅋ ㅋㅋ
- dc official App",칭찬 ㅋㅋㅋ ㅋㅋ,0.6875686645507812,0.12246987968683243,0.07236671447753906,0.05588046833872795,0.03667262941598892,0.025041727349162102
2024-09-22 22:43:17,시팔 메르 W14T 어디갔노ㅋㅋㅋㅋㅋㅋㅋ,,62,62.0,시팔 메르 W14T 어디갔노ㅋㅋㅋㅋㅋㅋㅋ ,시팔 메르 W14T 어디갔노ㅋㅋㅋㅋㅋㅋㅋ,0.13918723165988922,0.24522213637828827,0.11969921737909317,0.292196124792099,0.1516324281692505,0.05206289142370224
2024-09-22 22:43:19,대런 인생 마지막 패랩도전 ㅋㅋㅋ,ㅋㅋㅋ,62,62.0,대런 인생 마지막 패랩도전 ㅋㅋㅋ ㅋㅋㅋ,대런 인생 마지막 패랩도전 ㅋㅋㅋ ㅋㅋㅋ,0.5558779835700989,0.17054960131645203,0.08467257767915726,0.09601723402738571,0.05681945011019707,0.03606322035193443
2024-09-22 22:43:22,개 시발 존나,"노오잼
- dc official App",62,62.0,"개 시발 존나 노오잼
- dc official App",개 시발 존나 노오잼,0.1309220790863037,0.2666003108024597,0.12016107141971588,0.2536245882511139,0.1790490746498108,0.04964281618595123
2024-09-22 22:43:25,종료 1랩전에 나아짐ㅋㅋㅋㅋㅋㅋㅋㅋ,,62,62.0,종료 1랩전에 나아짐ㅋㅋㅋㅋㅋㅋㅋㅋ ,종료 1랩전에 나아짐ㅋㅋㅋㅋㅋㅋㅋㅋ,0.5646849274635315,0.15433736145496368,0.09785454720258713,0.08515200018882751,0.06105673313140869,0.03691442683339119
2024-09-22 22:43:28,아 노리스가 일부러 헐크 안 넘고 체코 엿먹일 줄 알았는데,막랩에서 체코가 좀 푸쉬할 듯,62,62.0,아 노리스가 일부러 헐크 안 넘고 체코 엿먹일 줄 알았는데 막랩에서 체코가 좀 푸쉬할 듯,아 노리스가 일부러 헐크 안 넘고 체코 엿먹일 줄 알았는데 막랩에서 체코가 좀 푸쉬할 듯,0.14535465836524963,0.24439720809459686,0.3374919891357422,0.10207067430019379,0.06336541473865509,0.10732005536556244
2024-09-22 22:43:28,막스 패랩도전하는듯,과연,62,62.0,막스 패랩도전하는듯 과연,막스 패랩도전하는듯 과연,0.2532619535923004,0.20850613713264465,0.31409192085266113,0.09430687129497528,0.044243138283491135,0.08558990806341171
2024-09-22 22:43:28,항복 ㅋㅋㅋ,,62,62.0,항복 ㅋㅋㅋ ,항복 ㅋㅋㅋ,0.6243228316307068,0.14264295995235443,0.07748442888259888,0.07884057611227036,0.046851154416799545,0.02985806204378605
2024-09-22 22:43:28,솔직히 그리드가 너무 ㅇ뒤였어 ㅋㅋ,- dc official App,62,62.0,솔직히 그리드가 너무 ㅇ뒤였어 ㅋㅋ - dc official App,솔직히 그리드가 너무 ㅇ뒤였어 ㅋㅋ - dc official App,0.139125794172287,0.3546602725982666,0.1931532621383667,0.1399884670972824,0.10809696465730667,0.06497520953416824
2024-09-22 22:43:28,쥬지 꿈과희망 다시 ㄱㄱ,,62,62.0,쥬지 꿈과희망 다시 ㄱㄱ ,쥬지 꿈과희망 다시 ㄱㄱ,0.6338756680488586,0.13323228061199188,0.08851921558380127,0.06284143030643463,0.04355917498469353,0.03797226399183273
2024-09-22 22:43:31,못따겠다ㅋㅋ,,62,62.0,못따겠다ㅋㅋ ,못따겠다ㅋㅋ,0.08896484225988388,0.3426324427127838,0.1700860559940338,0.15252305567264557,0.17006564140319824,0.07572798430919647
2024-09-22 22:43:34,갑자기 타이어 부활 ㅋㅋㅋ,,62,62.0,갑자기 타이어 부활 ㅋㅋㅋ ,갑자기 타이어 부활 ㅋㅋㅋ,0.5925153493881226,0.1447182446718216,0.1273544281721115,0.06705493479967117,0.0357922799885273,0.03256472945213318
2024-09-22 22:43:35,꿈과 희망 제발,,62,62.0,꿈과 희망 제발 ,꿈과 희망 제발,0.33781325817108154,0.2026262730360031,0.16371238231658936,0.0962248221039772,0.1231183409690857,0.07650484889745712
2024-09-22 22:43:41,어어 잠시만요 누리스인가요?!!,- dc official App,62,62.0,어어 잠시만요 누리스인가요?!! - dc official App,어어 잠시만요 누리스인가요?!! - dc official App,0.4601840078830719,0.1982346773147583,0.18442219495773315,0.06738574802875519,0.038116227835416794,0.05165711045265198
2024-09-22 22:43:45,니코카도 패랩이 이루어지긴 하겠냐 ㅋㅋㅋㅋㅋㅋ,- dc official App,62,62.0,니코카도 패랩이 이루어지긴 하겠냐 ㅋㅋㅋㅋㅋㅋ - dc official App,니코카도 패랩이 이루어지긴 하겠냐 ㅋㅋㅋㅋㅋㅋ - dc official App,0.1372060775756836,0.21223124861717224,0.36105334758758545,0.13256792724132538,0.07701753079891205,0.07992386817932129
2024-09-22 22:43:47,결국 안 나오네,,After Lap,,결국 안 나오네 ,결국 안 나오네,0.08374092727899551,0.3629233241081238,0.18670092523097992,0.15094944834709167,0.14267706871032715,0.07300834357738495
2024-09-22 22:43:48,근데 페레즈는 왜 헐크랑 차이가 저만큼나냐,"가깝지 않았음?
- dc official App",After Lap,,"근데 페레즈는 왜 헐크랑 차이가 저만큼나냐 가깝지 않았음?
- dc official App",근데 페레즈는 왜 헐크랑 차이가 저만큼나냐 가깝지 않았음?,0.10962498933076859,0.24230511486530304,0.32684627175331116,0.1320294737815857,0.0808810144662857,0.1083131730556488
2024-09-22 22:43:49,타깎노들 싸움이라 좀 재밌긴 하네,이게 버텨지냐,After Lap,,타깎노들 싸움이라 좀 재밌긴 하네 이게 버텨지냐,타깎노들 싸움이라 좀 재밌긴 하네 이게 버텨지냐,0.12266343086957932,0.3601936995983124,0.2270885705947876,0.10871836543083191,0.08229166269302368,0.09904428571462631
2024-09-22 22:43:51,오늘 알론소 얼굴 보기 힘드네 ㅋㅋㅋ,"헐크 트레인때 좀 나오고
안나온지 오래네 ㅋㅋㅋㅋㅋㅋㅋㅋ",After Lap,,"오늘 알론소 얼굴 보기 힘드네 ㅋㅋㅋ 헐크 트레인때 좀 나오고
안나온지 오래네 ㅋㅋㅋㅋㅋㅋㅋㅋ",오늘 알론소 얼굴 보기 힘드네 ㅋㅋㅋ 헐크 트레인때 좀 나오고 안나온지 오래네 ㅋㅋㅋㅋㅋㅋㅋㅋ,0.2779662609100342,0.338133305311203,0.14896950125694275,0.09580587595701218,0.06663183122873306,0.07249321788549423
2024-09-22 22:43:51,제발 꿈과희망 제발 꿈과희망,- dc official App,After Lap,,제발 꿈과희망 제발 꿈과희망 - dc official App,제발 꿈과희망 제발 꿈과희망 - dc official App,0.41224581003189087,0.18232330679893494,0.12653832137584686,0.09946165233850479,0.1154618039727211,0.06396908313035965
2024-09-22 22:43:51,벌써 파이널랩 ㅅㅂ,"개노잼이네
- dc official App",After Lap,,"벌써 파이널랩 ㅅㅂ 개노잼이네
- dc official App",벌써 파이널랩 ㅅㅂ 개노잼이네,0.1299840658903122,0.31160664558410645,0.14637336134910583,0.18947386741638184,0.16673479974269867,0.055827315896749496
2024-09-22 22:44:01,"저우, 보타스가 가슬리 이겼다!!",사실상 우승아님??,After Lap,,"저우, 보타스가 가슬리 이겼다!! 사실상 우승아님??","저우, 보타스가 가슬리 이겼다!! 사실상 우승아님??",0.6332085132598877,0.14282852411270142,0.09587613493204117,0.0581708662211895,0.029976701363921165,0.039939187467098236
2024-09-22 22:44:02,ㅅㅂ 진짜 셒카안떴네,- dc official App,After Lap,,ㅅㅂ 진짜 셒카안떴네 - dc official App,ㅅㅂ 진짜 셒카안떴네 - dc official App,0.15309223532676697,0.18472328782081604,0.162525475025177,0.30473947525024414,0.14354544878005981,0.05137411132454872
2024-09-22 22:44:07,싱가폴 개좆노잼이네 진짜 ㅋㅋㅋ,ㅋㅋ,After Lap,,싱가폴 개좆노잼이네 진짜 ㅋㅋㅋ ㅋㅋ,싱가폴 개좆노잼이네 진짜 ㅋㅋㅋ ㅋㅋ,0.13261693716049194,0.30912280082702637,0.14510634541511536,0.19779673218727112,0.14734089374542236,0.06801629066467285
2024-09-22 22:44:11,애미 ㅅㅂ 좆노잼이노,"노리스 제발 펑쳐ㅋㅋ
- ORACLE RED BULL RACING RB20",After Lap,,"애미 ㅅㅂ 좆노잼이노 노리스 제발 펑쳐ㅋㅋ
- ORACLE RED BULL RACING RB20",애미 ㅅㅂ 좆노잼이노 노리스 제발 펑쳐ㅋㅋ - ORACLE RED BULL RACING RB20,0.1522197425365448,0.23846162855625153,0.11050155013799667,0.2834489941596985,0.16431774199008942,0.051050372421741486
2024-09-22 22:44:12,러셀 우주방어 드가자,,After Lap,,러셀 우주방어 드가자 ,러셀 우주방어 드가자,0.670631468296051,0.11838603019714355,0.08564432710409164,0.05632865056395531,0.03792693838477135,0.031082533299922943
2024-09-22 22:44:16,진짜 셒카가 안뜨네,허 ㅋㅋ,After Lap,,진짜 셒카가 안뜨네 허 ㅋㅋ,진짜 셒카가 안뜨네 허 ㅋㅋ,0.11164713650941849,0.3504997789859772,0.12315339595079422,0.17883490025997162,0.1696554273366928,0.06620939075946808
2024-09-22 22:44:19,쿠플 PD는 속 좀 쓰리겠다,"프랙 123 다 중계하고 온갖 개꿀잼 이벤트에다 프리뷰쇼까지 대잔치를 벌려놨는데
막상 본경기가 개노잼이야 ㅋㅋㅋㅋㅋ",After Lap,,"쿠플 PD는 속 좀 쓰리겠다 프랙 123 다 중계하고 온갖 개꿀잼 이벤트에다 프리뷰쇼까지 대잔치를 벌려놨는데
막상 본경기가 개노잼이야 ㅋㅋㅋㅋㅋ",쿠플 PD는 속 좀 쓰리겠다 프랙 123 다 중계하고 온갖 개꿀잼 이벤트에다 프리뷰쇼까지 대잔치를 벌려놨는데 막상 본경기가 개노잼이야 ㅋㅋㅋㅋㅋ,0.10973094403743744,0.3247055113315582,0.161246657371521,0.17413519322872162,0.15050742030143738,0.07967422157526016
2024-09-22 22:44:22,쥬지 디펜스 개쩌네…,,After Lap,,쥬지 디펜스 개쩌네… ,쥬지 디펜스 개쩌네…,0.20720843970775604,0.1938454955816269,0.31760331988334656,0.11031016707420349,0.04376627877354622,0.12726633250713348
2024-09-22 22:44:23,이야 오버히팅 되고 타이어 펑쳐가 났는데 셒카가 없어?,ㅅㅂ,After Lap,,이야 오버히팅 되고 타이어 펑쳐가 났는데 셒카가 없어? ㅅㅂ,이야 오버히팅 되고 타이어 펑쳐가 났는데 셒카가 없어? ㅅㅂ,0.12162250280380249,0.22262099385261536,0.1627066284418106,0.2537911832332611,0.17896395921707153,0.06029464304447174
2024-09-22 22:44:23,메이랜더 내년에봐요 시이팔,,After Lap,,메이랜더 내년에봐요 시이팔 ,메이랜더 내년에봐요 시이팔,0.1662539690732956,0.18356233835220337,0.09973734617233276,0.3143858313560486,0.18989886343479156,0.04616166278719902
2024-09-22 22:44:23,안캐 우승 콜 좀 듣자 시발들아,얘네 못 넘어가 어차피,After Lap,,안캐 우승 콜 좀 듣자 시발들아 얘네 못 넘어가 어차피,안캐 우승 콜 좀 듣자 시발들아 얘네 못 넘어가 어차피,0.09524205327033997,0.232631653547287,0.17354613542556763,0.2079148143529892,0.17649275064468384,0.11417251825332642
2024-09-22 22:44:26,리카도 병신은 패랩도못따노,,After Lap,,리카도 병신은 패랩도못따노 ,리카도 병신은 패랩도못따노,0.08328402787446976,0.24730932712554932,0.34736672043800354,0.13028040528297424,0.09756278991699219,0.09419672936201096
2024-09-22 22:44:26,개추시,"노리스 막코너 ^미끌^
- ORACLE RED BULL RACING RB20",After Lap,,"개추시 노리스 막코너 ^미끌^
- ORACLE RED BULL RACING RB20",개추시 노리스 막코너 ^미끌^ - ORACLE RED BULL RACING RB20,0.6666996479034424,0.11996856331825256,0.08668594807386398,0.06716430932283401,0.035792432725429535,0.023689009249210358
2024-09-22 22:44:29,괜히 봤다,내 한시간 사십사분이,After Lap,,괜히 봤다 내 한시간 사십사분이,괜히 봤다 내 한시간 사십사분이,0.11614646017551422,0.3057571351528168,0.11597799509763718,0.202639639377594,0.20696762204170227,0.0525110587477684
2024-09-22 22:44:33,착각하고 있는 것 같진 않긴 하지만 그냥 말해 두겠는데,그쪽이 도전자라고,After Lap,,착각하고 있는 것 같진 않긴 하지만 그냥 말해 두겠는데 그쪽이 도전자라고,착각하고 있는 것 같진 않긴 하지만 그냥 말해 두겠는데 그쪽이 도전자라고,0.11035686731338501,0.28635624051094055,0.29800939559936523,0.11942270398139954,0.0946679636836052,0.09118685126304626
2024-09-22 22:44:38,마제핀...라티피...믹슈...그립읍니다,,After Lap,,마제핀...라티피...믹슈...그립읍니다 ,마제핀...라티피...믹슈...그립읍니다,0.3330783545970917,0.21581481397151947,0.1213507205247879,0.13197654485702515,0.145179882645607,0.05259978398680687
2024-09-22 22:44:41,이제 노리스 들어오겟노 ㅋㅋ,,After Lap,,이제 노리스 들어오겟노 ㅋㅋ ,이제 노리스 들어오겟노 ㅋㅋ,0.580833375453949,0.16335628926753998,0.10346521437168121,0.07240623980760574,0.04308934882283211,0.03684954717755318
2024-09-22 22:44:41,이딴 경기 후 한달 휴식?,말이댐?,After Lap,,이딴 경기 후 한달 휴식? 말이댐?,이딴 경기 후 한달 휴식? 말이댐?,0.08924002200365067,0.26713600754737854,0.16218620538711548,0.22178710997104645,0.20996055006980896,0.049690116196870804
2024-09-22 22:44:50,바쿠도 개노잼이다가 막팍 개꿀잼이었는데 설마 싱가폴도…?,,After Lap,,바쿠도 개노잼이다가 막팍 개꿀잼이었는데 설마 싱가폴도…? ,바쿠도 개노잼이다가 막팍 개꿀잼이었는데 설마 싱가폴도…?,0.15712670981884003,0.30268752574920654,0.23650012910366058,0.12309872359037399,0.08441697061061859,0.09616989642381668
2024-09-22 22:44:52,리콴유 빠따치고 그냥 이번에 인천땡기자,- dc official App,After Lap,,리콴유 빠따치고 그냥 이번에 인천땡기자 - dc official App,리콴유 빠따치고 그냥 이번에 인천땡기자 - dc official App,0.3268144130706787,0.22832199931144714,0.1727050542831421,0.13015234470367432,0.07990838587284088,0.062097810208797455
2024-09-22 22:44:53,쥬지의 승리다 ㅋㅋㅋㅋ,"ㅋㅋㅋ
- dc official App",After Lap,,"쥬지의 승리다 ㅋㅋㅋㅋ ㅋㅋㅋ
- dc official App",쥬지의 승리다 ㅋㅋㅋㅋ ㅋㅋㅋ,0.7188839912414551,0.10431093722581863,0.05823148041963577,0.053386226296424866,0.0394313782453537,0.02575594186782837
2024-09-22 22:44:56,쥬지 차 이상하단거 블러핑이었나,디펜스 잘하네,After Lap,,쥬지 차 이상하단거 블러핑이었나 디펜스 잘하네,쥬지 차 이상하단거 블러핑이었나 디펜스 잘하네,0.10460656136274338,0.2185542732477188,0.3568230867385864,0.12880252301692963,0.07925613969564438,0.11195733398199081
2024-09-22 22:45:04,노리스 폴투윈 성불하네 후,ㅋㅋ,After Lap,,노리스 폴투윈 성불하네 후 ㅋㅋ,노리스 폴투윈 성불하네 후 ㅋㅋ,0.6898245215415955,0.11223208904266357,0.06997261196374893,0.054871346801519394,0.04146848991513252,0.03163086622953415
2024-09-22 22:45:06,우승콜좀 듣자,,After Lap,,우승콜좀 듣자 ,우승콜좀 듣자,0.5405661463737488,0.1644454002380371,0.11298305541276932,0.0730733573436737,0.05896073207259178,0.049971289932727814
2024-09-22 22:45:08,대런 패랩입갤 ㅋㅋㅋ,,After Lap,,대런 패랩입갤 ㅋㅋㅋ ,대런 패랩입갤 ㅋㅋㅋ,0.6898545622825623,0.10928226262331009,0.08030281960964203,0.061360642313957214,0.03266295790672302,0.026536785066127777
2024-09-22 22:45:08,누리스 ㅅㅅ,,After Lap,,누리스 ㅅㅅ ,누리스 ㅅㅅ,0.6997770071029663,0.11329510807991028,0.0637357234954834,0.05633636191487312,0.04122241213917732,0.02563338540494442
2024-09-22 22:45:09,카도 패랮 ㅋㅋㅋㅋㅋ,,After Lap,,카도 패랮 ㅋㅋㅋㅋㅋ ,카도 패랮 ㅋㅋㅋㅋㅋ,0.6848917007446289,0.11844606697559357,0.07979987561702728,0.061753109097480774,0.03108665719628334,0.024022512137889862
2024-09-22 22:45:09,레드불 소년가장 체황 1포인트 수확 ㄷㄷㄷㄷ,ㄷㄷㄷ,After Lap,,레드불 소년가장 체황 1포인트 수확 ㄷㄷㄷㄷ ㄷㄷㄷ,레드불 소년가장 체황 1포인트 수확 ㄷㄷㄷㄷ ㄷㄷㄷ,0.6905843019485474,0.12423791736364365,0.07057332247495651,0.05122676491737366,0.03718722611665726,0.026190519332885742
2024-09-22 22:45:10,셒카없는 싱가폴 잘봤고,"그냥 GTWC나 보러 가야겠다
- dc official App",After Lap,,"셒카없는 싱가폴 잘봤고 그냥 GTWC나 보러 가야겠다
- dc official App",셒카없는 싱가폴 잘봤고 그냥 GTWC나 보러 가야겠다,0.40768131613731384,0.23416614532470703,0.07720103114843369,0.1253919154405594,0.1128796860575676,0.04267990216612816
2024-09-22 22:45:11,리카도 패랩 뭔데 씨발아 ㅋㅋㅋㅋㅋㅋㅋㅋㅋㅋ,,After Lap,,리카도 패랩 뭔데 씨발아 ㅋㅋㅋㅋㅋㅋㅋㅋㅋㅋ ,리카도 패랩 뭔데 씨발아 ㅋㅋㅋㅋㅋㅋㅋㅋㅋㅋ,0.20098218321800232,0.26795873045921326,0.1751125603914261,0.20472392439842224,0.08059421181678772,0.0706283301115036
2024-09-22 22:45:12,리끼아르도 패랩 ㅋㅋㅋ,,After Lap,,리끼아르도 패랩 ㅋㅋㅋ ,리끼아르도 패랩 ㅋㅋㅋ,0.6481797695159912,0.12748859822750092,0.09944888949394226,0.06593308597803116,0.03045796975493431,0.028491677716374397
2024-09-22 22:45:09,노리스 우승 ㅅㅅㅅㅅㅅㅅㅅㅅ,,After Lap,,노리스 우승 ㅅㅅㅅㅅㅅㅅㅅㅅ ,노리스 우승 ㅅㅅㅅㅅㅅㅅㅅㅅ,0.7074023485183716,0.11637356132268906,0.05902153253555298,0.05560252442955971,0.03802543878555298,0.023574557155370712
2024-09-22 22:45:14,쥬지 이겼다 ㅋㅋㅋㅋㅋ,- dc official App,After Lap,,쥬지 이겼다 ㅋㅋㅋㅋㅋ - dc official App,쥬지 이겼다 ㅋㅋㅋㅋㅋ - dc official App,0.725388765335083,0.10355325043201447,0.059274666011333466,0.0524962954223156,0.03507128357887268,0.024215638637542725
2024-09-22 22:45:14,쥬지 안따이노,- dc official App,After Lap,,쥬지 안따이노 - dc official App,쥬지 안따이노 - dc official App,0.49349814653396606,0.175333634018898,0.16731838881969452,0.0831499770283699,0.04550839960575104,0.03519146889448166
2024-09-22 22:45:15,결국 셉카없노 ㅋㅋ,ㅋㅋㅋ,After Lap,,결국 셉카없노 ㅋㅋ ㅋㅋㅋ,결국 셉카없노 ㅋㅋ ㅋㅋㅋ,0.11646796762943268,0.3454357087612152,0.1314740926027298,0.16852211952209473,0.16630250215530396,0.07179763168096542
2024-09-22 22:45:15,패랩 대런ㅋㅋㅋ,,After Lap,,패랩 대런ㅋㅋㅋ ,패랩 대런ㅋㅋㅋ,0.6953402757644653,0.10750991106033325,0.08353171497583389,0.05779959261417389,0.03145764023065567,0.02436085417866707
2024-09-22 22:45:16,쁠랑F 성공 ㅋㅋㅋㅋㅋㅋㅋㅋ,,After Lap,,쁠랑F 성공 ㅋㅋㅋㅋㅋㅋㅋㅋ ,쁠랑F 성공 ㅋㅋㅋㅋㅋㅋㅋㅋ,0.7008534073829651,0.10949256271123886,0.06474748998880386,0.05779140815138817,0.04137806221842766,0.025737101212143898
2024-09-22 22:45:16,리카도 패랩 ㅅㅂㅋㅋㅋㅋㅋㅋㅋ,ㅋㅌㅌㅋㅋㅋ,After Lap,,리카도 패랩 ㅅㅂㅋㅋㅋㅋㅋㅋㅋ ㅋㅌㅌㅋㅋㅋ,리카도 패랩 ㅅㅂㅋㅋㅋㅋㅋㅋㅋ ㅋㅌㅌㅋㅋㅋ,0.31785863637924194,0.25862401723861694,0.14316000044345856,0.15945833921432495,0.06767023354768753,0.05322874337434769
2024-09-22 22:45:16,대런ㅋㅋㅋㅋㅋㅋㅋ,- dc official App,After Lap,,대런ㅋㅋㅋㅋㅋㅋㅋ - dc official App,대런ㅋㅋㅋㅋㅋㅋㅋ - dc official App,0.6883307099342346,0.11129344999790192,0.08515329658985138,0.06137847527861595,0.030996199697256088,0.022847963497042656
2024-09-22 22:45:18,노리스 주접말고 겸손하기!!!!,제발,After Lap,,노리스 주접말고 겸손하기!!!! 제발,노리스 주접말고 겸손하기!!!! 제발,0.1478990763425827,0.23302745819091797,0.15356731414794922,0.20546546578407288,0.18365788459777832,0.07638271152973175
2024-09-22 22:45:18,안캐쇼중 패랩따잇 ㅋㅋㅋㅋㅋㅋㅋㅋ,,After Lap,,안캐쇼중 패랩따잇 ㅋㅋㅋㅋㅋㅋㅋㅋ ,안캐쇼중 패랩따잇 ㅋㅋㅋㅋㅋㅋㅋㅋ,0.7062221169471741,0.10666272044181824,0.06916724890470505,0.05917428061366081,0.03549591824412346,0.02327771857380867
2024-09-22 22:45:18,페랩강탈 ㅋㅋㅋㅋ,ㅋㅌㅋㅋㅋ,After Lap,,페랩강탈 ㅋㅋㅋㅋ ㅋㅌㅋㅋㅋ,페랩강탈 ㅋㅋㅋㅋ ㅋㅌㅋㅋㅋ,0.427669882774353,0.24786750972270966,0.1266283392906189,0.10237669199705124,0.052300360053777695,0.043157223612070084
2024-09-22 22:45:19,르끌 븅쉰이네 저거,오스카는 걍 따버리던데 르끌은 피똥싸노,After Lap,,르끌 븅쉰이네 저거 오스카는 걍 따버리던데 르끌은 피똥싸노,르끌 븅쉰이네 저거 오스카는 걍 따버리던데 르끌은 피똥싸노,0.07673541456460953,0.22036704421043396,0.23441848158836365,0.21451443433761597,0.16445831954479218,0.08950631320476532
2024-09-22 22:45:18,대런 패랩ㅋㅋㅋㅋ,,After Lap,,대런 패랩ㅋㅋㅋㅋ ,대런 패랩ㅋㅋㅋㅋ,0.6625535488128662,0.11857400089502335,0.09935685992240906,0.06359826773405075,0.029878782108426094,0.02603854611515999
2024-09-22 22:45:19,리카도 기습패랩,"ㅋㅋㅋㅋㅋㅋㅋㅋ
- dc official App",After Lap,,"리카도 기습패랩 ㅋㅋㅋㅋㅋㅋㅋㅋ
- dc official App",리카도 기습패랩 ㅋㅋㅋㅋㅋㅋㅋㅋ,0.6459276676177979,0.13405181467533112,0.1020931825041771,0.0619194358587265,0.028382951393723488,0.02762495167553425
2024-09-22 22:45:19,위닝콜 on,,After Lap,,위닝콜 on ,위닝콜 on,0.5906851291656494,0.1447390615940094,0.12382730841636658,0.069681316614151,0.038619428873062134,0.03244781121611595
2024-09-22 22:45:20,대카도 패랩 ㄷㄷㄷ,,After Lap,,대카도 패랩 ㄷㄷㄷ ,대카도 패랩 ㄷㄷㄷ,0.19122128188610077,0.201207235455513,0.34422680735588074,0.11026103049516678,0.047911688685417175,0.10517198592424393
2024-09-22 22:45:20,패랩 씨발 아,,After Lap,,패랩 씨발 아 ,패랩 씨발 아,0.14516298472881317,0.22378523647785187,0.11822031438350677,0.2914990186691284,0.18247008323669434,0.03886236250400543
2024-09-22 22:45:20,ㅅㅂ 그리드 절반이 백마커ㅋㅋㅋㅋㅋㅋㅋ,ㅅㅂ 맥라렌 개사기네,After Lap,,ㅅㅂ 그리드 절반이 백마커ㅋㅋㅋㅋㅋㅋㅋ ㅅㅂ 맥라렌 개사기네,ㅅㅂ 그리드 절반이 백마커ㅋㅋㅋㅋㅋㅋㅋ ㅅㅂ 맥라렌 개사기네,0.090250164270401,0.23805300891399384,0.17949402332305908,0.2625908851623535,0.15071433782577515,0.07889755815267563
2024-09-22 22:45:21,대대런 ㅋ,- dc official App,After Lap,,대대런 ㅋ - dc official App,대대런 ㅋ - dc official App,0.553959310054779,0.15061518549919128,0.14921605587005615,0.07656574994325638,0.03987821936607361,0.029765518382191658
2024-09-22 22:45:21,패랩 ㅅㅂㅎㅋㅎㅋㅎㅋㅎㅋㅎㅋㅎㅋㅎㅋㅎㅋㅎㅋㅎㅋㅎㅋ,- dc official App,After Lap,,패랩 ㅅㅂㅎㅋㅎㅋㅎㅋㅎㅋㅎㅋㅎㅋㅎㅋㅎㅋㅎㅋㅎㅋㅎㅋ - dc official App,패랩 ㅅㅂㅎㅋㅎㅋㅎㅋㅎㅋㅎㅋㅎㅋㅎㅋㅎㅋㅎㅋㅎㅋㅎㅋ - dc official App,0.5238538384437561,0.16854064166545868,0.10579752922058105,0.11687228083610535,0.05692421644926071,0.028011543676257133
2024-09-22 22:45:21,리카도 생애 마지막 패랩ㅋㅋ,,After Lap,,리카도 생애 마지막 패랩ㅋㅋ ,리카도 생애 마지막 패랩ㅋㅋ,0.31821903586387634,0.2948036193847656,0.1280473917722702,0.11968273669481277,0.0819200649857521,0.057327162474393845
2024-09-22 22:45:21,리끼아르도 패랩ㅋㅋㅋㅋㅋ,"ㅋㅋ
- dc official App",After Lap,,"리끼아르도 패랩ㅋㅋㅋㅋㅋ ㅋㅋ
- dc official App",리끼아르도 패랩ㅋㅋㅋㅋㅋ ㅋㅋ,0.6347694993019104,0.13522323966026306,0.09988471120595932,0.06983812898397446,0.03237784281373024,0.027906509116292
2024-09-22 22:45:22,대런 페랩 ㅋㅋㅋㅋㅋㅋㅋㅋㅋㅋㅋㅋㅋㅋㅋㅋㅋㅋㅋㅋㅋㅋㅋㅋㅋㅋㅋㅋㅋ,ㅋㅋㅋㅋㅋㅋㅋㅋㅋㅋㅋㅋㅋㅋ,After Lap,,대런 페랩 ㅋㅋㅋㅋㅋㅋㅋㅋㅋㅋㅋㅋㅋㅋㅋㅋㅋㅋㅋㅋㅋㅋㅋㅋㅋㅋㅋㅋㅋ ㅋㅋㅋㅋㅋㅋㅋㅋㅋㅋㅋㅋㅋㅋ,대런 페랩 ㅋㅋㅋㅋㅋㅋㅋㅋㅋㅋㅋㅋㅋㅋㅋㅋㅋㅋㅋㅋㅋㅋㅋㅋㅋㅋㅋㅋㅋ ㅋㅋㅋㅋㅋㅋㅋㅋㅋㅋㅋㅋㅋㅋ,0.6543950438499451,0.12883420288562775,0.09263899177312851,0.06610286235809326,0.03272653743624687,0.025302352383732796
2024-09-22 22:45:22,리카도 플랜F 성공 ㅋㅋㅋㅋ,ㅋㅋ,After Lap,,리카도 플랜F 성공 ㅋㅋㅋㅋ ㅋㅋ,리카도 플랜F 성공 ㅋㅋㅋㅋ ㅋㅋ,0.7216106057167053,0.10592654347419739,0.06316684186458588,0.05048202723264694,0.03394537419080734,0.02486855909228325
2024-09-22 22:45:23,그래도 한달동안 갈드컵은 안하겠노,병신같은 치12팅 무새만 설치겠노ㅋㅋ,After Lap,,그래도 한달동안 갈드컵은 안하겠노 병신같은 치12팅 무새만 설치겠노ㅋㅋ,그래도 한달동안 갈드컵은 안하겠노 병신같은 치12팅 무새만 설치겠노ㅋㅋ,0.08419162034988403,0.2270587831735611,0.23773705959320068,0.22558176517486572,0.13633961975574493,0.08909113705158234
2024-09-22 22:45:23,대런 패랩ㅋㅋㅋㅋㅋㅋㅋㅋㅋㅋㅋㅋㅋㅋㅋ,,After Lap,,대런 패랩ㅋㅋㅋㅋㅋㅋㅋㅋㅋㅋㅋㅋㅋㅋㅋ ,대런 패랩ㅋㅋㅋㅋㅋㅋㅋㅋㅋㅋㅋㅋㅋㅋㅋ,0.652336061000824,0.12514516711235046,0.09937683492898941,0.06580688059329987,0.03115125373005867,0.02618379145860672
2024-09-22 22:45:24,패랩 강탈 ㅋㅋㅋㅋㅋ,ㅋㅌㅌㅌ,After Lap,,패랩 강탈 ㅋㅋㅋㅋㅋ ㅋㅌㅌㅌ,패랩 강탈 ㅋㅋㅋㅋㅋ ㅋㅌㅌㅌ,0.48429420590400696,0.1920734941959381,0.14340156316757202,0.09889175742864609,0.04133843630552292,0.040000591427087784
2024-09-22 22:45:22,대런패랮뭐노 ㅋㅋㅋ,,After Lap,,대런패랮뭐노 ㅋㅋㅋ ,대런패랮뭐노 ㅋㅋㅋ,0.676260232925415,0.12465827912092209,0.07981659471988678,0.06288363039493561,0.03237953409552574,0.024001676589250565
2024-09-22 22:45:24,대런 패랩 ㅋㅋㅋㅋㅋ,,After Lap,,대런 패랩 ㅋㅋㅋㅋㅋ ,대런 패랩 ㅋㅋㅋㅋㅋ,0.6678382754325867,0.11817388981580734,0.09419972449541092,0.0640469565987587,0.030208749696612358,0.025532439351081848
2024-09-22 22:45:25,카도 패랩 시발 ㅋㅋㅋㅋㅋㅋㅋㅋㅋㅋㅋㅋ,ㅋㅋㅋㅋㅋㅋㅋㅋㅋㅋㅋㅋㅋㅋㅋㅋㅋㅋㅋㅋㅋㅋㅋㅋㅋㅋㅋㅋ,After Lap,,카도 패랩 시발 ㅋㅋㅋㅋㅋㅋㅋㅋㅋㅋㅋㅋ ㅋㅋㅋㅋㅋㅋㅋㅋㅋㅋㅋㅋㅋㅋㅋㅋㅋㅋㅋㅋㅋㅋㅋㅋㅋㅋㅋㅋ,카도 패랩 시발 ㅋㅋㅋㅋㅋㅋㅋㅋㅋㅋㅋㅋ ㅋㅋㅋㅋㅋㅋㅋㅋㅋㅋㅋㅋㅋㅋㅋㅋㅋㅋㅋㅋㅋㅋㅋㅋㅋㅋㅋㅋ,0.33270499110221863,0.26132285594940186,0.13142989575862885,0.1498149335384369,0.07050801068544388,0.05421930178999901
2024-09-22 22:45:25,기꺼이 성공 ㅋㅋㅋㅋ,- dc official App,After Lap,,기꺼이 성공 ㅋㅋㅋㅋ - dc official App,기꺼이 성공 ㅋㅋㅋㅋ - dc official App,0.695848286151886,0.11122259497642517,0.07222329825162888,0.05480175465345383,0.04088093340396881,0.02502315305173397
2024-09-22 22:45:26,막스 사랑은 역시 대런ㅋㅋㅋㅋ,,After Lap,,막스 사랑은 역시 대런ㅋㅋㅋㅋ ,막스 사랑은 역시 대런ㅋㅋㅋㅋ,0.6851152181625366,0.12041636556386948,0.06911424547433853,0.052936140447854996,0.04080983251333237,0.0316082201898098
2024-09-22 22:45:26,리카도 결국 마지막 패랩 달성 ㅋㅋㅋㅋ,,After Lap,,리카도 결국 마지막 패랩 달성 ㅋㅋㅋㅋ ,리카도 결국 마지막 패랩 달성 ㅋㅋㅋㅋ,0.6482757925987244,0.13146713376045227,0.0923079401254654,0.05690456181764603,0.03404640033841133,0.03699814900755882
2024-09-22 22:45:26,패랩강탈ㅋㅋㅋㅋㅋㅋ,,After Lap,,패랩강탈ㅋㅋㅋㅋㅋㅋ ,패랩강탈ㅋㅋㅋㅋㅋㅋ,0.15292169153690338,0.3290638029575348,0.226278617978096,0.12924285233020782,0.07615313678979874,0.08633987605571747
2024-09-22 22:45:26,패랩 강탈 ㅋㅋㅋㅋㅋ,,After Lap,,패랩 강탈 ㅋㅋㅋㅋㅋ ,패랩 강탈 ㅋㅋㅋㅋㅋ,0.4264827072620392,0.19728167355060577,0.18596403300762177,0.10080748051404953,0.03949778154492378,0.04996633902192116
2024-09-22 22:45:27,리카도패랩ㅋㅋㅋㅌㅋ,ㅋㅋㅋ,After Lap,,리카도패랩ㅋㅋㅋㅌㅋ ㅋㅋㅋ,리카도패랩ㅋㅋㅋㅌㅋ ㅋㅋㅋ,0.6729235053062439,0.1228165328502655,0.08576975017786026,0.06289540976285934,0.030917279422283173,0.024677561596035957
2024-09-22 22:45:27,리카도 패랩 완성,ㅋㅋ,After Lap,,리카도 패랩 완성 ㅋㅋ,리카도 패랩 완성 ㅋㅋ,0.7140345573425293,0.10546094179153442,0.06763579696416855,0.05306413397192955,0.03523752838373184,0.024567002430558205
2024-09-22 22:45:27,시발 리카도 패랩 ㅋㅋㅋㅋㅋ,,After Lap,,시발 리카도 패랩 ㅋㅋㅋㅋㅋ ,시발 리카도 패랩 ㅋㅋㅋㅋㅋ,0.6205074787139893,0.13648757338523865,0.09891390800476074,0.07871498912572861,0.03573642298579216,0.02963961847126484
2024-09-22 22:45:27,플랜F씨발ㅋㅋ,- dc official App,After Lap,,플랜F씨발ㅋㅋ - dc official App,플랜F씨발ㅋㅋ - dc official App,0.16114644706249237,0.18397969007492065,0.1379327028989792,0.3308706283569336,0.1380954384803772,0.04797518625855446
2024-09-22 22:45:28,어 그랜드슬램 안줘ㅋㅋㅋㅋㅋㅋㅋㅋ,- dc official App,After Lap,,어 그랜드슬램 안줘ㅋㅋㅋㅋㅋㅋㅋㅋ - dc official App,어 그랜드슬램 안줘ㅋㅋㅋㅋㅋㅋㅋㅋ - dc official App,0.1531587392091751,0.3282448351383209,0.14668577909469604,0.16930252313613892,0.13605719804763794,0.06655099987983704
2024-09-22 22:45:28,리까아르도 인생 마지막 패랩 ㅋㅋㅋㅋㅋㅋㅋ,ㅋㅋㅋㅋ,After Lap,,리까아르도 인생 마지막 패랩 ㅋㅋㅋㅋㅋㅋㅋ ㅋㅋㅋㅋ,리까아르도 인생 마지막 패랩 ㅋㅋㅋㅋㅋㅋㅋ ㅋㅋㅋㅋ,0.3799372911453247,0.24570293724536896,0.10138500481843948,0.13762328028678894,0.08401989936828613,0.051331572234630585
2024-09-22 22:45:29,대런 페랩 긴빠이 ㅋㅋㅋㅋㅋ,ㅋㅋㅋㅋㅋㅁㅇㄴㄹ,After Lap,,대런 페랩 긴빠이 ㅋㅋㅋㅋㅋ ㅋㅋㅋㅋㅋㅁㅇㄴㄹ,대런 페랩 긴빠이 ㅋㅋㅋㅋㅋ ㅋㅋㅋㅋㅋㅁㅇㄴㄹ,0.7093278765678406,0.10864634811878204,0.06625446677207947,0.057943958789110184,0.03546789661049843,0.022359514608979225
2024-09-22 22:45:28,ㅅㅂ 패랩ㅋㅋㅋㅋㅋㅋㅋㅋㅋㅋㅋ,,After Lap,,ㅅㅂ 패랩ㅋㅋㅋㅋㅋㅋㅋㅋㅋㅋㅋ ,ㅅㅂ 패랩ㅋㅋㅋㅋㅋㅋㅋㅋㅋㅋㅋ,0.1823159158229828,0.30214911699295044,0.1562853455543518,0.19289691746234894,0.10188397020101547,0.06446871906518936
2024-09-22 22:45:30,대런때문에 누리스 그랜드슬램 날라감ㅋㅋㅋ,,After Lap,,대런때문에 누리스 그랜드슬램 날라감ㅋㅋㅋ ,대런때문에 누리스 그랜드슬램 날라감ㅋㅋㅋ,0.718479573726654,0.10898366570472717,0.056452956050634384,0.05475446581840515,0.03815612196922302,0.023173201829195023
2024-09-22 22:45:30,리카도 기습시위 ㅋㅋㅋㅋ,ㅋㅋㅋㅋㅋㅋㅋ,After Lap,,리카도 기습시위 ㅋㅋㅋㅋ ㅋㅋㅋㅋㅋㅋㅋ,리카도 기습시위 ㅋㅋㅋㅋ ㅋㅋㅋㅋㅋㅋㅋ,0.5608769655227661,0.16640569269657135,0.13764289021492004,0.07058095186948776,0.029481997713446617,0.035011500120162964
2024-09-22 22:45:30,플랜F 성공 ㅋㅋㅋ,,After Lap,,플랜F 성공 ㅋㅋㅋ ,플랜F 성공 ㅋㅋㅋ,0.6968346834182739,0.11455683410167694,0.07088880240917206,0.052328065037727356,0.03723830729722977,0.02815331146121025
2024-09-22 22:45:31,역시 레드불의 형제팀 십 ㅋㅋㅋㅋㅋㅋㅋ,ㅋㅋㅋㅋ,After Lap,,역시 레드불의 형제팀 십 ㅋㅋㅋㅋㅋㅋㅋ ㅋㅋㅋㅋ,역시 레드불의 형제팀 십 ㅋㅋㅋㅋㅋㅋㅋ ㅋㅋㅋㅋ,0.6963077783584595,0.11736540496349335,0.06772196292877197,0.0566585399210453,0.03512099012732506,0.02682526782155037
2024-09-22 22:45:31,그랜드슬램 실패 ㅋㅋㅋㅋㅋㅋㅋㅋㅋ,,After Lap,,그랜드슬램 실패 ㅋㅋㅋㅋㅋㅋㅋㅋㅋ ,그랜드슬램 실패 ㅋㅋㅋㅋㅋㅋㅋㅋㅋ,0.15580321848392487,0.3443028926849365,0.15546344220638275,0.14942365884780884,0.10711733251810074,0.08788949251174927
2024-09-22 22:45:31,앞으로 노리스 1위 몽골 2위 계속하면 1점차네,진짜 간당간당,After Lap,,앞으로 노리스 1위 몽골 2위 계속하면 1점차네 진짜 간당간당,앞으로 노리스 1위 몽골 2위 계속하면 1점차네 진짜 간당간당,0.08872092515230179,0.29178786277770996,0.26724064350128174,0.11922919005155563,0.12105981260538101,0.11196152865886688
2024-09-22 22:45:32,리카도 고춧가루ㅋㅋㅋㅋㄱ,- dc official App,After Lap,,리카도 고춧가루ㅋㅋㅋㅋㄱ - dc official App,리카도 고춧가루ㅋㅋㅋㅋㄱ - dc official App,0.6708803176879883,0.11904636025428772,0.09151868522167206,0.06398283690214157,0.030259830877184868,0.02431197464466095
2024-09-22 22:45:32,아니 대런 씨발 ㅋㅋㅋㅋㅋ,,After Lap,,아니 대런 씨발 ㅋㅋㅋㅋㅋ ,아니 대런 씨발 ㅋㅋㅋㅋㅋ,0.18215873837471008,0.24627919495105743,0.13633659482002258,0.2538427710533142,0.10763859003782272,0.07374411076307297
2024-09-22 22:45:32,대런 패랩은 먹었노ㅋㅋㅋㅋㅋ,,After Lap,,대런 패랩은 먹었노ㅋㅋㅋㅋㅋ ,대런 패랩은 먹었노ㅋㅋㅋㅋㅋ,0.6348910331726074,0.1429804265499115,0.0932861864566803,0.06181558966636658,0.035984721034765244,0.031042024493217468
2024-09-22 22:45:34,대런 패랩강탈ㅋㅋㅋ,ㅋㅋㅋ,After Lap,,대런 패랩강탈ㅋㅋㅋ ㅋㅋㅋ,대런 패랩강탈ㅋㅋㅋ ㅋㅋㅋ,0.4415425956249237,0.2222907841205597,0.1454375833272934,0.09835286438465118,0.048558659851551056,0.043817538768053055
2024-09-22 22:45:36,대 황 까르도ㅋㅋ,"ㅋㅋ
- ORACLE RED BULL RACING RB20",After Lap,,"대 황 까르도ㅋㅋ ㅋㅋ
- ORACLE RED BULL RACING RB20",대 황 까르도ㅋㅋ ㅋㅋ - ORACLE RED BULL RACING RB20,0.690185010433197,0.11289370059967041,0.07862266898155212,0.061517875641584396,0.03300460800528526,0.023776119574904442
2024-09-22 22:45:38,누리스 잘햇다,,After Lap,,누리스 잘햇다 ,누리스 잘햇다,0.6574532985687256,0.13210828602313995,0.06225791573524475,0.0625457689166069,0.05572456493973732,0.029910145327448845
2024-09-22 22:45:38,패랩 분탕 ㅋㅋㅋㅋㅋㅋㅋㅋㅋㅋㅋㅋㅋㅋㅋㅋㅋㅋ,,After Lap,,패랩 분탕 ㅋㅋㅋㅋㅋㅋㅋㅋㅋㅋㅋㅋㅋㅋㅋㅋㅋㅋ ,패랩 분탕 ㅋㅋㅋㅋㅋㅋㅋㅋㅋㅋㅋㅋㅋㅋㅋㅋㅋㅋ,0.37635695934295654,0.21512676775455475,0.1591137945652008,0.14102999866008759,0.05504012852907181,0.05333236977458
2024-09-22 22:45:39,대런 눈물의 응꼬쇼ㅜㅜㅜ,"ㅜ
- dc official App",After Lap,,"대런 눈물의 응꼬쇼ㅜㅜㅜ ㅜ
- dc official App",대런 눈물의 응꼬쇼ㅜㅜㅜ ㅜ,0.3547961115837097,0.21658656001091003,0.12962833046913147,0.11569619178771973,0.10779573768377304,0.07549707591533661
2024-09-22 22:45:40,대런 기습시위 ㅋㅋㅋㅋㅋㅋㅋ,,After Lap,,대런 기습시위 ㅋㅋㅋㅋㅋㅋㅋ ,대런 기습시위 ㅋㅋㅋㅋㅋㅋㅋ,0.3680388331413269,0.2093524932861328,0.22526678442955017,0.09797421842813492,0.03991172835230827,0.059455905109643936
2024-09-22 22:45:40,생전 고인의 마지막 패랩 ㅋㅋㅋㅋㅋㅋ,ㅋㅋㅋㅋㅋㅋㅋㅋ,After Lap,,생전 고인의 마지막 패랩 ㅋㅋㅋㅋㅋㅋ ㅋㅋㅋㅋㅋㅋㅋㅋ,생전 고인의 마지막 패랩 ㅋㅋㅋㅋㅋㅋ ㅋㅋㅋㅋㅋㅋㅋㅋ,0.4160833954811096,0.25502002239227295,0.10885965079069138,0.09580345451831818,0.07332707941532135,0.050906434655189514
2024-09-22 22:45:41,좆카도 인생 마지막 패랩 갱탈ㅋㅋㅋㅋㅋㅋ,ㅋㅋㅋㅋㅋㅋ,After Lap,,좆카도 인생 마지막 패랩 갱탈ㅋㅋㅋㅋㅋㅋ ㅋㅋㅋㅋㅋㅋ,좆카도 인생 마지막 패랩 갱탈ㅋㅋㅋㅋㅋㅋ ㅋㅋㅋㅋㅋㅋ,0.5611123442649841,0.18058621883392334,0.09721250087022781,0.07733631879091263,0.046106405556201935,0.03764618560671806
2024-09-22 22:45:41,노리스 독주,"ㅅㅂ 이게 맞냐
- dc official App",After Lap,,"노리스 독주 ㅅㅂ 이게 맞냐
- dc official App",노리스 독주 ㅅㅂ 이게 맞냐,0.1119893342256546,0.2336428463459015,0.12195819616317749,0.26469874382019043,0.22583940625190735,0.04187143221497536
2024-09-22 22:45:41,패랩 긴빠이ㅅㅂㅋㅋㅋㅋ,- dc official App,After Lap,,패랩 긴빠이ㅅㅂㅋㅋㅋㅋ - dc official App,패랩 긴빠이ㅅㅂㅋㅋㅋㅋ - dc official App,0.30193468928337097,0.21397525072097778,0.1335974484682083,0.21690714359283447,0.08385094255208969,0.04973452910780907
2024-09-22 22:45:42,20 막스 아부다비 그랜드슬램 초친 카도,이번에도 노리스 그랜드슬램 초치는 중 ㅋㅋㅋㅋ,After Lap,,20 막스 아부다비 그랜드슬램 초친 카도 이번에도 노리스 그랜드슬램 초치는 중 ㅋㅋㅋㅋ,20 막스 아부다비 그랜드슬램 초친 카도 이번에도 노리스 그랜드슬램 초치는 중 ㅋㅋㅋㅋ,0.2073383927345276,0.22150918841362,0.2060774266719818,0.1918216049671173,0.08178888261318207,0.09146452695131302
2024-09-22 22:45:42,대 리 스 ㄷㄷ,- dc official App,After Lap,,대 리 스 ㄷㄷ - dc official App,대 리 스 ㄷㄷ - dc official App,0.4085143208503723,0.1973644644021988,0.21708525717258453,0.09357552230358124,0.041731737554073334,0.04172869771718979
2024-09-22 22:45:43,기습패랩ㅋㅋㅋㅋㅋㅋㅋㅋㅋ,ㅋㅋㅋㅋㅋㅋㅋㅋ,After Lap,,기습패랩ㅋㅋㅋㅋㅋㅋㅋㅋㅋ ㅋㅋㅋㅋㅋㅋㅋㅋ,기습패랩ㅋㅋㅋㅋㅋㅋㅋㅋㅋ ㅋㅋㅋㅋㅋㅋㅋㅋ,0.6095028519630432,0.1476888507604599,0.11256689578294754,0.06877444684505463,0.033052656799554825,0.028414299711585045
2024-09-22 22:45:44,리카도 마지막불꽃 ㅋㅋㅋㅋㅋ,ㅅㅂㅋㅋ,After Lap,,리카도 마지막불꽃 ㅋㅋㅋㅋㅋ ㅅㅂㅋㅋ,리카도 마지막불꽃 ㅋㅋㅋㅋㅋ ㅅㅂㅋㅋ,0.5035229325294495,0.18963614106178284,0.09513746201992035,0.12007488310337067,0.0535832904279232,0.0380452498793602
2024-09-22 22:45:44,노리스 그랜드슬램 실패 ㅋㅋㅋㅋ,,After Lap,,노리스 그랜드슬램 실패 ㅋㅋㅋㅋ ,노리스 그랜드슬램 실패 ㅋㅋㅋㅋ,0.15719221532344818,0.35299861431121826,0.16724218428134918,0.13652941584587097,0.11028196662664413,0.0757555365562439
2024-09-22 22:45:45,패랩 ㅈㄴ 웃기네 ㅅㅂㅋㅎㅋㅎㅋㅎㅋㅎㅋㅋㅎㅋㅎㅋㅋㅎㅋㅎㅎㅋㅋ,- dc official App,After Lap,,패랩 ㅈㄴ 웃기네 ㅅㅂㅋㅎㅋㅎㅋㅎㅋㅎㅋㅋㅎㅋㅎㅋㅋㅎㅋㅎㅎㅋㅋ - dc official App,패랩 ㅈㄴ 웃기네 ㅅㅂㅋㅎㅋㅎㅋㅎㅋㅎㅋㅋㅎㅋㅎㅋㅋㅎㅋㅎㅎㅋㅋ - dc official App,0.6129876971244812,0.14762482047080994,0.09120029211044312,0.08282477408647537,0.041012171655893326,0.024350225925445557
2024-09-22 22:45:45,8등이 백마커 ㅋㅋㅋ,,After Lap,,8등이 백마커 ㅋㅋㅋ ,8등이 백마커 ㅋㅋㅋ,0.3686698079109192,0.24444685876369476,0.19316190481185913,0.09589220583438873,0.03893901780247688,0.05889015644788742
2024-09-22 22:45:47,리카도 막스에게 주는 마지막 선물 ㅠㅠㅠㅠㅠ,ㅠㅠ,After Lap,,리카도 막스에게 주는 마지막 선물 ㅠㅠㅠㅠㅠ ㅠㅠ,리카도 막스에게 주는 마지막 선물 ㅠㅠㅠㅠㅠ ㅠㅠ,0.37196388840675354,0.20818772912025452,0.10298849642276764,0.10166842490434647,0.15505573153495789,0.06013568490743637
2024-09-22 22:45:45,노리스 해트트릭 긴빠이 ㅋㅋㅋㅋㅋㅋ,,After Lap,,노리스 해트트릭 긴빠이 ㅋㅋㅋㅋㅋㅋ ,노리스 해트트릭 긴빠이 ㅋㅋㅋㅋㅋㅋ,0.704083263874054,0.10852797329425812,0.06201525405049324,0.06208378076553345,0.03863043710589409,0.024659276008605957
2024-09-22 22:45:47,시발노리스폴투윈 ㅋㅋㅋㅋㅋㅋㅋㅋㅋㅋ,,After Lap,,시발노리스폴투윈 ㅋㅋㅋㅋㅋㅋㅋㅋㅋㅋ ,시발노리스폴투윈 ㅋㅋㅋㅋㅋㅋㅋㅋㅋㅋ,0.6310546398162842,0.13035175204277039,0.09303883463144302,0.0804859921336174,0.03779244422912598,0.027276335284113884
2024-09-22 22:45:49,은퇴경기 패랩은 씹ㅋㅋㅋㅋㅋ,노리스 1포인트 강도당했네ㅋㅋㅋ,After Lap,,은퇴경기 패랩은 씹ㅋㅋㅋㅋㅋ 노리스 1포인트 강도당했네ㅋㅋㅋ,은퇴경기 패랩은 씹ㅋㅋㅋㅋㅋ 노리스 1포인트 강도당했네ㅋㅋㅋ,0.11539356410503387,0.284719318151474,0.19955535233020782,0.1824425309896469,0.11416935175657272,0.10371987521648407
2024-09-22 22:45:49,나이스 리카도 ㅋㅋㅋㅋㅋ,,After Lap,,나이스 리카도 ㅋㅋㅋㅋㅋ ,나이스 리카도 ㅋㅋㅋㅋㅋ,0.7143453359603882,0.10863614082336426,0.06500958651304245,0.053671739995479584,0.034151263535022736,0.02418588474392891
2024-09-22 22:45:50,대런 패랩 긴빠이,- dc official App,After Lap,,대런 패랩 긴빠이 - dc official App,대런 패랩 긴빠이 - dc official App,0.47225049138069153,0.17538464069366455,0.18394534289836884,0.08943380415439606,0.04666784778237343,0.03231789171695709
2024-09-22 22:45:50,대런 ㅅㅂ 또 모래뿌리고 가노,"주특기 나왔네 ㅅㅂㅋㅋㅋ
- dc official App",After Lap,,"대런 ㅅㅂ 또 모래뿌리고 가노 주특기 나왔네 ㅅㅂㅋㅋㅋ
- dc official App",대런 ㅅㅂ 또 모래뿌리고 가노 주특기 나왔네 ㅅㅂㅋㅋㅋ,0.1284990757703781,0.17621122300624847,0.11314191669225693,0.3363342881202698,0.19170022010803223,0.05411325767636299
2024-09-22 22:45:50,이번 경기 진짜 패자 알려준다 ㅋㅋㅋㅋㅋㅋㅋㅋ,이딴 좆노잼 경기 본다고 일요일 저녁 날려먹은 '너',After Lap,,이번 경기 진짜 패자 알려준다 ㅋㅋㅋㅋㅋㅋㅋㅋ 이딴 좆노잼 경기 본다고 일요일 저녁 날려먹은 '너',이번 경기 진짜 패자 알려준다 ㅋㅋㅋㅋㅋㅋㅋㅋ 이딴 좆노잼 경기 본다고 일요일 저녁 날려먹은 '너',0.09551237523555756,0.23850524425506592,0.15309655666351318,0.23833774030208588,0.19183814525604248,0.08270993828773499
2024-09-22 22:45:51,그래 2등 먹은게 어디냐,휴,After Lap,,그래 2등 먹은게 어디냐 휴,그래 2등 먹은게 어디냐 휴,0.4449790120124817,0.1971987932920456,0.09410963207483292,0.09831419587135315,0.1163257285952568,0.04907262697815895
2024-09-22 22:45:52,패랩 강탈ㅋㅋㅋㅋ,ㅋㅋㅋ,After Lap,,패랩 강탈ㅋㅋㅋㅋ ㅋㅋㅋ,패랩 강탈ㅋㅋㅋㅋ ㅋㅋㅋ,0.4427444040775299,0.2031215876340866,0.1699289232492447,0.09778756648302078,0.040806256234645844,0.04561129957437515
2024-09-22 22:45:52,대런 그랜드슬램 박살 ㅋㅋㅋㅋㅋㅋ,,After Lap,,대런 그랜드슬램 박살 ㅋㅋㅋㅋㅋㅋ ,대런 그랜드슬램 박살 ㅋㅋㅋㅋㅋㅋ,0.6511268615722656,0.12793564796447754,0.0973840206861496,0.062349364161491394,0.031053245067596436,0.0301508791744709
2024-09-22 22:45:53,너한테 그랜드슬램 같은건 없어 ㅋㅋㅋㅋㅋㅋㅋㅋㅋ,,After Lap,,너한테 그랜드슬램 같은건 없어 ㅋㅋㅋㅋㅋㅋㅋㅋㅋ ,너한테 그랜드슬램 같은건 없어 ㅋㅋㅋㅋㅋㅋㅋㅋㅋ,0.18533246219158173,0.2713622748851776,0.18344148993492126,0.1648339480161667,0.10210242122411728,0.09292734414339066
2024-09-22 22:45:54,대런ㅋㅋㅋ,ㅋㅋ,After Lap,,대런ㅋㅋㅋ ㅋㅋ,대런ㅋㅋㅋ ㅋㅋ,0.6974708437919617,0.11179781705141068,0.07926320284605026,0.05456911027431488,0.03202313557267189,0.02487584762275219
2024-09-22 22:45:54,리카도 라스트댄스 성공 ㅋㅋ,,After Lap,,리카도 라스트댄스 성공 ㅋㅋ ,리카도 라스트댄스 성공 ㅋㅋ,0.719832718372345,0.10716457664966583,0.05566668137907982,0.05182624235749245,0.04036170616745949,0.02514808624982834
2024-09-22 22:45:55,패랩 강탈ㅋㅋㅋㅋㅋㅋㅋㅋ,대런 라스트댄스ㅋㅋㅋㅋ,After Lap,,패랩 강탈ㅋㅋㅋㅋㅋㅋㅋㅋ 대런 라스트댄스ㅋㅋㅋㅋ,패랩 강탈ㅋㅋㅋㅋㅋㅋㅋㅋ 대런 라스트댄스ㅋㅋㅋㅋ,0.6828193664550781,0.12305944412946701,0.07566021382808685,0.06164068728685379,0.033798664808273315,0.02302159182727337
2024-09-22 22:45:58,리카도 패랩 먹긴 먹었노 씨발 ㅋㅋㅋㅋ,ㅋㅋㅋㅋㅋㅋㅋㅋㅋㅋㅋ,After Lap,,리카도 패랩 먹긴 먹었노 씨발 ㅋㅋㅋㅋ ㅋㅋㅋㅋㅋㅋㅋㅋㅋㅋㅋ,리카도 패랩 먹긴 먹었노 씨발 ㅋㅋㅋㅋ ㅋㅋㅋㅋㅋㅋㅋㅋㅋㅋㅋ,0.323416531085968,0.27055829763412476,0.12316323816776276,0.1465652883052826,0.07563351839780807,0.0606631264090538
2024-09-22 22:45:59,노리스 그래도 스티트병신 이미지는어느정도 씻었네,,After Lap,,노리스 그래도 스티트병신 이미지는어느정도 씻었네 ,노리스 그래도 스티트병신 이미지는어느정도 씻었네,0.16578838229179382,0.30078402161598206,0.20910871028900146,0.1018647700548172,0.11952502280473709,0.10292906314134598
2024-09-22 22:46:00,ㅋㅋ와 리카도 충성심 지린다,ㅋㅋㅋㅋㅋㅋㅋㅋ패랩강탈ㅋㅋㅋㅋㅋㅋㅋㅋ,After Lap,,ㅋㅋ와 리카도 충성심 지린다 ㅋㅋㅋㅋㅋㅋㅋㅋ패랩강탈ㅋㅋㅋㅋㅋㅋㅋㅋ,ㅋㅋ와 리카도 충성심 지린다 ㅋㅋㅋㅋㅋㅋㅋㅋ패랩강탈ㅋㅋㅋㅋㅋㅋㅋㅋ,0.5764268040657043,0.15521559119224548,0.12839935719966888,0.06602493673563004,0.03088005632162094,0.04305332899093628
2024-09-22 22:46:00,러셀 지키나,,After Lap,,러셀 지키나 ,러셀 지키나,0.14732755720615387,0.2634865939617157,0.29021167755126953,0.10497888177633286,0.1064838171005249,0.08751146495342255
2024-09-22 22:46:01,첫 폴투윈 노리스가 버거 돌려야하면 개추 ㅋㅋㅋㅋㅋㅋ,내놔라 ㅋㅋㅋㅋㅋㅋㅋㅋㅋㅋㅋㅋ,After Lap,,첫 폴투윈 노리스가 버거 돌려야하면 개추 ㅋㅋㅋㅋㅋㅋ 내놔라 ㅋㅋㅋㅋㅋㅋㅋㅋㅋㅋㅋㅋ,첫 폴투윈 노리스가 버거 돌려야하면 개추 ㅋㅋㅋㅋㅋㅋ 내놔라 ㅋㅋㅋㅋㅋㅋㅋㅋㅋㅋㅋㅋ,0.679362416267395,0.12210863828659058,0.07509467750787735,0.06358549743890762,0.03438973426818848,0.025458989664912224
2024-09-22 22:46:05,♿+♿+♿+♿+ 엪붕이들 투표 좀,"물론 모나코는 그 초반사고 때문에 노잼이 되긴 함
그리고 바레인은 개좆핀, 자우버가 소소한 재미는 챙겨줬음",After Lap,,"♿+♿+♿+♿+ 엪붕이들 투표 좀 물론 모나코는 그 초반사고 때문에 노잼이 되긴 함
그리고 바레인은 개좆핀, 자우버가 소소한 재미는 챙겨줬음","♿+♿+♿+♿+ 엪붕이들 투표 좀 물론 모나코는 그 초반사고 때문에 노잼이 되긴 함 그리고 바레인은 개좆핀, 자우버가 소소한 재미는 챙겨줬음",0.2628418505191803,0.2884635627269745,0.11817630380392075,0.13925637304782867,0.1363530308008194,0.0549088679254055
2024-09-22 22:46:06,대런 플랜f ㅋㅋㅋㅋㅋㅋㅋㅋ,,After Lap,,대런 플랜f ㅋㅋㅋㅋㅋㅋㅋㅋ ,대런 플랜f ㅋㅋㅋㅋㅋㅋㅋㅋ,0.6500454545021057,0.12519927322864532,0.09889176487922668,0.06780371069908142,0.03139482066035271,0.026664974167943
2024-09-22 22:46:07,이딴 경기 다음에 한달 쉬고 미대륙이라고?,"시발 요런 개 좆노잼 경기후 한달휴식 그리고 새벽 3시 중계 이거 맞냐?
특검해야 한다",After Lap,,"이딴 경기 다음에 한달 쉬고 미대륙이라고? 시발 요런 개 좆노잼 경기후 한달휴식 그리고 새벽 3시 중계 이거 맞냐?
특검해야 한다",이딴 경기 다음에 한달 쉬고 미대륙이라고? 시발 요런 개 좆노잼 경기후 한달휴식 그리고 새벽 3시 중계 이거 맞냐? 특검해야 한다,0.08241134136915207,0.22388683259487152,0.15529923141002655,0.2624847888946533,0.22501574456691742,0.050901979207992554
2024-09-22 22:46:08,리카도 패랩 강탈 ㅋㅋㅋㅋㅋㅋㅋㅋ,,After Lap,,리카도 패랩 강탈 ㅋㅋㅋㅋㅋㅋㅋㅋ ,리카도 패랩 강탈 ㅋㅋㅋㅋㅋㅋㅋㅋ,0.42150750756263733,0.19613705575466156,0.19559217989444733,0.09778087586164474,0.03600034490227699,0.052982039749622345
2024-09-22 22:46:08,아니 체코는 결국 헐크 못 넘었어???,대체 이게 뭔일이냐 ㅋㅋㅋㅋ,After Lap,,아니 체코는 결국 헐크 못 넘었어??? 대체 이게 뭔일이냐 ㅋㅋㅋㅋ,아니 체코는 결국 헐크 못 넘었어??? 대체 이게 뭔일이냐 ㅋㅋㅋㅋ,0.10724479705095291,0.25559261441230774,0.28789547085762024,0.14610330760478973,0.08109045773744583,0.12207332998514175
2024-09-22 22:46:10,콜라핀토 존나아깝네 ㅋㅋㅋ,잘했는데,After Lap,,콜라핀토 존나아깝네 ㅋㅋㅋ 잘했는데,콜라핀토 존나아깝네 ㅋㅋㅋ 잘했는데,0.16880743205547333,0.2880576550960541,0.09865710139274597,0.21684707701206207,0.16558092832565308,0.06204979121685028
2024-09-22 22:46:10,카도야 고맙다,ㅋㅋ,After Lap,,카도야 고맙다 ㅋㅋ,카도야 고맙다 ㅋㅋ,0.6785849928855896,0.12426012754440308,0.058618783950805664,0.05856776610016823,0.05393892526626587,0.02602943778038025
2024-09-22 22:46:10,저게 가재는 게편 뭐 그런거냐?? ㅋㅋㅋㅋㅋ,레드불 도와주노 ㅋㅋ,After Lap,,저게 가재는 게편 뭐 그런거냐?? ㅋㅋㅋㅋㅋ 레드불 도와주노 ㅋㅋ,저게 가재는 게편 뭐 그런거냐?? ㅋㅋㅋㅋㅋ 레드불 도와주노 ㅋㅋ,0.3804258406162262,0.19783146679401398,0.2107384353876114,0.08550072461366653,0.043147869408130646,0.08235563337802887
2024-09-22 22:46:10,더블포디움 ㅅㅅㅅㅅㅅㅅㅅㅅㅅㅅ,,After Lap,,더블포디움 ㅅㅅㅅㅅㅅㅅㅅㅅㅅㅅ ,더블포디움 ㅅㅅㅅㅅㅅㅅㅅㅅㅅㅅ,0.709033727645874,0.11069107800722122,0.06077488139271736,0.0579768568277359,0.03925454244017601,0.022268949076533318
2024-09-22 22:46:11,대런 마지막까지 웃겨주고가놐ㅋㅋㅋㅋㅋㅋㅋㅋ,ㅋㅋㅋ,After Lap,,대런 마지막까지 웃겨주고가놐ㅋㅋㅋㅋㅋㅋㅋㅋ ㅋㅋㅋ,대런 마지막까지 웃겨주고가놐ㅋㅋㅋㅋㅋㅋㅋㅋ ㅋㅋㅋ,0.6968745589256287,0.11822547018527985,0.06504182517528534,0.05657949671149254,0.03867705538868904,0.02460159733891487
2024-09-22 22:46:15,리카도 안짤리기위한 똥꼬쇼 ㅋㅋㅋㅋㅋ,ㅋㅋㅋㅋ씹 개웃기네,After Lap,,리카도 안짤리기위한 똥꼬쇼 ㅋㅋㅋㅋㅋ ㅋㅋㅋㅋ씹 개웃기네,리카도 안짤리기위한 똥꼬쇼 ㅋㅋㅋㅋㅋ ㅋㅋㅋㅋ씹 개웃기네,0.3427058160305023,0.22574269771575928,0.18227586150169373,0.1346445083618164,0.053056299686431885,0.061574749648571014
2024-09-22 22:46:15,대런개시발,ㅅㅂ,After Lap,,대런개시발 ㅅㅂ,대런개시발 ㅅㅂ,0.1444871574640274,0.19079627096652985,0.11786509305238724,0.2783234417438507,0.22599180042743683,0.04253619909286499
2024-09-22 22:46:16,플랜F 분탕 뭔데ㅋㅋㅋㅋ,,After Lap,,플랜F 분탕 뭔데ㅋㅋㅋㅋ ,플랜F 분탕 뭔데ㅋㅋㅋㅋ,0.16038142144680023,0.2383367121219635,0.2549160122871399,0.18732284009456635,0.08562278747558594,0.07342026382684708
2024-09-22 22:46:17,데런 커리어 마지막 패랩 성공 ㅋㅋㅋㅋㅋ,,After Lap,,데런 커리어 마지막 패랩 성공 ㅋㅋㅋㅋㅋ ,데런 커리어 마지막 패랩 성공 ㅋㅋㅋㅋㅋ,0.6743367314338684,0.1186702623963356,0.07015654444694519,0.0668749213218689,0.04133189097046852,0.02862965688109398
2024-09-22 22:46:19,리카도 이새끼 눈치 좆도 없네,패랩을 니가 왜 묵농,After Lap,,리카도 이새끼 눈치 좆도 없네 패랩을 니가 왜 묵농,리카도 이새끼 눈치 좆도 없네 패랩을 니가 왜 묵농,0.08234171569347382,0.24413572251796722,0.2602446973323822,0.21973653137683868,0.11180097609758377,0.08174030482769012
2024-09-22 22:46:19,리카도의 마지막 선물 ㅋㅋㅋㅋㅋㅋ,지금 뺏은 1포차로 드챔갈리면 재밌겠다,After Lap,,리카도의 마지막 선물 ㅋㅋㅋㅋㅋㅋ 지금 뺏은 1포차로 드챔갈리면 재밌겠다,리카도의 마지막 선물 ㅋㅋㅋㅋㅋㅋ 지금 뺏은 1포차로 드챔갈리면 재밌겠다,0.6881292462348938,0.11812921613454819,0.07306939363479614,0.059439536184072495,0.0333203561604023,0.027912244200706482
2024-09-22 22:46:19,쥬지 잘해따,ㅇ,After Lap,,쥬지 잘해따 ㅇ,쥬지 잘해따 ㅇ,0.6785283088684082,0.12160532176494598,0.059992264956235886,0.058222174644470215,0.05328500270843506,0.028366895392537117
2024-09-22 22:46:19,쥬지 이걸 또 틀어막았네,,After Lap,,쥬지 이걸 또 틀어막았네 ,쥬지 이걸 또 틀어막았네,0.11403841525316238,0.3118778467178345,0.13516786694526672,0.19903895258903503,0.16829046607017517,0.071586474776268
2024-09-22 22:46:20,니코카도 분탕 ㅋㅋㅋㅋㅋㅋㅋㅋㅋㅋㅋㅋ,"ㅋㅋㅋㅋㅋㅋㅋㅋㅋㅋㅋ
- dc official App",After Lap,,"니코카도 분탕 ㅋㅋㅋㅋㅋㅋㅋㅋㅋㅋㅋㅋ ㅋㅋㅋㅋㅋㅋㅋㅋㅋㅋㅋ
- dc official App",니코카도 분탕 ㅋㅋㅋㅋㅋㅋㅋㅋㅋㅋㅋㅋ ㅋㅋㅋㅋㅋㅋㅋㅋㅋㅋㅋ,0.6521618366241455,0.1386157125234604,0.08458420634269714,0.06522165238857269,0.03428511694073677,0.025131529197096825
2024-09-22 22:46:24,ㅋㅋㅋㅋㅋㅋ 쥬지 대성공,- dc official App,After Lap,,ㅋㅋㅋㅋㅋㅋ 쥬지 대성공 - dc official App,ㅋㅋㅋㅋㅋㅋ 쥬지 대성공 - dc official App,0.7173724174499512,0.10290805250406265,0.06577979028224945,0.05485011637210846,0.035341255366802216,0.02374834381043911
2024-09-22 22:46:24,리카도 패랩은 레드불이 시켰겠지?,아님 알비가 형님 위해 자진해서? ㅋㅋ,After Lap,,리카도 패랩은 레드불이 시켰겠지? 아님 알비가 형님 위해 자진해서? ㅋㅋ,리카도 패랩은 레드불이 시켰겠지? 아님 알비가 형님 위해 자진해서? ㅋㅋ,0.21459610760211945,0.22184830904006958,0.30828657746315,0.099765345454216,0.05695810168981552,0.09854555130004883
2024-09-22 22:46:25,맥 원쓰리 ㅅㅅㅅㅅㅅㅅㅅㅅㅅㅅ,,After Lap,,맥 원쓰리 ㅅㅅㅅㅅㅅㅅㅅㅅㅅㅅ ,맥 원쓰리 ㅅㅅㅅㅅㅅㅅㅅㅅㅅㅅ,0.7178955078125,0.1068444550037384,0.06029537320137024,0.05598636716604233,0.03731207549571991,0.0216662660241127
2024-09-22 22:46:23,올해 최악수준의 레이스 ㅆ~ㅂ,,After Lap,,올해 최악수준의 레이스 ㅆ~ㅂ ,올해 최악수준의 레이스 ㅆ~ㅂ,0.13027457892894745,0.1930149495601654,0.10699091106653214,0.29959502816200256,0.22332455217838287,0.046800047159194946
2024-09-22 22:46:27,오늘 rb 전략 개병신이네 진짜 어우,"대가리들이 있는 거냐?
- dc official App",After Lap,,"오늘 rb 전략 개병신이네 진짜 어우 대가리들이 있는 거냐?
- dc official App",오늘 rb 전략 개병신이네 진짜 어우 대가리들이 있는 거냐?,0.07277628034353256,0.2294025719165802,0.21187107264995575,0.20959123969078064,0.2160055935382843,0.06035323441028595
2024-09-22 22:46:28,아까비까비,- dc official App,After Lap,,아까비까비 - dc official App,아까비까비 - dc official App,0.5028073787689209,0.20466919243335724,0.12171103805303574,0.0825939029455185,0.057742293924093246,0.030476192012429237
2024-09-22 22:46:30,쥬지 온몸비틀기 성공ㅋㅋㅋㅋ,ㅅㅅ,After Lap,,쥬지 온몸비틀기 성공ㅋㅋㅋㅋ ㅅㅅ,쥬지 온몸비틀기 성공ㅋㅋㅋㅋ ㅅㅅ,0.7159761190414429,0.10308011621236801,0.060063667595386505,0.058128032833337784,0.0391632616519928,0.023588944226503372
2024-09-22 22:46:31,대런 개씨발새끼야,왜 패랩 뺏어가냐,After Lap,,대런 개씨발새끼야 왜 패랩 뺏어가냐,대런 개씨발새끼야 왜 패랩 뺏어가냐,0.17149321734905243,0.1758188009262085,0.11021352559328079,0.3093512952327728,0.19311849772930145,0.04000469669699669
2024-09-22 22:46:35,씨팔 끝까지 셉카 안나오네 언제 나오나 보자ㅅㅂ,"ㅋㄱㅋㄲㅋㅋ
- dc official App",After Lap,,"씨팔 끝까지 셉카 안나오네 언제 나오나 보자ㅅㅂ ㅋㄱㅋㄲㅋㅋ
- dc official App",씨팔 끝까지 셉카 안나오네 언제 나오나 보자ㅅㅂ ㅋㄱㅋㄲㅋㅋ,0.16298556327819824,0.23479461669921875,0.0984056293964386,0.2947884798049927,0.16223376989364624,0.04679200053215027
2024-09-22 22:46:35,대 카 도 사랑하는 몽골견은 올릴까?,"18바쿠 미안했다
사랑한다
GOAT
잘가라
- ORACLE RED BULL RACING RB20",After Lap,,"대 카 도 사랑하는 몽골견은 올릴까? 18바쿠 미안했다
사랑한다
GOAT
잘가라
- ORACLE RED BULL RACING RB20",대 카 도 사랑하는 몽골견은 올릴까? 18바쿠 미안했다 사랑한다 GOAT 잘가라 - ORACLE RED BULL RACING RB20,0.5594506859779358,0.14959831535816193,0.08696625381708145,0.07559213787317276,0.0826905220746994,0.0457020178437233
2024-09-22 22:46:36,르끌 잘했다 4계단 끌어올렸네,- dc official App,After Lap,,르끌 잘했다 4계단 끌어올렸네 - dc official App,르끌 잘했다 4계단 끌어올렸네 - dc official App,0.6731271743774414,0.12363287061452866,0.07591256499290466,0.051529206335544586,0.04374632611870766,0.03205186501145363
2024-09-22 22:46:38,P9 -> P5 대 황 끌,"어 형이야
형은 그래도 페라리 퍼스트 드라이버가 맞아",After Lap,,"P9 -> P5 대 황 끌 어 형이야
형은 그래도 페라리 퍼스트 드라이버가 맞아",P9 -> P5 대 황 끌 어 형이야 형은 그래도 페라리 퍼스트 드라이버가 맞아,0.5181030035018921,0.17174774408340454,0.13599781692028046,0.06739233434200287,0.048895835876464844,0.05786328390240669
2024-09-22 22:46:39,이딴거 보고 한달동안 레이스 없다는게 ㅈㅉㅇㅇ???,ㅅㅂ ㅋㅋ,After Lap,,이딴거 보고 한달동안 레이스 없다는게 ㅈㅉㅇㅇ??? ㅅㅂ ㅋㅋ,이딴거 보고 한달동안 레이스 없다는게 ㅈㅉㅇㅇ??? ㅅㅂ ㅋㅋ,0.07770270854234695,0.22225205600261688,0.16033487021923065,0.24771258234977722,0.2178386151790619,0.07415919750928879
2024-09-22 22:46:42,노리슨 제발 러셀행동,,After Lap,,노리슨 제발 러셀행동 ,노리슨 제발 러셀행동,0.26840639114379883,0.24835605919361115,0.1572791039943695,0.12343345582485199,0.14026474952697754,0.06226020306348801
2024-09-22 22:46:46,진짜 니코카도 이새끼 조패고싶음 개추,- dc official App,After Lap,,진짜 니코카도 이새끼 조패고싶음 개추 - dc official App,진짜 니코카도 이새끼 조패고싶음 개추 - dc official App,0.21459122002124786,0.15651951730251312,0.12999305129051208,0.3086412847042084,0.14390890300273895,0.04634604603052139
2024-09-22 22:46:47,까비 그래도 잘했다,어려워 보였음,After Lap,,까비 그래도 잘했다 어려워 보였음,까비 그래도 잘했다 어려워 보였음,0.26599419116973877,0.29629433155059814,0.1479228436946869,0.09322554618120193,0.12834641337394714,0.06821663677692413
2024-09-22 22:46:48,가을방학은 ㅅㅂ,,After Lap,,가을방학은 ㅅㅂ ,가을방학은 ㅅㅂ,0.1313614696264267,0.23194947838783264,0.12038333714008331,0.25364482402801514,0.21881598234176636,0.04384494572877884
2024-09-22 22:46:49,리카도 포인트 ㅋㅋ,"ㅋ
- dc official App",After Lap,,"리카도 포인트 ㅋㅋ ㅋ
- dc official App",리카도 포인트 ㅋㅋ ㅋ,0.7001113295555115,0.11585972458124161,0.07413079589605331,0.05510338768362999,0.030895322561264038,0.023899441584944725
2024-09-22 22:46:50,그랜드슬램 뺏었네 리카도가ㅋㄱㄱㄱ,모든랩리드였을텐데,After Lap,,그랜드슬램 뺏었네 리카도가ㅋㄱㄱㄱ 모든랩리드였을텐데,그랜드슬램 뺏었네 리카도가ㅋㄱㄱㄱ 모든랩리드였을텐데,0.2733360230922699,0.22614535689353943,0.26115360856056213,0.09050621837377548,0.040992915630340576,0.1078658401966095
2024-09-22 22:46:51,르끌 리커버리 굿굿 ㅅㅅ,"ㅅㅅ
- dc official App",After Lap,,"르끌 리커버리 굿굿 ㅅㅅ ㅅㅅ
- dc official App",르끌 리커버리 굿굿 ㅅㅅ ㅅㅅ,0.6961660981178284,0.11450210213661194,0.05963839218020439,0.058995410799980164,0.045707814395427704,0.024990247562527657
2024-09-22 22:46:53,대 카 도 역시 레드불의 희망 ㅋㅋㅋ,나이스,After Lap,,대 카 도 역시 레드불의 희망 ㅋㅋㅋ 나이스,대 카 도 역시 레드불의 희망 ㅋㅋㅋ 나이스,0.7056196928024292,0.11603908985853195,0.05492603778839111,0.053501058369874954,0.043467674404382706,0.026446523144841194
2024-09-22 22:46:53,그랜드슬램 뺏어버리기 ㅋㅋㅋㅋㅋㅋㅋ,"ㅇ
- dc official App",After Lap,,"그랜드슬램 뺏어버리기 ㅋㅋㅋㅋㅋㅋㅋ ㅇ
- dc official App",그랜드슬램 뺏어버리기 ㅋㅋㅋㅋㅋㅋㅋ ㅇ,0.5093938708305359,0.1735050082206726,0.11477088183164597,0.10974205285310745,0.04771600291132927,0.04487210884690285
2024-09-22 22:46:54,어케보면 영원한 레드불맨이네 ㅋㅋㅋ ㅠㅠ,,After Lap,,어케보면 영원한 레드불맨이네 ㅋㅋㅋ ㅠㅠ ,어케보면 영원한 레드불맨이네 ㅋㅋㅋ ㅠㅠ,0.1847107708454132,0.2725275456905365,0.13122022151947021,0.13818535208702087,0.19183847308158875,0.08151768147945404
2024-09-22 22:46:54,그리드 절반이 백마커인 레이스는 레전드노ㅋㅋㅋㅋ,ㅋㅋㅋ,After Lap,,그리드 절반이 백마커인 레이스는 레전드노ㅋㅋㅋㅋ ㅋㅋㅋ,그리드 절반이 백마커인 레이스는 레전드노ㅋㅋㅋㅋ ㅋㅋㅋ,0.564595639705658,0.17040525376796722,0.13293303549289703,0.06551802158355713,0.03038092330098152,0.03616712614893913
2024-09-22 22:46:55,패랩분탕ㅋㅋㅋㅋ,- dc official App,After Lap,,패랩분탕ㅋㅋㅋㅋ - dc official App,패랩분탕ㅋㅋㅋㅋ - dc official App,0.33776095509529114,0.21390898525714874,0.19217973947525024,0.14381717145442963,0.0588664673268795,0.05346662551164627
2024-09-22 22:46:55,대런<<지켜야함ㄹㅇ,- dc official App,After Lap,,대런<<지켜야함ㄹㅇ - dc official App,대런<<지켜야함ㄹㅇ - dc official App,0.40499359369277954,0.19755461812019348,0.19135858118534088,0.08551689982414246,0.06963325291872025,0.0509430468082428
2024-09-22 22:46:57,체코는 헐크 끝까지 못잡았네,ㅅㅂㅋㅋㅋㅋㅋ,After Lap,,체코는 헐크 끝까지 못잡았네 ㅅㅂㅋㅋㅋㅋㅋ,체코는 헐크 끝까지 못잡았네 ㅅㅂㅋㅋㅋㅋㅋ,0.09343481808900833,0.2469053417444229,0.1864306777715683,0.24370764195919037,0.14113464951515198,0.08838692307472229
2024-09-22 22:46:57,리카도 사실상 1포 뺏어온거아니냐ㅋㅋ,- dc official App,After Lap,,리카도 사실상 1포 뺏어온거아니냐ㅋㅋ - dc official App,리카도 사실상 1포 뺏어온거아니냐ㅋㅋ - dc official App,0.23083600401878357,0.22426007688045502,0.25963571667671204,0.12947678565979004,0.052450992166996,0.10334046930074692
2024-09-22 22:47:00,역시 분탕은 카평 ㅋㅋ,,After Lap,,역시 분탕은 카평 ㅋㅋ ,역시 분탕은 카평 ㅋㅋ,0.24219326674938202,0.20289334654808044,0.20805609226226807,0.18604454398155212,0.07916391640901566,0.08164878934621811
2024-09-22 22:47:03,“병신”,,After Lap,,“병신” ,“병신”,0.230830579996109,0.2956070899963379,0.20208542048931122,0.11863566935062408,0.08988936990499496,0.06295190751552582
2024-09-22 22:47:04,그러게 오늘 셒카 어디감,,After Lap,,그러게 오늘 셒카 어디감 ,그러게 오늘 셒카 어디감,0.19918474555015564,0.35611692070961,0.1567804217338562,0.109419085085392,0.11508234590291977,0.06341638416051865
2024-09-22 22:47:05,르끌 아쉽네 퀄리만 잘했어도,- dc official App,After Lap,,르끌 아쉽네 퀄리만 잘했어도 - dc official App,르끌 아쉽네 퀄리만 잘했어도 - dc official App,0.12380415201187134,0.3209974467754364,0.17662867903709412,0.13846293091773987,0.18817229568958282,0.05193450301885605
2024-09-22 22:47:07,물탕견들 또 인스타에서 패악질 부리겠네,왜 소프트 신겼냐고 지랄할듯,After Lap,,물탕견들 또 인스타에서 패악질 부리겠네 왜 소프트 신겼냐고 지랄할듯,물탕견들 또 인스타에서 패악질 부리겠네 왜 소프트 신겼냐고 지랄할듯,0.08090191334486008,0.18833456933498383,0.1733401119709015,0.2983158528804779,0.19168244302272797,0.06742517650127411
2024-09-22 22:47:07,씨발ㅋㅋㅋㅋㅋㅋㅋㅋ 저건 왜 먹노,뭐여,After Lap,,씨발ㅋㅋㅋㅋㅋㅋㅋㅋ 저건 왜 먹노 뭐여,씨발ㅋㅋㅋㅋㅋㅋㅋㅋ 저건 왜 먹노 뭐여,0.10591663420200348,0.2957477569580078,0.15767963230609894,0.2373235523700714,0.12563899159431458,0.07769346237182617
2024-09-22 22:47:08,셒카가 안뜨노 ㅋㅋㅋㅋㅋㅋㅋㅋ,ㅋㅋㅋㅋㅋㅋㅋㅋㅋㅋㅋ,After Lap,,셒카가 안뜨노 ㅋㅋㅋㅋㅋㅋㅋㅋ ㅋㅋㅋㅋㅋㅋㅋㅋㅋㅋㅋ,셒카가 안뜨노 ㅋㅋㅋㅋㅋㅋㅋㅋ ㅋㅋㅋㅋㅋㅋㅋㅋㅋㅋㅋ,0.23892422020435333,0.3194439113140106,0.11961323022842407,0.16435617208480835,0.10588403791189194,0.05177849903702736
2024-09-22 22:47:08,싱가포르 노 세이프티카 실화...?,ㄷㄷㄷ,After Lap,,싱가포르 노 세이프티카 실화...? ㄷㄷㄷ,싱가포르 노 세이프티카 실화...? ㄷㄷㄷ,0.11598186194896698,0.22569715976715088,0.3061796724796295,0.14725174009799957,0.08617819100618362,0.11871138960123062
2024-09-22 22:47:09,리카도 짤리는거 오피셜임?,뭔데,After Lap,,리카도 짤리는거 오피셜임? 뭔데,리카도 짤리는거 오피셜임? 뭔데,0.10433792322874069,0.23187626898288727,0.321490615606308,0.14127130806446075,0.09946379065513611,0.10156012326478958
2024-09-22 22:47:09,이새끼 그리우면 개추,진짜 개노잼 크루징,After Lap,,이새끼 그리우면 개추 진짜 개노잼 크루징,이새끼 그리우면 개추 진짜 개노잼 크루징,0.12661714851856232,0.2610962986946106,0.12847498059272766,0.24370752274990082,0.17111924290657043,0.06898479163646698
2024-09-22 22:47:11,리카도 패랩은 그 가는길 노잣돈 같은거임?,띵복을,After Lap,,리카도 패랩은 그 가는길 노잣돈 같은거임? 띵복을,리카도 패랩은 그 가는길 노잣돈 같은거임? 띵복을,0.264169842004776,0.24695150554180145,0.24830631911754608,0.08301211148500443,0.06017285957932472,0.09738729894161224
2024-09-22 22:47:12,노리스 제발 무개 달성안되서 우승 아니면 좋겟다,"막스 가자
- dc official App",After Lap,,"노리스 제발 무개 달성안되서 우승 아니면 좋겟다 막스 가자
- dc official App",노리스 제발 무개 달성안되서 우승 아니면 좋겟다 막스 가자,0.27988943457603455,0.22485053539276123,0.17396040260791779,0.11001195013523102,0.11110246926546097,0.10018518567085266
2024-09-22 22:47:15,마지막에 패랩분탕 개웃겼네 ㅆ비ㅏㄹ ㅋㅋㅋㅋ,ㅅㅂ ㅋㅋㅋㅋ,After Lap,,마지막에 패랩분탕 개웃겼네 ㅆ비ㅏㄹ ㅋㅋㅋㅋ ㅅㅂ ㅋㅋㅋㅋ,마지막에 패랩분탕 개웃겼네 ㅆ비ㅏㄹ ㅋㅋㅋㅋ ㅅㅂ ㅋㅋㅋㅋ,0.27247506380081177,0.2408352792263031,0.13885200023651123,0.2011687159538269,0.08937762677669525,0.05729134753346443
2024-09-22 22:47:15,셉카는 걍 갖다 폐차하죠?,뭐하러 두대나 굴림 나오질않는데,After Lap,,셉카는 걍 갖다 폐차하죠? 뭐하러 두대나 굴림 나오질않는데,셉카는 걍 갖다 폐차하죠? 뭐하러 두대나 굴림 나오질않는데,0.06825099140405655,0.25997740030288696,0.21303509175777435,0.17909352481365204,0.2229485958814621,0.05669431760907173
2024-09-22 22:47:15,22년 스파때보다 성능차이 더 좆되는거같은데,,After Lap,,22년 스파때보다 성능차이 더 좆되는거같은데 ,22년 스파때보다 성능차이 더 좆되는거같은데,0.07144558429718018,0.2498844712972641,0.2865172326564789,0.15519796311855316,0.15475180745124817,0.08220289647579193
2024-09-22 22:47:14,르끌 싱가포르에서 이정도면,잘했다ㅇㅇ,After Lap,,르끌 싱가포르에서 이정도면 잘했다ㅇㅇ,르끌 싱가포르에서 이정도면 잘했다ㅇㅇ,0.505174458026886,0.19055093824863434,0.10582991689443588,0.06963864713907242,0.07567175477743149,0.05313422903418541
2024-09-22 22:47:18,누리수 폴투윈도 넘엇노,ㅋㅋㅋ,After Lap,,누리수 폴투윈도 넘엇노 ㅋㅋㅋ,누리수 폴투윈도 넘엇노 ㅋㅋㅋ,0.5343852639198303,0.17401553690433502,0.1544136106967926,0.06013769656419754,0.029049895703792572,0.04799797758460045
2024-09-22 22:47:20,지금 웃고있을 한 회사,노리스 우승으로 홍보효과 개꿀 ㅋㅋ,After Lap,,지금 웃고있을 한 회사 노리스 우승으로 홍보효과 개꿀 ㅋㅋ,지금 웃고있을 한 회사 노리스 우승으로 홍보효과 개꿀 ㅋㅋ,0.7055987119674683,0.11124870926141739,0.05535631999373436,0.06009242683649063,0.0417887382209301,0.025915123522281647
2024-09-22 22:47:21,분탕은 대런ㅋㅋㅋㅋㅋㅋ,"ㅇ
- dc official App",After Lap,,"분탕은 대런ㅋㅋㅋㅋㅋㅋ ㅇ
- dc official App",분탕은 대런ㅋㅋㅋㅋㅋㅋ ㅇ,0.5732896327972412,0.1693374365568161,0.10240550339221954,0.08103565126657486,0.037877749651670456,0.03605402261018753
2024-09-22 22:47:21,캬~ 폭죽보쏘,,After Lap,,캬~ 폭죽보쏘 ,캬~ 폭죽보쏘,0.7102667689323425,0.10611090064048767,0.06807230412960052,0.055123403668403625,0.03685171157121658,0.02357489801943302
2024-09-22 22:47:25,팩트는 체코가 9등에서 5등으로 4계단 올렸으면 DOD라는 거임,누리스랑 체코는 그냥 인기가 많음,After Lap,,팩트는 체코가 9등에서 5등으로 4계단 올렸으면 DOD라는 거임 누리스랑 체코는 그냥 인기가 많음,팩트는 체코가 9등에서 5등으로 4계단 올렸으면 DOD라는 거임 누리스랑 체코는 그냥 인기가 많음,0.23908716440200806,0.2599550187587738,0.2560271918773651,0.11566342413425446,0.05966460704803467,0.06960266828536987
2024-09-22 22:47:26,???: 제가 본 레이스에선 제일 빨랐어용...,"봐줘잉
~",After Lap,,"???: 제가 본 레이스에선 제일 빨랐어용... 봐줘잉
~",???: 제가 본 레이스에선 제일 빨랐어용... 봐줘잉 ~,0.45603638887405396,0.2129737287759781,0.11781662702560425,0.08028735965490341,0.0734487920999527,0.0594371035695076
2024-09-22 22:47:28,거의 뭐 RB가 레드불 도와준 거 아니냐 ㅋㅋㅋㅋㅋ,패랩강탈 ㅋㅋㅋㅋ,After Lap,,거의 뭐 RB가 레드불 도와준 거 아니냐 ㅋㅋㅋㅋㅋ 패랩강탈 ㅋㅋㅋㅋ,거의 뭐 RB가 레드불 도와준 거 아니냐 ㅋㅋㅋㅋㅋ 패랩강탈 ㅋㅋㅋㅋ,0.1533614695072174,0.2371477335691452,0.2748012840747833,0.16452088952064514,0.07286842912435532,0.09730016440153122
2024-09-22 22:47:29,리카르도 은퇴해?,ㅇㄹㅇ??,After Lap,,리카르도 은퇴해? ㅇㄹㅇ??,리카르도 은퇴해? ㅇㄹㅇ??,0.13098134100437164,0.21223652362823486,0.3503289222717285,0.11808977276086807,0.0606248639523983,0.12773855030536652
2024-09-22 22:47:31,셒카 왜 안 뜸?,"셒카 100%라면서 ㅅㅂ
- dc official App",After Lap,,"셒카 왜 안 뜸? 셒카 100%라면서 ㅅㅂ
- dc official App",셒카 왜 안 뜸? 셒카 100%라면서 ㅅㅂ,0.12953321635723114,0.26472336053848267,0.13502620160579681,0.24863681197166443,0.183346688747406,0.038733724504709244
2024-09-22 22:47:33,음~ 씨발 존나 노잼이었다~,,After Lap,,음~ 씨발 존나 노잼이었다~ ,음~ 씨발 존나 노잼이었다~,0.1458691507577896,0.307260125875473,0.12911278009414673,0.19747528433799744,0.16572366654872894,0.05455902963876724
2024-09-22 22:47:34,"5,7위했네","퀄리만 똑바로했어도 ㅆㅂ
그래도 레이스에서 어느정도 만회했다",After Lap,,"5,7위했네 퀄리만 똑바로했어도 ㅆㅂ
그래도 레이스에서 어느정도 만회했다","5,7위했네 퀄리만 똑바로했어도 ㅆㅂ 그래도 레이스에서 어느정도 만회했다",0.07789487391710281,0.2636035978794098,0.16880108416080475,0.20675262808799744,0.21080288290977478,0.07214496284723282
2024-09-22 22:47:36,대런을 애도하며...  RIP.. DARUN,"DARUN....
대런.. 그는 이제 갔습니다..",After Lap,,"대런을 애도하며...  RIP.. DARUN DARUN....
대런.. 그는 이제 갔습니다..",대런을 애도하며... RIP.. DARUN DARUN.... 대런.. 그는 이제 갔습니다..,0.1629977822303772,0.24191953241825104,0.19883951544761658,0.13256831467151642,0.1801949441432953,0.08347996324300766
2024-09-22 22:47:37,똥뿌리기 성공ㅋㅋㅋㅋㅋㅋㅋ,ㅋㅋㅋㅋㅋㅋㅋㅋㅋㅋ,After Lap,,똥뿌리기 성공ㅋㅋㅋㅋㅋㅋㅋ ㅋㅋㅋㅋㅋㅋㅋㅋㅋㅋ,똥뿌리기 성공ㅋㅋㅋㅋㅋㅋㅋ ㅋㅋㅋㅋㅋㅋㅋㅋㅋㅋ,0.2726711928844452,0.2235930860042572,0.15348906815052032,0.1958659142255783,0.08250855654478073,0.07187216728925705
2024-09-22 22:47:41,제발 무게가 모자라거나 플로어가 닳아진 새끼 나오길,"ㅋㅋㅋ
- dc official App",After Lap,,"제발 무게가 모자라거나 플로어가 닳아진 새끼 나오길 ㅋㅋㅋ
- dc official App",제발 무게가 모자라거나 플로어가 닳아진 새끼 나오길 ㅋㅋㅋ,0.1540980339050293,0.19978360831737518,0.22416386008262634,0.20823843777179718,0.12602919340133667,0.08768685162067413
2024-09-22 22:47:42,싱가폴마저 셒카가 안나오면,시즌 후반 어떤 개꿀잼을 줄려고 그러는거냐,After Lap,,싱가폴마저 셒카가 안나오면 시즌 후반 어떤 개꿀잼을 줄려고 그러는거냐,싱가폴마저 셒카가 안나오면 시즌 후반 어떤 개꿀잼을 줄려고 그러는거냐,0.163840651512146,0.3198515474796295,0.18948757648468018,0.12318295240402222,0.11877169460058212,0.08486561477184296
2024-09-22 22:47:43,노리스 2번째 폴투윈 ㅊㅊ,캬,After Lap,,노리스 2번째 폴투윈 ㅊㅊ 캬,노리스 2번째 폴투윈 ㅊㅊ 캬,0.7091104388237,0.11010876297950745,0.07252749055624008,0.052300117909908295,0.03203417360782623,0.023918911814689636
2024-09-22 22:47:44,위아 삐완 삐완,"굿좝
- dc official App",After Lap,,"위아 삐완 삐완 굿좝
- dc official App",위아 삐완 삐완 굿좝,0.7032927870750427,0.10937927663326263,0.06307480484247208,0.056615397334098816,0.041901595890522,0.025736110284924507
2024-09-22 22:47:44,"9,10 >>> 5,7",어제 좀만 잘했어야지 씹련들아,After Lap,,"9,10 >>> 5,7 어제 좀만 잘했어야지 씹련들아","9,10 >>> 5,7 어제 좀만 잘했어야지 씹련들아",0.12198591232299805,0.18168175220489502,0.13926473259925842,0.33859050273895264,0.1784774363040924,0.03999965637922287
2024-09-22 22:47:48,진짜 마지막인갑다...,,After Lap,,진짜 마지막인갑다... ,진짜 마지막인갑다...,0.13223612308502197,0.31265777349472046,0.19249974191188812,0.11661207675933838,0.1463959515094757,0.09959827363491058
2024-09-22 22:47:51,이 새끼 퇴출되야하면 개추ㅋㅋ,- dc official App,After Lap,,이 새끼 퇴출되야하면 개추ㅋㅋ - dc official App,이 새끼 퇴출되야하면 개추ㅋㅋ - dc official App,0.2806501090526581,0.16903042793273926,0.1475200057029724,0.22249490022659302,0.1177186369895935,0.06258592009544373
2024-09-22 22:47:52,이새끼 오늘 잘했고 재미있었으면 개추 ㅋㅋㅋ,마지막 개쫄렸네 ㅅㅂ ㅋㅋㅋㅋㅋㅋㅋ,After Lap,,이새끼 오늘 잘했고 재미있었으면 개추 ㅋㅋㅋ 마지막 개쫄렸네 ㅅㅂ ㅋㅋㅋㅋㅋㅋㅋ,이새끼 오늘 잘했고 재미있었으면 개추 ㅋㅋㅋ 마지막 개쫄렸네 ㅅㅂ ㅋㅋㅋㅋㅋㅋㅋ,0.43183210492134094,0.20584699511528015,0.1057005226612091,0.12110550701618195,0.07424967736005783,0.06126527860760689
2024-09-22 22:47:53,땡큐 다니엘ㅋㅋ시발,,After Lap,,땡큐 다니엘ㅋㅋ시발 ,땡큐 다니엘ㅋㅋ시발,0.6333396434783936,0.13465024530887604,0.06440441310405731,0.07511570304632187,0.062397848814725876,0.030092116445302963
2024-09-22 22:47:55,땡큐 다니엘ㅋㅋㅋㅋㅋ,ㅋㅋㅋㅋ,After Lap,,땡큐 다니엘ㅋㅋㅋㅋㅋ ㅋㅋㅋㅋ,땡큐 다니엘ㅋㅋㅋㅋㅋ ㅋㅋㅋㅋ,0.7004728317260742,0.11797767877578735,0.058675702661275864,0.05500402674078941,0.042256224900484085,0.02561355009675026
2024-09-22 22:47:55,땡큐 다니엘 ㅋㅋㅋㅋ,,After Lap,,땡큐 다니엘 ㅋㅋㅋㅋ ,땡큐 다니엘 ㅋㅋㅋㅋ,0.6867789626121521,0.12543749809265137,0.058383625000715256,0.057583607733249664,0.046069905161857605,0.025746449828147888
2024-09-22 22:47:56,땡튜 다니엘 ㅋㅋ,"ㅋㅋ
- dc official App",After Lap,,"땡튜 다니엘 ㅋㅋ ㅋㅋ
- dc official App",땡튜 다니엘 ㅋㅋ ㅋㅋ,0.687287449836731,0.1195157989859581,0.07371805608272552,0.05568334832787514,0.03604216128587723,0.027753207832574844
2024-09-22 22:47:57,다니엘 감사인사ㅠㅠㅠㅠㅠㅠㅠ,어,After Lap,,다니엘 감사인사ㅠㅠㅠㅠㅠㅠㅠ 어,다니엘 감사인사ㅠㅠㅠㅠㅠㅠㅠ 어,0.6331469416618347,0.14511263370513916,0.06646232306957245,0.06320523470640182,0.06020393222570419,0.03186890855431557
2024-09-22 22:47:57,땡큐다니엘 ㅋㅋㅋㅋㅋ,,After Lap,,땡큐다니엘 ㅋㅋㅋㅋㅋ ,땡큐다니엘 ㅋㅋㅋㅋㅋ,0.7080236077308655,0.11275654286146164,0.059574611485004425,0.05250464379787445,0.04052024334669113,0.026620343327522278
2024-09-22 22:47:57,thx 대런 ㅋㅋㅋㅋ,ㅋㅋ,After Lap,,thx 대런 ㅋㅋㅋㅋ ㅋㅋ,thx 대런 ㅋㅋㅋㅋ ㅋㅋ,0.7063291668891907,0.10786803066730499,0.07281197607517242,0.05727946013212204,0.03269946947693825,0.02301187627017498
2024-09-22 22:47:57,대니얼 셧아웃 ㅋㅋㅋㅋㅋ,ㅁㄴㅇㄹㄴㅁㅇㄹ,After Lap,,대니얼 셧아웃 ㅋㅋㅋㅋㅋ ㅁㄴㅇㄹㄴㅁㅇㄹ,대니얼 셧아웃 ㅋㅋㅋㅋㅋ ㅁㄴㅇㄹㄴㅁㅇㄹ,0.46462947130203247,0.21228758990764618,0.1263374239206314,0.11144988238811493,0.04876817762851715,0.03652753680944443
2024-09-22 22:47:57,땡큐다니엘,ㄷㄷ,After Lap,,땡큐다니엘 ㄷㄷ,땡큐다니엘 ㄷㄷ,0.6895492672920227,0.12236719578504562,0.06521894782781601,0.04912330582737923,0.04324399307370186,0.030497336760163307
2024-09-22 22:47:57,땡큐 대니얼ㅅㅂㅋㅋㅋㅋㅋㅋㅋㅋㅋ,,After Lap,,땡큐 대니얼ㅅㅂㅋㅋㅋㅋㅋㅋㅋㅋㅋ ,땡큐 대니얼ㅅㅂㅋㅋㅋㅋㅋㅋㅋㅋㅋ,0.6681485176086426,0.126522034406662,0.0627322867512703,0.068581722676754,0.05021828040480614,0.023797160014510155
2024-09-22 22:47:58,충격적인 사실)싱가포르 100%셒카 깨짐,오,After Lap,,충격적인 사실)싱가포르 100%셒카 깨짐 오,충격적인 사실)싱가포르 100%셒카 깨짐 오,0.1454312801361084,0.20015372335910797,0.34947308897972107,0.11891624331474304,0.05945498123764992,0.12657064199447632
2024-09-22 22:47:59,땡큐 다니엘ㅋㅋㅋㅋㅋㅋㅋㅋ,고마울만함,After Lap,,땡큐 다니엘ㅋㅋㅋㅋㅋㅋㅋㅋ 고마울만함,땡큐 다니엘ㅋㅋㅋㅋㅋㅋㅋㅋ 고마울만함,0.6471526622772217,0.13889706134796143,0.06009122356772423,0.06330599635839462,0.06138710677623749,0.029165970161557198
2024-09-22 22:47:59,땡큐 다니엘~,- dc official App,After Lap,,땡큐 다니엘~ - dc official App,땡큐 다니엘~ - dc official App,0.7041114568710327,0.11386436969041824,0.06325336545705795,0.05213732644915581,0.040858861058950424,0.0257746372371912
2024-09-22 22:48:00,대리스 이새끼는 걍 존나 빠름 ㅋㅋㅋㅋㅋㅋ,드챔 가능할지도 ㅋㅋㅋ,After Lap,,대리스 이새끼는 걍 존나 빠름 ㅋㅋㅋㅋㅋㅋ 드챔 가능할지도 ㅋㅋㅋ,대리스 이새끼는 걍 존나 빠름 ㅋㅋㅋㅋㅋㅋ 드챔 가능할지도 ㅋㅋㅋ,0.27684226632118225,0.19462305307388306,0.2888222932815552,0.10620379447937012,0.036744624376297,0.09676402062177658
2024-09-22 22:48:00,고맙다 대런 ㅋㅋㅋ,,After Lap,,고맙다 대런 ㅋㅋㅋ ,고맙다 대런 ㅋㅋㅋ,0.6849744319915771,0.11942791938781738,0.05992520973086357,0.06001436710357666,0.05058817192912102,0.02506987936794758
2024-09-22 22:48:00,땡큐 다니엘 ㅅㅂ ㅋㅋ,ㅋㄱㄲ,After Lap,,땡큐 다니엘 ㅅㅂ ㅋㅋ ㅋㄱㄲ,땡큐 다니엘 ㅅㅂ ㅋㅋ ㅋㄱㄲ,0.6859596967697144,0.12139182537794113,0.06080881506204605,0.06119118630886078,0.0461282841861248,0.02452019788324833
2024-09-22 22:48:01,땡큐 대니얼ㅜㅜㅜㅜㅜㅜㅠ,"ㅜㅜ
- dc official App",After Lap,,"땡큐 대니얼ㅜㅜㅜㅜㅜㅜㅠ ㅜㅜ
- dc official App",땡큐 대니얼ㅜㅜㅜㅜㅜㅜㅠ ㅜㅜ,0.6086544394493103,0.14883160591125488,0.06911203265190125,0.07314852625131607,0.0710989236831665,0.029154442250728607
2024-09-22 22:47:59,땡큐다니엘 ㅋㅋㅋㅋㅋㅋㅋㅋㅋㅋ,,After Lap,,땡큐다니엘 ㅋㅋㅋㅋㅋㅋㅋㅋㅋㅋ ,땡큐다니엘 ㅋㅋㅋㅋㅋㅋㅋㅋㅋㅋ,0.7027512788772583,0.11600280553102493,0.05896079167723656,0.05494537577033043,0.04142456129193306,0.02591514214873314
2024-09-22 22:48:01,ㅋㅋㅋㅋㅋㅋㅋㅋㅋㅋㅋ 땡큐 대니얼,ㅈㄴ웃기네 ㅅㅂㅋㅋㅋㅋㅋ,After Lap,,ㅋㅋㅋㅋㅋㅋㅋㅋㅋㅋㅋ 땡큐 대니얼 ㅈㄴ웃기네 ㅅㅂㅋㅋㅋㅋㅋ,ㅋㅋㅋㅋㅋㅋㅋㅋㅋㅋㅋ 땡큐 대니얼 ㅈㄴ웃기네 ㅅㅂㅋㅋㅋㅋㅋ,0.6686717867851257,0.12872643768787384,0.07567457109689713,0.06477907299995422,0.0381835401058197,0.023964641615748405
2024-09-22 22:48:01,땡큐 다니엘 이지랄ㅋㅋㄴ,ㅋㅋㅋ,After Lap,,땡큐 다니엘 이지랄ㅋㅋㄴ ㅋㅋㅋ,땡큐 다니엘 이지랄ㅋㅋㄴ ㅋㅋㅋ,0.6426002383232117,0.1456688493490219,0.08351010829210281,0.06546419858932495,0.03500330075621605,0.027753207832574844
2024-09-22 22:48:01,땡큐 대런ㅋㅋㅋㅋ,,After Lap,,땡큐 대런ㅋㅋㅋㅋ ,땡큐 대런ㅋㅋㅋㅋ,0.702304482460022,0.11361203342676163,0.06041145324707031,0.05615149438381195,0.04355804622173309,0.023962415754795074
2024-09-22 22:48:03,땡큐 다니엘 ㅋㅋㅋㅋㅋ,ㅅㅂ ㅋㅋㅋ,After Lap,,땡큐 다니엘 ㅋㅋㅋㅋㅋ ㅅㅂ ㅋㅋㅋ,땡큐 다니엘 ㅋㅋㅋㅋㅋ ㅅㅂ ㅋㅋㅋ,0.6813598871231079,0.1259961873292923,0.059289369732141495,0.06199570372700691,0.04669271409511566,0.024666115641593933
2024-09-22 22:48:03,대런의 마지막 선물 ㅋㅋㅋ,,After Lap,,대런의 마지막 선물 ㅋㅋㅋ ,대런의 마지막 선물 ㅋㅋㅋ,0.7017838954925537,0.10925664007663727,0.060023292899131775,0.05745590105652809,0.04690299555659294,0.024577273055911064
2024-09-22 22:48:04,씨발 ㅋㅋㅋㅋㅋㅋㅋ,,After Lap,,씨발 ㅋㅋㅋㅋㅋㅋㅋ ,씨발 ㅋㅋㅋㅋㅋㅋㅋ,0.5674999952316284,0.16440042853355408,0.09702727198600769,0.09587328135967255,0.044668588787317276,0.03053046390414238
2024-09-22 22:48:04,태업충,,After Lap,,태업충 ,태업충,0.14055566489696503,0.16345204412937164,0.15458440780639648,0.3026750981807709,0.18373455107212067,0.05499827489256859
2024-09-22 22:48:05,진짜 마지막이구나 리카도..,,After Lap,,진짜 마지막이구나 리카도.. ,진짜 마지막이구나 리카도..,0.18392494320869446,0.29775184392929077,0.2069428712129593,0.10006795823574066,0.11841505020856857,0.09289734065532684
2024-09-22 22:48:05,땡큐 다니엘 ㅋㅋㅋㅋㅋㅋ,ㅋㅋㅋㅋㅋㅋㅋ,After Lap,,땡큐 다니엘 ㅋㅋㅋㅋㅋㅋ ㅋㅋㅋㅋㅋㅋㅋ,땡큐 다니엘 ㅋㅋㅋㅋㅋㅋ ㅋㅋㅋㅋㅋㅋㅋ,0.7004731893539429,0.11874739825725555,0.05727633833885193,0.05516943708062172,0.04322319105267525,0.025110458955168724
2024-09-22 22:48:05,땡큐 대니얼 ㅋㅋㅋㅋ,,After Lap,,땡큐 대니얼 ㅋㅋㅋㅋ ,땡큐 대니얼 ㅋㅋㅋㅋ,0.6999490261077881,0.11724012345075607,0.05916149169206619,0.055395469069480896,0.04416074976325035,0.024093113839626312
2024-09-22 22:48:05,대런 막스 부담 덜어주노 ㅋㅋㅋ,이딴 세컨보다 리카도가 더 낫노 ㅋㅋㅋ,After Lap,,대런 막스 부담 덜어주노 ㅋㅋㅋ 이딴 세컨보다 리카도가 더 낫노 ㅋㅋㅋ,대런 막스 부담 덜어주노 ㅋㅋㅋ 이딴 세컨보다 리카도가 더 낫노 ㅋㅋㅋ,0.44057852029800415,0.1957344114780426,0.12071356177330017,0.09458257257938385,0.07821435481309891,0.0701766312122345
2024-09-22 22:48:06,ㅋㅋㅋㅋㅋㅋㅋㅋㅋ,,After Lap,,ㅋㅋㅋㅋㅋㅋㅋㅋㅋ ,ㅋㅋㅋㅋㅋㅋㅋㅋㅋ,0.6377516388893127,0.1409260779619217,0.08970976620912552,0.07074389606714249,0.03509655222296715,0.025772102177143097
2024-09-22 22:48:07,땡큐 다니엘 ㅋㅋㅋ 영원한 레드불맨,잘가라,After Lap,,땡큐 다니엘 ㅋㅋㅋ 영원한 레드불맨 잘가라,땡큐 다니엘 ㅋㅋㅋ 영원한 레드불맨 잘가라,0.6605480313301086,0.12906090915203094,0.05918114632368088,0.06318093091249466,0.05600496754050255,0.03202404826879501
2024-09-22 22:48:08,땡큐 다니엘 ㅋㅋㅋㅋㅋㅋㅋㅋ,ㅋㅋㅋㅋㅋㅋㅋㅋㅋㅋㅋㅋ,After Lap,,땡큐 다니엘 ㅋㅋㅋㅋㅋㅋㅋㅋ ㅋㅋㅋㅋㅋㅋㅋㅋㅋㅋㅋㅋ,땡큐 다니엘 ㅋㅋㅋㅋㅋㅋㅋㅋ ㅋㅋㅋㅋㅋㅋㅋㅋㅋㅋㅋㅋ,0.6951496005058289,0.12361835688352585,0.057112324982881546,0.05644914507865906,0.04234997555613518,0.025320520624518394
2024-09-22 22:48:09,대런 샤라웃,- dc official App,After Lap,,대런 샤라웃 - dc official App,대런 샤라웃 - dc official App,0.5393619537353516,0.15796153247356415,0.15411514043807983,0.0758989155292511,0.04174664244055748,0.030915778130292892
2024-09-22 22:48:11,땡큐대런 ㅋㅋㅋㅋㅋㅋㅋㅋㅋㅋㅋㅋ,,After Lap,,땡큐대런 ㅋㅋㅋㅋㅋㅋㅋㅋㅋㅋㅋㅋ ,땡큐대런 ㅋㅋㅋㅋㅋㅋㅋㅋㅋㅋㅋㅋ,0.7085056304931641,0.11032058298587799,0.06159413978457451,0.055654771625995636,0.03999869152903557,0.02392621338367462
2024-09-22 22:48:12,땡큐다니엘 ㅇㅈㄹㅋㅋㅋㅋ,"이게 ㄹㅇ 치팅아니냐??
- dc official App",After Lap,,"땡큐다니엘 ㅇㅈㄹㅋㅋㅋㅋ 이게 ㄹㅇ 치팅아니냐??
- dc official App",땡큐다니엘 ㅇㅈㄹㅋㅋㅋㅋ 이게 ㄹㅇ 치팅아니냐??,0.6041266322135925,0.14870403707027435,0.1083364337682724,0.07085324823856354,0.031522057950496674,0.036457616835832596
2024-09-22 22:48:12,땡큐 대런 ㅋㅋㅋㅋㅋ,,After Lap,,땡큐 대런 ㅋㅋㅋㅋㅋ ,땡큐 대런 ㅋㅋㅋㅋㅋ,0.70430588722229,0.11228615790605545,0.060284603387117386,0.05592326447367668,0.043285854160785675,0.023914292454719543
2024-09-22 22:48:13,땡큐 다니엘ㅜㅜㅜㅜㅜㅜㅜㅜㅜㅜㅜㅜㅜㅜㅜㅜㅜㅜㅜㅜㅜㅜ,ㅜㅜㅜㅜ,After Lap,,땡큐 다니엘ㅜㅜㅜㅜㅜㅜㅜㅜㅜㅜㅜㅜㅜㅜㅜㅜㅜㅜㅜㅜㅜㅜ ㅜㅜㅜㅜ,땡큐 다니엘ㅜㅜㅜㅜㅜㅜㅜㅜㅜㅜㅜㅜㅜㅜㅜㅜㅜㅜㅜㅜㅜㅜ ㅜㅜㅜㅜ,0.6152065992355347,0.14987099170684814,0.06404250860214233,0.0714723989367485,0.06847653537988663,0.03093097358942032
2024-09-22 22:48:12,오늘의 1포인트 획득,"10위
사실상 1포인트",After Lap,,"오늘의 1포인트 획득 10위
사실상 1포인트",오늘의 1포인트 획득 10위 사실상 1포인트,0.19533109664916992,0.31976380944252014,0.17644177377223969,0.1253034770488739,0.11067049950361252,0.07248929888010025
2024-09-22 22:48:13,땡큐 다니엘 ㅋㅋㅋ,"사실상 가는거네
- dc official App",After Lap,,"땡큐 다니엘 ㅋㅋㅋ 사실상 가는거네
- dc official App",땡큐 다니엘 ㅋㅋㅋ 사실상 가는거네,0.698780357837677,0.11891434341669083,0.055726636201143265,0.05184856802225113,0.045871224254369736,0.028858885169029236
2024-09-22 22:48:14,땡큐 다니엘 ㅅㅂ ㅋㅋㅋㅋㅋㅋㅋㅋㅋㅋㅋㅋ,"ㅋㅋㅋㅋㅋㅋㅋㅋㅋㅋ,",After Lap,,"땡큐 다니엘 ㅅㅂ ㅋㅋㅋㅋㅋㅋㅋㅋㅋㅋㅋㅋ ㅋㅋㅋㅋㅋㅋㅋㅋㅋㅋ,","땡큐 다니엘 ㅅㅂ ㅋㅋㅋㅋㅋㅋㅋㅋㅋㅋㅋㅋ ㅋㅋㅋㅋㅋㅋㅋㅋㅋㅋ,",0.6706854701042175,0.1330169290304184,0.05942487716674805,0.0640842542052269,0.04803558066487312,0.024752862751483917
2024-09-22 22:48:15,땡큐 다니엘은 ㅅㅂ 사살확정ㅋㅋ,"ㅋㅋ
- ORACLE RED BULL RACING RB20",After Lap,,"땡큐 다니엘은 ㅅㅂ 사살확정ㅋㅋ ㅋㅋ
- ORACLE RED BULL RACING RB20",땡큐 다니엘은 ㅅㅂ 사살확정ㅋㅋ ㅋㅋ - ORACLE RED BULL RACING RB20,0.5714019536972046,0.1485956311225891,0.08942163735628128,0.10476785153150558,0.048753466457128525,0.037059485912323
2024-09-22 22:48:15,몽골 아까 르끌보고 언더컷 ㅈㄹ한게 쳐웃기네 ㅋㅋ,미친새기 ㅋㅋ,After Lap,,몽골 아까 르끌보고 언더컷 ㅈㄹ한게 쳐웃기네 ㅋㅋ 미친새기 ㅋㅋ,몽골 아까 르끌보고 언더컷 ㅈㄹ한게 쳐웃기네 ㅋㅋ 미친새기 ㅋㅋ,0.15081432461738586,0.2200104296207428,0.20139367878437042,0.23896841704845428,0.1104746088385582,0.07833852618932724
2024-09-22 22:48:15,대런 ㅠㅠㅠㅠㅠ,- dc official App,After Lap,,대런 ㅠㅠㅠㅠㅠ - dc official App,대런 ㅠㅠㅠㅠㅠ - dc official App,0.2823754549026489,0.26668867468833923,0.15593977272510529,0.11264930665493011,0.11878909170627594,0.06355774402618408
2024-09-22 22:48:15,리카도 확인 사살 ㅋㅋ,,After Lap,,리카도 확인 사살 ㅋㅋ ,리카도 확인 사살 ㅋㅋ,0.5977077484130859,0.13603737950325012,0.11617769300937653,0.07283404469490051,0.03939870744943619,0.03784447908401489
2024-09-22 22:48:15,샷아웃투 다니엘,- dc official App,After Lap,,샷아웃투 다니엘 - dc official App,샷아웃투 다니엘 - dc official App,0.4912912845611572,0.17334194481372833,0.17500898241996765,0.08270807564258575,0.04519786685705185,0.032451897859573364
2024-09-22 22:48:17,몽골 싱가폴 역대 최고성적 2위,"땡큐 다니엘ㅋㅋ
마지막 그의말",After Lap,,"몽골 싱가폴 역대 최고성적 2위 땡큐 다니엘ㅋㅋ
마지막 그의말",몽골 싱가폴 역대 최고성적 2위 땡큐 다니엘ㅋㅋ 마지막 그의말,0.6672933101654053,0.12516818940639496,0.06401339918375015,0.057310301810503006,0.05219748616218567,0.03401726111769676
2024-09-22 22:48:18,땡큐 다니엘ㅋㅋㅋㅋㅋㅋㅋㅋ,"ㅣ
- dc official App",After Lap,,"땡큐 다니엘ㅋㅋㅋㅋㅋㅋㅋㅋ ㅣ
- dc official App",땡큐 다니엘ㅋㅋㅋㅋㅋㅋㅋㅋ ㅣ,0.7000834941864014,0.11690846085548401,0.059014901518821716,0.055199045687913895,0.04324955865740776,0.02554461732506752
2024-09-22 22:48:18,명복 빌어주노 ㅋㅋㅋㅋ,- dc official App,After Lap,,명복 빌어주노 ㅋㅋㅋㅋ - dc official App,명복 빌어주노 ㅋㅋㅋㅋ - dc official App,0.34953930974006653,0.21928222477436066,0.18347153067588806,0.08840642869472504,0.07626964151859283,0.08303090184926987
2024-09-22 22:48:18,땡큐 ㅋㅋㅋㅋㅋㅋㅋ다니엘ㅋㅋㅋㅋㅋ,,After Lap,,땡큐 ㅋㅋㅋㅋㅋㅋㅋ다니엘ㅋㅋㅋㅋㅋ ,땡큐 ㅋㅋㅋㅋㅋㅋㅋ다니엘ㅋㅋㅋㅋㅋ,0.7065116167068481,0.1137096956372261,0.057786259800195694,0.05543430522084236,0.042361434549093246,0.024196742102503777
2024-09-22 22:48:21,땡큐 다니엘 ㅋㅋㅋㅋ,- dc official App,After Lap,,땡큐 다니엘 ㅋㅋㅋㅋ - dc official App,땡큐 다니엘 ㅋㅋㅋㅋ - dc official App,0.7094148993492126,0.11135772615671158,0.061265502125024796,0.05231274291872978,0.04009419307112694,0.02555493265390396
2024-09-22 22:48:20,몽골사랑은ㅋㅋㅋ대런ㅋㅋㅋㅋ,,After Lap,,몽골사랑은ㅋㅋㅋ대런ㅋㅋㅋㅋ ,몽골사랑은ㅋㅋㅋ대런ㅋㅋㅋㅋ,0.6467326283454895,0.13321125507354736,0.09180115163326263,0.06084948033094406,0.034490711987018585,0.03291476517915726
2024-09-22 22:48:23,자르지 말아달라고 최후의 발악 아니냐?,미친 ㅋㅋㅋ,After Lap,,자르지 말아달라고 최후의 발악 아니냐? 미친 ㅋㅋㅋ,자르지 말아달라고 최후의 발악 아니냐? 미친 ㅋㅋㅋ,0.10108433663845062,0.231794536113739,0.25561314821243286,0.20357854664325714,0.09812052547931671,0.10980893671512604
2024-09-22 22:48:20,불꽃놀이가 저게 뭐야,야구단 불꽃놀이보다도 구리네,After Lap,,불꽃놀이가 저게 뭐야 야구단 불꽃놀이보다도 구리네,불꽃놀이가 저게 뭐야 야구단 불꽃놀이보다도 구리네,0.08255497366189957,0.2924357056617737,0.19848355650901794,0.18083614110946655,0.18811579048633575,0.057573866099119186
2024-09-22 22:48:27,땡큐 다니엘ㅋㅋㅋㅋ,ㅋㅋ,After Lap,,땡큐 다니엘ㅋㅋㅋㅋ ㅋㅋ,땡큐 다니엘ㅋㅋㅋㅋ ㅋㅋ,0.6945251226425171,0.12017498165369034,0.059898581355810165,0.05596564710140228,0.04305240139365196,0.026383206248283386
2024-09-22 22:48:27,땡큐 대런ㅋㅋㅋㅋㅋㅋ,,After Lap,,땡큐 대런ㅋㅋㅋㅋㅋㅋ ,땡큐 대런ㅋㅋㅋㅋㅋㅋ,0.7043578028678894,0.1127420961856842,0.06027214229106903,0.055930543690919876,0.042793869972229004,0.023903589695692062
2024-09-22 22:48:30,아니 ㅅㅂ 진짜 잘리나보네,쩝,After Lap,,아니 ㅅㅂ 진짜 잘리나보네 쩝,아니 ㅅㅂ 진짜 잘리나보네 쩝,0.09474454075098038,0.20973530411720276,0.13736842572689056,0.22507226467132568,0.2721422612667084,0.06093722954392433
2024-09-22 22:48:32,? 대런 패랩 맞음?,,After Lap,,? 대런 패랩 맞음? ,? 대런 패랩 맞음?,0.20028454065322876,0.21352125704288483,0.3377898335456848,0.09971209615468979,0.05948438495397568,0.08920790255069733
2024-09-22 22:48:32,마지막에 리카도가 재 뿌렸네,패랩 꿀꺽,After Lap,,마지막에 리카도가 재 뿌렸네 패랩 꿀꺽,마지막에 리카도가 재 뿌렸네 패랩 꿀꺽,0.08931127190589905,0.33619341254234314,0.1754937618970871,0.17189660668373108,0.1545584797859192,0.07254641503095627
2024-09-22 22:48:36,땡큐 다니엘 ㅋㅋㅋㅋㅋ,ㅋㅋㅋㅋ,After Lap,,땡큐 다니엘 ㅋㅋㅋㅋㅋ ㅋㅋㅋㅋ,땡큐 다니엘 ㅋㅋㅋㅋㅋ ㅋㅋㅋㅋ,0.6966261267662048,0.12002497911453247,0.058127306401729584,0.05612718686461449,0.04311342537403107,0.025980954989790916
2024-09-22 22:48:34,잘가십시오 JOAT..,,After Lap,,잘가십시오 JOAT.. ,잘가십시오 JOAT..,0.4036998748779297,0.1994711309671402,0.12941224873065948,0.09290169179439545,0.10768529772758484,0.06682984530925751
2024-09-22 22:48:37,땡큐 다니엘 왤케 슬프냐…,"스마일맨을 못보는게 좀 슬프네…
- dc official App",After Lap,,"땡큐 다니엘 왤케 슬프냐… 스마일맨을 못보는게 좀 슬프네…
- dc official App",땡큐 다니엘 왤케 슬프냐… 스마일맨을 못보는게 좀 슬프네…,0.26448729634284973,0.23221729695796967,0.1736394464969635,0.1088898554444313,0.13944311439990997,0.08132293820381165
2024-09-22 22:48:44,갈때 가더라도.. 페렙 하나 정도는 괜찮잖아?,후..,After Lap,,갈때 가더라도.. 페렙 하나 정도는 괜찮잖아? 후..,갈때 가더라도.. 페렙 하나 정도는 괜찮잖아? 후..,0.11160093545913696,0.3086431324481964,0.17854426801204681,0.1267329603433609,0.19311441481113434,0.08136428147554398
2024-09-22 22:48:45,알본 왜 뒤짐 ??,"일하느라 지금 봄
- dc official App",After Lap,,"알본 왜 뒤짐 ?? 일하느라 지금 봄
- dc official App",알본 왜 뒤짐 ?? 일하느라 지금 봄,0.1174791157245636,0.2589702308177948,0.2817143201828003,0.14320498704910278,0.07935896515846252,0.11927240341901779
2024-09-22 22:48:47,케로 엠바고 발언 ㅋㅋㅋㅋ,ㅠㅠㅠㅠㅠㅠㅠㅠㅠㅠㅠ,After Lap,,케로 엠바고 발언 ㅋㅋㅋㅋ ㅠㅠㅠㅠㅠㅠㅠㅠㅠㅠㅠ,케로 엠바고 발언 ㅋㅋㅋㅋ ㅠㅠㅠㅠㅠㅠㅠㅠㅠㅠㅠ,0.10774968564510345,0.29866963624954224,0.1697385609149933,0.16318798065185547,0.15968814492225647,0.10096590965986252
2024-09-22 22:48:51,그냥 몽골이 요즘 제일 재미담당임,"개지랄염병이 웃음포인트
- dc official App",After Lap,,"그냥 몽골이 요즘 제일 재미담당임 개지랄염병이 웃음포인트
- dc official App",그냥 몽골이 요즘 제일 재미담당임 개지랄염병이 웃음포인트,0.3053821325302124,0.23549023270606995,0.1715250313282013,0.16503627598285675,0.06356722861528397,0.058999113738536835
2024-09-22 22:48:53,레드불 레전드의 마지막 희생 ㅠㅠㅠㅠㅠㅠㅠㅠㅠㅠㅠ,ㅠㅠㅠㅠㅠㅠㅠㅠㅠㅠ,After Lap,,레드불 레전드의 마지막 희생 ㅠㅠㅠㅠㅠㅠㅠㅠㅠㅠㅠ ㅠㅠㅠㅠㅠㅠㅠㅠㅠㅠ,레드불 레전드의 마지막 희생 ㅠㅠㅠㅠㅠㅠㅠㅠㅠㅠㅠ ㅠㅠㅠㅠㅠㅠㅠㅠㅠㅠ,0.23711837828159332,0.21966874599456787,0.15923190116882324,0.12180964648723602,0.18251200020313263,0.07965926080942154
2024-09-22 22:48:54,고인의 개좆박은 마지막 모습,ㅜㅜ,After Lap,,고인의 개좆박은 마지막 모습 ㅜㅜ,고인의 개좆박은 마지막 모습 ㅜㅜ,0.11760082095861435,0.21219585835933685,0.18135565519332886,0.19504499435424805,0.2163672149181366,0.07743549346923828
2024-09-22 22:48:54,뭔 이야길 듣고 땡큐 대니얼이냐,똥뿌리기?,After Lap,,뭔 이야길 듣고 땡큐 대니얼이냐 똥뿌리기?,뭔 이야길 듣고 땡큐 대니얼이냐 똥뿌리기?,0.07936571538448334,0.22038759291172028,0.21068547666072845,0.261976033449173,0.16036196053028107,0.06722327321767807
2024-09-22 22:48:55,???작별 선물이다……막스,,After Lap,,???작별 선물이다……막스 ,???작별 선물이다……막스,0.6028487086296082,0.1515064686536789,0.07321055233478546,0.06356870383024216,0.07310661673545837,0.03575891628861427
2024-09-22 22:48:56,진짜 이 1점 때문에 노리스 월챔 못했으면 좋겠다,진짜 도파민 터질듯,After Lap,,진짜 이 1점 때문에 노리스 월챔 못했으면 좋겠다 진짜 도파민 터질듯,진짜 이 1점 때문에 노리스 월챔 못했으면 좋겠다 진짜 도파민 터질듯,0.08642341941595078,0.230430468916893,0.2493397444486618,0.15548104047775269,0.15152037143707275,0.12680497765541077
2024-09-22 22:49:02,JOAT,"셒카 확률 100%에서도 못 나오는 JOAT
- dc official App",After Lap,,"JOAT 셒카 확률 100%에서도 못 나오는 JOAT
- dc official App",JOAT 셒카 확률 100%에서도 못 나오는 JOAT,0.09701986610889435,0.26255863904953003,0.301241010427475,0.12055899947881699,0.09403243660926819,0.12458905577659607
2024-09-22 22:49:04,다니엘 리카도의 영정사진입니다. 추모해주십시요...,"웃지 못하고 가셨네요...
고생하셨습니다.",After Lap,,"다니엘 리카도의 영정사진입니다. 추모해주십시요... 웃지 못하고 가셨네요...
고생하셨습니다.",다니엘 리카도의 영정사진입니다. 추모해주십시요... 웃지 못하고 가셨네요... 고생하셨습니다.,0.2783117890357971,0.21362122893333435,0.1742488145828247,0.10839621722698212,0.14084336161613464,0.08457853645086288
2024-09-22 22:49:04,땡큐 다니엘.....ㅠ,- dc official App,After Lap,,땡큐 다니엘.....ㅠ - dc official App,땡큐 다니엘.....ㅠ - dc official App,0.6187575459480286,0.13843798637390137,0.07606564462184906,0.0643964484333992,0.06691503524780273,0.03542734310030937
2024-09-22 22:49:06,대런 짤리면 로슨 들어옴?,"??
- dc official App",After Lap,,"대런 짤리면 로슨 들어옴? ??
- dc official App",대런 짤리면 로슨 들어옴? ??,0.14029079675674438,0.25120118260383606,0.3104226589202881,0.10446867346763611,0.08340312540531158,0.11021355539560318
2024-09-22 22:49:11,투표 ㄱㄱ,,After Lap,,투표 ㄱㄱ ,투표 ㄱㄱ,0.46320098638534546,0.18745948374271393,0.1456710249185562,0.08362238854169846,0.06988819688558578,0.05015784502029419
2024-09-22 22:49:15,타이어 ㅋㅋㅋ,꽉꽉 눌러 담았네 ㅋㅋㅋ,After Lap,,타이어 ㅋㅋㅋ 꽉꽉 눌러 담았네 ㅋㅋㅋ,타이어 ㅋㅋㅋ 꽉꽉 눌러 담았네 ㅋㅋㅋ,0.6024889349937439,0.1475563943386078,0.10974162817001343,0.06708225607872009,0.039102669805288315,0.034028079360723495
2024-09-22 22:49:15,노리스 축하하고,싱가폴 << 개노잼이노ㅋㅋㅋ,After Lap,,노리스 축하하고 싱가폴 << 개노잼이노ㅋㅋㅋ,노리스 축하하고 싱가폴 << 개노잼이노ㅋㅋㅋ,0.16643834114074707,0.32644209265708923,0.13537803292274475,0.18156856298446655,0.12255807965993881,0.06761489063501358
2024-09-22 22:49:16,P1 P1,keep going,After Lap,,P1 P1 keep going,P1 P1 keep going,0.6988930702209473,0.11426161974668503,0.06770066916942596,0.05526769161224365,0.0383092537522316,0.025567714124917984
2024-09-22 22:49:19,그곳에선 행복해라,"수고 많으셨습니다 대런 ㅠㅠㅠ
- dc official App",After Lap,,"그곳에선 행복해라 수고 많으셨습니다 대런 ㅠㅠㅠ
- dc official App",그곳에선 행복해라 수고 많으셨습니다 대런 ㅠㅠㅠ,0.5032868385314941,0.1650579571723938,0.10353516042232513,0.07908083498477936,0.09502861648797989,0.054010529071092606
2024-09-22 22:49:20,오늘의 병신,병신,After Lap,,오늘의 병신 병신,오늘의 병신 병신,0.45413458347320557,0.20638404786586761,0.15799209475517273,0.10041432827711105,0.05006209760904312,0.031012777239084244
2024-09-22 22:49:20,???: 쥬지야 도박하래매,“저에겐 정배였죠.“,After Lap,,???: 쥬지야 도박하래매 “저에겐 정배였죠.“,???: 쥬지야 도박하래매 “저에겐 정배였죠.“,0.1567731648683548,0.35281988978385925,0.14634551107883453,0.13786865770816803,0.12302032858133316,0.08317246288061142
2024-09-22 22:49:22,1점차로 막스가 드챔 먹어라,땡큐 다니엘,After Lap,,1점차로 막스가 드챔 먹어라 땡큐 다니엘,1점차로 막스가 드챔 먹어라 땡큐 다니엘,0.6791568398475647,0.1248861700296402,0.051775287836790085,0.06182903051376343,0.0543074756860733,0.028045175597071648
2024-09-22 22:49:26,아니 대런 짤리는거 진짜냐고,안본사이에 뭔일 일어난거야,After Lap,,아니 대런 짤리는거 진짜냐고 안본사이에 뭔일 일어난거야,아니 대런 짤리는거 진짜냐고 안본사이에 뭔일 일어난거야,0.11773739755153656,0.21368494629859924,0.3246905207633972,0.13627758622169495,0.08467362821102142,0.12293600291013718
2024-09-22 22:49:27,막스:훠훠 미안하다 고맙다,,After Lap,,막스:훠훠 미안하다 고맙다 ,막스:훠훠 미안하다 고맙다,0.419281542301178,0.2112400084733963,0.1262187361717224,0.0959174782037735,0.09648406505584717,0.05085819959640503
2024-09-22 22:49:29,노리스 이새끼 우승에 익숙한척 하는거 좆같네,병신이 우승하고 라디오로 존나 침착하게 맨날 우승하던거 하는거마냥 웰던 렛츠킵푸싱 이지랄 하는거 나만 존나꼴보기싫나 진성메르견인데도 베르스타펜이 우승하는게 차라리낫지 얘가 우승하는건 그냥 기분이 더러움 ㅅㅂ,After Lap,,노리스 이새끼 우승에 익숙한척 하는거 좆같네 병신이 우승하고 라디오로 존나 침착하게 맨날 우승하던거 하는거마냥 웰던 렛츠킵푸싱 이지랄 하는거 나만 존나꼴보기싫나 진성메르견인데도 베르스타펜이 우승하는게 차라리낫지 얘가 우승하는건 그냥 기분이 더러움 ㅅㅂ,노리스 이새끼 우승에 익숙한척 하는거 좆같네 병신이 우승하고 라디오로 존나 침착하게 맨날 우승하던거 하는거마냥 웰던 렛츠킵푸싱 이지랄 하는거 나만 존나꼴보기싫나 진성메르견인데도 베르스타펜이 우승하는게 차라리낫지 얘가 우승하는건 그냥 기분이 더러움 ㅅㅂ,0.14624561369419098,0.1883845329284668,0.12253866344690323,0.3107505142688751,0.1874210238456726,0.04465961456298828
2024-09-22 22:49:29,분명 노리스 첫 우승도 올해였는데,왜이리 당연해졌지?,After Lap,,분명 노리스 첫 우승도 올해였는데 왜이리 당연해졌지?,분명 노리스 첫 우승도 올해였는데 왜이리 당연해졌지?,0.1106734499335289,0.301991730928421,0.25573521852493286,0.1291152983903885,0.11235905438661575,0.09012528508901596
2024-09-22 22:49:32,"삐 완, 위아 삐 완",,After Lap,,"삐 완, 위아 삐 완 ","삐 완, 위아 삐 완",0.677969217300415,0.12285391986370087,0.07911885529756546,0.057299915701150894,0.03920497000217438,0.02355302684009075
2024-09-22 22:49:32,눈뽕 ㅅㅂ ㅋㅋㅋㅋ,,After Lap,,눈뽕 ㅅㅂ ㅋㅋㅋㅋ ,눈뽕 ㅅㅂ ㅋㅋㅋㅋ,0.6171556115150452,0.13784511387348175,0.08538636565208435,0.08613774180412292,0.04344234615564346,0.030032910406589508
2024-09-22 22:49:33,뭐노 리카도 은퇴함??,ㅇㅇ,After Lap,,뭐노 리카도 은퇴함?? ㅇㅇ,뭐노 리카도 은퇴함?? ㅇㅇ,0.15753202140331268,0.22176329791545868,0.34909698367118835,0.10306666046380997,0.057171013206243515,0.11136997491121292
2024-09-22 22:49:33,아니 ㅆㅃ 1포 뺐어갔노,아,After Lap,,아니 ㅆㅃ 1포 뺐어갔노 아,아니 ㅆㅃ 1포 뺐어갔노 아,0.1500077247619629,0.23490844666957855,0.09659343957901001,0.2572944164276123,0.22355331480503082,0.03764268010854721
2024-09-22 22:49:34,근데 진짜 개좆노잼 서킷이다 ㄹㅇ,모나코 2중대네 시발ㅋㅋㅋ,After Lap,,근데 진짜 개좆노잼 서킷이다 ㄹㅇ 모나코 2중대네 시발ㅋㅋㅋ,근데 진짜 개좆노잼 서킷이다 ㄹㅇ 모나코 2중대네 시발ㅋㅋㅋ,0.11786352843046188,0.2859223783016205,0.1529521644115448,0.21371634304523468,0.16604207456111908,0.06350348144769669
2024-09-22 22:49:35,희대의 개꿀 직업,F1 세이프티카 드라이버,After Lap,,희대의 개꿀 직업 F1 세이프티카 드라이버,희대의 개꿀 직업 F1 세이프티카 드라이버,0.5773751735687256,0.14393118023872375,0.11895795911550522,0.0808514878153801,0.04207662492990494,0.036807525902986526
2024-09-22 22:49:41,퀄리 좆박았지만 그래도 잘한새끼들...,ㄹㅇ,After Lap,,퀄리 좆박았지만 그래도 잘한새끼들... ㄹㅇ,퀄리 좆박았지만 그래도 잘한새끼들... ㄹㅇ,0.08877430856227875,0.19027887284755707,0.18478207290172577,0.2853658199310303,0.15207833051681519,0.09872058779001236
2024-09-22 22:49:45,시즌 맻갱기 남앗노?,,After Lap,,시즌 맻갱기 남앗노? ,시즌 맻갱기 남앗노?,0.27825096249580383,0.22377866506576538,0.2833858132362366,0.08318411558866501,0.049419816583395004,0.08198067545890808
2024-09-22 22:49:48,빨리 부거나 뿌려라 ㅋㅋㅋㅋㅋㅋ,ㅋㅋㅋ,After Lap,,빨리 부거나 뿌려라 ㅋㅋㅋㅋㅋㅋ ㅋㅋㅋ,빨리 부거나 뿌려라 ㅋㅋㅋㅋㅋㅋ ㅋㅋㅋ,0.6284825205802917,0.13780279457569122,0.07119613885879517,0.08842141181230545,0.04735410213470459,0.026743093505501747
2024-09-22 22:49:48,병신=대런,,After Lap,,병신=대런 ,병신=대런,0.1850193291902542,0.24324916303157806,0.29199832677841187,0.11710137873888016,0.07566401362419128,0.0869678258895874
2024-09-22 22:49:49,뭐? 첫 코너에서 따인다고?,"""
​아가리​
""",After Lap,,"뭐? 첫 코너에서 따인다고? ""
​아가리​
""","뭐? 첫 코너에서 따인다고? "" ​아가리​ """,0.08480896055698395,0.19869495928287506,0.2640337646007538,0.2266092449426651,0.1353411078453064,0.09051193296909332
2024-09-22 22:49:53,인트로 교체하게 만든새끼가 교체당하노,VCARB 존나 웃음벨이네 ㅋㅋ,After Lap,,인트로 교체하게 만든새끼가 교체당하노 VCARB 존나 웃음벨이네 ㅋㅋ,인트로 교체하게 만든새끼가 교체당하노 VCARB 존나 웃음벨이네 ㅋㅋ,0.1445183902978897,0.2422170788049698,0.22546544671058655,0.2083946317434311,0.09871961921453476,0.08068479597568512
2024-09-22 22:49:53,오늘따라 그리운 새끼들..,그립읍니다...,After Lap,,오늘따라 그리운 새끼들.. 그립읍니다...,오늘따라 그리운 새끼들.. 그립읍니다...,0.23766207695007324,0.21730376780033112,0.1330653876066208,0.14867381751537323,0.19534273445606232,0.0679522305727005
2024-09-22 22:49:54,체서운사실)체코는 결국 헐크를 못재꼈다,병싴,After Lap,,체서운사실)체코는 결국 헐크를 못재꼈다 병싴,체서운사실)체코는 결국 헐크를 못재꼈다 병싴,0.07819949090480804,0.22489435970783234,0.21842658519744873,0.24057434499263763,0.13232722878456116,0.10557788610458374
2024-09-22 22:49:55,지구 상에서 가장 꿀빠는 듀오,,After Lap,,지구 상에서 가장 꿀빠는 듀오 ,지구 상에서 가장 꿀빠는 듀오,0.5855019092559814,0.13826079666614532,0.07248694449663162,0.09035149216651917,0.07107114046812057,0.04232770577073097
2024-09-22 22:49:56,기대가 크면 실망도 크다고,"모나코야 뭐 개존노잼인거 옛날꼰날부터 유명했으니 노잼이면 아 노잼인갑다 하고 넘어간다마는
싱가폴은 십 지난 5년동안 얼마나 박터지고 난리 개지랄염병을 쌌던 트랙이라 기대 존나했는데 이렇게 노잼경기로 실망을 시키다니",After Lap,,"기대가 크면 실망도 크다고 모나코야 뭐 개존노잼인거 옛날꼰날부터 유명했으니 노잼이면 아 노잼인갑다 하고 넘어간다마는
싱가폴은 십 지난 5년동안 얼마나 박터지고 난리 개지랄염병을 쌌던 트랙이라 기대 존나했는데 이렇게 노잼경기로 실망을 시키다니",기대가 크면 실망도 크다고 모나코야 뭐 개존노잼인거 옛날꼰날부터 유명했으니 노잼이면 아 노잼인갑다 하고 넘어간다마는 싱가폴은 십 지난 5년동안 얼마나 박터지고 난리 개지랄염병을 쌌던 트랙이라 기대 존나했는데 이렇게 노잼경기로 실망을 시키다니,0.07705281674861908,0.27373138070106506,0.169869527220726,0.21372172236442566,0.19691330194473267,0.06871116906404495
2024-09-22 22:49:56,쥬지 셒카 도박 실패했노 ㅋㅋ,좆망ㅋㅋ,After Lap,,쥬지 셒카 도박 실패했노 ㅋㅋ 좆망ㅋㅋ,쥬지 셒카 도박 실패했노 ㅋㅋ 좆망ㅋㅋ,0.09887638688087463,0.32227692008018494,0.16438573598861694,0.18186062574386597,0.14140547811985016,0.09119486808776855
2024-09-22 22:49:58,이새끼도 짤리는거 아니냐?,"9경기째 결장하는데 짤린거 아님?
- dc official App",After Lap,,"이새끼도 짤리는거 아니냐? 9경기째 결장하는데 짤린거 아님?
- dc official App",이새끼도 짤리는거 아니냐? 9경기째 결장하는데 짤린거 아님?,0.09077587723731995,0.17986884713172913,0.3219473361968994,0.15926745533943176,0.1557573825120926,0.09238308668136597
2024-09-22 22:50:00,싱가폴 느리던차가 싱가폴에서만 빨라졌네 ㅋㅋㅋㅋㅋ,레드불 싱가폴타겟카됫노,After Lap,,싱가폴 느리던차가 싱가폴에서만 빨라졌네 ㅋㅋㅋㅋㅋ 레드불 싱가폴타겟카됫노,싱가폴 느리던차가 싱가폴에서만 빨라졌네 ㅋㅋㅋㅋㅋ 레드불 싱가폴타겟카됫노,0.19629409909248352,0.24184811115264893,0.29405513405799866,0.11375042796134949,0.045804571360349655,0.10824765264987946
2024-09-22 22:50:01,""" Thank you Daniel""","오늘 고맙다....
그리고 고생했다....
사랑한다.....
잘가라 ㅠㅠ
​
이건 미안했다....
- ORACLE RED BULL RACING RB20",After Lap,,""" Thank you Daniel"" 오늘 고맙다....
그리고 고생했다....
사랑한다.....
잘가라 ㅠㅠ
​
이건 미안했다....
- ORACLE RED BULL RACING RB20",""" Thank you Daniel"" 오늘 고맙다.... 그리고 고생했다.... 사랑한다..... 잘가라 ㅠㅠ ​ 이건 미안했다.... - ORACLE RED BULL RACING RB20",0.5340140461921692,0.1547165960073471,0.08317067474126816,0.08116603642702103,0.09950681775808334,0.047425828874111176
2024-09-22 22:50:04,씨발 주작코너 부활시키라고,개좆노잼보단 승부조작 비리사건이 오조오억배는낫다시발,After Lap,,씨발 주작코너 부활시키라고 개좆노잼보단 승부조작 비리사건이 오조오억배는낫다시발,씨발 주작코너 부활시키라고 개좆노잼보단 승부조작 비리사건이 오조오억배는낫다시발,0.12783151865005493,0.2096564769744873,0.12195780873298645,0.3010856807231903,0.1942564994096756,0.04521197825670242
2024-09-22 22:50:06,세이프티카 드라이버 월급에서 f1분은 빼라,,After Lap,,세이프티카 드라이버 월급에서 f1분은 빼라 ,세이프티카 드라이버 월급에서 f1분은 빼라,0.12389076501131058,0.25199028849601746,0.31571564078330994,0.13735072314739227,0.11248056590557098,0.05857202038168907
2024-09-22 22:50:10,방학 끝나면 맥라렌은 얼마나 더 빨라질까,ㄹㅇ...,After Lap,,방학 끝나면 맥라렌은 얼마나 더 빨라질까 ㄹㅇ...,방학 끝나면 맥라렌은 얼마나 더 빨라질까 ㄹㅇ...,0.13439436256885529,0.24390730261802673,0.288717120885849,0.11354459077119827,0.08196110278367996,0.13747555017471313
2024-09-22 22:50:11,왜 또 한달이나 쉼?,씨발 뭔 한달이나 쉬노,After Lap,,왜 또 한달이나 쉼? 씨발 뭔 한달이나 쉬노,왜 또 한달이나 쉼? 씨발 뭔 한달이나 쉬노,0.13737307488918304,0.250573068857193,0.10767973959445953,0.2904248535633087,0.16849765181541443,0.04545173794031143
2024-09-22 22:50:14,싱가포르 모나코 개노잼 투탑,퀄러파잉이 사실상 결선,After Lap,,싱가포르 모나코 개노잼 투탑 퀄러파잉이 사실상 결선,싱가포르 모나코 개노잼 투탑 퀄러파잉이 사실상 결선,0.1183437705039978,0.30731287598609924,0.1801873743534088,0.17562292516231537,0.15049460530281067,0.06803841888904572
2024-09-22 22:50:14,쿠팡 플레이가 인터뷰의 저주를 일점사했어야했는데,ㄲㅂ,After Lap,,쿠팡 플레이가 인터뷰의 저주를 일점사했어야했는데 ㄲㅂ,쿠팡 플레이가 인터뷰의 저주를 일점사했어야했는데 ㄲㅂ,0.1657860279083252,0.30116844177246094,0.10880311578512192,0.18855899572372437,0.16989564895629883,0.06578776240348816
2024-09-22 22:50:15,그래도 시즌 중반부터 저래서 다행이지,초반부터 맥이 저따구였으면 싯팔 ㅋㅋㅋ,After Lap,,그래도 시즌 중반부터 저래서 다행이지 초반부터 맥이 저따구였으면 싯팔 ㅋㅋㅋ,그래도 시즌 중반부터 저래서 다행이지 초반부터 맥이 저따구였으면 싯팔 ㅋㅋㅋ,0.10420581698417664,0.264175683259964,0.1283864825963974,0.2389378845691681,0.19444164633750916,0.06985253840684891
2024-09-22 22:50:16,뉴비)페레즈 존나 못하는거 맞지?,"레드불 페라리 맥라렌 메르세데스
서로치고박는 중인데
페레즈 혼자
훌켄버그랑 영혼의 한타하는거
존나 못하는거 맞지?",After Lap,,"뉴비)페레즈 존나 못하는거 맞지? 레드불 페라리 맥라렌 메르세데스
서로치고박는 중인데
페레즈 혼자
훌켄버그랑 영혼의 한타하는거
존나 못하는거 맞지?",뉴비)페레즈 존나 못하는거 맞지? 레드불 페라리 맥라렌 메르세데스 서로치고박는 중인데 페레즈 혼자 훌켄버그랑 영혼의 한타하는거 존나 못하는거 맞지?,0.08334319293498993,0.19737508893013,0.3201799988746643,0.18406443297863007,0.09267492592334747,0.12236233055591583
2024-09-22 22:50:17,진짜 지금부터 이번시즌 끝까지 셒카 못보나,아쉬워요,After Lap,,진짜 지금부터 이번시즌 끝까지 셒카 못보나 아쉬워요,진짜 지금부터 이번시즌 끝까지 셒카 못보나 아쉬워요,0.20897093415260315,0.2844352126121521,0.1221453920006752,0.13409018516540527,0.1899947077035904,0.060363490134477615
2024-09-22 22:50:27,솔직히 오늘 만족스러운 티포시 개추ㅋㅋ,"이정도라도 해준게 어디냐…
- dc official App",After Lap,,"솔직히 오늘 만족스러운 티포시 개추ㅋㅋ 이정도라도 해준게 어디냐…
- dc official App",솔직히 오늘 만족스러운 티포시 개추ㅋㅋ 이정도라도 해준게 어디냐…,0.656447172164917,0.12809394299983978,0.05988401547074318,0.06310014426708221,0.060351088643074036,0.032123614102602005
2024-09-22 22:50:31,이밴트 정산 드가자,,After Lap,,이밴트 정산 드가자 ,이밴트 정산 드가자,0.6500310301780701,0.12518171966075897,0.08235228061676025,0.0704938992857933,0.04188079014420509,0.030060285702347755
2024-09-22 22:50:33,맥라렌 15년만의 싱가폴 우승,,After Lap,,맥라렌 15년만의 싱가폴 우승 ,맥라렌 15년만의 싱가폴 우승,0.5057290196418762,0.1735944002866745,0.1513654887676239,0.07628695666790009,0.045469731092453,0.0475543737411499
2024-09-22 22:50:34,실시간 개꿀 직업,"세이프티 카 드라이버
- dc official App",After Lap,,"실시간 개꿀 직업 세이프티 카 드라이버
- dc official App",실시간 개꿀 직업 세이프티 카 드라이버,0.6989560127258301,0.11506716907024384,0.0664878785610199,0.05769006907939911,0.03760022297501564,0.024198608472943306
2024-09-22 22:50:36,츠노다 미>소 원스탑 ㅋㅋㅋㅋㅋ,,After Lap,,츠노다 미>소 원스탑 ㅋㅋㅋㅋㅋ ,츠노다 미>소 원스탑 ㅋㅋㅋㅋㅋ,0.698276698589325,0.10890784859657288,0.07377530634403229,0.061075951904058456,0.03481733053922653,0.0231468565762043
2024-09-22 22:50:37,틸케 ← 재미없는 서킷 만드는걸 존나 잘 함,,After Lap,,틸케 ← 재미없는 서킷 만드는걸 존나 잘 함 ,틸케 ← 재미없는 서킷 만드는걸 존나 잘 함,0.10719449073076248,0.2708280086517334,0.2502782344818115,0.18211981654167175,0.0922088474035263,0.09737064689397812
2024-09-22 22:50:40,셒카 계속 안 나오니까 ㅈ노잼임,언제 나와,After Lap,,셒카 계속 안 나오니까 ㅈ노잼임 언제 나와,셒카 계속 안 나오니까 ㅈ노잼임 언제 나와,0.1319960504770279,0.316190630197525,0.13195936381816864,0.19354823231697083,0.17048615217208862,0.0558195523917675
2024-09-22 22:50:42,이제 6경기남았나?,"스프린트3번이던가
- dc official App",After Lap,,"이제 6경기남았나? 스프린트3번이던가
- dc official App",이제 6경기남았나? 스프린트3번이던가,0.1979224681854248,0.24877288937568665,0.30244630575180054,0.09637952595949173,0.0651056319475174,0.08937322348356247
2024-09-22 22:50:45,좆라리 병신새끼들 생각보다 잘 해서 만족스럽구나,타이어 블랭킷이 왜 고장나는데 미친새끼들아 ㅋㅋ,After Lap,,좆라리 병신새끼들 생각보다 잘 해서 만족스럽구나 타이어 블랭킷이 왜 고장나는데 미친새끼들아 ㅋㅋ,좆라리 병신새끼들 생각보다 잘 해서 만족스럽구나 타이어 블랭킷이 왜 고장나는데 미친새끼들아 ㅋㅋ,0.19437837600708008,0.22616687417030334,0.15006786584854126,0.22247715294361115,0.11061171442270279,0.09629802405834198
2024-09-22 22:50:45,경?축) 피아스트리 3위 성공,"ㅋㅋ
- dc official App",After Lap,,"경?축) 피아스트리 3위 성공 ㅋㅋ
- dc official App",경?축) 피아스트리 3위 성공 ㅋㅋ,0.7140184044837952,0.10810212790966034,0.06073470786213875,0.05311337858438492,0.03789856284856796,0.026132768020033836
2024-09-22 22:50:50,하필 대런 마지막 레이스에서 맥라렌 원투ㅋㅋㅋㅋㅋ,위약금 줘가면서 쫓아낸 팀이 마지막 레이스에서 원투하는 걸 보는 대런의 기분은 어떨까ㅋㅋㅋㅋ,After Lap,,하필 대런 마지막 레이스에서 맥라렌 원투ㅋㅋㅋㅋㅋ 위약금 줘가면서 쫓아낸 팀이 마지막 레이스에서 원투하는 걸 보는 대런의 기분은 어떨까ㅋㅋㅋㅋ,하필 대런 마지막 레이스에서 맥라렌 원투ㅋㅋㅋㅋㅋ 위약금 줘가면서 쫓아낸 팀이 마지막 레이스에서 원투하는 걸 보는 대런의 기분은 어떨까ㅋㅋㅋㅋ,0.17677757143974304,0.25027915835380554,0.22533419728279114,0.15033355355262756,0.07057531923055649,0.12670014798641205
2024-09-22 22:50:54,베텔이 셀레브레이션은 존나 맛깔나긴 했네,무리스 힘든 건 알겠는데 노잼이노,After Lap,,베텔이 셀레브레이션은 존나 맛깔나긴 했네 무리스 힘든 건 알겠는데 노잼이노,베텔이 셀레브레이션은 존나 맛깔나긴 했네 무리스 힘든 건 알겠는데 노잼이노,0.13558483123779297,0.3197685778141022,0.16855862736701965,0.17418476939201355,0.12692400813102722,0.07497915625572205
2024-09-22 22:50:59,싱가폴 작년에도 비온다 올해도 비온다 하더니,"그냥 개찜통에 비도 안 떨어졌네 ㅋㅋ
- dc official App",After Lap,,"싱가폴 작년에도 비온다 올해도 비온다 하더니 그냥 개찜통에 비도 안 떨어졌네 ㅋㅋ
- dc official App",싱가폴 작년에도 비온다 올해도 비온다 하더니 그냥 개찜통에 비도 안 떨어졌네 ㅋㅋ,0.11663814634084702,0.3366799056529999,0.163898304104805,0.1696106493473053,0.13745523989200592,0.0757177472114563
2024-09-22 22:51:05,나 궁금한거 있는데 질문해도 될까?,F1에 세이프티카가는 전설속의 존재가 있다던데 진짜로 존재함? 아니면 진짜 전설속에만 있는거임?,After Lap,,나 궁금한거 있는데 질문해도 될까? F1에 세이프티카가는 전설속의 존재가 있다던데 진짜로 존재함? 아니면 진짜 전설속에만 있는거임?,나 궁금한거 있는데 질문해도 될까? F1에 세이프티카가는 전설속의 존재가 있다던데 진짜로 존재함? 아니면 진짜 전설속에만 있는거임?,0.1913827806711197,0.2014033943414688,0.3443933129310608,0.10081707686185837,0.058165136724710464,0.10383832454681396
2024-09-22 22:51:06,콜라핀토아쉽네,"11위라니 까비
- dc official App",After Lap,,"콜라핀토아쉽네 11위라니 까비
- dc official App",콜라핀토아쉽네 11위라니 까비,0.17785565555095673,0.32627829909324646,0.11496119946241379,0.14338131248950958,0.1975456029176712,0.03997797518968582
2024-09-22 22:51:07,피아제 타이어 제대로 갈았으면 몽골도 잡았을거같은디..,흠..,After Lap,,피아제 타이어 제대로 갈았으면 몽골도 잡았을거같은디.. 흠..,피아제 타이어 제대로 갈았으면 몽골도 잡았을거같은디.. 흠..,0.09216246008872986,0.2846262454986572,0.2591114044189453,0.12612813711166382,0.15200269222259521,0.08596911281347275
2024-09-22 22:51:10,노리스 잘하노,ㄹㅇ,After Lap,,노리스 잘하노 ㄹㅇ,노리스 잘하노 ㄹㅇ,0.5144580602645874,0.18279899656772614,0.14841493964195251,0.06383564323186874,0.03610740229487419,0.05438495799899101
2024-09-22 22:51:17,한달후에 보자,즐거웠따!,After Lap,,한달후에 보자 즐거웠따!,한달후에 보자 즐거웠따!,0.6894400715827942,0.12150697410106659,0.06255743652582169,0.05675099045038223,0.04170816019177437,0.028036365285515785
2024-09-22 22:51:18,이번 쿨다운 룸은 그래도 막줌마 있어서,좀 떠들려나,After Lap,,이번 쿨다운 룸은 그래도 막줌마 있어서 좀 떠들려나,이번 쿨다운 룸은 그래도 막줌마 있어서 좀 떠들려나,0.3080095052719116,0.281694620847702,0.16538122296333313,0.10022274404764175,0.08860278874635696,0.056089162826538086
2024-09-22 22:51:19,F1인기 떡상한데 리카도 지분 10프로는 되지않냐?,본질 첫시즌 이새끼가 하드캐리해서 결국엔 f1 입문했는데 ㅠㅠ,After Lap,,F1인기 떡상한데 리카도 지분 10프로는 되지않냐? 본질 첫시즌 이새끼가 하드캐리해서 결국엔 f1 입문했는데 ㅠㅠ,F1인기 떡상한데 리카도 지분 10프로는 되지않냐? 본질 첫시즌 이새끼가 하드캐리해서 결국엔 f1 입문했는데 ㅠㅠ,0.1013144850730896,0.2647622227668762,0.1524752378463745,0.17844027280807495,0.2083464115858078,0.09466139227151871
2024-09-22 22:51:20,몽골-노리스 52포차 6개 그랑프리 남음,"몽골이 노리스랑 1순위차로 계속져도 몽골드챔
- dc official App",After Lap,,"몽골-노리스 52포차 6개 그랑프리 남음 몽골이 노리스랑 1순위차로 계속져도 몽골드챔
- dc official App",몽골-노리스 52포차 6개 그랑프리 남음 몽골이 노리스랑 1순위차로 계속져도 몽골드챔,0.36600103974342346,0.19773143529891968,0.24079753458499908,0.0945044755935669,0.04219336435198784,0.05877209082245827
2024-09-22 22:51:21,그래서 이제 뭐함,누가 나 떄려서 3주만 기절시켜줘,After Lap,,그래서 이제 뭐함 누가 나 떄려서 3주만 기절시켜줘,그래서 이제 뭐함 누가 나 떄려서 3주만 기절시켜줘,0.12536829710006714,0.1878434717655182,0.204900324344635,0.184223011136055,0.19607460498809814,0.10159025341272354
2024-09-22 22:51:21,ㄹㅇ 멕은 차에 뭔짓을 한거냐,알국왕이 저번에 멕차보던게 이해되노 ㄹㅇ,After Lap,,ㄹㅇ 멕은 차에 뭔짓을 한거냐 알국왕이 저번에 멕차보던게 이해되노 ㄹㅇ,ㄹㅇ 멕은 차에 뭔짓을 한거냐 알국왕이 저번에 멕차보던게 이해되노 ㄹㅇ,0.09450902044773102,0.20580582320690155,0.2913305163383484,0.17939753830432892,0.09792589396238327,0.13103121519088745
2024-09-22 22:51:22,유입 많아졌네,인스타 댓글 말투 여기서보이네...아이고,After Lap,,유입 많아졌네 인스타 댓글 말투 여기서보이네...아이고,유입 많아졌네 인스타 댓글 말투 여기서보이네...아이고,0.06754954904317856,0.2760697901248932,0.26775625348091125,0.1585860401391983,0.12352751195430756,0.10651084035634995
2024-09-22 22:51:26,대런은 가기 전에 골수까지 빨아 먹히고 가긴 하네,"타이어 죽을 때까지 달리면서 데이터 뽑고 노리스 1점 뺏고 할 건 다 했구만
뭐 늙어서 농사 못 짓는 소를 잡기로 했으면 그게 맞긴 하지",After Lap,,"대런은 가기 전에 골수까지 빨아 먹히고 가긴 하네 타이어 죽을 때까지 달리면서 데이터 뽑고 노리스 1점 뺏고 할 건 다 했구만
뭐 늙어서 농사 못 짓는 소를 잡기로 했으면 그게 맞긴 하지",대런은 가기 전에 골수까지 빨아 먹히고 가긴 하네 타이어 죽을 때까지 달리면서 데이터 뽑고 노리스 1점 뺏고 할 건 다 했구만 뭐 늙어서 농사 못 짓는 소를 잡기로 했으면 그게 맞긴 하지,0.07015582919120789,0.2218979001045227,0.20429447293281555,0.2048584669828415,0.1983647346496582,0.10042867809534073
2024-09-22 22:51:33,오늘 잘한새끼,재미있었고 잘탓다,After Lap,,오늘 잘한새끼 재미있었고 잘탓다,오늘 잘한새끼 재미있었고 잘탓다,0.6659680008888245,0.12795153260231018,0.057237353175878525,0.0662069171667099,0.055663611739873886,0.026972590014338493
2024-09-22 22:51:34,그래서 셒카 이새끼 남은 경기에 나오기는 해?,ㄹㅇ,After Lap,,그래서 셒카 이새끼 남은 경기에 나오기는 해? ㄹㅇ,그래서 셒카 이새끼 남은 경기에 나오기는 해? ㄹㅇ,0.08944009989500046,0.19060735404491425,0.31457090377807617,0.17843344807624817,0.11368101835250854,0.11326715350151062
2024-09-22 22:51:38,노리스 저번 폴투윈 성불에이어 스타트 성불까지,ㅋㅋ,After Lap,,노리스 저번 폴투윈 성불에이어 스타트 성불까지 ㅋㅋ,노리스 저번 폴투윈 성불에이어 스타트 성불까지 ㅋㅋ,0.6985281705856323,0.11565706133842468,0.07372289896011353,0.05572529137134552,0.03049406222999096,0.025872522965073586
2024-09-22 22:51:37,망고빙수 다녹겠다 이놈들아,,After Lap,,망고빙수 다녹겠다 이놈들아 ,망고빙수 다녹겠다 이놈들아,0.14603225886821747,0.21744875609874725,0.12133672833442688,0.3167265057563782,0.1560547947883606,0.042400892823934555
2024-09-22 22:51:41,23년은 대체 어케 버틴거냐?,"맥라렌 너무 빨라서 크루징하니까 노잼인데
23년은 계속 이런거잖아?",After Lap,,"23년은 대체 어케 버틴거냐? 맥라렌 너무 빨라서 크루징하니까 노잼인데
23년은 계속 이런거잖아?",23년은 대체 어케 버틴거냐? 맥라렌 너무 빨라서 크루징하니까 노잼인데 23년은 계속 이런거잖아?,0.06090410798788071,0.3012480139732361,0.20456790924072266,0.16480422019958496,0.188613623380661,0.07986212521791458
2024-09-22 22:51:43,근데 피아스트리 5그리드 출발인데 잘했네,- dc official App,After Lap,,근데 피아스트리 5그리드 출발인데 잘했네 - dc official App,근데 피아스트리 5그리드 출발인데 잘했네 - dc official App,0.6908981800079346,0.11864208430051804,0.07437114417552948,0.051143839955329895,0.03761325404047966,0.027331415563821793
2024-09-22 22:51:43,실시간 개좆된 엪붕이들,"다음경기 미국 새벽 4시
다다음경기 멕시코 세벽 5시
시간대 개씨발ㅋㅋㅋㅋ",After Lap,,"실시간 개좆된 엪붕이들 다음경기 미국 새벽 4시
다다음경기 멕시코 세벽 5시
시간대 개씨발ㅋㅋㅋㅋ",실시간 개좆된 엪붕이들 다음경기 미국 새벽 4시 다다음경기 멕시코 세벽 5시 시간대 개씨발ㅋㅋㅋㅋ,0.1115107461810112,0.22302907705307007,0.13553300499916077,0.2861310541629791,0.17259353399276733,0.07120261341333389
2024-09-22 22:51:45,노리스 저 새끼 레이스 끝나니까 더 못생겨졌네,와.. 와꾸 살발하네,After Lap,,노리스 저 새끼 레이스 끝나니까 더 못생겨졌네 와.. 와꾸 살발하네,노리스 저 새끼 레이스 끝나니까 더 못생겨졌네 와.. 와꾸 살발하네,0.11904998868703842,0.16469484567642212,0.3187314569950104,0.1884898543357849,0.07658173143863678,0.1324521005153656
2024-09-22 22:51:45,헝가리때 하던 소리가 진짜 현실이 될수도 있겠는데,우승양보로 월챔 날리는거 가능성 있을지도..?,After Lap,,헝가리때 하던 소리가 진짜 현실이 될수도 있겠는데 우승양보로 월챔 날리는거 가능성 있을지도..?,헝가리때 하던 소리가 진짜 현실이 될수도 있겠는데 우승양보로 월챔 날리는거 가능성 있을지도..?,0.13207098841667175,0.2103043645620346,0.35226911306381226,0.11578144133090973,0.06335482001304626,0.12621934711933136
2024-09-22 22:51:47,피아스트리가 내년 르끌과 드챔 라이벌각이네,피아스트리 여유가 넘친다,After Lap,,피아스트리가 내년 르끌과 드챔 라이벌각이네 피아스트리 여유가 넘친다,피아스트리가 내년 르끌과 드챔 라이벌각이네 피아스트리 여유가 넘친다,0.34146425127983093,0.21240200102329254,0.24590587615966797,0.08084724843502045,0.04248141497373581,0.07689917832612991
2024-09-22 22:51:47,자 이제 1달간 휴식~,10/19 오전6시 미국 그랑프리 스프린트 그랑프리에 돌아옵니다,After Lap,,자 이제 1달간 휴식~ 10/19 오전6시 미국 그랑프리 스프린트 그랑프리에 돌아옵니다,자 이제 1달간 휴식~ 10/19 오전6시 미국 그랑프리 스프린트 그랑프리에 돌아옵니다,0.6265494227409363,0.1419663429260254,0.08482182770967484,0.067092165350914,0.04917991906404495,0.030390305444598198
2024-09-22 22:51:49,"Thank you, Daniel Riccardo",- dc official App,After Lap,,"Thank you, Daniel Riccardo - dc official App","Thank you, Daniel Riccardo - dc official App",0.6841296553611755,0.12456566095352173,0.06441143155097961,0.054206691682338715,0.04319261386990547,0.029493913054466248
2024-09-22 22:51:49,싱가폴은 세카 안나오면 진짜 시체네,지금까지 세카가 계속 나오니까 재밌었는데 시발 노잼이네,After Lap,,싱가폴은 세카 안나오면 진짜 시체네 지금까지 세카가 계속 나오니까 재밌었는데 시발 노잼이네,싱가폴은 세카 안나오면 진짜 시체네 지금까지 세카가 계속 나오니까 재밌었는데 시발 노잼이네,0.13262997567653656,0.3174948990345001,0.12699083983898163,0.19200263917446136,0.1597842425107956,0.07109733670949936
2024-09-22 22:51:52,네모형 입갤 ㅋㅋㅋㅋ,,After Lap,,네모형 입갤 ㅋㅋㅋㅋ ,네모형 입갤 ㅋㅋㅋㅋ,0.6976436376571655,0.11101289838552475,0.07607793062925339,0.05413661152124405,0.0329524502158165,0.02817649394273758
2024-09-22 22:51:54,크루징 ← 누가해도 재미없는 개씨발 JOAT ㅋㅋㅋ,,After Lap,,크루징 ← 누가해도 재미없는 개씨발 JOAT ㅋㅋㅋ ,크루징 ← 누가해도 재미없는 개씨발 JOAT ㅋㅋㅋ,0.13394612073898315,0.25541940331459045,0.11749669164419174,0.2521883249282837,0.1836293339729309,0.057320065796375275
2024-09-22 22:51:56,갤주ㅋㅋㅋㅋㅋㅋㅋㅋ,ㅋㅋㅋ,After Lap,,갤주ㅋㅋㅋㅋㅋㅋㅋㅋ ㅋㅋㅋ,갤주ㅋㅋㅋㅋㅋㅋㅋㅋ ㅋㅋㅋ,0.6925901174545288,0.11930499970912933,0.07355789840221405,0.05723702162504196,0.032928720116615295,0.024381186813116074
2024-09-22 22:51:58,역대급 간지ㄷㄷㄷㄷ,- dc official App,After Lap,,역대급 간지ㄷㄷㄷㄷ - dc official App,역대급 간지ㄷㄷㄷㄷ - dc official App,0.5944778323173523,0.15474776923656464,0.12285946309566498,0.060542915016412735,0.028163576498627663,0.03920849785208702
2024-09-22 22:51:59,갤주님 입갤ㅋㅋ,,After Lap,,갤주님 입갤ㅋㅋ ,갤주님 입갤ㅋㅋ,0.6852783560752869,0.11719205230474472,0.07442686706781387,0.055743150413036346,0.03624861314892769,0.03111100383102894
2024-09-22 22:52:00,노황 진짜 씹간지네,,After Lap,,노황 진짜 씹간지네 ,노황 진짜 씹간지네,0.10317546874284744,0.20302850008010864,0.2639944553375244,0.19010785222053528,0.09343592077493668,0.14625778794288635
2024-09-22 22:52:02,갤주님 입갤ㅋㅋㅋㅋ,,After Lap,,갤주님 입갤ㅋㅋㅋㅋ ,갤주님 입갤ㅋㅋㅋㅋ,0.696592390537262,0.11332546919584274,0.07150713354349136,0.0540209636092186,0.03532010316848755,0.02923392690718174
2024-09-22 22:52:03,리카도 짤리는거 확정임? 케로말 들으니까 의미심장한데,ㅇㅇ,After Lap,,리카도 짤리는거 확정임? 케로말 들으니까 의미심장한데 ㅇㅇ,리카도 짤리는거 확정임? 케로말 들으니까 의미심장한데 ㅇㅇ,0.1742669641971588,0.20246724784374237,0.3477564752101898,0.09819021075963974,0.05907583236694336,0.11824321001768112
2024-09-22 22:52:03,갤주입갤 ㅋㅋㅋㅋㅋㅋ,ㅋㅋㅋㅋ,After Lap,,갤주입갤 ㅋㅋㅋㅋㅋㅋ ㅋㅋㅋㅋ,갤주입갤 ㅋㅋㅋㅋㅋㅋ ㅋㅋㅋㅋ,0.7082877159118652,0.11043049395084381,0.06974538415670395,0.0563262403011322,0.03212029114365578,0.023089854046702385
2024-09-22 22:52:09,갤주님 입개르 ㅋㅋㅋㅋㅋㅋㅋ,ㅋㅋㅋㅋㅅㅂ,After Lap,,갤주님 입개르 ㅋㅋㅋㅋㅋㅋㅋ ㅋㅋㅋㅋㅅㅂ,갤주님 입개르 ㅋㅋㅋㅋㅋㅋㅋ ㅋㅋㅋㅋㅅㅂ,0.4992034137248993,0.16758492588996887,0.07602594047784805,0.1450650691986084,0.07723474502563477,0.034885942935943604
2024-09-22 22:52:11,머여.. 이제 F1 쉼?,언제 다시 시작함?,After Lap,,머여.. 이제 F1 쉼? 언제 다시 시작함?,머여.. 이제 F1 쉼? 언제 다시 시작함?,0.14966967701911926,0.2346806824207306,0.334216445684433,0.10488054901361465,0.064667709171772,0.11188497394323349
2024-09-22 22:52:14,갤주입갤ㅋㅋㅋ,- dc official App,After Lap,,갤주입갤ㅋㅋㅋ - dc official App,갤주입갤ㅋㅋㅋ - dc official App,0.6980435848236084,0.11088741570711136,0.07710792124271393,0.05769430473446846,0.03186045587062836,0.024406351149082184
2024-09-22 22:52:15,바쿠같은 시가지서킷은 못 만듬?,바쿠는 체황 사고전도 재밌엏ㅇ는데,After Lap,,바쿠같은 시가지서킷은 못 만듬? 바쿠는 체황 사고전도 재밌엏ㅇ는데,바쿠같은 시가지서킷은 못 만듬? 바쿠는 체황 사고전도 재밌엏ㅇ는데,0.1468159258365631,0.3027608096599579,0.2495420128107071,0.1345313936471939,0.09384791553020477,0.07250199466943741
2024-09-22 22:52:16,결국 대런 DOTD ㅋㅋㅋㅋㅋㅋㅋㅋㅋㅋ,그리울겁니다..GOAT,After Lap,,결국 대런 DOTD ㅋㅋㅋㅋㅋㅋㅋㅋㅋㅋ 그리울겁니다..GOAT,결국 대런 DOTD ㅋㅋㅋㅋㅋㅋㅋㅋㅋㅋ 그리울겁니다..GOAT,0.6598300933837891,0.12302228808403015,0.06581015139818192,0.06750566512346268,0.05247858911752701,0.03135327622294426
2024-09-22 22:52:17,이거<-부활해야하면 개추ㅋㅋ,"29초고 뭐고 DRS 4개고 뭐고 ㅗㅋㅋ
- ORACLE RED BULL RACING RB20",After Lap,,"이거<-부활해야하면 개추ㅋㅋ 29초고 뭐고 DRS 4개고 뭐고 ㅗㅋㅋ
- ORACLE RED BULL RACING RB20",이거<-부활해야하면 개추ㅋㅋ 29초고 뭐고 DRS 4개고 뭐고 ㅗㅋㅋ - ORACLE RED BULL RACING RB20,0.5657064318656921,0.14164796471595764,0.09588692337274551,0.10994868725538254,0.04928416758775711,0.03752588853240013
2024-09-22 22:52:18,시즌중에 위닝카가 바뀐 경우가 흔하냐?,전반기 후반기로 나눠서 봐야겠네 2024 시즌은,After Lap,,시즌중에 위닝카가 바뀐 경우가 흔하냐? 전반기 후반기로 나눠서 봐야겠네 2024 시즌은,시즌중에 위닝카가 바뀐 경우가 흔하냐? 전반기 후반기로 나눠서 봐야겠네 2024 시즌은,0.1463930606842041,0.24377325177192688,0.3401922583580017,0.1125384122133255,0.06610982865095139,0.09099316596984863
2024-09-22 22:52:22,역대급 간지 ㅋㅋㅋㅋ,"ㅋㅋ
- dc official App",After Lap,,"역대급 간지 ㅋㅋㅋㅋ ㅋㅋ
- dc official App",역대급 간지 ㅋㅋㅋㅋ ㅋㅋ,0.6838763952255249,0.1256159245967865,0.07550807297229767,0.05675855651497841,0.03206604719161987,0.026174915954470634
2024-09-22 22:52:22,사무치게 그립읍니다..,,After Lap,,사무치게 그립읍니다.. ,사무치게 그립읍니다..,0.22875142097473145,0.22883367538452148,0.14418481290340424,0.13280464708805084,0.19592034816741943,0.06950505077838898
2024-09-22 22:52:23,이거 기대중인 몽골견들 모여볼까?,- dc official App,After Lap,,이거 기대중인 몽골견들 모여볼까? - dc official App,이거 기대중인 몽골견들 모여볼까? - dc official App,0.5181860327720642,0.1722022444009781,0.15612302720546722,0.07008801400661469,0.039299868047237396,0.04410082846879959
2024-09-22 22:52:24,빨리 인터라고스나 쳐보고싶네,,After Lap,,빨리 인터라고스나 쳐보고싶네 ,빨리 인터라고스나 쳐보고싶네,0.20503097772598267,0.24317090213298798,0.12536115944385529,0.23454919457435608,0.13915537297725677,0.05273238196969032
2024-09-22 22:52:24,오늘 모나코보다 재미가 없노,,After Lap,,오늘 모나코보다 재미가 없노 ,오늘 모나코보다 재미가 없노,0.14160308241844177,0.32857900857925415,0.1400066316127777,0.15957169234752655,0.16975101828575134,0.060488589107990265
2024-09-22 22:52:28,RB 가을방학 숙제 알려준다 다 해와라,"전략팀 교체
스타트때 좆같이 느린거 개선
리카르도 해고 로슨 영입
체코 콜업 유키 레드불로 샌드다운
이상.",After Lap,,"RB 가을방학 숙제 알려준다 다 해와라 전략팀 교체
스타트때 좆같이 느린거 개선
리카르도 해고 로슨 영입
체코 콜업 유키 레드불로 샌드다운
이상.",RB 가을방학 숙제 알려준다 다 해와라 전략팀 교체 스타트때 좆같이 느린거 개선 리카르도 해고 로슨 영입 체코 콜업 유키 레드불로 샌드다운 이상.,0.2569430470466614,0.23304714262485504,0.19572697579860687,0.12557697296142578,0.13098493218421936,0.05772099643945694
2024-09-22 22:52:30,오늘 은근 잘한 새끼들,그러게 어제 정신 좀 차리지,After Lap,,오늘 은근 잘한 새끼들 그러게 어제 정신 좀 차리지,오늘 은근 잘한 새끼들 그러게 어제 정신 좀 차리지,0.11818122863769531,0.24515941739082336,0.15239661931991577,0.24165202677249908,0.15794163942337036,0.08466903120279312
2024-09-22 22:52:30,그러니까 이런 JOAT 레이싱 이후로 1달을 쉰다는거죠?,악,After Lap,,그러니까 이런 JOAT 레이싱 이후로 1달을 쉰다는거죠? 악,그러니까 이런 JOAT 레이싱 이후로 1달을 쉰다는거죠? 악,0.11608725786209106,0.27755844593048096,0.15330469608306885,0.19087129831314087,0.17882563173770905,0.08335264772176743
2024-09-22 22:52:31,차만 타면 되는 색기들이,"딸깍만 하면 되는 놈들아
입다물고 1년에 48 번 경기해라
3 주 휴식이 무슨말이냐",After Lap,,"차만 타면 되는 색기들이 딸깍만 하면 되는 놈들아
입다물고 1년에 48 번 경기해라
3 주 휴식이 무슨말이냐",차만 타면 되는 색기들이 딸깍만 하면 되는 놈들아 입다물고 1년에 48 번 경기해라 3 주 휴식이 무슨말이냐,0.11065162718296051,0.1909193992614746,0.14807899296283722,0.3161992132663727,0.1843341439962387,0.049816686660051346
2024-09-22 22:52:37,❗+❗+오늘 경기 요약❗+❗+,,After Lap,,❗+❗+오늘 경기 요약❗+❗+ ,❗+❗+오늘 경기 요약❗+❗+,0.6963449716567993,0.1247398778796196,0.05772468447685242,0.058534324169158936,0.03994496911764145,0.022711165249347687
2024-09-22 22:52:39,병신,,After Lap,,병신 ,병신,0.35982221364974976,0.24140624701976776,0.167322039604187,0.12579727172851562,0.054076120257377625,0.051576096564531326
2024-09-22 22:52:41,F?,,After Lap,,F? ,F?,0.16340939700603485,0.23469923436641693,0.3322412967681885,0.11321290582418442,0.06850776076316833,0.08792941272258759
2024-09-22 22:52:41,피아제 괜찮냐?,- dc official App,After Lap,,피아제 괜찮냐? - dc official App,피아제 괜찮냐? - dc official App,0.2906791567802429,0.2137102633714676,0.28320732712745667,0.08393034338951111,0.0593908354640007,0.06908205896615982
2024-09-22 22:52:43,노리스가 드챔 우승할 경우의 수,"Gpt 왈
랜도 스프린트/레이스 전승 경우",After Lap,,"노리스가 드챔 우승할 경우의 수 Gpt 왈
랜도 스프린트/레이스 전승 경우",노리스가 드챔 우승할 경우의 수 Gpt 왈 랜도 스프린트/레이스 전승 경우,0.417367160320282,0.1961641162633896,0.19880859553813934,0.08580873906612396,0.05172092840075493,0.05013047531247139
2024-09-22 22:52:47,f1은 확실히 드라이버가 아니라 차빨이구나,"몽골 22 23년도에 무슨 goat니 뭐니 하면서 빨릴때는 그냥 이새끼가 잘하는건가 싶었는데
막상 맥라렌 업데이트 존나 성공하고 레드불 개병신되고나서 보니 그냥 몽골이 잘한게 아니였다는게 느껴짐ㅋㅋ 병신",After Lap,,"f1은 확실히 드라이버가 아니라 차빨이구나 몽골 22 23년도에 무슨 goat니 뭐니 하면서 빨릴때는 그냥 이새끼가 잘하는건가 싶었는데
막상 맥라렌 업데이트 존나 성공하고 레드불 개병신되고나서 보니 그냥 몽골이 잘한게 아니였다는게 느껴짐ㅋㅋ 병신",f1은 확실히 드라이버가 아니라 차빨이구나 몽골 22 23년도에 무슨 goat니 뭐니 하면서 빨릴때는 그냥 이새끼가 잘하는건가 싶었는데 막상 맥라렌 업데이트 존나 성공하고 레드불 개병신되고나서 보니 그냥 몽골이 잘한게 아니였다는게 느껴짐ㅋㅋ 병신,0.07151181995868683,0.1871912032365799,0.24591444432735443,0.2399335652589798,0.15515410900115967,0.10029478371143341
2024-09-22 22:52:46,오늘의 승리자.jpg,"작년 직관러
- dc official App",After Lap,,"오늘의 승리자.jpg 작년 직관러
- dc official App",오늘의 승리자.jpg 작년 직관러,0.6981584429740906,0.11686480045318604,0.05594890937209129,0.05491883307695389,0.045151036232709885,0.02895796112716198
2024-09-22 22:52:48,미국 그랑프리 꿀잼임?,"새벽 4시까지 안자며 볼 가치 있음?
- dc official App",After Lap,,"미국 그랑프리 꿀잼임? 새벽 4시까지 안자며 볼 가치 있음?
- dc official App",미국 그랑프리 꿀잼임? 새벽 4시까지 안자며 볼 가치 있음?,0.1735810488462448,0.24197238683700562,0.32386431097984314,0.1056697741150856,0.06073404476046562,0.0941784456372261
2024-09-22 22:52:56,오늘 레드불이랑 몽골 나쁘지 않았네,퀄리랑 레이스 둘다 괜찮게 했다 얘네는,After Lap,,오늘 레드불이랑 몽골 나쁘지 않았네 퀄리랑 레이스 둘다 괜찮게 했다 얘네는,오늘 레드불이랑 몽골 나쁘지 않았네 퀄리랑 레이스 둘다 괜찮게 했다 얘네는,0.5299041867256165,0.19542522728443146,0.0987226590514183,0.06561069190502167,0.06466750800609589,0.04566972702741623
2024-09-22 22:53:01,물탕이 지 일 아니라고 막 얘기하노 ㅋㅋㅋ,,After Lap,,물탕이 지 일 아니라고 막 얘기하노 ㅋㅋㅋ ,물탕이 지 일 아니라고 막 얘기하노 ㅋㅋㅋ,0.10777118802070618,0.23480069637298584,0.21760666370391846,0.23394805192947388,0.1082746759057045,0.09759871661663055
2024-09-22 22:53:09,리카도 가슴쓰리다,"우야겠노
느린 사람한테 자리는 없다
그동안 즐거웠다
건강해라...",After Lap,,"리카도 가슴쓰리다 우야겠노
느린 사람한테 자리는 없다
그동안 즐거웠다
건강해라...",리카도 가슴쓰리다 우야겠노 느린 사람한테 자리는 없다 그동안 즐거웠다 건강해라...,0.26216480135917664,0.23236174881458282,0.17071011662483215,0.10304059088230133,0.1379372626543045,0.09378544986248016
2024-09-22 22:53:20,고생하셨습니다 No.3 D.Ricciardo,행복해 형,After Lap,,고생하셨습니다 No.3 D.Ricciardo 행복해 형,고생하셨습니다 No.3 D.Ricciardo 행복해 형,0.6524732708930969,0.13170334696769714,0.06802460551261902,0.059103332459926605,0.054866574704647064,0.03382894769310951
2024-09-22 22:53:22,내일 레드불 다캐 받을 생각하고 있는 엡붕이들 개추ㅋㅋㅋ,"킹팡플레이의 은총 받을 생각하면서 이악물고 중계 안끄기ㅋㅋㅋㅋ
- dc official App",After Lap,,"내일 레드불 다캐 받을 생각하고 있는 엡붕이들 개추ㅋㅋㅋ 킹팡플레이의 은총 받을 생각하면서 이악물고 중계 안끄기ㅋㅋㅋㅋ
- dc official App",내일 레드불 다캐 받을 생각하고 있는 엡붕이들 개추ㅋㅋㅋ 킹팡플레이의 은총 받을 생각하면서 이악물고 중계 안끄기ㅋㅋㅋㅋ,0.6526508331298828,0.1250305026769638,0.07352314889431,0.06787434965372086,0.043338458985090256,0.037582702934741974
2024-09-22 22:53:22,그러면 6경기 3스프린트 남았나?,"못 따라잡을 격차는 아닌데
노리스 한 번이라도 막스 포인트 못 따라잡는 순간 날아가겠네",After Lap,,"그러면 6경기 3스프린트 남았나? 못 따라잡을 격차는 아닌데
노리스 한 번이라도 막스 포인트 못 따라잡는 순간 날아가겠네",그러면 6경기 3스프린트 남았나? 못 따라잡을 격차는 아닌데 노리스 한 번이라도 막스 포인트 못 따라잡는 순간 날아가겠네,0.11929909884929657,0.22146354615688324,0.3534516394138336,0.1061273142695427,0.0737219750881195,0.125936359167099
2024-09-22 22:53:25,리카도는 마지막에 노리스한테 똥뿌리고 가네 ㅋㅋㅋㅋㅋ,맥라렌에서의 복수다 ㅋㅋㅋㅋㅋㅋㅋㅋㅋㅋㅋㅋ,After Lap,,리카도는 마지막에 노리스한테 똥뿌리고 가네 ㅋㅋㅋㅋㅋ 맥라렌에서의 복수다 ㅋㅋㅋㅋㅋㅋㅋㅋㅋㅋㅋㅋ,리카도는 마지막에 노리스한테 똥뿌리고 가네 ㅋㅋㅋㅋㅋ 맥라렌에서의 복수다 ㅋㅋㅋㅋㅋㅋㅋㅋㅋㅋㅋㅋ,0.15463238954544067,0.2345523238182068,0.18007716536521912,0.22078213095664978,0.10586167871952057,0.10409434884786606
2024-09-22 22:53:24,시발 이제 한달동안 뭐하나,,After Lap,,시발 이제 한달동안 뭐하나 ,시발 이제 한달동안 뭐하나,0.1575116217136383,0.2146836817264557,0.12462607771158218,0.24259793758392334,0.21718880534172058,0.043391838669776917
2024-09-22 22:53:28,작년엔 싱가포르가 대유잼이였는데,올해는 반대네 ㅋㅋ,After Lap,,작년엔 싱가포르가 대유잼이였는데 올해는 반대네 ㅋㅋ,작년엔 싱가포르가 대유잼이였는데 올해는 반대네 ㅋㅋ,0.1714341640472412,0.3537510633468628,0.18892914056777954,0.12308738380670547,0.0908847376704216,0.0719134509563446
2024-09-22 22:53:26,버거 당첨자 발표,"막스 싫어한다고 단 애도 한명있는데 걍 줌
오픈카톡 남겨줘
그리너네들경기시작하니까베르스타펜욕하는거내가다봤다밤길조심해라
샤워하고 나올때 까지 댓글 안달려있으면 재추첨함
- dc official App",After Lap,,"버거 당첨자 발표 막스 싫어한다고 단 애도 한명있는데 걍 줌
오픈카톡 남겨줘
그리너네들경기시작하니까베르스타펜욕하는거내가다봤다밤길조심해라
샤워하고 나올때 까지 댓글 안달려있으면 재추첨함
- dc official App",버거 당첨자 발표 막스 싫어한다고 단 애도 한명있는데 걍 줌 오픈카톡 남겨줘 그리너네들경기시작하니까베르스타펜욕하는거내가다봤다밤길조심해라 샤워하고 나올때 까지 댓글 안달려있으면 재추첨함,0.08795467019081116,0.225591778755188,0.2143065631389618,0.16841727495193481,0.17111822962760925,0.1326114684343338
2024-09-22 22:53:38,노리스에게 지금 가장 아른거리는 포인트는...??,"1. 오스트리아 리타이어
2. 헝가리 양보",After Lap,,"노리스에게 지금 가장 아른거리는 포인트는...?? 1. 오스트리아 리타이어
2. 헝가리 양보",노리스에게 지금 가장 아른거리는 포인트는...?? 1. 오스트리아 리타이어 2. 헝가리 양보,0.43393322825431824,0.21261869370937347,0.1690409779548645,0.07603972405195236,0.055292222648859024,0.05307517573237419
2024-09-22 22:53:39,또 한달정도 방학 지나면 잘할것 같은 팀,몬짜를 다시 보고싶다노,After Lap,,또 한달정도 방학 지나면 잘할것 같은 팀 몬짜를 다시 보고싶다노,또 한달정도 방학 지나면 잘할것 같은 팀 몬짜를 다시 보고싶다노,0.24182742834091187,0.2935957908630371,0.1592952311038971,0.1105433776974678,0.11314708739519119,0.08159109950065613
2024-09-22 22:53:37,오늘 경기요약,"하 하 하
- dc official App",After Lap,,"오늘 경기요약 하 하 하
- dc official App",오늘 경기요약 하 하 하,0.6896931529045105,0.1202666237950325,0.05835121497511864,0.0646776333451271,0.04355132207274437,0.023459983989596367
2024-09-22 22:53:43,대런의 마지막 레이스,"소미소 전략 사보타주
2초 뒤에 있는 유키한테 팀오더로 비켜줌
마지막에 포인트도 못었는데 막스 때문에 패랩 시도",After Lap,,"대런의 마지막 레이스 소미소 전략 사보타주
2초 뒤에 있는 유키한테 팀오더로 비켜줌
마지막에 포인트도 못었는데 막스 때문에 패랩 시도",대런의 마지막 레이스 소미소 전략 사보타주 2초 뒤에 있는 유키한테 팀오더로 비켜줌 마지막에 포인트도 못었는데 막스 때문에 패랩 시도,0.19326373934745789,0.3437258303165436,0.19709885120391846,0.1127491220831871,0.08408452570438385,0.06907792389392853
2024-09-22 22:53:45,유입 ㄹㅇ 궁금한 거...jpg,이새끼 어케 버팀?,After Lap,,유입 ㄹㅇ 궁금한 거...jpg 이새끼 어케 버팀?,유입 ㄹㅇ 궁금한 거...jpg 이새끼 어케 버팀?,0.14308147132396698,0.2038855254650116,0.3456195890903473,0.12061180919408798,0.0574563667178154,0.12934529781341553
2024-09-22 22:53:49,리카도 ㅃㅃㅇ임?,ㅈㄱㄴ,After Lap,,리카도 ㅃㅃㅇ임? ㅈㄱㄴ,리카도 ㅃㅃㅇ임? ㅈㄱㄴ,0.11236793547868729,0.34540003538131714,0.15078860521316528,0.16428996622562408,0.14780059456825256,0.07935281842947006
2024-09-22 22:53:51,하늘에선 슈마허와 함꼐 행복한 드라이브 하시길,아디오스,After Lap,,하늘에선 슈마허와 함꼐 행복한 드라이브 하시길 아디오스,하늘에선 슈마허와 함꼐 행복한 드라이브 하시길 아디오스,0.5229192972183228,0.16235485672950745,0.09604299813508987,0.07628405839204788,0.0874444767832756,0.054954301565885544
2024-09-22 22:53:52,씨발 이새끼들 왜 방학 한 번 더함,과로사할때까지 레이스하라고.,After Lap,,씨발 이새끼들 왜 방학 한 번 더함 과로사할때까지 레이스하라고.,씨발 이새끼들 왜 방학 한 번 더함 과로사할때까지 레이스하라고.,0.14397485554218292,0.17695583403110504,0.11257580667734146,0.3327184021472931,0.19249480962753296,0.041280362755060196
2024-09-22 22:53:54,ㅅㅂ 오늘레이스는 진짜 뉴비절단기다,개씹좆노잼,After Lap,,ㅅㅂ 오늘레이스는 진짜 뉴비절단기다 개씹좆노잼,ㅅㅂ 오늘레이스는 진짜 뉴비절단기다 개씹좆노잼,0.12032044678926468,0.27626389265060425,0.13643194735050201,0.22457383573055267,0.18292619287967682,0.05948370695114136
2024-09-22 22:53:54,와 담달까지 어케기다려,"너무멀어
- dc official App",After Lap,,"와 담달까지 어케기다려 너무멀어
- dc official App",와 담달까지 어케기다려 너무멀어,0.13035017251968384,0.30471327900886536,0.23015864193439484,0.1239224448800087,0.1293647289276123,0.08149076253175735
2024-09-22 22:53:55,체코는 이제 짤라야 하지 않냐,"지금이라도 짜르고
츠노다 올려라",After Lap,,"체코는 이제 짤라야 하지 않냐 지금이라도 짜르고
츠노다 올려라",체코는 이제 짤라야 하지 않냐 지금이라도 짜르고 츠노다 올려라,0.07380465418100357,0.25432297587394714,0.1936347633600235,0.19108173251152039,0.23775668442249298,0.04939917474985123
2024-09-22 22:54:00,100% 셒카가 지네…,"이게지네..
- dc official App",After Lap,,"100% 셒카가 지네… 이게지네..
- dc official App",100% 셒카가 지네… 이게지네..,0.11237587779760361,0.33317115902900696,0.20998834073543549,0.12392912060022354,0.12953999638557434,0.09099556505680084
2024-09-22 22:54:08,맥라렌견이긴한데 서킷 시발부숴야됨 개노잼,"ㄹㅇ
맥라렌팬이라 기분좋은데 서킷이 너무 노잼이라 졸면서봄 마지막 르끌러쎌 배틀하나 재미있었다 ㄹㅇ",After Lap,,"맥라렌견이긴한데 서킷 시발부숴야됨 개노잼 ㄹㅇ
맥라렌팬이라 기분좋은데 서킷이 너무 노잼이라 졸면서봄 마지막 르끌러쎌 배틀하나 재미있었다 ㄹㅇ",맥라렌견이긴한데 서킷 시발부숴야됨 개노잼 ㄹㅇ 맥라렌팬이라 기분좋은데 서킷이 너무 노잼이라 졸면서봄 마지막 르끌러쎌 배틀하나 재미있었다 ㄹㅇ,0.15197913348674774,0.28720223903656006,0.12081456184387207,0.21527576446533203,0.16959474980831146,0.05513355880975723
2024-09-22 22:54:10,개좆노잼이였다고?,그건 니가,After Lap,,개좆노잼이였다고? 그건 니가,개좆노잼이였다고? 그건 니가,0.09611400216817856,0.22682981193065643,0.22393161058425903,0.23593223094940186,0.13491863012313843,0.0822736918926239
2024-09-22 22:54:12,❕+❕+슬슬 이새끼도 올려야지?❕+❕+,어 나야 ㅋㅋ,After Lap,,❕+❕+슬슬 이새끼도 올려야지?❕+❕+ 어 나야 ㅋㅋ,❕+❕+슬슬 이새끼도 올려야지?❕+❕+ 어 나야 ㅋㅋ,0.4542105197906494,0.1854897439479828,0.11550247669219971,0.13452675938606262,0.06197619065642357,0.04829435050487518
2024-09-22 22:54:17,이러면 몽골 드챔 유력하나?,앞으로 노리스가 쭉 1등 몽골 2~3등해도 안대나?,After Lap,,이러면 몽골 드챔 유력하나? 앞으로 노리스가 쭉 1등 몽골 2~3등해도 안대나?,이러면 몽골 드챔 유력하나? 앞으로 노리스가 쭉 1등 몽골 2~3등해도 안대나?,0.2606312930583954,0.2160448133945465,0.2910430431365967,0.08556642383337021,0.05174580588936806,0.09496854990720749
2024-09-22 22:54:20,ㅈ노잼으로 끝나서 끄고 싶은데,경품 때문에 못 끄고 있네 아오,After Lap,,ㅈ노잼으로 끝나서 끄고 싶은데 경품 때문에 못 끄고 있네 아오,ㅈ노잼으로 끝나서 끄고 싶은데 경품 때문에 못 끄고 있네 아오,0.11521364748477936,0.28304383158683777,0.11510874330997467,0.23206400871276855,0.19325348734855652,0.06131624057888985
2024-09-22 22:54:22,몽골 반짝반짝하노 ㅋㅋㅋ,ㅋㅋㅋ,After Lap,,몽골 반짝반짝하노 ㅋㅋㅋ ㅋㅋㅋ,몽골 반짝반짝하노 ㅋㅋㅋ ㅋㅋㅋ,0.6465524435043335,0.13279707729816437,0.09339897334575653,0.058945007622241974,0.03593520075082779,0.0323713980615139
2024-09-22 22:54:23,리카도 개불쌍해,"챔피언쉽 컨텐더였는데 퇴장할때 몽골한테 1포인트 주고가는거 왤케 슬프냐
- dc official App",After Lap,,"리카도 개불쌍해 챔피언쉽 컨텐더였는데 퇴장할때 몽골한테 1포인트 주고가는거 왤케 슬프냐
- dc official App",리카도 개불쌍해 챔피언쉽 컨텐더였는데 퇴장할때 몽골한테 1포인트 주고가는거 왤케 슬프냐,0.15483975410461426,0.2347393035888672,0.22089238464832306,0.14159424602985382,0.1633685678243637,0.08456572890281677
2024-09-22 22:54:28,본질 이번이 마지막 시즌이라고 했나?,1시즌을 리카도로 열고 마지막 시즌 마무리는 리카도로 하는거냐?,After Lap,,본질 이번이 마지막 시즌이라고 했나? 1시즌을 리카도로 열고 마지막 시즌 마무리는 리카도로 하는거냐?,본질 이번이 마지막 시즌이라고 했나? 1시즌을 리카도로 열고 마지막 시즌 마무리는 리카도로 하는거냐?,0.09916488081216812,0.27472904324531555,0.3020310699939728,0.1306529939174652,0.12432724982500076,0.06909476965665817
2024-09-22 22:54:32,대런 좆 박은거 보고 토했다.,"시이발
- dc official App",After Lap,,"대런 좆 박은거 보고 토했다. 시이발
- dc official App",대런 좆 박은거 보고 토했다. 시이발,0.14196106791496277,0.15395797789096832,0.13979490101337433,0.30790215730667114,0.20088593661785126,0.055497948080301285
2024-09-22 22:54:33,"""병신""","""병신""
""GOAT""",After Lap,,"""병신"" ""병신""
""GOAT""","""병신"" ""병신"" ""GOAT""",0.5863606333732605,0.15232424437999725,0.11814337968826294,0.07127412408590317,0.04341115802526474,0.02848648838698864
2024-09-22 22:54:35,막스 표정 좋네ㅋㅋㅋㅋ,1포인트라도 덜 좁힌게 어디임ㅋㅋㅋㅋ,After Lap,,막스 표정 좋네ㅋㅋㅋㅋ 1포인트라도 덜 좁힌게 어디임ㅋㅋㅋㅋ,막스 표정 좋네ㅋㅋㅋㅋ 1포인트라도 덜 좁힌게 어디임ㅋㅋㅋㅋ,0.6304357051849365,0.1440417766571045,0.08348282426595688,0.06386120617389679,0.04008464142680168,0.038093771785497665
2024-09-22 22:54:35,콕핏 엄청 더웠나보네,다들 육수 좔좔이구만,After Lap,,콕핏 엄청 더웠나보네 다들 육수 좔좔이구만,콕핏 엄청 더웠나보네 다들 육수 좔좔이구만,0.1256023347377777,0.2212737649679184,0.29911160469055176,0.13909503817558289,0.0707843154668808,0.14413297176361084
2024-09-22 22:54:36,막스도 존나 지쳐보이노,탈수기 수준이네,After Lap,,막스도 존나 지쳐보이노 탈수기 수준이네,막스도 존나 지쳐보이노 탈수기 수준이네,0.10401762276887894,0.2866668403148651,0.2594325542449951,0.13151107728481293,0.12141303718090057,0.09695881605148315
2024-09-22 22:54:36,저거 우는거냐 땀이냐,,After Lap,,저거 우는거냐 땀이냐 ,저거 우는거냐 땀이냐,0.08919501304626465,0.2716280221939087,0.266439288854599,0.1611335128545761,0.1140383929014206,0.09756578505039215
2024-09-22 22:54:37,니가 내자리를 들어온다고??,"대런…체코 자리 대체…… 레드불 들어오고 어쩌구저쩌구…
야 이 개좆밥새끼야 꺼져 ㅋㅋ",After Lap,,"니가 내자리를 들어온다고?? 대런…체코 자리 대체…… 레드불 들어오고 어쩌구저쩌구…
야 이 개좆밥새끼야 꺼져 ㅋㅋ",니가 내자리를 들어온다고?? 대런…체코 자리 대체…… 레드불 들어오고 어쩌구저쩌구… 야 이 개좆밥새끼야 꺼져 ㅋㅋ,0.11099585890769958,0.17657257616519928,0.1386701613664627,0.3353906571865082,0.17444923520088196,0.0639214739203453
2024-09-22 22:54:38,벌써부터 그리워지네 대런 리치아르도,건치 원툴..,After Lap,,벌써부터 그리워지네 대런 리치아르도 건치 원툴..,벌써부터 그리워지네 대런 리치아르도 건치 원툴..,0.28894180059432983,0.26100316643714905,0.12329688668251038,0.11936680227518082,0.14584067463874817,0.06155063956975937
2024-09-22 22:54:39,페라리 레이스 운영은 나쁘지 않았네,"P5 P7이면 뭐
P9 P10에서 많이 끌어올렸네",After Lap,,"페라리 레이스 운영은 나쁘지 않았네 P5 P7이면 뭐
P9 P10에서 많이 끌어올렸네",페라리 레이스 운영은 나쁘지 않았네 P5 P7이면 뭐 P9 P10에서 많이 끌어올렸네,0.3763037919998169,0.22705648839473724,0.19458156824111938,0.0786132737994194,0.060134533792734146,0.06331022828817368
2024-09-22 22:54:40,왜 내가 보고나선 셒카가 한번도 안나오는걸까,"오스트리아 부터 보기시작한 유입인데 왜 셒카 안나오냐…
- dc official App",After Lap,,"왜 내가 보고나선 셒카가 한번도 안나오는걸까 오스트리아 부터 보기시작한 유입인데 왜 셒카 안나오냐…
- dc official App",왜 내가 보고나선 셒카가 한번도 안나오는걸까 오스트리아 부터 보기시작한 유입인데 왜 셒카 안나오냐…,0.10813809931278229,0.3257606029510498,0.11132310330867767,0.17968551814556122,0.22103670239448547,0.05405600368976593
2024-09-22 22:54:41,오늘 레이스 요약,,After Lap,,오늘 레이스 요약 ,오늘 레이스 요약,0.45247140526771545,0.2093554586172104,0.1577010601758957,0.08297795802354813,0.055017463862895966,0.042476676404476166
2024-09-22 22:54:43,그정도 노잼은 아니었는데;,"ㄹㅇ,,",After Lap,,"그정도 노잼은 아니었는데; ㄹㅇ,,","그정도 노잼은 아니었는데; ㄹㅇ,,",0.0819736197590828,0.3505784869194031,0.1745646744966507,0.16012027859687805,0.1575937718153,0.0751691609621048
2024-09-22 22:54:47,이새끼 그리우면 개추,"진짜 그시절 리카도가 그립네
- dc official App",After Lap,,"이새끼 그리우면 개추 진짜 그시절 리카도가 그립네
- dc official App",이새끼 그리우면 개추 진짜 그시절 리카도가 그립네,0.2606913447380066,0.22899825870990753,0.12758809328079224,0.1664735972881317,0.12654806673526764,0.08970057219266891
2024-09-22 22:54:48,뭐? 1포인트얻는사람이 1등인거 아니었음?,- dc official App,After Lap,,뭐? 1포인트얻는사람이 1등인거 아니었음? - dc official App,뭐? 1포인트얻는사람이 1등인거 아니었음? - dc official App,0.1289159506559372,0.26431041955947876,0.2991860508918762,0.1256706416606903,0.08255957067012787,0.09935732930898666
2024-09-22 22:54:51,그런데 몽골 인생에서 싱가폴 제일 잘탄날 아님?,"ㅋㅋㅋㅋ
- dc official App",After Lap,,"그런데 몽골 인생에서 싱가폴 제일 잘탄날 아님? ㅋㅋㅋㅋ
- dc official App",그런데 몽골 인생에서 싱가폴 제일 잘탄날 아님? ㅋㅋㅋㅋ,0.5716881155967712,0.17110654711723328,0.09783978015184402,0.07249154895544052,0.04203104227781296,0.044843047857284546
2024-09-22 22:54:52,체코 이새낀 ㄹㅇ 안 자르냐ㅋㅋㅋ,"오늘 콜라 기습칭찬에
헐크 끝까지 못 넘은 거
걍 레전드 갱신만 계속하던데ㅋㅋ",After Lap,,"체코 이새낀 ㄹㅇ 안 자르냐ㅋㅋㅋ 오늘 콜라 기습칭찬에
헐크 끝까지 못 넘은 거
걍 레전드 갱신만 계속하던데ㅋㅋ",체코 이새낀 ㄹㅇ 안 자르냐ㅋㅋㅋ 오늘 콜라 기습칭찬에 헐크 끝까지 못 넘은 거 걍 레전드 갱신만 계속하던데ㅋㅋ,0.09566181898117065,0.22346706688404083,0.20666450262069702,0.2485610693693161,0.12202785909175873,0.10361775010824203
2024-09-22 22:54:57,레드불 차 성능 좋은거냐 안좋은거냐,몽골보면 그렇게 안좋진 않은거 같은데 병신이 하스 못넘어가는거보면 차성능 병신인거 같기도 하고,After Lap,,레드불 차 성능 좋은거냐 안좋은거냐 몽골보면 그렇게 안좋진 않은거 같은데 병신이 하스 못넘어가는거보면 차성능 병신인거 같기도 하고,레드불 차 성능 좋은거냐 안좋은거냐 몽골보면 그렇게 안좋진 않은거 같은데 병신이 하스 못넘어가는거보면 차성능 병신인거 같기도 하고,0.07943762093782425,0.21920950710773468,0.35467907786369324,0.14432011544704437,0.10813232511281967,0.09422135353088379
2024-09-22 22:55:05,첫미디엄 오래버틴,피아 르끌 잘 올라갔네,After Lap,,첫미디엄 오래버틴 피아 르끌 잘 올라갔네,첫미디엄 오래버틴 피아 르끌 잘 올라갔네,0.686159610748291,0.12242697179317474,0.06888211518526077,0.04871271178126335,0.04092854633927345,0.032889943569898605
2024-09-22 22:55:08,1위도 2위도 크루징 하니까 진짜 재미없네,"스으으으발
- dc official App",After Lap,,"1위도 2위도 크루징 하니까 진짜 재미없네 스으으으발
- dc official App",1위도 2위도 크루징 하니까 진짜 재미없네 스으으으발,0.13245540857315063,0.24896976351737976,0.09983839094638824,0.24490958452224731,0.22357919812202454,0.05024769529700279
2024-09-22 22:55:13,그래도 페라리 잘 했다,"아파트에서 사람도 안 죽고
적당히 순위도 끌어오르고
퀼리 대비해서는 잘 했지
- dc official App",After Lap,,"그래도 페라리 잘 했다 아파트에서 사람도 안 죽고
적당히 순위도 끌어오르고
퀼리 대비해서는 잘 했지
- dc official App",그래도 페라리 잘 했다 아파트에서 사람도 안 죽고 적당히 순위도 끌어오르고 퀼리 대비해서는 잘 했지,0.5293607115745544,0.18237711489200592,0.08591502159833908,0.07254446297883987,0.08024431765079498,0.0495583638548851
2024-09-22 22:55:17,몽골 혀짧냐,말을 왜저렇게함 발음이 새네줄줄,After Lap,,몽골 혀짧냐 말을 왜저렇게함 발음이 새네줄줄,몽골 혀짧냐 말을 왜저렇게함 발음이 새네줄줄,0.08739988505840302,0.24494428932666779,0.30766451358795166,0.17899206280708313,0.083455890417099,0.09754332154989243
2024-09-22 22:55:18,혼란을 틈타 달린다.jpg,,After Lap,,혼란을 틈타 달린다.jpg ,혼란을 틈타 달린다.jpg,0.6742751002311707,0.12110638618469238,0.07373570650815964,0.06445560604333878,0.04128757864236832,0.02513953670859337
2024-09-22 22:55:18,저 시발놈의 노잼서킷도 사라질일은 없겠지,"워낙 돈이랑 스폰서가 빵빵해서 ㅋㅋ 에휴시발
모나코도 날려야하는데",After Lap,,"저 시발놈의 노잼서킷도 사라질일은 없겠지 워낙 돈이랑 스폰서가 빵빵해서 ㅋㅋ 에휴시발
모나코도 날려야하는데",저 시발놈의 노잼서킷도 사라질일은 없겠지 워낙 돈이랑 스폰서가 빵빵해서 ㅋㅋ 에휴시발 모나코도 날려야하는데,0.09925820678472519,0.194776713848114,0.13313786685466766,0.3009018003940582,0.21673701703548431,0.055188316851854324
2024-09-22 22:55:25,이번 레이스 좆노잼 원인 = 몽골,이 차빨 병신이 스타트 장애 노리스도 못 따고 격차 쭉쭉 벌려줌 ㅋㅋ,After Lap,,이번 레이스 좆노잼 원인 = 몽골 이 차빨 병신이 스타트 장애 노리스도 못 따고 격차 쭉쭉 벌려줌 ㅋㅋ,이번 레이스 좆노잼 원인 = 몽골 이 차빨 병신이 스타트 장애 노리스도 못 따고 격차 쭉쭉 벌려줌 ㅋㅋ,0.09211850166320801,0.28502142429351807,0.19417281448841095,0.20015493035316467,0.15733665227890015,0.07119563966989517
2024-09-22 22:55:29,막스가 살아나긴해서,"드챔경쟁은 좀 재밋어 지겠네
그나마 다행인건가",After Lap,,"막스가 살아나긴해서 드챔경쟁은 좀 재밋어 지겠네
그나마 다행인건가",막스가 살아나긴해서 드챔경쟁은 좀 재밋어 지겠네 그나마 다행인건가,0.32893824577331543,0.2679986357688904,0.18084415793418884,0.08327954262495041,0.08168841153383255,0.057250965386629105
2024-09-22 22:55:38,헐크 유키 넘음,,After Lap,,헐크 유키 넘음 ,헐크 유키 넘음,0.440580278635025,0.20160110294818878,0.1996985822916031,0.06634903699159622,0.029288018122315407,0.06248302757740021
2024-09-22 22:55:44,강점기 올때마다 뉴비들 반응이 늘 똑같아서 재밌음 ㅋㅋㅋㅋ,"메르 강점기
""아니 매 경기마다 햄보막에다 해밀턴은 세바퀴로도 우승을 하네 메르는 대체 무슨 차를 만들어 온거임""
막스 강점기
""아니 막스는 스핀을 하고도 우승을 하고 소프트로 갈아도 우승을 하네 뉴이는 대체 무슨 차를 만들어 온거임""
오늘
""아니 노리스는 하루종일 흔들거리고 벽에 뽀뽀하고도 우승을 하는데 대체 무슨 차를 만들어 온거임""
역사는 과거와 현재의 끊임없는 대화라더니 ㄹㅇ임 ㅋㅋㅋㅋㅋㅋ",After Lap,,"강점기 올때마다 뉴비들 반응이 늘 똑같아서 재밌음 ㅋㅋㅋㅋ 메르 강점기
""아니 매 경기마다 햄보막에다 해밀턴은 세바퀴로도 우승을 하네 메르는 대체 무슨 차를 만들어 온거임""
막스 강점기
""아니 막스는 스핀을 하고도 우승을 하고 소프트로 갈아도 우승을 하네 뉴이는 대체 무슨 차를 만들어 온거임""
오늘
""아니 노리스는 하루종일 흔들거리고 벽에 뽀뽀하고도 우승을 하는데 대체 무슨 차를 만들어 온거임""
역사는 과거와 현재의 끊임없는 대화라더니 ㄹㅇ임 ㅋㅋㅋㅋㅋㅋ","강점기 올때마다 뉴비들 반응이 늘 똑같아서 재밌음 ㅋㅋㅋㅋ 메르 강점기 ""아니 매 경기마다 햄보막에다 해밀턴은 세바퀴로도 우승을 하네 메르는 대체 무슨 차를 만들어 온거임"" 막스 강점기 ""아니 막스는 스핀을 하고도 우승을 하고 소프트로 갈아도 우승을 하네 뉴이는 대체 무슨 차를 만들어 온거임"" 오늘 ""아니 노리스는 하루종일 흔들거리고 벽에 뽀뽀하고도 우승을 하는데 대체 무슨 차를 만들어 온거임"" 역사는 과거와 현재의 끊임없는 대화라더니 ㄹㅇ임 ㅋㅋㅋㅋㅋㅋ",0.4210120439529419,0.18155266344547272,0.18251505494117737,0.10026188939809799,0.0414709746837616,0.07318732142448425
2024-09-22 22:55:46,도련놈 헐크한테 드챔 따임 ㅋㅋ,,After Lap,,도련놈 헐크한테 드챔 따임 ㅋㅋ ,도련놈 헐크한테 드챔 따임 ㅋㅋ,0.37201592326164246,0.26096034049987793,0.14703147113323212,0.10761358588933945,0.05245078355073929,0.05992783606052399
2024-09-22 22:55:49,싱가포르랑 여기랑 비비면 엪알못으로 간주함ㅋㅋ,"어딜감히 레드플랙 발동시킨 Since 1929 역사와 전통의 1랩 GOAT 서킷과 개좆노잼 노근본 크루징원툴을 비빔ㅋㅋ
- ORACLE RED BULL RACING RB20",After Lap,,"싱가포르랑 여기랑 비비면 엪알못으로 간주함ㅋㅋ 어딜감히 레드플랙 발동시킨 Since 1929 역사와 전통의 1랩 GOAT 서킷과 개좆노잼 노근본 크루징원툴을 비빔ㅋㅋ
- ORACLE RED BULL RACING RB20",싱가포르랑 여기랑 비비면 엪알못으로 간주함ㅋㅋ 어딜감히 레드플랙 발동시킨 Since 1929 역사와 전통의 1랩 GOAT 서킷과 개좆노잼 노근본 크루징원툴을 비빔ㅋㅋ - ORACLE RED BULL RACING RB20,0.08105488121509552,0.20187711715698242,0.27477651834487915,0.2351379543542862,0.12041015177965164,0.08674334734678268
2024-09-22 22:55:50,일본 그랑프리 빨리하니 한달 쉬네 애미뒤졌노 ㅡㅡ,뭔데 시발,After Lap,,일본 그랑프리 빨리하니 한달 쉬네 애미뒤졌노 ㅡㅡ 뭔데 시발,일본 그랑프리 빨리하니 한달 쉬네 애미뒤졌노 ㅡㅡ 뭔데 시발,0.11766212433576584,0.1919107884168625,0.12972140312194824,0.32396504282951355,0.1875848025083542,0.04915584623813629
2024-09-22 22:55:56,쉬고온다=아이싱을 키며,,After Lap,,쉬고온다=아이싱을 키며 ,쉬고온다=아이싱을 키며,0.29258304834365845,0.2689943313598633,0.17474783957004547,0.12159661948680878,0.08789390325546265,0.05418423190712929
2024-09-22 22:55:58,챗 지피티 피셜 노리스 드챔확률,10퍼 따리 ㅋㅋㅋㅋ,After Lap,,챗 지피티 피셜 노리스 드챔확률 10퍼 따리 ㅋㅋㅋㅋ,챗 지피티 피셜 노리스 드챔확률 10퍼 따리 ㅋㅋㅋㅋ,0.5711637139320374,0.15801048278808594,0.11075641959905624,0.0834287628531456,0.04183637350797653,0.03480428084731102
2024-09-22 22:55:59,리카도 이렇게 된김에 내구레이스 오는거 어떰?,현대 내구레이스팀으로 와라,After Lap,,리카도 이렇게 된김에 내구레이스 오는거 어떰? 현대 내구레이스팀으로 와라,리카도 이렇게 된김에 내구레이스 오는거 어떰? 현대 내구레이스팀으로 와라,0.44187304377555847,0.18452033400535583,0.17420519888401031,0.07525724172592163,0.05806025490164757,0.06608398258686066
2024-09-22 22:56:01,인디카는 f2급되냐?,아님 f1.5급 되냐?,After Lap,,인디카는 f2급되냐? 아님 f1.5급 되냐?,인디카는 f2급되냐? 아님 f1.5급 되냐?,0.218574658036232,0.21663306653499603,0.3200725317001343,0.09558664262294769,0.07102832943201065,0.07810478657484055
2024-09-22 22:56:02,셒카운전수 vs 엪붕이 누가 더 바쁘냐?,"FP1부터 케로쇼 퀄리 레이스까지 1바퀴 돌 때마다 “키보드 딸깍” 하면서 중계글 싼 엪붕이가 더 바쁘다 << 개추
아니다 그래도 모든 레이스 상황을 지켜보며 언제 출동할 지 모르는 압박속에 있는 셒카 드라이버가 더 바쁘다 << 비추",After Lap,,"셒카운전수 vs 엪붕이 누가 더 바쁘냐? FP1부터 케로쇼 퀄리 레이스까지 1바퀴 돌 때마다 “키보드 딸깍” 하면서 중계글 싼 엪붕이가 더 바쁘다 << 개추
아니다 그래도 모든 레이스 상황을 지켜보며 언제 출동할 지 모르는 압박속에 있는 셒카 드라이버가 더 바쁘다 << 비추",셒카운전수 vs 엪붕이 누가 더 바쁘냐? FP1부터 케로쇼 퀄리 레이스까지 1바퀴 돌 때마다 “키보드 딸깍” 하면서 중계글 싼 엪붕이가 더 바쁘다 << 개추 아니다 그래도 모든 레이스 상황을 지켜보며 언제 출동할 지 모르는 압박속에 있는 셒카 드라이버가 더 바쁘다 << 비추,0.1533842831850052,0.23571692407131195,0.19469793140888214,0.21280835568904877,0.1374194622039795,0.06597311049699783
2024-09-22 22:56:03,한달이 문제가아니라,죄다 새벽 2시 이후 시간대가 개빡이야,After Lap,,한달이 문제가아니라 죄다 새벽 2시 이후 시간대가 개빡이야,한달이 문제가아니라 죄다 새벽 2시 이후 시간대가 개빡이야,0.1385568231344223,0.21329012513160706,0.10201690346002579,0.24640437960624695,0.2618766725063324,0.0378551222383976
2024-09-22 22:56:03,몽골견들아 니들은 양심있으면 노잼타령하면 안되지,"1년동안 차빨로 크루징하고
레드불이 막스빨이라는 선동날조와
해밀턴 7챔을 차빨이라 음해하며
몽골을 고트급으로 올려치기만 1년 내내하던새끼들이
한경기 크루징당했다고 징징??
양심 어디갔냐 이새끼들아
- dc official App",After Lap,,"몽골견들아 니들은 양심있으면 노잼타령하면 안되지 1년동안 차빨로 크루징하고
레드불이 막스빨이라는 선동날조와
해밀턴 7챔을 차빨이라 음해하며
몽골을 고트급으로 올려치기만 1년 내내하던새끼들이
한경기 크루징당했다고 징징??
양심 어디갔냐 이새끼들아
- dc official App",몽골견들아 니들은 양심있으면 노잼타령하면 안되지 1년동안 차빨로 크루징하고 레드불이 막스빨이라는 선동날조와 해밀턴 7챔을 차빨이라 음해하며 몽골을 고트급으로 올려치기만 1년 내내하던새끼들이 한경기 크루징당했다고 징징?? 양심 어디갔냐 이새끼들아,0.09114555269479752,0.17350241541862488,0.18513205647468567,0.30254340171813965,0.18615995347499847,0.0615166611969471
2024-09-22 22:56:08,오늘 레이싱 제일 승리자,"아! 돈 잘썻다!
(빵긋)",After Lap,,"오늘 레이싱 제일 승리자 아! 돈 잘썻다!
(빵긋)",오늘 레이싱 제일 승리자 아! 돈 잘썻다! (빵긋),0.6626948118209839,0.12889313697814941,0.05656030774116516,0.0664525032043457,0.05800878629088402,0.027390435338020325
2024-09-22 22:56:14,작년엔 싱가폴이 제일 재미있었는데,"이번에는 싱가폴이 제일 재미없네
모나코는 그래도 르끌 우승이라도 있었지",After Lap,,"작년엔 싱가폴이 제일 재미있었는데 이번에는 싱가폴이 제일 재미없네
모나코는 그래도 르끌 우승이라도 있었지",작년엔 싱가폴이 제일 재미있었는데 이번에는 싱가폴이 제일 재미없네 모나코는 그래도 르끌 우승이라도 있었지,0.14782710373401642,0.32634031772613525,0.1239723414182663,0.1569765955209732,0.19037988781929016,0.05450378358364105
2024-09-22 22:56:18,애가 왜 늙은 것 같냐,,After Lap,,애가 왜 늙은 것 같냐 ,애가 왜 늙은 것 같냐,0.09659789502620697,0.2742839753627777,0.2832927405834198,0.13908246159553528,0.1068778708577156,0.09986505657434464
2024-09-22 22:56:22,이제 트윗 띠리링 소리 나면서 윌 벅스턴 나올 타이밍이네 ㅋㅋ,다니엘은 좋은 드라이버였습니다,After Lap,,이제 트윗 띠리링 소리 나면서 윌 벅스턴 나올 타이밍이네 ㅋㅋ 다니엘은 좋은 드라이버였습니다,이제 트윗 띠리링 소리 나면서 윌 벅스턴 나올 타이밍이네 ㅋㅋ 다니엘은 좋은 드라이버였습니다,0.6907380819320679,0.12060526013374329,0.05992097780108452,0.05175602063536644,0.04406111687421799,0.032918527722358704
2024-09-22 22:56:23,좆노잼 서킷을 재밌게 보기 위해 필요한 것,좆노잼 서킷마다 페라리 원투하면 제로썸 됨 ㅋㅋㅋㅋㅋㅋ,After Lap,,좆노잼 서킷을 재밌게 보기 위해 필요한 것 좆노잼 서킷마다 페라리 원투하면 제로썸 됨 ㅋㅋㅋㅋㅋㅋ,좆노잼 서킷을 재밌게 보기 위해 필요한 것 좆노잼 서킷마다 페라리 원투하면 제로썸 됨 ㅋㅋㅋㅋㅋㅋ,0.10638779401779175,0.3018633723258972,0.16839495301246643,0.19617407023906708,0.15990640223026276,0.06727340817451477
2024-09-22 22:56:25,레드불이 rb 시켜서 패랩포인트 뺐는게 말이 되냐??,"리카도가 포인트도 안주는거 스스로 피트인해서 소프트로 갈고 패랩딴건 아닐텐데
분명히 레드불이 시킨걸텐데
이게 맞냐??",After Lap,,"레드불이 rb 시켜서 패랩포인트 뺐는게 말이 되냐?? 리카도가 포인트도 안주는거 스스로 피트인해서 소프트로 갈고 패랩딴건 아닐텐데
분명히 레드불이 시킨걸텐데
이게 맞냐??",레드불이 rb 시켜서 패랩포인트 뺐는게 말이 되냐?? 리카도가 포인트도 안주는거 스스로 피트인해서 소프트로 갈고 패랩딴건 아닐텐데 분명히 레드불이 시킨걸텐데 이게 맞냐??,0.09638898074626923,0.217388316988945,0.24146302044391632,0.20411765575408936,0.17397651076316833,0.06666548550128937
2024-09-22 22:56:32,보타스는 저우 넘어갈거같더니 결국 못넘기네,차에 뭔 문제가 있거나 내년 시트는 없다고 판단한건가,After Lap,,보타스는 저우 넘어갈거같더니 결국 못넘기네 차에 뭔 문제가 있거나 내년 시트는 없다고 판단한건가,보타스는 저우 넘어갈거같더니 결국 못넘기네 차에 뭔 문제가 있거나 내년 시트는 없다고 판단한건가,0.08380851149559021,0.2399459183216095,0.32053422927856445,0.1322188377380371,0.13313114643096924,0.09036140888929367
2024-09-22 22:56:33,란도 면도했네?,면도하니 애기네,After Lap,,란도 면도했네? 면도하니 애기네,란도 면도했네? 면도하니 애기네,0.35924437642097473,0.23070937395095825,0.2187013179063797,0.07500743865966797,0.03624348342418671,0.08009402453899384
2024-09-22 22:56:45,"물탕햄 소프트 스타트하고 암것도 못한 게 ㄹㅇ,,,","그거만 없었어도
노리스 밑으로 좀 볼만 했을거 같은디..",After Lap,,"물탕햄 소프트 스타트하고 암것도 못한 게 ㄹㅇ,,, 그거만 없었어도
노리스 밑으로 좀 볼만 했을거 같은디..","물탕햄 소프트 스타트하고 암것도 못한 게 ㄹㅇ,,, 그거만 없었어도 노리스 밑으로 좀 볼만 했을거 같은디..",0.07796841114759445,0.31623736023902893,0.1890190988779068,0.15211696922779083,0.17915309965610504,0.08550504595041275
2024-09-22 22:56:46,졸라재미없네 씨팔,,After Lap,,졸라재미없네 씨팔 ,졸라재미없네 씨팔,0.15335962176322937,0.2592882513999939,0.1001727432012558,0.24788130819797516,0.19773118197917938,0.04156694561243057
2024-09-22 22:57:00,리카도 본질에서 계곡 다이빙하는거 생각나는 게이있냐?,"내가 기억하기로 그게 시즌 1인가 그랬는데
이제 진짜 떠난다니까 뭔가 싱숭생숭하네
거의 주인공급이었는데...
이제 다시는 못돌아올거같음ㅇㅇ
수고했어여 대니얼",After Lap,,"리카도 본질에서 계곡 다이빙하는거 생각나는 게이있냐? 내가 기억하기로 그게 시즌 1인가 그랬는데
이제 진짜 떠난다니까 뭔가 싱숭생숭하네
거의 주인공급이었는데...
이제 다시는 못돌아올거같음ㅇㅇ
수고했어여 대니얼",리카도 본질에서 계곡 다이빙하는거 생각나는 게이있냐? 내가 기억하기로 그게 시즌 1인가 그랬는데 이제 진짜 떠난다니까 뭔가 싱숭생숭하네 거의 주인공급이었는데... 이제 다시는 못돌아올거같음ㅇㅇ 수고했어여 대니얼,0.2770034670829773,0.23300141096115112,0.19206534326076508,0.09671517461538315,0.08470240980386734,0.11651216447353363
2024-09-22 22:57:10,멕라렌 차 개사기여서 기분좋노,덕분에 노리스가 압도적으로 라이벌 찍어누르고 우승하는거도 보네,After Lap,,멕라렌 차 개사기여서 기분좋노 덕분에 노리스가 압도적으로 라이벌 찍어누르고 우승하는거도 보네,멕라렌 차 개사기여서 기분좋노 덕분에 노리스가 압도적으로 라이벌 찍어누르고 우승하는거도 보네,0.47320374846458435,0.16955497860908508,0.08975040912628174,0.12218351662158966,0.09724999219179153,0.04805735871195793
2024-09-22 22:57:11,노리스 레이스 중간에 흔들리는 수준보면 차빨게임이네;,ㅇㅇ;;;,After Lap,,노리스 레이스 중간에 흔들리는 수준보면 차빨게임이네; ㅇㅇ;;;,노리스 레이스 중간에 흔들리는 수준보면 차빨게임이네; ㅇㅇ;;;,0.07496493309736252,0.2597053647041321,0.30412915349006653,0.14878474175930023,0.11340797692537308,0.09900783002376556
2024-09-22 22:57:12,씨발 정확히 20렙부터 40렙까지 졸았네,"애미 좆노잼 똥양서킷 ㅅㅂ 스즈카 2트해야
- dc official App",After Lap,,"씨발 정확히 20렙부터 40렙까지 졸았네 애미 좆노잼 똥양서킷 ㅅㅂ 스즈카 2트해야
- dc official App",씨발 정확히 20렙부터 40렙까지 졸았네 애미 좆노잼 똥양서킷 ㅅㅂ 스즈카 2트해야,0.13717220723628998,0.24173258244991302,0.11561410129070282,0.2723761200904846,0.1863837093114853,0.04672117158770561
2024-09-22 22:57:13,몽노대전 필요없는게,이새끼 둘다 차빨인데 뭘 대결함ㅋㅋ,After Lap,,몽노대전 필요없는게 이새끼 둘다 차빨인데 뭘 대결함ㅋㅋ,몽노대전 필요없는게 이새끼 둘다 차빨인데 뭘 대결함ㅋㅋ,0.10196258872747421,0.24352693557739258,0.2470574975013733,0.22120846807956696,0.11881092935800552,0.06743354350328445
2024-09-22 22:57:12,한달동안 또 갈드컵 볼 생각해서 기분좋은 티포시면 개추,그런건 없고 개꼴리는 페라리 파워유닛 보고가,After Lap,,한달동안 또 갈드컵 볼 생각해서 기분좋은 티포시면 개추 그런건 없고 개꼴리는 페라리 파워유닛 보고가,한달동안 또 갈드컵 볼 생각해서 기분좋은 티포시면 개추 그런건 없고 개꼴리는 페라리 파워유닛 보고가,0.701915979385376,0.11384601891040802,0.056627433747053146,0.06109348312020302,0.04074370861053467,0.025773383677005768
2024-09-22 22:57:18,수염깎으니까 인상이 다르네 시발 ㅋㅋㅋ,"수염있을때는 9.11때 비행기에 타있을거같더만
- dc official App",After Lap,,"수염깎으니까 인상이 다르네 시발 ㅋㅋㅋ 수염있을때는 9.11때 비행기에 타있을거같더만
- dc official App",수염깎으니까 인상이 다르네 시발 ㅋㅋㅋ 수염있을때는 9.11때 비행기에 타있을거같더만,0.11125156283378601,0.19210189580917358,0.2736070454120636,0.19953341782093048,0.08864665031433105,0.13485942780971527
2024-09-22 22:57:22,레드불의 새로운 새컨드라이버,- dc official App,After Lap,,레드불의 새로운 새컨드라이버 - dc official App,레드불의 새로운 새컨드라이버 - dc official App,0.4325276017189026,0.19852153956890106,0.19691072404384613,0.08776158094406128,0.04372873902320862,0.0405498668551445
2024-09-22 22:57:26,막스랑 피아랑,랩타임 차이 안벌어 지는거 같은데 노리스만 왜저러냐,After Lap,,막스랑 피아랑 랩타임 차이 안벌어 지는거 같은데 노리스만 왜저러냐,막스랑 피아랑 랩타임 차이 안벌어 지는거 같은데 노리스만 왜저러냐,0.07929666340351105,0.2814205288887024,0.26036709547042847,0.17312273383140564,0.14510610699653625,0.06068681180477142
2024-09-22 22:57:27,리카도 떠나는건 떠나는거고 알비 전략팀 ㅅㅂ,"매번 전략 ㅈ같이 짜네
- dc official App",After Lap,,"리카도 떠나는건 떠나는거고 알비 전략팀 ㅅㅂ 매번 전략 ㅈ같이 짜네
- dc official App",리카도 떠나는건 떠나는거고 알비 전략팀 ㅅㅂ 매번 전략 ㅈ같이 짜네,0.09981449693441391,0.23208832740783691,0.1301226019859314,0.26894238591194153,0.22851677238941193,0.04051540046930313
2024-09-22 22:57:33,물뿌리기 ㅋㅋㅋㅋ,,After Lap,,물뿌리기 ㅋㅋㅋㅋ ,물뿌리기 ㅋㅋㅋㅋ,0.5360827445983887,0.1739240288734436,0.11806986480951309,0.09326214343309402,0.0437249094247818,0.03493635356426239
2024-09-22 22:57:37,병신 유기하고 콜라나 보타스 쓰는게 나을거 같은데,멕시코 끝나면 저새끼 쓸이유가 있나,After Lap,,병신 유기하고 콜라나 보타스 쓰는게 나을거 같은데 멕시코 끝나면 저새끼 쓸이유가 있나,병신 유기하고 콜라나 보타스 쓰는게 나을거 같은데 멕시코 끝나면 저새끼 쓸이유가 있나,0.06966288387775421,0.24345935881137848,0.27667877078056335,0.15106035768985748,0.18413713574409485,0.07500149309635162
2024-09-22 22:57:38,팩트) 싱가폴 셒카+버셒 합쳐서 3번씩이나 나왔다고 하는 레이스는,"변수 타이밍마다 셒카가 떠서 순위변동을 철저히 막아버린 티포시만 즐거운 레이스였다.
팩트는 이 병신서킷이 셒카가 떠도 노잼이라는 것",After Lap,,"팩트) 싱가폴 셒카+버셒 합쳐서 3번씩이나 나왔다고 하는 레이스는 변수 타이밍마다 셒카가 떠서 순위변동을 철저히 막아버린 티포시만 즐거운 레이스였다.
팩트는 이 병신서킷이 셒카가 떠도 노잼이라는 것",팩트) 싱가폴 셒카+버셒 합쳐서 3번씩이나 나왔다고 하는 레이스는 변수 타이밍마다 셒카가 떠서 순위변동을 철저히 막아버린 티포시만 즐거운 레이스였다. 팩트는 이 병신서킷이 셒카가 떠도 노잼이라는 것,0.10240967571735382,0.28889602422714233,0.15767639875411987,0.21314512193202972,0.15963539481163025,0.0782373920083046
2024-09-22 22:57:42,멕이는거냐ㅋㅋㅋㅋㅋㅋ,,After Lap,,멕이는거냐ㅋㅋㅋㅋㅋㅋ ,멕이는거냐ㅋㅋㅋㅋㅋㅋ,0.2075241655111313,0.27334150671958923,0.2083287537097931,0.16903166472911835,0.07658849656581879,0.06518544256687164
2024-09-22 22:57:47,오줌발싸 ㅋㅋ,- dc official App,After Lap,,오줌발싸 ㅋㅋ - dc official App,오줌발싸 ㅋㅋ - dc official App,0.6695941090583801,0.12350860983133316,0.08245693147182465,0.06125960499048233,0.03526455909013748,0.02791619300842285
2024-09-22 22:57:48,오늘 레이싱은 좀 심했다,시간존나아깝노,After Lap,,오늘 레이싱은 좀 심했다 시간존나아깝노,오늘 레이싱은 좀 심했다 시간존나아깝노,0.1295403242111206,0.29231348633766174,0.11447108536958694,0.2179625779390335,0.19710750877857208,0.04860494285821915
2024-09-22 22:57:49,"""쿨"" 싸드","ㅋㅋㅋ
- dc official App",After Lap,,"""쿨"" 싸드 ㅋㅋㅋ
- dc official App","""쿨"" 싸드 ㅋㅋㅋ",0.6922563314437866,0.1124936044216156,0.07076700031757355,0.0645582303404808,0.03592474013566971,0.02400006167590618
2024-09-22 22:57:56,"하드타이어 페랩 노리스, 르끌뿐이던데?","퀄리 안조졌음 막스 3,4위 하는건데 ㅡㅡ",After Lap,,"하드타이어 페랩 노리스, 르끌뿐이던데? 퀄리 안조졌음 막스 3,4위 하는건데 ㅡㅡ","하드타이어 페랩 노리스, 르끌뿐이던데? 퀄리 안조졌음 막스 3,4위 하는건데 ㅡㅡ",0.08785981684923172,0.3000101149082184,0.18641535937786102,0.1888502985239029,0.18632006645202637,0.05054434761404991
2024-09-22 22:57:57,내일 레드불 다캐 내가 받으면 엪피자,"rb19 뿌라고꺼 1:18 잇는데 비교해야징
- dc official App",After Lap,,"내일 레드불 다캐 내가 받으면 엪피자 rb19 뿌라고꺼 1:18 잇는데 비교해야징
- dc official App",내일 레드불 다캐 내가 받으면 엪피자 rb19 뿌라고꺼 1:18 잇는데 비교해야징,0.5763302445411682,0.15868233144283295,0.11395170539617538,0.07054151594638824,0.041303254663944244,0.039190974086523056
2024-09-22 22:57:57,낭만 킬러 사전트,"첫 번째로 나를 자른 윌리엄스를 죽였다.
두 번째로 나를 홈에서 담근 케빈을 죽였다.
마지막으로 내 팀메이트였던 로슨의 꿈인 콜업을 이뤄준다.
모두들 방학 잘 보내고, 형은 잘 쉬고 있을게!!
날 잊지 말고 언제나 기억해다오!!",After Lap,,"낭만 킬러 사전트 첫 번째로 나를 자른 윌리엄스를 죽였다.
두 번째로 나를 홈에서 담근 케빈을 죽였다.
마지막으로 내 팀메이트였던 로슨의 꿈인 콜업을 이뤄준다.
모두들 방학 잘 보내고, 형은 잘 쉬고 있을게!!
날 잊지 말고 언제나 기억해다오!!","낭만 킬러 사전트 첫 번째로 나를 자른 윌리엄스를 죽였다. 두 번째로 나를 홈에서 담근 케빈을 죽였다. 마지막으로 내 팀메이트였던 로슨의 꿈인 콜업을 이뤄준다. 모두들 방학 잘 보내고, 형은 잘 쉬고 있을게!! 날 잊지 말고 언제나 기억해다오!!",0.6000767946243286,0.12963934242725372,0.07688014209270477,0.07132875174283981,0.07746703177690506,0.044607896357774734
2024-09-22 22:57:57,면도하니까 보기 좋노 ㅋㅋㅋ,수염 기르면 ㄹㅇ,After Lap,,면도하니까 보기 좋노 ㅋㅋㅋ 수염 기르면 ㄹㅇ,면도하니까 보기 좋노 ㅋㅋㅋ 수염 기르면 ㄹㅇ,0.6655219793319702,0.1267729550600052,0.0876503512263298,0.05371696501970291,0.0334753654897213,0.0328623503446579
2024-09-22 22:58:04,탑 4팀 드챔 현황,이변 없으면 미국에서 피아스트리가 르끌 딸듯,After Lap,,탑 4팀 드챔 현황 이변 없으면 미국에서 피아스트리가 르끌 딸듯,탑 4팀 드챔 현황 이변 없으면 미국에서 피아스트리가 르끌 딸듯,0.20439687371253967,0.24374200403690338,0.30911269783973694,0.0925670862197876,0.06822200864553452,0.08195929229259491
2024-09-22 22:58:12,F1 싱가포르는 봤으니까,"이제 GT월드챌린지유럽 몬자 3시간 보러가자
- dc official App",After Lap,,"F1 싱가포르는 봤으니까 이제 GT월드챌린지유럽 몬자 3시간 보러가자
- dc official App",F1 싱가포르는 봤으니까 이제 GT월드챌린지유럽 몬자 3시간 보러가자,0.6690897345542908,0.1295802891254425,0.07538282871246338,0.0618336945772171,0.03732579946517944,0.026787640526890755
2024-09-22 22:58:13,화면에 나오는 얘기 좀 해라,"이 얘기
저 얘기 하느라,
화면에 나오는 것도 놓치고 정신이 없음.
사실 별 중요한 얘기들도 아닌데, 중계 화면을 놓치면서까지
해야 되나?
말도 길게 하는 스타일이라, 얘기를
마무리하지도
못하던데
끝나고 해도 될 얘기들은 제발..",After Lap,,"화면에 나오는 얘기 좀 해라 이 얘기
저 얘기 하느라,
화면에 나오는 것도 놓치고 정신이 없음.
사실 별 중요한 얘기들도 아닌데, 중계 화면을 놓치면서까지
해야 되나?
말도 길게 하는 스타일이라, 얘기를
마무리하지도
못하던데
끝나고 해도 될 얘기들은 제발..","화면에 나오는 얘기 좀 해라 이 얘기 저 얘기 하느라, 화면에 나오는 것도 놓치고 정신이 없음. 사실 별 중요한 얘기들도 아닌데, 중계 화면을 놓치면서까지 해야 되나? 말도 길게 하는 스타일이라, 얘기를 마무리하지도 못하던데 끝나고 해도 될 얘기들은 제발..",0.09290624409914017,0.2746738791465759,0.11551258713006973,0.22337202727794647,0.2510684132575989,0.04246683046221733
2024-09-22 22:58:20,대 황 체 코,ㄷㄷㄷ,After Lap,,대 황 체 코 ㄷㄷㄷ,대 황 체 코 ㄷㄷㄷ,0.38336944580078125,0.1917862743139267,0.24277301132678986,0.08004070073366165,0.03250449150800705,0.06952611356973648
2024-09-22 22:58:22,맥라렌과 레드불의 다른 점,레드불은 체코로 위닝카에서 재미라도 줬지 맥 이새끼들은 둘 다 잘해서 그냥 딸깍쇼 크루징임,After Lap,,맥라렌과 레드불의 다른 점 레드불은 체코로 위닝카에서 재미라도 줬지 맥 이새끼들은 둘 다 잘해서 그냥 딸깍쇼 크루징임,맥라렌과 레드불의 다른 점 레드불은 체코로 위닝카에서 재미라도 줬지 맥 이새끼들은 둘 다 잘해서 그냥 딸깍쇼 크루징임,0.08266284316778183,0.2687342166900635,0.19280309975147247,0.21546845138072968,0.17053399980068207,0.06979741901159286
2024-09-22 22:58:22,최근 셒카 최고의 활약,언세이프티카,After Lap,,최근 셒카 최고의 활약 언세이프티카,최근 셒카 최고의 활약 언세이프티카,0.7030678391456604,0.12165709584951401,0.057211924344301224,0.05244935303926468,0.03888740763068199,0.026726379990577698
2024-09-22 22:58:32,누리스 그래도 헤트트릭은 했노…,,After Lap,,누리스 그래도 헤트트릭은 했노… ,누리스 그래도 헤트트릭은 했노…,0.2716878652572632,0.2916812002658844,0.18658263981342316,0.08453493565320969,0.07298969477415085,0.0925237238407135
2024-09-22 22:58:33,리카도 중도하차 거피셜임?,패랩부터 모든게 다 맞춰지는 느낌이네,After Lap,,리카도 중도하차 거피셜임? 패랩부터 모든게 다 맞춰지는 느낌이네,리카도 중도하차 거피셜임? 패랩부터 모든게 다 맞춰지는 느낌이네,0.16739831864833832,0.21501614153385162,0.33163002133369446,0.10197347402572632,0.05661855638027191,0.12736345827579498
2024-09-22 22:58:36,DOD,대대런,After Lap,,DOD 대대런,DOD 대대런,0.6928902268409729,0.10943060368299484,0.08262000232934952,0.055089402943849564,0.034870684146881104,0.025099007412791252
2024-09-22 22:58:36,니들이 F1 드라이버면,"니들이 뭐 피나클 오브 모터스포츠 드라이버면
쉬지말고 다음주 영암와서 라운드 하나 더 뛰어라",After Lap,,"니들이 F1 드라이버면 니들이 뭐 피나클 오브 모터스포츠 드라이버면
쉬지말고 다음주 영암와서 라운드 하나 더 뛰어라",니들이 F1 드라이버면 니들이 뭐 피나클 오브 모터스포츠 드라이버면 쉬지말고 다음주 영암와서 라운드 하나 더 뛰어라,0.13552643358707428,0.21166567504405975,0.2995469868183136,0.13694962859153748,0.07637621462345123,0.13993506133556366
2024-09-22 22:58:42,진지하게 포인트 중요한 하위팀이면 각잡고 소프트 못씀?,ㅇㅇ 패랩 사냥꾼 노리는 팀 없나,After Lap,,진지하게 포인트 중요한 하위팀이면 각잡고 소프트 못씀? ㅇㅇ 패랩 사냥꾼 노리는 팀 없나,진지하게 포인트 중요한 하위팀이면 각잡고 소프트 못씀? ㅇㅇ 패랩 사냥꾼 노리는 팀 없나,0.08256307989358902,0.24827566742897034,0.3290518522262573,0.1344003975391388,0.10332758724689484,0.1023813933134079
2024-09-22 22:58:50,몽골견 얘네들은 양심이 있나?,"2022 2023 그지랄 해놓고
이제와서 맥라렌 시즌 반정도 존나 빨라지니까
차빨 ㅋ 노잼 ㅋ
차빨은 니네 35살 노괴 애엄마 품은
퐁퐁스타펜이고 ㅋㅋㅋㅋㅋㅋㅋㅋㅋㅋㅋㅋㅋㅋㅋㅋㅋㅋㅋㅋㅋ
해밀턴은 차 박아도 한번씩 포디움 갔고
알론소 그 씨발 지피투 타고 포인트 한번씩 줏어먹고
세나도 윌리엄스 좆똥차 타고 폴 자주 먹었는데
이새낀 그냥 빡빡이 할배 한명 나갔다고
ㅠㅠㅠㅠㅠㅠ몽고리는 이런차 못타는데 ㅠㅠㅠㅠㅠ
이지랄하면서 남탓이냐 쳐하고
에라이 꼬시다 시발 ㅋㅋㅋㅋㅋ
베텔같은애들은 사람이라도 좋았지
근 몇년동안 업보다 ㅋㅋㅋㅋㅋㅋㅋㅋㅋ
+)생각나는 고닉 한명 있는데
비추는 하루에 한번이다 ㅋㅋㅋㅋㅋㅋㅋㅋㅋㅋㅋㅋㅋㅋㅋㅋㅋㅋ",After Lap,,"몽골견 얘네들은 양심이 있나? 2022 2023 그지랄 해놓고
이제와서 맥라렌 시즌 반정도 존나 빨라지니까
차빨 ㅋ 노잼 ㅋ
차빨은 니네 35살 노괴 애엄마 품은
퐁퐁스타펜이고 ㅋㅋㅋㅋㅋㅋㅋㅋㅋㅋㅋㅋㅋㅋㅋㅋㅋㅋㅋㅋㅋ
해밀턴은 차 박아도 한번씩 포디움 갔고
알론소 그 씨발 지피투 타고 포인트 한번씩 줏어먹고
세나도 윌리엄스 좆똥차 타고 폴 자주 먹었는데
이새낀 그냥 빡빡이 할배 한명 나갔다고
ㅠㅠㅠㅠㅠㅠ몽고리는 이런차 못타는데 ㅠㅠㅠㅠㅠ
이지랄하면서 남탓이냐 쳐하고
에라이 꼬시다 시발 ㅋㅋㅋㅋㅋ
베텔같은애들은 사람이라도 좋았지
근 몇년동안 업보다 ㅋㅋㅋㅋㅋㅋㅋㅋㅋ
+)생각나는 고닉 한명 있는데
비추는 하루에 한번이다 ㅋㅋㅋㅋㅋㅋㅋㅋㅋㅋㅋㅋㅋㅋㅋㅋㅋㅋ",몽골견 얘네들은 양심이 있나? 2022 2023 그지랄 해놓고 이제와서 맥라렌 시즌 반정도 존나 빨라지니까 차빨 ㅋ 노잼 ㅋ 차빨은 니네 35살 노괴 애엄마 품은 퐁퐁스타펜이고 ㅋㅋㅋㅋㅋㅋㅋㅋㅋㅋㅋㅋㅋㅋㅋㅋㅋㅋㅋㅋㅋ 해밀턴은 차 박아도 한번씩 포디움 갔고 알론소 그 씨발 지피투 타고 포인트 한번씩 줏어먹고 세나도 윌리엄스 좆똥차 타고 폴 자주 먹었는데 이새낀 그냥 빡빡이 할배 한명 나갔다고 ㅠㅠㅠㅠㅠㅠ몽고리는 이런차 못타는데 ㅠㅠㅠㅠㅠ 이지랄하면서 남탓이냐 쳐하고 에라이 꼬시다 시발 ㅋㅋㅋㅋㅋ 베텔같은애들은 사람이라도 좋았지 근 몇년동안 업보다 ㅋㅋㅋㅋㅋㅋㅋㅋㅋ +)생각나는 고닉 한명 있는데 비추는 하루에 한번이다 ㅋㅋㅋㅋㅋㅋㅋㅋㅋㅋㅋㅋㅋㅋㅋㅋㅋㅋ,0.08415516465902328,0.17862141132354736,0.1762242466211319,0.2967873513698578,0.1883063167333603,0.07590548694133759
2024-09-22 22:58:51,그장소on,zz,After Lap,,그장소on zz,그장소on zz,0.5095546245574951,0.18117721378803253,0.13747884333133698,0.0864926278591156,0.045900385826826096,0.03939635306596756
2024-09-22 22:58:55,근데 만약 무리스가 한번이라도 1위놓치거나하면,"몽골이 최소 2위수성은 한다는 가정하에 드챔 힘들어짐?
- dc official App",After Lap,,"근데 만약 무리스가 한번이라도 1위놓치거나하면 몽골이 최소 2위수성은 한다는 가정하에 드챔 힘들어짐?
- dc official App",근데 만약 무리스가 한번이라도 1위놓치거나하면 몽골이 최소 2위수성은 한다는 가정하에 드챔 힘들어짐?,0.13465197384357452,0.2488165944814682,0.32684752345085144,0.10009052604436874,0.08254263550043106,0.10705070942640305
2024-09-22 22:58:58,맥 오능 40포인트 챙겨가네,ㅇㅇ,After Lap,,맥 오능 40포인트 챙겨가네 ㅇㅇ,맥 오능 40포인트 챙겨가네 ㅇㅇ,0.662622332572937,0.12940751016139984,0.06287581473588943,0.0650370791554451,0.05431085824966431,0.025746339932084084
2024-09-22 22:59:00,dod 리카도 ㅅㅂㅋㅋㅋㅋ,,After Lap,,dod 리카도 ㅅㅂㅋㅋㅋㅋ ,dod 리카도 ㅅㅂㅋㅋㅋㅋ,0.1565914899110794,0.2500744163990021,0.1763496845960617,0.24027034640312195,0.10195347666740417,0.07476062327623367
2024-09-22 22:59:03,dod 대런ㅋㅋㅋㅋㅋㅋ,"ㅋㅋㅋ
- dc official App",After Lap,,"dod 대런ㅋㅋㅋㅋㅋㅋ ㅋㅋㅋ
- dc official App",dod 대런ㅋㅋㅋㅋㅋㅋ ㅋㅋㅋ,0.706673800945282,0.11048062145709991,0.07328837364912033,0.05390170216560364,0.03160529211163521,0.024050256237387657
2024-09-22 22:59:06,대런 DOD  ㅋㅋㅋㅋㅋㅋㅋㅋ,ㅅㅂ ㅋㅋㅋㅋㅋ,After Lap,,대런 DOD  ㅋㅋㅋㅋㅋㅋㅋㅋ ㅅㅂ ㅋㅋㅋㅋㅋ,대런 DOD ㅋㅋㅋㅋㅋㅋㅋㅋ ㅅㅂ ㅋㅋㅋㅋㅋ,0.4780275821685791,0.19260582327842712,0.10494089871644974,0.1329369693994522,0.055339694023132324,0.03614896908402443
2024-09-22 22:59:08,리카도 dod ㅋㅋㅋㅋㅋㅋㅋㅋㅋㅋ,ㅋㅋㅋ,After Lap,,리카도 dod ㅋㅋㅋㅋㅋㅋㅋㅋㅋㅋ ㅋㅋㅋ,리카도 dod ㅋㅋㅋㅋㅋㅋㅋㅋㅋㅋ ㅋㅋㅋ,0.6764607429504395,0.12553253769874573,0.08207573741674423,0.061153803020715714,0.031128011643886566,0.02364918775856495
2024-09-22 22:59:10,몽골 올만에 말하는거 보니 쿨다운 룸 좀 재미있노,ㄹㅇ,After Lap,,몽골 올만에 말하는거 보니 쿨다운 룸 좀 재미있노 ㄹㅇ,몽골 올만에 말하는거 보니 쿨다운 룸 좀 재미있노 ㄹㅇ,0.6915785670280457,0.11723995953798294,0.07984872162342072,0.05293573811650276,0.032962895929813385,0.025434110313653946
2024-09-22 22:59:11,막스의 팟케스트 on,,After Lap,,막스의 팟케스트 on ,막스의 팟케스트 on,0.5734051465988159,0.15014024078845978,0.13409607112407684,0.06999894231557846,0.04067213088274002,0.031687453389167786
2024-09-22 22:59:13,DOD 리카도네?,동정표 엄청 받았나보네 ㅋㅋㅋㅋ,After Lap,,DOD 리카도네? 동정표 엄청 받았나보네 ㅋㅋㅋㅋ,DOD 리카도네? 동정표 엄청 받았나보네 ㅋㅋㅋㅋ,0.12406474351882935,0.20405015349388123,0.2844332456588745,0.18830755352973938,0.07106641680002213,0.12807795405387878
2024-09-22 22:59:13,쿨다운룸 분위기 챙기기는 역시 대몽골ㅋㅋ,,After Lap,,쿨다운룸 분위기 챙기기는 역시 대몽골ㅋㅋ ,쿨다운룸 분위기 챙기기는 역시 대몽골ㅋㅋ,0.7021819353103638,0.11135722696781158,0.06728410720825195,0.05506226047873497,0.036890145391225815,0.027224287390708923
2024-09-22 22:59:15,잘가 형 ㅠㅠ,,After Lap,,잘가 형 ㅠㅠ ,잘가 형 ㅠㅠ,0.19156350195407867,0.23790915310382843,0.1863415241241455,0.12724217772483826,0.17438596487045288,0.08255767822265625
2024-09-22 22:59:16,리카도 진짜 가냐 ㅅㅂㅋㅋㅋ,,After Lap,,리카도 진짜 가냐 ㅅㅂㅋㅋㅋ ,리카도 진짜 가냐 ㅅㅂㅋㅋㅋ,0.1452813744544983,0.2801925241947174,0.22031930088996887,0.1523524522781372,0.07632984220981598,0.12552455067634583
2024-09-22 22:59:16,쿠플 이벤트,"한 계정 한 프로필로 경기 다봐야되는거?
오늘 프로필 바뀐지 모르고 이틀동안 보던 프로필이랑 다른 프로필로 경기봤는데 그럼 ㅈ된거노
- dc official App",After Lap,,"쿠플 이벤트 한 계정 한 프로필로 경기 다봐야되는거?
오늘 프로필 바뀐지 모르고 이틀동안 보던 프로필이랑 다른 프로필로 경기봤는데 그럼 ㅈ된거노
- dc official App",쿠플 이벤트 한 계정 한 프로필로 경기 다봐야되는거? 오늘 프로필 바뀐지 모르고 이틀동안 보던 프로필이랑 다른 프로필로 경기봤는데 그럼 ㅈ된거노,0.08829373121261597,0.281257688999176,0.2185787707567215,0.15679480135440826,0.15896360576152802,0.09611140936613083
2024-09-22 22:59:17,사교성 GOAT는 몽골 ㅋㅋㅋ,"열자마자 라디오 채워주네 ㅋㅋㅋ
- dc official App",After Lap,,"사교성 GOAT는 몽골 ㅋㅋㅋ 열자마자 라디오 채워주네 ㅋㅋㅋ
- dc official App",사교성 GOAT는 몽골 ㅋㅋㅋ 열자마자 라디오 채워주네 ㅋㅋㅋ,0.6464719176292419,0.13870875537395477,0.0910143256187439,0.05454728379845619,0.032844528555870056,0.03641316294670105
2024-09-22 22:59:17,리카도 DOD ㅅㅂ ㅋㅋㅋㅋㅋㅋㅋㅋ ㅠㅠㅠㅠㅠㅠ,,After Lap,,리카도 DOD ㅅㅂ ㅋㅋㅋㅋㅋㅋㅋㅋ ㅠㅠㅠㅠㅠㅠ ,리카도 DOD ㅅㅂ ㅋㅋㅋㅋㅋㅋㅋㅋ ㅠㅠㅠㅠㅠㅠ,0.2056870311498642,0.27557530999183655,0.12223903089761734,0.18250609934329987,0.14294755458831787,0.07104494422674179
2024-09-22 22:59:18,리카도 투표 1위 ㅋㅋㅋㅋㅋㅋ,개웃기네 ㅋㅋㅋ,After Lap,,리카도 투표 1위 ㅋㅋㅋㅋㅋㅋ 개웃기네 ㅋㅋㅋ,리카도 투표 1위 ㅋㅋㅋㅋㅋㅋ 개웃기네 ㅋㅋㅋ,0.6189001798629761,0.15105105936527252,0.1043473333120346,0.06346020847558975,0.031714774668216705,0.030526353046298027
2024-09-22 22:59:22,그래도 팟캐스트 해줘서 고마운 몽골 ㅋㅋㅋㅋ,쿨다운랩 덜 어색하네 확실히 ㅋㅋㅋㅋㅋㅋㅋㅋ,After Lap,,그래도 팟캐스트 해줘서 고마운 몽골 ㅋㅋㅋㅋ 쿨다운랩 덜 어색하네 확실히 ㅋㅋㅋㅋㅋㅋㅋㅋ,그래도 팟캐스트 해줘서 고마운 몽골 ㅋㅋㅋㅋ 쿨다운랩 덜 어색하네 확실히 ㅋㅋㅋㅋㅋㅋㅋㅋ,0.6627408862113953,0.13038228452205658,0.0654434785246849,0.05542249232530594,0.0519932396709919,0.03401758149266243
2024-09-22 22:59:24,레드불이 한달간 할 숙제 알려준다ㅋㅋ,"1. 7경기 넘게 연속으로 찐빠내는 뒷바퀴 핏크루 줄빠따
2. 요스한테서 도망치기
3. 맥라렌 차 훔쳐서 리버리 바꿔끼기
4. 체코 맥시코 이후에 자를 준비하기",After Lap,,"레드불이 한달간 할 숙제 알려준다ㅋㅋ 1. 7경기 넘게 연속으로 찐빠내는 뒷바퀴 핏크루 줄빠따
2. 요스한테서 도망치기
3. 맥라렌 차 훔쳐서 리버리 바꿔끼기
4. 체코 맥시코 이후에 자를 준비하기",레드불이 한달간 할 숙제 알려준다ㅋㅋ 1. 7경기 넘게 연속으로 찐빠내는 뒷바퀴 핏크루 줄빠따 2. 요스한테서 도망치기 3. 맥라렌 차 훔쳐서 리버리 바꿔끼기 4. 체코 맥시코 이후에 자를 준비하기,0.3131667375564575,0.20174843072891235,0.21092969179153442,0.14235404133796692,0.06646347045898438,0.06533770263195038
2024-09-22 22:59:24,은퇴경기라고 dod 1등주노 ㅋㅋㅋㅋㅋㅋㅋㅋㅋㅋㅋ,ㅁㄴㅇㄹ,After Lap,,은퇴경기라고 dod 1등주노 ㅋㅋㅋㅋㅋㅋㅋㅋㅋㅋㅋ ㅁㄴㅇㄹ,은퇴경기라고 dod 1등주노 ㅋㅋㅋㅋㅋㅋㅋㅋㅋㅋㅋ ㅁㄴㅇㄹ,0.4317324459552765,0.21398364007472992,0.1443614363670349,0.1100153923034668,0.05243296176195145,0.047474104911088943
2024-09-22 22:59:25,DOD 리치아르도 ㅋㅋㅋㅋㅋㅋㅋㅋㅋㅋㅋㅋㅋㅋㅋㅋㅋㅋ,멕이는거냐 ㅋㅋㅋㅋㅋㅋㅋㅋㅋㅋㅋㅋㅋㅋㅋㅋㅋㅋㅋㅋㅋㅋㅋㅋ,After Lap,,DOD 리치아르도 ㅋㅋㅋㅋㅋㅋㅋㅋㅋㅋㅋㅋㅋㅋㅋㅋㅋㅋ 멕이는거냐 ㅋㅋㅋㅋㅋㅋㅋㅋㅋㅋㅋㅋㅋㅋㅋㅋㅋㅋㅋㅋㅋㅋㅋㅋ,DOD 리치아르도 ㅋㅋㅋㅋㅋㅋㅋㅋㅋㅋㅋㅋㅋㅋㅋㅋㅋㅋ 멕이는거냐 ㅋㅋㅋㅋㅋㅋㅋㅋㅋㅋㅋㅋㅋㅋㅋㅋㅋㅋㅋㅋㅋㅋㅋㅋ,0.40955108404159546,0.22568127512931824,0.15056611597537994,0.1175292506814003,0.051823876798152924,0.04484838992357254
2024-09-22 22:59:26,이제 로슨 RB 소식만 뜨면 완벽한 서사,ㅇㅇ,After Lap,,이제 로슨 RB 소식만 뜨면 완벽한 서사 ㅇㅇ,이제 로슨 RB 소식만 뜨면 완벽한 서사 ㅇㅇ,0.658383846282959,0.12917758524417877,0.08178911358118057,0.06318307667970657,0.033696454018354416,0.03376995027065277
2024-09-22 22:59:27,Driver of the Dead,zzzzzzzzz,After Lap,,Driver of the Dead zzzzzzzzz,Driver of the Dead zzzzzzzzz,0.6110528707504272,0.14900563657283783,0.09461767226457596,0.08151894807815552,0.03646451607346535,0.027340348809957504
2024-09-22 22:59:28,드라이버오브더 데이 리카도 ㅋㅋㅋ,ㅋㅋㅋㅋㅋㅋㅋㅋ,After Lap,,드라이버오브더 데이 리카도 ㅋㅋㅋ ㅋㅋㅋㅋㅋㅋㅋㅋ,드라이버오브더 데이 리카도 ㅋㅋㅋ ㅋㅋㅋㅋㅋㅋㅋㅋ,0.702150821685791,0.1120598167181015,0.07155857235193253,0.059756699949502945,0.0321703739464283,0.02230370044708252
2024-09-22 22:59:33,막스는 역시 팟캐스트 진행자가 맞다,,After Lap,,막스는 역시 팟캐스트 진행자가 맞다 ,막스는 역시 팟캐스트 진행자가 맞다,0.39827290177345276,0.2231479436159134,0.17557835578918457,0.0682833343744278,0.054545268416404724,0.08017218112945557
2024-09-22 22:59:37,누리스 폴버거 결과,11시 10분까지~,After Lap,,누리스 폴버거 결과 11시 10분까지~,누리스 폴버거 결과 11시 10분까지~,0.6468746066093445,0.13776938617229462,0.08506588637828827,0.05929166451096535,0.040855780243873596,0.030142661184072495
2024-09-22 22:59:43,대런 잘리는건 오피셜만 안 났지 전세계가 다 아네 ㅋㅋ,부조금 패랩까지 챙겨주네,After Lap,,대런 잘리는건 오피셜만 안 났지 전세계가 다 아네 ㅋㅋ 부조금 패랩까지 챙겨주네,대런 잘리는건 오피셜만 안 났지 전세계가 다 아네 ㅋㅋ 부조금 패랩까지 챙겨주네,0.15992595255374908,0.21563154458999634,0.25417986512184143,0.15601098537445068,0.0733724907040596,0.14087915420532227
2024-09-22 22:59:45,몽골 있으니까 쿨다운룸에서 뭐라도 말하긴 하네 ㅋㅋㅋ,ㅅㅂ ㅋㅋ,After Lap,,몽골 있으니까 쿨다운룸에서 뭐라도 말하긴 하네 ㅋㅋㅋ ㅅㅂ ㅋㅋ,몽골 있으니까 쿨다운룸에서 뭐라도 말하긴 하네 ㅋㅋㅋ ㅅㅂ ㅋㅋ,0.15496842563152313,0.2825135588645935,0.1340663880109787,0.2423771619796753,0.11019258946180344,0.07588183879852295
2024-09-22 22:59:46,피아제 저 방에 말 저래 많이 하는거 처음보네,막가놈 ㄹㅇ 은퇴하면 팟캐스트 진행자 해야겠다 ㅋㅋ,After Lap,,피아제 저 방에 말 저래 많이 하는거 처음보네 막가놈 ㄹㅇ 은퇴하면 팟캐스트 진행자 해야겠다 ㅋㅋ,피아제 저 방에 말 저래 많이 하는거 처음보네 막가놈 ㄹㅇ 은퇴하면 팟캐스트 진행자 해야겠다 ㅋㅋ,0.10028722882270813,0.18977396190166473,0.26935628056526184,0.2016264945268631,0.09009386599063873,0.14886219799518585
2024-09-22 22:59:47,피아스트리도 팟캐스트 잘할거같음,ㅋㅋㅋㅋ,After Lap,,피아스트리도 팟캐스트 잘할거같음 ㅋㅋㅋㅋ,피아스트리도 팟캐스트 잘할거같음 ㅋㅋㅋㅋ,0.5682020783424377,0.16442111134529114,0.1275797188282013,0.06114070490002632,0.031724996864795685,0.04693131521344185
2024-09-22 22:59:55,막스 있으니까 역시 쿨다운룸 분위기 좋네,ㅋㅋㅋㅋㅋㅋ,After Lap,,막스 있으니까 역시 쿨다운룸 분위기 좋네 ㅋㅋㅋㅋㅋㅋ,막스 있으니까 역시 쿨다운룸 분위기 좋네 ㅋㅋㅋㅋㅋㅋ,0.7110601663589478,0.10860096663236618,0.06209459528326988,0.05360843986272812,0.03856019675731659,0.026075638830661774
2024-09-22 22:59:55,1위 2위 3위 차이가 10초이상씩 차이나냐 ㅋㅋㅋㅋㅋ,"시발 ㅋㅋㅋㅋ 1 2 3 위가 크루징으로 클린에어로 독주행하는 서킷이 말이됨?
개노잼 서킷 ㅋㅋ",After Lap,,"1위 2위 3위 차이가 10초이상씩 차이나냐 ㅋㅋㅋㅋㅋ 시발 ㅋㅋㅋㅋ 1 2 3 위가 크루징으로 클린에어로 독주행하는 서킷이 말이됨?
개노잼 서킷 ㅋㅋ",1위 2위 3위 차이가 10초이상씩 차이나냐 ㅋㅋㅋㅋㅋ 시발 ㅋㅋㅋㅋ 1 2 3 위가 크루징으로 클린에어로 독주행하는 서킷이 말이됨? 개노잼 서킷 ㅋㅋ,0.08864037692546844,0.29422396421432495,0.1704828441143036,0.2148430496454239,0.16872473061084747,0.06308507919311523
2024-09-22 22:59:56,추월 존나 안나서 DRS하나 더 추가해줬는데,그래도 씹노잼 서킷이네 시발,After Lap,,추월 존나 안나서 DRS하나 더 추가해줬는데 그래도 씹노잼 서킷이네 시발,추월 존나 안나서 DRS하나 더 추가해줬는데 그래도 씹노잼 서킷이네 시발,0.12645402550697327,0.2659086585044861,0.10471613705158234,0.2408844232559204,0.21389621496200562,0.048140525817871094
2024-09-22 22:59:57,노리스 오늘 샴페인 어디뿌릴까,"오늘은 드라이버한테 뿌려주겠지?
- dc official App",After Lap,,"노리스 오늘 샴페인 어디뿌릴까 오늘은 드라이버한테 뿌려주겠지?
- dc official App",노리스 오늘 샴페인 어디뿌릴까 오늘은 드라이버한테 뿌려주겠지?,0.45706555247306824,0.18201036751270294,0.1729479730129242,0.07539934664964676,0.05555608496069908,0.05702070891857147
2024-09-22 22:59:58,막스) 시발 너 나 한 랩 따라잡는줄 ㅋㅋㅋ,,After Lap,,막스) 시발 너 나 한 랩 따라잡는줄 ㅋㅋㅋ ,막스) 시발 너 나 한 랩 따라잡는줄 ㅋㅋㅋ,0.27059441804885864,0.24518314003944397,0.1971445232629776,0.1296890377998352,0.0593421570956707,0.09804674237966537
2024-09-22 22:59:58,노짱 오늘은 모자 안던지네ㅋㅋ,크루징 했다 이거야ㅋㅋ,After Lap,,노짱 오늘은 모자 안던지네ㅋㅋ 크루징 했다 이거야ㅋㅋ,노짱 오늘은 모자 안던지네ㅋㅋ 크루징 했다 이거야ㅋㅋ,0.6611911654472351,0.12045331299304962,0.06897251307964325,0.06415960192680359,0.050833508372306824,0.034389860928058624
