post_timestamp,post_title,post_content,Lap_Label,LapNumber,combined_raw_text,processed_text,LABEL_0,LABEL_4,LABEL_1,LABEL_5,LABEL_3,LABEL_2
2024-05-19 22:00:07,길막하고 3그리드?,"5그리드 해야제
사람 한명 인생 망쳤는데
- dc official App",Before Lap,,"길막하고 3그리드? 5그리드 해야제
사람 한명 인생 망쳤는데
- dc official App",길막하고 3그리드? 5그리드 해야제 사람 한명 인생 망쳤는데,0.25006505846977234,0.2196977734565735,0.19779221713542938,0.18387949466705322,0.08945254981517792,0.05911293998360634
2024-05-19 22:00:16,착석 완료,두걔쟤,Before Lap,,착석 완료 두걔쟤,착석 완료 두걔쟤,0.055456217378377914,0.0406363382935524,0.1109456717967987,0.06465907394886017,0.7010164260864258,0.027286283671855927
2024-05-19 22:00:17,쿠팡 세나랑 막스랑 어깨 나란히 한다 하는데,"막스가 존나 좆사기 캐릭터는 맞는데
그래도 세나랑 동급은 아니지 않음?
- dc official App",Before Lap,,"쿠팡 세나랑 막스랑 어깨 나란히 한다 하는데 막스가 존나 좆사기 캐릭터는 맞는데
그래도 세나랑 동급은 아니지 않음?
- dc official App",쿠팡 세나랑 막스랑 어깨 나란히 한다 하는데 막스가 존나 좆사기 캐릭터는 맞는데 그래도 세나랑 동급은 아니지 않음?,0.1655859649181366,0.11649972200393677,0.23857757449150085,0.30849242210388184,0.0835462212562561,0.08729808777570724
2024-05-19 22:00:18,앱 텔레메트리,"공식앱이랑 멀티뷰어랑 1분 차이나노
영상도 1분차이 ㅋㅋ
- dc official App",Before Lap,,"앱 텔레메트리 공식앱이랑 멀티뷰어랑 1분 차이나노
영상도 1분차이 ㅋㅋ
- dc official App",앱 텔레메트리 공식앱이랑 멀티뷰어랑 1분 차이나노 영상도 1분차이 ㅋㅋ,0.12716060876846313,0.06657727062702179,0.2894912660121918,0.2715142071247101,0.1631581038236618,0.08209850639104843
2024-05-19 22:00:33,알론소 소프트 스타트 미친놈 ㅋㅋㅋㅋㅋ,,Before Lap,,알론소 소프트 스타트 미친놈 ㅋㅋㅋㅋㅋ ,알론소 소프트 스타트 미친놈 ㅋㅋㅋㅋㅋ,0.06356438994407654,0.029355360195040703,0.12190904468297958,0.09487861394882202,0.6632768511772156,0.02701571211218834
2024-05-19 22:00:31,레이스 스타트 타이어 정리,,Before Lap,,레이스 스타트 타이어 정리 ,레이스 스타트 타이어 정리,0.08047325164079666,0.04794006794691086,0.19285745918750763,0.15125824511051178,0.4862922132015228,0.04117875546216965
2024-05-19 22:00:42,대라렌 가즈아,가즈아,Before Lap,,대라렌 가즈아 가즈아,대라렌 가즈아 가즈아,0.059294428676366806,0.04078976809978485,0.11986906081438065,0.07919270545244217,0.6721537709236145,0.028700249269604683
2024-05-19 22:00:45,알론소 : 오늘 점수따기 힘들다.,"인터뷰 요약
- 좋든 싫든 우린 점수 따기 힘들다.
- 이번 경기는 사실상 연습세션이다.
- 몇 가지 결론을 내리고 레이스 마치길 바란다.
출처 : lap by lap
* 영어실력 딸려서 의역 좀 있음
- dc official App",Before Lap,,"알론소 : 오늘 점수따기 힘들다. 인터뷰 요약
- 좋든 싫든 우린 점수 따기 힘들다.
- 이번 경기는 사실상 연습세션이다.
- 몇 가지 결론을 내리고 레이스 마치길 바란다.
출처 : lap by lap
* 영어실력 딸려서 의역 좀 있음
- dc official App",알론소 : 오늘 점수따기 힘들다. 인터뷰 요약 - 좋든 싫든 우린 점수 따기 힘들다. - 이번 경기는 사실상 연습세션이다. - 몇 가지 결론을 내리고 레이스 마치길 바란다. 출처 : lap by lap * 영어실력 딸려서 의역 좀 있음,0.10313425213098526,0.12801559269428253,0.3241296410560608,0.17975680530071259,0.18656963109970093,0.0783941000699997
2024-05-19 22:00:55,페레즈는 하드네,,Before Lap,,페레즈는 하드네 ,페레즈는 하드네,0.1035943403840065,0.055598098784685135,0.2876800000667572,0.285096138715744,0.19139927625656128,0.07663217931985855
2024-05-19 22:00:56,근데 세나 죽은거,탐부렐로에 타이어 월만 있었어도 안 죽었음?,Before Lap,,근데 세나 죽은거 탐부렐로에 타이어 월만 있었어도 안 죽었음?,근데 세나 죽은거 탐부렐로에 타이어 월만 있었어도 안 죽었음?,0.13079829514026642,0.08043614029884338,0.2047976851463318,0.34853312373161316,0.1147158220410347,0.12071888893842697
2024-05-19 22:01:15,제발 1랩 어뢰 터져라,스트롤 너만 믿는다,Before Lap,,제발 1랩 어뢰 터져라 스트롤 너만 믿는다,제발 1랩 어뢰 터져라 스트롤 너만 믿는다,0.13298718631267548,0.14561288058757782,0.17199444770812988,0.19422310590744019,0.27391472458839417,0.08126766979694366
2024-05-19 22:01:16,애마의 타이어전략은 알수없다,진짜뭐임,Before Lap,,애마의 타이어전략은 알수없다 진짜뭐임,애마의 타이어전략은 알수없다 진짜뭐임,0.1319810152053833,0.10746867209672928,0.24337750673294067,0.3369455337524414,0.09675721079111099,0.08347006887197495
2024-05-19 22:01:19,쿠팡에게 건의한다,"따로 원하는 사람만 추가 요금 결제 받고
돈 낸 사람만 4k 화질로 스트리밍 해주면 안 될까??",Before Lap,,"쿠팡에게 건의한다 따로 원하는 사람만 추가 요금 결제 받고
돈 낸 사람만 4k 화질로 스트리밍 해주면 안 될까??",쿠팡에게 건의한다 따로 원하는 사람만 추가 요금 결제 받고 돈 낸 사람만 4k 화질로 스트리밍 해주면 안 될까??,0.1253133863210678,0.19844307005405426,0.28602561354637146,0.19748619198799133,0.13207626342773438,0.06065551936626434
2024-05-19 22:01:22,원래 이몰라에서 출발때 사고 많이 났음?,"시작이 젤 중요하다길래
작년 중반 입문이라 잘 몰라요…
- dc official App",Before Lap,,"원래 이몰라에서 출발때 사고 많이 났음? 시작이 젤 중요하다길래
작년 중반 입문이라 잘 몰라요…
- dc official App",원래 이몰라에서 출발때 사고 많이 났음? 시작이 젤 중요하다길래 작년 중반 입문이라 잘 몰라요…,0.10065053403377533,0.08296802639961243,0.25939539074897766,0.31247076392173767,0.14467862248420715,0.09983661025762558
2024-05-19 22:01:26,빨간 플레어 가져왔노ㅋㅋㅋㅋㅋㅋㅋㅋㅋㅋㅋㅋ,,Before Lap,,빨간 플레어 가져왔노ㅋㅋㅋㅋㅋㅋㅋㅋㅋㅋㅋㅋ ,빨간 플레어 가져왔노ㅋㅋㅋㅋㅋㅋㅋㅋㅋㅋㅋㅋ,0.08184269070625305,0.03473936766386032,0.19007505476474762,0.16630567610263824,0.48155879974365234,0.04547838121652603
2024-05-19 22:01:28,티포시의 주말 스타트,,Before Lap,,티포시의 주말 스타트 ,티포시의 주말 스타트,0.06787368655204773,0.0408720001578331,0.13488061726093292,0.08954916894435883,0.6400874853134155,0.026737118139863014
2024-05-19 22:01:29,캬 오늘 진짜 알차네,"아침에 nba 저녁에 롤대회 밤에 f1
ㅆㅆ",Before Lap,,"캬 오늘 진짜 알차네 아침에 nba 저녁에 롤대회 밤에 f1
ㅆㅆ",캬 오늘 진짜 알차네 아침에 nba 저녁에 롤대회 밤에 f1 ㅆㅆ,0.057708755135536194,0.03810214623808861,0.11977115273475647,0.0638287290930748,0.6960591077804565,0.02453002706170082
2024-05-19 22:01:31,포메이션 랩은 뭐냐?,바로 시작하는거 아님? LA그랑프리는 도중에봐서..,Before Lap,,포메이션 랩은 뭐냐? 바로 시작하는거 아님? LA그랑프리는 도중에봐서..,포메이션 랩은 뭐냐? 바로 시작하는거 아님? LA그랑프리는 도중에봐서..,0.08825758099555969,0.06095537170767784,0.249544158577919,0.2786363363265991,0.2473832070827484,0.07522334158420563
2024-05-19 22:01:45,님들 저 ㅈ됐음,치킨 방금 다 먹음,Before Lap,,님들 저 ㅈ됐음 치킨 방금 다 먹음,님들 저 ㅈ됐음 치킨 방금 다 먹음,0.13735781610012054,0.12085796892642975,0.29395827651023865,0.17969536781311035,0.15088596940040588,0.11724455654621124
2024-05-19 22:01:45,"페레즈, 어뢰를 시작해",,Before Lap,,"페레즈, 어뢰를 시작해 ","페레즈, 어뢰를 시작해",0.08882409334182739,0.058029770851135254,0.18407341837882996,0.242094486951828,0.357464075088501,0.06951416283845901
2024-05-19 22:01:50,쥬지 폴한번만 가자,천운이 따른다면,Before Lap,,쥬지 폴한번만 가자 천운이 따른다면,쥬지 폴한번만 가자 천운이 따른다면,0.06383585184812546,0.05321837216615677,0.15598908066749573,0.11250133812427521,0.5600958466529846,0.054359450936317444
2024-05-19 22:02:06,핏레인 스타트라서 뭐 타이어가 엄청나게 큰 영향을 미칠까 싶긴 한데,,Before Lap,,핏레인 스타트라서 뭐 타이어가 엄청나게 큰 영향을 미칠까 싶긴 한데 ,핏레인 스타트라서 뭐 타이어가 엄청나게 큰 영향을 미칠까 싶긴 한데,0.0960109680891037,0.08233757317066193,0.2636761963367462,0.2862547039985657,0.2020394504070282,0.06968103349208832
2024-05-19 22:02:10,먹을거 준비안했는데,종이나 씹어먹어야겠노..,Before Lap,,먹을거 준비안했는데 종이나 씹어먹어야겠노..,먹을거 준비안했는데 종이나 씹어먹어야겠노..,0.1748904436826706,0.21449846029281616,0.29735007882118225,0.12829728424549103,0.10486432909965515,0.08009949326515198
2024-05-19 22:02:14,체코만 믿는다,,Before Lap,,체코만 믿는다 ,체코만 믿는다,0.07733379304409027,0.08172372728586197,0.1782010942697525,0.14660397171974182,0.46911025047302246,0.04702714458107948
2024-05-19 22:02:25,낭만 ㅈ되노 ㅋㅋ,- dc official App,Before Lap,,낭만 ㅈ되노 ㅋㅋ - dc official App,낭만 ㅈ되노 ㅋㅋ - dc official App,0.05634085461497307,0.03358463943004608,0.10549771785736084,0.07124733179807663,0.7102047801017761,0.0231246929615736
2024-05-19 22:02:32,홍염 지랄났네 ㅋㅋㅋㅋㅋ,,Before Lap,,홍염 지랄났네 ㅋㅋㅋㅋㅋ ,홍염 지랄났네 ㅋㅋㅋㅋㅋ,0.20662452280521393,0.0777202919125557,0.22354114055633545,0.16678045690059662,0.25361642241477966,0.07171718776226044
2024-05-19 22:02:32,연막 입갤ㅋㅋㅋㅋㅋㅋ,,Before Lap,,연막 입갤ㅋㅋㅋㅋㅋㅋ ,연막 입갤ㅋㅋㅋㅋㅋㅋ,0.06715501099824905,0.033997636288404465,0.12625935673713684,0.09338613599538803,0.6513943076133728,0.02780756726861
2024-05-19 22:02:33,빨간 연막탄,"존나 뽕차네 ㅋㅋ
- dc official App",Before Lap,,"빨간 연막탄 존나 뽕차네 ㅋㅋ
- dc official App",빨간 연막탄 존나 뽕차네 ㅋㅋ,0.07018369436264038,0.03569966182112694,0.1393689215183258,0.10232693701982498,0.6217356324195862,0.03068510815501213
2024-05-19 22:02:34,홍염 미쳣네 ㅋㅋㅋㅋㅋㅋ,,Before Lap,,홍염 미쳣네 ㅋㅋㅋㅋㅋㅋ ,홍염 미쳣네 ㅋㅋㅋㅋㅋㅋ,0.06031012535095215,0.028920182958245277,0.13772515952587128,0.11919335275888443,0.6203590631484985,0.03349215164780617
2024-05-19 22:02:35,홍염 씹ㅋㅋㅋㅋ,ㅋㅋㅋ,Before Lap,,홍염 씹ㅋㅋㅋㅋ ㅋㅋㅋ,홍염 씹ㅋㅋㅋㅋ ㅋㅋㅋ,0.09068334102630615,0.04326112940907478,0.1648121029138565,0.09908045083284378,0.5704929232597351,0.031670015305280685
2024-05-19 22:02:35,캬 저거지 ㅅㅂㅋㅋㅋㅋㅋㅋㅋㅋㅋㅋ,,Before Lap,,캬 저거지 ㅅㅂㅋㅋㅋㅋㅋㅋㅋㅋㅋㅋ ,캬 저거지 ㅅㅂㅋㅋㅋㅋㅋㅋㅋㅋㅋㅋ,0.07018966227769852,0.03773893415927887,0.14298748970031738,0.11155635863542557,0.6004933714866638,0.03703411668539047
2024-05-19 22:02:36,엪원 많이 보나봐,"쿠팡 끊기는거 가터
- dc official App",Before Lap,,"엪원 많이 보나봐 쿠팡 끊기는거 가터
- dc official App",엪원 많이 보나봐 쿠팡 끊기는거 가터,0.11505784839391708,0.11171688884496689,0.3128497004508972,0.26928919553756714,0.094631128013134,0.09645525366067886
2024-05-19 22:02:41,아일턴세나가 뭐가 그렇게 대단함?,왤케 성역시하지?,Before Lap,,아일턴세나가 뭐가 그렇게 대단함? 왤케 성역시하지?,아일턴세나가 뭐가 그렇게 대단함? 왤케 성역시하지?,0.16525404155254364,0.12155718356370926,0.24239373207092285,0.3140600323677063,0.08020971715450287,0.07652532309293747
2024-05-19 22:02:43,연막 뭐임ㅋㅋ,ㅋㅋㅋㅋㅋ,Before Lap,,연막 뭐임ㅋㅋ ㅋㅋㅋㅋㅋ,연막 뭐임ㅋㅋ ㅋㅋㅋㅋㅋ,0.1285247653722763,0.06506813317537308,0.3049013316631317,0.241750106215477,0.18609076738357544,0.07366487383842468
2024-05-19 22:02:43,플레어 씨발 ㅋㅋㅋㅋㅋㅋ,,Before Lap,,플레어 씨발 ㅋㅋㅋㅋㅋㅋ ,플레어 씨발 ㅋㅋㅋㅋㅋㅋ,0.13866770267486572,0.06136253848671913,0.21462519466876984,0.1219191700220108,0.41840890049934387,0.04501652717590332
2024-05-19 22:02:48,티포시 규모 개무섭네,ㅎㄷㄷ,Before Lap,,티포시 규모 개무섭네 ㅎㄷㄷ,티포시 규모 개무섭네 ㅎㄷㄷ,0.12327103316783905,0.062439873814582825,0.19221705198287964,0.3600013852119446,0.1511911153793335,0.11087959259748459
2024-05-19 22:02:48,연막 ㅋㅋㅋㅋㅋ,,Before Lap,,연막 ㅋㅋㅋㅋㅋ ,연막 ㅋㅋㅋㅋㅋ,0.09880543500185013,0.04379960149526596,0.19379878044128418,0.14081813395023346,0.48203814029693604,0.04073992371559143
2024-05-19 22:02:50,오렌지들이 하는거 보고 자기들도 하는거냐?,,Before Lap,,오렌지들이 하는거 보고 자기들도 하는거냐? ,오렌지들이 하는거 보고 자기들도 하는거냐?,0.1658155769109726,0.11011102795600891,0.2110273241996765,0.333855003118515,0.08340077102184296,0.0957903116941452
2024-05-19 22:02:54,홍염씨발ㅋㅋㅋ,,Before Lap,,홍염씨발ㅋㅋㅋ ,홍염씨발ㅋㅋㅋ,0.2821672558784485,0.11569465696811676,0.23759663105010986,0.13295531272888184,0.16970674693584442,0.06187940761446953
2024-05-19 22:02:58,마 저게 근본이다,"오렌지 연기 새끼들은 꺼져라
- dc official App",Before Lap,,"마 저게 근본이다 오렌지 연기 새끼들은 꺼져라
- dc official App",마 저게 근본이다 오렌지 연기 새끼들은 꺼져라,0.19164609909057617,0.18511351943016052,0.17662011086940765,0.16380085051059723,0.19040492177009583,0.0924145057797432
2024-05-19 22:03:05,티포시의 주말을 기다린다 음음,제ㅔ발,Before Lap,,티포시의 주말을 기다린다 음음 제ㅔ발,티포시의 주말을 기다린다 음음 제ㅔ발,0.07210880517959595,0.0603892020881176,0.1506684422492981,0.08539755642414093,0.5969171524047852,0.034518804401159286
2024-05-19 22:03:07,슈마허 그 곳에선 잘 보고 있죠?,집에서 잘 보는 중,Before Lap,,슈마허 그 곳에선 잘 보고 있죠? 집에서 잘 보는 중,슈마허 그 곳에선 잘 보고 있죠? 집에서 잘 보는 중,0.05388198047876358,0.0479305274784565,0.1471785306930542,0.08541396260261536,0.6287357211112976,0.03685929253697395
2024-05-19 22:03:11,ㄷㄱㄷㄱ,"페라리 맥라렌 해보자
- dc official App",Before Lap,,"ㄷㄱㄷㄱ 페라리 맥라렌 해보자
- dc official App",ㄷㄱㄷㄱ 페라리 맥라렌 해보자,0.06514829397201538,0.03576907515525818,0.14983835816383362,0.13043852150440216,0.5755124688148499,0.043293293565511703
2024-05-19 22:03:11,제발 몽골 노리스 충돌,"페라리 원 투 가자
- dc official App",Before Lap,,"제발 몽골 노리스 충돌 페라리 원 투 가자
- dc official App",제발 몽골 노리스 충돌 페라리 원 투 가자,0.11661593616008759,0.09663715213537216,0.18974530696868896,0.16797782480716705,0.36354371905326843,0.06548008322715759
2024-05-19 22:03:13,오늘 피트출발 있어???,"ㅇㅇ?
- dc official App",Before Lap,,"오늘 피트출발 있어??? ㅇㅇ?
- dc official App",오늘 피트출발 있어??? ㅇㅇ?,0.08299938589334488,0.053990576416254044,0.218486949801445,0.2967640459537506,0.2616935968399048,0.08606541901826859
2024-05-19 22:03:14,알론소 핏레인스타트임?,- dc official App,Before Lap,,알론소 핏레인스타트임? - dc official App,알론소 핏레인스타트임? - dc official App,0.09104443341493607,0.0496504120528698,0.21279864013195038,0.282094269990921,0.3075389266014099,0.05687339976429939
2024-05-19 22:03:15,몽골아 ㅋㅋㅋ,ㅋ,Before Lap,,몽골아 ㅋㅋㅋ ㅋ,몽골아 ㅋㅋㅋ ㅋ,0.06801998615264893,0.036130014806985855,0.16178163886070251,0.10143014043569565,0.5985193848609924,0.03411886841058731
2024-05-19 22:03:15,누리스 집중어택 ㅋㅋㅋㅋ,,Before Lap,,누리스 집중어택 ㅋㅋㅋㅋ ,누리스 집중어택 ㅋㅋㅋㅋ,0.061374813318252563,0.031100990250706673,0.11307325959205627,0.08404067158699036,0.6856193542480469,0.024790963158011436
2024-05-19 22:03:17,뉴비 지금 준비 땅인줄 ㅠㅠ,막스가 왓다리 갓다리 지그재그 해서 미친놈인줄 알앗뇨,Before Lap,,뉴비 지금 준비 땅인줄 ㅠㅠ 막스가 왓다리 갓다리 지그재그 해서 미친놈인줄 알앗뇨,뉴비 지금 준비 땅인줄 ㅠㅠ 막스가 왓다리 갓다리 지그재그 해서 미친놈인줄 알앗뇨,0.13585053384304047,0.09546958655118942,0.28384506702423096,0.21767957508563995,0.15747486054897308,0.10968033224344254
2024-05-19 22:03:19,ㅋㅋㅋㅋ저렇게 서버리네,신기,Before Lap,,ㅋㅋㅋㅋ저렇게 서버리네 신기,ㅋㅋㅋㅋ저렇게 서버리네 신기,0.08718743175268173,0.03742999583482742,0.22107690572738647,0.27812594175338745,0.29767757654190063,0.07850220799446106
2024-05-19 22:03:19,츠노다 우승기원,ㅋ,Before Lap,,츠노다 우승기원 ㅋ,츠노다 우승기원 ㅋ,0.05769845098257065,0.03800899162888527,0.118837371468544,0.07791472226381302,0.6774585843086243,0.03008190169930458
2024-05-19 22:03:15,오 시발 못볼뻔,,Before Lap,,오 시발 못볼뻔 ,오 시발 못볼뻔,0.22576308250427246,0.1487986147403717,0.2753225266933441,0.15061835944652557,0.12358357012271881,0.07591388374567032
2024-05-19 22:03:24,저 ㅈ 같은 연막탄은 어디서 사오는거냐 ㅋㅋㅋ,제곧내,Before Lap,,저 ㅈ 같은 연막탄은 어디서 사오는거냐 ㅋㅋㅋ 제곧내,저 ㅈ 같은 연막탄은 어디서 사오는거냐 ㅋㅋㅋ 제곧내,0.3072974979877472,0.15845537185668945,0.20484282076358795,0.12848056852817535,0.12918922305107117,0.0717344582080841
2024-05-19 22:03:24,티포시 연막 뭐냐 ㅋㅋㅋㅋ 몽골견 급이노,,Before Lap,,티포시 연막 뭐냐 ㅋㅋㅋㅋ 몽골견 급이노 ,티포시 연막 뭐냐 ㅋㅋㅋㅋ 몽골견 급이노,0.16982083022594452,0.07666981965303421,0.22080260515213013,0.31700563430786133,0.1007986068725586,0.1149025559425354
2024-05-19 22:03:26,차 저렇게 삐뚤게 세워도 되냐?,ㅋㅋㅋㅋ,Before Lap,,차 저렇게 삐뚤게 세워도 되냐? ㅋㅋㅋㅋ,차 저렇게 삐뚤게 세워도 되냐? ㅋㅋㅋㅋ,0.17827843129634857,0.08426561951637268,0.23117125034332275,0.2777782082557678,0.11076875776052475,0.117737777531147
2024-05-19 22:03:27,직부세팅완료 ㅋㅋㅋㅋㅋㅋ,,Before Lap,,직부세팅완료 ㅋㅋㅋㅋㅋㅋ ,직부세팅완료 ㅋㅋㅋㅋㅋㅋ,0.0653640553355217,0.049666181206703186,0.11906348168849945,0.07186426222324371,0.66410231590271,0.02993970736861229
2024-05-19 22:03:33,지금 레이스 시작함?,옦똒해,Before Lap,,지금 레이스 시작함? 옦똒해,지금 레이스 시작함? 옦똒해,0.07659777253866196,0.042259156703948975,0.19680792093276978,0.22502800822257996,0.39813777804374695,0.061169326305389404
2024-05-19 22:03:34,몽골이랑 노리스 키스마려우면 개추 ㅋㅋㅋ,,Before Lap,,몽골이랑 노리스 키스마려우면 개추 ㅋㅋㅋ ,몽골이랑 노리스 키스마려우면 개추 ㅋㅋㅋ,0.06993593275547028,0.03413499891757965,0.15638642013072968,0.13632188737392426,0.557356595993042,0.04586413502693176
2024-05-19 22:03:34,티포시 보고 탈다림 생각나는 거 나만 그러냐,"홍염 터뜨리고 빨간 옷까지 입으니까 ㄹㅇ 탈다림 생각남
- dc official App",Before Lap,,"티포시 보고 탈다림 생각나는 거 나만 그러냐 홍염 터뜨리고 빨간 옷까지 입으니까 ㄹㅇ 탈다림 생각남
- dc official App",티포시 보고 탈다림 생각나는 거 나만 그러냐 홍염 터뜨리고 빨간 옷까지 입으니까 ㄹㅇ 탈다림 생각남,0.14137868583202362,0.06939876079559326,0.2158329337835312,0.3190954327583313,0.11639867722988129,0.13789549469947815
2024-05-19 22:03:39,역시 유럽서킷은 뭔가 낭만이 있음,노근본 짱깨 사막 기름쟁이들 레이스와 궤를 달리함,1,1.0,역시 유럽서킷은 뭔가 낭만이 있음 노근본 짱깨 사막 기름쟁이들 레이스와 궤를 달리함,역시 유럽서킷은 뭔가 낭만이 있음 노근본 짱깨 사막 기름쟁이들 레이스와 궤를 달리함,0.11009790748357773,0.06584955751895905,0.21303366124629974,0.2534955143928528,0.22807222604751587,0.12945117056369781
2024-05-19 22:03:39,3연속 노잼 서킷 맞음?,??,1,1.0,3연속 노잼 서킷 맞음? ??,3연속 노잼 서킷 맞음? ??,0.16499657928943634,0.16814380884170532,0.3195926547050476,0.18751898407936096,0.10491031408309937,0.05483754724264145
2024-05-19 22:03:40,가보자,,1,1.0,가보자 ,가보자,0.061618853360414505,0.04218883439898491,0.14940732717514038,0.11646439135074615,0.5903884172439575,0.03993214666843414
2024-05-19 22:03:43,제발 몽골 리타,"제발 가자
- dc official App",1,1.0,"제발 몽골 리타 제발 가자
- dc official App",제발 몽골 리타 제발 가자,0.13038134574890137,0.1449001580476761,0.22555263340473175,0.13589850068092346,0.2914296090602875,0.0718376412987709
2024-05-19 22:03:43,어우막,ㄹㅇ,1,1.0,어우막 ㄹㅇ,어우막 ㄹㅇ,0.15938366949558258,0.07024233043193817,0.2121642529964447,0.257590651512146,0.1901492029428482,0.11046984046697617
2024-05-19 22:03:43,드가자,ㄱㄱ,1,1.0,드가자 ㄱㄱ,드가자 ㄱㄱ,0.05659079924225807,0.039494551718235016,0.11923066526651382,0.08680089563131332,0.6663661003112793,0.031516917049884796
2024-05-19 22:03:49,하나 둘 셋 막스 화이팅!!,,1,1.0,하나 둘 셋 막스 화이팅!! ,하나 둘 셋 막스 화이팅!!,0.05833609774708748,0.03984493017196655,0.12196674942970276,0.08050429075956345,0.6649964451789856,0.03435142710804939
2024-05-19 22:03:49,ㄱㄱ,,1,1.0,ㄱㄱ ,ㄱㄱ,0.06768818199634552,0.037374548614025116,0.12511314451694489,0.10316655784845352,0.6360461711883545,0.030611464753746986
2024-05-19 22:03:51,드가자 ㅋㅋㅋㅋㅋ,,1,1.0,드가자 ㅋㅋㅋㅋㅋ ,드가자 ㅋㅋㅋㅋㅋ,0.05551791563630104,0.035866204649209976,0.11003421247005463,0.07002782076597214,0.7035560011863708,0.024997830390930176
2024-05-19 22:03:51,레이스 스따뜨ㅋㅋㅋㅋㅋㅋㅋㅋ,,1,1.0,레이스 스따뜨ㅋㅋㅋㅋㅋㅋㅋㅋ ,레이스 스따뜨ㅋㅋㅋㅋㅋㅋㅋㅋ,0.0655425488948822,0.03183678910136223,0.11452709883451462,0.0841742604970932,0.6800612807273865,0.023858079686760902
2024-05-19 22:03:51,아무나 어뢰해 제발,,1,1.0,아무나 어뢰해 제발 ,아무나 어뢰해 제발,0.12052021920681,0.14279326796531677,0.20892389118671417,0.20661869645118713,0.21216470003128052,0.10897926986217499
2024-05-19 22:03:54,드가자,,1,1.0,드가자 ,드가자,0.05700100585818291,0.04296044260263443,0.12626060843467712,0.0913364365696907,0.648017406463623,0.03442419692873955
2024-05-19 22:03:55,자드가자,아아아,1,1.0,자드가자 아아아,자드가자 아아아,0.10286320000886917,0.08497795462608337,0.18016931414604187,0.09295545518398285,0.49959495663642883,0.039439111948013306
2024-05-19 22:03:50,홍세먼지 ㅋㅋㅋㅋ,,1,1.0,홍세먼지 ㅋㅋㅋㅋ ,홍세먼지 ㅋㅋㅋㅋ,0.26951923966407776,0.12235493957996368,0.2590440511703491,0.10598037391901016,0.1901128739118576,0.052988506853580475
2024-05-19 22:04:00,막스는 시발 내가 볼때마다 우승 못하네,뭐 있나..?,1,1.0,막스는 시발 내가 볼때마다 우승 못하네 뭐 있나..?,막스는 시발 내가 볼때마다 우승 못하네 뭐 있나..?,0.233370840549469,0.20749139785766602,0.2516016662120819,0.1666198968887329,0.07219985872507095,0.06871628761291504
2024-05-19 22:04:04,가속을~~~시작합니다!!,wwwwww,1,1.0,가속을~~~시작합니다!! wwwwww,가속을~~~시작합니다!! wwwwww,0.05668914318084717,0.03567176312208176,0.1143612191081047,0.07716213911771774,0.6911226511001587,0.02499314956367016
2024-05-19 22:04:07,시쟉 ㅋㅋㅋ,,1,1.0,시쟉 ㅋㅋㅋ ,시쟉 ㅋㅋㅋ,0.06698396056890488,0.03454754874110222,0.11721643060445786,0.08705628663301468,0.6660682559013367,0.028127579018473625
2024-05-19 22:04:13,게임끝 ㅋㅋㅋ,- dc official App,1,1.0,게임끝 ㅋㅋㅋ - dc official App,게임끝 ㅋㅋㅋ - dc official App,0.06393933296203613,0.03768811747431755,0.11996391415596008,0.0883089080452919,0.6612821221351624,0.02881753258407116
2024-05-19 22:04:19,레이스 다봤네 수고,,1,1.0,레이스 다봤네 수고 ,레이스 다봤네 수고,0.06052381172776222,0.05282358452677727,0.14275866746902466,0.06359358131885529,0.6532531976699829,0.027047082781791687
2024-05-19 22:04:20,종신좌 드레이크는 좆바르겠노 ㅋㅋㅋㅋㅋㅋ,ㅋㅋㅋㅋㅋ,1,1.0,종신좌 드레이크는 좆바르겠노 ㅋㅋㅋㅋㅋㅋ ㅋㅋㅋㅋㅋ,종신좌 드레이크는 좆바르겠노 ㅋㅋㅋㅋㅋㅋ ㅋㅋㅋㅋㅋ,0.07117301970720291,0.029057353734970093,0.18139538168907166,0.17716652154922485,0.47517186403274536,0.06603579223155975
2024-05-19 22:04:20,아니 시발 벌써 벌어짐? ㅋㅋㅋ,"뭐냐 진짜
- dc official App",1,1.0,"아니 시발 벌써 벌어짐? ㅋㅋㅋ 뭐냐 진짜
- dc official App",아니 시발 벌써 벌어짐? ㅋㅋㅋ 뭐냐 진짜,0.18345946073532104,0.10810905694961548,0.255004346370697,0.23561961948871613,0.10796257108449936,0.10984489321708679
2024-05-19 22:04:22,캬 씨발 지리노 ㅋㅋㅋㅋ,,1,1.0,캬 씨발 지리노 ㅋㅋㅋㅋ ,캬 씨발 지리노 ㅋㅋㅋㅋ,0.08469600230455399,0.03736131265759468,0.16587580740451813,0.14491845667362213,0.5253663659095764,0.04178204759955406
2024-05-19 22:04:25,막스우승ㅋㅋ,,1,1.0,막스우승ㅋㅋ ,막스우승ㅋㅋ,0.052245400846004486,0.03397155553102493,0.11553917825222015,0.06645116209983826,0.7046985030174255,0.027094224467873573
2024-05-19 22:04:28,막스 스타팅그리드에서부터 노리스 방향이네 차가 ㅋㅋ,,1,1.0,막스 스타팅그리드에서부터 노리스 방향이네 차가 ㅋㅋ ,막스 스타팅그리드에서부터 노리스 방향이네 차가 ㅋㅋ,0.09537070244550705,0.03649891912937164,0.2235986888408661,0.30533280968666077,0.2564844489097595,0.08271446824073792
2024-05-19 22:04:29,어우막 ㅈㅈ,,1,1.0,어우막 ㅈㅈ ,어우막 ㅈㅈ,0.27582645416259766,0.16243751347064972,0.23293480277061462,0.12931983172893524,0.13948096334934235,0.06000044196844101
2024-05-19 22:04:32,레이스 끝,ㅂㅂ,1,1.0,레이스 끝 ㅂㅂ,레이스 끝 ㅂㅂ,0.07006713002920151,0.04605890065431595,0.14130154252052307,0.08860175311565399,0.6258047819137573,0.0281659122556448
2024-05-19 22:04:32,레이스 끝났네,ㅅㅂ,1,1.0,레이스 끝났네 ㅅㅂ,레이스 끝났네 ㅅㅂ,0.2730315327644348,0.21708890795707703,0.22340498864650726,0.11008438467979431,0.12868499755859375,0.04770522192120552
2024-05-19 22:04:33,이게 사고가 안나네 ㅋㅋㅋㅋㅋ,ㅋㅋㅋㅋㅋㅋ,1,1.0,이게 사고가 안나네 ㅋㅋㅋㅋㅋ ㅋㅋㅋㅋㅋㅋ,이게 사고가 안나네 ㅋㅋㅋㅋㅋ ㅋㅋㅋㅋㅋㅋ,0.09201443940401077,0.05525550618767738,0.2239430695772171,0.1492910087108612,0.4268537163734436,0.05264225974678993
2024-05-19 22:04:35,개는 짖어도 막스는 달린다,고고혓,1,1.0,개는 짖어도 막스는 달린다 고고혓,개는 짖어도 막스는 달린다 고고혓,0.09216377884149551,0.06880234181880951,0.13545411825180054,0.10041862726211548,0.5564725995063782,0.046688519418239594
2024-05-19 22:04:36,미끌레 스타트부터 미끌 ㅋㅋㅋ,그립 찾아서 다행이지 참,1,1.0,미끌레 스타트부터 미끌 ㅋㅋㅋ 그립 찾아서 다행이지 참,미끌레 스타트부터 미끌 ㅋㅋㅋ 그립 찾아서 다행이지 참,0.08635652810335159,0.08209286630153656,0.19744494557380676,0.08818572014570236,0.5087933540344238,0.03712660074234009
2024-05-19 22:04:40,자러갑시다 ㅋㅋㅋ,ㅅㄱ,1,1.0,자러갑시다 ㅋㅋㅋ ㅅㄱ,자러갑시다 ㅋㅋㅋ ㅅㄱ,0.07185874134302139,0.050805576145648956,0.13378748297691345,0.06660435348749161,0.6500772833824158,0.026866557076573372
2024-05-19 22:04:42,막가놈 어휴,아,1,1.0,막가놈 어휴 아,막가놈 어휴 아,0.3100362718105316,0.19005990028381348,0.17641742527484894,0.15778706967830658,0.10603068768978119,0.059668637812137604
2024-05-19 22:04:45,어우막이네 ㅈㅈ,,1,1.0,어우막이네 ㅈㅈ ,어우막이네 ㅈㅈ,0.2015141248703003,0.21510782837867737,0.291493684053421,0.13591158390045166,0.09773284196853638,0.05823996663093567
2024-05-19 22:04:46,이게 사고가 안나??,,1,1.0,이게 사고가 안나?? ,이게 사고가 안나??,0.1809586137533188,0.11047407984733582,0.2352457195520401,0.2659928798675537,0.10203113406896591,0.10529755800962448
2024-05-19 22:04:46,막스 우승!! ㅋㅋ,ㅈㅈ,1,1.0,막스 우승!! ㅋㅋ ㅈㅈ,막스 우승!! ㅋㅋ ㅈㅈ,0.07658256590366364,0.0620904341340065,0.1388077735900879,0.06390480697154999,0.6218164563179016,0.03679802268743515
2024-05-19 22:04:48,캐스터 너무 심하네,어휴,1,1.0,캐스터 너무 심하네 어휴,캐스터 너무 심하네 어휴,0.19364546239376068,0.17960910499095917,0.3024056851863861,0.17515133321285248,0.07581299543380737,0.07337535172700882
2024-05-19 22:04:48,오늘 강수확률 없냐,비와라,1,1.0,오늘 강수확률 없냐 비와라,오늘 강수확률 없냐 비와라,0.1094808503985405,0.13375407457351685,0.2539123594760895,0.1864205002784729,0.2530669569969177,0.06336534768342972
2024-05-19 22:04:50,겜끝ㅋㅋㅋㅋ,ㅋㅋㅋㅋㅋ,1,1.0,겜끝ㅋㅋㅋㅋ ㅋㅋㅋㅋㅋ,겜끝ㅋㅋㅋㅋ ㅋㅋㅋㅋㅋ,0.07299774885177612,0.04246143251657486,0.12510377168655396,0.07820571959018707,0.6528846621513367,0.02834659069776535
2024-05-19 22:04:51,막가놈땜에 또 개노잼 되겠네,쉬벌,1,1.0,막가놈땜에 또 개노잼 되겠네 쉬벌,막가놈땜에 또 개노잼 되겠네 쉬벌,0.29132774472236633,0.2108093947172165,0.213827982544899,0.10563642531633377,0.1327168494462967,0.04568159580230713
2024-05-19 22:04:56,알론소는 왜케 뒤쳐졌냐?,- dc official App,1,1.0,알론소는 왜케 뒤쳐졌냐? - dc official App,알론소는 왜케 뒤쳐졌냐? - dc official App,0.132025346159935,0.12794409692287445,0.2832624912261963,0.30385658144950867,0.0837208554148674,0.0691906288266182
2024-05-19 22:04:58,"FIA, 네덜란드 국가연주 준비중",,1,1.0,"FIA, 네덜란드 국가연주 준비중 ","FIA, 네덜란드 국가연주 준비중",0.06925395131111145,0.0399010069668293,0.1463819146156311,0.11880912631750107,0.59163498878479,0.03401899337768555
2024-05-19 22:05:03,F1 마이너 갤러리는 베르스타펜의 우승을 확정하겠습니다,정말 눈물이 납니다,1,1.0,F1 마이너 갤러리는 베르스타펜의 우승을 확정하겠습니다 정말 눈물이 납니다,F1 마이너 갤러리는 베르스타펜의 우승을 확정하겠습니다 정말 눈물이 납니다,0.06916168332099915,0.07019591331481934,0.1661113053560257,0.10414662957191467,0.5414370894432068,0.04894748330116272
2024-05-19 22:05:05,와 첫랩을 이렇게 깔끔하게 가네,ㅋㅋㅋ,1,1.0,와 첫랩을 이렇게 깔끔하게 가네 ㅋㅋㅋ,와 첫랩을 이렇게 깔끔하게 가네 ㅋㅋㅋ,0.06447308510541916,0.031948965042829514,0.173361673951149,0.15068268775939941,0.5336554050445557,0.045878227800130844
2024-05-19 22:05:07,알론소 방끔 밀린거임?,ㅋㅋㅋㅋ,2,2.0,알론소 방끔 밀린거임? ㅋㅋㅋㅋ,알론소 방끔 밀린거임? ㅋㅋㅋㅋ,0.10168502479791641,0.05171667039394379,0.24597103893756866,0.2908102869987488,0.20589929819107056,0.10391773283481598
2024-05-19 22:05:08,벌써 노잼이면 개추,"ㅇㄷㄴㅂㅌ ㅋㅋ
- dc official App",2,2.0,"벌써 노잼이면 개추 ㅇㄷㄴㅂㅌ ㅋㅋ
- dc official App",벌써 노잼이면 개추 ㅇㄷㄴㅂㅌ ㅋㅋ,0.14824794232845306,0.07444456964731216,0.26700446009635925,0.1534109264612198,0.2909408211708069,0.06595132499933243
2024-05-19 22:05:10,노잼각 씨게 보이노 ㅋㅋ,ㅋㅋ,2,2.0,노잼각 씨게 보이노 ㅋㅋ ㅋㅋ,노잼각 씨게 보이노 ㅋㅋ ㅋㅋ,0.18259677290916443,0.1414344161748886,0.32908400893211365,0.16227851808071136,0.11010249704122543,0.07450377941131592
2024-05-19 22:05:17,다봤노ㅋㅋㅋㅋㅋㅋㅋㅋㅋㅋㅋㅋㅋㅋㅋㅋㅋ,,2,2.0,다봤노ㅋㅋㅋㅋㅋㅋㅋㅋㅋㅋㅋㅋㅋㅋㅋㅋㅋ ,다봤노ㅋㅋㅋㅋㅋㅋㅋㅋㅋㅋㅋㅋㅋㅋㅋㅋㅋ,0.05769692361354828,0.03193652257323265,0.1326320916414261,0.08707743138074875,0.6623030304908752,0.02835400216281414
2024-05-19 22:05:18,오늘 F1 재미있었다,막스 우승 축하한다,2,2.0,오늘 F1 재미있었다 막스 우승 축하한다,오늘 F1 재미있었다 막스 우승 축하한다,0.05622059479355812,0.04326001554727554,0.12152856588363647,0.056576959788799286,0.6956599354743958,0.026753926649689674
2024-05-19 22:05:20,레이스 다봤노,,2,2.0,레이스 다봤노 ,레이스 다봤노,0.09227847307920456,0.042999278753995895,0.21590782701969147,0.2506144344806671,0.31036439538002014,0.08783555030822754
2024-05-19 22:05:21,멕라렌 팬인데 그냥 씻고 올까,"ㅇㅇ
- dc official App",2,2.0,"멕라렌 팬인데 그냥 씻고 올까 ㅇㅇ
- dc official App",멕라렌 팬인데 그냥 씻고 올까 ㅇㅇ,0.11514702439308167,0.11673607677221298,0.36450207233428955,0.18702293932437897,0.11992704123258591,0.09666476398706436
2024-05-19 22:05:22,자러간다ㅋㅋ,,2,2.0,자러간다ㅋㅋ ,자러간다ㅋㅋ,0.07565968483686447,0.05419406294822693,0.13643410801887512,0.06907713413238525,0.6362995505332947,0.028335535898804665
2024-05-19 22:05:25,자러가도 될듯 ㅋㅋ,어우막 발동,2,2.0,자러가도 될듯 ㅋㅋ 어우막 발동,자러가도 될듯 ㅋㅋ 어우막 발동,0.06056489422917366,0.041639022529125214,0.11783762276172638,0.06633815914392471,0.6878721117973328,0.025748198851943016
2024-05-19 22:05:25,아 노잼,왜 노사고?,2,2.0,아 노잼 왜 노사고?,아 노잼 왜 노사고?,0.18100517988204956,0.18094830214977264,0.3047552704811096,0.1572614163160324,0.11506649851799011,0.06096331402659416
2024-05-19 22:05:23,오늘 레이스 요약 떴냐?,아제발,2,2.0,오늘 레이스 요약 떴냐? 아제발,오늘 레이스 요약 떴냐? 아제발,0.09785488247871399,0.097446009516716,0.263069212436676,0.23137535154819489,0.21804144978523254,0.09221307188272476
2024-05-19 22:05:30,1초차 안나는거 같은데,,2,2.0,1초차 안나는거 같은데 ,1초차 안나는거 같은데,0.10465113818645477,0.06956502050161362,0.27779898047447205,0.32304301857948303,0.14754493534564972,0.07739684730768204
2024-05-19 22:05:33,엪갤 일동은 이몰라 그랑프리 경기종료를 선언합니다,어우막 ㅅㅂ,2,2.0,엪갤 일동은 이몰라 그랑프리 경기종료를 선언합니다 어우막 ㅅㅂ,엪갤 일동은 이몰라 그랑프리 경기종료를 선언합니다 어우막 ㅅㅂ,0.3202720284461975,0.18103459477424622,0.19557785987854004,0.11721360683441162,0.1380634307861328,0.0478384904563427
2024-05-19 22:05:37,RB 쌍으로 -2..,,2,2.0,RB 쌍으로 -2.. ,RB 쌍으로 -2..,0.14010778069496155,0.12416674941778183,0.30141544342041016,0.24562564492225647,0.10963892936706543,0.07904540747404099
2024-05-19 22:05:29,봐바 다들 안전운전함 ㅇㅇ,ㅇㅅㅇ,2,2.0,봐바 다들 안전운전함 ㅇㅇ ㅇㅅㅇ,봐바 다들 안전운전함 ㅇㅇ ㅇㅅㅇ,0.06539643555879593,0.06257880479097366,0.1407572627067566,0.07737130671739578,0.6115400791168213,0.04235609248280525
2024-05-19 22:05:37,이제 체코신의 추월쇼 보면 되는거냐??,역시 추월은 체코신 ㅋㅋ,2,2.0,이제 체코신의 추월쇼 보면 되는거냐?? 역시 추월은 체코신 ㅋㅋ,이제 체코신의 추월쇼 보면 되는거냐?? 역시 추월은 체코신 ㅋㅋ,0.06340586394071579,0.03658062219619751,0.15209652483463287,0.12263661623001099,0.5823899507522583,0.042890436947345734
2024-05-19 22:05:38,RB 스타트 ㅈ망했네 ㅋㅋ,ㅋㅋㅋㅋ,2,2.0,RB 스타트 ㅈ망했네 ㅋㅋ ㅋㅋㅋㅋ,RB 스타트 ㅈ망했네 ㅋㅋ ㅋㅋㅋㅋ,0.15876464545726776,0.1595253199338913,0.3322616517543793,0.1742480844259262,0.08930317312479019,0.08589720726013184
2024-05-19 22:05:39,대헐크 ㅋㅋㅋㅋㅋㅋㅋ,,2,2.0,대헐크 ㅋㅋㅋㅋㅋㅋㅋ ,대헐크 ㅋㅋㅋㅋㅋㅋㅋ,0.061789095401763916,0.028821179643273354,0.13688720762729645,0.1011928915977478,0.6419356465339661,0.02937399223446846
2024-05-19 22:05:45,아이고 유키야...,"그걸 내려오네
- dc official App",2,2.0,"아이고 유키야... 그걸 내려오네
- dc official App",아이고 유키야... 그걸 내려오네,0.10968755930662155,0.0947582796216011,0.3135828673839569,0.213339701294899,0.1711486130952835,0.09748302400112152
2024-05-19 22:05:48,rb둘다 ㅋㅋ,레라이,2,2.0,rb둘다 ㅋㅋ 레라이,rb둘다 ㅋㅋ 레라이,0.07012845575809479,0.03697216883301735,0.1270473301410675,0.08093472570180893,0.6575119495391846,0.02740529552102089
2024-05-19 22:05:48,완장은 빨리 다음 그랑프리 일정 올려라,모나코? 에라이 시발..,2,2.0,완장은 빨리 다음 그랑프리 일정 올려라 모나코? 에라이 시발..,완장은 빨리 다음 그랑프리 일정 올려라 모나코? 에라이 시발..,0.28004366159439087,0.17891153693199158,0.2455027550458908,0.14147360622882843,0.10757403075695038,0.04649436101317406
2024-05-19 22:05:50,헐크 진짜 폼 괜찮네,,2,2.0,헐크 진짜 폼 괜찮네 ,헐크 진짜 폼 괜찮네,0.07538695633411407,0.035299163311719894,0.2030555009841919,0.23543664813041687,0.37637919187545776,0.07444245368242264
2024-05-19 22:05:52,딸깍쇼 스타트 ㅋㅋㅋ,,2,2.0,딸깍쇼 스타트 ㅋㅋㅋ ,딸깍쇼 스타트 ㅋㅋㅋ,0.061431366950273514,0.03167823329567909,0.11148355901241302,0.08201038092374802,0.6877257227897644,0.025670764967799187
2024-05-19 22:05:53,헐크 2위상승ㅅㅅ,헐크 포인트 가즈아,2,2.0,헐크 2위상승ㅅㅅ 헐크 포인트 가즈아,헐크 2위상승ㅅㅅ 헐크 포인트 가즈아,0.05350549519062042,0.032835014164447784,0.11464953422546387,0.07361141592264175,0.6971644163131714,0.028234094381332397
2024-05-19 22:05:56,이제 체코신의 딸깍쇼만 보면 된다,,2,2.0,이제 체코신의 딸깍쇼만 보면 된다 ,이제 체코신의 딸깍쇼만 보면 된다,0.09125775843858719,0.05031608045101166,0.14843004941940308,0.10851693153381348,0.5597859621047974,0.04169321805238724
2024-05-19 22:05:56,막스 고마운점,출근충들을 위해 변수 없이 첫랩 1등해줌,2,2.0,막스 고마운점 출근충들을 위해 변수 없이 첫랩 1등해줌,막스 고마운점 출근충들을 위해 변수 없이 첫랩 1등해줌,0.06672859936952591,0.08165822923183441,0.1422165036201477,0.07239393144845963,0.5962062478065491,0.0407964326441288
2024-05-19 22:05:56,포디움은 저순위 그대로겠노,...,2,2.0,포디움은 저순위 그대로겠노 ...,포디움은 저순위 그대로겠노 ...,0.11139249056577682,0.16505038738250732,0.3241656720638275,0.22004227340221405,0.08781652897596359,0.0915326178073883
2024-05-19 22:06:04,하위권특) 퀄리잘해도 스타트ㅈ망함,ㄹㅇㅋㅋ,2,2.0,하위권특) 퀄리잘해도 스타트ㅈ망함 ㄹㅇㅋㅋ,하위권특) 퀄리잘해도 스타트ㅈ망함 ㄹㅇㅋㅋ,0.20501084625720978,0.1542322337627411,0.2267640084028244,0.2446480542421341,0.07588279992341995,0.09346204251050949
2024-05-19 22:06:05,하스 쌍으로 +2,,2,2.0,하스 쌍으로 +2 ,하스 쌍으로 +2,0.059195905923843384,0.03939012438058853,0.11758144944906235,0.07402186840772629,0.683232843875885,0.026577776297926903
2024-05-19 22:06:06,아 스타트 사고 100퍼라매,레이스 끝났잖아,2,2.0,아 스타트 사고 100퍼라매 레이스 끝났잖아,아 스타트 사고 100퍼라매 레이스 끝났잖아,0.19236786663532257,0.12917391955852509,0.32052919268608093,0.15549685060977936,0.1346660852432251,0.06776612251996994
2024-05-19 22:06:11,rb나란히 왜저럼ㅋㅋ,,2,2.0,rb나란히 왜저럼ㅋㅋ ,rb나란히 왜저럼ㅋㅋ,0.15558993816375732,0.08475994318723679,0.3213084936141968,0.2176136076450348,0.1357964426279068,0.0849316194653511
2024-05-19 22:06:24,아씨 이러면 그냥 1시간 반동안 기차놀이하다 끝나겠네,이게 첫랩사고가 안나냐;;,2,2.0,아씨 이러면 그냥 1시간 반동안 기차놀이하다 끝나겠네 이게 첫랩사고가 안나냐;;,아씨 이러면 그냥 1시간 반동안 기차놀이하다 끝나겠네 이게 첫랩사고가 안나냐;;,0.2022654265165329,0.2444101721048355,0.2824912369251251,0.12640702724456787,0.08859524875879288,0.05583088845014572
2024-05-19 22:06:26,오늘은 헐크랑 RB만 보면 되나,상위권에선 별일 없겠지?,2,2.0,오늘은 헐크랑 RB만 보면 되나 상위권에선 별일 없겠지?,오늘은 헐크랑 RB만 보면 되나 상위권에선 별일 없겠지?,0.0828508660197258,0.07005856186151505,0.23509764671325684,0.24699415266513824,0.272235244512558,0.09276357293128967
2024-05-19 22:06:33,벌써 1초냐,자러가야하나,3,3.0,벌써 1초냐 자러가야하나,벌써 1초냐 자러가야하나,0.16673098504543304,0.1928713470697403,0.3287861943244934,0.1287299543619156,0.11030255258083344,0.07257895171642303
2024-05-19 22:06:42,노리스 생각보다 잘 비비네,,3,3.0,노리스 생각보다 잘 비비네 ,노리스 생각보다 잘 비비네,0.08495395630598068,0.039068497717380524,0.21659010648727417,0.2935400605201721,0.27494779229164124,0.0908995270729065
2024-05-19 22:06:45,알핀 패랩찍는걸 다보노,,3,3.0,알핀 패랩찍는걸 다보노 ,알핀 패랩찍는걸 다보노,0.13324929773807526,0.05392919480800629,0.2166803926229477,0.33217814564704895,0.1489543616771698,0.11500859260559082
2024-05-19 22:06:46,막스 크루징각이네 ㅋㅋㅋ,ㅋㅋㅋㅋ,3,3.0,막스 크루징각이네 ㅋㅋㅋ ㅋㅋㅋㅋ,막스 크루징각이네 ㅋㅋㅋ ㅋㅋㅋㅋ,0.0618191696703434,0.03431212529540062,0.11700750142335892,0.08280258625745773,0.676948606967926,0.027109982445836067
2024-05-19 22:06:47,줄어든다 줄어든다,ㅇ,3,3.0,줄어든다 줄어든다 ㅇ,줄어든다 줄어든다 ㅇ,0.10659978538751602,0.07561491429805756,0.24715043604373932,0.183349609375,0.33390894532203674,0.05337625369429588
2024-05-19 22:06:47,르끌레르는 시발 나이스 네이쳐냐?,맨날 3등이노ㅋㅋㅋㅋㅋㅋㅋ,3,3.0,르끌레르는 시발 나이스 네이쳐냐? 맨날 3등이노ㅋㅋㅋㅋㅋㅋㅋ,르끌레르는 시발 나이스 네이쳐냐? 맨날 3등이노ㅋㅋㅋㅋㅋㅋㅋ,0.24049343168735504,0.15091924369335175,0.2347448617219925,0.22236299514770508,0.0790671706199646,0.07241228222846985
2024-05-19 22:06:49,다음주 특별 이벤트 예정,RB20 플로어 공개,3,3.0,다음주 특별 이벤트 예정 RB20 플로어 공개,다음주 특별 이벤트 예정 RB20 플로어 공개,0.06613133102655411,0.03817415237426758,0.161065474152565,0.11904485523700714,0.5816307067871094,0.03395351022481918
2024-05-19 22:06:51,가슬리 저새끼 왜 소프트인데,??????,3,3.0,가슬리 저새끼 왜 소프트인데 ??????,가슬리 저새끼 왜 소프트인데 ??????,0.18931475281715393,0.09665589034557343,0.24536769092082977,0.27414223551750183,0.10241696983575821,0.09210235625505447
2024-05-19 22:06:53,레이스 끝났노 ㅋㅋ,"ㅋㅋ
- dc official App",3,3.0,"레이스 끝났노 ㅋㅋ ㅋㅋ
- dc official App",레이스 끝났노 ㅋㅋ ㅋㅋ,0.07137305289506912,0.04663097485899925,0.13593101501464844,0.07289356738328934,0.6466302871704102,0.02654113993048668
2024-05-19 22:06:54,긍정) 1초 안벌어짐,ㅋㅋ,3,3.0,긍정) 1초 안벌어짐 ㅋㅋ,긍정) 1초 안벌어짐 ㅋㅋ,0.05922755226492882,0.03401251137256622,0.1279759705066681,0.08731783181428909,0.6589640974998474,0.03250207379460335
2024-05-19 22:06:59,유리스년아 몽골 잡아라,,3,3.0,유리스년아 몽골 잡아라 ,유리스년아 몽골 잡아라,0.2678052484989166,0.1422809362411499,0.1806466281414032,0.21229273080825806,0.13563193380832672,0.061342526227235794
2024-05-19 22:07:23,가슬리 알바오 따줘 제발,,3,3.0,가슬리 알바오 따줘 제발 ,가슬리 알바오 따줘 제발,0.07862160354852676,0.06776273995637894,0.19888977706432343,0.18290342390537262,0.40053293108940125,0.07128952443599701
2024-05-19 22:07:23,은근 하품 나오네..,- dc official App,3,3.0,은근 하품 나오네.. - dc official App,은근 하품 나오네.. - dc official App,0.16923962533473969,0.1512775868177414,0.3054240047931671,0.17182976007461548,0.1474958211183548,0.05473313853144646
2024-05-19 22:07:30,개좆핀 패스티스트 뭐냐,,3,3.0,개좆핀 패스티스트 뭐냐 ,개좆핀 패스티스트 뭐냐,0.27520057559013367,0.15169979631900787,0.23066359758377075,0.17127826809883118,0.11712086200714111,0.05403696745634079
2024-05-19 22:07:51,디택트존이 15 16 사이냐?,"맥라렌 안빠는데 시발 따라잡아라
- dc official App",4,4.0,"디택트존이 15 16 사이냐? 맥라렌 안빠는데 시발 따라잡아라
- dc official App",디택트존이 15 16 사이냐? 맥라렌 안빠는데 시발 따라잡아라,0.30695390701293945,0.14667034149169922,0.18857862055301666,0.20080289244651794,0.08951316773891449,0.06748101115226746
2024-05-19 22:07:52,두랩 더 지난 순위가 최종순위임 ㅋㅋ,"ㅇㅇ
- dc official App",4,4.0,"두랩 더 지난 순위가 최종순위임 ㅋㅋ ㅇㅇ
- dc official App",두랩 더 지난 순위가 최종순위임 ㅋㅋ ㅇㅇ,0.09814134240150452,0.050125766545534134,0.19423162937164307,0.14673449099063873,0.4671156108379364,0.04365119710564613
2024-05-19 22:07:58,딱 3랩봤는데 잠오네,,4,4.0,딱 3랩봤는데 잠오네 ,딱 3랩봤는데 잠오네,0.13011468946933746,0.11101575940847397,0.3609789311885834,0.19017969071865082,0.11731809377670288,0.09039288759231567
2024-05-19 22:07:54,왜 리더로 보여줌 인터벌로 보여주지,아,4,4.0,왜 리더로 보여줌 인터벌로 보여주지 아,왜 리더로 보여줌 인터벌로 보여주지 아,0.20720188319683075,0.17810964584350586,0.3208409249782562,0.12743963301181793,0.12250683456659317,0.04390105605125427
2024-05-19 22:08:06,알론소 왤캐 꼬라박냐,저번 그랑프리 한 중간쯤 하지 않았나,4,4.0,알론소 왤캐 꼬라박냐 저번 그랑프리 한 중간쯤 하지 않았나,알론소 왤캐 꼬라박냐 저번 그랑프리 한 중간쯤 하지 않았나,0.13556477427482605,0.14805525541305542,0.2757105827331543,0.2626523971557617,0.07941342890262604,0.09860353916883469
2024-05-19 22:08:14,맑고 3랩에 1초차면 걍 미리 막스는 빼주죠?,진짜 f1을 보여다오,4,4.0,맑고 3랩에 1초차면 걍 미리 막스는 빼주죠? 진짜 f1을 보여다오,맑고 3랩에 1초차면 걍 미리 막스는 빼주죠? 진짜 f1을 보여다오,0.12463448196649551,0.13759921491146088,0.30183640122413635,0.16381657123565674,0.19191569089889526,0.08019766956567764
2024-05-19 22:08:18,피아제 압박 ㄱ ㄱ,ㄱ ㄱ,4,4.0,피아제 압박 ㄱ ㄱ ㄱ ㄱ,피아제 압박 ㄱ ㄱ ㄱ ㄱ,0.10837028175592422,0.06198268011212349,0.14692217111587524,0.15058912336826324,0.4861604869365692,0.04597514867782593
2024-05-19 22:08:20,이제 진짜 믿을건 이거다,빨리 천조국표 데브리 만들어 줘!!!!!!,4,4.0,이제 진짜 믿을건 이거다 빨리 천조국표 데브리 만들어 줘!!!!!!,이제 진짜 믿을건 이거다 빨리 천조국표 데브리 만들어 줘!!!!!!,0.10351192951202393,0.11512862145900726,0.17283976078033447,0.10436287522315979,0.4445243775844574,0.05963234230875969
2024-05-19 22:08:24,피트 열리면 깨워,,4,4.0,피트 열리면 깨워 ,피트 열리면 깨워,0.07332071661949158,0.05745532736182213,0.17963668704032898,0.10554730147123337,0.5434903502464294,0.04054964333772659
2024-05-19 22:08:30,좆노잼 이몰라는 왜 계속 들어와있는건지,포르투갈 투스카니 두 빠졌는데 왜 얘는 버티규잇나,4,4.0,좆노잼 이몰라는 왜 계속 들어와있는건지 포르투갈 투스카니 두 빠졌는데 왜 얘는 버티규잇나,좆노잼 이몰라는 왜 계속 들어와있는건지 포르투갈 투스카니 두 빠졌는데 왜 얘는 버티규잇나,0.23066025972366333,0.18212634325027466,0.2890287935733795,0.13783064484596252,0.10500440746545792,0.05534956231713295
2024-05-19 22:08:36,알론소 왜저러노 ㅋㅋㅋㅋ,,4,4.0,알론소 왜저러노 ㅋㅋㅋㅋ ,알론소 왜저러노 ㅋㅋㅋㅋ,0.1485128551721573,0.07615002989768982,0.30758965015411377,0.24828365445137024,0.12065248191356659,0.0988113135099411
2024-05-19 22:08:43,스카이스포츠로 보는데 좀 심심하네,브런들하고 크로프티 없으니 뭔가 맥빠진다,4,4.0,스카이스포츠로 보는데 좀 심심하네 브런들하고 크로프티 없으니 뭔가 맥빠진다,스카이스포츠로 보는데 좀 심심하네 브런들하고 크로프티 없으니 뭔가 맥빠진다,0.16192986071109772,0.2039262354373932,0.3097078800201416,0.10352032631635666,0.16959720849990845,0.051318518817424774
2024-05-19 22:08:51,노리스 벌어지네,- dc official App,4,4.0,노리스 벌어지네 - dc official App,노리스 벌어지네 - dc official App,0.08413176983594894,0.0385546013712883,0.1953030675649643,0.21357318758964539,0.42340049147605896,0.04503684863448143
2024-05-19 22:08:51,아무리 이몰라라도 그렇지 소프트끼고 윌을 못따?,좆슬리야,4,4.0,아무리 이몰라라도 그렇지 소프트끼고 윌을 못따? 좆슬리야,아무리 이몰라라도 그렇지 소프트끼고 윌을 못따? 좆슬리야,0.22352536022663116,0.13341499865055084,0.21799157559871674,0.2650918662548065,0.07895629853010178,0.08101990818977356
2024-05-19 22:08:53,막스 크루징 하겠네,아,4,4.0,막스 크루징 하겠네 아,막스 크루징 하겠네 아,0.09098266810178757,0.06531552970409393,0.2814432978630066,0.2202770859003067,0.2680244743824005,0.0739569365978241
2024-05-19 22:09:02,월드스타+사전트 제발,,4,4.0,월드스타+사전트 제발 ,월드스타+사전트 제발,0.06443312019109726,0.05034486949443817,0.14671345055103302,0.09992565214633942,0.5939593315124512,0.04462360963225365
2024-05-19 22:09:11,시발 몽골새끼 샌드배깅하네,"DRS 디텍션 지나면 0.9초 줬다가
DRS 디텍션 쯤에 1.1초 시발새끼",4,4.0,"시발 몽골새끼 샌드배깅하네 DRS 디텍션 지나면 0.9초 줬다가
DRS 디텍션 쯤에 1.1초 시발새끼",시발 몽골새끼 샌드배깅하네 DRS 디텍션 지나면 0.9초 줬다가 DRS 디텍션 쯤에 1.1초 시발새끼,0.3271556794643402,0.17198331654071808,0.19546633958816528,0.1144346073269844,0.1473725587129593,0.043587565422058105
2024-05-19 22:09:11,슬슬 벌어지네 이제,,4,4.0,슬슬 벌어지네 이제 ,슬슬 벌어지네 이제,0.07673953473567963,0.052305128425359726,0.23713213205337524,0.23665249347686768,0.31051576137542725,0.08665494620800018
2024-05-19 22:09:14,1.4초 입갤ㅋㅋㅋㅋㅋㅋㅋㅋ,,5,5.0,1.4초 입갤ㅋㅋㅋㅋㅋㅋㅋㅋ ,1.4초 입갤ㅋㅋㅋㅋㅋㅋㅋㅋ,0.08151792734861374,0.03655410185456276,0.1630488783121109,0.1331688016653061,0.5480948686599731,0.03761544078588486
2024-05-19 22:09:16,아 탈모 르끌년 또 시작이네,이 새끼 또 못 치고 나가니까 뒤에 사인츠 까지 손해보고 결국 좃망하는 시나리오 계속 반복되고 있음,5,5.0,아 탈모 르끌년 또 시작이네 이 새끼 또 못 치고 나가니까 뒤에 사인츠 까지 손해보고 결국 좃망하는 시나리오 계속 반복되고 있음,아 탈모 르끌년 또 시작이네 이 새끼 또 못 치고 나가니까 뒤에 사인츠 까지 손해보고 결국 좃망하는 시나리오 계속 반복되고 있음,0.29828134179115295,0.23091532289981842,0.15262959897518158,0.1595352441072464,0.0909697636961937,0.06766872853040695
2024-05-19 22:09:23,틀론소는 셋업 잡는다고 해도,"넘 구린데 업뎃 좆망인가봐
- dc official App",5,5.0,"틀론소는 셋업 잡는다고 해도 넘 구린데 업뎃 좆망인가봐
- dc official App",틀론소는 셋업 잡는다고 해도 넘 구린데 업뎃 좆망인가봐,0.13598757982254028,0.16451460123062134,0.26853567361831665,0.28508278727531433,0.08335280418395996,0.06252653151750565
2024-05-19 22:09:42,누가 티포시 대표로 막스차에 홍염좀 던져봐라,제발 변수창출좀,5,5.0,누가 티포시 대표로 막스차에 홍염좀 던져봐라 제발 변수창출좀,누가 티포시 대표로 막스차에 홍염좀 던져봐라 제발 변수창출좀,0.12095493078231812,0.13068723678588867,0.24778249859809875,0.23711569607257843,0.17446918785572052,0.08899040520191193
2024-05-19 22:09:46,메르 이 개병신새끼들 1초도 못따라가네,,5,5.0,메르 이 개병신새끼들 1초도 못따라가네 ,메르 이 개병신새끼들 1초도 못따라가네,0.3143880069255829,0.20167626440525055,0.17054136097431183,0.15599356591701508,0.10971884429454803,0.04768199846148491
2024-05-19 22:09:55,레드불 <-- 프랙티스 2번으로 제한해야되면 개추 ㅋㅋㅋ,,5,5.0,레드불 <-- 프랙티스 2번으로 제한해야되면 개추 ㅋㅋㅋ ,레드불 <-- 프랙티스 2번으로 제한해야되면 개추 ㅋㅋㅋ,0.0773334726691246,0.045715756714344025,0.17870835959911346,0.12712842226028442,0.5303939580917358,0.04072000831365585
2024-05-19 22:10:03,휴그랜트 할배 티포시였네,영국인인ㄷ 티포시 ㅋㅋ,5,5.0,휴그랜트 할배 티포시였네 영국인인ㄷ 티포시 ㅋㅋ,휴그랜트 할배 티포시였네 영국인인ㄷ 티포시 ㅋㅋ,0.11074207723140717,0.04066717252135277,0.2340998500585556,0.30426234006881714,0.21489833295345306,0.09533024579286575
2024-05-19 22:10:03,휴 그랜트도 할배 다됬네 ㅋㅋ,"ㅋㅋ
- dc official App",5,5.0,"휴 그랜트도 할배 다됬네 ㅋㅋ ㅋㅋ
- dc official App",휴 그랜트도 할배 다됬네 ㅋㅋ ㅋㅋ,0.07917507737874985,0.03418150916695595,0.2437800019979477,0.23339077830314636,0.3189358115196228,0.09053680300712585
2024-05-19 22:10:04,휴 그랜트 입갤 ㅋㅋㅋㅋㅋㅋㅋㅋㅋㅋ,".
- dc official App",5,5.0,"휴 그랜트 입갤 ㅋㅋㅋㅋㅋㅋㅋㅋㅋㅋ .
- dc official App",휴 그랜트 입갤 ㅋㅋㅋㅋㅋㅋㅋㅋㅋㅋ .,0.05865523964166641,0.03351146727800369,0.10996188223361969,0.07710903137922287,0.6933979988098145,0.027364302426576614
2024-05-19 22:10:08,추월 못하고 가까이 달리면 왜 안 좋은거임?,"DRS도 쓰고, 슬립스트림도 빨면 좋은거 아닌가",5,5.0,"추월 못하고 가까이 달리면 왜 안 좋은거임? DRS도 쓰고, 슬립스트림도 빨면 좋은거 아닌가","추월 못하고 가까이 달리면 왜 안 좋은거임? DRS도 쓰고, 슬립스트림도 빨면 좋은거 아닌가",0.12476696819067001,0.11502629518508911,0.3008325397968292,0.2588716149330139,0.12481590360403061,0.07568660378456116
2024-05-19 22:10:22,막스우승이요 ㅋㅋ,- dc official App,5,5.0,막스우승이요 ㅋㅋ - dc official App,막스우승이요 ㅋㅋ - dc official App,0.05259601026773453,0.033523522317409515,0.11006155610084534,0.06623774021863937,0.711795449256897,0.02578580379486084
2024-05-19 22:10:26,"""뉴이 퇴사에 대해서 한 말씀 해주시죠!""","""어쩌라고""
- dc official App",5,5.0,"""뉴이 퇴사에 대해서 한 말씀 해주시죠!"" ""어쩌라고""
- dc official App","""뉴이 퇴사에 대해서 한 말씀 해주시죠!"" ""어쩌라고""",0.19843126833438873,0.20840100944042206,0.3091142177581787,0.13692201673984528,0.08549422770738602,0.061637308448553085
2024-05-19 22:10:28,벌써 노잼이네,- dc official App,5,5.0,벌써 노잼이네 - dc official App,벌써 노잼이네 - dc official App,0.16597354412078857,0.14323681592941284,0.3136865496635437,0.1432107388973236,0.18354913592338562,0.050343241542577744
2024-05-19 22:10:29,롤 두판하고 오면 되겠노,"ㅇㅇ
- dc official App",5,5.0,"롤 두판하고 오면 되겠노 ㅇㅇ
- dc official App",롤 두판하고 오면 되겠노 ㅇㅇ,0.11649693548679352,0.07128448784351349,0.24952518939971924,0.16277757287025452,0.34669455885887146,0.053221240639686584
2024-05-19 22:10:33,거의 막스 노리스 3랩당 1초씩 벌어지네,하,5,5.0,거의 막스 노리스 3랩당 1초씩 벌어지네 하,거의 막스 노리스 3랩당 1초씩 벌어지네 하,0.14053557813167572,0.07643415033817291,0.2466704547405243,0.2761198878288269,0.1248001679778099,0.13543973863124847
2024-05-19 22:10:33,아이 르끌 왜 못 따라가냐,페라리 업댓이 좀,5,5.0,아이 르끌 왜 못 따라가냐 페라리 업댓이 좀,아이 르끌 왜 못 따라가냐 페라리 업댓이 좀,0.14812104403972626,0.17406950891017914,0.31992846727371216,0.21901480853557587,0.08786821365356445,0.05099795386195183
2024-05-19 22:10:50,모나코는 서킷 보는 재미라도 있지,여긴 음,6,6.0,모나코는 서킷 보는 재미라도 있지 여긴 음,모나코는 서킷 보는 재미라도 있지 여긴 음,0.15023015439510345,0.1752353012561798,0.33574920892715454,0.14963901042938232,0.13690444827079773,0.05224192515015602
2024-05-19 22:10:57,스타트 사고하나없네 ㅋㅋㅋㅋ,,6,6.0,스타트 사고하나없네 ㅋㅋㅋㅋ ,스타트 사고하나없네 ㅋㅋㅋㅋ,0.06009660288691521,0.03470480814576149,0.14355409145355225,0.11083251237869263,0.611568808555603,0.03924310952425003
2024-05-19 22:11:03,첫코너 무빵ㄷㄷ,- dc official App,6,6.0,첫코너 무빵ㄷㄷ - dc official App,첫코너 무빵ㄷㄷ - dc official App,0.05741455405950546,0.027203790843486786,0.14226336777210236,0.11969304084777832,0.6215772032737732,0.031848009675741196
2024-05-19 22:11:06,맥라렌이 애마가 아니라 페라리랑 경쟁하다니,작년이면 상상도 못 하는,6,6.0,맥라렌이 애마가 아니라 페라리랑 경쟁하다니 작년이면 상상도 못 하는,맥라렌이 애마가 아니라 페라리랑 경쟁하다니 작년이면 상상도 못 하는,0.1381467580795288,0.06706244498491287,0.21014732122421265,0.33386480808258057,0.11955064535140991,0.1312280297279358
2024-05-19 22:11:07,쿠플 나만 끊기냐?,"아님 보는 사람이 많은거냐?
- dc official App",6,6.0,"쿠플 나만 끊기냐? 아님 보는 사람이 많은거냐?
- dc official App",쿠플 나만 끊기냐? 아님 보는 사람이 많은거냐?,0.11593228578567505,0.10852981358766556,0.2699618339538574,0.30333688855171204,0.1226889044046402,0.07955025881528854
2024-05-19 22:11:02,피아제 스타트 좋았는데 페라리한테 스퀴즈 당할뻔,ㅇㅅㅇ,6,6.0,피아제 스타트 좋았는데 페라리한테 스퀴즈 당할뻔 ㅇㅅㅇ,피아제 스타트 좋았는데 페라리한테 스퀴즈 당할뻔 ㅇㅅㅇ,0.12698332965373993,0.09365730732679367,0.37822654843330383,0.16215018928050995,0.14499159157276154,0.09399095177650452
2024-05-19 22:11:16,헐크 ㅅㅂ ㅋㅋㅋㅋㅋㅋㅋ,,6,6.0,헐크 ㅅㅂ ㅋㅋㅋㅋㅋㅋㅋ ,헐크 ㅅㅂ ㅋㅋㅋㅋㅋㅋㅋ,0.14023242890834808,0.05774950236082077,0.2546719014644623,0.18953001499176025,0.2890819013118744,0.06873422861099243
2024-05-19 22:11:18,예에스 커몬ㅋㅋㅋㅋ,ㅋㅋㅋ,6,6.0,예에스 커몬ㅋㅋㅋㅋ ㅋㅋㅋ,예에스 커몬ㅋㅋㅋㅋ ㅋㅋㅋ,0.05947742238640785,0.03189763054251671,0.11105333268642426,0.07415139675140381,0.7007728815078735,0.022647293284535408
2024-05-19 22:11:17,피아제 스타트 진짜 좋았네,헝가로링이었으면 코라리 둘다 땄을지도,6,6.0,피아제 스타트 진짜 좋았네 헝가로링이었으면 코라리 둘다 땄을지도,피아제 스타트 진짜 좋았네 헝가로링이었으면 코라리 둘다 땄을지도,0.05687418952584267,0.04751124605536461,0.18137817084789276,0.12060008198022842,0.5426607728004456,0.050975486636161804
2024-05-19 22:11:19,스타트 이게 사고가 안나네,와,6,6.0,스타트 이게 사고가 안나네 와,스타트 이게 사고가 안나네 와,0.1069142147898674,0.05442393943667412,0.2238723188638687,0.29881027340888977,0.21471711993217468,0.10126218944787979
2024-05-19 22:11:20,대헐크,,6,6.0,대헐크 ,대헐크,0.07421217858791351,0.028624314814805984,0.19243207573890686,0.21396766602993011,0.4290022850036621,0.06176149845123291
2024-05-19 22:11:21,컴온 입갤 르끌 좆됐다!!!!,,6,6.0,컴온 입갤 르끌 좆됐다!!!! ,컴온 입갤 르끌 좆됐다!!!!,0.19003112614154816,0.1429961621761322,0.284812331199646,0.14221133291721344,0.1563687026500702,0.08358034491539001
2024-05-19 22:11:22,이에에에에스 ㅋㅋㅋ,ㅋ,6,6.0,이에에에에스 ㅋㅋㅋ ㅋ,이에에에에스 ㅋㅋㅋ ㅋ,0.055715616792440414,0.037202198058366776,0.11192748695611954,0.06492813676595688,0.705379068851471,0.02484750933945179
2024-05-19 22:11:22,껴몬 ㅋㅋ,"+ dc official App
- dc official App",6,6.0,"껴몬 ㅋㅋ + dc official App
- dc official App",껴몬 ㅋㅋ + dc official App,0.06124620884656906,0.0333559513092041,0.11628730595111847,0.09490680694580078,0.6698932647705078,0.024310531094670296
2024-05-19 22:11:24,꺼몬!,"예에에에스
- dc official App",6,6.0,"꺼몬! 예에에에스
- dc official App",꺼몬! 예에에에스,0.05509590730071068,0.041154175996780396,0.11486717313528061,0.06601466238498688,0.6950376629829407,0.027830366045236588
2024-05-19 22:11:24,헐크 그 멘트 ㅋㅋㅋㅋㅋㅋㅋㅋ,,6,6.0,헐크 그 멘트 ㅋㅋㅋㅋㅋㅋㅋㅋ ,헐크 그 멘트 ㅋㅋㅋㅋㅋㅋㅋㅋ,0.06301326304674149,0.02949512004852295,0.14874525368213654,0.1174880787730217,0.6110340356826782,0.030224276706576347
2024-05-19 22:11:23,꺼몬ㅋㅋㅋㅋ,ㅋㅋ,6,6.0,꺼몬ㅋㅋㅋㅋ ㅋㅋ,꺼몬ㅋㅋㅋㅋ ㅋㅋ,0.05812162905931473,0.03329838067293167,0.11222755163908005,0.07268344610929489,0.701121985912323,0.022547030821442604
2024-05-19 22:11:24,예에에에에에에에스 꺼몬!,,6,6.0,예에에에에에에에스 꺼몬! ,예에에에에에에에스 꺼몬!,0.05645884945988655,0.04389997199177742,0.11148582398891449,0.060926005244255066,0.7032511234283447,0.02397824078798294
2024-05-19 22:11:26,거몬!ㅋㅋㅋ,,6,6.0,거몬!ㅋㅋㅋ ,거몬!ㅋㅋㅋ,0.05522104725241661,0.033173125237226486,0.10512780398130417,0.06842806190252304,0.7149738073348999,0.02307618036866188
2024-05-19 22:11:27,컴온?,어어,6,6.0,컴온? 어어,컴온? 어어,0.07852811366319656,0.06383003294467926,0.258908212184906,0.18977001309394836,0.35040614008903503,0.05855749547481537
2024-05-19 22:11:27,커몬!,ㅋㅋㅋㅋ,6,6.0,커몬! ㅋㅋㅋㅋ,커몬! ㅋㅋㅋㅋ,0.056014493107795715,0.03403465822339058,0.10544225573539734,0.06827356666326523,0.7130622267723083,0.023172790184617043
2024-05-19 22:11:27,꺼몬 ㅋㅋㅋㅋ,ㅋㅋㅋㅋ,6,6.0,꺼몬 ㅋㅋㅋㅋ ㅋㅋㅋㅋ,꺼몬 ㅋㅋㅋㅋ ㅋㅋㅋㅋ,0.057663578540086746,0.033194027841091156,0.11175454407930374,0.07169970870018005,0.7035661339759827,0.02212197706103325
2024-05-19 22:11:32,꺼몬 입갤ㅋㅋㅋㅋ,,6,6.0,꺼몬 입갤ㅋㅋㅋㅋ ,꺼몬 입갤ㅋㅋㅋㅋ,0.05671802908182144,0.033824820071458817,0.10755080729722977,0.07782821357250214,0.697214663028717,0.02686343342065811
2024-05-19 22:11:37,헐크 ㅋㅋㅋㅋㅋㅋㅋㅋ,,6,6.0,헐크 ㅋㅋㅋㅋㅋㅋㅋㅋ ,헐크 ㅋㅋㅋㅋㅋㅋㅋㅋ,0.06675485521554947,0.03069511242210865,0.15526199340820312,0.11537723243236542,0.6006330251693726,0.031277846544981
2024-05-19 22:11:37,야스 코온 ㅋㅋㅋㅋㅋㅋㅋㅋㅋ,".
- dc official App",6,6.0,"야스 코온 ㅋㅋㅋㅋㅋㅋㅋㅋㅋ .
- dc official App",야스 코온 ㅋㅋㅋㅋㅋㅋㅋㅋㅋ .,0.05759192258119583,0.03413348272442818,0.10884596407413483,0.06852137297391891,0.708007276058197,0.022899972274899483
2024-05-19 22:11:31,헐크 시발 아재 바이브 ㅋㅋㅋㅋㅋ,,6,6.0,헐크 시발 아재 바이브 ㅋㅋㅋㅋㅋ ,헐크 시발 아재 바이브 ㅋㅋㅋㅋㅋ,0.20041538774967194,0.08357273042201996,0.28521862626075745,0.16297180950641632,0.19184185564517975,0.07597960531711578
2024-05-19 22:11:39,르끌레 망해ㅛ다 꺼몬나왔다,ㅠㅠㅠ,6,6.0,르끌레 망해ㅛ다 꺼몬나왔다 ㅠㅠㅠ,르끌레 망해ㅛ다 꺼몬나왔다 ㅠㅠㅠ,0.16766257584095,0.24951878190040588,0.2745276689529419,0.11778091639280319,0.12478437274694443,0.0657256469130516
2024-05-19 22:11:44,까몬이 아니라 거먼이라 ㄱㅊㅋㅋ,ㅋㅋ,6,6.0,까몬이 아니라 거먼이라 ㄱㅊㅋㅋ ㅋㅋ,까몬이 아니라 거먼이라 ㄱㅊㅋㅋ ㅋㅋ,0.07610812038183212,0.04455558583140373,0.16127566993236542,0.08745086938142776,0.6012197136878967,0.029390061274170876
2024-05-19 22:11:48,물리치료 들어갔다,알핀 포인트따냐,6,6.0,물리치료 들어갔다 알핀 포인트따냐,물리치료 들어갔다 알핀 포인트따냐,0.12478816509246826,0.08771640807390213,0.2935536205768585,0.26175013184547424,0.147696852684021,0.08449483662843704
2024-05-19 22:11:49,2초 입갤ㅋㅋ,,6,6.0,2초 입갤ㅋㅋ ,2초 입갤ㅋㅋ,0.06330470740795135,0.03621971979737282,0.11817480623722076,0.09654008597135544,0.6549696922302246,0.030791025608778
2024-05-19 22:11:54,인터벌 2초 입갤 ㅋㅋㅋㅋㅋ,,6,6.0,인터벌 2초 입갤 ㅋㅋㅋㅋㅋ ,인터벌 2초 입갤 ㅋㅋㅋㅋㅋ,0.0632413774728775,0.033651914447546005,0.11736626923084259,0.09324938803911209,0.6637080311775208,0.028783028945326805
2024-05-19 22:11:58,케이막 오늘은 뭐 안해주냐?,상남자 불도저 보여줘,7,7.0,케이막 오늘은 뭐 안해주냐? 상남자 불도저 보여줘,케이막 오늘은 뭐 안해주냐? 상남자 불도저 보여줘,0.09335187077522278,0.062242843210697174,0.16926373541355133,0.11751069873571396,0.5012352466583252,0.05639558285474777
2024-05-19 22:11:57,꺼몬!,- dc official App,7,7.0,꺼몬! - dc official App,꺼몬! - dc official App,0.06810028105974197,0.03779040649533272,0.13710540533065796,0.12821027636528015,0.6012079119682312,0.027585703879594803
2024-05-19 22:12:01,도련놈의 어께빵,성공적,7,7.0,도련놈의 어께빵 성공적,도련놈의 어께빵 성공적,0.052390772849321365,0.04147232323884964,0.10496597737073898,0.060309916734695435,0.7140377759933472,0.026823239400982857
2024-05-19 22:12:01,역시 레드불 연막이었노 ㅋㅋㅋ,"FP때 연막같다고 글쌌는데
역시나 연막맞았노 ㅋㅋ",7,7.0,"역시 레드불 연막이었노 ㅋㅋㅋ FP때 연막같다고 글쌌는데
역시나 연막맞았노 ㅋㅋ",역시 레드불 연막이었노 ㅋㅋㅋ FP때 연막같다고 글쌌는데 역시나 연막맞았노 ㅋㅋ,0.16382406651973724,0.09327639639377594,0.28235262632369995,0.253602534532547,0.09189210087060928,0.11505227535963058
2024-05-19 22:12:05,심레이싱 막스 팀 뉘르 24시 우승했네 ㅋㅋ,,7,7.0,심레이싱 막스 팀 뉘르 24시 우승했네 ㅋㅋ ,심레이싱 막스 팀 뉘르 24시 우승했네 ㅋㅋ,0.053415365517139435,0.03047032654285431,0.11543307453393936,0.07744518667459488,0.6956532597541809,0.02758273296058178
2024-05-19 22:12:11,??? : 티포시의 주말이라니 아파트에서 사람이 죽었다니,여기 유머 잘 치지 않냐 ㅋㅋㅋㅋ,7,7.0,??? : 티포시의 주말이라니 아파트에서 사람이 죽었다니 여기 유머 잘 치지 않냐 ㅋㅋㅋㅋ,??? : 티포시의 주말이라니 아파트에서 사람이 죽었다니 여기 유머 잘 치지 않냐 ㅋㅋㅋㅋ,0.10491479188203812,0.042087577283382416,0.22860293090343475,0.2402932345867157,0.31154927611351013,0.0725521594285965
2024-05-19 22:12:13,몽골 대리운전 해주고싶다,개꿀잼 레이스 가능,7,7.0,몽골 대리운전 해주고싶다 개꿀잼 레이스 가능,몽골 대리운전 해주고싶다 개꿀잼 레이스 가능,0.05578653886914253,0.03355956822633743,0.13531334698200226,0.09300278127193451,0.6494283080101013,0.03290946036577225
2024-05-19 22:12:26,몽골 크루징 on,네덜란드 국가 틀어라,7,7.0,몽골 크루징 on 네덜란드 국가 틀어라,몽골 크루징 on 네덜란드 국가 틀어라,0.14201873540878296,0.07819201052188873,0.21471749246120453,0.22216935455799103,0.28720879554748535,0.05569365620613098
2024-05-19 22:12:50,선수 이름 읽히니까 보기 훨씬 편하네ㅋㅋㅋㅋ,근데 STR 임마는 누구냐,7,7.0,선수 이름 읽히니까 보기 훨씬 편하네ㅋㅋㅋㅋ 근데 STR 임마는 누구냐,선수 이름 읽히니까 보기 훨씬 편하네ㅋㅋㅋㅋ 근데 STR 임마는 누구냐,0.06458090245723724,0.0389179065823555,0.17625147104263306,0.12560692429542542,0.5494177937507629,0.04522500932216644
2024-05-19 22:13:11,맥라렌 빠르다,,7,7.0,맥라렌 빠르다 ,맥라렌 빠르다,0.07431420683860779,0.04193489998579025,0.22305181622505188,0.2394172102212906,0.3448159098625183,0.076465904712677
2024-05-19 22:13:11,맥라렌 이스 패스틐ㅋㅋㅋㅋㅋㅋ,,7,7.0,맥라렌 이스 패스틐ㅋㅋㅋㅋㅋㅋ ,맥라렌 이스 패스틐ㅋㅋㅋㅋㅋㅋ,0.1076895222067833,0.040730614215135574,0.20023664832115173,0.2128690630197525,0.3852044343948364,0.053269706666469574
2024-05-19 22:13:11,쟤들 빨라 ㅠㅠ,,7,7.0,쟤들 빨라 ㅠㅠ ,쟤들 빨라 ㅠㅠ,0.10337858647108078,0.06808619201183319,0.22232472896575928,0.24549654126167297,0.24789704382419586,0.11281687766313553
2024-05-19 22:13:15,사인츠 피셜 맥라렌 좋음ㅋㅋ,,7,7.0,사인츠 피셜 맥라렌 좋음ㅋㅋ ,사인츠 피셜 맥라렌 좋음ㅋㅋ,0.05538136512041092,0.043363966047763824,0.11236590892076492,0.060246821492910385,0.7009500861167908,0.027691787108778954
2024-05-19 22:13:22,메르 이 개병신들,,8,8.0,메르 이 개병신들 ,메르 이 개병신들,0.3326489329338074,0.19017332792282104,0.1620354801416397,0.13143141567707062,0.1434788852930069,0.04023192450404167
2024-05-19 22:13:28,맥라랜 빨라요 ㅠㅠ,ㅋㅋㅋㅋㅋ,8,8.0,맥라랜 빨라요 ㅠㅠ ㅋㅋㅋㅋㅋ,맥라랜 빨라요 ㅠㅠ ㅋㅋㅋㅋㅋ,0.12633806467056274,0.1365065723657608,0.32507744431495667,0.12748998403549194,0.21723274886608124,0.06735511124134064
2024-05-19 22:13:32,노리스야 막스 좀 따라가 다오…,,8,8.0,노리스야 막스 좀 따라가 다오… ,노리스야 막스 좀 따라가 다오…,0.14241258800029755,0.15122494101524353,0.22989656031131744,0.16859038174152374,0.21024060249328613,0.09763483703136444
2024-05-19 22:13:33,방금 우리 아피트에서 사람 한명 죽었다,또 속았다,8,8.0,방금 우리 아피트에서 사람 한명 죽었다 또 속았다,방금 우리 아피트에서 사람 한명 죽었다 또 속았다,0.18239055573940277,0.20309992134571075,0.2511483132839203,0.18441852927207947,0.08561741560697556,0.09332526475191116
2024-05-19 22:13:49,가슬리 알바오 왜 못따,벌써 소프트 8랩인데 이럴거면 미듐하지그냥,8,8.0,가슬리 알바오 왜 못따 벌써 소프트 8랩인데 이럴거면 미듐하지그냥,가슬리 알바오 왜 못따 벌써 소프트 8랩인데 이럴거면 미듐하지그냥,0.15731902420520782,0.12984471023082733,0.2793155908584595,0.28159984946250916,0.07060591131448746,0.08131489157676697
2024-05-19 22:14:02,알론소 gg,,8,8.0,알론소 gg ,알론소 gg,0.06988218426704407,0.04585744068026543,0.12878362834453583,0.07991321384906769,0.6453994512557983,0.030164051800966263
2024-05-19 22:14:06,차들 랩타임도 비슷하고 직빨 최속도 큰차이 안나서,"그냥 추월각 없다고 보면됨
왜 못 따라감? 이런거 의미없음
붙어봤자 추월도 못하고 그냥 지만 타이어 손해 ㅈㄴ보는거임
여기 그냥 럭키모나코라니까
비와서 변수생기는걸 봤었어서 그렇지
원래 레이스 ㅈ노잼서킷임",8,8.0,"차들 랩타임도 비슷하고 직빨 최속도 큰차이 안나서 그냥 추월각 없다고 보면됨
왜 못 따라감? 이런거 의미없음
붙어봤자 추월도 못하고 그냥 지만 타이어 손해 ㅈㄴ보는거임
여기 그냥 럭키모나코라니까
비와서 변수생기는걸 봤었어서 그렇지
원래 레이스 ㅈ노잼서킷임",차들 랩타임도 비슷하고 직빨 최속도 큰차이 안나서 그냥 추월각 없다고 보면됨 왜 못 따라감? 이런거 의미없음 붙어봤자 추월도 못하고 그냥 지만 타이어 손해 ㅈㄴ보는거임 여기 그냥 럭키모나코라니까 비와서 변수생기는걸 봤었어서 그렇지 원래 레이스 ㅈ노잼서킷임,0.19206610321998596,0.18712322413921356,0.26552262902259827,0.19867673516273499,0.0794273167848587,0.07718397676944733
2024-05-19 22:14:11,알국왕 왜피트?,?,8,8.0,알국왕 왜피트? ?,알국왕 왜피트? ?,0.09021195769309998,0.05645382031798363,0.2304711788892746,0.31717032194137573,0.2351296991109848,0.07056301087141037
2024-05-19 22:14:20,진짜 개노잼이다 이몰라는,"ㅇㅇ
- dc official App",8,8.0,"진짜 개노잼이다 이몰라는 ㅇㅇ
- dc official App",진짜 개노잼이다 이몰라는 ㅇㅇ,0.18362602591514587,0.17114484310150146,0.3083479404449463,0.15712928771972656,0.1170969307422638,0.06265491992235184
2024-05-19 22:14:21,알론소 칼퇴 선언,,8,8.0,알론소 칼퇴 선언 ,알론소 칼퇴 선언,0.17096716165542603,0.1388516128063202,0.26632389426231384,0.17106923460960388,0.18968649208545685,0.06310161203145981
2024-05-19 22:14:28,체코 저 개병신새끼ㅋㅋㅋㅋㅋㅋ,저런차로 11그리드 출발ㅋㅋㅋㅋㅋㅋㅋㅋㅋ,8,8.0,체코 저 개병신새끼ㅋㅋㅋㅋㅋㅋ 저런차로 11그리드 출발ㅋㅋㅋㅋㅋㅋㅋㅋㅋ,체코 저 개병신새끼ㅋㅋㅋㅋㅋㅋ 저런차로 11그리드 출발ㅋㅋㅋㅋㅋㅋㅋㅋㅋ,0.29040011763572693,0.122822105884552,0.1861274689435959,0.18744565546512604,0.12328549474477768,0.08991917967796326
2024-05-19 22:14:31,칼퇴하신 국왕님,,8,8.0,칼퇴하신 국왕님 ,칼퇴하신 국왕님,0.12075209617614746,0.08923546224832535,0.28882524371147156,0.13762164115905762,0.2913435101509094,0.07222212105989456
2024-05-19 22:14:31,알론소 결국 하드로 바꿨네 ㅋㅋㅋㅋㅋ,,8,8.0,알론소 결국 하드로 바꿨네 ㅋㅋㅋㅋㅋ ,알론소 결국 하드로 바꿨네 ㅋㅋㅋㅋㅋ,0.09876449406147003,0.04981643706560135,0.2516946494579315,0.19974638521671295,0.31425440311431885,0.08572352677583694
2024-05-19 22:14:36,오콘 지금상황 유지못해서 리프트엔코스트 시작,좆핀아,8,8.0,오콘 지금상황 유지못해서 리프트엔코스트 시작 좆핀아,오콘 지금상황 유지못해서 리프트엔코스트 시작 좆핀아,0.3071345090866089,0.17221716046333313,0.18873828649520874,0.12777894735336304,0.13844411075115204,0.06568693369626999
2024-05-19 22:14:33,노리스는 걍 타이어관리중인듯,"처음에 drs얻고 도망가려다 안되니까 거리두고 타이어관리하네
Mclaren F1 team 2007~",8,8.0,"노리스는 걍 타이어관리중인듯 처음에 drs얻고 도망가려다 안되니까 거리두고 타이어관리하네
Mclaren F1 team 2007~",노리스는 걍 타이어관리중인듯 처음에 drs얻고 도망가려다 안되니까 거리두고 타이어관리하네 Mclaren F1 team 2007~,0.11899888515472412,0.08634784072637558,0.2784884572029114,0.2924477159976959,0.12237018346786499,0.1013469249010086
2024-05-19 22:14:37,채신기술 ㄷㄷ,게임같네,8,8.0,채신기술 ㄷㄷ 게임같네,채신기술 ㄷㄷ 게임같네,0.10613357275724411,0.04645219072699547,0.20780959725379944,0.32961326837539673,0.2070465385913849,0.10294479876756668
2024-05-19 22:14:38,알론소 하드입갤 ㅋㅋㅋㅋㅋㅋㅋ,,8,8.0,알론소 하드입갤 ㅋㅋㅋㅋㅋㅋㅋ ,알론소 하드입갤 ㅋㅋㅋㅋㅋㅋㅋ,0.06105959415435791,0.03036634251475334,0.1100887730717659,0.07927931845188141,0.6942415833473206,0.024964384734630585
2024-05-19 22:14:42,윌 뒤에 묶여있는거보단 레이스 시뮬 돌리는게 낫지,,8,8.0,윌 뒤에 묶여있는거보단 레이스 시뮬 돌리는게 낫지 ,윌 뒤에 묶여있는거보단 레이스 시뮬 돌리는게 낫지,0.10461252927780151,0.1200110912322998,0.30612465739250183,0.20141716301441193,0.20545950531959534,0.06237504258751869
2024-05-19 22:14:46,아니 레드불 머신타고 츠노다 뒤에서 달리는 놈은 뮤ㅓ냐?,ㅇ,9,9.0,아니 레드불 머신타고 츠노다 뒤에서 달리는 놈은 뮤ㅓ냐? ㅇ,아니 레드불 머신타고 츠노다 뒤에서 달리는 놈은 뮤ㅓ냐? ㅇ,0.17256391048431396,0.09337476640939713,0.24348609149456024,0.2812565863132477,0.11005805432796478,0.09926062077283859
2024-05-19 22:14:51,알론소 소프트 벌써 갈림?,아오!,9,9.0,알론소 소프트 벌써 갈림? 아오!,알론소 소프트 벌써 갈림? 아오!,0.21229712665081024,0.12829278409481049,0.27894529700279236,0.17657794058322906,0.11742641031742096,0.08646050840616226
2024-05-19 22:14:52,맥라렌 레드불 차이가 안나는거 같은데,와,9,9.0,맥라렌 레드불 차이가 안나는거 같은데 와,맥라렌 레드불 차이가 안나는거 같은데 와,0.13173595070838928,0.06100635230541229,0.20332090556621552,0.3487776517868042,0.13603341579437256,0.11912576109170914
2024-05-19 22:14:46,알롱소 소프트 유기 ㅋㅋㅋㅋㅋ,아오 애마시치,9,9.0,알롱소 소프트 유기 ㅋㅋㅋㅋㅋ 아오 애마시치,알롱소 소프트 유기 ㅋㅋㅋㅋㅋ 아오 애마시치,0.06500832736492157,0.03542443737387657,0.11125856637954712,0.07043895870447159,0.6955126523971558,0.02235710434615612
2024-05-19 22:15:00,틀론서 진짜 테스트만 하네,"지피투 엔진이다 이거야
- dc official App",9,9.0,"틀론서 진짜 테스트만 하네 지피투 엔진이다 이거야
- dc official App",틀론서 진짜 테스트만 하네 지피투 엔진이다 이거야,0.1145588606595993,0.0801958441734314,0.2800442576408386,0.24188297986984253,0.1902567744255066,0.09306128323078156
2024-05-19 22:15:04,헐크 포디움 VS 페라리 드챔 뭐가 더 빠름??,ㅋㅋㅋ,9,9.0,헐크 포디움 VS 페라리 드챔 뭐가 더 빠름?? ㅋㅋㅋ,헐크 포디움 VS 페라리 드챔 뭐가 더 빠름?? ㅋㅋㅋ,0.10154741257429123,0.04431584104895592,0.21809354424476624,0.2977168560028076,0.27176982164382935,0.06655654311180115
2024-05-19 22:15:11,이몰라는 Wec한정으로만 하자,개재미없네,9,9.0,이몰라는 Wec한정으로만 하자 개재미없네,이몰라는 Wec한정으로만 하자 개재미없네,0.19618046283721924,0.16618311405181885,0.3151524066925049,0.13966409862041473,0.12855522334575653,0.05426466092467308
2024-05-19 22:15:08,근데 알론소 왜 핏레인스타트함?,"어제 안봐서 몰?루
- dc official App",9,9.0,"근데 알론소 왜 핏레인스타트함? 어제 안봐서 몰?루
- dc official App",근데 알론소 왜 핏레인스타트함? 어제 안봐서 몰?루,0.10711578279733658,0.066013865172863,0.23366686701774597,0.3429391384124756,0.15897364914417267,0.09129070490598679
2024-05-19 22:15:14,11카도 ㄷㄷ,- dc official App,9,9.0,11카도 ㄷㄷ - dc official App,11카도 ㄷㄷ - dc official App,0.09567804634571075,0.04134683683514595,0.20603503286838531,0.31193315982818604,0.27108633518218994,0.07392055541276932
2024-05-19 22:15:17,체코는 병신이야?,막스랑 같은 차 맞음?,9,9.0,체코는 병신이야? 막스랑 같은 차 맞음?,체코는 병신이야? 막스랑 같은 차 맞음?,0.17386659979820251,0.11986470222473145,0.21428999304771423,0.3189106285572052,0.0936635211110115,0.07940459996461868
2024-05-19 22:15:18,프랙티스 끝나고 요스한테 위협당한 막스는 개추 ㅋㅋㅋ,,9,9.0,프랙티스 끝나고 요스한테 위협당한 막스는 개추 ㅋㅋㅋ ,프랙티스 끝나고 요스한테 위협당한 막스는 개추 ㅋㅋㅋ,0.10287460684776306,0.04558224603533745,0.22435909509658813,0.1572577953338623,0.40288519859313965,0.06704101711511612
2024-05-19 22:15:19,벌써 인피트네,"왜케 빠르냐 ㄷ
- dc official App",9,9.0,"벌써 인피트네 왜케 빠르냐 ㄷ
- dc official App",벌써 인피트네 왜케 빠르냐 ㄷ,0.10722895711660385,0.047677114605903625,0.21263539791107178,0.32185086607933044,0.20464229583740234,0.10596541315317154
2024-05-19 22:15:24,가슬리 소프트 핏인,ㅇ,9,9.0,가슬리 소프트 핏인 ㅇ,가슬리 소프트 핏인 ㅇ,0.09226644039154053,0.04570196568965912,0.18947537243366241,0.16589970886707306,0.47403764724731445,0.0326189287006855
2024-05-19 22:15:26,머리위에 뜨는거 개신기하네,화면도 자꾸 움직이는데 어떻게 저렇게 딱 따라가냐,9,9.0,머리위에 뜨는거 개신기하네 화면도 자꾸 움직이는데 어떻게 저렇게 딱 따라가냐,머리위에 뜨는거 개신기하네 화면도 자꾸 움직이는데 어떻게 저렇게 딱 따라가냐,0.10608689486980438,0.04424262046813965,0.21504689753055573,0.3117697238922119,0.22371922433376312,0.09913470596075058
2024-05-19 22:15:27,가슬리도 피트 간거 보면 소프트 ㅈㄴ 갈리나보네,뭐한거냐 ㅋㅋㅋㅋㅋㅋ,9,9.0,가슬리도 피트 간거 보면 소프트 ㅈㄴ 갈리나보네 뭐한거냐 ㅋㅋㅋㅋㅋㅋ,가슬리도 피트 간거 보면 소프트 ㅈㄴ 갈리나보네 뭐한거냐 ㅋㅋㅋㅋㅋㅋ,0.14274567365646362,0.07329080998897552,0.26425498723983765,0.29126647114753723,0.10234276950359344,0.12609927356243134
2024-05-19 22:15:31,진짜 서킷 개좆같네,당장 캘린더 빼라 ㅅㅂ,9,9.0,진짜 서킷 개좆같네 당장 캘린더 빼라 ㅅㅂ,진짜 서킷 개좆같네 당장 캘린더 빼라 ㅅㅂ,0.2907344400882721,0.19719551503658295,0.2166719138622284,0.09774141013622284,0.16237665712833405,0.03528011217713356
2024-05-19 22:15:32,이제 딴짓하다가 캐스터 좀 시끄러워지면 다시 오면 되는거지?,겜한판해야겠다,9,9.0,이제 딴짓하다가 캐스터 좀 시끄러워지면 다시 오면 되는거지? 겜한판해야겠다,이제 딴짓하다가 캐스터 좀 시끄러워지면 다시 오면 되는거지? 겜한판해야겠다,0.12369552254676819,0.10543281584978104,0.23753021657466888,0.1634846180677414,0.2944087088108063,0.075448177754879
2024-05-19 22:15:34,리어윙 진짜 멋없네,- dc official App,9,9.0,리어윙 진짜 멋없네 - dc official App,리어윙 진짜 멋없네 - dc official App,0.13954436779022217,0.1301960051059723,0.30941349267959595,0.25008389353752136,0.11277586221694946,0.05798640102148056
2024-05-19 22:15:38,벌써 들어가는 타이밍임?,하드로 끝까지 되나,9,9.0,벌써 들어가는 타이밍임? 하드로 끝까지 되나,벌써 들어가는 타이밍임? 하드로 끝까지 되나,0.09809704124927521,0.06988943368196487,0.2236921638250351,0.3192667067050934,0.17919106781482697,0.10986356437206268
2024-05-19 22:15:40,병신은 이제 딸깍도 못하네,유키한테 자리줘라 그냥,9,9.0,병신은 이제 딸깍도 못하네 유키한테 자리줘라 그냥,병신은 이제 딸깍도 못하네 유키한테 자리줘라 그냥,0.14142915606498718,0.18127764761447906,0.2781701982021332,0.22364817559719086,0.07540970295667648,0.10006523132324219
2024-05-19 22:15:54,어제 누리스가 폴 땄어야 했는데,개아깝네,9,9.0,어제 누리스가 폴 땄어야 했는데 개아깝네,어제 누리스가 폴 땄어야 했는데 개아깝네,0.16353143751621246,0.20345912873744965,0.29252758622169495,0.1386040300130844,0.14806437492370605,0.05381346866488457
2024-05-19 22:15:54,노리스 갭 잠깐 안 보면 벌어져있노,씹ㅋㅋ,9,9.0,노리스 갭 잠깐 안 보면 벌어져있노 씹ㅋㅋ,노리스 갭 잠깐 안 보면 벌어져있노 씹ㅋㅋ,0.2000969499349594,0.11286164075136185,0.26602742075920105,0.21874798834323883,0.10372266173362732,0.09854332357645035
2024-05-19 22:15:58,이거 투스탑 나오려나 하드로 55랩 안될거같은데,음,9,9.0,이거 투스탑 나오려나 하드로 55랩 안될거같은데 음,이거 투스탑 나오려나 하드로 55랩 안될거같은데 음,0.09922762960195541,0.07894503325223923,0.23187465965747833,0.3339799642562866,0.16266976296901703,0.09330298006534576
2024-05-19 22:16:00,자우버 핏스탑 빨랐다 ㅋㅋㅋ,"아싸뵹
- dc official App",9,9.0,"자우버 핏스탑 빨랐다 ㅋㅋㅋ 아싸뵹
- dc official App",자우버 핏스탑 빨랐다 ㅋㅋㅋ 아싸뵹,0.062431905418634415,0.04676159471273422,0.11726387590169907,0.06120658665895462,0.6877846121788025,0.02455137111246586
2024-05-19 22:16:00,조용히 멸망중인 알국왕,,9,9.0,조용히 멸망중인 알국왕 ,조용히 멸망중인 알국왕,0.13562805950641632,0.13565164804458618,0.25492027401924133,0.25597915053367615,0.11092175543308258,0.10689914971590042
2024-05-19 22:16:01,알본 망??,,9,9.0,알본 망?? ,알본 망??,0.11066344380378723,0.06855390965938568,0.21923470497131348,0.3388894498348236,0.1599268615245819,0.10273164510726929
2024-05-19 22:16:07,또 너야 윌리엄스?,,9,9.0,또 너야 윌리엄스? ,또 너야 윌리엄스?,0.11823607236146927,0.0528443269431591,0.21766674518585205,0.3213021159172058,0.1480938345193863,0.14185690879821777
2024-05-19 22:16:09,레이스 끝났노,"막스우승 ㅈㅈ
- dc official App",9,9.0,"레이스 끝났노 막스우승 ㅈㅈ
- dc official App",레이스 끝났노 막스우승 ㅈㅈ,0.1435931921005249,0.1438920944929123,0.3580304682254791,0.11598701030015945,0.16917479038238525,0.06932244449853897
2024-05-19 22:16:12,??,,10,10.0,?? ,??,0.13853642344474792,0.06859266757965088,0.24215289950370789,0.3067072927951813,0.14393053948879242,0.10008019208908081
2024-05-19 22:16:10,아 알본 제발ㅠㅠㅠㅠㅠ,,9,9.0,아 알본 제발ㅠㅠㅠㅠㅠ ,아 알본 제발ㅠㅠㅠㅠㅠ,0.15414486825466156,0.18815037608146667,0.20965765416622162,0.15499956905841827,0.20384611189365387,0.0892014428973198
2024-05-19 22:16:13,알본 왜저러노 ㅋㅋㅋㅋ,"ㅋㅋㅋㅋ
- dc official App",10,10.0,"알본 왜저러노 ㅋㅋㅋㅋ ㅋㅋㅋㅋ
- dc official App",알본 왜저러노 ㅋㅋㅋㅋ ㅋㅋㅋㅋ,0.18914715945720673,0.10093984007835388,0.3041190505027771,0.21967828273773193,0.10291498899459839,0.08320072293281555
2024-05-19 22:16:14,세이프티카 출동준비!,"가즈아~~~
- dc official App",10,10.0,"세이프티카 출동준비! 가즈아~~~
- dc official App",세이프티카 출동준비! 가즈아~~~,0.06276273727416992,0.03836527094244957,0.13776250183582306,0.10158820450305939,0.6261847615242004,0.03333650529384613
2024-05-19 22:16:16,셒카 ㅅㅅㅅ,- dc official App,10,10.0,셒카 ㅅㅅㅅ - dc official App,셒카 ㅅㅅㅅ - dc official App,0.0841386690735817,0.04146425426006317,0.1709860861301422,0.1684807986021042,0.5034230351448059,0.031507134437561035
2024-05-19 22:16:17,셉카뜨냐????,- dc official App,10,10.0,셉카뜨냐???? - dc official App,셉카뜨냐???? - dc official App,0.08651576936244965,0.04569960758090019,0.20350311696529388,0.24878892302513123,0.360395610332489,0.055096931755542755
2024-05-19 22:16:18,저새끼 왜저려나,루징빠와?,10,10.0,저새끼 왜저려나 루징빠와?,저새끼 왜저려나 루징빠와?,0.2273651361465454,0.1519424170255661,0.2455408126115799,0.20589138567447662,0.07947680354118347,0.08978351950645447
2024-05-19 22:16:21,크로프티랑 브런들 없으니 심심하네,귀에 안감겨,10,10.0,크로프티랑 브런들 없으니 심심하네 귀에 안감겨,크로프티랑 브런들 없으니 심심하네 귀에 안감겨,0.16302642226219177,0.15525873005390167,0.32796844840049744,0.10366341471672058,0.20595939457416534,0.04412354528903961
2024-05-19 22:16:15,알본 망?,,10,10.0,알본 망? ,알본 망?,0.10399932414293289,0.06431610882282257,0.21430961787700653,0.33684372901916504,0.1805810034275055,0.0999501645565033
2024-05-19 22:16:23,알본 기어다니노 ㅋㅋㅋ,,10,10.0,알본 기어다니노 ㅋㅋㅋ ,알본 기어다니노 ㅋㅋㅋ,0.17220918834209442,0.06612709909677505,0.22787462174892426,0.2979682981967926,0.14645442366600037,0.08936633914709091
2024-05-19 22:16:27,옐로플랙 셒카 드가자~~~,,10,10.0,옐로플랙 셒카 드가자~~~ ,옐로플랙 셒카 드가자~~~,0.05840716138482094,0.03494344651699066,0.1070275604724884,0.07419469207525253,0.6995588541030884,0.025868205353617668
2024-05-19 22:16:27,이몰라 = 그저 페라리 원툴 좆노잼 JOAT,,10,10.0,이몰라 = 그저 페라리 원툴 좆노잼 JOAT ,이몰라 = 그저 페라리 원툴 좆노잼 JOAT,0.21459467709064484,0.1619875580072403,0.27420493960380554,0.1674511432647705,0.10767461359500885,0.07408715784549713
2024-05-19 22:16:28,제발 스탑더카 스탑더카,,10,10.0,제발 스탑더카 스탑더카 ,제발 스탑더카 스탑더카,0.23938804864883423,0.21934698522090912,0.18283623456954956,0.1285664588212967,0.1686391979455948,0.061223000288009644
2024-05-19 22:16:30,알바오 퇴갤 ㅋㅋㅋㅋㅋㅋㅋㅋ,,10,10.0,알바오 퇴갤 ㅋㅋㅋㅋㅋㅋㅋㅋ ,알바오 퇴갤 ㅋㅋㅋㅋㅋㅋㅋㅋ,0.12006807327270508,0.05496348813176155,0.1943979412317276,0.11038318276405334,0.4852730631828308,0.03491424396634102
2024-05-19 22:16:30,알본사망ㅋㅋㅋㅋ,,10,10.0,알본사망ㅋㅋㅋㅋ ,알본사망ㅋㅋㅋㅋ,0.17386190593242645,0.08405031263828278,0.30377742648124695,0.1725572943687439,0.18532223999500275,0.08043085038661957
2024-05-19 22:16:36,어따 세우냐?,한복판에 멈춰주냐?,10,10.0,어따 세우냐? 한복판에 멈춰주냐?,어따 세우냐? 한복판에 멈춰주냐?,0.13515453040599823,0.11715289950370789,0.2704204320907593,0.28016531467437744,0.11660270392894745,0.08050410449504852
2024-05-19 22:16:35,타이어 똑바로 안낀거같음,Mclaren F1 team 2007~,10,10.0,타이어 똑바로 안낀거같음 Mclaren F1 team 2007~,타이어 똑바로 안낀거같음 Mclaren F1 team 2007~,0.14573389291763306,0.12411294132471085,0.2385382503271103,0.2949133813381195,0.13087098300457,0.06583051383495331
2024-05-19 22:16:39,타이어 제대로 안 끼운거 아니냐,,10,10.0,타이어 제대로 안 끼운거 아니냐 ,타이어 제대로 안 끼운거 아니냐,0.15682470798492432,0.12924674153327942,0.20521527528762817,0.3347046375274658,0.09868614375591278,0.07532249391078949
2024-05-19 22:16:47,역시 페들갑은 ㅋㅋㅋㅋㅋㅋ,"이몰라의 제황?
어 막스는 그걸 때려잡어 ㅋㅋ",10,10.0,"역시 페들갑은 ㅋㅋㅋㅋㅋㅋ 이몰라의 제황?
어 막스는 그걸 때려잡어 ㅋㅋ",역시 페들갑은 ㅋㅋㅋㅋㅋㅋ 이몰라의 제황? 어 막스는 그걸 때려잡어 ㅋㅋ,0.15077050030231476,0.056654758751392365,0.204806849360466,0.2751272916793823,0.19888605177402496,0.11375455558300018
2024-05-19 22:16:49,VSC같은 소리하지 마라 무조건 SC다,알겠냐?,10,10.0,VSC같은 소리하지 마라 무조건 SC다 알겠냐?,VSC같은 소리하지 마라 무조건 SC다 알겠냐?,0.27667471766471863,0.1378174126148224,0.20994919538497925,0.17883753776550293,0.15630383789539337,0.040417350828647614
2024-05-19 22:16:43,그냥 자진 피트 입갤할거라 세카는 안나올듯..,,10,10.0,그냥 자진 피트 입갤할거라 세카는 안나올듯.. ,그냥 자진 피트 입갤할거라 세카는 안나올듯..,0.1045638769865036,0.12050947546958923,0.30581146478652954,0.2864287793636322,0.11123340576887131,0.0714530348777771
2024-05-19 22:16:51,세카떠라제발!!!!,,10,10.0,세카떠라제발!!!! ,세카떠라제발!!!!,0.12689420580863953,0.09503845125436783,0.1840280294418335,0.11428252607584,0.425359308719635,0.05439753830432892
2024-05-19 22:16:52,타이어 덜 조였나?,??,10,10.0,타이어 덜 조였나? ??,타이어 덜 조였나? ??,0.11556389182806015,0.0783308744430542,0.23538289964199066,0.33696994185447693,0.1450258046388626,0.08872653543949127
2024-05-19 22:16:55,윌 차 ㅈ댔노,와우,10,10.0,윌 차 ㅈ댔노 와우,윌 차 ㅈ댔노 와우,0.134968563914299,0.10951925069093704,0.2565966248512268,0.25860080122947693,0.113985575735569,0.1263292133808136
2024-05-19 22:16:55,ㅈ콘 도련놈한테 따였노 ㅋㅋ,ㅋㅋ,10,10.0,ㅈ콘 도련놈한테 따였노 ㅋㅋ ㅋㅋ,ㅈ콘 도련놈한테 따였노 ㅋㅋ ㅋㅋ,0.19623245298862457,0.11689525097608566,0.3049929440021515,0.18510986864566803,0.10102306306362152,0.09574639797210693
2024-05-19 22:16:57,알바오 반납ㅋㅋㅋㅋㅋㅋㅋㅋㅋㅋㅋㅋ,안녕 알바오!,10,10.0,알바오 반납ㅋㅋㅋㅋㅋㅋㅋㅋㅋㅋㅋㅋ 안녕 알바오!,알바오 반납ㅋㅋㅋㅋㅋㅋㅋㅋㅋㅋㅋㅋ 안녕 알바오!,0.056832779198884964,0.03724593669176102,0.12546931207180023,0.07530353963375092,0.6804571151733398,0.02469133771955967
2024-05-19 22:17:09,사인츠 좀 누리누,ㅇㅇ,10,10.0,사인츠 좀 누리누 ㅇㅇ,사인츠 좀 누리누 ㅇㅇ,0.05272940173745155,0.044873543083667755,0.1138993427157402,0.06483443826436996,0.6946843862533569,0.02897888980805874
2024-05-19 22:17:10,알본 저거 왜 저러냐,"리타 각인데?
- dc official App",10,10.0,"알본 저거 왜 저러냐 리타 각인데?
- dc official App",알본 저거 왜 저러냐 리타 각인데?,0.17338596284389496,0.09900988638401031,0.21322357654571533,0.317598819732666,0.08727294951677322,0.10950883477926254
2024-05-19 22:17:14,이몰라가 러셀이 보타스 가져다 박은 서킷이였음?,맞냐,10,10.0,이몰라가 러셀이 보타스 가져다 박은 서킷이였음? 맞냐,이몰라가 러셀이 보타스 가져다 박은 서킷이였음? 맞냐,0.11686941236257553,0.06075884774327278,0.20837077498435974,0.36236488819122314,0.14243383705615997,0.10920226573944092
2024-05-19 22:17:17,하 시발 윌리엄스 포인트 언제 따냐ㅠㅠㅠ,,10,10.0,하 시발 윌리엄스 포인트 언제 따냐ㅠㅠㅠ ,하 시발 윌리엄스 포인트 언제 따냐ㅠㅠㅠ,0.2328314185142517,0.24164512753486633,0.22938987612724304,0.11125297099351883,0.1339510828256607,0.05092957988381386
2024-05-19 22:17:18,알본 백마커 입갤,,10,10.0,알본 백마커 입갤 ,알본 백마커 입갤,0.06736740469932556,0.03494567796587944,0.15442238748073578,0.11861266195774078,0.5864471197128296,0.038204774260520935
2024-05-19 22:17:19,알본: tire not set properly,타이어 문제ㅜ인듯,10,10.0,알본: tire not set properly 타이어 문제ㅜ인듯,알본: tire not set properly 타이어 문제ㅜ인듯,0.12307955324649811,0.1465902179479599,0.2903389036655426,0.2735429108142853,0.094955675303936,0.0714927390217781
2024-05-19 22:17:19,알바오 뭐노 ㅋㅋㅋㅋㅋㅋㅋㅋㅋㅋ,ㅋㅋㅋㅋㅋ,10,10.0,알바오 뭐노 ㅋㅋㅋㅋㅋㅋㅋㅋㅋㅋ ㅋㅋㅋㅋㅋ,알바오 뭐노 ㅋㅋㅋㅋㅋㅋㅋㅋㅋㅋ ㅋㅋㅋㅋㅋ,0.09712275862693787,0.05648448318243027,0.2809332013130188,0.24298542737960815,0.25384682416915894,0.06862727552652359
2024-05-19 22:17:25,알본 꾸역꾸역 움직이네 ㅋㅋㅋㅋㅋㅋㅋㅋ,,10,10.0,알본 꾸역꾸역 움직이네 ㅋㅋㅋㅋㅋㅋㅋㅋ ,알본 꾸역꾸역 움직이네 ㅋㅋㅋㅋㅋㅋㅋㅋ,0.09046663343906403,0.03894481435418129,0.18826454877853394,0.22100931406021118,0.3794492781162262,0.08186540007591248
2024-05-19 22:17:26,피트 제 발로는 들어 갈 수 있나,,10,10.0,피트 제 발로는 들어 갈 수 있나 ,피트 제 발로는 들어 갈 수 있나,0.10519353300333023,0.07892103493213654,0.21719147264957428,0.36791011691093445,0.1258608102798462,0.1049230620265007
2024-05-19 22:17:27,제발세워,세카! 세카!,10,10.0,제발세워 세카! 세카!,제발세워 세카! 세카!,0.09074362367391586,0.06547994166612625,0.14938396215438843,0.09369942545890808,0.5558711886405945,0.044821757823228836
2024-05-19 22:17:28,알바오 가지마ㅠㅠ,- dc official App,10,10.0,알바오 가지마ㅠㅠ - dc official App,알바오 가지마ㅠㅠ - dc official App,0.12870681285858154,0.17443116009235382,0.2861563563346863,0.1732153296470642,0.15139004588127136,0.08610030263662338
2024-05-19 22:17:29,무빙시케인 ㅋㅋㅋㅋㅋ,ㅋㅋㅋㅋㅋㅋㅋ,10,10.0,무빙시케인 ㅋㅋㅋㅋㅋ ㅋㅋㅋㅋㅋㅋㅋ,무빙시케인 ㅋㅋㅋㅋㅋ ㅋㅋㅋㅋㅋㅋㅋ,0.06693723052740097,0.03410232067108154,0.1318834275007248,0.08617427945137024,0.6558182239532471,0.025084542110562325
2024-05-19 22:17:29,병신,- dc official App,10,10.0,병신 - dc official App,병신 - dc official App,0.09973964840173721,0.05016333609819412,0.18627189099788666,0.21261169016361237,0.41625356674194336,0.03495985269546509
2024-05-19 22:17:30,타이어 체결 제대로 안 한듯,"무전 내용
""tyre isn't on properly""
- dc official App",10,10.0,"타이어 체결 제대로 안 한듯 무전 내용
""tyre isn't on properly""
- dc official App","타이어 체결 제대로 안 한듯 무전 내용 ""tyre isn't on properly""",0.13933342695236206,0.11921211332082748,0.24825549125671387,0.3140622675418854,0.11541451513767242,0.0637221559882164
2024-05-19 22:17:39,윌 병 신,"ㅇ
Oracle Red Bull Racing RB20",11,11.0,"윌 병 신 ㅇ
Oracle Red Bull Racing RB20",윌 병 신 ㅇ Oracle Red Bull Racing RB20,0.24891157448291779,0.0954589769244194,0.22055098414421082,0.196309894323349,0.18136392533779144,0.05740467086434364
2024-05-19 22:17:41,???: 알본 저 병신은 시발...,내가 저런 새끼한테 차 뺐겼던거냐?,11,11.0,???: 알본 저 병신은 시발... 내가 저런 새끼한테 차 뺐겼던거냐?,???: 알본 저 병신은 시발... 내가 저런 새끼한테 차 뺐겼던거냐?,0.2602651119232178,0.20137079060077667,0.1734764277935028,0.1975717395544052,0.0869501605629921,0.08036579191684723
2024-05-19 22:17:42,알바오 어떡하노ㅠㅡ,- dc official App,11,11.0,알바오 어떡하노ㅠㅡ - dc official App,알바오 어떡하노ㅠㅡ - dc official App,0.1335904449224472,0.17803722620010376,0.28788432478904724,0.1737670600414276,0.14788863062858582,0.07883229106664658
2024-05-19 22:17:45,와 직선구간 진짜 ㅈㄴ 짧네 ㅋㅋ,,11,11.0,와 직선구간 진짜 ㅈㄴ 짧네 ㅋㅋ ,와 직선구간 진짜 ㅈㄴ 짧네 ㅋㅋ,0.13393592834472656,0.05548498034477234,0.2087256908416748,0.3363499641418457,0.1452046036720276,0.12029881030321121
2024-05-19 22:17:54,좆론소는 왜이렇게 못탐??,초반에 뭔일 있었음??,11,11.0,좆론소는 왜이렇게 못탐?? 초반에 뭔일 있었음??,좆론소는 왜이렇게 못탐?? 초반에 뭔일 있었음??,0.14145620167255402,0.1361924409866333,0.24532006680965424,0.31616663932800293,0.08000454306602478,0.08086007833480835
2024-05-19 22:18:00,서킷 존나 답답하네,퀄리재밌었다도르,11,11.0,서킷 존나 답답하네 퀄리재밌었다도르,서킷 존나 답답하네 퀄리재밌었다도르,0.20447610318660736,0.15356674790382385,0.24019572138786316,0.08192023634910583,0.2745054364204407,0.04533572122454643
2024-05-19 22:18:07,"""지금 바꿔 타면 안되냐?","FE에선 하던데
- dc official App",11,11.0,"""지금 바꿔 타면 안되냐? FE에선 하던데
- dc official App","""지금 바꿔 타면 안되냐? FE에선 하던데",0.10717611759901047,0.09235529601573944,0.2993607819080353,0.2690844237804413,0.15371178090572357,0.07831155508756638
2024-05-19 22:18:10,더 잠궈주노 ㅋㅋㅋㅋㅋㅋㅋㅋㅋㅋ,,11,11.0,더 잠궈주노 ㅋㅋㅋㅋㅋㅋㅋㅋㅋㅋ ,더 잠궈주노 ㅋㅋㅋㅋㅋㅋㅋㅋㅋㅋ,0.09468776732683182,0.0610838420689106,0.17002083361148834,0.09116656333208084,0.5486730337142944,0.03436792269349098
2024-05-19 22:18:12,케로 해설이 참,"""가까워지다가 코너를 만나죠?
추월 안 되는 모습을 경기 내내 볼 수도 있어요~"" 라니...
해설도 좋지만 재미도 좀 제발...
저렇게 김 빠지게 만들면 어떡해...",11,11.0,"케로 해설이 참 ""가까워지다가 코너를 만나죠?
추월 안 되는 모습을 경기 내내 볼 수도 있어요~"" 라니...
해설도 좋지만 재미도 좀 제발...
저렇게 김 빠지게 만들면 어떡해...","케로 해설이 참 ""가까워지다가 코너를 만나죠? 추월 안 되는 모습을 경기 내내 볼 수도 있어요~"" 라니... 해설도 좋지만 재미도 좀 제발... 저렇게 김 빠지게 만들면 어떡해...",0.18499325215816498,0.1822156012058258,0.3375099003314972,0.1431378275156021,0.08921300619840622,0.06293042004108429
2024-05-19 22:18:05,자진리타네 ㄲㅂ,,11,11.0,자진리타네 ㄲㅂ ,자진리타네 ㄲㅂ,0.16114169359207153,0.16943198442459106,0.32254543900489807,0.10374617576599121,0.19571268558502197,0.047422051429748535
2024-05-19 22:18:11,미듐 바꾸고 나가..?,,11,11.0,미듐 바꾸고 나가..? ,미듐 바꾸고 나가..?,0.09728012979030609,0.07762394845485687,0.259578138589859,0.3012840151786804,0.17232266068458557,0.09191114455461502
2024-05-19 22:18:15,아오 알본 그걸 제발로들어가네,ㅋㅋ,11,11.0,아오 알본 그걸 제발로들어가네 ㅋㅋ,아오 알본 그걸 제발로들어가네 ㅋㅋ,0.19270659983158112,0.08810064196586609,0.26033541560173035,0.24480444192886353,0.10798440873622894,0.10606858134269714
2024-05-19 22:18:18,뭐야 파워유닛문제가어니네,뭐지,11,11.0,뭐야 파워유닛문제가어니네 뭐지,뭐야 파워유닛문제가어니네 뭐지,0.14876562356948853,0.12778568267822266,0.3008384108543396,0.25231385231018066,0.09805533289909363,0.07224105298519135
2024-05-19 22:18:18,시발 윌은 그냥 안드레티한테 매각해라,"지랄하네 진짜
- dc official App",11,11.0,"시발 윌은 그냥 안드레티한테 매각해라 지랄하네 진짜
- dc official App",시발 윌은 그냥 안드레티한테 매각해라 지랄하네 진짜,0.2958947420120239,0.18883073329925537,0.212219700217247,0.13001275062561035,0.13554958999156952,0.03749249130487442
2024-05-19 22:18:18,체결?,"진짜 체결이면 ㅂㅅ이다
Oracle Red Bull Racing RB20",11,11.0,"체결? 진짜 체결이면 ㅂㅅ이다
Oracle Red Bull Racing RB20",체결? 진짜 체결이면 ㅂㅅ이다 Oracle Red Bull Racing RB20,0.16806969046592712,0.14721138775348663,0.2061072140932083,0.32015225291252136,0.08040469139814377,0.07805471867322922
2024-05-19 22:18:20,바퀴 덜 잠궜나,,11,11.0,바퀴 덜 잠궜나 ,바퀴 덜 잠궜나,0.1279434710741043,0.09487073123455048,0.24493925273418427,0.331813782453537,0.11956766247749329,0.08086510002613068
2024-05-19 22:18:28,타이어 체결 문제였네,"ㅂㅅ ㅋㅋㅋㅋ
- dc official App",11,11.0,"타이어 체결 문제였네 ㅂㅅ ㅋㅋㅋㅋ
- dc official App",타이어 체결 문제였네 ㅂㅅ ㅋㅋㅋㅋ,0.20923872292041779,0.11095473915338516,0.2469242960214615,0.24291503429412842,0.10606501251459122,0.08390218764543533
2024-05-19 22:18:27,알본 : 타이어 제대로 장착안됨,,11,11.0,알본 : 타이어 제대로 장착안됨 ,알본 : 타이어 제대로 장착안됨,0.1421743780374527,0.17238770425319672,0.26592525839805603,0.2662627100944519,0.09758654236793518,0.05566342547535896
2024-05-19 22:18:34,알본 부활 ㅋㅋㅋ,,11,11.0,알본 부활 ㅋㅋㅋ ,알본 부활 ㅋㅋㅋ,0.050114862620830536,0.03217412158846855,0.10683738440275192,0.06134885922074318,0.7269113063812256,0.022613491863012314
2024-05-19 22:18:41,엔진문제가 아니라 타이어 볼트 잠구다 말아서 그런가,뭐노,11,11.0,엔진문제가 아니라 타이어 볼트 잠구다 말아서 그런가 뭐노,엔진문제가 아니라 타이어 볼트 잠구다 말아서 그런가 뭐노,0.13346882164478302,0.15342870354652405,0.277359277009964,0.281310111284256,0.08991347998380661,0.06451959908008575
2024-05-19 22:18:40,오콘하고 도련놈 박았나 데미지있냐고 물어보네,어 음 어,11,11.0,오콘하고 도련놈 박았나 데미지있냐고 물어보네 어 음 어,오콘하고 도련놈 박았나 데미지있냐고 물어보네 어 음 어,0.1389603167772293,0.09749293327331543,0.2984626591205597,0.24031203985214233,0.10799025744199753,0.11678177863359451
2024-05-19 22:18:41,바퀴 덜잠궜노 ㅋㅋㅋㅋ,수준ㅋㅋㅋㅋ,11,11.0,바퀴 덜잠궜노 ㅋㅋㅋㅋ 수준ㅋㅋㅋㅋ,바퀴 덜잠궜노 ㅋㅋㅋㅋ 수준ㅋㅋㅋㅋ,0.1927388608455658,0.10765723139047623,0.24680355191230774,0.26624688506126404,0.09602473676204681,0.09052865952253342
2024-05-19 22:18:45,f1 라이브 처음보는데,보통 몇시간정도 함?,11,11.0,f1 라이브 처음보는데 보통 몇시간정도 함?,f1 라이브 처음보는데 보통 몇시간정도 함?,0.08635013550519943,0.04328654706478119,0.21704864501953125,0.2869643270969391,0.28489580750465393,0.08145453035831451
2024-05-19 22:18:40,아 시발 오늘 10시였냐,중요한거 놓친거 있음?,11,11.0,아 시발 오늘 10시였냐 중요한거 놓친거 있음?,아 시발 오늘 10시였냐 중요한거 놓친거 있음?,0.23427250981330872,0.20323854684829712,0.2831634283065796,0.11808541417121887,0.10270748287439346,0.058532584458589554
2024-05-19 22:18:50,?????,등신들아 ㅋㅋㅋㅋㅋㅋㅋㅋㅋㅋ,11,11.0,????? 등신들아 ㅋㅋㅋㅋㅋㅋㅋㅋㅋㅋ,????? 등신들아 ㅋㅋㅋㅋㅋㅋㅋㅋㅋㅋ,0.20440787076950073,0.08897089958190918,0.2579289376735687,0.22759076952934265,0.14018063247203827,0.08092083036899567
2024-05-19 22:18:52,미친새끼들 ㅋㅋㅋㅋㅋㅋㅋㅋㅋ 채우지도 못했네 ㅋㅋㅋㅋㅋ,,11,11.0,미친새끼들 ㅋㅋㅋㅋㅋㅋㅋㅋㅋ 채우지도 못했네 ㅋㅋㅋㅋㅋ ,미친새끼들 ㅋㅋㅋㅋㅋㅋㅋㅋㅋ 채우지도 못했네 ㅋㅋㅋㅋㅋ,0.18252834677696228,0.08651428669691086,0.30356529355049133,0.1730394959449768,0.16188593208789825,0.09246659278869629
2024-05-19 22:18:56,+1 LAP ㅅㅂㅋㅋㅋㅋㅋㅋㅋㅋㅋㅋ,,11,11.0,+1 LAP ㅅㅂㅋㅋㅋㅋㅋㅋㅋㅋㅋㅋ ,+1 LAP ㅅㅂㅋㅋㅋㅋㅋㅋㅋㅋㅋㅋ,0.15283337235450745,0.0703633651137352,0.20853374898433685,0.11047621816396713,0.41294172406196594,0.04485153406858444
2024-05-19 22:18:58,아 씨발 윌리엄스놈들아 뭐하냐ㅠㅠㅠㅠㅠㅠ,,12,12.0,아 씨발 윌리엄스놈들아 뭐하냐ㅠㅠㅠㅠㅠㅠ ,아 씨발 윌리엄스놈들아 뭐하냐ㅠㅠㅠㅠㅠㅠ,0.2902245819568634,0.22998203337192535,0.20274139940738678,0.11415418237447739,0.11879460513591766,0.04410321265459061
2024-05-19 22:19:01,오른쪽 앞 덜 조인듯,애가 덜컹거리는데,12,12.0,오른쪽 앞 덜 조인듯 애가 덜컹거리는데,오른쪽 앞 덜 조인듯 애가 덜컹거리는데,0.12372031062841415,0.10374235361814499,0.28935012221336365,0.27060410380363464,0.12527669966220856,0.08730641007423401
2024-05-19 22:19:03,저기는 나사 조이는것도 못하네 시발ㅋㅋㅋㅋ,,12,12.0,저기는 나사 조이는것도 못하네 시발ㅋㅋㅋㅋ ,저기는 나사 조이는것도 못하네 시발ㅋㅋㅋㅋ,0.2577730417251587,0.18475554883480072,0.2113441526889801,0.19110125303268433,0.07541856914758682,0.07960742712020874
2024-05-19 22:18:56,아오 윌리엄스 ㅋㅋㅋㅋㅋ,,11,11.0,아오 윌리엄스 ㅋㅋㅋㅋㅋ ,아오 윌리엄스 ㅋㅋㅋㅋㅋ,0.05326171964406967,0.03174159303307533,0.11227991431951523,0.07232547551393509,0.7060225009918213,0.024368764832615852
2024-05-19 22:19:07,시바 ㅋㅋㅋㅋㅋㅋㅋㅋㅋㅋㅋㅋㅋㅋㅋ,아오 ㅋㅋㅋㅋㅋㅋㅋㅋ,12,12.0,시바 ㅋㅋㅋㅋㅋㅋㅋㅋㅋㅋㅋㅋㅋㅋㅋ 아오 ㅋㅋㅋㅋㅋㅋㅋㅋ,시바 ㅋㅋㅋㅋㅋㅋㅋㅋㅋㅋㅋㅋㅋㅋㅋ 아오 ㅋㅋㅋㅋㅋㅋㅋㅋ,0.17256665229797363,0.07261647284030914,0.23154112696647644,0.10821565240621567,0.36844953894615173,0.046610623598098755
2024-05-19 22:19:06,윌리엄스 병신들,"타이어 똑바로꽂아라
- dc official App",12,12.0,"윌리엄스 병신들 타이어 똑바로꽂아라
- dc official App",윌리엄스 병신들 타이어 똑바로꽂아라,0.17423023283481598,0.1035337969660759,0.2155463695526123,0.30469441413879395,0.11919049173593521,0.08280467242002487
2024-05-19 22:19:07,바퀴 ㅋㅋ켴ㅋ안쪼임 ㅋㅋㅋㅋㅋ,- dc official App,12,12.0,바퀴 ㅋㅋ켴ㅋ안쪼임 ㅋㅋㅋㅋㅋ - dc official App,바퀴 ㅋㅋ켴ㅋ안쪼임 ㅋㅋㅋㅋㅋ - dc official App,0.07851715385913849,0.03344133496284485,0.14056871831417084,0.12017620354890823,0.5982584357261658,0.029038142412900925
2024-05-19 22:19:13,피아제 사인지 담당일진임?,,12,12.0,피아제 사인지 담당일진임? ,피아제 사인지 담당일진임?,0.1497166007757187,0.08748067915439606,0.21736200153827667,0.33236098289489746,0.10423161834478378,0.10884810239076614
2024-05-19 22:19:14,근데저거 타이어 바꾸는게 맞냐?,그냥 하드 다시 쪼이고 끝까지가는게 맞는거아님?,12,12.0,근데저거 타이어 바꾸는게 맞냐? 그냥 하드 다시 쪼이고 끝까지가는게 맞는거아님?,근데저거 타이어 바꾸는게 맞냐? 그냥 하드 다시 쪼이고 끝까지가는게 맞는거아님?,0.1362602561712265,0.1027330681681633,0.22992220520973206,0.3380012810230255,0.1008574366569519,0.09222576022148132
2024-05-19 22:19:16,윌리엄스 시치 ㅋㅋ,이거 뭐 어쩌려나,12,12.0,윌리엄스 시치 ㅋㅋ 이거 뭐 어쩌려나,윌리엄스 시치 ㅋㅋ 이거 뭐 어쩌려나,0.09186186641454697,0.08060258626937866,0.2897251546382904,0.24625815451145172,0.2090592235326767,0.08249303698539734
2024-05-19 22:19:19,바퀴 안나가게 달린 알본도 대단하노 ㅋㅋㅋㅋㅋㅋㅋ,ㅋㅋㅋㅋㅋㅋㅋㅋㅋㅋㅋㅋ,12,12.0,바퀴 안나가게 달린 알본도 대단하노 ㅋㅋㅋㅋㅋㅋㅋ ㅋㅋㅋㅋㅋㅋㅋㅋㅋㅋㅋㅋ,바퀴 안나가게 달린 알본도 대단하노 ㅋㅋㅋㅋㅋㅋㅋ ㅋㅋㅋㅋㅋㅋㅋㅋㅋㅋㅋㅋ,0.09971041232347488,0.03870287537574768,0.19789381325244904,0.28461378812789917,0.2813296914100647,0.09774933010339737
2024-05-19 22:19:21,19하스 생각나네ㅋㅋㅋㅋ,ㅋㅋ,12,12.0,19하스 생각나네ㅋㅋㅋㅋ ㅋㅋ,19하스 생각나네ㅋㅋㅋㅋ ㅋㅋ,0.06450405716896057,0.032275114208459854,0.1212969496846199,0.08417073637247086,0.6729101538658142,0.0248429998755455
2024-05-19 22:19:22,시발 하다하다 뭔 병신같은이슈까지 ㅋㅋㅋㅋㅋㅋㅋ,진짜 니네 뭐하냐,12,12.0,시발 하다하다 뭔 병신같은이슈까지 ㅋㅋㅋㅋㅋㅋㅋ 진짜 니네 뭐하냐,시발 하다하다 뭔 병신같은이슈까지 ㅋㅋㅋㅋㅋㅋㅋ 진짜 니네 뭐하냐,0.25288525223731995,0.1832103431224823,0.23643694818019867,0.17648479342460632,0.08410011231899261,0.06688258796930313
2024-05-19 22:19:27,^휠넛^ ㅋㅋㅋㅋ,,12,12.0,^휠넛^ ㅋㅋㅋㅋ ,^휠넛^ ㅋㅋㅋㅋ,0.0603371225297451,0.0347849577665329,0.11015823483467102,0.06865305453538895,0.7028934955596924,0.023173099383711815
2024-05-19 22:19:32,자우버 행동ㅋㅋ,- dc official App,12,12.0,자우버 행동ㅋㅋ - dc official App,자우버 행동ㅋㅋ - dc official App,0.07484928518533707,0.03800765052437782,0.14194749295711517,0.12953981757164001,0.5877010822296143,0.027954652905464172
2024-05-19 22:19:34,이런 실수를 하노 ㅋㅋㅋ,"점마 좆댔네
- dc official App",12,12.0,"이런 실수를 하노 ㅋㅋㅋ 점마 좆댔네
- dc official App",이런 실수를 하노 ㅋㅋㅋ 점마 좆댔네,0.1540931910276413,0.09309928119182587,0.2792268693447113,0.267682284116745,0.08530113846063614,0.12059728801250458
2024-05-19 22:19:39,아아 좋은 조임이다,- dc official App,12,12.0,아아 좋은 조임이다 - dc official App,아아 좋은 조임이다 - dc official App,0.053752221167087555,0.0426047258079052,0.12174158543348312,0.06547127664089203,0.6916276812553406,0.02480253018438816
2024-05-19 22:19:40,진짜 개병신은 윌리엄스였네,"자우버: 늦을뿐 너트는 잠군다
- dc official App",12,12.0,"진짜 개병신은 윌리엄스였네 자우버: 늦을뿐 너트는 잠군다
- dc official App",진짜 개병신은 윌리엄스였네 자우버: 늦을뿐 너트는 잠군다,0.2685771882534027,0.17561915516853333,0.20722708106040955,0.20012067258358002,0.07332602888345718,0.07512986660003662
2024-05-19 22:19:41,인터벌 진짜 개지랄 났네ㅋㅋ,지금이라도 자러갈까,12,12.0,인터벌 진짜 개지랄 났네ㅋㅋ 지금이라도 자러갈까,인터벌 진짜 개지랄 났네ㅋㅋ 지금이라도 자러갈까,0.2703176438808441,0.19202283024787903,0.2419273555278778,0.12005002051591873,0.10554030537605286,0.07014177739620209
2024-05-19 22:19:48,윌 단체로 나사풀렸네,ㅋㅋ,12,12.0,윌 단체로 나사풀렸네 ㅋㅋ,윌 단체로 나사풀렸네 ㅋㅋ,0.2129586637020111,0.10947573184967041,0.22559772431850433,0.2684268355369568,0.09737525135278702,0.08616577088832855
2024-05-19 22:19:48,팀 벌금도 코스트캡 포함임?,갑자기 궁금하네,12,12.0,팀 벌금도 코스트캡 포함임? 갑자기 궁금하네,팀 벌금도 코스트캡 포함임? 갑자기 궁금하네,0.09811250120401382,0.061368897557258606,0.21561038494110107,0.34719914197921753,0.18876998126506805,0.08893909305334091
2024-05-19 22:19:49,자 이제 언세이프 릴리즈는 가면을 벗고 윌리엄스에 등장하세요!,아 정체는 25000$ 벌금이었습니다~,12,12.0,자 이제 언세이프 릴리즈는 가면을 벗고 윌리엄스에 등장하세요! 아 정체는 25000$ 벌금이었습니다~,자 이제 언세이프 릴리즈는 가면을 벗고 윌리엄스에 등장하세요! 아 정체는 25000$ 벌금이었습니다~,0.0966881811618805,0.047024354338645935,0.2094668596982956,0.23586076498031616,0.3114861845970154,0.09947371482849121
2024-05-19 22:19:49,이탈리는 코스가 추월이잘안나나?,흠,12,12.0,이탈리는 코스가 추월이잘안나나? 흠,이탈리는 코스가 추월이잘안나나? 흠,0.1102413535118103,0.10040682554244995,0.26719459891319275,0.30736181139945984,0.13933135569095612,0.07546400278806686
2024-05-19 22:19:49,대런 핏인을 벌써한다고?,???,12,12.0,대런 핏인을 벌써한다고? ???,대런 핏인을 벌써한다고? ???,0.12580506503582,0.05768905207514763,0.22722060978412628,0.3378278315067291,0.13557185232639313,0.11588556319475174
2024-05-19 22:19:54,리카도는 왜 피트인한거지,이것도 rb의 병신전략인가,12,12.0,리카도는 왜 피트인한거지 이것도 rb의 병신전략인가,리카도는 왜 피트인한거지 이것도 rb의 병신전략인가,0.17243830859661102,0.15754203498363495,0.24463479220867157,0.28222012519836426,0.07355356216430664,0.06961123645305634
2024-05-19 22:20:01,와 저런 경우 처음 봐,"ㅋㅋㅋㅋㅋ
언제 또 저런 경우가 있었나?",12,12.0,"와 저런 경우 처음 봐 ㅋㅋㅋㅋㅋ
언제 또 저런 경우가 있었나?",와 저런 경우 처음 봐 ㅋㅋㅋㅋㅋ 언제 또 저런 경우가 있었나?,0.12066009640693665,0.05011133477091789,0.2154170572757721,0.31288933753967285,0.19374144077301025,0.10718073695898056
2024-05-19 22:20:08,저걸로 끝까지 가나?,- dc official App,12,12.0,저걸로 끝까지 가나? - dc official App,저걸로 끝까지 가나? - dc official App,0.12409956753253937,0.08119688183069229,0.2261328399181366,0.339874267578125,0.12144769728183746,0.10724880546331406
2024-05-19 22:20:08,버퍼링 ㅈㄴ심하네 오늘,,12,12.0,버퍼링 ㅈㄴ심하네 오늘 ,버퍼링 ㅈㄴ심하네 오늘,0.1818484663963318,0.20301543176174164,0.2898762822151184,0.15027755498886108,0.1197144016623497,0.055267930030822754
2024-05-19 22:20:11,이거 18시즌 마그누센 생각 나네,"p4할 뻔 했는데 바퀴 덜 잠겨서 리타이어하지 않았나
- dc official App",12,12.0,"이거 18시즌 마그누센 생각 나네 p4할 뻔 했는데 바퀴 덜 잠겨서 리타이어하지 않았나
- dc official App",이거 18시즌 마그누센 생각 나네 p4할 뻔 했는데 바퀴 덜 잠겨서 리타이어하지 않았나,0.11628732085227966,0.1020343229174614,0.29647985100746155,0.27124252915382385,0.1132587194442749,0.10069727897644043
2024-05-19 22:20:18,대노다 헬멧 왜케 더럽냐,- dc official App,12,12.0,대노다 헬멧 왜케 더럽냐 - dc official App,대노다 헬멧 왜케 더럽냐 - dc official App,0.2953402101993561,0.1799086481332779,0.18990610539913177,0.1399511694908142,0.13462476432323456,0.060269035398960114
2024-05-19 22:20:20,??? : 빙신들 휠체결 하나 똑바로 못하나,느리더라도 꼼꼼하게!,12,12.0,??? : 빙신들 휠체결 하나 똑바로 못하나 느리더라도 꼼꼼하게!,??? : 빙신들 휠체결 하나 똑바로 못하나 느리더라도 꼼꼼하게!,0.236977681517601,0.18063105642795563,0.2286391407251358,0.2299516797065735,0.0681566447019577,0.05564376339316368
2024-05-19 22:20:29,츠노다도 인,,13,13.0,츠노다도 인 ,츠노다도 인,0.1386863738298416,0.11521609127521515,0.2538736164569855,0.2835747301578522,0.15157052874565125,0.05707862600684166
2024-05-19 22:20:35,나는 쿠팡 멀쩡한데,데이터 문제 아님?,13,13.0,나는 쿠팡 멀쩡한데 데이터 문제 아님?,나는 쿠팡 멀쩡한데 데이터 문제 아님?,0.1245456412434578,0.11765427887439728,0.26208236813545227,0.30290743708610535,0.10048051178455353,0.09232974052429199
2024-05-19 22:20:42,지금 몽골 백마커 만난거냐?,ㅅㅂㅋㅋ,13,13.0,지금 몽골 백마커 만난거냐? ㅅㅂㅋㅋ,지금 몽골 백마커 만난거냐? ㅅㅂㅋㅋ,0.24512185156345367,0.12864409387111664,0.23421673476696014,0.19118386507034302,0.10792281478643417,0.09291063249111176
2024-05-19 22:20:48,노다 가자,ㅇ,13,13.0,노다 가자 ㅇ,노다 가자 ㅇ,0.0739695355296135,0.04892193526029587,0.13371829688549042,0.0958726704120636,0.6164870262145996,0.031030597165226936
2024-05-19 22:20:50,알본은 이거 해야된다 ㅋㅋㅋㅋ,백마커인데 안 비켜주고 몽골 어뢰,13,13.0,알본은 이거 해야된다 ㅋㅋㅋㅋ 백마커인데 안 비켜주고 몽골 어뢰,알본은 이거 해야된다 ㅋㅋㅋㅋ 백마커인데 안 비켜주고 몽골 어뢰,0.164308562874794,0.06736962497234344,0.21675321459770203,0.24949465692043304,0.18063056468963623,0.12144338339567184
2024-05-19 22:20:53,노리제는 왜 막스한테 못붙노,3초대로 벌어졌노,13,13.0,노리제는 왜 막스한테 못붙노 3초대로 벌어졌노,노리제는 왜 막스한테 못붙노 3초대로 벌어졌노,0.131155326962471,0.09726912528276443,0.2478797882795334,0.33097028732299805,0.08743643015623093,0.1052890494465828
2024-05-19 22:20:56,앞에 하스 뒤에 렛불 두고 달릴바에 이게맞지,낫뱉,13,13.0,앞에 하스 뒤에 렛불 두고 달릴바에 이게맞지 낫뱉,앞에 하스 뒤에 렛불 두고 달릴바에 이게맞지 낫뱉,0.23024478554725647,0.14063873887062073,0.2861039340496063,0.1569216251373291,0.11888773739337921,0.06720316410064697
2024-05-19 22:20:54,언더의 언더의 언더의 언더,,13,13.0,언더의 언더의 언더의 언더 ,언더의 언더의 언더의 언더,0.11503933370113373,0.09717092663049698,0.2783781588077545,0.2505117654800415,0.19162937998771667,0.06727045774459839
2024-05-19 22:21:08,이렇게 된 이상 알본이 몽골 어뢰하는게,,13,13.0,이렇게 된 이상 알본이 몽골 어뢰하는게 ,이렇게 된 이상 알본이 몽골 어뢰하는게,0.11900550127029419,0.11340746283531189,0.22038723528385162,0.3454231917858124,0.09223921597003937,0.10953740030527115
2024-05-19 22:21:09,왜자꾸 시간이 벌어지냐고!!,"노리스!!! 뭐하냐고!!
르끌.. 됐다 잘하자",13,13.0,"왜자꾸 시간이 벌어지냐고!! 노리스!!! 뭐하냐고!!
르끌.. 됐다 잘하자",왜자꾸 시간이 벌어지냐고!! 노리스!!! 뭐하냐고!! 르끌.. 됐다 잘하자,0.23327092826366425,0.21858030557632446,0.2715423107147217,0.11337267607450485,0.10691799968481064,0.056315746158361435
2024-05-19 22:21:11,언더컷이 유효한가,"흠
- dc official App",13,13.0,"언더컷이 유효한가 흠
- dc official App",언더컷이 유효한가 흠,0.10046914219856262,0.1006489023566246,0.2790302634239197,0.3038967251777649,0.13879303634166718,0.07716188579797745
2024-05-19 22:21:19,이제 알본이 변수다,믿는다,13,13.0,이제 알본이 변수다 믿는다,이제 알본이 변수다 믿는다,0.08043507486581802,0.07646667957305908,0.2123427391052246,0.19842736423015594,0.36745578050613403,0.06487231701612473
2024-05-19 22:21:23,그냥 자면 됨??,추월이 너무 안되네,13,13.0,그냥 자면 됨?? 추월이 너무 안되네,그냥 자면 됨?? 추월이 너무 안되네,0.1456799954175949,0.1847568303346634,0.33143797516822815,0.16881227493286133,0.10076487809419632,0.0685480460524559
2024-05-19 22:21:24,츠노다 포지션 스와ㅍ.,"좆까고 사자처럼 막아라
- dc official App",13,13.0,"츠노다 포지션 스와ㅍ. 좆까고 사자처럼 막아라
- dc official App",츠노다 포지션 스와ㅍ. 좆까고 사자처럼 막아라,0.3277345299720764,0.13789235055446625,0.1850356012582779,0.15604279935359955,0.1446201205253601,0.048674535006284714
2024-05-19 22:21:28,불이났노 ㄷㄷㄷㄷ,이야,13,13.0,불이났노 ㄷㄷㄷㄷ 이야,불이났노 ㄷㄷㄷㄷ 이야,0.13990002870559692,0.08484512567520142,0.21255995333194733,0.32439130544662476,0.1233624517917633,0.11494112014770508
2024-05-19 22:21:30,제발 누가 막스 차량좀막아바,"이게 뭐야 1등은 정해졌잖아 ㅡ.ㅡ
- dc official App",13,13.0,"제발 누가 막스 차량좀막아바 이게 뭐야 1등은 정해졌잖아 ㅡ.ㅡ
- dc official App",제발 누가 막스 차량좀막아바 이게 뭐야 1등은 정해졌잖아 ㅡ.ㅡ,0.23347333073616028,0.2638198435306549,0.23137524724006653,0.107389897108078,0.11657046526670456,0.04737119376659393
2024-05-19 22:21:32,불 ㅋㅋㅋㅋ,,13,13.0,불 ㅋㅋㅋㅋ ,불 ㅋㅋㅋㅋ,0.06355108320713043,0.03354552388191223,0.13525913655757904,0.09975554794073105,0.6393641829490662,0.028524525463581085
2024-05-19 22:21:35,알론소 캐시템 장착 ㄷㄷ,,13,13.0,알론소 캐시템 장착 ㄷㄷ ,알론소 캐시템 장착 ㄷㄷ,0.06182991340756416,0.033535171300172806,0.17578908801078796,0.16205236315727234,0.5147470831871033,0.05204642191529274
2024-05-19 22:21:36,슬슬 그리워지지 않음?,,13,13.0,슬슬 그리워지지 않음? ,슬슬 그리워지지 않음?,0.10034395754337311,0.10893743485212326,0.2915814518928528,0.22201474010944366,0.18910980224609375,0.08801265060901642
2024-05-19 22:21:36,그냥 개지랄이 났네,,13,13.0,그냥 개지랄이 났네 ,그냥 개지랄이 났네,0.3226916193962097,0.1923638880252838,0.18466579914093018,0.15089496970176697,0.09637229889631271,0.05301149934530258
2024-05-19 22:21:39,불ㅋㅋㅋㅋㅋ,,13,13.0,불ㅋㅋㅋㅋㅋ ,불ㅋㅋㅋㅋㅋ,0.06520196795463562,0.03517532721161842,0.1256479173898697,0.08726107329130173,0.661758303642273,0.024955391883850098
2024-05-19 22:21:47,불났네 ㅋㅋㅋㅋ,,14,14.0,불났네 ㅋㅋㅋㅋ ,불났네 ㅋㅋㅋㅋ,0.14489799737930298,0.07265070080757141,0.302632212638855,0.19876380264759064,0.1846734583377838,0.096381776034832
2024-05-19 22:21:47,고스트라이더 입갤,ㅋㅋㅋㅋㅋ,14,14.0,고스트라이더 입갤 ㅋㅋㅋㅋㅋ,고스트라이더 입갤 ㅋㅋㅋㅋㅋ,0.06214974820613861,0.032095540314912796,0.11533022671937943,0.0862305611371994,0.6762488484382629,0.02794509567320347
2024-05-19 22:21:48,알론소 부스트 ㅋㅋㅋㅋㅋ,- dc official App,14,14.0,알론소 부스트 ㅋㅋㅋㅋㅋ - dc official App,알론소 부스트 ㅋㅋㅋㅋㅋ - dc official App,0.07584499567747116,0.03425581008195877,0.1388026922941208,0.11911894381046295,0.6035903692245483,0.028387216851115227
2024-05-19 22:21:48,"""휠 똑바로 안껴서 리타라고?""","신기하네..
- dc official App",14,14.0,"""휠 똑바로 안껴서 리타라고?"" 신기하네..
- dc official App","""휠 똑바로 안껴서 리타라고?"" 신기하네..",0.14286209642887115,0.07699001580476761,0.2016197293996811,0.3543340861797333,0.11472461372613907,0.10946942865848541
2024-05-19 22:21:49,부스터 ㄷㄷㄷㄷ,,14,14.0,부스터 ㄷㄷㄷㄷ ,부스터 ㄷㄷㄷㄷ,0.1342526078224182,0.0780494213104248,0.22091366350650787,0.32053691148757935,0.12606757879257202,0.12017980962991714
2024-05-19 22:21:51,고스트라이더 입갤ㅋㅋㅋㅋㅋㅋ,,14,14.0,고스트라이더 입갤ㅋㅋㅋㅋㅋㅋ ,고스트라이더 입갤ㅋㅋㅋㅋㅋㅋ,0.0617305226624012,0.03126503899693489,0.1150398924946785,0.08786620944738388,0.6764609217643738,0.027637405321002007
2024-05-19 22:21:52,ㅋㅋㅋㅋㅋㅋㅋ,시발ㅋㅋㅋㅋ,14,14.0,ㅋㅋㅋㅋㅋㅋㅋ 시발ㅋㅋㅋㅋ,ㅋㅋㅋㅋㅋㅋㅋ 시발ㅋㅋㅋㅋ,0.18497277796268463,0.06927967071533203,0.25153848528862,0.13823150098323822,0.2985343933105469,0.05744317173957825
2024-05-19 22:21:53,개멋있네ㅋㅋ매드맥스같다,ㅋㅋ,14,14.0,개멋있네ㅋㅋ매드맥스같다 ㅋㅋ,개멋있네ㅋㅋ매드맥스같다 ㅋㅋ,0.06541429460048676,0.036744531244039536,0.1628994345664978,0.11461874842643738,0.5789477825164795,0.041375257074832916
2024-05-19 22:21:54,틀론소 이번 그랑프리 다사다난하네 ㅋㅋㅋㅋ,ㅋㅋㅋㅋ,14,14.0,틀론소 이번 그랑프리 다사다난하네 ㅋㅋㅋㅋ ㅋㅋㅋㅋ,틀론소 이번 그랑프리 다사다난하네 ㅋㅋㅋㅋ ㅋㅋㅋㅋ,0.054780468344688416,0.03063325211405754,0.13024668395519257,0.0861755833029747,0.6679425835609436,0.030221380293369293
2024-05-19 22:22:02,불론소 ㅋㅋㅋㅋㅋㅋㅋㅋㅋㅋㅋㅋㅋㅋㅋㅋㅋ,ㅋㅋㅋㅋㅋㅋㅋㅋㅋㅋ,14,14.0,불론소 ㅋㅋㅋㅋㅋㅋㅋㅋㅋㅋㅋㅋㅋㅋㅋㅋㅋ ㅋㅋㅋㅋㅋㅋㅋㅋㅋㅋ,불론소 ㅋㅋㅋㅋㅋㅋㅋㅋㅋㅋㅋㅋㅋㅋㅋㅋㅋ ㅋㅋㅋㅋㅋㅋㅋㅋㅋㅋ,0.06180154159665108,0.03252824768424034,0.12438790500164032,0.08046118915081024,0.6769865155220032,0.023834610357880592
2024-05-19 22:22:06,뭐 저렇게 빨리 불이 붙노,"???
너무 빨리 붙은거 아닌가",14,14.0,"뭐 저렇게 빨리 불이 붙노 ???
너무 빨리 붙은거 아닌가",뭐 저렇게 빨리 불이 붙노 ??? 너무 빨리 붙은거 아닌가,0.13286404311656952,0.06511345505714417,0.2159462869167328,0.3454649746417999,0.12710392475128174,0.11350737512111664
2024-05-19 22:22:06,소방수 알국왕 ㅋㅋㅋ,ㅋㅋㅋㅋㅋㅋㅋㅋ,14,14.0,소방수 알국왕 ㅋㅋㅋ ㅋㅋㅋㅋㅋㅋㅋㅋ,소방수 알국왕 ㅋㅋㅋ ㅋㅋㅋㅋㅋㅋㅋㅋ,0.05526377260684967,0.03172403946518898,0.12101083248853683,0.07379823923110962,0.6920494437217712,0.02615361288189888
2024-05-19 22:22:08,불론소ㅋㅋㅋ,- dc official App,14,14.0,불론소ㅋㅋㅋ - dc official App,불론소ㅋㅋㅋ - dc official App,0.06704217940568924,0.03239216282963753,0.11896417289972305,0.0936308428645134,0.6631542444229126,0.02481631003320217
2024-05-19 22:22:10,막스한테 못붙는 노리스한테 못붙는 르끌,이번 드챔 2등은 노리스 드가자,14,14.0,막스한테 못붙는 노리스한테 못붙는 르끌 이번 드챔 2등은 노리스 드가자,막스한테 못붙는 노리스한테 못붙는 르끌 이번 드챔 2등은 노리스 드가자,0.1191987544298172,0.11408963799476624,0.2795245349407196,0.1909666806459427,0.20727737247943878,0.08894305676221848
2024-05-19 22:22:05,애마 시발롬들아 좀,,14,14.0,애마 시발롬들아 좀 ,애마 시발롬들아 좀,0.34240439534187317,0.16439934074878693,0.16915149986743927,0.12227214872837067,0.16017065942287445,0.0416019968688488
2024-05-19 22:22:15,국왕님은 슬슬 집가고싶을듯?,십 ㅋㅋ,14,14.0,국왕님은 슬슬 집가고싶을듯? 십 ㅋㅋ,국왕님은 슬슬 집가고싶을듯? 십 ㅋㅋ,0.14108587801456451,0.11092057079076767,0.32697418332099915,0.1835840344429016,0.12592366337776184,0.11151168495416641
2024-05-19 22:22:23,오콘 리어타이어 과열나서 핏인드갈듯 ㅋㅋㅋㅋ,아오,14,14.0,오콘 리어타이어 과열나서 핏인드갈듯 ㅋㅋㅋㅋ 아오,오콘 리어타이어 과열나서 핏인드갈듯 ㅋㅋㅋㅋ 아오,0.2162015438079834,0.14815078675746918,0.2871982455253601,0.15694186091423035,0.12401486188173294,0.0674927830696106
2024-05-19 22:22:23,대노다,ㅇ,14,14.0,대노다 ㅇ,대노다 ㅇ,0.250517874956131,0.14709724485874176,0.17765666544437408,0.18312306702136993,0.16428177058696747,0.07732342928647995
2024-05-19 22:22:30,알비 전략 네이스 ㅋㅋㅋㅋ,,14,14.0,알비 전략 네이스 ㅋㅋㅋㅋ ,알비 전략 네이스 ㅋㅋㅋㅋ,0.05277371406555176,0.02852100133895874,0.11565224826335907,0.08056754618883133,0.6945369839668274,0.027948502451181412
2024-05-19 22:22:35,이몰라 재밌는데?,불나고 휠체결 안되고 아주 지랄났노 ㅋㅌㅋㅋㅋ 재밌다,14,14.0,이몰라 재밌는데? 불나고 휠체결 안되고 아주 지랄났노 ㅋㅌㅋㅋㅋ 재밌다,이몰라 재밌는데? 불나고 휠체결 안되고 아주 지랄났노 ㅋㅌㅋㅋㅋ 재밌다,0.14191453158855438,0.0677197203040123,0.23396137356758118,0.12309955805540085,0.3873806297779083,0.04592420905828476
2024-05-19 22:22:36,언더컷 대성공ㅅㅅㅅ,ㅅㅅㅅ,14,14.0,언더컷 대성공ㅅㅅㅅ ㅅㅅㅅ,언더컷 대성공ㅅㅅㅅ ㅅㅅㅅ,0.05563787743449211,0.03986141458153725,0.1124504879117012,0.057491011917591095,0.7100095152854919,0.024549687281250954
2024-05-19 22:22:38,나이스 ㅋㅋㅋ,,14,14.0,나이스 ㅋㅋㅋ ,나이스 ㅋㅋㅋ,0.05818147957324982,0.03775428980588913,0.1128101497888565,0.06977985054254532,0.6975734233856201,0.02390078641474247
2024-05-19 22:22:44,대 노 다,- dc official App,14,14.0,대 노 다 - dc official App,대 노 다 - dc official App,0.1185072660446167,0.07762757688760757,0.24929887056350708,0.18800143897533417,0.31070736050605774,0.05585753545165062
2024-05-19 22:22:45,이게 언더컷이 되네,- dc official App,14,14.0,이게 언더컷이 되네 - dc official App,이게 언더컷이 되네 - dc official App,0.10018046200275421,0.051744043827056885,0.26353105902671814,0.2590351700782776,0.24371452629566193,0.08179476112127304
2024-05-19 22:22:56,4.4초는 시발ㅋㅋㅋㅋㅋ,샤워나 할까,14,14.0,4.4초는 시발ㅋㅋㅋㅋㅋ 샤워나 할까,4.4초는 시발ㅋㅋㅋㅋㅋ 샤워나 할까,0.26402345299720764,0.1757613569498062,0.23893843591213226,0.1713716834783554,0.08272392302751541,0.06718108057975769
2024-05-19 22:22:58,대노다 오늘 p11의 저주 깰수있으려나,,14,14.0,대노다 오늘 p11의 저주 깰수있으려나 ,대노다 오늘 p11의 저주 깰수있으려나,0.12322686612606049,0.13696202635765076,0.28710877895355225,0.22055399417877197,0.12180699408054352,0.110341377556324
2024-05-19 22:22:59,알비 병신전략 병신피트인 병신차 다 갈아엎었네 ㅋㅋㅋ,어캐햇노,14,14.0,알비 병신전략 병신피트인 병신차 다 갈아엎었네 ㅋㅋㅋ 어캐햇노,알비 병신전략 병신피트인 병신차 다 갈아엎었네 ㅋㅋㅋ 어캐햇노,0.13681712746620178,0.05387439578771591,0.21960893273353577,0.32943636178970337,0.13537265360355377,0.12489058077335358
2024-05-19 22:23:03,홍염과 불이 있는 이몰라,ㅋㅋ,14,14.0,홍염과 불이 있는 이몰라 ㅋㅋ,홍염과 불이 있는 이몰라 ㅋㅋ,0.07458774745464325,0.037139568477869034,0.1584685742855072,0.1268855333328247,0.5691253542900085,0.033793214708566666
2024-05-19 22:23:09,베르스타펜은..순위에서 빼야된다고 생각해요..,노리스 1착 입갤ㅋㅋㅋㅋㅋㅋ,15,15.0,베르스타펜은..순위에서 빼야된다고 생각해요.. 노리스 1착 입갤ㅋㅋㅋㅋㅋㅋ,베르스타펜은..순위에서 빼야된다고 생각해요.. 노리스 1착 입갤ㅋㅋㅋㅋㅋㅋ,0.1729860007762909,0.12366992980241776,0.26153647899627686,0.156229168176651,0.20090351998806,0.08467497676610947
2024-05-19 22:23:10,가슬리 시발 소프트 누가 끼자고한거임?,오콘은 2명 땄는데 씨발,15,15.0,가슬리 시발 소프트 누가 끼자고한거임? 오콘은 2명 땄는데 씨발,가슬리 시발 소프트 누가 끼자고한거임? 오콘은 2명 땄는데 씨발,0.2925332486629486,0.18242838978767395,0.23814667761325836,0.1062331423163414,0.14237967133522034,0.03827891871333122
2024-05-19 22:23:12,맥라렌 스폰서에 케이던스있네,굳이 홍보할 필요가없는데 왜...?,15,15.0,맥라렌 스폰서에 케이던스있네 굳이 홍보할 필요가없는데 왜...?,맥라렌 스폰서에 케이던스있네 굳이 홍보할 필요가없는데 왜...?,0.1456114500761032,0.11075085401535034,0.2603939473628998,0.3186950385570526,0.08737549185752869,0.07717322558164597
2024-05-19 22:23:17,'병장 P13',"앞엔 오직 짱깨와 마그누센, 노콘 뿐이다
달려라 병장",15,15.0,"'병장 P13' 앞엔 오직 짱깨와 마그누센, 노콘 뿐이다
달려라 병장","'병장 P13' 앞엔 오직 짱깨와 마그누센, 노콘 뿐이다 달려라 병장",0.11736761778593063,0.10095307230949402,0.16203346848487854,0.16794832050800323,0.3791520595550537,0.07254548370838165
2024-05-19 22:23:26,언더컷이 정확하게 뭐임?,먼저 피트스탑해서 아직 피트스탑 안한애 한명 추월하는 그런 뉘앙스임?,15,15.0,언더컷이 정확하게 뭐임? 먼저 피트스탑해서 아직 피트스탑 안한애 한명 추월하는 그런 뉘앙스임?,언더컷이 정확하게 뭐임? 먼저 피트스탑해서 아직 피트스탑 안한애 한명 추월하는 그런 뉘앙스임?,0.11161131411790848,0.08076094835996628,0.2425258904695511,0.34032559394836426,0.13446344435214996,0.09031283855438232
2024-05-19 22:23:39,뭐 쫌 재미난 일 없나,..,15,15.0,뭐 쫌 재미난 일 없나 ..,뭐 쫌 재미난 일 없나 ..,0.13755211234092712,0.17863406240940094,0.31919607520103455,0.1590385138988495,0.13299916684627533,0.07258003950119019
2024-05-19 22:23:40,알바오가 '오콘' 해주면 좋겠으면 개추 ㅋㅋㅋ,ㅇㄷㄴㅂㅌ ㅋㅋㅋ,15,15.0,알바오가 '오콘' 해주면 좋겠으면 개추 ㅋㅋㅋ ㅇㄷㄴㅂㅌ ㅋㅋㅋ,알바오가 '오콘' 해주면 좋겠으면 개추 ㅋㅋㅋ ㅇㄷㄴㅂㅌ ㅋㅋㅋ,0.05777083709836006,0.033156123012304306,0.129843071103096,0.08880618214607239,0.6574776768684387,0.03294610232114792
2024-05-19 22:23:44,대전트 포인트 먹냐,,15,15.0,대전트 포인트 먹냐 ,대전트 포인트 먹냐,0.10086500644683838,0.057968270033597946,0.23014360666275024,0.31849172711372375,0.21164578199386597,0.08088561147451401
2024-05-19 22:23:48,어우막ㅋㅋ,ㅋㅋㅋㅋㅋㅋ,15,15.0,어우막ㅋㅋ ㅋㅋㅋㅋㅋㅋ,어우막ㅋㅋ ㅋㅋㅋㅋㅋㅋ,0.059539780020713806,0.03138088807463646,0.12180358916521072,0.08764803409576416,0.675078272819519,0.024549400433897972
2024-05-19 22:23:53,사고좀나라,,15,15.0,사고좀나라 ,사고좀나라,0.1639430820941925,0.1794656217098236,0.19634146988391876,0.13846997916698456,0.25759920477867126,0.06418062001466751
2024-05-19 22:24:05,리프트엔코스트 더해서 온도 잡았나보네,ㄲㅂ,15,15.0,리프트엔코스트 더해서 온도 잡았나보네 ㄲㅂ,리프트엔코스트 더해서 온도 잡았나보네 ㄲㅂ,0.12796415388584137,0.1475495845079422,0.3757873773574829,0.12689733505249023,0.1736396998167038,0.04816175252199173
2024-05-19 22:24:08,피아제 점마는 맨날 다른차 뒤에 묶여있네,,15,15.0,피아제 점마는 맨날 다른차 뒤에 묶여있네 ,피아제 점마는 맨날 다른차 뒤에 묶여있네,0.25528669357299805,0.15351225435733795,0.24133317172527313,0.19440005719661713,0.07725692540407181,0.0782109946012497
2024-05-19 22:24:11,아니 오늘은 ㄹㅇ 꺼도 되겠는데,뭐야 이게,15,15.0,아니 오늘은 ㄹㅇ 꺼도 되겠는데 뭐야 이게,아니 오늘은 ㄹㅇ 꺼도 되겠는데 뭐야 이게,0.1782425045967102,0.19749900698661804,0.33047279715538025,0.1376114934682846,0.08932782709598541,0.06684630364179611
2024-05-19 22:24:15,이번 이몰라는 ㄹㅇ 막스 순수 기량빨임.,"당장 차량 성능차이 보면 예전의 좆사기 레드불이 전혀 아님.
그냥 막스 <<<<- 차를 뒤지게 잘탐.",15,15.0,"이번 이몰라는 ㄹㅇ 막스 순수 기량빨임. 당장 차량 성능차이 보면 예전의 좆사기 레드불이 전혀 아님.
그냥 막스 <<<<- 차를 뒤지게 잘탐.",이번 이몰라는 ㄹㅇ 막스 순수 기량빨임. 당장 차량 성능차이 보면 예전의 좆사기 레드불이 전혀 아님. 그냥 막스 <<<<- 차를 뒤지게 잘탐.,0.1390346884727478,0.08049637079238892,0.24339930713176727,0.3160706162452698,0.1168598011136055,0.10413923114538193
2024-05-19 22:24:20,르끌잡겟는데,- dc official App,15,15.0,르끌잡겟는데 - dc official App,르끌잡겟는데 - dc official App,0.08990740776062012,0.07149719446897507,0.26349276304244995,0.26760992407798767,0.23563531041145325,0.07185735553503036
2024-05-19 22:24:28,맥 롱런이 좀 별론가 보네,숏런은 대놓고 같다고 생각했는데,15,15.0,맥 롱런이 좀 별론가 보네 숏런은 대놓고 같다고 생각했는데,맥 롱런이 좀 별론가 보네 숏런은 대놓고 같다고 생각했는데,0.11109356582164764,0.1007024496793747,0.31351709365844727,0.2886030375957489,0.11196763068437576,0.07411619275808334
2024-05-19 22:24:28,방금 왓다 페라리 원투각 떳냐!,"그렇지?
- dc official App",15,15.0,"방금 왓다 페라리 원투각 떳냐! 그렇지?
- dc official App",방금 왓다 페라리 원투각 떳냐! 그렇지?,0.0740237906575203,0.040978506207466125,0.21275338530540466,0.22043301165103912,0.3751544952392578,0.07665681093931198
2024-05-19 22:24:34,사인츠는 벌리고 르클은 따라가긴하네,,16,16.0,사인츠는 벌리고 르클은 따라가긴하네 ,사인츠는 벌리고 르클은 따라가긴하네,0.11121688783168793,0.056285206228494644,0.2632097005844116,0.30626147985458374,0.1839333027601242,0.07909338176250458
2024-05-19 22:24:43,르끌 슬슬 잡는거같은데,아닌가,16,16.0,르끌 슬슬 잡는거같은데 아닌가,르끌 슬슬 잡는거같은데 아닌가,0.10186468809843063,0.08770780265331268,0.25286865234375,0.31292250752449036,0.15685945749282837,0.08777688443660736
2024-05-19 22:24:45,그래서 여기서 77머시기 나온거임?,"ㅇㅇ?
- dc official App",16,16.0,"그래서 여기서 77머시기 나온거임? ㅇㅇ?
- dc official App",그래서 여기서 77머시기 나온거임? ㅇㅇ?,0.11451490968465805,0.06780821830034256,0.21884478628635406,0.34430205821990967,0.15115006268024445,0.10337992757558823
2024-05-19 22:24:48,너거덜이 백날 업데이트 해봐라ㅋㅋㅋㅋㅋ,그렇게 근들갑을 떨어도 4초 차이 나는데ㅋㅋㅋㅋㅋㅋ,16,16.0,너거덜이 백날 업데이트 해봐라ㅋㅋㅋㅋㅋ 그렇게 근들갑을 떨어도 4초 차이 나는데ㅋㅋㅋㅋㅋㅋ,너거덜이 백날 업데이트 해봐라ㅋㅋㅋㅋㅋ 그렇게 근들갑을 떨어도 4초 차이 나는데ㅋㅋㅋㅋㅋㅋ,0.22374267876148224,0.11915259808301926,0.2312522828578949,0.23667314648628235,0.09780272096395493,0.09137660264968872
2024-05-19 22:24:59,이 분 그리우면 개추,비라도 좀 와라 제발,16,16.0,이 분 그리우면 개추 비라도 좀 와라 제발,이 분 그리우면 개추 비라도 좀 와라 제발,0.11164777725934982,0.1301073282957077,0.22222918272018433,0.1372000277042389,0.3129260838031769,0.08588966727256775
2024-05-19 22:25:15,오늘 비 안오냐,이거너무루즈한걸,16,16.0,오늘 비 안오냐 이거너무루즈한걸,오늘 비 안오냐 이거너무루즈한걸,0.13593898713588715,0.16512304544448853,0.32627546787261963,0.19059839844703674,0.10716434568166733,0.07489971816539764
2024-05-19 22:25:09,씻으러가야겠다,,16,16.0,씻으러가야겠다 ,씻으러가야겠다,0.10549543797969818,0.10270332545042038,0.32149896025657654,0.17250071465969086,0.2239016443490982,0.07389985024929047
2024-05-19 22:25:21,막스 노리스 5초차 ㅋㅋㅋㅋ,,16,16.0,막스 노리스 5초차 ㅋㅋㅋㅋ ,막스 노리스 5초차 ㅋㅋㅋㅋ,0.07127384096384048,0.032958466559648514,0.1357440948486328,0.11448033154010773,0.6123172044754028,0.033225998282432556
2024-05-19 22:25:26,병신 페널티 받음?,설마 Q2광탈임?,16,16.0,병신 페널티 받음? 설마 Q2광탈임?,병신 페널티 받음? 설마 Q2광탈임?,0.1201109066605568,0.08546407520771027,0.21183419227600098,0.348049134016037,0.12162860482931137,0.11291316896677017
2024-05-19 22:25:43,???: 막스 퀄리파잉 보니까 우승 못할듯,"어 형은 결과로 증명해~ 퀄리파잉 잘 즐겼지? 레이스는 결과로만 봐 ㅋㅋㅋ
- dc official App",16,16.0,"???: 막스 퀄리파잉 보니까 우승 못할듯 어 형은 결과로 증명해~ 퀄리파잉 잘 즐겼지? 레이스는 결과로만 봐 ㅋㅋㅋ
- dc official App",???: 막스 퀄리파잉 보니까 우승 못할듯 어 형은 결과로 증명해~ 퀄리파잉 잘 즐겼지? 레이스는 결과로만 봐 ㅋㅋㅋ,0.12522698938846588,0.09101104736328125,0.22459831833839417,0.15755270421504974,0.30770111083984375,0.09390989691019058
2024-05-19 22:25:45,막스 베르스타펜이 스핀합니다!,,16,16.0,막스 베르스타펜이 스핀합니다! ,막스 베르스타펜이 스핀합니다!,0.06413604319095612,0.03530291095376015,0.13541461527347565,0.0957740843296051,0.6412556171417236,0.02811671979725361
2024-05-19 22:25:46,오늘보다 다음주가 더 걱정임,작년엔 비라도 와서 재밌었는데,16,16.0,오늘보다 다음주가 더 걱정임 작년엔 비라도 와서 재밌었는데,오늘보다 다음주가 더 걱정임 작년엔 비라도 와서 재밌었는데,0.09987097233533859,0.12432456761598587,0.31531843543052673,0.14487269520759583,0.25005948543548584,0.06555385142564774
2024-05-19 22:26:00,페레즈 추월쇼도 없네 그냥 맥페 대전이네 오늘은,과연,17,17.0,페레즈 추월쇼도 없네 그냥 맥페 대전이네 오늘은 과연,페레즈 추월쇼도 없네 그냥 맥페 대전이네 오늘은 과연,0.1208546906709671,0.10467828065156937,0.31356337666511536,0.27394452691078186,0.11406988650560379,0.0728893131017685
2024-05-19 22:26:01,언세이프컨디션 ㅋㅋㅋㅋㅋㅋㅋㅋㅋㅋㅋㅋㅋㅋㅋㅋㅋㅋㅋㅋㅋㅋㅋㅋㅋㅋㅋㅋㅋㅋㅋㅋ,,17,17.0,언세이프컨디션 ㅋㅋㅋㅋㅋㅋㅋㅋㅋㅋㅋㅋㅋㅋㅋㅋㅋㅋㅋㅋㅋㅋㅋㅋㅋㅋㅋㅋㅋㅋㅋㅋ ,언세이프컨디션 ㅋㅋㅋㅋㅋㅋㅋㅋㅋㅋㅋㅋㅋㅋㅋㅋㅋㅋㅋㅋㅋㅋㅋㅋㅋㅋㅋㅋㅋㅋㅋㅋ,0.05823187157511711,0.03925590217113495,0.12201879918575287,0.06804182380437851,0.6849522590637207,0.027499327436089516
2024-05-19 22:26:06,이게 옳게된 f1이지,막스 ㅅㅅ,17,17.0,이게 옳게된 f1이지 막스 ㅅㅅ,이게 옳게된 f1이지 막스 ㅅㅅ,0.055004511028528214,0.044013891369104385,0.11865656077861786,0.06020842120051384,0.6911390423774719,0.030977582558989525
2024-05-19 22:26:09,플랜비 입갤ㅋㅋㅋㅋ,ㅋㅋㅋㅋㅋ,17,17.0,플랜비 입갤ㅋㅋㅋㅋ ㅋㅋㅋㅋㅋ,플랜비 입갤ㅋㅋㅋㅋ ㅋㅋㅋㅋㅋ,0.05991163104772568,0.03366497531533241,0.10970813781023026,0.07631660252809525,0.694338858127594,0.026059741154313087
2024-05-19 22:26:09,쁠란B 입갤ㅋㅋ,,17,17.0,쁠란B 입갤ㅋㅋ ,쁠란B 입갤ㅋㅋ,0.06090791895985603,0.03354170545935631,0.11321239173412323,0.08174271881580353,0.6828582286834717,0.027737030759453773
2024-05-19 22:26:13,쁠란 b,,17,17.0,쁠란 b ,쁠란 b,0.054595932364463806,0.03478844836354256,0.11572897434234619,0.08970823884010315,0.6795470118522644,0.025631463155150414
2024-05-19 22:26:14,플랜비 떴다 ㅋㅋㅋㅋㅋㅋ,개씹ㅋㅋㅋㅋㅋㅋㅋㅋ,17,17.0,플랜비 떴다 ㅋㅋㅋㅋㅋㅋ 개씹ㅋㅋㅋㅋㅋㅋㅋㅋ,플랜비 떴다 ㅋㅋㅋㅋㅋㅋ 개씹ㅋㅋㅋㅋㅋㅋㅋㅋ,0.07238821685314178,0.038155294954776764,0.1306212842464447,0.08358785510063171,0.6451903581619263,0.030056975781917572
2024-05-19 22:26:16,뿔랜 삐,ㅋㅋ,17,17.0,뿔랜 삐 ㅋㅋ,뿔랜 삐 ㅋㅋ,0.059699077159166336,0.0324108824133873,0.11842379719018936,0.08476204425096512,0.6813737154006958,0.023330463096499443
2024-05-19 22:26:17,쁠랜 삐 입갤ㅋㅋㅋㅋ,ㅋㅋㅋ,17,17.0,쁠랜 삐 입갤ㅋㅋㅋㅋ ㅋㅋㅋ,쁠랜 삐 입갤ㅋㅋㅋㅋ ㅋㅋㅋ,0.05717775225639343,0.03271113708615303,0.10744483768939972,0.07430142909288406,0.7041342854499817,0.024230506271123886
2024-05-19 22:26:19,플랜 B 입갤,"E 까지 가 보자 ㅋㅋ
- dc official App",17,17.0,"플랜 B 입갤 E 까지 가 보자 ㅋㅋ
- dc official App",플랜 B 입갤 E 까지 가 보자 ㅋㅋ,0.07286407798528671,0.04102689400315285,0.13514289259910583,0.09578145295381546,0.6226932406425476,0.03249145299196243
2024-05-19 22:26:21,쁠란 삐 입개루 ㅋㅋㅋㅋ,ㅋㅋㅋㅋ,17,17.0,쁠란 삐 입개루 ㅋㅋㅋㅋ ㅋㅋㅋㅋ,쁠란 삐 입개루 ㅋㅋㅋㅋ ㅋㅋㅋㅋ,0.05992609262466431,0.033059343695640564,0.11097339540719986,0.07361286133527756,0.6998026967048645,0.02262556180357933
2024-05-19 22:26:22,플랜삐 ㅋㅋㅋㅋㅋㅋ,,17,17.0,플랜삐 ㅋㅋㅋㅋㅋㅋ ,플랜삐 ㅋㅋㅋㅋㅋㅋ,0.05912493169307709,0.03046410344541073,0.11584407836198807,0.08439557999372482,0.6862148642539978,0.02395644038915634
2024-05-19 22:26:22,이몰루가 진짜 추월하기 좆같긴 함,아세토 컴페로 좀 달려봤는데 그냥 달리기도 힘들고 추월각잡기는 더 좋같았었슴,17,17.0,이몰루가 진짜 추월하기 좆같긴 함 아세토 컴페로 좀 달려봤는데 그냥 달리기도 힘들고 추월각잡기는 더 좋같았었슴,이몰루가 진짜 추월하기 좆같긴 함 아세토 컴페로 좀 달려봤는데 그냥 달리기도 힘들고 추월각잡기는 더 좋같았었슴,0.23015592992305756,0.24083378911018372,0.2664248049259186,0.12067980319261551,0.09375152736902237,0.04815414920449257
2024-05-19 22:26:24,플랜비 ㅋㅋㅋㅋㅋㅋ,,17,17.0,플랜비 ㅋㅋㅋㅋㅋㅋ ,플랜비 ㅋㅋㅋㅋㅋㅋ,0.0627216249704361,0.030897043645381927,0.12454641610383987,0.08576326817274094,0.6682649850845337,0.02780662477016449
2024-05-19 22:26:25,플랜비 키타 ㅋㅋㅋㅋㅋㅋㅋ,ㅋㅋㅋㅋㅋ,17,17.0,플랜비 키타 ㅋㅋㅋㅋㅋㅋㅋ ㅋㅋㅋㅋㅋ,플랜비 키타 ㅋㅋㅋㅋㅋㅋㅋ ㅋㅋㅋㅋㅋ,0.06681451946496964,0.03344854339957237,0.12080854177474976,0.07992397993803024,0.6755020022392273,0.023502403870224953
2024-05-19 22:26:25,플랜 A B C D E F,,17,17.0,플랜 A B C D E F ,플랜 A B C D E F,0.1173330619931221,0.06390055269002914,0.226937934756279,0.2315337061882019,0.31843101978302,0.04186379164457321
2024-05-19 22:26:25,쁠란비입갤ㅋㅋㅋㅋㅋ,,17,17.0,쁠란비입갤ㅋㅋㅋㅋㅋ ,쁠란비입갤ㅋㅋㅋㅋㅋ,0.06106969341635704,0.03165307268500328,0.1069943755865097,0.07782711833715439,0.6982234120368958,0.024232355877757072
2024-05-19 22:26:26,쁠란비 입갤,ㅋㅋㅋㅋ,17,17.0,쁠란비 입갤 ㅋㅋㅋㅋ,쁠란비 입갤 ㅋㅋㅋㅋ,0.05705924704670906,0.032164447009563446,0.10971765965223312,0.07925371825695038,0.6945192813873291,0.027285568416118622
2024-05-19 22:26:28,뷰지식 플랜b 입갤,ㄷㄷ,17,17.0,뷰지식 플랜b 입갤 ㄷㄷ,뷰지식 플랜b 입갤 ㄷㄷ,0.09312137216329575,0.04216333478689194,0.2125655859708786,0.2839129567146301,0.2802276313304901,0.08800908178091049
2024-05-19 22:26:31,어떻게 사람 이름이 뷰지ㅋㅋㅋ,,17,17.0,어떻게 사람 이름이 뷰지ㅋㅋㅋ ,어떻게 사람 이름이 뷰지ㅋㅋㅋ,0.08939333260059357,0.03778602182865143,0.23218826949596405,0.2530205249786377,0.3161424696445465,0.07146941870450974
2024-05-19 22:26:31,❗+❗+사람이 죽었다고❗+❗+,"그럼 살려야지 !!!!!
- dc official App",17,17.0,"❗+❗+사람이 죽었다고❗+❗+ 그럼 살려야지 !!!!!
- dc official App",❗+❗+사람이 죽었다고❗+❗+ 그럼 살려야지 !!!!!,0.18307338654994965,0.1884775459766388,0.24528679251670837,0.17312294244766235,0.12450038641691208,0.08553901314735413
2024-05-19 22:26:37,9그리드에서 2착한것도 막스 아님?,대체 어캐 역전한거냐 그건,17,17.0,9그리드에서 2착한것도 막스 아님? 대체 어캐 역전한거냐 그건,9그리드에서 2착한것도 막스 아님? 대체 어캐 역전한거냐 그건,0.15735256671905518,0.0707254707813263,0.2118225246667862,0.35316362977027893,0.09991057962179184,0.10702519118785858
2024-05-19 22:26:37,위아째낑,- dc official App,17,17.0,위아째낑 - dc official App,위아째낑 - dc official App,0.08919072151184082,0.04609687253832817,0.1784612089395523,0.18311436474323273,0.47239333391189575,0.030743546783924103
2024-05-19 22:26:38,브라이언 보찌 입갤 ㅋㅋㅋ,,17,17.0,브라이언 보찌 입갤 ㅋㅋㅋ ,브라이언 보찌 입갤 ㅋㅋㅋ,0.06191350519657135,0.03497025743126869,0.12477914243936539,0.08874232321977615,0.6576810479164124,0.0319136343896389
2024-05-19 22:26:39,위아쩨낑 경질이 아니라 승진이었음??,본사 입갤 ㄷㄷ,17,17.0,위아쩨낑 경질이 아니라 승진이었음?? 본사 입갤 ㄷㄷ,위아쩨낑 경질이 아니라 승진이었음?? 본사 입갤 ㄷㄷ,0.1497097611427307,0.07428668439388275,0.19981086254119873,0.33349668979644775,0.10651914775371552,0.13617686927318573
2024-05-19 22:26:40,플랜 bㅗ지,,17,17.0,플랜 bㅗ지 ,플랜 bㅗ지,0.19709351658821106,0.14080947637557983,0.24638201296329498,0.15692263841629028,0.19522245228290558,0.06356997787952423
2024-05-19 22:26:41,쁠랜 삐! 쁠랜 삐1,떳다 ㅋㅋㅋ,17,17.0,쁠랜 삐! 쁠랜 삐1 떳다 ㅋㅋㅋ,쁠랜 삐! 쁠랜 삐1 떳다 ㅋㅋㅋ,0.06240793317556381,0.033707622438669205,0.11743052303791046,0.08001511543989182,0.6842700839042664,0.022168658673763275
2024-05-19 22:26:41,Bryan BOZZI,헉 !,17,17.0,Bryan BOZZI 헉 !,Bryan BOZZI 헉 !,0.09017878025770187,0.033371005207300186,0.20606936514377594,0.2620909512042999,0.33322760462760925,0.07506217062473297
2024-05-19 22:26:41,턴5에서 20m 브레끼 일찍밟음,"리카도임 ㅇㅇ
- dc official App",17,17.0,"턴5에서 20m 브레끼 일찍밟음 리카도임 ㅇㅇ
- dc official App",턴5에서 20m 브레끼 일찍밟음 리카도임 ㅇㅇ,0.11286474764347076,0.05513996258378029,0.2213459461927414,0.20784224569797516,0.34722065925598145,0.055586591362953186
2024-05-19 22:26:42,위아째낑ㅋㅋㅋㅋㅋㅋㅋ,,17,17.0,위아째낑ㅋㅋㅋㅋㅋㅋㅋ ,위아째낑ㅋㅋㅋㅋㅋㅋㅋ,0.05740197375416756,0.033941950649023056,0.1121913492679596,0.07118809968233109,0.7011327147483826,0.02414393424987793
2024-05-19 22:26:41,어떻게사람이름이무관GOAT세레모니ㅋㅋㅋㅋㅋ,Mclaren F1 team 2007~,17,17.0,어떻게사람이름이무관GOAT세레모니ㅋㅋㅋㅋㅋ Mclaren F1 team 2007~,어떻게사람이름이무관GOAT세레모니ㅋㅋㅋㅋㅋ Mclaren F1 team 2007~,0.11958935856819153,0.05305534601211548,0.2615415155887604,0.27332770824432373,0.2113816738128662,0.0811043381690979
2024-05-19 22:26:45,진짜 존나재미없네 경기,- dc official App,17,17.0,진짜 존나재미없네 경기 - dc official App,진짜 존나재미없네 경기 - dc official App,0.22608217597007751,0.16457371413707733,0.27966615557670593,0.1319655179977417,0.15074415504932404,0.04696822538971901
2024-05-19 22:26:47,위아 쩨낑 ㅋㅋㅋㅋ,,17,17.0,위아 쩨낑 ㅋㅋㅋㅋ ,위아 쩨낑 ㅋㅋㅋㅋ,0.05490535497665405,0.03279899060726166,0.10750196129083633,0.07145591825246811,0.7097554802894592,0.02358226291835308
2024-05-19 22:26:52,"위아 째낑, 뿔랜 삐",아아 이제는 들을수가 없구나,17,17.0,"위아 째낑, 뿔랜 삐 아아 이제는 들을수가 없구나","위아 째낑, 뿔랜 삐 아아 이제는 들을수가 없구나",0.15166284143924713,0.18953727185726166,0.32056745886802673,0.13426251709461212,0.14134913682937622,0.06262079626321793
2024-05-19 22:26:54,스테이아웃 ㅋㅋㅋㅋㅋㅋㅋㅋㅋ,,17,17.0,스테이아웃 ㅋㅋㅋㅋㅋㅋㅋㅋㅋ ,스테이아웃 ㅋㅋㅋㅋㅋㅋㅋㅋㅋ,0.06613412499427795,0.03582245111465454,0.12413038313388824,0.08337891101837158,0.6649286150932312,0.025605471804738045
2024-05-19 22:26:55,이몰라가 심레이싱같은데서 직접 달리면 진짜 재밌는 서킷이긴 한데,"레이스에서는 추월각도 거의 안나오고
F1드라이버들 진짜 ㅈㄴ 괴물같은 놈들이라
1시간 반동안 거의 실수 한번을 안해서
그냥 첫랩 사고없음 사실상 기차놀이 확정이니까 너무 노잼임..
모나코마냥 아예 축제분위기에
구불구불한 좁은 시가지길 달리는 온보드 보는맛이 있는것도 아니고..",17,17.0,"이몰라가 심레이싱같은데서 직접 달리면 진짜 재밌는 서킷이긴 한데 레이스에서는 추월각도 거의 안나오고
F1드라이버들 진짜 ㅈㄴ 괴물같은 놈들이라
1시간 반동안 거의 실수 한번을 안해서
그냥 첫랩 사고없음 사실상 기차놀이 확정이니까 너무 노잼임..
모나코마냥 아예 축제분위기에
구불구불한 좁은 시가지길 달리는 온보드 보는맛이 있는것도 아니고..",이몰라가 심레이싱같은데서 직접 달리면 진짜 재밌는 서킷이긴 한데 레이스에서는 추월각도 거의 안나오고 F1드라이버들 진짜 ㅈㄴ 괴물같은 놈들이라 1시간 반동안 거의 실수 한번을 안해서 그냥 첫랩 사고없음 사실상 기차놀이 확정이니까 너무 노잼임.. 모나코마냥 아예 축제분위기에 구불구불한 좁은 시가지길 달리는 온보드 보는맛이 있는것도 아니고..,0.17373639345169067,0.17805470526218414,0.3159865736961365,0.1698794811964035,0.09342687577009201,0.06891600042581558
2024-05-19 22:26:58,스떼 스 스떼이아웃ㅋㅋㅋㅋ,ㅋㅋㅋ,17,17.0,스떼 스 스떼이아웃ㅋㅋㅋㅋ ㅋㅋㅋ,스떼 스 스떼이아웃ㅋㅋㅋㅋ ㅋㅋㅋ,0.06938587129116058,0.03551584854722023,0.1214323416352272,0.07555447518825531,0.6756730079650879,0.02243846468627453
2024-05-19 22:26:58,ㅋㅋㅋㅋㅋㅋㅋㅋㅋㅋㅋㅋㅋㅋ,- dc official App,17,17.0,ㅋㅋㅋㅋㅋㅋㅋㅋㅋㅋㅋㅋㅋㅋ - dc official App,ㅋㅋㅋㅋㅋㅋㅋㅋㅋㅋㅋㅋㅋㅋ - dc official App,0.06618843972682953,0.03211945295333862,0.12071917951107025,0.08744645118713379,0.6709586977958679,0.022567830979824066
2024-05-19 22:26:59,위아째낑ㅋㅋㅋㅋㅋㅋㅋㅋ,,17,17.0,위아째낑ㅋㅋㅋㅋㅋㅋㅋㅋ ,위아째낑ㅋㅋㅋㅋㅋㅋㅋㅋ,0.058028094470500946,0.0338272862136364,0.11242332309484482,0.07179206609725952,0.7000061869621277,0.02392302267253399
2024-05-19 22:26:59,역시 자비없는 드립은 케로햄ㅋㅋ,참아줘요,17,17.0,역시 자비없는 드립은 케로햄ㅋㅋ 참아줘요,역시 자비없는 드립은 케로햄ㅋㅋ 참아줘요,0.12507513165473938,0.09013672918081284,0.3083614408969879,0.18820150196552277,0.15820735692977905,0.1300177127122879
2024-05-19 22:27:01,스떼이아웃 ㅋㅋㅋㅋㅋ,,17,17.0,스떼이아웃 ㅋㅋㅋㅋㅋ ,스떼이아웃 ㅋㅋㅋㅋㅋ,0.07196414470672607,0.03681085258722305,0.11942271143198013,0.07647032290697098,0.6712931990623474,0.02403879724442959
2024-05-19 22:27:04,위아째낑ㅋㅋㅋㅋㅋㅋ,ㅋㅋㅋ,17,17.0,위아째낑ㅋㅋㅋㅋㅋㅋ ㅋㅋㅋ,위아째낑ㅋㅋㅋㅋㅋㅋ ㅋㅋㅋ,0.056066740304231644,0.034596528857946396,0.11231393367052078,0.06974802166223526,0.7040585875511169,0.02321622706949711
2024-05-19 22:27:04,위아째낑 성대모사 ㅋㅋㅋㅋㅋㅋ,"ㅋㅋㅋ
- dc official App",17,17.0,"위아째낑 성대모사 ㅋㅋㅋㅋㅋㅋ ㅋㅋㅋ
- dc official App",위아째낑 성대모사 ㅋㅋㅋㅋㅋㅋ ㅋㅋㅋ,0.059588462114334106,0.03336565941572189,0.12525226175785065,0.08428680151700974,0.672193169593811,0.025313669815659523
2024-05-19 22:27:11,자비가 없는 자비는 나가라,,17,17.0,자비가 없는 자비는 나가라 ,자비가 없는 자비는 나가라,0.17228597402572632,0.1991441249847412,0.20081289112567902,0.22344551980495453,0.11344856023788452,0.09086295962333679
2024-05-19 22:27:12,발작버튼 on ㅋㅋㅋㅋㅋㅋ,,17,17.0,발작버튼 on ㅋㅋㅋㅋㅋㅋ ,발작버튼 on ㅋㅋㅋㅋㅋㅋ,0.11666494607925415,0.057332854717969894,0.2633323669433594,0.20063015818595886,0.27938777208328247,0.08265198022127151
2024-05-19 22:27:13,승진해서 바뀐거구나,,17,17.0,승진해서 바뀐거구나 ,승진해서 바뀐거구나,0.11056426167488098,0.06671654433012009,0.2485455870628357,0.3242175579071045,0.1450437605381012,0.10491226613521576
2024-05-19 22:27:15,페라리특히퍼스트십년아퀄리2때소프트로설레게할땐언제고,Q3가서페레즈한테레이스배운병신새끼마냥폴못따고또공식엔딩곡듣게생겼네원래도안믿었어시발련죽어,18,18.0,페라리특히퍼스트십년아퀄리2때소프트로설레게할땐언제고 Q3가서페레즈한테레이스배운병신새끼마냥폴못따고또공식엔딩곡듣게생겼네원래도안믿었어시발련죽어,페라리특히퍼스트십년아퀄리2때소프트로설레게할땐언제고 Q3가서페레즈한테레이스배운병신새끼마냥폴못따고또공식엔딩곡듣게생겼네원래도안믿었어시발련죽어,0.3231188952922821,0.1939854770898819,0.16119633615016937,0.16260367631912231,0.10053887218236923,0.0585566870868206
2024-05-19 22:27:18,뭐야 17랩인데 5초밖에 못벌렷냐,"오늘은 해볼만하네
- dc official App",18,18.0,"뭐야 17랩인데 5초밖에 못벌렷냐 오늘은 해볼만하네
- dc official App",뭐야 17랩인데 5초밖에 못벌렷냐 오늘은 해볼만하네,0.12210316210985184,0.06882495433092117,0.2464180588722229,0.3122292160987854,0.11575481295585632,0.13466978073120117
2024-05-19 22:27:23,현시각 페라리 <<<- 뭔가 좆되가고 있음을 감지,ㅋㅋㅋㅋㅋㅋㅋㅋㅋ,18,18.0,현시각 페라리 <<<- 뭔가 좆되가고 있음을 감지 ㅋㅋㅋㅋㅋㅋㅋㅋㅋ,현시각 페라리 <<<- 뭔가 좆되가고 있음을 감지 ㅋㅋㅋㅋㅋㅋㅋㅋㅋ,0.1447763592004776,0.08843962848186493,0.28020212054252625,0.22236062586307526,0.13538150489330292,0.12883976101875305
2024-05-19 22:27:24,스떼이아웃,"스떼이아웃
- dc official App",18,18.0,"스떼이아웃 스떼이아웃
- dc official App",스떼이아웃 스떼이아웃,0.15781784057617188,0.09310464560985565,0.23163731396198273,0.1706603318452835,0.3011370897293091,0.045642778277397156
2024-05-19 22:27:30,플랜 B고 뭐고 비나 와라 좀 ㅋㅋ,,18,18.0,플랜 B고 뭐고 비나 와라 좀 ㅋㅋ ,플랜 B고 뭐고 비나 와라 좀 ㅋㅋ,0.25950589776039124,0.18098659813404083,0.2353304624557495,0.10753154009580612,0.1656920164823532,0.05095347389578819
2024-05-19 22:27:34,체코 스핀했나 왜 도련놈 갭이 1초안으로 뜨지,???,18,18.0,체코 스핀했나 왜 도련놈 갭이 1초안으로 뜨지 ???,체코 스핀했나 왜 도련놈 갭이 1초안으로 뜨지 ???,0.13469286262989044,0.07437703013420105,0.2635995149612427,0.29461804032325745,0.1327541321516037,0.09995841234922409
2024-05-19 22:27:40,도련놈한테 쫒기는 패레즈는 머냐 십ㅋㅋㅋ,,18,18.0,도련놈한테 쫒기는 패레즈는 머냐 십ㅋㅋㅋ ,도련놈한테 쫒기는 패레즈는 머냐 십ㅋㅋㅋ,0.25045016407966614,0.11686971038579941,0.22292254865169525,0.21064366400241852,0.10289531946182251,0.09621863067150116
2024-05-19 22:27:43,이상기후 마렵네,,18,18.0,이상기후 마렵네 ,이상기후 마렵네,0.22881048917770386,0.19218577444553375,0.23694568872451782,0.1531699150800705,0.13391616940498352,0.054971981793642044
2024-05-19 22:27:44,병신ㅋㅋㅋㅋㅋㅋㅋㅋㅋ,ㅋㅋ,18,18.0,병신ㅋㅋㅋㅋㅋㅋㅋㅋㅋ ㅋㅋ,병신ㅋㅋㅋㅋㅋㅋㅋㅋㅋ ㅋㅋ,0.06985016167163849,0.032503772526979446,0.14759010076522827,0.10160044580698013,0.6220293641090393,0.02642613649368286
2024-05-19 22:27:44,그저 병신.,,18,18.0,그저 병신. ,그저 병신.,0.13324269652366638,0.1128336563706398,0.3597031533718109,0.12630721926689148,0.20180368423461914,0.06610960513353348
2024-05-19 22:27:45,병신 운전수준ㅋㅋㅋㅋ,ㅋㅋㅋㅋㅋㅋㅋ뭐하노,18,18.0,병신 운전수준ㅋㅋㅋㅋ ㅋㅋㅋㅋㅋㅋㅋ뭐하노,병신 운전수준ㅋㅋㅋㅋ ㅋㅋㅋㅋㅋㅋㅋ뭐하노,0.20899397134780884,0.10942671447992325,0.23611867427825928,0.2561713457107544,0.09821293503046036,0.09107637405395508
2024-05-19 22:27:45,플랜비가 먼데,갭 벌어지냐,18,18.0,플랜비가 먼데 갭 벌어지냐,플랜비가 먼데 갭 벌어지냐,0.14506977796554565,0.08057587593793869,0.23284107446670532,0.3544735312461853,0.09681758284568787,0.09022216498851776
2024-05-19 22:27:46,피아제 저거 추월 못 하면,"타이어 녹아나고 망하는거 아님?
- dc official App",18,18.0,"피아제 저거 추월 못 하면 타이어 녹아나고 망하는거 아님?
- dc official App",피아제 저거 추월 못 하면 타이어 녹아나고 망하는거 아님?,0.13153865933418274,0.07957953214645386,0.19244463741779327,0.3630955219268799,0.10988343507051468,0.12345817685127258
2024-05-19 22:27:46,병신ㅋㅋㅋㅋㅋㅋㅋㅋㅋㅋㅋㅋ,,18,18.0,병신ㅋㅋㅋㅋㅋㅋㅋㅋㅋㅋㅋㅋ ,병신ㅋㅋㅋㅋㅋㅋㅋㅋㅋㅋㅋㅋ,0.06888937205076218,0.032801829278469086,0.14046958088874817,0.09626540541648865,0.633456289768219,0.028117552399635315
2024-05-19 22:27:48,병신 ㅋㅋㅋ,- dc official App,18,18.0,병신 ㅋㅋㅋ - dc official App,병신 ㅋㅋㅋ - dc official App,0.06582856178283691,0.032354775816202164,0.12257937341928482,0.1007159948348999,0.6542931199073792,0.024228200316429138
2024-05-19 22:27:48,병 신 행 동,,18,18.0,병 신 행 동 ,병 신 행 동,0.22444739937782288,0.1223188042640686,0.19570012390613556,0.26244792342185974,0.10504426062107086,0.09004148840904236
2024-05-19 22:27:48,병신 ㅋㅋ,,18,18.0,병신 ㅋㅋ ,병신 ㅋㅋ,0.08976416289806366,0.04209094122052193,0.15625925362110138,0.10357167571783066,0.5799253582954407,0.028388632461428642
2024-05-19 22:27:49,체코 또또 지랄 ㅋㅋㅋㅋㅋㅋ,,18,18.0,체코 또또 지랄 ㅋㅋㅋㅋㅋㅋ ,체코 또또 지랄 ㅋㅋㅋㅋㅋㅋ,0.27833420038223267,0.12042084336280823,0.22911390662193298,0.14637093245983124,0.16407886147499084,0.061681248247623444
2024-05-19 22:27:49,병신ㅋㅋㅋㅋㅋㅋㅋㅋㅋㅋ,ㅋㅋㅋ,18,18.0,병신ㅋㅋㅋㅋㅋㅋㅋㅋㅋㅋ ㅋㅋㅋ,병신ㅋㅋㅋㅋㅋㅋㅋㅋㅋㅋ ㅋㅋㅋ,0.07569245994091034,0.03437810763716698,0.1675582081079483,0.1112900823354721,0.5825101137161255,0.028570985421538353
2024-05-19 22:27:49,에휴 저 병신,,18,18.0,에휴 저 병신 ,에휴 저 병신,0.22921518981456757,0.21466486155986786,0.24078750610351562,0.1565016210079193,0.09552212804555893,0.0633087158203125
2024-05-19 22:27:51,병신ㅋㅋㅋㅋㅋㅋㅋㅋㅋㅋ,아오,18,18.0,병신ㅋㅋㅋㅋㅋㅋㅋㅋㅋㅋ 아오,병신ㅋㅋㅋㅋㅋㅋㅋㅋㅋㅋ 아오,0.19124150276184082,0.08741617202758789,0.24947413802146912,0.13567881286144257,0.27741575241088867,0.05877361074090004
2024-05-19 22:27:51,15초ㅋㅋㅋ,,18,18.0,15초ㅋㅋㅋ ,15초ㅋㅋㅋ,0.09093274921178818,0.04301811009645462,0.1901235431432724,0.14565744996070862,0.48704931139945984,0.04321884736418724
2024-05-19 22:27:51,병신ㅋㅋㅋㅋㅋㅋㅋㅋㅋㅋ,,18,18.0,병신ㅋㅋㅋㅋㅋㅋㅋㅋㅋㅋ ,병신ㅋㅋㅋㅋㅋㅋㅋㅋㅋㅋ,0.0880439504981041,0.0371580496430397,0.17258840799331665,0.13979162275791168,0.5280790328979492,0.03433891385793686
2024-05-19 22:27:52,체평ㅋㅋㅋㅋㅋㅋㅋ,- dc official App,18,18.0,체평ㅋㅋㅋㅋㅋㅋㅋ - dc official App,체평ㅋㅋㅋㅋㅋㅋㅋ - dc official App,0.07278937101364136,0.03366506099700928,0.13428084552288055,0.11459717899560928,0.6195192337036133,0.0251483041793108
2024-05-19 22:27:53,ㅂㅅ,ㅂㅅ,18,18.0,ㅂㅅ ㅂㅅ,ㅂㅅ ㅂㅅ,0.2984537184238434,0.13525481522083282,0.19871488213539124,0.17851421236991882,0.1274692267179489,0.06159309297800064
2024-05-19 22:27:53,병신ㅋㅋㅋㅋㅋ,,18,18.0,병신ㅋㅋㅋㅋㅋ ,병신ㅋㅋㅋㅋㅋ,0.07141454517841339,0.03470265865325928,0.13400286436080933,0.08714420348405838,0.6460325717926025,0.026703160256147385
2024-05-19 22:27:54,병신ㅋㅋㅋㅋㅋㅋ,ㅋㅋㅋㅋㅋㅋㅋㅋㅋㅋㅋㅋㅋㅋㅋㅋㅋㅋ,18,18.0,병신ㅋㅋㅋㅋㅋㅋ ㅋㅋㅋㅋㅋㅋㅋㅋㅋㅋㅋㅋㅋㅋㅋㅋㅋㅋ,병신ㅋㅋㅋㅋㅋㅋ ㅋㅋㅋㅋㅋㅋㅋㅋㅋㅋㅋㅋㅋㅋㅋㅋㅋㅋ,0.08401653170585632,0.03719976544380188,0.19507093727588654,0.12475189566612244,0.5242453217506409,0.034715451300144196
2024-05-19 22:27:55,역시병신 ㅋㅋㅋㅋㅋㅋ,- dc official App,18,18.0,역시병신 ㅋㅋㅋㅋㅋㅋ - dc official App,역시병신 ㅋㅋㅋㅋㅋㅋ - dc official App,0.18022878468036652,0.0693371444940567,0.2366877645254135,0.19266149401664734,0.2484731674194336,0.07261164486408234
2024-05-19 22:27:55,저 병신새끼 ㅋㅋㅋㅋㅋㅋㅋㅋ,,18,18.0,저 병신새끼 ㅋㅋㅋㅋㅋㅋㅋㅋ ,저 병신새끼 ㅋㅋㅋㅋㅋㅋㅋㅋ,0.2743678689002991,0.1087537482380867,0.19253209233283997,0.20773817598819733,0.12788663804531097,0.08872144669294357
2024-05-19 22:27:56,병xㅋㅋㅋ,x신ㅋㅋㅋㅋㅋ,18,18.0,병xㅋㅋㅋ x신ㅋㅋㅋㅋㅋ,병xㅋㅋㅋ x신ㅋㅋㅋㅋㅋ,0.22907893359661102,0.08268816769123077,0.23087051510810852,0.20139843225479126,0.18900002539157867,0.06696400046348572
2024-05-19 22:27:57,5.3초는 씨발,"이새끼들 분명 프렉테스는 좆망했는데 어케했노 씨발
- dc official App",18,18.0,"5.3초는 씨발 이새끼들 분명 프렉테스는 좆망했는데 어케했노 씨발
- dc official App",5.3초는 씨발 이새끼들 분명 프렉테스는 좆망했는데 어케했노 씨발,0.3194413483142853,0.18838833272457123,0.20807398855686188,0.12573456764221191,0.11423680186271667,0.04412497207522392
2024-05-19 22:27:57,개병신새끼 닉값ㅋㅋㅋㅋ,,18,18.0,개병신새끼 닉값ㅋㅋㅋㅋ ,개병신새끼 닉값ㅋㅋㅋㅋ,0.3168330788612366,0.14333128929138184,0.16967344284057617,0.1605587750673294,0.14053818583488464,0.06906527280807495
2024-05-19 22:27:57,병신 쳐내,시트 뺏어,18,18.0,병신 쳐내 시트 뺏어,병신 쳐내 시트 뺏어,0.24094632267951965,0.10576773434877396,0.17768846452236176,0.13748233020305634,0.2952088713645935,0.04290623962879181
2024-05-19 22:27:59,병신행동ㅋㅋㅋㅋ,,18,18.0,병신행동ㅋㅋㅋㅋ ,병신행동ㅋㅋㅋㅋ,0.07082680612802505,0.03195649012923241,0.13618683815002441,0.10680753737688065,0.6256261467933655,0.02859615348279476
2024-05-19 22:28:00,진짜 joatㅋㅋㅋㅋㅋㅋㅋㅋ,,18,18.0,진짜 joatㅋㅋㅋㅋㅋㅋㅋㅋ ,진짜 joatㅋㅋㅋㅋㅋㅋㅋㅋ,0.2710508406162262,0.1165049821138382,0.2509571313858032,0.13093557953834534,0.1711142361164093,0.05943721905350685
2024-05-19 22:27:59,아휴 병신년...,그럼그렇지,18,18.0,아휴 병신년... 그럼그렇지,아휴 병신년... 그럼그렇지,0.3110871911048889,0.1521267294883728,0.16313564777374268,0.20190435647964478,0.09485697746276855,0.07688912004232407
2024-05-19 22:28:01,대 병 신,ㅋㅋㅋㅋㅋ,18,18.0,대 병 신 ㅋㅋㅋㅋㅋ,대 병 신 ㅋㅋㅋㅋㅋ,0.20453308522701263,0.07431958615779877,0.23485706746578217,0.22070905566215515,0.18862459063529968,0.07695654779672623
2024-05-19 22:28:02,그저 병신 ㅋㅋㅋㅋㅋㅋ,ㅋㅋㅋㅋㅋㅋㅋㅋㅁㄴㅇ,18,18.0,그저 병신 ㅋㅋㅋㅋㅋㅋ ㅋㅋㅋㅋㅋㅋㅋㅋㅁㄴㅇ,그저 병신 ㅋㅋㅋㅋㅋㅋ ㅋㅋㅋㅋㅋㅋㅋㅋㅁㄴㅇ,0.10515450686216354,0.04598003625869751,0.21440547704696655,0.11687931418418884,0.48024651408195496,0.03733419254422188
2024-05-19 22:28:02,병신 ㅋㅋㅋㅋ,"알론소 박던거 처럼 나가버리네 ㅋㅋ
- dc official App",18,18.0,"병신 ㅋㅋㅋㅋ 알론소 박던거 처럼 나가버리네 ㅋㅋ
- dc official App",병신 ㅋㅋㅋㅋ 알론소 박던거 처럼 나가버리네 ㅋㅋ,0.13624133169651031,0.06779558211565018,0.3053137958049774,0.239741250872612,0.15203170478343964,0.09887637943029404
2024-05-19 22:28:02,체평..ㅋㅋㅋ,ㅋㅋㅋㅋ,18,18.0,체평..ㅋㅋㅋ ㅋㅋㅋㅋ,체평..ㅋㅋㅋ ㅋㅋㅋㅋ,0.08108013868331909,0.04068167880177498,0.1677604764699936,0.11395981907844543,0.5649881958961487,0.03152969107031822
2024-05-19 22:28:02,병신 ㅋㅋㅋㅋ,- dc official App,18,18.0,병신 ㅋㅋㅋㅋ - dc official App,병신 ㅋㅋㅋㅋ - dc official App,0.06810737401247025,0.032013680785894394,0.12540683150291443,0.10541606694459915,0.6446296572685242,0.024426359683275223
2024-05-19 22:28:03,타 코 행 동,"병신 ㅋㅋ
- dc official App",18,18.0,"타 코 행 동 병신 ㅋㅋ
- dc official App",타 코 행 동 병신 ㅋㅋ,0.0654674842953682,0.03301679715514183,0.11985855549573898,0.08847254514694214,0.6663843393325806,0.026800254359841347
2024-05-19 22:28:03,피아스트리 저거 타이어 버텨지나?,"저렇게 붙어있는데
타이어랑 브레이크 버텨지나
이와중에 체코 병신새끼 아오",18,18.0,"피아스트리 저거 타이어 버텨지나? 저렇게 붙어있는데
타이어랑 브레이크 버텨지나
이와중에 체코 병신새끼 아오",피아스트리 저거 타이어 버텨지나? 저렇게 붙어있는데 타이어랑 브레이크 버텨지나 이와중에 체코 병신새끼 아오,0.27255797386169434,0.17845803499221802,0.18005622923374176,0.2104928195476532,0.08823437988758087,0.0702005922794342
2024-05-19 22:28:03,그저 병신행동 ㄲㅋㅋㅋㅋㅋㅋㅋㄱ,혼자 머함,18,18.0,그저 병신행동 ㄲㅋㅋㅋㅋㅋㅋㅋㄱ 혼자 머함,그저 병신행동 ㄲㅋㅋㅋㅋㅋㅋㅋㄱ 혼자 머함,0.11228759586811066,0.055648405104875565,0.25319552421569824,0.12265626341104507,0.4089602828025818,0.0472518689930439
2024-05-19 22:28:03,체코신 꿀잼ㅋㅋㅋㅋ,,18,18.0,체코신 꿀잼ㅋㅋㅋㅋ ,체코신 꿀잼ㅋㅋㅋㅋ,0.0565979965031147,0.036903537809848785,0.10861215740442276,0.0654987245798111,0.7087746262550354,0.02361294813454151
2024-05-19 22:28:05,개좆병신 ㅋㅋㅋㅋㅋㅋㅋㅋㅋㅋㅋㅋ,잊을만하면 ㅋㅋㅋㅋㅋㅋㅋㅋㅋㅋㅋㅋㅋㅋ,18,18.0,개좆병신 ㅋㅋㅋㅋㅋㅋㅋㅋㅋㅋㅋㅋ 잊을만하면 ㅋㅋㅋㅋㅋㅋㅋㅋㅋㅋㅋㅋㅋㅋ,개좆병신 ㅋㅋㅋㅋㅋㅋㅋㅋㅋㅋㅋㅋ 잊을만하면 ㅋㅋㅋㅋㅋㅋㅋㅋㅋㅋㅋㅋㅋㅋ,0.24617251753807068,0.09484937787055969,0.24162007868289948,0.14054392278194427,0.20459780097007751,0.07221637666225433
2024-05-19 22:28:05,르끌 드챔2위 각 떴냐 ㅋㅋㅋㅋㅋ,ㅋㅋㅋㅋㅋㅋㅋㅋ,18,18.0,르끌 드챔2위 각 떴냐 ㅋㅋㅋㅋㅋ ㅋㅋㅋㅋㅋㅋㅋㅋ,르끌 드챔2위 각 떴냐 ㅋㅋㅋㅋㅋ ㅋㅋㅋㅋㅋㅋㅋㅋ,0.06407163292169571,0.03215940669178963,0.12833984196186066,0.08839748054742813,0.6588065028190613,0.028225082904100418
2024-05-19 22:28:06,어 형이야,,18,18.0,어 형이야 ,어 형이야,0.058587465435266495,0.040336042642593384,0.1851189136505127,0.12544874846935272,0.5424647927284241,0.04804401844739914
2024-05-19 22:28:08,병신 병신행동 ㅋㅋㅋ,병신ㅋㅋ,18,18.0,병신 병신행동 ㅋㅋㅋ 병신ㅋㅋ,병신 병신행동 ㅋㅋㅋ 병신ㅋㅋ,0.06707543134689331,0.031083719804883003,0.13934215903282166,0.10457637161016464,0.6302209496498108,0.027701402083039284
2024-05-19 22:28:08,저새낀 진짜 병신이냐,어휴,18,18.0,저새낀 진짜 병신이냐 어휴,저새낀 진짜 병신이냐 어휴,0.29403311014175415,0.21221952140331268,0.15787766873836517,0.17480763792991638,0.10175345838069916,0.05930861085653305
2024-05-19 22:28:12,같은 레드불 카 맞음?,ㅅㅂ 수준차이보소,18,18.0,같은 레드불 카 맞음? ㅅㅂ 수준차이보소,같은 레드불 카 맞음? ㅅㅂ 수준차이보소,0.24307608604431152,0.1455913633108139,0.20547598600387573,0.24624468386173248,0.07923427224159241,0.08037763088941574
2024-05-19 22:28:09,병신ㅋㅋㅋㅋㅋㅋㅋㅋㅋㅋㅋㅋㅋㅋㅋㅋㅋㅋㅋㅋㅋ,"유럽만 오면 귀신같이 병신이 되서 돌아오노ㅋㅋㅋㅋㅋㅋㅋㅋㅋㅋㅋㅋ
Mclaren F1 team 2007~",18,18.0,"병신ㅋㅋㅋㅋㅋㅋㅋㅋㅋㅋㅋㅋㅋㅋㅋㅋㅋㅋㅋㅋㅋ 유럽만 오면 귀신같이 병신이 되서 돌아오노ㅋㅋㅋㅋㅋㅋㅋㅋㅋㅋㅋㅋ
Mclaren F1 team 2007~",병신ㅋㅋㅋㅋㅋㅋㅋㅋㅋㅋㅋㅋㅋㅋㅋㅋㅋㅋㅋㅋㅋ 유럽만 오면 귀신같이 병신이 되서 돌아오노ㅋㅋㅋㅋㅋㅋㅋㅋㅋㅋㅋㅋ Mclaren F1 team 2007~,0.13469545543193817,0.06351715326309204,0.2650611400604248,0.18118667602539062,0.2669505774974823,0.08858896046876907
2024-05-19 22:28:12,진짜 씨발 개병신새끼 아오,시발 포인트라도 좀 따오라고,18,18.0,진짜 씨발 개병신새끼 아오 시발 포인트라도 좀 따오라고,진짜 씨발 개병신새끼 아오 시발 포인트라도 좀 따오라고,0.30882346630096436,0.1946055293083191,0.20060975849628448,0.11430905014276505,0.1411634087562561,0.040488872677087784
2024-05-19 22:28:13,가슬리야 그립다,ㅇ,18,18.0,가슬리야 그립다 ㅇ,가슬리야 그립다 ㅇ,0.0870106890797615,0.09955867379903793,0.18480242788791656,0.12382370233535767,0.45516014099121094,0.04964439943432808
2024-05-19 22:28:13,체코 언제 짜르냐?,- dc official App,18,18.0,체코 언제 짜르냐? - dc official App,체코 언제 짜르냐? - dc official App,0.1896856427192688,0.1578318327665329,0.26456785202026367,0.1967974752187729,0.13795031607151031,0.05316687002778053
2024-05-19 22:28:15,푸하하하하 형!!,"ㅋㅋ
- dc official App",18,18.0,"푸하하하하 형!! ㅋㅋ
- dc official App",푸하하하하 형!! ㅋㅋ,0.053341444581747055,0.03180380165576935,0.116068996489048,0.07231657207012177,0.7015080451965332,0.02496105246245861
2024-05-19 22:28:15,경운기노 ㅋㅋㅋ,,18,18.0,경운기노 ㅋㅋㅋ ,경운기노 ㅋㅋㅋ,0.06826822459697723,0.03548365458846092,0.1461893618106842,0.0966896116733551,0.6238789558410645,0.02949022501707077
2024-05-19 22:28:15,ㄹㅇ 직구 금지니까 변화구로 웃음주시는분,ㅋㅋㅋㅋ,18,18.0,ㄹㅇ 직구 금지니까 변화구로 웃음주시는분 ㅋㅋㅋㅋ,ㄹㅇ 직구 금지니까 변화구로 웃음주시는분 ㅋㅋㅋㅋ,0.07624997943639755,0.04766127094626427,0.15060746669769287,0.0855652242898941,0.6044129133224487,0.03550317510962486
2024-05-19 22:28:18,병신 정품 ㅋㅋㅋㅋㅋㅋㅋㅋㅋㅋㅋㅋㅋㅋ,ㅋㅋㅋㅋㅋㅋㅋㅋㅋㅋㅋㅋㅋㅋㅋ,18,18.0,병신 정품 ㅋㅋㅋㅋㅋㅋㅋㅋㅋㅋㅋㅋㅋㅋ ㅋㅋㅋㅋㅋㅋㅋㅋㅋㅋㅋㅋㅋㅋㅋ,병신 정품 ㅋㅋㅋㅋㅋㅋㅋㅋㅋㅋㅋㅋㅋㅋ ㅋㅋㅋㅋㅋㅋㅋㅋㅋㅋㅋㅋㅋㅋㅋ,0.07096656411886215,0.034898560494184494,0.142868310213089,0.08702903240919113,0.6381345391273499,0.026102865114808083
2024-05-19 22:28:21,피아제 걱정되는데,저거 타이어 관리 됨?,18,18.0,피아제 걱정되는데 저거 타이어 관리 됨?,피아제 걱정되는데 저거 타이어 관리 됨?,0.10176770389080048,0.0827602818608284,0.21913714706897736,0.3485824763774872,0.14740073680877686,0.10035169124603271
2024-05-19 22:28:21,페레즈 ㅂㅅ아!!,셒카를 나오게 했어야지,18,18.0,페레즈 ㅂㅅ아!! 셒카를 나오게 했어야지,페레즈 ㅂㅅ아!! 셒카를 나오게 했어야지,0.24909557402133942,0.15871500968933105,0.2782980799674988,0.15224990248680115,0.11988011002540588,0.041761256754398346
2024-05-19 22:28:21,어떻게하면 포디움에 들수있죠?,"자비 : 그냥 올라가면됨
- dc official App",18,18.0,"어떻게하면 포디움에 들수있죠? 자비 : 그냥 올라가면됨
- dc official App",어떻게하면 포디움에 들수있죠? 자비 : 그냥 올라가면됨,0.08954610675573349,0.05196428298950195,0.25079312920570374,0.27396664023399353,0.23139163851737976,0.10233822464942932
2024-05-19 22:28:22,끌려다가 병신땜에 웃음ㅋㅋㅋ,그저 웃음 원툴ㅋㅋㅋㅋ,18,18.0,끌려다가 병신땜에 웃음ㅋㅋㅋ 그저 웃음 원툴ㅋㅋㅋㅋ,끌려다가 병신땜에 웃음ㅋㅋㅋ 그저 웃음 원툴ㅋㅋㅋㅋ,0.06216403841972351,0.04304822161793709,0.13712474703788757,0.06398829072713852,0.6688345074653625,0.02484026923775673
2024-05-19 22:28:22,근데 페레즈는 이제 멀쩡하면 서운함,안병신은 재미가 없어,18,18.0,근데 페레즈는 이제 멀쩡하면 서운함 안병신은 재미가 없어,근데 페레즈는 이제 멀쩡하면 서운함 안병신은 재미가 없어,0.14908473193645477,0.1990244835615158,0.32995492219924927,0.13432210683822632,0.12730415165424347,0.06030964106321335
2024-05-19 22:28:22,똠 레드불 막시즌 보는 거 같노 ㅋㅋㅋ,,18,18.0,똠 레드불 막시즌 보는 거 같노 ㅋㅋㅋ ,똠 레드불 막시즌 보는 거 같노 ㅋㅋㅋ,0.0594421811401844,0.03193133324384689,0.1476249247789383,0.10630298405885696,0.6200060248374939,0.03469252586364746
2024-05-19 22:28:24,역시 병신은 체평,ㅋㅋㅋㅋㅋㅋㅋㄱㅋ,18,18.0,역시 병신은 체평 ㅋㅋㅋㅋㅋㅋㅋㄱㅋ,역시 병신은 체평 ㅋㅋㅋㅋㅋㅋㅋㄱㅋ,0.07389574497938156,0.03355607017874718,0.1602761447429657,0.10260526090860367,0.5976417064666748,0.032025113701820374
2024-05-19 22:28:23,진짜 병신ㅋㅋ,- dc official App,18,18.0,진짜 병신ㅋㅋ - dc official App,진짜 병신ㅋㅋ - dc official App,0.06575020402669907,0.03143145516514778,0.12641629576683044,0.09860854595899582,0.6534368395805359,0.02435661107301712
2024-05-19 22:28:27,체코 기습병신 ㅋㅋㅋㅋㅋㅋㅋ,지루하던참에 큰웃음 선사 ㅋㅋ,18,18.0,체코 기습병신 ㅋㅋㅋㅋㅋㅋㅋ 지루하던참에 큰웃음 선사 ㅋㅋ,체코 기습병신 ㅋㅋㅋㅋㅋㅋㅋ 지루하던참에 큰웃음 선사 ㅋㅋ,0.06526818126440048,0.04182162508368492,0.13405144214630127,0.06543079763650894,0.669202446937561,0.024225465953350067
2024-05-19 22:28:30,페레즈 스트롤이랑 붙어있는게 맞는거냐 진짜 ㅋㅋ,그런 의미로 스트롤을 레드불로,18,18.0,페레즈 스트롤이랑 붙어있는게 맞는거냐 진짜 ㅋㅋ 그런 의미로 스트롤을 레드불로,페레즈 스트롤이랑 붙어있는게 맞는거냐 진짜 ㅋㅋ 그런 의미로 스트롤을 레드불로,0.19041648507118225,0.12235532701015472,0.25088685750961304,0.2583816647529602,0.0840558260679245,0.09390391409397125
2024-05-19 22:28:31,진짜 개병신이네,"딴 애로 바꿔라 제발
- dc official App",18,18.0,"진짜 개병신이네 딴 애로 바꿔라 제발
- dc official App",진짜 개병신이네 딴 애로 바꿔라 제발,0.2950271666049957,0.20738564431667328,0.20937684178352356,0.1466580182313919,0.09171184152364731,0.04984046518802643
2024-05-19 22:28:34,꼬라박고 셒키라도 불러주지ㅋㅋㅋ,,18,18.0,꼬라박고 셒키라도 불러주지ㅋㅋㅋ ,꼬라박고 셒키라도 불러주지ㅋㅋㅋ,0.13472957909107208,0.06326460838317871,0.254960834980011,0.17394815385341644,0.30424994230270386,0.0688469186425209
2024-05-19 22:28:43,이새끼는 실력으로 증명함,,19,19.0,이새끼는 실력으로 증명함 ,이새끼는 실력으로 증명함,0.13402335345745087,0.10927801579236984,0.19090470671653748,0.2642417550086975,0.18812182545661926,0.11343029886484146
2024-05-19 22:28:45,속보 세르히오 페레즈 이적,wrc로 이적하고자 하는 의지를 표명해.,19,19.0,속보 세르히오 페레즈 이적 wrc로 이적하고자 하는 의지를 표명해.,속보 세르히오 페레즈 이적 wrc로 이적하고자 하는 의지를 표명해.,0.08086016029119492,0.060729559510946274,0.21191315352916718,0.22542819380760193,0.35956546664237976,0.061503373086452484
2024-05-19 22:28:51,페레즈가 내년 레드불?,"퀄리 때부터 호너 표정 썩었던데?
- dc official App",19,19.0,"페레즈가 내년 레드불? 퀄리 때부터 호너 표정 썩었던데?
- dc official App",페레즈가 내년 레드불? 퀄리 때부터 호너 표정 썩었던데?,0.12056732922792435,0.07413832098245621,0.21916572749614716,0.3487674593925476,0.11238066107034683,0.12498047202825546
2024-05-19 22:28:53,여기 길이 좀 별로네,지름길이라 그런가?,19,19.0,여기 길이 좀 별로네 지름길이라 그런가?,여기 길이 좀 별로네 지름길이라 그런가?,0.12614309787750244,0.13846847414970398,0.2983854413032532,0.2701699435710907,0.10508034378290176,0.06175270304083824
2024-05-19 22:28:53,체평ㅋㅋㅋㅋㅋㅋㅋㅋㅋㅋ,"ㅋㅋㅋㅋㅋㅋㅋㅋ
- dc official App",19,19.0,"체평ㅋㅋㅋㅋㅋㅋㅋㅋㅋㅋ ㅋㅋㅋㅋㅋㅋㅋㅋ
- dc official App",체평ㅋㅋㅋㅋㅋㅋㅋㅋㅋㅋ ㅋㅋㅋㅋㅋㅋㅋㅋ,0.06823334842920303,0.03278014063835144,0.1409916877746582,0.10040687769651413,0.631793737411499,0.025794167071580887
2024-05-19 22:28:55,오늘 스트롤 주사위 6이네 ㅋㅋㅋㅋ,ㅇ,19,19.0,오늘 스트롤 주사위 6이네 ㅋㅋㅋㅋ ㅇ,오늘 스트롤 주사위 6이네 ㅋㅋㅋㅋ ㅇ,0.07193358987569809,0.03893277794122696,0.1428201049566269,0.10035446286201477,0.6140903234481812,0.03186873346567154
2024-05-19 22:28:55,사인츠 페라리 나간다며.... 레드불오자,체코너는 ㅜㅠ,19,19.0,사인츠 페라리 나간다며.... 레드불오자 체코너는 ㅜㅠ,사인츠 페라리 나간다며.... 레드불오자 체코너는 ㅜㅠ,0.14080315828323364,0.19728733599185944,0.29456067085266113,0.17668667435646057,0.11214762181043625,0.07851451635360718
2024-05-19 22:28:55,아! 형! 병신이야?!,"ㅋ
- dc official App",19,19.0,"아! 형! 병신이야?! ㅋ
- dc official App",아! 형! 병신이야?! ㅋ,0.15298981964588165,0.07377875596284866,0.285822331905365,0.24033623933792114,0.1169854998588562,0.13008743524551392
2024-05-19 22:28:58,그동안 레드불을 열심히 사먹은게 도움이 됐구나,그거면 됐다..,19,19.0,그동안 레드불을 열심히 사먹은게 도움이 됐구나 그거면 됐다..,그동안 레드불을 열심히 사먹은게 도움이 됐구나 그거면 됐다..,0.08750274032354355,0.12081898748874664,0.20623426139354706,0.0999881848692894,0.43358898162841797,0.051866866648197174
2024-05-19 22:28:58,병신은 머신 성능차 줄어드니까 슬슬 밑천 들어나네,ㅋㅋ,19,19.0,병신은 머신 성능차 줄어드니까 슬슬 밑천 들어나네 ㅋㅋ,병신은 머신 성능차 줄어드니까 슬슬 밑천 들어나네 ㅋㅋ,0.14612244069576263,0.07610338926315308,0.26011011004447937,0.3200901746749878,0.09397151321172714,0.10360235720872879
2024-05-19 22:29:00,"""막스 차빨 아난데?""","추월 안되잖아 병신들아 ㅡㅡ
- dc official App",19,19.0,"""막스 차빨 아난데?"" 추월 안되잖아 병신들아 ㅡㅡ
- dc official App","""막스 차빨 아난데?"" 추월 안되잖아 병신들아 ㅡㅡ",0.29445457458496094,0.16593009233474731,0.240376815199852,0.15486885607242584,0.09517139941453934,0.049198269844055176
2024-05-19 22:29:01,지난번에도 사인지랑 피아제 싸우지 않았나,사인지가 추월하면서 갖다 박아버리고,19,19.0,지난번에도 사인지랑 피아제 싸우지 않았나 사인지가 추월하면서 갖다 박아버리고,지난번에도 사인지랑 피아제 싸우지 않았나 사인지가 추월하면서 갖다 박아버리고,0.14666426181793213,0.11547994613647461,0.21387514472007751,0.3336048126220703,0.08202753961086273,0.10834827274084091
2024-05-19 22:29:06,신발돛빨간 조던,ㅋㅋㅋ,19,19.0,신발돛빨간 조던 ㅋㅋㅋ,신발돛빨간 조던 ㅋㅋㅋ,0.06434459239244461,0.03002338670194149,0.1500561386346817,0.1119486466050148,0.6105016469955444,0.03312557935714722
2024-05-19 22:29:06,오늘도 페러지 입갤 ㅋㅋㅋㅋㅋ,잘하나싶더니 병신 ㅋㅋㅋ,19,19.0,오늘도 페러지 입갤 ㅋㅋㅋㅋㅋ 잘하나싶더니 병신 ㅋㅋㅋ,오늘도 페러지 입갤 ㅋㅋㅋㅋㅋ 잘하나싶더니 병신 ㅋㅋㅋ,0.12950670719146729,0.0735919177532196,0.32009437680244446,0.14399434626102448,0.26447898149490356,0.068333700299263
2024-05-19 22:29:11,개인적 느낌,"피아제 계속 뒤쫒다가
타이어 죽어서
병신 나간곳에서 박고 셒카 뜰꺼 같음
- dc official App",19,19.0,"개인적 느낌 피아제 계속 뒤쫒다가
타이어 죽어서
병신 나간곳에서 박고 셒카 뜰꺼 같음
- dc official App",개인적 느낌 피아제 계속 뒤쫒다가 타이어 죽어서 병신 나간곳에서 박고 셒카 뜰꺼 같음,0.13663071393966675,0.10814755409955978,0.196600079536438,0.34769150614738464,0.09337050467729568,0.11755962669849396
2024-05-19 22:29:12,체코는 '실수가 용납되지 않는 서킷'이 뭔지 알려준겁니다,"병신이라고 욕하지 말고
정말 고마워, 체코야~라고 말해주세요",19,19.0,"체코는 '실수가 용납되지 않는 서킷'이 뭔지 알려준겁니다 병신이라고 욕하지 말고
정말 고마워, 체코야~라고 말해주세요","체코는 '실수가 용납되지 않는 서킷'이 뭔지 알려준겁니다 병신이라고 욕하지 말고 정말 고마워, 체코야~라고 말해주세요",0.08842486888170242,0.09300385415554047,0.20852531492710114,0.13200297951698303,0.3958010673522949,0.08224187791347504
2024-05-19 22:29:13,저새낀 걍 ㅋㅋㅋㅋ 리카도가 훨 나을거같노,,19,19.0,저새낀 걍 ㅋㅋㅋㅋ 리카도가 훨 나을거같노 ,저새낀 걍 ㅋㅋㅋㅋ 리카도가 훨 나을거같노,0.1843586564064026,0.1368151307106018,0.24785789847373962,0.25896692276000977,0.07421403378248215,0.09778731316328049
2024-05-19 22:29:13,프랙때 잠깐 설렜던 티포시들은 개추 ㅋㅋ,,19,19.0,프랙때 잠깐 설렜던 티포시들은 개추 ㅋㅋ ,프랙때 잠깐 설렜던 티포시들은 개추 ㅋㅋ,0.051625609397888184,0.038365479558706284,0.11263271421194077,0.05786096304655075,0.7140105366706848,0.02550465613603592
2024-05-19 22:29:15,막스를 도와주겠어,"자 이제 도와주러 가볼까?
에휴 씨발 저 병신새끼 지 앞가림도 못하면서...
- dc official App",19,19.0,"막스를 도와주겠어 자 이제 도와주러 가볼까?
에휴 씨발 저 병신새끼 지 앞가림도 못하면서...
- dc official App",막스를 도와주겠어 자 이제 도와주러 가볼까? 에휴 씨발 저 병신새끼 지 앞가림도 못하면서...,0.24243316054344177,0.18832410871982574,0.17162393033504486,0.21941541135311127,0.07770424336194992,0.1004992350935936
2024-05-19 22:29:17,진짜 체코는 전설이다,"이번주에 저실수 몇번하냐 ㅅㅂㅋㅋㅋㅋㅋ
닌 그냥 f1 그만두고 유망주한테 자리 줘라 진짜",19,19.0,"진짜 체코는 전설이다 이번주에 저실수 몇번하냐 ㅅㅂㅋㅋㅋㅋㅋ
닌 그냥 f1 그만두고 유망주한테 자리 줘라 진짜",진짜 체코는 전설이다 이번주에 저실수 몇번하냐 ㅅㅂㅋㅋㅋㅋㅋ 닌 그냥 f1 그만두고 유망주한테 자리 줘라 진짜,0.22992047667503357,0.15301954746246338,0.2070818543434143,0.2199874371290207,0.07779800891876221,0.11219267547130585
2024-05-19 22:29:20,맥라렌 크루,"얼굴색이 어둡노
- dc official App",19,19.0,"맥라렌 크루 얼굴색이 어둡노
- dc official App",맥라렌 크루 얼굴색이 어둡노,0.10925278067588806,0.07938627898693085,0.22716663777828217,0.30341899394989014,0.177814781665802,0.1029604822397232
2024-05-19 22:29:25,방금 기습 야리돌림 뭐노 ㅋㅋㅋㅋ,4.9 slower ㅇㅈㄹ ㅋㅋㅋㅋ,19,19.0,방금 기습 야리돌림 뭐노 ㅋㅋㅋㅋ 4.9 slower ㅇㅈㄹ ㅋㅋㅋㅋ,방금 기습 야리돌림 뭐노 ㅋㅋㅋㅋ 4.9 slower ㅇㅈㄹ ㅋㅋㅋㅋ,0.19136165082454681,0.08579175919294357,0.24712325632572174,0.24385088682174683,0.13444212079048157,0.09743036329746246
2024-05-19 22:29:26,얼마나 노잼이었으면 체코쇼로 두페이지ㅋㅋㅋ,다들 심심했음ㅋㅋㅋ,19,19.0,얼마나 노잼이었으면 체코쇼로 두페이지ㅋㅋㅋ 다들 심심했음ㅋㅋㅋ,얼마나 노잼이었으면 체코쇼로 두페이지ㅋㅋㅋ 다들 심심했음ㅋㅋㅋ,0.18525800108909607,0.1591048240661621,0.3056497573852539,0.14368171989917755,0.14037664234638214,0.0659291073679924
2024-05-19 22:29:32,그냥 체코도 핏크루 해라,아니다 그것도 못할듯,19,19.0,그냥 체코도 핏크루 해라 아니다 그것도 못할듯,그냥 체코도 핏크루 해라 아니다 그것도 못할듯,0.11290199309587479,0.16779208183288574,0.29863807559013367,0.2671538293361664,0.08109258115291595,0.07242141664028168
2024-05-19 22:29:34,병신 << 몽골견 goat,,19,19.0,병신 << 몽골견 goat ,병신 << 몽골견 goat,0.08469869196414948,0.042223770171403885,0.1772308200597763,0.16029711067676544,0.49281057715415955,0.042739033699035645
2024-05-19 22:29:48,진짜 이렇게 노잼레이스는 오랜만인데,아 그냥 잘까,19,19.0,진짜 이렇게 노잼레이스는 오랜만인데 아 그냥 잘까,진짜 이렇게 노잼레이스는 오랜만인데 아 그냥 잘까,0.2029094398021698,0.1959880143404007,0.28447282314300537,0.13472823798656464,0.11046573519706726,0.07143575698137283
2024-05-19 22:29:58,존나 재미없네,좆몰라,19,19.0,존나 재미없네 좆몰라,존나 재미없네 좆몰라,0.20050710439682007,0.15168572962284088,0.3017983138561249,0.15902040898799896,0.12698504328727722,0.06000332534313202
2024-05-19 22:30:00,사인츠 리프팅턴 하냐? ㅋㅋㅋ,- dc official App,20,20.0,사인츠 리프팅턴 하냐? ㅋㅋㅋ - dc official App,사인츠 리프팅턴 하냐? ㅋㅋㅋ - dc official App,0.13245302438735962,0.05455894395709038,0.22946931421756744,0.23980283737182617,0.2826153635978699,0.06110053509473801
2024-05-19 22:30:00,님들은 버퍼 업ㄱ나요??,오늘 유독 심하네,20,20.0,님들은 버퍼 업ㄱ나요?? 오늘 유독 심하네,님들은 버퍼 업ㄱ나요?? 오늘 유독 심하네,0.16938024759292603,0.13035841286182404,0.30445411801338196,0.2213253527879715,0.07361456751823425,0.10086724162101746
2024-05-19 22:30:00,병신 또 소환,ㅋㅋㅋㅋㅋㅋㅋㅋㅋㅋㅋ,20,20.0,병신 또 소환 ㅋㅋㅋㅋㅋㅋㅋㅋㅋㅋㅋ,병신 또 소환 ㅋㅋㅋㅋㅋㅋㅋㅋㅋㅋㅋ,0.07592712342739105,0.03444652631878853,0.17354950308799744,0.11359870433807373,0.5703805685043335,0.03209760785102844
2024-05-19 22:30:05,체코 극딜 개웃기네 ㅋㅋㅋ,또너야!,20,20.0,체코 극딜 개웃기네 ㅋㅋㅋ 또너야!,체코 극딜 개웃기네 ㅋㅋㅋ 또너야!,0.060495585203170776,0.030266709625720978,0.14416255056858063,0.1114385649561882,0.6209730505943298,0.032663583755493164
2024-05-19 22:30:06,5.8초 ㅋㅋㅋㅋ,,20,20.0,5.8초 ㅋㅋㅋㅋ ,5.8초 ㅋㅋㅋㅋ,0.10297536849975586,0.042847953736782074,0.2083694189786911,0.18298836052417755,0.4103545546531677,0.05246441438794136
2024-05-19 22:30:19,정은이가 이몰라에 뭐 쏴주먄 안대냐,좆노잼이노,20,20.0,정은이가 이몰라에 뭐 쏴주먄 안대냐 좆노잼이노,정은이가 이몰라에 뭐 쏴주먄 안대냐 좆노잼이노,0.22192107141017914,0.18516352772712708,0.2859079837799072,0.13174697756767273,0.11460550874471664,0.060654886066913605
2024-05-19 22:30:21,곧 6초대,어우,20,20.0,곧 6초대 어우,곧 6초대 어우,0.12800540030002594,0.07597025483846664,0.23058035969734192,0.2855583131313324,0.14949794113636017,0.1303877830505371
2024-05-19 22:30:22,기❗+습❗+이❗+륙,- dc official App,20,20.0,기❗+습❗+이❗+륙 - dc official App,기❗+습❗+이❗+륙 - dc official App,0.09434980154037476,0.05286896601319313,0.19013559818267822,0.17900535464286804,0.44895222783088684,0.03468798100948334
2024-05-19 22:30:25,+6초,,20,20.0,+6초 ,+6초,0.09931690990924835,0.0584905780851841,0.2211049497127533,0.18821978569030762,0.38521474599838257,0.04765307903289795
2024-05-19 22:30:27,6초 입갤,아,20,20.0,6초 입갤 아,6초 입갤 아,0.1255141645669937,0.1009426862001419,0.3192876875400543,0.17761658132076263,0.20552211999893188,0.07111670076847076
2024-05-19 22:30:27,몽골 이새끼 스타트 할때 차 삐딱하게 세워놨었네 ㅋㅋㅋ,차 방향 좀 틀어져있는데,20,20.0,몽골 이새끼 스타트 할때 차 삐딱하게 세워놨었네 ㅋㅋㅋ 차 방향 좀 틀어져있는데,몽골 이새끼 스타트 할때 차 삐딱하게 세워놨었네 ㅋㅋㅋ 차 방향 좀 틀어져있는데,0.2260756641626358,0.09547599405050278,0.20407027006149292,0.26422566175460815,0.10267049074172974,0.10748187452554703
2024-05-19 22:30:27,러셀은 올해 카메라 잡히는 일이 없네,뤳플랙 뤳플랙 말곤,20,20.0,러셀은 올해 카메라 잡히는 일이 없네 뤳플랙 뤳플랙 말곤,러셀은 올해 카메라 잡히는 일이 없네 뤳플랙 뤳플랙 말곤,0.13425064086914062,0.1987912803888321,0.34958574175834656,0.1527080535888672,0.09920143336057663,0.06546290963888168
2024-05-19 22:30:28,중국...마이애미....그립읍니다ㅜㅜㅜ,돌아와,20,20.0,중국...마이애미....그립읍니다ㅜㅜㅜ 돌아와,중국...마이애미....그립읍니다ㅜㅜㅜ 돌아와,0.1349000185728073,0.17418478429317474,0.23314091563224792,0.13400375843048096,0.24663764238357544,0.07713295519351959
2024-05-19 22:30:31,메르세데스는 둘이 오붓하노 ㅋㅋ,,20,20.0,메르세데스는 둘이 오붓하노 ㅋㅋ ,메르세데스는 둘이 오붓하노 ㅋㅋ,0.058506909757852554,0.03819037973880768,0.1405082643032074,0.09177742153406143,0.6360964179039001,0.034920576959848404
2024-05-19 22:30:35,사실 사고 안나면 좆노잼 서킷이긴해,"좆나코도 기대되네 노잼력
- dc official App",20,20.0,"사실 사고 안나면 좆노잼 서킷이긴해 좆나코도 기대되네 노잼력
- dc official App",사실 사고 안나면 좆노잼 서킷이긴해 좆나코도 기대되네 노잼력,0.16750717163085938,0.14832860231399536,0.3286133110523224,0.18214203417301178,0.10918094962835312,0.06422799080610275
2024-05-19 22:30:37,45위는 카메라 나오는순간순간이 재방송이노 ㅋㅋ,DRS빨고 따라가다싶더라도 코너몇개돌면 다시 제자리 ㅋㅋㅋㅋㅋㅋㅋ,20,20.0,45위는 카메라 나오는순간순간이 재방송이노 ㅋㅋ DRS빨고 따라가다싶더라도 코너몇개돌면 다시 제자리 ㅋㅋㅋㅋㅋㅋㅋ,45위는 카메라 나오는순간순간이 재방송이노 ㅋㅋ DRS빨고 따라가다싶더라도 코너몇개돌면 다시 제자리 ㅋㅋㅋㅋㅋㅋㅋ,0.15257935225963593,0.10905303061008453,0.3190893828868866,0.1838027685880661,0.14971710741519928,0.08575832843780518
2024-05-19 22:30:43,현시각 페라리 <<- 둘다 좆됨.,"르끌은 노리스랑 2초대로 벌어지고
사인지는 르끌이랑 3초대 중반까지 벌어짐.
피아제는 맹추격중",20,20.0,"현시각 페라리 <<- 둘다 좆됨. 르끌은 노리스랑 2초대로 벌어지고
사인지는 르끌이랑 3초대 중반까지 벌어짐.
피아제는 맹추격중",현시각 페라리 <<- 둘다 좆됨. 르끌은 노리스랑 2초대로 벌어지고 사인지는 르끌이랑 3초대 중반까지 벌어짐. 피아제는 맹추격중,0.13357152044773102,0.1351005584001541,0.2746262550354004,0.26841679215431213,0.08490817248821259,0.10337673127651215
2024-05-19 22:30:59,오늘같은 날 직관이 ㅈㄴ 재밌긴 할듯,"2,3초에 한대씩 계속 지나가니까",20,20.0,"오늘같은 날 직관이 ㅈㄴ 재밌긴 할듯 2,3초에 한대씩 계속 지나가니까","오늘같은 날 직관이 ㅈㄴ 재밌긴 할듯 2,3초에 한대씩 계속 지나가니까",0.06811290979385376,0.035062599927186966,0.14125049114227295,0.103486068546772,0.6215793490409851,0.030508626252412796
2024-05-19 22:31:00,"월챔, 날다",,20,20.0,"월챔, 날다 ","월챔, 날다",0.05902158096432686,0.035524215549230576,0.10892974585294724,0.0794660821557045,0.6930147409439087,0.02404363825917244
2024-05-19 22:31:01,막스 날다 ㅋㅋㅋㅋ,,20,20.0,막스 날다 ㅋㅋㅋㅋ ,막스 날다 ㅋㅋㅋㅋ,0.05456468462944031,0.03262369707226753,0.11263830959796906,0.07389097660779953,0.7003623843193054,0.02591998688876629
2024-05-19 22:31:03,메르 어제랑 리버리가 다른거 같은데,- dc official App,20,20.0,메르 어제랑 리버리가 다른거 같은데 - dc official App,메르 어제랑 리버리가 다른거 같은데 - dc official App,0.10129788517951965,0.06851900368928909,0.24205031991004944,0.3223190903663635,0.19713449478149414,0.06867920607328415
2024-05-19 22:31:03,막스 졸음운전 ㅋㅋ,,20,20.0,막스 졸음운전 ㅋㅋ ,막스 졸음운전 ㅋㅋ,0.10429035872220993,0.06470158696174622,0.3148491084575653,0.17314250767230988,0.2775592505931854,0.06545712053775787
2024-05-19 22:31:03,막스도 이륙했네ㅋㅋㅋㅋㅋㅋㅋㅋㅋㅋ,,20,20.0,막스도 이륙했네ㅋㅋㅋㅋㅋㅋㅋㅋㅋㅋ ,막스도 이륙했네ㅋㅋㅋㅋㅋㅋㅋㅋㅋㅋ,0.05337046831846237,0.029491577297449112,0.13447393476963043,0.09558834135532379,0.6534428000450134,0.03363284096121788
2024-05-19 22:31:15,막스 날개달얐노 ㅋㅋㅋㅋ,,20,20.0,막스 날개달얐노 ㅋㅋㅋㅋ ,막스 날개달얐노 ㅋㅋㅋㅋ,0.05093627795577049,0.03155171871185303,0.12168741226196289,0.08918467164039612,0.6739467978477478,0.032693050801754
2024-05-19 22:31:17,사실 체코가 정상이고 막스가 괴물 아닐까?,레드불 머신이 그렇게 성능이 좋은게 아닌건 아닐까?,20,20.0,사실 체코가 정상이고 막스가 괴물 아닐까? 레드불 머신이 그렇게 성능이 좋은게 아닌건 아닐까?,사실 체코가 정상이고 막스가 괴물 아닐까? 레드불 머신이 그렇게 성능이 좋은게 아닌건 아닐까?,0.13059978187084198,0.07576198130846024,0.21509994566440582,0.36455512046813965,0.10253475606441498,0.11144844442605972
2024-05-19 22:31:18,막스 저거 차단봉 밟고 또 플로어 부셔지면 안되나,마이애미 어게인 드가자,20,20.0,막스 저거 차단봉 밟고 또 플로어 부셔지면 안되나 마이애미 어게인 드가자,막스 저거 차단봉 밟고 또 플로어 부셔지면 안되나 마이애미 어게인 드가자,0.11861929297447205,0.09517436474561691,0.20088079571723938,0.20666469633579254,0.28261885046958923,0.09604194760322571
2024-05-19 22:31:18,체코콘 소재 많이 생겼노 ㅋㅋ,,20,20.0,체코콘 소재 많이 생겼노 ㅋㅋ ,체코콘 소재 많이 생겼노 ㅋㅋ,0.049990419298410416,0.033602986484766006,0.12537795305252075,0.07413654774427414,0.6914917230606079,0.025400402024388313
2024-05-19 22:31:19,플라잉 더치맨 ㅋㅋ,ㅋㅋ,20,20.0,플라잉 더치맨 ㅋㅋ ㅋㅋ,플라잉 더치맨 ㅋㅋ ㅋㅋ,0.05846673250198364,0.03197730332612991,0.11200413107872009,0.07443547993898392,0.6998754739761353,0.023240888491272926
2024-05-19 22:31:20,막스 리프팅턴 ㅋㅋㅋ,- dc official App,20,20.0,막스 리프팅턴 ㅋㅋㅋ - dc official App,막스 리프팅턴 ㅋㅋㅋ - dc official App,0.07018981873989105,0.034383710473775864,0.12741099298000336,0.10464243590831757,0.6374521851539612,0.025920892134308815
2024-05-19 22:31:20,레드불 날개를 달아줘요,"(진짜 닮)
Oracle Red Bull Racing RB20",20,20.0,"레드불 날개를 달아줘요 (진짜 닮)
Oracle Red Bull Racing RB20",레드불 날개를 달아줘요 (진짜 닮) Oracle Red Bull Racing RB20,0.06674698740243912,0.03803075850009918,0.1383560746908188,0.10399264097213745,0.6178081631660461,0.035065364092588425
2024-05-19 22:31:20,몽골은 63랩때만 보여줘라 십년들아,,20,20.0,몽골은 63랩때만 보여줘라 십년들아 ,몽골은 63랩때만 보여줘라 십년들아,0.3149285912513733,0.12382199615240097,0.21337778866291046,0.14943434298038483,0.1462964415550232,0.052140798419713974
2024-05-19 22:31:19,이번 레이스 좆노잼인 증거,엪갤 포디움에도 못 들고 있음,20,20.0,이번 레이스 좆노잼인 증거 엪갤 포디움에도 못 들고 있음,이번 레이스 좆노잼인 증거 엪갤 포디움에도 못 들고 있음,0.16742025315761566,0.1684233546257019,0.3037196695804596,0.19374650716781616,0.10469400882720947,0.0619962103664875
2024-05-19 22:31:22,플라잉 더치맨ㅋㅋ,ㄱㄱㄱㅋ,21,21.0,플라잉 더치맨ㅋㅋ ㄱㄱㄱㅋ,플라잉 더치맨ㅋㅋ ㄱㄱㄱㅋ,0.05994189903140068,0.032753609120845795,0.1136743426322937,0.07342188060283661,0.6968454122543335,0.023362811654806137
2024-05-19 22:31:23,몽골 제발 플로어이상 제발 플로어 이상,,21,21.0,몽골 제발 플로어이상 제발 플로어 이상 ,몽골 제발 플로어이상 제발 플로어 이상,0.14702291786670685,0.17718948423862457,0.2536075711250305,0.16438764333724976,0.17972607910633087,0.07806632667779922
2024-05-19 22:31:29,역시 날라가는 월챔,크,21,21.0,역시 날라가는 월챔 크,역시 날라가는 월챔 크,0.054308585822582245,0.036163900047540665,0.1291528046131134,0.07704180479049683,0.6715431213378906,0.03178969770669937
2024-05-19 22:31:30,ㅋㅋㅋㅋㅋ날다,ㅇ,21,21.0,ㅋㅋㅋㅋㅋ날다 ㅇ,ㅋㅋㅋㅋㅋ날다 ㅇ,0.054739728569984436,0.03342257812619209,0.11096121370792389,0.07004626095294952,0.7070211172103882,0.023809121921658516
2024-05-19 22:31:32,앗 잠시만요,- dc official App,21,21.0,앗 잠시만요 - dc official App,앗 잠시만요 - dc official App,0.06750637292861938,0.043367210775613785,0.1974935084581375,0.1727931946516037,0.47481420636177063,0.04402551054954529
2024-05-19 22:31:37,오늘 많이들 날아가네 ㅋㅋㅋ,재밌노 ㅋㅋㅋ,21,21.0,오늘 많이들 날아가네 ㅋㅋㅋ 재밌노 ㅋㅋㅋ,오늘 많이들 날아가네 ㅋㅋㅋ 재밌노 ㅋㅋㅋ,0.053301483392715454,0.03560778126120567,0.10615739226341248,0.06183682009577751,0.719490110874176,0.02360631711781025
2024-05-19 22:31:38,노리스 존나 잘탄다,ㅇㅇ,21,21.0,노리스 존나 잘탄다 ㅇㅇ,노리스 존나 잘탄다 ㅇㅇ,0.051945045590400696,0.03823306784033775,0.12801940739154816,0.07782883197069168,0.6695761680603027,0.03439745679497719
2024-05-19 22:31:42,츠노다 오늘 페이스 빠르네,"서킷도 잘 맞는 건가
- dc official App",21,21.0,"츠노다 오늘 페이스 빠르네 서킷도 잘 맞는 건가
- dc official App",츠노다 오늘 페이스 빠르네 서킷도 잘 맞는 건가,0.0626547634601593,0.039778295904397964,0.2019529938697815,0.17849552631378174,0.45756790041923523,0.05955046787858009
2024-05-19 22:31:43,사전트 핏 했나?,"+ dc official App
- dc official App",21,21.0,"사전트 핏 했나? + dc official App
- dc official App",사전트 핏 했나? + dc official App,0.08361529558897018,0.05022137612104416,0.21242888271808624,0.26405930519104004,0.3301050364971161,0.05957012251019478
2024-05-19 22:31:47,잠오네 ㅅㅂ,- dc official App,21,21.0,잠오네 ㅅㅂ - dc official App,잠오네 ㅅㅂ - dc official App,0.24863196909427643,0.15388260781764984,0.2296476662158966,0.11787775903940201,0.20422276854515076,0.04573715850710869
2024-05-19 22:31:58,응 내가 먼저했어,"느리다 몽골
- dc official App",21,21.0,"응 내가 먼저했어 느리다 몽골
- dc official App",응 내가 먼저했어 느리다 몽골,0.12266252934932709,0.1182614266872406,0.3497842848300934,0.15197649598121643,0.18616081774234772,0.07115448266267776
2024-05-19 22:32:04,똥차 전문가 알본도 못살리는 윌리엄스 ㅋㅋㅋㅋ,ㅇㅇ,21,21.0,똥차 전문가 알본도 못살리는 윌리엄스 ㅋㅋㅋㅋ ㅇㅇ,똥차 전문가 알본도 못살리는 윌리엄스 ㅋㅋㅋㅋ ㅇㅇ,0.18254411220550537,0.08538711071014404,0.23477739095687866,0.3014780879020691,0.09290691465139389,0.10290640592575073
2024-05-19 22:32:05,피아제 패널티 없었으면,막스 따라갔으려나,21,21.0,피아제 패널티 없었으면 막스 따라갔으려나,피아제 패널티 없었으면 막스 따라갔으려나,0.12033537775278091,0.15170949697494507,0.28661835193634033,0.26074686646461487,0.0887257531285286,0.09186416864395142
2024-05-19 22:32:01,레드불이 날개를 달아줘요!.jpg,"페레즈
막스",21,21.0,"레드불이 날개를 달아줘요!.jpg 페레즈
막스",레드불이 날개를 달아줘요!.jpg 페레즈 막스,0.05352453887462616,0.03721505403518677,0.1251215636730194,0.07354339957237244,0.680305540561676,0.030289841815829277
2024-05-19 22:32:06,막징징,,21,21.0,막징징 ,막징징,0.15426650643348694,0.11907613277435303,0.27227845788002014,0.13056793808937073,0.273541122674942,0.05026978254318237
2024-05-19 22:32:06,???: 나는 파일럿 놀이 하고 싶을 때 시케인에서 날아,,21,21.0,???: 나는 파일럿 놀이 하고 싶을 때 시케인에서 날아 ,???: 나는 파일럿 놀이 하고 싶을 때 시케인에서 날아,0.10400724411010742,0.06474687159061432,0.20901234447956085,0.120549775660038,0.45580172538757324,0.045882102102041245
2024-05-19 22:32:08,피곤하다,아,21,21.0,피곤하다 아,피곤하다 아,0.22955107688903809,0.19157402217388153,0.23526397347450256,0.11946949362754822,0.1700221598148346,0.05411931872367859
2024-05-19 22:32:16,막스 지루해서 잠깐 정신놨노 ㅋㅋ,퀄리때 도파민 폭발했다가 레이스땐 너무 무난하니 ㅋㅋ,21,21.0,막스 지루해서 잠깐 정신놨노 ㅋㅋ 퀄리때 도파민 폭발했다가 레이스땐 너무 무난하니 ㅋㅋ,막스 지루해서 잠깐 정신놨노 ㅋㅋ 퀄리때 도파민 폭발했다가 레이스땐 너무 무난하니 ㅋㅋ,0.14082202315330505,0.13011838495731354,0.30092716217041016,0.1269114911556244,0.24647216498851776,0.054748762398958206
2024-05-19 22:32:24,어어 마이애미 보인다보여,- dc official App,21,21.0,어어 마이애미 보인다보여 - dc official App,어어 마이애미 보인다보여 - dc official App,0.06488708406686783,0.03217791020870209,0.18053589761257172,0.17633555829524994,0.4988706707954407,0.047192905098199844
2024-05-19 22:32:26,스타트 하드가 누구였드라,"일단 병신은 기억나는대
- dc official App",21,21.0,"스타트 하드가 누구였드라 일단 병신은 기억나는대
- dc official App",스타트 하드가 누구였드라 일단 병신은 기억나는대,0.0884813517332077,0.046223629266023636,0.2269759178161621,0.2767007052898407,0.2856948971748352,0.07592342793941498
2024-05-19 22:32:28,스타팅 말고 추월 나왔냐?,"아직 없지?
- dc official App",21,21.0,"스타팅 말고 추월 나왔냐? 아직 없지?
- dc official App",스타팅 말고 추월 나왔냐? 아직 없지?,0.10336961597204208,0.07387611269950867,0.22503982484340668,0.35131677985191345,0.14068733155727386,0.10571035742759705
2024-05-19 22:32:29,막스 또 카메라좀 찍어달라고하네,제곧내,21,21.0,막스 또 카메라좀 찍어달라고하네 제곧내,막스 또 카메라좀 찍어달라고하네 제곧내,0.0628080889582634,0.046324413269758224,0.2012598067522049,0.15046794712543488,0.4701966941356659,0.06894299387931824
2024-05-19 22:32:30,저새끼 저래도 존나 빠르잖아,어휴,21,21.0,저새끼 저래도 존나 빠르잖아 어휴,저새끼 저래도 존나 빠르잖아 어휴,0.2774229943752289,0.15362678468227386,0.20127271115779877,0.1893143355846405,0.08578167110681534,0.09258155524730682
2024-05-19 22:32:32,니들 그거 앎?,"다음 레이스 모나코임ㅋㅋㅋㅋㅋ
2주연속 좆노잼 레츠고",21,21.0,"니들 그거 앎? 다음 레이스 모나코임ㅋㅋㅋㅋㅋ
2주연속 좆노잼 레츠고",니들 그거 앎? 다음 레이스 모나코임ㅋㅋㅋㅋㅋ 2주연속 좆노잼 레츠고,0.19476649165153503,0.1498495638370514,0.2888551354408264,0.1875956952571869,0.10810785740613937,0.07082529366016388
2024-05-19 22:32:34,저게 퀄리끝나고 르망뛴 애 맞냐?,,21,21.0,저게 퀄리끝나고 르망뛴 애 맞냐? ,저게 퀄리끝나고 르망뛴 애 맞냐?,0.15730659663677216,0.08674909174442291,0.20149940252304077,0.3498533368110657,0.09348933398723602,0.11110223084688187
2024-05-19 22:32:40,다음 모나코도 이정도 노잼일꺼 아녀,믿을껀 대 병 신 뿐,21,21.0,다음 모나코도 이정도 노잼일꺼 아녀 믿을껀 대 병 신 뿐,다음 모나코도 이정도 노잼일꺼 아녀 믿을껀 대 병 신 뿐,0.20463265478610992,0.22218020260334015,0.25193044543266296,0.1620630919933319,0.08369660377502441,0.07549699395895004
2024-05-19 22:32:41,진주만공습 ㄷㄷㄷㄷㄷㄷㄷㄷㄷㄷ,e,21,21.0,진주만공습 ㄷㄷㄷㄷㄷㄷㄷㄷㄷㄷ e,진주만공습 ㄷㄷㄷㄷㄷㄷㄷㄷㄷㄷ e,0.14317989349365234,0.06818501651287079,0.17951397597789764,0.34056356549263,0.14137700200080872,0.12718062102794647
2024-05-19 22:32:46,진주만 시작ㅋㅋ,ㄱㅋ,22,22.0,진주만 시작ㅋㅋ ㄱㅋ,진주만 시작ㅋㅋ ㄱㅋ,0.05473111569881439,0.032118286937475204,0.10876564681529999,0.0751238539814949,0.7050474286079407,0.02421359159052372
2024-05-19 22:32:49,알딸피는 동향 후배 위해서 은퇴하자 이제,자우버도 못잡냐고,22,22.0,알딸피는 동향 후배 위해서 은퇴하자 이제 자우버도 못잡냐고,알딸피는 동향 후배 위해서 은퇴하자 이제 자우버도 못잡냐고,0.19868077337741852,0.22271917760372162,0.24165350198745728,0.1876579225063324,0.07069104164838791,0.0785975307226181
2024-05-19 22:32:51,베르스타펜 피트스탑 언제 하냐?,타이어 괜찮냐?,22,22.0,베르스타펜 피트스탑 언제 하냐? 타이어 괜찮냐?,베르스타펜 피트스탑 언제 하냐? 타이어 괜찮냐?,0.10012998431921005,0.08522439748048782,0.23150815069675446,0.318088561296463,0.18205468356609344,0.08299420028924942
2024-05-19 22:32:54,저 새끼는 어차피 매 랩마다 날아도 1등임 ㅇㅇ,,22,22.0,저 새끼는 어차피 매 랩마다 날아도 1등임 ㅇㅇ ,저 새끼는 어차피 매 랩마다 날아도 1등임 ㅇㅇ,0.12984471023082733,0.06823573261499405,0.170304074883461,0.22623099386692047,0.3095151484012604,0.09586929529905319
2024-05-19 22:33:03,갤주 대기중,,22,22.0,갤주 대기중 ,갤주 대기중,0.06636729091405869,0.04704546928405762,0.15162336826324463,0.09933555126190186,0.5958249568939209,0.03980347514152527
2024-05-19 22:33:03,힘들지 않아 거친세상에뛰어든건 나니까 암오케,"원본
- dc official App",22,22.0,"힘들지 않아 거친세상에뛰어든건 나니까 암오케 원본
- dc official App",힘들지 않아 거친세상에뛰어든건 나니까 암오케 원본,0.07656685262918472,0.08024521172046661,0.15935544669628143,0.10246496647596359,0.5241269469261169,0.05724060535430908
2024-05-19 22:33:27,진주만드립은 미쳤나 ㅋㅋㅋ,뭔개소린가했네,22,22.0,진주만드립은 미쳤나 ㅋㅋㅋ 뭔개소린가했네,진주만드립은 미쳤나 ㅋㅋㅋ 뭔개소린가했네,0.1782570630311966,0.1022971048951149,0.2667759358882904,0.2402186542749405,0.11164321005344391,0.1008080318570137
2024-05-19 22:33:33,만약에 막스 핏스탑때,"휠넛갈리면 오늘아파트에서 누구 죽냐?
- dc official App",22,22.0,"만약에 막스 핏스탑때 휠넛갈리면 오늘아파트에서 누구 죽냐?
- dc official App",만약에 막스 핏스탑때 휠넛갈리면 오늘아파트에서 누구 죽냐?,0.12795497477054596,0.0902915894985199,0.19554200768470764,0.3316008448600769,0.12724271416664124,0.12736785411834717
2024-05-19 22:33:42,이몰라 캘린더에서 없애버려라,악의 서킷이다,22,22.0,이몰라 캘린더에서 없애버려라 악의 서킷이다,이몰라 캘린더에서 없애버려라 악의 서킷이다,0.3092741370201111,0.17711888253688812,0.16715969145298004,0.11558009684085846,0.18747037649154663,0.04339678958058357
2024-05-19 22:33:57,핏스탑말고 순수추월 있었음?,이런 개노잼은 처음ㅜ,22,22.0,핏스탑말고 순수추월 있었음? 이런 개노잼은 처음ㅜ,핏스탑말고 순수추월 있었음? 이런 개노잼은 처음ㅜ,0.17743819952011108,0.1748833805322647,0.3177655339241028,0.16259171068668365,0.09859675168991089,0.06872435659170151
2024-05-19 22:34:03,"알딸피: 리어 타이어 과열 됨, 리프트 맨 코스트코 하셈",진짜 업그레이드 하지마라 시발,22,22.0,"알딸피: 리어 타이어 과열 됨, 리프트 맨 코스트코 하셈 진짜 업그레이드 하지마라 시발","알딸피: 리어 타이어 과열 됨, 리프트 맨 코스트코 하셈 진짜 업그레이드 하지마라 시발",0.2936131954193115,0.2051667869091034,0.20055188238620758,0.12770573794841766,0.1355385035276413,0.03742395341396332
2024-05-19 22:34:09,똠 10촠ㅋㅋㅋㅋㅋㅋㅋ,,23,23.0,똠 10촠ㅋㅋㅋㅋㅋㅋㅋ ,똠 10촠ㅋㅋㅋㅋㅋㅋㅋ,0.06992678344249725,0.03382188081741333,0.13829627633094788,0.11268758028745651,0.6182300448417664,0.027037374675273895
2024-05-19 22:34:12,알본 10초 받노ㅠㅠ,,23,23.0,알본 10초 받노ㅠㅠ ,알본 10초 받노ㅠㅠ,0.18223726749420166,0.25907108187675476,0.2827647924423218,0.11994552612304688,0.10722047090530396,0.048760879784822464
2024-05-19 22:34:13,좆본 페널티 ㅋㅋㅋㅋ,,23,23.0,좆본 페널티 ㅋㅋㅋㅋ ,좆본 페널티 ㅋㅋㅋㅋ,0.21590635180473328,0.08426840603351593,0.18782711029052734,0.1568283587694168,0.2857969403266907,0.06937284022569656
2024-05-19 22:34:12,알본 패널티 ㅋㅋ,,23,23.0,알본 패널티 ㅋㅋ ,알본 패널티 ㅋㅋ,0.17080838978290558,0.08144070953130722,0.27037760615348816,0.19501885771751404,0.20891068875789642,0.07344374060630798
2024-05-19 22:34:20,근데 츠노다 <<- 역대 일본 드라이버중에 제일 JOAT아님?,다른 역대 일본 드라이버 보면 포디움도 들고 그러던데,23,23.0,근데 츠노다 <<- 역대 일본 드라이버중에 제일 JOAT아님? 다른 역대 일본 드라이버 보면 포디움도 들고 그러던데,근데 츠노다 <<- 역대 일본 드라이버중에 제일 JOAT아님? 다른 역대 일본 드라이버 보면 포디움도 들고 그러던데,0.1288633495569229,0.05546421557664871,0.20756672322750092,0.37616798281669617,0.1311955749988556,0.10074208676815033
2024-05-19 22:34:21,좆본 10초ㅋㅋㅋㅋㅋㅋㅋㅋㅋㅋㅋ,ㅋㅋㅋㅋㅋㅋㅋㅋㅋㅋㅋㅋ,23,23.0,좆본 10초ㅋㅋㅋㅋㅋㅋㅋㅋㅋㅋㅋ ㅋㅋㅋㅋㅋㅋㅋㅋㅋㅋㅋㅋ,좆본 10초ㅋㅋㅋㅋㅋㅋㅋㅋㅋㅋㅋ ㅋㅋㅋㅋㅋㅋㅋㅋㅋㅋㅋㅋ,0.15149971842765808,0.060196902602910995,0.21310976147651672,0.1560181826353073,0.3641795814037323,0.0549958311021328
2024-05-19 22:34:24,10초 ㅋㅋㅋㅋㅋ,,23,23.0,10초 ㅋㅋㅋㅋㅋ ,10초 ㅋㅋㅋㅋㅋ,0.07998527586460114,0.03993204981088638,0.16062931716442108,0.11759835481643677,0.5665976405143738,0.03525732830166817
2024-05-19 22:34:28,아 하필 병신 뒤냐,,23,23.0,아 하필 병신 뒤냐 ,아 하필 병신 뒤냐,0.1939966082572937,0.18502655625343323,0.30372199416160583,0.17330893874168396,0.09071284532546997,0.05323300138115883
2024-05-19 22:34:31,+1분 20초ㅋㅋㅋㅋ,,23,23.0,+1분 20초ㅋㅋㅋㅋ ,+1분 20초ㅋㅋㅋㅋ,0.07064838707447052,0.040273576974868774,0.1357724964618683,0.08990252763032913,0.6338415145874023,0.029561467468738556
2024-05-19 22:34:34,체코 이스 어 레전드,막아라,23,23.0,체코 이스 어 레전드 막아라,체코 이스 어 레전드 막아라,0.15973049402236938,0.1183602586388588,0.240960031747818,0.2706123888492584,0.1472214162349701,0.0631154477596283
2024-05-19 22:34:34,알본은 ㅅㅂ ㅋㅋㅋㅋㅋ,불쌍한데 페널티는 빼줘라,23,23.0,알본은 ㅅㅂ ㅋㅋㅋㅋㅋ 불쌍한데 페널티는 빼줘라,알본은 ㅅㅂ ㅋㅋㅋㅋㅋ 불쌍한데 페널티는 빼줘라,0.2238667607307434,0.21590958535671234,0.25983312726020813,0.14036796987056732,0.08544325083494186,0.07457935065031052
2024-05-19 22:34:35,아 비상,씨발,23,23.0,아 비상 씨발,아 비상 씨발,0.2967124581336975,0.18803094327449799,0.21523547172546387,0.10506128519773483,0.14909310638904572,0.04586672782897949
2024-05-19 22:34:39,체코의 우주방어를 보여주마 누리스,일해라 체코,23,23.0,체코의 우주방어를 보여주마 누리스 일해라 체코,체코의 우주방어를 보여주마 누리스 일해라 체코,0.0807148888707161,0.06587166339159012,0.1553710550069809,0.12176389992237091,0.5225945115089417,0.05368397757411003
2024-05-19 22:34:40,병신뒤 ㅋㅋㅋㅋㅋㅋ,ㅋㅋㅋㅋㅋㅋㅋㅋㅋㅋㅋ,23,23.0,병신뒤 ㅋㅋㅋㅋㅋㅋ ㅋㅋㅋㅋㅋㅋㅋㅋㅋㅋㅋ,병신뒤 ㅋㅋㅋㅋㅋㅋ ㅋㅋㅋㅋㅋㅋㅋㅋㅋㅋㅋ,0.07416649907827377,0.034941911697387695,0.15569397807121277,0.0967046394944191,0.6114422678947449,0.027050649747252464
2024-05-19 22:34:44,이젠 기본 10초네,,23,23.0,이젠 기본 10초네 ,이젠 기본 10초네,0.14552658796310425,0.1091204434633255,0.3438219130039215,0.2073548287153244,0.10778290778398514,0.08639334887266159
2024-05-19 22:34:47,ㅋㅋㅋㅋ 비상,ㅋㅋㅋㅋㅋㅋ,23,23.0,ㅋㅋㅋㅋ 비상 ㅋㅋㅋㅋㅋㅋ,ㅋㅋㅋㅋ 비상 ㅋㅋㅋㅋㅋㅋ,0.06307680904865265,0.03707905486226082,0.1348673403263092,0.07779444009065628,0.6616032719612122,0.025579098612070084
2024-05-19 22:34:41,아이시발 왜 저새끼뒤인데,Mclaren F1 team 2007~,23,23.0,아이시발 왜 저새끼뒤인데 Mclaren F1 team 2007~,아이시발 왜 저새끼뒤인데 Mclaren F1 team 2007~,0.34043431282043457,0.16758252680301666,0.16925595700740814,0.1017254963517189,0.18061710894107819,0.04038458690047264
2024-05-19 22:34:47,노리스 비상 ㅋㅋㅋㅋㅋ,,23,23.0,노리스 비상 ㅋㅋㅋㅋㅋ ,노리스 비상 ㅋㅋㅋㅋㅋ,0.053834009915590286,0.03354765847325325,0.11095736920833588,0.07070431858301163,0.7072412371635437,0.023715347051620483
2024-05-19 22:34:47,병신 가자 제발 막아봐,ㅋㅋㅋㅋ,23,23.0,병신 가자 제발 막아봐 ㅋㅋㅋㅋ,병신 가자 제발 막아봐 ㅋㅋㅋㅋ,0.09077652543783188,0.05843659117817879,0.2568246126174927,0.18550729751586914,0.3231251835823059,0.08532983064651489
2024-05-19 22:34:51,노리스 조졋노ㅋㅋㅋㅋㅋㅋㅋㅋㅋ,- dc official App,23,23.0,노리스 조졋노ㅋㅋㅋㅋㅋㅋㅋㅋㅋ - dc official App,노리스 조졋노ㅋㅋㅋㅋㅋㅋㅋㅋㅋ - dc official App,0.08155816793441772,0.041884250938892365,0.1412041336297989,0.08822482824325562,0.6209331154823303,0.026195570826530457
2024-05-19 22:34:54,통곡의벽 간다,ㅋㅋ,23,23.0,통곡의벽 간다 ㅋㅋ,통곡의벽 간다 ㅋㅋ,0.10498001426458359,0.06352657824754715,0.18331193923950195,0.09703924506902695,0.5105001330375671,0.04064208269119263
2024-05-19 22:34:54,병신 이렇게라고 밥값하노ㅋㅋㅋㅋㅋㅋㅋㅋㅋ,,23,23.0,병신 이렇게라고 밥값하노ㅋㅋㅋㅋㅋㅋㅋㅋㅋ ,병신 이렇게라고 밥값하노ㅋㅋㅋㅋㅋㅋㅋㅋㅋ,0.0709797665476799,0.03967481106519699,0.147169291973114,0.09778129309415817,0.6057068705558777,0.03868795558810234
2024-05-19 22:34:57,하필 체코뒤 ㅋㅋㅋㅋ,,23,23.0,하필 체코뒤 ㅋㅋㅋㅋ ,하필 체코뒤 ㅋㅋㅋㅋ,0.12171973288059235,0.07837651669979095,0.32324403524398804,0.254897803068161,0.14292149245738983,0.07884035259485245
2024-05-19 22:35:00,비켜 병신아,,23,23.0,비켜 병신아 ,비켜 병신아,0.21760936081409454,0.10942572355270386,0.2429693192243576,0.14045844972133636,0.23347105085849762,0.056066129356622696
2024-05-19 22:35:11,틀딱들 우주 방어 시발 ㅋㅋ,"하지만 딸깍!
- dc official App",23,23.0,"틀딱들 우주 방어 시발 ㅋㅋ 하지만 딸깍!
- dc official App",틀딱들 우주 방어 시발 ㅋㅋ 하지만 딸깍!,0.332111120223999,0.14269624650478363,0.18718528747558594,0.1576598882675171,0.11124849319458008,0.06909894943237305
2024-05-19 22:35:10,체코 밥값해라,"ㅋㅋㅋ
- dc official App",23,23.0,"체코 밥값해라 ㅋㅋㅋ
- dc official App",체코 밥값해라 ㅋㅋㅋ,0.09283548593521118,0.04739644378423691,0.1635819524526596,0.09820657968521118,0.5571692585945129,0.04081030189990997
2024-05-19 22:35:12,페레즈 21애니멀모드 시작이냐,ㅋㅋ,23,23.0,페레즈 21애니멀모드 시작이냐 ㅋㅋ,페레즈 21애니멀모드 시작이냐 ㅋㅋ,0.07141827046871185,0.03531356900930405,0.1428232192993164,0.10017571598291397,0.621421217918396,0.02884797938168049
2024-05-19 22:35:11,오늘따라 그리운 분들...,,23,23.0,오늘따라 그리운 분들... ,오늘따라 그리운 분들...,0.09051946550607681,0.11258190870285034,0.19762681424617767,0.13490846753120422,0.4056191146373749,0.058744244277477264
2024-05-19 22:35:16,노리스 한 마디 하겠는데?,하필 병신 뒤로 들어가냐,23,23.0,노리스 한 마디 하겠는데? 하필 병신 뒤로 들어가냐,노리스 한 마디 하겠는데? 하필 병신 뒤로 들어가냐,0.2108394205570221,0.12447890639305115,0.25166773796081543,0.26095473766326904,0.07263161242008209,0.0794275626540184
2024-05-19 22:35:18,맥라렌 전략팀도 은근 병신임,말아먹는게 한두번이 아님,23,23.0,맥라렌 전략팀도 은근 병신임 말아먹는게 한두번이 아님,맥라렌 전략팀도 은근 병신임 말아먹는게 한두번이 아님,0.1752547025680542,0.1855362504720688,0.2199440598487854,0.28530606627464294,0.06713517010211945,0.06682377308607101
2024-05-19 22:35:21,병신 우주방어 드가자 ㅋㅋㅋㅋㅋ,ㅋㅋㅋㅋㅋㅋ,23,23.0,병신 우주방어 드가자 ㅋㅋㅋㅋㅋ ㅋㅋㅋㅋㅋㅋ,병신 우주방어 드가자 ㅋㅋㅋㅋㅋ ㅋㅋㅋㅋㅋㅋ,0.06469517946243286,0.03275265544652939,0.11210786551237106,0.07311171293258667,0.691979706287384,0.02535281516611576
2024-05-19 22:35:28,노리스야 21아부다비 체코 맛 좀 볼래?,7챔도 좌절한 나의 디펜싱을 맛 봐라,23,23.0,노리스야 21아부다비 체코 맛 좀 볼래? 7챔도 좌절한 나의 디펜싱을 맛 봐라,노리스야 21아부다비 체코 맛 좀 볼래? 7챔도 좌절한 나의 디펜싱을 맛 봐라,0.11017303168773651,0.061405349522829056,0.17905475199222565,0.16139647364616394,0.42076435685157776,0.06720605492591858
2024-05-19 22:35:27,레전드가 뭔지 맛봐라 누리스,"앱솔루틀리 애니멀쇼 시작
- dc official App",23,23.0,"레전드가 뭔지 맛봐라 누리스 앱솔루틀리 애니멀쇼 시작
- dc official App",레전드가 뭔지 맛봐라 누리스 앱솔루틀리 애니멀쇼 시작,0.06469033658504486,0.03392323851585388,0.11729887872934341,0.08582300692796707,0.6672365665435791,0.03102795034646988
2024-05-19 22:35:32,선두를 달리는 팀메이트와 경쟁하는 영국인을 방어..,흠..,24,24.0,선두를 달리는 팀메이트와 경쟁하는 영국인을 방어.. 흠..,선두를 달리는 팀메이트와 경쟁하는 영국인을 방어.. 흠..,0.12282080203294754,0.1005207896232605,0.2804320454597473,0.31070852279663086,0.08958480507135391,0.09593306481838226
2024-05-19 22:35:30,병신같아도 밥값은 은근 하는 새끼,,23,23.0,병신같아도 밥값은 은근 하는 새끼 ,병신같아도 밥값은 은근 하는 새끼,0.10400326550006866,0.09622208774089813,0.19162073731422424,0.1517501324415207,0.36346638202667236,0.0929374247789383
2024-05-19 22:35:38,병신 얼마 막지도 못하고 따였네,에휴,24,24.0,병신 얼마 막지도 못하고 따였네 에휴,병신 얼마 막지도 못하고 따였네 에휴,0.15116940438747406,0.18141509592533112,0.2875581979751587,0.22542567551136017,0.07844887673854828,0.07598277926445007
2024-05-19 22:35:38,막스 흑백반기ㅋㅋㅋㅋㅋㅋㅋㅋㅋ,,24,24.0,막스 흑백반기ㅋㅋㅋㅋㅋㅋㅋㅋㅋ ,막스 흑백반기ㅋㅋㅋㅋㅋㅋㅋㅋㅋ,0.0658561959862709,0.03156542405486107,0.13486318290233612,0.09372533857822418,0.6466790437698364,0.02731076069176197
2024-05-19 22:35:41,유관ㅋㅋㅋㅋ,ㅋㅋㅋ,24,24.0,유관ㅋㅋㅋㅋ ㅋㅋㅋ,유관ㅋㅋㅋㅋ ㅋㅋㅋ,0.057063061743974686,0.031222639605402946,0.11812081933021545,0.07856180518865585,0.6912385821342468,0.023793095722794533
2024-05-19 22:35:41,ㅋㅋㅋㅋㅋㅋㅋㅋㅋㅋ 비켜 병신아 ㅋㅋㅋㅋㅋㅋㅋㅋㅋ,,24,24.0,ㅋㅋㅋㅋㅋㅋㅋㅋㅋㅋ 비켜 병신아 ㅋㅋㅋㅋㅋㅋㅋㅋㅋ ,ㅋㅋㅋㅋㅋㅋㅋㅋㅋㅋ 비켜 병신아 ㅋㅋㅋㅋㅋㅋㅋㅋㅋ,0.12533797323703766,0.047608982771635056,0.21315638720989227,0.12192870676517487,0.4503076374530792,0.041660383343696594
2024-05-19 22:35:45,너도 딸깍좀 당해봐라 ㅋㅋ,- dc official App,24,24.0,너도 딸깍좀 당해봐라 ㅋㅋ - dc official App,너도 딸깍좀 당해봐라 ㅋㅋ - dc official App,0.21028442680835724,0.09189367294311523,0.17503686249256134,0.1714782863855362,0.2911062240600586,0.06020054966211319
2024-05-19 22:35:45,체코 ㅂㅅ 바로 따이노,ㅂㅅ,24,24.0,체코 ㅂㅅ 바로 따이노 ㅂㅅ,체코 ㅂㅅ 바로 따이노 ㅂㅅ,0.3013521134853363,0.1639418601989746,0.21189554035663605,0.17435526847839355,0.09742416441440582,0.051031094044446945
2024-05-19 22:35:45,막붕이 팬서비스 ㄷㄷ,,24,24.0,막붕이 팬서비스 ㄷㄷ ,막붕이 팬서비스 ㄷㄷ,0.06692840903997421,0.03754636272788048,0.17832891643047333,0.1565484255552292,0.5058441162109375,0.054803721606731415
2024-05-19 22:35:51,병신 따잇,ㅋㅋㅋㅋ,24,24.0,병신 따잇 ㅋㅋㅋㅋ,병신 따잇 ㅋㅋㅋㅋ,0.056187909096479416,0.032936956733465195,0.11269059777259827,0.0732993483543396,0.6998329162597656,0.025052255019545555
2024-05-19 22:35:50,딸깍ㅋㅋㅋㅋㅋㅋ,캬,24,24.0,딸깍ㅋㅋㅋㅋㅋㅋ 캬,딸깍ㅋㅋㅋㅋㅋㅋ 캬,0.060296427458524704,0.03257368877530098,0.11979155987501144,0.08455183357000351,0.6776895523071289,0.025096967816352844
2024-05-19 22:35:51,맥라렌 핏스탑 개빠르네ㅋㅋㅋ,,24,24.0,맥라렌 핏스탑 개빠르네ㅋㅋㅋ ,맥라렌 핏스탑 개빠르네ㅋㅋㅋ,0.08581934124231339,0.036780234426259995,0.1927366703748703,0.2549011707305908,0.35802915692329407,0.07173345237970352
2024-05-19 22:35:52,걍 막스 핏스탑하고 오토파일럿키고 자면될듯,잠올거같애,24,24.0,걍 막스 핏스탑하고 오토파일럿키고 자면될듯 잠올거같애,걍 막스 핏스탑하고 오토파일럿키고 자면될듯 잠올거같애,0.12362759560346603,0.11026442795991898,0.3603953421115875,0.17507460713386536,0.15870842337608337,0.07192962616682053
2024-05-19 22:35:53,노리그 바로컷 ㅋㅋㅋㅋ,,24,24.0,노리그 바로컷 ㅋㅋㅋㅋ ,노리그 바로컷 ㅋㅋㅋㅋ,0.05887644737958908,0.03600238636136055,0.11086264252662659,0.07906273007392883,0.6884905099868774,0.026705333963036537
2024-05-19 22:35:55,ㅋㅋㅋ애니멀 끝이노,ㅋㅋ,24,24.0,ㅋㅋㅋ애니멀 끝이노 ㅋㅋ,ㅋㅋㅋ애니멀 끝이노 ㅋㅋ,0.17143796384334564,0.10296890884637833,0.32531237602233887,0.12437871098518372,0.21131116151809692,0.06459087133407593
2024-05-19 22:35:56,야이시발ㅋㅋㅋㅋㅋ존나못막네이걸,- dc official App,24,24.0,야이시발ㅋㅋㅋㅋㅋ존나못막네이걸 - dc official App,야이시발ㅋㅋㅋㅋㅋ존나못막네이걸 - dc official App,0.2933199405670166,0.1732059121131897,0.23516257107257843,0.1435912400484085,0.10519596189260483,0.049524348229169846
2024-05-19 22:35:52,비켮아 ㅋㅋㅋㅋ,,24,24.0,비켮아 ㅋㅋㅋㅋ ,비켮아 ㅋㅋㅋㅋ,0.06453622132539749,0.03291507810354233,0.1282133013010025,0.08218445628881454,0.6680089831352234,0.02414197474718094
2024-05-19 22:35:58,몽골 흑백 ㅋㅋㅋ,,24,24.0,몽골 흑백 ㅋㅋㅋ ,몽골 흑백 ㅋㅋㅋ,0.11031819880008698,0.04719829931855202,0.2563633322715759,0.2567240595817566,0.26369649171829224,0.06569955497980118
2024-05-19 22:35:59,체평ㅋㅋㅋ,- dc official App,24,24.0,체평ㅋㅋㅋ - dc official App,체평ㅋㅋㅋ - dc official App,0.06847822666168213,0.033131808042526245,0.1305428296327591,0.11437265574932098,0.6277040839195251,0.025770390406250954
2024-05-19 22:36:03,막스 벌써 완주 ㄷㄷ,".
- dc official App",24,24.0,"막스 벌써 완주 ㄷㄷ .
- dc official App",막스 벌써 완주 ㄷㄷ .,0.09016752243041992,0.03889176994562149,0.2102717012166977,0.2866993248462677,0.28535881638526917,0.08861087262630463
2024-05-19 22:36:05,맥스 패널티 가나요,,24,24.0,맥스 패널티 가나요 ,맥스 패널티 가나요,0.07664399594068527,0.047757819294929504,0.20416437089443207,0.23226505517959595,0.37686964869499207,0.06229906529188156
2024-05-19 22:36:06,와씨 오늘 첫추월ㅋㅋㅋㅋ,개짜릿,24,24.0,와씨 오늘 첫추월ㅋㅋㅋㅋ 개짜릿,와씨 오늘 첫추월ㅋㅋㅋㅋ 개짜릿,0.055207230150699615,0.03614325448870659,0.11397150158882141,0.06726640462875366,0.7026571035385132,0.024754466488957405
2024-05-19 22:36:13,리버스딸깍ㅋㅋㅋㅋㅋㅋㅋㅋㅋㅋ후즈넥스트,ㅋㅋㅋㅋㅋㅋㅋ,24,24.0,리버스딸깍ㅋㅋㅋㅋㅋㅋㅋㅋㅋㅋ후즈넥스트 ㅋㅋㅋㅋㅋㅋㅋ,리버스딸깍ㅋㅋㅋㅋㅋㅋㅋㅋㅋㅋ후즈넥스트 ㅋㅋㅋㅋㅋㅋㅋ,0.06107906624674797,0.032993052154779434,0.11170937120914459,0.07655241340398788,0.6953780651092529,0.022287975996732712
2024-05-19 22:36:13,몽골아 2번만 더 날자 ㅋㅋ,,24,24.0,몽골아 2번만 더 날자 ㅋㅋ ,몽골아 2번만 더 날자 ㅋㅋ,0.0647353082895279,0.04589352384209633,0.1253608912229538,0.08776358515024185,0.6403636336326599,0.03588305041193962
2024-05-19 22:36:18,병신 밥값도 못하노 ㅋㅋㅋㅋㅋ,,24,24.0,병신 밥값도 못하노 ㅋㅋㅋㅋㅋ ,병신 밥값도 못하노 ㅋㅋㅋㅋㅋ,0.19107073545455933,0.09946321696043015,0.23873288929462433,0.2751131057739258,0.0897558182477951,0.10586423426866531
2024-05-19 22:36:20,막스 한번더 받아도 1등이네ㅋㅋ,막스 ㅈㄴ 잘해,24,24.0,막스 한번더 받아도 1등이네ㅋㅋ 막스 ㅈㄴ 잘해,막스 한번더 받아도 1등이네ㅋㅋ 막스 ㅈㄴ 잘해,0.05868915095925331,0.035454582422971725,0.1709715574979782,0.12899097800254822,0.5528706312179565,0.0530230849981308
2024-05-19 22:36:21,병신 퀄리 조져도 차빨로 올라오네 ㅋㅋ,ㅋㅋ,24,24.0,병신 퀄리 조져도 차빨로 올라오네 ㅋㅋ ㅋㅋ,병신 퀄리 조져도 차빨로 올라오네 ㅋㅋ ㅋㅋ,0.1745021790266037,0.07696674764156342,0.2342732548713684,0.25791698694229126,0.14879128336906433,0.10754955559968948
2024-05-19 22:36:21,그저 병신,하늘이 기회를 줘도,24,24.0,그저 병신 하늘이 기회를 줘도,그저 병신 하늘이 기회를 줘도,0.15199147164821625,0.2629748582839966,0.2638184130191803,0.16188885271549225,0.09077724814414978,0.06854913383722305
2024-05-19 22:36:23,맥라렌 요즘 핏스탑 개좋네 ㅋㅋㅋㅋㅋ,좋아좋아,24,24.0,맥라렌 요즘 핏스탑 개좋네 ㅋㅋㅋㅋㅋ 좋아좋아,맥라렌 요즘 핏스탑 개좋네 ㅋㅋㅋㅋㅋ 좋아좋아,0.054557543247938156,0.04200857877731323,0.10950076580047607,0.0582658089697361,0.7086220979690552,0.02704518474638462
2024-05-19 22:36:22,10초 받아도 1등 ㅋㅋ,,24,24.0,10초 받아도 1등 ㅋㅋ ,10초 받아도 1등 ㅋㅋ,0.08392159640789032,0.039415184408426285,0.1612444818019867,0.11562469601631165,0.5586078763008118,0.04118610918521881
2024-05-19 22:36:30,체코 넌 잘 하는게 뭐냐,ㅋㅋㅋㅋㅋ,24,24.0,체코 넌 잘 하는게 뭐냐 ㅋㅋㅋㅋㅋ,체코 넌 잘 하는게 뭐냐 ㅋㅋㅋㅋㅋ,0.2039114087820053,0.11670450866222382,0.2169928401708603,0.28539392352104187,0.08767848461866379,0.08931886404752731
2024-05-19 22:36:23,맥라렌 하드페이스 좋지않음?,"잘만하면 페라리 언더컷 가능하지않나?
Mclaren F1 team 2007~",24,24.0,"맥라렌 하드페이스 좋지않음? 잘만하면 페라리 언더컷 가능하지않나?
Mclaren F1 team 2007~",맥라렌 하드페이스 좋지않음? 잘만하면 페라리 언더컷 가능하지않나? Mclaren F1 team 2007~,0.07990678399801254,0.05492417886853218,0.2011006474494934,0.20657877624034882,0.3976207375526428,0.05986892804503441
2024-05-19 22:36:36,병신은 이제 딸깍 방어도 못해,ㅄ,24,24.0,병신은 이제 딸깍 방어도 못해 ㅄ,병신은 이제 딸깍 방어도 못해 ㅄ,0.19179564714431763,0.14003126323223114,0.2289479672908783,0.2665528655052185,0.07369482517242432,0.09897743910551071
2024-05-19 22:36:37,ㅋㅋㅋㅋㅋ,- dc official App,24,24.0,ㅋㅋㅋㅋㅋ - dc official App,ㅋㅋㅋㅋㅋ - dc official App,0.06712557375431061,0.03340079262852669,0.12404005229473114,0.10034497827291489,0.6518645882606506,0.023223986849188805
2024-05-19 22:36:40,페레즈 =내년 개백수,"타코련들 오열각
- dc official App",24,24.0,"페레즈 =내년 개백수 타코련들 오열각
- dc official App",페레즈 =내년 개백수 타코련들 오열각,0.23115843534469604,0.10851693898439407,0.1807994395494461,0.2630111873149872,0.11463446170091629,0.1018795371055603
2024-05-19 22:36:39,제발 셒카 나와줘라,"페라리 원투 하자
- dc official App",24,24.0,"제발 셒카 나와줘라 페라리 원투 하자
- dc official App",제발 셒카 나와줘라 페라리 원투 하자,0.07144578546285629,0.055281057953834534,0.14344558119773865,0.09998850524425507,0.5851526856422424,0.044686347246170044
2024-05-19 22:36:41,막스 << 이새끼가 레이싱에 미친놈인 이유,"하다하다 리프팅 턴 연습하는중 ㅋㅋ
- dc official App",24,24.0,"막스 << 이새끼가 레이싱에 미친놈인 이유 하다하다 리프팅 턴 연습하는중 ㅋㅋ
- dc official App",막스 << 이새끼가 레이싱에 미친놈인 이유 하다하다 리프팅 턴 연습하는중 ㅋㅋ,0.21965762972831726,0.08875339478254318,0.20305413007736206,0.27973711490631104,0.10517381876707077,0.10362392663955688
2024-05-19 22:36:40,2.6 ㅋㅋㅋㅋㅋㅋ,,24,24.0,2.6 ㅋㅋㅋㅋㅋㅋ ,2.6 ㅋㅋㅋㅋㅋㅋ,0.14493511617183685,0.05819828063249588,0.24732044339179993,0.23083066940307617,0.2484312802553177,0.07028412818908691
2024-05-19 22:36:50,이몰라 = 적폐서킷,모나코보다 더 노잼이야 시발,24,24.0,이몰라 = 적폐서킷 모나코보다 더 노잼이야 시발,이몰라 = 적폐서킷 모나코보다 더 노잼이야 시발,0.251127153635025,0.19764800369739532,0.2662704288959503,0.11775577068328857,0.11517471075057983,0.052024029195308685
2024-05-19 22:36:52,이대로 레이스 끝나길 원하면 개추 ㅋㅋㅋㅋㅋ,느그퍼스트 우승가자 ㅋㅋㅋㅋㅋ,24,24.0,이대로 레이스 끝나길 원하면 개추 ㅋㅋㅋㅋㅋ 느그퍼스트 우승가자 ㅋㅋㅋㅋㅋ,이대로 레이스 끝나길 원하면 개추 ㅋㅋㅋㅋㅋ 느그퍼스트 우승가자 ㅋㅋㅋㅋㅋ,0.059567611664533615,0.03808210790157318,0.11443735659122467,0.06419844180345535,0.6952846646308899,0.028429793193936348
2024-05-19 22:36:54,보통 1착이랑 몇초 차이나야 추월할만하다고 보냐?,,24,24.0,보통 1착이랑 몇초 차이나야 추월할만하다고 보냐? ,보통 1착이랑 몇초 차이나야 추월할만하다고 보냐?,0.14364288747310638,0.10881543159484863,0.2351989448070526,0.33129462599754333,0.10142141580581665,0.0796266496181488
2024-05-19 22:36:56,플랜비가 한명이 막는건가 ㅋㅋ,,24,24.0,플랜비가 한명이 막는건가 ㅋㅋ ,플랜비가 한명이 막는건가 ㅋㅋ,0.13173164427280426,0.07851171493530273,0.2688545882701874,0.31096646189689636,0.1100180372595787,0.09991757571697235
2024-05-19 22:36:57,페라리 미->소 가능?,- dc official App,25,25.0,페라리 미->소 가능? - dc official App,페라리 미->소 가능? - dc official App,0.08703052997589111,0.04672703146934509,0.20578037202358246,0.24253685772418976,0.36436691880226135,0.05355824902653694
2024-05-19 22:37:06,레드불 답지 않은 2.6,엥?,25,25.0,레드불 답지 않은 2.6 엥?,레드불 답지 않은 2.6 엥?,0.13913962244987488,0.10503373295068741,0.25506648421287537,0.30775967240333557,0.11458934098482132,0.07841115444898605
2024-05-19 22:37:09,2.6초 좀 느리네,레드불이니까...,25,25.0,2.6초 좀 느리네 레드불이니까...,2.6초 좀 느리네 레드불이니까...,0.12132029235363007,0.12475556135177612,0.3197938799858093,0.2537376284599304,0.1055276021361351,0.07486498355865479
2024-05-19 22:37:07,페레즈는 병신이란 말도 못하겠다 이제,한국병신협회에서 항의할듯 ㅅㅂㅋㅋ,25,25.0,페레즈는 병신이란 말도 못하겠다 이제 한국병신협회에서 항의할듯 ㅅㅂㅋㅋ,페레즈는 병신이란 말도 못하겠다 이제 한국병신협회에서 항의할듯 ㅅㅂㅋㅋ,0.3266355097293854,0.19052748382091522,0.1714380383491516,0.15643742680549622,0.0902085229754448,0.06475302577018738
2024-05-19 22:37:11,세이프티카 << 지금 들어와야하면 개추 ㅋㅋㅋㅋㅋㅋㅋㅋㅋ,씨발 빨리,25,25.0,세이프티카 << 지금 들어와야하면 개추 ㅋㅋㅋㅋㅋㅋㅋㅋㅋ 씨발 빨리,세이프티카 << 지금 들어와야하면 개추 ㅋㅋㅋㅋㅋㅋㅋㅋㅋ 씨발 빨리,0.07391820102930069,0.04526780918240547,0.1274593025445938,0.0714983269572258,0.6531937718391418,0.02866256795823574
2024-05-19 22:37:12,대 아 제,ㅋㅋㅋ,25,25.0,대 아 제 ㅋㅋㅋ,대 아 제 ㅋㅋㅋ,0.0526820570230484,0.036319177597761154,0.11450354754924774,0.06698628515005112,0.7015308141708374,0.02797812782227993
2024-05-19 22:37:15,병신은 진짜 담 시즌부터 못 보겠노,엄..,25,25.0,병신은 진짜 담 시즌부터 못 보겠노 엄..,병신은 진짜 담 시즌부터 못 보겠노 엄..,0.15948162972927094,0.2166687399148941,0.30899766087532043,0.1292179971933365,0.1143464744091034,0.07128754258155823
2024-05-19 22:37:18,페라리 1등인데 여기서 레이스 끝내져 ㅇㅇ,"ㅇㅇ
- dc official App",25,25.0,"페라리 1등인데 여기서 레이스 끝내져 ㅇㅇ ㅇㅇ
- dc official App",페라리 1등인데 여기서 레이스 끝내져 ㅇㅇ ㅇㅇ,0.08706432580947876,0.06720241159200668,0.15176865458488464,0.07805266231298447,0.578454852104187,0.03745708987116814
2024-05-19 22:37:26,지금 비 엄청오고 레드플랙 경기종료선언 하면 페라리 우승!!,"ㄹㅇ
- dc official App",25,25.0,"지금 비 엄청오고 레드플랙 경기종료선언 하면 페라리 우승!! ㄹㅇ
- dc official App",지금 비 엄청오고 레드플랙 경기종료선언 하면 페라리 우승!! ㄹㅇ,0.08284670114517212,0.04736712947487831,0.1544531136751175,0.12400079518556595,0.5389018058776855,0.05243045464158058
2024-05-19 22:37:28,페라리 혹시 세카 기다리니…?,…????,25,25.0,페라리 혹시 세카 기다리니…? …????,페라리 혹시 세카 기다리니…? …????,0.0887262225151062,0.058803655207157135,0.2262801080942154,0.3194062411785126,0.21239498257637024,0.09438877552747726
2024-05-19 22:37:31,여기서 세카 뜨면,제발,25,25.0,여기서 세카 뜨면 제발,여기서 세카 뜨면 제발,0.07443119585514069,0.050826750695705414,0.19415384531021118,0.17671281099319458,0.4486922323703766,0.05518313869833946
2024-05-19 22:37:32,물탕 오랜만에 3등 ㅅㅅ,- dc official App,25,25.0,물탕 오랜만에 3등 ㅅㅅ - dc official App,물탕 오랜만에 3등 ㅅㅅ - dc official App,0.06944713741540909,0.049487028270959854,0.12456738948822021,0.06484704464673996,0.6669837832450867,0.02466764859855175
2024-05-19 22:37:36,좆라리는 언제 핏인 하려고,대체,25,25.0,좆라리는 언제 핏인 하려고 대체,좆라리는 언제 핏인 하려고 대체,0.16599619388580322,0.19763804972171783,0.3185516595840454,0.16828489303588867,0.09414342045783997,0.055385787039995193
2024-05-19 22:37:36,맥라렌이 ㅈㄴ 빠른거냐 애마가 느린거냐,아님 둘다인거내 그냥 손쉽게 따이네,25,25.0,맥라렌이 ㅈㄴ 빠른거냐 애마가 느린거냐 아님 둘다인거내 그냥 손쉽게 따이네,맥라렌이 ㅈㄴ 빠른거냐 애마가 느린거냐 아님 둘다인거내 그냥 손쉽게 따이네,0.15676583349704742,0.08110445737838745,0.2348513901233673,0.3185477554798126,0.08800273388624191,0.12072780728340149
2024-05-19 22:37:36,근데 이새끼 8등 뭐냐?,이제 봤네,25,25.0,근데 이새끼 8등 뭐냐? 이제 봤네,근데 이새끼 8등 뭐냐? 이제 봤네,0.1500987708568573,0.0763244479894638,0.2339175045490265,0.3252539336681366,0.0912616178393364,0.1231437548995018
2024-05-19 22:37:41,페라리 오버컷 성공하나,,25,25.0,페라리 오버컷 성공하나 ,페라리 오버컷 성공하나,0.07540066540241241,0.04511347785592079,0.2083057463169098,0.232425257563591,0.37664344906806946,0.06211147829890251
2024-05-19 22:37:44,항❗+시❗+병❗+신,"시장님 : 내년계약은 없는걸로...
- dc official App",25,25.0,"항❗+시❗+병❗+신 시장님 : 내년계약은 없는걸로...
- dc official App",항❗+시❗+병❗+신 시장님 : 내년계약은 없는걸로...,0.18157131969928741,0.21581518650054932,0.275636225938797,0.15332920849323273,0.10743682086467743,0.06621117889881134
2024-05-19 22:37:49,내가 페레즈였으면 지금부터 휠건들고 연습함,핏크루나해 병신,25,25.0,내가 페레즈였으면 지금부터 휠건들고 연습함 핏크루나해 병신,내가 페레즈였으면 지금부터 휠건들고 연습함 핏크루나해 병신,0.31128302216529846,0.12343449145555496,0.1941390484571457,0.17133110761642456,0.12367882579565048,0.07613350450992584
2024-05-19 22:38:04,근데 체코 점마가 병신이면 윌리엄스는 뭐가 되냐,진짜 ☆※$■¤%*#^같은 새끼들이네,25,25.0,근데 체코 점마가 병신이면 윌리엄스는 뭐가 되냐 진짜 ☆※$■¤%*#^같은 새끼들이네,근데 체코 점마가 병신이면 윌리엄스는 뭐가 되냐 진짜 ☆※$■¤%*#^같은 새끼들이네,0.31200557947158813,0.18000906705856323,0.1679663211107254,0.17528952658176422,0.10488490015268326,0.059844620525836945
2024-05-19 22:38:03,알국왕님이 페라리를 위해서 희생좀하자,벽에박으라고,25,25.0,알국왕님이 페라리를 위해서 희생좀하자 벽에박으라고,알국왕님이 페라리를 위해서 희생좀하자 벽에박으라고,0.20732946693897247,0.18320102989673615,0.23105579614639282,0.19052031636238098,0.09547128528356552,0.09242210537195206
2024-05-19 22:38:04,이걸 더블스택을 안해?,새끼들아?,25,25.0,이걸 더블스택을 안해? 새끼들아?,이걸 더블스택을 안해? 새끼들아?,0.251455157995224,0.17310750484466553,0.24474415183067322,0.17319996654987335,0.10870508849620819,0.048788104206323624
2024-05-19 22:38:13,해밀턴 과거의 영광을ㅋㅋㅋㅋㅋㅋ,,25,25.0,해밀턴 과거의 영광을ㅋㅋㅋㅋㅋㅋ ,해밀턴 과거의 영광을ㅋㅋㅋㅋㅋㅋ,0.053358424454927444,0.04194304347038269,0.10885054618120193,0.05969797447323799,0.709793746471405,0.026356227695941925
2024-05-19 22:38:22,아오 또 너네야,잘좀해봐,26,26.0,아오 또 너네야 잘좀해봐,아오 또 너네야 잘좀해봐,0.16436806321144104,0.20530879497528076,0.25519487261772156,0.16529640555381775,0.11128593981266022,0.09854593127965927
2024-05-19 22:38:23,2.8은 시발,,26,26.0,2.8은 시발 ,2.8은 시발,0.30268511176109314,0.193334698677063,0.21450895071029663,0.1330765187740326,0.11841835081577301,0.03797631710767746
2024-05-19 22:38:28,많이 느린데..,하..,26,26.0,많이 느린데.. 하..,많이 느린데.. 하..,0.1392507702112198,0.16980396211147308,0.3230460286140442,0.19793008267879486,0.0908922404050827,0.07907696813344955
2024-05-19 22:38:31,페널티받고 셒카 나오면 막스애매해지는거 아님?,조심만 하면 페널티 안받으려나,26,26.0,페널티받고 셒카 나오면 막스애매해지는거 아님? 조심만 하면 페널티 안받으려나,페널티받고 셒카 나오면 막스애매해지는거 아님? 조심만 하면 페널티 안받으려나,0.11176824569702148,0.10724595189094543,0.25188401341438293,0.31516507267951965,0.11334478110074997,0.10059192776679993
2024-05-19 22:38:43,핏스탑때문에 병신 뒤로 나왓네 아 ㅋㅋㅋㅋ,개십ㅋㅋㅋㅋ,26,26.0,핏스탑때문에 병신 뒤로 나왓네 아 ㅋㅋㅋㅋ 개십ㅋㅋㅋㅋ,핏스탑때문에 병신 뒤로 나왓네 아 ㅋㅋㅋㅋ 개십ㅋㅋㅋㅋ,0.2575449049472809,0.1343037337064743,0.2654041647911072,0.12066462635993958,0.15481635928153992,0.06726618856191635
2024-05-19 22:38:42,사햄막ㄷㄷ,- dc official App,26,26.0,사햄막ㄷㄷ - dc official App,사햄막ㄷㄷ - dc official App,0.09420331567525864,0.04177144914865494,0.19817189872264862,0.22223232686519623,0.40003249049186707,0.043588507920503616
2024-05-19 22:38:45,르끌도 페레즈 뒤노 ㅋㅋ,,26,26.0,르끌도 페레즈 뒤노 ㅋㅋ ,르끌도 페레즈 뒤노 ㅋㅋ,0.1283380091190338,0.06885986775159836,0.287342369556427,0.29796314239501953,0.12239900231361389,0.09509751945734024
2024-05-19 22:38:46,씨발 벌써 5초임,"저새끼들 뭘 만드거냐...
- dc official App",26,26.0,"씨발 벌써 5초임 저새끼들 뭘 만드거냐...
- dc official App",씨발 벌써 5초임 저새끼들 뭘 만드거냐...,0.2831772267818451,0.195224791765213,0.20901618897914886,0.15963925421237946,0.09413883090019226,0.058803729712963104
2024-05-19 22:38:44,르끌 병신뒤입갤ㅋㅋㅋㅋㅋㅋㅋㅋㅋㅋ,Mclaren F1 team 2007~,26,26.0,르끌 병신뒤입갤ㅋㅋㅋㅋㅋㅋㅋㅋㅋㅋ Mclaren F1 team 2007~,르끌 병신뒤입갤ㅋㅋㅋㅋㅋㅋㅋㅋㅋㅋ Mclaren F1 team 2007~,0.06549444049596786,0.03308865427970886,0.11158633232116699,0.07857310026884079,0.6865745782852173,0.024682894349098206
2024-05-19 22:38:51,페레즈 뒤로 나오노 ㅋㅋㅋ,"ㅋㅋ
- dc official App",26,26.0,"페레즈 뒤로 나오노 ㅋㅋㅋ ㅋㅋ
- dc official App",페레즈 뒤로 나오노 ㅋㅋㅋ ㅋㅋ,0.0991099402308464,0.04645971581339836,0.27275893092155457,0.20008844137191772,0.32487741112709045,0.056705575436353683
2024-05-19 22:38:52,사인츠 A 르클레 B 인가,핏스탑 따로하네,26,26.0,사인츠 A 르클레 B 인가 핏스탑 따로하네,사인츠 A 르클레 B 인가 핏스탑 따로하네,0.1116851344704628,0.06557297706604004,0.2476596087217331,0.33757445216178894,0.1656908541917801,0.07181696593761444
2024-05-19 22:38:57,병신 뒤네 ㅅ ㅣㅂ,니미 ㅋㅋ,26,26.0,병신 뒤네 ㅅ ㅣㅂ 니미 ㅋㅋ,병신 뒤네 ㅅ ㅣㅂ 니미 ㅋㅋ,0.31521809101104736,0.18296022713184357,0.20890578627586365,0.13490727543830872,0.1063046082854271,0.0517040453851223
2024-05-19 22:38:58,나오기만하면 체코뒤네,,26,26.0,나오기만하면 체코뒤네 ,나오기만하면 체코뒤네,0.14679376780986786,0.19564619660377502,0.3389606773853302,0.18153631687164307,0.07354848086833954,0.06351449340581894
2024-05-19 22:38:59,???:보여준다 했잖아,- dc official App,26,26.0,???:보여준다 했잖아 - dc official App,???:보여준다 했잖아 - dc official App,0.1208222508430481,0.08574313670396805,0.26700565218925476,0.2720291018486023,0.19511349499225616,0.05928637459874153
2024-05-19 22:39:03,페러지 5등입갤 ㅋㅋㅋㅋㅋ,,26,26.0,페러지 5등입갤 ㅋㅋㅋㅋㅋ ,페러지 5등입갤 ㅋㅋㅋㅋㅋ,0.12738646566867828,0.06443013995885849,0.26914602518081665,0.14058148860931396,0.3390866219997406,0.059369273483753204
2024-05-19 22:39:15,알본 피트 3번 ㅋㅋ,,26,26.0,알본 피트 3번 ㅋㅋ ,알본 피트 3번 ㅋㅋ,0.06430662423372269,0.0355604812502861,0.11701948940753937,0.07891983538866043,0.6765782833099365,0.027615252882242203
2024-05-19 22:39:18,시발 왜 뱡신 뒤인데!!,"너도 빨리  따라
- dc official App",26,26.0,"시발 왜 뱡신 뒤인데!! 너도 빨리  따라
- dc official App",시발 왜 뱡신 뒤인데!! 너도 빨리 따라,0.33059370517730713,0.17585989832878113,0.18214720487594604,0.11466429382562637,0.14327895641326904,0.05345597490668297
2024-05-19 22:39:23,ㅊㅊㅊ 페라리 레이스 리드 중 ㅊㅊㅊ,ㅋㅋㅋㅋ,26,26.0,ㅊㅊㅊ 페라리 레이스 리드 중 ㅊㅊㅊ ㅋㅋㅋㅋ,ㅊㅊㅊ 페라리 레이스 리드 중 ㅊㅊㅊ ㅋㅋㅋㅋ,0.06757646054029465,0.037356194108724594,0.11862695962190628,0.07365181297063828,0.6774594783782959,0.02532912977039814
2024-05-19 22:39:32,르끌 뭐해,"ㅋㅋ
- dc official App",26,26.0,"르끌 뭐해 ㅋㅋ
- dc official App",르끌 뭐해 ㅋㅋ,0.07476983964443207,0.04769134148955345,0.19342060387134552,0.1158747598528862,0.532280683517456,0.03596283122897148
2024-05-19 22:39:34,앗 잠시만요,- dc official App,26,26.0,앗 잠시만요 - dc official App,앗 잠시만요 - dc official App,0.06750637292861938,0.043367210775613785,0.1974935084581375,0.1727931946516037,0.47481420636177063,0.04402551054954529
2024-05-19 22:39:36,F1 페레즈 행동 ㅋㅋ,"에라이 ㅋㅋㅋ
- dc official App",26,26.0,"F1 페레즈 행동 ㅋㅋ 에라이 ㅋㅋㅋ
- dc official App",F1 페레즈 행동 ㅋㅋ 에라이 ㅋㅋㅋ,0.2064763903617859,0.10489287227392197,0.24648816883563995,0.24864061176776886,0.11897943913936615,0.07452253997325897
2024-05-19 22:39:37,오콘19등 뭔데 ㅅㅂ,,26,26.0,오콘19등 뭔데 ㅅㅂ ,오콘19등 뭔데 ㅅㅂ,0.27265623211860657,0.2016678899526596,0.2076275497674942,0.15016497671604156,0.12662971019744873,0.04125363379716873
2024-05-19 22:39:38,알바오 피트에 꿀발라놨냐,ㅋㄱ,26,26.0,알바오 피트에 꿀발라놨냐 ㅋㄱ,알바오 피트에 꿀발라놨냐 ㅋㄱ,0.1373852640390396,0.04982464015483856,0.21950358152389526,0.18785667419433594,0.34370842576026917,0.06172146275639534
2024-05-19 22:39:40,퇴 물 탕,ㅋㅋㅋㅋㅋㅋ,26,26.0,퇴 물 탕 ㅋㅋㅋㅋㅋㅋ,퇴 물 탕 ㅋㅋㅋㅋㅋㅋ,0.1263778954744339,0.05290351063013077,0.1839175522327423,0.10964803397655487,0.4848577380180359,0.042295344173908234
2024-05-19 22:39:40,날조 ㅋㅋㅋㅋ,,26,26.0,날조 ㅋㅋㅋㅋ ,날조 ㅋㅋㅋㅋ,0.20348145067691803,0.09439688175916672,0.2264470010995865,0.23842307925224304,0.1583891063928604,0.0788625031709671
2024-05-19 22:39:43,피트레인 머고 ㅋㅋㅋㅋ,,26,26.0,피트레인 머고 ㅋㅋㅋㅋ ,피트레인 머고 ㅋㅋㅋㅋ,0.09532034397125244,0.04935748130083084,0.23630262911319733,0.29544714093208313,0.24962520599365234,0.07394717633724213
2024-05-19 22:39:44,뭔 핏레인스타투 ㅋㅋㅋㅋ,,26,26.0,뭔 핏레인스타투 ㅋㅋㅋㅋ ,뭔 핏레인스타투 ㅋㅋㅋㅋ,0.13944433629512787,0.06515016406774521,0.24586862325668335,0.28466328978538513,0.1949545294046402,0.06991905719041824
2024-05-19 22:39:43,자막 낚시ㅋㅋㅋㅋ,뭔데,26,26.0,자막 낚시ㅋㅋㅋㅋ 뭔데,자막 낚시ㅋㅋㅋㅋ 뭔데,0.11784332245588303,0.05764590948820114,0.25814685225486755,0.2546979784965515,0.25181660056114197,0.05984935536980629
2024-05-19 22:39:48,구라도 적당히ㅋㅋㅋ,"ㅋㅋㅋㅋ
Oracle Red Bull Racing RB20",27,27.0,"구라도 적당히ㅋㅋㅋ ㅋㅋㅋㅋ
Oracle Red Bull Racing RB20",구라도 적당히ㅋㅋㅋ ㅋㅋㅋㅋ Oracle Red Bull Racing RB20,0.18619774281978607,0.07799297571182251,0.24192222952842712,0.22964076697826385,0.19653554260730743,0.06771064549684525
2024-05-19 22:39:49,병신 자동문이야,ㅇ,27,27.0,병신 자동문이야 ㅇ,병신 자동문이야 ㅇ,0.08241960406303406,0.04831172153353691,0.14785969257354736,0.0865023210644722,0.6054471731185913,0.029459452256560326
2024-05-19 22:39:51,바로컷 ㅋㅋㅋㅋㅋ,,27,27.0,바로컷 ㅋㅋㅋㅋㅋ ,바로컷 ㅋㅋㅋㅋㅋ,0.057994090020656586,0.03647349029779434,0.11354418098926544,0.07252883166074753,0.6940979361534119,0.02536148391664028
2024-05-19 22:39:53,어 비켜병신아 ㅋㅋㅋㅋㅋㅋㅋㅋ,- dc official App,27,27.0,어 비켜병신아 ㅋㅋㅋㅋㅋㅋㅋㅋ - dc official App,어 비켜병신아 ㅋㅋㅋㅋㅋㅋㅋㅋ - dc official App,0.19837479293346405,0.07233079522848129,0.21506185829639435,0.16086366772651672,0.2977387011051178,0.05563025549054146
2024-05-19 22:39:56,응 다시광탈 ㅋㅋㅋㅋㅋㅋ,,27,27.0,응 다시광탈 ㅋㅋㅋㅋㅋㅋ ,응 다시광탈 ㅋㅋㅋㅋㅋㅋ,0.16943947970867157,0.13126221299171448,0.338313490152359,0.13871905207633972,0.14945518970489502,0.07281068712472916
2024-05-19 22:39:57,윌리엄스 이렇게 된 김에 핏스탑 연습하냐 ㅋㅋ,,27,27.0,윌리엄스 이렇게 된 김에 핏스탑 연습하냐 ㅋㅋ ,윌리엄스 이렇게 된 김에 핏스탑 연습하냐 ㅋㅋ,0.10919652134180069,0.059583984315395355,0.25088804960250854,0.15743251144886017,0.3629269003868103,0.0599721223115921
2024-05-19 22:39:58,체코 이 새끼 자동문이노,ㅋㅋㅋㅋ,27,27.0,체코 이 새끼 자동문이노 ㅋㅋㅋㅋ,체코 이 새끼 자동문이노 ㅋㅋㅋㅋ,0.18628834187984467,0.07661158591508865,0.23306474089622498,0.24412637948989868,0.17126546800136566,0.0886433944106102
2024-05-19 22:40:02,현지 중계진들 정신놨노 ㅋㅋ,,27,27.0,현지 중계진들 정신놨노 ㅋㅋ ,현지 중계진들 정신놨노 ㅋㅋ,0.1817331463098526,0.12815594673156738,0.2438046932220459,0.28200992941856384,0.0788484662771225,0.08544780313968658
2024-05-19 22:40:02,체코 ㄹㅇ 다따이노 ㅋㅋㅋㅋㅋㅋ,,27,27.0,체코 ㄹㅇ 다따이노 ㅋㅋㅋㅋㅋㅋ ,체코 ㄹㅇ 다따이노 ㅋㅋㅋㅋㅋㅋ,0.07583930343389511,0.03341243416070938,0.17849668860435486,0.17128214240074158,0.49207961559295654,0.04888990521430969
2024-05-19 22:40:07,페레즈 뭐하냐 ㅋㅋㅋ,- dc official App,27,27.0,페레즈 뭐하냐 ㅋㅋㅋ - dc official App,페레즈 뭐하냐 ㅋㅋㅋ - dc official App,0.06806991994380951,0.03229709342122078,0.13887622952461243,0.10405445098876953,0.6288250684738159,0.02787729538977146
2024-05-19 22:40:07,따따잇ㅋㅋㅋㅋㅋㅋㅋ,,27,27.0,따따잇ㅋㅋㅋㅋㅋㅋㅋ ,따따잇ㅋㅋㅋㅋㅋㅋㅋ,0.057233113795518875,0.03401004895567894,0.10671492666006088,0.0643082708120346,0.7158092856407166,0.021924341097474098
2024-05-19 22:40:09,메르 사이드팟에 페트로나스 어디감?,그냥 줄로 바뀌었네,27,27.0,메르 사이드팟에 페트로나스 어디감? 그냥 줄로 바뀌었네,메르 사이드팟에 페트로나스 어디감? 그냥 줄로 바뀌었네,0.13743633031845093,0.1267026662826538,0.2831977605819702,0.27934303879737854,0.11320146173238754,0.06011871248483658
2024-05-19 22:40:10,병신 자동문됐노 ㅋㅋㅋㅋㅋ,ㅋㅋㅋㅋㅋ,27,27.0,병신 자동문됐노 ㅋㅋㅋㅋㅋ ㅋㅋㅋㅋㅋ,병신 자동문됐노 ㅋㅋㅋㅋㅋ ㅋㅋㅋㅋㅋ,0.1080809012055397,0.05302917957305908,0.24939365684986115,0.15108132362365723,0.3882715404033661,0.05014338344335556
2024-05-19 22:40:10,자동문ㅋㅋㅋㅋㅋ,,27,27.0,자동문ㅋㅋㅋㅋㅋ ,자동문ㅋㅋㅋㅋㅋ,0.0834365263581276,0.0411599762737751,0.1603364199399948,0.10779664665460587,0.5730358362197876,0.03423463925719261
2024-05-19 22:40:11,피아제한테도 따이노 ㅋㅋㅋㅋㅋ 페러지,,27,27.0,피아제한테도 따이노 ㅋㅋㅋㅋㅋ 페러지 ,피아제한테도 따이노 ㅋㅋㅋㅋㅋ 페러지,0.18659193813800812,0.10925796627998352,0.2316775768995285,0.27310168743133545,0.08678045868873596,0.11259035021066666
2024-05-19 22:40:11,ㅂㅅㅋㅋㅋㅋㅋㅋㅋㅋㅋ,- dc official App,27,27.0,ㅂㅅㅋㅋㅋㅋㅋㅋㅋㅋㅋ - dc official App,ㅂㅅㅋㅋㅋㅋㅋㅋㅋㅋㅋ - dc official App,0.11739754676818848,0.045953068882226944,0.18155813217163086,0.1400735229253769,0.47998756170272827,0.03503015637397766
2024-05-19 22:40:11,비켮아 ㅋㅋㅋㅋ,ㅋㅋㅋㅋㅋ,27,27.0,비켮아 ㅋㅋㅋㅋ ㅋㅋㅋㅋㅋ,비켮아 ㅋㅋㅋㅋ ㅋㅋㅋㅋㅋ,0.06356354802846909,0.03435544669628143,0.1294005662202835,0.07957354187965393,0.6703333258628845,0.022773610427975655
2024-05-19 22:40:13,체코는 막자도 못하면 대체 뭘 할수있냐,ㅋㅋㅋㅋㅋㅋㅋ와,27,27.0,체코는 막자도 못하면 대체 뭘 할수있냐 ㅋㅋㅋㅋㅋㅋㅋ와,체코는 막자도 못하면 대체 뭘 할수있냐 ㅋㅋㅋㅋㅋㅋㅋ와,0.19165372848510742,0.12221012264490128,0.24125829339027405,0.24230413138866425,0.08044534176588058,0.12212841957807541
2024-05-19 22:40:14,그냥 빨랏네요~ㅋㅋㅋㅋㅋ,ㅋㅋㅋㅋ,27,27.0,그냥 빨랏네요~ㅋㅋㅋㅋㅋ ㅋㅋㅋㅋ,그냥 빨랏네요~ㅋㅋㅋㅋㅋ ㅋㅋㅋㅋ,0.07692785561084747,0.059712834656238556,0.15228606760501862,0.07859809696674347,0.6032983064651489,0.029176868498325348
2024-05-19 22:40:15,자동문이야!!!,!,27,27.0,자동문이야!!! !,자동문이야!!! !,0.06309245526790619,0.044340480118989944,0.12154530733823776,0.06929849833250046,0.6727484464645386,0.028974812477827072
2024-05-19 22:40:15,야 여기 추월 어렵다며,페레즈 한정 개쉬운데,27,27.0,야 여기 추월 어렵다며 페레즈 한정 개쉬운데,야 여기 추월 어렵다며 페레즈 한정 개쉬운데,0.11789777129888535,0.09281706809997559,0.29213786125183105,0.28772836923599243,0.11058685183525085,0.09883204847574234
2024-05-19 22:40:16,병신 진짜 자동문이네,시발련아,27,27.0,병신 진짜 자동문이네 시발련아,병신 진짜 자동문이네 시발련아,0.3221438527107239,0.17920184135437012,0.17796173691749573,0.12036323547363281,0.15258826315402985,0.047741059213876724
2024-05-19 22:40:16,그.. 사인츠 왜 안 넣냐?,작년 아부다비 기억이 나는데..,27,27.0,그.. 사인츠 왜 안 넣냐? 작년 아부다비 기억이 나는데..,그.. 사인츠 왜 안 넣냐? 작년 아부다비 기억이 나는데..,0.1550983041524887,0.1710667759180069,0.3689686357975006,0.16111183166503906,0.09894955903291702,0.04480490833520889
2024-05-19 22:40:17,자동문 폼 미쳤다,뭐임? ㅋㅋㅋ,27,27.0,자동문 폼 미쳤다 뭐임? ㅋㅋㅋ,자동문 폼 미쳤다 뭐임? ㅋㅋㅋ,0.08087708801031113,0.03549743816256523,0.19683335721492767,0.21843576431274414,0.4134720265865326,0.054884351789951324
2024-05-19 22:40:17,채코 따따잇ㅋㅋㅋㅋㅋㅋㅋㅋㅋㅋㅋ,ㅋㅋㅋㅋㅋ,27,27.0,채코 따따잇ㅋㅋㅋㅋㅋㅋㅋㅋㅋㅋㅋ ㅋㅋㅋㅋㅋ,채코 따따잇ㅋㅋㅋㅋㅋㅋㅋㅋㅋㅋㅋ ㅋㅋㅋㅋㅋ,0.05902925878763199,0.03406549617648125,0.10922133922576904,0.06583873927593231,0.7098532915115356,0.021991893649101257
2024-05-19 22:40:16,진짜 자동문 다됐노,,27,27.0,진짜 자동문 다됐노 ,진짜 자동문 다됐노,0.14551661908626556,0.08282864093780518,0.2845243811607361,0.2499111294746399,0.11443740129470825,0.12278179079294205
2024-05-19 22:40:21,진짜 병신,- dc official App,27,27.0,진짜 병신 - dc official App,진짜 병신 - dc official App,0.08937901258468628,0.04555754363536835,0.18565165996551514,0.1924716681241989,0.45156025886535645,0.03537988290190697
2024-05-19 22:40:21,병신은 그냥 자동문이네ㅋㅋㅋ,"실력, 타이어 상태 다 병신 ㅋㅋ",27,27.0,"병신은 그냥 자동문이네ㅋㅋㅋ 실력, 타이어 상태 다 병신 ㅋㅋ","병신은 그냥 자동문이네ㅋㅋㅋ 실력, 타이어 상태 다 병신 ㅋㅋ",0.22024588286876678,0.1367143988609314,0.2232750654220581,0.25791648030281067,0.07469207048416138,0.08715604990720749
2024-05-19 22:40:22,딸깍 반대로꼈나 ㅋㅋㅋ,,27,27.0,딸깍 반대로꼈나 ㅋㅋㅋ ,딸깍 반대로꼈나 ㅋㅋㅋ,0.12136583775281906,0.05909048765897751,0.2669612169265747,0.27353769540786743,0.18847016990184784,0.09057455509901047
2024-05-19 22:40:23,전투력 측정기 ㅋㅋㅋㅋㅋ,ㅇㅇ,27,27.0,전투력 측정기 ㅋㅋㅋㅋㅋ ㅇㅇ,전투력 측정기 ㅋㅋㅋㅋㅋ ㅇㅇ,0.10687921196222305,0.04524640738964081,0.18994393944740295,0.14028993248939514,0.4716934263706207,0.04594709351658821
2024-05-19 22:40:23,병신 자동문이노ㅋㅋㅋㅋ 파이트한번 못해보네,"ㅋㅋㅋ
- dc official App",27,27.0,"병신 자동문이노ㅋㅋㅋㅋ 파이트한번 못해보네 ㅋㅋㅋ
- dc official App",병신 자동문이노ㅋㅋㅋㅋ 파이트한번 못해보네 ㅋㅋㅋ,0.1375461220741272,0.06813690066337585,0.315619558095932,0.20613950490951538,0.17818546295166016,0.0943724736571312
2024-05-19 22:40:28,비켮아 ㅋㅋㅋㅋㅋ,따잇,27,27.0,비켮아 ㅋㅋㅋㅋㅋ 따잇,비켮아 ㅋㅋㅋㅋㅋ 따잇,0.054487235844135284,0.03447670862078667,0.10812792927026749,0.06458134949207306,0.715153157711029,0.02317359298467636
2024-05-19 22:40:29,ㅋㅋㅋㅋㅋㅋㅋㅋ좀 안타깝노 진짜,ㄴㅋㅋㅋㅋㅋㅋ,27,27.0,ㅋㅋㅋㅋㅋㅋㅋㅋ좀 안타깝노 진짜 ㄴㅋㅋㅋㅋㅋㅋ,ㅋㅋㅋㅋㅋㅋㅋㅋ좀 안타깝노 진짜 ㄴㅋㅋㅋㅋㅋㅋ,0.13090817630290985,0.13686233758926392,0.3063794672489166,0.19810162484645844,0.1520977020263672,0.07565077394247055
2024-05-19 22:40:33,5.5,"미친새끼...
- dc official App",27,27.0,"5.5 미친새끼...
- dc official App",5.5 미친새끼...,0.29078543186187744,0.1447068452835083,0.19229714572429657,0.1928083449602127,0.09881003946065903,0.08059223741292953
2024-05-19 22:40:34,케로는 페레즈가 당연히 막을 줄 알았겠지?,다시 생각해도 어이가 없노 ㅋㅋㅋㅋㅋㅋㅋㅋㅋㅋㅋㅋㅋ,27,27.0,케로는 페레즈가 당연히 막을 줄 알았겠지? 다시 생각해도 어이가 없노 ㅋㅋㅋㅋㅋㅋㅋㅋㅋㅋㅋㅋㅋ,케로는 페레즈가 당연히 막을 줄 알았겠지? 다시 생각해도 어이가 없노 ㅋㅋㅋㅋㅋㅋㅋㅋㅋㅋㅋㅋㅋ,0.2110113799571991,0.11418285220861435,0.2655993402004242,0.21562689542770386,0.11957036703824997,0.07400915026664734
2024-05-19 22:40:35,요즘 센서 성능 좋네,"인식 못하는거 없이 보이면 다 열려
- dc official App",27,27.0,"요즘 센서 성능 좋네 인식 못하는거 없이 보이면 다 열려
- dc official App",요즘 센서 성능 좋네 인식 못하는거 없이 보이면 다 열려,0.06815794855356216,0.05013531818985939,0.19903899729251862,0.1624090075492859,0.4676370918750763,0.052621591836214066
2024-05-19 22:40:36,맥라렌 후배 도와주려고 르끌 잡아논 그저 GOAT…..,Mclaren F1 team 2007~,27,27.0,맥라렌 후배 도와주려고 르끌 잡아논 그저 GOAT….. Mclaren F1 team 2007~,맥라렌 후배 도와주려고 르끌 잡아논 그저 GOAT….. Mclaren F1 team 2007~,0.11450598388910294,0.12882043421268463,0.3192024528980255,0.12221168726682663,0.25503823161125183,0.06022116541862488
2024-05-19 22:40:41,병신 = 자동문,딸깍도 못막는,27,27.0,병신 = 자동문 딸깍도 못막는,병신 = 자동문 딸깍도 못막는,0.1635962575674057,0.10821695625782013,0.21099723875522614,0.33310019969940186,0.08454489707946777,0.0995444729924202
2024-05-19 22:40:47,호너: 저 씹련이!?,"진짜 병신
- dc official App",27,27.0,"호너: 저 씹련이!? 진짜 병신
- dc official App",호너: 저 씹련이!? 진짜 병신,0.2847767472267151,0.15846751630306244,0.15721462666988373,0.21398496627807617,0.10443342477083206,0.08112268894910812
2024-05-19 22:40:48,who's next!,ㅋㅋㅋ,27,27.0,who's next! ㅋㅋㅋ,who's next! ㅋㅋㅋ,0.056107837706804276,0.034198496490716934,0.11431603878736496,0.06671151518821716,0.706208348274231,0.022457674145698547
2024-05-19 22:40:50,고티피 있었으면 여기서 박아서 꿀잼 만들어 주는데,그립읍니다..,27,27.0,고티피 있었으면 여기서 박아서 꿀잼 만들어 주는데 그립읍니다..,고티피 있었으면 여기서 박아서 꿀잼 만들어 주는데 그립읍니다..,0.098767951130867,0.1092102900147438,0.18627768754959106,0.1050211489200592,0.4438866078853607,0.0568363256752491
2024-05-19 22:40:53,걍지나가라고 벌려주네 ㅋㅋㅋㅋㅋㅋ,,27,27.0,걍지나가라고 벌려주네 ㅋㅋㅋㅋㅋㅋ ,걍지나가라고 벌려주네 ㅋㅋㅋㅋㅋㅋ,0.14100119471549988,0.06281670182943344,0.23883792757987976,0.19311536848545074,0.28250086307525635,0.08172786980867386
2024-05-19 22:40:57,오늘 페라리 <<<- 온몸으로 병신짓 하는중 ㅋㅋ,실시간 페라리 서커스 진행중 ㅋㅋ,27,27.0,오늘 페라리 <<<- 온몸으로 병신짓 하는중 ㅋㅋ 실시간 페라리 서커스 진행중 ㅋㅋ,오늘 페라리 <<<- 온몸으로 병신짓 하는중 ㅋㅋ 실시간 페라리 서커스 진행중 ㅋㅋ,0.21460385620594025,0.0985342264175415,0.2690031826496124,0.14739282429218292,0.1848510205745697,0.0856148824095726
2024-05-19 22:40:58,체코 저 허벌보지년ㅋㅋㅋㅋㅋㅋㅋ,에라이 너는 RB19 반납해라ㅋㅋㅋㅋㅋㅋ,27,27.0,체코 저 허벌보지년ㅋㅋㅋㅋㅋㅋㅋ 에라이 너는 RB19 반납해라ㅋㅋㅋㅋㅋㅋ,체코 저 허벌보지년ㅋㅋㅋㅋㅋㅋㅋ 에라이 너는 RB19 반납해라ㅋㅋㅋㅋㅋㅋ,0.3098212778568268,0.1375817209482193,0.16507452726364136,0.1768217533826828,0.14541316032409668,0.0652875304222107
2024-05-19 22:41:02,피트스탑 다들 왜저러냐,- dc official App,27,27.0,피트스탑 다들 왜저러냐 - dc official App,피트스탑 다들 왜저러냐 - dc official App,0.22468237578868866,0.19377805292606354,0.257386714220047,0.17413349449634552,0.09307647496461868,0.05694287270307541
2024-05-19 22:41:06,갑자기 질문 죄송..,타이어 관리라는 개념 자체가 타이어 손상 얼마나 됬냐 기준인거임?,27,27.0,갑자기 질문 죄송.. 타이어 관리라는 개념 자체가 타이어 손상 얼마나 됬냐 기준인거임?,갑자기 질문 죄송.. 타이어 관리라는 개념 자체가 타이어 손상 얼마나 됬냐 기준인거임?,0.11933613568544388,0.09721124917268753,0.23525016009807587,0.34206104278564453,0.111033134162426,0.09510821104049683
2024-05-19 22:41:17,페라리 핏스탑 시발,2.7 장난하노,28,28.0,페라리 핏스탑 시발 2.7 장난하노,페라리 핏스탑 시발 2.7 장난하노,0.3033205270767212,0.19206780195236206,0.209221750497818,0.1384829878807068,0.11451748013496399,0.0423894003033638
2024-05-19 22:41:18,피아제 언더컷 대성공 ㅋㅋㅋㅋ,아오좆라리새끼들,28,28.0,피아제 언더컷 대성공 ㅋㅋㅋㅋ 아오좆라리새끼들,피아제 언더컷 대성공 ㅋㅋㅋㅋ 아오좆라리새끼들,0.2717987298965454,0.12209932506084442,0.20740164816379547,0.11637929826974869,0.22292976081371307,0.05939123034477234
2024-05-19 22:41:19,오늘 전체적으로 핏스탑이 느리네,,28,28.0,오늘 전체적으로 핏스탑이 느리네 ,오늘 전체적으로 핏스탑이 느리네,0.1286487877368927,0.16915245354175568,0.34618625044822693,0.19829128682613373,0.10935914516448975,0.04836205765604973
2024-05-19 22:41:21,페레즈의 신들린 디펜스.gif,,28,28.0,페레즈의 신들린 디펜스.gif ,페레즈의 신들린 디펜스.gif,0.07539693266153336,0.0345720537006855,0.15974774956703186,0.1373411864042282,0.5572852492332458,0.03565686568617821
2024-05-19 22:41:30,2.7은 제발,,28,28.0,2.7은 제발 ,2.7은 제발,0.15720894932746887,0.2087474912405014,0.26714810729026794,0.20105428993701935,0.08929023146629333,0.07655085623264313
2024-05-19 22:41:41,왜안나옴,"ㅅㅂ
Oracle Red Bull Racing RB20",28,28.0,"왜안나옴 ㅅㅂ
Oracle Red Bull Racing RB20",왜안나옴 ㅅㅂ Oracle Red Bull Racing RB20,0.2893161475658417,0.17876318097114563,0.21982929110527039,0.11733783036470413,0.15837979316711426,0.03637376427650452
2024-05-19 22:41:47,퇴물탕ㅋㅋㅋ,ㅋ,28,28.0,퇴물탕ㅋㅋㅋ ㅋ,퇴물탕ㅋㅋㅋ ㅋ,0.1816631555557251,0.06983549147844315,0.22722843289375305,0.1761152446269989,0.28434279561042786,0.06081491708755493
2024-05-19 22:41:49,걍 좆라리가 좆라리 할듯?,ㅋㅋ,28,28.0,걍 좆라리가 좆라리 할듯? ㅋㅋ,걍 좆라리가 좆라리 할듯? ㅋㅋ,0.15094733238220215,0.09596755355596542,0.3043571412563324,0.23158186674118042,0.12865999341011047,0.08848606050014496
2024-05-19 22:41:53,이몰라 << 자갈 맛집,,28,28.0,이몰라 << 자갈 맛집 ,이몰라 << 자갈 맛집,0.05959964543581009,0.03300198167562485,0.13186989724636078,0.092427097260952,0.6579358577728271,0.02516544610261917
2024-05-19 22:42:03,백마커에게 따이면 우짬 ㅋㅋ,얼탱,28,28.0,백마커에게 따이면 우짬 ㅋㅋ 얼탱,백마커에게 따이면 우짬 ㅋㅋ 얼탱,0.15519970655441284,0.0804312601685524,0.21777619421482086,0.31091588735580444,0.11192844063043594,0.1237485334277153
2024-05-19 22:42:08,여기서 셉카뜨면 병신이랑 트롤만 대박인가 이제,"제발 꿀잼만들어줘 케이막
- dc official App",28,28.0,"여기서 셉카뜨면 병신이랑 트롤만 대박인가 이제 제발 꿀잼만들어줘 케이막
- dc official App",여기서 셉카뜨면 병신이랑 트롤만 대박인가 이제 제발 꿀잼만들어줘 케이막,0.06098487600684166,0.04131849482655525,0.14256009459495544,0.08290868997573853,0.6354454159736633,0.03678229823708534
2024-05-19 22:42:10,엪갤 병신들아 페라리가 이러는거 한두번이냐? ㅋㅋㅋ,잠깐 꿈 꿨다고 생각해 ㅋㅋ,28,28.0,엪갤 병신들아 페라리가 이러는거 한두번이냐? ㅋㅋㅋ 잠깐 꿈 꿨다고 생각해 ㅋㅋ,엪갤 병신들아 페라리가 이러는거 한두번이냐? ㅋㅋㅋ 잠깐 꿈 꿨다고 생각해 ㅋㅋ,0.16094675660133362,0.06659223884344101,0.2761179208755493,0.22988925874233246,0.15813732147216797,0.10831648111343384
2024-05-19 22:42:15,타이어 염색은 물평ㅋㅋ,"ㅋㅋ
Oracle Red Bull Racing RB20",28,28.0,"타이어 염색은 물평ㅋㅋ ㅋㅋ
Oracle Red Bull Racing RB20",타이어 염색은 물평ㅋㅋ ㅋㅋ Oracle Red Bull Racing RB20,0.14968235790729523,0.07117626070976257,0.2586771249771118,0.17569206655025482,0.2879126965999603,0.05685945972800255
2024-05-19 22:42:19,-깍딸-,,28,28.0,-깍딸- ,-깍딸-,0.073915995657444,0.046425431966781616,0.1655997484922409,0.10803333669900894,0.5749188661575317,0.03110663592815399
2024-05-19 22:42:20,헐크 폼 빨딱섯네 ㅋㅋ,,28,28.0,헐크 폼 빨딱섯네 ㅋㅋ ,헐크 폼 빨딱섯네 ㅋㅋ,0.07677654922008514,0.03453103452920914,0.2034817337989807,0.20086883008480072,0.41818103194236755,0.06616079062223434
2024-05-19 22:42:21,대 노 다,- dc official App,28,28.0,대 노 다 - dc official App,대 노 다 - dc official App,0.1185072660446167,0.07762757688760757,0.24929887056350708,0.18800143897533417,0.31070736050605774,0.05585753545165062
2024-05-19 22:42:32,노후보장ㅋㅋㅋ,ㅋㅋㅋ,28,28.0,노후보장ㅋㅋㅋ ㅋㅋㅋ,노후보장ㅋㅋㅋ ㅋㅋㅋ,0.13032610714435577,0.0678095668554306,0.21954677999019623,0.11082889139652252,0.42757558822631836,0.04391315579414368
2024-05-19 22:42:33,이 남자는 무료로 해줍니다,"무료로 자리를 비켜줍니다.
- dc official App",29,29.0,"이 남자는 무료로 해줍니다 무료로 자리를 비켜줍니다.
- dc official App",이 남자는 무료로 해줍니다 무료로 자리를 비켜줍니다.,0.08363354206085205,0.07912056148052216,0.21682792901992798,0.13538378477096558,0.4170770049095154,0.06795714795589447
2024-05-19 22:42:34,노후보장 ㅋㅋㅋㅋ,"아우디 평생직장 ㅋㅋㅋ
- dc official App",29,29.0,"노후보장 ㅋㅋㅋㅋ 아우디 평생직장 ㅋㅋㅋ
- dc official App",노후보장 ㅋㅋㅋㅋ 아우디 평생직장 ㅋㅋㅋ,0.09186877310276031,0.06823544949293137,0.13778674602508545,0.07007420808076859,0.5972918272018433,0.03474300354719162
2024-05-19 22:42:38,노후보장ㅋㅋㅋㅋㅋㅋ,ㅋㅋㅋㅋ,29,29.0,노후보장ㅋㅋㅋㅋㅋㅋ ㅋㅋㅋㅋ,노후보장ㅋㅋㅋㅋㅋㅋ ㅋㅋㅋㅋ,0.13961970806121826,0.06686287373304367,0.23728279769420624,0.1284179538488388,0.3779941201210022,0.049822546541690826
2024-05-19 22:42:41,노후보장 ㅋㅋㅋㅋㅋㅋㅋㅋㅋ,ㅋㅋㅋㅋㅋㅋ,29,29.0,노후보장 ㅋㅋㅋㅋㅋㅋㅋㅋㅋ ㅋㅋㅋㅋㅋㅋ,노후보장 ㅋㅋㅋㅋㅋㅋㅋㅋㅋ ㅋㅋㅋㅋㅋㅋ,0.1261889785528183,0.06248318776488304,0.21294033527374268,0.11670904606580734,0.4373209476470947,0.04435752332210541
2024-05-19 22:42:49,노후보장 시발ㅋㅋㅋㅋㅋㅋㅋㅋㅋㅋ,ㅋㅋㅋㅋㅋㅋㅋㅋㅋㅋㅋㅋ,29,29.0,노후보장 시발ㅋㅋㅋㅋㅋㅋㅋㅋㅋㅋ ㅋㅋㅋㅋㅋㅋㅋㅋㅋㅋㅋㅋ,노후보장 시발ㅋㅋㅋㅋㅋㅋㅋㅋㅋㅋ ㅋㅋㅋㅋㅋㅋㅋㅋㅋㅋㅋㅋ,0.25938254594802856,0.13264775276184082,0.2671341300010681,0.1271914690732956,0.14477065205574036,0.06887349486351013
2024-05-19 22:42:49,저런 자동문에게 막혀 드챔 날린 놈,뭘 봐,29,29.0,저런 자동문에게 막혀 드챔 날린 놈 뭘 봐,저런 자동문에게 막혀 드챔 날린 놈 뭘 봐,0.22415143251419067,0.1621328741312027,0.21587343513965607,0.251470148563385,0.06759582459926605,0.0787762776017189
2024-05-19 22:42:52,노후보장ㅋㅋㅋㅋㅋㅋㅋㅋㅋㅋㅋㅋㅋㅋㅋㅋㅋㅋㅋ,ㅋㅋㅋㅋㅋㅋㅋㅋㅋㅋㅋㅋㅋㅋ,29,29.0,노후보장ㅋㅋㅋㅋㅋㅋㅋㅋㅋㅋㅋㅋㅋㅋㅋㅋㅋㅋㅋ ㅋㅋㅋㅋㅋㅋㅋㅋㅋㅋㅋㅋㅋㅋ,노후보장ㅋㅋㅋㅋㅋㅋㅋㅋㅋㅋㅋㅋㅋㅋㅋㅋㅋㅋㅋ ㅋㅋㅋㅋㅋㅋㅋㅋㅋㅋㅋㅋㅋㅋ,0.09355849772691727,0.04932793974876404,0.15158884227275848,0.08474957197904587,0.5878303050994873,0.03294483944773674
2024-05-19 22:43:03,노보후장 ㅇㅈㄹ ㅋㅋㅋㅋㅋㅋㅋㅋㅋ,,29,29.0,노보후장 ㅇㅈㄹ ㅋㅋㅋㅋㅋㅋㅋㅋㅋ ,노보후장 ㅇㅈㄹ ㅋㅋㅋㅋㅋㅋㅋㅋㅋ,0.19498448073863983,0.07792013883590698,0.21505217254161835,0.24849650263786316,0.1905609518289566,0.07298571616411209
2024-05-19 22:43:04,어제부터 드립 맛있네ㅋㅋㅋㅋㅋㅋ,- dc official App,29,29.0,어제부터 드립 맛있네ㅋㅋㅋㅋㅋㅋ - dc official App,어제부터 드립 맛있네ㅋㅋㅋㅋㅋㅋ - dc official App,0.05349612236022949,0.036805521696805954,0.1078760027885437,0.06262660771608353,0.7142730951309204,0.024922650307416916
2024-05-19 22:43:06,곧 사자쇼 시작하겠노,무파사 따먹으러 가자~,29,29.0,곧 사자쇼 시작하겠노 무파사 따먹으러 가자~,곧 사자쇼 시작하겠노 무파사 따먹으러 가자~,0.07322365790605545,0.03986617922782898,0.13864658772945404,0.09449884295463562,0.6201058030128479,0.033658891916275024
2024-05-19 22:43:14,르끌만 피아제한테 먹히면,"완벽한 주말 될거같은데
제발",29,29.0,"르끌만 피아제한테 먹히면 완벽한 주말 될거같은데
제발",르끌만 피아제한테 먹히면 완벽한 주말 될거같은데 제발,0.13393491506576538,0.15768420696258545,0.24702411890029907,0.1616417020559311,0.21134935319423676,0.08836566656827927
2024-05-19 22:43:21,체코 투스탑하려나,,29,29.0,체코 투스탑하려나 ,체코 투스탑하려나,0.09546775370836258,0.05767697095870972,0.22251658141613007,0.28935644030570984,0.25867024064064026,0.07631200551986694
2024-05-19 22:43:23,막가새끼 한번 더 나가면 5초 페널티냐?,"오호라.. ㅋ
- dc official App",29,29.0,"막가새끼 한번 더 나가면 5초 페널티냐? 오호라.. ㅋ
- dc official App",막가새끼 한번 더 나가면 5초 페널티냐? 오호라.. ㅋ,0.17080406844615936,0.08254896849393845,0.24871604144573212,0.24722909927368164,0.11473304033279419,0.13596877455711365
2024-05-19 22:43:28,근데 이몰라 <<<<- 순위변동 존나 자주 일어나네 ㅋㅋ,존잼이노 ㅋㅋ,29,29.0,근데 이몰라 <<<<- 순위변동 존나 자주 일어나네 ㅋㅋ 존잼이노 ㅋㅋ,근데 이몰라 <<<<- 순위변동 존나 자주 일어나네 ㅋㅋ 존잼이노 ㅋㅋ,0.06909272819757462,0.03373093903064728,0.154023215174675,0.12213429063558578,0.5903605818748474,0.030658211559057236
2024-05-19 22:43:31,퇴 물 탕 ㅋㅋㅋㅋㅋㅋ,- dc official App,29,29.0,퇴 물 탕 ㅋㅋㅋㅋㅋㅋ - dc official App,퇴 물 탕 ㅋㅋㅋㅋㅋㅋ - dc official App,0.12372972071170807,0.05095404013991356,0.18147528171539307,0.1198229193687439,0.48341289162635803,0.0406050868332386
2024-05-19 22:43:45,세카뜰때까지 잔다,애들이 사고를 안내네,29,29.0,세카뜰때까지 잔다 애들이 사고를 안내네,세카뜰때까지 잔다 애들이 사고를 안내네,0.06613335758447647,0.06535538285970688,0.20357826352119446,0.12331075966358185,0.48943206667900085,0.052190255373716354
2024-05-19 22:43:52,막스 흑백반기 한번 더 받으면 5초 두번 더 받으면 10초임?,그럼 두번 받으면 총 15초?,29,29.0,막스 흑백반기 한번 더 받으면 5초 두번 더 받으면 10초임? 그럼 두번 받으면 총 15초?,막스 흑백반기 한번 더 받으면 5초 두번 더 받으면 10초임? 그럼 두번 받으면 총 15초?,0.10460346937179565,0.0647251084446907,0.22930894792079926,0.323289692401886,0.18342211842536926,0.09465065598487854
2024-05-19 22:43:54,츠노다 위에 마그누센 있는거 너무 무서운데?,,29,29.0,츠노다 위에 마그누센 있는거 너무 무서운데? ,츠노다 위에 마그누센 있는거 너무 무서운데?,0.12514744699001312,0.06313116103410721,0.1890457421541214,0.3527994155883789,0.15530961751937866,0.11456659436225891
2024-05-19 22:44:01,응 따잇 ㅋㅋㅋㅋㅋ,,30,30.0,응 따잇 ㅋㅋㅋㅋㅋ ,응 따잇 ㅋㅋㅋㅋㅋ,0.054254647344350815,0.03509858250617981,0.10868485271930695,0.06339063495397568,0.7145973443984985,0.023973975330591202
2024-05-19 22:44:08,따잇ㅅㅅㅅㅅㅅㅅ,캬,30,30.0,따잇ㅅㅅㅅㅅㅅㅅ 캬,따잇ㅅㅅㅅㅅㅅㅅ 캬,0.05639176070690155,0.038600798696279526,0.11414279043674469,0.06327708810567856,0.7054291367530823,0.02215840108692646
2024-05-19 22:44:08,진짜자동문 ㅋㅋㅋㅋㅋㅋㅋ씨발,,30,30.0,진짜자동문 ㅋㅋㅋㅋㅋㅋㅋ씨발 ,진짜자동문 ㅋㅋㅋㅋㅋㅋㅋ씨발,0.29330289363861084,0.1523842066526413,0.2391424924135208,0.12307244539260864,0.129745751619339,0.062352221459150314
2024-05-19 22:44:10,진짜 병신이네,- dc official App,30,30.0,진짜 병신이네 - dc official App,진짜 병신이네 - dc official App,0.0916912704706192,0.040903929620981216,0.23737885057926178,0.2797180116176605,0.25410160422325134,0.09620634466409683
2024-05-19 22:44:11,걍 씹 자동문ㅋㅋㅋㅋㅋㅋㅋㅋ,ㅋㅋㅋㅋ,30,30.0,걍 씹 자동문ㅋㅋㅋㅋㅋㅋㅋㅋ ㅋㅋㅋㅋ,걍 씹 자동문ㅋㅋㅋㅋㅋㅋㅋㅋ ㅋㅋㅋㅋ,0.18035036325454712,0.09890735894441605,0.29328054189682007,0.1638195961713791,0.18369407951831818,0.07994803786277771
2024-05-19 22:44:14,비켜 자식아~,니 할거나해,30,30.0,비켜 자식아~ 니 할거나해,비켜 자식아~ 니 할거나해,0.29517823457717896,0.14917895197868347,0.21079576015472412,0.13457155227661133,0.17063212394714355,0.03964340686798096
2024-05-19 22:44:15,ㄹㅇ 자동문ㅋㅋㅋㅋㅋㅋㅋㅋ,,30,30.0,ㄹㅇ 자동문ㅋㅋㅋㅋㅋㅋㅋㅋ ,ㄹㅇ 자동문ㅋㅋㅋㅋㅋㅋㅋㅋ,0.1057790070772171,0.04734431952238083,0.19690224528312683,0.1647581160068512,0.4341336786746979,0.05108267441391945
2024-05-19 22:44:17,나이스ㅋㅋㅋㅋㅋㅋㅋㅋㅋㅋㅋㅋㅋㅋ,- dc official App,30,30.0,나이스ㅋㅋㅋㅋㅋㅋㅋㅋㅋㅋㅋㅋㅋㅋ - dc official App,나이스ㅋㅋㅋㅋㅋㅋㅋㅋㅋㅋㅋㅋㅋㅋ - dc official App,0.05614328384399414,0.03547218069434166,0.10959691554307938,0.06532002240419388,0.710361123085022,0.023106474429368973
2024-05-19 22:44:17,체코 오늘 막은 적 있냐,다대줬지?,30,30.0,체코 오늘 막은 적 있냐 다대줬지?,체코 오늘 막은 적 있냐 다대줬지?,0.15981319546699524,0.10933083295822144,0.21411576867103577,0.31854167580604553,0.09501566737890244,0.10318277776241302
2024-05-19 22:44:19,오늘은 걍 딸깍당하는 역할 ㅋㅋ,,30,30.0,오늘은 걍 딸깍당하는 역할 ㅋㅋ ,오늘은 걍 딸깍당하는 역할 ㅋㅋ,0.14384837448596954,0.09067203849554062,0.26603659987449646,0.11190836131572723,0.3362242877483368,0.051310379058122635
2024-05-19 22:44:19,그저 병신 자동문,시트도 자동문으로 뱉어라,30,30.0,그저 병신 자동문 시트도 자동문으로 뱉어라,그저 병신 자동문 시트도 자동문으로 뱉어라,0.19216226041316986,0.11604463309049606,0.25501614809036255,0.22396573424339294,0.1488293558359146,0.06398177146911621
2024-05-19 22:44:19,노후보장 뭐임?,아 시발 술먹다가 못들음,30,30.0,노후보장 뭐임? 아 시발 술먹다가 못들음,노후보장 뭐임? 아 시발 술먹다가 못들음,0.24693992733955383,0.23796287178993225,0.2547799348831177,0.11809100955724716,0.09484027326107025,0.04738602787256241
2024-05-19 22:44:22,"""내년부터 저새끼 쓰라고요?""","하 씨발...
- dc official App",30,30.0,"""내년부터 저새끼 쓰라고요?"" 하 씨발...
- dc official App","""내년부터 저새끼 쓰라고요?"" 하 씨발...",0.286388635635376,0.23032861948013306,0.19205524027347565,0.1411992609500885,0.10097590833902359,0.04905238002538681
2024-05-19 22:44:22,체코 원래 폼 다시돌아왔노 ㅋㅋㅋㅋㅋㅋ,ㅅㅅㅅㅅㅅ,30,30.0,체코 원래 폼 다시돌아왔노 ㅋㅋㅋㅋㅋㅋ ㅅㅅㅅㅅㅅ,체코 원래 폼 다시돌아왔노 ㅋㅋㅋㅋㅋㅋ ㅅㅅㅅㅅㅅ,0.051722828298807144,0.03707202896475792,0.11194787174463272,0.06107298657298088,0.7122631072998047,0.025921247899532318
2024-05-19 22:44:28,타코 ㅅㅂ 다따이노,맛 제대로갔네,30,30.0,타코 ㅅㅂ 다따이노 맛 제대로갔네,타코 ㅅㅂ 다따이노 맛 제대로갔네,0.2502692639827728,0.1569891721010208,0.20358793437480927,0.20738822221755981,0.09700817614793777,0.08475719392299652
2024-05-19 22:44:28,최신식 자동문이야!!!,ㅋㅋ,30,30.0,최신식 자동문이야!!! ㅋㅋ,최신식 자동문이야!!! ㅋㅋ,0.056030407547950745,0.038628943264484406,0.11076705902814865,0.06426975131034851,0.703716516494751,0.02658732980489731
2024-05-19 22:44:29,자동문 피트인 했음?,??,30,30.0,자동문 피트인 했음? ??,자동문 피트인 했음? ??,0.09843835979700089,0.054841894656419754,0.21510574221611023,0.3376787304878235,0.20552904903888702,0.0884062796831131
2024-05-19 22:44:32,저게 몽골이랑 같은 차라고ㅋㅋㅋㅋ,ㅋㅋㅋㅋㅋㅋㅋㅋㅋ,30,30.0,저게 몽골이랑 같은 차라고ㅋㅋㅋㅋ ㅋㅋㅋㅋㅋㅋㅋㅋㅋ,저게 몽골이랑 같은 차라고ㅋㅋㅋㅋ ㅋㅋㅋㅋㅋㅋㅋㅋㅋ,0.15113896131515503,0.0694953054189682,0.251575767993927,0.29075586795806885,0.1358855664730072,0.10114847868680954
2024-05-19 22:44:31,병신 진짜 시트 잃겠는데,저 자리에서 저 실력이면,30,30.0,병신 진짜 시트 잃겠는데 저 자리에서 저 실력이면,병신 진짜 시트 잃겠는데 저 자리에서 저 실력이면,0.11449643969535828,0.06330697238445282,0.2121562361717224,0.3180060386657715,0.16495326161384583,0.12708105146884918
2024-05-19 22:44:34,오늘 페라리 병신임?,- dc official App,30,30.0,오늘 페라리 병신임? - dc official App,오늘 페라리 병신임? - dc official App,0.07805724442005157,0.04563285782933235,0.20490671694278717,0.233415424823761,0.3839030861854553,0.05408468097448349
2024-05-19 22:44:35,체코 다 벌려주노,걸레년 ㅉㅉ,30,30.0,체코 다 벌려주노 걸레년 ㅉㅉ,체코 다 벌려주노 걸레년 ㅉㅉ,0.2726304531097412,0.14920401573181152,0.16989846527576447,0.23795855045318604,0.10302163660526276,0.06728682667016983
2024-05-19 22:44:36,근데 설마 흑백기도 페레즈인데 막스로 띄운거 아니겠지?,에이 설마,30,30.0,근데 설마 흑백기도 페레즈인데 막스로 띄운거 아니겠지? 에이 설마,근데 설마 흑백기도 페레즈인데 막스로 띄운거 아니겠지? 에이 설마,0.1251296103000641,0.08732564002275467,0.2257494032382965,0.33979329466819763,0.1234150305390358,0.09858698397874832
2024-05-19 22:44:38,걸레년 사진 ㅋㅋㅋ,,30,30.0,걸레년 사진 ㅋㅋㅋ ,걸레년 사진 ㅋㅋㅋ,0.27741071581840515,0.12426161766052246,0.16954004764556885,0.19125321507453918,0.16591711342334747,0.07161732763051987
2024-05-19 22:44:35,병신 저정도면 오늘 몇등할꺼같냐,"난 9등아님 10등 봄
Mclaren F1 team 2007~",30,30.0,"병신 저정도면 오늘 몇등할꺼같냐 난 9등아님 10등 봄
Mclaren F1 team 2007~",병신 저정도면 오늘 몇등할꺼같냐 난 9등아님 10등 봄 Mclaren F1 team 2007~,0.08869393914937973,0.047723446041345596,0.2518489360809326,0.23481057584285736,0.2914285957813263,0.08549448847770691
2024-05-19 22:44:40,체코 시즌말미까지 시트유지 가능?ㅋㅋ,호너 극대노하고 있을듯ㅋㅋㅋㅋ,30,30.0,체코 시즌말미까지 시트유지 가능?ㅋㅋ 호너 극대노하고 있을듯ㅋㅋㅋㅋ,체코 시즌말미까지 시트유지 가능?ㅋㅋ 호너 극대노하고 있을듯ㅋㅋㅋㅋ,0.14762833714485168,0.06493303179740906,0.2484031468629837,0.28220808506011963,0.13620561361312866,0.12062179297208786
2024-05-19 22:44:41,아니 잠깐 한눈팔았는데 또 막스가 1등이냐,ㅇ,30,30.0,아니 잠깐 한눈팔았는데 또 막스가 1등이냐 ㅇ,아니 잠깐 한눈팔았는데 또 막스가 1등이냐 ㅇ,0.08902136981487274,0.056162528693675995,0.31395331025123596,0.2158052921295166,0.22582873702049255,0.09922874718904495
2024-05-19 22:44:44,뭐야아 맥 왜리이 빨라???,,30,30.0,뭐야아 맥 왜리이 빨라??? ,뭐야아 맥 왜리이 빨라???,0.09764885902404785,0.04461011663079262,0.22513650357723236,0.31101369857788086,0.23057760298252106,0.09101321548223495
2024-05-19 22:44:45,마그누센 트레인 있냐?,지금 뒤에 열명 있는데,30,30.0,마그누센 트레인 있냐? 지금 뒤에 열명 있는데,마그누센 트레인 있냐? 지금 뒤에 열명 있는데,0.10060572624206543,0.0540258027613163,0.22597628831863403,0.32495802640914917,0.2027837187051773,0.09165040403604507
2024-05-19 22:44:38,어 형은 역딸깍맨이야~,,30,30.0,어 형은 역딸깍맨이야~ ,어 형은 역딸깍맨이야~,0.05149642005562782,0.03461712971329689,0.1211993470788002,0.07855453342199326,0.6799795627593994,0.03415299579501152
2024-05-19 22:44:47,이랏샤이마세~!,"손님 다섯명째!
- dc official App",30,30.0,"이랏샤이마세~! 손님 다섯명째!
- dc official App",이랏샤이마세~! 손님 다섯명째!,0.05452793091535568,0.03938480466604233,0.11086079478263855,0.0644187405705452,0.7049488425254822,0.02585887536406517
2024-05-19 22:44:52,11시 경기인줄 알았네 씹;;,"지금까지 경기 요약좀
- dc official App",30,30.0,"11시 경기인줄 알았네 씹;; 지금까지 경기 요약좀
- dc official App",11시 경기인줄 알았네 씹;; 지금까지 경기 요약좀,0.1869473159313202,0.20267492532730103,0.3290576934814453,0.13439103960990906,0.09011905640363693,0.05681002512574196
2024-05-19 22:44:54,몽골이랑 체코랑 같은차가 맞나 의심되는데 ㅋㅋ,크루징 vs 자동문,30,30.0,몽골이랑 체코랑 같은차가 맞나 의심되는데 ㅋㅋ 크루징 vs 자동문,몽골이랑 체코랑 같은차가 맞나 의심되는데 ㅋㅋ 크루징 vs 자동문,0.12775403261184692,0.0833665207028389,0.2276117205619812,0.35841813683509827,0.11156155169010162,0.0912879928946495
2024-05-19 22:45:03,체코 토잉카행…,ㅇㅇㅇ,30,30.0,체코 토잉카행… ㅇㅇㅇ,체코 토잉카행… ㅇㅇㅇ,0.06452851742506027,0.051965128630399704,0.1558299958705902,0.08111154288053513,0.6150344014167786,0.031530361622571945
2024-05-19 22:45:22,현재 엪갤 순위,"피 뽀 ! 피 뽀 !
- dc official App",31,31.0,"현재 엪갤 순위 피 뽀 ! 피 뽀 !
- dc official App",현재 엪갤 순위 피 뽀 ! 피 뽀 !,0.053314562886953354,0.033682502806186676,0.1108875647187233,0.0741158127784729,0.7026886343955994,0.02531096525490284
2024-05-19 22:45:24,후즈넥스트,알아야 비켜주지 ㅋㅋㅋㅋㅋ,31,31.0,후즈넥스트 알아야 비켜주지 ㅋㅋㅋㅋㅋ,후즈넥스트 알아야 비켜주지 ㅋㅋㅋㅋㅋ,0.1891845166683197,0.08350400626659393,0.2720601558685303,0.1765930950641632,0.2094535082578659,0.0692046731710434
2024-05-19 22:45:25,막스 5초 페널티 받으면 게임 존나 재밌겠는데,ㅋㅋ,31,31.0,막스 5초 페널티 받으면 게임 존나 재밌겠는데 ㅋㅋ,막스 5초 페널티 받으면 게임 존나 재밌겠는데 ㅋㅋ,0.08524827659130096,0.036597054451704025,0.18401679396629333,0.18010058999061584,0.47089213132858276,0.043145231902599335
2024-05-19 22:45:25,긍정) 몽골 한 번만 더 트랙 나가면 5초 페널티,부정) 5초 페널티 받아도 순위 그대로,31,31.0,긍정) 몽골 한 번만 더 트랙 나가면 5초 페널티 부정) 5초 페널티 받아도 순위 그대로,긍정) 몽골 한 번만 더 트랙 나가면 5초 페널티 부정) 5초 페널티 받아도 순위 그대로,0.1254415661096573,0.09066130965948105,0.2739216387271881,0.2193918079137802,0.2333061844110489,0.05727752298116684
2024-05-19 22:45:28,체가놈 짤리면 누가 올라오냐?,ㅇ,31,31.0,체가놈 짤리면 누가 올라오냐? ㅇ,체가놈 짤리면 누가 올라오냐? ㅇ,0.13340184092521667,0.1232120543718338,0.28275611996650696,0.27576473355293274,0.08916053920984268,0.09570471942424774
2024-05-19 22:45:31,앞차에 DRS를 못 써서 뒷차에 쓰는 새끼 ㄷㄷ,,31,31.0,앞차에 DRS를 못 써서 뒷차에 쓰는 새끼 ㄷㄷ ,앞차에 DRS를 못 써서 뒷차에 쓰는 새끼 ㄷㄷ,0.26099565625190735,0.14152830839157104,0.17713405191898346,0.2432568222284317,0.09064864367246628,0.08643648773431778
2024-05-19 22:45:32,몇명을따이냐 ㅋㅋㅋ,- dc official App,31,31.0,몇명을따이냐 ㅋㅋㅋ - dc official App,몇명을따이냐 ㅋㅋㅋ - dc official App,0.12594786286354065,0.050604116171598434,0.2690633535385132,0.22501720488071442,0.24913915991783142,0.0802282765507698
2024-05-19 22:45:32,쥬지한테도 따이네,오,31,31.0,쥬지한테도 따이네 오,쥬지한테도 따이네 오,0.15172985196113586,0.07825911045074463,0.217592254281044,0.316513329744339,0.10299111902713776,0.13291431963443756
2024-05-19 22:45:32,뭐야 페라리 이새끼들 셒카기도하다 언더컷 당함?,뭐하냐 이 ㅂㅅ들?,31,31.0,뭐야 페라리 이새끼들 셒카기도하다 언더컷 당함? 뭐하냐 이 ㅂㅅ들?,뭐야 페라리 이새끼들 셒카기도하다 언더컷 당함? 뭐하냐 이 ㅂㅅ들?,0.25253376364707947,0.14819498360157013,0.20947112143039703,0.22238296270370483,0.08491627126932144,0.08250094950199127
2024-05-19 22:45:33,아니 메르한테도 따이네 ㅋㅋ,,31,31.0,아니 메르한테도 따이네 ㅋㅋ ,아니 메르한테도 따이네 ㅋㅋ,0.14306044578552246,0.09314227104187012,0.25913894176483154,0.30769938230514526,0.08324556052684784,0.11371339112520218
2024-05-19 22:45:36,플랜씨 ㅋㅋㅋㅋ,,31,31.0,플랜씨 ㅋㅋㅋㅋ ,플랜씨 ㅋㅋㅋㅋ,0.054197076708078384,0.031967729330062866,0.11149287223815918,0.07313813269138336,0.7048771381378174,0.02432701550424099
2024-05-19 22:45:42,아니이제 하다하다 메르한테도쳐따이노ㅋㅋㅋㅋㅋㅋㅋㅋㅋㅋ,- dc official App,31,31.0,아니이제 하다하다 메르한테도쳐따이노ㅋㅋㅋㅋㅋㅋㅋㅋㅋㅋ - dc official App,아니이제 하다하다 메르한테도쳐따이노ㅋㅋㅋㅋㅋㅋㅋㅋㅋㅋ - dc official App,0.19750888645648956,0.11828826367855072,0.24036738276481628,0.23932252824306488,0.094504714012146,0.11000825464725494
2024-05-19 22:45:44,그냥 뚫려버리는 체코ㅋㅋㅋㅋ,,31,31.0,그냥 뚫려버리는 체코ㅋㅋㅋㅋ ,그냥 뚫려버리는 체코ㅋㅋㅋㅋ,0.0935773178935051,0.042262203991413116,0.20345968008041382,0.2297087162733078,0.36299455165863037,0.0679975375533104
2024-05-19 22:45:46,체코 ㄹㅇ ㅋㅋㅋㅋㅋㅋㅋㅋㅋㅋ,,31,31.0,체코 ㄹㅇ ㅋㅋㅋㅋㅋㅋㅋㅋㅋㅋ ,체코 ㄹㅇ ㅋㅋㅋㅋㅋㅋㅋㅋㅋㅋ,0.07337672263383865,0.03614015132188797,0.14773349463939667,0.10708250105381012,0.6039109826087952,0.03175614774227142
2024-05-19 22:45:50,병신 미드오픈임?,진짜 뭐함,31,31.0,병신 미드오픈임? 진짜 뭐함,병신 미드오픈임? 진짜 뭐함,0.1464848518371582,0.1288396269083023,0.27565526962280273,0.26163482666015625,0.08330980688333511,0.10407570004463196
2024-05-19 22:45:53,저정도면 차에 문제있나봐,ㅇㅇ,31,31.0,저정도면 차에 문제있나봐 ㅇㅇ,저정도면 차에 문제있나봐 ㅇㅇ,0.1278832107782364,0.1064474880695343,0.2284386307001114,0.345090389251709,0.08764147758483887,0.10449880361557007
2024-05-19 22:45:55,이러다 스트롤한테 따잇당하겟노 ㅋㅋ,,31,31.0,이러다 스트롤한테 따잇당하겟노 ㅋㅋ ,이러다 스트롤한테 따잇당하겟노 ㅋㅋ,0.12891162931919098,0.07014992833137512,0.28053247928619385,0.27740052342414856,0.11076600104570389,0.13223952054977417
2024-05-19 22:46:02,타이어 끝났노,"그래블 갈갈갈의 후폭풍
Oracle Red Bull Racing RB20",31,31.0,"타이어 끝났노 그래블 갈갈갈의 후폭풍
Oracle Red Bull Racing RB20",타이어 끝났노 그래블 갈갈갈의 후폭풍 Oracle Red Bull Racing RB20,0.1393217146396637,0.11523310840129852,0.3065180778503418,0.2357322722673416,0.11059466749429703,0.09260007739067078
2024-05-19 22:46:03,오늘 추월 병신이 다만들어주노ㅋㅋㅋㅋ,쟤 핏스탑 안함?,31,31.0,오늘 추월 병신이 다만들어주노ㅋㅋㅋㅋ 쟤 핏스탑 안함?,오늘 추월 병신이 다만들어주노ㅋㅋㅋㅋ 쟤 핏스탑 안함?,0.15891480445861816,0.0727880597114563,0.25599205493927,0.20549841225147247,0.20789672434329987,0.09890999644994736
2024-05-19 22:46:04,체평ㅇㅈㄹ 개웃기노ㅋㅋㅋㅋ,자동문은 체평ㅋㅋㅋ,31,31.0,체평ㅇㅈㄹ 개웃기노ㅋㅋㅋㅋ 자동문은 체평ㅋㅋㅋ,체평ㅇㅈㄹ 개웃기노ㅋㅋㅋㅋ 자동문은 체평ㅋㅋㅋ,0.10101010650396347,0.04457968845963478,0.1986430287361145,0.13719606399536133,0.482442170381546,0.0361289381980896
2024-05-19 22:46:04,페레즈 똥마렵나?,주르륵 미끄러지네,31,31.0,페레즈 똥마렵나? 주르륵 미끄러지네,페레즈 똥마렵나? 주르륵 미끄러지네,0.1792631447315216,0.09517080336809158,0.21397161483764648,0.2795013189315796,0.11195671558380127,0.1201363354921341
2024-05-19 22:46:04,아니 저 병신은 F2도 힘들거같은데,집에가라 걍,31,31.0,아니 저 병신은 F2도 힘들거같은데 집에가라 걍,아니 저 병신은 F2도 힘들거같은데 집에가라 걍,0.1636045277118683,0.1353095918893814,0.21910156309604645,0.30091550946235657,0.07649191468954086,0.10457687824964523
2024-05-19 22:46:01,페러지 ㅋㅋㅋㅋ 러쎌한테도 대주네,,31,31.0,페러지 ㅋㅋㅋㅋ 러쎌한테도 대주네 ,페러지 ㅋㅋㅋㅋ 러쎌한테도 대주네,0.149757519364357,0.07094018906354904,0.22806623578071594,0.31901511549949646,0.11301189661026001,0.11920910328626633
2024-05-19 22:46:18,아니 진짜 버러지걸레였네 ㅋㅋㅋㅋ,^메빅아^한테도 따였노,31,31.0,아니 진짜 버러지걸레였네 ㅋㅋㅋㅋ ^메빅아^한테도 따였노,아니 진짜 버러지걸레였네 ㅋㅋㅋㅋ ^메빅아^한테도 따였노,0.2339746206998825,0.11835639178752899,0.17750579118728638,0.26478466391563416,0.09199637919664383,0.11338212341070175
2024-05-19 22:46:26,자동문.jpg,(약간의 과장이 있을 수 있습니다.),31,31.0,자동문.jpg (약간의 과장이 있을 수 있습니다.),자동문.jpg (약간의 과장이 있을 수 있습니다.),0.10778442770242691,0.08025339245796204,0.2347017079591751,0.16747035086154938,0.36608266830444336,0.04370748624205589
2024-05-19 22:46:27,제발 페라리 노 포디움 제발제발제발제발,"멕라렌 2, 3위 드가자",31,31.0,"제발 페라리 노 포디움 제발제발제발제발 멕라렌 2, 3위 드가자","제발 페라리 노 포디움 제발제발제발제발 멕라렌 2, 3위 드가자",0.08132874965667725,0.06021031737327576,0.1405712515115738,0.09269130229949951,0.583827793598175,0.04137062653899193
2024-05-19 22:46:27,체코 뭐 5년전 차 타고 나옴?,차 성능이 다른 것 같냐,31,31.0,체코 뭐 5년전 차 타고 나옴? 차 성능이 다른 것 같냐,체코 뭐 5년전 차 타고 나옴? 차 성능이 다른 것 같냐,0.152231827378273,0.09707837551832199,0.2553596794605255,0.32452377676963806,0.08915840089321136,0.08164794743061066
2024-05-19 22:46:21,이정도면 막스를 찬양해야하는거 아니냐,차가 구려진거임??,31,31.0,이정도면 막스를 찬양해야하는거 아니냐 차가 구려진거임??,이정도면 막스를 찬양해야하는거 아니냐 차가 구려진거임??,0.15535597503185272,0.10289868712425232,0.27310413122177124,0.2810925245285034,0.07148855179548264,0.11606015264987946
2024-05-19 22:46:28,페레즈는 타이어 아끼나 보네,흠,31,31.0,페레즈는 타이어 아끼나 보네 흠,페레즈는 타이어 아끼나 보네 흠,0.11398664861917496,0.0969967469573021,0.26484960317611694,0.33346399664878845,0.11062158644199371,0.08008145540952682
2024-05-19 22:46:29,가슬리 시발 하드 22랩써놓고 미듐으로 30랩을간다고?,기적의대전략,31,31.0,가슬리 시발 하드 22랩써놓고 미듐으로 30랩을간다고? 기적의대전략,가슬리 시발 하드 22랩써놓고 미듐으로 30랩을간다고? 기적의대전략,0.18515077233314514,0.08658938109874725,0.19566728174686432,0.3233640789985657,0.09527385234832764,0.11395465582609177
2024-05-19 22:46:30,체코=토트넘,"둘 다 자동문 수비 ㅋㅋ
- dc official App",31,31.0,"체코=토트넘 둘 다 자동문 수비 ㅋㅋ
- dc official App",체코=토트넘 둘 다 자동문 수비 ㅋㅋ,0.10067376494407654,0.037378035485744476,0.18606732785701752,0.18632294237613678,0.44042733311653137,0.049130573868751526
2024-05-19 22:46:39,아니 츠노다랑 페레즈랑 차 바뀐거 아니냐?,병신,31,31.0,아니 츠노다랑 페레즈랑 차 바뀐거 아니냐? 병신,아니 츠노다랑 페레즈랑 차 바뀐거 아니냐? 병신,0.1835218369960785,0.08840113133192062,0.20681513845920563,0.3185431957244873,0.10778722912073135,0.09493143111467361
2024-05-19 22:46:42,페레즈 오늘 이거임?,- dc official App,32,32.0,페레즈 오늘 이거임? - dc official App,페레즈 오늘 이거임? - dc official App,0.08385337889194489,0.054333869367837906,0.23324386775493622,0.2622849941253662,0.3017062544822693,0.06457757949829102
2024-05-19 22:46:50,알핀 오늘 뭐하냐 ㅅㅂ,,32,32.0,알핀 오늘 뭐하냐 ㅅㅂ ,알핀 오늘 뭐하냐 ㅅㅂ,0.3055171072483063,0.2092985361814499,0.19969911873340607,0.11392023414373398,0.1270168274641037,0.04454823210835457
2024-05-19 22:46:53,오늘자 최다 추월 : 페레즈,(당함),32,32.0,오늘자 최다 추월 : 페레즈 (당함),오늘자 최다 추월 : 페레즈 (당함),0.1766549050807953,0.1513521373271942,0.2639554738998413,0.2057586908340454,0.10645055770874023,0.09582818299531937
2024-05-19 22:46:54,‼+꽁으로 따먹는 방법‼+,이왜진?,32,32.0,‼+꽁으로 따먹는 방법‼+ 이왜진?,‼+꽁으로 따먹는 방법‼+ 이왜진?,0.09572391957044601,0.04506576061248779,0.16775332391262054,0.148845374584198,0.49653467535972595,0.04607695713639259
2024-05-19 22:46:57,앺갤 P2 ㄷㄷ,ㅇ,32,32.0,앺갤 P2 ㄷㄷ ㅇ,앺갤 P2 ㄷㄷ ㅇ,0.105148546397686,0.04306049644947052,0.21056725084781647,0.3076987564563751,0.2423964887857437,0.09112852066755295
2024-05-19 22:47:01,레페맥이 아니라 막페맥이노,체코 ㅂㅅ,32,32.0,레페맥이 아니라 막페맥이노 체코 ㅂㅅ,레페맥이 아니라 막페맥이노 체코 ㅂㅅ,0.2375088334083557,0.15653787553310394,0.2479395717382431,0.2089717984199524,0.10718528926372528,0.041856683790683746
2024-05-19 22:47:03,근데 피아스트리 왜 자연스럽게 사인츠 앞임,아까 둘이 난리치고 있었지 않나,32,32.0,근데 피아스트리 왜 자연스럽게 사인츠 앞임 아까 둘이 난리치고 있었지 않나,근데 피아스트리 왜 자연스럽게 사인츠 앞임 아까 둘이 난리치고 있었지 않나,0.13780920207500458,0.07346819341182709,0.25574183464050293,0.31082504987716675,0.12164118140935898,0.10051453858613968
2024-05-19 22:47:14,피아제 가자 제발,너도 롱런에서 르클 딸 수 있다는 걸 보여줘,32,32.0,피아제 가자 제발 너도 롱런에서 르클 딸 수 있다는 걸 보여줘,피아제 가자 제발 너도 롱런에서 르클 딸 수 있다는 걸 보여줘,0.09564367681741714,0.09847535938024521,0.21675999462604523,0.19339704513549805,0.2847106158733368,0.11101331561803818
2024-05-19 22:47:14,근데 몽골 차이 별로 못 벌려서 아직모른다,ㅇㅇ,32,32.0,근데 몽골 차이 별로 못 벌려서 아직모른다 ㅇㅇ,근데 몽골 차이 별로 못 벌려서 아직모른다 ㅇㅇ,0.0957711711525917,0.0650622695684433,0.25076526403427124,0.3287365138530731,0.16758930683135986,0.09207543730735779
2024-05-19 22:47:17,이새끼라도 안 나오나,쩝,32,32.0,이새끼라도 안 나오나 쩝,이새끼라도 안 나오나 쩝,0.24239180982112885,0.2614327371120453,0.2113969475030899,0.11114459484815598,0.12412708252668381,0.04950682073831558
2024-05-19 22:47:25,피아제 p2시작이였으면 포디움 허벌이였겠네,"+ dc official App
이몰라라서 ㅋㅋㅋ
- dc official App",32,32.0,"피아제 p2시작이였으면 포디움 허벌이였겠네 + dc official App
이몰라라서 ㅋㅋㅋ
- dc official App",피아제 p2시작이였으면 포디움 허벌이였겠네 + dc official App 이몰라라서 ㅋㅋㅋ,0.10540813207626343,0.04062540456652641,0.233039990067482,0.25199174880981445,0.27871230244636536,0.09022248536348343
2024-05-19 22:47:26,올해부터 트랙리밋 페널티 10초 아님?,제발,32,32.0,올해부터 트랙리밋 페널티 10초 아님? 제발,올해부터 트랙리밋 페널티 10초 아님? 제발,0.12206367403268814,0.13676850497722626,0.27681073546409607,0.217781662940979,0.15305005013942719,0.09352536499500275
2024-05-19 22:47:35,원스탑이 다들 기본전략인가,"이몰라 아다라 몰라
- dc official App",32,32.0,"원스탑이 다들 기본전략인가 이몰라 아다라 몰라
- dc official App",원스탑이 다들 기본전략인가 이몰라 아다라 몰라,0.14201873540878296,0.14860522747039795,0.32423266768455505,0.22093473374843597,0.07622651010751724,0.0879821702837944
2024-05-19 22:47:40,알본 피트 4번 압도적이네ㅋㅋㅋㅋㅋ,,32,32.0,알본 피트 4번 압도적이네ㅋㅋㅋㅋㅋ ,알본 피트 4번 압도적이네ㅋㅋㅋㅋㅋ,0.062942735850811,0.028896547853946686,0.16540038585662842,0.14514370262622833,0.5522438883781433,0.04537273570895195
2024-05-19 22:47:43,그저 육변기노 ㅋㅋㅋㅋㅋ 체코련,"따잇따잇따잇
- dc official App",32,32.0,"그저 육변기노 ㅋㅋㅋㅋㅋ 체코련 따잇따잇따잇
- dc official App",그저 육변기노 ㅋㅋㅋㅋㅋ 체코련 따잇따잇따잇,0.14191877841949463,0.06835593283176422,0.23955069482326508,0.11132603138685226,0.384286105632782,0.054562512785196304
2024-05-19 22:47:46,오늘의 joat =  노리스,스타트 1번코너에서 몽골 담궜어야했음 무관..아니 1관견새기,32,32.0,오늘의 joat =  노리스 스타트 1번코너에서 몽골 담궜어야했음 무관..아니 1관견새기,오늘의 joat = 노리스 스타트 1번코너에서 몽골 담궜어야했음 무관..아니 1관견새기,0.3469384014606476,0.1598138064146042,0.15925270318984985,0.14495769143104553,0.13522733747959137,0.05381004139780998
2024-05-19 22:47:47,맥라렌 지금 직빨 코너 어디가 좋은거임?,ㅇㅇ?,32,32.0,맥라렌 지금 직빨 코너 어디가 좋은거임? ㅇㅇ?,맥라렌 지금 직빨 코너 어디가 좋은거임? ㅇㅇ?,0.08792396634817123,0.056195393204689026,0.22718164324760437,0.324177622795105,0.218399316072464,0.0861220434308052
2024-05-19 22:47:58,체코 올해 넷플 에피소드 하나 먹었노,ㅋㅋ,32,32.0,체코 올해 넷플 에피소드 하나 먹었노 ㅋㅋ,체코 올해 넷플 에피소드 하나 먹었노 ㅋㅋ,0.0514097586274147,0.03457579016685486,0.11320000141859055,0.06358634680509567,0.7112476825714111,0.025980504229664803
2024-05-19 22:47:59,피아제 P2 였음 피아제 우승했을지도 모르겠다,하지만 if도르네 결국 이거도,32,32.0,피아제 P2 였음 피아제 우승했을지도 모르겠다 하지만 if도르네 결국 이거도,피아제 P2 였음 피아제 우승했을지도 모르겠다 하지만 if도르네 결국 이거도,0.1378590166568756,0.14641425013542175,0.32786986231803894,0.23297494649887085,0.08628174662590027,0.06860017031431198
2024-05-19 22:47:56,알본 4스탑은 시발 뭐냐??????????,Mclaren F1 team 2007~,32,32.0,알본 4스탑은 시발 뭐냐?????????? Mclaren F1 team 2007~,알본 4스탑은 시발 뭐냐?????????? Mclaren F1 team 2007~,0.2750978469848633,0.1812194138765335,0.250682532787323,0.13864190876483917,0.10616728663444519,0.04819099232554436
2024-05-19 22:48:15,알본은 벌써 피트4번이노 ㅋㅋㅋ,이정도면 걍 타이어 아끼는게 낫지 않냐 ㅋㅋ,33,33.0,알본은 벌써 피트4번이노 ㅋㅋㅋ 이정도면 걍 타이어 아끼는게 낫지 않냐 ㅋㅋ,알본은 벌써 피트4번이노 ㅋㅋㅋ 이정도면 걍 타이어 아끼는게 낫지 않냐 ㅋㅋ,0.1591368019580841,0.11522426456212997,0.31065624952316284,0.22945471107959747,0.07951606810092926,0.10601187497377396
2024-05-19 22:48:23,관람차 보이는 서킷이,스즈카랑 이몰라 말고 또 있음?,33,33.0,관람차 보이는 서킷이 스즈카랑 이몰라 말고 또 있음?,관람차 보이는 서킷이 스즈카랑 이몰라 말고 또 있음?,0.10973230004310608,0.06033264100551605,0.22907420992851257,0.3340499699115753,0.18737150728702545,0.07943945378065109
2024-05-19 22:48:29,알본 그냥 최다 핏스탑 기록이나 세우자,,33,33.0,알본 그냥 최다 핏스탑 기록이나 세우자 ,알본 그냥 최다 핏스탑 기록이나 세우자,0.12047837674617767,0.12467575818300247,0.26556119322776794,0.2874181866645813,0.09388602524995804,0.10798049718141556
2024-05-19 22:48:35,대유키 ㅋㅋㅋㅋ,"+ dc official App
- dc official App",33,33.0,"대유키 ㅋㅋㅋㅋ + dc official App
- dc official App",대유키 ㅋㅋㅋㅋ + dc official App,0.0585150346159935,0.03176772594451904,0.10913939774036407,0.0815756767988205,0.6958723068237305,0.023129809647798538
2024-05-19 22:48:35,중일전쟁 승리 ㅋㅋㅋ,ㅋ,33,33.0,중일전쟁 승리 ㅋㅋㅋ ㅋ,중일전쟁 승리 ㅋㅋㅋ ㅋ,0.06736142188310623,0.03891310840845108,0.11651095747947693,0.07379798591136932,0.6767222881317139,0.026694273576140404
2024-05-19 22:48:38,대노다,,33,33.0,대노다 ,대노다,0.22618526220321655,0.1696546971797943,0.18394017219543457,0.19434280693531036,0.14251494407653809,0.08336212486028671
2024-05-19 22:48:40,젠장 또 대황킹노다야,,33,33.0,젠장 또 대황킹노다야 ,젠장 또 대황킹노다야,0.15424013137817383,0.12530800700187683,0.26609572768211365,0.1088879257440567,0.2842516601085663,0.061216484755277634
2024-05-19 22:48:41,알본 카메라좀 잡아줘라,불쌍하지도않냐,33,33.0,알본 카메라좀 잡아줘라 불쌍하지도않냐,알본 카메라좀 잡아줘라 불쌍하지도않냐,0.1699604094028473,0.18937961757183075,0.23474811017513275,0.21799112856388092,0.09858909249305725,0.089331716299057
2024-05-19 22:48:44,대노다ㅋㅋㅋㅋㅋ,ㅋㅋㅋㅋ,33,33.0,대노다ㅋㅋㅋㅋㅋ ㅋㅋㅋㅋ,대노다ㅋㅋㅋㅋㅋ ㅋㅋㅋㅋ,0.2090662568807602,0.1174987256526947,0.29366064071655273,0.14035490155220032,0.160887211561203,0.07853225618600845
2024-05-19 22:48:46,이몰라의 제왕 (X) -> 이몰라의 허벌(O),맞으면 개추 ㅋㅋ,33,33.0,이몰라의 제왕 (X) -> 이몰라의 허벌(O) 맞으면 개추 ㅋㅋ,이몰라의 제왕 (X) -> 이몰라의 허벌(O) 맞으면 개추 ㅋㅋ,0.13078010082244873,0.050099924206733704,0.17513401806354523,0.2038516402244568,0.3862748146057129,0.053859539330005646
2024-05-19 22:48:46,11노다,여지없다,33,33.0,11노다 여지없다,11노다 여지없다,0.14379823207855225,0.17924198508262634,0.30269595980644226,0.204880028963089,0.09157850593328476,0.07780525088310242
2024-05-19 22:48:47,중궐런 따잇 ㅋㅋ,- dc official App,33,33.0,중궐런 따잇 ㅋㅋ - dc official App,중궐런 따잇 ㅋㅋ - dc official App,0.06541255861520767,0.03477846086025238,0.12020239233970642,0.09058226644992828,0.6627365946769714,0.026287682354450226
2024-05-19 22:48:47,병신보다 대노다가 낫다,ㅋㅋㅋㅋ,33,33.0,병신보다 대노다가 낫다 ㅋㅋㅋㅋ,병신보다 대노다가 낫다 ㅋㅋㅋㅋ,0.1309986710548401,0.06352949142456055,0.22060073912143707,0.15967673063278198,0.3696710765361786,0.05552327632904053
2024-05-19 22:48:48,대 유 나,"황ㅡ본
- dc official App",33,33.0,"대 유 나 황ㅡ본
- dc official App",대 유 나 황ㅡ본,0.0916561558842659,0.05774729698896408,0.1603894978761673,0.14084650576114655,0.5092441439628601,0.04011644795536995
2024-05-19 22:48:49,대 노 다,,33,33.0,대 노 다 ,대 노 다,0.13453052937984467,0.13954274356365204,0.2598819136619568,0.13698597252368927,0.2607741951942444,0.06828463822603226
2024-05-19 22:48:49,피트스탑 왜 오래걸리는거냐,타이어 딸깍 하는거만 보면 2초면 될것같은데 왜 넉넉하게 10초 이렇게 잡는거임?,33,33.0,피트스탑 왜 오래걸리는거냐 타이어 딸깍 하는거만 보면 2초면 될것같은데 왜 넉넉하게 10초 이렇게 잡는거임?,피트스탑 왜 오래걸리는거냐 타이어 딸깍 하는거만 보면 2초면 될것같은데 왜 넉넉하게 10초 이렇게 잡는거임?,0.17481063306331635,0.18491050601005554,0.3220163583755493,0.1735144853591919,0.10121993720531464,0.04352806508541107
2024-05-19 22:48:51,케로좌 추월 안나온다매 ㅋㅋㅋㅋㅋㅋㅋㅋ,몇개째야,33,33.0,케로좌 추월 안나온다매 ㅋㅋㅋㅋㅋㅋㅋㅋ 몇개째야,케로좌 추월 안나온다매 ㅋㅋㅋㅋㅋㅋㅋㅋ 몇개째야,0.19269415736198425,0.1316392719745636,0.3075103163719177,0.1929466426372528,0.08861740678548813,0.08659220486879349
2024-05-19 22:48:51,딸깍 ㅋㅋㅋㅋㅋ,,33,33.0,딸깍 ㅋㅋㅋㅋㅋ ,딸깍 ㅋㅋㅋㅋㅋ,0.05949198827147484,0.03299850597977638,0.11699174344539642,0.07852514833211899,0.6867147088050842,0.025277959182858467
2024-05-19 22:48:53,대노다,미쳤다,33,33.0,대노다 미쳤다,대노다 미쳤다,0.16194330155849457,0.09615407139062881,0.17732104659080505,0.2661927044391632,0.1847076117992401,0.11368124932050705
2024-05-19 22:48:50,청일전쟁 대승ㅋㅋㅋ,- dc official App,33,33.0,청일전쟁 대승ㅋㅋㅋ - dc official App,청일전쟁 대승ㅋㅋㅋ - dc official App,0.07184889912605286,0.040744662284851074,0.12011072784662247,0.08269304782152176,0.6566312313079834,0.027971399948000908
2024-05-19 22:48:53,청일전쟁 입갤,"저우 허무하게 패배
- dc official App",33,33.0,"청일전쟁 입갤 저우 허무하게 패배
- dc official App",청일전쟁 입갤 저우 허무하게 패배,0.1191072165966034,0.10715649276971817,0.25306054949760437,0.3013123571872711,0.1260223388671875,0.09334102272987366
2024-05-19 22:48:46,11노다 완성!!,,33,33.0,11노다 완성!! ,11노다 완성!!,0.05781909078359604,0.047577038407325745,0.1238098293542862,0.06661383807659149,0.6770797967910767,0.02710038609802723
2024-05-19 22:48:56,11노다 입갤 ㅋㅋ,ㅋㅋ,33,33.0,11노다 입갤 ㅋㅋ ㅋㅋ,11노다 입갤 ㅋㅋ ㅋㅋ,0.062381718307733536,0.036624886095523834,0.11464230716228485,0.07288993895053864,0.6877021789550781,0.025758957490324974
2024-05-19 22:49:01,중일전쟁  ㅋㅋ,"역사는 반복된다ㅋㅋ
Oracle Red Bull Racing RB20",33,33.0,"중일전쟁  ㅋㅋ 역사는 반복된다ㅋㅋ
Oracle Red Bull Racing RB20",중일전쟁 ㅋㅋ 역사는 반복된다ㅋㅋ Oracle Red Bull Racing RB20,0.13186334073543549,0.0904834195971489,0.22507211565971375,0.2701573669910431,0.20424479246139526,0.0781790018081665
2024-05-19 22:49:05,11노다ㅋㅋ,ㅋㅋ,33,33.0,11노다ㅋㅋ ㅋㅋ,11노다ㅋㅋ ㅋㅋ,0.14839781820774078,0.07390498369932175,0.28171414136886597,0.1365879476070404,0.3052482604980469,0.054146889597177505
2024-05-19 22:49:07,대노다 페레즈 따러 가즈아 ㅋㅋㅋㅋ,"ㅋㅋㅋ
- dc official App",33,33.0,"대노다 페레즈 따러 가즈아 ㅋㅋㅋㅋ ㅋㅋㅋ
- dc official App",대노다 페레즈 따러 가즈아 ㅋㅋㅋㅋ ㅋㅋㅋ,0.06028134003281593,0.037550460547208786,0.11070737987756729,0.06348510086536407,0.7036253213882446,0.02435038611292839
2024-05-19 22:49:10,츠노다 페레즈 스왑하자,,33,33.0,츠노다 페레즈 스왑하자 ,츠노다 페레즈 스왑하자,0.0749288871884346,0.05372646450996399,0.16521169245243073,0.12573017179965973,0.5384325981140137,0.0419701412320137
2024-05-19 22:49:17,근데 리카도 왤케 꼬라박음?,오늘 p9 스타트 아니었나,33,33.0,근데 리카도 왤케 꼬라박음? 오늘 p9 스타트 아니었나,근데 리카도 왤케 꼬라박음? 오늘 p9 스타트 아니었나,0.12202885746955872,0.09620752930641174,0.2345818281173706,0.32932597398757935,0.10812879353761673,0.10972701758146286
2024-05-19 22:49:17,츠노다가 체코나 따면 좋겠다,ㅇ,33,33.0,츠노다가 체코나 따면 좋겠다 ㅇ,츠노다가 체코나 따면 좋겠다 ㅇ,0.10595565289258957,0.09607109427452087,0.2504235506057739,0.1646520048379898,0.3260778486728668,0.056819841265678406
2024-05-19 22:49:17,제자리 찾아간 츠노다?,"11위 너무 안정적인데
- dc official App",33,33.0,"제자리 찾아간 츠노다? 11위 너무 안정적인데
- dc official App",제자리 찾아간 츠노다? 11위 너무 안정적인데,0.06963404268026352,0.06535635888576508,0.23430490493774414,0.16640834510326385,0.38894715905189514,0.07534913718700409
2024-05-19 22:49:20,대물탕,ㅇ,33,33.0,대물탕 ㅇ,대물탕 ㅇ,0.05583648383617401,0.034422535449266434,0.11729460209608078,0.08239740878343582,0.6837628483772278,0.026286086067557335
2024-05-19 22:49:24,츠노다 오늘 발딱섰네,존나잘탐,33,33.0,츠노다 오늘 발딱섰네 존나잘탐,츠노다 오늘 발딱섰네 존나잘탐,0.051889047026634216,0.037068672478199005,0.12723900377750397,0.08359446376562119,0.6633592247962952,0.03684966638684273
2024-05-19 22:49:26,페레즈 피트인 하면 츠밑병이겠는데? ㅋㅋㅋㅋ,ㅋㅋㅋㅋ,33,33.0,페레즈 피트인 하면 츠밑병이겠는데? ㅋㅋㅋㅋ ㅋㅋㅋㅋ,페레즈 피트인 하면 츠밑병이겠는데? ㅋㅋㅋㅋ ㅋㅋㅋㅋ,0.113014355301857,0.04699967801570892,0.2521875202655792,0.28021150827407837,0.2148437350988388,0.0927431657910347
2024-05-19 22:49:28,열린문ㅋㅋㅋㅋ,,34,34.0,열린문ㅋㅋㅋㅋ ,열린문ㅋㅋㅋㅋ,0.0691344365477562,0.03136563301086426,0.12902683019638062,0.10624466836452484,0.6354724168777466,0.028755992650985718
2024-05-19 22:49:32,마그누센 츠노다 3초 갭…,,34,34.0,마그누센 츠노다 3초 갭… ,마그누센 츠노다 3초 갭…,0.10994033515453339,0.06775330752134323,0.2815462052822113,0.26014506816864014,0.197562575340271,0.08305253833532333
2024-05-19 22:49:36,백마커열어주듯이열어주노 ㅋㅋㅋㅋ,,34,34.0,백마커열어주듯이열어주노 ㅋㅋㅋㅋ ,백마커열어주듯이열어주노 ㅋㅋㅋㅋ,0.10888653248548508,0.053693704307079315,0.24835768342018127,0.21396282315254211,0.3117366135120392,0.06336261332035065
2024-05-19 22:49:42,대헐크 가즈아,,34,34.0,대헐크 가즈아 ,대헐크 가즈아,0.06165459379553795,0.03819257393479347,0.13154219090938568,0.09928687661886215,0.6352334022521973,0.034090377390384674
2024-05-19 22:49:51,"""막는거에요?""","대줘.
- dc official App",34,34.0,"""막는거에요?"" 대줘.
- dc official App","""막는거에요?"" 대줘.",0.10843721777200699,0.0852920413017273,0.24375960230827332,0.30122196674346924,0.14497531950473785,0.11631385236978531
2024-05-19 22:49:57,르노는 진짜 존재감이 없네,병신팀,34,34.0,르노는 진짜 존재감이 없네 병신팀,르노는 진짜 존재감이 없네 병신팀,0.19678296148777008,0.18184706568717957,0.25148123502731323,0.22774064540863037,0.07324792444705963,0.06890017539262772
2024-05-19 22:50:00,어차피 가망없으면 핏스탑이나 최대로 하는게 어떰?,"핏크루들 연습이나 하게
실전만한 연습이 없잖어",34,34.0,"어차피 가망없으면 핏스탑이나 최대로 하는게 어떰? 핏크루들 연습이나 하게
실전만한 연습이 없잖어",어차피 가망없으면 핏스탑이나 최대로 하는게 어떰? 핏크루들 연습이나 하게 실전만한 연습이 없잖어,0.1214505285024643,0.1696004569530487,0.2967483103275299,0.22678837180137634,0.08469819277524948,0.10071417689323425
2024-05-19 22:50:03,피트스탑하면 대충 몇초 밀리는거야?,20초?,34,34.0,피트스탑하면 대충 몇초 밀리는거야? 20초?,피트스탑하면 대충 몇초 밀리는거야? 20초?,0.10426075756549835,0.0691211149096489,0.2288374900817871,0.3395785093307495,0.14982043206691742,0.10838169604539871
2024-05-19 22:50:03,페레즈 오늘 노포인트일 것 같은데 ㅋㅋ,,34,34.0,페레즈 오늘 노포인트일 것 같은데 ㅋㅋ ,페레즈 오늘 노포인트일 것 같은데 ㅋㅋ,0.11090249568223953,0.12038169056177139,0.3545985221862793,0.2004043608903885,0.1454271525144577,0.06828588247299194
2024-05-19 22:50:03,뭐 퀄리때 열어주듯 열어주노 ㅋㅋㅋㅋㅋ,지나가세요 ㅋㅋㅋㅋㅋ,34,34.0,뭐 퀄리때 열어주듯 열어주노 ㅋㅋㅋㅋㅋ 지나가세요 ㅋㅋㅋㅋㅋ,뭐 퀄리때 열어주듯 열어주노 ㅋㅋㅋㅋㅋ 지나가세요 ㅋㅋㅋㅋㅋ,0.18715018033981323,0.09963645786046982,0.28861016035079956,0.18485936522483826,0.17631621658802032,0.06342760473489761
2024-05-19 22:50:10,하스 오늘도 1포따나?ㅋㅋㅋㅋㅋ,,34,34.0,하스 오늘도 1포따나?ㅋㅋㅋㅋㅋ ,하스 오늘도 1포따나?ㅋㅋㅋㅋㅋ,0.05112886056303978,0.034788183867931366,0.10974500328302383,0.06309124082326889,0.715074896812439,0.026171822100877762
2024-05-19 22:50:10,애마 : 알론소 오콘 막아라,"https://twitter.com/alomgc14/status/1792190624596172815?t=TExPS_5RVkwHU-aELZGzwg&s=19
Magic Alonso님(@alomgc14)
Alonso escala hasta la P16 gracias a las paradas de los pilotos de delante, aunque va a ser imposible llegar hasta el final con esos duros.Le piden por radio que defienda la posición con Ocon para beneficiar a Stroll.
twitter.com",34,34.0,"애마 : 알론소 오콘 막아라 https://twitter.com/alomgc14/status/1792190624596172815?t=TExPS_5RVkwHU-aELZGzwg&s=19
Magic Alonso님(@alomgc14)
Alonso escala hasta la P16 gracias a las paradas de los pilotos de delante, aunque va a ser imposible llegar hasta el final con esos duros.Le piden por radio que defienda la posición con Ocon para beneficiar a Stroll.
twitter.com","애마 : 알론소 오콘 막아라 Magic Alonso님( ) Alonso escala hasta la P16 gracias a las paradas de los pilotos de delante, aunque va a ser imposible llegar hasta el final con esos duros.Le piden por radio que defienda la posición con Ocon para beneficiar a Stroll. twitter.com",0.11147387325763702,0.06467986106872559,0.20166130363941193,0.2054903507232666,0.38275909423828125,0.03393556550145149
2024-05-19 22:50:13,로슨>>>리카도,- dc official App,34,34.0,로슨>>>리카도 - dc official App,로슨>>>리카도 - dc official App,0.09974808245897293,0.05019236356019974,0.20624448359012604,0.21798884868621826,0.39062732458114624,0.035198796540498734
2024-05-19 22:50:19,스트롤 미디엄 34랩 뭔데ㅋㅋㅋㄱ,"썻던 미디엄이네ㅋㅋㅋ
- dc official App",34,34.0,"스트롤 미디엄 34랩 뭔데ㅋㅋㅋㄱ 썻던 미디엄이네ㅋㅋㅋ
- dc official App",스트롤 미디엄 34랩 뭔데ㅋㅋㅋㄱ 썻던 미디엄이네ㅋㅋㅋ,0.10269282758235931,0.0441623255610466,0.24736374616622925,0.28930792212486267,0.23252548277378082,0.08394768089056015
2024-05-19 22:50:26,We Are P2,"Let's Go ComeOn!
- dc official App",34,34.0,"We Are P2 Let's Go ComeOn!
- dc official App",We Are P2 Let's Go ComeOn!,0.0636851042509079,0.0376100018620491,0.12445812672376633,0.08974013477563858,0.6562667489051819,0.028239889070391655
2024-05-19 22:50:29,노징징,ㅇ,34,34.0,노징징 ㅇ,노징징 ㅇ,0.20357191562652588,0.13301344215869904,0.254388689994812,0.16214339435100555,0.18718867003917694,0.05969393253326416
2024-05-19 22:50:30,그냥 이대로 6초차로 끝나고 이의 제기로 10초 페널티,"끝나자마자 바로 이의 제기. 끌어내리자
- dc official App",34,34.0,"그냥 이대로 6초차로 끝나고 이의 제기로 10초 페널티 끝나자마자 바로 이의 제기. 끌어내리자
- dc official App",그냥 이대로 6초차로 끝나고 이의 제기로 10초 페널티 끝나자마자 바로 이의 제기. 끌어내리자,0.26707923412323,0.24504806101322174,0.1660001277923584,0.14836569130420685,0.12461967021226883,0.04888715595006943
2024-05-19 22:50:33,♿+얘네들만 믿는다,체코새끼는 믿었다가 통수맞은,34,34.0,♿+얘네들만 믿는다 체코새끼는 믿었다가 통수맞은,♿+얘네들만 믿는다 체코새끼는 믿었다가 통수맞은,0.197395920753479,0.2513521611690521,0.23022601008415222,0.12229952216148376,0.13213983178138733,0.06658654659986496
2024-05-19 22:51:02,유관의 미덕 나오네,징징 등장ㅋㅋㅋ,35,35.0,유관의 미덕 나오네 징징 등장ㅋㅋㅋ,유관의 미덕 나오네 징징 등장ㅋㅋㅋ,0.1362317055463791,0.05957905948162079,0.2404729574918747,0.1786654144525528,0.3128384053707123,0.07221242040395737
2024-05-19 22:51:05,차라리 누리스 우승,,35,35.0,차라리 누리스 우승 ,차라리 누리스 우승,0.13541921973228455,0.12648338079452515,0.2959945797920227,0.14026764035224915,0.24984954297542572,0.05198570340871811
2024-05-19 22:51:11,노버지 ㄷㄷㄷㄷ,"ㄷㄷ
- dc official App",35,35.0,"노버지 ㄷㄷㄷㄷ ㄷㄷ
- dc official App",노버지 ㄷㄷㄷㄷ ㄷㄷ,0.12567071616649628,0.05941607058048248,0.2068561464548111,0.3359653055667877,0.15018624067306519,0.12190555036067963
2024-05-19 22:51:18,해설 방금 내가 잘못들은거냐?,노리스가 좆발랐어요라고 하지 않았냐?,35,35.0,해설 방금 내가 잘못들은거냐? 노리스가 좆발랐어요라고 하지 않았냐?,해설 방금 내가 잘못들은거냐? 노리스가 좆발랐어요라고 하지 않았냐?,0.16959641873836517,0.10652873665094376,0.25175848603248596,0.2831721603870392,0.09425424784421921,0.09468992054462433
2024-05-19 22:51:28,모나코보다도 노잼이네,ㅅㅂ ㅋㅋ,35,35.0,모나코보다도 노잼이네 ㅅㅂ ㅋㅋ,모나코보다도 노잼이네 ㅅㅂ ㅋㅋ,0.19386179745197296,0.1679784059524536,0.3100317120552063,0.14327697455883026,0.12465804815292358,0.060193080455064774
2024-05-19 22:51:24,아빠노 ㄷㄷ,,35,35.0,아빠노 ㄷㄷ ,아빠노 ㄷㄷ,0.12697795033454895,0.06379131972789764,0.2278955727815628,0.3167325258255005,0.14488303661346436,0.11971953511238098
2024-05-19 22:51:33,체코는 원스탑할건가,오래가ㅔㄴ,35,35.0,체코는 원스탑할건가 오래가ㅔㄴ,체코는 원스탑할건가 오래가ㅔㄴ,0.09356226772069931,0.08330552279949188,0.28907132148742676,0.2941069006919861,0.1592356264591217,0.08071834594011307
2024-05-19 22:51:35,레드불 부두술하냐,왜 안 들여보내,35,35.0,레드불 부두술하냐 왜 안 들여보내,레드불 부두술하냐 왜 안 들여보내,0.2553979158401489,0.18066367506980896,0.24826377630233765,0.15746037662029266,0.09569952636957169,0.0625147596001625
2024-05-19 22:51:36,페레즈는 작년 마지막 경기 사인스 생각나는데,존버하다가 ㅈ망하는...,35,35.0,페레즈는 작년 마지막 경기 사인스 생각나는데 존버하다가 ㅈ망하는...,페레즈는 작년 마지막 경기 사인스 생각나는데 존버하다가 ㅈ망하는...,0.13557776808738708,0.1779429167509079,0.30499857664108276,0.2203516960144043,0.07337205857038498,0.08775699138641357
2024-05-19 22:51:46,페러지 또따잇이냐 ㅋㅋㅋㅋ,,35,35.0,페러지 또따잇이냐 ㅋㅋㅋㅋ ,페러지 또따잇이냐 ㅋㅋㅋㅋ,0.13274914026260376,0.05584491416811943,0.2474547177553177,0.19946503639221191,0.30093833804130554,0.06354786455631256
2024-05-19 22:51:46,레드불 체코 핏스탑 안한거 까먹은거 아니냐?,꼴보기 싫어서 안보다가 까먹었을듯ㅋㅋ,35,35.0,레드불 체코 핏스탑 안한거 까먹은거 아니냐? 꼴보기 싫어서 안보다가 까먹었을듯ㅋㅋ,레드불 체코 핏스탑 안한거 까먹은거 아니냐? 꼴보기 싫어서 안보다가 까먹었을듯ㅋㅋ,0.2798856794834137,0.1432444453239441,0.24219103157520294,0.16230612993240356,0.10560833662748337,0.06676442921161652
2024-05-19 22:51:47,???: 후즈 넥스트,다음에 나 추월하는 새끼 누구냐고,35,35.0,???: 후즈 넥스트 다음에 나 추월하는 새끼 누구냐고,???: 후즈 넥스트 다음에 나 추월하는 새끼 누구냐고,0.11919588595628738,0.06998506933450699,0.23942646384239197,0.32222726941108704,0.1412304788827896,0.10793480277061462
2024-05-19 22:51:51,노리스 막스 한번 잡았다고 좀 거만해졋노,,35,35.0,노리스 막스 한번 잡았다고 좀 거만해졋노 ,노리스 막스 한번 잡았다고 좀 거만해졋노,0.15724430978298187,0.1148274838924408,0.28980588912963867,0.2743958532810211,0.08433224260807037,0.07939422875642776
2024-05-19 22:51:54,페레즈 최근 랩 해밀턴보다 1.4초 느림,,35,35.0,페레즈 최근 랩 해밀턴보다 1.4초 느림 ,페레즈 최근 랩 해밀턴보다 1.4초 느림,0.12124475836753845,0.10320664197206497,0.2845138609409332,0.3067629039287567,0.12415213137865067,0.06011967733502388
2024-05-19 22:52:04,난 그냥 잔다,ㅈ노잼,35,35.0,난 그냥 잔다 ㅈ노잼,난 그냥 잔다 ㅈ노잼,0.177754208445549,0.1700524389743805,0.30811554193496704,0.1558539867401123,0.12278785556554794,0.06543593108654022
2024-05-19 22:52:13,실시간 11노다 ㅈ된이유 ;;,"이새기가 10등지키고있음
츠노다 담구고 츠노다 뒤에있던 후켄버그
포인트 낭낭하게 챙길예정
- dc official App",36,36.0,"실시간 11노다 ㅈ된이유 ;; 이새기가 10등지키고있음
츠노다 담구고 츠노다 뒤에있던 후켄버그
포인트 낭낭하게 챙길예정
- dc official App",실시간 11노다 ㅈ된이유 ;; 이새기가 10등지키고있음 츠노다 담구고 츠노다 뒤에있던 후켄버그 포인트 낭낭하게 챙길예정,0.19048577547073364,0.17841804027557373,0.2904336452484131,0.14316058158874512,0.10426760464906693,0.0932343602180481
2024-05-19 22:52:14,이따 막스 핕스탑 하자마자 병장님 꼬라박고 세카 뜨면,ㄹㅇ,36,36.0,이따 막스 핕스탑 하자마자 병장님 꼬라박고 세카 뜨면 ㄹㅇ,이따 막스 핕스탑 하자마자 병장님 꼬라박고 세카 뜨면 ㄹㅇ,0.12700289487838745,0.07592934370040894,0.23509858548641205,0.22044774889945984,0.23319636285305023,0.10832512378692627
2024-05-19 22:52:18,"""뒷차들이 따라잡겠어 페이스 안 나와""(막스랑 랩타임 비슷)",징징대는 게 막스 닮아가냐 ㅋㅋㅋㅋㅋ,36,36.0,"""뒷차들이 따라잡겠어 페이스 안 나와""(막스랑 랩타임 비슷) 징징대는 게 막스 닮아가냐 ㅋㅋㅋㅋㅋ","""뒷차들이 따라잡겠어 페이스 안 나와""(막스랑 랩타임 비슷) 징징대는 게 막스 닮아가냐 ㅋㅋㅋㅋㅋ",0.20309141278266907,0.09779801964759827,0.2411842793226242,0.25050222873687744,0.1028403788805008,0.10458367317914963
2024-05-19 22:52:19,사전트 왜 19위임?,아,36,36.0,사전트 왜 19위임? 아,사전트 왜 19위임? 아,0.17513158917427063,0.20087681710720062,0.3320917785167694,0.15869195759296417,0.08216208964586258,0.051045775413513184
2024-05-19 22:52:22,제발피아제르끌추월제발피아제르끌추월제발피아제르끌추월제발피아제르끌추월제발피아,제발피아제르끌추월제발피아제르끌추월제발피아제르끌추월제발피아제르끌추월제발피아제르끌추월제발피아제르끌추월제발피아제르끌추월제발피아제르끌추월제발피아제르끌추월제발피아제르끌추월제발피아제르끌추월제발피아제르끌추월제발피아제르끌추월제발피아제르끌추월제발피아제르끌추월제발피아제르끌추월제발피아제르끌추월제발피아제르끌추월제발피아제르끌추월제발피아제르끌추월제발피아제르끌추월제발피아제르끌추월제발피아제르끌추월제발피아제르끌추월제발피아제르끌추월제발피아제르끌추월제발피아제르끌추월제발피아제르끌추월제발피아제르끌추월제발피아제르끌추월제발피아제르끌추월제발피아제르끌추월제발피아제르끌추월제발피아제르끌추월제발피아제르끌추월제발피아제르끌추월제발피아제르끌추월,36,36.0,제발피아제르끌추월제발피아제르끌추월제발피아제르끌추월제발피아제르끌추월제발피아 제발피아제르끌추월제발피아제르끌추월제발피아제르끌추월제발피아제르끌추월제발피아제르끌추월제발피아제르끌추월제발피아제르끌추월제발피아제르끌추월제발피아제르끌추월제발피아제르끌추월제발피아제르끌추월제발피아제르끌추월제발피아제르끌추월제발피아제르끌추월제발피아제르끌추월제발피아제르끌추월제발피아제르끌추월제발피아제르끌추월제발피아제르끌추월제발피아제르끌추월제발피아제르끌추월제발피아제르끌추월제발피아제르끌추월제발피아제르끌추월제발피아제르끌추월제발피아제르끌추월제발피아제르끌추월제발피아제르끌추월제발피아제르끌추월제발피아제르끌추월제발피아제르끌추월제발피아제르끌추월제발피아제르끌추월제발피아제르끌추월제발피아제르끌추월제발피아제르끌추월제발피아제르끌추월,제발피아제르끌추월제발피아제르끌추월제발피아제르끌추월제발피아제르끌추월제발피아 제발피아제르끌추월제발피아제르끌추월제발피아제르끌추월제발피아제르끌추월제발피아제르끌추월제발피아제르끌추월제발피아제르끌추월제발피아제르끌추월제발피아제르끌추월제발피아제르끌추월제발피아제르끌추월제발피아제르끌추월제발피아제르끌추월제발피아제르끌추월제발피아제르끌추월제발피아제르끌추월제발피아제르끌추월제발피아제르끌추월제발피아제르끌추월제발피아제르끌추월제발피아제르끌추월제발피아제르끌추월제발피아제르끌추월제발피아제르끌추월제발피아제르끌추월제발피아제르끌추월제발피아제르끌추월제발피아제르끌추월제발피아제르끌추월제발피아제르끌추월제발피아제르끌추월제발피아제르끌추월제발피아제르끌추월제발피아제르끌추월제발피아제르끌추월제발피아제르끌추월제발피아제르끌추월,0.10059655457735062,0.08715791255235672,0.2045714259147644,0.17210309207439423,0.37629076838493347,0.05928017199039459
2024-05-19 22:52:28,차 뒤에 led 점등하는거는 배터리 충전중이란 뜻임?,그냥 멋으로 점등하는거임?,36,36.0,차 뒤에 led 점등하는거는 배터리 충전중이란 뜻임? 그냥 멋으로 점등하는거임?,차 뒤에 led 점등하는거는 배터리 충전중이란 뜻임? 그냥 멋으로 점등하는거임?,0.1308269053697586,0.11916986107826233,0.23072293400764465,0.3331693112850189,0.11327215284109116,0.07283886522054672
2024-05-19 22:52:33,후즈 넥스트 = 다음에 양보해줄 사람은 누구?,병신 ㅋㅋ,36,36.0,후즈 넥스트 = 다음에 양보해줄 사람은 누구? 병신 ㅋㅋ,후즈 넥스트 = 다음에 양보해줄 사람은 누구? 병신 ㅋㅋ,0.19824828207492828,0.10288528352975845,0.214529886841774,0.27625614404678345,0.11879873275756836,0.08928161859512329
2024-05-19 22:52:34,아니 이지랄하고 다음이 모나코라는게 호러네,와,36,36.0,아니 이지랄하고 다음이 모나코라는게 호러네 와,아니 이지랄하고 다음이 모나코라는게 호러네 와,0.1791417896747589,0.10431715101003647,0.19891372323036194,0.2920318841934204,0.10642404854297638,0.1191713809967041
2024-05-19 22:52:34,앱솔루트 애니멀ㅋㅋㅋ,ㅋㅋ,36,36.0,앱솔루트 애니멀ㅋㅋㅋ ㅋㅋ,앱솔루트 애니멀ㅋㅋㅋ ㅋㅋ,0.06451582908630371,0.03347817808389664,0.11385563760995865,0.07607442140579224,0.6894170045852661,0.022658908739686012
2024-05-19 22:52:37,역대급 노잼 레이스,모나코 보다도 노잼인 레이스는 처음본다,36,36.0,역대급 노잼 레이스 모나코 보다도 노잼인 레이스는 처음본다,역대급 노잼 레이스 모나코 보다도 노잼인 레이스는 처음본다,0.18897375464439392,0.17778050899505615,0.29692181944847107,0.16516834497451782,0.1097220778465271,0.06143347546458244
2024-05-19 22:52:39,이걸막네,"어케했노
Oracle Red Bull Racing RB20",36,36.0,"이걸막네 어케했노
Oracle Red Bull Racing RB20",이걸막네 어케했노 Oracle Red Bull Racing RB20,0.17380070686340332,0.152242973446846,0.30530276894569397,0.1772930771112442,0.11785496026277542,0.07350555062294006
2024-05-19 22:52:40,물탕 담당일진은 역시 대체코ㅋㅋ,,36,36.0,물탕 담당일진은 역시 대체코ㅋㅋ ,물탕 담당일진은 역시 대체코ㅋㅋ,0.05586811155080795,0.032261744141578674,0.11624345928430557,0.0835002139210701,0.6811814308166504,0.030945053324103355
2024-05-19 22:52:44,페레즈는 시발 이쯤 되면 시위하는거래도 믿겠다,"조선인들을 위해 직구 막지 말라고 시위하는거임 ㅋㅋ
- dc official App",36,36.0,"페레즈는 시발 이쯤 되면 시위하는거래도 믿겠다 조선인들을 위해 직구 막지 말라고 시위하는거임 ㅋㅋ
- dc official App",페레즈는 시발 이쯤 되면 시위하는거래도 믿겠다 조선인들을 위해 직구 막지 말라고 시위하는거임 ㅋㅋ,0.2723165452480316,0.17114584147930145,0.1868208795785904,0.224397674202919,0.07331887632608414,0.0720001682639122
2024-05-19 22:52:47,술마시면서 보느라 그럼 이해좀,이게 섹스지 시발ㅋㅋ,36,36.0,술마시면서 보느라 그럼 이해좀 이게 섹스지 시발ㅋㅋ,술마시면서 보느라 그럼 이해좀 이게 섹스지 시발ㅋㅋ,0.30809417366981506,0.14800100028514862,0.213968425989151,0.1331111043691635,0.12527327239513397,0.07155201584100723
2024-05-19 22:52:52,창녀도 흑인 손님은 좀,"일단 한번은 입밴
- dc official App",36,36.0,"창녀도 흑인 손님은 좀 일단 한번은 입밴
- dc official App",창녀도 흑인 손님은 좀 일단 한번은 입밴,0.12805402278900146,0.1617240309715271,0.32614219188690186,0.2246292233467102,0.08058086782693863,0.07886967808008194
2024-05-19 22:52:53,햄은 막네,ㅋㅋㅋㅋㅋ,36,36.0,햄은 막네 ㅋㅋㅋㅋㅋ,햄은 막네 ㅋㅋㅋㅋㅋ,0.056496914476156235,0.0417536199092865,0.11920207738876343,0.06971695274114609,0.6827328205108643,0.030097534880042076
2024-05-19 22:52:55,ㅅㅂ 저기는 인간상성이노 ㅋㅋㅋ,해밀턴만 뒤에 있으면 강해지는 의문의 드라이버 ㅋㅋㅋ,36,36.0,ㅅㅂ 저기는 인간상성이노 ㅋㅋㅋ 해밀턴만 뒤에 있으면 강해지는 의문의 드라이버 ㅋㅋㅋ,ㅅㅂ 저기는 인간상성이노 ㅋㅋㅋ 해밀턴만 뒤에 있으면 강해지는 의문의 드라이버 ㅋㅋㅋ,0.16405469179153442,0.07384232431650162,0.22754588723182678,0.271595299243927,0.1289139837026596,0.13404783606529236
2024-05-19 22:53:08,몽골 제발 트랙 좀 나가라,2번만 제발,36,36.0,몽골 제발 트랙 좀 나가라 2번만 제발,몽골 제발 트랙 좀 나가라 2번만 제발,0.23191533982753754,0.19839665293693542,0.21213898062705994,0.1392975002527237,0.15681695938110352,0.06143451854586601
2024-05-19 22:53:11,내가 걸레라고?,그래도 그 시꺼먼 애는 이겨 ㅋㅋ,36,36.0,내가 걸레라고? 그래도 그 시꺼먼 애는 이겨 ㅋㅋ,내가 걸레라고? 그래도 그 시꺼먼 애는 이겨 ㅋㅋ,0.19994287192821503,0.10680480301380157,0.24138356745243073,0.1981302797794342,0.15274913609027863,0.10098931938409805
2024-05-19 22:53:23,근데 똑같이 날아도,"막스는 멀쩡하고
페레즈는 갖다 박는거 보면
병신이 맞다",36,36.0,"근데 똑같이 날아도 막스는 멀쩡하고
페레즈는 갖다 박는거 보면
병신이 맞다",근데 똑같이 날아도 막스는 멀쩡하고 페레즈는 갖다 박는거 보면 병신이 맞다,0.19225898385047913,0.09572947025299072,0.2119627743959427,0.30037766695022583,0.08384200185537338,0.11582915484905243
2024-05-19 22:53:27,햄-병은 21시즌으로 돌아온거냐?,지루해진 레이스에 예능 한 방울,36,36.0,햄-병은 21시즌으로 돌아온거냐? 지루해진 레이스에 예능 한 방울,햄-병은 21시즌으로 돌아온거냐? 지루해진 레이스에 예능 한 방울,0.1281869262456894,0.12026619911193848,0.2400294840335846,0.10293903201818466,0.35502341389656067,0.05355497822165489
2024-05-19 22:53:29,해밀턴 아직 입금 안했냐?,어서빨리 입금해야 양보해준다고ㅋㅋ,36,36.0,해밀턴 아직 입금 안했냐? 어서빨리 입금해야 양보해준다고ㅋㅋ,해밀턴 아직 입금 안했냐? 어서빨리 입금해야 양보해준다고ㅋㅋ,0.1408502757549286,0.09575507789850235,0.2926739454269409,0.1890556961297989,0.19716906547546387,0.08449599891901016
2024-05-19 22:53:33,체코 저새끼 왜 안비키냐,ㅡㅡ,36,36.0,체코 저새끼 왜 안비키냐 ㅡㅡ,체코 저새끼 왜 안비키냐 ㅡㅡ,0.3125435709953308,0.173262819647789,0.20822183787822723,0.10627197474241257,0.16012075543403625,0.03957902267575264
2024-05-19 22:53:46,병신ㅋㅋㅋㅋㅋㅋ,,37,37.0,병신ㅋㅋㅋㅋㅋㅋ ,병신ㅋㅋㅋㅋㅋㅋ,0.07024843990802765,0.03343826159834862,0.13552041351795197,0.09113086014986038,0.6428512334823608,0.026810795068740845
2024-05-19 22:53:46,따잇 ㅋㅋㅋㅋㅋㅋ,,37,37.0,따잇 ㅋㅋㅋㅋㅋㅋ ,따잇 ㅋㅋㅋㅋㅋㅋ,0.0564594641327858,0.03299219161272049,0.11185786128044128,0.07044782489538193,0.7046352028846741,0.023607375100255013
2024-05-19 22:53:46,대물탕 ㅋㅋㅋㅋㅋㅋ,,37,37.0,대물탕 ㅋㅋㅋㅋㅋㅋ ,대물탕 ㅋㅋㅋㅋㅋㅋ,0.053656913340091705,0.033442024141550064,0.1079380214214325,0.06515631079673767,0.7158432006835938,0.023963525891304016
2024-05-19 22:53:51,체코는 음주운전한다해도 안믿어줄듯 저래 느린데,ㄹㅇㅋㅋ,37,37.0,체코는 음주운전한다해도 안믿어줄듯 저래 느린데 ㄹㅇㅋㅋ,체코는 음주운전한다해도 안믿어줄듯 저래 느린데 ㄹㅇㅋㅋ,0.16395434737205505,0.1021248996257782,0.24529002606868744,0.2950436472892761,0.07848087698221207,0.11510619521141052
2024-05-19 22:53:56,응 따잇 ㅋㅋㅋㅋㅋㅋㅋㅋ,페러지,37,37.0,응 따잇 ㅋㅋㅋㅋㅋㅋㅋㅋ 페러지,응 따잇 ㅋㅋㅋㅋㅋㅋㅋㅋ 페러지,0.06959005445241928,0.03992769867181778,0.12931548058986664,0.06871336698532104,0.6669601798057556,0.02549322135746479
2024-05-19 22:53:56,결국 넘었노 ㅋㅋㅋㅋㅋ,맞아야겠지?,37,37.0,결국 넘었노 ㅋㅋㅋㅋㅋ 맞아야겠지?,결국 넘었노 ㅋㅋㅋㅋㅋ 맞아야겠지?,0.09301435202360153,0.07961923629045486,0.2821550667285919,0.19136078655719757,0.26233217120170593,0.09151840955018997
2024-05-19 22:53:59,ㅋㅋㅋㅋㅋㅋㅋㅋㅋㅋㅋ,십,37,37.0,ㅋㅋㅋㅋㅋㅋㅋㅋㅋㅋㅋ 십,ㅋㅋㅋㅋㅋㅋㅋㅋㅋㅋㅋ 십,0.21451492607593536,0.08379408717155457,0.2646428346633911,0.13507477939128876,0.23815613985061646,0.06381726264953613
2024-05-19 22:53:52,페레즈가 일찍 밟았네 ㅋㅋ,,37,37.0,페레즈가 일찍 밟았네 ㅋㅋ ,페레즈가 일찍 밟았네 ㅋㅋ,0.10682600736618042,0.062138769775629044,0.3184255063533783,0.2249176800251007,0.20337332785129547,0.08431877195835114
2024-05-19 22:54:01,케로 오늘 다틀리노 ㅋㅋㅋ,"ㅋㅋㅋ
- dc official App",37,37.0,"케로 오늘 다틀리노 ㅋㅋㅋ ㅋㅋㅋ
- dc official App",케로 오늘 다틀리노 ㅋㅋㅋ ㅋㅋㅋ,0.12905046343803406,0.07924913614988327,0.3574548065662384,0.17531780898571014,0.1871703714132309,0.07175738364458084
2024-05-19 22:54:02,"???: 다니엘, 이걸 병신짓이라 하는거야","내가 지금 위닝카타고 하는 짓을 보라고, 리끼아르도라고 해도 병신력이 아주 부족하잖아. 나 정도는 되야 병신 칭호를 가지든 말든 하지
- dc official App",37,37.0,"???: 다니엘, 이걸 병신짓이라 하는거야 내가 지금 위닝카타고 하는 짓을 보라고, 리끼아르도라고 해도 병신력이 아주 부족하잖아. 나 정도는 되야 병신 칭호를 가지든 말든 하지
- dc official App","???: 다니엘, 이걸 병신짓이라 하는거야 내가 지금 위닝카타고 하는 짓을 보라고, 리끼아르도라고 해도 병신력이 아주 부족하잖아. 나 정도는 되야 병신 칭호를 가지든 말든 하지",0.22698594629764557,0.1582750529050827,0.21335247159004211,0.22600620985031128,0.0730428621172905,0.10233747214078903
2024-05-19 22:54:04,안모잘랐습니닼ㅋㅋㅋㅋㅋㅋ,ㅋㅋㅋㅋㅋㅋㅋㅋㅋㅋㅋㅋㅋ,37,37.0,안모잘랐습니닼ㅋㅋㅋㅋㅋㅋ ㅋㅋㅋㅋㅋㅋㅋㅋㅋㅋㅋㅋㅋ,안모잘랐습니닼ㅋㅋㅋㅋㅋㅋ ㅋㅋㅋㅋㅋㅋㅋㅋㅋㅋㅋㅋㅋ,0.14642949402332306,0.07934407144784927,0.24234554171562195,0.10465455055236816,0.3797358572483063,0.04749050363898277
2024-05-19 22:54:08,결국 대줬노 ㅋㅋㅋ,"대 해 물
- dc official App",37,37.0,"결국 대줬노 ㅋㅋㅋ 대 해 물
- dc official App",결국 대줬노 ㅋㅋㅋ 대 해 물,0.11415983736515045,0.09185195714235306,0.25422120094299316,0.1151653528213501,0.35383763909339905,0.07076401263475418
2024-05-19 22:54:14,오콘 드디어 딸피땄네,오래도 걸렸다,37,37.0,오콘 드디어 딸피땄네 오래도 걸렸다,오콘 드디어 딸피땄네 오래도 걸렸다,0.06190960109233856,0.04821572080254555,0.20010749995708466,0.12688307464122772,0.5119428634643555,0.05094120278954506
2024-05-19 22:54:14,체코 피트인하면 리카도 밑일듯,ㅋㅋㅋㅋㅋㅋㅋㅋ,37,37.0,체코 피트인하면 리카도 밑일듯 ㅋㅋㅋㅋㅋㅋㅋㅋ,체코 피트인하면 리카도 밑일듯 ㅋㅋㅋㅋㅋㅋㅋㅋ,0.10911679267883301,0.041918762028217316,0.20258481800556183,0.22712549567222595,0.36008593440055847,0.05916828289628029
2024-05-19 22:54:17,그니까 병신도 간신히 따는 퇴물이 다음시즌 페라리라는거지?,페라리의 안락사,37,37.0,그니까 병신도 간신히 따는 퇴물이 다음시즌 페라리라는거지? 페라리의 안락사,그니까 병신도 간신히 따는 퇴물이 다음시즌 페라리라는거지? 페라리의 안락사,0.17715983092784882,0.1808607429265976,0.23837213218212128,0.23116259276866913,0.06451418995857239,0.1079305037856102
2024-05-19 22:54:19,페레즈 왜캐 일찍 브레이크 밟았지,,37,37.0,페레즈 왜캐 일찍 브레이크 밟았지 ,페레즈 왜캐 일찍 브레이크 밟았지,0.1344096064567566,0.09392013400793076,0.2666701674461365,0.2812538743019104,0.12789824604988098,0.09584800899028778
2024-05-19 22:54:16,페레기 저새끼는 피트 언제들어가는거임?,"지금 페이스 개병신이라 답도안나오는데
Mclaren F1 team 2007~",37,37.0,"페레기 저새끼는 피트 언제들어가는거임? 지금 페이스 개병신이라 답도안나오는데
Mclaren F1 team 2007~",페레기 저새끼는 피트 언제들어가는거임? 지금 페이스 개병신이라 답도안나오는데 Mclaren F1 team 2007~,0.27201399207115173,0.19598452746868134,0.20120187103748322,0.1785498857498169,0.09414239227771759,0.05810738727450371
2024-05-19 22:54:21,체코 도련놈 케이막은 언제 들어가노,아직도 미디움으로 버티네,37,37.0,체코 도련놈 케이막은 언제 들어가노 아직도 미디움으로 버티네,체코 도련놈 케이막은 언제 들어가노 아직도 미디움으로 버티네,0.11987587809562683,0.12035375833511353,0.3286070227622986,0.20198775827884674,0.13655249774456024,0.09262306243181229
2024-05-19 22:54:33,이거 역대급 노잼 레이스 맞음,"자꾸 노잼이라하면 이게 노잼이냐며 기어들어오는 놈 있는데
뭘 근거로 그렇게 생각하는지 나원
2020까지 거슬러 올라가야댐 하나 찾으려면
난 잘지 말지 지금 ㅈㄴ 고민중인데",37,37.0,"이거 역대급 노잼 레이스 맞음 자꾸 노잼이라하면 이게 노잼이냐며 기어들어오는 놈 있는데
뭘 근거로 그렇게 생각하는지 나원
2020까지 거슬러 올라가야댐 하나 찾으려면
난 잘지 말지 지금 ㅈㄴ 고민중인데",이거 역대급 노잼 레이스 맞음 자꾸 노잼이라하면 이게 노잼이냐며 기어들어오는 놈 있는데 뭘 근거로 그렇게 생각하는지 나원 2020까지 거슬러 올라가야댐 하나 찾으려면 난 잘지 말지 지금 ㅈㄴ 고민중인데,0.21212613582611084,0.22322112321853638,0.27675092220306396,0.15105009078979492,0.06853986531496048,0.0683118924498558
2024-05-19 22:54:35,대충 마지막코너 탈출하면서 0.75 갭이면,drs 열려도 안전하네 ㅋㅋ,37,37.0,대충 마지막코너 탈출하면서 0.75 갭이면 drs 열려도 안전하네 ㅋㅋ,대충 마지막코너 탈출하면서 0.75 갭이면 drs 열려도 안전하네 ㅋㅋ,0.08341875672340393,0.06332163512706757,0.23432636260986328,0.16695016622543335,0.39122146368026733,0.06076158955693245
2024-05-19 22:54:35,추월이 힙들다는게 페러지한테 하는말이였냐?,.,37,37.0,추월이 힙들다는게 페러지한테 하는말이였냐? .,추월이 힙들다는게 페러지한테 하는말이였냐? .,0.15871161222457886,0.0908101499080658,0.23103150725364685,0.3192814886569977,0.08416446298360825,0.11600076407194138
2024-05-19 22:54:37,병신은 이제 핏스탑까지하면 노포가냐?,진짜 병신인데?,37,37.0,병신은 이제 핏스탑까지하면 노포가냐? 진짜 병신인데?,병신은 이제 핏스탑까지하면 노포가냐? 진짜 병신인데?,0.15940168499946594,0.11010909825563431,0.2079460322856903,0.3064512014389038,0.0814799815416336,0.13461202383041382
2024-05-19 22:54:38,별신 뽁스뽁스,,37,37.0,별신 뽁스뽁스 ,별신 뽁스뽁스,0.056829649955034256,0.03691577911376953,0.11173848062753677,0.06912297010421753,0.7024179100990295,0.02297523058950901
2024-05-19 22:54:41,페레즈 피트인 할건가보네,타이어 갈고있는거보면,37,37.0,페레즈 피트인 할건가보네 타이어 갈고있는거보면,페레즈 피트인 할건가보네 타이어 갈고있는거보면,0.1176549419760704,0.05696853995323181,0.21437802910804749,0.3514999747276306,0.13571549952030182,0.12378300726413727
2024-05-19 22:54:44,체코 오늘 경기전에 해고 통보 들은거냐?,"아무리 그래도 제대로 병신인데?
- dc official App",37,37.0,"체코 오늘 경기전에 해고 통보 들은거냐? 아무리 그래도 제대로 병신인데?
- dc official App",체코 오늘 경기전에 해고 통보 들은거냐? 아무리 그래도 제대로 병신인데?,0.18467043340206146,0.10939493030309677,0.19046303629875183,0.3130802810192108,0.08112970739603043,0.12126169353723526
2024-05-19 22:54:45,드디어 드가네,,37,37.0,드디어 드가네 ,드디어 드가네,0.05701642856001854,0.040035635232925415,0.15427036583423615,0.10721202939748764,0.6017177700996399,0.03974771127104759
2024-05-19 22:54:51,이거 아직 유효함?,츠노다는 언제부터 체코를 넘어서는 선수가 된거냐,37,37.0,이거 아직 유효함? 츠노다는 언제부터 체코를 넘어서는 선수가 된거냐,이거 아직 유효함? 츠노다는 언제부터 체코를 넘어서는 선수가 된거냐,0.11906648427248001,0.05332403630018234,0.22506044805049896,0.34833627939224243,0.13595589995384216,0.11825680732727051
2024-05-19 22:55:02,오늘도 러밑햄일것 같냐?,,38,38.0,오늘도 러밑햄일것 같냐? ,오늘도 러밑햄일것 같냐?,0.0992104634642601,0.09076356887817383,0.2498665750026703,0.2823984622955322,0.17560501396656036,0.10215594619512558
2024-05-19 22:55:04,이탈리아에 비 좀 내리게 하라고,"개새끼야
- dc official App",38,38.0,"이탈리아에 비 좀 내리게 하라고 개새끼야
- dc official App",이탈리아에 비 좀 내리게 하라고 개새끼야,0.28387728333473206,0.21948161721229553,0.21247823536396027,0.10452563315629959,0.146040141582489,0.03359703719615936
2024-05-19 22:55:07,아무리봐도 요 순위 그대로 끝날거 같다,그러므로 이만 자러간다 ㅃㅇ,38,38.0,아무리봐도 요 순위 그대로 끝날거 같다 그러므로 이만 자러간다 ㅃㅇ,아무리봐도 요 순위 그대로 끝날거 같다 그러므로 이만 자러간다 ㅃㅇ,0.12944938242435455,0.1573151797056198,0.2998135983943939,0.13831467926502228,0.2098664492368698,0.06524064391851425
2024-05-19 22:55:08,일 땜에 이제야 켰는데,오늘 노잼이었음?? 아무도 리타도 안하고 그러네,38,38.0,일 땜에 이제야 켰는데 오늘 노잼이었음?? 아무도 리타도 안하고 그러네,일 땜에 이제야 켰는데 오늘 노잼이었음?? 아무도 리타도 안하고 그러네,0.15002524852752686,0.1879992038011551,0.35566067695617676,0.14401376247406006,0.10144592821598053,0.0608552061021328
2024-05-19 22:55:13,피아스트리는,그냥 타이어 아끼고 있는거야 못따라가는거야,38,38.0,피아스트리는 그냥 타이어 아끼고 있는거야 못따라가는거야,피아스트리는 그냥 타이어 아끼고 있는거야 못따라가는거야,0.1209273487329483,0.15087077021598816,0.3124111592769623,0.26180779933929443,0.0795651525259018,0.07441778481006622
2024-05-19 22:55:23,츠밑병 입갤 ㅋㅋ,,38,38.0,츠밑병 입갤 ㅋㅋ ,츠밑병 입갤 ㅋㅋ,0.06804004311561584,0.03568267822265625,0.14093558490276337,0.10153598338365555,0.6205295920372009,0.03327613323926926
2024-05-19 22:55:29,대노다 좆카도 밑 좆레즈,,38,38.0,대노다 좆카도 밑 좆레즈 ,대노다 좆카도 밑 좆레즈,0.2143341302871704,0.16657860577106476,0.24093522131443024,0.18135778605937958,0.1009356826543808,0.09585853666067123
2024-05-19 22:55:30,멸망ㅋㅋㅋ,ㅋ,38,38.0,멸망ㅋㅋㅋ ㅋ,멸망ㅋㅋㅋ ㅋ,0.08258815854787827,0.036604054272174835,0.15593832731246948,0.1083134114742279,0.5856913924217224,0.030864689499139786
2024-05-19 22:55:33,타이머 옆에 H랑 M이랑은 뭔 뜻인가요 형들,넷플 입문이고 오늘 처음 경기 보는데 엪린이입니다,38,38.0,타이머 옆에 H랑 M이랑은 뭔 뜻인가요 형들 넷플 입문이고 오늘 처음 경기 보는데 엪린이입니다,타이머 옆에 H랑 M이랑은 뭔 뜻인가요 형들 넷플 입문이고 오늘 처음 경기 보는데 엪린이입니다,0.09624351561069489,0.050046324729919434,0.21833829581737518,0.33992356061935425,0.19942548871040344,0.09602278470993042
2024-05-19 22:55:33,과연 딸깍쇼 ON?,ㅇㅇ,38,38.0,과연 딸깍쇼 ON? ㅇㅇ,과연 딸깍쇼 ON? ㅇㅇ,0.08443311601877213,0.04804850369691849,0.21342021226882935,0.28963950276374817,0.2823460102081299,0.0821126326918602
2024-05-19 22:55:36,리카도 뒤 ㅋㅋㅋㅋㅋㅋㅋ,ㅋㅋㅋㅋ,38,38.0,리카도 뒤 ㅋㅋㅋㅋㅋㅋㅋ ㅋㅋㅋㅋ,리카도 뒤 ㅋㅋㅋㅋㅋㅋㅋ ㅋㅋㅋㅋ,0.06285448372364044,0.03191256895661354,0.12476243823766708,0.08143848180770874,0.6751295924186707,0.023902444168925285
2024-05-19 22:55:38,그래픽 왜 이래,아오,38,38.0,그래픽 왜 이래 아오,그래픽 왜 이래 아오,0.2134370654821396,0.18913878500461578,0.2937242090702057,0.1585475355386734,0.09129080176353455,0.05386153608560562
2024-05-19 22:55:39,병신멸망ㅋㅋ,- dc official App,38,38.0,병신멸망ㅋㅋ - dc official App,병신멸망ㅋㅋ - dc official App,0.15727290511131287,0.06736426800489426,0.17873579263687134,0.18345335125923157,0.35360413789749146,0.05956950783729553
2024-05-19 22:55:43,이거 역대급 노잼 레이스 맞음.,"노잼이라하니까 첨보냐면서 헛소리하는 놈 있는데
이런건 2020까지 돌아가야 찾을 수 있겠슴. 근거가 뭐냐
난 잘지 말지 ㅈㄴ 고민중인데",38,38.0,"이거 역대급 노잼 레이스 맞음. 노잼이라하니까 첨보냐면서 헛소리하는 놈 있는데
이런건 2020까지 돌아가야 찾을 수 있겠슴. 근거가 뭐냐
난 잘지 말지 ㅈㄴ 고민중인데",이거 역대급 노잼 레이스 맞음. 노잼이라하니까 첨보냐면서 헛소리하는 놈 있는데 이런건 2020까지 돌아가야 찾을 수 있겠슴. 근거가 뭐냐 난 잘지 말지 ㅈㄴ 고민중인데,0.18397323787212372,0.22566062211990356,0.2987051010131836,0.15155595541000366,0.07187803834676743,0.06822705268859863
2024-05-19 22:55:43,따잇ㅋㅋㅋㅋㅋㅋㅋㅋㅋㅋㅋ,,38,38.0,따잇ㅋㅋㅋㅋㅋㅋㅋㅋㅋㅋㅋ ,따잇ㅋㅋㅋㅋㅋㅋㅋㅋㅋㅋㅋ,0.05731305852532387,0.03316893428564072,0.10935695469379425,0.06866306811571121,0.7088843584060669,0.022613590583205223
2024-05-19 22:55:44,핏레인 제한 존나 느려보이긴 하네 ㅋㅋ,,38,38.0,핏레인 제한 존나 느려보이긴 하네 ㅋㅋ ,핏레인 제한 존나 느려보이긴 하네 ㅋㅋ,0.1383054107427597,0.09066436439752579,0.2870345115661621,0.30957120656967163,0.08998027443885803,0.08444426953792572
2024-05-19 22:55:45,인공위성이 그냥 체코 그 자체인데?,ㅈㄴ끊김,38,38.0,인공위성이 그냥 체코 그 자체인데? ㅈㄴ끊김,인공위성이 그냥 체코 그 자체인데? ㅈㄴ끊김,0.17791734635829926,0.1691035032272339,0.35000061988830566,0.16147583723068237,0.08679299801588058,0.05470972880721092
2024-05-19 22:55:46,결국 똥꼬쇼해서 얻은게 +0임?,ㅋㅋㅋㅋㅋㅋㅋㅋㅋ,38,38.0,결국 똥꼬쇼해서 얻은게 +0임? ㅋㅋㅋㅋㅋㅋㅋㅋㅋ,결국 똥꼬쇼해서 얻은게 +0임? ㅋㅋㅋㅋㅋㅋㅋㅋㅋ,0.19938023388385773,0.13876022398471832,0.24452728033065796,0.24427539110183716,0.07162344455718994,0.10143348574638367
2024-05-19 22:55:47,똥갤러 밑 병신 ㅋㅋㅋㅋㅋㅋㅋ,,38,38.0,똥갤러 밑 병신 ㅋㅋㅋㅋㅋㅋㅋ ,똥갤러 밑 병신 ㅋㅋㅋㅋㅋㅋㅋ,0.19372186064720154,0.07370707392692566,0.23734697699546814,0.23915722966194153,0.1788797527551651,0.07718700170516968
2024-05-19 22:55:50,피트 존나 길긴 기노 ㅅㅂ ㅋㅋㅋ,,38,38.0,피트 존나 길긴 기노 ㅅㅂ ㅋㅋㅋ ,피트 존나 길긴 기노 ㅅㅂ ㅋㅋㅋ,0.25143349170684814,0.1213577389717102,0.25271961092948914,0.17426125705242157,0.11167252063751221,0.08855538070201874
2024-05-19 22:55:50,체코쉑 그래도 몽골놈보다 중계 많이탐ㅋㅋㅋ,"많이 나온거면 됏잖아 한잔해
- dc official App",38,38.0,"체코쉑 그래도 몽골놈보다 중계 많이탐ㅋㅋㅋ 많이 나온거면 됏잖아 한잔해
- dc official App",체코쉑 그래도 몽골놈보다 중계 많이탐ㅋㅋㅋ 많이 나온거면 됏잖아 한잔해,0.073726125061512,0.04974167421460152,0.15501952171325684,0.08368244022130966,0.5906195640563965,0.04721066728234291
2024-05-19 22:55:59,체코 진짜 심하노 ㅋㅋㅋㅋㅋ,,38,38.0,체코 진짜 심하노 ㅋㅋㅋㅋㅋ ,체코 진짜 심하노 ㅋㅋㅋㅋㅋ,0.1954265534877777,0.1427602767944336,0.2886362075805664,0.19995994865894318,0.08893401175737381,0.0842830091714859
2024-05-19 22:56:04,병신vs대런 떴노ㅋㅋㅋㅋ,ㅋㅋㅋㅋㅋ,38,38.0,병신vs대런 떴노ㅋㅋㅋㅋ ㅋㅋㅋㅋㅋ,병신vs대런 떴노ㅋㅋㅋㅋ ㅋㅋㅋㅋㅋ,0.06794591248035431,0.03130321577191353,0.13350296020507812,0.1068100556731224,0.6327637434005737,0.027674051001667976
2024-05-19 22:56:09,막스는 찐이다,"맥라렌 페라리 메르
이 중에는 아무차나 태워도 1등임.
역대급 인정한다.
어쩌면 RB로도 1등 할지도 모를 미친넘이다.",38,38.0,"막스는 찐이다 맥라렌 페라리 메르
이 중에는 아무차나 태워도 1등임.
역대급 인정한다.
어쩌면 RB로도 1등 할지도 모를 미친넘이다.",막스는 찐이다 맥라렌 페라리 메르 이 중에는 아무차나 태워도 1등임. 역대급 인정한다. 어쩌면 RB로도 1등 할지도 모를 미친넘이다.,0.10198672115802765,0.05618654191493988,0.19878321886062622,0.24510066211223602,0.28716790676116943,0.11077491194009781
2024-05-19 22:56:09,페레즈 저 개병신새끼 교체 해야된다니까,씨발 사람만큼만 하라는게 그렇게 어렵냐,38,38.0,페레즈 저 개병신새끼 교체 해야된다니까 씨발 사람만큼만 하라는게 그렇게 어렵냐,페레즈 저 개병신새끼 교체 해야된다니까 씨발 사람만큼만 하라는게 그렇게 어렵냐,0.2998965382575989,0.21590402722358704,0.1832413524389267,0.12645038962364197,0.13486692309379578,0.03964082524180412
2024-05-19 22:56:11,Rb포인트 둘다 딸거 같네,"+ dc official App
- dc official App",38,38.0,"Rb포인트 둘다 딸거 같네 + dc official App
- dc official App",Rb포인트 둘다 딸거 같네 + dc official App,0.07153845578432083,0.04164838045835495,0.1625300496816635,0.13255725800991058,0.553055465221405,0.0386703759431839
2024-05-19 22:56:14,근데 딸깍쇼 좆노잼이긴 함.,예전 F1마냥 차량크기 줄이고 순수 역량으로 추월하는게 ㄹㅇ 존잼인데,38,38.0,근데 딸깍쇼 좆노잼이긴 함. 예전 F1마냥 차량크기 줄이고 순수 역량으로 추월하는게 ㄹㅇ 존잼인데,근데 딸깍쇼 좆노잼이긴 함. 예전 F1마냥 차량크기 줄이고 순수 역량으로 추월하는게 ㄹㅇ 존잼인데,0.18681441247463226,0.13521558046340942,0.30584514141082764,0.16208599507808685,0.13571351766586304,0.07432530075311661
2024-05-19 22:56:16,실수안했으면 츠노다 뒤인데 병신,근데 퀄리 지랄 안했으면 애초에 저지랄 안났겠노,38,38.0,실수안했으면 츠노다 뒤인데 병신 근데 퀄리 지랄 안했으면 애초에 저지랄 안났겠노,실수안했으면 츠노다 뒤인데 병신 근데 퀄리 지랄 안했으면 애초에 저지랄 안났겠노,0.290666401386261,0.2025088369846344,0.19366922974586487,0.17517364025115967,0.0804225504398346,0.057559315115213394
2024-05-19 22:56:27,+1lap 처음본다,ㅋㅋㅋ 대 알 본,39,39.0,+1lap 처음본다 ㅋㅋㅋ 대 알 본,+1lap 처음본다 ㅋㅋㅋ 대 알 본,0.05782357603311539,0.028144782409071922,0.1422339379787445,0.11027899384498596,0.6289899945259094,0.032528702169656754
2024-05-19 22:56:33,이대로 딱 끝나겠네,- dc official App,39,39.0,이대로 딱 끝나겠네 - dc official App,이대로 딱 끝나겠네 - dc official App,0.08137662708759308,0.06370361894369125,0.21697479486465454,0.1427231729030609,0.4489089548587799,0.04631276801228523
2024-05-19 22:56:34,레드 불 타고 포인트 겨우 따려는 체코,"ㅋㅋㅋ
- dc official App",39,39.0,"레드 불 타고 포인트 겨우 따려는 체코 ㅋㅋㅋ
- dc official App",레드 불 타고 포인트 겨우 따려는 체코 ㅋㅋㅋ,0.14780695736408234,0.06891690939664841,0.29606226086616516,0.18800733983516693,0.22748827934265137,0.07171819359064102
2024-05-19 22:56:38,르끌 살벌하게 쫓아오는데,"노리스 따러가즈아
- dc official App",39,39.0,"르끌 살벌하게 쫓아오는데 노리스 따러가즈아
- dc official App",르끌 살벌하게 쫓아오는데 노리스 따러가즈아,0.0730467215180397,0.039625249803066254,0.18556718528270721,0.21519848704338074,0.4145847260951996,0.0719776600599289
2024-05-19 22:56:41,마그누센 하드 의미있나,"좀더 버티고 소프트 끼지
- dc official App",39,39.0,"마그누센 하드 의미있나 좀더 버티고 소프트 끼지
- dc official App",마그누센 하드 의미있나 좀더 버티고 소프트 끼지,0.1025925874710083,0.11595158278942108,0.2659512162208557,0.312425822019577,0.13954085111618042,0.06353799253702164
2024-05-19 22:56:44,그냥 지금 끄고 다음에 불면증올때 다시보기 보는게 좋을듯,하암쓰,39,39.0,그냥 지금 끄고 다음에 불면증올때 다시보기 보는게 좋을듯 하암쓰,그냥 지금 끄고 다음에 불면증올때 다시보기 보는게 좋을듯 하암쓰,0.09920791536569595,0.11079065501689911,0.32318729162216187,0.12996502220630646,0.27668166160583496,0.060167424380779266
2024-05-19 22:56:45,몬자>>>>>>>>이몰라,"시발 병신 서킷 꺼지십시오 JOAT
- dc official App",39,39.0,"몬자>>>>>>>>이몰라 시발 병신 서킷 꺼지십시오 JOAT
- dc official App",몬자>>>>>>>>이몰라 시발 병신 서킷 꺼지십시오 JOAT,0.3346216380596161,0.17183774709701538,0.19164572656154633,0.1119404137134552,0.14722172915935516,0.0427328497171402
2024-05-19 22:56:46,근데 진짜 좆노잼 트랙이네 진짜,씨발 뭐가 없노 진짜,39,39.0,근데 진짜 좆노잼 트랙이네 진짜 씨발 뭐가 없노 진짜,근데 진짜 좆노잼 트랙이네 진짜 씨발 뭐가 없노 진짜,0.21341221034526825,0.18203964829444885,0.2957189679145813,0.1362210214138031,0.11391236633062363,0.05869581550359726
2024-05-19 22:56:50,와 씨발 한 20분 잠깐 잠들었음,그런데 순위표만 봐도 재밌는 일 하나도 없었노,39,39.0,와 씨발 한 20분 잠깐 잠들었음 그런데 순위표만 봐도 재밌는 일 하나도 없었노,와 씨발 한 20분 잠깐 잠들었음 그런데 순위표만 봐도 재밌는 일 하나도 없었노,0.2293562889099121,0.22871088981628418,0.26956501603126526,0.09688688814640045,0.12403178215026855,0.051449138671159744
2024-05-19 22:56:50,마지막 노리타 노셒카 노옐로가 언제였지,작년에 한번 있었던거 같은데 바쿠?,39,39.0,마지막 노리타 노셒카 노옐로가 언제였지 작년에 한번 있었던거 같은데 바쿠?,마지막 노리타 노셒카 노옐로가 언제였지 작년에 한번 있었던거 같은데 바쿠?,0.08401219546794891,0.051237981766462326,0.22573159635066986,0.28212597966194153,0.2805132269859314,0.07637897878885269
2024-05-19 22:56:48,자우버 저거 뭔소리냐,"뭔 플라이휠 돌아가는소리가 계속들리네
Mclaren F1 team 2007~",39,39.0,"자우버 저거 뭔소리냐 뭔 플라이휠 돌아가는소리가 계속들리네
Mclaren F1 team 2007~",자우버 저거 뭔소리냐 뭔 플라이휠 돌아가는소리가 계속들리네 Mclaren F1 team 2007~,0.15360349416732788,0.08163009583950043,0.27392497658729553,0.26699480414390564,0.12899866700172424,0.09484795480966568
2024-05-19 22:56:54,6.5 ㅋㅋㅋㅋ,,39,39.0,6.5 ㅋㅋㅋㅋ ,6.5 ㅋㅋㅋㅋ,0.11804062873125076,0.04929279536008835,0.20936927199363708,0.16556565463542938,0.4064845144748688,0.05124705657362938
2024-05-19 22:56:55,체코 그래도 츠노다까진 올거같은데,,39,39.0,체코 그래도 츠노다까진 올거같은데 ,체코 그래도 츠노다까진 올거같은데,0.09900663048028946,0.08909941464662552,0.2604457139968872,0.308277428150177,0.1702527403831482,0.0729181095957756
2024-05-19 22:56:59,알핀 포인트 각이 살짝 보이는데,하드가 50랩갈거같지가않아,39,39.0,알핀 포인트 각이 살짝 보이는데 하드가 50랩갈거같지가않아,알핀 포인트 각이 살짝 보이는데 하드가 50랩갈거같지가않아,0.1273026317358017,0.12145982682704926,0.2767593562602997,0.29921770095825195,0.11527290940284729,0.05998758599162102
2024-05-19 22:57:05,페레즈 좆밥 팀 상대로 딸깍질 시작,,39,39.0,페레즈 좆밥 팀 상대로 딸깍질 시작 ,페레즈 좆밥 팀 상대로 딸깍질 시작,0.28291571140289307,0.14386925101280212,0.19680865108966827,0.205829456448555,0.0924670621752739,0.07810981571674347
2024-05-19 22:57:09,페라리가 롱 레이스에 괜찮은거 같은데? 노리스랑 차이 많이 좁혀졌네,ㅇㅇ,39,39.0,페라리가 롱 레이스에 괜찮은거 같은데? 노리스랑 차이 많이 좁혀졌네 ㅇㅇ,페라리가 롱 레이스에 괜찮은거 같은데? 노리스랑 차이 많이 좁혀졌네 ㅇㅇ,0.07624365389347076,0.05438152328133583,0.24125182628631592,0.22097523510456085,0.3410812318325043,0.06606660783290863
2024-05-19 22:57:09,초반도 아니고 다 피트인 했으면 올 피니쉬각인거 같은데,,39,39.0,초반도 아니고 다 피트인 했으면 올 피니쉬각인거 같은데 ,초반도 아니고 다 피트인 했으면 올 피니쉬각인거 같은데,0.10315331071615219,0.08234617114067078,0.25922518968582153,0.33490386605262756,0.13624076545238495,0.08413077145814896
2024-05-19 22:57:15,짱 차에서 덜덜 소리 나지않았냐?,원래 그런가?,39,39.0,짱 차에서 덜덜 소리 나지않았냐? 원래 그런가?,짱 차에서 덜덜 소리 나지않았냐? 원래 그런가?,0.1302778273820877,0.07787634432315826,0.2077469378709793,0.3439505398273468,0.11767059564590454,0.12247772514820099
2024-05-19 22:57:19,시발 애마 22로 회귀했냐??,진짜 존나 느리네 ㅋㅋㅋㅋㅋ,39,39.0,시발 애마 22로 회귀했냐?? 진짜 존나 느리네 ㅋㅋㅋㅋㅋ,시발 애마 22로 회귀했냐?? 진짜 존나 느리네 ㅋㅋㅋㅋㅋ,0.21156930923461914,0.12726788222789764,0.2617659866809845,0.21244221925735474,0.09383990615606308,0.09311466664075851
2024-05-19 22:57:19,이번 시즌 중에 제일 재미없는 경기네,그냥 끌까,39,39.0,이번 시즌 중에 제일 재미없는 경기네 그냥 끌까,이번 시즌 중에 제일 재미없는 경기네 그냥 끌까,0.16941256821155548,0.16892850399017334,0.32708314061164856,0.15763598680496216,0.11723438650369644,0.05970533564686775
2024-05-19 22:57:27,레이스 벤도 있노 ㅋㅋㅋ,"무섭네
- dc official App",39,39.0,"레이스 벤도 있노 ㅋㅋㅋ 무섭네
- dc official App",레이스 벤도 있노 ㅋㅋㅋ 무섭네,0.11942420154809952,0.053647976368665695,0.20778533816337585,0.349105566740036,0.15865620970726013,0.1113806888461113
2024-05-19 22:57:28,어 개꿀잼이야~,ㅋㅋ,39,39.0,어 개꿀잼이야~ ㅋㅋ,어 개꿀잼이야~ ㅋㅋ,0.05992819368839264,0.04167093336582184,0.12340454757213593,0.06618697941303253,0.6839026808738708,0.024906674399971962
2024-05-19 22:57:28,자우버 피트스탑 존나 빨라졌네ㅋㅋㅋㅋㅋ,자우버가 6초ㅋㅋㅋㅋㅋㅋ,39,39.0,자우버 피트스탑 존나 빨라졌네ㅋㅋㅋㅋㅋ 자우버가 6초ㅋㅋㅋㅋㅋㅋ,자우버 피트스탑 존나 빨라졌네ㅋㅋㅋㅋㅋ 자우버가 6초ㅋㅋㅋㅋㅋㅋ,0.09937116503715515,0.04059581086039543,0.20991548895835876,0.23484553396701813,0.3467390239238739,0.0685330256819725
2024-05-19 22:57:32,올해 컨챔 레드불이 못먹는거아니냐?,체코 꼬라지보면 진짜 가능성 있어보이는데 ㅋㅋ,39,39.0,올해 컨챔 레드불이 못먹는거아니냐? 체코 꼬라지보면 진짜 가능성 있어보이는데 ㅋㅋ,올해 컨챔 레드불이 못먹는거아니냐? 체코 꼬라지보면 진짜 가능성 있어보이는데 ㅋㅋ,0.11901424080133438,0.080846406519413,0.20397010445594788,0.35964685678482056,0.12227386236190796,0.11424855142831802
2024-05-19 22:57:36,르클이 붙긴 하는거같은데,흠,39,39.0,르클이 붙긴 하는거같은데 흠,르클이 붙긴 하는거같은데 흠,0.10837559401988983,0.1023256853222847,0.2789877951145172,0.2959122955799103,0.14958924055099487,0.06480943411588669
2024-05-19 22:57:42,르끌 귀신같이 누리스 추격중,- dc official App,39,39.0,르끌 귀신같이 누리스 추격중 - dc official App,르끌 귀신같이 누리스 추격중 - dc official App,0.0635165274143219,0.034840282052755356,0.15127907693386078,0.1296011060476303,0.5822795629501343,0.038483455777168274
2024-05-19 22:57:42,병신 VS 대런.jpg,- dc official App,39,39.0,병신 VS 대런.jpg - dc official App,병신 VS 대런.jpg - dc official App,0.09087596833705902,0.0490301214158535,0.19622434675693512,0.2084282785654068,0.4176408648490906,0.03780044615268707
2024-05-19 22:57:47,뉴비 질문 이름 옆에 +3.578 이런거 머에요?,뒷사람과 격차 시간차이??,40,40.0,뉴비 질문 이름 옆에 +3.578 이런거 머에요? 뒷사람과 격차 시간차이??,뉴비 질문 이름 옆에 +3.578 이런거 머에요? 뒷사람과 격차 시간차이??,0.10806822776794434,0.07507121562957764,0.23695504665374756,0.3491421639919281,0.14605672657489777,0.08470664173364639
2024-05-19 22:57:47,6.3 유지하다가 6.5 ㄷㄷ,"막스는 순순하게 미친새끼인듯
- dc official App",40,40.0,"6.3 유지하다가 6.5 ㄷㄷ 막스는 순순하게 미친새끼인듯
- dc official App",6.3 유지하다가 6.5 ㄷㄷ 막스는 순순하게 미친새끼인듯,0.16311891376972198,0.08658955246210098,0.1865437775850296,0.3183290660381317,0.11102170497179031,0.1343969851732254
2024-05-19 22:57:47,해물탕 페레즈 넘는거 보면,메르 직선 ㅈ1ㄴ 쳐 느리긴 하네 10km 어따 팔아먹음?,40,40.0,해물탕 페레즈 넘는거 보면 메르 직선 ㅈ1ㄴ 쳐 느리긴 하네 10km 어따 팔아먹음?,해물탕 페레즈 넘는거 보면 메르 직선 ㅈ1ㄴ 쳐 느리긴 하네 10km 어따 팔아먹음?,0.22564445436000824,0.16057352721691132,0.21271584928035736,0.25132301449775696,0.08383626490831375,0.06590690463781357
2024-05-19 22:57:52,근데 페레즈 하드로 30랩 이상 달렸는데 타이어 차이 아님?,맞는 것 같은데,40,40.0,근데 페레즈 하드로 30랩 이상 달렸는데 타이어 차이 아님? 맞는 것 같은데,근데 페레즈 하드로 30랩 이상 달렸는데 타이어 차이 아님? 맞는 것 같은데,0.12496757507324219,0.07621490955352783,0.21292813122272491,0.3606517016887665,0.13010378181934357,0.09513385593891144
2024-05-19 22:57:53,이몰라 요약 떴다 ㅋㅋㅋ,트랙터 레이스,40,40.0,이몰라 요약 떴다 ㅋㅋㅋ 트랙터 레이스,이몰라 요약 떴다 ㅋㅋㅋ 트랙터 레이스,0.06298185139894485,0.03563258796930313,0.14822787046432495,0.10506375133991241,0.6154634952545166,0.03263038024306297
2024-05-19 22:58:05,딸깍 ㅋㅋ,,40,40.0,딸깍 ㅋㅋ ,딸깍 ㅋㅋ,0.05949481204152107,0.03241745010018349,0.11695410311222076,0.08341147750616074,0.6817294955253601,0.02599271573126316
2024-05-19 22:58:09,페레즈의 딸깍쇼는 지금부터임,새삥 미디움으로 딸깍쇼 하면 츠노다 보단 앞일듯,40,40.0,페레즈의 딸깍쇼는 지금부터임 새삥 미디움으로 딸깍쇼 하면 츠노다 보단 앞일듯,페레즈의 딸깍쇼는 지금부터임 새삥 미디움으로 딸깍쇼 하면 츠노다 보단 앞일듯,0.07784128189086914,0.03841497004032135,0.18860264122486115,0.18742628395557404,0.4544617235660553,0.05325314402580261
2024-05-19 22:58:13,딸깍 ㅋㅋㅋㅋ,ㅋㅋㅋ,40,40.0,딸깍 ㅋㅋㅋㅋ ㅋㅋㅋ,딸깍 ㅋㅋㅋㅋ ㅋㅋㅋ,0.05827159062027931,0.03264264017343521,0.11999388784170151,0.07743118703365326,0.6874468922615051,0.024213803932070732
2024-05-19 22:58:18,딸깍 온 ㅋㅋ,,40,40.0,딸깍 온 ㅋㅋ ,딸깍 온 ㅋㅋ,0.053658343851566315,0.035396263003349304,0.10736466944217682,0.07075890153646469,0.7074984312057495,0.02532345987856388
2024-05-19 22:58:19,중위권여포,ㅋㅋㅋㅋㅋ,40,40.0,중위권여포 ㅋㅋㅋㅋㅋ,중위권여포 ㅋㅋㅋㅋㅋ,0.2013382613658905,0.14398790895938873,0.2993011772632599,0.14780381321907043,0.12107972800731659,0.08648917078971863
2024-05-19 22:58:21,르끌  피아제랑 계속벌리고,"노리스 좁히는중
몽골 5초페널티한번뜨면!!",40,40.0,"르끌  피아제랑 계속벌리고 노리스 좁히는중
몽골 5초페널티한번뜨면!!",르끌 피아제랑 계속벌리고 노리스 좁히는중 몽골 5초페널티한번뜨면!!,0.12336905300617218,0.0921335443854332,0.25663524866104126,0.14784090220928192,0.31580284237861633,0.06421837955713272
2024-05-19 22:58:24,꼬라박 한번 가자,노잼이라 이대로 잠들겠다,40,40.0,꼬라박 한번 가자 노잼이라 이대로 잠들겠다,꼬라박 한번 가자 노잼이라 이대로 잠들겠다,0.18584488332271576,0.18111777305603027,0.30350592732429504,0.12020270526409149,0.1390540897846222,0.07027456164360046
2024-05-19 22:58:26,따먹힌만큼 따먹기 ㅅㅂㅋㅋㅋㅋ,,40,40.0,따먹힌만큼 따먹기 ㅅㅂㅋㅋㅋㅋ ,따먹힌만큼 따먹기 ㅅㅂㅋㅋㅋㅋ,0.2935178875923157,0.13648824393749237,0.2095305472612381,0.11079307645559311,0.18636877834796906,0.0633014589548111
2024-05-19 22:58:26,순식간에 다따네,,40,40.0,순식간에 다따네 ,순식간에 다따네,0.06384231895208359,0.03421583026647568,0.17661665380001068,0.1750432699918747,0.49700048565864563,0.05328142270445824
2024-05-19 22:58:26,딸깍쇼,ㄴ,40,40.0,딸깍쇼 ㄴ,딸깍쇼 ㄴ,0.12816809117794037,0.07248193770647049,0.2553592324256897,0.200346902012825,0.2942665219306946,0.049377407878637314
2024-05-19 22:58:28,딸깍쇼 시작ㅋㅋㅋㅋ 하드똥꼬쇼 이유가 있엇다ㅋㅋㅋ,"ㅋㅋㅋ
- dc official App",40,40.0,"딸깍쇼 시작ㅋㅋㅋㅋ 하드똥꼬쇼 이유가 있엇다ㅋㅋㅋ ㅋㅋㅋ
- dc official App",딸깍쇼 시작ㅋㅋㅋㅋ 하드똥꼬쇼 이유가 있엇다ㅋㅋㅋ ㅋㅋㅋ,0.07417716830968857,0.03623393923044205,0.14748457074165344,0.097437284886837,0.6123968362808228,0.03227026015520096
2024-05-19 22:58:33,대노다 8위 ㄷㄷ,레드불 맥라렌 페라리 메르 바로뒤 존나잘하네 ㄷㄷ,40,40.0,대노다 8위 ㄷㄷ 레드불 맥라렌 페라리 메르 바로뒤 존나잘하네 ㄷㄷ,대노다 8위 ㄷㄷ 레드불 맥라렌 페라리 메르 바로뒤 존나잘하네 ㄷㄷ,0.11403513699769974,0.05255230516195297,0.19014020264148712,0.30949094891548157,0.21409574151039124,0.11968560516834259
2024-05-19 22:58:39,진짜 딸깍 성능 보소,페라리도 저런 딸깍 주세요,40,40.0,진짜 딸깍 성능 보소 페라리도 저런 딸깍 주세요,진짜 딸깍 성능 보소 페라리도 저런 딸깍 주세요,0.08277326077222824,0.040905825793743134,0.20658408105373383,0.22801713645458221,0.3583514094352722,0.08336823433637619
2024-05-19 22:58:42,르클이 백마커들 덕에,거리 좀 벌렸네,40,40.0,르클이 백마커들 덕에 거리 좀 벌렸네,르클이 백마커들 덕에 거리 좀 벌렸네,0.06133539602160454,0.04192204400897026,0.21325525641441345,0.15396347641944885,0.47979751229286194,0.04972635954618454
2024-05-19 22:58:42,르끌 개빨리 붙고 있네 ㅅㅂ,오지마 ㅅㅂ,40,40.0,르끌 개빨리 붙고 있네 ㅅㅂ 오지마 ㅅㅂ,르끌 개빨리 붙고 있네 ㅅㅂ 오지마 ㅅㅂ,0.34597668051719666,0.17926174402236938,0.18012049794197083,0.10182501375675201,0.15089476108551025,0.041921310126781464
2024-05-19 22:58:37,ㄹㅇ 버튼누르고 손떼네 ^딸깍^,,40,40.0,ㄹㅇ 버튼누르고 손떼네 ^딸깍^ ,ㄹㅇ 버튼누르고 손떼네 ^딸깍^,0.13762347400188446,0.0824335366487503,0.28070488572120667,0.11264948546886444,0.3294775187969208,0.05711105838418007
2024-05-19 22:58:45,누리스 르끌 조만간 만난다,ㅋㅋ,40,40.0,누리스 르끌 조만간 만난다 ㅋㅋ,누리스 르끌 조만간 만난다 ㅋㅋ,0.05450349301099777,0.036468759179115295,0.11906108260154724,0.07301828265190125,0.6873897910118103,0.029558584094047546
2024-05-19 22:58:58,"1,2위 7초차","미친새끼...
- dc official App",40,40.0,"1,2위 7초차 미친새끼...
- dc official App","1,2위 7초차 미친새끼...",0.2597523331642151,0.14536459743976593,0.2305077463388443,0.1701403707265854,0.1109093502163887,0.08332561701536179
2024-05-19 22:59:01,레드불 하드에서 무력) 막스는 하드로 크루징을 하며..,페레즈 븅신,40,40.0,레드불 하드에서 무력) 막스는 하드로 크루징을 하며.. 페레즈 븅신,레드불 하드에서 무력) 막스는 하드로 크루징을 하며.. 페레즈 븅신,0.15490156412124634,0.10821100324392319,0.3061462342739105,0.23512446880340576,0.10885481536388397,0.086761973798275
2024-05-19 22:59:08,츠노다보다 못하면 RB로 가야지,래드불 츠노다 cum onㅋㅋㅋㅋㅋㅋ,41,41.0,츠노다보다 못하면 RB로 가야지 래드불 츠노다 cum onㅋㅋㅋㅋㅋㅋ,츠노다보다 못하면 RB로 가야지 래드불 츠노다 cum onㅋㅋㅋㅋㅋㅋ,0.17180927097797394,0.08212733268737793,0.21056196093559265,0.16443534195423126,0.30951210856437683,0.06155402213335037
2024-05-19 22:59:09,방금 좀 닿지 않았냐,- dc official App,41,41.0,방금 좀 닿지 않았냐 - dc official App,방금 좀 닿지 않았냐 - dc official App,0.08416540175676346,0.060202162712812424,0.2463635951280594,0.23547416925430298,0.309835821390152,0.06395882368087769
2024-05-19 22:59:11,미끌레 노리스나 따자 ㅋㅋㅋ,다잡아가네,41,41.0,미끌레 노리스나 따자 ㅋㅋㅋ 다잡아가네,미끌레 노리스나 따자 ㅋㅋㅋ 다잡아가네,0.25984054803848267,0.13901343941688538,0.25416725873947144,0.1303650140762329,0.14086203277111053,0.0757516622543335
2024-05-19 22:59:13,얘들아 생각을 다르게 하는게 어떨까?,20위인 알본에게 잡히면 죽는게임에서 다 도망가는거야 아 ㅁ시발 쓰다가 현타옴 다 쥭어 씨발 좆노잼 좆몰라 쥭어주겅,41,41.0,얘들아 생각을 다르게 하는게 어떨까? 20위인 알본에게 잡히면 죽는게임에서 다 도망가는거야 아 ㅁ시발 쓰다가 현타옴 다 쥭어 씨발 좆노잼 좆몰라 쥭어주겅,얘들아 생각을 다르게 하는게 어떨까? 20위인 알본에게 잡히면 죽는게임에서 다 도망가는거야 아 ㅁ시발 쓰다가 현타옴 다 쥭어 씨발 좆노잼 좆몰라 쥭어주겅,0.2742781341075897,0.20846343040466309,0.19902408123016357,0.14914549887180328,0.09335915744304657,0.07572974264621735
2024-05-19 22:59:11,마그누센이 또 사고치는각이냐ㅋㅋㅋㅋㅋㅋㅋㅋㅋㅋ,"뭔가 익숙한 냄새가 난다
Mclaren F1 team 2007~",41,41.0,"마그누센이 또 사고치는각이냐ㅋㅋㅋㅋㅋㅋㅋㅋㅋㅋ 뭔가 익숙한 냄새가 난다
Mclaren F1 team 2007~",마그누센이 또 사고치는각이냐ㅋㅋㅋㅋㅋㅋㅋㅋㅋㅋ 뭔가 익숙한 냄새가 난다 Mclaren F1 team 2007~,0.14318569004535675,0.06568463891744614,0.222432479262352,0.3003523051738739,0.1395822912454605,0.12876254320144653
2024-05-19 22:59:16,르끌 이상한데,ㅈㄴ 잘 붙네,41,41.0,르끌 이상한데 ㅈㄴ 잘 붙네,르끌 이상한데 ㅈㄴ 잘 붙네,0.17548957467079163,0.08297450095415115,0.28887221217155457,0.2493792027235031,0.11527297645807266,0.08801158517599106
2024-05-19 22:59:23,그 DRS라고 버튼 있거든?,그거 누르면 추월하기 쉽더라고!,41,41.0,그 DRS라고 버튼 있거든? 그거 누르면 추월하기 쉽더라고!,그 DRS라고 버튼 있거든? 그거 누르면 추월하기 쉽더라고!,0.07855838537216187,0.05741505324840546,0.18610262870788574,0.15309695899486542,0.4743887782096863,0.05043824389576912
2024-05-19 22:59:23,르끌 페이스 미쳤네,앞뒤로 맥라렌 힘을 못쓰네,41,41.0,르끌 페이스 미쳤네 앞뒤로 맥라렌 힘을 못쓰네,르끌 페이스 미쳤네 앞뒤로 맥라렌 힘을 못쓰네,0.125192329287529,0.06495511531829834,0.21743746101856232,0.3355177938938141,0.12959980964660645,0.1272975355386734
2024-05-19 22:59:26,갭 투 페레즈 뭐냐 ㅋ,"조롱하노
- dc official App",41,41.0,"갭 투 페레즈 뭐냐 ㅋ 조롱하노
- dc official App",갭 투 페레즈 뭐냐 ㅋ 조롱하노,0.25608310103416443,0.12206053733825684,0.24887822568416595,0.1881096363067627,0.11841373890638351,0.06645480543375015
2024-05-19 22:59:36,페레즈:난 키워서 먹어,ㅋㅋㅋ,41,41.0,페레즈:난 키워서 먹어 ㅋㅋㅋ,페레즈:난 키워서 먹어 ㅋㅋㅋ,0.12174606323242188,0.06913644075393677,0.18416829407215118,0.0974879115819931,0.4821525812149048,0.04530870169401169
2024-05-19 22:59:53,병신좆노잼 서킷이라고 부두술 걸었더니 꿀잼각 나오노,이제 다시 집중해야지,41,41.0,병신좆노잼 서킷이라고 부두술 걸었더니 꿀잼각 나오노 이제 다시 집중해야지,병신좆노잼 서킷이라고 부두술 걸었더니 꿀잼각 나오노 이제 다시 집중해야지,0.11904709786176682,0.0776231586933136,0.18336141109466553,0.08637118339538574,0.4883083999156952,0.04528871178627014
2024-05-19 22:59:46,"""소리가 작다""",ㅋㅋㅋㅋ,41,41.0,"""소리가 작다"" ㅋㅋㅋㅋ","""소리가 작다"" ㅋㅋㅋㅋ",0.1474030315876007,0.07142186909914017,0.2727976441383362,0.22491297125816345,0.2076643407344818,0.07580011337995529
2024-05-19 23:00:11,알론소는 어떻게든 클린에어로 가야제,,41,41.0,알론소는 어떻게든 클린에어로 가야제 ,알론소는 어떻게든 클린에어로 가야제,0.10873040556907654,0.10093794018030167,0.20976336300373077,0.14130140841007233,0.37906038761138916,0.060206588357686996
2024-05-19 23:00:19,페레즈의 딸깍쇼 입갤 ㅋㅋ,,41,41.0,페레즈의 딸깍쇼 입갤 ㅋㅋ ,페레즈의 딸깍쇼 입갤 ㅋㅋ,0.06116597726941109,0.031883496791124344,0.11775852739810944,0.09251716732978821,0.6679001450538635,0.02877463959157467
2024-05-19 23:00:26,보딱 뭐하노,"차가병신이라 ㅅㅂ
- dc official App",41,41.0,"보딱 뭐하노 차가병신이라 ㅅㅂ
- dc official App",보딱 뭐하노 차가병신이라 ㅅㅂ,0.2662946879863739,0.2268315851688385,0.2307506501674652,0.11771193146705627,0.11960132420063019,0.03880982846021652
2024-05-19 23:00:26,왜 해설 반대로 얘기함?,"내가 더빠르다가 아니라 나도 빡세게 달리는데 르끌이 더빠름 아니었음?
Mclaren F1 team 2007~",41,41.0,"왜 해설 반대로 얘기함? 내가 더빠르다가 아니라 나도 빡세게 달리는데 르끌이 더빠름 아니었음?
Mclaren F1 team 2007~",왜 해설 반대로 얘기함? 내가 더빠르다가 아니라 나도 빡세게 달리는데 르끌이 더빠름 아니었음? Mclaren F1 team 2007~,0.175761416554451,0.1265256255865097,0.2923319637775421,0.2449830025434494,0.091672882437706,0.06872514635324478
2024-05-19 23:00:30,기습음해 ㅋㅋㅋㅋ,ㅋㅋㅋ,42,42.0,기습음해 ㅋㅋㅋㅋ ㅋㅋㅋ,기습음해 ㅋㅋㅋㅋ ㅋㅋㅋ,0.06025339290499687,0.03286929056048393,0.1335073709487915,0.08769553154706955,0.6592231392860413,0.026451315730810165
2024-05-19 23:00:31,트랙에서 제일 빠르다(P9),,42,42.0,트랙에서 제일 빠르다(P9) ,트랙에서 제일 빠르다(P9),0.06949909031391144,0.050160009413957596,0.16175909340381622,0.11227048933506012,0.5677258968353271,0.03858540952205658
2024-05-19 23:00:33,케로 소신발언 ㅋㅋ,- dc official App,42,42.0,케로 소신발언 ㅋㅋ - dc official App,케로 소신발언 ㅋㅋ - dc official App,0.06613604724407196,0.03480483591556549,0.12805095314979553,0.09492174535989761,0.6487407684326172,0.027345728129148483
2024-05-19 23:00:34,누리스랑 르클 사이에 백마커가 없다 이제,언제 더 붙나,42,42.0,누리스랑 르클 사이에 백마커가 없다 이제 언제 더 붙나,누리스랑 르클 사이에 백마커가 없다 이제 언제 더 붙나,0.1086248904466629,0.12579478323459625,0.3408048748970032,0.22261686623096466,0.11661364138126373,0.0855448842048645
2024-05-19 23:00:39,페레즈 차 타이어 차이 난다고 해도 이제 적응 한건가,오래 걸렸네,42,42.0,페레즈 차 타이어 차이 난다고 해도 이제 적응 한건가 오래 걸렸네,페레즈 차 타이어 차이 난다고 해도 이제 적응 한건가 오래 걸렸네,0.09269507229328156,0.07763086259365082,0.2864235043525696,0.2763233482837677,0.16758909821510315,0.09933815896511078
2024-05-19 23:00:40,딸깍질 on ㅋㅋㅋ,ㅋㅋ,42,42.0,딸깍질 on ㅋㅋㅋ ㅋㅋ,딸깍질 on ㅋㅋㅋ ㅋㅋ,0.07519194483757019,0.036427825689315796,0.1336732804775238,0.09043549001216888,0.6375777721405029,0.026693690568208694
2024-05-19 23:00:40,미끌레 DRS 입갤 ㅋㅋㅋㅋ,크,42,42.0,미끌레 DRS 입갤 ㅋㅋㅋㅋ 크,미끌레 DRS 입갤 ㅋㅋㅋㅋ 크,0.057411596179008484,0.03181126341223717,0.10676396638154984,0.07464823871850967,0.7037163376808167,0.025648582726716995
2024-05-19 23:00:43,체코는 딸깍을 줄기네,,42,42.0,체코는 딸깍을 줄기네 ,체코는 딸깍을 줄기네,0.07025845348834991,0.049469005316495895,0.13880430161952972,0.07692316174507141,0.6350641250610352,0.029480908066034317
2024-05-19 23:00:42,더 빨리 갈 수 있다매 노리스 미친놈아,왜 줄어드는데,42,42.0,더 빨리 갈 수 있다매 노리스 미친놈아 왜 줄어드는데,더 빨리 갈 수 있다매 노리스 미친놈아 왜 줄어드는데,0.2412511259317398,0.17831523716449738,0.2760746479034424,0.16405436396598816,0.0822957456111908,0.05800887942314148
2024-05-19 23:00:49,예전의 페레즈 ㅇㅈㄹㅋㅋㅋㅋㅋ,,42,42.0,예전의 페레즈 ㅇㅈㄹㅋㅋㅋㅋㅋ ,예전의 페레즈 ㅇㅈㄹㅋㅋㅋㅋㅋ,0.1780937761068344,0.07744409888982773,0.2286563515663147,0.2678103446960449,0.17250381410121918,0.07549154758453369
2024-05-19 23:00:51,딸깍 ㅋㅋ,,42,42.0,딸깍 ㅋㅋ ,딸깍 ㅋㅋ,0.05949481204152107,0.03241745010018349,0.11695410311222076,0.08341147750616074,0.6817294955253601,0.02599271573126316
2024-05-19 23:00:52,딸깍 ㅋㅋㅋ,- dc official App,42,42.0,딸깍 ㅋㅋㅋ - dc official App,딸깍 ㅋㅋㅋ - dc official App,0.06187751889228821,0.03167089819908142,0.11572577059268951,0.09206924587488174,0.674013614654541,0.02464301325380802
2024-05-19 23:00:56,딸깍 ㅋㅋㅋ,ㅋㅋㅋ,42,42.0,딸깍 ㅋㅋㅋ ㅋㅋㅋ,딸깍 ㅋㅋㅋ ㅋㅋㅋ,0.05841803923249245,0.0324985533952713,0.11987420916557312,0.07764038443565369,0.6870627403259277,0.02450607158243656
2024-05-19 23:00:58,ㄸㄲ ㅋㅋ,,42,42.0,ㄸㄲ ㅋㅋ ,ㄸㄲ ㅋㅋ,0.060375187546014786,0.03595645725727081,0.13174961507320404,0.08548638224601746,0.65826416015625,0.02816816419363022
2024-05-19 23:00:59,딸깍~~,음~~,42,42.0,딸깍~~ 음~~,딸깍~~ 음~~,0.05939912423491478,0.03463946282863617,0.13882355391979218,0.09545880556106567,0.6412285566329956,0.030450524762272835
2024-05-19 23:01:01,르클 drs 열겟다,,42,42.0,르클 drs 열겟다 ,르클 drs 열겟다,0.09322626888751984,0.05171455070376396,0.21298812329769135,0.21719402074813843,0.3676586449146271,0.05721838027238846
2024-05-19 23:01:03,딸깤,"ㅋㅋㅋ
- dc official App",42,42.0,"딸깤 ㅋㅋㅋ
- dc official App",딸깤 ㅋㅋㅋ,0.054419565945863724,0.03538064286112785,0.11642235517501831,0.07348919659852982,0.6942532658576965,0.02603493072092533
2024-05-19 23:01:04,예전의 페레즈(딸깍질),,42,42.0,예전의 페레즈(딸깍질) ,예전의 페레즈(딸깍질),0.10194090753793716,0.05160873010754585,0.21256621181964874,0.18701191246509552,0.39540737867355347,0.051464878022670746
2024-05-19 23:01:06,르끌 각 나왔다,- dc official App,42,42.0,르끌 각 나왔다 - dc official App,르끌 각 나왔다 - dc official App,0.09316574782133102,0.06288474798202515,0.20517535507678986,0.20647576451301575,0.37822961807250977,0.05406874790787697
2024-05-19 23:01:09,딸깍하려고 뒤로 갔노 ㅋㅋㅋ,,42,42.0,딸깍하려고 뒤로 갔노 ㅋㅋㅋ ,딸깍하려고 뒤로 갔노 ㅋㅋㅋ,0.13292114436626434,0.0655861645936966,0.2917773127555847,0.24379470944404602,0.1743997186422348,0.09152094274759293
2024-05-19 23:01:12,이제 8위! ㅅㅂㅋㅋㅋㅋㅋ,오늘 개웃기네ㅋㅋㅋㅋ,42,42.0,이제 8위! ㅅㅂㅋㅋㅋㅋㅋ 오늘 개웃기네ㅋㅋㅋㅋ,이제 8위! ㅅㅂㅋㅋㅋㅋㅋ 오늘 개웃기네ㅋㅋㅋㅋ,0.06716379523277283,0.035887714475393295,0.14141786098480225,0.08980709314346313,0.6374999284744263,0.028223605826497078
2024-05-19 23:01:15,르끌 역전 하겠는데?,가보자고,42,42.0,르끌 역전 하겠는데? 가보자고,르끌 역전 하겠는데? 가보자고,0.06707713007926941,0.03843660280108452,0.19195197522640228,0.17571239173412323,0.47055408358573914,0.056267816573381424
2024-05-19 23:01:19,후즈넥스트 ㅋㅋㅋㅋㅋ,,42,42.0,후즈넥스트 ㅋㅋㅋㅋㅋ ,후즈넥스트 ㅋㅋㅋㅋㅋ,0.06617853790521622,0.03279859945178032,0.11713511496782303,0.0832114890217781,0.6764649152755737,0.024211345240473747
2024-05-19 23:01:19,딸깍 차이 엄청나네,,42,42.0,딸깍 차이 엄청나네 ,딸깍 차이 엄청나네,0.10274093598127365,0.05182081460952759,0.21239295601844788,0.35554540157318115,0.17298658192157745,0.10451333969831467
2024-05-19 23:01:21,르끌레 존나 빠른데 패렙은 쭉 피아제네,"한 번 존나 빠르게 찍고 쭉 유지중인가
- dc official App",42,42.0,"르끌레 존나 빠른데 패렙은 쭉 피아제네 한 번 존나 빠르게 찍고 쭉 유지중인가
- dc official App",르끌레 존나 빠른데 패렙은 쭉 피아제네 한 번 존나 빠르게 찍고 쭉 유지중인가,0.11475631594657898,0.05547233670949936,0.22852566838264465,0.3474934995174408,0.13853760063648224,0.11521462351083755
2024-05-19 23:01:21,시발 순식간에 딸깍 글이 ㅋㅋ,"체코 병신 ㅋㅋ
- dc official App",42,42.0,"시발 순식간에 딸깍 글이 ㅋㅋ 체코 병신 ㅋㅋ
- dc official App",시발 순식간에 딸깍 글이 ㅋㅋ 체코 병신 ㅋㅋ,0.13738961517810822,0.062249377369880676,0.2425498515367508,0.22771795094013214,0.23263075947761536,0.0974624752998352
2024-05-19 23:01:26,페레즈가 잘하는 모습(해밀턴과 30초 차이가 나며),,42,42.0,페레즈가 잘하는 모습(해밀턴과 30초 차이가 나며) ,페레즈가 잘하는 모습(해밀턴과 30초 차이가 나며),0.06584512442350388,0.040448229759931564,0.22017310559749603,0.17244398593902588,0.4435773193836212,0.0575123094022274
2024-05-19 23:01:31,페라리가 생각이상으로 타아어관리가 잘되는건가,자금 타이어 쓰면 끝에가서 빡셀텐데,42,42.0,페라리가 생각이상으로 타아어관리가 잘되는건가 자금 타이어 쓰면 끝에가서 빡셀텐데,페라리가 생각이상으로 타아어관리가 잘되는건가 자금 타이어 쓰면 끝에가서 빡셀텐데,0.10781791806221008,0.058184389024972916,0.21901167929172516,0.35708335041999817,0.15694788098335266,0.1009548231959343
2024-05-19 23:01:32,오히려 노리스가 르끌레 오래 붙잡고,피아제가 따라오는거 어떤데?,42,42.0,오히려 노리스가 르끌레 오래 붙잡고 피아제가 따라오는거 어떤데?,오히려 노리스가 르끌레 오래 붙잡고 피아제가 따라오는거 어떤데?,0.08919595181941986,0.059475746005773544,0.23363155126571655,0.2379033863544464,0.3145503103733063,0.06524308025836945
2024-05-19 23:01:33,2 3위 드가자 ㅋㅋ,,42,42.0,2 3위 드가자 ㅋㅋ ,2 3위 드가자 ㅋㅋ,0.05787557736039162,0.03563190624117851,0.11787071824073792,0.08134368807077408,0.6755679249763489,0.031710185110569
2024-05-19 23:01:39,대 황 끌 딸깍 입갤,,42,42.0,대 황 끌 딸깍 입갤 ,대 황 끌 딸깍 입갤,0.06103426590561867,0.03618527203798294,0.12060736864805222,0.08553467690944672,0.6629530787467957,0.03368530794978142
2024-05-19 23:01:42,케작가 또 작품 안만들어주나,,42,42.0,케작가 또 작품 안만들어주나 ,케작가 또 작품 안만들어주나,0.10874529927968979,0.10791575163602829,0.2683350741863251,0.23202866315841675,0.19867202639579773,0.08430325984954834
2024-05-19 23:01:44,르끌 노리스 따자~,"ㆍ
- dc official App",42,42.0,"르끌 노리스 따자~ ㆍ
- dc official App",르끌 노리스 따자~ ㆍ,0.06474563479423523,0.04299354925751686,0.13243839144706726,0.08707070350646973,0.641770601272583,0.030981168150901794
2024-05-19 23:01:47,제바루 ㅠㅠ,르끌화이팅,42,42.0,제바루 ㅠㅠ 르끌화이팅,제바루 ㅠㅠ 르끌화이팅,0.1106964722275734,0.13938294351100922,0.20308928191661835,0.13773775100708008,0.3364425003528595,0.0726509615778923
2024-05-19 23:01:53,아 저 씹새끼 캐쉬템 쓰네,"딸깍
- dc official App",43,43.0,"아 저 씹새끼 캐쉬템 쓰네 딸깍
- dc official App",아 저 씹새끼 캐쉬템 쓰네 딸깍,0.3451470136642456,0.17490965127944946,0.17916397750377655,0.12136253714561462,0.13333760201931,0.04607916995882988
2024-05-19 23:01:56,르끌레 빠르다 빨라,추월하자,43,43.0,르끌레 빠르다 빨라 추월하자,르끌레 빠르다 빨라 추월하자,0.052973806858062744,0.036128681153059006,0.13284336030483246,0.08617638796567917,0.6581225991249084,0.03375522792339325
2024-05-19 23:01:57,‼+오피셜) 애스턴 마틴 초록 트랙터,,43,43.0,‼+오피셜) 애스턴 마틴 초록 트랙터 ,‼+오피셜) 애스턴 마틴 초록 트랙터,0.07926473766565323,0.04334206506609917,0.17491714656352997,0.16139990091323853,0.5021571516990662,0.038919031620025635
2024-05-19 23:01:57,이몰라<<이새끼 생각보다 재밌음,- dc official App,43,43.0,이몰라<<이새끼 생각보다 재밌음 - dc official App,이몰라<<이새끼 생각보다 재밌음 - dc official App,0.06034628674387932,0.02881789766252041,0.12552334368228912,0.09875275939702988,0.6582946181297302,0.02826508693397045
2024-05-19 23:02:12,막아누센 오열ㅋㅋ,- dc official App,43,43.0,막아누센 오열ㅋㅋ - dc official App,막아누센 오열ㅋㅋ - dc official App,0.10221763700246811,0.06544311344623566,0.262991338968277,0.16459274291992188,0.33738529682159424,0.06736990064382553
2024-05-19 23:02:15,지금 상위권 예상 다 원스탑이지?,아마?,43,43.0,지금 상위권 예상 다 원스탑이지? 아마?,지금 상위권 예상 다 원스탑이지? 아마?,0.09907303005456924,0.06741946935653687,0.22802475094795227,0.33049896359443665,0.16214032471179962,0.11284343898296356
2024-05-19 23:02:23,황라리 전략 뭐고,ㄷㄷ,43,43.0,황라리 전략 뭐고 ㄷㄷ,황라리 전략 뭐고 ㄷㄷ,0.1387040764093399,0.062085870653390884,0.20316645503044128,0.34731775522232056,0.1188872680068016,0.12983858585357666
2024-05-19 23:02:31,스트롤 포인트 따겠는데?,,43,43.0,스트롤 포인트 따겠는데? ,스트롤 포인트 따겠는데?,0.08107832074165344,0.035060252994298935,0.2025451362133026,0.22524341940879822,0.3961430490016937,0.0599297434091568
2024-05-19 23:02:34,지금 물렁타이어인데도 이지랄이면,빨리 지우개 타이어 만들어야 꿀잼각 나올것 같은데,43,43.0,지금 물렁타이어인데도 이지랄이면 빨리 지우개 타이어 만들어야 꿀잼각 나올것 같은데,지금 물렁타이어인데도 이지랄이면 빨리 지우개 타이어 만들어야 꿀잼각 나올것 같은데,0.17320890724658966,0.11003153026103973,0.26908713579177856,0.2371208816766739,0.09119486808776855,0.11935664713382721
2024-05-19 23:02:37,캬ㅑㅑㅑㅑㅑ,가즈아,43,43.0,캬ㅑㅑㅑㅑㅑ 가즈아,캬ㅑㅑㅑㅑㅑ 가즈아,0.055538110435009,0.03609006479382515,0.10683289915323257,0.06470596045255661,0.7140806317329407,0.02275240793824196
2024-05-19 23:02:39,야 나 이상해진듯.,"이몰라 잼있어. 한시간 순삭됨..
- dc official App",43,43.0,"야 나 이상해진듯. 이몰라 잼있어. 한시간 순삭됨..
- dc official App",야 나 이상해진듯. 이몰라 잼있어. 한시간 순삭됨..,0.07120667397975922,0.044032350182533264,0.19827523827552795,0.11736582964658737,0.5250776410102844,0.04404226690530777
2024-05-19 23:02:40,이제 셒카 한번 떠줄 때 됐는데,페레즈 점프 한번만 더 가자,43,43.0,이제 셒카 한번 떠줄 때 됐는데 페레즈 점프 한번만 더 가자,이제 셒카 한번 떠줄 때 됐는데 페레즈 점프 한번만 더 가자,0.07647281885147095,0.058639924973249435,0.15493813157081604,0.10136651247739792,0.5618394017219543,0.04674321040511131
2024-05-19 23:02:47,르끌레 레이스 엔지니어 바뀐거 맞음?,목소리가 비슷한데,43,43.0,르끌레 레이스 엔지니어 바뀐거 맞음? 목소리가 비슷한데,르끌레 레이스 엔지니어 바뀐거 맞음? 목소리가 비슷한데,0.11341265588998795,0.0736989974975586,0.21891409158706665,0.3582637310028076,0.14464135468006134,0.09106918424367905
2024-05-19 23:02:48,대런 도련놈한테 따였노,,43,43.0,대런 도련놈한테 따였노 ,대런 도련놈한테 따였노,0.1951967030763626,0.14215034246444702,0.25377801060676575,0.22224009037017822,0.09189365804195404,0.09474119544029236
2024-05-19 23:02:48,“니가 제일 빠르다“,ㅋㅋ,43,43.0,“니가 제일 빠르다“ ㅋㅋ,“니가 제일 빠르다“ ㅋㅋ,0.0809519812464714,0.044814229011535645,0.1508805751800537,0.0977044552564621,0.5867840051651001,0.038864701986312866
2024-05-19 23:02:53,보찌나 사비나,"왜 억양이 비슷하냐 ㅋㅋㅋ
- dc official App",43,43.0,"보찌나 사비나 왜 억양이 비슷하냐 ㅋㅋㅋ
- dc official App",보찌나 사비나 왜 억양이 비슷하냐 ㅋㅋㅋ,0.13451692461967468,0.0564914271235466,0.2763027250766754,0.2741978168487549,0.17301692068576813,0.0854741707444191
2024-05-19 23:02:56,알국왕 ㄷㄷ,- dc official App,43,43.0,알국왕 ㄷㄷ - dc official App,알국왕 ㄷㄷ - dc official App,0.0783594474196434,0.030862273648381233,0.19602365791797638,0.2502574920654297,0.38068777322769165,0.0638093426823616
2024-05-19 23:02:58,틀론소 페랩 ㄷㄷ,,43,43.0,틀론소 페랩 ㄷㄷ ,틀론소 페랩 ㄷㄷ,0.11753292381763458,0.05240963399410248,0.19747523963451385,0.3563695251941681,0.16942793130874634,0.10678475350141525
2024-05-19 23:02:59,알론소 뭐야 ㄷㄷㄷ,,43,43.0,알론소 뭐야 ㄷㄷㄷ ,알론소 뭐야 ㄷㄷㄷ,0.13534864783287048,0.06498914211988449,0.20555877685546875,0.344107985496521,0.1338765025138855,0.11611895263195038
2024-05-19 23:02:59,이거보고싶다,,43,43.0,이거보고싶다 ,이거보고싶다,0.06364894658327103,0.03491004928946495,0.17650797963142395,0.14851683378219604,0.5366919040679932,0.039724212139844894
2024-05-19 23:03:03,오늘 노잼임?,"데이트하고 방금 들어왔는데 어때?
- dc official App",43,43.0,"오늘 노잼임? 데이트하고 방금 들어왔는데 어때?
- dc official App",오늘 노잼임? 데이트하고 방금 들어왔는데 어때?,0.10426359623670578,0.1357901394367218,0.35027647018432617,0.16688799858093262,0.17870359122753143,0.06407830119132996
2024-05-19 23:03:10,패랩 강탈 ㅋㅋㅋㅋ,,43,43.0,패랩 강탈 ㅋㅋㅋㅋ ,패랩 강탈 ㅋㅋㅋㅋ,0.09138982743024826,0.03620279207825661,0.17909888923168182,0.17283210158348083,0.47618433833122253,0.04429211840033531
2024-05-19 23:03:11,국왕 페랩ㅋㅋㅋ,,43,43.0,국왕 페랩ㅋㅋㅋ ,국왕 페랩ㅋㅋㅋ,0.07981625944375992,0.03359014913439751,0.1691531538963318,0.13427720963954926,0.5475354790687561,0.035627808421850204
2024-05-19 23:03:13,보1지도 사비랑 억양이 비슷한데?,목소리는 훨씬 나은듯,44,44.0,보1지도 사비랑 억양이 비슷한데? 목소리는 훨씬 나은듯,보1지도 사비랑 억양이 비슷한데? 목소리는 훨씬 나은듯,0.09967906773090363,0.05133049190044403,0.2501274347305298,0.3170550763607025,0.18642622232437134,0.09538174420595169
2024-05-19 23:03:14,뉴비 설명 부탁드려요,페레즈보고 왜 딸깍이라 하는거에요? 레드불 차가 좋아서? 페레즈가 그래도 츠노다 보단 잘해서?,44,44.0,뉴비 설명 부탁드려요 페레즈보고 왜 딸깍이라 하는거에요? 레드불 차가 좋아서? 페레즈가 그래도 츠노다 보단 잘해서?,뉴비 설명 부탁드려요 페레즈보고 왜 딸깍이라 하는거에요? 레드불 차가 좋아서? 페레즈가 그래도 츠노다 보단 잘해서?,0.11566794663667679,0.08165743201971054,0.23090507090091705,0.35271692276000977,0.1278342455625534,0.09121835231781006
2024-05-19 23:03:16,틀론소 뭐노,"뜬금 패랩ㅋㅋ
- dc official App",44,44.0,"틀론소 뭐노 뜬금 패랩ㅋㅋ
- dc official App",틀론소 뭐노 뜬금 패랩ㅋㅋ,0.11890949308872223,0.07238664478063583,0.2692308723926544,0.3023901879787445,0.1602262705564499,0.07685654610395432
2024-05-19 23:03:18,아니 트랙터 타고 패랩 ㅋㅋㅋ,,44,44.0,아니 트랙터 타고 패랩 ㅋㅋㅋ ,아니 트랙터 타고 패랩 ㅋㅋㅋ,0.07623938471078873,0.032453399151563644,0.17597907781600952,0.14772441983222961,0.5252341628074646,0.042369525879621506
2024-05-19 23:03:22,알론소 시동걸엇다,,44,44.0,알론소 시동걸엇다 ,알론소 시동걸엇다,0.08157403022050858,0.05375417321920395,0.1828787624835968,0.14387241005897522,0.4975150227546692,0.040405601263046265
2024-05-19 23:03:34,???: 그래서 내가 이걸 타라고?,"씁...안하는것보단 낫지만...
???: 형, 5년전에 그 페레즈 말야.. 그 형도 여기왔다는데? 근데 걔 어디갔다는지 알아? 가도 이소타로 갔다는데? 아오 쑤카블럇 ㅋㅋㅋ
???: 보나마나 걔도 짤려서 여기왔겠지...안토니오하고 그 슈마헌가.. 아 데브리스도 있었지..걔네들도 짤려서 여기온거잖아..ㅎㅎ..
- dc official App",44,44.0,"???: 그래서 내가 이걸 타라고? 씁...안하는것보단 낫지만...
???: 형, 5년전에 그 페레즈 말야.. 그 형도 여기왔다는데? 근데 걔 어디갔다는지 알아? 가도 이소타로 갔다는데? 아오 쑤카블럇 ㅋㅋㅋ
???: 보나마나 걔도 짤려서 여기왔겠지...안토니오하고 그 슈마헌가.. 아 데브리스도 있었지..걔네들도 짤려서 여기온거잖아..ㅎㅎ..
- dc official App","???: 그래서 내가 이걸 타라고? 씁...안하는것보단 낫지만... ???: 형, 5년전에 그 페레즈 말야.. 그 형도 여기왔다는데? 근데 걔 어디갔다는지 알아? 가도 이소타로 갔다는데? 아오 쑤카블럇 ㅋㅋㅋ ???: 보나마나 걔도 짤려서 여기왔겠지...안토니오하고 그 슈마헌가.. 아 데브리스도 있었지..걔네들도 짤려서 여기온거잖아..ㅎㅎ..",0.18462501466274261,0.17505675554275513,0.3027161657810211,0.15618111193180084,0.08894082903862,0.0924801155924797
2024-05-19 23:03:35,애마 이번 전략은 이몰라 버리고 셋업잡기인가 보네,패랩이네,44,44.0,애마 이번 전략은 이몰라 버리고 셋업잡기인가 보네 패랩이네,애마 이번 전략은 이몰라 버리고 셋업잡기인가 보네 패랩이네,0.1130547821521759,0.12169339507818222,0.26549097895622253,0.32785341143608093,0.08518198877573013,0.08672545105218887
2024-05-19 23:03:36,알본 5스탑 각,"미디움 21이면
Oracle Red Bull Racing RB20",44,44.0,"알본 5스탑 각 미디움 21이면
Oracle Red Bull Racing RB20",알본 5스탑 각 미디움 21이면 Oracle Red Bull Racing RB20,0.10720426589250565,0.06036931276321411,0.21662484109401703,0.23596180975437164,0.33446449041366577,0.0453752838075161
2024-05-19 23:03:36,보X : 너가 제일 빨라,dudududu,44,44.0,보X : 너가 제일 빨라 dudududu,보X : 너가 제일 빨라 dudududu,0.07816415280103683,0.043557386845350266,0.17372524738311768,0.14433208107948303,0.5120570063591003,0.04816415533423424
2024-05-19 23:03:37,대런은 스트롤한테 따였네 ㅋㅋㅋㅋㅋ,뒤치기 안 당한거에 김사해야,44,44.0,대런은 스트롤한테 따였네 ㅋㅋㅋㅋㅋ 뒤치기 안 당한거에 김사해야,대런은 스트롤한테 따였네 ㅋㅋㅋㅋㅋ 뒤치기 안 당한거에 김사해야,0.09470977634191513,0.05569418519735336,0.2092498391866684,0.1727403849363327,0.3922068774700165,0.07539887726306915
2024-05-19 23:03:43,알론소 점수 딸건가?,ㅇㅅㅇ,44,44.0,알론소 점수 딸건가? ㅇㅅㅇ,알론소 점수 딸건가? ㅇㅅㅇ,0.08701042830944061,0.05888227000832558,0.2344544678926468,0.2641475200653076,0.2895362675189972,0.06596912443637848
2024-05-19 23:03:55,틀딱 미친건가ㅋㅋㅋㅋㅋㅋㅋ,레이스 좆망하니까 페랩이라도 뜯어오네,44,44.0,틀딱 미친건가ㅋㅋㅋㅋㅋㅋㅋ 레이스 좆망하니까 페랩이라도 뜯어오네,틀딱 미친건가ㅋㅋㅋㅋㅋㅋㅋ 레이스 좆망하니까 페랩이라도 뜯어오네,0.2574259340763092,0.13060927391052246,0.17507803440093994,0.2522515058517456,0.08752840012311935,0.09710679948329926
2024-05-19 23:04:07,근데 러셀 올 해는 너무 존재감이 없네,작년엔 꽤 꿀잼 요소였는데,44,44.0,근데 러셀 올 해는 너무 존재감이 없네 작년엔 꽤 꿀잼 요소였는데,근데 러셀 올 해는 너무 존재감이 없네 작년엔 꽤 꿀잼 요소였는데,0.11393646150827408,0.11708132922649384,0.3263389468193054,0.15545350313186646,0.2222621887922287,0.06492750346660614
2024-05-19 23:04:16,막스~르클 사이에 이제 백마커 없다,언제까지 이대로 갈건데,44,44.0,막스~르클 사이에 이제 백마커 없다 언제까지 이대로 갈건데,막스~르클 사이에 이제 백마커 없다 언제까지 이대로 갈건데,0.1445709764957428,0.19909846782684326,0.3158748149871826,0.16104461252689362,0.09667074680328369,0.08274038881063461
2024-05-19 23:04:43,하다못해 잔디라도 밟아주라,12시에 축구봐야해 씹년들아,45,45.0,하다못해 잔디라도 밟아주라 12시에 축구봐야해 씹년들아,하다못해 잔디라도 밟아주라 12시에 축구봐야해 씹년들아,0.3178911507129669,0.19390170276165009,0.18302194774150848,0.10859178006649017,0.15006031095981598,0.04653314873576164
2024-05-19 23:05:03,이거 더 설치 안 함? ㅋㅋ,,45,45.0,이거 더 설치 안 함? ㅋㅋ ,이거 더 설치 안 함? ㅋㅋ,0.11783215403556824,0.06754833459854126,0.2723773717880249,0.27200430631637573,0.17744600772857666,0.0927918329834938
2024-05-19 23:05:30,오늘 드라이버 투표1위 누구일거같음?,??,45,45.0,오늘 드라이버 투표1위 누구일거같음? ??,오늘 드라이버 투표1위 누구일거같음? ??,0.07768183946609497,0.04628526791930199,0.21559908986091614,0.22714518010616302,0.36853161454200745,0.06475697457790375
2024-05-19 23:05:31,르끌이 노리스 따고 막스 기습 리타 기원,오늘 아파트에서 많은 엪붕이들이 죽기를..,45,45.0,르끌이 노리스 따고 막스 기습 리타 기원 오늘 아파트에서 많은 엪붕이들이 죽기를..,르끌이 노리스 따고 막스 기습 리타 기원 오늘 아파트에서 많은 엪붕이들이 죽기를..,0.10126448422670364,0.09004508703947067,0.19054777920246124,0.17815634608268738,0.3577222526073456,0.0822640061378479
2024-05-19 23:05:38,도련놈이랑 국왕님이랑 영혼 바꼈냐,,45,45.0,도련놈이랑 국왕님이랑 영혼 바꼈냐 ,도련놈이랑 국왕님이랑 영혼 바꼈냐,0.14902164041996002,0.05921465530991554,0.25652626156806946,0.292257696390152,0.1302279382944107,0.112751804292202
2024-05-19 23:05:40,와 진심 역대급 노잼이네,여기 서킷 바꿔라,45,45.0,와 진심 역대급 노잼이네 여기 서킷 바꿔라,와 진심 역대급 노잼이네 여기 서킷 바꿔라,0.1928061991930008,0.17521695792675018,0.325955331325531,0.14496056735515594,0.10440141707658768,0.0566595196723938
2024-05-19 23:05:46,도련님 포인트각이냐?,"?
Oracle Red Bull Racing RB20",45,45.0,"도련님 포인트각이냐? ?
Oracle Red Bull Racing RB20",도련님 포인트각이냐? ? Oracle Red Bull Racing RB20,0.08583078533411026,0.052295368164777756,0.2144114226102829,0.21314756572246552,0.37763839960098267,0.05667650327086449
2024-05-19 23:05:49,일단 오늘 드챔 르끌이 페레즈 따겠네,둘이 5점 차이 밖에 안 나서 ㅋㅋ,45,45.0,일단 오늘 드챔 르끌이 페레즈 따겠네 둘이 5점 차이 밖에 안 나서 ㅋㅋ,일단 오늘 드챔 르끌이 페레즈 따겠네 둘이 5점 차이 밖에 안 나서 ㅋㅋ,0.06465420126914978,0.04414987936615944,0.13268671929836273,0.07878068089485168,0.6482591032981873,0.03146941959857941
2024-05-19 23:05:49,물탕이 핏스탑 한번 더하려나,"플랜 f 안하나
- dc official App",45,45.0,"물탕이 핏스탑 한번 더하려나 플랜 f 안하나
- dc official App",물탕이 핏스탑 한번 더하려나 플랜 f 안하나,0.11605629324913025,0.12279631197452545,0.2926099896430969,0.2753724753856659,0.12622475624084473,0.06694014370441437
2024-05-19 23:06:08,애마 업데이트는 알론소만 적용한 거?,"왜 알론소랑 차이가 크지?
- dc official App",46,46.0,"애마 업데이트는 알론소만 적용한 거? 왜 알론소랑 차이가 크지?
- dc official App",애마 업데이트는 알론소만 적용한 거? 왜 알론소랑 차이가 크지?,0.12673319876194,0.11529094725847244,0.26164183020591736,0.3143768012523651,0.11892874538898468,0.06302850693464279
2024-05-19 23:06:09,애마의 에이스이자 희망 스트롤ㅋㅋㅋㅋㅋㅋㅋㅋㅋ,반명 하위권에 쳐박힌 알론솤ㅋㅋㅋㅋㅋㅋㅋㅋ,46,46.0,애마의 에이스이자 희망 스트롤ㅋㅋㅋㅋㅋㅋㅋㅋㅋ 반명 하위권에 쳐박힌 알론솤ㅋㅋㅋㅋㅋㅋㅋㅋ,애마의 에이스이자 희망 스트롤ㅋㅋㅋㅋㅋㅋㅋㅋㅋ 반명 하위권에 쳐박힌 알론솤ㅋㅋㅋㅋㅋㅋㅋㅋ,0.12457273155450821,0.05190499499440193,0.26171982288360596,0.21168111264705658,0.26319894194602966,0.08692239224910736
2024-05-19 23:06:12,틀로서 패랩 뭔데,"아무리 새타이어라더
- dc official App",46,46.0,"틀로서 패랩 뭔데 아무리 새타이어라더
- dc official App",틀로서 패랩 뭔데 아무리 새타이어라더,0.15083877742290497,0.08525513112545013,0.22547805309295654,0.33401063084602356,0.1014159694314003,0.1030014306306839
2024-05-19 23:06:17,왜벌어지냐,"좀 잡으라고 르끌놈아
Oracle Red Bull Racing RB20",46,46.0,"왜벌어지냐 좀 잡으라고 르끌놈아
Oracle Red Bull Racing RB20",왜벌어지냐 좀 잡으라고 르끌놈아 Oracle Red Bull Racing RB20,0.2773587107658386,0.22584542632102966,0.19857221841812134,0.1242934986948967,0.14066651463508606,0.0332636758685112
2024-05-19 23:06:21,막스 노리스 갭 줄어드는데?,타이어 쓰나보네,46,46.0,막스 노리스 갭 줄어드는데? 타이어 쓰나보네,막스 노리스 갭 줄어드는데? 타이어 쓰나보네,0.11678975075483322,0.05903908982872963,0.22227370738983154,0.35702475905418396,0.14597520232200623,0.0988975316286087
2024-05-19 23:06:29,대 련 놈,,46,46.0,대 련 놈 ,대 련 놈,0.2642872929573059,0.16692425310611725,0.16106539964675903,0.16169050335884094,0.19409732520580292,0.05193522945046425
2024-05-19 23:06:31,대련님 ㅋㅋㅋㅋ,,46,46.0,대련님 ㅋㅋㅋㅋ ,대련님 ㅋㅋㅋㅋ,0.05132777616381645,0.03428017720580101,0.11220398545265198,0.06636794656515121,0.7103708982467651,0.025449175387620926
2024-05-19 23:06:32,어째 피아제는 점점 느려지냐,,46,46.0,어째 피아제는 점점 느려지냐 ,어째 피아제는 점점 느려지냐,0.13685254752635956,0.1601043939590454,0.31210824847221375,0.2501227855682373,0.07539350539445877,0.06541846692562103
2024-05-19 23:06:34,대 련 놈,ㅋㅋㅋ,46,46.0,대 련 놈 ㅋㅋㅋ,대 련 놈 ㅋㅋㅋ,0.16702349483966827,0.06259053200483322,0.21177779138088226,0.15312618017196655,0.3496048152446747,0.05587722361087799
2024-05-19 23:06:36,케펠레 ㅋㅋㅋ,"+ dc official App
- dc official App",46,46.0,"케펠레 ㅋㅋㅋ + dc official App
- dc official App",케펠레 ㅋㅋㅋ + dc official App,0.0617145411670208,0.030206289142370224,0.1250607818365097,0.09096615016460419,0.6633899211883545,0.02866230346262455
2024-05-19 23:06:36,대 련 님,,46,46.0,대 련 님 ,대 련 님,0.05378124862909317,0.05024062469601631,0.12895025312900543,0.07159017771482468,0.6658902764320374,0.029547423124313354
2024-05-19 23:06:38,대 련 님 ㅋㅋㅋㅋㅋㅋ,ㅋㅋㅋㅋㅋ,46,46.0,대 련 님 ㅋㅋㅋㅋㅋㅋ ㅋㅋㅋㅋㅋ,대 련 님 ㅋㅋㅋㅋㅋㅋ ㅋㅋㅋㅋㅋ,0.05100495368242264,0.03295406326651573,0.11252012848854065,0.06576594710350037,0.7132708430290222,0.024483954533934593
2024-05-19 23:06:39,도련님 모드 ON,,46,46.0,도련님 모드 ON ,도련님 모드 ON,0.05644134804606438,0.04041436314582825,0.11821137368679047,0.07358791679143906,0.6826522350311279,0.028692707419395447
2024-05-19 23:06:41,오 도련님 왠일로,잘했네,46,46.0,오 도련님 왠일로 잘했네,오 도련님 왠일로 잘했네,0.04912522807717323,0.03864732012152672,0.12542663514614105,0.07053165882825851,0.684383749961853,0.03188534826040268
2024-05-19 23:06:42,도련놈 드디어 레이싱포인트 시절로 돌아온거냐,,46,46.0,도련놈 드디어 레이싱포인트 시절로 돌아온거냐 ,도련놈 드디어 레이싱포인트 시절로 돌아온거냐,0.05471361428499222,0.040631216019392014,0.17376412451267242,0.1256607621908188,0.548900842666626,0.056329395622015
2024-05-19 23:06:43,갈수도? 갈수도?,- dc official App,46,46.0,갈수도? 갈수도? - dc official App,갈수도? 갈수도? - dc official App,0.09725429862737656,0.06245226413011551,0.21940764784812927,0.29030802845954895,0.26057490706443787,0.07000284641981125
2024-05-19 23:06:47,대 련 님 캬,,46,46.0,대 련 님 캬 ,대 련 님 캬,0.05398028716444969,0.04182157292962074,0.12486135959625244,0.06530705094337463,0.6876532435417175,0.026376523077487946
2024-05-19 23:06:50,도련님 포인트 ㅋㅋㅋㅋ,,46,46.0,도련님 포인트 ㅋㅋㅋㅋ ,도련님 포인트 ㅋㅋㅋㅋ,0.05702250078320503,0.03608961030840874,0.12380519509315491,0.07943328469991684,0.6747965812683105,0.028852861374616623
2024-05-19 23:06:51,가끔ㅋㅋㅋ,ㅋㅋ,46,46.0,가끔ㅋㅋㅋ ㅋㅋ,가끔ㅋㅋㅋ ㅋㅋ,0.06583686172962189,0.03653513267636299,0.1259058117866516,0.07319160550832748,0.6739372611045837,0.024593351408839226
2024-05-19 23:07:00,아들 경쟁자까지 단 3초!,ㄷㄷ해,46,46.0,아들 경쟁자까지 단 3초! ㄷㄷ해,아들 경쟁자까지 단 3초! ㄷㄷ해,0.13293029367923737,0.06817697733640671,0.20189474523067474,0.32111236453056335,0.1450619101524353,0.13082370162010193
2024-05-19 23:07:01,해밀턴이랑 체코 전혀 갭이 안주는데?,,46,46.0,해밀턴이랑 체코 전혀 갭이 안주는데? ,해밀턴이랑 체코 전혀 갭이 안주는데?,0.1250157654285431,0.08136139065027237,0.2497425675392151,0.3497101366519928,0.10593975335359573,0.08823036402463913
2024-05-19 23:07:09,병신 ㅋㅋㅋㅋㅋ,,46,46.0,병신 ㅋㅋㅋㅋㅋ ,병신 ㅋㅋㅋㅋㅋ,0.0699722096323967,0.03138486668467522,0.15151351690292358,0.10465335845947266,0.6139200329780579,0.028556058183312416
2024-05-19 23:07:10,오늘은 스트롤 잘하네,,46,46.0,오늘은 스트롤 잘하네 ,오늘은 스트롤 잘하네,0.049699731171131134,0.04024278372526169,0.11088413745164871,0.0612555630505085,0.711794912815094,0.02612287923693657
2024-05-19 23:07:13,개병신 3위 추락 ㅋㅋㅋㅋ,와,46,46.0,개병신 3위 추락 ㅋㅋㅋㅋ 와,개병신 3위 추락 ㅋㅋㅋㅋ 와,0.24481992423534393,0.1218448132276535,0.18839454650878906,0.23535294830799103,0.10138493031263351,0.10820278525352478
2024-05-19 23:07:13,페레즈 따운!,,46,46.0,페레즈 따운! ,페레즈 따운!,0.05631376802921295,0.03622464835643768,0.10952094942331314,0.07515870779752731,0.6958824396133423,0.026899412274360657
2024-05-19 23:07:17,대련님 미디엄 존버 성공 ㅋㅋ,이걸 포인트권으로 올라오네,47,47.0,대련님 미디엄 존버 성공 ㅋㅋ 이걸 포인트권으로 올라오네,대련님 미디엄 존버 성공 ㅋㅋ 이걸 포인트권으로 올라오네,0.051369309425354004,0.04015568271279335,0.11779427528381348,0.06812146306037903,0.6920332908630371,0.03052602708339691
2024-05-19 23:07:19,황끌레 2윜ㅋㅋㅋ,,47,47.0,황끌레 2윜ㅋㅋㅋ ,황끌레 2윜ㅋㅋㅋ,0.05612362548708916,0.0352637879550457,0.10939563065767288,0.07623850554227829,0.6977717876434326,0.02520669810473919
2024-05-19 23:07:12,캬 르끌 드챔 P2 ㅋㅋㅋㅋ,,46,46.0,캬 르끌 드챔 P2 ㅋㅋㅋㅋ ,캬 르끌 드챔 P2 ㅋㅋㅋㅋ,0.061173904687166214,0.03241562843322754,0.11743032932281494,0.08729880303144455,0.6754662990570068,0.02621505782008171
2024-05-19 23:07:22,어어? 5.9초???,,47,47.0,어어? 5.9초??? ,어어? 5.9초???,0.12200965732336044,0.062496304512023926,0.21908806264400482,0.3329039216041565,0.1526036560535431,0.11089840531349182
2024-05-19 23:07:22,미끌레 드챔 2위 ㅋㅋㅋㅋㅋㅋㅋ,이 이게 무슨,47,47.0,미끌레 드챔 2위 ㅋㅋㅋㅋㅋㅋㅋ 이 이게 무슨,미끌레 드챔 2위 ㅋㅋㅋㅋㅋㅋㅋ 이 이게 무슨,0.14832843840122223,0.08766569197177887,0.28407448530197144,0.2547825276851654,0.13457636535167694,0.09057244658470154
2024-05-19 23:07:30,이쯤에서 막스 10초 패널티 안나와주냐,트랙리밋밟으라고,47,47.0,이쯤에서 막스 10초 패널티 안나와주냐 트랙리밋밟으라고,이쯤에서 막스 10초 패널티 안나와주냐 트랙리밋밟으라고,0.24003522098064423,0.1998242735862732,0.24189569056034088,0.14626677334308624,0.1113574430346489,0.060620591044425964
2024-05-19 23:07:35,드챔순위 1 빼고 보여주노ㅋㅋㅋㅋㅋ,ㅋㅋㅋㅋㅋㅋㅋㅋㅋㅋㅋㅋㅋㅋㅋㅋ,47,47.0,드챔순위 1 빼고 보여주노ㅋㅋㅋㅋㅋ ㅋㅋㅋㅋㅋㅋㅋㅋㅋㅋㅋㅋㅋㅋㅋㅋ,드챔순위 1 빼고 보여주노ㅋㅋㅋㅋㅋ ㅋㅋㅋㅋㅋㅋㅋㅋㅋㅋㅋㅋㅋㅋㅋㅋ,0.10753455758094788,0.0527038611471653,0.23959681391716003,0.14965300261974335,0.4063422679901123,0.04416952282190323
2024-05-19 23:07:40,페레즈 담 경기도 못하면 드챔 더 내려가겠노,ㅋㅋㅋㅋ,47,47.0,페레즈 담 경기도 못하면 드챔 더 내려가겠노 ㅋㅋㅋㅋ,페레즈 담 경기도 못하면 드챔 더 내려가겠노 ㅋㅋㅋㅋ,0.13318583369255066,0.0819764956831932,0.30051887035369873,0.25942474603652954,0.12058436125516891,0.10430972278118134
2024-05-19 23:07:42,모나코 끝나면 드챔 4위도 가겠네 ㅋㅋ,,47,47.0,모나코 끝나면 드챔 4위도 가겠네 ㅋㅋ ,모나코 끝나면 드챔 4위도 가겠네 ㅋㅋ,0.0715552493929863,0.03215868026018143,0.17000505328178406,0.14579688012599945,0.5352294445037842,0.045254677534103394
2024-05-19 23:07:55,노리스 페이스 올라간다 추월 가능?,노리스 페이스 올라간다 추월 가능?,47,47.0,노리스 페이스 올라간다 추월 가능? 노리스 페이스 올라간다 추월 가능?,노리스 페이스 올라간다 추월 가능? 노리스 페이스 올라간다 추월 가능?,0.08282869309186935,0.056087058037519455,0.2012212872505188,0.28312361240386963,0.3041383624076843,0.07260094583034515
2024-05-19 23:07:56,승소수자,- dc official App,47,47.0,승소수자 - dc official App,승소수자 - dc official App,0.09486962109804153,0.05447152629494667,0.20004163682460785,0.21201476454734802,0.40172523260116577,0.03687720745801926
2024-05-19 23:07:59,미끌ㅋㅋㅋ,,47,47.0,미끌ㅋㅋㅋ ,미끌ㅋㅋㅋ,0.06564737856388092,0.03510402515530586,0.12528356909751892,0.08420978486537933,0.6642357110977173,0.025519641116261482
2024-05-19 23:07:59,과년도 드라이버 포인트 보다보면,xxx.5 포인트도 있던데 0.5포인트는 어디서 얻은 거임?,47,47.0,과년도 드라이버 포인트 보다보면 xxx.5 포인트도 있던데 0.5포인트는 어디서 얻은 거임?,과년도 드라이버 포인트 보다보면 xxx.5 포인트도 있던데 0.5포인트는 어디서 얻은 거임?,0.12788964807987213,0.09565890580415726,0.25803616642951965,0.3152332007884979,0.11999043822288513,0.08319167792797089
2024-05-19 23:07:56,뭐여 노리스 페이스 괜찮은데?,"막스랑 페이스 계속 똑같음
Mclaren F1 team 2007~",47,47.0,"뭐여 노리스 페이스 괜찮은데? 막스랑 페이스 계속 똑같음
Mclaren F1 team 2007~",뭐여 노리스 페이스 괜찮은데? 막스랑 페이스 계속 똑같음 Mclaren F1 team 2007~,0.05819680169224739,0.027679525315761566,0.17600874602794647,0.14561976492404938,0.5494146347045898,0.04308053106069565
2024-05-19 23:08:02,미끌~,ㅋㅋㅋㅋㅋ,47,47.0,미끌~ ㅋㅋㅋㅋㅋ,미끌~ ㅋㅋㅋㅋㅋ,0.060003362596035004,0.034143369644880295,0.11598809063434601,0.07529450207948685,0.6906957626342773,0.023874850943684578
2024-05-19 23:08:04,뭐 없으면 이대로 끝나겠노 ㅋㅋ,ㅋㅋㅋㅋ,47,47.0,뭐 없으면 이대로 끝나겠노 ㅋㅋ ㅋㅋㅋㅋ,뭐 없으면 이대로 끝나겠노 ㅋㅋ ㅋㅋㅋㅋ,0.15330837666988373,0.12498369067907333,0.36604398488998413,0.18322452902793884,0.08217637985944748,0.0902629941701889
2024-05-19 23:08:05,븅신아,,47,47.0,븅신아 ,븅신아,0.29594340920448303,0.13689719140529633,0.209940567612648,0.1743985116481781,0.12851308286190033,0.05430718511343002
2024-05-19 23:08:06,미끌레 ㅋㅋㅋㅋ,ㅋㅋㅋㅋ,47,47.0,미끌레 ㅋㅋㅋㅋ ㅋㅋㅋㅋ,미끌레 ㅋㅋㅋㅋ ㅋㅋㅋㅋ,0.061975643038749695,0.03349967300891876,0.12482251971960068,0.08105134963989258,0.6750821471214294,0.02356857992708683
2024-05-19 23:08:07,아 씨발 ㅋㅋㅋㅋㅋㅋㅋ,,47,47.0,아 씨발 ㅋㅋㅋㅋㅋㅋㅋ ,아 씨발 ㅋㅋㅋㅋㅋㅋㅋ,0.19534552097320557,0.08149320632219315,0.24718865752220154,0.11408769339323044,0.3059845566749573,0.05590027943253517
2024-05-19 23:08:08,꺼몬,에라이 ㅋㅋ,47,47.0,꺼몬 에라이 ㅋㅋ,꺼몬 에라이 ㅋㅋ,0.17207209765911102,0.0747152641415596,0.24485206604003906,0.16695824265480042,0.2893144488334656,0.05208788812160492
2024-05-19 23:08:08,미ㅡ끌ㅋㅋㅋㅋ,- dc official App,47,47.0,미ㅡ끌ㅋㅋㅋㅋ - dc official App,미ㅡ끌ㅋㅋㅋㅋ - dc official App,0.06866230815649033,0.03298740088939667,0.12454341351985931,0.09345788508653641,0.656237781047821,0.024111242964863777
2024-05-19 23:08:11,뭐 언제나간거야,??,47,47.0,뭐 언제나간거야 ??,뭐 언제나간거야 ??,0.1022367775440216,0.07628960907459259,0.23927220702171326,0.3147209584712982,0.16960400342941284,0.09787644445896149
2024-05-19 23:08:11,미끌 ㅋㅋ,ㅋㅋㅋㅋ,47,47.0,미끌 ㅋㅋ ㅋㅋㅋㅋ,미끌 ㅋㅋ ㅋㅋㅋㅋ,0.06144910678267479,0.03456071391701698,0.12309200316667557,0.07806548476219177,0.6791890263557434,0.023643651977181435
2024-05-19 23:08:10,르끌레는 맨날 이탈리아에서만 숏컷하네ㅋㅋ,,47,47.0,르끌레는 맨날 이탈리아에서만 숏컷하네ㅋㅋ ,르끌레는 맨날 이탈리아에서만 숏컷하네ㅋㅋ,0.18517476320266724,0.08695537596940994,0.2817334532737732,0.2536602318286896,0.08950776606798172,0.10296842455863953
2024-05-19 23:08:12,미끌~,ㅇㅇ,47,47.0,미끌~ ㅇㅇ,미끌~ ㅇㅇ,0.07687682658433914,0.04611414298415184,0.16079512238502502,0.08843201398849487,0.5984213948249817,0.02936045452952385
2024-05-19 23:08:13,병신행동 ㅋㅋㅋㅋㅋㅋㅋ,,47,47.0,병신행동 ㅋㅋㅋㅋㅋㅋㅋ ,병신행동 ㅋㅋㅋㅋㅋㅋㅋ,0.08092257380485535,0.033386122435331345,0.17012549936771393,0.13611766695976257,0.5455849170684814,0.03386323153972626
2024-05-19 23:08:13,노리스 존1나빠르네,ㅆㅂ 좀 잡자,47,47.0,노리스 존1나빠르네 ㅆㅂ 좀 잡자,노리스 존1나빠르네 ㅆㅂ 좀 잡자,0.2914177179336548,0.21376651525497437,0.21372458338737488,0.10647176951169968,0.1339133083820343,0.040706101804971695
2024-05-19 23:08:15,왜 간격 갑자기 벌어졌나 했네 ㅋㅋㅋㅋ,아오 ㅋㅋㅋㅋㅋㅋ,47,47.0,왜 간격 갑자기 벌어졌나 했네 ㅋㅋㅋㅋ 아오 ㅋㅋㅋㅋㅋㅋ,왜 간격 갑자기 벌어졌나 했네 ㅋㅋㅋㅋ 아오 ㅋㅋㅋㅋㅋㅋ,0.15000812709331512,0.07303713262081146,0.287448525428772,0.1723267287015915,0.24222667515277863,0.07495281100273132
2024-05-19 23:08:16,ㅋㅋㅋㅋㅋㅋㅋㅋㅋ십,ㅋㅋㅋㅋ,47,47.0,ㅋㅋㅋㅋㅋㅋㅋㅋㅋ십 ㅋㅋㅋㅋ,ㅋㅋㅋㅋㅋㅋㅋㅋㅋ십 ㅋㅋㅋㅋ,0.16986984014511108,0.06790226697921753,0.2533722221851349,0.1352453976869583,0.31947749853134155,0.05413278192281723
2024-05-19 23:08:16,미끌~,- dc official App,47,47.0,미끌~ - dc official App,미끌~ - dc official App,0.07329931110143661,0.037931960076093674,0.14882412552833557,0.11848606914281845,0.5926160216331482,0.028842510655522346
2024-05-19 23:08:20,진짜로 지루할까봐 잔디라도 밟아쥬시네 ㅠㅠ,,47,47.0,진짜로 지루할까봐 잔디라도 밟아쥬시네 ㅠㅠ ,진짜로 지루할까봐 잔디라도 밟아쥬시네 ㅠㅠ,0.09978153556585312,0.12453579157590866,0.21843232214450836,0.130716010928154,0.3524937629699707,0.0740405023097992
2024-05-19 23:08:14,미-끌 ㅋㅋ,,47,47.0,미-끌 ㅋㅋ ,미-끌 ㅋㅋ,0.06628826260566711,0.03498193249106407,0.11667732894420624,0.08214642852544785,0.6740513443946838,0.025854740291833878
2024-05-19 23:08:22,아 미끌레,"시발아
- dc official App",47,47.0,"아 미끌레 시발아
- dc official App",아 미끌레 시발아,0.3112940788269043,0.20467863976955414,0.18907415866851807,0.10063166916370392,0.15620604157447815,0.03811541944742203
2024-05-19 23:08:23,시발 나갈거면 셒카라도 소환하던가,- dc official App,47,47.0,시발 나갈거면 셒카라도 소환하던가 - dc official App,시발 나갈거면 셒카라도 소환하던가 - dc official App,0.2887152135372162,0.14460152387619019,0.20185813307762146,0.1216372698545456,0.2083517611026764,0.034836117178201675
2024-05-19 23:08:25,하 씨발,"븅끌레 ㅋㅋㅋㅋㅋㅋ
- dc official App",47,47.0,"하 씨발 븅끌레 ㅋㅋㅋㅋㅋㅋ
- dc official App",하 씨발 븅끌레 ㅋㅋㅋㅋㅋㅋ,0.3143262565135956,0.1520324945449829,0.217147096991539,0.11096509546041489,0.1496751606464386,0.05585385486483574
2024-05-19 23:08:25,미끌래르 ㅋㅋㅋㅋㅋㅋㅋㅋ,,47,47.0,미끌래르 ㅋㅋㅋㅋㅋㅋㅋㅋ ,미끌래르 ㅋㅋㅋㅋㅋㅋㅋㅋ,0.066426582634449,0.03199967369437218,0.12160494178533554,0.08386147022247314,0.6713083982467651,0.02479895018041134
2024-05-19 23:08:26,ㅅㅂ 르끌레 뭐해ㅋㅋㅋ,"이몰라에 첫 미끌이
여기서나온다고?",47,47.0,"ㅅㅂ 르끌레 뭐해ㅋㅋㅋ 이몰라에 첫 미끌이
여기서나온다고?",ㅅㅂ 르끌레 뭐해ㅋㅋㅋ 이몰라에 첫 미끌이 여기서나온다고?,0.18710112571716309,0.13732603192329407,0.3341546058654785,0.16452659666538239,0.09303770959377289,0.08385387063026428
2024-05-19 23:08:27,존엘칸 갑분싸ㅋㅋㅋㅋㅋㅋㅋㅋㅋㅋㅋㅋ,ㅋㅋㅋㅋㅋ,47,47.0,존엘칸 갑분싸ㅋㅋㅋㅋㅋㅋㅋㅋㅋㅋㅋㅋ ㅋㅋㅋㅋㅋ,존엘칸 갑분싸ㅋㅋㅋㅋㅋㅋㅋㅋㅋㅋㅋㅋ ㅋㅋㅋㅋㅋ,0.0639071986079216,0.03507854416966438,0.12425562739372253,0.07788699120283127,0.6737083792686462,0.025163205340504646
2024-05-19 23:08:24,제발플로어손상제발플로어손상,"피아제 포드움 드가자
Mclaren F1 team 2007~",47,47.0,"제발플로어손상제발플로어손상 피아제 포드움 드가자
Mclaren F1 team 2007~",제발플로어손상제발플로어손상 피아제 포드움 드가자 Mclaren F1 team 2007~,0.13938042521476746,0.14729394018650055,0.24395817518234253,0.15556052327156067,0.2340804636478424,0.07972641289234161
2024-05-19 23:08:27,아오 ㅋㅋㅋ 미끌레,"ㅋㅋ
- dc official App",47,47.0,"아오 ㅋㅋㅋ 미끌레 ㅋㅋ
- dc official App",아오 ㅋㅋㅋ 미끌레 ㅋㅋ,0.07079359889030457,0.036416735500097275,0.1397407501935959,0.08516687154769897,0.6407778263092041,0.027104217559099197
2024-05-19 23:08:28,지름길로 가볼까?,미-끌,47,47.0,지름길로 가볼까? 미-끌,지름길로 가볼까? 미-끌,0.07232838124036789,0.04343874007463455,0.17849421501159668,0.15531131625175476,0.5011751055717468,0.04925227910280228
2024-05-19 23:08:38,ㄹㅇ 트랙터고ㅋㅋㅋ,잔디깎는 훼라리ㅋㅋ,47,47.0,ㄹㅇ 트랙터고ㅋㅋㅋ 잔디깎는 훼라리ㅋㅋ,ㄹㅇ 트랙터고ㅋㅋㅋ 잔디깎는 훼라리ㅋㅋ,0.07871649414300919,0.029736818745732307,0.1756822019815445,0.17209111154079437,0.4973069727420807,0.046466391533613205
2024-05-19 23:08:40,씨발년아 알레그리 빨리 잘라라,아오,48,48.0,씨발년아 알레그리 빨리 잘라라 아오,씨발년아 알레그리 빨리 잘라라 아오,0.3169625997543335,0.1636783927679062,0.1640137881040573,0.12373550981283188,0.1875053346157074,0.04410438612103462
2024-05-19 23:08:40,아 ㅅㅂ 똥싸느라 못 봄 뭔데,미끌레르했음?,48,48.0,아 ㅅㅂ 똥싸느라 못 봄 뭔데 미끌레르했음?,아 ㅅㅂ 똥싸느라 못 봄 뭔데 미끌레르했음?,0.2796502709388733,0.15536749362945557,0.26209500432014465,0.12321756035089493,0.11702027171850204,0.06264936923980713
2024-05-19 23:08:41,르끌 병신,ㅗㅗㅗㅗ,48,48.0,르끌 병신 ㅗㅗㅗㅗ,르끌 병신 ㅗㅗㅗㅗ,0.3256474435329437,0.1600535809993744,0.18257489800453186,0.1316816210746765,0.15473957359790802,0.04530284181237221
2024-05-19 23:08:48,피아제는 왜캐 느려짐?,뭔일 있었어?,48,48.0,피아제는 왜캐 느려짐? 뭔일 있었어?,피아제는 왜캐 느려짐? 뭔일 있었어?,0.13785070180892944,0.11816908419132233,0.266870379447937,0.2938775420188904,0.10087407380342484,0.08235824853181839
2024-05-19 23:08:50,요즘 르끌 실수 없지않음? 이렇게 쓰고있었는대,아오,48,48.0,요즘 르끌 실수 없지않음? 이렇게 쓰고있었는대 아오,요즘 르끌 실수 없지않음? 이렇게 쓰고있었는대 아오,0.20672178268432617,0.24401047825813293,0.2875419855117798,0.11594309657812119,0.09308569133281708,0.052696939557790756
2024-05-19 23:08:51,와우 회으자응님,ㄷㄷ,48,48.0,와우 회으자응님 ㄷㄷ,와우 회으자응님 ㄷㄷ,0.0637255311012268,0.032474618405103683,0.17542007565498352,0.15919294953346252,0.5172597169876099,0.05192709341645241
2024-05-19 23:08:57,작년엔 몬자에서 사인츠랑 경쟁하다 숏컷하더니,올 해는 이몰라에서 ㅋㅋ,48,48.0,작년엔 몬자에서 사인츠랑 경쟁하다 숏컷하더니 올 해는 이몰라에서 ㅋㅋ,작년엔 몬자에서 사인츠랑 경쟁하다 숏컷하더니 올 해는 이몰라에서 ㅋㅋ,0.1449592560529709,0.08429992944002151,0.3361583352088928,0.20142139494419098,0.1363345980644226,0.09682650119066238
2024-05-19 23:09:03,좆노잼이네 진짜 이몰라 빼자,왜 자꾸 이몰라 하냐,48,48.0,좆노잼이네 진짜 이몰라 빼자 왜 자꾸 이몰라 하냐,좆노잼이네 진짜 이몰라 빼자 왜 자꾸 이몰라 하냐,0.22009600698947906,0.18332205712795258,0.2921483814716339,0.13698765635490417,0.10823432356119156,0.05921153724193573
2024-05-19 23:09:10,회장님 등장,"시발 페라리 우승 언제해요?
- dc official App",48,48.0,"회장님 등장 시발 페라리 우승 언제해요?
- dc official App",회장님 등장 시발 페라리 우승 언제해요?,0.22458511590957642,0.16146202385425568,0.25351032614707947,0.1322411596775055,0.1606878638267517,0.06751352548599243
2024-05-19 23:09:11,아 지루해,"잘랭
- dc official App",48,48.0,"아 지루해 잘랭
- dc official App",아 지루해 잘랭,0.1987265646457672,0.16746489703655243,0.26244062185287476,0.1093369722366333,0.21164226531982422,0.050388723611831665
2024-05-19 23:09:13,미끌레르 ㅅㅂ놈아 1초 날렸네,하 진짜 짜증나네,48,48.0,미끌레르 ㅅㅂ놈아 1초 날렸네 하 진짜 짜증나네,미끌레르 ㅅㅂ놈아 1초 날렸네 하 진짜 짜증나네,0.2810668349266052,0.18798495829105377,0.21576882898807526,0.08793199062347412,0.19197334349155426,0.03527403250336647
2024-05-19 23:09:16,대련님 츠노다 잡겠는데??,,48,48.0,대련님 츠노다 잡겠는데?? ,대련님 츠노다 잡겠는데??,0.10227414220571518,0.042384855449199677,0.20808543264865875,0.34697529673576355,0.1878349334001541,0.11244538426399231
2024-05-19 23:09:18,???:아파트에서 어째?,내가 가만둘거 같냐?,48,48.0,???:아파트에서 어째? 내가 가만둘거 같냐?,???:아파트에서 어째? 내가 가만둘거 같냐?,0.16100159287452698,0.10810254514217377,0.22236275672912598,0.2846152186393738,0.09056452661752701,0.13335341215133667
2024-05-19 23:09:21,"존엘칸 ""이런씨발들에 몇천억씩 쓰는게""","맞냐
는 표정",48,48.0,"존엘칸 ""이런씨발들에 몇천억씩 쓰는게"" 맞냐
는 표정","존엘칸 ""이런씨발들에 몇천억씩 쓰는게"" 맞냐 는 표정",0.26568761467933655,0.19702135026454926,0.20955102145671844,0.1871151477098465,0.0734010860323906,0.06722371280193329
2024-05-19 23:09:22,이몰라는 진짜 왜 꾸역꾸역 넣는지 모르겠음,- dc official App,48,48.0,이몰라는 진짜 왜 꾸역꾸역 넣는지 모르겠음 - dc official App,이몰라는 진짜 왜 꾸역꾸역 넣는지 모르겠음 - dc official App,0.20931147038936615,0.19002802670001984,0.28061920404434204,0.17823700606822968,0.09016340225934982,0.05164085701107979
2024-05-19 23:09:23,미-끌의 결과 인터벌 +2.5,십 ㅋㅋㅋ,48,48.0,미-끌의 결과 인터벌 +2.5 십 ㅋㅋㅋ,미-끌의 결과 인터벌 +2.5 십 ㅋㅋㅋ,0.0977816954255104,0.04967218637466431,0.17262233793735504,0.12553732097148895,0.5131404399871826,0.04124605283141136
2024-05-19 23:09:25,존 엘칸은 그랑프리 자주 오네,"낯익은 얼굴 누군가 했더니
- dc official App",48,48.0,"존 엘칸은 그랑프리 자주 오네 낯익은 얼굴 누군가 했더니
- dc official App",존 엘칸은 그랑프리 자주 오네 낯익은 얼굴 누군가 했더니,0.08132132142782211,0.03630269318819046,0.23349200189113617,0.28289711475372314,0.2778169810771942,0.0881698727607727
2024-05-19 23:09:27,요즘 보면 르끌이 국밥이고 사인츠가 널뛰기임,"둘이 바뀐느낌ㅋㅋ
- dc official App",48,48.0,"요즘 보면 르끌이 국밥이고 사인츠가 널뛰기임 둘이 바뀐느낌ㅋㅋ
- dc official App",요즘 보면 르끌이 국밥이고 사인츠가 널뛰기임 둘이 바뀐느낌ㅋㅋ,0.1162470132112503,0.05080632120370865,0.269253671169281,0.21295176446437836,0.2849024832248688,0.06583881378173828
2024-05-19 23:09:29,이몰라 빼고 인천넣자,개꿀잼일덧,48,48.0,이몰라 빼고 인천넣자 개꿀잼일덧,이몰라 빼고 인천넣자 개꿀잼일덧,0.07955432683229446,0.045585788786411285,0.15859806537628174,0.11548591405153275,0.5624170303344727,0.03835884854197502
2024-05-19 23:09:31,뭔가 하늘이 어두워 지는거 같은데,"비 소식 없지?
- dc official App",48,48.0,"뭔가 하늘이 어두워 지는거 같은데 비 소식 없지?
- dc official App",뭔가 하늘이 어두워 지는거 같은데 비 소식 없지?,0.10082808136940002,0.09120574593544006,0.256311297416687,0.28922179341316223,0.16810911893844604,0.09432394057512283
2024-05-19 23:09:42,레드불은 왜 헤밀턴영입안한거임?,"페레즈 저 병신 짜르고 헤미털 계약하면되는거 아니였음?
왜 페라리한테 줘뿌림?",48,48.0,"레드불은 왜 헤밀턴영입안한거임? 페레즈 저 병신 짜르고 헤미털 계약하면되는거 아니였음?
왜 페라리한테 줘뿌림?",레드불은 왜 헤밀턴영입안한거임? 페레즈 저 병신 짜르고 헤미털 계약하면되는거 아니였음? 왜 페라리한테 줘뿌림?,0.19523945450782776,0.18206952512264252,0.2290729284286499,0.24844828248023987,0.07544434815645218,0.0697254091501236
2024-05-19 23:10:01,노리스 따라 붙는다,,49,49.0,노리스 따라 붙는다 ,노리스 따라 붙는다,0.0732702761888504,0.041938457638025284,0.17320694029331207,0.14638181030750275,0.5198680758476257,0.045334454625844955
2024-05-19 23:10:01,르끌은 한방이 없네,"중요할 때 저러니
월챔 못하지
- dc official App",49,49.0,"르끌은 한방이 없네 중요할 때 저러니
월챔 못하지
- dc official App",르끌은 한방이 없네 중요할 때 저러니 월챔 못하지,0.1403108835220337,0.19303998351097107,0.31299832463264465,0.22241008281707764,0.06951574236154556,0.0617249570786953
2024-05-19 23:10:03,6초 안인데?,어어,49,49.0,6초 안인데? 어어,6초 안인데? 어어,0.11136575043201447,0.06395179778337479,0.2481248378753662,0.3126339316368103,0.1513810008764267,0.11254269629716873
2024-05-19 23:10:04,스트롤 설마 츠노다도 따나??,타이어 상태 꽤 차이날텐데,49,49.0,스트롤 설마 츠노다도 따나?? 타이어 상태 꽤 차이날텐데,스트롤 설마 츠노다도 따나?? 타이어 상태 꽤 차이날텐데,0.1109176054596901,0.06275621056556702,0.20539675652980804,0.36371368169784546,0.15562407672405243,0.10159170627593994
2024-05-19 23:10:05,이미 망한거 체코가 개그 한번 하자,할 때 됬어 세카나 띄워,49,49.0,이미 망한거 체코가 개그 한번 하자 할 때 됬어 세카나 띄워,이미 망한거 체코가 개그 한번 하자 할 때 됬어 세카나 띄워,0.13881738483905792,0.1424213945865631,0.2959694266319275,0.20166149735450745,0.13043273985385895,0.0906975194811821
2024-05-19 23:10:07,노리스 진짜 타이어 아꼈나본데?,따라가네??,49,49.0,노리스 진짜 타이어 아꼈나본데? 따라가네??,노리스 진짜 타이어 아꼈나본데? 따라가네??,0.1179221048951149,0.053418803960084915,0.21862003207206726,0.34368523955345154,0.140251025557518,0.1261027753353119
2024-05-19 23:10:00,이제 머 변동이 안나올거같네,엉엉,49,49.0,이제 머 변동이 안나올거같네 엉엉,이제 머 변동이 안나올거같네 엉엉,0.15432682633399963,0.2560936510562897,0.2682727873325348,0.13776059448719025,0.11442077159881592,0.06912533938884735
2024-05-19 23:10:33,13바퀴 남았는데 노리스 따라가나?,,49,49.0,13바퀴 남았는데 노리스 따라가나? ,13바퀴 남았는데 노리스 따라가나?,0.09002471715211868,0.069475919008255,0.24609723687171936,0.2970839738845825,0.2028794139623642,0.09443876147270203
2024-05-19 23:10:40,츠노다 P10이겠네 이럼,ㄲㅂ,49,49.0,츠노다 P10이겠네 이럼 ㄲㅂ,츠노다 P10이겠네 이럼 ㄲㅂ,0.15636110305786133,0.16854327917099,0.3421172797679901,0.1024126410484314,0.179819718003273,0.05074597895145416
2024-05-19 23:10:58,알타리랑 하스 생각보다 타이어관리 잘되네,에이 텄다 텄어,49,49.0,알타리랑 하스 생각보다 타이어관리 잘되네 에이 텄다 텄어,알타리랑 하스 생각보다 타이어관리 잘되네 에이 텄다 텄어,0.09530501067638397,0.08010874688625336,0.32250264286994934,0.21343167126178741,0.16974583268165588,0.11890611052513123
2024-05-19 23:11:00,노리스 조금 좁히네 ㄷ,,49,49.0,노리스 조금 좁히네 ㄷ ,노리스 조금 좁히네 ㄷ,0.10886432975530624,0.06813831627368927,0.2582106590270996,0.3183659613132477,0.1495727300643921,0.09684796631336212
2024-05-19 23:11:03,아 르끌 노리스보다 늦게피트인해서 타이어 4랩이나,"상태좋은데 그걸 미끌하냐ㅡㅡ
하..",49,49.0,"아 르끌 노리스보다 늦게피트인해서 타이어 4랩이나 상태좋은데 그걸 미끌하냐ㅡㅡ
하..",아 르끌 노리스보다 늦게피트인해서 타이어 4랩이나 상태좋은데 그걸 미끌하냐ㅡㅡ 하..,0.22988127171993256,0.2377723902463913,0.25358861684799194,0.1436818242073059,0.09358929842710495,0.04148659482598305
2024-05-19 23:11:09,대련놈 오늘 깔끔하게 잘타네ㄹㅇ,,49,49.0,대련놈 오늘 깔끔하게 잘타네ㄹㅇ ,대련놈 오늘 깔끔하게 잘타네ㄹㅇ,0.0507749505341053,0.03755129501223564,0.13397099077701569,0.08473928272724152,0.6548990607261658,0.03806440904736519
2024-05-19 23:11:09,막스 대비 바퀴당 .4초만 줄여도 모른다,아 위험하네,49,49.0,막스 대비 바퀴당 .4초만 줄여도 모른다 아 위험하네,막스 대비 바퀴당 .4초만 줄여도 모른다 아 위험하네,0.11428248137235641,0.07466889172792435,0.2236451804637909,0.33756929636001587,0.13860131800174713,0.11123285442590714
2024-05-19 23:11:14,막스랑 노리스 갭 왤케 빨리줄어,"순식간에 6에서 5초로 줄이네ㄷㄷ
- dc official App",49,49.0,"막스랑 노리스 갭 왤케 빨리줄어 순식간에 6에서 5초로 줄이네ㄷㄷ
- dc official App",막스랑 노리스 갭 왤케 빨리줄어 순식간에 6에서 5초로 줄이네ㄷㄷ,0.12070014327764511,0.05299987643957138,0.2194078117609024,0.3273276090621948,0.17122316360473633,0.10834135860204697
2024-05-19 23:11:24,대련님의 딸깍쇼 준비중 ㅋㅋ,,50,50.0,대련님의 딸깍쇼 준비중 ㅋㅋ ,대련님의 딸깍쇼 준비중 ㅋㅋ,0.06153486669063568,0.03489019349217415,0.11609375476837158,0.07536043226718903,0.6839925646781921,0.028128143399953842
2024-05-19 23:11:26,노리스 잘 따라가긴 하는데 막스가 안 밟는 느낌,안정적으로 할려고 하는거 같음 페널티 때매,50,50.0,노리스 잘 따라가긴 하는데 막스가 안 밟는 느낌 안정적으로 할려고 하는거 같음 페널티 때매,노리스 잘 따라가긴 하는데 막스가 안 밟는 느낌 안정적으로 할려고 하는거 같음 페널티 때매,0.11180192232131958,0.12613804638385773,0.32635194063186646,0.2462282031774521,0.12658429145812988,0.06289566308259964
2024-05-19 23:11:27,스트롤 잡을거같은데,ㅇㅇ,50,50.0,스트롤 잡을거같은데 ㅇㅇ,스트롤 잡을거같은데 ㅇㅇ,0.09185875207185745,0.060347553342580795,0.22711460292339325,0.2654609680175781,0.2899423837661743,0.06527577340602875
2024-05-19 23:11:31,먹잇감ㅋㅋㅋㅋ 사냥감이라고 해야지,보타스가 밥이냐,50,50.0,먹잇감ㅋㅋㅋㅋ 사냥감이라고 해야지 보타스가 밥이냐,먹잇감ㅋㅋㅋㅋ 사냥감이라고 해야지 보타스가 밥이냐,0.24109666049480438,0.11553749442100525,0.22171860933303833,0.23533913493156433,0.1040426567196846,0.08226539939641953
2024-05-19 23:11:37,ㅅㅂ 노리스 오 지 마 !,"미끌놈아 붙으라고
Oracle Red Bull Racing RB20",50,50.0,"ㅅㅂ 노리스 오 지 마 ! 미끌놈아 붙으라고
Oracle Red Bull Racing RB20",ㅅㅂ 노리스 오 지 마 ! 미끌놈아 붙으라고 Oracle Red Bull Racing RB20,0.333316445350647,0.16178607940673828,0.17551374435424805,0.11010431498289108,0.18024098873138428,0.03903847560286522
2024-05-19 23:11:39,랜도 페이스좀 올리네,"십 개노잼 레이스
이게 마지막 희망이네",50,50.0,"랜도 페이스좀 올리네 십 개노잼 레이스
이게 마지막 희망이네",랜도 페이스좀 올리네 십 개노잼 레이스 이게 마지막 희망이네,0.19478854537010193,0.18912844359874725,0.29849326610565186,0.14322863519191742,0.10727561265230179,0.06708543747663498
2024-05-19 23:11:46,대 련 놈 쿠 비 차 모 드,섹스 ㅅㅅㅅ,50,50.0,대 련 놈 쿠 비 차 모 드 섹스 ㅅㅅㅅ,대 련 놈 쿠 비 차 모 드 섹스 ㅅㅅㅅ,0.058254215866327286,0.035042982548475266,0.10769092291593552,0.0679575577378273,0.7057615518569946,0.0252927727997303
2024-05-19 23:11:56,대 련 놈 ㅅㅅㅅㅅㅅ,- dc official App,50,50.0,대 련 놈 ㅅㅅㅅㅅㅅ - dc official App,대 련 놈 ㅅㅅㅅㅅㅅ - dc official App,0.0942302942276001,0.03954232856631279,0.13362155854701996,0.11773794144392014,0.5799688100814819,0.03489908576011658
2024-05-19 23:11:56,대련님 모드 ㅋㅋㅋㅋㅋ,,50,50.0,대련님 모드 ㅋㅋㅋㅋㅋ ,대련님 모드 ㅋㅋㅋㅋㅋ,0.05166015401482582,0.03390882536768913,0.10889045149087906,0.06627577543258667,0.7134937644004822,0.02577107399702072
2024-05-19 23:11:57,대련님 ㄷㄷㄷㄷ,ㄷㄷㄷㄷ,50,50.0,대련님 ㄷㄷㄷㄷ ㄷㄷㄷㄷ,대련님 ㄷㄷㄷㄷ ㄷㄷㄷㄷ,0.11234285682439804,0.05153987184166908,0.20449382066726685,0.32427170872688293,0.19489173591136932,0.11246002465486526
2024-05-19 23:11:57,황 련 님,,50,50.0,황 련 님 ,황 련 님,0.052510540932416916,0.04362350329756737,0.12899819016456604,0.07480976730585098,0.6719469428062439,0.02811097726225853
2024-05-19 23:11:58,대 련 놈,컄ㅋㅋㅋ,50,50.0,대 련 놈 컄ㅋㅋㅋ,대 련 놈 컄ㅋㅋㅋ,0.1769869178533554,0.06526487320661545,0.19047516584396362,0.12650635838508606,0.387254536151886,0.05351220816373825
2024-05-19 23:11:58,대 련 님,,50,50.0,대 련 님 ,대 련 님,0.05378124862909317,0.05024062469601631,0.12895025312900543,0.07159017771482468,0.6658902764320374,0.029547423124313354
2024-05-19 23:11:56,노리스 찔끔찔끔 줄이다 3초뒤로 피니시하면 좋겠다,"그럼 차라리 차성능 레드불=맥라렌인게 증명될텐데
Mclaren F1 team 2007~",50,50.0,"노리스 찔끔찔끔 줄이다 3초뒤로 피니시하면 좋겠다 그럼 차라리 차성능 레드불=맥라렌인게 증명될텐데
Mclaren F1 team 2007~",노리스 찔끔찔끔 줄이다 3초뒤로 피니시하면 좋겠다 그럼 차라리 차성능 레드불=맥라렌인게 증명될텐데 Mclaren F1 team 2007~,0.12095434963703156,0.1385568082332611,0.2743794322013855,0.2714787721633911,0.1285419911146164,0.06608866155147552
2024-05-19 23:12:00,대련님 ㅋㅋㅋㅋㅋㅋㅋ,ㅋㅋㅋㅋ,50,50.0,대련님 ㅋㅋㅋㅋㅋㅋㅋ ㅋㅋㅋㅋ,대련님 ㅋㅋㅋㅋㅋㅋㅋ ㅋㅋㅋㅋ,0.05283408612012863,0.03315041586756706,0.11271997541189194,0.06791860610246658,0.7099234461784363,0.02345351316034794
2024-05-19 23:12:01,거의 0.3초씩 따라붙는데?,,50,50.0,거의 0.3초씩 따라붙는데? ,거의 0.3초씩 따라붙는데?,0.12342175096273422,0.05178973823785782,0.215978741645813,0.3372751474380493,0.14752420783042908,0.1240103542804718
2024-05-19 23:12:01,대 련 님 ㅋㅋㅋㅋㅋㅋㅋㅋ,,50,50.0,대 련 님 ㅋㅋㅋㅋㅋㅋㅋㅋ ,대 련 님 ㅋㅋㅋㅋㅋㅋㅋㅋ,0.05078111216425896,0.033478494733572006,0.11344120651483536,0.06549567729234695,0.7114716172218323,0.025331903249025345
2024-05-19 23:12:01,팀내의 역할(자금줄),,50,50.0,팀내의 역할(자금줄) ,팀내의 역할(자금줄),0.09875386953353882,0.08206599205732346,0.23569050431251526,0.29328054189682007,0.2236565351486206,0.06655262410640717
2024-05-19 23:12:02,대련님 ㄷㄷ,ㄷㄷ,50,50.0,대련님 ㄷㄷ ㄷㄷ,대련님 ㄷㄷ ㄷㄷ,0.11102692782878876,0.050487421452999115,0.20230552554130554,0.3256993293762207,0.19680804014205933,0.11367277055978775
2024-05-19 23:12:02,똥차갑모드 ON,"ㅋㅋ
Oracle Red Bull Racing RB20",50,50.0,"똥차갑모드 ON ㅋㅋ
Oracle Red Bull Racing RB20",똥차갑모드 ON ㅋㅋ Oracle Red Bull Racing RB20,0.12928754091262817,0.06392788887023926,0.2052678018808365,0.14277486503124237,0.41160911321640015,0.04713279381394386
2024-05-19 23:12:03,올래 페레즈대신에 아보카도였으면 경쟁은 했나요?,리끼아르도도 병신이라 아닌가,50,50.0,올래 페레즈대신에 아보카도였으면 경쟁은 했나요? 리끼아르도도 병신이라 아닌가,올래 페레즈대신에 아보카도였으면 경쟁은 했나요? 리끼아르도도 병신이라 아닌가,0.13887670636177063,0.13125081360340118,0.25157296657562256,0.3099434971809387,0.08844242244958878,0.07991360127925873
2024-05-19 23:12:03,도련님ㅅㅅㅅㅅㅅㅅ,ㅅㅅㅅㅅ,50,50.0,도련님ㅅㅅㅅㅅㅅㅅ ㅅㅅㅅㅅ,도련님ㅅㅅㅅㅅㅅㅅ ㅅㅅㅅㅅ,0.05367959663271904,0.04273682460188866,0.11502744257450104,0.06105586141347885,0.7018486857414246,0.025651607662439346
2024-05-19 23:12:03,대련놈 ㄷㄷㄷ,,50,50.0,대련놈 ㄷㄷㄷ ,대련놈 ㄷㄷㄷ,0.17215895652770996,0.07910288125276566,0.17500090599060059,0.3292664587497711,0.1278253197669983,0.11664552986621857
2024-05-19 23:12:05,10노다,ㅌ,50,50.0,10노다 ㅌ,10노다 ㅌ,0.3151633143424988,0.18655328452587128,0.1721307337284088,0.11290840804576874,0.16719575226306915,0.04604844003915787
2024-05-19 23:12:05,대 련 님 ㄷㄷㄷㄷㄷㄷㄷ,ㄷㄷㄷㄷㄷ,50,50.0,대 련 님 ㄷㄷㄷㄷㄷㄷㄷ ㄷㄷㄷㄷㄷ,대 련 님 ㄷㄷㄷㄷㄷㄷㄷ ㄷㄷㄷㄷㄷ,0.10412129014730453,0.04930681362748146,0.19118623435497284,0.3040747344493866,0.24631448090076447,0.10499653220176697
2024-05-19 23:12:05,킹 련 님,,50,50.0,킹 련 님 ,킹 련 님,0.050706539303064346,0.04235680028796196,0.12029682099819183,0.06397449225187302,0.6971299052238464,0.025535406544804573
2024-05-19 23:11:59,도련놈 뭐냐 ㄷㄷ,,50,50.0,도련놈 뭐냐 ㄷㄷ ,도련놈 뭐냐 ㄷㄷ,0.18634572625160217,0.09643841534852982,0.2207040786743164,0.27717840671539307,0.09421693533658981,0.1251164823770523
2024-05-19 23:12:10,대련님 ㅋㅋㅋㅋㅋㅋㅋㅋ,ㅋㅋㅋㅋㅋㅋㅋ,50,50.0,대련님 ㅋㅋㅋㅋㅋㅋㅋㅋ ㅋㅋㅋㅋㅋㅋㅋ,대련님 ㅋㅋㅋㅋㅋㅋㅋㅋ ㅋㅋㅋㅋㅋㅋㅋ,0.05314645171165466,0.033037204295396805,0.11487246304750443,0.06828484684228897,0.7070109844207764,0.02364802546799183
2024-05-19 23:12:10,노리스 4초대인데??,어어..?,50,50.0,노리스 4초대인데?? 어어..?,노리스 4초대인데?? 어어..?,0.12200350314378738,0.07312732934951782,0.23561275005340576,0.32347583770751953,0.13567273318767548,0.11010782420635223
2024-05-19 23:12:11,대련님은 포인트로 말한다고 ㅋㅋㅋㅋ,- dc official App,50,50.0,대련님은 포인트로 말한다고 ㅋㅋㅋㅋ - dc official App,대련님은 포인트로 말한다고 ㅋㅋㅋㅋ - dc official App,0.06793757528066635,0.03452526405453682,0.11990206688642502,0.08079713582992554,0.6684244275093079,0.028413543477654457
2024-05-19 23:12:12,애스턴마틴의 희망 ㅋㅋㅋㅋㅋㅋ,대련님 ㅋㅋㅋ,50,50.0,애스턴마틴의 희망 ㅋㅋㅋㅋㅋㅋ 대련님 ㅋㅋㅋ,애스턴마틴의 희망 ㅋㅋㅋㅋㅋㅋ 대련님 ㅋㅋㅋ,0.04948921129107475,0.03507518023252487,0.10580648481845856,0.05953717231750488,0.7250104546546936,0.025081507861614227
2024-05-19 23:12:12,개좆핀 직빨 씨뺘아아ㅏㅏㅏㅏㅏㅏㅅ,애미,50,50.0,개좆핀 직빨 씨뺘아아ㅏㅏㅏㅏㅏㅏㅅ 애미,개좆핀 직빨 씨뺘아아ㅏㅏㅏㅏㅏㅏㅅ 애미,0.3027499318122864,0.19806943833827972,0.15630236268043518,0.11951647698879242,0.1797635704278946,0.043598223477602005
2024-05-19 23:12:13,도련님 오늘 DOD각ㅋㅋㅋ,ㄹㅇ,50,50.0,도련님 오늘 DOD각ㅋㅋㅋ ㄹㅇ,도련님 오늘 DOD각ㅋㅋㅋ ㄹㅇ,0.05213277414441109,0.03836230933666229,0.1129375472664833,0.06273102760314941,0.7054149508476257,0.028421377763152122
2024-05-19 23:12:14,몽골 잡힌다!!! 5초다!!,ㄷㄷㄷ,50,50.0,몽골 잡힌다!!! 5초다!! ㄷㄷㄷ,몽골 잡힌다!!! 5초다!! ㄷㄷㄷ,0.10729340463876724,0.04353075847029686,0.2026461958885193,0.31039655208587646,0.22077316045761108,0.11535993218421936
2024-05-19 23:12:16,대련님 ㅋㅋㅋㅋㅋㅋㅋㅋㅋ,,50,50.0,대련님 ㅋㅋㅋㅋㅋㅋㅋㅋㅋ ,대련님 ㅋㅋㅋㅋㅋㅋㅋㅋㅋ,0.05188622698187828,0.03356790915131569,0.1113131195306778,0.06659045070409775,0.7121033668518066,0.024538973346352577
2024-05-19 23:12:18,대련님은 포인트로 말한다고 ㅋㅋㅋㅋ,- dc official App,50,50.0,대련님은 포인트로 말한다고 ㅋㅋㅋㅋ - dc official App,대련님은 포인트로 말한다고 ㅋㅋㅋㅋ - dc official App,0.06793757528066635,0.03452526405453682,0.11990206688642502,0.08079713582992554,0.6684244275093079,0.028413543477654457
2024-05-19 23:12:19,그럼 스트롤은 쓸모없는 정박아다라고 말하겠습니까,케로님 ㅠㅠ,50,50.0,그럼 스트롤은 쓸모없는 정박아다라고 말하겠습니까 케로님 ㅠㅠ,그럼 스트롤은 쓸모없는 정박아다라고 말하겠습니까 케로님 ㅠㅠ,0.1648217886686325,0.21741899847984314,0.27261611819267273,0.1725776642560959,0.08506540209054947,0.0874999612569809
2024-05-19 23:12:22,ㅈ콘 컷 ㅋㅋㅋ,,50,50.0,ㅈ콘 컷 ㅋㅋㅋ ,ㅈ콘 컷 ㅋㅋㅋ,0.05708393454551697,0.03489993140101433,0.11045537889003754,0.06914901733398438,0.7051429152488708,0.023268796503543854
2024-05-19 23:12:24,오너의 품격ㅋㅋ,ㅋㄱ,50,50.0,오너의 품격ㅋㅋ ㅋㄱ,오너의 품격ㅋㅋ ㅋㄱ,0.07708299905061722,0.038658302277326584,0.1430945098400116,0.10894977301359177,0.5888818502426147,0.043332505971193314
2024-05-19 23:12:30,4.6 어어,,50,50.0,4.6 어어 ,4.6 어어,0.13365545868873596,0.08609209954738617,0.30063730478286743,0.25892165303230286,0.11749487370252609,0.10319864749908447
2024-05-19 23:12:30,리카도 탓하던 병신어디가고,왠 알론소 mk2가,50,50.0,리카도 탓하던 병신어디가고 왠 알론소 mk2가,리카도 탓하던 병신어디가고 왠 알론소 mk2가,0.168521448969841,0.08995288610458374,0.26053470373153687,0.28159305453300476,0.09158629924058914,0.10781165957450867
2024-05-19 23:12:33,스트롤 성장한건가 돌아온건가,ㅋㅋ,50,50.0,스트롤 성장한건가 돌아온건가 ㅋㅋ,스트롤 성장한건가 돌아온건가 ㅋㅋ,0.06666040420532227,0.042596861720085144,0.22778241336345673,0.17035584151744843,0.4343075752258301,0.058296944946050644
2024-05-19 23:12:33,노리스 뭐냐 ㄷ,,50,50.0,노리스 뭐냐 ㄷ ,노리스 뭐냐 ㄷ,0.14867091178894043,0.09526238590478897,0.25026723742485046,0.3034428656101227,0.10426139831542969,0.09809517115354538
2024-05-19 23:12:33,노리스 ㅈㄴ 빠른데 ㅋㅋㅋㅋ,,50,50.0,노리스 ㅈㄴ 빠른데 ㅋㅋㅋㅋ ,노리스 ㅈㄴ 빠른데 ㅋㅋㅋㅋ,0.06915350258350372,0.028820345178246498,0.1881464570760727,0.20263582468032837,0.4564109146595001,0.05483299866318703
2024-05-19 23:12:38,시발 막스 노리스 4초 차이,ㅈ댔다,50,50.0,시발 막스 노리스 4초 차이 ㅈ댔다,시발 막스 노리스 4초 차이 ㅈ댔다,0.25217151641845703,0.16918526589870453,0.2375638782978058,0.15240280330181122,0.11337947100400925,0.0752970352768898
2024-05-19 23:12:38,체코 물탕 갭 줄어드는중,- dc official App,50,50.0,체코 물탕 갭 줄어드는중 - dc official App,체코 물탕 갭 줄어드는중 - dc official App,0.0830320492386818,0.05967257171869278,0.22132912278175354,0.17225055396556854,0.4214608371257782,0.04225488379597664
2024-05-19 23:12:32,와 알핀도 drs 연거였구나 ㅋㅋㅋㅋㅋㅋ,,50,50.0,와 알핀도 drs 연거였구나 ㅋㅋㅋㅋㅋㅋ ,와 알핀도 drs 연거였구나 ㅋㅋㅋㅋㅋㅋ,0.09151653945446014,0.03875288739800453,0.2172819972038269,0.2806485891342163,0.28528091311454773,0.08651908487081528
2024-05-19 23:12:42,노리스 로켓 달았노,,50,50.0,노리스 로켓 달았노 ,노리스 로켓 달았노,0.07227317988872528,0.03389343246817589,0.2134060561656952,0.2531341016292572,0.3529169261455536,0.07437625527381897
2024-05-19 23:12:47,유관기운을 등에 업고 쫓아가냐?,가자,51,51.0,유관기운을 등에 업고 쫓아가냐? 가자,유관기운을 등에 업고 쫓아가냐? 가자,0.07827255129814148,0.04400845989584923,0.21115756034851074,0.2650206685066223,0.30430492758750916,0.09723585844039917
2024-05-19 23:12:47,노리스 시발 격차 줄이는 속도 보소~~~~~~~~~~~~~~~~~~~~~,노리스 시발 격차 줄이는 속도 보소~~~~~~~~~~~~~~~~~~~~~,51,51.0,노리스 시발 격차 줄이는 속도 보소~~~~~~~~~~~~~~~~~~~~~ 노리스 시발 격차 줄이는 속도 보소~~~~~~~~~~~~~~~~~~~~~,노리스 시발 격차 줄이는 속도 보소~~~~~~~~~~~~~~~~~~~~~ 노리스 시발 격차 줄이는 속도 보소~~~~~~~~~~~~~~~~~~~~~,0.1253858059644699,0.0729002133011818,0.1767587959766388,0.20501123368740082,0.3141246736049652,0.10581930726766586
2024-05-19 23:12:49,몽골 잡힌다!! 4초대 입갤,ㄱㄱㄱㄱ,51,51.0,몽골 잡힌다!! 4초대 입갤 ㄱㄱㄱㄱ,몽골 잡힌다!! 4초대 입갤 ㄱㄱㄱㄱ,0.059662580490112305,0.036936867982149124,0.12854890525341034,0.09040068089962006,0.6492099761962891,0.035240933299064636
2024-05-19 23:12:50,누리스 추격뭐야 씨발ㅋㅋㅋ,"가즈아 ㅋㅋㅋㅋㅋ
- dc official App",51,51.0,"누리스 추격뭐야 씨발ㅋㅋㅋ 가즈아 ㅋㅋㅋㅋㅋ
- dc official App",누리스 추격뭐야 씨발ㅋㅋㅋ 가즈아 ㅋㅋㅋㅋㅋ,0.05804729461669922,0.0316699743270874,0.11254451423883438,0.07447590678930283,0.6977841258049011,0.025478247553110123
2024-05-19 23:12:51,알론소 제대로 도련님 대접하노,크흑 도련님 너무 빛이나,51,51.0,알론소 제대로 도련님 대접하노 크흑 도련님 너무 빛이나,알론소 제대로 도련님 대접하노 크흑 도련님 너무 빛이나,0.06190914288163185,0.04884554445743561,0.1494843065738678,0.09542081505060196,0.600064754486084,0.04427545145153999
2024-05-19 23:12:58,본인이 걍 다 죽이고싶은 엔초면 개추,.,51,51.0,본인이 걍 다 죽이고싶은 엔초면 개추 .,본인이 걍 다 죽이고싶은 엔초면 개추 .,0.2427697628736496,0.1401665359735489,0.18327027559280396,0.22485101222991943,0.11063973605632782,0.09830275177955627
2024-05-19 23:12:59,아오 개씹좆핀 같이 drs켰는데 개같이따이네 ㅋㅋㅋㅋㅋ,ㅅㅂ 너무 쉽게따여너 drs안킨줄알았잖아,51,51.0,아오 개씹좆핀 같이 drs켰는데 개같이따이네 ㅋㅋㅋㅋㅋ ㅅㅂ 너무 쉽게따여너 drs안킨줄알았잖아,아오 개씹좆핀 같이 drs켰는데 개같이따이네 ㅋㅋㅋㅋㅋ ㅅㅂ 너무 쉽게따여너 drs안킨줄알았잖아,0.29070690274238586,0.17190730571746826,0.24575087428092957,0.11247427761554718,0.12335843592882156,0.05580223351716995
2024-05-19 23:13:01,노리스 ㅈㄴ빠르네ㅋㅋ,,51,51.0,노리스 ㅈㄴ빠르네ㅋㅋ ,노리스 ㅈㄴ빠르네ㅋㅋ,0.09078305214643478,0.03697216138243675,0.20320993661880493,0.2802453339099884,0.30995139479637146,0.07883814722299576
2024-05-19 23:13:02,노리스 로켓달았노 ㄹㅇ?,ㅋㅋㅋ,51,51.0,노리스 로켓달았노 ㄹㅇ? ㅋㅋㅋ,노리스 로켓달았노 ㄹㅇ? ㅋㅋㅋ,0.0774778202176094,0.032985277473926544,0.20809681713581085,0.2590697407722473,0.3464069664478302,0.07596324384212494
2024-05-19 23:13:14,징징 on ㅋㅋㅋ,zzzㅌㅌ,51,51.0,징징 on ㅋㅋㅋ zzzㅌㅌ,징징 on ㅋㅋㅋ zzzㅌㅌ,0.12608784437179565,0.08420688658952713,0.2281002700328827,0.09863068163394928,0.42007777094841003,0.042896512895822525
2024-05-19 23:13:18,막스련 피싸노 ㅋㅋㅋㅋ,ㅋㅋㅋㅋ,51,51.0,막스련 피싸노 ㅋㅋㅋㅋ ㅋㅋㅋㅋ,막스련 피싸노 ㅋㅋㅋㅋ ㅋㅋㅋㅋ,0.21979758143424988,0.07894740253686905,0.22886152565479279,0.20894765853881836,0.18252602219581604,0.08091989159584045
2024-05-19 23:13:20,가자 누리스 ㅋㅋㅋㅋㅋㅋ,,51,51.0,가자 누리스 ㅋㅋㅋㅋㅋㅋ ,가자 누리스 ㅋㅋㅋㅋㅋㅋ,0.05580819398164749,0.03771122172474861,0.10823240131139755,0.06435797363519669,0.7082881331443787,0.025602076202630997
2024-05-19 23:13:20,어어??? 진짜 가나??,,51,51.0,어어??? 진짜 가나?? ,어어??? 진짜 가나??,0.09858912974596024,0.05237602815032005,0.22311703860759735,0.3093501031398773,0.22525806725025177,0.09130962938070297
2024-05-19 23:13:23,르끌 한 번 미끄러지더니 순위 못 바꾸려나,"너무 아쉽네
- dc official App",51,51.0,"르끌 한 번 미끄러지더니 순위 못 바꾸려나 너무 아쉽네
- dc official App",르끌 한 번 미끄러지더니 순위 못 바꾸려나 너무 아쉽네,0.12443404644727707,0.16626200079917908,0.2967820465564728,0.21287475526332855,0.1264362633228302,0.07321091741323471
2024-05-19 23:13:25,응 기대 좆도안해,또 간만 보게 해줄거잖아,51,51.0,응 기대 좆도안해 또 간만 보게 해줄거잖아,응 기대 좆도안해 또 간만 보게 해줄거잖아,0.1496271789073944,0.188635915517807,0.2919028103351593,0.20659558475017548,0.09944198280572891,0.06379647552967072
2024-05-19 23:13:26,맥라렌 뭐냐,누구냐 너,51,51.0,맥라렌 뭐냐 누구냐 너,맥라렌 뭐냐 누구냐 너,0.1560245156288147,0.08306728303432465,0.19985224306583405,0.34531518816947937,0.10668519139289856,0.10905560851097107
2024-05-19 23:13:27,호너: 그냥 해본 말임,막스: 나도야 ㅋ,51,51.0,호너: 그냥 해본 말임 막스: 나도야 ㅋ,호너: 그냥 해본 말임 막스: 나도야 ㅋ,0.09507837146520615,0.058318428695201874,0.20099525153636932,0.13828550279140472,0.46458274126052856,0.04273972287774086
2024-05-19 23:13:32,르끌 씨발아,어휴,51,51.0,르끌 씨발아 어휴,르끌 씨발아 어휴,0.33563631772994995,0.19765475392341614,0.18250076472759247,0.11058438569307327,0.13440798223018646,0.03921588510274887
2024-05-19 23:13:32,0.3ㅋㅋㅋㅋㅋ,,51,51.0,0.3ㅋㅋㅋㅋㅋ ,0.3ㅋㅋㅋㅋㅋ,0.16401708126068115,0.07873210310935974,0.28993138670921326,0.2168615758419037,0.15609249472618103,0.09436535090208054
2024-05-19 23:13:33,노흥민 2연속 우승가자 ㅋㅋㅋㅋㅋ,,51,51.0,노흥민 2연속 우승가자 ㅋㅋㅋㅋㅋ ,노흥민 2연속 우승가자 ㅋㅋㅋㅋㅋ,0.05884220451116562,0.03747168183326721,0.1198069229722023,0.07434295117855072,0.6770152449607849,0.03252095729112625
2024-05-19 23:13:37,???????????,"섹터원 ㅅㅂ 뭔일인데
Oracle Red Bull Racing RB20",51,51.0,"??????????? 섹터원 ㅅㅂ 뭔일인데
Oracle Red Bull Racing RB20",??????????? 섹터원 ㅅㅂ 뭔일인데 Oracle Red Bull Racing RB20,0.18265455961227417,0.13094155490398407,0.252229243516922,0.22853749990463257,0.10526776313781738,0.10036937892436981
2024-05-19 23:13:39,진짜 우승하냐? 나 뿌릴준비한다?,"맥라렌 진짜 우승하냐?? 나 기대한다??
- dc official App",51,51.0,"진짜 우승하냐? 나 뿌릴준비한다? 맥라렌 진짜 우승하냐?? 나 기대한다??
- dc official App",진짜 우승하냐? 나 뿌릴준비한다? 맥라렌 진짜 우승하냐?? 나 기대한다??,0.09231983870267868,0.0652199387550354,0.2017669826745987,0.2416125386953354,0.31242111325263977,0.08665961772203445
2024-05-19 23:13:40,막스 타이어 멀쩡한가보네,징징거리는거보면 또 페렙찍을듯,51,51.0,막스 타이어 멀쩡한가보네 징징거리는거보면 또 페렙찍을듯,막스 타이어 멀쩡한가보네 징징거리는거보면 또 페렙찍을듯,0.15321668982505798,0.09632042050361633,0.2126724123954773,0.30759158730506897,0.08879739046096802,0.1414015293121338
2024-05-19 23:13:43,하드 개썩나봄,"설마!!!
- dc official App",51,51.0,"하드 개썩나봄 설마!!!
- dc official App",하드 개썩나봄 설마!!!,0.15660277009010315,0.09329316020011902,0.20077188313007355,0.33660733699798584,0.09785056859254837,0.11487431079149246
2024-05-19 23:13:49,약 10랩 남았네,,51,51.0,약 10랩 남았네 ,약 10랩 남았네,0.08634646981954575,0.05501508340239525,0.2547575831413269,0.24419967830181122,0.28266146779060364,0.07701968401670456
2024-05-19 23:13:46,어어 각인가?????????,"하드한정 맥라렌>레드불인데 뭔가 해볼만한가??????
Mclaren F1 team 2007~",51,51.0,"어어 각인가????????? 하드한정 맥라렌>레드불인데 뭔가 해볼만한가??????
Mclaren F1 team 2007~",어어 각인가????????? 하드한정 맥라렌>레드불인데 뭔가 해볼만한가?????? Mclaren F1 team 2007~,0.07099813222885132,0.04480968788266182,0.19768089056015015,0.20096080005168915,0.4254336953163147,0.06011680141091347
2024-05-19 23:14:00,???: ㄷㅊ봐 보여줌,,52,52.0,???: ㄷㅊ봐 보여줌 ,???: ㄷㅊ봐 보여줌,0.13287127017974854,0.08523743599653244,0.22874122858047485,0.29582589864730835,0.18526743352413177,0.07205675542354584
2024-05-19 23:14:05,셧업 ㅋㅋㅋㅋㅋ,,52,52.0,셧업 ㅋㅋㅋㅋㅋ ,셧업 ㅋㅋㅋㅋㅋ,0.13622014224529266,0.05557897686958313,0.2245829850435257,0.1530732661485672,0.38211098313331604,0.048433560878038406
2024-05-19 23:14:06,솔직히 따라가다가 2초쯤에서 더 안 줄어들고 걍 막스 우승할듯,ㄹㅇ,52,52.0,솔직히 따라가다가 2초쯤에서 더 안 줄어들고 걍 막스 우승할듯 ㄹㅇ,솔직히 따라가다가 2초쯤에서 더 안 줄어들고 걍 막스 우승할듯 ㄹㅇ,0.09699060767889023,0.05346924066543579,0.24375192821025848,0.3041740357875824,0.18814294040203094,0.11347123235464096
2024-05-19 23:14:04,노리스 라디오 ㅅㅂㅋㅋㅋㅋㅋ,,52,52.0,노리스 라디오 ㅅㅂㅋㅋㅋㅋㅋ ,노리스 라디오 ㅅㅂㅋㅋㅋㅋㅋ,0.1948099285364151,0.09617972373962402,0.27279114723205566,0.16409969329833984,0.21019066870212555,0.061928801238536835
2024-05-19 23:13:59,랩당 0.4초씩 줄이면 될수도?,,52,52.0,랩당 0.4초씩 줄이면 될수도? ,랩당 0.4초씩 줄이면 될수도?,0.09254641085863113,0.0726034939289093,0.231683611869812,0.2865980565547943,0.2389063835144043,0.07766205817461014
2024-05-19 23:14:07,누리스 킹능성 있는데?,,52,52.0,누리스 킹능성 있는데? ,누리스 킹능성 있는데?,0.08354013413190842,0.048266779631376266,0.20528185367584229,0.2632819712162018,0.32670527696609497,0.07292395830154419
2024-05-19 23:14:08,짱깻vs유럽짱깨,ㅋㅋ,52,52.0,짱깻vs유럽짱깨 ㅋㅋ,짱깻vs유럽짱깨 ㅋㅋ,0.22266122698783875,0.11272580176591873,0.1885945349931717,0.27554717659950256,0.12476257979869843,0.07570869475603104
2024-05-19 23:14:09,아이씨 아이씨 아이씨,에이씨,52,52.0,아이씨 아이씨 아이씨 에이씨,아이씨 아이씨 아이씨 에이씨,0.29377830028533936,0.18313780426979065,0.20545122027397156,0.12566034495830536,0.1442611664533615,0.04771115630865097
2024-05-19 23:14:10,누리스 우승가나 ㅋㅋㅋㅋ,ㅋㅋㅋㅋ,52,52.0,누리스 우승가나 ㅋㅋㅋㅋ ㅋㅋㅋㅋ,누리스 우승가나 ㅋㅋㅋㅋ ㅋㅋㅋㅋ,0.05653608590364456,0.03581036627292633,0.11333904415369034,0.07244914770126343,0.6949502825737,0.026915116235613823
2024-05-19 23:14:10,랩당 0.5초면 9랩이면 따네ㅋㅋ,ㅋㅋㅋ,52,52.0,랩당 0.5초면 9랩이면 따네ㅋㅋ ㅋㅋㅋ,랩당 0.5초면 9랩이면 따네ㅋㅋ ㅋㅋㅋ,0.0935988798737526,0.0365360826253891,0.20759330689907074,0.23353923857212067,0.3537784516811371,0.07495409995317459
2024-05-19 23:14:13,누리스 개웃기네ㅋㅋㅋ,ㅋㅋㅋㅋ,52,52.0,누리스 개웃기네ㅋㅋㅋ ㅋㅋㅋㅋ,누리스 개웃기네ㅋㅋㅋ ㅋㅋㅋㅋ,0.06462971121072769,0.03787967562675476,0.13575874269008636,0.09010891616344452,0.642743706703186,0.02887929603457451
2024-05-19 23:14:16,닥쳢아 ㅋㅋㅋㅋ,,52,52.0,닥쳢아 ㅋㅋㅋㅋ ,닥쳢아 ㅋㅋㅋㅋ,0.06453622132539749,0.03291507810354233,0.1282133013010025,0.08218445628881454,0.6680089831352234,0.02414197474718094
2024-05-19 23:14:16,노리스 방금 시발이라고 한거임? ㅋㅋㅋㅋㅋㅋㅋ,,52,52.0,노리스 방금 시발이라고 한거임? ㅋㅋㅋㅋㅋㅋㅋ ,노리스 방금 시발이라고 한거임? ㅋㅋㅋㅋㅋㅋㅋ,0.11527075618505478,0.057476624846458435,0.26758670806884766,0.2679482102394104,0.19438815116882324,0.09732955694198608
2024-05-19 23:14:17,아이시아잇아이시,- dc official App,52,52.0,아이시아잇아이시 - dc official App,아이시아잇아이시 - dc official App,0.10101926326751709,0.05507057160139084,0.20205971598625183,0.2061484158039093,0.4028474986553192,0.0328545980155468
2024-05-19 23:14:18,아이씨 아이씨 아이씨 ㅋㅋㅋㅋ,ㅋㅋㅋ,52,52.0,아이씨 아이씨 아이씨 ㅋㅋㅋㅋ ㅋㅋㅋ,아이씨 아이씨 아이씨 ㅋㅋㅋㅋ ㅋㅋㅋ,0.19127342104911804,0.081813283264637,0.23604387044906616,0.11403787136077881,0.33081182837486267,0.046019718050956726
2024-05-19 23:14:24,근데 몽골 노리스 인터벌 점점 줄어드는데,"21 캐나다 재현 각인가
몽골은 지가 했던거 그대로 당하는거고",52,52.0,"근데 몽골 노리스 인터벌 점점 줄어드는데 21 캐나다 재현 각인가
몽골은 지가 했던거 그대로 당하는거고",근데 몽골 노리스 인터벌 점점 줄어드는데 21 캐나다 재현 각인가 몽골은 지가 했던거 그대로 당하는거고,0.1209629476070404,0.07749072462320328,0.21366405487060547,0.34344178438186646,0.1092669814825058,0.13517357409000397
2024-05-19 23:14:23,여물어봐 집중중이니까 ㅅㅂ,- dc official App,52,52.0,여물어봐 집중중이니까 ㅅㅂ - dc official App,여물어봐 집중중이니까 ㅅㅂ - dc official App,0.3298709988594055,0.14111444354057312,0.1941356062889099,0.12406816333532333,0.16285564005374908,0.04795506224036217
2024-05-19 23:14:29,ㅋㅋㅋㅋㅋㅋㅋㅋㅋㅋㅋㅋㅋㅋ,개웃기네,52,52.0,ㅋㅋㅋㅋㅋㅋㅋㅋㅋㅋㅋㅋㅋㅋ 개웃기네,ㅋㅋㅋㅋㅋㅋㅋㅋㅋㅋㅋㅋㅋㅋ 개웃기네,0.06988316774368286,0.036502398550510406,0.1445966213941574,0.09569806605577469,0.6274474263191223,0.02587224170565605
2024-05-19 23:14:33,한국어가 들리노 ㅋㅋㅋ,ㅋㅋ,52,52.0,한국어가 들리노 ㅋㅋㅋ ㅋㅋ,한국어가 들리노 ㅋㅋㅋ ㅋㅋ,0.05664180591702461,0.029314177110791206,0.14261026680469513,0.12058786302804947,0.6187781095504761,0.03206780552864075
2024-05-19 23:14:33,다들 추월하려고 레코드라인 빡 집중해서 타는데,"우리 미끌레는 그딴 거 없이 시원하게 스핀 조져준다는거임
- dc official App",52,52.0,"다들 추월하려고 레코드라인 빡 집중해서 타는데 우리 미끌레는 그딴 거 없이 시원하게 스핀 조져준다는거임
- dc official App",다들 추월하려고 레코드라인 빡 집중해서 타는데 우리 미끌레는 그딴 거 없이 시원하게 스핀 조져준다는거임,0.10977847129106522,0.054949548095464706,0.1937619000673294,0.20623934268951416,0.33359289169311523,0.10167785733938217
2024-05-19 23:14:33,암푸쒸발메이트 ㅋㅋ,ㅈㄴ 예민하농,52,52.0,암푸쒸발메이트 ㅋㅋ ㅈㄴ 예민하농,암푸쒸발메이트 ㅋㅋ ㅈㄴ 예민하농,0.2335779368877411,0.09593614935874939,0.25840410590171814,0.1950957030057907,0.12852831184864044,0.08845783770084381
2024-05-19 23:14:33,피아제 포디움은 힘들것네,ㄲㅂ,52,52.0,피아제 포디움은 힘들것네 ㄲㅂ,피아제 포디움은 힘들것네 ㄲㅂ,0.13544785976409912,0.17715585231781006,0.3555741310119629,0.13585375249385834,0.13795872032642365,0.0580097995698452
2024-05-19 23:14:33,노리스 월챔 라디오,ㄷㄷㄷ,52,52.0,노리스 월챔 라디오 ㄷㄷㄷ,노리스 월챔 라디오 ㄷㄷㄷ,0.0882190689444542,0.037946343421936035,0.20431868731975555,0.2821654677391052,0.3100152015686035,0.07733535021543503
2024-05-19 23:14:33,노리스 ㅅㅂ ㅋㅋㅋㅋㅋㅋㅋㅋㅋ,- dc official App,52,52.0,노리스 ㅅㅂ ㅋㅋㅋㅋㅋㅋㅋㅋㅋ - dc official App,노리스 ㅅㅂ ㅋㅋㅋㅋㅋㅋㅋㅋㅋ - dc official App,0.187202587723732,0.07296444475650787,0.24030917882919312,0.15975208580493927,0.2878777086734772,0.05189398303627968
2024-05-19 23:14:34,아이씨X3,"ㅋㅋ
Oracle Red Bull Racing RB20",52,52.0,"아이씨X3 ㅋㅋ
Oracle Red Bull Racing RB20",아이씨X3 ㅋㅋ Oracle Red Bull Racing RB20,0.08741766959428787,0.04289496690034866,0.14081405103206635,0.10665691643953323,0.5944739580154419,0.02774243801832199
2024-05-19 23:14:35,ㅋㅋㅋㅋㅋㅋㅋㅋㅋㅋ,,52,52.0,ㅋㅋㅋㅋㅋㅋㅋㅋㅋㅋ ,ㅋㅋㅋㅋㅋㅋㅋㅋㅋㅋ,0.06608592718839645,0.03318951651453972,0.13582655787467957,0.0914136990904808,0.6472852230072021,0.026199130341410637
2024-05-19 23:14:35,마그누센 퀄리 임피딩 아쉽네,"폼 좋은것 같은데
- dc official App",52,52.0,"마그누센 퀄리 임피딩 아쉽네 폼 좋은것 같은데
- dc official App",마그누센 퀄리 임피딩 아쉽네 폼 좋은것 같은데,0.1194862425327301,0.14448335766792297,0.3059539496898651,0.18130336701869965,0.2007245421409607,0.04804852977395058
2024-05-19 23:14:38,반대로 말하면 좆끌이 멀쩡하게 했으면 선두권 진흙탕싸움인데,"씨발 미끄러져서 개새끼가 ㅋㅋㅋ
- dc official App",52,52.0,"반대로 말하면 좆끌이 멀쩡하게 했으면 선두권 진흙탕싸움인데 씨발 미끄러져서 개새끼가 ㅋㅋㅋ
- dc official App",반대로 말하면 좆끌이 멀쩡하게 했으면 선두권 진흙탕싸움인데 씨발 미끄러져서 개새끼가 ㅋㅋㅋ,0.3211348354816437,0.1572677493095398,0.21045485138893127,0.1328047215938568,0.11118194460868835,0.06715589761734009
2024-05-19 23:14:38,말걸자마자 격차 벌어지노 ㅋㅋ,,52,52.0,말걸자마자 격차 벌어지노 ㅋㅋ ,말걸자마자 격차 벌어지노 ㅋㅋ,0.11171601712703705,0.04920385777950287,0.23542919754981995,0.30103740096092224,0.17469242215156555,0.12792111933231354
2024-05-19 23:14:54,ㅋㅋ 누리스 우승한번 해봤다고 ㅋㅋ,"좆같으면 따라가라 시발
- dc official App",52,52.0,"ㅋㅋ 누리스 우승한번 해봤다고 ㅋㅋ 좆같으면 따라가라 시발
- dc official App",ㅋㅋ 누리스 우승한번 해봤다고 ㅋㅋ 좆같으면 따라가라 시발,0.32824987173080444,0.15107564628124237,0.18667924404144287,0.11868308484554291,0.15568749606609344,0.059624653309583664
2024-05-19 23:14:55,10랩남았는데 랩당 0.35초면 힘들라나,약간 모자란디,52,52.0,10랩남았는데 랩당 0.35초면 힘들라나 약간 모자란디,10랩남았는데 랩당 0.35초면 힘들라나 약간 모자란디,0.09837622940540314,0.10208679735660553,0.28814128041267395,0.28426414728164673,0.14051669836044312,0.08661485463380814
2024-05-19 23:14:55,케로햄 경험담ㅋㅋㅋ,ㅈgggg,52,52.0,케로햄 경험담ㅋㅋㅋ ㅈgggg,케로햄 경험담ㅋㅋㅋ ㅈgggg,0.05775024741888046,0.034280627965927124,0.10432861000299454,0.06291486322879791,0.7177059650421143,0.02301971986889839
2024-05-19 23:15:02,일단 지금 페이스로는 못잡음,갑자기 막스 타이어 나락가면 가능,52,52.0,일단 지금 페이스로는 못잡음 갑자기 막스 타이어 나락가면 가능,일단 지금 페이스로는 못잡음 갑자기 막스 타이어 나락가면 가능,0.10662055760622025,0.12707845866680145,0.27046623826026917,0.31737640500068665,0.10035126656293869,0.078107088804245
2024-05-19 23:15:07,도박중독자가 또ㅋㅋㅋ,,52,52.0,도박중독자가 또ㅋㅋㅋ ,도박중독자가 또ㅋㅋㅋ,0.2213977724313736,0.09401078522205353,0.22380760312080383,0.24248282611370087,0.11108727008104324,0.10721366107463837
2024-05-19 23:15:08,러셀은 투스탑이었냐,음,52,52.0,러셀은 투스탑이었냐 음,러셀은 투스탑이었냐 음,0.10519633442163467,0.07830265164375305,0.2637958228588104,0.3327673375606537,0.12547282874584198,0.09446501731872559
2024-05-19 23:15:08,쟤는 부담가지면 자기도 ㅈ된다는걸 아는것같네,ㅋㅋㅋㅋㅋ,52,52.0,쟤는 부담가지면 자기도 ㅈ된다는걸 아는것같네 ㅋㅋㅋㅋㅋ,쟤는 부담가지면 자기도 ㅈ된다는걸 아는것같네 ㅋㅋㅋㅋㅋ,0.15312835574150085,0.06112335994839668,0.21003840863704681,0.2932460904121399,0.12421626597642899,0.15824756026268005
2024-05-19 23:15:11,0.3 * 10 = 3,산수 못하는 침팬지들 업제?,52,52.0,0.3 * 10 = 3 산수 못하는 침팬지들 업제?,0.3 * 10 = 3 산수 못하는 침팬지들 업제?,0.15594442188739777,0.10094041377305984,0.18265272676944733,0.36602097749710083,0.09457588195800781,0.09986558556556702
2024-05-19 23:15:16,1랩당 0.4초를 어캐 줄여,,52,52.0,1랩당 0.4초를 어캐 줄여 ,1랩당 0.4초를 어캐 줄여,0.13783548772335052,0.08272574096918106,0.2340126782655716,0.33581653237342834,0.11620424687862396,0.09340538084506989
2024-05-19 23:15:19,러셀 또 도박 중독자 ㅋㅋㅋ,ㄱㄱㄱ,52,52.0,러셀 또 도박 중독자 ㅋㅋㅋ ㄱㄱㄱ,러셀 또 도박 중독자 ㅋㅋㅋ ㄱㄱㄱ,0.14493390917778015,0.06827046722173691,0.2601291537284851,0.1545712798833847,0.30173584818840027,0.07035930454730988
2024-05-19 23:15:20,대자지 발기타임ㅋㅋㅋㅋㅋㅋㅋㅋ,- dc official App,53,53.0,대자지 발기타임ㅋㅋㅋㅋㅋㅋㅋㅋ - dc official App,대자지 발기타임ㅋㅋㅋㅋㅋㅋㅋㅋ - dc official App,0.06445343792438507,0.03089981898665428,0.11416807770729065,0.08491910248994827,0.6801822185516357,0.02537737600505352
2024-05-19 23:15:22,도박왕 러셀ㅋㅋ,ㄹㅇ,53,53.0,도박왕 러셀ㅋㅋ ㄹㅇ,도박왕 러셀ㅋㅋ ㄹㅇ,0.1238909512758255,0.05032038688659668,0.2308216691017151,0.17257681488990784,0.35070785880088806,0.07168228179216385
2024-05-19 23:15:23,러셀 패랩 도전하려나 보네,ㅇㅇ,53,53.0,러셀 패랩 도전하려나 보네 ㅇㅇ,러셀 패랩 도전하려나 보네 ㅇㅇ,0.07665682584047318,0.03869915008544922,0.2052401602268219,0.23283903300762177,0.383741170167923,0.06282372027635574
2024-05-19 23:15:25,누가 세카 좀 불러주라,제발,53,53.0,누가 세카 좀 불러주라 제발,누가 세카 좀 불러주라 제발,0.0929793268442154,0.09818095713853836,0.2118203043937683,0.17110395431518555,0.3521249294281006,0.07379046082496643
2024-05-19 23:15:30,누리스 응원합니노,제발,53,53.0,누리스 응원합니노 제발,누리스 응원합니노 제발,0.06809507310390472,0.057923946529626846,0.15099704265594482,0.10626053810119629,0.5668927431106567,0.049830611795186996
2024-05-19 23:15:33,맥라렌놈들아 말좀 계속 걸어봐,"개무섭다고
Oracle Red Bull Racing RB20",53,53.0,"맥라렌놈들아 말좀 계속 걸어봐 개무섭다고
Oracle Red Bull Racing RB20",맥라렌놈들아 말좀 계속 걸어봐 개무섭다고 Oracle Red Bull Racing RB20,0.27288496494293213,0.13318897783756256,0.1620762199163437,0.2031780481338501,0.14493924379348755,0.08373253792524338
2024-05-19 23:15:34,병신 패랩ㅋㅋ,,53,53.0,병신 패랩ㅋㅋ ,병신 패랩ㅋㅋ,0.09698480367660522,0.0459384061396122,0.1869972199201584,0.13488130271434784,0.497327983379364,0.0378703810274601
2024-05-19 23:15:37,플랜 F입갤ㅋㅋ,- dc official App,53,53.0,플랜 F입갤ㅋㅋ - dc official App,플랜 F입갤ㅋㅋ - dc official App,0.08194489777088165,0.040346480906009674,0.14316417276859283,0.11691975593566895,0.5862746834754944,0.03134998679161072
2024-05-19 23:15:39,페레즈 급발진 ㅋㅋㅋㅋ,패랩,53,53.0,페레즈 급발진 ㅋㅋㅋㅋ 패랩,페레즈 급발진 ㅋㅋㅋㅋ 패랩,0.12082173675298691,0.05366190895438194,0.2582370936870575,0.2659374177455902,0.21397246420383453,0.0873693898320198
2024-05-19 23:15:46,걍 러셀 패랩도전이네,- dc official App,53,53.0,걍 러셀 패랩도전이네 - dc official App,걍 러셀 패랩도전이네 - dc official App,0.10524221509695053,0.06716912984848022,0.24471262097358704,0.2008240818977356,0.33460426330566406,0.04744766280055046
2024-05-19 23:15:48,체코 패랩ㅋㅋㅋㅋㅋ,,53,53.0,체코 패랩ㅋㅋㅋㅋㅋ ,체코 패랩ㅋㅋㅋㅋㅋ,0.10426367074251175,0.045185767114162445,0.18636643886566162,0.16385987401008606,0.45682719349861145,0.04349707067012787
2024-05-19 23:15:53,러셀은 그냥 플랜 에프 아니냐 ㅋㅋㅋ,해설자,53,53.0,러셀은 그냥 플랜 에프 아니냐 ㅋㅋㅋ 해설자,러셀은 그냥 플랜 에프 아니냐 ㅋㅋㅋ 해설자,0.14245881140232086,0.0835355818271637,0.29194924235343933,0.2826787233352661,0.11675926297903061,0.0826183557510376
2024-05-19 23:15:55,???:보여준다 했잖아,- dc official App,53,53.0,???:보여준다 했잖아 - dc official App,???:보여준다 했잖아 - dc official App,0.1208222508430481,0.08574313670396805,0.26700565218925476,0.2720291018486023,0.19511349499225616,0.05928637459874153
2024-05-19 23:15:57,러셀 플랜f입갤 ㅋㅋㅋㅋㅋㅋㅋㅋㅋㅋㅋㅋㅋㅋㅋㅋㅋㅋㅋㅋㅋㅋㅋㅋㅋㅋㅋㅋㅋㅋㅋ,,53,53.0,러셀 플랜f입갤 ㅋㅋㅋㅋㅋㅋㅋㅋㅋㅋㅋㅋㅋㅋㅋㅋㅋㅋㅋㅋㅋㅋㅋㅋㅋㅋㅋㅋㅋㅋㅋ ,러셀 플랜f입갤 ㅋㅋㅋㅋㅋㅋㅋㅋㅋㅋㅋㅋㅋㅋㅋㅋㅋㅋㅋㅋㅋㅋㅋㅋㅋㅋㅋㅋㅋㅋㅋ,0.06373897939920425,0.0346168614923954,0.10853246599435806,0.07019808143377304,0.6975857019424438,0.025327907875180244
2024-05-19 23:15:59,아니 해도 물탕이가 할줄 알았는데,"쥬지가 하노
- dc official App",53,53.0,"아니 해도 물탕이가 할줄 알았는데 쥬지가 하노
- dc official App",아니 해도 물탕이가 할줄 알았는데 쥬지가 하노,0.0859653577208519,0.06006842106580734,0.3112640678882599,0.19283360242843628,0.2644991874694824,0.08536935597658157
2024-05-19 23:15:52,이러면 러셀 패랩 먹겠네 ㅇㅅㅇ,,53,53.0,이러면 러셀 패랩 먹겠네 ㅇㅅㅇ ,이러면 러셀 패랩 먹겠네 ㅇㅅㅇ,0.06376861035823822,0.04011538624763489,0.15654587745666504,0.11207208782434464,0.5917007923126221,0.03579733148217201
2024-05-19 23:16:01,4초 입갤 ㅋㅋㅋㅋㅋ,,53,53.0,4초 입갤 ㅋㅋㅋㅋㅋ ,4초 입갤 ㅋㅋㅋㅋㅋ,0.06401732563972473,0.035295575857162476,0.12285763770341873,0.0949261412024498,0.6517350077629089,0.031168397516012192
2024-05-19 23:16:09,뭐야 ㅅㅂ 진짜 1랩당 0.4초 줄이는데??,,53,53.0,뭐야 ㅅㅂ 진짜 1랩당 0.4초 줄이는데?? ,뭐야 ㅅㅂ 진짜 1랩당 0.4초 줄이는데??,0.2084374874830246,0.13311214745044708,0.27584129571914673,0.18647900223731995,0.10250928997993469,0.09362079948186874
2024-05-19 23:16:11,어어 3초대??,그래도 안될듯 ㅋ,53,53.0,어어 3초대?? 그래도 안될듯 ㅋ,어어 3초대?? 그래도 안될듯 ㅋ,0.12546172738075256,0.0921696275472641,0.27410387992858887,0.3056895434856415,0.09125763922929764,0.11131760478019714
2024-05-19 23:16:12,4초면…  ㅇ ㅓ…??,,53,53.0,4초면…  ㅇ ㅓ…?? ,4초면… ㅇ ㅓ…??,0.11236094683408737,0.07847004383802414,0.23712755739688873,0.31984397768974304,0.1444423496723175,0.1077551543712616
2024-05-19 23:16:15,3초대 되겠네,이러다가,53,53.0,3초대 되겠네 이러다가,3초대 되겠네 이러다가,0.11931995302438736,0.09274106472730637,0.2657065689563751,0.2997017800807953,0.10101980715990067,0.1215108335018158
2024-05-19 23:16:16,몽골 잡힌드 3초대 입갤!!!!,ㄱㄱㄱㄱㄱㄱㄱ,53,53.0,몽골 잡힌드 3초대 입갤!!!! ㄱㄱㄱㄱㄱㄱㄱ,몽골 잡힌드 3초대 입갤!!!! ㄱㄱㄱㄱㄱㄱㄱ,0.057014357298612595,0.032735828310251236,0.10919628292322159,0.07734259217977524,0.696462869644165,0.027248060330748558
2024-05-19 23:16:17,되게 빨리 좁히네,3초패널티 받고 따였으면,53,53.0,되게 빨리 좁히네 3초패널티 받고 따였으면,되게 빨리 좁히네 3초패널티 받고 따였으면,0.12677812576293945,0.06447859853506088,0.23803262412548065,0.32318344712257385,0.11668723076581955,0.1308399885892868
2024-05-19 23:16:23,제발! 막스!,,53,53.0,제발! 막스! ,제발! 막스!,0.10556773841381073,0.12677299976348877,0.1978505402803421,0.13419438898563385,0.3638427257537842,0.07177159935235977
2024-05-19 23:16:24,젭알 ㅋㅋㅋㅋㅋㅋ,,53,53.0,젭알 ㅋㅋㅋㅋㅋㅋ ,젭알 ㅋㅋㅋㅋㅋㅋ,0.06341829150915146,0.04475070908665657,0.15176932513713837,0.1013764813542366,0.6013661623001099,0.03731904178857803
2024-05-19 23:16:26,오 노리스 격차 좁힌다,ㅅㅅㅅ,53,53.0,오 노리스 격차 좁힌다 ㅅㅅㅅ,오 노리스 격차 좁힌다 ㅅㅅㅅ,0.04980627819895744,0.03578534349799156,0.11401276290416718,0.06936857849359512,0.7034845948219299,0.027542389929294586
2024-05-19 23:16:27,어어????,,53,53.0,어어???? ,어어????,0.11997313052415848,0.06042306870222092,0.22004826366901398,0.3270561993122101,0.1684613972902298,0.10403799265623093
2024-05-19 23:16:27,어어 뭐냐 왜 줄어드냐?,- dc official App,53,53.0,어어 뭐냐 왜 줄어드냐? - dc official App,어어 뭐냐 왜 줄어드냐? - dc official App,0.1301794797182083,0.09709004312753677,0.2718030512332916,0.2772161662578583,0.12888066470623016,0.09483056515455246
2024-05-19 23:16:27,8위를 내놔라 병신,대련님이 간다,53,53.0,8위를 내놔라 병신 대련님이 간다,8위를 내놔라 병신 대련님이 간다,0.2105497419834137,0.12509915232658386,0.2164592295885086,0.10656596720218658,0.28647172451019287,0.05485417693853378
2024-05-19 23:16:28,제발 한번만,ㅇ,53,53.0,제발 한번만 ㅇ,제발 한번만 ㅇ,0.09474379569292068,0.10889817029237747,0.21021607518196106,0.15046241879463196,0.37042924761772156,0.06525032967329025
2024-05-19 23:16:30,맞네 막스 깃발 리스크도 있네,십 쫄깃하노 ㅋ,53,53.0,맞네 막스 깃발 리스크도 있네 십 쫄깃하노 ㅋ,맞네 막스 깃발 리스크도 있네 십 쫄깃하노 ㅋ,0.0891043096780777,0.061841268092393875,0.20753060281276703,0.14641296863555908,0.4401969015598297,0.054913900792598724
2024-05-19 23:16:29,오 노리스 3.8초대?????,,53,53.0,오 노리스 3.8초대????? ,오 노리스 3.8초대?????,0.10998734086751938,0.05310002341866493,0.21631088852882385,0.34138238430023193,0.17496292293071747,0.10425637662410736
2024-05-19 23:16:30,노리스 뭐노ㄷㄷㄷㄷㄴ,,53,53.0,노리스 뭐노ㄷㄷㄷㄷㄴ ,노리스 뭐노ㄷㄷㄷㄷㄴ,0.12054892629384995,0.08635511249303818,0.25410816073417664,0.31176313757896423,0.11965814232826233,0.10756655037403107
2024-05-19 23:16:30,신기하네 멕라렌 개빠르노,,53,53.0,신기하네 멕라렌 개빠르노 ,신기하네 멕라렌 개빠르노,0.10040697455406189,0.04378505051136017,0.20204614102840424,0.32917851209640503,0.2273482382297516,0.09723514318466187
2024-05-19 23:16:30,무리스 가자 씨발 ㅋㅋㅋㅋㅋㅋㅋㅋㅋㅋㅋ,- dc official App,53,53.0,무리스 가자 씨발 ㅋㅋㅋㅋㅋㅋㅋㅋㅋㅋㅋ - dc official App,무리스 가자 씨발 ㅋㅋㅋㅋㅋㅋㅋㅋㅋㅋㅋ - dc official App,0.23109892010688782,0.10039167106151581,0.20790770649909973,0.11275546252727509,0.29571184515953064,0.052134376019239426
2024-05-19 23:16:32,랩당 0.5초 뭔데,,53,53.0,랩당 0.5초 뭔데 ,랩당 0.5초 뭔데,0.20221173763275146,0.13711847364902496,0.2813560962677002,0.2132291942834854,0.10049275308847427,0.06559177488088608
2024-05-19 23:16:34,라이브타이밍 보니까 진짜 노리스혼자 0.5초 빠르네,가보자,53,53.0,라이브타이밍 보니까 진짜 노리스혼자 0.5초 빠르네 가보자,라이브타이밍 보니까 진짜 노리스혼자 0.5초 빠르네 가보자,0.06112373620271683,0.029340805485844612,0.17113101482391357,0.18139587342739105,0.5021435022354126,0.05486506596207619
2024-05-19 23:16:36,노리스 보여주나??,오,53,53.0,노리스 보여주나?? 오,노리스 보여주나?? 오,0.0745389461517334,0.04257034882903099,0.21465882658958435,0.21701200306415558,0.3942096531391144,0.05701019987463951
2024-05-19 23:16:37,제발 제발 제바릌ㅋ,"ㅋㅋ
- dc official App",53,53.0,"제발 제발 제바릌ㅋ ㅋㅋ
- dc official App",제발 제발 제바릌ㅋ ㅋㅋ,0.08251498639583588,0.057669296860694885,0.15445688366889954,0.1177988052368164,0.5419079661369324,0.04565203934907913
2024-05-19 23:16:30,아니 갭 왤캐 줄어듬?,,53,53.0,아니 갭 왤캐 줄어듬? ,아니 갭 왤캐 줄어듬?,0.1290016919374466,0.07958351075649261,0.28204745054244995,0.27876609563827515,0.13792933523654938,0.09267184883356094
2024-05-19 23:16:39,페이스 뭐노? ㅋㅋㅋㅋㅋㅋㅋ,,53,53.0,페이스 뭐노? ㅋㅋㅋㅋㅋㅋㅋ ,페이스 뭐노? ㅋㅋㅋㅋㅋㅋㅋ,0.09005206823348999,0.05100075155496597,0.23183999955654144,0.30119702219963074,0.2505483031272888,0.07536186277866364
2024-05-19 23:16:39,맥라렌 젭알...,,53,53.0,맥라렌 젭알... ,맥라렌 젭알...,0.15100115537643433,0.18356889486312866,0.24402303993701935,0.17759184539318085,0.14057305455207825,0.10324200242757797
2024-05-19 23:16:40,랜도 페이스 개좋네 ㄷㄷㄷ,가보자 가보자,53,53.0,랜도 페이스 개좋네 ㄷㄷㄷ 가보자 가보자,랜도 페이스 개좋네 ㄷㄷㄷ 가보자 가보자,0.06015149503946304,0.0340590700507164,0.16005775332450867,0.11830484122037888,0.586972713470459,0.04045412316918373
2024-05-19 23:16:44,벌써 3.6 뭔데,제발,54,54.0,벌써 3.6 뭔데 제발,벌써 3.6 뭔데 제발,0.20314790308475494,0.20485082268714905,0.2565755248069763,0.1608669012784958,0.0963233932852745,0.07823549211025238
2024-05-19 23:16:44,0.5씩 줄이는데?ㅋㅋ,,54,54.0,0.5씩 줄이는데?ㅋㅋ ,0.5씩 줄이는데?ㅋㅋ,0.12483853846788406,0.06450103968381882,0.2654569149017334,0.18869362771511078,0.28726521134376526,0.06924470514059067
2024-05-19 23:16:44,3.5 입갤 ㅋㅋㅋㅋㅋ,,54,54.0,3.5 입갤 ㅋㅋㅋㅋㅋ ,3.5 입갤 ㅋㅋㅋㅋㅋ,0.0868474543094635,0.042144373059272766,0.145565465092659,0.10027467459440231,0.590568482875824,0.03459954634308815
2024-05-19 23:16:44,노리스 가냐?,랩당 0.5ㄷㄷㄷㄷ,54,54.0,노리스 가냐? 랩당 0.5ㄷㄷㄷㄷ,노리스 가냐? 랩당 0.5ㄷㄷㄷㄷ,0.1392519772052765,0.08232268691062927,0.23048466444015503,0.3125266432762146,0.10781937092542648,0.12759463489055634
2024-05-19 23:16:47,노리스 왜 갑자기 빨라지는거임ㅋㅋㅋ,,54,54.0,노리스 왜 갑자기 빨라지는거임ㅋㅋㅋ ,노리스 왜 갑자기 빨라지는거임ㅋㅋㅋ,0.08186826854944229,0.03889211267232895,0.22285260260105133,0.2305685132741928,0.3674112856388092,0.058407191187143326
2024-05-19 23:16:44,씨발 노리스 가자ㅏㅏㅏㅏㅏㅏㅏㅏㅏㅏ,Mclaren F1 team 2007~,54,54.0,씨발 노리스 가자ㅏㅏㅏㅏㅏㅏㅏㅏㅏㅏ Mclaren F1 team 2007~,씨발 노리스 가자ㅏㅏㅏㅏㅏㅏㅏㅏㅏㅏ Mclaren F1 team 2007~,0.06038375571370125,0.03589314967393875,0.10656487941741943,0.07592646032571793,0.6969648003578186,0.0242669228464365
2024-05-19 23:16:48,하지만 저새기 30랩동안 트랙 안나가고 잘 탔는걸,시발,54,54.0,하지만 저새기 30랩동안 트랙 안나가고 잘 탔는걸 시발,하지만 저새기 30랩동안 트랙 안나가고 잘 탔는걸 시발,0.29656264185905457,0.15971671044826508,0.1949283629655838,0.12036435306072235,0.15609261393547058,0.07233525067567825
2024-05-19 23:16:51,노리스 미쳤다ㅋㅋㅋㅋㅋ,ㅋㅋㅋㅋ유관행동ㅋㅋ,54,54.0,노리스 미쳤다ㅋㅋㅋㅋㅋ ㅋㅋㅋㅋ유관행동ㅋㅋ,노리스 미쳤다ㅋㅋㅋㅋㅋ ㅋㅋㅋㅋ유관행동ㅋㅋ,0.05601140856742859,0.03155006840825081,0.12217068672180176,0.08179979771375656,0.6830841302871704,0.025383852422237396
2024-05-19 23:16:54,와 시발 노리스 소리질러~~~~~~~~~~~~~~~~~~~~~~~~~~~,와 시발 노리스 소리질러~~~~~~~~~~~~~~~~~~~~~~~~~~~,54,54.0,와 시발 노리스 소리질러~~~~~~~~~~~~~~~~~~~~~~~~~~~ 와 시발 노리스 소리질러~~~~~~~~~~~~~~~~~~~~~~~~~~~,와 시발 노리스 소리질러~~~~~~~~~~~~~~~~~~~~~~~~~~~ 와 시발 노리스 소리질러~~~~~~~~~~~~~~~~~~~~~~~~~~~,0.10441062599420547,0.045423224568367004,0.1450658142566681,0.0920199602842331,0.5786252617835999,0.03445517644286156
2024-05-19 23:16:56,타이어도 좆됐고 한번 더 나가면 5초인데,사릴 때 됐지ㅋㅋ,54,54.0,타이어도 좆됐고 한번 더 나가면 5초인데 사릴 때 됐지ㅋㅋ,타이어도 좆됐고 한번 더 나가면 5초인데 사릴 때 됐지ㅋㅋ,0.1907293051481247,0.19587180018424988,0.29010793566703796,0.13749204576015472,0.09889096021652222,0.08690793067216873
2024-05-19 23:16:57,첫 우승 이후 연속 폴이면 ㅅㅂㅋㅋ,진짜 혈 뚫나 ㅋㅋ,54,54.0,첫 우승 이후 연속 폴이면 ㅅㅂㅋㅋ 진짜 혈 뚫나 ㅋㅋ,첫 우승 이후 연속 폴이면 ㅅㅂㅋㅋ 진짜 혈 뚫나 ㅋㅋ,0.11563654243946075,0.04732952266931534,0.20455211400985718,0.18851293623447418,0.36466342210769653,0.07930539548397064
2024-05-19 23:16:58,21 캐나가 각이다,몽골 거울치료ㅋㅋㅋㅋ,54,54.0,21 캐나가 각이다 몽골 거울치료ㅋㅋㅋㅋ,21 캐나가 각이다 몽골 거울치료ㅋㅋㅋㅋ,0.09071407467126846,0.03966847434639931,0.16264303028583527,0.1107102707028389,0.5553333759307861,0.04093077778816223
2024-05-19 23:16:57,아니 한랩에 0.5초 줄어들어,진짜 각인가,54,54.0,아니 한랩에 0.5초 줄어들어 진짜 각인가,아니 한랩에 0.5초 줄어들어 진짜 각인가,0.1317000687122345,0.0786295011639595,0.24036210775375366,0.29873573780059814,0.11822666227817535,0.13234592974185944
2024-05-19 23:16:58,흥민이의 기운은 완전히 사라졌구나..,대단한 친구.,54,54.0,흥민이의 기운은 완전히 사라졌구나.. 대단한 친구.,흥민이의 기운은 완전히 사라졌구나.. 대단한 친구.,0.10016320645809174,0.0782976895570755,0.23076820373535156,0.25407838821411133,0.22098417580127716,0.1157083734869957
2024-05-19 23:16:58,시발노리스가냐?,,54,54.0,시발노리스가냐? ,시발노리스가냐?,0.3017328083515167,0.16042350232601166,0.23222245275974274,0.1428770273923874,0.11657776683568954,0.046166375279426575
2024-05-19 23:16:59,막스 이놈 ! ! 40랩 편했으면 이제 내려와야지 ㅇㅇ,ㅇㅇ,54,54.0,막스 이놈 ! ! 40랩 편했으면 이제 내려와야지 ㅇㅇ ㅇㅇ,막스 이놈 ! ! 40랩 편했으면 이제 내려와야지 ㅇㅇ ㅇㅇ,0.19167445600032806,0.10852259397506714,0.2694090008735657,0.1641213446855545,0.1835136115550995,0.08275896310806274
2024-05-19 23:16:59,아 알본 리타..,,54,54.0,아 알본 리타.. ,아 알본 리타..,0.12732000648975372,0.12176424264907837,0.32481110095977783,0.13424862921237946,0.22162353992462158,0.07023249566555023
2024-05-19 23:17:00,막스-노리스 갭 3초 붕괴,"ㄷㄷ
- dc official App",54,54.0,"막스-노리스 갭 3초 붕괴 ㄷㄷ
- dc official App",막스-노리스 갭 3초 붕괴 ㄷㄷ,0.11892474442720413,0.06471839547157288,0.21641267836093903,0.33643460273742676,0.15337598323822021,0.11013353615999222
2024-05-19 23:17:01,노리스가 어뢰하면 되죠,,54,54.0,노리스가 어뢰하면 되죠 ,노리스가 어뢰하면 되죠,0.10477757453918457,0.0723571851849556,0.2065143883228302,0.3105465769767761,0.23090367019176483,0.0749005526304245
2024-05-19 23:17:02,이거 노리스 2연 우승 가냐 진짜?,"라고 근들갑 존나 떨다 또 실망하겠지 ㅅㅂ
- dc official App",54,54.0,"이거 노리스 2연 우승 가냐 진짜? 라고 근들갑 존나 떨다 또 실망하겠지 ㅅㅂ
- dc official App",이거 노리스 2연 우승 가냐 진짜? 라고 근들갑 존나 떨다 또 실망하겠지 ㅅㅂ,0.16206853091716766,0.20688378810882568,0.26491469144821167,0.22300921380519867,0.0750681459903717,0.06805557757616043
2024-05-19 23:17:03,노리스 오늘도 가냐?,드가자~~,54,54.0,노리스 오늘도 가냐? 드가자~~,노리스 오늘도 가냐? 드가자~~,0.05807831510901451,0.0395607091486454,0.13658475875854492,0.08757415413856506,0.6456415057182312,0.0325605571269989
2024-05-19 23:17:03,알본 빠이,,54,54.0,알본 빠이 ,알본 빠이,0.15571469068527222,0.12956856191158295,0.277811735868454,0.15931791067123413,0.1978299915790558,0.07975706458091736
2024-05-19 23:17:04,알본 기습 리타 ㅋㅋ,,54,54.0,알본 기습 리타 ㅋㅋ ,알본 기습 리타 ㅋㅋ,0.061216194182634354,0.031869806349277496,0.11501085013151169,0.08296137303113937,0.682887852191925,0.02605394460260868
2024-05-19 23:17:04,와 시발 노리스 날아가냐 무슨,,54,54.0,와 시발 노리스 날아가냐 무슨 ,와 시발 노리스 날아가냐 무슨,0.23172837495803833,0.1456373780965805,0.2147829532623291,0.20175954699516296,0.1125621348619461,0.09352969378232956
2024-05-19 23:17:05,윌 개뜬금 리타 ㅋㅋ,,54,54.0,윌 개뜬금 리타 ㅋㅋ ,윌 개뜬금 리타 ㅋㅋ,0.1209554523229599,0.05732522904872894,0.25962936878204346,0.22962121665477753,0.2799057960510254,0.05256297066807747
2024-05-19 23:17:06,노리스 미친놈이냐?,- dc official App,54,54.0,노리스 미친놈이냐? - dc official App,노리스 미친놈이냐? - dc official App,0.2234664410352707,0.10191373527050018,0.19168713688850403,0.2769056558609009,0.11909279972314835,0.0869341716170311
2024-05-19 23:17:07,이게머야ㅋㅋㅋ 게임임?,개빠르넼ㅋ,54,54.0,이게머야ㅋㅋㅋ 게임임? 개빠르넼ㅋ,이게머야ㅋㅋㅋ 게임임? 개빠르넼ㅋ,0.08217141777276993,0.03770020976662636,0.22749048471450806,0.23200146853923798,0.35845643281936646,0.06217992678284645
2024-05-19 23:17:08,제발 노리스 형,가자,54,54.0,제발 노리스 형 가자,제발 노리스 형 가자,0.08509469032287598,0.08616478741168976,0.17913095653057098,0.14289811253547668,0.43899795413017273,0.06771349161863327
2024-05-19 23:17:10,알본 리타이어 ㅋㅋㅋ,,54,54.0,알본 리타이어 ㅋㅋㅋ ,알본 리타이어 ㅋㅋㅋ,0.08139796555042267,0.039486296474933624,0.13860341906547546,0.10872334241867065,0.5975438952445984,0.03424500301480293
2024-05-19 23:17:11,알바오야 가지마 ㅠㅠㅠㅠ,,54,54.0,알바오야 가지마 ㅠㅠㅠㅠ ,알바오야 가지마 ㅠㅠㅠㅠ,0.1317683458328247,0.16868020594120026,0.2655302584171295,0.19516408443450928,0.1474197804927826,0.09143731743097305
2024-05-19 23:17:14,어 되겠네 이거,유관 월챔 가자 ㅋㅋㅋㅋㅋ,54,54.0,어 되겠네 이거 유관 월챔 가자 ㅋㅋㅋㅋㅋ,어 되겠네 이거 유관 월챔 가자 ㅋㅋㅋㅋㅋ,0.06069989874958992,0.034261688590049744,0.1361483782529831,0.09658357501029968,0.6402184963226318,0.032087936997413635
2024-05-19 23:17:16,0.4~0.5 초씩 줄어드네 ?¿?¿?,,54,54.0,0.4~0.5 초씩 줄어드네 ?¿?¿? ,0.4~0.5 초씩 줄어드네 ?¿?¿?,0.12796138226985931,0.07712581008672714,0.2251114696264267,0.3184781074523926,0.13757188618183136,0.11375126987695694
2024-05-19 23:17:17,5랩입갤 ㅋㅋㅋㅋㅋ,,54,54.0,5랩입갤 ㅋㅋㅋㅋㅋ ,5랩입갤 ㅋㅋㅋㅋㅋ,0.06304852664470673,0.030893739312887192,0.11701379716396332,0.0906439796090126,0.6698867082595825,0.02851318009197712
2024-05-19 23:17:19,알바오 리타 ㅠㅠ,ㅠㅠ,54,54.0,알바오 리타 ㅠㅠ ㅠㅠ,알바오 리타 ㅠㅠ ㅠㅠ,0.15321971476078033,0.22928717732429504,0.2637856602668762,0.14251574873924255,0.1420949250459671,0.06909680366516113
2024-05-19 23:17:11,딱 구도가 슈마허 vs 세나 느낌인데 가자 ㅋㅋ,,54,54.0,딱 구도가 슈마허 vs 세나 느낌인데 가자 ㅋㅋ ,딱 구도가 슈마허 vs 세나 느낌인데 가자 ㅋㅋ,0.07682127505540848,0.04126780107617378,0.15742357075214386,0.13726218044757843,0.5470893383026123,0.04013584181666374
2024-05-19 23:17:19,몽골 잡힌디 2초대 입갤!!!,ㄱㄱㄱㄱㄱ,54,54.0,몽골 잡힌디 2초대 입갤!!! ㄱㄱㄱㄱㄱ,몽골 잡힌디 2초대 입갤!!! ㄱㄱㄱㄱㄱ,0.05415325611829758,0.0333898589015007,0.11021352559328079,0.07366405427455902,0.7011511921882629,0.027428150177001953
2024-05-19 23:17:21,"누리스가 섹터 1, 3에서 미쳐날뛰네",개빨리 좁히는데,54,54.0,"누리스가 섹터 1, 3에서 미쳐날뛰네 개빨리 좁히는데","누리스가 섹터 1, 3에서 미쳐날뛰네 개빨리 좁히는데",0.11890764534473419,0.04794997349381447,0.21660426259040833,0.33191409707069397,0.16371989250183105,0.12090417742729187
2024-05-19 23:17:21,슬슬 재밌으면 개츄 ㅋㅋㅋㅋㅋ,몽골제발망해,54,54.0,슬슬 재밌으면 개츄 ㅋㅋㅋㅋㅋ 몽골제발망해,슬슬 재밌으면 개츄 ㅋㅋㅋㅋㅋ 몽골제발망해,0.1037726104259491,0.07612021267414093,0.14982111752033234,0.10262008756399155,0.5172792673110962,0.0503867082297802
2024-05-19 23:17:21,2초대 입갤 직전 ㅋㅋㅋㅋㅋㅋ,,54,54.0,2초대 입갤 직전 ㅋㅋㅋㅋㅋㅋ ,2초대 입갤 직전 ㅋㅋㅋㅋㅋㅋ,0.06528766453266144,0.036768700927495956,0.1313343495130539,0.0943792536854744,0.639960527420044,0.032269492745399475
2024-05-19 23:17:23,와 2초댜 들어가겠노 ㅋㅋㅋㅋ,무ㅝㄴ데,54,54.0,와 2초댜 들어가겠노 ㅋㅋㅋㅋ 무ㅝㄴ데,와 2초댜 들어가겠노 ㅋㅋㅋㅋ 무ㅝㄴ데,0.09702169895172119,0.04125744104385376,0.22570595145225525,0.3022878170013428,0.22320079803466797,0.11052627861499786
2024-05-19 23:17:24,따라가긴 할 거 같은데 추월이 되려나,엄,54,54.0,따라가긴 할 거 같은데 추월이 되려나 엄,따라가긴 할 거 같은데 추월이 되려나 엄,0.10411915183067322,0.107587069272995,0.2678864002227783,0.30639252066612244,0.12953275442123413,0.08448212593793869
2024-05-19 23:17:24,와 3.1 입갤ㅋㅋ,ㅋㅋ,54,54.0,와 3.1 입갤ㅋㅋ ㅋㅋ,와 3.1 입갤ㅋㅋ ㅋㅋ,0.05531913787126541,0.02928125485777855,0.11885887384414673,0.09840603172779083,0.6687015295028687,0.029433192685246468
2024-05-19 23:17:25,가자 ㅋㅋㅋㅋㅋㅋ,,54,54.0,가자 ㅋㅋㅋㅋㅋㅋ ,가자 ㅋㅋㅋㅋㅋㅋ,0.05912313610315323,0.034361738711595535,0.11305524408817291,0.06937717646360397,0.6993911862373352,0.02469153143465519
2024-05-19 23:17:24,갑자기 재밌어지네,"쫄깃하노
- dc official App",54,54.0,"갑자기 재밌어지네 쫄깃하노
- dc official App",갑자기 재밌어지네 쫄깃하노,0.05920839682221413,0.03595937788486481,0.14207811653614044,0.0916217640042305,0.6445293426513672,0.026602964848279953
2024-05-19 23:17:26,어어 2초대!!,설마!,54,54.0,어어 2초대!! 설마!,어어 2초대!! 설마!,0.11221371591091156,0.057173341512680054,0.22140195965766907,0.3215472400188446,0.17719289660453796,0.11047089099884033
2024-05-19 23:17:26,노잼 레이스였다가 갑자기 존잼ㅋㅋㅋㅋㅋ,,54,54.0,노잼 레이스였다가 갑자기 존잼ㅋㅋㅋㅋㅋ ,노잼 레이스였다가 갑자기 존잼ㅋㅋㅋㅋㅋ,0.1084565669298172,0.0548485666513443,0.20194195210933685,0.1304117739200592,0.4628274142742157,0.04151375964283943
2024-05-19 23:17:27,시나리오 7 ㄷㄷㄷ,가자,54,54.0,시나리오 7 ㄷㄷㄷ 가자,시나리오 7 ㄷㄷㄷ 가자,0.06409906595945358,0.033582862466573715,0.1738349199295044,0.15877550840377808,0.5217368006706238,0.04797082766890526
2024-05-19 23:17:27,노리스 가냐?,,54,54.0,노리스 가냐? ,노리스 가냐?,0.08450327813625336,0.050613828003406525,0.21892477571964264,0.26109111309051514,0.31390488147735596,0.07096215337514877
2024-05-19 23:17:27,랩당 0.5초를 줄였노 ㅅㅂㅌㅋㅋㅋㅋㅋㅋㅋㅋㅋ,,54,54.0,랩당 0.5초를 줄였노 ㅅㅂㅌㅋㅋㅋㅋㅋㅋㅋㅋㅋ ,랩당 0.5초를 줄였노 ㅅㅂㅌㅋㅋㅋㅋㅋㅋㅋㅋㅋ,0.21392372250556946,0.10197857022285461,0.28506043553352356,0.1753641963005066,0.13463404774665833,0.08903901278972626
2024-05-19 23:17:29,윌바오야 가지마 ㅜㅜㅜㅜㅜ,,54,54.0,윌바오야 가지마 ㅜㅜㅜㅜㅜ ,윌바오야 가지마 ㅜㅜㅜㅜㅜ,0.12543745338916779,0.16004855930805206,0.25957173109054565,0.2029367834329605,0.16627877950668335,0.08572670817375183
2024-05-19 23:17:30,어어,ㅋㅋㅋㅋㅋㅋㅋㅋ,54,54.0,어어 ㅋㅋㅋㅋㅋㅋㅋㅋ,어어 ㅋㅋㅋㅋㅋㅋㅋㅋ,0.06309493631124496,0.030565395951271057,0.14816688001155853,0.11688847839832306,0.6115418076515198,0.02974257804453373
2024-05-19 23:17:31,노리스 괴물이네 우승 흐름 탔냐?,"진짜 어마무시하다
- dc official App",54,54.0,"노리스 괴물이네 우승 흐름 탔냐? 진짜 어마무시하다
- dc official App",노리스 괴물이네 우승 흐름 탔냐? 진짜 어마무시하다,0.11476282775402069,0.046846166253089905,0.19218239188194275,0.3373925983905792,0.1855991631746292,0.12321684509515762
2024-05-19 23:17:32,갑자기 꿀잼각 보이노 ㅋㅋㅋㅋ,,54,54.0,갑자기 꿀잼각 보이노 ㅋㅋㅋㅋ ,갑자기 꿀잼각 보이노 ㅋㅋㅋㅋ,0.05559077858924866,0.037061698734760284,0.11060404777526855,0.07972586899995804,0.687443196773529,0.029574373736977577
2024-05-19 23:17:33,막스 차에 뭐 문제생겼냐? 뭐임???,,54,54.0,막스 차에 뭐 문제생겼냐? 뭐임??? ,막스 차에 뭐 문제생겼냐? 뭐임???,0.12195367366075516,0.08943995088338852,0.242239847779274,0.3321176767349243,0.11862186342477798,0.09562697261571884
2024-05-19 23:17:33,진짜 따라잡겠는데,,54,54.0,진짜 따라잡겠는데 ,진짜 따라잡겠는데,0.09447850286960602,0.04258118197321892,0.21218807995319366,0.32297658920288086,0.23031900823116302,0.09745660424232483
2024-05-19 23:17:35,2초대 입갤ㅋㅋ,,54,54.0,2초대 입갤ㅋㅋ ,2초대 입갤ㅋㅋ,0.06840010732412338,0.03796957805752754,0.12540195882320404,0.09492913633584976,0.640921413898468,0.03237782418727875
2024-05-19 23:17:36,노리스 뭐냐 누구냐 너?,우승 맛보니까 못 끊겠지?,54,54.0,노리스 뭐냐 누구냐 너? 우승 맛보니까 못 끊겠지?,노리스 뭐냐 누구냐 너? 우승 맛보니까 못 끊겠지?,0.1773415058851242,0.0784246027469635,0.19617970287799835,0.3153771758079529,0.09360652416944504,0.1390705406665802
2024-05-19 23:17:37,노리스 뭐 지금까지 샌드배깅 했던거냐?,갑자기 갭차이 뭐냐?ㅋㅋㅋㅋㅋㅋㅋㅋㅋㅋㅋㅋㅋㅋㅋㅋㅋㅋ,54,54.0,노리스 뭐 지금까지 샌드배깅 했던거냐? 갑자기 갭차이 뭐냐?ㅋㅋㅋㅋㅋㅋㅋㅋㅋㅋㅋㅋㅋㅋㅋㅋㅋㅋ,노리스 뭐 지금까지 샌드배깅 했던거냐? 갑자기 갭차이 뭐냐?ㅋㅋㅋㅋㅋㅋㅋㅋㅋㅋㅋㅋㅋㅋㅋㅋㅋㅋ,0.14693360030651093,0.07851986587047577,0.2579587697982788,0.29335376620292664,0.12479497492313385,0.09843900799751282
2024-05-19 23:17:38,랜도 부스터 켰노 ㅋㅋㅋㅋㅋㅋㅋㅋ,개빠르네 ㅋㅋㅋㅋㅋㅋ,54,54.0,랜도 부스터 켰노 ㅋㅋㅋㅋㅋㅋㅋㅋ 개빠르네 ㅋㅋㅋㅋㅋㅋ,랜도 부스터 켰노 ㅋㅋㅋㅋㅋㅋㅋㅋ 개빠르네 ㅋㅋㅋㅋㅋㅋ,0.07996155321598053,0.035930436104536057,0.19185484945774078,0.21935540437698364,0.41133248805999756,0.06156529486179352
2024-05-19 23:17:39,대란도 우승가즈아,즈아,54,54.0,대란도 우승가즈아 즈아,대란도 우승가즈아 즈아,0.05917004868388176,0.03769086301326752,0.12733379006385803,0.08466939628124237,0.6573571562767029,0.03377877548336983
2024-05-19 23:17:39,누리스 저번부터 폼 돌았노ㅋㅋ,ㅋㅋㅋ,54,54.0,누리스 저번부터 폼 돌았노ㅋㅋ ㅋㅋㅋ,누리스 저번부터 폼 돌았노ㅋㅋ ㅋㅋㅋ,0.05896768346428871,0.032126039266586304,0.15574054419994354,0.11679384857416153,0.5985046625137329,0.037867188453674316
2024-05-19 23:17:41,제발 가자 랜도야 제발,ㅇ,54,54.0,제발 가자 랜도야 제발 ㅇ,제발 가자 랜도야 제발 ㅇ,0.07709141075611115,0.07261934876441956,0.16181081533432007,0.1193925216794014,0.5146912336349487,0.05439463630318642
2024-05-19 23:17:42,가보자고ㄱㄱㄱㄱㄱㄱ,ㅋㅋㅋㅋㅋ,54,54.0,가보자고ㄱㄱㄱㄱㄱㄱ ㅋㅋㅋㅋㅋ,가보자고ㄱㄱㄱㄱㄱㄱ ㅋㅋㅋㅋㅋ,0.06146971136331558,0.035536106675863266,0.1110001727938652,0.07687051594257355,0.6898824572563171,0.02524106577038765
2024-05-19 23:17:43,막판에 갑자기 흥미진진해지네 ㅋㅋㅋㅋ,과연ㅋㅋㅋ,54,54.0,막판에 갑자기 흥미진진해지네 ㅋㅋㅋㅋ 과연ㅋㅋㅋ,막판에 갑자기 흥미진진해지네 ㅋㅋㅋㅋ 과연ㅋㅋㅋ,0.07393144816160202,0.03659236058592796,0.1827310025691986,0.15572108328342438,0.5102803707122803,0.04074374586343765
2024-05-19 23:17:44,이걸 진짜 따나?,오,54,54.0,이걸 진짜 따나? 오,이걸 진짜 따나? 오,0.10577664524316788,0.04853450506925583,0.22242313623428345,0.3230467736721039,0.19841989874839783,0.10179899632930756
2024-05-19 23:17:45,페이스 ㅅㅂ 미쳤는데? ㅋㅋ,,54,54.0,페이스 ㅅㅂ 미쳤는데? ㅋㅋ ,페이스 ㅅㅂ 미쳤는데? ㅋㅋ,0.10442741960287094,0.04529525712132454,0.19438296556472778,0.24872680008411407,0.3313112258911133,0.07585635036230087
2024-05-19 23:17:45,노리스 가즈아 ㅋㅋㅋ,"ㅋㅋㅋ
- dc official App",54,54.0,"노리스 가즈아 ㅋㅋㅋ ㅋㅋㅋ
- dc official App",노리스 가즈아 ㅋㅋㅋ ㅋㅋㅋ,0.0585455484688282,0.03466383367776871,0.11025150120258331,0.06812117993831635,0.7050641775131226,0.023353828117251396
2024-05-19 23:17:47,무관의설욕 ㅅㅂㅋㅋㅋㅋㅋ,,54,54.0,무관의설욕 ㅅㅂㅋㅋㅋㅋㅋ ,무관의설욕 ㅅㅂㅋㅋㅋㅋㅋ,0.24250994622707367,0.0980546772480011,0.24579249322414398,0.18030472099781036,0.15273383259773254,0.08060437440872192
2024-05-19 23:17:48,2.6 시발 섹스 ㅋㅋㅋㅋ,,54,54.0,2.6 시발 섹스 ㅋㅋㅋㅋ ,2.6 시발 섹스 ㅋㅋㅋㅋ,0.29593661427497864,0.13794037699699402,0.2210896611213684,0.1503349393606186,0.12683400511741638,0.06786444038152695
2024-05-19 23:17:50,와 진짜 따라잡겟는데,타이어가 진짜 ㅂㅅ되긴 햇나보네,54,54.0,와 진짜 따라잡겟는데 타이어가 진짜 ㅂㅅ되긴 햇나보네,와 진짜 따라잡겟는데 타이어가 진짜 ㅂㅅ되긴 햇나보네,0.13066287338733673,0.07118456065654755,0.22340011596679688,0.32703691720962524,0.11193979531526566,0.13577575981616974
2024-05-19 23:17:53,노리스 연승 드가냐?,설마,54,54.0,노리스 연승 드가냐? 설마,노리스 연승 드가냐? 설마,0.08903814852237701,0.05302156135439873,0.2160901427268982,0.3159710168838501,0.2346922755241394,0.09118682891130447
2024-05-19 23:17:54,보인다 ㅋㅋㅋㅋㅋㅋㅋ,,54,54.0,보인다 ㅋㅋㅋㅋㅋㅋㅋ ,보인다 ㅋㅋㅋㅋㅋㅋㅋ,0.05503043904900551,0.03127913177013397,0.11492753028869629,0.08052368462085724,0.6937286853790283,0.024510562419891357
2024-05-19 23:17:55,야야 자는애들 깨워봐ㅋㅋㅋㅋ,개꿀잼 입갤ㅋㅋㅋㅋ,54,54.0,야야 자는애들 깨워봐ㅋㅋㅋㅋ 개꿀잼 입갤ㅋㅋㅋㅋ,야야 자는애들 깨워봐ㅋㅋㅋㅋ 개꿀잼 입갤ㅋㅋㅋㅋ,0.0572061613202095,0.03596489876508713,0.11200860142707825,0.06943091005086899,0.6993116140365601,0.026077792048454285
2024-05-19 23:17:55,저새끼 뭐임 배터리 쓴거임?? 뭐냐,,54,54.0,저새끼 뭐임 배터리 쓴거임?? 뭐냐 ,저새끼 뭐임 배터리 쓴거임?? 뭐냐,0.18014390766620636,0.12935610115528107,0.23903222382068634,0.2739626169204712,0.0944080799818039,0.08309708535671234
2024-05-19 23:17:57,노리스 몸에서 나가 이 악령아!,ㅋㅋ,54,54.0,노리스 몸에서 나가 이 악령아! ㅋㅋ,노리스 몸에서 나가 이 악령아! ㅋㅋ,0.29469984769821167,0.1181102991104126,0.18681125342845917,0.14000697433948517,0.19459673762321472,0.0657748281955719
2024-05-19 23:17:57,와 2.5초 ㄷㄷㄷㄷㄷ,,54,54.0,와 2.5초 ㄷㄷㄷㄷㄷ ,와 2.5초 ㄷㄷㄷㄷㄷ,0.12266732007265091,0.05367136374115944,0.20238709449768066,0.3403465151786804,0.16723398864269257,0.11369366198778152
2024-05-19 23:17:57,몽골 개차빨챔 오늘 다 드러나노 ㅋㅋ,ㅋㅋㅋㅋㅋㅋㅋㅋ,54,54.0,몽골 개차빨챔 오늘 다 드러나노 ㅋㅋ ㅋㅋㅋㅋㅋㅋㅋㅋ,몽골 개차빨챔 오늘 다 드러나노 ㅋㅋ ㅋㅋㅋㅋㅋㅋㅋㅋ,0.08851306140422821,0.03983905911445618,0.16583780944347382,0.12457863241434097,0.5381152033805847,0.04311621934175491
2024-05-19 23:17:58,유리스 달려!!,폴가자잇,54,54.0,유리스 달려!! 폴가자잇,유리스 달려!! 폴가자잇,0.05857522413134575,0.039073605090379715,0.11695075035095215,0.07545185834169388,0.6789502501487732,0.0309982318431139
2024-05-19 23:18:01,노리스 제발 가자 노리스 ㅠㅠ,ㅠㅠ,54,54.0,노리스 제발 가자 노리스 ㅠㅠ ㅠㅠ,노리스 제발 가자 노리스 ㅠㅠ ㅠㅠ,0.11470876634120941,0.14896461367607117,0.20359641313552856,0.1394118070602417,0.3201700747013092,0.07314825803041458
2024-05-19 23:18:03,0.1초씩 주는데????????,ㄷㄱㅈ~~~~~~~~~~,54,54.0,0.1초씩 주는데???????? ㄷㄱㅈ~~~~~~~~~~,0.1초씩 주는데???????? ㄷㄱㅈ~~~~~~~~~~,0.11278370767831802,0.062243275344371796,0.29023659229278564,0.22291336953639984,0.20129811763763428,0.11052494496107101
2024-05-19 23:18:03,몽골련 제발 실수 한번만 한번만,- dc official App,54,54.0,몽골련 제발 실수 한번만 한번만 - dc official App,몽골련 제발 실수 한번만 한번만 - dc official App,0.18320657312870026,0.12291699647903442,0.2067771852016449,0.2227216362953186,0.14569607377052307,0.11868156492710114
2024-05-19 23:18:04,알바오 탈갤 ㅋㅋㅋㅋㅋㅋㅋㅋ,ㅋㅋㅋㅋㅋ,54,54.0,알바오 탈갤 ㅋㅋㅋㅋㅋㅋㅋㅋ ㅋㅋㅋㅋㅋ,알바오 탈갤 ㅋㅋㅋㅋㅋㅋㅋㅋ ㅋㅋㅋㅋㅋ,0.16168521344661713,0.07171498239040375,0.29426106810569763,0.13539078831672668,0.279819518327713,0.057128433138132095
2024-05-19 23:18:05,2.3!!!!,,55,55.0,2.3!!!! ,2.3!!!!,0.07666652649641037,0.04854697734117508,0.14409489929676056,0.1022925153374672,0.5945373773574829,0.03386171534657478
2024-05-19 23:18:06,르끌이 안미끄러졌다면 저기에 꼽꼈을까..씨발,"아오..
- dc official App",55,55.0,"르끌이 안미끄러졌다면 저기에 꼽꼈을까..씨발 아오..
- dc official App",르끌이 안미끄러졌다면 저기에 꼽꼈을까..씨발 아오..,0.2868979871273041,0.2226511538028717,0.21412424743175507,0.11579080671072006,0.11219222843647003,0.04834359884262085
2024-05-19 23:18:07,개빠른데???,뭐냐,55,55.0,개빠른데??? 뭐냐,개빠른데??? 뭐냐,0.13041695952415466,0.08513391762971878,0.26620540022850037,0.3049367070198059,0.11520218849182129,0.09810484200716019
2024-05-19 23:18:08,내 몸에서 나가 동양인!,- dc official App,55,55.0,내 몸에서 나가 동양인! - dc official App,내 몸에서 나가 동양인! - dc official App,0.13909678161144257,0.11952067166566849,0.26089048385620117,0.17556624114513397,0.22105543315410614,0.08387037366628647
2024-05-19 23:18:09,와 탈흥민 하니까 유관기운 개쩌네,누리스 힘내,55,55.0,와 탈흥민 하니까 유관기운 개쩌네 누리스 힘내,와 탈흥민 하니까 유관기운 개쩌네 누리스 힘내,0.0613875612616539,0.03899236395955086,0.16558195650577545,0.13517367839813232,0.5387952923774719,0.06006912142038345
2024-05-19 23:18:10,누리스가 지금 모든 섹터에서 막스보다 빠름,ㅁㅊ,55,55.0,누리스가 지금 모든 섹터에서 막스보다 빠름 ㅁㅊ,누리스가 지금 모든 섹터에서 막스보다 빠름 ㅁㅊ,0.11623317748308182,0.04518115147948265,0.19488535821437836,0.31664231419563293,0.2149726301431656,0.11208538711071014
2024-05-19 23:18:10,와 왜케 빠르냐ㅋㅋㅋㅋ,,55,55.0,와 왜케 빠르냐ㅋㅋㅋㅋ ,와 왜케 빠르냐ㅋㅋㅋㅋ,0.0855216458439827,0.03979850187897682,0.20319414138793945,0.22490288317203522,0.38372835516929626,0.06285448372364044
2024-05-19 23:18:11,옛날 이몰라였으면 저렇게 따라와도 추월 못했지ㅋㅋ,,55,55.0,옛날 이몰라였으면 저렇게 따라와도 추월 못했지ㅋㅋ ,옛날 이몰라였으면 저렇게 따라와도 추월 못했지ㅋㅋ,0.14535437524318695,0.06142662465572357,0.2673807442188263,0.275936484336853,0.12240540236234665,0.1274963766336441
2024-05-19 23:18:12,제발 노리스 가자,ㄷㄱㅈ,55,55.0,제발 노리스 가자 ㄷㄱㅈ,제발 노리스 가자 ㄷㄱㅈ,0.1236422061920166,0.11460734158754349,0.21624162793159485,0.1159665584564209,0.3677574396133423,0.061784882098436356
2024-05-19 23:18:14,와 씨발 꿀잼은 다 황라렌이 만드노 ㅋㅋㅋ,"ㅋㅋㅋㅋ 선생님들 믿습니다
- dc official App",55,55.0,"와 씨발 꿀잼은 다 황라렌이 만드노 ㅋㅋㅋ ㅋㅋㅋㅋ 선생님들 믿습니다
- dc official App",와 씨발 꿀잼은 다 황라렌이 만드노 ㅋㅋㅋ ㅋㅋㅋㅋ 선생님들 믿습니다,0.05422012135386467,0.03934241831302643,0.12369360774755478,0.06390290707349777,0.6895222067832947,0.029318761080503464
2024-05-19 23:18:14,노리스 연승 가나 진짜,,55,55.0,노리스 연승 가나 진짜 ,노리스 연승 가나 진짜,0.05090231075882912,0.03575389087200165,0.1086263656616211,0.06397639214992523,0.7160207033157349,0.024720368906855583
2024-05-19 23:18:15,차에 로켓 달았냐ㅋㅋㅋㅋㅋ,ㅋㅋㅋ,55,55.0,차에 로켓 달았냐ㅋㅋㅋㅋㅋ ㅋㅋㅋ,차에 로켓 달았냐ㅋㅋㅋㅋㅋ ㅋㅋㅋ,0.08750494569540024,0.03591533005237579,0.19456073641777039,0.15995748341083527,0.47624072432518005,0.04582078754901886
2024-05-19 23:18:16,곧 1초대 입갤 예정 ㅅㅅㅅㅅㅅㅅ,제발,55,55.0,곧 1초대 입갤 예정 ㅅㅅㅅㅅㅅㅅ 제발,곧 1초대 입갤 예정 ㅅㅅㅅㅅㅅㅅ 제발,0.059806838631629944,0.041284918785095215,0.1262950748205185,0.07742773741483688,0.6614329814910889,0.033752501010894775
2024-05-19 23:18:16,저게 말이 되는거야?,타이어가 타이어가,55,55.0,저게 말이 되는거야? 타이어가 타이어가,저게 말이 되는거야? 타이어가 타이어가,0.1789405196905136,0.13422992825508118,0.22958457469940186,0.26334673166275024,0.10428529232740402,0.08961296826601028
2024-05-19 23:18:20,쥬지 패랩 잘했어,쥬지,55,55.0,쥬지 패랩 잘했어 쥬지,쥬지 패랩 잘했어 쥬지,0.053212691098451614,0.045277051627635956,0.11554578691720963,0.05964438244700432,0.7000550627708435,0.02626504749059677
2024-05-19 23:18:21,오늘 노리스가 우승하면 페레즈 드챔 4위임 ㅋㅋ,,55,55.0,오늘 노리스가 우승하면 페레즈 드챔 4위임 ㅋㅋ ,오늘 노리스가 우승하면 페레즈 드챔 4위임 ㅋㅋ,0.07391548901796341,0.034233395010232925,0.13932232558727264,0.09625020623207092,0.6235400438308716,0.032738469541072845
2024-05-19 23:18:22,존나 졸고있었는데 갑자기 꿀잼이네?,어어..?,55,55.0,존나 졸고있었는데 갑자기 꿀잼이네? 어어..?,존나 졸고있었는데 갑자기 꿀잼이네? 어어..?,0.060880932956933975,0.039941903203725815,0.15045924484729767,0.08824079483747482,0.6312035322189331,0.02927362360060215
2024-05-19 23:18:23,누리스<-내가알던 잼민이가 아니야,ㄷㄷ,55,55.0,누리스<-내가알던 잼민이가 아니야 ㄷㄷ,누리스<-내가알던 잼민이가 아니야 ㄷㄷ,0.1288665235042572,0.06225467473268509,0.20746786892414093,0.33198481798171997,0.13937893509864807,0.13004715740680695
2024-05-19 23:18:26,뭐야 할일 하다 왔는데 유ㅐ 2초대임??????,,55,55.0,뭐야 할일 하다 왔는데 유ㅐ 2초대임?????? ,뭐야 할일 하다 왔는데 유ㅐ 2초대임??????,0.1620587408542633,0.15008366107940674,0.3498627245426178,0.16865427792072296,0.09631238877773285,0.07302815467119217
2024-05-19 23:18:27,쥬지 패랩ㅋㅋㅋ,,55,55.0,쥬지 패랩ㅋㅋㅋ ,쥬지 패랩ㅋㅋㅋ,0.059666186571121216,0.029810424894094467,0.11520738899707794,0.08752325922250748,0.6824588775634766,0.025333821773529053
2024-05-19 23:18:27,흥민행동 한번만 해주라 유리스야..,- dc official App,55,55.0,흥민행동 한번만 해주라 유리스야.. - dc official App,흥민행동 한번만 해주라 유리스야.. - dc official App,0.06895513832569122,0.05275857448577881,0.16581661999225616,0.12729445099830627,0.5243364572525024,0.06083882227540016
2024-05-19 23:18:30,막가놈 강점기 끝났노ㅋㅋㅋㅋ,딱좋타ㅋㅋㅋ,55,55.0,막가놈 강점기 끝났노ㅋㅋㅋㅋ 딱좋타ㅋㅋㅋ,막가놈 강점기 끝났노ㅋㅋㅋㅋ 딱좋타ㅋㅋㅋ,0.06647919118404388,0.05102017894387245,0.10950778424739838,0.05692712590098381,0.69124835729599,0.024817313998937607
2024-05-19 23:18:31,노리스 보여주나 진짜??,2.3초라니 와,55,55.0,노리스 보여주나 진짜?? 2.3초라니 와,노리스 보여주나 진짜?? 2.3초라니 와,0.11759226024150848,0.05401024967432022,0.21604570746421814,0.32497766613960266,0.16574625670909882,0.12162782996892929
2024-05-19 23:18:40,막스 똥줄 ㅋㅋ,,55,55.0,막스 똥줄 ㅋㅋ ,막스 똥줄 ㅋㅋ,0.11205564439296722,0.050315700471401215,0.24058248102664948,0.17943373322486877,0.3565751016139984,0.06103738397359848
2024-05-19 23:18:41,햄밑막 ㅋㅋ,,55,55.0,햄밑막 ㅋㅋ ,햄밑막 ㅋㅋ,0.05444300174713135,0.033654410392045975,0.111805759370327,0.06749832630157471,0.7096060514450073,0.02299235202372074
2024-05-19 23:18:42,생각보다 존나 빨리 줄어드네 ㄷㄷㄷㄷㄷ,진짜 큰거 오나,55,55.0,생각보다 존나 빨리 줄어드네 ㄷㄷㄷㄷㄷ 진짜 큰거 오나,생각보다 존나 빨리 줄어드네 ㄷㄷㄷㄷㄷ 진짜 큰거 오나,0.11465142667293549,0.06569624692201614,0.21154223382472992,0.3279597759246826,0.15787920355796814,0.12227112799882889
2024-05-19 23:18:44,막스 우승 놓치면 공항올듯,대란도 가즈아,55,55.0,막스 우승 놓치면 공항올듯 대란도 가즈아,막스 우승 놓치면 공항올듯 대란도 가즈아,0.06631243973970413,0.044690877199172974,0.1816525012254715,0.14503629505634308,0.5043502449989319,0.05795764550566673
2024-05-19 23:18:46,근데 왜 알바오임?,"다들 알바오 알바오하는데
알본이 왜 알바오""?",55,55.0,"근데 왜 알바오임? 다들 알바오 알바오하는데
알본이 왜 알바오""?","근데 왜 알바오임? 다들 알바오 알바오하는데 알본이 왜 알바오""?",0.14144226908683777,0.09808694571256638,0.25371456146240234,0.304433137178421,0.11889912188053131,0.08342397212982178
2024-05-19 23:18:50,시발 노리스 가나?ㅋㅋ,"ㅅㅂㅋㅋ
- dc official App",55,55.0,"시발 노리스 가나?ㅋㅋ ㅅㅂㅋㅋ
- dc official App",시발 노리스 가나?ㅋㅋ ㅅㅂㅋㅋ,0.28549692034721375,0.15571779012680054,0.24660298228263855,0.11683851480484009,0.14521624147891998,0.050127558410167694
2024-05-19 23:18:58,알본 왜 나감?,설명 좀,55,55.0,알본 왜 나감? 설명 좀,알본 왜 나감? 설명 좀,0.11832186579704285,0.0886581689119339,0.2385750710964203,0.34160417318344116,0.11543556302785873,0.09740515053272247
2024-05-19 23:18:58,어어 이상하다?,5초받으면 3등인데 이제?,55,55.0,어어 이상하다? 5초받으면 3등인데 이제?,어어 이상하다? 5초받으면 3등인데 이제?,0.12488382309675217,0.08313264697790146,0.23206636309623718,0.3249652087688446,0.12903496623039246,0.1059170514345169
2024-05-19 23:18:58,야 이건 역전이다 상대가 안된다,ㅋㅋㅋㅋㅋㅋ 못지킨다 ㅋㅋㅋㅋ,55,55.0,야 이건 역전이다 상대가 안된다 ㅋㅋㅋㅋㅋㅋ 못지킨다 ㅋㅋㅋㅋ,야 이건 역전이다 상대가 안된다 ㅋㅋㅋㅋㅋㅋ 못지킨다 ㅋㅋㅋㅋ,0.1521454155445099,0.06973236799240112,0.2691698670387268,0.2654305696487427,0.10138864070177078,0.14213323593139648
2024-05-19 23:19:00,가자 시발 ㅋㅋ,"누리견 아닌데도 응원한다
- dc official App",55,55.0,"가자 시발 ㅋㅋ 누리견 아닌데도 응원한다
- dc official App",가자 시발 ㅋㅋ 누리견 아닌데도 응원한다,0.07620483636856079,0.06486061960458755,0.14234913885593414,0.10073454678058624,0.5545541048049927,0.06129678711295128
2024-05-19 23:19:02,ㅋㅋㅋㅋㅋㅋㅋㅋㅋ,,55,55.0,ㅋㅋㅋㅋㅋㅋㅋㅋㅋ ,ㅋㅋㅋㅋㅋㅋㅋㅋㅋ,0.07074389606714249,0.03509655222296715,0.1409260779619217,0.08970976620912552,0.6377516388893127,0.025772102177143097
2024-05-19 23:19:03,적의 적은 나의 친구라고,"노리스 ㅎㅇㅌ
- dc official App",55,55.0,"적의 적은 나의 친구라고 노리스 ㅎㅇㅌ
- dc official App",적의 적은 나의 친구라고 노리스 ㅎㅇㅌ,0.06623467803001404,0.05650750547647476,0.13035279512405396,0.08932650834321976,0.6096202731132507,0.04795822501182556
2024-05-19 23:19:04,막가놈 강점기 종료되나요 ㄷㄷㄷㄷㄷㄷ,,55,55.0,막가놈 강점기 종료되나요 ㄷㄷㄷㄷㄷㄷ ,막가놈 강점기 종료되나요 ㄷㄷㄷㄷㄷㄷ,0.16009342670440674,0.09869734197854996,0.2027900367975235,0.2789088189601898,0.11300928890705109,0.1465011090040207
2024-05-19 23:19:06,성깔 부활했네,,55,55.0,성깔 부활했네 ,성깔 부활했네,0.15830226242542267,0.08684642612934113,0.22778606414794922,0.29879140853881836,0.09052504599094391,0.1377488374710083
2024-05-19 23:19:09,모든 f1 갤러들이 원하는것,"몽골 따잇하고 노리스 우승하기
- dc official App",55,55.0,"모든 f1 갤러들이 원하는것 몽골 따잇하고 노리스 우승하기
- dc official App",모든 f1 갤러들이 원하는것 몽골 따잇하고 노리스 우승하기,0.06525088101625443,0.03797921910881996,0.14003771543502808,0.10425469279289246,0.6146576404571533,0.037819813936948776
2024-05-19 23:19:10,몽골 개차빨 드러나노 ㅋㅋㅋ,ㅋㅋㅋㅋㅋㅋㅋㅋ,55,55.0,몽골 개차빨 드러나노 ㅋㅋㅋ ㅋㅋㅋㅋㅋㅋㅋㅋ,몽골 개차빨 드러나노 ㅋㅋㅋ ㅋㅋㅋㅋㅋㅋㅋㅋ,0.13907067477703094,0.05187954381108284,0.25627443194389343,0.21318814158439636,0.26066461205482483,0.07892261445522308
2024-05-19 23:19:10,왜 쟤를 탓하노ㅋ,,55,55.0,왜 쟤를 탓하노ㅋ ,왜 쟤를 탓하노ㅋ,0.19896262884140015,0.14403489232063293,0.2545734941959381,0.24962787330150604,0.08100706338882446,0.07179402559995651
2024-05-19 23:19:12,"지금도 누리스가 섹터 1, 2에서 더 빠름",따잇 하나 진짜,55,55.0,"지금도 누리스가 섹터 1, 2에서 더 빠름 따잇 하나 진짜","지금도 누리스가 섹터 1, 2에서 더 빠름 따잇 하나 진짜",0.09006097167730331,0.059127986431121826,0.2138427495956421,0.19949685037136078,0.3642592430114746,0.07321213185787201
2024-05-19 23:19:12,몽골 빡쳤노ㅋㅋㅋ,ㅋㅋ,55,55.0,몽골 빡쳤노ㅋㅋㅋ ㅋㅋ,몽골 빡쳤노ㅋㅋㅋ ㅋㅋ,0.18456989526748657,0.08073247224092484,0.27410000562667847,0.20659416913986206,0.15032462775707245,0.10367880016565323
2024-05-19 23:19:13,징징 ㅋㅋㅋㅋㅋ,,55,55.0,징징 ㅋㅋㅋㅋㅋ ,징징 ㅋㅋㅋㅋㅋ,0.09308639913797379,0.06335807591676712,0.22236347198486328,0.1038501113653183,0.4737541377544403,0.043587811291217804
2024-05-19 23:19:13,막스 왜 저럼?ㅋㅋ,사인츠보다 느리다는데,55,55.0,막스 왜 저럼?ㅋㅋ 사인츠보다 느리다는데,막스 왜 저럼?ㅋㅋ 사인츠보다 느리다는데,0.13766121864318848,0.07674958556890488,0.24742646515369415,0.33046117424964905,0.0966319590806961,0.11106957495212555
2024-05-19 23:19:13,대노 ㅋㅋㅋㅋ,,55,55.0,대노 ㅋㅋㅋㅋ ,대노 ㅋㅋㅋㅋ,0.13693538308143616,0.0641840398311615,0.2967403531074524,0.18016117811203003,0.23915810883045197,0.08282090723514557
2024-05-19 23:19:14,레드불 하드는 영 아닌가보네,페레즈만 느린게 아니고 막스도 많이 느리네,55,55.0,레드불 하드는 영 아닌가보네 페레즈만 느린게 아니고 막스도 많이 느리네,레드불 하드는 영 아닌가보네 페레즈만 느린게 아니고 막스도 많이 느리네,0.1195020079612732,0.10984404385089874,0.2563067674636841,0.33688411116600037,0.10195412486791611,0.07550892978906631
2024-05-19 23:19:16,2초 입갤ㅋㅋㅋㅋㅋ,,55,55.0,2초 입갤ㅋㅋㅋㅋㅋ ,2초 입갤ㅋㅋㅋㅋㅋ,0.06547416001558304,0.03433417156338692,0.12262438237667084,0.10174619406461716,0.6444901823997498,0.031330861151218414
2024-05-19 23:19:18,경기 안풀리니까 화낸다ㅋㅋㅋ,ㅋㅋㅋㅋㅋㅋㅋㅋ,55,55.0,경기 안풀리니까 화낸다ㅋㅋㅋ ㅋㅋㅋㅋㅋㅋㅋㅋ,경기 안풀리니까 화낸다ㅋㅋㅋ ㅋㅋㅋㅋㅋㅋㅋㅋ,0.19577258825302124,0.10328621417284012,0.31308791041374207,0.1231292262673378,0.19414250552654266,0.07058161497116089
2024-05-19 23:19:18,와 씨발 드디어???,,55,55.0,와 씨발 드디어??? ,와 씨발 드디어???,0.12862583994865417,0.05939028039574623,0.21712304651737213,0.2464805245399475,0.23899239301681519,0.10938793420791626
2024-05-19 23:19:19,왓어몽골,ㅋㅋㅋㅋㅋ,55,55.0,왓어몽골 ㅋㅋㅋㅋㅋ,왓어몽골 ㅋㅋㅋㅋㅋ,0.053887929767370224,0.029122143983840942,0.11872591823339462,0.08361957967281342,0.6883554458618164,0.026288988068699837
2024-05-19 23:19:19,왓어몽골,- dc official App,55,55.0,왓어몽골 - dc official App,왓어몽골 - dc official App,0.09511545300483704,0.04813879728317261,0.19138239324092865,0.19756890833377838,0.43493738770484924,0.032857026904821396
2024-05-19 23:19:21,2초입갤 ㅋㅋㅋㅋㅋㅋㅋㅋ,ㅋㅋㅋㅋ,55,55.0,2초입갤 ㅋㅋㅋㅋㅋㅋㅋㅋ ㅋㅋㅋㅋ,2초입갤 ㅋㅋㅋㅋㅋㅋㅋㅋ ㅋㅋㅋㅋ,0.0640161782503128,0.03224286437034607,0.12330247461795807,0.08686060458421707,0.6669408679008484,0.026637058705091476
2024-05-19 23:19:25,2초 ㅋㅋㅋㅋㅋㅋㅋ,"지리네
- dc official App",55,55.0,"2초 ㅋㅋㅋㅋㅋㅋㅋ 지리네
- dc official App",2초 ㅋㅋㅋㅋㅋㅋㅋ 지리네,0.08633238822221756,0.03484348580241203,0.19539861381053925,0.26500922441482544,0.34705063700675964,0.07136569917201996
2024-05-19 23:19:26,막징징ㅋㅋㅋㅋㅋㅋㅋ,,56,56.0,막징징ㅋㅋㅋㅋㅋㅋㅋ ,막징징ㅋㅋㅋㅋㅋㅋㅋ,0.07999486476182938,0.04674236476421356,0.16298793256282806,0.09003246575593948,0.5899384021759033,0.03030398301780224
2024-05-19 23:19:26,아니 진짜 잡히나ㅋㅋㅋㅋ,,56,56.0,아니 진짜 잡히나ㅋㅋㅋㅋ ,아니 진짜 잡히나ㅋㅋㅋㅋ,0.11211062222719193,0.059700142592191696,0.24350543320178986,0.2930638790130615,0.1786741018295288,0.11294583231210709
2024-05-19 23:19:27,1초대입갤,어어!,56,56.0,1초대입갤 어어!,1초대입갤 어어!,0.0631992518901825,0.03125273808836937,0.16067728400230408,0.14658460021018982,0.5543035864830017,0.04398249089717865
2024-05-19 23:19:27,아니저새끼뭐냐 웰케빨라짐?,지리네 ㅋㅋㅋ,56,56.0,아니저새끼뭐냐 웰케빨라짐? 지리네 ㅋㅋㅋ,아니저새끼뭐냐 웰케빨라짐? 지리네 ㅋㅋㅋ,0.1228582039475441,0.051802098751068115,0.20132209360599518,0.27717316150665283,0.2492789924144745,0.09756539762020111
2024-05-19 23:19:28,슬슬 라디오 많이 나오노ㅋㅋ,ㅋㅋ,56,56.0,슬슬 라디오 많이 나오노ㅋㅋ ㅋㅋ,슬슬 라디오 많이 나오노ㅋㅋ ㅋㅋ,0.05252954363822937,0.032541532069444656,0.13055488467216492,0.07971381396055222,0.6726602911949158,0.031999845057725906
2024-05-19 23:19:28,진짜 따겠는데? ㅋㅋㅋㅋㅋ,,56,56.0,진짜 따겠는데? ㅋㅋㅋㅋㅋ ,진짜 따겠는데? ㅋㅋㅋㅋㅋ,0.07146500796079636,0.033931665122509,0.18154431879520416,0.16093696653842926,0.5058841705322266,0.04623789340257645
2024-05-19 23:19:30,가자 시발랜도,ㅇㅇ,56,56.0,가자 시발랜도 ㅇㅇ,가자 시발랜도 ㅇㅇ,0.07595980167388916,0.042984917759895325,0.120961032807827,0.08657121658325195,0.6418675184249878,0.0316554419696331
2024-05-19 23:19:30,아니 근데 레드불 하드페이스 왜 저지랄임ㅋㅋㅋㅋ,ㅈㄴ느리네 얘네 진짜 왜이럼ㅋㅋㅋㅋ,56,56.0,아니 근데 레드불 하드페이스 왜 저지랄임ㅋㅋㅋㅋ ㅈㄴ느리네 얘네 진짜 왜이럼ㅋㅋㅋㅋ,아니 근데 레드불 하드페이스 왜 저지랄임ㅋㅋㅋㅋ ㅈㄴ느리네 얘네 진짜 왜이럼ㅋㅋㅋㅋ,0.19630339741706848,0.12479762732982635,0.27936020493507385,0.22659936547279358,0.09134708344936371,0.08159232139587402
2024-05-19 23:19:31,2.1 ㄷㄷㄷ,"ㄷㄷㄷㄷ
- dc official App",56,56.0,"2.1 ㄷㄷㄷ ㄷㄷㄷㄷ
- dc official App",2.1 ㄷㄷㄷ ㄷㄷㄷㄷ,0.13288766145706177,0.06942123174667358,0.20753666758537292,0.33782967925071716,0.13364695012569427,0.11867783218622208
2024-05-19 23:19:32,1초대입갤 씨발 가자 ㅋㅋㅋㅋㅋㅋㅋㅋ,ㅋㅋㅋㅋㅋㅋㅋㅋㅋㅋㅋ,56,56.0,1초대입갤 씨발 가자 ㅋㅋㅋㅋㅋㅋㅋㅋ ㅋㅋㅋㅋㅋㅋㅋㅋㅋㅋㅋ,1초대입갤 씨발 가자 ㅋㅋㅋㅋㅋㅋㅋㅋ ㅋㅋㅋㅋㅋㅋㅋㅋㅋㅋㅋ,0.06541933864355087,0.036049190908670425,0.11267592012882233,0.07083167135715485,0.6891322135925293,0.025891659781336784
2024-05-19 23:19:32,노리스 이새키 롱런은 진짜긴하네ㅋㅋㅋ,ㅋㅋㅋ진짜 롱런은 진짜지림,56,56.0,노리스 이새키 롱런은 진짜긴하네ㅋㅋㅋ ㅋㅋㅋ진짜 롱런은 진짜지림,노리스 이새키 롱런은 진짜긴하네ㅋㅋㅋ ㅋㅋㅋ진짜 롱런은 진짜지림,0.06842777878046036,0.03501152992248535,0.18622876703739166,0.17276903986930847,0.46577179431915283,0.07179106771945953
2024-05-19 23:19:33,와 이거 진짜 되나,ㅋㅋㅋ,56,56.0,와 이거 진짜 되나 ㅋㅋㅋ,와 이거 진짜 되나 ㅋㅋㅋ,0.08885591477155685,0.0390438437461853,0.21102139353752136,0.2785051465034485,0.3058072030544281,0.07676650583744049
2024-05-19 23:19:33,와 이게 이렇게 꿀잼되네 ㅋㅋㅋ,노리스 고맙다,56,56.0,와 이게 이렇게 꿀잼되네 ㅋㅋㅋ 노리스 고맙다,와 이게 이렇게 꿀잼되네 ㅋㅋㅋ 노리스 고맙다,0.064124695956707,0.046653345227241516,0.13682842254638672,0.06585904210805893,0.6608387231826782,0.025695733726024628
2024-05-19 23:19:34,유리스야 막스 앙고 가자 ㅋㅋㅋㅋㅋㅋ,,56,56.0,유리스야 막스 앙고 가자 ㅋㅋㅋㅋㅋㅋ ,유리스야 막스 앙고 가자 ㅋㅋㅋㅋㅋㅋ,0.055270686745643616,0.039149992167949677,0.12098751217126846,0.0770115852355957,0.6772381067276001,0.03034205548465252
2024-05-19 23:19:34,1초대 입갤,,56,56.0,1초대 입갤 ,1초대 입갤,0.08055111765861511,0.04924483597278595,0.19438768923282623,0.16323082149028778,0.4639482796192169,0.04863724485039711
2024-05-19 23:19:37,1초 대 입갤,,56,56.0,1초 대 입갤 ,1초 대 입갤,0.07696215063333511,0.04370226338505745,0.1741398721933365,0.143035426735878,0.5196359157562256,0.04252434894442558
2024-05-19 23:19:37,막판에 꿀잼경기ㅋㅋ,ㅋㅋ,56,56.0,막판에 꿀잼경기ㅋㅋ ㅋㅋ,막판에 꿀잼경기ㅋㅋ ㅋㅋ,0.05891312658786774,0.038326241075992584,0.12321098148822784,0.058814968913793564,0.6974484920501709,0.02328624203801155
2024-05-19 23:19:38,잠 깻다ㅡㅋㅋㅋㅋㅋ 노리스 가즈아,"ㅋㄴ
- dc official App",56,56.0,"잠 깻다ㅡㅋㅋㅋㅋㅋ 노리스 가즈아 ㅋㄴ
- dc official App",잠 깻다ㅡㅋㅋㅋㅋㅋ 노리스 가즈아 ㅋㄴ,0.06132855266332626,0.04549190029501915,0.11648481339216232,0.060159847140312195,0.6914682388305664,0.02506655640900135
2024-05-19 23:19:38,노리스 각성뭐고 ㅋㅋㅋ,,56,56.0,노리스 각성뭐고 ㅋㅋㅋ ,노리스 각성뭐고 ㅋㅋㅋ,0.09194730967283249,0.040357157588005066,0.22101415693759918,0.2536984980106354,0.3344849646091461,0.05849785357713699
2024-05-19 23:19:38,1초대 입갤 ㅋㅋㅋㅋㅋㅋ,ㅋㅋㅋㅋㅋ,56,56.0,1초대 입갤 ㅋㅋㅋㅋㅋㅋ ㅋㅋㅋㅋㅋ,1초대 입갤 ㅋㅋㅋㅋㅋㅋ ㅋㅋㅋㅋㅋ,0.06637485325336456,0.03455513343214989,0.1278582364320755,0.08833136409521103,0.6542823910713196,0.028598040342330933
2024-05-19 23:19:38,1초대 입갤ㅋㅋㅋㅋ,ㅋㅋㅋ,56,56.0,1초대 입갤ㅋㅋㅋㅋ ㅋㅋㅋ,1초대 입갤ㅋㅋㅋㅋ ㅋㅋㅋ,0.06278526037931442,0.03362971916794777,0.12123215943574905,0.09009551256895065,0.6636139154434204,0.02864348329603672
2024-05-19 23:19:39,1.9초 ㅋㅋㅋㅋㅋ,ㅋㅋ,56,56.0,1.9초 ㅋㅋㅋㅋㅋ ㅋㅋ,1.9초 ㅋㅋㅋㅋㅋ ㅋㅋ,0.09999972581863403,0.04386327415704727,0.19335539638996124,0.14253787696361542,0.47896113991737366,0.041282497346401215
2024-05-19 23:19:39,1초대 진입 ㅋㅋㅋ,가즈아 ㅋㅋㅋ,56,56.0,1초대 진입 ㅋㅋㅋ 가즈아 ㅋㅋㅋ,1초대 진입 ㅋㅋㅋ 가즈아 ㅋㅋㅋ,0.057026080787181854,0.03689579665660858,0.1145261600613594,0.07237165421247482,0.6928830742835999,0.026297250762581825
2024-05-19 23:19:40,제발 둘리 박게 해주세요,"페라리 제발...
- dc official App",56,56.0,"제발 둘리 박게 해주세요 페라리 제발...
- dc official App",제발 둘리 박게 해주세요 페라리 제발...,0.12589502334594727,0.12739121913909912,0.229680597782135,0.1848113089799881,0.23086479306221008,0.10135705024003983
2024-05-19 23:19:41,자 노리스 드가자~,징징이 나가고~,56,56.0,자 노리스 드가자~ 징징이 나가고~,자 노리스 드가자~ 징징이 나가고~,0.07162865996360779,0.04541067034006119,0.13349254429340363,0.0928996279835701,0.6239910125732422,0.03257749229669571
2024-05-19 23:19:41,몽골 개차빨 드러나노 ㅋㅋ,ㅋㅋㅋㅋㅋㅋㅋㅋ,56,56.0,몽골 개차빨 드러나노 ㅋㅋ ㅋㅋㅋㅋㅋㅋㅋㅋ,몽골 개차빨 드러나노 ㅋㅋ ㅋㅋㅋㅋㅋㅋㅋㅋ,0.14399386942386627,0.05285181477665901,0.24831523001194,0.23734892904758453,0.22923052310943604,0.08825962990522385
2024-05-19 23:19:42,1초대 입갤 ㅋㅋㅋㅋㅋㅋㅋㅋ,ㅋㅋ,56,56.0,1초대 입갤 ㅋㅋㅋㅋㅋㅋㅋㅋ ㅋㅋ,1초대 입갤 ㅋㅋㅋㅋㅋㅋㅋㅋ ㅋㅋ,0.06416770070791245,0.033471930772066116,0.12401824444532394,0.09119109064340591,0.6585112810134888,0.028639761731028557
2024-05-19 23:19:42,1.9초 ㅅㅂ 와,,56,56.0,1.9초 ㅅㅂ 와 ,1.9초 ㅅㅂ 와,0.22831934690475464,0.1479230374097824,0.2258796989917755,0.19503730535507202,0.11832115054130554,0.08451944589614868
2024-05-19 23:19:45,레드불도 이제 최강은 아니네,2011년에 보던 사람들이 이런 기분이었을려나,56,56.0,레드불도 이제 최강은 아니네 2011년에 보던 사람들이 이런 기분이었을려나,레드불도 이제 최강은 아니네 2011년에 보던 사람들이 이런 기분이었을려나,0.11192361265420914,0.11146165430545807,0.26433005928993225,0.29132118821144104,0.10572798550128937,0.11523546278476715
2024-05-19 23:19:45,큰거온다,가자가자,56,56.0,큰거온다 가자가자,큰거온다 가자가자,0.06518187373876572,0.04629090055823326,0.1298273503780365,0.08510615676641464,0.64016193151474,0.03343178704380989
2024-05-19 23:19:46,방금 백마커 누구였음?,못 봤어,56,56.0,방금 백마커 누구였음? 못 봤어,방금 백마커 누구였음? 못 봤어,0.09915456175804138,0.058848388493061066,0.23107990622520447,0.33510154485702515,0.176130011677742,0.09968560189008713
2024-05-19 23:19:46,미쳤다미쳤어 갑자기 개꿀잼이네 진짜,ㅋㅋㅋ,56,56.0,미쳤다미쳤어 갑자기 개꿀잼이네 진짜 ㅋㅋㅋ,미쳤다미쳤어 갑자기 개꿀잼이네 진짜 ㅋㅋㅋ,0.06312436610460281,0.039425987750291824,0.1259976625442505,0.06760095804929733,0.6797572374343872,0.0240937527269125
2024-05-19 23:19:48,1초대 입갤ㅅㅅ,ㅋㅋ,56,56.0,1초대 입갤ㅅㅅ ㅋㅋ,1초대 입갤ㅅㅅ ㅋㅋ,0.06178371608257294,0.0378899909555912,0.11453507840633392,0.08651260286569595,0.6684596538543701,0.03081888146698475
2024-05-19 23:19:51,막스 따잇당하겠네 ㅠㅠㅠ,,56,56.0,막스 따잇당하겠네 ㅠㅠㅠ ,막스 따잇당하겠네 ㅠㅠㅠ,0.14065395295619965,0.16939647495746613,0.2847644090652466,0.19381169974803925,0.12020689249038696,0.09116660058498383
2024-05-19 23:19:53,맥라렌 우승가즈아!!,"진짜 웅장해지네
- dc official App",56,56.0,"맥라렌 우승가즈아!! 진짜 웅장해지네
- dc official App",맥라렌 우승가즈아!! 진짜 웅장해지네,0.05540130287408829,0.03306352719664574,0.127546027302742,0.08256786316633224,0.6673145890235901,0.034106675535440445
2024-05-19 23:19:53,노의 의지 ㅋㅋㅋㅋㅋㅋ,랜도 ㄱㅈㅇ,56,56.0,노의 의지 ㅋㅋㅋㅋㅋㅋ 랜도 ㄱㅈㅇ,노의 의지 ㅋㅋㅋㅋㅋㅋ 랜도 ㄱㅈㅇ,0.06114472821354866,0.03745501488447189,0.12198611348867416,0.08013581484556198,0.6644867658615112,0.03479154780507088
2024-05-19 23:19:54,노리스 폼 절정이노,ㅋㅋㅋ,56,56.0,노리스 폼 절정이노 ㅋㅋㅋ,노리스 폼 절정이노 ㅋㅋㅋ,0.05331582576036453,0.029477419331669807,0.12200424820184708,0.08688715845346451,0.6800022125244141,0.02831312082707882
2024-05-19 23:19:55,노리수 설마...?,ㄷㄷㄷ,56,56.0,노리수 설마...? ㄷㄷㄷ,노리수 설마...? ㄷㄷㄷ,0.1303100287914276,0.07452031970024109,0.2167014628648758,0.3372017741203308,0.12817871570587158,0.11308767646551132
2024-05-19 23:19:56,미친 무관새끼,"앰창민 한 번
벗어나니까 날아다니는",56,56.0,"미친 무관새끼 앰창민 한 번
벗어나니까 날아다니는",미친 무관새끼 앰창민 한 번 벗어나니까 날아다니는,0.3211421072483063,0.14992929995059967,0.17456196248531342,0.1687035858631134,0.11028508841991425,0.07537797093391418
2024-05-19 23:19:56,우리 노리스 월챔감 맞다,유망주 맞다,56,56.0,우리 노리스 월챔감 맞다 유망주 맞다,우리 노리스 월챔감 맞다 유망주 맞다,0.05527452006936073,0.038634225726127625,0.14255137741565704,0.0966092199087143,0.6274420619010925,0.03948863223195076
2024-05-19 23:19:57,시발 진짜 가냐?ㅋㅋㅋㅋㅋㅋㅋㅋ,개떨린다,56,56.0,시발 진짜 가냐?ㅋㅋㅋㅋㅋㅋㅋㅋ 개떨린다,시발 진짜 가냐?ㅋㅋㅋㅋㅋㅋㅋㅋ 개떨린다,0.1758328527212143,0.08945348858833313,0.2087351530790329,0.2552785277366638,0.14111076295375824,0.12958921492099762
2024-05-19 23:19:59,가자 노리스 ㅋㅋㅋㅋ 개미쳤네,- dc official App,56,56.0,가자 노리스 ㅋㅋㅋㅋ 개미쳤네 - dc official App,가자 노리스 ㅋㅋㅋㅋ 개미쳤네 - dc official App,0.08310383558273315,0.03321869298815727,0.14695100486278534,0.13230028748512268,0.5642203688621521,0.04020577669143677
2024-05-19 23:19:59,아니 이런 장면 얼마만에 보는거냐 도대체,,56,56.0,아니 이런 장면 얼마만에 보는거냐 도대체 ,아니 이런 장면 얼마만에 보는거냐 도대체,0.07288651168346405,0.04052865132689476,0.18518364429473877,0.10473684966564178,0.5550379753112793,0.041626378893852234
2024-05-19 23:20:02,막스시ㅏㅂㄹ련아집중해,아아아아ㅏ,56,56.0,막스시ㅏㅂㄹ련아집중해 아아아아ㅏ,막스시ㅏㅂㄹ련아집중해 아아아아ㅏ,0.32423514127731323,0.14934587478637695,0.19364410638809204,0.1256926953792572,0.14685940742492676,0.060222774744033813
2024-05-19 23:20:06,1초대 입갤ㅋㅋㅋㅋㅋㅋㅋㅋㅋ,ㅋㅋㅋ,56,56.0,1초대 입갤ㅋㅋㅋㅋㅋㅋㅋㅋㅋ ㅋㅋㅋ,1초대 입갤ㅋㅋㅋㅋㅋㅋㅋㅋㅋ ㅋㅋㅋ,0.06628832221031189,0.03306210786104202,0.1257878988981247,0.09468621015548706,0.652368426322937,0.027806997299194336
2024-05-19 23:20:07,제발씨발 6랩만버텨라,,56,56.0,제발씨발 6랩만버텨라 ,제발씨발 6랩만버텨라,0.221426323056221,0.22316434979438782,0.19991183280944824,0.15467485785484314,0.11061473190784454,0.09020784497261047
2024-05-19 23:20:08,차빨운빨휴먼에러챔뽀록나기10분전ㅋㅋㅋㅋㅋㅋㅋㅋㅋㅋㅋㅋㅋㅋㅋㅋㅋㅋㅋㅋ,ㅋㅋㅋㅋㅋㅋㅋㅋㅋㅋㅋㅋㅋㅋㅋㅋㅋ,56,56.0,차빨운빨휴먼에러챔뽀록나기10분전ㅋㅋㅋㅋㅋㅋㅋㅋㅋㅋㅋㅋㅋㅋㅋㅋㅋㅋㅋㅋ ㅋㅋㅋㅋㅋㅋㅋㅋㅋㅋㅋㅋㅋㅋㅋㅋㅋ,차빨운빨휴먼에러챔뽀록나기10분전ㅋㅋㅋㅋㅋㅋㅋㅋㅋㅋㅋㅋㅋㅋㅋㅋㅋㅋㅋㅋ ㅋㅋㅋㅋㅋㅋㅋㅋㅋㅋㅋㅋㅋㅋㅋㅋㅋ,0.09047050029039383,0.045786887407302856,0.17123126983642578,0.09754357486963272,0.5566819310188293,0.03828588128089905
2024-05-19 23:20:10,근데 사실 다들 간과하는 게 있음,막스는 위기때 강하다.,56,56.0,근데 사실 다들 간과하는 게 있음 막스는 위기때 강하다.,근데 사실 다들 간과하는 게 있음 막스는 위기때 강하다.,0.09513776004314423,0.07459339499473572,0.24350272119045258,0.2860140800476074,0.20914064347743988,0.09161138534545898
2024-05-19 23:20:13,와 진짜 무슨 일이냐 이거,누리스가 계속 더 빠르다,56,56.0,와 진짜 무슨 일이냐 이거 누리스가 계속 더 빠르다,와 진짜 무슨 일이냐 이거 누리스가 계속 더 빠르다,0.1181022897362709,0.05212031677365303,0.2143094688653946,0.31481561064720154,0.18594011664390564,0.11471212655305862
2024-05-19 23:20:16,몽골또 자살하고 개꿀잼각이냐❓+❓+,,56,56.0,몽골또 자살하고 개꿀잼각이냐❓+❓+ ,몽골또 자살하고 개꿀잼각이냐❓+❓+,0.08229128271341324,0.04819290712475777,0.13354265689849854,0.09184949845075607,0.608617901802063,0.03550576791167259
2024-05-19 23:20:16,누리스 뭐임,"미쳤네
- dc official App",56,56.0,"누리스 뭐임 미쳤네
- dc official App",누리스 뭐임 미쳤네,0.1488705426454544,0.0647965669631958,0.2080390453338623,0.29123395681381226,0.177270770072937,0.10978906601667404
2024-05-19 23:20:17,와 이게 섹스다,"시발 황라렌 믿고있었다
- dc official App",56,56.0,"와 이게 섹스다 시발 황라렌 믿고있었다
- dc official App",와 이게 섹스다 시발 황라렌 믿고있었다,0.14447133243083954,0.1052355244755745,0.20693755149841309,0.19721215963363647,0.21912649273872375,0.12701693177223206
2024-05-19 23:20:18,와 노리스 날라다니노 시발 ㅋㅋㅋ,와,56,56.0,와 노리스 날라다니노 시발 ㅋㅋㅋ 와,와 노리스 날라다니노 시발 ㅋㅋㅋ 와,0.10300077497959137,0.04270412400364876,0.2031843364238739,0.2524024248123169,0.30566006898880005,0.09304828941822052
2024-05-19 23:20:21,와 섹터2에 확실히 줄어드네 ㅋㅋ,,56,56.0,와 섹터2에 확실히 줄어드네 ㅋㅋ ,와 섹터2에 확실히 줄어드네 ㅋㅋ,0.07933174818754196,0.048202697187662125,0.23949764668941498,0.2438393086194992,0.3047429621219635,0.08438560366630554
2024-05-19 23:20:23,와 무관혈 뚤리니깐 존나무섭노,ㄹㅇ 대 리 스,56,56.0,와 무관혈 뚤리니깐 존나무섭노 ㄹㅇ 대 리 스,와 무관혈 뚤리니깐 존나무섭노 ㄹㅇ 대 리 스,0.14063100516796112,0.07645823061466217,0.18682043254375458,0.33834606409072876,0.13072103261947632,0.12702322006225586
2024-05-19 23:20:23,몽골 개차빨 드러나노 ㅋㅋ,ㅋㅋ,56,56.0,몽골 개차빨 드러나노 ㅋㅋ ㅋㅋ,몽골 개차빨 드러나노 ㅋㅋ ㅋㅋ,0.1604585349559784,0.057959649711847305,0.23999932408332825,0.25381097197532654,0.191291943192482,0.0964796170592308
2024-05-19 23:20:25,자러간새끼 <-불쌍하면 개츄 ㅋㅋㅋㅋㅋㅋ,이제 진짜라고 ㅋㅋㅋㅋㅋㅋ,56,56.0,자러간새끼 <-불쌍하면 개츄 ㅋㅋㅋㅋㅋㅋ 이제 진짜라고 ㅋㅋㅋㅋㅋㅋ,자러간새끼 <-불쌍하면 개츄 ㅋㅋㅋㅋㅋㅋ 이제 진짜라고 ㅋㅋㅋㅋㅋㅋ,0.14074411988258362,0.08841006457805634,0.3057482838630676,0.15338081121444702,0.22706818580627441,0.08464856445789337
2024-05-19 23:20:25,무관 확정한 대흥민 무관 탈출한 노리스ㅋㅋ,- dc official App,56,56.0,무관 확정한 대흥민 무관 탈출한 노리스ㅋㅋ - dc official App,무관 확정한 대흥민 무관 탈출한 노리스ㅋㅋ - dc official App,0.08287327736616135,0.04573172330856323,0.14337584376335144,0.0991733968257904,0.599471926689148,0.02937384508550167
2024-05-19 23:20:25,1.8 ㅋㅋㅋㅋㅋㅋ,,56,56.0,1.8 ㅋㅋㅋㅋㅋㅋ ,1.8 ㅋㅋㅋㅋㅋㅋ,0.2161208689212799,0.09546294063329697,0.2795387804508209,0.16831985116004944,0.15871447324752808,0.0818430706858635
2024-05-19 23:20:19,제발 막스 미끌이나 트랙나가게 해주세요 ㅠㅠㅠㅠ,,56,56.0,제발 막스 미끌이나 트랙나가게 해주세요 ㅠㅠㅠㅠ ,제발 막스 미끌이나 트랙나가게 해주세요 ㅠㅠㅠㅠ,0.17130784690380096,0.22141650319099426,0.22241631150245667,0.12142616510391235,0.19394564628601074,0.06948751211166382
2024-05-19 23:20:27,뉴이 하나 날라갔다고 팀 개 ㅈ박노ㅋㅋㅋㅋㅋㅋ,ㅋㅋㅋㅋㅋㅋㅋㅋㅋ,56,56.0,뉴이 하나 날라갔다고 팀 개 ㅈ박노ㅋㅋㅋㅋㅋㅋ ㅋㅋㅋㅋㅋㅋㅋㅋㅋ,뉴이 하나 날라갔다고 팀 개 ㅈ박노ㅋㅋㅋㅋㅋㅋ ㅋㅋㅋㅋㅋㅋㅋㅋㅋ,0.19378761947155,0.10754801332950592,0.2854504883289337,0.190924271941185,0.11059015244245529,0.11169940233230591
2024-05-19 23:20:29,페이스상 달라붙기만하면 자동문인데,,56,56.0,페이스상 달라붙기만하면 자동문인데 ,페이스상 달라붙기만하면 자동문인데,0.12673348188400269,0.12402131408452988,0.26521286368370056,0.25776898860931396,0.15362073481082916,0.07264264672994614
2024-05-19 23:20:30,와 1.8초 와 ㄷㄷㄷㄷㄷ,,56,56.0,와 1.8초 와 ㄷㄷㄷㄷㄷ ,와 1.8초 와 ㄷㄷㄷㄷㄷ,0.12018368393182755,0.05302596837282181,0.20269380509853363,0.3354850113391876,0.1745131015777588,0.11409840732812881
2024-05-19 23:20:28,1.8 입갤ㅋㅋㅋㅋㅋㅋㅋㅋㅋ,,56,56.0,1.8 입갤ㅋㅋㅋㅋㅋㅋㅋㅋㅋ ,1.8 입갤ㅋㅋㅋㅋㅋㅋㅋㅋㅋ,0.12829884886741638,0.055884700268507004,0.23276513814926147,0.15794523060321808,0.3683861792087555,0.056719858199357986
2024-05-19 23:20:32,1.8 시발 가자 진짜 가자,,56,56.0,1.8 시발 가자 진짜 가자 ,1.8 시발 가자 진짜 가자,0.28934246301651,0.17897117137908936,0.16904623806476593,0.09684383124113083,0.2194800078868866,0.04631619155406952
2024-05-19 23:20:32,몽골 추락 보여주나?,- dc official App,56,56.0,몽골 추락 보여주나? - dc official App,몽골 추락 보여주나? - dc official App,0.09129275381565094,0.05958760529756546,0.21507763862609863,0.2981449067592621,0.2594413459300995,0.0764557495713234
2024-05-19 23:20:33,랜도견 신났노ㅋㅋㅋㅋ,컄ㅋㅋ,56,56.0,랜도견 신났노ㅋㅋㅋㅋ 컄ㅋㅋ,랜도견 신났노ㅋㅋㅋㅋ 컄ㅋㅋ,0.06253565102815628,0.03728393837809563,0.12285362184047699,0.08199899643659592,0.6678668260574341,0.02746095322072506
2024-05-19 23:20:34,둘이 박고 르끌 우승 ㅅㄱ,ㅇㅇ,56,56.0,둘이 박고 르끌 우승 ㅅㄱ ㅇㅇ,둘이 박고 르끌 우승 ㅅㄱ ㅇㅇ,0.07342910766601562,0.043584369122982025,0.12192240357398987,0.0750022754073143,0.6561537384986877,0.029908068478107452
2024-05-19 23:20:36,매 코너마다 격차 좁혀지네,막스 타이어 진짜 갔나?,56,56.0,매 코너마다 격차 좁혀지네 막스 타이어 진짜 갔나?,매 코너마다 격차 좁혀지네 막스 타이어 진짜 갔나?,0.12678973376750946,0.07651201635599136,0.2412164956331253,0.33863943815231323,0.10400081425905228,0.11284147948026657
2024-05-19 23:20:36,레드불 분위기가 안좋긴 한가보네,,56,56.0,레드불 분위기가 안좋긴 한가보네 ,레드불 분위기가 안좋긴 한가보네,0.09845633059740067,0.08127713948488235,0.24563449621200562,0.33097198605537415,0.15640957653522491,0.08725043386220932
2024-05-19 23:20:40,막스 << 티배깅 장인임 ㅇㅇ,ㅇㅇ,56,56.0,막스 << 티배깅 장인임 ㅇㅇ ㅇㅇ,막스 << 티배깅 장인임 ㅇㅇ ㅇㅇ,0.05632176622748375,0.03563337028026581,0.11628696322441101,0.07922054827213287,0.6832550764083862,0.0292822178453207
2024-05-19 23:20:40,진짜 되는거냐 이거?,"시발 설레노
- dc official App",56,56.0,"진짜 되는거냐 이거? 시발 설레노
- dc official App",진짜 되는거냐 이거? 시발 설레노,0.06908883899450302,0.04038088023662567,0.19443990290164948,0.17152813076972961,0.46983617544174194,0.05472606420516968
2024-05-19 23:20:43,씨발이거되냐???,,56,56.0,씨발이거되냐??? ,씨발이거되냐???,0.22005702555179596,0.1753329187631607,0.2748437821865082,0.13901670277118683,0.13063210248947144,0.060117464512586594
2024-05-19 23:20:44,야야야 DRS가냐? ㄷㄷㄷ,,56,56.0,야야야 DRS가냐? ㄷㄷㄷ ,야야야 DRS가냐? ㄷㄷㄷ,0.14248444139957428,0.07639829069375992,0.20300543308258057,0.32852935791015625,0.12135715782642365,0.1282253861427307
2024-05-19 23:20:44,1.7ㅋㅋㅋㅋㅋㅋ,,56,56.0,1.7ㅋㅋㅋㅋㅋㅋ ,1.7ㅋㅋㅋㅋㅋㅋ,0.1578500121831894,0.0696122795343399,0.26495134830474854,0.2341250479221344,0.19529658555984497,0.07816474884748459
2024-05-19 23:20:46,레드불 멸망까지 1.7ㅋㅋㅋㅋㅋㅋㅋㅋ,ㅋㅋㅋㅋㅋ,56,56.0,레드불 멸망까지 1.7ㅋㅋㅋㅋㅋㅋㅋㅋ ㅋㅋㅋㅋㅋ,레드불 멸망까지 1.7ㅋㅋㅋㅋㅋㅋㅋㅋ ㅋㅋㅋㅋㅋ,0.14470826089382172,0.05988762155175209,0.2667054831981659,0.2108096331357956,0.24664555490016937,0.07124340534210205
2024-05-19 23:20:48,1.7????,ㄷㄷㄷ,57,57.0,1.7???? ㄷㄷㄷ,1.7???? ㄷㄷㄷ,0.14417651295661926,0.08473929017782211,0.2202431708574295,0.32279297709465027,0.11132945865392685,0.1167186051607132
2024-05-19 23:20:48,7챔이 쉬운게 아니다 이말이야,"ㅋㅋㅋ
- dc official App",57,57.0,"7챔이 쉬운게 아니다 이말이야 ㅋㅋㅋ
- dc official App",7챔이 쉬운게 아니다 이말이야 ㅋㅋㅋ,0.09471499919891357,0.05054185912013054,0.20244210958480835,0.15657015144824982,0.4179169833660126,0.07781391590833664
2024-05-19 23:20:48,1.7 어ㅏ,,57,57.0,1.7 어ㅏ ,1.7 어ㅏ,0.14357958734035492,0.11302177608013153,0.27799513936042786,0.23736560344696045,0.12287001311779022,0.10516790300607681
2024-05-19 23:20:52,1.7 입갤 ㅋㅋ,"+ dc official App
- dc official App",57,57.0,"1.7 입갤 ㅋㅋ + dc official App
- dc official App",1.7 입갤 ㅋㅋ + dc official App,0.06548769026994705,0.03669614717364311,0.12154592573642731,0.08622226119041443,0.6623994708061218,0.02764844335615635
2024-05-19 23:20:53,어 6랩남았어 ㅋㅋㅋㅋㅋㅋㅋ,,57,57.0,어 6랩남았어 ㅋㅋㅋㅋㅋㅋㅋ ,어 6랩남았어 ㅋㅋㅋㅋㅋㅋㅋ,0.055581748485565186,0.0327112041413784,0.12993156909942627,0.08221179991960526,0.6700637340545654,0.029500002041459084
2024-05-19 23:20:55,란도 란도 란도 란도,가자가자가자,57,57.0,란도 란도 란도 란도 가자가자가자,란도 란도 란도 란도 가자가자가자,0.0655161663889885,0.043849218636751175,0.13596904277801514,0.08905297517776489,0.636134684085846,0.02947782166302204
2024-05-19 23:20:57,1.6 입갤 ㅋㅋㅋㅋㅋ,,57,57.0,1.6 입갤 ㅋㅋㅋㅋㅋ ,1.6 입갤 ㅋㅋㅋㅋㅋ,0.07701154053211212,0.03878714516758919,0.13529156148433685,0.09517349302768707,0.6217751502990723,0.03196116164326668
2024-05-19 23:20:58,1.6 입갤 ㅋㅋㅋㅋㅋㅋㅋ,,57,57.0,1.6 입갤 ㅋㅋㅋㅋㅋㅋㅋ ,1.6 입갤 ㅋㅋㅋㅋㅋㅋㅋ,0.07815205305814743,0.0380585603415966,0.14055423438549042,0.10065429657697678,0.6097787022590637,0.03280216455459595
2024-05-19 23:20:58,레드불 독주의 종말이 다가오는거냐?????,,57,57.0,레드불 독주의 종말이 다가오는거냐????? ,레드불 독주의 종말이 다가오는거냐?????,0.10359309613704681,0.08472681790590286,0.23144035041332245,0.3175401985645294,0.1454741656780243,0.11722534149885178
2024-05-19 23:20:59,캬 ㅋㅋㅋㅋㅋㅋ 추격중,,57,57.0,캬 ㅋㅋㅋㅋㅋㅋ 추격중 ,캬 ㅋㅋㅋㅋㅋㅋ 추격중,0.05826052650809288,0.030906621366739273,0.12174664437770844,0.09079520404338837,0.6730262637138367,0.025264661759138107
2024-05-19 23:21:00,이게.말이.되냐,맥라렌.드가자!!!!,57,57.0,이게.말이.되냐 맥라렌.드가자!!!!,이게.말이.되냐 맥라렌.드가자!!!!,0.15728959441184998,0.09492747485637665,0.20630791783332825,0.20033758878707886,0.20046944916248322,0.14066800475120544
2024-05-19 23:21:00,1.6ㅋㅋㅋㅋㅋ,,57,57.0,1.6ㅋㅋㅋㅋㅋ ,1.6ㅋㅋㅋㅋㅋ,0.1498251110315323,0.06689818203449249,0.2717897593975067,0.2171943634748459,0.22103065252304077,0.07326191663742065
2024-05-19 23:21:01,츠노다는 뭐했는데 13초나 차이남?,?,57,57.0,츠노다는 뭐했는데 13초나 차이남? ?,츠노다는 뭐했는데 13초나 차이남? ?,0.13983993232250214,0.07718003541231155,0.2446158528327942,0.3311227262020111,0.10530641674995422,0.10193505138158798
2024-05-19 23:21:01,쭉ㅁ죽 줄어드노 ㅋㅋ,"ㅋㅋ
- dc official App",57,57.0,"쭉ㅁ죽 줄어드노 ㅋㅋ ㅋㅋ
- dc official App",쭉ㅁ죽 줄어드노 ㅋㅋ ㅋㅋ,0.07332498580217361,0.04335341230034828,0.1575751006603241,0.09020094573497772,0.6040894985198975,0.03145609423518181
2024-05-19 23:21:02,호너<<<<노리스 왜원하는지알겠누ㅋㅋㅋ,이새끼 재능 진짜ㅋㅋ,57,57.0,호너<<<<노리스 왜원하는지알겠누ㅋㅋㅋ 이새끼 재능 진짜ㅋㅋ,호너<<<<노리스 왜원하는지알겠누ㅋㅋㅋ 이새끼 재능 진짜ㅋㅋ,0.08112554252147675,0.039896201342344284,0.1974407285451889,0.18799693882465363,0.4204992949962616,0.07304126024246216
2024-05-19 23:21:02,진짜 코앞인데 ㅋㅋㅋㅋㅋㅋㅋ,ㅋㅋㅋㅋㅋㅋ,57,57.0,진짜 코앞인데 ㅋㅋㅋㅋㅋㅋㅋ ㅋㅋㅋㅋㅋㅋ,진짜 코앞인데 ㅋㅋㅋㅋㅋㅋㅋ ㅋㅋㅋㅋㅋㅋ,0.058457519859075546,0.032715439796447754,0.12456371635198593,0.07892847806215286,0.6795211434364319,0.025813687592744827
2024-05-19 23:21:04,1.6 ㄱㄱㄱ,"+ dc official App
- dc official App",57,57.0,"1.6 ㄱㄱㄱ + dc official App
- dc official App",1.6 ㄱㄱㄱ + dc official App,0.06662394851446152,0.03833140805363655,0.13032975792884827,0.11318951845169067,0.6227670311927795,0.02875836007297039
2024-05-19 23:21:06,1.6ㅋㅋㅋㅋㅋㅋㅋ,따나?,57,57.0,1.6ㅋㅋㅋㅋㅋㅋㅋ 따나?,1.6ㅋㅋㅋㅋㅋㅋㅋ 따나?,0.11592864990234375,0.07292769104242325,0.2721755802631378,0.27999213337898254,0.15961644053459167,0.09935944527387619
2024-05-19 23:21:07,1.6?ㄷㄷㄷ,뭐냐,57,57.0,1.6?ㄷㄷㄷ 뭐냐,1.6?ㄷㄷㄷ 뭐냐,0.15155833959579468,0.09309831261634827,0.22616998851299286,0.3115154802799225,0.1046702042222023,0.11298768222332001
2024-05-19 23:21:07,무리스한테 쳐발리는 몽골 쉑 ㅋㅋㅋㅋ,ㅋㅋㅋㅋㅋㅋㅋㅋ,57,57.0,무리스한테 쳐발리는 몽골 쉑 ㅋㅋㅋㅋ ㅋㅋㅋㅋㅋㅋㅋㅋ,무리스한테 쳐발리는 몽골 쉑 ㅋㅋㅋㅋ ㅋㅋㅋㅋㅋㅋㅋㅋ,0.20667773485183716,0.07176202535629272,0.2370453178882599,0.23465850949287415,0.1549120396375656,0.09494434297084808
2024-05-19 23:21:08,노리스 목소리 ㅅㅂㅋㅋㅋㅋㅋㅋㅋㅋㅋ,,57,57.0,노리스 목소리 ㅅㅂㅋㅋㅋㅋㅋㅋㅋㅋㅋ ,노리스 목소리 ㅅㅂㅋㅋㅋㅋㅋㅋㅋㅋㅋ,0.1554269641637802,0.07509051263332367,0.278940349817276,0.18244846165180206,0.23577246069908142,0.07232128828763962
2024-05-19 23:21:08,아 시발 닥치라고 좀 ㅋㅋㅋㅋㅋ,,57,57.0,아 시발 닥치라고 좀 ㅋㅋㅋㅋㅋ ,아 시발 닥치라고 좀 ㅋㅋㅋㅋㅋ,0.32667312026023865,0.1484447717666626,0.21242161095142365,0.12394355237483978,0.14621351659297943,0.0423034243285656
2024-05-19 23:21:09,땡큐 ㅋㅋㅋㅋ,ㅋㅋㅋㅋ,57,57.0,땡큐 ㅋㅋㅋㅋ ㅋㅋㅋㅋ,땡큐 ㅋㅋㅋㅋ ㅋㅋㅋㅋ,0.06063864752650261,0.04333043098449707,0.12861964106559753,0.06012578681111336,0.6838570833206177,0.023428335785865784
2024-05-19 23:21:11,노리스 차기 월챔이라고 메르 갈거라고 했을때,까던 새끼들 있었는데 보눈 눈 존나 없노,57,57.0,노리스 차기 월챔이라고 메르 갈거라고 했을때 까던 새끼들 있었는데 보눈 눈 존나 없노,노리스 차기 월챔이라고 메르 갈거라고 했을때 까던 새끼들 있었는데 보눈 눈 존나 없노,0.24887193739414215,0.15109588205814362,0.19772706925868988,0.24805192649364471,0.07606620341539383,0.07818702608346939
2024-05-19 23:21:08,땡큐ㅋㅋㅋㅋㅋㅋㅋ,,57,57.0,땡큐ㅋㅋㅋㅋㅋㅋㅋ ,땡큐ㅋㅋㅋㅋㅋㅋㅋ,0.061400655657052994,0.04363740235567093,0.12343157082796097,0.06166547164320946,0.6862838268280029,0.02358108013868332
2024-05-19 23:21:11,땡큐ㅇㅈㄹ ㅋㅋㅋㅋ,,57,57.0,땡큐ㅇㅈㄹ ㅋㅋㅋㅋ ,땡큐ㅇㅈㄹ ㅋㅋㅋㅋ,0.12656177580356598,0.053860388696193695,0.1770048886537552,0.10153890401124954,0.5053636431694031,0.03567036613821983
2024-05-19 23:21:14,아니 진짜 존나 빠르네ㅋㅋㅋㅋㅋ,,57,57.0,아니 진짜 존나 빠르네ㅋㅋㅋㅋㅋ ,아니 진짜 존나 빠르네ㅋㅋㅋㅋㅋ,0.10827408730983734,0.04491309076547623,0.20863156020641327,0.29321733117103577,0.2469261884689331,0.0980377271771431
2024-05-19 23:21:17,누리스 시발ㅋㅋㅋㅋㅋ,ㅋㅋㅋㅋㅋㅋ,57,57.0,누리스 시발ㅋㅋㅋㅋㅋ ㅋㅋㅋㅋㅋㅋ,누리스 시발ㅋㅋㅋㅋㅋ ㅋㅋㅋㅋㅋㅋ,0.09754019230604172,0.04753078520298004,0.15590235590934753,0.08544624596834183,0.5828373432159424,0.030743082985281944
2024-05-19 23:21:16,아니 노리스 뭐냐?,2연승 가능?,57,57.0,아니 노리스 뭐냐? 2연승 가능?,아니 노리스 뭐냐? 2연승 가능?,0.09555425494909286,0.04237333685159683,0.22003786265850067,0.3302956819534302,0.200534850358963,0.11120399087667465
2024-05-19 23:21:17,땡큐 ㅋㅋㅋㅋ,,57,57.0,땡큐 ㅋㅋㅋㅋ ,땡큐 ㅋㅋㅋㅋ,0.06273039430379868,0.04453403502702713,0.1248113140463829,0.06256727129220963,0.680883526802063,0.024473514407873154
2024-05-19 23:21:17,진짜 힘주는 목소리 ㅋㅋㅋㅋ,화이팅!,57,57.0,진짜 힘주는 목소리 ㅋㅋㅋㅋ 화이팅!,진짜 힘주는 목소리 ㅋㅋㅋㅋ 화이팅!,0.05098208039999008,0.0374036505818367,0.1255778670310974,0.06975053995847702,0.6829121708869934,0.033373668789863586
2024-05-19 23:21:18,노리스 말하는게 걍 존나 슈퍼스타임 ㅋㅋㅋㅋㅋ,,57,57.0,노리스 말하는게 걍 존나 슈퍼스타임 ㅋㅋㅋㅋㅋ ,노리스 말하는게 걍 존나 슈퍼스타임 ㅋㅋㅋㅋㅋ,0.06932684034109116,0.03533995896577835,0.18985651433467865,0.14797446131706238,0.5036441087722778,0.05385812371969223
2024-05-19 23:21:19,개떨리네 ㅋㅋㅋ,ㅋㅋㅋ,57,57.0,개떨리네 ㅋㅋㅋ ㅋㅋㅋ,개떨리네 ㅋㅋㅋ ㅋㅋㅋ,0.07473727315664291,0.03226908668875694,0.18458199501037598,0.17981810867786407,0.47520098090171814,0.05339254438877106
2024-05-19 23:21:20,걍 막스 라인아웃되고 페널티안되냐ㅜㅜ,ㅜㅜ,57,57.0,걍 막스 라인아웃되고 페널티안되냐ㅜㅜ ㅜㅜ,걍 막스 라인아웃되고 페널티안되냐ㅜㅜ ㅜㅜ,0.18810874223709106,0.2763313055038452,0.24567750096321106,0.11473757028579712,0.11931508034467697,0.05582975223660469
2024-05-19 23:21:20,47랩 하드 보차 ㅋㅋ,"보타스 기차 ㅋㅋㅋ
- dc official App",57,57.0,"47랩 하드 보차 ㅋㅋ 보타스 기차 ㅋㅋㅋ
- dc official App",47랩 하드 보차 ㅋㅋ 보타스 기차 ㅋㅋㅋ,0.0636957585811615,0.03061092086136341,0.11715301871299744,0.08903876692056656,0.675174355506897,0.024327106773853302
2024-05-19 23:21:21,이전 랩에서 누리스가 막스보다 0.4초 빠름,와우,57,57.0,이전 랩에서 누리스가 막스보다 0.4초 빠름 와우,이전 랩에서 누리스가 막스보다 0.4초 빠름 와우,0.08856649696826935,0.03736398369073868,0.2055642008781433,0.2617684006690979,0.327501505613327,0.07923535257577896
2024-05-19 23:21:23,아가리 하라고 ㅋㅋㅋㄲㅋㅋ,힘들어뒤지겠는데 ㅋㅋㅋㅋㅋ,57,57.0,아가리 하라고 ㅋㅋㅋㄲㅋㅋ 힘들어뒤지겠는데 ㅋㅋㅋㅋㅋ,아가리 하라고 ㅋㅋㅋㄲㅋㅋ 힘들어뒤지겠는데 ㅋㅋㅋㅋㅋ,0.2845667004585266,0.12325375527143478,0.23135410249233246,0.11362697929143906,0.18329592049121857,0.06390252709388733
2024-05-19 23:21:16,1.6 입갤 ㅋㅋ,,57,57.0,1.6 입갤 ㅋㅋ ,1.6 입갤 ㅋㅋ,0.08078903704881668,0.04548869654536247,0.1419597566127777,0.09795104712247849,0.5995941758155823,0.034217268228530884
2024-05-19 23:21:24,ㅇㅏ ㄱ ㅏ ㄹ ㅣ 히고 달리게해줘 ㅋㅋㅋㅋㅋㅋ,,57,57.0,ㅇㅏ ㄱ ㅏ ㄹ ㅣ 히고 달리게해줘 ㅋㅋㅋㅋㅋㅋ ,ㅇㅏ ㄱ ㅏ ㄹ ㅣ 히고 달리게해줘 ㅋㅋㅋㅋㅋㅋ,0.11322696506977081,0.05895115062594414,0.14651617407798767,0.08854891359806061,0.5549145340919495,0.037842296063899994
2024-05-19 23:21:24,땡큐ㅋㅋㅋㅋ,- dc official App,57,57.0,땡큐ㅋㅋㅋㅋ - dc official App,땡큐ㅋㅋㅋㅋ - dc official App,0.05489575117826462,0.04072999209165573,0.11434414237737656,0.0635504275560379,0.7037580609321594,0.022721629589796066
2024-05-19 23:21:25,방금 라디오 존나 웃기네ㅋㅋㅋㅋㅋㅋㅋ,ㅋㅋㅋㅋㅋ,57,57.0,방금 라디오 존나 웃기네ㅋㅋㅋㅋㅋㅋㅋ ㅋㅋㅋㅋㅋ,방금 라디오 존나 웃기네ㅋㅋㅋㅋㅋㅋㅋ ㅋㅋㅋㅋㅋ,0.06073440983891487,0.0356459766626358,0.11996787786483765,0.07545993477106094,0.6848944425582886,0.02329736202955246
2024-05-19 23:21:29,1.5 씨발,,57,57.0,1.5 씨발 ,1.5 씨발,0.293059766292572,0.19554974138736725,0.21640545129776,0.11765964329242706,0.13840226829051971,0.038923103362321854
2024-05-19 23:21:30,^어그래그래형은밟고있어^,,57,57.0,^어그래그래형은밟고있어^ ,^어그래그래형은밟고있어^,0.08253072202205658,0.07161513715982437,0.15500469505786896,0.08655849099159241,0.5564963221549988,0.0477946475148201
2024-05-19 23:21:29,1.5초대 입갤,,57,57.0,1.5초대 입갤 ,1.5초대 입갤,0.0928364247083664,0.05527423694729805,0.22030998766422272,0.18951085209846497,0.38938966393470764,0.0526789128780365
2024-05-19 23:21:31,1.5 ㅋㅋㅋㅋ,- dc official App,57,57.0,1.5 ㅋㅋㅋㅋ - dc official App,1.5 ㅋㅋㅋㅋ - dc official App,0.10226964950561523,0.04468909651041031,0.18175266683101654,0.1424398422241211,0.4904751777648926,0.03837350383400917
2024-05-19 23:21:31,가즈아아아아아,"2연 우승 가즈아아아아아아
- dc official App",57,57.0,"가즈아아아아아 2연 우승 가즈아아아아아아
- dc official App",가즈아아아아아 2연 우승 가즈아아아아아아,0.06020970270037651,0.040086012333631516,0.1165347546339035,0.07413578778505325,0.6796900629997253,0.029343726113438606
2024-05-19 23:21:31,랜도 저걸 답해주노 ㅋㅋㅋㅋ,No more talking 할만더 한데 ㅋㅋㅋㅋㅋㅋㅋㅋㅋㅋ,57,57.0,랜도 저걸 답해주노 ㅋㅋㅋㅋ No more talking 할만더 한데 ㅋㅋㅋㅋㅋㅋㅋㅋㅋㅋ,랜도 저걸 답해주노 ㅋㅋㅋㅋ No more talking 할만더 한데 ㅋㅋㅋㅋㅋㅋㅋㅋㅋㅋ,0.07186879217624664,0.03720933198928833,0.2052507996559143,0.1477048248052597,0.48672205209732056,0.051244236528873444
2024-05-19 23:21:35,누리스 페이스가 반초빠른데 이거 진짜 우승갈지도,와,57,57.0,누리스 페이스가 반초빠른데 이거 진짜 우승갈지도 와,누리스 페이스가 반초빠른데 이거 진짜 우승갈지도 와,0.07423543930053711,0.03486429527401924,0.1987808495759964,0.19491395354270935,0.43370139598846436,0.06350409984588623
2024-05-19 23:21:38,확실히 F2 성적만으론 알 수 없네,러셀이 챔츠이던 시절이 있었는데,57,57.0,확실히 F2 성적만으론 알 수 없네 러셀이 챔츠이던 시절이 있었는데,확실히 F2 성적만으론 알 수 없네 러셀이 챔츠이던 시절이 있었는데,0.10312497615814209,0.09010648727416992,0.28742435574531555,0.3094789981842041,0.11920332163572311,0.09066186100244522
2024-05-19 23:21:38,노리스 개호감이네ㅋㅋㅋ,응원한다,57,57.0,노리스 개호감이네ㅋㅋㅋ 응원한다,노리스 개호감이네ㅋㅋㅋ 응원한다,0.05607180297374725,0.03585701808333397,0.13365554809570312,0.08582740277051926,0.6524966359138489,0.03609161451458931
2024-05-19 23:21:38,1.5 ㅋㅋㅋㅋㅋㅋ,,57,57.0,1.5 ㅋㅋㅋㅋㅋㅋ ,1.5 ㅋㅋㅋㅋㅋㅋ,0.1367698460817337,0.056492969393730164,0.25002625584602356,0.20890194177627563,0.28317052125930786,0.06463858485221863
2024-05-19 23:21:39,1.5!!!!!!!!,!!!!!!!!!,57,57.0,1.5!!!!!!!! !!!!!!!!!,1.5!!!!!!!! !!!!!!!!!,0.06446346640586853,0.038247015327215195,0.1169365793466568,0.07817942649126053,0.6744837760925293,0.027689695358276367
2024-05-19 23:21:40,이러고 있는데 팀에선 더 잘하라고 하누 ㅋㅋ,왜냐하면 더이상 무관이 아니니까 ㅋㅋ,57,57.0,이러고 있는데 팀에선 더 잘하라고 하누 ㅋㅋ 왜냐하면 더이상 무관이 아니니까 ㅋㅋ,이러고 있는데 팀에선 더 잘하라고 하누 ㅋㅋ 왜냐하면 더이상 무관이 아니니까 ㅋㅋ,0.15810097754001617,0.10411775857210159,0.32733529806137085,0.16255636513233185,0.1286982297897339,0.11919134110212326
2024-05-19 23:21:40,막스 제발 트랙리밋 걸려라,ㅋㅋ,57,57.0,막스 제발 트랙리밋 걸려라 ㅋㅋ,막스 제발 트랙리밋 걸려라 ㅋㅋ,0.10805825889110565,0.0727110281586647,0.20795978605747223,0.15190912783145905,0.39232295751571655,0.0670388787984848
2024-05-19 23:21:41,막스개쌔끼야,안돼,57,57.0,막스개쌔끼야 안돼,막스개쌔끼야 안돼,0.30522453784942627,0.13781452178955078,0.17462171614170074,0.1573515683412552,0.15136872231960297,0.07361897081136703
2024-05-19 23:21:42,1.4!!!!!,,57,57.0,1.4!!!!! ,1.4!!!!!,0.05888816714286804,0.03504270315170288,0.11179425567388535,0.07408910244703293,0.694171667098999,0.026014070957899094
2024-05-19 23:21:42,1.4ㅋㅋㅋㅋ진짜 따나,,57,57.0,1.4ㅋㅋㅋㅋ진짜 따나 ,1.4ㅋㅋㅋㅋ진짜 따나,0.11867307126522064,0.05758326128125191,0.2986755967140198,0.20038801431655884,0.23684589564800262,0.08783415704965591
2024-05-19 23:21:43,어허 샷다마우스 해,형이 알아서 하고 있잖아~,57,57.0,어허 샷다마우스 해 형이 알아서 하고 있잖아~,어허 샷다마우스 해 형이 알아서 하고 있잖아~,0.18153129518032074,0.12452514469623566,0.24232062697410583,0.15743388235569,0.21466174721717834,0.07952725887298584
2024-05-19 23:21:45,가자제발!!!,가자,57,57.0,가자제발!!! 가자,가자제발!!! 가자,0.06896750628948212,0.054528266191482544,0.14549055695533752,0.09963743388652802,0.5904315114021301,0.04094478115439415
2024-05-19 23:21:45,1.4 ㅋㅋㅋㅋㅋ,"+ dc official App
- dc official App",57,57.0,"1.4 ㅋㅋㅋㅋㅋ + dc official App
- dc official App",1.4 ㅋㅋㅋㅋㅋ + dc official App,0.08671873807907104,0.03876117244362831,0.1469181776046753,0.11370090395212173,0.5825375318527222,0.031363535672426224
2024-05-19 23:21:45,미쳤다 미쳤다,,57,57.0,미쳤다 미쳤다 ,미쳤다 미쳤다,0.12491818517446518,0.058359477669000626,0.20372237265110016,0.1739344745874405,0.37544408440589905,0.06362134218215942
2024-05-19 23:21:46,차기 챔프답게 마이크웍도 좋노ㅋㅋㅋㅋㅋㅋ,ㅋㅋㅋㅋㅋ,57,57.0,차기 챔프답게 마이크웍도 좋노ㅋㅋㅋㅋㅋㅋ ㅋㅋㅋㅋㅋ,차기 챔프답게 마이크웍도 좋노ㅋㅋㅋㅋㅋㅋ ㅋㅋㅋㅋㅋ,0.057190243154764175,0.03353222459554672,0.14224153757095337,0.09141765534877777,0.6401113867759705,0.03550691157579422
2024-05-19 23:21:47,이몰라라 기대컨하긴 해야되는데,"ㅅㅂ 기대를 안할수가 없네ㅋㅋㅋㅋㅋ
노리스 혈뚫리더니 2연속 우승가냐?",57,57.0,"이몰라라 기대컨하긴 해야되는데 ㅅㅂ 기대를 안할수가 없네ㅋㅋㅋㅋㅋ
노리스 혈뚫리더니 2연속 우승가냐?",이몰라라 기대컨하긴 해야되는데 ㅅㅂ 기대를 안할수가 없네ㅋㅋㅋㅋㅋ 노리스 혈뚫리더니 2연속 우승가냐?,0.08956849575042725,0.06308217346668243,0.21897120773792267,0.15985141694545746,0.3791992664337158,0.08932746201753616
2024-05-19 23:21:47,as much as i can thank you ㅋㅋㅋㅋㅋㅋㅋㅋㅋㅋㅋㅋㅋ,ㅋㅋㅋㅋ,57,57.0,as much as i can thank you ㅋㅋㅋㅋㅋㅋㅋㅋㅋㅋㅋㅋㅋ ㅋㅋㅋㅋ,as much as i can thank you ㅋㅋㅋㅋㅋㅋㅋㅋㅋㅋㅋㅋㅋ ㅋㅋㅋㅋ,0.05466632917523384,0.045934662222862244,0.11596839874982834,0.05585649237036705,0.7025473713874817,0.02502676099538803
2024-05-19 23:21:47,노리스도 leave me alone 한번 박아야갰네 ㅋㅋ,갈 한번 해야지 ㅋㅋ,57,57.0,노리스도 leave me alone 한번 박아야갰네 ㅋㅋ 갈 한번 해야지 ㅋㅋ,노리스도 leave me alone 한번 박아야갰네 ㅋㅋ 갈 한번 해야지 ㅋㅋ,0.06629922240972519,0.03764500096440315,0.14326076209545135,0.09572981297969818,0.6221172213554382,0.03494792804121971
2024-05-19 23:21:47,ㅅㅂ 좀 있으면 DRS 키것다,,57,57.0,ㅅㅂ 좀 있으면 DRS 키것다 ,ㅅㅂ 좀 있으면 DRS 키것다,0.2665821313858032,0.24714703857898712,0.19522498548030853,0.12829571962356567,0.11668182909488678,0.04606832563877106
2024-05-19 23:21:56,아시발,ㅇ,57,57.0,아시발 ㅇ,아시발 ㅇ,0.2970607876777649,0.1825704127550125,0.20789051055908203,0.11809780448675156,0.14763930439949036,0.04674113914370537
2024-05-19 23:22:00,내가 다 떨리네 ㅋㅋㅋㅋㅋㅋㅋㅋㅋㅋ,오우오우어으오으오으,57,57.0,내가 다 떨리네 ㅋㅋㅋㅋㅋㅋㅋㅋㅋㅋ 오우오우어으오으오으,내가 다 떨리네 ㅋㅋㅋㅋㅋㅋㅋㅋㅋㅋ 오우오우어으오으오으,0.0844331607222557,0.038103338330984116,0.19692447781562805,0.1603483110666275,0.4620632827281952,0.058127421885728836
2024-05-19 23:22:01,흔들리네 ㅋㅋ,,57,57.0,흔들리네 ㅋㅋ ,흔들리네 ㅋㅋ,0.07501781731843948,0.051804039627313614,0.22501178085803986,0.12008002400398254,0.489854633808136,0.03823177143931389
2024-05-19 23:22:02,몽골<---  개씹퇴물 새끼면 개추 ㅋㅋㅋ,ㅋㅋㅋㅋㅋㅋㅋㅋ,57,57.0,몽골<---  개씹퇴물 새끼면 개추 ㅋㅋㅋ ㅋㅋㅋㅋㅋㅋㅋㅋ,몽골<--- 개씹퇴물 새끼면 개추 ㅋㅋㅋ ㅋㅋㅋㅋㅋㅋㅋㅋ,0.2280270755290985,0.08298259228467941,0.18406462669372559,0.226734921336174,0.1961182951927185,0.08207254856824875
2024-05-19 23:22:06,이쯤되서 누리스 무관행동 나와야 하는데 ㄹㅇ,,57,57.0,이쯤되서 누리스 무관행동 나와야 하는데 ㄹㅇ ,이쯤되서 누리스 무관행동 나와야 하는데 ㄹㅇ,0.1544736921787262,0.22473934292793274,0.2882530093193054,0.16527873277664185,0.08919845521450043,0.07805679738521576
2024-05-19 23:22:10,애네 라디오 입벤 안되냐,- dc official App,58,58.0,애네 라디오 입벤 안되냐 - dc official App,애네 라디오 입벤 안되냐 - dc official App,0.14054733514785767,0.08906702697277069,0.2548675835132599,0.2713531255722046,0.15757589042186737,0.08658897876739502
2024-05-19 23:22:10,막판에 존나 재밌네ㅋㅋㅋ,ㅋㅋㅋ,58,58.0,막판에 존나 재밌네ㅋㅋㅋ ㅋㅋㅋ,막판에 존나 재밌네ㅋㅋㅋ ㅋㅋㅋ,0.06183783710002899,0.03719412535429001,0.12192663550376892,0.07445164769887924,0.6814912557601929,0.023098450154066086
2024-05-19 23:22:14,아 라디오 하니까 오버나잖아 ㅋㅋㅋㅋ,닥치라고 ㅋㅋㅋㅋ,58,58.0,아 라디오 하니까 오버나잖아 ㅋㅋㅋㅋ 닥치라고 ㅋㅋㅋㅋ,아 라디오 하니까 오버나잖아 ㅋㅋㅋㅋ 닥치라고 ㅋㅋㅋㅋ,0.272382527589798,0.11403832584619522,0.25311988592147827,0.12690705060958862,0.1680803745985031,0.06547188013792038
2024-05-19 23:22:16,케로햄이 뷰정적의견 건냄 -> 이거 우승선언 아님?,가자 ㅋㅋㅋㅋㅋ,58,58.0,케로햄이 뷰정적의견 건냄 -> 이거 우승선언 아님? 가자 ㅋㅋㅋㅋㅋ,케로햄이 뷰정적의견 건냄 -> 이거 우승선언 아님? 가자 ㅋㅋㅋㅋㅋ,0.06280609965324402,0.03302831947803497,0.13205766677856445,0.09886755794286728,0.6374394297599792,0.03580096364021301
2024-05-19 23:22:25,힘 빠지네,흠,58,58.0,힘 빠지네 흠,힘 빠지네 흠,0.17129428684711456,0.2558823227882385,0.2584860026836395,0.12289530783891678,0.13014791905879974,0.06129416078329086
2024-05-19 23:22:26,1 2위 경합 이리 오래 보여주는게 얼마만이냐 진짜??,존나 재밌네 ㅋㅋㅋㅋㅋㅋ,58,58.0,1 2위 경합 이리 오래 보여주는게 얼마만이냐 진짜?? 존나 재밌네 ㅋㅋㅋㅋㅋㅋ,1 2위 경합 이리 오래 보여주는게 얼마만이냐 진짜?? 존나 재밌네 ㅋㅋㅋㅋㅋㅋ,0.061178240925073624,0.03586581349372864,0.1308990865945816,0.07388817518949509,0.6727088689804077,0.02545977383852005
2024-05-19 23:22:28,노리스제발,- dc official App,58,58.0,노리스제발 - dc official App,노리스제발 - dc official App,0.08902022987604141,0.06953222304582596,0.19880709052085876,0.14736372232437134,0.4500429928302765,0.04523368552327156
2024-05-19 23:22:30,노리스 타이어 거의 썼나본데,제발,58,58.0,노리스 타이어 거의 썼나본데 제발,노리스 타이어 거의 썼나본데 제발,0.1421545147895813,0.15033043920993805,0.2549586296081543,0.2625035047531128,0.08544712513685226,0.10460580140352249
2024-05-19 23:22:35,시발 누리스야 넌 블화 깃발 받으면 안댄다,"근데 막가놈은 잡아라
르끌레르는 틀렸어
- dc official App",58,58.0,"시발 누리스야 넌 블화 깃발 받으면 안댄다 근데 막가놈은 잡아라
르끌레르는 틀렸어
- dc official App",시발 누리스야 넌 블화 깃발 받으면 안댄다 근데 막가놈은 잡아라 르끌레르는 틀렸어,0.24771204590797424,0.2155640572309494,0.2262996882200241,0.1633489578962326,0.08718868345022202,0.05988657474517822
2024-05-19 23:22:35,손에 땀 ㅈㄴ 나면 개추 ㅋㅋ,,58,58.0,손에 땀 ㅈㄴ 나면 개추 ㅋㅋ ,손에 땀 ㅈㄴ 나면 개추 ㅋㅋ,0.05906565859913826,0.034643471240997314,0.12080331146717072,0.08031792938709259,0.6744019389152527,0.030767612159252167
2024-05-19 23:22:36,슬슬 안좁혀지는데,아닌가,58,58.0,슬슬 안좁혀지는데 아닌가,슬슬 안좁혀지는데 아닌가,0.12794964015483856,0.1663627326488495,0.27412253618240356,0.2669689655303955,0.09535564482212067,0.06924045830965042
2024-05-19 23:22:37,무관행동 나올법 하지만 이제 유리스다,ㄱㄱㄱㄱㄱ,58,58.0,무관행동 나올법 하지만 이제 유리스다 ㄱㄱㄱㄱㄱ,무관행동 나올법 하지만 이제 유리스다 ㄱㄱㄱㄱㄱ,0.07387422025203705,0.04829305037856102,0.13502344489097595,0.07501392066478729,0.6332111954689026,0.034584157168865204
2024-05-19 23:22:37,잠만 벌어진다,안되는데,58,58.0,잠만 벌어진다 안되는데,잠만 벌어진다 안되는데,0.13600638508796692,0.1508823037147522,0.3556765913963318,0.173246368765831,0.11109667271375656,0.07309175282716751
2024-05-19 23:22:39,버튼의 영혼이 들어갔노,가자 흥민아,58,58.0,버튼의 영혼이 들어갔노 가자 흥민아,버튼의 영혼이 들어갔노 가자 흥민아,0.05748250335454941,0.03809630498290062,0.1603616625070572,0.11188886314630508,0.5798735022544861,0.052297137677669525
2024-05-19 23:22:39,하 이몰라 ㅅㅂ트랙,,58,58.0,하 이몰라 ㅅㅂ트랙 ,하 이몰라 ㅅㅂ트랙,0.29644477367401123,0.23118117451667786,0.19613254070281982,0.11266729980707169,0.11544916033744812,0.048125047236680984
2024-05-19 23:22:41,느려진다...,,58,58.0,느려진다... ,느려진다...,0.15346147119998932,0.18249332904815674,0.3537907600402832,0.15370593965053558,0.09861462563276291,0.057933881878852844
2024-05-19 23:22:42,1.5에서 벽잇는데,,58,58.0,1.5에서 벽잇는데 ,1.5에서 벽잇는데,0.11552976816892624,0.09579633176326752,0.2967340350151062,0.27088189125061035,0.1413211226463318,0.07973679900169373
2024-05-19 23:22:42,라디오 멘탈공격ㅋㅋ,- dc official App,58,58.0,라디오 멘탈공격ㅋㅋ - dc official App,라디오 멘탈공격ㅋㅋ - dc official App,0.11279838532209396,0.05373571813106537,0.22531405091285706,0.13048379123210907,0.42452672123908997,0.05314134433865547
2024-05-19 23:22:42,5랩 가능하냐,- dc official App,58,58.0,5랩 가능하냐 - dc official App,5랩 가능하냐 - dc official App,0.09156178683042526,0.046446543186903,0.2074653059244156,0.2973927855491638,0.29364997148513794,0.0634835809469223
2024-05-19 23:22:46,아 여기서 안좁혀지나?,아,58,58.0,아 여기서 안좁혀지나? 아,아 여기서 안좁혀지나? 아,0.17551063001155853,0.22093680500984192,0.3087523579597473,0.13002029061317444,0.1023406833410263,0.062439292669296265
2024-05-19 23:22:46,아 제발 몽골 모가지 좀 따주ㅜ,,58,58.0,아 제발 몽골 모가지 좀 따주ㅜ ,아 제발 몽골 모가지 좀 따주ㅜ,0.2578822672367096,0.22972095012664795,0.14905017614364624,0.1633700132369995,0.1368909776210785,0.06308560073375702
2024-05-19 23:22:48,아 끝났나보나,갭 안줄여짐,58,58.0,아 끝났나보나 갭 안줄여짐,아 끝났나보나 갭 안줄여짐,0.13261616230010986,0.1717730462551117,0.33016711473464966,0.20673410594463348,0.08084878325462341,0.07786072045564651
2024-05-19 23:22:48,맥라렌 업뎃 ㄹㅇ 맛있게 하네,티포시 눈물,58,58.0,맥라렌 업뎃 ㄹㅇ 맛있게 하네 티포시 눈물,맥라렌 업뎃 ㄹㅇ 맛있게 하네 티포시 눈물,0.0642986074090004,0.042132966220378876,0.1770665943622589,0.13578633964061737,0.5248525738716125,0.05586293339729309
2024-05-19 23:22:49,더 안줄어드노 ㅋㅋㅋ,쫄깃하네 ㅋㅋㅌ,58,58.0,더 안줄어드노 ㅋㅋㅋ 쫄깃하네 ㅋㅋㅌ,더 안줄어드노 ㅋㅋㅋ 쫄깃하네 ㅋㅋㅌ,0.05567183718085289,0.03846805915236473,0.12224967777729034,0.07353730499744415,0.6834723949432373,0.026600776240229607
2024-05-19 23:22:50,다시 벌어지는디?,벌려,58,58.0,다시 벌어지는디? 벌려,다시 벌어지는디? 벌려,0.07366656512022018,0.04269755631685257,0.1983596831560135,0.19120731949806213,0.43118271231651306,0.06288609653711319
2024-05-19 23:22:51,근데 5랩 밖에 안 남아서 버틸거같은데,,58,58.0,근데 5랩 밖에 안 남아서 버틸거같은데 ,근데 5랩 밖에 안 남아서 버틸거같은데,0.09967628121376038,0.09205126762390137,0.26207029819488525,0.3308370113372803,0.1139456108212471,0.10141956061124802
2024-05-19 23:22:51,추월 못할거같네,아쉽,58,58.0,추월 못할거같네 아쉽,추월 못할거같네 아쉽,0.12333995848894119,0.15544356405735016,0.34499382972717285,0.1782127320766449,0.15157072246074677,0.04643908888101578
2024-05-19 23:22:52,이왕 재밌게 타이어 펑처는 안나니,제발,58,58.0,이왕 재밌게 타이어 펑처는 안나니 제발,이왕 재밌게 타이어 펑처는 안나니 제발,0.11479232460260391,0.13481293618679047,0.28110271692276,0.16765111684799194,0.2154226154088974,0.08621826022863388
2024-05-19 23:22:54,5랩버텨라,,58,58.0,5랩버텨라 ,5랩버텨라,0.07701591402292252,0.06958861649036407,0.20007815957069397,0.154150128364563,0.4366789162158966,0.06248832494020462
2024-05-19 23:22:56,막스 한번만 삐끗해라,ㅇ,58,58.0,막스 한번만 삐끗해라 ㅇ,막스 한번만 삐끗해라 ㅇ,0.12393750995397568,0.10451196134090424,0.24784326553344727,0.22551089525222778,0.19733522832393646,0.10086110979318619
2024-05-19 23:22:57,라디오시치 ㅅㅂㅋㅋ,ㅋㅋㅋㅋ,58,58.0,라디오시치 ㅅㅂㅋㅋ ㅋㅋㅋㅋ,라디오시치 ㅅㅂㅋㅋ ㅋㅋㅋㅋ,0.149264395236969,0.06427177786827087,0.2146054208278656,0.11842048913240433,0.4132157564163208,0.04022214189171791
2024-05-19 23:22:57,아 노리스 나갔으면 좋겠다,제발 브레이크 잘못 밟아서 나가라 진짜 제발,58,58.0,아 노리스 나갔으면 좋겠다 제발 브레이크 잘못 밟아서 나가라 진짜 제발,아 노리스 나갔으면 좋겠다 제발 브레이크 잘못 밟아서 나가라 진짜 제발,0.2871718406677246,0.20523415505886078,0.17152267694473267,0.11289488524198532,0.17470064759254456,0.04847581312060356
2024-05-19 23:22:59,이제 더 안 줄어드노 ㅅㅂ,ㅅㅂ,58,58.0,이제 더 안 줄어드노 ㅅㅂ ㅅㅂ,이제 더 안 줄어드노 ㅅㅂ ㅅㅂ,0.25756800174713135,0.25641852617263794,0.19997355341911316,0.11438840627670288,0.1256599873304367,0.045991554856300354
2024-05-19 23:22:59,안되겠다이건,ㅇㅇ,58,58.0,안되겠다이건 ㅇㅇ,안되겠다이건 ㅇㅇ,0.14730258285999298,0.18980738520622253,0.3087228834629059,0.19893531501293182,0.0745234489440918,0.08070842176675797
2024-05-19 23:23:01,존나 쫄깃하네 ㅋㅋㅋㅋ,하 시발,58,58.0,존나 쫄깃하네 ㅋㅋㅋㅋ 하 시발,존나 쫄깃하네 ㅋㅋㅋㅋ 하 시발,0.07666055858135223,0.042396608740091324,0.1465516984462738,0.08993886411190033,0.6168180108070374,0.027634242549538612
2024-05-19 23:23:03,더 안되나,"+ dc official App
제발제발
- dc official App",58,58.0,"더 안되나 + dc official App
제발제발
- dc official App",더 안되나 + dc official App 제발제발,0.11092179268598557,0.1183323860168457,0.2333696335554123,0.14953401684761047,0.32079553604125977,0.06704659014940262
2024-05-19 23:23:02,이새끼 그냥 신임 ㅋㅋㅋㅋㅋㅋ,,58,58.0,이새끼 그냥 신임 ㅋㅋㅋㅋㅋㅋ ,이새끼 그냥 신임 ㅋㅋㅋㅋㅋㅋ,0.06396768242120743,0.030133869498968124,0.14279742538928986,0.11867029219865799,0.6044428944587708,0.03998780995607376
2024-05-19 23:23:03,베르스타펜도 DRS쓰면 되지 않냐?,뭐 횟수제한 이런거 있음?,58,58.0,베르스타펜도 DRS쓰면 되지 않냐? 뭐 횟수제한 이런거 있음?,베르스타펜도 DRS쓰면 되지 않냐? 뭐 횟수제한 이런거 있음?,0.11902652680873871,0.10856611281633377,0.24721629917621613,0.31352680921554565,0.13922853767871857,0.07243571430444717
2024-05-19 23:23:05,아니 직선에서 격차가 줄어드네,이게 직빨고자 좆라렌이 맞냐,58,58.0,아니 직선에서 격차가 줄어드네 이게 직빨고자 좆라렌이 맞냐,아니 직선에서 격차가 줄어드네 이게 직빨고자 좆라렌이 맞냐,0.19866448640823364,0.11853192001581192,0.22534622251987457,0.2814156711101532,0.07612574845552444,0.09991589933633804
2024-05-19 23:23:06,섹터 2에서 막스가 근소한 우위,쉽지 않다,58,58.0,섹터 2에서 막스가 근소한 우위 쉽지 않다,섹터 2에서 막스가 근소한 우위 쉽지 않다,0.09985440969467163,0.0802798867225647,0.25294461846351624,0.3417046368122101,0.13489340245723724,0.09032300114631653
2024-05-19 23:23:07,막스 오늘 분량많은거봐라,시작이랑 끝만 보이다가 ㅅㅂㅋㅋ,58,58.0,막스 오늘 분량많은거봐라 시작이랑 끝만 보이다가 ㅅㅂㅋㅋ,막스 오늘 분량많은거봐라 시작이랑 끝만 보이다가 ㅅㅂㅋㅋ,0.19137075543403625,0.10005268454551697,0.29673126339912415,0.15026403963565826,0.18204019963741302,0.07954107224941254
2024-05-19 23:23:08,1.5에 벽 있는데,안준다,58,58.0,1.5에 벽 있는데 안준다,1.5에 벽 있는데 안준다,0.18880967795848846,0.23512424528598785,0.30694136023521423,0.12793046236038208,0.10010576248168945,0.04108845442533493
2024-05-19 23:23:10,2랩 안에는 drs안에 들어가야될텐데,,58,58.0,2랩 안에는 drs안에 들어가야될텐데 ,2랩 안에는 drs안에 들어가야될텐데,0.0931866317987442,0.08441231399774551,0.270396888256073,0.2686120271682739,0.21873663365840912,0.06465542316436768
2024-05-19 23:23:17,제발 휠락 한번만,"제발
- dc official App",58,58.0,"제발 휠락 한번만 제발
- dc official App",제발 휠락 한번만 제발,0.1275368630886078,0.14029258489608765,0.22680418193340302,0.17367728054523468,0.2617815434932709,0.0699075311422348
2024-05-19 23:23:19,아 이거 벌어지나,아,58,58.0,아 이거 벌어지나 아,아 이거 벌어지나 아,0.11924046277999878,0.0971517264842987,0.28499889373779297,0.19525378942489624,0.196264386177063,0.10709065943956375
2024-05-19 23:23:21,설레발)병신,,58,58.0,설레발)병신 ,설레발)병신,0.12500706315040588,0.09546004980802536,0.26761147379875183,0.24927186965942383,0.18626448512077332,0.07638508826494217
2024-05-19 23:23:22,아 막스 이놈 왜케 잘해ㅡ.ㅡ,"이건아니지
- dc official App",58,58.0,"아 막스 이놈 왜케 잘해ㅡ.ㅡ 이건아니지
- dc official App",아 막스 이놈 왜케 잘해ㅡ.ㅡ 이건아니지,0.13187441229820251,0.0738212913274765,0.2592739164829254,0.21577784419059753,0.19826869666576385,0.12098382413387299
2024-05-19 23:23:22,격차 줄어드는 것도 점점 느려지네 개떨린다,,58,58.0,격차 줄어드는 것도 점점 느려지네 개떨린다 ,격차 줄어드는 것도 점점 느려지네 개떨린다,0.19450995326042175,0.14015375077724457,0.194065660238266,0.25944843888282776,0.10273823887109756,0.10908395797014236
2024-05-19 23:23:22,딱 타이어 수명 끝났다 와,이거 막스가 막겠는데,58,58.0,딱 타이어 수명 끝났다 와 이거 막스가 막겠는데,딱 타이어 수명 끝났다 와 이거 막스가 막겠는데,0.132753387093544,0.08974776417016983,0.2400800585746765,0.30328646302223206,0.10148389637470245,0.13264840841293335
2024-05-19 23:23:23,노리스도타이어 많이썼지 근데몽골좀이기자,애초에 르끌보다 4랩더달린타이어임,58,58.0,노리스도타이어 많이썼지 근데몽골좀이기자 애초에 르끌보다 4랩더달린타이어임,노리스도타이어 많이썼지 근데몽골좀이기자 애초에 르끌보다 4랩더달린타이어임,0.11511725932359695,0.10693887621164322,0.2740958631038666,0.30213314294815063,0.1055913046002388,0.09612353146076202
2024-05-19 23:23:24,타이어 수명 몽골 34랩 누리스 37랩인데 이게뭐냐 ㅋㅋ,레드불 업데이트로 무슨 병신차를 만들어온거임 ㅋㅋㅋㅋㅋㅋ,58,58.0,타이어 수명 몽골 34랩 누리스 37랩인데 이게뭐냐 ㅋㅋ 레드불 업데이트로 무슨 병신차를 만들어온거임 ㅋㅋㅋㅋㅋㅋ,타이어 수명 몽골 34랩 누리스 37랩인데 이게뭐냐 ㅋㅋ 레드불 업데이트로 무슨 병신차를 만들어온거임 ㅋㅋㅋㅋㅋㅋ,0.199837327003479,0.15201535820960999,0.23614925146102905,0.2598004639148712,0.08350060880184174,0.0686970204114914
2024-05-19 23:23:25,노리스랑 비슷한 상황에서 사인츠가 못넘었었는데,"재작년 캐나다였나
사인츠는 결국 못넘었는데 노리스는 과연 ㅋㅋ",58,58.0,"노리스랑 비슷한 상황에서 사인츠가 못넘었었는데 재작년 캐나다였나
사인츠는 결국 못넘었는데 노리스는 과연 ㅋㅋ",노리스랑 비슷한 상황에서 사인츠가 못넘었었는데 재작년 캐나다였나 사인츠는 결국 못넘었는데 노리스는 과연 ㅋㅋ,0.11307698488235474,0.05329582840204239,0.22268544137477875,0.3462751507759094,0.149153932929039,0.11551262438297272
2024-05-19 23:23:27,안되겠다,에라이,58,58.0,안되겠다 에라이,안되겠다 에라이,0.22148334980010986,0.19755829870700836,0.24641484022140503,0.18972192704677582,0.08420240879058838,0.060619205236434937
2024-05-19 23:23:26,아 타이어 다 썼나 이제,,58,58.0,아 타이어 다 썼나 이제 ,아 타이어 다 썼나 이제,0.15569324791431427,0.17492099106311798,0.3387608528137207,0.11925774067640305,0.14432084560394287,0.06704635173082352
2024-05-19 23:23:27,요즘은 타이어펑처 나는 인간미가 없네,ㅇ ㅇ,58,58.0,요즘은 타이어펑처 나는 인간미가 없네 ㅇ ㅇ,요즘은 타이어펑처 나는 인간미가 없네 ㅇ ㅇ,0.24039502441883087,0.19935427606105804,0.29295605421066284,0.10628166049718857,0.10526528209447861,0.0557476244866848
2024-05-19 23:23:28,아.. 안되겠다…,"ㅠㅜ
- dc official App",58,58.0,"아.. 안되겠다… ㅠㅜ
- dc official App",아.. 안되겠다… ㅠㅜ,0.15432924032211304,0.24041369557380676,0.26980316638946533,0.1588868945837021,0.09695464372634888,0.07961238920688629
2024-05-19 23:23:29,못넘겟다 이건 실수없으면,"개잼이네
- dc official App",58,58.0,"못넘겟다 이건 실수없으면 개잼이네
- dc official App",못넘겟다 이건 실수없으면 개잼이네,0.0833488404750824,0.05362329259514809,0.19055278599262238,0.14509770274162292,0.4773659110069275,0.050011489540338516
2024-05-19 23:23:29,못좁히네 이제 GG,,58,58.0,못좁히네 이제 GG ,못좁히네 이제 GG,0.1446884721517563,0.18998479843139648,0.3258550465106964,0.1740294098854065,0.08145743608474731,0.0839848443865776
2024-05-19 23:23:30,습 못따라갈거갘네,쉽지않군,58,58.0,습 못따라갈거갘네 쉽지않군,습 못따라갈거갘네 쉽지않군,0.10695512592792511,0.1276387721300125,0.2975854277610779,0.28133875131607056,0.09611424058675766,0.09036765247583389
2024-05-19 23:23:31,죽었다 아,,59,59.0,죽었다 아 ,죽었다 아,0.21184594929218292,0.1833970993757248,0.26109203696250916,0.14994299411773682,0.10766385495662689,0.08605808019638062
2024-05-19 23:23:32,아 실수좀 줄여봐,제발,59,59.0,아 실수좀 줄여봐 제발,아 실수좀 줄여봐 제발,0.16500099003314972,0.2437806874513626,0.2475191205739975,0.16195225715637207,0.10451946407556534,0.07722747325897217
2024-05-19 23:23:32,아오 안줄어드네,아오,59,59.0,아오 안줄어드네 아오,아오 안줄어드네 아오,0.26379236578941345,0.24158556759357452,0.22385044395923615,0.1064319834113121,0.12590423226356506,0.0384354330599308
2024-05-19 23:23:34,ㅅㅂ 나간거 아니냐 아까,"벌써 2번같은데
Oracle Red Bull Racing RB20",59,59.0,"ㅅㅂ 나간거 아니냐 아까 벌써 2번같은데
Oracle Red Bull Racing RB20",ㅅㅂ 나간거 아니냐 아까 벌써 2번같은데 Oracle Red Bull Racing RB20,0.2697876989841461,0.22035984694957733,0.21889039874076843,0.11019662767648697,0.13681934773921967,0.04394602030515671
2024-05-19 23:23:35,막스 프레셔 때문에 실수 안하냐고,,59,59.0,막스 프레셔 때문에 실수 안하냐고 ,막스 프레셔 때문에 실수 안하냐고,0.12665235996246338,0.15094812214374542,0.32630985975265503,0.20060957968235016,0.11290236562490463,0.08257776498794556
2024-05-19 23:23:36,더 안 좁혀지네 쩝,하,59,59.0,더 안 좁혀지네 쩝 하,더 안 좁혀지네 쩝 하,0.1793193519115448,0.26668664813041687,0.2696879208087921,0.12999697029590607,0.09972811490297318,0.054580945521593094
2024-05-19 23:23:36,짐 누리스도 블화 간당간당한거 아니냐?,"짐 한두번 나간거 같은데
- dc official App",59,59.0,"짐 누리스도 블화 간당간당한거 아니냐? 짐 한두번 나간거 같은데
- dc official App",짐 누리스도 블화 간당간당한거 아니냐? 짐 한두번 나간거 같은데,0.11958074569702148,0.09379647672176361,0.21875514090061188,0.349042683839798,0.10711938887834549,0.11170557141304016
2024-05-19 23:23:40,노리스 타이어 끝났네,,59,59.0,노리스 타이어 끝났네 ,노리스 타이어 끝났네,0.1279759258031845,0.15386958420276642,0.3644510805606842,0.1857776641845703,0.10822030156850815,0.059705425053834915
2024-05-19 23:23:39,타이어 다 썼나 좀씩 늘어나네,,59,59.0,타이어 다 썼나 좀씩 늘어나네 ,타이어 다 썼나 좀씩 늘어나네,0.11916685104370117,0.12115521728992462,0.30461087822914124,0.26918718218803406,0.10828842222690582,0.0775914192199707
2024-05-19 23:23:42,1.7 ㅋㅋㅋㅋㅋㅋ,,59,59.0,1.7 ㅋㅋㅋㅋㅋㅋ ,1.7 ㅋㅋㅋㅋㅋㅋ,0.14654412865638733,0.06103455647826195,0.25554123520851135,0.22561796009540558,0.24010147154331207,0.07116067409515381
2024-05-19 23:23:42,항상 그랬듯이 그냥 희망고문인거 같으면 개추 ㅋㅋㅋㅋㅋ,- dc official App,59,59.0,항상 그랬듯이 그냥 희망고문인거 같으면 개추 ㅋㅋㅋㅋㅋ - dc official App,항상 그랬듯이 그냥 희망고문인거 같으면 개추 ㅋㅋㅋㅋㅋ - dc official App,0.09795726090669632,0.09033791720867157,0.241247296333313,0.14821885526180267,0.3603600859642029,0.06187863647937775
2024-05-19 23:23:43,제발 한번만 drs존 붙어줘,"제발제발
- dc official App",59,59.0,"제발 한번만 drs존 붙어줘 제발제발
- dc official App",제발 한번만 drs존 붙어줘 제발제발,0.1046743169426918,0.11664366722106934,0.17955976724624634,0.12584461271762848,0.41421616077423096,0.05906141176819801
2024-05-19 23:23:43,아 벌어진다,,59,59.0,아 벌어진다 ,아 벌어진다,0.11175537109375,0.05029326677322388,0.21647384762763977,0.25216779112815857,0.2774677872657776,0.09184195846319199
2024-05-19 23:23:46,노리스에게서 이몰라WEC 에스트레의 모습이 보인다…,,59,59.0,노리스에게서 이몰라WEC 에스트레의 모습이 보인다… ,노리스에게서 이몰라WEC 에스트레의 모습이 보인다…,0.08329199254512787,0.04820895195007324,0.22718457877635956,0.2733348608016968,0.2815755605697632,0.08640410751104355
2024-05-19 23:23:46,1.8 ㅋㅋㅋㅋㅋㅋㅋ,,59,59.0,1.8 ㅋㅋㅋㅋㅋㅋㅋ ,1.8 ㅋㅋㅋㅋㅋㅋㅋ,0.2090114802122116,0.08980178087949753,0.28116554021835327,0.16905009746551514,0.1709836721420288,0.07998750358819962
2024-05-19 23:23:48,좆라리가 진짜 개같네..,희망이란 희망은 다 주고 ㅠㅠ,59,59.0,좆라리가 진짜 개같네.. 희망이란 희망은 다 주고 ㅠㅠ,좆라리가 진짜 개같네.. 희망이란 희망은 다 주고 ㅠㅠ,0.26784083247184753,0.26172706484794617,0.18849506974220276,0.10212310403585434,0.1343982219696045,0.04541574791073799
2024-05-19 23:23:48,끝났듯 ㅠㅠ,- dc official App,59,59.0,끝났듯 ㅠㅠ - dc official App,끝났듯 ㅠㅠ - dc official App,0.13018079102039337,0.17446935176849365,0.3117763102054596,0.1597522348165512,0.14132481813430786,0.08249654620885849
2024-05-19 23:23:49,이몰라 개꿀잼인데?ㅋㅋㅋ,ㄱ시ㅡㄱ이,59,59.0,이몰라 개꿀잼인데?ㅋㅋㅋ ㄱ시ㅡㄱ이,이몰라 개꿀잼인데?ㅋㅋㅋ ㄱ시ㅡㄱ이,0.06509003043174744,0.03628785163164139,0.11679496616125107,0.06411329656839371,0.6941683292388916,0.023545509204268456
2024-05-19 23:23:50,아 타이어 다썼나,안줄어드네,59,59.0,아 타이어 다썼나 안줄어드네,아 타이어 다썼나 안줄어드네,0.1801556646823883,0.22348695993423462,0.3082487881183624,0.13291595876216888,0.10140755027532578,0.05378511920571327
2024-05-19 23:23:51,막스 간만에 재미주네,,59,59.0,막스 간만에 재미주네 ,막스 간만에 재미주네,0.05512508749961853,0.03960595279932022,0.12220887839794159,0.06232322007417679,0.6971970796585083,0.02353982999920845
2024-05-19 23:23:52,아니 근데 쥬지 핏스탑 왜 한거임?,- dc official App,59,59.0,아니 근데 쥬지 핏스탑 왜 한거임? - dc official App,아니 근데 쥬지 핏스탑 왜 한거임? - dc official App,0.12520034611225128,0.09425806999206543,0.29686129093170166,0.2829226851463318,0.11339840292930603,0.08735918253660202
2024-05-19 23:23:52,막스 미친놈 왜 실수를안하노,ㅋㅋㅋㅋㅋㅋ,59,59.0,막스 미친놈 왜 실수를안하노 ㅋㅋㅋㅋㅋㅋ,막스 미친놈 왜 실수를안하노 ㅋㅋㅋㅋㅋㅋ,0.08112318068742752,0.03500359505414963,0.18984010815620422,0.19842298328876495,0.42702770233154297,0.06858240067958832
2024-05-19 23:23:52,이전 랩에서 막스가 0.1초 더 빠름,여기까진가보다,59,59.0,이전 랩에서 막스가 0.1초 더 빠름 여기까진가보다,이전 랩에서 막스가 0.1초 더 빠름 여기까진가보다,0.11378446966409683,0.1214413121342659,0.3597983121871948,0.2191154807806015,0.10764284431934357,0.07821761071681976
2024-05-19 23:23:59,결국 안된다 ㅋㅋ,ㅋㅋ,59,59.0,결국 안된다 ㅋㅋ ㅋㅋ,결국 안된다 ㅋㅋ ㅋㅋ,0.16594649851322174,0.13320966064929962,0.3292347192764282,0.16404248774051666,0.13567906618118286,0.07188760489225388
2024-05-19 23:23:58,아씨발,,59,59.0,아씨발 ,아씨발,0.2750800549983978,0.20806102454662323,0.2229931503534317,0.11826547980308533,0.13327544927597046,0.042324814945459366
2024-05-19 23:23:59,휠락 딱 한번만,아...도움없인 불가능일거 같음,59,59.0,휠락 딱 한번만 아...도움없인 불가능일거 같음,휠락 딱 한번만 아...도움없인 불가능일거 같음,0.107759028673172,0.15584072470664978,0.3046574592590332,0.17405056953430176,0.1609136164188385,0.09677866101264954
2024-05-19 23:24:01,걍 둘다 스핀해서 리타좀,티포시 휴거 좀 해보자,59,59.0,걍 둘다 스핀해서 리타좀 티포시 휴거 좀 해보자,걍 둘다 스핀해서 리타좀 티포시 휴거 좀 해보자,0.14611591398715973,0.13424736261367798,0.23450055718421936,0.14668457210063934,0.265057235956192,0.0733942836523056
2024-05-19 23:24:01,타이어 노리스도 다 썻나부네,"1.6~8에 벽생겼다
- dc official App",59,59.0,"타이어 노리스도 다 썻나부네 1.6~8에 벽생겼다
- dc official App",타이어 노리스도 다 썻나부네 1.6~8에 벽생겼다,0.13327467441558838,0.0829944834113121,0.24548117816448212,0.32326966524124146,0.10359198600053787,0.11138802766799927
2024-05-19 23:24:01,페이스 .4초 차이나다가 .1초로 갭 줄어듬,못잡겠다,59,59.0,페이스 .4초 차이나다가 .1초로 갭 줄어듬 못잡겠다,페이스 .4초 차이나다가 .1초로 갭 줄어듬 못잡겠다,0.1479743868112564,0.13648931682109833,0.27348586916923523,0.26419034600257874,0.08940765261650085,0.08845236152410507
2024-05-19 23:24:01,쫄깃하네 씨바거,"그 만 와
Oracle Red Bull Racing RB20",59,59.0,"쫄깃하네 씨바거 그 만 와
Oracle Red Bull Racing RB20",쫄깃하네 씨바거 그 만 와 Oracle Red Bull Racing RB20,0.1983686089515686,0.09104515612125397,0.21811263263225555,0.08998541533946991,0.3591640293598175,0.04332417622208595
2024-05-19 23:24:01,막스가 좆으로 보이냐 ㅋㅋ,크루징한다고 진짜 딸깍충인줄 아노 ㅋㅋ,59,59.0,막스가 좆으로 보이냐 ㅋㅋ 크루징한다고 진짜 딸깍충인줄 아노 ㅋㅋ,막스가 좆으로 보이냐 ㅋㅋ 크루징한다고 진짜 딸깍충인줄 아노 ㅋㅋ,0.25287678837776184,0.11844810843467712,0.2122901976108551,0.21920868754386902,0.13192306458950043,0.06525316089391708
2024-05-19 23:24:01,아 노리스도 타이어 다썼나본데,벌어진다,59,59.0,아 노리스도 타이어 다썼나본데 벌어진다,아 노리스도 타이어 다썼나본데 벌어진다,0.12772046029567719,0.07796764373779297,0.2444099485874176,0.3204416036605835,0.1114550307393074,0.11800531297922134
2024-05-19 23:24:03,막스 갑자기 빨라졌네,"빳데리 모아놨다가
Drs 들어오기 직전에 다 때려붓는듯",59,59.0,"막스 갑자기 빨라졌네 빳데리 모아놨다가
Drs 들어오기 직전에 다 때려붓는듯",막스 갑자기 빨라졌네 빳데리 모아놨다가 Drs 들어오기 직전에 다 때려붓는듯,0.1282503604888916,0.06310097873210907,0.23229612410068512,0.3492964506149292,0.11577348411083221,0.111282579600811
2024-05-19 23:24:03,노리스 트랙 넘나드는데?,유리스??,59,59.0,노리스 트랙 넘나드는데? 유리스??,노리스 트랙 넘나드는데? 유리스??,0.10451027750968933,0.052278220653533936,0.21200892329216003,0.34866753220558167,0.18592073023319244,0.09661433845758438
2024-05-19 23:24:03,제발 막가놈 1위,,59,59.0,제발 막가놈 1위 ,제발 막가놈 1위,0.279421865940094,0.17009922862052917,0.16230444610118866,0.13926127552986145,0.19053791463375092,0.05837526544928551
2024-05-19 23:24:06,노리스 타이어 다 쓴거 같은데,격차가 안 줄어드네,59,59.0,노리스 타이어 다 쓴거 같은데 격차가 안 줄어드네,노리스 타이어 다 쓴거 같은데 격차가 안 줄어드네,0.13261421024799347,0.17255733907222748,0.315583199262619,0.22647137939929962,0.07544775307178497,0.077326200902462
2024-05-19 23:24:06,랜도도 타이어 가긴 갔네,ㅈㄴ 불안하네,59,59.0,랜도도 타이어 가긴 갔네 ㅈㄴ 불안하네,랜도도 타이어 가긴 갔네 ㅈㄴ 불안하네,0.12024197727441788,0.11890529841184616,0.2573384642601013,0.29254254698753357,0.12341686338186264,0.08755487203598022
2024-05-19 23:24:07,재밌긴 했다 하,,59,59.0,재밌긴 했다 하 ,재밌긴 했다 하,0.07626986503601074,0.05833727493882179,0.15834270417690277,0.0727972686290741,0.6054431200027466,0.028809795156121254
2024-05-19 23:24:08,따이는줄 알았네ㅋㅋ,어우 시발거,59,59.0,따이는줄 알았네ㅋㅋ 어우 시발거,따이는줄 알았네ㅋㅋ 어우 시발거,0.26351019740104675,0.13904733955860138,0.24936911463737488,0.14574161171913147,0.12396359443664551,0.07836814969778061
2024-05-19 23:24:08,막스 <<<< 이새끼 걍 티배깅임 ㄹㅇ,ㅇㅇ,59,59.0,막스 <<<< 이새끼 걍 티배깅임 ㄹㅇ ㅇㅇ,막스 <<<< 이새끼 걍 티배깅임 ㄹㅇ ㅇㅇ,0.1986793577671051,0.09213769435882568,0.1984311193227768,0.3168811500072479,0.111600361764431,0.08227036148309708
2024-05-19 23:24:09,아씨발 뮤ㅓ야 왜 벌어저 무관견씹년아 손흥민 이탈리아옴?,,59,59.0,아씨발 뮤ㅓ야 왜 벌어저 무관견씹년아 손흥민 이탈리아옴? ,아씨발 뮤ㅓ야 왜 벌어저 무관견씹년아 손흥민 이탈리아옴?,0.29490262269973755,0.15646317601203918,0.22606217861175537,0.13346630334854126,0.1312868744134903,0.05781875550746918
2024-05-19 23:24:10,근데 예상 랩보다는 늦게 배틀이 시작될거 같은데,이거 막스 우승 같다,59,59.0,근데 예상 랩보다는 늦게 배틀이 시작될거 같은데 이거 막스 우승 같다,근데 예상 랩보다는 늦게 배틀이 시작될거 같은데 이거 막스 우승 같다,0.07668667286634445,0.03962617740035057,0.23237580060958862,0.22011269629001617,0.3676857054233551,0.06351298838853836
2024-05-19 23:24:13,되겠냐고 ㅋㅋㅋㅋㅋㅋ,,59,59.0,되겠냐고 ㅋㅋㅋㅋㅋㅋ ,되겠냐고 ㅋㅋㅋㅋㅋㅋ,0.1500682383775711,0.088636115193367,0.2666568160057068,0.2832559645175934,0.1268066167831421,0.08457619696855545
2024-05-19 23:24:14,아 힘들어보이네..,막스 씨발 미친놈인가 진짜,59,59.0,아 힘들어보이네.. 막스 씨발 미친놈인가 진짜,아 힘들어보이네.. 막스 씨발 미친놈인가 진짜,0.23210948705673218,0.23230673372745514,0.2052331417798996,0.16532500088214874,0.08787086606025696,0.07715480029582977
2024-05-19 23:24:15,아 이거 안되겠는데,,59,59.0,아 이거 안되겠는데 ,아 이거 안되겠는데,0.13243407011032104,0.1417941004037857,0.295780211687088,0.2514224946498871,0.09002213925123215,0.08854696899652481
2024-05-19 23:24:19,끝났다,아..,59,59.0,끝났다 아..,끝났다 아..,0.1574680358171463,0.2003149390220642,0.3261759579181671,0.13124269247055054,0.10674208402633667,0.07805635780096054
2024-05-19 23:24:18,벌어진다 휴~,- dc official App,59,59.0,벌어진다 휴~ - dc official App,벌어진다 휴~ - dc official App,0.05917126312851906,0.03183504566550255,0.13160724937915802,0.095949187874794,0.6527637839317322,0.028673559427261353
2024-05-19 23:24:20,어우막 ㅋㅋㅋㅋ,ㅋㅋㅋㅋ,59,59.0,어우막 ㅋㅋㅋㅋ ㅋㅋㅋㅋ,어우막 ㅋㅋㅋㅋ ㅋㅋㅋㅋ,0.059227872639894485,0.031909722834825516,0.12310579419136047,0.0879993662238121,0.6736688017845154,0.02408849634230137
2024-05-19 23:24:24,막노대전 벌써부터 기대되면 개추 ㅋㅋㅋ,2021 햄막대전 이후 멈췄던 심장이 다시 뛰기 시작했다..,59,59.0,막노대전 벌써부터 기대되면 개추 ㅋㅋㅋ 2021 햄막대전 이후 멈췄던 심장이 다시 뛰기 시작했다..,막노대전 벌써부터 기대되면 개추 ㅋㅋㅋ 2021 햄막대전 이후 멈췄던 심장이 다시 뛰기 시작했다..,0.051076874136924744,0.03634611517190933,0.11898477375507355,0.06254130601882935,0.7049556970596313,0.026095308363437653
2024-05-19 23:24:26,막스 십새기야 니가 재미를 아는 사람이면 기어 하나 덜쓰고 싸우자,으아아,59,59.0,막스 십새기야 니가 재미를 아는 사람이면 기어 하나 덜쓰고 싸우자 으아아,막스 십새기야 니가 재미를 아는 사람이면 기어 하나 덜쓰고 싸우자 으아아,0.3395344614982605,0.16262903809547424,0.1775190234184265,0.13494765758514404,0.12427233904600143,0.06109747290611267
2024-05-19 23:24:26,막스 저거 카메라 잡힐려고 일부러 느리게 달린거임,샌드배깅임 그냥,59,59.0,막스 저거 카메라 잡힐려고 일부러 느리게 달린거임 샌드배깅임 그냥,막스 저거 카메라 잡힐려고 일부러 느리게 달린거임 샌드배깅임 그냥,0.1342381238937378,0.08173386007547379,0.25308915972709656,0.34191587567329407,0.10539622604846954,0.08362676948308945
2024-05-19 23:24:28,아 안 되겠는데,ㄲㅂ,59,59.0,아 안 되겠는데 ㄲㅂ,아 안 되겠는데 ㄲㅂ,0.16163240373134613,0.2144765555858612,0.3183037042617798,0.12507981061935425,0.11868807673454285,0.061819471418857574
2024-05-19 23:24:30,존나 재밌긴했다,우승은 절대 안주노ㅋㅋㅋ,59,59.0,존나 재밌긴했다 우승은 절대 안주노ㅋㅋㅋ,존나 재밌긴했다 우승은 절대 안주노ㅋㅋㅋ,0.14981460571289062,0.10365159064531326,0.2815333306789398,0.12093071639537811,0.29105284810066223,0.05301696062088013
2024-05-19 23:24:31,갑자기 확 줄어든다,ㅇ,59,59.0,갑자기 확 줄어든다 ㅇ,갑자기 확 줄어든다 ㅇ,0.1240338683128357,0.09375864267349243,0.2873181700706482,0.27939683198928833,0.13069716095924377,0.08479534089565277
2024-05-19 23:24:33,와 막스도 진짜 존나잘하네 ㅋㅋㅋㅋㅋ,시발 이걸 지킨다고,59,59.0,와 막스도 진짜 존나잘하네 ㅋㅋㅋㅋㅋ 시발 이걸 지킨다고,와 막스도 진짜 존나잘하네 ㅋㅋㅋㅋㅋ 시발 이걸 지킨다고,0.12247013300657272,0.05617443844676018,0.19081857800483704,0.2736133337020874,0.23589102923870087,0.1210324838757515
2024-05-19 23:24:34,어우막,ㅗ,59,59.0,어우막 ㅗ,어우막 ㅗ,0.30995410680770874,0.1471138447523117,0.1734163463115692,0.1387307196855545,0.1779830902814865,0.05280190706253052
2024-05-19 23:24:35,어 씨발 갑자기 좁혀지는데 ㅋㅋㅋㅋ,아,59,59.0,어 씨발 갑자기 좁혀지는데 ㅋㅋㅋㅋ 아,어 씨발 갑자기 좁혀지는데 ㅋㅋㅋㅋ 아,0.18011783063411713,0.08939231187105179,0.30177971720695496,0.1456446647644043,0.19701626896858215,0.08604920655488968
2024-05-19 23:24:40,그와중에 은근 병신인 놈,르끌은 왜 기대할수록 폼이 구린 느낌이지,59,59.0,그와중에 은근 병신인 놈 르끌은 왜 기대할수록 폼이 구린 느낌이지,그와중에 은근 병신인 놈 르끌은 왜 기대할수록 폼이 구린 느낌이지,0.19789057970046997,0.18588489294052124,0.269975870847702,0.21070118248462677,0.06324846297502518,0.07229893654584885
2024-05-19 23:24:42,탐부렐로~토사에서 맥이 좀더 빠르네,제발따라ㅜㅜ,59,59.0,탐부렐로~토사에서 맥이 좀더 빠르네 제발따라ㅜㅜ,탐부렐로~토사에서 맥이 좀더 빠르네 제발따라ㅜㅜ,0.09834914654493332,0.10458260774612427,0.24363383650779724,0.17493630945682526,0.28893011808395386,0.08956801891326904
2024-05-19 23:24:42,타이어 다썼네 ㅠㅠ,ㅅㅂ,59,59.0,타이어 다썼네 ㅠㅠ ㅅㅂ,타이어 다썼네 ㅠㅠ ㅅㅂ,0.22042664885520935,0.26039379835128784,0.2322491705417633,0.10216566920280457,0.14258986711502075,0.042174842208623886
2024-05-19 23:24:44,오 힘내나 노짱,"모아놓은 배터리 털어내나
- dc official App",59,59.0,"오 힘내나 노짱 모아놓은 배터리 털어내나
- dc official App",오 힘내나 노짱 모아놓은 배터리 털어내나,0.10527144372463226,0.11072959005832672,0.25042739510536194,0.19832894206047058,0.23919552564620972,0.09604702889919281
2024-05-19 23:24:51,텄다 텄어,,59,59.0,텄다 텄어 ,텄다 텄어,0.12120422720909119,0.10121362656354904,0.28028106689453125,0.14389319717884064,0.2900594174861908,0.06334841996431351
2024-05-19 23:24:53,막스가 섹터2에서 진짜 날아다니네,역시 막가놈,60,60.0,막스가 섹터2에서 진짜 날아다니네 역시 막가놈,막스가 섹터2에서 진짜 날아다니네 역시 막가놈,0.1531888246536255,0.0647917091846466,0.181038036942482,0.32749849557876587,0.131961390376091,0.14152155816555023
2024-05-19 23:24:53,아잡자,제발,60,60.0,아잡자 제발,아잡자 제발,0.21418553590774536,0.2020336091518402,0.21169273555278778,0.11241677403450012,0.1971074342727661,0.0625639483332634
2024-05-19 23:24:54,막스 코너 하나만 더 컷해줘라 제발,,60,60.0,막스 코너 하나만 더 컷해줘라 제발 ,막스 코너 하나만 더 컷해줘라 제발,0.18772825598716736,0.19946759939193726,0.2472693920135498,0.11493347585201263,0.20052587985992432,0.05007540434598923
2024-05-19 23:24:57,솔직히 ㅈㄴ 식겁햇다,그저 심심했던 막스의 쇼맨쉽이었다는 것을 알기 전까지,60,60.0,솔직히 ㅈㄴ 식겁햇다 그저 심심했던 막스의 쇼맨쉽이었다는 것을 알기 전까지,솔직히 ㅈㄴ 식겁햇다 그저 심심했던 막스의 쇼맨쉽이었다는 것을 알기 전까지,0.1498717963695526,0.1275329887866974,0.33682525157928467,0.17918415367603302,0.10270527750253677,0.10388054698705673
2024-05-19 23:24:58,트랙리밋 안넘네,ㅋㅋ독힌다독해,60,60.0,트랙리밋 안넘네 ㅋㅋ독힌다독해,트랙리밋 안넘네 ㅋㅋ독힌다독해,0.10376235842704773,0.06106792390346527,0.22297975420951843,0.2826145589351654,0.21755407750606537,0.11202128231525421
2024-05-19 23:25:00,ㅅㅂ 르끌레  미끌하기전 타이어 노리스 줬음,"됐는데
노리스 타이어 갔다..",60,60.0,"ㅅㅂ 르끌레  미끌하기전 타이어 노리스 줬음 됐는데
노리스 타이어 갔다..",ㅅㅂ 르끌레 미끌하기전 타이어 노리스 줬음 됐는데 노리스 타이어 갔다..,0.255613774061203,0.23051033914089203,0.24629610776901245,0.0981592908501625,0.1323346495628357,0.03708580136299133
2024-05-19 23:25:01,아 안좁혀진다,아,60,60.0,아 안좁혀진다 아,아 안좁혀진다 아,0.1989237666130066,0.2476378083229065,0.27871009707450867,0.1150037944316864,0.11593854427337646,0.043786004185676575
2024-05-19 23:25:02,재끼긴 텃고 막스 패널티만이 희망이네,한번만 나가줘라 ㅋ,60,60.0,재끼긴 텃고 막스 패널티만이 희망이네 한번만 나가줘라 ㅋ,재끼긴 텃고 막스 패널티만이 희망이네 한번만 나가줘라 ㅋ,0.16587191820144653,0.1663850098848343,0.22298696637153625,0.13668011128902435,0.22102203965187073,0.08705387264490128
2024-05-19 23:25:02,아무튼 병신,몰라 씨발.,60,60.0,아무튼 병신 몰라 씨발.,아무튼 병신 몰라 씨발.,0.3299703896045685,0.17798784375190735,0.19714242219924927,0.12163452804088593,0.12875770032405853,0.04450714588165283
2024-05-19 23:25:02,안될거같다,,60,60.0,안될거같다 ,안될거같다,0.13215558230876923,0.183016836643219,0.311361163854599,0.22111305594444275,0.08283812552690506,0.069515161216259
2024-05-19 23:25:03,1.5를 못넘기네,어렵겠다,60,60.0,1.5를 못넘기네 어렵겠다,1.5를 못넘기네 어렵겠다,0.10637073963880539,0.10948736220598221,0.2935265302658081,0.3003308176994324,0.10355407744646072,0.08673045039176941
2024-05-19 23:25:04,막노르의 시대가 올까요...?,아 오지요...,60,60.0,막노르의 시대가 올까요...? 아 오지요...,막노르의 시대가 올까요...? 아 오지요...,0.09361521899700165,0.08126746118068695,0.23542243242263794,0.28482359647750854,0.20449848473072052,0.1003728061914444
2024-05-19 23:25:06,그래도 순수재미고트였음ㅋㅋㅋ,개노잼이었는데 후반랩 완전 순삭,60,60.0,그래도 순수재미고트였음ㅋㅋㅋ 개노잼이었는데 후반랩 완전 순삭,그래도 순수재미고트였음ㅋㅋㅋ 개노잼이었는데 후반랩 완전 순삭,0.12494558095932007,0.07692041248083115,0.27020561695098877,0.12624917924404144,0.3485627770423889,0.05311644822359085
2024-05-19 23:25:06,신리스 부활 ㅋㅋㅋㅋ,,60,60.0,신리스 부활 ㅋㅋㅋㅋ ,신리스 부활 ㅋㅋㅋㅋ,0.053943268954753876,0.034164998680353165,0.10664234310388565,0.06354045122861862,0.7196295857429504,0.022079333662986755
2024-05-19 23:25:07,타이어 펑쳐안나나,ㄷㄷ,60,60.0,타이어 펑쳐안나나 ㄷㄷ,타이어 펑쳐안나나 ㄷㄷ,0.14372435212135315,0.08734524995088577,0.20434124767780304,0.31952768564224243,0.11964882910251617,0.12541264295578003
2024-05-19 23:25:14,못붙겠다,쉽지않을듯,60,60.0,못붙겠다 쉽지않을듯,못붙겠다 쉽지않을듯,0.10449521988630295,0.1108151376247406,0.26027747988700867,0.3288843333721161,0.09373419731855392,0.10179358720779419
2024-05-19 23:25:15,오 줄어든다,,60,60.0,오 줄어든다 ,오 줄어든다,0.06758810579776764,0.05033429339528084,0.18176718056201935,0.12978263199329376,0.5307090878486633,0.039818745106458664
2024-05-19 23:25:16,엪국가 입갤 3랩전ㅋㅋ,- dc official App,60,60.0,엪국가 입갤 3랩전ㅋㅋ - dc official App,엪국가 입갤 3랩전ㅋㅋ - dc official App,0.06608768552541733,0.03282802551984787,0.13276642560958862,0.09740777313709259,0.6418235898017883,0.029086489230394363
2024-05-19 23:25:23,GP야 막스한테 브레이킹중에 말 좀 걸어봐라,급함,60,60.0,GP야 막스한테 브레이킹중에 말 좀 걸어봐라 급함,GP야 막스한테 브레이킹중에 말 좀 걸어봐라 급함,0.08641395717859268,0.08406271785497665,0.23493900895118713,0.26484113931655884,0.23386329412460327,0.09587988257408142
2024-05-19 23:25:23,3랩 ㅈㅂ,,60,60.0,3랩 ㅈㅂ ,3랩 ㅈㅂ,0.22108937799930573,0.14398495852947235,0.25957685708999634,0.14291343092918396,0.16344237327575684,0.06899303197860718
2024-05-19 23:25:23,오 ㅋㅋㅋㅋㅋㅋ,,60,60.0,오 ㅋㅋㅋㅋㅋㅋ ,오 ㅋㅋㅋㅋㅋㅋ,0.06577959656715393,0.03026418201625347,0.14764657616615295,0.12435657531023026,0.5997119545936584,0.03224111348390579
2024-05-19 23:25:24,휠락 함 안되냐,가보자가보자,60,60.0,휠락 함 안되냐 가보자가보자,휠락 함 안되냐 가보자가보자,0.07078228145837784,0.0521061010658741,0.17320814728736877,0.1538109928369522,0.49281835556030273,0.057274095714092255
2024-05-19 23:25:25,노리스 브레이크 밟는거부터가 몽골보다 좋은데?,,60,60.0,노리스 브레이크 밟는거부터가 몽골보다 좋은데? ,노리스 브레이크 밟는거부터가 몽골보다 좋은데?,0.09628541022539139,0.04855332523584366,0.21595416963100433,0.31773751974105835,0.23891334235668182,0.08255619555711746
2024-05-19 23:25:26,1:20.637 vs 1:20.239,누리스가 약간 빠름,60,60.0,1:20.637 vs 1:20.239 누리스가 약간 빠름,1:20.637 vs 1:20.239 누리스가 약간 빠름,0.09788782894611359,0.0608900710940361,0.2472352236509323,0.26737111806869507,0.2744959890842438,0.052119817584753036
2024-05-19 23:25:26,그와중에 보타스부터 사전트까지 DRS트레인 뭐냐ㅋㅋ,,60,60.0,그와중에 보타스부터 사전트까지 DRS트레인 뭐냐ㅋㅋ ,그와중에 보타스부터 사전트까지 DRS트레인 뭐냐ㅋㅋ,0.17812073230743408,0.09101270139217377,0.2364969700574875,0.28579846024513245,0.11251933872699738,0.09605181962251663
2024-05-19 23:25:27,1.3 ㅈㅂ,ㅈㅂ,60,60.0,1.3 ㅈㅂ ㅈㅂ,1.3 ㅈㅂ ㅈㅂ,0.26134806871414185,0.19330283999443054,0.20866143703460693,0.12784487009048462,0.15035824477672577,0.05848463252186775
2024-05-19 23:25:27,와 이거 따이는거 아니겟지,,60,60.0,와 이거 따이는거 아니겟지 ,와 이거 따이는거 아니겟지,0.11405117809772491,0.05710988864302635,0.21156109869480133,0.33752286434173584,0.16160020232200623,0.11815482378005981
2024-05-19 23:25:28,갑자기 존나 재밌어지노ㅋㅋ,"이게 야스지ㅋㅋ
- dc official App",60,60.0,"갑자기 존나 재밌어지노ㅋㅋ 이게 야스지ㅋㅋ
- dc official App",갑자기 존나 재밌어지노ㅋㅋ 이게 야스지ㅋㅋ,0.05946860834956169,0.03564486280083656,0.11846363544464111,0.07315360009670258,0.6887215375900269,0.024547670036554337
2024-05-19 23:25:28,1.4 ㅋㅋㅋㅋㅋㅋㅋㅋ,- dc official App,60,60.0,1.4 ㅋㅋㅋㅋㅋㅋㅋㅋ - dc official App,1.4 ㅋㅋㅋㅋㅋㅋㅋㅋ - dc official App,0.10383490473031998,0.043027572333812714,0.17594213783740997,0.1468488723039627,0.49290475249290466,0.03744180500507355
2024-05-19 23:25:30,막아봐 ㅅㅂ,"ㅅㅂ 제발
Oracle Red Bull Racing RB20",60,60.0,"막아봐 ㅅㅂ ㅅㅂ 제발
Oracle Red Bull Racing RB20",막아봐 ㅅㅂ ㅅㅂ 제발 Oracle Red Bull Racing RB20,0.3000032305717468,0.20033040642738342,0.18117685616016388,0.12948913872241974,0.1490829885005951,0.03991739824414253
2024-05-19 23:25:29,어 또붙는다?,,60,60.0,어 또붙는다? ,어 또붙는다?,0.07636907696723938,0.04338565468788147,0.20329071581363678,0.19786258041858673,0.41366440057754517,0.06542746722698212
2024-05-19 23:25:32,1.3 ㅅㅂ,"+ dc official App
- dc official App",60,60.0,"1.3 ㅅㅂ + dc official App
- dc official App",1.3 ㅅㅂ + dc official App,0.23451262712478638,0.12012480199337006,0.2416122704744339,0.19291260838508606,0.16369551420211792,0.04714227095246315
2024-05-19 23:25:34,다시붙는다,,60,60.0,다시붙는다 ,다시붙는다,0.0998794436454773,0.0774882584810257,0.17275533080101013,0.1277751326560974,0.4763607382774353,0.04574117809534073
2024-05-19 23:25:34,도메니칼리 이새끼가 사주한거 아님?,"흥행을 위해 적당히 달고 달려""줘""",60,60.0,"도메니칼리 이새끼가 사주한거 아님? 흥행을 위해 적당히 달고 달려""줘""","도메니칼리 이새끼가 사주한거 아님? 흥행을 위해 적당히 달고 달려""줘""",0.17602084577083588,0.17047595977783203,0.20289358496665955,0.293290913105011,0.07699965685606003,0.08031906932592392
2024-05-19 23:25:35,어 형이야,형은 판을 흥미롭게 만들어,60,60.0,어 형이야 형은 판을 흥미롭게 만들어,어 형이야 형은 판을 흥미롭게 만들어,0.0650620236992836,0.04269694909453392,0.15452483296394348,0.1138131245970726,0.582765519618988,0.041137564927339554
2024-05-19 23:25:35,오ㅅㅂㅋㅋㅋㅋㅋㅋㅋㅋㅋㅋ,- dc official App,60,60.0,오ㅅㅂㅋㅋㅋㅋㅋㅋㅋㅋㅋㅋ - dc official App,오ㅅㅂㅋㅋㅋㅋㅋㅋㅋㅋㅋㅋ - dc official App,0.1139344573020935,0.044513825327157974,0.2055198699235916,0.16931842267513275,0.4143219292163849,0.05239144340157509
2024-05-19 23:25:37,이정도만 해도 잘햇어 노리스,멋잇다 7초에서 6초 줄인건,60,60.0,이정도만 해도 잘햇어 노리스 멋잇다 7초에서 6초 줄인건,이정도만 해도 잘햇어 노리스 멋잇다 7초에서 6초 줄인건,0.06209117919206619,0.058344919234514236,0.1452169269323349,0.07061519473791122,0.6242736577987671,0.039458129554986954
2024-05-19 23:25:38,애마 차 병신임? 알론소 머함,ㅈㄴ못하네 오늘,60,60.0,애마 차 병신임? 알론소 머함 ㅈㄴ못하네 오늘,애마 차 병신임? 알론소 머함 ㅈㄴ못하네 오늘,0.16079594194889069,0.08139225840568542,0.21710437536239624,0.3506300449371338,0.08667267858982086,0.10340467095375061
2024-05-19 23:25:38,DRS엔 들겠다 ㄷㄷㄷ,과연 ㄷㄷㄷㄷ,60,60.0,DRS엔 들겠다 ㄷㄷㄷ 과연 ㄷㄷㄷㄷ,DRS엔 들겠다 ㄷㄷㄷ 과연 ㄷㄷㄷㄷ,0.11603044718503952,0.05398527905344963,0.19868837296962738,0.35144516825675964,0.16155195236206055,0.1182987242937088
2024-05-19 23:25:38,나 희망 가져버려요?,,60,60.0,나 희망 가져버려요? ,나 희망 가져버려요?,0.08554056286811829,0.08502306044101715,0.2014010101556778,0.190301775932312,0.35772454738616943,0.08000911772251129
2024-05-19 23:25:40,오 다시붙나??,오,60,60.0,오 다시붙나?? 오,오 다시붙나?? 오,0.0699075236916542,0.03949029743671417,0.2076556384563446,0.1915433555841446,0.43897971510887146,0.05242348089814186
2024-05-19 23:25:40,막스 베르스아펜 탐부렐로에서 스핀해줘,,60,60.0,막스 베르스아펜 탐부렐로에서 스핀해줘 ,막스 베르스아펜 탐부렐로에서 스핀해줘,0.07913590967655182,0.0459979847073555,0.1512654572725296,0.12046514451503754,0.5683233141899109,0.034812115132808685
2024-05-19 23:25:43,쫄깃쫄깃하네,,60,60.0,쫄깃쫄깃하네 ,쫄깃쫄깃하네,0.050277817994356155,0.0362255685031414,0.11639519780874252,0.0696297138929367,0.7009880542755127,0.026483651250600815
2024-05-19 23:25:45,오콘 치워바 ㅅㅂㅋㅋ,,60,60.0,오콘 치워바 ㅅㅂㅋㅋ ,오콘 치워바 ㅅㅂㅋㅋ,0.3183344900608063,0.14776548743247986,0.2162342071533203,0.09904809296131134,0.17330880463123322,0.04530894756317139
2024-05-19 23:25:45,못넘어가겠는데 이러면,,60,60.0,못넘어가겠는데 이러면 ,못넘어가겠는데 이러면,0.14059413969516754,0.1309470683336258,0.2770850360393524,0.2586086094379425,0.08019479364156723,0.11257031559944153
2024-05-19 23:25:47,오콘 치워 시발 ㅋㅋㅋㅋ,- dc official App,60,60.0,오콘 치워 시발 ㅋㅋㅋㅋ - dc official App,오콘 치워 시발 ㅋㅋㅋㅋ - dc official App,0.3209320306777954,0.11959440261125565,0.20120826363563538,0.10501080751419067,0.21125763654708862,0.041996896266937256
2024-05-19 23:25:48,붙냐!? 붙냐?!????,"ㅇㅇ
- dc official App",60,60.0,"붙냐!? 붙냐?!???? ㅇㅇ
- dc official App",붙냐!? 붙냐?!???? ㅇㅇ,0.08705760538578033,0.060171253979206085,0.23012205958366394,0.2842150330543518,0.2577175796031952,0.08071650564670563
2024-05-19 23:25:48,시발 보타스트레인 겨우부쉈네,아오 개좆노직빨 진짜,60,60.0,시발 보타스트레인 겨우부쉈네 아오 개좆노직빨 진짜,시발 보타스트레인 겨우부쉈네 아오 개좆노직빨 진짜,0.31557270884513855,0.21634773910045624,0.19526393711566925,0.10770316421985626,0.11672520637512207,0.04838719964027405
2024-05-19 23:25:49,1.3 미친 ㅋㅋㅋㅋㅋ,,60,60.0,1.3 미친 ㅋㅋㅋㅋㅋ ,1.3 미친 ㅋㅋㅋㅋㅋ,0.1479993313550949,0.06586407870054245,0.2488984316587448,0.2827806770801544,0.14733372628688812,0.10712369531393051
2024-05-19 23:25:51,오콘 추월했는데 아무도 관심이 없노,알핀의 추월인데,60,60.0,오콘 추월했는데 아무도 관심이 없노 알핀의 추월인데,오콘 추월했는데 아무도 관심이 없노 알핀의 추월인데,0.14689825475215912,0.13060572743415833,0.33917075395584106,0.19891215860843658,0.09039640426635742,0.09401675313711166
2024-05-19 23:25:52,나갔어!! 나갔다고!!,"막가놈 나간거 가터
- dc official App",60,60.0,"나갔어!! 나갔다고!! 막가놈 나간거 가터
- dc official App",나갔어!! 나갔다고!! 막가놈 나간거 가터,0.1859448403120041,0.1675911396741867,0.3003787696361542,0.1407202035188675,0.1053011491894722,0.10006393492221832
2024-05-19 23:25:53,와 몽골 씹퇴물새끼 다 됐네,ㅋㅋ,60,60.0,와 몽골 씹퇴물새끼 다 됐네 ㅋㅋ,와 몽골 씹퇴물새끼 다 됐네 ㅋㅋ,0.21657611429691315,0.08766795694828033,0.17532259225845337,0.30433306097984314,0.09607565402984619,0.12002464383840561
2024-05-19 23:25:54,아 씨발 알빠노,,60,60.0,아 씨발 알빠노 ,아 씨발 알빠노,0.3029610812664032,0.1966240108013153,0.21393126249313354,0.11155012995004654,0.13356949388980865,0.04136401414871216
2024-05-19 23:25:54,아 노콘련아 눈치좀 ㅅㅂ,- dc official App,60,60.0,아 노콘련아 눈치좀 ㅅㅂ - dc official App,아 노콘련아 눈치좀 ㅅㅂ - dc official App,0.34526100754737854,0.140105739235878,0.18146809935569763,0.12889760732650757,0.15473033487796783,0.04953722655773163
2024-05-19 23:25:55,노콘 치워라 시발,ㅃㄹ,60,60.0,노콘 치워라 시발 ㅃㄹ,노콘 치워라 시발 ㅃㄹ,0.34632959961891174,0.15437282621860504,0.17409750819206238,0.1107700988650322,0.17359928786754608,0.0408305861055851
2024-05-19 23:25:55,좆콘새끼야 꺼져 ㅋㅋㅋㅋㅋㅋㅋ,,60,60.0,좆콘새끼야 꺼져 ㅋㅋㅋㅋㅋㅋㅋ ,좆콘새끼야 꺼져 ㅋㅋㅋㅋㅋㅋㅋ,0.2709851562976837,0.11480973660945892,0.20823697745800018,0.13357771933078766,0.20879428088665009,0.06359612941741943
2024-05-19 23:25:58,좆밥 대전 치우라고 ㅋㅋ,,60,60.0,좆밥 대전 치우라고 ㅋㅋ ,좆밥 대전 치우라고 ㅋㅋ,0.3156112730503082,0.1408185362815857,0.20385022461414337,0.10999124497175217,0.1822384148836136,0.047490235418081284
2024-05-19 23:25:59,1.2ㅋㅋㅋㅋ,ㅋㅋㅌㅋ,60,60.0,1.2ㅋㅋㅋㅋ ㅋㅋㅌㅋ,1.2ㅋㅋㅋㅋ ㅋㅋㅌㅋ,0.09676395356655121,0.041925448924303055,0.19761690497398376,0.13792863488197327,0.4877960979938507,0.03796900436282158
2024-05-19 23:25:59,we need to know,,60,60.0,we need to know ,we need to know,0.062010545283555984,0.04713054373860359,0.13166671991348267,0.06831210851669312,0.6610509157180786,0.02982916869223118
2024-05-19 23:25:59,비켜봐 ㅅㅂ,"꺼져 좆콘아 ㅋㅋ
Oracle Red Bull Racing RB20",60,60.0,"비켜봐 ㅅㅂ 꺼져 좆콘아 ㅋㅋ
Oracle Red Bull Racing RB20",비켜봐 ㅅㅂ 꺼져 좆콘아 ㅋㅋ Oracle Red Bull Racing RB20,0.32445618510246277,0.14450615644454956,0.18965080380439758,0.10568488389253616,0.1867290884256363,0.048972900956869125
2024-05-19 23:25:58,따까리들 왜보여주는데ㅋㅋㅋㅋㅋ,,60,60.0,따까리들 왜보여주는데ㅋㅋㅋㅋㅋ ,따까리들 왜보여주는데ㅋㅋㅋㅋㅋ,0.17557595670223236,0.08320869505405426,0.2885962724685669,0.22413861751556396,0.14728116989135742,0.08119925856590271
2024-05-19 23:26:02,못넘어가면 포토피니시라도 제발,"사진이라도 건지자
- dc official App",60,60.0,"못넘어가면 포토피니시라도 제발 사진이라도 건지자
- dc official App",못넘어가면 포토피니시라도 제발 사진이라도 건지자,0.16903267800807953,0.20211511850357056,0.27112171053886414,0.1507626175880432,0.1255577653646469,0.08141014724969864
2024-05-19 23:26:03,1.1 십 ㅋㅋㅋㅋㅋ,,60,60.0,1.1 십 ㅋㅋㅋㅋㅋ ,1.1 십 ㅋㅋㅋㅋㅋ,0.19481028616428375,0.08344023674726486,0.27395790815353394,0.18703223764896393,0.17462804913520813,0.08613131195306778
2024-05-19 23:26:03,DRS 거의 다 옴ㅋㅋㅋㅋ,이야호,60,60.0,DRS 거의 다 옴ㅋㅋㅋㅋ 이야호,DRS 거의 다 옴ㅋㅋㅋㅋ 이야호,0.06894633173942566,0.050172872841358185,0.12281984090805054,0.07276647537946701,0.6568532586097717,0.028441229835152626
2024-05-19 23:26:05,ㅋㅋㅋㅋㅋㅋㅋㅋㅋ,- dc official App,60,60.0,ㅋㅋㅋㅋㅋㅋㅋㅋㅋ - dc official App,ㅋㅋㅋㅋㅋㅋㅋㅋㅋ - dc official App,0.0660644993185997,0.03250196576118469,0.1211392730474472,0.08851080387830734,0.6694941520690918,0.022289246320724487
2024-05-19 23:26:06,??????,"지랄
Oracle Red Bull Racing RB20",60,60.0,"?????? 지랄
Oracle Red Bull Racing RB20",?????? 지랄 Oracle Red Bull Racing RB20,0.27044549584388733,0.13248920440673828,0.22565755248069763,0.17910799384117126,0.13750407099723816,0.05479557812213898
2024-05-19 23:26:05,이쯤에 막스한테 라디오 안해주나 ㅋㅋ,,60,60.0,이쯤에 막스한테 라디오 안해주나 ㅋㅋ ,이쯤에 막스한테 라디오 안해주나 ㅋㅋ,0.09392259269952774,0.07767792791128159,0.2657756507396698,0.1539822369813919,0.3374461233615875,0.07119551301002502
2024-05-19 23:26:06,몽골아 튀어 씨발,,60,60.0,몽골아 튀어 씨발 ,몽골아 튀어 씨발,0.3450814485549927,0.18147264420986176,0.16532480716705322,0.11172254383563995,0.15437833964824677,0.04202026501297951
2024-05-19 23:26:08,씨발진짜제발,제밯,60,60.0,씨발진짜제발 제밯,씨발진짜제발 제밯,0.2398199439048767,0.2396131306886673,0.19562971591949463,0.1433493196964264,0.12576697766780853,0.0558210052549839
2024-05-19 23:26:08,아니 1.1?,오 ㅋㅋ,60,60.0,아니 1.1? 오 ㅋㅋ,아니 1.1? 오 ㅋㅋ,0.09896107017993927,0.04427741467952728,0.23499171435832977,0.3012472987174988,0.23473303020000458,0.08578944206237793
2024-05-19 23:26:10,와 진짜 다붙었다,아,60,60.0,와 진짜 다붙었다 아,와 진짜 다붙었다 아,0.060553766787052155,0.04013576731085777,0.1599622666835785,0.11813093721866608,0.5798122882843018,0.04140500724315643
2024-05-19 23:26:09,1.1초까지좁혔네 애미 ㅋㅋㅋㅋ,,60,60.0,1.1초까지좁혔네 애미 ㅋㅋㅋㅋ ,1.1초까지좁혔네 애미 ㅋㅋㅋㅋ,0.1223713755607605,0.050267741084098816,0.21009522676467896,0.2189883440732956,0.30865755677223206,0.0896197184920311
2024-05-19 23:26:10,손발에 땀나네 ㅋㅋㅋㅋ,ㅋㅋㅋㅋ,60,60.0,손발에 땀나네 ㅋㅋㅋㅋ ㅋㅋㅋㅋ,손발에 땀나네 ㅋㅋㅋㅋ ㅋㅋㅋㅋ,0.07745677977800369,0.0486777164041996,0.17038364708423615,0.08451671898365021,0.588186502456665,0.030778592452406883
2024-05-19 23:26:02,1.1???,,60,60.0,1.1??? ,1.1???,0.14269237220287323,0.08259511739015579,0.23240704834461212,0.3127724230289459,0.12025732547044754,0.10927579551935196
2024-05-19 23:26:11,drs는 써봐야지 노리스야,힘내,60,60.0,drs는 써봐야지 노리스야 힘내,drs는 써봐야지 노리스야 힘내,0.07475435733795166,0.07627198845148087,0.19777701795101166,0.15591900050640106,0.4262147545814514,0.06906294077634811
2024-05-19 23:26:11,뭔 근콘이여 ㅋㅋ,,60,60.0,뭔 근콘이여 ㅋㅋ ,뭔 근콘이여 ㅋㅋ,0.1512865275144577,0.08174288272857666,0.26894816756248474,0.2534717321395874,0.17527978122234344,0.06927088648080826
2024-05-19 23:26:10,설마 진짜 따냐,,60,60.0,설마 진짜 따냐 ,설마 진짜 따냐,0.1040571853518486,0.06251296401023865,0.2120882123708725,0.32707902789115906,0.18845334649085999,0.10580924898386002
2024-05-19 23:26:14,아잇시팔 안치워?,미친놈인가,60,60.0,아잇시팔 안치워? 미친놈인가,아잇시팔 안치워? 미친놈인가,0.29732534289360046,0.18144665658473969,0.19338244199752808,0.1275528371334076,0.1500028520822525,0.050289902836084366
2024-05-19 23:26:15,제발 가냐??,제발제발,60,60.0,제발 가냐?? 제발제발,제발 가냐?? 제발제발,0.11533274501562119,0.10895892232656479,0.25242459774017334,0.2009371519088745,0.22745880484580994,0.09488775581121445
2024-05-19 23:26:15,와 미친ㄷㄷㄷ,,60,60.0,와 미친ㄷㄷㄷ ,와 미친ㄷㄷㄷ,0.14343610405921936,0.06684829294681549,0.20854201912879944,0.32376256585121155,0.14321261644363403,0.11419842392206192
2024-05-19 23:26:15,좀만 더!!!!,"제발
- dc official App",60,60.0,"좀만 더!!!! 제발
- dc official App",좀만 더!!!! 제발,0.090345598757267,0.07529594004154205,0.17327472567558289,0.1210823729634285,0.49124863743782043,0.048752736300230026
2024-05-19 23:26:15,밟아라 씨발,,60,60.0,밟아라 씨발 ,밟아라 씨발,0.31434962153434753,0.14524640142917633,0.1627935916185379,0.13538327813148499,0.1973104327917099,0.044916629791259766
2024-05-19 23:26:17,1.1리스ㅋㅋㅋㅋㅋ,- dc official App,61,61.0,1.1리스ㅋㅋㅋㅋㅋ - dc official App,1.1리스ㅋㅋㅋㅋㅋ - dc official App,0.07825823873281479,0.035811010748147964,0.1371491253376007,0.11136820912361145,0.6094909310340881,0.02792249247431755
2024-05-19 23:26:17,0.4초를 당겼네 ㄷ,,61,61.0,0.4초를 당겼네 ㄷ ,0.4초를 당겼네 ㄷ,0.12795177102088928,0.0578492172062397,0.2113644927740097,0.32721561193466187,0.15248703956604004,0.12313181161880493
2024-05-19 23:26:19,제발 좀만,"+ dc official App
- dc official App",61,61.0,"제발 좀만 + dc official App
- dc official App",제발 좀만 + dc official App,0.1119060069322586,0.11050135642290115,0.23447583615779877,0.13820785284042358,0.3386583924293518,0.06625059247016907
2024-05-19 23:26:20,제발 drs 키고 가자,,61,61.0,제발 drs 키고 가자 ,제발 drs 키고 가자,0.15699291229248047,0.18765868246555328,0.25066235661506653,0.12333579361438751,0.216261625289917,0.06508869677782059
2024-05-19 23:26:20,이래도 안될거같은데,,61,61.0,이래도 안될거같은데 ,이래도 안될거같은데,0.12418731302022934,0.17383742332458496,0.2925609350204468,0.24778814613819122,0.0781688541173935,0.08345735818147659
2024-05-19 23:26:24,알론소 패랩 도전하네,,61,61.0,알론소 패랩 도전하네 ,알론소 패랩 도전하네,0.08044136315584183,0.038769181817770004,0.20485442876815796,0.24889959394931793,0.36085084080696106,0.06618455052375793
2024-05-19 23:26:24,배터리 떨ㅋㅋㅋㅋㅋ,ㅋㅌㅋㅋㅋ,61,61.0,배터리 떨ㅋㅋㅋㅋㅋ ㅋㅌㅋㅋㅋ,배터리 떨ㅋㅋㅋㅋㅋ ㅋㅌㅋㅋㅋ,0.16089652478694916,0.09693750739097595,0.32289400696754456,0.164484441280365,0.19391857087612152,0.060868971049785614
2024-05-19 23:26:25,제발삐끗삐끗제발,,61,61.0,제발삐끗삐끗제발 ,제발삐끗삐끗제발,0.13701997697353363,0.15250937640666962,0.2270382195711136,0.14022856950759888,0.26018765568733215,0.08301623165607452
2024-05-19 23:26:26,가나가나가나,"ㅋㅋ
- dc official App",61,61.0,"가나가나가나 ㅋㅋ
- dc official App",가나가나가나 ㅋㅋ,0.06642380356788635,0.03657343611121178,0.12294679880142212,0.07492683827877045,0.6753479838371277,0.023781104013323784
2024-05-19 23:26:26,제발 튀어봐 제발로,"ㅅㅂ
Oracle Red Bull Racing RB20",61,61.0,"제발 튀어봐 제발로 ㅅㅂ
Oracle Red Bull Racing RB20",제발 튀어봐 제발로 ㅅㅂ Oracle Red Bull Racing RB20,0.28393301367759705,0.20555904507637024,0.17862609028816223,0.13597372174263,0.13900117576122284,0.05690694600343704
2024-05-19 23:26:26,배터리 다 씀 ㄷㄷㄷ,,61,61.0,배터리 다 씀 ㄷㄷㄷ ,배터리 다 씀 ㄷㄷㄷ,0.13022606074810028,0.08136620372533798,0.2378488928079605,0.31323638558387756,0.11582960933446884,0.12149284034967422
2024-05-19 23:26:27,배터리드립 저거 구라일듯,ㄹㅇ,61,61.0,배터리드립 저거 구라일듯 ㄹㅇ,배터리드립 저거 구라일듯 ㄹㅇ,0.14082439243793488,0.13524369895458221,0.20768995583057404,0.3550020754337311,0.08794288337230682,0.0732969343662262
2024-05-19 23:26:29,배터리 떨 ㅋㅋㅋㅋㅋㅋ,,61,61.0,배터리 떨 ㅋㅋㅋㅋㅋㅋ ,배터리 떨 ㅋㅋㅋㅋㅋㅋ,0.14216338098049164,0.10802699625492096,0.3299129903316498,0.21441331505775452,0.12852729856967926,0.07695608586072922
2024-05-19 23:26:30,막징징 입갤 ㅋㅋㅋㅋ,- dc official App,61,61.0,막징징 입갤 ㅋㅋㅋㅋ - dc official App,막징징 입갤 ㅋㅋㅋㅋ - dc official App,0.06125452369451523,0.03387397900223732,0.11627569794654846,0.08050654083490372,0.6824514269828796,0.02563786320388317
2024-05-19 23:26:32,1:20.698 VS 1:20.502,누리스가 빠름,61,61.0,1:20.698 VS 1:20.502 누리스가 빠름,1:20.698 VS 1:20.502 누리스가 빠름,0.0963975116610527,0.06326533854007721,0.22390590608119965,0.23621949553489685,0.3327275514602661,0.04748411476612091
2024-05-19 23:26:31,배터리 사망 ㅋㅋㅋ,"+ dc official App
- dc official App",61,61.0,"배터리 사망 ㅋㅋㅋ + dc official App
- dc official App",배터리 사망 ㅋㅋㅋ + dc official App,0.1396053433418274,0.13320565223693848,0.32024505734443665,0.22018100321292877,0.10723032802343369,0.07953260838985443
2024-05-19 23:26:32,빠떼리 없다 ㅋㅋㅋㅋ,,61,61.0,빠떼리 없다 ㅋㅋㅋㅋ ,빠떼리 없다 ㅋㅋㅋㅋ,0.10576663911342621,0.06638489663600922,0.16845852136611938,0.08928781002759933,0.5362132787704468,0.03388884663581848
2024-05-19 23:26:34,노리스 ㅅㅂ 몽골우승만뺏어봐,제발,61,61.0,노리스 ㅅㅂ 몽골우승만뺏어봐 제발,노리스 ㅅㅂ 몽골우승만뺏어봐 제발,0.329914927482605,0.1749945878982544,0.1903713494539261,0.11423681676387787,0.14619186520576477,0.04429033771157265
2024-05-19 23:26:34,빳데리 없냐 ㅋㅋㅋㅋㅋ,- dc official App,61,61.0,빳데리 없냐 ㅋㅋㅋㅋㅋ - dc official App,빳데리 없냐 ㅋㅋㅋㅋㅋ - dc official App,0.1628439873456955,0.08564019948244095,0.2543180286884308,0.23638920485973358,0.1952252984046936,0.06558328866958618
2024-05-19 23:26:35,막스좀만더집중해봐 애미시발,그만찡찡대고집중해,61,61.0,막스좀만더집중해봐 애미시발 그만찡찡대고집중해,막스좀만더집중해봐 애미시발 그만찡찡대고집중해,0.330680787563324,0.18676123023033142,0.1724010407924652,0.14287854731082916,0.1146678552031517,0.052610501646995544
2024-05-19 23:26:36,추월 트라이 딱 한번 나올듯,,61,61.0,추월 트라이 딱 한번 나올듯 ,추월 트라이 딱 한번 나올듯,0.10269331187009811,0.06511811167001724,0.23530375957489014,0.25665220618247986,0.27531006932258606,0.0649225264787674
2024-05-19 23:26:37,배터리 없냐?,"하 ㅅㅂ
Oracle Red Bull Racing RB20",61,61.0,"배터리 없냐? 하 ㅅㅂ
Oracle Red Bull Racing RB20",배터리 없냐? 하 ㅅㅂ Oracle Red Bull Racing RB20,0.3047631084918976,0.1914675235748291,0.21048606932163239,0.12219960242509842,0.13374316692352295,0.037340499460697174
2024-05-19 23:26:38,아오 시발 1초내에 잡힐듯 말듯 으악으너어,존나 떨려 시발,61,61.0,아오 시발 1초내에 잡힐듯 말듯 으악으너어 존나 떨려 시발,아오 시발 1초내에 잡힐듯 말듯 으악으너어 존나 떨려 시발,0.229112908244133,0.14115174114704132,0.18342161178588867,0.2087928205728531,0.14202049374580383,0.09550046920776367
2024-05-19 23:26:38,막가놈-베터리 없다 ㅈ됬다ㅋㅋㅋㅋㅋㅋ,,61,61.0,막가놈-베터리 없다 ㅈ됬다ㅋㅋㅋㅋㅋㅋ ,막가놈-베터리 없다 ㅈ됬다ㅋㅋㅋㅋㅋㅋ,0.1939893662929535,0.1251479834318161,0.30720284581184387,0.15642598271369934,0.11397752910852432,0.10325633734464645
2024-05-19 23:26:39,와 시발 배터리 뒤졌다,- dc official App,61,61.0,와 시발 배터리 뒤졌다 - dc official App,와 시발 배터리 뒤졌다 - dc official App,0.2371547371149063,0.16192391514778137,0.21576359868049622,0.18506444990634918,0.1188996434211731,0.081193707883358
2024-05-19 23:26:39,노리스 60포 ㅋㅋㅋㅋㅋㅋㅋㅋㅋ,,61,61.0,노리스 60포 ㅋㅋㅋㅋㅋㅋㅋㅋㅋ ,노리스 60포 ㅋㅋㅋㅋㅋㅋㅋㅋㅋ,0.07494673877954483,0.037008628249168396,0.13501740992069244,0.10845445841550827,0.6124633550643921,0.03210937976837158
2024-05-19 23:26:40,참 바로앞에 있는데,개아쉽겠네,61,61.0,참 바로앞에 있는데 개아쉽겠네,참 바로앞에 있는데 개아쉽겠네,0.14128965139389038,0.19548119604587555,0.3027111887931824,0.14797867834568024,0.15431542694568634,0.05822388455271721
2024-05-19 23:26:39,아니 배터리도 다씀?ㅋㅋㅋ,,61,61.0,아니 배터리도 다씀?ㅋㅋㅋ ,아니 배터리도 다씀?ㅋㅋㅋ,0.1400822550058365,0.06554184854030609,0.23452217876911163,0.3148942291736603,0.12957242131233215,0.11538707464933395
2024-05-19 23:26:40,어?,,61,61.0,어? ,어?,0.11600754410028458,0.05705792456865311,0.2227441370487213,0.3186514377593994,0.18344929814338684,0.10208961367607117
2024-05-19 23:26:41,빠떼리 앵꼬 ㅋㅋㅋ,몽골 비상!!,61,61.0,빠떼리 앵꼬 ㅋㅋㅋ 몽골 비상!!,빠떼리 앵꼬 ㅋㅋㅋ 몽골 비상!!,0.06240858510136604,0.0406067855656147,0.13399666547775269,0.09097457677125931,0.6413047909736633,0.030708620324730873
2024-05-19 23:26:41,배타리 앵꼬 ㅋㅋㅋㅋㅋㅋ,,61,61.0,배타리 앵꼬 ㅋㅋㅋㅋㅋㅋ ,배타리 앵꼬 ㅋㅋㅋㅋㅋㅋ,0.061311133205890656,0.036533206701278687,0.12283848971128464,0.07681535929441452,0.6763586401939392,0.026143163442611694
2024-05-19 23:26:42,가자 ㅋㅋㅋㅋㅋㅋ,,61,61.0,가자 ㅋㅋㅋㅋㅋㅋ ,가자 ㅋㅋㅋㅋㅋㅋ,0.05912313610315323,0.034361738711595535,0.11305524408817291,0.06937717646360397,0.6993911862373352,0.02469153143465519
2024-05-19 23:26:44,빠때리 소진ㅋㅋㅋ,,61,61.0,빠때리 소진ㅋㅋㅋ ,빠때리 소진ㅋㅋㅋ,0.06338361650705338,0.03767058998346329,0.10913187265396118,0.06549113243818283,0.7018824815750122,0.022440357133746147
2024-05-19 23:26:44,밧떼리 복딱스 퇴갤ㅋㅋㅋㅋㅋ,- dc official App,61,61.0,밧떼리 복딱스 퇴갤ㅋㅋㅋㅋㅋ - dc official App,밧떼리 복딱스 퇴갤ㅋㅋㅋㅋㅋ - dc official App,0.10744386166334152,0.06126685440540314,0.17852671444416046,0.08256829530000687,0.538697361946106,0.031497012823820114
2024-05-19 23:26:45,6대3ㅋㅋㅋㅋㅋㅋㅋㅋㅋㅋ,,61,61.0,6대3ㅋㅋㅋㅋㅋㅋㅋㅋㅋㅋ ,6대3ㅋㅋㅋㅋㅋㅋㅋㅋㅋㅋ,0.1348486691713333,0.05459393188357353,0.23544104397296906,0.232637420296669,0.27661362290382385,0.06586530059576035
2024-05-19 23:26:48,1.1 ㅋㅋㅋㅋㅋ,,61,61.0,1.1 ㅋㅋㅋㅋㅋ ,1.1 ㅋㅋㅋㅋㅋ,0.1207236796617508,0.05063597485423088,0.2261529415845871,0.17875781655311584,0.36838656663894653,0.055342987179756165
2024-05-19 23:26:49,아제발 가보자 ㅋㅋㅋㅋㅋㅋㅋ,,61,61.0,아제발 가보자 ㅋㅋㅋㅋㅋㅋㅋ ,아제발 가보자 ㅋㅋㅋㅋㅋㅋㅋ,0.07179438322782516,0.04533133655786514,0.13587461411952972,0.09857290983200073,0.6117000579833984,0.036726705729961395
2024-05-19 23:26:50,어? 진짜 따나 ㅋㅋㅋㅋㅋㅋ,ㅋㅋㅋ,61,61.0,어? 진짜 따나 ㅋㅋㅋㅋㅋㅋ ㅋㅋㅋ,어? 진짜 따나 ㅋㅋㅋㅋㅋㅋ ㅋㅋㅋ,0.07032273709774017,0.033268142491579056,0.20936158299446106,0.19236411154270172,0.438597172498703,0.05608626827597618
2024-05-19 23:26:50,케로좌 배터리 듣고 히익 이러노,ㅋㅋㅋㅋㅋㅋㅋㅋㅋ,61,61.0,케로좌 배터리 듣고 히익 이러노 ㅋㅋㅋㅋㅋㅋㅋㅋㅋ,케로좌 배터리 듣고 히익 이러노 ㅋㅋㅋㅋㅋㅋㅋㅋㅋ,0.059613630175590515,0.03414904698729515,0.14324165880680084,0.09441988170146942,0.6368023753166199,0.03177338466048241
2024-05-19 23:26:50,틀론소 플렌 F 시발 ㅋㅋㅋㅋㅋ,재뿌리네,61,61.0,틀론소 플렌 F 시발 ㅋㅋㅋㅋㅋ 재뿌리네,틀론소 플렌 F 시발 ㅋㅋㅋㅋㅋ 재뿌리네,0.33034104108810425,0.13992583751678467,0.21162624657154083,0.13217175006866455,0.129140242934227,0.056794896721839905
2024-05-19 23:26:52,퀄리랩 달려라 시발련아,,61,61.0,퀄리랩 달려라 시발련아 ,퀄리랩 달려라 시발련아,0.34506338834762573,0.13627082109451294,0.17270953953266144,0.12324414402246475,0.17977748811244965,0.04293465614318848
2024-05-19 23:26:52,어 이거 되냐?,- dc official App,61,61.0,어 이거 되냐? - dc official App,어 이거 되냐? - dc official App,0.08053392171859741,0.04252411797642708,0.20834676921367645,0.24018435180187225,0.36788657307624817,0.06052428111433983
2024-05-19 23:26:52,가자 씨발 !!!!,,61,61.0,가자 씨발 !!!! ,가자 씨발 !!!!,0.2099926471710205,0.11650654673576355,0.16827939450740814,0.09900380671024323,0.3662024438381195,0.040015242993831635
2024-05-19 23:26:52,노리스 배터리 빵빵하다 ㅋㅋ,,61,61.0,노리스 배터리 빵빵하다 ㅋㅋ ,노리스 배터리 빵빵하다 ㅋㅋ,0.05209262669086456,0.03968806564807892,0.11339709907770157,0.06601214408874512,0.7011590003967285,0.02765107899904251
2024-05-19 23:26:55,너리스 빠떼리 고고!!,!!,61,61.0,너리스 빠떼리 고고!! !!,너리스 빠떼리 고고!! !!,0.06454198062419891,0.03455992788076401,0.1132831871509552,0.08577755093574524,0.6747604608535767,0.02707691863179207
2024-05-19 23:26:56,drs부터 뚫어보자 ㅋㅋㅋ,,61,61.0,drs부터 뚫어보자 ㅋㅋㅋ ,drs부터 뚫어보자 ㅋㅋㅋ,0.06623668223619461,0.0348382331430912,0.15302115678787231,0.13269644975662231,0.5726567506790161,0.04055071622133255
2024-05-19 23:26:57,와 시발 설마 ㅋㅋㅋㅋㅋㅋㅋ,- dc official App,61,61.0,와 시발 설마 ㅋㅋㅋㅋㅋㅋㅋ - dc official App,와 시발 설마 ㅋㅋㅋㅋㅋㅋㅋ - dc official App,0.13489392399787903,0.05662698671221733,0.22457574307918549,0.28136125206947327,0.19031265377998352,0.11222944408655167
2024-05-19 23:26:57,배터리 오링 진짜였네ㅋㅋㅋㅋㅋ,ㅋㅋ,61,61.0,배터리 오링 진짜였네ㅋㅋㅋㅋㅋ ㅋㅋ,배터리 오링 진짜였네ㅋㅋㅋㅋㅋ ㅋㅋ,0.11197277903556824,0.06865540891885757,0.31801584362983704,0.22162804007530212,0.18860280513763428,0.09112512320280075
2024-05-19 23:26:58,와족댓네.,,61,61.0,와족댓네. ,와족댓네.,0.17169377207756042,0.1449877768754959,0.29055270552635193,0.18207210302352905,0.10037679225206375,0.11031688004732132
2024-05-19 23:27:02,각이다,와ㅋㅋㅋㅋㅋㅋㅋ,61,61.0,각이다 와ㅋㅋㅋㅋㅋㅋㅋ,각이다 와ㅋㅋㅋㅋㅋㅋㅋ,0.05966576188802719,0.03138667345046997,0.1330881416797638,0.10160747915506363,0.6427775621414185,0.03147425502538681
2024-05-19 23:27:03,배터리 빵빵 레후,"몽골 추락 드 가자
- dc official App",61,61.0,"배터리 빵빵 레후 몽골 추락 드 가자
- dc official App",배터리 빵빵 레후 몽골 추락 드 가자,0.07023680955171585,0.04496694728732109,0.14332596957683563,0.11163289099931717,0.5877422094345093,0.042095232754945755
2024-05-19 23:26:54,어 drs 존 들어가겠는데?,,61,61.0,어 drs 존 들어가겠는데? ,어 drs 존 들어가겠는데?,0.09110341966152191,0.04097599536180496,0.2159259021282196,0.31504952907562256,0.24259179830551147,0.09435330331325531
2024-05-19 23:27:06,1초다 ㅁ시벌 ㅋㅋㅋㅋㅋ,,61,61.0,1초다 ㅁ시벌 ㅋㅋㅋㅋㅋ ,1초다 ㅁ시벌 ㅋㅋㅋㅋㅋ,0.2446085810661316,0.12458746880292892,0.27796003222465515,0.12747056782245636,0.15424369275569916,0.07112964987754822
2024-05-19 23:27:05,1초ㅋㅋㅋㅋㅋ,,61,61.0,1초ㅋㅋㅋㅋㅋ ,1초ㅋㅋㅋㅋㅋ,0.08610467612743378,0.041534896939992905,0.17408359050750732,0.13763327896595,0.5194400548934937,0.04120349511504173
2024-05-19 23:27:06,이거 큰거오나????,,61,61.0,이거 큰거오나???? ,이거 큰거오나????,0.07844293117523193,0.05185181275010109,0.207698792219162,0.19926591217517853,0.40460214018821716,0.05813836306333542
2024-05-19 23:27:06,제발제발제발제발 넘어가자,"제발제발제발제발
- dc official App",61,61.0,"제발제발제발제발 넘어가자 제발제발제발제발
- dc official App",제발제발제발제발 넘어가자 제발제발제발제발,0.1566684991121292,0.21777135133743286,0.24252884089946747,0.1408381462097168,0.16023267805576324,0.08196054399013519
2024-05-19 23:27:07,씨발 배터리 변수 ㅋㅋㅋㅋㅋㅋ,,61,61.0,씨발 배터리 변수 ㅋㅋㅋㅋㅋㅋ ,씨발 배터리 변수 ㅋㅋㅋㅋㅋㅋ,0.23346640169620514,0.15508216619491577,0.2908760905265808,0.12779252231121063,0.13359321653842926,0.059189531952142715
2024-05-19 23:27:07,나만 멈춤?,,61,61.0,나만 멈춤? ,나만 멈춤?,0.13131844997406006,0.09456745535135269,0.28513839840888977,0.2594851553440094,0.12095889449119568,0.10853169858455658
2024-05-19 23:27:09,된다된다된다,"가자ㅏㅏㅏㅏㅏ
- dc official App",61,61.0,"된다된다된다 가자ㅏㅏㅏㅏㅏ
- dc official App",된다된다된다 가자ㅏㅏㅏㅏㅏ,0.06209064647555351,0.040374960750341415,0.1206643208861351,0.0796763002872467,0.6680035591125488,0.029190290719270706
2024-05-19 23:27:07,추월할 베터리도 충분히 남아있노ㅋㅋㅋㅋㅋ,,61,61.0,추월할 베터리도 충분히 남아있노ㅋㅋㅋㅋㅋ ,추월할 베터리도 충분히 남아있노ㅋㅋㅋㅋㅋ,0.10782769322395325,0.047527067363262177,0.22435115277767181,0.23621003329753876,0.2931218445301056,0.09096221625804901
2024-05-19 23:27:09,도파민 좆되노ㅋㅋㅋㅋㅋ,와 ㅅㅂ 마이애미보다 더 좆댐,61,61.0,도파민 좆되노ㅋㅋㅋㅋㅋ 와 ㅅㅂ 마이애미보다 더 좆댐,도파민 좆되노ㅋㅋㅋㅋㅋ 와 ㅅㅂ 마이애미보다 더 좆댐,0.22370316088199615,0.17512403428554535,0.225831538438797,0.18172554671764374,0.09963028132915497,0.09398548305034637
2024-05-19 23:27:10,존나 흔들리넼ㅋㅋ,"+ dc official App
- dc official App",61,61.0,"존나 흔들리넼ㅋㅋ + dc official App
- dc official App",존나 흔들리넼ㅋㅋ + dc official App,0.10526646673679352,0.058138154447078705,0.26854991912841797,0.1711733043193817,0.33907005190849304,0.05780208855867386
2024-05-19 23:27:10,와 ㅆㅂ 이거 추월각인데,ㅋㅋㅋ,61,61.0,와 ㅆㅂ 이거 추월각인데 ㅋㅋㅋ,와 ㅆㅂ 이거 추월각인데 ㅋㅋㅋ,0.10038894414901733,0.04142790287733078,0.20867414772510529,0.29153087735176086,0.24526682496070862,0.1127113401889801
2024-05-19 23:27:12,가냐?가냐?가냐?가냐?가냐?가냐?,제발제발제방,61,61.0,가냐?가냐?가냐?가냐?가냐?가냐? 제발제발제방,가냐?가냐?가냐?가냐?가냐?가냐? 제발제발제방,0.13077715039253235,0.13154533505439758,0.26887011528015137,0.22329390048980713,0.1436232030391693,0.10189034044742584
2024-05-19 23:27:12,1.0 시발 ㅋㅋㅋㅋㅋ,가자시발아,61,61.0,1.0 시발 ㅋㅋㅋㅋㅋ 가자시발아,1.0 시발 ㅋㅋㅋㅋㅋ 가자시발아,0.34357696771621704,0.1678778976202011,0.18956878781318665,0.11610346287488937,0.13659746944904327,0.04627534747123718
2024-05-19 23:27:13,막랩 따잇 가자ㅏㅏㅏㅏㅏㅏㅏㅏㅏㅏㅏㅏ,ㅅㅅㅅㅅㅅㅅ,61,61.0,막랩 따잇 가자ㅏㅏㅏㅏㅏㅏㅏㅏㅏㅏㅏㅏ ㅅㅅㅅㅅㅅㅅ,막랩 따잇 가자ㅏㅏㅏㅏㅏㅏㅏㅏㅏㅏㅏㅏ ㅅㅅㅅㅅㅅㅅ,0.05833998695015907,0.037565819919109344,0.1087723821401596,0.07133812457323074,0.6970819234848022,0.02690180204808712
2024-05-19 23:27:14,어어,,61,61.0,어어 ,어어,0.07701245695352554,0.055050283670425415,0.24958153069019318,0.1402243971824646,0.43661409616470337,0.041517291218042374
2024-05-19 23:27:14,이 ㅅㅂ 제발,"제발
Oracle Red Bull Racing RB20",61,61.0,"이 ㅅㅂ 제발 제발
Oracle Red Bull Racing RB20",이 ㅅㅂ 제발 제발 Oracle Red Bull Racing RB20,0.2870984673500061,0.22617113590240479,0.1661614179611206,0.13320887088775635,0.13573938608169556,0.05162067711353302
2024-05-19 23:27:15,큰거 오냐???,,61,61.0,큰거 오냐??? ,큰거 오냐???,0.08233966678380966,0.0596792995929718,0.20395568013191223,0.17557229101657867,0.4230290353298187,0.05542409420013428
2024-05-19 23:27:16,1초안 입갤예정ㅋㅋㅋㅋㅋㅋㅋㅋㅋ,ㅋㅋㅋㅋㅋㅋㅋㅋㅋㅋㅋㅋㅋㅋㅋㅋ,61,61.0,1초안 입갤예정ㅋㅋㅋㅋㅋㅋㅋㅋㅋ ㅋㅋㅋㅋㅋㅋㅋㅋㅋㅋㅋㅋㅋㅋㅋㅋ,1초안 입갤예정ㅋㅋㅋㅋㅋㅋㅋㅋㅋ ㅋㅋㅋㅋㅋㅋㅋㅋㅋㅋㅋㅋㅋㅋㅋㅋ,0.06371419131755829,0.037101104855537415,0.11424140632152557,0.0687948688864708,0.6906676292419434,0.02548081986606121
2024-05-19 23:27:16,좃됐네,노리스 연승가냐,61,61.0,좃됐네 노리스 연승가냐,좃됐네 노리스 연승가냐,0.10400496423244476,0.07265274226665497,0.23348619043827057,0.1482524424791336,0.3755761384963989,0.0660274475812912
2024-05-19 23:27:16,아...,,61,61.0,아... ,아...,0.1852119266986847,0.1957174390554428,0.2776569426059723,0.15026015043258667,0.11770825833082199,0.07344529777765274
2024-05-19 23:27:16,1초 !!!,"ㅇ
- dc official App",61,61.0,"1초 !!! ㅇ
- dc official App",1초 !!! ㅇ,0.06118310987949371,0.03557845950126648,0.1357596069574356,0.09194284677505493,0.6464964151382446,0.029039455577731133
2024-05-19 23:27:17,오랜만에 들어왔는데 막스? 퇴물됐네요,ㅋㅋ?,61,61.0,오랜만에 들어왔는데 막스? 퇴물됐네요 ㅋㅋ?,오랜만에 들어왔는데 막스? 퇴물됐네요 ㅋㅋ?,0.1282561719417572,0.08225760608911514,0.2762925922870636,0.3042062819004059,0.09208773821592331,0.11689962446689606
2024-05-19 23:27:18,진짜 극한에서 달리네,연석쓰는거봐,61,61.0,진짜 극한에서 달리네 연석쓰는거봐,진짜 극한에서 달리네 연석쓰는거봐,0.0995888039469719,0.04763290286064148,0.20280948281288147,0.2973586320877075,0.23771457374095917,0.11489562690258026
2024-05-19 23:27:18,30프로면 쓸만한거 아님?,2바퀴인데?,61,61.0,30프로면 쓸만한거 아님? 2바퀴인데?,30프로면 쓸만한거 아님? 2바퀴인데?,0.10170583426952362,0.08477666974067688,0.27575796842575073,0.2655644714832306,0.18315105140209198,0.08904394507408142
2024-05-19 23:27:19,추월 포인트 두번은 나올거같은데,제발,61,61.0,추월 포인트 두번은 나올거같은데 제발,추월 포인트 두번은 나올거같은데 제발,0.10564015805721283,0.12495505064725876,0.25596746802330017,0.18032167851924896,0.245111346244812,0.08800425380468369
2024-05-19 23:27:20,씨발 노리스 진짜 가냐 ???,,61,61.0,씨발 노리스 진짜 가냐 ??? ,씨발 노리스 진짜 가냐 ???,0.19043663144111633,0.1335269957780838,0.2597278356552124,0.19515538215637207,0.12631462514400482,0.09483856707811356
2024-05-19 23:27:21,가나가나가나,"지리놐ㅋ
- dc official App",61,61.0,"가나가나가나 지리놐ㅋ
- dc official App",가나가나가나 지리놐ㅋ,0.06148690730333328,0.0296487994492054,0.14099475741386414,0.11157792061567307,0.6236633062362671,0.03262835368514061
2024-05-19 23:27:21,튀어라진짜,,61,61.0,튀어라진짜 ,튀어라진짜,0.1896403729915619,0.18595898151397705,0.23484086990356445,0.12993362545967102,0.188804492354393,0.07082176208496094
2024-05-19 23:27:23,제발제발제발제발,,61,61.0,제발제발제발제발 ,제발제발제발제발,0.17323888838291168,0.19394995272159576,0.2132641077041626,0.11991216242313385,0.23603379726409912,0.06360113620758057
2024-05-19 23:27:24,빠떼리제발!!!,!!!,61,61.0,빠떼리제발!!! !!!,빠떼리제발!!! !!!,0.19484372437000275,0.17080411314964294,0.2046346217393875,0.11538998037576675,0.25304630398750305,0.06128126382827759
2024-05-19 23:27:24,악악악 할 수 있습니다,기적,61,61.0,악악악 할 수 있습니다 기적,악악악 할 수 있습니다 기적,0.0836307555437088,0.09413409233093262,0.22403480112552643,0.18166421353816986,0.3281548023223877,0.088381327688694
2024-05-19 23:27:25,안됀다 막스 ㅠㅠ,"ㅇㅇ
- dc official App",61,61.0,"안됀다 막스 ㅠㅠ ㅇㅇ
- dc official App",안됀다 막스 ㅠㅠ ㅇㅇ,0.12002379447221756,0.16127145290374756,0.2847989499568939,0.20453906059265137,0.14264604449272156,0.08672066032886505
2024-05-19 23:27:27,그와중에 쥬지 패랩 ㅋㅋㅋ,,61,61.0,그와중에 쥬지 패랩 ㅋㅋㅋ ,그와중에 쥬지 패랩 ㅋㅋㅋ,0.06042904779314995,0.029165826737880707,0.13304884731769562,0.09963639080524445,0.6505356431007385,0.02718428522348404
2024-05-19 23:27:29,끝났네,,61,61.0,끝났네 ,끝났네,0.12738898396492004,0.1268319934606552,0.36346742510795593,0.1772865504026413,0.12848109006881714,0.07654400169849396
2024-05-19 23:27:30,1초안으로 안되네 ㅅㅂㅋㅋㅋㅋ,ㅋㅋㅋ,61,61.0,1초안으로 안되네 ㅅㅂㅋㅋㅋㅋ ㅋㅋㅋ,1초안으로 안되네 ㅅㅂㅋㅋㅋㅋ ㅋㅋㅋ,0.2222452610731125,0.13282354176044464,0.3138103187084198,0.11794348061084747,0.14624346792697906,0.06693387776613235
2024-05-19 23:27:30,시발 오나,"진짜 제발
- dc official App",61,61.0,"시발 오나 진짜 제발
- dc official App",시발 오나 진짜 제발,0.261420875787735,0.23488207161426544,0.20268870890140533,0.11712473630905151,0.13156001269817352,0.052323512732982635
2024-05-19 23:27:31,몽골년 실수도 안하네,- dc official App,61,61.0,몽골년 실수도 안하네 - dc official App,몽골년 실수도 안하네 - dc official App,0.16289101541042328,0.07292312383651733,0.19148172438144684,0.27148860692977905,0.20367535948753357,0.09754012525081635
2024-05-19 23:27:31,이건 안된다,,61,61.0,이건 안된다 ,이건 안된다,0.1588626652956009,0.18716083467006683,0.307551771402359,0.1891922801733017,0.08813407272100449,0.06909839808940887
2024-05-19 23:27:31,ㅈㅂㅈㅂㅈㅂㅈㅂㅈㅂㅈㅂ,"ㅈㅂ
Oracle Red Bull Racing RB20",61,61.0,"ㅈㅂㅈㅂㅈㅂㅈㅂㅈㅂㅈㅂ ㅈㅂ
Oracle Red Bull Racing RB20",ㅈㅂㅈㅂㅈㅂㅈㅂㅈㅂㅈㅂ ㅈㅂ Oracle Red Bull Racing RB20,0.13163599371910095,0.08031380921602249,0.23301638662815094,0.22318117320537567,0.2893373668193817,0.04251529648900032
2024-05-19 23:27:32,아 한두랩만 더 있어도 모르는데,애매하노 ㅋㅋ,61,61.0,아 한두랩만 더 있어도 모르는데 애매하노 ㅋㅋ,아 한두랩만 더 있어도 모르는데 애매하노 ㅋㅋ,0.12920959293842316,0.16737021505832672,0.35652053356170654,0.16773638129234314,0.11085410416126251,0.06830912083387375
2024-05-19 23:27:34,제발 몽골우승좀 막아ㅅㅂ,하..,61,61.0,제발 몽골우승좀 막아ㅅㅂ 하..,제발 몽골우승좀 막아ㅅㅂ 하..,0.24658885598182678,0.2558077871799469,0.21237514913082123,0.1280992031097412,0.10208256542682648,0.05504646152257919
2024-05-19 23:27:39,그래도 힘들겠네 ㅋ,ㅠ,62,62.0,그래도 힘들겠네 ㅋ ㅠ,그래도 힘들겠네 ㅋ ㅠ,0.11551306396722794,0.16434025764465332,0.2780459225177765,0.1968923956155777,0.15846897661685944,0.08673940598964691
2024-05-19 23:27:39,막스 진짜 잔디한번만,,62,62.0,막스 진짜 잔디한번만 ,막스 진짜 잔디한번만,0.07956938445568085,0.06918023526668549,0.20469313859939575,0.16577588021755219,0.4078523814678192,0.07292897254228592
2024-05-19 23:27:40,막스우승ㅋ,- dc official App,62,62.0,막스우승ㅋ - dc official App,막스우승ㅋ - dc official App,0.0567440465092659,0.03232565522193909,0.10987361520528793,0.07921789586544037,0.695773184299469,0.026065591722726822
2024-05-19 23:27:41,안된다 이건,,62,62.0,안된다 이건 ,안된다 이건,0.15469439327716827,0.17183348536491394,0.2870417535305023,0.21761342883110046,0.08108218014240265,0.08773479610681534
2024-05-19 23:27:42,drs만 지나면 끝난다,,62,62.0,drs만 지나면 끝난다 ,drs만 지나면 끝난다,0.10445790737867355,0.09939155727624893,0.2341025322675705,0.2119273692369461,0.2939043641090393,0.05621626228094101
2024-05-19 23:27:42,아 시발 62랩이네…..,,62,62.0,아 시발 62랩이네….. ,아 시발 62랩이네…..,0.23968026041984558,0.2212502807378769,0.2617795765399933,0.11361926794052124,0.10866037011146545,0.055010225623846054
2024-05-19 23:27:43,몽골련 존나 잘하네 진짜 ㅋㅋ,- dc official App,62,62.0,몽골련 존나 잘하네 진짜 ㅋㅋ - dc official App,몽골련 존나 잘하네 진짜 ㅋㅋ - dc official App,0.07349903881549835,0.03386767581105232,0.1684953272342682,0.1606689989566803,0.5072853565216064,0.0561835840344429
2024-05-19 23:27:43,무관기운이 또ㅋㅋㅋㅋㅋㅋㅋㅋㅋ,미끄덩,62,62.0,무관기운이 또ㅋㅋㅋㅋㅋㅋㅋㅋㅋ 미끄덩,무관기운이 또ㅋㅋㅋㅋㅋㅋㅋㅋㅋ 미끄덩,0.09005621075630188,0.05604562535881996,0.21840670704841614,0.11084874719381332,0.4817751348018646,0.04286762326955795
2024-05-19 23:27:45,아안되겟노 ㅋㅋㅋㅋㅋ,아깝다,62,62.0,아안되겟노 ㅋㅋㅋㅋㅋ 아깝다,아안되겟노 ㅋㅋㅋㅋㅋ 아깝다,0.1503424495458603,0.18789738416671753,0.323087215423584,0.1183997392654419,0.1550949513912201,0.06517835706472397
2024-05-19 23:27:46,한두랩 부족하네,까비스,62,62.0,한두랩 부족하네 까비스,한두랩 부족하네 까비스,0.14785413444042206,0.1640576869249344,0.34134411811828613,0.12898574769496918,0.17559002339839935,0.04216833412647247
2024-05-19 23:27:47,개추시몽골탐부렐로에서스핀,,62,62.0,개추시몽골탐부렐로에서스핀 ,개추시몽골탐부렐로에서스핀,0.08419622480869293,0.04054233804345131,0.1644800305366516,0.13873809576034546,0.5364768505096436,0.03556646779179573
2024-05-19 23:27:49,남은 랩이 너무 적다 ㅋㅋㅋ,ㅋㅋㅋ,62,62.0,남은 랩이 너무 적다 ㅋㅋㅋ ㅋㅋㅋ,남은 랩이 너무 적다 ㅋㅋㅋ ㅋㅋㅋ,0.13558360934257507,0.10173164308071136,0.36262544989585876,0.1415320634841919,0.20069372653961182,0.057833556085824966
2024-05-19 23:27:50,나갔잖아 ㅅㅂ,"야 이 ㅅㅂ뇸들아
Oracle Red Bull Racing RB20",62,62.0,"나갔잖아 ㅅㅂ 야 이 ㅅㅂ뇸들아
Oracle Red Bull Racing RB20",나갔잖아 ㅅㅂ 야 이 ㅅㅂ뇸들아 Oracle Red Bull Racing RB20,0.3119804263114929,0.18814149498939514,0.18692731857299805,0.11380612105131149,0.16178366541862488,0.03736095130443573
2024-05-19 23:27:51,안대 시방 벌어진다.,"받아야돼
- dc official App",62,62.0,"안대 시방 벌어진다. 받아야돼
- dc official App",안대 시방 벌어진다. 받아야돼,0.13217957317829132,0.12674285471439362,0.32641544938087463,0.16437573730945587,0.159626767039299,0.09065959602594376
2024-05-19 23:27:55,ㅈㄴ 잘하네 ㅋㅋㅋㅋ,,62,62.0,ㅈㄴ 잘하네 ㅋㅋㅋㅋ ,ㅈㄴ 잘하네 ㅋㅋㅋㅋ,0.05664429813623428,0.03320165351033211,0.1428668200969696,0.09792198240756989,0.6334139704704285,0.03595128282904625
2024-05-19 23:27:56,DRS만 가자고!ㅜㅜ,시디읻ㄱㄷ,62,62.0,DRS만 가자고!ㅜㅜ 시디읻ㄱㄷ,DRS만 가자고!ㅜㅜ 시디읻ㄱㄷ,0.20481419563293457,0.23017752170562744,0.23307189345359802,0.11062848567962646,0.1557200849056244,0.06558787822723389
2024-05-19 23:27:57,두렙만 더 있었으면,아,62,62.0,두렙만 더 있었으면 아,두렙만 더 있었으면 아,0.12460706382989883,0.1262854039669037,0.24723808467388153,0.1841290295124054,0.24514789879322052,0.07259248197078705
2024-05-19 23:27:57,그래도 마지막에 좀 재밌었노 ㅋㅋㅋㅋ,,62,62.0,그래도 마지막에 좀 재밌었노 ㅋㅋㅋㅋ ,그래도 마지막에 좀 재밌었노 ㅋㅋㅋㅋ,0.0804571658372879,0.05672654137015343,0.16727034747600555,0.06697921454906464,0.6016398668289185,0.026926837861537933
2024-05-19 23:27:58,.753 VS .564,누리스가 빠름,62,62.0,.753 VS .564 누리스가 빠름,.753 VS .564 누리스가 빠름,0.09838414192199707,0.06092211976647377,0.2166188806295395,0.22542712092399597,0.35095155239105225,0.047696176916360855
2024-05-19 23:27:58,오 준다 줄어,,62,62.0,오 준다 줄어 ,오 준다 줄어,0.055592749267816544,0.04918140545487404,0.1315578818321228,0.0815376490354538,0.6492079496383667,0.032922446727752686
2024-05-19 23:28:00,와 시발 역대급으로 재밌네ㅋㅋㅋㅋ,ㅋㅋㅋㅋㅋㅋㅋㅋㅋ,62,62.0,와 시발 역대급으로 재밌네ㅋㅋㅋㅋ ㅋㅋㅋㅋㅋㅋㅋㅋㅋ,와 시발 역대급으로 재밌네ㅋㅋㅋㅋ ㅋㅋㅋㅋㅋㅋㅋㅋㅋ,0.06799431890249252,0.03773166611790657,0.129736989736557,0.07910635322332382,0.6609010100364685,0.024529727175831795
2024-05-19 23:28:01,씨발 체커기 못흔들게 막아,두랩만 더하자,62,62.0,씨발 체커기 못흔들게 막아 두랩만 더하자,씨발 체커기 못흔들게 막아 두랩만 더하자,0.3019712567329407,0.16589027643203735,0.21760310232639313,0.09095602482557297,0.18415366113185883,0.039425622671842575
2024-05-19 23:28:02,이게 베르스타펜과 르클레르의 차이,베르스타펜은 젓같은 실수 안하져,62,62.0,이게 베르스타펜과 르클레르의 차이 베르스타펜은 젓같은 실수 안하져,이게 베르스타펜과 르클레르의 차이 베르스타펜은 젓같은 실수 안하져,0.11444374173879623,0.13239786028862,0.1994233876466751,0.20229481160640717,0.256924033164978,0.09451612830162048
2024-05-19 23:28:05,들어왔다 ㅋㅋㅋ,ㅋㅋㅋ,62,62.0,들어왔다 ㅋㅋㅋ ㅋㅋㅋ,들어왔다 ㅋㅋㅋ ㅋㅋㅋ,0.05117228627204895,0.0370408371090889,0.11992966383695602,0.06167645752429962,0.7082191109657288,0.021961648017168045
2024-05-19 23:28:05,몽골우승ㅋㅋㅋㅋㅋㅋㅋㅋㅋㅋㅋㅋㅋㅋㅋㅋㅋㅋㅋㅋ,,62,62.0,몽골우승ㅋㅋㅋㅋㅋㅋㅋㅋㅋㅋㅋㅋㅋㅋㅋㅋㅋㅋㅋㅋ ,몽골우승ㅋㅋㅋㅋㅋㅋㅋㅋㅋㅋㅋㅋㅋㅋㅋㅋㅋㅋㅋㅋ,0.07879981398582458,0.03304708003997803,0.17467144131660461,0.12326620519161224,0.5548579096794128,0.035357486456632614
2024-05-19 23:28:06,DRS 갭 입갤,,62,62.0,DRS 갭 입갤 ,DRS 갭 입갤,0.07204005867242813,0.03810030221939087,0.14775754511356354,0.12459024786949158,0.5832026600837708,0.03430920094251633
2024-05-19 23:28:06,이번만 버텨봐,"ㅈㅂㅈㅂㅈㅂㅈㅂㅈㅂ
Oracle Red Bull Racing RB20",62,62.0,"이번만 버텨봐 ㅈㅂㅈㅂㅈㅂㅈㅂㅈㅂ
Oracle Red Bull Racing RB20",이번만 버텨봐 ㅈㅂㅈㅂㅈㅂㅈㅂㅈㅂ Oracle Red Bull Racing RB20,0.11146514862775803,0.09090211242437363,0.21327774226665497,0.18431082367897034,0.3433884084224701,0.05665579065680504
2024-05-19 23:28:07,와 개쫄깃하네ㅋㅋㅋㅋ,ㅋㅋㅋㅋ,62,62.0,와 개쫄깃하네ㅋㅋㅋㅋ ㅋㅋㅋㅋ,와 개쫄깃하네ㅋㅋㅋㅋ ㅋㅋㅋㅋ,0.05561831220984459,0.03101343661546707,0.12956500053405762,0.09949737042188644,0.65584796667099,0.02845788560807705
2024-05-19 23:28:09,0.9ㅋㅋㅋㅋㅋ,,62,62.0,0.9ㅋㅋㅋㅋㅋ ,0.9ㅋㅋㅋㅋㅋ,0.1697307527065277,0.07965915650129318,0.28294306993484497,0.21411564946174622,0.16729606688022614,0.08625531196594238
2024-05-19 23:28:12,0.9ㅋㅋㅋㅋㅋㅋㅋ,- dc official App,63,63.0,0.9ㅋㅋㅋㅋㅋㅋㅋ - dc official App,0.9ㅋㅋㅋㅋㅋㅋㅋ - dc official App,0.11763932555913925,0.05192626640200615,0.19489866495132446,0.12916871905326843,0.4676162004470825,0.03875090554356575
2024-05-19 23:28:13,제발제발제발제발,- dc official App,63,63.0,제발제발제발제발 - dc official App,제발제발제발제발 - dc official App,0.10433745384216309,0.10312411189079285,0.2011856585741043,0.11242375522851944,0.4354362189769745,0.04349277913570404
2024-05-19 23:28:13,한바퀴 더 돌려라,- dc official App,63,63.0,한바퀴 더 돌려라 - dc official App,한바퀴 더 돌려라 - dc official App,0.08514825999736786,0.05750888213515282,0.1711297184228897,0.12320777028799057,0.5266740918159485,0.03633135184645653
2024-05-19 23:28:13,파이널랩 제발,,63,63.0,파이널랩 제발 ,파이널랩 제발,0.09871838241815567,0.10049840062856674,0.19342119991779327,0.11153534054756165,0.4515993595123291,0.04422735050320625
2024-05-19 23:28:14,1초 안 ㅋㅋㅋㅋㅋ,ㅋㅋㅋㅋ,63,63.0,1초 안 ㅋㅋㅋㅋㅋ ㅋㅋㅋㅋ,1초 안 ㅋㅋㅋㅋㅋ ㅋㅋㅋㅋ,0.07278108596801758,0.0382145456969738,0.14218376576900482,0.0918351411819458,0.6258297562599182,0.02915574610233307
2024-05-19 23:28:14,0.9ㅋㅋㅋㅋ,,63,63.0,0.9ㅋㅋㅋㅋ ,0.9ㅋㅋㅋㅋ,0.16773849725723267,0.07661978155374527,0.2832672894001007,0.21065019071102142,0.17769239842891693,0.08403178304433823
2024-05-19 23:28:15,제발제발제발제발제발제발,제발요,63,63.0,제발제발제발제발제발제발 제발요,제발제발제발제발제발제발 제발요,0.17870038747787476,0.19743603467941284,0.22549638152122498,0.12678661942481995,0.20872220396995544,0.06285830587148666
2024-05-19 23:28:08,0.9초 ㅋㅋㅋㅋㅋ,,62,62.0,0.9초 ㅋㅋㅋㅋㅋ ,0.9초 ㅋㅋㅋㅋㅋ,0.13250653445720673,0.05933753028512001,0.2756703197956085,0.21338576078414917,0.23501400649547577,0.0840858444571495
2024-05-19 23:28:17,막스 우승이네 그냥,,63,63.0,막스 우승이네 그냥 ,막스 우승이네 그냥,0.05253899097442627,0.03551393747329712,0.14382018148899078,0.08995628356933594,0.638517439365387,0.03965310379862785
2024-05-19 23:28:17,0.9 ㅋㅋㅋㅋ,,63,63.0,0.9 ㅋㅋㅋㅋ ,0.9 ㅋㅋㅋㅋ,0.15591149032115936,0.06930462270975113,0.2859117388725281,0.204434335231781,0.2054273933172226,0.07901037484407425
2024-05-19 23:28:19,르클애미십년은걍개느려,에휴,63,63.0,르클애미십년은걍개느려 에휴,르클애미십년은걍개느려 에휴,0.2201387733221054,0.24411796033382416,0.2589165270328522,0.1455121785402298,0.08521150797605515,0.04610298573970795
2024-05-19 23:28:19,이씨발차빨새끼,ㅇ,63,63.0,이씨발차빨새끼 ㅇ,이씨발차빨새끼 ㅇ,0.2964860200881958,0.174338236451149,0.1600477397441864,0.12819266319274902,0.19919496774673462,0.04174037277698517
2024-05-19 23:28:19,0.8 가자 제발,,63,63.0,0.8 가자 제발 ,0.8 가자 제발,0.14372682571411133,0.14053957164287567,0.22779515385627747,0.160312220454216,0.25031745433807373,0.0773087814450264
2024-05-19 23:28:18,한랩 더해,,63,63.0,한랩 더해 ,한랩 더해,0.0660809576511383,0.042614299803972244,0.1593313217163086,0.1199217289686203,0.5724177360534668,0.03963398188352585
2024-05-19 23:28:19,두근듀근하네 ㅋㅋㅋㅋ,,63,63.0,두근듀근하네 ㅋㅋㅋㅋ ,두근듀근하네 ㅋㅋㅋㅋ,0.05437692627310753,0.0360470749437809,0.11325817555189133,0.07454971224069595,0.6940688490867615,0.027699148282408714
2024-05-19 23:28:20,배터리 다 쎠,,63,63.0,배터리 다 쎠 ,배터리 다 쎠,0.13368110358715057,0.12506480515003204,0.34348824620246887,0.1947549730539322,0.15713287889957428,0.045877937227487564
2024-05-19 23:28:20,막스 존나 침착하네,,63,63.0,막스 존나 침착하네 ,막스 존나 침착하네,0.09635612368583679,0.043007880449295044,0.20736920833587646,0.30247655510902405,0.2522497773170471,0.09854036569595337
2024-05-19 23:28:21,막스야 믿는다,"제발 막아뵈6
Oracle Red Bull Racing RB20",63,63.0,"막스야 믿는다 제발 막아뵈6
Oracle Red Bull Racing RB20",막스야 믿는다 제발 막아뵈6 Oracle Red Bull Racing RB20,0.0907692015171051,0.09073678404092789,0.2118254005908966,0.25558772683143616,0.27226123213768005,0.07881966978311539
2024-05-19 23:28:22,0.7 ㅋㅋㅋㅋㅋㅋㅋ,ㅋㅋㅋㅋ,63,63.0,0.7 ㅋㅋㅋㅋㅋㅋㅋ ㅋㅋㅋㅋ,0.7 ㅋㅋㅋㅋㅋㅋㅋ ㅋㅋㅋㅋ,0.11200392991304398,0.052257683128118515,0.23404401540756226,0.1259290874004364,0.43128034472465515,0.04448501393198967
2024-05-19 23:28:22,와 진짜 손에 땀난다,"진짜 존나 조마조마하네 이번 경기 ㅋㅋㅋㅋㅋㅋ
개 재밌다 ㅋㅋㅋㅋ",63,63.0,"와 진짜 손에 땀난다 진짜 존나 조마조마하네 이번 경기 ㅋㅋㅋㅋㅋㅋ
개 재밌다 ㅋㅋㅋㅋ",와 진짜 손에 땀난다 진짜 존나 조마조마하네 이번 경기 ㅋㅋㅋㅋㅋㅋ 개 재밌다 ㅋㅋㅋㅋ,0.05634019896388054,0.03534306213259697,0.12728014588356018,0.06282046437263489,0.6931149363517761,0.025101246312260628
2024-05-19 23:28:22,1초이내 들어왔다,어우,63,63.0,1초이내 들어왔다 어우,1초이내 들어왔다 어우,0.14253538846969604,0.07388439029455185,0.26926204562187195,0.16924238204956055,0.26549533009529114,0.07958050072193146
2024-05-19 23:28:23,진짜 잡니,,63,63.0,진짜 잡니 ,진짜 잡니,0.10761474072933197,0.0691092312335968,0.24427561461925507,0.26591622829437256,0.18929407000541687,0.12379007786512375
2024-05-19 23:28:24,아 씨발 한두랩만 더잇으면ㅋㅋㅋㅋ,ㅋㅋㅋㅋㅋㅋ,63,63.0,아 씨발 한두랩만 더잇으면ㅋㅋㅋㅋ ㅋㅋㅋㅋㅋㅋ,아 씨발 한두랩만 더잇으면ㅋㅋㅋㅋ ㅋㅋㅋㅋㅋㅋ,0.16903552412986755,0.10222338140010834,0.20234055817127228,0.10466697812080383,0.37394779920578003,0.04778574779629707
2024-05-19 23:28:25,0.8 ㅋㅋㅋㅋㅋㅋㅋㅋ,,63,63.0,0.8 ㅋㅋㅋㅋㅋㅋㅋㅋ ,0.8 ㅋㅋㅋㅋㅋㅋㅋㅋ,0.13440990447998047,0.060729920864105225,0.2823885679244995,0.17549976706504822,0.2766098380088806,0.07036199420690536
2024-05-19 23:28:27,시발 제발 가자,"존나 떨리네
- dc official App",63,63.0,"시발 제발 가자 존나 떨리네
- dc official App",시발 제발 가자 존나 떨리네,0.22547383606433868,0.15182684361934662,0.21969760954380035,0.1481933444738388,0.1688145250082016,0.08599390834569931
2024-05-19 23:28:28,ㅅㅅㅅㅅㅅㅅㅅ,이겼노 이건,63,63.0,ㅅㅅㅅㅅㅅㅅㅅ 이겼노 이건,ㅅㅅㅅㅅㅅㅅㅅ 이겼노 이건,0.055316805839538574,0.04459154233336449,0.11781232804059982,0.05574450641870499,0.7008233666419983,0.025711514055728912
2024-05-19 23:28:30,몽골 미끌좀 해 ㅅㅂ,제발,63,63.0,몽골 미끌좀 해 ㅅㅂ 제발,몽골 미끌좀 해 ㅅㅂ 제발,0.29231536388397217,0.21628299355506897,0.19472309947013855,0.1116577759385109,0.14163291454315186,0.04338780418038368
2024-05-19 23:28:30,0.8초 ㅋㅋㅋ,,63,63.0,0.8초 ㅋㅋㅋ ,0.8초 ㅋㅋㅋ,0.12022045254707336,0.05361069366335869,0.2659326493740082,0.204569473862648,0.2777532637119293,0.07791346311569214
2024-05-19 23:28:30,와 개쫄깃하네 ㅋㅋㅋ,ㅋㅋㅋㅋㅋ,63,63.0,와 개쫄깃하네 ㅋㅋㅋ ㅋㅋㅋㅋㅋ,와 개쫄깃하네 ㅋㅋㅋ ㅋㅋㅋㅋㅋ,0.05490376800298691,0.0309948418289423,0.12643828988075256,0.0942138209939003,0.6651659607887268,0.028283370658755302
2024-05-19 23:28:33,둘이 박아라 ㅋㅋㅋㅋㅋㅋ,,63,63.0,둘이 박아라 ㅋㅋㅋㅋㅋㅋ ,둘이 박아라 ㅋㅋㅋㅋㅋㅋ,0.09670910984277725,0.039688196033239365,0.17642773687839508,0.14434681832790375,0.49545353651046753,0.04737456887960434
2024-05-19 23:28:33,어 ㅅㅂ?,"??
Oracle Red Bull Racing RB20",63,63.0,"어 ㅅㅂ? ??
Oracle Red Bull Racing RB20",어 ㅅㅂ? ?? Oracle Red Bull Racing RB20,0.2607687711715698,0.14427338540554047,0.21799245476722717,0.17274031043052673,0.1282116025686264,0.07601344585418701
2024-05-19 23:28:33,제발 노리스,,63,63.0,제발 노리스 ,제발 노리스,0.13937342166900635,0.18195272982120514,0.24259039759635925,0.12501418590545654,0.24901390075683594,0.062055397778749466
2024-05-19 23:28:35,제발 ㅋㅋㅋㅋ,,63,63.0,제발 ㅋㅋㅋㅋ ,제발 ㅋㅋㅋㅋ,0.0815730094909668,0.04740504175424576,0.18426834046840668,0.14348548650741577,0.493079274892807,0.05018874630331993
2024-05-19 23:28:35,0.7 ㅋㅋㅋㅋㅋㅋㅋ,"오ㅓ
- dc official App",63,63.0,"0.7 ㅋㅋㅋㅋㅋㅋㅋ 오ㅓ
- dc official App",0.7 ㅋㅋㅋㅋㅋㅋㅋ 오ㅓ,0.09199529141187668,0.04116533696651459,0.22791559994220734,0.2472035437822342,0.3070915639400482,0.0846286490559578
2024-05-19 23:28:36,가자 제발,,63,63.0,가자 제발 ,가자 제발,0.0909225195646286,0.09587928652763367,0.1802510917186737,0.12817081809043884,0.44430938363075256,0.06046691909432411
2024-05-19 23:28:34,아 두랩만 많았어도 확실하게 따겠는데,,63,63.0,아 두랩만 많았어도 확실하게 따겠는데 ,아 두랩만 많았어도 확실하게 따겠는데,0.126252681016922,0.12557776272296906,0.3122701644897461,0.23291641473770142,0.1175001710653305,0.08548279851675034
2024-05-19 23:28:36,진짜 한랩만 더 있었으면 ㅋㅋㅋㅋㅋㅋㅋ,20 가슬리 사인츠 보는거 같네,63,63.0,진짜 한랩만 더 있었으면 ㅋㅋㅋㅋㅋㅋㅋ 20 가슬리 사인츠 보는거 같네,진짜 한랩만 더 있었으면 ㅋㅋㅋㅋㅋㅋㅋ 20 가슬리 사인츠 보는거 같네,0.061791855841875076,0.030081534758210182,0.15259969234466553,0.11458861082792282,0.6034371852874756,0.03750109672546387
2024-05-19 23:28:38,그래도 막판 쫄깃했네 ㅋㅋ,,63,63.0,그래도 막판 쫄깃했네 ㅋㅋ ,그래도 막판 쫄깃했네 ㅋㅋ,0.07990531623363495,0.05689345672726631,0.16204941272735596,0.06077410653233528,0.6133723855018616,0.027005335316061974
2024-05-19 23:28:40,가자 누리스!!,"시발 따자고
- dc official App",63,63.0,"가자 누리스!! 시발 따자고
- dc official App",가자 누리스!! 시발 따자고,0.06367749720811844,0.04068387672305107,0.12312264740467072,0.08209183812141418,0.6539448499679565,0.03647935390472412
2024-05-19 23:28:42,아 몆바퀴만 더 있었으면,,63,63.0,아 몆바퀴만 더 있었으면 ,아 몆바퀴만 더 있었으면,0.1021944060921669,0.09881714731454849,0.20138640701770782,0.10301650315523148,0.4553842544555664,0.03920133039355278
2024-05-19 23:28:44,제발제발,"버텨봐라
Oracle Red Bull Racing RB20",63,63.0,"제발제발 버텨봐라
Oracle Red Bull Racing RB20",제발제발 버텨봐라 Oracle Red Bull Racing RB20,0.09948165714740753,0.10223349183797836,0.2233293503522873,0.21209828555583954,0.27761587500572205,0.08524136245250702
2024-05-19 23:28:46,이래놓고 알고보니 한 번 나갔으면 어카냐,ㄷ,63,63.0,이래놓고 알고보니 한 번 나갔으면 어카냐 ㄷ,이래놓고 알고보니 한 번 나갔으면 어카냐 ㄷ,0.14637868106365204,0.15473099052906036,0.2990262806415558,0.21044188737869263,0.08858075737953186,0.1008414477109909
2024-05-19 23:28:46,막스 우승이야~,,63,63.0,막스 우승이야~ ,막스 우승이야~,0.054774995893239975,0.041066206991672516,0.12300490587949753,0.06786138564348221,0.6816059350967407,0.03168664872646332
2024-05-19 23:28:47,가자ㅏㅏㅏㅏㅏㅏㅏ,,63,63.0,가자ㅏㅏㅏㅏㅏㅏㅏ ,가자ㅏㅏㅏㅏㅏㅏㅏ,0.06160986050963402,0.0432903952896595,0.11312197148799896,0.07657726854085922,0.6784428358078003,0.026957666501402855
2024-05-19 23:28:49,0.7 ㅅㅂ ㅋㅋㅋㅋㅋㅋ,"제발
- dc official App",63,63.0,"0.7 ㅅㅂ ㅋㅋㅋㅋㅋㅋ 제발
- dc official App",0.7 ㅅㅂ ㅋㅋㅋㅋㅋㅋ 제발,0.2811165452003479,0.16851575672626495,0.2129412591457367,0.14456923305988312,0.11699236929416656,0.07586480677127838
2024-05-19 23:28:51,저 미친년 실수 절대 안하네ㅋㅋㅋㅋㅋ,,63,63.0,저 미친년 실수 절대 안하네ㅋㅋㅋㅋㅋ ,저 미친년 실수 절대 안하네ㅋㅋㅋㅋㅋ,0.18451352417469025,0.07383039593696594,0.18070438504219055,0.27054229378700256,0.16517962515354156,0.12522977590560913
2024-05-19 23:28:58,근데 르끌은 뭐함?,둘이 박으면 우승할 수 있는거냐???,63,63.0,근데 르끌은 뭐함? 둘이 박으면 우승할 수 있는거냐???,근데 르끌은 뭐함? 둘이 박으면 우승할 수 있는거냐???,0.1163097396492958,0.07081112265586853,0.21903157234191895,0.36000698804855347,0.1232917532324791,0.11054881662130356
2024-05-19 23:28:58,버티냐?,"진짜 제발
Oracle Red Bull Racing RB20",63,63.0,"버티냐? 진짜 제발
Oracle Red Bull Racing RB20",버티냐? 진짜 제발 Oracle Red Bull Racing RB20,0.1380157619714737,0.1596653014421463,0.23444846272468567,0.2370646893978119,0.1182057335972786,0.11260012537240982
2024-05-19 23:28:51,하 이거 62랩이었으면 땄다 ㄹㅇㅋㅋ,,63,63.0,하 이거 62랩이었으면 땄다 ㄹㅇㅋㅋ ,하 이거 62랩이었으면 땄다 ㄹㅇㅋㅋ,0.08227576315402985,0.05394306778907776,0.18785426020622253,0.12461601942777634,0.4946743845939636,0.05663656070828438
2024-05-19 23:28:59,0.8 제발,,63,63.0,0.8 제발 ,0.8 제발,0.16751955449581146,0.16607941687107086,0.2448863387107849,0.17139053344726562,0.14320500195026398,0.10691917687654495
2024-05-19 23:28:59,막붕이 우승ㅋㅋㅋㅋㅋㅋㅋㅋㅋㅋㅋㅋㅋㅋㅋㅋㅋㅋㅋㅋㅋㅋㅋ,,63,63.0,막붕이 우승ㅋㅋㅋㅋㅋㅋㅋㅋㅋㅋㅋㅋㅋㅋㅋㅋㅋㅋㅋㅋㅋㅋㅋ ,막붕이 우승ㅋㅋㅋㅋㅋㅋㅋㅋㅋㅋㅋㅋㅋㅋㅋㅋㅋㅋㅋㅋㅋㅋㅋ,0.05792837217450142,0.03344189375638962,0.11818689107894897,0.07319529354572296,0.6935281157493591,0.023719439283013344
2024-05-19 23:28:59,한랩만 더있으면 무조건 딸꺼같은데ㅋㅋ,,63,63.0,한랩만 더있으면 무조건 딸꺼같은데ㅋㅋ ,한랩만 더있으면 무조건 딸꺼같은데ㅋㅋ,0.10262558609247208,0.05986589565873146,0.1934247612953186,0.19829005002975464,0.375306636095047,0.0704871118068695
2024-05-19 23:29:04,어 우 막,,63,63.0,어 우 막 ,어 우 막,0.1607285439968109,0.0632820576429367,0.22691433131694794,0.13953566551208496,0.3453178405761719,0.06422159820795059
2024-05-19 23:29:05,ㄹㅇ 한랩만더있었어도..,ㅅㅂ,63,63.0,ㄹㅇ 한랩만더있었어도.. ㅅㅂ,ㄹㅇ 한랩만더있었어도.. ㅅㅂ,0.2714649438858032,0.23275230824947357,0.21070596575737,0.11471952497959137,0.11652841418981552,0.053828828036785126
2024-05-19 23:29:07,와중에 리카도 따였네,ㅄ,63,63.0,와중에 리카도 따였네 ㅄ,와중에 리카도 따였네 ㅄ,0.23502828180789948,0.12451176345348358,0.22177354991436005,0.23427994549274445,0.09355735033750534,0.09084907174110413
2024-05-19 23:29:07,레드불 직빨 ㅅㅂㅋㅋ,,63,63.0,레드불 직빨 ㅅㅂㅋㅋ ,레드불 직빨 ㅅㅂㅋㅋ,0.16644659638404846,0.06444814056158066,0.17423386871814728,0.11798714846372604,0.4258529543876648,0.05103127285838127
2024-05-19 23:29:08,버틴다 ㅋㅋㅋㅋ,나이스,63,63.0,버틴다 ㅋㅋㅋㅋ 나이스,버틴다 ㅋㅋㅋㅋ 나이스,0.06790978461503983,0.060821324586868286,0.11759351193904877,0.06783804297447205,0.6566734910011292,0.029163822531700134
2024-05-19 23:29:09,아 진짜 제발,,63,63.0,아 진짜 제발 ,아 진짜 제발,0.21756765246391296,0.24453765153884888,0.20759576559066772,0.15471822023391724,0.10933186858892441,0.0662488117814064
2024-05-19 23:29:10,아,"아
- dc official App",63,63.0,"아 아
- dc official App",아 아,0.09964451193809509,0.05828176811337471,0.17435304820537567,0.09457215666770935,0.544696033000946,0.028452536091208458
2024-05-19 23:29:11,와 개쫄렸네 ㄹㅇ,,63,63.0,와 개쫄렸네 ㄹㅇ ,와 개쫄렸네 ㄹㅇ,0.1437489539384842,0.06875192373991013,0.1995854377746582,0.3362811207771301,0.12545952200889587,0.1261730045080185
2024-05-19 23:29:13,티포시들 힘없는 박수,"미끌레르 병신
- dc official App",63,63.0,"티포시들 힘없는 박수 미끌레르 병신
- dc official App",티포시들 힘없는 박수 미끌레르 병신,0.17596183717250824,0.09077771008014679,0.24830561876296997,0.24527126550674438,0.14313800632953644,0.09654554724693298
2024-05-19 23:29:14,와 이게 63랩이라 못 따네ㅋㅋㅋㅋㅋ,ㅋㅋㅋㅋ,63,63.0,와 이게 63랩이라 못 따네ㅋㅋㅋㅋㅋ ㅋㅋㅋㅋ,와 이게 63랩이라 못 따네ㅋㅋㅋㅋㅋ ㅋㅋㅋㅋ,0.11968816071748734,0.055363599210977554,0.2804858088493347,0.25902578234672546,0.16966837644577026,0.11576829850673676
2024-05-19 23:29:15,아깝노 ㅋㅋㅋㅋㅋ,,63,63.0,아깝노 ㅋㅋㅋㅋㅋ ,아깝노 ㅋㅋㅋㅋㅋ,0.11174622923135757,0.11950268596410751,0.3021591901779175,0.11048592627048492,0.3050712049007416,0.05103485286235809
2024-05-19 23:29:18,1:21.035 VS 1:20:743,근데 이제 끝남,63,63.0,1:21.035 VS 1:20:743 근데 이제 끝남,1:21.035 VS 1:20:743 근데 이제 끝남,0.11305559426546097,0.09011033922433853,0.3298772871494293,0.17986443638801575,0.22661086916923523,0.060481492429971695
2024-05-19 23:29:21,갑자가 좆같아지면 개추,,63,63.0,갑자가 좆같아지면 개추 ,갑자가 좆같아지면 개추,0.11951517313718796,0.07990044355392456,0.2722080945968628,0.23788855969905853,0.18145573139190674,0.1090320572257042
2024-05-19 23:29:22,아 ㅈㅈ ㅋㅋㅋㅋㅋ,,63,63.0,아 ㅈㅈ ㅋㅋㅋㅋㅋ ,아 ㅈㅈ ㅋㅋㅋㅋㅋ,0.10055479407310486,0.06198639050126076,0.18848402798175812,0.08524945378303528,0.5275799036026001,0.03614545986056328
2024-05-19 23:29:22,어우막ㅋㅋㅋㅋㅋㅋㅋㅋㅋㅋㅋㅋㅋㅋㅋㅋㅋㅋㅋㅋㅋㅋㅋ,,63,63.0,어우막ㅋㅋㅋㅋㅋㅋㅋㅋㅋㅋㅋㅋㅋㅋㅋㅋㅋㅋㅋㅋㅋㅋㅋ ,어우막ㅋㅋㅋㅋㅋㅋㅋㅋㅋㅋㅋㅋㅋㅋㅋㅋㅋㅋㅋㅋㅋㅋㅋ,0.06472182273864746,0.03142781928181648,0.13529004156589508,0.10257948189973831,0.6390827894210815,0.02689807116985321
2024-05-19 23:29:22,와 노리스 진짜 존나무섭다,개잘하긴하네,63,63.0,와 노리스 진짜 존나무섭다 개잘하긴하네,와 노리스 진짜 존나무섭다 개잘하긴하네,0.11300098150968552,0.04922592267394066,0.20343613624572754,0.3176470994949341,0.20993952453136444,0.10675036907196045
2024-05-19 23:29:23,와 이걸 버티네 ㅋㅋㅋㅋㅋㅋㅋㅋ,ㅋㅋㅋㅋㅋㅋ,63,63.0,와 이걸 버티네 ㅋㅋㅋㅋㅋㅋㅋㅋ ㅋㅋㅋㅋㅋㅋ,와 이걸 버티네 ㅋㅋㅋㅋㅋㅋㅋㅋ ㅋㅋㅋㅋㅋㅋ,0.09565991163253784,0.042762819677591324,0.2092706859111786,0.25058239698410034,0.294186532497406,0.10753769427537918
2024-05-19 23:29:22,배터리 찌꺼기까지 써서달려라,,63,63.0,배터리 찌꺼기까지 써서달려라 ,배터리 찌꺼기까지 써서달려라,0.20870117843151093,0.1178511306643486,0.2073846012353897,0.2132650762796402,0.1734824925661087,0.07931558042764664
2024-05-19 23:29:23,와 존나 아깝다 ㅋㅋ,,63,63.0,와 존나 아깝다 ㅋㅋ ,와 존나 아깝다 ㅋㅋ,0.14801500737667084,0.08958100527524948,0.24280229210853577,0.1816389113664627,0.2490088790655136,0.08895394206047058
2024-05-19 23:29:25,어 우 막,,63,63.0,어 우 막 ,어 우 막,0.1607285439968109,0.0632820576429367,0.22691433131694794,0.13953566551208496,0.3453178405761719,0.06422159820795059
2024-05-19 23:29:25,직빨 뭔데,,63,63.0,직빨 뭔데 ,직빨 뭔데,0.13572150468826294,0.06618958711624146,0.21358054876327515,0.35027843713760376,0.15310555696487427,0.08112432807683945
2024-05-19 23:29:26,아쉽네 시발,아,63,63.0,아쉽네 시발 아,아쉽네 시발 아,0.246013343334198,0.21735864877700806,0.24646231532096863,0.10699605196714401,0.1364055871963501,0.046764057129621506
2024-05-19 23:29:26,애미 ㅋㅋㅋㅋㅋㅋ,,63,63.0,애미 ㅋㅋㅋㅋㅋㅋ ,애미 ㅋㅋㅋㅋㅋㅋ,0.13802821934223175,0.05499519035220146,0.22834351658821106,0.16808930039405823,0.34923702478408813,0.061306729912757874
2024-05-19 23:29:27,아 시발,"65랩만 됬어도
- dc official App",63,63.0,"아 시발 65랩만 됬어도
- dc official App",아 시발 65랩만 됬어도,0.29351386427879333,0.23148970305919647,0.2092123180627823,0.11616376787424088,0.102788046002388,0.046832241117954254
2024-05-19 23:29:27,아오 시발,존내 아깝네,63,63.0,아오 시발 존내 아깝네,아오 시발 존내 아깝네,0.2972952127456665,0.18248267471790314,0.2171236127614975,0.10090187191963196,0.16012686491012573,0.04206978529691696
2024-05-19 23:29:29,개아깝네 ㅋㅋㅋㅌㅌ,아오 한랩만더있었어도,63,63.0,개아깝네 ㅋㅋㅋㅌㅌ 아오 한랩만더있었어도,개아깝네 ㅋㅋㅋㅌㅌ 아오 한랩만더있었어도,0.20656010508537292,0.1738203763961792,0.27069684863090515,0.1070300042629242,0.18506409227848053,0.05682861804962158
2024-05-19 23:29:27,아깝다 씨발,,63,63.0,아깝다 씨발 ,아깝다 씨발,0.2832977771759033,0.18142104148864746,0.2323252558708191,0.09989071637392044,0.16027922928333282,0.04278603196144104
2024-05-19 23:29:27,한 랩 더하라고-,,63,63.0,한 랩 더하라고- ,한 랩 더하라고-,0.11037490516901016,0.06220071762800217,0.18126153945922852,0.09585068374872208,0.5037057399749756,0.04660644754767418
2024-05-19 23:29:27,1~2랩만 있었어도,"ㄲㅂ
- dc official App",63,63.0,"1~2랩만 있었어도 ㄲㅂ
- dc official App",1~2랩만 있었어도 ㄲㅂ,0.1809917837381363,0.17542625963687897,0.2689141631126404,0.0930851399898529,0.23128774762153625,0.050294965505599976
2024-05-19 23:29:29,씨발 한랩만 더하지ㅋㅋㅋㅋㅋ,아쉽다,63,63.0,씨발 한랩만 더하지ㅋㅋㅋㅋㅋ 아쉽다,씨발 한랩만 더하지ㅋㅋㅋㅋㅋ 아쉽다,0.16689753532409668,0.1651301234960556,0.2715524435043335,0.135371595621109,0.20133808255195618,0.05971028283238411
2024-05-19 23:29:30,62때 drs를 받앗어야햇는데,ㄲㅂ,63,63.0,62때 drs를 받앗어야햇는데 ㄲㅂ,62때 drs를 받앗어야햇는데 ㄲㅂ,0.16314123570919037,0.19696304202079773,0.29977643489837646,0.09280403703451157,0.1932508945465088,0.05406429246068001
2024-05-19 23:29:30,와 존나 까비,아,63,63.0,와 존나 까비 아,와 존나 까비 아,0.19308044016361237,0.12723408639431,0.26954105496406555,0.13474394381046295,0.20875747501850128,0.06664308160543442
2024-05-19 23:29:30,크 막가놈 ㅅㅅ,,63,63.0,크 막가놈 ㅅㅅ ,크 막가놈 ㅅㅅ,0.08304595202207565,0.04283015802502632,0.13676872849464417,0.09203430265188217,0.611516535282135,0.03380431979894638
2024-05-19 23:29:31,한바퀴만 더 있었으면 ㅅㅍ ㅠㅠㅠ,- dc official App,63,63.0,한바퀴만 더 있었으면 ㅅㅍ ㅠㅠㅠ - dc official App,한바퀴만 더 있었으면 ㅅㅍ ㅠㅠㅠ - dc official App,0.22835367918014526,0.2098729908466339,0.20833921432495117,0.10637668520212173,0.1915324628353119,0.05552497133612633
2024-05-19 23:29:31,ㅈㅈ 굿게임,"+ dc official App
- dc official App",63,63.0,"ㅈㅈ 굿게임 + dc official App
- dc official App",ㅈㅈ 굿게임 + dc official App,0.06401239335536957,0.03573046252131462,0.13482637703418732,0.11550293862819672,0.6213908195495605,0.02853696048259735
2024-05-19 23:29:32,ㄲㄲㄲㄲㄲ,,After Lap,,ㄲㄲㄲㄲㄲ ,ㄲㄲㄲㄲㄲ,0.08623021841049194,0.043809305876493454,0.14866244792938232,0.08541553467512131,0.6092494130134583,0.02663305774331093
2024-05-19 23:29:32,와 진짜 오늘 개꿀잼 ㅋㅋㅋㅋㅋ,ㅋㅋ,After Lap,,와 진짜 오늘 개꿀잼 ㅋㅋㅋㅋㅋ ㅋㅋ,와 진짜 오늘 개꿀잼 ㅋㅋㅋㅋㅋ ㅋㅋ,0.060879211872816086,0.04006192460656166,0.12055333703756332,0.06455819308757782,0.6902251839637756,0.0237222071737051
2024-05-19 23:29:32,ㅋㅋㅋㅋㅋㅋㅋㅋㅋㅋㅋㅋㅋㅋㅋㅋㅋㅋㅋㅋㅋㅋㅋㅋㅋㅋㅋㅋㅋㅋㅋㅋㅋㅋ,ㅋ,After Lap,,ㅋㅋㅋㅋㅋㅋㅋㅋㅋㅋㅋㅋㅋㅋㅋㅋㅋㅋㅋㅋㅋㅋㅋㅋㅋㅋㅋㅋㅋㅋㅋㅋㅋㅋ ㅋ,ㅋㅋㅋㅋㅋㅋㅋㅋㅋㅋㅋㅋㅋㅋㅋㅋㅋㅋㅋㅋㅋㅋㅋㅋㅋㅋㅋㅋㅋㅋㅋㅋㅋㅋ ㅋ,0.06745762377977371,0.034215085208415985,0.13571690022945404,0.09065558761358261,0.6460753679275513,0.02587941661477089
2024-05-19 23:29:32,아 시바으으으으으우유바자ㅠ루다빈,시발,After Lap,,아 시바으으으으으우유바자ㅠ루다빈 시발,아 시바으으으으으우유바자ㅠ루다빈 시발,0.3024968206882477,0.2123890072107315,0.17445190250873566,0.10133539140224457,0.16787192225456238,0.04145495221018791
2024-05-19 23:29:34,진짜 아쉽다 ㅋㅋㅋ,"한 2~3랩만 더 있었더라면 ㅋㅋㅋ
- dc official App",After Lap,,"진짜 아쉽다 ㅋㅋㅋ 한 2~3랩만 더 있었더라면 ㅋㅋㅋ
- dc official App",진짜 아쉽다 ㅋㅋㅋ 한 2~3랩만 더 있었더라면 ㅋㅋㅋ,0.14864568412303925,0.13868112862110138,0.24929316341876984,0.11721120029687881,0.2901698052883148,0.05599901080131531
2024-05-19 23:29:35,진짜 아깝다,"ㅠㅠㅠㅠ
- dc official App",After Lap,,"진짜 아깝다 ㅠㅠㅠㅠ
- dc official App",진짜 아깝다 ㅠㅠㅠㅠ,0.14818145334720612,0.1870701014995575,0.2410130798816681,0.18491072952747345,0.1653512418270111,0.07347342371940613
2024-05-19 23:29:36,아 존나아깝네,개까비시발,After Lap,,아 존나아깝네 개까비시발,아 존나아깝네 개까비시발,0.2870694696903229,0.18110454082489014,0.23164312541484833,0.08849745243787766,0.1737232506275177,0.037962138652801514
2024-05-19 23:29:36,와 개아까웠다 ㅋㅋㅋㅋㅋ,한두랩만 더있었어도 몰랐겠네 ㅋㅋ,After Lap,,와 개아까웠다 ㅋㅋㅋㅋㅋ 한두랩만 더있었어도 몰랐겠네 ㅋㅋ,와 개아까웠다 ㅋㅋㅋㅋㅋ 한두랩만 더있었어도 몰랐겠네 ㅋㅋ,0.18562358617782593,0.15266026556491852,0.31624898314476013,0.11213256418704987,0.17005951702594757,0.06327509135007858
2024-05-19 23:29:36,진짜 한랩만 더있었어도ㅋㅋㅋㅋ,,After Lap,,진짜 한랩만 더있었어도ㅋㅋㅋㅋ ,진짜 한랩만 더있었어도ㅋㅋㅋㅋ,0.11502575874328613,0.07378332316875458,0.2201768159866333,0.18934452533721924,0.3092491030693054,0.09242048859596252
2024-05-19 23:29:36,아 존나 1랩만 있어도 잡았겠네 ㅋㅋㅋ,ㅋㅋㅋ,After Lap,,아 존나 1랩만 있어도 잡았겠네 ㅋㅋㅋ ㅋㅋㅋ,아 존나 1랩만 있어도 잡았겠네 ㅋㅋㅋ ㅋㅋㅋ,0.12680035829544067,0.05478488281369209,0.22923187911510468,0.22155557572841644,0.2760293185710907,0.09159799665212631
2024-05-19 23:29:38,어우막 ㅋㅋㅋㅋㅋㅋㅋㅋ,ㅋㅋㅋㅋㅋㅋㅋ,After Lap,,어우막 ㅋㅋㅋㅋㅋㅋㅋㅋ ㅋㅋㅋㅋㅋㅋㅋ,어우막 ㅋㅋㅋㅋㅋㅋㅋㅋ ㅋㅋㅋㅋㅋㅋㅋ,0.061497364193201065,0.03180794045329094,0.1272834986448288,0.089580237865448,0.6657111048698425,0.024119876325130463
2024-05-19 23:29:35,아쉽긴 한데 진짜 쫄깃했다,,After Lap,,아쉽긴 한데 진짜 쫄깃했다 ,아쉽긴 한데 진짜 쫄깃했다,0.10930537432432175,0.09996400773525238,0.2642197012901306,0.09086742252111435,0.39478448033332825,0.040859024971723557
2024-05-19 23:29:38,ㅋㅋㅋㅋㅋㅋㅋㅋㅋㅋㅋㅋㅋㅋㅋㅋㅋ,,After Lap,,ㅋㅋㅋㅋㅋㅋㅋㅋㅋㅋㅋㅋㅋㅋㅋㅋㅋ ,ㅋㅋㅋㅋㅋㅋㅋㅋㅋㅋㅋㅋㅋㅋㅋㅋㅋ,0.06757815927267075,0.033752862364053726,0.1361704170703888,0.09111525863409042,0.6456478834152222,0.0257353987544775
2024-05-19 23:29:39,와 존나 손에 땀 존나남ㅋㅋㅋㅋ,"ㅋㅋㅋㅋㅋ
- dc official App",After Lap,,"와 존나 손에 땀 존나남ㅋㅋㅋㅋ ㅋㅋㅋㅋㅋ
- dc official App",와 존나 손에 땀 존나남ㅋㅋㅋㅋ ㅋㅋㅋㅋㅋ,0.08859999477863312,0.041996609419584274,0.18783915042877197,0.1286667436361313,0.5133927464485168,0.039504796266555786
2024-05-19 23:29:39,drs만 킬수있었어도...,,After Lap,,drs만 킬수있었어도... ,drs만 킬수있었어도...,0.15787681937217712,0.22225108742713928,0.2982381284236908,0.158630833029747,0.0931256040930748,0.06987756490707397
2024-05-19 23:29:39,아 ㅈㄴ 아쉽다 ㅋㅋㅋㅋ,,After Lap,,아 ㅈㄴ 아쉽다 ㅋㅋㅋㅋ ,아 ㅈㄴ 아쉽다 ㅋㅋㅋㅋ,0.1508842408657074,0.1405884325504303,0.2677456736564636,0.10932507365942001,0.2821149230003357,0.04934171587228775
2024-05-19 23:29:40,월챔은 월챔이노ㅋㅋㅋㅋㅋㅋ,ㅋㅋㅋㅋㅋ,After Lap,,월챔은 월챔이노ㅋㅋㅋㅋㅋㅋ ㅋㅋㅋㅋㅋ,월챔은 월챔이노ㅋㅋㅋㅋㅋㅋ ㅋㅋㅋㅋㅋ,0.10869356989860535,0.05430690199136734,0.22357137501239777,0.15223129093647003,0.41644880175590515,0.044748056679964066
2024-05-19 23:29:39,2랩 보너스 주세요 시발 ㅋㅋㅋㅋㅋㅋㅋㅋ,ㅋㅋㅋㅋㅋ,After Lap,,2랩 보너스 주세요 시발 ㅋㅋㅋㅋㅋㅋㅋㅋ ㅋㅋㅋㅋㅋ,2랩 보너스 주세요 시발 ㅋㅋㅋㅋㅋㅋㅋㅋ ㅋㅋㅋㅋㅋ,0.18528561294078827,0.08388674259185791,0.20255765318870544,0.09928616881370544,0.3862863779067993,0.04269740730524063
2024-05-19 23:29:41,존나 아쉽다 몽골련 개잘하네,- dc official App,After Lap,,존나 아쉽다 몽골련 개잘하네 - dc official App,존나 아쉽다 몽골련 개잘하네 - dc official App,0.12794560194015503,0.07175226509571075,0.21653524041175842,0.2117827981710434,0.2748825252056122,0.0971016138792038
2024-05-19 23:29:41,한바퀴 더있었으면 잡았다 와,,After Lap,,한바퀴 더있었으면 잡았다 와 ,한바퀴 더있었으면 잡았다 와,0.09048662334680557,0.044244784861803055,0.21511529386043549,0.26943087577819824,0.27852222323417664,0.10220024734735489
2024-05-19 23:29:41,몽골도 지리긴 하네,저걸 버티네 ㅋㅋㅋㅋㅋㅋ,After Lap,,몽골도 지리긴 하네 저걸 버티네 ㅋㅋㅋㅋㅋㅋ,몽골도 지리긴 하네 저걸 버티네 ㅋㅋㅋㅋㅋㅋ,0.12854722142219543,0.05497336387634277,0.1972455084323883,0.3519231081008911,0.1449868083000183,0.12232402712106705
2024-05-19 23:29:41,몽골 카메라 컨트롤까지 하네,저새끼 일부러 저런거임,After Lap,,몽골 카메라 컨트롤까지 하네 저새끼 일부러 저런거임,몽골 카메라 컨트롤까지 하네 저새끼 일부러 저런거임,0.21066069602966309,0.10065185278654099,0.18871495127677917,0.28135189414024353,0.0942271426320076,0.12439343333244324
2024-05-19 23:29:41,1랩 더 있었으면 몰랐다ㅋㅋㅋㅋ,,After Lap,,1랩 더 있었으면 몰랐다ㅋㅋㅋㅋ ,1랩 더 있었으면 몰랐다ㅋㅋㅋㅋ,0.10331114381551743,0.04854525625705719,0.2767971456050873,0.2534661293029785,0.21974848210811615,0.09813184291124344
2024-05-19 23:29:41,아깝지만 잘했다,- dc official App,After Lap,,아깝지만 잘했다 - dc official App,아깝지만 잘했다 - dc official App,0.06704767048358917,0.07435071468353271,0.15988144278526306,0.080863818526268,0.5819344520568848,0.03592189773917198
2024-05-19 23:29:41,르끌레는 뭐고 ㅋㅋㅋ,,After Lap,,르끌레는 뭐고 ㅋㅋㅋ ,르끌레는 뭐고 ㅋㅋㅋ,0.11874573677778244,0.0637878030538559,0.2541137933731079,0.3069612681865692,0.1892545074224472,0.06713689863681793
2024-05-19 23:29:42,시발,"에이
- dc official App",After Lap,,"시발 에이
- dc official App",시발 에이,0.29849162697792053,0.18850228190422058,0.20612439513206482,0.12488653510808945,0.13828504085540771,0.043710045516490936
2024-05-19 23:29:42,와 이거 한 랩 더 있었으면,노리스 우승이다 ㄹㅇ,After Lap,,와 이거 한 랩 더 있었으면 노리스 우승이다 ㄹㅇ,와 이거 한 랩 더 있었으면 노리스 우승이다 ㄹㅇ,0.07147660106420517,0.03591504320502281,0.19322890043258667,0.1539274901151657,0.48530322313308716,0.06014874577522278
2024-05-19 23:29:43,몽골 씹퇴물다됐네,ㅋㅋ,After Lap,,몽골 씹퇴물다됐네 ㅋㅋ,몽골 씹퇴물다됐네 ㅋㅋ,0.19653208553791046,0.08543270826339722,0.21930348873138428,0.2920258045196533,0.0842481404542923,0.12245781719684601
2024-05-19 23:29:44,몽골 패널티 5초로 우승 놓칠듯,ㄱㄱㄱㄱㄱ,After Lap,,몽골 패널티 5초로 우승 놓칠듯 ㄱㄱㄱㄱㄱ,몽골 패널티 5초로 우승 놓칠듯 ㄱㄱㄱㄱㄱ,0.10680001974105835,0.0636201724410057,0.26381558179855347,0.20578686892986298,0.26988130807876587,0.09009606391191483
2024-05-19 23:29:44,존나 재미이ㅛ어ㅛ다,"+ dc official App
- dc official App",After Lap,,"존나 재미이ㅛ어ㅛ다 + dc official App
- dc official App",존나 재미이ㅛ어ㅛ다 + dc official App,0.06144201382994652,0.04071143642067909,0.12214421480894089,0.06543207913637161,0.6860990524291992,0.02417127415537834
2024-05-19 23:29:44,존나 아깝네,,After Lap,,존나 아깝네 ,존나 아깝네,0.21512694656848907,0.1978418081998825,0.25192707777023315,0.1613248884677887,0.1081080511212349,0.06567123532295227
2024-05-19 23:29:45,랩 하나 차이 같네 ㅋㅋ,아깝,After Lap,,랩 하나 차이 같네 ㅋㅋ 아깝,랩 하나 차이 같네 ㅋㅋ 아깝,0.1260243058204651,0.14402775466442108,0.35562044382095337,0.15739621222019196,0.16036657989025116,0.05656477063894272
2024-05-19 23:29:45,와 두랩만 더 있었어도 …,"ㅠㅜ
- dc official App",After Lap,,"와 두랩만 더 있었어도 … ㅠㅜ
- dc official App",와 두랩만 더 있었어도 … ㅠㅜ,0.1475761979818344,0.1423446536064148,0.2647290825843811,0.2070458084344864,0.14473918080329895,0.09356508404016495
2024-05-19 23:29:45,와ㅏ 존나 재밌네 ㅋㅋㅋㅋㅋㅋㅋㅋㅋㅋㅋㅋ,,After Lap,,와ㅏ 존나 재밌네 ㅋㅋㅋㅋㅋㅋㅋㅋㅋㅋㅋㅋ ,와ㅏ 존나 재밌네 ㅋㅋㅋㅋㅋㅋㅋㅋㅋㅋㅋㅋ,0.06316334009170532,0.03399473801255226,0.1307457685470581,0.08602236211299896,0.6615517139434814,0.024522090330719948
2024-05-19 23:29:45,아오씹 한랩만 더있었으명,아쉽다,After Lap,,아오씹 한랩만 더있었으명 아쉽다,아오씹 한랩만 더있었으명 아쉽다,0.18458878993988037,0.20606154203414917,0.24240204691886902,0.12406213581562042,0.19036822021007538,0.052517227828502655
2024-05-19 23:29:45,와 존나 아깝네,이거 각이었는데,After Lap,,와 존나 아깝네 이거 각이었는데,와 존나 아깝네 이거 각이었는데,0.13613219559192657,0.13733597099781036,0.28598472476005554,0.2118973731994629,0.1411011815071106,0.08754856139421463
2024-05-19 23:29:44,존나아깝다씨발,,After Lap,,존나아깝다씨발 ,존나아깝다씨발,0.3238602876663208,0.18297581374645233,0.2127295583486557,0.10976587980985641,0.12351999431848526,0.047148462384939194
2024-05-19 23:29:45,잘했다,노리스 잘했어,After Lap,,잘했다 노리스 잘했어,잘했다 노리스 잘했어,0.06148025393486023,0.0521952286362648,0.13130402565002441,0.06297546625137329,0.6620529890060425,0.029991963878273964
2024-05-19 23:29:46,와 미친 개꿀잼ㅋㅋㅋㅋ,미쳤네,After Lap,,와 미친 개꿀잼ㅋㅋㅋㅋ 미쳤네,와 미친 개꿀잼ㅋㅋㅋㅋ 미쳤네,0.06499461829662323,0.03881009668111801,0.13125833868980408,0.07771322876214981,0.6628856658935547,0.024338096380233765
2024-05-19 23:29:38,오랜만에 1초내 승부였네 ㅋㅋㅋ,,After Lap,,오랜만에 1초내 승부였네 ㅋㅋㅋ ,오랜만에 1초내 승부였네 ㅋㅋㅋ,0.07388695329427719,0.052646853029727936,0.15307171642780304,0.07077910006046295,0.622177243232727,0.02743813768029213
2024-05-19 23:29:46,와 진짜 존나 아깝다ㅋㅋㅋㅋㅋ,ㅋㅋㅋ,After Lap,,와 진짜 존나 아깝다ㅋㅋㅋㅋㅋ ㅋㅋㅋ,와 진짜 존나 아깝다ㅋㅋㅋㅋㅋ ㅋㅋㅋ,0.1380249559879303,0.08415593206882477,0.26101937890052795,0.14485140144824982,0.2976759374141693,0.07427243888378143
2024-05-19 23:29:46,한바퀴만 많았어도 개아쉽네,,After Lap,,한바퀴만 많았어도 개아쉽네 ,한바퀴만 많았어도 개아쉽네,0.15749287605285645,0.22546736896038055,0.2769780158996582,0.12362351268529892,0.16488465666770935,0.05155360698699951
2024-05-19 23:29:47,아까운데 그래도 잘했네 ㅋㅋ,막판 꿀잼,After Lap,,아까운데 그래도 잘했네 ㅋㅋ 막판 꿀잼,아까운데 그래도 잘했네 ㅋㅋ 막판 꿀잼,0.06180794537067413,0.05192193388938904,0.13475178182125092,0.055205442011356354,0.6668790578842163,0.02943389117717743
2024-05-19 23:29:47,아 딱 2랩 부족하네 ㅋㅋㅋ,ㅋㅋㅋ,After Lap,,아 딱 2랩 부족하네 ㅋㅋㅋ ㅋㅋㅋ,아 딱 2랩 부족하네 ㅋㅋㅋ ㅋㅋㅋ,0.15652713179588318,0.10691403597593307,0.33726292848587036,0.14024287462234497,0.1922031193971634,0.06684994697570801
2024-05-19 23:29:48,대 몽 골,- dc official App,After Lap,,대 몽 골 - dc official App,대 몽 골 - dc official App,0.09943947196006775,0.047812219709157944,0.19602489471435547,0.20076367259025574,0.42268142104148865,0.03327828273177147
2024-05-19 23:29:49,솔직히 오늘 ㅈㄴ 재밌었는데,ㄴㅈ이란 애들은 좀 추하노 ㅋㅋ,After Lap,,솔직히 오늘 ㅈㄴ 재밌었는데 ㄴㅈ이란 애들은 좀 추하노 ㅋㅋ,솔직히 오늘 ㅈㄴ 재밌었는데 ㄴㅈ이란 애들은 좀 추하노 ㅋㅋ,0.19955824315547943,0.12133600562810898,0.2742749750614166,0.17916716635227203,0.11625821143388748,0.10940535366535187
2024-05-19 23:29:49,막바지에 존나 재밌어졌네ㅋㅋㅋㅋㅋㅋ,ㅋㅋㅋㅋㅋㅋㅋㅋ,After Lap,,막바지에 존나 재밌어졌네ㅋㅋㅋㅋㅋㅋ ㅋㅋㅋㅋㅋㅋㅋㅋ,막바지에 존나 재밌어졌네ㅋㅋㅋㅋㅋㅋ ㅋㅋㅋㅋㅋㅋㅋㅋ,0.06100091710686684,0.03641044721007347,0.1208498403429985,0.0728115364909172,0.685351550579071,0.02357564866542816
2024-05-19 23:29:50,예쓰 꺼몬ㅋㅋㅋ기,"하 ㅅㅂ
Oracle Red Bull Racing RB20",After Lap,,"예쓰 꺼몬ㅋㅋㅋ기 하 ㅅㅂ
Oracle Red Bull Racing RB20",예쓰 꺼몬ㅋㅋㅋ기 하 ㅅㅂ Oracle Red Bull Racing RB20,0.29016706347465515,0.13570009171962738,0.21461552381515503,0.09994658082723618,0.21057647466659546,0.04899430274963379
2024-05-19 23:29:51,노리스 빠떼리 왤케 아낀거냐 뭐할라고,핸드폰 충전할라고?,After Lap,,노리스 빠떼리 왤케 아낀거냐 뭐할라고 핸드폰 충전할라고?,노리스 빠떼리 왤케 아낀거냐 뭐할라고 핸드폰 충전할라고?,0.1533050239086151,0.13881942629814148,0.28358176350593567,0.2744865417480469,0.07852818071842194,0.0712791383266449
2024-05-19 23:29:51,씨발 이거지ㅋㅋㅋㅋㅋㅋㅋㅋㅋㅋㅋ,이게 레드불이지ㅋㅋㅋㅋㅋㅋㅋ,After Lap,,씨발 이거지ㅋㅋㅋㅋㅋㅋㅋㅋㅋㅋㅋ 이게 레드불이지ㅋㅋㅋㅋㅋㅋㅋ,씨발 이거지ㅋㅋㅋㅋㅋㅋㅋㅋㅋㅋㅋ 이게 레드불이지ㅋㅋㅋㅋㅋㅋㅋ,0.06361211836338043,0.03994230926036835,0.12600180506706238,0.06697885692119598,0.6787547469139099,0.024710092693567276
2024-05-19 23:29:51,어차피 우승은 형이야,형 덕분에 도파민 샤워 좀 했지?,After Lap,,어차피 우승은 형이야 형 덕분에 도파민 샤워 좀 했지?,어차피 우승은 형이야 형 덕분에 도파민 샤워 좀 했지?,0.06941665709018707,0.06646782159805298,0.14012514054775238,0.07763348519802094,0.5960279703140259,0.050328973680734634
2024-05-19 23:29:51,와 아깝네 전랩에 drs 썼으면 몰랐겠는데,"그래도 막판 재밌었노
- dc official App",After Lap,,"와 아깝네 전랩에 drs 썼으면 몰랐겠는데 그래도 막판 재밌었노
- dc official App",와 아깝네 전랩에 drs 썼으면 몰랐겠는데 그래도 막판 재밌었노,0.1086813285946846,0.11723493784666061,0.33044975996017456,0.10982320457696915,0.2791014313697815,0.05470942705869675
2024-05-19 23:29:52,캬 개꿀잼 ㅋㅋㅋㅋ,"노리스올라오니 막스도 많이보여주고 개꿀잼이네 ㅋㅋㅋ
- dc official App",After Lap,,"캬 개꿀잼 ㅋㅋㅋㅋ 노리스올라오니 막스도 많이보여주고 개꿀잼이네 ㅋㅋㅋ
- dc official App",캬 개꿀잼 ㅋㅋㅋㅋ 노리스올라오니 막스도 많이보여주고 개꿀잼이네 ㅋㅋㅋ,0.058069489896297455,0.03885388374328613,0.11977185308933258,0.0611656978726387,0.6982731223106384,0.023865878582000732
2024-05-19 23:29:52,막스는 그럼 30랩 넘게 트랙리밋 지킨 거임?,미쳤네ㅋㅋㅋ,After Lap,,막스는 그럼 30랩 넘게 트랙리밋 지킨 거임? 미쳤네ㅋㅋㅋ,막스는 그럼 30랩 넘게 트랙리밋 지킨 거임? 미쳤네ㅋㅋㅋ,0.14146535098552704,0.05431824550032616,0.19729135930538177,0.31222325563430786,0.1621435135602951,0.13255831599235535
2024-05-19 23:29:53,마지막에 재밌었다 ㅋㅋㅋㅋㅋ,진짜 한랩만 더 있었어도 몰랐네 ㅋㅋㅋㅋ,After Lap,,마지막에 재밌었다 ㅋㅋㅋㅋㅋ 진짜 한랩만 더 있었어도 몰랐네 ㅋㅋㅋㅋ,마지막에 재밌었다 ㅋㅋㅋㅋㅋ 진짜 한랩만 더 있었어도 몰랐네 ㅋㅋㅋㅋ,0.058876682072877884,0.0400129072368145,0.1444319188594818,0.06906471401453018,0.6609883904457092,0.026625359430909157
2024-05-19 23:29:53,와 막스 개잘했다,이걸버티네,After Lap,,와 막스 개잘했다 이걸버티네,와 막스 개잘했다 이걸버티네,0.07761964946985245,0.0565851628780365,0.20031769573688507,0.1958349645137787,0.387224406003952,0.08241818100214005
2024-05-19 23:29:54,와 심장아파,아깝지만 가능성이 보인다 황라렌 ㅋㅋㅋㅋㅋㅋㅋㅋㅋㅋㅋ,After Lap,,와 심장아파 아깝지만 가능성이 보인다 황라렌 ㅋㅋㅋㅋㅋㅋㅋㅋㅋㅋㅋ,와 심장아파 아깝지만 가능성이 보인다 황라렌 ㅋㅋㅋㅋㅋㅋㅋㅋㅋㅋㅋ,0.08536584675312042,0.06465527415275574,0.2504310607910156,0.19562703371047974,0.3037402927875519,0.1001804918050766
2024-05-19 23:29:54,진짜 배터리 제대로 써서 drs만 막았네 와,ㅈ대는줄,After Lap,,진짜 배터리 제대로 써서 drs만 막았네 와 ㅈ대는줄,진짜 배터리 제대로 써서 drs만 막았네 와 ㅈ대는줄,0.17309843003749847,0.1070697084069252,0.2660375237464905,0.21313753724098206,0.12348942458629608,0.11716735363006592
2024-05-19 23:29:54,막판 10렙 ㅈㄴ 쫄깃쫄깃했다 ㅋㅋㅋㅋㅋㅋㅋㅋ,재밌었다 ㅋㅋㅋㅋㅋㅋ,After Lap,,막판 10렙 ㅈㄴ 쫄깃쫄깃했다 ㅋㅋㅋㅋㅋㅋㅋㅋ 재밌었다 ㅋㅋㅋㅋㅋㅋ,막판 10렙 ㅈㄴ 쫄깃쫄깃했다 ㅋㅋㅋㅋㅋㅋㅋㅋ 재밌었다 ㅋㅋㅋㅋㅋㅋ,0.06336276978254318,0.04236303269863129,0.13203105330467224,0.06058141589164734,0.6776056885719299,0.02405606582760811
2024-05-19 23:29:56,믈탕이 기어코 쥬지한테 자리 안돌려주네 ㅋㅋㅋㅋ,ㅋㅋㅋㅋㅋㅋㅋㅋㅋㅋ,After Lap,,믈탕이 기어코 쥬지한테 자리 안돌려주네 ㅋㅋㅋㅋ ㅋㅋㅋㅋㅋㅋㅋㅋㅋㅋ,믈탕이 기어코 쥬지한테 자리 안돌려주네 ㅋㅋㅋㅋ ㅋㅋㅋㅋㅋㅋㅋㅋㅋㅋ,0.18091464042663574,0.0916750431060791,0.3008228540420532,0.17200160026550293,0.15207497775554657,0.10251088440418243
2024-05-19 23:29:57,좆노잼제조기차빨씹년,ㅇ,After Lap,,좆노잼제조기차빨씹년 ㅇ,좆노잼제조기차빨씹년 ㅇ,0.27913570404052734,0.17506153881549835,0.2304954081773758,0.14102338254451752,0.12355244904756546,0.050731491297483444
2024-05-19 23:29:56,이몰라<<<재밌으면 개추ㅋㅋㅋ,- dc official App,After Lap,,이몰라<<<재밌으면 개추ㅋㅋㅋ - dc official App,이몰라<<<재밌으면 개추ㅋㅋㅋ - dc official App,0.054257832467556,0.033705729991197586,0.11647768318653107,0.07227882742881775,0.6973753571510315,0.025904599577188492
2024-05-19 23:29:58,1위 르끌이었으면 막판에 스핀했을텐데,아,After Lap,,1위 르끌이었으면 막판에 스핀했을텐데 아,1위 르끌이었으면 막판에 스핀했을텐데 아,0.15465165674686432,0.20177491009235382,0.32148250937461853,0.17750626802444458,0.08222604542970657,0.06235858425498009
2024-05-19 23:29:59,아 아쉽다,진짜 아깝다,After Lap,,아 아쉽다 진짜 아깝다,아 아쉽다 진짜 아깝다,0.13977092504501343,0.17130814492702484,0.26687416434288025,0.15459612011909485,0.20855560898780823,0.058895062655210495
2024-05-19 23:29:59,막스좌 티배깅했노,잠 다깻다 이기,After Lap,,막스좌 티배깅했노 잠 다깻다 이기,막스좌 티배깅했노 잠 다깻다 이기,0.054541245102882385,0.04009414464235306,0.12264315783977509,0.06923938542604446,0.6820460557937622,0.03143602982163429
2024-05-19 23:29:59,그래도 이정도면 개꿀잼이였다,잘했음ㅇㅇ,After Lap,,그래도 이정도면 개꿀잼이였다 잘했음ㅇㅇ,그래도 이정도면 개꿀잼이였다 잘했음ㅇㅇ,0.06215183809399605,0.050883688032627106,0.12985795736312866,0.05514706298708916,0.6750758290290833,0.026883689686655998
2024-05-19 23:29:59,와 진짜 둘다 존나 잘탄다 시발 오랜만에 명경기,??,After Lap,,와 진짜 둘다 존나 잘탄다 시발 오랜만에 명경기 ??,와 진짜 둘다 존나 잘탄다 시발 오랜만에 명경기 ??,0.06484460085630417,0.04159439727663994,0.14462058246135712,0.0708082765340805,0.6492777466773987,0.02885439246892929
2024-05-19 23:30:00,‼+‼+경기종료 후 몽골 페널티 기원‼+‼+,,After Lap,,‼+‼+경기종료 후 몽골 페널티 기원‼+‼+ ,‼+‼+경기종료 후 몽골 페널티 기원‼+‼+,0.11532948911190033,0.06831615418195724,0.14671772718429565,0.11626612395048141,0.5050804018974304,0.04829011112451553
2024-05-19 23:30:02,여긴왜 추가시간이 없냐,아오,After Lap,,여긴왜 추가시간이 없냐 아오,여긴왜 추가시간이 없냐 아오,0.21527396142482758,0.23546992242336273,0.27527153491973877,0.10005724430084229,0.13877475261688232,0.035152602940797806
2024-05-19 23:30:03,와 저 미친새끼 왜 실수를 안하냐,,After Lap,,와 저 미친새끼 왜 실수를 안하냐 ,와 저 미친새끼 왜 실수를 안하냐,0.17227153480052948,0.08155720680952072,0.1830790936946869,0.2869376242160797,0.14754965901374817,0.12860485911369324
2024-05-19 23:30:03,노리스 아쉽네,"ㄲㅂ
열심히 잘했네 ㅊㅊ",After Lap,,"노리스 아쉽네 ㄲㅂ
열심히 잘했네 ㅊㅊ",노리스 아쉽네 ㄲㅂ 열심히 잘했네 ㅊㅊ,0.10662736743688583,0.1281505823135376,0.22838526964187622,0.08079275488853455,0.41531673073768616,0.04072733595967293
2024-05-19 23:30:04,아 랩 하나만 더잇음 ㅠㅠ,그래두 짱이야,After Lap,,아 랩 하나만 더잇음 ㅠㅠ 그래두 짱이야,아 랩 하나만 더잇음 ㅠㅠ 그래두 짱이야,0.0613410621881485,0.05343391373753548,0.13782842457294464,0.05865928530693054,0.6594099998474121,0.02932737022638321
2024-05-19 23:30:03,레전드다 ㅋㅋㅋㅋ,어케 따라잡았냐,After Lap,,레전드다 ㅋㅋㅋㅋ 어케 따라잡았냐,레전드다 ㅋㅋㅋㅋ 어케 따라잡았냐,0.06458231806755066,0.03466939181089401,0.18617278337478638,0.14353442192077637,0.5226524472236633,0.04838859289884567
2024-05-19 23:30:04,막판 개치열했네 ㄹㅇㅋㅋ,,After Lap,,막판 개치열했네 ㄹㅇㅋㅋ ,막판 개치열했네 ㄹㅇㅋㅋ,0.07580094039440155,0.03417878970503807,0.1573217213153839,0.12023001164197922,0.5775038599967957,0.03496469184756279
2024-05-19 23:30:04,젠장 또 막스야,"ㅈㅈ
- dc official App",After Lap,,"젠장 또 막스야 ㅈㅈ
- dc official App",젠장 또 막스야 ㅈㅈ,0.22129112482070923,0.2708991467952728,0.2339410036802292,0.10589494556188583,0.11532542109489441,0.05264831334352493
2024-05-19 23:30:06,ㅋㅋㅋ누리스 손 떠노,ㅇㅇ,After Lap,,ㅋㅋㅋ누리스 손 떠노 ㅇㅇ,ㅋㅋㅋ누리스 손 떠노 ㅇㅇ,0.11060580611228943,0.09204083681106567,0.3179868459701538,0.12927363812923431,0.2872698903083801,0.06282299011945724
2024-05-19 23:30:07,오늘자 병신.jpg,병신.,After Lap,,오늘자 병신.jpg 병신.,오늘자 병신.jpg 병신.,0.11932884901762009,0.053772058337926865,0.2332242876291275,0.20327681303024292,0.3255959451198578,0.06480199098587036
2024-05-19 23:30:07,진짜 한 랩만 더 줬으면 달랐냐?,ㅆㅂ,After Lap,,진짜 한 랩만 더 줬으면 달랐냐? ㅆㅂ,진짜 한 랩만 더 줬으면 달랐냐? ㅆㅂ,0.2711941599845886,0.24647100269794464,0.22532682120800018,0.10961443930864334,0.10494548827409744,0.04244810715317726
2024-05-19 23:30:07,아 개 시발 마지막 한랩만 더줘시블,시발 아 존나 아쉽네,After Lap,,아 개 시발 마지막 한랩만 더줘시블 시발 아 존나 아쉽네,아 개 시발 마지막 한랩만 더줘시블 시발 아 존나 아쉽네,0.24859577417373657,0.207657590508461,0.24177691340446472,0.10432698577642441,0.15067076683044434,0.046971917152404785
2024-05-19 23:30:08,그래도 노리스 경쟁력 있네,개노잼 막스 전승 강점기 시즌은 아닐거같다,After Lap,,그래도 노리스 경쟁력 있네 개노잼 막스 전승 강점기 시즌은 아닐거같다,그래도 노리스 경쟁력 있네 개노잼 막스 전승 강점기 시즌은 아닐거같다,0.1762298196554184,0.13821642100811005,0.30848702788352966,0.19358494877815247,0.10726755857467651,0.07621423155069351
2024-05-19 23:30:08,쫄깃했다 ㅋㅋㅋ,,After Lap,,쫄깃했다 ㅋㅋㅋ ,쫄깃했다 ㅋㅋㅋ,0.06529072672128677,0.045948922634124756,0.1316419541835785,0.0594332255423069,0.6734663844108582,0.024218769744038582
2024-05-19 23:30:09,와 ㅅㅂ 전랩에서 drs 들어갔으면,와 개까비,After Lap,,와 ㅅㅂ 전랩에서 drs 들어갔으면 와 개까비,와 ㅅㅂ 전랩에서 drs 들어갔으면 와 개까비,0.23388926684856415,0.16818325221538544,0.26944130659103394,0.10612988471984863,0.16805574297904968,0.05430059880018234
2024-05-19 23:30:09,조졌네,1랩만 더,After Lap,,조졌네 1랩만 더,조졌네 1랩만 더,0.15516714751720428,0.1357698142528534,0.31763240694999695,0.1844310760498047,0.09716302901506424,0.10983651131391525
2024-05-19 23:30:09,막판에 존나 재밌어지노 ㅅㅂㅋㅋㅋ,"이게 섹스다 좆되노ㅋㅋㅋ
- dc official App",After Lap,,"막판에 존나 재밌어지노 ㅅㅂㅋㅋㅋ 이게 섹스다 좆되노ㅋㅋㅋ
- dc official App",막판에 존나 재밌어지노 ㅅㅂㅋㅋㅋ 이게 섹스다 좆되노ㅋㅋㅋ,0.11684668809175491,0.05971725285053253,0.15329517424106598,0.08538265526294708,0.54888916015625,0.03586900606751442
2024-05-19 23:30:11,개깝 ㅋㅋㅋㅋㅋ,,After Lap,,개깝 ㅋㅋㅋㅋㅋ ,개깝 ㅋㅋㅋㅋㅋ,0.2484748661518097,0.1336524784564972,0.2852192521095276,0.10095559805631638,0.17822588980197906,0.05347196385264397
2024-05-19 23:30:11,와 ㅋㅋㅋㅋㅋㅋ 끝까지 손에 땀 쥐게 하네,"짱재밋네 ㅋㅋㅋㅋㅋㅋ
- dc official App",After Lap,,"와 ㅋㅋㅋㅋㅋㅋ 끝까지 손에 땀 쥐게 하네 짱재밋네 ㅋㅋㅋㅋㅋㅋ
- dc official App",와 ㅋㅋㅋㅋㅋㅋ 끝까지 손에 땀 쥐게 하네 짱재밋네 ㅋㅋㅋㅋㅋㅋ,0.062017008662223816,0.037550345063209534,0.13065622746944427,0.07154320925474167,0.6732714772224426,0.024961644783616066
2024-05-19 23:30:12,21년 CotA느낌,"ㅋㅋ
- dc official App",After Lap,,"21년 CotA느낌 ㅋㅋ
- dc official App",21년 CotA느낌 ㅋㅋ,0.06327462196350098,0.04044331982731819,0.12860554456710815,0.08052042126655579,0.6594992876052856,0.027656901627779007
2024-05-19 23:30:14,ㅈㄴ아깝다,,After Lap,,ㅈㄴ아깝다 ,ㅈㄴ아깝다,0.21555498242378235,0.17379823327064514,0.24128808081150055,0.1697162538766861,0.13237449526786804,0.06726793944835663
2024-05-19 23:30:14,어우막이긴한데 오늘은 영화다 ㅅㅂ,말그대로 손에 땀을 쥐고봄,After Lap,,어우막이긴한데 오늘은 영화다 ㅅㅂ 말그대로 손에 땀을 쥐고봄,어우막이긴한데 오늘은 영화다 ㅅㅂ 말그대로 손에 땀을 쥐고봄,0.16050279140472412,0.10639598220586777,0.2837948203086853,0.11962104588747025,0.2802504301071167,0.049434829503297806
2024-05-19 23:30:15,리카도 헐크 추월 못하고 마그누센한테 따였노,"팬이지만 답답하다..
- dc official App",After Lap,,"리카도 헐크 추월 못하고 마그누센한테 따였노 팬이지만 답답하다..
- dc official App",리카도 헐크 추월 못하고 마그누센한테 따였노 팬이지만 답답하다..,0.1308034360408783,0.17725509405136108,0.30466946959495544,0.2212790995836258,0.0874910056591034,0.07850189507007599
2024-05-19 23:30:15,응 안잡혀 ㅋㅋㅋㅋㅋㅋㅋㅋㅋㅋㅋㅋㅋㅋㅋㅋㅋ,,After Lap,,응 안잡혀 ㅋㅋㅋㅋㅋㅋㅋㅋㅋㅋㅋㅋㅋㅋㅋㅋㅋ ,응 안잡혀 ㅋㅋㅋㅋㅋㅋㅋㅋㅋㅋㅋㅋㅋㅋㅋㅋㅋ,0.136798694729805,0.07817288488149643,0.2218494713306427,0.1194249764084816,0.3929236829280853,0.05083031952381134
2024-05-19 23:30:16,야 듀스나 추가시간 없냐? 1랩만 더하자,아 추가시간 없어?,After Lap,,야 듀스나 추가시간 없냐? 1랩만 더하자 아 추가시간 없어?,야 듀스나 추가시간 없냐? 1랩만 더하자 아 추가시간 없어?,0.15020804107189178,0.13689421117305756,0.3248371183872223,0.17367105185985565,0.12947535514831543,0.08491423726081848
2024-05-19 23:30:17,아 시발 존나 아깝다,아 존나 아깝,After Lap,,아 시발 존나 아깝다 아 존나 아깝,아 시발 존나 아깝다 아 존나 아깝,0.28260093927383423,0.18919773399829865,0.2357761412858963,0.1053960993885994,0.14189079403877258,0.04513832926750183
2024-05-19 23:30:17,마지막 몇랩 재밌었다 그래도 ㅋㅋㅋ,ㅋㅋㅋㅋㅋ,After Lap,,마지막 몇랩 재밌었다 그래도 ㅋㅋㅋ ㅋㅋㅋㅋㅋ,마지막 몇랩 재밌었다 그래도 ㅋㅋㅋ ㅋㅋㅋㅋㅋ,0.06098218262195587,0.04337037727236748,0.127125546336174,0.0558992438018322,0.6877180933952332,0.024904435500502586
2024-05-19 23:30:19,마지막에 재밌긴 했네,"막스 우승은 ㄲㅂ지만 GG
- dc official App",After Lap,,"마지막에 재밌긴 했네 막스 우승은 ㄲㅂ지만 GG
- dc official App",마지막에 재밌긴 했네 막스 우승은 ㄲㅂ지만 GG,0.1329483836889267,0.1336059719324112,0.3190750479698181,0.10927707701921463,0.24561664462089539,0.05947684869170189
2024-05-19 23:30:19,진짜 존나 재밌긴했다 ㅋㅋㅋ,하 노리스 ㅠㅠㅠ,After Lap,,진짜 존나 재밌긴했다 ㅋㅋㅋ 하 노리스 ㅠㅠㅠ,진짜 존나 재밌긴했다 ㅋㅋㅋ 하 노리스 ㅠㅠㅠ,0.07034894824028015,0.051749151200056076,0.14456747472286224,0.06445955485105515,0.6425874829292297,0.026287470012903214
2024-05-19 23:30:19,엪갤공지) 오늘 우승자는 노리스입니다,F0 거의 따라갔잖아? 한잔해~,After Lap,,엪갤공지) 오늘 우승자는 노리스입니다 F0 거의 따라갔잖아? 한잔해~,엪갤공지) 오늘 우승자는 노리스입니다 F0 거의 따라갔잖아? 한잔해~,0.05426814407110214,0.03724708408117294,0.11712613701820374,0.0687047615647316,0.6924509406089783,0.030202971771359444
2024-05-19 23:30:19,막스 차빨 끝났다 시발 ㅋㅋㅋㅋㅋㅋㅋㅋㅋㅋㅋㅋㅋㅋㅋ,남은 시즌 존나 기대되네,After Lap,,막스 차빨 끝났다 시발 ㅋㅋㅋㅋㅋㅋㅋㅋㅋㅋㅋㅋㅋㅋㅋ 남은 시즌 존나 기대되네,막스 차빨 끝났다 시발 ㅋㅋㅋㅋㅋㅋㅋㅋㅋㅋㅋㅋㅋㅋㅋ 남은 시즌 존나 기대되네,0.08816169202327728,0.04915269836783409,0.15282492339611053,0.07991599291563034,0.5923968553543091,0.03754786029458046
2024-05-19 23:30:19,확실히 강점기 끝나는게 맞나보다,이 정도면 진짜 재밌었다,After Lap,,확실히 강점기 끝나는게 맞나보다 이 정도면 진짜 재밌었다,확실히 강점기 끝나는게 맞나보다 이 정도면 진짜 재밌었다,0.06158766895532608,0.0530734658241272,0.17390646040439606,0.08828455209732056,0.5812257528305054,0.041922084987163544
2024-05-19 23:30:20,거의 2년만의 정면승부아니냐,"진짜 차성능으로 순수하게 비빈거 나 처음봄ㅇㅇ ㅅㅂㅋㅋ
- dc official App",After Lap,,"거의 2년만의 정면승부아니냐 진짜 차성능으로 순수하게 비빈거 나 처음봄ㅇㅇ ㅅㅂㅋㅋ
- dc official App",거의 2년만의 정면승부아니냐 진짜 차성능으로 순수하게 비빈거 나 처음봄ㅇㅇ ㅅㅂㅋㅋ,0.16242016851902008,0.07082013040781021,0.2003423422574997,0.2874918580055237,0.14260748028755188,0.13631799817085266
2024-05-19 23:30:21,이거 다음 업데이트 존나 기대되노 ㅋㅋㅋㅋ,,After Lap,,이거 다음 업데이트 존나 기대되노 ㅋㅋㅋㅋ ,이거 다음 업데이트 존나 기대되노 ㅋㅋㅋㅋ,0.06982096284627914,0.036909256130456924,0.1679050773382187,0.12679408490657806,0.5627843737602234,0.03578628972172737
2024-05-19 23:30:21,레맥 차 차이 ㄹㅇ 안나는거같음,"퀄리때도 그렇고
- dc official App",After Lap,,"레맥 차 차이 ㄹㅇ 안나는거같음 퀄리때도 그렇고
- dc official App",레맥 차 차이 ㄹㅇ 안나는거같음 퀄리때도 그렇고,0.12372808903455734,0.11745496839284897,0.2761460840702057,0.3164063096046448,0.09548688679933548,0.07077765464782715
2024-05-19 23:30:22,진짜 존나 재밌었다ㅋㅋㅋㅋ,쏘굿,After Lap,,진짜 존나 재밌었다ㅋㅋㅋㅋ 쏘굿,진짜 존나 재밌었다ㅋㅋㅋㅋ 쏘굿,0.06532721221446991,0.04488589987158775,0.12751486897468567,0.06531957536935806,0.671768069267273,0.025184324011206627
2024-05-19 23:30:22,보던 내가 진이 빠지네 ㅋㅋㅋㅋㅋㅋㅋ,ㅅㅂㅋㅋㅋㅋㅋ,After Lap,,보던 내가 진이 빠지네 ㅋㅋㅋㅋㅋㅋㅋ ㅅㅂㅋㅋㅋㅋㅋ,보던 내가 진이 빠지네 ㅋㅋㅋㅋㅋㅋㅋ ㅅㅂㅋㅋㅋㅋㅋ,0.29229846596717834,0.15397197008132935,0.234527125954628,0.09990711510181427,0.16999676823616028,0.04929846525192261
2024-05-19 23:30:22,개싸움 가야지 이제,"사로 트랙리밋 오바 항의 가야지
- dc official App",After Lap,,"개싸움 가야지 이제 사로 트랙리밋 오바 항의 가야지
- dc official App",개싸움 가야지 이제 사로 트랙리밋 오바 항의 가야지,0.18997366726398468,0.1295812726020813,0.18006199598312378,0.13593189418315887,0.3062437176704407,0.05820741876959801
2024-05-19 23:30:23,그래도 ㅈㄴ 재밌었다,"ㅈㄴ 아쉽네
- dc official App",After Lap,,"그래도 ㅈㄴ 재밌었다 ㅈㄴ 아쉽네
- dc official App",그래도 ㅈㄴ 재밌었다 ㅈㄴ 아쉽네,0.1635727435350418,0.1562536358833313,0.30202731490135193,0.1084720641374588,0.2160429209470749,0.05363139137625694
2024-05-19 23:30:23,오늘 경기 요약,- dc official App,After Lap,,오늘 경기 요약 - dc official App,오늘 경기 요약 - dc official App,0.08126940578222275,0.04568764939904213,0.18176229298114777,0.17331907153129578,0.47986897826194763,0.03809254616498947
2024-05-19 23:30:24,한랩만 더 있었어도,"노리스 우승 각이냐
- dc official App",After Lap,,"한랩만 더 있었어도 노리스 우승 각이냐
- dc official App",한랩만 더 있었어도 노리스 우승 각이냐,0.0899008959531784,0.04982597380876541,0.2126070111989975,0.23183460533618927,0.3125448226928711,0.10328669846057892
2024-05-19 23:30:26,막판에 ㄹㅇ 재밌었다,보는데 손에 땀남,After Lap,,막판에 ㄹㅇ 재밌었다 보는데 손에 땀남,막판에 ㄹㅇ 재밌었다 보는데 손에 땀남,0.08260838687419891,0.055159762501716614,0.17641006410121918,0.07815704494714737,0.5803725719451904,0.0272921584546566
2024-05-19 23:30:26,진지하게 오늘 르끌한테 실망했다,"노리스 보다 4랩좋은 타이어로
미끌이나 쳐하고
하.. 니가 몽골을땃어야지",After Lap,,"진지하게 오늘 르끌한테 실망했다 노리스 보다 4랩좋은 타이어로
미끌이나 쳐하고
하.. 니가 몽골을땃어야지",진지하게 오늘 르끌한테 실망했다 노리스 보다 4랩좋은 타이어로 미끌이나 쳐하고 하.. 니가 몽골을땃어야지,0.2152683436870575,0.2314155101776123,0.2481023073196411,0.17335182428359985,0.07253053784370422,0.05933145433664322
2024-05-19 23:30:24,노 우승 1주차.jpg,,After Lap,,노 우승 1주차.jpg ,노 우승 1주차.jpg,0.14760415256023407,0.10225009173154831,0.29065269231796265,0.1343037337064743,0.2629445195198059,0.06224481388926506
2024-05-19 23:30:28,이몰라 꿀잼 1등공신,"대 병 신
- dc official App",After Lap,,"이몰라 꿀잼 1등공신 대 병 신
- dc official App",이몰라 꿀잼 1등공신 대 병 신,0.08355554193258286,0.055868539959192276,0.12983660399913788,0.06274495273828506,0.6392982006072998,0.028696240857243538
2024-05-19 23:30:27,오늘페이스보고 만족한 맥라렌단은 개추ㅋㅋㅋㅋㅋㅋ,"순수페이스로 맥라렌>레드불이다
올해 컨챔 2등각이다 컄ㅋㅋㅋㅋㅋㅋㅋㅋㅋㅋㅋ
Mclaren F1 team 2007~",After Lap,,"오늘페이스보고 만족한 맥라렌단은 개추ㅋㅋㅋㅋㅋㅋ 순수페이스로 맥라렌>레드불이다
올해 컨챔 2등각이다 컄ㅋㅋㅋㅋㅋㅋㅋㅋㅋㅋㅋ
Mclaren F1 team 2007~",오늘페이스보고 만족한 맥라렌단은 개추ㅋㅋㅋㅋㅋㅋ 순수페이스로 맥라렌>레드불이다 올해 컨챔 2등각이다 컄ㅋㅋㅋㅋㅋㅋㅋㅋㅋㅋㅋ Mclaren F1 team 2007~,0.055987030267715454,0.03786102309823036,0.1099114865064621,0.05771637335419655,0.7106791734695435,0.027844956144690514
2024-05-19 23:30:32,제발 연료량 부족 무게 미달 가자,제발,After Lap,,제발 연료량 부족 무게 미달 가자 제발,제발 연료량 부족 무게 미달 가자 제발,0.15669341385364532,0.20891173183918,0.2367364466190338,0.1583440899848938,0.1569979041814804,0.08231643587350845
2024-05-19 23:30:34,어 또 맥스야 ㅋㅋㅋㅋㅋㅋ,ㅋㅋㅋㅋㅁㄴㅇㄹ,After Lap,,어 또 맥스야 ㅋㅋㅋㅋㅋㅋ ㅋㅋㅋㅋㅁㄴㅇㄹ,어 또 맥스야 ㅋㅋㅋㅋㅋㅋ ㅋㅋㅋㅋㅁㄴㅇㄹ,0.05307904630899429,0.030931610614061356,0.1170303001999855,0.07514993846416473,0.7000949382781982,0.023714173585176468
2024-05-19 23:30:34,역시 막스에게는 라이벌이 있어야 해,징징 거리는 거 얼마만에 듣는지 기억도 안 난다,After Lap,,역시 막스에게는 라이벌이 있어야 해 징징 거리는 거 얼마만에 듣는지 기억도 안 난다,역시 막스에게는 라이벌이 있어야 해 징징 거리는 거 얼마만에 듣는지 기억도 안 난다,0.1428559124469757,0.14178518950939178,0.3053746521472931,0.16806341707706451,0.12644518911838531,0.1154756024479866
2024-05-19 23:30:36,이번 레이스 진짜 존나 꿀잼이었다 ㅋㅋㅋㅋ,"막스 압박당하는 거 보는 게 제일 재밌노 ㅋㅋㅋㅋㅋㅋ
앞으로도 저렇게 1위 다투는 거 나왔으면",After Lap,,"이번 레이스 진짜 존나 꿀잼이었다 ㅋㅋㅋㅋ 막스 압박당하는 거 보는 게 제일 재밌노 ㅋㅋㅋㅋㅋㅋ
앞으로도 저렇게 1위 다투는 거 나왔으면",이번 레이스 진짜 존나 꿀잼이었다 ㅋㅋㅋㅋ 막스 압박당하는 거 보는 게 제일 재밌노 ㅋㅋㅋㅋㅋㅋ 앞으로도 저렇게 1위 다투는 거 나왔으면,0.05976986885070801,0.036557529121637344,0.1189277246594429,0.06286009401082993,0.6972998976707458,0.024584852159023285
2024-05-19 23:30:36,막스 노리스 둘다 고생했다 ㅋㅋㅋㅋ,명경기 고맙다,After Lap,,막스 노리스 둘다 고생했다 ㅋㅋㅋㅋ 명경기 고맙다,막스 노리스 둘다 고생했다 ㅋㅋㅋㅋ 명경기 고맙다,0.06796703487634659,0.06250382214784622,0.1486780196428299,0.06173918768763542,0.6277390122413635,0.03137286752462387
2024-05-19 23:30:37,막가놈 이렇게 오래잡힌거 개오랜만,개쫄깃햇다 둘다 잘했다,After Lap,,막가놈 이렇게 오래잡힌거 개오랜만 개쫄깃햇다 둘다 잘했다,막가놈 이렇게 오래잡힌거 개오랜만 개쫄깃햇다 둘다 잘했다,0.05652455985546112,0.04893365502357483,0.13674145936965942,0.06424527615308762,0.6628115177154541,0.030743539333343506
2024-05-19 23:30:38,삐 ㅋㅋㅋㅋㅋㅋ,,After Lap,,삐 ㅋㅋㅋㅋㅋㅋ ,삐 ㅋㅋㅋㅋㅋㅋ,0.06016203388571739,0.032978978008031845,0.1270720660686493,0.08086205273866653,0.6747264862060547,0.024198373779654503
2024-05-19 23:30:41,알딸피 플랜F로 재뿌리기 실패 ㅋㅋㅋㅋㅋㅋㅋ,ㅋㅋㅋㅋㅋㅋㅋㅋㅋㅋㅋㅋㅋㅋㅋㅋㅋㅋㅋㅋㅋㅋㅋㅋㅋ,After Lap,,알딸피 플랜F로 재뿌리기 실패 ㅋㅋㅋㅋㅋㅋㅋ ㅋㅋㅋㅋㅋㅋㅋㅋㅋㅋㅋㅋㅋㅋㅋㅋㅋㅋㅋㅋㅋㅋㅋㅋㅋ,알딸피 플랜F로 재뿌리기 실패 ㅋㅋㅋㅋㅋㅋㅋ ㅋㅋㅋㅋㅋㅋㅋㅋㅋㅋㅋㅋㅋㅋㅋㅋㅋㅋㅋㅋㅋㅋㅋㅋㅋ,0.17954348027706146,0.0797506719827652,0.2870344817638397,0.1714257001876831,0.2126459926366806,0.06959961354732513
2024-05-19 23:30:42,펔ㅋㅋㅋㅋ,ㅋ,After Lap,,펔ㅋㅋㅋㅋ ㅋ,펔ㅋㅋㅋㅋ ㅋ,0.06367731094360352,0.032257989048957825,0.12172862887382507,0.08627085387706757,0.6710894703865051,0.02497583068907261
2024-05-19 23:30:40,도파민은 이몰라가 최고였으면 개추 ㅋㅋ,마이애미보다 더 쩔었다,After Lap,,도파민은 이몰라가 최고였으면 개추 ㅋㅋ 마이애미보다 더 쩔었다,도파민은 이몰라가 최고였으면 개추 ㅋㅋ 마이애미보다 더 쩔었다,0.05559893697500229,0.031021131202578545,0.13805396854877472,0.08684621006250381,0.6556865572929382,0.032793208956718445
2024-05-19 23:30:44,이렇게 1 2위 싸움만 10랩넘게 보여준게 얼마만이냐 ㅋㅋㅋㅋㅋ,ㅋㅋㅋㅋㅋㅋㅋㅋ,After Lap,,이렇게 1 2위 싸움만 10랩넘게 보여준게 얼마만이냐 ㅋㅋㅋㅋㅋ ㅋㅋㅋㅋㅋㅋㅋㅋ,이렇게 1 2위 싸움만 10랩넘게 보여준게 얼마만이냐 ㅋㅋㅋㅋㅋ ㅋㅋㅋㅋㅋㅋㅋㅋ,0.06138315796852112,0.033617112785577774,0.13842366635799408,0.08103471249341965,0.6568863987922668,0.028654975816607475
2024-05-19 23:30:44,삐 ㅋㅋㅋㅋㅋ,,After Lap,,삐 ㅋㅋㅋㅋㅋ ,삐 ㅋㅋㅋㅋㅋ,0.055519767105579376,0.032042596489191055,0.11947858333587646,0.07861216366291046,0.6902530193328857,0.024093888700008392
2024-05-19 23:30:44,바로 뻑ㅋㅋㅋㅋㅋㅋ,,After Lap,,바로 뻑ㅋㅋㅋㅋㅋㅋ ,바로 뻑ㅋㅋㅋㅋㅋㅋ,0.06123628094792366,0.03543529659509659,0.11418943107128143,0.07194466888904572,0.6929793953895569,0.02421492710709572
2024-05-19 23:30:47,와 대박,막스 진짜 기분좋노 ㅋㅋ,After Lap,,와 대박 막스 진짜 기분좋노 ㅋㅋ,와 대박 막스 진짜 기분좋노 ㅋㅋ,0.05822286009788513,0.04032851383090019,0.11615638434886932,0.07186558842658997,0.6878821849822998,0.025544507429003716
2024-05-19 23:30:48,오랜만에 삐 ㅋㅋㅋ,,After Lap,,오랜만에 삐 ㅋㅋㅋ ,오랜만에 삐 ㅋㅋㅋ,0.05160720646381378,0.034191474318504333,0.11177484691143036,0.0649963766336441,0.7141201496124268,0.02330990508198738
2024-05-19 23:30:49,다음주 모나코라니 ㅅㅂ ㅋㅋㅋㅋㅋ,막스 노리스 대결 궁금한데 다음주 모나ㅗㅋ ㅋㅋ,After Lap,,다음주 모나코라니 ㅅㅂ ㅋㅋㅋㅋㅋ 막스 노리스 대결 궁금한데 다음주 모나ㅗㅋ ㅋㅋ,다음주 모나코라니 ㅅㅂ ㅋㅋㅋㅋㅋ 막스 노리스 대결 궁금한데 다음주 모나ㅗㅋ ㅋㅋ,0.11937741935253143,0.06875631958246231,0.27519911527633667,0.16117681562900543,0.30863499641418457,0.06685533374547958
2024-05-19 23:30:50,바로욕 ㅋㅋㅋㅋㅋㅋㅋ,,After Lap,,바로욕 ㅋㅋㅋㅋㅋㅋㅋ ,바로욕 ㅋㅋㅋㅋㅋㅋㅋ,0.1929822415113449,0.07968457788228989,0.24331508576869965,0.20005115866661072,0.1913394182920456,0.09262754768133163
2024-05-19 23:30:51,진짜 존나 재밌었다ㅋㅋㅋㅋ,"역대급이네 ㅋㅋㅋㅋㅋ
- dc official App",After Lap,,"진짜 존나 재밌었다ㅋㅋㅋㅋ 역대급이네 ㅋㅋㅋㅋㅋ
- dc official App",진짜 존나 재밌었다ㅋㅋㅋㅋ 역대급이네 ㅋㅋㅋㅋㅋ,0.06687570363283157,0.041205670684576035,0.13832633197307587,0.0736294686794281,0.654346227645874,0.0256166011095047
2024-05-19 23:30:50,삐 입갤 ㅋㅋㅋㅋ,,After Lap,,삐 입갤 ㅋㅋㅋㅋ ,삐 입갤 ㅋㅋㅋㅋ,0.05397403612732887,0.033889949321746826,0.10955639183521271,0.0769844576716423,0.6991060972213745,0.026489093899726868
2024-05-19 23:30:52,뭐야 나머지 18명이 달렸어?,F2인가,After Lap,,뭐야 나머지 18명이 달렸어? F2인가,뭐야 나머지 18명이 달렸어? F2인가,0.14314527809619904,0.07823743671178818,0.22483068704605103,0.3290365934371948,0.10883402824401855,0.11591602116823196
2024-05-19 23:30:52,노잼도 황라렌이 묻으면 재밌어진다,"시발 ㅋㅋㅋㅋ 개꿀잼이었구요
- dc official App",After Lap,,"노잼도 황라렌이 묻으면 재밌어진다 시발 ㅋㅋㅋㅋ 개꿀잼이었구요
- dc official App",노잼도 황라렌이 묻으면 재밌어진다 시발 ㅋㅋㅋㅋ 개꿀잼이었구요,0.10210425406694412,0.06598611176013947,0.16511666774749756,0.08503706008195877,0.5420790910720825,0.039676815271377563
2024-05-19 23:30:52,경기 개뀰잼이었노 ㅋㅋㅋ,,After Lap,,경기 개뀰잼이었노 ㅋㅋㅋ ,경기 개뀰잼이었노 ㅋㅋㅋ,0.05956186726689339,0.038068242371082306,0.10879450291395187,0.06902254372835159,0.6994456648826599,0.025107113644480705
2024-05-19 23:30:53,병신,,After Lap,,병신 ,병신,0.12579727172851562,0.054076120257377625,0.24140624701976776,0.167322039604187,0.35982221364974976,0.051576096564531326
2024-05-19 23:30:54,"""지는거에요?""","""이겨""",After Lap,,"""지는거에요?"" ""이겨""","""지는거에요?"" ""이겨""",0.090707927942276,0.1162523627281189,0.2952112853527069,0.21243427693843842,0.1978902816772461,0.08750386536121368
2024-05-19 23:30:56,막스 이기고 좋아하는거 오랜만아니냐ㅋㅋㅋ,맨날이길땐 걍 담담하더니,After Lap,,막스 이기고 좋아하는거 오랜만아니냐ㅋㅋㅋ 맨날이길땐 걍 담담하더니,막스 이기고 좋아하는거 오랜만아니냐ㅋㅋㅋ 맨날이길땐 걍 담담하더니,0.07125002890825272,0.04748713597655296,0.19505716860294342,0.11382702738046646,0.5104760527610779,0.061902496963739395
2024-05-19 23:31:01,와 이제 맥은 완전한 대권주자 된듯,"ㅈㄴ 무섭노
근데 이새끼들은 왜.......?",After Lap,,"와 이제 맥은 완전한 대권주자 된듯 ㅈㄴ 무섭노
근데 이새끼들은 왜.......?",와 이제 맥은 완전한 대권주자 된듯 ㅈㄴ 무섭노 근데 이새끼들은 왜.......?,0.19898326694965363,0.11426952481269836,0.17594276368618011,0.27805495262145996,0.08953726291656494,0.143212229013443
2024-05-19 23:31:03,막스 쫄ㅋㅋㅋㅋㅋ,"잘 싸웠다
- dc official App",After Lap,,"막스 쫄ㅋㅋㅋㅋㅋ 잘 싸웠다
- dc official App",막스 쫄ㅋㅋㅋㅋㅋ 잘 싸웠다,0.058141402900218964,0.05136867240071297,0.1337730586528778,0.06546271592378616,0.6616230607032776,0.02963109128177166
2024-05-19 23:31:04,중간에 실수 안 했으면 잡을 수 있었을텐데 존나 아쉽네,아,After Lap,,중간에 실수 안 했으면 잡을 수 있었을텐데 존나 아쉽네 아,중간에 실수 안 했으면 잡을 수 있었을텐데 존나 아쉽네 아,0.15014271438121796,0.18542496860027313,0.27166059613227844,0.2082870751619339,0.10472586750984192,0.07975877821445465
2024-05-19 23:31:04,???: 익스큐즈미~,생각나서 또 왔어요~,After Lap,,???: 익스큐즈미~ 생각나서 또 왔어요~,???: 익스큐즈미~ 생각나서 또 왔어요~,0.05252433940768242,0.03687058016657829,0.13338932394981384,0.07663493603467941,0.6719032526016235,0.028677653521299362
2024-05-19 23:31:04,???:페라리 업뎃이 어쩌고 우승이 어쩌고…,"나한테 컷ㅋ
- dc official App",After Lap,,"???:페라리 업뎃이 어쩌고 우승이 어쩌고… 나한테 컷ㅋ
- dc official App",???:페라리 업뎃이 어쩌고 우승이 어쩌고… 나한테 컷ㅋ,0.14637449383735657,0.06934013217687607,0.26867803931236267,0.1475764960050583,0.3013160824775696,0.0667148157954216
2024-05-19 23:31:05,??? : 샌드배깅 재밌네요 이거 ㅋㅋ,나 방송에 더 많이 잡히던데요?,After Lap,,??? : 샌드배깅 재밌네요 이거 ㅋㅋ 나 방송에 더 많이 잡히던데요?,??? : 샌드배깅 재밌네요 이거 ㅋㅋ 나 방송에 더 많이 잡히던데요?,0.05556125566363335,0.030666643753647804,0.12815900146961212,0.08175863325595856,0.6755952835083008,0.028259163722395897
2024-05-19 23:31:02,"""아오 시발 힘들어"" ㅋㅋㅋㅋ",,After Lap,,"""아오 시발 힘들어"" ㅋㅋㅋㅋ ","""아오 시발 힘들어"" ㅋㅋㅋㅋ",0.28381699323654175,0.2076500654220581,0.19647060334682465,0.1096813902258873,0.1537058800458908,0.048675037920475006
2024-05-19 23:31:11,그야 진짜 2승을 했으니까 ㅋㅋㅋㅋ,,After Lap,,그야 진짜 2승을 했으니까 ㅋㅋㅋㅋ ,그야 진짜 2승을 했으니까 ㅋㅋㅋㅋ,0.05784476175904274,0.04840616509318352,0.11698061227798462,0.06448470801115036,0.6801952123641968,0.03208860009908676
2024-05-19 23:31:13,2승 했지 않나,"+ dc official App
- dc official App",After Lap,,"2승 했지 않나 + dc official App
- dc official App",2승 했지 않나 + dc official App,0.07028567790985107,0.04782843589782715,0.1463710218667984,0.1057642251253128,0.5907446146011353,0.03900603577494621
2024-05-19 23:31:15,도파민 때려맞네 막가새끼,"모나코 딱대라
- dc official App",After Lap,,"도파민 때려맞네 막가새끼 모나코 딱대라
- dc official App",도파민 때려맞네 막가새끼 모나코 딱대라,0.29346567392349243,0.12006861716508865,0.16208328306674957,0.1692437380552292,0.18948151171207428,0.0656571239233017
2024-05-19 23:31:16,오랜만에 ㅈㄴ 재밋엇나보네 ㅋㅋ,솔직히 본인도 ㅈㄴ 재미없었을텐데 오랜만에 즐긴듯,After Lap,,오랜만에 ㅈㄴ 재밋엇나보네 ㅋㅋ 솔직히 본인도 ㅈㄴ 재미없었을텐데 오랜만에 즐긴듯,오랜만에 ㅈㄴ 재밋엇나보네 ㅋㅋ 솔직히 본인도 ㅈㄴ 재미없었을텐데 오랜만에 즐긴듯,0.06227518618106842,0.03873270004987717,0.14358413219451904,0.07081025838851929,0.6576899290084839,0.026907851919531822
2024-05-19 23:31:17,솔직히 막스도 이렇게 이겨서 기분좋을듯,"쫄깃한거 오랜만이라
- dc official App",After Lap,,"솔직히 막스도 이렇게 이겨서 기분좋을듯 쫄깃한거 오랜만이라
- dc official App",솔직히 막스도 이렇게 이겨서 기분좋을듯 쫄깃한거 오랜만이라,0.054278574883937836,0.04233303666114807,0.12348432093858719,0.054923150688409805,0.6986150741577148,0.02636583149433136
2024-05-19 23:31:19,사실상 0.1초 싸움 아님???,DRS 디텍션 존에서 1.01 떠서 DRS 못 킨 거 아니었으면 진짜 모르는 싸움이었다 이거,After Lap,,사실상 0.1초 싸움 아님??? DRS 디텍션 존에서 1.01 떠서 DRS 못 킨 거 아니었으면 진짜 모르는 싸움이었다 이거,사실상 0.1초 싸움 아님??? DRS 디텍션 존에서 1.01 떠서 DRS 못 킨 거 아니었으면 진짜 모르는 싸움이었다 이거,0.12800206243991852,0.0971776470541954,0.2691701054573059,0.29867756366729736,0.08653955906629562,0.12043298035860062
2024-05-19 23:31:21,어이 동양인❗❗,"내 몸에서
제발 꺼져!
ㅋ
대 흥 민
- dc official App",After Lap,,"어이 동양인❗❗ 내 몸에서
제발 꺼져!
ㅋ
대 흥 민
- dc official App",어이 동양인❗❗ 내 몸에서 제발 꺼져! ㅋ 대 흥 민,0.2161104530096054,0.1205921322107315,0.18575043976306915,0.10207854956388474,0.31515926122665405,0.060309093445539474
2024-05-19 23:31:28,기!습!숭!배!,"대 황 노 리 스
- dc official App",After Lap,,"기!습!숭!배! 대 황 노 리 스
- dc official App",기!습!숭!배! 대 황 노 리 스,0.07690557092428207,0.041459113359451294,0.14413559436798096,0.11748947948217392,0.5926673412322998,0.02734292857348919
2024-05-19 23:31:31,헐크헌테 막스는 절해야됨 ㄹㅇ ㅋㅋㅋㅋ,ㅇㅇ,After Lap,,헐크헌테 막스는 절해야됨 ㄹㅇ ㅋㅋㅋㅋ ㅇㅇ,헐크헌테 막스는 절해야됨 ㄹㅇ ㅋㅋㅋㅋ ㅇㅇ,0.07211940735578537,0.03871120139956474,0.1728571653366089,0.1445067673921585,0.5058675408363342,0.06593792885541916
2024-05-19 23:31:29,내가 존나 자랑스러운 맥라렌 팬이면 개추,이제부턴 진짜 모른다,After Lap,,내가 존나 자랑스러운 맥라렌 팬이면 개추 이제부턴 진짜 모른다,내가 존나 자랑스러운 맥라렌 팬이면 개추 이제부턴 진짜 모른다,0.08943361043930054,0.07517048716545105,0.1707143634557724,0.13167704641819,0.44342315196990967,0.08958138525485992
2024-05-19 23:31:37,막스 따라잡는게 불가능한 이유...real,막스는 실수라는게 없음,After Lap,,막스 따라잡는게 불가능한 이유...real 막스는 실수라는게 없음,막스 따라잡는게 불가능한 이유...real 막스는 실수라는게 없음,0.10510359704494476,0.09880942106246948,0.23900106549263,0.293401837348938,0.1523972898721695,0.1112867146730423
2024-05-19 23:31:43,중간에 타이어 안쓴다고 라디오할때 존나 뭔 병신소린가 했는데,그게 ㅅㅂ 진짜였다니 황라렌,After Lap,,중간에 타이어 안쓴다고 라디오할때 존나 뭔 병신소린가 했는데 그게 ㅅㅂ 진짜였다니 황라렌,중간에 타이어 안쓴다고 라디오할때 존나 뭔 병신소린가 했는데 그게 ㅅㅂ 진짜였다니 황라렌,0.21333931386470795,0.11055305600166321,0.20522502064704895,0.25486281514167786,0.09597638994455338,0.12004347890615463
2024-05-19 23:31:49,맥라렌 ㅈ대네 ㄹㅇ,씨발 좆라리 니네는 뭐해,After Lap,,맥라렌 ㅈ대네 ㄹㅇ 씨발 좆라리 니네는 뭐해,맥라렌 ㅈ대네 ㄹㅇ 씨발 좆라리 니네는 뭐해,0.33438149094581604,0.1817726194858551,0.16031292080879211,0.1405407339334488,0.1266842633485794,0.05630798265337944
2024-05-19 23:31:52,막판이 존나 재밌었다 노리스야,어차피 우승은 막스,After Lap,,막판이 존나 재밌었다 노리스야 어차피 우승은 막스,막판이 존나 재밌었다 노리스야 어차피 우승은 막스,0.0576285794377327,0.03923410549759865,0.12699171900749207,0.059170980006456375,0.6911329627037048,0.025841670110821724
2024-05-19 23:31:54,몽골 씹퇴물다됐네,스핀텔도 못넘고 커리어 끝났노 ㅋ,After Lap,,몽골 씹퇴물다됐네 스핀텔도 못넘고 커리어 끝났노 ㅋ,몽골 씹퇴물다됐네 스핀텔도 못넘고 커리어 끝났노 ㅋ,0.17985641956329346,0.1081317886710167,0.22451572120189667,0.27569708228111267,0.08898597955703735,0.12281298637390137
2024-05-19 23:31:55,막판에 ㅈㄴ 쫄깃했네,맥라렌 폼 미쳤네,After Lap,,막판에 ㅈㄴ 쫄깃했네 맥라렌 폼 미쳤네,막판에 ㅈㄴ 쫄깃했네 맥라렌 폼 미쳤네,0.06851641088724136,0.03791944682598114,0.16570714116096497,0.12085897475481033,0.5717881917953491,0.035209767520427704
2024-05-19 23:31:57,막스 노리스 둘다 ㅈㄴ 쫄렸겠다 ㅋㅋㅋㅋㅋㅋㅋ,보는 나도 개쫄렸는데 ㅋㅋㅋㅋㅋㅋㅋㅋㅋ,After Lap,,막스 노리스 둘다 ㅈㄴ 쫄렸겠다 ㅋㅋㅋㅋㅋㅋㅋ 보는 나도 개쫄렸는데 ㅋㅋㅋㅋㅋㅋㅋㅋㅋ,막스 노리스 둘다 ㅈㄴ 쫄렸겠다 ㅋㅋㅋㅋㅋㅋㅋ 보는 나도 개쫄렸는데 ㅋㅋㅋㅋㅋㅋㅋㅋㅋ,0.12191962450742722,0.050075508654117584,0.21730050444602966,0.30241870880126953,0.16955268383026123,0.13873296976089478
2024-05-19 23:31:57,진짜 막스 완전히 짜냈네 ㅋㅋㅋㅋ,"차만 보면 차이가 차이가 안나거나 오히려 밀린거 같은데
폴 포지션 잘 빚어서 잘 써먹었다",After Lap,,"진짜 막스 완전히 짜냈네 ㅋㅋㅋㅋ 차만 보면 차이가 차이가 안나거나 오히려 밀린거 같은데
폴 포지션 잘 빚어서 잘 써먹었다",진짜 막스 완전히 짜냈네 ㅋㅋㅋㅋ 차만 보면 차이가 차이가 안나거나 오히려 밀린거 같은데 폴 포지션 잘 빚어서 잘 써먹었다,0.07380250841379166,0.05613375082612038,0.20013941824436188,0.1366373747587204,0.4708435535430908,0.06244337931275368
2024-05-19 23:31:58,오늘 경기 어땠음?,나 시간 11시 30분으로 착각해서 못봄 ㅅㅂ,After Lap,,오늘 경기 어땠음? 나 시간 11시 30분으로 착각해서 못봄 ㅅㅂ,오늘 경기 어땠음? 나 시간 11시 30분으로 착각해서 못봄 ㅅㅂ,0.22347506880760193,0.19275322556495667,0.30111438035964966,0.13470175862312317,0.09655832499265671,0.05139724165201187
2024-05-19 23:31:58,차 비슷해지니까 개꿀잼이네 ㅋㅋㅋ,레드불에 체코있어서 더 꿀잼임 ㅋㅋㅋㅋ 포인트경쟁도,After Lap,,차 비슷해지니까 개꿀잼이네 ㅋㅋㅋ 레드불에 체코있어서 더 꿀잼임 ㅋㅋㅋㅋ 포인트경쟁도,차 비슷해지니까 개꿀잼이네 ㅋㅋㅋ 레드불에 체코있어서 더 꿀잼임 ㅋㅋㅋㅋ 포인트경쟁도,0.05838845297694206,0.03850812464952469,0.11740472912788391,0.062378041446208954,0.6984941363334656,0.024826472625136375
2024-05-19 23:32:00,이제 막스라고 꽁승하듯 가져갈 수 없네,"쫀,,.쫀한 승부가 이어지겠군",After Lap,,"이제 막스라고 꽁승하듯 가져갈 수 없네 쫀,,.쫀한 승부가 이어지겠군","이제 막스라고 꽁승하듯 가져갈 수 없네 쫀,,.쫀한 승부가 이어지겠군",0.11677753180265427,0.15673531591892242,0.3330942690372467,0.2319960594177246,0.08627209812402725,0.07512471824884415
2024-05-19 23:32:04,에이 시발 노리스 ㅣ이새끼 실수만 좀 안했어도,그래도 이기진 못했을거 같긴 한데 아쉽네,After Lap,,에이 시발 노리스 ㅣ이새끼 실수만 좀 안했어도 그래도 이기진 못했을거 같긴 한데 아쉽네,에이 시발 노리스 ㅣ이새끼 실수만 좀 안했어도 그래도 이기진 못했을거 같긴 한데 아쉽네,0.2380368411540985,0.2430010437965393,0.23665127158164978,0.14006656408309937,0.08676192164421082,0.05548228695988655
2024-05-19 23:32:04,애미뒤진 인면어 창년새끼,아,After Lap,,애미뒤진 인면어 창년새끼 아,애미뒤진 인면어 창년새끼 아,0.29761433601379395,0.17690041661262512,0.14485016465187073,0.15653494000434875,0.17071163654327393,0.05338844656944275
2024-05-19 23:32:02,맥라렌이 존나 부러운 티포시면 통한의 개추,사인츠야좀제발잘해봐라좀,After Lap,,맥라렌이 존나 부러운 티포시면 통한의 개추 사인츠야좀제발잘해봐라좀,맥라렌이 존나 부러운 티포시면 통한의 개추 사인츠야좀제발잘해봐라좀,0.19091804325580597,0.16389593482017517,0.23849374055862427,0.19486325979232788,0.09308379888534546,0.11874524503946304
2024-05-19 23:32:05,몽골 솔직히 트랙리밋 패널티 나오지 싶다,40랩을 지킬수 있을리가 없잖아,After Lap,,몽골 솔직히 트랙리밋 패널티 나오지 싶다 40랩을 지킬수 있을리가 없잖아,몽골 솔직히 트랙리밋 패널티 나오지 싶다 40랩을 지킬수 있을리가 없잖아,0.11876201629638672,0.09822461754083633,0.22463780641555786,0.3614249527454376,0.09156054258346558,0.10539000481367111
2024-05-19 23:32:05,티포시 후기 남긴다,"좀 아쉽긴한데 재미는 있더라
- dc official App",After Lap,,"티포시 후기 남긴다 좀 아쉽긴한데 재미는 있더라
- dc official App",티포시 후기 남긴다 좀 아쉽긴한데 재미는 있더라,0.11057034134864807,0.09937720745801926,0.25782549381256104,0.13970638811588287,0.3485456109046936,0.04397497698664665
2024-05-19 23:32:08,제발 경기종료후 트랙리밋 입갤좀,ㄹㅇ 개꿀잼인데 그러면,After Lap,,제발 경기종료후 트랙리밋 입갤좀 ㄹㅇ 개꿀잼인데 그러면,제발 경기종료후 트랙리밋 입갤좀 ㄹㅇ 개꿀잼인데 그러면,0.07091280072927475,0.047400299459695816,0.14336587488651276,0.08709293603897095,0.611626923084259,0.03960113227367401
2024-05-19 23:32:08,인제 솔직히 차 차이엄청안나는거같은데?,오히려 레드불 차량이 멕보다 별로인거같기도하고,After Lap,,인제 솔직히 차 차이엄청안나는거같은데? 오히려 레드불 차량이 멕보다 별로인거같기도하고,인제 솔직히 차 차이엄청안나는거같은데? 오히려 레드불 차량이 멕보다 별로인거같기도하고,0.1319836527109146,0.11923645436763763,0.288444846868515,0.2815283238887787,0.10603677481412888,0.07276991754770279
2024-05-19 23:32:11,병신 드챔2위 따잇ㅋㅋㅋㅋ,,After Lap,,병신 드챔2위 따잇ㅋㅋㅋㅋ ,병신 드챔2위 따잇ㅋㅋㅋㅋ,0.05140151083469391,0.03186238929629326,0.10492131114006042,0.0642031878232956,0.7228363752365112,0.024775242432951927
2024-05-19 23:32:13,막스는 진짜 실수가 없다,"르끌: 시케인 잘라먹기
누리스: 그래블 밟을뻔함",After Lap,,"막스는 진짜 실수가 없다 르끌: 시케인 잘라먹기
누리스: 그래블 밟을뻔함",막스는 진짜 실수가 없다 르끌: 시케인 잘라먹기 누리스: 그래블 밟을뻔함,0.09465130418539047,0.06460601836442947,0.2575715482234955,0.2273607850074768,0.25200337171554565,0.10380692034959793
2024-05-19 23:32:15,종신좌 삑사리 ㅋㅋ,,After Lap,,종신좌 삑사리 ㅋㅋ ,종신좌 삑사리 ㅋㅋ,0.11843352019786835,0.05609767884016037,0.27253302931785583,0.1671953797340393,0.32936567068099976,0.05637478083372116
2024-05-19 23:32:18,차빨도 끝물인갑다,ㅇㅇ,After Lap,,차빨도 끝물인갑다 ㅇㅇ,차빨도 끝물인갑다 ㅇㅇ,0.11494812369346619,0.16395369172096252,0.32357797026634216,0.21815726161003113,0.10082706063985825,0.07853593677282333
2024-05-19 23:32:21,막판에 존나 쫄깃했다,이야 진짜재밌었네,After Lap,,막판에 존나 쫄깃했다 이야 진짜재밌었네,막판에 존나 쫄깃했다 이야 진짜재밌었네,0.0813906341791153,0.05074718967080116,0.17615653574466705,0.08058899641036987,0.5833582878112793,0.027758382260799408
2024-05-19 23:32:29,몽골견 일동은 랜도 노리스의 P2를 축하하며,"마지막까지 쫄깃한 레이스를 선사해준 두 드라이버에게 박수를 보냅니다.
또한 노리스가 막스를 위협하는 장면을 여러 차례 만듦으로써
2024 - 몽노대전의 개막을 선언합니다
Oracle Red Bull Racing RB20",After Lap,,"몽골견 일동은 랜도 노리스의 P2를 축하하며 마지막까지 쫄깃한 레이스를 선사해준 두 드라이버에게 박수를 보냅니다.
또한 노리스가 막스를 위협하는 장면을 여러 차례 만듦으로써
2024 - 몽노대전의 개막을 선언합니다
Oracle Red Bull Racing RB20",몽골견 일동은 랜도 노리스의 P2를 축하하며 마지막까지 쫄깃한 레이스를 선사해준 두 드라이버에게 박수를 보냅니다. 또한 노리스가 막스를 위협하는 장면을 여러 차례 만듦으로써 2024 - 몽노대전의 개막을 선언합니다 Oracle Red Bull Racing RB20,0.05417710170149803,0.0432390496134758,0.1262204945087433,0.055336132645606995,0.6930570006370544,0.027970239520072937
2024-05-19 23:32:35,페라리 기대했는데 오늘 아쉽네,,After Lap,,페라리 기대했는데 오늘 아쉽네 ,페라리 기대했는데 오늘 아쉽네,0.12533921003341675,0.16297650337219238,0.3304644823074341,0.15236763656139374,0.18156932294368744,0.047282874584198
2024-05-19 23:32:37,이제 막스 꽁승은 없음 ㅋㅋㅋㅋㅋ,노리스 똥침 미쳣다,After Lap,,이제 막스 꽁승은 없음 ㅋㅋㅋㅋㅋ 노리스 똥침 미쳣다,이제 막스 꽁승은 없음 ㅋㅋㅋㅋㅋ 노리스 똥침 미쳣다,0.10538233071565628,0.044286638498306274,0.2043537199497223,0.2139669805765152,0.33404362201690674,0.09796666353940964
2024-05-19 23:32:39,마지막 5랩 빤스축축해진 맥붕이면 개추ㅋㅋㅋ,ㅋㅋㅋ,After Lap,,마지막 5랩 빤스축축해진 맥붕이면 개추ㅋㅋㅋ ㅋㅋㅋ,마지막 5랩 빤스축축해진 맥붕이면 개추ㅋㅋㅋ ㅋㅋㅋ,0.0570359043776989,0.030138162896037102,0.11346638202667236,0.07579521834850311,0.6964818835258484,0.02708244137465954
2024-05-19 23:32:41,경기가 이래야 재밌지,바로 이거야 이렇게 가자고,After Lap,,경기가 이래야 재밌지 바로 이거야 이렇게 가자고,경기가 이래야 재밌지 바로 이거야 이렇게 가자고,0.06541688740253448,0.04749670997262001,0.1302991360425949,0.05808589980006218,0.6707634329795837,0.027937842532992363
2024-05-19 23:32:41,막가놈 라이벌 결국은 영국인이네,해물탕 가니까 노리스오노,After Lap,,막가놈 라이벌 결국은 영국인이네 해물탕 가니까 노리스오노,막가놈 라이벌 결국은 영국인이네 해물탕 가니까 노리스오노,0.14297738671302795,0.07813099026679993,0.29077476263046265,0.26071715354919434,0.10324721038341522,0.12415239214897156
2024-05-19 23:32:44,오늘 이몰라에서 막스 <<<- ㄹㅇ 순수역량 원탑 증명함,그냥 이새끼 차를 존나 잘타는 것말고는 설명이 안됨,After Lap,,오늘 이몰라에서 막스 <<<- ㄹㅇ 순수역량 원탑 증명함 그냥 이새끼 차를 존나 잘타는 것말고는 설명이 안됨,오늘 이몰라에서 막스 <<<- ㄹㅇ 순수역량 원탑 증명함 그냥 이새끼 차를 존나 잘타는 것말고는 설명이 안됨,0.1508977711200714,0.08295145630836487,0.16596174240112305,0.299175888299942,0.14772799611091614,0.15328513085842133
2024-05-19 23:32:43,차성능 업데이트 바랍니다,"레>페>맥에서 레=맥>페로 업데이트 바랍니다
Mclaren F1 team 2007~",After Lap,,"차성능 업데이트 바랍니다 레>페>맥에서 레=맥>페로 업데이트 바랍니다
Mclaren F1 team 2007~",차성능 업데이트 바랍니다 레>페>맥에서 레=맥>페로 업데이트 바랍니다 Mclaren F1 team 2007~,0.08745070546865463,0.06439028680324554,0.19276432693004608,0.19459782540798187,0.4202103912830353,0.04058648645877838
2024-05-19 23:32:48,???: 엪붕이들 즐거웠니?,"맨날 쉽게 이긴대서 이번엔 위기 좀 연출해서 이겨봤어
뭐해? 올려",After Lap,,"???: 엪붕이들 즐거웠니? 맨날 쉽게 이긴대서 이번엔 위기 좀 연출해서 이겨봤어
뭐해? 올려",???: 엪붕이들 즐거웠니? 맨날 쉽게 이긴대서 이번엔 위기 좀 연출해서 이겨봤어 뭐해? 올려,0.09989362955093384,0.07740882784128189,0.2706080377101898,0.1555633693933487,0.3099791407585144,0.08654698729515076
2024-05-19 23:32:50,"""트랙리밋은 없을 것.""",뇌피셜),After Lap,,"""트랙리밋은 없을 것."" 뇌피셜)","""트랙리밋은 없을 것."" 뇌피셜)",0.1157357320189476,0.0939253643155098,0.24205496907234192,0.3378273844718933,0.13328614830970764,0.0771704614162445
2024-05-19 23:32:51,헐크 토잉 ㅅㅂ,"+ dc official App
나비효과 ㅈㄴ크네
- dc official App",After Lap,,"헐크 토잉 ㅅㅂ + dc official App
나비효과 ㅈㄴ크네
- dc official App",헐크 토잉 ㅅㅂ + dc official App 나비효과 ㅈㄴ크네,0.09643714874982834,0.05039994418621063,0.1770974099636078,0.19144229590892792,0.40972092747688293,0.0749022588133812
2024-05-19 23:32:55,'2랩만 더있었으면!',- dc official App,After Lap,,'2랩만 더있었으면!' - dc official App,'2랩만 더있었으면!' - dc official App,0.09255201369524002,0.07078477740287781,0.2002212256193161,0.144960418343544,0.43988022208213806,0.051601387560367584
2024-05-19 23:32:56,막판에 겨우유잼이네,아쉽다 진짜 한바퀴만더있었으면 더갸꿀잼이었을건디,After Lap,,막판에 겨우유잼이네 아쉽다 진짜 한바퀴만더있었으면 더갸꿀잼이었을건디,막판에 겨우유잼이네 아쉽다 진짜 한바퀴만더있었으면 더갸꿀잼이었을건디,0.14779579639434814,0.1524539589881897,0.3264467418193817,0.12234042584896088,0.19345450401306152,0.057508569210767746
2024-05-19 23:33:02,맥라렌 <-- 업데이트의 신임 ㅋㅋ,,After Lap,,맥라렌 <-- 업데이트의 신임 ㅋㅋ ,맥라렌 <-- 업데이트의 신임 ㅋㅋ,0.06602872908115387,0.045651085674762726,0.12485449016094208,0.0782746821641922,0.6536040306091309,0.03158695623278618
2024-05-19 23:33:02,노리스<<< 애 롱런 개쩐다ㅋㅋ,"호너가 레드불  불렀을때
갔으면 체코 ㅂㅅ하곤 다름",After Lap,,"노리스<<< 애 롱런 개쩐다ㅋㅋ 호너가 레드불  불렀을때
갔으면 체코 ㅂㅅ하곤 다름",노리스<<< 애 롱런 개쩐다ㅋㅋ 호너가 레드불 불렀을때 갔으면 체코 ㅂㅅ하곤 다름,0.06149841099977493,0.037714939564466476,0.1416926085948944,0.0979180559515953,0.6159873008728027,0.045188628137111664
2024-05-19 23:33:02,르클레르 <——— 이새끼 트랙 이탈 안했으면 몽골 따잇 가능했음?,"되겠냐? - 개추
가능했을듯 - 비추",After Lap,,"르클레르 <——— 이새끼 트랙 이탈 안했으면 몽골 따잇 가능했음? 되겠냐? - 개추
가능했을듯 - 비추",르클레르 <——— 이새끼 트랙 이탈 안했으면 몽골 따잇 가능했음? 되겠냐? - 개추 가능했을듯 - 비추,0.23883536458015442,0.11408159136772156,0.19420374929904938,0.26763781905174255,0.10376711189746857,0.0814744159579277
2024-05-19 23:33:05,그래서 자우버 핏스탑 몇초 였음?,"뭐 보나마나 5초는 넘겠지
- dc official App",After Lap,,"그래서 자우버 핏스탑 몇초 였음? 뭐 보나마나 5초는 넘겠지
- dc official App",그래서 자우버 핏스탑 몇초 였음? 뭐 보나마나 5초는 넘겠지,0.1092318519949913,0.09063974022865295,0.2331855595111847,0.33456382155418396,0.14645974338054657,0.08591926097869873
2024-05-19 23:33:15,츠노다는 오늘도 고고하게 1포인트를 가져왔다,,After Lap,,츠노다는 오늘도 고고하게 1포인트를 가져왔다 ,츠노다는 오늘도 고고하게 1포인트를 가져왔다,0.061345841735601425,0.0625862181186676,0.13123176991939545,0.058240775018930435,0.6591954827308655,0.027400018647313118
2024-05-19 23:33:22,오늘부터 맥라렌으로 갈아탈거면 개추 ㅋㅋㅋㅋㅋㅋ,좆라리 ㄲㅈ ㅋㅋㅋㅋㅋ,After Lap,,오늘부터 맥라렌으로 갈아탈거면 개추 ㅋㅋㅋㅋㅋㅋ 좆라리 ㄲㅈ ㅋㅋㅋㅋㅋ,오늘부터 맥라렌으로 갈아탈거면 개추 ㅋㅋㅋㅋㅋㅋ 좆라리 ㄲㅈ ㅋㅋㅋㅋㅋ,0.22159115970134735,0.10908634960651398,0.19846095144748688,0.12933258712291718,0.26503270864486694,0.07649627327919006
2024-05-19 23:33:23,미끌만 안햇어도 아오,시발 1초엿는데,After Lap,,미끌만 안햇어도 아오 시발 1초엿는데,미끌만 안햇어도 아오 시발 1초엿는데,0.27547386288642883,0.20333117246627808,0.2363472431898117,0.12269037216901779,0.10974642634391785,0.05241093412041664
2024-05-19 23:33:25,왜 변기 쇼 안하노,,After Lap,,왜 변기 쇼 안하노 ,왜 변기 쇼 안하노,0.15250755846500397,0.12097977846860886,0.2848164439201355,0.2642173767089844,0.10678809881210327,0.07069075107574463
2024-05-19 23:33:25,솔직히 막스한테 칼겨누는 사람은 르끌일 줄 알았는데,맥라렌이랑 노리스가 이렇게 스텝업할줄이야 ㅋㅋㅋㅋ,After Lap,,솔직히 막스한테 칼겨누는 사람은 르끌일 줄 알았는데 맥라렌이랑 노리스가 이렇게 스텝업할줄이야 ㅋㅋㅋㅋ,솔직히 막스한테 칼겨누는 사람은 르끌일 줄 알았는데 맥라렌이랑 노리스가 이렇게 스텝업할줄이야 ㅋㅋㅋㅋ,0.106796495616436,0.0450509712100029,0.2212236225605011,0.30771347880363464,0.2106616199016571,0.10855375975370407
2024-05-19 23:33:25,오늘 진짜 병신,중반에 좆노잼 외치고 쿠플 끈 너 병신아 ㅋㅋㅋㅋㅋ,After Lap,,오늘 진짜 병신 중반에 좆노잼 외치고 쿠플 끈 너 병신아 ㅋㅋㅋㅋㅋ,오늘 진짜 병신 중반에 좆노잼 외치고 쿠플 끈 너 병신아 ㅋㅋㅋㅋㅋ,0.27279525995254517,0.1558418571949005,0.2239394187927246,0.15655477344989777,0.1080949679017067,0.08277362585067749
2024-05-19 23:33:26,오늘의 병신,나가 뒤지십쇼 JOAT,After Lap,,오늘의 병신 나가 뒤지십쇼 JOAT,오늘의 병신 나가 뒤지십쇼 JOAT,0.31592270731925964,0.1308804303407669,0.16067276895046234,0.17425914108753204,0.1447923183441162,0.07347260415554047
2024-05-19 23:33:27,존나 재밌긴했는데 티포시라 아쉽네,미끄러지지만 않았어도...,After Lap,,존나 재밌긴했는데 티포시라 아쉽네 미끄러지지만 않았어도...,존나 재밌긴했는데 티포시라 아쉽네 미끄러지지만 않았어도...,0.14685405790805817,0.16851845383644104,0.29906249046325684,0.1481696367263794,0.17704810202121735,0.06034725159406662
2024-05-19 23:33:27,막스 간만에 좋아하네 ㅋㅋㅋㅋㅋ,좀신기하다,After Lap,,막스 간만에 좋아하네 ㅋㅋㅋㅋㅋ 좀신기하다,막스 간만에 좋아하네 ㅋㅋㅋㅋㅋ 좀신기하다,0.0521073043346405,0.029383111745119095,0.1437024623155594,0.10986542701721191,0.6311373710632324,0.03380443900823593
2024-05-19 23:33:27,딴 건 모르겠고 이새낀 하루에 한번씩 처맞아야함 ㅋㅋㅋ,그저 체평,After Lap,,딴 건 모르겠고 이새낀 하루에 한번씩 처맞아야함 ㅋㅋㅋ 그저 체평,딴 건 모르겠고 이새낀 하루에 한번씩 처맞아야함 ㅋㅋㅋ 그저 체평,0.3289228677749634,0.14001476764678955,0.16958554089069366,0.1502634733915329,0.14756686985492706,0.06364644318819046
2024-05-19 23:33:28,존나 유잼이라 dod 중간에 뜨는지도 모르고 봄ㅋㅋㅋ,유리스 ㅊㅋㅊㅋ,After Lap,,존나 유잼이라 dod 중간에 뜨는지도 모르고 봄ㅋㅋㅋ 유리스 ㅊㅋㅊㅋ,존나 유잼이라 dod 중간에 뜨는지도 모르고 봄ㅋㅋㅋ 유리스 ㅊㅋㅊㅋ,0.052672676742076874,0.035298727452754974,0.12453102320432663,0.06140482798218727,0.6997735500335693,0.026319213211536407
2024-05-19 23:33:32,몽골<- 스핀텔 조차 못넘고 바로 씹퇴물행,ㅇㅇ,After Lap,,몽골<- 스핀텔 조차 못넘고 바로 씹퇴물행 ㅇㅇ,몽골<- 스핀텔 조차 못넘고 바로 씹퇴물행 ㅇㅇ,0.13755987584590912,0.08611680567264557,0.2568989396095276,0.28975480794906616,0.11815870553255081,0.11151091009378433
2024-05-19 23:33:39,레드불은 업데이트 진행함?,??,After Lap,,레드불은 업데이트 진행함? ??,레드불은 업데이트 진행함? ??,0.10178565979003906,0.0969584733247757,0.2578464448451996,0.3049623668193817,0.16892218589782715,0.069524846971035
2024-05-19 23:33:40,몽골 ㅆㅂ 59승...,ㅡㅡ,After Lap,,몽골 ㅆㅂ 59승... ㅡㅡ,몽골 ㅆㅂ 59승... ㅡㅡ,0.28817975521087646,0.2029363214969635,0.22847917675971985,0.12476244568824768,0.09698823094367981,0.058654069900512695
2024-05-19 23:33:42,아 인면어 씹새끼 어디쳐박고 뒤져라 좀,ㄹㅇ로,After Lap,,아 인면어 씹새끼 어디쳐박고 뒤져라 좀 ㄹㅇ로,아 인면어 씹새끼 어디쳐박고 뒤져라 좀 ㄹㅇ로,0.2904392182826996,0.17443691194057465,0.1498345136642456,0.1388147473335266,0.1987818479537964,0.047692764550447464
2024-05-19 23:33:50,갑자기 이새끼 좀 짜증나는 맥팬은 개추 ㅋㅋ,,After Lap,,갑자기 이새끼 좀 짜증나는 맥팬은 개추 ㅋㅋ ,갑자기 이새끼 좀 짜증나는 맥팬은 개추 ㅋㅋ,0.3102060556411743,0.14045612514019012,0.19413769245147705,0.11951108276844025,0.17417269945144653,0.061516303569078445
2024-05-19 23:33:53,“은근 병신”,"미끄러~지고있어
- dc official App",After Lap,,"“은근 병신” 미끄러~지고있어
- dc official App",“은근 병신” 미끄러~지고있어,0.11185971647500992,0.10104909539222717,0.34035882353782654,0.1909228265285492,0.17626547813415527,0.07954399287700653
2024-05-19 23:33:59,요즘 대노다는 포인트 따는게 기본이 되었네 ㄷㄷ,"ㄷㄷ
- dc official App",After Lap,,"요즘 대노다는 포인트 따는게 기본이 되었네 ㄷㄷ ㄷㄷ
- dc official App",요즘 대노다는 포인트 따는게 기본이 되었네 ㄷㄷ ㄷㄷ,0.14115627110004425,0.08442135900259018,0.23245055973529816,0.2972542941570282,0.1075008437037468,0.1372166872024536
2024-05-19 23:34:05,랜도 엔지니어가 말 좀만 덜 걸었어도 모른다,말 걸 때 마다 벌어지는 거 같던대 ㅋㅋㅋㅋㅋㅋㅋㅋ,After Lap,,랜도 엔지니어가 말 좀만 덜 걸었어도 모른다 말 걸 때 마다 벌어지는 거 같던대 ㅋㅋㅋㅋㅋㅋㅋㅋ,랜도 엔지니어가 말 좀만 덜 걸었어도 모른다 말 걸 때 마다 벌어지는 거 같던대 ㅋㅋㅋㅋㅋㅋㅋㅋ,0.1355011910200119,0.06188493221998215,0.27239298820495605,0.2818662226200104,0.123851478099823,0.12450318038463593
2024-05-19 23:34:06,봐라 알론소 해밀턴 노리스가 레드불 탄다고 해서,"어떻게든 막스 내려치려고 레드불 차 성능
때문에 독주한다는 망상 쳐하지 말고
지금 레드불 차 막스말고 다른 그 어떤 드라이버 태워도
막스처럼 독주 절대 못함
우승 하기도 어려울걸?
레드불 차가 성능이 압도적이면 페레즈도 빨라야지
근데 페레즈는 느리자나
지금 레드불 차에 알론소? 르끌레? 해밀턴? 러셀? 노리스?
피아스트리?
그 누구를 태워도 챔피언 못함
막스가 실력이 독보적이라 레드불 차 성능이
압도적으로 느껴지는거임",After Lap,,"봐라 알론소 해밀턴 노리스가 레드불 탄다고 해서 어떻게든 막스 내려치려고 레드불 차 성능
때문에 독주한다는 망상 쳐하지 말고
지금 레드불 차 막스말고 다른 그 어떤 드라이버 태워도
막스처럼 독주 절대 못함
우승 하기도 어려울걸?
레드불 차가 성능이 압도적이면 페레즈도 빨라야지
근데 페레즈는 느리자나
지금 레드불 차에 알론소? 르끌레? 해밀턴? 러셀? 노리스?
피아스트리?
그 누구를 태워도 챔피언 못함
막스가 실력이 독보적이라 레드불 차 성능이
압도적으로 느껴지는거임",봐라 알론소 해밀턴 노리스가 레드불 탄다고 해서 어떻게든 막스 내려치려고 레드불 차 성능 때문에 독주한다는 망상 쳐하지 말고 지금 레드불 차 막스말고 다른 그 어떤 드라이버 태워도 막스처럼 독주 절대 못함 우승 하기도 어려울걸? 레드불 차가 성능이 압도적이면 페레즈도 빨라야지 근데 페레즈는 느리자나 지금 레드불 차에 알론소? 르끌레? 해밀턴? 러셀? 노리스? 피아스트리? 그 누구를 태워도 챔피언 못함 막스가 실력이 독보적이라 레드불 차 성능이 압도적으로 느껴지는거임,0.16860726475715637,0.14262418448925018,0.22834345698356628,0.30152028799057007,0.08009544014930725,0.07880936563014984
2024-05-19 23:34:18,오늘 노리스랑 도련놈이 꿀잼이네,ㅋㅋ,After Lap,,오늘 노리스랑 도련놈이 꿀잼이네 ㅋㅋ,오늘 노리스랑 도련놈이 꿀잼이네 ㅋㅋ,0.056862834841012955,0.04022502154111862,0.10921446979045868,0.06102664768695831,0.7092919945716858,0.023378968238830566
2024-05-19 23:34:19,그래서 순수 페이스는 렏=멕 맞냐,ㅇㅇ?,After Lap,,그래서 순수 페이스는 렏=멕 맞냐 ㅇㅇ?,그래서 순수 페이스는 렏=멕 맞냐 ㅇㅇ?,0.10084674507379532,0.06997150927782059,0.22546665370464325,0.3446355164051056,0.17421026527881622,0.08486926555633545
2024-05-19 23:34:19,1번 남았을때 실수 안하는 사람 그게 막스다,일부러 레이스를 쫄깃하게 해주시니 감사합니다 막신...,After Lap,,1번 남았을때 실수 안하는 사람 그게 막스다 일부러 레이스를 쫄깃하게 해주시니 감사합니다 막신...,1번 남았을때 실수 안하는 사람 그게 막스다 일부러 레이스를 쫄깃하게 해주시니 감사합니다 막신...,0.0673365667462349,0.06429462134838104,0.16329678893089294,0.0565052404999733,0.6187224984169006,0.029844341799616814
2024-05-19 23:34:21,페라리 씨발 왜이리 차가 한끝 모자라보이지,그와중에 미끄러지기나하고,After Lap,,페라리 씨발 왜이리 차가 한끝 모자라보이지 그와중에 미끄러지기나하고,페라리 씨발 왜이리 차가 한끝 모자라보이지 그와중에 미끄러지기나하고,0.2548750340938568,0.2137976884841919,0.25275129079818726,0.1300995647907257,0.10700363665819168,0.04147275164723396
2024-05-19 23:34:23,티포시 탈갤 ㅋㅋㅋㅋㅋ,,After Lap,,티포시 탈갤 ㅋㅋㅋㅋㅋ ,티포시 탈갤 ㅋㅋㅋㅋㅋ,0.11148087680339813,0.04878024756908417,0.22827760875225067,0.1513933390378952,0.41234275698661804,0.04772515222430229
2024-05-19 23:34:32,F1 인스타 공식)막스 우승,대 몽 골,After Lap,,F1 인스타 공식)막스 우승 대 몽 골,F1 인스타 공식)막스 우승 대 몽 골,0.08228303492069244,0.0415872223675251,0.1803625226020813,0.16899153590202332,0.4885183870792389,0.038257256150245667
2024-05-19 23:34:34,르끌 포디움 엪버거 추첨,"https://dclottery.live/result/111525
https://dclottery.live/result/111525
디시추첨기 | dclottery.live
쉽고 강력한 디시인사이드 댓글 추첨기
dclottery.live
당첨자 갤로그 방명록 부탁드립니다.
유관놈 사고치는 줄 알고 헐레벌떡 집에 옴",After Lap,,"르끌 포디움 엪버거 추첨 https://dclottery.live/result/111525
https://dclottery.live/result/111525
디시추첨기 | dclottery.live
쉽고 강력한 디시인사이드 댓글 추첨기
dclottery.live
당첨자 갤로그 방명록 부탁드립니다.
유관놈 사고치는 줄 알고 헐레벌떡 집에 옴",르끌 포디움 엪버거 추첨 디시추첨기 | dclottery.live 쉽고 강력한 디시인사이드 댓글 추첨기 dclottery.live 당첨자 갤로그 방명록 부탁드립니다. 유관놈 사고치는 줄 알고 헐레벌떡 집에 옴,0.12324811518192291,0.07025498896837234,0.24005737900733948,0.1885610818862915,0.2981630563735962,0.07971538603305817
2024-05-19 23:34:36,사실 몽골이 ㅈㄴ 잘하고 잇어서 다행이지,저 좋은 차로 ㅅㅂ 항상 혼자 싸워야하는게 ㅈㄴ ㅈ같긴 할거임,After Lap,,사실 몽골이 ㅈㄴ 잘하고 잇어서 다행이지 저 좋은 차로 ㅅㅂ 항상 혼자 싸워야하는게 ㅈㄴ ㅈ같긴 할거임,사실 몽골이 ㅈㄴ 잘하고 잇어서 다행이지 저 좋은 차로 ㅅㅂ 항상 혼자 싸워야하는게 ㅈㄴ ㅈ같긴 할거임,0.1940130740404129,0.21766512095928192,0.23689869046211243,0.12102051824331284,0.14738167822360992,0.0830209031701088
2024-05-19 23:34:37,혈 뚫린 노리스 << 이새끼 존나 무섭네,,After Lap,,혈 뚫린 노리스 << 이새끼 존나 무섭네 ,혈 뚫린 노리스 << 이새끼 존나 무섭네,0.16105639934539795,0.07586988061666489,0.17103995382785797,0.34078338742256165,0.13546012341976166,0.11579020321369171
2024-05-19 23:34:43,츠노다 타이어관리 너무안된게 아쉽다,롱런가니까 페이스조절이 너무안되네 8등정도 할줄알아ㅛ는데,After Lap,,츠노다 타이어관리 너무안된게 아쉽다 롱런가니까 페이스조절이 너무안되네 8등정도 할줄알아ㅛ는데,츠노다 타이어관리 너무안된게 아쉽다 롱런가니까 페이스조절이 너무안되네 8등정도 할줄알아ㅛ는데,0.1315842568874359,0.1661919504404068,0.3172232210636139,0.22200387716293335,0.0975874811410904,0.06540925055742264
2024-05-19 23:34:46,어제 토잉 안받앗으면 포디엄도 따잇당할뻔 ㅋㅋㅋ,개빡세네,After Lap,,어제 토잉 안받앗으면 포디엄도 따잇당할뻔 ㅋㅋㅋ 개빡세네,어제 토잉 안받앗으면 포디엄도 따잇당할뻔 ㅋㅋㅋ 개빡세네,0.16580034792423248,0.12483204156160355,0.30278170108795166,0.16812893748283386,0.13774989545345306,0.10070710629224777
2024-05-19 23:34:51,엪국가 오랜만에 들어야지,,After Lap,,엪국가 오랜만에 들어야지 ,엪국가 오랜만에 들어야지,0.055994823575019836,0.035002436488866806,0.13292405009269714,0.08643422275781631,0.661376953125,0.02826756425201893
2024-05-19 23:34:48,오늘 노리스 2등해도 괜찮은이유,"마이애미때 이미 우승한번해서 무관탈출함ㅋㅋㅋㅋ
Mclaren F1 team 2007~",After Lap,,"오늘 노리스 2등해도 괜찮은이유 마이애미때 이미 우승한번해서 무관탈출함ㅋㅋㅋㅋ
Mclaren F1 team 2007~",오늘 노리스 2등해도 괜찮은이유 마이애미때 이미 우승한번해서 무관탈출함ㅋㅋㅋㅋ Mclaren F1 team 2007~,0.07387904822826385,0.05025053769350052,0.12271646410226822,0.06875530630350113,0.6512488722801208,0.03314973786473274
2024-05-19 23:34:57,월드워 ㅋㅋ,ㅋㅋ,After Lap,,월드워 ㅋㅋ ㅋㅋ,월드워 ㅋㅋ ㅋㅋ,0.08295334875583649,0.03719629347324371,0.1817968338727951,0.13802309334278107,0.5151041746139526,0.04492617025971413
2024-05-19 23:35:00,ㅋㅋㅋㅋㅋㅋㅋㅋㅋ뛰어나오는거 개웃기네,,After Lap,,ㅋㅋㅋㅋㅋㅋㅋㅋㅋ뛰어나오는거 개웃기네 ,ㅋㅋㅋㅋㅋㅋㅋㅋㅋ뛰어나오는거 개웃기네,0.06912700086832047,0.03735389932990074,0.15467746555805206,0.11477027833461761,0.5920188426971436,0.03205250948667526
2024-05-19 23:35:03,막스 <- 헐크한테 절해야지 ㅇㅇ..,헐크가만들어준우승 ㅇㅇ..,After Lap,,막스 <- 헐크한테 절해야지 ㅇㅇ.. 헐크가만들어준우승 ㅇㅇ..,막스 <- 헐크한테 절해야지 ㅇㅇ.. 헐크가만들어준우승 ㅇㅇ..,0.09063336253166199,0.059637077152729034,0.16887539625167847,0.08702181279659271,0.5465705394744873,0.04726183041930199
2024-05-19 23:35:04,페레즈<-- 자동문 안했으면 막스 따잇 가능?,"불가능:개추
가능:비추",After Lap,,"페레즈<-- 자동문 안했으면 막스 따잇 가능? 불가능:개추
가능:비추",페레즈<-- 자동문 안했으면 막스 따잇 가능? 불가능:개추 가능:비추,0.10518776625394821,0.06714163720607758,0.23776976764202118,0.31866538524627686,0.19441407918930054,0.07682135701179504
2024-05-19 23:35:06,간만에 재밌게 봤다 맥라렌 기대됨,막스는 폴 아니였으면 우승 못했을 듯,After Lap,,간만에 재밌게 봤다 맥라렌 기대됨 막스는 폴 아니였으면 우승 못했을 듯,간만에 재밌게 봤다 맥라렌 기대됨 막스는 폴 아니였으면 우승 못했을 듯,0.055917877703905106,0.03423602879047394,0.16217386722564697,0.0970664769411087,0.6141431927680969,0.036462508141994476
2024-05-19 23:35:08,아 르끌 우승 하는 방법 찾았다,러셀이 막스랑 노리스 어뢰쏘면 됨,After Lap,,아 르끌 우승 하는 방법 찾았다 러셀이 막스랑 노리스 어뢰쏘면 됨,아 르끌 우승 하는 방법 찾았다 러셀이 막스랑 노리스 어뢰쏘면 됨,0.10058824717998505,0.053963322192430496,0.1912209838628769,0.21152977645397186,0.38036200404167175,0.062335655093193054
2024-05-19 23:35:08,시발 맨날 좆라렌 붐은 온다고 그랬는데,"핏스탑 3.8초 발암물질시절 이겨내고 존나 행복사하겠네
- dc official App",After Lap,,"시발 맨날 좆라렌 붐은 온다고 그랬는데 핏스탑 3.8초 발암물질시절 이겨내고 존나 행복사하겠네
- dc official App",시발 맨날 좆라렌 붐은 온다고 그랬는데 핏스탑 3.8초 발암물질시절 이겨내고 존나 행복사하겠네,0.3073684871196747,0.1630292534828186,0.17849794030189514,0.10518695414066315,0.1911579668521881,0.05475938692688942
2024-05-19 23:35:10,막스 2021년 같네,1승의 소중함을 알던시절 ㅋㅋㅋㅋ,After Lap,,막스 2021년 같네 1승의 소중함을 알던시절 ㅋㅋㅋㅋ,막스 2021년 같네 1승의 소중함을 알던시절 ㅋㅋㅋㅋ,0.06494823098182678,0.05106561258435249,0.13225850462913513,0.06829752773046494,0.6502043604850769,0.03322570025920868
2024-05-19 23:35:11,"일단 확실한게 1,2라운드같이 f0는 절대아님","레맥페 차 수준 비슷
병신새끼 못하는거보면 진짜 몽골 실력빨일수도
- dc official App",After Lap,,"일단 확실한게 1,2라운드같이 f0는 절대아님 레맥페 차 수준 비슷
병신새끼 못하는거보면 진짜 몽골 실력빨일수도
- dc official App","일단 확실한게 1,2라운드같이 f0는 절대아님 레맥페 차 수준 비슷 병신새끼 못하는거보면 진짜 몽골 실력빨일수도",0.15720397233963013,0.08803940564393997,0.2077290117740631,0.3603491485118866,0.08461024612188339,0.10206829756498337
2024-05-19 23:35:11,티포시들 좀비때네 ㅋㅋ,,After Lap,,티포시들 좀비때네 ㅋㅋ ,티포시들 좀비때네 ㅋㅋ,0.129457026720047,0.04761194810271263,0.2129645198583603,0.3279566168785095,0.17218497395515442,0.10982490330934525
2024-05-19 23:35:12,훌켄버그 개새기야,,After Lap,,훌켄버그 개새기야 ,훌켄버그 개새기야,0.28399035334587097,0.16001498699188232,0.17088064551353455,0.1392747461795807,0.20561756193637848,0.040221717208623886
2024-05-19 23:35:16,막스야 집가서 심레이싱켜라,,After Lap,,막스야 집가서 심레이싱켜라 ,막스야 집가서 심레이싱켜라,0.09602730721235275,0.0673869252204895,0.2654101252555847,0.19917601346969604,0.28783512115478516,0.0841645747423172
2024-05-19 23:35:16,drs 존나 키는거 보소,사고나겠노 ㅋㅋㅋ,After Lap,,drs 존나 키는거 보소 사고나겠노 ㅋㅋㅋ,drs 존나 키는거 보소 사고나겠노 ㅋㅋㅋ,0.17968952655792236,0.07175617665052414,0.21735063195228577,0.2887619137763977,0.1151696965098381,0.12727199494838715
2024-05-19 23:35:17,관중들 진ㅁ자 존나 재밌겠다,뛰어갈 때 도파민 맥스일듯,After Lap,,관중들 진ㅁ자 존나 재밌겠다 뛰어갈 때 도파민 맥스일듯,관중들 진ㅁ자 존나 재밌겠다 뛰어갈 때 도파민 맥스일듯,0.08203215152025223,0.032615963369607925,0.1854904294013977,0.1711149364709854,0.47988077998161316,0.048865724354982376
2024-05-19 23:35:21,헐크 토잉 없었으면 결과 달랐으려나,,After Lap,,헐크 토잉 없었으면 결과 달랐으려나 ,헐크 토잉 없었으면 결과 달랐으려나,0.092416912317276,0.07531417906284332,0.27541443705558777,0.2927614450454712,0.17160454392433167,0.09248849004507065
2024-05-19 23:35:22,티포시들 해맑노 ㅋㅋㅋ,ㅋㅋㅋ,After Lap,,티포시들 해맑노 ㅋㅋㅋ ㅋㅋㅋ,티포시들 해맑노 ㅋㅋㅋ ㅋㅋㅋ,0.06980929523706436,0.0422871857881546,0.150058776140213,0.10035690665245056,0.6024348735809326,0.03505296632647514
2024-05-19 23:35:24,달리기대회하노,ㅋㅋ,After Lap,,달리기대회하노 ㅋㅋ,달리기대회하노 ㅋㅋ,0.08083269000053406,0.03682427853345871,0.18283037841320038,0.13148170709609985,0.5301797986030579,0.03785109147429466
2024-05-19 23:35:28,노리스 : 지금 괴롭다,"무전 내용
- 이기지 못해서 좌절스럽다. 지금 괴로운 느낌이다.
출처 랩바랩
- dc official App",After Lap,,"노리스 : 지금 괴롭다 무전 내용
- 이기지 못해서 좌절스럽다. 지금 괴로운 느낌이다.
출처 랩바랩
- dc official App",노리스 : 지금 괴롭다 무전 내용 - 이기지 못해서 좌절스럽다. 지금 괴로운 느낌이다. 출처 랩바랩,0.10989350080490112,0.1400223970413208,0.27619585394859314,0.23750264942646027,0.1491190791130066,0.0872664526104927
2024-05-19 23:35:29,갑자기 막스 트랙 이탈 조사 없냐??,,After Lap,,갑자기 막스 트랙 이탈 조사 없냐?? ,갑자기 막스 트랙 이탈 조사 없냐??,0.12491249293088913,0.10712847113609314,0.2586735486984253,0.296851247549057,0.11659105122089386,0.09584319591522217
2024-05-19 23:35:30,어제 누리스가 폴 땄으면 몰랐겠네,헐크가 만들어준,After Lap,,어제 누리스가 폴 땄으면 몰랐겠네 헐크가 만들어준,어제 누리스가 폴 땄으면 몰랐겠네 헐크가 만들어준,0.0830850601196289,0.052601318806409836,0.2901759445667267,0.23411159217357635,0.2529679238796234,0.08705809712409973
2024-05-19 23:35:31,그 노래 또 나올 예정,- dc official App,After Lap,,그 노래 또 나올 예정 - dc official App,그 노래 또 나올 예정 - dc official App,0.06875986605882645,0.03850372135639191,0.15304803848266602,0.11452174931764603,0.5921604037284851,0.03300614655017853
2024-05-19 23:35:33,추월이 힘든 이몰라에 지치셨나요?,다음주엔 우리가 나섭니다,After Lap,,추월이 힘든 이몰라에 지치셨나요? 다음주엔 우리가 나섭니다,추월이 힘든 이몰라에 지치셨나요? 다음주엔 우리가 나섭니다,0.10112439095973969,0.13991378247737885,0.2520221769809723,0.1667664647102356,0.25822773575782776,0.08194545656442642
2024-05-19 23:35:36,연기 ㅈㄴ 뿌였네,"+ dc official App
- dc official App",After Lap,,"연기 ㅈㄴ 뿌였네 + dc official App
- dc official App",연기 ㅈㄴ 뿌였네 + dc official App,0.12133316695690155,0.0685817301273346,0.3037351667881012,0.1534447968006134,0.2845003604888916,0.06840472668409348
2024-05-19 23:35:37,티포시가 페라리보다 빨라보이노ㅋㅋ,,After Lap,,티포시가 페라리보다 빨라보이노ㅋㅋ ,티포시가 페라리보다 빨라보이노ㅋㅋ,0.10169002413749695,0.042051300406455994,0.24066175520420074,0.31452280282974243,0.2122589498758316,0.08881522715091705
2024-05-19 23:35:37,노리스오늘 페레즈가 보여줘야되는 레이스아니냐,"같은차 같은팀이라도
이렇게막랩10바퀴 매번보면 얼마나좋을까
어디병신을데려와서",After Lap,,"노리스오늘 페레즈가 보여줘야되는 레이스아니냐 같은차 같은팀이라도
이렇게막랩10바퀴 매번보면 얼마나좋을까
어디병신을데려와서",노리스오늘 페레즈가 보여줘야되는 레이스아니냐 같은차 같은팀이라도 이렇게막랩10바퀴 매번보면 얼마나좋을까 어디병신을데려와서,0.21765995025634766,0.2238589972257614,0.27246853709220886,0.14581318199634552,0.0914091095328331,0.04879027232527733
2024-05-19 23:35:38,다 티포시네 ㅅㅂㅋㅋㅋㅋ,누가보면 페라리 우승이네,After Lap,,다 티포시네 ㅅㅂㅋㅋㅋㅋ 누가보면 페라리 우승이네,다 티포시네 ㅅㅂㅋㅋㅋㅋ 누가보면 페라리 우승이네,0.22389476001262665,0.13250043988227844,0.25034260749816895,0.20419830083847046,0.10314629971981049,0.08591760694980621
2024-05-19 23:35:43,썩마볼JOAT,시발련아,After Lap,,썩마볼JOAT 시발련아,썩마볼JOAT 시발련아,0.31202054023742676,0.1687888205051422,0.15414492785930634,0.12983272969722748,0.19175948202610016,0.04345357045531273
2024-05-19 23:35:48,아니 SF24 에보라매,"진지하게 마이애미랑 뭐가 달라졌냐고..
맥라렌한테 숏런성능까지 따인거?",After Lap,,"아니 SF24 에보라매 진지하게 마이애미랑 뭐가 달라졌냐고..
맥라렌한테 숏런성능까지 따인거?",아니 SF24 에보라매 진지하게 마이애미랑 뭐가 달라졌냐고.. 맥라렌한테 숏런성능까지 따인거?,0.1658049076795578,0.16909144818782806,0.2769644856452942,0.24062277376651764,0.06947457045316696,0.07804176211357117
2024-05-19 23:35:50,병신,- dc official App,After Lap,,병신 - dc official App,병신 - dc official App,0.09973964840173721,0.05016333609819412,0.18627189099788666,0.21261169016361237,0.41625356674194336,0.03495985269546509
2024-05-19 23:35:54,이제 레드불 차빨은 없다고 봐도됨?,"체코 병신짓하는게 심상치 않더니
막스도 진땀승 하는거 보니까
맥라렌하고 엄대엄 같은데?",After Lap,,"이제 레드불 차빨은 없다고 봐도됨? 체코 병신짓하는게 심상치 않더니
막스도 진땀승 하는거 보니까
맥라렌하고 엄대엄 같은데?",이제 레드불 차빨은 없다고 봐도됨? 체코 병신짓하는게 심상치 않더니 막스도 진땀승 하는거 보니까 맥라렌하고 엄대엄 같은데?,0.14339880645275116,0.08808473497629166,0.21833369135856628,0.32804274559020996,0.0850229412317276,0.13711705803871155
2024-05-19 23:35:58,티포시런 시발 솔직히말해서,"병신보다 빠를듯
- dc official App",After Lap,,"티포시런 시발 솔직히말해서 병신보다 빠를듯
- dc official App",티포시런 시발 솔직히말해서 병신보다 빠를듯,0.31654858589172363,0.18204839527606964,0.18391188979148865,0.1711195707321167,0.08956044912338257,0.05681115761399269
2024-05-19 23:36:03,원래 페라리팬이 저리 많음??,개많네,After Lap,,원래 페라리팬이 저리 많음?? 개많네,원래 페라리팬이 저리 많음?? 개많네,0.13377003371715546,0.054211243987083435,0.20798492431640625,0.3381860554218292,0.14746606349945068,0.11838167160749435
2024-05-19 23:36:08,왜 빨간색만 보이냐,빨간색 천지네 ㄷㄷ,After Lap,,왜 빨간색만 보이냐 빨간색 천지네 ㄷㄷ,왜 빨간색만 보이냐 빨간색 천지네 ㄷㄷ,0.18195274472236633,0.10601451247930527,0.22048090398311615,0.26745012402534485,0.10006445646286011,0.12403728067874908
2024-05-19 23:36:08,티포시들 난리 났노 ㅋㅋ,"졸라 웃기네
- dc official App",After Lap,,"티포시들 난리 났노 ㅋㅋ 졸라 웃기네
- dc official App",티포시들 난리 났노 ㅋㅋ 졸라 웃기네,0.08729686588048935,0.04173315688967705,0.18647834658622742,0.14007340371608734,0.5063649415969849,0.038053274154663086
2024-05-19 23:36:11,막스 게임 1시간 더했으면 피곤해서 따였을듯,ㄹㅇ,After Lap,,막스 게임 1시간 더했으면 피곤해서 따였을듯 ㄹㅇ,막스 게임 1시간 더했으면 피곤해서 따였을듯 ㄹㅇ,0.14525949954986572,0.14214859902858734,0.3183002173900604,0.22730185091495514,0.07333541661500931,0.09365441650152206
2024-05-19 23:36:12,난 올해 싱가폴이 너무 기대된다,"폼 돌아온 페라리
개떡상한 맥라렌
고전하는 레드불
삼강구도 보고싶음
메르는 나가고",After Lap,,"난 올해 싱가폴이 너무 기대된다 폼 돌아온 페라리
개떡상한 맥라렌
고전하는 레드불
삼강구도 보고싶음
메르는 나가고",난 올해 싱가폴이 너무 기대된다 폼 돌아온 페라리 개떡상한 맥라렌 고전하는 레드불 삼강구도 보고싶음 메르는 나가고,0.06915806978940964,0.03596813604235649,0.1487792283296585,0.1054697334766388,0.604738175868988,0.03588666394352913
2024-05-19 23:36:14,근데 또 레이스 끝나고 패널티주면 김새긴 하겠다,그냥 이대로 끝내줘,After Lap,,근데 또 레이스 끝나고 패널티주면 김새긴 하겠다 그냥 이대로 끝내줘,근데 또 레이스 끝나고 패널티주면 김새긴 하겠다 그냥 이대로 끝내줘,0.1391158252954483,0.1793033927679062,0.2793924808502197,0.1543036252260208,0.1619533747434616,0.08593129366636276
2024-05-19 23:36:17,오늘의 진짜 제일병신,11시 경기인줄 알고 그때 쿠팡킨 나,After Lap,,오늘의 진짜 제일병신 11시 경기인줄 알고 그때 쿠팡킨 나,오늘의 진짜 제일병신 11시 경기인줄 알고 그때 쿠팡킨 나,0.17375536262989044,0.13267849385738373,0.3209803104400635,0.1498870700597763,0.1255820393562317,0.09711672365665436
2024-05-19 23:36:22,르클도 오늘 미끌만안했으면,마지막에붙었을수도 ㅋㅋ,After Lap,,르클도 오늘 미끌만안했으면 마지막에붙었을수도 ㅋㅋ,르클도 오늘 미끌만안했으면 마지막에붙었을수도 ㅋㅋ,0.08759280294179916,0.06057805195450783,0.2632383406162262,0.17470209300518036,0.3537142872810364,0.06017439439892769
2024-05-19 23:36:32,알론소 소프트로 바꾼거 같던데 왜 패랩은 못딴거?,"러셀이 패렙 가져갓던데
어쩌피 포인트권 밖이라
패랩 뺏으려고
소프트로 바꿔 달린거 아닌가?
1등 싸움 재밋어서 언급도 없던데
패랩이 목표가 아니엇던거임?
목표가 실패한거임?",After Lap,,"알론소 소프트로 바꾼거 같던데 왜 패랩은 못딴거? 러셀이 패렙 가져갓던데
어쩌피 포인트권 밖이라
패랩 뺏으려고
소프트로 바꿔 달린거 아닌가?
1등 싸움 재밋어서 언급도 없던데
패랩이 목표가 아니엇던거임?
목표가 실패한거임?",알론소 소프트로 바꾼거 같던데 왜 패랩은 못딴거? 러셀이 패렙 가져갓던데 어쩌피 포인트권 밖이라 패랩 뺏으려고 소프트로 바꿔 달린거 아닌가? 1등 싸움 재밋어서 언급도 없던데 패랩이 목표가 아니엇던거임? 목표가 실패한거임?,0.14540152251720428,0.14768104255199432,0.27716192603111267,0.2748403251171112,0.07852556556463242,0.0763896107673645
2024-05-19 23:36:35,모나코 비오면 좋겠다,풀웻타이어 대환장 파티를 다오,After Lap,,모나코 비오면 좋겠다 풀웻타이어 대환장 파티를 다오,모나코 비오면 좋겠다 풀웻타이어 대환장 파티를 다오,0.06517656147480011,0.04827696457505226,0.11926960945129395,0.06600502133369446,0.6723984479904175,0.028873329982161522
2024-05-19 23:36:41,몽골<-노리스 선에서 컷 ㅋㅋ,ㅋㅋ,After Lap,,몽골<-노리스 선에서 컷 ㅋㅋ ㅋㅋ,몽골<-노리스 선에서 컷 ㅋㅋ ㅋㅋ,0.11340866982936859,0.058070383965969086,0.19361639022827148,0.11759066581726074,0.4784200191497803,0.03889382630586624
2024-05-19 23:36:47,다음주 모나코 비 예보 입갤 ㅋㅋ,근데 일요일은 비 예보없음 ㅋㅋ,After Lap,,다음주 모나코 비 예보 입갤 ㅋㅋ 근데 일요일은 비 예보없음 ㅋㅋ,다음주 모나코 비 예보 입갤 ㅋㅋ 근데 일요일은 비 예보없음 ㅋㅋ,0.12597888708114624,0.0982641950249672,0.3083018660545349,0.18344157934188843,0.21971094608306885,0.06430255621671677
2024-05-19 23:37:01,이탈리아 눈나들 뛰는 거 보니까,,After Lap,,이탈리아 눈나들 뛰는 거 보니까 ,이탈리아 눈나들 뛰는 거 보니까,0.06884754449129105,0.03998827934265137,0.18378914892673492,0.15296803414821625,0.49717050790786743,0.0572364442050457
2024-05-19 23:37:05,맥라렌은 어제 페널티 아니면 더블포디움이였네,ㄲㅂ,After Lap,,맥라렌은 어제 페널티 아니면 더블포디움이였네 ㄲㅂ,맥라렌은 어제 페널티 아니면 더블포디움이였네 ㄲㅂ,0.14981679618358612,0.16556718945503235,0.3536275327205658,0.09320409595966339,0.19066618382930756,0.04711815342307091
2024-05-19 23:37:08,다음 그랑프리 모나코네,제발 비와라,After Lap,,다음 그랑프리 모나코네 제발 비와라,다음 그랑프리 모나코네 제발 비와라,0.07918117195367813,0.07711782306432724,0.17449916899204254,0.1137334406375885,0.5019784569740295,0.05348989740014076
2024-05-19 23:37:11,이번 시즌은 레맥대전으로 계속 갔으면 좋겠다,근데 이제 레드불은 드라이버가 1명밖에 없는,After Lap,,이번 시즌은 레맥대전으로 계속 갔으면 좋겠다 근데 이제 레드불은 드라이버가 1명밖에 없는,이번 시즌은 레맥대전으로 계속 갔으면 좋겠다 근데 이제 레드불은 드라이버가 1명밖에 없는,0.13000531494617462,0.14680597186088562,0.300340473651886,0.12879422307014465,0.2340800166130066,0.05997403338551521
2024-05-19 23:37:11,르끌이 노리스 너무 쉽게 놓친것도 한몫함,"노리스랑 르끌이 배틀했으면 막스는 넷플릭스 켜고 달렸을텐데
미끌이 노리스 잘가라잇 해버림",After Lap,,"르끌이 노리스 너무 쉽게 놓친것도 한몫함 노리스랑 르끌이 배틀했으면 막스는 넷플릭스 켜고 달렸을텐데
미끌이 노리스 잘가라잇 해버림",르끌이 노리스 너무 쉽게 놓친것도 한몫함 노리스랑 르끌이 배틀했으면 막스는 넷플릭스 켜고 달렸을텐데 미끌이 노리스 잘가라잇 해버림,0.13806505501270294,0.16456928849220276,0.3479957580566406,0.19138512015342712,0.09043772518634796,0.0675470158457756
2024-05-19 23:37:11,dod,Day of dumbass,After Lap,,dod Day of dumbass,dod Day of dumbass,0.12311448156833649,0.0613628625869751,0.2107391208410263,0.19903944432735443,0.3614114224910736,0.044332705438137054
2024-05-19 23:37:20,이번 경기 씹레전드인 게 IF가 존나 많음,"만약 헐크가 퀄리 토잉을 안해줬디면?
만약 미끌레가 살짝만 더 일찍 미끌했다면?
만약 1바퀴만 더 있었다면??
만약 정말 만약에 어떠한 변수든 작용을 해서 노리스가 DRS 디텍션 존에서 1.01이 아니라 0.99를 뽑았다면?????
경기 결과를 가를뻔한 가능성이 개많았음
개꿀잼",After Lap,,"이번 경기 씹레전드인 게 IF가 존나 많음 만약 헐크가 퀄리 토잉을 안해줬디면?
만약 미끌레가 살짝만 더 일찍 미끌했다면?
만약 1바퀴만 더 있었다면??
만약 정말 만약에 어떠한 변수든 작용을 해서 노리스가 DRS 디텍션 존에서 1.01이 아니라 0.99를 뽑았다면?????
경기 결과를 가를뻔한 가능성이 개많았음
개꿀잼",이번 경기 씹레전드인 게 IF가 존나 많음 만약 헐크가 퀄리 토잉을 안해줬디면? 만약 미끌레가 살짝만 더 일찍 미끌했다면? 만약 1바퀴만 더 있었다면?? 만약 정말 만약에 어떠한 변수든 작용을 해서 노리스가 DRS 디텍션 존에서 1.01이 아니라 0.99를 뽑았다면????? 경기 결과를 가를뻔한 가능성이 개많았음 개꿀잼,0.117759108543396,0.05927198752760887,0.2231290191411972,0.27592334151268005,0.22481399774551392,0.09910250455141068
2024-05-19 23:37:24,이제 체코 안바꾸면 진짜로 컨챙 간당간당할수도ㅋㅋ,ㅂㅅㅋㅋㅋ,After Lap,,이제 체코 안바꾸면 진짜로 컨챙 간당간당할수도ㅋㅋ ㅂㅅㅋㅋㅋ,이제 체코 안바꾸면 진짜로 컨챙 간당간당할수도ㅋㅋ ㅂㅅㅋㅋㅋ,0.16648174822330475,0.1310206949710846,0.3210863769054413,0.19025273621082306,0.10322076827287674,0.08793769031763077
2024-05-19 23:37:26,모나코는 제발 폭우,"솔직히 막판 노막배틀 아니였으면 좇노잼 확정이였는데
모나코는 ㄹㅇ 비라도 안오면 답이 안보인다 ㅋㅋㅋ",After Lap,,"모나코는 제발 폭우 솔직히 막판 노막배틀 아니였으면 좇노잼 확정이였는데
모나코는 ㄹㅇ 비라도 안오면 답이 안보인다 ㅋㅋㅋ",모나코는 제발 폭우 솔직히 막판 노막배틀 아니였으면 좇노잼 확정이였는데 모나코는 ㄹㅇ 비라도 안오면 답이 안보인다 ㅋㅋㅋ,0.18013040721416473,0.15546029806137085,0.31084397435188293,0.12733177840709686,0.13945108652114868,0.08678246289491653
2024-05-19 23:37:29,의외로 레이스 결과를 지배한새끼,이새끼 아니었으면 진짜 몰랐다 십ㅋㅋㅋㅋ,After Lap,,의외로 레이스 결과를 지배한새끼 이새끼 아니었으면 진짜 몰랐다 십ㅋㅋㅋㅋ,의외로 레이스 결과를 지배한새끼 이새끼 아니었으면 진짜 몰랐다 십ㅋㅋㅋㅋ,0.19724464416503906,0.10653359442949295,0.20724518597126007,0.22427651286125183,0.12307396531105042,0.14162614941596985
2024-05-19 23:37:32,저기 크로아티아 국기 아님? ㅋㅋ,,After Lap,,저기 크로아티아 국기 아님? ㅋㅋ ,저기 크로아티아 국기 아님? ㅋㅋ,0.11365566402673721,0.051746826618909836,0.23082828521728516,0.32254859805107117,0.1933043748140335,0.08791622519493103
2024-05-19 23:37:35,티포시의 주말 개같이 멸망 ㅋㅋㅋ,,After Lap,,티포시의 주말 개같이 멸망 ㅋㅋㅋ ,티포시의 주말 개같이 멸망 ㅋㅋㅋ,0.1550576388835907,0.07698491960763931,0.2123289555311203,0.11045583337545395,0.3965637683868408,0.0486089363694191
2024-05-19 23:37:39,하시발진짜 두바퀴만 더있었어도,- dc official App,After Lap,,하시발진짜 두바퀴만 더있었어도 - dc official App,하시발진짜 두바퀴만 더있었어도 - dc official App,0.3031333386898041,0.18161694705486298,0.20127396285533905,0.11513881385326385,0.1499246209859848,0.04891226068139076
2024-05-19 23:37:41,무슨 앵글이노 ㅋㅋㅋㅋㅋ,,After Lap,,무슨 앵글이노 ㅋㅋㅋㅋㅋ ,무슨 앵글이노 ㅋㅋㅋㅋㅋ,0.10556325316429138,0.048705898225307465,0.26856401562690735,0.27468597888946533,0.21711450815200806,0.08536636084318161
2024-05-19 23:37:43,오늘부터 모나코 쪽으로 인디언식 기우제 드간다,"모두가 평등하게 미끌리는 서킷
그것만이 모나코",After Lap,,"오늘부터 모나코 쪽으로 인디언식 기우제 드간다 모두가 평등하게 미끌리는 서킷
그것만이 모나코",오늘부터 모나코 쪽으로 인디언식 기우제 드간다 모두가 평등하게 미끌리는 서킷 그것만이 모나코,0.08272215723991394,0.053396742790937424,0.1325444132089615,0.08464296907186508,0.610203206539154,0.036490511149168015
2024-05-19 23:37:47,노리스 뭔가 혈뚫린거 같아서 좋다,ㅇㅇㅇ,After Lap,,노리스 뭔가 혈뚫린거 같아서 좋다 ㅇㅇㅇ,노리스 뭔가 혈뚫린거 같아서 좋다 ㅇㅇㅇ,0.049488626420497894,0.0421876423060894,0.1088603213429451,0.05633837729692459,0.7158789038658142,0.027246173471212387
2024-05-19 23:37:47,오늘도 ㅈ핀믿은 내가 죄다,1포라도 따는날 언제 다시오노..,After Lap,,오늘도 ㅈ핀믿은 내가 죄다 1포라도 따는날 언제 다시오노..,오늘도 ㅈ핀믿은 내가 죄다 1포라도 따는날 언제 다시오노..,0.18200388550758362,0.23523244261741638,0.24662819504737854,0.12156379967927933,0.13818047940731049,0.0763913094997406
2024-05-19 23:37:49,모나코 조은데,나름 재밌음,After Lap,,모나코 조은데 나름 재밌음,모나코 조은데 나름 재밌음,0.05640343949198723,0.040328651666641235,0.12345946580171585,0.06245014816522598,0.6910563707351685,0.02630196139216423
2024-05-19 23:37:55,오늘자 숨은 에이스,"알본<-너트체결 덜된타이어로 1렙버팀 ㄹㅇ
Oracle Red Bull Racing RB20",After Lap,,"오늘자 숨은 에이스 알본<-너트체결 덜된타이어로 1렙버팀 ㄹㅇ
Oracle Red Bull Racing RB20",오늘자 숨은 에이스 알본<-너트체결 덜된타이어로 1렙버팀 ㄹㅇ Oracle Red Bull Racing RB20,0.11928930133581161,0.07335389405488968,0.2587484121322632,0.25595030188560486,0.21973569691181183,0.07292246073484421
2024-05-19 23:37:57,근데 노리스 혈 뚫리고 나선 드라이빙이 망설임이 없어진듯,압박할때 그냥 쭉쭉 나가던데,After Lap,,근데 노리스 혈 뚫리고 나선 드라이빙이 망설임이 없어진듯 압박할때 그냥 쭉쭉 나가던데,근데 노리스 혈 뚫리고 나선 드라이빙이 망설임이 없어진듯 압박할때 그냥 쭉쭉 나가던데,0.0961165800690651,0.04517741501331329,0.2298898994922638,0.2940441966056824,0.2290090173482895,0.10576292127370834
2024-05-19 23:37:57,1랩 더 있었으면 진짜 땄을 듯,배터리 잔여량이 ㄹㅇ,After Lap,,1랩 더 있었으면 진짜 땄을 듯 배터리 잔여량이 ㄹㅇ,1랩 더 있었으면 진짜 땄을 듯 배터리 잔여량이 ㄹㅇ,0.1256258636713028,0.09586503356695175,0.3255903422832489,0.2531973123550415,0.09800317138433456,0.10171828418970108
2024-05-19 23:38:04,다음 레이스 모나코이긴 한데,그냥 2주 연속으로 해서 기분좋노ㅋㅋ,After Lap,,다음 레이스 모나코이긴 한데 그냥 2주 연속으로 해서 기분좋노ㅋㅋ,다음 레이스 모나코이긴 한데 그냥 2주 연속으로 해서 기분좋노ㅋㅋ,0.0572899654507637,0.047561485320329666,0.11523278802633286,0.05649072304368019,0.6974018216133118,0.02602325566112995
2024-05-19 23:38:06,대련님 아무도 모르게 포인트,,After Lap,,대련님 아무도 모르게 포인트 ,대련님 아무도 모르게 포인트,0.045617468655109406,0.0315692313015461,0.12306032329797745,0.07209835201501846,0.6972656846046448,0.030388938263058662
2024-05-19 23:38:06,노리스가 인터뷰하는데 막스를 왜 보여주는데,아오,After Lap,,노리스가 인터뷰하는데 막스를 왜 보여주는데 아오,노리스가 인터뷰하는데 막스를 왜 보여주는데 아오,0.2558847665786743,0.1572723388671875,0.27640077471733093,0.12766298651695251,0.13385137915611267,0.048927754163742065
2024-05-19 23:38:06,오레 오레오레오레,"축구장임?
Oracle Red Bull Racing RB20",After Lap,,"오레 오레오레오레 축구장임?
Oracle Red Bull Racing RB20",오레 오레오레오레 축구장임? Oracle Red Bull Racing RB20,0.10321927070617676,0.051937445998191833,0.2165999412536621,0.3108954131603241,0.24818794429302216,0.06916002184152603
2024-05-19 23:38:12,올레올레올레올레올레올레,,After Lap,,올레올레올레올레올레올레 ,올레올레올레올레올레올레,0.12196579575538635,0.07211679220199585,0.21546486020088196,0.17242901027202606,0.38495782017707825,0.03306570649147034
2024-05-19 23:38:16,내가 말했자나 막스는 차빨이 아니라까,"지금까지 막스가 압도적으로 독주한게
레드불 차가 빨라서가 아니라
막스의 드라이빙이 독보적으로 뛰어나서 그런거라고
역대 챔피언들 중에 차빨이 아닌 순수 실력으로
챔 먹은 유일한 인간이 막스임",After Lap,,"내가 말했자나 막스는 차빨이 아니라까 지금까지 막스가 압도적으로 독주한게
레드불 차가 빨라서가 아니라
막스의 드라이빙이 독보적으로 뛰어나서 그런거라고
역대 챔피언들 중에 차빨이 아닌 순수 실력으로
챔 먹은 유일한 인간이 막스임",내가 말했자나 막스는 차빨이 아니라까 지금까지 막스가 압도적으로 독주한게 레드불 차가 빨라서가 아니라 막스의 드라이빙이 독보적으로 뛰어나서 그런거라고 역대 챔피언들 중에 차빨이 아닌 순수 실력으로 챔 먹은 유일한 인간이 막스임,0.1152769923210144,0.09831656515598297,0.19912655651569366,0.2672775685787201,0.19838012754917145,0.121622234582901
2024-05-19 23:38:27,티포시들 노래 부르노,ㅋㅋㅋㅋㅋㅋㅋ,After Lap,,티포시들 노래 부르노 ㅋㅋㅋㅋㅋㅋㅋ,티포시들 노래 부르노 ㅋㅋㅋㅋㅋㅋㅋ,0.06427157670259476,0.03731590881943703,0.1381872296333313,0.09847302734851837,0.6296252608299255,0.032127056270837784
2024-05-19 23:38:27,난 모나코가 젤잼나든데,F1겜도 모나코가재밌음,After Lap,,난 모나코가 젤잼나든데 F1겜도 모나코가재밌음,난 모나코가 젤잼나든데 F1겜도 모나코가재밌음,0.06779788434505463,0.04015974700450897,0.1447519063949585,0.07371631264686584,0.6452351212501526,0.028339048847556114
2024-05-19 23:38:28,근데 쿠팡 중계 진짜,"왜 이렇게 노잼인지
무슨 교수님같이 혼자 중얼거리는데 개노잼이네",After Lap,,"근데 쿠팡 중계 진짜 왜 이렇게 노잼인지
무슨 교수님같이 혼자 중얼거리는데 개노잼이네",근데 쿠팡 중계 진짜 왜 이렇게 노잼인지 무슨 교수님같이 혼자 중얼거리는데 개노잼이네,0.1813667118549347,0.16569741070270538,0.31837546825408936,0.17305047810077667,0.09707936644554138,0.06443052738904953
2024-05-19 23:38:33,페라리,"홈 그랑프리에서 거짓말 같이 존재감 상실
- dc official App",After Lap,,"페라리 홈 그랑프리에서 거짓말 같이 존재감 상실
- dc official App",페라리 홈 그랑프리에서 거짓말 같이 존재감 상실,0.12282411754131317,0.13193394243717194,0.33003756403923035,0.21946921944618225,0.11505869030952454,0.08067647367715836
2024-05-19 23:38:40,"젠지,노리스 < 오늘 혈 뚫린거 증명한 두 새끼들",,After Lap,,"젠지,노리스 < 오늘 혈 뚫린거 증명한 두 새끼들 ","젠지,노리스 < 오늘 혈 뚫린거 증명한 두 새끼들",0.30527499318122864,0.15205563604831696,0.17553937435150146,0.16489163041114807,0.14861637353897095,0.05362192541360855
2024-05-19 23:38:54,오레 오레오레오레 다음에 뭐라는거냐ㅋㅋ,안들리노,After Lap,,오레 오레오레오레 다음에 뭐라는거냐ㅋㅋ 안들리노,오레 오레오레오레 다음에 뭐라는거냐ㅋㅋ 안들리노,0.16128842532634735,0.11269764602184296,0.36304014921188354,0.17549251019954681,0.13313965499401093,0.05434165149927139
2024-05-19 23:38:55,마이크 나갔네 ㅋㅋㅋㅋ,,After Lap,,마이크 나갔네 ㅋㅋㅋㅋ ,마이크 나갔네 ㅋㅋㅋㅋ,0.13018949329853058,0.085939921438694,0.36770790815353394,0.16404132544994354,0.1756855547428131,0.07643580436706543
2024-05-19 23:39:02,마이크 ㅋㅋ,,After Lap,,마이크 ㅋㅋ ,마이크 ㅋㅋ,0.06230112537741661,0.03177276998758316,0.12869960069656372,0.09528324753046036,0.6559656262397766,0.025977544486522675
2024-05-19 23:39:04,갑자기 생각난김에,"노리스의 패배에 슬퍼할 겨를도 없이 전장에 난입한 것은
- dc official App",After Lap,,"갑자기 생각난김에 노리스의 패배에 슬퍼할 겨를도 없이 전장에 난입한 것은
- dc official App",갑자기 생각난김에 노리스의 패배에 슬퍼할 겨를도 없이 전장에 난입한 것은,0.10937099158763885,0.10079292953014374,0.279336541891098,0.2737104296684265,0.13893765211105347,0.09785141050815582
2024-05-19 23:39:09,모나코 날씨예보,하루만 늦게 비오면 안되나?,After Lap,,모나코 날씨예보 하루만 늦게 비오면 안되나?,모나코 날씨예보 하루만 늦게 비오면 안되나?,0.12859871983528137,0.18559503555297852,0.2974525988101959,0.22265084087848663,0.10137605667114258,0.06432676315307617
2024-05-19 23:39:09,르끌 조용히 3위했노 ㅋㅋㅋ,,After Lap,,르끌 조용히 3위했노 ㅋㅋㅋ ,르끌 조용히 3위했노 ㅋㅋㅋ,0.11280125379562378,0.06093180179595947,0.3294275104999542,0.20461353659629822,0.21018561720848083,0.08204024285078049
2024-05-19 23:39:14,시발 레드불이 새 윙 안 가져왔으면 ㅋㅋㅋㅋ,아 진짜 ㅋㅋㅋㅋㅋ,After Lap,,시발 레드불이 새 윙 안 가져왔으면 ㅋㅋㅋㅋ 아 진짜 ㅋㅋㅋㅋㅋ,시발 레드불이 새 윙 안 가져왔으면 ㅋㅋㅋㅋ 아 진짜 ㅋㅋㅋㅋㅋ,0.25752198696136475,0.1622508019208908,0.27726149559020996,0.09316164255142212,0.16146014630794525,0.04834398999810219
2024-05-19 23:39:20,레드불 모나코 셋업 좆망기원 ㅋㅋ,퀄리에서 몽골 P3 체코 P11 기원 ㅋㅋ,After Lap,,레드불 모나코 셋업 좆망기원 ㅋㅋ 퀄리에서 몽골 P3 체코 P11 기원 ㅋㅋ,레드불 모나코 셋업 좆망기원 ㅋㅋ 퀄리에서 몽골 P3 체코 P11 기원 ㅋㅋ,0.1068628653883934,0.0578569732606411,0.1494482308626175,0.12015906721353531,0.5220319032669067,0.04364100843667984
2024-05-19 23:39:25,맥라렌 얘들 자기객관화 개좆됨,"23년: 매주 포디움 노릴수 있는차를 만들것
24년: 매주 우승을 노릴수 있는차를 만들것
25년: 챔경쟁 가능한차를 만들것
Mclaren F1 team 2007~",After Lap,,"맥라렌 얘들 자기객관화 개좆됨 23년: 매주 포디움 노릴수 있는차를 만들것
24년: 매주 우승을 노릴수 있는차를 만들것
25년: 챔경쟁 가능한차를 만들것
Mclaren F1 team 2007~",맥라렌 얘들 자기객관화 개좆됨 23년: 매주 포디움 노릴수 있는차를 만들것 24년: 매주 우승을 노릴수 있는차를 만들것 25년: 챔경쟁 가능한차를 만들것 Mclaren F1 team 2007~,0.14204157888889313,0.09943088889122009,0.23690582811832428,0.31076255440711975,0.12206320464611053,0.08879592269659042
2024-05-19 23:39:30,헐크 아니었으면 진짜 노리스 폴투윈이었겠다,맥라렌애들 엄청 따라붙었네,After Lap,,헐크 아니었으면 진짜 노리스 폴투윈이었겠다 맥라렌애들 엄청 따라붙었네,헐크 아니었으면 진짜 노리스 폴투윈이었겠다 맥라렌애들 엄청 따라붙었네,0.11351360380649567,0.05509279668331146,0.208921879529953,0.33438023924827576,0.15961958467960358,0.12847188115119934
2024-05-19 23:39:54,오늘 은근 잘한 새끼들.jpg,"p9
p10",After Lap,,"오늘 은근 잘한 새끼들.jpg p9
p10",오늘 은근 잘한 새끼들.jpg p9 p10,0.05708885192871094,0.04303782433271408,0.10650996118783951,0.05430587753653526,0.7128981351852417,0.02615937404334545
2024-05-19 23:39:57,르끌 목소리만 들으면 ㅈㄴ 스폰지.밥 같음,패티 잘 뒤집을 거 같노,After Lap,,르끌 목소리만 들으면 ㅈㄴ 스폰지.밥 같음 패티 잘 뒤집을 거 같노,르끌 목소리만 들으면 ㅈㄴ 스폰지.밥 같음 패티 잘 뒤집을 거 같노,0.1390160173177719,0.06400373578071594,0.23397581279277802,0.30447250604629517,0.1134006455540657,0.14513128995895386
2024-05-19 23:40:02,근데 ㄹㅇ 뉴이 레드불에서 나오면 레드불 허벌창될 것 같은데?,지금도 이정도인데 ㄷㄷ,After Lap,,근데 ㄹㅇ 뉴이 레드불에서 나오면 레드불 허벌창될 것 같은데? 지금도 이정도인데 ㄷㄷ,근데 ㄹㅇ 뉴이 레드불에서 나오면 레드불 허벌창될 것 같은데? 지금도 이정도인데 ㄷㄷ,0.12896740436553955,0.060612402856349945,0.19518373906612396,0.351661741733551,0.1358526051044464,0.12772205471992493
2024-05-19 23:40:04,몽골<- 노리스 선에서 컷,ㅇ,After Lap,,몽골<- 노리스 선에서 컷 ㅇ,몽골<- 노리스 선에서 컷 ㅇ,0.11405792087316513,0.06679578870534897,0.2234470099210739,0.1618557572364807,0.39409139752388,0.03975217789411545
2024-05-19 23:40:10,페라리가 또다시 우승하는 날이 올까요..?,"이제,,,사이좋게 콩팥 하나씩 떼러 가자 쉬불,,,
- dc official App",After Lap,,"페라리가 또다시 우승하는 날이 올까요..? 이제,,,사이좋게 콩팥 하나씩 떼러 가자 쉬불,,,
- dc official App","페라리가 또다시 우승하는 날이 올까요..? 이제,,,사이좋게 콩팥 하나씩 떼러 가자 쉬불,,,",0.2527146339416504,0.2041287124156952,0.21127437055110931,0.13144445419311523,0.12131071090698242,0.07912711054086685
2024-05-19 23:40:10,모나코 <- 퀄리만 보고 레이스 안봐도 됨.. ㅇㅇ..,,After Lap,,모나코 <- 퀄리만 보고 레이스 안봐도 됨.. ㅇㅇ.. ,모나코 <- 퀄리만 보고 레이스 안봐도 됨.. ㅇㅇ..,0.12389158457517624,0.0898437649011612,0.25363829731941223,0.17271825671195984,0.3062673509120941,0.05364076420664787
2024-05-19 23:40:14,Welcome back 6 hours of Imola,,After Lap,,Welcome back 6 hours of Imola ,Welcome back 6 hours of Imola,0.05513874813914299,0.03802763298153877,0.1187572106719017,0.06764939427375793,0.69550621509552,0.02492085099220276
2024-05-19 23:40:15,이탈리아어 하는거 섹시하노ㅋㅋ,,After Lap,,이탈리아어 하는거 섹시하노ㅋㅋ ,이탈리아어 하는거 섹시하노ㅋㅋ,0.07399136573076248,0.04013868421316147,0.17373810708522797,0.14773909747600555,0.5128149390220642,0.05157782509922981
2024-05-19 23:40:19,도박을 하면 안되는 이유,"이번에도 결과적으로 도박해서 해밀턴 뒤에서 끝남
- dc official App",After Lap,,"도박을 하면 안되는 이유 이번에도 결과적으로 도박해서 해밀턴 뒤에서 끝남
- dc official App",도박을 하면 안되는 이유 이번에도 결과적으로 도박해서 해밀턴 뒤에서 끝남,0.1303044706583023,0.1887354850769043,0.2940242290496826,0.21494032442569733,0.07578011602163315,0.09621533006429672
2024-05-19 23:40:21,르끌 노리스 추격할때 미끌안했으면 땃냐?,"아오 이 퓡쉰아 아우
- dc official App",After Lap,,"르끌 노리스 추격할때 미끌안했으면 땃냐? 아오 이 퓡쉰아 아우
- dc official App",르끌 노리스 추격할때 미끌안했으면 땃냐? 아오 이 퓡쉰아 아우,0.325656920671463,0.17040115594863892,0.21676014363765717,0.11559603363275528,0.12763245403766632,0.043953362852334976
2024-05-19 23:40:21,근데 분명 르끌이 노리스 따니마니 했었던거 같은데,바로 갭 벌려버리고 막스 추격함 ㅋㅋ,After Lap,,근데 분명 르끌이 노리스 따니마니 했었던거 같은데 바로 갭 벌려버리고 막스 추격함 ㅋㅋ,근데 분명 르끌이 노리스 따니마니 했었던거 같은데 바로 갭 벌려버리고 막스 추격함 ㅋㅋ,0.08957089483737946,0.0331558994948864,0.20538584887981415,0.27560028433799744,0.31149598956108093,0.0847911611199379
2024-05-19 23:40:23,영어로 해라,,After Lap,,영어로 해라 ,영어로 해라,0.1683892160654068,0.0960853174328804,0.275698184967041,0.21519672870635986,0.18519774079322815,0.05943279713392258
2024-05-19 23:40:26,르끌 뭐라하노,"+ dc official App
못알아 듣겠다
- dc official App",After Lap,,"르끌 뭐라하노 + dc official App
못알아 듣겠다
- dc official App",르끌 뭐라하노 + dc official App 못알아 듣겠다,0.16189832985401154,0.16820015013217926,0.3514257073402405,0.15840758383274078,0.11325735598802567,0.0468108244240284
2024-05-19 23:40:29,이탈리아어도 잘하노 ㅋㅋㅋㅋ,ㅋㅋㅋㅋ,After Lap,,이탈리아어도 잘하노 ㅋㅋㅋㅋ ㅋㅋㅋㅋ,이탈리아어도 잘하노 ㅋㅋㅋㅋ ㅋㅋㅋㅋ,0.059561870992183685,0.030484924092888832,0.15765684843063354,0.1232542097568512,0.5877559185028076,0.04128619655966759
2024-05-19 23:40:38,르끌 티포시들의 라틴어 말하는 중 ㅋㅋㅋ,"ㅋㅋ
- dc official App",After Lap,,"르끌 티포시들의 라틴어 말하는 중 ㅋㅋㅋ ㅋㅋ
- dc official App",르끌 티포시들의 라틴어 말하는 중 ㅋㅋㅋ ㅋㅋ,0.09211928397417068,0.03898245096206665,0.18365074694156647,0.1410416066646576,0.5035144090652466,0.04069148376584053
2024-05-19 23:40:42,갑자기 휠켄버그 개패고싶네,"아오 이새끼만 아니였어도
- dc official App",After Lap,,"갑자기 휠켄버그 개패고싶네 아오 이새끼만 아니였어도
- dc official App",갑자기 휠켄버그 개패고싶네 아오 이새끼만 아니였어도,0.3083430528640747,0.185530424118042,0.14979399740695953,0.11457261443138123,0.1989378184080124,0.04282205551862717
2024-05-19 23:40:43,막스는 헐크 밥 한끼라도 사줘라,- dc official App,After Lap,,막스는 헐크 밥 한끼라도 사줘라 - dc official App,막스는 헐크 밥 한끼라도 사줘라 - dc official App,0.10297888517379761,0.09427306056022644,0.24857953190803528,0.20323172211647034,0.2629980742931366,0.08793877065181732
2024-05-19 23:40:44,좋은 얘기였습니다~,ㅋㅋㅋㅋㅋㅋㅋㅋㅋㅋㅋㅋ,After Lap,,좋은 얘기였습니다~ ㅋㅋㅋㅋㅋㅋㅋㅋㅋㅋㅋㅋ,좋은 얘기였습니다~ ㅋㅋㅋㅋㅋㅋㅋㅋㅋㅋㅋㅋ,0.058790046721696854,0.04858371615409851,0.13635042309761047,0.05825774744153023,0.6734018325805664,0.024616234004497528
2024-05-19 23:40:45,모나코 기우제 시작한다.,제발,After Lap,,모나코 기우제 시작한다. 제발,모나코 기우제 시작한다. 제발,0.13594546914100647,0.12549982964992523,0.24340292811393738,0.15349465608596802,0.26370489597320557,0.07795213162899017
2024-05-19 23:40:50,다음주 지옥에서 봅시다,,After Lap,,다음주 지옥에서 봅시다 ,다음주 지옥에서 봅시다,0.10384927690029144,0.07161548733711243,0.17840676009655,0.09462755173444748,0.505820631980896,0.04568030685186386
2024-05-19 23:40:49,같은 팀에 어케 신과 병신이 같이 있냐,,After Lap,,같은 팀에 어케 신과 병신이 같이 있냐 ,같은 팀에 어케 신과 병신이 같이 있냐,0.1266263872385025,0.054096102714538574,0.21410280466079712,0.32673147320747375,0.1404912918806076,0.13795191049575806
2024-05-19 23:40:57,누리스 1.5초쯤에서 잠깐 삐끗한게 너무 아쉽다,막스 미친새끼,After Lap,,누리스 1.5초쯤에서 잠깐 삐끗한게 너무 아쉽다 막스 미친새끼,누리스 1.5초쯤에서 잠깐 삐끗한게 너무 아쉽다 막스 미친새끼,0.17611637711524963,0.19437724351882935,0.2847708463668823,0.16646891832351685,0.12781791388988495,0.05044867843389511
2024-05-19 23:40:55,이 씨발새끼 평생 무포디움일 것 같으면 개추 ㅋㅋ,씹새가 F1 팬의 주적이랑 동맹을 맺고 지랄이야 아오,After Lap,,이 씨발새끼 평생 무포디움일 것 같으면 개추 ㅋㅋ 씹새가 F1 팬의 주적이랑 동맹을 맺고 지랄이야 아오,이 씨발새끼 평생 무포디움일 것 같으면 개추 ㅋㅋ 씹새가 F1 팬의 주적이랑 동맹을 맺고 지랄이야 아오,0.3445805609226227,0.1633680760860443,0.17385664582252502,0.1431475132703781,0.11952156573534012,0.05552564561367035
2024-05-19 23:41:04,페라리는 웃고있다..,"이사진 보면 뭐가 느껴지냐?
빠르다고 하는 레드불, 맥라렌이라고 해봐야
모나코의 페라리에게는 고작 개일 뿐이다.
차 성능이 딸리더라도
홈 버프 받은 르끌만 있다면
우월한 차이로 따돌릴 수 있는 아예 종자가 다른 놈이다.",After Lap,,"페라리는 웃고있다.. 이사진 보면 뭐가 느껴지냐?
빠르다고 하는 레드불, 맥라렌이라고 해봐야
모나코의 페라리에게는 고작 개일 뿐이다.
차 성능이 딸리더라도
홈 버프 받은 르끌만 있다면
우월한 차이로 따돌릴 수 있는 아예 종자가 다른 놈이다.","페라리는 웃고있다.. 이사진 보면 뭐가 느껴지냐? 빠르다고 하는 레드불, 맥라렌이라고 해봐야 모나코의 페라리에게는 고작 개일 뿐이다. 차 성능이 딸리더라도 홈 버프 받은 르끌만 있다면 우월한 차이로 따돌릴 수 있는 아예 종자가 다른 놈이다.",0.13654085993766785,0.12335476279258728,0.21114875376224518,0.23704740405082703,0.1421274095773697,0.14978083968162537
2024-05-19 23:41:04,르끌 와 진짜 잘생김,ㅇㅇ,After Lap,,르끌 와 진짜 잘생김 ㅇㅇ,르끌 와 진짜 잘생김 ㅇㅇ,0.07176177948713303,0.03972311317920685,0.1890472024679184,0.14726677536964417,0.49292346835136414,0.05927767604589462
2024-05-19 23:41:04,오늘 최고의 병신,"어찌나 병신인지 아무도 안 깜
씨발
병신
좆같은
새끼들아
해체해",After Lap,,"오늘 최고의 병신 어찌나 병신인지 아무도 안 깜
씨발
병신
좆같은
새끼들아
해체해",오늘 최고의 병신 어찌나 병신인지 아무도 안 깜 씨발 병신 좆같은 새끼들아 해체해,0.3229173719882965,0.17620205879211426,0.18886680901050568,0.11768154799938202,0.14989902079105377,0.04443331062793732
2024-05-19 23:41:06,근데 나이도그렇고 몽르노가 현 f1중심 맞다,"97동갑 몽르
99 노",After Lap,,"근데 나이도그렇고 몽르노가 현 f1중심 맞다 97동갑 몽르
99 노",근데 나이도그렇고 몽르노가 현 f1중심 맞다 97동갑 몽르 99 노,0.09881628304719925,0.07188642770051956,0.28446444869041443,0.2958439588546753,0.17434988915920258,0.07463901489973068
2024-05-19 23:41:09,ㄹㅇ 좋은 얘기 맞네,(뭔지모름),After Lap,,ㄹㅇ 좋은 얘기 맞네 (뭔지모름),ㄹㅇ 좋은 얘기 맞네 (뭔지모름),0.07885979115962982,0.05626797676086426,0.27571165561676025,0.24691607058048248,0.251021146774292,0.09122335910797119
2024-05-19 23:41:11,제발 트랙리밋,"제발
- dc official App",After Lap,,"제발 트랙리밋 제발
- dc official App",제발 트랙리밋 제발,0.14793433248996735,0.1968463659286499,0.2537849545478821,0.1455901563167572,0.1868581473827362,0.06898607313632965
2024-05-19 23:41:17,막스 페널티 <<<< 원하면 개추 ㅋㅋㅋ,씨발 어디서 안 나갔는지 꼼꼼하게 확인해보라고,After Lap,,막스 페널티 <<<< 원하면 개추 ㅋㅋㅋ 씨발 어디서 안 나갔는지 꼼꼼하게 확인해보라고,막스 페널티 <<<< 원하면 개추 ㅋㅋㅋ 씨발 어디서 안 나갔는지 꼼꼼하게 확인해보라고,0.28833648562431335,0.1258063018321991,0.18888089060783386,0.15352971851825714,0.19540691375732422,0.048039719462394714
2024-05-19 23:41:24,오늘 러셀 잘했다,ㅇㅈ?,After Lap,,오늘 러셀 잘했다 ㅇㅈ?,오늘 러셀 잘했다 ㅇㅈ?,0.0533505380153656,0.04533252865076065,0.11783158779144287,0.05934429541230202,0.6956677436828613,0.028473271057009697
2024-05-19 23:41:27,체카도 같이 손잡고 나가면 되겠네 ㅜㅜㅜㅜㅜ,가엾어라 ㅠㅠㅠㅠㅠ,After Lap,,체카도 같이 손잡고 나가면 되겠네 ㅜㅜㅜㅜㅜ 가엾어라 ㅠㅠㅠㅠㅠ,체카도 같이 손잡고 나가면 되겠네 ㅜㅜㅜㅜㅜ 가엾어라 ㅠㅠㅠㅠㅠ,0.12819989025592804,0.14068539440631866,0.22341600060462952,0.22083711624145508,0.20221447944641113,0.08464701473712921
2024-05-19 23:41:31,유키 포인트 ㅊㅋ,,After Lap,,유키 포인트 ㅊㅋ ,유키 포인트 ㅊㅋ,0.053176432847976685,0.03702171519398689,0.11553209275007248,0.06876490265130997,0.6972531676292419,0.02825167030096054
2024-05-19 23:41:32,"와 스트롤이 포인트를, 헐크는 노포네","아쉽노
- dc official App",After Lap,,"와 스트롤이 포인트를, 헐크는 노포네 아쉽노
- dc official App","와 스트롤이 포인트를, 헐크는 노포네 아쉽노",0.13426615297794342,0.16918399930000305,0.33992335200309753,0.1777389496564865,0.1265113353729248,0.052376288920640945
2024-05-19 23:41:36,레밑메밑레,,After Lap,,레밑메밑레 ,레밑메밑레,0.10235448181629181,0.05953285098075867,0.19248466193675995,0.15997911989688873,0.45352616906166077,0.03212273493409157
2024-05-19 23:41:36,페레즈랑 유키랑 별 차이 안 나는데,"병신 대신 유키 콜업해도 되지 않나?
- dc official App",After Lap,,"페레즈랑 유키랑 별 차이 안 나는데 병신 대신 유키 콜업해도 되지 않나?
- dc official App",페레즈랑 유키랑 별 차이 안 나는데 병신 대신 유키 콜업해도 되지 않나?,0.14056247472763062,0.12301775068044662,0.24280154705047607,0.30210748314857483,0.11694921553134918,0.07456152141094208
2024-05-19 23:41:40,막스 우승 직관한건 처음인데,시발 뭔 15초 차이난다느니 개새끼들아 존나 쫄렸잖아ㅋㅋㅋㅋㅋㅋㅋㅋㅋㅋㅋㅋ,After Lap,,막스 우승 직관한건 처음인데 시발 뭔 15초 차이난다느니 개새끼들아 존나 쫄렸잖아ㅋㅋㅋㅋㅋㅋㅋㅋㅋㅋㅋㅋ,막스 우승 직관한건 처음인데 시발 뭔 15초 차이난다느니 개새끼들아 존나 쫄렸잖아ㅋㅋㅋㅋㅋㅋㅋㅋㅋㅋㅋㅋ,0.22005431354045868,0.10521291941404343,0.2505181133747101,0.19574470818042755,0.12306580692529678,0.10540415346622467
2024-05-19 23:41:41,비 많이 올 때 드라이버들 시야확보는 어케함?,"비 많이 오면 앞차에서도 스프레이 겁나 뿌리기도 하고 고글?같은거에 물 다 묻을건데 고글에 뭐 특별한 기능이라도 있음?
- dc official App",After Lap,,"비 많이 올 때 드라이버들 시야확보는 어케함? 비 많이 오면 앞차에서도 스프레이 겁나 뿌리기도 하고 고글?같은거에 물 다 묻을건데 고글에 뭐 특별한 기능이라도 있음?
- dc official App",비 많이 올 때 드라이버들 시야확보는 어케함? 비 많이 오면 앞차에서도 스프레이 겁나 뿌리기도 하고 고글?같은거에 물 다 묻을건데 고글에 뭐 특별한 기능이라도 있음?,0.12581266462802887,0.0996372327208519,0.23209062218666077,0.331280916929245,0.1101488247513771,0.10102974623441696
2024-05-19 23:41:45,소닉 ㅋㅋ,,After Lap,,소닉 ㅋㅋ ,소닉 ㅋㅋ,0.056619033217430115,0.032279565930366516,0.1292688548564911,0.08798762410879135,0.6652676463127136,0.02857726439833641
2024-05-19 23:41:50,소닉 광고주 함박웃음ㅋㅋㅋ,,After Lap,,소닉 광고주 함박웃음ㅋㅋㅋ ,소닉 광고주 함박웃음ㅋㅋㅋ,0.05785822868347168,0.0383228175342083,0.12105272710323334,0.07399024814367294,0.6805567145347595,0.028219254687428474
2024-05-19 23:41:54,고닉 ㅋㅋㅋ,ㅋㅋ,After Lap,,고닉 ㅋㅋㅋ ㅋㅋ,고닉 ㅋㅋㅋ ㅋㅋ,0.05954909697175026,0.030697369948029518,0.12500520050525665,0.08976657688617706,0.669671893119812,0.025309836491942406
2024-05-19 23:41:55,배틀이고 뭐고 레이스 전에 베텔 드라이빙으로 만족한 텔맘 개추 ㅋㅋ,"라고 하면 또 이제 핀텔이가 찾아오겠지?
반갑다 핀텔아",After Lap,,"배틀이고 뭐고 레이스 전에 베텔 드라이빙으로 만족한 텔맘 개추 ㅋㅋ 라고 하면 또 이제 핀텔이가 찾아오겠지?
반갑다 핀텔아",배틀이고 뭐고 레이스 전에 베텔 드라이빙으로 만족한 텔맘 개추 ㅋㅋ 라고 하면 또 이제 핀텔이가 찾아오겠지? 반갑다 핀텔아,0.054481979459524155,0.04157034307718277,0.1162814199924469,0.05974937230348587,0.7014753222465515,0.026441557332873344
2024-05-19 23:41:58,근데 확실히 레드불이 약해지긴했다,- dc official App,After Lap,,근데 확실히 레드불이 약해지긴했다 - dc official App,근데 확실히 레드불이 약해지긴했다 - dc official App,0.09463284909725189,0.08959449827671051,0.2672102153301239,0.2613019347190857,0.22563281655311584,0.06162770092487335
2024-05-19 23:41:58,후반분량 달달하게 뽑겠다 ㅋㅋㅋㅋㅋ,개재밌네진짜,After Lap,,후반분량 달달하게 뽑겠다 ㅋㅋㅋㅋㅋ 개재밌네진짜,후반분량 달달하게 뽑겠다 ㅋㅋㅋㅋㅋ 개재밌네진짜,0.0578751377761364,0.03532519191503525,0.11991235613822937,0.0647946372628212,0.697873055934906,0.024219561368227005
2024-05-19 23:41:59,스트롤 9위 알론수 19위는 충격적이네 ㅋㅋㅋㅋㅋ,진짜 오늘은 대련님이였다...,After Lap,,스트롤 9위 알론수 19위는 충격적이네 ㅋㅋㅋㅋㅋ 진짜 오늘은 대련님이였다...,스트롤 9위 알론수 19위는 충격적이네 ㅋㅋㅋㅋㅋ 진짜 오늘은 대련님이였다...,0.07225305587053299,0.04519147053360939,0.2049645483493805,0.14203417301177979,0.4813918471336365,0.05416484549641609
2024-05-19 23:42:18,몽골 쿨다운룸 요즘 좀 재밌음ㅋㅋㅋㅋ,"ㅋㅋㅋ
- dc official App",After Lap,,"몽골 쿨다운룸 요즘 좀 재밌음ㅋㅋㅋㅋ ㅋㅋㅋ
- dc official App",몽골 쿨다운룸 요즘 좀 재밌음ㅋㅋㅋㅋ ㅋㅋㅋ,0.06118045002222061,0.036743197590112686,0.11427605897188187,0.06509514898061752,0.6998335123062134,0.022871682420372963
2024-05-19 23:42:20,조금 오해하는 친구들이 있어서 그러는데 르클레르 잘못은 아니야.,"르클레르보다 노리스가 훨씬 타이어 아끼면서 달리있었던 사살을 망각하지 않았으면 좋겠음.
오늘 페이스 자체도 맥>페라리였는데 하필이면 페라리가 뭐 셒카를 바란 건지 뭔지는 몰라도 미디움을 너무 오래쓰는바람에 손해를 봤고 이건 하드페이스를 좀더 빠르게 쓴다고 해서 될 것도 아니었어.
이몰라자체가 drs하나뿐이라 르끌이 노리스랑 갭 1초 이내로 들어갔어도 추월이 굉장히 어려워보였음.
중간에 1초 아래로 가더라도 바로 턴 1,2 3,4에서 더티에어 때문에 바로 갭이 1초 이상으로 늘어나는 모습을 보여주기도 했다.
맥라렌 라디오에서 나온 것처럼 르끌이 하드 페이스를 노리스와 갭 5초가량을 쓰는데 빠르게 썼기 때문에 맥라렌도 그 사실을 알고 전략적으로 행동 했다고 봤다면 좋겠다.
요약
1. drs 받아도 하드 디그레데이션때문에 추월 매우 어려웠음
2. 맥라렌 팀 라디오가 하는 말이 구구절절 다 옳았다.
3. 그래서 페라리 이 ㅂㅅ들은 왜 대체 하드 늦게 들고 들어감?",After Lap,,"조금 오해하는 친구들이 있어서 그러는데 르클레르 잘못은 아니야. 르클레르보다 노리스가 훨씬 타이어 아끼면서 달리있었던 사살을 망각하지 않았으면 좋겠음.
오늘 페이스 자체도 맥>페라리였는데 하필이면 페라리가 뭐 셒카를 바란 건지 뭔지는 몰라도 미디움을 너무 오래쓰는바람에 손해를 봤고 이건 하드페이스를 좀더 빠르게 쓴다고 해서 될 것도 아니었어.
이몰라자체가 drs하나뿐이라 르끌이 노리스랑 갭 1초 이내로 들어갔어도 추월이 굉장히 어려워보였음.
중간에 1초 아래로 가더라도 바로 턴 1,2 3,4에서 더티에어 때문에 바로 갭이 1초 이상으로 늘어나는 모습을 보여주기도 했다.
맥라렌 라디오에서 나온 것처럼 르끌이 하드 페이스를 노리스와 갭 5초가량을 쓰는데 빠르게 썼기 때문에 맥라렌도 그 사실을 알고 전략적으로 행동 했다고 봤다면 좋겠다.
요약
1. drs 받아도 하드 디그레데이션때문에 추월 매우 어려웠음
2. 맥라렌 팀 라디오가 하는 말이 구구절절 다 옳았다.
3. 그래서 페라리 이 ㅂㅅ들은 왜 대체 하드 늦게 들고 들어감?","조금 오해하는 친구들이 있어서 그러는데 르클레르 잘못은 아니야. 르클레르보다 노리스가 훨씬 타이어 아끼면서 달리있었던 사살을 망각하지 않았으면 좋겠음. 오늘 페이스 자체도 맥>페라리였는데 하필이면 페라리가 뭐 셒카를 바란 건지 뭔지는 몰라도 미디움을 너무 오래쓰는바람에 손해를 봤고 이건 하드페이스를 좀더 빠르게 쓴다고 해서 될 것도 아니었어. 이몰라자체가 drs하나뿐이라 르끌이 노리스랑 갭 1초 이내로 들어갔어도 추월이 굉장히 어려워보였음. 중간에 1초 아래로 가더라도 바로 턴 1,2 3,4에서 더티에어 때문에 바로 갭이 1초 이상으로 늘어나는 모습을 보여주기도 했다. 맥라렌 라디오에서 나온 것처럼 르끌이 하드 페이스를 노리스와 갭 5초가량을 쓰는데 빠르게 썼기 때문에 맥라렌도 그 사실을 알고 전략적으로 행동 했다고 봤다면 좋겠다. 요약 1. drs 받아도 하드 디그레데이션때문에 추월 매우 어려웠음 2. 맥라렌 팀 라디오가 하는 말이 구구절절 다 옳았다. 3. 그래서 페라리 이 ㅂㅅ들은 왜 대체 하드 늦게 들고 들어감?",0.12305843085050583,0.17127294838428497,0.3264954090118408,0.19888216257095337,0.0999017059803009,0.08038933575153351
2024-05-19 23:42:22,2525252,2525252,After Lap,,2525252 2525252,2525252 2525252,0.12100736051797867,0.07299619913101196,0.22270597517490387,0.16396184265613556,0.3830643892288208,0.03626422584056854
2024-05-19 23:42:24,막스 어케 칼같이 세번만 트랙 나가냐,갸열받네 진짜 ㅋㅋ,After Lap,,막스 어케 칼같이 세번만 트랙 나가냐 갸열받네 진짜 ㅋㅋ,막스 어케 칼같이 세번만 트랙 나가냐 갸열받네 진짜 ㅋㅋ,0.29914841055870056,0.1578907072544098,0.2135332077741623,0.10562022030353546,0.1739940494298935,0.0498134046792984
2024-05-19 23:42:28,병신 고로시 ㅋㅋㅋㅋ,ㅋㅋㅋㅋ,After Lap,,병신 고로시 ㅋㅋㅋㅋ ㅋㅋㅋㅋ,병신 고로시 ㅋㅋㅋㅋ ㅋㅋㅋㅋ,0.07714565098285675,0.034749455749988556,0.15158721804618835,0.10724605619907379,0.6002954840660095,0.028976183384656906
2024-05-19 23:42:30,어우우우우으6,"ㅋㅋ
Oracle Red Bull Racing RB20",After Lap,,"어우우우우으6 ㅋㅋ
Oracle Red Bull Racing RB20",어우우우우으6 ㅋㅋ Oracle Red Bull Racing RB20,0.08517415076494217,0.03573029115796089,0.14230866730213165,0.10076790302991867,0.6054935455322266,0.030525436624884605
2024-05-19 23:42:31,병신 공개처형ㅋㅋㅋ,,After Lap,,병신 공개처형ㅋㅋㅋ ,병신 공개처형ㅋㅋㅋ,0.1596524864435196,0.05327296629548073,0.19694167375564575,0.18993058800697327,0.33296018838882446,0.06724218279123306
2024-05-19 23:42:35,막스 노리스 둘다 대단한게,"그렇게 미친듯이 쫓아간 노리스도 대단하고
미친듯이 따라잡혔는데 마지막까지 꾸역꾸역 실수 안하고 버틴 막스도 대단하고",After Lap,,"막스 노리스 둘다 대단한게 그렇게 미친듯이 쫓아간 노리스도 대단하고
미친듯이 따라잡혔는데 마지막까지 꾸역꾸역 실수 안하고 버틴 막스도 대단하고",막스 노리스 둘다 대단한게 그렇게 미친듯이 쫓아간 노리스도 대단하고 미친듯이 따라잡혔는데 마지막까지 꾸역꾸역 실수 안하고 버틴 막스도 대단하고,0.09775225818157196,0.0690232589840889,0.20054686069488525,0.24385686218738556,0.29447081685066223,0.09434985369443893
2024-05-19 23:42:36,동네 주민 모임이노,,After Lap,,동네 주민 모임이노 ,동네 주민 모임이노,0.14563429355621338,0.055973928421735764,0.2636399269104004,0.2826511859893799,0.13452370464801788,0.11757691949605942
2024-05-19 23:42:41,병신행동 관람ㅋㅋㅋㅋ,,After Lap,,병신행동 관람ㅋㅋㅋㅋ ,병신행동 관람ㅋㅋㅋㅋ,0.06805124133825302,0.031444430351257324,0.12244419753551483,0.09260068833827972,0.6602374911308289,0.0252219270914793
2024-05-19 23:42:42,랠리 관람 ㅋㅋㅋㅋㅋㅋ,우우우~~~,After Lap,,랠리 관람 ㅋㅋㅋㅋㅋㅋ 우우우~~~,랠리 관람 ㅋㅋㅋㅋㅋㅋ 우우우~~~,0.0561428926885128,0.03419746831059456,0.11118753254413605,0.0644097775220871,0.7114881873130798,0.02257414720952511
2024-05-19 23:42:47,막스 오늘 악몽꾸고 내일 공황장애 올듯,"뒤에서 노리스가 계속 쫒아와 ㅋㅋㅋㅋㅋㅋㅋㅋㅋㅋㅋ
아일톤 세나 시절 슈마허가 뒤에서 좆나 쫒아오던거 생각나네",After Lap,,"막스 오늘 악몽꾸고 내일 공황장애 올듯 뒤에서 노리스가 계속 쫒아와 ㅋㅋㅋㅋㅋㅋㅋㅋㅋㅋㅋ
아일톤 세나 시절 슈마허가 뒤에서 좆나 쫒아오던거 생각나네",막스 오늘 악몽꾸고 내일 공황장애 올듯 뒤에서 노리스가 계속 쫒아와 ㅋㅋㅋㅋㅋㅋㅋㅋㅋㅋㅋ 아일톤 세나 시절 슈마허가 뒤에서 좆나 쫒아오던거 생각나네,0.13402093946933746,0.08763793855905533,0.2708146274089813,0.20638711750507355,0.18813690543174744,0.1130024641752243
2024-05-19 23:42:54,싱글벙글 포디움향우회ㅋㅋ,"ㅋㅋ
Oracle Red Bull Racing RB20",After Lap,,"싱글벙글 포디움향우회ㅋㅋ ㅋㅋ
Oracle Red Bull Racing RB20",싱글벙글 포디움향우회ㅋㅋ ㅋㅋ Oracle Red Bull Racing RB20,0.05928640812635422,0.03661404177546501,0.11092042922973633,0.06651533395051956,0.7041692137718201,0.02249455451965332
2024-05-19 23:42:54,막스 병신한텐 관심도 없노ㅋㅋㅋㅋㅋㅋㅋㅋ,,After Lap,,막스 병신한텐 관심도 없노ㅋㅋㅋㅋㅋㅋㅋㅋ ,막스 병신한텐 관심도 없노ㅋㅋㅋㅋㅋㅋㅋㅋ,0.19057133793830872,0.11127305775880814,0.30499720573425293,0.2025589942932129,0.09735593944787979,0.09324344992637634
2024-05-19 23:42:55,체코로시 ㅜㅜㅜㅜㅜㅜㅜ,,After Lap,,체코로시 ㅜㅜㅜㅜㅜㅜㅜ ,체코로시 ㅜㅜㅜㅜㅜㅜㅜ,0.16358348727226257,0.236265629529953,0.25994864106178284,0.13414262235164642,0.13596203923225403,0.07009755820035934
2024-05-19 23:43:05,고로시 할라고 모았네 ㅋㅋ,,After Lap,,고로시 할라고 모았네 ㅋㅋ ,고로시 할라고 모았네 ㅋㅋ,0.10381872951984406,0.04787936434149742,0.21974681317806244,0.16646313667297363,0.40687844157218933,0.055213551968336105
2024-05-19 23:43:09,르끌 또 물못마셨나봄  ㅋㅋㅋㅋㅋㅋㅋㅋㅋㅋㅋㅋㅋㄱ,르끌하마 입갤 ㅋㅋㅋㅋㅋㅋㄱ,After Lap,,르끌 또 물못마셨나봄  ㅋㅋㅋㅋㅋㅋㅋㅋㅋㅋㅋㅋㅋㄱ 르끌하마 입갤 ㅋㅋㅋㅋㅋㅋㄱ,르끌 또 물못마셨나봄 ㅋㅋㅋㅋㅋㅋㅋㅋㅋㅋㅋㅋㅋㄱ 르끌하마 입갤 ㅋㅋㅋㅋㅋㅋㄱ,0.0905056968331337,0.05684025213122368,0.22945594787597656,0.1083197146654129,0.46139243245124817,0.0534859225153923
2024-05-19 23:43:12,Official) 막스 패널티 X,베르스타펜 트랙 리밋 이슈는 3회로 공문 나옴,After Lap,,Official) 막스 패널티 X 베르스타펜 트랙 리밋 이슈는 3회로 공문 나옴,Official) 막스 패널티 X 베르스타펜 트랙 리밋 이슈는 3회로 공문 나옴,0.10660149157047272,0.08733386546373367,0.25474974513053894,0.2766491770744324,0.2250572293996811,0.049608513712882996
2024-05-19 23:43:14,존나 바글바글하네 ㅅㅂㅋㅋㅋㅋㅋ,어우,After Lap,,존나 바글바글하네 ㅅㅂㅋㅋㅋㅋㅋ 어우,존나 바글바글하네 ㅅㅂㅋㅋㅋㅋㅋ 어우,0.2759397029876709,0.13056032359600067,0.21271352469921112,0.17579004168510437,0.11731982231140137,0.08767660707235336
2024-05-19 23:43:17,몽골 5연챔을 위해 체코가 좀 희생해줘야겠다,컨챔 2위로 떨궈서 내년 풍동시간 확보해야,After Lap,,몽골 5연챔을 위해 체코가 좀 희생해줘야겠다 컨챔 2위로 떨궈서 내년 풍동시간 확보해야,몽골 5연챔을 위해 체코가 좀 희생해줘야겠다 컨챔 2위로 떨궈서 내년 풍동시간 확보해야,0.09629832208156586,0.10231324285268784,0.2723998427391052,0.254548043012619,0.19452804327011108,0.07991256564855576
2024-05-19 23:43:20,대 카 도,"고맙다 시바련아
Oracle Red Bull Racing RB20",After Lap,,"대 카 도 고맙다 시바련아
Oracle Red Bull Racing RB20",대 카 도 고맙다 시바련아 Oracle Red Bull Racing RB20,0.25072428584098816,0.13348399102687836,0.2033979445695877,0.09958922863006592,0.26258596777915955,0.05021855980157852
2024-05-19 23:43:24,저새낀 정신좀차려야됨,페러지,After Lap,,저새낀 정신좀차려야됨 페러지,저새낀 정신좀차려야됨 페러지,0.2853482663631439,0.22129195928573608,0.13926585018634796,0.162576362490654,0.13731133937835693,0.05420617386698723
2024-05-19 23:43:30,몽골은 체코 병신짓하는거 보면서 뭔생각할까ㅋㅋㅋㅋ,,After Lap,,몽골은 체코 병신짓하는거 보면서 뭔생각할까ㅋㅋㅋㅋ ,몽골은 체코 병신짓하는거 보면서 뭔생각할까ㅋㅋㅋㅋ,0.11510881781578064,0.05075297877192497,0.24089103937149048,0.3182358741760254,0.16581028699874878,0.10920100659132004
2024-05-19 23:43:30,몰라서물어보는건디 진짜 체코왜쓰는거임?,"막스랑 경쟁붙는거보다 그냥 버리는차인거?
그럼 그냥 어린애시트주는게 낫지않음?",After Lap,,"몰라서물어보는건디 진짜 체코왜쓰는거임? 막스랑 경쟁붙는거보다 그냥 버리는차인거?
그럼 그냥 어린애시트주는게 낫지않음?",몰라서물어보는건디 진짜 체코왜쓰는거임? 막스랑 경쟁붙는거보다 그냥 버리는차인거? 그럼 그냥 어린애시트주는게 낫지않음?,0.14753709733486176,0.1349242627620697,0.22990676760673523,0.31650620698928833,0.07494570314884186,0.09617993980646133
2024-05-19 23:43:32,사인츠는 시발 언더컷 당하고 그대로 사라졌노,이새끼는 이제 어디가냐..,After Lap,,사인츠는 시발 언더컷 당하고 그대로 사라졌노 이새끼는 이제 어디가냐..,사인츠는 시발 언더컷 당하고 그대로 사라졌노 이새끼는 이제 어디가냐..,0.25089603662490845,0.2296011745929718,0.22321464121341705,0.1517389714717865,0.07924659550189972,0.06530258059501648
2024-05-19 23:43:33,뭔가 5년 후에도 이 광경 볼꺼 같음,"르끌 막스 노리스 포디엄
뭔가 5년 후에도 똑같이 보일꺼 같다 ㅋㅋ
- dc official App",After Lap,,"뭔가 5년 후에도 이 광경 볼꺼 같음 르끌 막스 노리스 포디엄
뭔가 5년 후에도 똑같이 보일꺼 같다 ㅋㅋ
- dc official App",뭔가 5년 후에도 이 광경 볼꺼 같음 르끌 막스 노리스 포디엄 뭔가 5년 후에도 똑같이 보일꺼 같다 ㅋㅋ,0.08101575821638107,0.039850834757089615,0.2232242077589035,0.1888294219970703,0.3973081111907959,0.06977171450853348
2024-05-19 23:43:33,막스 노리스 르끌<-이 셋이 포디움 계속 먹을것같으면 개추ㅋㅋㅋㅋ,ㅇㄷㄴㅂㅌㅋㅋㅋㅋㅋㅋㅋㅋㅋ,After Lap,,막스 노리스 르끌<-이 셋이 포디움 계속 먹을것같으면 개추ㅋㅋㅋㅋ ㅇㄷㄴㅂㅌㅋㅋㅋㅋㅋㅋㅋㅋㅋ,막스 노리스 르끌<-이 셋이 포디움 계속 먹을것같으면 개추ㅋㅋㅋㅋ ㅇㄷㄴㅂㅌㅋㅋㅋㅋㅋㅋㅋㅋㅋ,0.057128045707941055,0.03398547321557999,0.11250197142362595,0.06994322687387466,0.6995127201080322,0.026928680017590523
2024-05-19 23:43:36,오늘 잘했다 츠노다,"하지만 넌 P10 난 P8
나의승리다",After Lap,,"오늘 잘했다 츠노다 하지만 넌 P10 난 P8
나의승리다",오늘 잘했다 츠노다 하지만 넌 P10 난 P8 나의승리다,0.06465233862400055,0.058181777596473694,0.11844178289175034,0.054738253355026245,0.672838568687439,0.031147245317697525
2024-05-19 23:44:07,이제 레페맥 차 성능 거의 비슷해졌으니까,꿀잼서킷 나오면 3파전 존나 재밌겠는데?,After Lap,,이제 레페맥 차 성능 거의 비슷해졌으니까 꿀잼서킷 나오면 3파전 존나 재밌겠는데?,이제 레페맥 차 성능 거의 비슷해졌으니까 꿀잼서킷 나오면 3파전 존나 재밌겠는데?,0.07731911540031433,0.037962667644023895,0.16870790719985962,0.1340850442647934,0.5414422154426575,0.04048306867480278
2024-05-19 23:44:08,페레즈는 무직버프 왜 안받냐?,사인츠노다는 무직버프 받았는데,After Lap,,페레즈는 무직버프 왜 안받냐? 사인츠노다는 무직버프 받았는데,페레즈는 무직버프 왜 안받냐? 사인츠노다는 무직버프 받았는데,0.1982184201478958,0.215600848197937,0.2663906216621399,0.17946790158748627,0.09166156500577927,0.04866065829992294
2024-05-19 23:44:17,포디움 선수 등장 노래 어디갔냐?,,After Lap,,포디움 선수 등장 노래 어디갔냐? ,포디움 선수 등장 노래 어디갔냐?,0.10857393592596054,0.08206482976675034,0.30157470703125,0.25363409519195557,0.17817074060440063,0.07598161697387695
2024-05-19 23:44:40,1절 입갤ㅋㅋㅋㅋ,ㅋㅋㅋ,After Lap,,1절 입갤ㅋㅋㅋㅋ ㅋㅋㅋ,1절 입갤ㅋㅋㅋㅋ ㅋㅋㅋ,0.06127229332923889,0.03632921352982521,0.1139746680855751,0.07229600101709366,0.6914581060409546,0.024669697508215904
2024-05-19 23:44:43,엪국가 입갤ㅋㅋㅋ,,After Lap,,엪국가 입갤ㅋㅋㅋ ,엪국가 입갤ㅋㅋㅋ,0.057917311787605286,0.03188566491007805,0.11267735809087753,0.08994198590517044,0.6781913638114929,0.029386278241872787
2024-05-19 23:44:44,진짜 마지막 10랩 동안 손에 땀 ㅈㄴ 남,도파민도,After Lap,,진짜 마지막 10랩 동안 손에 땀 ㅈㄴ 남 도파민도,진짜 마지막 10랩 동안 손에 땀 ㅈㄴ 남 도파민도,0.11190306395292282,0.06574767827987671,0.2558091878890991,0.13586637377738953,0.37205639481544495,0.05861731991171837
2024-05-19 23:44:37,이제 담주 르끌이 모나코에서 폴투윈하는거 보면 되는건가??,,After Lap,,이제 담주 르끌이 모나코에서 폴투윈하는거 보면 되는건가?? ,이제 담주 르끌이 모나코에서 폴투윈하는거 보면 되는건가??,0.06855273991823196,0.039446212351322174,0.20038622617721558,0.16408975422382355,0.47181233763694763,0.055712733417749405
2024-05-19 23:44:47,엔딩곡ㅋㅋㅋㅋㅋㅋㅋㅋㅋㅋㅋㅋ,,After Lap,,엔딩곡ㅋㅋㅋㅋㅋㅋㅋㅋㅋㅋㅋㅋ ,엔딩곡ㅋㅋㅋㅋㅋㅋㅋㅋㅋㅋㅋㅋ,0.06848295778036118,0.0374678298830986,0.14939187467098236,0.08143110573291779,0.6365577578544617,0.026668408885598183
2024-05-19 23:44:48,아 졸리다,"엔딩곡 들어왔네
- dc official App",After Lap,,"아 졸리다 엔딩곡 들어왔네
- dc official App",아 졸리다 엔딩곡 들어왔네,0.14235909283161163,0.1435319483280182,0.3199754059314728,0.10135962814092636,0.2403225302696228,0.052451424300670624
2024-05-19 23:44:48,엔딩곡 입갤ㅋㅋㅋㅋ,,After Lap,,엔딩곡 입갤ㅋㅋㅋㅋ ,엔딩곡 입갤ㅋㅋㅋㅋ,0.054616574198007584,0.034073397517204285,0.11035101860761642,0.07424388080835342,0.6986678838729858,0.028047211468219757
2024-05-19 23:44:49,엪국가 입갤ㅋㅋㅋㅋㅋ,ㅜㅜ,After Lap,,엪국가 입갤ㅋㅋㅋㅋㅋ ㅜㅜ,엪국가 입갤ㅋㅋㅋㅋㅋ ㅜㅜ,0.11837955564260483,0.11744583398103714,0.27759477496147156,0.11704829335212708,0.3052060306072235,0.06432556360960007
2024-05-19 23:44:50,야딩곡 코갤 ㅋㅋㅋㅋㅋ,,After Lap,,야딩곡 코갤 ㅋㅋㅋㅋㅋ ,야딩곡 코갤 ㅋㅋㅋㅋㅋ,0.06403311342000961,0.03459271416068077,0.13983948528766632,0.09323875606060028,0.638494610786438,0.029801296070218086
2024-05-19 23:44:52,엪국가 ㅋㅋㅋㅋ,ㅋㅋ,After Lap,,엪국가 ㅋㅋㅋㅋ ㅋㅋ,엪국가 ㅋㅋㅋㅋ ㅋㅋ,0.05499206483364105,0.031246159225702286,0.1204407587647438,0.07593637704849243,0.6942335367202759,0.023151060566306114
2024-05-19 23:44:54,엪국가 온ㅋㅋㅋ 자러가자ㅋㅋㅋ,"ㅋㅋㅋ
- dc official App",After Lap,,"엪국가 온ㅋㅋㅋ 자러가자ㅋㅋㅋ ㅋㅋㅋ
- dc official App",엪국가 온ㅋㅋㅋ 자러가자ㅋㅋㅋ ㅋㅋㅋ,0.056654155254364014,0.0382346548140049,0.11171171814203262,0.062059447169303894,0.7074825763702393,0.023857425898313522
2024-05-19 23:44:55,3주만에 듣는 엪국가,익숙하다 익숙해,After Lap,,3주만에 듣는 엪국가 익숙하다 익숙해,3주만에 듣는 엪국가 익숙하다 익숙해,0.05675629898905754,0.04068346321582794,0.16632729768753052,0.07669676095247269,0.6241076588630676,0.03542853146791458
2024-05-19 23:44:56,자장가 입갤 ㅋㅋㅋ,,After Lap,,자장가 입갤 ㅋㅋㅋ ,자장가 입갤 ㅋㅋㅋ,0.05604478716850281,0.036136824637651443,0.11174910515546799,0.07324297726154327,0.6949762105941772,0.02785007283091545
2024-05-19 23:44:58,아 국가 나오니까 팍식네,아,After Lap,,아 국가 나오니까 팍식네 아,아 국가 나오니까 팍식네 아,0.20879393815994263,0.1586502641439438,0.2939094007015228,0.08936121314764023,0.20340394973754883,0.0458812341094017
2024-05-19 23:44:58,한달만에 애국가 나오네,그브금 ㅅㅂ,After Lap,,한달만에 애국가 나오네 그브금 ㅅㅂ,한달만에 애국가 나오네 그브금 ㅅㅂ,0.2914844751358032,0.19720885157585144,0.22655166685581207,0.09430645406246185,0.14361143112182617,0.046837061643600464
2024-05-19 23:44:57,자 이제 다들 자러갑시다,,After Lap,,자 이제 다들 자러갑시다 ,자 이제 다들 자러갑시다,0.10958725214004517,0.10275134444236755,0.19911465048789978,0.10258875787258148,0.43607082962989807,0.04988710582256317
2024-05-19 23:45:00,엪국가 입갤ㅋㅋ,"ㅅㅂㅋㅋ
- dc official App",After Lap,,"엪국가 입갤ㅋㅋ ㅅㅂㅋㅋ
- dc official App",엪국가 입갤ㅋㅋ ㅅㅂㅋㅋ,0.24383991956710815,0.08993265777826309,0.2390701323747635,0.12039276212453842,0.2472633272409439,0.05950117111206055
2024-05-19 23:45:00,졸리다 ㅋㅋ,"+ dc official App
- dc official App",After Lap,,"졸리다 ㅋㅋ + dc official App
- dc official App",졸리다 ㅋㅋ + dc official App,0.0552581250667572,0.036705609411001205,0.11353693902492523,0.06830256432294846,0.7032394409179688,0.02295731194317341
2024-05-19 23:45:00,엪국가 입갤,내일 월요일,After Lap,,엪국가 입갤 내일 월요일,엪국가 입갤 내일 월요일,0.07618936151266098,0.046714793890714645,0.19367142021656036,0.1434691995382309,0.49831247329711914,0.04164271056652069
2024-05-19 23:45:02,또 이 노래야?,,After Lap,,또 이 노래야? ,또 이 노래야?,0.08022892475128174,0.04080731049180031,0.24484552443027496,0.23048514127731323,0.3280158042907715,0.07561735808849335
2024-05-19 23:45:04,엪국가 입갤ㅋㅋ,- dc official App,After Lap,,엪국가 입갤ㅋㅋ - dc official App,엪국가 입갤ㅋㅋ - dc official App,0.061334457248449326,0.03141700476408005,0.12285425513982773,0.09511643648147583,0.6620869040489197,0.027190979570150375
2024-05-19 23:45:05,엪국가 입갤 ㅋㅋㅋㅋㅋ,ㅋㅋㅋ,After Lap,,엪국가 입갤 ㅋㅋㅋㅋㅋ ㅋㅋㅋ,엪국가 입갤 ㅋㅋㅋㅋㅋ ㅋㅋㅋ,0.058603666722774506,0.032263558357954025,0.11438580602407455,0.07870443910360336,0.6910746693611145,0.024967843666672707
2024-05-19 23:45:06,이거 한동안 안 들어서 좀 서운했음,ㄹㅇ,After Lap,,이거 한동안 안 들어서 좀 서운했음 ㄹㅇ,이거 한동안 안 들어서 좀 서운했음 ㄹㅇ,0.12986448407173157,0.18411318957805634,0.330946683883667,0.11386026442050934,0.18671369552612305,0.054501667618751526
2024-05-19 23:45:09,엪국가 ㅋㅋㅋㅋㅋㅋㅋ,"오랜만이네
- dc official App",After Lap,,"엪국가 ㅋㅋㅋㅋㅋㅋㅋ 오랜만이네
- dc official App",엪국가 ㅋㅋㅋㅋㅋㅋㅋ 오랜만이네,0.0522504560649395,0.03166760876774788,0.14039422571659088,0.09925408661365509,0.6483201384544373,0.02811342664062977
2024-05-19 23:45:11,이제 축구보러 가야지,시간 딱맞네 섹스,After Lap,,이제 축구보러 가야지 시간 딱맞네 섹스,이제 축구보러 가야지 시간 딱맞네 섹스,0.082618348300457,0.0507332868874073,0.12700507044792175,0.06532891094684601,0.6459155082702637,0.028398917987942696
2024-05-19 23:45:12,오랜만이네 ㅋㅋㅋ,,After Lap,,오랜만이네 ㅋㅋㅋ ,오랜만이네 ㅋㅋㅋ,0.05129493027925491,0.03244101256132126,0.1419256031513214,0.094002865254879,0.6507738828659058,0.029561741277575493
2024-05-19 23:45:14,솔직히 오늘은 틀만하다,- dc official App,After Lap,,솔직히 오늘은 틀만하다 - dc official App,솔직히 오늘은 틀만하다 - dc official App,0.06461337208747864,0.04519914090633392,0.13730445504188538,0.08920538425445557,0.631870687007904,0.03180689364671707
2024-05-19 23:45:15,병레즈 대런 퇴물탕 틀론소 슬슬 방빼야지..,틀딱님들 이제 그만하고 제 2의 삶을 삽시다,After Lap,,병레즈 대런 퇴물탕 틀론소 슬슬 방빼야지.. 틀딱님들 이제 그만하고 제 2의 삶을 삽시다,병레즈 대런 퇴물탕 틀론소 슬슬 방빼야지.. 틀딱님들 이제 그만하고 제 2의 삶을 삽시다,0.26011794805526733,0.18489235639572144,0.16946949064731598,0.2054062932729721,0.09818028658628464,0.08193360269069672
2024-05-19 23:45:17,막스 뭔가 평소보다 기뻐보이네,막판까지 치열해서 그런가,After Lap,,막스 뭔가 평소보다 기뻐보이네 막판까지 치열해서 그런가,막스 뭔가 평소보다 기뻐보이네 막판까지 치열해서 그런가,0.058809004724025726,0.03992201015353203,0.18534930050373077,0.14213262498378754,0.5140070915222168,0.05977994203567505
2024-05-19 23:45:19,은근 존재감 없어진 새끼,"호주 우승할때까지만 해도 폼 빨딱이었는데
몇 경기 지나면서 은근 존재감 없어짐",After Lap,,"은근 존재감 없어진 새끼 호주 우승할때까지만 해도 폼 빨딱이었는데
몇 경기 지나면서 은근 존재감 없어짐",은근 존재감 없어진 새끼 호주 우승할때까지만 해도 폼 빨딱이었는데 몇 경기 지나면서 은근 존재감 없어짐,0.1549818068742752,0.12597863376140594,0.2970582842826843,0.25526928901672363,0.07585102319717407,0.09086094796657562
2024-05-19 23:45:20,메르견은,"우리 차 소식을 텍스트로만 봐야 되네 겨우 트럭 수준꺼지 올라왔는데..
- dc official App",After Lap,,"메르견은 우리 차 소식을 텍스트로만 봐야 되네 겨우 트럭 수준꺼지 올라왔는데..
- dc official App",메르견은 우리 차 소식을 텍스트로만 봐야 되네 겨우 트럭 수준꺼지 올라왔는데..,0.13852934539318085,0.16352006793022156,0.34412476420402527,0.16457931697368622,0.09349244832992554,0.09575407207012177
2024-05-19 23:45:29,오랜만이다 엪국가!,"그 리 웠 다 !
Oracle Red Bull Racing RB20",After Lap,,"오랜만이다 엪국가! 그 리 웠 다 !
Oracle Red Bull Racing RB20",오랜만이다 엪국가! 그 리 웠 다 ! Oracle Red Bull Racing RB20,0.049837879836559296,0.035496462136507034,0.11367206275463104,0.06232777237892151,0.7159337997436523,0.022731950506567955
2024-05-19 23:45:32,이제 이 국가가 안 나오면 섭섭하다,"그냥 공식이다.
- dc official App",After Lap,,"이제 이 국가가 안 나오면 섭섭하다 그냥 공식이다.
- dc official App",이제 이 국가가 안 나오면 섭섭하다 그냥 공식이다.,0.14584819972515106,0.17165297269821167,0.32467740774154663,0.12755407392978668,0.14019569754600525,0.09007174521684647
2024-05-19 23:45:32,익숙해서 좋음 풍차국노래ㅋㅋㅋ,"ㅋㅋㅋㅋ
- dc official App",After Lap,,"익숙해서 좋음 풍차국노래ㅋㅋㅋ ㅋㅋㅋㅋ
- dc official App",익숙해서 좋음 풍차국노래ㅋㅋㅋ ㅋㅋㅋㅋ,0.055065859109163284,0.0423082672059536,0.11326092481613159,0.05545492097735405,0.707880437374115,0.026029646396636963
2024-05-19 23:45:34,이러고 뉴스로 막스 패널티로 인한 순위 강등,"이런거 딱 떠주면 진짜 개꿀잼인데 ㅋㅋㅋ
- dc official App",After Lap,,"이러고 뉴스로 막스 패널티로 인한 순위 강등 이런거 딱 떠주면 진짜 개꿀잼인데 ㅋㅋㅋ
- dc official App",이러고 뉴스로 막스 패널티로 인한 순위 강등 이런거 딱 떠주면 진짜 개꿀잼인데 ㅋㅋㅋ,0.12887921929359436,0.0687103420495987,0.18961963057518005,0.14895384013652802,0.41756945848464966,0.046267442405223846
2024-05-19 23:45:41,야유입갤ㅋㅋ,"ㅋㅋ
Oracle Red Bull Racing RB20",After Lap,,"야유입갤ㅋㅋ ㅋㅋ
Oracle Red Bull Racing RB20",야유입갤ㅋㅋ ㅋㅋ Oracle Red Bull Racing RB20,0.06689361482858658,0.034355878829956055,0.12009976804256439,0.08630269020795822,0.6672884821891785,0.025059642270207405
2024-05-19 23:45:42,노리스 > 몽골 >> 미끌레,ㅇ,After Lap,,노리스 > 몽골 >> 미끌레 ㅇ,노리스 > 몽골 >> 미끌레 ㅇ,0.10228972882032394,0.052692778408527374,0.21333225071430206,0.2124871015548706,0.379982590675354,0.03921552002429962
2024-05-19 23:45:50,피트레인 과속 이런것도 없냐고 진짜 하,,After Lap,,피트레인 과속 이런것도 없냐고 진짜 하 ,피트레인 과속 이런것도 없냐고 진짜 하,0.22609509527683258,0.25948283076286316,0.2584807872772217,0.12116245925426483,0.08893372863531113,0.04584510996937752
2024-05-19 23:45:58,피아스트리는 참 노리스 때려 잡는것같으면서도 레이스때 귀신같이 추락함,그게 실력인거겠지만 머,After Lap,,피아스트리는 참 노리스 때려 잡는것같으면서도 레이스때 귀신같이 추락함 그게 실력인거겠지만 머,피아스트리는 참 노리스 때려 잡는것같으면서도 레이스때 귀신같이 추락함 그게 실력인거겠지만 머,0.14749500155448914,0.10990723222494125,0.2574578523635864,0.3012365698814392,0.07106233388185501,0.11284104734659195
2024-05-19 23:46:08,모나코 바로 다음주로 ㅋㅋㅋㅋ,앙 기분좆디,After Lap,,모나코 바로 다음주로 ㅋㅋㅋㅋ 앙 기분좆디,모나코 바로 다음주로 ㅋㅋㅋㅋ 앙 기분좆디,0.05774325132369995,0.045860521495342255,0.10920321941375732,0.05949116870760918,0.7027731537818909,0.024928733706474304
2024-05-19 23:46:10,맥린이 ㅋㅋㅋ,"귀엽노
- dc official App",After Lap,,"맥린이 ㅋㅋㅋ 귀엽노
- dc official App",맥린이 ㅋㅋㅋ 귀엽노,0.07032329589128494,0.041839584708213806,0.15660929679870605,0.1137995645403862,0.578058660030365,0.0393696166574955
2024-05-19 23:46:24,몽골도 진땀승하면 기뻐하네 ㅋㅋㅋㅋㅋㅋ,우승불감증 온줄 알았는데 ㅋㅋㅋㅋ,After Lap,,몽골도 진땀승하면 기뻐하네 ㅋㅋㅋㅋㅋㅋ 우승불감증 온줄 알았는데 ㅋㅋㅋㅋ,몽골도 진땀승하면 기뻐하네 ㅋㅋㅋㅋㅋㅋ 우승불감증 온줄 알았는데 ㅋㅋㅋㅋ,0.09706958383321762,0.04732906073331833,0.25414592027664185,0.2180597335100174,0.2996615171432495,0.08373415470123291
2024-05-19 23:46:48,다음주 바로 레이스라서 기분 좋은 엪붕이들은 개추,ㅇㄷㄴㅂㅌㅋㅋㅋㅋㅋㅋ,After Lap,,다음주 바로 레이스라서 기분 좋은 엪붕이들은 개추 ㅇㄷㄴㅂㅌㅋㅋㅋㅋㅋㅋ,다음주 바로 레이스라서 기분 좋은 엪붕이들은 개추 ㅇㄷㄴㅂㅌㅋㅋㅋㅋㅋㅋ,0.05667906627058983,0.04037169739603996,0.1101900115609169,0.05779231712222099,0.7096324563026428,0.025334523990750313
2024-05-19 23:47:03,Offical)3등,뭐 어쩌라고?,After Lap,,Offical)3등 뭐 어쩌라고?,Offical)3등 뭐 어쩌라고?,0.2217692881822586,0.11689813435077667,0.2515229880809784,0.21159417927265167,0.1478702574968338,0.05034517124295235
2024-05-19 23:47:32,오늘 경기 한 짤 요약,막스 에밀리안 베르스타펜(26세) 혼신의 빤쓰런쇼,After Lap,,오늘 경기 한 짤 요약 막스 에밀리안 베르스타펜(26세) 혼신의 빤쓰런쇼,오늘 경기 한 짤 요약 막스 에밀리안 베르스타펜(26세) 혼신의 빤쓰런쇼,0.19427603483200073,0.11997085064649582,0.2422536313533783,0.272925466299057,0.09097404778003693,0.07959994673728943
2024-05-19 23:47:35,아 막스 나간거 같다고 항의할 맥라렌 엔지니어 어디 없나?,"랩 타임 하나만 더 삭제하면 되는데...
진짠데...",After Lap,,"아 막스 나간거 같다고 항의할 맥라렌 엔지니어 어디 없나? 랩 타임 하나만 더 삭제하면 되는데...
진짠데...",아 막스 나간거 같다고 항의할 맥라렌 엔지니어 어디 없나? 랩 타임 하나만 더 삭제하면 되는데... 진짠데...,0.13601861894130707,0.17996764183044434,0.2781180143356323,0.21651506423950195,0.08935347199440002,0.1000271812081337
2024-05-19 23:47:36,이 병신새끼 안그리운 맥라렌 팬이면 개추 ㅋㅋㅋㅋㅋㅋㅋㅋㅋㅋㅋ,"틀딱새끼 ㅋㅋㅋㅋㅋㅋㅋㅋㅋㅋ
- dc official App",After Lap,,"이 병신새끼 안그리운 맥라렌 팬이면 개추 ㅋㅋㅋㅋㅋㅋㅋㅋㅋㅋㅋ 틀딱새끼 ㅋㅋㅋㅋㅋㅋㅋㅋㅋㅋ
- dc official App",이 병신새끼 안그리운 맥라렌 팬이면 개추 ㅋㅋㅋㅋㅋㅋㅋㅋㅋㅋㅋ 틀딱새끼 ㅋㅋㅋㅋㅋㅋㅋㅋㅋㅋ,0.27453964948654175,0.10583959519863129,0.1890866458415985,0.18708279728889465,0.1489550620317459,0.0944962427020073
2024-05-19 23:47:55,피아제 그래도 점점 실수 적어지네,마이애미때만 해도 조금이라도 압박받는 상황이였을때 휠락걸리고 지랄했는데 이번엔 페이스 유지 잘하네,After Lap,,피아제 그래도 점점 실수 적어지네 마이애미때만 해도 조금이라도 압박받는 상황이였을때 휠락걸리고 지랄했는데 이번엔 페이스 유지 잘하네,피아제 그래도 점점 실수 적어지네 마이애미때만 해도 조금이라도 압박받는 상황이였을때 휠락걸리고 지랄했는데 이번엔 페이스 유지 잘하네,0.07258517295122147,0.07694105803966522,0.2434293031692505,0.19120092689990997,0.316741406917572,0.09910216182470322
2024-05-19 23:48:08,엪갤 P2 P2,노리스 같노,After Lap,,엪갤 P2 P2 노리스 같노,엪갤 P2 P2 노리스 같노,0.10277031362056732,0.050616297870874405,0.2621849775314331,0.3088175356388092,0.18861906230449677,0.08699184656143188
2024-05-19 23:48:11,페라리 업데이트 재앙이네,업데이트 한다고 동네방네 소문은 다 냈는데 까보니 변화가없음 오히려 더 느려진느낌,After Lap,,페라리 업데이트 재앙이네 업데이트 한다고 동네방네 소문은 다 냈는데 까보니 변화가없음 오히려 더 느려진느낌,페라리 업데이트 재앙이네 업데이트 한다고 동네방네 소문은 다 냈는데 까보니 변화가없음 오히려 더 느려진느낌,0.1764262318611145,0.257966548204422,0.27356478571891785,0.16658349335193634,0.08579588681459427,0.03966307267546654
2024-05-19 23:48:21,노리스가 몽골보다 잘타는듯,ㅇㅇ,After Lap,,노리스가 몽골보다 잘타는듯 ㅇㅇ,노리스가 몽골보다 잘타는듯 ㅇㅇ,0.07984030246734619,0.04514528810977936,0.23000460863113403,0.24788174033164978,0.3229748606681824,0.07415319234132767
2024-05-19 23:48:23,막가놈 저렇게 좋아하는거 오랜만인데?,"ㅋㅋㅋ
Oracle Red Bull Racing RB20",After Lap,,"막가놈 저렇게 좋아하는거 오랜만인데? ㅋㅋㅋ
Oracle Red Bull Racing RB20",막가놈 저렇게 좋아하는거 오랜만인데? ㅋㅋㅋ Oracle Red Bull Racing RB20,0.058637458831071854,0.03252245485782623,0.1430395543575287,0.09654970467090607,0.6346697807312012,0.03458112105727196
2024-05-19 23:48:29,노리스 뒤끝있네ㅋㅋㅋ,막스만 노리네ㅋㅋㅋㅋㅋ,After Lap,,노리스 뒤끝있네ㅋㅋㅋ 막스만 노리네ㅋㅋㅋㅋㅋ,노리스 뒤끝있네ㅋㅋㅋ 막스만 노리네ㅋㅋㅋㅋㅋ,0.13868294656276703,0.0552130863070488,0.2744991183280945,0.25445714592933655,0.15626965463161469,0.12087802588939667
2024-05-19 23:48:48,솔직히 체코아니고 유키였으면,견제라도 해줫을텐데 이새끼는 그냥 ㅋㅋ,After Lap,,솔직히 체코아니고 유키였으면 견제라도 해줫을텐데 이새끼는 그냥 ㅋㅋ,솔직히 체코아니고 유키였으면 견제라도 해줫을텐데 이새끼는 그냥 ㅋㅋ,0.2522053122520447,0.2303600162267685,0.19248706102371216,0.18715573847293854,0.0689573734998703,0.06883445382118225
2024-05-19 23:48:50,확실히 레드불 기세가 꺾인게 보이네,"이번 그랑프리만 그런 것도 아니고
계속 차이가 줄어드는게 보인다",After Lap,,"확실히 레드불 기세가 꺾인게 보이네 이번 그랑프리만 그런 것도 아니고
계속 차이가 줄어드는게 보인다",확실히 레드불 기세가 꺾인게 보이네 이번 그랑프리만 그런 것도 아니고 계속 차이가 줄어드는게 보인다,0.07881328463554382,0.06214377284049988,0.2614319622516632,0.2475598007440567,0.2663772702217102,0.08367394655942917
2024-05-19 23:48:53,응 그렇게 병신짓 해도 아직 드챔 3위야,"22 모나코 우승자 누구?
바로 나 세르히오 '체코' 페레즈
- dc official App",After Lap,,"응 그렇게 병신짓 해도 아직 드챔 3위야 22 모나코 우승자 누구?
바로 나 세르히오 '체코' 페레즈
- dc official App",응 그렇게 병신짓 해도 아직 드챔 3위야 22 모나코 우승자 누구? 바로 나 세르히오 '체코' 페레즈,0.1370345801115036,0.07016871869564056,0.2186831831932068,0.2438827008008957,0.20285306870937347,0.12737776339054108
2024-05-19 23:49:02,항상 궁금했는데,포디움에 1 2 3위 말고 옆에 있는 놈은 누구임?,After Lap,,항상 궁금했는데 포디움에 1 2 3위 말고 옆에 있는 놈은 누구임?,항상 궁금했는데 포디움에 1 2 3위 말고 옆에 있는 놈은 누구임?,0.10315388441085815,0.06359156966209412,0.22027452290058136,0.34675464034080505,0.1783520132303238,0.08787336200475693
2024-05-19 23:49:11,너네 모나코가 무슨 의미 갖는지 알고 갤질하냐?,"종신좌 데뷔 1주년임
난 아직도 땜빵으로 온 안캐 입에서 모나코 코너 이름 술술 나오는걸 잊을수 없다..",After Lap,,"너네 모나코가 무슨 의미 갖는지 알고 갤질하냐? 종신좌 데뷔 1주년임
난 아직도 땜빵으로 온 안캐 입에서 모나코 코너 이름 술술 나오는걸 잊을수 없다..",너네 모나코가 무슨 의미 갖는지 알고 갤질하냐? 종신좌 데뷔 1주년임 난 아직도 땜빵으로 온 안캐 입에서 모나코 코너 이름 술술 나오는걸 잊을수 없다..,0.11042852699756622,0.06510701030492783,0.2044740468263626,0.19871008396148682,0.30105650424957275,0.12022385746240616
2024-05-19 23:49:13,노리스 막스만 노리노,ㅋㅋㅋㅋㅋㅋㅋㅋㅋㅋ,After Lap,,노리스 막스만 노리노 ㅋㅋㅋㅋㅋㅋㅋㅋㅋㅋ,노리스 막스만 노리노 ㅋㅋㅋㅋㅋㅋㅋㅋㅋㅋ,0.0773521363735199,0.03537706285715103,0.1524418145418167,0.10216879844665527,0.6033989787101746,0.02926119975745678
2024-05-19 23:49:17,아 왜 레이스 24시로 알았지,"샤워하고 와서 쿠플 들어가니까
포디엄 시상식중이네 ㅋㅋㅋㅋㅋㅋ
- dc official App",After Lap,,"아 왜 레이스 24시로 알았지 샤워하고 와서 쿠플 들어가니까
포디엄 시상식중이네 ㅋㅋㅋㅋㅋㅋ
- dc official App",아 왜 레이스 24시로 알았지 샤워하고 와서 쿠플 들어가니까 포디엄 시상식중이네 ㅋㅋㅋㅋㅋㅋ,0.08895478397607803,0.04422904923558235,0.23709766566753387,0.16807357966899872,0.4045587480068207,0.05708621069788933
2024-05-19 23:49:30,누리스 이색기 환하게 웃지를 못하네,"월챔행동 하는거봐
개멋잇어",After Lap,,"누리스 이색기 환하게 웃지를 못하네 월챔행동 하는거봐
개멋잇어",누리스 이색기 환하게 웃지를 못하네 월챔행동 하는거봐 개멋잇어,0.08191793411970139,0.04911394044756889,0.19348101317882538,0.1449337899684906,0.46808499097824097,0.06246834620833397
2024-05-19 23:49:44,ㅅㅂ 힘들어도 웃어야 일류다 웃자,ㅋㅋㅋㅋㅋㅋㅋㅋㅋㅋㅋㅋㅋㅋㅋㅋㅋ,After Lap,,ㅅㅂ 힘들어도 웃어야 일류다 웃자 ㅋㅋㅋㅋㅋㅋㅋㅋㅋㅋㅋㅋㅋㅋㅋㅋㅋ,ㅅㅂ 힘들어도 웃어야 일류다 웃자 ㅋㅋㅋㅋㅋㅋㅋㅋㅋㅋㅋㅋㅋㅋㅋㅋㅋ,0.11810818314552307,0.08778219670057297,0.14185959100723267,0.07515831291675568,0.5388526320457458,0.03823909908533096
2024-05-19 23:49:48,병신컷 ㅋㅋㅋㅋㅋㅋㅋㅋㅋ,ㅋㅋㅋㅋㅋㅋㅋㅋㅋㅋㅋㅋㅋ,After Lap,,병신컷 ㅋㅋㅋㅋㅋㅋㅋㅋㅋ ㅋㅋㅋㅋㅋㅋㅋㅋㅋㅋㅋㅋㅋ,병신컷 ㅋㅋㅋㅋㅋㅋㅋㅋㅋ ㅋㅋㅋㅋㅋㅋㅋㅋㅋㅋㅋㅋㅋ,0.06645761430263519,0.033375851809978485,0.1429324895143509,0.08992025256156921,0.6424283981323242,0.02488543465733528
2024-05-19 23:49:54,오늘 경기로 증명된 것,"얘네 둘이 서로 거기서 거기임ㅋㅋ
고점 좀 높고 저점 ㅈㄴ 낮고 ㅋㅋㅋㅋㅋ",After Lap,,"오늘 경기로 증명된 것 얘네 둘이 서로 거기서 거기임ㅋㅋ
고점 좀 높고 저점 ㅈㄴ 낮고 ㅋㅋㅋㅋㅋ",오늘 경기로 증명된 것 얘네 둘이 서로 거기서 거기임ㅋㅋ 고점 좀 높고 저점 ㅈㄴ 낮고 ㅋㅋㅋㅋㅋ,0.1642301380634308,0.08109357208013535,0.2555103898048401,0.23558586835861206,0.17112205922603607,0.09245798736810684
2024-05-19 23:49:54,병신 따잇ㅋㅋㅋㅋㅋㅋ,ㅋㅋ,After Lap,,병신 따잇ㅋㅋㅋㅋㅋㅋ ㅋㅋ,병신 따잇ㅋㅋㅋㅋㅋㅋ ㅋㅋ,0.060818832367658615,0.031426094472408295,0.11994437128305435,0.07593929022550583,0.687549352645874,0.024322133511304855
2024-05-19 23:49:56,다부다비에서부터 노잼어쩌구,"한 흑우들 없지?? 24시즌 이렇게 재미있는데 개꿀잼이다 ㅋㅋㅋ
- dc official App",After Lap,,"다부다비에서부터 노잼어쩌구 한 흑우들 없지?? 24시즌 이렇게 재미있는데 개꿀잼이다 ㅋㅋㅋ
- dc official App",다부다비에서부터 노잼어쩌구 한 흑우들 없지?? 24시즌 이렇게 재미있는데 개꿀잼이다 ㅋㅋㅋ,0.07980730384588242,0.05715811625123024,0.13640913367271423,0.07448142021894455,0.6136819124221802,0.03846213221549988
2024-05-19 23:49:57,페레즈 순위 따잇 ㅅㅂㅋㅋㅋ,,After Lap,,페레즈 순위 따잇 ㅅㅂㅋㅋㅋ ,페레즈 순위 따잇 ㅅㅂㅋㅋㅋ,0.22829589247703552,0.09383343160152435,0.2467135488986969,0.12132638692855835,0.2530278265476227,0.05680286884307861
2024-05-19 23:50:00,rb성능이 하위권 원탑급인거임? 츠노다가 미친거임?,"요즘 폼 ㄹㅇ 미쳐날뛰는데
저번엔 업데이트한 리카도도 포인트 벌어왔고",After Lap,,"rb성능이 하위권 원탑급인거임? 츠노다가 미친거임? 요즘 폼 ㄹㅇ 미쳐날뛰는데
저번엔 업데이트한 리카도도 포인트 벌어왔고",rb성능이 하위권 원탑급인거임? 츠노다가 미친거임? 요즘 폼 ㄹㅇ 미쳐날뛰는데 저번엔 업데이트한 리카도도 포인트 벌어왔고,0.17392569780349731,0.11061079800128937,0.22424668073654175,0.2938220202922821,0.07603171467781067,0.12136311829090118
2024-05-19 23:50:01,다음경기때 병신 노짱한테 따이것네,- dc official App,After Lap,,다음경기때 병신 노짱한테 따이것네 - dc official App,다음경기때 병신 노짱한테 따이것네 - dc official App,0.1303115338087082,0.08502201735973358,0.23004890978336334,0.30821657180786133,0.12500736117362976,0.12139366567134857
2024-05-19 23:50:17,모나코 하면 노리스가 체코 따겠지,,After Lap,,모나코 하면 노리스가 체코 따겠지 ,모나코 하면 노리스가 체코 따겠지,0.09695694595575333,0.05397643521428108,0.21725377440452576,0.23165227472782135,0.34664982557296753,0.05351075530052185
2024-05-19 23:50:20,쿨다운 룸 대화 내용,"노리스
- 내 스타트 훌륭했다.
막스
- P1이랑 P3가 왼쪽에서 시작하는거 좋은 건지 모르겠다. 각도가 좋지 않다.
르끌
- 난 오늘 레이스 중 12번 코너에서 가장 빨랐다.(노리스랑 경합하다가 '미끌'한거 말하는 듯)
출처 : 랩바랩
* 의역 있음
- dc official App",After Lap,,"쿨다운 룸 대화 내용 노리스
- 내 스타트 훌륭했다.
막스
- P1이랑 P3가 왼쪽에서 시작하는거 좋은 건지 모르겠다. 각도가 좋지 않다.
르끌
- 난 오늘 레이스 중 12번 코너에서 가장 빨랐다.(노리스랑 경합하다가 '미끌'한거 말하는 듯)
출처 : 랩바랩
* 의역 있음
- dc official App",쿨다운 룸 대화 내용 노리스 - 내 스타트 훌륭했다. 막스 - P1이랑 P3가 왼쪽에서 시작하는거 좋은 건지 모르겠다. 각도가 좋지 않다. 르끌 - 난 오늘 레이스 중 12번 코너에서 가장 빨랐다.(노리스랑 경합하다가 '미끌'한거 말하는 듯) 출처 : 랩바랩 * 의역 있음,0.10332436859607697,0.10023294389247894,0.29030945897102356,0.14542174339294434,0.30617979168891907,0.05453171581029892
2024-05-19 23:50:22,병신,병신,After Lap,,병신 병신,병신 병신,0.1960739642381668,0.12503549456596375,0.23876722157001495,0.15610724687576294,0.1916966736316681,0.09231938421726227
2024-05-19 23:50:31,베어먼 아직도 12등 ㅋㅋㅋㅋㅋㅋㅋ,ㅋㅋㅋㅋㅋㅋㅋㅋㅋㅋ,After Lap,,베어먼 아직도 12등 ㅋㅋㅋㅋㅋㅋㅋ ㅋㅋㅋㅋㅋㅋㅋㅋㅋㅋ,베어먼 아직도 12등 ㅋㅋㅋㅋㅋㅋㅋ ㅋㅋㅋㅋㅋㅋㅋㅋㅋㅋ,0.13580206036567688,0.06376021355390549,0.3036128580570221,0.19850501418113708,0.214871346950531,0.08344852179288864
2024-05-19 23:50:34,베어만 얘는 F1 드챔이 12위인데,F2 드챔은 20위노 ㅋㅋ,After Lap,,베어만 얘는 F1 드챔이 12위인데 F2 드챔은 20위노 ㅋㅋ,베어만 얘는 F1 드챔이 12위인데 F2 드챔은 20위노 ㅋㅋ,0.15999332070350647,0.09454945474863052,0.2733078598976135,0.28558674454689026,0.09206296503543854,0.0944996252655983
2024-05-19 23:50:34,모나코 경기 시간 어떰?,"밤샘 해야됨?
- dc official App",After Lap,,"모나코 경기 시간 어떰? 밤샘 해야됨?
- dc official App",모나코 경기 시간 어떰? 밤샘 해야됨?,0.08269453048706055,0.049910079687833786,0.22088290750980377,0.276218980550766,0.28571176528930664,0.08458170294761658
2024-05-19 23:50:53,컨챔 페라리가 할 가능성 있음??,- dc official App,After Lap,,컨챔 페라리가 할 가능성 있음?? - dc official App,컨챔 페라리가 할 가능성 있음?? - dc official App,0.09674079716205597,0.05908314883708954,0.21507281064987183,0.33100441098213196,0.21490426361560822,0.08319458365440369
2024-05-19 23:50:58,물탕 우승보다 막스 우승이 나은거 딱 하나,"물탕이 우승밥먹듯이할땐 우승해도 반응도 뜨뜨미지근하고 진짜 우승의 의미가 퇴색된 느낌까지 났는데
막스는 그래도 우승하면 우승한 느낌나서좋음",After Lap,,"물탕 우승보다 막스 우승이 나은거 딱 하나 물탕이 우승밥먹듯이할땐 우승해도 반응도 뜨뜨미지근하고 진짜 우승의 의미가 퇴색된 느낌까지 났는데
막스는 그래도 우승하면 우승한 느낌나서좋음",물탕 우승보다 막스 우승이 나은거 딱 하나 물탕이 우승밥먹듯이할땐 우승해도 반응도 뜨뜨미지근하고 진짜 우승의 의미가 퇴색된 느낌까지 났는데 막스는 그래도 우승하면 우승한 느낌나서좋음,0.0820741355419159,0.1059928759932518,0.22642989456653595,0.1005503386259079,0.4151552617549896,0.06979745626449585
2024-05-19 23:51:02,오늘 경기로 증명된거,몽골은 누가 뒤따라오면 화부터 낸다,After Lap,,오늘 경기로 증명된거 몽골은 누가 뒤따라오면 화부터 낸다,오늘 경기로 증명된거 몽골은 누가 뒤따라오면 화부터 낸다,0.1370350420475006,0.14573237299919128,0.30974939465522766,0.22091084718704224,0.0956464409828186,0.0909259170293808
2024-05-19 23:51:10,싸전트 저 병신새낀 22등 되는게 빠를듯,21등 못벗어나고 짤려서 22등된다,After Lap,,싸전트 저 병신새낀 22등 되는게 빠를듯 21등 못벗어나고 짤려서 22등된다,싸전트 저 병신새낀 22등 되는게 빠를듯 21등 못벗어나고 짤려서 22등된다,0.2528558671474457,0.1399756371974945,0.1697155237197876,0.25687313079833984,0.08126877248287201,0.09931102395057678
2024-05-19 23:51:14,이와중 깨알 TMI,"베어만 아직도 12등임ㅋㅋ 대 웅 남
Oracle Red Bull Racing RB20",After Lap,,"이와중 깨알 TMI 베어만 아직도 12등임ㅋㅋ 대 웅 남
Oracle Red Bull Racing RB20",이와중 깨알 TMI 베어만 아직도 12등임ㅋㅋ 대 웅 남 Oracle Red Bull Racing RB20,0.08560732007026672,0.04899420589208603,0.17549778521060944,0.092739999294281,0.5638703107833862,0.033290404826402664
2024-05-19 23:51:16,타코년 하는꼴보면 컨챔 장담못할지도,병신아,After Lap,,타코년 하는꼴보면 컨챔 장담못할지도 병신아,타코년 하는꼴보면 컨챔 장담못할지도 병신아,0.1783602237701416,0.14712247252464294,0.17274148762226105,0.3266427516937256,0.07603861391544342,0.09909439831972122
2024-05-19 23:51:21,메르 씨발놈들 처참한거 봐라ㅋㅋ,ㅋㅋ,After Lap,,메르 씨발놈들 처참한거 봐라ㅋㅋ ㅋㅋ,메르 씨발놈들 처참한거 봐라ㅋㅋ ㅋㅋ,0.24606694281101227,0.10920856893062592,0.20231719315052032,0.22662119567394257,0.10476827621459961,0.11101783066987991
2024-05-19 23:51:35,"""다음주에도 나오라구요?""","""???""
- dc official App",After Lap,,"""다음주에도 나오라구요?"" ""???""
- dc official App","""다음주에도 나오라구요?"" ""???""",0.13182111084461212,0.1336548775434494,0.2981027066707611,0.24277779459953308,0.10583704710006714,0.08780637383460999
2024-05-19 23:51:40,사전트나 마제핀이나,ㅉㅉ,After Lap,,사전트나 마제핀이나 ㅉㅉ,사전트나 마제핀이나 ㅉㅉ,0.18414080142974854,0.20270505547523499,0.270881712436676,0.21431885659694672,0.07085814327001572,0.057095348834991455
2024-05-19 23:51:48,케로 왜캐 밀랍인형처럼 생겼냐,가만히 카메라 응시하니까 좀 무섭네,After Lap,,케로 왜캐 밀랍인형처럼 생겼냐 가만히 카메라 응시하니까 좀 무섭네,케로 왜캐 밀랍인형처럼 생겼냐 가만히 카메라 응시하니까 좀 무섭네,0.13287463784217834,0.06536074727773666,0.19406293332576752,0.33644163608551025,0.14081013202667236,0.13044990599155426
2024-05-19 23:52:05,페라리가 컨챔 드챔 2위만 지켜도 참 좋겠다.,"ㅇㅇ
- dc official App",After Lap,,"페라리가 컨챔 드챔 2위만 지켜도 참 좋겠다. ㅇㅇ
- dc official App",페라리가 컨챔 드챔 2위만 지켜도 참 좋겠다. ㅇㅇ,0.09654615074396133,0.09812241792678833,0.20779049396514893,0.15856024622917175,0.36414942145347595,0.07483135163784027
2024-05-19 23:52:06,사상 최악의 트랙 입갤ㅋㅋ,,After Lap,,사상 최악의 트랙 입갤ㅋㅋ ,사상 최악의 트랙 입갤ㅋㅋ,0.22826418280601501,0.18376311659812927,0.2507919371128082,0.14599183201789856,0.1196705549955368,0.07151833921670914
2024-05-19 23:52:26,오늘경기 풀로조진 승리의 엪붕이들 눌러볼까?,"일단나부터ㅋㅋ
몽골 미친놈아 쫄깃했다?
Oracle Red Bull Racing RB20",After Lap,,"오늘경기 풀로조진 승리의 엪붕이들 눌러볼까? 일단나부터ㅋㅋ
몽골 미친놈아 쫄깃했다?
Oracle Red Bull Racing RB20",오늘경기 풀로조진 승리의 엪붕이들 눌러볼까? 일단나부터ㅋㅋ 몽골 미친놈아 쫄깃했다? Oracle Red Bull Racing RB20,0.05486920848488808,0.033333033323287964,0.11010996252298355,0.06252331286668777,0.7123375535011292,0.02682698704302311
2024-05-19 23:52:32,아 씨발 담주토요일에 친구랑 맨더비 보기로했는데,"그때 모나코 퀄리네..
아 ㅁ시발 맨더비 별로 안땡기는데
그냥 퀄리 보고싶은데 어카지 하",After Lap,,"아 씨발 담주토요일에 친구랑 맨더비 보기로했는데 그때 모나코 퀄리네..
아 ㅁ시발 맨더비 별로 안땡기는데
그냥 퀄리 보고싶은데 어카지 하",아 씨발 담주토요일에 친구랑 맨더비 보기로했는데 그때 모나코 퀄리네.. 아 ㅁ시발 맨더비 별로 안땡기는데 그냥 퀄리 보고싶은데 어카지 하,0.1865261346101761,0.2384447604417801,0.2949366271495819,0.11898013204336166,0.10007535666227341,0.06103692576289177
2024-05-19 23:52:43,막가놈 올해 페라리 타도 우승 하려나 ㅋㅋ,막가놈 페라리 궁금하노 ㅋㅋ,After Lap,,막가놈 올해 페라리 타도 우승 하려나 ㅋㅋ 막가놈 페라리 궁금하노 ㅋㅋ,막가놈 올해 페라리 타도 우승 하려나 ㅋㅋ 막가놈 페라리 궁금하노 ㅋㅋ,0.09408789128065109,0.04717685282230377,0.20367082953453064,0.2734060287475586,0.2962148189544678,0.08544362336397171
2024-05-19 23:52:40,퀄리=레이스인 그랑프리 입갤 ㅋㅋ,그걸 깨부신 22대 라 리,After Lap,,퀄리=레이스인 그랑프리 입갤 ㅋㅋ 그걸 깨부신 22대 라 리,퀄리=레이스인 그랑프리 입갤 ㅋㅋ 그걸 깨부신 22대 라 리,0.16392265260219574,0.07217095792293549,0.21426238119602203,0.2729821801185608,0.14720876514911652,0.12945307791233063
2024-05-19 23:52:48,사랑해요 안형진,"케로 쿠팡 진세민 사랑해
엪붕이들도 뽀뽀쪽
잘자
- dc official App",After Lap,,"사랑해요 안형진 케로 쿠팡 진세민 사랑해
엪붕이들도 뽀뽀쪽
잘자
- dc official App",사랑해요 안형진 케로 쿠팡 진세민 사랑해 엪붕이들도 뽀뽀쪽 잘자,0.05668474733829498,0.045116275548934937,0.12407445162534714,0.0679280236363411,0.6745759844779968,0.03162053972482681
2024-05-19 23:52:57,샴페인 뿌릴 때 노래 뭐임?,멜론으로 찾아보려는데 해설 때문에 안 잡히네,After Lap,,샴페인 뿌릴 때 노래 뭐임? 멜론으로 찾아보려는데 해설 때문에 안 잡히네,샴페인 뿌릴 때 노래 뭐임? 멜론으로 찾아보려는데 해설 때문에 안 잡히네,0.12131285667419434,0.1216806098818779,0.3414519131183624,0.22814057767391205,0.11962827295064926,0.06778573244810104
2024-05-19 23:52:59,뭐야 퀄리 토요일아님?,스케줄 연동에 토요일로나오는디,After Lap,,뭐야 퀄리 토요일아님? 스케줄 연동에 토요일로나오는디,뭐야 퀄리 토요일아님? 스케줄 연동에 토요일로나오는디,0.14258086681365967,0.10467304289340973,0.2916715145111084,0.26732414960861206,0.11940070241689682,0.07434974610805511
2024-05-19 23:53:06,다음경기일정 공지에 올렸습니다,"모나코로 ㄱㄱ
과연 체코 드챔 순위는 어떻게 될지
https://m.dcinside.com/board/formula1/634213
[8라운드] 모나코 그랑프리 일정
- F1 마이너 갤러리
FORMULA 1 GRAND PRIX DE MONACO 20242024 포뮬러 원 모나코 그랑프리2024. 05. 24. ~ 2024. 05. 26.서포트 레이스 : 포뮬러 2 챔피언쉽, 포뮬러 3 챔피언쉽, 포르쉐
m.dcinside.com",After Lap,,"다음경기일정 공지에 올렸습니다 모나코로 ㄱㄱ
과연 체코 드챔 순위는 어떻게 될지
https://m.dcinside.com/board/formula1/634213
[8라운드] 모나코 그랑프리 일정
- F1 마이너 갤러리
FORMULA 1 GRAND PRIX DE MONACO 20242024 포뮬러 원 모나코 그랑프리2024. 05. 24. ~ 2024. 05. 26.서포트 레이스 : 포뮬러 2 챔피언쉽, 포뮬러 3 챔피언쉽, 포르쉐
m.dcinside.com","다음경기일정 공지에 올렸습니다 모나코로 ㄱㄱ 과연 체코 드챔 순위는 어떻게 될지 [8라운드] 모나코 그랑프리 일정 - F1 마이너 갤러리 FORMULA 1 GRAND PRIX DE MONACO 20242024 포뮬러 원 모나코 그랑프리2024. 05. 24. ~ 2024. 05. 26.서포트 레이스 : 포뮬러 2 챔피언쉽, 포뮬러 3 챔피언쉽, 포르쉐 m.dcinside.com",0.0865890309214592,0.04994938150048256,0.19201414287090302,0.20637229084968567,0.42699164152145386,0.03808349743485451
2024-05-19 23:53:06,25일 토요일인데 금요일로 나오네,까먹지 말 것,After Lap,,25일 토요일인데 금요일로 나오네 까먹지 말 것,25일 토요일인데 금요일로 나오네 까먹지 말 것,0.08004198223352432,0.0712888091802597,0.2729085385799408,0.189592644572258,0.31403040885925293,0.07213766872882843
2024-05-19 23:53:19,순수 레이스카 성능은 맥>레>페임?,현재까지,After Lap,,순수 레이스카 성능은 맥>레>페임? 현재까지,순수 레이스카 성능은 맥>레>페임? 현재까지,0.10557261109352112,0.07714646309614182,0.23539239168167114,0.33477210998535156,0.17561222612857819,0.07150422036647797
2024-05-19 23:53:20,F1<<<<요새 재밌으면 개추 ㅋㅋㅋㅋㅋㅋㅋㅋ,"볼맛나노 ㅋㅋㅋㅋㅋㅋㅋㅋ
- dc official App",After Lap,,"F1<<<<요새 재밌으면 개추 ㅋㅋㅋㅋㅋㅋㅋㅋ 볼맛나노 ㅋㅋㅋㅋㅋㅋㅋㅋ
- dc official App",F1<<<<요새 재밌으면 개추 ㅋㅋㅋㅋㅋㅋㅋㅋ 볼맛나노 ㅋㅋㅋㅋㅋㅋㅋㅋ,0.056124232709407806,0.03696805238723755,0.11285271495580673,0.06411219388246536,0.7055801749229431,0.02436264418065548
2024-05-19 23:53:34,모나코에서 추월했던 경기있었음?,??,After Lap,,모나코에서 추월했던 경기있었음? ??,모나코에서 추월했던 경기있었음? ??,0.1072072684764862,0.05595981329679489,0.21860076487064362,0.34766092896461487,0.17026065289974213,0.10031053423881531
2024-05-19 23:53:56,실버스톤이랑 스파 ㅈㄴ 기대된다,ㄹㅇ,After Lap,,실버스톤이랑 스파 ㅈㄴ 기대된다 ㄹㅇ,실버스톤이랑 스파 ㅈㄴ 기대된다 ㄹㅇ,0.06465992331504822,0.035796478390693665,0.15795119106769562,0.12320776283740997,0.5818331241607666,0.03655146807432175
2024-05-19 23:54:03,그래도 모나코를 어떻게 포기하냐..,"근본 원툴이라 해도
그 근본이 가슴을 울리는데..",After Lap,,"그래도 모나코를 어떻게 포기하냐.. 근본 원툴이라 해도
그 근본이 가슴을 울리는데..",그래도 모나코를 어떻게 포기하냐.. 근본 원툴이라 해도 그 근본이 가슴을 울리는데..,0.11150925606489182,0.13253635168075562,0.25175079703330994,0.2154523879289627,0.18592332303524017,0.10282793641090393
2024-05-19 23:54:22,막스 잘타긴 하더라 이건 차빨이라고 할 수 없지,"아 노리스 너무 아깝다
으아",After Lap,,"막스 잘타긴 하더라 이건 차빨이라고 할 수 없지 아 노리스 너무 아깝다
으아",막스 잘타긴 하더라 이건 차빨이라고 할 수 없지 아 노리스 너무 아깝다 으아,0.14201010763645172,0.17480643093585968,0.3124639093875885,0.16142718493938446,0.12533973157405853,0.08395269513130188
2024-05-19 23:54:35,드라이버 실력 정리,노리스 > 몽골 >> 미끌레,After Lap,,드라이버 실력 정리 노리스 > 몽골 >> 미끌레,드라이버 실력 정리 노리스 > 몽골 >> 미끌레,0.095695860683918,0.04918134957551956,0.23589156568050385,0.26441243290901184,0.2984077036380768,0.056411050260066986
2024-05-19 23:54:39,맥린이 오늘 첫라이브 인데 재밌엇어,"노리스 저번 우승때 입문 못한게 아쉽지만
오늘 7초대에서 1초대 좁힌게 도파민 맥스엿어
앞으로 계속 씽씽 달려줘요 랜도 횽 ㅠㅠ",After Lap,,"맥린이 오늘 첫라이브 인데 재밌엇어 노리스 저번 우승때 입문 못한게 아쉽지만
오늘 7초대에서 1초대 좁힌게 도파민 맥스엿어
앞으로 계속 씽씽 달려줘요 랜도 횽 ㅠㅠ",맥린이 오늘 첫라이브 인데 재밌엇어 노리스 저번 우승때 입문 못한게 아쉽지만 오늘 7초대에서 1초대 좁힌게 도파민 맥스엿어 앞으로 계속 씽씽 달려줘요 랜도 횽 ㅠㅠ,0.05564297363162041,0.053322743624448776,0.13455742597579956,0.06471823900938034,0.654875636100769,0.036882996559143066
2024-05-19 23:54:42,저번 이몰라에서도 노리스가 캐리했었는데,"2022 시즌 5등차 맥라렌으로
탑3 레페메 제외 유일한 포디움 등극",After Lap,,"저번 이몰라에서도 노리스가 캐리했었는데 2022 시즌 5등차 맥라렌으로
탑3 레페메 제외 유일한 포디움 등극",저번 이몰라에서도 노리스가 캐리했었는데 2022 시즌 5등차 맥라렌으로 탑3 레페메 제외 유일한 포디움 등극,0.05897490680217743,0.03332770615816116,0.158155158162117,0.11866405606269836,0.5830601453781128,0.047818005084991455
2024-05-19 23:55:18,막스가 0.05초 차이로 피한 건 노리스의 DRS가 아님,0.05초 차이로 주유소행을 피함,After Lap,,막스가 0.05초 차이로 피한 건 노리스의 DRS가 아님 0.05초 차이로 주유소행을 피함,막스가 0.05초 차이로 피한 건 노리스의 DRS가 아님 0.05초 차이로 주유소행을 피함,0.11046893894672394,0.07246220111846924,0.27233052253723145,0.27657222747802734,0.184322327375412,0.08384376019239426
2024-05-19 23:55:42,그래서 모나코 말인데,"이번에 또 체코가 플로어 공개하는거냐? ㅋㅋㅋ
- dc official App",After Lap,,"그래서 모나코 말인데 이번에 또 체코가 플로어 공개하는거냐? ㅋㅋㅋ
- dc official App",그래서 모나코 말인데 이번에 또 체코가 플로어 공개하는거냐? ㅋㅋㅋ,0.09565382450819016,0.05088236182928085,0.22979716956615448,0.28971394896507263,0.24710458517074585,0.0868481770157814
2024-05-19 23:56:02,맥라렌 << 이새끼는 그냥 소년 만화임,점점 성장하는게 보여서 기분 좋음,After Lap,,맥라렌 << 이새끼는 그냥 소년 만화임 점점 성장하는게 보여서 기분 좋음,맥라렌 << 이새끼는 그냥 소년 만화임 점점 성장하는게 보여서 기분 좋음,0.05928666144609451,0.03828449919819832,0.13361945748329163,0.08016567677259445,0.6523532867431641,0.036290399730205536
2024-05-19 23:56:12,오늘 꿀잼 1등공신,"이새끼가 자동문 안해줬으면
이렇게까지 갈 타이어 안남았다",After Lap,,"오늘 꿀잼 1등공신 이새끼가 자동문 안해줬으면
이렇게까지 갈 타이어 안남았다",오늘 꿀잼 1등공신 이새끼가 자동문 안해줬으면 이렇게까지 갈 타이어 안남았다,0.17080572247505188,0.13981953263282776,0.22355487942695618,0.08140812069177628,0.33801034092903137,0.04640147462487221
2024-05-19 23:56:38,맥라렌 말보루 컬러 리버리로 복귀하면 세나 30주기 버프로,모나코 우승함,After Lap,,맥라렌 말보루 컬러 리버리로 복귀하면 세나 30주기 버프로 모나코 우승함,맥라렌 말보루 컬러 리버리로 복귀하면 세나 30주기 버프로 모나코 우승함,0.09069280326366425,0.04778481274843216,0.17758925259113312,0.19214174151420593,0.4403778910636902,0.05141349881887436
2024-05-19 23:57:18,자우버 씨발아,저 노답팀을 응원하는 내가 병신이지,After Lap,,자우버 씨발아 저 노답팀을 응원하는 내가 병신이지,자우버 씨발아 저 노답팀을 응원하는 내가 병신이지,0.2682681977748871,0.25139015913009644,0.17814086377620697,0.16251984238624573,0.09170220792293549,0.0479787178337574
2024-05-19 23:57:27,세대교체 막 르 쥬 세명이서 드챔 따먹을줄 알았는데,"쥬지 똥차되니까 도박/기상캐스터 투툴로 전락
빈자리 노리스가 야무지게 꿰찼네
26년부터는 ㄹㅇ 모르겠다",After Lap,,"세대교체 막 르 쥬 세명이서 드챔 따먹을줄 알았는데 쥬지 똥차되니까 도박/기상캐스터 투툴로 전락
빈자리 노리스가 야무지게 꿰찼네
26년부터는 ㄹㅇ 모르겠다",세대교체 막 르 쥬 세명이서 드챔 따먹을줄 알았는데 쥬지 똥차되니까 도박/기상캐스터 투툴로 전락 빈자리 노리스가 야무지게 꿰찼네 26년부터는 ㄹㅇ 모르겠다,0.14590473473072052,0.1142033115029335,0.2540377378463745,0.27341294288635254,0.08130963146686554,0.13113169372081757
2024-05-19 23:57:32,뉴비 티포시였는데 멕라렌으로 갈아탄다,왜캐 호감임,After Lap,,뉴비 티포시였는데 멕라렌으로 갈아탄다 왜캐 호감임,뉴비 티포시였는데 멕라렌으로 갈아탄다 왜캐 호감임,0.056825827807188034,0.0325801782310009,0.15010486543178558,0.11371307820081711,0.6025946140289307,0.044181402772665024
2024-05-19 23:58:37,메르는 이제 진짜 뭐 없네,"더이상 엔진으로 승부보는 시대도 아니고
그렇다고 에어로가 좋은 것도 아니고
타 강팀에 비해 드라이버 실력이 두드러질 정도로 뛰어난 것도 아니고
그나마 잘하는 헝가로링에서라도 폴 따는걸 볼 수 있긴 할까
쥬지팬이였는데 이젠 더이상 희망이 안보인다",After Lap,,"메르는 이제 진짜 뭐 없네 더이상 엔진으로 승부보는 시대도 아니고
그렇다고 에어로가 좋은 것도 아니고
타 강팀에 비해 드라이버 실력이 두드러질 정도로 뛰어난 것도 아니고
그나마 잘하는 헝가로링에서라도 폴 따는걸 볼 수 있긴 할까
쥬지팬이였는데 이젠 더이상 희망이 안보인다",메르는 이제 진짜 뭐 없네 더이상 엔진으로 승부보는 시대도 아니고 그렇다고 에어로가 좋은 것도 아니고 타 강팀에 비해 드라이버 실력이 두드러질 정도로 뛰어난 것도 아니고 그나마 잘하는 헝가로링에서라도 폴 따는걸 볼 수 있긴 할까 쥬지팬이였는데 이젠 더이상 희망이 안보인다,0.14180797338485718,0.24881993234157562,0.2858244776725769,0.17772337794303894,0.07820810377597809,0.06761621683835983
2024-05-19 23:58:49,팬덤은 티포시가 씹 넘사네,롯데 자이언츠급이노,After Lap,,팬덤은 티포시가 씹 넘사네 롯데 자이언츠급이노,팬덤은 티포시가 씹 넘사네 롯데 자이언츠급이노,0.11348290741443634,0.04781866446137428,0.1971990466117859,0.34141942858695984,0.1808454543352127,0.11923447996377945
2024-05-19 23:59:01,노리스 몽골보다 잘타네 ㅇㅇ,ㅇㅇ,After Lap,,노리스 몽골보다 잘타네 ㅇㅇ ㅇㅇ,노리스 몽골보다 잘타네 ㅇㅇ ㅇㅇ,0.05744705721735954,0.03149351105093956,0.17895077168941498,0.14591427147388458,0.5333527326583862,0.0528416633605957
2024-05-19 23:59:11,Vpn 쿠플 네트워크 오류 <- 이거 어케 해결하냐,"퀄리파잉 재방은 틀어봤는데 잘나왔었음 라이브만 안됐다
결국 원격으로 한국에 있는 컴퓨터 들어가서 봄",After Lap,,"Vpn 쿠플 네트워크 오류 <- 이거 어케 해결하냐 퀄리파잉 재방은 틀어봤는데 잘나왔었음 라이브만 안됐다
결국 원격으로 한국에 있는 컴퓨터 들어가서 봄",Vpn 쿠플 네트워크 오류 <- 이거 어케 해결하냐 퀄리파잉 재방은 틀어봤는데 잘나왔었음 라이브만 안됐다 결국 원격으로 한국에 있는 컴퓨터 들어가서 봄,0.13574230670928955,0.15220649540424347,0.3392791450023651,0.13834036886692047,0.17736835777759552,0.05706332251429558
2024-05-19 23:59:22,질문이요,"오늘 다들 경기 재밌게 보셨는지요... 노리스 0.7초 0.8초때 는 몽골견으로써 짜릿했습니다..
질문은 다들 서킷에 시케인? 섹터 구분 코너 번호랑 이름 같은건 많이 보면서 외우시는건가요? 아니면 쉽게 외우는법이 따로 있나요?",After Lap,,"질문이요 오늘 다들 경기 재밌게 보셨는지요... 노리스 0.7초 0.8초때 는 몽골견으로써 짜릿했습니다..
질문은 다들 서킷에 시케인? 섹터 구분 코너 번호랑 이름 같은건 많이 보면서 외우시는건가요? 아니면 쉽게 외우는법이 따로 있나요?",질문이요 오늘 다들 경기 재밌게 보셨는지요... 노리스 0.7초 0.8초때 는 몽골견으로써 짜릿했습니다.. 질문은 다들 서킷에 시케인? 섹터 구분 코너 번호랑 이름 같은건 많이 보면서 외우시는건가요? 아니면 쉽게 외우는법이 따로 있나요?,0.08028915524482727,0.042296431958675385,0.22820529341697693,0.22900058329105377,0.3374846577644348,0.08272381871938705
2024-05-19 23:59:27,근데 이번 벨기에 그랑프리는 어떻게 진행되는거냐,"일정표 보니까 스파 24시랑 딱 겹치던데
- dc official App",After Lap,,"근데 이번 벨기에 그랑프리는 어떻게 진행되는거냐 일정표 보니까 스파 24시랑 딱 겹치던데
- dc official App",근데 이번 벨기에 그랑프리는 어떻게 진행되는거냐 일정표 보니까 스파 24시랑 딱 겹치던데,0.08897169679403305,0.05559911951422691,0.24708105623722076,0.29595229029655457,0.2278098464012146,0.08458597958087921
2024-05-19 23:59:31,오늘 은근 잘탄 드라이버,"P18로 시작해서 P12로 끝냄
하스 직빨머신 최대한 끌어써서 깔끔한 추월(결승선 스피드트랩 1위였던거 같은데)
(최중요) 사고 안침
저우관유따위한테 시트 뺏길 수는 없다는 의지를 보여준
황그누센",After Lap,,"오늘 은근 잘탄 드라이버 P18로 시작해서 P12로 끝냄
하스 직빨머신 최대한 끌어써서 깔끔한 추월(결승선 스피드트랩 1위였던거 같은데)
(최중요) 사고 안침
저우관유따위한테 시트 뺏길 수는 없다는 의지를 보여준
황그누센",오늘 은근 잘탄 드라이버 P18로 시작해서 P12로 끝냄 하스 직빨머신 최대한 끌어써서 깔끔한 추월(결승선 스피드트랩 1위였던거 같은데) (최중요) 사고 안침 저우관유따위한테 시트 뺏길 수는 없다는 의지를 보여준 황그누센,0.06819836795330048,0.06658371537923813,0.13806967437267303,0.0824911966919899,0.5970484018325806,0.0476086288690567
2024-05-19 23:59:33,레이스 안 보고 딸 친 내가 승리자,"이제 자면 댐 ㅋㅋㅋ
- dc official App",After Lap,,"레이스 안 보고 딸 친 내가 승리자 이제 자면 댐 ㅋㅋㅋ
- dc official App",레이스 안 보고 딸 친 내가 승리자 이제 자면 댐 ㅋㅋㅋ,0.09386615455150604,0.07416990399360657,0.14512771368026733,0.06937215477228165,0.5830230116844177,0.03444107249379158
2024-05-19 23:59:45,레드불 하드페이스가 너무 별로네,"프리시즌때는 소프트로 시발 15랩인가를 랩타임 유지하면서 달리고
미디엄도 존나 빠르고 오래가길래
이번 시즌도 걍 레드불이 압살하겠구만 했더니
이새끼들 하드에서 하자가 있었네
기대 안했었는데 덕분에 꿀잼임",After Lap,,"레드불 하드페이스가 너무 별로네 프리시즌때는 소프트로 시발 15랩인가를 랩타임 유지하면서 달리고
미디엄도 존나 빠르고 오래가길래
이번 시즌도 걍 레드불이 압살하겠구만 했더니
이새끼들 하드에서 하자가 있었네
기대 안했었는데 덕분에 꿀잼임",레드불 하드페이스가 너무 별로네 프리시즌때는 소프트로 시발 15랩인가를 랩타임 유지하면서 달리고 미디엄도 존나 빠르고 오래가길래 이번 시즌도 걍 레드불이 압살하겠구만 했더니 이새끼들 하드에서 하자가 있었네 기대 안했었는데 덕분에 꿀잼임,0.15388740599155426,0.1115063801407814,0.23291781544685364,0.15412327647209167,0.25368478894233704,0.09388026595115662
