post_timestamp,post_title,post_content,Lap_Label,LapNumber,combined_raw_text,processed_text,LABEL_1,LABEL_5,LABEL_0,LABEL_4,LABEL_3,LABEL_2
2024-03-24 13:00:14,페라리 내년에,퇴물탕 메르 보내고 사인지 영입 안되냐??,Before Lap,,페라리 내년에 퇴물탕 메르 보내고 사인지 영입 안되냐??,페라리 내년에 퇴물탕 메르 보내고 사인지 영입 안되냐??,0.24719387292861938,0.23447488248348236,0.18063998222351074,0.15508589148521423,0.09810424596071243,0.08450119197368622
2024-03-24 13:00:19,해밀턴 소프트라,,Before Lap,,해밀턴 소프트라 ,해밀턴 소프트라,0.20597508549690247,0.19577966630458832,0.09492497146129608,0.04834989458322525,0.41889604926109314,0.03607434406876564
2024-03-24 13:00:30,소프트 쓰는 놈 3명이나 있네,저걸쓴다고?,1,1.0,소프트 쓰는 놈 3명이나 있네 저걸쓴다고?,소프트 쓰는 놈 3명이나 있네 저걸쓴다고?,0.21719354391098022,0.312631756067276,0.1850517839193344,0.10805748403072357,0.0813843309879303,0.0956811010837555
2024-03-24 13:00:31,F1에서 아주 무섭게 느껴지는 것,"막스의 시대는 언젠간 끝나고
새로운 강점기를 열게 될 챔피언이 등장할 것이며
그 때 우리는 막스를 그리워하게 될 것 이라는거,,
DnD",1,1.0,"F1에서 아주 무섭게 느껴지는 것 막스의 시대는 언젠간 끝나고
새로운 강점기를 열게 될 챔피언이 등장할 것이며
그 때 우리는 막스를 그리워하게 될 것 이라는거,,
DnD","F1에서 아주 무섭게 느껴지는 것 막스의 시대는 언젠간 끝나고 새로운 강점기를 열게 될 챔피언이 등장할 것이며 그 때 우리는 막스를 그리워하게 될 것 이라는거,, DnD",0.22722455859184265,0.2513073682785034,0.10985680669546127,0.08876723796129227,0.20721134543418884,0.11563261598348618
2024-03-24 13:00:33,물탕해 소프트 ㅋㅋ,,1,1.0,물탕해 소프트 ㅋㅋ ,물탕해 소프트 ㅋㅋ,0.10976563394069672,0.06444559246301651,0.05420494079589844,0.038387179374694824,0.7075088620185852,0.02568773552775383
2024-03-24 13:00:34,물탕이 소프트 뭐노,ㅋㅋㅋㅋㅋㅋㅋㅋ,1,1.0,물탕이 소프트 뭐노 ㅋㅋㅋㅋㅋㅋㅋㅋ,물탕이 소프트 뭐노 ㅋㅋㅋㅋㅋㅋㅋㅋ,0.26346445083618164,0.3130890130996704,0.1182958334684372,0.06509588658809662,0.1482357233762741,0.09181909263134003
2024-03-24 13:00:41,알론소 헐크 하드,해밀턴 리카도 저우 소프트,1,1.0,알론소 헐크 하드 해밀턴 리카도 저우 소프트,알론소 헐크 하드 해밀턴 리카도 저우 소프트,0.2135702222585678,0.22408242523670197,0.09797996282577515,0.05381215363740921,0.3671496510505676,0.043405625969171524
2024-03-24 13:00:58,물탕대런저우 소프트 알론소헐크 하드스타트,나머지 전부 미듐,1,1.0,물탕대런저우 소프트 알론소헐크 하드스타트 나머지 전부 미듐,물탕대런저우 소프트 알론소헐크 하드스타트 나머지 전부 미듐,0.23129436373710632,0.24057640135288239,0.11460316181182861,0.06901228427886963,0.298300564289093,0.04621327295899391
2024-03-24 13:01:05,극단적인 선택 ㅋㅋㅋ,,1,1.0,극단적인 선택 ㅋㅋㅋ ,극단적인 선택 ㅋㅋㅋ,0.23288553953170776,0.286643922328949,0.16428512334823608,0.08498610556125641,0.1053762137889862,0.12582308053970337
2024-03-24 13:01:22,대부분 미하하 쓰겠네,ㅇㅇ,1,1.0,대부분 미하하 쓰겠네 ㅇㅇ,대부분 미하하 쓰겠네 ㅇㅇ,0.26435092091560364,0.2445247620344162,0.11705975979566574,0.07023313641548157,0.24641764163970947,0.057413749396800995
2024-03-24 13:01:36,소프트를 쓰노,,1,1.0,소프트를 쓰노 ,소프트를 쓰노,0.2857244610786438,0.2912517488002777,0.15194126963615417,0.09288239479064941,0.09758184850215912,0.08061829954385757
2024-03-24 13:01:44,뭐야 2시 아니었냐?,좆될뻔,1,1.0,뭐야 2시 아니었냐? 좆될뻔,뭐야 2시 아니었냐? 좆될뻔,0.2706505060195923,0.24705740809440613,0.1498127430677414,0.10306280851364136,0.11251045763492584,0.11690608412027359
2024-03-24 13:02:21,풍경 좋노 ㄹㅇ,함가보고싶네,2,2.0,풍경 좋노 ㄹㅇ 함가보고싶네,풍경 좋노 ㄹㅇ 함가보고싶네,0.1691901832818985,0.14147450029850006,0.060681648552417755,0.03420722112059593,0.549385666847229,0.045060835778713226
2024-03-24 13:02:30,저건 또 언제적 사진이노ㅋㅋㅋㅋㅋㅋ,,2,2.0,저건 또 언제적 사진이노ㅋㅋㅋㅋㅋㅋ ,저건 또 언제적 사진이노ㅋㅋㅋㅋㅋㅋ,0.2581559717655182,0.3145146369934082,0.1404852718114853,0.06477542966604233,0.12797541916370392,0.09409325569868088
2024-03-24 13:02:34,이게 행복이지 컄ㅋㅋㅋㅋㅋㅋㅋㅋㅋㅋㅋㅋ,"ㅋㅋㅋ
- dc official App",2,2.0,"이게 행복이지 컄ㅋㅋㅋㅋㅋㅋㅋㅋㅋㅋㅋㅋ ㅋㅋㅋ
- dc official App",이게 행복이지 컄ㅋㅋㅋㅋㅋㅋㅋㅋㅋㅋㅋㅋ ㅋㅋㅋ,0.11168341338634491,0.05901945009827614,0.058587346225976944,0.04286229982972145,0.703608512878418,0.024238938465714455
2024-03-24 13:02:42,머야 랜도 왜 p3야,체코 어디감,2,2.0,머야 랜도 왜 p3야 체코 어디감,머야 랜도 왜 p3야 체코 어디감,0.3040015697479248,0.25293201208114624,0.1486942619085312,0.12113440781831741,0.10913700610399246,0.0641007274389267
2024-03-24 13:02:42,해밀턴 기도 메타 시작한거 보니까 페라리 딱인거 같기도,ㄹㅇㅋㅋ,2,2.0,해밀턴 기도 메타 시작한거 보니까 페라리 딱인거 같기도 ㄹㅇㅋㅋ,해밀턴 기도 메타 시작한거 보니까 페라리 딱인거 같기도 ㄹㅇㅋㅋ,0.16043990850448608,0.14529912173748016,0.061945993453264236,0.030298300087451935,0.5501429438591003,0.05187372863292694
2024-03-24 13:02:42,로슨 ㅋㅋㅋㅋㅋㅋㅋㅋㅋㅋ,ㅋㅋㅋㅋ,2,2.0,로슨 ㅋㅋㅋㅋㅋㅋㅋㅋㅋㅋ ㅋㅋㅋㅋ,로슨 ㅋㅋㅋㅋㅋㅋㅋㅋㅋㅋ ㅋㅋㅋㅋ,0.14468860626220703,0.09415924549102783,0.07076511532068253,0.033339839428663254,0.6293232440948486,0.027723923325538635
2024-03-24 13:02:48,리카도 앳됐다 ㅋㅋㅋㅋ,,2,2.0,리카도 앳됐다 ㅋㅋㅋㅋ ,리카도 앳됐다 ㅋㅋㅋㅋ,0.17688219249248505,0.14025458693504333,0.07124214619398117,0.038102369755506516,0.5280534625053406,0.04546523839235306
2024-03-24 13:02:49,로슨 빨리 시트 내놓으라는 표정이노,,2,2.0,로슨 빨리 시트 내놓으라는 표정이노 ,로슨 빨리 시트 내놓으라는 표정이노,0.27726757526397705,0.27308857440948486,0.15661905705928802,0.11436498910188675,0.06849188357591629,0.11016795039176941
2024-03-24 13:02:58,물탕이햄은 최근에 호주에서 우승 못했었네,,2,2.0,물탕이햄은 최근에 호주에서 우승 못했었네 ,물탕이햄은 최근에 호주에서 우승 못했었네,0.2664816379547119,0.3086409866809845,0.09354764223098755,0.05015292391180992,0.17520953714847565,0.1059672012925148
2024-03-24 13:02:59,팬카 밴먹었다고 하지 않았냐?,왜 다운포스 받는 속도 아닌데도 멀쩡하게 천장에 매달려있음?,2,2.0,팬카 밴먹었다고 하지 않았냐? 왜 다운포스 받는 속도 아닌데도 멀쩡하게 천장에 매달려있음?,팬카 밴먹었다고 하지 않았냐? 왜 다운포스 받는 속도 아닌데도 멀쩡하게 천장에 매달려있음?,0.21054741740226746,0.3387078642845154,0.1535019874572754,0.08440336585044861,0.11940445750951767,0.0934348851442337
2024-03-24 13:03:10,대런은 로슨한테 자리 넘겨야,"타이어 테스트 도르도 너무 우려먹었다 ㄹㅇ
- dc official App",2,2.0,"대런은 로슨한테 자리 넘겨야 타이어 테스트 도르도 너무 우려먹었다 ㄹㅇ
- dc official App",대런은 로슨한테 자리 넘겨야 타이어 테스트 도르도 너무 우려먹었다 ㄹㅇ,0.297065794467926,0.18016313016414642,0.1846058964729309,0.18160325288772583,0.10013758391141891,0.05642436072230339
2024-03-24 13:03:14,잘해줘 보타스 젭알,,2,2.0,잘해줘 보타스 젭알 ,잘해줘 보타스 젭알,0.1636020392179489,0.1218690499663353,0.07838822901248932,0.07878492027521133,0.4988005459308624,0.05855529382824898
2024-03-24 13:03:29,딱 맞춰서 밥 다먹었다,섹스 출발 ㅋㅋ,3,3.0,딱 맞춰서 밥 다먹었다 섹스 출발 ㅋㅋ,딱 맞춰서 밥 다먹었다 섹스 출발 ㅋㅋ,0.11248407512903214,0.0599214993417263,0.06215899437665939,0.04479530081152916,0.6956546306610107,0.024985484778881073
2024-03-24 13:03:38,가자아아아아아,,3,3.0,가자아아아아아 ,가자아아아아아,0.11488837748765945,0.07820402085781097,0.062165845185518265,0.04173164814710617,0.6751965880393982,0.02781350538134575
2024-03-24 13:03:47,드가자~,ㅂ,3,3.0,드가자~ ㅂ,드가자~ ㅂ,0.11937494575977325,0.0794164165854454,0.05644681677222252,0.039293188601732254,0.6758168935775757,0.02965175360441208
2024-03-24 13:03:47,자 드가자 ~,,3,3.0,자 드가자 ~ ,자 드가자 ~,0.12873753905296326,0.09674739092588425,0.06966879218816757,0.045386672019958496,0.6249634623527527,0.034496136009693146
2024-03-24 13:03:51,ㄷㄱㅈ,,3,3.0,ㄷㄱㅈ ,ㄷㄱㅈ,0.23575451970100403,0.13861428201198578,0.16264624893665314,0.0733119398355484,0.3386039733886719,0.051068976521492004
2024-03-24 13:03:51,드가자 ㅋㅋㅋㅋㅋㅋㅋㅋ,,3,3.0,드가자 ㅋㅋㅋㅋㅋㅋㅋㅋ ,드가자 ㅋㅋㅋㅋㅋㅋㅋㅋ,0.10813235491514206,0.06818331032991409,0.054757244884967804,0.03456932306289673,0.7098183035850525,0.024539509788155556
2024-03-24 13:03:52,레이스 스따뜨ㅋㅋㅋㅋㅋㅋㅋㅋㅋㅋㅋ,,3,3.0,레이스 스따뜨ㅋㅋㅋㅋㅋㅋㅋㅋㅋㅋㅋ ,레이스 스따뜨ㅋㅋㅋㅋㅋㅋㅋㅋㅋㅋㅋ,0.11274077743291855,0.08242852985858917,0.06403104215860367,0.03181704878807068,0.6849637031555176,0.02401890978217125
2024-03-24 13:03:53,야스 출발ㄷㄷ,,3,3.0,야스 출발ㄷㄷ ,야스 출발ㄷㄷ,0.1550333946943283,0.13545773923397064,0.05852799117565155,0.03061341866850853,0.5782707929611206,0.042096685618162155
2024-03-24 13:03:54,드가자 ㅋㅋㅋ,ㅋㅋ,3,3.0,드가자 ㅋㅋㅋ ㅋㅋ,드가자 ㅋㅋㅋ ㅋㅋ,0.11287421733140945,0.06877482682466507,0.05540107563138008,0.03473209962248802,0.7039595246315002,0.024258233606815338
2024-03-24 13:03:56,드가좤ㅋㅋㅋㅋㅋㅋㅋㅋㅋㅋㅋ,,3,3.0,드가좤ㅋㅋㅋㅋㅋㅋㅋㅋㅋㅋㅋ ,드가좤ㅋㅋㅋㅋㅋㅋㅋㅋㅋㅋㅋ,0.16415274143218994,0.10410944372415543,0.10288504511117935,0.045446351170539856,0.5537213087081909,0.029685167595744133
2024-03-24 13:04:04,무빵ㅋㅋㅋㅋ,- dc official App,3,3.0,무빵ㅋㅋㅋㅋ - dc official App,무빵ㅋㅋㅋㅋ - dc official App,0.10659333318471909,0.07543429732322693,0.057295430451631546,0.032988157123327255,0.7044582366943359,0.023230526596307755
2024-03-24 13:04:06,here we go ㅋㅋㅋㅋㅋ,ㅋㅋㅋㅋㅇㅇㅁㄴㅇ,3,3.0,here we go ㅋㅋㅋㅋㅋ ㅋㅋㅋㅋㅇㅇㅁㄴㅇ,here we go ㅋㅋㅋㅋㅋ ㅋㅋㅋㅋㅇㅇㅁㄴㅇ,0.11175643652677536,0.0630582869052887,0.054254576563835144,0.03606569766998291,0.7119390964508057,0.02292594499886036
2024-03-24 13:04:07,막스 우승 ㅅㄱ,,3,3.0,막스 우승 ㅅㄱ ,막스 우승 ㅅㄱ,0.11288374662399292,0.06617817282676697,0.05330449342727661,0.03872769698500633,0.7003267407417297,0.028579117730259895
2024-03-24 13:04:15,레이스 종료 자러감 ㅂㅂ,,3,3.0,레이스 종료 자러감 ㅂㅂ ,레이스 종료 자러감 ㅂㅂ,0.2113575041294098,0.0963248685002327,0.12272942066192627,0.08132485300302505,0.44782739877700806,0.04043594002723694
2024-03-24 13:04:21,드가자ㅋㅋㅋㅋ,ㅋㅋㅋ,3,3.0,드가자ㅋㅋㅋㅋ ㅋㅋㅋ,드가자ㅋㅋㅋㅋ ㅋㅋㅋ,0.1108432337641716,0.06819959729909897,0.055732253938913345,0.035299140959978104,0.7054899334907532,0.02443588525056839
2024-03-24 13:04:19,사고도 없노 ㅅㅂ,,3,3.0,사고도 없노 ㅅㅂ ,사고도 없노 ㅅㅂ,0.2136644572019577,0.10518863052129745,0.28191667795181274,0.22950224578380585,0.13242417573928833,0.03730383887887001
2024-03-24 13:04:27,막스우승 ㄹㅇㅋㅋ,아 노잼,3,3.0,막스우승 ㄹㅇㅋㅋ 아 노잼,막스우승 ㄹㅇㅋㅋ 아 노잼,0.32541313767433167,0.15647800266742706,0.17309905588626862,0.14331568777561188,0.141774982213974,0.05991911515593529
2024-03-24 13:04:32,노잼,ㄹㅇ,3,3.0,노잼 ㄹㅇ,노잼 ㄹㅇ,0.31379103660583496,0.16759857535362244,0.17291244864463806,0.14838580787181854,0.1355491429567337,0.0617629736661911
2024-03-24 13:04:32,속보) 막스 베르스타펜 호주 그랑프리 우승,,3,3.0,속보) 막스 베르스타펜 호주 그랑프리 우승 ,속보) 막스 베르스타펜 호주 그랑프리 우승,0.17653489112854004,0.1542012244462967,0.0699562281370163,0.03902105614542961,0.5234761238098145,0.03681048005819321
2024-03-24 13:04:35,(경기종료) 막스 베르스타펜 우승,ㅅㄱ,3,3.0,(경기종료) 막스 베르스타펜 우승 ㅅㄱ,(경기종료) 막스 베르스타펜 우승 ㅅㄱ,0.11907994747161865,0.0726466104388237,0.06174718961119652,0.03978239372372627,0.6789498925209045,0.027794035151600838
2024-03-24 13:04:38,막스 우승 확정 ㅋㅋㅋㅋㅋㅋㅋ,"ㅋㅋㅋㅋㅋ
- dc official App",3,3.0,"막스 우승 확정 ㅋㅋㅋㅋㅋㅋㅋ ㅋㅋㅋㅋㅋ
- dc official App",막스 우승 확정 ㅋㅋㅋㅋㅋㅋㅋ ㅋㅋㅋㅋㅋ,0.11083276569843292,0.06138429045677185,0.054282285273075104,0.03480291739106178,0.7139770984649658,0.024720704182982445
2024-03-24 13:04:41,벌써 멀어지네 십 ㅋㅋㅋㅋ,,3,3.0,벌써 멀어지네 십 ㅋㅋㅋㅋ ,벌써 멀어지네 십 ㅋㅋㅋㅋ,0.2594303488731384,0.11609254032373428,0.23425516486167908,0.19919326901435852,0.12144859880208969,0.0695800930261612
2024-03-24 13:04:43,1랩 충돌이 아무도 없는거야?,개노잼,3,3.0,1랩 충돌이 아무도 없는거야? 개노잼,1랩 충돌이 아무도 없는거야? 개노잼,0.3289079964160919,0.17807607352733612,0.16971945762634277,0.15129844844341278,0.10708922892808914,0.06490883231163025
2024-03-24 13:04:40,이걸 무빵으로 가네;;,- dc official App,3,3.0,이걸 무빵으로 가네;; - dc official App,이걸 무빵으로 가네;; - dc official App,0.30937427282333374,0.22778639197349548,0.14599105715751648,0.10046343505382538,0.11458561569452286,0.10179921984672546
2024-03-24 13:04:48,현 시점 아시아 최고의 드라이버는 누구냐?,ㅇ,3,3.0,현 시점 아시아 최고의 드라이버는 누구냐? ㅇ,현 시점 아시아 최고의 드라이버는 누구냐? ㅇ,0.2231719046831131,0.2871263921260834,0.08387506008148193,0.051024746149778366,0.2795957922935486,0.07520613819360733
2024-03-24 13:04:49,막스베르스타펜의 호주 gp 우승을 축하드립니다,"빰 빠빠 빠라라빠 빠 빠삐빠빠빠바바바빠~
- dc official App",3,3.0,"막스베르스타펜의 호주 gp 우승을 축하드립니다 빰 빠빠 빠라라빠 빠 빠삐빠빠빠바바바빠~
- dc official App",막스베르스타펜의 호주 gp 우승을 축하드립니다 빰 빠빠 빠라라빠 빠 빠삐빠빠빠바바바빠~,0.11489620059728622,0.0649990513920784,0.05229892581701279,0.03571515530347824,0.7062448859214783,0.025845801457762718
2024-03-24 13:04:50,에이 1번코너 어뢰 다 어디갓노,에잉,3,3.0,에이 1번코너 어뢰 다 어디갓노 에잉,에이 1번코너 어뢰 다 어디갓노 에잉,0.2713854908943176,0.1396113932132721,0.2580774426460266,0.1835108995437622,0.10602808743715286,0.041386689990758896
2024-03-24 13:04:53,끝났다,씨발,4,4.0,끝났다 씨발,끝났다 씨발,0.2182324379682541,0.11731819063425064,0.26994359493255615,0.20421196520328522,0.14410486817359924,0.046188902109861374
2024-03-24 13:04:54,와 이번 레이스 재밌었다 ㅋㅋㅋ,레이스 다봄,4,4.0,와 이번 레이스 재밌었다 ㅋㅋㅋ 레이스 다봄,와 이번 레이스 재밌었다 ㅋㅋㅋ 레이스 다봄,0.14232589304447174,0.06684350967407227,0.06439635902643204,0.041561830788850784,0.6607435345649719,0.024128876626491547
2024-03-24 13:05:04,쥬지 체코 넘어갔노,ㅋㅋ,4,4.0,쥬지 체코 넘어갔노 ㅋㅋ,쥬지 체코 넘어갔노 ㅋㅋ,0.2170161008834839,0.16986292600631714,0.07205749303102493,0.03656870871782303,0.44493845105171204,0.05955636873841286
2024-03-24 13:05:03,페라리 화이팅^^,제발 따포 가자!,4,4.0,페라리 화이팅^^ 제발 따포 가자!,페라리 화이팅^^ 제발 따포 가자!,0.13045679032802582,0.0892733484506607,0.059509001672267914,0.04024748504161835,0.6452885866165161,0.03522481396794319
2024-03-24 13:05:09,진짜 1등은 누구임??,"페레즈? 사인즈? 노리스?
가짜1등 그새낀 빼고",4,4.0,"진짜 1등은 누구임?? 페레즈? 사인즈? 노리스?
가짜1등 그새낀 빼고",진짜 1등은 누구임?? 페레즈? 사인즈? 노리스? 가짜1등 그새낀 빼고,0.2394474744796753,0.3295804262161255,0.12380477786064148,0.09082069247961044,0.12612323462963104,0.09022344648838043
2024-03-24 13:05:10,대황쥬지ㅋㅋㅋㅋ,ㅋㅋ,4,4.0,대황쥬지ㅋㅋㅋㅋ ㅋㅋ,대황쥬지ㅋㅋㅋㅋ ㅋㅋ,0.1050102487206459,0.059149324893951416,0.05516628921031952,0.03678496181964874,0.7196225523948669,0.024266542866826057
2024-03-24 13:05:10,음료수팔이보다 차 못만드는 자동차 회사들 자살해 ㅋㅋㅋㅋ,ㅋㅋㅋㅋㅋㅁ,4,4.0,음료수팔이보다 차 못만드는 자동차 회사들 자살해 ㅋㅋㅋㅋ ㅋㅋㅋㅋㅋㅁ,음료수팔이보다 차 못만드는 자동차 회사들 자살해 ㅋㅋㅋㅋ ㅋㅋㅋㅋㅋㅁ,0.20841622352600098,0.22825081646442413,0.2722925841808319,0.11706800013780594,0.09588582813739777,0.07808659225702286
2024-03-24 13:05:12,체코 추월당함 ㅋㅋㅋㅋㅋ,,4,4.0,체코 추월당함 ㅋㅋㅋㅋㅋ ,체코 추월당함 ㅋㅋㅋㅋㅋ,0.24224144220352173,0.19058217108249664,0.11948805302381516,0.05130485072731972,0.3319928050041199,0.06439069658517838
2024-03-24 13:05:16,병신 쥬지한테 따였노ㅋㅋㅋㅋㅋㅋ,ㅋㅋㅋㅋㅋ,4,4.0,병신 쥬지한테 따였노ㅋㅋㅋㅋㅋㅋ ㅋㅋㅋㅋㅋ,병신 쥬지한테 따였노ㅋㅋㅋㅋㅋㅋ ㅋㅋㅋㅋㅋ,0.30361953377723694,0.21399430930614471,0.1257224678993225,0.061748042702674866,0.19486485421657562,0.10005082935094833
2024-03-24 13:05:19,체코 와중에 체코행동ㅋㅋㅋㅋㅋㅋㅋ,ㅋㅋㅋ,4,4.0,체코 와중에 체코행동ㅋㅋㅋㅋㅋㅋㅋ ㅋㅋㅋ,체코 와중에 체코행동ㅋㅋㅋㅋㅋㅋㅋ ㅋㅋㅋ,0.23391522467136383,0.1854412704706192,0.1056261882185936,0.04796278476715088,0.3770506978034973,0.05000384896993637
2024-03-24 13:05:22,재미없으면 개추 ㅋㅋ,,4,4.0,재미없으면 개추 ㅋㅋ ,재미없으면 개추 ㅋㅋ,0.2968602180480957,0.19228805601596832,0.12861210107803345,0.08533882349729538,0.2337653487920761,0.06313551217317581
2024-03-24 13:05:40,막스우승이네,- dc official App,4,4.0,막스우승이네 - dc official App,막스우승이네 - dc official App,0.1552460938692093,0.13285264372825623,0.06273091584444046,0.03583119064569473,0.5738173127174377,0.03952190279960632
2024-03-24 13:05:48,0.2초 ? ㅋㅋ,,4,4.0,0.2초 ? ㅋㅋ ,0.2초 ? ㅋㅋ,0.26146194338798523,0.2651716470718384,0.15835081040859222,0.077046237885952,0.1440018266439438,0.0939674973487854
2024-03-24 13:05:51,오 대인츠 ㅈㅂㅈㅂ,,4,4.0,오 대인츠 ㅈㅂㅈㅂ ,오 대인츠 ㅈㅂㅈㅂ,0.11963064223527908,0.080245740711689,0.05458297207951546,0.03712634742259979,0.6753686666488647,0.03304557874798775
2024-03-24 13:05:53,오늘 체코가 P2까지 얼마나 걸리느냐를 보겠읍니다,딸깍딸깍,4,4.0,오늘 체코가 P2까지 얼마나 걸리느냐를 보겠읍니다 딸깍딸깍,오늘 체코가 P2까지 얼마나 걸리느냐를 보겠읍니다 딸깍딸깍,0.21975041925907135,0.23584392666816711,0.08531694859266281,0.05757717043161392,0.3381749391555786,0.06333654373884201
2024-03-24 13:06:02,대인지 가보자,ㅇㅇ,4,4.0,대인지 가보자 ㅇㅇ,대인지 가보자 ㅇㅇ,0.1566743552684784,0.12970685958862305,0.06478206068277359,0.03847998380661011,0.5718680620193481,0.03848860040307045
2024-03-24 13:06:03,ㅅㅂ 사인츠 !!!!!!!!!!,베르스타펜 따라 붙는거보소 ㅋㅋㅋ,4,4.0,ㅅㅂ 사인츠 !!!!!!!!!! 베르스타펜 따라 붙는거보소 ㅋㅋㅋ,ㅅㅂ 사인츠 !!!!!!!!!! 베르스타펜 따라 붙는거보소 ㅋㅋㅋ,0.17679905891418457,0.12375528365373611,0.09232860058546066,0.04063158109784126,0.5236194133758545,0.04286610335111618
2024-03-24 13:06:04,대인츠 잘붙는데?,가냐?,4,4.0,대인츠 잘붙는데? 가냐?,대인츠 잘붙는데? 가냐?,0.2228199690580368,0.2597242593765259,0.08177413046360016,0.05762847885489464,0.3037455677986145,0.07430766522884369
2024-03-24 13:06:06,대 인 츠 ㅋㅋㅋㅋㅋㅋㅋㅋ,,4,4.0,대 인 츠 ㅋㅋㅋㅋㅋㅋㅋㅋ ,대 인 츠 ㅋㅋㅋㅋㅋㅋㅋㅋ,0.11570404469966888,0.07842638343572617,0.06009722501039505,0.031074367463588715,0.6904192566871643,0.024278733879327774
2024-03-24 13:06:08,역시 퍼스트행동 사인츠 ㅋㅋㅋㅋㅋㅋㅋㅋㅋㅋ,"ㅅㅅ
- dc official App",4,4.0,"역시 퍼스트행동 사인츠 ㅋㅋㅋㅋㅋㅋㅋㅋㅋㅋ ㅅㅅ
- dc official App",역시 퍼스트행동 사인츠 ㅋㅋㅋㅋㅋㅋㅋㅋㅋㅋ ㅅㅅ,0.10875558853149414,0.058927278965711594,0.05242602899670601,0.0387207455933094,0.7168293595314026,0.024341033771634102
2024-03-24 13:06:08,ㅅㅅㅅㅅㅅㅅㅅㅅㅅㅅㅅㅅ,,4,4.0,ㅅㅅㅅㅅㅅㅅㅅㅅㅅㅅㅅㅅ ,ㅅㅅㅅㅅㅅㅅㅅㅅㅅㅅㅅㅅ,0.11221001297235489,0.06122962385416031,0.05740769952535629,0.042010337114334106,0.7057167887687683,0.02142556756734848
2024-03-24 13:06:06,대인츠ㄷㄷㄷㄷㄷ,,4,4.0,대인츠ㄷㄷㄷㄷㄷ ,대인츠ㄷㄷㄷㄷㄷ,0.2068701535463333,0.34273573756217957,0.1099407821893692,0.04341108351945877,0.19487187266349792,0.10217036306858063
2024-03-24 13:06:09,사인지 컄ㅋㅋㅋㅋㅋㅋㅋㅋㅋㅋㅋㅋ,,4,4.0,사인지 컄ㅋㅋㅋㅋㅋㅋㅋㅋㅋㅋㅋㅋ ,사인지 컄ㅋㅋㅋㅋㅋㅋㅋㅋㅋㅋㅋㅋ,0.1179293766617775,0.08166186511516571,0.055994387716054916,0.031095635145902634,0.6886740922927856,0.024644650518894196
2024-03-24 13:06:11,대인지ㅋㅋㅋㅋㅋㅋ,ㅋㅋ,4,4.0,대인지ㅋㅋㅋㅋㅋㅋ ㅋㅋ,대인지ㅋㅋㅋㅋㅋㅋ ㅋㅋ,0.11942757666110992,0.07933000475168228,0.05607960745692253,0.032400377094745636,0.6880820393562317,0.02468039095401764
2024-03-24 13:06:11,ㅅㅅㅅㅅㅅ,,4,4.0,ㅅㅅㅅㅅㅅ ,ㅅㅅㅅㅅㅅ,0.11381933838129044,0.0719921812415123,0.05959415063261986,0.04093298688530922,0.691032350063324,0.02262905240058899
2024-03-24 13:06:12,어 시발 형이야 ㅋㅋㅋ,,4,4.0,어 시발 형이야 ㅋㅋㅋ ,어 시발 형이야 ㅋㅋㅋ,0.27352049946784973,0.1339796632528305,0.16048429906368256,0.07457315921783447,0.2799496650695801,0.07749278098344803
2024-03-24 13:06:13,대 인 츠,ㄷ,4,4.0,대 인 츠 ㄷ,대 인 츠 ㄷ,0.16588258743286133,0.1602640450000763,0.06215508654713631,0.028684137389063835,0.5377101302146912,0.045303989201784134
2024-03-24 13:06:15,대 인 지,,5,5.0,대 인 지 ,대 인 지,0.22664666175842285,0.30738741159439087,0.09294664114713669,0.05632852762937546,0.23367434740066528,0.08301649242639542
2024-03-24 13:06:13,대 라 리 시발 ㅋㅋㅋㅋㅋㅋ,- dc official App,4,4.0,대 라 리 시발 ㅋㅋㅋㅋㅋㅋ - dc official App,대 라 리 시발 ㅋㅋㅋㅋㅋㅋ - dc official App,0.21401317417621613,0.16472774744033813,0.26559558510780334,0.09377603232860565,0.19656842947006226,0.0653190016746521
2024-03-24 13:06:15,우리 퍼스트 ㅋㅋㅋㅋㅋ,,5,5.0,우리 퍼스트 ㅋㅋㅋㅋㅋ ,우리 퍼스트 ㅋㅋㅋㅋㅋ,0.11939656734466553,0.0783623456954956,0.05834206938743591,0.039558395743370056,0.6740806102752686,0.0302599985152483
2024-03-24 13:06:15,티포시의 주말ㅋㅋㅋㅋㅋㅋㅋㅋㅋㅋㅋ,,5,5.0,티포시의 주말ㅋㅋㅋㅋㅋㅋㅋㅋㅋㅋㅋ ,티포시의 주말ㅋㅋㅋㅋㅋㅋㅋㅋㅋㅋㅋ,0.11201145499944687,0.061593085527420044,0.06450273096561432,0.04089657962322235,0.697258710861206,0.023737426847219467
2024-03-24 13:06:16,대인츠 ㄷㄷㄷ,ㄷㄷㄷ,5,5.0,대인츠 ㄷㄷㄷ ㄷㄷㄷ,대인츠 ㄷㄷㄷ ㄷㄷㄷ,0.20307986438274384,0.3447909653186798,0.12260152399539948,0.05368655547499657,0.16554899513721466,0.11029206961393356
2024-03-24 13:06:17,갑자기 개꿀잼ㅋㅋㅋㅋㅋㅋㅋㅋ,ㅋㅋㅋㅋㅋㅋㅁㄴㅇ,5,5.0,갑자기 개꿀잼ㅋㅋㅋㅋㅋㅋㅋㅋ ㅋㅋㅋㅋㅋㅋㅁㄴㅇ,갑자기 개꿀잼ㅋㅋㅋㅋㅋㅋㅋㅋ ㅋㅋㅋㅋㅋㅋㅁㄴㅇ,0.11244775354862213,0.06767923384904861,0.05720300227403641,0.0351785272359848,0.704234778881073,0.023256737738847733
2024-03-24 13:06:18,대라리 ㅋㅋㅋㅋㅋ,,5,5.0,대라리 ㅋㅋㅋㅋㅋ ,대라리 ㅋㅋㅋㅋㅋ,0.12056615948677063,0.08050042390823364,0.060869015753269196,0.03353911638259888,0.6780325174331665,0.02649282105267048
2024-03-24 13:06:19,대인지 ㅋㅋㅋㅋㅋㅋㅋ,엌ㅋㅋㅋㅋ,5,5.0,대인지 ㅋㅋㅋㅋㅋㅋㅋ 엌ㅋㅋㅋㅋ,대인지 ㅋㅋㅋㅋㅋㅋㅋ 엌ㅋㅋㅋㅋ,0.13122552633285522,0.09893441945314407,0.05632566288113594,0.030047506093978882,0.6552472710609436,0.028219640254974365
2024-03-24 13:06:18,갑자기 재미있으면 개추,ㅋㅋㅋㅋㅋ,5,5.0,갑자기 재미있으면 개추 ㅋㅋㅋㅋㅋ,갑자기 재미있으면 개추 ㅋㅋㅋㅋㅋ,0.11803945153951645,0.07454685121774673,0.05442405864596367,0.03329237550497055,0.6938267350196838,0.025870591402053833
2024-03-24 13:06:20,대인짘ㅋㅋㅋ,ㅋㅋㅋㅋㅋ,5,5.0,대인짘ㅋㅋㅋ ㅋㅋㅋㅋㅋ,대인짘ㅋㅋㅋ ㅋㅋㅋㅋㅋ,0.11394278705120087,0.07161536812782288,0.055847346782684326,0.03290804848074913,0.702211856842041,0.02347460575401783
2024-03-24 13:06:20,대인츠 컄ㅋㅋㅋㅋㅋㅋㅋㅋㅋㅋ,"ㅋㅋㅋㅋㅋㅋ
- dc official App",5,5.0,"대인츠 컄ㅋㅋㅋㅋㅋㅋㅋㅋㅋㅋ ㅋㅋㅋㅋㅋㅋ
- dc official App",대인츠 컄ㅋㅋㅋㅋㅋㅋㅋㅋㅋㅋ ㅋㅋㅋㅋㅋㅋ,0.1174091249704361,0.0715193971991539,0.06036824733018875,0.032888926565647125,0.6945294141769409,0.023284949362277985
2024-03-24 13:06:20,막스 추월 얼마만에 보냐 ㅋㅋㅋㅋㅋㅋㅋㅋㅋㅋ,,5,5.0,막스 추월 얼마만에 보냐 ㅋㅋㅋㅋㅋㅋㅋㅋㅋㅋ ,막스 추월 얼마만에 보냐 ㅋㅋㅋㅋㅋㅋㅋㅋㅋㅋ,0.1254563331604004,0.07786142826080322,0.05328826978802681,0.030081497505307198,0.6881892681121826,0.025123247876763344
2024-03-24 13:06:20,황 라 리,"황인츠 1위
- dc official App",5,5.0,"황 라 리 황인츠 1위
- dc official App",황 라 리 황인츠 1위,0.12410560250282288,0.08873884379863739,0.05994097515940666,0.036006227135658264,0.6632834672927856,0.02792486920952797
2024-03-24 13:06:21,오잉 ㅋㅋㅋㅋㅋㅋ,- dc official App,5,5.0,오잉 ㅋㅋㅋㅋㅋㅋ - dc official App,오잉 ㅋㅋㅋㅋㅋㅋ - dc official App,0.1807147115468979,0.1790863275527954,0.06840527057647705,0.029290925711393356,0.5001841187477112,0.042318664491176605
2024-03-24 13:06:22,사인지ㅌㅌㅋㅋㅋㅋㅋㅋ,ㅋㅋㅋㅋㅋ,5,5.0,사인지ㅌㅌㅋㅋㅋㅋㅋㅋ ㅋㅋㅋㅋㅋ,사인지ㅌㅌㅋㅋㅋㅋㅋㅋ ㅋㅋㅋㅋㅋ,0.128175750374794,0.08955616503953934,0.059000831097364426,0.03222787752747536,0.6657465696334839,0.02529272250831127
2024-03-24 13:06:22,아니 시발 대인츠 ㅋㅋㅋㅋ,,5,5.0,아니 시발 대인츠 ㅋㅋㅋㅋ ,아니 시발 대인츠 ㅋㅋㅋㅋ,0.23620735108852386,0.1984112560749054,0.15514026582241058,0.06599241495132446,0.2535471022129059,0.0907016396522522
2024-03-24 13:06:23,티포시의 주말 입갤 ㅋㅋㅋㅋㅋㅋ,,5,5.0,티포시의 주말 입갤 ㅋㅋㅋㅋㅋㅋ ,티포시의 주말 입갤 ㅋㅋㅋㅋㅋㅋ,0.10540945827960968,0.07166601717472076,0.05869042128324509,0.0347602553665638,0.7047469615936279,0.024726832285523415
2024-03-24 13:06:24,딸깍은 황라리였고 ㅋㅋ,ㅋㅋ,5,5.0,딸깍은 황라리였고 ㅋㅋ ㅋㅋ,딸깍은 황라리였고 ㅋㅋ ㅋㅋ,0.12465979158878326,0.07860596477985382,0.06745719164609909,0.035314496606588364,0.6681435108184814,0.02581898868083954
2024-03-24 13:06:23,갑자기 재밌어졌으면 개추 ㅋㅋㅋ,,5,5.0,갑자기 재밌어졌으면 개추 ㅋㅋㅋ ,갑자기 재밌어졌으면 개추 ㅋㅋㅋ,0.12230539321899414,0.07651467621326447,0.05134506896138191,0.03318722918629646,0.6885035634040833,0.028144055977463722
2024-03-24 13:06:24,대인츠 미쳤노ㄷㄷ,,5,5.0,대인츠 미쳤노ㄷㄷ ,대인츠 미쳤노ㄷㄷ,0.198708638548851,0.3378571569919586,0.13557012379169464,0.053656138479709625,0.16435101628303528,0.10985687375068665
2024-03-24 13:06:25,대황사인즈 ㅋㅋㅋㅋ,ㅋㅋㅋ,5,5.0,대황사인즈 ㅋㅋㅋㅋ ㅋㅋㅋ,대황사인즈 ㅋㅋㅋㅋ ㅋㅋㅋ,0.19880633056163788,0.12639091908931732,0.1059962809085846,0.04517406225204468,0.48395371437072754,0.03967863693833351
2024-03-24 13:06:27,대인츠 대라리 씨발ㅋㅋ몽골 지금추월당하는거첨봄,,5,5.0,대인츠 대라리 씨발ㅋㅋ몽골 지금추월당하는거첨봄 ,대인츠 대라리 씨발ㅋㅋ몽골 지금추월당하는거첨봄,0.22995665669441223,0.24640671908855438,0.19986309111118317,0.10153695195913315,0.11195400357246399,0.11028260737657547
2024-03-24 13:06:27,??????,- dc official App,5,5.0,?????? - dc official App,?????? - dc official App,0.22225040197372437,0.3017575442790985,0.10131581872701645,0.0513019859790802,0.25113654136657715,0.0722377598285675
2024-03-24 13:06:28,와ㅏㅏㅏㅏㅏㅏ,사인트,5,5.0,와ㅏㅏㅏㅏㅏㅏ 사인트,와ㅏㅏㅏㅏㅏㅏ 사인트,0.14146701991558075,0.10310779511928558,0.058019980788230896,0.032067347317934036,0.6343422532081604,0.03099563531577587
2024-03-24 13:06:28,대인지 !!!!!!!1111!!!!!!!!!!!!!!!,꺼몬!!!!!!!!!!!!!!!,5,5.0,대인지 !!!!!!!1111!!!!!!!!!!!!!!! 꺼몬!!!!!!!!!!!!!!!,대인지 !!!!!!!1111!!!!!!!!!!!!!!! 꺼몬!!!!!!!!!!!!!!!,0.10953378677368164,0.07012265920639038,0.06132061779499054,0.0350428968667984,0.6980996131896973,0.02588037960231304
2024-03-24 13:06:30,대인즈,ㅋㅋㅋㅋㅋㅋㅋ,5,5.0,대인즈 ㅋㅋㅋㅋㅋㅋㅋ,대인즈 ㅋㅋㅋㅋㅋㅋㅋ,0.12479042261838913,0.08601660281419754,0.06368478387594223,0.03197995945811272,0.6683489680290222,0.025179319083690643
2024-03-24 13:06:31,대 인 츠,- dc official App,5,5.0,대 인 츠 - dc official App,대 인 츠 - dc official App,0.19411660730838776,0.19458100199699402,0.1004021167755127,0.04815351963043213,0.4307548701763153,0.031991858035326004
2024-03-24 13:06:31,사인츠가 딸깍을 하네 ㅋㅋㅋㅋ,,5,5.0,사인츠가 딸깍을 하네 ㅋㅋㅋㅋ ,사인츠가 딸깍을 하네 ㅋㅋㅋㅋ,0.17865295708179474,0.160966157913208,0.06820444762706757,0.030296145007014275,0.5181964635848999,0.043683793395757675
2024-03-24 13:06:32,어 형이야,"형은 나를 쫒아낸 팀이랑 후회물을 찍어
- dc official App",5,5.0,"어 형이야 형은 나를 쫒아낸 팀이랑 후회물을 찍어
- dc official App",어 형이야 형은 나를 쫒아낸 팀이랑 후회물을 찍어,0.2856791019439697,0.18114875257015228,0.13262668251991272,0.09419827908277512,0.18110240995883942,0.12524473667144775
2024-03-24 13:06:33,막스 따이는거 ㅈㄴ 오래만에 보노 ㅋㅋㅋ,,5,5.0,막스 따이는거 ㅈㄴ 오래만에 보노 ㅋㅋㅋ ,막스 따이는거 ㅈㄴ 오래만에 보노 ㅋㅋㅋ,0.1678435206413269,0.1370609998703003,0.05927839130163193,0.03284313902258873,0.5583437085151672,0.044630296528339386
2024-03-24 13:06:33,겁자기 개꿀잼 ㅋㅋ,,5,5.0,겁자기 개꿀잼 ㅋㅋ ,겁자기 개꿀잼 ㅋㅋ,0.11510887742042542,0.07065357267856598,0.057961542159318924,0.0374789759516716,0.6953281164169312,0.023468824103474617
2024-03-24 13:06:34,개씨발 이게 섹스지 ㅋㅋㅋㅋㅋㅋㅋㅋㅋㅋㅋㅋㅋㅋ,ㅋㅋㅋㅋㄹㅋ,5,5.0,개씨발 이게 섹스지 ㅋㅋㅋㅋㅋㅋㅋㅋㅋㅋㅋㅋㅋㅋ ㅋㅋㅋㅋㄹㅋ,개씨발 이게 섹스지 ㅋㅋㅋㅋㅋㅋㅋㅋㅋㅋㅋㅋㅋㅋ ㅋㅋㅋㅋㄹㅋ,0.21766644716262817,0.1213390901684761,0.26428738236427307,0.12249603867530823,0.1950451135635376,0.079165980219841
2024-03-24 13:06:34,페라리 븅쉰 새키드라 ㅋㅋㅋㅋㅋㅋㅋㅋㅋㅋㅋㅋㅋ,사인츠를 재계약 안해? ㅋㅋㅋㅋㅋㅋㅋㅋㅋㅋ,5,5.0,페라리 븅쉰 새키드라 ㅋㅋㅋㅋㅋㅋㅋㅋㅋㅋㅋㅋㅋ 사인츠를 재계약 안해? ㅋㅋㅋㅋㅋㅋㅋㅋㅋㅋ,페라리 븅쉰 새키드라 ㅋㅋㅋㅋㅋㅋㅋㅋㅋㅋㅋㅋㅋ 사인츠를 재계약 안해? ㅋㅋㅋㅋㅋㅋㅋㅋㅋㅋ,0.21185730397701263,0.24989290535449982,0.2414439618587494,0.11915098875761032,0.09565284103155136,0.08200198411941528
2024-03-24 13:06:34,대 인 츠,"씨발 물탕이 오지마 ㅋㅋ
- dc official App",5,5.0,"대 인 츠 씨발 물탕이 오지마 ㅋㅋ
- dc official App",대 인 츠 씨발 물탕이 오지마 ㅋㅋ,0.21606414020061493,0.09792742133140564,0.2869298756122589,0.13355006277561188,0.2145548164844513,0.05097363516688347
2024-03-24 13:06:35,대인즈 ㄷㄷㄷㄷ,뭐노 ㅋㅋㅋㅋㅋㅋ,5,5.0,대인즈 ㄷㄷㄷㄷ 뭐노 ㅋㅋㅋㅋㅋㅋ,대인즈 ㄷㄷㄷㄷ 뭐노 ㅋㅋㅋㅋㅋㅋ,0.2427082359790802,0.3262019753456116,0.12148412317037582,0.06885123997926712,0.12442503869533539,0.11632942408323288
2024-03-24 13:06:35,트루 퍼스트 ㅋㅋㅋㅋㅋㅋㅋㅋㅋㅋㅋㅋㅋ,근데 올해가 마지막인 www,5,5.0,트루 퍼스트 ㅋㅋㅋㅋㅋㅋㅋㅋㅋㅋㅋㅋㅋ 근데 올해가 마지막인 www,트루 퍼스트 ㅋㅋㅋㅋㅋㅋㅋㅋㅋㅋㅋㅋㅋ 근데 올해가 마지막인 www,0.18901680409908295,0.07499087601900101,0.0966699942946434,0.07127542048692703,0.5302463173866272,0.03780064359307289
2024-03-24 13:06:36,대인츠 ㄷㄷㄷㄷㄷ,제발좀 이기자,5,5.0,대인츠 ㄷㄷㄷㄷㄷ 제발좀 이기자,대인츠 ㄷㄷㄷㄷㄷ 제발좀 이기자,0.19408604502677917,0.27987587451934814,0.09342039376497269,0.0625307559967041,0.2423262894153595,0.12776058912277222
2024-03-24 13:06:36,뭐해 씨발련들아,이래도 재미없어 ?,5,5.0,뭐해 씨발련들아 이래도 재미없어 ?,뭐해 씨발련들아 이래도 재미없어 ?,0.2442772537469864,0.13204190135002136,0.2808489203453064,0.16410891711711884,0.11651843786239624,0.06220459192991257
2024-03-24 13:06:37,사인츠 대신 해밀턴ㅋㅋㅋㅋㅋ,ㅋㅋㅋㅋㅋ,5,5.0,사인츠 대신 해밀턴ㅋㅋㅋㅋㅋ ㅋㅋㅋㅋㅋ,사인츠 대신 해밀턴ㅋㅋㅋㅋㅋ ㅋㅋㅋㅋㅋ,0.15475569665431976,0.11042871326208115,0.08039358258247375,0.03665335848927498,0.5881404280662537,0.029628321528434753
2024-03-24 13:06:37,막스 추월 당하는거 얼마만이냨ㅋㅋㅋㅋㅋㅋ,"ㅋㅋㅋ
- dc official App",5,5.0,"막스 추월 당하는거 얼마만이냨ㅋㅋㅋㅋㅋㅋ ㅋㅋㅋ
- dc official App",막스 추월 당하는거 얼마만이냨ㅋㅋㅋㅋㅋㅋ ㅋㅋㅋ,0.1279030293226242,0.0897013396024704,0.05519898235797882,0.029681408777832985,0.6701383590698242,0.027376864105463028
2024-03-24 13:06:38,내장경량화ㄷㄷㄷ,- dc official App,5,5.0,내장경량화ㄷㄷㄷ - dc official App,내장경량화ㄷㄷㄷ - dc official App,0.21198110282421112,0.34517598152160645,0.11223085224628448,0.059218648821115494,0.16016244888305664,0.11123094707727432
2024-03-24 13:06:40,노잼이라 한 놈들 누구냐,"나다 미안하다
씨발 야스",5,5.0,"노잼이라 한 놈들 누구냐 나다 미안하다
씨발 야스",노잼이라 한 놈들 누구냐 나다 미안하다 씨발 야스,0.23455816507339478,0.11774911731481552,0.27929240465164185,0.17592783272266388,0.12193373590707779,0.070538729429245
2024-03-24 13:06:42,차이 벌어진다ㅋㅋㅋㅋ,ㅋㅋㅋㅋ,5,5.0,차이 벌어진다ㅋㅋㅋㅋ ㅋㅋㅋㅋ,차이 벌어진다ㅋㅋㅋㅋ ㅋㅋㅋㅋ,0.1570836901664734,0.1168605387210846,0.06950563192367554,0.03260481730103493,0.5910851359367371,0.032860178500413895
2024-03-24 13:06:42,이게 얼마만의 막스 추월당하는 씬이냐 ㅋㅋㅋㅋ,,5,5.0,이게 얼마만의 막스 추월당하는 씬이냐 ㅋㅋㅋㅋ ,이게 얼마만의 막스 추월당하는 씬이냐 ㅋㅋㅋㅋ,0.1610618382692337,0.11609672755002975,0.06711951643228531,0.03108854964375496,0.5901931524276733,0.03444022312760353
2024-03-24 13:06:44,대 라 리,가즈아ㅏㅏㅏㅏ,5,5.0,대 라 리 가즈아ㅏㅏㅏㅏ,대 라 리 가즈아ㅏㅏㅏㅏ,0.11663539707660675,0.08206064254045486,0.05994038283824921,0.03708615154027939,0.6742342114448547,0.030043207108974457
2024-03-24 13:06:44,대 인 지,,5,5.0,대 인 지 ,대 인 지,0.22664666175842285,0.30738741159439087,0.09294664114713669,0.05632852762937546,0.23367434740066528,0.08301649242639542
2024-03-24 13:06:44,사인츠 <<<<<< 걍 신임 ㅋㅋ,ㅋ,5,5.0,사인츠 <<<<<< 걍 신임 ㅋㅋ ㅋ,사인츠 <<<<<< 걍 신임 ㅋㅋ ㅋ,0.14950858056545258,0.0969526469707489,0.08599206060171127,0.04410042241215706,0.5917770266532898,0.03166930004954338
2024-03-24 13:06:50,몽골 지금타이밍에따이는거 ㄹㅇ 첨보네 미친,,5,5.0,몽골 지금타이밍에따이는거 ㄹㅇ 첨보네 미친 ,몽골 지금타이밍에따이는거 ㄹㅇ 첨보네 미친,0.21229028701782227,0.2600807249546051,0.2050347775220871,0.10046042501926422,0.10695201903581619,0.11518179625272751
2024-03-24 13:06:55,몽골 강점기 캍,ㅋㅋ,5,5.0,몽골 강점기 캍 ㅋㅋ,몽골 강점기 캍 ㅋㅋ,0.23282918334007263,0.15656930208206177,0.2699103355407715,0.13849575817584991,0.12205488979816437,0.08014048635959625
2024-03-24 13:06:57,대인츠 패랩,,5,5.0,대인츠 패랩 ,대인츠 패랩,0.2078174203634262,0.20645858347415924,0.09669944643974304,0.05374213308095932,0.39866888523101807,0.036613576114177704
2024-03-24 13:06:58,대 인 지 ㄷㄷ,- dc official App,5,5.0,대 인 지 ㄷㄷ - dc official App,대 인 지 ㄷㄷ - dc official App,0.2055504471063614,0.31105145812034607,0.09437554329633713,0.03912673145532608,0.2774183750152588,0.07247742265462875
2024-03-24 13:06:59,막가놈 도주실패ㅋㅋㅋㅋ,,5,5.0,막가놈 도주실패ㅋㅋㅋㅋ ,막가놈 도주실패ㅋㅋㅋㅋ,0.29277878999710083,0.2145148366689682,0.16968832910060883,0.07888994365930557,0.1424107700586319,0.10171738266944885
2024-03-24 13:07:01,시발 왜 내보내는거야,,5,5.0,시발 왜 내보내는거야 ,시발 왜 내보내는거야,0.2401171177625656,0.10026528686285019,0.2796100378036499,0.20193007588386536,0.13904491066932678,0.03903255611658096
2024-03-24 13:07:01,저렇게 잘해주는 진짜 퍼스트 나가고 퇴물된 전 월챔이 올리가 없잖아 ㅋㅋ,설마요 ㅋㅋㅋㅋㅋㅋ,5,5.0,저렇게 잘해주는 진짜 퍼스트 나가고 퇴물된 전 월챔이 올리가 없잖아 ㅋㅋ 설마요 ㅋㅋㅋㅋㅋㅋ,저렇게 잘해주는 진짜 퍼스트 나가고 퇴물된 전 월챔이 올리가 없잖아 ㅋㅋ 설마요 ㅋㅋㅋㅋㅋㅋ,0.21922048926353455,0.32947736978530884,0.14842304587364197,0.0716753900051117,0.09056995809078217,0.14063376188278198
2024-03-24 13:07:05,차가ㅜ이상햌ㅋㅋㅋㅋㅋㅋㅋㅋㅋ,"ㅋㅋㅋ
- dc official App",5,5.0,"차가ㅜ이상햌ㅋㅋㅋㅋㅋㅋㅋㅋㅋ ㅋㅋㅋ
- dc official App",차가ㅜ이상햌ㅋㅋㅋㅋㅋㅋㅋㅋㅋ ㅋㅋㅋ,0.37626326084136963,0.17004594206809998,0.12664994597434998,0.09296680986881256,0.16260193288326263,0.07147210836410522
2024-03-24 13:07:09,사인지 패랩 ㄷㄷ,ㅇ,5,5.0,사인지 패랩 ㄷㄷ ㅇ,사인지 패랩 ㄷㄷ ㅇ,0.20586314797401428,0.3278486728668213,0.1024545431137085,0.042489927262067795,0.2292853444814682,0.09205835312604904
2024-03-24 13:07:09,세계 최고의 F1팀이 어디라고?,페라리,5,5.0,세계 최고의 F1팀이 어디라고? 페라리,세계 최고의 F1팀이 어디라고? 페라리,0.20824258029460907,0.3584842383861542,0.11621716618537903,0.054370179772377014,0.15076221525669098,0.11192359030246735
2024-03-24 13:07:10,막싸 대전 개꿀잼이노ㅋㅋㅋㅋ,ㅋㅋ,5,5.0,막싸 대전 개꿀잼이노ㅋㅋㅋㅋ ㅋㅋ,막싸 대전 개꿀잼이노ㅋㅋㅋㅋ ㅋㅋ,0.10873822867870331,0.0669282078742981,0.05670028552412987,0.037614788860082626,0.7056476473808289,0.024370811879634857
2024-03-24 13:07:11,내가 계약서 찢어버리고 싶은 바수르면 개추 ㅋㅋㅋㅋ,ㅇㄷㄴㅂㅌ ㅋㅋㅋㅋ,5,5.0,내가 계약서 찢어버리고 싶은 바수르면 개추 ㅋㅋㅋㅋ ㅇㄷㄴㅂㅌ ㅋㅋㅋㅋ,내가 계약서 찢어버리고 싶은 바수르면 개추 ㅋㅋㅋㅋ ㅇㄷㄴㅂㅌ ㅋㅋㅋㅋ,0.19212250411510468,0.10390961915254593,0.21221157908439636,0.09604959934949875,0.34661445021629333,0.04909224063158035
2024-03-24 13:07:16,맹장의 무게만큼 가볍다,ㅇㅇ..,5,5.0,맹장의 무게만큼 가볍다 ㅇㅇ..,맹장의 무게만큼 가볍다 ㅇㅇ..,0.3315069377422333,0.24956175684928894,0.1014162227511406,0.11574811488389969,0.11884134262800217,0.08292557299137115
2024-03-24 13:07:18,대인츠 존나잘하노,,5,5.0,대인츠 존나잘하노 ,대인츠 존나잘하노,0.17943711578845978,0.14547783136367798,0.06756928563117981,0.0378854013979435,0.5168818235397339,0.05274851992726326
2024-03-24 13:07:19,페라리<<<걍 사람을 못봄 ㅋㅋ,,5,5.0,페라리<<<걍 사람을 못봄 ㅋㅋ ,페라리<<<걍 사람을 못봄 ㅋㅋ,0.31767696142196655,0.27945399284362793,0.12502248585224152,0.06696917861700058,0.11396922171115875,0.09690810739994049
2024-03-24 13:07:24,저런 대인지를 버리고 데려온 해물탕ㅋㅋㅋㅋ,ㅋㅋㅋㅋ,5,5.0,저런 대인지를 버리고 데려온 해물탕ㅋㅋㅋㅋ ㅋㅋㅋㅋ,저런 대인지를 버리고 데려온 해물탕ㅋㅋㅋㅋ ㅋㅋㅋㅋ,0.25870582461357117,0.25433075428009033,0.17868579924106598,0.09526810795068741,0.1117359921336174,0.10127359628677368
2024-03-24 13:07:27,막스 추월당하는거 한 일년만에 보는듯,;,5,5.0,막스 추월당하는거 한 일년만에 보는듯 ;,막스 추월당하는거 한 일년만에 보는듯 ;,0.2554781436920166,0.2884163558483124,0.14118532836437225,0.08929195255041122,0.0968504473567009,0.12877781689167023
2024-03-24 13:07:27,우리 퍼스트ㅋㅋㅋㅋㅋㅋㅋ,ㅋㅋㅋㅋ,5,5.0,우리 퍼스트ㅋㅋㅋㅋㅋㅋㅋ ㅋㅋㅋㅋ,우리 퍼스트ㅋㅋㅋㅋㅋㅋㅋ ㅋㅋㅋㅋ,0.1159287765622139,0.07340474426746368,0.05880080163478851,0.03780680522322655,0.688359797000885,0.025699028745293617
2024-03-24 13:07:27,또 연승 사인츠가 막나ㅋㅋㅋㅋ,,5,5.0,또 연승 사인츠가 막나ㅋㅋㅋㅋ ,또 연승 사인츠가 막나ㅋㅋㅋㅋ,0.1795615404844284,0.10710231959819794,0.08160528540611267,0.04566570371389389,0.5490916967391968,0.03697345405817032
2024-03-24 13:07:28,급 꿀잼,극초반이지만 뭐 추월 당하는게 꿀잼이노,5,5.0,급 꿀잼 극초반이지만 뭐 추월 당하는게 꿀잼이노,급 꿀잼 극초반이지만 뭐 추월 당하는게 꿀잼이노,0.12247901409864426,0.07163924723863602,0.059457406401634216,0.0380716398358345,0.684270441532135,0.024082252755761147
2024-03-24 13:07:30,베르스타펜 앞에 있는 차는 백마커인가요?,왜 안 비키죠?,5,5.0,베르스타펜 앞에 있는 차는 백마커인가요? 왜 안 비키죠?,베르스타펜 앞에 있는 차는 백마커인가요? 왜 안 비키죠?,0.3001740872859955,0.1791263371706009,0.19089598953723907,0.1623096615076065,0.119204580783844,0.04828938469290733
2024-03-24 13:07:32,저런 사인즈를 버리고 퇴물탕ㅋㅋㅋㅋ,ㅋㅋㅋㅋ,5,5.0,저런 사인즈를 버리고 퇴물탕ㅋㅋㅋㅋ ㅋㅋㅋㅋ,저런 사인즈를 버리고 퇴물탕ㅋㅋㅋㅋ ㅋㅋㅋㅋ,0.2593635618686676,0.258038192987442,0.18242000043392181,0.09305846691131592,0.10589650273323059,0.10122327506542206
2024-03-24 13:07:34,지금 당장 계약서 찢어버릴 것 같노 ㅋㅋ,,5,5.0,지금 당장 계약서 찢어버릴 것 같노 ㅋㅋ ,지금 당장 계약서 찢어버릴 것 같노 ㅋㅋ,0.23999997973442078,0.1975516527891159,0.21878057718276978,0.14146041870117188,0.09033051878213882,0.11187691241502762
2024-03-24 13:07:38,토토는 기어서라도 대인츠 가져와라ㅋㅋㅋㅋ,,5,5.0,토토는 기어서라도 대인츠 가져와라ㅋㅋㅋㅋ ,토토는 기어서라도 대인츠 가져와라ㅋㅋㅋㅋ,0.28465455770492554,0.18826225399971008,0.13214613497257233,0.06673434376716614,0.252736359834671,0.07546637207269669
2024-03-24 13:07:41,대인지,,6,6.0,대인지 ,대인지,0.2336084544658661,0.21478454768657684,0.07783754169940948,0.045345108956098557,0.3709414005279541,0.05748295783996582
2024-03-24 13:07:43,페라리는 사인지 왜 내쫒은거냐 대체 ㅋㅋㅋㅋ,,6,6.0,페라리는 사인지 왜 내쫒은거냐 대체 ㅋㅋㅋㅋ ,페라리는 사인지 왜 내쫒은거냐 대체 ㅋㅋㅋㅋ,0.29364001750946045,0.21654485166072845,0.19477874040603638,0.11715330183506012,0.09175103902816772,0.08613203465938568
2024-03-24 13:07:53,하 존나행복해,"패라리가 레드불을!! 드디어!!
- dc official App",6,6.0,"하 존나행복해 패라리가 레드불을!! 드디어!!
- dc official App",하 존나행복해 패라리가 레드불을!! 드디어!!,0.11011207103729248,0.0597485713660717,0.054938968271017075,0.04043125733733177,0.7117154002189636,0.02305372804403305
2024-03-24 13:07:53,계약서 안 찢고 뭐하노ㅋㅋ,ㅋㅋㅋ,6,6.0,계약서 안 찢고 뭐하노ㅋㅋ ㅋㅋㅋ,계약서 안 찢고 뭐하노ㅋㅋ ㅋㅋㅋ,0.26378029584884644,0.24645133316516876,0.18907316029071808,0.09501312673091888,0.11767803132534027,0.08800405263900757
2024-03-24 13:07:56,느그레르 맥라렌 뒤에서 뭐하노 ㅋㅋ,"퍼스트 호소인 ㅅㅅ
- dc official App",6,6.0,"느그레르 맥라렌 뒤에서 뭐하노 ㅋㅋ 퍼스트 호소인 ㅅㅅ
- dc official App",느그레르 맥라렌 뒤에서 뭐하노 ㅋㅋ 퍼스트 호소인 ㅅㅅ,0.193155437707901,0.14704889059066772,0.12680953741073608,0.05176634341478348,0.4188626706600189,0.0623571015894413
2024-03-24 13:07:56,막징징 ㅋㅋㅋㅋㅋ,,6,6.0,막징징 ㅋㅋㅋㅋㅋ ,막징징 ㅋㅋㅋㅋㅋ,0.16813933849334717,0.08864223957061768,0.07926288992166519,0.04936130717396736,0.583493173122406,0.03110113926231861
2024-03-24 13:07:58,페라리 더블포디움 가나,,6,6.0,페라리 더블포디움 가나 ,페라리 더블포디움 가나,0.1737932562828064,0.17055454850196838,0.07333143800497055,0.03947411850094795,0.4985705614089966,0.04427608102560043
2024-03-24 13:07:58,막징징 ㅋㅋㅋ,,6,6.0,막징징 ㅋㅋㅋ ,막징징 ㅋㅋㅋ,0.15938805043697357,0.08854133635759354,0.07473662495613098,0.04922650381922722,0.5965954661369324,0.03151196986436844
2024-03-24 13:07:59,몽골새끼 차탓시작 ㅋㅋㅋㅋㅋㅋ,,6,6.0,몽골새끼 차탓시작 ㅋㅋㅋㅋㅋㅋ ,몽골새끼 차탓시작 ㅋㅋㅋㅋㅋㅋ,0.1983492076396942,0.19534866511821747,0.2782893478870392,0.1167132705450058,0.126225084066391,0.08507444709539413
2024-03-24 13:08:00,막스 징징 ㅋㅋㅋㅋ,,6,6.0,막스 징징 ㅋㅋㅋㅋ ,막스 징징 ㅋㅋㅋㅋ,0.2110912799835205,0.10509120672941208,0.08800093829631805,0.060371655970811844,0.49374470114707947,0.04170021414756775
2024-03-24 13:08:03,오피셜) 역사상 최악의 JOAT.,저런 사인츠를 내치고 1400억에 퇴물이나 사오는 똥라리,6,6.0,오피셜) 역사상 최악의 JOAT. 저런 사인츠를 내치고 1400억에 퇴물이나 사오는 똥라리,오피셜) 역사상 최악의 JOAT. 저런 사인츠를 내치고 1400억에 퇴물이나 사오는 똥라리,0.1871277391910553,0.20187604427337646,0.2492450624704361,0.21806220710277557,0.06919819116592407,0.0744907557964325
2024-03-24 13:08:06,징징ㅋㅋㅋㅋ,ㅋㅋ,6,6.0,징징ㅋㅋㅋㅋ ㅋㅋ,징징ㅋㅋㅋㅋ ㅋㅋ,0.1793367564678192,0.08951108157634735,0.07887783646583557,0.049705054610967636,0.5690924525260925,0.033476822078228
2024-03-24 13:08:06,몽공 따이니까 바로 차탓ㅋㅋㅋㅋ,,6,6.0,몽공 따이니까 바로 차탓ㅋㅋㅋㅋ ,몽공 따이니까 바로 차탓ㅋㅋㅋㅋ,0.2875146269798279,0.1499364674091339,0.16073651611804962,0.07906579226255417,0.24177780747413635,0.08096879720687866
2024-03-24 13:08:08,막스 욕 나왔다 찐이다 저건ㅋㅋ,,6,6.0,막스 욕 나왔다 찐이다 저건ㅋㅋ ,막스 욕 나왔다 찐이다 저건ㅋㅋ,0.23272249102592468,0.22792141139507294,0.1345890611410141,0.06345422565937042,0.2162061482667923,0.12510663270950317
2024-03-24 13:08:10,갑자기 재밌어진 티포시면 개추 ㅋㅋㅋㅋ,,6,6.0,갑자기 재밌어진 티포시면 개추 ㅋㅋㅋㅋ ,갑자기 재밌어진 티포시면 개추 ㅋㅋㅋㅋ,0.11865527182817459,0.07647215574979782,0.05155007913708687,0.03221890702843666,0.6938161849975586,0.02728743478655815
2024-03-24 13:08:10,또 징징 ㅋㅋㅋㅋㅋ,,6,6.0,또 징징 ㅋㅋㅋㅋㅋ ,또 징징 ㅋㅋㅋㅋㅋ,0.26644572615623474,0.11462771147489548,0.17459264397621155,0.11577234417200089,0.27232977747917175,0.056231867522001266
2024-03-24 13:08:10,찡찡거리는거 듣기 좋네 ㅋㅋㅋ,"아 ㅋㅋㅋ 기분 좋다 ㅋㅋㅋ
- dc official App",6,6.0,"찡찡거리는거 듣기 좋네 ㅋㅋㅋ 아 ㅋㅋㅋ 기분 좋다 ㅋㅋㅋ
- dc official App",찡찡거리는거 듣기 좋네 ㅋㅋㅋ 아 ㅋㅋㅋ 기분 좋다 ㅋㅋㅋ,0.10855285078287125,0.06221742928028107,0.06157509982585907,0.04139598086476326,0.7036863565444946,0.022572236135601997
2024-03-24 13:08:11,차탓ㅋㅋㅋㅋㅋㅋㅋㅋㅋㅋㅋㅋ,"ㅋㅋㅋㅋ
- dc official App",6,6.0,"차탓ㅋㅋㅋㅋㅋㅋㅋㅋㅋㅋㅋㅋ ㅋㅋㅋㅋ
- dc official App",차탓ㅋㅋㅋㅋㅋㅋㅋㅋㅋㅋㅋㅋ ㅋㅋㅋㅋ,0.20232635736465454,0.11248476058244705,0.10366951674222946,0.05202789604663849,0.48824912309646606,0.04124240577220917
2024-03-24 13:08:12,ㅈㄴ 징징대노 ㅋㅋㅋㅋㅋㅋㅋㅋ,ㅋㅋㅋㅋㅋㅋ,6,6.0,ㅈㄴ 징징대노 ㅋㅋㅋㅋㅋㅋㅋㅋ ㅋㅋㅋㅋㅋㅋ,ㅈㄴ 징징대노 ㅋㅋㅋㅋㅋㅋㅋㅋ ㅋㅋㅋㅋㅋㅋ,0.2584819197654724,0.15264233946800232,0.2522158622741699,0.10609471052885056,0.15357054769992828,0.0769946277141571
2024-03-24 13:08:12,몽골 징징 ㅋㅋㅋ,ㅋㅋ,6,6.0,몽골 징징 ㅋㅋㅋ ㅋㅋ,몽골 징징 ㅋㅋㅋ ㅋㅋ,0.300073504447937,0.12166767567396164,0.15141187608242035,0.09249834716320038,0.2811459004878998,0.05320262163877487
2024-03-24 13:08:13,징징징 ㅋㅋㅋㅋㅋㅋㅋㅋ,,6,6.0,징징징 ㅋㅋㅋㅋㅋㅋㅋㅋ ,징징징 ㅋㅋㅋㅋㅋㅋㅋㅋ,0.24046069383621216,0.10925204306840897,0.11989585310220718,0.0794941708445549,0.402096688747406,0.04880053550004959
2024-03-24 13:08:14,막징징 ㅋㅋㅋㅋ,"월챔행동 미쳤노
- dc official App",6,6.0,"막징징 ㅋㅋㅋㅋ 월챔행동 미쳤노
- dc official App",막징징 ㅋㅋㅋㅋ 월챔행동 미쳤노,0.16186584532260895,0.12433658540248871,0.06570243090391159,0.03368495777249336,0.5748205780982971,0.03958962485194206
2024-03-24 13:08:15,바로 차빨 시전ㅋㅋㅋ,ㅋㅋㅋ,6,6.0,바로 차빨 시전ㅋㅋㅋ ㅋㅋㅋ,바로 차빨 시전ㅋㅋㅋ ㅋㅋㅋ,0.13094380497932434,0.08690240234136581,0.0641888976097107,0.03393824025988579,0.652988076210022,0.031038619577884674
2024-03-24 13:08:19,어히발?ㅋㅋㅋㅋㅋㅋ,ㅋ,6,6.0,어히발?ㅋㅋㅋㅋㅋㅋ ㅋ,어히발?ㅋㅋㅋㅋㅋㅋ ㅋ,0.3055882155895233,0.16106441617012024,0.185259148478508,0.08178875595331192,0.18948593735694885,0.07681353390216827
2024-03-24 13:08:20,사인지 막스 같은 팀에서 뛰었을때는 어떗노..ask,상대전적 어땠음,6,6.0,사인지 막스 같은 팀에서 뛰었을때는 어떗노..ask 상대전적 어땠음,사인지 막스 같은 팀에서 뛰었을때는 어떗노..ask 상대전적 어땠음,0.250611275434494,0.3300277888774872,0.09072332829236984,0.052775103598833084,0.1700265109539032,0.10583596676588058
2024-03-24 13:08:25,원투만 연석 풀로쓰네 ㅋㅋ,,6,6.0,원투만 연석 풀로쓰네 ㅋㅋ ,원투만 연석 풀로쓰네 ㅋㅋ,0.12059780955314636,0.08626308292150497,0.05906748026609421,0.03417882323265076,0.6699349880218506,0.029957802966237068
2024-03-24 13:08:26,제발 ㅋㅋㅋㅋㅋㅋㅋㅋㅋㅋ,,6,6.0,제발 ㅋㅋㅋㅋㅋㅋㅋㅋㅋㅋ ,제발 ㅋㅋㅋㅋㅋㅋㅋㅋㅋㅋ,0.1624896228313446,0.1154470220208168,0.07850442081689835,0.046702489256858826,0.557765781879425,0.03909061476588249
2024-03-24 13:08:27,어 이거 완전,,6,6.0,어 이거 완전 ,어 이거 완전,0.22294831275939941,0.29865744709968567,0.1011466234922409,0.044206634163856506,0.2411610186100006,0.09187991917133331
2024-03-24 13:08:28,제발리타ㅋㅋㅋㅋ,ㅋㅋ,6,6.0,제발리타ㅋㅋㅋㅋ ㅋㅋ,제발리타ㅋㅋㅋㅋ ㅋㅋ,0.12119957059621811,0.07626720517873764,0.062314722687006,0.03467020392417908,0.6798673868179321,0.025680899620056152
2024-03-24 13:08:28,어어?? 막스 차 터지나?,,6,6.0,어어?? 막스 차 터지나? ,어어?? 막스 차 터지나?,0.21822725236415863,0.2689547836780548,0.08048030734062195,0.04001673683524132,0.31622305512428284,0.07609791308641434
2024-03-24 13:08:29,막스 차 문제 ㄷㄷㄷㄷㄷㄷ,,6,6.0,막스 차 문제 ㄷㄷㄷㄷㄷㄷ ,막스 차 문제 ㄷㄷㄷㄷㄷㄷ,0.219453826546669,0.31040045619010925,0.148433655500412,0.11513177305459976,0.08971109241247177,0.11686916649341583
2024-03-24 13:08:30,어 진짜 막스 간거같은데,,6,6.0,어 진짜 막스 간거같은데 ,어 진짜 막스 간거같은데,0.23809289932250977,0.3111143708229065,0.09090056270360947,0.043482936918735504,0.2173401266336441,0.09906911104917526
2024-03-24 13:08:30,특이점은 온다 ㅋㅋㅋㅋㅋㅋㅋㅋ,- dc official App,6,6.0,특이점은 온다 ㅋㅋㅋㅋㅋㅋㅋㅋ - dc official App,특이점은 온다 ㅋㅋㅋㅋㅋㅋㅋㅋ - dc official App,0.14470644295215607,0.10638893395662308,0.07118219882249832,0.04213816672563553,0.6031262278556824,0.032458044588565826
2024-03-24 13:08:30,노리스도 DRS들어왔네,ㅇㅇ,6,6.0,노리스도 DRS들어왔네 ㅇㅇ,노리스도 DRS들어왔네 ㅇㅇ,0.27391383051872253,0.2416551113128662,0.1539834588766098,0.1243995800614357,0.10082118213176727,0.10522677004337311
2024-03-24 13:08:30,어어 몽골 큰일났나?,,6,6.0,어어 몽골 큰일났나? ,어어 몽골 큰일났나?,0.2168806791305542,0.3257106840610504,0.11084862053394318,0.06787482649087906,0.1626662313938141,0.11601895838975906
2024-03-24 13:08:30,찌질하게 1위 뺏겼다고 징징대노,ㅉㅉㅉ,6,6.0,찌질하게 1위 뺏겼다고 징징대노 ㅉㅉㅉ,찌질하게 1위 뺏겼다고 징징대노 ㅉㅉㅉ,0.19742929935455322,0.23146381974220276,0.24286285042762756,0.1535777896642685,0.08078818023204803,0.09387806057929993
2024-03-24 13:08:31,리타각이냐 시발ㅋㅋㅋ,어라,6,6.0,리타각이냐 시발ㅋㅋㅋ 어라,리타각이냐 시발ㅋㅋㅋ 어라,0.2682391107082367,0.1571684330701828,0.2492431253194809,0.1512790471315384,0.10070284456014633,0.07336747646331787
2024-03-24 13:08:31,제발 불나라 ㅋㅋㅋㅋㅋㅋㅋㅋㅋ,ㅋㅋㅋㅋㅋㅋ,6,6.0,제발 불나라 ㅋㅋㅋㅋㅋㅋㅋㅋㅋ ㅋㅋㅋㅋㅋㅋ,제발 불나라 ㅋㅋㅋㅋㅋㅋㅋㅋㅋ ㅋㅋㅋㅋㅋㅋ,0.17249679565429688,0.0960843488574028,0.09615984559059143,0.060109175741672516,0.5380020141601562,0.03714780509471893
2024-03-24 13:08:31,ㅇㅕㄴ기 ㅋㅋㅋㅋㅋㅋㅋㅋㅋㅋ,,6,6.0,ㅇㅕㄴ기 ㅋㅋㅋㅋㅋㅋㅋㅋㅋㅋ ,ㅇㅕㄴ기 ㅋㅋㅋㅋㅋㅋㅋㅋㅋㅋ,0.11985804885625839,0.08084667474031448,0.058509524911642075,0.03316156938672066,0.6820428967475891,0.025581253692507744
2024-03-24 13:08:31,차탓ㅋㅋㅋㅋㅋ,,6,6.0,차탓ㅋㅋㅋㅋㅋ ,차탓ㅋㅋㅋㅋㅋ,0.247639462351799,0.12962937355041504,0.12404827028512955,0.06496821343898773,0.3826729655265808,0.051041748374700546
2024-03-24 13:08:32,루징파워 ㅋㅋㅋㅋ,ㅋㅋ,6,6.0,루징파워 ㅋㅋㅋㅋ ㅋㅋ,루징파워 ㅋㅋㅋㅋ ㅋㅋ,0.11244074255228043,0.08003980666399002,0.05739176273345947,0.032104384154081345,0.691077709197998,0.026945555582642555
2024-03-24 13:08:33,몽골 죽었 ㅋㅋㅋ,,6,6.0,몽골 죽었 ㅋㅋㅋ ,몽골 죽었 ㅋㅋㅋ,0.30393198132514954,0.22147728502750397,0.14009538292884827,0.06444800645112991,0.1711290031671524,0.09891831874847412
2024-03-24 13:08:34,막스 비상!!!!!!!!!!!!!!!!!!!!!!!!!!!!!!!!!!!,리타이어냐?,6,6.0,막스 비상!!!!!!!!!!!!!!!!!!!!!!!!!!!!!!!!!!! 리타이어냐?,막스 비상!!!!!!!!!!!!!!!!!!!!!!!!!!!!!!!!!!! 리타이어냐?,0.2677612602710724,0.20580632984638214,0.11267359554767609,0.09056916832923889,0.21910114586353302,0.10408853739500046
2024-03-24 13:08:34,좆몽골 리타각 ㅋㅋㅋㅋㅋ,ㅋㅋㅋㅋㅋ,6,6.0,좆몽골 리타각 ㅋㅋㅋㅋㅋ ㅋㅋㅋㅋㅋ,좆몽골 리타각 ㅋㅋㅋㅋㅋ ㅋㅋㅋㅋㅋ,0.13226905465126038,0.08701588213443756,0.07662956416606903,0.03477993980050087,0.6410267949104309,0.028278760612010956
2024-03-24 13:08:35,몽골 리타 가냐????,각이냐???,6,6.0,몽골 리타 가냐???? 각이냐???,몽골 리타 가냐???? 각이냐???,0.2274521440267563,0.29828622937202454,0.09552832692861557,0.0582837238907814,0.23487631976604462,0.08557329326868057
2024-03-24 13:08:35,르끌련 빠르게 따라와라 ㅋㅋ,,6,6.0,르끌련 빠르게 따라와라 ㅋㅋ ,르끌련 빠르게 따라와라 ㅋㅋ,0.14051957428455353,0.09944617748260498,0.06756454706192017,0.044045571237802505,0.6113851070404053,0.03703908249735832
2024-03-24 13:08:36,연기 입갤 ㅋㅋㅋㅋㅋㅋㅋㅋㅋㅋㅋ,,6,6.0,연기 입갤 ㅋㅋㅋㅋㅋㅋㅋㅋㅋㅋㅋ ,연기 입갤 ㅋㅋㅋㅋㅋㅋㅋㅋㅋㅋㅋ,0.12357274442911148,0.08250053972005844,0.05683688074350357,0.03201888129115105,0.6756489276885986,0.02942202240228653
2024-03-24 13:08:36,몽골 찡찡이아니라 차가 진짜 븅신인가본데?,연기나냐 ㅋㅋㅋ,6,6.0,몽골 찡찡이아니라 차가 진짜 븅신인가본데? 연기나냐 ㅋㅋㅋ,몽골 찡찡이아니라 차가 진짜 븅신인가본데? 연기나냐 ㅋㅋㅋ,0.20702192187309265,0.30987876653671265,0.18245315551757812,0.08570102602243423,0.11173850297927856,0.10320659726858139
2024-03-24 13:08:34,막가놈 리탘ㅋㅋㅋㅋㅋㅋㅋㅋㅋㅋㅋ,,6,6.0,막가놈 리탘ㅋㅋㅋㅋㅋㅋㅋㅋㅋㅋㅋ ,막가놈 리탘ㅋㅋㅋㅋㅋㅋㅋㅋㅋㅋㅋ,0.21945658326148987,0.1854274719953537,0.24963390827178955,0.09524736553430557,0.17034535109996796,0.07988928258419037
2024-03-24 13:08:36,막스사망ㅋㅋㅋㅋㅋㅋㅋ,ㅋㅋㅋㅋㅋ,6,6.0,막스사망ㅋㅋㅋㅋㅋㅋㅋ ㅋㅋㅋㅋㅋ,막스사망ㅋㅋㅋㅋㅋㅋㅋ ㅋㅋㅋㅋㅋ,0.2515624463558197,0.12374477833509445,0.09576740115880966,0.05496435612440109,0.42590463161468506,0.048056431114673615
2024-03-24 13:08:37,막스 점마 왜 연기나노,,6,6.0,막스 점마 왜 연기나노 ,막스 점마 왜 연기나노,0.2504167854785919,0.30148544907569885,0.14057371020317078,0.08806192874908447,0.10854171216487885,0.11092036962509155
2024-03-24 13:08:38,병신련ㅋㅋㅋ 따이자마자 징징대는거 존나 역겹네,제발 ㅈ망해라,6,6.0,병신련ㅋㅋㅋ 따이자마자 징징대는거 존나 역겹네 제발 ㅈ망해라,병신련ㅋㅋㅋ 따이자마자 징징대는거 존나 역겹네 제발 ㅈ망해라,0.1519637107849121,0.14985574781894684,0.31816232204437256,0.16620586812496185,0.1535453200340271,0.060267094522714615
2024-03-24 13:08:38,몽골 리타 ㅅㅅㅅㅅㅅ,,6,6.0,몽골 리타 ㅅㅅㅅㅅㅅ ,몽골 리타 ㅅㅅㅅㅅㅅ,0.1036047637462616,0.06386514753103256,0.056695356965065,0.03563489392399788,0.7177984118461609,0.022401465103030205
2024-03-24 13:08:39,제발 리타이어,시발섹슼ㅋㅋㅋ,6,6.0,제발 리타이어 시발섹슼ㅋㅋㅋ,제발 리타이어 시발섹슼ㅋㅋㅋ,0.16767385601997375,0.12158698588609695,0.3559214174747467,0.14547540247440338,0.15780837833881378,0.05153394490480423
2024-03-24 13:08:39,dnfㅋㅌㅌㅌㅌ,ㅋㅋㅋㅋㅋㅋ,6,6.0,dnfㅋㅌㅌㅌㅌ ㅋㅋㅋㅋㅋㅋ,dnfㅋㅌㅌㅌㅌ ㅋㅋㅋㅋㅋㅋ,0.13803191483020782,0.08716157078742981,0.0710839256644249,0.03343033045530319,0.6450052261352539,0.025287073105573654
2024-03-24 13:08:39,몽골 컷ㅋㅋㅋㅋㅋㅋㅋㅋ,,6,6.0,몽골 컷ㅋㅋㅋㅋㅋㅋㅋㅋ ,몽골 컷ㅋㅋㅋㅋㅋㅋㅋㅋ,0.1758607029914856,0.12387555837631226,0.08246883749961853,0.03703765943646431,0.5458441376686096,0.034913063049316406
2024-03-24 13:08:38,방구차 입갤 ㅋㅋㅋㅋㅋㅋ,,6,6.0,방구차 입갤 ㅋㅋㅋㅋㅋㅋ ,방구차 입갤 ㅋㅋㅋㅋㅋㅋ,0.10446492582559586,0.07345344126224518,0.0571867898106575,0.03419928625226021,0.7049285769462585,0.025766944512724876
2024-03-24 13:08:39,막스 리타냐 ㅋㅋㅋㅋㅋㅋㅋㅋㅋㅋㅋ,,6,6.0,막스 리타냐 ㅋㅋㅋㅋㅋㅋㅋㅋㅋㅋㅋ ,막스 리타냐 ㅋㅋㅋㅋㅋㅋㅋㅋㅋㅋㅋ,0.16818368434906006,0.11823078989982605,0.07899894565343857,0.034581270068883896,0.5656837821006775,0.03432149812579155
2024-03-24 13:08:39,막스 차 왜 군고구마 차 됨?,,6,6.0,막스 차 왜 군고구마 차 됨? ,막스 차 왜 군고구마 차 됨?,0.26572084426879883,0.3148705065250397,0.12557773292064667,0.09911307692527771,0.10189924389123917,0.09281864017248154
2024-03-24 13:08:40,어 좆댓ㄷ,- dc official App,6,6.0,어 좆댓ㄷ - dc official App,어 좆댓ㄷ - dc official App,0.2706894874572754,0.21329690515995026,0.16014176607131958,0.09956250339746475,0.14179213345050812,0.11451724171638489
2024-03-24 13:08:40,엔진 블로우 ㅅㅅㅅㅅㅅㅅㅅㅅㅅㅅㅅㅅㅅㅅㅅㅅ,,6,6.0,엔진 블로우 ㅅㅅㅅㅅㅅㅅㅅㅅㅅㅅㅅㅅㅅㅅㅅㅅ ,엔진 블로우 ㅅㅅㅅㅅㅅㅅㅅㅅㅅㅅㅅㅅㅅㅅㅅㅅ,0.11012540012598038,0.05996173620223999,0.05624508112668991,0.03820214420557022,0.7139117121696472,0.02155388332903385
2024-03-24 13:08:41,ㅅㅅㅅㅅㅅㅅ,ㅅㅅ,6,6.0,ㅅㅅㅅㅅㅅㅅ ㅅㅅ,ㅅㅅㅅㅅㅅㅅ ㅅㅅ,0.11292363703250885,0.06463669240474701,0.05778509005904198,0.04108722135424614,0.7013164758682251,0.02225090190768242
2024-03-24 13:08:41,???!,- dc official App,6,6.0,???! - dc official App,???! - dc official App,0.2015693187713623,0.2310485988855362,0.09297772496938705,0.04626540094614029,0.3804680407047272,0.047670878469944
2024-03-24 13:08:42,오늘 개꿀잼 경기 각 떴다ㅋㅋㅋㅋㅋㅋㅋㅋㅋㅋㅋㅋ,ㅋㅋㅋㅋ,6,6.0,오늘 개꿀잼 경기 각 떴다ㅋㅋㅋㅋㅋㅋㅋㅋㅋㅋㅋㅋ ㅋㅋㅋㅋ,오늘 개꿀잼 경기 각 떴다ㅋㅋㅋㅋㅋㅋㅋㅋㅋㅋㅋㅋ ㅋㅋㅋㅋ,0.11423433572053909,0.05869034305214882,0.056235264986753464,0.03602989763021469,0.7110595703125,0.02375054731965065
2024-03-24 13:08:42,꿀잼 on,,6,6.0,꿀잼 on ,꿀잼 on,0.11806874722242355,0.07487236708402634,0.05538362264633179,0.038578785955905914,0.6876671314239502,0.025429412722587585
2024-03-24 13:08:43,아... 레드불 차량문제 오랜만에 보네,어어억 불난다 ㅋㅋㅋㅋㅋㅋㅋㅋㅋㅋㅋㅋㅋㅋㅋㅋㅋ,6,6.0,아... 레드불 차량문제 오랜만에 보네 어어억 불난다 ㅋㅋㅋㅋㅋㅋㅋㅋㅋㅋㅋㅋㅋㅋㅋㅋㅋ,아... 레드불 차량문제 오랜만에 보네 어어억 불난다 ㅋㅋㅋㅋㅋㅋㅋㅋㅋㅋㅋㅋㅋㅋㅋㅋㅋ,0.27540621161460876,0.18806125223636627,0.13289786875247955,0.07433856278657913,0.23097644746303558,0.0983196422457695
2024-03-24 13:08:43,씨발ㅋㅋㅋㅋㅋ,,6,6.0,씨발ㅋㅋㅋㅋㅋ ,씨발ㅋㅋㅋㅋㅋ,0.23201647400856018,0.12152943015098572,0.170103058218956,0.0705733671784401,0.35699793696403503,0.048779722303152084
2024-03-24 13:08:43,징징이 맞았노 ㅋㅋㅋㅋㅋㅋㅋㅋㅋㅋ,,6,6.0,징징이 맞았노 ㅋㅋㅋㅋㅋㅋㅋㅋㅋㅋ ,징징이 맞았노 ㅋㅋㅋㅋㅋㅋㅋㅋㅋㅋ,0.1646767556667328,0.10170504450798035,0.06328796595335007,0.03957115113735199,0.5909003615379333,0.039858657866716385
2024-03-24 13:08:44,막스 망했다 ㅋㅋㅋㅋㅋㅋㅋㅋ,연기 씨게 난다 ㅋㅋ,6,6.0,막스 망했다 ㅋㅋㅋㅋㅋㅋㅋㅋ 연기 씨게 난다 ㅋㅋ,막스 망했다 ㅋㅋㅋㅋㅋㅋㅋㅋ 연기 씨게 난다 ㅋㅋ,0.21904508769512177,0.12543022632598877,0.07729785144329071,0.04310586676001549,0.48135653138160706,0.053764402866363525
2024-03-24 13:08:43,뿌아아아아아아아아아아앙,"엌ㅋㅋㅋㅋㅋㅋㅋㅋ
- dc official App",6,6.0,"뿌아아아아아아아아아아앙 엌ㅋㅋㅋㅋㅋㅋㅋㅋ
- dc official App",뿌아아아아아아아아아아앙 엌ㅋㅋㅋㅋㅋㅋㅋㅋ,0.11595283448696136,0.06415130198001862,0.062455255538225174,0.03598214313387871,0.6991831660270691,0.022275302559137344
2024-03-24 13:08:44,ㅅㅅㅅㅅㅅㅅ,들어가시고요~,6,6.0,ㅅㅅㅅㅅㅅㅅ 들어가시고요~,ㅅㅅㅅㅅㅅㅅ 들어가시고요~,0.11054237931966782,0.06197863817214966,0.058105431497097015,0.03929559886455536,0.7056306600570679,0.024447282776236534
2024-03-24 13:08:44,첫 사망 ㅋㅋㅋㅋㅋㅋㅌㅌㅌ,- dc official App,6,6.0,첫 사망 ㅋㅋㅋㅋㅋㅋㅌㅌㅌ - dc official App,첫 사망 ㅋㅋㅋㅋㅋㅋㅌㅌㅌ - dc official App,0.2618566155433655,0.20286203920841217,0.12423347681760788,0.05887271836400032,0.27264973521232605,0.07952532172203064
2024-03-24 13:08:45,드디어 ㅋㅋㅋ,ㅋㅋㅋㅋㅋ,6,6.0,드디어 ㅋㅋㅋ ㅋㅋㅋㅋㅋ,드디어 ㅋㅋㅋ ㅋㅋㅋㅋㅋ,0.11831274628639221,0.07707764953374863,0.05639440566301346,0.03212069720029831,0.6924486756324768,0.02364584431052208
2024-03-24 13:08:45,막스 컽 ㅋㅋㅋㅋㅋㅋㅋㅋㅋ,,6,6.0,막스 컽 ㅋㅋㅋㅋㅋㅋㅋㅋㅋ ,막스 컽 ㅋㅋㅋㅋㅋㅋㅋㅋㅋ,0.11019208282232285,0.06981748342514038,0.056546956300735474,0.034575946629047394,0.7047053575515747,0.024162180721759796
2024-03-24 13:08:45,캬 ㅋㅋㅋㅋㅋㅋ,,6,6.0,캬 ㅋㅋㅋㅋㅋㅋ ,캬 ㅋㅋㅋㅋㅋㅋ,0.1276669055223465,0.0966101586818695,0.06375602632761002,0.03253199905157089,0.6521063446998596,0.027328582480549812
2024-03-24 13:08:47,막스 아웃 ㅋㅋㅋ,"ㅋㅋㅋㅋ
- dc official App",6,6.0,"막스 아웃 ㅋㅋㅋ ㅋㅋㅋㅋ
- dc official App",막스 아웃 ㅋㅋㅋ ㅋㅋㅋㅋ,0.14696575701236725,0.076460100710392,0.07985354214906693,0.04381265863776207,0.6262260675430298,0.026681862771511078
2024-03-24 13:08:47,레드불 사망ㅋㅋㅋㅋㅋㅋㅋㅋㅋㅋㅋㅋㅋㅋㅋㅋ,,6,6.0,레드불 사망ㅋㅋㅋㅋㅋㅋㅋㅋㅋㅋㅋㅋㅋㅋㅋㅋ ,레드불 사망ㅋㅋㅋㅋㅋㅋㅋㅋㅋㅋㅋㅋㅋㅋㅋㅋ,0.3050597608089447,0.20749665796756744,0.14578008651733398,0.07811427861452103,0.16202907264232635,0.10152015835046768
2024-03-24 13:08:47,ㄴㅇㅅ ㅋㅋㅋㅋ,ㅋㅋㅋㅋㅋㅋㅋㅋㅋ,6,6.0,ㄴㅇㅅ ㅋㅋㅋㅋ ㅋㅋㅋㅋㅋㅋㅋㅋㅋ,ㄴㅇㅅ ㅋㅋㅋㅋ ㅋㅋㅋㅋㅋㅋㅋㅋㅋ,0.1280289739370346,0.07762643694877625,0.06599143147468567,0.034872282296419144,0.6701767444610596,0.023304002359509468
2024-03-24 13:08:48,드디어 막스 터지나 ㅋㅋㅋㅋㅋㅋㅋㅋㅋㅋㅋ,,6,6.0,드디어 막스 터지나 ㅋㅋㅋㅋㅋㅋㅋㅋㅋㅋㅋ ,드디어 막스 터지나 ㅋㅋㅋㅋㅋㅋㅋㅋㅋㅋㅋ,0.12958653271198273,0.09501305967569351,0.054887060075998306,0.029395125806331635,0.6611009240150452,0.03001728653907776
2024-03-24 13:08:49,엔진 터졌다 ㅅㅅㅅㅅㅅ,개 꿀잼 입갤ㅋㅋㅋㅋ,6,6.0,엔진 터졌다 ㅅㅅㅅㅅㅅ 개 꿀잼 입갤ㅋㅋㅋㅋ,엔진 터졌다 ㅅㅅㅅㅅㅅ 개 꿀잼 입갤ㅋㅋㅋㅋ,0.11163593828678131,0.06643611937761307,0.05850553140044212,0.03949069604277611,0.6998573541641235,0.02407432533800602
2024-03-24 13:08:49,막징징이 아니었어..?,ㄹㅇ 문제냐고,6,6.0,막징징이 아니었어..? ㄹㅇ 문제냐고,막징징이 아니었어..? ㄹㅇ 문제냐고,0.22747428715229034,0.3107171356678009,0.15075808763504028,0.0889582559466362,0.10135107487440109,0.12074117362499237
2024-03-24 13:08:49,불난다 ㅅㅈ ㅌㅋㅌㅌ,ㅋㅋㅋㅋㅋㅋ,6,6.0,불난다 ㅅㅈ ㅌㅋㅌㅌ ㅋㅋㅋㅋㅋㅋ,불난다 ㅅㅈ ㅌㅋㅌㅌ ㅋㅋㅋㅋㅋㅋ,0.23167310655117035,0.09914497286081314,0.15788285434246063,0.08103793114423752,0.38613161444664,0.044129520654678345
2024-03-24 13:08:50,섹스 ㅅㅅㅅㅅㅅㅅㅅㅅㅅㅅ,,6,6.0,섹스 ㅅㅅㅅㅅㅅㅅㅅㅅㅅㅅ ,섹스 ㅅㅅㅅㅅㅅㅅㅅㅅㅅㅅ,0.11093834787607193,0.06677374243736267,0.05818581208586693,0.03758746385574341,0.7040183544158936,0.022496281191706657
2024-03-24 13:08:50,막스 멸망 ㅋㅋㅋㅋ,뭐노 ㅋㅋㅋㅋㅋ,6,6.0,막스 멸망 ㅋㅋㅋㅋ 뭐노 ㅋㅋㅋㅋㅋ,막스 멸망 ㅋㅋㅋㅋ 뭐노 ㅋㅋㅋㅋㅋ,0.3049534857273102,0.26439785957336426,0.1410578489303589,0.09763448685407639,0.0981152132153511,0.09384113550186157
2024-03-24 13:08:51,ㅅㅅㅅㅅㅅㅅㅅ,이거지ㅋㅋ,6,6.0,ㅅㅅㅅㅅㅅㅅㅅ 이거지ㅋㅋ,ㅅㅅㅅㅅㅅㅅㅅ 이거지ㅋㅋ,0.11934582144021988,0.06276211142539978,0.05892903730273247,0.03914869949221611,0.6978464722633362,0.02196785993874073
2024-03-24 13:08:51,브레이크 타냐?,뭐임 저거,6,6.0,브레이크 타냐? 뭐임 저거,브레이크 타냐? 뭐임 저거,0.22281639277935028,0.3282610774040222,0.15513785183429718,0.0873018428683281,0.10272117704153061,0.10376164317131042
2024-03-24 13:08:51,ㅋㅋㅋㅋㅋㅋㅋ개꿀잼 ㅋㅋㅋㅋ,- dc official App,6,6.0,ㅋㅋㅋㅋㅋㅋㅋ개꿀잼 ㅋㅋㅋㅋ - dc official App,ㅋㅋㅋㅋㅋㅋㅋ개꿀잼 ㅋㅋㅋㅋ - dc official App,0.11149457097053528,0.06647776067256927,0.05817555636167526,0.03558652475476265,0.705651044845581,0.02261461317539215
2024-03-24 13:08:51,방구차 떳다,ㅋㅋㅋㅋㅋㅋ,6,6.0,방구차 떳다 ㅋㅋㅋㅋㅋㅋ,방구차 떳다 ㅋㅋㅋㅋㅋㅋ,0.10667873173952103,0.0646582543849945,0.054645512253046036,0.03544522821903229,0.7143313884735107,0.02424091473221779
2024-03-24 13:08:52,개꿀잼레이스 onㅋㅋㅋㅋㅋㅋ,ㅋㅋㅋㅋ,6,6.0,개꿀잼레이스 onㅋㅋㅋㅋㅋㅋ ㅋㅋㅋㅋ,개꿀잼레이스 onㅋㅋㅋㅋㅋㅋ ㅋㅋㅋㅋ,0.1108720600605011,0.06522084027528763,0.05665956437587738,0.03522138297557831,0.7083066701889038,0.02371952123939991
2024-03-24 13:08:53,어ㅓㅓㅓㅓㅓ????,징징이아니야?,6,6.0,어ㅓㅓㅓㅓㅓ???? 징징이아니야?,어ㅓㅓㅓㅓㅓ???? 징징이아니야?,0.22394101321697235,0.331932932138443,0.10945186018943787,0.06169489026069641,0.1583009958267212,0.11467830836772919
2024-03-24 13:08:52,갑자기 존나 재밌으면 개추 ㅋㅋㅋㅋㅋ,,6,6.0,갑자기 존나 재밌으면 개추 ㅋㅋㅋㅋㅋ ,갑자기 존나 재밌으면 개추 ㅋㅋㅋㅋㅋ,0.12063159793615341,0.07880030572414398,0.05574480816721916,0.03242594748735428,0.6864446997642517,0.025952639058232307
2024-03-24 13:08:53,막스 리타이어 가냐 ㅋㅋㅋㅋㅋㅋㅋㅋㅋㅋ,,6,6.0,막스 리타이어 가냐 ㅋㅋㅋㅋㅋㅋㅋㅋㅋㅋ ,막스 리타이어 가냐 ㅋㅋㅋㅋㅋㅋㅋㅋㅋㅋ,0.1715065985918045,0.1279403120279312,0.08939569443464279,0.044454608112573624,0.5291267037391663,0.03757611662149429
2024-03-24 13:08:53,ㅋㅋㅋㅋㅋㅋㅋㅋㅋㅋㅋㅋㅋ,,6,6.0,ㅋㅋㅋㅋㅋㅋㅋㅋㅋㅋㅋㅋㅋ ,ㅋㅋㅋㅋㅋㅋㅋㅋㅋㅋㅋㅋㅋ,0.1381915956735611,0.08995264023542404,0.06871581822633743,0.0343465693295002,0.6429286003112793,0.025864705443382263
2024-03-24 13:08:54,머고 ㅋㅋㅋㅋㅋㅋㅋㅋㅋㅋㅋㅋ,,6,6.0,머고 ㅋㅋㅋㅋㅋㅋㅋㅋㅋㅋㅋㅋ ,머고 ㅋㅋㅋㅋㅋㅋㅋㅋㅋㅋㅋㅋ,0.26146912574768066,0.27683231234550476,0.1001785397529602,0.05109483748674393,0.23476861417293549,0.07565659284591675
2024-03-24 13:08:55,ㅅㅅㅅㅅㅅㅅㅅㅅㅅ,,6,6.0,ㅅㅅㅅㅅㅅㅅㅅㅅㅅ ,ㅅㅅㅅㅅㅅㅅㅅㅅㅅ,0.11128164827823639,0.06451485306024551,0.056719545274972916,0.040592893958091736,0.7049661874771118,0.021924873813986778
2024-03-24 13:08:55,ㅋㅋㅋㅋㅋㅋㅋㅋ,아 꼬시다 꺼억,6,6.0,ㅋㅋㅋㅋㅋㅋㅋㅋ 아 꼬시다 꺼억,ㅋㅋㅋㅋㅋㅋㅋㅋ 아 꼬시다 꺼억,0.10569553077220917,0.06330318003892899,0.06274013221263885,0.0415748730301857,0.7046353220939636,0.022050999104976654
2024-03-24 13:08:55,드디어 몽골 사망 ㅋㅋㅋㅋㅋㅋㅋ,,6,6.0,드디어 몽골 사망 ㅋㅋㅋㅋㅋㅋㅋ ,드디어 몽골 사망 ㅋㅋㅋㅋㅋㅋㅋ,0.2603280246257782,0.2125285565853119,0.12223192304372787,0.05460387095808983,0.25947991013526917,0.09082773327827454
2024-03-24 13:08:55,ㅅㅅㅅㅅㅅ,"막스 사망 ㅅㅅㅅㅅㅅ
- dc official App",6,6.0,"ㅅㅅㅅㅅㅅ 막스 사망 ㅅㅅㅅㅅㅅ
- dc official App",ㅅㅅㅅㅅㅅ 막스 사망 ㅅㅅㅅㅅㅅ,0.11576048284769058,0.07407473027706146,0.06138558313250542,0.04005613550543785,0.6812628507614136,0.027460195124149323
2024-03-24 13:08:55,막스 사망ㅋㅋㅋㅋㅋㅋㅋㅋㅋㅋㅋㅋㅋ,,6,6.0,막스 사망ㅋㅋㅋㅋㅋㅋㅋㅋㅋㅋㅋㅋㅋ ,막스 사망ㅋㅋㅋㅋㅋㅋㅋㅋㅋㅋㅋㅋㅋ,0.2862546443939209,0.15702809393405914,0.09876199811697006,0.057906776666641235,0.3327440023422241,0.06730449199676514
2024-03-24 13:08:56,엌ㅋㅋㅋㅋㅋㅋ 몽골 좆망 ㅋ/ㅋㅋㅋㅋㅋㅋㅋㅋㅋ,개기분 좋네,6,6.0,엌ㅋㅋㅋㅋㅋㅋ 몽골 좆망 ㅋ/ㅋㅋㅋㅋㅋㅋㅋㅋㅋ 개기분 좋네,엌ㅋㅋㅋㅋㅋㅋ 몽골 좆망 ㅋ/ㅋㅋㅋㅋㅋㅋㅋㅋㅋ 개기분 좋네,0.12498390674591064,0.07218974828720093,0.09335174411535263,0.05666838586330414,0.6240549683570862,0.02875123918056488
2024-03-24 13:08:57,아 이러면 재미없는데,ㅡㅡ,6,6.0,아 이러면 재미없는데 ㅡㅡ,아 이러면 재미없는데 ㅡㅡ,0.30956947803497314,0.12351318448781967,0.19238358736038208,0.18691624701023102,0.12848533689975739,0.059132207185029984
2024-03-24 13:08:57,꿀잼ㅋㅋㅋㅋㅋㅋ,꿀잼예약 ㅋㅋㅋㅋㅋ,6,6.0,꿀잼ㅋㅋㅋㅋㅋㅋ 꿀잼예약 ㅋㅋㅋㅋㅋ,꿀잼ㅋㅋㅋㅋㅋㅋ 꿀잼예약 ㅋㅋㅋㅋㅋ,0.1130322813987732,0.06318040192127228,0.05661638081073761,0.035728804767131805,0.707582950592041,0.023859161883592606
2024-03-24 13:08:57,개씨발 섹스ㅋㅋㅋㅋㅋㅋㅋㅋ,,6,6.0,개씨발 섹스ㅋㅋㅋㅋㅋㅋㅋㅋ ,개씨발 섹스ㅋㅋㅋㅋㅋㅋㅋㅋ,0.19644711911678314,0.12607187032699585,0.31351175904273987,0.16702395677566528,0.13764576613903046,0.0592995323240757
2024-03-24 13:08:58,ㅋㅋㅋㅋㅋㅋㅋㅈ됐놐ㅋㅋㅋㅋ,들어가~,6,6.0,ㅋㅋㅋㅋㅋㅋㅋㅈ됐놐ㅋㅋㅋㅋ 들어가~,ㅋㅋㅋㅋㅋㅋㅋㅈ됐놐ㅋㅋㅋㅋ 들어가~,0.3068983852863312,0.12513893842697144,0.1983269453048706,0.10387662053108215,0.1992238610982895,0.06653524190187454
2024-03-24 13:08:57,오콘팀라 몽골문제있다 오일새는듯,ㅋㅋㅋㅋ,6,6.0,오콘팀라 몽골문제있다 오일새는듯 ㅋㅋㅋㅋ,오콘팀라 몽골문제있다 오일새는듯 ㅋㅋㅋㅋ,0.2756807804107666,0.25186485052108765,0.1575562059879303,0.08474966883659363,0.12293427437543869,0.10721424221992493
2024-03-24 13:08:58,와 ㅋㅋㅋㅋㅋ,,6,6.0,와 ㅋㅋㅋㅋㅋ ,와 ㅋㅋㅋㅋㅋ,0.16494299471378326,0.16025958955287933,0.0729714035987854,0.03203260153532028,0.5289215445518494,0.040871888399124146
2024-03-24 13:08:59,허 뭐냐 ㅋㅋㅋㅋㅋㅋ,,6,6.0,허 뭐냐 ㅋㅋㅋㅋㅋㅋ ,허 뭐냐 ㅋㅋㅋㅋㅋㅋ,0.280763179063797,0.26261618733406067,0.10477359592914581,0.05045778676867485,0.2287493646144867,0.07263990491628647
2024-03-24 13:09:00,똥방구 발사 ㅋㅋㅋㅋ,ㅋㅋㅋㅋ,6,6.0,똥방구 발사 ㅋㅋㅋㅋ ㅋㅋㅋㅋ,똥방구 발사 ㅋㅋㅋㅋ ㅋㅋㅋㅋ,0.13462063670158386,0.08451442420482635,0.06695783138275146,0.03536655753850937,0.6525072455406189,0.026033300906419754
2024-03-24 13:09:00,페라리 원투 가즈아 ㅋㅋㅋ씨 팔,"섹스
- dc official App",6,6.0,"페라리 원투 가즈아 ㅋㅋㅋ씨 팔 섹스
- dc official App",페라리 원투 가즈아 ㅋㅋㅋ씨 팔 섹스,0.14545930922031403,0.08709027618169785,0.1589357554912567,0.07173644751310349,0.49505114555358887,0.041727133095264435
2024-03-24 13:09:01,ㅅㅅㅅㅅㅅㅋㅋㅋㅋㅋㅋ씨발,,6,6.0,ㅅㅅㅅㅅㅅㅋㅋㅋㅋㅋㅋ씨발 ,ㅅㅅㅅㅅㅅㅋㅋㅋㅋㅋㅋ씨발,0.19843657314777374,0.08758539706468582,0.27099087834358215,0.12238781154155731,0.27695703506469727,0.0436423234641552
2024-03-24 13:09:02,2022 재림ㅋㅋㅋㅋㅋㅋㅋ,캬ㅋㅋㅋㅋㅋ,6,6.0,2022 재림ㅋㅋㅋㅋㅋㅋㅋ 캬ㅋㅋㅋㅋㅋ,2022 재림ㅋㅋㅋㅋㅋㅋㅋ 캬ㅋㅋㅋㅋㅋ,0.10884011536836624,0.06626036763191223,0.05349218100309372,0.034558188170194626,0.7138663530349731,0.022982796654105186
2024-03-24 13:09:02,몽골 좆망 ㅋㅋㅋㅋㅋㅋㅋ,,6,6.0,몽골 좆망 ㅋㅋㅋㅋㅋㅋㅋ ,몽골 좆망 ㅋㅋㅋㅋㅋㅋㅋ,0.30824899673461914,0.18832726776599884,0.18955302238464355,0.12079311907291412,0.11134970933198929,0.08172791451215744
2024-03-24 13:09:03,모두의 주말 가냐??,"우리은 모두 티포시니까 ㅋㅋㅋㅋㅋ
- dc official App",6,6.0,"모두의 주말 가냐?? 우리은 모두 티포시니까 ㅋㅋㅋㅋㅋ
- dc official App",모두의 주말 가냐?? 우리은 모두 티포시니까 ㅋㅋㅋㅋㅋ,0.11854472756385803,0.07522282004356384,0.05582405626773834,0.032600037753582,0.6880776882171631,0.029730739071965218
2024-03-24 13:09:03,섹스ㅋㅋㅋㅋㅋㅋㅋ,- dc official App,6,6.0,섹스ㅋㅋㅋㅋㅋㅋㅋ - dc official App,섹스ㅋㅋㅋㅋㅋㅋㅋ - dc official App,0.12244121730327606,0.09809041768312454,0.0692313015460968,0.03179296478629112,0.6531305909156799,0.025313561782240868
2024-03-24 13:09:03,진짜 막스 리타이어냐 ㅋㅋㅋㅋㅋㅋ,,6,6.0,진짜 막스 리타이어냐 ㅋㅋㅋㅋㅋㅋ ,진짜 막스 리타이어냐 ㅋㅋㅋㅋㅋㅋ,0.2439536303281784,0.29691651463508606,0.15551114082336426,0.07106394320726395,0.11816789209842682,0.11438687145709991
2024-03-24 13:09:04,혼다 한건 해주냐?ㅋㅋㅋㅋㅋㅋㅋㅋㅋ,ㅅㅂ 개꿀잼각 ㅋㅋㅋㅋㅋㅋ,7,7.0,혼다 한건 해주냐?ㅋㅋㅋㅋㅋㅋㅋㅋㅋ ㅅㅂ 개꿀잼각 ㅋㅋㅋㅋㅋㅋ,혼다 한건 해주냐?ㅋㅋㅋㅋㅋㅋㅋㅋㅋ ㅅㅂ 개꿀잼각 ㅋㅋㅋㅋㅋㅋ,0.11712423712015152,0.07142172753810883,0.0594651997089386,0.035048533231019974,0.6899781227111816,0.026962170377373695
2024-03-24 13:09:04,약속의 땅 오스트레일리아,"아 섹스 ㅋㅋㅋㅋㅋㅋㅋㅋㅋㅋㅋ
- dc official App",7,7.0,"약속의 땅 오스트레일리아 아 섹스 ㅋㅋㅋㅋㅋㅋㅋㅋㅋㅋㅋ
- dc official App",약속의 땅 오스트레일리아 아 섹스 ㅋㅋㅋㅋㅋㅋㅋㅋㅋㅋㅋ,0.10646560043096542,0.061706285923719406,0.053468968719244,0.033705271780490875,0.7220359444618225,0.022617895156145096
2024-03-24 13:09:04,2024 호주는 레전드로 남겠구나,- dc official App,7,7.0,2024 호주는 레전드로 남겠구나 - dc official App,2024 호주는 레전드로 남겠구나 - dc official App,0.1598871797323227,0.11597723513841629,0.06026187166571617,0.03718676418066025,0.5851537585258484,0.0415332056581974
2024-03-24 13:09:04,드디어ㅋㅋㅋㅋㅋㅋ,,7,7.0,드디어ㅋㅋㅋㅋㅋㅋ ,드디어ㅋㅋㅋㅋㅋㅋ,0.13427229225635529,0.09577237069606781,0.06170196086168289,0.03180966153740883,0.6479650735855103,0.028478723019361496
2024-03-24 13:09:05,ㅅㅅㅅㅅㅅㅅㅅㅅㅅㅅㅅㅅ,,7,7.0,ㅅㅅㅅㅅㅅㅅㅅㅅㅅㅅㅅㅅ ,ㅅㅅㅅㅅㅅㅅㅅㅅㅅㅅㅅㅅ,0.11221001297235489,0.06122962385416031,0.05740769952535629,0.042010337114334106,0.7057167887687683,0.02142556756734848
2024-03-24 13:09:05,엔진오일 타네 ㅋㅋㅋㅋㅋㅋㅋㅋㅋㅋㅋㅋㅋㅋ,DnD,7,7.0,엔진오일 타네 ㅋㅋㅋㅋㅋㅋㅋㅋㅋㅋㅋㅋㅋㅋ DnD,엔진오일 타네 ㅋㅋㅋㅋㅋㅋㅋㅋㅋㅋㅋㅋㅋㅋ DnD,0.24133025109767914,0.17351046204566956,0.1144772469997406,0.05336378514766693,0.34547463059425354,0.07184364646673203
2024-03-24 13:09:05,리타 입갤 ㅋㅋㅋㅋㅋㅋㅋㅋㅋㅋㅋ,,7,7.0,리타 입갤 ㅋㅋㅋㅋㅋㅋㅋㅋㅋㅋㅋ ,리타 입갤 ㅋㅋㅋㅋㅋㅋㅋㅋㅋㅋㅋ,0.10610483586788177,0.07161371409893036,0.059506647288799286,0.03376287594437599,0.7037277817726135,0.025284167379140854
2024-03-24 13:09:06,시발 막스 리타 개쎆쓰ㅋㅋㅋㅋㅋㅋㅋㅋㅋㅋㅋㅋ,ㅋㅋㅋㅋㅋ,7,7.0,시발 막스 리타 개쎆쓰ㅋㅋㅋㅋㅋㅋㅋㅋㅋㅋㅋㅋ ㅋㅋㅋㅋㅋ,시발 막스 리타 개쎆쓰ㅋㅋㅋㅋㅋㅋㅋㅋㅋㅋㅋㅋ ㅋㅋㅋㅋㅋ,0.2096109837293625,0.09436555951833725,0.20326562225818634,0.08907906711101532,0.35969892144203186,0.04397980496287346
2024-03-24 13:09:07,방구차 ㅋㅋㅋㅋㅋㅋㅋㅋㅋㅋㅋㅋㅋㅋ,,7,7.0,방구차 ㅋㅋㅋㅋㅋㅋㅋㅋㅋㅋㅋㅋㅋㅋ ,방구차 ㅋㅋㅋㅋㅋㅋㅋㅋㅋㅋㅋㅋㅋㅋ,0.11383366584777832,0.07372278720140457,0.06037908047437668,0.03410514071583748,0.6929632425308228,0.024996072053909302
2024-03-24 13:09:07,ㅅㅅㅅㅅㅅㅅㅅㅅ,ㅅㅅㅅㅅ,7,7.0,ㅅㅅㅅㅅㅅㅅㅅㅅ ㅅㅅㅅㅅ,ㅅㅅㅅㅅㅅㅅㅅㅅ ㅅㅅㅅㅅ,0.11398115009069443,0.06030065566301346,0.05884925648570061,0.04276452213525772,0.7024305462837219,0.021673889830708504
2024-03-24 13:09:08,드디어 몽골 리타 ㅋㅋㅋㅋ,,7,7.0,드디어 몽골 리타 ㅋㅋㅋㅋ ,드디어 몽골 리타 ㅋㅋㅋㅋ,0.11586073786020279,0.08914124965667725,0.055476751178503036,0.02922850102186203,0.6819455623626709,0.02834716998040676
2024-03-24 13:09:08,와 드디어 ㅋㅋㅋㅋㅋㅋㅋㅋㅋ ㅋㅋㅋㅋㅋㅋㅋㅋㅋㅋ,,7,7.0,와 드디어 ㅋㅋㅋㅋㅋㅋㅋㅋㅋ ㅋㅋㅋㅋㅋㅋㅋㅋㅋㅋ ,와 드디어 ㅋㅋㅋㅋㅋㅋㅋㅋㅋ ㅋㅋㅋㅋㅋㅋㅋㅋㅋㅋ,0.13880154490470886,0.09502391517162323,0.06088976934552193,0.03069496341049671,0.6468030214309692,0.027786878868937492
2024-03-24 13:09:09,리타이어 ㅋㅋㅋㅋㅋㅋㅋㅋ,ㅋㅋㅋㅋㅁㄴㅇㄹ,7,7.0,리타이어 ㅋㅋㅋㅋㅋㅋㅋㅋ ㅋㅋㅋㅋㅁㄴㅇㄹ,리타이어 ㅋㅋㅋㅋㅋㅋㅋㅋ ㅋㅋㅋㅋㅁㄴㅇㄹ,0.14216509461402893,0.09780529886484146,0.07553305476903915,0.03524473309516907,0.6217145323753357,0.02753729373216629
2024-03-24 13:09:09,섹스 ㅋㅋㅋㅋㅋㅋㅋ,,7,7.0,섹스 ㅋㅋㅋㅋㅋㅋㅋ ,섹스 ㅋㅋㅋㅋㅋㅋㅋ,0.12345008552074432,0.08312798291444778,0.06434136629104614,0.032622192054986954,0.6704647541046143,0.025993600487709045
2024-03-24 13:09:09,꿀재무입개뤀ㅋㅋㅋㅋㅋㅋㅋㅋ,"ㅋㅋ
- dc official App",7,7.0,"꿀재무입개뤀ㅋㅋㅋㅋㅋㅋㅋㅋ ㅋㅋ
- dc official App",꿀재무입개뤀ㅋㅋㅋㅋㅋㅋㅋㅋ ㅋㅋ,0.12524758279323578,0.08556494861841202,0.0631176307797432,0.032324258238077164,0.6689536571502686,0.02479194849729538
2024-03-24 13:09:09,오늘 축제냐???,개신나네 ㅋㅋㅋㅋ,7,7.0,오늘 축제냐??? 개신나네 ㅋㅋㅋㅋ,오늘 축제냐??? 개신나네 ㅋㅋㅋㅋ,0.11346732079982758,0.06603273749351501,0.06390488892793655,0.039285190403461456,0.6948435306549072,0.02246629074215889
2024-03-24 13:09:09,티포시의 주말 on,,7,7.0,티포시의 주말 on ,티포시의 주말 on,0.1303071826696396,0.09077661484479904,0.06920794397592545,0.041327428072690964,0.6430271863937378,0.025353658944368362
2024-03-24 13:09:10,티포시의 주말 왔다 ㅋㅋㅋㅋㅋㅋㅋㅋㅋㅋㅋㅋㅋㅋㅋㅋㅋㅋ,ㅋㅋㅋㅋㅋㅋㅋㅋㅋㅋㅋㅋㅋㅋㅋㅋㅋㅋㅋ,7,7.0,티포시의 주말 왔다 ㅋㅋㅋㅋㅋㅋㅋㅋㅋㅋㅋㅋㅋㅋㅋㅋㅋㅋ ㅋㅋㅋㅋㅋㅋㅋㅋㅋㅋㅋㅋㅋㅋㅋㅋㅋㅋㅋ,티포시의 주말 왔다 ㅋㅋㅋㅋㅋㅋㅋㅋㅋㅋㅋㅋㅋㅋㅋㅋㅋㅋ ㅋㅋㅋㅋㅋㅋㅋㅋㅋㅋㅋㅋㅋㅋㅋㅋㅋㅋㅋ,0.11223945021629333,0.06224985793232918,0.05889700725674629,0.035707227885723114,0.7087320685386658,0.022174358367919922
2024-03-24 13:09:11,이게뭔가요 ㅋㅋㅋㅋ,ㅋㅋㅋㅋㅋ,7,7.0,이게뭔가요 ㅋㅋㅋㅋ ㅋㅋㅋㅋㅋ,이게뭔가요 ㅋㅋㅋㅋ ㅋㅋㅋㅋㅋ,0.22089140117168427,0.14978191256523132,0.0890243798494339,0.04755937680602074,0.45300984382629395,0.039733000099658966
2024-03-24 13:09:11,ㅅㅂ 페라리 우승 가냐? ㅋㅋㅋㅋㅋㅋㅋㅋㅋ,대인츠 ㅋㅋㅋㅋㅋㅋㅋㅋㅋㅋㅋㅋ,7,7.0,ㅅㅂ 페라리 우승 가냐? ㅋㅋㅋㅋㅋㅋㅋㅋㅋ 대인츠 ㅋㅋㅋㅋㅋㅋㅋㅋㅋㅋㅋㅋ,ㅅㅂ 페라리 우승 가냐? ㅋㅋㅋㅋㅋㅋㅋㅋㅋ 대인츠 ㅋㅋㅋㅋㅋㅋㅋㅋㅋㅋㅋㅋ,0.15132302045822144,0.10455361008644104,0.09255611151456833,0.04776150733232498,0.5651683807373047,0.03863740712404251
2024-03-24 13:09:11,막스 리타 2년만에 보는거같은데,ㅋㅋㅋㅋㅋ,7,7.0,막스 리타 2년만에 보는거같은데 ㅋㅋㅋㅋㅋ,막스 리타 2년만에 보는거같은데 ㅋㅋㅋㅋㅋ,0.144675612449646,0.09450853615999222,0.0530569851398468,0.02821827493607998,0.6478406190872192,0.031700003892183304
2024-03-24 13:09:11,ㅅㅅㅋㅋㅋㅋㅋㅋㅋㅋㅋㅋㅋ,- dc official App,7,7.0,ㅅㅅㅋㅋㅋㅋㅋㅋㅋㅋㅋㅋㅋ - dc official App,ㅅㅅㅋㅋㅋㅋㅋㅋㅋㅋㅋㅋㅋ - dc official App,0.1134893149137497,0.0827580913901329,0.06512213498353958,0.03242744132876396,0.6836196184158325,0.02258341573178768
2024-03-24 13:09:12,리타 베이비 ㅋㅋㅋㅋ,ㅋㅋㅋㅋㅋㅋㅋㅋ,7,7.0,리타 베이비 ㅋㅋㅋㅋ ㅋㅋㅋㅋㅋㅋㅋㅋ,리타 베이비 ㅋㅋㅋㅋ ㅋㅋㅋㅋㅋㅋㅋㅋ,0.12085634469985962,0.07696409523487091,0.06024552881717682,0.03238822519779205,0.6863024830818176,0.023243317380547523
2024-03-24 13:09:12,아ㅋㅋㅋㅋ,벌써부터 개재미있네,7,7.0,아ㅋㅋㅋㅋ 벌써부터 개재미있네,아ㅋㅋㅋㅋ 벌써부터 개재미있네,0.11651391535997391,0.07854428887367249,0.057637862861156464,0.033228207379579544,0.6900423169136047,0.02403338998556137
2024-03-24 13:09:12,막스멸망ㅋㅋㅋㅋㅋ,ㅋㅋㅋㅋㅋ,7,7.0,막스멸망ㅋㅋㅋㅋㅋ ㅋㅋㅋㅋㅋ,막스멸망ㅋㅋㅋㅋㅋ ㅋㅋㅋㅋㅋ,0.21374662220478058,0.14054813981056213,0.14076915383338928,0.062185343354940414,0.3972111642360687,0.04553958773612976
2024-03-24 13:09:12,역대급 재미선사,개꿀,7,7.0,역대급 재미선사 개꿀,역대급 재미선사 개꿀,0.11679331958293915,0.0581255741417408,0.05902480706572533,0.046214938163757324,0.6946512460708618,0.025190113112330437
2024-03-24 13:09:12,시발 ㅅㅅㅅㅅㅅㅅ,,7,7.0,시발 ㅅㅅㅅㅅㅅㅅ ,시발 ㅅㅅㅅㅅㅅㅅ,0.18738682568073273,0.09401633590459824,0.2655854821205139,0.11653166264295578,0.294064998626709,0.04241468384861946
2024-03-24 13:09:12,몽골 엔진블로우 ㅋㅋㅋㅋㅋㅋㅋㅋㅋㅋㅋ,ㅋㅋㅋㅋㅋㅋㅋㅋㅋㅋㅋㅋ,7,7.0,몽골 엔진블로우 ㅋㅋㅋㅋㅋㅋㅋㅋㅋㅋㅋ ㅋㅋㅋㅋㅋㅋㅋㅋㅋㅋㅋㅋ,몽골 엔진블로우 ㅋㅋㅋㅋㅋㅋㅋㅋㅋㅋㅋ ㅋㅋㅋㅋㅋㅋㅋㅋㅋㅋㅋㅋ,0.14643146097660065,0.10561154782772064,0.07380229979753494,0.03451382741332054,0.6109980344772339,0.02864282764494419
2024-03-24 13:09:14,씨발 ㅋㅋㅋㅋㅋㅋ 드디어,,7,7.0,씨발 ㅋㅋㅋㅋㅋㅋ 드디어 ,씨발 ㅋㅋㅋㅋㅋㅋ 드디어,0.140233114361763,0.08733811974525452,0.06823119521141052,0.038357947021722794,0.6359146237373352,0.029925022274255753
2024-03-24 13:09:14,???: 어 왔어?,한잔해~,7,7.0,???: 어 왔어? 한잔해~,???: 어 왔어? 한잔해~,0.15069030225276947,0.09860111027956009,0.05380977690219879,0.03817478567361832,0.6240456700325012,0.03467836230993271
2024-03-24 13:09:15,막스 운짘ㅋㅋㅋㅋㅋㅋㅋㅋㅋㅋㅋㅋㅋㅋㅋㅋㅋㅋ,이야 드디엌ㅋㅋㅋㅋㅋㅋㅋㅋㅋㅋㅋㅋㅋ,7,7.0,막스 운짘ㅋㅋㅋㅋㅋㅋㅋㅋㅋㅋㅋㅋㅋㅋㅋㅋㅋㅋ 이야 드디엌ㅋㅋㅋㅋㅋㅋㅋㅋㅋㅋㅋㅋㅋ,막스 운짘ㅋㅋㅋㅋㅋㅋㅋㅋㅋㅋㅋㅋㅋㅋㅋㅋㅋㅋ 이야 드디엌ㅋㅋㅋㅋㅋㅋㅋㅋㅋㅋㅋㅋㅋ,0.18705978989601135,0.10878188908100128,0.0930481106042862,0.047907449305057526,0.5205976366996765,0.04260509833693504
2024-03-24 13:09:15,승리의 티포시들 모여 ㅅㅅㅅㅅㅅㅅㅅㅅㅅㅅㅅㅅㅅ,,7,7.0,승리의 티포시들 모여 ㅅㅅㅅㅅㅅㅅㅅㅅㅅㅅㅅㅅㅅ ,승리의 티포시들 모여 ㅅㅅㅅㅅㅅㅅㅅㅅㅅㅅㅅㅅㅅ,0.1114179864525795,0.06327241659164429,0.056143879890441895,0.03896282613277435,0.7032799124717712,0.02692303992807865
2024-03-24 13:09:15,오른쪽 브레이크 나갔노,,7,7.0,오른쪽 브레이크 나갔노 ,오른쪽 브레이크 나갔노,0.2882341742515564,0.2487916201353073,0.16511303186416626,0.13290826976299286,0.09693119674921036,0.06802171468734741
2024-03-24 13:09:18,꿀잼 주말 on,야 시발 갑자기 꿀잼,7,7.0,꿀잼 주말 on 야 시발 갑자기 꿀잼,꿀잼 주말 on 야 시발 갑자기 꿀잼,0.11687137186527252,0.06351490318775177,0.06242634356021881,0.04009172320365906,0.6943926811218262,0.022702930495142937
2024-03-24 13:09:20,얼마만에 리타임ㅋㅋㅋㅋ,,7,7.0,얼마만에 리타임ㅋㅋㅋㅋ ,얼마만에 리타임ㅋㅋㅋㅋ,0.11763563752174377,0.06723082065582275,0.060361869633197784,0.04381542280316353,0.6854721903800964,0.02548403851687908
2024-03-24 13:09:19,몽골 좆망 ㅋㅋㅋㅋㅋㅋ 씨발 드디어 ㅋㅋㅋㅋㅋ,- dc official App,7,7.0,몽골 좆망 ㅋㅋㅋㅋㅋㅋ 씨발 드디어 ㅋㅋㅋㅋㅋ - dc official App,몽골 좆망 ㅋㅋㅋㅋㅋㅋ 씨발 드디어 ㅋㅋㅋㅋㅋ - dc official App,0.2550325393676758,0.12034136056900024,0.26362887024879456,0.12933601438999176,0.15895268321037292,0.0727086216211319
2024-03-24 13:09:21,이게 정의다,ㄹㅇㅋㅋ,7,7.0,이게 정의다 ㄹㅇㅋㅋ,이게 정의다 ㄹㅇㅋㅋ,0.13552424311637878,0.09643465280532837,0.08273163437843323,0.0800938755273819,0.5524733066558838,0.05274231359362602
2024-03-24 13:09:23,캬씨발 개꿀잼ㅋㅋㅋㅋㅋㅋㅋㅋㅋㅋㅋㅋ,ㅋㅋㅋㅋㅋㅋㅋ,7,7.0,캬씨발 개꿀잼ㅋㅋㅋㅋㅋㅋㅋㅋㅋㅋㅋㅋ ㅋㅋㅋㅋㅋㅋㅋ,캬씨발 개꿀잼ㅋㅋㅋㅋㅋㅋㅋㅋㅋㅋㅋㅋ ㅋㅋㅋㅋㅋㅋㅋ,0.12704524397850037,0.06908531486988068,0.0703316181898117,0.04121775180101395,0.6675177812576294,0.0248023122549057
2024-03-24 13:09:24,시즌1호 티포시의 주말 나오냐 ㅋㅋㅋㅋㅋ,ㅋㅋㅋㅋ,7,7.0,시즌1호 티포시의 주말 나오냐 ㅋㅋㅋㅋㅋ ㅋㅋㅋㅋ,시즌1호 티포시의 주말 나오냐 ㅋㅋㅋㅋㅋ ㅋㅋㅋㅋ,0.12789656221866608,0.09051279723644257,0.06417422741651535,0.033635400235652924,0.6559244990348816,0.027856498956680298
2024-03-24 13:09:25,티포시의 주말 입갤 ㅋㅋㅋㅋ,ㅅㅅㅅㅅ,7,7.0,티포시의 주말 입갤 ㅋㅋㅋㅋ ㅅㅅㅅㅅ,티포시의 주말 입갤 ㅋㅋㅋㅋ ㅅㅅㅅㅅ,0.10304374992847443,0.06187250465154648,0.05452386289834976,0.0371457040309906,0.7188903093338013,0.02452383004128933
2024-03-24 13:09:25,좆드불 멸망 ㅋㅋㅋㅋㅋㅋ,- dc official App,7,7.0,좆드불 멸망 ㅋㅋㅋㅋㅋㅋ - dc official App,좆드불 멸망 ㅋㅋㅋㅋㅋㅋ - dc official App,0.15991543233394623,0.15537002682685852,0.14722569286823273,0.05623985454440117,0.4342557191848755,0.04699328914284706
2024-03-24 13:09:25,베르스타펜 전승우승 올해도 실패 ㅋㅋㅋㅋㅋㅋㅋ,ㅋㅋㅋㅋㅋㅋ,7,7.0,베르스타펜 전승우승 올해도 실패 ㅋㅋㅋㅋㅋㅋㅋ ㅋㅋㅋㅋㅋㅋ,베르스타펜 전승우승 올해도 실패 ㅋㅋㅋㅋㅋㅋㅋ ㅋㅋㅋㅋㅋㅋ,0.3374626338481903,0.1547975093126297,0.15828001499176025,0.13563978672027588,0.13077734410762787,0.08304273337125778
2024-03-24 13:09:25,수고요 ㅋㅋㅋㅋㅋㅋㅋㅋ,ㅋㅋㅋㅋㅋㅋㅋ,7,7.0,수고요 ㅋㅋㅋㅋㅋㅋㅋㅋ ㅋㅋㅋㅋㅋㅋㅋ,수고요 ㅋㅋㅋㅋㅋㅋㅋㅋ ㅋㅋㅋㅋㅋㅋㅋ,0.12051065266132355,0.057215481996536255,0.05498156324028969,0.041169531643390656,0.7022771239280701,0.023845674470067024
2024-03-24 13:09:26,노잼이라 해서 죄송합니다 ㅋㅋㅋㅋㅋㅋㅋ,꿀잼잉였네 ㅋㅋㅋㅋㅋㅋㅋㅋㅋㅋㅋㅋㅋ,7,7.0,노잼이라 해서 죄송합니다 ㅋㅋㅋㅋㅋㅋㅋ 꿀잼잉였네 ㅋㅋㅋㅋㅋㅋㅋㅋㅋㅋㅋㅋㅋ,노잼이라 해서 죄송합니다 ㅋㅋㅋㅋㅋㅋㅋ 꿀잼잉였네 ㅋㅋㅋㅋㅋㅋㅋㅋㅋㅋㅋㅋㅋ,0.1772226244211197,0.07874166965484619,0.08456326276063919,0.06427809596061707,0.5616946220397949,0.033499669283628464
2024-03-24 13:09:26,이게 얼마만에 몽골 리타냐ㅋㅋㅋㅋㅋㅋㅋ,,7,7.0,이게 얼마만에 몽골 리타냐ㅋㅋㅋㅋㅋㅋㅋ ,이게 얼마만에 몽골 리타냐ㅋㅋㅋㅋㅋㅋㅋ,0.13093115389347076,0.09315997362136841,0.058282289654016495,0.029639756307005882,0.661044716835022,0.026942098513245583
2024-03-24 13:09:27,아무나 이기고 막스만 망해라,ㅋㅋㅋ,7,7.0,아무나 이기고 막스만 망해라 ㅋㅋㅋ,아무나 이기고 막스만 망해라 ㅋㅋㅋ,0.2026837319135666,0.14012135565280914,0.16122008860111237,0.09600796550512314,0.3372907340526581,0.0626760721206665
2024-03-24 13:09:26,불붙은거 아냐?,"리어브레이크쪽에
- dc official App",7,7.0,"불붙은거 아냐? 리어브레이크쪽에
- dc official App",불붙은거 아냐? 리어브레이크쪽에,0.1795453131198883,0.37785133719444275,0.12772329151630402,0.07455383986234665,0.13421817123889923,0.10610809177160263
2024-03-24 13:09:27,퐈이야~~~,ㅋㅋㅋㅋ,7,7.0,퐈이야~~~ ㅋㅋㅋㅋ,퐈이야~~~ ㅋㅋㅋㅋ,0.10784965753555298,0.06419891119003296,0.057246241718530655,0.03641821816563606,0.7104988098144531,0.02378813363611698
2024-03-24 13:09:27,개재밌네 오늘 ㅋㅎㅋㅎㅋㅎㅋㅎㅋㅎㅎㅋㅎㅋㅎㅋㅎ,,7,7.0,개재밌네 오늘 ㅋㅎㅋㅎㅋㅎㅋㅎㅋㅎㅎㅋㅎㅋㅎㅋㅎ ,개재밌네 오늘 ㅋㅎㅋㅎㅋㅎㅋㅎㅋㅎㅎㅋㅎㅋㅎㅋㅎ,0.11860156804323196,0.06652182340621948,0.06106787919998169,0.03710554540157318,0.6933421492576599,0.02336098626255989
2024-03-24 13:09:28,막스 리타 ㅋㅋㅋㅋㅋㅋㅋㅋㅋㅋㅋㅋㅋㅋ,,7,7.0,막스 리타 ㅋㅋㅋㅋㅋㅋㅋㅋㅋㅋㅋㅋㅋㅋ ,막스 리타 ㅋㅋㅋㅋㅋㅋㅋㅋㅋㅋㅋㅋㅋㅋ,0.12114449590444565,0.08112213760614395,0.06436450034379959,0.03187856078147888,0.6754407286643982,0.02604961208999157
2024-03-24 13:09:28,사망ㅋㅋㅋㅋㅋㅋ,,7,7.0,사망ㅋㅋㅋㅋㅋㅋ ,사망ㅋㅋㅋㅋㅋㅋ,0.25401970744132996,0.23945368826389313,0.15540790557861328,0.06823575496673584,0.19344398379325867,0.08943895250558853
2024-03-24 13:09:29,씨발 몽골 좆망 ㅋㅋㅋㅋㅋㅋ,,7,7.0,씨발 몽골 좆망 ㅋㅋㅋㅋㅋㅋ ,씨발 몽골 좆망 ㅋㅋㅋㅋㅋㅋ,0.2052738517522812,0.12083465605974197,0.30547598004341125,0.20291869342327118,0.1138201579451561,0.051676664501428604
2024-03-24 13:09:29,잘 가라 ㅋㅋㅋ,캬캬,7,7.0,잘 가라 ㅋㅋㅋ 캬캬,잘 가라 ㅋㅋㅋ 캬캬,0.1494808793067932,0.06908360123634338,0.1001247987151146,0.05617295950651169,0.5921173691749573,0.03302040323615074
2024-03-24 13:09:30,1000만년만에 막가놈 리타한다 ㅋㅋㅋㅋ,ㅋㅋ,7,7.0,1000만년만에 막가놈 리타한다 ㅋㅋㅋㅋ ㅋㅋ,1000만년만에 막가놈 리타한다 ㅋㅋㅋㅋ ㅋㅋ,0.12813067436218262,0.06805037707090378,0.0873214527964592,0.05439065024256706,0.6335776448249817,0.028529152274131775
2024-03-24 13:09:31,자 나가자,엌ㅋㅋㅋㅋㅋㅋㅋㅋㅋㅋㅋ,7,7.0,자 나가자 엌ㅋㅋㅋㅋㅋㅋㅋㅋㅋㅋㅋ,자 나가자 엌ㅋㅋㅋㅋㅋㅋㅋㅋㅋㅋㅋ,0.1176188662648201,0.07000137865543365,0.06666571646928787,0.03760922700166702,0.6842033863067627,0.02390146814286709
2024-03-24 13:09:30,승리의 티포시 열차 미리 출발 ㅅㅅㅅㅅㅅㅅ,,7,7.0,승리의 티포시 열차 미리 출발 ㅅㅅㅅㅅㅅㅅ ,승리의 티포시 열차 미리 출발 ㅅㅅㅅㅅㅅㅅ,0.1087082177400589,0.06692832708358765,0.05706911161541939,0.03770485147833824,0.7024745941162109,0.027114955708384514
2024-03-24 13:09:31,차터졌노 ㅋㅋㅋ,"개꿀잼
on",7,7.0,"차터졌노 ㅋㅋㅋ 개꿀잼
on",차터졌노 ㅋㅋㅋ 개꿀잼 on,0.11007927358150482,0.06825912743806839,0.055670496076345444,0.03763758763670921,0.7041810750961304,0.02417239360511303
2024-03-24 13:09:31,막스 사망 ㅌㅋㅋㅋㅋㅋㅋㅋㅋㅋㅋㅋㅋ,막스 사망 ㅋㅋㅋㅋㅋㅋㅋㅋㅋㅋㅋㅋ,7,7.0,막스 사망 ㅌㅋㅋㅋㅋㅋㅋㅋㅋㅋㅋㅋㅋ 막스 사망 ㅋㅋㅋㅋㅋㅋㅋㅋㅋㅋㅋㅋ,막스 사망 ㅌㅋㅋㅋㅋㅋㅋㅋㅋㅋㅋㅋㅋ 막스 사망 ㅋㅋㅋㅋㅋㅋㅋㅋㅋㅋㅋㅋ,0.2361675202846527,0.11992562562227249,0.10087675601243973,0.058341145515441895,0.4325152337551117,0.05217369273304939
2024-03-24 13:09:32,방구차 입갤?,ㅋㅋㅋㅋㅋㅋ꿀잼,7,7.0,방구차 입갤? ㅋㅋㅋㅋㅋㅋ꿀잼,방구차 입갤? ㅋㅋㅋㅋㅋㅋ꿀잼,0.10784302651882172,0.07004938274621964,0.0543736033141613,0.03448405861854553,0.7079711556434631,0.025278745219111443
2024-03-24 13:09:33,ㅋㅋㅋㅋ기분좋네,"개굳
- dc official App",7,7.0,"ㅋㅋㅋㅋ기분좋네 개굳
- dc official App",ㅋㅋㅋㅋ기분좋네 개굳,0.11501343548297882,0.06745463609695435,0.06371462345123291,0.048228610306978226,0.6799789071083069,0.02560974843800068
2024-03-24 13:09:33,관중들 소리지르는거 보소 ㅋㅋㅋㅋ,,7,7.0,관중들 소리지르는거 보소 ㅋㅋㅋㅋ ,관중들 소리지르는거 보소 ㅋㅋㅋㅋ,0.18460538983345032,0.15811753273010254,0.07925581932067871,0.03686332702636719,0.4991852939128876,0.04197264090180397
2024-03-24 13:09:34,ㅋㅋㅋㅋㅋㅋㅋㅋㅋㅋㅋㅋㅋㅋㅋㅋㅋㅋㅋㅋㅋㅋㅋㅋㅋㅋㅋㅋㅋㅋㅋㅋㅋㅋㅋ,ㅋㅋㅋㅋㅋㅋㅋㅋㅋㅋㅋㅋㅋㅋㅋㅋㅋㅋㅋㅋㅋㅋㅋㅋㅋㅋㅋㅋㅋㅋㅋㅋㅋㅋㅋㅋㅋㅋㅋ,7,7.0,ㅋㅋㅋㅋㅋㅋㅋㅋㅋㅋㅋㅋㅋㅋㅋㅋㅋㅋㅋㅋㅋㅋㅋㅋㅋㅋㅋㅋㅋㅋㅋㅋㅋㅋㅋ ㅋㅋㅋㅋㅋㅋㅋㅋㅋㅋㅋㅋㅋㅋㅋㅋㅋㅋㅋㅋㅋㅋㅋㅋㅋㅋㅋㅋㅋㅋㅋㅋㅋㅋㅋㅋㅋㅋㅋ,ㅋㅋㅋㅋㅋㅋㅋㅋㅋㅋㅋㅋㅋㅋㅋㅋㅋㅋㅋㅋㅋㅋㅋㅋㅋㅋㅋㅋㅋㅋㅋㅋㅋㅋㅋ ㅋㅋㅋㅋㅋㅋㅋㅋㅋㅋㅋㅋㅋㅋㅋㅋㅋㅋㅋㅋㅋㅋㅋㅋㅋㅋㅋㅋㅋㅋㅋㅋㅋㅋㅋㅋㅋㅋㅋ,0.13924643397331238,0.09076371043920517,0.06995847076177597,0.03592359274625778,0.638265073299408,0.0258426945656538
2024-03-24 13:09:35,간만에 라이브 보는데 ㅋㅋ 이게 웬 일이냐,승자는 이걸 보는 나다,7,7.0,간만에 라이브 보는데 ㅋㅋ 이게 웬 일이냐 승자는 이걸 보는 나다,간만에 라이브 보는데 ㅋㅋ 이게 웬 일이냐 승자는 이걸 보는 나다,0.1367376148700714,0.06749601662158966,0.0621320866048336,0.04537235200405121,0.6605215072631836,0.02774040214717388
2024-03-24 13:09:36,약속의 호주 ㅋㅋㅋㅋㅋㅋㅋㅋㅋ,ㅋㅋㅋ,7,7.0,약속의 호주 ㅋㅋㅋㅋㅋㅋㅋㅋㅋ ㅋㅋㅋ,약속의 호주 ㅋㅋㅋㅋㅋㅋㅋㅋㅋ ㅋㅋㅋ,0.12240124493837357,0.07346789538860321,0.06202491372823715,0.033808402717113495,0.6846221685409546,0.02367531508207321
2024-03-24 13:09:36,오늘 진짜 티포시의 주말 드가자 시발ㅋㅋㅋㅋㅋ,ㅋㅋㅋㅋㅋ,7,7.0,오늘 진짜 티포시의 주말 드가자 시발ㅋㅋㅋㅋㅋ ㅋㅋㅋㅋㅋ,오늘 진짜 티포시의 주말 드가자 시발ㅋㅋㅋㅋㅋ ㅋㅋㅋㅋㅋ,0.1216626912355423,0.0636553093791008,0.08421212434768677,0.0484979972243309,0.6540114879608154,0.027960369363427162
2024-03-24 13:09:39,그냥 기분 개좋은 티포시면 개추,ㅋㅋㅋㅋㅋㅋㅋ,7,7.0,그냥 기분 개좋은 티포시면 개추 ㅋㅋㅋㅋㅋㅋㅋ,그냥 기분 개좋은 티포시면 개추 ㅋㅋㅋㅋㅋㅋㅋ,0.11509354412555695,0.060603704303503036,0.05714089423418045,0.04180174693465233,0.6987608075141907,0.026599345728754997
2024-03-24 13:09:40,호주는 역시 재밌어 ㅋㅋㅋㅋㅋ,레드불 폭망이닼ㅋㅋㅋㅋ,7,7.0,호주는 역시 재밌어 ㅋㅋㅋㅋㅋ 레드불 폭망이닼ㅋㅋㅋㅋ,호주는 역시 재밌어 ㅋㅋㅋㅋㅋ 레드불 폭망이닼ㅋㅋㅋㅋ,0.15542569756507874,0.08087063580751419,0.09062414616346359,0.061275362968444824,0.5788639187812805,0.03294023498892784
2024-03-24 13:09:40,그래 f1이 이래야지 ㅋㅋㅋㅋㅋㅋ,이게 변수지 ㅋㅋㅋㅋㅋ,7,7.0,그래 f1이 이래야지 ㅋㅋㅋㅋㅋㅋ 이게 변수지 ㅋㅋㅋㅋㅋ,그래 f1이 이래야지 ㅋㅋㅋㅋㅋㅋ 이게 변수지 ㅋㅋㅋㅋㅋ,0.1563226580619812,0.09899791330099106,0.07795170694589615,0.05208386480808258,0.5774645209312439,0.03717933967709541
2024-03-24 13:09:40,티포시의 주말이다,"최고의 주말이군, 한잔해~
- dc official App",7,7.0,"티포시의 주말이다 최고의 주말이군, 한잔해~
- dc official App","티포시의 주말이다 최고의 주말이군, 한잔해~",0.12031672149896622,0.056666966527700424,0.05854659900069237,0.04550464078783989,0.6940852999687195,0.02487984485924244
2024-03-24 13:09:42,ㄹㅈㄷ ㅋㅋㅋㅋㅋㅋㅋㅋㅋ,,7,7.0,ㄹㅈㄷ ㅋㅋㅋㅋㅋㅋㅋㅋㅋ ,ㄹㅈㄷ ㅋㅋㅋㅋㅋㅋㅋㅋㅋ,0.13488635420799255,0.0949983075261116,0.06266023963689804,0.03158491849899292,0.6497055292129517,0.026164647191762924
2024-03-24 13:09:42,뭐 어우막?,ㅋㅋㅋㅋ,7,7.0,뭐 어우막? ㅋㅋㅋㅋ,뭐 어우막? ㅋㅋㅋㅋ,0.284901887178421,0.25080499053001404,0.12515972554683685,0.06313116103410721,0.18821673095226288,0.08778556436300278
2024-03-24 13:09:42,개꿀잼입개르 ㅋㅋㅋㅋㅋㅋㅋㅋ,ㅋㅋㅋㅋㅋㅋㅋ,7,7.0,개꿀잼입개르 ㅋㅋㅋㅋㅋㅋㅋㅋ ㅋㅋㅋㅋㅋㅋㅋ,개꿀잼입개르 ㅋㅋㅋㅋㅋㅋㅋㅋ ㅋㅋㅋㅋㅋㅋㅋ,0.10971943289041519,0.0620904266834259,0.05752570927143097,0.036077287048101425,0.7109885215759277,0.02359866537153721
2024-03-24 13:09:42,야 기분좋다 ㅋㅋㅋㅋ,ㅋㅋㅋㅋㅋㅋㅋㅋㅋㅋㅋ,7,7.0,야 기분좋다 ㅋㅋㅋㅋ ㅋㅋㅋㅋㅋㅋㅋㅋㅋㅋㅋ,야 기분좋다 ㅋㅋㅋㅋ ㅋㅋㅋㅋㅋㅋㅋㅋㅋㅋㅋ,0.11113303154706955,0.06355854123830795,0.06113548204302788,0.04022173583507538,0.7010939717292786,0.022857235744595528
2024-03-24 13:09:43,사망선고 ㅋㅋㅋㅋㅋㅋㅋ,,7,7.0,사망선고 ㅋㅋㅋㅋㅋㅋㅋ ,사망선고 ㅋㅋㅋㅋㅋㅋㅋ,0.3090057075023651,0.13076268136501312,0.21046082675457,0.11742018163204193,0.15787126123905182,0.07447934150695801
2024-03-24 13:09:43,ㅋㅋㅋㅋㅋㅋㅋㅋㅋㅋㅋㅋㅋㅋ,ㅋㅋㅋ,7,7.0,ㅋㅋㅋㅋㅋㅋㅋㅋㅋㅋㅋㅋㅋㅋ ㅋㅋㅋ,ㅋㅋㅋㅋㅋㅋㅋㅋㅋㅋㅋㅋㅋㅋ ㅋㅋㅋ,0.1433112919330597,0.0915088802576065,0.07004216313362122,0.034944918006658554,0.6349735260009766,0.02521921694278717
2024-03-24 13:09:43,싼다,,7,7.0,싼다 ,싼다,0.1405612826347351,0.0866566076874733,0.07313486188650131,0.05667661130428314,0.6089109778404236,0.034059666097164154
2024-03-24 13:09:44,캬아,이런일이 다있네,7,7.0,캬아 이런일이 다있네,캬아 이런일이 다있네,0.23508495092391968,0.2678779661655426,0.117658331990242,0.056594204157590866,0.2265973538160324,0.09618718922138214
2024-03-24 13:09:44,이제 유일한 희망은 그분이냐?,"체코
- dc official App",7,7.0,"이제 유일한 희망은 그분이냐? 체코
- dc official App",이제 유일한 희망은 그분이냐? 체코,0.283180296421051,0.2810872495174408,0.09855765104293823,0.1080419197678566,0.12708692252635956,0.1020459234714508
2024-03-24 13:09:44,막스사망시발ㅋㅋㅋㅋㅋ,,7,7.0,막스사망시발ㅋㅋㅋㅋㅋ ,막스사망시발ㅋㅋㅋㅋㅋ,0.21399268507957458,0.1490781456232071,0.2880466878414154,0.1759716272354126,0.10376834124326706,0.06914252787828445
2024-03-24 13:09:45,FINALLYYYYYYYYYYYYYY,Hahahahahahah,7,7.0,FINALLYYYYYYYYYYYYYY Hahahahahahah,FINALLYYYYYYYYYYYYYY Hahahahahahah,0.1957842856645584,0.14812056720256805,0.11560813337564468,0.07462219893932343,0.43613165616989136,0.029733141884207726
2024-03-24 13:09:46,축제다 씨발 ㅋㅋㅋㅋㅋㅋㅋㅋㅋ,,7,7.0,축제다 씨발 ㅋㅋㅋㅋㅋㅋㅋㅋㅋ ,축제다 씨발 ㅋㅋㅋㅋㅋㅋㅋㅋㅋ,0.11714296042919159,0.07089559733867645,0.06805451959371567,0.04161340743303299,0.6800494194030762,0.02224409207701683
2024-03-24 13:09:46,재밌어요~ ㅋㅋㅋㅋㅋㅋㅋㅋㅋㅋㅋ,,7,7.0,재밌어요~ ㅋㅋㅋㅋㅋㅋㅋㅋㅋㅋㅋ ,재밌어요~ ㅋㅋㅋㅋㅋㅋㅋㅋㅋㅋㅋ,0.11604449898004532,0.06560047715902328,0.058163829147815704,0.03631356731057167,0.7006732821464539,0.023204250261187553
2024-03-24 13:09:48,티포시의주말 입갤,컄ㅋㅋㅋㅋㅋㅋㅋㅋㅋ,7,7.0,티포시의주말 입갤 컄ㅋㅋㅋㅋㅋㅋㅋㅋㅋ,티포시의주말 입갤 컄ㅋㅋㅋㅋㅋㅋㅋㅋㅋ,0.10413272678852081,0.06820384413003922,0.057260047644376755,0.03233397379517555,0.7143833041191101,0.02368614636361599
2024-03-24 13:09:49,스타트 하자마자 끝났다고 호들갑 떨던 새끼들 ㅋㅋ,무안하면 개추 ㅋㅋ,7,7.0,스타트 하자마자 끝났다고 호들갑 떨던 새끼들 ㅋㅋ 무안하면 개추 ㅋㅋ,스타트 하자마자 끝났다고 호들갑 떨던 새끼들 ㅋㅋ 무안하면 개추 ㅋㅋ,0.2158166766166687,0.28111976385116577,0.1835324913263321,0.07396231591701508,0.15495705604553223,0.09061168134212494
2024-03-24 13:09:51,10연승 컷ㅋㅋㅋㅋ,,7,7.0,10연승 컷ㅋㅋㅋㅋ ,10연승 컷ㅋㅋㅋㅋ,0.1337643414735794,0.08099304884672165,0.06885708123445511,0.040299687534570694,0.6470252275466919,0.029060596600174904
2024-03-24 13:09:51,양키색들 잠자느라 이거 못보겟지 ㅋㅋㅋㅋㅋ,개꿀 ㅋㅋㅋㅋ,7,7.0,양키색들 잠자느라 이거 못보겟지 ㅋㅋㅋㅋㅋ 개꿀 ㅋㅋㅋㅋ,양키색들 잠자느라 이거 못보겟지 ㅋㅋㅋㅋㅋ 개꿀 ㅋㅋㅋㅋ,0.1411183625459671,0.06946311891078949,0.08347474038600922,0.04969275742769241,0.6286646723747253,0.027586335316300392
2024-03-24 13:09:51,오늘 존나 재밌노 ㅋㅋㅋㅋㅋ,,7,7.0,오늘 존나 재밌노 ㅋㅋㅋㅋㅋ ,오늘 존나 재밌노 ㅋㅋㅋㅋㅋ,0.11417599767446518,0.06357007473707199,0.06018649786710739,0.03938445448875427,0.6996724605560303,0.023010531440377235
2024-03-24 13:09:51,이궈궈던 ㅋㅋㅋㅋㅋㅋㅋ,,7,7.0,이궈궈던 ㅋㅋㅋㅋㅋㅋㅋ ,이궈궈던 ㅋㅋㅋㅋㅋㅋㅋ,0.11040730029344559,0.07056400179862976,0.05991135165095329,0.03629201650619507,0.6979162693023682,0.02490910515189171
2024-03-24 13:09:54,브레이크 사망,어쩌다가 해먹었노,7,7.0,브레이크 사망 어쩌다가 해먹었노,브레이크 사망 어쩌다가 해먹었노,0.2995910346508026,0.14504455029964447,0.19050349295139313,0.22068020701408386,0.0820375308394432,0.06214321777224541
2024-03-24 13:09:54,F1시발 ㅈㄴ재밌노,ㅋㅋㅋㅋ,7,7.0,F1시발 ㅈㄴ재밌노 ㅋㅋㅋㅋ,F1시발 ㅈㄴ재밌노 ㅋㅋㅋㅋ,0.136643186211586,0.07861024141311646,0.07775525003671646,0.04278770089149475,0.6403384804725647,0.023865120485424995
2024-03-24 13:09:55,22년도 호주에서 리타했지 ㅋㅋㅋ,아 재밌네,7,7.0,22년도 호주에서 리타했지 ㅋㅋㅋ 아 재밌네,22년도 호주에서 리타했지 ㅋㅋㅋ 아 재밌네,0.10645791888237,0.06410479545593262,0.05465810000896454,0.035437263548374176,0.7164060473442078,0.022935956716537476
2024-03-24 13:09:56,씨발 기분 째진다 ㅅㅅㅅㅅㅅㅅㅅㅅㅅㅅ,,7,7.0,씨발 기분 째진다 ㅅㅅㅅㅅㅅㅅㅅㅅㅅㅅ ,씨발 기분 째진다 ㅅㅅㅅㅅㅅㅅㅅㅅㅅㅅ,0.11463695019483566,0.06715957820415497,0.07340200245380402,0.05203395336866379,0.6703298091888428,0.022437727078795433
2024-03-24 13:09:57,역시 승리와 믿음의 남반구,"그
그저 GOAT",7,7.0,"역시 승리와 믿음의 남반구 그
그저 GOAT",역시 승리와 믿음의 남반구 그 그저 GOAT,0.12744325399398804,0.05609690025448799,0.05830882862210274,0.05452197790145874,0.6739461421966553,0.02968289516866207
2024-03-24 13:09:57,축제다 시밠ㅅㅅㅅㅅㅅㅅㅅㅅㅅㅅ,가즈아아아아아,7,7.0,축제다 시밠ㅅㅅㅅㅅㅅㅅㅅㅅㅅㅅ 가즈아아아아아,축제다 시밠ㅅㅅㅅㅅㅅㅅㅅㅅㅅㅅ 가즈아아아아아,0.11487793922424316,0.06387073546648026,0.059648290276527405,0.038987770676612854,0.6997387409210205,0.022876504808664322
2024-03-24 13:09:59,대 호 주 ㅋㅋㅋㅋㅋㅋㅋㅋㅋㅋㅋ,킹 거 루,7,7.0,대 호 주 ㅋㅋㅋㅋㅋㅋㅋㅋㅋㅋㅋ 킹 거 루,대 호 주 ㅋㅋㅋㅋㅋㅋㅋㅋㅋㅋㅋ 킹 거 루,0.10910181701183319,0.06432769447565079,0.05571811646223068,0.03341614082455635,0.7131021022796631,0.024334149435162544
2024-03-24 13:09:59,몽골좆망ㅅㅅㅅㅅㅅㅅㅅㅅㅅㅅㅅㅅㅅㅅㅅㅅㅅㅅ,Mclaren F1 team 2007~,7,7.0,몽골좆망ㅅㅅㅅㅅㅅㅅㅅㅅㅅㅅㅅㅅㅅㅅㅅㅅㅅㅅ Mclaren F1 team 2007~,몽골좆망ㅅㅅㅅㅅㅅㅅㅅㅅㅅㅅㅅㅅㅅㅅㅅㅅㅅㅅ Mclaren F1 team 2007~,0.16037210822105408,0.10666541010141373,0.16137631237506866,0.07941797375679016,0.4477943181991577,0.04437381774187088
2024-03-24 13:10:06,존나재밌네 씨발 ㅋㅋㅋㅋㅋㅋㅋㅋㅋㅋㅋㅋ,,7,7.0,존나재밌네 씨발 ㅋㅋㅋㅋㅋㅋㅋㅋㅋㅋㅋㅋ ,존나재밌네 씨발 ㅋㅋㅋㅋㅋㅋㅋㅋㅋㅋㅋㅋ,0.13197363913059235,0.07805325835943222,0.07256671041250229,0.03926721215248108,0.6541351675987244,0.02400408498942852
2024-03-24 13:10:06,소원성취 ㅅㅅㅅㅅㅅㅅㅅㅅㅅㅅㅅ,"https://m.dcinside.com/board/formula1/597329
개추 누르면 몽골 리타이어 함
- F1 마이너 갤러리
국내 최대 커뮤니티 포털 디시인사이드. 힛갤러리, 유저이슈 등 인터넷 트렌드 총 집합
m.dcinside.com",7,7.0,"소원성취 ㅅㅅㅅㅅㅅㅅㅅㅅㅅㅅㅅ https://m.dcinside.com/board/formula1/597329
개추 누르면 몽골 리타이어 함
- F1 마이너 갤러리
국내 최대 커뮤니티 포털 디시인사이드. 힛갤러리, 유저이슈 등 인터넷 트렌드 총 집합
m.dcinside.com","소원성취 ㅅㅅㅅㅅㅅㅅㅅㅅㅅㅅㅅ 개추 누르면 몽골 리타이어 함 - F1 마이너 갤러리 국내 최대 커뮤니티 포털 디시인사이드. 힛갤러리, 유저이슈 등 인터넷 트렌드 총 집합 m.dcinside.com",0.12347603589296341,0.09202414005994797,0.068640798330307,0.038070205599069595,0.6492387652397156,0.0285500418394804
2024-03-24 13:10:09,호주는 항상 개꿀잼이야 ㅋㅋㅋㅋㅋㅋㅋㅋㅋ,뭔가 항상 사건이 일어나네 ㅋㅋㅋㅋㅋㅋ,7,7.0,호주는 항상 개꿀잼이야 ㅋㅋㅋㅋㅋㅋㅋㅋㅋ 뭔가 항상 사건이 일어나네 ㅋㅋㅋㅋㅋㅋ,호주는 항상 개꿀잼이야 ㅋㅋㅋㅋㅋㅋㅋㅋㅋ 뭔가 항상 사건이 일어나네 ㅋㅋㅋㅋㅋㅋ,0.12091836333274841,0.059629589319229126,0.06595829129219055,0.04389382153749466,0.6840492486953735,0.025550754740834236
2024-03-24 13:10:10,24년 제일 재밌는 그랑프리가 될 예정ㅋㅋㅋ,ㅋㅋㅋㅋ,7,7.0,24년 제일 재밌는 그랑프리가 될 예정ㅋㅋㅋ ㅋㅋㅋㅋ,24년 제일 재밌는 그랑프리가 될 예정ㅋㅋㅋ ㅋㅋㅋㅋ,0.11522641777992249,0.06863711774349213,0.05787590146064758,0.03449205681681633,0.6974073052406311,0.026361243799328804
2024-03-24 13:10:11,친구한테 라이브 켜라고 카톡했다,"이런날은 봐야지 ㅅㅂ
- dc official App",7,7.0,"친구한테 라이브 켜라고 카톡했다 이런날은 봐야지 ㅅㅂ
- dc official App",친구한테 라이브 켜라고 카톡했다 이런날은 봐야지 ㅅㅂ,0.24828648567199707,0.09268264472484589,0.2622009515762329,0.18244808912277222,0.15966522693634033,0.054716553539037704
2024-03-24 13:10:12,자 원투 가보자 대 라 리 ㅅㅅㅅㅅㅅ,,7,7.0,자 원투 가보자 대 라 리 ㅅㅅㅅㅅㅅ ,자 원투 가보자 대 라 리 ㅅㅅㅅㅅㅅ,0.11309291422367096,0.07548193633556366,0.05874359607696533,0.03729996457695961,0.6863353848457336,0.02904624491930008
2024-03-24 13:10:14,유럽놈들 새벽이라 막스우승 생각하고 안볼생각하니 싱글벙글하노,ㅋㅋㅋㅋㅋ,7,7.0,유럽놈들 새벽이라 막스우승 생각하고 안볼생각하니 싱글벙글하노 ㅋㅋㅋㅋㅋ,유럽놈들 새벽이라 막스우승 생각하고 안볼생각하니 싱글벙글하노 ㅋㅋㅋㅋㅋ,0.1300864964723587,0.07507024705410004,0.07023396342992783,0.03819159045815468,0.659388542175293,0.027029063552618027
2024-03-24 13:10:14,몽골 뒤지는거 보니꺼 속 시원하노 ㅋㅋㅋㅋ,,7,7.0,몽골 뒤지는거 보니꺼 속 시원하노 ㅋㅋㅋㅋ ,몽골 뒤지는거 보니꺼 속 시원하노 ㅋㅋㅋㅋ,0.16214248538017273,0.09826137125492096,0.1509696990251541,0.07192879915237427,0.4774312973022461,0.03926632180809975
2024-03-24 13:10:15,대인지 우승 드가자ㅋㅋㅋㅋㅋㅋㅋㅋㅋㅋㅋ,ㅋㅋㅋㅋ,7,7.0,대인지 우승 드가자ㅋㅋㅋㅋㅋㅋㅋㅋㅋㅋㅋ ㅋㅋㅋㅋ,대인지 우승 드가자ㅋㅋㅋㅋㅋㅋㅋㅋㅋㅋㅋ ㅋㅋㅋㅋ,0.10996901243925095,0.06810363382101059,0.05728020891547203,0.03444649279117584,0.7040659189224243,0.026134788990020752
2024-03-24 13:10:15,이게 호주다 ㅋㅋ,ㅋㅋ,7,7.0,이게 호주다 ㅋㅋ ㅋㅋ,이게 호주다 ㅋㅋ ㅋㅋ,0.11991211026906967,0.07129663228988647,0.06440247595310211,0.04194466769695282,0.6754443645477295,0.026999730616807938
2024-03-24 13:10:16,오늘은 황라리다,ㅇㅇ,7,7.0,오늘은 황라리다 ㅇㅇ,오늘은 황라리다 ㅇㅇ,0.11427383124828339,0.06261930614709854,0.06465572118759155,0.04726773872971535,0.6855838298797607,0.025599587708711624
2024-03-24 13:10:17,배르스타펜 사망 ㅋㅋㅋㅋ,이거 1등하면 진짜 미친놈 인정한닼ㅋㅋ,7,7.0,배르스타펜 사망 ㅋㅋㅋㅋ 이거 1등하면 진짜 미친놈 인정한닼ㅋㅋ,배르스타펜 사망 ㅋㅋㅋㅋ 이거 1등하면 진짜 미친놈 인정한닼ㅋㅋ,0.1962471306324005,0.2553561329841614,0.19404521584510803,0.06930376589298248,0.14691120386123657,0.13813656568527222
2024-03-24 13:10:18,왜 불난거지,"누가 헬멧필름 던진거 맞았나
- dc official App",7,7.0,"왜 불난거지 누가 헬멧필름 던진거 맞았나
- dc official App",왜 불난거지 누가 헬멧필름 던진거 맞았나,0.20200985670089722,0.3421522378921509,0.13470731675624847,0.10026255249977112,0.12367356568574905,0.09719445556402206
2024-03-24 13:10:18,시발 오늘 레이싱 개꿀잼각이다,???: 아디오스 막스^^,7,7.0,시발 오늘 레이싱 개꿀잼각이다 ???: 아디오스 막스^^,시발 오늘 레이싱 개꿀잼각이다 ???: 아디오스 막스^^,0.10915626585483551,0.060982633382081985,0.06188054382801056,0.04002764821052551,0.7033779621124268,0.024574849754571915
2024-03-24 13:10:22,씨발 페라리 우승 가자!!!!!!,가즈아!!!!!,7,7.0,씨발 페라리 우승 가자!!!!!! 가즈아!!!!!,씨발 페라리 우승 가자!!!!!! 가즈아!!!!!,0.12169881165027618,0.07479923963546753,0.0623919814825058,0.037611957639455795,0.6720669269561768,0.03143112733960152
2024-03-24 13:10:23,드디어 다른 나라 국가 듣겠노 ㅋㅋㅋㅋㅋㅋㅋ,,7,7.0,드디어 다른 나라 국가 듣겠노 ㅋㅋㅋㅋㅋㅋㅋ ,드디어 다른 나라 국가 듣겠노 ㅋㅋㅋㅋㅋㅋㅋ,0.16096355020999908,0.11810043454170227,0.0725463405251503,0.03650178387761116,0.5732895135879517,0.03859839215874672
2024-03-24 13:10:24,드디어,"최고의 시간대 최고의 이슈 아 이래서 F1 보는거지
- dc official App",7,7.0,"드디어 최고의 시간대 최고의 이슈 아 이래서 F1 보는거지
- dc official App",드디어 최고의 시간대 최고의 이슈 아 이래서 F1 보는거지,0.1380615532398224,0.06190814450383186,0.06792648136615753,0.04672166705131531,0.6551332473754883,0.03024895489215851
2024-03-24 13:10:24,리어 그냥 맛이가버렸노ㅋㅋㅋㅋㅋㅋㅋㅋㅋ,,7,7.0,리어 그냥 맛이가버렸노ㅋㅋㅋㅋㅋㅋㅋㅋㅋ ,리어 그냥 맛이가버렸노ㅋㅋㅋㅋㅋㅋㅋㅋㅋ,0.29891538619995117,0.23814740777015686,0.15915045142173767,0.09871584922075272,0.09768201410770416,0.10738898068666458
2024-03-24 13:10:27,몽골 아웃 얼마만에 보냐 시발 ㅋㅋ,ㅋㅋ,7,7.0,몽골 아웃 얼마만에 보냐 시발 ㅋㅋ ㅋㅋ,몽골 아웃 얼마만에 보냐 시발 ㅋㅋ ㅋㅋ,0.24860161542892456,0.11165134608745575,0.2225942462682724,0.10810108482837677,0.251960813999176,0.05709092319011688
2024-03-24 13:10:28,체코 : 이제 마이 타임인가…?,"ㅋㅋㅋ
- dc official App",7,7.0,"체코 : 이제 마이 타임인가…? ㅋㅋㅋ
- dc official App",체코 : 이제 마이 타임인가…? ㅋㅋㅋ,0.30759894847869873,0.1657620370388031,0.10099043697118759,0.09330136328935623,0.2623405456542969,0.07000669091939926
2024-03-24 13:10:33,사인지우승가보자~,"날
내친
페라리를
죽인다",8,8.0,"사인지우승가보자~ 날
내친
페라리를
죽인다",사인지우승가보자~ 날 내친 페라리를 죽인다,0.16798736155033112,0.10906460881233215,0.13521116971969604,0.10466272383928299,0.4179123044013977,0.06516186147928238
2024-03-24 13:10:34,오일라인 터진거 같은데?,뭐가 팍팍 튀노,8,8.0,오일라인 터진거 같은데? 뭐가 팍팍 튀노,오일라인 터진거 같은데? 뭐가 팍팍 튀노,0.2240688055753708,0.3380497992038727,0.13631349802017212,0.08460718393325806,0.10830410569906235,0.1086566224694252
2024-03-24 13:10:34,맥라렌도 기회다 가보자 ㅋㅋㅋㅋㅋㅋㅋㅋㅋㅋ ㅋ,,8,8.0,맥라렌도 기회다 가보자 ㅋㅋㅋㅋㅋㅋㅋㅋㅋㅋ ㅋ ,맥라렌도 기회다 가보자 ㅋㅋㅋㅋㅋㅋㅋㅋㅋㅋ ㅋ,0.12771834433078766,0.0820172056555748,0.0641927570104599,0.037602804601192474,0.6581898331642151,0.030278930440545082
2024-03-24 13:10:35,나도 티포시 할래,"대인츠 다가자ㅏㅏㅏㅏㅏ
- dc official App",8,8.0,"나도 티포시 할래 대인츠 다가자ㅏㅏㅏㅏㅏ
- dc official App",나도 티포시 할래 대인츠 다가자ㅏㅏㅏㅏㅏ,0.1280278116464615,0.08097584545612335,0.062456484884023666,0.03893079236149788,0.6571030020713806,0.03250609710812569
2024-03-24 13:10:38,본인 몽골견인데 솔직히 지금상황 재밌음,"개꿀잼레이스 드가자~
ㅋㅋㅋㅋㅋㅋㅋㅋ",8,8.0,"본인 몽골견인데 솔직히 지금상황 재밌음 개꿀잼레이스 드가자~
ㅋㅋㅋㅋㅋㅋㅋㅋ",본인 몽골견인데 솔직히 지금상황 재밌음 개꿀잼레이스 드가자~ ㅋㅋㅋㅋㅋㅋㅋㅋ,0.10810524225234985,0.061687011271715164,0.05465851351618767,0.03536510467529297,0.7147180438041687,0.0254660714417696
2024-03-24 13:10:39,레츠고 체코 ㅋㅋㅋㅋㅋㅋㅋㅋㅋㅋㅋㅋㅋㅋㅋㅋ,,8,8.0,레츠고 체코 ㅋㅋㅋㅋㅋㅋㅋㅋㅋㅋㅋㅋㅋㅋㅋㅋ ,레츠고 체코 ㅋㅋㅋㅋㅋㅋㅋㅋㅋㅋㅋㅋㅋㅋㅋㅋ,0.14667730033397675,0.09804608672857285,0.08376240730285645,0.04025159031152725,0.6009871363639832,0.030275432392954826
2024-03-24 13:10:40,리타이어 안하면 몇등까지 올라갈까?,개궁금하네 ㅋㅋ,8,8.0,리타이어 안하면 몇등까지 올라갈까? 개궁금하네 ㅋㅋ,리타이어 안하면 몇등까지 올라갈까? 개궁금하네 ㅋㅋ,0.21783098578453064,0.28510722517967224,0.09286549687385559,0.04657648876309395,0.27836450934410095,0.07925523817539215
2024-03-24 13:10:42,신난다 ㅅㅅㅅㅅㅅㅅㅅ,끼야호 ㅅㅅㅅㅅㅅㅅ,8,8.0,신난다 ㅅㅅㅅㅅㅅㅅㅅ 끼야호 ㅅㅅㅅㅅㅅㅅ,신난다 ㅅㅅㅅㅅㅅㅅㅅ 끼야호 ㅅㅅㅅㅅㅅㅅ,0.11850932985544205,0.06469815224409103,0.06662051379680634,0.04642293602228165,0.6808878183364868,0.022861314937472343
2024-03-24 13:10:42,결국 F1은 이새끼들임 ㅋㅋㅋㅋ,지오에이티,8,8.0,결국 F1은 이새끼들임 ㅋㅋㅋㅋ 지오에이티,결국 F1은 이새끼들임 ㅋㅋㅋㅋ 지오에이티,0.20782622694969177,0.2457137405872345,0.2380363494157791,0.10993989557027817,0.0953475758433342,0.10313613712787628
2024-03-24 13:10:43,막스 내렸다 ㅋㅋ,,8,8.0,막스 내렸다 ㅋㅋ ,막스 내렸다 ㅋㅋ,0.2345774620771408,0.10173000395298004,0.11809686571359634,0.07240024209022522,0.43244633078575134,0.04074910655617714
2024-03-24 13:10:43,차 내렸네 ㅋㅋㅋ 몽골 리타이어 얼마만이야 이게 ㅋㅋㅋ,ㅋㅋㅋㅋㅋㅋㅋㅋㅋㅋㅋㅋㅋ,8,8.0,차 내렸네 ㅋㅋㅋ 몽골 리타이어 얼마만이야 이게 ㅋㅋㅋ ㅋㅋㅋㅋㅋㅋㅋㅋㅋㅋㅋㅋㅋ,차 내렸네 ㅋㅋㅋ 몽골 리타이어 얼마만이야 이게 ㅋㅋㅋ ㅋㅋㅋㅋㅋㅋㅋㅋㅋㅋㅋㅋㅋ,0.16060274839401245,0.10588174313306808,0.06634191423654556,0.03657867759466171,0.5977351069450378,0.03285980224609375
2024-03-24 13:10:44,문제없이 재출발하면 그래도 포디움은 노리는게 막스아니냐,라고 하스팬이 생각합니다,8,8.0,문제없이 재출발하면 그래도 포디움은 노리는게 막스아니냐 라고 하스팬이 생각합니다,문제없이 재출발하면 그래도 포디움은 노리는게 막스아니냐 라고 하스팬이 생각합니다,0.2382775992155075,0.16956870257854462,0.08552837371826172,0.0901603028178215,0.3507854640483856,0.06567954272031784
2024-03-24 13:10:45,몽골의 연승 행진을 막는거는 역시 대인지ㅋㅋㅋㅋㅋ,ㅋㅋㅋ,8,8.0,몽골의 연승 행진을 막는거는 역시 대인지ㅋㅋㅋㅋㅋ ㅋㅋㅋ,몽골의 연승 행진을 막는거는 역시 대인지ㅋㅋㅋㅋㅋ ㅋㅋㅋ,0.16434648633003235,0.17943385243415833,0.07842440158128738,0.04314954951405525,0.46163272857666016,0.07301297783851624
2024-03-24 13:10:45,몽골 리타 ㅋㅋㅋㅋㅋㅋㅋㅋ,,8,8.0,몽골 리타 ㅋㅋㅋㅋㅋㅋㅋㅋ ,몽골 리타 ㅋㅋㅋㅋㅋㅋㅋㅋ,0.147648885846138,0.11601650714874268,0.07414127886295319,0.0317402221262455,0.5985790491104126,0.031874027103185654
2024-03-24 13:10:45,페라리 원 투 가자,"막스 리타 ㅋㅋㅋ
- dc official App",8,8.0,"페라리 원 투 가자 막스 리타 ㅋㅋㅋ
- dc official App",페라리 원 투 가자 막스 리타 ㅋㅋㅋ,0.11062149703502655,0.07368214428424835,0.057872187346220016,0.034684017300605774,0.6945445537567139,0.02859567105770111
2024-03-24 13:10:48,???: 얘들아 설렜냐?,"아직 형이 있잖아~
- dc official App",8,8.0,"???: 얘들아 설렜냐? 아직 형이 있잖아~
- dc official App",???: 얘들아 설렜냐? 아직 형이 있잖아~,0.13619709014892578,0.07889638096094131,0.05643690377473831,0.04771006107330322,0.6396772265434265,0.04108225926756859
2024-03-24 13:10:51,막스 리타이어를 다 보네 ㅋㅋㅋㅋㅋㅋㅋㅋㅋㅋㅋㅋㅋ,,8,8.0,막스 리타이어를 다 보네 ㅋㅋㅋㅋㅋㅋㅋㅋㅋㅋㅋㅋㅋ ,막스 리타이어를 다 보네 ㅋㅋㅋㅋㅋㅋㅋㅋㅋㅋㅋㅋㅋ,0.1906309425830841,0.17920513451099396,0.0811062604188919,0.034711360931396484,0.4680570960044861,0.04628917947411537
2024-03-24 13:10:51,막스 진짜 리타했노ㅋㅋㅋㅋㅋㅋㅋ,ㅋㅋㅋㅋ,8,8.0,막스 진짜 리타했노ㅋㅋㅋㅋㅋㅋㅋ ㅋㅋㅋㅋ,막스 진짜 리타했노ㅋㅋㅋㅋㅋㅋㅋ ㅋㅋㅋㅋ,0.1121276468038559,0.06709317117929459,0.05245009437203407,0.033057790249586105,0.7100738883018494,0.025197410956025124
2024-03-24 13:10:54,이제켰는데 외불남?,,8,8.0,이제켰는데 외불남? ,이제켰는데 외불남?,0.24008257687091827,0.3096068501472473,0.1304939091205597,0.09963201731443405,0.12490285187959671,0.09528183192014694
2024-03-24 13:10:54,티포시 행복사 하겠노 ㅋㅋㅋ,ㅋㅋㅋ,8,8.0,티포시 행복사 하겠노 ㅋㅋㅋ ㅋㅋㅋ,티포시 행복사 하겠노 ㅋㅋㅋ ㅋㅋㅋ,0.10980270802974701,0.07006239145994186,0.05601659417152405,0.03718000650405884,0.7014422416687012,0.025496067479252815
2024-03-24 13:10:55,몽골 리타 섹스 ㅋㅋㅋㅋㅋㅋㅋㅋㅌ,,8,8.0,몽골 리타 섹스 ㅋㅋㅋㅋㅋㅋㅋㅋㅌ ,몽골 리타 섹스 ㅋㅋㅋㅋㅋㅋㅋㅋㅌ,0.14278000593185425,0.10536913573741913,0.07896849513053894,0.032651275396347046,0.6081891059875488,0.03204196318984032
2024-03-24 13:10:56,유교포디움 끝ㅋㅋㅋㅋㅋㅋㅋ,"ㅋㅋㅋㅋㅋㅋㅋㅋㅋㅋ
- dc official App",8,8.0,"유교포디움 끝ㅋㅋㅋㅋㅋㅋㅋ ㅋㅋㅋㅋㅋㅋㅋㅋㅋㅋ
- dc official App",유교포디움 끝ㅋㅋㅋㅋㅋㅋㅋ ㅋㅋㅋㅋㅋㅋㅋㅋㅋㅋ,0.1364290714263916,0.07911065965890884,0.07838720083236694,0.043610580265522,0.6362542510032654,0.02620820328593254
2024-03-24 13:10:58,몽골견 사망ㅋㅋㅋㅋㅋㅋㅋㅋㅋ,ㅋㅋㅋㅋㅋㅋㅋㅋㅋㅋㅋㅋ,8,8.0,몽골견 사망ㅋㅋㅋㅋㅋㅋㅋㅋㅋ ㅋㅋㅋㅋㅋㅋㅋㅋㅋㅋㅋㅋ,몽골견 사망ㅋㅋㅋㅋㅋㅋㅋㅋㅋ ㅋㅋㅋㅋㅋㅋㅋㅋㅋㅋㅋㅋ,0.2735506594181061,0.1840166598558426,0.13300517201423645,0.057983722537755966,0.28054049611091614,0.0709032192826271
2024-03-24 13:11:00,막스 리타 ㅋㅋㅋㅋㅋㅋㅋㅋㅋ,사망ㅋㅋㅋㅋㅋㅋㅋㅋㅋ,8,8.0,막스 리타 ㅋㅋㅋㅋㅋㅋㅋㅋㅋ 사망ㅋㅋㅋㅋㅋㅋㅋㅋㅋ,막스 리타 ㅋㅋㅋㅋㅋㅋㅋㅋㅋ 사망ㅋㅋㅋㅋㅋㅋㅋㅋㅋ,0.19148100912570953,0.11901728063821793,0.09223319590091705,0.04311998188495636,0.5148212313652039,0.03932736814022064
2024-03-24 13:11:00,화생방 ㅋㅋㅋㅋㅋㅋ,ㅈㄴ 웃기노 ㅋㅋ,8,8.0,화생방 ㅋㅋㅋㅋㅋㅋ ㅈㄴ 웃기노 ㅋㅋ,화생방 ㅋㅋㅋㅋㅋㅋ ㅈㄴ 웃기노 ㅋㅋ,0.1506536900997162,0.10775104910135269,0.07044053077697754,0.03626810759305954,0.6048303246498108,0.030056292191147804
2024-03-24 13:11:01,막가놈이 ㅈ되면 살아나는 대인츠ㄷㄷㄷ,,8,8.0,막가놈이 ㅈ되면 살아나는 대인츠ㄷㄷㄷ ,막가놈이 ㅈ되면 살아나는 대인츠ㄷㄷㄷ,0.19013839960098267,0.32861021161079407,0.14415960013866425,0.0675354152917862,0.12901487946510315,0.14054149389266968
2024-03-24 13:11:04,와 리타이어 오랜만이네 진짜 몉념만이야,- dc official App,8,8.0,와 리타이어 오랜만이네 진짜 몉념만이야 - dc official App,와 리타이어 오랜만이네 진짜 몉념만이야 - dc official App,0.19786100089550018,0.19517777860164642,0.06570202112197876,0.0320027731359005,0.45873749256134033,0.05051896721124649
2024-03-24 13:11:04,씨발 나이스!!!!!,ㅋㄱㄱㄱ몽골씹새끼사망 ㅅㅅㅅㅅ,8,8.0,씨발 나이스!!!!! ㅋㄱㄱㄱ몽골씹새끼사망 ㅅㅅㅅㅅ,씨발 나이스!!!!! ㅋㄱㄱㄱ몽골씹새끼사망 ㅅㅅㅅㅅ,0.1434817761182785,0.09166592359542847,0.1328766644001007,0.0631508007645607,0.5315383672714233,0.037286482751369476
2024-03-24 13:11:07,막스 리타 <<< 엪원 입문하고 처음봄ㅋㅋㅋㅋ,ㅋㅋㅋㅋ,8,8.0,막스 리타 <<< 엪원 입문하고 처음봄ㅋㅋㅋㅋ ㅋㅋㅋㅋ,막스 리타 <<< 엪원 입문하고 처음봄ㅋㅋㅋㅋ ㅋㅋㅋㅋ,0.14253318309783936,0.1145227774977684,0.05791887640953064,0.02622237242758274,0.627267062664032,0.03153571859002113
2024-03-24 13:11:07,몽골 리타 ㅋㅋ,ㅅㅅㅅㅅ,8,8.0,몽골 리타 ㅋㅋ ㅅㅅㅅㅅ,몽골 리타 ㅋㅋ ㅅㅅㅅㅅ,0.1050148531794548,0.06296500563621521,0.05407315120100975,0.03487640246748924,0.7203482389450073,0.02272237464785576
2024-03-24 13:11:08,막스 연속 완주 기록 연장 실패 ㅋㅋㅋㅋ,ㅋㅋㅋㅋㅋㅋㅋㅋ,8,8.0,막스 연속 완주 기록 연장 실패 ㅋㅋㅋㅋ ㅋㅋㅋㅋㅋㅋㅋㅋ,막스 연속 완주 기록 연장 실패 ㅋㅋㅋㅋ ㅋㅋㅋㅋㅋㅋㅋㅋ,0.36718979477882385,0.19428575038909912,0.1299086958169937,0.09095195680856705,0.13597449660301208,0.08168925344944
2024-03-24 13:11:09,병신 패랩 ㄷㄷ,ㄷㄷ,8,8.0,병신 패랩 ㄷㄷ ㄷㄷ,병신 패랩 ㄷㄷ ㄷㄷ,0.2097473293542862,0.34476059675216675,0.11668986082077026,0.055031683295965195,0.16443945467472076,0.10933106392621994
2024-03-24 13:11:10,와 다 녹았네,ㄷㄷ,8,8.0,와 다 녹았네 ㄷㄷ,와 다 녹았네 ㄷㄷ,0.22129571437835693,0.29977160692214966,0.10429944843053818,0.05072004720568657,0.22246238589286804,0.10145080089569092
2024-03-24 13:11:11,이제 남은경기 전부 레드불우승이겠네,역시 전승저지는 페라리 ㅋㅋㅋㅋㅋㅋ,8,8.0,이제 남은경기 전부 레드불우승이겠네 역시 전승저지는 페라리 ㅋㅋㅋㅋㅋㅋ,이제 남은경기 전부 레드불우승이겠네 역시 전승저지는 페라리 ㅋㅋㅋㅋㅋㅋ,0.16002893447875977,0.1389116793870926,0.07389912754297256,0.037162475287914276,0.5263539552688599,0.06364383548498154
2024-03-24 13:11:11,차 조졌네 ㅋㅋ,- dc official App,8,8.0,차 조졌네 ㅋㅋ - dc official App,차 조졌네 ㅋㅋ - dc official App,0.3549688160419464,0.18279583752155304,0.14324526488780975,0.11354952305555344,0.12866029143333435,0.0767802745103836
2024-03-24 13:11:14,개씹호로양봉개꿀잼레이스 시작,"자 이제부터 서로 죽여라
- dc official App",8,8.0,"개씹호로양봉개꿀잼레이스 시작 자 이제부터 서로 죽여라
- dc official App",개씹호로양봉개꿀잼레이스 시작 자 이제부터 서로 죽여라,0.13858290016651154,0.08109650760889053,0.13562940061092377,0.06486387550830841,0.544165849685669,0.035661522299051285
2024-03-24 13:11:14,브레이크 십창났네 ㅋㅋㅋ,,8,8.0,브레이크 십창났네 ㅋㅋㅋ ,브레이크 십창났네 ㅋㅋㅋ,0.2755594849586487,0.19597069919109344,0.21696147322654724,0.12971743941307068,0.09977066516876221,0.08202029764652252
2024-03-24 13:11:15,대 라 리 원 투,,8,8.0,대 라 리 원 투 ,대 라 리 원 투,0.13177642226219177,0.11648030579090118,0.07450499385595322,0.038048021495342255,0.6096950769424438,0.02949514612555504
2024-03-24 13:11:16,막가놈 좆망 ㅋㅋㅋㅋㅋ,,8,8.0,막가놈 좆망 ㅋㅋㅋㅋㅋ ,막가놈 좆망 ㅋㅋㅋㅋㅋ,0.3065473139286041,0.16169029474258423,0.20979569852352142,0.1211419478058815,0.12468466907739639,0.07614005357027054
2024-03-24 13:11:16,호주 <<<< 걍 약속의 땅이면 개추 ㅋㅋㅋㅋㅋㅋ,어 형이야 남반구는 달라,8,8.0,호주 <<<< 걍 약속의 땅이면 개추 ㅋㅋㅋㅋㅋㅋ 어 형이야 남반구는 달라,호주 <<<< 걍 약속의 땅이면 개추 ㅋㅋㅋㅋㅋㅋ 어 형이야 남반구는 달라,0.1304871290922165,0.08119553327560425,0.053685080260038376,0.03379600867629051,0.667107880115509,0.03372834995388985
2024-03-24 13:11:18,십 차 터진것도 2년만에 보네 ㅋㅋㅋㅋㅋ,차도 존나 안터져요 ㅋ,8,8.0,십 차 터진것도 2년만에 보네 ㅋㅋㅋㅋㅋ 차도 존나 안터져요 ㅋ,십 차 터진것도 2년만에 보네 ㅋㅋㅋㅋㅋ 차도 존나 안터져요 ㅋ,0.28683212399482727,0.13878092169761658,0.18281811475753784,0.09701169282197952,0.22592082619667053,0.06863634288311005
2024-03-24 13:11:18,몽골 리타 확정이네,ㄹㅇ,8,8.0,몽골 리타 확정이네 ㄹㅇ,몽골 리타 확정이네 ㄹㅇ,0.22019584476947784,0.2219727337360382,0.08531699329614639,0.05736277252435684,0.3322925269603729,0.08285912871360779
2024-03-24 13:11:19,누리스도 우승 함 해봐야제 절호의 기회다,,8,8.0,누리스도 우승 함 해봐야제 절호의 기회다 ,누리스도 우승 함 해봐야제 절호의 기회다,0.15119107067584991,0.10523903369903564,0.07231578975915909,0.05396883189678192,0.5697001814842224,0.04758508503437042
2024-03-24 13:11:18,와ㅋㅋㅋㅋㅋ개 망가졌노,,8,8.0,와ㅋㅋㅋㅋㅋ개 망가졌노 ,와ㅋㅋㅋㅋㅋ개 망가졌노,0.2553272247314453,0.24983946979045868,0.15838289260864258,0.10414504259824753,0.11492820084095001,0.11737725883722305
2024-03-24 13:11:20,뻬라리 완투 드가자잇ㅋㅋㅋㅋㅋㅋ,ㅋㅋㅋㅋㅋㅋ,8,8.0,뻬라리 완투 드가자잇ㅋㅋㅋㅋㅋㅋ ㅋㅋㅋㅋㅋㅋ,뻬라리 완투 드가자잇ㅋㅋㅋㅋㅋㅋ ㅋㅋㅋㅋㅋㅋ,0.10494622588157654,0.06816098839044571,0.05851532518863678,0.03517293184995651,0.7084643244743347,0.024740204215049744
2024-03-24 13:11:23,좆카도는 왜 망했노,ㅇ,8,8.0,좆카도는 왜 망했노 ㅇ,좆카도는 왜 망했노 ㅇ,0.3246147930622101,0.18662643432617188,0.1469239443540573,0.17053940892219543,0.08798684179782867,0.08330858498811722
2024-03-24 13:11:22,막스 개빡쳤노ㅋㅋㅋㅋㅋㅋㅋㅋㅋㅋㅋㅋㅋㅋㅋ,,8,8.0,막스 개빡쳤노ㅋㅋㅋㅋㅋㅋㅋㅋㅋㅋㅋㅋㅋㅋㅋ ,막스 개빡쳤노ㅋㅋㅋㅋㅋㅋㅋㅋㅋㅋㅋㅋㅋㅋㅋ,0.23562411963939667,0.19194422662258148,0.223377525806427,0.11493979394435883,0.14389543235301971,0.09021894633769989
2024-03-24 13:11:23,지금 빡빡이 상황.jpg,이거 찾으러 사무실로 달려가는중 ㅋㅋㅋㅋㅋ,8,8.0,지금 빡빡이 상황.jpg 이거 찾으러 사무실로 달려가는중 ㅋㅋㅋㅋㅋ,지금 빡빡이 상황.jpg 이거 찾으러 사무실로 달려가는중 ㅋㅋㅋㅋㅋ,0.15283259749412537,0.09482204914093018,0.08070478588342667,0.04116778448224068,0.5957740545272827,0.03469875082373619
2024-03-24 13:11:24,엔진 문제 아니다 GP2 아님,GP2 멈춰... 엔진 문제 아니야.. 혼다 잘못 없어.. PTSD 오겠네 시벌..,8,8.0,엔진 문제 아니다 GP2 아님 GP2 멈춰... 엔진 문제 아니야.. 혼다 잘못 없어.. PTSD 오겠네 시벌..,엔진 문제 아니다 GP2 아님 GP2 멈춰... 엔진 문제 아니야.. 혼다 잘못 없어.. PTSD 오겠네 시벌..,0.20231293141841888,0.13375481963157654,0.2524157166481018,0.2530967593193054,0.10423794388771057,0.0541817881166935
2024-03-24 13:11:25,"어 맞아, 형은 신경론에 통달했어.",막가놈 2등은 어색했던거야,8,8.0,"어 맞아, 형은 신경론에 통달했어. 막가놈 2등은 어색했던거야","어 맞아, 형은 신경론에 통달했어. 막가놈 2등은 어색했던거야",0.2563129961490631,0.2224602848291397,0.08284305781126022,0.058588020503520966,0.2806415855884552,0.0991540253162384
2024-03-24 13:11:25,와씨발 얼마만에 차터져서 리타냐,캬,8,8.0,와씨발 얼마만에 차터져서 리타냐 캬,와씨발 얼마만에 차터져서 리타냐 캬,0.1498756855726242,0.08179064840078354,0.07465120404958725,0.04986929893493652,0.6129733324050903,0.030839845538139343
2024-03-24 13:11:26,올해 브렘보 뭔가 문제 있는듯,브레이크 디스크 문제 너무 잦고 심하다,8,8.0,올해 브렘보 뭔가 문제 있는듯 브레이크 디스크 문제 너무 잦고 심하다,올해 브렘보 뭔가 문제 있는듯 브레이크 디스크 문제 너무 잦고 심하다,0.27749356627464294,0.22497951984405518,0.1498422920703888,0.2041066437959671,0.09527844190597534,0.04829955846071243
2024-03-24 13:11:27,이제부터 팀메끼리 전쟁이다 ㅋㅋㅋㅋㅋㅋㅋㅋㅋㅋㅋ,ㅋ132123,8,8.0,이제부터 팀메끼리 전쟁이다 ㅋㅋㅋㅋㅋㅋㅋㅋㅋㅋㅋ ㅋ132123,이제부터 팀메끼리 전쟁이다 ㅋㅋㅋㅋㅋㅋㅋㅋㅋㅋㅋ ㅋ132123,0.11205283552408218,0.07087846845388412,0.06321705132722855,0.033968765288591385,0.6956377029418945,0.02424515411257744
2024-03-24 13:11:28,막스 시계방향 서킷 연승 21연승에서 마감,와 이게 드디어 끝나네,8,8.0,막스 시계방향 서킷 연승 21연승에서 마감 와 이게 드디어 끝나네,막스 시계방향 서킷 연승 21연승에서 마감 와 이게 드디어 끝나네,0.2059776484966278,0.18613862991333008,0.06958523392677307,0.04307141155004501,0.43283435702323914,0.06239263713359833
2024-03-24 13:11:28,브레이크 말 그대로 녹았네,어우,8,8.0,브레이크 말 그대로 녹았네 어우,브레이크 말 그대로 녹았네 어우,0.24025602638721466,0.255782812833786,0.16955697536468506,0.12153277546167374,0.1155814379453659,0.09728996455669403
2024-03-24 13:11:28,리카도피트인ㅋㅋ,ㅋㅋ,8,8.0,리카도피트인ㅋㅋ ㅋㅋ,리카도피트인ㅋㅋ ㅋㅋ,0.11564160138368607,0.0807277038693428,0.06067502498626709,0.03143100440502167,0.6864698529243469,0.02505491115152836
2024-03-24 13:11:30,페라리 더블 포디움 가보자잇~~~~,ㅅㅅㅅㅅㅅㅅ,8,8.0,페라리 더블 포디움 가보자잇~~~~ ㅅㅅㅅㅅㅅㅅ,페라리 더블 포디움 가보자잇~~~~ ㅅㅅㅅㅅㅅㅅ,0.1073647290468216,0.06477369368076324,0.056950584053993225,0.035973068326711655,0.7099090814590454,0.025028904899954796
2024-03-24 13:11:31,리카도는 왜들어옴ㅋㅋ,,8,8.0,리카도는 왜들어옴ㅋㅋ ,리카도는 왜들어옴ㅋㅋ,0.26436901092529297,0.25343164801597595,0.16444599628448486,0.07978235930204391,0.16910254955291748,0.06886842846870422
2024-03-24 13:11:33,막스 사망 진짜 얼마만이냐,"차 마지막으로 병신된거 언젠지도 기억안나네 ㅋㅋㅋㅋ
- dc official App",8,8.0,"막스 사망 진짜 얼마만이냐 차 마지막으로 병신된거 언젠지도 기억안나네 ㅋㅋㅋㅋ
- dc official App",막스 사망 진짜 얼마만이냐 차 마지막으로 병신된거 언젠지도 기억안나네 ㅋㅋㅋㅋ,0.25435659289360046,0.2759440839290619,0.13799257576465607,0.07580451667308807,0.11276893317699432,0.14313329756259918
2024-03-24 13:11:36,아 근데 몽골련 오늘 순수실력으로 닦일수 있었는데,하 탓할 거리가 생겼네 쉬팔,8,8.0,아 근데 몽골련 오늘 순수실력으로 닦일수 있었는데 하 탓할 거리가 생겼네 쉬팔,아 근데 몽골련 오늘 순수실력으로 닦일수 있었는데 하 탓할 거리가 생겼네 쉬팔,0.17716296017169952,0.12719564139842987,0.31096315383911133,0.22647321224212646,0.10294070094823837,0.055264316499233246
2024-03-24 13:11:37,막스가 욕나오면 진짜 뭔가 좆된거임ㅋㅋ,,8,8.0,막스가 욕나오면 진짜 뭔가 좆된거임ㅋㅋ ,막스가 욕나오면 진짜 뭔가 좆된거임ㅋㅋ,0.21710693836212158,0.2896394431591034,0.1460869014263153,0.08580037206411362,0.09805183112621307,0.16331453621387482
2024-03-24 13:11:39,리카도는 왜 6랩피트? ㅋㅋㅋ,,8,8.0,리카도는 왜 6랩피트? ㅋㅋㅋ ,리카도는 왜 6랩피트? ㅋㅋㅋ,0.27636727690696716,0.2851880192756653,0.13430753350257874,0.07355391979217529,0.1548365354537964,0.07574674487113953
2024-03-24 13:11:41,안대 우리 몽고리 ㅜㅜㅜ,이거 시바 뉴이 페라리 간다고 차에 뭔짓 해놨네,8,8.0,안대 우리 몽고리 ㅜㅜㅜ 이거 시바 뉴이 페라리 간다고 차에 뭔짓 해놨네,안대 우리 몽고리 ㅜㅜㅜ 이거 시바 뉴이 페라리 간다고 차에 뭔짓 해놨네,0.241007000207901,0.14914600551128387,0.20605778694152832,0.2143818885087967,0.11668606102466583,0.07272130250930786
2024-03-24 13:11:42,역시 퍼스트는 나다 q2에서 발린 세컨따리는 나가라ㅋㅋ,,8,8.0,역시 퍼스트는 나다 q2에서 발린 세컨따리는 나가라ㅋㅋ ,역시 퍼스트는 나다 q2에서 발린 세컨따리는 나가라ㅋㅋ,0.18492193520069122,0.1493406891822815,0.16080176830291748,0.08763377368450165,0.3398808538913727,0.0774209126830101
2024-03-24 13:11:42,시발 더블 포디움 가자ㅏㅏㅏㅏㅏㅏㅏㅏㅏㅏㅏㅏㅏ,오늘은 티포시의 날이다!!!!,8,8.0,시발 더블 포디움 가자ㅏㅏㅏㅏㅏㅏㅏㅏㅏㅏㅏㅏㅏ 오늘은 티포시의 날이다!!!!,시발 더블 포디움 가자ㅏㅏㅏㅏㅏㅏㅏㅏㅏㅏㅏㅏㅏ 오늘은 티포시의 날이다!!!!,0.10728219896554947,0.056093621999025345,0.06186164543032646,0.038796789944171906,0.7118880152702332,0.024077720940113068
2024-03-24 13:11:44,리카도는 알게 모르게 피트 인 했는데,"ㅋㅋㅋㅋ
- dc official App",8,8.0,"리카도는 알게 모르게 피트 인 했는데 ㅋㅋㅋㅋ
- dc official App",리카도는 알게 모르게 피트 인 했는데 ㅋㅋㅋㅋ,0.14466705918312073,0.09698103368282318,0.06443323940038681,0.03251940757036209,0.6288020610809326,0.03259723633527756
2024-03-24 13:11:46,저 밑 막,"ㅂㅅ ㅋㅋㅋㅋㅋ
- dc official App",8,8.0,"저 밑 막 ㅂㅅ ㅋㅋㅋㅋㅋ
- dc official App",저 밑 막 ㅂㅅ ㅋㅋㅋㅋㅋ,0.24849049746990204,0.23403134942054749,0.20225228369235992,0.0833655521273613,0.14349332451820374,0.0883670374751091
2024-03-24 13:11:48,이와중에ㅜ리카도 뭐고 ㅋㅋㅋㅋㅋㅋㅋ,"걍 은퇴해 시발러마ㅜㅋㅋㅋㅋㅋ
- dc official App",8,8.0,"이와중에ㅜ리카도 뭐고 ㅋㅋㅋㅋㅋㅋㅋ 걍 은퇴해 시발러마ㅜㅋㅋㅋㅋㅋ
- dc official App",이와중에ㅜ리카도 뭐고 ㅋㅋㅋㅋㅋㅋㅋ 걍 은퇴해 시발러마ㅜㅋㅋㅋㅋㅋ,0.2081049531698227,0.16388502717018127,0.2929963171482086,0.14709827303886414,0.10008604824542999,0.08782941102981567
2024-03-24 13:11:48,43경기동안 문제 없었으면 거의 2년만에 터진거네 ㅋㅋㅋㅋ,대단하긴하다 레드불,8,8.0,43경기동안 문제 없었으면 거의 2년만에 터진거네 ㅋㅋㅋㅋ 대단하긴하다 레드불,43경기동안 문제 없었으면 거의 2년만에 터진거네 ㅋㅋㅋㅋ 대단하긴하다 레드불,0.19000425934791565,0.3090353310108185,0.11837474256753922,0.06018183380365372,0.18792930245399475,0.13447453081607819
2024-03-24 13:11:49,정보 : 막스의 가장 마지막 리타이어는,"2023년 미국 그랑프리였다
10월달",8,8.0,"정보 : 막스의 가장 마지막 리타이어는 2023년 미국 그랑프리였다
10월달",정보 : 막스의 가장 마지막 리타이어는 2023년 미국 그랑프리였다 10월달,0.23333607614040375,0.23630428314208984,0.09224000573158264,0.058166053146123886,0.31908562779426575,0.06086791306734085
2024-03-24 13:11:50,제발 르끌 2위로 올라와라,,8,8.0,제발 르끌 2위로 올라와라 ,제발 르끌 2위로 올라와라,0.16133983433246613,0.11550223082304001,0.0819183811545372,0.07170667499303818,0.5094089508056641,0.060123950242996216
2024-03-24 13:11:51,카도 소프트 벌써 죽었노 ㅋㅋ,,8,8.0,카도 소프트 벌써 죽었노 ㅋㅋ ,카도 소프트 벌써 죽었노 ㅋㅋ,0.252968430519104,0.2845766246318817,0.14599652588367462,0.07933359593153,0.10130894184112549,0.13581593334674835
2024-03-24 13:11:55,노리스 퀄리 끝나고 가만히 두계단 상승 ㅋㅋㅋㅋ,레드불 형님들 감사합니다,8,8.0,노리스 퀄리 끝나고 가만히 두계단 상승 ㅋㅋㅋㅋ 레드불 형님들 감사합니다,노리스 퀄리 끝나고 가만히 두계단 상승 ㅋㅋㅋㅋ 레드불 형님들 감사합니다,0.13821333646774292,0.05306721478700638,0.06136646121740341,0.058189935982227325,0.6626406311988831,0.026522386819124222
2024-03-24 13:12:00,좆카도 이새기는 사실상 리타이어 아님?ㅋㅋㅋㅋㅋㅋㅋ,자체 리타이어 ㅋㅋㅋㅋ,9,9.0,좆카도 이새기는 사실상 리타이어 아님?ㅋㅋㅋㅋㅋㅋㅋ 자체 리타이어 ㅋㅋㅋㅋ,좆카도 이새기는 사실상 리타이어 아님?ㅋㅋㅋㅋㅋㅋㅋ 자체 리타이어 ㅋㅋㅋㅋ,0.20577575266361237,0.2587675452232361,0.22620442509651184,0.10625296086072922,0.09177352488040924,0.11122576147317886
2024-03-24 13:12:03,빼라리 원투?,가나?,9,9.0,빼라리 원투? 가나?,빼라리 원투? 가나?,0.20085349678993225,0.2232397198677063,0.07405055314302444,0.04850862920284271,0.38870713114738464,0.06464044749736786
2024-03-24 13:12:03,간만에 두근 대노 ㅋㅋㅋㅋㅋㅋㅋㅋㅋㅋㅋ,사인츠 우승 가냐,9,9.0,간만에 두근 대노 ㅋㅋㅋㅋㅋㅋㅋㅋㅋㅋㅋ 사인츠 우승 가냐,간만에 두근 대노 ㅋㅋㅋㅋㅋㅋㅋㅋㅋㅋㅋ 사인츠 우승 가냐,0.11070302128791809,0.06263373047113419,0.05166349187493324,0.03422001376748085,0.715360701084137,0.025419039651751518
2024-03-24 13:12:03,황라리 원 투 가즈아 시발!!!!!!!!!,"티포시의 주말!!! 섹스
- dc official App",9,9.0,"황라리 원 투 가즈아 시발!!!!!!!!! 티포시의 주말!!! 섹스
- dc official App",황라리 원 투 가즈아 시발!!!!!!!!! 티포시의 주말!!! 섹스,0.1071736142039299,0.06350936740636826,0.06586519628763199,0.0388469472527504,0.6986604928970337,0.025944432243704796
2024-03-24 13:12:04,페라리 원투 가자 ㅋㅋㅋ,,9,9.0,페라리 원투 가자 ㅋㅋㅋ ,페라리 원투 가자 ㅋㅋㅋ,0.11413808912038803,0.07491359114646912,0.05719097703695297,0.036097366362810135,0.6862446665763855,0.031415242701768875
2024-03-24 13:12:05,르끌아 2등이라도 해라,ㅋㅋ,9,9.0,르끌아 2등이라도 해라 ㅋㅋ,르끌아 2등이라도 해라 ㅋㅋ,0.29624465107917786,0.1784599870443344,0.20647814869880676,0.12549284100532532,0.10149352997541428,0.09183088690042496
2024-03-24 13:12:05,씨발련들이 막징징 거릴 땐 언제고,"진짜 차에 문제생긴거 맞다니까 입싹 닫네
씨발",9,9.0,"씨발련들이 막징징 거릴 땐 언제고 진짜 차에 문제생긴거 맞다니까 입싹 닫네
씨발",씨발련들이 막징징 거릴 땐 언제고 진짜 차에 문제생긴거 맞다니까 입싹 닫네 씨발,0.1889553964138031,0.13280294835567474,0.3100511133670807,0.20071272552013397,0.11848799139261246,0.04898980259895325
2024-03-24 13:12:06,리어에 뭐 맞은거같은데,"쓰레기들 ㅈㄴ 굴러다니더만
미개한 오지놈들 ㅋㅋ",9,9.0,"리어에 뭐 맞은거같은데 쓰레기들 ㅈㄴ 굴러다니더만
미개한 오지놈들 ㅋㅋ",리어에 뭐 맞은거같은데 쓰레기들 ㅈㄴ 굴러다니더만 미개한 오지놈들 ㅋㅋ,0.15538586676120758,0.2083931416273117,0.29851844906806946,0.14433379471302032,0.11064227670431137,0.08272645622491837
2024-03-24 13:12:07,진짜 패러리 원투가냐?,,9,9.0,진짜 패러리 원투가냐? ,진짜 패러리 원투가냐?,0.24111999571323395,0.2764895260334015,0.12326686829328537,0.059244561940431595,0.1933560073375702,0.10652302205562592
2024-03-24 13:12:08,이번년도 진짜 네덜란드 국가 24번 듣나 했다,,9,9.0,이번년도 진짜 네덜란드 국가 24번 듣나 했다 ,이번년도 진짜 네덜란드 국가 24번 듣나 했다,0.3522297441959381,0.1933901458978653,0.11608832329511642,0.1062018871307373,0.1256469190120697,0.10644298791885376
2024-03-24 13:12:12,리카도는 왜 하드로 바꾸냐,"전략 괜찮은 건가?
- dc official App",9,9.0,"리카도는 왜 하드로 바꾸냐 전략 괜찮은 건가?
- dc official App",리카도는 왜 하드로 바꾸냐 전략 괜찮은 건가?,0.25510716438293457,0.3343691825866699,0.10745774209499359,0.09360560774803162,0.11776217818260193,0.09169816225767136
2024-03-24 13:12:13,아보카드 그 와중에 하드로 바꿈 ㅅㅂㅋㅋㅋㅋㅋㅋ,ㅋㅋㅋㅋㅋ,9,9.0,아보카드 그 와중에 하드로 바꿈 ㅅㅂㅋㅋㅋㅋㅋㅋ ㅋㅋㅋㅋㅋ,아보카드 그 와중에 하드로 바꿈 ㅅㅂㅋㅋㅋㅋㅋㅋ ㅋㅋㅋㅋㅋ,0.2948007881641388,0.14030523598194122,0.21906626224517822,0.11027412861585617,0.15716063976287842,0.07839291542768478
2024-03-24 13:12:19,노리스 무관 탈출 가자잇!!!!!!!!!!,ㄴ,9,9.0,노리스 무관 탈출 가자잇!!!!!!!!!! ㄴ,노리스 무관 탈출 가자잇!!!!!!!!!! ㄴ,0.11795133352279663,0.07186220586299896,0.07870159298181534,0.049322374165058136,0.6522879004478455,0.029874611645936966
2024-03-24 13:12:21,페라리 v 멕라렌 싸움이네,ㅇ,9,9.0,페라리 v 멕라렌 싸움이네 ㅇ,페라리 v 멕라렌 싸움이네 ㅇ,0.25562554597854614,0.32189422845840454,0.1126435399055481,0.07318135350942612,0.1584492027759552,0.0782061293721199
2024-03-24 13:12:22,근데 사실 나는 누리스 우승이 보고싶어..,무관 탈출 해야지,9,9.0,근데 사실 나는 누리스 우승이 보고싶어.. 무관 탈출 해야지,근데 사실 나는 누리스 우승이 보고싶어.. 무관 탈출 해야지,0.2261088639497757,0.12213864922523499,0.09003858268260956,0.08616002649068832,0.4140438139438629,0.06151016056537628
2024-03-24 13:12:21,"""지는거에요?""",- dc official App,9,9.0,"""지는거에요?"" - dc official App","""지는거에요?"" - dc official App",0.2623952329158783,0.3089834451675415,0.09971222281455994,0.08643344789743423,0.1416255384683609,0.10085012763738632
2024-03-24 13:12:25,오늘 우승 돈걸라면 누구한테 걸꺼임?,사인츠가 정배인가,9,9.0,오늘 우승 돈걸라면 누구한테 걸꺼임? 사인츠가 정배인가,오늘 우승 돈걸라면 누구한테 걸꺼임? 사인츠가 정배인가,0.25049829483032227,0.24836786091327667,0.08739572763442993,0.06845816224813461,0.26952505111694336,0.07575487345457077
2024-03-24 13:12:26,피아스트리야 제발 르끌 제치자,포디엄 가야지,9,9.0,피아스트리야 제발 르끌 제치자 포디엄 가야지,피아스트리야 제발 르끌 제치자 포디엄 가야지,0.2657212018966675,0.16387172043323517,0.12293831259012222,0.1554376184940338,0.2087017297744751,0.08332941681146622
2024-03-24 13:12:26,호너가 rb20에 독을 풀었다,ㄹㅇㅋㅋ,9,9.0,호너가 rb20에 독을 풀었다 ㄹㅇㅋㅋ,호너가 rb20에 독을 풀었다 ㄹㅇㅋㅋ,0.2527385354042053,0.2681044042110443,0.12399949878454208,0.053584665060043335,0.18778859078884125,0.1137842983007431
2024-03-24 13:12:28,f1 이제 개막했노 ㅋㅋ,아 ㅋㅋㅋㅋ,9,9.0,f1 이제 개막했노 ㅋㅋ 아 ㅋㅋㅋㅋ,f1 이제 개막했노 ㅋㅋ 아 ㅋㅋㅋㅋ,0.12179186940193176,0.0785500779747963,0.05463667958974838,0.030602870509028435,0.6885067820549011,0.02591179497539997
2024-03-24 13:12:29,섹스스스스스스스스스스쓰ㅡㅅ,"몽골 컷!
- dc official App",9,9.0,"섹스스스스스스스스스스쓰ㅡㅅ 몽골 컷!
- dc official App",섹스스스스스스스스스스쓰ㅡㅅ 몽골 컷!,0.21467682719230652,0.12819653749465942,0.17601069808006287,0.07774519175291061,0.35888731479644775,0.04448334127664566
2024-03-24 13:12:32,페멕 대전 ㅁㅊ다 ㅁㅊ,12354234423,9,9.0,페멕 대전 ㅁㅊ다 ㅁㅊ 12354234423,페멕 대전 ㅁㅊ다 ㅁㅊ 12354234423,0.20920655131340027,0.2360985279083252,0.12669575214385986,0.049721989780664444,0.28581541776657104,0.09246174246072769
2024-03-24 13:12:32,아 씨발 안봐,"막스 왜 리타이어노 씨발
- dc official App",9,9.0,"아 씨발 안봐 막스 왜 리타이어노 씨발
- dc official App",아 씨발 안봐 막스 왜 리타이어노 씨발,0.21783946454524994,0.09815461188554764,0.29744550585746765,0.19000275433063507,0.15889139473438263,0.03766630217432976
2024-03-24 13:12:33,퇴물탕이는 소프트주제에 츠노다를 못따네,몽물대멸망wwwwww,9,9.0,퇴물탕이는 소프트주제에 츠노다를 못따네 몽물대멸망wwwwww,퇴물탕이는 소프트주제에 츠노다를 못따네 몽물대멸망wwwwww,0.20872490108013153,0.2576163411140442,0.24411194026470184,0.11593089997768402,0.08731044083833694,0.08630550652742386
2024-03-24 13:12:33,시트 얻을거같아서 웃는 편의점이면 개추ㅋㅋ,- dc official App,9,9.0,시트 얻을거같아서 웃는 편의점이면 개추ㅋㅋ - dc official App,시트 얻을거같아서 웃는 편의점이면 개추ㅋㅋ - dc official App,0.11374768614768982,0.06530515849590302,0.05241777375340462,0.03694795444607735,0.704276978969574,0.027304476127028465
2024-03-24 13:12:37,맹인지 존나 잘하닝,맹인지ㅠ,9,9.0,맹인지 존나 잘하닝 맹인지ㅠ,맹인지 존나 잘하닝 맹인지ㅠ,0.3068734407424927,0.16805578768253326,0.1341533064842224,0.13546228408813477,0.1559089869260788,0.0995461717247963
2024-03-24 13:12:43,페맥대전 존나 섹스네,ㄹㅇ,9,9.0,페맥대전 존나 섹스네 ㄹㅇ,페맥대전 존나 섹스네 ㄹㅇ,0.2216455340385437,0.2592654526233673,0.1626485139131546,0.06507545709609985,0.1849999576807022,0.10636505484580994
2024-03-24 13:12:45,리카도,"마실 나왔노
- dc official App",9,9.0,"리카도 마실 나왔노
- dc official App",리카도 마실 나왔노,0.22328504920005798,0.22836965322494507,0.0758892297744751,0.03523079305887222,0.36025482416152954,0.07697051018476486
2024-03-24 13:12:47,오늘 존ㄴㄴㄴㄴ나 재밌으면 개추ㅋㅋㅋ,ㅇㄷㄴㅂㅌ,9,9.0,오늘 존ㄴㄴㄴㄴ나 재밌으면 개추ㅋㅋㅋ ㅇㄷㄴㅂㅌ,오늘 존ㄴㄴㄴㄴ나 재밌으면 개추ㅋㅋㅋ ㅇㄷㄴㅂㅌ,0.1165875568985939,0.06425923854112625,0.05760408937931061,0.03715423867106438,0.6990901827812195,0.025304682552814484
2024-03-24 13:12:52,뭔일이냐 ㅋㅋㅋㅋㅋㅋㅋㅋ,"후륜 브래이크 십창났네
- dc official App",9,9.0,"뭔일이냐 ㅋㅋㅋㅋㅋㅋㅋㅋ 후륜 브래이크 십창났네
- dc official App",뭔일이냐 ㅋㅋㅋㅋㅋㅋㅋㅋ 후륜 브래이크 십창났네,0.26031461358070374,0.23868168890476227,0.18267254531383514,0.113833487033844,0.10389634966850281,0.10060132294893265
2024-03-24 13:12:53,리카도는... 시트 뺏기겠다...,"호감 드라이버 중 한명인데...
- dc official App",9,9.0,"리카도는... 시트 뺏기겠다... 호감 드라이버 중 한명인데...
- dc official App",리카도는... 시트 뺏기겠다... 호감 드라이버 중 한명인데...,0.3098832666873932,0.2572866380214691,0.11001726239919662,0.11663734912872314,0.10771190375089645,0.09846361726522446
2024-03-24 13:12:56,이거 안봐서 좋으면 개추ㅋㅋ,"빌렘의 노래 잘가시고 ㅋㅋ
- dc official App",9,9.0,"이거 안봐서 좋으면 개추ㅋㅋ 빌렘의 노래 잘가시고 ㅋㅋ
- dc official App",이거 안봐서 좋으면 개추ㅋㅋ 빌렘의 노래 잘가시고 ㅋㅋ,0.11115916818380356,0.055121228098869324,0.0567956380546093,0.04235995188355446,0.709772527217865,0.02479139156639576
2024-03-24 13:13:08,좀 불쌍한데 ㅋㅋㅋㅋㅋㅋㅋㅋ,"43연속 완주도 대단하긴 하다
- dc official App",9,9.0,"좀 불쌍한데 ㅋㅋㅋㅋㅋㅋㅋㅋ 43연속 완주도 대단하긴 하다
- dc official App",좀 불쌍한데 ㅋㅋㅋㅋㅋㅋㅋㅋ 43연속 완주도 대단하긴 하다,0.23246513307094574,0.2946588397026062,0.12930093705654144,0.07719522714614868,0.13049039244651794,0.1358894258737564
2024-03-24 13:13:10,티어오프에 덕트막혔을려나,그거 아니면 뭐 없을거 같은데,9,9.0,티어오프에 덕트막혔을려나 그거 아니면 뭐 없을거 같은데,티어오프에 덕트막혔을려나 그거 아니면 뭐 없을거 같은데,0.2689776122570038,0.3124695122241974,0.11079620569944382,0.1288948953151703,0.10719912499189377,0.07166266441345215
2024-03-24 13:13:11,드디어 정신을 놓은 개좆핀.twitter,- dc official App,9,9.0,드디어 정신을 놓은 개좆핀.twitter - dc official App,드디어 정신을 놓은 개좆핀.twitter - dc official App,0.22210662066936493,0.1999201774597168,0.2356719672679901,0.1229822114109993,0.11489357799291611,0.10442545264959335
2024-03-24 13:13:14,이세계 F1 보고 있는 기분이면 개추 ㅋㅋ,,9,9.0,이세계 F1 보고 있는 기분이면 개추 ㅋㅋ ,이세계 F1 보고 있는 기분이면 개추 ㅋㅋ,0.11624669283628464,0.06945235282182693,0.05283864587545395,0.033399827778339386,0.7007547616958618,0.02730768360197544
2024-03-24 13:13:23,하..,"하
- dc official App",9,9.0,"하.. 하
- dc official App",하.. 하,0.19399788975715637,0.08800259977579117,0.10544765740633011,0.057475995272397995,0.5207905173301697,0.03428526967763901
2024-03-24 13:13:27,아파트 옥상 올라간다,기다려라,10,10.0,아파트 옥상 올라간다 기다려라,아파트 옥상 올라간다 기다려라,0.15264831483364105,0.12035205215215683,0.08730646222829819,0.05557190254330635,0.5367535352706909,0.04736776649951935
2024-03-24 13:13:33,찐 f1 시작ㅋㅋㅋㅋㅋㅋ,"ㅋㅎㅎㅋㅎㅋㅎㅋㅎㅋㅅㅋㅅㅋㅎㅋㅎㅋㅎㅎㅋ
몽골 컷!
- dc official App",10,10.0,"찐 f1 시작ㅋㅋㅋㅋㅋㅋ ㅋㅎㅎㅋㅎㅋㅎㅋㅎㅋㅅㅋㅅㅋㅎㅋㅎㅋㅎㅎㅋ
몽골 컷!
- dc official App",찐 f1 시작ㅋㅋㅋㅋㅋㅋ ㅋㅎㅎㅋㅎㅋㅎㅋㅎㅋㅅㅋㅅㅋㅎㅋㅎㅋㅎㅎㅋ 몽골 컷!,0.11323514580726624,0.06564011424779892,0.059332314878702164,0.03582148998975754,0.7031657695770264,0.02280515618622303
2024-03-24 13:13:40,차량 이슈 ㅋㅋㅋㅋ,"아 너무 아쉽네
- dc official App",10,10.0,"차량 이슈 ㅋㅋㅋㅋ 아 너무 아쉽네
- dc official App",차량 이슈 ㅋㅋㅋㅋ 아 너무 아쉽네,0.30946680903434753,0.1583225578069687,0.1375853419303894,0.17460639774799347,0.16547252237796783,0.05454631522297859
2024-03-24 13:13:40,페라리 원투 각,와꾸 원탑 대라리 원투 가보자,10,10.0,페라리 원투 각 와꾸 원탑 대라리 원투 가보자,페라리 원투 각 와꾸 원탑 대라리 원투 가보자,0.1349204033613205,0.09506169706583023,0.05985161289572716,0.033743180334568024,0.6364215016365051,0.04000164195895195
2024-03-24 13:13:41,부품이 그냥 날라가네 ㅋㅋㅋㅋ,뭔 시발ㅋㅋㅋㅋㅋ,10,10.0,부품이 그냥 날라가네 ㅋㅋㅋㅋ 뭔 시발ㅋㅋㅋㅋㅋ,부품이 그냥 날라가네 ㅋㅋㅋㅋ 뭔 시발ㅋㅋㅋㅋㅋ,0.2661765515804291,0.18534055352210999,0.22182919085025787,0.12643271684646606,0.11233275383710861,0.08788824081420898
2024-03-24 13:13:45,와 걍 터지네,"무섭노
- dc official App",10,10.0,"와 걍 터지네 무섭노
- dc official App",와 걍 터지네 무섭노,0.20461368560791016,0.3379533588886261,0.12994642555713654,0.07877316325902939,0.12649987637996674,0.12221341580152512
2024-03-24 13:13:49,몽골 크루징할때 순해졌다가,따잇 당하니까 다시 욕박는게 개웃기네ㅋㅋㅋㅋ,10,10.0,몽골 크루징할때 순해졌다가 따잇 당하니까 다시 욕박는게 개웃기네ㅋㅋㅋㅋ,몽골 크루징할때 순해졌다가 따잇 당하니까 다시 욕박는게 개웃기네ㅋㅋㅋㅋ,0.25100672245025635,0.23298774659633636,0.18171951174736023,0.0764838233590126,0.16265825927257538,0.09514392912387848
2024-03-24 13:13:54,대 라 리 원투 기대되면 개추 ㅋㅋㅋㅋ,"일 단 나 부 터
사인지 진짜 일내게 생겼네",10,10.0,"대 라 리 원투 기대되면 개추 ㅋㅋㅋㅋ 일 단 나 부 터
사인지 진짜 일내게 생겼네",대 라 리 원투 기대되면 개추 ㅋㅋㅋㅋ 일 단 나 부 터 사인지 진짜 일내게 생겼네,0.16493366658687592,0.1283467561006546,0.06675615161657333,0.04023732244968414,0.5519871711730957,0.047738946974277496
2024-03-24 13:13:56,고스트라이더 ㄷㄷ,ㄷㄷ,10,10.0,고스트라이더 ㄷㄷ ㄷㄷ,고스트라이더 ㄷㄷ ㄷㄷ,0.20546379685401917,0.34730300307273865,0.12316924333572388,0.06179678067564964,0.14807887375354767,0.11418824642896652
2024-03-24 13:13:57,햄 피트인,,10,10.0,햄 피트인 ,햄 피트인,0.1313711404800415,0.10416411608457565,0.06399410218000412,0.03474802151322365,0.6371515989303589,0.028571033850312233
2024-03-24 13:13:58,차가 그냥 터지노 ㅋㅋㅋㅋㅋㅋ,ㅋㅋㅋㅋㅋㅋ,10,10.0,차가 그냥 터지노 ㅋㅋㅋㅋㅋㅋ ㅋㅋㅋㅋㅋㅋ,차가 그냥 터지노 ㅋㅋㅋㅋㅋㅋ ㅋㅋㅋㅋㅋㅋ,0.21607646346092224,0.1808987557888031,0.09874725341796875,0.0452849417924881,0.4063816964626312,0.05261087790131569
2024-03-24 13:14:02,소프트 ㅈ망ㅋㅋㅋ,,10,10.0,소프트 ㅈ망ㅋㅋㅋ ,소프트 ㅈ망ㅋㅋㅋ,0.2985083758831024,0.19344192743301392,0.18058247864246368,0.17751002311706543,0.08931965380907059,0.06063766032457352
2024-03-24 13:14:05,활활타네 ㅋㅋㅋㅋㅋ,ㅋㅋㅋㅋㅋ,10,10.0,활활타네 ㅋㅋㅋㅋㅋ ㅋㅋㅋㅋㅋ,활활타네 ㅋㅋㅋㅋㅋ ㅋㅋㅋㅋㅋ,0.14703842997550964,0.08336888253688812,0.08785420656204224,0.04580337181687355,0.609565019607544,0.026370087638497353
2024-03-24 13:13:59,전세계 엪붕이 환호중 ㅋㅋ,,10,10.0,전세계 엪붕이 환호중 ㅋㅋ ,전세계 엪붕이 환호중 ㅋㅋ,0.1101231649518013,0.06720293313264847,0.05579888075590134,0.036084577441215515,0.7060551643371582,0.024735284969210625
2024-03-24 13:14:06,검은연기 ㅋㅋㅋ 무섭노,,10,10.0,검은연기 ㅋㅋㅋ 무섭노 ,검은연기 ㅋㅋㅋ 무섭노,0.2093145251274109,0.34014299511909485,0.12892448902130127,0.06547960638999939,0.13311640918254852,0.12302196770906448
2024-03-24 13:14:07,페라리 팬 싱글벙글하겠네,"맥라렌 달려
- dc official App",10,10.0,"페라리 팬 싱글벙글하겠네 맥라렌 달려
- dc official App",페라리 팬 싱글벙글하겠네 맥라렌 달려,0.1272282600402832,0.07741537690162659,0.057337261736392975,0.0399821400642395,0.6624593734741211,0.035577598959207535
2024-03-24 13:14:10,담당 일진 사라지니깐 난리노 ㅋㅋㅋㅋ,호주 개꿀잼 ㄹㅇ,10,10.0,담당 일진 사라지니깐 난리노 ㅋㅋㅋㅋ 호주 개꿀잼 ㄹㅇ,담당 일진 사라지니깐 난리노 ㅋㅋㅋㅋ 호주 개꿀잼 ㄹㅇ,0.11980782449245453,0.06672605872154236,0.0646863803267479,0.04128231480717659,0.6803668141365051,0.02713063359260559
2024-03-24 13:14:13,소프트 다 망했노ㅋㅋㅋㅋㅋ,ㅋㅋㅋㅋ,10,10.0,소프트 다 망했노ㅋㅋㅋㅋㅋ ㅋㅋㅋㅋ,소프트 다 망했노ㅋㅋㅋㅋㅋ ㅋㅋㅋㅋ,0.3584972620010376,0.1480693221092224,0.1592809557914734,0.13689787685871124,0.11288324743509293,0.08437129110097885
2024-03-24 13:14:16,뭐 퀄리때도 한랩도 못달리고 과열 이슈있더니,이걸 레이스 소프트를 픽하네,10,10.0,뭐 퀄리때도 한랩도 못달리고 과열 이슈있더니 이걸 레이스 소프트를 픽하네,뭐 퀄리때도 한랩도 못달리고 과열 이슈있더니 이걸 레이스 소프트를 픽하네,0.29376569390296936,0.23961098492145538,0.16686658561229706,0.16415250301361084,0.06622979044914246,0.06937450170516968
2024-03-24 13:14:21,소프트는 그냥 잘못된 선택인가?,,10,10.0,소프트는 그냥 잘못된 선택인가? ,소프트는 그냥 잘못된 선택인가?,0.2927294671535492,0.2606516182422638,0.11464986950159073,0.15218177437782288,0.09177567809820175,0.08801157772541046
2024-03-24 13:14:22,소프트는 그냥 7~8랩이 한계노 ㅋㅋㅋ,ㅋㅋ 약속의 땅 ㅋㅋㅋㅋㅋ,10,10.0,소프트는 그냥 7~8랩이 한계노 ㅋㅋㅋ ㅋㅋ 약속의 땅 ㅋㅋㅋㅋㅋ,소프트는 그냥 7~8랩이 한계노 ㅋㅋㅋ ㅋㅋ 약속의 땅 ㅋㅋㅋㅋㅋ,0.24828535318374634,0.11897976696491241,0.1378793567419052,0.10125710815191269,0.3350697159767151,0.0585285983979702
2024-03-24 13:14:23,사인츠 크루징 가냐???,페이스조절 좆되네짖짜,10,10.0,사인츠 크루징 가냐??? 페이스조절 좆되네짖짜,사인츠 크루징 가냐??? 페이스조절 좆되네짖짜,0.2554597556591034,0.22572234272956848,0.16909325122833252,0.09525445103645325,0.11056432873010635,0.1439058780670166
2024-03-24 13:14:27,보타스가 제발 포인트 피니쉬하게 해주세요,,10,10.0,보타스가 제발 포인트 피니쉬하게 해주세요 ,보타스가 제발 포인트 피니쉬하게 해주세요,0.20530281960964203,0.12033417075872421,0.11565215140581131,0.13425977528095245,0.3737371265888214,0.05071396008133888
2024-03-24 13:14:28,'씨발',"어쩌자고 저딴 새끼를
- dc official App",10,10.0,"'씨발' 어쩌자고 저딴 새끼를
- dc official App",'씨발' 어쩌자고 저딴 새끼를,0.1460493803024292,0.1985984593629837,0.2717154622077942,0.20842991769313812,0.1086551770567894,0.06655165553092957
2024-03-24 13:14:30,ㅅㅂ 사인츠 거리 벌린다 ㅋㅋㅋㅋㅋㅋㅋㅋㅋ,여윽시 페라리 퍼스트,10,10.0,ㅅㅂ 사인츠 거리 벌린다 ㅋㅋㅋㅋㅋㅋㅋㅋㅋ 여윽시 페라리 퍼스트,ㅅㅂ 사인츠 거리 벌린다 ㅋㅋㅋㅋㅋㅋㅋㅋㅋ 여윽시 페라리 퍼스트,0.13388197124004364,0.10907115042209625,0.07452893257141113,0.03738615661859512,0.6068586111068726,0.03827314451336861
2024-03-24 13:14:30,플랜 A,,10,10.0,플랜 A ,플랜 A,0.1672033816576004,0.1627640575170517,0.07845918089151382,0.04843880236148834,0.5014994740486145,0.04163515940308571
2024-03-24 13:14:31,쁠랜 에이ㅋㅋㅋㅋ,ㅋㅋ,10,10.0,쁠랜 에이ㅋㅋㅋㅋ ㅋㅋ,쁠랜 에이ㅋㅋㅋㅋ ㅋㅋ,0.12846453487873077,0.082286037504673,0.06811763346195221,0.03600921854376793,0.6613587737083435,0.02376377023756504
2024-03-24 13:14:32,쁠랜 A 입갤 ㅋㅋ,,10,10.0,쁠랜 A 입갤 ㅋㅋ ,쁠랜 A 입갤 ㅋㅋ,0.10676796734333038,0.08063336461782455,0.05716292932629585,0.03470772132277489,0.6933029890060425,0.027424994856119156
2024-03-24 13:14:34,어우 십 따일 뻔,,10,10.0,어우 십 따일 뻔 ,어우 십 따일 뻔,0.24466843903064728,0.2236766815185547,0.18107785284519196,0.10938382148742676,0.12617114186286926,0.11502207815647125
2024-03-24 13:14:36,사상 최초 플랜 A ㅋㅋㅋㅋㅋㅋㅋㅋ,,10,10.0,사상 최초 플랜 A ㅋㅋㅋㅋㅋㅋㅋㅋ ,사상 최초 플랜 A ㅋㅋㅋㅋㅋㅋㅋㅋ,0.2055550515651703,0.26483848690986633,0.10973035544157028,0.04092676565051079,0.30817916989326477,0.07077022641897202
2024-03-24 13:14:40,플랜 뭐고 ㅋㅋㅋ,,10,10.0,플랜 뭐고 ㅋㅋㅋ ,플랜 뭐고 ㅋㅋㅋ,0.2699948251247406,0.2710571587085724,0.10046427696943283,0.051996588706970215,0.23441670835018158,0.0720704197883606
2024-03-24 13:14:41,그냥 신이면 개추 ㅋㅋㅋㅋㅋㅋㅋㅋㅋㅋㅋ,ㅇㄷㄴㅂㅌ ㅋㅋ,10,10.0,그냥 신이면 개추 ㅋㅋㅋㅋㅋㅋㅋㅋㅋㅋㅋ ㅇㄷㄴㅂㅌ ㅋㅋ,그냥 신이면 개추 ㅋㅋㅋㅋㅋㅋㅋㅋㅋㅋㅋ ㅇㄷㄴㅂㅌ ㅋㅋ,0.11601578444242477,0.07687694579362869,0.05382170528173447,0.030039425939321518,0.6948274374008179,0.028418701142072678
2024-03-24 13:14:42,똠이랑 KMAG은 미듐주제에 벌써 핏인했냐,;;;,10,10.0,똠이랑 KMAG은 미듐주제에 벌써 핏인했냐 ;;;,똠이랑 KMAG은 미듐주제에 벌써 핏인했냐 ;;;,0.2618692219257355,0.2732433080673218,0.18599791824817657,0.1266241818666458,0.07891996949911118,0.07334541529417038
2024-03-24 13:14:43,레드불은 나이트레이스 아니면 기대해봐야겠네,언제 브레이크 터질지 ㅋㅋㅋㅋ,10,10.0,레드불은 나이트레이스 아니면 기대해봐야겠네 언제 브레이크 터질지 ㅋㅋㅋㅋ,레드불은 나이트레이스 아니면 기대해봐야겠네 언제 브레이크 터질지 ㅋㅋㅋㅋ,0.22957105934619904,0.24853083491325378,0.09070467948913574,0.059223372489213943,0.30586060881614685,0.06610942631959915
2024-03-24 13:14:47,해밀턴은 무슨생각으로 소프트 스타트한거야?,"예선때도 온도 올라가서 병신됬는데 굳이?
- dc official App",10,10.0,"해밀턴은 무슨생각으로 소프트 스타트한거야? 예선때도 온도 올라가서 병신됬는데 굳이?
- dc official App",해밀턴은 무슨생각으로 소프트 스타트한거야? 예선때도 온도 올라가서 병신됬는데 굳이?,0.23922015726566315,0.3102816939353943,0.1642359495162964,0.11828026175498962,0.07135730236768723,0.09662458300590515
2024-03-24 13:14:52,소프트 스타트 뭔 생각으로 한건지 몰겠네,프랙때 그지랄났었는데,11,11.0,소프트 스타트 뭔 생각으로 한건지 몰겠네 프랙때 그지랄났었는데,소프트 스타트 뭔 생각으로 한건지 몰겠네 프랙때 그지랄났었는데,0.2531544864177704,0.24460947513580322,0.18404842913150787,0.19163097441196442,0.06719521433115005,0.059361428022384644
2024-03-24 13:14:52,ㅋㅋㅋㅋㅋㅋ플랜 A 처음봄 ㅋㅋㅋㅋ,- dc official App,11,11.0,ㅋㅋㅋㅋㅋㅋ플랜 A 처음봄 ㅋㅋㅋㅋ - dc official App,ㅋㅋㅋㅋㅋㅋ플랜 A 처음봄 ㅋㅋㅋㅋ - dc official App,0.1531739979982376,0.1344609260559082,0.06530293822288513,0.027693312615156174,0.588205873966217,0.03116294927895069
2024-03-24 13:14:54,C5는 봉인하는걸로,"진짜 지우개노
- dc official App",11,11.0,"C5는 봉인하는걸로 진짜 지우개노
- dc official App",C5는 봉인하는걸로 진짜 지우개노,0.31502318382263184,0.1785563975572586,0.19622009992599487,0.16995863616466522,0.08422935009002686,0.056012388318777084
2024-03-24 13:14:56,시벌 드디어 페라리 플랜A ㅋㅋㅌㅋㅋㅋ,맨날 B만 ㅈㄴ 쓰다가 ㅋㅋㅋ,11,11.0,시벌 드디어 페라리 플랜A ㅋㅋㅌㅋㅋㅋ 맨날 B만 ㅈㄴ 쓰다가 ㅋㅋㅋ,시벌 드디어 페라리 플랜A ㅋㅋㅌㅋㅋㅋ 맨날 B만 ㅈㄴ 쓰다가 ㅋㅋㅋ,0.2539503872394562,0.10976659506559372,0.2043299674987793,0.13096177577972412,0.22954341769218445,0.07144783437252045
2024-03-24 13:15:01,F1은 팀 팬이 많냐 드라이버 팬이 많냐,보통 어느 팬이 많냐,11,11.0,F1은 팀 팬이 많냐 드라이버 팬이 많냐 보통 어느 팬이 많냐,F1은 팀 팬이 많냐 드라이버 팬이 많냐 보통 어느 팬이 많냐,0.2537902593612671,0.32693299651145935,0.10764849931001663,0.07518171519041061,0.15726187825202942,0.07918468117713928
2024-03-24 13:15:01,트랙에 데브리잇는데 ㄱㅊ나,,11,11.0,트랙에 데브리잇는데 ㄱㅊ나 ,트랙에 데브리잇는데 ㄱㅊ나,0.22313880920410156,0.16948415338993073,0.07936391979455948,0.05234435573220253,0.4230722188949585,0.052596565335989
2024-03-24 13:15:01,"여기는 ""에이전트 C"", 임무를 완수했다","모든 것은 계획대로
""Per Tifosi""",11,11.0,"여기는 ""에이전트 C"", 임무를 완수했다 모든 것은 계획대로
""Per Tifosi""","여기는 ""에이전트 C"", 임무를 완수했다 모든 것은 계획대로 ""Per Tifosi""",0.1316506415605545,0.0729910135269165,0.06301238387823105,0.055551037192344666,0.645953893661499,0.030841004103422165
2024-03-24 13:15:02,"티포시, 황라렌 팬들 신났다 ㅋㅋㅋㅋㅋ",,11,11.0,"티포시, 황라렌 팬들 신났다 ㅋㅋㅋㅋㅋ ","티포시, 황라렌 팬들 신났다 ㅋㅋㅋㅋㅋ",0.12000679969787598,0.07508043944835663,0.059362273663282394,0.03258040174841881,0.6862464547157288,0.026723587885499
2024-03-24 13:15:06,페 멕 페 멕 <<< 씹근본이면 개추 ㅋㅋㅋㅋ,ㅇㄷㄴㅂㅌ ㅋㅋㅋ,11,11.0,페 멕 페 멕 <<< 씹근본이면 개추 ㅋㅋㅋㅋ ㅇㄷㄴㅂㅌ ㅋㅋㅋ,페 멕 페 멕 <<< 씹근본이면 개추 ㅋㅋㅋㅋ ㅇㄷㄴㅂㅌ ㅋㅋㅋ,0.12765708565711975,0.08192643523216248,0.05720435455441475,0.02991441823542118,0.6710032224655151,0.03229445591568947
2024-03-24 13:15:07,쥬지도 뽁스,ㅇ,11,11.0,쥬지도 뽁스 ㅇ,쥬지도 뽁스 ㅇ,0.15133632719516754,0.11496549099683762,0.07094927877187729,0.03486424684524536,0.5942038893699646,0.03368076682090759
2024-03-24 13:15:07,체코 제발 좀 힘 내봐,"시발 너 말곤 없는데 포디움이라도 들어가야지
- dc official App",11,11.0,"체코 제발 좀 힘 내봐 시발 너 말곤 없는데 포디움이라도 들어가야지
- dc official App",체코 제발 좀 힘 내봐 시발 너 말곤 없는데 포디움이라도 들어가야지,0.2565860450267792,0.1511354297399521,0.13949739933013916,0.1940215677022934,0.16227178275585175,0.09648780524730682
2024-03-24 13:15:20,드디어 ㅈ드불 없는 포디엄 보는거냐?,대인즈,11,11.0,드디어 ㅈ드불 없는 포디엄 보는거냐? 대인즈,드디어 ㅈ드불 없는 포디엄 보는거냐? 대인즈,0.24063634872436523,0.26503750681877136,0.08486604690551758,0.049531009048223495,0.2804087996482849,0.07952025532722473
2024-03-24 13:15:23,막스 리타이어 1번에 경기가 이렇게 꿀잼이 되다니,ㅋㅋㅋㅋㅋㅋㅋㅋㅋ,11,11.0,막스 리타이어 1번에 경기가 이렇게 꿀잼이 되다니 ㅋㅋㅋㅋㅋㅋㅋㅋㅋ,막스 리타이어 1번에 경기가 이렇게 꿀잼이 되다니 ㅋㅋㅋㅋㅋㅋㅋㅋㅋ,0.12544037401676178,0.06884950399398804,0.05831986293196678,0.036131903529167175,0.6858550310134888,0.025403296574950218
2024-03-24 13:15:25,메르 요즘 피트 잘하네,어,11,11.0,메르 요즘 피트 잘하네 어,메르 요즘 피트 잘하네 어,0.1574106365442276,0.11617345362901688,0.05751542001962662,0.03500949218869209,0.5904461741447449,0.04344479739665985
2024-03-24 13:15:29,오늘 개꿀잼이네,ㅋㅋㅋㅋㅋ,11,11.0,오늘 개꿀잼이네 ㅋㅋㅋㅋㅋ,오늘 개꿀잼이네 ㅋㅋㅋㅋㅋ,0.11414023488759995,0.06370357424020767,0.05786430090665817,0.03980596736073494,0.7008855938911438,0.023600319400429726
2024-03-24 13:15:30,베르스타펜 차량 상태 사진,,11,11.0,베르스타펜 차량 상태 사진 ,베르스타펜 차량 상태 사진,0.22933700680732727,0.27264225482940674,0.09020206332206726,0.06654008477926254,0.26263824105262756,0.07864036411046982
2024-03-24 13:15:31,레이스 개판이네 ㅋㅋㅋㅋㅋㅋㅋㅋㅋㅋㅋㅋㅋㅋㅋㅋㅋㅋ,씹ㅋㅋㅋㅋㅋㅋㅋㅋㅋㅋㅋㅋㅋㅋㅋㅋㅋㅋㅋ,11,11.0,레이스 개판이네 ㅋㅋㅋㅋㅋㅋㅋㅋㅋㅋㅋㅋㅋㅋㅋㅋㅋㅋ 씹ㅋㅋㅋㅋㅋㅋㅋㅋㅋㅋㅋㅋㅋㅋㅋㅋㅋㅋㅋ,레이스 개판이네 ㅋㅋㅋㅋㅋㅋㅋㅋㅋㅋㅋㅋㅋㅋㅋㅋㅋㅋ 씹ㅋㅋㅋㅋㅋㅋㅋㅋㅋㅋㅋㅋㅋㅋㅋㅋㅋㅋㅋ,0.28350022435188293,0.14436033368110657,0.1782774180173874,0.07812570780515671,0.25836193561553955,0.05737444385886192
2024-03-24 13:15:34,츠노다 가자,p6,11,11.0,츠노다 가자 p6,츠노다 가자 p6,0.12215656042098999,0.0895736813545227,0.06390711665153503,0.040721386671066284,0.6549015045166016,0.02873966470360756
2024-03-24 13:15:36,"톱4만 보면 2007,8년임 ㅋㅋㅋㅋ",,11,11.0,"톱4만 보면 2007,8년임 ㅋㅋㅋㅋ ","톱4만 보면 2007,8년임 ㅋㅋㅋㅋ",0.21617840230464935,0.18995003402233124,0.11520282179117203,0.045866891741752625,0.37472206354141235,0.058079831302165985
2024-03-24 13:15:37,메르차는 얼마나 똥차인거냐,타이어도 다 갈리네 개똥차 주제에ㅋㅋㅋㅋㅋㅋ,11,11.0,메르차는 얼마나 똥차인거냐 타이어도 다 갈리네 개똥차 주제에ㅋㅋㅋㅋㅋㅋ,메르차는 얼마나 똥차인거냐 타이어도 다 갈리네 개똥차 주제에ㅋㅋㅋㅋㅋㅋ,0.17794743180274963,0.26047763228416443,0.2489195466041565,0.12009504437446594,0.09080808609724045,0.10175226628780365
2024-03-24 13:15:38,보타스는 또 뭔일이야 씨발,,11,11.0,보타스는 또 뭔일이야 씨발 ,보타스는 또 뭔일이야 씨발,0.2319118082523346,0.16294057667255402,0.2526583969593048,0.1758473962545395,0.11359602957963943,0.06304577738046646
2024-03-24 13:15:38,퇴물특) 타이어 병신같은거고름,대런 해물탕,11,11.0,퇴물특) 타이어 병신같은거고름 대런 해물탕,퇴물특) 타이어 병신같은거고름 대런 해물탕,0.16700002551078796,0.22131715714931488,0.3088218569755554,0.11741716414690018,0.11611312627792358,0.06933075934648514
2024-03-24 13:15:38,자우버 개씨발 또 씨방,,11,11.0,자우버 개씨발 또 씨방 ,자우버 개씨발 또 씨방,0.19646881520748138,0.09995805472135544,0.29376640915870667,0.19342797994613647,0.17813462018966675,0.03824403136968613
2024-03-24 13:15:39,보타스 또 ㅋㅋㅋㅋ,,11,11.0,보타스 또 ㅋㅋㅋㅋ ,보타스 또 ㅋㅋㅋㅋ,0.11454347521066666,0.06509337574243546,0.058664802461862564,0.037108052521944046,0.7018231749534607,0.022767022252082825
2024-03-24 13:15:40,자우버는 또 좆망 ㅋㅋㅋㅋㅋㅋㅋㅋㅋㅋㅋㅋㅋ,,11,11.0,자우버는 또 좆망 ㅋㅋㅋㅋㅋㅋㅋㅋㅋㅋㅋㅋㅋ ,자우버는 또 좆망 ㅋㅋㅋㅋㅋㅋㅋㅋㅋㅋㅋㅋㅋ,0.28840944170951843,0.1818455159664154,0.1834970861673355,0.18466119468212128,0.0762382298707962,0.08534850925207138
2024-03-24 13:15:41,자우버 또 ㅋㅋㅋㅋㅋㅋㅋㅋㅋㅋㅋ,ㅋㅋㅋㅋㅋㅋㅋㅋㅋㅋㅋㅋㅋㅋㅋㅋㅋㅋㅋㅋㅋㅋㅋㅋㅋㅋ,11,11.0,자우버 또 ㅋㅋㅋㅋㅋㅋㅋㅋㅋㅋㅋ ㅋㅋㅋㅋㅋㅋㅋㅋㅋㅋㅋㅋㅋㅋㅋㅋㅋㅋㅋㅋㅋㅋㅋㅋㅋㅋ,자우버 또 ㅋㅋㅋㅋㅋㅋㅋㅋㅋㅋㅋ ㅋㅋㅋㅋㅋㅋㅋㅋㅋㅋㅋㅋㅋㅋㅋㅋㅋㅋㅋㅋㅋㅋㅋㅋㅋㅋ,0.12033067643642426,0.07141244411468506,0.06103983148932457,0.034408051520586014,0.6894627809524536,0.02334633842110634
2024-03-24 13:15:41,북딱스 멸망 ㅋㅋㅋㅋㅋㅋㅋ,,11,11.0,북딱스 멸망 ㅋㅋㅋㅋㅋㅋㅋ ,북딱스 멸망 ㅋㅋㅋㅋㅋㅋㅋ,0.12663567066192627,0.07891707867383957,0.0630689263343811,0.03708013519644737,0.666589081287384,0.027709146961569786
2024-03-24 13:15:41,보타스 또ㅋㅋㅋ,아휴ㅋㅋ,11,11.0,보타스 또ㅋㅋㅋ 아휴ㅋㅋ,보타스 또ㅋㅋㅋ 아휴ㅋㅋ,0.277607262134552,0.11622768640518188,0.13358496129512787,0.08536364138126373,0.33082813024520874,0.05638832226395607
2024-03-24 13:15:42,또타스 ㅋㅋㅋㅋㅋ,"ㅋㅋㅋㅋ
- dc official App",11,11.0,"또타스 ㅋㅋㅋㅋㅋ ㅋㅋㅋㅋ
- dc official App",또타스 ㅋㅋㅋㅋㅋ ㅋㅋㅋㅋ,0.11360036581754684,0.07223503291606903,0.05815904587507248,0.033268075436353683,0.7008560299873352,0.02188142202794552
2024-03-24 13:15:42,킥은 걍 접어라 ㅋㅋㅋㅋㅋ,,11,11.0,킥은 걍 접어라 ㅋㅋㅋㅋㅋ ,킥은 걍 접어라 ㅋㅋㅋㅋㅋ,0.29196712374687195,0.24205058813095093,0.16943199932575226,0.10434456169605255,0.1095985472202301,0.08260718733072281
2024-03-24 13:15:42,또 보타스야?ㅋㅋㅋㅋㅋ,,11,11.0,또 보타스야?ㅋㅋㅋㅋㅋ ,또 보타스야?ㅋㅋㅋㅋㅋ,0.25255826115608215,0.21004608273506165,0.1072956919670105,0.05384805426001549,0.3044024109840393,0.0718495324254036
2024-03-24 13:15:42,북딱스 또 시작 ㅋㅋㅋㅋ,"시발 ㅋㅋㅋ
- dc official App",11,11.0,"북딱스 또 시작 ㅋㅋㅋㅋ 시발 ㅋㅋㅋ
- dc official App",북딱스 또 시작 ㅋㅋㅋㅋ 시발 ㅋㅋㅋ,0.14348149299621582,0.07279704511165619,0.10104929655790329,0.05875523015856743,0.5933958888053894,0.030521027743816376
2024-03-24 13:15:43,자우버 또 지랄이네 아오,ㅅㅂ,11,11.0,자우버 또 지랄이네 아오 ㅅㅂ,자우버 또 지랄이네 아오 ㅅㅂ,0.20251500606536865,0.09849976748228073,0.309832364320755,0.20601512491703033,0.14615926146507263,0.03697846457362175
2024-03-24 13:15:43,미하하소 나오냐???,타이어 갈려나가는데,11,11.0,미하하소 나오냐??? 타이어 갈려나가는데,미하하소 나오냐??? 타이어 갈려나가는데,0.2622121572494507,0.20805388689041138,0.17511039972305298,0.12487231194972992,0.11679808050394058,0.11295314878225327
2024-03-24 13:15:45,좆우버 시발 ㅋㅋㅋㅋ,"ㅋㅋㅋㅋㅋ
- dc official App",11,11.0,"좆우버 시발 ㅋㅋㅋㅋ ㅋㅋㅋㅋㅋ
- dc official App",좆우버 시발 ㅋㅋㅋㅋ ㅋㅋㅋㅋㅋ,0.2221565693616867,0.13057759404182434,0.3180130124092102,0.15981920063495636,0.12066838145256042,0.048765283077955246
2024-03-24 13:15:46,???: 그래서 내가 노리스 DRS 주면 너가 뭘 할 수 있는데,ㅋㅋㅋㅋㅋㅋ,11,11.0,???: 그래서 내가 노리스 DRS 주면 너가 뭘 할 수 있는데 ㅋㅋㅋㅋㅋㅋ,???: 그래서 내가 노리스 DRS 주면 너가 뭘 할 수 있는데 ㅋㅋㅋㅋㅋㅋ,0.29594647884368896,0.22600258886814117,0.1365801990032196,0.08832667768001556,0.14351998269557953,0.10962408781051636
2024-03-24 13:15:45,또 보타스 너야?,팀한테 원한샀냐,11,11.0,또 보타스 너야? 팀한테 원한샀냐,또 보타스 너야? 팀한테 원한샀냐,0.20400892198085785,0.2679749131202698,0.19575366377830505,0.12238776683807373,0.0734674409031868,0.1364072859287262
2024-03-24 13:15:45,또 또 미친새끼들 ㅋㅋㅋㅋㅋㅋㅋㅋㅋ,,11,11.0,또 또 미친새끼들 ㅋㅋㅋㅋㅋㅋㅋㅋㅋ ,또 또 미친새끼들 ㅋㅋㅋㅋㅋㅋㅋㅋㅋ,0.20822465419769287,0.15582504868507385,0.2859163284301758,0.11704639345407486,0.14733946323394775,0.08564815670251846
2024-03-24 13:15:46,보타스 씹망 ㅋㅋㅋㅋ,,11,11.0,보타스 씹망 ㅋㅋㅋㅋ ,보타스 씹망 ㅋㅋㅋㅋ,0.3085547089576721,0.14030395448207855,0.1915229856967926,0.1830936074256897,0.11410804092884064,0.0624166764318943
2024-03-24 13:15:46,자우버 또 너야?,"도당체
- dc official App",11,11.0,"자우버 또 너야? 도당체
- dc official App",자우버 또 너야? 도당체,0.3023693263530731,0.18402524292469025,0.1694880872964859,0.19271984696388245,0.07699029892683029,0.07440721243619919
2024-03-24 13:15:46,ㅋㅋㅋㅋㅋㅋㅋㅋㅋㅋㅋㅋㅋ보타스 ㅋㅋㅋㅋㅋㅋ,ㅋㅋㅋㅋㅋㅋㅋㅋㅋㅋㅋㅋㅋㅋㅋㅋㅋ,11,11.0,ㅋㅋㅋㅋㅋㅋㅋㅋㅋㅋㅋㅋㅋ보타스 ㅋㅋㅋㅋㅋㅋ ㅋㅋㅋㅋㅋㅋㅋㅋㅋㅋㅋㅋㅋㅋㅋㅋㅋ,ㅋㅋㅋㅋㅋㅋㅋㅋㅋㅋㅋㅋㅋ보타스 ㅋㅋㅋㅋㅋㅋ ㅋㅋㅋㅋㅋㅋㅋㅋㅋㅋㅋㅋㅋㅋㅋㅋㅋ,0.1247112825512886,0.07757534086704254,0.06164031848311424,0.03310704231262207,0.679750919342041,0.023215118795633316
2024-03-24 13:15:46,자우버는 맨날 저 지랄 ㅌㅋㅋ,,11,11.0,자우버는 맨날 저 지랄 ㅌㅋㅋ ,자우버는 맨날 저 지랄 ㅌㅋㅋ,0.20705212652683258,0.13441748917102814,0.3057224154472351,0.1798178255558014,0.11387620866298676,0.059113871306180954
2024-03-24 13:15:47,저새끼들은 ㅅㅂ,ㅋㅋㅋㅋ,11,11.0,저새끼들은 ㅅㅂ ㅋㅋㅋㅋ,저새끼들은 ㅅㅂ ㅋㅋㅋㅋ,0.15098322927951813,0.15989883244037628,0.3304501473903656,0.17187988758087158,0.12694957852363586,0.059838276356458664
2024-03-24 13:15:46,자우버 ㄹㅇ 뭐임? ㅋㅋㅋㅋ,"ㅋㅋㅋㅋㅋㅅㅂ?
- dc official App",11,11.0,"자우버 ㄹㅇ 뭐임? ㅋㅋㅋㅋ ㅋㅋㅋㅋㅋㅅㅂ?
- dc official App",자우버 ㄹㅇ 뭐임? ㅋㅋㅋㅋ ㅋㅋㅋㅋㅋㅅㅂ?,0.2981232702732086,0.19223707914352417,0.19541597366333008,0.15103869140148163,0.08857174962759018,0.07461324334144592
2024-03-24 13:15:47,보타스 PTSDㅋㅋㅋㅋ,- dc official App,11,11.0,보타스 PTSDㅋㅋㅋㅋ - dc official App,보타스 PTSDㅋㅋㅋㅋ - dc official App,0.27341580390930176,0.16732439398765564,0.1783027946949005,0.10673964023590088,0.2024162858724594,0.07180110365152359
2024-03-24 13:15:47,"""보타스의 핏스탑“","ㅋㅋㅋㅋㅋㅋㅋ
- dc official App",11,11.0,"""보타스의 핏스탑“ ㅋㅋㅋㅋㅋㅋㅋ
- dc official App","""보타스의 핏스탑“ ㅋㅋㅋㅋㅋㅋㅋ",0.17400963604450226,0.1131189689040184,0.10354407876729965,0.045723218470811844,0.5295834541320801,0.034020692110061646
2024-03-24 13:15:46,보타스 노이로제걸리겠노ㅋㅋㅋㅋ,,11,11.0,보타스 노이로제걸리겠노ㅋㅋㅋㅋ ,보타스 노이로제걸리겠노ㅋㅋㅋㅋ,0.2553691267967224,0.19565361738204956,0.20456086099147797,0.09437040984630585,0.14804276823997498,0.10200324654579163
2024-03-24 13:15:48,또타스 ㅋㅋㅋ,ㅋㅋㅋ,11,11.0,또타스 ㅋㅋㅋ ㅋㅋㅋ,또타스 ㅋㅋㅋ ㅋㅋㅋ,0.1139761283993721,0.07175249606370926,0.05773309990763664,0.033293381333351135,0.7012470364570618,0.02199787087738514
2024-03-24 13:15:49,야이 개씨발 병시뉴새끼들아,,11,11.0,야이 개씨발 병시뉴새끼들아 ,야이 개씨발 병시뉴새끼들아,0.16998343169689178,0.13576655089855194,0.3085891008377075,0.1916791945695877,0.14985574781894684,0.0441260039806366
2024-03-24 13:15:49,재냬는 맨날 저러냐 병신들,ㅆ,11,11.0,재냬는 맨날 저러냐 병신들 ㅆ,재냬는 맨날 저러냐 병신들 ㅆ,0.17039451003074646,0.15558938682079315,0.30764731764793396,0.20844563841819763,0.10463596135377884,0.05328720062971115
2024-03-24 13:15:49,또 지랄ㅋ ㅋㅋㅋㅋ,아오 ㅄ들,11,11.0,또 지랄ㅋ ㅋㅋㅋㅋ 아오 ㅄ들,또 지랄ㅋ ㅋㅋㅋㅋ 아오 ㅄ들,0.19396477937698364,0.1408655345439911,0.32267260551452637,0.15403009951114655,0.1315591037273407,0.05690790340304375
2024-03-24 13:15:51,또 레프트 프론트 ㅋㅋㅋㅋ,ㅅㅂㅋㅋㅋㅋ,11,11.0,또 레프트 프론트 ㅋㅋㅋㅋ ㅅㅂㅋㅋㅋㅋ,또 레프트 프론트 ㅋㅋㅋㅋ ㅅㅂㅋㅋㅋㅋ,0.28186118602752686,0.1544146090745926,0.21828866004943848,0.09261004626750946,0.1855243593454361,0.06730116903781891
2024-03-24 13:15:51,너트 파괴 ㅋㅋ,ㅋㅋㅋ,11,11.0,너트 파괴 ㅋㅋ ㅋㅋㅋ,너트 파괴 ㅋㅋ ㅋㅋㅋ,0.14349879324436188,0.11054601520299911,0.06841202825307846,0.032247185707092285,0.6158047318458557,0.029491258785128593
2024-03-24 13:15:51,페레즈도 살살 타라고 하려나,셋업문젠지 차문젠지 모르겠네,11,11.0,페레즈도 살살 타라고 하려나 셋업문젠지 차문젠지 모르겠네,페레즈도 살살 타라고 하려나 셋업문젠지 차문젠지 모르겠네,0.29596301913261414,0.2727324366569519,0.12154775112867355,0.14540238678455353,0.10053131729364395,0.06382311880588531
2024-03-24 13:15:51,자우버 으이그..,,11,11.0,자우버 으이그.. ,자우버 으이그..,0.2272862195968628,0.14852295815944672,0.27173563838005066,0.19880028069019318,0.10187007486820221,0.05178481340408325
2024-03-24 13:15:52,좆우버 ㅋㅋㅋㅋ,ㅋㅋ,11,11.0,좆우버 ㅋㅋㅋㅋ ㅋㅋ,좆우버 ㅋㅋㅋㅋ ㅋㅋ,0.1291901022195816,0.07937698811292648,0.07552982121706009,0.03798385336995125,0.6522173881530762,0.025701854377985
2024-03-24 13:15:53,또 보타스야 ㅋㅋㅋㅋ,"마가 꼈나 ㅋㅋㅋ
- dc official App",11,11.0,"또 보타스야 ㅋㅋㅋㅋ 마가 꼈나 ㅋㅋㅋ
- dc official App",또 보타스야 ㅋㅋㅋㅋ 마가 꼈나 ㅋㅋㅋ,0.32284414768218994,0.16321907937526703,0.11762426048517227,0.07104454189538956,0.24116647243499756,0.08410155028104782
2024-03-24 13:15:53,좆우버는 피트스탑이 항상 지랄이노 ㅋㅋㅋ,,11,11.0,좆우버는 피트스탑이 항상 지랄이노 ㅋㅋㅋ ,좆우버는 피트스탑이 항상 지랄이노 ㅋㅋㅋ,0.22056716680526733,0.135584756731987,0.31382986903190613,0.1698026806116104,0.11091262102127075,0.04930293932557106
2024-03-24 13:15:54,자우버는 또지랄이네ㅅㅂㅋㅋ,할때마다 지랄,11,11.0,자우버는 또지랄이네ㅅㅂㅋㅋ 할때마다 지랄,자우버는 또지랄이네ㅅㅂㅋㅋ 할때마다 지랄,0.20292435586452484,0.1114397794008255,0.32228296995162964,0.19280585646629333,0.12276764959096909,0.047779396176338196
2024-03-24 13:15:56,개우버 ㅋㅋㅋㅋ 진짜 미친새끼들 ㅋㅋㅋㅋ,,11,11.0,개우버 ㅋㅋㅋㅋ 진짜 미친새끼들 ㅋㅋㅋㅋ ,개우버 ㅋㅋㅋㅋ 진짜 미친새끼들 ㅋㅋㅋㅋ,0.1562885344028473,0.11318328976631165,0.09390702843666077,0.040529388934373856,0.561512291431427,0.03457951173186302
2024-03-24 13:15:56,시발 아  자우버,- dc official App,11,11.0,시발 아  자우버 - dc official App,시발 아 자우버 - dc official App,0.19125378131866455,0.14246270060539246,0.29386019706726074,0.16659888625144958,0.16546180844306946,0.040362607687711716
2024-03-24 13:15:58,아니씨발 자우버 개새끼들 그냥 접어라,,11,11.0,아니씨발 자우버 개새끼들 그냥 접어라 ,아니씨발 자우버 개새끼들 그냥 접어라,0.2026112675666809,0.11937987804412842,0.29504960775375366,0.20268063247203827,0.143961101770401,0.03631748631596565
2024-03-24 13:15:58,진짜보타스는 무슨죄냐,와,11,11.0,진짜보타스는 무슨죄냐 와,진짜보타스는 무슨죄냐 와,0.2187003642320633,0.2194174975156784,0.20043914020061493,0.16241692006587982,0.11008533835411072,0.08894077688455582
2024-03-24 13:15:59,보타스 억까뒤지네ㅋㅋ,ㅋㅋ,11,11.0,보타스 억까뒤지네ㅋㅋ ㅋㅋ,보타스 억까뒤지네ㅋㅋ ㅋㅋ,0.2202536016702652,0.19581855833530426,0.15498092770576477,0.0654941275715828,0.2954748272895813,0.06797794252634048
2024-03-24 13:16:00,왜 보타스는 맨날 핏스탑이 ㅋㅋㅋㅋㅋ,,11,11.0,왜 보타스는 맨날 핏스탑이 ㅋㅋㅋㅋㅋ ,왜 보타스는 맨날 핏스탑이 ㅋㅋㅋㅋㅋ,0.32749685645103455,0.15036216378211975,0.19108699262142181,0.16032321751117706,0.10497058928012848,0.06576019525527954
2024-03-24 13:16:01,붂딲스 진짜 줄빠따 마렵겠다ㅋㅋㅋㅋㅋ,매경기 뮤ㅓ노,11,11.0,붂딲스 진짜 줄빠따 마렵겠다ㅋㅋㅋㅋㅋ 매경기 뮤ㅓ노,붂딲스 진짜 줄빠따 마렵겠다ㅋㅋㅋㅋㅋ 매경기 뮤ㅓ노,0.24751313030719757,0.16738571226596832,0.22573280334472656,0.09802106022834778,0.1691267341375351,0.09222061187028885
2024-03-24 13:16:01,캬 내 기도가 통했구나,막스 ㅅㅅ,11,11.0,캬 내 기도가 통했구나 막스 ㅅㅅ,캬 내 기도가 통했구나 막스 ㅅㅅ,0.11829772591590881,0.06024923548102379,0.05038731172680855,0.04844577610492706,0.6944141983985901,0.02820575051009655
2024-03-24 13:16:01,자우버 씨발련들아,또 보타스네 시발,11,11.0,자우버 씨발련들아 또 보타스네 시발,자우버 씨발련들아 또 보타스네 시발,0.1975402981042862,0.09865628927946091,0.2960459887981415,0.1983790248632431,0.17231915891170502,0.037059202790260315
2024-03-24 13:16:02,북딱타임 입갤ㅋㅋㅋ,ㅋㅋㅋ,11,11.0,북딱타임 입갤ㅋㅋㅋ ㅋㅋㅋ,북딱타임 입갤ㅋㅋㅋ ㅋㅋㅋ,0.1067560687661171,0.06982605904340744,0.056609202176332474,0.03559993952512741,0.7058887481689453,0.02531994692981243
2024-03-24 13:16:03,아니 이새끼들은 또 ㅋㅋㅋㅋ,"자우버 또 휠넛이냐? ㅋㅋㅋ
이정도면 보타스 안티 아님? ㅋㅋㅋㅋㅋㅋㅋㅋㅋㅋㅋ",11,11.0,"아니 이새끼들은 또 ㅋㅋㅋㅋ 자우버 또 휠넛이냐? ㅋㅋㅋ
이정도면 보타스 안티 아님? ㅋㅋㅋㅋㅋㅋㅋㅋㅋㅋㅋ",아니 이새끼들은 또 ㅋㅋㅋㅋ 자우버 또 휠넛이냐? ㅋㅋㅋ 이정도면 보타스 안티 아님? ㅋㅋㅋㅋㅋㅋㅋㅋㅋㅋㅋ,0.21052764356136322,0.21353952586650848,0.2588537931442261,0.13174957036972046,0.09671270847320557,0.08861672878265381
2024-03-24 13:16:04,자우버 지랄 ㅋㅋㅋㅋㅋㅋㅋㅋ,,11,11.0,자우버 지랄 ㅋㅋㅋㅋㅋㅋㅋㅋ ,자우버 지랄 ㅋㅋㅋㅋㅋㅋㅋㅋ,0.22986069321632385,0.1639762967824936,0.2438783049583435,0.09956318140029907,0.20394304394721985,0.058778416365385056
2024-03-24 13:16:04,보타스는 행복할수가 없어,ㅋㅋㅋㅋ ㅠㅠ,11,11.0,보타스는 행복할수가 없어 ㅋㅋㅋㅋ ㅠㅠ,보타스는 행복할수가 없어 ㅋㅋㅋㅋ ㅠㅠ,0.26767200231552124,0.12233595550060272,0.1531553566455841,0.21439678966999054,0.17280493676662445,0.06963488459587097
2024-03-24 13:16:06,보타스머리다빠지겠다시발ㅋㅋㅋㅋ,ㅋㅋㅋㅋㅋㅋㅋㅋ,11,11.0,보타스머리다빠지겠다시발ㅋㅋㅋㅋ ㅋㅋㅋㅋㅋㅋㅋㅋ,보타스머리다빠지겠다시발ㅋㅋㅋㅋ ㅋㅋㅋㅋㅋㅋㅋㅋ,0.205374076962471,0.10891414433717728,0.31337225437164307,0.16408595442771912,0.15245123207569122,0.05580238625407219
2024-03-24 13:16:08,빰 빰빰 빠바바바밤 빠바밤 빠....,"어? 여기가 아니네?
미리 예습하도록 하자ㅋㅋㅋ
https://youtu.be/AwogDo2H4DI?si=Kjp2kr0PP_6RVXgc
[한글 자막] Inno di Mameli (마멜리 찬가, 이탈리아의 국가)
[한글 자막] Inno di Mameli (마멜리 찬가, 이탈리아의 국가)
youtu.be
https://youtu.be/X1reJrDCiJA?si=8A3N17tZyuJurKgg
스페인의 국가 (가사 해석) - Anthem Spain (ES/Korean lyrics)
마르차 레알 - Marcha Real---이 곡은 세계에서 가장 오래된 국가 중 하나이다. 이 노래는 1761년 마누엘 데 에스피노사 델로스 몬테로스가 발간한 어느 책에서 처음 발견되었다. 그것은 프로이센의 왕과 영국 국왕 등으로부터 선물로 간주되어 왔다.공화정 때에는 리에고의 노...
youtu.be",11,11.0,"빰 빰빰 빠바바바밤 빠바밤 빠.... 어? 여기가 아니네?
미리 예습하도록 하자ㅋㅋㅋ
https://youtu.be/AwogDo2H4DI?si=Kjp2kr0PP_6RVXgc
[한글 자막] Inno di Mameli (마멜리 찬가, 이탈리아의 국가)
[한글 자막] Inno di Mameli (마멜리 찬가, 이탈리아의 국가)
youtu.be
https://youtu.be/X1reJrDCiJA?si=8A3N17tZyuJurKgg
스페인의 국가 (가사 해석) - Anthem Spain (ES/Korean lyrics)
마르차 레알 - Marcha Real---이 곡은 세계에서 가장 오래된 국가 중 하나이다. 이 노래는 1761년 마누엘 데 에스피노사 델로스 몬테로스가 발간한 어느 책에서 처음 발견되었다. 그것은 프로이센의 왕과 영국 국왕 등으로부터 선물로 간주되어 왔다.공화정 때에는 리에고의 노...
youtu.be","빰 빰빰 빠바바바밤 빠바밤 빠.... 어? 여기가 아니네? 미리 예습하도록 하자ㅋㅋㅋ [한글 자막] Inno di Mameli (마멜리 찬가, 이탈리아의 국가) [한글 자막] Inno di Mameli (마멜리 찬가, 이탈리아의 국가) youtu.be 스페인의 국가 (가사 해석) - Anthem Spain (ES/Korean lyrics) 마르차 레알 - Marcha Real---이 곡은 세계에서 가장 오래된 국가 중 하나이다. 이 노래는 1761년 마누엘 데 에스피노사 델로스 몬테로스가 발간한 어느 책에서 처음 발견되었다. 그것은 프로이센의 왕과 영국 국왕 등으로부터 선물로 간주되어 왔다.공화정 때에는 리에고의 노... youtu.be",0.16150683164596558,0.1473630964756012,0.08161555230617523,0.04080921784043312,0.5332124829292297,0.03549278900027275
2024-03-24 13:16:09,느낌 개좋다 입갤 ㅋㅋㅋ,ㅅㅅ,11,11.0,느낌 개좋다 입갤 ㅋㅋㅋ ㅅㅅ,느낌 개좋다 입갤 ㅋㅋㅋ ㅅㅅ,0.10679648816585541,0.0650586411356926,0.05485948920249939,0.039566297084093094,0.7060680389404297,0.02765101008117199
2024-03-24 13:16:09,자우버 ㅋㅋ,존나 웃기네,11,11.0,자우버 ㅋㅋ 존나 웃기네,자우버 ㅋㅋ 존나 웃기네,0.15007005631923676,0.10644550621509552,0.07448747009038925,0.03620809316635132,0.6054039001464844,0.02738494612276554
2024-03-24 13:16:11,사인지 우승선언ㅋㅋㅋㅋㅋㅋㅋㅋㅋㅋ,,11,11.0,사인지 우승선언ㅋㅋㅋㅋㅋㅋㅋㅋㅋㅋ ,사인지 우승선언ㅋㅋㅋㅋㅋㅋㅋㅋㅋㅋ,0.11180335283279419,0.07732830196619034,0.0540347583591938,0.030631888657808304,0.7001239061355591,0.026077821850776672
2024-03-24 13:16:11,아니 씨발 10위로 잘 달리던 놈을 개 씨발 병신팀 진짜,,11,11.0,아니 씨발 10위로 잘 달리던 놈을 개 씨발 병신팀 진짜 ,아니 씨발 10위로 잘 달리던 놈을 개 씨발 병신팀 진짜,0.20756341516971588,0.13894017040729523,0.30373677611351013,0.191997691988945,0.10670653730630875,0.05105545371770859
2024-03-24 13:16:11,또 좆우버 또 보타스 ㅋㅋㅋ,ㅋㅋㄱ,11,11.0,또 좆우버 또 보타스 ㅋㅋㅋ ㅋㅋㄱ,또 좆우버 또 보타스 ㅋㅋㅋ ㅋㅋㄱ,0.143629789352417,0.08473815023899078,0.0925532877445221,0.043581534177064896,0.6058070659637451,0.029690207913517952
2024-03-24 13:16:13,이쯤되면 보타스가 문제임,"ㅋㅋㅋㅋㅋㅋㅋㅋㅋ
- dc official App",12,12.0,"이쯤되면 보타스가 문제임 ㅋㅋㅋㅋㅋㅋㅋㅋㅋ
- dc official App",이쯤되면 보타스가 문제임 ㅋㅋㅋㅋㅋㅋㅋㅋㅋ,0.291172057390213,0.20628274977207184,0.19865229725837708,0.11484526097774506,0.09348411858081818,0.09556359052658081
2024-03-24 13:16:13,카 필스 베리 굿,ㅇㅇ,12,12.0,카 필스 베리 굿 ㅇㅇ,카 필스 베리 굿 ㅇㅇ,0.11717494577169418,0.05927422642707825,0.05529296398162842,0.04602017626166344,0.697124183177948,0.025113612413406372
2024-03-24 13:16:14,캬 사인츠 유관행동ㅋㅋㅋㅋ,ㅋㅋㅋㅋ,12,12.0,캬 사인츠 유관행동ㅋㅋㅋㅋ ㅋㅋㅋㅋ,캬 사인츠 유관행동ㅋㅋㅋㅋ ㅋㅋㅋㅋ,0.12235444784164429,0.09443099796772003,0.05942091718316078,0.029024330899119377,0.6685327887535095,0.026236575096845627
2024-03-24 13:16:15,이쯤되면 보타스가 문제다 ㅋㅋㅋㅋㅋㅋ,휠넛암흑기운ㅋㅋㅋㅋㅋ,12,12.0,이쯤되면 보타스가 문제다 ㅋㅋㅋㅋㅋㅋ 휠넛암흑기운ㅋㅋㅋㅋㅋ,이쯤되면 보타스가 문제다 ㅋㅋㅋㅋㅋㅋ 휠넛암흑기운ㅋㅋㅋㅋㅋ,0.3332214653491974,0.14739592373371124,0.17612162232398987,0.13350637257099152,0.1175597533583641,0.09219487011432648
2024-03-24 13:16:15,자우버 해버리기,"저건좀ㅋㅋ
- dc official App",12,12.0,"자우버 해버리기 저건좀ㅋㅋ
- dc official App",자우버 해버리기 저건좀ㅋㅋ,0.3436073660850525,0.1630198210477829,0.18254762887954712,0.11882093548774719,0.10395627468824387,0.08804801106452942
2024-03-24 13:16:16,ㅅㅂ 무슨 보타스 왕따시키냐ㅋㅋㅋㅋㅋ,개너무하네 시즌시작한지 얼마나됬다고 피트스탑 조진게 몇번이야ㅋㅋㅋㅋ,12,12.0,ㅅㅂ 무슨 보타스 왕따시키냐ㅋㅋㅋㅋㅋ 개너무하네 시즌시작한지 얼마나됬다고 피트스탑 조진게 몇번이야ㅋㅋㅋㅋ,ㅅㅂ 무슨 보타스 왕따시키냐ㅋㅋㅋㅋㅋ 개너무하네 시즌시작한지 얼마나됬다고 피트스탑 조진게 몇번이야ㅋㅋㅋㅋ,0.21976324915885925,0.152709499001503,0.2770075798034668,0.18105806410312653,0.1045788824558258,0.06488267332315445
2024-03-24 13:16:18,자우버 시발 휠건좀 바꾸지,아오,12,12.0,자우버 시발 휠건좀 바꾸지 아오,자우버 시발 휠건좀 바꾸지 아오,0.24818921089172363,0.1046619862318039,0.2775881588459015,0.19688010215759277,0.14008282124996185,0.03259774297475815
2024-03-24 13:16:20,"르끌, 피아제 핏인",,12,12.0,"르끌, 피아제 핏인 ","르끌, 피아제 핏인",0.26283130049705505,0.23435387015342712,0.1122811883687973,0.0805758535861969,0.2590945363044739,0.050863269716501236
2024-03-24 13:16:20,징징거리는건 일절 없는 대 인 츠,"캬
- dc official App",12,12.0,"징징거리는건 일절 없는 대 인 츠 캬
- dc official App",징징거리는건 일절 없는 대 인 츠 캬,0.22690042853355408,0.1721276491880417,0.08678915351629257,0.09942430257797241,0.3330896198749542,0.08166883140802383
2024-03-24 13:16:19,자우버 <-- 이 씨발련들은 걍 F1을 하기가 싫음 ㅇㅇ,그거 아니면 설명이 불가능임,12,12.0,자우버 <-- 이 씨발련들은 걍 F1을 하기가 싫음 ㅇㅇ 그거 아니면 설명이 불가능임,자우버 <-- 이 씨발련들은 걍 F1을 하기가 싫음 ㅇㅇ 그거 아니면 설명이 불가능임,0.16668502986431122,0.14170041680335999,0.3196023404598236,0.22868166863918304,0.09083367139101028,0.052496906369924545
2024-03-24 13:16:24,스무스 오퍼레이터 우승선언ㄷㄷㄷ,,12,12.0,스무스 오퍼레이터 우승선언ㄷㄷㄷ ,스무스 오퍼레이터 우승선언ㄷㄷㄷ,0.1791359782218933,0.19256742298603058,0.06638062745332718,0.030009901151061058,0.4721395969390869,0.05976646766066551
2024-03-24 13:16:26,아 씻으러가야지,안봐잇,12,12.0,아 씻으러가야지 안봐잇,아 씻으러가야지 안봐잇,0.30360743403434753,0.10584299266338348,0.19404815137386322,0.14187093079090118,0.19383929669857025,0.06079116836190224
2024-03-24 13:16:36,2.2 캬,,12,12.0,2.2 캬 ,2.2 캬,0.17764529585838318,0.21367891132831573,0.09964458644390106,0.04405338317155838,0.41017428040504456,0.05480353534221649
2024-03-24 13:16:37,2.2시발ㅋㅋㅋ,,12,12.0,2.2시발ㅋㅋㅋ ,2.2시발ㅋㅋㅋ,0.21679434180259705,0.13089580833911896,0.30915623903274536,0.1521468162536621,0.130426287651062,0.06058047339320183
2024-03-24 13:16:39,이쯤되면 보타스가 문제인게 맞다 왜 보타스만 ㅋㅋㅋㅋ,먼가 피트크루한테 밉보인거임,12,12.0,이쯤되면 보타스가 문제인게 맞다 왜 보타스만 ㅋㅋㅋㅋ 먼가 피트크루한테 밉보인거임,이쯤되면 보타스가 문제인게 맞다 왜 보타스만 ㅋㅋㅋㅋ 먼가 피트크루한테 밉보인거임,0.2397175431251526,0.28878286480903625,0.16144120693206787,0.14545589685440063,0.06745802611112595,0.09714444726705551
2024-03-24 13:16:40,저 병신들 빠따좀,씨발진짜,12,12.0,저 병신들 빠따좀 씨발진짜,저 병신들 빠따좀 씨발진짜,0.14983625710010529,0.1306217610836029,0.3107292056083679,0.18763966858386993,0.17453761398792267,0.04663543775677681
2024-03-24 13:16:40,핏스탑도 섹스 ㅅㅅ,,12,12.0,핏스탑도 섹스 ㅅㅅ ,핏스탑도 섹스 ㅅㅅ,0.11444157361984253,0.07646027207374573,0.06947474181652069,0.036337271332740784,0.6766781806945801,0.026607947424054146
2024-03-24 13:16:40,순위표 왜이렇게 아름답지,"감동스럽다
페맥패맥",12,12.0,"순위표 왜이렇게 아름답지 감동스럽다
페맥패맥",순위표 왜이렇게 아름답지 감동스럽다 페맥패맥,0.14676472544670105,0.08112028986215591,0.05874256789684296,0.04112612456083298,0.639477014541626,0.03276939317584038
2024-03-24 13:16:42,대라리 2.2 ㄷㄷㄷㄷ,오늘 폼 좋노,12,12.0,대라리 2.2 ㄷㄷㄷㄷ 오늘 폼 좋노,대라리 2.2 ㄷㄷㄷㄷ 오늘 폼 좋노,0.14073410630226135,0.10279106348752975,0.05390435829758644,0.034544020891189575,0.6286792755126953,0.03934711962938309
2024-03-24 13:16:43,피아제 언더컷시전 ㄷㄷㄷㄷ,ㄷㄷㄷㄷ,12,12.0,피아제 언더컷시전 ㄷㄷㄷㄷ ㄷㄷㄷㄷ,피아제 언더컷시전 ㄷㄷㄷㄷ ㄷㄷㄷㄷ,0.20898520946502686,0.29882505536079407,0.1753106266260147,0.09422937035560608,0.10008572787046432,0.12256404012441635
2024-03-24 13:16:43,페라리 대 맥라렌 개꿀잼ㅋㅋㅋㅋㅋ,ㅋㅋ,12,12.0,페라리 대 맥라렌 개꿀잼ㅋㅋㅋㅋㅋ ㅋㅋ,페라리 대 맥라렌 개꿀잼ㅋㅋㅋㅋㅋ ㅋㅋ,0.10883884876966476,0.06358855217695236,0.05780605599284172,0.03542384132742882,0.7108168005943298,0.023525824770331383
2024-03-24 13:16:44,2.2 씹 ㅋㅋㅋㅋ,페라리 정신차렸냐,12,12.0,2.2 씹 ㅋㅋㅋㅋ 페라리 정신차렸냐,2.2 씹 ㅋㅋㅋㅋ 페라리 정신차렸냐,0.24339307844638824,0.2472025454044342,0.19449260830879211,0.09455928951501846,0.09926313906908035,0.12108927965164185
2024-03-24 13:16:45,캬 오늘 페라리 왜 이러냐,핏스탑 찐빠까지 없다니,12,12.0,캬 오늘 페라리 왜 이러냐 핏스탑 찐빠까지 없다니,캬 오늘 페라리 왜 이러냐 핏스탑 찐빠까지 없다니,0.3146458566188812,0.18232667446136475,0.147651806473732,0.17536164820194244,0.095680370926857,0.0843336284160614
2024-03-24 13:16:46,페라리 오능 핏스탑도 괜찮네,- dc official App,12,12.0,페라리 오능 핏스탑도 괜찮네 - dc official App,페라리 오능 핏스탑도 괜찮네 - dc official App,0.16203688085079193,0.1341303586959839,0.06477949023246765,0.04108424112200737,0.561790406703949,0.03617861866950989
2024-03-24 13:16:48,헐크 5위ㄷㄷ,- dc official App,12,12.0,헐크 5위ㄷㄷ - dc official App,헐크 5위ㄷㄷ - dc official App,0.2067348062992096,0.32061925530433655,0.09926233440637589,0.03878781944513321,0.24175874888896942,0.09283702075481415
2024-03-24 13:16:49,페라리가 2.2초?????????,진짜 티포시의 주말이냐?,12,12.0,페라리가 2.2초????????? 진짜 티포시의 주말이냐?,페라리가 2.2초????????? 진짜 티포시의 주말이냐?,0.21462516486644745,0.32961806654930115,0.1488335132598877,0.0720045417547226,0.11065889149904251,0.12425978481769562
2024-03-24 13:16:49,몽골팬인데도 꿀잼각에 설렌다,"예전엔 막스 리타하면 걍 경기 껐는데
워낙 오랜만이라 설레네
연승기록이랑 완주기록 깨진건 아쉬운데
레이스에서 경쟁해서 막스가 지는건 빡치는데
이건 걍 즐겁게 우승경쟁하는거 볼수있어서
걍 오랜만의 꿀잼각에 설레는중",12,12.0,"몽골팬인데도 꿀잼각에 설렌다 예전엔 막스 리타하면 걍 경기 껐는데
워낙 오랜만이라 설레네
연승기록이랑 완주기록 깨진건 아쉬운데
레이스에서 경쟁해서 막스가 지는건 빡치는데
이건 걍 즐겁게 우승경쟁하는거 볼수있어서
걍 오랜만의 꿀잼각에 설레는중",몽골팬인데도 꿀잼각에 설렌다 예전엔 막스 리타하면 걍 경기 껐는데 워낙 오랜만이라 설레네 연승기록이랑 완주기록 깨진건 아쉬운데 레이스에서 경쟁해서 막스가 지는건 빡치는데 이건 걍 즐겁게 우승경쟁하는거 볼수있어서 걍 오랜만의 꿀잼각에 설레는중,0.12756775319576263,0.057508550584316254,0.054276831448078156,0.04346490651369095,0.6870500445365906,0.03013189136981964
2024-03-24 13:16:51,타이어 활활타노 ㄷㄷㄷ,이게 39도의 힘인가,12,12.0,타이어 활활타노 ㄷㄷㄷ 이게 39도의 힘인가,타이어 활활타노 ㄷㄷㄷ 이게 39도의 힘인가,0.20887678861618042,0.33045506477355957,0.12327723950147629,0.06255076080560684,0.14988909661769867,0.12495107203722
2024-03-24 13:16:50,씨팔 황라리 가즈아!!!!!,"아오 몽골 하나 빠졌다고 재밌어지네 ㅋㅋㅋㅋ시팔
- dc official App",12,12.0,"씨팔 황라리 가즈아!!!!! 아오 몽골 하나 빠졌다고 재밌어지네 ㅋㅋㅋㅋ시팔
- dc official App",씨팔 황라리 가즈아!!!!! 아오 몽골 하나 빠졌다고 재밌어지네 ㅋㅋㅋㅋ시팔,0.12994225323200226,0.07198812067508698,0.08918178826570511,0.04944227635860443,0.6307835578918457,0.02866198681294918
2024-03-24 13:16:57,내가 알던 페라리가 아닌거같은데?,"각성 페라리네
- dc official App",12,12.0,"내가 알던 페라리가 아닌거같은데? 각성 페라리네
- dc official App",내가 알던 페라리가 아닌거같은데? 각성 페라리네,0.206864133477211,0.3662205636501312,0.1281754970550537,0.06398209929466248,0.12216360121965408,0.1125941053032875
2024-03-24 13:16:58,아오 캐시앱련들 개느리네 피트,,12,12.0,아오 캐시앱련들 개느리네 피트 ,아오 캐시앱련들 개느리네 피트,0.2117694467306137,0.12919466197490692,0.324758380651474,0.1546979695558548,0.13029935956001282,0.04928019270300865
2024-03-24 13:16:58,강 오늘 페라리 날이노 ㅋㅋㅋㅋ 2.2,ㅅㅅㅅㅅ,12,12.0,강 오늘 페라리 날이노 ㅋㅋㅋㅋ 2.2 ㅅㅅㅅㅅ,강 오늘 페라리 날이노 ㅋㅋㅋㅋ 2.2 ㅅㅅㅅㅅ,0.10697416216135025,0.06064319983124733,0.05594339966773987,0.03570833429694176,0.7177536487579346,0.022977231070399284
2024-03-24 13:17:02,페라리 진짜 킹기다,ㅋㅋ,12,12.0,페라리 진짜 킹기다 ㅋㅋ,페라리 진짜 킹기다 ㅋㅋ,0.15237274765968323,0.11954155564308167,0.06138936057686806,0.0324014313519001,0.5969868302345276,0.03730807825922966
2024-03-24 13:17:02,페라리 ㅁㅊ다 ㅋㅋㅋㅋ,ㅋㅋㅋㅋ123,12,12.0,페라리 ㅁㅊ다 ㅋㅋㅋㅋ ㅋㅋㅋㅋ123,페라리 ㅁㅊ다 ㅋㅋㅋㅋ ㅋㅋㅋㅋ123,0.1387641429901123,0.1185770332813263,0.06409438699483871,0.031000938266515732,0.6148723363876343,0.032691191881895065
2024-03-24 13:17:03,막가놈없으니까존나치열하놐ㅋ,이게f1이지,12,12.0,막가놈없으니까존나치열하놐ㅋ 이게f1이지,막가놈없으니까존나치열하놐ㅋ 이게f1이지,0.2312314510345459,0.23033854365348816,0.15271416306495667,0.05915586277842522,0.2252785563468933,0.10128153860569
2024-03-24 13:17:04,자우버 <-- 이름이랑 색 병신되더니 다른것도 병신 됨,,12,12.0,자우버 <-- 이름이랑 색 병신되더니 다른것도 병신 됨 ,자우버 <-- 이름이랑 색 병신되더니 다른것도 병신 됨,0.23023539781570435,0.25691014528274536,0.224229097366333,0.14309458434581757,0.07293395698070526,0.07259682565927505
2024-03-24 13:17:05,황라리 미쳤다 ㄹㅇ,ㅋㅋ,12,12.0,황라리 미쳤다 ㄹㅇ ㅋㅋ,황라리 미쳤다 ㄹㅇ ㅋㅋ,0.13833943009376526,0.1040111631155014,0.058354973793029785,0.032288070768117905,0.6319732666015625,0.03503310680389404
2024-03-24 13:17:06,사인츠 존나 빠르네 ㄷㄷ 누리스가 못 따라가,,12,12.0,사인츠 존나 빠르네 ㄷㄷ 누리스가 못 따라가 ,사인츠 존나 빠르네 ㄷㄷ 누리스가 못 따라가,0.20410270988941193,0.35144197940826416,0.11381807178258896,0.04858340695500374,0.16830193996429443,0.11375188827514648
2024-03-24 13:17:07,오늘 재미있네,막스 없으니,12,12.0,오늘 재미있네 막스 없으니,오늘 재미있네 막스 없으니,0.13037316501140594,0.05869266390800476,0.06755820661783218,0.052187222987413406,0.6679474711418152,0.023241346701979637
2024-03-24 13:17:13,헐크 원스탑가자 제발,ㅍㅍ,12,12.0,헐크 원스탑가자 제발 ㅍㅍ,헐크 원스탑가자 제발 ㅍㅍ,0.26018282771110535,0.1226656436920166,0.18567800521850586,0.15630893409252167,0.1970471739768982,0.07811746746301651
2024-03-24 13:17:13,순위표에 ver out 왤케 생소하노 ㅋㅋ,ㅋㅋㅋ,12,12.0,순위표에 ver out 왤케 생소하노 ㅋㅋ ㅋㅋㅋ,순위표에 ver out 왤케 생소하노 ㅋㅋ ㅋㅋㅋ,0.26981377601623535,0.2839473485946655,0.09890604764223099,0.04638528451323509,0.22888776659965515,0.07205981761217117
2024-03-24 13:17:15,의챈ㅋㅋㅋㅋ,ㅋㅋㅋ,12,12.0,의챈ㅋㅋㅋㅋ ㅋㅋㅋ,의챈ㅋㅋㅋㅋ ㅋㅋㅋ,0.12151937931776047,0.0794392004609108,0.05744919925928116,0.03170700743794441,0.6849433183670044,0.024941887706518173
2024-03-24 13:17:15,내가 또 아파트에서 뛰어내릴 주딱이면 ㄱㅊ ㅋㅋㅋㅋ,,12,12.0,내가 또 아파트에서 뛰어내릴 주딱이면 ㄱㅊ ㅋㅋㅋㅋ ,내가 또 아파트에서 뛰어내릴 주딱이면 ㄱㅊ ㅋㅋㅋㅋ,0.25150278210639954,0.14273183047771454,0.13351555168628693,0.09211906045675278,0.29952386021614075,0.08060700446367264
2024-03-24 13:17:18,근데 알핀 무슨일임 왠일로 잘달리농ㅋㅋ,ㅋㅋㅋㅋㅁㄴㅇ,12,12.0,근데 알핀 무슨일임 왠일로 잘달리농ㅋㅋ ㅋㅋㅋㅋㅁㄴㅇ,근데 알핀 무슨일임 왠일로 잘달리농ㅋㅋ ㅋㅋㅋㅋㅁㄴㅇ,0.14388611912727356,0.12153664976358414,0.05617162957787514,0.03047255240380764,0.611441969871521,0.036491092294454575
2024-03-24 13:17:23,막스 이새끼 옷 갈아입는거도 빠르노,,12,12.0,막스 이새끼 옷 갈아입는거도 빠르노 ,막스 이새끼 옷 갈아입는거도 빠르노,0.19393698871135712,0.3217397928237915,0.13072322309017181,0.04770224541425705,0.18499083817005157,0.12090694904327393
2024-03-24 13:17:26,오콘 시발 알본 오버컷할뻔 ㅋㅋㅋㅋㅋㅋ,ㅋㅋㅋㅋㅋㅋㅋㅋ,12,12.0,오콘 시발 알본 오버컷할뻔 ㅋㅋㅋㅋㅋㅋ ㅋㅋㅋㅋㅋㅋㅋㅋ,오콘 시발 알본 오버컷할뻔 ㅋㅋㅋㅋㅋㅋ ㅋㅋㅋㅋㅋㅋㅋㅋ,0.3053399622440338,0.14483948051929474,0.16973042488098145,0.08890070766210556,0.21350820362567902,0.07768120616674423
2024-03-24 13:17:34,좃물탕ㅋㅋㅋㅋ,ㅋㅋㅋ,12,12.0,좃물탕ㅋㅋㅋㅋ ㅋㅋㅋ,좃물탕ㅋㅋㅋㅋ ㅋㅋㅋ,0.17089633643627167,0.12761034071445465,0.11609301716089249,0.04392071068286896,0.5024905800819397,0.038989003747701645
2024-03-24 13:17:35,자우버는 휠건이나 휠너트 납품비리라도 있냐 ㅋㅋㅋ,한 두번도 아니고 씹년들이 ㅋㅋ,13,13.0,자우버는 휠건이나 휠너트 납품비리라도 있냐 ㅋㅋㅋ 한 두번도 아니고 씹년들이 ㅋㅋ,자우버는 휠건이나 휠너트 납품비리라도 있냐 ㅋㅋㅋ 한 두번도 아니고 씹년들이 ㅋㅋ,0.18664126098155975,0.15966449677944183,0.311972439289093,0.18126249313354492,0.11023472249507904,0.0502246730029583
2024-03-24 13:17:35,의첸 막스 ㅋㅋㅋ,,13,13.0,의첸 막스 ㅋㅋㅋ ,의첸 막스 ㅋㅋㅋ,0.1279953122138977,0.092482790350914,0.06640215963125229,0.03123338520526886,0.6537371873855591,0.028149191290140152
2024-03-24 13:17:38,좆물탕 ㅋㅋㅋㅋㅋ,ㅋㅋㅋㅋㅇ,13,13.0,좆물탕 ㅋㅋㅋㅋㅋ ㅋㅋㅋㅋㅇ,좆물탕 ㅋㅋㅋㅋㅋ ㅋㅋㅋㅋㅇ,0.17418666183948517,0.12795507907867432,0.13742849230766296,0.05121447518467903,0.46633222699165344,0.04288309067487717
2024-03-24 13:17:39,좆물탕;;;;,;;,13,13.0,좆물탕;;;; ;;,좆물탕;;;; ;;,0.16652442514896393,0.24555137753486633,0.24792975187301636,0.13014176487922668,0.1125253364443779,0.09732737392187119
2024-03-24 13:17:40,몽골 오늘 개꿀인점,샤워는 안해도 될듯 ㅋㅋ,13,13.0,몽골 오늘 개꿀인점 샤워는 안해도 될듯 ㅋㅋ,몽골 오늘 개꿀인점 샤워는 안해도 될듯 ㅋㅋ,0.12383663654327393,0.0612308494746685,0.0635819360613823,0.05234747752547264,0.6720255017280579,0.026977544650435448
2024-03-24 13:17:41,❗+❗+기습 범부❗+❗+,- dc official App,13,13.0,❗+❗+기습 범부❗+❗+ - dc official App,❗+❗+기습 범부❗+❗+ - dc official App,0.17000612616539001,0.1527957320213318,0.07950620353221893,0.04936681687831879,0.5181211829185486,0.030203869566321373
2024-03-24 13:17:42,아니 물탕형 제발..,,13,13.0,아니 물탕형 제발.. ,아니 물탕형 제발..,0.23665271699428558,0.1763344705104828,0.13007837533950806,0.14780138432979584,0.21274563670158386,0.09638740867376328
2024-03-24 13:17:42,개씨발탕 ㅋㅋㅋㅋ,"은퇴해 씹련아
- dc official App",13,13.0,"개씨발탕 ㅋㅋㅋㅋ 은퇴해 씹련아
- dc official App",개씨발탕 ㅋㅋㅋㅋ 은퇴해 씹련아,0.1651505082845688,0.1302439123392105,0.31354209780693054,0.15976469218730927,0.17932289838790894,0.05197593569755554
2024-03-24 13:17:43,막가 호너 찾는중,호너 개새끼 어딨노,13,13.0,막가 호너 찾는중 호너 개새끼 어딨노,막가 호너 찾는중 호너 개새끼 어딨노,0.28078243136405945,0.19746702909469604,0.188799187541008,0.13303729891777039,0.11335521936416626,0.08655881136655807
2024-03-24 13:17:44,물탕이 개씹 퇴물련 왜 데려오노,,13,13.0,물탕이 개씹 퇴물련 왜 데려오노 ,물탕이 개씹 퇴물련 왜 데려오노,0.18432052433490753,0.15733541548252106,0.3273531496524811,0.16100943088531494,0.11302055418491364,0.05696093663573265
2024-03-24 13:17:46,실시간 병신,"하필 빈집털이 가능할 때
페널티 쳐먹은 새끼",13,13.0,"실시간 병신 하필 빈집털이 가능할 때
페널티 쳐먹은 새끼",실시간 병신 하필 빈집털이 가능할 때 페널티 쳐먹은 새끼,0.18297001719474792,0.15389783680438995,0.2981685698032379,0.14077144861221313,0.14579805731773376,0.0783940851688385
2024-03-24 13:17:46,아오 물탕시치야ㅋㅋㅋㅋ,- dc official App,13,13.0,아오 물탕시치야ㅋㅋㅋㅋ - dc official App,아오 물탕시치야ㅋㅋㅋㅋ - dc official App,0.12598225474357605,0.08433306962251663,0.06939854472875595,0.03362397849559784,0.661596417427063,0.02506568655371666
2024-03-24 13:17:47,원래 이렇게 빨리 피트인 함?,ㅇㅇ,13,13.0,원래 이렇게 빨리 피트인 함? ㅇㅇ,원래 이렇게 빨리 피트인 함? ㅇㅇ,0.22831575572490692,0.31853368878364563,0.1014559417963028,0.043789129704236984,0.21483558416366577,0.09306997060775757
2024-03-24 13:17:51,자우버 저새끼들은 그냥 F1의 수치아니냐,아 씨발,13,13.0,자우버 저새끼들은 그냥 F1의 수치아니냐 아 씨발,자우버 저새끼들은 그냥 F1의 수치아니냐 아 씨발,0.16413484513759613,0.13923566043376923,0.326797217130661,0.20640836656093597,0.11623793840408325,0.0471859909594059
2024-03-24 13:17:53,퇴물탕ㅋㅋㅋㅋㅋㅋㅋㅋㅋ,뭐하노,13,13.0,퇴물탕ㅋㅋㅋㅋㅋㅋㅋㅋㅋ 뭐하노,퇴물탕ㅋㅋㅋㅋㅋㅋㅋㅋㅋ 뭐하노,0.24600626528263092,0.23843400180339813,0.17454436421394348,0.06760910898447037,0.19670777022838593,0.07669851183891296
2024-03-24 13:17:54,알파로메오란 이름이ㅜ빠져서 다행이다 이ㅜ씨발,,13,13.0,알파로메오란 이름이ㅜ빠져서 다행이다 이ㅜ씨발 ,알파로메오란 이름이ㅜ빠져서 다행이다 이ㅜ씨발,0.24755175411701202,0.08492886275053024,0.22856394946575165,0.19049416482448578,0.2029593288898468,0.04550193250179291
2024-03-24 13:17:55,막스 리타햇대서 작년 싱가폴 이후로 첨 경기본다 ㅋㅋ,재밋구먼 ㅎㅎ,13,13.0,막스 리타햇대서 작년 싱가폴 이후로 첨 경기본다 ㅋㅋ 재밋구먼 ㅎㅎ,막스 리타햇대서 작년 싱가폴 이후로 첨 경기본다 ㅋㅋ 재밋구먼 ㅎㅎ,0.12508930265903473,0.06993408501148224,0.05564381554722786,0.03326037898659706,0.6916067600250244,0.024465665221214294
2024-03-24 13:17:55,진짜 대인츠 재계약 가나,물탕이 망해도 너무 망하는데,13,13.0,진짜 대인츠 재계약 가나 물탕이 망해도 너무 망하는데,진짜 대인츠 재계약 가나 물탕이 망해도 너무 망하는데,0.22617053985595703,0.30710935592651367,0.1388525813817978,0.12857183814048767,0.08182928711175919,0.11746639758348465
2024-03-24 13:17:56,사인츠 버리고 좆물탕 ㅋㅋㅋㅋㅋ,ㅋㅋㅋ,13,13.0,사인츠 버리고 좆물탕 ㅋㅋㅋㅋㅋ ㅋㅋㅋ,사인츠 버리고 좆물탕 ㅋㅋㅋㅋㅋ ㅋㅋㅋ,0.22717417776584625,0.15960218012332916,0.25244131684303284,0.09524988383054733,0.1926010400056839,0.07293137907981873
2024-03-24 13:17:56,25년도 좆된 거 같은 바수르만 개추ㅋㅋㅋ,시발 좆물탕ㅋㅋㅋㅋ,13,13.0,25년도 좆된 거 같은 바수르만 개추ㅋㅋㅋ 시발 좆물탕ㅋㅋㅋㅋ,25년도 좆된 거 같은 바수르만 개추ㅋㅋㅋ 시발 좆물탕ㅋㅋㅋㅋ,0.19977766275405884,0.1107403114438057,0.29110220074653625,0.1299748718738556,0.20060278475284576,0.06780213862657547
2024-03-24 13:17:58,그냥 존나 재밌네 오늘 ㅋㅋㅋㅋㅋㅋㅋㅋㅋㅋㅋ,DnD,13,13.0,그냥 존나 재밌네 오늘 ㅋㅋㅋㅋㅋㅋㅋㅋㅋㅋㅋ DnD,그냥 존나 재밌네 오늘 ㅋㅋㅋㅋㅋㅋㅋㅋㅋㅋㅋ DnD,0.11286379396915436,0.0610235221683979,0.0591462142765522,0.03893941268324852,0.7041465640068054,0.023880485445261
2024-03-24 13:18:01,병신,존재감도 없노,13,13.0,병신 존재감도 없노,병신 존재감도 없노,0.3074231743812561,0.19153837859630585,0.18048734962940216,0.16909904778003693,0.08859089016914368,0.0628611296415329
2024-03-24 13:18:02,매니저2024나오면 자우버는 절대하면 안될듯 ㅋㅋ,"피트스탑 이슈확률 40% 설정되어있을듯 ㅋㅋㅋ
- dc official App",13,13.0,"매니저2024나오면 자우버는 절대하면 안될듯 ㅋㅋ 피트스탑 이슈확률 40% 설정되어있을듯 ㅋㅋㅋ
- dc official App",매니저2024나오면 자우버는 절대하면 안될듯 ㅋㅋ 피트스탑 이슈확률 40% 설정되어있을듯 ㅋㅋㅋ,0.2921629846096039,0.27097460627555847,0.1082669124007225,0.0867011770606041,0.13987348973751068,0.10202081501483917
2024-03-24 13:18:03,사인지있는데 좆물탕 왜씀 ㅋㅋㅋ,ㄹㅇㅋㅋ,13,13.0,사인지있는데 좆물탕 왜씀 ㅋㅋㅋ ㄹㅇㅋㅋ,사인지있는데 좆물탕 왜씀 ㅋㅋㅋ ㄹㅇㅋㅋ,0.23029108345508575,0.24179719388484955,0.22520774602890015,0.0921943336725235,0.1207294911146164,0.08978017419576645
2024-03-24 13:18:05,메가 잡 입갤 ㅋㅋ,,13,13.0,메가 잡 입갤 ㅋㅋ ,메가 잡 입갤 ㅋㅋ,0.12178817391395569,0.08945916593074799,0.060694437474012375,0.03524470701813698,0.6618471145629883,0.03096636012196541
2024-03-24 13:18:08,메가 잡 입갤 ㅋㅋㅋ,,13,13.0,메가 잡 입갤 ㅋㅋㅋ ,메가 잡 입갤 ㅋㅋㅋ,0.1151580885052681,0.08253933489322662,0.059080686420202255,0.034427616745233536,0.6795336604118347,0.029260626062750816
2024-03-24 13:18:14,시발 자우버 개샠,"진짜 아...
- dc official App",13,13.0,"시발 자우버 개샠 진짜 아...
- dc official App",시발 자우버 개샠 진짜 아...,0.19571219384670258,0.10696502774953842,0.3045347332954407,0.2011428028345108,0.15326370298862457,0.03838146850466728
2024-03-24 13:18:15,유 두잉 메가잡 ㅋㅋㅋ,ㅋㅋㅋㅋ,13,13.0,유 두잉 메가잡 ㅋㅋㅋ ㅋㅋㅋㅋ,유 두잉 메가잡 ㅋㅋㅋ ㅋㅋㅋㅋ,0.10907626897096634,0.07464206963777542,0.057556550949811935,0.03163682296872139,0.703517496585846,0.023570863530039787
2024-03-24 13:18:19,그니까 저런 퍼스트 버리고 퇴물데려오려는 팀이 있다는거지?,,13,13.0,그니까 저런 퍼스트 버리고 퇴물데려오려는 팀이 있다는거지? ,그니까 저런 퍼스트 버리고 퇴물데려오려는 팀이 있다는거지?,0.22149540483951569,0.29916906356811523,0.17558836936950684,0.13195675611495972,0.07032758742570877,0.10146281868219376
2024-03-24 13:18:24,가슬리 플랜 B입갤 ㅋㅋㅋㅋㅋ,프렌치페라리,13,13.0,가슬리 플랜 B입갤 ㅋㅋㅋㅋㅋ 프렌치페라리,가슬리 플랜 B입갤 ㅋㅋㅋㅋㅋ 프렌치페라리,0.11880262196063995,0.09032461792230606,0.06958238035440445,0.03303094208240509,0.6622150540351868,0.026044391095638275
2024-03-24 13:18:28,뉴비인데요 이건 뭔가요,"뒤에 있는 M H 이건 뭔가요?
- dc official App",13,13.0,"뉴비인데요 이건 뭔가요 뒤에 있는 M H 이건 뭔가요?
- dc official App",뉴비인데요 이건 뭔가요 뒤에 있는 M H 이건 뭔가요?,0.2497575283050537,0.32117581367492676,0.10568124055862427,0.08029593527317047,0.16438019275665283,0.07870928943157196
2024-03-24 13:18:32,역시 전승우승 저지는 대인지ㅋㅋ,컄ㅋㅋㅋㅋㅋㅋ,13,13.0,역시 전승우승 저지는 대인지ㅋㅋ 컄ㅋㅋㅋㅋㅋㅋ,역시 전승우승 저지는 대인지ㅋㅋ 컄ㅋㅋㅋㅋㅋㅋ,0.13017384707927704,0.08988898992538452,0.06689867377281189,0.03555407002568245,0.6412972807884216,0.03618715703487396
2024-03-24 13:18:32,아니 대 인 지 뭐임? ㅋㅋㅋㅋ,차이 확확벌리네 ㅋㅋㅋㅋㅋㅋㅋㅋ,13,13.0,아니 대 인 지 뭐임? ㅋㅋㅋㅋ 차이 확확벌리네 ㅋㅋㅋㅋㅋㅋㅋㅋ,아니 대 인 지 뭐임? ㅋㅋㅋㅋ 차이 확확벌리네 ㅋㅋㅋㅋㅋㅋㅋㅋ,0.25307148694992065,0.2855421006679535,0.10725537687540054,0.04465906694531441,0.21722862124443054,0.09224341064691544
2024-03-24 13:18:36,진짜 1년만 사인츠 더쓰면 챔십 먹을거같은데,"왜 보내냐 왜
- dc official App",13,13.0,"진짜 1년만 사인츠 더쓰면 챔십 먹을거같은데 왜 보내냐 왜
- dc official App",진짜 1년만 사인츠 더쓰면 챔십 먹을거같은데 왜 보내냐 왜,0.26920995116233826,0.22692354023456573,0.165412038564682,0.1789064258337021,0.0732504352927208,0.08629754930734634
2024-03-24 13:18:37,노막스우승 = 사인츠우승 2년연속 가냐,,13,13.0,노막스우승 = 사인츠우승 2년연속 가냐 ,노막스우승 = 사인츠우승 2년연속 가냐,0.21410860121250153,0.2676343619823456,0.08432500064373016,0.04370738938450813,0.302662193775177,0.08756241202354431
2024-03-24 13:18:41,뭐여 막스 왜 벌써 리타이어?ㅋㅋㅋㅋㅋㅋㅋ,"""진짜"" 24 시즌 F1 개막전 입갤ㅋㅋㅋㅋㅋㅋㅋㅋ
- dc official App",13,13.0,"뭐여 막스 왜 벌써 리타이어?ㅋㅋㅋㅋㅋㅋㅋ ""진짜"" 24 시즌 F1 개막전 입갤ㅋㅋㅋㅋㅋㅋㅋㅋ
- dc official App","뭐여 막스 왜 벌써 리타이어?ㅋㅋㅋㅋㅋㅋㅋ ""진짜"" 24 시즌 F1 개막전 입갤ㅋㅋㅋㅋㅋㅋㅋㅋ",0.26863542199134827,0.23903030157089233,0.09808529913425446,0.04754101112484932,0.23890849947929382,0.10779950022697449
2024-03-24 13:18:43,최근 20경기 막스 20승 사인츠 2승 ㄷㄷㄷ,19/1이 여기서 끝나네 ㄷㄷㄷㄷㄷㄷㄷ,13,13.0,최근 20경기 막스 20승 사인츠 2승 ㄷㄷㄷ 19/1이 여기서 끝나네 ㄷㄷㄷㄷㄷㄷㄷ,최근 20경기 막스 20승 사인츠 2승 ㄷㄷㄷ 19/1이 여기서 끝나네 ㄷㄷㄷㄷㄷㄷㄷ,0.20994848012924194,0.3148566782474518,0.10607201606035233,0.049806371331214905,0.21093013882637024,0.10838636755943298
2024-03-24 13:18:45,보타스 씨발 랩차이 ㅋㅋㅋㅋㅋㅋㅋㅋ,개불쌍하노,13,13.0,보타스 씨발 랩차이 ㅋㅋㅋㅋㅋㅋㅋㅋ 개불쌍하노,보타스 씨발 랩차이 ㅋㅋㅋㅋㅋㅋㅋㅋ 개불쌍하노,0.23704025149345398,0.20726382732391357,0.19463542103767395,0.15372048318386078,0.12052924185991287,0.08681080490350723
2024-03-24 13:18:50,씨발 늦게 왔는데 이게 뭐고,황라리 가즈아!!!!!!!!!!!!!!!!!!!!!!!!!!!!!!!!!!!,13,13.0,씨발 늦게 왔는데 이게 뭐고 황라리 가즈아!!!!!!!!!!!!!!!!!!!!!!!!!!!!!!!!!!!,씨발 늦게 왔는데 이게 뭐고 황라리 가즈아!!!!!!!!!!!!!!!!!!!!!!!!!!!!!!!!!!!,0.1605827361345291,0.07932310551404953,0.1364915668964386,0.09836222976446152,0.4838925302028656,0.04134788736701012
2024-03-24 13:18:50,베르스타펜 이슈 없었어도 재밌었을듯,"사인지 간격 벌리는게 베르스타펜 급인데
- dc official App",13,13.0,"베르스타펜 이슈 없었어도 재밌었을듯 사인지 간격 벌리는게 베르스타펜 급인데
- dc official App",베르스타펜 이슈 없었어도 재밌었을듯 사인지 간격 벌리는게 베르스타펜 급인데,0.3076040744781494,0.26375940442085266,0.13115692138671875,0.07846476882696152,0.13943685591220856,0.0795779824256897
2024-03-24 13:18:51,우리퍼스트 독주중ㅋㅋㅋㅋㅋㅋㅋㅋㅋㅋㅋㅋㅋㅋㅋㅋㅋㅋㅋ,아닠ㅋㅋㅋㅋㅋㅋㅋㅋㅋㅋㅋㅋㅋ,13,13.0,우리퍼스트 독주중ㅋㅋㅋㅋㅋㅋㅋㅋㅋㅋㅋㅋㅋㅋㅋㅋㅋㅋㅋ 아닠ㅋㅋㅋㅋㅋㅋㅋㅋㅋㅋㅋㅋㅋ,우리퍼스트 독주중ㅋㅋㅋㅋㅋㅋㅋㅋㅋㅋㅋㅋㅋㅋㅋㅋㅋㅋㅋ 아닠ㅋㅋㅋㅋㅋㅋㅋㅋㅋㅋㅋㅋㅋ,0.11530499905347824,0.0688716322183609,0.055646609514951706,0.034334007650613785,0.7002145051956177,0.025628257542848587
2024-03-24 13:18:56,르끌 ㄴㅇㅅ,,13,13.0,르끌 ㄴㅇㅅ ,르끌 ㄴㅇㅅ,0.2931220829486847,0.17222702503204346,0.16663387417793274,0.12914693355560303,0.18582522869110107,0.0530448816716671
2024-03-24 13:19:06,유키 피트인 개느려서 물탕이 뒤로 나왓네,아오,14,14.0,유키 피트인 개느려서 물탕이 뒤로 나왓네 아오,유키 피트인 개느려서 물탕이 뒤로 나왓네 아오,0.2636345624923706,0.10637029260396957,0.2520340383052826,0.20708608627319336,0.13519877195358276,0.035676274448633194
2024-03-24 13:19:07,그냥 물탕이 계약금 던져주고 파기해라 사인즈가 퍼스트다,"르끌 팬이지만 이정도면 르끌이 아우다 가는게
해준게 더 많음",14,14.0,"그냥 물탕이 계약금 던져주고 파기해라 사인즈가 퍼스트다 르끌 팬이지만 이정도면 르끌이 아우다 가는게
해준게 더 많음",그냥 물탕이 계약금 던져주고 파기해라 사인즈가 퍼스트다 르끌 팬이지만 이정도면 르끌이 아우다 가는게 해준게 더 많음,0.30518338084220886,0.2096044421195984,0.1416717767715454,0.17144371569156647,0.09260948747396469,0.07948717474937439
2024-03-24 13:19:08,"[속보] 스쿠데리아 페라리, 해밀턴과 계약 해지, 사인츠와 새 계약",이라는 뉴스 없냐?,14,14.0,"[속보] 스쿠데리아 페라리, 해밀턴과 계약 해지, 사인츠와 새 계약 이라는 뉴스 없냐?","[속보] 스쿠데리아 페라리, 해밀턴과 계약 해지, 사인츠와 새 계약 이라는 뉴스 없냐?",0.22209766507148743,0.3470842242240906,0.10903637856245041,0.09678202122449875,0.13104568421840668,0.09395401924848557
2024-03-24 13:19:13,막스 리타 좋같네,....,14,14.0,막스 리타 좋같네 ....,막스 리타 좋같네 ....,0.217575803399086,0.10637762397527695,0.27509528398513794,0.22188477218151093,0.142084538936615,0.03698193281888962
2024-03-24 13:19:23,피아스트리 쫒아오는거 개살벌하네,ㄷㄷㄷㄷ,14,14.0,피아스트리 쫒아오는거 개살벌하네 ㄷㄷㄷㄷ,피아스트리 쫒아오는거 개살벌하네 ㄷㄷㄷㄷ,0.19867147505283356,0.34818196296691895,0.12524822354316711,0.05555339157581329,0.15320417284965515,0.11914075165987015
2024-03-24 13:19:23,이새끼 안목 좆병신이면 개추 ㅋㅋㅋㅋ,사인지 왜 버림?,14,14.0,이새끼 안목 좆병신이면 개추 ㅋㅋㅋㅋ 사인지 왜 버림?,이새끼 안목 좆병신이면 개추 ㅋㅋㅋㅋ 사인지 왜 버림?,0.1987687647342682,0.2834864854812622,0.2307947874069214,0.09562698751688004,0.09623336046934128,0.09508965909481049
2024-03-24 13:19:28,쁠랜 삐ㅋㅋㅋㅋㅋㅋ,ㅋㅋㅋ,14,14.0,쁠랜 삐ㅋㅋㅋㅋㅋㅋ ㅋㅋㅋ,쁠랜 삐ㅋㅋㅋㅋㅋㅋ ㅋㅋㅋ,0.11692578345537186,0.07708397507667542,0.062228720635175705,0.03351680934429169,0.6883182525634766,0.021926460787653923
2024-03-24 13:19:29,플랜B 입갤 ㅋㅋㅋㅋㅋㅋㅋㅋㅋ,,14,14.0,플랜B 입갤 ㅋㅋㅋㅋㅋㅋㅋㅋㅋ ,플랜B 입갤 ㅋㅋㅋㅋㅋㅋㅋㅋㅋ,0.13168378174304962,0.09277263283729553,0.07493250072002411,0.04332822933793068,0.6247772574424744,0.032505590468645096
2024-03-24 13:19:29,플랜 bㅋㅋㅋㅋ,,14,14.0,플랜 bㅋㅋㅋㅋ ,플랜 bㅋㅋㅋㅋ,0.20939238369464874,0.13602860271930695,0.1281490921974182,0.06863666325807571,0.4065742492675781,0.05121900513768196
2024-03-24 13:19:32,플랍b 입갤,"ㅋㅋㅋㅋㅋㅋ
- dc official App",14,14.0,"플랍b 입갤 ㅋㅋㅋㅋㅋㅋ
- dc official App",플랍b 입갤 ㅋㅋㅋㅋㅋㅋ,0.10476833581924438,0.07614197582006454,0.05740197375416756,0.03241327777504921,0.7042107582092285,0.02506362833082676
2024-03-24 13:19:32,쁠랜 B 입갤ㅋㅋㅋㅋㅋ,ㅋㅋㅋ,14,14.0,쁠랜 B 입갤ㅋㅋㅋㅋㅋ ㅋㅋㅋ,쁠랜 B 입갤ㅋㅋㅋㅋㅋ ㅋㅋㅋ,0.10512042045593262,0.07297773659229279,0.05755076929926872,0.033324651420116425,0.7068079710006714,0.02421841397881508
2024-03-24 13:19:33,사인지 플랜 B?,갑자기?,14,14.0,사인지 플랜 B? 갑자기?,사인지 플랜 B? 갑자기?,0.2246774435043335,0.33024418354034424,0.12222137302160263,0.08669926971197128,0.15050427615642548,0.08565351366996765
2024-03-24 13:19:33,르끌도 컨디션 괜찮은듯?,티포시의 주말 가자,14,14.0,르끌도 컨디션 괜찮은듯? 티포시의 주말 가자,르끌도 컨디션 괜찮은듯? 티포시의 주말 가자,0.13947626948356628,0.0825173631310463,0.05518793314695358,0.04264664277434349,0.6457330584526062,0.03443870320916176
2024-03-24 13:19:34,쁠란 비 ㅋㅋ,,14,14.0,쁠란 비 ㅋㅋ ,쁠란 비 ㅋㅋ,0.11642307043075562,0.07473726570606232,0.05789906904101372,0.03351811692118645,0.69281405210495,0.024608362466096878
2024-03-24 13:19:34,사인지 우승 선언,"근데 왜 드라이버가 전략을...?
- dc official App",14,14.0,"사인지 우승 선언 근데 왜 드라이버가 전략을...?
- dc official App",사인지 우승 선언 근데 왜 드라이버가 전략을...?,0.2802213132381439,0.298895001411438,0.13229085505008698,0.09857263416051865,0.10771182179450989,0.08230840414762497
2024-03-24 13:19:35,쁠랜 비 ㅋㅋㅋㅋㅋㅋㅋㅋㅋ,,14,14.0,쁠랜 비 ㅋㅋㅋㅋㅋㅋㅋㅋㅋ ,쁠랜 비 ㅋㅋㅋㅋㅋㅋㅋㅋㅋ,0.11186307668685913,0.0708576962351799,0.061999302357435226,0.03363381326198578,0.6986367702484131,0.02300935797393322
2024-03-24 13:19:37,아니 전략 뭐 하려고 하지 마 제발,,14,14.0,아니 전략 뭐 하려고 하지 마 제발 ,아니 전략 뭐 하려고 하지 마 제발,0.2394016534090042,0.2173604816198349,0.15908947587013245,0.22538520395755768,0.0914488211274147,0.06731441617012024
2024-03-24 13:19:38,뿔랜 삐 ㅋㅋ,,14,14.0,뿔랜 삐 ㅋㅋ ,뿔랜 삐 ㅋㅋ,0.11842379719018936,0.08476204425096512,0.059699077159166336,0.0324108824133873,0.6813737154006958,0.023330463096499443
2024-03-24 13:19:39,플랜 Bㅋㅋㅋㅋㅋㅋㅋㅋㅋ,ㅋㅋ,14,14.0,플랜 Bㅋㅋㅋㅋㅋㅋㅋㅋㅋ ㅋㅋ,플랜 Bㅋㅋㅋㅋㅋㅋㅋㅋㅋ ㅋㅋ,0.21308179199695587,0.137098029255867,0.12274403125047684,0.057198137044906616,0.42594021558761597,0.04393777996301651
2024-03-24 13:19:44,오늘의 노래,"스무스 오퍼레이토~
- dc official App",14,14.0,"오늘의 노래 스무스 오퍼레이토~
- dc official App",오늘의 노래 스무스 오퍼레이토~,0.11419727653265,0.0753941610455513,0.05938911810517311,0.03806759789586067,0.6882609128952026,0.024690857157111168
2024-03-24 13:19:46,사인츠 플렌Bㅋㅋㅋㅋㅋㅋㅋㅋ,좆 라 리,14,14.0,사인츠 플렌Bㅋㅋㅋㅋㅋㅋㅋㅋ 좆 라 리,사인츠 플렌Bㅋㅋㅋㅋㅋㅋㅋㅋ 좆 라 리,0.17605778574943542,0.106026791036129,0.11759310960769653,0.04970690980553627,0.5185391306877136,0.03207629546523094
2024-03-24 13:19:47,피아제 그래도 잘 따라가노 ㅋㅋ,,14,14.0,피아제 그래도 잘 따라가노 ㅋㅋ ,피아제 그래도 잘 따라가노 ㅋㅋ,0.22834493219852448,0.24707993865013123,0.09875113517045975,0.04754706472158432,0.27450302243232727,0.10377393662929535
2024-03-24 13:19:50,해물탕 페라리는 몰카 맞지?,사인지를 각성 위한 몰카 맞지?,14,14.0,해물탕 페라리는 몰카 맞지? 사인지를 각성 위한 몰카 맞지?,해물탕 페라리는 몰카 맞지? 사인지를 각성 위한 몰카 맞지?,0.20951499044895172,0.35030022263526917,0.11374914646148682,0.06282316148281097,0.14485301077365875,0.11875944584608078
2024-03-24 13:19:52,페이스가 너무 좋아서 플랜 B 입갤ㅋㅋㅋㅋㅋㅋㅋㅋㅋ,ㅋㅋㅋㅋ,14,14.0,페이스가 너무 좋아서 플랜 B 입갤ㅋㅋㅋㅋㅋㅋㅋㅋㅋ ㅋㅋㅋㅋ,페이스가 너무 좋아서 플랜 B 입갤ㅋㅋㅋㅋㅋㅋㅋㅋㅋ ㅋㅋㅋㅋ,0.11441583186388016,0.06447712332010269,0.05646032467484474,0.03843802586197853,0.6996133923530579,0.026595359668135643
2024-03-24 13:19:52,ㅈ됐다,"쁠랜 비 나옴
- dc official App",14,14.0,"ㅈ됐다 쁠랜 비 나옴
- dc official App",ㅈ됐다 쁠랜 비 나옴,0.299799382686615,0.1901969611644745,0.13486526906490326,0.12021508067846298,0.15277084708213806,0.10215245932340622
2024-03-24 13:19:52,사인츠가 플랜 지시 ㅋㅋㅋ,,14,14.0,사인츠가 플랜 지시 ㅋㅋㅋ ,사인츠가 플랜 지시 ㅋㅋㅋ,0.1713230460882187,0.1600700318813324,0.09406325966119766,0.036626458168029785,0.49158769845962524,0.046329565346241
2024-03-24 13:19:54,애1미 씨발,"막스 왜 리타이어냐고 씨발 페라리 씨발놈들 꼴아박아라
- dc official App",14,14.0,"애1미 씨발 막스 왜 리타이어냐고 씨발 페라리 씨발놈들 꼴아박아라
- dc official App",애1미 씨발 막스 왜 리타이어냐고 씨발 페라리 씨발놈들 꼴아박아라,0.16778075695037842,0.11581392586231232,0.33136293292045593,0.18239659070968628,0.16450157761573792,0.03814416751265526
2024-03-24 13:19:57,플랜비 원스탑,ㅇㅇ,14,14.0,플랜비 원스탑 ㅇㅇ,플랜비 원스탑 ㅇㅇ,0.16631044447422028,0.11508344113826752,0.0859069898724556,0.05957924947142601,0.5366769433021545,0.03644297271966934
2024-03-24 13:19:58,약속의 호주 개재밌다,ㅇㅇ,14,14.0,약속의 호주 개재밌다 ㅇㅇ,약속의 호주 개재밌다 ㅇㅇ,0.1247623860836029,0.07621326297521591,0.0581095926463604,0.03333941847085953,0.6818968057632446,0.025678571313619614
2024-03-24 13:19:58,플랜 E 까진 안가셨잖아 한잔해,,14,14.0,플랜 E 까진 안가셨잖아 한잔해 ,플랜 E 까진 안가셨잖아 한잔해,0.30348140001296997,0.16820737719535828,0.09326422959566116,0.0978144183754921,0.2605476677417755,0.07668491452932358
2024-03-24 13:20:00,"""잘 부탁하지""","「루이스 해밀턴」.
- dc official App",14,14.0,"""잘 부탁하지"" 「루이스 해밀턴」.
- dc official App","""잘 부탁하지"" 「루이스 해밀턴」.",0.19795063138008118,0.1395476907491684,0.07638587802648544,0.08058933913707733,0.4501778483390808,0.05534858629107475
2024-03-24 13:20:01,쁠랜 B에 르끌 딸딸깍까지,"이거 오늘은 근들갑 떨어도 되냐?
- dc official App",14,14.0,"쁠랜 B에 르끌 딸딸깍까지 이거 오늘은 근들갑 떨어도 되냐?
- dc official App",쁠랜 B에 르끌 딸딸깍까지 이거 오늘은 근들갑 떨어도 되냐?,0.3215566575527191,0.22260384261608124,0.12052307277917862,0.09244255721569061,0.13450738787651062,0.10836649686098099
2024-03-24 13:20:06,사인츠 인터벌 뭔 뜻임,"인터벌이간격이란건 아는데
- dc official App",14,14.0,"사인츠 인터벌 뭔 뜻임 인터벌이간격이란건 아는데
- dc official App",사인츠 인터벌 뭔 뜻임 인터벌이간격이란건 아는데,0.22203654050827026,0.3503391146659851,0.1195286214351654,0.0761563703417778,0.14978162944316864,0.08215776085853577
2024-03-24 13:20:11,군데 다른 차들도 막스 같은 사고 많음?,ㅈㄱㄴ,14,14.0,군데 다른 차들도 막스 같은 사고 많음? ㅈㄱㄴ,군데 다른 차들도 막스 같은 사고 많음? ㅈㄱㄴ,0.2581237256526947,0.1845308393239975,0.2025306075811386,0.19329768419265747,0.07880108058452606,0.08271604031324387
2024-03-24 13:20:11,바수르 슬슬 머리아프겠노ㅋㅋㅋㅋㅋ,,14,14.0,바수르 슬슬 머리아프겠노ㅋㅋㅋㅋㅋ ,바수르 슬슬 머리아프겠노ㅋㅋㅋㅋㅋ,0.32940858602523804,0.17867912352085114,0.11478427052497864,0.09305825084447861,0.20594368875026703,0.07812602072954178
2024-03-24 13:20:16,막스만 빠졌는데 왤케 재밌냐,"ㅋㅋ
- dc official App",14,14.0,"막스만 빠졌는데 왤케 재밌냐 ㅋㅋ
- dc official App",막스만 빠졌는데 왤케 재밌냐 ㅋㅋ,0.11842480301856995,0.0679909884929657,0.056283753365278244,0.0390748530626297,0.6946024298667908,0.02362314984202385
2024-03-24 13:20:19,자네에겐 붉은 피가 흐르고 있는가?,"그렇다면 자네도 티포시다
붉은 열정에 합류하라
- dc official App",14,14.0,"자네에겐 붉은 피가 흐르고 있는가? 그렇다면 자네도 티포시다
붉은 열정에 합류하라
- dc official App",자네에겐 붉은 피가 흐르고 있는가? 그렇다면 자네도 티포시다 붉은 열정에 합류하라,0.17856700718402863,0.18420614302158356,0.07581081241369247,0.05821933597326279,0.42258507013320923,0.08061165362596512
2024-03-24 13:20:21,플랜B 입갤 ㅋㅋㅋㅋ,,14,14.0,플랜B 입갤 ㅋㅋㅋㅋ ,플랜B 입갤 ㅋㅋㅋㅋ,0.1372113972902298,0.09761519730091095,0.07562278211116791,0.04590676724910736,0.6088739037513733,0.03476995229721069
2024-03-24 13:20:21,좆핀은 이제 하스랑 순위경쟁을 하네ㅋㅋㅋㅋㅋㅋ,ㅅㅂ,14,14.0,좆핀은 이제 하스랑 순위경쟁을 하네ㅋㅋㅋㅋㅋㅋ ㅅㅂ,좆핀은 이제 하스랑 순위경쟁을 하네ㅋㅋㅋㅋㅋㅋ ㅅㅂ,0.21748143434524536,0.15481160581111908,0.27694645524024963,0.20393435657024384,0.08533117175102234,0.06149494647979736
2024-03-24 13:20:25,f1 그냥 막스만 없으면 되는거네,규정 고쳐서 뭐하냐,15,15.0,f1 그냥 막스만 없으면 되는거네 규정 고쳐서 뭐하냐,f1 그냥 막스만 없으면 되는거네 규정 고쳐서 뭐하냐,0.272849440574646,0.20987677574157715,0.16531623899936676,0.23792476952075958,0.06476651877164841,0.049266185611486435
2024-03-24 13:20:29,바게트 이새끼들은 하스한테도 따이노ㅋㅋㅋ,- dc official App,15,15.0,바게트 이새끼들은 하스한테도 따이노ㅋㅋㅋ - dc official App,바게트 이새끼들은 하스한테도 따이노ㅋㅋㅋ - dc official App,0.23471978306770325,0.25734859704971313,0.20370908081531525,0.09882672876119614,0.09742312878370285,0.10797266662120819
2024-03-24 13:20:43,불 나고 있는 막스 타이어 사진,,15,15.0,불 나고 있는 막스 타이어 사진 ,불 나고 있는 막스 타이어 사진,0.23392486572265625,0.2704140245914459,0.15073513984680176,0.11237386614084244,0.11518723517656326,0.11736488342285156
2024-03-24 13:20:46,유럽코쟁이 막스 리타이어 반응,ㅋㅋㅋㅋㅋㅋㅋㅋㅋㅋㅋㅋㅋㅋㅋㅋㅋㅋㅋ,15,15.0,유럽코쟁이 막스 리타이어 반응 ㅋㅋㅋㅋㅋㅋㅋㅋㅋㅋㅋㅋㅋㅋㅋㅋㅋㅋㅋ,유럽코쟁이 막스 리타이어 반응 ㅋㅋㅋㅋㅋㅋㅋㅋㅋㅋㅋㅋㅋㅋㅋㅋㅋㅋㅋ,0.1575825810432434,0.12951967120170593,0.0715111792087555,0.031001798808574677,0.5737713575363159,0.03661336749792099
2024-03-24 13:20:53,하스는 왜 10위 이상에 있냐,"카드사 스폰서 낀 곳은 이번시즌 말아먹네.
- dc official App",15,15.0,"하스는 왜 10위 이상에 있냐 카드사 스폰서 낀 곳은 이번시즌 말아먹네.
- dc official App",하스는 왜 10위 이상에 있냐 카드사 스폰서 낀 곳은 이번시즌 말아먹네.,0.28776195645332336,0.17387844622135162,0.17898094654083252,0.2332071214914322,0.06174340099096298,0.06442821025848389
2024-03-24 13:20:55,병신 그립 로우ㅋㅋㅋ,ㅋㅋ,15,15.0,병신 그립 로우ㅋㅋㅋ ㅋㅋ,병신 그립 로우ㅋㅋㅋ ㅋㅋ,0.11386064440011978,0.07388707250356674,0.057065945118665695,0.03130391612648964,0.7011262774467468,0.022756114602088928
2024-03-24 13:21:20,1등으로 달리는 이점이 좆되긴 하나보네?,아닌가 잘 몰루,15,15.0,1등으로 달리는 이점이 좆되긴 하나보네? 아닌가 잘 몰루,1등으로 달리는 이점이 좆되긴 하나보네? 아닌가 잘 몰루,0.23140591382980347,0.34621089696884155,0.1087840348482132,0.08163536339998245,0.11695438623428345,0.11500944942235947
2024-03-24 13:21:23,가슬리 씨발놈 좋겠다ㅣ,ㅆㅂ,15,15.0,가슬리 씨발놈 좋겠다ㅣ ㅆㅂ,가슬리 씨발놈 좋겠다ㅣ ㅆㅂ,0.16975225508213043,0.10096895694732666,0.3012147843837738,0.1749211847782135,0.21384817361831665,0.03929467499256134
2024-03-24 13:21:24,ㅋㅋ 개이쁘네 가슬리우승,"다끄지라 ㅋ
- dc official App",15,15.0,"ㅋㅋ 개이쁘네 가슬리우승 다끄지라 ㅋ
- dc official App",ㅋㅋ 개이쁘네 가슬리우승 다끄지라 ㅋ,0.18307483196258545,0.13902656733989716,0.10459356009960175,0.0480492003262043,0.4672097861766815,0.05804602429270744
2024-03-24 13:21:24,가슬리여친 왜케 이쁨ㅋㅋㅋ,본질에선 못느꺘는데,15,15.0,가슬리여친 왜케 이쁨ㅋㅋㅋ 본질에선 못느꺘는데,가슬리여친 왜케 이쁨ㅋㅋㅋ 본질에선 못느꺘는데,0.17268848419189453,0.11935433000326157,0.06759679317474365,0.04088258743286133,0.5524212718009949,0.047056447714567184
2024-03-24 13:21:25,개슬리 시발련 ㅋㅋㅋㅋ,ㅋㅋㅋㅋㅁㄴㅇㅇ,15,15.0,개슬리 시발련 ㅋㅋㅋㅋ ㅋㅋㅋㅋㅁㄴㅇㅇ,개슬리 시발련 ㅋㅋㅋㅋ ㅋㅋㅋㅋㅁㄴㅇㅇ,0.18723395466804504,0.12965801358222961,0.31066805124282837,0.12584185600280762,0.18213941156864166,0.06445872783660889
2024-03-24 13:21:31,알핀타도 행복한 가슬리 ㅋㅋㅋㅋㅋㅋㅋ,아,15,15.0,알핀타도 행복한 가슬리 ㅋㅋㅋㅋㅋㅋㅋ 아,알핀타도 행복한 가슬리 ㅋㅋㅋㅋㅋㅋㅋ 아,0.10868174582719803,0.060216158628463745,0.056453973054885864,0.04080067574977875,0.7099394202232361,0.02390800416469574
2024-03-24 13:21:35,알핀은 뭔수로 포인트권 입성한겨...?,"가슬리찡 화이팅이야
- dc official App",15,15.0,"알핀은 뭔수로 포인트권 입성한겨...? 가슬리찡 화이팅이야
- dc official App",알핀은 뭔수로 포인트권 입성한겨...? 가슬리찡 화이팅이야,0.187472864985466,0.1845730096101761,0.06878148019313812,0.04238679260015488,0.4419345557689667,0.07485128194093704
2024-03-24 13:21:36,경기 늦게 봐서 모르는데 맥스 사고남?,"왜 리타이어?
- dc official App",15,15.0,"경기 늦게 봐서 모르는데 맥스 사고남? 왜 리타이어?
- dc official App",경기 늦게 봐서 모르는데 맥스 사고남? 왜 리타이어?,0.21108709275722504,0.35822924971580505,0.11150883138179779,0.07784464210271835,0.14227066934108734,0.09905949234962463
2024-03-24 13:21:36,오우 가슬리 여친 ㅈㄴ 예쁘네,부럽다,15,15.0,오우 가슬리 여친 ㅈㄴ 예쁘네 부럽다,오우 가슬리 여친 ㅈㄴ 예쁘네 부럽다,0.2005697786808014,0.2245848923921585,0.08323755115270615,0.037621695548295975,0.37417492270469666,0.079811230301857
2024-03-24 13:21:36,최악의 드라이버 : 가슬리,,15,15.0,최악의 드라이버 : 가슬리 ,최악의 드라이버 : 가슬리,0.2152787148952484,0.18483541905879974,0.21313945949077606,0.19273391366004944,0.12891227006912231,0.06510019302368164
2024-03-24 13:21:39,아니 몽골 리타인데 123위 차이 왜저래,"13랩인데 순위당 6초씩 차이나네
이거 맞냐",15,15.0,"아니 몽골 리타인데 123위 차이 왜저래 13랩인데 순위당 6초씩 차이나네
이거 맞냐",아니 몽골 리타인데 123위 차이 왜저래 13랩인데 순위당 6초씩 차이나네 이거 맞냐,0.26934197545051575,0.24320633709430695,0.17544735968112946,0.1426181048154831,0.09127423912286758,0.07811193913221359
2024-03-24 13:21:40,사인츠 ㅈㄴ 빠르네 ㅋㅋㅋ,ㅋㅋㅋㅋㅋㅋ,15,15.0,사인츠 ㅈㄴ 빠르네 ㅋㅋㅋ ㅋㅋㅋㅋㅋㅋ,사인츠 ㅈㄴ 빠르네 ㅋㅋㅋ ㅋㅋㅋㅋㅋㅋ,0.17413923144340515,0.17093433439731598,0.06851955503225327,0.028452252969145775,0.5133132338523865,0.04464142769575119
2024-03-24 13:21:46,차가 좀 느리면 어때,"눈나만 있으면 된거지
- dc official App",15,15.0,"차가 좀 느리면 어때 눈나만 있으면 된거지
- dc official App",차가 좀 느리면 어때 눈나만 있으면 된거지,0.14246058464050293,0.07293211668729782,0.09015712887048721,0.0739016979932785,0.5846599340438843,0.03588856756687164
2024-03-24 13:21:50,막홍어 없어지니 존나 재밌네 ㅋㅋㅋㅋㅋ,ㅋㅋㅋㅋㅋ,16,16.0,막홍어 없어지니 존나 재밌네 ㅋㅋㅋㅋㅋ ㅋㅋㅋㅋㅋ,막홍어 없어지니 존나 재밌네 ㅋㅋㅋㅋㅋ ㅋㅋㅋㅋㅋ,0.11861980706453323,0.06744133681058884,0.06684522330760956,0.04267086461186409,0.6820334792137146,0.022389372810721397
2024-03-24 13:21:52,가슬리여친 씨발ㅋㅋㅋㅋㅋ,존나예쁘네 시발...,16,16.0,가슬리여친 씨발ㅋㅋㅋㅋㅋ 존나예쁘네 시발...,가슬리여친 씨발ㅋㅋㅋㅋㅋ 존나예쁘네 시발...,0.19307658076286316,0.15311269462108612,0.08368099480867386,0.04039889946579933,0.47519350051879883,0.05453731492161751
2024-03-24 13:22:01,가슬리 여친 개이쁘노,"ㅋㅋ
- dc official App",16,16.0,"가슬리 여친 개이쁘노 ㅋㅋ
- dc official App",가슬리 여친 개이쁘노 ㅋㅋ,0.17218312621116638,0.13398443162441254,0.07499721646308899,0.04310034215450287,0.5262497067451477,0.04948514327406883
2024-03-24 13:22:11,페레즈 16점 이상 먹으면 챔피언쉽 리드임 ㅋㅋ,,16,16.0,페레즈 16점 이상 먹으면 챔피언쉽 리드임 ㅋㅋ ,페레즈 16점 이상 먹으면 챔피언쉽 리드임 ㅋㅋ,0.13032545149326324,0.0972997173666954,0.07351402193307877,0.0366930216550827,0.6292345523834229,0.032933250069618225
2024-03-24 13:22:12,7초 뭐냐 시발 ㅋㅋㅋㅋㅋ,,16,16.0,7초 뭐냐 시발 ㅋㅋㅋㅋㅋ ,7초 뭐냐 시발 ㅋㅋㅋㅋㅋ,0.2791272699832916,0.17920434474945068,0.23063401877880096,0.12217901647090912,0.11560235172510147,0.07325299829244614
2024-03-24 13:22:19,그 중에 버티는 알론소,"그는 신이야
- dc official App",16,16.0,"그 중에 버티는 알론소 그는 신이야
- dc official App",그 중에 버티는 알론소 그는 신이야,0.18897023797035217,0.19534410536289215,0.0822848454117775,0.0711115226149559,0.37573519349098206,0.08655405044555664
2024-03-24 13:22:22,알핀은이제 하스도못따네,에휴,16,16.0,알핀은이제 하스도못따네 에휴,알핀은이제 하스도못따네 에휴,0.2921753525733948,0.17764467000961304,0.15829800069332123,0.2356540709733963,0.0710495263338089,0.06517839431762695
2024-03-24 13:22:29,대인츠 ㅈㄴ 잘타네 ㅋㅋㅋㅋㅋ,,16,16.0,대인츠 ㅈㄴ 잘타네 ㅋㅋㅋㅋㅋ ,대인츠 ㅈㄴ 잘타네 ㅋㅋㅋㅋㅋ,0.17650017142295837,0.15995348989963531,0.06557779759168625,0.029828032478690147,0.513138473033905,0.05500207468867302
2024-03-24 13:22:27,순위표에 VER 하나 사라졌다고 행복해죽겠다ㅋㅋㅋㅋㅋ,아오 좋아ㅋㅋㅋㅋ,16,16.0,순위표에 VER 하나 사라졌다고 행복해죽겠다ㅋㅋㅋㅋㅋ 아오 좋아ㅋㅋㅋㅋ,순위표에 VER 하나 사라졌다고 행복해죽겠다ㅋㅋㅋㅋㅋ 아오 좋아ㅋㅋㅋㅋ,0.11279764771461487,0.06667690724134445,0.06719205528497696,0.04985698685050011,0.6800012588500977,0.023475171998143196
2024-03-24 13:22:30,작년 레드불팬들이 이 느낌이었구나,,16,16.0,작년 레드불팬들이 이 느낌이었구나 ,작년 레드불팬들이 이 느낌이었구나,0.2958504259586334,0.25964224338531494,0.09050428867340088,0.06735245883464813,0.1777583360671997,0.10889220982789993
2024-03-24 13:22:41,맥라랜 좀 더 잘 해봐 !!,기회라고 !!,16,16.0,맥라랜 좀 더 잘 해봐 !! 기회라고 !!,맥라랜 좀 더 잘 해봐 !! 기회라고 !!,0.20399825274944305,0.16399727761745453,0.07818206399679184,0.06931986659765244,0.41592928767204285,0.06857333332300186
2024-03-24 13:22:43,아니 대인츠 7초 실화냐?,존나 잘타네,16,16.0,아니 대인츠 7초 실화냐? 존나 잘타네,아니 대인츠 7초 실화냐? 존나 잘타네,0.20535920560359955,0.3000228703022003,0.09787602722644806,0.04345724731683731,0.255727618932724,0.09755700081586838
2024-03-24 13:22:44,미끌레 위로 원스탑인거같은데,엄,16,16.0,미끌레 위로 원스탑인거같은데 엄,미끌레 위로 원스탑인거같은데 엄,0.3164084255695343,0.2308657318353653,0.09015528857707977,0.07513558119535446,0.21361558139324188,0.0738193541765213
2024-03-24 13:22:54,순위보소 씨발ㅋㅋㅋㅋㅋㅋㅋㅋㅋㅋㅋㅋㅋㅋㅋ,"막스 나가리
하스 알핀 순위권
메르 좆망
ㅋㅋㅋㅋㅋㅋㅋㅋㅋㅋㅋㅋㅋㅋㅋㅋㅋㅋㅋㅋㅋ",16,16.0,"순위보소 씨발ㅋㅋㅋㅋㅋㅋㅋㅋㅋㅋㅋㅋㅋㅋㅋ 막스 나가리
하스 알핀 순위권
메르 좆망
ㅋㅋㅋㅋㅋㅋㅋㅋㅋㅋㅋㅋㅋㅋㅋㅋㅋㅋㅋㅋㅋ",순위보소 씨발ㅋㅋㅋㅋㅋㅋㅋㅋㅋㅋㅋㅋㅋㅋㅋ 막스 나가리 하스 알핀 순위권 메르 좆망 ㅋㅋㅋㅋㅋㅋㅋㅋㅋㅋㅋㅋㅋㅋㅋㅋㅋㅋㅋㅋㅋ,0.25541234016418457,0.18641990423202515,0.2379688024520874,0.14758780598640442,0.09319834411144257,0.07941284775733948
2024-03-24 13:22:54,알핀 밑에 있는 놈들 뭐냐,ㅇㅇ,16,16.0,알핀 밑에 있는 놈들 뭐냐 ㅇㅇ,알핀 밑에 있는 놈들 뭐냐 ㅇㅇ,0.20738659799098969,0.22766155004501343,0.2602216899394989,0.15068389475345612,0.08381635695695877,0.07022993266582489
2024-03-24 13:22:59,올해 레드불 차가 별론가. 체코가 별론가,,16,16.0,올해 레드불 차가 별론가. 체코가 별론가 ,올해 레드불 차가 별론가. 체코가 별론가,0.2952674627304077,0.2884765863418579,0.11260738968849182,0.10204139351844788,0.13097219169139862,0.07063495367765427
2024-03-24 13:23:00,노리스 핏인,,16,16.0,노리스 핏인 ,노리스 핏인,0.163545623421669,0.13109509646892548,0.080414779484272,0.044564198702573776,0.5466778874397278,0.03370243310928345
2024-03-24 13:23:14,노리스.상자상자 ㅋㅋ,,17,17.0,노리스.상자상자 ㅋㅋ ,노리스.상자상자 ㅋㅋ,0.12982314825057983,0.0931268036365509,0.07163211703300476,0.03663162142038345,0.6413724422454834,0.02741376869380474
2024-03-24 13:23:21,차이가 ㅈㄴ 큰데ㅋㅋㅋㅋㅋㅋ,,17,17.0,차이가 ㅈㄴ 큰데ㅋㅋㅋㅋㅋㅋ ,차이가 ㅈㄴ 큰데ㅋㅋㅋㅋㅋㅋ,0.25517207384109497,0.2791652977466583,0.1543084979057312,0.06980869174003601,0.12577933073043823,0.11576615273952484
2024-03-24 13:23:25,노리스 체코 박스,ㅇ,17,17.0,노리스 체코 박스 ㅇ,노리스 체코 박스 ㅇ,0.20377908647060394,0.19742481410503387,0.09939692169427872,0.051508579403162,0.41364869475364685,0.03424190729856491
2024-03-24 13:23:40,지금 사인츠 폼은 베르스타펜도 안부럽다,올해 일 낸다,17,17.0,지금 사인츠 폼은 베르스타펜도 안부럽다 올해 일 낸다,지금 사인츠 폼은 베르스타펜도 안부럽다 올해 일 낸다,0.14568229019641876,0.10725637525320053,0.057447198778390884,0.03596840053796768,0.6079084873199463,0.04573718458414078
2024-03-24 13:23:40,쪼끔 절었네 ㅋㅋ,,17,17.0,쪼끔 절었네 ㅋㅋ ,쪼끔 절었네 ㅋㅋ,0.3068806231021881,0.24585510790348053,0.08211471140384674,0.05129149556159973,0.23398636281490326,0.07987171411514282
2024-03-24 13:23:46,레드불 오늘 맛탱이 갔노ㅋㅋㅋㅋ,ㅋㅋㅋㅋ,17,17.0,레드불 오늘 맛탱이 갔노ㅋㅋㅋㅋ ㅋㅋㅋㅋ,레드불 오늘 맛탱이 갔노ㅋㅋㅋㅋ ㅋㅋㅋㅋ,0.3789325952529907,0.1742226928472519,0.1365044265985489,0.10526027530431747,0.10918762534856796,0.09589239209890366
2024-03-24 13:23:54,근데 진짜 하스 차 좋아진거 확느껴지네,"작년까지만 해도 독보적으로 타이어 관리 안돼서 지들만의 타이밍에 피트인 했는데
이젠 남들이랑 맞춰가면서 전략 내는거보면 차 좋아진거 느껴지긴 하네 ㅋㅋㅋ",17,17.0,"근데 진짜 하스 차 좋아진거 확느껴지네 작년까지만 해도 독보적으로 타이어 관리 안돼서 지들만의 타이밍에 피트인 했는데
이젠 남들이랑 맞춰가면서 전략 내는거보면 차 좋아진거 느껴지긴 하네 ㅋㅋㅋ",근데 진짜 하스 차 좋아진거 확느껴지네 작년까지만 해도 독보적으로 타이어 관리 안돼서 지들만의 타이밍에 피트인 했는데 이젠 남들이랑 맞춰가면서 전략 내는거보면 차 좋아진거 느껴지긴 하네 ㅋㅋㅋ,0.20442326366901398,0.145854189991951,0.06272657215595245,0.050626080483198166,0.4620063602924347,0.07436349242925644
2024-03-24 13:23:53,레드불 퍼스트 망했다고 핏크루도 맛갔노ㅋㅋㅋㅋ,,17,17.0,레드불 퍼스트 망했다고 핏크루도 맛갔노ㅋㅋㅋㅋ ,레드불 퍼스트 망했다고 핏크루도 맛갔노ㅋㅋㅋㅋ,0.29007118940353394,0.25817224383354187,0.14753834903240204,0.10213488340377808,0.08897146582603455,0.11311190575361252
2024-03-24 13:23:55,무슨 리듬세상이냐?,"따 따닥?
- dc official App",17,17.0,"무슨 리듬세상이냐? 따 따닥?
- dc official App",무슨 리듬세상이냐? 따 따닥?,0.23579473793506622,0.3160051703453064,0.13869908452033997,0.06395132839679718,0.13862328231334686,0.10692641884088516
2024-03-24 13:23:58,진짜 페라리 피트에서 찐빠만 내지마라,"막없사왕 ㄱㄱ
- dc official App",17,17.0,"진짜 페라리 피트에서 찐빠만 내지마라 막없사왕 ㄱㄱ
- dc official App",진짜 페라리 피트에서 찐빠만 내지마라 막없사왕 ㄱㄱ,0.21107687056064606,0.1767560988664627,0.1613897830247879,0.12044195085763931,0.25500887632369995,0.07532642781734467
2024-03-24 13:24:00,모든게 티포시의 주말이네 ㅋㅋㅋ,페라리 원투 드가자~~~~~~~,17,17.0,모든게 티포시의 주말이네 ㅋㅋㅋ 페라리 원투 드가자~~~~~~~,모든게 티포시의 주말이네 ㅋㅋㅋ 페라리 원투 드가자~~~~~~~,0.10566294938325882,0.057742055505514145,0.05434252321720123,0.03801834583282471,0.7177616953849792,0.026472389698028564
2024-03-24 13:24:05,해물탕 대 체코ㅋㅋㅋ,ㅋㅋㅋ,17,17.0,해물탕 대 체코ㅋㅋㅋ ㅋㅋㅋ,해물탕 대 체코ㅋㅋㅋ ㅋㅋㅋ,0.1459505707025528,0.10127165913581848,0.07588022947311401,0.0378371998667717,0.6110382080078125,0.028022173792123795
2024-03-24 13:24:10,페레즈 좆됀ㅋㅋㅋ,,17,17.0,페레즈 좆됀ㅋㅋㅋ ,페레즈 좆됀ㅋㅋㅋ,0.3159356117248535,0.1491410881280899,0.19937415421009064,0.1178448423743248,0.1403953582048416,0.07730893790721893
2024-03-24 13:24:12,지금 순위표 아름답다,"사인스
알론소
르끌",17,17.0,"지금 순위표 아름답다 사인스
알론소
르끌",지금 순위표 아름답다 사인스 알론소 르끌,0.1330966204404831,0.07686606049537659,0.056518103927373886,0.039766788482666016,0.6600056290626526,0.03374679386615753
2024-03-24 13:24:21,2시인줄알고 이제 경기켰는데 뭔일임?,"막스는 왜 리타고 헐크랑 가슬리 순위는 왜저라
- dc official App",17,17.0,"2시인줄알고 이제 경기켰는데 뭔일임? 막스는 왜 리타고 헐크랑 가슬리 순위는 왜저라
- dc official App",2시인줄알고 이제 경기켰는데 뭔일임? 막스는 왜 리타고 헐크랑 가슬리 순위는 왜저라,0.3270975351333618,0.21086211502552032,0.16261598467826843,0.12375187873840332,0.09706561267375946,0.07860684394836426
2024-03-24 13:24:20,메르 존나 느리네ㅋㅋㅋㅋ,,17,17.0,메르 존나 느리네ㅋㅋㅋㅋ ,메르 존나 느리네ㅋㅋㅋㅋ,0.28213757276535034,0.28274300694465637,0.15114232897758484,0.0892823114991188,0.10311100631952286,0.0915837213397026
2024-03-24 13:24:26,레드불 수난시대 ㅋㅋㅋㅋㅋㅋㅋㅋ,,17,17.0,레드불 수난시대 ㅋㅋㅋㅋㅋㅋㅋㅋ ,레드불 수난시대 ㅋㅋㅋㅋㅋㅋㅋㅋ,0.2961483895778656,0.13822512328624725,0.1754830926656723,0.12669219076633453,0.1969379186630249,0.06651327759027481
2024-03-24 13:24:26,물탕담당일진 입갤 ㅋㅋㅋㅋㅋㅋ,ㅋㅋㅋㅋㅋㅋㅋㅋㅋㅋㅋ,17,17.0,물탕담당일진 입갤 ㅋㅋㅋㅋㅋㅋ ㅋㅋㅋㅋㅋㅋㅋㅋㅋㅋㅋ,물탕담당일진 입갤 ㅋㅋㅋㅋㅋㅋ ㅋㅋㅋㅋㅋㅋㅋㅋㅋㅋㅋ,0.14296381175518036,0.08804114907979965,0.07405736297369003,0.03754743933677673,0.6284249424934387,0.028965290635824203
2024-03-24 13:24:28,체코는 물탕 담당일진이다 이기,,17,17.0,체코는 물탕 담당일진이다 이기 ,체코는 물탕 담당일진이다 이기,0.12567734718322754,0.12601034343242645,0.09420114010572433,0.04434393718838692,0.5614370703697205,0.04833021014928818
2024-03-24 13:24:32,오늘 진짜 존나게 재밌네 ㅋㅋㄱㅋㄱㅋㄱㅋㄱㅋㄱㅋ,ㅋㄱㅋㄱㅋㄱㅋㄱㄱㅋ,17,17.0,오늘 진짜 존나게 재밌네 ㅋㅋㄱㅋㄱㅋㄱㅋㄱㅋㄱㅋ ㅋㄱㅋㄱㅋㄱㅋㄱㄱㅋ,오늘 진짜 존나게 재밌네 ㅋㅋㄱㅋㄱㅋㄱㅋㄱㅋㄱㅋ ㅋㄱㅋㄱㅋㄱㅋㄱㄱㅋ,0.12531311810016632,0.06549379974603653,0.06455471366643906,0.041169844567775726,0.6813637018203735,0.022104822099208832
2024-03-24 13:24:34,물탕 21아부다비 PTSDㅋㅋㅋ,wwww,17,17.0,물탕 21아부다비 PTSDㅋㅋㅋ wwww,물탕 21아부다비 PTSDㅋㅋㅋ wwww,0.31149259209632874,0.12508663535118103,0.17433609068393707,0.11041875928640366,0.21373367309570312,0.06493225693702698
2024-03-24 13:24:42,오늘 래이스 요약 ㅋㅋ,,17,17.0,오늘 래이스 요약 ㅋㅋ ,오늘 래이스 요약 ㅋㅋ,0.1202274039387703,0.06450406461954117,0.05936909466981888,0.0416223406791687,0.6900960803031921,0.024180935695767403
2024-03-24 13:24:43,사인지 크루징볼수있냐???,우리퍼스트 운전을잘하는샘기 고추털개많은새끼,17,17.0,사인지 크루징볼수있냐??? 우리퍼스트 운전을잘하는샘기 고추털개많은새끼,사인지 크루징볼수있냐??? 우리퍼스트 운전을잘하는샘기 고추털개많은새끼,0.18376769125461578,0.20047488808631897,0.2543591558933258,0.09787685424089432,0.18048794567584991,0.08303345739841461
2024-03-24 13:24:44,아니 존나 느린데ㅋㅋㅋㅋㅋ시발,,17,17.0,아니 존나 느린데ㅋㅋㅋㅋㅋ시발 ,아니 존나 느린데ㅋㅋㅋㅋㅋ시발,0.25914719700813293,0.13917812705039978,0.26564496755599976,0.17271548509597778,0.10035307705402374,0.06296113133430481
2024-03-24 13:24:49,TMI) 21년도에는 호주 GP가 열리지 않았다,"그렇기에 막스는 느슨해진 F1 판에
21년도 분위기를 돌려주기 위해 리타이어한 것이다
이상하지 않은가?
해밀턴은 갑자기 어제 Q2에 탈락하는 체코 행동을 하지 않았는가
이 모든 것은 월챔들의 각본이다
재미없다고 모두가 불평하는 f1에 대해
순수재미를 돌려주기 위해
이 것은 '희생'이라는 것이다
'희생'은 월챔이 되기 위한 필수 자질이다",17,17.0,"TMI) 21년도에는 호주 GP가 열리지 않았다 그렇기에 막스는 느슨해진 F1 판에
21년도 분위기를 돌려주기 위해 리타이어한 것이다
이상하지 않은가?
해밀턴은 갑자기 어제 Q2에 탈락하는 체코 행동을 하지 않았는가
이 모든 것은 월챔들의 각본이다
재미없다고 모두가 불평하는 f1에 대해
순수재미를 돌려주기 위해
이 것은 '희생'이라는 것이다
'희생'은 월챔이 되기 위한 필수 자질이다",TMI) 21년도에는 호주 GP가 열리지 않았다 그렇기에 막스는 느슨해진 F1 판에 21년도 분위기를 돌려주기 위해 리타이어한 것이다 이상하지 않은가? 해밀턴은 갑자기 어제 Q2에 탈락하는 체코 행동을 하지 않았는가 이 모든 것은 월챔들의 각본이다 재미없다고 모두가 불평하는 f1에 대해 순수재미를 돌려주기 위해 이 것은 '희생'이라는 것이다 '희생'은 월챔이 되기 위한 필수 자질이다,0.28061723709106445,0.20825894176959991,0.09868565946817398,0.10041461139917374,0.203388974070549,0.10863448679447174
2024-03-24 13:24:51,응 메르 너 존나 느리잖아 ㅠㅠㅠㅠ,,17,17.0,응 메르 너 존나 느리잖아 ㅠㅠㅠㅠ ,응 메르 너 존나 느리잖아 ㅠㅠㅠㅠ,0.3110042214393616,0.13615494966506958,0.17135019600391388,0.21357065439224243,0.09269817918539047,0.07522182911634445
2024-03-24 13:24:55,퇴물탕ㅋㅋㅋㅋㅋㅋㅋㅋㅋㅋㅋㅋㅋ,ㅋㅋㅋㅋㅋㅋㅋㅋㅋ,17,17.0,퇴물탕ㅋㅋㅋㅋㅋㅋㅋㅋㅋㅋㅋㅋㅋ ㅋㅋㅋㅋㅋㅋㅋㅋㅋ,퇴물탕ㅋㅋㅋㅋㅋㅋㅋㅋㅋㅋㅋㅋㅋ ㅋㅋㅋㅋㅋㅋㅋㅋㅋ,0.2258770912885666,0.1839374601840973,0.140885129570961,0.0570785328745842,0.33329930901527405,0.05892254039645195
2024-03-24 13:24:56,물탕 머이리느리노,차가똥인가 ㅋㅋ,17,17.0,물탕 머이리느리노 차가똥인가 ㅋㅋ,물탕 머이리느리노 차가똥인가 ㅋㅋ,0.2978835105895996,0.21098139882087708,0.1853296160697937,0.16218382120132446,0.09439141303300858,0.04923016577959061
2024-03-24 13:25:00,레드불 헤메는거 간만에 보네,"이래야 재밌지
- dc official App",18,18.0,"레드불 헤메는거 간만에 보네 이래야 재밌지
- dc official App",레드불 헤메는거 간만에 보네 이래야 재밌지,0.14719194173812866,0.0676087886095047,0.08665250241756439,0.05719474330544472,0.6139585375785828,0.02739357389509678
2024-03-24 13:25:00,좆물탕 ㅋㅋㅋㅋㅋㅋ,ㅋㅋㅋ,18,18.0,좆물탕 ㅋㅋㅋㅋㅋㅋ ㅋㅋㅋ,좆물탕 ㅋㅋㅋㅋㅋㅋ ㅋㅋㅋ,0.18759727478027344,0.14829401671886444,0.16679933667182922,0.059526097029447556,0.3862544298171997,0.051528800278902054
2024-03-24 13:25:01,체코도 못 따는 해밀턴을 주워오려고 사인츠 버린 그 팀ㅋㅋㅋㅋㅋㅋㅋㅋㅋㅋ,그저 황라리,18,18.0,체코도 못 따는 해밀턴을 주워오려고 사인츠 버린 그 팀ㅋㅋㅋㅋㅋㅋㅋㅋㅋㅋ 그저 황라리,체코도 못 따는 해밀턴을 주워오려고 사인츠 버린 그 팀ㅋㅋㅋㅋㅋㅋㅋㅋㅋㅋ 그저 황라리,0.24435994029045105,0.24997073411941528,0.1847931146621704,0.10620571672916412,0.09263688325881958,0.12203353643417358
2024-03-24 13:25:01,병신 ㅋㅋㅋㅋㅋㅋㅋ,,18,18.0,병신 ㅋㅋㅋㅋㅋㅋㅋ ,병신 ㅋㅋㅋㅋㅋㅋㅋ,0.16223575174808502,0.11496495455503464,0.08341287821531296,0.0374644510447979,0.5705138444900513,0.03140810877084732
2024-03-24 13:25:02,역시 해밀턴 방어는 체코신 ㅋㅋㅋㅋㅋ,,18,18.0,역시 해밀턴 방어는 체코신 ㅋㅋㅋㅋㅋ ,역시 해밀턴 방어는 체코신 ㅋㅋㅋㅋㅋ,0.12409531325101852,0.07783979922533035,0.06169816851615906,0.04166814684867859,0.6617679595947266,0.032930631190538406
2024-03-24 13:25:02,하지만 메르는 생각보다 더 똥차였고,어딜,18,18.0,하지만 메르는 생각보다 더 똥차였고 어딜,하지만 메르는 생각보다 더 똥차였고 어딜,0.19504202902317047,0.27660128474235535,0.21963296830654144,0.12607073783874512,0.0729735866189003,0.10967940092086792
2024-03-24 13:25:04,아니 메르 왤케 느리냐 시발ㅋㅋㅋㅋ,ㅋㅋㅋㅋ,18,18.0,아니 메르 왤케 느리냐 시발ㅋㅋㅋㅋ ㅋㅋㅋㅋ,아니 메르 왤케 느리냐 시발ㅋㅋㅋㅋ ㅋㅋㅋㅋ,0.31168392300605774,0.1450250744819641,0.22276544570922852,0.1458098143339157,0.1180742084980011,0.05664151534438133
2024-03-24 13:25:06,아보카도 여름방학 이후에 못보겠노,편의점 교체,18,18.0,아보카도 여름방학 이후에 못보겠노 편의점 교체,아보카도 여름방학 이후에 못보겠노 편의점 교체,0.35779720544815063,0.13519875705242157,0.13754232227802277,0.18098914623260498,0.1355309784412384,0.052941564470529556
2024-03-24 13:25:06,페레즈 피트 나올때 선 넘지않았냐?,마지막에 살짝 넘은거같은데,18,18.0,페레즈 피트 나올때 선 넘지않았냐? 마지막에 살짝 넘은거같은데,페레즈 피트 나올때 선 넘지않았냐? 마지막에 살짝 넘은거같은데,0.2696520686149597,0.3025723695755005,0.1452518254518509,0.1035376787185669,0.07564442604780197,0.10334169119596481
2024-03-24 13:25:07,징징ㅋㅋㅋㅋ,- dc official App,18,18.0,징징ㅋㅋㅋㅋ - dc official App,징징ㅋㅋㅋㅋ - dc official App,0.14947234094142914,0.09780384600162506,0.07814411073923111,0.04214055836200714,0.6028764247894287,0.029562627896666527
2024-03-24 13:25:10,아니 물탕아 그걸 못잡냐 ㅋ,ㅋㅋㅋㅋㅋㅋㅋ,18,18.0,아니 물탕아 그걸 못잡냐 ㅋ ㅋㅋㅋㅋㅋㅋㅋ,아니 물탕아 그걸 못잡냐 ㅋ ㅋㅋㅋㅋㅋㅋㅋ,0.24601386487483978,0.26529672741889954,0.18564578890800476,0.09428179264068604,0.11720198392868042,0.09155981987714767
2024-03-24 13:25:11,물탕이 ㅋㅋ,,18,18.0,물탕이 ㅋㅋ ,물탕이 ㅋㅋ,0.12546607851982117,0.07997262477874756,0.05965303257107735,0.03452618420124054,0.6744019985198975,0.025980062782764435
2024-03-24 13:25:14,물징징 ㅋㅋㅋㅋㅋ,,18,18.0,물징징 ㅋㅋㅋㅋㅋ ,물징징 ㅋㅋㅋㅋㅋ,0.23243802785873413,0.11772497743368149,0.11013426631689072,0.06018618866801262,0.43368205428123474,0.04583446681499481
2024-03-24 13:25:14,징징 ㅋㅋㅋㅋㅋㅋ,,18,18.0,징징 ㅋㅋㅋㅋㅋㅋ ,징징 ㅋㅋㅋㅋㅋㅋ,0.21752242743968964,0.10224441438913345,0.09219172596931458,0.05934334173798561,0.4874553978443146,0.04124265909194946
2024-03-24 13:25:15,징징 ㅋㅋㅋㅋ,,18,18.0,징징 ㅋㅋㅋㅋ ,징징 ㅋㅋㅋㅋ,0.23081372678279877,0.10530377924442291,0.09215037524700165,0.06398393213748932,0.4637862741947174,0.04396190494298935
2024-03-24 13:25:20,메르 딸깍해도 못따라가너,ㅋㅋㅋ,18,18.0,메르 딸깍해도 못따라가너 ㅋㅋㅋ,메르 딸깍해도 못따라가너 ㅋㅋㅋ,0.2698925733566284,0.3099003732204437,0.12267274409532547,0.05790504440665245,0.1228228285908699,0.11680640280246735
2024-03-24 13:25:23,ㅋㅋㅋ씨바,,18,18.0,ㅋㅋㅋ씨바 ,ㅋㅋㅋ씨바,0.21810421347618103,0.12432153522968292,0.31585389375686646,0.14449112117290497,0.13349539041519165,0.06373389065265656
2024-03-24 13:25:28,2021 리턴즈 ㅋㅋㅋㅋㅋ,"어 형은 21년도에도 해물탕을 막았어
- dc official App",18,18.0,"2021 리턴즈 ㅋㅋㅋㅋㅋ 어 형은 21년도에도 해물탕을 막았어
- dc official App",2021 리턴즈 ㅋㅋㅋㅋㅋ 어 형은 21년도에도 해물탕을 막았어,0.2721644639968872,0.1022087037563324,0.11790907382965088,0.09715698659420013,0.35652488470077515,0.05403590947389603
2024-03-24 13:25:28,차빨 징징이 vs 스무스 오퍼레이터,ㅅㅂ 이게 맞냐 바수루야,18,18.0,차빨 징징이 vs 스무스 오퍼레이터 ㅅㅂ 이게 맞냐 바수루야,차빨 징징이 vs 스무스 오퍼레이터 ㅅㅂ 이게 맞냐 바수루야,0.2495235949754715,0.15014399588108063,0.2751067578792572,0.17157307267189026,0.0949334129691124,0.058719124644994736
2024-03-24 13:25:31,파슬리 따잇,,18,18.0,파슬리 따잇 ,파슬리 따잇,0.11540350317955017,0.08300206810235977,0.05822369456291199,0.03614255040884018,0.6803935170173645,0.026834651827812195
2024-03-24 13:25:34,GOAT,- dc official App,18,18.0,GOAT - dc official App,GOAT - dc official App,0.1828623265028,0.20230858027935028,0.09822694212198257,0.049812622368335724,0.4341845214366913,0.032605044543743134
2024-03-24 13:25:43,암만 느려도 좆핀은 쉽노 ㅋㅋ,,18,18.0,암만 느려도 좆핀은 쉽노 ㅋㅋ ,암만 느려도 좆핀은 쉽노 ㅋㅋ,0.21809914708137512,0.21875374019145966,0.1041511669754982,0.05194775015115738,0.33034181594848633,0.07670638710260391
2024-03-24 13:25:46,사인지 안들어가나?  22.62면 느린데,- dc official App,18,18.0,사인지 안들어가나?  22.62면 느린데 - dc official App,사인지 안들어가나? 22.62면 느린데 - dc official App,0.26095524430274963,0.3107531666755676,0.1262911707162857,0.10908658057451248,0.12760140001773834,0.06531242281198502
2024-03-24 13:25:47,수험생 얘기 듣고 싶었는데,ㄲㅂ,18,18.0,수험생 얘기 듣고 싶었는데 ㄲㅂ,수험생 얘기 듣고 싶었는데 ㄲㅂ,0.3299696147441864,0.11267374455928802,0.11853446066379547,0.14651890099048615,0.24866338074207306,0.04363986849784851
2024-03-24 13:25:47,딸깍 열어도 직진을 못따라가네,실환가 ㅋㅋㅋㅋ,18,18.0,딸깍 열어도 직진을 못따라가네 실환가 ㅋㅋㅋㅋ,딸깍 열어도 직진을 못따라가네 실환가 ㅋㅋㅋㅋ,0.24095354974269867,0.293851375579834,0.15791013836860657,0.08791784942150116,0.10575516521930695,0.11361196637153625
2024-03-24 13:25:47,님네 차가 느린 것도 있어요 물탕씨,쟤네가 빠른것도 맞긴한데 ㅋㅋ,18,18.0,님네 차가 느린 것도 있어요 물탕씨 쟤네가 빠른것도 맞긴한데 ㅋㅋ,님네 차가 느린 것도 있어요 물탕씨 쟤네가 빠른것도 맞긴한데 ㅋㅋ,0.2877289354801178,0.2525511682033539,0.1489088088274002,0.08197438716888428,0.14381219446659088,0.08502449095249176
2024-03-24 13:25:51,대쥬지 오늘 잘해보자,ㅈㅔ발,18,18.0,대쥬지 오늘 잘해보자 ㅈㅔ발,대쥬지 오늘 잘해보자 ㅈㅔ발,0.1526106894016266,0.11280293762683868,0.06877954304218292,0.05637171119451523,0.5595783591270447,0.04985674098134041
2024-03-24 13:25:52,저 똥차는 다 무료로 대주노 ㅋㅋ,"에라이 프랑스 새끼들아
- dc official App",18,18.0,"저 똥차는 다 무료로 대주노 ㅋㅋ 에라이 프랑스 새끼들아
- dc official App",저 똥차는 다 무료로 대주노 ㅋㅋ 에라이 프랑스 새끼들아,0.20631451904773712,0.1398756206035614,0.32408177852630615,0.173743337392807,0.10020126402378082,0.05578352510929108
2024-03-24 13:25:56,사인지 BOX,- dc official App,18,18.0,사인지 BOX - dc official App,사인지 BOX - dc official App,0.2195582538843155,0.26168766617774963,0.11072977632284164,0.05725052207708359,0.3048611283302307,0.045912712812423706
2024-03-24 13:26:03,올해 레드불 브레이크 잘못 고른거 아니냐,"브레이크 이슈 계속 어필하네
- dc official App",18,18.0,"올해 레드불 브레이크 잘못 고른거 아니냐 브레이크 이슈 계속 어필하네
- dc official App",올해 레드불 브레이크 잘못 고른거 아니냐 브레이크 이슈 계속 어필하네,0.2874377965927124,0.28178489208221436,0.12801547348499298,0.15768933296203613,0.07900820672512054,0.06606430560350418
2024-03-24 13:26:03,좆물탕 개망했노,ㅇ,18,18.0,좆물탕 개망했노 ㅇ,좆물탕 개망했노 ㅇ,0.200887069106102,0.13314883410930634,0.28113457560539246,0.2126774787902832,0.1044204980134964,0.06773148477077484
2024-03-24 13:26:04,물탕이 왜 쭉내려감?,,18,18.0,물탕이 왜 쭉내려감? ,물탕이 왜 쭉내려감?,0.2753027379512787,0.27952009439468384,0.1337885856628418,0.1013893261551857,0.1339484006166458,0.07605081796646118
2024-03-24 13:26:06,작년 유입 뉴빈데,"막가놈 ㅈㄴ 압도적이길래 쟤네 응원하면 재밌나 했는데
막가놈 빠지니까 배로 재밌네 ㅋㅋㅋ",18,18.0,"작년 유입 뉴빈데 막가놈 ㅈㄴ 압도적이길래 쟤네 응원하면 재밌나 했는데
막가놈 빠지니까 배로 재밌네 ㅋㅋㅋ",작년 유입 뉴빈데 막가놈 ㅈㄴ 압도적이길래 쟤네 응원하면 재밌나 했는데 막가놈 빠지니까 배로 재밌네 ㅋㅋㅋ,0.1365591287612915,0.08939901739358902,0.06138957291841507,0.03276311978697777,0.6496935486793518,0.030195537954568863
2024-03-24 13:26:09,현재 스페인 원투 ㅋㅋ,ㅋㅋ,18,18.0,현재 스페인 원투 ㅋㅋ ㅋㅋ,현재 스페인 원투 ㅋㅋ ㅋㅋ,0.10988133400678635,0.07360373437404633,0.05580120533704758,0.03210025280714035,0.7036216259002686,0.024991828948259354
2024-03-24 13:26:09,해밀턴 사망 ㅋㅋㅋ,,18,18.0,해밀턴 사망 ㅋㅋㅋ ,해밀턴 사망 ㅋㅋㅋ,0.23546989262104034,0.13427035510540009,0.0921599343419075,0.05081087723374367,0.4312644600868225,0.056024473160505295
2024-03-24 13:26:11,물탕 리타이어 ㄷㄷㄷㄷㄷㄷㄷ,,18,18.0,물탕 리타이어 ㄷㄷㄷㄷㄷㄷㄷ ,물탕 리타이어 ㄷㄷㄷㄷㄷㄷㄷ,0.21390476822853088,0.32271990180015564,0.13670353591442108,0.08139849454164505,0.1269730180501938,0.11830033361911774
2024-03-24 13:26:14,메르 펑ㅋㅋ,ㅋㅋㅋ,18,18.0,메르 펑ㅋㅋ ㅋㅋㅋ,메르 펑ㅋㅋ ㅋㅋㅋ,0.11041291803121567,0.07008251547813416,0.05679378658533096,0.03394811227917671,0.705799400806427,0.022963272407650948
2024-03-24 13:26:14,해밀턴 엔진 사망ㅋㅋㅋ,ㅋㅋㅋ,18,18.0,해밀턴 엔진 사망ㅋㅋㅋ ㅋㅋㅋ,해밀턴 엔진 사망ㅋㅋㅋ ㅋㅋㅋ,0.3405974805355072,0.18336357176303864,0.14616164565086365,0.08525437861680984,0.1664867103099823,0.07813617587089539
2024-03-24 13:26:14,엔진 ㅋㅋㅋㅋㅋ,ㅋㅋ,18,18.0,엔진 ㅋㅋㅋㅋㅋ ㅋㅋ,엔진 ㅋㅋㅋㅋㅋ ㅋㅋ,0.1260414719581604,0.08269409835338593,0.05946844816207886,0.0333084762096405,0.6750741004943848,0.023413319140672684
2024-03-24 13:26:14,메르 개좆망 ㅋㅋㅋㅋㅋㅋ,,18,18.0,메르 개좆망 ㅋㅋㅋㅋㅋㅋ ,메르 개좆망 ㅋㅋㅋㅋㅋㅋ,0.2908136248588562,0.1636265516281128,0.21018058061599731,0.16193075478076935,0.10662653297185898,0.06682195514440536
2024-03-24 13:26:14,아씨발,,18,18.0,아씨발 ,아씨발,0.2229931503534317,0.11826547980308533,0.2750800549983978,0.20806102454662323,0.13327544927597046,0.042324814945459366
2024-03-24 13:26:14,펑 ㅋㅋㅋㅋㅋㅋㅋㅋㅋㅋㅋ,,18,18.0,펑 ㅋㅋㅋㅋㅋㅋㅋㅋㅋㅋㅋ ,펑 ㅋㅋㅋㅋㅋㅋㅋㅋㅋㅋㅋ,0.11966526508331299,0.07972988486289978,0.06170383840799332,0.033178262412548065,0.6822484731674194,0.02347435988485813
2024-03-24 13:26:14,물몽 동반 멸망 ㅋㅋㅋㅋㅋ,,18,18.0,물몽 동반 멸망 ㅋㅋㅋㅋㅋ ,물몽 동반 멸망 ㅋㅋㅋㅋㅋ,0.21536897122859955,0.1704932600259781,0.1847807765007019,0.0811394527554512,0.2916237413883209,0.05659383535385132
2024-03-24 13:26:15,물탕이도 사망ㄷㄷㄷㄷ,,18,18.0,물탕이도 사망ㄷㄷㄷㄷ ,물탕이도 사망ㄷㄷㄷㄷ,0.19229602813720703,0.33014431595802307,0.14153070747852325,0.08265312761068344,0.13387317955493927,0.11950259655714035
2024-03-24 13:26:14,ㅋㅋㅋㅋ무리하다 터졌노,,18,18.0,ㅋㅋㅋㅋ무리하다 터졌노 ,ㅋㅋㅋㅋ무리하다 터졌노,0.35046008229255676,0.14778396487236023,0.10778430104255676,0.06981740146875381,0.2684459090232849,0.055708322674036026
2024-03-24 13:26:15,보기만 해도 웃음 나오는 짤,,18,18.0,보기만 해도 웃음 나오는 짤 ,보기만 해도 웃음 나오는 짤,0.1421261578798294,0.09257924556732178,0.059747107326984406,0.036644332110881805,0.6354014277458191,0.03350166231393814
2024-03-24 13:26:17,물탕멸망ㅋㅋ,ㅋㅋㅋㅋ,18,18.0,물탕멸망ㅋㅋ ㅋㅋㅋㅋ,물탕멸망ㅋㅋ ㅋㅋㅋㅋ,0.22287078201770782,0.12057103961706161,0.1391492336988449,0.062016811221838,0.41290509700775146,0.04248705506324768
2024-03-24 13:26:17,물탕도 아웃ㅋㅋㅋㅋㅋㅋㅋㅋㅋㅋㅋㅋㅋㅋㅋㅋㅋㅋㅋㅋㅋㅋㅋㅋㅋㅋㅋ,개꿀잼ㅋㅋㅋㅋㅋㅋㅋㅋㅋㅋㅋㅋㅋ,18,18.0,물탕도 아웃ㅋㅋㅋㅋㅋㅋㅋㅋㅋㅋㅋㅋㅋㅋㅋㅋㅋㅋㅋㅋㅋㅋㅋㅋㅋㅋㅋ 개꿀잼ㅋㅋㅋㅋㅋㅋㅋㅋㅋㅋㅋㅋㅋ,물탕도 아웃ㅋㅋㅋㅋㅋㅋㅋㅋㅋㅋㅋㅋㅋㅋㅋㅋㅋㅋㅋㅋㅋㅋㅋㅋㅋㅋㅋ 개꿀잼ㅋㅋㅋㅋㅋㅋㅋㅋㅋㅋㅋㅋㅋ,0.11782760173082352,0.07016971707344055,0.06218235194683075,0.0372631661593914,0.6888324022293091,0.023724807426333427
2024-03-24 13:26:18,밀턴경 리타 ㅋㅋㅋㅋㅋㅋㅋㅋㅋㅋㅋㅋㅋㅋ,,18,18.0,밀턴경 리타 ㅋㅋㅋㅋㅋㅋㅋㅋㅋㅋㅋㅋㅋㅋ ,밀턴경 리타 ㅋㅋㅋㅋㅋㅋㅋㅋㅋㅋㅋㅋㅋㅋ,0.11942782998085022,0.07941246777772903,0.06615741550922394,0.032898545265197754,0.6766946315765381,0.025409094989299774
2024-03-24 13:26:18,물탕 멸망ㄹ ㅋㅋㅋㅋㅋㅋㅋㅋㅋ,ㅋㅋㅋㅋㅋㅋㅋㅋㅋㅋㅋㅋ,18,18.0,물탕 멸망ㄹ ㅋㅋㅋㅋㅋㅋㅋㅋㅋ ㅋㅋㅋㅋㅋㅋㅋㅋㅋㅋㅋㅋ,물탕 멸망ㄹ ㅋㅋㅋㅋㅋㅋㅋㅋㅋ ㅋㅋㅋㅋㅋㅋㅋㅋㅋㅋㅋㅋ,0.14120365679264069,0.09094848483800888,0.08082786202430725,0.04045575484633446,0.6186339855194092,0.027930280193686485
2024-03-24 13:26:18,ㅋㅋㅋㅋ개재밌누 ㅋㅋㅋㅋ,"ㅋㅋㅋㅋㅋㅋ
- dc official App",18,18.0,"ㅋㅋㅋㅋ개재밌누 ㅋㅋㅋㅋ ㅋㅋㅋㅋㅋㅋ
- dc official App",ㅋㅋㅋㅋ개재밌누 ㅋㅋㅋㅋ ㅋㅋㅋㅋㅋㅋ,0.12104111909866333,0.0758993998169899,0.05921390652656555,0.03465209901332855,0.6854478120803833,0.02374565415084362
2024-03-24 13:26:19,물탕 컷ㅋㅋㅋㅋ,,18,18.0,물탕 컷ㅋㅋㅋㅋ ,물탕 컷ㅋㅋㅋㅋ,0.11321738362312317,0.06938067823648453,0.05828113481402397,0.03614482656121254,0.6985468864440918,0.024429015815258026
2024-03-24 13:26:18,월챔 두명 나가리ㅋㅋㅋㅋㅋ,,18,18.0,월챔 두명 나가리ㅋㅋㅋㅋㅋ ,월챔 두명 나가리ㅋㅋㅋㅋㅋ,0.31132736802101135,0.23577357828617096,0.1423889845609665,0.09958084672689438,0.14108268916606903,0.069846510887146
2024-03-24 13:26:20,물탕 아웃ㅋㅋㅋ,ㅋㅋㅋ,18,18.0,물탕 아웃ㅋㅋㅋ ㅋㅋㅋ,물탕 아웃ㅋㅋㅋ ㅋㅋㅋ,0.15771274268627167,0.08444862067699432,0.08631426841020584,0.045048635452985764,0.5989713072776794,0.02750445157289505
2024-03-24 13:26:20,해밀턴 사망 ㅋㅋㅋㅋㅋㅋㅋㅋㅋㅋ,ㅋㅋㅋㅋㅋㅋ,18,18.0,해밀턴 사망 ㅋㅋㅋㅋㅋㅋㅋㅋㅋㅋ ㅋㅋㅋㅋㅋㅋ,해밀턴 사망 ㅋㅋㅋㅋㅋㅋㅋㅋㅋㅋ ㅋㅋㅋㅋㅋㅋ,0.24048426747322083,0.12774425745010376,0.09989307075738907,0.048182789236307144,0.4352453351020813,0.04845022037625313
2024-03-24 13:26:20,멜세 진짜 개똥차네 ㅋㅋㅋ,ㅋㅋㅋㅋㅋㅋ,18,18.0,멜세 진짜 개똥차네 ㅋㅋㅋ ㅋㅋㅋㅋㅋㅋ,멜세 진짜 개똥차네 ㅋㅋㅋ ㅋㅋㅋㅋㅋㅋ,0.31739816069602966,0.21972507238388062,0.1665560007095337,0.09019014239311218,0.11214783042669296,0.0939827561378479
2024-03-24 13:26:20,월챔 둘이서 리타 ㅋㅋㅋㅋㅋㅋㅋㅋㅋㅋ,,18,18.0,월챔 둘이서 리타 ㅋㅋㅋㅋㅋㅋㅋㅋㅋㅋ ,월챔 둘이서 리타 ㅋㅋㅋㅋㅋㅋㅋㅋㅋㅋ,0.11495956033468246,0.07896506041288376,0.05960570648312569,0.030671950429677963,0.6904072761535645,0.02539040520787239
2024-03-24 13:26:20,엌ㅋㅋㅋㅋㅋㅋ,,18,18.0,엌ㅋㅋㅋㅋㅋㅋ ,엌ㅋㅋㅋㅋㅋㅋ,0.14392901957035065,0.10991045832633972,0.06949172914028168,0.03174041956663132,0.6161953806877136,0.028732942417263985
2024-03-24 13:26:20,물탕 사망 ㅋㅋㅋㅋㅋㅋ,,18,18.0,물탕 사망 ㅋㅋㅋㅋㅋㅋ ,물탕 사망 ㅋㅋㅋㅋㅋㅋ,0.23758570849895477,0.1348344087600708,0.13468718528747559,0.05920233577489853,0.37892699241638184,0.05476333945989609
2024-03-24 13:26:21,해물탕도 리타노,호주는 꿀잼 보장이네ㅋㅋㅋ,18,18.0,해물탕도 리타노 호주는 꿀잼 보장이네ㅋㅋㅋ,해물탕도 리타노 호주는 꿀잼 보장이네ㅋㅋㅋ,0.11263453215360641,0.06365060806274414,0.05625061318278313,0.03776368498802185,0.7046200633049011,0.025080537423491478
2024-03-24 13:26:21,와씹ㅋㅋㅋ 존나재밌내,"물탕 컷 ㅋㅋㅋㅋㅋ
- dc official App",18,18.0,"와씹ㅋㅋㅋ 존나재밌내 물탕 컷 ㅋㅋㅋㅋㅋ
- dc official App",와씹ㅋㅋㅋ 존나재밌내 물탕 컷 ㅋㅋㅋㅋㅋ,0.13007748126983643,0.0803435742855072,0.06410036981105804,0.0366579107940197,0.6638542413711548,0.024966487661004066
2024-03-24 13:26:21,메르 사망 ㅋㅋㅋㅋㅋ,,18,18.0,메르 사망 ㅋㅋㅋㅋㅋ ,메르 사망 ㅋㅋㅋㅋㅋ,0.25740107893943787,0.15309156477451324,0.1140146479010582,0.05401206016540527,0.3617407977581024,0.05973977968096733
2024-03-24 13:26:22,물탕이 좆망 ㅋㅋㅋㅋㅋㅋ,,18,18.0,물탕이 좆망 ㅋㅋㅋㅋㅋㅋ ,물탕이 좆망 ㅋㅋㅋㅋㅋㅋ,0.3017615079879761,0.16190114617347717,0.19024035334587097,0.19048473238945007,0.09927485138177872,0.056337397545576096
2024-03-24 13:26:22,똥메르ㅋㅋㅋㅋㅋㅋㅋㅋㅋㅋㅋㅋㅋㅋㅋㅋㅋㅋㅋ,,18,18.0,똥메르ㅋㅋㅋㅋㅋㅋㅋㅋㅋㅋㅋㅋㅋㅋㅋㅋㅋㅋㅋ ,똥메르ㅋㅋㅋㅋㅋㅋㅋㅋㅋㅋㅋㅋㅋㅋㅋㅋㅋㅋㅋ,0.14628005027770996,0.10375221818685532,0.07730814069509506,0.0350324884057045,0.6079149842262268,0.029712067916989326
2024-03-24 13:26:22,해물탕 좆망 ㅋㅋㅋㅋㅋ,,18,18.0,해물탕 좆망 ㅋㅋㅋㅋㅋ ,해물탕 좆망 ㅋㅋㅋㅋㅋ,0.31656819581985474,0.1409156769514084,0.18138550221920013,0.1933399736881256,0.10407992452383041,0.06371071934700012
2024-03-24 13:26:23,막햄 리타ㅋㅋㅋㅋㅋㅋㅋ,ㅋㅋㅋ,18,18.0,막햄 리타ㅋㅋㅋㅋㅋㅋㅋ ㅋㅋㅋ,막햄 리타ㅋㅋㅋㅋㅋㅋㅋ ㅋㅋㅋ,0.10541928559541702,0.06599568575620651,0.05678507685661316,0.03430172801017761,0.7149912118911743,0.022506972774863243
2024-03-24 13:26:25,약속의 땅ㅋㅋㅋㅋㅋㅋㅋㅋㅋㅋㅋ,ㅋㅋㅋㅋㅋㅋㅋㅋㅋㅋㅋㅋㅋㅋㅋㅋㅋㅋㅋㅋㅋㅋ,19,19.0,약속의 땅ㅋㅋㅋㅋㅋㅋㅋㅋㅋㅋㅋ ㅋㅋㅋㅋㅋㅋㅋㅋㅋㅋㅋㅋㅋㅋㅋㅋㅋㅋㅋㅋㅋㅋ,약속의 땅ㅋㅋㅋㅋㅋㅋㅋㅋㅋㅋㅋ ㅋㅋㅋㅋㅋㅋㅋㅋㅋㅋㅋㅋㅋㅋㅋㅋㅋㅋㅋㅋㅋㅋ,0.11546754837036133,0.06704238802194595,0.05853981897234917,0.035853639245033264,0.6992971301078796,0.023799465969204903
2024-03-24 13:26:25,해물탕 사망ㅋㅋㅋㅋㅋㅋㅋㅋㅋ,ㅋㅋㅋㅋ123ㅇ,19,19.0,해물탕 사망ㅋㅋㅋㅋㅋㅋㅋㅋㅋ ㅋㅋㅋㅋ123ㅇ,해물탕 사망ㅋㅋㅋㅋㅋㅋㅋㅋㅋ ㅋㅋㅋㅋ123ㅇ,0.20153895020484924,0.11242371052503586,0.11633112281560898,0.052062708884477615,0.4762760400772095,0.04136750102043152
2024-03-24 13:26:25,물몽 멸망 개꿀잼 씨발ㅋㅋㅋㅋ,,19,19.0,물몽 멸망 개꿀잼 씨발ㅋㅋㅋㅋ ,물몽 멸망 개꿀잼 씨발ㅋㅋㅋㅋ,0.11797580868005753,0.06359037011861801,0.06982139497995377,0.038914572447538376,0.6867321133613586,0.022965747863054276
2024-03-24 13:26:26,햄막사망ㅋㅋㅋㅋㅋㅋ,오늘 맛집이네,19,19.0,햄막사망ㅋㅋㅋㅋㅋㅋ 오늘 맛집이네,햄막사망ㅋㅋㅋㅋㅋㅋ 오늘 맛집이네,0.11006809771060944,0.0635608434677124,0.05218672752380371,0.03863789513707161,0.7104437947273254,0.025102591142058372
2024-03-24 13:26:26,아씨발;:;,,19,19.0,아씨발;:; ,아씨발;:;,0.21581313014030457,0.10814786702394485,0.26162850856781006,0.24164386093616486,0.12601366639137268,0.046753015369176865
2024-03-24 13:26:27,메르 렏불 둘다 개좆망이노 뭐냐 ㅋㅋㅋㅋㅋㅋㅋ,ㅋㅋㅋㅋㅋㅋ,19,19.0,메르 렏불 둘다 개좆망이노 뭐냐 ㅋㅋㅋㅋㅋㅋㅋ ㅋㅋㅋㅋㅋㅋ,메르 렏불 둘다 개좆망이노 뭐냐 ㅋㅋㅋㅋㅋㅋㅋ ㅋㅋㅋㅋㅋㅋ,0.28384917974472046,0.16366387903690338,0.2105255275964737,0.18386462330818176,0.08634672313928604,0.07175012677907944
2024-03-24 13:26:28,터졌노 ㅋㅋㅋㅋㅋㅋㅋㅋㅋㅋ,,19,19.0,터졌노 ㅋㅋㅋㅋㅋㅋㅋㅋㅋㅋ ,터졌노 ㅋㅋㅋㅋㅋㅋㅋㅋㅋㅋ,0.1410648077726364,0.08986584097146988,0.06443575024604797,0.03356489539146423,0.6444122195243835,0.02665642462670803
2024-03-24 13:26:29,호주는 뭔가 있다  ㅋㅋㅋ,ㅋㅋㅋ,19,19.0,호주는 뭔가 있다  ㅋㅋㅋ ㅋㅋㅋ,호주는 뭔가 있다 ㅋㅋㅋ ㅋㅋㅋ,0.15499283373355865,0.13562928140163422,0.06758762151002884,0.03050289861857891,0.5697409510612488,0.041546378284692764
2024-03-24 13:26:29,시발 터져나간다 ㅋㅋㅋㅋ,"ㅋㅋㅋㅋ
- dc official App",19,19.0,"시발 터져나간다 ㅋㅋㅋㅋ ㅋㅋㅋㅋ
- dc official App",시발 터져나간다 ㅋㅋㅋㅋ ㅋㅋㅋㅋ,0.1368381828069687,0.09137920290231705,0.08849280327558517,0.04313112050294876,0.6128816604614258,0.027277005836367607
2024-03-24 13:26:29,아 오늘 존나 재미있노ㅋㅋㅋㅋㅋㅋ,,19,19.0,아 오늘 존나 재미있노ㅋㅋㅋㅋㅋㅋ ,아 오늘 존나 재미있노ㅋㅋㅋㅋㅋㅋ,0.1164872869849205,0.06532367318868637,0.06232538819313049,0.04018252342939377,0.6929231286048889,0.022757956758141518
2024-03-24 13:26:30,호주는 진짜 완주 참 ㅋㅋㅋㅋㅋ,이게 사고가 안나도 이래되네 ㅋㅋㅋㅋㅋㅋ,19,19.0,호주는 진짜 완주 참 ㅋㅋㅋㅋㅋ 이게 사고가 안나도 이래되네 ㅋㅋㅋㅋㅋㅋ,호주는 진짜 완주 참 ㅋㅋㅋㅋㅋ 이게 사고가 안나도 이래되네 ㅋㅋㅋㅋㅋㅋ,0.25896957516670227,0.2337535172700882,0.11102030426263809,0.05729890987277031,0.2297062873840332,0.10925143957138062
2024-03-24 13:26:30,몇번지구 f1이놐ㅋㅋㅋㅋㅋㅋㅋㅋㅋ,캬캬캬캬,19,19.0,몇번지구 f1이놐ㅋㅋㅋㅋㅋㅋㅋㅋㅋ 캬캬캬캬,몇번지구 f1이놐ㅋㅋㅋㅋㅋㅋㅋㅋㅋ 캬캬캬캬,0.14295156300067902,0.1047792062163353,0.06867864727973938,0.031549420207738876,0.6232109069824219,0.028830254450440407
2024-03-24 13:26:30,물탕 죽었노,엌ㅋㅋㅋㅋㅋ,19,19.0,물탕 죽었노 엌ㅋㅋㅋㅋㅋ,물탕 죽었노 엌ㅋㅋㅋㅋㅋ,0.3056297302246094,0.19786378741264343,0.12238827347755432,0.06267452985048294,0.22551581263542175,0.08592783659696579
2024-03-24 13:26:31,물탕햄도 리타노,,19,19.0,물탕햄도 리타노 ,물탕햄도 리타노,0.23130278289318085,0.1855679452419281,0.08188735693693161,0.04614775627851486,0.4059234857559204,0.049170687794685364
2024-03-24 13:26:30,씹물탕 사망 ㅋㅋㅋㅋㅋ,,19,19.0,씹물탕 사망 ㅋㅋㅋㅋㅋ ,씹물탕 사망 ㅋㅋㅋㅋㅋ,0.19650515913963318,0.14376763999462128,0.17884017527103424,0.06288912892341614,0.3568287193775177,0.06116917356848717
2024-03-24 13:26:31,ㅋㅋㅋㅋㅋㅋㅋㅋㅋㅋㅋ오늘 머신문제 꿀잼요소네,"ㅋㅋㅋㅋㅋㅋㅋㅋㅋㅋㅋ
- dc official App",19,19.0,"ㅋㅋㅋㅋㅋㅋㅋㅋㅋㅋㅋ오늘 머신문제 꿀잼요소네 ㅋㅋㅋㅋㅋㅋㅋㅋㅋㅋㅋ
- dc official App",ㅋㅋㅋㅋㅋㅋㅋㅋㅋㅋㅋ오늘 머신문제 꿀잼요소네 ㅋㅋㅋㅋㅋㅋㅋㅋㅋㅋㅋ,0.11782073974609375,0.0683644711971283,0.056516535580158234,0.03518886864185333,0.6990721225738525,0.02303728275001049
2024-03-24 13:26:31,막햄 영혼의 듀오 ㅋㅋㅋㅋㅋㅋ,"ㅋㅋㅋㅋㅋㅋㅋ
- dc official App",19,19.0,"막햄 영혼의 듀오 ㅋㅋㅋㅋㅋㅋ ㅋㅋㅋㅋㅋㅋㅋ
- dc official App",막햄 영혼의 듀오 ㅋㅋㅋㅋㅋㅋ ㅋㅋㅋㅋㅋㅋㅋ,0.11518736183643341,0.06371521204710007,0.05510065704584122,0.038754649460315704,0.7017219662666321,0.025520263239741325
2024-03-24 13:26:31,몽골 물탕 둘다사망 ㄷㄷ,후덜덜,19,19.0,몽골 물탕 둘다사망 ㄷㄷ 후덜덜,몽골 물탕 둘다사망 ㄷㄷ 후덜덜,0.19256393611431122,0.33306047320365906,0.13957974314689636,0.07917162775993347,0.13576030731201172,0.11986390501260757
2024-03-24 13:26:31,ㅋㅋㅋㅋㅋㅋㅋㅋㅋㅋㅋ,ㅋㅋㅋㅋㅋㅋㅋㅋㅋㅋㅋㅋㅋ,19,19.0,ㅋㅋㅋㅋㅋㅋㅋㅋㅋㅋㅋ ㅋㅋㅋㅋㅋㅋㅋㅋㅋㅋㅋㅋㅋ,ㅋㅋㅋㅋㅋㅋㅋㅋㅋㅋㅋ ㅋㅋㅋㅋㅋㅋㅋㅋㅋㅋㅋㅋㅋ,0.1512979120016098,0.096201591193676,0.07512018829584122,0.03657199814915657,0.6146937608718872,0.0261145681142807
2024-03-24 13:26:32,물탕 사망ㅋㅋㅋㅋㅋㅋㅋ,ㅋㅋㅋㅋㅋㅋㅋ,19,19.0,물탕 사망ㅋㅋㅋㅋㅋㅋㅋ ㅋㅋㅋㅋㅋㅋㅋ,물탕 사망ㅋㅋㅋㅋㅋㅋㅋ ㅋㅋㅋㅋㅋㅋㅋ,0.23259012401103973,0.13816183805465698,0.12414206564426422,0.05602622777223587,0.39805665612220764,0.05102302134037018
2024-03-24 13:26:34,호주<~~ 이 새끼 꿀잼 치트키노? ㅋㅋㅋㅋㅋ,,19,19.0,호주<~~ 이 새끼 꿀잼 치트키노? ㅋㅋㅋㅋㅋ ,호주<~~ 이 새끼 꿀잼 치트키노? ㅋㅋㅋㅋㅋ,0.10988820344209671,0.0684468075633049,0.05386963486671448,0.033165160566568375,0.7105332016944885,0.02409704588353634
2024-03-24 13:26:34,물탕경 리타 ㅋㅋㅋ,- dc official App,19,19.0,물탕경 리타 ㅋㅋㅋ - dc official App,물탕경 리타 ㅋㅋㅋ - dc official App,0.12043067812919617,0.09702508896589279,0.06786338984966278,0.03388569504022598,0.654734194278717,0.02606099285185337
2024-03-24 13:26:34,물탕 엔진블로우 ㅋㅋㅋㅋㅋㅋㅋㅋㅋ,몽물 더블리타 ㅋㅋㅋㅋㅋㅋㅋㅋㅋㅋ,19,19.0,물탕 엔진블로우 ㅋㅋㅋㅋㅋㅋㅋㅋㅋ 몽물 더블리타 ㅋㅋㅋㅋㅋㅋㅋㅋㅋㅋ,물탕 엔진블로우 ㅋㅋㅋㅋㅋㅋㅋㅋㅋ 몽물 더블리타 ㅋㅋㅋㅋㅋㅋㅋㅋㅋㅋ,0.11605270206928253,0.07458511739969254,0.06404062360525131,0.033983174711465836,0.6884202361106873,0.022918136790394783
2024-03-24 13:26:35,호주 꿀잼이네 ㅋㅋㅋㅋ,"막스 물탕 둘 다 리타 ㅋㅋㅋ
- dc official App",19,19.0,"호주 꿀잼이네 ㅋㅋㅋㅋ 막스 물탕 둘 다 리타 ㅋㅋㅋ
- dc official App",호주 꿀잼이네 ㅋㅋㅋㅋ 막스 물탕 둘 다 리타 ㅋㅋㅋ,0.10881956666707993,0.06243310868740082,0.05768994241952896,0.03740120306611061,0.7104663252830505,0.023189866915345192
2024-03-24 13:26:36,사인츠 다행이다 ㅋㅋㅋㅋㅋ,좆댈뻔 ㅋㅋㅋㅋㅋ,19,19.0,사인츠 다행이다 ㅋㅋㅋㅋㅋ 좆댈뻔 ㅋㅋㅋㅋㅋ,사인츠 다행이다 ㅋㅋㅋㅋㅋ 좆댈뻔 ㅋㅋㅋㅋㅋ,0.1606222689151764,0.07866785675287247,0.07708104699850082,0.06866136938333511,0.5793924927711487,0.035574931651353836
2024-03-24 13:26:36,저새끼들 팀 나간다고 너무하노 ㅋㅋㅋㅋ,ㅋㅋㅋㅋㅋㅋㅋㅋㅋㅋㅋ,19,19.0,저새끼들 팀 나간다고 너무하노 ㅋㅋㅋㅋ ㅋㅋㅋㅋㅋㅋㅋㅋㅋㅋㅋ,저새끼들 팀 나간다고 너무하노 ㅋㅋㅋㅋ ㅋㅋㅋㅋㅋㅋㅋㅋㅋㅋㅋ,0.25156131386756897,0.15668310225009918,0.2573610246181488,0.13973575830459595,0.105538010597229,0.0891207680106163
2024-03-24 13:26:36,사인츠 타이밍 ㅋㅋㅋㅋㅋ,"ㅋㅋㅋㅋㅋㅋㅋ
- dc official App",19,19.0,"사인츠 타이밍 ㅋㅋㅋㅋㅋ ㅋㅋㅋㅋㅋㅋㅋ
- dc official App",사인츠 타이밍 ㅋㅋㅋㅋㅋ ㅋㅋㅋㅋㅋㅋㅋ,0.12099988758563995,0.08191927522420883,0.06423081457614899,0.0344567596912384,0.674449622631073,0.023943647742271423
2024-03-24 13:26:36,꿀잼 레이스 입갤 ㅋㅋㅋㅋㅋㅋㅋ,.,19,19.0,꿀잼 레이스 입갤 ㅋㅋㅋㅋㅋㅋㅋ .,꿀잼 레이스 입갤 ㅋㅋㅋㅋㅋㅋㅋ .,0.10643251985311508,0.06589189916849136,0.05590783804655075,0.03482550382614136,0.7125875353813171,0.02435477077960968
2024-03-24 13:26:40,작년부터 호주는 꿀잼이노 ㅋㅋㅋㅋ,,19,19.0,작년부터 호주는 꿀잼이노 ㅋㅋㅋㅋ ,작년부터 호주는 꿀잼이노 ㅋㅋㅋㅋ,0.11271924525499344,0.06426391750574112,0.0628797858953476,0.04671341925859451,0.6868800520896912,0.026543568819761276
2024-03-24 13:26:41,물탕견 몽골견 싸우지말고 뽀뽀해 ㅋㅋㅋㅋㅋㅋㅋㅋㅋ,"동반리타 컽
- dc official App",19,19.0,"물탕견 몽골견 싸우지말고 뽀뽀해 ㅋㅋㅋㅋㅋㅋㅋㅋㅋ 동반리타 컽
- dc official App",물탕견 몽골견 싸우지말고 뽀뽀해 ㅋㅋㅋㅋㅋㅋㅋㅋㅋ 동반리타 컽,0.1416243016719818,0.09625432640314102,0.06845302134752274,0.03770210221409798,0.6211040019989014,0.034862272441387177
2024-03-24 13:26:41,와씹ㅋㅋㅋㅋㅋㅋㅋㅋㅋㅋㅋㅋ,- dc official App,19,19.0,와씹ㅋㅋㅋㅋㅋㅋㅋㅋㅋㅋㅋㅋ - dc official App,와씹ㅋㅋㅋㅋㅋㅋㅋㅋㅋㅋㅋㅋ - dc official App,0.16468210518360138,0.14691320061683655,0.07854310423135757,0.03162836283445358,0.5388823747634888,0.039350781589746475
2024-03-24 13:26:42,물탕 몽골 둘다 나가리 ㅋㅋㅋ,,19,19.0,물탕 몽골 둘다 나가리 ㅋㅋㅋ ,물탕 몽골 둘다 나가리 ㅋㅋㅋ,0.33565816283226013,0.17934152483940125,0.1736304610967636,0.13099126517772675,0.1084165945649147,0.07196200639009476
2024-03-24 13:26:41,알론소 p1,,19,19.0,알론소 p1 ,알론소 p1,0.173111230134964,0.17207881808280945,0.08830182999372482,0.04677995666861534,0.4842967092990875,0.03543149679899216
2024-03-24 13:26:44,도합 10챔 사라짐,호주는 어떤곳일까..,19,19.0,도합 10챔 사라짐 호주는 어떤곳일까..,도합 10챔 사라짐 호주는 어떤곳일까..,0.2773016095161438,0.26354318857192993,0.12599512934684753,0.10777998715639114,0.1012180745601654,0.12416200339794159
2024-03-24 13:26:44,맥라렌 시발 이건 기회야 !!!!,,19,19.0,맥라렌 시발 이건 기회야 !!!! ,맥라렌 시발 이건 기회야 !!!!,0.14990729093551636,0.10791212320327759,0.1382557898759842,0.09932359308004379,0.44368913769721985,0.06091202795505524
2024-03-24 13:26:45,몽물 리타ㅋㅋ,ㅋㅋ,19,19.0,몽물 리타ㅋㅋ ㅋㅋ,몽물 리타ㅋㅋ ㅋㅋ,0.10929574817419052,0.06790217012166977,0.06008341535925865,0.03456850349903107,0.7055568695068359,0.02259330451488495
2024-03-24 13:26:45,이제 왔는데 몽골 어디감?,"왜 뒤짐?
- dc official App",19,19.0,"이제 왔는데 몽골 어디감? 왜 뒤짐?
- dc official App",이제 왔는데 몽골 어디감? 왜 뒤짐?,0.20490095019340515,0.32728371024131775,0.15001632273197174,0.09177204221487045,0.11284489184617996,0.11318208277225494
2024-03-24 13:26:54,호주 그랑프리 더 늘리면 안됨????,ㄹㅇ 제발,19,19.0,호주 그랑프리 더 늘리면 안됨???? ㄹㅇ 제발,호주 그랑프리 더 늘리면 안됨???? ㄹㅇ 제발,0.2682873010635376,0.16685804724693298,0.15315046906471252,0.1726924329996109,0.14790208637714386,0.09110971540212631
2024-03-24 13:26:58,호주는 많이 덥나?,"엔진도 퍼지고 브레이크도 불붙고
- dc official App",19,19.0,"호주는 많이 덥나? 엔진도 퍼지고 브레이크도 불붙고
- dc official App",호주는 많이 덥나? 엔진도 퍼지고 브레이크도 불붙고,0.2518957257270813,0.3216511309146881,0.11172953248023987,0.09991858899593353,0.12684094905853271,0.08796405047178268
2024-03-24 13:26:58,물탕이 엔진 ㅋㅋㅋㅋ,ㅋㅋㅋㅋㅋ,19,19.0,물탕이 엔진 ㅋㅋㅋㅋ ㅋㅋㅋㅋㅋ,물탕이 엔진 ㅋㅋㅋㅋ ㅋㅋㅋㅋㅋ,0.13050495088100433,0.09258480370044708,0.06517306715250015,0.033672355115413666,0.6518812775611877,0.026183536276221275
2024-03-24 13:27:02,지금 서킷에 유일한 월드챔피언 알론소,든든하다,19,19.0,지금 서킷에 유일한 월드챔피언 알론소 든든하다,지금 서킷에 유일한 월드챔피언 알론소 든든하다,0.14485733211040497,0.06807462871074677,0.056201960891485214,0.05670391768217087,0.6355924010276794,0.03856969624757767
2024-03-24 13:27:02,자 피트에서 몽물대전 개막합니다,몽랜드 물일날 드가자,19,19.0,자 피트에서 몽물대전 개막합니다 몽랜드 물일날 드가자,자 피트에서 몽물대전 개막합니다 몽랜드 물일날 드가자,0.1256684958934784,0.08328597247600555,0.05931446701288223,0.03761408105492592,0.666592001914978,0.027524979785084724
2024-03-24 13:27:01,보타스까지 가면 햄보막 완성인데 ㅋㅋㅋ,,19,19.0,보타스까지 가면 햄보막 완성인데 ㅋㅋㅋ ,보타스까지 가면 햄보막 완성인데 ㅋㅋㅋ,0.11918970197439194,0.07692926377058029,0.061539508402347565,0.03486045449972153,0.6808539628982544,0.026627054437994957
2024-03-24 13:27:02,염병ㅋㅋㅋㅋㅋ,메르 엔진이 터지네ㅋㅋㅋ,19,19.0,염병ㅋㅋㅋㅋㅋ 메르 엔진이 터지네ㅋㅋㅋ,염병ㅋㅋㅋㅋㅋ 메르 엔진이 터지네ㅋㅋㅋ,0.2315136045217514,0.13334254920482635,0.1531289666891098,0.06077656149864197,0.3693505525588989,0.05188770964741707
2024-03-24 13:27:03,3챔 7챔 아웃ㅋㅋㅋㅋㅋㅋㅋㅋㅋㅋㅋㅋㅋㅋㅋㅋㅋㅋ,엌ㅋㅋㅋㅋㅋㅋㅋㅋㅋㅋㅋㅋㅋㅋㅋ,19,19.0,3챔 7챔 아웃ㅋㅋㅋㅋㅋㅋㅋㅋㅋㅋㅋㅋㅋㅋㅋㅋㅋㅋ 엌ㅋㅋㅋㅋㅋㅋㅋㅋㅋㅋㅋㅋㅋㅋㅋ,3챔 7챔 아웃ㅋㅋㅋㅋㅋㅋㅋㅋㅋㅋㅋㅋㅋㅋㅋㅋㅋㅋ 엌ㅋㅋㅋㅋㅋㅋㅋㅋㅋㅋㅋㅋㅋㅋㅋ,0.158929243683815,0.1071813702583313,0.08204377442598343,0.03973885998129845,0.5803316235542297,0.03177517279982567
2024-03-24 13:27:03,대 레 즈 한번 이겨볼려다가 차뻗었노 ㅋㅋㅋㅋㅋㅋㅋㅋㅋㅋㅋㅋㅋ,ㅋㅋㅋㅋㅋㅋㅋㅋㅋㅋㅋ,19,19.0,대 레 즈 한번 이겨볼려다가 차뻗었노 ㅋㅋㅋㅋㅋㅋㅋㅋㅋㅋㅋㅋㅋ ㅋㅋㅋㅋㅋㅋㅋㅋㅋㅋㅋ,대 레 즈 한번 이겨볼려다가 차뻗었노 ㅋㅋㅋㅋㅋㅋㅋㅋㅋㅋㅋㅋㅋ ㅋㅋㅋㅋㅋㅋㅋㅋㅋㅋㅋ,0.15874642133712769,0.08080478757619858,0.08114318549633026,0.04701172187924385,0.6026962399482727,0.02959761768579483
2024-03-24 13:27:03,세카뜨면 사인지 손해아니냐,방금 갈았는데?,19,19.0,세카뜨면 사인지 손해아니냐 방금 갈았는데?,세카뜨면 사인지 손해아니냐 방금 갈았는데?,0.33712249994277954,0.19778239727020264,0.15322744846343994,0.14900019764900208,0.08642889559268951,0.0764385536313057
2024-03-24 13:27:02,작년엔 쥬지 나가리더니 이번엔 물탕이노,,19,19.0,작년엔 쥬지 나가리더니 이번엔 물탕이노 ,작년엔 쥬지 나가리더니 이번엔 물탕이노,0.3026454448699951,0.16263607144355774,0.17527975142002106,0.21578170359134674,0.07756814360618591,0.06608884036540985
2024-03-24 13:27:05,병신과 머저리.jpg,,19,19.0,병신과 머저리.jpg ,병신과 머저리.jpg,0.17515909671783447,0.17169725894927979,0.08642531931400299,0.0388997383415699,0.4891359508037567,0.038682546466588974
2024-03-24 13:27:07,알론소 존버 성공이냐?ㅋㅋㅋ,ㅋㅋㅋ,19,19.0,알론소 존버 성공이냐?ㅋㅋㅋ ㅋㅋㅋ,알론소 존버 성공이냐?ㅋㅋㅋ ㅋㅋㅋ,0.15702009201049805,0.10806866735219955,0.06418821960687637,0.04173438623547554,0.5885034203529358,0.04048522189259529
2024-03-24 13:27:07,버츄얼 세이프티,ㅇ,19,19.0,버츄얼 세이프티 ㅇ,버츄얼 세이프티 ㅇ,0.18297788500785828,0.17136287689208984,0.09434029459953308,0.0476059690117836,0.4724293053150177,0.0312836617231369
2024-03-24 13:27:09,새로운 약속의땅 등극,그곳은 바로 오스트레일리아,19,19.0,새로운 약속의땅 등극 그곳은 바로 오스트레일리아,새로운 약속의땅 등극 그곳은 바로 오스트레일리아,0.16670465469360352,0.13578791916370392,0.06748379021883011,0.03387138620018959,0.557587742805481,0.0385645255446434
2024-03-24 13:27:11,와 사인지 개손해봤네,운도 지지리도 없노,19,19.0,와 사인지 개손해봤네 운도 지지리도 없노,와 사인지 개손해봤네 운도 지지리도 없노,0.26733890175819397,0.1105034351348877,0.21322819590568542,0.24122445285320282,0.10365436971187592,0.06405071169137955
2024-03-24 13:27:10,VSC 입갤ㅋㅋㅋ,,19,19.0,VSC 입갤ㅋㅋㅋ ,VSC 입갤ㅋㅋㅋ,0.1072380542755127,0.08145526796579361,0.05765422061085701,0.03284197300672531,0.6933344602584839,0.02747596614062786
2024-03-24 13:27:11,몽물 동시사망 ㅋㅋㅋㅋ,캬 역시 둘은 떼어놓을수가 없노 ㅋㅋㅋㅋ,19,19.0,몽물 동시사망 ㅋㅋㅋㅋ 캬 역시 둘은 떼어놓을수가 없노 ㅋㅋㅋㅋ,몽물 동시사망 ㅋㅋㅋㅋ 캬 역시 둘은 떼어놓을수가 없노 ㅋㅋㅋㅋ,0.2044897973537445,0.17485076189041138,0.08079158514738083,0.041392404586076736,0.42341580986976624,0.07505961507558823
2024-03-24 13:27:14,대론소 개이득?,어,19,19.0,대론소 개이득? 어,대론소 개이득? 어,0.12045089155435562,0.06645124405622482,0.05823113024234772,0.04775146022439003,0.681978166103363,0.025137167423963547
2024-03-24 13:27:15,호주는 진짜 몽르겠네,사고가 매번 나노,19,19.0,호주는 진짜 몽르겠네 사고가 매번 나노,호주는 진짜 몽르겠네 사고가 매번 나노,0.30776217579841614,0.18553796410560608,0.1472110152244568,0.2221422791481018,0.06983891129493713,0.06750763207674026
2024-03-24 13:27:16,알 헐 가 존버 성공 ㄷㄷ,,19,19.0,알 헐 가 존버 성공 ㄷㄷ ,알 헐 가 존버 성공 ㄷㄷ,0.16884766519069672,0.13034173846244812,0.06371729075908661,0.04642092064023018,0.538080632686615,0.0525917187333107
2024-03-24 13:27:17,대낮부터 이렇게 꿀잼 레이스 보여준다고 ㅋㅋㅋㅋㅋ,"ㅋㅋㅋㅋㅋㅋ
- dc official App",19,19.0,"대낮부터 이렇게 꿀잼 레이스 보여준다고 ㅋㅋㅋㅋㅋ ㅋㅋㅋㅋㅋㅋ
- dc official App",대낮부터 이렇게 꿀잼 레이스 보여준다고 ㅋㅋㅋㅋㅋ ㅋㅋㅋㅋㅋㅋ,0.11721715331077576,0.061301689594984055,0.05605953559279442,0.038293078541755676,0.7031316757202148,0.023996787145733833
2024-03-24 13:27:18,vsc 입갤 ㅋㅋㅋ,,19,19.0,vsc 입갤 ㅋㅋㅋ ,vsc 입갤 ㅋㅋㅋ,0.10767397284507751,0.08248548954725266,0.0567653551697731,0.03291764855384827,0.6921502351760864,0.02800728753209114
2024-03-24 13:27:19,사인츠 타이어 갈자 마자 ㅋㅋㅋㅋㅋㅋㅋㅋㅋ,,19,19.0,사인츠 타이어 갈자 마자 ㅋㅋㅋㅋㅋㅋㅋㅋㅋ ,사인츠 타이어 갈자 마자 ㅋㅋㅋㅋㅋㅋㅋㅋㅋ,0.12009648978710175,0.07828358560800552,0.06238509714603424,0.03622625023126602,0.6761322617530823,0.026876375079154968
2024-03-24 13:27:20,와 사인즈 옐로플래그 타이밍 개꿀이네,엌ㅋㅋㅋㅋ 맥라렌 ㅈ망 ㅋㅋㅋㅋ,19,19.0,와 사인즈 옐로플래그 타이밍 개꿀이네 엌ㅋㅋㅋㅋ 맥라렌 ㅈ망 ㅋㅋㅋㅋ,와 사인즈 옐로플래그 타이밍 개꿀이네 엌ㅋㅋㅋㅋ 맥라렌 ㅈ망 ㅋㅋㅋㅋ,0.1485210657119751,0.0898517370223999,0.09031890332698822,0.054195038974285126,0.5794333815574646,0.03767989203333855
2024-03-24 13:27:20,대론소 1등 ㅋㅋㅋㅋㅋㅋ,"ㅈㄴ웃기네
- dc official App",19,19.0,"대론소 1등 ㅋㅋㅋㅋㅋㅋ ㅈㄴ웃기네
- dc official App",대론소 1등 ㅋㅋㅋㅋㅋㅋ ㅈㄴ웃기네,0.15555347502231598,0.10932740569114685,0.0719994455575943,0.03501107543706894,0.5990446209907532,0.029063979163765907
2024-03-24 13:27:21,몽골 터졌는데 또 크루징 각인데,미끌레 씹련아 잘 좀 해봐,19,19.0,몽골 터졌는데 또 크루징 각인데 미끌레 씹련아 잘 좀 해봐,몽골 터졌는데 또 크루징 각인데 미끌레 씹련아 잘 좀 해봐,0.21783708035945892,0.21113048493862152,0.21485911309719086,0.1948584020137787,0.0788707584142685,0.0824441909790039
2024-03-24 13:27:22,알국왕 떡상 섹스ㅋㅋㅋ,,19,19.0,알국왕 떡상 섹스ㅋㅋㅋ ,알국왕 떡상 섹스ㅋㅋㅋ,0.10951770842075348,0.07043957710266113,0.057039812207221985,0.03289831057190895,0.7044640183448792,0.02564060315489769
2024-03-24 13:27:24,황론소 존버 성공 ㄷㄷㄷㄷ,ㄷㄷㄷ,19,19.0,황론소 존버 성공 ㄷㄷㄷㄷ ㄷㄷㄷ,황론소 존버 성공 ㄷㄷㄷㄷ ㄷㄷㄷ,0.1341077983379364,0.09078016877174377,0.05821062996983528,0.04506492614746094,0.6383949518203735,0.03344154357910156
2024-03-24 13:27:24,알론소 싱글벙글 ㅋㅋ,ㅋㅋ,19,19.0,알론소 싱글벙글 ㅋㅋ ㅋㅋ,알론소 싱글벙글 ㅋㅋ ㅋㅋ,0.10914777219295502,0.06703954935073853,0.054682664573192596,0.036656562238931656,0.7076824307441711,0.024791041389107704
2024-03-24 13:27:26,서바이벌 레이스 입갤 얼마만이냐 ㅋㅋㅋㅋㅋㅋ,살아만 남으면 포인트 주는거냐?,19,19.0,서바이벌 레이스 입갤 얼마만이냐 ㅋㅋㅋㅋㅋㅋ 살아만 남으면 포인트 주는거냐?,서바이벌 레이스 입갤 얼마만이냐 ㅋㅋㅋㅋㅋㅋ 살아만 남으면 포인트 주는거냐?,0.15947701036930084,0.13139554858207703,0.06615280359983444,0.037266988307237625,0.5640348196029663,0.041672877967357635
2024-03-24 13:27:26,물탕아 안대,시발,19,19.0,물탕아 안대 시발,물탕아 안대 시발,0.22645902633666992,0.11166612803936005,0.26548853516578674,0.2251998633146286,0.13090309500694275,0.040283359587192535
2024-03-24 13:27:26,VSC 입갤 ㅋㅋㅋㅋ,,19,19.0,VSC 입갤 ㅋㅋㅋㅋ ,VSC 입갤 ㅋㅋㅋㅋ,0.10525523871183395,0.07890493422746658,0.05673004686832428,0.03281658887863159,0.6995223164558411,0.026770805940032005
2024-03-24 13:27:29,사인지 씹억까당했는데,,19,19.0,사인지 씹억까당했는데 ,사인지 씹억까당했는데,0.2710064947605133,0.12594062089920044,0.21689710021018982,0.2003355771303177,0.1098317801952362,0.07598836719989777
2024-03-24 13:27:29,챔피언 딴 놈들 순서대로 죽냐,"다음은 알론소임?
- dc official App",19,19.0,"챔피언 딴 놈들 순서대로 죽냐 다음은 알론소임?
- dc official App",챔피언 딴 놈들 순서대로 죽냐 다음은 알론소임?,0.26296481490135193,0.29170018434524536,0.14183807373046875,0.12160549312829971,0.07667113840579987,0.10522034764289856
2024-03-24 13:27:31,대론소 ㅅㅅㅅㅅㅅㅅㅅㅅㅅㅅㅅㅅㅅㅅ,,19,19.0,대론소 ㅅㅅㅅㅅㅅㅅㅅㅅㅅㅅㅅㅅㅅㅅ ,대론소 ㅅㅅㅅㅅㅅㅅㅅㅅㅅㅅㅅㅅㅅㅅ,0.10805197060108185,0.06300889700651169,0.05414823815226555,0.03681669756770134,0.7150601148605347,0.02291416935622692
2024-03-24 13:27:33,어 페라리 위기 ㅅㅂ,알론소 피트 드간다,19,19.0,어 페라리 위기 ㅅㅂ 알론소 피트 드간다,어 페라리 위기 ㅅㅂ 알론소 피트 드간다,0.2125006914138794,0.17528018355369568,0.2197873443365097,0.18901175260543823,0.1156829297542572,0.08773712068796158
2024-03-24 13:27:33,f1의 미래면 개추,"일단 나부터~~
- dc official App",19,19.0,"f1의 미래면 개추 일단 나부터~~
- dc official App",f1의 미래면 개추 일단 나부터~~,0.14985434710979462,0.10867765545845032,0.06280511617660522,0.043057870119810104,0.5923163294792175,0.043288689106702805
2024-03-24 13:27:34,와 레이스 진짜 개꿀잼이노,ㅋㅋㅋㅋㅋ,19,19.0,와 레이스 진짜 개꿀잼이노 ㅋㅋㅋㅋㅋ,와 레이스 진짜 개꿀잼이노 ㅋㅋㅋㅋㅋ,0.12647125124931335,0.07286576926708221,0.06174951046705246,0.037189606577157974,0.6778527498245239,0.023871123790740967
2024-03-24 13:27:36,아 사인츠 ㅅㅂ,해물탕 좃같네,19,19.0,아 사인츠 ㅅㅂ 해물탕 좃같네,아 사인츠 ㅅㅂ 해물탕 좃같네,0.20707708597183228,0.09379254281520844,0.296989381313324,0.18993686139583588,0.17479535937309265,0.03740880638360977
2024-03-24 13:27:38,저 밑 물 몽,"ㅋㅋㅋㅋ
- dc official App",19,19.0,"저 밑 물 몽 ㅋㅋㅋㅋ
- dc official App",저 밑 물 몽 ㅋㅋㅋㅋ,0.1439344584941864,0.1007702648639679,0.07164467126131058,0.03517508506774902,0.6163337230682373,0.03214186057448387
2024-03-24 13:27:38,엔진 진짜 깔끔하게 퍼지네,파팍,19,19.0,엔진 진짜 깔끔하게 퍼지네 파팍,엔진 진짜 깔끔하게 퍼지네 파팍,0.15283989906311035,0.11129005998373032,0.055136337876319885,0.03244307264685631,0.6101645827293396,0.03812596946954727
2024-03-24 13:27:39,드라이버 이슈 ㅋㅋㅋㅋㅋㅋㅋㅋㅋㅋㅋㅋㅋㅋㅋㅋㅋㅋㅋ,ㅋㅋㅋㅋㅋ,19,19.0,드라이버 이슈 ㅋㅋㅋㅋㅋㅋㅋㅋㅋㅋㅋㅋㅋㅋㅋㅋㅋㅋㅋ ㅋㅋㅋㅋㅋ,드라이버 이슈 ㅋㅋㅋㅋㅋㅋㅋㅋㅋㅋㅋㅋㅋㅋㅋㅋㅋㅋㅋ ㅋㅋㅋㅋㅋ,0.12469438463449478,0.0838586688041687,0.06535029411315918,0.034833382815122604,0.6673520803451538,0.02391120046377182
2024-03-24 13:27:39,알론소 가슬리 떡상?,ㅋㅋ,19,19.0,알론소 가슬리 떡상? ㅋㅋ,알론소 가슬리 떡상? ㅋㅋ,0.15963846445083618,0.13597372174263,0.06728342175483704,0.03345093876123428,0.5663686394691467,0.03728483244776726
2024-03-24 13:27:39,깔끔하게 갔네ㅋㅋ,ㅋㅋㅋ,19,19.0,깔끔하게 갔네ㅋㅋ ㅋㅋㅋ,깔끔하게 갔네ㅋㅋ ㅋㅋㅋ,0.11722871661186218,0.0605318658053875,0.05263245478272438,0.03778965771198273,0.7037827372550964,0.028034549206495285
2024-03-24 13:27:40,탁치니 엌하고 가노ㅋㅋㅋ,"ㅋㅋㅋㅋㅋ
- dc official App",19,19.0,"탁치니 엌하고 가노ㅋㅋㅋ ㅋㅋㅋㅋㅋ
- dc official App",탁치니 엌하고 가노ㅋㅋㅋ ㅋㅋㅋㅋㅋ,0.20742681622505188,0.13314291834831238,0.08953148871660233,0.045288607478141785,0.48154476284980774,0.04306541010737419
2024-03-24 13:27:42,엔진 그냥 꺼지네 ㅋㅋㅋ,,19,19.0,엔진 그냥 꺼지네 ㅋㅋㅋ ,엔진 그냥 꺼지네 ㅋㅋㅋ,0.3163040578365326,0.21076169610023499,0.15679007768630981,0.11349516361951828,0.1186479926109314,0.0840010792016983
2024-03-24 13:27:48,알국왕 우승 해보자해보자 ㅋㅋㅋㅋㅋ,,20,20.0,알국왕 우승 해보자해보자 ㅋㅋㅋㅋㅋ ,알국왕 우승 해보자해보자 ㅋㅋㅋㅋㅋ,0.12720191478729248,0.08820410817861557,0.06092361733317375,0.03421514481306076,0.6576923727989197,0.03176277503371239
2024-03-24 13:27:51,와 한방에 깨졌네,소리 ㅈ되노,20,20.0,와 한방에 깨졌네 소리 ㅈ되노,와 한방에 깨졌네 소리 ㅈ되노,0.2677779197692871,0.2359122633934021,0.16252011060714722,0.10460624098777771,0.12050444632768631,0.10867909342050552
2024-03-24 13:27:51,그냥 툭하고 끊기네ㅋㅋㅋ,ㅋㅋㅋ,20,20.0,그냥 툭하고 끊기네ㅋㅋㅋ ㅋㅋㅋ,그냥 툭하고 끊기네ㅋㅋㅋ ㅋㅋㅋ,0.35124748945236206,0.13862071931362152,0.16403023898601532,0.11318041384220123,0.17493736743927002,0.05798368901014328
2024-03-24 13:27:52,몽물대전 웅장하노 ㅋㅋㅋㅋㅋㅋㅋ,ㅋㄹㅋㅋㅋㅋㅋㅋㅋㅋ,20,20.0,몽물대전 웅장하노 ㅋㅋㅋㅋㅋㅋㅋ ㅋㄹㅋㅋㅋㅋㅋㅋㅋㅋ,몽물대전 웅장하노 ㅋㅋㅋㅋㅋㅋㅋ ㅋㄹㅋㅋㅋㅋㅋㅋㅋㅋ,0.12999677658081055,0.08284327387809753,0.05829313397407532,0.03161748871207237,0.6714987754821777,0.02575055882334709
2024-03-24 13:27:52,아 사인츠 어캄 ㅠ,ㅠㅠ,20,20.0,아 사인츠 어캄 ㅠ ㅠㅠ,아 사인츠 어캄 ㅠ ㅠㅠ,0.2663022577762604,0.14763014018535614,0.15397126972675323,0.23768272995948792,0.12033551186323166,0.0740780457854271
2024-03-24 13:27:55,메르엔진이그낭팍꺼진거임??,뭐저렇게꺼지냐,20,20.0,메르엔진이그낭팍꺼진거임?? 뭐저렇게꺼지냐,메르엔진이그낭팍꺼진거임?? 뭐저렇게꺼지냐,0.24289895594120026,0.28221121430397034,0.1621800810098648,0.12932424247264862,0.09922295808792114,0.08416248112916946
2024-03-24 13:27:57,??? : 여기가 축제인가요??,네 축제입니다,20,20.0,??? : 여기가 축제인가요?? 네 축제입니다,??? : 여기가 축제인가요?? 네 축제입니다,0.11962064355611801,0.07359597086906433,0.056573495268821716,0.03625986725091934,0.6903705596923828,0.023579414933919907
2024-03-24 13:27:57,이잉이이잉 웱,"ㅇㅋㅋㅋㅋㅋㅋㅋㅋ
- dc official App",20,20.0,"이잉이이잉 웱 ㅇㅋㅋㅋㅋㅋㅋㅋㅋ
- dc official App",이잉이이잉 웱 ㅇㅋㅋㅋㅋㅋㅋㅋㅋ,0.16519495844841003,0.09146812558174133,0.10154754668474197,0.04400455206632614,0.568564772605896,0.0292200930416584
2024-03-24 13:27:57,여기 어디임?,내가 아는 지구는 아닌거 같은데,20,20.0,여기 어디임? 내가 아는 지구는 아닌거 같은데,여기 어디임? 내가 아는 지구는 아닌거 같은데,0.2275567352771759,0.3338787853717804,0.10461711883544922,0.06418158113956451,0.1715979278087616,0.09816782176494598
2024-03-24 13:27:57,VSC 타이밍 예술이네,피트 가자마자 뭔 ㅋㅋㅋㅋㅋㅋ,20,20.0,VSC 타이밍 예술이네 피트 가자마자 뭔 ㅋㅋㅋㅋㅋㅋ,VSC 타이밍 예술이네 피트 가자마자 뭔 ㅋㅋㅋㅋㅋㅋ,0.1491776555776596,0.12387555837631226,0.06358925998210907,0.03055170178413391,0.5982822179794312,0.03452368453145027
2024-03-24 13:27:59,역시 경 환경 생각해서 전기차 타노,,20,20.0,역시 경 환경 생각해서 전기차 타노 ,역시 경 환경 생각해서 전기차 타노,0.2872748374938965,0.22513175010681152,0.1018495038151741,0.10338523238897324,0.1756870299577713,0.10667163878679276
2024-03-24 13:28:00,틀론소 개꿀 ㅋㅋㅋㅋㅋㅋㅋ,,20,20.0,틀론소 개꿀 ㅋㅋㅋㅋㅋㅋㅋ ,틀론소 개꿀 ㅋㅋㅋㅋㅋㅋㅋ,0.10496963560581207,0.06107284873723984,0.05626728758215904,0.03963448479771614,0.7144014835357666,0.02365429699420929
2024-03-24 13:28:02,페 라 리 원 투,"섹스 ㅅㅅㅅㅅㅅㅅㅅㅅㅅㅅ
- dc official App",20,20.0,"페 라 리 원 투 섹스 ㅅㅅㅅㅅㅅㅅㅅㅅㅅㅅ
- dc official App",페 라 리 원 투 섹스 ㅅㅅㅅㅅㅅㅅㅅㅅㅅㅅ,0.11282501369714737,0.06986162066459656,0.058526698499917984,0.03429506719112396,0.6999600529670715,0.024531617760658264
2024-03-24 13:28:05,"월챔의 품격, ""희생""",느슨해진 F1판에 기강을 잡는,20,20.0,"월챔의 품격, ""희생"" 느슨해진 F1판에 기강을 잡는","월챔의 품격, ""희생"" 느슨해진 F1판에 기강을 잡는",0.22109949588775635,0.20338669419288635,0.08634266257286072,0.08162341266870499,0.3148655295372009,0.09268227964639664
2024-03-24 13:28:06,연륜 ㅈ되네,- dc official App,20,20.0,연륜 ㅈ되네 - dc official App,연륜 ㅈ되네 - dc official App,0.19092980027198792,0.3242906630039215,0.10313651710748672,0.04232646897435188,0.23963035643100739,0.09968625009059906
2024-03-24 13:28:07,알론소 ㅋㅋㅋ,,20,20.0,알론소 ㅋㅋㅋ ,알론소 ㅋㅋㅋ,0.11335991322994232,0.07486630976200104,0.056271396577358246,0.03175525367259979,0.6983198523521423,0.02542717382311821
2024-03-24 13:28:08,알국왕 오늘 사고 칠 수 있냐,ㄷㄱㅈ,20,20.0,알국왕 오늘 사고 칠 수 있냐 ㄷㄱㅈ,알국왕 오늘 사고 칠 수 있냐 ㄷㄱㅈ,0.2607199549674988,0.25440335273742676,0.10887972265481949,0.0763193666934967,0.17296777665615082,0.12670983374118805
2024-03-24 13:28:09,틀론소 싱글벙글ㅋㅋㅋㅋ,- dc official App,20,20.0,틀론소 싱글벙글ㅋㅋㅋㅋ - dc official App,틀론소 싱글벙글ㅋㅋㅋㅋ - dc official App,0.10636776685714722,0.06715516746044159,0.05422952026128769,0.034956857562065125,0.7132089734077454,0.02408166415989399
2024-03-24 13:28:11,오콘 브레이크덕트에 티어오프껴서 핏스탑......,운도안풀리네,20,20.0,오콘 브레이크덕트에 티어오프껴서 핏스탑...... 운도안풀리네,오콘 브레이크덕트에 티어오프껴서 핏스탑...... 운도안풀리네,0.3049457371234894,0.13690543174743652,0.160790354013443,0.22806818783283234,0.10084287822246552,0.06844744831323624
2024-03-24 13:28:13,알론소 미친 이득ㅋㅋㅋㅋㅋ,ㅋㅋㅋㅋㅋ,20,20.0,알론소 미친 이득ㅋㅋㅋㅋㅋ ㅋㅋㅋㅋㅋ,알론소 미친 이득ㅋㅋㅋㅋㅋ ㅋㅋㅋㅋㅋ,0.10959402471780777,0.06202578544616699,0.056591328233480453,0.03839877247810364,0.7104902267456055,0.022899944335222244
2024-03-24 13:28:13,페맥대전 개재밌겠다ㅋㅋㅋㅋㅋ,ㅋㅋㅋㅋ,20,20.0,페맥대전 개재밌겠다ㅋㅋㅋㅋㅋ ㅋㅋㅋㅋ,페맥대전 개재밌겠다ㅋㅋㅋㅋㅋ ㅋㅋㅋㅋ,0.1228533387184143,0.082447350025177,0.0627029612660408,0.03351237252354622,0.6739053726196289,0.024578582495450974
2024-03-24 13:28:11,팀운빼곤 다가진 국왕님ㅋㅋㅋㅋㅋ,,20,20.0,팀운빼곤 다가진 국왕님ㅋㅋㅋㅋㅋ ,팀운빼곤 다가진 국왕님ㅋㅋㅋㅋㅋ,0.14367184042930603,0.08016780018806458,0.05663282796740532,0.04297488182783127,0.6354770660400391,0.041075628250837326
2024-03-24 13:28:13,이게 레이스지 ㅋㅋ,"베르스타펜 멸망
해밀턴 멸망 음~~~~~~",20,20.0,"이게 레이스지 ㅋㅋ 베르스타펜 멸망
해밀턴 멸망 음~~~~~~",이게 레이스지 ㅋㅋ 베르스타펜 멸망 해밀턴 멸망 음~~~~~~,0.1385606825351715,0.09209655970335007,0.09843485802412033,0.04466288909316063,0.5941024422645569,0.032142579555511475
2024-03-24 13:28:14,역시 전략은 알론소 ㅋㅋ,,20,20.0,역시 전략은 알론소 ㅋㅋ ,역시 전략은 알론소 ㅋㅋ,0.170308917760849,0.12999656796455383,0.06070055440068245,0.03901268541812897,0.550615668296814,0.049365509301424026
2024-03-24 13:28:12,호주가 ㄹㅇ goat 서킷이다,"시간도 1시에
레이스도 재밌고
변수도 많음
이거 완전 개꿀 아니냐??
- dc official App",20,20.0,"호주가 ㄹㅇ goat 서킷이다 시간도 1시에
레이스도 재밌고
변수도 많음
이거 완전 개꿀 아니냐??
- dc official App",호주가 ㄹㅇ goat 서킷이다 시간도 1시에 레이스도 재밌고 변수도 많음 이거 완전 개꿀 아니냐??,0.12413126230239868,0.06434321403503418,0.06337952613830566,0.04151628166437149,0.6784729361534119,0.02815685234963894
2024-03-24 13:28:15,알론소 ㅋㅋㅋㅋㅋ,- dc official App,20,20.0,알론소 ㅋㅋㅋㅋㅋ - dc official App,알론소 ㅋㅋㅋㅋㅋ - dc official App,0.11497199535369873,0.08721417188644409,0.06317784637212753,0.031528811901807785,0.6794913411140442,0.023615801706910133
2024-03-24 13:28:15,국왕님 객굴 ㅋㅋㅋㅋㅋ,,20,20.0,국왕님 객굴 ㅋㅋㅋㅋㅋ ,국왕님 객굴 ㅋㅋㅋㅋㅋ,0.11327549070119858,0.07180476188659668,0.05340954288840294,0.03385453298687935,0.7017850875854492,0.02587055414915085
2024-03-24 13:28:16,알국왕 10위에서 5위 떡상 ㅋㅋㅋㅋㅋㅋㅋㅋㅋ,,20,20.0,알국왕 10위에서 5위 떡상 ㅋㅋㅋㅋㅋㅋㅋㅋㅋ ,알국왕 10위에서 5위 떡상 ㅋㅋㅋㅋㅋㅋㅋㅋㅋ,0.11942445486783981,0.07350379973649979,0.054984066635370255,0.031003564596176147,0.6946569085121155,0.026427172124385834
2024-03-24 13:28:18,알론소가 개이득본거지 사인츠 손해가아닌데;,"어짜피 애마는 페러리못따라온다 ㅇㅇ
- dc official App",20,20.0,"알론소가 개이득본거지 사인츠 손해가아닌데; 어짜피 애마는 페러리못따라온다 ㅇㅇ
- dc official App",알론소가 개이득본거지 사인츠 손해가아닌데; 어짜피 애마는 페러리못따라온다 ㅇㅇ,0.2946573495864868,0.2847551107406616,0.13158252835273743,0.1084974929690361,0.10014522075653076,0.08036226034164429
2024-03-24 13:28:19,페라리 원투 ㅋㅋㅋㅋㅋㅋㅋㅋㅋㅋㅋㅋㅋㅋㅋㅋㅋ,아닠ㅋㅋㅋㅋㅋㅋㅋㅋㅋㅋㅋㅋㅋㅋㅋㅋㅋㅋㅋㅋㅋㅋㅋㅋㅋ,20,20.0,페라리 원투 ㅋㅋㅋㅋㅋㅋㅋㅋㅋㅋㅋㅋㅋㅋㅋㅋㅋ 아닠ㅋㅋㅋㅋㅋㅋㅋㅋㅋㅋㅋㅋㅋㅋㅋㅋㅋㅋㅋㅋㅋㅋㅋㅋㅋ,페라리 원투 ㅋㅋㅋㅋㅋㅋㅋㅋㅋㅋㅋㅋㅋㅋㅋㅋㅋ 아닠ㅋㅋㅋㅋㅋㅋㅋㅋㅋㅋㅋㅋㅋㅋㅋㅋㅋㅋㅋㅋㅋㅋㅋㅋㅋ,0.1261267364025116,0.08764741569757462,0.05918652564287186,0.030687039718031883,0.6696385145187378,0.02671375311911106
2024-03-24 13:28:21,알론소가 개미쳤네 ㅋㅋㅋㅋ,ㅋㅋㅋ,20,20.0,알론소가 개미쳤네 ㅋㅋㅋㅋ ㅋㅋㅋ,알론소가 개미쳤네 ㅋㅋㅋㅋ ㅋㅋㅋ,0.19684824347496033,0.19181163609027863,0.08597112447023392,0.03480173647403717,0.4352233111858368,0.055343907326459885
2024-03-24 13:28:24,알론소 대박 ㅋㅋㅋㅋ,,20,20.0,알론소 대박 ㅋㅋㅋㅋ ,알론소 대박 ㅋㅋㅋㅋ,0.12062183022499084,0.08181371539831161,0.052715521305799484,0.029681725427508354,0.6879106163978577,0.02725660614669323
2024-03-24 13:28:25,오 페라리 원투,,20,20.0,오 페라리 원투 ,오 페라리 원투,0.11317335814237595,0.07642664760351181,0.052626121789216995,0.03322826698422432,0.6968937516212463,0.027651960030198097
2024-03-24 13:28:26,버짓캡 이 시발련 개좆같은 메르견은 개추 ㅋㅋㅋㅋㅋ,,20,20.0,버짓캡 이 시발련 개좆같은 메르견은 개추 ㅋㅋㅋㅋㅋ ,버짓캡 이 시발련 개좆같은 메르견은 개추 ㅋㅋㅋㅋㅋ,0.18329526484012604,0.12918443977832794,0.30705568194389343,0.10703950375318527,0.2086946666240692,0.06473041325807571
2024-03-24 13:28:27,국왕님 싱글벙글ㅋㅋㅋㅋㅋ,,20,20.0,국왕님 싱글벙글ㅋㅋㅋㅋㅋ ,국왕님 싱글벙글ㅋㅋㅋㅋㅋ,0.11951594054698944,0.07019483298063278,0.0565628819167614,0.04058541730046272,0.6845877170562744,0.02855314128100872
2024-03-24 13:28:29,코가 막힙니다 ㅋㅋㅋㅋㅋ,ㅋㅋㅋㅋ1231,20,20.0,코가 막힙니다 ㅋㅋㅋㅋㅋ ㅋㅋㅋㅋ1231,코가 막힙니다 ㅋㅋㅋㅋㅋ ㅋㅋㅋㅋ1231,0.15354539453983307,0.10541775077581406,0.08075276017189026,0.03586345538496971,0.5945006012916565,0.029920004308223724
2024-03-24 13:28:29,국왕님 타이밍 기가 막히네,ㅋㅋㅋㅋㅋㅋㅋ,20,20.0,국왕님 타이밍 기가 막히네 ㅋㅋㅋㅋㅋㅋㅋ,국왕님 타이밍 기가 막히네 ㅋㅋㅋㅋㅋㅋㅋ,0.17359353601932526,0.13481955230236053,0.06384482234716415,0.03209443762898445,0.5493526458740234,0.04629495367407799
2024-03-24 13:28:29,알론소 타이밍 지리네 ㅋㅋㅋㅋㅋㅋㅋㅋㅋ,기가 막히노,20,20.0,알론소 타이밍 지리네 ㅋㅋㅋㅋㅋㅋㅋㅋㅋ 기가 막히노,알론소 타이밍 지리네 ㅋㅋㅋㅋㅋㅋㅋㅋㅋ 기가 막히노,0.15249192714691162,0.1303430199623108,0.06199236586689949,0.029067451134324074,0.5861945152282715,0.0399106927216053
2024-03-24 13:28:29,전략은 알튜브,"그저 대 론 소
- dc official App",20,20.0,"전략은 알튜브 그저 대 론 소
- dc official App",전략은 알튜브 그저 대 론 소,0.2911015748977661,0.2055889368057251,0.12758152186870575,0.09653979539871216,0.22543808817863464,0.05375000461935997
2024-03-24 13:28:30,사인지 맹장이 몽물같이 데려갔노,"씨발놈아
- dc official App",20,20.0,"사인지 맹장이 몽물같이 데려갔노 씨발놈아
- dc official App",사인지 맹장이 몽물같이 데려갔노 씨발놈아,0.16437450051307678,0.18097999691963196,0.27214112877845764,0.20326565206050873,0.11804821342229843,0.06119048222899437
2024-03-24 13:28:30,운론소 입갤ㅋㅋㅋㅋ,캬ㄱㄱㄱ,20,20.0,운론소 입갤ㅋㅋㅋㅋ 캬ㄱㄱㄱ,운론소 입갤ㅋㅋㅋㅋ 캬ㄱㄱㄱ,0.10121013224124908,0.07053923606872559,0.05415915325284004,0.03397496044635773,0.715690016746521,0.024426447227597237
2024-03-24 13:28:32,간만에 운론소 ㅋㅋㅋㅋㅋㅋㅋ,"이거지
- dc official App",20,20.0,"간만에 운론소 ㅋㅋㅋㅋㅋㅋㅋ 이거지
- dc official App",간만에 운론소 ㅋㅋㅋㅋㅋㅋㅋ 이거지,0.11206876486539841,0.06241400167346001,0.05610847473144531,0.03731532394886017,0.7077373266220093,0.024356119334697723
2024-03-24 13:28:32,물탕이 국왕님 도와주노 ㅋㅋㅋ,,20,20.0,물탕이 국왕님 도와주노 ㅋㅋㅋ ,물탕이 국왕님 도와주노 ㅋㅋㅋ,0.1317204087972641,0.08289626985788345,0.05245485529303551,0.04338519275188446,0.652307391166687,0.03723585978150368
2024-03-24 13:28:33,캬 알국왕은 타이밍도 예술이네,미쳤네,20,20.0,캬 알국왕은 타이밍도 예술이네 미쳤네,캬 알국왕은 타이밍도 예술이네 미쳤네,0.19627860188484192,0.24224133789539337,0.10009642690420151,0.045661624521017075,0.33301660418510437,0.08270538598299026
2024-03-24 13:28:33,알국왕 억빠ㅋㅋㅋㅋㅋ,,20,20.0,알국왕 억빠ㅋㅋㅋㅋㅋ ,알국왕 억빠ㅋㅋㅋㅋㅋ,0.15037958323955536,0.10024772584438324,0.05939953774213791,0.03320951759815216,0.6181533932685852,0.038610268384218216
2024-03-24 13:28:35,이번엔 엔진 게이트 ㅋㅋㅋ,ㅋㅋㅋㅋㅋ,20,20.0,이번엔 엔진 게이트 ㅋㅋㅋ ㅋㅋㅋㅋㅋ,이번엔 엔진 게이트 ㅋㅋㅋ ㅋㅋㅋㅋㅋ,0.14894524216651917,0.09345697611570358,0.07681448757648468,0.03800733759999275,0.6146955490112305,0.02808045782148838
2024-03-24 13:28:35,페페맥맥ㅋㅋㅋㅋㅋㅋㅋㅋㅋ,ㄹㅇ 꿈인가,20,20.0,페페맥맥ㅋㅋㅋㅋㅋㅋㅋㅋㅋ ㄹㅇ 꿈인가,페페맥맥ㅋㅋㅋㅋㅋㅋㅋㅋㅋ ㄹㅇ 꿈인가,0.2044239640235901,0.19226866960525513,0.07636157423257828,0.03510501608252525,0.4376565217971802,0.05418422445654869
2024-03-24 13:28:35,운론소 입갤 ㅋㅋㅋㅋ,ㅋㅋㅋㅋㅋㅋㅋㅋ,20,20.0,운론소 입갤 ㅋㅋㅋㅋ ㅋㅋㅋㅋㅋㅋㅋㅋ,운론소 입갤 ㅋㅋㅋㅋ ㅋㅋㅋㅋㅋㅋㅋㅋ,0.10781700909137726,0.07402997463941574,0.05782124772667885,0.03295988589525223,0.7023624181747437,0.02500939555466175
2024-03-24 13:28:37,알핀 씨발,아이고,20,20.0,알핀 씨발 아이고,알핀 씨발 아이고,0.2024233192205429,0.13100768625736237,0.32463109493255615,0.15558765828609467,0.1355360895395279,0.05081416293978691
2024-03-24 13:28:37,기습 알핀 ㅋㅋ,,20,20.0,기습 알핀 ㅋㅋ ,기습 알핀 ㅋㅋ,0.11095834523439407,0.07677263021469116,0.054254405200481415,0.031765252351760864,0.70250004529953,0.023749347776174545
2024-03-24 13:28:38,5.6은 시발아ㅋㅋㅋㅋ,ㅋㅋㅋㅋ,20,20.0,5.6은 시발아ㅋㅋㅋㅋ ㅋㅋㅋㅋ,5.6은 시발아ㅋㅋㅋㅋ ㅋㅋㅋㅋ,0.25019899010658264,0.14315414428710938,0.2885498106479645,0.13850447535514832,0.11716563254594803,0.06242692470550537
2024-03-24 13:28:38,개슬리 모하노?,ㅋㅋㅋㅋ,20,20.0,개슬리 모하노? ㅋㅋㅋㅋ,개슬리 모하노? ㅋㅋㅋㅋ,0.18847526609897614,0.15331150591373444,0.07208691537380219,0.03636346757411957,0.5028391480445862,0.046923767775297165
2024-03-24 13:28:40,페라리 원투 ㅋㅋㅋㅋㅋ,,20,20.0,페라리 원투 ㅋㅋㅋㅋㅋ ,페라리 원투 ㅋㅋㅋㅋㅋ,0.10931746661663055,0.07179015874862671,0.05415990576148033,0.03159813955426216,0.7068002223968506,0.026334166526794434
2024-03-24 13:28:41,아이 씨발,"개새끼들아
- dc official App",20,20.0,"아이 씨발 개새끼들아
- dc official App",아이 씨발 개새끼들아,0.1789882481098175,0.13411638140678406,0.30449989438056946,0.1783449649810791,0.15793168544769287,0.046118877828121185
2024-03-24 13:28:42,오콘은 왜 저리 떨어짐??,,20,20.0,오콘은 왜 저리 떨어짐?? ,오콘은 왜 저리 떨어짐??,0.3310626447200775,0.18727470934391022,0.15137413144111633,0.17806634306907654,0.0981702134013176,0.05405197665095329
2024-03-24 13:28:46,오늘 대국왕 사고나서 리타한다,내가 봄,20,20.0,오늘 대국왕 사고나서 리타한다 내가 봄,오늘 대국왕 사고나서 리타한다 내가 봄,0.35981330275535583,0.14563173055648804,0.1288539320230484,0.14160148799419403,0.1471693068742752,0.07693025469779968
2024-03-24 13:28:49,대라리 원투ㅋㅋㅋㅋ,,20,20.0,대라리 원투ㅋㅋㅋㅋ ,대라리 원투ㅋㅋㅋㅋ,0.1094471886754036,0.07494024932384491,0.05950428918004036,0.03340771421790123,0.6978225111961365,0.02487805299460888
2024-03-24 13:28:49,티포시들 좋겠다,- dc official App,20,20.0,티포시들 좋겠다 - dc official App,티포시들 좋겠다 - dc official App,0.13584569096565247,0.1028941422700882,0.056639425456523895,0.036665625870227814,0.6336373090744019,0.03431783244013786
2024-03-24 13:28:50,페라리 원투 가능하냐?,원투 가나?,20,20.0,페라리 원투 가능하냐? 원투 가나?,페라리 원투 가능하냐? 원투 가나?,0.20429888367652893,0.26846030354499817,0.08128293603658676,0.04870321974158287,0.30936646461486816,0.08788815885782242
2024-03-24 13:28:52,저절로 웃음이 나오는 짤,‘역대 최고의 드챔 대전’ (호주에서 같이 멸망하며),20,20.0,저절로 웃음이 나오는 짤 ‘역대 최고의 드챔 대전’ (호주에서 같이 멸망하며),저절로 웃음이 나오는 짤 ‘역대 최고의 드챔 대전’ (호주에서 같이 멸망하며),0.12987102568149567,0.07984103262424469,0.06190209835767746,0.033086132258176804,0.6675198674201965,0.02777976728975773
2024-03-24 13:28:53,인간 통계 알론소 ㅋㅋ,,20,20.0,인간 통계 알론소 ㅋㅋ ,인간 통계 알론소 ㅋㅋ,0.16762769222259521,0.17064794898033142,0.08611408621072769,0.033587828278541565,0.4941966235637665,0.04782584682106972
2024-03-24 13:28:55,믿습니다 알론소 포디움,"가즈아
- dc official App",20,20.0,"믿습니다 알론소 포디움 가즈아
- dc official App",믿습니다 알론소 포디움 가즈아,0.13253766298294067,0.08843070268630981,0.05751006677746773,0.04063171148300171,0.6491975784301758,0.0316922627389431
2024-03-24 13:28:55,사-르 갭 왜저럼?,왜 4초 순삳임?,20,20.0,사-르 갭 왜저럼? 왜 4초 순삳임?,사-르 갭 왜저럼? 왜 4초 순삳임?,0.28800544142723083,0.2700178623199463,0.149605855345726,0.11529749631881714,0.10156940668821335,0.0755038931965828
2024-03-24 13:28:55,햄막대전 실화냐 ㅋㅋㅋ,ㅋㅋㅋㅋㅋㅋㅋ뒤에서,20,20.0,햄막대전 실화냐 ㅋㅋㅋ ㅋㅋㅋㅋㅋㅋㅋ뒤에서,햄막대전 실화냐 ㅋㅋㅋ ㅋㅋㅋㅋㅋㅋㅋ뒤에서,0.18830421566963196,0.14985938370227814,0.07201046496629715,0.031744081526994705,0.5199868679046631,0.038095008581876755
2024-03-24 13:28:59,"대라리 1,2 캬",,20,20.0,"대라리 1,2 캬 ","대라리 1,2 캬",0.12265415489673615,0.11348190158605576,0.0667918473482132,0.03240503743290901,0.6326653361320496,0.03200176730751991
2024-03-24 13:29:02,햄막리타<<개꿀잼,,20,20.0,햄막리타<<개꿀잼 ,햄막리타<<개꿀잼,0.11223261803388596,0.0690622553229332,0.0592363141477108,0.03698237985372543,0.7000178694725037,0.022468606010079384
2024-03-24 13:29:02,오늘 병신 포디움 갈 수 있냐?,,20,20.0,오늘 병신 포디움 갈 수 있냐? ,오늘 병신 포디움 갈 수 있냐?,0.20129086077213287,0.21378985047340393,0.07632340490818024,0.04980803281068802,0.3934304714202881,0.06535740941762924
2024-03-24 13:29:08,나머지 17명 합쳐서 드챔 몇개임?,"3챔 7챔 리타자나
- dc official App",20,20.0,"나머지 17명 합쳐서 드챔 몇개임? 3챔 7챔 리타자나
- dc official App",나머지 17명 합쳐서 드챔 몇개임? 3챔 7챔 리타자나,0.24036474525928497,0.35298672318458557,0.11024437844753265,0.06709809601306915,0.14574918150901794,0.08355686813592911
2024-03-24 13:29:09,지금 켰는데 몽골 해물탕 왜 뒤짐?,"체코는 왜 뒤에 쳐박혀있고ㅋㅋ
- dc official App",21,21.0,"지금 켰는데 몽골 해물탕 왜 뒤짐? 체코는 왜 뒤에 쳐박혀있고ㅋㅋ
- dc official App",지금 켰는데 몽골 해물탕 왜 뒤짐? 체코는 왜 뒤에 쳐박혀있고ㅋㅋ,0.2777283787727356,0.23819932341575623,0.18540740013122559,0.09620542824268341,0.11937036365270615,0.08308910578489304
2024-03-24 13:29:15,어어 이거 완전 크래쉬게이트?,"어어
- dc official App",21,21.0,"어어 이거 완전 크래쉬게이트? 어어
- dc official App",어어 이거 완전 크래쉬게이트? 어어,0.20129498839378357,0.34167811274528503,0.12694470584392548,0.06725779920816422,0.14051897823810577,0.12230541557073593
2024-03-24 13:29:17,보타스 인터벌 17초 ㅡㅋㅋㅋㅋㅋㅋ,그밑에 오콘ㅋㅋㅋㅋㅋ,21,21.0,보타스 인터벌 17초 ㅡㅋㅋㅋㅋㅋㅋ 그밑에 오콘ㅋㅋㅋㅋㅋ,보타스 인터벌 17초 ㅡㅋㅋㅋㅋㅋㅋ 그밑에 오콘ㅋㅋㅋㅋㅋ,0.14078330993652344,0.11781461536884308,0.06905234605073929,0.031099898740649223,0.611484706401825,0.029765168204903603
2024-03-24 13:29:19,월챔 한명 더있지않노 ㅋㅋ,ㅋㅋㅋ,21,21.0,월챔 한명 더있지않노 ㅋㅋ ㅋㅋㅋ,월챔 한명 더있지않노 ㅋㅋ ㅋㅋㅋ,0.16403551399707794,0.12252958863973618,0.0810430720448494,0.03365762531757355,0.5585718154907227,0.04016238451004028
2024-03-24 13:29:20,체코는 왜 못올라오냐 어이구,깝깝하다,21,21.0,체코는 왜 못올라오냐 어이구 깝깝하다,체코는 왜 못올라오냐 어이구 깝깝하다,0.27397337555885315,0.12711645662784576,0.19766606390476227,0.2551737427711487,0.09240984171628952,0.053660523146390915
2024-03-24 13:29:22,"""처신 잘하라고 새끼야""","자꾸 그러면 엔진 끈다?
- dc official App",21,21.0,"""처신 잘하라고 새끼야"" 자꾸 그러면 엔진 끈다?
- dc official App","""처신 잘하라고 새끼야"" 자꾸 그러면 엔진 끈다?",0.18177953362464905,0.230743870139122,0.2813911437988281,0.13045533001422882,0.10679076611995697,0.06883938610553741
2024-03-24 13:29:23,페라리 또 프리뚜파이뜨 하면 어캄,ㅋㅋ,21,21.0,페라리 또 프리뚜파이뜨 하면 어캄 ㅋㅋ,페라리 또 프리뚜파이뜨 하면 어캄 ㅋㅋ,0.27127450704574585,0.24809134006500244,0.09490582346916199,0.06862779706716537,0.22967541217803955,0.08742513507604599
2024-03-24 13:29:22,사인즈 진짜 레드불 가는거 아니냐,페레좆 포디옴 못들면 ㄹㅇ,21,21.0,사인즈 진짜 레드불 가는거 아니냐 페레좆 포디옴 못들면 ㄹㅇ,사인즈 진짜 레드불 가는거 아니냐 페레좆 포디옴 못들면 ㄹㅇ,0.21614377200603485,0.35656440258026123,0.10546997934579849,0.06700093299150467,0.13993258774280548,0.11488829553127289
2024-03-24 13:29:23,딸깍,,21,21.0,딸깍 ,딸깍,0.14395388960838318,0.11986523121595383,0.06777320802211761,0.037324208766222,0.597237765789032,0.033845677971839905
2024-03-24 13:29:24,병신 딸깍쇼 시작ㅋㅋㅋㅋㅋ,ㅋㅋㅋㅋ,21,21.0,병신 딸깍쇼 시작ㅋㅋㅋㅋㅋ ㅋㅋㅋㅋ,병신 딸깍쇼 시작ㅋㅋㅋㅋㅋ ㅋㅋㅋㅋ,0.12264671921730042,0.08628495782613754,0.06544739753007889,0.03316810727119446,0.6670997738838196,0.02535312995314598
2024-03-24 13:29:25,보내주노 ㅋㅋㅋㅋㅋㅋ,,21,21.0,보내주노 ㅋㅋㅋㅋㅋㅋ ,보내주노 ㅋㅋㅋㅋㅋㅋ,0.12714524567127228,0.07614865154027939,0.059564054012298584,0.03833365812897682,0.6724575757980347,0.02635081671178341
2024-03-24 13:29:33,완주율 60퍼라는데,6명 남았다는 거지? ㅋㅋ,21,21.0,완주율 60퍼라는데 6명 남았다는 거지? ㅋㅋ,완주율 60퍼라는데 6명 남았다는 거지? ㅋㅋ,0.24682623147964478,0.3201732635498047,0.12814785540103912,0.06991073489189148,0.134700745344162,0.10024118423461914
2024-03-24 13:29:46,알론소의 피트 타이밍이 싱가포르 때가 기억날정도로 기가막히네,물탕이형이 오랜 동료애 보여주셨네 ㅋㅋ,21,21.0,알론소의 피트 타이밍이 싱가포르 때가 기억날정도로 기가막히네 물탕이형이 오랜 동료애 보여주셨네 ㅋㅋ,알론소의 피트 타이밍이 싱가포르 때가 기억날정도로 기가막히네 물탕이형이 오랜 동료애 보여주셨네 ㅋㅋ,0.16682718694210052,0.11128639429807663,0.05743208900094032,0.036243658512830734,0.5796682238578796,0.04854252189397812
2024-03-24 13:29:47,현재 트랙 위에 유일한 유관,킹론소ㄷㄷ,21,21.0,현재 트랙 위에 유일한 유관 킹론소ㄷㄷ,현재 트랙 위에 유일한 유관 킹론소ㄷㄷ,0.1946270912885666,0.25991398096084595,0.08484772592782974,0.03952397033572197,0.335947185754776,0.08514005690813065
2024-03-24 13:29:47,물탕몽골 다 뒤진거 얼마만이냐,21몬자이후 처음 아님?,21,21.0,물탕몽골 다 뒤진거 얼마만이냐 21몬자이후 처음 아님?,물탕몽골 다 뒤진거 얼마만이냐 21몬자이후 처음 아님?,0.23003825545310974,0.29714158177375793,0.1401861011981964,0.07361974567174911,0.11623582988977432,0.14277850091457367
2024-03-24 13:29:49,차빨챔 두마리 사라지니 페라리 vs 맥라렌이 나오네 ㄷㄷㄷㄷㄷㄷㄷㄷㄷㄷ,ㄷㄷㄷㄷ,21,21.0,차빨챔 두마리 사라지니 페라리 vs 맥라렌이 나오네 ㄷㄷㄷㄷㄷㄷㄷㄷㄷㄷ ㄷㄷㄷㄷ,차빨챔 두마리 사라지니 페라리 vs 맥라렌이 나오네 ㄷㄷㄷㄷㄷㄷㄷㄷㄷㄷ ㄷㄷㄷㄷ,0.21640482544898987,0.3221643567085266,0.14642123878002167,0.07268943637609482,0.11052757501602173,0.1317925602197647
2024-03-24 13:29:59,씨발 오늘 진짜 좆같네,걍 끄고 자러감 ㅅㄱ,21,21.0,씨발 오늘 진짜 좆같네 걍 끄고 자러감 ㅅㄱ,씨발 오늘 진짜 좆같네 걍 끄고 자러감 ㅅㄱ,0.21258319914340973,0.0969550833106041,0.2708415389060974,0.21474777162075043,0.1622440367937088,0.042628414928913116
2024-03-24 13:30:00,똥차놈들ㅋㅋㅋㅋㅋ걍 나가라,,21,21.0,똥차놈들ㅋㅋㅋㅋㅋ걍 나가라 ,똥차놈들ㅋㅋㅋㅋㅋ걍 나가라,0.16890200972557068,0.16209056973457336,0.3249042332172394,0.1505054235458374,0.13141977787017822,0.062177952378988266
2024-03-24 13:30:00,그저 좆핀 ㅋㅋㅋ,,21,21.0,그저 좆핀 ㅋㅋㅋ ,그저 좆핀 ㅋㅋㅋ,0.23399218916893005,0.10876312106847763,0.1321152299642563,0.0645599365234375,0.416738361120224,0.04383116215467453
2024-03-24 13:30:01,이건 ㄹㅇ 알핀 전략이 이상한데,"즈그들 차 느린건 그렇다 쳐도 미디엄 타이어 디그레이션 심한거 고려해서 배틀 시키는게 맞움? 가슬리가 느린건 맞는데 67이랑 8번코너 어택하는거 보면 프랙에서 보여준 성향이랑 비교하면 가슬리는 최상은 아니라도 차랑 타이어에 비해 좋은 기록임. 특히 진짜 직선에서 너무 차이남. Drs까지 키는데
근데 뭐 버추얼 세이프티카 나와서 내가 틀렸구나 했는데
씨발 핏인 5.1초 ㅋㅋㅋㅋㅋㅋ ㄹㅇ 가슬리 싫어하는듯
특히 버추얼 세이프티카 뜨자마자 오콘 먼저 핏인 시킨건 진짜 아니라고 생각함. 점마는 이미 바꿨는데",21,21.0,"이건 ㄹㅇ 알핀 전략이 이상한데 즈그들 차 느린건 그렇다 쳐도 미디엄 타이어 디그레이션 심한거 고려해서 배틀 시키는게 맞움? 가슬리가 느린건 맞는데 67이랑 8번코너 어택하는거 보면 프랙에서 보여준 성향이랑 비교하면 가슬리는 최상은 아니라도 차랑 타이어에 비해 좋은 기록임. 특히 진짜 직선에서 너무 차이남. Drs까지 키는데
근데 뭐 버추얼 세이프티카 나와서 내가 틀렸구나 했는데
씨발 핏인 5.1초 ㅋㅋㅋㅋㅋㅋ ㄹㅇ 가슬리 싫어하는듯
특히 버추얼 세이프티카 뜨자마자 오콘 먼저 핏인 시킨건 진짜 아니라고 생각함. 점마는 이미 바꿨는데",이건 ㄹㅇ 알핀 전략이 이상한데 즈그들 차 느린건 그렇다 쳐도 미디엄 타이어 디그레이션 심한거 고려해서 배틀 시키는게 맞움? 가슬리가 느린건 맞는데 67이랑 8번코너 어택하는거 보면 프랙에서 보여준 성향이랑 비교하면 가슬리는 최상은 아니라도 차랑 타이어에 비해 좋은 기록임. 특히 진짜 직선에서 너무 차이남. Drs까지 키는데 근데 뭐 버추얼 세이프티카 나와서 내가 틀렸구나 했는데 씨발 핏인 5.1초 ㅋㅋㅋㅋㅋㅋ ㄹㅇ 가슬리 싫어하는듯 특히 버추얼 세이프티카 뜨자마자 오콘 먼저 핏인 시킨건 진짜 아니라고 생각함. 점마는 이미 바꿨는데,0.28763866424560547,0.20558278262615204,0.187017023563385,0.1787061095237732,0.07507240772247314,0.06598302721977234
2024-03-24 13:30:03,개ㅈ핀 ㅋㅋㅋㅋㅋㅋㅋㅋㅋㅋㅋㅋㅋㅋㅋㅋ,,21,21.0,개ㅈ핀 ㅋㅋㅋㅋㅋㅋㅋㅋㅋㅋㅋㅋㅋㅋㅋㅋ ,개ㅈ핀 ㅋㅋㅋㅋㅋㅋㅋㅋㅋㅋㅋㅋㅋㅋㅋㅋ,0.2088693529367447,0.13040174543857574,0.13302695751190186,0.055368270725011826,0.4262756109237671,0.04605809599161148
2024-03-24 13:30:04,좆 핀,ㅋㅋ,21,21.0,좆 핀 ㅋㅋ,좆 핀 ㅋㅋ,0.14029966294765472,0.09526883810758591,0.07482107728719711,0.034292224794626236,0.6276082396507263,0.027709918096661568
2024-03-24 13:30:08,죄다 뒤지네 씨발 ㅋㅋㅋㅋㅋㅋ,,21,21.0,죄다 뒤지네 씨발 ㅋㅋㅋㅋㅋㅋ ,죄다 뒤지네 씨발 ㅋㅋㅋㅋㅋㅋ,0.18478454649448395,0.11253544688224792,0.31854039430618286,0.20440024137496948,0.13384562730789185,0.04589376598596573
2024-03-24 13:30:11,개좆핀 ㅋㅋㅋ,"ㅋㅋㅋㅋㅋ
- dc official App",21,21.0,"개좆핀 ㅋㅋㅋ ㅋㅋㅋㅋㅋ
- dc official App",개좆핀 ㅋㅋㅋ ㅋㅋㅋㅋㅋ,0.1314367800951004,0.07814601808786392,0.0683077871799469,0.036607757210731506,0.6612192392349243,0.024282507598400116
2024-03-24 13:30:20,오콘은 티어오프 낀거라던데,,21,21.0,오콘은 티어오프 낀거라던데 ,오콘은 티어오프 낀거라던데,0.2762269079685211,0.3164828419685364,0.0995304211974144,0.08329852670431137,0.15667282044887543,0.06778853386640549
2024-03-24 13:30:21,페멕 근본대전 개멋있다,,21,21.0,페멕 근본대전 개멋있다 ,페멕 근본대전 개멋있다,0.15770171582698822,0.1071464791893959,0.06081552430987358,0.03476710245013237,0.6006818413734436,0.03888729587197304
2024-03-24 13:30:23,근데 페레즈는 패널티 받았다곤해도,"벌써 20랩 다되가는데
무슨 레드불로 저기서 해메고 있냐;;",21,21.0,"근데 페레즈는 패널티 받았다곤해도 벌써 20랩 다되가는데
무슨 레드불로 저기서 해메고 있냐;;",근데 페레즈는 패널티 받았다곤해도 벌써 20랩 다되가는데 무슨 레드불로 저기서 해메고 있냐;;,0.2894291281700134,0.2372787892818451,0.16001370549201965,0.13680048286914825,0.07837173342704773,0.09810618311166763
2024-03-24 13:30:28,호주가 중동보다 불이 더 ㅋㅋㅋ,ㅇㅇㅋ,21,21.0,호주가 중동보다 불이 더 ㅋㅋㅋ ㅇㅇㅋ,호주가 중동보다 불이 더 ㅋㅋㅋ ㅇㅇㅋ,0.27699151635169983,0.2595396935939789,0.14244742691516876,0.07069989293813705,0.13387735188007355,0.11644403636455536
2024-03-24 13:30:28,페 vs 맥 얼마만이냐 ㅠ,하키넨 형님 그립,21,21.0,페 vs 맥 얼마만이냐 ㅠ 하키넨 형님 그립,페 vs 맥 얼마만이냐 ㅠ 하키넨 형님 그립,0.23523086309432983,0.14578962326049805,0.11802330613136292,0.14298151433467865,0.28941985964775085,0.06855480372905731
2024-03-24 13:30:29,팀메대전ㅋㅋㅋㅋ,ㅋㅋㅋㅋ,21,21.0,팀메대전ㅋㅋㅋㅋ ㅋㅋㅋㅋ,팀메대전ㅋㅋㅋㅋ ㅋㅋㅋㅋ,0.11863261461257935,0.07410487532615662,0.05800821632146835,0.03212687745690346,0.6948066353797913,0.02232089452445507
2024-03-24 13:30:29,진짜 저게 워크스임???,애밐ㅋㅋㅋㅋㅋㅋㅋㅋㅋㅋㅋ,21,21.0,진짜 저게 워크스임??? 애밐ㅋㅋㅋㅋㅋㅋㅋㅋㅋㅋㅋ,진짜 저게 워크스임??? 애밐ㅋㅋㅋㅋㅋㅋㅋㅋㅋㅋㅋ,0.2487572282552719,0.26914680004119873,0.16970813274383545,0.08272583782672882,0.11903302371501923,0.11062899976968765
2024-03-24 13:30:32,오늘 리어 오른쪽에 뭐가 끼나보네,"흠
- dc official App",22,22.0,"오늘 리어 오른쪽에 뭐가 끼나보네 흠
- dc official App",오늘 리어 오른쪽에 뭐가 끼나보네 흠,0.2534688115119934,0.3061622381210327,0.11578576266765594,0.10311830788850784,0.13479764759540558,0.08666731417179108
2024-03-24 13:30:32,르끌 행동 입갤 ㅋㅋㅋㅋㅋㅋㅋㅋㅋㅋ,,22,22.0,르끌 행동 입갤 ㅋㅋㅋㅋㅋㅋㅋㅋㅋㅋ ,르끌 행동 입갤 ㅋㅋㅋㅋㅋㅋㅋㅋㅋㅋ,0.11062543094158173,0.07598530501127243,0.05772421136498451,0.032083503901958466,0.6976162791252136,0.025965295732021332
2024-03-24 13:30:34,훼라리 팀메 대결 입갤ㅋㅋㅋㅋ,ㅋㅋㅋㅋㅋㅋ,22,22.0,훼라리 팀메 대결 입갤ㅋㅋㅋㅋ ㅋㅋㅋㅋㅋㅋ,훼라리 팀메 대결 입갤ㅋㅋㅋㅋ ㅋㅋㅋㅋㅋㅋ,0.11214841157197952,0.08093956112861633,0.058004483580589294,0.031568143516778946,0.6915034055709839,0.025836018845438957
2024-03-24 13:30:36,퍼스트 대결 입갤 ㅋㅋㅋ,,22,22.0,퍼스트 대결 입갤 ㅋㅋㅋ ,퍼스트 대결 입갤 ㅋㅋㅋ,0.12579374015331268,0.10102902352809906,0.06413058191537857,0.03254276141524315,0.6455431580543518,0.030960695818066597
2024-03-24 13:30:36,와 페라리 서로 끌어주는 효과 볼 듯,,22,22.0,와 페라리 서로 끌어주는 효과 볼 듯 ,와 페라리 서로 끌어주는 효과 볼 듯,0.20470906794071198,0.20326536893844604,0.07028324902057648,0.033601753413677216,0.4252361059188843,0.0629044622182846
2024-03-24 13:30:37,알본 포인트 갈 수 있냐?,,22,22.0,알본 포인트 갈 수 있냐? ,알본 포인트 갈 수 있냐?,0.21367938816547394,0.3105001747608185,0.09535040706396103,0.06589072197675705,0.22624114155769348,0.08833819627761841
2024-03-24 13:30:44,페라리 원투 씹ㅋㅋㅋㅋㅋㅋㅋㅋㅋㅋㅋㅋㅋㅋ,무야호ㅋㅋㅋㅋㅋㅋㅋㅋㅋㅋ,22,22.0,페라리 원투 씹ㅋㅋㅋㅋㅋㅋㅋㅋㅋㅋㅋㅋㅋㅋ 무야호ㅋㅋㅋㅋㅋㅋㅋㅋㅋㅋ,페라리 원투 씹ㅋㅋㅋㅋㅋㅋㅋㅋㅋㅋㅋㅋㅋㅋ 무야호ㅋㅋㅋㅋㅋㅋㅋㅋㅋㅋ,0.11169858276844025,0.06634820997714996,0.05427161231637001,0.03328400477766991,0.7092618942260742,0.025135600939393044
2024-03-24 13:30:52,슬슬... 서로 죽여라 ㅋㅋ,,22,22.0,슬슬... 서로 죽여라 ㅋㅋ ,슬슬... 서로 죽여라 ㅋㅋ,0.26326462626457214,0.19582068920135498,0.1887648105621338,0.13587602972984314,0.11271947622299194,0.10355441272258759
2024-03-24 13:30:54,몽골 해물탕 같이 리타한게 벌써 3년전 아님?,존나오랜만이네,22,22.0,몽골 해물탕 같이 리타한게 벌써 3년전 아님? 존나오랜만이네,몽골 해물탕 같이 리타한게 벌써 3년전 아님? 존나오랜만이네,0.24772699177265167,0.26335492730140686,0.10750206559896469,0.05424335598945618,0.20146217942237854,0.12571053206920624
2024-03-24 13:30:54,몬차의 악몽이 기억난다,"제발 싸우지마
- dc official App",22,22.0,"몬차의 악몽이 기억난다 제발 싸우지마
- dc official App",몬차의 악몽이 기억난다 제발 싸우지마,0.25623807311058044,0.19065167009830475,0.1359870284795761,0.17928080260753632,0.13605010509490967,0.10179231315851212
2024-03-24 13:30:57,만약 되면 쿠팡 중계 시작하고 첫 페라리 원투임?,ㅇㅇ,22,22.0,만약 되면 쿠팡 중계 시작하고 첫 페라리 원투임? ㅇㅇ,만약 되면 쿠팡 중계 시작하고 첫 페라리 원투임? ㅇㅇ,0.21007832884788513,0.2564874589443207,0.08328758180141449,0.040168147534132004,0.326127290725708,0.08385129272937775
2024-03-24 13:31:01,레드불 견들아 희망을 놓지 마라,"응 형이야
형이 이번엔 사고 안내고 갈게",22,22.0,"레드불 견들아 희망을 놓지 마라 응 형이야
형이 이번엔 사고 안내고 갈게",레드불 견들아 희망을 놓지 마라 응 형이야 형이 이번엔 사고 안내고 갈게,0.19557106494903564,0.15336917340755463,0.08424165099859238,0.09555352479219437,0.388317734003067,0.08294686675071716
2024-03-24 13:31:05,티어오프 맞네,허,22,22.0,티어오프 맞네 허,티어오프 맞네 허,0.2399866133928299,0.2878982722759247,0.10303407907485962,0.04752080887556076,0.22001580893993378,0.10154442489147186
2024-03-24 13:31:06,쁘리뚜빠이뜨 입갤,,22,22.0,쁘리뚜빠이뜨 입갤 ,쁘리뚜빠이뜨 입갤,0.13388139009475708,0.10373738408088684,0.06764793395996094,0.03533130884170532,0.6271442770957947,0.03225773572921753
2024-03-24 13:31:06,뭔 평소엔 잘 안일어나는 일도 보이네 ㅋㅋ,바이저덕트 ㅋㅋ,22,22.0,뭔 평소엔 잘 안일어나는 일도 보이네 ㅋㅋ 바이저덕트 ㅋㅋ,뭔 평소엔 잘 안일어나는 일도 보이네 ㅋㅋ 바이저덕트 ㅋㅋ,0.27214300632476807,0.28659138083457947,0.12829644978046417,0.06411395967006683,0.14009696245193481,0.10875818133354187
2024-03-24 13:31:11,그런데 병신팀들 의욕 없어서 피트 조지는거 이해는 가긴함,뭣하러 일 열심히함 어차피 노포이고 시즌 끝나고 연대책임으로 짤릴 운명인데 ㅋㅋㅋ,22,22.0,그런데 병신팀들 의욕 없어서 피트 조지는거 이해는 가긴함 뭣하러 일 열심히함 어차피 노포이고 시즌 끝나고 연대책임으로 짤릴 운명인데 ㅋㅋㅋ,그런데 병신팀들 의욕 없어서 피트 조지는거 이해는 가긴함 뭣하러 일 열심히함 어차피 노포이고 시즌 끝나고 연대책임으로 짤릴 운명인데 ㅋㅋㅋ,0.24396052956581116,0.2682807445526123,0.1425100862979889,0.14235419034957886,0.08721187710762024,0.11568257212638855
2024-03-24 13:31:11,르끌이 꼴박해서 대인츠랑 동반탈락하면 오늘 완성인데,이벤트 더없노,22,22.0,르끌이 꼴박해서 대인츠랑 동반탈락하면 오늘 완성인데 이벤트 더없노,르끌이 꼴박해서 대인츠랑 동반탈락하면 오늘 완성인데 이벤트 더없노,0.349775105714798,0.1439516544342041,0.14121025800704956,0.19334879517555237,0.10443098843097687,0.0672832652926445
2024-03-24 13:31:11,아아 머리가..,ㅋㅋ,22,22.0,아아 머리가.. ㅋㅋ,아아 머리가.. ㅋㅋ,0.2518094778060913,0.20276013016700745,0.09308205544948578,0.048563290387392044,0.33308693766593933,0.07069811224937439
2024-03-24 13:31:13,르끌 어뢰…… 어케 안되겠죠? ㅋㅋㅋㅋㅋㅋㅋㅋㅋ,ㅋㅋㅋㅋㅋㅋㅋㅋㅋㅋㅋ,22,22.0,르끌 어뢰…… 어케 안되겠죠? ㅋㅋㅋㅋㅋㅋㅋㅋㅋ ㅋㅋㅋㅋㅋㅋㅋㅋㅋㅋㅋ,르끌 어뢰…… 어케 안되겠죠? ㅋㅋㅋㅋㅋㅋㅋㅋㅋ ㅋㅋㅋㅋㅋㅋㅋㅋㅋㅋㅋ,0.3422502875328064,0.15522049367427826,0.13296286761760712,0.12598857283592224,0.1544123888015747,0.08916540443897247
2024-03-24 13:31:12,"이게 F1이야, 마리오카트야?","씨발 탬전함? ㅋㅋㅋㅋ
뭔 티어오프로 순위조작하냐? ㅋㅋㅋ",22,22.0,"이게 F1이야, 마리오카트야? 씨발 탬전함? ㅋㅋㅋㅋ
뭔 티어오프로 순위조작하냐? ㅋㅋㅋ","이게 F1이야, 마리오카트야? 씨발 탬전함? ㅋㅋㅋㅋ 뭔 티어오프로 순위조작하냐? ㅋㅋㅋ",0.23997212946414948,0.2043929249048233,0.23981954157352448,0.15389294922351837,0.09395205229520798,0.06797042489051819
2024-03-24 13:31:21,ㅈ핀은 억까까지 당하누 ㅋㅋㅋㅋㅋ,ㅈㄴ웃기네 ㅋㅋㅋㅋㅋㅋㅋㅋㅋㅋㅋㅋㅋㅋㅋㅋ,22,22.0,ㅈ핀은 억까까지 당하누 ㅋㅋㅋㅋㅋ ㅈㄴ웃기네 ㅋㅋㅋㅋㅋㅋㅋㅋㅋㅋㅋㅋㅋㅋㅋㅋ,ㅈ핀은 억까까지 당하누 ㅋㅋㅋㅋㅋ ㅈㄴ웃기네 ㅋㅋㅋㅋㅋㅋㅋㅋㅋㅋㅋㅋㅋㅋㅋㅋ,0.27632397413253784,0.21268154680728912,0.1404319703578949,0.06351718306541443,0.2147444635629654,0.09230094403028488
2024-03-24 13:31:22,케로 엪과사전 미쳤노ㅋㅋ,ㅋㅋ,22,22.0,케로 엪과사전 미쳤노ㅋㅋ ㅋㅋ,케로 엪과사전 미쳤노ㅋㅋ ㅋㅋ,0.1522119641304016,0.14398707449436188,0.06844045221805573,0.030046069994568825,0.5693219900131226,0.03599245101213455
2024-03-24 13:31:22,호주 <<< 불판구이 맛집이면 개추 ㅋㅋㅋㅋ,차들 싹 다 불맛 ㅈ되네 ㅋㅋㅋㅋ,22,22.0,호주 <<< 불판구이 맛집이면 개추 ㅋㅋㅋㅋ 차들 싹 다 불맛 ㅈ되네 ㅋㅋㅋㅋ,호주 <<< 불판구이 맛집이면 개추 ㅋㅋㅋㅋ 차들 싹 다 불맛 ㅈ되네 ㅋㅋㅋㅋ,0.12186682224273682,0.08939959108829498,0.058807987719774246,0.031198576092720032,0.6683087348937988,0.030418310314416885
2024-03-24 13:31:22,"99,00,07,08낭만 입갤 ㅋㅋ",,22,22.0,"99,00,07,08낭만 입갤 ㅋㅋ ","99,00,07,08낭만 입갤 ㅋㅋ",0.12910868227481842,0.0849955752491951,0.07234695553779602,0.03999633714556694,0.6457345485687256,0.027817968279123306
2024-03-24 13:31:23,레드불 리어가 낙엽이나 티어오프에 좀 약한듯?,페레즈도 리어 지랄났고 몽골도 지랄났는데,22,22.0,레드불 리어가 낙엽이나 티어오프에 좀 약한듯? 페레즈도 리어 지랄났고 몽골도 지랄났는데,레드불 리어가 낙엽이나 티어오프에 좀 약한듯? 페레즈도 리어 지랄났고 몽골도 지랄났는데,0.25701943039894104,0.3004615306854248,0.1419415920972824,0.1524822860956192,0.07896436750888824,0.06913084536790848
2024-03-24 13:31:28,근데 티어오프 차 안에 넣게 못하나,맨날 끼는데,22,22.0,근데 티어오프 차 안에 넣게 못하나 맨날 끼는데,근데 티어오프 차 안에 넣게 못하나 맨날 끼는데,0.31397807598114014,0.21771155297756195,0.13790710270404816,0.17835132777690887,0.1037692204117775,0.04828270152211189
2024-03-24 13:31:32,관우 기적같은 포인트 피니쉬 가능하냐?,,22,22.0,관우 기적같은 포인트 피니쉬 가능하냐? ,관우 기적같은 포인트 피니쉬 가능하냐?,0.20504483580589294,0.31599581241607666,0.09027860313653946,0.042727213352918625,0.2462792694568634,0.09967426210641861
2024-03-24 13:31:34,오늘 경기 요약,,22,22.0,오늘 경기 요약 ,오늘 경기 요약,0.23876072466373444,0.23910166323184967,0.10740364342927933,0.07480446994304657,0.28417474031448364,0.05575474724173546
2024-03-24 13:31:37,미끌년 또 1등 욕심내서 사인츠 동반 리타 시키는거아니냐,불안한데? ㅋㅋㅋ,22,22.0,미끌년 또 1등 욕심내서 사인츠 동반 리타 시키는거아니냐 불안한데? ㅋㅋㅋ,미끌년 또 1등 욕심내서 사인츠 동반 리타 시키는거아니냐 불안한데? ㅋㅋㅋ,0.19615791738033295,0.33582159876823425,0.13961248099803925,0.08280406892299652,0.11163239181041718,0.13397154211997986
2024-03-24 13:31:45,르끌 탈모새키가,뒤에 맥라렌 막아야지 뭐하노,22,22.0,르끌 탈모새키가 뒤에 맥라렌 막아야지 뭐하노,르끌 탈모새키가 뒤에 맥라렌 막아야지 뭐하노,0.182805597782135,0.1698201596736908,0.3269475996494293,0.1489911526441574,0.11325875669717789,0.0581766776740551
2024-03-24 13:32:00,사인즈랑 르클이랑 배틀하다 충돌 동반리타,하면 페라리 멸망,23,23.0,사인즈랑 르클이랑 배틀하다 충돌 동반리타 하면 페라리 멸망,사인즈랑 르클이랑 배틀하다 충돌 동반리타 하면 페라리 멸망,0.20316296815872192,0.3704867362976074,0.11960102617740631,0.06417518854141235,0.14703507721424103,0.09553901106119156
2024-03-24 13:32:04,마리오카트마냥 바이저 뿌리면 안됨?,한 20개 붙이고 오는거지,23,23.0,마리오카트마냥 바이저 뿌리면 안됨? 한 20개 붙이고 오는거지,마리오카트마냥 바이저 뿌리면 안됨? 한 20개 붙이고 오는거지,0.30429956316947937,0.16646425426006317,0.18355602025985718,0.15515035390853882,0.12994828820228577,0.06058153510093689
2024-03-24 13:32:07,오늘 시간 왜이렇게 빨리가냐,내가 아는 F1이 아니다 익이,23,23.0,오늘 시간 왜이렇게 빨리가냐 내가 아는 F1이 아니다 익이,오늘 시간 왜이렇게 빨리가냐 내가 아는 F1이 아니다 익이,0.29841068387031555,0.16942253708839417,0.09148698300123215,0.07118605077266693,0.2759477198123932,0.09354603290557861
2024-03-24 13:32:09,사인지 패랩,,23,23.0,사인지 패랩 ,사인지 패랩,0.19657115638256073,0.21147421002388,0.09267431497573853,0.048365943133831024,0.4125509560108185,0.03836340829730034
2024-03-24 13:32:18,페라리 크루징ㅋㅋㅋㅋㅋㅋㅋㅋ,ㅆㅅㅌㅊㅋㅋㅋㅋㅋㅋㅋㅋㅋ,23,23.0,페라리 크루징ㅋㅋㅋㅋㅋㅋㅋㅋ ㅆㅅㅌㅊㅋㅋㅋㅋㅋㅋㅋㅋㅋ,페라리 크루징ㅋㅋㅋㅋㅋㅋㅋㅋ ㅆㅅㅌㅊㅋㅋㅋㅋㅋㅋㅋㅋㅋ,0.11312484741210938,0.06882670521736145,0.056150536984205246,0.03611559793353081,0.699330747127533,0.026451479643583298
2024-03-24 13:32:21,"사인지 우승, 피아제 우승, 누리스 우승, 르끌 우승",뭐가 나와도 꿀잼이겠노,23,23.0,"사인지 우승, 피아제 우승, 누리스 우승, 르끌 우승 뭐가 나와도 꿀잼이겠노","사인지 우승, 피아제 우승, 누리스 우승, 르끌 우승 뭐가 나와도 꿀잼이겠노",0.16138115525245667,0.12885688245296478,0.07886188477277756,0.03606827184557915,0.5546453595161438,0.04018641635775566
2024-03-24 13:32:24,또 당신들입니까..,몽물은 신이다,23,23.0,또 당신들입니까.. 몽물은 신이다,또 당신들입니까.. 몽물은 신이다,0.21852341294288635,0.19871020317077637,0.1258491724729538,0.10656338185071945,0.193402498960495,0.15695135295391083
2024-03-24 13:32:27,사인츠 진짜 개빠른데 ㅋㅋㅋㅋㅋㅋ,"존나빨라
- dc official App",23,23.0,"사인츠 진짜 개빠른데 ㅋㅋㅋㅋㅋㅋ 존나빨라
- dc official App",사인츠 진짜 개빠른데 ㅋㅋㅋㅋㅋㅋ 존나빨라,0.21125735342502594,0.285331130027771,0.1004113182425499,0.03853960707783699,0.27855488657951355,0.08590570092201233
2024-03-24 13:32:28,싸인지 시즌 1557호 패랩 갱신,,23,23.0,싸인지 시즌 1557호 패랩 갱신 ,싸인지 시즌 1557호 패랩 갱신,0.1539146602153778,0.13833819329738617,0.07269483059644699,0.03987055644392967,0.5574050545692444,0.03777662292122841
2024-03-24 13:32:30,페라리 원투 피아제 슈이하면 완벽하누,,23,23.0,페라리 원투 피아제 슈이하면 완벽하누 ,페라리 원투 피아제 슈이하면 완벽하누,0.1933307647705078,0.23227761685848236,0.07671646773815155,0.038638390600681305,0.38816314935684204,0.07087361812591553
2024-03-24 13:32:31,동반리타 <~~~~ 슬슬 마려움,근데 차이 벌어지네,23,23.0,동반리타 <~~~~ 슬슬 마려움 근데 차이 벌어지네,동반리타 <~~~~ 슬슬 마려움 근데 차이 벌어지네,0.31413334608078003,0.17990227043628693,0.11226267367601395,0.10195635259151459,0.2035474181175232,0.08819791674613953
2024-03-24 13:32:31,우리퍼스트 준내 잘탄다,ㅅㅅㅅㅅㅅㅅㅅㅅ,23,23.0,우리퍼스트 준내 잘탄다 ㅅㅅㅅㅅㅅㅅㅅㅅ,우리퍼스트 준내 잘탄다 ㅅㅅㅅㅅㅅㅅㅅㅅ,0.10987189412117004,0.05929115414619446,0.05242965370416641,0.04232063144445419,0.7085946798324585,0.02749200351536274
2024-03-24 13:32:38,햄막 동반리타?,여기 몬자였네,23,23.0,햄막 동반리타? 여기 몬자였네,햄막 동반리타? 여기 몬자였네,0.24229955673217773,0.3215673863887787,0.10178722441196442,0.058772265911102295,0.1825980246067047,0.09297555685043335
2024-03-24 13:32:45,지금왔는데 베르스타펜 왜 아웃이냐,사고남?ㅋㅋㅋ,23,23.0,지금왔는데 베르스타펜 왜 아웃이냐 사고남?ㅋㅋㅋ,지금왔는데 베르스타펜 왜 아웃이냐 사고남?ㅋㅋㅋ,0.2829127013683319,0.2659605145454407,0.12670929729938507,0.07440463453531265,0.15107063949108124,0.09894227236509323
2024-03-24 13:32:56,"르끌, 바리첼로가 돼라",도미보다는 가자미가 어울린다,23,23.0,"르끌, 바리첼로가 돼라 도미보다는 가자미가 어울린다","르끌, 바리첼로가 돼라 도미보다는 가자미가 어울린다",0.232308492064476,0.2975344657897949,0.12022725492715836,0.07526169717311859,0.1748519241809845,0.09981614351272583
2024-03-24 13:32:59,호준데 우리 피아스트리 포디움 한자리만 주십쇼,더 많이 안바랍니다,23,23.0,호준데 우리 피아스트리 포디움 한자리만 주십쇼 더 많이 안바랍니다,호준데 우리 피아스트리 포디움 한자리만 주십쇼 더 많이 안바랍니다,0.17254756391048431,0.13587099313735962,0.08731026947498322,0.082529716193676,0.4683260917663574,0.053415365517139435
2024-03-24 13:33:15,딸 깍,ㅋㅋㅋㅋ,23,23.0,딸 깍 ㅋㅋㅋㅋ,딸 깍 ㅋㅋㅋㅋ,0.11539529263973236,0.0761612206697464,0.0583047941327095,0.03155822306871414,0.6937617659568787,0.02481871470808983
2024-03-24 13:33:17,^딸깍^,ㅋㅋ,24,24.0,^딸깍^ ㅋㅋ,^딸깍^ ㅋㅋ,0.11587420105934143,0.07225573807954788,0.060488831251859665,0.035351093858480453,0.6931415796279907,0.0228885430842638
2024-03-24 13:33:18,이런 개씨발 내가 안보니까 귀신같이 리타이어,이런 개씨발,24,24.0,이런 개씨발 내가 안보니까 귀신같이 리타이어 이런 개씨발,이런 개씨발 내가 안보니까 귀신같이 리타이어 이런 개씨발,0.1820245236158371,0.11131524294614792,0.314852237701416,0.20822720229625702,0.13836780190467834,0.04521297290921211
2024-03-24 13:33:19,딸깍 존나빠르네,- dc official App,24,24.0,딸깍 존나빠르네 - dc official App,딸깍 존나빠르네 - dc official App,0.20848596096038818,0.28415629267692566,0.09427492320537567,0.03938950598239899,0.30179324746131897,0.07190006971359253
2024-03-24 13:33:19,쥐도 새도 모르게 알본 10위 츠노다 9위 ㅋㅋㅋ,,24,24.0,쥐도 새도 모르게 알본 10위 츠노다 9위 ㅋㅋㅋ ,쥐도 새도 모르게 알본 10위 츠노다 9위 ㅋㅋㅋ,0.21252994239330292,0.18152134120464325,0.12162517011165619,0.051769718527793884,0.367084801197052,0.06546898931264877
2024-03-24 13:33:20,딸깍ㅋㅋㅋ,,24,24.0,딸깍ㅋㅋㅋ ,딸깍ㅋㅋㅋ,0.11462677270174026,0.07854630798101425,0.059668511152267456,0.032901979982852936,0.6889390349388123,0.025317376479506493
2024-03-24 13:33:31,딸깍이도 리타 좀,ㅇ,24,24.0,딸깍이도 리타 좀 ㅇ,딸깍이도 리타 좀 ㅇ,0.2489980012178421,0.1576523631811142,0.11135450750589371,0.09008466452360153,0.3421919047832489,0.04971849545836449
2024-03-24 13:33:33,바이저 티어오프 제거 금지 룰 나오겠네 이러다가,"작년 말에도 이런 문제도 보타스 이슈 있지 않았나
생각보다 자주 보이는 문제 같은데",24,24.0,"바이저 티어오프 제거 금지 룰 나오겠네 이러다가 작년 말에도 이런 문제도 보타스 이슈 있지 않았나
생각보다 자주 보이는 문제 같은데",바이저 티어오프 제거 금지 룰 나오겠네 이러다가 작년 말에도 이런 문제도 보타스 이슈 있지 않았나 생각보다 자주 보이는 문제 같은데,0.2254001945257187,0.33027875423431396,0.11883565783500671,0.12328803539276123,0.09853287041187286,0.10366451740264893
2024-03-24 13:33:48,저거 갭 유지하란 오더 나온거 아닐까,"아님 진짜 느린건가
계속 벌어지는거보면 후자겠지?",24,24.0,"저거 갭 유지하란 오더 나온거 아닐까 아님 진짜 느린건가
계속 벌어지는거보면 후자겠지?",저거 갭 유지하란 오더 나온거 아닐까 아님 진짜 느린건가 계속 벌어지는거보면 후자겠지?,0.22820325195789337,0.3425655961036682,0.12253783643245697,0.09834076464176178,0.1023125872015953,0.10603994131088257
2024-03-24 13:33:53,하스 포인트권 가자,권터가 망친 하스 부활가즈아,24,24.0,하스 포인트권 가자 권터가 망친 하스 부활가즈아,하스 포인트권 가자 권터가 망친 하스 부활가즈아,0.12142099440097809,0.07071235030889511,0.0592242069542408,0.04288579523563385,0.6752048134803772,0.030551912263035774
2024-03-24 13:33:57,그저 딸 깍,"제발 가자
- dc official App",24,24.0,"그저 딸 깍 제발 가자
- dc official App",그저 딸 깍 제발 가자,0.20775018632411957,0.12510380148887634,0.11123368889093399,0.12340664863586426,0.36626166105270386,0.06624402850866318
2024-03-24 13:34:02,시즌 1호 엔진블로우가 메르 ㅋㅋㅋㅋㅋ,메르 엔진 내구성은 좋은 거 아니었음?,24,24.0,시즌 1호 엔진블로우가 메르 ㅋㅋㅋㅋㅋ 메르 엔진 내구성은 좋은 거 아니었음?,시즌 1호 엔진블로우가 메르 ㅋㅋㅋㅋㅋ 메르 엔진 내구성은 좋은 거 아니었음?,0.24094463884830475,0.31726399064064026,0.1153402253985405,0.05788787826895714,0.17505617439746857,0.09350714087486267
2024-03-24 13:34:20,지금 보고있는데,해물탕이랑 막스 왜 아웃임?,24,24.0,지금 보고있는데 해물탕이랑 막스 왜 아웃임?,지금 보고있는데 해물탕이랑 막스 왜 아웃임?,0.30511489510536194,0.26221856474876404,0.13234035670757294,0.08683351427316666,0.12236367166042328,0.09112898260354996
2024-03-24 13:34:28,Fernando faster than you,NO RISK NO RISK,24,24.0,Fernando faster than you NO RISK NO RISK,Fernando faster than you NO RISK NO RISK,0.22426241636276245,0.22981604933738708,0.12192777544260025,0.07582762837409973,0.29265210032463074,0.055514030158519745
2024-03-24 13:34:28,리타이어 목록 웃기네,"해밀턴 베르스타펜ㅋㅋㅋㅋㅋㅋ
- dc official App",24,24.0,"리타이어 목록 웃기네 해밀턴 베르스타펜ㅋㅋㅋㅋㅋㅋ
- dc official App",리타이어 목록 웃기네 해밀턴 베르스타펜ㅋㅋㅋㅋㅋㅋ,0.14852255582809448,0.11391261219978333,0.07074808329343796,0.031243858858942986,0.607109785079956,0.028463143855333328
2024-03-24 13:34:34,극찬ㅋㅋㅋ,ㅋㅋㅋ,24,24.0,극찬ㅋㅋㅋ ㅋㅋㅋ,극찬ㅋㅋㅋ ㅋㅋㅋ,0.11932294815778732,0.0765499398112297,0.054162949323654175,0.033734891563653946,0.6908074617385864,0.02542182058095932
2024-03-24 13:34:34,로켓 ㅇㅈㄹ ㅋㅋ,,24,24.0,로켓 ㅇㅈㄹ ㅋㅋ ,로켓 ㅇㅈㄹ ㅋㅋ,0.24191603064537048,0.2498510181903839,0.1912362426519394,0.08821883052587509,0.15659217536449432,0.07218573987483978
2024-03-24 13:34:35,"""차 존나빠르네 씨발 진짜""",,24,24.0,"""차 존나빠르네 씨발 진짜"" ","""차 존나빠르네 씨발 진짜""",0.26392507553100586,0.1726716309785843,0.21376881003379822,0.11359971761703491,0.14756479859352112,0.08847001194953918
2024-03-24 13:34:37,러셀 징징 ㅋㅋㅋㅋ,,24,24.0,러셀 징징 ㅋㅋㅋㅋ ,러셀 징징 ㅋㅋㅋㅋ,0.16181322932243347,0.08797862380743027,0.07377300411462784,0.04879492148756981,0.5958686470985413,0.03177165240049362
2024-03-24 13:34:40,진짜 메르 똥차긴 한갑네,징징징징 ㅋㅋㅋㅋㅋㅋㅋ,25,25.0,진짜 메르 똥차긴 한갑네 징징징징 ㅋㅋㅋㅋㅋㅋㅋ,진짜 메르 똥차긴 한갑네 징징징징 ㅋㅋㅋㅋㅋㅋㅋ,0.2850477695465088,0.22582900524139404,0.1656835526227951,0.08036176860332489,0.13842834532260895,0.10464957356452942
2024-03-24 13:34:41,레드불 쿠팡쉽 ㅋㅋㅋㅋㅋㅋㅋ,ㅋㅋㅋㅋㅋㅋㅋㅋㅋ,25,25.0,레드불 쿠팡쉽 ㅋㅋㅋㅋㅋㅋㅋ ㅋㅋㅋㅋㅋㅋㅋㅋㅋ,레드불 쿠팡쉽 ㅋㅋㅋㅋㅋㅋㅋ ㅋㅋㅋㅋㅋㅋㅋㅋㅋ,0.11631660908460617,0.07034986466169357,0.062268029898405075,0.03749168664216995,0.6899726986885071,0.023601125925779343
2024-03-24 13:34:42,쥬지)=우리차 좆같이 느리다,ㅋㅋㅋㅋ,25,25.0,쥬지)=우리차 좆같이 느리다 ㅋㅋㅋㅋ,쥬지)=우리차 좆같이 느리다 ㅋㅋㅋㅋ,0.3518802225589752,0.18719454109668732,0.14545276761054993,0.08719387650489807,0.12976278364658356,0.09851589798927307
2024-03-24 13:34:45,로켓ㅋㅋㅋㅋㅋ,ㅋㅋㅋㅋㅋ,25,25.0,로켓ㅋㅋㅋㅋㅋ ㅋㅋㅋㅋㅋ,로켓ㅋㅋㅋㅋㅋ ㅋㅋㅋㅋㅋ,0.11684722453355789,0.07349611073732376,0.05655601620674133,0.03406131640076637,0.6945559978485107,0.024483252316713333
2024-03-24 13:34:48,쥬지 극찬ㅋㅋㅋㅋ,ㅋㅋㅋ,25,25.0,쥬지 극찬ㅋㅋㅋㅋ ㅋㅋㅋ,쥬지 극찬ㅋㅋㅋㅋ ㅋㅋㅋ,0.12151474505662918,0.07606226205825806,0.05408239737153053,0.035816241055727005,0.684101402759552,0.028422914445400238
2024-03-24 13:34:53,차 쿠팡같아요 ㅋㅋㅋ,역시 쿠팡맨,25,25.0,차 쿠팡같아요 ㅋㅋㅋ 역시 쿠팡맨,차 쿠팡같아요 ㅋㅋㅋ 역시 쿠팡맨,0.12950360774993896,0.056425515562295914,0.052738189697265625,0.04584130644798279,0.6874246597290039,0.02806665748357773
2024-03-24 13:34:58,메르 좆같이 느리네 ㅅㅂ,시발아,25,25.0,메르 좆같이 느리네 ㅅㅂ 시발아,메르 좆같이 느리네 ㅅㅂ 시발아,0.23592297732830048,0.09875495731830597,0.28031429648399353,0.19918109476566315,0.15106908977031708,0.03475753962993622
2024-03-24 13:35:00,메르세데스 차 개느린가보네 진짜 ㅋㅋㅋㅋㅋㅋㅋㅋ,"병신들 ㅋㅋㅋㅋㅋㅋ
- dc official App",25,25.0,"메르세데스 차 개느린가보네 진짜 ㅋㅋㅋㅋㅋㅋㅋㅋ 병신들 ㅋㅋㅋㅋㅋㅋ
- dc official App",메르세데스 차 개느린가보네 진짜 ㅋㅋㅋㅋㅋㅋㅋㅋ 병신들 ㅋㅋㅋㅋㅋㅋ,0.2252652794122696,0.27403444051742554,0.21638606488704681,0.09279569983482361,0.09663543850183487,0.09488315135240555
2024-03-24 13:35:00,시발 쌍으로 징징 ㅋㅋㅋㅋ ㄹㅇ존나느리긴한듯,,25,25.0,시발 쌍으로 징징 ㅋㅋㅋㅋ ㄹㅇ존나느리긴한듯 ,시발 쌍으로 징징 ㅋㅋㅋㅋ ㄹㅇ존나느리긴한듯,0.19532448053359985,0.12790048122406006,0.3338654339313507,0.1760878562927246,0.10587672144174576,0.06094491481781006
2024-03-24 13:35:06,잭 애프론 ㄷㄷ,ㄷㄷ,25,25.0,잭 애프론 ㄷㄷ ㄷㄷ,잭 애프론 ㄷㄷ ㄷㄷ,0.20918741822242737,0.3473605215549469,0.11231707036495209,0.05417485162615776,0.16585099697113037,0.11110911518335342
2024-03-24 13:35:08,누구노 ㅋㅋ,,25,25.0,누구노 ㅋㅋ ,누구노 ㅋㅋ,0.23130081593990326,0.2633363604545593,0.08266506344079971,0.040996454656124115,0.310010701417923,0.07169058918952942
2024-03-24 13:35:09,조지극찬ㅋㅋㅋㅋ,ㅋㅋㅋㅋㅋㅋㅋㅋㅋ,25,25.0,조지극찬ㅋㅋㅋㅋ ㅋㅋㅋㅋㅋㅋㅋㅋㅋ,조지극찬ㅋㅋㅋㅋ ㅋㅋㅋㅋㅋㅋㅋㅋㅋ,0.1118244007229805,0.06512274593114853,0.052174653857946396,0.03426796570420265,0.7122191190719604,0.024391155689954758
2024-03-24 13:35:13,그냥 모르는 아저씨ㅋㅋㅋㅋㅋ,,25,25.0,그냥 모르는 아저씨ㅋㅋㅋㅋㅋ ,그냥 모르는 아저씨ㅋㅋㅋㅋㅋ,0.29467177391052246,0.2528975307941437,0.12359878420829773,0.052688196301460266,0.18364854156970978,0.09249516576528549
2024-03-24 13:35:15,사인츠는 계속 패랩찍네,시발역시,25,25.0,사인츠는 계속 패랩찍네 시발역시,사인츠는 계속 패랩찍네 시발역시,0.21753834187984467,0.11682946979999542,0.3027273714542389,0.20709136128425598,0.11036601662635803,0.04544742777943611
2024-03-24 13:35:16,누군데,"비켜
- dc official App",25,25.0,"누군데 비켜
- dc official App",누군데 비켜,0.2661454379558563,0.30093082785606384,0.12833411991596222,0.07110215723514557,0.13756226003170013,0.09592525660991669
2024-03-24 13:35:17,뭔 포르쉐에 따인 모닝처럼 얘기함 ㅋㅋㅋ,로켓 ㅋ,25,25.0,뭔 포르쉐에 따인 모닝처럼 얘기함 ㅋㅋㅋ 로켓 ㅋ,뭔 포르쉐에 따인 모닝처럼 얘기함 ㅋㅋㅋ 로켓 ㅋ,0.25443267822265625,0.2572106122970581,0.176356241106987,0.07790909707546234,0.14953632652759552,0.08455504477024078
2024-03-24 13:35:17,이세계 햄막대전,ㅋㅋㅋㅋ,25,25.0,이세계 햄막대전 ㅋㅋㅋㅋ,이세계 햄막대전 ㅋㅋㅋㅋ,0.11432262510061264,0.07379040122032166,0.05642331391572952,0.030103132128715515,0.7016202807426453,0.023740237578749657
2024-03-24 13:35:19,쥬지 기습 쿠팡홍보 ㅋㅋ,"레드불만큼 빠른 로켓배송 ㅋㅋ
- dc official App",25,25.0,"쥬지 기습 쿠팡홍보 ㅋㅋ 레드불만큼 빠른 로켓배송 ㅋㅋ
- dc official App",쥬지 기습 쿠팡홍보 ㅋㅋ 레드불만큼 빠른 로켓배송 ㅋㅋ,0.11857395619153976,0.0637335404753685,0.0532163642346859,0.03794677183032036,0.7015490531921387,0.024980245158076286
2024-03-24 13:35:23,잭 애프론 아무도 모르노 ㅋㅋㅋㅋ,ㅋㅋㅋㅋㅋㅋ,25,25.0,잭 애프론 아무도 모르노 ㅋㅋㅋㅋ ㅋㅋㅋㅋㅋㅋ,잭 애프론 아무도 모르노 ㅋㅋㅋㅋ ㅋㅋㅋㅋㅋㅋ,0.3177359104156494,0.26475822925567627,0.10918757319450378,0.05415967106819153,0.16867385804653168,0.08548474311828613
2024-03-24 13:35:23,누구신지 ㅋㅋ,,25,25.0,누구신지 ㅋㅋ ,누구신지 ㅋㅋ,0.22146999835968018,0.2862008213996887,0.09205389022827148,0.038749195635318756,0.28738024830818176,0.07414586842060089
2024-03-24 13:35:27,물탕 왜 아웃임?,ㅇㅇ,25,25.0,물탕 왜 아웃임? ㅇㅇ,물탕 왜 아웃임? ㅇㅇ,0.2973831593990326,0.2728821933269501,0.13110381364822388,0.0933101624250412,0.11905179917812347,0.08626890927553177
2024-03-24 13:35:29,배우라고 써져 있습니다,"ㅋㅋㅋㅋㅋㅋㅋㅋㅋㄱㅋ
- dc official App",25,25.0,"배우라고 써져 있습니다 ㅋㅋㅋㅋㅋㅋㅋㅋㅋㄱㅋ
- dc official App",배우라고 써져 있습니다 ㅋㅋㅋㅋㅋㅋㅋㅋㅋㄱㅋ,0.15996277332305908,0.11192197352647781,0.0722835585474968,0.03175416216254234,0.5890125632286072,0.0350649431347847
2024-03-24 13:35:31,오늘은 이거 안 함?,ㅋㅋ,25,25.0,오늘은 이거 안 함? ㅋㅋ,오늘은 이거 안 함? ㅋㅋ,0.19423745572566986,0.10226360708475113,0.08395900577306747,0.06035253033041954,0.5195972323417664,0.03959019109606743
2024-03-24 13:35:35,...배우요 ㅅㅂㅋㅋㅋㅋ,누구노ㅋㅋ,25,25.0,...배우요 ㅅㅂㅋㅋㅋㅋ 누구노ㅋㅋ,...배우요 ㅅㅂㅋㅋㅋㅋ 누구노ㅋㅋ,0.2992370128631592,0.25541046261787415,0.13907897472381592,0.09606784582138062,0.10651979595422745,0.10368595272302628
2024-03-24 13:35:38,티포시들 신났네 어차피 우승은 페레즈인데 ㅋㅋ,ㅋㅋ,25,25.0,티포시들 신났네 어차피 우승은 페레즈인데 ㅋㅋ ㅋㅋ,티포시들 신났네 어차피 우승은 페레즈인데 ㅋㅋ ㅋㅋ,0.13390487432479858,0.09134908765554428,0.07518855482339859,0.03622846677899361,0.6307010650634766,0.03262796252965927
2024-03-24 13:35:39,방금왔는데 물몽 왜 리타?????,레이스 두신줄알았네,25,25.0,방금왔는데 물몽 왜 리타????? 레이스 두신줄알았네,방금왔는데 물몽 왜 리타????? 레이스 두신줄알았네,0.2543877065181732,0.2897433936595917,0.1438857913017273,0.08857078105211258,0.1139451339840889,0.10946723073720932
2024-03-24 13:35:41,위대한 쇼맨 아무도 안 봤노,하이스쿨 뮤지컬,25,25.0,위대한 쇼맨 아무도 안 봤노 하이스쿨 뮤지컬,위대한 쇼맨 아무도 안 봤노 하이스쿨 뮤지컬,0.3076716363430023,0.26651841402053833,0.10218280553817749,0.06669071316719055,0.15339504182338715,0.10354136675596237
2024-03-24 13:35:45,얼마나 개같이 느리면ㅋㅋㅋ,물탕 쥬지 둘 다 레드불 극찬ㅋㅋㅋ,25,25.0,얼마나 개같이 느리면ㅋㅋㅋ 물탕 쥬지 둘 다 레드불 극찬ㅋㅋㅋ,얼마나 개같이 느리면ㅋㅋㅋ 물탕 쥬지 둘 다 레드불 극찬ㅋㅋㅋ,0.26442012190818787,0.2201557159423828,0.11831048130989075,0.047499123960733414,0.2584651708602905,0.09114938974380493
2024-03-24 13:35:46,대인지 ㅅㅅㅅㅅㅅㅅㅅㅅㅅㅅ,"퍼스트행동 ㅅㅅ
- dc official App",25,25.0,"대인지 ㅅㅅㅅㅅㅅㅅㅅㅅㅅㅅ 퍼스트행동 ㅅㅅ
- dc official App",대인지 ㅅㅅㅅㅅㅅㅅㅅㅅㅅㅅ 퍼스트행동 ㅅㅅ,0.10911779850721359,0.06153658777475357,0.05286888778209686,0.03804618865251541,0.7158621549606323,0.022568488493561745
2024-03-24 13:35:48,햄형 올시즌은 ㄹㅇ 좆됐노,커리어로우 시즌이겠는데,25,25.0,햄형 올시즌은 ㄹㅇ 좆됐노 커리어로우 시즌이겠는데,햄형 올시즌은 ㄹㅇ 좆됐노 커리어로우 시즌이겠는데,0.3091977834701538,0.2084602266550064,0.1220846176147461,0.15383633971214294,0.10128774493932724,0.10513328015804291
2024-03-24 13:35:58,국왕님 기습우승좀 해줬으면,,25,25.0,국왕님 기습우승좀 해줬으면 ,국왕님 기습우승좀 해줬으면,0.179646834731102,0.1473524570465088,0.07418172061443329,0.05735119804739952,0.4751756191253662,0.06629215180873871
2024-03-24 13:35:59,이거 사인츠가 자리 위협받을 일은 레드플랙뿐임?,"미끄러지거나 피트인 찐빠같은 실수 말고
- dc official App",25,25.0,"이거 사인츠가 자리 위협받을 일은 레드플랙뿐임? 미끄러지거나 피트인 찐빠같은 실수 말고
- dc official App",이거 사인츠가 자리 위협받을 일은 레드플랙뿐임? 미끄러지거나 피트인 찐빠같은 실수 말고,0.22600539028644562,0.36089998483657837,0.10654163360595703,0.0869169533252716,0.1132715493440628,0.10636446624994278
2024-03-24 13:36:12,잭 에프론 모르누 ㅋㅋ 급 조용해진거 웃기네 ㅋㅋ,아 ㅋㅋ,26,26.0,잭 에프론 모르누 ㅋㅋ 급 조용해진거 웃기네 ㅋㅋ 아 ㅋㅋ,잭 에프론 모르누 ㅋㅋ 급 조용해진거 웃기네 ㅋㅋ 아 ㅋㅋ,0.21285997331142426,0.14710453152656555,0.08443108946084976,0.03765680640935898,0.4763965606689453,0.04155099391937256
2024-03-24 13:36:18,하이스쿨뮤지컬 최고였는데 모름??,"잭 에프론
- dc official App",26,26.0,"하이스쿨뮤지컬 최고였는데 모름?? 잭 에프론
- dc official App",하이스쿨뮤지컬 최고였는데 모름?? 잭 에프론,0.23145893216133118,0.2788759768009186,0.09221527725458145,0.04374731704592705,0.2637992799282074,0.08990326523780823
2024-03-24 13:36:17,???: 햄막 리타라고?,리 카 도 우 승,26,26.0,???: 햄막 리타라고? 리 카 도 우 승,???: 햄막 리타라고? 리 카 도 우 승,0.2155885249376297,0.24861669540405273,0.09143958985805511,0.051621392369270325,0.33543848991394043,0.05729532614350319
2024-03-24 13:36:18,"햄막이 리타, 페라리 원투로 엪갤 P1",,26,26.0,"햄막이 리타, 페라리 원투로 엪갤 P1 ","햄막이 리타, 페라리 원투로 엪갤 P1",0.137406587600708,0.11476916819810867,0.07366259396076202,0.03960832580924034,0.605239748954773,0.029313625767827034
2024-03-24 13:36:21,스왑포지숀 ㅋㅋ,,26,26.0,스왑포지숀 ㅋㅋ ,스왑포지숀 ㅋㅋ,0.11056723445653915,0.06895830482244492,0.05720766261219978,0.03582889214158058,0.7037585377693176,0.0236793402582407
2024-03-24 13:36:22,또라이버 스왑 ㅋㅋ,,26,26.0,또라이버 스왑 ㅋㅋ ,또라이버 스왑 ㅋㅋ,0.10544759035110474,0.0703527182340622,0.05558688938617706,0.033761657774448395,0.7117438912391663,0.02310711331665516
2024-03-24 13:36:25,국왕님 느려지시는거같은데 ? ㅋㅋㅋ,ㅋㅋㅋ,26,26.0,국왕님 느려지시는거같은데 ? ㅋㅋㅋ ㅋㅋㅋ,국왕님 느려지시는거같은데 ? ㅋㅋㅋ ㅋㅋㅋ,0.30395567417144775,0.2569058835506439,0.09673548489809036,0.04763554409146309,0.18848861753940582,0.10627875477075577
2024-03-24 13:36:26,드라이버 즈왑ㅋㅋㅋㅋㅋ,,26,26.0,드라이버 즈왑ㅋㅋㅋㅋㅋ ,드라이버 즈왑ㅋㅋㅋㅋㅋ,0.10965698957443237,0.07649005949497223,0.05857953056693077,0.03151818737387657,0.6995090246200562,0.024246299639344215
2024-03-24 13:36:28,케이맥 ㅠㅠ,ㅠㅠ,26,26.0,케이맥 ㅠㅠ ㅠㅠ,케이맥 ㅠㅠ ㅠㅠ,0.2599935233592987,0.13069206476211548,0.1674080342054367,0.24321413040161133,0.13388437032699585,0.0648079365491867
2024-03-24 13:36:30,시발 하스 살벌하노ㅋㅋㅋㅋㅋㅋ,ㅋㅋㅋㅋ,26,26.0,시발 하스 살벌하노ㅋㅋㅋㅋㅋㅋ ㅋㅋㅋㅋ,시발 하스 살벌하노ㅋㅋㅋㅋㅋㅋ ㅋㅋㅋㅋ,0.1659368872642517,0.12409601360559464,0.077518031001091,0.032807935029268265,0.5636965036392212,0.035944581031799316
2024-03-24 13:36:30,헐크 이즈 패스터 댄 유 ㅋㅋ,ㅋㅋㅋ,26,26.0,헐크 이즈 패스터 댄 유 ㅋㅋ ㅋㅋㅋ,헐크 이즈 패스터 댄 유 ㅋㅋ ㅋㅋㅋ,0.11129734665155411,0.07444574683904648,0.05731206387281418,0.03036123514175415,0.7027198076248169,0.023863868787884712
2024-03-24 13:36:33,아니 지포스 저리 받으면 꼬맨거 안터짐??,사자 그 자체네 ㄷㄷㄷ,26,26.0,아니 지포스 저리 받으면 꼬맨거 안터짐?? 사자 그 자체네 ㄷㄷㄷ,아니 지포스 저리 받으면 꼬맨거 안터짐?? 사자 그 자체네 ㄷㄷㄷ,0.18951132893562317,0.3505692183971405,0.13607187569141388,0.06109684705734253,0.131896510720253,0.1308542639017105
2024-03-24 13:36:34,하스 페라리 행동 ㅋㅋㅋㅋㅋㅋㅋㅋㅋㅋ,진짜 하스가 저러는걸 보다니,26,26.0,하스 페라리 행동 ㅋㅋㅋㅋㅋㅋㅋㅋㅋㅋ 진짜 하스가 저러는걸 보다니,하스 페라리 행동 ㅋㅋㅋㅋㅋㅋㅋㅋㅋㅋ 진짜 하스가 저러는걸 보다니,0.21734552085399628,0.2493336796760559,0.08257302641868591,0.03631178289651871,0.34388840198516846,0.07054760307073593
2024-03-24 13:36:35,하스ㅋㅋㅋㅋ,,26,26.0,하스ㅋㅋㅋㅋ ,하스ㅋㅋㅋㅋ,0.11994779855012894,0.0738702118396759,0.06274345517158508,0.033963222056627274,0.6859326362609863,0.023542694747447968
2024-03-24 13:36:39,하스 ㅈㄴ웃기네 진짜 ㅋㅋㅋㅋ,ㅋ,26,26.0,하스 ㅈㄴ웃기네 진짜 ㅋㅋㅋㅋ ㅋ,하스 ㅈㄴ웃기네 진짜 ㅋㅋㅋㅋ ㅋ,0.13080553710460663,0.08384981006383896,0.06385932862758636,0.03616687282919884,0.6598491668701172,0.02546929195523262
2024-03-24 13:36:39,스왑 포지션 ㅋㅋㅋㅋㅋㅋㅋ,,26,26.0,스왑 포지션 ㅋㅋㅋㅋㅋㅋㅋ ,스왑 포지션 ㅋㅋㅋㅋㅋㅋㅋ,0.11480401456356049,0.08584044873714447,0.05958578735589981,0.031692322343587875,0.6835935115814209,0.024483926594257355
2024-03-24 13:36:39,ㅋㅋㅋㅋㅋㅋ,,26,26.0,ㅋㅋㅋㅋㅋㅋ ,ㅋㅋㅋㅋㅋㅋ,0.13550852239131927,0.0940997302532196,0.06847568601369858,0.03387356922030449,0.6410872936248779,0.026955200359225273
2024-03-24 13:36:39,아 좆대따,"씨바아아아알
- dc official App",26,26.0,"아 좆대따 씨바아아아알
- dc official App",아 좆대따 씨바아아아알,0.1900319755077362,0.10439141094684601,0.28624188899993896,0.23485693335533142,0.13974443078041077,0.04473331570625305
2024-03-24 13:36:44,진짜 하스 차 존나 좋아진듯ㅋㅋㅋㅋㅋ,이젠 전략이란게 가능한 팀이 됐음ㅋㅋㅋㅋㅋㅋㅋㅋㅋㅋㅋㅋㅋㅋㅋ,26,26.0,진짜 하스 차 존나 좋아진듯ㅋㅋㅋㅋㅋ 이젠 전략이란게 가능한 팀이 됐음ㅋㅋㅋㅋㅋㅋㅋㅋㅋㅋㅋㅋㅋㅋㅋ,진짜 하스 차 존나 좋아진듯ㅋㅋㅋㅋㅋ 이젠 전략이란게 가능한 팀이 됐음ㅋㅋㅋㅋㅋㅋㅋㅋㅋㅋㅋㅋㅋㅋㅋ,0.13261723518371582,0.07825320959091187,0.05336178466677666,0.03490482643246651,0.6672946810722351,0.03356822952628136
2024-03-24 13:36:47,막가놈 퇴근하냐ㅋㅋㅋ,,26,26.0,막가놈 퇴근하냐ㅋㅋㅋ ,막가놈 퇴근하냐ㅋㅋㅋ,0.17720933258533478,0.10917160660028458,0.07640784978866577,0.04203212261199951,0.5528586506843567,0.04232039675116539
2024-03-24 13:36:47,실시간 엡갤 레이스 리더 ㅋㅋ,,26,26.0,실시간 엡갤 레이스 리더 ㅋㅋ ,실시간 엡갤 레이스 리더 ㅋㅋ,0.1121666356921196,0.08680645376443863,0.05513838306069374,0.030952077358961105,0.6895542740821838,0.025382136926054955
2024-03-24 13:36:56,페라리 팀오더도 1 2 잡자고 말나왔나보네,"몬자마냥 참사내면 좆이지 진짜 ㅇㅇ
이게 맞아",26,26.0,"페라리 팀오더도 1 2 잡자고 말나왔나보네 몬자마냥 참사내면 좆이지 진짜 ㅇㅇ
이게 맞아",페라리 팀오더도 1 2 잡자고 말나왔나보네 몬자마냥 참사내면 좆이지 진짜 ㅇㅇ 이게 맞아,0.244111105799675,0.26185142993927,0.15471522510051727,0.1439429223537445,0.07250156998634338,0.12287775427103043
2024-03-24 13:36:57,드라이버 zwap,"ㅋㅋㅋㅋㅋㅋ
- dc official App",26,26.0,"드라이버 zwap ㅋㅋㅋㅋㅋㅋ
- dc official App",드라이버 zwap ㅋㅋㅋㅋㅋㅋ,0.12650153040885925,0.10015451908111572,0.07128788530826569,0.032989781349897385,0.6412478089332581,0.027818547561764717
2024-03-24 13:36:58,3랩따리 ㅋㅋㅋ,ㅋㅋ,26,26.0,3랩따리 ㅋㅋㅋ ㅋㅋ,3랩따리 ㅋㅋㅋ ㅋㅋ,0.2567720413208008,0.21284660696983337,0.1654496043920517,0.06184098497033119,0.2421606481075287,0.06093013286590576
2024-03-24 13:36:59,하스 서커스 ON,제발 포인트 ㄱㄱ,26,26.0,하스 서커스 ON 제발 포인트 ㄱㄱ,하스 서커스 ON 제발 포인트 ㄱㄱ,0.1574932038784027,0.09714653342962265,0.0744222104549408,0.058136947453022,0.5747396349906921,0.038061510771512985
2024-03-24 13:37:00,어후 막스리타 속이시원하네 ㅋㅋㅋㅋㅋ,,26,26.0,어후 막스리타 속이시원하네 ㅋㅋㅋㅋㅋ ,어후 막스리타 속이시원하네 ㅋㅋㅋㅋㅋ,0.11361188441514969,0.06266849488019943,0.05766935646533966,0.04406404495239258,0.6967726945877075,0.025213491171598434
2024-03-24 13:37:01,막스 레드불 까먹노 ㅋㅋㅋㅋ,저게 맛있나,26,26.0,막스 레드불 까먹노 ㅋㅋㅋㅋ 저게 맛있나,막스 레드불 까먹노 ㅋㅋㅋㅋ 저게 맛있나,0.23371444642543793,0.18154549598693848,0.07723522931337357,0.04003440588712692,0.4134553074836731,0.05401509627699852
2024-03-24 13:37:02,하스도 경기 끝나고 레이트브레이킹 해주면 안되냐,한번 더 보고싶네,26,26.0,하스도 경기 끝나고 레이트브레이킹 해주면 안되냐 한번 더 보고싶네,하스도 경기 끝나고 레이트브레이킹 해주면 안되냐 한번 더 보고싶네,0.20054712891578674,0.19862349331378937,0.07435634732246399,0.051924724131822586,0.40487611293792725,0.06967213749885559
2024-03-24 13:37:03,막스는 걷는거도 리플레이 보여주노ㅋㅋㅋㅋㅋㅋ,,26,26.0,막스는 걷는거도 리플레이 보여주노ㅋㅋㅋㅋㅋㅋ ,막스는 걷는거도 리플레이 보여주노ㅋㅋㅋㅋㅋㅋ,0.20892904698848724,0.18194444477558136,0.06964056938886642,0.031149428337812424,0.45051872730255127,0.05781783536076546
2024-03-24 13:37:19,마그누센 열차 가나ㅋㅋㅋㅋㅋㅋㅋㅋㅋ,칙칙폭폭,26,26.0,마그누센 열차 가나ㅋㅋㅋㅋㅋㅋㅋㅋㅋ 칙칙폭폭,마그누센 열차 가나ㅋㅋㅋㅋㅋㅋㅋㅋㅋ 칙칙폭폭,0.11354072391986847,0.0695200264453888,0.057253338396549225,0.03513744845986366,0.7005479335784912,0.02400062419474125
2024-03-24 13:37:21,몽골련 내가 안보니까 씨발 귀신같이 리타,아오 씨잘,26,26.0,몽골련 내가 안보니까 씨발 귀신같이 리타 아오 씨잘,몽골련 내가 안보니까 씨발 귀신같이 리타 아오 씨잘,0.16369080543518066,0.12448596954345703,0.3301178812980652,0.16560350358486176,0.16195522248744965,0.05414660647511482
2024-03-24 13:37:24,마그누센 기차 또 나오냐?,,26,26.0,마그누센 기차 또 나오냐? ,마그누센 기차 또 나오냐?,0.22380299866199493,0.25088462233543396,0.0819922611117363,0.04615555331110954,0.3340689241886139,0.06309562921524048
2024-03-24 13:37:27,폴이라 사고 안난다고 어쩌고저쩌고,ㅋㅋ 따잇,27,27.0,폴이라 사고 안난다고 어쩌고저쩌고 ㅋㅋ 따잇,폴이라 사고 안난다고 어쩌고저쩌고 ㅋㅋ 따잇,0.17591458559036255,0.07597309350967407,0.09738956391811371,0.06604437530040741,0.546751081943512,0.037927281111478806
2024-03-24 13:37:27,막가놈 퇴근하고 심레이싱 돌리러 가는거 아니냐 ㅋㅋ,저거분명 그런다 ㅋㅋ,27,27.0,막가놈 퇴근하고 심레이싱 돌리러 가는거 아니냐 ㅋㅋ 저거분명 그런다 ㅋㅋ,막가놈 퇴근하고 심레이싱 돌리러 가는거 아니냐 ㅋㅋ 저거분명 그런다 ㅋㅋ,0.22166858613491058,0.3111024796962738,0.13738961517810822,0.06296990066766739,0.1544399857521057,0.1124294176697731
2024-03-24 13:37:31,하스가 진짜 감개무량이네,차 성능 이전보다 훨씬 좋아진 거 같음,27,27.0,하스가 진짜 감개무량이네 차 성능 이전보다 훨씬 좋아진 거 같음,하스가 진짜 감개무량이네 차 성능 이전보다 훨씬 좋아진 거 같음,0.1718040406703949,0.07475005835294724,0.05757954716682434,0.05589646100997925,0.6019436120986938,0.038026273250579834
2024-03-24 13:37:32,근데 이번시즌은 리카도는 조용하게 은근 부진하네,걍 바로 레드불 시트로 올려야 하나,27,27.0,근데 이번시즌은 리카도는 조용하게 은근 부진하네 걍 바로 레드불 시트로 올려야 하나,근데 이번시즌은 리카도는 조용하게 은근 부진하네 걍 바로 레드불 시트로 올려야 하나,0.31559160351753235,0.2331930696964264,0.11306516081094742,0.15778926014900208,0.09713244438171387,0.08322834968566895
2024-03-24 13:37:39,막스는 리타하니까 화면에 더 자주 나오노 ㅋㅋㅋ,지난 경기 두배이상 나온거 같은데 이미,27,27.0,막스는 리타하니까 화면에 더 자주 나오노 ㅋㅋㅋ 지난 경기 두배이상 나온거 같은데 이미,막스는 리타하니까 화면에 더 자주 나오노 ㅋㅋㅋ 지난 경기 두배이상 나온거 같은데 이미,0.1905781328678131,0.1662798821926117,0.06276014447212219,0.030904235318303108,0.48785537481307983,0.06162222474813461
2024-03-24 13:37:43,사인츠 왜케 빨라ㅋㅋㅋㅋ,,27,27.0,사인츠 왜케 빨라ㅋㅋㅋㅋ ,사인츠 왜케 빨라ㅋㅋㅋㅋ,0.1871623396873474,0.1825532466173172,0.0762951672077179,0.035046081990003586,0.4713471233844757,0.047596078366041183
2024-03-24 13:37:44,애마도 진짜 ㅈㄴ느리네,하,27,27.0,애마도 진짜 ㅈㄴ느리네 하,애마도 진짜 ㅈㄴ느리네 하,0.29299691319465637,0.15891090035438538,0.21847006678581238,0.19811545312404633,0.07428233325481415,0.057224299758672714
2024-03-24 13:37:45,레드불 차 진짜 ㅈㄴ 빠르네,"4.5초 갭이 벌써 3.5초 이하네
- dc official App",27,27.0,"레드불 차 진짜 ㅈㄴ 빠르네 4.5초 갭이 벌써 3.5초 이하네
- dc official App",레드불 차 진짜 ㅈㄴ 빠르네 4.5초 갭이 벌써 3.5초 이하네,0.20532354712486267,0.32728108763694763,0.11492913961410522,0.05212913081049919,0.1911979764699936,0.1091391071677208
2024-03-24 13:37:46,사인지 시즌64950867398567345호 패랩,ㅋㅋㅋ,27,27.0,사인지 시즌64950867398567345호 패랩 ㅋㅋㅋ,사인지 시즌64950867398567345호 패랩 ㅋㅋㅋ,0.14576396346092224,0.13266459107398987,0.07992076128721237,0.03683778643608093,0.575373113155365,0.029439777135849
2024-03-24 13:37:53,르끌 맹라렌 막으러가나보네,아니몀 너무 느린건가,27,27.0,르끌 맹라렌 막으러가나보네 아니몀 너무 느린건가,르끌 맹라렌 막으러가나보네 아니몀 너무 느린건가,0.24442870914936066,0.3288773000240326,0.12078310549259186,0.09418094903230667,0.10956327617168427,0.10216668993234634
2024-03-24 13:37:53,와 점점 빨라지네 미친놈 ㅋㅋㅋㅋㅋㅋㅋㅋ,"미친놈(내년에 쫓겨남)
- dc official App",27,27.0,"와 점점 빨라지네 미친놈 ㅋㅋㅋㅋㅋㅋㅋㅋ 미친놈(내년에 쫓겨남)
- dc official App",와 점점 빨라지네 미친놈 ㅋㅋㅋㅋㅋㅋㅋㅋ 미친놈(내년에 쫓겨남),0.22455666959285736,0.22447994351387024,0.17969083786010742,0.08099983632564545,0.1509213149547577,0.1393514722585678
2024-03-24 13:37:55,나 잘 모르는데 저 해설아저씨는 모르는게없나,무슨 일 있으면 과거 몇년전 어떤선수도 저랬다 이런거 데이터 쉬지않고 바로나오네,27,27.0,나 잘 모르는데 저 해설아저씨는 모르는게없나 무슨 일 있으면 과거 몇년전 어떤선수도 저랬다 이런거 데이터 쉬지않고 바로나오네,나 잘 모르는데 저 해설아저씨는 모르는게없나 무슨 일 있으면 과거 몇년전 어떤선수도 저랬다 이런거 데이터 쉬지않고 바로나오네,0.19092239439487457,0.272055059671402,0.1788509041070938,0.10342971235513687,0.11312257498502731,0.14161933958530426
2024-03-24 13:38:10,막스 해밀턴 같은 경기 둘 다 기계적 이슈 리타이어는 이번이 처음,https://twitter.com/ESPNF1/status/1771757833068941687?t=xkGm53QypYaWxDs9ipOg5A&s=19,27,27.0,막스 해밀턴 같은 경기 둘 다 기계적 이슈 리타이어는 이번이 처음 https://twitter.com/ESPNF1/status/1771757833068941687?t=xkGm53QypYaWxDs9ipOg5A&s=19,막스 해밀턴 같은 경기 둘 다 기계적 이슈 리타이어는 이번이 처음,0.3344555199146271,0.2355773150920868,0.12226808071136475,0.1458338350057602,0.09656257927417755,0.06530265510082245
2024-03-24 13:38:17,애마 진짜 롱런 병신이네,,27,27.0,애마 진짜 롱런 병신이네 ,애마 진짜 롱런 병신이네,0.19728824496269226,0.2138288915157318,0.07316439598798752,0.03583331033587456,0.3962443470954895,0.08364079147577286
2024-03-24 13:38:27,레드플렉 내놔,"ㄷㅈ
- dc official App",27,27.0,"레드플렉 내놔 ㄷㅈ
- dc official App",레드플렉 내놔 ㄷㅈ,0.21471741795539856,0.11604801565408707,0.28053855895996094,0.1642644852399826,0.18252131342887878,0.04191025719046593
2024-03-24 13:38:33,알론소 러셀이랑 경쟁하려나보네,세카 존버한다고 함,27,27.0,알론소 러셀이랑 경쟁하려나보네 세카 존버한다고 함,알론소 러셀이랑 경쟁하려나보네 세카 존버한다고 함,0.2255285084247589,0.28312817215919495,0.08845801651477814,0.06239834427833557,0.26240289211273193,0.0780840516090393
2024-03-24 13:38:36,사인지 르끌 언제 3초까지 벌어졌노,ㄷㄷ,27,27.0,사인지 르끌 언제 3초까지 벌어졌노 ㄷㄷ,사인지 르끌 언제 3초까지 벌어졌노 ㄷㄷ,0.2152566909790039,0.3376823365688324,0.13311196863651276,0.06621820479631424,0.13041527569293976,0.11731554567813873
2024-03-24 13:38:36,애마 왜캐 느리냐 ㅋㅋㅋㅋㅋㅋㅋㅋ,좁혀지는데,27,27.0,애마 왜캐 느리냐 ㅋㅋㅋㅋㅋㅋㅋㅋ 좁혀지는데,애마 왜캐 느리냐 ㅋㅋㅋㅋㅋㅋㅋㅋ 좁혀지는데,0.32357257604599,0.2444416880607605,0.13544192910194397,0.09223807603120804,0.11427222937345505,0.09003346413373947
2024-03-24 13:38:56,결국 알핀은....,".....15 17..
- dc official App",28,28.0,"결국 알핀은.... .....15 17..
- dc official App",결국 알핀은.... .....15 17..,0.3515545427799225,0.20751196146011353,0.11257587373256683,0.13181407749652863,0.11133315414190292,0.0852103978395462
2024-03-24 13:39:02,하스 가자,"젭발
- dc official App",28,28.0,"하스 가자 젭발
- dc official App",하스 가자 젭발,0.21232008934020996,0.10532646626234055,0.12946747243404388,0.14538955688476562,0.35654309391975403,0.05095331370830536
2024-03-24 13:39:03,레드불 플로어 못본건 좀 아쉽네,몰골 뒷타이어 락업걸리고 연석밟고 날아서 플로어 까발려진 지구는 몇번 지구냐?,28,28.0,레드불 플로어 못본건 좀 아쉽네 몰골 뒷타이어 락업걸리고 연석밟고 날아서 플로어 까발려진 지구는 몇번 지구냐?,레드불 플로어 못본건 좀 아쉽네 몰골 뒷타이어 락업걸리고 연석밟고 날아서 플로어 까발려진 지구는 몇번 지구냐?,0.3086089491844177,0.2507284879684448,0.13144046068191528,0.12696164846420288,0.08994776755571365,0.09231261163949966
2024-03-24 13:39:07,리카도는 갭 줄이는 속도가 너무 느리네,"이제는 차가 자기랑 안 맞아도 적응을 해야하는데
- dc official App",28,28.0,"리카도는 갭 줄이는 속도가 너무 느리네 이제는 차가 자기랑 안 맞아도 적응을 해야하는데
- dc official App",리카도는 갭 줄이는 속도가 너무 느리네 이제는 차가 자기랑 안 맞아도 적응을 해야하는데,0.32610657811164856,0.2626073360443115,0.11198168992996216,0.12840862572193146,0.09299395233392715,0.07790178060531616
2024-03-24 13:39:08,3초 저거 일부러 별려둔건가,못따라가는건 아닌거 같은데,28,28.0,3초 저거 일부러 별려둔건가 못따라가는건 아닌거 같은데,3초 저거 일부러 별려둔건가 못따라가는건 아닌거 같은데,0.2560950219631195,0.32373541593551636,0.1394043266773224,0.10726868361234665,0.08703061938285828,0.08646591752767563
2024-03-24 13:39:11,피아제 따라간다~~,가능?,28,28.0,피아제 따라간다~~ 가능?,피아제 따라간다~~ 가능?,0.22015726566314697,0.25863152742385864,0.08946121484041214,0.06403643637895584,0.27622756361961365,0.09148593991994858
2024-03-24 13:39:12,알론소 10초 차이 뭔데,이게 뭐야,28,28.0,알론소 10초 차이 뭔데 이게 뭐야,알론소 10초 차이 뭔데 이게 뭐야,0.33081966638565063,0.17387551069259644,0.17748984694480896,0.16945716738700867,0.09184718877077103,0.05651060491800308
2024-03-24 13:39:13,알본 따이기 직전 ㅋㅋㅋ,,28,28.0,알본 따이기 직전 ㅋㅋㅋ ,알본 따이기 직전 ㅋㅋㅋ,0.25000715255737305,0.11656776070594788,0.12815114855766296,0.06720738112926483,0.3858371078968048,0.05222933739423752
2024-03-24 13:39:18,진짜 페라리는 사인츠를 버리고 해밀턴 이해가 안가네,머리가 없다 정말,28,28.0,진짜 페라리는 사인츠를 버리고 해밀턴 이해가 안가네 머리가 없다 정말,진짜 페라리는 사인츠를 버리고 해밀턴 이해가 안가네 머리가 없다 정말,0.23637324571609497,0.28221166133880615,0.17562611401081085,0.1533423215150833,0.07616870850324631,0.0762779638171196
2024-03-24 13:39:18,그냥 애마가 병신이구나,"아하
- dc official App",28,28.0,"그냥 애마가 병신이구나 아하
- dc official App",그냥 애마가 병신이구나 아하,0.22839781641960144,0.3363855481147766,0.12366393208503723,0.06625515222549438,0.12727947533130646,0.11801809817552567
2024-03-24 13:39:26,차 뺏은 놈 vs 순위 뺏은 놈ㅋㅋㅋㅋㅋ,ㅋㅋㅋㅋㅋ,28,28.0,차 뺏은 놈 vs 순위 뺏은 놈ㅋㅋㅋㅋㅋ ㅋㅋㅋㅋㅋ,차 뺏은 놈 vs 순위 뺏은 놈ㅋㅋㅋㅋㅋ ㅋㅋㅋㅋㅋ,0.23837310075759888,0.22196394205093384,0.20523524284362793,0.08665720373392105,0.15725618600845337,0.09051430970430374
2024-03-24 13:39:25,알본아 제발 포인트 먹자...,,28,28.0,알본아 제발 포인트 먹자... ,알본아 제발 포인트 먹자...,0.2329370230436325,0.11955016851425171,0.12040450423955917,0.16975639760494232,0.2782945930957794,0.07905726879835129
2024-03-24 13:39:27,진짜 좆밥싸움 개웃기네 ㅋㅋㅋㅋㅋㅋㅋㅋㅋ,ㅅㅂㅌㅌㅋㅋㅋㅋㅋㅋㅋ,28,28.0,진짜 좆밥싸움 개웃기네 ㅋㅋㅋㅋㅋㅋㅋㅋㅋ ㅅㅂㅌㅌㅋㅋㅋㅋㅋㅋㅋ,진짜 좆밥싸움 개웃기네 ㅋㅋㅋㅋㅋㅋㅋㅋㅋ ㅅㅂㅌㅌㅋㅋㅋㅋㅋㅋㅋ,0.23622916638851166,0.15006504952907562,0.15910957753658295,0.06582342088222504,0.33641961216926575,0.05235316604375839
2024-03-24 13:39:34,사인지는 계속 페렙갱신하노,원투 가스아!!!!!!!!!!!!!!!!!,28,28.0,사인지는 계속 페렙갱신하노 원투 가스아!!!!!!!!!!!!!!!!!,사인지는 계속 페렙갱신하노 원투 가스아!!!!!!!!!!!!!!!!!,0.13555848598480225,0.07966398447751999,0.06714314222335815,0.04471806064248085,0.6360785961151123,0.03683774173259735
2024-03-24 13:39:40,"""르끌레르더러 파스타처럼 막으라고 전해""",defend like a pasta,28,28.0,"""르끌레르더러 파스타처럼 막으라고 전해"" defend like a pasta","""르끌레르더러 파스타처럼 막으라고 전해"" defend like a pasta",0.2619265615940094,0.2401951402425766,0.1520916223526001,0.0880616083741188,0.1893409639596939,0.0683840811252594
2024-03-24 13:39:43,하스가 이기겠는데 ㅋㅋㅋ,,28,28.0,하스가 이기겠는데 ㅋㅋㅋ ,하스가 이기겠는데 ㅋㅋㅋ,0.17373856902122498,0.15094637870788574,0.07180815935134888,0.03507988154888153,0.526084840297699,0.04234214872121811
2024-03-24 13:39:44,가장의무게vs가장의무게,,28,28.0,가장의무게vs가장의무게 ,가장의무게vs가장의무게,0.2789265513420105,0.25428932905197144,0.11545643955469131,0.1284922957420349,0.15341967344284058,0.06941567361354828
2024-03-24 13:39:45,???: 야 올려,"쁘띠 사인츠 기특하면 개추 ㅋㅋㅋㅋ
- dc official App",28,28.0,"???: 야 올려 쁘띠 사인츠 기특하면 개추 ㅋㅋㅋㅋ
- dc official App",???: 야 올려 쁘띠 사인츠 기특하면 개추 ㅋㅋㅋㅋ,0.1143699586391449,0.06556276232004166,0.052908312529325485,0.03655054047703743,0.7045691013336182,0.026039402931928635
2024-03-24 13:40:03,근데 마그누센 저번처럼 노르딕 장벽세우기는 못하지?,이번에 또 하면 팀 자체에 패널티 먹히려나,28,28.0,근데 마그누센 저번처럼 노르딕 장벽세우기는 못하지? 이번에 또 하면 팀 자체에 패널티 먹히려나,근데 마그누센 저번처럼 노르딕 장벽세우기는 못하지? 이번에 또 하면 팀 자체에 패널티 먹히려나,0.24822695553302765,0.32194873690605164,0.1039513573050499,0.10899073630571365,0.12800824642181396,0.08887399733066559
2024-03-24 13:40:09,사인즈 페이스보소ㅋㅋㅋㅋㅋ,"역시 퍼스트
- dc official App",28,28.0,"사인즈 페이스보소ㅋㅋㅋㅋㅋ 역시 퍼스트
- dc official App",사인즈 페이스보소ㅋㅋㅋㅋㅋ 역시 퍼스트,0.14212843775749207,0.09806802868843079,0.05758628994226456,0.032766010612249374,0.6340981125831604,0.03535313531756401
2024-03-24 13:40:13,근데 올해 하스는 진짜 괜찮아보인다,전략 차 드라이버 셋 다 후달리는기 없는듯,29,29.0,근데 올해 하스는 진짜 괜찮아보인다 전략 차 드라이버 셋 다 후달리는기 없는듯,근데 올해 하스는 진짜 괜찮아보인다 전략 차 드라이버 셋 다 후달리는기 없는듯,0.2564503252506256,0.2605861723423004,0.08830901980400085,0.06917935609817505,0.2498704344034195,0.07560472190380096
2024-03-24 13:40:20,르클 씹거품련 시즌 거듭할수록 병신력 증명만하네ㅋㅋㅋ,좆라리는 사인츠 버리고 이런새끼랑 재계약하고 퇴물탕 데려오다니ㅋㅋ,29,29.0,르클 씹거품련 시즌 거듭할수록 병신력 증명만하네ㅋㅋㅋ 좆라리는 사인츠 버리고 이런새끼랑 재계약하고 퇴물탕 데려오다니ㅋㅋ,르클 씹거품련 시즌 거듭할수록 병신력 증명만하네ㅋㅋㅋ 좆라리는 사인츠 버리고 이런새끼랑 재계약하고 퇴물탕 데려오다니ㅋㅋ,0.16857002675533295,0.23458287119865417,0.2659687399864197,0.1710948944091797,0.07910014688968658,0.08068332821130753
2024-03-24 13:40:20,무한페랩 뭐야,,29,29.0,무한페랩 뭐야 ,무한페랩 뭐야,0.2776440680027008,0.29156917333602905,0.14293192327022552,0.0942317321896553,0.12546643614768982,0.06815668940544128
2024-03-24 13:40:27,진짜 점점 빨라지네 ㅋㅋㅋㅋㅋㅋㅋㅋㅋ,"미쳤다걍
- dc official App",29,29.0,"진짜 점점 빨라지네 ㅋㅋㅋㅋㅋㅋㅋㅋㅋ 미쳤다걍
- dc official App",진짜 점점 빨라지네 ㅋㅋㅋㅋㅋㅋㅋㅋㅋ 미쳤다걍,0.19611060619354248,0.20256921648979187,0.07780186831951141,0.03744864463806152,0.42145201563835144,0.06461768597364426
2024-03-24 13:40:30,사인지 계속빨라지누 ㅋㅋㅋㅋㅋㅋㅋ,이게 퍼스트지 ㅋㅋㅋ,29,29.0,사인지 계속빨라지누 ㅋㅋㅋㅋㅋㅋㅋ 이게 퍼스트지 ㅋㅋㅋ,사인지 계속빨라지누 ㅋㅋㅋㅋㅋㅋㅋ 이게 퍼스트지 ㅋㅋㅋ,0.12273427844047546,0.06935261934995651,0.05560506880283356,0.03714853897690773,0.6876706480979919,0.027488769963383675
2024-03-24 13:40:32,팩트 : 2023년5월부터 막스 제외 우승 1위가 사인츠임,f1 2등 드라이버를 내친다고?,29,29.0,팩트 : 2023년5월부터 막스 제외 우승 1위가 사인츠임 f1 2등 드라이버를 내친다고?,팩트 : 2023년5월부터 막스 제외 우승 1위가 사인츠임 f1 2등 드라이버를 내친다고?,0.21682612597942352,0.29953742027282715,0.17130307853221893,0.10691045224666595,0.09040962159633636,0.11501333117485046
2024-03-24 13:40:37,대인지 또 갱신ㅋㅋㅋ,폼 돌았노,29,29.0,대인지 또 갱신ㅋㅋㅋ 폼 돌았노,대인지 또 갱신ㅋㅋㅋ 폼 돌았노,0.24706733226776123,0.2413514256477356,0.1360228955745697,0.060886088758707047,0.19947348535060883,0.11519879102706909
2024-03-24 13:40:37,아야오 갓동님이였노,권터 ㅅ발아,29,29.0,아야오 갓동님이였노 권터 ㅅ발아,아야오 갓동님이였노 권터 ㅅ발아,0.23815792798995972,0.16576558351516724,0.11120138317346573,0.061430562287569046,0.3312126398086548,0.09223183989524841
2024-03-24 13:40:41,사인츠 계속 패랩이노 ㅋㅋ,,29,29.0,사인츠 계속 패랩이노 ㅋㅋ ,사인츠 계속 패랩이노 ㅋㅋ,0.3355163037776947,0.18407504260540009,0.1260865181684494,0.07660793513059616,0.20987041294574738,0.06784380972385406
2024-03-24 13:40:43,근데 나 진짜 몽골련 계속 리타하면 안볼마음이었음,진짜 오늘 속으로 리플레이 보면 되니까 내가 안봐서 몽골이 리타할수있다면 안봐줄게요 그러면서 오늘 안본건데 몽골 리타하자마자 바로 돌아온거임 ㅅㅂ,29,29.0,근데 나 진짜 몽골련 계속 리타하면 안볼마음이었음 진짜 오늘 속으로 리플레이 보면 되니까 내가 안봐서 몽골이 리타할수있다면 안봐줄게요 그러면서 오늘 안본건데 몽골 리타하자마자 바로 돌아온거임 ㅅㅂ,근데 나 진짜 몽골련 계속 리타하면 안볼마음이었음 진짜 오늘 속으로 리플레이 보면 되니까 내가 안봐서 몽골이 리타할수있다면 안봐줄게요 그러면서 오늘 안본건데 몽골 리타하자마자 바로 돌아온거임 ㅅㅂ,0.18563434481620789,0.12219664454460144,0.3149483799934387,0.20545510947704315,0.10921710729598999,0.06254834681749344
2024-03-24 13:40:49,알본 다시 보여주나,사실상 노스탑 완주ㅋㅋㅋㅋ,29,29.0,알본 다시 보여주나 사실상 노스탑 완주ㅋㅋㅋㅋ,알본 다시 보여주나 사실상 노스탑 완주ㅋㅋㅋㅋ,0.17279058694839478,0.10621821135282516,0.07430917769670486,0.042701952159404755,0.5637550354003906,0.040225040167570114
2024-03-24 13:40:52,사인츠 차 셋팅도 존나 잘맞나본데,"퀄리때부터 해서 날라댕기네 진짜
보기좋다 친구야 그래 좋은자리 구직해야지",29,29.0,"사인츠 차 셋팅도 존나 잘맞나본데 퀄리때부터 해서 날라댕기네 진짜
보기좋다 친구야 그래 좋은자리 구직해야지",사인츠 차 셋팅도 존나 잘맞나본데 퀄리때부터 해서 날라댕기네 진짜 보기좋다 친구야 그래 좋은자리 구직해야지,0.17452207207679749,0.1324024647474289,0.06626000255346298,0.042357996106147766,0.5206127166748047,0.06384482234716415
2024-03-24 13:41:03,아씨발 2시인줄 알았는데,아,29,29.0,아씨발 2시인줄 알았는데 아,아씨발 2시인줄 알았는데 아,0.2611508369445801,0.09900426864624023,0.2454841285943985,0.21011176705360413,0.13690973818302155,0.047339245676994324
2024-03-24 13:41:07,킥 저기 뭐하는데야,"팀 바뀐줄
- dc official App",29,29.0,"킥 저기 뭐하는데야 팀 바뀐줄
- dc official App",킥 저기 뭐하는데야 팀 바뀐줄,0.22537842392921448,0.3352382481098175,0.12112560868263245,0.062242064625024796,0.15396961569786072,0.10204604268074036
2024-03-24 13:41:07,사인츠 : 형이 안해봐서그렇지,클린에어에서 달리면 페랩은 쉽다 이거야ㅋㅋ,29,29.0,사인츠 : 형이 안해봐서그렇지 클린에어에서 달리면 페랩은 쉽다 이거야ㅋㅋ,사인츠 : 형이 안해봐서그렇지 클린에어에서 달리면 페랩은 쉽다 이거야ㅋㅋ,0.16439829766750336,0.11985232681035995,0.08381413668394089,0.049141332507133484,0.5390329360961914,0.0437610000371933
2024-03-24 13:41:07,레드불 로드...,"제가 막겠습니다
- dc official App",29,29.0,"레드불 로드... 제가 막겠습니다
- dc official App",레드불 로드... 제가 막겠습니다,0.26169323921203613,0.18661122024059296,0.15114454925060272,0.19134777784347534,0.12471906840801239,0.08448421955108643
2024-03-24 13:41:17,좆물탕 계약 못무르나,진짜 사인지 버리고 좆물탕 영입은 이해가 안가네,29,29.0,좆물탕 계약 못무르나 진짜 사인지 버리고 좆물탕 영입은 이해가 안가네,좆물탕 계약 못무르나 진짜 사인지 버리고 좆물탕 영입은 이해가 안가네,0.2033292055130005,0.27684304118156433,0.2070179283618927,0.16152167320251465,0.07554981112480164,0.07573829591274261
2024-03-24 13:41:24,딸깍ㅋㅋㅋ,,29,29.0,딸깍ㅋㅋㅋ ,딸깍ㅋㅋㅋ,0.11462677270174026,0.07854630798101425,0.059668511152267456,0.032901979982852936,0.6889390349388123,0.025317376479506493
2024-03-24 13:41:25,어우 저 로케트,"존나빠르긴해
- dc official App",29,29.0,"어우 저 로케트 존나빠르긴해
- dc official App",어우 저 로케트 존나빠르긴해,0.21555300056934357,0.30091187357902527,0.10125259310007095,0.04954403266310692,0.22892670333385468,0.1038118228316307
2024-03-24 13:41:27,딸 깍,"ㅋㅋㅋㅋㅋ
- dc official App",29,29.0,"딸 깍 ㅋㅋㅋㅋㅋ
- dc official App",딸 깍 ㅋㅋㅋㅋㅋ,0.11773498356342316,0.07814612984657288,0.06102635711431503,0.03261520713567734,0.6853961944580078,0.025081070140004158
2024-03-24 13:41:30,아니개씨발 저게 된다고,,29,29.0,아니개씨발 저게 된다고 ,아니개씨발 저게 된다고,0.21087634563446045,0.15428794920444489,0.28055331110954285,0.1766672134399414,0.1039455309510231,0.07366955280303955
2024-03-24 13:41:30,쁘리 뚜 빠이뜨 안하나?,하면 더 잼날텐데.,29,29.0,쁘리 뚜 빠이뜨 안하나? 하면 더 잼날텐데.,쁘리 뚜 빠이뜨 안하나? 하면 더 잼날텐데.,0.2295527160167694,0.19066712260246277,0.09616275876760483,0.056623633950948715,0.37359726428985596,0.05339643731713295
2024-03-24 13:41:31,맥라렌 좆됐다 ㅋㅋ 아 ㅋㅋ,,29,29.0,맥라렌 좆됐다 ㅋㅋ 아 ㅋㅋ ,맥라렌 좆됐다 ㅋㅋ 아 ㅋㅋ,0.3093164563179016,0.18731853365898132,0.17582127451896667,0.11375215649604797,0.10798616707324982,0.10580544173717499
2024-03-24 13:41:33,딸깍,딸깍,29,29.0,딸깍 딸깍,딸깍 딸깍,0.13990475237369537,0.10196611285209656,0.06706304103136063,0.0357610322535038,0.6274076700210571,0.02789737656712532
2024-03-24 13:41:39,체코 벌써 5위까지 왔노,포디움 가냐,30,30.0,체코 벌써 5위까지 왔노 포디움 가냐,체코 벌써 5위까지 왔노 포디움 가냐,0.22351445257663727,0.2706727683544159,0.07752122730016708,0.034310221672058105,0.29764652252197266,0.0963347777724266
2024-03-24 13:41:40,딸 - 깍,,30,30.0,딸 - 깍 ,딸 - 깍,0.171469584107399,0.11612050235271454,0.10189422965049744,0.04864855483174324,0.528634786605835,0.03323239088058472
2024-03-24 13:41:50,뭔 딸깍쇼를 저렇게 좆노잼으로하냐,저것도 재능이다 ㄹㅇ,30,30.0,뭔 딸깍쇼를 저렇게 좆노잼으로하냐 저것도 재능이다 ㄹㅇ,뭔 딸깍쇼를 저렇게 좆노잼으로하냐 저것도 재능이다 ㄹㅇ,0.24814270436763763,0.229604572057724,0.20013442635536194,0.13462567329406738,0.09655861556529999,0.09093401581048965
2024-03-24 13:41:50,0.5초를 그냥 따먹네 십,,30,30.0,0.5초를 그냥 따먹네 십 ,0.5초를 그냥 따먹네 십,0.27318865060806274,0.16984249651432037,0.20966216921806335,0.12137254327535629,0.12647199630737305,0.0994621142745018
2024-03-24 13:41:51,기적의 딸깍쇼,병신도 포디움 들어가자,30,30.0,기적의 딸깍쇼 병신도 포디움 들어가자,기적의 딸깍쇼 병신도 포디움 들어가자,0.11875100433826447,0.0767068862915039,0.055944737046957016,0.03456166014075279,0.6819319725036621,0.03210372477769852
2024-03-24 13:41:53,ㅅㅂ페레즈 오지마 안돼 ㅅㅂ,"올라오지마 무서워 ㅅㅂ
피아제 포디움해야돼 ㅅㅂ",30,30.0,"ㅅㅂ페레즈 오지마 안돼 ㅅㅂ 올라오지마 무서워 ㅅㅂ
피아제 포디움해야돼 ㅅㅂ",ㅅㅂ페레즈 오지마 안돼 ㅅㅂ 올라오지마 무서워 ㅅㅂ 피아제 포디움해야돼 ㅅㅂ,0.16391213238239288,0.18179959058761597,0.25888219475746155,0.17434580624103546,0.13295842707157135,0.08810185641050339
2024-03-24 13:41:53,존나빠르네 ㅅㅂ 진짜 ㅋㅋ,로켓쉽 맞습니다 예,30,30.0,존나빠르네 ㅅㅂ 진짜 ㅋㅋ 로켓쉽 맞습니다 예,존나빠르네 ㅅㅂ 진짜 ㅋㅋ 로켓쉽 맞습니다 예,0.2116306573152542,0.21396026015281677,0.16420519351959229,0.08651251345872879,0.20976491272449493,0.11392650753259659
2024-03-24 13:41:59,2위 가능할듯,2렙남겨두고 사인즈랑 베틀할듯,30,30.0,2위 가능할듯 2렙남겨두고 사인즈랑 베틀할듯,2위 가능할듯 2렙남겨두고 사인즈랑 베틀할듯,0.2173227071762085,0.23934412002563477,0.09941188246011734,0.05859712138772011,0.31418877840042114,0.07113532721996307
2024-03-24 13:42:16,이새끼들 사실 현자였네,"본질 제작진 그들은 신인가?
- dc official App",30,30.0,"이새끼들 사실 현자였네 본질 제작진 그들은 신인가?
- dc official App",이새끼들 사실 현자였네 본질 제작진 그들은 신인가?,0.1749638020992279,0.28634247183799744,0.18450939655303955,0.09253942966461182,0.11187296360731125,0.14977192878723145
2024-03-24 13:42:20,25년 좆라리 거품르끌+퇴물탕,"판단력 -20 ㅋㅋㅋㅋ
차를 잘만드면 뭐하노 븅신듀오가 운전해야되는데",30,30.0,"25년 좆라리 거품르끌+퇴물탕 판단력 -20 ㅋㅋㅋㅋ
차를 잘만드면 뭐하노 븅신듀오가 운전해야되는데",25년 좆라리 거품르끌+퇴물탕 판단력 -20 ㅋㅋㅋㅋ 차를 잘만드면 뭐하노 븅신듀오가 운전해야되는데,0.18296952545642853,0.225273996591568,0.2607932984828949,0.18428948521614075,0.07005388289690018,0.07661984115839005
2024-03-24 13:42:23,레드불 존나 빠르긴하다,존나 쉽게 따먹노,30,30.0,레드불 존나 빠르긴하다 존나 쉽게 따먹노,레드불 존나 빠르긴하다 존나 쉽게 따먹노,0.19964370131492615,0.31366944313049316,0.13155841827392578,0.05789456516504288,0.18727269768714905,0.10996115207672119
2024-03-24 13:42:26,아니시발 딸깍쇼 하지말라고 이새끼들아,피아스트리 포디움좀 보자 ㅅㅂ ㅠㅠ,30,30.0,아니시발 딸깍쇼 하지말라고 이새끼들아 피아스트리 포디움좀 보자 ㅅㅂ ㅠㅠ,아니시발 딸깍쇼 하지말라고 이새끼들아 피아스트리 포디움좀 보자 ㅅㅂ ㅠㅠ,0.21030032634735107,0.10638000071048737,0.31430572271347046,0.1608072817325592,0.1651621162891388,0.04304458945989609
2024-03-24 13:42:29,라잌 롸켓쉽,ㅅㅂ,30,30.0,라잌 롸켓쉽 ㅅㅂ,라잌 롸켓쉽 ㅅㅂ,0.19360707700252533,0.12206082046031952,0.31765231490135193,0.17751741409301758,0.1470666527748108,0.04209567978978157
2024-03-24 13:42:29,페레즈 딸깍 ㅋㅋ,,30,30.0,페레즈 딸깍 ㅋㅋ ,페레즈 딸깍 ㅋㅋ,0.12285026162862778,0.09803216904401779,0.06679657101631165,0.03237701952457428,0.6517104506492615,0.028233464807271957
2024-03-24 13:42:29,개씨발 좆같은 체코새끼,씨발,30,30.0,개씨발 좆같은 체코새끼 씨발,개씨발 좆같은 체코새끼 씨발,0.18912626802921295,0.10689011216163635,0.29728129506111145,0.20135600864887238,0.16612644493579865,0.03921991586685181
2024-03-24 13:42:35,이새기들은 티포시 맞냐?,"사인스가 1등이든 르끌이 1등이든 원투하고 있으면 기분 존나 좋아야 정상아니노? ㅋㅋ
- dc official App",30,30.0,"이새기들은 티포시 맞냐? 사인스가 1등이든 르끌이 1등이든 원투하고 있으면 기분 존나 좋아야 정상아니노? ㅋㅋ
- dc official App",이새기들은 티포시 맞냐? 사인스가 1등이든 르끌이 1등이든 원투하고 있으면 기분 존나 좋아야 정상아니노? ㅋㅋ,0.22627650201320648,0.21791613101959229,0.23076938092708588,0.09695208817720413,0.13228948414325714,0.0957963764667511
2024-03-24 13:42:36,스무스 오퍼레이터 ㄷㄷㄷㄷㄷㄷㄷ,ㄷㄷㄷ,30,30.0,스무스 오퍼레이터 ㄷㄷㄷㄷㄷㄷㄷ ㄷㄷㄷ,스무스 오퍼레이터 ㄷㄷㄷㄷㄷㄷㄷ ㄷㄷㄷ,0.20280016958713531,0.3357996940612793,0.11094474047422409,0.04726313799619675,0.199272021651268,0.10392025113105774
2024-03-24 13:42:41,체코 3그리드 패널티만 없었으면ㅋㅋㅋㅋ,,30,30.0,체코 3그리드 패널티만 없었으면ㅋㅋㅋㅋ ,체코 3그리드 패널티만 없었으면ㅋㅋㅋㅋ,0.29756268858909607,0.19525574147701263,0.14360757172107697,0.12525862455368042,0.17790375649929047,0.06041160225868225
2024-03-24 13:42:43,실시간 생각이 계속 많아지는 새끼....,르끌이랑 갭 계속벌어지는데 ㅋㅋㅋ,30,30.0,실시간 생각이 계속 많아지는 새끼.... 르끌이랑 갭 계속벌어지는데 ㅋㅋㅋ,실시간 생각이 계속 많아지는 새끼.... 르끌이랑 갭 계속벌어지는데 ㅋㅋㅋ,0.3149575889110565,0.18893267214298248,0.15446597337722778,0.08451122045516968,0.13357846438884735,0.1235540509223938
2024-03-24 13:42:45,아니 페레즈 진짜 몇위할라나,존나게 빠륵녜,30,30.0,아니 페레즈 진짜 몇위할라나 존나게 빠륵녜,아니 페레즈 진짜 몇위할라나 존나게 빠륵녜,0.24930080771446228,0.295189768075943,0.1511223465204239,0.06068366765975952,0.12175363302230835,0.12194981426000595
2024-03-24 13:43:03,피아제 포디움 올랐으면 좋겠네,멜버른이 고향이라던데,31,31.0,피아제 포디움 올랐으면 좋겠네 멜버른이 고향이라던데,피아제 포디움 올랐으면 좋겠네 멜버른이 고향이라던데,0.193445086479187,0.16733212769031525,0.07245553284883499,0.05484926328063011,0.44671913981437683,0.0651988685131073
2024-03-24 13:43:09,생각할수록 화나네,사인츠를 내보내고 해밀턴 영입은 씨발..,31,31.0,생각할수록 화나네 사인츠를 내보내고 해밀턴 영입은 씨발..,생각할수록 화나네 사인츠를 내보내고 해밀턴 영입은 씨발..,0.23836536705493927,0.1092575192451477,0.26931166648864746,0.2032521367073059,0.14379090070724487,0.03602249547839165
2024-03-24 13:43:11,페라리 원투는 안된다 ㅋㅋ,체코 드가자,31,31.0,페라리 원투는 안된다 ㅋㅋ 체코 드가자,페라리 원투는 안된다 ㅋㅋ 체코 드가자,0.1476815640926361,0.09261836111545563,0.07285813987255096,0.04748179391026497,0.6044480800628662,0.03491206094622612
2024-03-24 13:43:15,근데 10위 11위 하스노 ㅋㅋ,ㅋㅋㅋㅋㅋㅋㅋㅋㅋ,31,31.0,근데 10위 11위 하스노 ㅋㅋ ㅋㅋㅋㅋㅋㅋㅋㅋㅋ,근데 10위 11위 하스노 ㅋㅋ ㅋㅋㅋㅋㅋㅋㅋㅋㅋ,0.1883591115474701,0.13753686845302582,0.08282981067895889,0.03721712902188301,0.5179408192634583,0.03611627593636513
2024-03-24 13:43:16,드라이버 즈왑 ㄷㄷㄷㄷㄷㄷ,,31,31.0,드라이버 즈왑 ㄷㄷㄷㄷㄷㄷ ,드라이버 즈왑 ㄷㄷㄷㄷㄷㄷ,0.20866604149341583,0.32522785663604736,0.10471465438604355,0.04484622925519943,0.21714456379413605,0.0994006022810936
2024-03-24 13:43:18,스왑시전 ㄷㄷㄷ,ㄷㄷ,31,31.0,스왑시전 ㄷㄷㄷ ㄷㄷ,스왑시전 ㄷㄷㄷ ㄷㄷ,0.212709441781044,0.3056446313858032,0.1525578498840332,0.0790531188249588,0.1199977919459343,0.13003717362880707
2024-03-24 13:43:18,피아제 나와 !!,,31,31.0,피아제 나와 !! ,피아제 나와 !!,0.16477452218532562,0.11384370923042297,0.10526040196418762,0.06869109719991684,0.49886810779571533,0.048562195152044296
2024-03-24 13:43:18,피아제 팀오더 ㅋㅋ,,31,31.0,피아제 팀오더 ㅋㅋ ,피아제 팀오더 ㅋㅋ,0.19110623002052307,0.1739877164363861,0.13374260067939758,0.06357194483280182,0.38694262504577637,0.05064883083105087
2024-03-24 13:43:19,팀오더ㅋㅋㅋㅋ,ㅋㅋㅋ,31,31.0,팀오더ㅋㅋㅋㅋ ㅋㅋㅋ,팀오더ㅋㅋㅋㅋ ㅋㅋㅋ,0.12327468395233154,0.08729823678731918,0.059655074030160904,0.03290686011314392,0.6732611060142517,0.02360409125685692
2024-03-24 13:43:20,어어어,,31,31.0,어어어 ,어어어,0.2590673267841339,0.18503162264823914,0.08147640526294708,0.05780180171132088,0.35920506715774536,0.057417791336774826
2024-03-24 13:43:24,사인츠 회광반조아님?,ㅈㄴ잘하노,31,31.0,사인츠 회광반조아님? ㅈㄴ잘하노,사인츠 회광반조아님? ㅈㄴ잘하노,0.1677895188331604,0.12760606408119202,0.05869818478822708,0.03245100378990173,0.5660691857337952,0.04738601669669151
2024-03-24 13:43:25,스왑 ㅋㅋㅋㅋㅋ,,31,31.0,스왑 ㅋㅋㅋㅋㅋ ,스왑 ㅋㅋㅋㅋㅋ,0.10888306051492691,0.06839540600776672,0.054803818464279175,0.03481550142168999,0.7095609307289124,0.023541241884231567
2024-03-24 13:43:27,아이고 ㅠㅠ,,31,31.0,아이고 ㅠㅠ ,아이고 ㅠㅠ,0.2544238567352295,0.20153021812438965,0.1423068344593048,0.20214343070983887,0.12640713155269623,0.07318853586912155
2024-03-24 13:43:28,노리스 이즈 패스터 댄 유,ㅈㄱㄴ,31,31.0,노리스 이즈 패스터 댄 유 ㅈㄱㄴ,노리스 이즈 패스터 댄 유 ㅈㄱㄴ,0.20091387629508972,0.11976202577352524,0.26101383566856384,0.09900542348623276,0.27697354555130005,0.04233122617006302
2024-03-24 13:43:29,피아제 스왑 ㅋㅋㅋㅋㅋㅋ,ㅋㅋㅋㅋㅋ,31,31.0,피아제 스왑 ㅋㅋㅋㅋㅋㅋ ㅋㅋㅋㅋㅋ,피아제 스왑 ㅋㅋㅋㅋㅋㅋ ㅋㅋㅋㅋㅋ,0.24084658920764923,0.16652853786945343,0.15323485434055328,0.06805883347988129,0.3151286244392395,0.05620252713561058
2024-03-24 13:43:29,퍼스트 내보내고 메르 세컨 받은팀 ㅋㅋ,ㅋㅋ,31,31.0,퍼스트 내보내고 메르 세컨 받은팀 ㅋㅋ ㅋㅋ,퍼스트 내보내고 메르 세컨 받은팀 ㅋㅋ ㅋㅋ,0.18401619791984558,0.14742730557918549,0.10879309475421906,0.045254893600940704,0.47416776418685913,0.040340762585401535
2024-03-24 13:43:31,맥라렌 드라이버 zwapㅋㅋㅋㅋ,"ㅋㅋㅋㅋ
- dc official App",31,31.0,"맥라렌 드라이버 zwapㅋㅋㅋㅋ ㅋㅋㅋㅋ
- dc official App",맥라렌 드라이버 zwapㅋㅋㅋㅋ ㅋㅋㅋㅋ,0.12639498710632324,0.08794531226158142,0.06892377883195877,0.033665336668491364,0.6547685265541077,0.02830205112695694
2024-03-24 13:43:34,오늘 재밌노 ㅋㅋㅋㅋㅋㅋㅋㅋㅋㅋ,ㅋㅋㅋㅋㅋㅋㅋㅋㅋㅋㅋㅋㅋㅋㅋ,31,31.0,오늘 재밌노 ㅋㅋㅋㅋㅋㅋㅋㅋㅋㅋ ㅋㅋㅋㅋㅋㅋㅋㅋㅋㅋㅋㅋㅋㅋㅋ,오늘 재밌노 ㅋㅋㅋㅋㅋㅋㅋㅋㅋㅋ ㅋㅋㅋㅋㅋㅋㅋㅋㅋㅋㅋㅋㅋㅋㅋ,0.11390364170074463,0.06298211216926575,0.05953776091337204,0.037047263234853745,0.7041473984718323,0.022381789982318878
2024-03-24 13:43:33,누리스 수치풀 ㅋㅋㅋㅋㅋㅋㅋㅋㅋ,,31,31.0,누리스 수치풀 ㅋㅋㅋㅋㅋㅋㅋㅋㅋ ,누리스 수치풀 ㅋㅋㅋㅋㅋㅋㅋㅋㅋ,0.15826871991157532,0.10159604251384735,0.06463053077459335,0.035848286002874374,0.6063954830169678,0.03326099365949631
2024-03-24 13:43:35,누리스: 비켮아,,31,31.0,누리스: 비켮아 ,누리스: 비켮아,0.12074992060661316,0.08654424548149109,0.06143765524029732,0.03873446211218834,0.6670318245887756,0.02550194226205349
2024-03-24 13:43:36,캥거루들 오열 ㅠㅠㅠㅠㅠㅠ,ㅠㅠㅠㅠ,31,31.0,캥거루들 오열 ㅠㅠㅠㅠㅠㅠ ㅠㅠㅠㅠ,캥거루들 오열 ㅠㅠㅠㅠㅠㅠ ㅠㅠㅠㅠ,0.23444883525371552,0.1848810911178589,0.11865810304880142,0.1308317929506302,0.2518818974494934,0.0792982205748558
2024-03-24 13:43:36,진찌 오늘 싸움들 살벌하네 ㅋㅋㅋㅋㅋㅋㅋㅋㅋㅋ,다들 진짜 진심이노 ㅋㅋㅋㅋㅋㅋㅋㅋㅋ,31,31.0,진찌 오늘 싸움들 살벌하네 ㅋㅋㅋㅋㅋㅋㅋㅋㅋㅋ 다들 진짜 진심이노 ㅋㅋㅋㅋㅋㅋㅋㅋㅋ,진찌 오늘 싸움들 살벌하네 ㅋㅋㅋㅋㅋㅋㅋㅋㅋㅋ 다들 진짜 진심이노 ㅋㅋㅋㅋㅋㅋㅋㅋㅋ,0.22035714983940125,0.2813746929168701,0.12398401647806168,0.04741434380412102,0.20117521286010742,0.12569452822208405
2024-03-24 13:43:37,딸깍쇼 막기 위해 피아스트리 희생 ㅅㅂ,좆드불 개같노,31,31.0,딸깍쇼 막기 위해 피아스트리 희생 ㅅㅂ 좆드불 개같노,딸깍쇼 막기 위해 피아스트리 희생 ㅅㅂ 좆드불 개같노,0.16725918650627136,0.12224823236465454,0.31931841373443604,0.21341341733932495,0.1327715963125229,0.044989101588726044
2024-03-24 13:43:38,발잇제 ㅋㅋㅋㅋㅋㅋㅋㅋㅋㅋㅋㅋㅋㅋㅋㅋㅋㅋㅋ,여러팀에서 써먹넼ㅋㅋㅋㅋㅋㅋㅋㅋㅋㅋㅋㅋㅋㅋㅋ,31,31.0,발잇제 ㅋㅋㅋㅋㅋㅋㅋㅋㅋㅋㅋㅋㅋㅋㅋㅋㅋㅋㅋ 여러팀에서 써먹넼ㅋㅋㅋㅋㅋㅋㅋㅋㅋㅋㅋㅋㅋㅋㅋ,발잇제 ㅋㅋㅋㅋㅋㅋㅋㅋㅋㅋㅋㅋㅋㅋㅋㅋㅋㅋㅋ 여러팀에서 써먹넼ㅋㅋㅋㅋㅋㅋㅋㅋㅋㅋㅋㅋㅋㅋㅋ,0.128616601228714,0.08482594043016434,0.0591687373816967,0.03211649879813194,0.6683396697044373,0.026932545006275177
2024-03-24 13:43:40,피아제 게이야 ㅋㅋㅋㅋㅋ,ㅋㅋㅋ,31,31.0,피아제 게이야 ㅋㅋㅋㅋㅋ ㅋㅋㅋ,피아제 게이야 ㅋㅋㅋㅋㅋ ㅋㅋㅋ,0.14480561017990112,0.08143728971481323,0.07009904831647873,0.036217622458934784,0.6374280452728271,0.030012382194399834
2024-03-24 13:43:40,홈 경기에서 순위 대주기 눈물나노,ㅠㅠ,31,31.0,홈 경기에서 순위 대주기 눈물나노 ㅠㅠ,홈 경기에서 순위 대주기 눈물나노 ㅠㅠ,0.23730722069740295,0.1658766120672226,0.13431303203105927,0.17775583267211914,0.2000383883714676,0.08470896631479263
2024-03-24 13:43:42,막가놈 한명 빠지니까,모든팀이 이악물고뛴다 ㅋㅋㅋㅋㅋㅋㅋㅋㅋㅋㅋ,31,31.0,막가놈 한명 빠지니까 모든팀이 이악물고뛴다 ㅋㅋㅋㅋㅋㅋㅋㅋㅋㅋㅋ,막가놈 한명 빠지니까 모든팀이 이악물고뛴다 ㅋㅋㅋㅋㅋㅋㅋㅋㅋㅋㅋ,0.20752331614494324,0.18558919429779053,0.11067862808704376,0.04652455449104309,0.3712467849254608,0.07843757420778275
2024-03-24 13:43:42,3초차이 되냐?,ㅋㅋㅋㅋ,31,31.0,3초차이 되냐? ㅋㅋㅋㅋ,3초차이 되냐? ㅋㅋㅋㅋ,0.2511034607887268,0.3001514971256256,0.1416131854057312,0.0676703155040741,0.14328351616859436,0.09617801755666733
2024-03-24 13:43:42,어제 가슬리까던새끼들,"그래서 오콘 ㅇㄷ? 이 씨발롬들아
- dc official App",31,31.0,"어제 가슬리까던새끼들 그래서 오콘 ㅇㄷ? 이 씨발롬들아
- dc official App",어제 가슬리까던새끼들 그래서 오콘 ㅇㄷ? 이 씨발롬들아,0.18040385842323303,0.12521150708198547,0.3341170847415924,0.1537814736366272,0.1538057178258896,0.05268032103776932
2024-03-24 13:43:47,ㅋㅋㅋㅋㅋㅋㅋㅋ,,31,31.0,ㅋㅋㅋㅋㅋㅋㅋㅋ ,ㅋㅋㅋㅋㅋㅋㅋㅋ,0.14252834022045135,0.0933869406580925,0.07216941565275192,0.035368405282497406,0.6290106177330017,0.02753628045320511
2024-03-24 13:43:48,패스츄리 ㅠㅠ,- dc official App,31,31.0,패스츄리 ㅠㅠ - dc official App,패스츄리 ㅠㅠ - dc official App,0.2881038188934326,0.17358368635177612,0.12538813054561615,0.14151261746883392,0.20393289625644684,0.06747885048389435
2024-03-24 13:43:48,호주팬들 개빡돌겠네,"대런 기록삭제 ㅋㅋㅋ
노리스에 양보 ㅋㅋㅋㅋ",31,31.0,"호주팬들 개빡돌겠네 대런 기록삭제 ㅋㅋㅋ
노리스에 양보 ㅋㅋㅋㅋ",호주팬들 개빡돌겠네 대런 기록삭제 ㅋㅋㅋ 노리스에 양보 ㅋㅋㅋㅋ,0.2929679751396179,0.1901962012052536,0.20185129344463348,0.129330575466156,0.09103579074144363,0.09461821615695953
2024-03-24 13:43:53,피아제 포디엄 가면 좋겠다,"노리스 말고
- dc official App",31,31.0,"피아제 포디엄 가면 좋겠다 노리스 말고
- dc official App",피아제 포디엄 가면 좋겠다 노리스 말고,0.24392171204090118,0.21092943847179413,0.10320645570755005,0.10454396158456802,0.27009692788124084,0.06730149686336517
2024-03-24 13:43:53,맥누나들 표정 ㅋㅋㅋㅋㅋㅋㅋㅋㅋㅋㅋㅋ,,31,31.0,맥누나들 표정 ㅋㅋㅋㅋㅋㅋㅋㅋㅋㅋㅋㅋ ,맥누나들 표정 ㅋㅋㅋㅋㅋㅋㅋㅋㅋㅋㅋㅋ,0.15810860693454742,0.10896367579698563,0.06757594645023346,0.035425927489995956,0.5941393971443176,0.03578643500804901
2024-03-24 13:43:57,씹정색하는거보소ㅋㅋㅋㅋㅋ,,31,31.0,씹정색하는거보소ㅋㅋㅋㅋㅋ ,씹정색하는거보소ㅋㅋㅋㅋㅋ,0.18767015635967255,0.17001980543136597,0.07892241328954697,0.03692587837576866,0.4709983766078949,0.05546341463923454
2024-03-24 13:43:58,호주팬들 대침묵 ㅋㅋㅋㅋ,ㅋㅋㅋㅋ,31,31.0,호주팬들 대침묵 ㅋㅋㅋㅋ ㅋㅋㅋㅋ,호주팬들 대침묵 ㅋㅋㅋㅋ ㅋㅋㅋㅋ,0.2826184630393982,0.21804337203502655,0.11854254454374313,0.05382634699344635,0.25250276923179626,0.07446648925542831
2024-03-24 13:43:57,[정보]F1 호주 gp 역사상 호주인의 포디움은 아직까지 없다.,,31,31.0,[정보]F1 호주 gp 역사상 호주인의 포디움은 아직까지 없다. ,[정보]F1 호주 gp 역사상 호주인의 포디움은 아직까지 없다.,0.23587770760059357,0.3442052900791168,0.11276132613420486,0.08873022347688675,0.13279642164707184,0.08562904596328735
2024-03-24 13:43:58,그렇다면 저 다니엘 리카도 !!,,31,31.0,그렇다면 저 다니엘 리카도 !! ,그렇다면 저 다니엘 리카도 !!,0.1419464349746704,0.09449556469917297,0.04944217577576637,0.033620622009038925,0.6387546062469482,0.041740626096725464
2024-03-24 13:44:00,어허 영국은 호주 부모야,부모님 보내드려야지,31,31.0,어허 영국은 호주 부모야 부모님 보내드려야지,어허 영국은 호주 부모야 부모님 보내드려야지,0.32682153582572937,0.22824236750602722,0.12483467906713486,0.1268882304430008,0.10393800586462021,0.08927518874406815
2024-03-24 13:44:01,맥라렌 다 얼굴 굳었노ㅋㅋㅋㅋㅋㅋㅋㅋㅋ,,31,31.0,맥라렌 다 얼굴 굳었노ㅋㅋㅋㅋㅋㅋㅋㅋㅋ ,맥라렌 다 얼굴 굳었노ㅋㅋㅋㅋㅋㅋㅋㅋㅋ,0.2758241295814514,0.24017222225666046,0.14083382487297058,0.07194805145263672,0.14897474646568298,0.12224699556827545
2024-03-24 13:44:02,내년에 가장 좆된건 페라리가 아니라 사인츠지 ㅇㅇ,"마라넬로는 알빠노고
아우디 간좀보지 말지
뭘 타도 레드불 가는거 아닌이상 페라리 이상가는 차 못탈텐데
저 폼으로 ㅅㅂ",31,31.0,"내년에 가장 좆된건 페라리가 아니라 사인츠지 ㅇㅇ 마라넬로는 알빠노고
아우디 간좀보지 말지
뭘 타도 레드불 가는거 아닌이상 페라리 이상가는 차 못탈텐데
저 폼으로 ㅅㅂ",내년에 가장 좆된건 페라리가 아니라 사인츠지 ㅇㅇ 마라넬로는 알빠노고 아우디 간좀보지 말지 뭘 타도 레드불 가는거 아닌이상 페라리 이상가는 차 못탈텐데 저 폼으로 ㅅㅂ,0.2002670019865036,0.1809476912021637,0.26835280656814575,0.21014615893363953,0.06888166815042496,0.07140456885099411
2024-03-24 13:44:02,호주 파파야단 씹정색 ㅋㅋ,"속도로 증명해라
- dc official App",31,31.0,"호주 파파야단 씹정색 ㅋㅋ 속도로 증명해라
- dc official App",호주 파파야단 씹정색 ㅋㅋ 속도로 증명해라,0.2037285417318344,0.16984866559505463,0.09517685323953629,0.04239290952682495,0.4192652106285095,0.069587841629982
2024-03-24 13:44:05,팬들표정 ㅋㅋㅋㅋㅋㅋㅋㅋ,"쓰읍 ㅋㅋㅋㅋㅋ
- dc official App",31,31.0,"팬들표정 ㅋㅋㅋㅋㅋㅋㅋㅋ 쓰읍 ㅋㅋㅋㅋㅋ
- dc official App",팬들표정 ㅋㅋㅋㅋㅋㅋㅋㅋ 쓰읍 ㅋㅋㅋㅋㅋ,0.21678481996059418,0.1359744518995285,0.07271964102983475,0.05017342418432236,0.4694242775440216,0.054923299700021744
2024-03-24 13:44:05,피잇제 ㅋㅋㅋㅋㅋㅋㅋㅋㅋ,,31,31.0,피잇제 ㅋㅋㅋㅋㅋㅋㅋㅋㅋ ,피잇제 ㅋㅋㅋㅋㅋㅋㅋㅋㅋ,0.10855578631162643,0.07139530032873154,0.05934372916817665,0.033097200095653534,0.704180121421814,0.023427868261933327
2024-03-24 13:44:08,맥누나 표정 십창났노 ㅋㅋㅋㅋㅋㅋㅋ,,31,31.0,맥누나 표정 십창났노 ㅋㅋㅋㅋㅋㅋㅋ ,맥누나 표정 십창났노 ㅋㅋㅋㅋㅋㅋㅋ,0.2599003314971924,0.20475134253501892,0.10286204516887665,0.056858088821172714,0.2843761742115021,0.09125202149152756
2024-03-24 13:44:09,앨버트 도서관 입개르,"헉
- dc official App",31,31.0,"앨버트 도서관 입개르 헉
- dc official App",앨버트 도서관 입개르 헉,0.21055923402309418,0.2935689091682434,0.10141989588737488,0.0416693314909935,0.259961873292923,0.09282078593969345
2024-03-24 13:44:09,해물탕 계약서 찢어버리고 사인지에게 빌고싶은 바수르는 개추,- dc official App,31,31.0,해물탕 계약서 찢어버리고 사인지에게 빌고싶은 바수르는 개추 - dc official App,해물탕 계약서 찢어버리고 사인지에게 빌고싶은 바수르는 개추 - dc official App,0.16542042791843414,0.1577044427394867,0.2540206015110016,0.1156918853521347,0.24669308960437775,0.06046953424811363
2024-03-24 13:44:12,이번 호주 진짜 살벌하긴 하네,,31,31.0,이번 호주 진짜 살벌하긴 하네 ,이번 호주 진짜 살벌하긴 하네,0.21913298964500427,0.3433140814304352,0.12601105868816376,0.0752052292227745,0.12224485725164413,0.11409182101488113
2024-03-24 13:44:13,호주팬들 단체로 실어증 ㅋㅋㅋ,ㅋㅋㅋ시무룩,31,31.0,호주팬들 단체로 실어증 ㅋㅋㅋ ㅋㅋㅋ시무룩,호주팬들 단체로 실어증 ㅋㅋㅋ ㅋㅋㅋ시무룩,0.19827696681022644,0.11186617612838745,0.07704611122608185,0.05314936861395836,0.5133436918258667,0.046317700296640396
2024-03-24 13:44:15,팬들 표정 싹굳었노ㅋㅋㅋㅋㅋㅋㅋ,ㅋㅋㅋㅋㅋㅋㅋㅋㅋㅋㅋㅋㅋㅋㅋㅋㅋ,31,31.0,팬들 표정 싹굳었노ㅋㅋㅋㅋㅋㅋㅋ ㅋㅋㅋㅋㅋㅋㅋㅋㅋㅋㅋㅋㅋㅋㅋㅋㅋ,팬들 표정 싹굳었노ㅋㅋㅋㅋㅋㅋㅋ ㅋㅋㅋㅋㅋㅋㅋㅋㅋㅋㅋㅋㅋㅋㅋㅋㅋ,0.1825614869594574,0.11276067048311234,0.07072211056947708,0.03949521854519844,0.5535098910331726,0.04095064103603363
2024-03-24 13:44:17,해밀턴 왜리타?,- dc official App,31,31.0,해밀턴 왜리타? - dc official App,해밀턴 왜리타? - dc official App,0.21586589515209198,0.2694944143295288,0.08736743032932281,0.047958001494407654,0.32564303278923035,0.053671251982450485
2024-03-24 13:44:21,호주 코코넛단 준비,맥라렌 죽여라,32,32.0,호주 코코넛단 준비 맥라렌 죽여라,호주 코코넛단 준비 맥라렌 죽여라,0.16456520557403564,0.22576826810836792,0.16868047416210175,0.09949739277362823,0.2725624144077301,0.06892625242471695
2024-03-24 13:44:24,분위기 ㅈ망 ㅋㅋㅋㅋㅋ,ㅋㅋㅋㅋㅋㅋ,32,32.0,분위기 ㅈ망 ㅋㅋㅋㅋㅋ ㅋㅋㅋㅋㅋㅋ,분위기 ㅈ망 ㅋㅋㅋㅋㅋ ㅋㅋㅋㅋㅋㅋ,0.328220009803772,0.13743582367897034,0.18484462797641754,0.10025428235530853,0.17935167253017426,0.06989362835884094
2024-03-24 13:44:27,홈타운인데 진짜 너무하노,,32,32.0,홈타운인데 진짜 너무하노 ,홈타운인데 진짜 너무하노,0.2549731433391571,0.1466977447271347,0.2161201685667038,0.2071300446987152,0.11350328475236893,0.061575599014759064
2024-03-24 13:44:30,냉혹한 F1의 세계 ㄷㄷ,ㅋㅋㅋ,32,32.0,냉혹한 F1의 세계 ㄷㄷ ㅋㅋㅋ,냉혹한 F1의 세계 ㄷㄷ ㅋㅋㅋ,0.23825648427009583,0.2793586254119873,0.11592860519886017,0.05260687321424484,0.1908821016550064,0.12296731770038605
2024-03-24 13:44:30,랜도이즈패스터댄유,캔유컨펌유언더수트드더메세지?,32,32.0,랜도이즈패스터댄유 캔유컨펌유언더수트드더메세지?,랜도이즈패스터댄유 캔유컨펌유언더수트드더메세지?,0.21055763959884644,0.2513207197189331,0.09609074145555496,0.057955484837293625,0.3328961730003357,0.051179248839616776
2024-03-24 13:44:31,이렇게 된 이상 노리스가 무ㅜ라도 보여줘라,- dc official App,32,32.0,이렇게 된 이상 노리스가 무ㅜ라도 보여줘라 - dc official App,이렇게 된 이상 노리스가 무ㅜ라도 보여줘라 - dc official App,0.29934561252593994,0.21247069537639618,0.11479975283145905,0.15266147255897522,0.14454463124275208,0.07617785036563873
2024-03-24 13:44:35,영연방 주제에 까라면 까야지,ㅋㅋㅋㅋ,32,32.0,영연방 주제에 까라면 까야지 ㅋㅋㅋㅋ,영연방 주제에 까라면 까야지 ㅋㅋㅋㅋ,0.24984337389469147,0.21249845623970032,0.22510936856269836,0.09488534182310104,0.14004826545715332,0.0776151642203331
2024-03-24 13:44:34,스왑한거 치곤 ㅈㄴ느린데요,,32,32.0,스왑한거 치곤 ㅈㄴ느린데요 ,스왑한거 치곤 ㅈㄴ느린데요,0.25351351499557495,0.3239518105983734,0.13882339000701904,0.10739492624998093,0.09959707409143448,0.07671931385993958
2024-03-24 13:44:36,노리스 빠르게 붙더니 설마 했는데,진짜 하네 ㅋㅋㅋㅋㅋㅋㅋㅋㅋ,32,32.0,노리스 빠르게 붙더니 설마 했는데 진짜 하네 ㅋㅋㅋㅋㅋㅋㅋㅋㅋ,노리스 빠르게 붙더니 설마 했는데 진짜 하네 ㅋㅋㅋㅋㅋㅋㅋㅋㅋ,0.2055133730173111,0.24834366142749786,0.07747528702020645,0.03495814651250839,0.3577151894569397,0.0759943500161171
2024-03-24 13:44:39,병신 스핀같은거 한번만,ㅇㅇ,32,32.0,병신 스핀같은거 한번만 ㅇㅇ,병신 스핀같은거 한번만 ㅇㅇ,0.18006019294261932,0.14387144148349762,0.07980180531740189,0.07063384354114532,0.46942567825317383,0.056207023561000824
2024-03-24 13:44:46,그래도 팀오더 해야됨,"개꿀잼
- dc official App",32,32.0,"그래도 팀오더 해야됨 개꿀잼
- dc official App",그래도 팀오더 해야됨 개꿀잼,0.11963199079036713,0.05957239121198654,0.05852804705500603,0.03797488659620285,0.7016182541847229,0.02267436310648918
2024-03-24 13:44:55,그러네 세카 한번이면 무용지물이네,유키야 리카르도야 부탁해,32,32.0,그러네 세카 한번이면 무용지물이네 유키야 리카르도야 부탁해,그러네 세카 한번이면 무용지물이네 유키야 리카르도야 부탁해,0.24351003766059875,0.19367383420467377,0.08101330697536469,0.09301576763391495,0.31160375475883484,0.077183298766613
2024-03-24 13:45:11,페레즈 존나 느리네,걍 다시 따먹자,32,32.0,페레즈 존나 느리네 걍 다시 따먹자,페레즈 존나 느리네 걍 다시 따먹자,0.35342615842819214,0.17816588282585144,0.1466156244277954,0.16565173864364624,0.08798220008611679,0.06815844774246216
2024-03-24 13:45:16,랜도 르끌 못잡으면 출국 못하겠노 ㅋㅋ,ㅋㅋ,32,32.0,랜도 르끌 못잡으면 출국 못하겠노 ㅋㅋ ㅋㅋ,랜도 르끌 못잡으면 출국 못하겠노 ㅋㅋ ㅋㅋ,0.27431151270866394,0.28805819153785706,0.15304042398929596,0.08860668540000916,0.09319240599870682,0.10279075801372528
2024-03-24 13:45:20,체평행동 하나 안하냐,레메 안섞인 순수한 페멕근본 포디움 마려운데,32,32.0,체평행동 하나 안하냐 레메 안섞인 순수한 페멕근본 포디움 마려운데,체평행동 하나 안하냐 레메 안섞인 순수한 페멕근본 포디움 마려운데,0.2221875786781311,0.15822581946849823,0.23041175305843353,0.1810402274131775,0.13380931317806244,0.0743253156542778
2024-03-24 13:45:25,사인지 시계 꼭쥐고 있노ㅋㅋㅋㅋㅋㅋ,,32,32.0,사인지 시계 꼭쥐고 있노ㅋㅋㅋㅋㅋㅋ ,사인지 시계 꼭쥐고 있노ㅋㅋㅋㅋㅋㅋ,0.1729140281677246,0.1268099844455719,0.06479718536138535,0.03232654184103012,0.5639593005180359,0.03919294849038124
2024-03-24 13:45:34,대론소 1초안ㅋㅋㅋㅋㅋ,ㅋㅋㅋ,32,32.0,대론소 1초안ㅋㅋㅋㅋㅋ ㅋㅋㅋ,대론소 1초안ㅋㅋㅋㅋㅋ ㅋㅋㅋ,0.14075903594493866,0.10000332444906235,0.06697952002286911,0.03527675196528435,0.6273707151412964,0.029610639438033104
2024-03-24 13:45:42,이건 누리스가 미끌레 못 잡아야 더 재밌어짐ㅋㅋㅋㅋ,ㅋㅋㅋㅋ,32,32.0,이건 누리스가 미끌레 못 잡아야 더 재밌어짐ㅋㅋㅋㅋ ㅋㅋㅋㅋ,이건 누리스가 미끌레 못 잡아야 더 재밌어짐ㅋㅋㅋㅋ ㅋㅋㅋㅋ,0.1305876225233078,0.08972731232643127,0.06577812135219574,0.03322618082165718,0.6534644961357117,0.027216237038373947
2024-03-24 13:45:45,실시간 소리없이 멸망 중인 새끼,오콘 17위 ㅋㅋㅋ,33,33.0,실시간 소리없이 멸망 중인 새끼 오콘 17위 ㅋㅋㅋ,실시간 소리없이 멸망 중인 새끼 오콘 17위 ㅋㅋㅋ,0.23396021127700806,0.22394569218158722,0.2153196483850479,0.09761510789394379,0.10926829278469086,0.11989109218120575
2024-03-24 13:45:50,설마 랜도한테 따이는거 아니지???,랜도한테 따이면 르끌 존나 팬다,33,33.0,설마 랜도한테 따이는거 아니지??? 랜도한테 따이면 르끌 존나 팬다,설마 랜도한테 따이는거 아니지??? 랜도한테 따이면 르끌 존나 팬다,0.19479861855506897,0.2949647307395935,0.15923547744750977,0.10201302915811539,0.09419388324022293,0.15479423105716705
2024-03-24 13:45:52,대 인 츠,"르끌이랑 갭 계에에에속 벌어진다 ㅋㅋㅋ
- dc official App",33,33.0,"대 인 츠 르끌이랑 갭 계에에에속 벌어진다 ㅋㅋㅋ
- dc official App",대 인 츠 르끌이랑 갭 계에에에속 벌어진다 ㅋㅋㅋ,0.11185095459222794,0.07404590398073196,0.06034306809306145,0.033059824258089066,0.6946423649787903,0.02605779655277729
2024-03-24 13:45:57,체코 알국왕 추월했는데 왜 갭 안벌어짐?,병신임?,33,33.0,체코 알국왕 추월했는데 왜 갭 안벌어짐? 병신임?,체코 알국왕 추월했는데 왜 갭 안벌어짐? 병신임?,0.22692064940929413,0.27148309350013733,0.21501559019088745,0.11697744578123093,0.0881187841296196,0.08148449659347534
2024-03-24 13:45:58,근데 체코가 사고 안내니까 이상하네,"작년엔 숨쉬듯이 사고냈는데
- dc official App",33,33.0,"근데 체코가 사고 안내니까 이상하네 작년엔 숨쉬듯이 사고냈는데
- dc official App",근데 체코가 사고 안내니까 이상하네 작년엔 숨쉬듯이 사고냈는데,0.23342524468898773,0.34421291947364807,0.1310279816389084,0.08392411470413208,0.10020390152931213,0.10720575600862503
2024-03-24 13:46:02,알황제..,- dc official App,33,33.0,알황제.. - dc official App,알황제.. - dc official App,0.13839171826839447,0.10696008801460266,0.059808433055877686,0.03717011213302612,0.6248798370361328,0.03278982639312744
2024-03-24 13:46:05,노리스 르끌 못 잡으면 살아서 못 나와...,,33,33.0,노리스 르끌 못 잡으면 살아서 못 나와... ,노리스 르끌 못 잡으면 살아서 못 나와...,0.2728114724159241,0.2859245836734772,0.11133217066526413,0.13705037534236908,0.09533468633890152,0.09754665195941925
2024-03-24 13:46:10,알국왕 페레즈 보내주고 DRS주워먹기 전략이냐,,33,33.0,알국왕 페레즈 보내주고 DRS주워먹기 전략이냐 ,알국왕 페레즈 보내주고 DRS주워먹기 전략이냐,0.2059297114610672,0.29740628600120544,0.18416227400302887,0.15293589234352112,0.0690145343542099,0.09055128693580627
2024-03-24 13:46:15,"""한국인 선수가 한국 그랑프리의 한국 서킷에서 달리는데,""","""갑자기 팀에서 순위 양보하래서 포디움 나가리되면 티비에 뭐 던지지 않겠어요?""
해설 ㅋㅋㅋㅋㅋㅋ",33,33.0,"""한국인 선수가 한국 그랑프리의 한국 서킷에서 달리는데,"" ""갑자기 팀에서 순위 양보하래서 포디움 나가리되면 티비에 뭐 던지지 않겠어요?""
해설 ㅋㅋㅋㅋㅋㅋ","""한국인 선수가 한국 그랑프리의 한국 서킷에서 달리는데,"" ""갑자기 팀에서 순위 양보하래서 포디움 나가리되면 티비에 뭐 던지지 않겠어요?"" 해설 ㅋㅋㅋㅋㅋㅋ",0.26885098218917847,0.24787530303001404,0.1785263568162918,0.11103037744760513,0.08014385402202606,0.11357317864894867
2024-03-24 13:46:18,레드플랙만 아니면 된다,"사려줘 얘들아...
- dc official App",33,33.0,"레드플랙만 아니면 된다 사려줘 얘들아...
- dc official App",레드플랙만 아니면 된다 사려줘 얘들아...,0.2430707812309265,0.20306015014648438,0.1281888484954834,0.17966948449611664,0.13592468202114105,0.11008600145578384
2024-03-24 13:46:21,클라에어의 대인즈 ㄷㄷㄷㄷ 페이스 도랏,"ㄷㄷㄷ
- dc official App",33,33.0,"클라에어의 대인즈 ㄷㄷㄷㄷ 페이스 도랏 ㄷㄷㄷ
- dc official App",클라에어의 대인즈 ㄷㄷㄷㄷ 페이스 도랏 ㄷㄷㄷ,0.19250446557998657,0.32145094871520996,0.12970876693725586,0.0520724318921566,0.19043320417404175,0.11383017152547836
2024-03-24 13:46:21,알론소 체코 일부러 보내준거냐?,토잉 받으려고?,33,33.0,알론소 체코 일부러 보내준거냐? 토잉 받으려고?,알론소 체코 일부러 보내준거냐? 토잉 받으려고?,0.2583739161491394,0.286310613155365,0.15007330477237701,0.15236426889896393,0.09011386334896088,0.06276405602693558
2024-03-24 13:46:21,슬슬... 사고.... 안나나....,,33,33.0,슬슬... 사고.... 안나나.... ,슬슬... 사고.... 안나나....,0.29415273666381836,0.18997183442115784,0.13551414012908936,0.19689707458019257,0.09657829999923706,0.08688585460186005
2024-03-24 13:46:29,노리스가 르끌 못잡으면 폭동난다,,33,33.0,노리스가 르끌 못잡으면 폭동난다 ,노리스가 르끌 못잡으면 폭동난다,0.2228260189294815,0.3225656747817993,0.12132947891950607,0.13398298621177673,0.1048344224691391,0.09446137398481369
2024-03-24 13:46:38,오늘 이새끼 ㅈㄴ 실망이면 개추 ㅋㅋㅋ,3그리드 패널티 말고는 이상할 정도로 정상적임,33,33.0,오늘 이새끼 ㅈㄴ 실망이면 개추 ㅋㅋㅋ 3그리드 패널티 말고는 이상할 정도로 정상적임,오늘 이새끼 ㅈㄴ 실망이면 개추 ㅋㅋㅋ 3그리드 패널티 말고는 이상할 정도로 정상적임,0.27832749485969543,0.21049794554710388,0.13520394265651703,0.08876024931669235,0.16246351599693298,0.12474679201841354
2024-03-24 13:46:40,맹장 무슨 20키로 짜리 달고 다녔냐,왤캐 날라댕겨,33,33.0,맹장 무슨 20키로 짜리 달고 다녔냐 왤캐 날라댕겨,맹장 무슨 20키로 짜리 달고 다녔냐 왤캐 날라댕겨,0.21845799684524536,0.3256036937236786,0.14845433831214905,0.06255733221769333,0.11850497126579285,0.1264217346906662
2024-03-24 13:46:46,막스 없으면 재밌다면서요,재미는 언제 오는거에요?,33,33.0,막스 없으면 재밌다면서요 재미는 언제 오는거에요?,막스 없으면 재밌다면서요 재미는 언제 오는거에요?,0.3559574782848358,0.17005808651447296,0.13855576515197754,0.16382181644439697,0.11016042530536652,0.06144635006785393
2024-03-24 13:46:47,사인지 맹장 떼고 경량화 돼서 그런가 개빠르네,ㄹㅇㅋㅋ,33,33.0,사인지 맹장 떼고 경량화 돼서 그런가 개빠르네 ㄹㅇㅋㅋ,사인지 맹장 떼고 경량화 돼서 그런가 개빠르네 ㄹㅇㅋㅋ,0.20267702639102936,0.3064281642436981,0.09537646919488907,0.04486200958490372,0.2501375079154968,0.10051883012056351
2024-03-24 13:46:52,뇌에경로보이는사인츠는개추ㅋㅋ,사이보그수술받앗노,33,33.0,뇌에경로보이는사인츠는개추ㅋㅋ 사이보그수술받앗노,뇌에경로보이는사인츠는개추ㅋㅋ 사이보그수술받앗노,0.21999232470989227,0.27937814593315125,0.1396120935678482,0.05495354160666466,0.16378560662269592,0.14227837324142456
2024-03-24 13:46:56,대론소 갑자기 뭐냐 ㄷㄷㄷㄷ,ㅈㄱㄴ,33,33.0,대론소 갑자기 뭐냐 ㄷㄷㄷㄷ ㅈㄱㄴ,대론소 갑자기 뭐냐 ㄷㄷㄷㄷ ㅈㄱㄴ,0.29188865423202515,0.20358909666538239,0.17528614401817322,0.1333702951669693,0.10208219289779663,0.0937836691737175
2024-03-24 13:46:56,크루징은 누가 해도 노잼이긴 하네...,"슬슬 뭐 하나 또 안터지냐
- dc official App",33,33.0,"크루징은 누가 해도 노잼이긴 하네... 슬슬 뭐 하나 또 안터지냐
- dc official App",크루징은 누가 해도 노잼이긴 하네... 슬슬 뭐 하나 또 안터지냐,0.2990328073501587,0.14763101935386658,0.18402792513370514,0.2141677588224411,0.08819279074668884,0.06694769114255905
2024-03-24 13:47:00,개좆핀은 오늘도 개느리네,포인트 구경좀 하자 ㅅㅂ,33,33.0,개좆핀은 오늘도 개느리네 포인트 구경좀 하자 ㅅㅂ,개좆핀은 오늘도 개느리네 포인트 구경좀 하자 ㅅㅂ,0.24001102149486542,0.09982429444789886,0.2717967927455902,0.21390308439731598,0.13896356523036957,0.03550121188163757
2024-03-24 13:47:02,슈마허의 영혼이 보듬어주신다...,하늘에선 평안하시길...,33,33.0,슈마허의 영혼이 보듬어주신다... 하늘에선 평안하시길...,슈마허의 영혼이 보듬어주신다... 하늘에선 평안하시길...,0.1850055754184723,0.13800764083862305,0.08624329417943954,0.11920808255672455,0.39840686321258545,0.07312850654125214
2024-03-24 13:47:05,걍 포디움 양보로 끝날거같은데 ㅋㅋㅋ,"르끌 못잡을듯
걍 포디움 넘겨준걸로 끝날거같은데
한국이었으면 국민청원 투표 몇만명 이상이면 순위 돌려준다 하네요 하면서 서명운동 했을듯
누리스 sns 터져나가고",33,33.0,"걍 포디움 양보로 끝날거같은데 ㅋㅋㅋ 르끌 못잡을듯
걍 포디움 넘겨준걸로 끝날거같은데
한국이었으면 국민청원 투표 몇만명 이상이면 순위 돌려준다 하네요 하면서 서명운동 했을듯
누리스 sns 터져나가고",걍 포디움 양보로 끝날거같은데 ㅋㅋㅋ 르끌 못잡을듯 걍 포디움 넘겨준걸로 끝날거같은데 한국이었으면 국민청원 투표 몇만명 이상이면 순위 돌려준다 하네요 하면서 서명운동 했을듯 누리스 sns 터져나가고,0.2770158648490906,0.26440730690956116,0.13464730978012085,0.13823796808719635,0.08075104653835297,0.10494046658277512
2024-03-24 13:47:06,르끌레 일부러 늦게 달리는거임 ??,"갭 차이가 저렇게 벌어진자고 ?
- dc official App",33,33.0,"르끌레 일부러 늦게 달리는거임 ?? 갭 차이가 저렇게 벌어진자고 ?
- dc official App",르끌레 일부러 늦게 달리는거임 ?? 갭 차이가 저렇게 벌어진자고 ?,0.2136329710483551,0.332760751247406,0.15511685609817505,0.08686142414808273,0.10134077817201614,0.11028721928596497
2024-03-24 13:47:09,확실히 몽없싸왕이네,싱가폴도 호주도,34,34.0,확실히 몽없싸왕이네 싱가폴도 호주도,확실히 몽없싸왕이네 싱가폴도 호주도,0.19116011261940002,0.15316656231880188,0.06537280976772308,0.03878485783934593,0.4888918697834015,0.0626237690448761
2024-03-24 13:47:13,진심 맹장수술로 경량화 한건가,,34,34.0,진심 맹장수술로 경량화 한건가 ,진심 맹장수술로 경량화 한건가,0.21365255117416382,0.35218358039855957,0.13126535713672638,0.08107209950685501,0.10185204446315765,0.11997439712285995
2024-03-24 13:47:15,페라리는 저런 드라이버를 왜 내치는거죠?,"자발적 은퇴인가요?
- dc official App",34,34.0,"페라리는 저런 드라이버를 왜 내치는거죠? 자발적 은퇴인가요?
- dc official App",페라리는 저런 드라이버를 왜 내치는거죠? 자발적 은퇴인가요?,0.2534071207046509,0.29620108008384705,0.14139659702777863,0.12117350846529007,0.07838740944862366,0.10943431407213211
2024-03-24 13:47:17,18위를 영입할라고 1위를 버리노 ㅋㅋㅋㅋㅋ,대 라 리,34,34.0,18위를 영입할라고 1위를 버리노 ㅋㅋㅋㅋㅋ 대 라 리,18위를 영입할라고 1위를 버리노 ㅋㅋㅋㅋㅋ 대 라 리,0.23361186683177948,0.25611773133277893,0.2033257782459259,0.1085774153470993,0.08480650186538696,0.11356067657470703
2024-03-24 13:47:22,황론소 맹렬한 추격 ㄷㄷㄷ,ㄷㄷ,34,34.0,황론소 맹렬한 추격 ㄷㄷㄷ ㄷㄷ,황론소 맹렬한 추격 ㄷㄷㄷ ㄷㄷ,0.20440685749053955,0.28420770168304443,0.08674684911966324,0.03861364722251892,0.30347365140914917,0.08255130052566528
2024-03-24 13:47:26,???:카를로스 이즈 패스터 댄 유,ㅋㅋㅋㅋ,34,34.0,???:카를로스 이즈 패스터 댄 유 ㅋㅋㅋㅋ,???:카를로스 이즈 패스터 댄 유 ㅋㅋㅋㅋ,0.1383739709854126,0.1062161773443222,0.07409510016441345,0.03394794836640358,0.6183837652206421,0.028983019292354584
2024-03-24 13:47:34,알핀 잘하는데?,7챔이랑 챔쉽 리더 따잇한거 보면 개잘하는거 아님?(진짜 모름),34,34.0,알핀 잘하는데? 7챔이랑 챔쉽 리더 따잇한거 보면 개잘하는거 아님?(진짜 모름),알핀 잘하는데? 7챔이랑 챔쉽 리더 따잇한거 보면 개잘하는거 아님?(진짜 모름),0.21270595490932465,0.27435535192489624,0.08215533196926117,0.04067068174481392,0.28555426001548767,0.10455843061208725
2024-03-24 13:47:36,르끌은 사인츠 밀어주고 페이스조절하는거 같다,맥라렌 못쫓아갈듯,34,34.0,르끌은 사인츠 밀어주고 페이스조절하는거 같다 맥라렌 못쫓아갈듯,르끌은 사인츠 밀어주고 페이스조절하는거 같다 맥라렌 못쫓아갈듯,0.27346688508987427,0.331001877784729,0.11669883877038956,0.09259087592363358,0.09257381409406662,0.0936676412820816
2024-03-24 13:47:39,메르는 이제 잘하는게 뭐임?,진짜 모름,34,34.0,메르는 이제 잘하는게 뭐임? 진짜 모름,메르는 이제 잘하는게 뭐임? 진짜 모름,0.23643453419208527,0.33809611201286316,0.12116378545761108,0.12337620556354523,0.08242111653089523,0.09850825369358063
2024-03-24 13:47:42,국왕넴 사자행동 제발ㅋㅋㅋㅋ,,34,34.0,국왕넴 사자행동 제발ㅋㅋㅋㅋ ,국왕넴 사자행동 제발ㅋㅋㅋㅋ,0.21324890851974487,0.17806726694107056,0.09178135544061661,0.060929134488105774,0.38416996598243713,0.07180337607860565
2024-03-24 13:47:45,알론소 일부러 보내줬나봄ㅋㅋㅋ,DRS 계속 빨아먹으려고 ㅋㅋㅋ,34,34.0,알론소 일부러 보내줬나봄ㅋㅋㅋ DRS 계속 빨아먹으려고 ㅋㅋㅋ,알론소 일부러 보내줬나봄ㅋㅋㅋ DRS 계속 빨아먹으려고 ㅋㅋㅋ,0.21290656924247742,0.24847890436649323,0.20064806938171387,0.07819753140211105,0.14321798086166382,0.11655090749263763
2024-03-24 13:47:59,옐로 플랙 안뜨나,,34,34.0,옐로 플랙 안뜨나 ,옐로 플랙 안뜨나,0.3136821687221527,0.20200061798095703,0.12310522794723511,0.12378359586000443,0.1809592843055725,0.05646912381052971
2024-03-24 13:48:01,국왕님 다시 추격 중,,34,34.0,국왕님 다시 추격 중 ,국왕님 다시 추격 중,0.1663784384727478,0.11104539781808853,0.052665822207927704,0.039875466376543045,0.5834428071975708,0.04659209027886391
2024-03-24 13:48:02,저런 사인츠 버리고 1400억에 퇴물탕 쓰기,,34,34.0,저런 사인츠 버리고 1400억에 퇴물탕 쓰기 ,저런 사인츠 버리고 1400억에 퇴물탕 쓰기,0.26258379220962524,0.24108052253723145,0.1793990433216095,0.1644648313522339,0.07168161869049072,0.080790214240551
2024-03-24 13:48:17,국왕님 drs 달달하노ㅋㅋㅋ,ㅋㅋㅋ,34,34.0,국왕님 drs 달달하노ㅋㅋㅋ ㅋㅋㅋ,국왕님 drs 달달하노ㅋㅋㅋ ㅋㅋㅋ,0.11307913064956665,0.0684518814086914,0.05466718599200249,0.039499588310718536,0.6963505148887634,0.02795172855257988
2024-03-24 13:48:23,^딸깍^ vs 우주방어 ㅋㅋㅋ,- dc official App,34,34.0,^딸깍^ vs 우주방어 ㅋㅋㅋ - dc official App,^딸깍^ vs 우주방어 ㅋㅋㅋ - dc official App,0.15181607007980347,0.11732697486877441,0.09307043254375458,0.04231994226574898,0.5619410276412964,0.03352553769946098
2024-03-24 13:48:28,국왕님 개쩐다 진짜,ㅇ,34,34.0,국왕님 개쩐다 진짜 ㅇ,국왕님 개쩐다 진짜 ㅇ,0.1852264553308487,0.12463812530040741,0.07319242507219315,0.04631373658776283,0.5220077633857727,0.04862147197127342
2024-03-24 13:48:33,사인츠 딴 데 가기 전에 월챔 가능?,저런 애 왜 내치고 물탕이 받냐,35,35.0,사인츠 딴 데 가기 전에 월챔 가능? 저런 애 왜 내치고 물탕이 받냐,사인츠 딴 데 가기 전에 월챔 가능? 저런 애 왜 내치고 물탕이 받냐,0.26446688175201416,0.2800888419151306,0.13810019195079803,0.14856339991092682,0.0747908353805542,0.09398986399173737
2024-03-24 13:48:36,대론소 딸깍 운영 개웃기네 ㅋㅋㅋㅋㅋ,ㅋㅋㅋ,35,35.0,대론소 딸깍 운영 개웃기네 ㅋㅋㅋㅋㅋ ㅋㅋㅋ,대론소 딸깍 운영 개웃기네 ㅋㅋㅋㅋㅋ ㅋㅋㅋ,0.13936246931552887,0.10165417194366455,0.06515828520059586,0.03385036066174507,0.6322969794273376,0.027677685022354126
2024-03-24 13:48:53,일부러 보냈다니 ㅋㅋ,클린에어 상태로 앞에서 달리는게 100번이득이지,35,35.0,일부러 보냈다니 ㅋㅋ 클린에어 상태로 앞에서 달리는게 100번이득이지,일부러 보냈다니 ㅋㅋ 클린에어 상태로 앞에서 달리는게 100번이득이지,0.2994692027568817,0.1395128071308136,0.16487456858158112,0.12642307579517365,0.1938725709915161,0.07584775984287262
2024-03-24 13:49:01,딸깍충 참교육 개웃기네ㅋㅋㅋㅋㅋ,,35,35.0,딸깍충 참교육 개웃기네ㅋㅋㅋㅋㅋ ,딸깍충 참교육 개웃기네ㅋㅋㅋㅋㅋ,0.169598788022995,0.12726031243801117,0.10205066949129105,0.039320532232522964,0.5246366262435913,0.0371331162750721
2024-03-24 13:49:09,"""레드불은 로켓 같다""",지금 레드불 차,35,35.0,"""레드불은 로켓 같다"" 지금 레드불 차","""레드불은 로켓 같다"" 지금 레드불 차",0.21694600582122803,0.1525505632162094,0.0787477046251297,0.05253436788916588,0.4444510042667389,0.05477037653326988
2024-03-24 13:49:10,미끌 왤케 느려,,35,35.0,미끌 왤케 느려 ,미끌 왤케 느려,0.3243229389190674,0.16142408549785614,0.17559203505516052,0.19092562794685364,0.10835210978984833,0.03938320279121399
2024-03-24 13:49:13,알론소 병신 등골 야무지게 빠네,,35,35.0,알론소 병신 등골 야무지게 빠네 ,알론소 병신 등골 야무지게 빠네,0.16506409645080566,0.27739372849464417,0.21663857996463776,0.13179592788219452,0.09201673418283463,0.1170908734202385
2024-03-24 13:49:14,DRS 맛있다 쪼옵,"병신 국왕님 전용 부스터행 ㅋㅋㅋㅋㅋ
- dc official App",35,35.0,"DRS 맛있다 쪼옵 병신 국왕님 전용 부스터행 ㅋㅋㅋㅋㅋ
- dc official App",DRS 맛있다 쪼옵 병신 국왕님 전용 부스터행 ㅋㅋㅋㅋㅋ,0.10778087377548218,0.05986318364739418,0.05235666781663895,0.03806060552597046,0.7141669988632202,0.02777167037129402
2024-03-24 13:49:25,르끌 페이스 좀 더 내줘,,35,35.0,르끌 페이스 좀 더 내줘 ,르끌 페이스 좀 더 내줘,0.21402616798877716,0.11138046532869339,0.1025952622294426,0.11273042112588882,0.40778616070747375,0.051481518894433975
2024-03-24 13:49:26,노리스 잘붙고 있네,올라가자 올라가자,35,35.0,노리스 잘붙고 있네 올라가자 올라가자,노리스 잘붙고 있네 올라가자 올라가자,0.1167195662856102,0.07092131674289703,0.05079876631498337,0.038651566952466965,0.6925182342529297,0.030390480533242226
2024-03-24 13:49:26,지금 경기가 올해 젤 재밌는 경기지?,- dc official App,35,35.0,지금 경기가 올해 젤 재밌는 경기지? - dc official App,지금 경기가 올해 젤 재밌는 경기지? - dc official App,0.1457538902759552,0.11225864291191101,0.05872102454304695,0.03395623341202736,0.6147125363349915,0.03459768742322922
2024-03-24 13:49:32,미끌레 뭔 사인지보다 반초느리네,느그퍼스트,35,35.0,미끌레 뭔 사인지보다 반초느리네 느그퍼스트,미끌레 뭔 사인지보다 반초느리네 느그퍼스트,0.28087031841278076,0.26198211312294006,0.1634760946035385,0.08428509533405304,0.09551980346441269,0.11386656761169434
2024-03-24 13:49:35,르클은뭐하냐???,제발좀더달려줘,35,35.0,르클은뭐하냐??? 제발좀더달려줘,르클은뭐하냐??? 제발좀더달려줘,0.19794254004955292,0.14973753690719604,0.09111272543668747,0.07456683367490768,0.41404053568840027,0.07259979099035263
2024-03-24 13:49:36,르끌 맥라렌 맹공 막아낼수있나..?,"ㄷㄷ
- dc official App",35,35.0,"르끌 맥라렌 맹공 막아낼수있나..? ㄷㄷ
- dc official App",르끌 맥라렌 맹공 막아낼수있나..? ㄷㄷ,0.21094760298728943,0.3528010845184326,0.13062559068202972,0.07975894212722778,0.10180019587278366,0.12406658381223679
2024-03-24 13:49:45,쿠팡 비트레이트 좀 올려줘..,1080인데도 다 깨지면서 보이네,35,35.0,쿠팡 비트레이트 좀 올려줘.. 1080인데도 다 깨지면서 보이네,쿠팡 비트레이트 좀 올려줘.. 1080인데도 다 깨지면서 보이네,0.2948499619960785,0.14544495940208435,0.12959712743759155,0.21079762279987335,0.1424185186624527,0.07689178735017776
2024-03-24 13:49:47,막스 리타이어함?,ㅇㅇ,35,35.0,막스 리타이어함? ㅇㅇ,막스 리타이어함? ㅇㅇ,0.2122684270143509,0.30065447092056274,0.08654851466417313,0.0529131181538105,0.2693421542644501,0.07827326655387878
2024-03-24 13:49:48,피아스트리는 계속 벌어지네,포디움 ㅅㅂ,35,35.0,피아스트리는 계속 벌어지네 포디움 ㅅㅂ,피아스트리는 계속 벌어지네 포디움 ㅅㅂ,0.21753539144992828,0.11666098237037659,0.2737314999103546,0.21906349062919617,0.1312004178762436,0.041808176785707474
2024-03-24 13:49:51,르끌 잡히겠는데,점점 가까워지노,35,35.0,르끌 잡히겠는데 점점 가까워지노,르끌 잡히겠는데 점점 가까워지노,0.24698121845722198,0.2854025959968567,0.08494704216718674,0.06133957579731941,0.22472311556339264,0.09660650789737701
2024-03-24 13:49:51,슬슬 미끌레르 위험 높아질땐데,"에읔
- dc official App",35,35.0,"슬슬 미끌레르 위험 높아질땐데 에읔
- dc official App",슬슬 미끌레르 위험 높아질땐데 에읔,0.271138995885849,0.20818378031253815,0.15308159589767456,0.1933174729347229,0.0925205871462822,0.08175759017467499
2024-03-24 13:49:53,"나만 맥라렌 2,3등 보이냐??",르끌 타이어 관리 안됬는데,35,35.0,"나만 맥라렌 2,3등 보이냐?? 르끌 타이어 관리 안됬는데","나만 맥라렌 2,3등 보이냐?? 르끌 타이어 관리 안됬는데",0.22802399098873138,0.2872617840766907,0.17631882429122925,0.11125682294368744,0.09424199908971786,0.10289658606052399
2024-03-24 13:49:56,사인츠 차가 이 차로 보인다,f2004,35,35.0,사인츠 차가 이 차로 보인다 f2004,사인츠 차가 이 차로 보인다 f2004,0.2272358536720276,0.3083436191082001,0.0943758487701416,0.05365248769521713,0.24498964846134186,0.07140254974365234
2024-03-24 13:50:10,뭐 하나 터지면 하스 더블포인트 각인디 ㅋㅋ,기대된다 이것도 ㅋㅋ,36,36.0,뭐 하나 터지면 하스 더블포인트 각인디 ㅋㅋ 기대된다 이것도 ㅋㅋ,뭐 하나 터지면 하스 더블포인트 각인디 ㅋㅋ 기대된다 이것도 ㅋㅋ,0.17392349243164062,0.12757115066051483,0.073868028819561,0.04024743661284447,0.5462847352027893,0.03810516372323036
2024-03-24 13:50:13,이게 세컨의 중요성이다,"몽골놈 리타됐을때 최대한 포인트 따줘야하는데
현실은 5위에 묶여 빌빌대는중",36,36.0,"이게 세컨의 중요성이다 몽골놈 리타됐을때 최대한 포인트 따줘야하는데
현실은 5위에 묶여 빌빌대는중",이게 세컨의 중요성이다 몽골놈 리타됐을때 최대한 포인트 따줘야하는데 현실은 5위에 묶여 빌빌대는중,0.29234579205513,0.17312544584274292,0.15656140446662903,0.1666000485420227,0.10574106872081757,0.10562624782323837
2024-03-24 13:50:13,그냥 시발 보타스,"막랩 가까이 오면 소프트 바꾸고 패렙으로 1포 먹으면 어떨까...  ㅋㅋㅋㅋㅋ
- dc official App",36,36.0,"그냥 시발 보타스 막랩 가까이 오면 소프트 바꾸고 패렙으로 1포 먹으면 어떨까...  ㅋㅋㅋㅋㅋ
- dc official App",그냥 시발 보타스 막랩 가까이 오면 소프트 바꾸고 패렙으로 1포 먹으면 어떨까... ㅋㅋㅋㅋㅋ,0.27134770154953003,0.1436835676431656,0.2072521299123764,0.15707674622535706,0.14561665058135986,0.07502324879169464
2024-03-24 13:50:31,페레즈 이 개새끼 존나 느리네,피아제랑 격차 벌어지는거 보소 아 ㅋㅋㅋ,36,36.0,페레즈 이 개새끼 존나 느리네 피아제랑 격차 벌어지는거 보소 아 ㅋㅋㅋ,페레즈 이 개새끼 존나 느리네 피아제랑 격차 벌어지는거 보소 아 ㅋㅋㅋ,0.22311073541641235,0.2409966140985489,0.22594282031059265,0.10197272896766663,0.10146267712116241,0.10651439428329468
2024-03-24 13:50:38,자 멜버른 콘스탄티노플 공방전 드가자,스파게티 월 ㄱㄱ혓,36,36.0,자 멜버른 콘스탄티노플 공방전 드가자 스파게티 월 ㄱㄱ혓,자 멜버른 콘스탄티노플 공방전 드가자 스파게티 월 ㄱㄱ혓,0.1147058829665184,0.080232173204422,0.062019120901823044,0.03579208627343178,0.6791657209396362,0.028085045516490936
2024-03-24 13:50:39,해설 패레즈 겁나 싫어하네 ㅋㅋㅋ,"저번 경기도 그렇고 계속딸려고만 하네 ㅋㅋㅋ
- dc official App",36,36.0,"해설 패레즈 겁나 싫어하네 ㅋㅋㅋ 저번 경기도 그렇고 계속딸려고만 하네 ㅋㅋㅋ
- dc official App",해설 패레즈 겁나 싫어하네 ㅋㅋㅋ 저번 경기도 그렇고 계속딸려고만 하네 ㅋㅋㅋ,0.27669426798820496,0.2133757621049881,0.21117232739925385,0.10288392007350922,0.10118289291858673,0.09469080716371536
2024-03-24 13:50:46,병신 계속 느려지네 ㅋㅋㅋㅋ,ㅋㅋㅋ,36,36.0,병신 계속 느려지네 ㅋㅋㅋㅋ ㅋㅋㅋ,병신 계속 느려지네 ㅋㅋㅋㅋ ㅋㅋㅋ,0.36124858260154724,0.17978164553642273,0.14622291922569275,0.08768884092569351,0.1467738300561905,0.07828419655561447
2024-03-24 13:50:46,타이어이즈곤,,36,36.0,타이어이즈곤 ,타이어이즈곤,0.18120567500591278,0.17777374386787415,0.08624084293842316,0.0437471903860569,0.4759308099746704,0.035101741552352905
2024-03-24 13:50:51,노리스 페이스보면 막을수없는 수준인데,"ㅋㅋ
- dc official App",36,36.0,"노리스 페이스보면 막을수없는 수준인데 ㅋㅋ
- dc official App",노리스 페이스보면 막을수없는 수준인데 ㅋㅋ,0.2300075739622116,0.34754443168640137,0.14368502795696259,0.0719437375664711,0.10127362608909607,0.1055455431342125
2024-03-24 13:50:54,야 사인츠랑 르끌레르랑 이름 존나 햇갈리지않음??,"한명은 이름이 카를로스고 한명은 이름이 르끌레르여서
둘다 스페인,멕시코인같은데
한명만 멕시코튀기처럼 생겨서
존나 햇갈리지않음??ㅇㅅㅇ
샤를 사인츠
카를로스 르끌레르
이래야되는데ㅇㅇ",36,36.0,"야 사인츠랑 르끌레르랑 이름 존나 햇갈리지않음?? 한명은 이름이 카를로스고 한명은 이름이 르끌레르여서
둘다 스페인,멕시코인같은데
한명만 멕시코튀기처럼 생겨서
존나 햇갈리지않음??ㅇㅅㅇ
샤를 사인츠
카를로스 르끌레르
이래야되는데ㅇㅇ","야 사인츠랑 르끌레르랑 이름 존나 햇갈리지않음?? 한명은 이름이 카를로스고 한명은 이름이 르끌레르여서 둘다 스페인,멕시코인같은데 한명만 멕시코튀기처럼 생겨서 존나 햇갈리지않음??ㅇㅅㅇ 샤를 사인츠 카를로스 르끌레르 이래야되는데ㅇㅇ",0.28060582280158997,0.2588231563568115,0.16553808748722076,0.11274202167987823,0.09180654585361481,0.09048434346914291
2024-03-24 13:50:54,MytyreisGon,"복스복스 복스복스
- dc official App",36,36.0,"MytyreisGon 복스복스 복스복스
- dc official App",MytyreisGon 복스복스 복스복스,0.14045098423957825,0.1040438786149025,0.07367224991321564,0.04151350259780884,0.6134473085403442,0.026872050017118454
2024-03-24 13:50:55,르끌 ㅅㅂ,,36,36.0,르끌 ㅅㅂ ,르끌 ㅅㅂ,0.20108738541603088,0.11457856744527817,0.30544134974479675,0.21147000789642334,0.13044506311416626,0.036977604031562805
2024-03-24 13:50:57,르끌 따이겠다,- dc official App,36,36.0,르끌 따이겠다 - dc official App,르끌 따이겠다 - dc official App,0.29109641909599304,0.2822108566761017,0.10964946448802948,0.10231930762529373,0.12889604270458221,0.08582785725593567
2024-03-24 13:50:58,같은차에 이정도 차이면 몽골 체코급 아님?,;;,36,36.0,같은차에 이정도 차이면 몽골 체코급 아님? ;;,같은차에 이정도 차이면 몽골 체코급 아님? ;;,0.22816163301467896,0.31870272755622864,0.1531662791967392,0.10669700801372528,0.0832587331533432,0.11001364141702652
2024-03-24 13:50:59,페레즈 개못하네,맥한테 다가가질 못하노,36,36.0,페레즈 개못하네 맥한테 다가가질 못하노,페레즈 개못하네 맥한테 다가가질 못하노,0.2529746890068054,0.32623741030693054,0.14873358607292175,0.11230441182851791,0.07662355154752731,0.08312635123729706
2024-03-24 13:51:18,똥끌레르 씨발아,"ㅋㅋ
- dc official App",36,36.0,"똥끌레르 씨발아 ㅋㅋ
- dc official App",똥끌레르 씨발아 ㅋㅋ,0.1101076677441597,0.06934643536806107,0.06696350872516632,0.036301035434007645,0.6951819062232971,0.0220994520932436
2024-03-24 13:51:18,물탕이대신 오랜만에 마이타이어이즈 곤 ㅋㅋㅋ,ㅋㅋㅋㅋㅋㅋㅋㅋ,36,36.0,물탕이대신 오랜만에 마이타이어이즈 곤 ㅋㅋㅋ ㅋㅋㅋㅋㅋㅋㅋㅋ,물탕이대신 오랜만에 마이타이어이즈 곤 ㅋㅋㅋ ㅋㅋㅋㅋㅋㅋㅋㅋ,0.11357825249433517,0.0660698413848877,0.06344448775053024,0.03800809010863304,0.6954850554466248,0.023414354771375656
2024-03-24 13:51:22,리카도 타이어 바꾼지 좀 된거같은데 못 넘어가네,에헤이,36,36.0,리카도 타이어 바꾼지 좀 된거같은데 못 넘어가네 에헤이,리카도 타이어 바꾼지 좀 된거같은데 못 넘어가네 에헤이,0.3482266366481781,0.16652227938175201,0.13757511973381042,0.17803440988063812,0.09572763741016388,0.07391389459371567
2024-03-24 13:51:24,씨발 페라리가 다른 강점기랑 다른게 뭐냐,"저게 해밀턴보타스면 메르강점이고 막스페레즈면 레드불 강점인데 왜 좋아하는거냐
퍼스트가 1위로 인터벌 10초씩 벌리고 세컨이 크루징하고 이거 늘 니네가 좆노잼이라고 욕했던 거잖음
도대체 왜 좋아하는거임 씨발?",37,37.0,"씨발 페라리가 다른 강점기랑 다른게 뭐냐 저게 해밀턴보타스면 메르강점이고 막스페레즈면 레드불 강점인데 왜 좋아하는거냐
퍼스트가 1위로 인터벌 10초씩 벌리고 세컨이 크루징하고 이거 늘 니네가 좆노잼이라고 욕했던 거잖음
도대체 왜 좋아하는거임 씨발?",씨발 페라리가 다른 강점기랑 다른게 뭐냐 저게 해밀턴보타스면 메르강점이고 막스페레즈면 레드불 강점인데 왜 좋아하는거냐 퍼스트가 1위로 인터벌 10초씩 벌리고 세컨이 크루징하고 이거 늘 니네가 좆노잼이라고 욕했던 거잖음 도대체 왜 좋아하는거임 씨발?,0.19787000119686127,0.16557274758815765,0.2995762825012207,0.1950746774673462,0.08433318138122559,0.057573068886995316
2024-03-24 13:51:25,타이어 갔네 르끌레,피트인할듯,37,37.0,타이어 갔네 르끌레 피트인할듯,타이어 갔네 르끌레 피트인할듯,0.24043387174606323,0.3319961726665497,0.11991263926029205,0.09710322320461273,0.12217780947685242,0.08837629109621048
2024-03-24 13:51:26,맥라렌 페이크ㅋㅋ,오오옹,37,37.0,맥라렌 페이크ㅋㅋ 오오옹,맥라렌 페이크ㅋㅋ 오오옹,0.11039678752422333,0.07573253661394119,0.04845741391181946,0.0306356530636549,0.7080740332603455,0.026703618466854095
2024-03-24 13:51:31,황 라 리,"빨랐다
- dc official App",37,37.0,"황 라 리 빨랐다
- dc official App",황 라 리 빨랐다,0.13722586631774902,0.09380799531936646,0.051021963357925415,0.03267115727066994,0.6550969481468201,0.030176127329468727
2024-03-24 13:51:34,황라리 2.1ㄷㄷㄷㄷㄷ,,37,37.0,황라리 2.1ㄷㄷㄷㄷㄷ ,황라리 2.1ㄷㄷㄷㄷㄷ,0.21535784006118774,0.3320073187351227,0.11441509425640106,0.049857091158628464,0.17155545949935913,0.11680720746517181
2024-03-24 13:51:37,2.1 ㅅㅅㅅㅅㅅㅅ,,37,37.0,2.1 ㅅㅅㅅㅅㅅㅅ ,2.1 ㅅㅅㅅㅅㅅㅅ,0.10768226534128189,0.06473468244075775,0.05498490110039711,0.03669839724898338,0.7133185863494873,0.022581180557608604
2024-03-24 13:51:38,2.1 지리노 ㄷㄷ,ㄷ,37,37.0,2.1 지리노 ㄷㄷ ㄷ,2.1 지리노 ㄷㄷ ㄷ,0.20800144970417023,0.35015732049942017,0.131516233086586,0.05685069039463997,0.13893580436706543,0.11453847587108612
2024-03-24 13:51:41,황라리 2.1 ㅋㅋㅋㅋㅋㅋㅋㅋ,오우,37,37.0,황라리 2.1 ㅋㅋㅋㅋㅋㅋㅋㅋ 오우,황라리 2.1 ㅋㅋㅋㅋㅋㅋㅋㅋ 오우,0.17360354959964752,0.18454934656620026,0.06916619092226028,0.028136320412158966,0.49679186940193176,0.04775277152657509
2024-03-24 13:51:43,2ㅣ1 굿,,37,37.0,2ㅣ1 굿 ,2ㅣ1 굿,0.12065474689006805,0.06802841275930405,0.056961461901664734,0.041215237230062485,0.6882357001304626,0.024904446676373482
2024-03-24 13:51:43,2.1컄ㅋㅋㅋㅋㅋ,,37,37.0,2.1컄ㅋㅋㅋㅋㅋ ,2.1컄ㅋㅋㅋㅋㅋ,0.16083914041519165,0.09649660438299179,0.09756962209939957,0.04156453162431717,0.5717399716377258,0.03179005905985832
2024-03-24 13:51:44,2.1?ㅋㅋㅋㅋㅋㅋㅋㅋㅋ,존나빠르네진짜,37,37.0,2.1?ㅋㅋㅋㅋㅋㅋㅋㅋㅋ 존나빠르네진짜,2.1?ㅋㅋㅋㅋㅋㅋㅋㅋㅋ 존나빠르네진짜,0.21874026954174042,0.2866099774837494,0.17669150233268738,0.07368747144937515,0.12061554193496704,0.1236552968621254
2024-03-24 13:51:44,2.1 섹스 ㅅㅅㅅ,.,37,37.0,2.1 섹스 ㅅㅅㅅ .,2.1 섹스 ㅅㅅㅅ .,0.10958557575941086,0.07477998733520508,0.06207488477230072,0.03498144820332527,0.694112241268158,0.02446591854095459
2024-03-24 13:51:44,아니 페라리 뭐냐,ㄷㄷ,37,37.0,아니 페라리 뭐냐 ㄷㄷ,아니 페라리 뭐냐 ㄷㄷ,0.21709990501403809,0.32704827189445496,0.15100471675395966,0.0754803791642189,0.1059422641992569,0.1234244853258133
2024-03-24 13:51:48,국왕님 사자행동으로 좀 도와줘 제발ㅋㅋㅋㅋㅋ,,37,37.0,국왕님 사자행동으로 좀 도와줘 제발ㅋㅋㅋㅋㅋ ,국왕님 사자행동으로 좀 도와줘 제발ㅋㅋㅋㅋㅋ,0.21769702434539795,0.16820311546325684,0.10507256537675858,0.11215141415596008,0.3003428280353546,0.09653303027153015
2024-03-24 13:51:52,대라리 미쳤다 걍,"이게맞냐????
- dc official App",37,37.0,"대라리 미쳤다 걍 이게맞냐????
- dc official App",대라리 미쳤다 걍 이게맞냐????,0.25373533368110657,0.18824265897274017,0.1847863793373108,0.17791469395160675,0.09755395352840424,0.09776698052883148
2024-03-24 13:51:54,대 라 리,,37,37.0,대 라 리 ,대 라 리,0.1237872838973999,0.10026751458644867,0.06656594574451447,0.034946881234645844,0.646247386932373,0.028184853494167328
2024-03-24 13:51:56,이거 22 영국아니냐,메르만 애마로 바뀌었네,37,37.0,이거 22 영국아니냐 메르만 애마로 바뀌었네,이거 22 영국아니냐 메르만 애마로 바뀌었네,0.2460644543170929,0.339387446641922,0.11935416609048843,0.058112435042858124,0.13237056136131287,0.10471100360155106
2024-03-24 13:51:56,르끌 선 밟은듯?,"ㅋㅋㅋ
- dc official App",37,37.0,"르끌 선 밟은듯? ㅋㅋㅋ
- dc official App",르끌 선 밟은듯? ㅋㅋㅋ,0.2764664590358734,0.2676336467266083,0.11104349046945572,0.059228722006082535,0.20007739961147308,0.08555026352405548
2024-03-24 13:51:56,사인츠는 지금 fa로이드상태지,"장기계약 박았으면
지금 퍼포먼스 아니다",37,37.0,"사인츠는 지금 fa로이드상태지 장기계약 박았으면
지금 퍼포먼스 아니다",사인츠는 지금 fa로이드상태지 장기계약 박았으면 지금 퍼포먼스 아니다,0.2927165925502777,0.3057076036930084,0.11942380666732788,0.08449160307645798,0.12075290828943253,0.0769074335694313
2024-03-24 13:51:57,대라리 계산 미쳤노 ㅋㅋㅋㅋㅋㅋㅋㅋ,,37,37.0,대라리 계산 미쳤노 ㅋㅋㅋㅋㅋㅋㅋㅋ ,대라리 계산 미쳤노 ㅋㅋㅋㅋㅋㅋㅋㅋ,0.19074754416942596,0.2209341824054718,0.08395864814519882,0.03605823963880539,0.4096865653991699,0.058614738285541534
2024-03-24 13:52:01,대 라 리,"2.1초 섹섹보
- dc official App",37,37.0,"대 라 리 2.1초 섹섹보
- dc official App",대 라 리 2.1초 섹섹보,0.14414353668689728,0.1160389706492424,0.0743192583322525,0.03210677206516266,0.5968658328056335,0.036525659263134
2024-03-24 13:52:02,아니 병신 왜 애마를 못따돌리냐,,37,37.0,아니 병신 왜 애마를 못따돌리냐 ,아니 병신 왜 애마를 못따돌리냐,0.2614745497703552,0.22498546540737152,0.18325725197792053,0.15663142502307892,0.0864669531583786,0.0871843695640564
2024-03-24 13:52:02,페라리가 2.1 ??,,37,37.0,페라리가 2.1 ?? ,페라리가 2.1 ??,0.2117701917886734,0.34873393177986145,0.1342085599899292,0.07156725972890854,0.12616340816020966,0.10755668580532074
2024-03-24 13:52:05,미끌레 밟은거 아니노?ㅋㅋㅋㅋ,,37,37.0,미끌레 밟은거 아니노?ㅋㅋㅋㅋ ,미끌레 밟은거 아니노?ㅋㅋㅋㅋ,0.2268589287996292,0.32150742411613464,0.14007772505283356,0.06442926824092865,0.14084196090698242,0.10628470033407211
2024-03-24 13:52:07,Again 2021,ㅋㅋ,37,37.0,Again 2021 ㅋㅋ,Again 2021 ㅋㅋ,0.11680495738983154,0.07502388209104538,0.06075703352689743,0.03842061385512352,0.682966411113739,0.02602711319923401
2024-03-24 13:52:07,르 페 알 치열하노ㅋㅋㅋㅋㅋㅋㅋ,,37,37.0,르 페 알 치열하노ㅋㅋㅋㅋㅋㅋㅋ ,르 페 알 치열하노ㅋㅋㅋㅋㅋㅋㅋ,0.18113495409488678,0.1632533073425293,0.07008084654808044,0.030406540259718895,0.5126990675926208,0.04242532327771187
2024-03-24 13:52:12,속보)프레드릭 바수르 응급실,후회~하고있어요~,37,37.0,속보)프레드릭 바수르 응급실 후회~하고있어요~,속보)프레드릭 바수르 응급실 후회~하고있어요~,0.3259235918521881,0.18191179633140564,0.11084138602018356,0.12201865762472153,0.1725914627313614,0.08671301603317261
2024-03-24 13:52:14,케로 티포시 불안하게 만드네 ㅋㅋㅋㅋ,ㅋㅋㅋㅋㅋㅋㅋㅋㅋㅋ,37,37.0,케로 티포시 불안하게 만드네 ㅋㅋㅋㅋ ㅋㅋㅋㅋㅋㅋㅋㅋㅋㅋ,케로 티포시 불안하게 만드네 ㅋㅋㅋㅋ ㅋㅋㅋㅋㅋㅋㅋㅋㅋㅋ,0.3142800033092499,0.2045675814151764,0.09720250964164734,0.06958458572626114,0.2508871257305145,0.06347814202308655
2024-03-24 13:52:20,역시 페라리 퍼스트 ㅋㅋ,"대 인 츠
- dc official App",37,37.0,"역시 페라리 퍼스트 ㅋㅋ 대 인 츠
- dc official App",역시 페라리 퍼스트 ㅋㅋ 대 인 츠,0.12851527333259583,0.079840749502182,0.05424582585692406,0.03762670233845711,0.6660746335983276,0.033696793019771576
2024-03-24 13:52:23,선 밟으면 2.1 의미 없어지는데,ㅅㅂ,37,37.0,선 밟으면 2.1 의미 없어지는데 ㅅㅂ,선 밟으면 2.1 의미 없어지는데 ㅅㅂ,0.21809174120426178,0.12161572277545929,0.25982433557510376,0.25526174902915955,0.10295304656028748,0.04225338622927666
2024-03-24 13:52:29,맥 더블포디움 가나,,37,37.0,맥 더블포디움 가나 ,맥 더블포디움 가나,0.17521612346172333,0.17326399683952332,0.07179668545722961,0.04067009314894676,0.500013530254364,0.039039600640535355
2024-03-24 13:52:40,페레즈는 저 차로 저렇게 타면..,"......
- dc official App",37,37.0,"페레즈는 저 차로 저렇게 타면.. ......
- dc official App",페레즈는 저 차로 저렇게 타면.. ......,0.25331661105155945,0.3095465302467346,0.12241349369287491,0.0864599421620369,0.1065448671579361,0.12171857804059982
2024-03-24 13:52:52,체코 핏인,,38,38.0,체코 핏인 ,체코 핏인,0.18131349980831146,0.14253075420856476,0.08403981477022171,0.04891610145568848,0.5053743124008179,0.037825506180524826
2024-03-24 13:52:55,사인츠 피트 한번 들어가겠지?,"끝까진 못쓰겠는데
- dc official App",38,38.0,"사인츠 피트 한번 들어가겠지? 끝까진 못쓰겠는데
- dc official App",사인츠 피트 한번 들어가겠지? 끝까진 못쓰겠는데,0.2972174882888794,0.27210262417793274,0.09859199821949005,0.10727006196975708,0.14123065769672394,0.0835871770977974
2024-03-24 13:52:55,뭐야 관우 언제 11등꺼지 왔냐?,,38,38.0,뭐야 관우 언제 11등꺼지 왔냐? ,뭐야 관우 언제 11등꺼지 왔냐?,0.2428039163351059,0.32303789258003235,0.12438139319419861,0.06723593920469284,0.12515199184417725,0.11738887429237366
2024-03-24 13:52:55,실시간 좆된 새끼 ㅋㅋㅋㅋㅋㅋ,사전트 차 뺏어타고 노 포인트 ㅋㅋㅋㅋㅋㅋ,38,38.0,실시간 좆된 새끼 ㅋㅋㅋㅋㅋㅋ 사전트 차 뺏어타고 노 포인트 ㅋㅋㅋㅋㅋㅋ,실시간 좆된 새끼 ㅋㅋㅋㅋㅋㅋ 사전트 차 뺏어타고 노 포인트 ㅋㅋㅋㅋㅋㅋ,0.3075723648071289,0.1467439830303192,0.2198752909898758,0.13668768107891083,0.09819778800010681,0.09092293679714203
2024-03-24 13:53:00,체코 역시 실망시키지 않는 군 ㅋ,"컄
- dc official App",38,38.0,"체코 역시 실망시키지 않는 군 ㅋ 컄
- dc official App",체코 역시 실망시키지 않는 군 ㅋ 컄,0.12850689888000488,0.07139546424150467,0.08778244256973267,0.055380627512931824,0.6245177984237671,0.03241671994328499
2024-03-24 13:53:08,알국왕 완전 능구렁이네,오늘 볼 수 있는 이득은 다보신,38,38.0,알국왕 완전 능구렁이네 오늘 볼 수 있는 이득은 다보신,알국왕 완전 능구렁이네 오늘 볼 수 있는 이득은 다보신,0.18238146603107452,0.3113374710083008,0.16317234933376312,0.08829708397388458,0.11597366631031036,0.13883794844150543
2024-03-24 13:53:11,방금 바닥에 있는거 막스 브레이크 아니냐ㅋㅋㅋ,ㅅㅂㅋㅋㅋㅋㅋ,38,38.0,방금 바닥에 있는거 막스 브레이크 아니냐ㅋㅋㅋ ㅅㅂㅋㅋㅋㅋㅋ,방금 바닥에 있는거 막스 브레이크 아니냐ㅋㅋㅋ ㅅㅂㅋㅋㅋㅋㅋ,0.2936156392097473,0.19446678459644318,0.1822918951511383,0.09073943644762039,0.14330865442752838,0.09557756781578064
2024-03-24 13:53:14,막스 똥뿌린거 그대로 있네 ㅋㅋㅋ,,38,38.0,막스 똥뿌린거 그대로 있네 ㅋㅋㅋ ,막스 똥뿌린거 그대로 있네 ㅋㅋㅋ,0.2548789381980896,0.2060878872871399,0.18562646210193634,0.08894466608762741,0.14845159649848938,0.11601043492555618
2024-03-24 13:53:32,미끌ㅋㅋㅋ,,38,38.0,미끌ㅋㅋㅋ ,미끌ㅋㅋㅋ,0.12528356909751892,0.08420978486537933,0.06564737856388092,0.03510402515530586,0.6642357110977173,0.025519641116261482
2024-03-24 13:53:30,병신 슬립 ㅋㅋㅋㅋㅋ,- dc official App,38,38.0,병신 슬립 ㅋㅋㅋㅋㅋ - dc official App,병신 슬립 ㅋㅋㅋㅋㅋ - dc official App,0.11736966669559479,0.09403260797262192,0.06597550213336945,0.03185085579752922,0.6669995784759521,0.02377181313931942
2024-03-24 13:53:32,안데펴졌노,ㅋㅋ,38,38.0,안데펴졌노 ㅋㅋ,안데펴졌노 ㅋㅋ,0.3182309865951538,0.23054994642734528,0.15503284335136414,0.09975674748420715,0.1191064864397049,0.0773230791091919
2024-03-24 13:53:44,아니 진짜 이대로가면 막랩 존나 기대되네 어찌될지,ㅋㅋㅋ,38,38.0,아니 진짜 이대로가면 막랩 존나 기대되네 어찌될지 ㅋㅋㅋ,아니 진짜 이대로가면 막랩 존나 기대되네 어찌될지 ㅋㅋㅋ,0.17940498888492584,0.15657483041286469,0.07409831881523132,0.03859179839491844,0.5043142437934875,0.047015849500894547
2024-03-24 13:53:46,가슬리 p10,"ㅅㅅㅅㅅㅅ
- dc official App",38,38.0,"가슬리 p10 ㅅㅅㅅㅅㅅ
- dc official App",가슬리 p10 ㅅㅅㅅㅅㅅ,0.10574798285961151,0.06243179365992546,0.0547926127910614,0.03579125553369522,0.7188341617584229,0.02240210399031639
2024-03-24 13:53:49,저우 페널티있음?,,38,38.0,저우 페널티있음? ,저우 페널티있음?,0.21696269512176514,0.3343547582626343,0.10918354243040085,0.06665047258138657,0.15855218470096588,0.1142963320016861
2024-03-24 13:53:51,자우버 이 병신,- dc official App,38,38.0,자우버 이 병신 - dc official App,자우버 이 병신 - dc official App,0.18211518228054047,0.19699548184871674,0.09381387382745743,0.049283724278211594,0.4448646903038025,0.032927095890045166
2024-03-24 13:53:51,자우버 씨발 진짜,,38,38.0,자우버 씨발 진짜 ,자우버 씨발 진짜,0.2145247757434845,0.10605230182409286,0.29818806052207947,0.1934327483177185,0.15381772816181183,0.033984433859586716
2024-03-24 13:53:51,자우버 ㅋㅋㅋㅋㅋ,,38,38.0,자우버 ㅋㅋㅋㅋㅋ ,자우버 ㅋㅋㅋㅋㅋ,0.10914747416973114,0.07261965423822403,0.06082066893577576,0.03361824154853821,0.7006576061248779,0.023136353120207787
2024-03-24 13:53:52,자우버 이 개새끼들 진짜,아오,38,38.0,자우버 이 개새끼들 진짜 아오,자우버 이 개새끼들 진짜 아오,0.17525391280651093,0.11933708190917969,0.3134329915046692,0.19789761304855347,0.15616852045059204,0.03790993615984917
2024-03-24 13:53:51,야이 씨발 엄마 없냐 자우버 씨발새끼들아,,38,38.0,야이 씨발 엄마 없냐 자우버 씨발새끼들아 ,야이 씨발 엄마 없냐 자우버 씨발새끼들아,0.16780656576156616,0.13205398619174957,0.33135756850242615,0.1817644089460373,0.1434774398803711,0.04354006424546242
2024-03-24 13:53:52,저새끼들은 진짜 뭐임,ㅇ,38,38.0,저새끼들은 진짜 뭐임 ㅇ,저새끼들은 진짜 뭐임 ㅇ,0.16631382703781128,0.1873650997877121,0.29103994369506836,0.19699633121490479,0.09817242622375488,0.060112375766038895
2024-03-24 13:53:52,장애버 씨발 ㅋㅋㅋㅋ,,38,38.0,장애버 씨발 ㅋㅋㅋㅋ ,장애버 씨발 ㅋㅋㅋㅋ,0.2213427722454071,0.14073164761066437,0.3032006025314331,0.11796583235263824,0.15060096979141235,0.06615817546844482
2024-03-24 13:53:52,아 이 미친새끼들 진짜,,38,38.0,아 이 미친새끼들 진짜 ,아 이 미친새끼들 진짜,0.17263774573802948,0.1489124894142151,0.3014678359031677,0.19280196726322174,0.12374833226203918,0.06043170019984245
2024-03-24 13:53:55,자우버는 진짜 장사 접어라,,38,38.0,자우버는 진짜 장사 접어라 ,자우버는 진짜 장사 접어라,0.20625300705432892,0.2114584743976593,0.18963214755058289,0.2650732696056366,0.07641104608774185,0.051172010600566864
2024-03-24 13:53:55,저우 리타?,,38,38.0,저우 리타? ,저우 리타?,0.21912223100662231,0.3056229054927826,0.08756808936595917,0.047966402024030685,0.26227059960365295,0.0774497538805008
2024-03-24 13:53:55,자우버 저새끼는 또 왜저러노,,38,38.0,자우버 저새끼는 또 왜저러노 ,자우버 저새끼는 또 왜저러노,0.20688380300998688,0.1620553880929947,0.28994855284690857,0.19417834281921387,0.10302405804395676,0.04390985146164894
2024-03-24 13:53:57,개우버 또지랄 ㅋㅋㅋㅋ,,38,38.0,개우버 또지랄 ㅋㅋㅋㅋ ,개우버 또지랄 ㅋㅋㅋㅋ,0.2312590479850769,0.12258070707321167,0.2721025347709656,0.11408347636461258,0.1994936168193817,0.060480643063783646
2024-03-24 13:53:57,자우버 유사 F1팀 ㅋㅋㅋ,뭐하냐 ㅋㅋㅋㅋㅋㅋㅋㅋ,38,38.0,자우버 유사 F1팀 ㅋㅋㅋ 뭐하냐 ㅋㅋㅋㅋㅋㅋㅋㅋ,자우버 유사 F1팀 ㅋㅋㅋ 뭐하냐 ㅋㅋㅋㅋㅋㅋㅋㅋ,0.25338849425315857,0.28770533204078674,0.14446313679218292,0.06133361533284187,0.174623504281044,0.07848585397005081
2024-03-24 13:53:58,또 자우버 ㅋㅋ,"ㅋㅋㅋ
- dc official App",38,38.0,"또 자우버 ㅋㅋ ㅋㅋㅋ
- dc official App",또 자우버 ㅋㅋ ㅋㅋㅋ,0.1254112720489502,0.06977318227291107,0.06550924479961395,0.038032084703445435,0.6768401265144348,0.02443413995206356
2024-03-24 13:53:59,레드불 전략도 병신이네 ㅋㅋㅋㅋㅋ,"핏스탑 이후 나오는데가 다 등신같이 나와 ㅋㅋㅋㅋ
이번엔 츠노다 뒤에서 나와 ㅋㅋ",38,38.0,"레드불 전략도 병신이네 ㅋㅋㅋㅋㅋ 핏스탑 이후 나오는데가 다 등신같이 나와 ㅋㅋㅋㅋ
이번엔 츠노다 뒤에서 나와 ㅋㅋ",레드불 전략도 병신이네 ㅋㅋㅋㅋㅋ 핏스탑 이후 나오는데가 다 등신같이 나와 ㅋㅋㅋㅋ 이번엔 츠노다 뒤에서 나와 ㅋㅋ,0.26729917526245117,0.23121383786201477,0.18747113645076752,0.17358846962451935,0.07355624437332153,0.06687108427286148
2024-03-24 13:53:59,핏스탑 할 때마다 지랄 ㅋㅋㅋㅋㅋㅋㅋㅋㅋㅋ,,38,38.0,핏스탑 할 때마다 지랄 ㅋㅋㅋㅋㅋㅋㅋㅋㅋㅋ ,핏스탑 할 때마다 지랄 ㅋㅋㅋㅋㅋㅋㅋㅋㅋㅋ,0.23912562429904938,0.11688991636037827,0.2785879969596863,0.12303406000137329,0.1827472448348999,0.05961517617106438
2024-03-24 13:53:59,또냐 이뱡신들은,,38,38.0,또냐 이뱡신들은 ,또냐 이뱡신들은,0.18763478100299835,0.16559560596942902,0.3025811016559601,0.1986190676689148,0.09318174421787262,0.052387699484825134
2024-03-24 13:54:00,자우버 시발 뭐하냐ㅋㅋㅋ,ㅋㅋㅋ,38,38.0,자우버 시발 뭐하냐ㅋㅋㅋ ㅋㅋㅋ,자우버 시발 뭐하냐ㅋㅋㅋ ㅋㅋㅋ,0.27703073620796204,0.14565588533878326,0.2454526275396347,0.11541374772787094,0.15035182237625122,0.06609513610601425
2024-03-24 13:54:01,자우버는 걍 접어라,씨발 피트에서 몇번쨰노 ㅋㅋㅋㅋㅋㅋ,38,38.0,자우버는 걍 접어라 씨발 피트에서 몇번쨰노 ㅋㅋㅋㅋㅋㅋ,자우버는 걍 접어라 씨발 피트에서 몇번쨰노 ㅋㅋㅋㅋㅋㅋ,0.22641009092330933,0.17132316529750824,0.2676187753677368,0.19265668094158173,0.08436554670333862,0.05762571841478348
2024-03-24 13:54:01,?ㅋㄱㅋㄱㅋㄱㄱㅋㄱㅋㄱㄱㅋㄱㅋ또우버,ㅆㅂ,38,38.0,?ㅋㄱㅋㄱㅋㄱㄱㅋㄱㅋㄱㄱㅋㄱㅋ또우버 ㅆㅂ,?ㅋㄱㅋㄱㅋㄱㄱㅋㄱㅋㄱㄱㅋㄱㅋ또우버 ㅆㅂ,0.2651735544204712,0.11621995270252228,0.22706426680088043,0.11256568133831024,0.23344241082668304,0.04553409665822983
2024-03-24 13:54:02,자우버 뭐하는데 ㅋㅋㅋㅋㅋㅋㅋㅋㅋㅋㅋㅋ,저새끼들 진짜 뭐함?,38,38.0,자우버 뭐하는데 ㅋㅋㅋㅋㅋㅋㅋㅋㅋㅋㅋㅋ 저새끼들 진짜 뭐함?,자우버 뭐하는데 ㅋㅋㅋㅋㅋㅋㅋㅋㅋㅋㅋㅋ 저새끼들 진짜 뭐함?,0.22330251336097717,0.30098000168800354,0.16788563132286072,0.08141864091157913,0.10876526683568954,0.1176479384303093
2024-03-24 13:54:02,자우버 와 저러노,,38,38.0,자우버 와 저러노 ,자우버 와 저러노,0.271838515996933,0.16843725740909576,0.2238115668296814,0.18985173106193542,0.08764521032571793,0.05841570720076561
2024-03-24 13:54:02,또우버 미친놈들ㅋㅋㅋㅋㅋㅋ,ㅋㅋㅋㅋㅋ,38,38.0,또우버 미친놈들ㅋㅋㅋㅋㅋㅋ ㅋㅋㅋㅋㅋ,또우버 미친놈들ㅋㅋㅋㅋㅋㅋ ㅋㅋㅋㅋㅋ,0.12649106979370117,0.08004801720380783,0.06634023785591125,0.03422164171934128,0.6684457659721375,0.024453291669487953
2024-03-24 13:54:03,자우버 셀프페널티ㅋㅋㅋㅋ,ㅋㅋㅋㅋ,38,38.0,자우버 셀프페널티ㅋㅋㅋㅋ ㅋㅋㅋㅋ,자우버 셀프페널티ㅋㅋㅋㅋ ㅋㅋㅋㅋ,0.13253526389598846,0.09219425171613693,0.07568874210119247,0.039951834827661514,0.6326823234558105,0.02694762870669365
2024-03-24 13:54:04,셀프 페널티 ㅋㅋㅋㅋㅋㅋㅋㅋ,"뭐하는새끼들이야
- dc official App",38,38.0,"셀프 페널티 ㅋㅋㅋㅋㅋㅋㅋㅋ 뭐하는새끼들이야
- dc official App",셀프 페널티 ㅋㅋㅋㅋㅋㅋㅋㅋ 뭐하는새끼들이야,0.21563614904880524,0.19684875011444092,0.2647465169429779,0.16113075613975525,0.09331575036048889,0.0683220773935318
2024-03-24 13:54:05,또 자우버 ㅋㅋㅋㅋㅋㅋㅋㅋㅋㅋㅋㅋㅋㅋㅋ,"너넨 가라.
- dc official App",38,38.0,"또 자우버 ㅋㅋㅋㅋㅋㅋㅋㅋㅋㅋㅋㅋㅋㅋㅋ 너넨 가라.
- dc official App",또 자우버 ㅋㅋㅋㅋㅋㅋㅋㅋㅋㅋㅋㅋㅋㅋㅋ 너넨 가라.,0.2330545336008072,0.14460204541683197,0.24853959679603577,0.12300506979227066,0.1760757714509964,0.07472299039363861
2024-03-24 13:54:06,또 너야?,,38,38.0,또 너야? ,또 너야?,0.21969321370124817,0.27442678809165955,0.17602385580539703,0.08427663147449493,0.0974387675523758,0.1481407731771469
2024-03-24 13:54:04,짱유 멸망이네,- dc official App,38,38.0,짱유 멸망이네 - dc official App,짱유 멸망이네 - dc official App,0.23914828896522522,0.3015285134315491,0.13125839829444885,0.09883859008550644,0.12753084301948547,0.10169540345668793
2024-03-24 13:54:08,와 진짜 자우버 씨발팀ㅋㅋㅋㅋㅋㅋㅋㅋㅋㅋㅋ,,38,38.0,와 진짜 자우버 씨발팀ㅋㅋㅋㅋㅋㅋㅋㅋㅋㅋㅋ ,와 진짜 자우버 씨발팀ㅋㅋㅋㅋㅋㅋㅋㅋㅋㅋㅋ,0.1609044224023819,0.13332417607307434,0.08327972888946533,0.03933652117848396,0.543488621711731,0.03966650366783142
2024-03-24 13:54:12,휠건좀 바꿔 병신들아,아오,39,39.0,휠건좀 바꿔 병신들아 아오,휠건좀 바꿔 병신들아 아오,0.24431058764457703,0.12321233749389648,0.2682362496852875,0.20538532733917236,0.1233636662364006,0.035491831600666046
2024-03-24 13:54:13,자체 페널티 이러네ㅋㅋㅋㅋㅋㅋㅋㅋㅋㅋ,,39,39.0,자체 페널티 이러네ㅋㅋㅋㅋㅋㅋㅋㅋㅋㅋ ,자체 페널티 이러네ㅋㅋㅋㅋㅋㅋㅋㅋㅋㅋ,0.25231286883354187,0.2471672147512436,0.1911604255437851,0.11124522984027863,0.10638412088155746,0.09173014760017395
2024-03-24 13:54:14,자우버는 또 뭐하노 놀랍지도 않네,아오,39,39.0,자우버는 또 뭐하노 놀랍지도 않네 아오,자우버는 또 뭐하노 놀랍지도 않네 아오,0.23556120693683624,0.15894052386283875,0.23726245760917664,0.2364048957824707,0.07983915507793427,0.051991868764162064
2024-03-24 13:54:16,자우버 팬은 아니지만 볼때마다 꼴받네 시발 ㅋㅋㅋㅋㅋ,쟤들 뭐하냐 ㅋㅋㅋㅋㅋ,39,39.0,자우버 팬은 아니지만 볼때마다 꼴받네 시발 ㅋㅋㅋㅋㅋ 쟤들 뭐하냐 ㅋㅋㅋㅋㅋ,자우버 팬은 아니지만 볼때마다 꼴받네 시발 ㅋㅋㅋㅋㅋ 쟤들 뭐하냐 ㅋㅋㅋㅋㅋ,0.1966218203306198,0.11932170391082764,0.32542160153388977,0.1517360508441925,0.14962507784366608,0.05727379396557808
2024-03-24 13:54:16,자우버의 피트스탑은 찐빠를 보장합니다,레전드,39,39.0,자우버의 피트스탑은 찐빠를 보장합니다 레전드,자우버의 피트스탑은 찐빠를 보장합니다 레전드,0.12835685908794403,0.07403654605150223,0.05474682152271271,0.04199588671326637,0.6680542230606079,0.032809723168611526
2024-03-24 13:54:16,패널티 ㅇㅈㄹ ㅋㅋㅋ,"ㅋㅋㅋ
- dc official App",39,39.0,"패널티 ㅇㅈㄹ ㅋㅋㅋ ㅋㅋㅋ
- dc official App",패널티 ㅇㅈㄹ ㅋㅋㅋ ㅋㅋㅋ,0.262229859828949,0.2154179960489273,0.2044266015291214,0.09392403811216354,0.14913363754749298,0.07486790418624878
2024-03-24 13:54:17,자체패널티? 이지랄 ㅋㅋㅋㅋㅋㅋㅋㅋㅋㅋ,,39,39.0,자체패널티? 이지랄 ㅋㅋㅋㅋㅋㅋㅋㅋㅋㅋ ,자체패널티? 이지랄 ㅋㅋㅋㅋㅋㅋㅋㅋㅋㅋ,0.23446986079216003,0.2601732909679413,0.20728152990341187,0.13019394874572754,0.09833371639251709,0.0695476233959198
2024-03-24 13:54:18,매 레이스마다 피트에서 좆박는 새끼들ㅋㅋ,병신ㅋㅋㅋㅋㅋㅋㅋ,39,39.0,매 레이스마다 피트에서 좆박는 새끼들ㅋㅋ 병신ㅋㅋㅋㅋㅋㅋㅋ,매 레이스마다 피트에서 좆박는 새끼들ㅋㅋ 병신ㅋㅋㅋㅋㅋㅋㅋ,0.1740369349718094,0.18019279837608337,0.31012749671936035,0.1107359454035759,0.14606112241744995,0.07884567230939865
2024-03-24 13:54:19,레전드네시발ㅋㅋ,개웃기네,39,39.0,레전드네시발ㅋㅋ 개웃기네,레전드네시발ㅋㅋ 개웃기네,0.1383069008588791,0.08375512063503265,0.06176574155688286,0.03509620949625969,0.6522087454795837,0.02886725403368473
2024-03-24 13:54:19,자체페널티임?,십ㅋㅋㅋ,39,39.0,자체페널티임? 십ㅋㅋㅋ,자체페널티임? 십ㅋㅋㅋ,0.29879531264305115,0.20771826803684235,0.17923669517040253,0.13310419023036957,0.09104529023170471,0.0901002287864685
2024-03-24 13:54:19,짱 뭐함????,,39,39.0,짱 뭐함???? ,짱 뭐함????,0.22463995218276978,0.26473867893218994,0.08284392952919006,0.049689196050167084,0.2904793620109558,0.08760879188776016
2024-03-24 13:54:20,이 씨발 또 ㅋㅋㅋㅋㅋㅋㅋ,진짜 레전드네,39,39.0,이 씨발 또 ㅋㅋㅋㅋㅋㅋㅋ 진짜 레전드네,이 씨발 또 ㅋㅋㅋㅋㅋㅋㅋ 진짜 레전드네,0.17595024406909943,0.11921213567256927,0.08340391516685486,0.04137401655316353,0.5437533259391785,0.03630642220377922
2024-03-24 13:54:21,또우버 뭐해 병신들아,병신들ㅋㅋㅋ,39,39.0,또우버 뭐해 병신들아 병신들ㅋㅋㅋ,또우버 뭐해 병신들아 병신들ㅋㅋㅋ,0.1479504406452179,0.09143665432929993,0.07608957588672638,0.04051874577999115,0.6102493405342102,0.033755261451005936
2024-03-24 13:54:23,자우버 미친놈들ㅋㅋㅋㅋㅋㅋㅋㅋㅋ,핏크루 싹다 빠따해라ㅋㅋㅋㅋㅋㅋ,39,39.0,자우버 미친놈들ㅋㅋㅋㅋㅋㅋㅋㅋㅋ 핏크루 싹다 빠따해라ㅋㅋㅋㅋㅋㅋ,자우버 미친놈들ㅋㅋㅋㅋㅋㅋㅋㅋㅋ 핏크루 싹다 빠따해라ㅋㅋㅋㅋㅋㅋ,0.19046980142593384,0.15485228598117828,0.2532773017883301,0.09801869094371796,0.22570346295833588,0.07767845690250397
2024-03-24 13:54:23,자우버 피트에 꿀발라놓음?,ㅋㅋㅋㅋㅅㅂ,39,39.0,자우버 피트에 꿀발라놓음? ㅋㅋㅋㅋㅅㅂ,자우버 피트에 꿀발라놓음? ㅋㅋㅋㅋㅅㅂ,0.21264994144439697,0.12892496585845947,0.32253894209861755,0.17745262384414673,0.10928859561681747,0.04914490878582001
2024-03-24 13:54:25,자우버 또 개지랄 on ㅋㅋㅋ,"ㅋㅋㅋㅋ
- dc official App",39,39.0,"자우버 또 개지랄 on ㅋㅋㅋ ㅋㅋㅋㅋ
- dc official App",자우버 또 개지랄 on ㅋㅋㅋ ㅋㅋㅋㅋ,0.21722574532032013,0.1456584632396698,0.2558112144470215,0.10948947817087173,0.20617692172527313,0.06563811004161835
2024-03-24 13:54:36,자우버 걍 팀 접고 안드레티한테 시드 줘라,,39,39.0,자우버 걍 팀 접고 안드레티한테 시드 줘라 ,자우버 걍 팀 접고 안드레티한테 시드 줘라,0.2551160454750061,0.27334702014923096,0.13520433008670807,0.17521290481090546,0.09137517958879471,0.06974448263645172
2024-03-24 13:54:37,자체 패널티도 먹이네,굳,39,39.0,자체 패널티도 먹이네 굳,자체 패널티도 먹이네 굳,0.18215279281139374,0.10643187165260315,0.07705280184745789,0.07988865673542023,0.5030048489570618,0.05146898329257965
2024-03-24 13:54:38,얘내는 휠건 바꿀 돈도 없나,진짜 ㅋㅋㅋㅋㅋㅋㅋㅋㅋㅋㅋㅋ,39,39.0,얘내는 휠건 바꿀 돈도 없나 진짜 ㅋㅋㅋㅋㅋㅋㅋㅋㅋㅋㅋㅋ,얘내는 휠건 바꿀 돈도 없나 진짜 ㅋㅋㅋㅋㅋㅋㅋㅋㅋㅋㅋㅋ,0.24431844055652618,0.22749143838882446,0.21831519901752472,0.11269919574260712,0.09104634821414948,0.10612945258617401
2024-03-24 13:54:39,저우 11위까지 올려놨는데 다시 꼬라박노ㅋㅋㅋ,ㅋㅋㅋ,39,39.0,저우 11위까지 올려놨는데 다시 꼬라박노ㅋㅋㅋ ㅋㅋㅋ,저우 11위까지 올려놨는데 다시 꼬라박노ㅋㅋㅋ ㅋㅋㅋ,0.3083948493003845,0.17220939695835114,0.18582569062709808,0.14568443596363068,0.09409438818693161,0.09379123896360397
2024-03-24 13:54:40,알리나사 또 야마났냐,"아오
- dc official App",39,39.0,"알리나사 또 야마났냐 아오
- dc official App",알리나사 또 야마났냐 아오,0.20307965576648712,0.09785553812980652,0.2924096882343292,0.2112395018339157,0.1498948633670807,0.04552076384425163
2024-03-24 13:54:41,츠노다 잘달린다,- dc official App,39,39.0,츠노다 잘달린다 - dc official App,츠노다 잘달린다 - dc official App,0.11396695673465729,0.07784158736467361,0.05147366598248482,0.03488273546099663,0.693875253200531,0.027959879487752914
2024-03-24 13:54:44,킥은 신생팀이냐,핏 크루들 다 갈고 새로뽑았나 ㅅㅂㅋㅋ,39,39.0,킥은 신생팀이냐 핏 크루들 다 갈고 새로뽑았나 ㅅㅂㅋㅋ,킥은 신생팀이냐 핏 크루들 다 갈고 새로뽑았나 ㅅㅂㅋㅋ,0.23539642989635468,0.20310625433921814,0.24855850636959076,0.16377826035022736,0.08802121132612228,0.0611393116414547
2024-03-24 13:54:46,FIA에서 경고해야 되는 거 아님?,저게 어떻게 F1이야 씨발ㅋㅋ,39,39.0,FIA에서 경고해야 되는 거 아님? 저게 어떻게 F1이야 씨발ㅋㅋ,FIA에서 경고해야 되는 거 아님? 저게 어떻게 F1이야 씨발ㅋㅋ,0.23398040235042572,0.17096848785877228,0.2637595236301422,0.17545850574970245,0.09831037372350693,0.057522717863321304
2024-03-24 13:54:46,역시 페라리 우승은 이분 ㅋㅋ,"보여주시잖아 ㅋㅋ
- dc official App",39,39.0,"역시 페라리 우승은 이분 ㅋㅋ 보여주시잖아 ㅋㅋ
- dc official App",역시 페라리 우승은 이분 ㅋㅋ 보여주시잖아 ㅋㅋ,0.148079976439476,0.08797561377286911,0.06254982203245163,0.04795561730861664,0.6074748635292053,0.045964110642671585
2024-03-24 13:54:47,케로햄 ㅈㄴ 웃기네 ㅋㅋㅋㅋㅋㅋㅋㅋㅋ,자체 패널티? ㅋㅋㅋㅋㅋㅋㅋㅋㅋㅋ,39,39.0,케로햄 ㅈㄴ 웃기네 ㅋㅋㅋㅋㅋㅋㅋㅋㅋ 자체 패널티? ㅋㅋㅋㅋㅋㅋㅋㅋㅋㅋ,케로햄 ㅈㄴ 웃기네 ㅋㅋㅋㅋㅋㅋㅋㅋㅋ 자체 패널티? ㅋㅋㅋㅋㅋㅋㅋㅋㅋㅋ,0.2169625163078308,0.1910981982946396,0.11041708290576935,0.048620644956827164,0.38098254799842834,0.05191894993185997
2024-03-24 13:54:51,저딴게 씨발 팀이냐,개판이네ㅋㅋㅋㅋㅋㅋ,39,39.0,저딴게 씨발 팀이냐 개판이네ㅋㅋㅋㅋㅋㅋ,저딴게 씨발 팀이냐 개판이네ㅋㅋㅋㅋㅋㅋ,0.2214645892381668,0.22122326493263245,0.23113508522510529,0.17263108491897583,0.0785602480173111,0.0749857947230339
2024-03-24 13:54:51,자우버 피트vs 알핀,뭐가 더 빠름?,39,39.0,자우버 피트vs 알핀 뭐가 더 빠름?,자우버 피트vs 알핀 뭐가 더 빠름?,0.2201658934354782,0.3162035644054413,0.09493861347436905,0.058870796114206314,0.24213899672031403,0.06768214702606201
2024-03-24 13:54:57,뭔데 왜 몽물out대전임,뭐고,39,39.0,뭔데 왜 몽물out대전임 뭐고,뭔데 왜 몽물out대전임 뭐고,0.3069619834423065,0.25073134899139404,0.157508984208107,0.10750061273574829,0.11214099824428558,0.06515604257583618
2024-03-24 13:54:58,아니 씨발 관우랑 보타스가 포인트권까지 가면 뭐하냐고 씨발 매경기 핏스탑,에서 찐빠나고 꼴아박는디,39,39.0,아니 씨발 관우랑 보타스가 포인트권까지 가면 뭐하냐고 씨발 매경기 핏스탑 에서 찐빠나고 꼴아박는디,아니 씨발 관우랑 보타스가 포인트권까지 가면 뭐하냐고 씨발 매경기 핏스탑 에서 찐빠나고 꼴아박는디,0.21098288893699646,0.12801720201969147,0.2784683108329773,0.22647932171821594,0.11059431731700897,0.04545792192220688
2024-03-24 13:55:00,알훌대전 웅장하다 ㅋㅋㅋ,ㅋ,39,39.0,알훌대전 웅장하다 ㅋㅋㅋ ㅋ,알훌대전 웅장하다 ㅋㅋㅋ ㅋ,0.11360813677310944,0.06884203851222992,0.055451471358537674,0.03511764854192734,0.7014179229736328,0.025562787428498268
2024-03-24 13:55:00,진짜 차량개발 잠시 멈추고 줄빠따질 해야지,저게 뭐임,39,39.0,진짜 차량개발 잠시 멈추고 줄빠따질 해야지 저게 뭐임,진짜 차량개발 잠시 멈추고 줄빠따질 해야지 저게 뭐임,0.24658271670341492,0.18156936764717102,0.21657703816890717,0.23664450645446777,0.06655924767255783,0.05206715688109398
2024-03-24 13:55:01,저우 포인트 피니시 가능하냐? → 바로 피트스탑 지랄ㅋㅋㅋ,장애버 ㅋㅋㅋ,39,39.0,저우 포인트 피니시 가능하냐? → 바로 피트스탑 지랄ㅋㅋㅋ 장애버 ㅋㅋㅋ,저우 포인트 피니시 가능하냐? → 바로 피트스탑 지랄ㅋㅋㅋ 장애버 ㅋㅋㅋ,0.24025164544582367,0.21489664912223816,0.2290024608373642,0.09765781462192535,0.14568264782428741,0.07250888645648956
2024-03-24 13:55:07,쏘 데인저러스 ㅋㅋㅋㅋ,ㅋㅋㅋ,39,39.0,쏘 데인저러스 ㅋㅋㅋㅋ ㅋㅋㅋ,쏘 데인저러스 ㅋㅋㅋㅋ ㅋㅋㅋ,0.1177627220749855,0.07798711955547333,0.06272205710411072,0.0328131727874279,0.6856494545936584,0.023065418004989624
2024-03-24 13:55:10,뭐냐? 이제 왔는데 해물탕 몽골 서로 받았냐?,왜 둘이 사이좋게 리타이어임? 아 이걸 놓쳤네,39,39.0,뭐냐? 이제 왔는데 해물탕 몽골 서로 받았냐? 왜 둘이 사이좋게 리타이어임? 아 이걸 놓쳤네,뭐냐? 이제 왔는데 해물탕 몽골 서로 받았냐? 왜 둘이 사이좋게 리타이어임? 아 이걸 놓쳤네,0.3091524839401245,0.19176433980464935,0.1843387335538864,0.12834495306015015,0.09419536590576172,0.09220407903194427
2024-03-24 13:55:23,혼자만 F2피트스탑 하고있노ㅋㅋㅋㅋㅋㅋㅋㅋㅋㅋ,,39,39.0,혼자만 F2피트스탑 하고있노ㅋㅋㅋㅋㅋㅋㅋㅋㅋㅋ ,혼자만 F2피트스탑 하고있노ㅋㅋㅋㅋㅋㅋㅋㅋㅋㅋ,0.2779589295387268,0.2025250792503357,0.16535381972789764,0.0720435380935669,0.19937877357006073,0.08273985981941223
2024-03-24 13:55:29,자세 ㅈㄴ 요염하노ㅋㅋ,ㅋㅋ,39,39.0,자세 ㅈㄴ 요염하노ㅋㅋ ㅋㅋ,자세 ㅈㄴ 요염하노ㅋㅋ ㅋㅋ,0.16218224167823792,0.12744353711605072,0.06438454240560532,0.03280561789870262,0.5710915923118591,0.04209249094128609
2024-03-24 13:55:29,실시간 ㄹㅇ 좆된 새끼,오늘 ㅈㄴ 잘해도 저딴 팀 가야되는 새끼,39,39.0,실시간 ㄹㅇ 좆된 새끼 오늘 ㅈㄴ 잘해도 저딴 팀 가야되는 새끼,실시간 ㄹㅇ 좆된 새끼 오늘 ㅈㄴ 잘해도 저딴 팀 가야되는 새끼,0.19349125027656555,0.1674065738916397,0.22736231982707977,0.23809030652046204,0.08331366628408432,0.0903358981013298
2024-03-24 13:55:33,가~슬리~,"가슬리까는 새끼들 전부 ㄷㅊ라~
- dc official App",39,39.0,"가~슬리~ 가슬리까는 새끼들 전부 ㄷㅊ라~
- dc official App",가~슬리~ 가슬리까는 새끼들 전부 ㄷㅊ라~,0.18686063587665558,0.11625262349843979,0.2763986587524414,0.13174355030059814,0.23516011238098145,0.05358441174030304
2024-03-24 13:55:48,졸음 쉼터 운영으로 드라이버 복지 챙기는 자우버,억까모지?,40,40.0,졸음 쉼터 운영으로 드라이버 복지 챙기는 자우버 억까모지?,졸음 쉼터 운영으로 드라이버 복지 챙기는 자우버 억까모지?,0.22303618490695953,0.3388935923576355,0.12215026468038559,0.08554087579250336,0.12793360650539398,0.10244551301002502
2024-03-24 13:55:48,르끌 페랩 ㄷㄷ,,40,40.0,르끌 페랩 ㄷㄷ ,르끌 페랩 ㄷㄷ,0.21636252105236053,0.33770692348480225,0.12481611222028732,0.06784893572330475,0.1369648426771164,0.11630067974328995
2024-03-24 13:55:51,1위 크루징 재미없다,하품나옴,40,40.0,1위 크루징 재미없다 하품나옴,1위 크루징 재미없다 하품나옴,0.31813493371009827,0.16159574687480927,0.16750262677669525,0.1544872671365738,0.1420935094356537,0.056185945868492126
2024-03-24 13:55:54,우리 퍼스트 패랩ㅋㅋㅋ,대 라 리,40,40.0,우리 퍼스트 패랩ㅋㅋㅋ 대 라 리,우리 퍼스트 패랩ㅋㅋㅋ 대 라 리,0.10700544714927673,0.06965295225381851,0.05363066866993904,0.03361852467060089,0.7108979821205139,0.025194436311721802
2024-03-24 13:55:58,이쯤되면 호주가 약속의 땅아니냐,ㅈㄴ재밌네ㅋㅋㅋㅋ,40,40.0,이쯤되면 호주가 약속의 땅아니냐 ㅈㄴ재밌네ㅋㅋㅋㅋ,이쯤되면 호주가 약속의 땅아니냐 ㅈㄴ재밌네ㅋㅋㅋㅋ,0.13058841228485107,0.09244252741336823,0.06229124963283539,0.03206656873226166,0.6533241271972656,0.029287051409482956
2024-03-24 13:56:02,르끌 패랩 ㅋㅋㅋㅋ,"새타이어 좋네
- dc official App",40,40.0,"르끌 패랩 ㅋㅋㅋㅋ 새타이어 좋네
- dc official App",르끌 패랩 ㅋㅋㅋㅋ 새타이어 좋네,0.12189061939716339,0.0725397989153862,0.05515547841787338,0.04178560897707939,0.6783848404884338,0.03024366870522499
2024-03-24 13:56:08,자우버는 핏스탑 지랄만 안했으면 저자리는 아니겠는데,"아오 등신들
- dc official App",40,40.0,"자우버는 핏스탑 지랄만 안했으면 저자리는 아니겠는데 아오 등신들
- dc official App",자우버는 핏스탑 지랄만 안했으면 저자리는 아니겠는데 아오 등신들,0.2125418782234192,0.1392815113067627,0.28040021657943726,0.2373281717300415,0.08855526894330978,0.041893068701028824
2024-03-24 13:56:17,셒카주세요,"ㅈㅂ
- dc official App",40,40.0,"셒카주세요 ㅈㅂ
- dc official App",셒카주세요 ㅈㅂ,0.18647296726703644,0.14140117168426514,0.28289473056793213,0.17336297035217285,0.16596849262714386,0.04989964887499809
2024-03-24 13:56:22,좆우버는 하다하다 개좆핀한테 따이네,,40,40.0,좆우버는 하다하다 개좆핀한테 따이네 ,좆우버는 하다하다 개좆핀한테 따이네,0.22913971543312073,0.24562256038188934,0.21203598380088806,0.15802434086799622,0.06624935567378998,0.08892803639173508
2024-03-24 13:56:24,사인츠 미디엄끼고 나오려나,,40,40.0,사인츠 미디엄끼고 나오려나 ,사인츠 미디엄끼고 나오려나,0.23821960389614105,0.3221535086631775,0.10596007108688354,0.0875968337059021,0.17189019918441772,0.07417977601289749
2024-03-24 13:56:34,알핀 트윗ㅋㅋㅋㅋ,약빨았노ㅋㅋㅋ,40,40.0,알핀 트윗ㅋㅋㅋㅋ 약빨았노ㅋㅋㅋ,알핀 트윗ㅋㅋㅋㅋ 약빨았노ㅋㅋㅋ,0.2778826653957367,0.220457062125206,0.11275869607925415,0.046788834035396576,0.25825947523117065,0.08385321497917175
2024-03-24 13:56:40,근데 자우버는 피트스탑 탓이라도하지,대런은 진짜 뭐함..?,40,40.0,근데 자우버는 피트스탑 탓이라도하지 대런은 진짜 뭐함..?,근데 자우버는 피트스탑 탓이라도하지 대런은 진짜 뭐함..?,0.3071146309375763,0.2157817929983139,0.14907334744930267,0.18596012890338898,0.07088440656661987,0.07118570804595947
2024-03-24 13:56:41,자우버 진짜 지금까지 2-3포인트는 챙겼어야했는데,ㅇ에혀 시발,40,40.0,자우버 진짜 지금까지 2-3포인트는 챙겼어야했는데 ㅇ에혀 시발,자우버 진짜 지금까지 2-3포인트는 챙겼어야했는데 ㅇ에혀 시발,0.22377432882785797,0.10775776207447052,0.24949871003627777,0.2734597325325012,0.1005006954073906,0.04500872269272804
2024-03-24 13:56:44,르끌 패랩 먹었노ㅋㅋㅋ,ㅋㅋㅋ,40,40.0,르끌 패랩 먹었노ㅋㅋㅋ ㅋㅋㅋ,르끌 패랩 먹었노ㅋㅋㅋ ㅋㅋㅋ,0.2212870568037033,0.10327643901109695,0.10857349634170532,0.06726638972759247,0.4571410119533539,0.04245557263493538
2024-03-24 13:56:44,자우버 원투냐 ㅋㅋ 왜케잡아줘 ㅋㅋㅋ,ㅋㅋㅋㅋㅋㅋ,40,40.0,자우버 원투냐 ㅋㅋ 왜케잡아줘 ㅋㅋㅋ ㅋㅋㅋㅋㅋㅋ,자우버 원투냐 ㅋㅋ 왜케잡아줘 ㅋㅋㅋ ㅋㅋㅋㅋㅋㅋ,0.12907089293003082,0.08285156637430191,0.0575009286403656,0.03380967676639557,0.6683459877967834,0.02842092514038086
2024-03-24 13:56:52,첨부터 브레이끼 맛이 갔었다네,ㅇㅅㅇ,40,40.0,첨부터 브레이끼 맛이 갔었다네 ㅇㅅㅇ,첨부터 브레이끼 맛이 갔었다네 ㅇㅅㅇ,0.32937198877334595,0.23041172325611115,0.1356448233127594,0.1186891496181488,0.09644241631031036,0.08943984657526016
2024-03-24 13:56:54,잘해서 클립보여주노ㅋㅋㅋㅋ,,40,40.0,잘해서 클립보여주노ㅋㅋㅋㅋ ,잘해서 클립보여주노ㅋㅋㅋㅋ,0.13008259236812592,0.077054962515831,0.05391199514269829,0.03488178178668022,0.6741543412208557,0.02991430275142193
2024-03-24 13:56:58,❗+❗+페라리 요약❗+❗+,- dc official App,41,41.0,❗+❗+페라리 요약❗+❗+ - dc official App,❗+❗+페라리 요약❗+❗+ - dc official App,0.16683648526668549,0.14268331229686737,0.07784105837345123,0.04742162674665451,0.5357577204704285,0.02945980615913868
2024-03-24 13:56:58,자우버 프론트 레프트 휠거너 짤리는거 아니냐?,"ㅋㅋㅋㅋ
- dc official App",41,41.0,"자우버 프론트 레프트 휠거너 짤리는거 아니냐? ㅋㅋㅋㅋ
- dc official App",자우버 프론트 레프트 휠거너 짤리는거 아니냐? ㅋㅋㅋㅋ,0.21407921612262726,0.3351520597934723,0.13655491173267365,0.06830276548862457,0.12871308624744415,0.1171979233622551
2024-03-24 13:57:00,자우버 ㅋㅋㅋㅋㅋㅋㅋㅋ,,41,41.0,자우버 ㅋㅋㅋㅋㅋㅋㅋㅋ ,자우버 ㅋㅋㅋㅋㅋㅋㅋㅋ,0.11404861509799957,0.07738196849822998,0.06380883604288101,0.033574264496564865,0.6873685717582703,0.023817792534828186
2024-03-24 13:57:03,요거는 잘했네요,"3.8초 ㅋㅋㅋㅋㅋㅋㅋㅋ
- dc official App",41,41.0,"요거는 잘했네요 3.8초 ㅋㅋㅋㅋㅋㅋㅋㅋ
- dc official App",요거는 잘했네요 3.8초 ㅋㅋㅋㅋㅋㅋㅋㅋ,0.12035243958234787,0.07100863009691238,0.059201642870903015,0.04111609607934952,0.68017578125,0.028145447373390198
2024-03-24 13:57:04,3.8초가 빨라보이는 기적,,41,41.0,3.8초가 빨라보이는 기적 ,3.8초가 빨라보이는 기적,0.23708634078502655,0.306003600358963,0.1107008159160614,0.050612471997737885,0.18600265681743622,0.10959409177303314
2024-03-24 13:57:06,30초에서 3초로 단축이면 ㅅㅅㅌㅊ지,,41,41.0,30초에서 3초로 단축이면 ㅅㅅㅌㅊ지 ,30초에서 3초로 단축이면 ㅅㅅㅌㅊ지,0.1625230461359024,0.11806508153676987,0.0629579946398735,0.047917090356349945,0.560722827911377,0.04781391844153404
2024-03-24 13:57:09,3.8초<-잘한거ㅋㅋㅋㅋㅋㅋ,,41,41.0,3.8초<-잘한거ㅋㅋㅋㅋㅋㅋ ,3.8초<-잘한거ㅋㅋㅋㅋㅋㅋ,0.19174128770828247,0.126251220703125,0.11420493572950363,0.052851736545562744,0.4715712368488312,0.043379686772823334
2024-03-24 13:57:11,잘한게 3.8 ㅋㅋㅋㅋ,,41,41.0,잘한게 3.8 ㅋㅋㅋㅋ ,잘한게 3.8 ㅋㅋㅋㅋ,0.21831375360488892,0.2789580523967743,0.19891884922981262,0.09386385977268219,0.11019802838563919,0.09974751621484756
2024-03-24 13:57:14,3.8이 양반인 팀ㅋㅋㅋㅋ,ㅋㅋㅋ,41,41.0,3.8이 양반인 팀ㅋㅋㅋㅋ ㅋㅋㅋ,3.8이 양반인 팀ㅋㅋㅋㅋ ㅋㅋㅋ,0.26018837094306946,0.2501088082790375,0.1777365803718567,0.0898958295583725,0.13082391023635864,0.09124650806188583
2024-03-24 13:57:17,근데 리카도 점마 뭐하노,"왤케 느려
- dc official App",41,41.0,"근데 리카도 점마 뭐하노 왤케 느려
- dc official App",근데 리카도 점마 뭐하노 왤케 느려,0.30758166313171387,0.23867592215538025,0.16528792679309845,0.1461622267961502,0.08513116091489792,0.05716110020875931
2024-03-24 13:57:22,"""보타스 3.8초....왜 이렇게 빨라 보이죠?""",그저 장애버 ㅋㅋㅋㅋㅋㅋㅋㅋ,41,41.0,"""보타스 3.8초....왜 이렇게 빨라 보이죠?"" 그저 장애버 ㅋㅋㅋㅋㅋㅋㅋㅋ","""보타스 3.8초....왜 이렇게 빨라 보이죠?"" 그저 장애버 ㅋㅋㅋㅋㅋㅋㅋㅋ",0.23723605275154114,0.2691131830215454,0.11525316536426544,0.04399525374174118,0.24453388154506683,0.08986842632293701
2024-03-24 13:57:26,자우버 저거 굴러가는거 뭐냐 ㅋㅋㅋㅋ,ㅋㅋㅋㅋㅋ,41,41.0,자우버 저거 굴러가는거 뭐냐 ㅋㅋㅋㅋ ㅋㅋㅋㅋㅋ,자우버 저거 굴러가는거 뭐냐 ㅋㅋㅋㅋ ㅋㅋㅋㅋㅋ,0.2531176507472992,0.22196882963180542,0.09808806329965591,0.04484083503484726,0.32149139046669006,0.06049327179789543
2024-03-24 13:57:27,자우버치곤 존나 빠르노ㅋㅋㅋㅋㅋ,3.8초 씨발련들아,41,41.0,자우버치곤 존나 빠르노ㅋㅋㅋㅋㅋ 3.8초 씨발련들아,자우버치곤 존나 빠르노ㅋㅋㅋㅋㅋ 3.8초 씨발련들아,0.21319110691547394,0.17219950258731842,0.28835588693618774,0.11639392375946045,0.12773749232292175,0.08212205767631531
2024-03-24 13:57:33,엄스카 ㅋㅋㅋㅋ,,41,41.0,엄스카 ㅋㅋㅋㅋ ,엄스카 ㅋㅋㅋㅋ,0.11169569194316864,0.07210808247327805,0.055010437965393066,0.03277335688471794,0.7042011022567749,0.02421138808131218
2024-03-24 13:57:35,피아제 휠락ㅋㅋㅋㅋ,ㅋㅋ,41,41.0,피아제 휠락ㅋㅋㅋㅋ ㅋㅋ,피아제 휠락ㅋㅋㅋㅋ ㅋㅋ,0.21132394671440125,0.11989399045705795,0.12095344811677933,0.05521230027079582,0.4510732889175415,0.041542988270521164
2024-03-24 13:57:38,피아제 빅 실수,,41,41.0,피아제 빅 실수 ,피아제 빅 실수,0.3252662718296051,0.23146256804466248,0.125901460647583,0.1614273637533188,0.08213803172111511,0.07380431890487671
2024-03-24 13:57:41,아이고,,41,41.0,아이고 ,아이고,0.286146879196167,0.22088977694511414,0.11694619059562683,0.09889030456542969,0.2004108726978302,0.07671602815389633
2024-03-24 13:57:42,점마 피아제 찾으러 가노 ㅋㅋㅋ,,41,41.0,점마 피아제 찾으러 가노 ㅋㅋㅋ ,점마 피아제 찾으러 가노 ㅋㅋㅋ,0.22583606839179993,0.2825586199760437,0.1844439059495926,0.0830468088388443,0.10713479667901993,0.11697978526353836
2024-03-24 13:57:42,가짜재능ㅋㅋㅋㅋㅋㅋㅋㅋㅋㅋㅋㅋ,,41,41.0,가짜재능ㅋㅋㅋㅋㅋㅋㅋㅋㅋㅋㅋㅋ ,가짜재능ㅋㅋㅋㅋㅋㅋㅋㅋㅋㅋㅋㅋ,0.2751159071922302,0.22617408633232117,0.15990357100963593,0.0697600245475769,0.18377017974853516,0.08527620136737823
2024-03-24 13:57:43,아 좆됐다 ㅋㅋ,,41,41.0,아 좆됐다 ㅋㅋ ,아 좆됐다 ㅋㅋ,0.2822035551071167,0.148176908493042,0.196102574467659,0.13748297095298767,0.14507414400577545,0.09095987677574158
2024-03-24 13:57:45,해설들 눈뜬 봉사임??,"핏스탑할때 옆으로 뭐 굴러가는거 보여주는구만 핏스탑 시간 씨부리고있네 ㅋㅋㅋㅋㅋㅋ
- dc official App",41,41.0,"해설들 눈뜬 봉사임?? 핏스탑할때 옆으로 뭐 굴러가는거 보여주는구만 핏스탑 시간 씨부리고있네 ㅋㅋㅋㅋㅋㅋ
- dc official App",해설들 눈뜬 봉사임?? 핏스탑할때 옆으로 뭐 굴러가는거 보여주는구만 핏스탑 시간 씨부리고있네 ㅋㅋㅋㅋㅋㅋ,0.22794803977012634,0.2605942487716675,0.2174285501241684,0.1218099445104599,0.09868385642766953,0.07353532314300537
2024-03-24 13:57:49,몽골 살아있는게 더 재밌었을수도?,"르끌이 사인츠를 못따라가네
몽골 뒤졌을땐 일단 반사적으로 기뻐했는데
몽골 살아있었으면 사인츠랑 서로 추월쇼좀 했을거같은데
차라리 살아있는게 더 재밌었을수도?",41,41.0,"몽골 살아있는게 더 재밌었을수도? 르끌이 사인츠를 못따라가네
몽골 뒤졌을땐 일단 반사적으로 기뻐했는데
몽골 살아있었으면 사인츠랑 서로 추월쇼좀 했을거같은데
차라리 살아있는게 더 재밌었을수도?",몽골 살아있는게 더 재밌었을수도? 르끌이 사인츠를 못따라가네 몽골 뒤졌을땐 일단 반사적으로 기뻐했는데 몽골 살아있었으면 사인츠랑 서로 추월쇼좀 했을거같은데 차라리 살아있는게 더 재밌었을수도?,0.324588418006897,0.24930532276630402,0.12223908305168152,0.08898144960403442,0.09459563344717026,0.12029010057449341
2024-03-24 13:57:51,개아프게 걸렸네,억,41,41.0,개아프게 걸렸네 억,개아프게 걸렸네 억,0.2697890102863312,0.21004675328731537,0.1612972915172577,0.1466055065393448,0.11632098257541656,0.095940500497818
2024-03-24 13:57:52,피아제 잔디깎기ㅋㅋㅋㅋㅋ,ㅋㅋ,41,41.0,피아제 잔디깎기ㅋㅋㅋㅋㅋ ㅋㅋ,피아제 잔디깎기ㅋㅋㅋㅋㅋ ㅋㅋ,0.22604116797447205,0.20145031809806824,0.14331726729869843,0.06372053176164627,0.30965161323547363,0.0558190681040287
2024-03-24 13:57:56,피아제 ㅈ망,ㅋ,41,41.0,피아제 ㅈ망 ㅋ,피아제 ㅈ망 ㅋ,0.32276684045791626,0.17384062707424164,0.15647470951080322,0.18812641501426697,0.09049580991268158,0.06829558312892914
2024-03-24 13:57:59,아이구 시발 피아제야,시간 ㅈㄴ 배렸네,41,41.0,아이구 시발 피아제야 시간 ㅈㄴ 배렸네,아이구 시발 피아제야 시간 ㅈㄴ 배렸네,0.21496552228927612,0.09966956824064255,0.3039482831954956,0.20591413974761963,0.1308303326368332,0.04467218369245529
2024-03-24 13:57:58,저 정도면 호주 그랑프리 호주인 포디움을 세상이 막는데,- dc official App,41,41.0,저 정도면 호주 그랑프리 호주인 포디움을 세상이 막는데 - dc official App,저 정도면 호주 그랑프리 호주인 포디움을 세상이 막는데 - dc official App,0.25007712841033936,0.32572141289711,0.11712118238210678,0.06284340471029282,0.1205134391784668,0.12372342497110367
2024-03-24 13:58:06,피아제 미디움 없나,,41,41.0,피아제 미디움 없나 ,피아제 미디움 없나,0.2588576674461365,0.2968367040157318,0.10670148581266403,0.10970911383628845,0.1466747522354126,0.08122032135725021
2024-03-24 13:58:10,시발 ㅋㅋㅋ,"52->30->3.8초는 시발 ㅋㅋㅋ
성장형이냐
- dc official App",41,41.0,"시발 ㅋㅋㅋ 52->30->3.8초는 시발 ㅋㅋㅋ
성장형이냐
- dc official App",시발 ㅋㅋㅋ 52->30->3.8초는 시발 ㅋㅋㅋ 성장형이냐,0.24006445705890656,0.18579471111297607,0.2675238847732544,0.14520148932933807,0.09716424345970154,0.06425124406814575
2024-03-24 13:58:17,방금 노리스가 아니라 피아스트리라서 ㅈ같은 호주팬은 개추 ㅋㅋㅋ,,41,41.0,방금 노리스가 아니라 피아스트리라서 ㅈ같은 호주팬은 개추 ㅋㅋㅋ ,방금 노리스가 아니라 피아스트리라서 ㅈ같은 호주팬은 개추 ㅋㅋㅋ,0.19294874370098114,0.11802387982606888,0.3099553883075714,0.14045315980911255,0.17041121423244476,0.06820755451917648
2024-03-24 13:58:26,갓  페라리에서 앞으로 흑인놈이 운전한다는게 도저히 믿지기 않는다,시발 실화냐,42,42.0,갓  페라리에서 앞으로 흑인놈이 운전한다는게 도저히 믿지기 않는다 시발 실화냐,갓 페라리에서 앞으로 흑인놈이 운전한다는게 도저히 믿지기 않는다 시발 실화냐,0.1722893863916397,0.27171438932418823,0.2086954414844513,0.1318298727273941,0.11164364963769913,0.10382732003927231
2024-03-24 13:58:30,맥 개찐빠 났노 시발ㅋㅋㅋㅋㅋ,ㅋㅋㅋ,42,42.0,맥 개찐빠 났노 시발ㅋㅋㅋㅋㅋ ㅋㅋㅋ,맥 개찐빠 났노 시발ㅋㅋㅋㅋㅋ ㅋㅋㅋ,0.19162318110466003,0.12557078897953033,0.32000038027763367,0.15113763511180878,0.14314508438110352,0.06852290779352188
2024-03-24 13:58:31,한번 절었는데 3.5네,,42,42.0,한번 절었는데 3.5네 ,한번 절었는데 3.5네,0.30083683133125305,0.2614597976207733,0.12386500090360641,0.11211978644132614,0.09563372284173965,0.10608484596014023
2024-03-24 13:58:32,지랄났네 지랄났어 LF ㅅㅂㅋㅋ,,42,42.0,지랄났네 지랄났어 LF ㅅㅂㅋㅋ ,지랄났네 지랄났어 LF ㅅㅂㅋㅋ,0.19824568927288055,0.12672089040279388,0.3348780870437622,0.17675825953483582,0.11176992952823639,0.05162714794278145
2024-03-24 13:58:33,자우버 보다 10배 빠르노 ㅇㅇ,,42,42.0,자우버 보다 10배 빠르노 ㅇㅇ ,자우버 보다 10배 빠르노 ㅇㅇ,0.2344944179058075,0.3142504394054413,0.09928532689809799,0.04554435983300209,0.20725993812084198,0.09916553646326065
2024-03-24 13:58:41,ㅈ라렌 시발련들아 집중안하노,ㅅㅂ,42,42.0,ㅈ라렌 시발련들아 집중안하노 ㅅㅂ,ㅈ라렌 시발련들아 집중안하노 ㅅㅂ,0.21149922907352448,0.11478527635335922,0.30703243613243103,0.16101722419261932,0.1644812524318695,0.041184552013874054
2024-03-24 13:58:44,저렇게 해도 3.5촌데 ㅋㅋㅋㅋㅋㅋ,"자우버 3.8 진짜 왤케 빨라보였냐
- dc official App",42,42.0,"저렇게 해도 3.5촌데 ㅋㅋㅋㅋㅋㅋ 자우버 3.8 진짜 왤케 빨라보였냐
- dc official App",저렇게 해도 3.5촌데 ㅋㅋㅋㅋㅋㅋ 자우버 3.8 진짜 왤케 빨라보였냐,0.24443887174129486,0.29830631613731384,0.15080595016479492,0.06803244352340698,0.1105894148349762,0.127826988697052
2024-03-24 13:58:45,윤재수 자꾸 누구한테 잠시만요! 하는거냐,"ㅋ
- dc official App",42,42.0,"윤재수 자꾸 누구한테 잠시만요! 하는거냐 ㅋ
- dc official App",윤재수 자꾸 누구한테 잠시만요! 하는거냐 ㅋ,0.32865461707115173,0.18734008073806763,0.17065215110778809,0.09031614661216736,0.150354266166687,0.07268276810646057
2024-03-24 13:58:49,휠 잘못 박아도 보타스보다 핏스탑 빠름,"ㅋㅋㅋㅋㅋㅋㅋㅋㅋㅋㅋㅋ
- dc official App",42,42.0,"휠 잘못 박아도 보타스보다 핏스탑 빠름 ㅋㅋㅋㅋㅋㅋㅋㅋㅋㅋㅋㅋ
- dc official App",휠 잘못 박아도 보타스보다 핏스탑 빠름 ㅋㅋㅋㅋㅋㅋㅋㅋㅋㅋㅋㅋ,0.19266889989376068,0.1866806596517563,0.1015898808836937,0.04266868531703949,0.42214295268058777,0.05424891784787178
2024-03-24 13:59:12,황라리 원투먹겟노,오호,42,42.0,황라리 원투먹겟노 오호,황라리 원투먹겟노 오호,0.16380761563777924,0.12908785045146942,0.05514448136091232,0.03170110657811165,0.5778229832649231,0.042435940355062485
2024-03-24 13:59:15,사인직 플랜F 가냐,"가능할거같은데 무조건
- dc official App",42,42.0,"사인직 플랜F 가냐 가능할거같은데 무조건
- dc official App",사인직 플랜F 가냐 가능할거같은데 무조건,0.23061895370483398,0.2698316276073456,0.08617811650037766,0.0756700187921524,0.2578766942024231,0.07982459664344788
2024-03-24 13:59:20,사인즈 미쳤네,페라리 사인즈 왜 쳐넴 ㅋㅋ,42,42.0,사인즈 미쳤네 페라리 사인즈 왜 쳐넴 ㅋㅋ,사인즈 미쳤네 페라리 사인즈 왜 쳐넴 ㅋㅋ,0.24521245062351227,0.2104324847459793,0.22166873514652252,0.10354927182197571,0.12626130878925323,0.09287568181753159
2024-03-24 13:59:37,드디어 티포시의 낮이 오는건가,"이게 얼마만이냐
- dc official App",42,42.0,"드디어 티포시의 낮이 오는건가 이게 얼마만이냐
- dc official App",드디어 티포시의 낮이 오는건가 이게 얼마만이냐,0.15126994252204895,0.08985119313001633,0.05058690533041954,0.0353587344288826,0.6403074860572815,0.03262577950954437
2024-03-24 13:59:51,LF 쪽 왜캐 지랄같지,,43,43.0,LF 쪽 왜캐 지랄같지 ,LF 쪽 왜캐 지랄같지,0.22765913605690002,0.11412044614553452,0.2663154602050781,0.2377268522977829,0.11546873301267624,0.038709405809640884
2024-03-24 13:59:54,사인츠 뽁스,ㅌ,43,43.0,사인츠 뽁스 ㅌ,사인츠 뽁스 ㅌ,0.22167101502418518,0.19364987313747406,0.12872041761875153,0.0645437240600586,0.3508770167827606,0.04053787514567375
2024-03-24 13:59:57,사인지 박스,,43,43.0,사인지 박스 ,사인지 박스,0.1819818764925003,0.186655655503273,0.07980040460824966,0.04015728086233139,0.4711419641971588,0.04026281461119652
2024-03-24 14:00:07,판단력 GOAT…,"저딴 병신팀에 묻어서
돈주고 브랜드 깍아먹을뻔 했는데
좆망 직전에 튐ㅋㅋㅋㅋㅋㅋㅋㅋㅋㅋㅋㅋㅋ",43,43.0,"판단력 GOAT… 저딴 병신팀에 묻어서
돈주고 브랜드 깍아먹을뻔 했는데
좆망 직전에 튐ㅋㅋㅋㅋㅋㅋㅋㅋㅋㅋㅋㅋㅋ",판단력 GOAT… 저딴 병신팀에 묻어서 돈주고 브랜드 깍아먹을뻔 했는데 좆망 직전에 튐ㅋㅋㅋㅋㅋㅋㅋㅋㅋㅋㅋㅋㅋ,0.1978040635585785,0.2455972582101822,0.2206682711839676,0.12021657079458237,0.08623076975345612,0.12948305904865265
2024-03-24 14:00:16,와 3차 붙었다,영혼의 맞다이 가보자,43,43.0,와 3차 붙었다 영혼의 맞다이 가보자,와 3차 붙었다 영혼의 맞다이 가보자,0.1503523886203766,0.1271226853132248,0.06431664526462555,0.03757007047533989,0.5766666531562805,0.04397151246666908
2024-03-24 14:00:16,다시 페라리 원투 ㅋㅋ,,43,43.0,다시 페라리 원투 ㅋㅋ ,다시 페라리 원투 ㅋㅋ,0.11312427371740341,0.0644245594739914,0.06320284307003021,0.0420258529484272,0.6904038190841675,0.02681867964565754
2024-03-24 14:00:20,대 노 다,ㅈㄱㄴ,43,43.0,대 노 다 ㅈㄱㄴ,대 노 다 ㅈㄱㄴ,0.20460668206214905,0.11458662152290344,0.2841404974460602,0.226542130112648,0.12275553494691849,0.047368574887514114
2024-03-24 14:00:31,가슬리 많이 느려보이네,,43,43.0,가슬리 많이 느려보이네 ,가슬리 많이 느려보이네,0.2437993288040161,0.35061076283454895,0.1022217720746994,0.07421039044857025,0.13356554508209229,0.0955921858549118
2024-03-24 14:00:42,자우버 왜 알핀보다 느림?,얼마나병신인거지,43,43.0,자우버 왜 알핀보다 느림? 얼마나병신인거지,자우버 왜 알핀보다 느림? 얼마나병신인거지,0.24966195225715637,0.2502366602420807,0.18299970030784607,0.18136467039585114,0.07630249857902527,0.05943455919623375
2024-03-24 14:00:44,대노다 2포를 향새 달리는중 ㅋㅋㅋㅋ,ㅋㅋ,43,43.0,대노다 2포를 향새 달리는중 ㅋㅋㅋㅋ ㅋㅋ,대노다 2포를 향새 달리는중 ㅋㅋㅋㅋ ㅋㅋ,0.1726778894662857,0.08102437853813171,0.12473466247320175,0.08174488693475723,0.5016903877258301,0.038127798587083817
2024-03-24 14:00:52,스무스하네 페라리,,43,43.0,스무스하네 페라리 ,스무스하네 페라리,0.16785410046577454,0.13467319309711456,0.051509954035282135,0.0328669473528862,0.5676742196083069,0.04542164131999016
2024-03-24 14:00:52,2.6 굿,,43,43.0,2.6 굿 ,2.6 굿,0.1215645894408226,0.07562993466854095,0.05718747898936272,0.043953102082014084,0.6723378896713257,0.029326949268579483
2024-03-24 14:00:55,2.6 낫베드네,- dc official App,43,43.0,2.6 낫베드네 - dc official App,2.6 낫베드네 - dc official App,0.20986534655094147,0.20780211687088013,0.10650215297937393,0.05387850105762482,0.3851929008960724,0.03675900772213936
2024-03-24 14:01:08,작년엔 우당탕 재밌었는데. 오늘은 약간 루즈하네,ㅋㅋㅋ역시 가장 큰 재미는 막스아웃 햄아웃,43,43.0,작년엔 우당탕 재밌었는데. 오늘은 약간 루즈하네 ㅋㅋㅋ역시 가장 큰 재미는 막스아웃 햄아웃,작년엔 우당탕 재밌었는데. 오늘은 약간 루즈하네 ㅋㅋㅋ역시 가장 큰 재미는 막스아웃 햄아웃,0.27331602573394775,0.10995840281248093,0.13358865678310394,0.12792040407657623,0.30851587653160095,0.0467006117105484
2024-03-24 14:01:12,사인츠 짤리자마자 초각성했네,"왤케잘타노 점마저거 ㅋㅋㅋ
- dc official App",44,44.0,"사인츠 짤리자마자 초각성했네 왤케잘타노 점마저거 ㅋㅋㅋ
- dc official App",사인츠 짤리자마자 초각성했네 왤케잘타노 점마저거 ㅋㅋㅋ,0.18575303256511688,0.17157529294490814,0.07772281020879745,0.03500060737133026,0.47082728147506714,0.059120964258909225
2024-03-24 14:01:23,르끌 패랩 ㅋㅋㅋ,,44,44.0,르끌 패랩 ㅋㅋㅋ ,르끌 패랩 ㅋㅋㅋ,0.17040309309959412,0.10390336811542511,0.0952741801738739,0.05040634796023369,0.5466636419296265,0.033349379897117615
2024-03-24 14:01:22,"설마 이래놓고 ""그 전략팀"" 하겠어 ㅋㅋㅋㅋ",ㅋㅋㅋ설마,44,44.0,"설마 이래놓고 ""그 전략팀"" 하겠어 ㅋㅋㅋㅋ ㅋㅋㅋ설마","설마 이래놓고 ""그 전략팀"" 하겠어 ㅋㅋㅋㅋ ㅋㅋㅋ설마",0.2208053469657898,0.3028181195259094,0.16447508335113525,0.09411884099245071,0.0874902680516243,0.13029232621192932
2024-03-24 14:01:36,헐크 너무 무서움,,44,44.0,헐크 너무 무서움 ,헐크 너무 무서움,0.19721947610378265,0.3413864076137543,0.12929314374923706,0.0653592124581337,0.14648748934268951,0.12025433778762817
2024-03-24 14:01:39,16랩이면 미디엄 할만하지 않나,"어차피 2등도 르끌이겠다 안전하게 하려는건가
- dc official App",44,44.0,"16랩이면 미디엄 할만하지 않나 어차피 2등도 르끌이겠다 안전하게 하려는건가
- dc official App",16랩이면 미디엄 할만하지 않나 어차피 2등도 르끌이겠다 안전하게 하려는건가,0.2584477365016937,0.323202520608902,0.10781379044055939,0.11082285642623901,0.11238351464271545,0.08732961118221283
2024-03-24 14:01:38,페라리가 빨간 레드불이 됐네,보면서도 이거 진짠가 싶다 ㅋㅋㅋㅋ,44,44.0,페라리가 빨간 레드불이 됐네 보면서도 이거 진짠가 싶다 ㅋㅋㅋㅋ,페라리가 빨간 레드불이 됐네 보면서도 이거 진짠가 싶다 ㅋㅋㅋㅋ,0.2541760802268982,0.2921774983406067,0.11200966686010361,0.0565304160118103,0.17594753205776215,0.10915876179933548
2024-03-24 14:01:41,타코 병신은 포디움 못가겠네,병신,44,44.0,타코 병신은 포디움 못가겠네 병신,타코 병신은 포디움 못가겠네 병신,0.28842219710350037,0.29572248458862305,0.11148135364055634,0.1207234188914299,0.09097717702388763,0.0926733985543251
2024-03-24 14:01:53,퍼스트와 세컨드의 차이,"ㅇㅇ
- dc official App",44,44.0,"퍼스트와 세컨드의 차이 ㅇㅇ
- dc official App",퍼스트와 세컨드의 차이 ㅇㅇ,0.24999886751174927,0.25947800278663635,0.10586173087358475,0.07503800839185715,0.24945610761642456,0.06016725301742554
2024-03-24 14:01:58,페라리 무난하게 운영하는거 보니까 존나 이상하다,이게 내가 알던 대라리?,44,44.0,페라리 무난하게 운영하는거 보니까 존나 이상하다 이게 내가 알던 대라리?,페라리 무난하게 운영하는거 보니까 존나 이상하다 이게 내가 알던 대라리?,0.21450111269950867,0.3141849935054779,0.16066312789916992,0.09769744426012039,0.09232164174318314,0.12063170224428177
2024-03-24 14:02:00,속보) 사인츠 응급실,"(페라리 씨발년들이) 고마운줄 모르고~
- dc official App",44,44.0,"속보) 사인츠 응급실 (페라리 씨발년들이) 고마운줄 모르고~
- dc official App",속보) 사인츠 응급실 (페라리 씨발년들이) 고마운줄 모르고~,0.16775335371494293,0.13048474490642548,0.32935667037963867,0.14585064351558685,0.17743134498596191,0.04912322387099266
2024-03-24 14:02:00,2시부턴줄알앗는데 아 시발진짜,"아 진짜 베르스타펜 리타이어하는것도 못봤네
아 ㅛㅣ발 아 진짜 아…. 아 ㅠㅠㅠㅠㅠ.ㅠㅠㅠㅠㅠㅠㅠ",44,44.0,"2시부턴줄알앗는데 아 시발진짜 아 진짜 베르스타펜 리타이어하는것도 못봤네
아 ㅛㅣ발 아 진짜 아…. 아 ㅠㅠㅠㅠㅠ.ㅠㅠㅠㅠㅠㅠㅠ",2시부턴줄알앗는데 아 시발진짜 아 진짜 베르스타펜 리타이어하는것도 못봤네 아 ㅛㅣ발 아 진짜 아…. 아 ㅠㅠㅠㅠㅠ.ㅠㅠㅠㅠㅠㅠㅠ,0.2234482765197754,0.12097562849521637,0.23770220577716827,0.24541935324668884,0.11551889032125473,0.05693569779396057
2024-03-24 14:02:04,이제 battle for 2nd만 남았냐?,ㅇㅇ,44,44.0,이제 battle for 2nd만 남았냐? ㅇㅇ,이제 battle for 2nd만 남았냐? ㅇㅇ,0.28825613856315613,0.24694418907165527,0.10671980679035187,0.09369412064552307,0.170841246843338,0.09354455024003983
2024-03-24 14:02:16,하 시발 입문하고나서 처음 더블 포디움 캬 ㅋㅋ,"티포시의 주말이노
- dc official App",44,44.0,"하 시발 입문하고나서 처음 더블 포디움 캬 ㅋㅋ 티포시의 주말이노
- dc official App",하 시발 입문하고나서 처음 더블 포디움 캬 ㅋㅋ 티포시의 주말이노,0.14122514426708221,0.07088825851678848,0.09645140171051025,0.06692440807819366,0.592318594455719,0.03219212219119072
2024-03-24 14:02:20,츠노다 씨벌 개쩌네,공간도 슥 주노ㅋㅋㅋㅋㅋㅋㅋㅋㅋㅋㅋㅋ,44,44.0,츠노다 씨벌 개쩌네 공간도 슥 주노ㅋㅋㅋㅋㅋㅋㅋㅋㅋㅋㅋㅋ,츠노다 씨벌 개쩌네 공간도 슥 주노ㅋㅋㅋㅋㅋㅋㅋㅋㅋㅋㅋㅋ,0.2016962319612503,0.18124255537986755,0.11691900342702866,0.0626387670636177,0.3741242289543152,0.0633792132139206
2024-03-24 14:02:24,케이맥 가나?ㅋㅋㅋㅋ,ㅋㅋ,44,44.0,케이맥 가나?ㅋㅋㅋㅋ ㅋㅋ,케이맥 가나?ㅋㅋㅋㅋ ㅋㅋ,0.14584793150424957,0.09920191764831543,0.06554136425256729,0.038176633417606354,0.6227163672447205,0.028515836223959923
2024-03-24 14:02:29,국왕 디펜보면,"진짜 개 정석이다
딱 차 한대 공간만 남기고 압박하네",44,44.0,"국왕 디펜보면 진짜 개 정석이다
딱 차 한대 공간만 남기고 압박하네",국왕 디펜보면 진짜 개 정석이다 딱 차 한대 공간만 남기고 압박하네,0.19481691718101501,0.3175511658191681,0.13238926231861115,0.07183963805437088,0.15002045035362244,0.13338260352611542
2024-03-24 14:02:35,윌리엄스 사전트 쳐내놓고 포인트 못따겠노,,45,45.0,윌리엄스 사전트 쳐내놓고 포인트 못따겠노 ,윌리엄스 사전트 쳐내놓고 포인트 못따겠노,0.29310667514801025,0.21900273859500885,0.1638203263282776,0.18798977136611938,0.07692885398864746,0.059151601046323776
2024-03-24 14:02:37,보타스 망한김에,"소프트끼고 패랩 찍어보자
1포인트라도 버는게 ㅋㅋㅋㅋㅋ
- dc official App",45,45.0,"보타스 망한김에 소프트끼고 패랩 찍어보자
1포인트라도 버는게 ㅋㅋㅋㅋㅋ
- dc official App",보타스 망한김에 소프트끼고 패랩 찍어보자 1포인트라도 버는게 ㅋㅋㅋㅋㅋ,0.22565941512584686,0.1367226243019104,0.11586685478687286,0.0803629606962204,0.3728678822517395,0.06852026283740997
2024-03-24 14:02:55,오늘 하위권이 꿀잼이노ㅋㅋㅋㅋ,ㅋㅋㅋ,45,45.0,오늘 하위권이 꿀잼이노ㅋㅋㅋㅋ ㅋㅋㅋ,오늘 하위권이 꿀잼이노ㅋㅋㅋㅋ ㅋㅋㅋ,0.11198315024375916,0.06160127744078636,0.06334424018859863,0.04330514371395111,0.6956996321678162,0.024066554382443428
2024-03-24 14:02:58,가슬리 펑처;;,가지가지한다,45,45.0,가슬리 펑처;; 가지가지한다,가슬리 펑처;; 가지가지한다,0.2359621524810791,0.2308608442544937,0.24023377895355225,0.10667373239994049,0.09580684453248978,0.09046265482902527
2024-03-24 14:03:02,막스가 있으나 없으나 우승 경쟁은 노잼이노,뭘 해야 재밌어지노,45,45.0,막스가 있으나 없으나 우승 경쟁은 노잼이노 뭘 해야 재밌어지노,막스가 있으나 없으나 우승 경쟁은 노잼이노 뭘 해야 재밌어지노,0.33600953221321106,0.13348829746246338,0.1744776964187622,0.19119763374328613,0.1074090227484703,0.057417772710323334
2024-03-24 14:03:03,방금 장면 좆된다 ㅋㅋ,,45,45.0,방금 장면 좆된다 ㅋㅋ ,방금 장면 좆된다 ㅋㅋ,0.20344462990760803,0.22536027431488037,0.10487325489521027,0.03978923335671425,0.3491949141025543,0.07733772695064545
2024-03-24 14:03:03,데이타임 사우디 가나 ㅋㅋ,ㅋㅋㅋㅋ,45,45.0,데이타임 사우디 가나 ㅋㅋ ㅋㅋㅋㅋ,데이타임 사우디 가나 ㅋㅋ ㅋㅋㅋㅋ,0.18914565443992615,0.09239053726196289,0.09069555252790451,0.05432143062353134,0.5401391386985779,0.0333077535033226
2024-03-24 14:03:05,방금 카메라 존나ㅜ멋있었다 ㅋㅋㅋ,,45,45.0,방금 카메라 존나ㅜ멋있었다 ㅋㅋㅋ ,방금 카메라 존나ㅜ멋있었다 ㅋㅋㅋ,0.13875561952590942,0.07308871299028397,0.05713097006082535,0.03868864104151726,0.6638374924659729,0.028498588129878044
2024-03-24 14:03:17,몽골 없으닌깐 이제 볼 만 하넼ㅋㅋㅋㅋㅋㅋㅋ,"시발 이래야 밸런스가 맞지
- dc official App",45,45.0,"몽골 없으닌깐 이제 볼 만 하넼ㅋㅋㅋㅋㅋㅋㅋ 시발 이래야 밸런스가 맞지
- dc official App",몽골 없으닌깐 이제 볼 만 하넼ㅋㅋㅋㅋㅋㅋㅋ 시발 이래야 밸런스가 맞지,0.15109404921531677,0.08413154631853104,0.10452292114496231,0.06946416944265366,0.5498533248901367,0.04093404486775398
2024-03-24 14:03:32,ㅅㅂ 못봤는데 어ㅐ 물몽같이리타함?,make love 하러감?,45,45.0,ㅅㅂ 못봤는데 어ㅐ 물몽같이리타함? make love 하러감?,ㅅㅂ 못봤는데 어ㅐ 물몽같이리타함? make love 하러감?,0.2852899134159088,0.1588691771030426,0.22561006247997284,0.13248051702976227,0.10786300897598267,0.08988728374242783
2024-03-24 14:03:34,쥬지 타깍노시작ㅋㅋㅋㅋㅋ,,45,45.0,쥬지 타깍노시작ㅋㅋㅋㅋㅋ ,쥬지 타깍노시작ㅋㅋㅋㅋㅋ,0.11700399219989777,0.0835442766547203,0.06025559827685356,0.032023657113313675,0.6801114678382874,0.027061035856604576
2024-03-24 14:03:37,귄터 전략 존나 좋네,"하스가 바뀟다
- dc official App",45,45.0,"귄터 전략 존나 좋네 하스가 바뀟다
- dc official App",귄터 전략 존나 좋네 하스가 바뀟다,0.17327368259429932,0.15804952383041382,0.06242065504193306,0.033769480884075165,0.5188604593276978,0.05362614616751671
2024-03-24 14:03:43,쥬지 34랩 타이어 느낌 좋다ㅋㅋㅋㅋ,ㅋㅋ,45,45.0,쥬지 34랩 타이어 느낌 좋다ㅋㅋㅋㅋ ㅋㅋ,쥬지 34랩 타이어 느낌 좋다ㅋㅋㅋㅋ ㅋㅋ,0.1039748266339302,0.06605793535709381,0.053843818604946136,0.03654307499527931,0.7126012444496155,0.02697911113500595
2024-03-24 14:03:46,쥬지 타깎노 입갤ㅋㅋㅋㅋㅋ,ㅋㅋㅋ,45,45.0,쥬지 타깎노 입갤ㅋㅋㅋㅋㅋ ㅋㅋㅋ,쥬지 타깎노 입갤ㅋㅋㅋㅋㅋ ㅋㅋㅋ,0.11665352433919907,0.07927148044109344,0.06077488511800766,0.033366769552230835,0.6835488677024841,0.026384426280856133
2024-03-24 14:03:48,쥬지 타이어 깎는 노인,,45,45.0,쥬지 타이어 깎는 노인 ,쥬지 타이어 깎는 노인,0.21016255021095276,0.21847790479660034,0.25318843126296997,0.1174771636724472,0.10603443533182144,0.0946594849228859
2024-03-24 14:03:51,알핀 vs 자우버 배틀 ㅋㅋㅋㅋㅋㅋ,병신 경쟁 ㅋㅋㅋ,45,45.0,알핀 vs 자우버 배틀 ㅋㅋㅋㅋㅋㅋ 병신 경쟁 ㅋㅋㅋ,알핀 vs 자우버 배틀 ㅋㅋㅋㅋㅋㅋ 병신 경쟁 ㅋㅋㅋ,0.24447692930698395,0.28885218501091003,0.18802198767662048,0.08968834578990936,0.10815031081438065,0.08081022650003433
2024-03-24 14:03:52,타이어 잘 깎았도르 ㅋㅋㅋㅋㅋㅋㅋㅋㅋ,,46,46.0,타이어 잘 깎았도르 ㅋㅋㅋㅋㅋㅋㅋㅋㅋ ,타이어 잘 깎았도르 ㅋㅋㅋㅋㅋㅋㅋㅋㅋ,0.11347702890634537,0.0655660480260849,0.05122218281030655,0.03503957763314247,0.7083031535148621,0.026392027735710144
2024-03-24 14:03:53,타이어 관리 챔피언십 ㅋㅋㅋ,,46,46.0,타이어 관리 챔피언십 ㅋㅋㅋ ,타이어 관리 챔피언십 ㅋㅋㅋ,0.12903992831707,0.09478672593832016,0.06827200949192047,0.034010276198387146,0.6451655030250549,0.028725584968924522
2024-03-24 14:03:53,34는 미친건가 ㅋㅋㅋㅋㅋㅋ,- dc official App,46,46.0,34는 미친건가 ㅋㅋㅋㅋㅋㅋ - dc official App,34는 미친건가 ㅋㅋㅋㅋㅋㅋ - dc official App,0.21447539329528809,0.27517497539520264,0.19056132435798645,0.08405544608831406,0.12084656953811646,0.11488620191812515
2024-03-24 14:03:54,노리스 패랩 ㄷ,,46,46.0,노리스 패랩 ㄷ ,노리스 패랩 ㄷ,0.1950366050004959,0.28689074516296387,0.09355014562606812,0.03457367792725563,0.32060471177101135,0.069344162940979
2024-03-24 14:03:54,타깎노 부활 ㅋㅋㅋㅋ,,46,46.0,타깎노 부활 ㅋㅋㅋㅋ ,타깎노 부활 ㅋㅋㅋㅋ,0.11062335968017578,0.06700877100229263,0.055222079157829285,0.03229891136288643,0.7126558423042297,0.02219102717936039
2024-03-24 14:03:55,34랩ㅋㅋㅋㅋㅋㅋ,ㅋㅋㅋㅋㅋ ㅋㅋ,46,46.0,34랩ㅋㅋㅋㅋㅋㅋ ㅋㅋㅋㅋㅋ ㅋㅋ,34랩ㅋㅋㅋㅋㅋㅋ ㅋㅋㅋㅋㅋ ㅋㅋ,0.17210029065608978,0.13200199604034424,0.07846946269273758,0.03375398367643356,0.550833523273468,0.03284074366092682
2024-03-24 14:03:55,러셀 여기서 15랩을 더 조진다고?,,46,46.0,러셀 여기서 15랩을 더 조진다고? ,러셀 여기서 15랩을 더 조진다고?,0.20500901341438293,0.33791807293891907,0.15821850299835205,0.07832042127847672,0.0965113639831543,0.12402260303497314
2024-03-24 14:03:56,쥬지 저 타이어로 버티네ㅋㅋㅋㅋㅋㅋㅋ,,46,46.0,쥬지 저 타이어로 버티네ㅋㅋㅋㅋㅋㅋㅋ ,쥬지 저 타이어로 버티네ㅋㅋㅋㅋㅋㅋㅋ,0.20315133035182953,0.21035636961460114,0.0824795588850975,0.03635594621300697,0.39201483130455017,0.07564187049865723
2024-03-24 14:03:57,역시 똥차갑 ㅋㅋㅋㅋㅋㅋㅋ,"ㅅㅂㅋㅋ
- dc official App",46,46.0,"역시 똥차갑 ㅋㅋㅋㅋㅋㅋㅋ ㅅㅂㅋㅋ
- dc official App",역시 똥차갑 ㅋㅋㅋㅋㅋㅋㅋ ㅅㅂㅋㅋ,0.25110307335853577,0.1302918642759323,0.27163246273994446,0.14288048446178436,0.12122475355863571,0.08286724984645844
2024-03-24 14:04:00,쥬지 버티다 소프트 가나 ㅋㅋㅋ,,46,46.0,쥬지 버티다 소프트 가나 ㅋㅋㅋ ,쥬지 버티다 소프트 가나 ㅋㅋㅋ,0.16976703703403473,0.09499683976173401,0.06553399562835693,0.04699486494064331,0.5834395289421082,0.03926771506667137
2024-03-24 14:04:01,타이어 깎는 러셀 ㅋㅋㅋㅋㅋㅋㅋ,굿 ㅅㅂㅋㅋㅋㅋㅋㅋㅋㅋ,46,46.0,타이어 깎는 러셀 ㅋㅋㅋㅋㅋㅋㅋ 굿 ㅅㅂㅋㅋㅋㅋㅋㅋㅋㅋ,타이어 깎는 러셀 ㅋㅋㅋㅋㅋㅋㅋ 굿 ㅅㅂㅋㅋㅋㅋㅋㅋㅋㅋ,0.13245710730552673,0.07613642513751984,0.07042309641838074,0.03933555632829666,0.6553497314453125,0.026298021897673607
2024-03-24 14:04:11,피아제 패랩  ㄷㄷ,ㄷㄷ,46,46.0,피아제 패랩  ㄷㄷ ㄷㄷ,피아제 패랩 ㄷㄷ ㄷㄷ,0.20544104278087616,0.34331053495407104,0.1384737640619278,0.06823974847793579,0.11681720614433289,0.12771764397621155
2024-03-24 14:04:12,피아 패랩 바로 ㅋㅋ,ㅋㅋㅋ,46,46.0,피아 패랩 바로 ㅋㅋ ㅋㅋㅋ,피아 패랩 바로 ㅋㅋ ㅋㅋㅋ,0.11835704743862152,0.0932564064860344,0.06117674335837364,0.0308053120970726,0.6699330806732178,0.0264713354408741
2024-03-24 14:04:13,하드 40랩 이상 버틸 수 있음?,"마지막에 소프트로 확 달리려고 그러는건가
- dc official App",46,46.0,"하드 40랩 이상 버틸 수 있음? 마지막에 소프트로 확 달리려고 그러는건가
- dc official App",하드 40랩 이상 버틸 수 있음? 마지막에 소프트로 확 달리려고 그러는건가,0.20525889098644257,0.37120214104652405,0.1162688285112381,0.06898338347673416,0.12118787318468094,0.11709887534379959
2024-03-24 14:04:34,케이맥 2주연속 분량 ㅆㅅㅌㅊㅋㅋ,,46,46.0,케이맥 2주연속 분량 ㅆㅅㅌㅊㅋㅋ ,케이맥 2주연속 분량 ㅆㅅㅌㅊㅋㅋ,0.1109754666686058,0.06145201995968819,0.05381700396537781,0.03760763257741928,0.7103667855262756,0.02578108385205269
2024-03-24 14:04:35,러셀 또 타깎노 강림함?,34는 무ㅜ냐ㅜㅋㅋㅋㅋㅋ,46,46.0,러셀 또 타깎노 강림함? 34는 무ㅜ냐ㅜㅋㅋㅋㅋㅋ,러셀 또 타깎노 강림함? 34는 무ㅜ냐ㅜㅋㅋㅋㅋㅋ,0.24945996701717377,0.25094643235206604,0.09436706453561783,0.04488067328929901,0.2614505887031555,0.09889524430036545
2024-03-24 14:04:35,맥라렌 둘이서 페랩 찍으면서 가는 중 ㄷㄷ,,46,46.0,맥라렌 둘이서 페랩 찍으면서 가는 중 ㄷㄷ ,맥라렌 둘이서 페랩 찍으면서 가는 중 ㄷㄷ,0.20799201726913452,0.3256307542324066,0.12868854403495789,0.05902436748147011,0.1508476883172989,0.12781666219234467
2024-03-24 14:04:37,쟤네 싸우다 sc 부를 거 같은데 흠..,,46,46.0,쟤네 싸우다 sc 부를 거 같은데 흠.. ,쟤네 싸우다 sc 부를 거 같은데 흠..,0.27062058448791504,0.3116067349910736,0.11421821266412735,0.10664723068475723,0.09559041261672974,0.10131684690713882
2024-03-24 14:04:43,다들 driver of the day,"온능 하고와
- dc official App",46,46.0,"다들 driver of the day 온능 하고와
- dc official App",다들 driver of the day 온능 하고와,0.14760559797286987,0.10177940875291824,0.06681074947118759,0.046037133783102036,0.5953377485275269,0.0424293652176857
2024-03-24 14:04:48,쯔노다 오늘 포인트 가나??,,46,46.0,쯔노다 오늘 포인트 가나?? ,쯔노다 오늘 포인트 가나??,0.20485937595367432,0.1756075918674469,0.0705023854970932,0.04932333156466484,0.4498975872993469,0.04980975016951561
2024-03-24 14:04:48,알본 마그누센 좆밥 팀 대전 가슴이 웅장해진다,,46,46.0,알본 마그누센 좆밥 팀 대전 가슴이 웅장해진다 ,알본 마그누센 좆밥 팀 대전 가슴이 웅장해진다,0.11063466966152191,0.08637107908725739,0.06354092806577682,0.038574617356061935,0.6653201580047607,0.0355585515499115
2024-03-24 14:04:49,메르 차가 똥차인건 확실함,러셀이 잘함 ㅋㅋㅋ,46,46.0,메르 차가 똥차인건 확실함 러셀이 잘함 ㅋㅋㅋ,메르 차가 똥차인건 확실함 러셀이 잘함 ㅋㅋㅋ,0.2163747102022171,0.11733551323413849,0.09249772876501083,0.05995715409517288,0.44979575276374817,0.06403911113739014
2024-03-24 14:04:50,레드불보다 느리다고 징징 존나 거리다가 레드불 따잇 ㅋㅋㅋ,좆라리는 물탕이 계약서 찢고 차선으로 러셀이라도 질러라 개병신들아,46,46.0,레드불보다 느리다고 징징 존나 거리다가 레드불 따잇 ㅋㅋㅋ 좆라리는 물탕이 계약서 찢고 차선으로 러셀이라도 질러라 개병신들아,레드불보다 느리다고 징징 존나 거리다가 레드불 따잇 ㅋㅋㅋ 좆라리는 물탕이 계약서 찢고 차선으로 러셀이라도 질러라 개병신들아,0.17561472952365875,0.15291275084018707,0.3428264558315277,0.16851642727851868,0.09825810045003891,0.06187158823013306
2024-03-24 14:04:51,둘이 싸우다 셒티카나 띄워라,ㅋㅋㅋ,46,46.0,둘이 싸우다 셒티카나 띄워라 ㅋㅋㅋ,둘이 싸우다 셒티카나 띄워라 ㅋㅋㅋ,0.14967529475688934,0.10898135602474213,0.07478881627321243,0.03790166974067688,0.5939183831214905,0.034734491258859634
2024-03-24 14:04:54,셉카한번만 더뜨면 개꿀잼일거같은데,한번만 더...,46,46.0,셉카한번만 더뜨면 개꿀잼일거같은데 한번만 더...,셉카한번만 더뜨면 개꿀잼일거같은데 한번만 더...,0.17151524126529694,0.12573380768299103,0.07327385246753693,0.046574611216783524,0.5346190333366394,0.04828345403075218
2024-03-24 14:04:55,방금 딱 레프트프론트로 리어날리는 각이었는데,그냥 5초받고 날리는 것도 나쁘지 않을듯,46,46.0,방금 딱 레프트프론트로 리어날리는 각이었는데 그냥 5초받고 날리는 것도 나쁘지 않을듯,방금 딱 레프트프론트로 리어날리는 각이었는데 그냥 5초받고 날리는 것도 나쁘지 않을듯,0.33043619990348816,0.21576623618602753,0.11486590653657913,0.10051502287387848,0.16658368706703186,0.07183296233415604
2024-03-24 14:04:58,둘이 박아서 세카 뜨고 마지막 페라리 대 맥라렌 궁금하다,ㄹㅇㅋㅋㅋㅋㅋ,46,46.0,둘이 박아서 세카 뜨고 마지막 페라리 대 맥라렌 궁금하다 ㄹㅇㅋㅋㅋㅋㅋ,둘이 박아서 세카 뜨고 마지막 페라리 대 맥라렌 궁금하다 ㄹㅇㅋㅋㅋㅋㅋ,0.18459340929985046,0.18513615429401398,0.08474583178758621,0.04383901134133339,0.44858771562576294,0.05309794470667839
2024-03-24 14:05:06,러셀 (하드 34랩) : 타이어 좋음,씨발 ㅋㅋㅋㅋㅋㅋㅋㅋㅋㅋㅋ,46,46.0,러셀 (하드 34랩) : 타이어 좋음 씨발 ㅋㅋㅋㅋㅋㅋㅋㅋㅋㅋㅋ,러셀 (하드 34랩) : 타이어 좋음 씨발 ㅋㅋㅋㅋㅋㅋㅋㅋㅋㅋㅋ,0.11770330369472504,0.07223394513130188,0.07615740597248077,0.047603871673345566,0.6580504775047302,0.02825097367167473
2024-03-24 14:05:10,슬슬 나올 때 된 새끼,,46,46.0,슬슬 나올 때 된 새끼 ,슬슬 나올 때 된 새끼,0.20911753177642822,0.23752161860466003,0.2261200249195099,0.09706874936819077,0.14005400240421295,0.09011804312467575
2024-03-24 14:05:13,자우버는 피트크루들이 진짜..ㅋㅋ,,46,46.0,자우버는 피트크루들이 진짜..ㅋㅋ ,자우버는 피트크루들이 진짜..ㅋㅋ,0.27206578850746155,0.23202835023403168,0.1382119506597519,0.0563349686563015,0.1975025087594986,0.10385645180940628
2024-03-24 14:05:19,가슬리:차를 돌릴수 없다 뭔가 부서진거같다,???,47,47.0,가슬리:차를 돌릴수 없다 뭔가 부서진거같다 ???,가슬리:차를 돌릴수 없다 뭔가 부서진거같다 ???,0.22542636096477509,0.3277335464954376,0.13305644690990448,0.08669181913137436,0.11424078047275543,0.11285105347633362
2024-03-24 14:05:21,의외로 아직까진 멀쩡한 새끼,"무난하게 9위하는 중ㅋㅋ
- dc official App",47,47.0,"의외로 아직까진 멀쩡한 새끼 무난하게 9위하는 중ㅋㅋ
- dc official App",의외로 아직까진 멀쩡한 새끼 무난하게 9위하는 중ㅋㅋ,0.22119766473770142,0.16686517000198364,0.13256743550300598,0.06884285807609558,0.33548927307128906,0.07503759860992432
2024-03-24 14:05:22,막스 한명 없다고 이렇게 재밌어지냐 진짜ㅋㅋㅋ,,47,47.0,막스 한명 없다고 이렇게 재밌어지냐 진짜ㅋㅋㅋ ,막스 한명 없다고 이렇게 재밌어지냐 진짜ㅋㅋㅋ,0.18039192259311676,0.1267477571964264,0.0733950063586235,0.037142280489206314,0.5373653173446655,0.0449577234685421
2024-03-24 14:05:26,고속도로에서 유턴하면 중력 몇배냐,ㅇ,47,47.0,고속도로에서 유턴하면 중력 몇배냐 ㅇ,고속도로에서 유턴하면 중력 몇배냐 ㅇ,0.2104852795600891,0.3488939106464386,0.12385905534029007,0.058424077928066254,0.14484748244285583,0.11349014937877655
2024-03-24 14:05:28,피아제 또 패랩,ㅇ,47,47.0,피아제 또 패랩 ㅇ,피아제 또 패랩 ㅇ,0.26118481159210205,0.21660441160202026,0.1067546159029007,0.07323423027992249,0.2864346206188202,0.05578729882836342
2024-03-24 14:05:34,피아제 각성했네 ㅋㅋㅋ,페랩 계속찍누,47,47.0,피아제 각성했네 ㅋㅋㅋ 페랩 계속찍누,피아제 각성했네 ㅋㅋㅋ 페랩 계속찍누,0.21898473799228668,0.27811306715011597,0.09934724122285843,0.03663963824510574,0.2618195414543152,0.10509578138589859
2024-03-24 14:05:34,하 알본 따이노....,,47,47.0,하 알본 따이노.... ,하 알본 따이노....,0.32082757353782654,0.16569405794143677,0.13427092134952545,0.11834020167589188,0.1730629801750183,0.08780423551797867
2024-03-24 14:05:34,윌 좆망 ㅋㅋㅋㅋㅋㅋㅋㅋㅋ,,47,47.0,윌 좆망 ㅋㅋㅋㅋㅋㅋㅋㅋㅋ ,윌 좆망 ㅋㅋㅋㅋㅋㅋㅋㅋㅋ,0.3498361110687256,0.14160297811031342,0.1652670055627823,0.14346186816692352,0.13350144028663635,0.06633058190345764
2024-03-24 14:05:35,알본 ㅈ망,- dc official App,47,47.0,알본 ㅈ망 - dc official App,알본 ㅈ망 - dc official App,0.19723215699195862,0.2879727780818939,0.16094061732292175,0.0770551860332489,0.19949552416801453,0.07730375230312347
2024-03-24 14:05:37,오 케이막,,47,47.0,오 케이막 ,오 케이막,0.11786773055791855,0.0687350332736969,0.05735737457871437,0.041895654052495956,0.6882801651954651,0.0258640144020319
2024-03-24 14:05:37,케이막 지렸다ㅋㅋㅋㅋㅋ,ㅋㅋㅋ,47,47.0,케이막 지렸다ㅋㅋㅋㅋㅋ ㅋㅋㅋ,케이막 지렸다ㅋㅋㅋㅋㅋ ㅋㅋㅋ,0.12397197633981705,0.07387803494930267,0.05831841751933098,0.03456241264939308,0.6854050755500793,0.023864099755883217
2024-03-24 14:05:37,캬 ㅋㅋㅋㅋㅋㅋ,,47,47.0,캬 ㅋㅋㅋㅋㅋㅋ ,캬 ㅋㅋㅋㅋㅋㅋ,0.1276669055223465,0.0966101586818695,0.06375602632761002,0.03253199905157089,0.6521063446998596,0.027328582480549812
2024-03-24 14:05:40,대그누센 ㅋㅋㅋㅋㅋ,,47,47.0,대그누센 ㅋㅋㅋㅋㅋ ,대그누센 ㅋㅋㅋㅋㅋ,0.11779405176639557,0.08145029097795486,0.06388349086046219,0.03084578365087509,0.6803005337715149,0.025725949555635452
2024-03-24 14:05:39,황 그 누 센,ㅋㅋ,47,47.0,황 그 누 센 ㅋㅋ,황 그 누 센 ㅋㅋ,0.11032331734895706,0.07463103532791138,0.05612032860517502,0.032385218888521194,0.7010442018508911,0.025495802983641624
2024-03-24 14:05:41,대 그 누 센,,47,47.0,대 그 누 센 ,대 그 누 센,0.199421688914299,0.2550961375236511,0.08537547290325165,0.039306093007326126,0.3524630665779114,0.0683375746011734
2024-03-24 14:05:41,피아제 패랩 ㄷㄷ,ㅅㅅㅅㅅ,47,47.0,피아제 패랩 ㄷㄷ ㅅㅅㅅㅅ,피아제 패랩 ㄷㄷ ㅅㅅㅅㅅ,0.14556752145290375,0.13245880603790283,0.059920649975538254,0.030101453885436058,0.5885335206985474,0.043418098241090775
2024-03-24 14:05:41,킹이막ㅋㅋㅋㅋㅋㅋㅋㅋㅋ,ㅋㅋㅋㅋ,47,47.0,킹이막ㅋㅋㅋㅋㅋㅋㅋㅋㅋ ㅋㅋㅋㅋ,킹이막ㅋㅋㅋㅋㅋㅋㅋㅋㅋ ㅋㅋㅋㅋ,0.11972006410360336,0.07775628566741943,0.05930372327566147,0.032614752650260925,0.6876462697982788,0.022958865389227867
2024-03-24 14:05:41,하스가 진짜 섹스다,ㅈㄱㄴ,47,47.0,하스가 진짜 섹스다 ㅈㄱㄴ,하스가 진짜 섹스다 ㅈㄱㄴ,0.2585240304470062,0.10092395544052124,0.24856255948543549,0.1257207989692688,0.20566630363464355,0.06060239300131798
2024-03-24 14:05:45,우리 하스가 달라졌어요,ㅅㅅㅅㅅㅅㅅㅅㅅ,47,47.0,우리 하스가 달라졌어요 ㅅㅅㅅㅅㅅㅅㅅㅅ,우리 하스가 달라졌어요 ㅅㅅㅅㅅㅅㅅㅅㅅ,0.12104115635156631,0.07041827589273453,0.05875055491924286,0.03921673819422722,0.6818349361419678,0.028738323599100113
2024-03-24 14:05:45,대 하 스 ㅋㅋㅋㅋㅋㅋㅋㅋㅋㅋㅋ,ㅋㅋㅋㅋㅋㅋㅋ컄ㅋㅋㅋㅋㅋㅋㅋㅋㅋㅋㅋㅋ,47,47.0,대 하 스 ㅋㅋㅋㅋㅋㅋㅋㅋㅋㅋㅋ ㅋㅋㅋㅋㅋㅋㅋ컄ㅋㅋㅋㅋㅋㅋㅋㅋㅋㅋㅋㅋ,대 하 스 ㅋㅋㅋㅋㅋㅋㅋㅋㅋㅋㅋ ㅋㅋㅋㅋㅋㅋㅋ컄ㅋㅋㅋㅋㅋㅋㅋㅋㅋㅋㅋㅋ,0.11395605653524399,0.06431519240140915,0.05863380804657936,0.03627747297286987,0.7039439678192139,0.02287350222468376
2024-03-24 14:05:47,썩마볼두오 ㅋㅋㅋㅋ,,47,47.0,썩마볼두오 ㅋㅋㅋㅋ ,썩마볼두오 ㅋㅋㅋㅋ,0.10939399152994156,0.07161089777946472,0.057899534702301025,0.03180912509560585,0.7058378458023071,0.0234486423432827
2024-03-24 14:05:47,와 하스!!,이거제!!!,47,47.0,와 하스!! 이거제!!!,와 하스!! 이거제!!!,0.14958231151103973,0.11450701206922531,0.06317571550607681,0.033465009182691574,0.6055455803871155,0.033724311739206314
2024-03-24 14:05:49,귄터 << 그저 광대 원툴 ㅋㅋㅋㅋㅋ,역시 실리는 일평 ㅋㅋ,47,47.0,귄터 << 그저 광대 원툴 ㅋㅋㅋㅋㅋ 역시 실리는 일평 ㅋㅋ,귄터 << 그저 광대 원툴 ㅋㅋㅋㅋㅋ 역시 실리는 일평 ㅋㅋ,0.20515337586402893,0.08956354111433029,0.11301218718290329,0.07921002060174942,0.4653078317642212,0.04775300994515419
2024-03-24 14:05:50,케이막 뽀킹 바이킹 컴백ㅋㅋㅋㅋ,ㅋㅋ,47,47.0,케이막 뽀킹 바이킹 컴백ㅋㅋㅋㅋ ㅋㅋ,케이막 뽀킹 바이킹 컴백ㅋㅋㅋㅋ ㅋㅋ,0.10643913596868515,0.0637822151184082,0.055860668420791626,0.03560631349682808,0.7150027751922607,0.023308848962187767
2024-03-24 14:05:50,하스캐호감ㅋㅋㅋㅋㅋ,ㅋㅋㅋㅋㅋㅋ,47,47.0,하스캐호감ㅋㅋㅋㅋㅋ ㅋㅋㅋㅋㅋㅋ,하스캐호감ㅋㅋㅋㅋㅋ ㅋㅋㅋㅋㅋㅋ,0.12702861428260803,0.0806436762213707,0.058322228491306305,0.035387612879276276,0.6695766448974609,0.029041247442364693
2024-03-24 14:05:50,권터 ㅅ발아ㅋㅋㅋㅋㅋㅋ,그저 본질원툴ㅋㅋㅋㅋ,47,47.0,권터 ㅅ발아ㅋㅋㅋㅋㅋㅋ 그저 본질원툴ㅋㅋㅋㅋ,권터 ㅅ발아ㅋㅋㅋㅋㅋㅋ 그저 본질원툴ㅋㅋㅋㅋ,0.2518400549888611,0.12000925838947296,0.13885164260864258,0.08251247555017471,0.334802508354187,0.07198408246040344
2024-03-24 14:05:52,군터가 혈이었누 ㅋㅋ,혈막군ㅋㅋ,47,47.0,군터가 혈이었누 ㅋㅋ 혈막군ㅋㅋ,군터가 혈이었누 ㅋㅋ 혈막군ㅋㅋ,0.25680264830589294,0.23630523681640625,0.08417002111673355,0.042977284640073776,0.2931896448135376,0.08655515313148499
2024-03-24 14:05:56,경기 존나 재밌노 ㅋㅋㅋㅋㅋ,ㅋㅋㅋㅋㅋㅋ,47,47.0,경기 존나 재밌노 ㅋㅋㅋㅋㅋ ㅋㅋㅋㅋㅋㅋ,경기 존나 재밌노 ㅋㅋㅋㅋㅋ ㅋㅋㅋㅋㅋㅋ,0.1237185150384903,0.06673597544431686,0.06078191101551056,0.03717239946126938,0.6884729862213135,0.02311827428638935
2024-03-24 14:05:57,하스 이번에 미쳤네 ㄹㅇ,,47,47.0,하스 이번에 미쳤네 ㄹㅇ ,하스 이번에 미쳤네 ㄹㅇ,0.15750238299369812,0.13135424256324768,0.05836373567581177,0.034002479165792465,0.5772358775138855,0.04154127836227417
2024-03-24 14:06:11,와 하스 뭐냐,지금 모습 보니까 군터 짜를만했네,47,47.0,와 하스 뭐냐 지금 모습 보니까 군터 짜를만했네,와 하스 뭐냐 지금 모습 보니까 군터 짜를만했네,0.21617013216018677,0.31171849370002747,0.154579296708107,0.08856341987848282,0.09340856224298477,0.13556012511253357
2024-03-24 14:06:14,하스 둘 다 포인트 피니쉬 가능하냐,- dc official App,47,47.0,하스 둘 다 포인트 피니쉬 가능하냐 - dc official App,하스 둘 다 포인트 피니쉬 가능하냐 - dc official App,0.2083420753479004,0.29140597581863403,0.0902935341000557,0.04626936465501785,0.30217674374580383,0.06151220574975014
2024-03-24 14:06:14,역시 호쥬는 항상 꿀잼보장이네 ㅋㅋㅋㅋㅋ,ㅋㅋㅋㅋ,47,47.0,역시 호쥬는 항상 꿀잼보장이네 ㅋㅋㅋㅋㅋ ㅋㅋㅋㅋ,역시 호쥬는 항상 꿀잼보장이네 ㅋㅋㅋㅋㅋ ㅋㅋㅋㅋ,0.11203957349061966,0.056011538952589035,0.05527958646416664,0.040481772273778915,0.7114533185958862,0.024734215810894966
2024-03-24 14:06:16,권터 나가니까 하스 날아오르노 씹ㅋㅋㅋ,ㅋㅋㅋ,47,47.0,권터 나가니까 하스 날아오르노 씹ㅋㅋㅋ ㅋㅋㅋ,권터 나가니까 하스 날아오르노 씹ㅋㅋㅋ ㅋㅋㅋ,0.11838475614786148,0.07376722246408463,0.05640558898448944,0.03373126685619354,0.6918870806694031,0.025824101641774178
2024-03-24 14:06:17,뭐냐 시발 왜 페라리 원투임??,"몽골은
왜
아웃
??",47,47.0,"뭐냐 시발 왜 페라리 원투임?? 몽골은
왜
아웃
??",뭐냐 시발 왜 페라리 원투임?? 몽골은 왜 아웃 ??,0.2963128387928009,0.18840043246746063,0.20999711751937866,0.14172184467315674,0.08369264006614685,0.07987509667873383
2024-03-24 14:06:16,진하스가 짠돌이가 아니라 권터가 문제였노ㅋㅋㅋㅋㅋ,몰라봤습니다ㅋㅋㅋㅋ,47,47.0,진하스가 짠돌이가 아니라 권터가 문제였노ㅋㅋㅋㅋㅋ 몰라봤습니다ㅋㅋㅋㅋ,진하스가 짠돌이가 아니라 권터가 문제였노ㅋㅋㅋㅋㅋ 몰라봤습니다ㅋㅋㅋㅋ,0.3017118573188782,0.2568238079547882,0.11993100494146347,0.07547402381896973,0.1281648725271225,0.11789451539516449
2024-03-24 14:06:23,막스 계속 나오네ㅋㅋㅋㅋㅋㅋㅋ,,47,47.0,막스 계속 나오네ㅋㅋㅋㅋㅋㅋㅋ ,막스 계속 나오네ㅋㅋㅋㅋㅋㅋㅋ,0.1331615298986435,0.08663170784711838,0.051735807210206985,0.029093360528349876,0.6694255471229553,0.02995201200246811
2024-03-24 14:06:28,군터 안그립다 이거야 ㅋㅋ,"꺼져 코미디언쉐꺄
- dc official App",47,47.0,"군터 안그립다 이거야 ㅋㅋ 꺼져 코미디언쉐꺄
- dc official App",군터 안그립다 이거야 ㅋㅋ 꺼져 코미디언쉐꺄,0.21086253225803375,0.1180720254778862,0.2880104184150696,0.13979476690292358,0.1760398894548416,0.06722042709589005
2024-03-24 14:06:29,몽골 ㅋㅋㅋ,,47,47.0,몽골 ㅋㅋㅋ ,몽골 ㅋㅋㅋ,0.24663472175598145,0.2532549798488617,0.1316605806350708,0.054999131709337234,0.2459796518087387,0.06747088581323624
2024-03-24 14:06:30,귄터 나가니까 하스 그냥 날라다니노 ㅋㅋㅋㅋ,그저 넷플원툴 ㅋㅋㅋㅋㅋㅋ,47,47.0,귄터 나가니까 하스 그냥 날라다니노 ㅋㅋㅋㅋ 그저 넷플원툴 ㅋㅋㅋㅋㅋㅋ,귄터 나가니까 하스 그냥 날라다니노 ㅋㅋㅋㅋ 그저 넷플원툴 ㅋㅋㅋㅋㅋㅋ,0.14552772045135498,0.07036937773227692,0.07645644247531891,0.05670405179262161,0.6174957156181335,0.033446695655584335
2024-03-24 14:06:34,귄터 << 이새기가 범인이었노 ㅋㅋㅋㅋㅋㅋㅋ,뽀킹 ㅋㅋㅋㅋ,47,47.0,귄터 << 이새기가 범인이었노 ㅋㅋㅋㅋㅋㅋㅋ 뽀킹 ㅋㅋㅋㅋ,귄터 << 이새기가 범인이었노 ㅋㅋㅋㅋㅋㅋㅋ 뽀킹 ㅋㅋㅋㅋ,0.21619272232055664,0.22194328904151917,0.08403246849775314,0.03370489925146103,0.37098172307014465,0.07314492017030716
2024-03-24 14:06:34,리타이어해야 화면에 많이 나오는 남자ㅋㅋㅋㅋㅋㅋㅋㅋㅋ,,47,47.0,리타이어해야 화면에 많이 나오는 남자ㅋㅋㅋㅋㅋㅋㅋㅋㅋ ,리타이어해야 화면에 많이 나오는 남자ㅋㅋㅋㅋㅋㅋㅋㅋㅋ,0.23530036211013794,0.16314460337162018,0.09572285413742065,0.047750428318977356,0.3957860469818115,0.06229572743177414
2024-03-24 14:06:35,합성 해 줘,"기가누샌 필요함
- dc official App",48,48.0,"합성 해 줘 기가누샌 필요함
- dc official App",합성 해 줘 기가누샌 필요함,0.20304839313030243,0.1461956650018692,0.07011867314577103,0.06157314032316208,0.4690476059913635,0.05001645162701607
2024-03-24 14:06:51,야동 ㄷㄷ,,48,48.0,야동 ㄷㄷ ,야동 ㄷㄷ,0.20110860466957092,0.34688225388526917,0.13613425195217133,0.057148147374391556,0.1467927098274231,0.11193398386240005
2024-03-24 14:06:55,첫랩에 그냥 사인츠가 너무 잘 했다,베르스타펜 브레이크를 무리하게 만들었을지도,48,48.0,첫랩에 그냥 사인츠가 너무 잘 했다 베르스타펜 브레이크를 무리하게 만들었을지도,첫랩에 그냥 사인츠가 너무 잘 했다 베르스타펜 브레이크를 무리하게 만들었을지도,0.25377756357192993,0.16753825545310974,0.08878616988658905,0.06862836331129074,0.3506115972995758,0.07065807282924652
2024-03-24 14:07:01,브레이크가 터지넼ㅋㅋ,"ㅋㅋㅋ
- dc official App",48,48.0,"브레이크가 터지넼ㅋㅋ ㅋㅋㅋ
- dc official App",브레이크가 터지넼ㅋㅋ ㅋㅋㅋ,0.21041889488697052,0.14483830332756042,0.09128443896770477,0.04594084620475769,0.46349310874938965,0.044024426490068436
2024-03-24 14:07:06,쥬지 드디어 피트인ㅋㅋㅋ,ㅋㅋ,48,48.0,쥬지 드디어 피트인ㅋㅋㅋ ㅋㅋ,쥬지 드디어 피트인ㅋㅋㅋ ㅋㅋ,0.10865264385938644,0.0748395249247551,0.05251823365688324,0.03048371709883213,0.7083223462104797,0.02518352121114731
2024-03-24 14:07:14,개븅신장애인 두명 없으니 존잼이네,ㅋㅋ,48,48.0,개븅신장애인 두명 없으니 존잼이네 ㅋㅋ,개븅신장애인 두명 없으니 존잼이네 ㅋㅋ,0.20987987518310547,0.13937820494174957,0.20952235162258148,0.08675535768270493,0.2873895764350891,0.06707464903593063
2024-03-24 14:07:17,러셀 이새낀 하드로 갈꺼면 아까 들어가지,뭐하는거냐,48,48.0,러셀 이새낀 하드로 갈꺼면 아까 들어가지 뭐하는거냐,러셀 이새낀 하드로 갈꺼면 아까 들어가지 뭐하는거냐,0.25220611691474915,0.17489691078662872,0.2616998553276062,0.1532745361328125,0.10871987789869308,0.04920273646712303
2024-03-24 14:07:25,윌은 맨날 ㅅㅂ 전략을 ㅈ같이 짜오네,전략팀이 그냥 안티임,48,48.0,윌은 맨날 ㅅㅂ 전략을 ㅈ같이 짜오네 전략팀이 그냥 안티임,윌은 맨날 ㅅㅂ 전략을 ㅈ같이 짜오네 전략팀이 그냥 안티임,0.2486691176891327,0.15961787104606628,0.22196967899799347,0.23901720345020294,0.08354552835226059,0.0471806600689888
2024-03-24 14:07:31,윌리엄스 팬이긴 한데 이번은 진짜 어쩔 수가 없네,"윌리엄스 지금 너무 팀이 병신상태야
..원래 그랬나?",48,48.0,"윌리엄스 팬이긴 한데 이번은 진짜 어쩔 수가 없네 윌리엄스 지금 너무 팀이 병신상태야
..원래 그랬나?",윌리엄스 팬이긴 한데 이번은 진짜 어쩔 수가 없네 윌리엄스 지금 너무 팀이 병신상태야 ..원래 그랬나?,0.3035297393798828,0.21381373703479767,0.15130013227462769,0.16932515799999237,0.07114453613758087,0.09088665246963501
2024-03-24 14:07:32,메르 병신들아,하드? 미친거야? 12랩남았는데?,48,48.0,메르 병신들아 하드? 미친거야? 12랩남았는데?,메르 병신들아 하드? 미친거야? 12랩남았는데?,0.2074873447418213,0.24587033689022064,0.22157254815101624,0.13270442187786102,0.09973306953907013,0.09263227134943008
2024-03-24 14:07:37,노리스랑 르끌레랑 배틀 일어날거같은 느낌 아님 ?,"아닌가
- dc official App",48,48.0,"노리스랑 르끌레랑 배틀 일어날거같은 느낌 아님 ? 아닌가
- dc official App",노리스랑 르끌레랑 배틀 일어날거같은 느낌 아님 ? 아닌가,0.21170172095298767,0.36063554883003235,0.10524310171604156,0.06451085209846497,0.15943510830402374,0.09847361594438553
2024-03-24 14:07:38,쟤 왜 하드로 갔냐,"최소 미디엄일줄 알았는데
- dc official App",48,48.0,"쟤 왜 하드로 갔냐 최소 미디엄일줄 알았는데
- dc official App",쟤 왜 하드로 갔냐 최소 미디엄일줄 알았는데,0.2719915509223938,0.2979583740234375,0.14778786897659302,0.10601238906383514,0.08269008994102478,0.09355966001749039
2024-03-24 14:07:39,그와중에 자력으로는 순위 한단계도 못올린 리카르도 정말 대단해~~,저새기는 뭐 중계차같은거임?ㅋㅋㅋ,48,48.0,그와중에 자력으로는 순위 한단계도 못올린 리카르도 정말 대단해~~ 저새기는 뭐 중계차같은거임?ㅋㅋㅋ,그와중에 자력으로는 순위 한단계도 못올린 리카르도 정말 대단해~~ 저새기는 뭐 중계차같은거임?ㅋㅋㅋ,0.18213745951652527,0.28389719128608704,0.18185052275657654,0.07980147004127502,0.11570011079311371,0.15661324560642242
2024-03-24 14:07:41,막스 평소에는 중계에 잘 안잡히더니,브레이크 폭발시키니까 티비 자주 나오네,48,48.0,막스 평소에는 중계에 잘 안잡히더니 브레이크 폭발시키니까 티비 자주 나오네,막스 평소에는 중계에 잘 안잡히더니 브레이크 폭발시키니까 티비 자주 나오네,0.30681300163269043,0.26530593633651733,0.17082537710666656,0.10247025638818741,0.08012685179710388,0.07445862144231796
2024-03-24 14:07:51,1:20:223 ㄷㄷ,- dc official App,48,48.0,1:20:223 ㄷㄷ - dc official App,1:20:223 ㄷㄷ - dc official App,0.21720361709594727,0.3139999806880951,0.11238013952970505,0.055319562554359436,0.22676748037338257,0.0743291825056076
2024-03-24 14:08:02,노리스 랩 레코드 ㅊㅊ,,49,49.0,노리스 랩 레코드 ㅊㅊ ,노리스 랩 레코드 ㅊㅊ,0.10905206948518753,0.07668393105268478,0.05373656749725342,0.03493792191147804,0.699823796749115,0.025765642523765564
2024-03-24 14:08:03,조금 있으면 2위싸움 진짜 존나 재밌겠네,르끌아 함 보여주라,49,49.0,조금 있으면 2위싸움 진짜 존나 재밌겠네 르끌아 함 보여주라,조금 있으면 2위싸움 진짜 존나 재밌겠네 르끌아 함 보여주라,0.17283004522323608,0.12700453400611877,0.07414282113313675,0.0438891239464283,0.5370932221412659,0.04504028707742691
2024-03-24 14:08:04,패랩이 도대체 몆번째 바뀌는거냐 ㅋㅋ,- dc official App,49,49.0,패랩이 도대체 몆번째 바뀌는거냐 ㅋㅋ - dc official App,패랩이 도대체 몆번째 바뀌는거냐 ㅋㅋ - dc official App,0.32709065079689026,0.21944977343082428,0.16118429601192474,0.08757179230451584,0.12911154329776764,0.07559187710285187
2024-03-24 14:08:08,막스는 뒤져도 흔적을 남기노 ㄷ,ㄷㄷ,49,49.0,막스는 뒤져도 흔적을 남기노 ㄷ ㄷㄷ,막스는 뒤져도 흔적을 남기노 ㄷ ㄷㄷ,0.2045392543077469,0.31006383895874023,0.16096116602420807,0.0802101418375969,0.11034116894006729,0.133884459733963
2024-03-24 14:08:13,맥 페이스 좋다,사고함 치자,49,49.0,맥 페이스 좋다 사고함 치자,맥 페이스 좋다 사고함 치자,0.13940483331680298,0.09934906661510468,0.05930010601878166,0.04278096929192543,0.622706413269043,0.03645864874124527
2024-03-24 14:08:17,황리스 패랩 ㅅㅅㅅ,ㅅㅅ,49,49.0,황리스 패랩 ㅅㅅㅅ ㅅㅅ,황리스 패랩 ㅅㅅㅅ ㅅㅅ,0.1057816818356514,0.060878854244947433,0.05415787547826767,0.0390089750289917,0.7169124484062195,0.02326013706624508
2024-03-24 14:08:29,래드플랙 없는곳에서 이정도의 유잼을??,ㅋㅋ,49,49.0,래드플랙 없는곳에서 이정도의 유잼을?? ㅋㅋ,래드플랙 없는곳에서 이정도의 유잼을?? ㅋㅋ,0.15325814485549927,0.11268216371536255,0.05562876909971237,0.0278914887458086,0.6134989857673645,0.03704040125012398
2024-03-24 14:08:32,오늘 경기 개꿀잼인것같은 엪붕이들은 개추 ㅋㅋㅋㅋㅋ,일단 나부터 ㅋㅋㅋㅋㅋ,49,49.0,오늘 경기 개꿀잼인것같은 엪붕이들은 개추 ㅋㅋㅋㅋㅋ 일단 나부터 ㅋㅋㅋㅋㅋ,오늘 경기 개꿀잼인것같은 엪붕이들은 개추 ㅋㅋㅋㅋㅋ 일단 나부터 ㅋㅋㅋㅋㅋ,0.11691535264253616,0.0572807714343071,0.05507393553853035,0.03773938864469528,0.707275927066803,0.02571464702486992
2024-03-24 14:08:48,메르 ㅈ병신아 ㅋㅋㅋㅋㅋ,하드로 할꺼면 피트를 빨리해야지 ㅅㅂ,49,49.0,메르 ㅈ병신아 ㅋㅋㅋㅋㅋ 하드로 할꺼면 피트를 빨리해야지 ㅅㅂ,메르 ㅈ병신아 ㅋㅋㅋㅋㅋ 하드로 할꺼면 피트를 빨리해야지 ㅅㅂ,0.24475029110908508,0.14405940473079681,0.29129233956336975,0.15346680581569672,0.12135966867208481,0.0450715608894825
2024-03-24 14:08:55,사인츠가 페이스 줄여서 르끌 당겨주기는 무리인가?,"ㅇㅇ
- dc official App",49,49.0,"사인츠가 페이스 줄여서 르끌 당겨주기는 무리인가? ㅇㅇ
- dc official App",사인츠가 페이스 줄여서 르끌 당겨주기는 무리인가? ㅇㅇ,0.29504528641700745,0.2922423481941223,0.10076308250427246,0.09785687923431396,0.14236018061637878,0.07173220068216324
2024-03-24 14:08:58,헐크가 츠노다 잡을 수 있을까?,2초 갭 잡을만하지 않나?,49,49.0,헐크가 츠노다 잡을 수 있을까? 2초 갭 잡을만하지 않나?,헐크가 츠노다 잡을 수 있을까? 2초 갭 잡을만하지 않나?,0.21488338708877563,0.34559643268585205,0.0983501672744751,0.05358199030160904,0.17916734516620636,0.10842075943946838
2024-03-24 14:09:01,자우버 졸음 쉼터 운영했는데도 그 아래 가슬리는 뭐냐?,쟤는 졸면서 드라이빙함?,49,49.0,자우버 졸음 쉼터 운영했는데도 그 아래 가슬리는 뭐냐? 쟤는 졸면서 드라이빙함?,자우버 졸음 쉼터 운영했는데도 그 아래 가슬리는 뭐냐? 쟤는 졸면서 드라이빙함?,0.2112780660390854,0.29333731532096863,0.19751054048538208,0.12350045889616013,0.09329553693532944,0.08107810467481613
2024-03-24 14:09:04,햄형 왜 아웃임?,ㅇㅇ,49,49.0,햄형 왜 아웃임? ㅇㅇ,햄형 왜 아웃임? ㅇㅇ,0.33378201723098755,0.2299366444349289,0.1132226437330246,0.10301163792610168,0.13359004259109497,0.08645708113908768
2024-03-24 14:09:11,쩌리 8명 리타보다 몽물 두명 나가리가 더 좋다ㅋㅋㅋㅋㅋ,,49,49.0,쩌리 8명 리타보다 몽물 두명 나가리가 더 좋다ㅋㅋㅋㅋㅋ ,쩌리 8명 리타보다 몽물 두명 나가리가 더 좋다ㅋㅋㅋㅋㅋ,0.15087667107582092,0.07781384140253067,0.0959836095571518,0.05237876623868942,0.5909899473190308,0.031957145780324936
2024-03-24 14:09:19,막스 찌꺼기 아직도 트랙에 있노 ㅋㅋ,ㅋㅋㅋ,50,50.0,막스 찌꺼기 아직도 트랙에 있노 ㅋㅋ ㅋㅋㅋ,막스 찌꺼기 아직도 트랙에 있노 ㅋㅋ ㅋㅋㅋ,0.22838765382766724,0.27464237809181213,0.18925991654396057,0.07753471285104752,0.13492277264595032,0.09525255858898163
2024-03-24 14:09:40,죽고싶다.,,50,50.0,죽고싶다. ,죽고싶다.,0.20495831966400146,0.14042867720127106,0.20907418429851532,0.2319137006998062,0.14820128679275513,0.06542378664016724
2024-03-24 14:09:44,호주 치고 별일 없긴 한건데,"큰거 두개 터지니 개꿀잼이네 ㅋㅋㅋㅋㅋㅋㅋ
- dc official App",50,50.0,"호주 치고 별일 없긴 한건데 큰거 두개 터지니 개꿀잼이네 ㅋㅋㅋㅋㅋㅋㅋ
- dc official App",호주 치고 별일 없긴 한건데 큰거 두개 터지니 개꿀잼이네 ㅋㅋㅋㅋㅋㅋㅋ,0.1235077828168869,0.07219710201025009,0.058200396597385406,0.04097083583474159,0.6782777309417725,0.02684616856276989
2024-03-24 14:09:52,르끌 극한까지째기 ㅋㅋㅋㅋㅋㅋ,,50,50.0,르끌 극한까지째기 ㅋㅋㅋㅋㅋㅋ ,르끌 극한까지째기 ㅋㅋㅋㅋㅋㅋ,0.1397983729839325,0.09587071090936661,0.0768730640411377,0.03815782070159912,0.617710292339325,0.03158974647521973
2024-03-24 14:09:59,오늘 경기 존나 재밌으면 개추 ㅋㅋㅋㅋㅋㅋ,"어우막인줄 알았는데 칼퇴근만 막스 + 내년에 쫒겨나는데 압도적으로 레이스하는 사인지 + 그 사인지를 재끼고 페라리 들어오는데 퇴물화에 칼퇴근한 해물탕 + 팀게임의 희망 하스 + 고속도로 쉼터 자우버까지 ㅋㅋㅋㅋㅋㅋ
이 재밌는걸 너네만 보고 있었노 ㅋㅋㅋㅋㅋ",50,50.0,"오늘 경기 존나 재밌으면 개추 ㅋㅋㅋㅋㅋㅋ 어우막인줄 알았는데 칼퇴근만 막스 + 내년에 쫒겨나는데 압도적으로 레이스하는 사인지 + 그 사인지를 재끼고 페라리 들어오는데 퇴물화에 칼퇴근한 해물탕 + 팀게임의 희망 하스 + 고속도로 쉼터 자우버까지 ㅋㅋㅋㅋㅋㅋ
이 재밌는걸 너네만 보고 있었노 ㅋㅋㅋㅋㅋ",오늘 경기 존나 재밌으면 개추 ㅋㅋㅋㅋㅋㅋ 어우막인줄 알았는데 칼퇴근만 막스 + 내년에 쫒겨나는데 압도적으로 레이스하는 사인지 + 그 사인지를 재끼고 페라리 들어오는데 퇴물화에 칼퇴근한 해물탕 + 팀게임의 희망 하스 + 고속도로 쉼터 자우버까지 ㅋㅋㅋㅋㅋㅋ 이 재밌는걸 너네만 보고 있었노 ㅋㅋㅋㅋㅋ,0.13139042258262634,0.06935083121061325,0.06527622789144516,0.039944764226675034,0.6652541756629944,0.028783557936549187
2024-03-24 14:10:01,이새끼 왜 안나옴?,슬슬 나오면 꿀잼 각인데 ㅋㅋㅋㅋ,50,50.0,이새끼 왜 안나옴? 슬슬 나오면 꿀잼 각인데 ㅋㅋㅋㅋ,이새끼 왜 안나옴? 슬슬 나오면 꿀잼 각인데 ㅋㅋㅋㅋ,0.16342394053936005,0.1363188773393631,0.09020999073982239,0.04288019239902496,0.522054135799408,0.04511281102895737
2024-03-24 14:10:06,몽골 한명 없다고 겜이 개꿀잼이네 ;,저새끼 퇴출시켜라 걍,50,50.0,몽골 한명 없다고 겜이 개꿀잼이네 ; 저새끼 퇴출시켜라 걍,몽골 한명 없다고 겜이 개꿀잼이네 ; 저새끼 퇴출시켜라 걍,0.22367580235004425,0.14031295478343964,0.2741195261478424,0.17112956941127777,0.11918094754219055,0.07158126682043076
2024-03-24 14:10:15,해밀턴은 무슨일임?,차 터짐?,50,50.0,해밀턴은 무슨일임? 차 터짐?,해밀턴은 무슨일임? 차 터짐?,0.2189660370349884,0.3409891724586487,0.10092898458242416,0.05063953995704651,0.1854839026927948,0.10299236327409744
2024-03-24 14:10:17,올해 메르는 걍 븅신이네요,새삼 사인츠 불쌍하네,50,50.0,올해 메르는 걍 븅신이네요 새삼 사인츠 불쌍하네,올해 메르는 걍 븅신이네요 새삼 사인츠 불쌍하네,0.23235154151916504,0.19321537017822266,0.17449432611465454,0.22214344143867493,0.0990377813577652,0.07875759899616241
2024-03-24 14:10:19,슬슬 세카 한번만 떠라,ㅇ,50,50.0,슬슬 세카 한번만 떠라 ㅇ,슬슬 세카 한번만 떠라 ㅇ,0.16333681344985962,0.11938123404979706,0.08586675673723221,0.05977212265133858,0.5274417996406555,0.0442013181746006
2024-03-24 14:10:23,아무리 봐도 사인츠 르끌 둘이 베스트인데,사인츠 그냥 재계약하면 안되노,50,50.0,아무리 봐도 사인츠 르끌 둘이 베스트인데 사인츠 그냥 재계약하면 안되노,아무리 봐도 사인츠 르끌 둘이 베스트인데 사인츠 그냥 재계약하면 안되노,0.2901989221572876,0.25901007652282715,0.127780020236969,0.15176646411418915,0.08671250194311142,0.08453208953142166
2024-03-24 14:10:31,???,"??
- dc official App",50,50.0,"??? ??
- dc official App",??? ??,0.22832457721233368,0.3215034604072571,0.13142810761928558,0.07013199478387833,0.14605753123760223,0.1025543287396431
2024-03-24 14:10:33,가슬리ㅜㅋㅋㅋㅋ,,50,50.0,가슬리ㅜㅋㅋㅋㅋ ,가슬리ㅜㅋㅋㅋㅋ,0.20965269207954407,0.09051443636417389,0.09811024367809296,0.06771263480186462,0.49263879656791687,0.04137123376131058
2024-03-24 14:10:36,가슬리 5초 ㅋㅋㅋㅋㅋㅋㅋㅋㅋㅋ,아,50,50.0,가슬리 5초 ㅋㅋㅋㅋㅋㅋㅋㅋㅋㅋ 아,가슬리 5초 ㅋㅋㅋㅋㅋㅋㅋㅋㅋㅋ 아,0.21423327922821045,0.14164192974567413,0.09571179747581482,0.048094023019075394,0.4521194100379944,0.04819958284497261
2024-03-24 14:10:37,개슬리 페널티 ㅋㅋㅋ,,50,50.0,개슬리 페널티 ㅋㅋㅋ ,개슬리 페널티 ㅋㅋㅋ,0.11346134543418884,0.077022023499012,0.05999301001429558,0.030807213857769966,0.6941964030265808,0.02452005259692669
2024-03-24 14:10:37,가슬리는 순위도 낮은데 패널티까지 받네 아이고,- dc official App,50,50.0,가슬리는 순위도 낮은데 패널티까지 받네 아이고 - dc official App,가슬리는 순위도 낮은데 패널티까지 받네 아이고 - dc official App,0.3101930618286133,0.18513600528240204,0.15161913633346558,0.17443077266216278,0.09030763804912567,0.08831335604190826
2024-03-24 14:10:48,사인지 랩타임 점점 줄고있다 ㄷㄷ,- dc official App,51,51.0,사인지 랩타임 점점 줄고있다 ㄷㄷ - dc official App,사인지 랩타임 점점 줄고있다 ㄷㄷ - dc official App,0.2561645805835724,0.2951352894306183,0.12239573895931244,0.09191382676362991,0.13022290170192719,0.10416768491268158
2024-03-24 14:10:50,오콘한테 대신 주기 ㄱㄱ,,51,51.0,오콘한테 대신 주기 ㄱㄱ ,오콘한테 대신 주기 ㄱㄱ,0.16289593279361725,0.122409887611866,0.07311519980430603,0.04325510188937187,0.5525347590446472,0.04578910768032074
2024-03-24 14:10:53,자우버 정도가 스핀 함 때려줘라,타이밍임,51,51.0,자우버 정도가 스핀 함 때려줘라 타이밍임,자우버 정도가 스핀 함 때려줘라 타이밍임,0.2354370504617691,0.22368504106998444,0.11678756773471832,0.11727352440357208,0.2348744124174118,0.07194241881370544
2024-03-24 14:10:57,이번에 대인츠 우승하면 <<<- 걍 퍼스트 맞는 듯,"작년 올해 페라리 우승 딱 두번
모두 대인츠
- dc official App",51,51.0,"이번에 대인츠 우승하면 <<<- 걍 퍼스트 맞는 듯 작년 올해 페라리 우승 딱 두번
모두 대인츠
- dc official App",이번에 대인츠 우승하면 <<<- 걍 퍼스트 맞는 듯 작년 올해 페라리 우승 딱 두번 모두 대인츠,0.1880665272474289,0.13870356976985931,0.07946504652500153,0.05491196736693382,0.4917536973953247,0.04709920287132263
2024-03-24 14:10:58,그래도 여친 이쁘잖아 한잔해,ㅋㅋ,51,51.0,그래도 여친 이쁘잖아 한잔해 ㅋㅋ,그래도 여친 이쁘잖아 한잔해 ㅋㅋ,0.15567560493946075,0.10502298921346664,0.06845876574516296,0.04828517884016037,0.5759868025779724,0.04657070338726044
2024-03-24 14:11:03,SC 떴으면 더 재밌었을 것 같은데 이게 SC가 안뜨네,"솔직히 막스 우승만 안했지 작년 호주가 도파민 끝판왕이였는데
오늘 대라리 원투 빼고 좀 슴슴하네",51,51.0,"SC 떴으면 더 재밌었을 것 같은데 이게 SC가 안뜨네 솔직히 막스 우승만 안했지 작년 호주가 도파민 끝판왕이였는데
오늘 대라리 원투 빼고 좀 슴슴하네",SC 떴으면 더 재밌었을 것 같은데 이게 SC가 안뜨네 솔직히 막스 우승만 안했지 작년 호주가 도파민 끝판왕이였는데 오늘 대라리 원투 빼고 좀 슴슴하네,0.31799790263175964,0.1819617748260498,0.12029353529214859,0.13985058665275574,0.16270966827869415,0.07718659937381744
2024-03-24 14:11:03,패널티 양도함,"오콘한테
- dc official App",51,51.0,"패널티 양도함 오콘한테
- dc official App",패널티 양도함 오콘한테,0.21268238127231598,0.12042886018753052,0.09808802604675293,0.08354710042476654,0.4409072697162628,0.04434632509946823
2024-03-24 14:11:06,가슬리 5초 패널티면 알핀 리버스 원투ㅋㅋ,리타 제외 ㅋㅋ,51,51.0,가슬리 5초 패널티면 알핀 리버스 원투ㅋㅋ 리타 제외 ㅋㅋ,가슬리 5초 패널티면 알핀 리버스 원투ㅋㅋ 리타 제외 ㅋㅋ,0.1931696981191635,0.12349269539117813,0.10783565044403076,0.05544088035821915,0.48245614767074585,0.037604838609695435
2024-03-24 14:11:08,자체 패널티 vs 그냥 패널티,"두 하위권은 문제아지만 병신
- dc official App",51,51.0,"자체 패널티 vs 그냥 패널티 두 하위권은 문제아지만 병신
- dc official App",자체 패널티 vs 그냥 패널티 두 하위권은 문제아지만 병신,0.19132547080516815,0.2615610361099243,0.23502178490161896,0.15347516536712646,0.08201365917921066,0.07660282403230667
2024-03-24 14:11:38,사인츠 놔주는 거 존나 아깝네,저런 퍼스트를 그냥 보내버렸노,51,51.0,사인츠 놔주는 거 존나 아깝네 저런 퍼스트를 그냥 보내버렸노,사인츠 놔주는 거 존나 아깝네 저런 퍼스트를 그냥 보내버렸노,0.2525925040245056,0.1616629809141159,0.2278095781803131,0.20693530142307281,0.09076607972383499,0.06023355945944786
2024-03-24 14:11:50,몽골뒤지니까 화난사람들이있네,ㅋㅋ,51,51.0,몽골뒤지니까 화난사람들이있네 ㅋㅋ,몽골뒤지니까 화난사람들이있네 ㅋㅋ,0.2375006079673767,0.27088603377342224,0.19740556180477142,0.0922260507941246,0.09256867319345474,0.1094130426645279
2024-03-24 14:11:55,라티피가 그립구나….,아…,51,51.0,라티피가 그립구나…. 아…,라티피가 그립구나…. 아…,0.2711498737335205,0.14046095311641693,0.14828798174858093,0.20453067123889923,0.15885208547115326,0.07671839743852615
2024-03-24 14:11:57,오늘 셒카 안뜨는거 아쉽노,재미는 있는데 싱겁노,51,51.0,오늘 셒카 안뜨는거 아쉽노 재미는 있는데 싱겁노,오늘 셒카 안뜨는거 아쉽노 재미는 있는데 싱겁노,0.3244284987449646,0.13269159197807312,0.13471461832523346,0.1635691374540329,0.19599422812461853,0.048601891845464706
2024-03-24 14:12:02,알핀 vs 자우버,"치열한 꼴찌 싸움
- dc official App",52,52.0,"알핀 vs 자우버 치열한 꼴찌 싸움
- dc official App",알핀 vs 자우버 치열한 꼴찌 싸움,0.2359882891178131,0.3370952606201172,0.09840592741966248,0.06508519500494003,0.18371470272541046,0.07971061766147614
2024-03-24 14:12:04,노리스 페이스 씨발니네 진ㅁ자,- dc official App,52,52.0,노리스 페이스 씨발니네 진ㅁ자 - dc official App,노리스 페이스 씨발니네 진ㅁ자 - dc official App,0.22125861048698425,0.18705803155899048,0.18607987463474274,0.07482999563217163,0.2592485845088959,0.07152489572763443
2024-03-24 14:12:06,작년 호주 막스 우승이였어도 도파민 풀충전이였는데,호주인데 사고는 안나고 그냥 차량 자체 문제로만 리타이어하는건 존나 신기하네,52,52.0,작년 호주 막스 우승이였어도 도파민 풀충전이였는데 호주인데 사고는 안나고 그냥 차량 자체 문제로만 리타이어하는건 존나 신기하네,작년 호주 막스 우승이였어도 도파민 풀충전이였는데 호주인데 사고는 안나고 그냥 차량 자체 문제로만 리타이어하는건 존나 신기하네,0.20104755461215973,0.33411139249801636,0.15224426984786987,0.07383499294519424,0.11672128736972809,0.12204053997993469
2024-03-24 14:12:06,야라리 원투 8랩남음ㅋㅋㅋㅋㅋㅋㅋㅋㅋㅋㅋ,티포시의 주말 on,52,52.0,야라리 원투 8랩남음ㅋㅋㅋㅋㅋㅋㅋㅋㅋㅋㅋ 티포시의 주말 on,야라리 원투 8랩남음ㅋㅋㅋㅋㅋㅋㅋㅋㅋㅋㅋ 티포시의 주말 on,0.10387671738862991,0.06302525103092194,0.057618364691734314,0.03392455726861954,0.7175835371017456,0.023971619084477425
2024-03-24 14:12:07,츠노다 점점 헐크랑 거리 벌리네,,52,52.0,츠노다 점점 헐크랑 거리 벌리네 ,츠노다 점점 헐크랑 거리 벌리네,0.2544756531715393,0.31174638867378235,0.11009824275970459,0.05682402104139328,0.1494842916727066,0.11737137287855148
2024-03-24 14:12:13,대런은 사실상 꼴지네,F2 두 팀 제외해야되니까,52,52.0,대런은 사실상 꼴지네 F2 두 팀 제외해야되니까,대런은 사실상 꼴지네 F2 두 팀 제외해야되니까,0.27777713537216187,0.31587451696395874,0.1130150705575943,0.11133729666471481,0.09330539405345917,0.0886906087398529
2024-03-24 14:12:26,레불 노포,이 얼마만인가,52,52.0,레불 노포 이 얼마만인가,레불 노포 이 얼마만인가,0.17592410743236542,0.11509543657302856,0.056248314678668976,0.034396469593048096,0.5861391425132751,0.032196495682001114
2024-03-24 14:12:37,억까지,"ㅆㅂ
- dc official App",52,52.0,"억까지 ㅆㅂ
- dc official App",억까지 ㅆㅂ,0.19715522229671478,0.11439374089241028,0.3228028416633606,0.18424320220947266,0.13057713210582733,0.050827909260988235
2024-03-24 14:12:40,걍 사인츠 나가리 된거 번복안하나,"이런 인재를 버려?
- dc official App",52,52.0,"걍 사인츠 나가리 된거 번복안하나 이런 인재를 버려?
- dc official App",걍 사인츠 나가리 된거 번복안하나 이런 인재를 버려?,0.22911334037780762,0.2594499886035919,0.16545087099075317,0.1794949620962143,0.0738847479224205,0.09260611981153488
2024-03-24 14:12:46,막스근데 마지막리타가 언제였지?,하도 오래해쳐먹어서 언제인지가 기억이 안나네,52,52.0,막스근데 마지막리타가 언제였지? 하도 오래해쳐먹어서 언제인지가 기억이 안나네,막스근데 마지막리타가 언제였지? 하도 오래해쳐먹어서 언제인지가 기억이 안나네,0.2947101294994354,0.22807331383228302,0.16265298426151276,0.14237640798091888,0.08657334744930267,0.08561378717422485
2024-03-24 14:12:48,이 양반은 지루해 뒤지겠다,"세카가 안나오네 ㅋㅋㅋㅋ
- dc official App",52,52.0,"이 양반은 지루해 뒤지겠다 세카가 안나오네 ㅋㅋㅋㅋ
- dc official App",이 양반은 지루해 뒤지겠다 세카가 안나오네 ㅋㅋㅋㅋ,0.30477777123451233,0.1260082870721817,0.2078855335712433,0.16813674569129944,0.13343589007854462,0.059755805879831314
2024-03-24 14:13:09,밥먹듯 1등하던샠기 없으니까 이제 f1 보는거같네,ㅇㅇ,52,52.0,밥먹듯 1등하던샠기 없으니까 이제 f1 보는거같네 ㅇㅇ,밥먹듯 1등하던샠기 없으니까 이제 f1 보는거같네 ㅇㅇ,0.3019052743911743,0.1795641928911209,0.15406252443790436,0.1274259090423584,0.11231357604265213,0.12472859025001526
2024-03-24 14:13:11,제발 제발 셉카 한번만주세요,"페라리랑 맥라렌 둘다 팀메이트끼리 물고뜯게
셉카한번만 주세여",52,52.0,"제발 제발 셉카 한번만주세요 페라리랑 맥라렌 둘다 팀메이트끼리 물고뜯게
셉카한번만 주세여",제발 제발 셉카 한번만주세요 페라리랑 맥라렌 둘다 팀메이트끼리 물고뜯게 셉카한번만 주세여,0.18079426884651184,0.14368529617786407,0.1235186830163002,0.11611899733543396,0.368579238653183,0.06730351597070694
2024-03-24 14:13:40,광대ㅋㅋㅋㅋㅋ,ㅋㅋ,53,53.0,광대ㅋㅋㅋㅋㅋ ㅋㅋ,광대ㅋㅋㅋㅋㅋ ㅋㅋ,0.14064542949199677,0.09220965206623077,0.06734196096658707,0.036534763872623444,0.6359185576438904,0.027349624782800674
2024-03-24 14:13:41,광대 ㅅㅂㅋㅋㅋㅋㅋㅋㅋㅋㅋㅋ,,53,53.0,광대 ㅅㅂㅋㅋㅋㅋㅋㅋㅋㅋㅋㅋ ,광대 ㅅㅂㅋㅋㅋㅋㅋㅋㅋㅋㅋㅋ,0.21403342485427856,0.1330675333738327,0.14791275560855865,0.0653325766324997,0.39157962799072266,0.04807400703430176
2024-03-24 14:13:45,ㅋㅋㅋㅋㅋㅋㅋㅋㅋㅋㅋ,ㅋㅋㅋ,53,53.0,ㅋㅋㅋㅋㅋㅋㅋㅋㅋㅋㅋ ㅋㅋㅋ,ㅋㅋㅋㅋㅋㅋㅋㅋㅋㅋㅋ ㅋㅋㅋ,0.1439526081085205,0.09163135290145874,0.0698406770825386,0.03499208018183708,0.6342310309410095,0.025352250784635544
2024-03-24 14:13:46,아 씨발 티포시ㅋㅋㅋㅋㅋㅋㅋㅋㅋ,ㅋㅋㅋㅋㅋ,53,53.0,아 씨발 티포시ㅋㅋㅋㅋㅋㅋㅋㅋㅋ ㅋㅋㅋㅋㅋ,아 씨발 티포시ㅋㅋㅋㅋㅋㅋㅋㅋㅋ ㅋㅋㅋㅋㅋ,0.2438780516386032,0.10216875374317169,0.20302340388298035,0.09167078137397766,0.31181570887565613,0.04744333028793335
2024-03-24 14:13:47,광대 씹 ㅋㅋㅋㅋ,ㅋㅋㅋㅋㅋ,53,53.0,광대 씹 ㅋㅋㅋㅋ ㅋㅋㅋㅋㅋ,광대 씹 ㅋㅋㅋㅋ ㅋㅋㅋㅋㅋ,0.1737445592880249,0.10617969930171967,0.1015581339597702,0.04925382882356644,0.5344979166984558,0.0347658209502697
2024-03-24 14:13:47,ㅋㅋㅋㅋㅋㅋㅋㅋㅋㅋㅋ,,53,53.0,ㅋㅋㅋㅋㅋㅋㅋㅋㅋㅋㅋ ,ㅋㅋㅋㅋㅋㅋㅋㅋㅋㅋㅋ,0.13710930943489075,0.0905570313334465,0.06810974329710007,0.03416815027594566,0.6442262530326843,0.025829412043094635
2024-03-24 14:13:48,페라리 씹ㅋㅋㅋㅋ,,53,53.0,페라리 씹ㅋㅋㅋㅋ ,페라리 씹ㅋㅋㅋㅋ,0.2290801852941513,0.16932739317417145,0.12265325337648392,0.05402703955769539,0.34851494431495667,0.07639721781015396
2024-03-24 14:13:48,광대 입갤 ㅋㅋㅋ,,53,53.0,광대 입갤 ㅋㅋㅋ ,광대 입갤 ㅋㅋㅋ,0.1254570484161377,0.0930652841925621,0.061511535197496414,0.03573400154709816,0.6549248099327087,0.0293074082583189
2024-03-24 14:13:48,광대 게이들 ㅋㅋ,,53,53.0,광대 게이들 ㅋㅋ ,광대 게이들 ㅋㅋ,0.16320431232452393,0.11954835057258606,0.07237852364778519,0.040303051471710205,0.5649511814117432,0.03961452096700668
2024-03-24 14:13:49,ㅅㅂ 티포싴ㅋㅋㅋㅋ,ㅋㅋㅋ ㅁㅊc,53,53.0,ㅅㅂ 티포싴ㅋㅋㅋㅋ ㅋㅋㅋ ㅁㅊc,ㅅㅂ 티포싴ㅋㅋㅋㅋ ㅋㅋㅋ ㅁㅊc,0.25140562653541565,0.10415293276309967,0.2820214331150055,0.14331845939159393,0.16661185026168823,0.05248964950442314
2024-03-24 14:13:49,팡머 ㅋㅋㅋㅋㅋ,"황 라 리 ㅋㅋㅋ
- dc official App",53,53.0,"팡머 ㅋㅋㅋㅋㅋ 황 라 리 ㅋㅋㅋ
- dc official App",팡머 ㅋㅋㅋㅋㅋ 황 라 리 ㅋㅋㅋ,0.1131230965256691,0.07314512133598328,0.057512689381837845,0.03284623473882675,0.6992203593254089,0.02415255457162857
2024-03-24 14:13:50,아시발 페라리짤 입갤 ㅋㅋㅋㅋㅋㅋㅋㅋㅋㅋ,"존나웃기네 ㅋㅋㅋㅋㅋㅋ
- dc official App",53,53.0,"아시발 페라리짤 입갤 ㅋㅋㅋㅋㅋㅋㅋㅋㅋㅋ 존나웃기네 ㅋㅋㅋㅋㅋㅋ
- dc official App",아시발 페라리짤 입갤 ㅋㅋㅋㅋㅋㅋㅋㅋㅋㅋ 존나웃기네 ㅋㅋㅋㅋㅋㅋ,0.14510034024715424,0.09577102959156036,0.07154256850481033,0.03597442805767059,0.6239000558853149,0.027711622416973114
2024-03-24 14:13:51,광대들 우승ㅋㅋㅋㅋㅋㅋㅋㅋ,,53,53.0,광대들 우승ㅋㅋㅋㅋㅋㅋㅋㅋ ,광대들 우승ㅋㅋㅋㅋㅋㅋㅋㅋ,0.1421547383069992,0.08009327948093414,0.06296828389167786,0.036768101155757904,0.6489705443382263,0.02904503606259823
2024-03-24 14:13:51,자살하면 그만이야 ㅋㅋㅋㅋㅋㅋㅋㅋㅋ,ㅋㅋㅋㅋ,53,53.0,자살하면 그만이야 ㅋㅋㅋㅋㅋㅋㅋㅋㅋ ㅋㅋㅋㅋ,자살하면 그만이야 ㅋㅋㅋㅋㅋㅋㅋㅋㅋ ㅋㅋㅋㅋ,0.25025877356529236,0.14785251021385193,0.22723637521266937,0.11991648375988007,0.1859540045261383,0.06878186017274857
2024-03-24 14:13:52,광대 ㅋㅋㅋㅋㅋㅋㅋㅋㅋ,,53,53.0,광대 ㅋㅋㅋㅋㅋㅋㅋㅋㅋ ,광대 ㅋㅋㅋㅋㅋㅋㅋㅋㅋ,0.1371334344148636,0.0879824161529541,0.06588387489318848,0.036408036947250366,0.6456489562988281,0.026943271979689598
2024-03-24 14:13:52,솔직히 막스 나가고 개꿀잼 될 줄 알았는데,"페라리가 레드불MK2 되어버렸노
솔직히 노잼이노
싱가폴처럼 쥬지 벽박기 이런 것도 없고
걍 평화로움
차라리 지난 경기 K-막 막자차력쇼가 더 재밌는 듯 ㅋㅋ
- dc official App",53,53.0,"솔직히 막스 나가고 개꿀잼 될 줄 알았는데 페라리가 레드불MK2 되어버렸노
솔직히 노잼이노
싱가폴처럼 쥬지 벽박기 이런 것도 없고
걍 평화로움
차라리 지난 경기 K-막 막자차력쇼가 더 재밌는 듯 ㅋㅋ
- dc official App",솔직히 막스 나가고 개꿀잼 될 줄 알았는데 페라리가 레드불MK2 되어버렸노 솔직히 노잼이노 싱가폴처럼 쥬지 벽박기 이런 것도 없고 걍 평화로움 차라리 지난 경기 K-막 막자차력쇼가 더 재밌는 듯 ㅋㅋ,0.3206627368927002,0.134844109416008,0.1678776741027832,0.15262944996356964,0.1607159823179245,0.06327003985643387
2024-03-24 14:13:56,시발 ㅋㅋㅋㅋㅋㅋㅋㅋㅋ,,53,53.0,시발 ㅋㅋㅋㅋㅋㅋㅋㅋㅋ ,시발 ㅋㅋㅋㅋㅋㅋㅋㅋㅋ,0.2577589154243469,0.13598503172397614,0.20806115865707397,0.08188923448324203,0.2515925467014313,0.06471316516399384
2024-03-24 14:13:58,광댘ㅋㅋㅋㅋㅋㅋㅋㅋㅋ,"ㅋㅋㅋㅋㅋㅋ
- dc official App",53,53.0,"광댘ㅋㅋㅋㅋㅋㅋㅋㅋㅋ ㅋㅋㅋㅋㅋㅋ
- dc official App",광댘ㅋㅋㅋㅋㅋㅋㅋㅋㅋ ㅋㅋㅋㅋㅋㅋ,0.1370282918214798,0.10146500170230865,0.06708807498216629,0.032460667192935944,0.6351706385612488,0.026787307113409042
2024-03-24 14:13:56,재수햄 마스터블랜ㅋㅋㅋㅋ,,53,53.0,재수햄 마스터블랜ㅋㅋㅋㅋ ,재수햄 마스터블랜ㅋㅋㅋㅋ,0.1038808599114418,0.06138800457119942,0.05361933633685112,0.038002096116542816,0.7187077403068542,0.024401873350143433
2024-03-24 14:13:59,팡머 티포시 빵끗 ㅋㅋㅋㅋ,ㅋㅋㅋㅋㅋㅋㅋㅋㅋ,53,53.0,팡머 티포시 빵끗 ㅋㅋㅋㅋ ㅋㅋㅋㅋㅋㅋㅋㅋㅋ,팡머 티포시 빵끗 ㅋㅋㅋㅋ ㅋㅋㅋㅋㅋㅋㅋㅋㅋ,0.11426901817321777,0.06910330802202225,0.05741393193602562,0.035189270973205566,0.7006700038909912,0.023354502394795418
2024-03-24 14:14:01,바수르야 지금이라도 물탕이 하스로 돌려라,아직 안늦었다,53,53.0,바수르야 지금이라도 물탕이 하스로 돌려라 아직 안늦었다,바수르야 지금이라도 물탕이 하스로 돌려라 아직 안늦었다,0.25643742084503174,0.19149601459503174,0.08533796668052673,0.09393834322690964,0.29842668771743774,0.0743636041879654
2024-03-24 14:14:05,광대 ㅋㅋㅋㅋㅋㅋㅋ,뭐임ㅋㅋㅋㅅㅂ,53,53.0,광대 ㅋㅋㅋㅋㅋㅋㅋ 뭐임ㅋㅋㅋㅅㅂ,광대 ㅋㅋㅋㅋㅋㅋㅋ 뭐임ㅋㅋㅋㅅㅂ,0.2837950885295868,0.12853111326694489,0.24540171027183533,0.12249067425727844,0.16151610016822815,0.058265358209609985
2024-03-24 14:14:14,오늘 사인츠 페이스면 막스 리타 안한게 더 재밌는거 아님?,"선두 경쟁했을거 같은데
막스가 크루징 못하지 않았을까",53,53.0,"오늘 사인츠 페이스면 막스 리타 안한게 더 재밌는거 아님? 선두 경쟁했을거 같은데
막스가 크루징 못하지 않았을까",오늘 사인츠 페이스면 막스 리타 안한게 더 재밌는거 아님? 선두 경쟁했을거 같은데 막스가 크루징 못하지 않았을까,0.2743698060512543,0.3231208026409149,0.1200997605919838,0.0676942840218544,0.11123841255903244,0.10347697883844376
2024-03-24 14:14:15,광대 시발 자살하면 그만이야 그거잖아 ㅋㅋㅋㅋ,아 시발 ㅋㅋㅋㅋㅋㅋㅋ,53,53.0,광대 시발 자살하면 그만이야 그거잖아 ㅋㅋㅋㅋ 아 시발 ㅋㅋㅋㅋㅋㅋㅋ,광대 시발 자살하면 그만이야 그거잖아 ㅋㅋㅋㅋ 아 시발 ㅋㅋㅋㅋㅋㅋㅋ,0.21440471708774567,0.13928696513175964,0.28706032037734985,0.1747330278158188,0.1045878604054451,0.07992716878652573
2024-03-24 14:14:15,재수햄 MasterBlan 언급 ㅋㅋㅋㅋ,,53,53.0,재수햄 MasterBlan 언급 ㅋㅋㅋㅋ ,재수햄 MasterBlan 언급 ㅋㅋㅋㅋ,0.1101883202791214,0.06622929871082306,0.056237731128931046,0.033873651176691055,0.7101851105690002,0.023285862058401108
2024-03-24 14:14:33,먀스터 블랜시절 ㅋㅋㅋㅋㅋ,- dc official App,53,53.0,먀스터 블랜시절 ㅋㅋㅋㅋㅋ - dc official App,먀스터 블랜시절 ㅋㅋㅋㅋㅋ - dc official App,0.11601929366588593,0.08859293907880783,0.06572983413934708,0.03530121594667435,0.6717765927314758,0.022580096498131752
2024-03-24 14:14:42,호주 그랑프리 <- 호주인은 포디움 못가는 www,zzzz,54,54.0,호주 그랑프리 <- 호주인은 포디움 못가는 www zzzz,호주 그랑프리 <- 호주인은 포디움 못가는 www zzzz,0.2769050598144531,0.17771467566490173,0.16016387939453125,0.07784541696310043,0.24323232471942902,0.06413863599300385
2024-03-24 14:14:45,근데 병신은 아직도 5위임?,"ㅅㅂ 포디움만 들어가면 드챔 1위로 올라가는데
그거도 못하네",54,54.0,"근데 병신은 아직도 5위임? ㅅㅂ 포디움만 들어가면 드챔 1위로 올라가는데
그거도 못하네",근데 병신은 아직도 5위임? ㅅㅂ 포디움만 들어가면 드챔 1위로 올라가는데 그거도 못하네,0.2503668963909149,0.19695979356765747,0.2150116264820099,0.20759005844593048,0.06858540326356888,0.06148625910282135
2024-03-24 14:14:50,슬슬 레드플렉마렵네…,눈치좀,54,54.0,슬슬 레드플렉마렵네… 눈치좀,슬슬 레드플렉마렵네… 눈치좀,0.29493868350982666,0.1562120020389557,0.18905699253082275,0.19200736284255981,0.08617144078016281,0.08161354064941406
2024-03-24 14:14:50,노리스 2등못먹으면 피아제한테 줘라 ㅋㅋ,- dc official App,54,54.0,노리스 2등못먹으면 피아제한테 줘라 ㅋㅋ - dc official App,노리스 2등못먹으면 피아제한테 줘라 ㅋㅋ - dc official App,0.24441026151180267,0.20882251858711243,0.16567817330360413,0.08847676217556,0.22561825811862946,0.06699410825967789
2024-03-24 14:14:50,막스 먼일 있었음?,"왜 리타했어 ㅋㅋㅋㅋ
- dc official App",54,54.0,"막스 먼일 있었음? 왜 리타했어 ㅋㅋㅋㅋ
- dc official App",막스 먼일 있었음? 왜 리타했어 ㅋㅋㅋㅋ,0.260606974363327,0.24605470895767212,0.08251111954450607,0.046982552856206894,0.2747310698032379,0.0891135185956955
2024-03-24 14:14:52,노리스...슈이 해야겠지?,"피아제 바꿔줐는데 슈이라도 해야겠지?
- dc official App",54,54.0,"노리스...슈이 해야겠지? 피아제 바꿔줐는데 슈이라도 해야겠지?
- dc official App",노리스...슈이 해야겠지? 피아제 바꿔줐는데 슈이라도 해야겠지?,0.27823254466056824,0.2576785087585449,0.10932543128728867,0.12160754203796387,0.13981924951076508,0.09333670884370804
2024-03-24 14:14:53,노리스가 해주겠냐고 그걸 ㅋㅋㅋ,,54,54.0,노리스가 해주겠냐고 그걸 ㅋㅋㅋ ,노리스가 해주겠냐고 그걸 ㅋㅋㅋ,0.24349379539489746,0.3276471197605133,0.14873889088630676,0.10273301601409912,0.08787436783313751,0.08951278030872345
2024-03-24 14:15:01,맥라렌 5초갭까지 오면 바꿔줘야 하는거 아님?,"아주라 거
근데 너무 차이난다
- dc official App",54,54.0,"맥라렌 5초갭까지 오면 바꿔줘야 하는거 아님? 아주라 거
근데 너무 차이난다
- dc official App",맥라렌 5초갭까지 오면 바꿔줘야 하는거 아님? 아주라 거 근데 너무 차이난다,0.30818089842796326,0.20181041955947876,0.16270677745342255,0.19320355355739594,0.07548952847719193,0.05860884487628937
2024-03-24 14:15:11,추노다 헐크와 4초갭,스트롤 좀 잡아다오..,54,54.0,추노다 헐크와 4초갭 스트롤 좀 잡아다오..,추노다 헐크와 4초갭 스트롤 좀 잡아다오..,0.28801876306533813,0.16785544157028198,0.19358496367931366,0.16532428562641144,0.11414022743701935,0.07107633352279663
2024-03-24 14:15:25,아보카도 이 퇴물새끼는 이제 좀 꺼져라,"리암 로슨인가... 하는 걔한테 시트를 넘기는게 맞다.....
좆도 못하는 틀딱 때문에 썩고있는 루키 좀 배려해라...
등록.",54,54.0,"아보카도 이 퇴물새끼는 이제 좀 꺼져라 리암 로슨인가... 하는 걔한테 시트를 넘기는게 맞다.....
좆도 못하는 틀딱 때문에 썩고있는 루키 좀 배려해라...
등록.",아보카도 이 퇴물새끼는 이제 좀 꺼져라 리암 로슨인가... 하는 걔한테 시트를 넘기는게 맞다..... 좆도 못하는 틀딱 때문에 썩고있는 루키 좀 배려해라... 등록.,0.1700635850429535,0.15332432091236115,0.3034469485282898,0.21017542481422424,0.10980331897735596,0.053186431527137756
2024-03-24 14:15:26,그러고 보니깐 사인츠 부상이잖아,"ㅈㄴ잘달리네
- dc official App",54,54.0,"그러고 보니깐 사인츠 부상이잖아 ㅈㄴ잘달리네
- dc official App",그러고 보니깐 사인츠 부상이잖아 ㅈㄴ잘달리네,0.2034914344549179,0.3158690929412842,0.11521150916814804,0.051584769040346146,0.17912572622299194,0.13471747934818268
2024-03-24 14:15:33,레포 막래 페레즈(현병신) vs 페라리 막해 사인츠 폼 누가 승?,예전 레포 페레즈도 막해에  ㅈㄴ 잘타는대 시트 없어서 ㅈㄴ 안타까웟는디,54,54.0,레포 막래 페레즈(현병신) vs 페라리 막해 사인츠 폼 누가 승? 예전 레포 페레즈도 막해에  ㅈㄴ 잘타는대 시트 없어서 ㅈㄴ 안타까웟는디,레포 막래 페레즈(현병신) vs 페라리 막해 사인츠 폼 누가 승? 예전 레포 페레즈도 막해에 ㅈㄴ 잘타는대 시트 없어서 ㅈㄴ 안타까웟는디,0.28822508454322815,0.2681223452091217,0.10218904912471771,0.0923754870891571,0.15477676689624786,0.09431128948926926
2024-03-24 14:15:35,ㅅㅂ F0 한 새끼만 쳐냈는데 벌써 개꿀잼이네 ㅋㅋ,페라리의 원-투 피니시 ㅋㅋㅋ,54,54.0,ㅅㅂ F0 한 새끼만 쳐냈는데 벌써 개꿀잼이네 ㅋㅋ 페라리의 원-투 피니시 ㅋㅋㅋ,ㅅㅂ F0 한 새끼만 쳐냈는데 벌써 개꿀잼이네 ㅋㅋ 페라리의 원-투 피니시 ㅋㅋㅋ,0.13353115320205688,0.07824798673391342,0.09736362099647522,0.051749229431152344,0.6089515686035156,0.030156441032886505
2024-03-24 14:15:42,누리스 이대로 끝나면 호주팬들한테 맞아뒤지겠노ㅋㅋㅋ,ㅋㅋㅋㅋ,54,54.0,누리스 이대로 끝나면 호주팬들한테 맞아뒤지겠노ㅋㅋㅋ ㅋㅋㅋㅋ,누리스 이대로 끝나면 호주팬들한테 맞아뒤지겠노ㅋㅋㅋ ㅋㅋㅋㅋ,0.26733800768852234,0.21393519639968872,0.12805317342281342,0.06385041028261185,0.21304692327976227,0.1137763112783432
2024-03-24 14:15:44,노리스야 거 좀 해줘라 힘든것도 아닌데,ㅋㅋ,54,54.0,노리스야 거 좀 해줘라 힘든것도 아닌데 ㅋㅋ,노리스야 거 좀 해줘라 힘든것도 아닌데 ㅋㅋ,0.26764824986457825,0.12571829557418823,0.1368415802717209,0.149349182844162,0.24885989725589752,0.07158274948596954
2024-03-24 14:15:48,오늘부터 체코는 병신임을 인정합니다,병신새끼 레드불타고 5등,54,54.0,오늘부터 체코는 병신임을 인정합니다 병신새끼 레드불타고 5등,오늘부터 체코는 병신임을 인정합니다 병신새끼 레드불타고 5등,0.16935855150222778,0.26536232233047485,0.25465458631515503,0.12502312660217285,0.0857992172241211,0.0998021811246872
2024-03-24 14:15:48,자우버나 알핀 중에 누가 차 좀 스핀 시켜봐,"크루징 좀 막게
- dc official App",54,54.0,"자우버나 알핀 중에 누가 차 좀 스핀 시켜봐 크루징 좀 막게
- dc official App",자우버나 알핀 중에 누가 차 좀 스핀 시켜봐 크루징 좀 막게,0.23351770639419556,0.31181207299232483,0.11854298412799835,0.12695306539535522,0.12319443374872208,0.08597977459430695
2024-03-24 14:15:56,막스 존나 나오노ㅋㅋㅋㅋㅋㅋㅋㅋㅋㅋ,,54,54.0,막스 존나 나오노ㅋㅋㅋㅋㅋㅋㅋㅋㅋㅋ ,막스 존나 나오노ㅋㅋㅋㅋㅋㅋㅋㅋㅋㅋ,0.14064724743366241,0.10073632746934891,0.05948110669851303,0.029199594631791115,0.640343427658081,0.02959226816892624
2024-03-24 14:15:59,ㅅㅂ 막스 평소보다 세배는 많이 나오는듯ㅋㅋㅋㅋ,,54,54.0,ㅅㅂ 막스 평소보다 세배는 많이 나오는듯ㅋㅋㅋㅋ ,ㅅㅂ 막스 평소보다 세배는 많이 나오는듯ㅋㅋㅋㅋ,0.2740361988544464,0.17900881171226501,0.1710340678691864,0.09212414175271988,0.1779508739709854,0.10584595799446106
2024-03-24 14:16:04,오늘따라 자주 보이는 몽골ㅋㅋㅋㅋㅋㅋㅋㅋ,"개웃기노
- dc official App",55,55.0,"오늘따라 자주 보이는 몽골ㅋㅋㅋㅋㅋㅋㅋㅋ 개웃기노
- dc official App",오늘따라 자주 보이는 몽골ㅋㅋㅋㅋㅋㅋㅋㅋ 개웃기노,0.14204423129558563,0.10435837507247925,0.059119321405887604,0.03294285014271736,0.6303929686546326,0.031142210587859154
2024-03-24 14:16:04,리타하면 카메라에 더 많이 잡히는 새끼ㅋㅋ,잘가라ㅋㅋ,55,55.0,리타하면 카메라에 더 많이 잡히는 새끼ㅋㅋ 잘가라ㅋㅋ,리타하면 카메라에 더 많이 잡히는 새끼ㅋㅋ 잘가라ㅋㅋ,0.2206660509109497,0.16176971793174744,0.21813172101974487,0.08706389367580414,0.22921137511730194,0.0831572562456131
2024-03-24 14:16:07,만약 위에 둘 살아있었으면 또 yuk11 각이었네,다행,55,55.0,만약 위에 둘 살아있었으면 또 yuk11 각이었네 다행,만약 위에 둘 살아있었으면 또 yuk11 각이었네 다행,0.270504891872406,0.13845841586589813,0.09699343144893646,0.12036293745040894,0.30081748962402344,0.07286281138658524
2024-03-24 14:16:08,리타이어해야 더 자주 등장하는 선수 ㅋㅋㅋㅋㅋ,ㅋㅋㅋㅋㅋㅋㅋㅋㅋ,55,55.0,리타이어해야 더 자주 등장하는 선수 ㅋㅋㅋㅋㅋ ㅋㅋㅋㅋㅋㅋㅋㅋㅋ,리타이어해야 더 자주 등장하는 선수 ㅋㅋㅋㅋㅋ ㅋㅋㅋㅋㅋㅋㅋㅋㅋ,0.15446722507476807,0.08186719566583633,0.08505536615848541,0.047699350863695145,0.5961686372756958,0.03474230319261551
2024-03-24 14:16:09,물탕이는 카메라에도 안잡히네.. 걍 내년에 나와라 ㅇㅇ,ㅇㅇ,55,55.0,물탕이는 카메라에도 안잡히네.. 걍 내년에 나와라 ㅇㅇ ㅇㅇ,물탕이는 카메라에도 안잡히네.. 걍 내년에 나와라 ㅇㅇ ㅇㅇ,0.29635924100875854,0.2090165913105011,0.13472771644592285,0.13703222572803497,0.11430246382951736,0.10856175422668457
2024-03-24 14:16:13,막스 얘는 리타하니까 더나오네,ㅅㅂ머냐,55,55.0,막스 얘는 리타하니까 더나오네 ㅅㅂ머냐,막스 얘는 리타하니까 더나오네 ㅅㅂ머냐,0.2677271068096161,0.1592317819595337,0.24991485476493835,0.1682080179452896,0.1004970520734787,0.05442120507359505
2024-03-24 14:16:14,체코 6그리드 스타트 5등 마무리,"막스 리타한거 생각하면 그리드 한 개도 못 올림
이게 사람임???",55,55.0,"체코 6그리드 스타트 5등 마무리 막스 리타한거 생각하면 그리드 한 개도 못 올림
이게 사람임???",체코 6그리드 스타트 5등 마무리 막스 리타한거 생각하면 그리드 한 개도 못 올림 이게 사람임???,0.1934804767370224,0.26419657468795776,0.22159339487552643,0.15557657182216644,0.07529027760028839,0.08986268937587738
2024-03-24 14:16:18,와 네덜란드 국가 3주간 안 듣겠노 ㅋㅋ,,55,55.0,와 네덜란드 국가 3주간 안 듣겠노 ㅋㅋ ,와 네덜란드 국가 3주간 안 듣겠노 ㅋㅋ,0.267861008644104,0.2640630304813385,0.16366328299045563,0.07705117762088776,0.10046259313821793,0.12689897418022156
2024-03-24 14:16:18,그와중에 러셀 아직도 알론소 못 넘었네,국왕님 ㄷㄷ,55,55.0,그와중에 러셀 아직도 알론소 못 넘었네 국왕님 ㄷㄷ,그와중에 러셀 아직도 알론소 못 넘었네 국왕님 ㄷㄷ,0.20068161189556122,0.31675735116004944,0.11414200812578201,0.0566713772714138,0.18991170823574066,0.12183590978384018
2024-03-24 14:16:19,햄막대전 ㅋㅋㅋ,ㅋㅋㅋ,55,55.0,햄막대전 ㅋㅋㅋ ㅋㅋㅋ,햄막대전 ㅋㅋㅋ ㅋㅋㅋ,0.11723523586988449,0.07287601381540298,0.058269694447517395,0.03385378047823906,0.6946967840194702,0.02306855097413063
2024-03-24 14:16:32,DOTD 대인츠 압도적 1등ㄷㄷ,,55,55.0,DOTD 대인츠 압도적 1등ㄷㄷ ,DOTD 대인츠 압도적 1등ㄷㄷ,0.1916642040014267,0.20696406066417694,0.07301905006170273,0.032377805560827255,0.43395930528640747,0.06201561912894249
2024-03-24 14:16:36,원래 막스는 라스트 랩때만 보였는데,오늘 너무 많이 나오니까 이상해,55,55.0,원래 막스는 라스트 랩때만 보였는데 오늘 너무 많이 나오니까 이상해,원래 막스는 라스트 랩때만 보였는데 오늘 너무 많이 나오니까 이상해,0.2988138794898987,0.291369765996933,0.10032858699560165,0.08345310389995575,0.152099609375,0.07393506914377213
2024-03-24 14:16:44,충수돌기가 봉인이었구만,이번 주 사인츠 존나잘함,55,55.0,충수돌기가 봉인이었구만 이번 주 사인츠 존나잘함,충수돌기가 봉인이었구만 이번 주 사인츠 존나잘함,0.18023249506950378,0.09839413315057755,0.06119634956121445,0.05835855007171631,0.5508699417114258,0.050948549062013626
2024-03-24 14:16:49,오늘 막스 팟캐스트 취소,https://twitter.com/Motorsport/status/1771767626902991037?t=l02m-JJIljQdJ-3H6cYUhQ&s=19,55,55.0,오늘 막스 팟캐스트 취소 https://twitter.com/Motorsport/status/1771767626902991037?t=l02m-JJIljQdJ-3H6cYUhQ&s=19,오늘 막스 팟캐스트 취소,0.3553832471370697,0.15334293246269226,0.11538693308830261,0.1552244871854782,0.16041719913482666,0.06024525687098503
2024-03-24 14:16:56,f1 어디서보는지 알려줘염,"사이트좀 알려주세요ㅠ 이번년도 너무바빠서 제대로 못봤는데, 무슨사이트였는지 기억이 안나요ㅠ",55,55.0,"f1 어디서보는지 알려줘염 사이트좀 알려주세요ㅠ 이번년도 너무바빠서 제대로 못봤는데, 무슨사이트였는지 기억이 안나요ㅠ","f1 어디서보는지 알려줘염 사이트좀 알려주세요ㅠ 이번년도 너무바빠서 제대로 못봤는데, 무슨사이트였는지 기억이 안나요ㅠ",0.2883739173412323,0.1792638897895813,0.11110396683216095,0.1273079812526703,0.21069319546222687,0.08325697481632233
2024-03-24 14:16:59,아 맹장 경량화 해서 빠른거였네,"아무튼 경량화임 ㅋㅋㅋㅋㅋㅋㅋ
- dc official App",55,55.0,"아 맹장 경량화 해서 빠른거였네 아무튼 경량화임 ㅋㅋㅋㅋㅋㅋㅋ
- dc official App",아 맹장 경량화 해서 빠른거였네 아무튼 경량화임 ㅋㅋㅋㅋㅋㅋㅋ,0.2615756094455719,0.23426276445388794,0.11052345484495163,0.06129821762442589,0.24412758648395538,0.08821237832307816
2024-03-24 14:17:04,오늘의 드라이버 막스 줘도 되지 않음?,덕분에 이렇게 재밌는데?,55,55.0,오늘의 드라이버 막스 줘도 되지 않음? 덕분에 이렇게 재밌는데?,오늘의 드라이버 막스 줘도 되지 않음? 덕분에 이렇게 재밌는데?,0.134039506316185,0.062008701264858246,0.06594856083393097,0.050748035311698914,0.6548537015914917,0.032401520758867264
2024-03-24 14:17:12,스압안해주냐?ㅋㅋㅋㅋㅋㅋㅋㅋㅋㅋㅋㅋㅋㅋ,,55,55.0,스압안해주냐?ㅋㅋㅋㅋㅋㅋㅋㅋㅋㅋㅋㅋㅋㅋ ,스압안해주냐?ㅋㅋㅋㅋㅋㅋㅋㅋㅋㅋㅋㅋㅋㅋ,0.32177987694740295,0.14200527966022491,0.19776234030723572,0.10450542718172073,0.16590838134288788,0.06803864985704422
2024-03-24 14:17:14,DOD,올려,55,55.0,DOD 올려,DOD 올려,0.2220485955476761,0.18998931348323822,0.10441329330205917,0.06927260011434555,0.3687424957752228,0.045533742755651474
2024-03-24 14:17:18,막스 담당 일진,한잔해,55,55.0,막스 담당 일진 한잔해,막스 담당 일진 한잔해,0.12757790088653564,0.11072946339845657,0.06651724874973297,0.04156617447733879,0.6167809367179871,0.036828309297561646
2024-03-24 14:17:25,막스 연승 살인범 ㅋㅋㅋ,ㅋㅋㅋㅋㅋㅋㅋ,55,55.0,막스 연승 살인범 ㅋㅋㅋ ㅋㅋㅋㅋㅋㅋㅋ,막스 연승 살인범 ㅋㅋㅋ ㅋㅋㅋㅋㅋㅋㅋ,0.20131772756576538,0.23339246213436127,0.1940217763185501,0.06613297760486603,0.22169160842895508,0.08344341814517975
2024-03-24 14:17:33,막스 왜아웃임,???,56,56.0,막스 왜아웃임 ???,막스 왜아웃임 ???,0.27704644203186035,0.30410823225975037,0.12080571055412292,0.07912323623895645,0.12990020215511322,0.08901619166135788
2024-03-24 14:17:39,결국 페레즈는 저 차타고 포디움 못 가는 실력인거네,ㅋㅋ,56,56.0,결국 페레즈는 저 차타고 포디움 못 가는 실력인거네 ㅋㅋ,결국 페레즈는 저 차타고 포디움 못 가는 실력인거네 ㅋㅋ,0.25063592195510864,0.2996758818626404,0.16350743174552917,0.08980783820152283,0.0839526355266571,0.11242028325796127
2024-03-24 14:17:43,몽골놈이랑 사인지 사이 안좋지 않나? ㅋㅋㅋ,"좋은 편은 결코 아닌데 ㅋㅋㅋ
케로 잘 모르노",56,56.0,"몽골놈이랑 사인지 사이 안좋지 않나? ㅋㅋㅋ 좋은 편은 결코 아닌데 ㅋㅋㅋ
케로 잘 모르노",몽골놈이랑 사인지 사이 안좋지 않나? ㅋㅋㅋ 좋은 편은 결코 아닌데 ㅋㅋㅋ 케로 잘 모르노,0.2445324808359146,0.33344510197639465,0.1300106942653656,0.0701911672949791,0.11124035716056824,0.11058016866445541
2024-03-24 14:17:50,드디어 네델란드 국가 안듣겠네,시발거 외웠다 ㅋㅋ,56,56.0,드디어 네델란드 국가 안듣겠네 시발거 외웠다 ㅋㅋ,드디어 네델란드 국가 안듣겠네 시발거 외웠다 ㅋㅋ,0.29178813099861145,0.10422584414482117,0.24909834563732147,0.14959964156150818,0.14251476526260376,0.06277326494455338
2024-03-24 14:18:04,얼마만의 공식 엔딩곡이 아닌거냐 캬,이게 야스지,56,56.0,얼마만의 공식 엔딩곡이 아닌거냐 캬 이게 야스지,얼마만의 공식 엔딩곡이 아닌거냐 캬 이게 야스지,0.15317831933498383,0.0810217633843422,0.061634611338377,0.03789445385336876,0.6321449875831604,0.03412594646215439
2024-03-24 14:18:16,알론소 추월 후 러셀.factos,,56,56.0,알론소 추월 후 러셀.factos ,알론소 추월 후 러셀.factos,0.1883152276277542,0.19446921348571777,0.08554516732692719,0.04612808674573898,0.4355669319629669,0.04997538402676582
2024-03-24 14:18:19,저렇게 10초갭인데 기다려서 자리양보해주는것도,좀 가오상하지않나,56,56.0,저렇게 10초갭인데 기다려서 자리양보해주는것도 좀 가오상하지않나,저렇게 10초갭인데 기다려서 자리양보해주는것도 좀 가오상하지않나,0.2971208393573761,0.22364936769008636,0.1648433655500412,0.1385478973388672,0.07267329096794128,0.10316529870033264
2024-03-24 14:18:23,페레즈가 못올라오는 이유,지금 딸깍 못함 ㅋㅋㅋㅋ,56,56.0,페레즈가 못올라오는 이유 지금 딸깍 못함 ㅋㅋㅋㅋ,페레즈가 못올라오는 이유 지금 딸깍 못함 ㅋㅋㅋㅋ,0.27753326296806335,0.30579710006713867,0.128757044672966,0.07146049290895462,0.11231468617916107,0.10413740575313568
2024-03-24 14:18:27,메라 꼬라지 보니 메즁딱이네 강,ㅋㅋㅋㅋㅋㅋ,56,56.0,메라 꼬라지 보니 메즁딱이네 강 ㅋㅋㅋㅋㅋㅋ,메라 꼬라지 보니 메즁딱이네 강 ㅋㅋㅋㅋㅋㅋ,0.16410912573337555,0.12597773969173431,0.08118262141942978,0.033480677753686905,0.550991952419281,0.044257912784814835
2024-03-24 14:18:27,러셀 우주방어 당하네 ㅋㅋㅋㅋ,- dc official App,56,56.0,러셀 우주방어 당하네 ㅋㅋㅋㅋ - dc official App,러셀 우주방어 당하네 ㅋㅋㅋㅋ - dc official App,0.24609006941318512,0.1692577600479126,0.11433909833431244,0.05245238542556763,0.34732574224472046,0.070534847676754
2024-03-24 14:18:33,페레즈 빌빌기는거 보니까 레드불 차도 별로인거같은데,"페레즈 빌빌 기는게 한두경긴 아니지만
저정도 갭이면 막스도 크루징까진 아니지않았을까?
사인츠 추월도 브레이크 병신이라 추월한거아니고
걍 추월가능했을수도",56,56.0,"페레즈 빌빌기는거 보니까 레드불 차도 별로인거같은데 페레즈 빌빌 기는게 한두경긴 아니지만
저정도 갭이면 막스도 크루징까진 아니지않았을까?
사인츠 추월도 브레이크 병신이라 추월한거아니고
걍 추월가능했을수도",페레즈 빌빌기는거 보니까 레드불 차도 별로인거같은데 페레즈 빌빌 기는게 한두경긴 아니지만 저정도 갭이면 막스도 크루징까진 아니지않았을까? 사인츠 추월도 브레이크 병신이라 추월한거아니고 걍 추월가능했을수도,0.23879387974739075,0.3288235366344452,0.12564033269882202,0.09516410529613495,0.0962875634431839,0.11529059708118439
2024-03-24 14:18:36,솔직히 이 시절 그리우면 ㄱㅊ.jpg,햄막보시절이 젤 재밌었다 최근엔,56,56.0,솔직히 이 시절 그리우면 ㄱㅊ.jpg 햄막보시절이 젤 재밌었다 최근엔,솔직히 이 시절 그리우면 ㄱㅊ.jpg 햄막보시절이 젤 재밌었다 최근엔,0.12964074313640594,0.06086147204041481,0.07150158286094666,0.06028103828430176,0.6456584334373474,0.03205676004290581
2024-03-24 14:18:41,국왕넴 사자행동ㅋㅋㅋㅋㅋ,,56,56.0,국왕넴 사자행동ㅋㅋㅋㅋㅋ ,국왕넴 사자행동ㅋㅋㅋㅋㅋ,0.17369629442691803,0.15093231201171875,0.07823774963617325,0.030957259237766266,0.5257462859153748,0.040430158376693726
2024-03-24 14:18:47,러셀 알론소 추월해도 drs 줘서 재역전각일듯,,56,56.0,러셀 알론소 추월해도 drs 줘서 재역전각일듯 ,러셀 알론소 추월해도 drs 줘서 재역전각일듯,0.21721217036247253,0.20577172935009003,0.07893482595682144,0.05159278213977814,0.38431021571159363,0.062178242951631546
2024-03-24 14:18:51,사인지 빠는거 분탕이라던 르끌맘들어디서머하냐,"2023, 2024 유일한 우승자 대를로스 황인지를 그런식으로 평가절하한다고?",57,57.0,"사인지 빠는거 분탕이라던 르끌맘들어디서머하냐 2023, 2024 유일한 우승자 대를로스 황인지를 그런식으로 평가절하한다고?","사인지 빠는거 분탕이라던 르끌맘들어디서머하냐 2023, 2024 유일한 우승자 대를로스 황인지를 그런식으로 평가절하한다고?",0.2073078155517578,0.25716811418533325,0.22365298867225647,0.14671187102794647,0.07631377130746841,0.08884542435407639
2024-03-24 14:18:55,그러고 보니 페라리 12피니시 얼마만임?,진짜 기억이 안나네,57,57.0,그러고 보니 페라리 12피니시 얼마만임? 진짜 기억이 안나네,그러고 보니 페라리 12피니시 얼마만임? 진짜 기억이 안나네,0.2443346083164215,0.31605497002601624,0.10192049294710159,0.054435815662145615,0.17749309539794922,0.10576102882623672
2024-03-24 14:18:58,르끌 사인츠 못잡노 ㅋㅋㅋ,"역시 와꾸원툴이노 ㅋㅋㅋ
내년 페라리 지들 퍼스트 나가고
씹퇴물 물탕이 오는데 어카노..
- dc official App",57,57.0,"르끌 사인츠 못잡노 ㅋㅋㅋ 역시 와꾸원툴이노 ㅋㅋㅋ
내년 페라리 지들 퍼스트 나가고
씹퇴물 물탕이 오는데 어카노..
- dc official App",르끌 사인츠 못잡노 ㅋㅋㅋ 역시 와꾸원툴이노 ㅋㅋㅋ 내년 페라리 지들 퍼스트 나가고 씹퇴물 물탕이 오는데 어카노..,0.25620177388191223,0.18243545293807983,0.2044249027967453,0.1754477471113205,0.07724175602197647,0.10424838960170746
2024-03-24 14:19:01,67 옵텤 재밋네,ㅇㅇ,57,57.0,67 옵텤 재밋네 ㅇㅇ,67 옵텤 재밋네 ㅇㅇ,0.11676962673664093,0.07883050292730331,0.053585976362228394,0.03384947404265404,0.6928284168243408,0.02413593791425228
2024-03-24 14:19:07,실시간 개좆됀새끼ㅋㅋ,요스한테 개쳐맞을 예정,57,57.0,실시간 개좆됀새끼ㅋㅋ 요스한테 개쳐맞을 예정,실시간 개좆됀새끼ㅋㅋ 요스한테 개쳐맞을 예정,0.16020026803016663,0.19504258036613464,0.30626118183135986,0.1060856282711029,0.15015080571174622,0.08225959539413452
2024-03-24 14:19:10,르끌 잡히겟는데,아모른직다,57,57.0,르끌 잡히겟는데 아모른직다,르끌 잡히겟는데 아모른직다,0.31711170077323914,0.18420781195163727,0.1239425539970398,0.2062961310148239,0.09282828867435455,0.07561346888542175
2024-03-24 14:19:13,메르 진짜 줫같이 느리긴 하네,ㅋㅋㅋㅋㅋㅋㅋㅋㅋㅋㅋㅋ,57,57.0,메르 진짜 줫같이 느리긴 하네 ㅋㅋㅋㅋㅋㅋㅋㅋㅋㅋㅋㅋ,메르 진짜 줫같이 느리긴 하네 ㅋㅋㅋㅋㅋㅋㅋㅋㅋㅋㅋㅋ,0.2908520996570587,0.22731702029705048,0.18291300535202026,0.11384381353855133,0.09172828495502472,0.09334569424390793
2024-03-24 14:19:16,퇴물탕 입갤 ㅋㅋㅋㅋㅋ,,57,57.0,퇴물탕 입갤 ㅋㅋㅋㅋㅋ ,퇴물탕 입갤 ㅋㅋㅋㅋㅋ,0.21293559670448303,0.17185884714126587,0.12667912244796753,0.05169439688324928,0.37666991353034973,0.06016203761100769
2024-03-24 14:19:30,눈망울 아련해보이네,ㅋㅋㅋㅋ,57,57.0,눈망울 아련해보이네 ㅋㅋㅋㅋ,눈망울 아련해보이네 ㅋㅋㅋㅋ,0.17739509046077728,0.1364552229642868,0.07138561457395554,0.04569311439990997,0.5191260576248169,0.04994494840502739
2024-03-24 14:19:33,브라질에서 체코도 우주방어한 국왕님이다,,57,57.0,브라질에서 체코도 우주방어한 국왕님이다 ,브라질에서 체코도 우주방어한 국왕님이다,0.20615611970424652,0.2184327393770218,0.08787942677736282,0.06770700961351395,0.32395023107528687,0.09587452560663223
2024-03-24 14:19:44,이제 스즈카부턴 페라리의 독주 기대해도 됨?,"레드불 차가 압도적이진 않아보이는데?
- dc official App",57,57.0,"이제 스즈카부턴 페라리의 독주 기대해도 됨? 레드불 차가 압도적이진 않아보이는데?
- dc official App",이제 스즈카부턴 페라리의 독주 기대해도 됨? 레드불 차가 압도적이진 않아보이는데?,0.24078063666820526,0.30994805693626404,0.0991530492901802,0.06302984058856964,0.1906215399503708,0.09646689146757126
2024-03-24 14:19:45,Joat물탕 <-이분,사실 페라리 페이스보고 기뻐하는중,57,57.0,Joat물탕 <-이분 사실 페라리 페이스보고 기뻐하는중,Joat물탕 <-이분 사실 페라리 페이스보고 기뻐하는중,0.2369534969329834,0.16145789623260498,0.09304964542388916,0.04696619510650635,0.3988003432750702,0.06277239322662354
2024-03-24 14:19:50,러셀 국왕 제껴보자 ㄹㅇ,,57,57.0,러셀 국왕 제껴보자 ㄹㅇ ,러셀 국왕 제껴보자 ㄹㅇ,0.193094402551651,0.24490773677825928,0.08337623625993729,0.06349703669548035,0.30596697330474854,0.10915760695934296
2024-03-24 14:20:00,노리스 갭 2.5초 ㄷㄷ,랩만 더 있었다면 ..,58,58.0,노리스 갭 2.5초 ㄷㄷ 랩만 더 있었다면 ..,노리스 갭 2.5초 ㄷㄷ 랩만 더 있었다면 ..,0.23078326880931854,0.3080531358718872,0.09981796890497208,0.053558848798274994,0.19766779243946075,0.11011897772550583
2024-03-24 14:20:05,'2022년 이곳에서 리타이어한 후 그의 첫 리타이어',"이라고 오피셜에서 박제를 하시면
저희는 좋습니다~ 더 해주세요~",58,58.0,"'2022년 이곳에서 리타이어한 후 그의 첫 리타이어' 이라고 오피셜에서 박제를 하시면
저희는 좋습니다~ 더 해주세요~",'2022년 이곳에서 리타이어한 후 그의 첫 리타이어' 이라고 오피셜에서 박제를 하시면 저희는 좋습니다~ 더 해주세요~,0.14740140736103058,0.08352655917406082,0.0697956457734108,0.06341349333524704,0.591254711151123,0.044608183205127716
2024-03-24 14:20:07,3렙이면 르끌도 안잡히겠다 ㅋㅋㅋ야미,- dc official App,58,58.0,3렙이면 르끌도 안잡히겠다 ㅋㅋㅋ야미 - dc official App,3렙이면 르끌도 안잡히겠다 ㅋㅋㅋ야미 - dc official App,0.257697731256485,0.2904168963432312,0.15737353265285492,0.06917166709899902,0.12227922677993774,0.10306093841791153
2024-03-24 14:20:20,알본 노포인트네ㅋㅋㅋ,"justice for Logan
- dc official App",58,58.0,"알본 노포인트네ㅋㅋㅋ justice for Logan
- dc official App",알본 노포인트네ㅋㅋㅋ justice for Logan,0.33353176712989807,0.14803852140903473,0.1358192265033722,0.10738985240459442,0.21422161161899567,0.06099914014339447
2024-03-24 14:20:20,알핀 자우버 페레스 리카도,공통점: 병신,58,58.0,알핀 자우버 페레스 리카도 공통점: 병신,알핀 자우버 페레스 리카도 공통점: 병신,0.18182307481765747,0.3410426080226898,0.17444908618927002,0.08592313528060913,0.140365868806839,0.07639624923467636
2024-03-24 14:20:37,2랩남았잖아 걍 달려 ㅋㅋ,,58,58.0,2랩남았잖아 걍 달려 ㅋㅋ ,2랩남았잖아 걍 달려 ㅋㅋ,0.15433236956596375,0.09404542297124863,0.07822121679782867,0.052445217967033386,0.5803394913673401,0.040616244077682495
2024-03-24 14:20:42,사인즈 우승선언ㅋㅋㅋㅋㅋㅋㅋㅋㅋㅋㅋㅋㅋㅋ,,58,58.0,사인즈 우승선언ㅋㅋㅋㅋㅋㅋㅋㅋㅋㅋㅋㅋㅋㅋ ,사인즈 우승선언ㅋㅋㅋㅋㅋㅋㅋㅋㅋㅋㅋㅋㅋㅋ,0.11163289099931717,0.07823558896780014,0.05761564150452614,0.031517744064331055,0.6955030560493469,0.025495029985904694
2024-03-24 14:20:41,사인지 저거 딱 물탕이가 하던 소리아니냐,- dc official App,58,58.0,사인지 저거 딱 물탕이가 하던 소리아니냐 - dc official App,사인지 저거 딱 물탕이가 하던 소리아니냐 - dc official App,0.21240711212158203,0.34410709142684937,0.15215273201465607,0.07269175350666046,0.10277973860502243,0.11586157232522964
2024-03-24 14:20:44,2랩 남겨놓고 뭔 타이어...,설마,58,58.0,2랩 남겨놓고 뭔 타이어... 설마,2랩 남겨놓고 뭔 타이어... 설마,0.2182394117116928,0.3373197019100189,0.13724009692668915,0.09057419747114182,0.1064644604921341,0.11016207188367844
2024-03-24 14:20:45,싱가폴때도 저러고 우승했잖어 ㅋㅋ,백퍼 티배깅 ㅋㅋㅋㅋ,58,58.0,싱가폴때도 저러고 우승했잖어 ㅋㅋ 백퍼 티배깅 ㅋㅋㅋㅋ,싱가폴때도 저러고 우승했잖어 ㅋㅋ 백퍼 티배깅 ㅋㅋㅋㅋ,0.2081335186958313,0.185987189412117,0.14109034836292267,0.06428581476211548,0.32170647382736206,0.07879669964313507
2024-03-24 14:20:47,막스 유럽인들 새벽에 일어나서 봐준다고 서비스한거냐?,"유럽인들 재밌는경기보라고 ㅅㅂ
동양인 차별하네",58,58.0,"막스 유럽인들 새벽에 일어나서 봐준다고 서비스한거냐? 유럽인들 재밌는경기보라고 ㅅㅂ
동양인 차별하네",막스 유럽인들 새벽에 일어나서 봐준다고 서비스한거냐? 유럽인들 재밌는경기보라고 ㅅㅂ 동양인 차별하네,0.24785056710243225,0.11102110147476196,0.2786237597465515,0.18722452223300934,0.13287226855754852,0.042407792061567307
2024-03-24 14:20:45,어어 대인츠 안된다 익이,,58,58.0,어어 대인츠 안된다 익이 ,어어 대인츠 안된다 익이,0.3466898798942566,0.21016697585582733,0.11612585932016373,0.1279274970293045,0.11699490994215012,0.08209490776062012
2024-03-24 14:20:49,사인츠 티배깅 뭔디,,58,58.0,사인츠 티배깅 뭔디 ,사인츠 티배깅 뭔디,0.2206977754831314,0.3456633985042572,0.1101028248667717,0.06175895035266876,0.18585458397865295,0.07592248171567917
2024-03-24 14:20:49,무관행동 노리스 르끌함 잡아보자,"드가자
- dc official App",58,58.0,"무관행동 노리스 르끌함 잡아보자 드가자
- dc official App",무관행동 노리스 르끌함 잡아보자 드가자,0.14988772571086884,0.12202055007219315,0.0647190511226654,0.04220585152506828,0.58073490858078,0.04043187201023102
2024-03-24 14:20:54,티배깅 ㅋㅋㅋㅋ,ㅋㅋㅋㅋ,58,58.0,티배깅 ㅋㅋㅋㅋ ㅋㅋㅋㅋ,티배깅 ㅋㅋㅋㅋ ㅋㅋㅋㅋ,0.1138518750667572,0.07139118760824203,0.05990131199359894,0.03409264236688614,0.6991955041885376,0.0215674489736557
2024-03-24 14:20:58,설마 터지겠어 ㅋㅋㅋ,살살해~,58,58.0,설마 터지겠어 ㅋㅋㅋ 살살해~,설마 터지겠어 ㅋㅋㅋ 살살해~,0.2693573236465454,0.20994548499584198,0.08436120301485062,0.06898157298564911,0.28235524892807007,0.08499912172555923
2024-03-24 14:21:00,사인지 이상한데?,"랩타임 왜 저럼?
- dc official App",58,58.0,"사인지 이상한데? 랩타임 왜 저럼?
- dc official App",사인지 이상한데? 랩타임 왜 저럼?,0.24786123633384705,0.3188169002532959,0.14429353177547455,0.1084907054901123,0.10722128301858902,0.07331635802984238
2024-03-24 14:21:03,사인츠 티배깅하네 씹ㅋㅋㅋㅋㅋㅋㅋ,장난하노,58,58.0,사인츠 티배깅하네 씹ㅋㅋㅋㅋㅋㅋㅋ 장난하노,사인츠 티배깅하네 씹ㅋㅋㅋㅋㅋㅋㅋ 장난하노,0.25193002820014954,0.17882506549358368,0.2512107491493225,0.11478747427463531,0.13253968954086304,0.07070695608854294
2024-03-24 14:21:05,DOD 베르스타펜 투표했다,앞으로도 리타이어 잘 부탁해~,58,58.0,DOD 베르스타펜 투표했다 앞으로도 리타이어 잘 부탁해~,DOD 베르스타펜 투표했다 앞으로도 리타이어 잘 부탁해~,0.13930068910121918,0.07611178606748581,0.05670357495546341,0.04576732963323593,0.6484573483467102,0.033659253269433975
2024-03-24 14:21:05,나른한 일요일 오후엔 이태리 국가지,가숨이 웅장해진다,58,58.0,나른한 일요일 오후엔 이태리 국가지 가숨이 웅장해진다,나른한 일요일 오후엔 이태리 국가지 가숨이 웅장해진다,0.12529215216636658,0.057011015713214874,0.059521615505218506,0.04637164622545242,0.6869099736213684,0.024893566966056824
2024-03-24 14:21:07,페라리파이널랩 엔진블로우 보고싶으면 가추 ㅋㅋㅋㅋ,ㅋㅋㅋㅋㅋ,58,58.0,페라리파이널랩 엔진블로우 보고싶으면 가추 ㅋㅋㅋㅋ ㅋㅋㅋㅋㅋ,페라리파이널랩 엔진블로우 보고싶으면 가추 ㅋㅋㅋㅋ ㅋㅋㅋㅋㅋ,0.14716197550296783,0.11783571541309357,0.067941814661026,0.03258540853857994,0.6017388105392456,0.03273623436689377
2024-03-24 14:21:09,미끌 패랩 ㅋㅋㅋㅋㅋ,오,58,58.0,미끌 패랩 ㅋㅋㅋㅋㅋ 오,미끌 패랩 ㅋㅋㅋㅋㅋ 오,0.14447276294231415,0.12459056824445724,0.06592407822608948,0.03049865923821926,0.6020894050598145,0.03242459148168564
2024-03-24 14:21:10,피아스트리한테 걍 3위 주면 안되냐?,고향이잖아...,58,58.0,피아스트리한테 걍 3위 주면 안되냐? 고향이잖아...,피아스트리한테 걍 3위 주면 안되냐? 고향이잖아...,0.2648763060569763,0.19429835677146912,0.13615676760673523,0.19226445257663727,0.10211530327796936,0.11028886586427689
2024-03-24 14:21:11,막랩 레드플랙 가즈아 ㅋㅋ,ㅋㅋ,58,58.0,막랩 레드플랙 가즈아 ㅋㅋ ㅋㅋ,막랩 레드플랙 가즈아 ㅋㅋ ㅋㅋ,0.11259658634662628,0.07871539145708084,0.06148936599493027,0.03593282401561737,0.6854941248893738,0.0257717277854681
2024-03-24 14:21:14,르끌 패랩,- dc official App,58,58.0,르끌 패랩 - dc official App,르끌 패랩 - dc official App,0.20973223447799683,0.207129567861557,0.10023605823516846,0.052120815962553024,0.39673876762390137,0.034042567014694214
2024-03-24 14:21:14,르끌 패랩!,,58,58.0,르끌 패랩! ,르끌 패랩!,0.19429780542850494,0.1132008507847786,0.0935659110546112,0.072232186794281,0.49391576647758484,0.03278748318552971
2024-03-24 14:21:20,아 ㅅㅂ 패랩 뺏겼노,,58,58.0,아 ㅅㅂ 패랩 뺏겼노 ,아 ㅅㅂ 패랩 뺏겼노,0.2393513172864914,0.10694090276956558,0.24811695516109467,0.24192076921463013,0.1148509606719017,0.04881907254457474
2024-03-24 14:21:20,르끌 패랩 먹었노ㅋㅋㅋ,ㅋㅋㅋ,58,58.0,르끌 패랩 먹었노ㅋㅋㅋ ㅋㅋㅋ,르끌 패랩 먹었노ㅋㅋㅋ ㅋㅋㅋ,0.2212870568037033,0.10327643901109695,0.10857349634170532,0.06726638972759247,0.4571410119533539,0.04245557263493538
2024-03-24 14:21:21,르황 패랩 ㅋㅋ,황라리,58,58.0,르황 패랩 ㅋㅋ 황라리,르황 패랩 ㅋㅋ 황라리,0.10848446190357208,0.07726363092660904,0.059648048132658005,0.03261212259531021,0.6977505087852478,0.02424122393131256
2024-03-24 14:21:27,제발 펑쳐 ㅋㅋ,ㅋㅋㅋㅋ,58,58.0,제발 펑쳐 ㅋㅋ ㅋㅋㅋㅋ,제발 펑쳐 ㅋㅋ ㅋㅋㅋㅋ,0.21527843177318573,0.16267387568950653,0.09289787709712982,0.04740039259195328,0.4262734651565552,0.055475953966379166
2024-03-24 14:21:33,사인츠 관리하고 있네 ㅇㅇ,ㅇㅇ,58,58.0,사인츠 관리하고 있네 ㅇㅇ ㅇㅇ,사인츠 관리하고 있네 ㅇㅇ ㅇㅇ,0.16306202113628387,0.10851982235908508,0.06274110078811646,0.04772694408893585,0.5798282027244568,0.03812192380428314
2024-03-24 14:21:34,DOD 투표하러 가자,https://www.formula1.com/en/vote.html,58,58.0,DOD 투표하러 가자 https://www.formula1.com/en/vote.html,DOD 투표하러 가자,0.16815680265426636,0.13364143669605255,0.07335513830184937,0.05309043079614639,0.5294970870018005,0.04225916042923927
2024-03-24 14:21:33,어 레이스 패랩 갱신된거 아님?,와,58,58.0,어 레이스 패랩 갱신된거 아님? 와,어 레이스 패랩 갱신된거 아님? 와,0.21950963139533997,0.29998621344566345,0.098749540746212,0.043155819177627563,0.24433869123458862,0.09426003694534302
2024-03-24 14:21:34,르끌 마무리 패랩 재미들렷냐????,"왜저랩
- dc official App",58,58.0,"르끌 마무리 패랩 재미들렷냐???? 왜저랩
- dc official App",르끌 마무리 패랩 재미들렷냐???? 왜저랩,0.2896663248538971,0.21728050708770752,0.21096335351467133,0.12754499912261963,0.08689230680465698,0.06765253841876984
2024-03-24 14:21:37,원투에 패랩까지 가보자잇 ㅅㅅㅅㅅㅅ,"ㅅㅅㅅㅅ
- dc official App",58,58.0,"원투에 패랩까지 가보자잇 ㅅㅅㅅㅅㅅ ㅅㅅㅅㅅ
- dc official App",원투에 패랩까지 가보자잇 ㅅㅅㅅㅅㅅ ㅅㅅㅅㅅ,0.11446057260036469,0.07652145624160767,0.06147311255335808,0.039416391402482986,0.678243100643158,0.029885396361351013
2024-03-24 14:21:35,황라리 44포ㅋㅋㅋㅋㅋ,,58,58.0,황라리 44포ㅋㅋㅋㅋㅋ ,황라리 44포ㅋㅋㅋㅋㅋ,0.1204712837934494,0.08554893732070923,0.06611109524965286,0.03412853926420212,0.6650832891464233,0.02865675464272499
2024-03-24 14:21:40,르끌레 팔문개방ㅋㅋㅋ,- dc official App,58,58.0,르끌레 팔문개방ㅋㅋㅋ - dc official App,르끌레 팔문개방ㅋㅋㅋ - dc official App,0.11925060302019119,0.09382528811693192,0.06996265053749084,0.03659859299659729,0.6539717316627502,0.026391183957457542
2024-03-24 14:21:40,피아제 이거 뭐냐???,이남자 이마가 대단하다,58,58.0,피아제 이거 뭐냐??? 이남자 이마가 대단하다,피아제 이거 뭐냐??? 이남자 이마가 대단하다,0.1926056444644928,0.32915160059928894,0.1347358524799347,0.055784229189157486,0.14523738622665405,0.14248529076576233
2024-03-24 14:21:52,누리스 씹년 피아제 포디움 내놓으라고ㅗㅗㅗ,시발아,After Lap,,누리스 씹년 피아제 포디움 내놓으라고ㅗㅗㅗ 시발아,누리스 씹년 피아제 포디움 내놓으라고ㅗㅗㅗ 시발아,0.19332008063793182,0.11386903375387192,0.3061787486076355,0.18818159401416779,0.1641869992017746,0.034263499081134796
2024-03-24 14:21:53,와 페라리 와 ㅋㅋ 와ㅠㅠㅠㅜ,눈물난다,After Lap,,와 페라리 와 ㅋㅋ 와ㅠㅠㅠㅜ 눈물난다,와 페라리 와 ㅋㅋ 와ㅠㅠㅠㅜ 눈물난다,0.20153100788593292,0.1979999989271164,0.08587101101875305,0.05350435897707939,0.38453179597854614,0.07656187564134598
2024-03-24 14:22:00,사인즈 트래픽걸리노ㅋㅋㅋㅋㅋㅋㅋㅋㅋ,,After Lap,,사인즈 트래픽걸리노ㅋㅋㅋㅋㅋㅋㅋㅋㅋ ,사인즈 트래픽걸리노ㅋㅋㅋㅋㅋㅋㅋㅋㅋ,0.21823753416538239,0.1746339648962021,0.11238795518875122,0.0523991659283638,0.3880895674228668,0.054251838475465775
2024-03-24 14:22:10,여기서 황라리 동반이탈 가능??,ㅋㅋㅋ,After Lap,,여기서 황라리 동반이탈 가능?? ㅋㅋㅋ,여기서 황라리 동반이탈 가능?? ㅋㅋㅋ,0.2228863388299942,0.22319698333740234,0.07747757434844971,0.043673623353242874,0.36195623874664307,0.07080920785665512
2024-03-24 14:22:20,몽골도 몽골인데 체코는 왜 또 저렇게 ㅈ박음?,뭔가 사고가 있었음? 아님 그냥 자기 실력임?,After Lap,,몽골도 몽골인데 체코는 왜 또 저렇게 ㅈ박음? 뭔가 사고가 있었음? 아님 그냥 자기 실력임?,몽골도 몽골인데 체코는 왜 또 저렇게 ㅈ박음? 뭔가 사고가 있었음? 아님 그냥 자기 실력임?,0.2240535169839859,0.2970525026321411,0.17563959956169128,0.1297633945941925,0.07576782256364822,0.09772317856550217
2024-03-24 14:22:24,페레즈는 왜이리 느리냐,"딸깍질하러 가지도 못하네
- dc official App",After Lap,,"페레즈는 왜이리 느리냐 딸깍질하러 가지도 못하네
- dc official App",페레즈는 왜이리 느리냐 딸깍질하러 가지도 못하네,0.2799051105976105,0.1311970055103302,0.20480002462863922,0.23518019914627075,0.11390628665685654,0.03501134365797043
2024-03-24 14:22:28,???? 쥬지 ㅋㅋㅋㅋㅋㅋㅋ,,After Lap,,???? 쥬지 ㅋㅋㅋㅋㅋㅋㅋ ,???? 쥬지 ㅋㅋㅋㅋㅋㅋㅋ,0.14838841557502747,0.12459667026996613,0.06618072092533112,0.029923999682068825,0.5962437391281128,0.03466646000742912
2024-03-24 14:22:32,피아스트리 양보안했어도 추월당했지,"노리스 sns는 좀 테러당하긴 하겠지만
이걸 아주라는 좀 ㅋㅋ",After Lap,,"피아스트리 양보안했어도 추월당했지 노리스 sns는 좀 테러당하긴 하겠지만
이걸 아주라는 좀 ㅋㅋ",피아스트리 양보안했어도 추월당했지 노리스 sns는 좀 테러당하긴 하겠지만 이걸 아주라는 좀 ㅋㅋ,0.2648945152759552,0.2897561192512512,0.1601007878780365,0.10980615019798279,0.09032908827066422,0.08511334657669067
2024-03-24 14:22:33,?????,,After Lap,,????? ,?????,0.22832457721233368,0.3215034604072571,0.13142810761928558,0.07013199478387833,0.14605753123760223,0.1025543287396431
2024-03-24 14:22:33,러셀 사고 ㄷㄷㄷㄷㄷㄷㄷㄷㄷ,,After Lap,,러셀 사고 ㄷㄷㄷㄷㄷㄷㄷㄷㄷ ,러셀 사고 ㄷㄷㄷㄷㄷㄷㄷㄷㄷ,0.2238822877407074,0.2994305193424225,0.13948765397071838,0.08897025883197784,0.1260380744934082,0.12219125032424927
2024-03-24 14:22:34,????????,,After Lap,,???????? ,????????,0.22670549154281616,0.3266763985157013,0.12781621515750885,0.06785263121128082,0.1465773582458496,0.10437192767858505
2024-03-24 14:22:34,????,,After Lap,,???? ,????,0.2329530417919159,0.3157021999359131,0.13553594052791595,0.07164652645587921,0.1439196616411209,0.10024265199899673
2024-03-24 14:22:34,ㅋㅋㅋㅋㅋㅋㅋㅋㅋㅋㅋㅋ,ㅋㅋㅋㅋㅋㅋ,After Lap,,ㅋㅋㅋㅋㅋㅋㅋㅋㅋㅋㅋㅋ ㅋㅋㅋㅋㅋㅋ,ㅋㅋㅋㅋㅋㅋㅋㅋㅋㅋㅋㅋ ㅋㅋㅋㅋㅋㅋ,0.14398515224456787,0.0922098457813263,0.07013300806283951,0.034723781049251556,0.633470892906189,0.025477265939116478
2024-03-24 14:22:35,옐로플랙 ㅋㅋ,ㅋㅋㅋㅋㅋㅋㅋ,After Lap,,옐로플랙 ㅋㅋ ㅋㅋㅋㅋㅋㅋㅋ,옐로플랙 ㅋㅋ ㅋㅋㅋㅋㅋㅋㅋ,0.12400641292333603,0.08088164776563644,0.06581985950469971,0.03425725921988487,0.6708992123603821,0.02413555048406124
2024-03-24 14:22:35,로샐,"ㄷㄷㄷ
- dc official App",After Lap,,"로샐 ㄷㄷㄷ
- dc official App",로샐 ㄷㄷㄷ,0.20471340417861938,0.33404216170310974,0.12443475425243378,0.057849280536174774,0.16263063251972198,0.11632972955703735
2024-03-24 14:22:35,러셀 또 지랄 ㅋㅋㅋㅋ,,After Lap,,러셀 또 지랄 ㅋㅋㅋㅋ ,러셀 또 지랄 ㅋㅋㅋㅋ,0.24181368947029114,0.12778440117835999,0.2582605183124542,0.10654500871896744,0.20548108220100403,0.060115326195955276
2024-03-24 14:22:36,좆쥬지ㅋㅋㅋㅋㅋ,ㅋㅋㅋ,After Lap,,좆쥬지ㅋㅋㅋㅋㅋ ㅋㅋㅋ,좆쥬지ㅋㅋㅋㅋㅋ ㅋㅋㅋ,0.11780533194541931,0.07611770927906036,0.05948258936405182,0.033349283039569855,0.689247190952301,0.02399793639779091
2024-03-24 14:22:37,어 시발 러셀 뭐노,기습 사고 뭔데,After Lap,,어 시발 러셀 뭐노 기습 사고 뭔데,어 시발 러셀 뭐노 기습 사고 뭔데,0.2350214272737503,0.15612749755382538,0.2775808870792389,0.17074233293533325,0.10315077006816864,0.05737709626555443
2024-03-24 14:22:37,끝낫다 ㅋㅋㅋ,ㅋㅋㅋ,After Lap,,끝낫다 ㅋㅋㅋ ㅋㅋㅋ,끝낫다 ㅋㅋㅋ ㅋㅋㅋ,0.16881878674030304,0.07791844010353088,0.10786516964435577,0.0610010102391243,0.5498360395431519,0.034560441970825195
2024-03-24 14:22:36,엌ㅋㅋㅋㅋ옐로캌ㅋㅋㅋㅋㅋㅋㅋㅋ,,After Lap,,엌ㅋㅋㅋㅋ옐로캌ㅋㅋㅋㅋㅋㅋㅋㅋ ,엌ㅋㅋㅋㅋ옐로캌ㅋㅋㅋㅋㅋㅋㅋㅋ,0.12122494727373123,0.08236591517925262,0.058057185262441635,0.03093680366873741,0.6829472184181213,0.02446790598332882
2024-03-24 14:22:37,오아아ㅏㅏ,"ㄹㄹㄹ호ㅗ
- dc official App",After Lap,,"오아아ㅏㅏ ㄹㄹㄹ호ㅗ
- dc official App",오아아ㅏㅏ ㄹㄹㄹ호ㅗ,0.10466685146093369,0.06266003102064133,0.05620209500193596,0.03696344792842865,0.716888427734375,0.02261909283697605
2024-03-24 14:22:38,쥬지 멸망 ㅋㅋㅋㅋ,ㅋㅋㅋㅋ,After Lap,,쥬지 멸망 ㅋㅋㅋㅋ ㅋㅋㅋㅋ,쥬지 멸망 ㅋㅋㅋㅋ ㅋㅋㅋㅋ,0.1465516984462738,0.08831336349248886,0.09355571866035461,0.04450889676809311,0.5961782336235046,0.030892102047801018
2024-03-24 14:22:37,쥬지씨발ㅋㅋㅋㅋㅋㅋㅋㅋㅋㅋ,,After Lap,,쥬지씨발ㅋㅋㅋㅋㅋㅋㅋㅋㅋㅋ ,쥬지씨발ㅋㅋㅋㅋㅋㅋㅋㅋㅋㅋ,0.2304011881351471,0.1281677484512329,0.2789623737335205,0.12153411656618118,0.17749354243278503,0.06344108283519745
2024-03-24 14:22:38,엥 러셀 시발 ㅋㅋㅋㅋㅋㅋㅋㅋㅋㅋ,,After Lap,,엥 러셀 시발 ㅋㅋㅋㅋㅋㅋㅋㅋㅋㅋ ,엥 러셀 시발 ㅋㅋㅋㅋㅋㅋㅋㅋㅋㅋ,0.2835439145565033,0.14929060637950897,0.15238367021083832,0.07018106430768967,0.2768647074699402,0.067735955119133
2024-03-24 14:22:35,러셀 병신 ㅋㅋㅋㅋㅋㅋㅋ,- dc official App,After Lap,,러셀 병신 ㅋㅋㅋㅋㅋㅋㅋ - dc official App,러셀 병신 ㅋㅋㅋㅋㅋㅋㅋ - dc official App,0.11930935829877853,0.0917639285326004,0.064600870013237,0.030903352424502373,0.6695085763931274,0.02391386590898037
2024-03-24 14:22:39,쥬지 ㅅㅅ쇼ㅛㅅ,ㅛㅛㅛ,After Lap,,쥬지 ㅅㅅ쇼ㅛㅅ ㅛㅛㅛ,쥬지 ㅅㅅ쇼ㅛㅅ ㅛㅛㅛ,0.12231215834617615,0.08581377565860748,0.0640287697315216,0.03698202967643738,0.6608736515045166,0.029989589005708694
2024-03-24 14:22:39,????????????????,- dc official App,After Lap,,???????????????? - dc official App,???????????????? - dc official App,0.2280666083097458,0.3030462861061096,0.10542304068803787,0.05269280821084976,0.22460374236106873,0.08616755902767181
2024-03-24 14:22:39,레이스 끝!,,After Lap,,레이스 끝! ,레이스 끝!,0.15097133815288544,0.10342902690172195,0.07833221554756165,0.05129596218466759,0.5861538052558899,0.029817577451467514
2024-03-24 14:22:40,????,- dc official App,After Lap,,???? - dc official App,???? - dc official App,0.21654626727104187,0.2738932967185974,0.09905503690242767,0.050327517092227936,0.3042738437652588,0.05590403452515602
2024-03-24 14:22:41,이거 뭐고 쥬지 ㄷㄷㄷ,와이라노d,After Lap,,이거 뭐고 쥬지 ㄷㄷㄷ 와이라노d,이거 뭐고 쥬지 ㄷㄷㄷ 와이라노d,0.267580509185791,0.25970926880836487,0.11482930928468704,0.06843755394220352,0.1766473799943924,0.11279598623514175
2024-03-24 14:22:41,????????,,After Lap,,???????? ,????????,0.22670549154281616,0.3266763985157013,0.12781621515750885,0.06785263121128082,0.1465773582458496,0.10437192767858505
2024-03-24 14:22:41,하스 더블포인트 개섹스 ㅅㅅㅅㅅㅅㅅㅅㅅ,ㅅㅅㅅㅅㅅㅅㅅ,After Lap,,하스 더블포인트 개섹스 ㅅㅅㅅㅅㅅㅅㅅㅅ ㅅㅅㅅㅅㅅㅅㅅ,하스 더블포인트 개섹스 ㅅㅅㅅㅅㅅㅅㅅㅅ ㅅㅅㅅㅅㅅㅅㅅ,0.11277972161769867,0.059599537402391434,0.0596785843372345,0.041104163974523544,0.7037248015403748,0.023113174363970757
2024-03-24 14:22:42,????? ㄹ0드각 인데,"ㅋㅋㅋㅋㅋ
- dc official App",After Lap,,"????? ㄹ0드각 인데 ㅋㅋㅋㅋㅋ
- dc official App",????? ㄹ0드각 인데 ㅋㅋㅋㅋㅋ,0.1798294186592102,0.1801413595676422,0.06662992388010025,0.02875078096985817,0.4974105954170227,0.04723793640732765
2024-03-24 14:22:43,싱가폴 엔딩 ㅋㅋㅋㅋ,ㅋㅋㅋㅋㅋㅋㅋㅋㅋ,After Lap,,싱가폴 엔딩 ㅋㅋㅋㅋ ㅋㅋㅋㅋㅋㅋㅋㅋㅋ,싱가폴 엔딩 ㅋㅋㅋㅋ ㅋㅋㅋㅋㅋㅋㅋㅋㅋ,0.14464786648750305,0.08098828047513962,0.07435447722673416,0.04125839099287987,0.632408082485199,0.026342948898673058
2024-03-24 14:22:43,쥬지 사망ㅋㅋㅋㅋㅋㅋ,ㅋㅋㅋㅋㅋㅋ,After Lap,,쥬지 사망ㅋㅋㅋㅋㅋㅋ ㅋㅋㅋㅋㅋㅋ,쥬지 사망ㅋㅋㅋㅋㅋㅋ ㅋㅋㅋㅋㅋㅋ,0.17782644927501678,0.10611743479967117,0.08293597400188446,0.04310593754053116,0.5546674132347107,0.03534679487347603
2024-03-24 14:22:40,으러셀사망ㅋㅋㅋㅋ,,After Lap,,으러셀사망ㅋㅋㅋㅋ ,으러셀사망ㅋㅋㅋㅋ,0.1682274341583252,0.09393061697483063,0.09988551586866379,0.05067998170852661,0.5523111820220947,0.03496531397104263
2024-03-24 14:22:44,사고 머고 ㅋㅋㅋㅋㅋ,와ㅋㅋㅋ,After Lap,,사고 머고 ㅋㅋㅋㅋㅋ 와ㅋㅋㅋ,사고 머고 ㅋㅋㅋㅋㅋ 와ㅋㅋㅋ,0.15908236801624298,0.151094451546669,0.06583388149738312,0.029916316270828247,0.553601861000061,0.040471214801073074
2024-03-24 14:22:44,쥬지 사망 ㅋㅋㅋㅋㅋ,- dc official App,After Lap,,쥬지 사망 ㅋㅋㅋㅋㅋ - dc official App,쥬지 사망 ㅋㅋㅋㅋㅋ - dc official App,0.15723419189453125,0.09875518828630447,0.07465726137161255,0.03952355682849884,0.5961087346076965,0.03372107446193695
2024-03-24 14:22:44,어 시발 쥬지 ㅋㅋㅋㅋ,,After Lap,,어 시발 쥬지 ㅋㅋㅋㅋ ,어 시발 쥬지 ㅋㅋㅋㅋ,0.12571626901626587,0.08353717625141144,0.07352790981531143,0.03600848466157913,0.6540597081184387,0.027150485664606094
2024-03-24 14:22:45,시발 ㅋㅋㅋㅋㅋㅋㅋㅋㅋ 역시 꿀잼메이커,ㅋㅋㅋㅋㅋㅋㅋㅋㅋㅋㅋㅋㅋㅋㅋㅋ,After Lap,,시발 ㅋㅋㅋㅋㅋㅋㅋㅋㅋ 역시 꿀잼메이커 ㅋㅋㅋㅋㅋㅋㅋㅋㅋㅋㅋㅋㅋㅋㅋㅋ,시발 ㅋㅋㅋㅋㅋㅋㅋㅋㅋ 역시 꿀잼메이커 ㅋㅋㅋㅋㅋㅋㅋㅋㅋㅋㅋㅋㅋㅋㅋㅋ,0.1265382468700409,0.06283532828092575,0.06183575838804245,0.039997875690460205,0.6834843754768372,0.02530839294195175
2024-03-24 14:22:45,쥬지 뭐꼬,,After Lap,,쥬지 뭐꼬 ,쥬지 뭐꼬,0.2363240271806717,0.3203316032886505,0.0959930270910263,0.057111140340566635,0.21184788644313812,0.07839234173297882
2024-03-24 14:22:45,쥬지 갑자기 뭐임,,After Lap,,쥬지 갑자기 뭐임 ,쥬지 갑자기 뭐임,0.2383446842432022,0.32347363233566284,0.11466101557016373,0.05991727113723755,0.17394092679023743,0.08966244757175446
2024-03-24 14:22:45,병신 ㅋㅋㅋㅋ,,After Lap,,병신 ㅋㅋㅋㅋ ,병신 ㅋㅋㅋㅋ,0.14101041853427887,0.10126323252916336,0.06467229872941971,0.029795439913868904,0.6352509260177612,0.028007663786411285
2024-03-24 14:22:48,ㅋㅋㅋㅋㅋㅋㅋㅋㅋㅋㅋㅋ,ㅋㅋㅋㅋㅋㅋㅋㅋㅋㅋㅋ,After Lap,,ㅋㅋㅋㅋㅋㅋㅋㅋㅋㅋㅋㅋ ㅋㅋㅋㅋㅋㅋㅋㅋㅋㅋㅋ,ㅋㅋㅋㅋㅋㅋㅋㅋㅋㅋㅋㅋ ㅋㅋㅋㅋㅋㅋㅋㅋㅋㅋㅋ,0.1520712971687317,0.09343953430652618,0.07508953660726547,0.03640894591808319,0.6171015501022339,0.025889165699481964
2024-03-24 14:22:48,세이프티카입갤ㅋㅋㅋㅋㅋㅋㅋㅋ,- dc official App,After Lap,,세이프티카입갤ㅋㅋㅋㅋㅋㅋㅋㅋ - dc official App,세이프티카입갤ㅋㅋㅋㅋㅋㅋㅋㅋ - dc official App,0.11544004082679749,0.09455548226833344,0.0676223486661911,0.03341524675488472,0.6650148034095764,0.023952007293701172
2024-03-24 14:22:49,세카엔딩이네,,After Lap,,세카엔딩이네 ,세카엔딩이네,0.13256633281707764,0.07754728198051453,0.05591300502419472,0.03960522264242172,0.6669767498970032,0.02739139273762703
2024-03-24 14:22:49,싱가포르 PTSD ON,- dc official App,After Lap,,싱가포르 PTSD ON - dc official App,싱가포르 PTSD ON - dc official App,0.24300622940063477,0.262923002243042,0.1347513496875763,0.11091442406177521,0.16395550966262817,0.08444949239492416
2024-03-24 14:22:49,????,,After Lap,,???? ,????,0.2329530417919159,0.3157021999359131,0.13553594052791595,0.07164652645587921,0.1439196616411209,0.10024265199899673
2024-03-24 14:22:50,야이씨발아,아오 씨발,After Lap,,야이씨발아 아오 씨발,야이씨발아 아오 씨발,0.17798809707164764,0.13920488953590393,0.3106253445148468,0.1887902468442917,0.1343681365251541,0.04902328923344612
2024-03-24 14:22:50,러셀은 이정도 수준이야 ㅋㅋㅋㅋ,ㅋㅋㅋㅋㅋㅋㅋㅋㅋ,After Lap,,러셀은 이정도 수준이야 ㅋㅋㅋㅋ ㅋㅋㅋㅋㅋㅋㅋㅋㅋ,러셀은 이정도 수준이야 ㅋㅋㅋㅋ ㅋㅋㅋㅋㅋㅋㅋㅋㅋ,0.18684783577919006,0.10332195460796356,0.09954904764890671,0.04949123039841652,0.5148083567619324,0.04598156735301018
2024-03-24 14:22:47,이거 레드 각인데,- dc official App,After Lap,,이거 레드 각인데 - dc official App,이거 레드 각인데 - dc official App,0.209685280919075,0.27989500761032104,0.08557795733213425,0.045394230633974075,0.3097071051597595,0.069740429520607
2024-03-24 14:22:50,하스 싱글벙글 ㅋㅋ,둘다 포인트권 ㅅㅅ,After Lap,,하스 싱글벙글 ㅋㅋ 둘다 포인트권 ㅅㅅ,하스 싱글벙글 ㅋㅋ 둘다 포인트권 ㅅㅅ,0.11011812090873718,0.05982015281915665,0.05648832023143768,0.04036087542772293,0.7083662748336792,0.024846207350492477
2024-03-24 14:22:51,싱가폴 어게인 씨발ㅋㅋㅋㅋㅋㅋㅋ,- dc official App,After Lap,,싱가폴 어게인 씨발ㅋㅋㅋㅋㅋㅋㅋ - dc official App,싱가폴 어게인 씨발ㅋㅋㅋㅋㅋㅋㅋ - dc official App,0.1168643906712532,0.0723944902420044,0.08093032985925674,0.041331660002470016,0.6647147536277771,0.02376437932252884
2024-03-24 14:22:51,메르 ㅈ망했노,ㅋㅋㅋㅋㅋㅋㅋㅋㅋㅋ,After Lap,,메르 ㅈ망했노 ㅋㅋㅋㅋㅋㅋㅋㅋㅋㅋ,메르 ㅈ망했노 ㅋㅋㅋㅋㅋㅋㅋㅋㅋㅋ,0.336851567029953,0.16176573932170868,0.17044606804847717,0.1533152014017105,0.08690454065799713,0.0907169058918953
2024-03-24 14:22:51,아니 씨발 ㅋㅋㅋㅋ,,After Lap,,아니 씨발 ㅋㅋㅋㅋ ,아니 씨발 ㅋㅋㅋㅋ,0.2521953880786896,0.148759663105011,0.23229360580444336,0.09885150194168091,0.1914876252412796,0.07641226053237915
2024-03-24 14:22:52,?????,- dc official App,After Lap,,????? - dc official App,????? - dc official App,0.22150033712387085,0.3052385747432709,0.10314635187387466,0.05303344130516052,0.2454686164855957,0.07161269336938858
2024-03-24 14:22:52,러셀 머고,ㄷㄷ,After Lap,,러셀 머고 ㄷㄷ,러셀 머고 ㄷㄷ,0.21609708666801453,0.3406384587287903,0.12236353009939194,0.06439309567213058,0.13862091302871704,0.11788684129714966
2024-03-24 14:22:52,하시발ㅋㅋㅋㅋ 몇랩만 일찍 하지,ㅅㅂ,After Lap,,하시발ㅋㅋㅋㅋ 몇랩만 일찍 하지 ㅅㅂ,하시발ㅋㅋㅋㅋ 몇랩만 일찍 하지 ㅅㅂ,0.21693918108940125,0.10465444624423981,0.3189665675163269,0.1864204853773117,0.12660402059555054,0.04641532525420189
2024-03-24 14:22:52,좆 메 르 멸 망 ㅋㅋㅋㅋㅋㅋ,ㅋㅋㅋㅋㅋ,After Lap,,좆 메 르 멸 망 ㅋㅋㅋㅋㅋㅋ ㅋㅋㅋㅋㅋ,좆 메 르 멸 망 ㅋㅋㅋㅋㅋㅋ ㅋㅋㅋㅋㅋ,0.21271400153636932,0.1465463787317276,0.2208375781774521,0.08461868762969971,0.28569599986076355,0.049587372690439224
2024-03-24 14:22:52,끝났네 ㄷㄷ,,After Lap,,끝났네 ㄷㄷ ,끝났네 ㄷㄷ,0.24988532066345215,0.289481520652771,0.1311330795288086,0.08500353991985321,0.11432261019945145,0.1301739364862442
2024-03-24 14:22:54,메르세데스 멸망 ㅋㅋㅋㅋㅋ,- dc official App,After Lap,,메르세데스 멸망 ㅋㅋㅋㅋㅋ - dc official App,메르세데스 멸망 ㅋㅋㅋㅋㅋ - dc official App,0.23395462334156036,0.18235033750534058,0.15919335186481476,0.07936209440231323,0.29326650500297546,0.05187307298183441
2024-03-24 14:22:57,셉카 엔딩 시발아,,After Lap,,셉카 엔딩 시발아 ,셉카 엔딩 시발아,0.21142320334911346,0.10349997878074646,0.27797216176986694,0.15298879146575928,0.21148894727230072,0.042626991868019104
2024-03-24 14:22:57,메르 노포  ㅋㅋㅋ,,After Lap,,메르 노포  ㅋㅋㅋ ,메르 노포 ㅋㅋㅋ,0.12346459180116653,0.08188144862651825,0.06371672451496124,0.033700741827487946,0.6723197102546692,0.02491673082113266
2024-03-24 14:22:58,아니 ㅂㅅ머함,,After Lap,,아니 ㅂㅅ머함 ,아니 ㅂㅅ머함,0.2285727858543396,0.1957179605960846,0.2568047344684601,0.17680518329143524,0.08865918219089508,0.05344017595052719
2024-03-24 14:22:59,셉카엔딩,아니 몇랩만 먼저 해줬으면...,After Lap,,셉카엔딩 아니 몇랩만 먼저 해줬으면...,셉카엔딩 아니 몇랩만 먼저 해줬으면...,0.2229866236448288,0.14634092152118683,0.09321269392967224,0.08305126428604126,0.390999972820282,0.0634085088968277
2024-03-24 14:22:59,사고 좀 커보이는데,,After Lap,,사고 좀 커보이는데 ,사고 좀 커보이는데,0.2444484382867813,0.3360881805419922,0.09930949658155441,0.08430802822113037,0.14102689921855927,0.09481891244649887
2024-03-24 14:23:00,메르사망뭐고 ㅋㅋㅋㅋ,- dc official App,After Lap,,메르사망뭐고 ㅋㅋㅋㅋ - dc official App,메르사망뭐고 ㅋㅋㅋㅋ - dc official App,0.24462810158729553,0.2985118329524994,0.15087974071502686,0.07395102828741074,0.1417386829853058,0.0902906060218811
2024-03-24 14:23:00,시발ㅋㅋㅋㅋㅋㅋㅋㅋㅋ ㅜㅜ,쥬지야..,After Lap,,시발ㅋㅋㅋㅋㅋㅋㅋㅋㅋ ㅜㅜ 쥬지야..,시발ㅋㅋㅋㅋㅋㅋㅋㅋㅋ ㅜㅜ 쥬지야..,0.2505021393299103,0.1144401952624321,0.18790914118289948,0.15406614542007446,0.2270297110080719,0.06605268269777298
2024-03-24 14:23:01,저생퀴는 왜 맨날 끝날때 처박음?,평범한 일상이 싫은가?,After Lap,,저생퀴는 왜 맨날 끝날때 처박음? 평범한 일상이 싫은가?,저생퀴는 왜 맨날 끝날때 처박음? 평범한 일상이 싫은가?,0.1816675066947937,0.15827207267284393,0.3183550536632538,0.1942196488380432,0.09091315418481827,0.05657254159450531
2024-03-24 14:23:00,레드 각인데,,After Lap,,레드 각인데 ,레드 각인데,0.2134518176317215,0.2649303674697876,0.08065351098775864,0.046232085675001144,0.31731951236724854,0.07741276919841766
2024-03-24 14:23:01,VSC 엔딩 ㅋㅋㅋㅋ 사인츠 우승!!!!,페라리의 원투 피니시를 축하드립니다,After Lap,,VSC 엔딩 ㅋㅋㅋㅋ 사인츠 우승!!!! 페라리의 원투 피니시를 축하드립니다,VSC 엔딩 ㅋㅋㅋㅋ 사인츠 우승!!!! 페라리의 원투 피니시를 축하드립니다,0.11560006439685822,0.06378719210624695,0.05392519384622574,0.034691888839006424,0.7044527530670166,0.027542870491743088
2024-03-24 14:23:02,저새끼는 항상 저러노 ㅋㅋ,월챔은 몬하겟다,After Lap,,저새끼는 항상 저러노 ㅋㅋ 월챔은 몬하겟다,저새끼는 항상 저러노 ㅋㅋ 월챔은 몬하겟다,0.23256252706050873,0.19241754710674286,0.23521831631660461,0.18878956139087677,0.07095552235841751,0.0800565555691719
2024-03-24 14:23:02,어 츠노다 P8 섹스 ㅋㅋㅋㅋㅋㅋㅋㅋㅋㅋ,,After Lap,,어 츠노다 P8 섹스 ㅋㅋㅋㅋㅋㅋㅋㅋㅋㅋ ,어 츠노다 P8 섹스 ㅋㅋㅋㅋㅋㅋㅋㅋㅋㅋ,0.11191269010305405,0.06880134344100952,0.06508950889110565,0.03380367159843445,0.6967828273773193,0.023610005155205727
2024-03-24 14:23:03,하셀 더블포이늩,"ㄱㄱㄱㄱ
- dc official App",After Lap,,"하셀 더블포이늩 ㄱㄱㄱㄱ
- dc official App",하셀 더블포이늩 ㄱㄱㄱㄱ,0.11292553693056107,0.08988627791404724,0.06369028985500336,0.035426199436187744,0.6715614795684814,0.026510264724493027
2024-03-24 14:23:03,러셀 뭐냐 ㅋㅋㅋㅋㅋㅋㅋㅋ,"갑자기 벽딸치노 ㅋㅋㅋㅋㅋㅋ
- dc official App",After Lap,,"러셀 뭐냐 ㅋㅋㅋㅋㅋㅋㅋㅋ 갑자기 벽딸치노 ㅋㅋㅋㅋㅋㅋ
- dc official App",러셀 뭐냐 ㅋㅋㅋㅋㅋㅋㅋㅋ 갑자기 벽딸치노 ㅋㅋㅋㅋㅋㅋ,0.2855305075645447,0.19089120626449585,0.10946912318468094,0.05108621343970299,0.30710265040397644,0.05592040717601776
2024-03-24 14:23:02,쥬지 저거 중요할때 말아먹노 시발,,After Lap,,쥬지 저거 중요할때 말아먹노 시발 ,쥬지 저거 중요할때 말아먹노 시발,0.22387395799160004,0.11535359174013138,0.286101371049881,0.22064025700092316,0.11376726627349854,0.04026356711983681
2024-03-24 14:23:03,하스 3포인트 ㅋㅋㅋㅋㅋ,"개꿀
- dc official App",After Lap,,"하스 3포인트 ㅋㅋㅋㅋㅋ 개꿀
- dc official App",하스 3포인트 ㅋㅋㅋㅋㅋ 개꿀,0.11297019571065903,0.06224505230784416,0.06255783885717392,0.044922538101673126,0.6928402781486511,0.02446410432457924
2024-03-24 14:23:05,ㅋㅋㅋㅋㅋㅋ 무리하다가 꼴박했노,- dc official App,After Lap,,ㅋㅋㅋㅋㅋㅋ 무리하다가 꼴박했노 - dc official App,ㅋㅋㅋㅋㅋㅋ 무리하다가 꼴박했노 - dc official App,0.35417440533638,0.16055086255073547,0.14116600155830383,0.10559301823377609,0.14747019112110138,0.09104552865028381
2024-03-24 14:23:05,페라리 원투 하스 더블포인트ㄷㄷㄷ,ㄷㄷㄷㄷㄷㄷㄷㄷㄷ,After Lap,,페라리 원투 하스 더블포인트ㄷㄷㄷ ㄷㄷㄷㄷㄷㄷㄷㄷㄷ,페라리 원투 하스 더블포인트ㄷㄷㄷ ㄷㄷㄷㄷㄷㄷㄷㄷㄷ,0.19105283915996552,0.22654728591442108,0.07358339428901672,0.032430894672870636,0.4055710732936859,0.07081443816423416
2024-03-24 14:23:05,메르시발 차가 가지가지하네,ㅋㅋㅋㅋ,After Lap,,메르시발 차가 가지가지하네 ㅋㅋㅋㅋ,메르시발 차가 가지가지하네 ㅋㅋㅋㅋ,0.2334754467010498,0.186582550406456,0.2641978859901428,0.1112414225935936,0.1199125126004219,0.08459017425775528
2024-03-24 14:23:06,하스 더블포인트 ㅅㅅㅅㅅㅅㅅ,ㅅㅅㅅㅅㅅ,After Lap,,하스 더블포인트 ㅅㅅㅅㅅㅅㅅ ㅅㅅㅅㅅㅅ,하스 더블포인트 ㅅㅅㅅㅅㅅㅅ ㅅㅅㅅㅅㅅ,0.11318645626306534,0.05787445232272148,0.05607770010828972,0.04071575403213501,0.7093638777732849,0.02278178185224533
2024-03-24 14:23:06,"퇴물탕, 좆 2024 라인업 역대 최악 ㅋㅋㅋ",,After Lap,,"퇴물탕, 좆 2024 라인업 역대 최악 ㅋㅋㅋ ","퇴물탕, 좆 2024 라인업 역대 최악 ㅋㅋㅋ",0.2334139198064804,0.1982877105474472,0.21782338619232178,0.20531386137008667,0.07620483636856079,0.06895629316568375
2024-03-24 14:23:06,쥬지 꺽였네,"이뭔ㅋㅋ
- dc official App",After Lap,,"쥬지 꺽였네 이뭔ㅋㅋ
- dc official App",쥬지 꺽였네 이뭔ㅋㅋ,0.3043951392173767,0.19382727146148682,0.17448362708091736,0.10410640388727188,0.1239764392375946,0.09921111166477203
2024-03-24 14:23:07,와 대라리 우승,이궈궈던,After Lap,,와 대라리 우승 이궈궈던,와 대라리 우승 이궈궈던,0.11197739094495773,0.06354542821645737,0.0516672357916832,0.03476300090551376,0.7109169960021973,0.027129927650094032
2024-03-24 14:23:07,러셀또 시가폴 행동ㅋㅋ,,After Lap,,러셀또 시가폴 행동ㅋㅋ ,러셀또 시가폴 행동ㅋㅋ,0.10862051695585251,0.0682840645313263,0.056630637496709824,0.03378118947148323,0.7090775966644287,0.02360597997903824
2024-03-24 14:23:07,아 시발 좀만 빨리 사고 나지,아깝,After Lap,,아 시발 좀만 빨리 사고 나지 아깝,아 시발 좀만 빨리 사고 나지 아깝,0.25109511613845825,0.1356678009033203,0.2163373827934265,0.20681177079677582,0.12926489114761353,0.06082302704453468
2024-03-24 14:23:05,저거 괜찬나,,After Lap,,저거 괜찬나 ,저거 괜찬나,0.23783402144908905,0.29106026887893677,0.08988847583532333,0.06256917864084244,0.2280493527650833,0.09059871733188629
2024-03-24 14:23:08,러셀 12말도나도 엔딩,와....,After Lap,,러셀 12말도나도 엔딩 와....,러셀 12말도나도 엔딩 와....,0.20049086213111877,0.13241076469421387,0.06728412210941315,0.040329717099666595,0.5121512413024902,0.047333285212516785
2024-03-24 14:23:09,세카엔딩이네,쥬지야.......,After Lap,,세카엔딩이네 쥬지야.......,세카엔딩이네 쥬지야.......,0.16948936879634857,0.10701540112495422,0.05992664396762848,0.04504192993044853,0.5790722966194153,0.0394543893635273
2024-03-24 14:23:09,하스 둘다 포인트 따노 ㅋㅋㅋㅋ,"ㅋㅋㅋㅋㅋㅋ
- dc official App",After Lap,,"하스 둘다 포인트 따노 ㅋㅋㅋㅋ ㅋㅋㅋㅋㅋㅋ
- dc official App",하스 둘다 포인트 따노 ㅋㅋㅋㅋ ㅋㅋㅋㅋㅋㅋ,0.11191806942224503,0.06632645428180695,0.052162427455186844,0.03422078490257263,0.710026204586029,0.025346077978610992
2024-03-24 14:23:09,쥬지꼴박ㅋㅋㅋㅋㅋㅋㅋㅋㅋㅋㅋㅋㅋㅋㅋ,,After Lap,,쥬지꼴박ㅋㅋㅋㅋㅋㅋㅋㅋㅋㅋㅋㅋㅋㅋㅋ ,쥬지꼴박ㅋㅋㅋㅋㅋㅋㅋㅋㅋㅋㅋㅋㅋㅋㅋ,0.13305184245109558,0.09320768713951111,0.07211814075708389,0.03363348916172981,0.6393486261367798,0.02864024043083191
2024-03-24 14:23:10,갑자기 뭐여,ㄷㄷㄷ,After Lap,,갑자기 뭐여 ㄷㄷㄷ,갑자기 뭐여 ㄷㄷㄷ,0.2254369705915451,0.3191928565502167,0.14150841534137726,0.07707881182432175,0.1298757642507553,0.1069071963429451
2024-03-24 14:23:10,메르 전멸,ㄷㄷ,After Lap,,메르 전멸 ㄷㄷ,메르 전멸 ㄷㄷ,0.21887801587581635,0.3284229040145874,0.13534902036190033,0.08514094352722168,0.11169005930423737,0.12051907181739807
2024-03-24 14:23:10,이새끼 저번에도 그러더니 씹,ㅋㅋㅋㅋㅋ,After Lap,,이새끼 저번에도 그러더니 씹 ㅋㅋㅋㅋㅋ,이새끼 저번에도 그러더니 씹 ㅋㅋㅋㅋㅋ,0.1721811145544052,0.16382372379302979,0.3109174072742462,0.1871747523546219,0.09004499763250351,0.07585801929235458
2024-03-24 14:23:09,갑자기왜디짐시발??ㅋㅋㅋ,,After Lap,,갑자기왜디짐시발??ㅋㅋㅋ ,갑자기왜디짐시발??ㅋㅋㅋ,0.24288570880889893,0.15230946242809296,0.26820191740989685,0.14862897992134094,0.09942299127578735,0.08855094760656357
2024-03-24 14:23:10,조지 러셀의 꿈과 희망 2 ㅋㅋㅋㅋㅋㅋㅋㅋㅋㅋㅋ,+ 어김없이 입갤 ㅋㅋㅋㅋㅋ,After Lap,,조지 러셀의 꿈과 희망 2 ㅋㅋㅋㅋㅋㅋㅋㅋㅋㅋㅋ + 어김없이 입갤 ㅋㅋㅋㅋㅋ,조지 러셀의 꿈과 희망 2 ㅋㅋㅋㅋㅋㅋㅋㅋㅋㅋㅋ + 어김없이 입갤 ㅋㅋㅋㅋㅋ,0.10552150011062622,0.05889775604009628,0.053118981420993805,0.03691362589597702,0.7209729552268982,0.0245751291513443
2024-03-24 14:23:10,다행이네..,,After Lap,,다행이네.. ,다행이네..,0.2161397784948349,0.10755316913127899,0.08431155234575272,0.10880168527364731,0.4409360885620117,0.042257703840732574
2024-03-24 14:23:11,러셀 싱가폴했네,ㅇㅇ,After Lap,,러셀 싱가폴했네 ㅇㅇ,러셀 싱가폴했네 ㅇㅇ,0.14123094081878662,0.06710382550954819,0.061821773648262024,0.05837612599134445,0.6395103931427002,0.03195696696639061
2024-03-24 14:23:12,하스 더블피니쉬 ㄷㄷ,아야오 존나 행복하겠네 ㅋㅋㅋㅋㅋㅋ,After Lap,,하스 더블피니쉬 ㄷㄷ 아야오 존나 행복하겠네 ㅋㅋㅋㅋㅋㅋ,하스 더블피니쉬 ㄷㄷ 아야오 존나 행복하겠네 ㅋㅋㅋㅋㅋㅋ,0.10800061374902725,0.07305797934532166,0.05221379175782204,0.032848551869392395,0.7082680463790894,0.025610996410250664
2024-03-24 14:23:13,조지 놀라서 레드 외치는거봐 와 ㅅㅂ ㄷㄷㄷ,- dc official App,After Lap,,조지 놀라서 레드 외치는거봐 와 ㅅㅂ ㄷㄷㄷ - dc official App,조지 놀라서 레드 외치는거봐 와 ㅅㅂ ㄷㄷㄷ - dc official App,0.18968388438224792,0.3115285038948059,0.14075297117233276,0.0661236047744751,0.17338927090168,0.11852173507213593
2024-03-24 14:23:13,막랩에 이러냐,,After Lap,,막랩에 이러냐 ,막랩에 이러냐,0.29388928413391113,0.16858813166618347,0.17920564115047455,0.22791124880313873,0.07396912574768066,0.05643647909164429
2024-03-24 14:23:12,러셀 또 지랄 ㅋㅋ,싱가폴 어게인 ㅋㅋ,After Lap,,러셀 또 지랄 ㅋㅋ 싱가폴 어게인 ㅋㅋ,러셀 또 지랄 ㅋㅋ 싱가폴 어게인 ㅋㅋ,0.2354980707168579,0.12179620563983917,0.28040939569473267,0.12083905190229416,0.18416178226470947,0.057295411825180054
2024-03-24 14:23:15,하스 기적 같은 더블 포인트 ㅋㅋㅋㅋㅋㅋ,,After Lap,,하스 기적 같은 더블 포인트 ㅋㅋㅋㅋㅋㅋ ,하스 기적 같은 더블 포인트 ㅋㅋㅋㅋㅋㅋ,0.11369334906339645,0.06847390532493591,0.05366746336221695,0.03457459807395935,0.7041739225387573,0.025416674092411995
2024-03-24 14:23:18,쥬지 개웃기네 ㅋㅋㅋㅋ,ㅋㅋㅋㅋㅋ,After Lap,,쥬지 개웃기네 ㅋㅋㅋㅋ ㅋㅋㅋㅋㅋ,쥬지 개웃기네 ㅋㅋㅋㅋ ㅋㅋㅋㅋㅋ,0.13545039296150208,0.09055723994970322,0.06376346945762634,0.035748083144426346,0.6473297476768494,0.02715109847486019
2024-03-24 14:23:19,츠노다 섹스 ㅋㅋㅋ 하스 더블포인트 ㅋㅋㅋㅋ,"아 ㅋㅋㅋㅋ
- dc official App",After Lap,,"츠노다 섹스 ㅋㅋㅋ 하스 더블포인트 ㅋㅋㅋㅋ 아 ㅋㅋㅋㅋ
- dc official App",츠노다 섹스 ㅋㅋㅋ 하스 더블포인트 ㅋㅋㅋㅋ 아 ㅋㅋㅋㅋ,0.11128373444080353,0.06651514768600464,0.05923895537853241,0.03343429043889046,0.7076191306114197,0.021908732131123543
2024-03-24 14:23:20,하스 우승ㅋㅋㅋㅋ,,After Lap,,하스 우승ㅋㅋㅋㅋ ,하스 우승ㅋㅋㅋㅋ,0.11203061044216156,0.06451372057199478,0.05503435805439949,0.03446638584136963,0.709835410118103,0.024119429290294647
2024-03-24 14:23:20,뒤질거면 3랩만 일찍 뒤지지 쥬지 시발아,하시발,After Lap,,뒤질거면 3랩만 일찍 뒤지지 쥬지 시발아 하시발,뒤질거면 3랩만 일찍 뒤지지 쥬지 시발아 하시발,0.14976854622364044,0.13206110894680023,0.34451061487197876,0.1898200809955597,0.13841994106769562,0.04541972652077675
2024-03-24 14:23:21,쥬지 싱가폴한거냐,ㅋㅋㅋㅋㅋㅋ,After Lap,,쥬지 싱가폴한거냐 ㅋㅋㅋㅋㅋㅋ,쥬지 싱가폴한거냐 ㅋㅋㅋㅋㅋㅋ,0.16006776690483093,0.14225682616233826,0.06009235233068466,0.02923097275197506,0.5695565938949585,0.03879546746611595
2024-03-24 14:23:21,쥬지 싱가폴의 악몽 입갤ㅋㅋㅋ,ㅋㅋ,After Lap,,쥬지 싱가폴의 악몽 입갤ㅋㅋㅋ ㅋㅋ,쥬지 싱가폴의 악몽 입갤ㅋㅋㅋ ㅋㅋ,0.14108259975910187,0.0809377059340477,0.0770786926150322,0.047410864382982254,0.6232483386993408,0.030241774395108223
2024-03-24 14:23:21,쥬지 저새낀 몽골 ㅈ박을때마다 터뜨리네,싱가폴에서도 터뜨리지않았나,After Lap,,쥬지 저새낀 몽골 ㅈ박을때마다 터뜨리네 싱가폴에서도 터뜨리지않았나,쥬지 저새낀 몽골 ㅈ박을때마다 터뜨리네 싱가폴에서도 터뜨리지않았나,0.17404334247112274,0.2886897921562195,0.23097720742225647,0.11312250792980194,0.09097445011138916,0.10219264775514603
2024-03-24 14:23:23,막랩 꼬라박는건 역시 쥬지ㅋㅋㅋㅋ,,After Lap,,막랩 꼬라박는건 역시 쥬지ㅋㅋㅋㅋ ,막랩 꼬라박는건 역시 쥬지ㅋㅋㅋㅋ,0.2007593810558319,0.1825859099626541,0.12251045554876328,0.04739489406347275,0.3740118443965912,0.07273752987384796
2024-03-24 14:23:24,하스 더블 포인트 ㅋㅋㅋㅋ,.,After Lap,,하스 더블 포인트 ㅋㅋㅋㅋ .,하스 더블 포인트 ㅋㅋㅋㅋ .,0.11382438242435455,0.0725884959101677,0.06040126457810402,0.03591947257518768,0.6933550834655762,0.02391131781041622
2024-03-24 14:23:23,하스 개꿀딱ㅋㅋㅋㅋ더블포인틐ㅋㅋㅋㅋ,,After Lap,,하스 개꿀딱ㅋㅋㅋㅋ더블포인틐ㅋㅋㅋㅋ ,하스 개꿀딱ㅋㅋㅋㅋ더블포인틐ㅋㅋㅋㅋ,0.10809845477342606,0.061945591121912,0.05770720914006233,0.03672592341899872,0.7126439809799194,0.022878842428326607
2024-03-24 14:23:24,와 하스 더블포인트 쑤아릿,쑤아릿!,After Lap,,와 하스 더블포인트 쑤아릿 쑤아릿!,와 하스 더블포인트 쑤아릿 쑤아릿!,0.10909956693649292,0.07155551761388779,0.055335238575935364,0.0329936183989048,0.7085256576538086,0.022490382194519043
2024-03-24 14:23:24,하스 더블 포인틐ㅋㅋㅋㅋㅋㅋㅋㅋㅋㅋ,- dc official App,After Lap,,하스 더블 포인틐ㅋㅋㅋㅋㅋㅋㅋㅋㅋㅋ - dc official App,하스 더블 포인틐ㅋㅋㅋㅋㅋㅋㅋㅋㅋㅋ - dc official App,0.1231360137462616,0.10641791671514511,0.07212420552968979,0.03194756060838699,0.6413026452064514,0.025071727111935616
2024-03-24 14:23:25,피아스트리 어리둥절,뎃?,After Lap,,피아스트리 어리둥절 뎃?,피아스트리 어리둥절 뎃?,0.241034135222435,0.3247988522052765,0.11836538463830948,0.07904034107923508,0.14105482399463654,0.09570647031068802
2024-03-24 14:23:25,싱가포르의 재림이노,ㅇㅇ,After Lap,,싱가포르의 재림이노 ㅇㅇ,싱가포르의 재림이노 ㅇㅇ,0.1789616495370865,0.13762396574020386,0.06068146228790283,0.04056272655725479,0.5279885530471802,0.05418161675333977
2024-03-24 14:23:26,하스 섹스 ㄷㄷㄷㄷㄷ,ㄷㄷ,After Lap,,하스 섹스 ㄷㄷㄷㄷㄷ ㄷㄷ,하스 섹스 ㄷㄷㄷㄷㄷ ㄷㄷ,0.20917579531669617,0.3309161067008972,0.12017848342657089,0.05014082044363022,0.17563396692276,0.11395484209060669
2024-03-24 14:23:26,아니너무아쉽네..,올해 멜세 왜이러냐..,After Lap,,아니너무아쉽네.. 올해 멜세 왜이러냐..,아니너무아쉽네.. 올해 멜세 왜이러냐..,0.2897459864616394,0.1382056176662445,0.14992913603782654,0.2363840639591217,0.12565091252326965,0.06008429825305939
2024-03-24 14:23:27,하스 더블포인트 ㅋㅋㅋㅋ,ㅇㅇ,After Lap,,하스 더블포인트 ㅋㅋㅋㅋ ㅇㅇ,하스 더블포인트 ㅋㅋㅋㅋ ㅇㅇ,0.11140510439872742,0.0682179406285286,0.057450052350759506,0.03474266454577446,0.7046365737915039,0.02354767732322216
2024-03-24 14:23:27,페라리 원투!!!!,,After Lap,,페라리 원투!!!! ,페라리 원투!!!!,0.10421880334615707,0.06553440541028976,0.054162681102752686,0.03509080782532692,0.7148925065994263,0.026100846007466316
2024-03-24 14:23:28,싱가폴 시즌 2 ㅋㅋㅋㅋ,"ㅋㅋㅋㅋㅋㅋ
- dc official App",After Lap,,"싱가폴 시즌 2 ㅋㅋㅋㅋ ㅋㅋㅋㅋㅋㅋ
- dc official App",싱가폴 시즌 2 ㅋㅋㅋㅋ ㅋㅋㅋㅋㅋㅋ,0.12679995596408844,0.07729543745517731,0.06961721926927567,0.037647947669029236,0.6631541848182678,0.025485258549451828
2024-03-24 14:23:27,쥬지 <<<- 막스랑 한몸임??,"싱가폴에서 막스 못타니까 벽에 꼴아박던데
막스 리타하니까 또 꼴아박노 ㅋㅋㅋ
- dc official App",After Lap,,"쥬지 <<<- 막스랑 한몸임?? 싱가폴에서 막스 못타니까 벽에 꼴아박던데
막스 리타하니까 또 꼴아박노 ㅋㅋㅋ
- dc official App",쥬지 <<<- 막스랑 한몸임?? 싱가폴에서 막스 못타니까 벽에 꼴아박던데 막스 리타하니까 또 꼴아박노 ㅋㅋㅋ,0.22241058945655823,0.2878769338130951,0.18578696250915527,0.0818968340754509,0.10249636322259903,0.11953233927488327
2024-03-24 14:23:25,쥬지 발기부전 입갤ㅋㅋㅋㅋㅋㅋㅋㅋㅋㅋㅋㅋㅋ,"발기부전인지 쥬지골절인지 헷갈리노ㅋㅋㅋㅋㅋㅋㅋㅋㅋㅋㅋㅋ
Mclaren F1 team 2007~",After Lap,,"쥬지 발기부전 입갤ㅋㅋㅋㅋㅋㅋㅋㅋㅋㅋㅋㅋㅋ 발기부전인지 쥬지골절인지 헷갈리노ㅋㅋㅋㅋㅋㅋㅋㅋㅋㅋㅋㅋ
Mclaren F1 team 2007~",쥬지 발기부전 입갤ㅋㅋㅋㅋㅋㅋㅋㅋㅋㅋㅋㅋㅋ 발기부전인지 쥬지골절인지 헷갈리노ㅋㅋㅋㅋㅋㅋㅋㅋㅋㅋㅋㅋ Mclaren F1 team 2007~,0.285869300365448,0.21430034935474396,0.14518195390701294,0.06864350289106369,0.18332678079605103,0.10267816483974457
2024-03-24 14:23:29,하스 더블포인트 ㅋㅋㅋㅋㅋㅋㅋ,"뭐고 ㅋㅋㅋㅋㅋ
- dc official App",After Lap,,"하스 더블포인트 ㅋㅋㅋㅋㅋㅋㅋ 뭐고 ㅋㅋㅋㅋㅋ
- dc official App",하스 더블포인트 ㅋㅋㅋㅋㅋㅋㅋ 뭐고 ㅋㅋㅋㅋㅋ,0.16882440447807312,0.1204109936952591,0.07824625819921494,0.03821270912885666,0.5634796023368835,0.030826034024357796
2024-03-24 14:23:30,하스 ㅋㅋㅋㅋㅋㅋ 우승 ㅋㅋㅋㅋㅋ,- dc official App,After Lap,,하스 ㅋㅋㅋㅋㅋㅋ 우승 ㅋㅋㅋㅋㅋ - dc official App,하스 ㅋㅋㅋㅋㅋㅋ 우승 ㅋㅋㅋㅋㅋ - dc official App,0.10772988200187683,0.0647888258099556,0.055347949266433716,0.03276874125003815,0.7166575193405151,0.02270711399614811
2024-03-24 14:23:30,사인츠우승 = 러셀의꿈과희망,"ㅋㅋㅋㅋㅋㅋ
- dc official App",After Lap,,"사인츠우승 = 러셀의꿈과희망 ㅋㅋㅋㅋㅋㅋ
- dc official App",사인츠우승 = 러셀의꿈과희망 ㅋㅋㅋㅋㅋㅋ,0.1036098450422287,0.059754498302936554,0.05287006124854088,0.037540387362241745,0.7199007868766785,0.02632451429963112
2024-03-24 14:23:30,먼갑자기뒤져있네씨발ㅋㅋ,,After Lap,,먼갑자기뒤져있네씨발ㅋㅋ ,먼갑자기뒤져있네씨발ㅋㅋ,0.23265840113162994,0.1465976983308792,0.2709489166736603,0.18606515228748322,0.09633141756057739,0.06739845126867294
2024-03-24 14:23:32,HAAS 더블포인트,이왜진,After Lap,,HAAS 더블포인트 이왜진,HAAS 더블포인트 이왜진,0.15962550044059753,0.1669008880853653,0.07872604578733444,0.04636472091078758,0.5126795768737793,0.03570329025387764
2024-03-24 14:23:33,하스 더블포인트 씹ㅋㅋㅋㅋㅋ,이게 말이 되나 ㅋㅋㅋㅋㅋㅋㅋ,After Lap,,하스 더블포인트 씹ㅋㅋㅋㅋㅋ 이게 말이 되나 ㅋㅋㅋㅋㅋㅋㅋ,하스 더블포인트 씹ㅋㅋㅋㅋㅋ 이게 말이 되나 ㅋㅋㅋㅋㅋㅋㅋ,0.2686026692390442,0.2185116559267044,0.12838180363178253,0.06187085807323456,0.2418423295021057,0.08079066872596741
2024-03-24 14:23:33,휴,나오는거 안보이길래 쫄았네;,After Lap,,휴 나오는거 안보이길래 쫄았네;,휴 나오는거 안보이길래 쫄았네;,0.3078418970108032,0.23162133991718292,0.1272546499967575,0.11823315918445587,0.11235020309686661,0.10269878059625626
2024-03-24 14:23:33,사인츠 흑력 ㅋㅋㅋㅋ,러셀게이 또 당했노,After Lap,,사인츠 흑력 ㅋㅋㅋㅋ 러셀게이 또 당했노,사인츠 흑력 ㅋㅋㅋㅋ 러셀게이 또 당했노,0.2861940264701843,0.23204781115055084,0.12961764633655548,0.07945745438337326,0.14548444747924805,0.12719857692718506
2024-03-24 14:23:34,원투 ㅅㅅㅅㅅㅅㅅㅅㅅㅅ,ㅋㅋㅋ,After Lap,,원투 ㅅㅅㅅㅅㅅㅅㅅㅅㅅ ㅋㅋㅋ,원투 ㅅㅅㅅㅅㅅㅅㅅㅅㅅ ㅋㅋㅋ,0.10979749262332916,0.06363818049430847,0.05565137043595314,0.03661195561289787,0.7108062505722046,0.023494767025113106
2024-03-24 14:23:34,대 하스 ㅋㅋㅋㅋ,ㅋㅋㅋㅋ,After Lap,,대 하스 ㅋㅋㅋㅋ ㅋㅋㅋㅋ,대 하스 ㅋㅋㅋㅋ ㅋㅋㅋㅋ,0.11432135105133057,0.06836068630218506,0.05652962997555733,0.033382028341293335,0.7047810554504395,0.02262532338500023
2024-03-24 14:23:35,어게인 싱가폴 ㅋㅋ,"우승 사인즈
꼴박 러셀",After Lap,,"어게인 싱가폴 ㅋㅋ 우승 사인즈
꼴박 러셀",어게인 싱가폴 ㅋㅋ 우승 사인즈 꼴박 러셀,0.12417224794626236,0.07855857163667679,0.06847727298736572,0.04090891778469086,0.6586598753929138,0.02922307327389717
2024-03-24 14:23:36,하스 떡상 ㅋㅋ,ㄹㅇ,After Lap,,하스 떡상 ㅋㅋ ㄹㅇ,하스 떡상 ㅋㅋ ㄹㅇ,0.10876641422510147,0.06525513529777527,0.05352979898452759,0.03490763157606125,0.7114571928977966,0.026083888486027718
2024-03-24 14:23:36,야 시발 메르 사고가 문제가 아니라 하스 더블포인트잖아???,이궈궈던!!!!!!,After Lap,,야 시발 메르 사고가 문제가 아니라 하스 더블포인트잖아??? 이궈궈던!!!!!!,야 시발 메르 사고가 문제가 아니라 하스 더블포인트잖아??? 이궈궈던!!!!!!,0.2148493528366089,0.12019077688455582,0.30309009552001953,0.19490310549736023,0.11720696836709976,0.04975966736674309
2024-03-24 14:23:39,사인지 싱글벙글 ㅋㅋ,,After Lap,,사인지 싱글벙글 ㅋㅋ ,사인지 싱글벙글 ㅋㅋ,0.11400162428617477,0.07316547632217407,0.055395498871803284,0.03865889459848404,0.6941392421722412,0.024639273062348366
2024-03-24 14:23:39,실력에 비해 야망이 큰 남자,"줘지 러슬
- dc official App",After Lap,,"실력에 비해 야망이 큰 남자 줘지 러슬
- dc official App",실력에 비해 야망이 큰 남자 줘지 러슬,0.24590790271759033,0.3023681342601776,0.1439097672700882,0.11728465557098389,0.08357846736907959,0.10695105046033859
2024-03-24 14:23:40,본인이 일부러 쳐박은 러셀이먄 개추 ㅋㅋㅋㅋㅋㅋㅋ,이게 차냐고,After Lap,,본인이 일부러 쳐박은 러셀이먄 개추 ㅋㅋㅋㅋㅋㅋㅋ 이게 차냐고,본인이 일부러 쳐박은 러셀이먄 개추 ㅋㅋㅋㅋㅋㅋㅋ 이게 차냐고,0.18823710083961487,0.2404307723045349,0.24845276772975922,0.11637108027935028,0.09239856153726578,0.11410975456237793
2024-03-24 14:23:39,ㅅㅂ 사인츠 돌아서 우승하는 모습을 못보노,,After Lap,,ㅅㅂ 사인츠 돌아서 우승하는 모습을 못보노 ,ㅅㅂ 사인츠 돌아서 우승하는 모습을 못보노,0.2332460582256317,0.10738600790500641,0.2613241672515869,0.22217492759227753,0.13342095911502838,0.042447831481695175
2024-03-24 14:23:41,러셀 <<< 이 새낀 그냥 운전을 못함,페레즈랑 동급,After Lap,,러셀 <<< 이 새낀 그냥 운전을 못함 페레즈랑 동급,러셀 <<< 이 새낀 그냥 운전을 못함 페레즈랑 동급,0.16875039041042328,0.26636311411857605,0.2540034353733063,0.1569983810186386,0.0768565982580185,0.07702814042568207
2024-03-24 14:23:41,러셀은 마지막랩에서 사고가 잘나네,저번에도한번 마지막랩에서 이러지 않았노,After Lap,,러셀은 마지막랩에서 사고가 잘나네 저번에도한번 마지막랩에서 이러지 않았노,러셀은 마지막랩에서 사고가 잘나네 저번에도한번 마지막랩에서 이러지 않았노,0.28006675839424133,0.26714250445365906,0.1330285668373108,0.15488483011722565,0.07961266487836838,0.08526471257209778
2024-03-24 14:23:41,yuk11-3 입갤 ㅋㅋㅋㅋㅋ,,After Lap,,yuk11-3 입갤 ㅋㅋㅋㅋㅋ ,yuk11-3 입갤 ㅋㅋㅋㅋㅋ,0.10194937884807587,0.07185325026512146,0.05737965553998947,0.032255060970783234,0.7111716866493225,0.02539096027612686
2024-03-24 14:23:42,츠노다 p8 하스 더블포인트노 ㅋㅋ,돌려주고 뭐 고민할 것도 없네,After Lap,,츠노다 p8 하스 더블포인트노 ㅋㅋ 돌려주고 뭐 고민할 것도 없네,츠노다 p8 하스 더블포인트노 ㅋㅋ 돌려주고 뭐 고민할 것도 없네,0.16107676923274994,0.1030992716550827,0.08281534910202026,0.06521428376436234,0.5465653538703918,0.04122891649603844
2024-03-24 14:23:42,오늘 요약,- dc official App,After Lap,,오늘 요약 - dc official App,오늘 요약 - dc official App,0.17750678956508636,0.17497283220291138,0.07822977006435394,0.04764166101813316,0.4868139624595642,0.034834954887628555
2024-03-24 14:23:43,섹스 ㅋㅋㅋㅋㅋㅋㅋㅋㅋㅋㅋ,"츠노다 p8 예아
- dc official App",After Lap,,"섹스 ㅋㅋㅋㅋㅋㅋㅋㅋㅋㅋㅋ 츠노다 p8 예아
- dc official App",섹스 ㅋㅋㅋㅋㅋㅋㅋㅋㅋㅋㅋ 츠노다 p8 예아,0.10878586769104004,0.06281575560569763,0.06252709031105042,0.03810819238424301,0.7054287195205688,0.02233433537185192
2024-03-24 14:23:44,하스 싱글벙글 ㅌㅋㅋㅋㅋㅋㅋ,"더블포인트 꺼억 ㅋㅋㅋㅋ
- dc official App",After Lap,,"하스 싱글벙글 ㅌㅋㅋㅋㅋㅋㅋ 더블포인트 꺼억 ㅋㅋㅋㅋ
- dc official App",하스 싱글벙글 ㅌㅋㅋㅋㅋㅋㅋ 더블포인트 꺼억 ㅋㅋㅋㅋ,0.11161387711763382,0.06023593246936798,0.060639120638370514,0.044113125652074814,0.698147714138031,0.02525027096271515
2024-03-24 14:23:45,사인지 우승하면 러셀 리타함?,항상 막랩에 리타하네 사인지 우승하면 시발,After Lap,,사인지 우승하면 러셀 리타함? 항상 막랩에 리타하네 사인지 우승하면 시발,사인지 우승하면 러셀 리타함? 항상 막랩에 리타하네 사인지 우승하면 시발,0.21593545377254486,0.10673727095127106,0.30628475546836853,0.20056188106536865,0.1280246526002884,0.04245602712035179
2024-03-24 14:23:45,사인츠 우승 = 러셀 멸망,"그리고 8노다 입개르
- dc official App",After Lap,,"사인츠 우승 = 러셀 멸망 그리고 8노다 입개르
- dc official App",사인츠 우승 = 러셀 멸망 그리고 8노다 입개르,0.21083612740039825,0.21932801604270935,0.13420523703098297,0.08147246390581131,0.2968284487724304,0.0573296993970871
2024-03-24 14:23:46,사인스 우승=러셀 라스트랩 리타,기적의 공식이노ㅋㅋㅋ,After Lap,,사인스 우승=러셀 라스트랩 리타 기적의 공식이노ㅋㅋㅋ,사인스 우승=러셀 라스트랩 리타 기적의 공식이노ㅋㅋㅋ,0.1472664475440979,0.12035693228244781,0.07178832590579987,0.03123752400279045,0.5928719639778137,0.03647879883646965
2024-03-24 14:23:46,하스 더블포인트 개지린댜,ㅇ,After Lap,,하스 더블포인트 개지린댜 ㅇ,하스 더블포인트 개지린댜 ㅇ,0.11267589032649994,0.07686430215835571,0.05126124247908592,0.03132377937436104,0.7010494470596313,0.026825275272130966
2024-03-24 14:23:46,하스 더블 포인트 개웃기네ㅋㅋㅋㅋㅋ,이게 되노ㅋㅋ,After Lap,,하스 더블 포인트 개웃기네ㅋㅋㅋㅋㅋ 이게 되노ㅋㅋ,하스 더블 포인트 개웃기네ㅋㅋㅋㅋㅋ 이게 되노ㅋㅋ,0.12986335158348083,0.09238149225711823,0.059827037155628204,0.03172504901885986,0.6610070466995239,0.025195999071002007
2024-03-24 14:23:47,사인츠 분위기 애매하네 거... ㅋ,좋아하기도 애매함ㅋ,After Lap,,사인츠 분위기 애매하네 거... ㅋ 좋아하기도 애매함ㅋ,사인츠 분위기 애매하네 거... ㅋ 좋아하기도 애매함ㅋ,0.34684062004089355,0.19566401839256287,0.12702612578868866,0.17092400789260864,0.09776411205530167,0.06178106367588043
2024-03-24 14:23:47,러셀 걍 못하는 거 같음,마지막 배틀 하다가 또 사고나노 ㅋㅋ 루키쉑 ㅋㅋ,After Lap,,러셀 걍 못하는 거 같음 마지막 배틀 하다가 또 사고나노 ㅋㅋ 루키쉑 ㅋㅋ,러셀 걍 못하는 거 같음 마지막 배틀 하다가 또 사고나노 ㅋㅋ 루키쉑 ㅋㅋ,0.26163458824157715,0.24585160613059998,0.19279296696186066,0.1294156163930893,0.07404284924268723,0.0962623581290245
2024-03-24 14:23:49,이제 사인지 우승 = 러셀 막랩리타 인거지?,그저 대 인 지,After Lap,,이제 사인지 우승 = 러셀 막랩리타 인거지? 그저 대 인 지,이제 사인지 우승 = 러셀 막랩리타 인거지? 그저 대 인 지,0.23310357332229614,0.29985255002975464,0.08312871307134628,0.04955586791038513,0.24749822914600372,0.0868610367178917
2024-03-24 14:23:50,대하스 ㅅㅅㅅㅅㅅ,ㅅㅅㅅㅅ,After Lap,,대하스 ㅅㅅㅅㅅㅅ ㅅㅅㅅㅅ,대하스 ㅅㅅㅅㅅㅅ ㅅㅅㅅㅅ,0.11007654666900635,0.05871623381972313,0.05429539456963539,0.038904156535863876,0.7159025073051453,0.022105081006884575
2024-03-24 14:23:50,러셀의 막랩 ㅋㅋㅋ,ㅋㅋㅋㅋㅋㅋ,After Lap,,러셀의 막랩 ㅋㅋㅋ ㅋㅋㅋㅋㅋㅋ,러셀의 막랩 ㅋㅋㅋ ㅋㅋㅋㅋㅋㅋ,0.117497518658638,0.07583079487085342,0.0579729788005352,0.03145352005958557,0.6926605701446533,0.024584634229540825
2024-03-24 14:23:51,시발 하스 우승ㅋㅋㅋㅋㅋㅋㅋㅋㅋ,"좀따 스벅 돌림
- dc official App",After Lap,,"시발 하스 우승ㅋㅋㅋㅋㅋㅋㅋㅋㅋ 좀따 스벅 돌림
- dc official App",시발 하스 우승ㅋㅋㅋㅋㅋㅋㅋㅋㅋ 좀따 스벅 돌림,0.1699867695569992,0.07989366352558136,0.14030501246452332,0.07618341594934464,0.4979327321052551,0.03569836542010307
2024-03-24 14:23:52,옐로라 자리 스왑도 못하것네 ㅋㅋ,,After Lap,,옐로라 자리 스왑도 못하것네 ㅋㅋ ,옐로라 자리 스왑도 못하것네 ㅋㅋ,0.33867135643959045,0.1829754263162613,0.14163067936897278,0.18693377077579498,0.08186224102973938,0.0679265633225441
2024-03-24 14:23:54,사인츠 우승 ㅋㅋㅋㅋㅋㅋㅋㅋㅋㅋㅋㅋㅋㅋㅋㅋㅋㅋㅋㅋㅋㅋㅋㅋ,ㅋㅋㅋㅋㅋㅋㅋㅋㅋㅋㅋㅋㅋㅋㅋㅋㅋ,After Lap,,사인츠 우승 ㅋㅋㅋㅋㅋㅋㅋㅋㅋㅋㅋㅋㅋㅋㅋㅋㅋㅋㅋㅋㅋㅋㅋㅋ ㅋㅋㅋㅋㅋㅋㅋㅋㅋㅋㅋㅋㅋㅋㅋㅋㅋ,사인츠 우승 ㅋㅋㅋㅋㅋㅋㅋㅋㅋㅋㅋㅋㅋㅋㅋㅋㅋㅋㅋㅋㅋㅋㅋㅋ ㅋㅋㅋㅋㅋㅋㅋㅋㅋㅋㅋㅋㅋㅋㅋㅋㅋ,0.12423154711723328,0.07487716525793076,0.06285938620567322,0.034967731684446335,0.6790357232093811,0.02402847819030285
2024-03-24 14:23:54,티포시들 샴페인 터뜨리기 20초 전 ㅋㅋ,,After Lap,,티포시들 샴페인 터뜨리기 20초 전 ㅋㅋ ,티포시들 샴페인 터뜨리기 20초 전 ㅋㅋ,0.13098259270191193,0.08140631020069122,0.0660981610417366,0.036836739629507065,0.6536235809326172,0.03105253539979458
2024-03-24 14:23:55,미국에서 중계보던 진하스 무발기사정 ㅋㅋㅋㅋ,ㅋㅋㅋㅋ,After Lap,,미국에서 중계보던 진하스 무발기사정 ㅋㅋㅋㅋ ㅋㅋㅋㅋ,미국에서 중계보던 진하스 무발기사정 ㅋㅋㅋㅋ ㅋㅋㅋㅋ,0.12865754961967468,0.07563912123441696,0.06175236403942108,0.035736072808504105,0.6737565398216248,0.024458348751068115
2024-03-24 14:23:55,대 하 스 ㅋㅋㅋㅋㅋ,캬 ㅋㅋㅋㅋㅋㅋㅋㅋㅋ,After Lap,,대 하 스 ㅋㅋㅋㅋㅋ 캬 ㅋㅋㅋㅋㅋㅋㅋㅋㅋ,대 하 스 ㅋㅋㅋㅋㅋ 캬 ㅋㅋㅋㅋㅋㅋㅋㅋㅋ,0.11374489217996597,0.06428127735853195,0.05621027946472168,0.03702311962842941,0.7051146626472473,0.02362583763897419
2024-03-24 14:23:55,그와중에 하스 포인트 ㅋㅋㅋㅋㅋㅋㅋ,,After Lap,,그와중에 하스 포인트 ㅋㅋㅋㅋㅋㅋㅋ ,그와중에 하스 포인트 ㅋㅋㅋㅋㅋㅋㅋ,0.1311105191707611,0.08366299420595169,0.06252942979335785,0.03340931981801987,0.6642738580703735,0.025013865903019905
2024-03-24 14:23:58,조지 러셀의 꿈과 희망 시즌 2,,After Lap,,조지 러셀의 꿈과 희망 시즌 2 ,조지 러셀의 꿈과 희망 시즌 2,0.12355641275644302,0.07949177920818329,0.05946359783411026,0.03958085924386978,0.6703212857246399,0.027586065232753754
2024-03-24 14:23:59,하스 개떡상ㅋㅋㅋㅋ,,After Lap,,하스 개떡상ㅋㅋㅋㅋ ,하스 개떡상ㅋㅋㅋㅋ,0.10671056807041168,0.06594245880842209,0.05438525602221489,0.035039328038692474,0.7120709419250488,0.025851454585790634
2024-03-24 14:24:00,근데 생각해보니까 메르세데스 전멸한게 2016년 이후 처음아닌가,그때 스페인에서 팀킬한 이후로 말이야,After Lap,,근데 생각해보니까 메르세데스 전멸한게 2016년 이후 처음아닌가 그때 스페인에서 팀킬한 이후로 말이야,근데 생각해보니까 메르세데스 전멸한게 2016년 이후 처음아닌가 그때 스페인에서 팀킬한 이후로 말이야,0.2402988225221634,0.3261142373085022,0.12411899864673615,0.09357385337352753,0.094228096306324,0.12166600674390793
2024-03-24 14:24:00,대 하 스 더블포인트 입갤ㅋㅋ,ㅅㅅㅅㅅㅅㅅ,After Lap,,대 하 스 더블포인트 입갤ㅋㅋ ㅅㅅㅅㅅㅅㅅ,대 하 스 더블포인트 입갤ㅋㅋ ㅅㅅㅅㅅㅅㅅ,0.10582666844129562,0.06629715859889984,0.0559234581887722,0.03773057460784912,0.7082710862159729,0.025951022282242775
2024-03-24 14:24:01,대노다ㅡ8위 ㄷㄷㄷㄷㄷ,"ㅋㅋㅋ
- dc official App",After Lap,,"대노다ㅡ8위 ㄷㄷㄷㄷㄷ ㅋㅋㅋ
- dc official App",대노다ㅡ8위 ㄷㄷㄷㄷㄷ ㅋㅋㅋ,0.2675198018550873,0.22884392738342285,0.15244372189044952,0.09317896515130997,0.1305142492055893,0.1274993121623993
2024-03-24 14:24:03,지금 약속 때문에 경기 보다가 나왔는데,"페라리 원투확정?
- dc official App",After Lap,,"지금 약속 때문에 경기 보다가 나왔는데 페라리 원투확정?
- dc official App",지금 약속 때문에 경기 보다가 나왔는데 페라리 원투확정?,0.22671380639076233,0.20143502950668335,0.06857232004404068,0.04280337318778038,0.38773807883262634,0.07273740321397781
2024-03-24 14:24:05,사인츠:(러셀)차가 이상한거같다,"예측은 황인츠 ㅋㅋ
- dc official App",After Lap,,"사인츠:(러셀)차가 이상한거같다 예측은 황인츠 ㅋㅋ
- dc official App",사인츠:(러셀)차가 이상한거같다 예측은 황인츠 ㅋㅋ,0.2710353434085846,0.2961125373840332,0.1106257438659668,0.059745896607637405,0.179502934217453,0.0829775407910347
2024-03-24 14:24:05,항상막랩에꼬라박냐왜,쩝,After Lap,,항상막랩에꼬라박냐왜 쩝,항상막랩에꼬라박냐왜 쩝,0.26072561740875244,0.14382342994213104,0.18928706645965576,0.2516285181045532,0.0875680148601532,0.06696734577417374
2024-03-24 14:24:08,승리의 티포시들 출첵박자 ㅅㅅㅅㅅㅅㅅㅅㅅㅅㅅ,"2024 AUSTRALIAN GRAND PRIX
1-2 FINISH
SCUDERIA FERRARI",After Lap,,"승리의 티포시들 출첵박자 ㅅㅅㅅㅅㅅㅅㅅㅅㅅㅅ 2024 AUSTRALIAN GRAND PRIX
1-2 FINISH
SCUDERIA FERRARI",승리의 티포시들 출첵박자 ㅅㅅㅅㅅㅅㅅㅅㅅㅅㅅ 2024 AUSTRALIAN GRAND PRIX 1-2 FINISH SCUDERIA FERRARI,0.11317701637744904,0.07393351942300797,0.05891349911689758,0.035854220390319824,0.6935465931892395,0.024575183168053627
2024-03-24 14:24:09,대를로스-황인지,,After Lap,,대를로스-황인지 ,대를로스-황인지,0.22131773829460144,0.265218585729599,0.1041087880730629,0.06026604399085045,0.2957257330417633,0.053363118320703506
2024-03-24 14:24:11,지지 ~~~,,After Lap,,지지 ~~~ ,지지 ~~~,0.17741887271404266,0.11249764263629913,0.07125232368707657,0.049904175102710724,0.5506212115287781,0.03830577805638313
2024-03-24 14:24:12,와 알국왕 잔인하네 ㅋㅋㅋㅋㅋㅋㅋㅋㅋㅋㅋㅋㅋㅋㅋㅋ,그걸 끝까지 안주고  애색히 뒤집어지게 하네 ㅋㅋㅋㅋㅋㅋㅋㅋㅋㅋㅋㅋㅋㅋㅋㅋㅋㅋㅋㅋㅋㅋㅋㅋ,After Lap,,와 알국왕 잔인하네 ㅋㅋㅋㅋㅋㅋㅋㅋㅋㅋㅋㅋㅋㅋㅋㅋ 그걸 끝까지 안주고  애색히 뒤집어지게 하네 ㅋㅋㅋㅋㅋㅋㅋㅋㅋㅋㅋㅋㅋㅋㅋㅋㅋㅋㅋㅋㅋㅋㅋㅋ,와 알국왕 잔인하네 ㅋㅋㅋㅋㅋㅋㅋㅋㅋㅋㅋㅋㅋㅋㅋㅋ 그걸 끝까지 안주고 애색히 뒤집어지게 하네 ㅋㅋㅋㅋㅋㅋㅋㅋㅋㅋㅋㅋㅋㅋㅋㅋㅋㅋㅋㅋㅋㅋㅋㅋ,0.18950560688972473,0.23960281908512115,0.22354239225387573,0.10089170187711716,0.1395641714334488,0.10689327120780945
2024-03-24 14:24:13,대 라 리,ㅈㄱㄴ,After Lap,,대 라 리 ㅈㄱㄴ,대 라 리 ㅈㄱㄴ,0.23511356115341187,0.11731395125389099,0.3022172451019287,0.1433309018611908,0.1518072783946991,0.05021706596016884
2024-03-24 14:24:13,ㅈㄴ 없어보이는 피니시 ㅋㅋㅋㅋㅋ,- dc official App,After Lap,,ㅈㄴ 없어보이는 피니시 ㅋㅋㅋㅋㅋ - dc official App,ㅈㄴ 없어보이는 피니시 ㅋㅋㅋㅋㅋ - dc official App,0.25225329399108887,0.23770256340503693,0.170070081949234,0.06928221136331558,0.19255046546459198,0.07814129441976547
2024-03-24 14:24:18,헐 페라리 원퉄ㅋㅋㅋㅋㅋㅋㅋㅋㅋㅋㅋ,,After Lap,,헐 페라리 원퉄ㅋㅋㅋㅋㅋㅋㅋㅋㅋㅋㅋ ,헐 페라리 원퉄ㅋㅋㅋㅋㅋㅋㅋㅋㅋㅋㅋ,0.20633943378925323,0.33961838483810425,0.12838861346244812,0.054803431034088135,0.15817469358444214,0.11267542093992233
2024-03-24 14:24:18,깜 끌로즈 뚜 미 ㅋㅋ,캬,After Lap,,깜 끌로즈 뚜 미 ㅋㅋ 캬,깜 끌로즈 뚜 미 ㅋㅋ 캬,0.11336231231689453,0.078798308968544,0.05672071501612663,0.03204574063420296,0.6950610280036926,0.02401196025311947
2024-03-24 14:24:19,황 라 리,캬~~,After Lap,,황 라 리 캬~~,황 라 리 캬~~,0.11130878329277039,0.06960292905569077,0.05407501012086868,0.032930515706539154,0.7079465389251709,0.024136144667863846
2024-03-24 14:24:19,호주 국민들 누리스 살인 예정 ㅋㅋㅋㅋㅋㅋ,,After Lap,,호주 국민들 누리스 살인 예정 ㅋㅋㅋㅋㅋㅋ ,호주 국민들 누리스 살인 예정 ㅋㅋㅋㅋㅋㅋ,0.22565482556819916,0.19447162747383118,0.2315734475851059,0.10710656642913818,0.14731866121292114,0.09387493878602982
2024-03-24 14:24:19,승리의 페라리 열차 시즌 1호 출발 ㅅㅅㅅㅅ,마무리가 이상하지만 일단 출발 ㅅㅅ,After Lap,,승리의 페라리 열차 시즌 1호 출발 ㅅㅅㅅㅅ 마무리가 이상하지만 일단 출발 ㅅㅅ,승리의 페라리 열차 시즌 1호 출발 ㅅㅅㅅㅅ 마무리가 이상하지만 일단 출발 ㅅㅅ,0.11697316914796829,0.061487551778554916,0.05716763064265251,0.04059053212404251,0.6983065009117126,0.025474678725004196
2024-03-24 14:24:21,"""올려""",​대 인 츠,After Lap,,"""올려"" ​대 인 츠","""올려"" ​대 인 츠",0.1683374047279358,0.13512977957725525,0.07970494031906128,0.04460873082280159,0.5392224788665771,0.03299665451049805
2024-03-24 14:24:22,황라리붐은 온다 ㅅㅅㅅㅅㅅ원투 ㅅㅅㅅㅅㅅ,ㅅㅅㅅㅅㅅㅅ,After Lap,,황라리붐은 온다 ㅅㅅㅅㅅㅅ원투 ㅅㅅㅅㅅㅅ ㅅㅅㅅㅅㅅㅅ,황라리붐은 온다 ㅅㅅㅅㅅㅅ원투 ㅅㅅㅅㅅㅅ ㅅㅅㅅㅅㅅㅅ,0.11033904552459717,0.06412141025066376,0.0558428056538105,0.03926485776901245,0.7032581567764282,0.02717375010251999
2024-03-24 14:24:26,뻬라리 원투ㅋㅋㅋㅋㅋ,ㅋㅋㅋ,After Lap,,뻬라리 원투ㅋㅋㅋㅋㅋ ㅋㅋㅋ,뻬라리 원투ㅋㅋㅋㅋㅋ ㅋㅋㅋ,0.11005830019712448,0.07151512801647186,0.058917272835969925,0.03330746293067932,0.7031276822090149,0.023074138909578323
2024-03-24 14:24:26,대 라 리,ㅋㅋㅋㅋ,After Lap,,대 라 리 ㅋㅋㅋㅋ,대 라 리 ㅋㅋㅋㅋ,0.12244460731744766,0.08699379116296768,0.060388676822185516,0.031226666644215584,0.6726521253585815,0.026294128969311714
2024-03-24 14:24:27,하스 더블포인트 ㅅㅅㅅㅅ,크 적셔,After Lap,,하스 더블포인트 ㅅㅅㅅㅅ 크 적셔,하스 더블포인트 ㅅㅅㅅㅅ 크 적셔,0.10830584913492203,0.06455790996551514,0.05652739107608795,0.039457421749830246,0.7064871788024902,0.024664325639605522
2024-03-24 14:24:28,와주셨군요 GOAT..,"빙의하시느라 고생하십니다..
- dc official App",After Lap,,"와주셨군요 GOAT.. 빙의하시느라 고생하십니다..
- dc official App",와주셨군요 GOAT.. 빙의하시느라 고생하십니다..,0.23183128237724304,0.16286545991897583,0.09074696153402328,0.08482930809259415,0.3440653085708618,0.0856616199016571
2024-03-24 14:24:29,백마커까지 포인트네 ㅋㅋㅋ,ㅇㅇ,After Lap,,백마커까지 포인트네 ㅋㅋㅋ ㅇㅇ,백마커까지 포인트네 ㅋㅋㅋ ㅇㅇ,0.13965119421482086,0.09874973446130753,0.05493200942873955,0.030339574441313744,0.6460962891578674,0.030231131240725517
2024-03-24 14:24:30,주작소는 이제 다른팀까지 터트리네 ㅉㅉ,,After Lap,,주작소는 이제 다른팀까지 터트리네 ㅉㅉ ,주작소는 이제 다른팀까지 터트리네 ㅉㅉ,0.23792918026447296,0.19935227930545807,0.21714337170124054,0.21357682347297668,0.06630127876996994,0.06569705158472061
2024-03-24 14:24:33,티포시의 주말 입갤 ㅋㅋㅋㅋㅋㅋ,,After Lap,,티포시의 주말 입갤 ㅋㅋㅋㅋㅋㅋ ,티포시의 주말 입갤 ㅋㅋㅋㅋㅋㅋ,0.10540945827960968,0.07166601717472076,0.05869042128324509,0.0347602553665638,0.7047469615936279,0.024726832285523415
2024-03-24 14:24:33,티포시의 주말 on,ㅅㅅㅅㅅㅅㅅ,After Lap,,티포시의 주말 on ㅅㅅㅅㅅㅅㅅ,티포시의 주말 on ㅅㅅㅅㅅㅅㅅ,0.10914505273103714,0.060271140187978745,0.05669255927205086,0.03781772777438164,0.7137015461921692,0.02237195149064064
2024-03-24 14:24:33,메르 더블리타 ㅋㅋ,좆 됐 다!,After Lap,,메르 더블리타 ㅋㅋ 좆 됐 다!,메르 더블리타 ㅋㅋ 좆 됐 다!,0.29159015417099,0.16655375063419342,0.191444993019104,0.13467231392860413,0.1268882304430008,0.08885060250759125
2024-03-24 14:24:34,결국 피아제는 자리돌려달라는 말도 못해봤네 ㅋㅋㅋㅋㅋㅋㅋ,ㅋㅋㅋㅋㅋ,After Lap,,결국 피아제는 자리돌려달라는 말도 못해봤네 ㅋㅋㅋㅋㅋㅋㅋ ㅋㅋㅋㅋㅋ,결국 피아제는 자리돌려달라는 말도 못해봤네 ㅋㅋㅋㅋㅋㅋㅋ ㅋㅋㅋㅋㅋ,0.3149036765098572,0.16732797026634216,0.19616001844406128,0.14680442214012146,0.08456176519393921,0.09024207293987274
2024-03-24 14:24:35,황라리 원투 ㄷㄷㄷ,레츠고 커몬~,After Lap,,황라리 원투 ㄷㄷㄷ 레츠고 커몬~,황라리 원투 ㄷㄷㄷ 레츠고 커몬~,0.11894986033439636,0.08697394281625748,0.05306103825569153,0.030098427087068558,0.6798093914985657,0.031107299029827118
2024-03-24 14:24:35,노리스 절대 안비켜주네,,After Lap,,노리스 절대 안비켜주네 ,노리스 절대 안비켜주네,0.22900152206420898,0.11238039284944534,0.30220070481300354,0.19370587170124054,0.11904174834489822,0.04366971179842949
2024-03-24 14:24:37,대라리 원투ㅋㅋㅋㅋ,,After Lap,,대라리 원투ㅋㅋㅋㅋ ,대라리 원투ㅋㅋㅋㅋ,0.1094471886754036,0.07494024932384491,0.05950428918004036,0.03340771421790123,0.6978225111961365,0.02487805299460888
2024-03-24 14:24:37,ㅅㅅㅅㅅ,,After Lap,,ㅅㅅㅅㅅ ,ㅅㅅㅅㅅ,0.11512231826782227,0.07154924422502518,0.05948349088430405,0.039794083684682846,0.6918272972106934,0.02222362533211708
2024-03-24 14:24:37,우리퍼스트 우승섹스ㅋㅋㅋ,야기분좋다,After Lap,,우리퍼스트 우승섹스ㅋㅋㅋ 야기분좋다,우리퍼스트 우승섹스ㅋㅋㅋ 야기분좋다,0.10870686173439026,0.062269702553749084,0.05729345604777336,0.04324270784854889,0.7020701766014099,0.026417115703225136
2024-03-24 14:24:36,속보) 메르 컨챔 5위 ㅋㅋㅋ,오늘 메르 0포 애마 14포 ㅋㅋ,After Lap,,속보) 메르 컨챔 5위 ㅋㅋㅋ 오늘 메르 0포 애마 14포 ㅋㅋ,속보) 메르 컨챔 5위 ㅋㅋㅋ 오늘 메르 0포 애마 14포 ㅋㅋ,0.16548234224319458,0.11829531192779541,0.08169253915548325,0.04137144237756729,0.5508410930633545,0.04231730476021767
2024-03-24 14:24:37,ㅋㅋ컄ㅋㅋㅋ티포시의 주말 ON,,After Lap,,ㅋㅋ컄ㅋㅋㅋ티포시의 주말 ON ,ㅋㅋ컄ㅋㅋㅋ티포시의 주말 ON,0.10723663866519928,0.062468040734529495,0.06040254980325699,0.037142958492040634,0.7100982069969177,0.022651664912700653
2024-03-24 14:24:36,티포시의 오후 입갤 ㅋㅋㅋㅋㅋㅋ,- dc official App,After Lap,,티포시의 오후 입갤 ㅋㅋㅋㅋㅋㅋ - dc official App,티포시의 오후 입갤 ㅋㅋㅋㅋㅋㅋ - dc official App,0.1171220913529396,0.08797415345907211,0.06202298030257225,0.03287831321358681,0.6750059723854065,0.02499648742377758
2024-03-24 14:24:38,스으으무스 오퍼레이터,- dc official App,After Lap,,스으으무스 오퍼레이터 - dc official App,스으으무스 오퍼레이터 - dc official App,0.18469315767288208,0.1937161535024643,0.09600113332271576,0.046950533986091614,0.4425545930862427,0.0360843762755394
2024-03-24 14:24:41,황 라 리 원 투,캬,After Lap,,황 라 리 원 투 캬,황 라 리 원 투 캬,0.1067236065864563,0.0692123994231224,0.05465710535645485,0.032427288591861725,0.7127213478088379,0.024258213117718697
2024-03-24 14:24:41,츠노다 8위 ㅋㅋ,,After Lap,,츠노다 8위 ㅋㅋ ,츠노다 8위 ㅋㅋ,0.18822021782398224,0.13576240837574005,0.10306646674871445,0.04337704926729202,0.48679161071777344,0.042782239615917206
2024-03-24 14:24:41,하스 더블포인트 ㅅㅅ,ㅅㅅ,After Lap,,하스 더블포인트 ㅅㅅ ㅅㅅ,하스 더블포인트 ㅅㅅ ㅅㅅ,0.11280275881290436,0.06242761388421059,0.05747513473033905,0.04152393341064453,0.7015706896781921,0.0241998378187418
2024-03-24 14:24:42,페라리 원투 얼마만이냐 ㅋㅋ,ㅋㅋㅋ,After Lap,,페라리 원투 얼마만이냐 ㅋㅋ ㅋㅋㅋ,페라리 원투 얼마만이냐 ㅋㅋ ㅋㅋㅋ,0.11039596796035767,0.07195739448070526,0.04798934608697891,0.030431635677814484,0.714040219783783,0.02518540807068348
2024-03-24 14:24:45,황리리 원투 ㅋㅋㅋ,,After Lap,,황리리 원투 ㅋㅋㅋ ,황리리 원투 ㅋㅋㅋ,0.1082589328289032,0.07130948454141617,0.05814216658473015,0.03434066101908684,0.7030589580535889,0.02488980069756508
2024-03-24 14:24:48,황라리황라리황라리황라리황라리황라리황라리황라리황라리황라리황라리황라리황라리황,황라리황라리황라리황라리,After Lap,,황라리황라리황라리황라리황라리황라리황라리황라리황라리황라리황라리황라리황라리황 황라리황라리황라리황라리,황라리황라리황라리황라리황라리황라리황라리황라리황라리황라리황라리황라리황라리황 황라리황라리황라리황라리,0.13327209651470184,0.09713561087846756,0.07429946959018707,0.04281247407197952,0.6219372153282166,0.030543124303221703
2024-03-24 14:24:48,티포시의 주말 ㅅㅅㅅㅅㅅㅅㅅㅅ,,After Lap,,티포시의 주말 ㅅㅅㅅㅅㅅㅅㅅㅅ ,티포시의 주말 ㅅㅅㅅㅅㅅㅅㅅㅅ,0.11025558412075043,0.05641249567270279,0.05725215747952461,0.039797745645046234,0.7141069173812866,0.02217511646449566
2024-03-24 14:24:50,차가 걸레짝이됐네 ㅅㅂㅋㅋ,,After Lap,,차가 걸레짝이됐네 ㅅㅂㅋㅋ ,차가 걸레짝이됐네 ㅅㅂㅋㅋ,0.2060774266719818,0.14406540989875793,0.304263710975647,0.1912403553724289,0.09169574081897736,0.06265734136104584
2024-03-24 14:24:53,마그누센 포인트네,ㅋㅋ,After Lap,,마그누센 포인트네 ㅋㅋ,마그누센 포인트네 ㅋㅋ,0.1600114405155182,0.14162132143974304,0.0680290013551712,0.03388720750808716,0.559480607509613,0.03697045147418976
2024-03-24 14:24:54,이거시 대 라 리,호주 쥐피 원투 피니시!!! 컴온!,After Lap,,이거시 대 라 리 호주 쥐피 원투 피니시!!! 컴온!,이거시 대 라 리 호주 쥐피 원투 피니시!!! 컴온!,0.10975851863622665,0.0578339658677578,0.05382618308067322,0.03730108216404915,0.7156276702880859,0.025652660056948662
2024-03-24 14:24:54,페라리 원투패랩 티포시의 주말 그자체 ㅋㅋㅋ,ㅋㅋㅋ,After Lap,,페라리 원투패랩 티포시의 주말 그자체 ㅋㅋㅋ ㅋㅋㅋ,페라리 원투패랩 티포시의 주말 그자체 ㅋㅋㅋ ㅋㅋㅋ,0.11098029464483261,0.057256586849689484,0.05793453007936478,0.039759304374456406,0.7104477882385254,0.023621467873454094
2024-03-24 14:24:54,쥬지 이 색힌 절대 챔피언감이 아님,절대,After Lap,,쥬지 이 색힌 절대 챔피언감이 아님 절대,쥬지 이 색힌 절대 챔피언감이 아님 절대,0.2331237941980362,0.23042000830173492,0.21873293817043304,0.1680956780910492,0.06710091978311539,0.08252658694982529
2024-03-24 14:24:55,뻬라리 완뚜,싸인쯔,After Lap,,뻬라리 완뚜 싸인쯔,뻬라리 완뚜 싸인쯔,0.12045781314373016,0.09486648440361023,0.06397338211536407,0.03861169517040253,0.657932698726654,0.024157850071787834
2024-03-24 14:24:56,대 황 라 리,티포시의 주말 ON,After Lap,,대 황 라 리 티포시의 주말 ON,대 황 라 리 티포시의 주말 ON,0.12572874128818512,0.0943404883146286,0.0701034739613533,0.039295267313718796,0.6444401144981384,0.02609194815158844
2024-03-24 14:24:56,맥라렌 34 ㅅㅅㅅㅅㅅ,잘했다,After Lap,,맥라렌 34 ㅅㅅㅅㅅㅅ 잘했다,맥라렌 34 ㅅㅅㅅㅅㅅ 잘했다,0.10703662037849426,0.06078056991100311,0.05414234474301338,0.045418769121170044,0.7041671276092529,0.028454603627324104
2024-03-24 14:24:57,드르렁,- dc official App,After Lap,,드르렁 - dc official App,드르렁 - dc official App,0.1847064346075058,0.19885985553264618,0.09239447861909866,0.046984635293483734,0.4424716830253601,0.03458288684487343
2024-03-24 14:25:01,윌은 좆망 하스는 대박났노 ㅋㅋ,,After Lap,,윌은 좆망 하스는 대박났노 ㅋㅋ ,윌은 좆망 하스는 대박났노 ㅋㅋ,0.2135004848241806,0.12165304273366928,0.12033145129680634,0.07875366508960724,0.40919819474220276,0.056563202291727066
2024-03-24 14:25:01,아니근데 뭐 어떻게 저렇게뒤짐?ㅋㅋ,,After Lap,,아니근데 뭐 어떻게 저렇게뒤짐?ㅋㅋ ,아니근데 뭐 어떻게 저렇게뒤짐?ㅋㅋ,0.2187475860118866,0.31940630078315735,0.15513664484024048,0.0735224187374115,0.11295861750841141,0.12022846937179565
2024-03-24 14:25:01,황라리 원투급 하스 더블포인트 ㅋㅋㅋㅋㅋ,"ㅋㅋㅋㅋㅋㅋㅋ
- dc official App",After Lap,,"황라리 원투급 하스 더블포인트 ㅋㅋㅋㅋㅋ ㅋㅋㅋㅋㅋㅋㅋ
- dc official App",황라리 원투급 하스 더블포인트 ㅋㅋㅋㅋㅋ ㅋㅋㅋㅋㅋㅋㅋ,0.11012285947799683,0.06579037755727768,0.05518340319395065,0.032852690666913986,0.7127264142036438,0.02332426607608795
2024-03-24 14:25:04,러셀은 뭐 어쩌다 쳐박은거냐,존나 심하네,After Lap,,러셀은 뭐 어쩌다 쳐박은거냐 존나 심하네,러셀은 뭐 어쩌다 쳐박은거냐 존나 심하네,0.20048250257968903,0.23440828919410706,0.23373587429523468,0.15286487340927124,0.09292786568403244,0.08558052033185959
2024-03-24 14:25:05,에휴 쥬지 븅신아,ㅇ,After Lap,,에휴 쥬지 븅신아 ㅇ,에휴 쥬지 븅신아 ㅇ,0.1978559046983719,0.15987056493759155,0.33070239424705505,0.12250436842441559,0.12925392389297485,0.059812843799591064
2024-03-24 14:25:06,원투인데 존나 맛없네 시팔 ㅋㅋ,러셀아...,After Lap,,원투인데 존나 맛없네 시팔 ㅋㅋ 러셀아...,원투인데 존나 맛없네 시팔 ㅋㅋ 러셀아...,0.27283021807670593,0.10936307907104492,0.241470605134964,0.22279725968837738,0.10604074597358704,0.04749809578061104
2024-03-24 14:25:06,러셀 차 누워있노 ㅋㅋㅋ,,After Lap,,러셀 차 누워있노 ㅋㅋㅋ ,러셀 차 누워있노 ㅋㅋㅋ,0.1271965652704239,0.09275678545236588,0.055439434945583344,0.0319574736058712,0.662002444267273,0.030647296458482742
2024-03-24 14:25:06,러셀 제대로 해먹었네 ㅋㅋ,,After Lap,,러셀 제대로 해먹었네 ㅋㅋ ,러셀 제대로 해먹었네 ㅋㅋ,0.1281045526266098,0.09423275291919708,0.06500433385372162,0.045601457357406616,0.6259089112281799,0.04114798456430435
2024-03-24 14:25:07,레드불 원투를 하네마네했는데 페라리 원투 ㅋㅋㅋ,ㄹㅇ 뜬금없는데 재밌노 ㅋㅋ,After Lap,,레드불 원투를 하네마네했는데 페라리 원투 ㅋㅋㅋ ㄹㅇ 뜬금없는데 재밌노 ㅋㅋ,레드불 원투를 하네마네했는데 페라리 원투 ㅋㅋㅋ ㄹㅇ 뜬금없는데 재밌노 ㅋㅋ,0.14389245212078094,0.10710393637418747,0.06087387353181839,0.03102249465882778,0.6288595199584961,0.02824777364730835
2024-03-24 14:25:08,티포시의 주말이다ㅋㅋㅋㅋㅋ,ㅋㅋㅋ,After Lap,,티포시의 주말이다ㅋㅋㅋㅋㅋ ㅋㅋㅋ,티포시의 주말이다ㅋㅋㅋㅋㅋ ㅋㅋㅋ,0.10794813930988312,0.05793609842658043,0.06025082990527153,0.03931856527924538,0.7120277285575867,0.022518616169691086
2024-03-24 14:25:08,처참하다,파지직ㅠㅠ,After Lap,,처참하다 파지직ㅠㅠ,처참하다 파지직ㅠㅠ,0.2261713594198227,0.20901784300804138,0.16505859792232513,0.18774844706058502,0.13164347410202026,0.08036025613546371
2024-03-24 14:25:09,스무우우우우우스 오퍼레이터~,,After Lap,,스무우우우우우스 오퍼레이터~ ,스무우우우우우스 오퍼레이터~,0.10922905802726746,0.06730957329273224,0.05740021541714668,0.03607848286628723,0.7072010636329651,0.022781701758503914
2024-03-24 14:25:11,차가 아예누웠노,,After Lap,,차가 아예누웠노 ,차가 아예누웠노,0.2645370066165924,0.2858114242553711,0.15221187472343445,0.09864857792854309,0.09911350905895233,0.09967762231826782
2024-03-24 14:25:13,차가 왜 옆으로 넘어갔노 ㅋㅋ,,After Lap,,차가 왜 옆으로 넘어갔노 ㅋㅋ ,차가 왜 옆으로 넘어갔노 ㅋㅋ,0.26517584919929504,0.2862468957901001,0.15369533002376556,0.0868874192237854,0.11827237904071808,0.08972213417291641
2024-03-24 14:25:14,바퀴 ㅈㄴ 가지런하네,ㅋㅋㅋㅋㅋㅋㅋㅋㅋ,After Lap,,바퀴 ㅈㄴ 가지런하네 ㅋㅋㅋㅋㅋㅋㅋㅋㅋ,바퀴 ㅈㄴ 가지런하네 ㅋㅋㅋㅋㅋㅋㅋㅋㅋ,0.17849405109882355,0.15441153943538666,0.07059849798679352,0.030331918969750404,0.5217870473861694,0.04437689483165741
2024-03-24 14:25:15,"[속보] 호주 경찰, 노리스 신변 보호에 최선",ㅇㅇ,After Lap,,"[속보] 호주 경찰, 노리스 신변 보호에 최선 ㅇㅇ","[속보] 호주 경찰, 노리스 신변 보호에 최선 ㅇㅇ",0.2329072505235672,0.2170146405696869,0.07800357788801193,0.08130646497011185,0.31762754917144775,0.07314057648181915
2024-03-24 14:25:15,ㅋㅋ알본 대가리 박아라 시발아ㅌㅋㅋ,,After Lap,,ㅋㅋ알본 대가리 박아라 시발아ㅌㅋㅋ ,ㅋㅋ알본 대가리 박아라 시발아ㅌㅋㅋ,0.1766199767589569,0.13287511467933655,0.3253353238105774,0.14661788940429688,0.15006008744239807,0.068491630256176
2024-03-24 14:25:17,ㅋㅋㅋㅋㅋㅋ배때기 다까놨노,- dc official App,After Lap,,ㅋㅋㅋㅋㅋㅋ배때기 다까놨노 - dc official App,ㅋㅋㅋㅋㅋㅋ배때기 다까놨노 - dc official App,0.2650611102581024,0.20897938311100006,0.14316776394844055,0.06268440186977386,0.21293170750141144,0.10717558860778809
2024-03-24 14:25:19,러셀 그래도 마지막엔 애마앞에 서는구나,"ㅋㅋㅋㅋㅋ
- dc official App",After Lap,,"러셀 그래도 마지막엔 애마앞에 서는구나 ㅋㅋㅋㅋㅋ
- dc official App",러셀 그래도 마지막엔 애마앞에 서는구나 ㅋㅋㅋㅋㅋ,0.149608314037323,0.09418176114559174,0.05682418495416641,0.0399257093667984,0.6160970330238342,0.04336288943886757
2024-03-24 14:25:19,간만에 페라리 엔딩이네ㅋㅋ,갓라리~~,After Lap,,간만에 페라리 엔딩이네ㅋㅋ 갓라리~~,간만에 페라리 엔딩이네ㅋㅋ 갓라리~~,0.11140219867229462,0.05788680166006088,0.051640547811985016,0.03739817440509796,0.7170619368553162,0.024610260501503944
2024-03-24 14:25:20,하부 공개 입갤 ㅋ,ㅋㅋㅋㅋㅋㅋㅋㅋㅋ,After Lap,,하부 공개 입갤 ㅋ ㅋㅋㅋㅋㅋㅋㅋㅋㅋ,하부 공개 입갤 ㅋ ㅋㅋㅋㅋㅋㅋㅋㅋㅋ,0.11734180897474289,0.0850588008761406,0.061452511698007584,0.03163551539182663,0.6768346428871155,0.02767670527100563
2024-03-24 14:25:20,패랩까지 캬 ㅋㅋ,ㅋㅋ,After Lap,,패랩까지 캬 ㅋㅋ ㅋㅋ,패랩까지 캬 ㅋㅋ ㅋㅋ,0.12629564106464386,0.09332088381052017,0.05688883364200592,0.030425582081079483,0.6657777428627014,0.027291320264339447
2024-03-24 14:25:23,알론소 패기에 눌렸노 ㅋㅋㅋㅋㅋㅋ,,After Lap,,알론소 패기에 눌렸노 ㅋㅋㅋㅋㅋㅋ ,알론소 패기에 눌렸노 ㅋㅋㅋㅋㅋㅋ,0.2283281534910202,0.21651989221572876,0.08639544993638992,0.038816120475530624,0.3413063883781433,0.0886339619755745
2024-03-24 14:25:24,2022년 바레인 그랑프리 이후 첫 페라리 원투,ㅅㅅ,After Lap,,2022년 바레인 그랑프리 이후 첫 페라리 원투 ㅅㅅ,2022년 바레인 그랑프리 이후 첫 페라리 원투 ㅅㅅ,0.10756181180477142,0.06303349882364273,0.05453106015920639,0.036430638283491135,0.7125685214996338,0.025874510407447815
2024-03-24 14:25:24,러셀른 중요한데에서 사고나네,"작년 싱가폴도 그렇고 이번도 그렇고 ㅋㅋㅋㅋ
- dc official App",After Lap,,"러셀른 중요한데에서 사고나네 작년 싱가폴도 그렇고 이번도 그렇고 ㅋㅋㅋㅋ
- dc official App",러셀른 중요한데에서 사고나네 작년 싱가폴도 그렇고 이번도 그렇고 ㅋㅋㅋㅋ,0.2717116177082062,0.21065931022167206,0.1714136153459549,0.19209223985671997,0.07385686784982681,0.08026634156703949
2024-03-24 14:25:24,하스 미쳤다 둘다 포인트 ㄷㄷ,"올해 기대되네 진짜
- dc official App",After Lap,,"하스 미쳤다 둘다 포인트 ㄷㄷ 올해 기대되네 진짜
- dc official App",하스 미쳤다 둘다 포인트 ㄷㄷ 올해 기대되네 진짜,0.15366089344024658,0.10312770307064056,0.058731116354465485,0.0340392030775547,0.6127365827560425,0.037704531103372574
2024-03-24 14:25:28,차가 옆으로 섰노 ㅋㅋㅋ,,After Lap,,차가 옆으로 섰노 ㅋㅋㅋ ,차가 옆으로 섰노 ㅋㅋㅋ,0.26543763279914856,0.27731555700302124,0.13397400081157684,0.06576620787382126,0.15371385216712952,0.10379275679588318
2024-03-24 14:25:28,진짜 개씨발 개씨발 개씨발,,After Lap,,진짜 개씨발 개씨발 개씨발 ,진짜 개씨발 개씨발 개씨발,0.17628951370716095,0.12774324417114258,0.2946626842021942,0.21141888201236725,0.14231470227241516,0.04757099598646164
2024-03-24 14:25:29,쥬지는 아무리 차가 구려도 그렇지 걍 드러눕노....,어휴,After Lap,,쥬지는 아무리 차가 구려도 그렇지 걍 드러눕노.... 어휴,쥬지는 아무리 차가 구려도 그렇지 걍 드러눕노.... 어휴,0.2358781397342682,0.20959585905075073,0.22203317284584045,0.1861492246389389,0.07319977134466171,0.07314377278089523
2024-03-24 14:25:28,시즌 1호 티포시의 주말 성공,,After Lap,,시즌 1호 티포시의 주말 성공 ,시즌 1호 티포시의 주말 성공,0.11730287224054337,0.06299874931573868,0.05339745804667473,0.040104418992996216,0.7013289332389832,0.024867553263902664
2024-03-24 14:25:30,오늘 하위권 요약.....,장사 접으쇼,After Lap,,오늘 하위권 요약..... 장사 접으쇼,오늘 하위권 요약..... 장사 접으쇼,0.2751588523387909,0.1907925307750702,0.1843302845954895,0.1993165910243988,0.07187613099813461,0.07852566987276077
2024-03-24 14:25:31,얼마나 피곤했으면 엎어져서 자냐,"어캐했노
- dc official App",After Lap,,"얼마나 피곤했으면 엎어져서 자냐 어캐했노
- dc official App",얼마나 피곤했으면 엎어져서 자냐 어캐했노,0.2252129465341568,0.31994831562042236,0.1255626529455185,0.08777624368667603,0.1240934506058693,0.11740635335445404
2024-03-24 14:25:34,페라리 대라리 황라리,아무도 못막는다ㅇㅇ,After Lap,,페라리 대라리 황라리 아무도 못막는다ㅇㅇ,페라리 대라리 황라리 아무도 못막는다ㅇㅇ,0.23217086493968964,0.29822856187820435,0.09308934956789017,0.06067012995481491,0.21434421837329865,0.10149689763784409
2024-03-24 14:25:35,메르는 왜 오른쪽에 바퀴가 4개임?,- dc official App,After Lap,,메르는 왜 오른쪽에 바퀴가 4개임? - dc official App,메르는 왜 오른쪽에 바퀴가 4개임? - dc official App,0.2791411578655243,0.29366716742515564,0.13243229687213898,0.10751478374004364,0.12229418754577637,0.06495041400194168
2024-03-24 14:25:37,이분 <<<- 진정한 퍼스트면 개추 ㅋㅋㅋ,"좆거품 미끌레는 세컨이면 개추 ㅋㅋㅋ
페라리 우승 = 사인지
공식이니까 외워라
- dc official App",After Lap,,"이분 <<<- 진정한 퍼스트면 개추 ㅋㅋㅋ 좆거품 미끌레는 세컨이면 개추 ㅋㅋㅋ
페라리 우승 = 사인지
공식이니까 외워라
- dc official App",이분 <<<- 진정한 퍼스트면 개추 ㅋㅋㅋ 좆거품 미끌레는 세컨이면 개추 ㅋㅋㅋ 페라리 우승 = 사인지 공식이니까 외워라,0.17602507770061493,0.2166380137205124,0.13139724731445312,0.06273431330919266,0.3364875614643097,0.07671777158975601
2024-03-24 14:25:41,세워진게 아니라 바퀴빠진 곳에 걸쳐졌노 ㅋㅋ,,After Lap,,세워진게 아니라 바퀴빠진 곳에 걸쳐졌노 ㅋㅋ ,세워진게 아니라 바퀴빠진 곳에 걸쳐졌노 ㅋㅋ,0.24882441759109497,0.28455522656440735,0.17518213391304016,0.1092010959982872,0.09605328738689423,0.0861838236451149
2024-03-24 14:25:41,알국왕이었으면 살렸다,,After Lap,,알국왕이었으면 살렸다 ,알국왕이었으면 살렸다,0.28321927785873413,0.2581477463245392,0.11663330346345901,0.1376720666885376,0.10779588669538498,0.09653163701295853
2024-03-24 14:25:43,러셀 사고 일찍났으면 레드플랙급 아님?,"길 한가운데를 틀어막았는데
- dc official App",After Lap,,"러셀 사고 일찍났으면 레드플랙급 아님? 길 한가운데를 틀어막았는데
- dc official App",러셀 사고 일찍났으면 레드플랙급 아님? 길 한가운데를 틀어막았는데,0.24055978655815125,0.25900766253471375,0.1724613457918167,0.1333743929862976,0.08494150638580322,0.10965525358915329
2024-03-24 14:25:43,승리의 티포시들 화력좀 볼까?,시즌 1호 승리의 티포시 열차 운행 섹스 ㅅㅅㅅㅅ,After Lap,,승리의 티포시들 화력좀 볼까? 시즌 1호 승리의 티포시 열차 운행 섹스 ㅅㅅㅅㅅ,승리의 티포시들 화력좀 볼까? 시즌 1호 승리의 티포시 열차 운행 섹스 ㅅㅅㅅㅅ,0.11684870719909668,0.07491753250360489,0.06073223054409027,0.0361599400639534,0.6824026107788086,0.028939025476574898
2024-03-24 14:25:50,??? : 잘 하는 법??,떼,After Lap,,??? : 잘 하는 법?? 떼,??? : 잘 하는 법?? 떼,0.2533629536628723,0.29985520243644714,0.12331640720367432,0.09389619529247284,0.14397761225700378,0.08559167385101318
2024-03-24 14:25:59,러셀은 이정도 수준임... 매번 이럼,압박을 못견딤 ㅋㅋㅋㅋ,After Lap,,러셀은 이정도 수준임... 매번 이럼 압박을 못견딤 ㅋㅋㅋㅋ,러셀은 이정도 수준임... 매번 이럼 압박을 못견딤 ㅋㅋㅋㅋ,0.3273661136627197,0.21297331154346466,0.12337057292461395,0.07871521264314651,0.14139817655086517,0.11617661267518997
2024-03-24 14:25:59,23알본이랑 거의 같은도 아니고 판박이인데?,진짜 똑같이 박았네,After Lap,,23알본이랑 거의 같은도 아니고 판박이인데? 진짜 똑같이 박았네,23알본이랑 거의 같은도 아니고 판박이인데? 진짜 똑같이 박았네,0.2074785679578781,0.3240258991718292,0.1714428961277008,0.07991425693035126,0.09756405651569366,0.1195743978023529
2024-03-24 14:26:04,제껴보려고 무리했네,ㄷㄷ,After Lap,,제껴보려고 무리했네 ㄷㄷ,제껴보려고 무리했네 ㄷㄷ,0.2536800801753998,0.3046181797981262,0.13910597562789917,0.10011740773916245,0.08899722248315811,0.11348111927509308
2024-03-24 14:26:05,알본은 그래서 포인트 땀? ㅋㅋㅋ,,After Lap,,알본은 그래서 포인트 땀? ㅋㅋㅋ ,알본은 그래서 포인트 땀? ㅋㅋㅋ,0.24081245064735413,0.2616274058818817,0.12096352130174637,0.06778229027986526,0.23389792442321777,0.07491639256477356
2024-03-24 14:26:06,자우버 이 개병신 새끼들은 5명이 리타이어 한 경기에서 14 15을 쳐박,네,After Lap,,자우버 이 개병신 새끼들은 5명이 리타이어 한 경기에서 14 15을 쳐박 네,자우버 이 개병신 새끼들은 5명이 리타이어 한 경기에서 14 15을 쳐박 네,0.17766951024532318,0.17013682425022125,0.29958871006965637,0.20747818052768707,0.09037579596042633,0.054750941693782806
2024-03-24 14:26:08,부숴진 차가 메르의 현 모습과도 같네....,너덜너덜...,After Lap,,부숴진 차가 메르의 현 모습과도 같네.... 너덜너덜...,부숴진 차가 메르의 현 모습과도 같네.... 너덜너덜...,0.23165397346019745,0.25705042481422424,0.16303491592407227,0.15576128661632538,0.08546697348356247,0.10703245550394058
2024-03-24 14:26:15,P1 베이비ㅋㅋㅋㅋ,,After Lap,,P1 베이비ㅋㅋㅋㅋ ,P1 베이비ㅋㅋㅋㅋ,0.11145784705877304,0.07993223518133163,0.05900534242391586,0.03142751008272171,0.693952202796936,0.02422483265399933
2024-03-24 14:26:18,p1 베이비 p1~,,After Lap,,p1 베이비 p1~ ,p1 베이비 p1~,0.11166023463010788,0.08554434031248093,0.0636565089225769,0.03819556534290314,0.6761611700057983,0.02478225715458393
2024-03-24 14:26:20,오늘 경기 안 본 새끼들 좆병신이면 개추 ㅋㅋㅋㅋㅋㅋㅋㅋㅋㅋㅋㅋㅋㅋ,일단나부터 ㅋㅋㅋㅋㅋㅋㅋㅋㅋㅋㅋㅋㅋㅋㅋㅋㅋㅋㅋㅋ,After Lap,,오늘 경기 안 본 새끼들 좆병신이면 개추 ㅋㅋㅋㅋㅋㅋㅋㅋㅋㅋㅋㅋㅋㅋ 일단나부터 ㅋㅋㅋㅋㅋㅋㅋㅋㅋㅋㅋㅋㅋㅋㅋㅋㅋㅋㅋㅋ,오늘 경기 안 본 새끼들 좆병신이면 개추 ㅋㅋㅋㅋㅋㅋㅋㅋㅋㅋㅋㅋㅋㅋ 일단나부터 ㅋㅋㅋㅋㅋㅋㅋㅋㅋㅋㅋㅋㅋㅋㅋㅋㅋㅋㅋㅋ,0.2018715739250183,0.2014332413673401,0.2101941704750061,0.08206534385681152,0.2183919996023178,0.08604367822408676
2024-03-24 14:26:22,메르는 차가 문제가 아니라 드라이버가 문제임,좆물탕 쫓아낸건 신의 한수였지만 이제 러셀도 병신이라 자르고 사인츠 영입해야됨,After Lap,,메르는 차가 문제가 아니라 드라이버가 문제임 좆물탕 쫓아낸건 신의 한수였지만 이제 러셀도 병신이라 자르고 사인츠 영입해야됨,메르는 차가 문제가 아니라 드라이버가 문제임 좆물탕 쫓아낸건 신의 한수였지만 이제 러셀도 병신이라 자르고 사인츠 영입해야됨,0.22276338934898376,0.2121930569410324,0.19382087886333466,0.211481973528862,0.07270055264234543,0.08704012632369995
2024-03-24 14:26:22,싸인지가 우승하면 러셀이 크래시 << 공식임,싱가폴 호주,After Lap,,싸인지가 우승하면 러셀이 크래시 << 공식임 싱가폴 호주,싸인지가 우승하면 러셀이 크래시 << 공식임 싱가폴 호주,0.22808775305747986,0.2477860152721405,0.1063351184129715,0.0644441768527031,0.290804922580719,0.06254201382398605
2024-03-24 14:26:23,저정도 사고면 한 수십억 깨지는거지?,수십억까진 아니고 억대인가?,After Lap,,저정도 사고면 한 수십억 깨지는거지? 수십억까진 아니고 억대인가?,저정도 사고면 한 수십억 깨지는거지? 수십억까진 아니고 억대인가?,0.20664556324481964,0.3503536880016327,0.1127830222249031,0.08313433080911636,0.1316763013601303,0.11540708690881729
2024-03-24 14:26:25,스무스 오퍼레이터 입갤 안하노,ㅋㅋㅋ,After Lap,,스무스 오퍼레이터 입갤 안하노 ㅋㅋㅋ,스무스 오퍼레이터 입갤 안하노 ㅋㅋㅋ,0.2087356001138687,0.135295569896698,0.07549673318862915,0.03675604984164238,0.49081313610076904,0.052902884781360626
2024-03-24 14:26:25,삐완 삐완,"ㅋㅋㅋㅋㅋㅋㅋ
- dc official App",After Lap,,"삐완 삐완 ㅋㅋㅋㅋㅋㅋㅋ
- dc official App",삐완 삐완 ㅋㅋㅋㅋㅋㅋㅋ,0.11244101822376251,0.06796837598085403,0.060604408383369446,0.03747507929801941,0.6980195641517639,0.02349161170423031
2024-03-24 14:26:25,삐원베이비~~,- dc official App,After Lap,,삐원베이비~~ - dc official App,삐원베이비~~ - dc official App,0.12260326743125916,0.1041361540555954,0.06511397659778595,0.03569713979959488,0.6469938158988953,0.025455614551901817
2024-03-24 14:26:28,삐완 삐완,"ㅋㅋ
- dc official App",After Lap,,"삐완 삐완 ㅋㅋ
- dc official App",삐완 삐완 ㅋㅋ,0.11143248528242111,0.06706968694925308,0.05821937695145607,0.03883304446935654,0.7006567716598511,0.02378872223198414
2024-03-24 14:26:29,웃음소리 존나 웃기네ㅋㅋㅋㅋ,ㅋㅋㅋㅋ,After Lap,,웃음소리 존나 웃기네ㅋㅋㅋㅋ ㅋㅋㅋㅋ,웃음소리 존나 웃기네ㅋㅋㅋㅋ ㅋㅋㅋㅋ,0.13184674084186554,0.08902667462825775,0.06364480406045914,0.0378694012761116,0.6510104537010193,0.026601972058415413
2024-03-24 14:26:30,뒤에 따라오는놈 있었으면 존나 위험할뻔했네,"저 코너 작년 알본도 그렇고 사고 ㅈㄴ 잘나노
- dc official App",After Lap,,"뒤에 따라오는놈 있었으면 존나 위험할뻔했네 저 코너 작년 알본도 그렇고 사고 ㅈㄴ 잘나노
- dc official App",뒤에 따라오는놈 있었으면 존나 위험할뻔했네 저 코너 작년 알본도 그렇고 사고 ㅈㄴ 잘나노,0.22236673533916473,0.2804217040538788,0.16427308320999146,0.12228330224752426,0.09067382663488388,0.11998137831687927
2024-03-24 14:26:30,이미시발 개좆같네 아 시발,다 뒤져라 시발,After Lap,,이미시발 개좆같네 아 시발 다 뒤져라 시발,이미시발 개좆같네 아 시발 다 뒤져라 시발,0.1721537709236145,0.12785813212394714,0.2936347424983978,0.22008569538593292,0.14233005046844482,0.04393758997321129
2024-03-24 14:26:31,"??? : 드디어 널 뛰어넘었다, 베르스타펜",,After Lap,,"??? : 드디어 널 뛰어넘었다, 베르스타펜 ","??? : 드디어 널 뛰어넘었다, 베르스타펜",0.17011405527591705,0.12993676960468292,0.06228438392281532,0.042149659246206284,0.5358981490135193,0.0596170499920845
2024-03-24 14:26:32,머야 러셀어디갔음??????,먼데 ㅡㅡ,After Lap,,머야 러셀어디갔음?????? 먼데 ㅡㅡ,머야 러셀어디갔음?????? 먼데 ㅡㅡ,0.33988168835639954,0.1660027801990509,0.16770383715629578,0.1651354283094406,0.10289125144481659,0.058385077863931656
2024-03-24 14:26:36,메르 플로어 공개 ㅋㅋㅋㅋㅋㅋ,그런데 W15 병신이라 가치가 없는,After Lap,,메르 플로어 공개 ㅋㅋㅋㅋㅋㅋ 그런데 W15 병신이라 가치가 없는,메르 플로어 공개 ㅋㅋㅋㅋㅋㅋ 그런데 W15 병신이라 가치가 없는,0.2584758996963501,0.2334875762462616,0.19597762823104858,0.0931711196899414,0.12577734887599945,0.09311041980981827
2024-03-24 14:26:36,맥 아깝다,"첫번째 피트때 따라들어갔으면 2등 해볼만했는데 아깝다
Mclaren F1 team 2007~",After Lap,,"맥 아깝다 첫번째 피트때 따라들어갔으면 2등 해볼만했는데 아깝다
Mclaren F1 team 2007~",맥 아깝다 첫번째 피트때 따라들어갔으면 2등 해볼만했는데 아깝다 Mclaren F1 team 2007~,0.2935647666454315,0.17746475338935852,0.10482994467020035,0.14690981805324554,0.21523632109165192,0.06199433654546738
2024-03-24 14:26:39,삐완ㅋㅋㅋㅋㅋㅋㅋ,,After Lap,,삐완ㅋㅋㅋㅋㅋㅋㅋ ,삐완ㅋㅋㅋㅋㅋㅋㅋ,0.11323269456624985,0.0720166489481926,0.05982440710067749,0.035266775637865067,0.6951882243156433,0.024471312761306763
2024-03-24 14:26:42,어떤 오퍼레이션이였는지 왜 안물어봐 ㅅㅂ,,After Lap,,어떤 오퍼레이션이였는지 왜 안물어봐 ㅅㅂ ,어떤 오퍼레이션이였는지 왜 안물어봐 ㅅㅂ,0.2563638687133789,0.11368222534656525,0.2627212405204773,0.18647144734859467,0.14531603455543518,0.03544516861438751
2024-03-24 14:26:43,스무우우스 오퍼레이러~~,~~,After Lap,,스무우우스 오퍼레이러~~ ~~,스무우우스 오퍼레이러~~ ~~,0.10614755004644394,0.0677819773554802,0.06026601791381836,0.035425055772066116,0.7080636024475098,0.022315755486488342
2024-03-24 14:26:42,좋은시간대 독재자 ㅈ망 딸깍충 참교육 거를타선없는 경기 ㅈ된다ㅋㅋㅋㅋ,본방으로 못본애들 불쌍해서 어카노ㅋㅋㅋㅋ,After Lap,,좋은시간대 독재자 ㅈ망 딸깍충 참교육 거를타선없는 경기 ㅈ된다ㅋㅋㅋㅋ 본방으로 못본애들 불쌍해서 어카노ㅋㅋㅋㅋ,좋은시간대 독재자 ㅈ망 딸깍충 참교육 거를타선없는 경기 ㅈ된다ㅋㅋㅋㅋ 본방으로 못본애들 불쌍해서 어카노ㅋㅋㅋㅋ,0.22833698987960815,0.18755969405174255,0.20595523715019226,0.13337454199790955,0.131038635969162,0.11373494565486908
2024-03-24 14:26:47,방금 우리 아파트에서 사람죽었다.,"그건 바로 나약했던 어제의 '나'
나약했던 나는 오늘 죽었다.
내일부터 새로운 '나'로 다시 태어난다.
티포시의 주말을 걱정하지 않으며 맥도날드라 놀리지않으며
근본의 팀 페라리를 좆라리 따위로 놀리지않는
""티포시"" 명예 이탈리아인으로 다시 태어났다",After Lap,,"방금 우리 아파트에서 사람죽었다. 그건 바로 나약했던 어제의 '나'
나약했던 나는 오늘 죽었다.
내일부터 새로운 '나'로 다시 태어난다.
티포시의 주말을 걱정하지 않으며 맥도날드라 놀리지않으며
근본의 팀 페라리를 좆라리 따위로 놀리지않는
""티포시"" 명예 이탈리아인으로 다시 태어났다","방금 우리 아파트에서 사람죽었다. 그건 바로 나약했던 어제의 '나' 나약했던 나는 오늘 죽었다. 내일부터 새로운 '나'로 다시 태어난다. 티포시의 주말을 걱정하지 않으며 맥도날드라 놀리지않으며 근본의 팀 페라리를 좆라리 따위로 놀리지않는 ""티포시"" 명예 이탈리아인으로 다시 태어났다",0.20204810798168182,0.14674387872219086,0.10559038072824478,0.1234017014503479,0.3410469889640808,0.08116894960403442
2024-03-24 14:26:49,이게 호주야 싱가폴이야,"개꿀잼 레이스ㅋㅋㅋㅋ
- dc official App",After Lap,,"이게 호주야 싱가폴이야 개꿀잼 레이스ㅋㅋㅋㅋ
- dc official App",이게 호주야 싱가폴이야 개꿀잼 레이스ㅋㅋㅋㅋ,0.11301295459270477,0.06584464758634567,0.058913227170705795,0.03911714255809784,0.6995832324028015,0.023528844118118286
2024-03-24 14:26:49,방금 우리 아파트에서 사람 죽었다.,"메르세데스? 팬이라고 했던거 같은데
왜 그랬는진 잘 모르겠다",After Lap,,"방금 우리 아파트에서 사람 죽었다. 메르세데스? 팬이라고 했던거 같은데
왜 그랬는진 잘 모르겠다",방금 우리 아파트에서 사람 죽었다. 메르세데스? 팬이라고 했던거 같은데 왜 그랬는진 잘 모르겠다,0.25484880805015564,0.2659377157688141,0.15406951308250427,0.11095545440912247,0.09036750346422195,0.12382098287343979
2024-03-24 14:26:51,승리의 대인츠 ㅋㅋㅋㅋ,ㅋㅋ,After Lap,,승리의 대인츠 ㅋㅋㅋㅋ ㅋㅋ,승리의 대인츠 ㅋㅋㅋㅋ ㅋㅋ,0.10595308244228363,0.060566771775484085,0.05469014495611191,0.036160390824079514,0.7175948023796082,0.025034837424755096
2024-03-24 14:26:51,땽큐 페라리 뽀르자,,After Lap,,땽큐 페라리 뽀르자 ,땽큐 페라리 뽀르자,0.11893090605735779,0.08277985453605652,0.062293890863657,0.03730768710374832,0.6680917143821716,0.03059597685933113
2024-03-24 14:26:51,땡큐페라리~,,After Lap,,땡큐페라리~ ,땡큐페라리~,0.1228179782629013,0.06171649694442749,0.05981466919183731,0.04905390739440918,0.6818352341651917,0.024761727079749107
2024-03-24 14:26:52,사국왕 우승,제발  페라리에 계속남아줘,After Lap,,사국왕 우승 제발  페라리에 계속남아줘,사국왕 우승 제발 페라리에 계속남아줘,0.1476432979106903,0.10053635388612747,0.06875023245811462,0.053179435431957245,0.5839920043945312,0.0458986833691597
2024-03-24 14:26:52,시발 사인츠 다른팀 안가면 안되냐고,,After Lap,,시발 사인츠 다른팀 안가면 안되냐고 ,시발 사인츠 다른팀 안가면 안되냐고,0.23097679018974304,0.11221902072429657,0.29313433170318604,0.1930590271949768,0.13329842686653137,0.037312399595975876
2024-03-24 14:26:57,쥬지←욕심이 너무 많은듯,"중요할때 말아먹노....
- dc official App",After Lap,,"쥬지←욕심이 너무 많은듯 중요할때 말아먹노....
- dc official App",쥬지←욕심이 너무 많은듯 중요할때 말아먹노....,0.2621959447860718,0.1993878036737442,0.2008669078350067,0.20445457100868225,0.06739173829555511,0.06570307910442352
2024-03-24 14:26:58,페라리 원 투,"츠노다 8위
하스 더블포인트
이궈궈든!!!!!
- dc official App",After Lap,,"페라리 원 투 츠노다 8위
하스 더블포인트
이궈궈든!!!!!
- dc official App",페라리 원 투 츠노다 8위 하스 더블포인트 이궈궈든!!!!!,0.10292463004589081,0.05760342255234718,0.05524968355894089,0.03739502280950546,0.7220428586006165,0.0247843898832798
2024-03-24 14:27:02,'러셀' 해버렸네,ㅋㅋㅋㅋㅋㅋㅋㅋㅋㅋㅋㅋㅋㅋ,After Lap,,'러셀' 해버렸네 ㅋㅋㅋㅋㅋㅋㅋㅋㅋㅋㅋㅋㅋㅋ,'러셀' 해버렸네 ㅋㅋㅋㅋㅋㅋㅋㅋㅋㅋㅋㅋㅋㅋ,0.16066715121269226,0.08690424263477325,0.0779256671667099,0.04509484022855759,0.596511960029602,0.03289611637592316
2024-03-24 14:27:05,티포시의 주말 ㅋㅋㅋㅋㅋㅋㅋㅋㅋㅋ,"야스 ㅋㅋㅋㅋㅋㅋㅋ
- dc official App",After Lap,,"티포시의 주말 ㅋㅋㅋㅋㅋㅋㅋㅋㅋㅋ 야스 ㅋㅋㅋㅋㅋㅋㅋ
- dc official App",티포시의 주말 ㅋㅋㅋㅋㅋㅋㅋㅋㅋㅋ 야스 ㅋㅋㅋㅋㅋㅋㅋ,0.10893894731998444,0.05958753451704979,0.05847950652241707,0.0370461568236351,0.7131013870239258,0.022846469655632973
2024-03-24 14:27:09,몽골 살아있었으면 사인츠랑 배틀존나햇으려나,걍몇랩만에 다시 뛰어넘고 결굴 우승했겠지,After Lap,,몽골 살아있었으면 사인츠랑 배틀존나햇으려나 걍몇랩만에 다시 뛰어넘고 결굴 우승했겠지,몽골 살아있었으면 사인츠랑 배틀존나햇으려나 걍몇랩만에 다시 뛰어넘고 결굴 우승했겠지,0.26802968978881836,0.3140058219432831,0.11749228090047836,0.0770685076713562,0.1024463102221489,0.12095736712217331
2024-03-24 14:27:09,세컨 지가못하고 삐졌노 ㅋㅋㅋ,,After Lap,,세컨 지가못하고 삐졌노 ㅋㅋㅋ ,세컨 지가못하고 삐졌노 ㅋㅋㅋ,0.3007120192050934,0.20348316431045532,0.192824125289917,0.0958213359117508,0.11023349314928055,0.09692589193582535
2024-03-24 14:27:15,막가놈 욕이 듣고 싶구나 ㅅㅅ,,After Lap,,막가놈 욕이 듣고 싶구나 ㅅㅅ ,막가놈 욕이 듣고 싶구나 ㅅㅅ,0.16975145041942596,0.12548354268074036,0.2780715823173523,0.1119401678442955,0.2586915194988251,0.05606171116232872
2024-03-24 14:27:18,오늘 뭐 종합선물세트임?,"막스 칼퇴근
해물탕 킬퇴근
페라리 원투
맥라렌 34
메르 0점
8노다
하스 더블포인트
오늘 경기 보고 사인지 팬한다",After Lap,,"오늘 뭐 종합선물세트임? 막스 칼퇴근
해물탕 킬퇴근
페라리 원투
맥라렌 34
메르 0점
8노다
하스 더블포인트
오늘 경기 보고 사인지 팬한다",오늘 뭐 종합선물세트임? 막스 칼퇴근 해물탕 킬퇴근 페라리 원투 맥라렌 34 메르 0점 8노다 하스 더블포인트 오늘 경기 보고 사인지 팬한다,0.13144150376319885,0.07372328639030457,0.062416922301054,0.048885609954595566,0.6453666090965271,0.038166116923093796
2024-03-24 14:27:21,몽골견 물탕견 조용하니까 갤 존나 클린하노,ㅋㅋㅋㅋㅋㅋㅋㅋㅋ,After Lap,,몽골견 물탕견 조용하니까 갤 존나 클린하노 ㅋㅋㅋㅋㅋㅋㅋㅋㅋ,몽골견 물탕견 조용하니까 갤 존나 클린하노 ㅋㅋㅋㅋㅋㅋㅋㅋㅋ,0.13385234773159027,0.084151990711689,0.06144844368100166,0.03488866239786148,0.6563127040863037,0.029345734044909477
2024-03-24 14:27:22,역시 갤럼 모두는 티포시가 맞았어,"사실 나도 티포시야
페라리 모자도 있어
- dc official App",After Lap,,"역시 갤럼 모두는 티포시가 맞았어 사실 나도 티포시야
페라리 모자도 있어
- dc official App",역시 갤럼 모두는 티포시가 맞았어 사실 나도 티포시야 페라리 모자도 있어,0.19428861141204834,0.12710140645503998,0.06226574257016182,0.055199746042490005,0.49782639741897583,0.06331807374954224
2024-03-24 14:27:24,러셀저새끼시발 ㄹㅇ ㅋㅋ,,After Lap,,러셀저새끼시발 ㄹㅇ ㅋㅋ ,러셀저새끼시발 ㄹㅇ ㅋㅋ,0.16278621554374695,0.13046668469905853,0.3213796615600586,0.16378186643123627,0.1723242849111557,0.04926130920648575
2024-03-24 14:27:26,가슬리 드챔꼴찌 탈출 성공 ㅋㅋㅋㅋㅋ,ㅋㅋㅋㅋㅋㅋ,After Lap,,가슬리 드챔꼴찌 탈출 성공 ㅋㅋㅋㅋㅋ ㅋㅋㅋㅋㅋㅋ,가슬리 드챔꼴찌 탈출 성공 ㅋㅋㅋㅋㅋ ㅋㅋㅋㅋㅋㅋ,0.1229078471660614,0.07180840522050858,0.07213201373815536,0.044645555317401886,0.6604973673820496,0.028008857741951942
2024-03-24 14:27:26,메르 병신들 노포인트네 아,어휴,After Lap,,메르 병신들 노포인트네 아 어휴,메르 병신들 노포인트네 아 어휴,0.2562524378299713,0.10598124563694,0.24739231169223785,0.23593710362911224,0.10837609320878983,0.04606079310178757
2024-03-24 14:27:28,???: 시발련아 좀 나가,그냥 좀 꺼져봐 제발,After Lap,,???: 시발련아 좀 나가 그냥 좀 꺼져봐 제발,???: 시발련아 좀 나가 그냥 좀 꺼져봐 제발,0.15941952168941498,0.12753310799598694,0.3309714198112488,0.17022138833999634,0.16667437553405762,0.04518021643161774
2024-03-24 14:27:29,드챔 막스 51포 르끌 47포 체코 46포 ㅋㅋ,ㅋㅋㅋㅋㅋ,After Lap,,드챔 막스 51포 르끌 47포 체코 46포 ㅋㅋ ㅋㅋㅋㅋㅋ,드챔 막스 51포 르끌 47포 체코 46포 ㅋㅋ ㅋㅋㅋㅋㅋ,0.16301731765270233,0.1230706050992012,0.09165467321872711,0.04078105092048645,0.5492491722106934,0.03222718834877014
2024-03-24 14:27:34,4글자로 웃기기,"전승우승
ㅋㅋㅋㅋㅋㅋㅋㅋㅋㅋㅋㅋㅋㅋㅋㅋㅋㅋㅋㅋㅋㅋㅋㅋㅋㅋㅋㅋㅋㅋㅋㅋㅋㅋㅋㅋㅋㅋㅋㅋㅋㅋㅋㅋㅋㅋㅋㅋㅋㅋㅋㅋㅋㅋㅋㅋㅋㅋㅋㅋㅋㅋㅋㅋㅋㅋ",After Lap,,"4글자로 웃기기 전승우승
ㅋㅋㅋㅋㅋㅋㅋㅋㅋㅋㅋㅋㅋㅋㅋㅋㅋㅋㅋㅋㅋㅋㅋㅋㅋㅋㅋㅋㅋㅋㅋㅋㅋㅋㅋㅋㅋㅋㅋㅋㅋㅋㅋㅋㅋㅋㅋㅋㅋㅋㅋㅋㅋㅋㅋㅋㅋㅋㅋㅋㅋㅋㅋㅋㅋㅋ",4글자로 웃기기 전승우승 ㅋㅋㅋㅋㅋㅋㅋㅋㅋㅋㅋㅋㅋㅋㅋㅋㅋㅋㅋㅋㅋㅋㅋㅋㅋㅋㅋㅋㅋㅋㅋㅋㅋㅋㅋㅋㅋㅋㅋㅋㅋㅋㅋㅋㅋㅋㅋㅋㅋㅋㅋㅋㅋㅋㅋㅋㅋㅋㅋㅋㅋㅋㅋㅋㅋㅋ,0.12501800060272217,0.07073654979467392,0.05975914001464844,0.035146888345479965,0.684160590171814,0.025178804993629456
2024-03-24 14:27:39,오늘의 병신,이 경기 안본 새끼들ㅋㅋㅋ,After Lap,,오늘의 병신 이 경기 안본 새끼들ㅋㅋㅋ,오늘의 병신 이 경기 안본 새끼들ㅋㅋㅋ,0.21679069101810455,0.288628488779068,0.2019783854484558,0.08214610815048218,0.11386124789714813,0.09659510850906372
2024-03-24 14:27:40,티포시 아니여도 오랜만에 재밌었다 ㅋㅋ,"티포시 아님
걍 재밌었음 ㅋㅋ",After Lap,,"티포시 아니여도 오랜만에 재밌었다 ㅋㅋ 티포시 아님
걍 재밌었음 ㅋㅋ",티포시 아니여도 오랜만에 재밌었다 ㅋㅋ 티포시 아님 걍 재밌었음 ㅋㅋ,0.13972944021224976,0.053929273039102554,0.06935626268386841,0.04926687106490135,0.6631917953491211,0.024526307359337807
2024-03-24 14:27:42,뉴이가 일본에서 제로팟 들고온다 했는데,제로팟의 저주로 ㅈ박으면 페라리 챔 가냐?,After Lap,,뉴이가 일본에서 제로팟 들고온다 했는데 제로팟의 저주로 ㅈ박으면 페라리 챔 가냐?,뉴이가 일본에서 제로팟 들고온다 했는데 제로팟의 저주로 ㅈ박으면 페라리 챔 가냐?,0.2036871463060379,0.32598212361335754,0.15030115842819214,0.09183599799871445,0.10300455242395401,0.12518908083438873
2024-03-24 14:27:42,땡큐 페라리,"하지만 내년은...
ㅠㅠ",After Lap,,"땡큐 페라리 하지만 내년은...
ㅠㅠ",땡큐 페라리 하지만 내년은... ㅠㅠ,0.2837056517601013,0.12004920840263367,0.11870189011096954,0.17484129965305328,0.23496605455875397,0.06773592531681061
2024-03-24 14:27:44,자우버는 이쯤되면 설계 이슈 아니냐?,아니면 핏크루 줄 빠따 때려야함?,After Lap,,자우버는 이쯤되면 설계 이슈 아니냐? 아니면 핏크루 줄 빠따 때려야함?,자우버는 이쯤되면 설계 이슈 아니냐? 아니면 핏크루 줄 빠따 때려야함?,0.2054295688867569,0.301596999168396,0.1885746866464615,0.14566349983215332,0.07232552021741867,0.08640975505113602
2024-03-24 14:27:44,1위 자리 ㅈ간지노ㅋㅋㅋㅋ,,After Lap,,1위 자리 ㅈ간지노ㅋㅋㅋㅋ ,1위 자리 ㅈ간지노ㅋㅋㅋㅋ,0.13434723019599915,0.09415358304977417,0.05592505261301994,0.030918685719370842,0.6545648574829102,0.0300905741751194
2024-03-24 14:27:45,화력 ㅈ되네,개추 순식간에 130 ㅋㅋㅋㅋ,After Lap,,화력 ㅈ되네 개추 순식간에 130 ㅋㅋㅋㅋ,화력 ㅈ되네 개추 순식간에 130 ㅋㅋㅋㅋ,0.19117873907089233,0.2821809649467468,0.10133916884660721,0.04597526416182518,0.28732097148895264,0.09200491011142731
2024-03-24 14:27:47,내가 얘기했지?,후회할 거라고,After Lap,,내가 얘기했지? 후회할 거라고,내가 얘기했지? 후회할 거라고,0.25388216972351074,0.2705737352371216,0.13189733028411865,0.13959211111068726,0.11162493377923965,0.09242968261241913
2024-03-24 14:27:50,드디어 ㅋㅋㅋㅋㅋㅋ,,After Lap,,드디어 ㅋㅋㅋㅋㅋㅋ ,드디어 ㅋㅋㅋㅋㅋㅋ,0.12639474868774414,0.09245295822620392,0.05883519724011421,0.030556967481970787,0.6635810136795044,0.028179004788398743
2024-03-24 14:27:51,이번시즌 재밌겠네 ㅋㅋㅋㅋ,"레드불이랑 페라리 ㅋㅋㅋ
- dc official App",After Lap,,"이번시즌 재밌겠네 ㅋㅋㅋㅋ 레드불이랑 페라리 ㅋㅋㅋ
- dc official App",이번시즌 재밌겠네 ㅋㅋㅋㅋ 레드불이랑 페라리 ㅋㅋㅋ,0.1242111548781395,0.07141180336475372,0.059487294405698776,0.034803878515958786,0.6848912835121155,0.025194551795721054
2024-03-24 14:27:56,스무ㅡㅡㅡㅡㅡㅡ스,"오퍼레터~~~~
- dc official App",After Lap,,"스무ㅡㅡㅡㅡㅡㅡ스 오퍼레터~~~~
- dc official App",스무ㅡㅡㅡㅡㅡㅡ스 오퍼레터~~~~,0.10739366710186005,0.06271278113126755,0.05795936658978462,0.037457797676324844,0.7115277647972107,0.022948680445551872
2024-03-24 14:27:59,메르 <<<<<< 하스,"오늘 하스보다 포인트 못땀ㅋㅋㅋㅋㅋㅋㅋ
- dc official App",After Lap,,"메르 <<<<<< 하스 오늘 하스보다 포인트 못땀ㅋㅋㅋㅋㅋㅋㅋ
- dc official App",메르 <<<<<< 하스 오늘 하스보다 포인트 못땀ㅋㅋㅋㅋㅋㅋㅋ,0.32455047965049744,0.16956312954425812,0.1627906709909439,0.1093164011836052,0.15899991989135742,0.07477952539920807
2024-03-24 14:27:59,스무스오퍼레이터ㅓㅓㅓ~,- dc official App,After Lap,,스무스오퍼레이터ㅓㅓㅓ~ - dc official App,스무스오퍼레이터ㅓㅓㅓ~ - dc official App,0.12032454460859299,0.0862385481595993,0.061734095215797424,0.036929916590452194,0.6700645685195923,0.02470836043357849
2024-03-24 14:28:00,스무스~ 오퍼레이터~,~,After Lap,,스무스~ 오퍼레이터~ ~,스무스~ 오퍼레이터~ ~,0.11035379767417908,0.07030050456523895,0.05830300971865654,0.03776264563202858,0.6979647278785706,0.025315290316939354
2024-03-24 14:28:00,스무스 오퍼레이타ㅋㅋㅋㅋ,,After Lap,,스무스 오퍼레이타ㅋㅋㅋㅋ ,스무스 오퍼레이타ㅋㅋㅋㅋ,0.10986761748790741,0.07569944113492966,0.0634237751364708,0.032219432294368744,0.6958813667297363,0.022908363491296768
2024-03-24 14:28:01,스무스 오퍼레이터~,,After Lap,,스무스 오퍼레이터~ ,스무스 오퍼레이터~,0.1093902513384819,0.07077976316213608,0.05871503800153732,0.03735940158367157,0.6987347602844238,0.02502080611884594
2024-03-24 14:28:02,스무드,"오퍼레이타~
- dc official App",After Lap,,"스무드 오퍼레이타~
- dc official App",스무드 오퍼레이타~,0.10803532600402832,0.07448936253786087,0.06189293786883354,0.03781791031360626,0.6949976086616516,0.022766880691051483
2024-03-24 14:28:03,ㅋㅋㅋㅋㅋㅋㅋ스무스오퍼레이타~~~~~,,After Lap,,ㅋㅋㅋㅋㅋㅋㅋ스무스오퍼레이타~~~~~ ,ㅋㅋㅋㅋㅋㅋㅋ스무스오퍼레이타~~~~~,0.10814719647169113,0.06629538536071777,0.057610150426626205,0.03218840807676315,0.7133730053901672,0.022385764867067337
2024-03-24 14:28:03,스무스오퍼레이터 입갤 ㅋㅋㅋㅋㅋ,ㅅㅅㅅㅅ,After Lap,,스무스오퍼레이터 입갤 ㅋㅋㅋㅋㅋ ㅅㅅㅅㅅ,스무스오퍼레이터 입갤 ㅋㅋㅋㅋㅋ ㅅㅅㅅㅅ,0.10245852172374725,0.0652337297797203,0.05668945237994194,0.03433428332209587,0.7163820266723633,0.0249019768089056
2024-03-24 14:28:05,사인즈 노래 입갤 ㅋㅋㅋ,ㅋㅋㅋㅋ,After Lap,,사인즈 노래 입갤 ㅋㅋㅋ ㅋㅋㅋㅋ,사인즈 노래 입갤 ㅋㅋㅋ ㅋㅋㅋㅋ,0.10861388593912125,0.07292959839105606,0.05481242388486862,0.033101148903369904,0.7057236433029175,0.02481931261718273
2024-03-24 14:28:07,알론소 오늘 운영 개쩔었다,"운도 따르긴햇는데
와 타이어운영 진짜 개쩌네
마지막까지 러셀 꼴아박게 하는 연륜까지 완벽",After Lap,,"알론소 오늘 운영 개쩔었다 운도 따르긴햇는데
와 타이어운영 진짜 개쩌네
마지막까지 러셀 꼴아박게 하는 연륜까지 완벽",알론소 오늘 운영 개쩔었다 운도 따르긴햇는데 와 타이어운영 진짜 개쩌네 마지막까지 러셀 꼴아박게 하는 연륜까지 완벽,0.19738678634166718,0.23135720193386078,0.1043875515460968,0.07106088846921921,0.28724971413612366,0.10855787992477417
2024-03-24 14:28:07,스무우ㅜ우우우~~~스 오퍼레이타~~~~,,After Lap,,스무우ㅜ우우우~~~스 오퍼레이타~~~~ ,스무우ㅜ우우우~~~스 오퍼레이타~~~~,0.11401853710412979,0.06059930846095085,0.066070057451725,0.04498644918203354,0.6911183595657349,0.023207345977425575
2024-03-24 14:28:07,까먹었노ㅋㅋㅋ,,After Lap,,까먹었노ㅋㅋㅋ ,까먹었노ㅋㅋㅋ,0.30690237879753113,0.20422141253948212,0.10584110021591187,0.06433990597724915,0.238460972905159,0.08023426681756973
2024-03-24 14:28:10,스무우스 오퍼레이터어 ~,,After Lap,,스무우스 오퍼레이터어 ~ ,스무우스 오퍼레이터어 ~,0.10968847572803497,0.07161702960729599,0.057427551597356796,0.03540384769439697,0.7021318674087524,0.02373124472796917
2024-03-24 14:28:11,스무스 오포레이터~,- dc official App,After Lap,,스무스 오포레이터~ - dc official App,스무스 오포레이터~ - dc official App,0.1464468240737915,0.1343071162700653,0.0736456885933876,0.04166293516755104,0.5754449963569641,0.02849237248301506
2024-03-24 14:28:11,스무스 오퍼레이터ㅋㅋㅋ,ㅋㅋㅋㅋ,After Lap,,스무스 오퍼레이터ㅋㅋㅋ ㅋㅋㅋㅋ,스무스 오퍼레이터ㅋㅋㅋ ㅋㅋㅋㅋ,0.11707878857851028,0.08470036834478378,0.06089107319712639,0.03152833506464958,0.6810539960861206,0.024747390300035477
2024-03-24 14:28:10,스무뜨 오뻐레이터~~,,After Lap,,스무뜨 오뻐레이터~~ ,스무뜨 오뻐레이터~~,0.10573700070381165,0.06370196491479874,0.05515183508396149,0.03678411990404129,0.7160385251045227,0.022586606442928314
2024-03-24 14:28:12,스무스 오퍼레이터 ㅋㅋㅋㅋㅋ,,After Lap,,스무스 오퍼레이터 ㅋㅋㅋㅋㅋ ,스무스 오퍼레이터 ㅋㅋㅋㅋㅋ,0.12021370232105255,0.09129573404788971,0.06310469657182693,0.03038594126701355,0.6695095300674438,0.025490444153547287
2024-03-24 14:28:11,스무스 오퍼레이터 ㅋㅋㅋㅋㅋㅋㅋㅋㅋㅋㅋㅋㅋㅋㅋㅋㅋㅋㅋㅋㅋㅋㅋㅋㅋㅋㅋㅋㅋㅋ,,After Lap,,스무스 오퍼레이터 ㅋㅋㅋㅋㅋㅋㅋㅋㅋㅋㅋㅋㅋㅋㅋㅋㅋㅋㅋㅋㅋㅋㅋㅋㅋㅋㅋㅋㅋㅋ ,스무스 오퍼레이터 ㅋㅋㅋㅋㅋㅋㅋㅋㅋㅋㅋㅋㅋㅋㅋㅋㅋㅋㅋㅋㅋㅋㅋㅋㅋㅋㅋㅋㅋㅋ,0.12035233527421951,0.07896839082241058,0.06286982446908951,0.03296869620680809,0.6796384453773499,0.025202345103025436
2024-03-24 14:28:13,스무ㅡㅡㅡㅡㅡㅡㅡㅡㅡㅡㅡㅡㅡㅡㅡㅡㅡㅡㅡㅡ스,오뻐레이또~~~~~~~~,After Lap,,스무ㅡㅡㅡㅡㅡㅡㅡㅡㅡㅡㅡㅡㅡㅡㅡㅡㅡㅡㅡㅡ스 오뻐레이또~~~~~~~~,스무ㅡㅡㅡㅡㅡㅡㅡㅡㅡㅡㅡㅡㅡㅡㅡㅡㅡㅡㅡㅡ스 오뻐레이또~~~~~~~~,0.10682010650634766,0.07019581645727158,0.05811986327171326,0.035858191549777985,0.7053181529045105,0.023687835782766342
2024-03-24 14:28:14,스무스~오퍼레이러~,ㅋㅋㅋㅋㅋ,After Lap,,스무스~오퍼레이러~ ㅋㅋㅋㅋㅋ,스무스~오퍼레이러~ ㅋㅋㅋㅋㅋ,0.1054498553276062,0.06431889533996582,0.057138051837682724,0.03638837859034538,0.7134329676628113,0.023271946236491203
2024-03-24 14:28:14,스무스 오퍼레이텈ㅋㅋㅋ,,After Lap,,스무스 오퍼레이텈ㅋㅋㅋ ,스무스 오퍼레이텈ㅋㅋㅋ,0.11667728424072266,0.07808560878038406,0.06079608201980591,0.03789197653532028,0.6813037991523743,0.025245249271392822
2024-03-24 14:28:13,스묻~~오퍼레이러,,After Lap,,스묻~~오퍼레이러 ,스묻~~오퍼레이러,0.15350385010242462,0.09918981045484543,0.06797146797180176,0.03888019174337387,0.6113974452018738,0.029057268053293228
2024-03-24 14:28:17,ㅋㅋㅋㅋㅋㅋㅋㅋㅋㅋㅋㅋㅋㅋ,ㅋㅋㅋㅋㅋㅋㅋㅋㅋㅋㅋㅋㅋㅋㅋㅋ스ㅡㅡㅡㅡㅡ무슼ㅋㅋㅋ,After Lap,,ㅋㅋㅋㅋㅋㅋㅋㅋㅋㅋㅋㅋㅋㅋ ㅋㅋㅋㅋㅋㅋㅋㅋㅋㅋㅋㅋㅋㅋㅋㅋ스ㅡㅡㅡㅡㅡ무슼ㅋㅋㅋ,ㅋㅋㅋㅋㅋㅋㅋㅋㅋㅋㅋㅋㅋㅋ ㅋㅋㅋㅋㅋㅋㅋㅋㅋㅋㅋㅋㅋㅋㅋㅋ스ㅡㅡㅡㅡㅡ무슼ㅋㅋㅋ,0.12701894342899323,0.08714940398931503,0.0605032816529274,0.03241792321205139,0.6686368584632874,0.02427356317639351
2024-03-24 14:28:18,스무스 오파레따~~~,,After Lap,,스무스 오파레따~~~ ,스무스 오파레따~~~,0.10619519650936127,0.060535624623298645,0.056973714381456375,0.03931690752506256,0.7134138941764832,0.023564722388982773
2024-03-24 14:28:18,스무스~~~,"오퍼레이터~
Oracle Red Bull Racing RB20",After Lap,,"스무스~~~ 오퍼레이터~
Oracle Red Bull Racing RB20",스무스~~~ 오퍼레이터~ Oracle Red Bull Racing RB20,0.11055463552474976,0.07292589545249939,0.05900527909398079,0.035490620881319046,0.6982089877128601,0.023814590647816658
2024-03-24 14:28:21,아 시발 러셀아 아,그럴수있지 시발...,After Lap,,아 시발 러셀아 아 그럴수있지 시발...,아 시발 러셀아 아 그럴수있지 시발...,0.24613064527511597,0.1357397586107254,0.2749738097190857,0.17393948137760162,0.10280713438987732,0.06640922278165817
2024-03-24 14:28:22,스무스 오퍼레이떠~~~,,After Lap,,스무스 오퍼레이떠~~~ ,스무스 오퍼레이떠~~~,0.1075785830616951,0.06693807989358902,0.05923038721084595,0.03723619133234024,0.7053765654563904,0.02364025078713894
2024-03-24 14:28:24,형 한번 믿어보라 했지,"형이 말햇지? 차 안부신다고
형은 아무 문제 없이 차 끌고 들어왔어",After Lap,,"형 한번 믿어보라 했지 형이 말햇지? 차 안부신다고
형은 아무 문제 없이 차 끌고 들어왔어",형 한번 믿어보라 했지 형이 말햇지? 차 안부신다고 형은 아무 문제 없이 차 끌고 들어왔어,0.1998777985572815,0.13158145546913147,0.08753881603479385,0.11631296575069427,0.3862524628639221,0.07843650132417679
2024-03-24 14:28:22,사인츠 담당엔지니어ㅋㅋㅋㅋㅋ,사인츠 엔지니어 누구냐ㅋㅋㅋㅋㅋㅋ,After Lap,,사인츠 담당엔지니어ㅋㅋㅋㅋㅋ 사인츠 엔지니어 누구냐ㅋㅋㅋㅋㅋㅋ,사인츠 담당엔지니어ㅋㅋㅋㅋㅋ 사인츠 엔지니어 누구냐ㅋㅋㅋㅋㅋㅋ,0.22346137464046478,0.3259221613407135,0.12790606915950775,0.05140240117907524,0.17699675261974335,0.09431126713752747
2024-03-24 14:28:25,아니 사인츠 퍼스트 아니었어?,미끌레르가 왜,After Lap,,아니 사인츠 퍼스트 아니었어? 미끌레르가 왜,아니 사인츠 퍼스트 아니었어? 미끌레르가 왜,0.2464497983455658,0.32117465138435364,0.13289518654346466,0.07416881620883942,0.1340578943490982,0.09125367552042007
2024-03-24 14:28:27,스무th~,,After Lap,,스무th~ ,스무th~,0.11267146468162537,0.0796925500035286,0.05818184092640877,0.037261951714754105,0.6847009062767029,0.0274912491440773
2024-03-24 14:28:33,사인지 저렇게 좋아하는데 나가는거 아쉽노,,After Lap,,사인지 저렇게 좋아하는데 나가는거 아쉽노 ,사인지 저렇게 좋아하는데 나가는거 아쉽노,0.2723420560359955,0.17742931842803955,0.1058812141418457,0.1330394744873047,0.235086590051651,0.07622134685516357
2024-03-24 14:28:33,맹장 수술도 스무스하고 운전도 스무스하고,오퍼레이션은 잘 하노 ㅋㅋ,After Lap,,맹장 수술도 스무스하고 운전도 스무스하고 오퍼레이션은 잘 하노 ㅋㅋ,맹장 수술도 스무스하고 운전도 스무스하고 오퍼레이션은 잘 하노 ㅋㅋ,0.18523214757442474,0.17715832591056824,0.07112302631139755,0.034932758659124374,0.4595862925052643,0.07196737825870514
2024-03-24 14:28:33,스무스~ 오퍼레이터 ㅋㅋㅋㅋ,ㅋㅋㅋㅋㅋ123123ㅋㅋㅋㅋㅋㅋㅋ4534543,After Lap,,스무스~ 오퍼레이터 ㅋㅋㅋㅋ ㅋㅋㅋㅋㅋ123123ㅋㅋㅋㅋㅋㅋㅋ4534543,스무스~ 오퍼레이터 ㅋㅋㅋㅋ ㅋㅋㅋㅋㅋ123123ㅋㅋㅋㅋㅋㅋㅋ4534543,0.10973027348518372,0.06591052561998367,0.05665050819516182,0.03466930612921715,0.7105889320373535,0.022450439631938934
2024-03-24 14:28:36,메르 리버스 더블포디엄 개꿀ㅋㅋㅋㅋㅋㅋㅋㅋㅋㅋ,엌ㅋㅋㅋㅋ,After Lap,,메르 리버스 더블포디엄 개꿀ㅋㅋㅋㅋㅋㅋㅋㅋㅋㅋ 엌ㅋㅋㅋㅋ,메르 리버스 더블포디엄 개꿀ㅋㅋㅋㅋㅋㅋㅋㅋㅋㅋ 엌ㅋㅋㅋㅋ,0.11174037307500839,0.06446380168199539,0.061064716428518295,0.039345934987068176,0.698868989944458,0.024516096338629723
2024-03-24 14:28:43,타이어 개 걸레짝이네ㅋㅋㅋㅋ,,After Lap,,타이어 개 걸레짝이네ㅋㅋㅋㅋ ,타이어 개 걸레짝이네ㅋㅋㅋㅋ,0.19999632239341736,0.22958868741989136,0.2572646141052246,0.14119108021259308,0.08723292499780655,0.08472641557455063
2024-03-24 14:28:44,새삼문득,비노또 이새끼가 얼마나 ㅈ이였는지 느끼게해주네,After Lap,,새삼문득 비노또 이새끼가 얼마나 ㅈ이였는지 느끼게해주네,새삼문득 비노또 이새끼가 얼마나 ㅈ이였는지 느끼게해주네,0.15906144678592682,0.19916877150535583,0.23532168567180634,0.21490564942359924,0.1017160415649414,0.08982633799314499
2024-03-24 14:28:49,메르는 사인츠 잡아야,,After Lap,,메르는 사인츠 잡아야 ,메르는 사인츠 잡아야,0.24906706809997559,0.31509482860565186,0.10275990515947342,0.1002366691827774,0.16901050508022308,0.06383107602596283
2024-03-24 14:28:47,맥라렌 << 이번 시즌 초반부터 재밌으면 개추 ㅋㅋ,,After Lap,,맥라렌 << 이번 시즌 초반부터 재밌으면 개추 ㅋㅋ ,맥라렌 << 이번 시즌 초반부터 재밌으면 개추 ㅋㅋ,0.11785668879747391,0.066560760140419,0.05360179767012596,0.035024769604206085,0.6994470357894897,0.02750895358622074
2024-03-24 14:28:54,VAMOS!!!!!!!!!,"22바레인 이후 첫 원투섹스 ㅋㅋㅋㅋㅋ
- dc official App",After Lap,,"VAMOS!!!!!!!!! 22바레인 이후 첫 원투섹스 ㅋㅋㅋㅋㅋ
- dc official App",VAMOS!!!!!!!!! 22바레인 이후 첫 원투섹스 ㅋㅋㅋㅋㅋ,0.10830589383840561,0.06635282933712006,0.0564538836479187,0.032138656824827194,0.7124227285385132,0.024325953796505928
2024-03-24 14:28:57,쥬지가 개새끼인 이유,크르릉 왈왈!,After Lap,,쥬지가 개새끼인 이유 크르릉 왈왈!,쥬지가 개새끼인 이유 크르릉 왈왈!,0.23376108705997467,0.2198956310749054,0.19560740888118744,0.08093180507421494,0.19554942846298218,0.07425462454557419
2024-03-24 14:28:59,맹장이 20kg인 새끼..,경량화로 우승,After Lap,,맹장이 20kg인 새끼.. 경량화로 우승,맹장이 20kg인 새끼.. 경량화로 우승,0.17182724177837372,0.23993614315986633,0.27937665581703186,0.12232422828674316,0.09500917792320251,0.0915265679359436
2024-03-24 14:29:04,오피셜 컨스트럭터 챔피언 6위,그래그래 또 형이야,After Lap,,오피셜 컨스트럭터 챔피언 6위 그래그래 또 형이야,오피셜 컨스트럭터 챔피언 6위 그래그래 또 형이야,0.14159168303012848,0.07941997796297073,0.055713046342134476,0.055761922150850296,0.620033860206604,0.04747952148318291
2024-03-24 14:29:04,F1 역사상 최고 근본의 팀,황 라 리,After Lap,,F1 역사상 최고 근본의 팀 황 라 리,F1 역사상 최고 근본의 팀 황 라 리,0.15240637958049774,0.09574147313833237,0.05470646545290947,0.045071087777614594,0.6064906716346741,0.045583825558423996
2024-03-24 14:29:14,사인지 내년 직장 걱정은 안해도 될듯ㅋㅋㅋㅋㅋㅋ,꿀매물 나온다 ㅋㅋㅋㅋ,After Lap,,사인지 내년 직장 걱정은 안해도 될듯ㅋㅋㅋㅋㅋㅋ 꿀매물 나온다 ㅋㅋㅋㅋ,사인지 내년 직장 걱정은 안해도 될듯ㅋㅋㅋㅋㅋㅋ 꿀매물 나온다 ㅋㅋㅋㅋ,0.12066932767629623,0.06624108552932739,0.06270180642604828,0.04100177809596062,0.6803072094917297,0.029078802093863487
2024-03-24 14:29:16,부상투혼 대인지 ㅠㅠㅠㅠ,,After Lap,,부상투혼 대인지 ㅠㅠㅠㅠ ,부상투혼 대인지 ㅠㅠㅠㅠ,0.298270046710968,0.2131047397851944,0.1264694482088089,0.15204299986362457,0.12896975874900818,0.08114302903413773
2024-03-24 14:29:18,운전 대체 어케하는거냐고 아ㅋㅋㅋ,ㅋㅋㅋ,After Lap,,운전 대체 어케하는거냐고 아ㅋㅋㅋ ㅋㅋㅋ,운전 대체 어케하는거냐고 아ㅋㅋㅋ ㅋㅋㅋ,0.3423859775066376,0.17103181779384613,0.16543103754520416,0.0955793485045433,0.12623858451843262,0.09933318942785263
2024-03-24 14:29:18,누리스<~ 무관 탈출 언제 함,ㅋㅋ,After Lap,,누리스<~ 무관 탈출 언제 함 ㅋㅋ,누리스<~ 무관 탈출 언제 함 ㅋㅋ,0.159931018948555,0.09178043156862259,0.06811685860157013,0.05137671157717705,0.5959012508392334,0.03289378434419632
2024-03-24 14:29:22,병신,딸깍도 못함,After Lap,,병신 딸깍도 못함,병신 딸깍도 못함,0.2768319547176361,0.32058462500572205,0.1314799189567566,0.08623632788658142,0.10636656731367111,0.07850061357021332
2024-03-24 14:29:22,이 새끼 재계약 가능하냐?,?,After Lap,,이 새끼 재계약 가능하냐? ?,이 새끼 재계약 가능하냐? ?,0.17361454665660858,0.2949616611003876,0.19229668378829956,0.15368811786174774,0.08378706872463226,0.10165192931890488
2024-03-24 14:29:22,왤케 못 나오나 했는데,"수술 때문에 컨디션이 아직 안 돌아왔나보네
어기적 거리는거 보면",After Lap,,"왤케 못 나오나 했는데 수술 때문에 컨디션이 아직 안 돌아왔나보네
어기적 거리는거 보면",왤케 못 나오나 했는데 수술 때문에 컨디션이 아직 안 돌아왔나보네 어기적 거리는거 보면,0.23697145283222198,0.3225848078727722,0.11901990324258804,0.08874154835939407,0.1025116890668869,0.13017058372497559
2024-03-24 14:29:23,르끌이 더 잘한거같은데?,"사인지는 걍 막스가 못먹은거 주서먹은거고
르끌은 자력으로 2위까지 온건데
퍼포먼스적으로는 르끌이 좀 인상적인듯",After Lap,,"르끌이 더 잘한거같은데? 사인지는 걍 막스가 못먹은거 주서먹은거고
르끌은 자력으로 2위까지 온건데
퍼포먼스적으로는 르끌이 좀 인상적인듯",르끌이 더 잘한거같은데? 사인지는 걍 막스가 못먹은거 주서먹은거고 르끌은 자력으로 2위까지 온건데 퍼포먼스적으로는 르끌이 좀 인상적인듯,0.2734500765800476,0.27782729268074036,0.12628553807735443,0.0839470848441124,0.15514202415943146,0.08334790170192719
2024-03-24 14:29:25,리버스 어우막에 메르 더블포디움 ㅅㅅㅅㅅㅅ,ㅅㅅㅅㅅㅅㅅ,After Lap,,리버스 어우막에 메르 더블포디움 ㅅㅅㅅㅅㅅ ㅅㅅㅅㅅㅅㅅ,리버스 어우막에 메르 더블포디움 ㅅㅅㅅㅅㅅ ㅅㅅㅅㅅㅅㅅ,0.11025229841470718,0.06282990425825119,0.05644626542925835,0.03588290885090828,0.712346076965332,0.0222425926476717
2024-03-24 14:29:25,사인츠 존나 사랑스러우면 개추 눌러볼까?,"와캬퍄헉농ㅋㅋㅋㅋㅋㅋㅋㅋㅋㅋㅋㅋㅋ 이궈궈든ㅋㅋㅋㅋㅋㅋㅋㅋㅋㅋ 페라리 원투 컄ㅋㅋㅋㅋㅋㅋㅋㅋㅋㅋㅋㅋㅋㅋㅋㅋㅋㅋ
- dc official App",After Lap,,"사인츠 존나 사랑스러우면 개추 눌러볼까? 와캬퍄헉농ㅋㅋㅋㅋㅋㅋㅋㅋㅋㅋㅋㅋㅋ 이궈궈든ㅋㅋㅋㅋㅋㅋㅋㅋㅋㅋ 페라리 원투 컄ㅋㅋㅋㅋㅋㅋㅋㅋㅋㅋㅋㅋㅋㅋㅋㅋㅋㅋ
- dc official App",사인츠 존나 사랑스러우면 개추 눌러볼까? 와캬퍄헉농ㅋㅋㅋㅋㅋㅋㅋㅋㅋㅋㅋㅋㅋ 이궈궈든ㅋㅋㅋㅋㅋㅋㅋㅋㅋㅋ 페라리 원투 컄ㅋㅋㅋㅋㅋㅋㅋㅋㅋㅋㅋㅋㅋㅋㅋㅋㅋㅋ,0.11415373533964157,0.06865265220403671,0.055772777646780014,0.03444289416074753,0.6998035907745361,0.027174364775419235
2024-03-24 14:29:26,근데 왜 르글이아니라 사인즈가 나가는거??,페라리 자체적으로 밸런스맞추는거냐?,After Lap,,근데 왜 르글이아니라 사인즈가 나가는거?? 페라리 자체적으로 밸런스맞추는거냐?,근데 왜 르글이아니라 사인즈가 나가는거?? 페라리 자체적으로 밸런스맞추는거냐?,0.2654169797897339,0.29850149154663086,0.14557020366191864,0.11231476068496704,0.09708042442798615,0.08111613243818283
2024-03-24 14:29:27,오피셜)티포시의 주말 ㅋㅋㅋㅋㅋ,- dc official App,After Lap,,오피셜)티포시의 주말 ㅋㅋㅋㅋㅋ - dc official App,오피셜)티포시의 주말 ㅋㅋㅋㅋㅋ - dc official App,0.11590642482042313,0.07570687681436539,0.06158650293946266,0.03524087741971016,0.687877357006073,0.02368192747235298
2024-03-24 14:29:28,쥬지 오늘도 싱가폴 해버렸구나,ㅠㅠ,After Lap,,쥬지 오늘도 싱가폴 해버렸구나 ㅠㅠ,쥬지 오늘도 싱가폴 해버렸구나 ㅠㅠ,0.24019551277160645,0.1425737887620926,0.10314708203077316,0.12840130925178528,0.30521515011787415,0.08046714961528778
2024-03-24 14:29:45,저 아줌마 눈치 좆박음ㅋㅋㅋ,,After Lap,,저 아줌마 눈치 좆박음ㅋㅋㅋ ,저 아줌마 눈치 좆박음ㅋㅋㅋ,0.22501680254936218,0.2554437816143036,0.1798197478055954,0.07252249121665955,0.12480049580335617,0.14239662885665894
2024-03-24 14:29:47,Fia 저 썅년은 낄때안낄때 모르내 ㅋㅋㅋㅋㅋ,- dc official App,After Lap,,Fia 저 썅년은 낄때안낄때 모르내 ㅋㅋㅋㅋㅋ - dc official App,Fia 저 썅년은 낄때안낄때 모르내 ㅋㅋㅋㅋㅋ - dc official App,0.1798727959394455,0.1914476752281189,0.3022947609424591,0.127632737159729,0.12690964341163635,0.07184243202209473
2024-03-24 14:29:48,사인지 진짜 좆간지나네ㅋㅋㅋ,캬,After Lap,,사인지 진짜 좆간지나네ㅋㅋㅋ 캬,사인지 진짜 좆간지나네ㅋㅋㅋ 캬,0.1392126828432083,0.10306961089372635,0.05779445171356201,0.03090943954885006,0.6378220319747925,0.031191790476441383
2024-03-24 14:29:53,Oh I forgotㅋㅋㅋㅋㅋ,바로 스무스 오퍼레이터 입갤,After Lap,,Oh I forgotㅋㅋㅋㅋㅋ 바로 스무스 오퍼레이터 입갤,Oh I forgotㅋㅋㅋㅋㅋ 바로 스무스 오퍼레이터 입갤,0.10586266964673996,0.06214272230863571,0.052974335849285126,0.033881355077028275,0.7206416726112366,0.024497155100107193
2024-03-24 14:29:53,오늘의 좆된 새끼,사인츠 보내버리고 해물탕 1400억에 영입함ㅋㅋㅋㅋㅋㅋ,After Lap,,오늘의 좆된 새끼 사인츠 보내버리고 해물탕 1400억에 영입함ㅋㅋㅋㅋㅋㅋ,오늘의 좆된 새끼 사인츠 보내버리고 해물탕 1400억에 영입함ㅋㅋㅋㅋㅋㅋ,0.2131243795156479,0.16317372024059296,0.16098652780056,0.07359879463911057,0.291794091463089,0.0973225012421608
2024-03-24 14:29:56,삐원하고 흥분한 사인츠한테 뺨맞고싶다,ㅠㅠㅠㅠㅠ,After Lap,,삐원하고 흥분한 사인츠한테 뺨맞고싶다 ㅠㅠㅠㅠㅠ,삐원하고 흥분한 사인츠한테 뺨맞고싶다 ㅠㅠㅠㅠㅠ,0.17940562963485718,0.1336526870727539,0.2620753049850464,0.15580065548419952,0.19839917123317719,0.0706666111946106
2024-03-24 14:30:01,페라리 원투를 보내,겜 2시에 하는거로 착각함 ㅅㅂ,After Lap,,페라리 원투를 보내 겜 2시에 하는거로 착각함 ㅅㅂ,페라리 원투를 보내 겜 2시에 하는거로 착각함 ㅅㅂ,0.24051734805107117,0.12233265489339828,0.2906533479690552,0.1835273951292038,0.11249824613332748,0.050470978021621704
2024-03-24 14:30:02,몽골견 소신발언,"솔직히 막가놈 우승도 행복한데
왜 막가놈 없는 레이스가 더 재밌냐 ㅋㅋ
사인츠 우승 ㅊㅊ
황라리의 주말ON ㅋㅋ
Oracle Red Bull Racing RB20",After Lap,,"몽골견 소신발언 솔직히 막가놈 우승도 행복한데
왜 막가놈 없는 레이스가 더 재밌냐 ㅋㅋ
사인츠 우승 ㅊㅊ
황라리의 주말ON ㅋㅋ
Oracle Red Bull Racing RB20",몽골견 소신발언 솔직히 막가놈 우승도 행복한데 왜 막가놈 없는 레이스가 더 재밌냐 ㅋㅋ 사인츠 우승 ㅊㅊ 황라리의 주말ON ㅋㅋ Oracle Red Bull Racing RB20,0.11655881255865097,0.05742160230875015,0.06332456320524216,0.04261801019310951,0.693996012210846,0.02608105167746544
2024-03-24 14:30:05,티포시게이 승리했다,"출근했어도 데이터 써가면서 풀레이스 다 봤다 ㅋㅋㅋ
- dc official App",After Lap,,"티포시게이 승리했다 출근했어도 데이터 써가면서 풀레이스 다 봤다 ㅋㅋㅋ
- dc official App",티포시게이 승리했다 출근했어도 데이터 써가면서 풀레이스 다 봤다 ㅋㅋㅋ,0.12110244482755661,0.059935785830020905,0.06039644777774811,0.04609524831175804,0.6824392676353455,0.030030934140086174
2024-03-24 14:30:11,알론소 쓰로틀 이슈,아직 피트로 못 돌아감,After Lap,,알론소 쓰로틀 이슈 아직 피트로 못 돌아감,알론소 쓰로틀 이슈 아직 피트로 못 돌아감,0.2773471772670746,0.32007500529289246,0.11241123080253601,0.10985841602087021,0.11355400085449219,0.06675416231155396
2024-03-24 14:30:11,오 원조 사인츠 입갤 ㅋㅋㅋㅋㅋ,DnD,After Lap,,오 원조 사인츠 입갤 ㅋㅋㅋㅋㅋ DnD,오 원조 사인츠 입갤 ㅋㅋㅋㅋㅋ DnD,0.11267071962356567,0.08195454627275467,0.05305564031004906,0.029377026483416557,0.6966637969017029,0.026278315111994743
2024-03-24 14:30:19,사인츠 실격 아니냐?,"장갑 들고 무게부터 재야지 ㅋㅋㅋㅋ
장갑 던져버렸노 ㅋ",After Lap,,"사인츠 실격 아니냐? 장갑 들고 무게부터 재야지 ㅋㅋㅋㅋ
장갑 던져버렸노 ㅋ",사인츠 실격 아니냐? 장갑 들고 무게부터 재야지 ㅋㅋㅋㅋ 장갑 던져버렸노 ㅋ,0.24822759628295898,0.2593412697315216,0.19806069135665894,0.10822691023349762,0.09327762573957443,0.09286586940288544
2024-03-24 14:30:19,와 진짜 암만봐도 부자지간이 클론처럼 생김ㅋㅋㅋ,,After Lap,,와 진짜 암만봐도 부자지간이 클론처럼 생김ㅋㅋㅋ ,와 진짜 암만봐도 부자지간이 클론처럼 생김ㅋㅋㅋ,0.21511036157608032,0.2571660578250885,0.08520358055830002,0.03381964564323425,0.3285347521305084,0.08016569167375565
2024-03-24 14:30:21,피아스트리는 걍 좀 돌려주지 근데 ㅋㅋ,애매하노,After Lap,,피아스트리는 걍 좀 돌려주지 근데 ㅋㅋ 애매하노,피아스트리는 걍 좀 돌려주지 근데 ㅋㅋ 애매하노,0.3462933897972107,0.19383390247821808,0.13596226274967194,0.16750451922416687,0.10264149308204651,0.053764455020427704
2024-03-24 14:30:41,몸무게 재는 이유가 머임?,궁금함,After Lap,,몸무게 재는 이유가 머임? 궁금함,몸무게 재는 이유가 머임? 궁금함,0.21462126076221466,0.34686505794525146,0.09751036018133163,0.0632011666893959,0.18604892492294312,0.09175329655408859
2024-03-24 14:30:46,저렇게 어기적 어기적 걸으면서 어케 차몬거노 ㅅㅂ ㅋㅋ,ㅋㅋㅋㅋㅋ ㅇㅅㅇ,After Lap,,저렇게 어기적 어기적 걸으면서 어케 차몬거노 ㅅㅂ ㅋㅋ ㅋㅋㅋㅋㅋ ㅇㅅㅇ,저렇게 어기적 어기적 걸으면서 어케 차몬거노 ㅅㅂ ㅋㅋ ㅋㅋㅋㅋㅋ ㅇㅅㅇ,0.30902421474456787,0.20356157422065735,0.15285685658454895,0.082520492374897,0.12700870633125305,0.12502819299697876
2024-03-24 14:30:47,페라리는 2022 바레인 이후 2년만에 원투 피니쉬,,After Lap,,페라리는 2022 바레인 이후 2년만에 원투 피니쉬 ,페라리는 2022 바레인 이후 2년만에 원투 피니쉬,0.17876069247722626,0.13011318445205688,0.08893456310033798,0.04847019165754318,0.5107082724571228,0.04301314800977707
2024-03-24 14:30:58,대노다랑 하스는 머임???ㅋㅋㅅㅂ,,After Lap,,대노다랑 하스는 머임???ㅋㅋㅅㅂ ,대노다랑 하스는 머임???ㅋㅋㅅㅂ,0.28354933857917786,0.15195639431476593,0.2551371455192566,0.14987260103225708,0.10204749554395676,0.057437002658843994
2024-03-24 14:30:59,하스 더불포인트네ㅋㅋㅋㅋ,,After Lap,,하스 더불포인트네ㅋㅋㅋㅋ ,하스 더불포인트네ㅋㅋㅋㅋ,0.12854889035224915,0.09926892071962357,0.05988331511616707,0.032726921141147614,0.6527544260025024,0.02681746892631054
2024-03-24 14:31:01,메르세데스 공식 트위터,ㅋㅋ,After Lap,,메르세데스 공식 트위터 ㅋㅋ,메르세데스 공식 트위터 ㅋㅋ,0.16887560486793518,0.15758788585662842,0.07758145779371262,0.034525204449892044,0.5246449708938599,0.03678493946790695
2024-03-24 14:31:04,러셀 존나 아쉽네,포인트 좀 더얻겠다고 똥꼬쇼하다가 훅갔노..,After Lap,,러셀 존나 아쉽네 포인트 좀 더얻겠다고 똥꼬쇼하다가 훅갔노..,러셀 존나 아쉽네 포인트 좀 더얻겠다고 똥꼬쇼하다가 훅갔노..,0.2668199837207794,0.18814103305339813,0.1690245121717453,0.20541149377822876,0.08942512422800064,0.08117790520191193
2024-03-24 14:31:07,잊고있었는데 병신,어차피 하스한테 후장 따여서 둘 다 노폰데 왜 바꿈?,After Lap,,잊고있었는데 병신 어차피 하스한테 후장 따여서 둘 다 노폰데 왜 바꿈?,잊고있었는데 병신 어차피 하스한테 후장 따여서 둘 다 노폰데 왜 바꿈?,0.2778039574623108,0.2786489725112915,0.15494242310523987,0.1072448343038559,0.07401587069034576,0.10734393447637558
2024-03-24 14:31:08,알본 배아파 뒤진 ㅋㅋ,,After Lap,,알본 배아파 뒤진 ㅋㅋ ,알본 배아파 뒤진 ㅋㅋ,0.2294459491968155,0.19277231395244598,0.20614707469940186,0.07402359694242477,0.22764673829078674,0.06996432691812515
2024-03-24 14:31:12,러셀 뒷처리 입갤,- dc official App,After Lap,,러셀 뒷처리 입갤 - dc official App,러셀 뒷처리 입갤 - dc official App,0.1998051553964615,0.19908300042152405,0.09069136530160904,0.04805745184421539,0.42359039187431335,0.03877263516187668
2024-03-24 14:31:13,하스 더블포인트 ㅋㅋㅋㅋㅋ,대 하 스,After Lap,,하스 더블포인트 ㅋㅋㅋㅋㅋ 대 하 스,하스 더블포인트 ㅋㅋㅋㅋㅋ 대 하 스,0.10995284467935562,0.062202706933021545,0.05509353056550026,0.038378387689590454,0.7102892398834229,0.024083344265818596
2024-03-24 14:31:14,올려,"어~ 비록 상위권 3명이 리타했지만
형들은 더블 포인트를 해냈어",After Lap,,"올려 어~ 비록 상위권 3명이 리타했지만
형들은 더블 포인트를 해냈어",올려 어~ 비록 상위권 3명이 리타했지만 형들은 더블 포인트를 해냈어,0.15008288621902466,0.09182298183441162,0.05225463584065437,0.04372427612543106,0.6120583415031433,0.050056859850883484
2024-03-24 14:31:14,퍼스트가 뒤지면 1위 하시던,21세기 최고의 윙맨,After Lap,,퍼스트가 뒤지면 1위 하시던 21세기 최고의 윙맨,퍼스트가 뒤지면 1위 하시던 21세기 최고의 윙맨,0.17023758590221405,0.15311266481876373,0.07251349836587906,0.05471501499414444,0.4827589690685272,0.06666229665279388
2024-03-24 14:31:16,근데 3명 리타하니까 귀신같이 11-3등이네 유키,또 당신입니까 11등의 귀신,After Lap,,근데 3명 리타하니까 귀신같이 11-3등이네 유키 또 당신입니까 11등의 귀신,근데 3명 리타하니까 귀신같이 11-3등이네 유키 또 당신입니까 11등의 귀신,0.2611567974090576,0.26465463638305664,0.13606898486614227,0.07332123070955276,0.12574264407157898,0.13905569911003113
2024-03-24 14:31:17,그래도 애마도 성적 나쁘지 않네,"스트롤 잘했다잉
- dc official App",After Lap,,"그래도 애마도 성적 나쁘지 않네 스트롤 잘했다잉
- dc official App",그래도 애마도 성적 나쁘지 않네 스트롤 잘했다잉,0.13866166770458221,0.0743820071220398,0.053627729415893555,0.05131232738494873,0.6415570378303528,0.04045919328927994
2024-03-24 14:31:23,대노다 8위ㅋㅋㅋ,,After Lap,,대노다 8위ㅋㅋㅋ ,대노다 8위ㅋㅋㅋ,0.32626476883888245,0.16563668847084045,0.15310527384281158,0.08302611112594604,0.18178744614124298,0.09017971903085709
2024-03-24 14:31:23,피아스트리 포디움 주지 ㄹㅇ 아쉽네,,After Lap,,피아스트리 포디움 주지 ㄹㅇ 아쉽네 ,피아스트리 포디움 주지 ㄹㅇ 아쉽네,0.3122618496417999,0.16412197053432465,0.1384219527244568,0.16989843547344208,0.1625678986310959,0.05272785946726799
2024-03-24 14:31:24,유키>>>>리치아도르,태평양전쟁의 복수를 여기서 하는구나,After Lap,,유키>>>>리치아도르 태평양전쟁의 복수를 여기서 하는구나,유키>>>>리치아도르 태평양전쟁의 복수를 여기서 하는구나,0.21556992828845978,0.30687129497528076,0.10801344364881516,0.06931090354919434,0.1923733353614807,0.10786107927560806
2024-03-24 14:31:25,러셀 그래도 2랩 뒤진 완주네 ㅋㅋㅋ,ㅇㅇ,After Lap,,러셀 그래도 2랩 뒤진 완주네 ㅋㅋㅋ ㅇㅇ,러셀 그래도 2랩 뒤진 완주네 ㅋㅋㅋ ㅇㅇ,0.3278355300426483,0.22508783638477325,0.12234533578157425,0.05930792912840843,0.17856165766716003,0.086861751973629
2024-03-24 14:31:30,아니 츠노다랑 리끼아르도 순위 차이 너무한 수준이노,리카도 어쩌다 저렇게 병신된 거냐,After Lap,,아니 츠노다랑 리끼아르도 순위 차이 너무한 수준이노 리카도 어쩌다 저렇게 병신된 거냐,아니 츠노다랑 리끼아르도 순위 차이 너무한 수준이노 리카도 어쩌다 저렇게 병신된 거냐,0.22578027844429016,0.2581264078617096,0.18295834958553314,0.16286306083202362,0.07078181207180023,0.09949004650115967
2024-03-24 14:31:30,군텈ㅋㅋㅋ,,After Lap,,군텈ㅋㅋㅋ ,군텈ㅋㅋㅋ,0.16415274143218994,0.10410944372415543,0.10288504511117935,0.045446351170539856,0.5537213087081909,0.029685167595744133
2024-03-24 14:31:33,ㅁㅊㅋㅋㅋㅋㅋㅋㅋㅋㅋㅋㅋ,,After Lap,,ㅁㅊㅋㅋㅋㅋㅋㅋㅋㅋㅋㅋㅋ ,ㅁㅊㅋㅋㅋㅋㅋㅋㅋㅋㅋㅋㅋ,0.15199929475784302,0.12309326976537704,0.07169456034898758,0.031990088522434235,0.590587317943573,0.030635515227913857
2024-03-24 14:31:33,군터 ㅋㅋㅋㅋㅋㅋ,,After Lap,,군터 ㅋㅋㅋㅋㅋㅋ ,군터 ㅋㅋㅋㅋㅋㅋ,0.13662752509117126,0.09376340359449387,0.06884042918682098,0.03386491537094116,0.6392647624015808,0.027638962492346764
2024-03-24 14:31:35,군서 인터뷰 ㅋㅋㅋ시발,"ㅋㅋㅋㅋㅋ
- dc official App",After Lap,,"군서 인터뷰 ㅋㅋㅋ시발 ㅋㅋㅋㅋㅋ
- dc official App",군서 인터뷰 ㅋㅋㅋ시발 ㅋㅋㅋㅋㅋ,0.21786266565322876,0.17119139432907104,0.28476041555404663,0.14248137176036835,0.10411708056926727,0.07958707958459854
2024-03-24 14:31:36,군터 뭐야ㅜㅋㅋㅋㅋ,,After Lap,,군터 뭐야ㅜㅋㅋㅋㅋ ,군터 뭐야ㅜㅋㅋㅋㅋ,0.34622520208358765,0.17699700593948364,0.15196245908737183,0.1278848499059677,0.10938619822263718,0.08754424750804901
2024-03-24 14:31:37,군터 인터뷰 입갤 ㅋㅋㅋㅋㅋ,,After Lap,,군터 인터뷰 입갤 ㅋㅋㅋㅋㅋ ,군터 인터뷰 입갤 ㅋㅋㅋㅋㅋ,0.12447831779718399,0.09603378176689148,0.05986263230443001,0.030218349769711494,0.6576505899429321,0.03175632283091545
2024-03-24 14:31:38,군터좌 ㅋ,,After Lap,,군터좌 ㅋ ,군터좌 ㅋ,0.12831377983093262,0.07631615549325943,0.07551898807287216,0.04294907674193382,0.6470269560813904,0.02987503632903099
2024-03-24 14:31:39,귄터 ㅅㅂㅋㅋㅋㅋㅋㅋㅋㅋㅋㅋㅋㅋ,하필 ㅋㅋㅋㅋㅋㅋㅋㅋㅋㅋ,After Lap,,귄터 ㅅㅂㅋㅋㅋㅋㅋㅋㅋㅋㅋㅋㅋㅋ 하필 ㅋㅋㅋㅋㅋㅋㅋㅋㅋㅋ,귄터 ㅅㅂㅋㅋㅋㅋㅋㅋㅋㅋㅋㅋㅋㅋ 하필 ㅋㅋㅋㅋㅋㅋㅋㅋㅋㅋ,0.31868448853492737,0.15689586102962494,0.15598756074905396,0.08534032106399536,0.21656541526317596,0.06652628630399704
2024-03-24 14:31:39,군터 ㅋㅋㅋㅋㅋㅋㅋㅋㅋ,ㅋㅋㅋㅋㅋㅋㅋㅋㅋㅋㅋㅋㅋㅋㅋㅋㅋㅋㅋ,After Lap,,군터 ㅋㅋㅋㅋㅋㅋㅋㅋㅋ ㅋㅋㅋㅋㅋㅋㅋㅋㅋㅋㅋㅋㅋㅋㅋㅋㅋㅋㅋ,군터 ㅋㅋㅋㅋㅋㅋㅋㅋㅋ ㅋㅋㅋㅋㅋㅋㅋㅋㅋㅋㅋㅋㅋㅋㅋㅋㅋㅋㅋ,0.14219240844249725,0.08710045367479324,0.07470095902681351,0.038313236087560654,0.6300510764122009,0.027641886845231056
2024-03-24 14:31:39,군터 씹 ㅋㅋㅋㅋㅋㅋㅋ,ㅋ,After Lap,,군터 씹 ㅋㅋㅋㅋㅋㅋㅋ ㅋ,군터 씹 ㅋㅋㅋㅋㅋㅋㅋ ㅋ,0.30531397461891174,0.15243031084537506,0.20440436899662018,0.11462924629449844,0.1462981104850769,0.07692395895719528
2024-03-24 14:31:39,군터게이 ㅋㅋㅋ,,After Lap,,군터게이 ㅋㅋㅋ ,군터게이 ㅋㅋㅋ,0.1787346750497818,0.11849025636911392,0.0815315991640091,0.03706575557589531,0.5453241467475891,0.03885350748896599
2024-03-24 14:31:40,씹ㅋㅋㅋㅋ,ㅋㅋㅋㅋ,After Lap,,씹ㅋㅋㅋㅋ ㅋㅋㅋㅋ,씹ㅋㅋㅋㅋ ㅋㅋㅋㅋ,0.24558086693286896,0.13487660884857178,0.150321364402771,0.062411196529865265,0.35430967807769775,0.052500393241643906
2024-03-24 14:31:40,군버지ㅋㅋㅋㅋㅋㅋㅋㅋ,- dc official App,After Lap,,군버지ㅋㅋㅋㅋㅋㅋㅋㅋ - dc official App,군버지ㅋㅋㅋㅋㅋㅋㅋㅋ - dc official App,0.12031470239162445,0.08621639013290405,0.05976738780736923,0.029838725924491882,0.6783854365348816,0.02547740750014782
2024-03-24 14:31:40,군터 ㅋㅋㅋㅋㅋㅋㅋㅋㅋㅋㅋㅋㅋㅋㅋ,ㅋㅋㅋㅋㅋㅋㅋㅋㅋㅋㅋㅋㅋㅋㅋㅋㅋㅋ123213,After Lap,,군터 ㅋㅋㅋㅋㅋㅋㅋㅋㅋㅋㅋㅋㅋㅋㅋ ㅋㅋㅋㅋㅋㅋㅋㅋㅋㅋㅋㅋㅋㅋㅋㅋㅋㅋ123213,군터 ㅋㅋㅋㅋㅋㅋㅋㅋㅋㅋㅋㅋㅋㅋㅋ ㅋㅋㅋㅋㅋㅋㅋㅋㅋㅋㅋㅋㅋㅋㅋㅋㅋㅋ123213,0.12661148607730865,0.0792856216430664,0.06829839199781418,0.036294613033533096,0.6645841598510742,0.024925773963332176
2024-03-24 14:31:41,메르세데스 오늘 경기 안뛴이유가 뭐임!?,ㅇㅇ,After Lap,,메르세데스 오늘 경기 안뛴이유가 뭐임!? ㅇㅇ,메르세데스 오늘 경기 안뛴이유가 뭐임!? ㅇㅇ,0.25018444657325745,0.32537251710891724,0.1227630227804184,0.08257045596837997,0.11855323612689972,0.10055632889270782
2024-03-24 14:31:41,군터ㅋㅋㅋ,"ㅋㅋㅋ
Oracle Red Bull Racing RB20",After Lap,,"군터ㅋㅋㅋ ㅋㅋㅋ
Oracle Red Bull Racing RB20",군터ㅋㅋㅋ ㅋㅋㅋ Oracle Red Bull Racing RB20,0.15084141492843628,0.10096678882837296,0.08448264747858047,0.03850617632269859,0.5956484079360962,0.02955457754433155
2024-03-24 14:31:42,군터 씨발 ㅋㅋㅋㅋㅋㅋㅋㅋㅋㅋㅋㅋㅋㅋㅋㅋㅋㅋㅋㅋㅋㅋㅋㅋㅋㅋㅋㅋㅋㅋㅋㅋㅋㅋ,ㅋㅋ,After Lap,,군터 씨발 ㅋㅋㅋㅋㅋㅋㅋㅋㅋㅋㅋㅋㅋㅋㅋㅋㅋㅋㅋㅋㅋㅋㅋㅋㅋㅋㅋㅋㅋㅋㅋㅋㅋㅋ ㅋㅋ,군터 씨발 ㅋㅋㅋㅋㅋㅋㅋㅋㅋㅋㅋㅋㅋㅋㅋㅋㅋㅋㅋㅋㅋㅋㅋㅋㅋㅋㅋㅋㅋㅋㅋㅋㅋㅋ ㅋㅋ,0.24473541975021362,0.1030178889632225,0.24531559646129608,0.10581252723932266,0.2497648447751999,0.05135369300842285
2024-03-24 14:31:42,군터 입갤 ㅋㅋㅋㅋㅋㅋㅋㅋㅋ,,After Lap,,군터 입갤 ㅋㅋㅋㅋㅋㅋㅋㅋㅋ ,군터 입갤 ㅋㅋㅋㅋㅋㅋㅋㅋㅋ,0.14771996438503265,0.09405067563056946,0.07662095129489899,0.04031156748533249,0.6074100136756897,0.03388676047325134
2024-03-24 14:31:42,군버지 입갤ㅋㅋ,오ㅋㅋ,After Lap,,군버지 입갤ㅋㅋ 오ㅋㅋ,군버지 입갤ㅋㅋ 오ㅋㅋ,0.12149512767791748,0.09116002172231674,0.053684838116168976,0.030675776302814484,0.6717361807823181,0.031247975304722786
2024-03-24 14:31:43,군터ㅋㅋㅋㅋㅋ,,After Lap,,군터ㅋㅋㅋㅋㅋ ,군터ㅋㅋㅋㅋㅋ,0.15325139462947845,0.09790406376123428,0.07714532315731049,0.03763876110315323,0.6035963892936707,0.03046410158276558
2024-03-24 14:31:43,인터뷰어 씹ㅋㅋㅋㅋㅋㅋㅋㅋㅋㅋㅋㅋㅋㅋㅋㅋ,DnD,After Lap,,인터뷰어 씹ㅋㅋㅋㅋㅋㅋㅋㅋㅋㅋㅋㅋㅋㅋㅋㅋ DnD,인터뷰어 씹ㅋㅋㅋㅋㅋㅋㅋㅋㅋㅋㅋㅋㅋㅋㅋㅋ DnD,0.2797867953777313,0.19842113554477692,0.16770339012145996,0.07872442901134491,0.19065091013908386,0.08471327275037766
2024-03-24 14:31:43,권터 시발 뭐노ㅋㅋㅋㅋㅋㅋㅋㅋㅋㅋㅋㅋㅋ,ㅋㅋㅋㅋㅋㅋ,After Lap,,권터 시발 뭐노ㅋㅋㅋㅋㅋㅋㅋㅋㅋㅋㅋㅋㅋ ㅋㅋㅋㅋㅋㅋ,권터 시발 뭐노ㅋㅋㅋㅋㅋㅋㅋㅋㅋㅋㅋㅋㅋ ㅋㅋㅋㅋㅋㅋ,0.33383238315582275,0.18290865421295166,0.17596657574176788,0.09407877922058105,0.13663439452648163,0.07657930999994278
2024-03-24 14:31:43,귄터 오랜만이네 ㅋㅋㅋㅋㅋ,- dc official App,After Lap,,귄터 오랜만이네 ㅋㅋㅋㅋㅋ - dc official App,귄터 오랜만이네 ㅋㅋㅋㅋㅋ - dc official App,0.1213931143283844,0.0877617746591568,0.05114598199725151,0.029694104567170143,0.6843717694282532,0.025633253157138824
2024-03-24 14:31:44,군터 시발ㅋㅋㅋㅋㅋㅋ,ㅋㅋㅋㅋㅋㅋ,After Lap,,군터 시발ㅋㅋㅋㅋㅋㅋ ㅋㅋㅋㅋㅋㅋ,군터 시발ㅋㅋㅋㅋㅋㅋ ㅋㅋㅋㅋㅋㅋ,0.24764056503772736,0.1360398381948471,0.27838122844696045,0.12561294436454773,0.14035290479660034,0.0719725489616394
2024-03-24 14:31:44,ㅋㅋㅋㅋㅋㅋㅋㅋㅋㅋㅋㅋㅋ,,After Lap,,ㅋㅋㅋㅋㅋㅋㅋㅋㅋㅋㅋㅋㅋ ,ㅋㅋㅋㅋㅋㅋㅋㅋㅋㅋㅋㅋㅋ,0.1381915956735611,0.08995264023542404,0.06871581822633743,0.0343465693295002,0.6429286003112793,0.025864705443382263
2024-03-24 14:31:45,군버지 ㅋㅋㅋㅋㅋ,,After Lap,,군버지 ㅋㅋㅋㅋㅋ ,군버지 ㅋㅋㅋㅋㅋ,0.1267836093902588,0.08348261564970016,0.05853794142603874,0.033050697296857834,0.6687338948249817,0.029411301016807556
2024-03-24 14:31:45,군터 뭐임 ㅋㅋㅋ,,After Lap,,군터 뭐임 ㅋㅋㅋ ,군터 뭐임 ㅋㅋㅋ,0.2823248505592346,0.2769034802913666,0.1305685043334961,0.06514416635036469,0.15825264155864716,0.08680633455514908
2024-03-24 14:31:45,군터 점마ㅡ머고 ㅋㅋㅋ,"ㅋㅋㅋ
- dc official App",After Lap,,"군터 점마ㅡ머고 ㅋㅋㅋ ㅋㅋㅋ
- dc official App",군터 점마ㅡ머고 ㅋㅋㅋ ㅋㅋㅋ,0.2681379020214081,0.29164981842041016,0.1267372965812683,0.05862974002957344,0.16151073575019836,0.09333447366952896
2024-03-24 14:31:45,뽀낑햄 뭐임 ㅋㅋ,,After Lap,,뽀낑햄 뭐임 ㅋㅋ ,뽀낑햄 뭐임 ㅋㅋ,0.19835668802261353,0.1883016675710678,0.07115808129310608,0.03321775048971176,0.4635198414325714,0.04544602707028389
2024-03-24 14:31:46,군써 ㅋㅋㅋㅋㅋㅋㅋㅋ,- dc official App,After Lap,,군써 ㅋㅋㅋㅋㅋㅋㅋㅋ - dc official App,군써 ㅋㅋㅋㅋㅋㅋㅋㅋ - dc official App,0.11576151102781296,0.0743376687169075,0.06026356667280197,0.03480374440550804,0.6910505294799805,0.023782925680279732
2024-03-24 14:31:46,군터 이새끼 미쳤노ㅋㅋㅋㅋㅋㅋㅋㅋ,,After Lap,,군터 이새끼 미쳤노ㅋㅋㅋㅋㅋㅋㅋㅋ ,군터 이새끼 미쳤노ㅋㅋㅋㅋㅋㅋㅋㅋ,0.19683755934238434,0.2723356783390045,0.19524961709976196,0.07789026945829391,0.14473679661750793,0.11295010149478912
2024-03-24 14:31:46,군터 인터뷰어 시발 ㅋㅋㅋㅋㅋㅋㅋㅋㅋㅋㅋㅋ,,After Lap,,군터 인터뷰어 시발 ㅋㅋㅋㅋㅋㅋㅋㅋㅋㅋㅋㅋ ,군터 인터뷰어 시발 ㅋㅋㅋㅋㅋㅋㅋㅋㅋㅋㅋㅋ,0.24628642201423645,0.16808708012104034,0.25532516837120056,0.11407849192619324,0.13639295101165771,0.07982981950044632
2024-03-24 14:31:47,뽀킹좌 입갤 머고ㅋㅋㅋㅋㅋ,,After Lap,,뽀킹좌 입갤 머고ㅋㅋㅋㅋㅋ ,뽀킹좌 입갤 머고ㅋㅋㅋㅋㅋ,0.13911691308021545,0.10515093803405762,0.059171900153160095,0.0343192033469677,0.6252301931381226,0.037010908126831055
2024-03-24 14:31:47,러셀 수치플이네 ㅋㅋㅋㅋ,90% 달렸기때매 ㅋㅋㅋㅋㅋㅋ 사고 났는데 순위만 받음 ㅋㅋㅋㅋ,After Lap,,러셀 수치플이네 ㅋㅋㅋㅋ 90% 달렸기때매 ㅋㅋㅋㅋㅋㅋ 사고 났는데 순위만 받음 ㅋㅋㅋㅋ,러셀 수치플이네 ㅋㅋㅋㅋ 90% 달렸기때매 ㅋㅋㅋㅋㅋㅋ 사고 났는데 순위만 받음 ㅋㅋㅋㅋ,0.19510884582996368,0.11106377840042114,0.0895686149597168,0.052537236362695694,0.5082167387008667,0.04350477457046509
2024-03-24 14:31:48,군터ㅋㅋㄲ,ㅁㅊ,After Lap,,군터ㅋㅋㄲ ㅁㅊ,군터ㅋㅋㄲ ㅁㅊ,0.18634648621082306,0.14548952877521515,0.0903153121471405,0.03751274198293686,0.5007585883140564,0.03957729786634445
2024-03-24 14:31:49,아니 갑자기 거기서 나오시면,ㄷㄷ,After Lap,,아니 갑자기 거기서 나오시면 ㄷㄷ,아니 갑자기 거기서 나오시면 ㄷㄷ,0.23900844156742096,0.301432341337204,0.1305624544620514,0.06887178122997284,0.13931572437286377,0.12080925703048706
2024-03-24 14:31:49,군터 ㅋㅋㅋㅋㅋㅋ,,After Lap,,군터 ㅋㅋㅋㅋㅋㅋ ,군터 ㅋㅋㅋㅋㅋㅋ,0.13662752509117126,0.09376340359449387,0.06884042918682098,0.03386491537094116,0.6392647624015808,0.027638962492346764
2024-03-24 14:31:49,군터햄 뭐임 ㅋㅋㅋㅋㅋㅋㅋㅋㅋㅋㅋ,잘 살고 계시네,After Lap,,군터햄 뭐임 ㅋㅋㅋㅋㅋㅋㅋㅋㅋㅋㅋ 잘 살고 계시네,군터햄 뭐임 ㅋㅋㅋㅋㅋㅋㅋㅋㅋㅋㅋ 잘 살고 계시네,0.183719664812088,0.15383897721767426,0.06264441460371017,0.031894102692604065,0.504224419593811,0.06367844343185425
2024-03-24 14:31:50,권터 새 직장 ㅋㅋㅋ,"인터뷰어 ㅋㅋㅋ
- dc official App",After Lap,,"권터 새 직장 ㅋㅋㅋ 인터뷰어 ㅋㅋㅋ
- dc official App",권터 새 직장 ㅋㅋㅋ 인터뷰어 ㅋㅋㅋ,0.1062144786119461,0.06261255592107773,0.055530671030282974,0.034902382642030716,0.7160947918891907,0.02464510314166546
2024-03-24 14:31:50,군갈량 ㅅㅂㅋㅋㅋㅋㅋㅋ,아니 감다살이네 F1 ㅋㅋㅋㅋㅋㅋㅋ,After Lap,,군갈량 ㅅㅂㅋㅋㅋㅋㅋㅋ 아니 감다살이네 F1 ㅋㅋㅋㅋㅋㅋㅋ,군갈량 ㅅㅂㅋㅋㅋㅋㅋㅋ 아니 감다살이네 F1 ㅋㅋㅋㅋㅋㅋㅋ,0.28646546602249146,0.21103230118751526,0.1759067177772522,0.08992376923561096,0.1392027735710144,0.0974690392613411
2024-03-24 14:31:51,군버지 ㅋㅋㅋㅋㅋㅋ,ㅋㅋㅋㅋㅋㅋㅋ,After Lap,,군버지 ㅋㅋㅋㅋㅋㅋ ㅋㅋㅋㅋㅋㅋㅋ,군버지 ㅋㅋㅋㅋㅋㅋ ㅋㅋㅋㅋㅋㅋㅋ,0.12121230363845825,0.07804106175899506,0.05655134096741676,0.03206120431423187,0.6862484216690063,0.025885730981826782
2024-03-24 14:31:51,fia 일좀 치노 ㅋㅋㅋ,ㅋㅋㅋㅋㅋ,After Lap,,fia 일좀 치노 ㅋㅋㅋ ㅋㅋㅋㅋㅋ,fia 일좀 치노 ㅋㅋㅋ ㅋㅋㅋㅋㅋ,0.13187769055366516,0.10280166566371918,0.05888611078262329,0.03023446910083294,0.6429747343063354,0.03322526812553406
2024-03-24 14:31:51,군터 ㅋㅋㅋㅋ,ㅋㅋ,After Lap,,군터 ㅋㅋㅋㅋ ㅋㅋ,군터 ㅋㅋㅋㅋ ㅋㅋ,0.12710481882095337,0.07824170589447021,0.06443101167678833,0.03562809154391289,0.6694482564926147,0.025146104395389557
2024-03-24 14:31:52,군버지 ㅠㅠ,인터뷰나 하고 있네,After Lap,,군버지 ㅠㅠ 인터뷰나 하고 있네,군버지 ㅠㅠ 인터뷰나 하고 있네,0.24197395145893097,0.19664625823497772,0.1677308827638626,0.2108033150434494,0.0907927006483078,0.09205284714698792
2024-03-24 14:31:52,군버지 ㅈㄴ 반갑노 ㅋㅋㅋㅋㅋㅋㅋㅋㅋ,,After Lap,,군버지 ㅈㄴ 반갑노 ㅋㅋㅋㅋㅋㅋㅋㅋㅋ ,군버지 ㅈㄴ 반갑노 ㅋㅋㅋㅋㅋㅋㅋㅋㅋ,0.11762291193008423,0.07643456757068634,0.04983151704072952,0.03496800363063812,0.6934849619865417,0.02765803597867489
2024-03-24 14:31:53,귄갈량ㅋㅋㅋㅋ,ㅋ,After Lap,,귄갈량ㅋㅋㅋㅋ ㅋ,귄갈량ㅋㅋㅋㅋ ㅋ,0.14264775812625885,0.10142070800065994,0.07175558805465698,0.03247103467583656,0.6235246062278748,0.028180325403809547
2024-03-24 14:31:54,인터뷰하는 아빠ㅠㅠㅠㅠㅠㅠ,ㅠㅠㅠ,After Lap,,인터뷰하는 아빠ㅠㅠㅠㅠㅠㅠ ㅠㅠㅠ,인터뷰하는 아빠ㅠㅠㅠㅠㅠㅠ ㅠㅠㅠ,0.23592816293239594,0.17915908992290497,0.13377442955970764,0.17464613914489746,0.19662052392959595,0.07987165451049805
2024-03-24 14:31:54,군터게이 인터뷰어로 취직했노,ㅋㅋㅋㅋㅋㅋ,After Lap,,군터게이 인터뷰어로 취직했노 ㅋㅋㅋㅋㅋㅋ,군터게이 인터뷰어로 취직했노 ㅋㅋㅋㅋㅋㅋ,0.22566184401512146,0.29367655515670776,0.1286134421825409,0.04630584642291069,0.2011025846004486,0.10463975369930267
2024-03-24 14:31:54,군버지 그립읍니다..,- dc official App,After Lap,,군버지 그립읍니다.. - dc official App,군버지 그립읍니다.. - dc official App,0.21480616927146912,0.16313891112804413,0.1060834676027298,0.13399462401866913,0.31238701939582825,0.06958983838558197
2024-03-24 14:31:54,군터ㅋㅋㅋㅋ,,After Lap,,군터ㅋㅋㅋㅋ ,군터ㅋㅋㅋㅋ,0.15113073587417603,0.09635360538959503,0.07633281499147415,0.03750695288181305,0.6092612147331238,0.029414694756269455
2024-03-24 14:31:58,군텈ㅋㅋㅋㅋㅋㅋㅋㅋㅋ,"ㅋㅋㅋㅋㅋㅋㅋㅋㅋㅋ케
- dc official App",After Lap,,"군텈ㅋㅋㅋㅋㅋㅋㅋㅋㅋ ㅋㅋㅋㅋㅋㅋㅋㅋㅋㅋ케
- dc official App",군텈ㅋㅋㅋㅋㅋㅋㅋㅋㅋ ㅋㅋㅋㅋㅋㅋㅋㅋㅋㅋ케,0.11554474383592606,0.07184064388275146,0.059661027044057846,0.0333377905189991,0.6966701149940491,0.022945689037442207
2024-03-24 14:31:58,군터 ㅋㅋㅋㅋㅋㅋ,"뚝딱이햄도 와서 인터뷰 해줘라ㅏㅏㅏ
- dc official App",After Lap,,"군터 ㅋㅋㅋㅋㅋㅋ 뚝딱이햄도 와서 인터뷰 해줘라ㅏㅏㅏ
- dc official App",군터 ㅋㅋㅋㅋㅋㅋ 뚝딱이햄도 와서 인터뷰 해줘라ㅏㅏㅏ,0.14783722162246704,0.1055171936750412,0.0685088261961937,0.04138404503464699,0.593071699142456,0.0436810664832592
2024-03-24 14:31:58,군터 머노 ㅋㅋㅋㅋㅋ,더블포인트 하스 두명도 인터뷰 하지 ㅋㅋㅋㅋ,After Lap,,군터 머노 ㅋㅋㅋㅋㅋ 더블포인트 하스 두명도 인터뷰 하지 ㅋㅋㅋㅋ,군터 머노 ㅋㅋㅋㅋㅋ 더블포인트 하스 두명도 인터뷰 하지 ㅋㅋㅋㅋ,0.24304795265197754,0.26840656995773315,0.10378233343362808,0.04699677601456642,0.27015140652656555,0.06761499494314194
2024-03-24 14:32:06,사인즈 가는 사람이지만 팀에서 잘해줄듯,잘하자나,After Lap,,사인즈 가는 사람이지만 팀에서 잘해줄듯 잘하자나,사인즈 가는 사람이지만 팀에서 잘해줄듯 잘하자나,0.20296750962734222,0.15893766283988953,0.06912852078676224,0.05854414775967598,0.4472527801990509,0.06316937506198883
2024-03-24 14:32:08,"[속보] 해밀턴, 페라리 대리점 영업직으로 좌천",냉무,After Lap,,"[속보] 해밀턴, 페라리 대리점 영업직으로 좌천 냉무","[속보] 해밀턴, 페라리 대리점 영업직으로 좌천 냉무",0.2895848751068115,0.2631211280822754,0.10793598741292953,0.0951538234949112,0.156433567404747,0.08777064830064774
2024-03-24 14:32:09,군터가 왜 여기서 나오노ㅋㅋㅋㅋㅋㅋㅋ,"?
- dc official App",After Lap,,"군터가 왜 여기서 나오노ㅋㅋㅋㅋㅋㅋㅋ ?
- dc official App",군터가 왜 여기서 나오노ㅋㅋㅋㅋㅋㅋㅋ ?,0.25736507773399353,0.27973684668540955,0.1489347666501999,0.07613552361726761,0.14051298797130585,0.09731475263834
2024-03-24 14:32:10,귄터군터귄서군서 인터뷰 ㅋㅋㅋㅋ,아 목소리 웃음벨이노 zz,After Lap,,귄터군터귄서군서 인터뷰 ㅋㅋㅋㅋ 아 목소리 웃음벨이노 zz,귄터군터귄서군서 인터뷰 ㅋㅋㅋㅋ 아 목소리 웃음벨이노 zz,0.14730434119701385,0.09546364098787308,0.06291824579238892,0.03391839191317558,0.6298300623893738,0.030565354973077774
2024-03-24 14:32:09,혈막이ㅋㅋㅋㅋㅋㅋㅋㅋㅋㅋㅋㅋㅋㅋ,,After Lap,,혈막이ㅋㅋㅋㅋㅋㅋㅋㅋㅋㅋㅋㅋㅋㅋ ,혈막이ㅋㅋㅋㅋㅋㅋㅋㅋㅋㅋㅋㅋㅋㅋ,0.18459482491016388,0.15588507056236267,0.0799693614244461,0.037156134843826294,0.49765902757644653,0.044735562056303024
2024-03-24 14:32:11,뭐야 두시경기인줄 알았는데 페라리 원투???,맞는거임?,After Lap,,뭐야 두시경기인줄 알았는데 페라리 원투??? 맞는거임?,뭐야 두시경기인줄 알았는데 페라리 원투??? 맞는거임?,0.23297840356826782,0.3345454931259155,0.11924277245998383,0.0630994364619255,0.14223070442676544,0.1079031229019165
2024-03-24 14:32:11,ㅋㅋㅋㅋㅋㅋㅋㅋ,,After Lap,,ㅋㅋㅋㅋㅋㅋㅋㅋ ,ㅋㅋㅋㅋㅋㅋㅋㅋ,0.14252834022045135,0.0933869406580925,0.07216941565275192,0.035368405282497406,0.6290106177330017,0.02753628045320511
2024-03-24 14:32:12,쥬지련 피아제 포디움 막으려고 일부러 저런거아니냐?,영국놈 인성 ㅉㅉ,After Lap,,쥬지련 피아제 포디움 막으려고 일부러 저런거아니냐? 영국놈 인성 ㅉㅉ,쥬지련 피아제 포디움 막으려고 일부러 저런거아니냐? 영국놈 인성 ㅉㅉ,0.15784691274166107,0.24180316925048828,0.27483510971069336,0.15741924941539764,0.0932619571685791,0.07483357936143875
2024-03-24 14:32:14,ㅋㄱㄱㅋㄱㅋㄱㅋㅋ 군터는 엔터테이머가 맞다,ㅆㅂ,After Lap,,ㅋㄱㄱㅋㄱㅋㄱㅋㅋ 군터는 엔터테이머가 맞다 ㅆㅂ,ㅋㄱㄱㅋㄱㅋㄱㅋㅋ 군터는 엔터테이머가 맞다 ㅆㅂ,0.24964556097984314,0.10780132561922073,0.2863421142101288,0.144544318318367,0.1479371339082718,0.06372947990894318
2024-03-24 14:32:15,끝까지 순수재미 ㅆㅅㅌㅊ,군버지ㅋㅋㅋㅋ,After Lap,,끝까지 순수재미 ㅆㅅㅌㅊ 군버지ㅋㅋㅋㅋ,끝까지 순수재미 ㅆㅅㅌㅊ 군버지ㅋㅋㅋㅋ,0.12410634756088257,0.0648745745420456,0.05595550686120987,0.040382981300354004,0.6866759061813354,0.028004726395010948
2024-03-24 14:32:15,F1 <<< 감다살 시발 ㅋㅋㅋㅋㅋㅋㅋㅋㅋㅋㅋㅋ,군터 인터뷰어는 ㅅㅂ ㅋㅋㅋㅋㅋㅋㅋㅋㅋ,After Lap,,F1 <<< 감다살 시발 ㅋㅋㅋㅋㅋㅋㅋㅋㅋㅋㅋㅋ 군터 인터뷰어는 ㅅㅂ ㅋㅋㅋㅋㅋㅋㅋㅋㅋ,F1 <<< 감다살 시발 ㅋㅋㅋㅋㅋㅋㅋㅋㅋㅋㅋㅋ 군터 인터뷰어는 ㅅㅂ ㅋㅋㅋㅋㅋㅋㅋㅋㅋ,0.22091272473335266,0.12446832656860352,0.13777682185173035,0.05996924266219139,0.41033032536506653,0.046542588621377945
2024-03-24 14:32:16,뽀킹좌 이게 어울릴수도있어,"냉무
- dc official App",After Lap,,"뽀킹좌 이게 어울릴수도있어 냉무
- dc official App",뽀킹좌 이게 어울릴수도있어 냉무,0.15694065392017365,0.11272308975458145,0.06219032034277916,0.040447354316711426,0.579554557800293,0.048144057393074036
2024-03-24 14:32:17,하스 더블 포인트에 대해 어떻게 생각합니까?,ㅈㄱㄴ,After Lap,,하스 더블 포인트에 대해 어떻게 생각합니까? ㅈㄱㄴ,하스 더블 포인트에 대해 어떻게 생각합니까? ㅈㄱㄴ,0.30846619606018066,0.17685391008853912,0.17364321649074554,0.1638951152563095,0.12136970460414886,0.055771902203559875
2024-03-24 14:32:17,뽀킹 아저씨 요즘 뭐 하는데,백수냐?,After Lap,,뽀킹 아저씨 요즘 뭐 하는데 백수냐?,뽀킹 아저씨 요즘 뭐 하는데 백수냐?,0.21087773144245148,0.35513758659362793,0.1221865713596344,0.06582444906234741,0.12179423868656158,0.12417946755886078
2024-03-24 14:32:18,ㅋㅋㅋㅋㅋㅋㅋㅋㅋㅋㅋㅋㅋㅋㅋㅋㅋㅋㅋㅋㅋㅋㅋㅋㅋㅋㅋㅋㅋㅋㅋㅋㅋㅋㅋㅋㅋㅋㅋ,존나 웃기네ㅋㅋㅋㅋㅋㅋㅋㅋㅋㅋㅋㅋㅋㅋㅋㅋㅋㅋㅋㅋㅋ군터ㅋㅋㅋㅋㅋㅋㅋㅋㅋㅋㅋㅋㅋㅋㅋㅋㅋㅋㅋ,After Lap,,ㅋㅋㅋㅋㅋㅋㅋㅋㅋㅋㅋㅋㅋㅋㅋㅋㅋㅋㅋㅋㅋㅋㅋㅋㅋㅋㅋㅋㅋㅋㅋㅋㅋㅋㅋㅋㅋㅋㅋ 존나 웃기네ㅋㅋㅋㅋㅋㅋㅋㅋㅋㅋㅋㅋㅋㅋㅋㅋㅋㅋㅋㅋㅋ군터ㅋㅋㅋㅋㅋㅋㅋㅋㅋㅋㅋㅋㅋㅋㅋㅋㅋㅋㅋ,ㅋㅋㅋㅋㅋㅋㅋㅋㅋㅋㅋㅋㅋㅋㅋㅋㅋㅋㅋㅋㅋㅋㅋㅋㅋㅋㅋㅋㅋㅋㅋㅋㅋㅋㅋㅋㅋㅋㅋ 존나 웃기네ㅋㅋㅋㅋㅋㅋㅋㅋㅋㅋㅋㅋㅋㅋㅋㅋㅋㅋㅋㅋㅋ군터ㅋㅋㅋㅋㅋㅋㅋㅋㅋㅋㅋㅋㅋㅋㅋㅋㅋㅋㅋ,0.1342141330242157,0.09090618789196014,0.06771043688058853,0.03660416975617409,0.644907534122467,0.025657592341303825
2024-03-24 14:32:19,귄터 << 감독보다 방송인이 더 어울림,인터뷰 진행은 ㅋㅋㅋㅋㅋㅋ,After Lap,,귄터 << 감독보다 방송인이 더 어울림 인터뷰 진행은 ㅋㅋㅋㅋㅋㅋ,귄터 << 감독보다 방송인이 더 어울림 인터뷰 진행은 ㅋㅋㅋㅋㅋㅋ,0.22157089412212372,0.28422796726226807,0.12045493721961975,0.04943152517080307,0.21775442361831665,0.10656026005744934
2024-03-24 14:32:22,우리 모두 마음속에 페라리의 피는 흐르고있자나?,한잔해,After Lap,,우리 모두 마음속에 페라리의 피는 흐르고있자나? 한잔해,우리 모두 마음속에 페라리의 피는 흐르고있자나? 한잔해,0.12923359870910645,0.08688695728778839,0.0681547224521637,0.050881534814834595,0.6224049925804138,0.04243813827633858
2024-03-24 14:32:22,진짜 끝까지 재미뿐인 경기네ㅋㅋㅋㅋㅋㅋㅋ,ㅅㅂ 군터가 나올줄은ㅋㅋㅋㅋㅋㅋㅋㅋ,After Lap,,진짜 끝까지 재미뿐인 경기네ㅋㅋㅋㅋㅋㅋㅋ ㅅㅂ 군터가 나올줄은ㅋㅋㅋㅋㅋㅋㅋㅋ,진짜 끝까지 재미뿐인 경기네ㅋㅋㅋㅋㅋㅋㅋ ㅅㅂ 군터가 나올줄은ㅋㅋㅋㅋㅋㅋㅋㅋ,0.32745659351348877,0.12731927633285522,0.18298310041427612,0.15722523629665375,0.14761830866336823,0.057397451251745224
2024-03-24 14:32:25,근데 알본은 어캐되는거냐,"미국GP때 GUN법 당하냐?
- dc official App",After Lap,,"근데 알본은 어캐되는거냐 미국GP때 GUN법 당하냐?
- dc official App",근데 알본은 어캐되는거냐 미국GP때 GUN법 당하냐?,0.20887766778469086,0.3488749563694,0.12594935297966003,0.08837081491947174,0.10827282071113586,0.11965439468622208
2024-03-24 14:32:26,군터 귄터 건서 건thㅓ 뭐가 맞냐,ㅇ?,After Lap,,군터 귄터 건서 건thㅓ 뭐가 맞냐 ㅇ?,군터 귄터 건서 건thㅓ 뭐가 맞냐 ㅇ?,0.2304907590150833,0.33919557929039,0.11023514717817307,0.07802210003137589,0.1616029292345047,0.08045352250337601
2024-03-24 14:32:27,이제일어나서 못봤노,"인스타보고앎
- dc official App",After Lap,,"이제일어나서 못봤노 인스타보고앎
- dc official App",이제일어나서 못봤노 인스타보고앎,0.3254082500934601,0.2374117523431778,0.11271341145038605,0.08781018108129501,0.1399228721857071,0.096733458340168
2024-03-24 14:32:28,영국인 2명이 호주인의 꿈을 깨버렸다,아 ㅡㅡ,After Lap,,영국인 2명이 호주인의 꿈을 깨버렸다 아 ㅡㅡ,영국인 2명이 호주인의 꿈을 깨버렸다 아 ㅡㅡ,0.2340749353170395,0.1262771636247635,0.23433654010295868,0.24440738558769226,0.09915673732757568,0.061747193336486816
2024-03-24 14:32:33,페라리의 시대가 올까요?,"아 오지요 100%오지요.
그거는 반드시 올 수 밖에 없을 것 같아요.
근데 그런 시대가 오면 나는 없을 것 같아요..",After Lap,,"페라리의 시대가 올까요? 아 오지요 100%오지요.
그거는 반드시 올 수 밖에 없을 것 같아요.
근데 그런 시대가 오면 나는 없을 것 같아요..",페라리의 시대가 올까요? 아 오지요 100%오지요. 그거는 반드시 올 수 밖에 없을 것 같아요. 근데 그런 시대가 오면 나는 없을 것 같아요..,0.25677889585494995,0.2386731058359146,0.09961001574993134,0.11253638565540314,0.1835472136735916,0.10885443538427353
2024-03-24 14:32:34,작년에 페라리 컨셉 바꾼다 해서 기대 안했는데,폼 미쳤네 ㄹㅇ,After Lap,,작년에 페라리 컨셉 바꾼다 해서 기대 안했는데 폼 미쳤네 ㄹㅇ,작년에 페라리 컨셉 바꾼다 해서 기대 안했는데 폼 미쳤네 ㄹㅇ,0.2376384735107422,0.3001915216445923,0.09778716415166855,0.04666410759091377,0.21361391246318817,0.10410483926534653
2024-03-24 14:32:34,독일쪽 중계팀에 갔다는데,"인터뷰도 하러 나오고
가끔씩 보니 좋구만",After Lap,,"독일쪽 중계팀에 갔다는데 인터뷰도 하러 나오고
가끔씩 보니 좋구만",독일쪽 중계팀에 갔다는데 인터뷰도 하러 나오고 가끔씩 보니 좋구만,0.13209876418113708,0.05652537941932678,0.05664406716823578,0.05183589458465576,0.6691853404045105,0.033710505813360214
2024-03-24 14:32:41,아 시발 2시부터인 줄 ㅡㅡ,개시발 뭐니,After Lap,,아 시발 2시부터인 줄 ㅡㅡ 개시발 뭐니,아 시발 2시부터인 줄 ㅡㅡ 개시발 뭐니,0.24405157566070557,0.10675209760665894,0.2693244218826294,0.2102469652891159,0.1302689015865326,0.03935607150197029
2024-03-24 14:32:43,F1보면서 막 딱히 응원하는 팀은 없는데,그냥 주말 예능 보는 감성으로 보는게 N년쨰노ㅋㅋㅋ,After Lap,,F1보면서 막 딱히 응원하는 팀은 없는데 그냥 주말 예능 보는 감성으로 보는게 N년쨰노ㅋㅋㅋ,F1보면서 막 딱히 응원하는 팀은 없는데 그냥 주말 예능 보는 감성으로 보는게 N년쨰노ㅋㅋㅋ,0.30773937702178955,0.13253429532051086,0.16849076747894287,0.13389064371585846,0.17713120579719543,0.08021367341279984
2024-03-24 14:32:45,군터 깜짝등장ㅋㅋㅋㅋㅋㅋㅋ,ㅋㅋㅋㅋ,After Lap,,군터 깜짝등장ㅋㅋㅋㅋㅋㅋㅋ ㅋㅋㅋㅋ,군터 깜짝등장ㅋㅋㅋㅋㅋㅋㅋ ㅋㅋㅋㅋ,0.13953092694282532,0.11448616534471512,0.06336508691310883,0.03179384395480156,0.621342122554779,0.029481856152415276
2024-03-24 14:32:36,F1 공지채널 근황 ㅋㅋㅋㅋㅋㅋㅋㅋ,"화나요단 사실상 멸종 ㅋㅋㅋㅋㅋㅋㅋ
(어제 퀄리파잉)",After Lap,,"F1 공지채널 근황 ㅋㅋㅋㅋㅋㅋㅋㅋ 화나요단 사실상 멸종 ㅋㅋㅋㅋㅋㅋㅋ
(어제 퀄리파잉)",F1 공지채널 근황 ㅋㅋㅋㅋㅋㅋㅋㅋ 화나요단 사실상 멸종 ㅋㅋㅋㅋㅋㅋㅋ (어제 퀄리파잉),0.2871518135070801,0.14576274156570435,0.12322498112916946,0.06809838861227036,0.3137541711330414,0.06200789287686348
2024-03-24 14:32:47,호주 그랑프리 포디움,대 인 츠,After Lap,,호주 그랑프리 포디움 대 인 츠,호주 그랑프리 포디움 대 인 츠,0.1684831827878952,0.1505625694990158,0.0810614600777626,0.03951713442802429,0.525615394115448,0.03476027399301529
2024-03-24 14:32:47,근데 권터 인터뷰어가 더 어울림ㅋㅋㅋㅋㅋ,ㅋㅋㅋ,After Lap,,근데 권터 인터뷰어가 더 어울림ㅋㅋㅋㅋㅋ ㅋㅋㅋ,근데 권터 인터뷰어가 더 어울림ㅋㅋㅋㅋㅋ ㅋㅋㅋ,0.17210015654563904,0.13490372896194458,0.0695061907172203,0.0307998675853014,0.5554569959640503,0.037233054637908936
2024-03-24 14:32:48,F1 개재미있네 ㅋㅋㅋㅋ,"싱가폴 이어서 2번째로 재미있는듯 ㅋㅋㅋ
- dc official App",After Lap,,"F1 개재미있네 ㅋㅋㅋㅋ 싱가폴 이어서 2번째로 재미있는듯 ㅋㅋㅋ
- dc official App",F1 개재미있네 ㅋㅋㅋㅋ 싱가폴 이어서 2번째로 재미있는듯 ㅋㅋㅋ,0.12779365479946136,0.07767822593450546,0.06127917394042015,0.034417904913425446,0.6735273599624634,0.025303659960627556
2024-03-24 14:32:50,티순이 오열ㅋㅋㅋㅋㅋ,,After Lap,,티순이 오열ㅋㅋㅋㅋㅋ ,티순이 오열ㅋㅋㅋㅋㅋ,0.20733937621116638,0.13885246217250824,0.07808557897806168,0.05152687802910805,0.46975448727607727,0.05444120615720749
2024-03-24 14:32:51,개추를 부르는 짤,어 형이야,After Lap,,개추를 부르는 짤 어 형이야,개추를 부르는 짤 어 형이야,0.11622635275125504,0.06304609030485153,0.04930518567562103,0.03623853251338005,0.7092847228050232,0.02589910291135311
2024-03-24 14:32:47,페라리 광대가 인상깊어서 쪄왔습니다,Forza Ferrari!!,After Lap,,페라리 광대가 인상깊어서 쪄왔습니다 Forza Ferrari!!,페라리 광대가 인상깊어서 쪄왔습니다 Forza Ferrari!!,0.13026030361652374,0.08034645766019821,0.051622722297906876,0.03299568593502045,0.6708865761756897,0.033888328820466995
2024-03-24 14:32:58,막스는 리타하고 르끌은 2위고,"에잉 쯧
- dc official App",After Lap,,"막스는 리타하고 르끌은 2위고 에잉 쯧
- dc official App",막스는 리타하고 르끌은 2위고 에잉 쯧,0.2854488492012024,0.20704655349254608,0.18490810692310333,0.1888871192932129,0.07727526128292084,0.056434158235788345
2024-03-24 14:33:01,사인츠 어디가요 그럼 ?,"해밀턴 내년 페라리 가면 쫓겨남 그냥 ?
- dc official App",After Lap,,"사인츠 어디가요 그럼 ? 해밀턴 내년 페라리 가면 쫓겨남 그냥 ?
- dc official App",사인츠 어디가요 그럼 ? 해밀턴 내년 페라리 가면 쫓겨남 그냥 ?,0.24208399653434753,0.3120536208152771,0.1002938523888588,0.08394226431846619,0.15083090960979462,0.11079531908035278
2024-03-24 14:32:58,방금 아파트에서 사람이 죽었다...,"방금 우리 아파트에서 사람 죽었다.
그건 바로 나약했던 이번 시즌의 '나'
나약했던 나는 오늘 죽었다
내일부터 새로운 '티포시'로써 다시 태어난다.
중계할 땐 중계 하고, 쉴 땐 화끈하게 쉬어 주며
엪갤에서 악플이 달려도 감정에 동요되지 않는
붉은인간 티포시로 다시 태어 날 것이다.
​
​오늘, 우리 아파트에서 사람이 죽었다.​",After Lap,,"방금 아파트에서 사람이 죽었다... 방금 우리 아파트에서 사람 죽었다.
그건 바로 나약했던 이번 시즌의 '나'
나약했던 나는 오늘 죽었다
내일부터 새로운 '티포시'로써 다시 태어난다.
중계할 땐 중계 하고, 쉴 땐 화끈하게 쉬어 주며
엪갤에서 악플이 달려도 감정에 동요되지 않는
붉은인간 티포시로 다시 태어 날 것이다.
​
​오늘, 우리 아파트에서 사람이 죽었다.​","방금 아파트에서 사람이 죽었다... 방금 우리 아파트에서 사람 죽었다. 그건 바로 나약했던 이번 시즌의 '나' 나약했던 나는 오늘 죽었다 내일부터 새로운 '티포시'로써 다시 태어난다. 중계할 땐 중계 하고, 쉴 땐 화끈하게 쉬어 주며 엪갤에서 악플이 달려도 감정에 동요되지 않는 붉은인간 티포시로 다시 태어 날 것이다. ​ ​오늘, 우리 아파트에서 사람이 죽었다.​",0.21788881719112396,0.1568298488855362,0.13339555263519287,0.15886536240577698,0.23229342699050903,0.10072696208953857
2024-03-24 14:33:06,니네도 미리 맹장떼라 ㅋㅋㅋㅋㅋㅋㅋㅋㅋㅋ,ㅋㅋㅋㅋㅋㅋㅋㅋㅋㅋㅋㅋㅋㅋㅋ,After Lap,,니네도 미리 맹장떼라 ㅋㅋㅋㅋㅋㅋㅋㅋㅋㅋ ㅋㅋㅋㅋㅋㅋㅋㅋㅋㅋㅋㅋㅋㅋㅋ,니네도 미리 맹장떼라 ㅋㅋㅋㅋㅋㅋㅋㅋㅋㅋ ㅋㅋㅋㅋㅋㅋㅋㅋㅋㅋㅋㅋㅋㅋㅋ,0.23706185817718506,0.1501062959432602,0.2543490529060364,0.10968886315822601,0.16994841396808624,0.07884557545185089
2024-03-24 14:33:05,맹장수술권유 ㅋㅋㅋㅋㅋㅋ,- dc official App,After Lap,,맹장수술권유 ㅋㅋㅋㅋㅋㅋ - dc official App,맹장수술권유 ㅋㅋㅋㅋㅋㅋ - dc official App,0.1954393833875656,0.15914186835289001,0.09597442299127579,0.0445069819688797,0.4543677270412445,0.050569649785757065
2024-03-24 14:33:06,맹장수슬 츄라이 츄라이 ㅋㅋ,,After Lap,,맹장수슬 츄라이 츄라이 ㅋㅋ ,맹장수슬 츄라이 츄라이 ㅋㅋ,0.1300116926431656,0.08246979862451553,0.07446418702602386,0.03735247254371643,0.6483765840530396,0.027325324714183807
2024-03-24 14:33:11,F1 최고의 락스타 군터 ㅋㅋㅋㅋㅋㅋ,어떻게 군터를 데려올 생각을 했냐 ㅋㅋㅋㅋㅋㅋㅋㅋㅋ,After Lap,,F1 최고의 락스타 군터 ㅋㅋㅋㅋㅋㅋ 어떻게 군터를 데려올 생각을 했냐 ㅋㅋㅋㅋㅋㅋㅋㅋㅋ,F1 최고의 락스타 군터 ㅋㅋㅋㅋㅋㅋ 어떻게 군터를 데려올 생각을 했냐 ㅋㅋㅋㅋㅋㅋㅋㅋㅋ,0.2177618145942688,0.2610378563404083,0.11351346224546432,0.046911973506212234,0.2740525007247925,0.08672239631414413
2024-03-24 14:33:18,오콘 이새끼 올해가 끝이냐?,개못하네 진짜 ㅋㅋ,After Lap,,오콘 이새끼 올해가 끝이냐? 개못하네 진짜 ㅋㅋ,오콘 이새끼 올해가 끝이냐? 개못하네 진짜 ㅋㅋ,0.23896324634552002,0.250582754611969,0.22106386721134186,0.12489153444766998,0.07422298938035965,0.09027568250894547
2024-03-24 14:33:18,충수 경량화 ㅋㅋㅋㅋ,"수술 추천 ㅋㅋㅋ
- dc official App",After Lap,,"충수 경량화 ㅋㅋㅋㅋ 수술 추천 ㅋㅋㅋ
- dc official App",충수 경량화 ㅋㅋㅋㅋ 수술 추천 ㅋㅋㅋ,0.20060352981090546,0.15273231267929077,0.06799820065498352,0.04286971688270569,0.47196584939956665,0.06383033841848373
2024-03-24 14:33:20,귄터는 왜 이게 더 잘어울리냐 ㅋㅋㅋㅋㅋㅋ,"ㅋㅋㅋㅋㅋㅋㅋㅋ
걍 마이크 잡는거 본업으로 삼자 ㅋㅋㅋㅋ",After Lap,,"귄터는 왜 이게 더 잘어울리냐 ㅋㅋㅋㅋㅋㅋ ㅋㅋㅋㅋㅋㅋㅋㅋ
걍 마이크 잡는거 본업으로 삼자 ㅋㅋㅋㅋ",귄터는 왜 이게 더 잘어울리냐 ㅋㅋㅋㅋㅋㅋ ㅋㅋㅋㅋㅋㅋㅋㅋ 걍 마이크 잡는거 본업으로 삼자 ㅋㅋㅋㅋ,0.186301589012146,0.13434550166130066,0.08320266008377075,0.04205138981342316,0.5017161965370178,0.052382636815309525
2024-03-24 14:33:29,???: 인터뷰??,뽀킹 인터레스띵,After Lap,,???: 인터뷰?? 뽀킹 인터레스띵,???: 인터뷰?? 뽀킹 인터레스띵,0.1331087350845337,0.09266635030508041,0.053294092416763306,0.03300168365240097,0.655802845954895,0.03212633728981018
2024-03-24 14:33:30,사인지: 맹장 수술 미리미리 해라 ㅅㅂ ㅋㅋㅋㅋㅋ,ㅋㅋㅋㅋㅋㅋㅋㅋㅋ,After Lap,,사인지: 맹장 수술 미리미리 해라 ㅅㅂ ㅋㅋㅋㅋㅋ ㅋㅋㅋㅋㅋㅋㅋㅋㅋ,사인지: 맹장 수술 미리미리 해라 ㅅㅂ ㅋㅋㅋㅋㅋ ㅋㅋㅋㅋㅋㅋㅋㅋㅋ,0.2225063145160675,0.13335372507572174,0.30334335565567017,0.1523418128490448,0.1201934888958931,0.06826131790876389
2024-03-24 14:33:29,???: 모든 드라이버는 맹장 경량화를 진행하여야한다,"ㅋㅋㅋㅋㅋ
- dc official App",After Lap,,"???: 모든 드라이버는 맹장 경량화를 진행하여야한다 ㅋㅋㅋㅋㅋ
- dc official App",???: 모든 드라이버는 맹장 경량화를 진행하여야한다 ㅋㅋㅋㅋㅋ,0.20725117623806,0.25376707315444946,0.12269853800535202,0.06341736018657684,0.28806403279304504,0.06480182707309723
2024-03-24 14:33:32,사인츠 맹장은 도대체 얼마나 무거웠던거냐,"경량화 지리네
- dc official App",After Lap,,"사인츠 맹장은 도대체 얼마나 무거웠던거냐 경량화 지리네
- dc official App",사인츠 맹장은 도대체 얼마나 무거웠던거냐 경량화 지리네,0.1944478154182434,0.3404996693134308,0.135275200009346,0.06448059529066086,0.13369198143482208,0.13160474598407745
2024-03-24 14:33:34,황라리라면 좆물탕 계약 파기도 불사할지도 모름,사인즈 르끌 둘이서 계속 이렇게 해주면 좆물탕 잡아 올 이유가 전혀없을듯,After Lap,,황라리라면 좆물탕 계약 파기도 불사할지도 모름 사인즈 르끌 둘이서 계속 이렇게 해주면 좆물탕 잡아 올 이유가 전혀없을듯,황라리라면 좆물탕 계약 파기도 불사할지도 모름 사인즈 르끌 둘이서 계속 이렇게 해주면 좆물탕 잡아 올 이유가 전혀없을듯,0.21119306981563568,0.32412517070770264,0.12736746668815613,0.1385248452425003,0.08262687176465988,0.11616252362728119
2024-03-24 14:33:34,지금 갈드컵 열려는 르장연 사인츠견특),"물탕견임 ㅋ
애초에 원투인데 쳐 싸우겠노? ㅋㅋㅋㅋㅋㅋㅋㅋㅋㅋㅋㅋㅋㅋㅋㅋㅋ",After Lap,,"지금 갈드컵 열려는 르장연 사인츠견특) 물탕견임 ㅋ
애초에 원투인데 쳐 싸우겠노? ㅋㅋㅋㅋㅋㅋㅋㅋㅋㅋㅋㅋㅋㅋㅋㅋㅋ",지금 갈드컵 열려는 르장연 사인츠견특) 물탕견임 ㅋ 애초에 원투인데 쳐 싸우겠노? ㅋㅋㅋㅋㅋㅋㅋㅋㅋㅋㅋㅋㅋㅋㅋㅋㅋ,0.20803901553153992,0.267361044883728,0.20992153882980347,0.0810801312327385,0.14151106774806976,0.09208721667528152
2024-03-24 14:33:36,뽀킹아조씨 목소리 ㄹㅇ 웃음벨이네 ㅋㅋㅋ,아조씨는 복귀하지말고 거기서 행복하세요 ㅋㅋ,After Lap,,뽀킹아조씨 목소리 ㄹㅇ 웃음벨이네 ㅋㅋㅋ 아조씨는 복귀하지말고 거기서 행복하세요 ㅋㅋ,뽀킹아조씨 목소리 ㄹㅇ 웃음벨이네 ㅋㅋㅋ 아조씨는 복귀하지말고 거기서 행복하세요 ㅋㅋ,0.14916358888149261,0.09340932965278625,0.06177045777440071,0.04075879976153374,0.611458420753479,0.04343937337398529
2024-03-24 14:33:37,아니 뭐야 하스 군터 나가고 그자리 일본인들어옴?,일본게이 무슨 이력있는사람이지?,After Lap,,아니 뭐야 하스 군터 나가고 그자리 일본인들어옴? 일본게이 무슨 이력있는사람이지?,아니 뭐야 하스 군터 나가고 그자리 일본인들어옴? 일본게이 무슨 이력있는사람이지?,0.2152954339981079,0.3280666172504425,0.1604350060224533,0.08763185888528824,0.10099963843822479,0.10757140815258026
2024-03-24 14:33:40,??? : 잘했다 사인즈,그래 그거면 된거야,After Lap,,??? : 잘했다 사인즈 그래 그거면 된거야,??? : 잘했다 사인즈 그래 그거면 된거야,0.1406806856393814,0.06544194370508194,0.0659438744187355,0.07378718256950378,0.6190197467803955,0.035126566886901855
2024-03-24 14:33:44,사인츠 버리고 해밀턴 영입 ㅋㅋㅋㅋㅋㅋㅋㅋㅋㅋㅋㅋㅋㅋㅋㅋㅋㅋㅋㅋ,ㅋㅋㅋㅋㅋㅋㅋㅋㅋㅋㅋㅋㅋㅋㅋㅋㅋㅋㅋㅋㅋㅋㅋㅋㅋㅋㅋㅋㅋㅋㅋㅋㅋ,After Lap,,사인츠 버리고 해밀턴 영입 ㅋㅋㅋㅋㅋㅋㅋㅋㅋㅋㅋㅋㅋㅋㅋㅋㅋㅋㅋㅋ ㅋㅋㅋㅋㅋㅋㅋㅋㅋㅋㅋㅋㅋㅋㅋㅋㅋㅋㅋㅋㅋㅋㅋㅋㅋㅋㅋㅋㅋㅋㅋㅋㅋ,사인츠 버리고 해밀턴 영입 ㅋㅋㅋㅋㅋㅋㅋㅋㅋㅋㅋㅋㅋㅋㅋㅋㅋㅋㅋㅋ ㅋㅋㅋㅋㅋㅋㅋㅋㅋㅋㅋㅋㅋㅋㅋㅋㅋㅋㅋㅋㅋㅋㅋㅋㅋㅋㅋㅋㅋㅋㅋㅋㅋ,0.15670618414878845,0.11473017930984497,0.08227129280567169,0.036025602370500565,0.5765894055366516,0.033677272498607635
2024-03-24 14:34:02,피아제만 들어왔으면 완벽했는데 아쉽노 ㅋㅋㅋㅋㅋ,노짱 그래도 괜찮지요?,After Lap,,피아제만 들어왔으면 완벽했는데 아쉽노 ㅋㅋㅋㅋㅋ 노짱 그래도 괜찮지요?,피아제만 들어왔으면 완벽했는데 아쉽노 ㅋㅋㅋㅋㅋ 노짱 그래도 괜찮지요?,0.24548834562301636,0.1919107288122177,0.16361869871616364,0.155975803732872,0.14032718539237976,0.10267912596464157
2024-03-24 14:34:08,ㅋㅋㅋㅋㅋ 티포시들 화력 미침 ㅋㅋㅋㅋㅋ,개추 201개 돌파 ㅋㅋㅋㅋㅋ,After Lap,,ㅋㅋㅋㅋㅋ 티포시들 화력 미침 ㅋㅋㅋㅋㅋ 개추 201개 돌파 ㅋㅋㅋㅋㅋ,ㅋㅋㅋㅋㅋ 티포시들 화력 미침 ㅋㅋㅋㅋㅋ 개추 201개 돌파 ㅋㅋㅋㅋㅋ,0.1581890881061554,0.1287594586610794,0.0730850100517273,0.03326638787984848,0.5645232200622559,0.042176924645900726
2024-03-24 14:34:09,레드불은 병신쳐내고 사인츠 모셔와라,레드불타고 6그리드 출발에 5위딱은 시발 막스 리타라 순위 그대로잖아,After Lap,,레드불은 병신쳐내고 사인츠 모셔와라 레드불타고 6그리드 출발에 5위딱은 시발 막스 리타라 순위 그대로잖아,레드불은 병신쳐내고 사인츠 모셔와라 레드불타고 6그리드 출발에 5위딱은 시발 막스 리타라 순위 그대로잖아,0.2380070835351944,0.15841037034988403,0.2640899419784546,0.1937979906797409,0.10368241369724274,0.04201216250658035
2024-03-24 14:34:10,저런 사인츠 버리고 해물탕을 가져온다고?,당장 계약서 불태워라ㅋㅋㅋㅋㅋㅋㅋㅋ,After Lap,,저런 사인츠 버리고 해물탕을 가져온다고? 당장 계약서 불태워라ㅋㅋㅋㅋㅋㅋㅋㅋ,저런 사인츠 버리고 해물탕을 가져온다고? 당장 계약서 불태워라ㅋㅋㅋㅋㅋㅋㅋㅋ,0.20719553530216217,0.24054929614067078,0.23948214948177338,0.1340215653181076,0.08180247247219086,0.09694907069206238
2024-03-24 14:34:13,올만에 보는데 왜 하스 감독이 인터뷰함?,짤림?,After Lap,,올만에 보는데 왜 하스 감독이 인터뷰함? 짤림?,올만에 보는데 왜 하스 감독이 인터뷰함? 짤림?,0.3191300928592682,0.24226176738739014,0.1449335217475891,0.11894804984331131,0.0869850143790245,0.08774147182703018
2024-03-24 14:34:13,귄터 왤케 행복해보이냐,내가 본 뽀킹좌 중에 제일 행복해보임ㅋㅋㅋㅋㅋㅋㅋ,After Lap,,귄터 왤케 행복해보이냐 내가 본 뽀킹좌 중에 제일 행복해보임ㅋㅋㅋㅋㅋㅋㅋ,귄터 왤케 행복해보이냐 내가 본 뽀킹좌 중에 제일 행복해보임ㅋㅋㅋㅋㅋㅋㅋ,0.16170671582221985,0.10852494835853577,0.06647133082151413,0.04250720143318176,0.5781679153442383,0.04262187331914902
2024-03-24 14:34:39,??? : 나처럼 하고 싶어??,미리 떼,After Lap,,??? : 나처럼 하고 싶어?? 미리 떼,??? : 나처럼 하고 싶어?? 미리 떼,0.25347277522087097,0.28711339831352234,0.10642054677009583,0.07121223956346512,0.16660460829734802,0.11517641693353653
2024-03-24 14:34:39,사인츠 우승할때마다 꼴아박는 새끼,"22 영국
23 싱가폴
24 호주",After Lap,,"사인츠 우승할때마다 꼴아박는 새끼 22 영국
23 싱가폴
24 호주",사인츠 우승할때마다 꼴아박는 새끼 22 영국 23 싱가폴 24 호주,0.203295037150383,0.18945026397705078,0.28696542978286743,0.15412068367004395,0.10455832630395889,0.06161019578576088
2024-03-24 14:34:42,티포시 병신들아 뭘 쪼게냐,페라리 한명 리타이어했는데,After Lap,,티포시 병신들아 뭘 쪼게냐 페라리 한명 리타이어했는데,티포시 병신들아 뭘 쪼게냐 페라리 한명 리타이어했는데,0.2178073525428772,0.23346082866191864,0.249822199344635,0.10470208525657654,0.1088009774684906,0.08540649712085724
2024-03-24 14:35:00,아보카도 <<--- 추한짓 그만하고 은퇴해야하면 개추,양심 있으면 정치질 그만하고 로슨한테 자리 넘겨라,After Lap,,아보카도 <<--- 추한짓 그만하고 은퇴해야하면 개추 양심 있으면 정치질 그만하고 로슨한테 자리 넘겨라,아보카도 <<--- 추한짓 그만하고 은퇴해야하면 개추 양심 있으면 정치질 그만하고 로슨한테 자리 넘겨라,0.16699044406414032,0.21693049371242523,0.26996469497680664,0.18010979890823364,0.09201023727655411,0.07399439811706543
2024-03-24 14:35:00,신,"대인츠
- dc official App",After Lap,,"신 대인츠
- dc official App",신 대인츠,0.12177208065986633,0.09730257093906403,0.06369441747665405,0.03526268154382706,0.6554312705993652,0.02653694339096546
2024-03-24 14:35:02,방금 아파트에서 사람 죽었다..,"​시발 더블 DNF???
컨챔 5위????
이게 말이 되냐???
자살하러간다...",After Lap,,"방금 아파트에서 사람 죽었다.. ​시발 더블 DNF???
컨챔 5위????
이게 말이 되냐???
자살하러간다...",방금 아파트에서 사람 죽었다.. ​시발 더블 DNF??? 컨챔 5위???? 이게 말이 되냐??? 자살하러간다...,0.18809792399406433,0.20458537340164185,0.21410822868347168,0.19456496834754944,0.10277316719293594,0.09587041288614273
2024-03-24 14:35:02,맹장염 걸리는법 …,음…,After Lap,,맹장염 걸리는법 … 음…,맹장염 걸리는법 … 음…,0.23248495161533356,0.33760854601860046,0.10634186118841171,0.088468037545681,0.12742437422275543,0.10767228156328201
2024-03-24 14:35:11,충수염수술필요한새끼<<<,페라리 가면 나도 시켜주냐?,After Lap,,충수염수술필요한새끼<<< 페라리 가면 나도 시켜주냐?,충수염수술필요한새끼<<< 페라리 가면 나도 시켜주냐?,0.1681973934173584,0.20946478843688965,0.25787901878356934,0.16316059231758118,0.11689724773168564,0.08440092951059341
2024-03-24 14:35:19,스즈카 말고 호주 갈 걸,아 ㅋㅋㅋ,After Lap,,스즈카 말고 호주 갈 걸 아 ㅋㅋㅋ,스즈카 말고 호주 갈 걸 아 ㅋㅋㅋ,0.2956447899341583,0.11683344841003418,0.1924319565296173,0.15101321041584015,0.17019355297088623,0.07388303428888321
2024-03-24 14:35:21,아 시ㅡ발 바레인 제다 보고 오늘 못봤는데,하필 오늘이냐,After Lap,,아 시ㅡ발 바레인 제다 보고 오늘 못봤는데 하필 오늘이냐,아 시ㅡ발 바레인 제다 보고 오늘 못봤는데 하필 오늘이냐,0.24521641433238983,0.10195856541395187,0.2796340882778168,0.2080632895231247,0.1166694164276123,0.048458173871040344
2024-03-24 14:35:20,하 씨발 못참겠어서 선언한다,"페라리 컨스트럭터 우승선언한다
- dc official App",After Lap,,"하 씨발 못참겠어서 선언한다 페라리 컨스트럭터 우승선언한다
- dc official App",하 씨발 못참겠어서 선언한다 페라리 컨스트럭터 우승선언한다,0.17020925879478455,0.12644828855991364,0.28228437900543213,0.1692466139793396,0.199032261967659,0.05277916043996811
2024-03-24 14:35:24,이게 페라리 더블피니쉬네,와 라이브로 본건 오랜만인데 ㄹㅇ 전개 좆된다,After Lap,,이게 페라리 더블피니쉬네 와 라이브로 본건 오랜만인데 ㄹㅇ 전개 좆된다,이게 페라리 더블피니쉬네 와 라이브로 본건 오랜만인데 ㄹㅇ 전개 좆된다,0.2126525342464447,0.27323246002197266,0.1073671504855156,0.04363183304667473,0.27829280495643616,0.08482327312231064
2024-03-24 14:35:26,메르 레ㅋㅋ이스 결ㅋㅋㅋ과ㅋㅋㅋㅋ,,After Lap,,메르 레ㅋㅋ이스 결ㅋㅋㅋ과ㅋㅋㅋㅋ ,메르 레ㅋㅋ이스 결ㅋㅋㅋ과ㅋㅋㅋㅋ,0.14152425527572632,0.0968361645936966,0.06756903231143951,0.03330623731017113,0.6344850659370422,0.026279209181666374
2024-03-24 14:35:26,귄터 예전에 넷플에서 방송인 할 것 같다고 한걸로 기억하는데,근데 진짜 감독보다 마이크 잡는 게 더 어울리네 ㅋㅋㅋㅋㅋ,After Lap,,귄터 예전에 넷플에서 방송인 할 것 같다고 한걸로 기억하는데 근데 진짜 감독보다 마이크 잡는 게 더 어울리네 ㅋㅋㅋㅋㅋ,귄터 예전에 넷플에서 방송인 할 것 같다고 한걸로 기억하는데 근데 진짜 감독보다 마이크 잡는 게 더 어울리네 ㅋㅋㅋㅋㅋ,0.2138638198375702,0.3046160340309143,0.102473184466362,0.03902612626552582,0.2153628021478653,0.12465798854827881
2024-03-24 14:35:27,❗+❗+❗+❗+❗+❗+❗+❗+❗+❗+❗+❗+,"""        """,After Lap,,"❗+❗+❗+❗+❗+❗+❗+❗+❗+❗+❗+❗+ ""        ""","❗+❗+❗+❗+❗+❗+❗+❗+❗+❗+❗+❗+ "" """,0.1545606255531311,0.10635294765233994,0.07227618992328644,0.04752284660935402,0.5939152240753174,0.02537214383482933
2024-03-24 14:35:33,르끌: ?,,After Lap,,르끌: ? ,르끌: ?,0.2408883422613144,0.31405848264694214,0.0937935933470726,0.06854993104934692,0.1986422836780548,0.08406734466552734
2024-03-24 14:35:37,○ 실시간 연전연패,,After Lap,,○ 실시간 연전연패 ,○ 실시간 연전연패,0.3199920654296875,0.15927395224571228,0.12364113330841064,0.11079245805740356,0.21543480455875397,0.07086564600467682
2024-03-24 14:35:38,페라리의 미래가 밝구나!,"뭣
- dc official App",After Lap,,"페라리의 미래가 밝구나! 뭣
- dc official App",페라리의 미래가 밝구나! 뭣,0.13384753465652466,0.08071497827768326,0.048618994653224945,0.03824608400464058,0.6614655256271362,0.03710693120956421
2024-03-24 14:35:41,오늘 웃음 종합세트,일요일 하루가 안아깝다,After Lap,,오늘 웃음 종합세트 일요일 하루가 안아깝다,오늘 웃음 종합세트 일요일 하루가 안아깝다,0.11883139610290527,0.056027740240097046,0.05912049859762192,0.046883516013622284,0.6932312250137329,0.025905590504407883
2024-03-24 14:35:43,ㅋㅋㅋㅋㅋㅋㅋ,,After Lap,,ㅋㅋㅋㅋㅋㅋㅋ ,ㅋㅋㅋㅋㅋㅋㅋ,0.13775290548801422,0.09068097174167633,0.06995318084955215,0.03461195528507233,0.6405335068702698,0.02646743506193161
2024-03-24 14:35:47,그러고보니 사인츠 우승 = 쥬지 리타네,"22 실버스톤
23 싱가포르
24 호주
다 쥬지 리타함",After Lap,,"그러고보니 사인츠 우승 = 쥬지 리타네 22 실버스톤
23 싱가포르
24 호주
다 쥬지 리타함",그러고보니 사인츠 우승 = 쥬지 리타네 22 실버스톤 23 싱가포르 24 호주 다 쥬지 리타함,0.19920264184474945,0.21598319709300995,0.08817288279533386,0.041393961757421494,0.4015597701072693,0.05368758365511894
2024-03-24 14:35:48,군터가 경기 운영을 잘못한거 아닌가,군터 나가고 하스 잘되는 느낌이노,After Lap,,군터가 경기 운영을 잘못한거 아닌가 군터 나가고 하스 잘되는 느낌이노,군터가 경기 운영을 잘못한거 아닌가 군터 나가고 하스 잘되는 느낌이노,0.29942309856414795,0.26289767026901245,0.14400885999202728,0.11530761420726776,0.0918320044875145,0.08653078228235245
2024-03-24 14:35:48,3챔 막스 베르스타펜을 제압한 사나이,암튼 이김,After Lap,,3챔 막스 베르스타펜을 제압한 사나이 암튼 이김,3챔 막스 베르스타펜을 제압한 사나이 암튼 이김,0.15357722342014313,0.11974085122346878,0.06537527590990067,0.04455507546663284,0.5672881007194519,0.04946346953511238
2024-03-24 14:35:52,러셀은 매번 중요한 순간마다 꼴아박는 것 같아,작년 싱가폴도 그렇고,After Lap,,러셀은 매번 중요한 순간마다 꼴아박는 것 같아 작년 싱가폴도 그렇고,러셀은 매번 중요한 순간마다 꼴아박는 것 같아 작년 싱가폴도 그렇고,0.2783519923686981,0.22828342020511627,0.13671875,0.20304371416568756,0.07336357980966568,0.08023852109909058
2024-03-24 14:35:56,르끌 못알아먹은거 개웃기네 ㅋㅋㅋㅋ,띠용? 해버리노 ㅋㅋ,After Lap,,르끌 못알아먹은거 개웃기네 ㅋㅋㅋㅋ 띠용? 해버리노 ㅋㅋ,르끌 못알아먹은거 개웃기네 ㅋㅋㅋㅋ 띠용? 해버리노 ㅋㅋ,0.29531753063201904,0.23703011870384216,0.11490264534950256,0.05585091561079025,0.2166581153869629,0.08024067431688309
2024-03-24 14:35:54,르끌 질문 못알아들음ㅋㅋㅋㅋㅋㅋㅋㅋㅋㅋㅋㅋㅋ,"?
Mclaren F1 team 2007~",After Lap,,"르끌 질문 못알아들음ㅋㅋㅋㅋㅋㅋㅋㅋㅋㅋㅋㅋㅋ ?
Mclaren F1 team 2007~",르끌 질문 못알아들음ㅋㅋㅋㅋㅋㅋㅋㅋㅋㅋㅋㅋㅋ ? Mclaren F1 team 2007~,0.313030868768692,0.24983659386634827,0.1379542201757431,0.08489104360342026,0.12911206483840942,0.08517522364854813
2024-03-24 14:35:58,맹장 충수제거술<<르끌이 해야할것,,After Lap,,맹장 충수제거술<<르끌이 해야할것 ,맹장 충수제거술<<르끌이 해야할것,0.2368788719177246,0.2893235683441162,0.09549683332443237,0.08361503481864929,0.22795042395591736,0.06673530489206314
2024-03-24 14:36:00,개같이 짤려야될 애들,"리카도
쥬지
자우버 핏크루
드라이버들 맹장",After Lap,,"개같이 짤려야될 애들 리카도
쥬지
자우버 핏크루
드라이버들 맹장",개같이 짤려야될 애들 리카도 쥬지 자우버 핏크루 드라이버들 맹장,0.14550216495990753,0.15073361992835999,0.3109232187271118,0.15235480666160583,0.18580086529254913,0.05468533933162689
2024-03-24 14:36:11,올려야겠지?,"대 라 리
- dc official App",After Lap,,"올려야겠지? 대 라 리
- dc official App",올려야겠지? 대 라 리,0.2497737854719162,0.19097450375556946,0.09270236641168594,0.08691547811031342,0.30696845054626465,0.07266546040773392
2024-03-24 14:36:11,사인츠 르끌 이대로 가야되는데,해물탕 버리자 제발…,After Lap,,사인츠 르끌 이대로 가야되는데 해물탕 버리자 제발…,사인츠 르끌 이대로 가야되는데 해물탕 버리자 제발…,0.23531781136989594,0.1350402534008026,0.21778397262096405,0.24748240411281586,0.09647880494594574,0.06789668649435043
2024-03-24 14:36:13,못참겠어서 선언합니다,"2024 FORMULA 1 CONSTUCTORS CHAMPIONS
SCUDERIA FERRARI",After Lap,,"못참겠어서 선언합니다 2024 FORMULA 1 CONSTUCTORS CHAMPIONS
SCUDERIA FERRARI",못참겠어서 선언합니다 2024 FORMULA 1 CONSTUCTORS CHAMPIONS SCUDERIA FERRARI,0.21448224782943726,0.18528269231319427,0.13632942736148834,0.09330320358276367,0.32727864384651184,0.04332377016544342
2024-03-24 14:36:20,군터 말 못알아듣노 ㅋㅋㅋㅋㅋ,ㅅㅂㅋㅋ,After Lap,,군터 말 못알아듣노 ㅋㅋㅋㅋㅋ ㅅㅂㅋㅋ,군터 말 못알아듣노 ㅋㅋㅋㅋㅋ ㅅㅂㅋㅋ,0.23644110560417175,0.13326214253902435,0.3115185797214508,0.15283028781414032,0.10196446627378464,0.06398340314626694
2024-03-24 14:36:34,방송인 할거란거 치곤 영어 못알아듣겠음ㅋㅋㅋ,ㄹㅇㅋㅋ,After Lap,,방송인 할거란거 치곤 영어 못알아듣겠음ㅋㅋㅋ ㄹㅇㅋㅋ,방송인 할거란거 치곤 영어 못알아듣겠음ㅋㅋㅋ ㄹㅇㅋㅋ,0.33878767490386963,0.23608054220676422,0.1489429920911789,0.10391827672719955,0.08586452901363373,0.08640599250793457
2024-03-24 14:36:34,두번 못알아먹네 ㅋㅋㅋ,- dc official App,After Lap,,두번 못알아먹네 ㅋㅋㅋ - dc official App,두번 못알아먹네 ㅋㅋㅋ - dc official App,0.326777845621109,0.21185752749443054,0.17581799626350403,0.09947983920574188,0.1090594008564949,0.07700742036104202
2024-03-24 14:36:34,몽골 없으니까 다들 행복해보이고 보는사람도 재미있다,씨발 몽골 퇴출시켜라,After Lap,,몽골 없으니까 다들 행복해보이고 보는사람도 재미있다 씨발 몽골 퇴출시켜라,몽골 없으니까 다들 행복해보이고 보는사람도 재미있다 씨발 몽골 퇴출시켜라,0.17838548123836517,0.08698923140764236,0.22115227580070496,0.11864157766103745,0.35642296075820923,0.0384085476398468
2024-03-24 14:36:38,페-페-맥 포디움 순서는 2010년 바레인 이후 14년만에 처음,오늘 기록 오지게 많이 나옴 ㅋㅋㅋㅋ,After Lap,,페-페-맥 포디움 순서는 2010년 바레인 이후 14년만에 처음 오늘 기록 오지게 많이 나옴 ㅋㅋㅋㅋ,페-페-맥 포디움 순서는 2010년 바레인 이후 14년만에 처음 오늘 기록 오지게 많이 나옴 ㅋㅋㅋㅋ,0.13347457349300385,0.09447523951530457,0.06123975291848183,0.03121817857027054,0.6473327875137329,0.032259441912174225
2024-03-24 14:36:37,기습숭배,맹장을 바치고 우승을 얻어온새끼..,After Lap,,기습숭배 맹장을 바치고 우승을 얻어온새끼..,기습숭배 맹장을 바치고 우승을 얻어온새끼..,0.18798603117465973,0.16784200072288513,0.28802525997161865,0.19795019924640656,0.08208047598600388,0.07611607015132904
2024-03-24 14:36:41,해밀턴 계약 어떻게 못 무르냐?,저런 사인츠를 버리고 하,After Lap,,해밀턴 계약 어떻게 못 무르냐? 저런 사인츠를 버리고 하,해밀턴 계약 어떻게 못 무르냐? 저런 사인츠를 버리고 하,0.2670862674713135,0.19711481034755707,0.1831972897052765,0.20561689138412476,0.07205569744110107,0.07492905855178833
2024-03-24 14:36:41,사전트 DNS + 알본 노포 이 씨ㅂ,- dc official App,After Lap,,사전트 DNS + 알본 노포 이 씨ㅂ - dc official App,사전트 DNS + 알본 노포 이 씨ㅂ - dc official App,0.21727007627487183,0.20772422850131989,0.1496761590242386,0.06939738988876343,0.3132327198982239,0.04269951581954956
2024-03-24 14:36:51,나도 오늘 죽었다,"메르 끝까지 믿고 있었는데
쥬지 마지막에 뒤집어지는거 보고
내속도 뒤집어지고
복장터져 죽었다",After Lap,,"나도 오늘 죽었다 메르 끝까지 믿고 있었는데
쥬지 마지막에 뒤집어지는거 보고
내속도 뒤집어지고
복장터져 죽었다",나도 오늘 죽었다 메르 끝까지 믿고 있었는데 쥬지 마지막에 뒤집어지는거 보고 내속도 뒤집어지고 복장터져 죽었다,0.18518173694610596,0.16882842779159546,0.2268991768360138,0.21201568841934204,0.13391049206256866,0.07316441833972931
2024-03-24 14:36:55,잊지말자 병신,잊어버리면 리카견들 또기어올라온다,After Lap,,잊지말자 병신 잊어버리면 리카견들 또기어올라온다,잊지말자 병신 잊어버리면 리카견들 또기어올라온다,0.19562780857086182,0.2264064997434616,0.16095991432666779,0.181005597114563,0.1406027376651764,0.09539740532636642
2024-03-24 14:37:00,레드불 강점기에서 언제나 우리를 구원한 한 남자..,"길고 긴 레드불 강점기 속
싱가폴에서도.. 호주에서도.. 실력으로 증명하신
우리의 한줄기 빛같은 분이십니다.
찬양하십시요..
킹갓제너럴엠퍼러마제스티
퍼스트 GOAT
대인츠
..",After Lap,,"레드불 강점기에서 언제나 우리를 구원한 한 남자.. 길고 긴 레드불 강점기 속
싱가폴에서도.. 호주에서도.. 실력으로 증명하신
우리의 한줄기 빛같은 분이십니다.
찬양하십시요..
킹갓제너럴엠퍼러마제스티
퍼스트 GOAT
대인츠
..",레드불 강점기에서 언제나 우리를 구원한 한 남자.. 길고 긴 레드불 강점기 속 싱가폴에서도.. 호주에서도.. 실력으로 증명하신 우리의 한줄기 빛같은 분이십니다. 찬양하십시요.. 킹갓제너럴엠퍼러마제스티 퍼스트 GOAT 대인츠 ..,0.16475580632686615,0.08159243315458298,0.07394637167453766,0.09057982265949249,0.5398028492927551,0.049322787672281265
2024-03-24 14:37:06,컴온 안했나보네,"굿^^
- dc official App",After Lap,,"컴온 안했나보네 굿^^
- dc official App",컴온 안했나보네 굿^^,0.129306361079216,0.0658094733953476,0.05134815722703934,0.04414251074194908,0.6783075332641602,0.03108600713312626
2024-03-24 14:37:09,즐거운 파티에는 음악이 빠지면 안되지,"https://youtu.be/UNk6LTZYokk
님들이 생각하는 거 맞음
SMOOOTH
OPERATOOOOOOORRRR",After Lap,,"즐거운 파티에는 음악이 빠지면 안되지 https://youtu.be/UNk6LTZYokk
님들이 생각하는 거 맞음
SMOOOTH
OPERATOOOOOOORRRR",즐거운 파티에는 음악이 빠지면 안되지 님들이 생각하는 거 맞음 SMOOOTH OPERATOOOOOOORRRR,0.11706565320491791,0.06633756309747696,0.05864635854959488,0.03932911902666092,0.6857403516769409,0.0328810028731823
2024-03-24 14:37:13,이번시즌 페라리 차 다케 나오면 사야겠다,"페라리 다케 마지막으로 산게 sf1000인데
시발 오늘 뽕 갑자기 좆된다
sf-24존나 섹시해보임
- dc official App",After Lap,,"이번시즌 페라리 차 다케 나오면 사야겠다 페라리 다케 마지막으로 산게 sf1000인데
시발 오늘 뽕 갑자기 좆된다
sf-24존나 섹시해보임
- dc official App",이번시즌 페라리 차 다케 나오면 사야겠다 페라리 다케 마지막으로 산게 sf1000인데 시발 오늘 뽕 갑자기 좆된다 sf-24존나 섹시해보임,0.16659440100193024,0.1236075833439827,0.07600054144859314,0.03914822265505791,0.5374091863632202,0.05724010244011879
2024-03-24 14:37:18,본인이 오늘 이거 안들어서 행복하면 눌러볼까?,"엌ㅋㅋㅋㅋㅋ
몽골견이지만 일단 개추ㅋㅋ
대 황 라 리ㅋㅋㅋ
Oracle Red Bull Racing RB20",After Lap,,"본인이 오늘 이거 안들어서 행복하면 눌러볼까? 엌ㅋㅋㅋㅋㅋ
몽골견이지만 일단 개추ㅋㅋ
대 황 라 리ㅋㅋㅋ
Oracle Red Bull Racing RB20",본인이 오늘 이거 안들어서 행복하면 눌러볼까? 엌ㅋㅋㅋㅋㅋ 몽골견이지만 일단 개추ㅋㅋ 대 황 라 리ㅋㅋㅋ Oracle Red Bull Racing RB20,0.10780342668294907,0.05927511304616928,0.05129801854491234,0.03392304107546806,0.722055971622467,0.025644438341259956
2024-03-24 14:37:28,그래도 포인트는 먹었잖아,"헤헤헤헿
- dc official App",After Lap,,"그래도 포인트는 먹었잖아 헤헤헤헿
- dc official App",그래도 포인트는 먹었잖아 헤헤헤헿,0.13542066514492035,0.05576175078749657,0.07683084905147552,0.06998514384031296,0.6320343017578125,0.02996727079153061
2024-03-24 14:37:38,카도 12위 했지만 밑에 있는게 알핀 자우버 ㅋㅋ,그냥 꼴찌 아니냐 ㅋㅋ,After Lap,,카도 12위 했지만 밑에 있는게 알핀 자우버 ㅋㅋ 그냥 꼴찌 아니냐 ㅋㅋ,카도 12위 했지만 밑에 있는게 알핀 자우버 ㅋㅋ 그냥 꼴찌 아니냐 ㅋㅋ,0.24259401857852936,0.3097034692764282,0.17276038229465485,0.10497596114873886,0.07912202924489975,0.09084411710500717
2024-03-24 14:37:40,생각해보면 6그리드 출발 5위 마무리면 순위 그대로인거자나,"막스 리타니까
체코 이새끼 계속 쓰는거 맞냐?",After Lap,,"생각해보면 6그리드 출발 5위 마무리면 순위 그대로인거자나 막스 리타니까
체코 이새끼 계속 쓰는거 맞냐?",생각해보면 6그리드 출발 5위 마무리면 순위 그대로인거자나 막스 리타니까 체코 이새끼 계속 쓰는거 맞냐?,0.22374337911605835,0.3330790102481842,0.14516794681549072,0.1160135269165039,0.09375391900539398,0.08824220299720764
2024-03-24 14:37:47,레드불 페라리 4점차네 ㅋㅋ,"레드불 97점
페라리 93점",After Lap,,"레드불 페라리 4점차네 ㅋㅋ 레드불 97점
페라리 93점",레드불 페라리 4점차네 ㅋㅋ 레드불 97점 페라리 93점,0.17072486877441406,0.11931518465280533,0.06789465248584747,0.03594960272312164,0.5698864459991455,0.03622924163937569
2024-03-24 14:37:58,“                    ”,.,After Lap,,“                    ” .,“ ” .,0.3446521461009979,0.17349740862846375,0.12142502516508102,0.1177792027592659,0.1935780793428421,0.04906808212399483
2024-03-24 14:38:01,레이디 퍼스트?? ㄴㄴ,사인즈 퍼스트,After Lap,,레이디 퍼스트?? ㄴㄴ 사인즈 퍼스트,레이디 퍼스트?? ㄴㄴ 사인즈 퍼스트,0.2473209947347641,0.2511688768863678,0.1697825789451599,0.1309240162372589,0.1399099975824356,0.060893479734659195
2024-03-24 14:38:10,다음경기엔 드디어 업데이트가온다,작년 맥라렌 재현 가즈아,After Lap,,다음경기엔 드디어 업데이트가온다 작년 맥라렌 재현 가즈아,다음경기엔 드디어 업데이트가온다 작년 맥라렌 재현 가즈아,0.14545002579689026,0.08995115011930466,0.060042403638362885,0.03935321420431137,0.6299813389778137,0.035221830010414124
2024-03-24 14:38:15,up,.,After Lap,,up .,up .,0.13501101732254028,0.08876746147871017,0.05563465878367424,0.03927481174468994,0.6524168252944946,0.028895296156406403
2024-03-24 14:38:14,속보) 티포시 영면 들어간다 ㅋㅋㅋㅋㅋㅋㅋ,"피곤해서 자러감 ㅂㅂ
DnD",After Lap,,"속보) 티포시 영면 들어간다 ㅋㅋㅋㅋㅋㅋㅋ 피곤해서 자러감 ㅂㅂ
DnD",속보) 티포시 영면 들어간다 ㅋㅋㅋㅋㅋㅋㅋ 피곤해서 자러감 ㅂㅂ DnD,0.24255380034446716,0.1021827980875969,0.10550694912672043,0.09811291098594666,0.393096923828125,0.05854661017656326
2024-03-24 14:38:18,엪갤에서 개추 200개 넘는건 첨보네 십 ㅋㅋㅋㅋ,페라리의 우승은 엪갤을 기쁘게 만든다,After Lap,,엪갤에서 개추 200개 넘는건 첨보네 십 ㅋㅋㅋㅋ 페라리의 우승은 엪갤을 기쁘게 만든다,엪갤에서 개추 200개 넘는건 첨보네 십 ㅋㅋㅋㅋ 페라리의 우승은 엪갤을 기쁘게 만든다,0.1348533183336258,0.08149015158414841,0.05615248903632164,0.033625297248363495,0.6597241163253784,0.034154631197452545
2024-03-24 14:38:40,F1 계약서 << 종이쪼가리여야만 하면 개추 ㅋㅋㅋㅋㅋㅋㅋ,방 빼 이 씹새끼야 ㅋㅋㅋㅋㅋㅋㅋㅋㅋㅋㅋㅋㅋㅋㅋㅋㅋ,After Lap,,F1 계약서 << 종이쪼가리여야만 하면 개추 ㅋㅋㅋㅋㅋㅋㅋ 방 빼 이 씹새끼야 ㅋㅋㅋㅋㅋㅋㅋㅋㅋㅋㅋㅋㅋㅋㅋㅋㅋ,F1 계약서 << 종이쪼가리여야만 하면 개추 ㅋㅋㅋㅋㅋㅋㅋ 방 빼 이 씹새끼야 ㅋㅋㅋㅋㅋㅋㅋㅋㅋㅋㅋㅋㅋㅋㅋㅋㅋ,0.20482219755649567,0.14592723548412323,0.305217444896698,0.11871081590652466,0.15284870564937592,0.07247357815504074
2024-03-24 14:38:43,??? : Hey 티포시들 이제 좀 만족해??,내년엔 형이 합류하니까 더 기대하라고,After Lap,,??? : Hey 티포시들 이제 좀 만족해?? 내년엔 형이 합류하니까 더 기대하라고,??? : Hey 티포시들 이제 좀 만족해?? 내년엔 형이 합류하니까 더 기대하라고,0.15583880245685577,0.09937684237957001,0.07551988959312439,0.058464791625738144,0.5582192540168762,0.05258044973015785
2024-03-24 14:38:46,솔직히 이새끼 없어서 꿀잼임ㅋㅋ,"몽골견마저 질리게 만드는 독주wwww
Oracle Red Bull Racing RB20",After Lap,,"솔직히 이새끼 없어서 꿀잼임ㅋㅋ 몽골견마저 질리게 만드는 독주wwww
Oracle Red Bull Racing RB20",솔직히 이새끼 없어서 꿀잼임ㅋㅋ 몽골견마저 질리게 만드는 독주wwww Oracle Red Bull Racing RB20,0.16959303617477417,0.08186449855566025,0.14418700337409973,0.068533755838871,0.4984889030456543,0.03733284771442413
2024-03-24 14:39:01,막스의 불탄 타이어,,After Lap,,막스의 불탄 타이어 ,막스의 불탄 타이어,0.2889658510684967,0.22167566418647766,0.157332181930542,0.14444714784622192,0.10197713971138,0.08560198545455933
2024-03-24 14:39:02,스페인 국가 드가자ㅏㅏㅏㅏㅏㅏㅏㅏㅏㅏㅏㅏ잇,- dc official App,After Lap,,스페인 국가 드가자ㅏㅏㅏㅏㅏㅏㅏㅏㅏㅏㅏㅏ잇 - dc official App,스페인 국가 드가자ㅏㅏㅏㅏㅏㅏㅏㅏㅏㅏㅏㅏ잇 - dc official App,0.12130939960479736,0.09314538538455963,0.05953458324074745,0.03347958251833916,0.664037823677063,0.028493305668234825
2024-03-24 14:39:18,무리스 우승 없는 최다 포디엄 갱신했냐?,ㅇ?,After Lap,,무리스 우승 없는 최다 포디엄 갱신했냐? ㅇ?,무리스 우승 없는 최다 포디엄 갱신했냐? ㅇ?,0.23269064724445343,0.346449613571167,0.12709026038646698,0.07119477540254593,0.12467217445373535,0.09790249168872833
2024-03-24 14:39:18,자우버 새 로고,"Shit
F1 Team",After Lap,,"자우버 새 로고 Shit
F1 Team",자우버 새 로고 Shit F1 Team,0.13926418125629425,0.11508180946111679,0.07422904670238495,0.039357271045446396,0.6057912707328796,0.026276390999555588
2024-03-24 14:39:20,페레즈는 추해지기전에 은퇴해야...,ㅇ,After Lap,,페레즈는 추해지기전에 은퇴해야... ㅇ,페레즈는 추해지기전에 은퇴해야... ㅇ,0.24041502177715302,0.23974472284317017,0.19500739872455597,0.14696159958839417,0.08540502935647964,0.09246627241373062
2024-03-24 14:39:21,페라리 이대로만 가면 컨챔 2위는 확정이네,"메르는 3위도 힘들듯
- dc official App",After Lap,,"페라리 이대로만 가면 컨챔 2위는 확정이네 메르는 3위도 힘들듯
- dc official App",페라리 이대로만 가면 컨챔 2위는 확정이네 메르는 3위도 힘들듯,0.20993736386299133,0.2423449605703354,0.07849646359682083,0.047874145209789276,0.3440004587173462,0.07734667509794235
2024-03-24 14:39:25,샤이 티포시 놀러왔습니다…,오늘만큼은 당당하게 티포시로 살겠습니다,After Lap,,샤이 티포시 놀러왔습니다… 오늘만큼은 당당하게 티포시로 살겠습니다,샤이 티포시 놀러왔습니다… 오늘만큼은 당당하게 티포시로 살겠습니다,0.15618053078651428,0.07800567895174026,0.07808102667331696,0.08036351203918457,0.5682313442230225,0.03913794457912445
2024-03-24 14:39:29,메르 W11 시즌2 만들어올때까지 탈갤한다,토토 니미씨벌련,After Lap,,메르 W11 시즌2 만들어올때까지 탈갤한다 토토 니미씨벌련,메르 W11 시즌2 만들어올때까지 탈갤한다 토토 니미씨벌련,0.17496056854724884,0.14592501521110535,0.31827229261398315,0.18687205016613007,0.12246677279472351,0.05150328576564789
2024-03-24 14:39:38,러셀<물로켓이면 개추,중요한 순간마다 꼬라박고 작년에 퇴물새끼한테 진 병신이면 개추 ㅋㅋ,After Lap,,러셀<물로켓이면 개추 중요한 순간마다 꼬라박고 작년에 퇴물새끼한테 진 병신이면 개추 ㅋㅋ,러셀<물로켓이면 개추 중요한 순간마다 꼬라박고 작년에 퇴물새끼한테 진 병신이면 개추 ㅋㅋ,0.20352180302143097,0.23051892220973969,0.2327050119638443,0.10613802075386047,0.1262129545211792,0.10090326517820358
2024-03-24 14:39:49,쥬지 알론소 조사중ㅋㅋㅋㅋㅋㅋㅋ,알론소가 '브레이크테스트'했다 입갤ㅋㅋㅋㅋㅋㅋㅋㅋ,After Lap,,쥬지 알론소 조사중ㅋㅋㅋㅋㅋㅋㅋ 알론소가 '브레이크테스트'했다 입갤ㅋㅋㅋㅋㅋㅋㅋㅋ,쥬지 알론소 조사중ㅋㅋㅋㅋㅋㅋㅋ 알론소가 '브레이크테스트'했다 입갤ㅋㅋㅋㅋㅋㅋㅋㅋ,0.1767258644104004,0.13556793332099915,0.08422910422086716,0.03747488558292389,0.524333655834198,0.041668493300676346
2024-03-24 14:39:49,피아제 아쉽긴하다 ㄹㅇ,결과는 똑같았네 결국,After Lap,,피아제 아쉽긴하다 ㄹㅇ 결과는 똑같았네 결국,피아제 아쉽긴하다 ㄹㅇ 결과는 똑같았네 결국,0.31727519631385803,0.16700586676597595,0.1438797265291214,0.21491527557373047,0.09440094232559204,0.0625230222940445
2024-03-24 14:39:52,급식 티포시 학원이라 못봤는데,"원투피니시 뭐냐?
- dc official App",After Lap,,"급식 티포시 학원이라 못봤는데 원투피니시 뭐냐?
- dc official App",급식 티포시 학원이라 못봤는데 원투피니시 뭐냐?,0.24806801974773407,0.3305623233318329,0.12670058012008667,0.08152960240840912,0.11758776009082794,0.0955517515540123
2024-03-24 14:39:56,이거 벌써 깨져서 신난 F1 팬이면 개추,"“RB20 2024 전승”
너무 안정적으로 타서 설마 설마 했는데 3경기만에 문제 생김",After Lap,,"이거 벌써 깨져서 신난 F1 팬이면 개추 “RB20 2024 전승”
너무 안정적으로 타서 설마 설마 했는데 3경기만에 문제 생김",이거 벌써 깨져서 신난 F1 팬이면 개추 “RB20 2024 전승” 너무 안정적으로 타서 설마 설마 했는데 3경기만에 문제 생김,0.2694258689880371,0.2096559703350067,0.10562540590763092,0.05999752879142761,0.2105700820684433,0.14472520351409912
2024-03-24 14:39:56,러셀 아웃 나오자마자 10초동안 소리지름,개씨발아,After Lap,,러셀 아웃 나오자마자 10초동안 소리지름 개씨발아,러셀 아웃 나오자마자 10초동안 소리지름 개씨발아,0.16737501323223114,0.12118367850780487,0.3342124819755554,0.17719434201717377,0.1467309594154358,0.05330345779657364
2024-03-24 14:39:57,"우리..맥스가..,리버스..,1위..를.,했어도...그짝..기준...이다","북..반구...로...올라오며는...연승...은..유효하다..,,",After Lap,,"우리..맥스가..,리버스..,1위..를.,했어도...그짝..기준...이다 북..반구...로...올라오며는...연승...은..유효하다..,,","우리..맥스가..,리버스..,1위..를.,했어도...그짝..기준...이다 북..반구...로...올라오며는...연승...은..유효하다..,,",0.33312371373176575,0.18390807509422302,0.11917710304260254,0.12239933758974075,0.15504075586795807,0.08635105937719345
2024-03-24 14:39:57,하스 포인트 기념 선착순한명 스벅,"ㄱㄱ혓
- dc official App",After Lap,,"하스 포인트 기념 선착순한명 스벅 ㄱㄱ혓
- dc official App",하스 포인트 기념 선착순한명 스벅 ㄱㄱ혓,0.11344513297080994,0.07944802939891815,0.05651198327541351,0.03611558675765991,0.6856344938278198,0.028844812884926796
2024-03-24 14:39:59,알론소 쥬지한테 브레이킹테스트했다고 조사들어감,과하게 느리게 달렸다고,After Lap,,알론소 쥬지한테 브레이킹테스트했다고 조사들어감 과하게 느리게 달렸다고,알론소 쥬지한테 브레이킹테스트했다고 조사들어감 과하게 느리게 달렸다고,0.2338157743215561,0.3042092025279999,0.14367987215518951,0.09576670825481415,0.10029738396406174,0.12223100662231445
2024-03-24 14:40:03,시즌중 경질 필요 목록 포디엄,"1. 리카도
2. 사전트 (호주에서 경질 리허설)
3. 병신",After Lap,,"시즌중 경질 필요 목록 포디엄 1. 리카도
2. 사전트 (호주에서 경질 리허설)
3. 병신",시즌중 경질 필요 목록 포디엄 1. 리카도 2. 사전트 (호주에서 경질 리허설) 3. 병신,0.21768294274806976,0.28248170018196106,0.19294151663780212,0.09249492734670639,0.15157407522201538,0.06282483041286469
2024-03-24 14:40:17,셋이 좀 어색하노ㅋㅋㅋㅋㅋ,,After Lap,,셋이 좀 어색하노ㅋㅋㅋㅋㅋ ,셋이 좀 어색하노ㅋㅋㅋㅋㅋ,0.32565194368362427,0.25828680396080017,0.0988553911447525,0.05788775160908699,0.19512499868869781,0.06419307738542557
2024-03-24 14:40:23,드가자 ㅋㅋㅋㅋ,"https://www.youtube.com/watch?v=mjrrVrmdK0M
Spain National Anthem (Instrumental)
España - Marcha RealSpain - Royal MarchSubscribe for more - http://www.youtube.com/user/NationalAnthemsChan?sub_confirmation=1All national anthems - https://...
www.youtube.com
https://www.youtube.com/watch?v=T0RMzXu653g
Italy National Anthem
Itsly's national anthem -
www.youtube.com",After Lap,,"드가자 ㅋㅋㅋㅋ https://www.youtube.com/watch?v=mjrrVrmdK0M
Spain National Anthem (Instrumental)
España - Marcha RealSpain - Royal MarchSubscribe for more - http://www.youtube.com/user/NationalAnthemsChan?sub_confirmation=1All national anthems - https://...
www.youtube.com
https://www.youtube.com/watch?v=T0RMzXu653g
Italy National Anthem
Itsly's national anthem -
www.youtube.com",드가자 ㅋㅋㅋㅋ Spain National Anthem (Instrumental) España - Marcha RealSpain - Royal MarchSubscribe for more - national anthems - Italy National Anthem Itsly's national anthem -,0.15678806602954865,0.13794857263565063,0.08806180953979492,0.04638468846678734,0.5419604778289795,0.028856363147497177
2024-03-24 14:40:30,이정도면 다니엘 접어야하는거아님?,"츠노다도 못이기는데 저나이에 걍 자리 주고 은퇴해야지 차핑계 대기에는
같은팀 한테 존나 지노",After Lap,,"이정도면 다니엘 접어야하는거아님? 츠노다도 못이기는데 저나이에 걍 자리 주고 은퇴해야지 차핑계 대기에는
같은팀 한테 존나 지노",이정도면 다니엘 접어야하는거아님? 츠노다도 못이기는데 저나이에 걍 자리 주고 은퇴해야지 차핑계 대기에는 같은팀 한테 존나 지노,0.21734213829040527,0.27188387513160706,0.17803825438022614,0.16147346794605255,0.07486086338758469,0.09640134871006012
2024-03-24 14:40:33,리카르도는 홈인데 카메라에 세번도 안잡힌듯?,경기 출전 안했냐?? ㅋㅋ,After Lap,,리카르도는 홈인데 카메라에 세번도 안잡힌듯? 경기 출전 안했냐?? ㅋㅋ,리카르도는 홈인데 카메라에 세번도 안잡힌듯? 경기 출전 안했냐?? ㅋㅋ,0.27078452706336975,0.3137969970703125,0.14036825299263,0.08580554276704788,0.09798768907785416,0.0912570059299469
2024-03-24 14:40:39,노짱 카메라 위치선정보소ㅋㅋㅋㅋㅋㅋㅋ,누가보면 1등한거깉노,After Lap,,노짱 카메라 위치선정보소ㅋㅋㅋㅋㅋㅋㅋ 누가보면 1등한거깉노,노짱 카메라 위치선정보소ㅋㅋㅋㅋㅋㅋㅋ 누가보면 1등한거깉노,0.20679225027561188,0.1587357372045517,0.07687312364578247,0.03797420486807823,0.45761239528656006,0.06201232224702835
2024-03-24 14:40:40,알론소 씹새끼네 저거 ㅋㅋㅋ,브레이킹테스트 ㅋㅋ,After Lap,,알론소 씹새끼네 저거 ㅋㅋㅋ 브레이킹테스트 ㅋㅋ,알론소 씹새끼네 저거 ㅋㅋㅋ 브레이킹테스트 ㅋㅋ,0.19041778147220612,0.2315738946199417,0.24681349098682404,0.0986582413315773,0.13179706037044525,0.10073963552713394
2024-03-24 14:40:40,무리스 기록 경신 ㅋㅋㅋ,ㅋㅋㅋㅋㅋㅋㅋㅋㅋ,After Lap,,무리스 기록 경신 ㅋㅋㅋ ㅋㅋㅋㅋㅋㅋㅋㅋㅋ,무리스 기록 경신 ㅋㅋㅋ ㅋㅋㅋㅋㅋㅋㅋㅋㅋ,0.2775334417819977,0.18513870239257812,0.11313805729150772,0.052532073110342026,0.3042803108692169,0.06737743318080902
2024-03-24 14:40:47,메르는 진짜 올해 어케해도 부활 못함??,꼬라지 처참한데,After Lap,,메르는 진짜 올해 어케해도 부활 못함?? 꼬라지 처참한데,메르는 진짜 올해 어케해도 부활 못함?? 꼬라지 처참한데,0.23410530388355255,0.2542110085487366,0.14513126015663147,0.1714164763689041,0.08278441429138184,0.11235156655311584
2024-03-24 14:40:49,?? : 아니 그니까 포인트가 어렵냐고,"""이렇게 이렇게 몰라고 이렇게""
""...""",After Lap,,"?? : 아니 그니까 포인트가 어렵냐고 ""이렇게 이렇게 몰라고 이렇게""
""...""","?? : 아니 그니까 포인트가 어렵냐고 ""이렇게 이렇게 몰라고 이렇게"" ""...""",0.36078330874443054,0.1560613512992859,0.15589937567710876,0.17844705283641815,0.08172225952148438,0.0670866146683693
2024-03-24 14:40:52,누리스 사인츠 아직도 친함?,아니면 비즈니스 친분이었음?,After Lap,,누리스 사인츠 아직도 친함? 아니면 비즈니스 친분이었음?,누리스 사인츠 아직도 친함? 아니면 비즈니스 친분이었음?,0.21300958096981049,0.36160120368003845,0.10295011848211288,0.06025230512022972,0.16234469413757324,0.09984206408262253
2024-03-24 14:40:53,이제 레드불의 시대는 끝인가,"하스의 시대 가 다가오는 느낌이 강하게 든다
- dc official App",After Lap,,"이제 레드불의 시대는 끝인가 하스의 시대 가 다가오는 느낌이 강하게 든다
- dc official App",이제 레드불의 시대는 끝인가 하스의 시대 가 다가오는 느낌이 강하게 든다,0.2518670856952667,0.27268388867378235,0.09759373962879181,0.08531263470649719,0.2094007134437561,0.08314192295074463
2024-03-24 14:41:00,장사 접어야 하면 개추ㅋㅋㅋㅋㅋ,접으 쇼,After Lap,,장사 접어야 하면 개추ㅋㅋㅋㅋㅋ 접으 쇼,장사 접어야 하면 개추ㅋㅋㅋㅋㅋ 접으 쇼,0.2421451210975647,0.24094562232494354,0.19241510331630707,0.11248920112848282,0.10764887183904648,0.1043560728430748
2024-03-24 14:41:00,내년에 편의점 볼 거 같음 ㅋㅋ,,After Lap,,내년에 편의점 볼 거 같음 ㅋㅋ ,내년에 편의점 볼 거 같음 ㅋㅋ,0.1491519808769226,0.09811502695083618,0.06901169568300247,0.03782334178686142,0.6121847033500671,0.033713214099407196
2024-03-24 14:41:01,맹장 수술 알아보는 드라이버면 개추,차량 경량화가 힘들다면 드라이버 경량화를 하면 된다!,After Lap,,맹장 수술 알아보는 드라이버면 개추 차량 경량화가 힘들다면 드라이버 경량화를 하면 된다!,맹장 수술 알아보는 드라이버면 개추 차량 경량화가 힘들다면 드라이버 경량화를 하면 된다!,0.20992915332317352,0.21768818795681,0.08196069300174713,0.07551971822977066,0.34616920351982117,0.06873303651809692
2024-03-24 14:41:04,소신발언) 사인츠는 거품 맞는듯,"살려줘
- dc official App",After Lap,,"소신발언) 사인츠는 거품 맞는듯 살려줘
- dc official App",소신발언) 사인츠는 거품 맞는듯 살려줘,0.2773798406124115,0.16834989190101624,0.14416833221912384,0.20990654826164246,0.10423573106527328,0.0959596112370491
2024-03-24 14:41:12,쥬지 비웃는중 ㅋㅋㅋㅋㅋㅋㅋㅋㅋ,ㅋㅋㅋㅋㅋㅋㅋㅋㅋㅋㅋㅋㅋㅋ,After Lap,,쥬지 비웃는중 ㅋㅋㅋㅋㅋㅋㅋㅋㅋ ㅋㅋㅋㅋㅋㅋㅋㅋㅋㅋㅋㅋㅋㅋ,쥬지 비웃는중 ㅋㅋㅋㅋㅋㅋㅋㅋㅋ ㅋㅋㅋㅋㅋㅋㅋㅋㅋㅋㅋㅋㅋㅋ,0.16065552830696106,0.10003378987312317,0.0786614939570427,0.039830099791288376,0.5911914110183716,0.02962772361934185
2024-03-24 14:41:21,솔직히 안심하고 있는 르끌이면 개추 ㅋㅋ,"퍼스트 자리 솔직히 자신없는데
내년에 대인츠 나가고
씹물탕와서 입지 확보 안심되는 르끌이면 개추 ㅋㅋ",After Lap,,"솔직히 안심하고 있는 르끌이면 개추 ㅋㅋ 퍼스트 자리 솔직히 자신없는데
내년에 대인츠 나가고
씹물탕와서 입지 확보 안심되는 르끌이면 개추 ㅋㅋ",솔직히 안심하고 있는 르끌이면 개추 ㅋㅋ 퍼스트 자리 솔직히 자신없는데 내년에 대인츠 나가고 씹물탕와서 입지 확보 안심되는 르끌이면 개추 ㅋㅋ,0.162885844707489,0.12080902606248856,0.07381479442119598,0.0651877149939537,0.5216690301895142,0.05563360080122948
2024-03-24 14:41:23,병신 모음,- dc official App,After Lap,,병신 모음 - dc official App,병신 모음 - dc official App,0.18793267011642456,0.20864206552505493,0.09310393780469894,0.05116173252463341,0.4247894883155823,0.03437003865838051
2024-03-24 14:41:24,페라리 멕라렌 1-2-3-4는 2007 벨기에 이래 처음인가,근본 팀들,After Lap,,페라리 멕라렌 1-2-3-4는 2007 벨기에 이래 처음인가 근본 팀들,페라리 멕라렌 1-2-3-4는 2007 벨기에 이래 처음인가 근본 팀들,0.21050061285495758,0.3317648470401764,0.10008946806192398,0.05101354792714119,0.19942647218704224,0.10720503330230713
2024-03-24 14:41:27,아니 시발 해물탕 리저브로 내리면 되자나,"리카도 처럼 홍보용 드라이버로 쓰라고
- dc official App",After Lap,,"아니 시발 해물탕 리저브로 내리면 되자나 리카도 처럼 홍보용 드라이버로 쓰라고
- dc official App",아니 시발 해물탕 리저브로 내리면 되자나 리카도 처럼 홍보용 드라이버로 쓰라고,0.22370471060276031,0.13045938313007355,0.3040271997451782,0.16394968330860138,0.13986775279045105,0.0379912331700325
2024-03-24 14:41:31,신체 일부 바치면 성적이 좋아지는 엪원,"베텔 눈바치고 성적 잘나옴
사인츠 맹장바치고 1위 함",After Lap,,"신체 일부 바치면 성적이 좋아지는 엪원 베텔 눈바치고 성적 잘나옴
사인츠 맹장바치고 1위 함",신체 일부 바치면 성적이 좋아지는 엪원 베텔 눈바치고 성적 잘나옴 사인츠 맹장바치고 1위 함,0.23892955482006073,0.1895035356283188,0.12205290049314499,0.07504124194383621,0.30709877610206604,0.06737396866083145
2024-03-24 14:41:36,얘 안와도 될거 같은 티포시면 ㄱㅊ ㅋㅋ,사인츠 - 르끌 듀오 너무 좋으면 개추 ㅋㅋ,After Lap,,얘 안와도 될거 같은 티포시면 ㄱㅊ ㅋㅋ 사인츠 - 르끌 듀오 너무 좋으면 개추 ㅋㅋ,얘 안와도 될거 같은 티포시면 ㄱㅊ ㅋㅋ 사인츠 - 르끌 듀오 너무 좋으면 개추 ㅋㅋ,0.11026526987552643,0.06000998988747597,0.060002267360687256,0.045401349663734436,0.6929163932800293,0.03140474855899811
2024-03-24 14:41:42,진짜 오늘 포인트가 몇개냐,"1 막스가 사인츠 한테 추월당함
2 막스 브레이크 펑
3 헤밀턴 숨짐
4 자우버가 자우버
(작년 사인츠 핏합계 << 2차전까지 자우버)
5 페라리 2.1초 핏스탑
6 페레즈
7 알국왕 르끌
8 사인츠 우승, 페라리 12
9 츠노다 포인트
10 하스 더블포인트
11 군터좌 입갤",After Lap,,"진짜 오늘 포인트가 몇개냐 1 막스가 사인츠 한테 추월당함
2 막스 브레이크 펑
3 헤밀턴 숨짐
4 자우버가 자우버
(작년 사인츠 핏합계 << 2차전까지 자우버)
5 페라리 2.1초 핏스탑
6 페레즈
7 알국왕 르끌
8 사인츠 우승, 페라리 12
9 츠노다 포인트
10 하스 더블포인트
11 군터좌 입갤","진짜 오늘 포인트가 몇개냐 1 막스가 사인츠 한테 추월당함 2 막스 브레이크 펑 3 헤밀턴 숨짐 4 자우버가 자우버 (작년 사인츠 핏합계 << 2차전까지 자우버) 5 페라리 2.1초 핏스탑 6 페레즈 7 알국왕 르끌 8 사인츠 우승, 페라리 12 9 츠노다 포인트 10 하스 더블포인트 11 군터좌 입갤",0.286601722240448,0.2398754060268402,0.1370704174041748,0.10899202525615692,0.14809952676296234,0.07936087995767593
2024-03-24 14:41:56,그래도 레드불 업댓 전에 터져서 다행이네,"뉴이신 믿습니다
- dc official App",After Lap,,"그래도 레드불 업댓 전에 터져서 다행이네 뉴이신 믿습니다
- dc official App",그래도 레드불 업댓 전에 터져서 다행이네 뉴이신 믿습니다,0.16811998188495636,0.09183011949062347,0.06596892327070236,0.08512154966592789,0.552557647228241,0.03640180081129074
2024-03-24 14:41:59,내년 페라리 드라이버,"퍼스트 사인츠
세컨드 르끌
리저브 해밀턴",After Lap,,"내년 페라리 드라이버 퍼스트 사인츠
세컨드 르끌
리저브 해밀턴",내년 페라리 드라이버 퍼스트 사인츠 세컨드 르끌 리저브 해밀턴,0.1686694622039795,0.14490441977977753,0.07634830474853516,0.040853351354599,0.5309551358222961,0.0382692851126194
2024-03-24 14:42:06,F1 공식 엔딩곡이 바뀌었나요?,시발 x스,After Lap,,F1 공식 엔딩곡이 바뀌었나요? 시발 x스,F1 공식 엔딩곡이 바뀌었나요? 시발 x스,0.280879944562912,0.12961453199386597,0.24499712884426117,0.18438950181007385,0.10574807226657867,0.05437081307172775
2024-03-24 14:42:09,노리스야~ 오늘은 트로피 부수면 안 돼~,페라리건 좆돼~,After Lap,,노리스야~ 오늘은 트로피 부수면 안 돼~ 페라리건 좆돼~,노리스야~ 오늘은 트로피 부수면 안 돼~ 페라리건 좆돼~,0.2596498727798462,0.25410196185112,0.1053743064403534,0.09186965227127075,0.17080490291118622,0.11819931119680405
2024-03-24 14:42:19,뻘겅거 우승 ㅋㅋㅋㅋㅋㅋ,손흥민은 못하는거 ㅋㅋㅋㅋ,After Lap,,뻘겅거 우승 ㅋㅋㅋㅋㅋㅋ 손흥민은 못하는거 ㅋㅋㅋㅋ,뻘겅거 우승 ㅋㅋㅋㅋㅋㅋ 손흥민은 못하는거 ㅋㅋㅋㅋ,0.2181451916694641,0.17795351147651672,0.09876524657011032,0.03825827315449715,0.40257182717323303,0.06430593132972717
2024-03-24 14:42:25,새로운 엔딩곡 입갤ㅋㅋㅋㅋㅋㅋㅋ,,After Lap,,새로운 엔딩곡 입갤ㅋㅋㅋㅋㅋㅋㅋ ,새로운 엔딩곡 입갤ㅋㅋㅋㅋㅋㅋㅋ,0.11298700422048569,0.07711798697710037,0.05761335790157318,0.03232218325138092,0.692124605178833,0.02783491089940071
2024-03-24 14:42:25,어 국가 어디갓노 ㅋㅋㅋ,ㅋㅋㅋ,After Lap,,어 국가 어디갓노 ㅋㅋㅋ ㅋㅋㅋ,어 국가 어디갓노 ㅋㅋㅋ ㅋㅋㅋ,0.28668907284736633,0.20602983236312866,0.09820868074893951,0.05156050994992256,0.294127881526947,0.06338398158550262
2024-03-24 14:42:27,뭔가 낯설면 개추 ㅋㅋㅋㅋㅋ,,After Lap,,뭔가 낯설면 개추 ㅋㅋㅋㅋㅋ ,뭔가 낯설면 개추 ㅋㅋㅋㅋㅋ,0.13865426182746887,0.0963650718331337,0.057643841952085495,0.033056940883398056,0.6423719525337219,0.03190797194838524
2024-03-24 14:42:34,해물탕 무료나눔 합니다,"제발
- dc official App",After Lap,,"해물탕 무료나눔 합니다 제발
- dc official App",해물탕 무료나눔 합니다 제발,0.20353609323501587,0.10192635655403137,0.11966697871685028,0.14129887521266937,0.37703415751457214,0.05653759092092514
2024-03-24 14:42:35,스페인 국가 캬 ㅋㅋㅋㅋㅋㅋㅋㅋㅋㅋㅋㅋㅋ,,After Lap,,스페인 국가 캬 ㅋㅋㅋㅋㅋㅋㅋㅋㅋㅋㅋㅋㅋ ,스페인 국가 캬 ㅋㅋㅋㅋㅋㅋㅋㅋㅋㅋㅋㅋㅋ,0.12640517950057983,0.09170608967542648,0.05927667021751404,0.030472679063677788,0.6658429503440857,0.02629641257226467
2024-03-24 14:42:37,이게 얼마만에 딴노래야 ㅋㅋㅋㅋㅋ,시이발ㅋㅋㅋㅋㅋㅋㅋ,After Lap,,이게 얼마만에 딴노래야 ㅋㅋㅋㅋㅋ 시이발ㅋㅋㅋㅋㅋㅋㅋ,이게 얼마만에 딴노래야 ㅋㅋㅋㅋㅋ 시이발ㅋㅋㅋㅋㅋㅋㅋ,0.18451698124408722,0.09101486206054688,0.09099791198968887,0.05165378376841545,0.5468745827674866,0.03494184836745262
2024-03-24 14:42:39,임시엔딩곡ㅋㅋㅋㅋㅋㅋㅋㅋㅋ,,After Lap,,임시엔딩곡ㅋㅋㅋㅋㅋㅋㅋㅋㅋ ,임시엔딩곡ㅋㅋㅋㅋㅋㅋㅋㅋㅋ,0.13101434707641602,0.08515723049640656,0.06337666511535645,0.03313642740249634,0.6612213253974915,0.026094090193510056
2024-03-24 14:42:41,근데 사인츠는 내년에 어디로 가는지 아직 모르는거지?,ㅈㄱㄴ,After Lap,,근데 사인츠는 내년에 어디로 가는지 아직 모르는거지? ㅈㄱㄴ,근데 사인츠는 내년에 어디로 가는지 아직 모르는거지? ㅈㄱㄴ,0.30116328597068787,0.12745700776576996,0.1783701777458191,0.22120550274848938,0.10376128554344177,0.06804276257753372
2024-03-24 14:42:42,오늘은 자장가 아니라서 다행이네,잠잘시간 아니잖어 ㅋㅋ,After Lap,,오늘은 자장가 아니라서 다행이네 잠잘시간 아니잖어 ㅋㅋ,오늘은 자장가 아니라서 다행이네 잠잘시간 아니잖어 ㅋㅋ,0.193526491522789,0.07992413640022278,0.08699873089790344,0.10197773575782776,0.4973942041397095,0.040178727358579636
2024-03-24 14:42:45,포디엄 왼쪽에 마크 웨버냐?,"?
- dc official App",After Lap,,"포디엄 왼쪽에 마크 웨버냐? ?
- dc official App",포디엄 왼쪽에 마크 웨버냐? ?,0.22580291330814362,0.32839852571487427,0.11031323671340942,0.05721423029899597,0.2034623622894287,0.07480870187282562
2024-03-24 14:42:46,존나어색하노 ㅋㅋㅋㅋㅋㅋㅋㅋㅋㅋㅋㅋㅋㅋㅋㅋㅋㅋㅋㅋㅋㅋㅋㅋㅋㅋㅋㅋㅋㅋㅋㅋㅋ,,After Lap,,존나어색하노 ㅋㅋㅋㅋㅋㅋㅋㅋㅋㅋㅋㅋㅋㅋㅋㅋㅋㅋㅋㅋㅋㅋㅋㅋㅋㅋㅋㅋㅋㅋㅋㅋㅋ ,존나어색하노 ㅋㅋㅋㅋㅋㅋㅋㅋㅋㅋㅋㅋㅋㅋㅋㅋㅋㅋㅋㅋㅋㅋㅋㅋㅋㅋㅋㅋㅋㅋㅋㅋㅋ,0.26364442706108093,0.16287349164485931,0.10155662894248962,0.04793502390384674,0.37321871519088745,0.05077173560857773
2024-03-24 14:42:47,르클레 왜케,마리오같냐ㅋㅋ,After Lap,,르클레 왜케 마리오같냐ㅋㅋ,르클레 왜케 마리오같냐ㅋㅋ,0.14606782793998718,0.10489290952682495,0.06026560813188553,0.03453696891665459,0.620871901512146,0.033364783972501755
2024-03-24 14:42:46,메르 더블 dnfㅋㅋㅋㅋ,- dc official App,After Lap,,메르 더블 dnfㅋㅋㅋㅋ - dc official App,메르 더블 dnfㅋㅋㅋㅋ - dc official App,0.13331255316734314,0.11174504458904266,0.07534415274858475,0.03502609580755234,0.6188769936561584,0.025695256888866425
2024-03-24 14:42:50,2절 입갤ㅋㅋ,- dc official App,After Lap,,2절 입갤ㅋㅋ - dc official App,2절 입갤ㅋㅋ - dc official App,0.11927492916584015,0.08748938143253326,0.060309138149023056,0.033848222345113754,0.6723041534423828,0.026774168014526367
2024-03-24 14:42:50,캬 스페인 국가 ㅋㅋㅋㅋㅋ,- dc official App,After Lap,,캬 스페인 국가 ㅋㅋㅋㅋㅋ - dc official App,캬 스페인 국가 ㅋㅋㅋㅋㅋ - dc official App,0.1267997771501541,0.09807965159416199,0.05973661318421364,0.028628377243876457,0.6602269411087036,0.02652858942747116
2024-03-24 14:42:51,캬ㅋㅋㅋㅋㅋㅋㅋㅋ,이거지ㅋㅋㅋㅋㅋㅋ,After Lap,,캬ㅋㅋㅋㅋㅋㅋㅋㅋ 이거지ㅋㅋㅋㅋㅋㅋ,캬ㅋㅋㅋㅋㅋㅋㅋㅋ 이거지ㅋㅋㅋㅋㅋㅋ,0.12281468510627747,0.07738611847162247,0.05837171524763107,0.03301548212766647,0.6848213076591492,0.023590724915266037
2024-03-24 14:42:51,개씹근본이네 ㅅㅂ 국기,개멋있다,After Lap,,개씹근본이네 ㅅㅂ 국기 개멋있다,개씹근본이네 ㅅㅂ 국기 개멋있다,0.19900192320346832,0.16304168105125427,0.08409737795591354,0.04729638993740082,0.44423285126686096,0.06232978403568268
2024-03-24 14:42:52,사인츠 자다 일어난 내머리랑 똑같노 ㅋㅋ,"ㅋㅋ
- dc official App",After Lap,,"사인츠 자다 일어난 내머리랑 똑같노 ㅋㅋ ㅋㅋ
- dc official App",사인츠 자다 일어난 내머리랑 똑같노 ㅋㅋ ㅋㅋ,0.236949160695076,0.18355034291744232,0.07282797992229462,0.03722355142235756,0.4099813401699066,0.059467583894729614
2024-03-24 14:42:54,낯선 노래다,엔딩곡 이게 아니었는데ㅋㅋㅋ,After Lap,,낯선 노래다 엔딩곡 이게 아니었는데ㅋㅋㅋ,낯선 노래다 엔딩곡 이게 아니었는데ㅋㅋㅋ,0.3173772096633911,0.19633382558822632,0.09947936236858368,0.06429817527532578,0.2549697160720825,0.0675417110323906
2024-03-24 14:42:56,엔딩곡 바뀜?,섹 ㅋㅋㅋㄱ슥ㅋㅋㅋ,After Lap,,엔딩곡 바뀜? 섹 ㅋㅋㅋㄱ슥ㅋㅋㅋ,엔딩곡 바뀜? 섹 ㅋㅋㅋㄱ슥ㅋㅋㅋ,0.1267286092042923,0.09192945808172226,0.05390246957540512,0.029221007600426674,0.6697800159454346,0.028438474982976913
2024-03-24 14:42:58,캬 ㅋㅋㅋㅋ,ㅋㅋㅋ,After Lap,,캬 ㅋㅋㅋㅋ ㅋㅋㅋ,캬 ㅋㅋㅋㅋ ㅋㅋㅋ,0.1274181306362152,0.08561527729034424,0.061847709119319916,0.03520666062831879,0.6655181050300598,0.02439412847161293
2024-03-24 14:43:03,티포시 애기 귀엽다,,After Lap,,티포시 애기 귀엽다 ,티포시 애기 귀엽다,0.16104446351528168,0.11705984175205231,0.07360261678695679,0.044241297990083694,0.5614449381828308,0.042606860399246216
2024-03-24 14:43:05,차 피드백 잘한다도르 수상 드라이버,"근데 왜 운전은 ,, ㅋ",After Lap,,"차 피드백 잘한다도르 수상 드라이버 근데 왜 운전은 ,, ㅋ","차 피드백 잘한다도르 수상 드라이버 근데 왜 운전은 ,, ㅋ",0.3063661456108093,0.251764714717865,0.12926925718784332,0.0875297486782074,0.1101464107632637,0.1149236410856247
2024-03-24 14:43:10,캬 ㅋㅋㅋㅋㅋㅋㅋㅋㅋㅋㅋㅋㅋㅋㅋㅋㅋㅋㅋㅋ,DnD,After Lap,,캬 ㅋㅋㅋㅋㅋㅋㅋㅋㅋㅋㅋㅋㅋㅋㅋㅋㅋㅋㅋㅋ DnD,캬 ㅋㅋㅋㅋㅋㅋㅋㅋㅋㅋㅋㅋㅋㅋㅋㅋㅋㅋㅋㅋ DnD,0.12472211569547653,0.08238237351179123,0.05886460468173027,0.031659092754125595,0.6772862076759338,0.025085652247071266
2024-03-24 14:43:11,메르는 포인트 어떡하냐 ㅅㅂㅋㅋ,,After Lap,,메르는 포인트 어떡하냐 ㅅㅂㅋㅋ ,메르는 포인트 어떡하냐 ㅅㅂㅋㅋ,0.2692449390888214,0.12973304092884064,0.22908782958984375,0.20345155894756317,0.10938653349876404,0.0590960755944252
2024-03-24 14:43:12,이탈리아 국가 입갤 ㅋㅋㅋㅋㅋ,- dc official App,After Lap,,이탈리아 국가 입갤 ㅋㅋㅋㅋㅋ - dc official App,이탈리아 국가 입갤 ㅋㅋㅋㅋㅋ - dc official App,0.11779336631298065,0.09033750742673874,0.06140036880970001,0.030439624562859535,0.6740438342094421,0.02598530612885952
2024-03-24 14:43:15,신곡이냐 ㅋㅋㅋㅋ,- dc official App,After Lap,,신곡이냐 ㅋㅋㅋㅋ - dc official App,신곡이냐 ㅋㅋㅋㅋ - dc official App,0.14271701872348785,0.11076962947845459,0.0667298436164856,0.031564682722091675,0.6197810173034668,0.028437882661819458
2024-03-24 14:43:17,오 신나는거 나온다 ㅋㅋㅋㅋ,,After Lap,,오 신나는거 나온다 ㅋㅋㅋㅋ ,오 신나는거 나온다 ㅋㅋㅋㅋ,0.12682519853115082,0.07840000092983246,0.05931345373392105,0.035507768392562866,0.6761241555213928,0.023829525336623192
2024-03-24 14:43:19,킹탈리아 국가 입갤ㄹㄹ,ㅋㅋ,After Lap,,킹탈리아 국가 입갤ㄹㄹ ㅋㅋ,킹탈리아 국가 입갤ㄹㄹ ㅋㅋ,0.12893639504909515,0.08942517638206482,0.06695497035980225,0.03357834741473198,0.6507582068443298,0.03034689463675022
2024-03-24 14:43:22,사인츠 아빠는 도대체 무슨일이고,어케 저렇게 똑같이 생김,After Lap,,사인츠 아빠는 도대체 무슨일이고 어케 저렇게 똑같이 생김,사인츠 아빠는 도대체 무슨일이고 어케 저렇게 똑같이 생김,0.1984567642211914,0.32855066657066345,0.14757086336612701,0.06531291455030441,0.1292145848274231,0.13089419901371002
2024-03-24 14:43:22,난 그래도 들어야겠어,"중독돼버렸어 안들으면 허전해
https://youtu.be/SBt9VJ6axB0?si=tCzHEOmaupnUpGmW
Netherlands National Anthem (Instrumental)
Nederland - WilhelmusThe Netherlands - WilliamSubscribe for more - http://www.youtube.com/user/NationalAnthemsChan?sub_confirmation=1All national anthems - h...
youtu.be",After Lap,,"난 그래도 들어야겠어 중독돼버렸어 안들으면 허전해
https://youtu.be/SBt9VJ6axB0?si=tCzHEOmaupnUpGmW
Netherlands National Anthem (Instrumental)
Nederland - WilhelmusThe Netherlands - WilliamSubscribe for more - http://www.youtube.com/user/NationalAnthemsChan?sub_confirmation=1All national anthems - h...
youtu.be",난 그래도 들어야겠어 중독돼버렸어 안들으면 허전해 Netherlands National Anthem (Instrumental) Nederland - WilhelmusThe Netherlands - WilliamSubscribe for more - national anthems - h... youtu.be,0.18199796974658966,0.12394651025533676,0.07846609503030777,0.0503997802734375,0.5277264714241028,0.037463199347257614
2024-03-24 14:43:24,이탈리아 섹스 ㅋㅋㅋㅋ,"후허
- dc official App",After Lap,,"이탈리아 섹스 ㅋㅋㅋㅋ 후허
- dc official App",이탈리아 섹스 ㅋㅋㅋㅋ 후허,0.11275257915258408,0.07107030600309372,0.06107489392161369,0.03671547397971153,0.6935303211212158,0.024856429547071457
2024-03-24 14:43:29,근---본,ㅋㅋㅋ,After Lap,,근---본 ㅋㅋㅋ,근---본 ㅋㅋㅋ,0.15016043186187744,0.09646973013877869,0.07504462450742722,0.037037577480077744,0.6092232465744019,0.03206440061330795
2024-03-24 14:43:30,이탈리아 국가 떼창 ㅋㅋㅋㅋㅋㅋㅋㅋㅋㅋㅋㅋㅋ,아아 고귀한 티포시들의 주말이여,After Lap,,이탈리아 국가 떼창 ㅋㅋㅋㅋㅋㅋㅋㅋㅋㅋㅋㅋㅋ 아아 고귀한 티포시들의 주말이여,이탈리아 국가 떼창 ㅋㅋㅋㅋㅋㅋㅋㅋㅋㅋㅋㅋㅋ 아아 고귀한 티포시들의 주말이여,0.12532849609851837,0.06804385036230087,0.06369573622941971,0.040309805423021317,0.6759012937545776,0.0267208032310009
2024-03-24 14:43:30,황태리 국가 입갤ㅋㅋㅋㅋ,,After Lap,,황태리 국가 입갤ㅋㅋㅋㅋ ,황태리 국가 입갤ㅋㅋㅋㅋ,0.11683705449104309,0.09132719784975052,0.05879461392760277,0.031556230038404465,0.6712397933006287,0.030245071277022362
2024-03-24 14:43:31,노래 잘못튼거아니냐?,f1 엔딩곡이 아닌데 ㅋㅋㅋ?,After Lap,,노래 잘못튼거아니냐? f1 엔딩곡이 아닌데 ㅋㅋㅋ?,노래 잘못튼거아니냐? f1 엔딩곡이 아닌데 ㅋㅋㅋ?,0.23216883838176727,0.33057835698127747,0.14690782129764557,0.08858153969049454,0.10541834682226181,0.09634503722190857
2024-03-24 14:43:32,어어 왜 네덜란드 국가랑 오스트리아 국가가 아니노,"왜긴 왜야 페라리의 우승이니까 그렇지 섹스 ㅋㅋㅋㅋㅋㅋㅋ
- dc official App",After Lap,,"어어 왜 네덜란드 국가랑 오스트리아 국가가 아니노 왜긴 왜야 페라리의 우승이니까 그렇지 섹스 ㅋㅋㅋㅋㅋㅋㅋ
- dc official App",어어 왜 네덜란드 국가랑 오스트리아 국가가 아니노 왜긴 왜야 페라리의 우승이니까 그렇지 섹스 ㅋㅋㅋㅋㅋㅋㅋ,0.28297629952430725,0.24844573438167572,0.16641318798065186,0.08454051613807678,0.11243776232004166,0.10518649965524673
2024-03-24 14:43:33,킹 탈 리 아,,After Lap,,킹 탈 리 아 ,킹 탈 리 아,0.15345150232315063,0.15031802654266357,0.08054562658071518,0.03733441233634949,0.5421016812324524,0.03624878451228142
2024-03-24 14:43:33,50년 뒤 쯤엔 애국가도 울리겠지?,제발,After Lap,,50년 뒤 쯤엔 애국가도 울리겠지? 제발,50년 뒤 쯤엔 애국가도 울리겠지? 제발,0.21463662385940552,0.18751803040504456,0.1035081073641777,0.12444312870502472,0.26552847027778625,0.10436569899320602
2024-03-24 14:43:36,근본 ㅋㅋㅋㅋㅋㅋㅋㅋㅋㅋㅋㅋㅋㅋㅋㅋㅋㅋㅋㅋㅋㅋㅋㅋㅋㅋㅋㅋㅋㅋㅋㅋㅋㅋㅋㅋㅋ,,After Lap,,근본 ㅋㅋㅋㅋㅋㅋㅋㅋㅋㅋㅋㅋㅋㅋㅋㅋㅋㅋㅋㅋㅋㅋㅋㅋㅋㅋㅋㅋㅋㅋㅋㅋㅋㅋㅋㅋㅋ ,근본 ㅋㅋㅋㅋㅋㅋㅋㅋㅋㅋㅋㅋㅋㅋㅋㅋㅋㅋㅋㅋㅋㅋㅋㅋㅋㅋㅋㅋㅋㅋㅋㅋㅋㅋㅋㅋㅋ,0.12252452969551086,0.07903727889060974,0.06137653812766075,0.032055098563432693,0.6805942058563232,0.024412451311945915
2024-03-24 14:43:39,존나 신났노 다들 ㅋㅋㅋ,,After Lap,,존나 신났노 다들 ㅋㅋㅋ ,존나 신났노 다들 ㅋㅋㅋ,0.15705037117004395,0.10985710471868515,0.08281639218330383,0.040007084608078,0.5760401487350464,0.034228838980197906
2024-03-24 14:43:40,빰 빠라밤 빠라밤!,- dc official App,After Lap,,빰 빠라밤 빠라밤! - dc official App,빰 빠라밤 빠라밤! - dc official App,0.12620460987091064,0.093333400785923,0.07498327642679214,0.038796260952949524,0.6396617293357849,0.02702079713344574
2024-03-24 14:43:43,나 원래 뭘 봐도 누구나 어떤 팀을 응원하면서 안보는데,이번만큼은 진짜 황라리 대인츠 응원하면서 봤다,After Lap,,나 원래 뭘 봐도 누구나 어떤 팀을 응원하면서 안보는데 이번만큼은 진짜 황라리 대인츠 응원하면서 봤다,나 원래 뭘 봐도 누구나 어떤 팀을 응원하면서 안보는데 이번만큼은 진짜 황라리 대인츠 응원하면서 봤다,0.1753908097743988,0.09347806870937347,0.0732167437672615,0.06677445769309998,0.5442339777946472,0.046905968338251114
2024-03-24 14:43:45,티포시누나 누구냐 존나 이쁘네 ㅅㅂ,ㄷㄷㄷ,After Lap,,티포시누나 누구냐 존나 이쁘네 ㅅㅂ ㄷㄷㄷ,티포시누나 누구냐 존나 이쁘네 ㅅㅂ ㄷㄷㄷ,0.2000129520893097,0.26818838715553284,0.10166090726852417,0.039840299636125565,0.29708123207092285,0.09321625530719757
2024-03-24 14:43:45,뾰로롱 뾰로롱ㅋㅋ,ㅋㅋ,After Lap,,뾰로롱 뾰로롱ㅋㅋ ㅋㅋ,뾰로롱 뾰로롱ㅋㅋ ㅋㅋ,0.11476974934339523,0.07043658196926117,0.06003926694393158,0.03707924112677574,0.6954611539840698,0.02221408486366272
2024-03-24 14:43:47,신곡ㅋㅋㅋ,ㅋㅋ,After Lap,,신곡ㅋㅋㅋ ㅋㅋ,신곡ㅋㅋㅋ ㅋㅋ,0.1152423769235611,0.07237252593040466,0.055523112416267395,0.033690087497234344,0.6992669701576233,0.023904871195554733
2024-03-24 14:43:50,존나 신났네 다들 ㅋㅋㅋㅋㅋ,,After Lap,,존나 신났네 다들 ㅋㅋㅋㅋㅋ ,존나 신났네 다들 ㅋㅋㅋㅋㅋ,0.11796145141124725,0.07419761270284653,0.06683116406202316,0.03645550459623337,0.6811931729316711,0.023361148312687874
2024-03-24 14:43:52,오 이뻐 ㅋㅋㅋㅋㅋㅋㅋㅋㅋㅋㅋㅋ,누구냐 저 누나,After Lap,,오 이뻐 ㅋㅋㅋㅋㅋㅋㅋㅋㅋㅋㅋㅋ 누구냐 저 누나,오 이뻐 ㅋㅋㅋㅋㅋㅋㅋㅋㅋㅋㅋㅋ 누구냐 저 누나,0.16576726734638214,0.1276675909757614,0.06556929647922516,0.0330713614821434,0.5644423365592957,0.043482087552547455
2024-03-24 14:43:52,근본지리긴하다 ㄷㄷ,ㄷㄷ,After Lap,,근본지리긴하다 ㄷㄷ ㄷㄷ,근본지리긴하다 ㄷㄷ ㄷㄷ,0.19722530245780945,0.3262315094470978,0.11170487105846405,0.052543699741363525,0.2018817514181137,0.11041282117366791
2024-03-24 14:43:59,티포시하려면 이탈리아 국가 정도는 외워야하냐?,?,After Lap,,티포시하려면 이탈리아 국가 정도는 외워야하냐? ?,티포시하려면 이탈리아 국가 정도는 외워야하냐? ?,0.23705646395683289,0.33750981092453003,0.134792298078537,0.07639965415000916,0.12702418863773346,0.08721757680177689
2024-03-24 14:43:57,트위터(X)에 F1을 검색하면?,"F1 공계보다 페라리 공계가 먼저 뜬다
그렇다 페라리가 F1 그 자체이다
- dc official App",After Lap,,"트위터(X)에 F1을 검색하면? F1 공계보다 페라리 공계가 먼저 뜬다
그렇다 페라리가 F1 그 자체이다
- dc official App",트위터(X)에 F1을 검색하면? F1 공계보다 페라리 공계가 먼저 뜬다 그렇다 페라리가 F1 그 자체이다,0.21382400393486023,0.2969554662704468,0.10824355483055115,0.04944397881627083,0.2440405935049057,0.0874924585223198
2024-03-24 14:44:02,저게 ㄹㅇ 국가야?ㅋㅋㅋㅋㅋㅋㅋㅋㅋㅋ,ㅈㄴ 경박하농ㅋㅋㅋ,After Lap,,저게 ㄹㅇ 국가야?ㅋㅋㅋㅋㅋㅋㅋㅋㅋㅋ ㅈㄴ 경박하농ㅋㅋㅋ,저게 ㄹㅇ 국가야?ㅋㅋㅋㅋㅋㅋㅋㅋㅋㅋ ㅈㄴ 경박하농ㅋㅋㅋ,0.22671721875667572,0.2690654397010803,0.20264708995819092,0.1164335310459137,0.0916014239192009,0.09353529661893845
2024-03-24 14:44:03,티포시 아재들 싱글벙글ㅋㅋㅋㅋ,ㅋㅋㅋ,After Lap,,티포시 아재들 싱글벙글ㅋㅋㅋㅋ ㅋㅋㅋ,티포시 아재들 싱글벙글ㅋㅋㅋㅋ ㅋㅋㅋ,0.12029337882995605,0.07310864329338074,0.05741871893405914,0.03618546202778816,0.6863793134689331,0.026614468544721603
2024-03-24 14:44:03,엔딩곡 이대로 고정이면 좋겠다,좋네요,After Lap,,엔딩곡 이대로 고정이면 좋겠다 좋네요,엔딩곡 이대로 고정이면 좋겠다 좋네요,0.14994248747825623,0.0736369788646698,0.05418549105525017,0.04259006306529045,0.6455846428871155,0.03406037390232086
2024-03-24 14:44:03,애국가는언제쯤나올수잇을까,살면서 볼수나 잇을까,After Lap,,애국가는언제쯤나올수잇을까 살면서 볼수나 잇을까,애국가는언제쯤나올수잇을까 살면서 볼수나 잇을까,0.2743000090122223,0.22825774550437927,0.09845330566167831,0.10830684006214142,0.18808960914611816,0.10259246826171875
2024-03-24 14:44:04,신곡 ㅋㅋㅋ,"역시 신곡이 좋아 ㅋㅋㅋ
- dc official App",After Lap,,"신곡 ㅋㅋㅋ 역시 신곡이 좋아 ㅋㅋㅋ
- dc official App",신곡 ㅋㅋㅋ 역시 신곡이 좋아 ㅋㅋㅋ,0.12160338461399078,0.058234650641679764,0.05260245129466057,0.04035966098308563,0.7000035047531128,0.02719632349908352
2024-03-24 14:44:05,이거지ㅋㅋ,"캬
Oracle Red Bull Racing RB20",After Lap,,"이거지ㅋㅋ 캬
Oracle Red Bull Racing RB20",이거지ㅋㅋ 캬 Oracle Red Bull Racing RB20,0.11654547601938248,0.07786581665277481,0.0617000013589859,0.03268904983997345,0.686995804309845,0.02420385740697384
2024-03-24 14:44:05,티포시들 집단 희열과 광기 ㅋㅋㅋㅋ,근데 진짜 국가 왤케 흥겹냐 ㅋㅋㅋㅋ,After Lap,,티포시들 집단 희열과 광기 ㅋㅋㅋㅋ 근데 진짜 국가 왤케 흥겹냐 ㅋㅋㅋㅋ,티포시들 집단 희열과 광기 ㅋㅋㅋㅋ 근데 진짜 국가 왤케 흥겹냐 ㅋㅋㅋㅋ,0.14842183887958527,0.09360017627477646,0.07167917490005493,0.0391046367585659,0.6187927722930908,0.028401421383023262
2024-03-24 14:44:07,노래 쥰내 기네 ㅋㅋ,,After Lap,,노래 쥰내 기네 ㅋㅋ ,노래 쥰내 기네 ㅋㅋ,0.1727665215730667,0.1320151835680008,0.05988718941807747,0.030526338145136833,0.565512478351593,0.039292190223932266
2024-03-24 14:44:08,갓동님 이태리어 모르셔서 혼자 가만히 계시네 ㅋㅋㅋㅋ,개웃기네 ㅋㅋ,After Lap,,갓동님 이태리어 모르셔서 혼자 가만히 계시네 ㅋㅋㅋㅋ 개웃기네 ㅋㅋ,갓동님 이태리어 모르셔서 혼자 가만히 계시네 ㅋㅋㅋㅋ 개웃기네 ㅋㅋ,0.25139927864074707,0.21414226293563843,0.10848046094179153,0.04215039312839508,0.3132017254829407,0.070625901222229
2024-03-24 14:44:14,f1국가 입갤 ㅋㅋㅋㅋㅋㅋ,"존나멋지다
- dc official App",After Lap,,"f1국가 입갤 ㅋㅋㅋㅋㅋㅋ 존나멋지다
- dc official App",f1국가 입갤 ㅋㅋㅋㅋㅋㅋ 존나멋지다,0.1536119282245636,0.10830186307430267,0.06410232186317444,0.035595785826444626,0.5975720286369324,0.04081607609987259
2024-03-24 14:44:15,메르 마지막 컨챔 5위,2012 브라질 그랑프리,After Lap,,메르 마지막 컨챔 5위 2012 브라질 그랑프리,메르 마지막 컨챔 5위 2012 브라질 그랑프리,0.16290979087352753,0.1222853735089302,0.06586360186338425,0.04178057238459587,0.5741208791732788,0.03303978964686394
2024-03-24 14:44:18,노래 싱글벙글하네ㅋㅋㅋㅋ,,After Lap,,노래 싱글벙글하네ㅋㅋㅋㅋ ,노래 싱글벙글하네ㅋㅋㅋㅋ,0.11640847474336624,0.06980863958597183,0.05594084784388542,0.039339330047369,0.6912705302238464,0.027232181280851364
2024-03-24 14:44:26,오늘도 기록 갱신,210경기 연속 노포디움,After Lap,,오늘도 기록 갱신 210경기 연속 노포디움,오늘도 기록 갱신 210경기 연속 노포디움,0.31513309478759766,0.15981358289718628,0.13650910556316376,0.10993983596563339,0.20288047194480896,0.07572395354509354
2024-03-24 14:44:26,오스트리아는 어케 국가도 이태리보다 노잼이노 ㅋㅋㅋㅋ,그저 대라리 ㅌㅋㅋㅋㅋㅋㅋㅋ,After Lap,,오스트리아는 어케 국가도 이태리보다 노잼이노 ㅋㅋㅋㅋ 그저 대라리 ㅌㅋㅋㅋㅋㅋㅋㅋ,오스트리아는 어케 국가도 이태리보다 노잼이노 ㅋㅋㅋㅋ 그저 대라리 ㅌㅋㅋㅋㅋㅋㅋㅋ,0.3088548481464386,0.1713264137506485,0.1883058100938797,0.13259820640087128,0.11649557948112488,0.08241917192935944
2024-03-24 14:44:28,이 모습이 사무치게 그리웠던 티포시면 개추해볼까?,"갓라리 원투
진짜 얼마만이냐..",After Lap,,"이 모습이 사무치게 그리웠던 티포시면 개추해볼까? 갓라리 원투
진짜 얼마만이냐..",이 모습이 사무치게 그리웠던 티포시면 개추해볼까? 갓라리 원투 진짜 얼마만이냐..,0.1536405086517334,0.10018739849328995,0.06156425178050995,0.042690910398960114,0.5925418734550476,0.04937504976987839
2024-03-24 14:44:30,이탈리아 국가는 길게 안느껴짐 ㄹㅇ ㅋㅋㅋ,- dc official App,After Lap,,이탈리아 국가는 길게 안느껴짐 ㄹㅇ ㅋㅋㅋ - dc official App,이탈리아 국가는 길게 안느껴짐 ㄹㅇ ㅋㅋㅋ - dc official App,0.35466450452804565,0.19968298077583313,0.10421734303236008,0.07401912659406662,0.20038142800331116,0.06703463196754456
2024-03-24 14:44:33,"네덜란드, 오스트리아, 독일, 영국 국가 아니라서 좋다","새롭네
- dc official App",After Lap,,"네덜란드, 오스트리아, 독일, 영국 국가 아니라서 좋다 새롭네
- dc official App","네덜란드, 오스트리아, 독일, 영국 국가 아니라서 좋다 새롭네",0.180162712931633,0.10521471500396729,0.0598268061876297,0.047350428998470306,0.5692930817604065,0.038152243942022324
2024-03-24 14:44:35,뭔 축구 트로피 들듯이 드노 ㅋㅋㅋ,,After Lap,,뭔 축구 트로피 들듯이 드노 ㅋㅋㅋ ,뭔 축구 트로피 들듯이 드노 ㅋㅋㅋ,0.24527528882026672,0.2889859080314636,0.1459973007440567,0.06061800569295883,0.16003108024597168,0.09909240156412125
2024-03-24 14:44:37,이태리 <-- 얘네는 왜 국가도 흥겨움?,"ㅋㅋ
- dc official App",After Lap,,"이태리 <-- 얘네는 왜 국가도 흥겨움? ㅋㅋ
- dc official App",이태리 <-- 얘네는 왜 국가도 흥겨움? ㅋㅋ,0.20236526429653168,0.16066886484622955,0.07686338573694229,0.03452780470252037,0.47453105449676514,0.05104365944862366
2024-03-24 14:44:41,잭 브라밤 ㅋㅋㅋ,- dc official App,After Lap,,잭 브라밤 ㅋㅋㅋ - dc official App,잭 브라밤 ㅋㅋㅋ - dc official App,0.11626717448234558,0.09154409915208817,0.0612533763051033,0.032395053654909134,0.6742229461669922,0.024317331612110138
2024-03-24 14:44:41,지는거에요?,,After Lap,,지는거에요? ,지는거에요?,0.2466590404510498,0.3111185133457184,0.12787601351737976,0.1014498695731163,0.08832105249166489,0.12457555532455444
2024-03-24 14:44:43,얘들아 우리도 축하해줘,우리 더블포인트야~,After Lap,,얘들아 우리도 축하해줘 우리 더블포인트야~,얘들아 우리도 축하해줘 우리 더블포인트야~,0.12846739590168,0.07033263146877289,0.05967627093195915,0.04624996706843376,0.6596277356147766,0.03564602881669998
2024-03-24 14:44:41,이탈리아 국가 존나 신나네,부르는 재미 지리겠네,After Lap,,이탈리아 국가 존나 신나네 부르는 재미 지리겠네,이탈리아 국가 존나 신나네 부르는 재미 지리겠네,0.13012062013149261,0.08728507161140442,0.06349920481443405,0.033601466566324234,0.6585654616355896,0.026928219944238663
2024-03-24 14:44:44,와 방금 졸라 어색했다,레솔솔라시도라시 왜 안나옴?,After Lap,,와 방금 졸라 어색했다 레솔솔라시도라시 왜 안나옴?,와 방금 졸라 어색했다 레솔솔라시도라시 왜 안나옴?,0.2856646478176117,0.29693832993507385,0.12965859472751617,0.07570483535528183,0.11651325970888138,0.09552036970853806
2024-03-24 14:44:45,막스 새끼 깝치더니 꼴 좋다,"3회 월챔이면 어쩔껀데 ㅋㅋㅋㅋ
그래봤자 한낱 월챔인 ""인간""일 뿐인데 무관의 ""신"" 앞에서 깝친게 ㅈㄴ 맘에 안들었음
내 앞에선 새발의 피임
- dc official App",After Lap,,"막스 새끼 깝치더니 꼴 좋다 3회 월챔이면 어쩔껀데 ㅋㅋㅋㅋ
그래봤자 한낱 월챔인 ""인간""일 뿐인데 무관의 ""신"" 앞에서 깝친게 ㅈㄴ 맘에 안들었음
내 앞에선 새발의 피임
- dc official App","막스 새끼 깝치더니 꼴 좋다 3회 월챔이면 어쩔껀데 ㅋㅋㅋㅋ 그래봤자 한낱 월챔인 ""인간""일 뿐인데 무관의 ""신"" 앞에서 깝친게 ㅈㄴ 맘에 안들었음 내 앞에선 새발의 피임",0.18138942122459412,0.1996239423751831,0.29983648657798767,0.13620665669441223,0.10047485679388046,0.08246862888336182
2024-03-24 14:44:51,영정사진.jpg,"드라이버, 차량 둘다 뒤짐",After Lap,,"영정사진.jpg 드라이버, 차량 둘다 뒤짐","영정사진.jpg 드라이버, 차량 둘다 뒤짐",0.2576376497745514,0.2222001552581787,0.17710275948047638,0.12140648812055588,0.12145325541496277,0.10019965469837189
2024-03-24 14:44:52,와 눈나..,ㅇㅇ,After Lap,,와 눈나.. ㅇㅇ,와 눈나.. ㅇㅇ,0.14721690118312836,0.10068715363740921,0.05348197743296623,0.03428583964705467,0.624480128288269,0.03984799236059189
2024-03-24 14:44:53,페라리에 묻힌 이분들도 챙기자,"고생 많으셨습니다
- dc official App",After Lap,,"페라리에 묻힌 이분들도 챙기자 고생 많으셨습니다
- dc official App",페라리에 묻힌 이분들도 챙기자 고생 많으셨습니다,0.19954130053520203,0.1701970249414444,0.09619848430156708,0.12045275419950485,0.32796725630760193,0.08564314246177673
2024-03-24 14:45:00,(경)   아스톤말은 컨챔 4위   (축),영길리 컷 ㅋㅋㅋㅋㅋㅋㅋ,After Lap,,(경)   아스톤말은 컨챔 4위   (축) 영길리 컷 ㅋㅋㅋㅋㅋㅋㅋ,(경) 아스톤말은 컨챔 4위 (축) 영길리 컷 ㅋㅋㅋㅋㅋㅋㅋ,0.11205019801855087,0.0688687413930893,0.05356886237859726,0.03348429501056671,0.7053862810134888,0.026641609147191048
2024-03-24 14:45:14,웨버 ㅋㅋㅋㅋㅋㅋㅋㅋ,ㅋㅋㅋㅋㅋㅋㅋㅋ,After Lap,,웨버 ㅋㅋㅋㅋㅋㅋㅋㅋ ㅋㅋㅋㅋㅋㅋㅋㅋ,웨버 ㅋㅋㅋㅋㅋㅋㅋㅋ ㅋㅋㅋㅋㅋㅋㅋㅋ,0.12216834723949432,0.07351791113615036,0.06318380683660507,0.03405841067433357,0.6846632957458496,0.022408144548535347
2024-03-24 14:45:22,나 물탕견인데 이새끼 버리고 황라리 빨아도 되냐?,근본 존나 멋있네 씨발 낭만봐 개씨발멋지다,After Lap,,나 물탕견인데 이새끼 버리고 황라리 빨아도 되냐? 근본 존나 멋있네 씨발 낭만봐 개씨발멋지다,나 물탕견인데 이새끼 버리고 황라리 빨아도 되냐? 근본 존나 멋있네 씨발 낭만봐 개씨발멋지다,0.16688142716884613,0.22133095562458038,0.17813189327716827,0.09219342470169067,0.21436214447021484,0.1271001100540161
2024-03-24 14:45:33,레드불견인데 이탈리아 국가 들으면 좋음ㅋㅋㅋ,신남ㅋㅋㅋ,After Lap,,레드불견인데 이탈리아 국가 들으면 좋음ㅋㅋㅋ 신남ㅋㅋㅋ,레드불견인데 이탈리아 국가 들으면 좋음ㅋㅋㅋ 신남ㅋㅋㅋ,0.11070753633975983,0.06337183713912964,0.05581686273217201,0.03740718588232994,0.7085397243499756,0.02415676787495613
2024-03-24 14:45:38,무관 1위ㅋㅋㅋㅋㅋㅋㅋㅋ,,After Lap,,무관 1위ㅋㅋㅋㅋㅋㅋㅋㅋ ,무관 1위ㅋㅋㅋㅋㅋㅋㅋㅋ,0.21878552436828613,0.19276361167430878,0.10736362636089325,0.04337730631232262,0.38541531562805176,0.05229468271136284
2024-03-24 14:45:41,감독 존나 귀엽,ㅜㅜ,After Lap,,감독 존나 귀엽 ㅜㅜ,감독 존나 귀엽 ㅜㅜ,0.18746037781238556,0.13333813846111298,0.07771056890487671,0.04905202239751816,0.5014365911483765,0.05100226402282715
2024-03-24 14:45:42,무리스 ㅋㅋㅋㅋ,,After Lap,,무리스 ㅋㅋㅋㅋ ,무리스 ㅋㅋㅋㅋ,0.30327364802360535,0.1691150665283203,0.11917520314455032,0.06596226990222931,0.2880663573741913,0.05440737307071686
2024-03-24 14:45:42,우승은 확실히 가끔해야 감동이 있다,"첫우승의 미친듯이 기뻐하는 모습이 가장 감동이지만
강점기 메르나 레드불같이 시큰둥한 우승보단
확실히 이런 우승이 더 감동이 있긴해",After Lap,,"우승은 확실히 가끔해야 감동이 있다 첫우승의 미친듯이 기뻐하는 모습이 가장 감동이지만
강점기 메르나 레드불같이 시큰둥한 우승보단
확실히 이런 우승이 더 감동이 있긴해",우승은 확실히 가끔해야 감동이 있다 첫우승의 미친듯이 기뻐하는 모습이 가장 감동이지만 강점기 메르나 레드불같이 시큰둥한 우승보단 확실히 이런 우승이 더 감동이 있긴해,0.2187071442604065,0.11444356292486191,0.07646679878234863,0.06809144467115402,0.4589661657810211,0.06332487612962723
2024-03-24 14:45:45,스카이라이프 안테나를 주노?!,"??
- dc official App",After Lap,,"스카이라이프 안테나를 주노?! ??
- dc official App",스카이라이프 안테나를 주노?! ??,0.26826122403144836,0.30175724625587463,0.10766914486885071,0.07338955253362656,0.1542888730764389,0.09463393688201904
2024-03-24 14:45:47,무관 1위 언제 깨냐,,After Lap,,무관 1위 언제 깨냐 ,무관 1위 언제 깨냐,0.29304295778274536,0.2671646475791931,0.11673813313245773,0.1163647323846817,0.11655375361442566,0.09013578295707703
2024-03-24 14:45:48,무관 1위ㅋㅋㅋㅋㅋㅋㅋㅋ,,After Lap,,무관 1위ㅋㅋㅋㅋㅋㅋㅋㅋ ,무관 1위ㅋㅋㅋㅋㅋㅋㅋㅋ,0.21878552436828613,0.19276361167430878,0.10736362636089325,0.04337730631232262,0.38541531562805176,0.05229468271136284
2024-03-24 14:46:00,무관 포티움 1위 ㅋㅋㅋㅋㅋㅋㅋㅋㅋ,좀 해보자 랜도야,After Lap,,무관 포티움 1위 ㅋㅋㅋㅋㅋㅋㅋㅋㅋ 좀 해보자 랜도야,무관 포티움 1위 ㅋㅋㅋㅋㅋㅋㅋㅋㅋ 좀 해보자 랜도야,0.12861353158950806,0.08326856046915054,0.05855865031480789,0.03881540894508362,0.6568138003349304,0.03393002226948738
2024-03-24 14:46:04,노리스 역대 무관 최다 포디엄 ㅋㅋㅋㅋㅋㅋㅋ,아이고 무관아...,After Lap,,노리스 역대 무관 최다 포디엄 ㅋㅋㅋㅋㅋㅋㅋ 아이고 무관아...,노리스 역대 무관 최다 포디엄 ㅋㅋㅋㅋㅋㅋㅋ 아이고 무관아...,0.28697633743286133,0.19200707972049713,0.1054566502571106,0.05319094657897949,0.2850591540336609,0.07730983197689056
2024-03-24 14:46:04,이게 ㅜ머여 페라리 원투?,ㅋㅋㅋ,After Lap,,이게 ㅜ머여 페라리 원투? ㅋㅋㅋ,이게 ㅜ머여 페라리 원투? ㅋㅋㅋ,0.315522700548172,0.2531270682811737,0.11594074964523315,0.06819209456443787,0.13177387416362762,0.11544351279735565
2024-03-24 14:46:03,진짜 원투 피니쉬 눈물나네,,After Lap,,진짜 원투 피니쉬 눈물나네 ,진짜 원투 피니쉬 눈물나네,0.20940658450126648,0.12691572308540344,0.1012304276227951,0.10733349621295929,0.40018415451049805,0.054929737001657486
2024-03-24 14:46:08,수술하고 술먹으면 안된다 인스야,- dc official App,After Lap,,수술하고 술먹으면 안된다 인스야 - dc official App,수술하고 술먹으면 안된다 인스야 - dc official App,0.2681915760040283,0.29125046730041504,0.09640266746282578,0.08674903213977814,0.1676500141620636,0.08975618332624435
2024-03-24 14:46:13,역시 짜친 로즈워터보단 샴페인이지,거품양부터 다르네 ㅋㅋ,After Lap,,역시 짜친 로즈워터보단 샴페인이지 거품양부터 다르네 ㅋㅋ,역시 짜친 로즈워터보단 샴페인이지 거품양부터 다르네 ㅋㅋ,0.2041759192943573,0.19166341423988342,0.0854288637638092,0.049761686474084854,0.3972623646259308,0.07170778512954712
2024-03-24 14:46:15,무관기운,,After Lap,,무관기운 ,무관기운,0.1633494645357132,0.08567316830158234,0.06329631060361862,0.044963426887989044,0.6085023880004883,0.03421522676944733
2024-03-24 14:46:22,노리스 손흥민 역대 1위 ㅋㅋㅋ,ㅋㅋㅋㅋㅋ,After Lap,,노리스 손흥민 역대 1위 ㅋㅋㅋ ㅋㅋㅋㅋㅋ,노리스 손흥민 역대 1위 ㅋㅋㅋ ㅋㅋㅋㅋㅋ,0.12985478341579437,0.07247741520404816,0.05562178045511246,0.03411860018968582,0.6800317168235779,0.027895765379071236
2024-03-24 14:46:25,페라리 맥시멈 포인트 실화냐 ㅋㅋ,미쳐타 ㅋㅋㅋㅋ,After Lap,,페라리 맥시멈 포인트 실화냐 ㅋㅋ 미쳐타 ㅋㅋㅋㅋ,페라리 맥시멈 포인트 실화냐 ㅋㅋ 미쳐타 ㅋㅋㅋㅋ,0.16505904495716095,0.1485908478498459,0.06958481669425964,0.033293988555669785,0.5424256920814514,0.04104561731219292
2024-03-24 14:46:24,"페라리, 호주 그랑프리 최다 우승 기록 타이","원래 맥라렌이 11경기로 최다였으나
페라리가 타이 기록을 세우게 됨",After Lap,,"페라리, 호주 그랑프리 최다 우승 기록 타이 원래 맥라렌이 11경기로 최다였으나
페라리가 타이 기록을 세우게 됨","페라리, 호주 그랑프리 최다 우승 기록 타이 원래 맥라렌이 11경기로 최다였으나 페라리가 타이 기록을 세우게 됨",0.20268024504184723,0.22217904031276703,0.08286549896001816,0.04105241224169731,0.38482585549354553,0.06639689207077026
2024-03-24 14:46:26,맹장없이 샴페인 마셔도 되냐,"어어 먹진마라
- dc official App",After Lap,,"맹장없이 샴페인 마셔도 되냐 어어 먹진마라
- dc official App",맹장없이 샴페인 마셔도 되냐 어어 먹진마라,0.23247696459293365,0.32510578632354736,0.12280920147895813,0.09205223619937897,0.10306234657764435,0.12449345737695694
2024-03-24 14:46:35,속보) 막스 베르스타펜 잔여 시즌 결장 예정,요스가 브레이크 문제 하나 극복 못 하냐며 자기 아들은 이렇지 않다고 막스를 폭행하고 있는 것으로 알려져,After Lap,,속보) 막스 베르스타펜 잔여 시즌 결장 예정 요스가 브레이크 문제 하나 극복 못 하냐며 자기 아들은 이렇지 않다고 막스를 폭행하고 있는 것으로 알려져,속보) 막스 베르스타펜 잔여 시즌 결장 예정 요스가 브레이크 문제 하나 극복 못 하냐며 자기 아들은 이렇지 않다고 막스를 폭행하고 있는 것으로 알려져,0.2555070221424103,0.2710171639919281,0.13748237490653992,0.11712782829999924,0.09162911027669907,0.127236470580101
2024-03-24 14:46:38,일본은 몇시에 함?,- dc official App,After Lap,,일본은 몇시에 함? - dc official App,일본은 몇시에 함? - dc official App,0.21466763317584991,0.3027493357658386,0.0883389562368393,0.05258551239967346,0.27485373616218567,0.06680480390787125
2024-03-24 14:46:39,아니 왜 벌써 스즈카?,가을에 좀 해줘...,After Lap,,아니 왜 벌써 스즈카? 가을에 좀 해줘...,아니 왜 벌써 스즈카? 가을에 좀 해줘...,0.3263612687587738,0.13181549310684204,0.1267571747303009,0.16698682308197021,0.18267419934272766,0.0654049962759018
2024-03-24 14:46:46,님들 뉴비인데 이게 무슨뜻인가요?,DNF?? 던전앤파이터 광고인가요??? ㅋ,After Lap,,님들 뉴비인데 이게 무슨뜻인가요? DNF?? 던전앤파이터 광고인가요??? ㅋ,님들 뉴비인데 이게 무슨뜻인가요? DNF?? 던전앤파이터 광고인가요??? ㅋ,0.2312883585691452,0.3164829611778259,0.0904642641544342,0.0548526793718338,0.22562158107757568,0.08129017800092697
2024-03-24 14:46:52,점마 지금 술 마실수 잇노 ? ㅇ,ㅇ?,After Lap,,점마 지금 술 마실수 잇노 ? ㅇ ㅇ?,점마 지금 술 마실수 잇노 ? ㅇ ㅇ?,0.21553969383239746,0.32105085253715515,0.11076773703098297,0.055595774203538895,0.16042500734329224,0.1366209238767624
2024-03-24 14:46:56,오늘 페라리가 원투피니시 가능했던 이유.jpg,"당신의 28년간의 페라리에서의 헌신이 오늘날의 페라리를 만들었습니다.
오늘 같은날 당신이 더욱 생각납니다.. ㅠㅠ",After Lap,,"오늘 페라리가 원투피니시 가능했던 이유.jpg 당신의 28년간의 페라리에서의 헌신이 오늘날의 페라리를 만들었습니다.
오늘 같은날 당신이 더욱 생각납니다.. ㅠㅠ",오늘 페라리가 원투피니시 가능했던 이유.jpg 당신의 28년간의 페라리에서의 헌신이 오늘날의 페라리를 만들었습니다. 오늘 같은날 당신이 더욱 생각납니다.. ㅠㅠ,0.18881158530712128,0.11081285029649734,0.08576521277427673,0.11183329671621323,0.44036176800727844,0.06241529807448387
2024-03-24 14:46:57,"다음 서킷 몽골 리타기원,",ㄹ,After Lap,,"다음 서킷 몽골 리타기원, ㄹ","다음 서킷 몽골 리타기원, ㄹ",0.16211794316768646,0.1249261423945427,0.07617620378732681,0.042462307959795,0.5557944178581238,0.038522958755493164
2024-03-24 14:46:59,사실 모두가 티포시다.,부끄러워서 말 못했을뿐.,After Lap,,사실 모두가 티포시다. 부끄러워서 말 못했을뿐.,사실 모두가 티포시다. 부끄러워서 말 못했을뿐.,0.3354787230491638,0.1873864233493805,0.12831206619739532,0.15308554470539093,0.10257431119680405,0.09316296130418777
2024-03-24 14:46:59,트로피 알록달록 해졌노 ㅋㅋ,,After Lap,,트로피 알록달록 해졌노 ㅋㅋ ,트로피 알록달록 해졌노 ㅋㅋ,0.13603831827640533,0.0922403484582901,0.057582687586545944,0.03789143264293671,0.6428720951080322,0.033375103026628494
2024-03-24 14:46:57,레드불 페라리 현재 챔피언십 격차,"레드불과 페라리 4점 차이
막스랑 르클레르
막스랑 사인츠
각각 4점, 11점 차이
- dc official App",After Lap,,"레드불 페라리 현재 챔피언십 격차 레드불과 페라리 4점 차이
막스랑 르클레르
막스랑 사인츠
각각 4점, 11점 차이
- dc official App","레드불 페라리 현재 챔피언십 격차 레드불과 페라리 4점 차이 막스랑 르클레르 막스랑 사인츠 각각 4점, 11점 차이",0.24853314459323883,0.2961796522140503,0.1047828420996666,0.06840378791093826,0.2211330085992813,0.060967568308115005
2024-03-24 14:47:07,트로피에색종이붙은거개웃기네,ㅋㅋㅋㅋㅋㅋㅋㅋ,After Lap,,트로피에색종이붙은거개웃기네 ㅋㅋㅋㅋㅋㅋㅋㅋ,트로피에색종이붙은거개웃기네 ㅋㅋㅋㅋㅋㅋㅋㅋ,0.19818446040153503,0.1546599566936493,0.08491019159555435,0.03934844583272934,0.484516978263855,0.03838000446557999
2024-03-24 14:47:24,무관중에 최강 노리스 ㅋㅋㅋㅋㅋㅋㅋ,ㅋㅋㅋㅋ,After Lap,,무관중에 최강 노리스 ㅋㅋㅋㅋㅋㅋㅋ ㅋㅋㅋㅋ,무관중에 최강 노리스 ㅋㅋㅋㅋㅋㅋㅋ ㅋㅋㅋㅋ,0.1198921650648117,0.06503570824861526,0.060670703649520874,0.034240394830703735,0.6970553398132324,0.023105591535568237
2024-03-24 14:47:24,속보)막스 맹장수술 예약 중,,After Lap,,속보)막스 맹장수술 예약 중 ,속보)막스 맹장수술 예약 중,0.2109391689300537,0.20477209985256195,0.08412131667137146,0.05660994350910187,0.3794358968734741,0.06412164866924286
2024-03-24 14:47:35,르끌 사인츠 갈드컵 다 좆까고,"황라리 원투 피니시 해서 기분좋으면 개추ㅋㅋ
- dc official App",After Lap,,"르끌 사인츠 갈드컵 다 좆까고 황라리 원투 피니시 해서 기분좋으면 개추ㅋㅋ
- dc official App",르끌 사인츠 갈드컵 다 좆까고 황라리 원투 피니시 해서 기분좋으면 개추ㅋㅋ,0.1221921443939209,0.06982934474945068,0.09883430600166321,0.05081663653254509,0.6268793344497681,0.03144817799329758
2024-03-24 14:47:38,이제보니 틀린말 안한 새끼......,규정을 잘못이해하고 처참한 성능을 내는 차를 만든 새끼....,After Lap,,이제보니 틀린말 안한 새끼...... 규정을 잘못이해하고 처참한 성능을 내는 차를 만든 새끼....,이제보니 틀린말 안한 새끼...... 규정을 잘못이해하고 처참한 성능을 내는 차를 만든 새끼....,0.20572447776794434,0.25680968165397644,0.22675828635692596,0.16705480217933655,0.06032979115843773,0.08332294970750809
2024-03-24 14:47:39,피는 빨갛다,모든 F1 팬들의 혈관에는 페라리가 흐른다,After Lap,,피는 빨갛다 모든 F1 팬들의 혈관에는 페라리가 흐른다,피는 빨갛다 모든 F1 팬들의 혈관에는 페라리가 흐른다,0.174098402261734,0.1619366556406021,0.08570827543735504,0.06785301119089127,0.43904751539230347,0.07135608792304993
2024-03-24 14:47:36,오늘 진짜 상중하위권 다 재밌었다,"상위권은 맥스광탈 후 페페맥맥 1234대전
중위권은 해물탕의 엔짐퍼짐과 국왕과 쥬지의 대굘중 쥬지의 자폭쇼
하위권은 8노다와 하스의 더블포인트
지하아래 최하위권은...음... 자우버의 고속도로쉼터..",After Lap,,"오늘 진짜 상중하위권 다 재밌었다 상위권은 맥스광탈 후 페페맥맥 1234대전
중위권은 해물탕의 엔짐퍼짐과 국왕과 쥬지의 대굘중 쥬지의 자폭쇼
하위권은 8노다와 하스의 더블포인트
지하아래 최하위권은...음... 자우버의 고속도로쉼터..",오늘 진짜 상중하위권 다 재밌었다 상위권은 맥스광탈 후 페페맥맥 1234대전 중위권은 해물탕의 엔짐퍼짐과 국왕과 쥬지의 대굘중 쥬지의 자폭쇼 하위권은 8노다와 하스의 더블포인트 지하아래 최하위권은...음... 자우버의 고속도로쉼터..,0.23640894889831543,0.0974825769662857,0.11694121360778809,0.08284878730773926,0.4204496443271637,0.04586878418922424
2024-03-24 14:47:46,사인츠는 좀 잘됬으면 좋겠음,"잘해도 르끌에비해 평가절하되는 면이 있어서
걍 좀 존나 잘해줬으면 좋겠다
특히 이번 시즌 확 잘해서 이탈리아놈들 좀 아까워했으면 좋겠네",After Lap,,"사인츠는 좀 잘됬으면 좋겠음 잘해도 르끌에비해 평가절하되는 면이 있어서
걍 좀 존나 잘해줬으면 좋겠다
특히 이번 시즌 확 잘해서 이탈리아놈들 좀 아까워했으면 좋겠네",사인츠는 좀 잘됬으면 좋겠음 잘해도 르끌에비해 평가절하되는 면이 있어서 걍 좀 존나 잘해줬으면 좋겠다 특히 이번 시즌 확 잘해서 이탈리아놈들 좀 아까워했으면 좋겠네,0.22733038663864136,0.2026548534631729,0.10657519102096558,0.10991171002388,0.23515966534614563,0.11836828291416168
2024-03-24 14:47:58,"속보) 스쿠데리아 페라리, 루이스 해밀턴과 계약 파기",,After Lap,,"속보) 스쿠데리아 페라리, 루이스 해밀턴과 계약 파기 ","속보) 스쿠데리아 페라리, 루이스 해밀턴과 계약 파기",0.25735577940940857,0.30136850476264954,0.12607094645500183,0.1067659929394722,0.11315961182117462,0.09527915716171265
2024-03-24 14:48:00,아니 근데 노리스 차에 술 다들어갔겠네 ㅋㅋ,그 위에서 샴페인 뿌렸네 ㅋㅋㅋ,After Lap,,아니 근데 노리스 차에 술 다들어갔겠네 ㅋㅋ 그 위에서 샴페인 뿌렸네 ㅋㅋㅋ,아니 근데 노리스 차에 술 다들어갔겠네 ㅋㅋ 그 위에서 샴페인 뿌렸네 ㅋㅋㅋ,0.21847954392433167,0.25080057978630066,0.1394582986831665,0.055053483694791794,0.2359902709722519,0.10021782666444778
2024-03-24 14:48:03,어게인 22 ㅋㅋㅋㅋ,와앙,After Lap,,어게인 22 ㅋㅋㅋㅋ 와앙,어게인 22 ㅋㅋㅋㅋ 와앙,0.12215118855237961,0.07242921739816666,0.05244673788547516,0.03529271483421326,0.6930855512619019,0.0245945006608963
2024-03-24 14:48:07,웅남이 ㅋㅋㅋㅋ,,After Lap,,웅남이 ㅋㅋㅋㅋ ,웅남이 ㅋㅋㅋㅋ,0.12906137108802795,0.08219090849161148,0.05779273435473442,0.0353139266371727,0.6659539341926575,0.02968708984553814
2024-03-24 14:48:14,이거 레드불 페라리 컨챔 볼 수 있는거냐?,뉴비도 드디어 21시즌의 그 맛을 느낄 수 있는거에요?,After Lap,,이거 레드불 페라리 컨챔 볼 수 있는거냐? 뉴비도 드디어 21시즌의 그 맛을 느낄 수 있는거에요?,이거 레드불 페라리 컨챔 볼 수 있는거냐? 뉴비도 드디어 21시즌의 그 맛을 느낄 수 있는거에요?,0.19227781891822815,0.14377573132514954,0.06205056607723236,0.03672744706273079,0.5163772702217102,0.04879114031791687
2024-03-24 14:48:17,체코 뭐가 문제인지 알겠다,얘는 그냥 순수하게 존나 느림,After Lap,,체코 뭐가 문제인지 알겠다 얘는 그냥 순수하게 존나 느림,체코 뭐가 문제인지 알겠다 얘는 그냥 순수하게 존나 느림,0.2982102334499359,0.22040922939777374,0.16443981230258942,0.1817139834165573,0.06586836278438568,0.06935842335224152
2024-03-24 14:48:24,뉴비인데 웨버는 왜 트로피 받은거임?,ㅇㅇ?,After Lap,,뉴비인데 웨버는 왜 트로피 받은거임? ㅇㅇ?,뉴비인데 웨버는 왜 트로피 받은거임? ㅇㅇ?,0.29136213660240173,0.2927073836326599,0.14286267757415771,0.09371714293956757,0.09140445291996002,0.08794618397951126
2024-03-24 14:48:24,다음 경기 일정 공지에 업로드했습니다,"https://m.dcinside.com/board/formula1/601283
[4라운드] 일본 그랑프리 일정
- F1 마이너 갤러리
FORMULA 1 MSC CRUISES JAPANESE GRAND PRIX 202242024 포뮬러 원 MSC 크루즈 일본 그랑프리2024. 04. 05. ~ 2024. 04. 07.서포트 레이스 : X그랑프리 정보J
m.dcinside.com
2주뒤",After Lap,,"다음 경기 일정 공지에 업로드했습니다 https://m.dcinside.com/board/formula1/601283
[4라운드] 일본 그랑프리 일정
- F1 마이너 갤러리
FORMULA 1 MSC CRUISES JAPANESE GRAND PRIX 202242024 포뮬러 원 MSC 크루즈 일본 그랑프리2024. 04. 05. ~ 2024. 04. 07.서포트 레이스 : X그랑프리 정보J
m.dcinside.com
2주뒤",다음 경기 일정 공지에 업로드했습니다 [4라운드] 일본 그랑프리 일정 - F1 마이너 갤러리 FORMULA 1 MSC CRUISES JAPANESE GRAND PRIX 202242024 포뮬러 원 MSC 크루즈 일본 그랑프리2024. 04. 05. ~ 2024. 04. 07.서포트 레이스 : X그랑프리 정보J m.dcinside.com 2주뒤,0.1944258064031601,0.20676356554031372,0.09375850856304169,0.05583341792225838,0.41285964846611023,0.03635913506150246
2024-03-24 14:48:31,사전트는 더보기더보기리그네 ㅋㅋㅋㅋㅋ,두번 눌러야하네 십 ㅋㅋㅋㅋㅋ,After Lap,,사전트는 더보기더보기리그네 ㅋㅋㅋㅋㅋ 두번 눌러야하네 십 ㅋㅋㅋㅋㅋ,사전트는 더보기더보기리그네 ㅋㅋㅋㅋㅋ 두번 눌러야하네 십 ㅋㅋㅋㅋㅋ,0.3438509404659271,0.13788017630577087,0.1810670793056488,0.1358451545238495,0.13146767020225525,0.06988899409770966
2024-03-24 14:48:32,노리스 무관goat 등극?,ㅋㅋ,After Lap,,노리스 무관goat 등극? ㅋㅋ,노리스 무관goat 등극? ㅋㅋ,0.1421787142753601,0.12219508737325668,0.06347721815109253,0.029566073790192604,0.6068444848060608,0.035738471895456314
2024-03-24 14:48:28,막스 10연승 2연차 실패 ㅋㅋㅋ,브레이크 자연발화 아직도 어이가 없네 ㅋㅋㅋㅋ,After Lap,,막스 10연승 2연차 실패 ㅋㅋㅋ 브레이크 자연발화 아직도 어이가 없네 ㅋㅋㅋㅋ,막스 10연승 2연차 실패 ㅋㅋㅋ 브레이크 자연발화 아직도 어이가 없네 ㅋㅋㅋㅋ,0.23813185095787048,0.24321764707565308,0.19978109002113342,0.1136622428894043,0.10546939074993134,0.09973783046007156
2024-03-24 14:48:35,드챔도 4포인트 컨챔도 4포인트 차이,"미쳤다 ㅅㅅㅅㅅㅅㅅㅅ
- dc official App",After Lap,,"드챔도 4포인트 컨챔도 4포인트 차이 미쳤다 ㅅㅅㅅㅅㅅㅅㅅ
- dc official App",드챔도 4포인트 컨챔도 4포인트 차이 미쳤다 ㅅㅅㅅㅅㅅㅅㅅ,0.14822949469089508,0.0986393466591835,0.06526493281126022,0.037181686609983444,0.6191423535346985,0.03154220059514046
2024-03-24 14:48:35,4점차이 ㅁㅊㅋㅋㅋㅋㅋ,,After Lap,,4점차이 ㅁㅊㅋㅋㅋㅋㅋ ,4점차이 ㅁㅊㅋㅋㅋㅋㅋ,0.25567111372947693,0.25796884298324585,0.13968253135681152,0.06533914059400558,0.18525050580501556,0.09608785063028336
2024-03-24 14:48:41,F1의 미래,"그저 GOAT
- dc official App",After Lap,,"F1의 미래 그저 GOAT
- dc official App",F1의 미래 그저 GOAT,0.1186051145195961,0.06689159572124481,0.05508239194750786,0.042013272643089294,0.6847962737083435,0.032611310482025146
2024-03-24 14:48:45,메르 애마한테 따였네,,After Lap,,메르 애마한테 따였네 ,메르 애마한테 따였네,0.24107080698013306,0.3264566659927368,0.13557852804660797,0.07938684523105621,0.09808997809886932,0.1194172278046608
2024-03-24 14:48:49,rb 6위 ㄷㄷ,"ㄷㄷ
- dc official App",After Lap,,"rb 6위 ㄷㄷ ㄷㄷ
- dc official App",rb 6위 ㄷㄷ ㄷㄷ,0.2158042937517166,0.33682724833488464,0.11038410663604736,0.04759744182229042,0.1765945702791214,0.11279231309890747
2024-03-24 14:48:58,페라리의 컨챔 도전은 계속됩니다...,"레드불 딱대~~~~
- dc official App",After Lap,,"페라리의 컨챔 도전은 계속됩니다... 레드불 딱대~~~~
- dc official App",페라리의 컨챔 도전은 계속됩니다... 레드불 딱대~~~~,0.12071527540683746,0.08113398402929306,0.06149440258741379,0.03920916095376015,0.6657803654670715,0.03166680037975311
2024-03-24 14:49:01,2주 뒤에 보자 ㅋㅋㅋㅋㅋㅋㅋㅋㅋㅋㅋ,ㅂㅂ2,After Lap,,2주 뒤에 보자 ㅋㅋㅋㅋㅋㅋㅋㅋㅋㅋㅋ ㅂㅂ2,2주 뒤에 보자 ㅋㅋㅋㅋㅋㅋㅋㅋㅋㅋㅋ ㅂㅂ2,0.13716237246990204,0.07996585220098495,0.0852746069431305,0.05195659399032593,0.6099547147750854,0.035685908049345016
2024-03-24 14:49:02,페레즈 모래주머니때문에 컨챔경쟁되냐,드디어 챔경쟁 하냐,After Lap,,페레즈 모래주머니때문에 컨챔경쟁되냐 드디어 챔경쟁 하냐,페레즈 모래주머니때문에 컨챔경쟁되냐 드디어 챔경쟁 하냐,0.23250740766525269,0.3442606031894684,0.13116386532783508,0.06998438388109207,0.10786523669958115,0.11421855539083481
2024-03-24 14:49:08,이번시즌 페라리 기대해도되냐 ?,ㄹㅇ로,After Lap,,이번시즌 페라리 기대해도되냐 ? ㄹㅇ로,이번시즌 페라리 기대해도되냐 ? ㄹㅇ로,0.20619474351406097,0.21811935305595398,0.07895930111408234,0.05401177331805229,0.36650902032852173,0.07620576024055481
2024-03-24 14:49:12,내년 본능의 질주 한편은 이거구만,ㅇ,After Lap,,내년 본능의 질주 한편은 이거구만 ㅇ,내년 본능의 질주 한편은 이거구만 ㅇ,0.15951025485992432,0.11056771129369736,0.0761747807264328,0.04588703438639641,0.573119044303894,0.03474115952849388
2024-03-24 14:49:18,윌리엄스도 병신이네 ㅋㅋㅋㅋ,ㅋㅋㅋㅋㅋ노포로 끝남,After Lap,,윌리엄스도 병신이네 ㅋㅋㅋㅋ ㅋㅋㅋㅋㅋ노포로 끝남,윌리엄스도 병신이네 ㅋㅋㅋㅋ ㅋㅋㅋㅋㅋ노포로 끝남,0.3071311414241791,0.22065985202789307,0.1734674870967865,0.12428417056798935,0.08574933558702469,0.08870801329612732
2024-03-24 14:49:25,쓰로틀 페달 살펴보는 제네럴 알,뭐 들어가서 잘 안눌렸다고 함,After Lap,,쓰로틀 페달 살펴보는 제네럴 알 뭐 들어가서 잘 안눌렸다고 함,쓰로틀 페달 살펴보는 제네럴 알 뭐 들어가서 잘 안눌렸다고 함,0.28305763006210327,0.2881350815296173,0.11538711935281754,0.07957681268453598,0.15957233309745789,0.07427101582288742
2024-03-24 14:49:26,"그래, 또 형이야.",레드불–페라리 컨챔 경쟁은 형한테 달려있어,After Lap,,"그래, 또 형이야. 레드불–페라리 컨챔 경쟁은 형한테 달려있어","그래, 또 형이야. 레드불–페라리 컨챔 경쟁은 형한테 달려있어",0.16947856545448303,0.11937636137008667,0.07454109191894531,0.07247652858495712,0.49981606006622314,0.06431137025356293
2024-03-24 14:49:27,속보) 레드불 개러지 화재,"도대체 아들 막스의 차량 관리를 어떻게 하는거냐며
비기 베네통-파이어를 보이셨다 카더라",After Lap,,"속보) 레드불 개러지 화재 도대체 아들 막스의 차량 관리를 어떻게 하는거냐며
비기 베네통-파이어를 보이셨다 카더라",속보) 레드불 개러지 화재 도대체 아들 막스의 차량 관리를 어떻게 하는거냐며 비기 베네통-파이어를 보이셨다 카더라,0.19753767549991608,0.29175347089767456,0.17956103384494781,0.10670718550682068,0.1014665961265564,0.12297406047582626
2024-03-24 14:49:36,레드불도 경기중에 차 나가리 나면 드라이버 스왑해라,"체코년 뭐하러 태우냐
몽골놈 차 터지면 피트인 해서 서로 바꿔타라",After Lap,,"레드불도 경기중에 차 나가리 나면 드라이버 스왑해라 체코년 뭐하러 태우냐
몽골놈 차 터지면 피트인 해서 서로 바꿔타라",레드불도 경기중에 차 나가리 나면 드라이버 스왑해라 체코년 뭐하러 태우냐 몽골놈 차 터지면 피트인 해서 서로 바꿔타라,0.1818690299987793,0.2555459439754486,0.21611833572387695,0.19167667627334595,0.08988118171691895,0.06490881741046906
2024-03-24 14:49:50,근데 페레스<-얜 머 혼자 작년차타고있음?,머하는 새끼임?,After Lap,,근데 페레스<-얜 머 혼자 작년차타고있음? 머하는 새끼임?,근데 페레스<-얜 머 혼자 작년차타고있음? 머하는 새끼임?,0.21639962494373322,0.30307263135910034,0.18794719874858856,0.10375761985778809,0.09861293435096741,0.0902099683880806
2024-03-24 14:49:50,아유 드디어 2024시즌 시작이구나,이게 엪원이지,After Lap,,아유 드디어 2024시즌 시작이구나 이게 엪원이지,아유 드디어 2024시즌 시작이구나 이게 엪원이지,0.11708611249923706,0.05594079941511154,0.05550273507833481,0.04384513944387436,0.7015802264213562,0.02604503557085991
2024-03-24 14:49:52,대낮에 P2 ㄷㄷ,,After Lap,,대낮에 P2 ㄷㄷ ,대낮에 P2 ㄷㄷ,0.21865513920783997,0.3169595003128052,0.13427984714508057,0.07864750176668167,0.13502518832683563,0.11643283069133759
2024-03-24 14:49:58,오른쪽 남자 머리 하드타이어임?,왜 저럼? 협박당함?,After Lap,,오른쪽 남자 머리 하드타이어임? 왜 저럼? 협박당함?,오른쪽 남자 머리 하드타이어임? 왜 저럼? 협박당함?,0.1994415670633316,0.32909560203552246,0.158906951546669,0.1001320630311966,0.09988944977521896,0.11253438889980316
2024-03-24 14:50:05,좋은 분위기에 초쳐서 미안한데,내년부터는 얘 쓰셔야 해요,After Lap,,좋은 분위기에 초쳐서 미안한데 내년부터는 얘 쓰셔야 해요,좋은 분위기에 초쳐서 미안한데 내년부터는 얘 쓰셔야 해요,0.28894123435020447,0.14576096832752228,0.11143080145120621,0.1599712073802948,0.2005503922700882,0.09334535896778107
2024-03-24 14:50:11,오늘 개꿀잼,호주가 잼있네,After Lap,,오늘 개꿀잼 호주가 잼있네,오늘 개꿀잼 호주가 잼있네,0.11927635967731476,0.06322943419218063,0.05913189426064491,0.0407804399728775,0.6939653754234314,0.023616474121809006
2024-03-24 14:50:13,이제 다 맹장 떼러가는거 아니냐,ㅋㅋ,After Lap,,이제 다 맹장 떼러가는거 아니냐 ㅋㅋ,이제 다 맹장 떼러가는거 아니냐 ㅋㅋ,0.21716180443763733,0.2974052429199219,0.14092090725898743,0.08804119378328323,0.09779658913612366,0.15867425501346588
2024-03-24 14:50:13,일본 직관가는 게이들 많겠네 ㅋㅋ,사진 많이 찍어라.,After Lap,,일본 직관가는 게이들 많겠네 ㅋㅋ 사진 많이 찍어라.,일본 직관가는 게이들 많겠네 ㅋㅋ 사진 많이 찍어라.,0.17975635826587677,0.15335001051425934,0.08207360655069351,0.04101166874170303,0.4812655746936798,0.06254277378320694
2024-03-24 14:50:18,보타스 불러오라니까 ㅋㅋㅋ,북딱스만한 윙맨 없다니까 ㅋㅋㅋ,After Lap,,보타스 불러오라니까 ㅋㅋㅋ 북딱스만한 윙맨 없다니까 ㅋㅋㅋ,보타스 불러오라니까 ㅋㅋㅋ 북딱스만한 윙맨 없다니까 ㅋㅋㅋ,0.1196737065911293,0.07384776324033737,0.06496033072471619,0.03436071798205376,0.6788228154182434,0.028334636241197586
2024-03-24 14:50:25,??: 기껏 차 빌려줬더니만,차 빌렸으면 포인트는 따와야죠,After Lap,,??: 기껏 차 빌려줬더니만 차 빌렸으면 포인트는 따와야죠,??: 기껏 차 빌려줬더니만 차 빌렸으면 포인트는 따와야죠,0.3033553659915924,0.11863109469413757,0.2310841977596283,0.19335712492465973,0.10875789821147919,0.044814277440309525
2024-03-24 14:50:33,북딱스가 진짜 불쌍한데,개병신팀에서 어휴,After Lap,,북딱스가 진짜 불쌍한데 개병신팀에서 어휴,북딱스가 진짜 불쌍한데 개병신팀에서 어휴,0.22669437527656555,0.18260632455348969,0.19121867418289185,0.21234774589538574,0.1064075380563736,0.0807252898812294
2024-03-24 14:50:39,베텔 다시 데려와라,제발,After Lap,,베텔 다시 데려와라 제발,베텔 다시 데려와라 제발,0.2345869541168213,0.12172021716833115,0.18159504234790802,0.19173531234264374,0.20977067947387695,0.0605916790664196
2024-03-24 14:51:09,이 새끼는 그냥 명예 티포시임ㅋㅋㅋㅋ,"어떻게든 페라리랑 컨챔 경쟁 시켜주는 명예 티포시
대 체 코 ㅋㅋㅋㅋㅋㅋㅋㅋㅋㅋㅋㅋㅋㅋㅋ",After Lap,,"이 새끼는 그냥 명예 티포시임ㅋㅋㅋㅋ 어떻게든 페라리랑 컨챔 경쟁 시켜주는 명예 티포시
대 체 코 ㅋㅋㅋㅋㅋㅋㅋㅋㅋㅋㅋㅋㅋㅋㅋ",이 새끼는 그냥 명예 티포시임ㅋㅋㅋㅋ 어떻게든 페라리랑 컨챔 경쟁 시켜주는 명예 티포시 대 체 코 ㅋㅋㅋㅋㅋㅋㅋㅋㅋㅋㅋㅋㅋㅋㅋ,0.20350387692451477,0.24641762673854828,0.2262914925813675,0.09103614091873169,0.13445062935352325,0.09830020368099213
2024-03-24 14:51:13,ㅋㅋㅋㅋㅋㅋㅋㅋㅋㅋㅋ 메르세데스 뵹신들ㅋㅋㅋㅋㅋㅋ,ㅋㅋㅋㅋㅋㅋ,After Lap,,ㅋㅋㅋㅋㅋㅋㅋㅋㅋㅋㅋ 메르세데스 뵹신들ㅋㅋㅋㅋㅋㅋ ㅋㅋㅋㅋㅋㅋ,ㅋㅋㅋㅋㅋㅋㅋㅋㅋㅋㅋ 메르세데스 뵹신들ㅋㅋㅋㅋㅋㅋ ㅋㅋㅋㅋㅋㅋ,0.2004956603050232,0.12328629195690155,0.11441303789615631,0.049978531897068024,0.47439295053482056,0.03743353486061096
2024-03-24 14:51:13,쿠팡 스즈카 현장중계 아님?,"4개는 현장중계 한다고 했는데 ㅋㅋㅋ
- dc official App",After Lap,,"쿠팡 스즈카 현장중계 아님? 4개는 현장중계 한다고 했는데 ㅋㅋㅋ
- dc official App",쿠팡 스즈카 현장중계 아님? 4개는 현장중계 한다고 했는데 ㅋㅋㅋ,0.24114501476287842,0.29156169295310974,0.12126030027866364,0.06502484530210495,0.20470672845840454,0.07630142569541931
2024-03-24 14:51:17,"[속보] 베르스타펜, 일본 그랑프리 결장",수술 후 참가,After Lap,,"[속보] 베르스타펜, 일본 그랑프리 결장 수술 후 참가","[속보] 베르스타펜, 일본 그랑프리 결장 수술 후 참가",0.2304331362247467,0.3203725814819336,0.09173239767551422,0.055720072239637375,0.22092722356319427,0.08081457018852234
2024-03-24 14:51:17,왜 자꾸 2주 간격으로 하냐 ㅡㅡ,빨리빨리 옮기지,After Lap,,왜 자꾸 2주 간격으로 하냐 ㅡㅡ 빨리빨리 옮기지,왜 자꾸 2주 간격으로 하냐 ㅡㅡ 빨리빨리 옮기지,0.28876009583473206,0.1150231808423996,0.22985906898975372,0.2271767109632492,0.09973027557134628,0.03945068642497063
2024-03-24 14:51:19,쥬지는 뭐가 문제냐,미래 월챔이라면서 띄워주더니.. 하시발,After Lap,,쥬지는 뭐가 문제냐 미래 월챔이라면서 띄워주더니.. 하시발,쥬지는 뭐가 문제냐 미래 월챔이라면서 띄워주더니.. 하시발,0.24403804540634155,0.1165504977107048,0.2769068479537964,0.21027736365795135,0.11089523881673813,0.04133198410272598
2024-03-24 14:51:28,메르야.,딱 2천억에 가줄게,After Lap,,메르야. 딱 2천억에 가줄게,메르야. 딱 2천억에 가줄게,0.1676761507987976,0.12154737859964371,0.09703312069177628,0.08600590378046036,0.46429094672203064,0.06344648450613022
2024-03-24 14:51:28,이때가 기회다 메르,철수할 기회,After Lap,,이때가 기회다 메르 철수할 기회,이때가 기회다 메르 철수할 기회,0.27039697766304016,0.20782768726348877,0.11925698816776276,0.15855249762535095,0.16597893834114075,0.07798692584037781
2024-03-24 14:51:29,한국 서킷 ㅇㄷ?,?,After Lap,,한국 서킷 ㅇㄷ? ?,한국 서킷 ㅇㄷ? ?,0.21070396900177002,0.26394733786582947,0.08224666863679886,0.04656402766704559,0.33112621307373047,0.06541179120540619
2024-03-24 14:51:29,스즈카는 직접가서 안해줌?,,After Lap,,스즈카는 직접가서 안해줌? ,스즈카는 직접가서 안해줌?,0.31116846203804016,0.226554736495018,0.13298571109771729,0.17064397037029266,0.10672257840633392,0.051924511790275574
2024-03-24 14:51:30,현장 리포팅 ㅋㅋㅋㅋ,,After Lap,,현장 리포팅 ㅋㅋㅋㅋ ,현장 리포팅 ㅋㅋㅋㅋ,0.10499235987663269,0.06967592239379883,0.05216671898961067,0.03297600895166397,0.7163128852844238,0.023876026272773743
2024-03-24 14:51:31,그거 아시나요??,"막스는 10연속우승을 사인츠에게 2연속으로 따여버렸습니다
아 그저…..
대 인 츠
- dc official App",After Lap,,"그거 아시나요?? 막스는 10연속우승을 사인츠에게 2연속으로 따여버렸습니다
아 그저…..
대 인 츠
- dc official App",그거 아시나요?? 막스는 10연속우승을 사인츠에게 2연속으로 따여버렸습니다 아 그저….. 대 인 츠,0.26727715134620667,0.20957961678504944,0.17292533814907074,0.12038338929414749,0.09543204307556152,0.13440246880054474
2024-03-24 14:51:31,스즈카 buzzin 코너 아직 있으려나?,"작년에 베텔이 만든거
- dc official App",After Lap,,"스즈카 buzzin 코너 아직 있으려나? 작년에 베텔이 만든거
- dc official App",스즈카 buzzin 코너 아직 있으려나? 작년에 베텔이 만든거,0.21828077733516693,0.27480822801589966,0.08380874246358871,0.04997572675347328,0.30475419759750366,0.06837233155965805
2024-03-24 14:51:36,직관 가는 사람 있냐? ㅋㅋㅋㅋㅋ,,After Lap,,직관 가는 사람 있냐? ㅋㅋㅋㅋㅋ ,직관 가는 사람 있냐? ㅋㅋㅋㅋㅋ,0.24982449412345886,0.29749295115470886,0.1313798427581787,0.07693357020616531,0.14301744103431702,0.10135170817375183
2024-03-24 14:51:37,캬 시간대 섹스ㅋㅋㅋ,,After Lap,,캬 시간대 섹스ㅋㅋㅋ ,캬 시간대 섹스ㅋㅋㅋ,0.13088993728160858,0.10478433221578598,0.0665711909532547,0.031172750517725945,0.6360618472099304,0.030519969761371613
2024-03-24 14:51:37,현장리포팅 대황팡 캬,.,After Lap,,현장리포팅 대황팡 캬 .,현장리포팅 대황팡 캬 .,0.12168412655591965,0.05774124711751938,0.058976899832487106,0.04495515301823616,0.691801130771637,0.024841492995619774
2024-03-24 14:51:47,현장리포팅 ㅋㅋㅋㅋㅋ 섹스,ㅅㅅ,After Lap,,현장리포팅 ㅋㅋㅋㅋㅋ 섹스 ㅅㅅ,현장리포팅 ㅋㅋㅋㅋㅋ 섹스 ㅅㅅ,0.1062517911195755,0.06257355958223343,0.05229268595576286,0.035418156534433365,0.7195420861244202,0.023921716958284378
2024-03-24 14:52:00,스즈카 가고 싶어지네,엄ㅋㅋ,After Lap,,스즈카 가고 싶어지네 엄ㅋㅋ,스즈카 가고 싶어지네 엄ㅋㅋ,0.12696878612041473,0.08756184577941895,0.05515909194946289,0.033163633197546005,0.6680153608322144,0.029131265357136726
2024-03-24 14:52:07,쿠플 PD 법카로 일본여행 ㅋㅋㅋㅋㅋㅋㅋㅋㅋㅋㅋㅋㅋㅋㅋㅋㅋㅋㅋㅋㅋㅋㅋㅋㅋ,ㅋㅋ,After Lap,,쿠플 PD 법카로 일본여행 ㅋㅋㅋㅋㅋㅋㅋㅋㅋㅋㅋㅋㅋㅋㅋㅋㅋㅋㅋㅋㅋㅋㅋㅋㅋ ㅋㅋ,쿠플 PD 법카로 일본여행 ㅋㅋㅋㅋㅋㅋㅋㅋㅋㅋㅋㅋㅋㅋㅋㅋㅋㅋㅋㅋㅋㅋㅋㅋㅋ ㅋㅋ,0.12462764233350754,0.07100555300712585,0.0737285390496254,0.041336316615343094,0.664371907711029,0.024930033832788467
2024-03-24 14:52:08,잉 땜빵이형 안간다는데,그럼 뭐임,After Lap,,잉 땜빵이형 안간다는데 그럼 뭐임,잉 땜빵이형 안간다는데 그럼 뭐임,0.26750239729881287,0.29195937514305115,0.1261119246482849,0.08484064042568207,0.1160043254494667,0.11358141899108887
2024-03-24 14:52:10,양키들 새벽에 볼 준비나해라 ㅋㅋ,,After Lap,,양키들 새벽에 볼 준비나해라 ㅋㅋ ,양키들 새벽에 볼 준비나해라 ㅋㅋ,0.14729191362857819,0.09150272607803345,0.08930035680532455,0.04959404468536377,0.5869066119194031,0.035404328256845474
2024-03-24 14:52:14,"""올려""",- dc official App,After Lap,,"""올려"" - dc official App","""올려"" - dc official App",0.19467350840568542,0.1926029771566391,0.08664368093013763,0.05269536375999451,0.43443405628204346,0.038950446993112564
2024-03-24 14:52:16,시간대 좋네,"개나이승
ㅋㅋㅋㅋ",After Lap,,"시간대 좋네 개나이승
ㅋㅋㅋㅋ",시간대 좋네 개나이승 ㅋㅋㅋㅋ,0.11120615899562836,0.069512739777565,0.05006571114063263,0.031196678057312965,0.7114015221595764,0.026617150753736496
2024-03-24 14:52:21,막스는 걍 재미가없음,"사인츠는 노래부르고 난리나는데 막스 이새끼는
Haha, lovely
이게 다임 개씹 노잼년",After Lap,,"막스는 걍 재미가없음 사인츠는 노래부르고 난리나는데 막스 이새끼는
Haha, lovely
이게 다임 개씹 노잼년","막스는 걍 재미가없음 사인츠는 노래부르고 난리나는데 막스 이새끼는 Haha, lovely 이게 다임 개씹 노잼년",0.26026806235313416,0.1626686155796051,0.24209965765476227,0.17011001706123352,0.10249978303909302,0.062353938817977905
2024-03-24 14:52:24,스즈카 직관 경비 얼마나 들라나 아시는 분,,After Lap,,스즈카 직관 경비 얼마나 들라나 아시는 분 ,스즈카 직관 경비 얼마나 들라나 아시는 분,0.2191682904958725,0.3029409348964691,0.08384381979703903,0.05275537818670273,0.2587110996246338,0.08258050680160522
2024-03-24 14:52:25,내가 계약서 태울려고 라이터 찾고있는 바수르면 ㄱㅊ ㅋㅋㅋㅋㅋㅋ,환불 없다 이거야 ㅋㅋㅋㅋㅋㅋㅋ,After Lap,,내가 계약서 태울려고 라이터 찾고있는 바수르면 ㄱㅊ ㅋㅋㅋㅋㅋㅋ 환불 없다 이거야 ㅋㅋㅋㅋㅋㅋㅋ,내가 계약서 태울려고 라이터 찾고있는 바수르면 ㄱㅊ ㅋㅋㅋㅋㅋㅋ 환불 없다 이거야 ㅋㅋㅋㅋㅋㅋㅋ,0.1425604373216629,0.07740142941474915,0.08900599181652069,0.05667952820658684,0.6002255082130432,0.03412698209285736
2024-03-24 14:52:34,누가가노??,어디 보지년가는거아니노,After Lap,,누가가노?? 어디 보지년가는거아니노,누가가노?? 어디 보지년가는거아니노,0.20808753371238708,0.3417389988899231,0.13074955344200134,0.09105618298053741,0.10932742059230804,0.11904031038284302
2024-03-24 14:52:38,새벽에 안보니까 존나 좋네 ㅎㅎ,ㅎㅎㅎ,After Lap,,새벽에 안보니까 존나 좋네 ㅎㅎ ㅎㅎㅎ,새벽에 안보니까 존나 좋네 ㅎㅎ ㅎㅎㅎ,0.11510755866765976,0.05986761301755905,0.06458988040685654,0.048113033175468445,0.6870545744895935,0.02526737190783024
2024-03-24 14:52:48,다음주에는 레이스가 없다고????,난데????,After Lap,,다음주에는 레이스가 없다고???? 난데????,다음주에는 레이스가 없다고???? 난데????,0.28083887696266174,0.2790312170982361,0.12667369842529297,0.08906429260969162,0.11198234558105469,0.11240953952074051
2024-03-24 14:52:57,레드뷸은 식민지 출신은 보내주고 주인님으로 가자,럭키 가슬리 좆같네 진짜,After Lap,,레드뷸은 식민지 출신은 보내주고 주인님으로 가자 럭키 가슬리 좆같네 진짜,레드뷸은 식민지 출신은 보내주고 주인님으로 가자 럭키 가슬리 좆같네 진짜,0.17206096649169922,0.13958704471588135,0.311018168926239,0.20162604749202728,0.11348646134138107,0.062221236526966095
2024-03-24 14:53:16,스즈카 표 지금도살수있음??,ㅇㅇ,After Lap,,스즈카 표 지금도살수있음?? ㅇㅇ,스즈카 표 지금도살수있음?? ㅇㅇ,0.20464058220386505,0.2311962991952896,0.07560064643621445,0.04400014504790306,0.3762398064136505,0.06832247227430344
2024-03-24 14:53:22,아아..씨발..,"씹새키들ㅋㅋㅋ
- dc official App",After Lap,,"아아..씨발.. 씹새키들ㅋㅋㅋ
- dc official App",아아..씨발.. 씹새키들ㅋㅋㅋ,0.17738685011863708,0.11668054014444351,0.3388010263442993,0.19172753393650055,0.12882883846759796,0.046575214713811874
2024-03-24 14:53:31,호주에서 일본이면 1주만에 옮길만하지 않나,아오 빨리 옮기라고 ㅋㅋ,After Lap,,호주에서 일본이면 1주만에 옮길만하지 않나 아오 빨리 옮기라고 ㅋㅋ,호주에서 일본이면 1주만에 옮길만하지 않나 아오 빨리 옮기라고 ㅋㅋ,0.27258098125457764,0.14296041429042816,0.21965348720550537,0.14969314634799957,0.13292738795280457,0.08218461275100708
2024-03-24 14:53:37,다음경기는 직접 가서 본다고 생각하니까 못참겠다,제발 오늘같은 유잼경기,After Lap,,다음경기는 직접 가서 본다고 생각하니까 못참겠다 제발 오늘같은 유잼경기,다음경기는 직접 가서 본다고 생각하니까 못참겠다 제발 오늘같은 유잼경기,0.162013441324234,0.07837869971990585,0.07004228979349136,0.0521676205098629,0.5988757014274597,0.038522202521562576
2024-03-24 14:53:52,현재 엪갤 P3,"티포시의 주말 화력 ㄷㄷ
- dc official App",After Lap,,"현재 엪갤 P3 티포시의 주말 화력 ㄷㄷ
- dc official App",현재 엪갤 P3 티포시의 주말 화력 ㄷㄷ,0.20774555206298828,0.3104479908943176,0.10190510749816895,0.04400396719574928,0.23125432431697845,0.10464301705360413
2024-03-24 14:53:53,오 사인츠가 ^손흥민은영원히못하는거^ 했네,ㅅㅅㅅㅅㅅㅅㅅㅅ,After Lap,,오 사인츠가 ^손흥민은영원히못하는거^ 했네 ㅅㅅㅅㅅㅅㅅㅅㅅ,오 사인츠가 ^손흥민은영원히못하는거^ 했네 ㅅㅅㅅㅅㅅㅅㅅㅅ,0.13099583983421326,0.07333755493164062,0.05396343395113945,0.04047420620918274,0.6636050939559937,0.03762388601899147
2024-03-24 14:53:54,현장리포팅=잼버리,안캐 벛꽃여행 ㅋㅋㅋㅋ,After Lap,,현장리포팅=잼버리 안캐 벛꽃여행 ㅋㅋㅋㅋ,현장리포팅=잼버리 안캐 벛꽃여행 ㅋㅋㅋㅋ,0.1226256713271141,0.09142279624938965,0.05743806064128876,0.031002411618828773,0.6713370084762573,0.02617408148944378
2024-03-24 14:54:05,물탕이의 위닝카 스멜력은 goat,Good,After Lap,,물탕이의 위닝카 스멜력은 goat Good,물탕이의 위닝카 스멜력은 goat Good,0.14089219272136688,0.09899036586284637,0.059108980000019073,0.032247934490442276,0.63124018907547,0.03752031549811363
2024-03-24 14:54:07,츠노다 홈에서 포인트 따나?,"어제
퀄리랑
오늘
잘
타던데",After Lap,,"츠노다 홈에서 포인트 따나? 어제
퀄리랑
오늘
잘
타던데",츠노다 홈에서 포인트 따나? 어제 퀄리랑 오늘 잘 타던데,0.233626127243042,0.23953017592430115,0.08106075972318649,0.045913487672805786,0.32613885402679443,0.07373062521219254
2024-03-24 14:54:36,아근데 지금시점 일본여행은 ㄹㅇ 마렵네,체리블라썸 레이싱 ㄷㄷ,After Lap,,아근데 지금시점 일본여행은 ㄹㅇ 마렵네 체리블라썸 레이싱 ㄷㄷ,아근데 지금시점 일본여행은 ㄹㅇ 마렵네 체리블라썸 레이싱 ㄷㄷ,0.2839639186859131,0.1534852534532547,0.17305877804756165,0.12311379611492157,0.1733342707157135,0.09304395318031311
2024-03-24 14:54:46,근데 사이드팟 구멍에 들어간 공기는 어디로감?,엔진 공랭으로 식히나?,After Lap,,근데 사이드팟 구멍에 들어간 공기는 어디로감? 엔진 공랭으로 식히나?,근데 사이드팟 구멍에 들어간 공기는 어디로감? 엔진 공랭으로 식히나?,0.22153569757938385,0.34709474444389343,0.12285751104354858,0.09543496370315552,0.12074451893568039,0.0923326164484024
2024-03-24 14:54:51,아 근데 현장리포팅이랑 현장중계랑 다른거아닌가,저번에 어디도 현장리포팅한다고 형진햄만 갔던걸로 기억하는데,After Lap,,아 근데 현장리포팅이랑 현장중계랑 다른거아닌가 저번에 어디도 현장리포팅한다고 형진햄만 갔던걸로 기억하는데,아 근데 현장리포팅이랑 현장중계랑 다른거아닌가 저번에 어디도 현장리포팅한다고 형진햄만 갔던걸로 기억하는데,0.2781578302383423,0.2986104488372803,0.1257546842098236,0.10510282963514328,0.11169031262397766,0.0806838646531105
2024-03-24 14:54:54,막스 브레이크 불 안났으면 몇위했을까,그래도 넉넉하게 1위 했으려나,After Lap,,막스 브레이크 불 안났으면 몇위했을까 그래도 넉넉하게 1위 했으려나,막스 브레이크 불 안났으면 몇위했을까 그래도 넉넉하게 1위 했으려나,0.25856518745422363,0.30782729387283325,0.11078298091888428,0.09023735672235489,0.10641235113143921,0.12617485225200653
2024-03-24 14:55:08,이제 땜빵좌가 고정좌가 되버려서,현장 리포팅 안뛰나보네 ㅋㅋㅋ,After Lap,,이제 땜빵좌가 고정좌가 되버려서 현장 리포팅 안뛰나보네 ㅋㅋㅋ,이제 땜빵좌가 고정좌가 되버려서 현장 리포팅 안뛰나보네 ㅋㅋㅋ,0.31291475892066956,0.27342599630355835,0.12237362563610077,0.07434611767530441,0.09579682350158691,0.12114275991916656
2024-03-24 14:55:14,일본 보러 가고 싶은데 이사가는주라 눈치보여서 갈수가없네 ㅋㅋㅋㅋㅋ,하아,After Lap,,일본 보러 가고 싶은데 이사가는주라 눈치보여서 갈수가없네 ㅋㅋㅋㅋㅋ 하아,일본 보러 가고 싶은데 이사가는주라 눈치보여서 갈수가없네 ㅋㅋㅋㅋㅋ 하아,0.30630332231521606,0.10933893918991089,0.17526286840438843,0.18270637094974518,0.15206149220466614,0.0743270218372345
2024-03-24 14:55:18,"""기습병신""",- dc official App,After Lap,,"""기습병신"" - dc official App","""기습병신"" - dc official App",0.19553729891777039,0.2134903371334076,0.0953112244606018,0.05433681607246399,0.402847558259964,0.03847678005695343
2024-03-24 14:55:33,"""올려""",멜세 병신들아 걸고 올리라고,After Lap,,"""올려"" 멜세 병신들아 걸고 올리라고","""올려"" 멜세 병신들아 걸고 올리라고",0.24276967346668243,0.1440499722957611,0.25406354665756226,0.17502957582473755,0.1462874561548233,0.03779973089694977
2024-03-24 14:55:38,스즈카 예전처럼 9월에 하지 왜 4월로 옮김...,"AI 이미지가 생성되었습니다.
새로고침(F5) 해 주세요.
직장인이 4월에 일본을 어케 가냐고",After Lap,,"스즈카 예전처럼 9월에 하지 왜 4월로 옮김... AI 이미지가 생성되었습니다.
새로고침(F5) 해 주세요.
직장인이 4월에 일본을 어케 가냐고",스즈카 예전처럼 9월에 하지 왜 4월로 옮김... AI 이미지가 생성되었습니다. 새로고침(F5) 해 주세요. 직장인이 4월에 일본을 어케 가냐고,0.3434280455112457,0.1861739456653595,0.17550885677337646,0.14657989144325256,0.0767684131860733,0.07154085487127304
2024-03-24 14:55:52,리카도가 내년에 살아남을 유일한 경우의 수,잘가라 유키,After Lap,,리카도가 내년에 살아남을 유일한 경우의 수 잘가라 유키,리카도가 내년에 살아남을 유일한 경우의 수 잘가라 유키,0.25807908177375793,0.17949031293392181,0.09797127544879913,0.10628873854875565,0.2565991282463074,0.10157150775194168
2024-03-24 14:56:10,"최고의 팀 페라리, GOAT면 개추",,After Lap,,"최고의 팀 페라리, GOAT면 개추 ","최고의 팀 페라리, GOAT면 개추",0.12181281298398972,0.0684719979763031,0.04971321299672127,0.03690556809306145,0.6928544044494629,0.030242035165429115
2024-03-24 14:56:42,???: 내가 우승을 8번이나 했다니까?,??: 알았으니까 그만 하시고 약드세요 할아버지,After Lap,,???: 내가 우승을 8번이나 했다니까? ??: 알았으니까 그만 하시고 약드세요 할아버지,???: 내가 우승을 8번이나 했다니까? ??: 알았으니까 그만 하시고 약드세요 할아버지,0.22177566587924957,0.2051326185464859,0.231944739818573,0.14172625541687012,0.08206119388341904,0.11735955625772476
2024-03-24 14:56:51,병신 오늘 차 보면 페라리가 레드불 따라잡은거같은데?,몽골 리타 안했어도 페라리가 비벼보긴 했을듯?,After Lap,,병신 오늘 차 보면 페라리가 레드불 따라잡은거같은데? 몽골 리타 안했어도 페라리가 비벼보긴 했을듯?,병신 오늘 차 보면 페라리가 레드불 따라잡은거같은데? 몽골 리타 안했어도 페라리가 비벼보긴 했을듯?,0.21401579678058624,0.33552828431129456,0.11351118236780167,0.04997662454843521,0.15445931255817413,0.132508784532547
2024-03-24 14:56:51,르끌이 왜 페라리 퍼스트인지 보여준 레이스였음,"르끌 - 5위 스타트 해서 2위까지 올라가고 극한의 타이어 관리로
사인스 1초까지 따라잡음
사인스 - 2위로 시작했는데 막스 스스로 무너져서 1등됨
혼자 달리는데도 타이어 관리 르끌보다 못 해서 타이어 씹창나고
한 랩 한 랩 달릴 때마다 르끌이랑 격차 계속 좁혀짐
ㅂㅂㅂㄱ ㅇㄱㄹㅇ",After Lap,,"르끌이 왜 페라리 퍼스트인지 보여준 레이스였음 르끌 - 5위 스타트 해서 2위까지 올라가고 극한의 타이어 관리로
사인스 1초까지 따라잡음
사인스 - 2위로 시작했는데 막스 스스로 무너져서 1등됨
혼자 달리는데도 타이어 관리 르끌보다 못 해서 타이어 씹창나고
한 랩 한 랩 달릴 때마다 르끌이랑 격차 계속 좁혀짐
ㅂㅂㅂㄱ ㅇㄱㄹㅇ",르끌이 왜 페라리 퍼스트인지 보여준 레이스였음 르끌 - 5위 스타트 해서 2위까지 올라가고 극한의 타이어 관리로 사인스 1초까지 따라잡음 사인스 - 2위로 시작했는데 막스 스스로 무너져서 1등됨 혼자 달리는데도 타이어 관리 르끌보다 못 해서 타이어 씹창나고 한 랩 한 랩 달릴 때마다 르끌이랑 격차 계속 좁혀짐 ㅂㅂㅂㄱ ㅇㄱㄹㅇ,0.24377398192882538,0.26084792613983154,0.13400940597057343,0.10329669713973999,0.12708614766597748,0.13098585605621338
2024-03-24 14:57:04,해밀턴한테 선물하고 싶은게 생겼는데,어디로 보내면 되냐?,After Lap,,해밀턴한테 선물하고 싶은게 생겼는데 어디로 보내면 되냐?,해밀턴한테 선물하고 싶은게 생겼는데 어디로 보내면 되냐?,0.21380658447742462,0.21266412734985352,0.07620332390069962,0.05518252030014992,0.3690900504589081,0.07305332273244858
2024-03-24 14:57:11,티포시 념글 가능하냐?,- dc official App,After Lap,,티포시 념글 가능하냐? - dc official App,티포시 념글 가능하냐? - dc official App,0.19710734486579895,0.26187342405319214,0.08821194618940353,0.044724464416503906,0.34917953610420227,0.05890335515141487
2024-03-24 14:57:37,오늘 경기보고 스즈카 직관 마려워지네,가고싶네 ㄹㅇ,After Lap,,오늘 경기보고 스즈카 직관 마려워지네 가고싶네 ㄹㅇ,오늘 경기보고 스즈카 직관 마려워지네 가고싶네 ㄹㅇ,0.19722899794578552,0.16948144137859344,0.07741226255893707,0.0448380671441555,0.45061194896698,0.06042725592851639
2024-03-24 14:58:21,누가 경기결과 안 올리냐?,념글에 없노,After Lap,,누가 경기결과 안 올리냐? 념글에 없노,누가 경기결과 안 올리냐? 념글에 없노,0.35000893473625183,0.1924210637807846,0.14799124002456665,0.16076244413852692,0.09714624285697937,0.051670003682374954
2024-03-24 14:58:53,"""고객님 죄송한데 구매 후 환불은 어려우세요.""","""고객님 맞으실래요?""",After Lap,,"""고객님 죄송한데 구매 후 환불은 어려우세요."" ""고객님 맞으실래요?""","""고객님 죄송한데 구매 후 환불은 어려우세요."" ""고객님 맞으실래요?""",0.2984852194786072,0.23895439505577087,0.1286887228488922,0.14822383224964142,0.11269936710596085,0.07294847816228867
2024-03-24 14:58:54,알론소 인베,,After Lap,,알론소 인베 ,알론소 인베,0.20303300023078918,0.2860695719718933,0.14993155002593994,0.07022584974765778,0.22572548687458038,0.06501450389623642
2024-03-24 14:59:17,"""올려""",최고의 대륙,After Lap,,"""올려"" 최고의 대륙","""올려"" 최고의 대륙",0.12882621586322784,0.07365743815898895,0.06661517918109894,0.0560152530670166,0.6439104080200195,0.03097551502287388
2024-03-24 14:59:34,호주 GP 결과,"막
햄
러",After Lap,,"호주 GP 결과 막
햄
러",호주 GP 결과 막 햄 러,0.1347975879907608,0.08000941574573517,0.05340093746781349,0.03874491527676582,0.6628796458244324,0.030167503282427788
2024-03-24 14:59:48,존나 재밌게봐서 행복하다 ㅎㅎ,몽골 좀 꺼져 씨발아,After Lap,,존나 재밌게봐서 행복하다 ㅎㅎ 몽골 좀 꺼져 씨발아,존나 재밌게봐서 행복하다 ㅎㅎ 몽골 좀 꺼져 씨발아,0.16932328045368195,0.08860063552856445,0.20063239336013794,0.1411215364933014,0.3598996102809906,0.04042249917984009
2024-03-24 14:59:57,호주 그랑프리는 다들 재밌으셨나요?,"다음 일본 그랑프리는 레드불의 업데이트가 예정되어 있습니다
https://www.autosport.com/f1/news/red-bull-set-to-unleash-more-extreme-mercedes-style-f1-sidepod/10576566/
Red Bull set to unleash more extreme Mercedes-style F1 sidepod
Red Bull set to unleash more extreme Mercedes-style F1 sidepod
www.autosport.com",After Lap,,"호주 그랑프리는 다들 재밌으셨나요? 다음 일본 그랑프리는 레드불의 업데이트가 예정되어 있습니다
https://www.autosport.com/f1/news/red-bull-set-to-unleash-more-extreme-mercedes-style-f1-sidepod/10576566/
Red Bull set to unleash more extreme Mercedes-style F1 sidepod
Red Bull set to unleash more extreme Mercedes-style F1 sidepod
www.autosport.com",호주 그랑프리는 다들 재밌으셨나요? 다음 일본 그랑프리는 레드불의 업데이트가 예정되어 있습니다 Red Bull set to unleash more extreme Mercedes-style F1 sidepod Red Bull set to unleash more extreme Mercedes-style F1 sidepod,0.17345795035362244,0.14252479374408722,0.08348105102777481,0.04641653224825859,0.5231544971466064,0.030965134501457214
